ts,kv_cache_usage_perc,num_requests_running,num_requests_waiting,num_preemptions_total,cum_prefix_cache_queries,cum_prefix_cache_hits,interval_queries,interval_hits,interval_hit_rate
1789922458.4,0.0,0.0,0.0,153.0,3442672947,1679188800,0,0,
1789922460.6,0.0,0.0,0.0,153.0,3442672947,1679188800,0,0,
1789922462.7,0.0,0.0,0.0,153.0,3442672947,1679188800,0,0,
1789922464.8,0.0,0.0,0.0,153.0,3442672947,1679188800,0,0,
1789922466.9,0.0,0.0,0.0,153.0,3442672947,1679188800,0,0,
1789922469.0,0.0,0.0,0.0,153.0,3442672947,1679188800,0,0,
1789922471.0,0.0,0.0,0.0,153.0,3442672947,1679188800,0,0,
1789922473.1,0.0,0.0,0.0,153.0,3442672947,1679188800,0,0,
1789922475.2,0.0,0.0,0.0,153.0,3442672947,1679188800,0,0,
1789922477.3,0.0,0.0,0.0,153.0,3442672947,1679188800,0,0,
1789922479.3,0.0,0.0,0.0,153.0,3442672947,1679188800,0,0,
1789922481.4,0.0,0.0,0.0,153.0,3442672947,1679188800,0,0,
1789922483.5,0.0,0.0,0.0,153.0,3442672947,1679188800,0,0,
1789922485.5,0.0,0.0,0.0,153.0,3442672947,1679188800,0,0,
1789922487.6,0.0,0.0,0.0,153.0,3442672947,1679188800,0,0,
1789922489.7,0.0,0.0,0.0,153.0,3442672947,1679188800,0,0,
1789922491.7,0.0,0.0,0.0,153.0,3442672947,1679188800,0,0,
1789922493.8,0.0,0.0,0.0,153.0,3442672947,1679188800,0,0,
1789922495.9,0.0,0.0,0.0,153.0,3442672947,1679188800,0,0,
1789922497.9,0.0,0.0,0.0,153.0,3442672947,1679188800,0,0,
1789922500.0,0.0,0.0,0.0,153.0,3442672947,1679188800,0,0,
1789922502.1,0.0,0.0,0.0,153.0,3442672947,1679188800,0,0,
1789922504.1,0.0,0.0,0.0,153.0,3442672947,1679188800,0,0,
1789922506.2,0.0,0.0,0.0,153.0,3442672947,1679188800,0,0,
1789922508.3,0.0,0.0,0.0,153.0,3442672947,1679188800,0,0,
1789922510.3,0.0,0.0,0.0,153.0,3442672947,1679188800,0,0,
1789922512.4,0.0,0.0,0.0,153.0,3442672947,1679188800,0,0,
1789922514.5,0.0,0.0,0.0,153.0,3442672947,1679188800,0,0,
1789922516.5,0.0,0.0,0.0,153.0,3442672947,1679188800,0,0,
1789922518.6,0.0,0.0,0.0,153.0,3442672947,1679188800,0,0,
1789922520.7,0.0,0.0,0.0,153.0,3442672947,1679188800,0,0,
1789922522.7,0.0,0.0,0.0,153.0,3442672947,1679188800,0,0,
1789922524.9,0.0,0.0,0.0,153.0,3442672947,1679188800,0,0,
1789922526.9,0.0,0.0,0.0,153.0,3442672947,1679188800,0,0,
1789922529.0,0.0,0.0,0.0,153.0,3442672947,1679188800,0,0,
1789922531.2,0.0,0.0,0.0,153.0,3442672947,1679188800,0,0,
1789922533.2,0.0,0.0,0.0,153.0,3442672947,1679188800,0,0,
1789922535.3,0.0,0.0,0.0,153.0,3442672947,1679188800,0,0,
1789922537.4,0.0,0.0,0.0,153.0,3442672947,1679188800,0,0,
1789922539.5,0.0,0.0,0.0,153.0,3442672947,1679188800,0,0,
1789922541.6,0.0,0.0,0.0,153.0,3442672947,1679188800,0,0,
1789922543.7,0.0,0.0,0.0,153.0,3442672947,1679188800,0,0,
1789922545.8,0.0,0.0,0.0,153.0,3442672947,1679188800,0,0,
1789922547.9,0.0,0.0,0.0,153.0,3442672947,1679188800,0,0,
1789922549.9,0.0,0.0,0.0,153.0,3442672947,1679188800,0,0,
1789922552.0,0.0,0.0,0.0,153.0,3442672947,1679188800,0,0,
1789922554.1,0.0,0.0,0.0,153.0,3442672947,1679188800,0,0,
1789922556.2,0.0,0.0,0.0,153.0,3442672947,1679188800,0,0,
1789922558.3,0.0,0.0,0.0,153.0,3442672947,1679188800,0,0,
1789922560.4,0.0,0.0,0.0,153.0,3442672947,1679188800,0,0,
1789922562.4,0.0,0.0,0.0,153.0,3442672947,1679188800,0,0,
1789922564.5,0.0,0.0,0.0,153.0,3442672947,1679188800,0,0,
1789922566.6,0.0,0.0,0.0,153.0,3442672947,1679188800,0,0,
1789922568.7,0.0,0.0,0.0,153.0,3442672947,1679188800,0,0,
1789922570.8,0.0,0.0,0.0,153.0,3442672947,1679188800,0,0,
1789922572.9,0.0,0.0,0.0,153.0,3442672947,1679188800,0,0,
1789922575.0,0.0,0.0,0.0,153.0,3442672947,1679188800,0,0,
1789922577.1,0.0,0.0,0.0,153.0,3442672947,1679188800,0,0,
1789922579.2,0.0,0.0,0.0,153.0,3442672947,1679188800,0,0,
1789922581.2,0.0,0.0,0.0,153.0,3442672947,1679188800,0,0,
1789922583.3,0.0,0.0,0.0,153.0,3442672947,1679188800,0,0,
1789922585.4,0.0,0.0,0.0,153.0,3442672947,1679188800,0,0,
1789922587.5,0.0,0.0,0.0,153.0,3442672947,1679188800,0,0,
1789922589.6,0.0,0.0,0.0,153.0,3442672947,1679188800,0,0,
1789922591.7,0.0,0.0,0.0,153.0,3442672947,1679188800,0,0,
1789922593.8,0.0,0.0,0.0,153.0,3442672947,1679188800,0,0,
1789922595.9,0.0,0.0,0.0,153.0,3442672947,1679188800,0,0,
1789922598.0,0.0,0.0,0.0,153.0,3442672947,1679188800,0,0,
1789922600.1,0.0,0.0,0.0,153.0,3442672947,1679188800,0,0,
1789922602.1,0.0,0.0,0.0,153.0,3442672947,1679188800,0,0,
1789922604.2,0.0,0.0,0.0,153.0,3442672947,1679188800,0,0,
1789922606.3,0.0,0.0,0.0,153.0,3442672947,1679188800,0,0,
1789922608.4,0.0,0.0,0.0,153.0,3442672947,1679188800,0,0,
1789922610.5,0.0,0.0,0.0,153.0,3442672947,1679188800,0,0,
1789922612.6,0.0,0.0,0.0,153.0,3442672947,1679188800,0,0,
1789922614.7,0.0,0.0,0.0,153.0,3442672947,1679188800,0,0,
1789922616.8,0.0,0.0,0.0,153.0,3442672947,1679188800,0,0,
1789922618.8,0.0,0.0,0.0,153.0,3442672947,1679188800,0,0,
1789922620.9,0.0,0.0,0.0,153.0,3442672947,1679188800,0,0,
1789922623.0,0.0,0.0,0.0,153.0,3442672947,1679188800,0,0,
1789922625.1,0.0,0.0,0.0,153.0,3442672947,1679188800,0,0,
1789922627.2,0.0,0.0,0.0,153.0,3442672947,1679188800,0,0,
1789922629.3,0.0,0.0,0.0,153.0,3442672947,1679188800,0,0,
1789922631.3,0.0,0.0,0.0,153.0,3442672947,1679188800,0,0,
1789922633.4,0.0,0.0,0.0,153.0,3442672947,1679188800,0,0,
1789922635.5,0.0,0.0,0.0,153.0,3442672947,1679188800,0,0,
1789922637.6,0.0,0.0,0.0,153.0,3442672947,1679188800,0,0,
1789922639.7,0.0,0.0,0.0,153.0,3442672947,1679188800,0,0,
1789922641.8,0.0,0.0,0.0,153.0,3442672947,1679188800,0,0,
1789922643.9,0.0,0.0,0.0,153.0,3442672947,1679188800,0,0,
1789922646.0,0.0,0.0,0.0,153.0,3442672947,1679188800,0,0,
1789922648.1,0.0,0.0,0.0,153.0,3442672947,1679188800,0,0,
1789922650.1,0.0,0.0,0.0,153.0,3442672947,1679188800,0,0,
1789922652.2,0.0,0.0,0.0,153.0,3442672947,1679188800,0,0,
1789922654.3,0.0,0.0,0.0,153.0,3442672947,1679188800,0,0,
1789922656.4,0.0,0.0,0.0,153.0,3442672947,1679188800,0,0,
1789922658.5,0.0,0.0,0.0,153.0,3442672947,1679188800,0,0,
1789922660.6,0.0,0.0,0.0,153.0,3442672947,1679188800,0,0,
1789922662.7,0.0,0.0,0.0,153.0,3442672947,1679188800,0,0,
1789922664.8,0.0,0.0,0.0,153.0,3442672947,1679188800,0,0,
1789922666.9,0.0,0.0,0.0,153.0,3442672947,1679188800,0,0,
1789922669.0,0.0,0.0,0.0,153.0,3442672947,1679188800,0,0,
1789922671.1,0.0,0.0,0.0,153.0,3442672947,1679188800,0,0,
1789922673.1,0.0,0.0,0.0,153.0,3442672947,1679188800,0,0,
1789922675.2,0.0,0.0,0.0,153.0,3442672947,1679188800,0,0,
1789922677.3,0.0,0.0,0.0,153.0,3442672947,1679188800,0,0,
1789922679.4,0.0,0.0,0.0,153.0,3442672947,1679188800,0,0,
1789922681.4,0.0,0.0,0.0,153.0,3442672947,1679188800,0,0,
1789922683.5,0.026005979372594967,4.0,0.0,153.0,3442764082,1679188800,91135,0,0.0
1789922685.7,0.05829173044187275,3.0,0.0,153.0,3442825614,1679188800,61532,0,0.0
1789922688.0,0.08569957228889813,4.0,2.0,153.0,3442886901,1679188800,61287,0,0.0
1789922690.3,0.11866479751670078,5.0,3.0,153.0,3443047662,1679188800,160761,0,0.0
1789922692.7,0.13696053327992908,5.0,3.0,153.0,3443047662,1679188800,0,0,
1789922695.0,0.15160856566581316,5.0,3.0,153.0,3443047662,1679188800,0,0,
1789922697.3,0.16261604703391652,5.0,9.0,153.0,3443047662,1679188800,0,0,
1789922699.6,0.1882357989900868,8.0,6.0,153.0,3443106792,1679188800,59130,0,0.0
1789922701.9,0.2285679545682121,14.0,8.0,153.0,3443234704,1679188800,127912,0,0.0
1789922704.0,0.246670576623228,13.0,8.0,153.0,3443234704,1679188800,0,0,
1789922706.2,0.275759222967657,14.0,6.0,153.0,3443304504,1679188800,69800,0,0.0
1789922708.4,0.3154262091063842,15.0,4.0,153.0,3443398456,1679188800,93952,0,0.0
1789922710.6,0.34735434219749095,16.0,3.0,153.0,3443462545,1679188800,64089,0,0.0
1789922712.8,0.3874433175504599,21.0,1.0,153.0,3443567590,1679188800,105045,0,0.0
1789922715.0,0.4193285364841861,22.0,0.0,153.0,3443646732,1679188800,79142,0,0.0
1789922717.2,0.4594103594775917,23.0,0.0,153.0,3443775869,1679188800,129137,0,0.0
1789922719.3,0.48118214198864206,22.0,2.0,153.0,3443775869,1679188800,0,0,
1789922721.4,0.5031684952865951,24.0,0.0,153.0,3443821628,1679188800,45759,0,0.0
1789922723.5,0.45549086643683756,22.0,0.0,153.0,3443821628,1679188800,0,0,
1789922725.6,0.45089189923755846,21.0,0.0,153.0,3443884679,1679250144,63051,61344,0.9729
1789922727.8,0.4131703549000816,18.0,0.0,153.0,3443935907,1679300880,51228,50736,0.9904
1789922729.9,0.43796043314689515,20.0,0.0,153.0,3444067175,1679429248,131268,128368,0.9779
1789922732.0,0.4487748008067861,21.0,0.0,153.0,3444226410,1679577776,159235,148528,0.9328
1789922734.2,0.4275036834651752,19.0,0.0,153.0,3444312014,1679656224,85604,78448,0.9164
1789922736.3,0.4563205401461943,20.0,0.0,153.0,3444453747,1679772048,141733,115824,0.8172
1789922738.4,0.45607735992103793,21.0,0.0,153.0,3444524128,1679797696,70381,25648,0.3644
1789922740.6,0.4681147810662738,22.0,0.0,153.0,3444791029,1680061312,266901,263616,0.9877
1789922742.7,0.4519003819360007,22.0,0.0,153.0,3444944477,1680187952,153448,126640,0.8253
1789922744.9,0.4847940835681691,23.0,0.0,153.0,3445147469,1680353472,202992,165520,0.8154
1789922747.0,0.4437395396741385,22.0,0.0,153.0,3445213780,1680414368,66311,60896,0.9183
1789922749.1,0.41618149827628137,21.0,1.0,153.0,3445283316,1680433744,69536,19376,0.2786
1789922751.3,0.44658617878037965,22.0,0.0,153.0,3445393937,1680538320,110621,104576,0.9454
1789922753.4,0.5469409358147252,25.0,0.0,153.0,3445669665,1680785680,275728,247360,0.8971
1789922755.6,0.4881914543607936,23.0,0.0,153.0,3445806984,1680916608,137319,130928,0.9535
1789922757.7,0.46382336532822177,22.0,0.0,153.0,3445853294,1680962656,46310,46048,0.9943
1789922759.9,0.3606362739067619,17.0,0.0,153.0,3445983726,1681085024,130432,122368,0.9382
1789922762.1,0.42735348391434336,21.0,1.0,153.0,3446146186,1681172304,162460,87280,0.5372
1789922764.2,0.544552047720543,25.0,0.0,153.0,3446401846,1681422496,255660,250192,0.9786
1789922766.4,0.5149698885662379,23.0,0.0,153.0,3446562833,1681574816,160987,152320,0.9462
1789922768.6,0.4651751612857081,21.0,0.0,153.0,3446594792,1681606368,31959,31552,0.9873
1789922770.7,0.5214141645328794,23.0,0.0,153.0,3446946261,1681949664,351469,343296,0.9767
1789922772.9,0.5072811020355615,22.0,0.0,153.0,3447070207,1682056000,123946,106336,0.8579
1789922775.1,0.4935414193142318,21.0,0.0,153.0,3447256796,1682226592,186589,170592,0.9143
1789922777.2,0.5312987254495258,23.0,0.0,153.0,3447372239,1682338384,115443,111792,0.9684
1789922779.3,0.49225399459281616,22.0,1.0,153.0,3447468655,1682378912,96416,40528,0.4203
1789922781.4,0.5265638634185418,23.0,0.0,153.0,3447863134,1682767216,394479,388304,0.9843
1789922783.6,0.541297724119187,23.0,0.0,153.0,3448058309,1682960240,195175,193024,0.989
1789922785.7,0.5779750239604045,25.0,0.0,153.0,3448350503,1683245360,292194,285120,0.9758
1789922787.9,0.5918434491538759,25.0,0.0,153.0,3448513705,1683404656,163202,159296,0.9761
1789922790.0,0.6156465017809376,26.0,0.0,153.0,3448685488,1683559136,171783,154480,0.8993
1789922792.1,0.5383294949003676,23.0,0.0,153.0,3448825269,1683692192,139781,133056,0.9519
1789922794.3,0.4211953023302387,19.0,0.0,153.0,3448923470,1683776672,98201,84480,0.8603
1789922796.4,0.40396526814196,17.0,0.0,153.0,3449069118,1683917808,145648,141136,0.969
1789922798.5,0.5129171613715364,22.0,0.0,153.0,3449399797,1684245392,330679,327584,0.9906
1789922800.6,0.5758936873274494,24.0,0.0,153.0,3449620365,1684463136,220568,217744,0.9872
1789922802.7,0.5655585277583075,23.0,0.0,153.0,3449795275,1684627344,174910,164208,0.9388
1789922804.8,0.5210994607120889,22.0,0.0,153.0,3449921897,1684751040,126622,123696,0.9769
1789922806.9,0.5085756791165406,21.0,0.0,153.0,3450079647,1684895680,157750,144640,0.9169
1789922809.0,0.4190782038994665,19.0,0.0,153.0,3450125087,1684937408,45440,41728,0.9183
1789922811.1,0.43531406010842977,21.0,0.0,153.0,3450234683,1685011584,109596,74176,0.6768
1789922813.3,0.5031971047248487,24.0,0.0,153.0,3450467380,1685238128,232697,226544,0.9736
1789922815.4,0.5438439641237645,24.0,0.0,153.0,3450678253,1685442240,210873,204112,0.9679
1789922817.5,0.5613600926945799,24.0,0.0,153.0,3450729800,1685442240,51547,0,0.0
1789922819.6,0.5927589511779936,26.0,0.0,153.0,3450893296,1685526128,163496,83888,0.5131
1789922821.7,0.6184001602128542,26.0,0.0,153.0,3450893296,1685526128,0,0,
1789922823.9,0.621375541791237,26.0,0.0,153.0,3450954059,1685586240,60763,60112,0.9893
1789922826.0,0.5620038050552878,23.0,0.0,153.0,3450999771,1685630848,45712,44608,0.9758
1789922828.1,0.582445248687542,24.0,0.0,153.0,3451043671,1685673840,43900,42992,0.9793
1789922830.2,0.6018496001831004,25.0,0.0,153.0,3451183530,1685770528,139859,96688,0.6913
1789922832.3,0.5922940478063714,25.0,0.0,153.0,3451410427,1685982176,226897,211648,0.9328
1789922834.4,0.5664311156250448,24.0,2.0,153.0,3451497856,1685982176,87429,0,0.0
1789922836.5,0.5847053943095828,24.0,3.0,153.0,3451497856,1685982176,0,0,
1789922838.6,0.6496845809432532,27.0,0.0,153.0,3451637032,1686081072,139176,98896,0.7106
1789922840.7,0.6034374240061796,25.0,0.0,153.0,3451686879,1686130912,49847,49840,0.9999
1789922842.8,0.6150528559371737,25.0,0.0,153.0,3451769478,1686171440,82599,40528,0.4907
1789922845.0,0.6309239418084026,26.0,0.0,153.0,3451883729,1686272784,114251,101344,0.887
1789922847.1,0.6461942294763042,27.0,0.0,153.0,3452024893,1686407248,141164,134464,0.9525
1789922849.2,0.6790164075128384,28.0,0.0,153.0,3452310810,1686681440,285917,274192,0.959
1789922851.3,0.6832935185317637,28.0,0.0,153.0,3452401366,1686768688,90556,87248,0.9635
1789922853.4,0.6618793539988843,28.0,0.0,153.0,3452442732,1686808592,41366,39904,0.9647
1789922855.5,0.6251662923598496,26.0,0.0,153.0,3452490754,1686852240,48022,43648,0.9089
1789922857.6,0.6510006151029224,28.0,0.0,153.0,3452573975,1686923216,83221,70976,0.8529
1789922859.8,0.6540904344343199,28.0,0.0,153.0,3452617483,1686964784,43508,41568,0.9554
1789922861.9,0.6049823336718784,26.0,0.0,153.0,3452705385,1687051760,87902,86976,0.9895
1789922864.0,0.6112478006494342,26.0,0.0,153.0,3452816090,1687152496,110705,100736,0.9099
1789922866.1,0.6273334573075657,26.0,1.0,153.0,3452959501,1687215808,143411,63312,0.4415
1789922868.2,0.6789520362767677,28.0,0.0,153.0,3453045070,1687299824,85569,84016,0.9819
1789922870.3,0.6446278627319153,26.0,0.0,153.0,3453085264,1687338000,40194,38176,0.9498
1789922872.4,0.659762255568112,26.0,0.0,153.0,3453164547,1687414832,79283,76832,0.9691
1789922874.6,0.6325117656314818,24.0,2.0,153.0,3453320353,1687457360,155806,42528,0.273
1789922876.7,0.6281488262977957,23.0,3.0,153.0,3453320353,1687457360,0,0,
1789922878.9,0.7100218862202641,26.0,0.0,153.0,3453475551,1687608368,155198,151008,0.973
1789922881.0,0.6531749324102021,25.0,0.0,153.0,3453548920,1687680512,73369,72144,0.9833
1789922883.1,0.6532106942080192,25.0,0.0,153.0,3453600242,1687731248,51322,50736,0.9886
1789922885.2,0.6368389431673509,24.0,0.0,153.0,3453882079,1688010224,281837,278976,0.9898
1789922887.3,0.6325332227101721,24.0,0.0,153.0,3454032545,1688160048,150466,149824,0.9957
1789922889.4,0.6169768406597336,23.0,0.0,153.0,3454076688,1688197584,44143,37536,0.8503
1789922891.5,0.6842733917919521,26.0,0.0,153.0,3454285455,1688404000,208767,206416,0.9887
1789922893.6,0.6447351481253666,24.0,0.0,153.0,3454316884,1688425296,31429,21296,0.6776
1789922895.7,0.6969044587809519,26.0,1.0,153.0,3454488025,1688526672,171141,101376,0.5924
1789922897.9,0.7216301657916947,27.0,0.0,153.0,3454536263,1688573104,48238,46432,0.9626
1789922900.0,0.6930278798975782,26.0,0.0,153.0,3454583955,1688620624,47692,47520,0.9964
1789922902.1,0.6936644398987226,26.0,0.0,153.0,3454749742,1688781760,165787,161136,0.9719
1789922904.2,0.7044430457607964,26.0,0.0,153.0,3454861542,1688890832,111800,109072,0.9756
1789922906.3,0.6857968443789606,25.0,0.0,153.0,3454906112,1688935392,44570,44560,0.9998
1789922908.5,0.7289398772655099,27.0,0.0,153.0,3455077553,1689099120,171441,163728,0.955
1789922910.6,0.7315433361465948,27.0,0.0,153.0,3455133148,1689150144,55595,51024,0.9178
1789922912.7,0.7404337190839259,27.0,0.0,153.0,3455290412,1689288240,157264,138096,0.8781
1789922914.8,0.7028051554207733,25.0,0.0,153.0,3455368831,1689337632,78419,49392,0.6298
1789922916.9,0.7245769379318237,27.0,1.0,153.0,3455410489,1689337632,41658,0,0.0
1789922919.0,0.7096714206016566,26.0,0.0,153.0,3455450298,1689377168,39809,39536,0.9931
1789922921.1,0.7061310026177636,27.0,0.0,153.0,3455593181,1689475888,142883,98720,0.6909
1789922923.3,0.6730155778391291,26.0,2.0,153.0,3455674228,1689475888,81047,0,0.0
1789922925.4,0.7869741227630995,29.0,0.0,153.0,3455896908,1689695680,222680,219792,0.987
1789922927.5,0.7369791294147939,27.0,0.0,153.0,3455945377,1689741632,48469,45952,0.9481
1789922929.6,0.7419643240304976,27.0,2.0,153.0,3456000443,1689741632,55066,0,0.0
1789922931.7,0.8174074127054516,30.0,0.0,153.0,3456229149,1689962176,228706,220544,0.9643
1789922933.8,0.7933039609767263,29.0,0.0,153.0,3456332466,1690064496,103317,102320,0.9904
1789922935.9,0.7472642224669919,27.0,0.0,153.0,3456332466,1690064496,0,0,
1789922938.0,0.7674267240762728,28.0,0.0,153.0,3456504162,1690234384,171696,169888,0.9895
1789922940.2,0.7687356058763786,28.0,0.0,153.0,3456568047,1690296912,63885,62528,0.9788
1789922942.3,0.8225714163102408,30.0,0.0,153.0,3456686853,1690414752,118806,117840,0.9919
1789922944.5,0.7851717281531178,28.0,0.0,153.0,3456735529,1690462896,48676,48144,0.9891
1789922946.6,0.7858368975925157,28.0,0.0,153.0,3456852608,1690578256,117079,115360,0.9853
1789922948.7,0.7645085613743974,28.0,0.0,153.0,3456923110,1690642336,70502,64080,0.9089
1789922950.8,0.7571344786645114,28.0,0.0,153.0,3457052970,1690771120,129860,128784,0.9917
1789922953.0,0.7992475717739282,29.0,0.0,153.0,3457210345,1690900160,157375,129040,0.82
1789922955.1,0.7753586908321055,28.0,0.0,153.0,3457315383,1691004096,105038,103936,0.9895
1789922957.2,0.7589011114766762,28.0,0.0,153.0,3457419330,1691096176,103947,92080,0.8858
1789922959.3,0.7417211438053414,28.0,0.0,153.0,3457641665,1691307984,222335,211808,0.9527
1789922961.4,0.7457407698799834,28.0,0.0,153.0,3457747780,1691413120,106115,105136,0.9908
1789922963.6,0.772862517344472,28.0,0.0,153.0,3457924175,1691580064,176395,166944,0.9464
1789922965.7,0.7456120274078418,28.0,0.0,153.0,3458022506,1691676864,98331,96800,0.9844
1789922967.8,0.7459481883073226,27.0,0.0,153.0,3458125138,1691777536,102632,100672,0.9809
1789922969.9,0.7717324445334516,27.0,0.0,153.0,3458262625,1691907712,137487,130176,0.9468
1789922972.1,0.7724333757706667,27.0,0.0,153.0,3458262625,1691907712,0,0,
1789922974.2,0.7106226844235913,26.0,0.0,153.0,3458330942,1691972976,68317,65264,0.9553
1789922976.3,0.7542949919178337,27.0,0.0,153.0,3458555996,1692193872,225054,220896,0.9815
1789922978.4,0.7477362781981776,27.0,0.0,153.0,3458604967,1692242768,48971,48896,0.9985
1789922980.5,0.7064457064385541,26.0,0.0,153.0,3458766906,1692398208,161939,155440,0.9599
1789922982.6,0.7438668516743674,27.0,0.0,153.0,3458848986,1692479376,82080,81168,0.9889
1789922984.8,0.744610697068963,27.0,0.0,153.0,3458848986,1692479376,0,0,
1789922986.9,0.6853677028051555,24.0,0.0,153.0,3459166384,1692792848,317398,313472,0.9876
1789922989.0,0.7102579140858569,26.0,0.0,153.0,3459286377,1692907840,119993,114992,0.9583
1789922991.1,0.6831004048235513,25.0,0.0,153.0,3459369241,1692990560,82864,82720,0.9983
1789922993.2,0.6541190438725736,25.0,0.0,153.0,3459472997,1693090384,103756,99824,0.9621
1789922995.4,0.6813909908878939,26.0,0.0,153.0,3459665541,1693270864,192544,180480,0.9373
1789922997.5,0.7194343914057247,27.0,0.0,153.0,3459838596,1693442656,173055,171792,0.9927
1789922999.6,0.7235899123120717,27.0,0.0,153.0,3459891904,1693488000,53308,45344,0.8506
1789923001.7,0.7043214556482184,26.0,0.0,153.0,3459980163,1693571312,88259,83312,0.9439
1789923003.8,0.7279099374883774,27.0,0.0,153.0,3460031370,1693620832,51207,49520,0.9671
1789923005.9,0.7314002889553264,27.0,0.0,153.0,3460091142,1693674320,59772,53488,0.8949
1789923008.1,0.7354628291873488,28.0,0.0,153.0,3460246847,1693812704,155705,138384,0.8888
1789923010.2,0.7400474916675011,28.0,0.0,153.0,3460246847,1693812704,0,0,
1789923012.3,0.7177249774700674,26.0,0.0,153.0,3460390491,1693895680,143644,82976,0.5777
1789923014.4,0.7287110017594804,26.0,0.0,153.0,3460390491,1693895680,0,0,
1789923016.5,0.7376013846968115,26.0,0.0,153.0,3460390491,1693895680,0,0,
1789923018.6,0.7502181469666843,26.0,0.0,153.0,3460669987,1694166240,279496,270560,0.968
1789923020.7,0.7428154548185446,26.0,0.0,153.0,3460822747,1694316912,152760,150672,0.9863
1789923022.8,0.7105368561088303,24.0,0.0,153.0,3460878963,1694371328,56216,54416,0.968
1789923025.0,0.7054014619422948,24.0,0.0,153.0,3460996407,1694437408,117444,66080,0.5627
1789923027.1,0.6645686411947301,23.0,0.0,153.0,3461048069,1694489008,51662,51600,0.9988
1789923029.2,0.7041426466591328,24.0,1.0,153.0,3461201322,1694578016,153253,89008,0.5808
1789923031.3,0.8172429084354929,28.0,0.0,153.0,3461439039,1694814816,237717,236800,0.9961
1789923033.4,0.7647016750826098,26.0,0.0,153.0,3461439039,1694814816,0,0,
1789923035.5,0.6940220578768936,23.0,0.0,153.0,3461495946,1694871264,56907,56448,0.9919
1789923037.6,0.7436808903257184,25.0,0.0,153.0,3461729207,1695103104,233261,231840,0.9939
1789923039.7,0.7675197047505973,26.0,0.0,153.0,3461896047,1695265968,166840,162864,0.9762
1789923041.8,0.7682277883473758,26.0,0.0,153.0,3461896047,1695265968,0,0,
1789923044.0,0.7690073955397886,26.0,0.0,153.0,3462017454,1695387136,121407,121168,0.998
1789923046.1,0.7695724319452988,26.0,0.0,153.0,3462168331,1695535168,150877,148032,0.9811
1789923048.2,0.7703878009355286,26.0,0.0,153.0,3462241776,1695608336,73445,73168,0.9962
1789923050.3,0.7261361523166492,25.0,0.0,153.0,3462289419,1695608336,47643,0,0.0
1789923052.4,0.7670261919407213,26.0,0.0,153.0,3462340673,1695659584,51254,51248,0.9999
1789923054.5,0.7380305262706166,24.0,0.0,153.0,3462416085,1695733120,75412,73536,0.9751
1789923056.7,0.7829044301715136,26.0,0.0,153.0,3462652995,1695880752,236910,147632,0.6232
1789923058.8,0.8012073182943054,26.0,1.0,153.0,3462652995,1695880752,0,0,
1789923060.9,0.8054558198749767,27.0,0.0,153.0,3462655325,1695880752,2330,0,0.0
1789923063.0,0.8063713218990946,27.0,0.0,153.0,3462746732,1695971632,91407,90880,0.9942
1789923065.1,0.7840273506229705,26.0,0.0,153.0,3462746732,1695971632,0,0,
1789923067.2,0.702919593173788,22.0,0.0,153.0,3462921094,1696115488,174362,143856,0.825
1789923069.3,0.7102650664454204,22.0,3.0,153.0,3462921094,1696115488,0,0,
1789923071.4,0.8234869183343585,27.0,0.0,153.0,3463243869,1696427552,322775,312064,0.9668
1789923073.6,0.7670333443002847,24.0,0.0,153.0,3463335593,1696519136,91724,91584,0.9985
1789923075.7,0.7613400660878024,24.0,0.0,153.0,3463380014,1696562640,44421,43504,0.9794
1789923077.8,0.7358490566037736,22.0,0.0,153.0,3463426992,1696609456,46978,46816,0.9966
1789923079.9,0.7851431187148641,23.0,0.0,153.0,3463634286,1696815664,207294,206208,0.9948
1789923082.0,0.7889982405195474,23.0,0.0,153.0,3463684027,1696865376,49741,49712,0.9994
1789923084.1,0.8107628706710344,25.0,0.0,153.0,3463854280,1697030752,170253,165376,0.9714
1789923086.3,0.8123936086514941,25.0,0.0,153.0,3463959632,1697131936,105352,101184,0.9604
1789923088.4,0.7588295878810419,23.0,0.0,153.0,3464150123,1697319984,190491,188048,0.9872
1789923090.5,0.7569699743945528,23.0,0.0,153.0,3464312968,1697480432,162845,160448,0.9853
1789923092.6,0.7885047277096714,24.0,0.0,153.0,3464507567,1697664800,194599,184368,0.9474
1789923094.7,0.7420072381878782,23.0,0.0,153.0,3464507567,1697664800,0,0,
1789923096.8,0.7094711545338808,22.0,0.0,153.0,3464539646,1697664800,32079,0,0.0
1789923098.9,0.8114280401104325,26.0,0.0,153.0,3464807244,1697927792,267598,262992,0.9828
1789923101.1,0.8527686783869999,28.0,0.0,153.0,3464898753,1697983936,91509,56144,0.6135
1789923103.2,0.809496903028309,26.0,0.0,153.0,3464944251,1698029344,45498,45408,0.998
1789923105.3,0.8087172958358962,26.0,1.0,153.0,3465069886,1698093376,125635,64032,0.5097
1789923107.4,0.8466104968028952,27.0,0.0,153.0,3465188831,1698212160,118945,118784,0.9986
1789923109.5,0.8056846953810062,26.0,0.0,153.0,3465334539,1698341376,145708,129216,0.8868
1789923111.6,0.7593374054100448,26.0,1.0,153.0,3465498942,1698358800,164403,17424,0.106
1789923113.7,0.7740140472341825,26.0,1.0,153.0,3465498942,1698358800,0,0,
1789923115.9,0.7849929191640322,26.0,2.0,153.0,3465498942,1698358800,0,0,
1789923118.0,0.7959717910938818,26.0,2.0,153.0,3465498942,1698358800,0,0,
1789923120.1,0.832556110260775,27.0,1.0,153.0,3465564609,1698424240,65667,65440,0.9965
1789923122.3,0.7894416868124794,28.0,0.0,153.0,3465652065,1698445760,87456,21520,0.2461
1789923124.4,0.7644084283405095,27.0,0.0,153.0,3465652065,1698445760,0,0,
1789923126.5,0.7767033344300285,28.0,0.0,153.0,3465800890,1698566640,148825,120880,0.8122
1789923128.6,0.7421145235813295,27.0,0.0,153.0,3465834492,1698566640,33602,0,0.0
1789923130.7,0.7428226071781081,28.0,0.0,153.0,3466028206,1698758224,193714,191584,0.989
1789923132.9,0.756054472370435,28.0,0.0,153.0,3466201642,1698927760,173436,169536,0.9775
1789923135.0,0.7784270530848127,29.0,0.0,153.0,3466307372,1699032864,105730,105104,0.9941
1789923137.1,0.763736106541548,28.0,0.0,153.0,3466451716,1699170576,144344,137712,0.9541
1789923139.2,0.7644727995765803,28.0,0.0,153.0,3466546980,1699263600,95264,93024,0.9765
1789923141.3,0.7397828543636547,27.0,0.0,153.0,3466573345,1699289104,26365,25504,0.9673
1789923143.4,0.7667901640751283,28.0,0.0,153.0,3466632042,1699346688,58697,57584,0.981
1789923145.5,0.7733274207160943,29.0,0.0,153.0,3466679702,1699356672,47660,9984,0.2095
1789923147.7,0.7352196489621926,28.0,0.0,153.0,3466714960,1699380464,35258,23792,0.6748
1789923149.8,0.7485301901097172,28.0,1.0,153.0,3466769120,1699380464,54160,0,0.0
1789923151.9,0.8037893200966999,29.0,0.0,153.0,3466870672,1699475920,101552,95456,0.94
1789923154.0,0.7746935213927074,27.0,0.0,153.0,3466870672,1699475920,0,0,
1789923156.2,0.7991975052569843,26.0,0.0,153.0,3466939871,1699534864,69199,58944,0.8518
1789923158.3,0.8064714549329823,27.0,0.0,153.0,3467090265,1699681792,150394,146928,0.977
1789923160.4,0.807215300327578,27.0,0.0,153.0,3467090265,1699681792,0,0,
1789923162.5,0.7438453945956771,27.0,0.0,153.0,3467173197,1699722160,82932,40368,0.4868
1789923164.6,0.7534438611297867,27.0,0.0,153.0,3467173197,1699722160,0,0,
1789923166.7,0.725313630966856,27.0,0.0,153.0,3467246719,1699748928,73522,26768,0.3641
1789923168.9,0.7313073082810019,27.0,1.0,153.0,3467367970,1699748928,121251,0,0.0
1789923171.0,0.7532722045002647,27.0,1.0,153.0,3467367970,1699748928,0,0,
1789923173.1,0.7642367717109875,27.0,1.0,153.0,3467367970,1699748928,0,0,
1789923175.2,0.8024089147009599,28.0,0.0,153.0,3467440067,1699820144,72097,71216,0.9878
1789923177.3,0.8035675969502338,28.0,0.0,153.0,3467543174,1699921968,103107,101824,0.9876
1789923179.4,0.7263721801822421,26.0,0.0,153.0,3467681984,1700056432,138810,134464,0.9687
1789923181.5,0.7010814367659891,26.0,0.0,153.0,3467739458,1700103360,57474,46928,0.8165
1789923183.6,0.7326090377215444,27.0,0.0,153.0,3467808316,1700172208,68858,68848,0.9999
1789923185.7,0.717803653425265,27.0,0.0,153.0,3467922642,1700283184,114326,110976,0.9707
1789923187.9,0.7278241091736164,27.0,0.0,153.0,3467982483,1700283312,59841,128,0.0021
1789923190.0,0.7510549730356044,29.0,0.0,153.0,3468073059,1700361104,90576,77792,0.8589
1789923192.1,0.7605032400188823,30.0,0.0,153.0,3468195643,1700460304,122584,99200,0.8092
1789923194.2,0.742922740211996,29.0,0.0,153.0,3468269401,1700527712,73758,67408,0.9139
1789923196.4,0.7213011572517773,30.0,0.0,153.0,3468327865,1700574944,58464,47232,0.8079
1789923198.5,0.7474358790965139,31.0,0.0,153.0,3468441778,1700675984,113913,101040,0.887
1789923200.6,0.7530933955111792,31.0,0.0,153.0,3468494889,1700721904,53111,45920,0.8646
1789923202.7,0.7063527257642297,29.0,0.0,153.0,3468494889,1700721904,0,0,
1789923204.9,0.75426638247958,31.0,0.0,153.0,3468661326,1700881968,166437,160064,0.9617
1789923207.0,0.7252921738881657,32.0,0.0,153.0,3468743597,1700935232,82271,53264,0.6474
1789923209.1,0.7161228489278613,31.0,1.0,153.0,3468804866,1700935232,61269,0,0.0
1789923211.3,0.7284535168151973,31.0,0.0,153.0,3468924326,1701054304,119460,119072,0.9968
1789923213.4,0.7479508489850801,31.0,1.0,153.0,3469039571,1701107552,115245,53248,0.462
1789923215.5,0.7818816427539446,32.0,0.0,153.0,3469114171,1701156976,74600,49424,0.6625
1789923217.6,0.7898064571502139,32.0,0.0,153.0,3469198308,1701222800,84137,65824,0.7823
1789923219.7,0.7409916031298726,31.0,0.0,153.0,3469198308,1701222800,0,0,
1789923221.8,0.8123363897749868,32.0,0.0,153.0,3469480068,1701335168,281760,112368,0.3988
1789923223.9,0.8306321255382151,32.0,0.0,153.0,3469480068,1701335168,0,0,
1789923226.0,0.8416109974680648,32.0,0.0,153.0,3469480068,1701335168,0,0,
1789923228.1,0.8526041741170411,32.0,0.0,153.0,3469480068,1701335168,0,0,
1789923230.2,0.8635901984064542,32.0,0.0,153.0,3469480068,1701335168,0,0,
1789923232.3,0.866393923355315,32.0,0.0,153.0,3469480068,1701335168,0,0,
1789923234.5,0.8509948932152718,31.0,0.0,153.0,3469538650,1701393664,58582,58496,0.9985
1789923236.6,0.7955354971605133,30.0,0.0,153.0,3469635276,1701488912,96626,95248,0.9857
1789923238.7,0.7969159025562533,30.0,0.0,153.0,3469770847,1701620672,135571,131760,0.9719
1789923240.8,0.8706710343742401,32.0,0.0,153.0,3469934085,1701783632,163238,162960,0.9983
1789923243.0,0.8479909021986354,30.0,0.0,153.0,3469994245,1701842432,60160,58800,0.9774
1789923245.1,0.8424549758965483,30.0,0.0,153.0,3470050314,1701893136,56069,50704,0.9043
1789923247.2,0.8501509147867882,29.0,0.0,153.0,3470145562,1701988112,95248,94976,0.9971
1789923249.3,0.8366544122906147,28.0,0.0,153.0,3470193439,1702035104,47877,46992,0.9815
1789923251.4,0.7978099475016808,29.0,0.0,153.0,3470306311,1702107504,112872,72400,0.6414
1789923253.5,0.804132633355744,27.0,0.0,153.0,3470640127,1702437792,333816,330288,0.9894
1789923255.7,0.7705737622841775,26.0,2.0,153.0,3470708383,1702437792,68256,0,0.0
1789923257.8,0.9115467692791852,30.0,0.0,153.0,3471011999,1702731600,303616,293808,0.9677
1789923259.9,0.8543278927718254,28.0,0.0,153.0,3471102340,1702819104,90341,87504,0.9686
1789923262.0,0.8835810433862131,29.0,0.0,153.0,3471260146,1702972880,157806,153776,0.9745
1789923264.1,0.8584977183972993,28.0,0.0,153.0,3471428802,1703137776,168656,164896,0.9777
1789923266.2,0.8591414307580071,28.0,0.0,153.0,3471428802,1703137776,0,0,
1789923268.3,0.8861773499077346,29.0,0.0,153.0,3471487734,1703195776,58932,58000,0.9842
1789923270.5,0.8987583503797902,29.0,0.0,153.0,3471561548,1703265152,73814,69376,0.9399
1789923272.6,0.845838041970046,29.0,0.0,153.0,3471611252,1703312208,49704,47056,0.9467
1789923274.7,0.9258514884060252,30.0,0.0,153.0,3471853357,1703543728,242105,231520,0.9563
1789923276.8,0.8697626847096858,28.0,0.0,153.0,3471853357,1703543728,0,0,
1789923278.9,0.9102736492768965,29.0,0.0,153.0,3472083772,1703764064,230415,220336,0.9563
1789923281.0,0.8852260860857997,28.0,0.0,153.0,3472193694,1703873088,109922,109024,0.9918
1789923283.1,0.8771296150600083,28.0,0.0,153.0,3472242749,1703921552,49055,48464,0.988
1789923285.3,0.8754917247199852,28.0,0.0,153.0,3472311564,1703990352,68815,68800,0.9998
1789923287.4,0.9237343899752528,29.0,0.0,153.0,3472474605,1704103328,163041,112976,0.6929
1789923289.5,0.9575221365528488,30.0,0.0,153.0,3472595556,1704223584,120951,120256,0.9943
1789923291.7,0.9264880484071696,29.0,0.0,153.0,3472595556,1704223584,0,0,
1789923293.8,0.8375985237529862,26.0,0.0,153.0,3472701147,1704327040,105591,103456,0.9798
1789923295.9,0.9341410731400289,29.0,0.0,153.0,3472991503,1704614640,290356,287600,0.9905
1789923298.0,0.8838027665326791,28.0,0.0,153.0,3472991503,1704614640,0,0,
1789923300.1,0.872201639320812,27.0,0.0,153.0,3473140905,1704751680,149402,137040,0.9173
1789923302.3,0.8980860285808288,28.0,0.0,153.0,3473411537,1705015888,270632,264208,0.9763
1789923304.4,0.9303431702118529,29.0,0.0,153.0,3473482270,1705085008,70733,69120,0.9772
1789923306.5,0.9191854892929178,29.0,0.0,153.0,3473531763,1705134352,49493,49344,0.997
1789923308.6,0.8692834766189366,28.0,0.0,153.0,3473631015,1705231824,99252,97472,0.9821
1789923310.8,0.8381635601584962,27.0,0.0,153.0,3473696433,1705296752,65418,64928,0.9925
1789923312.9,0.9045231521879068,29.0,0.0,153.0,3473843390,1705443504,146957,146752,0.9986
1789923315.0,0.8994306721787517,28.0,0.0,153.0,3473999142,1705593456,155752,149952,0.9628
1789923317.1,0.8319553120574478,26.0,0.0,153.0,3474126131,1705716896,126989,123440,0.9721
1789923319.2,0.7845280157924099,25.0,2.0,153.0,3474225080,1705716896,98949,0,0.0
1789923321.4,0.8028523609938919,25.0,3.0,153.0,3474225080,1705716896,0,0,
1789923323.5,0.8698342083053199,28.0,2.0,153.0,3474390599,1705825760,165519,108864,0.6577
1789923325.6,0.9878195316634958,31.0,0.0,153.0,3474638590,1706040544,247991,214784,0.8661
1789923327.7,0.9605690417268657,30.0,0.0,153.0,3474694779,1706095408,56189,54864,0.9764
1789923329.8,0.9589669131846597,30.0,0.0,153.0,3474765923,1706166464,71144,71056,0.9988
1789923331.9,0.9183343585048708,29.0,0.0,153.0,3474842273,1706242720,76350,76256,0.9988
1789923334.0,0.8938232222810305,28.0,0.0,153.0,3474842273,1706242720,0,0,
1789923336.2,0.9421445634914959,30.0,0.0,153.0,3474990170,1706339328,147897,96608,0.6532
1789923338.3,0.9094725850057934,29.0,0.0,153.0,3475163273,1706464176,173103,124848,0.7212
1789923340.4,0.9241206173916775,29.0,2.0,153.0,3475163273,1706464176,0,0,
1789923342.5,0.9849013689616204,31.0,1.0,153.0,3475294997,1706552880,131724,88704,0.6734
1789923344.6,0.9745805141116054,30.0,0.0,153.0,3475367221,1706581616,72224,28736,0.3979
1789923346.7,0.9869612485158854,30.0,1.0,153.0,3475367221,1706581616,0,0,
1789923348.8,0.9821906246870843,30.0,1.0,153.0,3475418287,1706609840,51066,28224,0.5527
1789923350.9,0.9297852861659062,29.0,1.0,153.0,3475479621,1706649504,61334,39664,0.6467
1789923353.1,0.9587594947573205,30.0,1.0,153.0,3475543549,1706690272,63928,40768,0.6377
1789923355.2,0.9850658732315791,30.0,0.0,153.0,3475660598,1706782336,117049,92064,0.7865
1789923357.3,0.9535668817142775,29.0,0.0,153.0,3475660598,1706782336,0,0,
1789923359.4,0.922203785028681,28.0,0.0,153.0,3475733432,1706854704,72834,72368,0.9936
1789923361.5,0.9334544466219405,29.0,0.0,153.0,3475941295,1707030016,207863,175312,0.8434
1789923363.6,0.939405209778706,29.0,0.0,153.0,3475990932,1707074000,49637,43984,0.8861
1789923365.7,0.9673065644356074,29.0,0.0,153.0,3476176551,1707253360,185619,179360,0.9663
1789923367.9,0.9679574291558786,29.0,0.0,153.0,3476242837,1707319536,66286,66176,0.9983
1789923370.0,0.9686011415165863,29.0,0.0,153.0,3476242837,1707319536,0,0,
1789923372.1,0.9692305491581673,29.0,0.0,153.0,3476242837,1707319536,0,0,
1789923374.2,0.9700459181483971,29.0,0.0,153.0,3476309632,1707385936,66795,66400,0.9941
1789923376.4,0.9388973922497031,27.0,1.0,153.0,3476401928,1707437152,92296,51216,0.5549
1789923378.5,0.9602471855465118,28.0,0.0,153.0,3476518434,1707541008,116506,103856,0.8914
1789923380.6,0.9412719756247586,28.0,0.0,153.0,3476591965,1707614368,73531,73360,0.9977
1789923382.7,0.9949790435864792,29.0,0.0,153.0,3476772677,1707793600,180712,179232,0.9918
1789923384.9,0.9243637976168337,27.0,0.0,153.0,3476874886,1707879056,102209,85456,0.8361
1789923387.0,0.9704464502839487,28.0,1.0,153.0,3476976861,1707974432,101975,95376,0.9353
1789923389.1,0.9710615532064027,28.0,1.0,153.0,3476976861,1707974432,0,0,
1789923391.2,0.9703034030926803,28.0,0.0,153.0,3477050500,1708038368,73639,63936,0.8682
1789923393.3,0.9033215557812523,26.0,0.0,153.0,3477050500,1708038368,0,0,
1789923395.4,0.8822363997882902,25.0,0.0,153.0,3477317099,1708290240,266599,251872,0.9448
1789923397.5,0.8837956141731157,25.0,0.0,153.0,3477384279,1708357264,67180,67024,0.9977
1789923399.7,0.881707125180597,26.0,0.0,153.0,3477476735,1708434480,92456,77216,0.8352
1789923401.8,0.9307437023474044,28.0,0.0,153.0,3477609454,1708503152,132719,68672,0.5174
1789923403.9,0.9415223082094784,28.0,0.0,153.0,3477609454,1708503152,0,0,
1789923406.0,0.9706181069134707,29.0,0.0,153.0,3477673927,1708535568,64473,32416,0.5028
1789923408.1,0.9190352897420859,29.0,0.0,153.0,3477676314,1708535568,2387,0,0.0
1789923410.2,0.9162315647932253,28.0,0.0,153.0,3477741036,1708597520,64722,61952,0.9572
1789923412.3,0.9371808259544824,28.0,0.0,153.0,3477860257,1708716352,119221,118832,0.9967
1789923414.5,0.9276181212181899,27.0,0.0,153.0,3477934098,1708790176,73841,73824,0.9998
1789923416.6,0.9461212754087573,28.0,0.0,153.0,3478036742,1708883648,102644,93472,0.9106
1789923418.7,0.9456849814753887,28.0,0.0,153.0,3478333292,1709177856,296550,294208,0.9921
1789923420.8,0.9132347261361523,27.0,0.0,153.0,3478333292,1709177856,0,0,
1789923422.9,0.9635801851030655,29.0,1.0,153.0,3478445718,1709239056,112426,61200,0.5444
1789923425.0,0.9435893401233066,28.0,0.0,153.0,3478523689,1709313040,77971,73984,0.9489
1789923427.1,0.9662766246584749,29.0,0.0,153.0,3478832910,1709615472,309221,302432,0.978
1789923429.2,0.9352926030297395,27.0,0.0,153.0,3478832910,1709615472,0,0,
1789923431.4,0.9678358390433004,28.0,0.0,153.0,3478964050,1709742992,131140,127520,0.9724
1789923433.5,0.9121189580442588,26.0,0.0,153.0,3479031542,1709810464,67492,67472,0.9997
1789923435.6,0.9338478263979286,27.0,0.0,153.0,3479172652,1709939952,141110,129488,0.9176
1789923437.7,0.9772698013074513,28.0,0.0,153.0,3479354206,1710116032,181554,176080,0.9698
1789923439.8,0.9252149284048807,26.0,0.0,153.0,3479354206,1710116032,0,0,
1789923441.9,0.9438253679888995,27.0,0.0,153.0,3479472763,1710233792,118557,117760,0.9933
1789923444.0,0.9113822650092266,26.0,0.0,153.0,3479536150,1710296912,63387,63120,0.9958
1789923446.2,0.9157380519833493,26.0,0.0,153.0,3479610143,1710369776,73993,72864,0.9847
1789923448.3,0.953795757220307,27.0,0.0,153.0,3479756284,1710509520,146141,139744,0.9562
1789923450.4,0.9543894030640708,27.0,0.0,153.0,3479756284,1710509520,0,0,
1789923452.5,0.9455776960819374,26.0,0.0,153.0,3479941625,1710613840,185341,104320,0.5629
1789923454.6,0.9565565680117871,26.0,1.0,153.0,3479941625,1710613840,0,0,
1789923456.8,0.9675497446607636,26.0,1.0,153.0,3479941625,1710613840,0,0,
1789923458.9,0.9912169024561203,27.0,0.0,153.0,3480002708,1710674208,61083,60368,0.9883
1789923461.0,0.97331454646888,26.0,0.0,153.0,3480106037,1710776960,103329,102752,0.9944
1789923463.1,0.9393408385426352,25.0,0.0,153.0,3480106037,1710776960,0,0,
1789923465.2,0.9400274650607235,25.0,0.0,153.0,3480174640,1710845232,68603,68272,0.9952
1789923467.4,0.9933912197634,27.0,0.0,153.0,3480474278,1711143024,299638,297792,0.9938
1789923469.5,0.960762155435078,26.0,0.0,153.0,3480474278,1711143024,0,0,
1789923471.6,0.9947930822378303,27.0,0.0,153.0,3480681645,1711349728,207367,206704,0.9968
1789923473.7,0.956742529360436,26.0,0.0,153.0,3480681645,1711349728,0,0,
1789923475.8,0.9718697698370693,26.0,0.0,153.0,3480839365,1711496784,157720,147056,0.9324
1789923477.9,0.9551547055373568,26.0,0.0,153.0,3480991369,1711644400,152004,147616,0.9711
1789923480.1,0.9557483513811207,26.0,0.0,153.0,3480991369,1711644400,0,0,
1789923482.2,0.9798804125480997,26.0,0.0,153.0,3481095348,1711742096,103979,97696,0.9396
1789923484.3,0.9282189194215171,25.0,0.0,153.0,3481095348,1711742096,0,0,
1789923486.5,0.9075986668001774,24.0,0.0,153.0,3481211151,1711854896,115803,112800,0.9741
1789923488.6,0.8493999170326291,23.0,0.0,153.0,3481279669,1711923408,68518,68512,0.9999
1789923490.7,0.7848498719727638,23.0,2.0,153.0,3481336267,1711923408,56598,0,0.0
1789923492.8,0.8944812393608652,25.0,0.0,153.0,3481565552,1712109104,229285,185696,0.8099
1789923494.9,0.9663767576923628,27.0,0.0,153.0,3481726177,1712213152,160625,104048,0.6478
1789923497.0,0.9354785643783884,26.0,0.0,153.0,3481789227,1712275984,63050,62832,0.9965
1789923499.1,0.8187377515842477,23.0,0.0,153.0,3481853625,1712340368,64398,64384,0.9998
1789923501.3,0.8725664096585464,24.0,0.0,153.0,3482047865,1712532880,194240,192512,0.9911
1789923503.4,0.8351595691418598,24.0,0.0,153.0,3482189626,1712671776,141761,138896,0.9798
1789923505.5,0.8897249202511909,25.0,0.0,153.0,3482379758,1712860880,190132,189104,0.9946
1789923507.6,0.9021414164532879,25.0,0.0,153.0,3482514537,1712994448,134779,133568,0.991
1789923509.8,0.910860142761097,25.0,0.0,153.0,3482576536,1713035696,61999,41248,0.6653
1789923511.9,0.8056489335831891,22.0,0.0,153.0,3482703241,1713161440,126705,125744,0.9924
1789923514.0,0.8645414622283891,24.0,0.0,153.0,3482890014,1713343248,186773,181808,0.9734
1789923516.1,0.8508017795070594,23.0,0.0,153.0,3482999425,1713450496,109411,107248,0.9802
1789923518.3,0.8859556267612685,25.0,0.0,153.0,3483327173,1713775984,327748,325488,0.9931
1789923520.4,0.8867853004706252,24.0,0.0,153.0,3483390927,1713836992,63754,61008,0.9569
1789923522.6,0.8874004033930794,24.0,0.0,153.0,3483390927,1713836992,0,0,
1789923524.7,0.8953037607106584,24.0,0.0,153.0,3483537800,1713955792,146873,118800,0.8089
1789923526.8,0.7981389560415981,22.0,0.0,153.0,3483537800,1713955792,0,0,
1789923528.9,0.8331998226214828,23.0,1.0,153.0,3483729484,1714077600,191684,121808,0.6355
1789923531.0,0.8879940492368432,26.0,0.0,153.0,3483881444,1714161920,151960,84320,0.5549
1789923533.1,0.9136066488334501,26.0,0.0,153.0,3483881444,1714161920,0,0,
1789923535.2,0.9623142174603402,26.0,0.0,153.0,3484052536,1714332528,171092,170608,0.9972
1789923537.3,0.9322957643726666,24.0,0.0,153.0,3484162588,1714438992,110052,106464,0.9674
1789923539.5,0.9623356745390305,25.0,0.0,153.0,3484228647,1714504480,66059,65488,0.9914
1789923541.6,0.9331254380820233,24.0,0.0,153.0,3484298830,1714570608,70183,66128,0.9422
1789923543.7,0.9104596106255454,25.0,0.0,153.0,3484316862,1714570608,18032,0,0.0
1789923545.9,0.8769221966326691,24.0,0.0,153.0,3484352028,1714570608,35166,0,0.0
1789923548.0,0.7703878009355286,22.0,0.0,153.0,3484403253,1714570608,51225,0,0.0
1789923550.1,0.8033601785228948,23.0,1.0,153.0,3484539677,1714570608,136424,0,0.0
1789923552.2,0.8216630666456864,23.0,2.0,153.0,3484539677,1714570608,0,0,
1789923554.3,0.7521063698914272,22.0,5.0,153.0,3484539677,1714570608,0,0,
1789923556.4,0.7630780894617134,23.0,4.0,153.0,3484547695,1714570608,8018,0,0.0
1789923558.5,0.9746520377072396,27.0,0.0,153.0,3485013448,1715014080,465753,443472,0.9522
1789923560.7,0.9752814453488206,27.0,0.0,153.0,3485077791,1715078176,64343,64096,0.9962
1789923562.8,0.9763829087215873,27.0,0.0,153.0,3485149357,1715148576,71566,70400,0.9837
1789923564.9,0.977298410745705,27.0,0.0,153.0,3485279850,1715276832,130493,128256,0.9829
1789923567.0,0.9777776188364542,27.0,0.0,153.0,3485346488,1715343376,66638,66544,0.9986
1789923569.1,0.9784427882758522,27.0,0.0,153.0,3485346488,1715343376,0,0,
1789923571.2,0.9784284835567254,27.0,0.0,153.0,3485494874,1715490080,148386,146704,0.9887
1789923573.4,0.9102593445577696,25.0,0.0,153.0,3485550715,1715535872,55841,45792,0.82
1789923575.5,0.941193299669561,26.0,0.0,153.0,3485755109,1715739104,204394,203232,0.9943
1789923577.6,0.9810247900782468,27.0,0.0,153.0,3485842930,1715825888,87821,86784,0.9882
1789923579.7,0.981639893000701,27.0,0.0,153.0,3485842930,1715825888,0,0,
1789923581.9,0.9822478435635916,27.0,0.0,153.0,3485842930,1715825888,0,0,
1789923584.0,0.9610983163345588,26.0,0.0,153.0,3486194160,1716171824,351230,345936,0.9849
1789923586.1,0.9694451199450699,26.0,0.0,153.0,3486384570,1716358016,190410,186192,0.9778
1789923588.2,0.9702604889352997,26.0,0.0,153.0,3486575795,1716548176,191225,190160,0.9944
1789923590.3,0.9335259702175748,24.0,0.0,153.0,3486575795,1716548176,0,0,
1789923592.4,0.9332541805541648,23.0,0.0,153.0,3486648149,1716613456,72354,65280,0.9022
1789923594.6,0.990837827399259,25.0,0.0,153.0,3486776659,1716678448,128510,64992,0.5057
1789923596.7,0.9913027307708813,25.0,0.0,153.0,3486776659,1716678448,0,0,
1789923598.8,0.9545825167722832,24.0,0.0,153.0,3486776659,1716678448,0,0,
1789923601.0,0.9562418641909967,24.0,0.0,153.0,3486972712,1716870256,196053,191808,0.9783
1789923603.1,0.9973035604445907,25.0,0.0,153.0,3487117998,1717007344,145286,137088,0.9436
1789923605.2,0.8988298739754245,22.0,0.0,153.0,3487117998,1717007344,0,0,
1789923607.3,0.9400131603415967,23.0,0.0,153.0,3487208919,1717095520,90921,88176,0.9698
1789923609.5,0.9451342497890054,23.0,0.0,153.0,3487353099,1717239216,144180,143696,0.9966
1789923611.6,0.891634600254624,23.0,0.0,153.0,3487356045,1717239216,2946,0,0.0
1789923613.7,0.9472799576580314,25.0,0.0,153.0,3487479546,1717352416,123501,113200,0.9166
1789923615.8,0.8866494056389203,24.0,0.0,153.0,3487557310,1717430160,77764,77744,0.9997
1789923618.0,0.8993806056618079,24.0,0.0,153.0,3487693733,1717562928,136423,132768,0.9732
1789923620.1,0.9201653625531063,24.0,0.0,153.0,3487802786,1717671968,109053,109040,0.9999
1789923622.2,0.8324345201481969,23.0,0.0,153.0,3487893699,1717751072,90913,79104,0.8701
1789923624.3,0.8968057562189766,24.0,0.0,153.0,3488177877,1718034352,284178,283280,0.9968
1789923626.4,0.9271031513296236,25.0,0.0,153.0,3488313760,1718169488,135883,135136,0.9945
1789923628.5,0.9276824924542606,25.0,0.0,153.0,3488313760,1718169488,0,0,
1789923630.6,0.8958831018352955,24.0,0.0,153.0,3488507908,1718361216,194148,191728,0.9875
1789923632.8,0.8717868024661336,23.0,0.0,153.0,3488576150,1718428272,68242,67056,0.9826
1789923634.9,0.8794970460755003,23.0,0.0,153.0,3488690381,1718519968,114231,91696,0.8027
1789923637.0,0.9159526227702519,24.0,0.0,153.0,3488823818,1718650640,133437,130672,0.9793
1789923639.1,0.9113608079305363,24.0,0.0,153.0,3488961017,1718785584,137199,134944,0.9836
1789923641.2,0.7148354242064456,21.0,0.0,153.0,3488961017,1718785584,0,0,
1789923643.4,0.8534910667029053,23.0,0.0,153.0,3489336685,1719155024,375668,369440,0.9834
1789923645.5,0.8523466891727581,23.0,0.0,153.0,3489458199,1719276288,121514,121264,0.9979
1789923647.6,0.8792753229290343,23.0,0.0,153.0,3489528528,1719346528,70329,70240,0.9987
1789923649.7,0.8305534495830175,22.0,0.0,153.0,3489528528,1719346528,0,0,
1789923651.8,0.791050967714249,21.0,0.0,153.0,3489613083,1719429152,84555,82624,0.9772
1789923654.0,0.8410602657816814,22.0,0.0,153.0,3489723719,1719539392,110636,110240,0.9964
1789923656.1,0.8387643583618236,22.0,0.0,153.0,3489832804,1719630048,109085,90656,0.8311
1789923658.2,0.8906976411518159,23.0,0.0,153.0,3490069939,1719866672,237135,236624,0.9978
1789923660.3,0.8912841346360164,23.0,0.0,153.0,3490069939,1719866672,0,0,
1789923662.5,0.8918777804797803,23.0,0.0,153.0,3490069939,1719866672,0,0,
1789923664.6,0.8674596249302645,22.0,0.0,153.0,3490069939,1719866672,0,0,
1789923666.7,0.8679817471783942,22.0,0.0,153.0,3490142288,1719937120,72349,70448,0.9737
1789923668.8,0.8407384096013275,22.0,0.0,153.0,3490199677,1719992912,57389,55792,0.9722
1789923670.9,0.8650635844765188,22.0,0.0,153.0,3490405061,1720196928,205384,204016,0.9933
1789923673.0,0.8443932653382351,22.0,0.0,153.0,3490472734,1720264000,67673,67072,0.9911
1789923675.1,0.8539702747936544,23.0,0.0,153.0,3490635304,1720378960,162570,114960,0.7071
1789923677.2,0.8860843692334102,23.0,0.0,153.0,3490746462,1720490112,111158,111152,0.9999
1789923679.4,0.892571559357432,23.0,0.0,153.0,3490817219,1720560720,70757,70608,0.9979
1789923681.5,0.8433776302802294,22.0,0.0,153.0,3490897544,1720641024,80325,80304,0.9997
1789923683.6,0.8422332527500822,22.0,0.0,153.0,3491302931,1721042016,405387,400992,0.9892
1789923685.7,0.9208519890711946,24.0,0.0,153.0,3491563660,1721300768,260729,258752,0.9924
1789923687.8,0.9214599396340852,24.0,0.0,153.0,3491563660,1721300768,0,0,
1789923690.0,0.8640121876206961,23.0,0.0,153.0,3491676989,1721300768,113329,0,0.0
1789923692.1,0.8786602200065802,23.0,1.0,153.0,3491676989,1721300768,0,0,
1789923694.2,0.8896390919364299,23.0,2.0,153.0,3491676989,1721300768,0,0,
1789923696.4,0.9708255253408099,24.0,0.0,153.0,3491855400,1721478048,178411,177280,0.9937
1789923698.5,0.9175690560315848,23.0,0.0,153.0,3491855400,1721478048,0,0,
1789923700.6,0.9181269400775316,23.0,0.0,153.0,3492021354,1721643904,165954,165856,0.9994
1789923702.7,0.9449768978786102,23.0,0.0,153.0,3492296066,1721917728,274712,273824,0.9968
1789923704.8,0.9723918920851989,24.0,0.0,153.0,3492429276,1722049552,133210,131824,0.9896
1789923706.9,0.9085070164647318,22.0,0.0,153.0,3492429276,1722049552,0,0,
1789923709.0,0.9090863575893687,22.0,0.0,153.0,3492589085,1722209200,159809,159648,0.999
1789923711.1,0.9105668960189967,22.0,0.0,153.0,3492639407,1722257328,50322,48128,0.9564
1789923713.3,0.9224970317707812,23.0,0.0,153.0,3492782334,1722399920,142927,142592,0.9977
1789923715.4,0.9260231450355472,23.0,0.0,153.0,3492899849,1722517296,117515,117376,0.9988
1789923717.5,0.9397914371951307,24.0,0.0,153.0,3492988011,1722575392,88162,58096,0.659
1789923719.6,0.9099160312987254,23.0,0.0,153.0,3493190250,1722776672,202239,201280,0.9953
1789923721.7,0.9909808745905274,25.0,0.0,153.0,3493370248,1722956128,179998,179456,0.997
1789923723.9,0.9915244539173473,25.0,0.0,153.0,3493370248,1722956128,0,0,
1789923726.0,0.992082337963294,25.0,0.0,153.0,3493370248,1722956128,0,0,
1789923728.1,0.9399487891055259,24.0,0.0,153.0,3493370248,1722956128,0,0,
1789923730.2,0.9931408871786802,25.0,0.0,153.0,3493488062,1723073920,117814,117792,0.9998
1789923732.3,0.9641738309468294,24.0,0.0,153.0,3493488062,1723073920,0,0,
1789923734.5,0.9432102650664455,24.0,0.0,153.0,3493554074,1723139808,66012,65888,0.9981
1789923736.6,0.9949504341482255,25.0,0.0,153.0,3493935589,1723516112,381515,376304,0.9863
1789923738.7,0.9150871872630781,23.0,0.0,153.0,3493935589,1723516112,0,0,
1789923740.8,0.9378960619108244,24.0,0.0,153.0,3493986166,1723516112,50577,0,0.0
1789923742.9,0.9884417869455133,25.0,0.0,153.0,3494121044,1723646800,134878,130688,0.9689
1789923745.1,0.9894359649248287,25.0,0.0,153.0,3494188308,1723713024,67264,66224,0.9845
1789923747.2,0.9907591514440613,25.0,0.0,153.0,3494240740,1723763712,52432,50688,0.9667
1789923749.3,0.9920680332441673,26.0,0.0,153.0,3494468954,1723989856,228214,226144,0.9909
1789923751.4,0.9926759838070579,26.0,0.0,153.0,3494468954,1723989856,0,0,
1789923753.5,0.9402706452858798,25.0,0.0,153.0,3494538411,1724058992,69457,69136,0.9954
1789923755.6,0.9105454389403064,24.0,0.0,153.0,3494656668,1724177072,118257,118080,0.9985
1789923757.7,0.9431673509090649,25.0,0.0,153.0,3494943861,1724463520,287193,286448,0.9974
1789923759.8,0.9905159712189051,26.0,0.0,153.0,3495238111,1724757568,294250,294048,0.9993
1789923761.9,0.9599682435235384,25.0,0.0,153.0,3495238111,1724757568,0,0,
1789923764.1,0.9916818058277426,26.0,0.0,153.0,3495402213,1724920928,164102,163360,0.9955
1789923766.2,0.938997525283591,25.0,0.0,153.0,3495424712,1724940176,22499,19248,0.8555
1789923768.3,0.9980831676370034,26.0,0.0,153.0,3495633805,1725136560,209093,196384,0.9392
1789923770.4,0.9986410516829503,26.0,0.0,153.0,3495633805,1725136560,0,0,
1789923772.5,0.999198935728897,26.0,0.0,153.0,3495633805,1725136560,0,0,
1789923774.6,0.9999284764043658,26.0,0.0,153.0,3495671284,1725173632,37479,37072,0.9891
1789923776.7,0.9473228718154119,25.0,0.0,154.0,3495671284,1725173632,0,0,
1789923778.8,0.9647746291501567,25.0,0.0,154.0,3495905878,1725403232,234594,229600,0.9787
1789923780.9,0.9463787603530405,24.0,0.0,154.0,3495987492,1725481392,81614,78160,0.9577
1789923783.0,0.9248716151458366,24.0,0.0,154.0,3496057667,1725547024,70175,65632,0.9353
1789923785.2,0.9721558642196061,26.0,0.0,154.0,3496258017,1725732960,200350,185936,0.9281
1789923787.3,0.9729140143333286,26.0,0.0,154.0,3496281467,1725752208,23450,19248,0.8208
1789923789.4,0.9734718983792753,26.0,0.0,154.0,3496281467,1725752208,0,0,
1789923791.5,0.943510664168109,25.0,0.0,154.0,3496281467,1725752208,0,0,
1789923793.6,0.9010471054400847,24.0,0.0,154.0,3496323474,1725771456,42007,19248,0.4582
1789923795.7,0.896777146780723,23.0,0.0,154.0,3496437378,1725885344,113904,113888,0.9999
1789923797.8,0.9848226930064228,26.0,0.0,154.0,3496633166,1726077696,195788,192352,0.9825
1789923800.1,0.9854306435693135,26.0,0.0,154.0,3496633166,1726077696,0,0,
1789923802.2,0.9860314417726408,26.0,0.0,154.0,3496633166,1726077696,0,0,
1789923804.3,0.934126768420902,25.0,0.0,154.0,3496904902,1726348304,271736,270608,0.9958
1789923806.4,0.9812250561460226,26.0,0.0,154.0,3497145056,1726556752,240154,208448,0.868
1789923808.5,0.9894002031270116,27.0,0.0,154.0,3497147491,1726556752,2435,0,0.0
1789923810.6,0.9896147739139142,27.0,0.0,154.0,3497199258,1726608288,51767,51536,0.9955
1789923812.7,0.990258486274622,27.0,0.0,154.0,3497315250,1726724192,115992,115904,0.9992
1789923814.8,0.8863490065372567,24.0,0.0,154.0,3497315250,1726724192,0,0,
1789923816.9,0.99119544537743,27.0,0.0,154.0,3497548502,1726956176,233252,231984,0.9946
1789923819.1,0.9446693464173831,25.0,0.0,154.0,3497700517,1727103168,152015,146992,0.967
1789923821.2,0.9043658002775116,25.0,0.0,154.0,3497992163,1727393840,291646,290672,0.9967
1789923823.3,0.912190481639893,26.0,1.0,154.0,3498019667,1727393840,27504,0,0.0
1789923825.5,0.9197648304175547,27.0,0.0,154.0,3498024175,1727393840,4508,0,0.0
1789923827.6,0.9587809518360106,28.0,0.0,154.0,3498186038,1727554208,161863,160368,0.9908
1789923829.7,0.9282046147023904,27.0,0.0,154.0,3498374623,1727735728,188585,181520,0.9625
1789923831.8,0.9319309940349321,27.0,0.0,154.0,3498467680,1727821728,93057,86000,0.9242
1789923833.9,0.9396126282060452,27.0,0.0,154.0,3498665020,1728014368,197340,192640,0.9762
1789923836.0,0.9291558785243251,27.0,0.0,154.0,3498691544,1728033600,26524,19232,0.7251
1789923838.1,0.8350236743101549,26.0,0.0,154.0,3498815849,1728154112,124305,120512,0.9695
1789923840.2,0.95541219048164,29.0,0.0,154.0,3499083802,1728419600,267953,265488,0.9908
1789923842.4,0.9435821877637433,28.0,0.0,154.0,3499155891,1728491376,72089,71776,0.9957
1789923844.5,0.9247285679545683,28.0,0.0,154.0,3499270781,1728491376,114890,0,0.0
1789923846.6,0.943067217875177,28.0,0.0,154.0,3499270781,1728491376,0,0,
1789923848.7,0.9540603945241535,28.0,0.0,154.0,3499270781,1728491376,0,0,
1789923850.8,0.9950863289799304,29.0,0.0,154.0,3499352843,1728573328,82062,81952,0.9987
1789923852.9,0.995844479093653,29.0,0.0,154.0,3499436296,1728656512,83453,83184,0.9968
1789923855.0,0.9965311056117413,29.0,0.0,154.0,3499553141,1728772720,116845,116208,0.9945
1789923857.2,0.9471941293432703,28.0,0.0,154.0,3499687693,1728903776,134552,131056,0.974
1789923859.3,0.9472585005793411,28.0,0.0,154.0,3499716436,1728923488,28743,19712,0.6858
1789923861.4,0.9241921409873117,28.0,0.0,154.0,3499781343,1728980432,64907,56944,0.8773
1789923863.5,0.971898379275323,29.0,0.0,154.0,3499896590,1729077792,115247,97360,0.8448
1789923865.7,0.9396984565208062,28.0,0.0,154.0,3499896590,1729077792,0,0,
1789923867.8,0.8957829688014076,26.0,0.0,154.0,3499980179,1729160144,83589,82352,0.9852
1789923869.9,0.91992218232795,27.0,0.0,154.0,3500033598,1729160240,53419,96,0.0018
1789923872.0,0.8911696968830017,26.0,0.0,154.0,3500117650,1729244016,84052,83776,0.9967
1789923874.1,0.9004963737537013,26.0,0.0,154.0,3500190626,1729316976,72976,72960,0.9998
1789923876.3,0.8120932095498306,24.0,0.0,154.0,3500190626,1729316976,0,0,
1789923878.4,0.9680432574706396,28.0,0.0,154.0,3500565315,1729665616,374689,348640,0.9305
1789923880.5,0.9046018281431044,26.0,0.0,154.0,3500639459,1729739712,74144,74096,0.9994
1789923882.6,0.908785958487705,25.0,0.0,154.0,3500766135,1729865200,126676,125488,0.9906
1789923884.8,0.9094368232079764,25.0,0.0,154.0,3500766135,1729865200,0,0,
1789923886.9,0.8785243251748752,24.0,0.0,154.0,3500834607,1729865200,68472,0,0.0
1789923889.0,0.8874433175504599,24.0,0.0,154.0,3500908656,1729938416,74049,73216,0.9888
1789923891.2,0.7664253937373939,23.0,2.0,154.0,3501055370,1729959920,146714,21504,0.1466
1789923893.3,0.7810805784828415,23.0,3.0,154.0,3501055370,1729959920,0,0,
1789923895.4,0.7957429155878524,23.0,3.0,154.0,3501055370,1729959920,0,0,
1789923897.5,0.8030740841403579,23.0,3.0,154.0,3501055370,1729959920,0,0,
1789923899.6,0.8314403421688815,24.0,2.0,154.0,3501171117,1729966096,115747,6176,0.0534
1789923901.7,0.8460883745547656,24.0,2.0,154.0,3501171117,1729966096,0,0,
1789923903.8,0.8651565651508433,25.0,1.0,154.0,3501245564,1729975920,74447,9824,0.132
1789923905.9,0.8495215071452072,24.0,1.0,154.0,3501245564,1729975920,0,0,
1789923908.0,0.7842490737694365,22.0,0.0,154.0,3501372418,1730037776,126854,61856,0.4876
1789923910.1,0.7952494027779764,22.0,3.0,154.0,3501372418,1730037776,0,0,
1789923912.3,0.8172071466376758,23.0,3.0,154.0,3501442032,1730037776,69614,0,0.0
1789923914.4,0.9172972663681749,24.0,2.0,154.0,3501634820,1730220752,192788,182976,0.9491
1789923916.5,0.957150213855551,26.0,1.0,154.0,3501818108,1730358432,183288,137680,0.7512
1789923918.6,0.9749023702919594,26.0,1.0,154.0,3501894328,1730433776,76220,75344,0.9885
1789923920.7,0.9754101878209621,26.0,0.0,154.0,3502023127,1730556496,128799,122720,0.9528
1789923922.8,0.9414436322542807,25.0,0.0,154.0,3502023127,1730556496,0,0,
1789923924.9,0.9440470911353656,25.0,0.0,154.0,3502263544,1730793072,240417,236576,0.984
1789923927.0,0.9227473643555009,24.0,0.0,154.0,3502406002,1730931840,142458,138768,0.9741
1789923929.1,0.9294634299855522,25.0,0.0,154.0,3502535663,1731060192,129661,128352,0.9899
1789923931.2,0.8771725292173889,24.0,0.0,154.0,3502593406,1731101408,57743,41216,0.7138
1789923933.3,0.8509162172600742,24.0,0.0,154.0,3502722259,1731219088,128853,117680,0.9133
1789923935.5,0.8581401004191282,24.0,2.0,154.0,3502858945,1731318464,136686,99376,0.727
1789923937.6,0.8982576852103509,25.0,2.0,154.0,3502975074,1731367328,116129,48864,0.4208
1789923939.7,0.8889882272161587,24.0,2.0,154.0,3502975074,1731367328,0,0,
1789923941.8,0.9654183415108645,26.0,0.0,154.0,3503197613,1731583968,222539,216640,0.9735
1789923943.9,0.9904229905445806,27.0,0.0,154.0,3503252143,1731638288,54530,54320,0.9961
1789923946.0,0.991109617062669,27.0,0.0,154.0,3503252143,1731638288,0,0,
1789923948.1,0.9155234811964467,25.0,0.0,154.0,3503330700,1731715232,78557,76944,0.9795
1789923950.3,0.9271675225656945,25.0,0.0,154.0,3503418585,1731802144,87885,86912,0.9889
1789923952.4,0.9718697698370693,27.0,0.0,154.0,3503601622,1731947056,183037,144912,0.7917
1789923954.5,0.9800878309754388,26.0,1.0,154.0,3503672740,1731996816,71118,49760,0.6997
1789923956.6,0.9806028008640051,26.0,2.0,154.0,3503672740,1731996816,0,0,
1789923958.7,0.933275637632855,26.0,2.0,154.0,3503732052,1731996816,59312,0,0.0
1789923960.8,0.962514483528116,27.0,1.0,154.0,3503788845,1731996816,56793,0,0.0
1789923962.9,0.9674138498290586,27.0,1.0,154.0,3503788845,1731996816,0,0,
1789923965.0,0.9716194372523496,27.0,2.0,154.0,3503937464,1732069232,148619,72416,0.4873
1789923967.1,0.9825840044630724,27.0,2.0,154.0,3503937464,1732069232,0,0,
1789923969.3,0.9935485716737952,27.0,2.0,154.0,3503937464,1732069232,0,0,
1789923971.4,0.9874905231235784,26.0,3.0,154.0,3503937464,1732069232,0,0,
1789923973.5,0.9645457536441272,25.0,4.0,154.0,3503993802,1732069232,56338,0,0.0
1789923975.6,0.9552834480094984,25.0,4.0,154.0,3504081992,1732069232,88190,0,0.0
1789923977.7,0.9699886992718898,25.0,4.0,154.0,3504081992,1732069232,0,0,
1789923979.8,0.9514497832835053,26.0,2.0,154.0,3504162045,1732069232,80053,0,0.0
1789923981.9,0.9709256583746978,26.0,3.0,154.0,3504162045,1732069232,0,0,
1789923984.0,0.9647960862288469,26.0,3.0,154.0,3504229628,1732069232,67583,0,0.0
1789923986.2,0.9698027379232409,26.0,3.0,154.0,3504229628,1732069232,0,0,
1789923988.3,0.9863389932338679,26.0,3.0,154.0,3504300780,1732069232,71152,0,0.0
1789923990.4,0.9929048593130874,26.0,3.0,154.0,3504300780,1732069232,0,0,
1789923992.6,0.9934627433590342,26.0,3.0,154.0,3504300780,1732069232,0,0,
1789923994.7,0.9429742372008526,25.0,2.0,154.0,3504386603,1732069232,85823,0,0.0
1789923996.8,0.9649462857796787,25.0,4.0,154.0,3504386603,1732069232,0,0,
1789923998.9,0.9315590713376343,25.0,3.0,154.0,3504457988,1732069232,71385,0,0.0
1789924001.0,0.9572145850916217,27.0,1.0,154.0,3504560125,1732069232,102137,0,0.0
1789924003.1,0.9444547756304805,26.0,2.0,154.0,3504560125,1732069232,0,0,
1789924005.2,0.9664768907262506,27.0,1.0,154.0,3504617385,1732069232,57260,0,0.0
1789924007.3,0.9786359019840646,27.0,1.0,154.0,3504617385,1732069232,0,0,
1789924009.5,0.9792295478278285,27.0,1.0,154.0,3504617385,1732069232,0,0,
1789924011.6,0.9500622255282017,26.0,2.0,154.0,3504617385,1732069232,0,0,
1789924013.7,0.950663023731529,26.0,3.0,154.0,3504617385,1732069232,0,0,
1789924015.8,0.9425021814696668,26.0,3.0,154.0,3504745534,1732069232,128149,0,0.0
1789924017.9,0.9607693077946414,26.0,3.0,154.0,3504745534,1732069232,0,0,
1789924020.0,0.9717553320840545,26.0,3.0,154.0,3504745534,1732069232,0,0,
1789924022.1,0.9596678444218748,26.0,2.0,154.0,3504830905,1732069232,85371,0,0.0
1789924024.2,0.9852804440184817,26.0,2.0,154.0,3504830905,1732069232,0,0,
1789924026.4,0.9909093509948932,26.0,3.0,154.0,3504830905,1732069232,0,0,
1789924028.6,0.9319596034731858,25.0,3.0,154.0,3504910306,1732069232,79401,0,0.0
1789924030.7,0.9575507459911025,25.0,3.0,154.0,3504910306,1732069232,0,0,
1789924032.8,0.9832062597450899,26.0,2.0,154.0,3504978358,1732069232,68052,0,0.0
1789924034.9,0.9909951793096543,26.0,2.0,154.0,3504978358,1732069232,0,0,
1789924037.1,0.9707396970260489,26.0,2.0,154.0,3505035911,1732069232,57553,0,0.0
1789924039.2,0.9932767820103853,27.0,2.0,154.0,3505061103,1732069232,25192,0,0.0
1789924041.3,0.9617992475717739,26.0,2.0,154.0,3505061103,1732069232,0,0,
1789924043.4,0.8674810820089548,25.0,1.0,154.0,3505189188,1732069232,128085,0,0.0
1789924045.5,0.8857768177721831,25.0,3.0,154.0,3505189188,1732069232,0,0,
1789924047.6,0.8607006451428326,24.0,4.0,154.0,3505189188,1732069232,0,0,
1789924049.7,0.8753558298882802,25.0,4.0,154.0,3505268032,1732069232,78844,0,0.0
1789924051.8,0.8972921166692892,25.0,4.0,154.0,3505268032,1732069232,0,0,
1789924053.9,0.9620853419543107,26.0,3.0,154.0,3505385404,1732182752,117372,113520,0.9672
1789924056.0,0.9513281931709271,25.0,4.0,154.0,3505385404,1732182752,0,0,
1789924058.2,0.9465361122634357,25.0,4.0,154.0,3505504642,1732182752,119238,0,0.0
1789924060.3,0.9611984493684467,25.0,4.0,154.0,3505504642,1732182752,0,0,
1789924062.4,0.9744088574820834,25.0,4.0,154.0,3505504642,1732182752,0,0,
1789924064.5,0.9438825868654069,25.0,3.0,154.0,3505593584,1732182752,88942,0,0.0
1789924066.6,0.9622355415051426,26.0,2.0,154.0,3505665417,1732182752,71833,0,0.0
1789924068.7,0.9878338363826227,26.0,2.0,154.0,3505665417,1732182752,0,0,
1789924070.8,0.9943567883044616,26.0,3.0,154.0,3505665417,1732182752,0,0,
1789924072.9,0.9552047720543008,26.0,1.0,154.0,3505760939,1732182752,95522,0,0.0
1789924075.0,0.9797516700759581,26.0,2.0,154.0,3505760939,1732182752,0,0,
1789924077.1,0.9802380305262706,26.0,3.0,154.0,3505760939,1732182752,0,0,
1789924079.2,0.9535525769951507,26.0,2.0,154.0,3505877743,1732182752,116804,0,0.0
1789924081.3,0.9677857725263564,25.0,3.0,154.0,3505877743,1732182752,0,0,
1789924083.4,0.9788075586135866,25.0,4.0,154.0,3505877743,1732182752,0,0,
1789924085.5,0.9433819216959675,25.0,3.0,154.0,3505949836,1732182752,72093,0,0.0
1789924087.7,0.9653396655556669,26.0,3.0,154.0,3506006660,1732182752,56824,0,0.0
1789924089.8,0.9876836368317908,26.0,3.0,154.0,3506006660,1732182752,0,0,
1789924091.9,0.9882558255968644,26.0,3.0,154.0,3506006660,1732182752,0,0,
1789924094.0,0.9755746920909208,26.0,3.0,154.0,3506083838,1732182752,77178,0,0.0
1789924096.1,0.9963451442630924,27.0,2.0,154.0,3506110070,1732182752,26232,0,0.0
1789924098.2,0.900131603415967,25.0,1.0,154.0,3506238445,1732182752,128375,0,0.0
1789924100.3,0.8853619809175047,24.0,5.0,154.0,3506238445,1732182752,0,0,
1789924102.4,0.9000457751012059,24.0,5.0,154.0,3506238445,1732182752,0,0,
1789924104.5,0.9110103423119287,25.0,4.0,154.0,3506324604,1732182752,86159,0,0.0
1789924106.6,0.9366300942680991,25.0,4.0,154.0,3506324604,1732182752,0,0,
1789924108.7,0.9549902012673981,26.0,3.0,154.0,3506413857,1732182752,89253,0,0.0
1789924110.9,0.928283290657588,25.0,4.0,154.0,3506413857,1732182752,0,0,
1789924113.0,0.8854621139513925,24.0,5.0,154.0,3506486270,1732182752,72413,0,0.0
1789924115.1,0.9038150685911283,24.0,5.0,154.0,3506486270,1732182752,0,0,
1789924117.2,0.8909050595791552,24.0,5.0,154.0,3506566013,1732182752,79743,0,0.0
1789924119.3,0.9128914128771082,25.0,4.0,154.0,3506647682,1732182752,81669,0,0.0
1789924121.4,0.9348420043772441,25.0,4.0,154.0,3506647682,1732182752,0,0,
1789924123.5,0.9604760610525412,26.0,3.0,154.0,3506761893,1732182752,114211,0,0.0
1789924125.6,0.9788218633327135,26.0,4.0,154.0,3506761893,1732182752,0,0,
1789924127.8,0.9927117456048751,26.0,4.0,154.0,3506761893,1732182752,0,0,
1789924129.9,0.9671349078060852,25.0,4.0,154.0,3506761893,1732182752,0,0,
1789924132.0,0.9810533995165005,25.0,5.0,154.0,3506855365,1732182752,93472,0,0.0
1789924134.1,0.9957228889810749,25.0,5.0,154.0,3506855365,1732182752,0,0,
1789924136.2,0.99780422561403,25.0,5.0,154.0,3506855365,1732182752,0,0,
1789924138.3,0.9660477491524454,25.0,4.0,154.0,3506921684,1732182752,66319,0,0.0
1789924140.4,0.9705322785987097,25.0,5.0,154.0,3506921684,1732182752,0,0,
1789924142.5,0.9610124880197978,25.0,4.0,154.0,3507038653,1732182752,116969,0,0.0
1789924144.6,0.9793082237830261,25.0,4.0,154.0,3507038653,1732182752,0,0,
1789924146.7,0.9902870957128757,25.0,4.0,154.0,3507038653,1732182752,0,0,
1789924148.8,0.9919249860528988,25.0,4.0,154.0,3507038653,1732182752,0,0,
1789924150.9,0.974623428268986,25.0,4.0,154.0,3507124359,1732182752,85706,0,0.0
1789924153.1,0.9929048593130874,25.0,4.0,154.0,3507124359,1732182752,0,0,
1789924155.2,0.9770981446779292,25.0,3.0,154.0,3507183208,1732182752,58849,0,0.0
1789924157.3,0.9890425851488406,25.0,3.0,154.0,3507183208,1732182752,0,0,
1789924159.4,0.9895933168352239,25.0,3.0,154.0,3507183208,1732182752,0,0,
1789924161.5,0.9102378874790793,24.0,1.0,154.0,3507339130,1732182752,155922,0,0.0
1789924163.6,0.9358504870756863,24.0,4.0,154.0,3507339130,1732182752,0,0,
1789924165.7,0.9468365113650994,24.0,4.0,154.0,3507339130,1732182752,0,0,
1789924167.8,0.9614916961105469,25.0,3.0,154.0,3507425996,1732182752,86866,0,0.0
1789924169.9,0.9834565923298096,25.0,3.0,154.0,3507425996,1732182752,0,0,
1789924172.0,0.9995637060666314,25.0,3.0,154.0,3507425996,1732182752,0,0,
1789924174.2,0.9612413635258271,24.0,4.0,155.0,3507425996,1732182752,0,0,
1789924176.3,0.9620424277969302,23.0,4.0,155.0,3507425996,1732182752,0,0,
1789924178.4,0.931723575607593,23.0,3.0,155.0,3507521909,1732182752,95913,0,0.0
1789924180.5,0.9500336160899481,23.0,5.0,155.0,3507521909,1732182752,0,0,
1789924182.6,0.953080521263965,23.0,5.0,155.0,3507521909,1732182752,0,0,
1789924184.7,0.9211380834537314,23.0,4.0,155.0,3507641929,1732182752,120020,0,0.0
1789924186.8,0.9394481239360866,23.0,5.0,155.0,3507641929,1732182752,0,0,
1789924188.9,0.9504484529446264,24.0,4.0,155.0,3507715112,1732182752,73183,0,0.0
1789924191.1,0.9760825096199236,24.0,4.0,155.0,3507715112,1732182752,0,0,
1789924193.2,0.9539316520520119,24.0,3.0,155.0,3507745777,1732182752,30665,0,0.0
1789924195.3,0.954510993176649,24.0,3.0,155.0,3507745777,1732182752,0,0,
1789924197.4,0.9310655585277583,24.0,4.0,155.0,3507863649,1732182752,117872,0,0.0
1789924199.6,0.9530590641852748,24.0,4.0,155.0,3507863649,1732182752,0,0,
1789924201.7,0.9677070965711588,24.0,4.0,155.0,3507863649,1732182752,0,0,
1789924203.8,0.9860099846939505,25.0,3.0,155.0,3507922708,1732182752,59059,0,0.0
1789924205.9,0.9469509491181141,24.0,3.0,155.0,3507922708,1732182752,0,0,
1789924208.0,0.9517287253064786,24.0,3.0,155.0,3508051769,1732182752,129061,0,0.0
1789924210.1,0.9700459181483971,24.0,3.0,155.0,3508051769,1732182752,0,0,
1789924212.3,0.9054100447737709,22.0,4.0,155.0,3508051769,1732182752,0,0,
1789924214.4,0.887257356201811,22.0,6.0,155.0,3508148288,1732182752,96519,0,0.0
1789924216.5,0.909243709499764,22.0,6.0,155.0,3508148288,1732182752,0,0,
1789924218.6,0.9239060466047749,23.0,5.0,155.0,3508226292,1732182752,78004,0,0.0
1789924220.7,0.9495186462013818,23.0,5.0,155.0,3508226292,1732182752,0,0,
1789924222.8,0.9715336089375886,24.0,4.0,155.0,3508257650,1732182752,31358,0,0.0
1789924224.9,0.90616104252793,24.0,4.0,155.0,3508347732,1732182752,90082,0,0.0
1789924227.0,0.9244853877294119,24.0,4.0,155.0,3508347732,1732182752,0,0,
1789924229.1,0.950083682606892,25.0,3.0,155.0,3508465179,1732182752,117447,0,0.0
1789924231.2,0.9647531720714664,25.0,3.0,155.0,3508465179,1732182752,0,0,
1789924233.3,0.9772411918691977,25.0,3.0,155.0,3508465179,1732182752,0,0,
1789924235.4,0.9777776188364542,25.0,3.0,155.0,3508465179,1732182752,0,0,
1789924237.6,0.9280901769493756,24.0,3.0,155.0,3508554788,1732182752,89609,0,0.0
1789924239.7,0.9464288268699844,25.0,3.0,155.0,3508628299,1732182752,73511,0,0.0
1789924241.8,0.9720771882644085,25.0,3.0,155.0,3508628299,1732182752,0,0,
1789924243.9,0.9796014705251262,25.0,3.0,155.0,3508628299,1732182752,0,0,
1789924246.0,0.9440470911353656,24.0,4.0,155.0,3508628299,1732182752,0,0,
1789924248.1,0.8715936887579212,23.0,3.0,155.0,3508823150,1732182752,194851,0,0.0
1789924250.2,0.8602929606477177,22.0,7.0,155.0,3508823150,1732182752,0,0,
1789924252.3,0.8712861372966942,22.0,7.0,155.0,3508823150,1732182752,0,0,
1789924254.4,0.8822435521478535,22.0,7.0,155.0,3508823150,1732182752,0,0,
1789924256.5,0.8932295764372666,22.0,7.0,155.0,3508823150,1732182752,0,0,
1789924258.6,0.9005678973493355,22.0,7.0,155.0,3508823150,1732182752,0,0,
1789924260.7,0.9078919135422776,23.0,6.0,155.0,3508854746,1732182752,31596,0,0.0
1789924262.8,0.9371879783140458,24.0,5.0,155.0,3508983950,1732182752,129204,0,0.0
1789924265.0,0.9016192942051583,23.0,5.0,155.0,3508983950,1732182752,0,0,
1789924267.1,0.9162887836697327,23.0,5.0,155.0,3508983950,1732182752,0,0,
1789924269.2,0.9272819603187091,24.0,4.0,155.0,3509065358,1732182752,81408,0,0.0
1789924271.3,0.9528731028366259,24.0,4.0,155.0,3509065358,1732182752,0,0,
1789924273.4,0.9622212367860157,24.0,4.0,155.0,3509065358,1732182752,0,0,
1789924275.5,0.963093824652753,24.0,4.0,155.0,3509157574,1732182752,92216,0,0.0
1789924277.6,0.9409644241635315,23.0,5.0,155.0,3509157574,1732182752,0,0,
1789924279.7,0.9113965697283534,23.0,4.0,155.0,3509287651,1732182752,130077,0,0.0
1789924281.8,0.9297137625702719,23.0,4.0,155.0,3509287651,1732182752,0,0,
1789924283.9,0.944326033158339,23.0,4.0,155.0,3509287651,1732182752,0,0,
1789924286.1,0.955312057447752,24.0,4.0,155.0,3509345727,1732182752,58076,0,0.0
1789924288.2,0.9809818759208663,24.0,4.0,155.0,3509345727,1732182752,0,0,
1789924290.3,0.9800306120989314,25.0,3.0,155.0,3509416944,1732182752,71217,0,0.0
1789924292.4,0.943954110461041,25.0,2.0,155.0,3509507532,1732182752,90588,0,0.0
1789924294.5,0.9622856080220865,25.0,2.0,155.0,3509507532,1732182752,0,0,
1789924296.6,0.9630795199336261,25.0,3.0,155.0,3509507532,1732182752,0,0,
1789924298.7,0.923891741885648,25.0,2.0,155.0,3509624979,1732182752,117447,0,0.0
1789924300.8,0.9422017823680032,25.0,4.0,155.0,3509624979,1732182752,0,0,
1789924302.9,0.9531806542978528,25.0,4.0,155.0,3509624979,1732182752,0,0,
1789924305.0,0.9788361680518403,26.0,3.0,155.0,3509699309,1732182752,74330,0,0.0
1789924307.2,0.9412719756247586,25.0,3.0,155.0,3509831973,1732182752,132664,0,0.0
1789924309.3,0.9632297194844579,25.0,4.0,155.0,3509831973,1732182752,0,0,
1789924311.4,0.9427954282117671,24.0,4.0,155.0,3509831973,1732182752,0,0,
1789924313.5,0.9245283018867925,23.0,5.0,155.0,3509831973,1732182752,0,0,
1789924315.6,0.9464860457464918,24.0,5.0,155.0,3509953574,1732182752,121601,0,0.0
1789924317.7,0.9648175433075371,24.0,5.0,155.0,3509953574,1732182752,0,0,
1789924319.9,0.9455991531606277,23.0,5.0,155.0,3509953574,1732182752,0,0,
1789924322.0,0.9499907019325675,23.0,6.0,155.0,3509953574,1732182752,0,0,
1789924324.1,0.9164532879396913,23.0,5.0,155.0,3510083051,1732182752,129477,0,0.0
1789924326.2,0.9384253365185175,23.0,6.0,155.0,3510083051,1732182752,0,0,
1789924328.3,0.9530876736235284,23.0,6.0,155.0,3510083051,1732182752,0,0,
1789924330.4,0.9640522408342512,24.0,5.0,155.0,3510115820,1732182752,32769,0,0.0
1789924332.5,0.9564135208205187,24.0,4.0,155.0,3510213812,1732182752,97992,0,0.0
1789924334.6,0.9784070264780351,24.0,4.0,155.0,3510213812,1732182752,0,0,
1789924336.7,0.9889281473958259,24.0,5.0,155.0,3510213812,1732182752,0,0,
1789924338.8,0.9070121733159769,23.0,4.0,155.0,3510287429,1732182752,73617,0,0.0
1789924340.9,0.9253079090792052,23.0,6.0,155.0,3510287429,1732182752,0,0,
1789924343.1,0.9509419657545024,24.0,5.0,155.0,3510365946,1732182752,78517,0,0.0
1789924345.2,0.9729140143333286,25.0,4.0,155.0,3510433490,1732182752,67544,0,0.0
1789924347.3,0.9945355972935471,25.0,4.0,155.0,3510433490,1732182752,0,0,
1789924349.4,0.9803667729984121,24.0,4.0,155.0,3510433490,1732182752,0,0,
1789924351.5,0.9727995765803138,24.0,4.0,155.0,3510534082,1732182752,100592,0,0.0
1789924353.6,0.9911310741413593,24.0,5.0,155.0,3510534082,1732182752,0,0,
1789924355.7,0.9997568197748438,24.0,5.0,155.0,3510534082,1732182752,0,0,
1789924357.8,0.9552834480094984,23.0,6.0,156.0,3510534082,1732182752,0,0,
1789924359.9,0.9721415595004792,24.0,4.0,156.0,3510608798,1732182752,74716,0,0.0
1789924362.0,0.9977613114566496,24.0,5.0,156.0,3510608798,1732182752,0,0,
1789924364.1,0.9725277869169039,23.0,5.0,156.0,3510608798,1732182752,0,0,
1789924366.2,0.9466648547355773,22.0,4.0,156.0,3510695804,1732182752,87006,0,0.0
1789924368.4,0.956470739697026,22.0,5.0,156.0,3510695804,1732182752,0,0,
1789924370.5,0.9432889410216431,22.0,4.0,156.0,3510818199,1732182752,122395,0,0.0
1789924372.6,0.9579226686884003,22.0,4.0,156.0,3510818199,1732182752,0,0,
1789924374.7,0.9725492439955942,23.0,3.0,156.0,3510851237,1732182752,33038,0,0.0
1789924376.8,0.9383252034846296,23.0,2.0,156.0,3510909703,1732182752,58466,0,0.0
1789924379.0,0.967642725335088,24.0,3.0,156.0,3510988690,1732182752,78987,0,0.0
1789924381.1,0.993255324931695,24.0,4.0,156.0,3510988690,1732182752,0,0,
1789924383.2,0.9632082624057676,23.0,5.0,156.0,3510988690,1732182752,0,0,
1789924385.3,0.8995451099317665,23.0,4.0,156.0,3511072112,1732182752,83422,0,0.0
1789924387.4,0.8806628806843377,22.0,5.0,156.0,3511072112,1732182752,0,0,
1789924389.5,0.8989943782453832,23.0,4.0,156.0,3511158807,1732182752,86695,0,0.0
1789924391.7,0.9098087459052742,22.0,4.0,156.0,3511158807,1732182752,0,0,
1789924393.8,0.9317521850458467,23.0,4.0,156.0,3511198441,1732182752,39634,0,0.0
1789924395.9,0.9160026892871959,23.0,3.0,156.0,3511316856,1732182752,118415,0,0.0
1789924398.0,0.9306292645943897,23.0,3.0,156.0,3511316856,1732182752,0,0,
1789924400.1,0.941600984164676,23.0,4.0,156.0,3511316856,1732182752,0,0,
1789924402.2,0.9672708026377902,24.0,4.0,156.0,3511391832,1732182752,74976,0,0.0
1789924404.3,0.9760682049007968,24.0,4.0,156.0,3511391832,1732182752,0,0,
1789924406.4,0.9612628206045174,24.0,3.0,156.0,3511483133,1732182752,91301,0,0.0
1789924408.5,0.9831991073855265,24.0,3.0,156.0,3511483133,1732182752,0,0,
1789924410.7,0.991417168523896,24.0,4.0,156.0,3511483133,1732182752,0,0,
1789924412.8,0.9697812808445506,24.0,4.0,156.0,3511516309,1732182752,33176,0,0.0
1789924414.9,0.95294462643226,24.0,4.0,156.0,3511617381,1732182752,101072,0,0.0
1789924417.0,0.9712475145550518,24.0,4.0,156.0,3511617381,1732182752,0,0,
1789924419.1,0.9800377644584949,24.0,4.0,156.0,3511617381,1732182752,0,0,
1789924421.2,0.9801522022115096,24.0,4.0,156.0,3511677581,1732182752,60200,0,0.0
1789924423.3,0.9927045932453116,24.0,4.0,156.0,3511677581,1732182752,0,0,
1789924425.4,0.9932624772912584,24.0,4.0,156.0,3511677581,1732182752,0,0,
1789924427.5,0.9885204629007109,24.0,3.0,156.0,3511736328,1732182752,58747,0,0.0
1789924429.6,0.9703749266883145,24.0,2.0,156.0,3511818708,1732182752,82380,0,0.0
1789924431.7,0.9470796915902556,23.0,2.0,156.0,3511818708,1732182752,0,0,
1789924433.8,0.9727209006251162,24.0,2.0,156.0,3511898124,1732182752,79416,0,0.0
1789924435.9,0.9663195388158553,24.0,2.0,156.0,3511932247,1732182752,34123,0,0.0
1789924438.0,0.9514926974408857,24.0,3.0,156.0,3512033631,1732182752,101384,0,0.0
1789924440.1,0.9734575936601485,24.0,4.0,156.0,3512033631,1732182752,0,0,
1789924442.2,0.9823622813166063,24.0,4.0,156.0,3512033631,1732182752,0,0,
1789924444.4,0.8820146766418241,22.0,3.0,156.0,3512109520,1732182752,75889,0,0.0
1789924446.5,0.9003175647646159,22.0,4.0,156.0,3512109520,1732182752,0,0,
1789924448.6,0.929613629536384,23.0,4.0,156.0,3512168867,1732182752,59347,0,0.0
1789924450.7,0.9552619909308081,24.0,3.0,156.0,3512252703,1732182752,83836,0,0.0
1789924452.8,0.9735505743344729,25.0,4.0,156.0,3512294079,1732182752,41376,0,0.0
1789924454.9,0.9908163703205688,25.0,4.0,156.0,3512339757,1732182752,45678,0,0.0
1789924457.0,0.993477048078161,25.0,4.0,156.0,3512339757,1732182752,0,0,
1789924459.1,0.9036863261189867,23.0,5.0,156.0,3512470207,1732182752,130450,0,0.0
1789924461.2,0.921982061882215,23.0,6.0,156.0,3512470207,1732182752,0,0,
1789924463.3,0.9329752385311915,23.0,6.0,156.0,3512470207,1732182752,0,0,
1789924465.4,0.9439684151801679,24.0,5.0,156.0,3512511434,1732182752,41227,0,0.0
1789924467.5,0.9769121833292803,25.0,4.0,156.0,3512591064,1732182752,79630,0,0.0
1789924469.7,0.9980331011200595,25.0,4.0,156.0,3512591064,1732182752,0,0,
1789924471.8,0.9985194615703721,25.0,4.0,156.0,3512591064,1732182752,0,0,
1789924473.9,0.9991345644928262,25.0,4.0,156.0,3512591064,1732182752,0,0,
1789924476.0,0.9793725950190968,25.0,3.0,156.0,3512625812,1732182752,34748,0,0.0
1789924478.1,0.9604116898164704,25.0,2.0,156.0,3512701535,1732182752,75723,0,0.0
1789924480.2,0.9725349392764673,25.0,3.0,156.0,3512701535,1732182752,0,0,
1789924482.3,0.9731357374797945,25.0,4.0,156.0,3512701535,1732182752,0,0,
1789924484.4,0.9868682678415609,25.0,3.0,156.0,3512785851,1732182752,84316,0,0.0
1789924486.5,0.9955297752728626,25.0,3.0,156.0,3512785851,1732182752,0,0,
1789924488.6,0.9593245311628307,25.0,2.0,156.0,3512869854,1732182752,84003,0,0.0
1789924490.7,0.9749953509662838,25.0,2.0,156.0,3512869854,1732182752,0,0,
1789924492.8,0.9544323172214514,25.0,1.0,156.0,3512962835,1732182752,92981,0,0.0
1789924494.9,0.9459996852961792,24.0,1.0,156.0,3512962835,1732182752,0,0,
1789924497.1,0.9679860385941322,25.0,0.0,156.0,3513042508,1732182752,79673,0,0.0
1789924499.2,0.9311013203255754,24.0,0.0,156.0,3513042508,1732182752,0,0,
1789924501.3,0.897985895546941,23.0,0.0,156.0,3513042508,1732182752,0,0,
1789924503.4,0.8442788275852203,21.0,0.0,156.0,3513042508,1732182752,0,0,
1789924505.5,0.7424864462786274,18.0,0.0,156.0,3513042508,1732182752,0,0,
1789924507.6,0.6523738681390991,16.0,0.0,156.0,3513042508,1732182752,0,0,
1789924509.7,0.6150385512180468,15.0,0.0,156.0,3513042508,1732182752,0,0,
1789924511.8,0.6155249116683594,15.0,0.0,156.0,3513042508,1732182752,0,0,
1789924513.9,0.6160255768377988,15.0,0.0,156.0,3513042508,1732182752,0,0,
1789924516.0,0.6165262420072382,15.0,0.0,156.0,3513042508,1732182752,0,0,
1789924518.2,0.6170126024575507,15.0,0.0,156.0,3513042508,1732182752,0,0,
1789924520.3,0.5887893916202955,14.0,0.0,156.0,3513042508,1732182752,0,0,
1789924522.4,0.5892328379132276,14.0,0.0,156.0,3513042508,1732182752,0,0,
1789924524.5,0.509555552376729,12.0,0.0,156.0,3513042508,1732182752,0,0,
1789924526.6,0.46817199994278114,11.0,0.0,156.0,3513042508,1732182752,0,0,
1789924528.8,0.4311656915616462,10.0,0.0,156.0,3513042508,1732182752,0,0,
1789924530.9,0.40465904701961175,9.0,0.0,156.0,3513042508,1732182752,0,0,
1789924533.0,0.405174016908178,9.0,0.0,156.0,3513042508,1732182752,0,0,
1789924535.1,0.38638476833507374,8.0,0.0,156.0,3513042508,1732182752,0,0,
1789924537.2,0.38686397642582293,8.0,0.0,156.0,3513042508,1732182752,0,0,
1789924539.3,0.3873717939548257,8.0,0.0,156.0,3513042508,1732182752,0,0,
1789924541.4,0.38787245912426505,8.0,0.0,156.0,3513042508,1732182752,0,0,
1789924543.5,0.38835166721501424,8.0,0.0,156.0,3513042508,1732182752,0,0,
1789924545.6,0.3888594847440171,8.0,0.0,156.0,3513042508,1732182752,0,0,
1789924547.8,0.3893529975538931,8.0,0.0,156.0,3513042508,1732182752,0,0,
1789924549.9,0.38983935800420555,8.0,0.0,156.0,3513042508,1732182752,0,0,
1789924552.0,0.3588624887350337,7.0,0.0,156.0,3513042508,1732182752,0,0,
1789924554.1,0.3593202397470926,7.0,0.0,156.0,3513042508,1732182752,0,0,
1789924556.2,0.32513911339350854,6.0,0.0,156.0,3513042508,1732182752,0,0,
1789924558.3,0.3255539502481869,6.0,0.0,156.0,3513042508,1732182752,0,0,
1789924560.5,0.32596163474330186,6.0,0.0,156.0,3513042508,1732182752,0,0,
1789924562.6,0.3263693192384167,6.0,0.0,156.0,3513042508,1732182752,0,0,
1789924564.7,0.3267913084526586,6.0,0.0,156.0,3513042508,1732182752,0,0,
1789924566.8,0.2656171771067275,5.0,0.0,156.0,3513042508,1732182752,0,0,
1789924568.9,0.176420100991317,4.0,0.0,156.0,3513042508,1732182752,0,0,
1789924571.0,0.14420587351767344,3.0,0.0,156.0,3513042508,1732182752,0,0,
1789924573.2,0.09029853948817712,2.0,0.0,156.0,3513042508,1732182752,0,0,
1789924575.3,0.09057032915158714,2.0,0.0,156.0,3513042508,1732182752,0,0,
1789924577.4,0.09084211881499704,2.0,0.0,156.0,3513042508,1732182752,0,0,
1789924579.5,0.09110675611884356,2.0,0.0,156.0,3513042508,1732182752,0,0,
1789924581.6,0.09137139342269018,2.0,0.0,156.0,3513042508,1732182752,0,0,
1789924583.7,0.09164318308610009,2.0,0.0,156.0,3513042508,1732182752,0,0,
1789924585.8,0.0919149727495101,2.0,0.0,156.0,3513042508,1732182752,0,0,
1789924588.0,0.04733431559071333,1.0,0.0,156.0,3513042508,1732182752,0,0,
1789924590.1,0.04748451514154517,1.0,0.0,156.0,3513042508,1732182752,0,0,
1789924592.2,0.0,0.0,0.0,156.0,3513042508,1732182752,0,0,
1789924594.3,0.0,0.0,0.0,156.0,3513042508,1732182752,0,0,
1789924596.4,0.0,0.0,0.0,156.0,3513042508,1732182752,0,0,
1789924598.5,0.0,0.0,0.0,156.0,3513042508,1732182752,0,0,
1789924600.6,0.0,0.0,0.0,156.0,3513042508,1732182752,0,0,
1789924602.7,0.0,0.0,0.0,156.0,3513042508,1732182752,0,0,
1789924604.8,0.0,0.0,0.0,156.0,3513042508,1732182752,0,0,
1789924606.9,0.0,0.0,0.0,156.0,3513042508,1732182752,0,0,
1789924609.0,0.0,0.0,0.0,156.0,3513042508,1732182752,0,0,
1789924611.1,0.0,0.0,0.0,156.0,3513042508,1732182752,0,0,
1789924613.2,0.0,0.0,0.0,156.0,3513042508,1732182752,0,0,
1789924615.3,0.0,0.0,0.0,156.0,3513042508,1732182752,0,0,
1789924617.4,0.0,0.0,0.0,156.0,3513042508,1732182752,0,0,
1789924619.5,0.0,0.0,0.0,156.0,3513042508,1732182752,0,0,
1789924621.6,0.0,0.0,0.0,156.0,3513042508,1732182752,0,0,
1789924623.7,0.0,0.0,0.0,156.0,3513042508,1732182752,0,0,
1789924625.8,0.0,0.0,0.0,156.0,3513042508,1732182752,0,0,
1789924627.9,0.0,0.0,0.0,156.0,3513042508,1732182752,0,0,
1789924630.0,0.0,0.0,0.0,156.0,3513042508,1732182752,0,0,
1789924632.2,0.0,0.0,0.0,156.0,3513042508,1732182752,0,0,
1789924634.3,0.0,0.0,0.0,156.0,3513042508,1732182752,0,0,
1789924636.4,0.0,0.0,0.0,156.0,3513042508,1732182752,0,0,
1789924638.5,0.0,0.0,0.0,156.0,3513042508,1732182752,0,0,
1789924640.6,0.0,0.0,0.0,156.0,3513042508,1732182752,0,0,
1789924642.7,0.0,0.0,0.0,156.0,3513042508,1732182752,0,0,
1789924644.8,0.0,0.0,0.0,156.0,3513042508,1732182752,0,0,
1789924646.9,0.0,0.0,0.0,156.0,3513042508,1732182752,0,0,
1789924649.0,0.0,0.0,0.0,156.0,3513042508,1732182752,0,0,
1789924651.1,0.0,0.0,0.0,156.0,3513042508,1732182752,0,0,
1789924653.2,0.0,0.0,0.0,156.0,3513042508,1732182752,0,0,
1789924655.3,0.0,0.0,0.0,156.0,3513042508,1732182752,0,0,
1789924657.4,0.0,0.0,0.0,156.0,3513042508,1732182752,0,0,
1789924659.5,0.0,0.0,0.0,156.0,3513042508,1732182752,0,0,
1789924661.6,0.0,0.0,0.0,156.0,3513042508,1732182752,0,0,
1789924663.7,0.0,0.0,0.0,156.0,3513042508,1732182752,0,0,
1789924665.8,0.0,0.0,0.0,156.0,3513042508,1732182752,0,0,
1789924667.9,0.0,0.0,0.0,156.0,3513042508,1732182752,0,0,
1789924670.0,0.0,0.0,0.0,156.0,3513042508,1732182752,0,0,
1789924672.2,0.0,0.0,0.0,156.0,3513042508,1732182752,0,0,
1789924674.3,0.0,0.0,0.0,156.0,3513042508,1732182752,0,0,
1789924676.4,0.0,0.0,0.0,156.0,3513042508,1732182752,0,0,
1789924678.5,0.0,0.0,0.0,156.0,3513042508,1732182752,0,0,
1789924680.7,0.0,0.0,0.0,156.0,3513042508,1732182752,0,0,
1789924682.8,0.0,0.0,0.0,156.0,3513042508,1732182752,0,0,
1789924684.9,0.0,0.0,0.0,156.0,3513042508,1732182752,0,0,
1789924687.0,0.0,0.0,0.0,156.0,3513042508,1732182752,0,0,
1789924689.1,0.0,0.0,0.0,156.0,3513042508,1732182752,0,0,
1789924691.2,0.0,0.0,0.0,156.0,3513042508,1732182752,0,0,
1789924693.3,0.0,0.0,0.0,156.0,3513042508,1732182752,0,0,
1789924695.4,0.0,0.0,0.0,156.0,3513042508,1732182752,0,0,
1789924697.5,0.0,0.0,0.0,156.0,3513042508,1732182752,0,0,
1789924699.6,0.0,0.0,0.0,156.0,3513042508,1732182752,0,0,
1789924701.7,0.0,0.0,0.0,156.0,3513042508,1732182752,0,0,
1789924703.8,0.0,0.0,0.0,156.0,3513042508,1732182752,0,0,
1789924706.0,0.0,0.0,0.0,156.0,3513042508,1732182752,0,0,
1789924708.1,0.0,0.0,0.0,156.0,3513042508,1732182752,0,0,
1789924710.2,0.0,0.0,0.0,156.0,3513042508,1732182752,0,0,
1789924712.3,0.0,0.0,0.0,156.0,3513042508,1732182752,0,0,
1789924714.4,0.0,0.0,0.0,156.0,3513042508,1732182752,0,0,
1789924716.5,0.0,0.0,0.0,156.0,3513042508,1732182752,0,0,
1789924718.6,0.0,0.0,0.0,156.0,3513042508,1732182752,0,0,
1789924720.7,0.0,0.0,0.0,156.0,3513042508,1732182752,0,0,
1789924722.8,0.0,0.0,0.0,156.0,3513042508,1732182752,0,0,
1789924724.9,0.0,0.0,0.0,156.0,3513042508,1732182752,0,0,
1789924727.0,0.0,0.0,0.0,156.0,3513042508,1732182752,0,0,
1789924729.1,0.0,0.0,0.0,156.0,3513042508,1732182752,0,0,
1789924731.2,0.0,0.0,0.0,156.0,3513042508,1732182752,0,0,
1789924733.3,0.0,0.0,0.0,156.0,3513042508,1732182752,0,0,
1789924735.4,0.0,0.0,0.0,156.0,3513042508,1732182752,0,0,
1789924737.5,0.0,0.0,0.0,156.0,3513042508,1732182752,0,0,
1789924739.6,0.0,0.0,0.0,156.0,3513042508,1732182752,0,0,
1789924741.7,0.0,0.0,0.0,156.0,3513042508,1732182752,0,0,
1789924743.8,0.0,0.0,0.0,156.0,3513042508,1732182752,0,0,
1789924745.9,0.0,0.0,0.0,156.0,3513042508,1732182752,0,0,
1789924748.0,0.0,0.0,0.0,156.0,3513042508,1732182752,0,0,
1789924750.1,0.0,0.0,0.0,156.0,3513042508,1732182752,0,0,
1789924752.2,0.0,0.0,0.0,156.0,3513042508,1732182752,0,0,
1789924754.4,0.0,0.0,0.0,156.0,3513042508,1732182752,0,0,
1789924756.5,0.0,0.0,0.0,156.0,3513042508,1732182752,0,0,
1789924758.6,0.0,0.0,0.0,156.0,3513042508,1732182752,0,0,
1789924760.7,0.0,0.0,0.0,156.0,3513042508,1732182752,0,0,
1789924762.8,0.0,0.0,0.0,156.0,3513042508,1732182752,0,0,
1789924764.9,0.0,0.0,0.0,156.0,3513042508,1732182752,0,0,
1789924767.0,0.0,0.0,0.0,156.0,3513042508,1732182752,0,0,
1789924769.1,0.0,0.0,0.0,156.0,3513042508,1732182752,0,0,
1789924771.2,0.0,0.0,0.0,156.0,3513042508,1732182752,0,0,
1789924773.3,0.0,0.0,0.0,156.0,3513042508,1732182752,0,0,
1789924775.4,0.0,0.0,0.0,156.0,3513042508,1732182752,0,0,
1789924777.5,0.0,0.0,0.0,156.0,3513042508,1732182752,0,0,
1789924779.6,0.0,0.0,0.0,156.0,3513042508,1732182752,0,0,
1789924781.7,0.0,0.0,0.0,156.0,3513042508,1732182752,0,0,
1789924783.8,0.0,0.0,0.0,156.0,3513042508,1732182752,0,0,
1789924785.9,0.0,0.0,0.0,156.0,3513042508,1732182752,0,0,
1789924788.0,0.0,0.0,0.0,156.0,3513042508,1732182752,0,0,
1789924790.1,0.0,0.0,0.0,156.0,3513042508,1732182752,0,0,
1789924792.2,0.0,0.0,0.0,156.0,3513042508,1732182752,0,0,
1789924794.3,0.0,0.0,0.0,156.0,3513042508,1732182752,0,0,
1789924796.4,0.0,0.0,0.0,156.0,3513042508,1732182752,0,0,
1789924798.5,0.0,0.0,0.0,156.0,3513042508,1732182752,0,0,
1789924800.6,0.0,0.0,0.0,156.0,3513042508,1732182752,0,0,
1789924802.8,0.0,0.0,0.0,156.0,3513042508,1732182752,0,0,
1789924804.9,0.0,0.0,0.0,156.0,3513042508,1732182752,0,0,
1789924807.0,0.0,0.0,0.0,156.0,3513042508,1732182752,0,0,
1789924809.1,0.0,0.0,0.0,156.0,3513042508,1732182752,0,0,
1789924811.2,0.0,0.0,0.0,156.0,3513042508,1732182752,0,0,
1789924813.3,0.0,0.0,0.0,156.0,3513042508,1732182752,0,0,
1789924815.4,0.0,0.0,0.0,156.0,3513042508,1732182752,0,0,
1789924817.5,0.0,0.0,0.0,156.0,3513042508,1732182752,0,0,
1789924819.6,0.0,0.0,0.0,156.0,3513042508,1732182752,0,0,
1789924821.7,0.0,0.0,0.0,156.0,3513042508,1732182752,0,0,
1789924823.8,0.0,0.0,0.0,156.0,3513042508,1732182752,0,0,
1789924825.9,0.0,0.0,0.0,156.0,3513042508,1732182752,0,0,
1789924828.0,0.0,0.0,0.0,156.0,3513042508,1732182752,0,0,
1789924830.1,0.0,0.0,0.0,156.0,3513042508,1732182752,0,0,
1789924832.2,0.0,0.0,0.0,156.0,3513042508,1732182752,0,0,
1789924834.3,0.0,0.0,0.0,156.0,3513042508,1732182752,0,0,
1789924836.4,0.0,0.0,0.0,156.0,3513042508,1732182752,0,0,
1789924838.5,0.0,0.0,0.0,156.0,3513042508,1732182752,0,0,
1789924840.6,0.0,0.0,0.0,156.0,3513042508,1732182752,0,0,
1789924842.7,0.0,0.0,0.0,156.0,3513042508,1732182752,0,0,
1789924844.8,0.0,0.0,0.0,156.0,3513042508,1732182752,0,0,
1789924846.9,0.0,0.0,0.0,156.0,3513042508,1732182752,0,0,
1789924849.0,0.0,0.0,0.0,156.0,3513042508,1732182752,0,0,
1789924851.1,0.0,0.0,0.0,156.0,3513042508,1732182752,0,0,
1789924853.3,0.0,0.0,0.0,156.0,3513042508,1732182752,0,0,
1789924855.4,0.0,0.0,0.0,156.0,3513042508,1732182752,0,0,
1789924857.5,0.0,0.0,0.0,156.0,3513042508,1732182752,0,0,
1789924859.6,0.0,0.0,0.0,156.0,3513042508,1732182752,0,0,
1789924861.7,0.0,0.0,0.0,156.0,3513042508,1732182752,0,0,
1789924863.8,0.0,0.0,0.0,156.0,3513042508,1732182752,0,0,
1789924865.9,0.0,0.0,0.0,156.0,3513042508,1732182752,0,0,
1789924868.0,0.0,0.0,0.0,156.0,3513042508,1732182752,0,0,
1789924870.1,0.0,0.0,0.0,156.0,3513042508,1732182752,0,0,
1789924872.2,0.0,0.0,0.0,156.0,3513042508,1732182752,0,0,
1789924874.3,0.0,0.0,0.0,156.0,3513042508,1732182752,0,0,
1789924876.4,0.0,0.0,0.0,156.0,3513042508,1732182752,0,0,
1789924878.5,0.0,0.0,0.0,156.0,3513042508,1732182752,0,0,
1789924880.6,0.0,0.0,0.0,156.0,3513042508,1732182752,0,0,
1789924882.7,0.0,0.0,0.0,156.0,3513042508,1732182752,0,0,
1789924884.8,0.0,0.0,0.0,156.0,3513042508,1732182752,0,0,
1789924886.9,0.0,0.0,0.0,156.0,3513042508,1732182752,0,0,
1789924889.0,0.0,0.0,0.0,156.0,3513042508,1732182752,0,0,
1789924891.1,0.0,0.0,0.0,156.0,3513042508,1732182752,0,0,
1789924893.2,0.0,0.0,0.0,156.0,3513042508,1732182752,0,0,
1789924895.3,0.0,0.0,0.0,156.0,3513042508,1732182752,0,0,
1789924897.4,0.0,0.0,0.0,156.0,3513042508,1732182752,0,0,
1789924899.5,0.0,0.0,0.0,156.0,3513042508,1732182752,0,0,
1789924901.6,0.0,0.0,0.0,156.0,3513042508,1732182752,0,0,
1789924903.7,0.0,0.0,0.0,156.0,3513042508,1732182752,0,0,
1789924905.8,0.0,0.0,0.0,156.0,3513042508,1732182752,0,0,
1789924907.9,0.0,0.0,0.0,156.0,3513042508,1732182752,0,0,
1789924910.1,0.0,0.0,0.0,156.0,3513042508,1732182752,0,0,
1789924912.2,0.0,0.0,0.0,156.0,3513042508,1732182752,0,0,
1789924914.3,0.0,0.0,0.0,156.0,3513042508,1732182752,0,0,
1789924916.4,0.0,0.0,0.0,156.0,3513042508,1732182752,0,0,
1789924918.5,0.0,0.0,0.0,156.0,3513042508,1732182752,0,0,
1789924920.6,0.0,0.0,0.0,156.0,3513042508,1732182752,0,0,
1789924922.7,0.0,0.0,0.0,156.0,3513042508,1732182752,0,0,
1789924924.8,0.0,0.0,0.0,156.0,3513042508,1732182752,0,0,
1789924926.9,0.0,0.0,0.0,156.0,3513042508,1732182752,0,0,
1789924929.0,0.0,0.0,0.0,156.0,3513042508,1732182752,0,0,
1789924931.1,0.0,0.0,0.0,156.0,3513042508,1732182752,0,0,
1789924933.2,0.0,0.0,0.0,156.0,3513042508,1732182752,0,0,
1789924935.3,0.0,0.0,0.0,156.0,3513042508,1732182752,0,0,
1789924937.4,0.0,0.0,0.0,156.0,3513042508,1732182752,0,0,
1789924939.5,0.0,0.0,0.0,156.0,3513042508,1732182752,0,0,
1789924941.6,0.0,0.0,0.0,156.0,3513042508,1732182752,0,0,
1789924943.7,0.0,0.0,0.0,156.0,3513042508,1732182752,0,0,
1789924945.8,0.0,0.0,0.0,156.0,3513042508,1732182752,0,0,
1789924947.9,0.0,0.0,0.0,156.0,3513042508,1732182752,0,0,
1789924950.0,0.0,0.0,0.0,156.0,3513042508,1732182752,0,0,
1789924952.1,0.0,0.0,0.0,156.0,3513042508,1732182752,0,0,
1789924954.2,0.0,0.0,0.0,156.0,3513042508,1732182752,0,0,
1789924956.3,0.0,0.0,0.0,156.0,3513042508,1732182752,0,0,
1789924958.4,0.0,0.0,0.0,156.0,3513042508,1732182752,0,0,
1789924960.5,0.0,0.0,0.0,156.0,3513042508,1732182752,0,0,
1789924962.6,0.0,0.0,0.0,156.0,3513042508,1732182752,0,0,
1789924964.7,0.0,0.0,0.0,156.0,3513042508,1732182752,0,0,
1789924966.8,0.0,0.0,0.0,156.0,3513042508,1732182752,0,0,
1789924968.9,0.0,0.0,0.0,156.0,3513042508,1732182752,0,0,
1789924971.0,0.0,0.0,0.0,156.0,3513042508,1732182752,0,0,
1789924973.1,0.0,0.0,0.0,156.0,3513042508,1732182752,0,0,
1789924975.3,0.0,0.0,0.0,156.0,3513042508,1732182752,0,0,
1789924977.4,0.0,0.0,0.0,156.0,3513042508,1732182752,0,0,
1789924979.5,0.0,0.0,0.0,156.0,3513042508,1732182752,0,0,
1789924981.6,0.0,0.0,0.0,156.0,3513042508,1732182752,0,0,
1789924983.7,0.0,0.0,0.0,156.0,3513042508,1732182752,0,0,
1789924985.8,0.0,0.0,0.0,156.0,3513042508,1732182752,0,0,
1789924987.9,0.0,0.0,0.0,156.0,3513042508,1732182752,0,0,
1789924990.0,0.0,0.0,0.0,156.0,3513042508,1732182752,0,0,
1789924992.1,0.0,0.0,0.0,156.0,3513042508,1732182752,0,0,
1789924994.2,0.0,0.0,0.0,156.0,3513042508,1732182752,0,0,
1789924996.3,0.0,0.0,0.0,156.0,3513042508,1732182752,0,0,
1789924998.4,0.0,0.0,0.0,156.0,3513042508,1732182752,0,0,
1789925000.5,0.0,0.0,0.0,156.0,3513042508,1732182752,0,0,
1789925002.6,0.0,0.0,0.0,156.0,3513042508,1732182752,0,0,
1789925004.7,0.0,0.0,0.0,156.0,3513042508,1732182752,0,0,
1789925006.8,0.0,0.0,0.0,156.0,3513042508,1732182752,0,0,
1789925008.9,0.0,0.0,0.0,156.0,3513042508,1732182752,0,0,
1789925011.0,0.0,0.0,0.0,156.0,3513042508,1732182752,0,0,
1789925013.1,0.0,0.0,0.0,156.0,3513042508,1732182752,0,0,
1789925015.2,0.0,0.0,0.0,156.0,3513042508,1732182752,0,0,
1789925017.3,0.0,0.0,0.0,156.0,3513042508,1732182752,0,0,
1789925019.4,0.0,0.0,0.0,156.0,3513042508,1732182752,0,0,
1789925021.5,0.0,0.0,0.0,156.0,3513042508,1732182752,0,0,
1789925023.6,0.0,0.0,0.0,156.0,3513042508,1732182752,0,0,
1789925025.7,0.0,0.0,0.0,156.0,3513042508,1732182752,0,0,
1789925027.8,0.0,0.0,0.0,156.0,3513042508,1732182752,0,0,
1789925029.9,0.0,0.0,0.0,156.0,3513042508,1732182752,0,0,
1789925032.0,0.0,0.0,0.0,156.0,3513042508,1732182752,0,0,
1789925034.1,0.0,0.0,0.0,156.0,3513042508,1732182752,0,0,
1789925036.2,0.0,0.0,0.0,156.0,3513042508,1732182752,0,0,
1789925038.3,0.0,0.0,0.0,156.0,3513042508,1732182752,0,0,
1789925040.4,0.0,0.0,0.0,156.0,3513042508,1732182752,0,0,
1789925042.5,0.0,0.0,0.0,156.0,3513042508,1732182752,0,0,
1789925044.6,0.0,0.0,0.0,156.0,3513042508,1732182752,0,0,
1789925046.8,0.0,0.0,0.0,156.0,3513042508,1732182752,0,0,
1789925048.9,0.0,0.0,0.0,156.0,3513042508,1732182752,0,0,
1789925051.0,0.0,0.0,0.0,156.0,3513042508,1732182752,0,0,
1789925053.1,0.0,0.0,0.0,156.0,3513042508,1732182752,0,0,
1789925055.2,0.0,0.0,0.0,156.0,3513042508,1732182752,0,0,
1789925057.3,0.0,0.0,0.0,156.0,3513042508,1732182752,0,0,
1789925059.4,0.0,0.0,0.0,156.0,3513042508,1732182752,0,0,
1789925061.5,0.0,0.0,0.0,156.0,3513042508,1732182752,0,0,
1789925063.6,0.0,0.0,0.0,156.0,3513042508,1732182752,0,0,
1789925065.7,0.0,0.0,0.0,156.0,3513042508,1732182752,0,0,
1789925067.8,0.0,0.0,0.0,156.0,3513042508,1732182752,0,0,
1789925069.9,0.0,0.0,0.0,156.0,3513042508,1732182752,0,0,
1789925072.0,0.0,0.0,0.0,156.0,3513042508,1732182752,0,0,
1789925074.1,0.0,0.0,0.0,156.0,3513042508,1732182752,0,0,
1789925076.2,0.0,0.0,0.0,156.0,3513042508,1732182752,0,0,
1789925078.3,0.0,0.0,0.0,156.0,3513042508,1732182752,0,0,
1789925080.4,0.0,0.0,0.0,156.0,3513042508,1732182752,0,0,
1789925082.5,0.0,0.0,0.0,156.0,3513042508,1732182752,0,0,
1789925084.6,0.0,0.0,0.0,156.0,3513042508,1732182752,0,0,
1789925086.7,0.0,0.0,0.0,156.0,3513042508,1732182752,0,0,
1789925088.8,0.0,0.0,0.0,156.0,3513042508,1732182752,0,0,
1789925090.9,0.0,0.0,0.0,156.0,3513042508,1732182752,0,0,
1789925093.0,0.0,0.0,0.0,156.0,3513042508,1732182752,0,0,
1789925095.1,0.0,0.0,0.0,156.0,3513042508,1732182752,0,0,
1789925097.2,0.0,0.0,0.0,156.0,3513042508,1732182752,0,0,
1789925099.3,0.0,0.0,0.0,156.0,3513042508,1732182752,0,0,
1789925101.4,0.0,0.0,0.0,156.0,3513042508,1732182752,0,0,
1789925103.5,0.0,0.0,0.0,156.0,3513042508,1732182752,0,0,
1789925105.6,0.0,0.0,0.0,156.0,3513042508,1732182752,0,0,
1789925107.7,0.0,0.0,0.0,156.0,3513042508,1732182752,0,0,
1789925109.8,0.0,0.0,0.0,156.0,3513042508,1732182752,0,0,
1789925111.9,0.0,0.0,0.0,156.0,3513042508,1732182752,0,0,
1789925114.0,0.0,0.0,0.0,156.0,3513042508,1732182752,0,0,
1789925116.1,0.0,0.0,0.0,156.0,3513042508,1732182752,0,0,
1789925118.2,0.0,0.0,0.0,156.0,3513042508,1732182752,0,0,
1789925120.4,0.0,0.0,0.0,156.0,3513042508,1732182752,0,0,
1789925122.5,0.0,0.0,0.0,156.0,3513042508,1732182752,0,0,
1789925124.6,0.0,0.0,0.0,156.0,3513042508,1732182752,0,0,
1789925126.7,0.0,0.0,0.0,156.0,3513042508,1732182752,0,0,
1789925128.8,0.0,0.0,0.0,156.0,3513042508,1732182752,0,0,
1789925130.9,0.0,0.0,0.0,156.0,3513042508,1732182752,0,0,
1789925133.0,0.0,0.0,0.0,156.0,3513042508,1732182752,0,0,
1789925135.1,0.0,0.0,0.0,156.0,3513042508,1732182752,0,0,
1789925137.2,0.0,0.0,0.0,156.0,3513042508,1732182752,0,0,
1789925139.3,0.0,0.0,0.0,156.0,3513042508,1732182752,0,0,
1789925141.4,0.0,0.0,0.0,156.0,3513042508,1732182752,0,0,
1789925143.5,0.0,0.0,0.0,156.0,3513042508,1732182752,0,0,
1789925145.6,0.0,0.0,0.0,156.0,3513042508,1732182752,0,0,
1789925147.7,0.0,0.0,0.0,156.0,3513042508,1732182752,0,0,
1789925149.8,0.0,0.0,0.0,156.0,3513042508,1732182752,0,0,
1789925151.9,0.0,0.0,0.0,156.0,3513042508,1732182752,0,0,
1789925154.0,0.0,0.0,0.0,156.0,3513042508,1732182752,0,0,
1789925156.1,0.0,0.0,0.0,156.0,3513042508,1732182752,0,0,
1789925158.2,0.0,0.0,0.0,156.0,3513042508,1732182752,0,0,
1789925160.3,0.0,0.0,0.0,156.0,3513042508,1732182752,0,0,
1789925162.4,0.0,0.0,0.0,156.0,3513042508,1732182752,0,0,
1789925164.5,0.0,0.0,0.0,156.0,3513042508,1732182752,0,0,
1789925166.6,0.0,0.0,0.0,156.0,3513042508,1732182752,0,0,
1789925168.7,0.0,0.0,0.0,156.0,3513042508,1732182752,0,0,
1789925170.8,0.0,0.0,0.0,156.0,3513042508,1732182752,0,0,
1789925172.9,0.0,0.0,0.0,156.0,3513042508,1732182752,0,0,
1789925175.0,0.0,0.0,0.0,156.0,3513042508,1732182752,0,0,
1789925177.1,0.0,0.0,0.0,156.0,3513042508,1732182752,0,0,
1789925179.2,0.0,0.0,0.0,156.0,3513042508,1732182752,0,0,
1789925181.3,0.0,0.0,0.0,156.0,3513042508,1732182752,0,0,
1789925183.4,0.0,0.0,0.0,156.0,3513042508,1732182752,0,0,
1789925185.6,0.0,0.0,0.0,156.0,3513042508,1732182752,0,0,
1789925187.7,0.0,0.0,0.0,156.0,3513042508,1732182752,0,0,
1789925189.8,0.0,0.0,0.0,156.0,3513042508,1732182752,0,0,
1789925191.9,0.0,0.0,0.0,156.0,3513042508,1732182752,0,0,
1789925194.0,0.0,0.0,0.0,156.0,3513042508,1732182752,0,0,
1789925196.1,0.0,0.0,0.0,156.0,3513042508,1732182752,0,0,
1789925198.2,0.0,0.0,0.0,156.0,3513042508,1732182752,0,0,
1789925200.3,0.0,0.0,0.0,156.0,3513042508,1732182752,0,0,
1789925202.4,0.0,0.0,0.0,156.0,3513042508,1732182752,0,0,
1789925204.5,0.0,0.0,0.0,156.0,3513042508,1732182752,0,0,
1789925206.6,0.0,0.0,0.0,156.0,3513042508,1732182752,0,0,
1789925208.7,0.0,0.0,0.0,156.0,3513042508,1732182752,0,0,
1789925210.8,0.0,0.0,0.0,156.0,3513042508,1732182752,0,0,
1789925212.9,0.0,0.0,0.0,156.0,3513042508,1732182752,0,0,
1789925215.0,0.0,0.0,0.0,156.0,3513042508,1732182752,0,0,
1789925217.1,0.0,0.0,0.0,156.0,3513042508,1732182752,0,0,
1789925219.2,0.0,0.0,0.0,156.0,3513042508,1732182752,0,0,
1789925221.3,0.0,0.0,0.0,156.0,3513042508,1732182752,0,0,
1789925223.4,0.0,0.0,0.0,156.0,3513042508,1732182752,0,0,
1789925225.5,0.0,0.0,0.0,156.0,3513042508,1732182752,0,0,
1789925227.6,0.0,0.0,0.0,156.0,3513042508,1732182752,0,0,
1789925229.7,0.0,0.0,0.0,156.0,3513042508,1732182752,0,0,
1789925231.8,0.0,0.0,0.0,156.0,3513042508,1732182752,0,0,
1789925233.9,0.0,0.0,0.0,156.0,3513042508,1732182752,0,0,
1789925236.0,0.0,0.0,0.0,156.0,3513042508,1732182752,0,0,
1789925238.1,0.0,0.0,0.0,156.0,3513042508,1732182752,0,0,
1789925240.3,0.0,0.0,0.0,156.0,3513042508,1732182752,0,0,
1789925242.4,0.0,0.0,0.0,156.0,3513042508,1732182752,0,0,
1789925244.5,0.0,0.0,0.0,156.0,3513042508,1732182752,0,0,
1789925246.6,0.0,0.0,0.0,156.0,3513042508,1732182752,0,0,
1789925248.7,0.0,0.0,0.0,156.0,3513042508,1732182752,0,0,
1789925250.8,0.0,0.0,0.0,156.0,3513042508,1732182752,0,0,
1789925252.9,0.0,0.0,0.0,156.0,3513042508,1732182752,0,0,
1789925255.0,0.0,0.0,0.0,156.0,3513042508,1732182752,0,0,
1789925257.1,0.0,0.0,0.0,156.0,3513042508,1732182752,0,0,
1789925259.2,0.0,0.0,0.0,156.0,3513042508,1732182752,0,0,
1789925261.3,0.0,0.0,0.0,156.0,3513042508,1732182752,0,0,
1789925263.4,0.0,0.0,0.0,156.0,3513042508,1732182752,0,0,
1789925263.5,0.0,0.0,0.0,156.0,3513042508,1732182752,0,0,
