ts,kv_cache_usage_perc,num_requests_running,num_requests_waiting,num_preemptions_total,cum_prefix_cache_queries,cum_prefix_cache_hits,interval_queries,interval_hits,interval_hit_rate
1789610048.0,0.0,0.0,0.0,3.0,49196804,31691328,0,0,
1789610050.0,0.0,0.0,0.0,3.0,49196804,31691328,0,0,
1789610052.1,0.0,0.0,0.0,3.0,49196804,31691328,0,0,
1789610054.1,0.0,0.0,0.0,3.0,49196804,31691328,0,0,
1789610056.1,0.0,0.0,0.0,3.0,49196804,31691328,0,0,
1789610058.1,0.0,0.0,0.0,3.0,49196804,31691328,0,0,
1789610060.1,0.0,0.0,0.0,3.0,49196804,31691328,0,0,
1789610062.1,0.0,0.0,0.0,3.0,49196804,31691328,0,0,
1789610064.2,0.0,0.0,0.0,3.0,49196804,31691328,0,0,
1789610066.2,0.0,0.0,0.0,3.0,49196804,31691328,0,0,
1789610068.2,0.0,0.0,0.0,3.0,49196804,31691328,0,0,
1789610070.2,0.0,0.0,0.0,3.0,49196804,31691328,0,0,
1789610072.2,0.0,0.0,0.0,3.0,49196804,31691328,0,0,
1789610074.2,0.0,0.0,0.0,3.0,49196804,31691328,0,0,
1789610076.3,0.0,0.0,0.0,3.0,49196804,31691328,0,0,
1789610078.3,0.0,0.0,0.0,3.0,49196804,31691328,0,0,
1789610080.3,0.0,0.0,0.0,3.0,49196804,31691328,0,0,
1789610082.3,0.0,0.0,0.0,3.0,49196804,31691328,0,0,
1789610084.3,0.0,0.0,0.0,3.0,49196804,31691328,0,0,
1789610086.4,0.0,0.0,0.0,3.0,49196804,31691328,0,0,
1789610088.4,0.0,0.0,0.0,3.0,49196804,31691328,0,0,
1789610090.4,0.0,0.0,0.0,3.0,49196804,31691328,0,0,
1789610092.4,0.0,0.0,0.0,3.0,49196804,31691328,0,0,
1789610094.5,0.0,0.0,0.0,3.0,49196804,31691328,0,0,
1789610096.5,0.0,0.0,0.0,3.0,49196804,31691328,0,0,
1789610098.5,0.0,0.0,0.0,3.0,49196804,31691328,0,0,
1789610100.5,0.0,0.0,0.0,3.0,49196804,31691328,0,0,
1789610102.5,0.0,0.0,0.0,3.0,49196804,31691328,0,0,
1789610104.6,0.0,0.0,0.0,3.0,49196804,31691328,0,0,
1789610106.6,0.0,0.0,0.0,3.0,49196804,31691328,0,0,
1789610108.6,0.0,0.0,0.0,3.0,49196804,31691328,0,0,
1789610110.6,0.0,0.0,0.0,3.0,49196804,31691328,0,0,
1789610112.6,0.0,0.0,0.0,3.0,49196804,31691328,0,0,
1789610114.7,0.0,0.0,0.0,3.0,49196804,31691328,0,0,
1789610116.7,0.0,0.0,0.0,3.0,49196804,31691328,0,0,
1789610118.7,0.032743502081336584,13.0,24.0,3.0,49282777,31691328,85973,0,0.0
1789610120.7,0.06412805584562342,13.0,30.0,3.0,49347991,31691328,65214,0,0.0
1789610122.7,0.09132847926530963,27.0,15.0,3.0,49419576,31691328,71585,0,0.0
1789610124.8,0.11794240920079535,23.0,19.0,3.0,49496692,31691328,77116,0,0.0
1789610126.8,0.14796086228846894,18.0,21.0,3.0,49562454,31691328,65762,0,0.0
1789610128.8,0.17599811177707525,13.0,29.0,3.0,49621102,31691328,58648,0,0.0
1789610130.8,0.20453602643512092,11.0,33.0,3.0,49715987,31691328,94885,0,0.0
1789610132.9,0.24464645886678016,12.0,32.0,3.0,49781000,31691328,65013,0,0.0
1789610134.9,0.281259387471927,14.0,31.0,3.0,49865725,31691328,84725,0,0.0
1789610136.9,0.31789377315576406,16.0,29.0,3.0,49962806,31691328,97081,0,0.0
1789610138.9,0.3508661507431302,18.0,27.0,3.0,50045913,31691328,83107,0,0.0
1789610140.9,0.3801479107957715,19.0,26.0,3.0,50079287,31691328,33374,0,0.0
1789610143.0,0.4242851216616361,23.0,22.0,3.0,50180996,31691712,101709,384,0.0038
1789610145.0,0.46073354599682437,24.0,21.0,3.0,50298859,31691712,117863,0,0.0
1789610147.0,0.47904358647917944,24.0,21.0,3.0,50298859,31691712,0,0,
1789610149.0,0.5046847955140401,25.0,20.0,3.0,50354629,31691712,55770,0,0.0
1789610151.0,0.5413120288383138,28.0,17.0,3.0,50466449,31691712,111820,0,0.0
1789610153.1,0.5779249574434606,29.0,16.0,3.0,50568992,31691712,102543,0,0.0
1789610155.1,0.596256455004506,29.0,16.0,3.0,50568992,31691712,0,0,
1789610157.1,0.6145521907677343,30.0,15.0,3.0,50656741,31691712,87749,0,0.0
1789610159.1,0.6365242393465604,30.0,15.0,3.0,50656741,31691712,0,0,
1789610161.1,0.662165448381421,32.0,13.0,3.0,50740569,31691728,83828,16,0.0002
1789610163.2,0.6987855293461314,33.0,12.0,3.0,50806454,31691728,65885,0,0.0
1789610165.2,0.7244195860214284,35.0,10.0,3.0,50871154,31691744,64700,16,0.0002
1789610167.2,0.7228389145579126,35.0,9.0,3.0,50924491,31691744,53337,0,0.0
1789610169.2,0.7521349793296809,37.0,7.0,3.0,51027773,31691760,103282,16,0.0002
1789610171.2,0.7517988184302001,37.0,6.0,3.0,51087249,31691760,59476,0,0.0
1789610173.3,0.7810948832019683,38.0,6.0,3.0,51146150,31691760,58901,0,0.0
1789610175.3,0.7923383924356645,38.0,7.0,3.0,51183680,31691760,37530,0,0.0
1789610177.3,0.8252964653039038,39.0,6.0,3.0,51240018,31691760,56338,0,0.0
1789610179.3,0.8545996824352353,40.0,5.0,3.0,51335782,31691760,95764,0,0.0
1789610181.3,0.8692763242593732,40.0,5.0,3.0,51335782,31691760,0,0,
1789610183.4,0.8610797201996938,41.0,3.0,3.0,51415453,31691760,79671,0,0.0
1789610185.4,0.9272891126782725,42.0,0.0,3.0,51667270,31942992,251817,251232,0.9977
1789610187.4,0.9553263621668788,43.0,0.0,3.0,51816737,32064304,149467,121312,0.8116
1789610189.4,0.9232551818845037,41.0,0.0,3.0,51898423,32142384,81686,78080,0.9559
1789610191.5,0.880770166077789,40.0,0.0,3.0,51911348,32142384,12925,0,0.0
1789610193.5,0.9075843620810505,41.0,0.0,3.0,52021626,32226272,110278,83888,0.7607
1789610195.5,0.8531835152416782,40.0,0.0,3.0,52143692,32337632,122066,111360,0.9123
1789610197.5,0.8492354127626704,39.0,0.0,3.0,52325852,32494864,182160,157232,0.8632
1789610199.6,0.9043014290414407,43.0,0.0,3.0,52539685,32698352,213833,203488,0.9516
1789610201.6,0.8900753858697985,43.0,0.0,3.0,52634054,32789648,94369,91296,0.9674
1789610203.6,0.8797616833793469,43.0,0.0,3.0,52712786,32832720,78732,43072,0.5471
1789610205.6,0.8883230577767606,43.0,0.0,3.0,52925939,33044848,213153,212128,0.9952
1789610207.6,0.7965511322185189,38.0,0.0,3.0,52995913,33108448,69974,63600,0.9089
1789610209.7,0.9141716852389603,43.0,0.0,3.0,53291051,33348512,295138,240064,0.8134
1789610211.7,0.9021700258915416,44.0,0.0,3.0,53322620,33348512,31569,0,0.0
1789610213.7,0.8946099818330067,42.0,0.0,3.0,53416873,33440048,94253,91536,0.9712
1789610215.8,0.8973064213884161,42.0,1.0,3.0,53669120,33620944,252247,180896,0.7171
1789610217.8,0.9129986982705595,43.0,1.0,3.0,53782888,33666704,113768,45760,0.4022
1789610219.8,0.9352139270745419,45.0,0.0,3.0,53914207,33762352,131319,95648,0.7284
1789610221.8,0.9113751126496631,44.0,0.0,3.0,53914207,33762352,0,0,
1789610223.9,0.9041083153332284,43.0,0.0,3.0,54052813,33898544,138606,136192,0.9826
1789610225.9,0.8331211466662852,40.0,0.0,3.0,54166364,33997248,113551,98704,0.8692
1789610227.9,0.8746262892128113,42.0,3.0,3.0,54299166,34059056,132802,61808,0.4654
1789610229.9,0.8878510020455749,43.0,0.0,3.0,54583569,34337216,284403,278160,0.978
1789610232.0,0.9073411818558943,43.0,0.0,3.0,54711276,34454096,127707,116880,0.9152
1789610234.0,0.8971276123993306,42.0,0.0,3.0,54869836,34607392,158560,153296,0.9668
1789610236.0,0.8555294891784799,40.0,0.0,3.0,54936316,34669024,66480,61632,0.9271
1789610238.0,0.9034574506129572,42.0,0.0,3.0,55042638,34725648,106322,56624,0.5326
1789610240.0,0.9202941050252478,42.0,0.0,3.0,55247441,34915152,204803,189504,0.9253
1789610242.1,0.9257227459338836,42.0,0.0,3.0,55407901,35071056,160460,155904,0.9716
1789610244.1,0.8988012645371708,42.0,0.0,3.0,55602033,35248528,194132,177472,0.9142
1789610246.1,0.8254395124951721,39.0,0.0,3.0,55702713,35348784,100680,100256,0.9958
1789610248.1,0.8421545767948846,39.0,0.0,3.0,55936142,35572512,233429,223728,0.9584
1789610250.2,0.8684466505500165,40.0,2.0,3.0,56042229,35616096,106087,43584,0.4108
1789610252.2,0.9140357904072554,42.0,1.0,3.0,56186986,35715312,144757,99216,0.6854
1789610254.2,0.9400417697798503,43.0,0.0,3.0,56450560,35968448,263574,253136,0.9604
1789610256.2,0.8821505714735292,41.0,0.0,3.0,56525515,36040768,74955,72320,0.9648
1789610258.3,0.9135494299569428,42.0,0.0,3.0,56753057,36255552,227542,214784,0.9439
1789610260.3,0.9020198263407098,41.0,0.0,3.0,56899212,36375232,146155,119680,0.8189
1789610262.3,0.8921996366601341,40.0,0.0,3.0,57104950,36574192,205738,198960,0.9671
1789610264.3,0.8216702190052498,37.0,0.0,3.0,57284260,36735936,179310,161744,0.902
1789610266.4,0.8329280329580728,37.0,0.0,3.0,57486347,36929392,202087,193456,0.9573
1789610268.4,0.8706066631381693,39.0,0.0,3.0,57671344,37111264,184997,181872,0.9831
1789610270.4,0.8958974065544223,40.0,0.0,3.0,57758041,37197536,86697,86272,0.9951
1789610272.4,0.9071194587094282,39.0,0.0,3.0,58068615,37501056,310574,303520,0.9773
1789610274.4,0.8753272204500264,38.0,2.0,3.0,58172939,37501056,104324,0,0.0
1789610276.5,0.893644413291945,38.0,5.0,3.0,58172939,37501056,0,0,
1789610278.5,0.9300856852675697,40.0,3.0,3.0,58269355,37541584,96416,40528,0.4203
1789610280.5,0.9630652152144993,41.0,2.0,3.0,58344966,37541584,75611,0,0.0
1789610282.5,0.9850158067146352,42.0,3.0,3.0,58400375,37541584,55409,0,0.0
1789610284.5,0.9621282561116913,41.0,2.0,3.0,58440295,37541584,39920,0,0.0
1789610286.6,0.988248673237301,43.0,1.0,3.0,58482612,37541584,42317,0,0.0
1789610288.6,0.9683078947744861,42.0,1.0,3.0,58526908,37541584,44296,0,0.0
1789610290.6,0.9393122291043815,41.0,2.0,3.0,58632808,37554272,105900,12688,0.1198
1789610292.6,0.957593660148483,41.0,4.0,3.0,58632808,37554272,0,0,
1789610294.6,0.9631653482483872,41.0,4.0,3.0,58632808,37554272,0,0,
1789610296.7,0.9695595576980846,41.0,3.0,3.0,58719476,37554272,86668,0,0.0
1789610298.7,0.9617634857739569,41.0,3.0,3.0,58780299,37554272,60823,0,0.0
1789610300.7,0.9877265509891713,41.0,4.0,3.0,58780299,37554272,0,0,
1789610302.8,0.995265137969016,41.0,3.0,3.0,58839406,37554272,59107,0,0.0
1789610304.8,0.9719126839944497,39.0,5.0,3.0,58839406,37554272,0,0,
1789610306.8,0.9792867667043358,39.0,6.0,3.0,58902196,37554272,62790,0,0.0
1789610308.9,0.9497332169882844,39.0,4.0,3.0,58990458,37554272,88262,0,0.0
1789610310.9,0.9827127469352139,42.0,3.0,3.0,59071343,37554272,80885,0,0.0
1789610312.9,0.993291086729512,42.0,3.0,3.0,59071343,37554272,0,0,
1789610315.0,0.9365442659533381,41.0,1.0,3.0,59226377,37554272,155034,0,0.0
1789610317.0,0.9396126282060452,40.0,3.0,3.0,59226377,37554272,0,0,
1789610319.0,0.9542821176706195,40.0,5.0,3.0,59226377,37554272,0,0,
1789610321.0,0.953624100590785,41.0,3.0,3.0,59369074,37603776,142697,49504,0.3469
1789610323.0,0.9792367001873918,41.0,4.0,3.0,59369074,37603776,0,0,
1789610325.1,0.9629150156636674,41.0,3.0,3.0,59470205,37603776,101131,0,0.0
1789610327.1,0.9636445563391363,41.0,3.0,3.0,59516994,37603776,46789,0,0.0
1789610329.1,0.9585592286895447,41.0,2.0,3.0,59564541,37603776,47547,0,0.0
1789610331.1,0.9414722416925344,40.0,1.0,3.0,59601412,37603776,36871,0,0.0
1789610333.1,0.970775458823866,41.0,1.0,3.0,59673498,37603776,72086,0,0.0
1789610335.2,0.9411003189952365,40.0,2.0,3.0,59788023,37603776,114525,0,0.0
1789610337.2,0.9594032071180283,40.0,4.0,3.0,59788023,37603776,0,0,
1789610339.2,0.9526013131732158,39.0,4.0,3.0,59788023,37603776,0,0,
1789610341.2,0.974573361752042,40.0,3.0,3.0,59850513,37603776,62490,0,0.0
1789610343.2,0.9556553707067962,39.0,3.0,3.0,59905744,37603776,55231,0,0.0
1789610345.3,0.9812894273820933,40.0,3.0,3.0,59965171,37603776,59427,0,0.0
1789610347.3,0.9883058921138084,40.0,3.0,3.0,60028838,37603776,63667,0,0.0
1789610349.3,0.9981046247156937,40.0,3.0,3.0,60028838,37603776,0,0,
1789610351.3,0.9873617806514369,40.0,3.0,3.0,60083036,37603776,54198,0,0.0
1789610353.4,0.9931766489764974,40.0,4.0,3.0,60142770,37603776,59734,0,0.0
1789610355.4,0.9843506372752371,40.0,3.0,3.0,60183248,37603776,40478,0,0.0
1789610357.4,0.959024132061167,40.0,3.0,3.0,60262484,37603776,79236,0,0.0
1789610359.4,0.9620281230778034,40.0,3.0,3.0,60308320,37603776,45836,0,0.0
1789610361.5,0.9558842462128256,40.0,3.0,3.0,60357664,37603776,49344,0,0.0
1789610363.5,0.9851946157037207,41.0,2.0,3.0,60429667,37603776,72003,0,0.0
1789610365.5,0.9578082309353856,41.0,2.0,3.0,60472810,37603776,43143,0,0.0
1789610367.5,0.9575507459911025,41.0,2.0,3.0,60587162,37603776,114352,0,0.0
1789610369.5,0.9721844736578598,41.0,2.0,3.0,60587162,37603776,0,0,
1789610371.6,0.9585735334086716,40.0,4.0,3.0,60587162,37603776,0,0,
1789610373.7,0.9419228403450298,39.0,3.0,3.0,60711311,37603776,124149,0,0.0
1789610375.7,0.9565780250904774,39.0,4.0,3.0,60711311,37603776,0,0,
1789610377.7,0.9675712017394539,39.0,5.0,3.0,60711311,37603776,0,0,
1789610379.7,0.9895360979587166,40.0,4.0,3.0,60768813,37603776,57502,0,0.0
1789610381.7,0.9822621482827185,39.0,4.0,3.0,60847680,37603776,78867,0,0.0
1789610383.8,0.9993920494371094,39.0,5.0,3.0,60847680,37603776,0,0,
1789610385.8,0.9613987154362225,38.0,5.0,3.0,60904931,37603776,57251,0,0.0
1789610387.8,0.9907305420058077,39.0,4.0,3.0,60969442,37603776,64511,0,0.0
1789610389.8,0.9886849671706696,39.0,6.0,3.0,61016518,37603776,47076,0,0.0
1789610391.8,0.9940134750454175,39.0,5.0,3.0,61065701,37603776,49183,0,0.0
1789610393.9,0.9617563334143934,38.0,5.0,3.0,61106765,37603776,41064,0,0.0
1789610395.9,0.9461927990043916,39.0,5.0,3.0,61194084,37603776,87319,0,0.0
1789610397.9,0.9644956871271833,40.0,4.0,3.0,61261760,37603776,67676,0,0.0
1789610399.9,0.9901440485216073,40.0,4.0,3.0,61261760,37603776,0,0,
1789610402.0,0.9761468808559944,40.0,4.0,3.0,61323129,37603776,61369,0,0.0
1789610404.0,0.992933468751341,40.0,5.0,3.0,61323129,37603776,0,0,
1789610406.0,0.9787717968157695,41.0,3.0,3.0,61403879,37603776,80750,0,0.0
1789610408.0,0.9684151801679374,41.0,3.0,3.0,61490940,37603776,87061,0,0.0
1789610410.0,0.986732373009856,41.0,3.0,3.0,61490940,37603776,0,0,
1789610412.1,0.9272032843635115,40.0,3.0,3.0,61569873,37603776,78933,0,0.0
1789610414.1,0.9065830317421717,39.0,3.0,3.0,61569873,37603776,0,0,
1789610416.1,0.9322242407770324,40.0,3.0,3.0,61633624,37603776,63751,0,0.0
1789610418.1,0.9615131531892371,41.0,3.0,3.0,61739323,37603776,105699,0,0.0
1789610420.1,0.9576294219463001,40.0,3.0,3.0,61739323,37603776,0,0,
1789610422.2,0.9470153203541849,40.0,3.0,3.0,61799143,37603776,59820,0,0.0
1789610424.2,0.9689802165734476,41.0,4.0,3.0,61874178,37603776,75035,0,0.0
1789610426.2,0.9946214256083081,41.0,4.0,3.0,61874178,37603776,0,0,
1789610428.2,0.9795013374912384,40.0,5.0,3.0,61874178,37603776,0,0,
1789610430.3,0.9704679073626389,39.0,6.0,3.0,61988875,37603776,114697,0,0.0
1789610432.3,0.9851087873889596,39.0,6.0,3.0,61988875,37603776,0,0,
1789610434.3,0.9961019640379362,39.0,6.0,3.0,61988875,37603776,0,0,
1789610436.3,0.9609552691432903,38.0,5.0,3.0,62030500,37603776,41625,0,0.0
1789610438.3,0.9648819145436079,38.0,5.0,3.0,62117907,37603776,87407,0,0.0
1789610440.4,0.9821620152488306,38.0,6.0,3.0,62117907,37603776,0,0,
1789610442.4,0.9599253293661579,37.0,5.0,3.0,62185395,37603776,67488,0,0.0
1789610444.4,0.9855379289627648,38.0,7.0,3.0,62228906,37603776,43511,0,0.0
1789610446.4,0.9662980817371651,37.0,7.0,3.0,62267370,37603776,38464,0,0.0
1789610448.4,0.9873117141344929,38.0,8.0,3.0,62307752,37603776,40382,0,0.0
1789610450.5,0.9877837698656787,38.0,8.0,3.0,62372601,37603776,64849,0,0.0
1789610452.5,0.9947501680804497,38.0,7.0,3.0,62434237,37603776,61636,0,0.0
1789610454.5,0.978321198163274,36.0,9.0,3.0,62491960,37603776,57723,0,0.0
1789610456.5,0.9565994821691676,36.0,9.0,3.0,62533123,37603776,41163,0,0.0
1789610458.6,0.9882343685181741,38.0,8.0,3.0,62586099,37603776,52976,0,0.0
1789610460.6,0.9925472413349163,38.0,7.0,3.0,62632513,37603776,46414,0,0.0
1789610462.6,0.9876836368317908,38.0,6.0,3.0,62696556,37603776,64043,0,0.0
1789610464.6,0.9912240548156837,38.0,7.0,3.0,62753972,37603776,57416,0,0.0
1789610466.6,0.9669131846596192,39.0,5.0,3.0,62858130,37603776,104158,0,0.0
1789610468.7,0.9756319109674282,38.0,7.0,3.0,62858130,37603776,0,0,
1789610470.7,0.9647174102736493,38.0,8.0,3.0,62918900,37603776,60770,0,0.0
1789610472.7,0.9708684394981905,38.0,8.0,3.0,63025304,37603776,106404,0,0.0
1789610474.7,0.9891784799805455,38.0,8.0,3.0,63025304,37603776,0,0,
1789610476.7,0.9636087945413192,38.0,7.0,3.0,63064152,37603776,38848,0,0.0
1789610478.8,0.996559715049995,39.0,7.0,3.0,63112506,37603776,48354,0,0.0
1789610480.8,0.9740154777060952,39.0,7.0,3.0,63153226,37603776,40720,0,0.0
1789610482.8,0.9399201796672723,38.0,6.0,3.0,63232500,37603776,79274,0,0.0
1789610484.8,0.9582445248687542,38.0,8.0,3.0,63232500,37603776,0,0,
1789610486.8,0.9579584304862174,38.0,7.0,3.0,63311975,37603776,79475,0,0.0
1789610488.9,0.9799662408628607,39.0,7.0,3.0,63354238,37603776,42263,0,0.0
1789610490.9,0.9466577023760139,38.0,7.0,3.0,63442322,37603776,88084,0,0.0
1789610492.9,0.920809074913814,37.0,8.0,3.0,63442322,37603776,0,0,
1789610494.9,0.9427882758522036,38.0,7.0,3.0,63486169,37603776,43847,0,0.0
1789610496.9,0.9720771882644085,39.0,6.0,3.0,63560885,37603776,74716,0,0.0
1789610499.0,0.9815254552476862,40.0,6.0,3.0,63562163,37603776,1278,0,0.0
1789610501.0,0.9818473114280402,39.0,8.0,3.0,63630416,37603776,68253,0,0.0
1789610503.0,0.9757177392821892,39.0,7.0,3.0,63680254,37603776,49838,0,0.0
1789610505.0,0.99477162515914,39.0,8.0,3.0,63680254,37603776,0,0,
1789610507.0,0.9957228889810749,39.0,8.0,3.0,63680254,37603776,0,0,
1789610509.1,0.9956871271832578,39.0,7.0,3.0,63738255,37603776,58001,0,0.0
1789610511.1,0.9527157509262305,38.0,6.0,3.0,63802329,37603776,64074,0,0.0
1789610513.1,0.9392478578683108,38.0,6.0,3.0,63919315,37603776,116986,0,0.0
1789610515.1,0.9612056017280101,38.0,9.0,3.0,63919315,37603776,0,0,
1789610517.2,0.9758750911925844,38.0,9.0,3.0,63919315,37603776,0,0,
1789610519.2,0.9606334129629365,39.0,7.0,3.0,64009812,37603776,90497,0,0.0
1789610521.2,0.9826197662608894,39.0,7.0,3.0,64009812,37603776,0,0,
1789610523.2,0.9763113851259531,37.0,9.0,3.0,64009812,37603776,0,0,
1789610525.3,0.9736006408514168,38.0,8.0,3.0,64099782,37603776,89970,0,0.0
1789610527.3,0.9706538687112879,38.0,8.0,3.0,64143456,37603776,43674,0,0.0
1789610529.3,0.9562418641909967,39.0,6.0,3.0,64256032,37603776,112576,0,0.0
1789610531.3,0.9818902255854206,39.0,7.0,3.0,64256032,37603776,0,0,
1789610533.3,0.9672278884804096,38.0,9.0,3.0,64314507,37603776,58475,0,0.0
1789610535.4,0.9487604960876593,38.0,8.0,3.0,64375829,37603776,61322,0,0.0
1789610537.4,0.92680275222796,37.0,9.0,3.0,64437900,37603776,62071,0,0.0
1789610539.4,0.9561345787975453,39.0,8.0,3.0,64551898,37603776,113998,0,0.0
1789610541.4,0.9540103280072095,38.0,9.0,3.0,64551898,37603776,0,0,
1789610543.5,0.9760109860242894,39.0,8.0,3.0,64616640,37603776,64742,0,0.0
1789610545.5,0.9881199307651595,39.0,8.0,3.0,64616640,37603776,0,0,
1789610547.5,0.9884632440242036,39.0,7.0,3.0,64704430,37603776,87790,0,0.0
1789610549.5,0.9987483370764015,39.0,7.0,3.0,64704430,37603776,0,0,
1789610551.5,0.9921395568398015,38.0,8.0,3.0,64704430,37603776,0,0,
1789610553.6,0.9656186075786402,37.0,8.0,3.0,64784667,37603776,80237,0,0.0
1789610555.6,0.976225556811192,37.0,10.0,3.0,64784667,37603776,0,0,
1789610557.6,0.9590885032972377,36.0,11.0,3.0,64846914,37603776,62247,0,0.0
1789610559.6,0.9501623585620896,36.0,10.0,3.0,64940468,37603776,93554,0,0.0
1789610561.7,0.9721415595004792,36.0,11.0,3.0,64940468,37603776,0,0,
1789610563.7,0.9320525841475102,35.0,10.0,3.0,65047484,37603776,107016,0,0.0
1789610565.7,0.9540031756476461,35.0,11.0,3.0,65047484,37603776,0,0,
1789610567.7,0.9686369033144034,35.0,12.0,3.0,65047484,37603776,0,0,
1789610569.7,0.9901297438024804,36.0,11.0,3.0,65090425,37603776,42941,0,0.0
1789610571.8,0.9837569914314732,36.0,11.0,3.0,65154050,37603776,63625,0,0.0
1789610573.8,0.9978757492096643,36.0,11.0,3.0,65154050,37603776,0,0,
1789610575.8,0.9501623585620896,36.0,10.0,3.0,65206864,37603776,52814,0,0.0
1789610577.8,0.9794584233338578,37.0,9.0,3.0,65275711,37603776,68847,0,0.0
1789610579.8,0.9845509033430129,37.0,9.0,3.0,65324737,37603776,49026,0,0.0
1789610581.9,0.9841217617692076,36.0,11.0,3.0,65324737,37603776,0,0,
1789610583.9,0.9917604817829402,36.0,11.0,3.0,65389026,37603776,64289,0,0.0
1789610585.9,0.9899652395325218,36.0,11.0,3.0,65435687,37603776,46661,0,0.0
1789610587.9,0.9742014390547442,36.0,10.0,3.0,65476907,37603776,41220,0,0.0
1789610590.0,0.9810748565951908,36.0,11.0,3.0,65558307,37603776,81400,0,0.0
1789610592.0,0.9921681662780552,36.0,11.0,3.0,65558307,37603776,0,0,
1789610594.0,0.9841718282861516,36.0,10.0,3.0,65626724,37603776,68417,0,0.0
1789610596.0,0.9897435163860557,36.0,10.0,3.0,65626724,37603776,0,0,
1789610598.0,0.9569714048664655,35.0,10.0,3.0,65689130,37603776,62406,0,0.0
1789610600.1,0.982612613901326,36.0,10.0,3.0,65739194,37603776,50064,0,0.0
1789610602.1,0.970725392306922,35.0,10.0,3.0,65739194,37603776,0,0,
1789610604.1,0.9520791909250862,35.0,9.0,3.0,65819419,37603776,80225,0,0.0
1789610606.1,0.9740512395039124,36.0,11.0,3.0,65863007,37603776,43588,0,0.0
1789610608.2,0.9610124880197978,36.0,10.0,3.0,65944123,37603776,81116,0,0.0
1789610610.2,0.9791294147939406,36.0,10.0,3.0,65944123,37603776,0,0,
1789610612.2,0.9573004134063827,35.0,10.0,3.0,65997202,37603776,53079,0,0.0
1789610614.2,0.9538529760968143,35.0,10.0,3.0,66082844,37603776,85642,0,0.0
1789610616.2,0.9633942237544166,35.0,12.0,3.0,66172949,37603776,90105,0,0.0
1789610618.3,0.9780279514211738,35.0,12.0,3.0,66172949,37603776,0,0,
1789610620.3,0.9824266525526771,35.0,12.0,3.0,66172949,37603776,0,0,
1789610622.3,0.9833350022172315,35.0,11.0,3.0,66215558,37603776,42609,0,0.0
1789610624.3,0.9151086443417683,33.0,13.0,3.0,66294456,37603776,78898,0,0.0
1789610626.4,0.9370878452801579,34.0,12.0,3.0,66341374,37603776,46918,0,0.0
1789610628.4,0.9663982147710529,35.0,12.0,3.0,66448813,37603776,107439,0,0.0
1789610630.4,0.9288197176248445,33.0,13.0,3.0,66448813,37603776,0,0,
1789610632.4,0.9398057419142575,34.0,12.0,3.0,66491112,37603776,42299,0,0.0
1789610634.4,0.9764258228789677,35.0,12.0,3.0,66559788,37603776,68676,0,0.0
1789610636.5,0.9882915873946815,35.0,12.0,3.0,66559788,37603776,0,0,
1789610638.5,0.9890568898679675,35.0,12.0,3.0,66559788,37603776,0,0,
1789610640.5,0.9863032314360507,35.0,11.0,3.0,66607034,37603776,47246,0,0.0
1789610642.5,0.9556768277854865,35.0,11.0,3.0,66658076,37603776,51042,0,0.0
1789610644.6,0.963844822406912,36.0,10.0,3.0,66742946,37603776,84870,0,0.0
1789610646.6,0.9546683450870442,36.0,10.0,3.0,66787576,37603776,44630,0,0.0
1789610648.6,0.9685367702805155,36.0,10.0,3.0,66867716,37603776,80140,0,0.0
1789610650.6,0.9647603244310298,35.0,11.0,3.0,66867716,37603776,0,0,
1789610652.7,0.9063899180339594,33.0,12.0,3.0,66952541,37603776,84825,0,0.0
1789610654.7,0.8968772798146109,33.0,13.0,3.0,67021863,37603776,69322,0,0.0
1789610656.7,0.922511336489908,34.0,13.0,3.0,67083577,37603776,61714,0,0.0
1789610658.7,0.9255725463830518,33.0,13.0,3.0,67083577,37603776,0,0,
1789610660.8,0.9585449239704178,35.0,12.0,3.0,67174200,37603776,90623,0,0.0
1789610662.8,0.942573705065301,34.0,12.0,3.0,67257886,37603776,83686,0,0.0
1789610664.8,0.9609123549859099,34.0,13.0,3.0,67257886,37603776,0,0,
1789610666.8,0.9789792152431087,34.0,13.0,3.0,67299341,37603776,41455,0,0.0
1789610668.9,0.9547255639635516,33.0,13.0,3.0,67406029,37603776,106688,0,0.0
1789610670.9,0.9729998426480896,33.0,14.0,3.0,67406029,37603776,0,0,
1789610672.9,0.9705465833178366,32.0,14.0,3.0,67406029,37603776,0,0,
1789610674.9,0.9383395082037564,30.0,16.0,3.0,67406029,37603776,0,0,
1789610676.9,0.9675998111777075,31.0,16.0,3.0,67512598,37603776,106569,0,0.0
1789610679.0,0.9257656600912642,30.0,16.0,3.0,67512598,37603776,0,0,
1789610681.0,0.9477806228274708,32.0,14.0,3.0,67592527,37603776,79929,0,0.0
1789610683.0,0.9807029338978929,33.0,13.0,3.0,67648745,37603776,56218,0,0.0
1789610685.0,0.9754459496187793,33.0,12.0,3.0,67696349,37603776,47604,0,0.0
1789610687.1,0.9759251577095284,33.0,12.0,3.0,67765575,37603776,69226,0,0.0
1789610689.1,0.9579870399244711,33.0,12.0,3.0,67827506,37603776,61931,0,0.0
1789610691.1,0.9821191010914501,33.0,13.0,3.0,67827506,37603776,0,0,
1789610693.1,0.9784642453545425,33.0,13.0,3.0,67891736,37603776,64230,0,0.0
1789610695.1,0.948431487547742,33.0,12.0,3.0,67942207,37603776,50471,0,0.0
1789610697.2,0.9756962822034989,34.0,11.0,3.0,67985103,37603776,42896,0,0.0
1789610699.2,0.9329251720142475,33.0,11.0,3.0,68050168,37603776,65065,0,0.0
1789610701.2,0.9585949904873617,35.0,9.0,3.0,68103012,37603776,52844,0,0.0
1789610703.2,0.9878767505400031,36.0,9.0,3.0,68148383,37603776,45371,0,0.0
1789610705.3,0.9305362839200653,35.0,9.0,3.0,68274256,37603776,125873,0,0.0
1789610707.3,0.9488606291215472,35.0,10.0,3.0,68274256,37603776,0,0,
1789610709.3,0.9635158138669947,35.0,11.0,3.0,68274256,37603776,0,0,
1789610711.3,0.9891284134636017,36.0,10.0,3.0,68343845,37603776,69589,0,0.0
1789610713.4,0.9836568583975853,36.0,9.0,3.0,68408279,37603776,64434,0,0.0
1789610715.4,0.9945069878552935,36.0,10.0,3.0,68408279,37603776,0,0,
1789610717.4,0.9956799748236943,36.0,10.0,3.0,68459622,37603776,51343,0,0.0
1789610719.4,0.9613486489192785,35.0,11.0,3.0,68547192,37603776,87570,0,0.0
1789610721.4,0.9869612485158854,35.0,11.0,3.0,68547192,37603776,0,0,
1789610723.5,0.9940277797645444,36.0,11.0,3.0,68566774,37622384,19582,18608,0.9503
1789610725.5,0.9948860629121548,36.0,11.0,3.0,68566774,37622384,0,0,
1789610727.5,0.995708584261948,36.0,11.0,3.0,68566774,37622384,0,0,
1789610729.6,0.9484958587838128,34.0,12.0,3.0,68656418,37622384,89644,0,0.0
1789610731.6,0.9668130516257313,34.0,12.0,3.0,68656418,37622384,0,0,
1789610733.6,0.9744088574820834,34.0,13.0,3.0,68656418,37622384,0,0,
1789610735.6,0.9699815469123264,34.0,13.0,3.0,68764328,37622384,107910,0,0.0
1789610737.6,0.9846367316577739,34.0,13.0,3.0,68764328,37622384,0,0,
1789610739.7,0.9964810390947973,34.0,13.0,3.0,68764328,37622384,0,0,
1789610741.8,0.9925901554922969,34.0,13.0,3.0,68809956,37622384,45628,0,0.0
1789610743.8,0.955362123964696,33.0,13.0,3.0,68809956,37622384,0,0,
1789610745.8,0.9258800978442788,33.0,12.0,3.0,68921626,37622384,111670,0,0.0
1789610747.8,0.9441686812479437,33.0,14.0,3.0,68921626,37622384,0,0,
1789610749.8,0.9551618578969202,33.0,14.0,3.0,68921626,37622384,0,0,
1789610751.9,0.9482812879969101,34.0,13.0,3.0,69012330,37622384,90704,0,0.0
1789610753.9,0.9665841761197019,35.0,12.0,3.0,69126749,37712480,114419,90096,0.7874
1789610755.9,0.9734003747836412,35.0,12.0,3.0,69126749,37712480,0,0,
1789610757.9,0.9750597222023546,35.0,11.0,3.0,69213542,37712480,86793,0,0.0
1789610760.0,0.992046576165477,35.0,11.0,3.0,69213542,37712480,0,0,
1789610762.0,0.9874905231235784,35.0,11.0,3.0,69262374,37712480,48832,0,0.0
1789610764.0,0.9848369977255497,35.0,11.0,3.0,69316191,37712480,53817,0,0.0
1789610766.0,0.976411518159841,35.0,10.0,3.0,69360683,37712480,44492,0,0.0
1789610768.1,0.9480881742886978,34.0,10.0,3.0,69412072,37712480,51389,0,0.0
1789610770.1,0.9518288583403665,35.0,10.0,3.0,69524535,37731088,112463,18608,0.1655
1789610772.1,0.9664625860071238,35.0,11.0,3.0,69524535,37731088,0,0,
1789610774.1,0.9921109474015478,36.0,11.0,3.0,69583912,37731088,59377,0,0.0
1789610776.2,0.9276896448138241,34.0,10.0,3.0,69632645,37731088,48733,0,0.0
1789610778.2,0.9149584447909366,34.0,12.0,3.0,69740671,37731088,108026,0,0.0
1789610780.2,0.9332684852732916,34.0,12.0,3.0,69740671,37731088,0,0,
1789610782.2,0.925594003461742,33.0,12.0,3.0,69740671,37731088,0,0,
1789610784.2,0.9218032528931295,33.0,13.0,3.0,69830927,37731088,90256,0,0.0
1789610786.3,0.8884518002489021,32.0,15.0,3.0,69830927,37731088,0,0,
1789610788.3,0.9214027207575779,34.0,13.0,3.0,69910113,37731088,79186,0,0.0
1789610790.3,0.950713090248473,36.0,11.0,3.0,70020926,37731088,110813,0,0.0
1789610792.3,0.9522508475546083,36.0,10.0,3.0,70084562,37731088,63636,0,0.0
1789610794.3,0.9295707153790035,35.0,10.0,3.0,70084562,37731088,0,0,
1789610796.4,0.9588810848698985,37.0,8.0,3.0,70198719,37731088,114157,0,0.0
1789610798.4,0.9821763199679574,37.0,9.0,3.0,70198719,37731088,0,0,
1789610800.4,0.9778205329938346,37.0,9.0,3.0,70246162,37731088,47443,0,0.0
1789610802.4,0.9434677500107286,37.0,7.0,3.0,70389243,37731088,143081,0,0.0
1789610804.5,0.958752342397757,36.0,9.0,3.0,70389243,37731088,0,0,
1789610806.5,0.9453345158567812,36.0,8.0,3.0,70491421,37731088,102178,0,0.0
1789610808.5,0.9709685725320784,36.0,11.0,3.0,70491421,37731088,0,0,
1789610810.5,0.985609452558399,36.0,11.0,3.0,70491421,37731088,0,0,
1789610812.6,0.9686512080335302,36.0,10.0,3.0,70533889,37731088,42468,0,0.0
1789610814.6,0.9727065959059894,36.0,9.0,3.0,70606630,37731088,72741,0,0.0
1789610816.6,0.9727280529846797,36.0,8.0,3.0,70665875,37731088,59245,0,0.0
1789610818.6,0.9983549573004135,36.0,9.0,3.0,70665875,37731088,0,0,
1789610820.6,0.9477090992318365,33.0,11.0,3.0,70773292,37731088,107417,0,0.0
1789610822.7,0.9612413635258271,32.0,12.0,3.0,70773292,37731088,0,0,
1789610824.7,0.9758750911925844,32.0,15.0,3.0,70773292,37731088,0,0,
1789610826.7,0.9778705995107786,32.0,14.0,3.0,70826480,37731088,53188,0,0.0
1789610828.7,0.9540460898050267,31.0,14.0,3.0,70878395,37731088,51915,0,0.0
1789610830.8,0.955855636774572,31.0,15.0,3.0,70878395,37731088,0,0,
1789610832.8,0.9610196403793612,31.0,16.0,3.0,70986426,37731088,108031,0,0.0
1789610834.8,0.9756819774843721,31.0,16.0,3.0,70986426,37731088,0,0,
1789610836.8,0.9839858669375027,31.0,16.0,3.0,70986426,37731088,0,0,
1789610838.8,0.9369233410101993,30.0,16.0,3.0,71118378,37731088,131952,0,0.0
1789610840.9,0.9589168466677157,30.0,16.0,3.0,71118378,37731088,0,0,
1789610842.9,0.9635444233052484,30.0,16.0,3.0,71118378,37731088,0,0,
1789610844.9,0.9267812951492698,29.0,18.0,3.0,71209171,37731088,90793,0,0.0
1789610846.9,0.9414579369734075,29.0,18.0,3.0,71209171,37731088,0,0,
1789610849.0,0.9670919936487047,30.0,17.0,3.0,71273013,37731088,63842,0,0.0
1789610851.0,0.9927117456048751,31.0,16.0,3.0,71322834,37731088,49821,0,0.0
1789610853.0,0.9580943253179224,32.0,14.0,3.0,71432052,37749696,109218,18608,0.1704
1789610855.0,0.9837283819932195,32.0,15.0,3.0,71432052,37749696,0,0,
1789610857.0,0.9631009770123163,33.0,13.0,3.0,71512146,37749696,80094,0,0.0
1789610859.1,0.9815469123263765,33.0,14.0,3.0,71556907,37749696,44761,0,0.0
1789610861.1,0.9868968772798146,33.0,14.0,3.0,71556907,37749696,0,0,
1789610863.1,0.9469795585563677,33.0,13.0,3.0,71645944,37749696,89037,0,0.0
1789610865.2,0.9544537743001417,33.0,12.0,3.0,71734023,37749696,88079,0,0.0
1789610867.2,0.9727280529846797,33.0,12.0,3.0,71734023,37749696,0,0,
1789610869.2,0.9766904601828144,34.0,12.0,3.0,71818953,37749696,84930,0,0.0
1789610871.2,0.986153031885219,34.0,13.0,3.0,71865798,37749696,46845,0,0.0
1789610873.2,0.9817185689558986,34.0,13.0,3.0,71915067,37749696,49269,0,0.0
1789610875.3,0.9861458795256555,34.0,13.0,3.0,71915067,37749696,0,0,
1789610877.3,0.931094167966012,33.0,13.0,3.0,71986254,37749696,71187,0,0.0
1789610879.3,0.9567782911582531,34.0,12.0,3.0,72070321,37749696,84067,0,0.0
1789610881.3,0.9750811792810448,34.0,12.0,3.0,72070321,37749696,0,0,
1789610883.4,0.9770194687227316,34.0,13.0,3.0,72127430,37749696,57109,0,0.0
1789610885.4,0.9772340395096343,34.0,12.0,3.0,72187280,37749696,59850,0,0.0
1789610887.4,0.9574291558785243,33.0,13.0,3.0,72187280,37749696,0,0,
1789610889.4,0.9488677814811106,33.0,12.0,3.0,72295633,37749696,108353,0,0.0
1789610891.5,0.9708326777003734,33.0,12.0,3.0,72295633,37749696,0,0,
1789610893.5,0.9572002803724948,31.0,14.0,3.0,72295633,37749696,0,0,
1789610895.5,0.8876578883373625,28.0,17.0,3.0,72479744,37749696,184111,0,0.0
1789610897.5,0.905975081179281,28.0,18.0,3.0,72479744,37749696,0,0,
1789610899.6,0.9206159612056017,28.0,18.0,3.0,72479744,37749696,0,0,
1789610901.6,0.9316091378545782,28.0,18.0,3.0,72479744,37749696,0,0,
1789610903.6,0.9425665527057376,28.0,18.0,3.0,72479744,37749696,0,0,
1789610905.6,0.9499120259773699,28.0,19.0,3.0,72479744,37749696,0,0,
1789610907.6,0.9572431945298754,28.0,19.0,3.0,72479744,37749696,0,0,
1789610909.7,0.9782425222080764,29.0,18.0,3.0,72522075,37749696,42331,0,0.0
1789610911.7,0.9493827513696769,28.0,19.0,3.0,72572272,37749696,50197,0,0.0
1789610913.7,0.9539745662093925,28.0,18.0,3.0,72663769,37749696,91497,0,0.0
1789610915.7,0.9686154462357132,28.0,18.0,3.0,72663769,37749696,0,0,
1789610917.7,0.990580342454976,29.0,18.0,3.0,72728981,37749696,65212,0,0.0
1789610919.8,0.98128227502253,29.0,17.0,3.0,72773882,37749696,44901,0,0.0
1789610921.8,0.983427982891556,29.0,16.0,3.0,72852385,37749696,78503,0,0.0
1789610923.8,0.9967385240390805,29.0,18.0,3.0,72852385,37749696,0,0,
1789610925.8,0.9847940835681691,29.0,17.0,3.0,72920586,37749696,68201,0,0.0
1789610927.9,0.9901440485216073,29.0,17.0,3.0,72920586,37749696,0,0,
1789610929.9,0.9830274507560044,29.0,17.0,3.0,73001285,37749696,80699,0,0.0
1789610931.9,0.9268599711044674,28.0,18.0,3.0,73094367,37749696,93082,0,0.0
1789610933.9,0.9488606291215472,28.0,19.0,3.0,73094367,37749696,0,0,
1789610936.0,0.9671706696039023,29.0,18.0,3.0,73138565,37749696,44198,0,0.0
1789610938.0,0.959467578354099,29.0,17.0,3.0,73203954,37749696,65389,0,0.0
1789610940.0,0.9814467792924886,30.0,17.0,3.0,73250336,37749696,46382,0,0.0
1789610942.0,0.9575078318337219,31.0,15.0,3.0,73341858,37768304,91522,18608,0.2033
1789610944.1,0.9458065715879669,31.0,15.0,3.0,73392022,37768304,50164,0,0.0
1789610946.1,0.9714620853419543,32.0,14.0,3.0,73436434,37768304,44412,0,0.0
1789610948.1,0.9411289284334902,32.0,13.0,3.0,73490848,37768304,54414,0,0.0
1789610950.1,0.9741156107399831,35.0,11.0,3.0,73603296,37768304,112448,0,0.0
1789610952.1,0.9933053914486389,35.0,11.0,3.0,73603296,37768304,0,0,
1789610954.2,0.9438396727080264,35.0,9.0,3.0,73739583,37768304,136287,0,0.0
1789610956.2,0.9209807315433362,34.0,12.0,3.0,73739583,37768304,0,0,
1789610958.2,0.9356287639292202,35.0,11.0,3.0,73791057,37768304,51474,0,0.0
1789610960.2,0.9649319810605519,36.0,10.0,3.0,73866705,37768304,75648,0,0.0
1789610962.2,0.9869040296393781,36.0,10.0,3.0,73866705,37768304,0,0,
1789610964.3,0.9837999055888538,35.0,10.0,3.0,73931196,37768304,64491,0,0.0
1789610966.3,0.9468436637246628,34.0,9.0,3.0,74034496,37768304,103300,0,0.0
1789610968.3,0.9724920251190868,34.0,11.0,3.0,74034496,37768304,0,0,
1789610970.3,0.9871400575049709,34.0,11.0,3.0,74034496,37768304,0,0,
1789610972.4,0.990036763128156,34.0,11.0,3.0,74034496,37768304,0,0,
1789610974.4,0.9431458938303746,32.0,12.0,3.0,74119557,37768304,85061,0,0.0
1789610976.4,0.9614487819531663,32.0,13.0,3.0,74119557,37768304,0,0,
1789610978.4,0.8881514011472385,32.0,12.0,3.0,74208229,37768304,88672,0,0.0
1789610980.4,0.8812207647302845,31.0,13.0,3.0,74208229,37768304,0,0,
1789610982.5,0.8995451099317665,32.0,13.0,3.0,74318525,37768304,110296,0,0.0
1789610984.5,0.9251791666070637,32.0,13.0,3.0,74318525,37768304,0,0,
1789610986.5,0.9398200466333844,32.0,13.0,3.0,74318525,37768304,0,0,
1789610988.5,0.961784942852647,33.0,12.0,3.0,74400400,37768304,81875,0,0.0
1789610990.6,0.9801164404136925,33.0,12.0,3.0,74400400,37768304,0,0,
1789610992.6,0.9619065329652252,33.0,11.0,3.0,74492437,37768304,92037,0,0.0
1789610994.6,0.9802380305262706,33.0,12.0,3.0,74492437,37768304,0,0,
1789610996.6,0.9615632197061811,32.0,12.0,3.0,74492437,37768304,0,0,
1789610998.6,0.9618063999313373,32.0,12.0,3.0,74612405,37768304,119968,0,0.0
1789611000.7,0.9764401275980946,32.0,13.0,3.0,74612405,37768304,0,0,
1789611002.7,0.9899866966112121,32.0,13.0,3.0,74612405,37768304,0,0,
1789611004.7,0.9612056017280101,31.0,13.0,3.0,74612405,37768304,0,0,
1789611006.7,0.9575292889124122,31.0,12.0,3.0,74712967,37768304,100562,0,0.0
1789611008.7,0.9721630165791695,31.0,13.0,3.0,74712967,37768304,0,0,
1789611010.8,0.9565851774500408,31.0,12.0,3.0,74759678,37768304,46711,0,0.0
1789611012.8,0.8973493355457965,30.0,12.0,3.0,74813449,37768304,53771,0,0.0
1789611014.8,0.9027922811735591,31.0,10.0,3.0,74929181,37768304,115732,0,0.0
1789611016.8,0.924792939190639,32.0,11.0,3.0,74977323,37768304,48142,0,0.0
1789611018.9,0.9540746992432804,33.0,11.0,3.0,75024298,37768304,46975,0,0.0
1789611020.9,0.9833922210937388,34.0,11.0,3.0,75070302,37768304,46004,0,0.0
1789611022.9,0.91661779220965,32.0,13.0,3.0,75134926,37768304,64624,0,0.0
1789611024.9,0.9275895117799362,32.0,13.0,3.0,75134926,37768304,0,0,
1789611027.0,0.9263450012159011,32.0,13.0,3.0,75332862,37768304,197936,0,0.0
1789611029.0,0.9446764987769465,32.0,13.0,3.0,75332862,37768304,0,0,
1789611031.0,0.9556410659876693,32.0,13.0,3.0,75332862,37768304,0,0,
1789611033.0,0.9666127855579556,32.0,13.0,3.0,75332862,37768304,0,0,
1789611035.0,0.9776059622069321,32.0,13.0,3.0,75332862,37768304,0,0,
1789611037.1,0.9849371307594376,32.0,13.0,3.0,75332862,37768304,0,0,
1789611039.1,0.9922897563906332,32.0,13.0,3.0,75332862,37768304,0,0,
1789611041.1,0.9738366687170097,32.0,12.0,3.0,75335207,37768304,2345,0,0.0
1789611043.1,0.9725850057934112,33.0,11.0,3.0,75445907,37768304,110700,0,0.0
1789611045.1,0.9945355972935471,33.0,12.0,3.0,75445907,37768304,0,0,
1789611047.2,0.9602400331869484,33.0,11.0,3.0,75514314,37768304,68407,0,0.0
1789611049.2,0.9763757563620238,33.0,12.0,3.0,75514314,37768304,0,0,
1789611051.2,0.9553192098073154,33.0,11.0,3.0,75580168,37768304,65854,0,0.0
1789611053.2,0.9775487433304247,33.0,12.0,3.0,75580168,37768304,0,0,
1789611055.3,0.9750454174832277,33.0,12.0,3.0,75641647,37768304,61479,0,0.0
1789611057.3,0.9674066974694951,33.0,12.0,3.0,75734709,37768304,93062,0,0.0
1789611059.3,0.98569528087316,33.0,12.0,3.0,75734709,37768304,0,0,
1789611061.3,0.9575722030697927,33.0,12.0,3.0,75818091,37768304,83382,0,0.0
1789611063.4,0.9795728610868726,33.0,12.0,3.0,75818091,37768304,0,0,
1789611065.4,0.9564063684609553,32.0,12.0,3.0,75818091,37768304,0,0,
1789611067.4,0.9329108672951206,31.0,11.0,3.0,75918221,37768304,100130,0,0.0
1789611069.4,0.9475732044001316,31.0,12.0,3.0,75918221,37768304,0,0,
1789611071.4,0.9732072610754288,32.0,11.0,3.0,75973285,37768304,55064,0,0.0
1789611073.5,0.9534524439612628,32.0,11.0,3.0,76061557,37768304,88272,0,0.0
1789611075.5,0.9717481797244911,32.0,14.0,3.0,76061557,37768304,0,0,
1789611077.5,0.9936057905503025,33.0,13.0,3.0,76106491,37768304,44934,0,0.0
1789611079.5,0.9946214256083081,33.0,12.0,3.0,76163663,37768304,57172,0,0.0
1789611081.5,0.9988913842676699,33.0,13.0,3.0,76163663,37768304,0,0,
1789611083.6,0.9996566867409559,33.0,13.0,3.0,76163663,37768304,0,0,
1789611085.6,0.9296422389746377,32.0,13.0,4.0,76232697,37768304,69034,0,0.0
1789611087.6,0.9247714821119487,31.0,13.0,4.0,76343333,37768304,110636,0,0.0
1789611089.6,0.9504055387872459,31.0,15.0,4.0,76343333,37768304,0,0,
1789611091.7,0.9650464188135666,31.0,15.0,4.0,76343333,37768304,0,0,
1789611093.7,0.9833636116554851,32.0,14.0,4.0,76408147,37768304,64814,0,0.0
1789611095.7,0.8992232537514125,30.0,14.0,4.0,76473424,37768304,65277,0,0.0
1789611097.7,0.9212024546898021,31.0,15.0,4.0,76524258,37768304,50834,0,0.0
1789611099.7,0.9440757005736192,31.0,15.0,4.0,76524258,37768304,0,0,
1789611101.8,0.86874704965168,29.0,14.0,4.0,76708823,37768304,184565,0,0.0
1789611103.8,0.8943524968887235,29.0,17.0,4.0,76708823,37768304,0,0,
1789611105.8,0.9090148339937345,29.0,17.0,4.0,76708823,37768304,0,0,
1789611107.8,0.8905545939605476,28.0,17.0,4.0,76708823,37768304,0,0,
1789611109.9,0.8978929148726165,28.0,17.0,4.0,76708823,37768304,0,0,
1789611111.9,0.9088646344429028,28.0,17.0,4.0,76708823,37768304,0,0,
1789611113.9,0.9161886506358448,28.0,18.0,4.0,76708823,37768304,0,0,
1789611115.9,0.9021986353297953,28.0,17.0,4.0,76770777,37768304,61954,0,0.0
1789611118.0,0.9241849886277483,29.0,17.0,4.0,76836627,37768304,65850,0,0.0
1789611120.0,0.9498047405839186,30.0,16.0,4.0,76885914,37768304,49287,0,0.0
1789611122.0,0.979122262434377,32.0,14.0,4.0,76935159,37768304,49245,0,0.0
1789611124.0,0.9420229733789177,31.0,14.0,4.0,76984561,37768304,49402,0,0.0
1789611126.0,0.9422590012445106,31.0,15.0,4.0,77032737,37768304,48176,0,0.0
1789611128.1,0.971576523094969,32.0,14.0,4.0,77125691,37768304,92954,0,0.0
1789611130.1,0.9898794112177607,32.0,14.0,4.0,77125691,37768304,0,0,
1789611132.1,0.9490108286723791,30.0,15.0,4.0,77226522,37768304,100831,0,0.0
1789611134.1,0.9746663424263664,30.0,15.0,4.0,77226522,37768304,0,0,
1789611136.1,0.9893143748122506,30.0,17.0,4.0,77226522,37768304,0,0,
1789611138.2,0.936186647975167,29.0,17.0,4.0,77321647,37768304,95125,0,0.0
1789611140.2,0.9544966884575221,29.0,17.0,4.0,77321647,37768304,0,0,
1789611142.2,0.9764687370363483,30.0,16.0,4.0,77383940,37768304,62293,0,0.0
1789611144.2,0.963930650721673,29.0,17.0,4.0,77383940,37768304,0,0,
1789611146.2,0.9432960933812065,29.0,18.0,4.0,77474624,37768304,90684,0,0.0
1789611148.3,0.9616061338635616,29.0,18.0,4.0,77474624,37768304,0,0,
1789611150.3,0.9696024718554651,29.0,18.0,4.0,77474624,37768304,0,0,
1789611152.3,0.9591028080163646,29.0,17.0,4.0,77543294,37768304,68670,0,0.0
1789611154.3,0.9847440170512252,31.0,15.0,4.0,77589812,37768304,46518,0,0.0
1789611156.4,0.9721630165791695,30.0,16.0,4.0,77589812,37768304,0,0,
1789611158.4,0.9612413635258271,30.0,15.0,4.0,77680103,37768304,90291,0,0.0
1789611160.4,0.9795442516486189,30.0,17.0,4.0,77680103,37768304,0,0,
1789611162.4,0.9448195459682149,30.0,16.0,4.0,77725255,37768304,45152,0,0.0
1789611164.5,0.952451113622384,30.0,15.0,4.0,77791323,37768304,66068,0,0.0
1789611166.5,0.9694451199450699,30.0,17.0,4.0,77791323,37768304,0,0,
1789611168.5,0.9657759594890354,30.0,17.0,4.0,77863578,37768304,72255,0,0.0
1789611170.5,0.9913957114452058,31.0,16.0,4.0,77917738,37768304,54160,0,0.0
1789611172.5,0.970060222867524,31.0,15.0,4.0,77982838,37768304,65100,0,0.0
1789611174.6,0.9696811478106627,30.0,17.0,4.0,77982838,37768304,0,0,
1789611176.6,0.9533594632869383,30.0,16.0,4.0,78096516,37768304,113678,0,0.0
1789611178.6,0.9753029024275108,30.0,17.0,4.0,78096516,37768304,0,0,
1789611180.6,0.9899652395325218,30.0,17.0,4.0,78096516,37768304,0,0,
1789611182.6,0.9984765474129915,31.0,16.0,4.0,78099427,37768304,2911,0,0.0
1789611184.7,0.9991917833693336,31.0,16.0,4.0,78099427,37768304,0,0,
1789611186.7,0.9504985194615704,31.0,15.0,4.0,78173757,37768304,74330,0,0.0
1789611188.7,0.9823122147996624,32.0,14.0,4.0,78227388,37768304,53631,0,0.0
1789611190.7,0.9769193356888437,32.0,13.0,4.0,78290740,37768304,63352,0,0.0
1789611192.8,0.9695738624172114,33.0,14.0,4.0,78393247,37768304,102507,0,0.0
1789611194.8,0.967385240390805,32.0,15.0,4.0,78393247,37768304,0,0,
1789611196.8,0.9758250246756405,32.0,15.0,4.0,78393247,37768304,0,0,
1789611198.8,0.9773127154648319,32.0,15.0,4.0,78475256,37768304,82009,0,0.0
1789611200.9,0.9885776817772183,32.0,15.0,4.0,78475256,37768304,0,0,
1789611202.9,0.9893143748122506,32.0,15.0,4.0,78475256,37768304,0,0,
1789611204.9,0.9322743072939763,32.0,16.0,4.0,78537691,37768304,62435,0,0.0
1789611206.9,0.9578940592501466,33.0,15.0,4.0,78614663,37768304,76972,0,0.0
1789611209.0,0.979887564907663,34.0,14.0,4.0,78665418,37768304,50755,0,0.0
1789611211.0,0.9430815225943039,34.0,13.0,4.0,78669875,37768304,4457,0,0.0
1789611213.0,0.9760753572603602,36.0,12.0,4.0,78791409,37768304,121534,0,0.0
1789611215.0,0.9716981132075472,35.0,13.0,4.0,78791409,37768304,0,0,
1789611217.1,0.9757535010800062,35.0,12.0,4.0,78868425,37768304,77016,0,0.0
1789611219.1,0.9508060709227975,35.0,11.0,4.0,78919727,37768304,51302,0,0.0
1789611221.1,0.9801235927732559,36.0,11.0,4.0,78973833,37768304,54106,0,0.0
1789611223.1,0.9500765302473286,35.0,11.0,4.0,79068434,37768304,94601,0,0.0
1789611225.1,0.9436251019211238,34.0,12.0,4.0,79068434,37768304,0,0,
1789611227.2,0.9582945913856982,35.0,12.0,4.0,79138457,37768304,70023,0,0.0
1789611229.2,0.9839000386227417,35.0,13.0,4.0,79138457,37768304,0,0,
1789611231.2,0.9705894974752171,34.0,14.0,4.0,79210944,37768304,72487,0,0.0
1789611233.2,0.972463415680833,34.0,13.0,4.0,79277741,37768304,66797,0,0.0
1789611235.3,0.99807601527744,34.0,13.0,4.0,79277741,37768304,0,0,
1789611237.3,0.9850158067146352,34.0,13.0,4.0,79323649,37768304,45908,0,0.0
1789611239.3,0.9652466848813424,34.0,14.0,4.0,79379888,37768304,56239,0,0.0
1789611241.4,0.932338678530047,33.0,15.0,4.0,79380280,37768304,392,0,0.0
1789611243.4,0.8705709013403522,32.0,16.0,4.0,79565413,37768304,185133,0,0.0
1789611245.4,0.8697555323501223,31.0,17.0,4.0,79565413,37768304,0,0,
1789611247.4,0.8807200995608451,31.0,17.0,4.0,79565413,37768304,0,0,
1789611249.4,0.8917347332885119,31.0,17.0,4.0,79565413,37768304,0,0,
1789611251.5,0.8990444447623271,31.0,17.0,4.0,79565413,37768304,0,0,
1789611253.5,0.9063970703935228,31.0,17.0,4.0,79565413,37768304,0,0,
1789611255.5,0.9173830946829359,33.0,15.0,4.0,79617075,37768304,51662,0,0.0
1789611257.6,0.9466577023760139,34.0,14.0,4.0,79718037,37768304,100962,0,0.0
1789611259.6,0.9686512080335302,34.0,14.0,4.0,79718037,37768304,0,0,
1789611261.6,0.9810748565951908,34.0,14.0,4.0,79718037,37768304,0,0,
1789611263.6,0.8781094883201969,33.0,13.0,4.0,79829640,37768304,111603,0,0.0
1789611265.7,0.9031498991517302,33.0,14.0,4.0,79875235,37768304,45595,0,0.0
1789611267.7,0.9361222767390962,34.0,14.0,4.0,79939145,37768304,63910,0,0.0
1789611269.7,0.9580943253179224,35.0,13.0,4.0,79985529,37768304,46384,0,0.0
1789611271.7,0.9682220664597251,36.0,11.0,4.0,80033534,37768304,48005,0,0.0
1789611273.7,0.9249002245840903,35.0,12.0,4.0,80139684,37768304,106150,0,0.0
1789611275.8,0.9431816556281918,35.0,13.0,4.0,80139684,37768304,0,0,
1789611277.8,0.9541605275580414,35.0,15.0,4.0,80139684,37768304,0,0,
1789611279.8,0.9798231936715922,36.0,14.0,4.0,80217004,37768304,77320,0,0.0
1789611281.8,0.989235698857053,36.0,14.0,4.0,80217004,37768304,0,0,
1789611283.9,0.9708469824195002,35.0,14.0,4.0,80299922,37768304,82918,0,0.0
1789611285.9,0.9928404880770166,35.0,15.0,4.0,80299922,37768304,0,0,
1789611287.9,0.9896219262734777,35.0,15.0,4.0,80334511,37768304,34589,0,0.0
1789611289.9,0.9678429914028638,34.0,15.0,4.0,80334511,37768304,0,0,
1789611292.0,0.9435964924828701,34.0,15.0,4.0,80411764,37768304,77253,0,0.0
1789611294.0,0.9275823594203728,33.0,16.0,4.0,80411764,37768304,0,0,
1789611296.0,0.9495401032800721,35.0,15.0,4.0,80454969,37768304,43205,0,0.0
1789611298.0,0.9788790822092208,37.0,13.0,4.0,80527993,37768304,73024,0,0.0
1789611300.0,0.9655184745447523,35.0,16.0,4.0,80527993,37768304,0,0,
1789611302.1,0.9155950047920809,32.0,17.0,4.0,80642150,37768304,114157,0,0.0
1789611304.1,0.9338907405553092,32.0,18.0,4.0,80642150,37768304,0,0,
1789611306.1,0.9485316205816299,32.0,18.0,4.0,80642150,37768304,0,0,
1789611308.1,0.9559629221680233,32.0,19.0,4.0,80642150,37768304,0,0,
1789611310.2,0.924657044358934,31.0,19.0,4.0,80758299,37768304,116149,0,0.0
1789611312.2,0.9466147882186333,31.0,20.0,4.0,80758299,37768304,0,0,
1789611314.2,0.9612342111662637,31.0,20.0,4.0,80758299,37768304,0,0,
1789611316.2,0.9383681176420101,31.0,19.0,4.0,80858749,37768304,100450,0,0.0
1789611318.3,0.9120688915273149,30.0,20.0,4.0,80858749,37768304,0,0,
1789611320.3,0.9267455333514526,30.0,21.0,4.0,80858749,37768304,0,0,
1789611322.3,0.9523438282289327,32.0,19.0,4.0,80945775,37768304,87026,0,0.0
1789611324.3,0.9470224727137483,32.0,19.0,4.0,81041437,37768304,95662,0,0.0
1789611326.3,0.96532536083654,32.0,19.0,4.0,81041437,37768304,0,0,
1789611328.4,0.9836711631167122,33.0,18.0,4.0,81090599,37768304,49162,0,0.0
1789611330.4,0.997682635501452,33.0,18.0,4.0,81090599,37768304,0,0,
1789611332.4,0.9785357689501767,32.0,18.0,4.0,81147261,37768304,56662,0,0.0
1789611334.4,0.8508160842261863,30.0,17.0,4.0,81211264,37768304,64003,0,0.0
1789611336.5,0.8764644456206102,31.0,20.0,4.0,81262982,37768304,51718,0,0.0
1789611338.5,0.9057390533136882,32.0,19.0,4.0,81313516,37768304,50534,0,0.0
1789611340.5,0.93506372752371,33.0,18.0,4.0,81378101,37768304,64585,0,0.0
1789611342.5,0.9606620224011901,34.0,17.0,4.0,81463037,37768304,84936,0,0.0
1789611344.5,0.9790292817600527,34.0,17.0,4.0,81463037,37768304,0,0,
1789611346.6,0.9821047963723233,34.0,17.0,4.0,81463037,37768304,0,0,
1789611348.6,0.9814968458094325,35.0,15.0,4.0,81515838,37768304,52801,0,0.0
1789611350.6,0.974795084898508,34.0,16.0,4.0,81614338,37768304,98500,0,0.0
1789611352.6,0.9930765159426095,34.0,17.0,4.0,81614338,37768304,0,0,
1789611354.7,0.9651179424092008,33.0,16.0,4.0,81652188,37768304,37850,0,0.0
1789611356.7,0.9870828386284636,34.0,16.0,4.0,81687384,37768304,35196,0,0.0
1789611358.7,0.9907448467249346,34.0,15.0,4.0,81749685,37768304,62301,0,0.0
1789611360.7,0.9919822049294063,35.0,14.0,4.0,81798593,37768304,48908,0,0.0
1789611362.8,0.9682006093810348,34.0,14.0,4.0,81889913,37768304,91320,0,0.0
1789611364.8,0.9901440485216073,34.0,15.0,4.0,81889913,37768304,0,0,
1789611366.8,0.9948717581930279,34.0,15.0,4.0,81889913,37768304,0,0,
1789611368.8,0.9903800763872002,34.0,16.0,4.0,81959087,37768304,69174,0,0.0
1789611370.9,0.9606834794798804,35.0,15.0,4.0,82036940,37768304,77853,0,0.0
1789611372.9,0.9826555280587066,35.0,16.0,4.0,82036940,37768304,0,0,
1789611374.9,0.9709042012960075,34.0,16.0,4.0,82087141,37768304,50201,0,0.0
1789611376.9,0.935113794040654,33.0,17.0,4.0,82087141,37768304,0,0,
1789611378.9,0.9270602371722432,33.0,18.0,4.0,82273633,37768304,186492,0,0.0
1789611381.0,0.9417011171985639,33.0,18.0,4.0,82273633,37768304,0,0,
1789611383.0,0.9526728367688501,33.0,18.0,4.0,82273633,37768304,0,0,
1789611385.0,0.9600183100404823,33.0,18.0,4.0,82273633,37768304,0,0,
1789611387.1,0.9710114866894588,33.0,18.0,4.0,82273633,37768304,0,0,
1789611389.1,0.9783355028824009,33.0,18.0,4.0,82273633,37768304,0,0,
1789611391.1,0.9816899595176449,33.0,18.0,4.0,82273633,37768304,0,0,
1789611393.1,0.9610911639749954,32.0,18.0,4.0,82346584,37768304,72951,0,0.0
1789611395.1,0.9793868997382237,33.0,17.0,4.0,82394961,37768304,48377,0,0.0
1789611397.2,0.9804096871557927,32.0,18.0,4.0,82394961,37768304,0,0,
1789611399.2,0.9680218003919493,32.0,17.0,4.0,82496039,37768320,101078,16,0.0002
1789611401.2,0.9863389932338679,32.0,19.0,4.0,82496039,37768320,0,0,
1789611403.2,0.9677643154476662,32.0,18.0,4.0,82550685,37768320,54646,0,0.0
1789611405.3,0.9471583675454532,32.0,18.0,4.0,82618818,37768320,68133,0,0.0
1789611407.3,0.9727781195016236,33.0,17.0,4.0,82650521,37768320,31703,0,0.0
1789611409.3,0.972341825568255,34.0,15.0,4.0,82716609,37768320,66088,0,0.0
1789611411.3,0.9910667029052884,34.0,16.0,4.0,82716609,37768320,0,0,
1789611413.3,0.9596106255453675,34.0,16.0,4.0,82790466,37768320,73857,0,0.0
1789611415.4,0.9867895918863633,35.0,16.0,4.0,82842368,37768320,51902,0,0.0
1789611417.4,0.9228904115467693,36.0,15.0,4.0,82961186,37768320,118818,0,0.0
1789611419.4,0.925951621439913,35.0,16.0,4.0,82961186,37768320,0,0,
1789611421.4,0.9516142875534639,36.0,15.0,4.0,83058287,37768320,97101,0,0.0
1789611423.5,0.9699314803953825,36.0,15.0,4.0,83058287,37768320,0,0,
1789611425.5,0.9482026120417125,36.0,14.0,4.0,83173985,37768320,115698,0,0.0
1789611427.5,0.9701889653396656,36.0,14.0,4.0,83173985,37768320,0,0,
1789611429.5,0.9848298453659863,36.0,14.0,4.0,83173985,37768320,0,0,
1789611431.5,0.9894216602057019,36.0,15.0,4.0,83173985,37768320,0,0,
1789611433.6,0.9940134750454175,36.0,14.0,4.0,83230271,37768320,56286,0,0.0
1789611435.6,0.9306221122348263,35.0,15.0,4.0,83374124,37768320,143853,0,0.0
1789611437.6,0.9525870084540891,35.0,16.0,4.0,83374124,37768320,0,0,
1789611439.7,0.9635801851030655,35.0,16.0,4.0,83374124,37768320,0,0,
1789611441.7,0.9745662093924786,35.0,16.0,4.0,83374124,37768320,0,0,
1789611443.7,0.9807100862574564,35.0,16.0,4.0,83374124,37768320,0,0,
1789611445.7,0.9447980888895247,34.0,15.0,4.0,83489108,37768320,114984,0,0.0
1789611447.7,0.9631224340910066,34.0,15.0,4.0,83489108,37768320,0,0,
1789611449.8,0.9777561617577639,34.0,16.0,4.0,83489108,37768320,0,0,
1789611451.8,0.9721415595004792,34.0,16.0,4.0,83541577,37768320,52469,0,0.0
1789611453.8,0.9738867352339536,34.0,16.0,4.0,83583423,37768320,41846,0,0.0
1789611455.8,0.9954153375198478,35.0,15.0,4.0,83621807,37768320,38384,0,0.0
1789611457.9,0.9860099846939505,35.0,15.0,4.0,83691490,37768320,69683,0,0.0
1789611459.9,0.9703391648904973,34.0,16.0,4.0,83691490,37768320,0,0,
1789611461.9,0.9279828915559243,33.0,15.0,4.0,83769178,37768320,77688,0,0.0
1789611463.9,0.9319667558327492,32.0,17.0,4.0,83769178,37768320,0,0,
1789611466.0,0.9349063756133148,33.0,17.0,4.0,83913372,37768320,144194,0,0.0
1789611468.0,0.9346631953881586,32.0,18.0,4.0,83913372,37768320,0,0,
1789611470.0,0.8796901597837127,30.0,19.0,4.0,83913372,37768320,0,0,
1789611472.0,0.901647903643412,31.0,20.0,4.0,83956901,37768320,43529,0,0.0
1789611474.1,0.930958273134307,32.0,19.0,4.0,84057531,37768336,100630,16,0.0002
1789611476.1,0.9456277625988814,32.0,19.0,4.0,84057531,37768336,0,0,
1789611478.1,0.9134993634399988,30.0,19.0,4.0,84256294,37768336,198763,0,0.0
1789611480.1,0.9391548771939863,30.0,19.0,4.0,84256294,37768336,0,0,
1789611482.1,0.9501194444047091,30.0,19.0,4.0,84256294,37768336,0,0,
1789611484.2,0.959195788690689,29.0,20.0,4.0,84256294,37768336,0,0,
1789611486.2,0.9701675082609753,29.0,21.0,4.0,84256294,37768336,0,0,
1789611488.2,0.9774986768134808,29.0,22.0,4.0,84256294,37768336,0,0,
1789611490.2,0.9848369977255497,29.0,22.0,4.0,84256294,37768336,0,0,
1789611492.3,0.9759966813051626,28.0,22.0,4.0,84256294,37768336,0,0,
1789611494.3,0.8693335431358805,28.0,21.0,4.0,84384366,37768336,128072,0,0.0
1789611496.3,0.8949747521707412,28.0,23.0,4.0,84384366,37768336,0,0,
1789611498.3,0.9169324960304405,29.0,22.0,4.0,84499678,37768336,115312,0,0.0
1789611500.4,0.93891169696883,29.0,22.0,4.0,84499678,37768336,0,0,
1789611502.4,0.953574034073841,29.0,22.0,4.0,84499678,37768336,0,0,
1789611504.4,0.9718769221966327,30.0,21.0,4.0,84568304,37768336,68626,0,0.0
1789611506.4,0.9886849671706696,30.0,21.0,4.0,84568304,37768336,0,0,
1789611508.5,0.9607550030755146,30.0,20.0,4.0,84659765,37768336,91461,0,0.0
1789611510.5,0.9563133877866308,29.0,21.0,4.0,84659765,37768336,0,0,
1789611512.5,0.9530233023874576,29.0,22.0,4.0,84759185,37768336,99420,0,0.0
1789611514.5,0.9482741356373467,28.0,22.0,4.0,84759185,37768336,0,0,
1789611516.5,0.9628864062254138,29.0,21.0,4.0,84798241,37768336,39056,0,0.0
1789611518.6,0.9573075657659462,29.0,22.0,4.0,84863958,37768336,65717,0,0.0
1789611520.6,0.9415652223668588,29.0,21.0,4.0,84942470,37768336,78512,0,0.0
1789611522.6,0.9672278884804096,29.0,22.0,4.0,84942470,37768336,0,0,
1789611524.6,0.9735076601770924,29.0,22.0,4.0,84942470,37768336,0,0,
1789611526.7,0.9817400260345888,29.0,22.0,4.0,85015979,37768336,73509,0,0.0
1789611528.7,0.9893858984078847,29.0,23.0,4.0,85015979,37768336,0,0,
1789611530.7,0.9947430157208863,29.0,22.0,4.0,85072652,37768336,56673,0,0.0
1789611532.7,0.9958158696553994,29.0,22.0,4.0,85121427,37768336,48775,0,0.0
1789611534.8,0.9756819774843721,29.0,21.0,4.0,85156235,37768336,34808,0,0.0
1789611536.8,0.9780494084998641,30.0,22.0,4.0,85219234,37768336,62999,0,0.0
1789611538.8,0.9822120817657746,30.0,21.0,4.0,85276211,37768336,56977,0,0.0
1789611540.8,0.9713404952293762,30.0,21.0,4.0,85375132,37768336,98921,0,0.0
1789611542.9,0.9612914300427711,29.0,21.0,4.0,85375132,37768336,0,0,
1789611544.9,0.9211237787346045,29.0,21.0,4.0,85462906,37768336,87774,0,0.0
1789611546.9,0.9467649877694652,29.0,21.0,4.0,85462906,37768336,0,0,
1789611548.9,0.9650821806113837,30.0,22.0,4.0,85515161,37768336,52255,0,0.0
1789611551.0,0.9914886921195303,31.0,21.0,4.0,85556762,37768336,41601,0,0.0
1789611553.0,0.9891212611040382,31.0,21.0,4.0,85593823,37768336,37061,0,0.0
1789611555.0,0.9346059765116512,30.0,21.0,4.0,85593823,37768336,0,0,
1789611557.0,0.93533551718712,30.0,21.0,4.0,85593823,37768336,0,0,
1789611559.0,0.9288840888609152,30.0,21.0,4.0,85781532,37768336,187709,0,0.0
1789611561.1,0.9435535783254896,30.0,21.0,4.0,85781532,37768336,0,0,
1789611563.1,0.9545181455362124,30.0,21.0,4.0,85781532,37768336,0,0,
1789611565.1,0.9655041698256255,30.0,21.0,4.0,85781532,37768336,0,0,
1789611567.1,0.9728210336590041,30.0,21.0,4.0,85781532,37768336,0,0,
1789611569.2,0.9801450498519462,30.0,21.0,4.0,85781532,37768336,0,0,
1789611571.2,0.9874547613257614,30.0,21.0,4.0,85781532,37768336,0,0,
1789611573.2,0.9745304475946615,30.0,20.0,4.0,85882800,37768352,101268,16,0.0002
1789611575.2,0.9891784799805455,30.0,20.0,4.0,85882800,37768352,0,0,
1789611577.2,0.938196461012488,29.0,20.0,4.0,85952891,37768352,70091,0,0.0
1789611579.3,0.9546254309296637,29.0,20.0,4.0,85994975,37768352,42084,0,0.0
1789611581.3,0.935964924828701,29.0,20.0,4.0,86048008,37768352,53033,0,0.0
1789611583.3,0.965239532521779,30.0,19.0,4.0,86097128,37768352,49120,0,0.0
1789611585.3,0.9945642067318008,31.0,19.0,4.0,86148743,37768352,51615,0,0.0
1789611587.4,0.9752814453488206,30.0,20.0,4.0,86148743,37768352,0,0,
1789611589.4,0.9807744574935271,30.0,20.0,4.0,86226645,37768352,77902,0,0.0
1789611591.4,0.9938847325732759,30.0,20.0,4.0,86226645,37768352,0,0,
1789611593.4,0.9756962822034989,29.0,20.0,4.0,86226645,37768352,0,0,
1789611595.5,0.9568212053156336,29.0,21.0,4.0,86303584,37768352,76939,0,0.0
1789611597.5,0.9824552619909308,29.0,21.0,4.0,86303584,37768352,0,0,
1789611599.5,0.9516214399130273,28.0,21.0,4.0,86345666,37768352,42082,0,0.0
1789611601.5,0.9809318094039223,30.0,20.0,4.0,86424078,37768352,78412,0,0.0
1789611603.6,0.9949575865077889,30.0,20.0,4.0,86424078,37768352,0,0,
1789611605.6,0.9840287810948832,30.0,19.0,4.0,86471299,37768352,47221,0,0.0
1789611607.6,0.9981689959517644,30.0,21.0,4.0,86471299,37768352,0,0,
1789611609.6,0.9590455891398573,30.0,21.0,4.0,86550200,37768352,78901,0,0.0
1789611611.7,0.9846796458151544,31.0,20.0,4.0,86607093,37768352,56893,0,0.0
1789611613.7,0.9782210651293862,31.0,20.0,4.0,86649699,37768352,42606,0,0.0
1789611615.7,0.9703034030926803,31.0,20.0,4.0,86716859,37768352,67160,0,0.0
1789611617.7,0.9858669375026822,31.0,20.0,4.0,86716859,37768352,0,0,
1789611619.8,0.9477877751870342,30.0,20.0,4.0,86832846,37768352,115987,0,0.0
1789611621.8,0.9697669761254237,30.0,21.0,4.0,86832846,37768352,0,0,
1789611623.8,0.9698528044401848,29.0,22.0,4.0,86832846,37768352,0,0,
1789611625.8,0.9489178479980546,28.0,24.0,4.0,86906679,37768352,73833,0,0.0
1789611627.9,0.9708898965768807,28.0,24.0,4.0,86906679,37768352,0,0,
1789611629.9,0.9676498776946515,28.0,23.0,4.0,87005233,37768352,98554,0,0.0
1789611631.9,0.9859456134578798,28.0,23.0,4.0,87005233,37768352,0,0,
1789611633.9,0.9901512008811707,28.0,23.0,4.0,87005233,37768352,0,0,
1789611636.0,0.9138784384968601,28.0,23.0,4.0,87058524,37768352,53291,0,0.0
1789611638.0,0.9431816556281918,29.0,23.0,4.0,87130611,37768352,72087,0,0.0
1789611640.0,0.9614630866722932,29.0,23.0,4.0,87130611,37768352,0,0,
1789611642.0,0.9424521149527229,29.0,22.0,4.0,87217806,37768352,87195,0,0.0
1789611644.0,0.9607550030755146,29.0,22.0,4.0,87217806,37768352,0,0,
1789611646.1,0.9502124250790336,29.0,22.0,4.0,87275086,37768352,57280,0,0.0
1789611648.1,0.9499406354156236,29.0,21.0,4.0,87390859,37768352,115773,0,0.0
1789611650.1,0.9756033015291745,29.0,23.0,4.0,87390859,37768352,0,0,
1789611652.1,0.9865750210994607,29.0,23.0,4.0,87390859,37768352,0,0,
1789611654.1,0.9947358633613229,29.0,23.0,4.0,87390859,37768352,0,0,
1789611656.2,0.9953938804411575,29.0,23.0,4.0,87390859,37768352,0,0,
1789611658.2,0.9830131460368776,29.0,23.0,4.0,87491546,37768352,100687,0,0.0
1789611660.2,0.9976611784227617,29.0,23.0,4.0,87491546,37768352,0,0,
1789611662.2,0.9800806786158753,28.0,23.0,4.0,87491546,37768352,0,0,
1789611664.3,0.926616790879311,27.0,23.0,4.0,87590687,37768368,99141,16,0.0002
1789611666.3,0.8942666685739625,25.0,25.0,4.0,87590687,37768368,0,0,
1789611668.3,0.9126053184945714,26.0,24.0,4.0,87634855,37768368,44168,0,0.0
1789611670.3,0.9418656214685225,28.0,22.0,4.0,87723825,37768368,88970,0,0.0
1789611672.4,0.9748737608537056,29.0,22.0,4.0,87775675,37768368,51850,0,0.0
1789611674.4,0.94936844665055,28.0,22.0,4.0,87813158,37768368,37483,0,0.0
1789611676.4,0.9786931208605719,29.0,22.0,4.0,87886048,37768368,72890,0,0.0
1789611678.4,0.9503197104724849,29.0,21.0,4.0,87929940,37768368,43892,0,0.0
1789611680.4,0.9032929463429986,28.0,21.0,4.0,88104508,37768368,174568,0,0.0
1789611682.5,0.921624443904044,28.0,22.0,4.0,88104508,37768368,0,0,
1789611684.5,0.9362438668516744,28.0,23.0,4.0,88104508,37768368,0,0,
1789611686.5,0.9472084340623972,28.0,23.0,4.0,88104508,37768368,0,0,
1789611688.5,0.9582159154305006,28.0,23.0,4.0,88104508,37768368,0,0,
1789611690.5,0.9655828457808231,28.0,23.0,4.0,88104508,37768368,0,0,
1789611692.6,0.9708827442173172,29.0,22.0,4.0,88104900,37768368,392,0,0.0
1789611694.6,0.9423805913570887,27.0,22.0,4.0,88185724,37768368,80824,0,0.0
1789611696.6,0.9086071494986196,26.0,24.0,4.0,88185724,37768368,0,0,
1789611698.6,0.9342340538143533,27.0,24.0,4.0,88238538,37768368,52814,0,0.0
1789611700.6,0.9598967199279043,28.0,23.0,4.0,88291957,37768368,53419,0,0.0
1789611702.7,0.9891570229018554,30.0,21.0,4.0,88351897,37768368,59940,0,0.0
1789611704.7,0.9685010084826985,31.0,20.0,4.0,88428259,37768368,76362,0,0.0
1789611706.7,0.98485845480424,31.0,20.0,4.0,88428259,37768368,0,0,
1789611708.7,0.9563062354270674,30.0,19.0,4.0,88485035,37768368,56776,0,0.0
1789611710.8,0.9375670533709071,30.0,18.0,4.0,88674960,37768368,189925,0,0.0
1789611712.8,0.952229390475918,30.0,19.0,4.0,88674960,37768368,0,0,
1789611714.8,0.9631868053270773,30.0,19.0,4.0,88674960,37768368,0,0,
1789611716.8,0.9741513725378003,30.0,20.0,4.0,88674960,37768368,0,0,
1789611718.8,0.9814753887307422,30.0,21.0,4.0,88674960,37768368,0,0,
1789611720.9,0.9924685653797187,30.0,21.0,4.0,88674960,37768368,0,0,
1789611722.9,0.9971533608937588,30.0,21.0,4.0,88674960,37768368,0,0,
1789611724.9,0.988470396383767,30.0,21.0,4.0,88708690,37768368,33730,0,0.0
1789611726.9,0.9433247028194601,30.0,20.0,4.0,88826968,37768368,118278,0,0.0
1789611729.0,0.9689802165734476,30.0,21.0,4.0,88826968,37768368,0,0,
1789611731.0,0.9682220664597251,30.0,21.0,4.0,88920222,37768368,93254,0,0.0
1789611733.0,0.9865249545825168,30.0,21.0,4.0,88920222,37768368,0,0,
1789611735.0,0.991996509648533,30.0,21.0,4.0,88920222,37768368,0,0,
1789611737.0,0.982526785586565,30.0,21.0,4.0,88963170,37768368,42948,0,0.0
1789611739.1,0.9246641967184974,28.0,20.0,4.0,89064491,37768368,101321,0,0.0
1789611741.1,0.9466791594547042,28.0,21.0,4.0,89064491,37768368,0,0,
1789611743.1,0.9576365743058635,28.0,22.0,4.0,89064491,37768368,0,0,
1789611745.1,0.9796086228846896,29.0,21.0,4.0,89112232,37768368,47741,0,0.0
1789611747.2,0.9609266597050367,29.0,21.0,4.0,89170642,37768368,58410,0,0.0
1789611749.2,0.9669131846596192,30.0,20.0,4.0,89173555,37768368,2913,0,0.0
1789611751.2,0.9686082938761498,30.0,20.0,4.0,89266668,37768368,93113,0,0.0
1789611753.2,0.9869111819989415,30.0,20.0,4.0,89266668,37768368,0,0,
1789611755.2,0.9923898894245211,30.0,21.0,4.0,89266668,37768368,0,0,
1789611757.3,0.9918606148168281,29.0,22.0,4.0,89266668,37768368,0,0,
1789611759.3,0.9279971962750512,27.0,22.0,4.0,89367868,37768368,101200,0,0.0
1789611761.3,0.9536455576694751,27.0,24.0,4.0,89367868,37768368,0,0,
1789611763.3,0.9682935900553593,27.0,24.0,4.0,89367868,37768368,0,0,
1789611765.4,0.9921180997611112,28.0,23.0,4.0,89417787,37768368,49919,0,0.0
1789611767.4,0.9189208519890713,26.0,22.0,4.0,89549519,37768368,131732,0,0.0
1789611769.4,0.9030783755560959,25.0,23.0,4.0,89549519,37768368,0,0,
1789611771.4,0.9177478650206703,25.0,24.0,4.0,89549519,37768368,0,0,
1789611773.5,0.92872673695052,25.0,24.0,4.0,89549519,37768368,0,0,
1789611775.5,0.901512008811707,25.0,25.0,4.0,89587944,37768368,38425,0,0.0
1789611777.5,0.9308295306621654,27.0,25.0,4.0,89682024,37768368,94080,0,0.0
1789611779.5,0.9505986524954583,27.0,25.0,4.0,89682024,37768368,0,0,
1789611781.5,0.9281903099832635,27.0,24.0,4.0,89800279,37768368,118255,0,0.0
1789611783.6,0.9271317607678773,26.0,25.0,4.0,89800279,37768368,0,0,
1789611785.6,0.9381034803381636,26.0,26.0,4.0,89800279,37768368,0,0,
1789611787.6,0.9529303217131332,27.0,24.0,4.0,89855720,37768368,55441,0,0.0
1789611789.6,0.946114123049194,27.0,24.0,4.0,89955535,37768368,99815,0,0.0
1789611791.7,0.9680647145493299,27.0,24.0,4.0,89955535,37768368,0,0,
1789611793.7,0.9798732601885362,27.0,24.0,4.0,89955535,37768368,0,0,
1789611795.7,0.976225556811192,27.0,24.0,4.0,90023242,37768368,67707,0,0.0
1789611797.7,0.9883488062711888,27.0,25.0,4.0,90023242,37768368,0,0,
1789611799.7,0.9885061581815842,27.0,25.0,4.0,90077515,37768368,54273,0,0.0
1789611801.8,0.9545682120531563,26.0,24.0,4.0,90156528,37768368,79013,0,0.0
1789611803.8,0.9765331082724191,26.0,25.0,4.0,90156528,37768368,0,0,
1789611805.8,0.9830059936773141,26.0,25.0,4.0,90156528,37768368,0,0,
1789611807.8,0.9414793940520978,26.0,25.0,4.0,90237560,37768368,81032,0,0.0
1789611809.8,0.9634371379117971,26.0,26.0,4.0,90237560,37768368,0,0,
1789611811.9,0.9888351667215014,28.0,24.0,4.0,90286592,37768368,49032,0,0.0
1789611813.9,0.9815469123263765,29.0,23.0,4.0,90377441,37768368,90849,0,0.0
1789611815.9,0.9969244853877294,29.0,23.0,4.0,90377441,37768368,0,0,
1789611817.9,0.9975896548271275,29.0,23.0,4.0,90377441,37768368,0,0,
1789611820.0,0.9691947873603501,28.0,22.0,4.0,90456720,37768368,79279,0,0.0
1789611822.0,0.9875119802022687,28.0,24.0,4.0,90456720,37768368,0,0,
1789611824.0,0.897256354871472,28.0,23.0,4.0,90598217,37768384,141497,16,0.0001
1789611826.0,0.9025491009484029,27.0,24.0,4.0,90598217,37768384,0,0,
1789611828.0,0.9171828286151601,27.0,25.0,4.0,90598217,37768384,0,0,
1789611830.1,0.9428526470882744,30.0,22.0,4.0,90714338,37768384,116121,0,0.0
1789611832.1,0.9423734389975252,29.0,22.0,4.0,90714338,37768384,0,0,
1789611834.1,0.9680289527515127,31.0,22.0,4.0,90758571,37768384,44233,0,0.0
1789611836.1,0.9918463100977012,32.0,21.0,4.0,90811590,37768384,53019,0,0.0
1789611838.2,0.969788433204114,30.0,22.0,4.0,90811590,37768384,0,0,
1789611840.2,0.9705394309582731,30.0,23.0,4.0,90811590,37768384,0,0,
1789611842.2,0.9098087459052742,29.0,22.0,4.0,90900388,37768384,88798,0,0.0
1789611844.2,0.9244567782911582,30.0,22.0,4.0,90948515,37768384,48127,0,0.0
1789611846.2,0.9537886048607436,31.0,21.0,4.0,91042403,37768384,93888,0,0.0
1789611848.3,0.9757105869226258,31.0,21.0,4.0,91042403,37768384,0,0,
1789611850.3,0.9744088574820834,31.0,21.0,4.0,91076709,37768384,34306,0,0.0
1789611852.3,0.8973636402649234,30.0,22.0,4.0,91176793,37768384,100084,0,0.0
1789611854.3,0.9229619351424034,30.0,23.0,4.0,91176793,37768384,0,0,
1789611856.4,0.9376528816856681,30.0,23.0,4.0,91176793,37768384,0,0,
1789611858.4,0.9669489464574363,33.0,20.0,4.0,91282437,37768384,105644,0,0.0
1789611860.4,0.9863103837956142,34.0,19.0,4.0,91282893,37768384,456,0,0.0
1789611862.4,0.976769136138012,33.0,20.0,4.0,91333007,37768384,50114,0,0.0
1789611864.4,0.9384754030354614,32.0,19.0,4.0,91383202,37768384,50195,0,0.0
1789611866.5,0.9059536241005908,31.0,18.0,4.0,91436834,37768384,53632,0,0.0
1789611868.5,0.9352282317936688,32.0,18.0,4.0,91557335,37768384,120501,0,0.0
1789611870.5,0.9499120259773699,32.0,19.0,4.0,91557335,37768384,0,0,
1789611872.5,0.9189637661464517,31.0,21.0,4.0,91557335,37768384,0,0,
1789611874.5,0.9409429670848413,32.0,21.0,4.0,91630725,37768384,73390,0,0.0
1789611876.6,0.9629221680232308,33.0,20.0,4.0,91669534,37768384,38809,0,0.0
1789611878.6,0.9922253851545625,34.0,19.0,4.0,91728025,37768384,58491,0,0.0
1789611880.6,0.9590670462185475,33.0,18.0,4.0,91810104,37768384,82079,0,0.0
1789611882.6,0.9809890282804297,33.0,20.0,4.0,91810104,37768384,0,0,
1789611884.7,0.9293847540303546,32.0,20.0,4.0,91857707,37768384,47603,0,0.0
1789611886.7,0.9586736664425594,36.0,17.0,4.0,91937621,37768384,79914,0,0.0
1789611888.7,0.9879911882930179,37.0,16.0,4.0,91988060,37768384,50439,0,0.0
1789611890.7,0.9312872816742244,32.0,19.0,4.0,92088611,37768384,100551,0,0.0
1789611892.8,0.9286623657144492,31.0,21.0,4.0,92088611,37768384,0,0,
1789611894.8,0.943339007538587,31.0,21.0,4.0,92088611,37768384,0,0,
1789611896.8,0.9677070965711588,31.0,22.0,4.0,92189839,37768400,101228,16,0.0002
1789611898.8,0.9860171370535139,31.0,22.0,4.0,92189839,37768400,0,0,
1789611900.9,0.9924614130201553,31.0,22.0,4.0,92189839,37768400,0,0,
1789611902.9,0.9503626246298654,31.0,21.0,4.0,92292867,37768400,103028,0,0.0
1789611904.9,0.9170397814238918,31.0,20.0,4.0,92485561,37768400,192694,0,0.0
1789611906.9,0.9426809904587523,31.0,21.0,4.0,92485561,37768400,0,0,
1789611908.9,0.9573004134063827,31.0,22.0,4.0,92485561,37768400,0,0,
1789611911.0,0.9682935900553593,31.0,22.0,4.0,92485561,37768400,0,0,
1789611913.0,0.9792867667043358,31.0,22.0,4.0,92485561,37768400,0,0,
1789611915.0,0.9866036305377144,31.0,22.0,4.0,92485561,37768400,0,0,
1789611917.0,0.9486317536155178,30.0,22.0,4.0,92485561,37768400,0,0,
1789611919.0,0.9559986839658403,31.0,21.0,4.0,92543562,37768400,58001,0,0.0
1789611921.1,0.9411718425908707,30.0,22.0,4.0,92543562,37768400,0,0,
1789611923.1,0.9668202039852948,31.0,21.0,4.0,92598303,37768400,54741,0,0.0
1789611925.1,0.9663910624114895,31.0,22.0,4.0,92671452,37768400,73149,0,0.0
1789611927.1,0.9920108143676599,32.0,21.0,4.0,92719710,37768400,48258,0,0.0
1789611929.2,0.9744088574820834,32.0,20.0,4.0,92763774,37768400,44064,0,0.0
1789611931.2,0.9621997797073254,31.0,21.0,4.0,92763774,37768400,0,0,
1789611933.2,0.9616919621783226,31.0,22.0,4.0,92863667,37768400,99893,0,0.0
1789611935.2,0.9763542992833336,31.0,22.0,4.0,92863667,37768400,0,0,
1789611937.3,0.9812465132247128,31.0,22.0,4.0,92863667,37768400,0,0,
1789611939.3,0.9352425365127955,30.0,22.0,4.0,92968130,37768400,104463,0,0.0
1789611941.3,0.9499191783369334,30.0,22.0,4.0,92968130,37768400,0,0,
1789611943.3,0.9302215800992748,30.0,22.0,4.0,93019546,37768400,51416,0,0.0
1789611945.3,0.9595033401519161,31.0,22.0,4.0,93075227,37768400,55681,0,0.0
1789611947.4,0.9776631810834394,31.0,22.0,4.0,93075227,37768400,0,0,
1789611949.4,0.9065901841017352,31.0,21.0,4.0,93199087,37768400,123860,0,0.0
1789611951.4,0.9249002245840903,31.0,22.0,4.0,93199087,37768400,0,0,
1789611953.4,0.9395196475317207,31.0,22.0,4.0,93199087,37768400,0,0,
1789611955.5,0.950527128899824,32.0,21.0,4.0,93246302,37768400,47215,0,0.0
1789611957.5,0.9568140529560702,32.0,20.0,4.0,93284654,37768400,38352,0,0.0
1789611959.5,0.9676498776946515,33.0,19.0,4.0,93379115,37768400,94461,0,0.0
1789611961.5,0.9869254867180683,33.0,19.0,4.0,93379115,37768400,0,0,
1789611963.5,0.9471941293432703,33.0,17.0,4.0,93508085,37768400,128970,0,0.0
1789611965.6,0.9493469895718598,32.0,20.0,4.0,93508085,37768400,0,0,
1789611967.6,0.8828944168681248,31.0,20.0,4.0,93563054,37768400,54969,0,0.0
1789611969.6,0.9122190910781467,32.0,20.0,4.0,93601421,37768400,38367,0,0.0
1789611971.7,0.9215171585105927,33.0,19.0,4.0,93736210,37768400,134789,0,0.0
1789611973.7,0.9049093796043315,32.0,20.0,4.0,93736210,37768400,0,0,
1789611975.7,0.9158739468150543,32.0,20.0,4.0,93736210,37768400,0,0,
1789611977.7,0.9415151558499149,33.0,20.0,4.0,93802365,37768400,66155,0,0.0
1789611979.7,0.9455419342841204,33.0,19.0,4.0,93923173,37768400,120808,0,0.0
1789611981.8,0.9674567639864391,33.0,20.0,4.0,93923173,37768400,0,0,
1789611983.8,0.9535096628377702,32.0,20.0,4.0,93923173,37768400,0,0,
1789611985.8,0.9717982462414351,33.0,20.0,4.0,94005784,37768400,82611,0,0.0
1789611987.8,0.993784599539388,33.0,20.0,4.0,94005784,37768400,0,0,
1789611989.9,0.9804168395153561,32.0,20.0,4.0,94005784,37768400,0,0,
1789611991.9,0.9613128871214613,31.0,22.0,4.0,94005784,37768400,0,0,
1789611993.9,0.9369233410101993,30.0,22.0,4.0,94106948,37768416,101164,16,0.0002
1789611995.9,0.9515928304747736,30.0,23.0,4.0,94106948,37768416,0,0,
1789611997.9,0.9735291172557827,31.0,22.0,4.0,94160816,37768416,53868,0,0.0
1789612000.0,0.9709399630938247,31.0,22.0,4.0,94241114,37768416,80298,0,0.0
1789612002.0,0.9522937617119888,30.0,23.0,4.0,94241114,37768416,0,0,
1789612004.0,0.976854964452773,31.0,22.0,4.0,94289021,37768416,47907,0,0.0
1789612006.0,0.9630866722931896,31.0,21.0,4.0,94348687,37768416,59666,0,0.0
1789612008.1,0.983871429184488,33.0,19.0,4.0,94383853,37768416,35166,0,0.0
1789612010.1,0.956656701045675,32.0,19.0,4.0,94452491,37768416,68638,0,0.0
1789612012.1,0.9152445391734734,31.0,19.0,4.0,94452491,37768416,0,0,
1789612014.1,0.8985366272333243,30.0,21.0,4.0,94650209,37768416,197718,0,0.0
1789612016.1,0.89405209778706,29.0,21.0,4.0,94650209,37768416,0,0,
1789612018.2,0.8182728482126254,28.0,24.0,4.0,94650209,37768416,0,0,
1789612020.2,0.8292374154233482,28.0,24.0,4.0,94650209,37768416,0,0,
1789612022.2,0.836575736335417,28.0,24.0,4.0,94650209,37768416,0,0,
1789612024.2,0.8475617606248301,28.0,24.0,4.0,94650209,37768416,0,0,
1789612026.3,0.8548786244582087,28.0,24.0,4.0,94650209,37768416,0,0,
1789612028.3,0.8622240977298411,29.0,23.0,4.0,94706509,37768416,56300,0,0.0
1789612030.3,0.887836697326448,30.0,22.0,4.0,94750943,37768416,44434,0,0.0
1789612032.3,0.9035003647703377,30.0,21.0,4.0,94851778,37768416,100835,0,0.0
1789612034.3,0.9217889481740026,30.0,21.0,4.0,94851778,37768416,0,0,
1789612036.4,0.9327821248229791,31.0,20.0,4.0,94907611,37768416,55833,0,0.0
1789612038.4,0.9620996466734376,33.0,19.0,4.0,94963547,37768416,55936,0,0.0
1789612040.4,0.9828128799691018,33.0,19.0,4.0,94963547,37768416,0,0,
1789612042.4,0.9844221608708713,34.0,17.0,4.0,95052625,37768416,89078,0,0.0
1789612044.5,0.9140429427668187,32.0,17.0,4.0,95146855,37768416,94230,0,0.0
1789612046.5,0.9167322299626647,31.0,21.0,4.0,95146855,37768416,0,0,
1789612048.5,0.8863990730542006,31.0,20.0,4.0,95210870,37768416,64015,0,0.0
1789612050.5,0.8639192069463716,29.0,20.0,4.0,95210870,37768416,0,0,
1789612052.5,0.889574720700359,30.0,21.0,4.0,95266799,37768416,55929,0,0.0
1789612054.6,0.9225256412090349,32.0,20.0,4.0,95353857,37768416,87058,0,0.0
1789612056.6,0.9555123235155277,34.0,18.0,4.0,95466939,37768416,113082,0,0.0
1789612058.6,0.9774557626561002,34.0,18.0,4.0,95466939,37768416,0,0,
1789612060.6,0.9807673051339637,34.0,18.0,4.0,95466939,37768416,0,0,
1789612062.6,0.9835424206445706,34.0,18.0,4.0,95526103,37768416,59164,0,0.0
1789612064.7,0.9647388673523395,33.0,18.0,4.0,95608966,37768416,82863,0,0.0
1789612066.7,0.971440628263264,32.0,19.0,4.0,95608966,37768416,0,0,
1789612068.7,0.9647174102736493,31.0,20.0,4.0,95608966,37768416,0,0,
1789612070.7,0.9654183415108645,31.0,20.0,4.0,95608966,37768416,0,0,
1789612072.8,0.950305405753358,31.0,20.0,4.0,95726392,37768416,117426,0,0.0
1789612074.8,0.9722631496130574,31.0,21.0,4.0,95726392,37768416,0,0,
1789612076.8,0.9461641895661379,30.0,21.0,4.0,95726392,37768416,0,0,
1789612078.8,0.9644813824080565,31.0,21.0,4.0,95805695,37768416,79303,0,0.0
1789612080.9,0.9864319739081923,31.0,21.0,4.0,95805695,37768416,0,0,
1789612082.9,0.921488549072339,29.0,21.0,4.0,95896658,37768416,90963,0,0.0
1789612084.9,0.9397914371951307,29.0,21.0,4.0,95896658,37768416,0,0,
1789612086.9,0.9654326462299913,30.0,22.0,4.0,96017877,37768416,121219,0,0.0
1789612088.9,0.9800806786158753,30.0,22.0,4.0,96017877,37768416,0,0,
1789612091.0,0.9947358633613229,30.0,22.0,4.0,96017877,37768416,0,0,
1789612093.0,0.9967313716795171,29.0,23.0,4.0,96017877,37768416,0,0,
1789612095.0,0.9901440485216073,29.0,23.0,4.0,96072339,37768416,54462,0,0.0
1789612097.0,0.9849728925572546,29.0,23.0,4.0,96138772,37768416,66433,0,0.0
1789612099.0,0.9351352511193443,28.0,23.0,4.0,96240031,37768416,101259,0,0.0
1789612101.1,0.957100147338607,28.0,24.0,4.0,96240031,37768416,0,0,
1789612103.1,0.9717553320840545,28.0,24.0,4.0,96240031,37768416,0,0,
1789612105.1,0.9759752242264723,29.0,22.0,4.0,96343253,37768416,103222,0,0.0
1789612107.1,0.9975968071866909,29.0,22.0,4.0,96343253,37768416,0,0,
1789612109.2,0.9689516071351939,29.0,21.0,4.0,96399971,37768416,56718,0,0.0
1789612111.2,0.9277111018925144,29.0,22.0,4.0,96494500,37768416,94529,0,0.0
1789612113.2,0.9496903028309039,29.0,22.0,4.0,96494500,37768416,0,0,
1789612115.2,0.968000343313259,30.0,22.0,4.0,96551973,37768416,57473,0,0.0
1789612117.2,0.966090663309826,30.0,21.0,4.0,96554374,37768416,2401,0,0.0
1789612119.3,0.944719412934327,30.0,22.0,4.0,96654930,37768432,100556,16,0.0002
1789612121.3,0.9630366057762456,30.0,22.0,4.0,96654930,37768432,0,0,
1789612123.3,0.9479093652996123,30.0,21.0,4.0,96702953,37768432,48023,0,0.0
1789612125.3,0.9772054300713805,31.0,21.0,4.0,96768931,37768432,65978,0,0.0
1789612127.4,0.9495329509205087,30.0,20.0,4.0,96820275,37768432,51344,0,0.0
1789612129.4,0.9824910237887479,32.0,19.0,4.0,96884479,37768432,64204,0,0.0
1789612131.4,0.9572217374511851,32.0,18.0,4.0,96903715,37768432,19236,0,0.0
1789612133.4,0.9901655056002976,34.0,17.0,4.0,96972053,37768432,68338,0,0.0
1789612135.4,0.9646029725206345,33.0,19.0,4.0,96972053,37768432,0,0,
1789612137.5,0.9409429670848413,33.0,19.0,4.0,97055239,37768432,83186,0,0.0
1789612139.5,0.9592530075671964,33.0,19.0,4.0,97055239,37768432,0,0,
1789612141.5,0.9580156493627248,34.0,17.0,4.0,97161589,37768432,106350,0,0.0
1789612143.5,0.9763185374855164,34.0,18.0,4.0,97161589,37768432,0,0,
1789612145.5,0.9946285779678716,35.0,17.0,4.0,97197117,37768432,35528,0,0.0
1789612147.6,0.9841718282861516,34.0,17.0,4.0,97197117,37768432,0,0,
1789612149.6,0.9729140143333286,34.0,18.0,4.0,97251256,37768432,54139,0,0.0
1789612151.6,0.9737007738853047,34.0,18.0,4.0,97251256,37768432,0,0,
1789612153.6,0.9252578425622613,33.0,18.0,4.0,97325473,37768432,74217,0,0.0
1789612155.7,0.9288697841417883,33.0,18.0,4.0,97394743,37768432,69270,0,0.0
1789612157.7,0.9471869769837069,34.0,18.0,4.0,97438401,37768432,43658,0,0.0
1789612159.7,0.9559843792467135,34.0,17.0,4.0,97533701,37768432,95300,0,0.0
1789612161.7,0.9779492754659762,34.0,17.0,4.0,97533701,37768432,0,0,
1789612163.7,0.9489679145149985,34.0,16.0,4.0,97582835,37768432,49134,0,0.0
1789612165.8,0.9552977527286252,34.0,17.0,4.0,97707121,37768432,124286,0,0.0
1789612167.8,0.9772698013074513,34.0,18.0,4.0,97707121,37768432,0,0,
1789612169.8,0.9919249860528988,34.0,18.0,4.0,97707121,37768432,0,0,
1789612171.8,0.9445692133834952,33.0,19.0,4.0,97707121,37768432,0,0,
1789612173.9,0.9201653625531063,32.0,17.0,5.0,97825958,37768432,118837,0,0.0
1789612175.9,0.938468250675898,32.0,18.0,5.0,97825958,37768432,0,0,
1789612177.9,0.9531091307022187,32.0,19.0,5.0,97825958,37768432,0,0,
1789612179.9,0.9115253122004949,30.0,19.0,5.0,97896540,37768432,70582,0,0.0
1789612181.9,0.9134421445634915,29.0,21.0,5.0,97896540,37768432,0,0,
1789612184.0,0.9390976583174789,31.0,19.0,5.0,97963861,37768432,67321,0,0.0
1789612186.0,0.9601112907148068,31.0,20.0,5.0,98021010,37768432,57149,0,0.0
1789612188.0,0.90038908836025,30.0,22.0,5.0,98122960,37768432,101950,0,0.0
1789612190.0,0.9150228160270073,30.0,22.0,5.0,98122960,37768432,0,0,
1789612192.0,0.9350780322428369,30.0,21.0,5.0,98159016,37768432,36056,0,0.0
1789612194.1,0.941143233152617,30.0,21.0,5.0,98224520,37768432,65504,0,0.0
1789612196.1,0.9212024546898021,30.0,21.0,5.0,98319362,37768432,94842,0,0.0
1789612198.1,0.9395053428125939,30.0,21.0,5.0,98319362,37768432,0,0,
1789612200.1,0.9358719441543766,30.0,22.0,5.0,98378114,37768432,58752,0,0.0
1789612202.2,0.9651823136452715,31.0,21.0,5.0,98437260,37768432,59146,0,0.0
1789612204.2,0.9709256583746978,31.0,22.0,5.0,98437260,37768432,0,0,
1789612206.2,0.9605261275694852,31.0,22.0,5.0,98517002,37768432,79742,0,0.0
1789612208.2,0.9691804826412234,30.0,22.0,5.0,98517002,37768432,0,0,
1789612210.3,0.9698098902828043,30.0,23.0,5.0,98517002,37768432,0,0,
1789612212.3,0.949504341482255,30.0,23.0,5.0,98605260,37768432,88258,0,0.0
1789612214.3,0.9671563648847755,30.0,23.0,5.0,98605260,37768432,0,0,
1789612216.3,0.9453702776545982,30.0,22.0,5.0,98680327,37768432,75067,0,0.0
1789612218.4,0.9710329437681491,31.0,21.0,5.0,98732945,37768432,52618,0,0.0
1789612220.4,0.9974680647145493,32.0,20.0,5.0,98778491,37768432,45546,0,0.0
1789612222.4,0.998176148311328,32.0,20.0,5.0,98778491,37768432,0,0,
1789612224.4,0.9989128413463602,32.0,20.0,5.0,98778491,37768432,0,0,
1789612226.4,0.9645672107228175,31.0,19.0,5.0,98875066,37768432,96575,0,0.0
1789612228.5,0.9792009383895747,31.0,21.0,5.0,98875066,37768432,0,0,
1789612230.5,0.9611197734132491,31.0,21.0,5.0,98926708,37768432,51642,0,0.0
1789612232.5,0.9634228331926703,32.0,19.0,5.0,99043276,37768432,116568,0,0.0
1789612234.5,0.9890783469466577,32.0,20.0,5.0,99043276,37768432,0,0,
1789612236.6,0.9565422632926602,32.0,19.0,5.0,99144130,37768432,100854,0,0.0
1789612238.6,0.9748594561345788,32.0,20.0,5.0,99144130,37768432,0,0,
1789612240.6,0.9931909536956242,33.0,19.0,5.0,99172086,37768432,27956,0,0.0
1789612242.6,0.9871329051454075,33.0,18.0,5.0,99206328,37768432,34242,0,0.0
1789612244.6,0.9522007810376644,32.0,18.0,5.0,99243011,37768432,36683,0,0.0
1789612246.7,0.9117684924256513,30.0,19.0,5.0,99381609,37768432,138598,0,0.0
1789612248.7,0.9300427711101893,30.0,20.0,5.0,99381609,37768432,0,0,
1789612250.7,0.941057404837856,30.0,21.0,5.0,99381609,37768432,0,0,
1789612252.7,0.9520577338463959,31.0,20.0,5.0,99476735,37768432,95126,0,0.0
1789612254.8,0.9740154777060952,31.0,20.0,5.0,99476735,37768432,0,0,
1789612256.8,0.9923112134693235,31.0,20.0,5.0,99476735,37768432,0,0,
1789612258.8,0.99504341482255,31.0,20.0,5.0,99476735,37768432,0,0,
1789612260.8,0.9473800906919193,29.0,22.0,5.0,99476735,37768432,0,0,
1789612262.8,0.9219749095226515,28.0,21.0,5.0,99676092,37768432,199357,0,0.0
1789612264.9,0.9402706452858798,28.0,23.0,5.0,99676092,37768432,0,0,
1789612266.9,0.9512638219348563,28.0,23.0,5.0,99676092,37768432,0,0,
1789612268.9,0.9622641509433962,28.0,23.0,5.0,99676092,37768432,0,0,
1789612270.9,0.9695881671363383,28.0,23.0,5.0,99676092,37768432,0,0,
1789612273.0,0.9769121833292803,28.0,23.0,5.0,99676092,37768432,0,0,
1789612275.0,0.9842361995222224,28.0,23.0,5.0,99676092,37768432,0,0,
1789612277.0,0.9894645743630823,28.0,23.0,5.0,99676092,37768432,0,0,
1789612279.0,0.9818902255854206,28.0,22.0,5.0,99716178,37768432,40086,0,0.0
1789612281.0,0.9717553320840545,29.0,22.0,5.0,99780266,37768432,64088,0,0.0
1789612283.1,0.9861601842447824,29.0,22.0,5.0,99780266,37768432,0,0,
1789612285.1,0.9817185689558986,30.0,20.0,5.0,99875415,37768432,95149,0,0.0
1789612287.1,0.9989342984250504,30.0,21.0,5.0,99875415,37768432,0,0,
1789612289.1,0.9869040296393781,29.0,22.0,5.0,99875415,37768432,0,0,
1789612291.2,0.9638734318451657,29.0,22.0,5.0,99976938,37768448,101523,16,0.0002
1789612293.2,0.9785286165906133,29.0,22.0,5.0,99976938,37768448,0,0,
1789612295.2,0.9790721959174331,28.0,23.0,5.0,99976938,37768448,0,0,
1789612297.2,0.9797087559185775,28.0,23.0,5.0,99976938,37768448,0,0,
1789612299.2,0.9492611612570987,27.0,22.0,5.0,100071722,37768448,94784,0,0.0
1789612301.3,0.9498548071008626,26.0,25.0,5.0,100071722,37768448,0,0,
1789612303.3,0.9608336790307123,26.0,25.0,5.0,100071722,37768448,0,0,
1789612305.3,0.9292989257155936,27.0,23.0,5.0,100172701,37768448,100979,0,0.0
1789612307.3,0.9303932367287968,26.0,24.0,5.0,100172701,37768448,0,0,
1789612309.4,0.9413792610182099,26.0,24.0,5.0,100172701,37768448,0,0,
1789612311.4,0.9670204700530705,27.0,24.0,5.0,100254640,37768448,81939,0,0.0
1789612313.4,0.9814682363711789,28.0,23.0,5.0,100261775,37768448,7135,0,0.0
1789612315.4,0.9366086371894088,27.0,23.0,5.0,100261775,37768448,0,0,
1789612317.4,0.9418370120302688,27.0,24.0,5.0,100350455,37768448,88680,0,0.0
1789612319.5,0.9528373410388087,27.0,24.0,5.0,100350455,37768448,0,0,
1789612321.5,0.9784857024332327,28.0,23.0,5.0,100411130,37768448,60675,0,0.0
1789612323.5,0.9496903028309039,27.0,23.0,5.0,100411130,37768448,0,0,
1789612325.5,0.9503411675511751,27.0,24.0,5.0,100411130,37768448,0,0,
1789612327.6,0.9319953652710029,27.0,24.0,5.0,100537084,37768448,125954,0,0.0
1789612329.6,0.9466147882186333,27.0,24.0,5.0,100537084,37768448,0,0,
1789612331.6,0.9576365743058635,27.0,24.0,5.0,100537084,37768448,0,0,
1789612333.6,0.9686369033144034,27.0,24.0,5.0,100537084,37768448,0,0,
1789612335.6,0.9706181069134707,27.0,24.0,5.0,100537084,37768448,0,0,
1789612337.7,0.9732930893901899,27.0,23.0,5.0,100604831,37768448,67747,0,0.0
1789612339.7,0.9622498462242693,27.0,23.0,5.0,100641955,37768448,37124,0,0.0
1789612341.7,0.9951936143733818,28.0,23.0,5.0,100687817,37768448,45862,0,0.0
1789612343.7,0.9906089518932296,28.0,22.0,5.0,100742998,37768448,55181,0,0.0
1789612345.8,0.926001687956857,28.0,22.0,5.0,100800612,37768448,57614,0,0.0
1789612347.8,0.9552977527286252,30.0,21.0,5.0,100914386,37768448,113774,0,0.0
1789612349.8,0.9809246570443589,30.0,21.0,5.0,100914386,37768448,0,0,
1789612351.8,0.9433175504598967,30.0,20.0,5.0,100981247,37768448,66861,0,0.0
1789612353.9,0.9689659118543208,31.0,20.0,5.0,101021101,37768448,39854,0,0.0
1789612355.9,0.9682149141001617,31.0,19.0,5.0,101055959,37768448,34858,0,0.0
1789612357.9,0.9471011486689459,31.0,20.0,5.0,101135386,37768448,79427,0,0.0
1789612359.9,0.923855980087831,31.0,20.0,5.0,101203874,37768448,68488,0,0.0
1789612361.9,0.9494971891226915,31.0,20.0,5.0,101203874,37768448,0,0,
1789612364.0,0.9701532035418484,32.0,19.0,5.0,101240470,37768448,36596,0,0.0
1789612366.0,0.9366658560659161,31.0,18.0,5.0,101342085,37768448,101615,0,0.0
1789612368.0,0.8962121103752128,30.0,19.0,5.0,101342085,37768448,0,0,
1789612370.0,0.9108529904015334,30.0,21.0,5.0,101342085,37768448,0,0,
1789612372.1,0.9401776646115554,32.0,19.0,5.0,101417977,37768448,75892,0,0.0
1789612374.1,0.9318809275179882,33.0,17.0,5.0,101495402,37768448,77425,0,0.0
1789612376.1,0.9610267927389246,34.0,16.0,5.0,101542071,37768448,46669,0,0.0
1789612378.1,0.9629793868997383,34.0,16.0,5.0,101648891,37768448,106820,0,0.0
1789612380.1,0.9812679703034031,34.0,16.0,5.0,101648891,37768448,0,0,
1789612382.2,0.9925830031327335,34.0,16.0,5.0,101648891,37768448,0,0,
1789612384.2,0.9650392664540032,33.0,16.0,5.0,101695364,37768448,46473,0,0.0
1789612386.2,0.9754173401805255,33.0,17.0,5.0,101695364,37768448,0,0,
1789612388.2,0.9321098030240176,31.0,19.0,5.0,101797563,37768464,102199,16,0.0002
1789612390.3,0.9467506830503383,31.0,19.0,5.0,101797563,37768464,0,0,
1789612392.3,0.9650964853305105,32.0,18.0,5.0,101874678,37768464,77115,0,0.0
1789612394.3,0.987039924471083,32.0,18.0,5.0,101874678,37768464,0,0,
1789612396.3,0.9498405023817358,33.0,16.0,5.0,102034246,37768464,159568,0,0.0
1789612398.4,0.9121833292803296,31.0,17.0,5.0,102034246,37768464,0,0,
1789612400.4,0.9231550488506158,31.0,17.0,5.0,102034246,37768464,0,0,
1789612402.4,0.8810705651794527,31.0,19.0,5.0,102235059,37768464,200813,0,0.0
1789612404.4,0.9065258128656644,30.0,20.0,5.0,102235059,37768464,0,0,
1789612406.5,0.9211595405324217,30.0,20.0,5.0,102235059,37768464,0,0,
1789612408.5,0.9321384124622714,30.0,20.0,5.0,102235059,37768464,0,0,
1789612410.5,0.943153046189938,30.0,20.0,5.0,102235059,37768464,0,0,
1789612412.5,0.950491367102007,30.0,20.0,5.0,102235059,37768464,0,0,
1789612414.6,0.9578082309353856,30.0,20.0,5.0,102235059,37768464,0,0,
1789612416.6,0.9651179424092008,30.0,20.0,5.0,102235059,37768464,0,0,
1789612418.6,0.9797516700759581,31.0,19.0,5.0,102296219,37768464,61160,0,0.0
1789612420.6,0.9757678057991331,30.0,20.0,5.0,102296219,37768464,0,0,
1789612422.7,0.958494857453474,29.0,20.0,5.0,102296219,37768464,0,0,
1789612424.7,0.9157308996237858,29.0,20.0,5.0,102423619,37768464,127400,0,0.0
1789612426.7,0.9377244052813023,29.0,20.0,5.0,102423619,37768464,0,0,
1789612428.7,0.948703277211152,29.0,20.0,5.0,102423619,37768464,0,0,
1789612430.7,0.9596678444218748,29.0,20.0,5.0,102423619,37768464,0,0,
1789612432.8,0.9827699658117213,30.0,20.0,5.0,102470019,37768464,46400,0,0.0
1789612434.8,0.9369805598867066,28.0,21.0,5.0,102559819,37768464,89800,0,0.0
1789612436.8,0.9212239117684924,27.0,22.0,5.0,102559819,37768464,0,0,
1789612438.8,0.9249932052584148,27.0,22.0,5.0,102654596,37768464,94777,0,0.0
1789612440.8,0.9396698470825525,27.0,22.0,5.0,102654596,37768464,0,0,
1789612442.9,0.9543250318280001,28.0,22.0,5.0,102713479,37768464,58883,0,0.0
1789612444.9,0.9604903657716681,29.0,21.0,5.0,102751373,37768464,37894,0,0.0
1789612446.9,0.98981503998169,31.0,19.0,5.0,102801566,37768464,50193,0,0.0
1789612448.9,0.9926616790879311,31.0,19.0,5.0,102801566,37768464,0,0,
1789612451.0,0.9644599253293662,31.0,18.0,5.0,102881688,37768464,80122,0,0.0
1789612453.0,0.9901082867237901,31.0,19.0,5.0,102881688,37768464,0,0,
1789612455.0,0.972070035904845,31.0,18.0,5.0,102908622,37768464,26934,0,0.0
1789612457.0,0.9980688629178766,32.0,17.0,5.0,102964153,37768464,55531,0,0.0
1789612459.0,0.9771696682735634,31.0,18.0,5.0,103035173,37768464,71020,0,0.0
1789612461.1,0.9413935657373368,31.0,17.0,5.0,103082065,37768464,46892,0,0.0
1789612463.1,0.9449339837212296,31.0,17.0,5.0,103132779,37768464,50714,0,0.0
1789612465.1,0.8669589597608252,30.0,18.0,5.0,103215535,37768464,82756,0,0.0
1789612467.1,0.8853047620409973,30.0,20.0,5.0,103215535,37768464,0,0,
1789612469.2,0.9072696582602601,31.0,19.0,5.0,103342257,37768464,126722,0,0.0
1789612471.2,0.9255510893043615,31.0,19.0,5.0,103342257,37768464,0,0,
1789612473.2,0.9365514183129015,31.0,19.0,5.0,103342257,37768464,0,0,
1789612475.2,0.9475732044001316,32.0,18.0,5.0,103444072,37768480,101815,16,0.0002
1789612477.3,0.9768478120932096,32.0,18.0,5.0,103444072,37768480,0,0,
1789612479.3,0.9914743874004034,32.0,18.0,5.0,103444072,37768480,0,0,
1789612481.3,0.9826269186204529,32.0,17.0,5.0,103475785,37768480,31713,0,0.0
1789612483.4,0.9899294777347046,32.0,16.0,5.0,103523223,37768480,47438,0,0.0
1789612485.4,0.9818759208662938,32.0,16.0,5.0,103563488,37768480,40265,0,0.0
1789612487.4,0.973772297480939,31.0,19.0,5.0,103623329,37768480,59841,0,0.0
1789612489.4,0.9562418641909967,32.0,17.0,5.0,103666141,37768480,42812,0,0.0
1789612491.5,0.9855665384010185,33.0,16.0,5.0,103735072,37768480,68931,0,0.0
1789612493.5,0.9771696682735634,32.0,16.0,5.0,103735072,37768480,0,0,
1789612495.5,0.97220593073655,32.0,17.0,5.0,103811275,37768480,76203,0,0.0
1789612497.5,0.9941636745962493,33.0,17.0,5.0,103851707,37768480,40432,0,0.0
1789612499.6,0.9995136395496874,33.0,17.0,5.0,103851707,37768480,0,0,
1789612501.6,0.9643740970146051,32.0,18.0,5.0,103977915,37768480,126208,0,0.0
1789612503.6,0.9899938489707755,32.0,19.0,5.0,103977915,37768480,0,0,
1789612505.6,0.9645386012845638,32.0,18.0,5.0,104042112,37768480,64197,0,0.0
1789612507.6,0.9633298525183458,32.0,19.0,5.0,104077289,37768480,35177,0,0.0
1789612509.7,0.9860815082895847,33.0,18.0,5.0,104126461,37768480,49172,0,0.0
1789612511.7,0.8787174388830875,31.0,18.0,5.0,104290440,37768480,163979,0,0.0
1789612513.7,0.8970060222867524,31.0,20.0,5.0,104290440,37768480,0,0,
1789612515.7,0.9116612070321999,31.0,20.0,5.0,104290440,37768480,0,0,
1789612517.8,0.9226758407598666,31.0,20.0,5.0,104290440,37768480,0,0,
1789612519.8,0.9299998569528087,31.0,20.0,5.0,104290440,37768480,0,0,
1789612521.8,0.9409572718039682,32.0,19.0,5.0,104370114,37768480,79674,0,0.0
1789612523.8,0.9665913284792653,32.0,19.0,5.0,104370114,37768480,0,0,
1789612525.8,0.9737579927618121,32.0,19.0,5.0,104370114,37768480,0,0,
1789612527.9,0.955312057447752,32.0,18.0,5.0,104467653,37768480,97539,0,0.0
1789612529.9,0.9736435550087974,32.0,19.0,5.0,104467653,37768480,0,0,
1789612531.9,0.9809389617634858,32.0,19.0,5.0,104467653,37768480,0,0,
1789612533.9,0.947530290242751,31.0,19.0,5.0,104467653,37768480,0,0,
1789612536.0,0.9363654569642526,31.0,19.0,5.0,104596384,37768480,128731,0,0.0
1789612538.0,0.9352210794341054,30.0,19.0,5.0,104596384,37768480,0,0,
1789612540.0,0.9462071037235184,30.0,20.0,5.0,104596384,37768480,0,0,
1789612542.0,0.9340695495443947,30.0,19.0,5.0,104634139,37768480,37755,0,0.0
1789612544.1,0.9170469337834551,31.0,19.0,5.0,104755342,37768480,121203,0,0.0
1789612546.1,0.8992232537514125,30.0,19.0,5.0,104755342,37768480,0,0,
1789612548.1,0.9066545553378059,31.0,19.0,5.0,104847724,37768480,92382,0,0.0
1789612550.1,0.935964924828701,32.0,18.0,5.0,104925774,37768480,78050,0,0.0
1789612552.1,0.9550116583460884,31.0,19.0,5.0,104925774,37768480,0,0,
1789612554.2,0.9806886291787661,32.0,18.0,5.0,104975472,37768480,49698,0,0.0
1789612556.2,0.95541219048164,32.0,18.0,5.0,105044590,37768480,69118,0,0.0
1789612558.2,0.9810390947973736,34.0,16.0,5.0,105111000,37768480,66410,0,0.0
1789612560.2,0.9814610840116155,34.0,15.0,5.0,105144631,37768480,33631,0,0.0
1789612562.3,0.9889281473958259,33.0,15.0,5.0,105195723,37768480,51092,0,0.0
1789612564.3,0.9673137167951708,33.0,15.0,5.0,105298220,37768496,102497,16,0.0002
1789612566.3,0.9590741985781109,32.0,17.0,5.0,105298220,37768496,0,0,
1789612568.3,0.9773985437795929,34.0,16.0,5.0,105348267,37768496,50047,0,0.0
1789612570.3,0.9102521921982062,33.0,16.0,5.0,105550934,37768496,202667,0,0.0
1789612572.4,0.9285407756018711,33.0,16.0,5.0,105550934,37768496,0,0,
1789612574.4,0.9418584691089591,32.0,16.0,5.0,105550934,37768496,0,0,
1789612576.4,0.952858798117499,32.0,17.0,5.0,105550934,37768496,0,0,
1789612578.4,0.9602042713891312,32.0,17.0,5.0,105550934,37768496,0,0,
1789612580.5,0.9711831433189809,32.0,18.0,5.0,105550934,37768496,0,0,
1789612582.5,0.9784928547927961,32.0,18.0,5.0,105550934,37768496,0,0,
1789612584.5,0.9852232251419744,32.0,18.0,5.0,105550934,37768496,0,0,
1789612586.5,0.9614559343127298,32.0,17.0,5.0,105585139,37768496,34205,0,0.0
1789612588.6,0.9696596907319724,32.0,17.0,5.0,105668289,37768496,83150,0,0.0
1789612590.6,0.9879482741356373,32.0,18.0,5.0,105668289,37768496,0,0,
1789612592.6,0.9502338821577239,31.0,18.0,5.0,105759084,37768496,90795,0,0.0
1789612594.6,0.9758965482712747,31.0,19.0,5.0,105759084,37768496,0,0,
1789612596.7,0.9703820790478779,30.0,19.0,5.0,105759084,37768496,0,0,
1789612598.7,0.9629364727423577,30.0,18.0,5.0,105835598,37768496,76514,0,0.0
1789612600.7,0.9754316448996524,30.0,19.0,5.0,105835598,37768496,0,0,
1789612602.7,0.9762040997325018,30.0,18.0,5.0,105931190,37768496,95592,0,0.0
1789612604.7,0.9945570543722374,30.0,19.0,5.0,105931190,37768496,0,0,
1789612606.8,0.9864105168295021,30.0,19.0,5.0,105954863,37768496,23673,0,0.0
1789612608.8,0.9715550660162787,30.0,20.0,5.0,106052063,37768496,97200,0,0.0
1789612610.8,0.9861959460425994,30.0,20.0,5.0,106052063,37768496,0,0,
1789612612.8,0.9871615145836612,29.0,21.0,5.0,106092756,37768496,40693,0,0.0
1789612614.9,0.9696883001702261,30.0,19.0,5.0,106194506,37768496,101750,0,0.0
1789612616.9,0.991688958187306,30.0,20.0,5.0,106194506,37768496,0,0,
1789612618.9,0.9994564206731801,30.0,20.0,5.0,106194506,37768496,0,0,
1789612620.9,0.9639163460025463,30.0,19.0,5.0,106246293,37768496,51787,0,0.0
1789612622.9,0.9917819388616305,32.0,18.0,5.0,106305587,37768512,59294,16,0.0003
1789612625.0,0.9922253851545625,31.0,18.0,5.0,106305587,37768512,0,0,
1789612627.0,0.9403135594432603,29.0,18.0,5.0,106418441,37768512,112854,0,0.0
1789612629.0,0.9622569985838328,29.0,20.0,5.0,106418441,37768512,0,0,
1789612631.0,0.9768978786101535,29.0,21.0,5.0,106418441,37768512,0,0,
1789612633.1,0.9137997625416625,29.0,20.0,5.0,106468049,37768512,49608,0,0.0
1789612635.1,0.943117284392121,30.0,20.0,5.0,106570975,37768512,102926,0,0.0
1789612637.1,0.9650607235326935,30.0,20.0,5.0,106570975,37768512,0,0,
1789612639.1,0.9368804268528188,31.0,18.0,5.0,106675456,37768528,104481,16,0.0002
1789612641.2,0.9625216358876794,31.0,18.0,5.0,106675456,37768528,0,0,
1789612643.2,0.977162515914,31.0,19.0,5.0,106675456,37768528,0,0,
1789612645.2,0.9530161500278942,31.0,19.0,5.0,106737887,37768528,62431,0,0.0
1789612647.3,0.9786716637818816,32.0,18.0,5.0,106780270,37768528,42383,0,0.0
1789612649.3,0.9730212997267799,32.0,17.0,5.0,106814541,37768528,34271,0,0.0
1789612651.3,0.9737150786044316,32.0,17.0,5.0,106814541,37768528,0,0,
1789612653.3,0.9565637203713505,32.0,17.0,5.0,106884110,37768528,69569,0,0.0
1789612655.4,0.9731714992776117,32.0,18.0,5.0,106884110,37768528,0,0,
1789612657.4,0.9719269887135766,32.0,18.0,5.0,106951467,37768528,67357,0,0.0
1789612659.4,0.9875978085170297,32.0,18.0,5.0,106951467,37768528,0,0,
1789612661.4,0.9164604402992547,32.0,16.0,5.0,107038924,37768528,87457,0,0.0
1789612663.4,0.9457994192284035,33.0,17.0,5.0,107130330,37768528,91406,0,0.0
1789612665.5,0.9713905617463201,33.0,17.0,5.0,107130330,37768528,0,0,
1789612667.5,0.9786144449053743,33.0,17.0,5.0,107130330,37768528,0,0,
1789612669.5,0.9854377959288769,33.0,17.0,5.0,107190214,37768528,59884,0,0.0
1789612671.5,0.9721630165791695,33.0,16.0,5.0,107198602,37768528,8388,0,0.0
1789612673.6,0.9406354156236142,32.0,17.0,5.0,107262621,37768528,64019,0,0.0
1789612675.6,0.9662766246584749,33.0,16.0,5.0,107346468,37768528,83847,0,0.0
1789612677.6,0.9845652080621397,33.0,17.0,5.0,107346468,37768528,0,0,
1789612679.6,0.9856380619966527,33.0,17.0,5.0,107346468,37768528,0,0,
1789612681.7,0.9089290056789735,32.0,16.0,5.0,107475806,37768528,129338,0,0.0
1789612683.7,0.8947887908220922,31.0,18.0,5.0,107475806,37768528,0,0,
1789612685.7,0.9094010614101592,31.0,18.0,5.0,107475806,37768528,0,0,
1789612687.7,0.8697412276309955,30.0,18.0,5.0,107475806,37768528,0,0,
1789612689.8,0.8648990802065601,30.0,17.0,5.0,107627796,37768528,151990,0,0.0
1789612691.8,0.8795399602328808,30.0,17.0,5.0,107627796,37768528,0,0,
1789612693.8,0.8691475817872316,29.0,20.0,5.0,107627796,37768528,0,0,
1789612695.8,0.8801622155148984,29.0,20.0,5.0,107627796,37768528,0,0,
1789612697.8,0.8874933840674039,29.0,20.0,5.0,107627796,37768528,0,0,
1789612699.9,0.8894674353069077,29.0,19.0,5.0,107682137,37768528,54341,0,0.0
1789612701.9,0.9151014919822049,30.0,19.0,5.0,107743345,37768528,61208,0,0.0
1789612703.9,0.940749853376629,31.0,18.0,5.0,107820160,37768528,76815,0,0.0
1789612705.9,0.9520434291272691,31.0,18.0,5.0,107820160,37768528,0,0,
1789612708.0,0.9514426309239418,30.0,18.0,5.0,107820160,37768528,0,0,
1789612710.0,0.9106455719741943,29.0,20.0,5.0,108006019,37768528,185859,0,0.0
1789612712.0,0.9180125023245168,28.0,21.0,5.0,108006019,37768528,0,0,
1789612714.0,0.871078718869355,27.0,21.0,5.0,108006019,37768528,0,0,
1789612716.1,0.882064743158768,27.0,22.0,5.0,108006019,37768528,0,0,
1789612718.1,0.8930865292459983,27.0,22.0,5.0,108006019,37768528,0,0,
1789612720.1,0.8965125094768764,26.0,22.0,5.0,108006019,37768528,0,0,
1789612722.1,0.903829373310255,26.0,22.0,5.0,108006019,37768528,0,0,
1789612724.1,0.9257799648103909,28.0,21.0,5.0,108129526,37768528,123507,0,0.0
1789612726.2,0.8660577624558342,25.0,22.0,5.0,108129526,37768528,0,0,
1789612728.2,0.8699486460583347,24.0,23.0,5.0,108129526,37768528,0,0,
1789612730.2,0.8955540932953782,25.0,23.0,5.0,108191412,37768528,61886,0,0.0
1789612732.2,0.9212239117684924,26.0,23.0,5.0,108263621,37768528,72209,0,0.0
1789612734.3,0.8751698685396312,27.0,21.0,5.0,108369707,37768544,106086,16,0.0002
1789612736.3,0.8970990029610768,27.0,22.0,5.0,108369707,37768544,0,0,
1789612738.3,0.9117899495043414,27.0,22.0,5.0,108369707,37768544,0,0,
1789612740.3,0.9374168538200752,28.0,21.0,5.0,108467987,37768544,98280,0,0.0
1789612742.3,0.9520362767677056,28.0,21.0,5.0,108467987,37768544,0,0,
1789612744.4,0.9280830245898122,28.0,20.0,5.0,108507281,37768544,39294,0,0.0
1789612746.4,0.9573647846424536,30.0,18.0,5.0,108628271,37768544,120990,0,0.0
1789612748.4,0.982884403564736,30.0,18.0,5.0,108628271,37768544,0,0,
1789612750.4,0.9534309868825726,30.0,16.0,5.0,108776546,37768544,148275,0,0.0
1789612752.5,0.9791008053556869,30.0,17.0,5.0,108776546,37768544,0,0,
1789612754.5,0.9937559901011344,30.0,18.0,5.0,108776546,37768544,0,0,
1789612756.5,0.970146051182285,30.0,18.0,5.0,108868269,37768544,91723,0,0.0
1789612758.5,0.984758321770352,30.0,18.0,5.0,108868269,37768544,0,0,
1789612760.6,0.9789076916474745,30.0,19.0,5.0,108928388,37768544,60119,0,0.0
1789612762.6,0.9663409958945456,30.0,18.0,5.0,109023540,37768544,95152,0,0.0
1789612764.6,0.9882844350351181,30.0,18.0,5.0,109023540,37768544,0,0,
1789612766.6,0.9346631953881586,29.0,19.0,5.0,109137363,37768544,113823,0,0.0
1789612768.6,0.9262949346989572,28.0,20.0,5.0,109137363,37768544,0,0,
1789612770.7,0.9409143576465876,28.0,21.0,5.0,109137363,37768544,0,0,
1789612772.7,0.9519289913742544,29.0,20.0,5.0,109189796,37768544,52433,0,0.0
1789612774.7,0.9636302516200095,30.0,19.0,5.0,109266629,37768544,76833,0,0.0
1789612776.7,0.9892285464974895,31.0,18.0,5.0,109285635,37768544,19006,0,0.0
1789612778.8,0.9715622183758422,31.0,17.0,5.0,109353455,37768544,67820,0,0.0
1789612780.8,0.9838785815440514,31.0,18.0,5.0,109353455,37768544,0,0,
1789612782.8,0.943474902370292,30.0,18.0,5.0,109353455,37768544,0,0,
1789612784.8,0.9291272690860715,29.0,19.0,5.0,109483596,37768544,130141,0,0.0
1789612786.9,0.9438039109102093,29.0,19.0,5.0,109483596,37768544,0,0,
1789612788.9,0.9202726479465576,28.0,19.0,5.0,109483596,37768544,0,0,
1789612790.9,0.8668588267269373,27.0,21.0,5.0,109624446,37768544,140850,0,0.0
1789612792.9,0.8887951135079463,27.0,21.0,5.0,109624446,37768544,0,0,
1789612795.0,0.903471755332084,27.0,23.0,5.0,109624446,37768544,0,0,
1789612797.0,0.9144577796214971,27.0,23.0,5.0,109624446,37768544,0,0,
1789612799.0,0.9254509562704736,28.0,22.0,5.0,109667393,37768544,42947,0,0.0
1789612801.0,0.926888580542721,28.0,21.0,5.0,109723662,37768544,56269,0,0.0
1789612803.1,0.9229619351424034,28.0,21.0,5.0,109802593,37768544,78931,0,0.0
1789612805.1,0.9412648232651952,28.0,22.0,5.0,109802593,37768544,0,0,
1789612807.1,0.9632368718440213,29.0,21.0,5.0,109901542,37768544,98949,0,0.0
1789612809.1,0.9815540646859399,29.0,21.0,5.0,109901542,37768544,0,0,
1789612811.1,0.9809675712017395,28.0,22.0,5.0,109901542,37768544,0,0,
1789612813.2,0.9348276996581172,27.0,22.0,5.0,110063127,37768544,161585,0,0.0
1789612815.2,0.9604832134121046,27.0,23.0,5.0,110063127,37768544,0,0,
1789612817.2,0.9714477806228274,27.0,23.0,5.0,110063127,37768544,0,0,
1789612819.2,0.9176477319867824,25.0,23.0,5.0,110063127,37768544,0,0,
1789612821.3,0.928640908635759,25.0,23.0,5.0,110063127,37768544,0,0,
1789612823.3,0.9359792295478279,26.0,22.0,5.0,110133227,37768544,70100,0,0.0
1789612825.3,0.9615989815039981,26.0,22.0,5.0,110133227,37768544,0,0,
1789612827.3,0.9299283333571745,26.0,21.0,5.0,110235617,37768544,102390,0,0.0
1789612829.4,0.9555480853133449,26.0,21.0,5.0,110235617,37768544,0,0,
1789612831.4,0.9665412619623214,26.0,21.0,5.0,110235617,37768544,0,0,
1789612833.4,0.9635301185861216,25.0,21.0,5.0,110235617,37768544,0,0,
1789612835.4,0.9640951549916318,25.0,21.0,5.0,110235617,37768544,0,0,
1789612837.5,0.9404423019154019,25.0,20.0,5.0,110339440,37768560,103823,16,0.0002
1789612839.5,0.9550974866608494,25.0,20.0,5.0,110339440,37768560,0,0,
1789612841.5,0.9734146795027679,26.0,19.0,5.0,110392192,37768560,52752,0,0.0
1789612843.5,0.9888709285193186,26.0,19.0,5.0,110392192,37768560,0,0,
1789612845.5,0.9286337562761955,25.0,18.0,5.0,110463149,37768560,70957,0,0.0
1789612847.6,0.9542678129514927,27.0,16.0,5.0,110535996,37768560,72847,0,0.0
1789612849.6,0.9673780880312415,26.0,16.0,5.0,110535996,37768560,0,0,
1789612851.6,0.910094840287811,26.0,15.0,5.0,110611834,37768560,75838,0,0.0
1789612853.6,0.9283977284106026,26.0,15.0,5.0,110611834,37768560,0,0,
1789612855.7,0.9340838542635215,27.0,13.0,5.0,110701949,37768560,90115,0,0.0
1789612857.7,0.9633727666757264,28.0,12.0,5.0,110800998,37768560,99049,0,0.0
1789612859.7,0.953709928905546,27.0,12.0,5.0,110800998,37768560,0,0,
1789612861.7,0.9628291873489064,27.0,12.0,5.0,110800998,37768560,0,0,
1789612863.8,0.9437395396741385,27.0,11.0,5.0,110893435,37768560,92437,0,0.0
1789612865.8,0.9657044358934013,27.0,11.0,5.0,110893435,37768560,0,0,
1789612867.8,0.9876836368317908,28.0,10.0,5.0,110944495,37768560,51060,0,0.0
1789612869.8,0.9711831433189809,28.0,9.0,5.0,111021916,37768560,77421,0,0.0
1789612871.9,0.9122620052355273,26.0,8.0,5.0,111064030,37768560,42114,0,0.0
1789612873.9,0.9378960619108244,27.0,7.0,5.0,111164651,37768560,100621,0,0.0
1789612875.9,0.9404637589940922,26.0,7.0,5.0,111164651,37768560,0,0,
1789612877.9,0.9551046390204129,27.0,6.0,5.0,111217333,37768560,52682,0,0.0
1789612880.0,0.978592987826684,27.0,6.0,5.0,111217333,37768560,0,0,
1789612882.0,0.9771482111948732,26.0,6.0,5.0,111217333,37768560,0,0,
1789612884.0,0.9777347046790736,26.0,6.0,5.0,111217333,37768560,0,0,
1789612886.0,0.9783283505228375,26.0,6.0,5.0,111217333,37768560,0,0,
1789612888.0,0.9624930264494257,26.0,5.0,5.0,111285356,37768560,68023,0,0.0
1789612890.1,0.9393837527000157,25.0,5.0,5.0,111285356,37768560,0,0,
1789612892.1,0.9650321140944398,26.0,4.0,5.0,111343381,37768560,58025,0,0.0
1789612894.1,0.9683865707296837,26.0,3.0,5.0,111413070,37768560,69689,0,0.0
1789612896.1,0.9695452529789578,27.0,1.0,5.0,111487890,37768560,74820,0,0.0
1789612898.2,0.9828128799691018,27.0,1.0,5.0,111487890,37768560,0,0,
1789612900.2,0.9768978786101535,27.0,0.0,5.0,111556539,37768560,68649,0,0.0
1789612902.2,0.9559057032915159,26.0,0.0,5.0,111556539,37768560,0,0,
1789612904.2,0.9469223396798604,25.0,0.0,5.0,111556539,37768560,0,0,
1789612906.3,0.8598638190739125,22.0,0.0,5.0,111556539,37768560,0,0,
1789612908.3,0.8412962936472742,21.0,0.0,5.0,111556539,37768560,0,0,
1789612910.3,0.7201281702833765,17.0,0.0,5.0,111556539,37768560,0,0,
1789612912.3,0.6893515670819803,16.0,0.0,5.0,111556539,37768560,0,0,
1789612914.3,0.5889896576880713,13.0,0.0,5.0,111556539,37768560,0,0,
1789612916.4,0.5893687327449326,13.0,0.0,5.0,111556539,37768560,0,0,
1789612918.4,0.5218218490279943,11.0,0.0,5.0,111556539,37768560,0,0,
1789612920.4,0.5223654283548143,11.0,0.0,5.0,111556539,37768560,0,0,
1789612922.4,0.5228947029625073,11.0,0.0,5.0,111556539,37768560,0,0,
1789612924.5,0.5234096728510735,11.0,0.0,5.0,111556539,37768560,0,0,
1789612926.5,0.43203827942838346,10.0,0.0,5.0,111556539,37768560,0,0,
1789612928.5,0.4325604016765131,10.0,0.0,5.0,111556539,37768560,0,0,
1789612930.5,0.38128513596635527,9.0,0.0,5.0,111556539,37768560,0,0,
1789612932.6,0.27768320769021704,7.0,0.0,5.0,111556539,37768560,0,0,
1789612934.6,0.24551904673351743,6.0,0.0,5.0,111556539,37768560,0,0,
1789612936.6,0.2147925100490652,5.0,0.0,5.0,111556539,37768560,0,0,
1789612938.6,0.0,0.0,0.0,5.0,111556539,37768560,0,0,
1789612940.7,0.0,0.0,0.0,5.0,111556539,37768560,0,0,
1789612942.7,0.0,0.0,0.0,5.0,111556539,37768560,0,0,
1789612944.7,0.0,0.0,0.0,5.0,111556539,37768560,0,0,
1789612946.7,0.0,0.0,0.0,5.0,111556539,37768560,0,0,
1789612948.8,0.0,0.0,0.0,5.0,111556539,37768560,0,0,
1789612950.8,0.0,0.0,0.0,5.0,111556539,37768560,0,0,
1789612952.8,0.0,0.0,0.0,5.0,111556539,37768560,0,0,
1789612954.8,0.0,0.0,0.0,5.0,111556539,37768560,0,0,
1789612956.8,0.0,0.0,0.0,5.0,111556539,37768560,0,0,
1789612958.9,0.0,0.0,0.0,5.0,111556539,37768560,0,0,
1789612960.9,0.0,0.0,0.0,5.0,111556539,37768560,0,0,
1789612962.9,0.0,0.0,0.0,5.0,111556539,37768560,0,0,
1789612964.9,0.0,0.0,0.0,5.0,111556539,37768560,0,0,
1789612967.0,0.0,0.0,0.0,5.0,111556539,37768560,0,0,
1789612969.0,0.0,0.0,0.0,5.0,111556539,37768560,0,0,
1789612971.0,0.0,0.0,0.0,5.0,111556539,37768560,0,0,
1789612973.0,0.0,0.0,0.0,5.0,111556539,37768560,0,0,
1789612975.1,0.0,0.0,0.0,5.0,111556539,37768560,0,0,
1789612977.1,0.0,0.0,0.0,5.0,111556539,37768560,0,0,
1789612979.1,0.0,0.0,0.0,5.0,111556539,37768560,0,0,
1789612981.1,0.0,0.0,0.0,5.0,111556539,37768560,0,0,
1789612983.2,0.0,0.0,0.0,5.0,111556539,37768560,0,0,
1789612985.2,0.0,0.0,0.0,5.0,111556539,37768560,0,0,
1789612987.2,0.0,0.0,0.0,5.0,111556539,37768560,0,0,
1789612989.2,0.0,0.0,0.0,5.0,111556539,37768560,0,0,
1789612991.3,0.0,0.0,0.0,5.0,111556539,37768560,0,0,
1789612993.3,0.0,0.0,0.0,5.0,111556539,37768560,0,0,
1789612995.3,0.0,0.0,0.0,5.0,111556539,37768560,0,0,
1789612997.3,0.0,0.0,0.0,5.0,111556539,37768560,0,0,
1789612999.4,0.0,0.0,0.0,5.0,111556539,37768560,0,0,
1789613001.4,0.0,0.0,0.0,5.0,111556539,37768560,0,0,
1789613003.4,0.0,0.0,0.0,5.0,111556539,37768560,0,0,
1789613005.4,0.0,0.0,0.0,5.0,111556539,37768560,0,0,
1789613007.4,0.0,0.0,0.0,5.0,111556539,37768560,0,0,
1789613009.5,0.0,0.0,0.0,5.0,111556539,37768560,0,0,
1789613011.5,0.0,0.0,0.0,5.0,111556539,37768560,0,0,
1789613013.5,0.0,0.0,0.0,5.0,111556539,37768560,0,0,
1789613015.5,0.0,0.0,0.0,5.0,111556539,37768560,0,0,
1789613017.6,0.0,0.0,0.0,5.0,111556539,37768560,0,0,
1789613019.6,0.0,0.0,0.0,5.0,111556539,37768560,0,0,
1789613021.6,0.0,0.0,0.0,5.0,111556539,37768560,0,0,
1789613023.6,0.0,0.0,0.0,5.0,111556539,37768560,0,0,
1789613025.7,0.0,0.0,0.0,5.0,111556539,37768560,0,0,
1789613027.7,0.0,0.0,0.0,5.0,111556539,37768560,0,0,
1789613029.7,0.0,0.0,0.0,5.0,111556539,37768560,0,0,
1789613029.7,0.0,0.0,0.0,5.0,111556539,37768560,0,0,
