ts,kv_cache_usage_perc,num_requests_running,num_requests_waiting,num_preemptions_total,cum_prefix_cache_queries,cum_prefix_cache_hits,interval_queries,interval_hits,interval_hit_rate
1790899333.2,0.0,0.0,0.0,532.0,248987882,75763552,0,0,
1790899335.2,0.0,0.0,0.0,532.0,248987882,75763552,0,0,
1790899337.3,0.0,0.0,0.0,532.0,248987882,75763552,0,0,
1790899339.3,0.0,0.0,0.0,532.0,248987882,75763552,0,0,
1790899341.3,0.0,0.0,0.0,532.0,248987882,75763552,0,0,
1790899343.3,0.0,0.0,0.0,532.0,248987882,75763552,0,0,
1790899345.4,0.0,0.0,0.0,532.0,248987882,75763552,0,0,
1790899347.4,0.0,0.0,0.0,532.0,248987882,75763552,0,0,
1790899349.4,0.0,0.0,0.0,532.0,248987882,75763552,0,0,
1790899351.4,0.0,0.0,0.0,532.0,248987882,75763552,0,0,
1790899353.5,0.0,0.0,0.0,532.0,248987882,75763552,0,0,
1790899355.5,0.0,0.0,0.0,532.0,248987882,75763552,0,0,
1790899357.5,0.0,0.0,0.0,532.0,248987882,75763552,0,0,
1790899359.6,0.0,0.0,0.0,532.0,248987882,75763552,0,0,
1790899361.6,0.0,0.0,0.0,532.0,248987882,75763552,0,0,
1790899363.6,0.0,0.0,0.0,532.0,248987882,75763552,0,0,
1790899365.7,0.0,0.0,0.0,532.0,248987882,75763552,0,0,
1790899367.7,0.0,0.0,0.0,532.0,248987882,75763552,0,0,
1790899369.7,0.0,0.0,0.0,532.0,248987882,75763552,0,0,
1790899371.8,0.0,0.0,0.0,532.0,248987882,75763552,0,0,
1790899373.8,0.0,0.0,0.0,532.0,248987882,75763552,0,0,
1790899375.8,0.0,0.0,0.0,532.0,248987882,75763552,0,0,
1790899377.8,0.0,0.0,0.0,532.0,248987882,75763552,0,0,
1790899379.9,0.0,0.0,0.0,532.0,248987882,75763552,0,0,
1790899381.9,0.0,0.0,0.0,532.0,248987882,75763552,0,0,
1790899383.9,0.0,0.0,0.0,532.0,248987882,75763552,0,0,
1790899386.0,0.0,0.0,0.0,532.0,248987882,75763552,0,0,
1790899388.0,0.0,0.0,0.0,532.0,248987882,75763552,0,0,
1790899390.0,0.0,0.0,0.0,532.0,248987882,75763552,0,0,
1790899392.0,0.0,0.0,0.0,532.0,248987882,75763552,0,0,
1790899394.1,0.0,0.0,0.0,532.0,248987882,75763552,0,0,
1790899396.1,0.0,0.0,0.0,532.0,248987882,75763552,0,0,
1790899398.1,0.0,0.0,0.0,532.0,248987882,75763552,0,0,
1790899400.2,0.0,0.0,0.0,532.0,248987882,75763552,0,0,
1790899402.2,0.010986024289413088,1.0,2.0,532.0,249024406,75763552,36524,0,0.0
1790899404.2,0.04397270659590602,9.0,56.0,532.0,249088682,75763552,64276,0,0.0
1790899406.3,0.08429770981446782,17.0,98.0,532.0,249204674,75763552,115992,0,0.0
1790899408.4,0.11096885862646089,15.0,132.0,532.0,249282245,75763552,77571,0,0.0
1790899410.4,0.13182513911339355,12.0,164.0,532.0,249320359,75763552,38114,0,0.0
1790899412.5,0.16392492883402232,10.0,181.0,532.0,249372009,75763552,51650,0,0.0
1790899414.6,0.2004305720457179,13.0,180.0,532.0,249450159,75763552,78150,0,0.0
1790899416.6,0.24041941436479897,34.0,159.0,532.0,249561549,75763552,111390,0,0.0
1790899418.7,0.2804297137625703,47.0,140.0,532.0,249636127,75763552,74578,0,0.0
1790899420.7,0.3136595762942195,43.0,145.0,532.0,249764305,75763552,128178,0,0.0
1790899422.8,0.34442902713605217,35.0,150.0,532.0,249828318,75763552,64013,0,0.0
1790899424.8,0.3716795170726823,31.0,159.0,532.0,249864549,75763552,36231,0,0.0
1790899426.9,0.4104381535468551,30.0,161.0,532.0,249966399,75763552,101850,0,0.0
1790899428.9,0.44613558012788423,31.0,160.0,532.0,250035999,75763552,69600,0,0.0
1790899431.0,0.4857381950305406,35.0,157.0,532.0,250125894,75763552,89895,0,0.0
1790899433.0,0.5216144306006552,35.0,156.0,532.0,250213581,75763552,87687,0,0.0
1790899435.1,0.5537571344786645,41.0,150.0,532.0,250288219,75763552,74638,0,0.0
1790899437.2,0.5902484729712332,48.0,145.0,532.0,250365086,75763552,76867,0,0.0
1790899439.2,0.6252449683150472,57.0,135.0,532.0,250467421,75763552,102335,0,0.0
1790899441.3,0.6523810204986625,52.0,140.0,532.0,250526461,75763552,59040,0,0.0
1790899443.3,0.6615789548972206,42.0,147.0,532.0,250582455,75763552,55994,0,0.0
1790899445.4,0.6934641738309468,44.0,147.0,532.0,250665075,75763552,82620,0,0.0
1790899447.4,0.6880498376414379,45.0,145.0,532.0,250720386,75763552,55311,0,0.0
1790899449.5,0.7010599796872988,49.0,140.0,532.0,250811398,75763552,91012,0,0.0
1790899451.5,0.7359134278398444,50.0,143.0,532.0,250880036,75763552,68638,0,0.0
1790899453.6,0.7621554350780322,49.0,144.0,532.0,250956845,75763552,76809,0,0.0
1790899455.6,0.79471297581072,53.0,142.0,532.0,251065724,75763552,108879,0,0.0
1790899457.7,0.8331640608236657,52.0,142.0,532.0,251137477,75763552,71753,0,0.0
1790899459.7,0.8690259916746534,55.0,138.0,532.0,251339137,75763552,201660,0,0.0
1790899461.8,0.8908406883430844,54.0,140.0,532.0,251339137,75763552,0,0,
1790899463.8,0.9054887207289685,54.0,141.0,532.0,251339137,75763552,0,0,
1790899465.9,0.9152159297352196,52.0,141.0,532.0,251339137,75763552,0,0,
1790899468.0,0.9259873832377301,51.0,144.0,532.0,251339137,75763552,0,0,
1790899470.0,0.9368017508976211,51.0,143.0,532.0,251376548,75763568,37411,16,0.0004
1790899472.1,0.9283905760510393,50.0,144.0,532.0,251438994,75763568,62446,0,0.0
1790899474.1,0.9652037707239618,52.0,142.0,532.0,251515973,75763568,76979,0,0.0
1790899476.2,0.9943710930235885,54.0,140.0,532.0,251575575,75763568,59602,0,0.0
1790899478.2,0.9591743316119988,52.0,141.0,532.0,251659306,75763568,83731,0,0.0
1790899480.3,0.9847726264894788,52.0,142.0,532.0,251659306,75763568,0,0,
1790899482.3,0.9907591514440613,52.0,141.0,532.0,251693318,75763568,34012,0,0.0
1790899484.4,0.9580156493627248,51.0,140.0,532.0,251789297,75763568,95979,0,0.0
1790899486.5,0.9379389760682049,49.0,142.0,532.0,251887797,75763568,98500,0,0.0
1790899488.5,0.9473514812536656,48.0,146.0,532.0,251887797,75763568,0,0,
1790899490.6,0.9619995136395497,49.0,145.0,532.0,251920082,75763568,32285,0,0.0
1790899492.7,0.9799662408628607,50.0,144.0,532.0,251998525,75763568,78443,0,0.0
1790899494.8,0.9464145221508575,48.0,146.0,532.0,252056339,75763568,57814,0,0.0
1790899496.8,0.9456134578797545,48.0,146.0,532.0,252108202,75763568,51863,0,0.0
1790899498.9,0.9415652223668588,47.0,147.0,532.0,252169984,75763568,61782,0,0.0
1790899501.0,0.9672135837612829,48.0,146.0,532.0,252235869,75763568,65885,0,0.0
1790899503.1,0.9825625473843821,48.0,146.0,532.0,252235869,75763568,0,0,
1790899505.1,0.9763542992833336,47.0,145.0,532.0,252289206,75763568,53337,0,0.0
1790899507.2,0.9531591972191626,47.0,144.0,532.0,252373045,75763584,83839,16,0.0002
1790899509.2,0.9428669518074012,47.0,146.0,532.0,252458588,75763584,85543,0,0.0
1790899511.3,0.9685081608422619,48.0,147.0,532.0,252532973,75763584,74385,0,0.0
1790899513.3,0.9941350651579957,48.0,147.0,532.0,252532973,75763584,0,0,
1790899515.4,0.9637232322943339,47.0,146.0,532.0,252609379,75763584,76406,0,0.0
1790899517.4,0.9573361752041999,46.0,147.0,532.0,252664181,75763600,54802,16,0.0003
1790899519.5,0.956334844865321,46.0,146.0,532.0,252737824,75763600,73643,0,0.0
1790899521.6,0.9640880026320683,46.0,148.0,532.0,252795825,75763600,58001,0,0.0
1790899523.6,0.9897435163860557,47.0,147.0,532.0,252851595,75763616,55770,16,0.0003
1790899525.7,0.9850158067146352,45.0,149.0,535.0,252851595,75763616,0,0,
1790899527.7,0.9790793482769966,45.0,149.0,535.0,252901020,75763616,49425,0,0.0
1790899529.8,0.9906089518932296,45.0,150.0,535.0,252961902,75763616,60882,0,0.0
1790899531.8,0.9424735720314131,42.0,150.0,535.0,253064445,75763616,102543,0,0.0
1790899533.9,0.9337977598809848,41.0,154.0,535.0,253064445,75763616,0,0,
1790899535.9,0.9337476933640408,41.0,154.0,535.0,253115022,75763616,50577,0,0.0
1790899538.0,0.9666986138727166,42.0,153.0,535.0,253171620,75763616,56598,0,0.0
1790899540.0,0.9525512466562719,41.0,153.0,535.0,253171620,75763616,0,0,
1790899542.1,0.9262806299798303,40.0,152.0,535.0,253323610,75763616,151990,0,0.0
1790899544.2,0.927925672679417,39.0,155.0,535.0,253323610,75763616,0,0,
1790899546.2,0.9262448681820132,38.0,156.0,535.0,253323610,75763616,0,0,
1790899548.3,0.9372380448309897,38.0,156.0,535.0,253323610,75763616,0,0,
1790899550.4,0.9482455261990931,39.0,156.0,535.0,253472977,75763616,149367,0,0.0
1790899552.4,0.9565136538544066,39.0,155.0,535.0,253472977,75763616,0,0,
1790899554.5,0.9784785500736694,40.0,154.0,535.0,253472977,75763616,0,0,
1790899556.5,0.9898794112177607,40.0,154.0,535.0,253527656,75763616,54679,0,0.0
1790899558.6,0.9845795127812665,39.0,155.0,554.0,253553021,75763616,25365,0,0.0
1790899560.6,0.9571645185746778,38.0,154.0,554.0,253693858,75763632,140837,16,0.0001
1790899562.7,0.9864677357060094,38.0,156.0,554.0,253693858,75763632,0,0,
1790899564.8,0.9989128413463602,38.0,156.0,554.0,253693858,75763632,0,0,
1790899566.8,0.9568069005965067,36.0,156.0,554.0,253789622,75763632,95764,0,0.0
1790899568.9,0.9751240934384253,36.0,158.0,554.0,253789622,75763632,0,0,
1790899570.9,0.9970818372981246,37.0,157.0,554.0,253827152,75763648,37530,16,0.0004
1790899573.0,0.9897220593073655,37.0,156.0,554.0,253876394,75763648,49242,0,0.0
1790899575.0,0.9790435864791794,37.0,155.0,554.0,253963669,75763664,87275,16,0.0002
1790899577.1,0.992897706953524,37.0,157.0,554.0,253963669,75763664,0,0,
1790899579.1,0.9579655828457808,38.0,156.0,554.0,254066358,75763664,102689,0,0.0
1790899581.2,0.9713333428698128,38.0,156.0,554.0,254066358,75763664,0,0,
1790899583.3,0.931451785944183,36.0,155.0,554.0,254168642,75763680,102284,16,0.0002
1790899585.3,0.949776131145665,36.0,158.0,554.0,254168642,75763680,0,0,
1790899587.4,0.9717624844436179,38.0,156.0,554.0,254236978,75763680,68336,0,0.0
1790899589.4,0.9976254166249445,39.0,155.0,554.0,254262273,75763680,25295,0,0.0
1790899591.5,0.9959875262849214,39.0,154.0,554.0,254300698,75763680,38425,0,0.0
1790899593.5,0.9707396970260489,38.0,156.0,554.0,254428002,75763680,127304,0,0.0
1790899595.6,0.976583174789363,39.0,154.0,554.0,254428002,75763680,0,0,
1790899597.6,0.9668488134235484,39.0,155.0,554.0,254515751,75763680,87749,0,0.0
1790899599.7,0.9924757177392822,39.0,156.0,554.0,254515751,75763680,0,0,
1790899601.8,0.9758393293947674,38.0,156.0,554.0,254515751,75763680,0,0,
1790899603.8,0.9684867037635716,38.0,156.0,554.0,254574277,75763680,58526,0,0.0
1790899605.9,0.957100147338607,39.0,156.0,554.0,254647294,75763680,73017,0,0.0
1790899607.9,0.9736220979301071,40.0,154.0,554.0,254753071,75763680,105777,0,0.0
1790899610.0,0.9669918606148168,39.0,154.0,554.0,254753071,75763680,0,0,
1790899612.0,0.9626432260002575,39.0,153.0,554.0,254849752,75763680,96681,0,0.0
1790899614.1,0.9919893572889696,40.0,155.0,554.0,254883642,75763696,33890,16,0.0005
1790899616.1,0.9937631424606977,40.0,155.0,554.0,254883642,75763696,0,0,
1790899618.2,0.9952365285307623,41.0,153.0,554.0,254949223,75763696,65581,0,0.0
1790899620.3,0.9804382965940464,42.0,151.0,554.0,255014878,75763696,65655,0,0.0
1790899622.3,0.9880698642482155,42.0,152.0,554.0,255048184,75763696,33306,0,0.0
1790899624.4,0.9800878309754388,41.0,153.0,554.0,255048184,75763696,0,0,
1790899626.4,0.9728854048950749,41.0,153.0,554.0,255132390,75763696,84206,0,0.0
1790899628.5,0.9717839415223082,40.0,154.0,554.0,255132390,75763696,0,0,
1790899630.6,0.9557984178980645,42.0,153.0,554.0,255201154,75763712,68764,16,0.0002
1790899632.6,0.9812107514268957,42.0,153.0,554.0,255262294,75763712,61140,0,0.0
1790899634.7,0.9986911181998941,43.0,152.0,554.0,255294321,75763712,32027,0,0.0
1790899636.7,0.9759680718669089,43.0,151.0,554.0,255361576,75763728,67255,16,0.0002
1790899638.8,0.9941207604388688,45.0,149.0,554.0,255432731,75763728,71155,0,0.0
1790899640.8,0.9887207289684867,44.0,149.0,554.0,255475577,75763728,42846,0,0.0
1790899642.9,0.9518503154190567,42.0,152.0,554.0,255553930,75763744,78353,16,0.0002
1790899645.0,0.9701675082609753,42.0,153.0,554.0,255553930,75763744,0,0,
1790899647.0,0.954646888008354,42.0,151.0,554.0,255644855,75763744,90925,0,0.0
1790899649.1,0.983957257499249,43.0,152.0,554.0,255691027,75763744,46172,0,0.0
1790899651.1,0.9781352368146251,42.0,152.0,554.0,255691027,75763744,0,0,
1790899653.2,0.9786359019840646,42.0,153.0,554.0,255749351,75763744,58324,0,0.0
1790899655.2,0.982612613901326,44.0,151.0,554.0,255866564,75763744,117213,0,0.0
1790899657.3,0.9790578911983063,44.0,151.0,554.0,255866564,75763744,0,0,
1790899659.4,0.9639878695981804,44.0,150.0,554.0,255951412,75763744,84848,0,0.0
1790899661.4,0.9568212053156336,44.0,149.0,554.0,256074019,75763744,122607,0,0.0
1790899663.5,0.9824695667100577,44.0,152.0,554.0,256074019,75763744,0,0,
1790899665.5,0.9825410903056918,44.0,151.0,554.0,256106306,75763744,32287,0,0.0
1790899667.6,0.9681004763471469,44.0,150.0,554.0,256198060,75763760,91754,16,0.0002
1790899669.6,0.9911382265009226,44.0,150.0,554.0,256198060,75763760,0,0,
1790899671.7,0.970689630509105,44.0,150.0,554.0,256291165,75763760,93105,0,0.0
1790899673.7,0.9821906246870843,44.0,151.0,554.0,256322878,75763760,31713,0,0.0
1790899675.8,0.9621783226286352,44.0,150.0,554.0,256377632,75763760,54754,0,0.0
1790899677.8,0.9705680403965268,43.0,152.0,554.0,256415988,75763760,38356,0,0.0
1790899679.9,0.9933697626847097,45.0,151.0,554.0,256561183,75763760,145195,0,0.0
1790899682.0,0.9877408557082982,43.0,153.0,554.0,256561183,75763760,0,0,
1790899684.0,0.9662837770180382,43.0,152.0,554.0,256639412,75763760,78229,0,0.0
1790899686.1,0.989321527171814,43.0,153.0,554.0,256639412,75763760,0,0,
1790899688.1,0.9604331468951607,41.0,152.0,554.0,256829277,75763776,189865,16,0.0001
1790899690.2,0.9860242894130774,41.0,154.0,554.0,256829277,75763776,0,0,
1790899692.2,0.9852446822206646,41.0,153.0,554.0,256854578,75763792,25301,16,0.0006
1790899694.3,0.9920751856037306,41.0,152.0,554.0,256902536,75763792,47958,0,0.0
1790899696.3,0.9674925257842563,40.0,155.0,554.0,256960151,75763792,57615,0,0.0
1790899698.4,0.9889567568340796,39.0,156.0,554.0,257073494,75763792,113343,0,0.0
1790899700.4,0.948073869569571,39.0,156.0,554.0,257105206,75763792,31712,0,0.0
1790899702.5,0.9600898336361166,39.0,155.0,554.0,257159054,75763792,53848,0,0.0
1790899704.6,0.9808960476061053,40.0,155.0,554.0,257252480,75763792,93426,0,0.0
1790899706.6,0.9863532979529946,41.0,154.0,554.0,257308818,75763808,56338,16,0.0003
1790899708.7,0.9886205959345988,41.0,153.0,554.0,257337386,75763824,28568,16,0.0006
1790899710.7,0.9903371622298196,42.0,153.0,554.0,257440514,75763840,103128,16,0.0002
1790899712.8,0.982576852103509,42.0,153.0,554.0,257492630,75763840,52116,0,0.0
1790899714.8,0.9915387586364742,42.0,154.0,554.0,257534201,75763840,41571,0,0.0
1790899716.9,0.926616790879311,38.0,156.0,554.0,257600389,75763856,66188,16,0.0002
1790899718.9,0.9522723046332985,39.0,157.0,554.0,257652812,75763856,52423,0,0.0
1790899721.0,0.9778849042299055,40.0,157.0,554.0,257714277,75763856,61465,0,0.0
1790899723.0,0.9981189294348205,41.0,156.0,554.0,257749749,75763856,35472,0,0.0
1790899725.1,0.9397485230377501,39.0,157.0,554.0,257871896,75763872,122147,16,0.0001
1790899727.2,0.9690159783712646,40.0,157.0,554.0,257871896,75763872,0,0,
1790899729.3,0.9708326777003734,39.0,157.0,554.0,257871896,75763872,0,0,
1790899731.3,0.9661979487032772,40.0,156.0,554.0,257963447,75763872,91551,0,0.0
1790899733.4,0.9853662723332427,40.0,157.0,554.0,257963447,75763872,0,0,
1790899735.4,0.9927045932453116,41.0,156.0,554.0,258044259,75763872,80812,0,0.0
1790899737.5,0.9854449482884403,40.0,157.0,554.0,258120421,75763872,76162,0,0.0
1790899739.5,0.9880341024503984,40.0,157.0,554.0,258120421,75763872,0,0,
1790899741.6,0.9758822435521478,38.0,155.0,554.0,258401628,75763872,281207,0,0.0
1790899743.6,0.9968243523538415,39.0,157.0,554.0,258401628,75763872,0,0,
1790899745.7,0.9753458165848914,39.0,155.0,554.0,258479947,75763872,78319,0,0.0
1790899747.7,0.9912741213326276,40.0,154.0,554.0,258554463,75763872,74516,0,0.0
1790899749.8,0.975016808044974,40.0,156.0,554.0,258630694,75763872,76231,0,0.0
1790899751.8,0.9880412548099619,40.0,156.0,554.0,258630694,75763872,0,0,
1790899753.9,0.9950148053842963,42.0,153.0,554.0,258755507,75763872,124813,0,0.0
1790899756.0,0.987669332112664,42.0,151.0,554.0,258891916,75763904,136409,32,0.0002
1790899758.0,0.985881242221809,39.0,155.0,554.0,258975786,75763904,83870,0,0.0
1790899760.1,0.9795657087273092,40.0,154.0,554.0,259131656,75763904,155870,0,0.0
1790899762.1,0.9705322785987097,40.0,156.0,554.0,259217154,75763904,85498,0,0.0
1790899764.2,0.998176148311328,41.0,156.0,554.0,259250201,75763920,33047,16,0.0005
1790899766.3,0.9837856008697269,40.0,155.0,554.0,259341481,75763920,91280,0,0.0
1790899768.3,0.9982047577495816,41.0,155.0,554.0,259382109,75763920,40628,0,0.0
1790899770.4,0.9833278498576681,39.0,157.0,554.0,259433013,75763920,50904,0,0.0
1790899772.4,0.9988699271889796,41.0,154.0,554.0,259556831,75763920,123818,0,0.0
1790899774.5,0.9821191010914501,41.0,153.0,554.0,259641308,75763920,84477,0,0.0
1790899776.5,0.9844579226686884,42.0,152.0,554.0,259711707,75763920,70399,0,0.0
1790899778.6,0.9846224269386471,43.0,152.0,554.0,259796711,75763920,85004,0,0.0
1790899780.6,0.9920751856037306,43.0,151.0,554.0,259921558,75763920,124847,0,0.0
1790899782.7,0.9950219577438597,43.0,152.0,571.0,259976830,75763920,55272,0,0.0
1790899784.8,0.9920751856037306,43.0,152.0,571.0,260009780,75763920,32950,0,0.0
1790899786.8,0.9971676656128857,44.0,152.0,571.0,260189254,75763920,179474,0,0.0
1790899788.9,0.995401032800721,46.0,150.0,571.0,260362088,75763920,172834,0,0.0
1790899790.9,0.9567854435178165,44.0,149.0,571.0,260518852,75763920,156764,0,0.0
1790899793.0,0.9986839658403307,43.0,149.0,571.0,260764055,75763920,245203,0,0.0
1790899795.0,0.9106455719741943,42.0,153.0,574.0,260764055,75763920,0,0,
1790899797.1,0.9859384610983163,43.0,151.0,574.0,260899372,75763920,135317,0,0.0
1790899799.1,0.9819617491810548,43.0,151.0,574.0,261006841,75763920,107469,0,0.0
1790899801.2,0.9841718282861516,45.0,151.0,574.0,261079337,75763920,72496,0,0.0
1790899803.3,0.9765331082724191,44.0,151.0,574.0,261199987,75763920,120650,0,0.0
1790899805.3,0.9883488062711888,44.0,152.0,574.0,261358094,75763920,158107,0,0.0
1790899807.4,0.9676212682563978,43.0,153.0,610.0,261439687,75763920,81593,0,0.0
1790899809.4,0.9750811792810448,43.0,154.0,610.0,261439687,75763920,0,0,
1790899811.5,0.9744160098416468,45.0,149.0,610.0,261711736,75763936,272049,16,0.0001
1790899813.5,0.9490895046275767,46.0,148.0,610.0,261869741,75763936,158005,0,0.0
1790899815.6,0.9868968772798146,45.0,150.0,610.0,261910435,75763936,40694,0,0.0
1790899817.7,0.9919392907720257,44.0,150.0,610.0,262040580,75763952,130145,16,0.0001
1790899819.7,0.9840573905331369,47.0,148.0,610.0,262224919,75763968,184339,16,0.0001
1790899821.8,0.985609452558399,48.0,147.0,610.0,262260115,75763968,35196,0,0.0
1790899823.8,0.9854234912097501,48.0,148.0,610.0,262293711,75763968,33596,0,0.0
1790899825.9,0.9722703019726208,47.0,148.0,610.0,262352737,75763968,59026,0,0.0
1790899827.9,0.9387471926988713,47.0,148.0,610.0,262428215,75763968,75478,0,0.0
1790899830.0,0.9904945141402148,49.0,146.0,610.0,262579336,75763968,151121,0,0.0
1790899832.1,0.9888852332384453,50.0,143.0,610.0,262668290,75763968,88954,0,0.0
1790899834.1,0.9707182399473586,48.0,145.0,610.0,262810344,75763968,142054,0,0.0
1790899836.2,0.9962092494313874,50.0,146.0,610.0,262896383,75763968,86039,0,0.0
1790899838.2,0.9729426237715822,48.0,146.0,610.0,262997846,75763968,101463,0,0.0
1790899840.3,0.9754817114165963,48.0,148.0,610.0,263113169,75763968,115323,0,0.0
1790899842.3,0.9524225041841303,46.0,148.0,610.0,263184242,75763984,71073,16,0.0002
1790899844.4,0.9849013689616204,48.0,148.0,610.0,263226208,75763984,41966,0,0.0
1790899846.4,0.9828128799691018,46.0,149.0,610.0,263331621,75763984,105413,0,0.0
1790899848.5,0.9889782139127699,46.0,148.0,610.0,263476731,75763984,145110,0,0.0
1790899850.5,0.9989128413463602,44.0,153.0,610.0,263605437,75763984,128706,0,0.0
1790899852.6,0.9640808502725049,44.0,148.0,610.0,263848068,75764032,242631,48,0.0002
1790899854.7,0.9924757177392822,47.0,149.0,610.0,263908132,75764032,60064,0,0.0
1790899856.7,0.9765044988341653,45.0,149.0,610.0,264067001,75764048,158869,16,0.0001
1790899858.8,0.981761483113279,46.0,149.0,610.0,264099664,75764048,32663,0,0.0
1790899860.9,0.991517301557784,47.0,146.0,610.0,264245543,75764080,145879,32,0.0002
1790899862.9,0.986954096156322,47.0,146.0,610.0,264290409,75764080,44866,0,0.0
1790899865.0,0.9861816413234726,46.0,150.0,610.0,264392103,75764080,101694,0,0.0
1790899867.0,0.9955941465089333,44.0,150.0,610.0,264560788,75764080,168685,0,0.0
1790899869.1,0.9837784485101635,44.0,152.0,610.0,264560788,75764080,0,0,
1790899871.1,0.988828014361938,44.0,152.0,610.0,264683427,75764080,122639,0,0.0
1790899873.2,0.973636402649234,45.0,148.0,610.0,264852967,75764096,169540,16,0.0001
1790899875.3,0.9832277168237802,45.0,150.0,610.0,265039395,75764096,186428,0,0.0
1790899877.4,0.9805598867066245,45.0,150.0,610.0,265133958,75764096,94563,0,0.0
1790899879.4,0.9907734561631882,45.0,150.0,610.0,265231604,75764096,97646,0,0.0
1790899881.5,0.9724133491638892,45.0,148.0,610.0,265290252,75764096,58648,0,0.0
1790899883.5,0.9934842004377245,45.0,148.0,610.0,265402850,75764112,112598,16,0.0001
1790899885.6,0.9662051010628406,42.0,150.0,610.0,265579069,75764112,176219,0,0.0
1790899887.7,0.9661335774672064,44.0,149.0,610.0,265772706,75764112,193637,0,0.0
1790899889.7,0.9780708655785544,46.0,147.0,610.0,265831515,75764112,58809,0,0.0
1790899891.8,0.999113107414136,46.0,146.0,610.0,266029039,75764112,197524,0,0.0
1790899893.8,0.9697169096084799,46.0,148.0,610.0,266107621,75764128,78582,16,0.0002
1790899895.9,0.9653182084769766,46.0,148.0,610.0,266146124,75764128,38503,0,0.0
1790899897.9,0.992404194143648,45.0,148.0,610.0,266227158,75764128,81034,0,0.0
1790899900.0,0.9847511694107887,45.0,147.0,610.0,266386105,75764128,158947,0,0.0
1790899902.1,0.9918892242550817,47.0,145.0,610.0,266506951,75764144,120846,16,0.0001
1790899904.1,0.9984050238173573,47.0,146.0,610.0,266557791,75764144,50840,0,0.0
1790899906.2,0.9921109474015478,46.0,147.0,610.0,266611656,75764144,53865,0,0.0
1790899908.2,0.983191955025963,44.0,147.0,610.0,266796385,75764144,184729,0,0.0
1790899910.3,0.9698241950019312,44.0,151.0,610.0,266796385,75764144,0,0,
1790899912.4,0.9654397985895546,43.0,152.0,610.0,266902798,75764144,106413,0,0.0
1790899914.4,0.9572646516085657,42.0,153.0,610.0,266902798,75764144,0,0,
1790899916.5,0.993920494371093,43.0,152.0,610.0,266989772,75764144,86974,0,0.0
1790899918.5,0.9842791136796029,43.0,150.0,610.0,267027884,75764144,38112,0,0.0
1790899920.6,0.9783355028824009,42.0,150.0,610.0,267211498,75764144,183614,0,0.0
1790899922.6,0.9922468422332528,43.0,151.0,610.0,267211498,75764144,0,0,
1790899924.7,0.9909093509948932,42.0,153.0,610.0,267211498,75764144,0,0,
1790899926.8,0.9955512323515527,42.0,152.0,610.0,267379472,75764144,167974,0,0.0
1790899928.8,0.9815683694050668,42.0,151.0,610.0,267464520,75764144,85048,0,0.0
1790899930.9,0.9731214327606678,42.0,152.0,610.0,267522076,75764144,57556,0,0.0
1790899932.9,0.928147395825883,41.0,153.0,610.0,267626475,75764160,104399,16,0.0002
1790899935.0,0.9464288268699844,41.0,153.0,610.0,267626475,75764160,0,0,
1790899937.0,0.9751097887192985,42.0,153.0,610.0,267683104,75764160,56629,0,0.0
1790899939.1,0.9958015649362725,41.0,152.0,610.0,267926079,75764160,242975,0,0.0
1790899941.1,0.9930121447065386,43.0,150.0,610.0,267979192,75764160,53113,0,0.0
1790899943.2,0.9934341339207805,43.0,149.0,610.0,268078925,75764160,99733,0,0.0
1790899945.2,0.9857310426709771,42.0,147.0,610.0,268362348,75764160,283423,0,0.0
1790899947.3,0.9672421931995365,43.0,146.0,610.0,268622170,75764160,259822,0,0.0
1790899949.4,0.9928690975152703,44.0,151.0,610.0,268622170,75764160,0,0,
1790899951.4,0.9965883244882486,44.0,150.0,610.0,268704149,75764160,81979,0,0.0
1790899953.5,0.9802165734475804,42.0,150.0,610.0,268963050,75764160,258901,0,0.0
1790899955.5,0.9884775487433304,41.0,152.0,610.0,269000533,75764160,37483,0,0.0
1790899957.6,0.9931337348191168,39.0,154.0,610.0,269155050,75764160,154517,0,0.0
1790899959.6,0.9966455433647561,40.0,155.0,610.0,269296974,75764176,141924,16,0.0001
1790899961.7,0.9975681977484372,40.0,155.0,610.0,269296974,75764176,0,0,
1790899963.7,0.9830131460368776,39.0,155.0,610.0,269296974,75764176,0,0,
1790899965.8,0.9880341024503984,40.0,155.0,610.0,269424329,75764176,127355,0,0.0
1790899967.8,0.9850229590741986,41.0,153.0,610.0,269577394,75764176,153065,0,0.0
1790899969.9,0.9992990687627848,44.0,150.0,610.0,269835787,75764176,258393,0,0.0
1790899972.0,0.9770194687227316,44.0,149.0,610.0,269923712,75764176,87925,0,0.0
1790899974.0,0.9865678687398973,44.0,149.0,610.0,270150329,75764176,226617,0,0.0
1790899976.1,0.9962593159483314,47.0,147.0,610.0,270244695,75764176,94366,0,0.0
1790899978.1,0.9806886291787661,46.0,148.0,610.0,270279490,75764176,34795,0,0.0
1790899980.2,0.9958730885319067,44.0,149.0,610.0,270482281,75764176,202791,0,0.0
1790899982.2,0.9917318723446865,46.0,148.0,610.0,270637495,75764176,155214,0,0.0
1790899984.3,0.9987554894359649,47.0,147.0,610.0,270720334,75764176,82839,0,0.0
1790899986.4,0.9984550903343012,45.0,148.0,610.0,270899189,75764192,178855,16,0.0001
1790899988.4,0.9935628763929221,46.0,148.0,610.0,270983269,75764192,84080,0,0.0
1790899990.5,0.9815039981689959,46.0,147.0,610.0,271220035,75764192,236766,0,0.0
1790899992.6,0.9799876979415509,46.0,146.0,610.0,271393868,75764192,173833,0,0.0
1790899994.6,0.9887994049236843,47.0,145.0,610.0,271521712,75764192,127844,0,0.0
1790899996.7,0.9748737608537056,46.0,149.0,610.0,271608247,75764192,86535,0,0.0
1790899998.7,0.9918033959403207,46.0,149.0,610.0,271608247,75764192,0,0,
1790900000.8,0.995844479093653,47.0,148.0,610.0,271673326,75764192,65079,0,0.0
1790900002.8,0.9505915001358949,43.0,148.0,610.0,271775449,75764192,102123,0,0.0
1790900004.9,0.981639893000701,44.0,148.0,610.0,271988014,75764192,212565,0,0.0
1790900006.9,0.9767047649019411,46.0,145.0,610.0,272091757,75764192,103743,0,0.0
1790900009.0,0.9868611154819975,46.0,147.0,610.0,272091757,75764192,0,0,
1790900011.1,0.9768692691718998,45.0,147.0,610.0,272151720,75764192,59963,0,0.0
1790900013.1,0.9910667029052884,45.0,148.0,610.0,272253399,75764192,101679,0,0.0
1790900015.2,0.9496616933926503,43.0,148.0,610.0,272357722,75764192,104323,0,0.0
1790900017.2,0.955498018796401,42.0,150.0,610.0,272357722,75764192,0,0,
1790900019.3,0.970146051182285,42.0,151.0,610.0,272357722,75764192,0,0,
1790900021.3,0.9610697068963051,42.0,149.0,610.0,272543700,75764192,185978,0,0.0
1790900023.4,0.9903586193085099,43.0,150.0,610.0,272543700,75764192,0,0,
1790900025.5,0.9743230291673223,42.0,150.0,610.0,272543700,75764192,0,0,
1790900027.5,0.9852875963780451,42.0,151.0,610.0,272678747,75764192,135047,0,0.0
1790900029.6,0.9857596521092309,43.0,148.0,610.0,272868387,75764192,189640,0,0.0
1790900031.6,0.9910166363883445,42.0,149.0,610.0,273027577,75764192,159190,0,0.0
1790900033.7,0.9774414579369735,43.0,149.0,610.0,273067974,75764192,40397,0,0.0
1790900035.7,0.992933468751341,44.0,147.0,610.0,273384817,75764192,316843,0,0.0
1790900037.8,0.9956012988684967,46.0,146.0,610.0,273482209,75764192,97392,0,0.0
1790900039.8,0.9778133806342713,46.0,146.0,610.0,273614843,75764192,132634,0,0.0
1790900041.9,0.9952865950477062,43.0,150.0,610.0,273693434,75764208,78591,16,0.0002
1790900043.9,0.9969387901068563,44.0,150.0,610.0,273693434,75764208,0,0,
1790900046.0,0.995894545610597,44.0,151.0,610.0,273833131,75764224,139697,16,0.0001
1790900048.1,0.975066874561918,43.0,150.0,610.0,273930972,75764240,97841,16,0.0002
1790900050.1,0.9878695981804397,44.0,149.0,610.0,274073868,75764240,142896,0,0.0
1790900052.2,0.9848870642424936,44.0,148.0,610.0,274163067,75764240,89199,0,0.0
1790900054.2,0.9922039280758722,43.0,150.0,610.0,274214217,75764240,51150,0,0.0
1790900056.3,0.9967671334773341,44.0,148.0,610.0,274337634,75764256,123417,16,0.0001
1790900058.3,0.9583947244195861,42.0,148.0,610.0,274410700,75764256,73066,0,0.0
1790900060.4,0.9684509419657545,43.0,149.0,610.0,274579486,75764256,168786,0,0.0
1790900062.4,0.9766976125423777,43.0,149.0,610.0,274727916,75764256,148430,0,0.0
1790900064.5,0.9885133105411475,42.0,152.0,610.0,274869109,75764256,141193,0,0.0
1790900066.6,0.9706681734304147,42.0,151.0,610.0,274963672,75764272,94563,16,0.0002
1790900068.6,0.9853233581758623,42.0,151.0,610.0,274963672,75764272,0,0,
1790900070.7,0.9939848656071638,40.0,153.0,610.0,275044796,75764288,81124,16,0.0002
1790900072.7,0.9618421617291545,41.0,150.0,610.0,275119510,75764288,74714,0,0.0
1790900074.8,0.9458995522622913,40.0,154.0,610.0,275119510,75764288,0,0,
1790900076.9,0.9313731099889854,41.0,153.0,610.0,275375661,75764288,256151,0,0.0
1790900078.9,0.9533594632869383,41.0,154.0,610.0,275375661,75764288,0,0,
1790900081.0,0.9679931909536956,41.0,154.0,610.0,275375661,75764288,0,0,
1790900083.0,0.9789720628835453,41.0,154.0,610.0,275375661,75764288,0,0,
1790900085.1,0.9862960790764873,41.0,154.0,610.0,275375661,75764288,0,0,
1790900087.1,0.995572689430243,42.0,153.0,610.0,275378563,75764288,2902,0,0.0
1790900089.2,0.983871429184488,42.0,153.0,610.0,275419482,75764288,40919,0,0.0
1790900091.2,0.9916961105468695,43.0,150.0,610.0,275642967,75764304,223485,16,0.0001
1790900093.3,0.9753887307422718,42.0,151.0,610.0,275642967,75764304,0,0,
1790900095.4,0.989729211666929,40.0,152.0,610.0,275939845,75764320,296878,16,0.0001
1790900097.4,0.9772197347905074,42.0,152.0,610.0,276051691,75764320,111846,0,0.0
1790900099.5,0.9947573204400132,43.0,151.0,610.0,276192614,75764320,140923,0,0.0
1790900101.5,0.9988341653911625,43.0,151.0,610.0,276231489,75764320,38875,0,0.0
1790900103.6,0.9998569528087315,43.0,152.0,610.0,276231489,75764320,0,0,
1790900105.6,0.9694236628663796,42.0,151.0,610.0,276282217,75764320,50728,0,0.0
1790900107.7,0.9944426166192227,44.0,150.0,610.0,276359990,75764320,77773,0,0.0
1790900109.7,0.967063384210451,43.0,150.0,610.0,276440490,75764320,80500,0,0.0
1790900111.8,0.9960447451614287,44.0,149.0,610.0,276504909,75764320,64419,0,0.0
1790900113.9,0.9852589869397914,43.0,150.0,610.0,276585983,75764320,81074,0,0.0
1790900115.9,0.9989700602228675,44.0,150.0,610.0,276585983,75764320,0,0,
1790900118.0,0.990036763128156,42.0,150.0,610.0,276741792,75764336,155809,16,0.0001
1790900120.0,0.9919750525698428,43.0,150.0,610.0,276807655,75764336,65863,0,0.0
1790900122.1,0.9446192799004391,41.0,152.0,610.0,276869829,75764336,62174,0,0.0
1790900124.1,0.9860600512108945,41.0,153.0,610.0,277084464,75764336,214635,0,0.0
1790900126.2,0.9842934183987297,39.0,154.0,610.0,277184528,75764336,100064,0,0.0
1790900128.2,0.9864820404251362,40.0,154.0,610.0,277227450,75764336,42922,0,0.0
1790900130.3,0.9915029968386571,39.0,154.0,610.0,277325850,75764336,98400,0,0.0
1790900132.3,0.9758035675969502,40.0,153.0,610.0,277359716,75764336,33866,0,0.0
1790900134.4,0.9753029024275108,40.0,153.0,610.0,277431960,75764336,72244,0,0.0
1790900136.5,0.9896219262734777,40.0,154.0,610.0,277431960,75764336,0,0,
1790900138.5,0.9763829087215873,39.0,152.0,610.0,277476645,75764336,44685,0,0.0
1790900140.6,0.9980903199965668,39.0,154.0,610.0,277562991,75764336,86346,0,0.0
1790900142.6,0.9989486031441772,39.0,155.0,610.0,277562991,75764336,0,0,
1790900144.7,0.9974752170741128,39.0,154.0,610.0,277598102,75764336,35111,0,0.0
1790900146.7,0.9984336332556111,39.0,155.0,610.0,277653785,75764336,55683,0,0.0
1790900148.8,0.9462285608022086,38.0,153.0,610.0,277778792,75764336,125007,0,0.0
1790900150.8,0.971898379275323,38.0,155.0,610.0,277778792,75764336,0,0,
1790900152.9,0.9896576880712947,39.0,155.0,610.0,277798660,75764336,19868,0,0.0
1790900155.0,0.9905517330167222,41.0,153.0,610.0,277899405,75764336,100745,0,0.0
1790900157.0,0.9891713276209821,40.0,154.0,610.0,278023335,75764336,123930,0,0.0
1790900159.1,0.9867109159311657,38.0,154.0,610.0,278133150,75764336,109815,0,0.0
1790900161.1,0.9967528287582074,38.0,156.0,610.0,278133150,75764336,0,0,
1790900163.2,0.9593459882415208,38.0,155.0,610.0,278202897,75764336,69747,0,0.0
1790900165.2,0.984980044916818,38.0,155.0,610.0,278202897,75764336,0,0,
1790900167.3,0.9760181383838529,37.0,157.0,610.0,278202897,75764336,0,0,
1790900169.4,0.9835066588467536,37.0,157.0,610.0,278260390,75764336,57493,0,0.0
1790900171.4,0.984364941994364,37.0,157.0,610.0,278260390,75764336,0,0,
1790900173.5,0.98651064986339,37.0,156.0,610.0,278362392,75764336,102002,0,0.0
1790900175.5,0.9867609824481096,37.0,154.0,610.0,278503992,75764336,141600,0,0.0
1790900177.6,0.9576222695867367,37.0,156.0,610.0,278649959,75764336,145967,0,0.0
1790900179.6,0.9722488448939305,37.0,157.0,610.0,278649959,75764336,0,0,
1790900181.7,0.9874547613257614,39.0,155.0,610.0,278670626,75764336,20667,0,0.0
1790900183.7,0.9864963451442631,39.0,154.0,610.0,278772871,75764336,102245,0,0.0
1790900185.8,0.9960232880827385,39.0,154.0,610.0,278882968,75764336,110097,0,0.0
1790900187.8,0.9827985752499749,40.0,153.0,639.0,278966755,75764336,83787,0,0.0
1790900189.9,0.95679259587738,39.0,153.0,639.0,279054198,75764336,87443,0,0.0
1790900192.0,0.9795728610868726,39.0,154.0,639.0,279264877,75764336,210679,0,0.0
1790900194.0,0.9890640422275309,40.0,154.0,639.0,279264877,75764336,0,0,
1790900196.1,0.9613772583575322,39.0,154.0,639.0,279264877,75764336,0,0,
1790900198.1,0.990701932567554,42.0,151.0,639.0,279317226,75764336,52349,0,0.0
1790900200.2,0.9948860629121548,42.0,150.0,639.0,279372161,75764352,54935,16,0.0003
1790900202.2,0.9853448152545525,40.0,153.0,639.0,279555457,75764368,183296,16,0.0001
1790900204.3,0.9922611469523795,41.0,151.0,639.0,279610960,75764368,55503,0,0.0
1790900206.3,0.9853162058162988,40.0,151.0,639.0,279702017,75764368,91057,0,0.0
1790900208.4,0.9814253222137983,42.0,149.0,639.0,279811865,75764368,109848,0,0.0
1790900210.5,0.9928834022343971,41.0,152.0,639.0,279811865,75764368,0,0,
1790900212.5,0.9680861716280201,40.0,152.0,639.0,279937062,75764368,125197,0,0.0
1790900214.6,0.9937202283033173,41.0,152.0,639.0,279937062,75764368,0,0,
1790900216.6,0.9555194758750912,40.0,153.0,639.0,279937062,75764368,0,0,
1790900218.7,0.9981332341539474,40.0,151.0,639.0,280110634,75764368,173572,0,0.0
1790900220.7,0.9795943181655629,39.0,152.0,639.0,280163636,75764384,53002,16,0.0003
1790900222.8,0.943017151358233,38.0,154.0,639.0,280259224,75764384,95588,0,0.0
1790900224.8,0.9686583603930937,38.0,156.0,639.0,280259224,75764384,0,0,
1790900226.9,0.9823122147996624,38.0,156.0,639.0,280259224,75764384,0,0,
1790900229.0,0.9175475989528945,36.0,156.0,639.0,280330379,75764400,71155,16,0.0002
1790900231.0,0.9358504870756863,37.0,157.0,639.0,280333323,75764400,2944,0,0.0
1790900233.1,0.9899652395325218,40.0,153.0,639.0,280488568,75764400,155245,0,0.0
1790900235.1,0.9826054615417626,40.0,152.0,639.0,280528671,75764400,40103,0,0.0
1790900237.2,0.9820332727766891,40.0,152.0,639.0,280576954,75764400,48283,0,0.0
1790900239.3,0.9947930822378303,41.0,152.0,639.0,280654631,75764400,77677,0,0.0
1790900241.3,0.9956871271832578,41.0,152.0,639.0,280654631,75764400,0,0,
1790900243.4,0.9994063541562361,41.0,152.0,639.0,280739429,75764400,84798,0,0.0
1790900245.4,0.9985552233681891,40.0,153.0,639.0,280918856,75764400,179427,0,0.0
1790900247.5,0.9659404637589941,41.0,153.0,639.0,280951651,75764400,32795,0,0.0
1790900249.5,0.9702461842161729,42.0,150.0,639.0,281067013,75764400,115362,0,0.0
1790900251.6,0.9823336718783526,42.0,152.0,639.0,281067013,75764400,0,0,
1790900253.6,0.9832920880598509,42.0,152.0,639.0,281067013,75764400,0,0,
1790900255.7,0.9495544079991989,40.0,152.0,639.0,281159992,75764400,92979,0,0.0
1790900257.8,0.967878753200681,40.0,154.0,639.0,281159992,75764400,0,0,
1790900259.8,0.9926974408857482,42.0,151.0,639.0,281262160,75764400,102168,0,0.0
1790900261.9,0.973636402649234,43.0,149.0,639.0,281436929,75764400,174769,0,0.0
1790900263.9,0.9680432574706396,42.0,150.0,639.0,281436929,75764400,0,0,
1790900266.0,0.9629865392593017,41.0,152.0,639.0,281531053,75764400,94124,0,0.0
1790900268.1,0.9717767891627448,40.0,153.0,639.0,281531053,75764400,0,0,
1790900270.1,0.9937273806628807,41.0,152.0,639.0,281574317,75764400,43264,0,0.0
1790900272.2,0.9711259244424736,41.0,152.0,639.0,281723934,75764400,149617,0,0.0
1790900274.2,0.9749738938875935,41.0,152.0,639.0,281760807,75764400,36873,0,0.0
1790900276.3,0.9583661149813323,42.0,148.0,639.0,281945816,75764400,185009,0,0.0
1790900278.3,0.9832205644642168,42.0,151.0,639.0,281945816,75764400,0,0,
1790900280.4,0.9875119802022687,41.0,153.0,639.0,282056196,75764400,110380,0,0.0
1790900282.5,0.9958373267340895,41.0,153.0,639.0,282056196,75764400,0,0,
1790900284.5,0.97743430557741,41.0,153.0,639.0,282111114,75764416,54918,16,0.0003
1790900286.6,0.9950005006651694,41.0,153.0,639.0,282111114,75764416,0,0,
1790900288.6,0.948925000357618,39.0,154.0,639.0,282265291,75764416,154177,0,0.0
1790900290.7,0.9745089905159712,39.0,154.0,639.0,282265291,75764416,0,0,
1790900292.7,0.9861673366043457,39.0,155.0,639.0,282265291,75764416,0,0,
1790900294.8,0.9883988727881328,39.0,155.0,639.0,282305080,75764416,39789,0,0.0
1790900296.9,0.9578368403736393,38.0,156.0,639.0,282354718,75764416,49638,0,0.0
1790900298.9,0.9886492053728525,40.0,154.0,639.0,282486061,75764416,131343,0,0.0
1790900301.0,0.9858025662666113,40.0,154.0,639.0,282522730,75764416,36669,0,0.0
1790900303.0,0.9862960790764873,40.0,153.0,639.0,282561644,75764416,38914,0,0.0
1790900305.1,0.9948359963952108,39.0,154.0,639.0,282623662,75764432,62018,16,0.0003
1790900307.1,0.9665412619623214,38.0,152.0,639.0,282741735,75764432,118073,0,0.0
1790900309.2,0.9683937230892471,37.0,156.0,639.0,282826682,75764432,84947,0,0.0
1790900311.2,0.9561989500336161,36.0,158.0,639.0,282934369,75764432,107687,0,0.0
1790900313.3,0.9708398300599368,36.0,158.0,639.0,282934369,75764432,0,0,
1790900315.4,0.9806814768192027,36.0,157.0,639.0,282976779,75764432,42410,0,0.0
1790900317.4,0.9850229590741986,36.0,157.0,639.0,283044864,75764432,68085,0,0.0
1790900319.5,0.9763042327663897,35.0,157.0,639.0,283100562,75764432,55698,0,0.0
1790900321.6,0.9770552305205488,35.0,157.0,639.0,283100562,75764432,0,0,
1790900323.6,0.9517215729469152,34.0,157.0,639.0,283310256,75764432,209694,0,0.0
1790900325.7,0.9846438840173373,35.0,158.0,639.0,283310256,75764432,0,0,
1790900327.7,0.9993062211223482,35.0,159.0,639.0,283310256,75764432,0,0,
1790900329.8,0.939762827756877,33.0,157.0,639.0,283486912,75764432,176656,0,0.0
1790900331.8,0.9788075586135866,35.0,159.0,639.0,283564989,75764432,78077,0,0.0
1790900333.9,0.9710043343298954,35.0,158.0,639.0,283564989,75764432,0,0,
1790900335.9,0.9770552305205488,35.0,157.0,639.0,283642072,75764432,77083,0,0.0
1790900338.0,0.9863532979529946,35.0,159.0,639.0,283642072,75764432,0,0,
1790900340.0,0.9654755603873718,35.0,158.0,639.0,283733303,75764432,91231,0,0.0
1790900342.1,0.9393408385426352,35.0,158.0,639.0,283860802,75764432,127499,0,0.0
1790900344.1,0.950441300585063,35.0,158.0,639.0,283860802,75764432,0,0,
1790900346.2,0.9651107900496374,35.0,159.0,639.0,283860802,75764432,0,0,
1790900348.2,0.9940849986410517,36.0,158.0,639.0,283920283,75764432,59481,0,0.0
1790900350.3,0.9835567253636975,36.0,158.0,639.0,283964472,75764432,44189,0,0.0
1790900352.4,0.9698671091593116,36.0,158.0,639.0,284050596,75764432,86124,0,0.0
1790900354.4,0.9556196089089791,35.0,157.0,639.0,284124422,75764432,73826,0,0.0
1790900356.5,0.9875763514383396,37.0,156.0,639.0,284295117,75764448,170695,16,0.0001
1790900358.5,0.9628291873489064,37.0,154.0,639.0,284426022,75764448,130905,0,0.0
1790900360.6,0.9884775487433304,38.0,154.0,639.0,284484182,75764448,58160,0,0.0
1790900362.6,0.9779993419829202,37.0,155.0,639.0,284484182,75764448,0,0,
1790900364.7,0.9749095226515228,35.0,153.0,639.0,284850315,75764464,366133,16,0.0
1790900366.7,0.9861816413234726,37.0,153.0,639.0,284969262,75764480,118947,16,0.0001
1790900368.8,0.9909236557140201,38.0,153.0,639.0,284972196,75764480,2934,0,0.0
1790900370.9,0.9495973221565794,37.0,152.0,639.0,285058673,75764480,86477,0,0.0
1790900372.9,0.9752099217531863,37.0,154.0,639.0,285058673,75764480,0,0,
1790900375.0,0.9800449168180583,36.0,156.0,639.0,285118785,75764480,60112,0,0.0
1790900377.0,0.9218819288483271,36.0,155.0,639.0,285197684,75764480,78899,0,0.0
1790900379.1,0.9150800349035146,36.0,154.0,639.0,285259939,75764480,62255,0,0.0
1790900381.1,0.9406783297809947,36.0,155.0,639.0,285259939,75764480,0,0,
1790900383.2,0.9855093195245112,37.0,154.0,639.0,285365729,75764480,105790,0,0.0
1790900385.3,0.9905660377358491,38.0,151.0,639.0,285460688,75764480,94959,0,0.0
1790900387.3,0.9698098902828043,37.0,152.0,639.0,285606145,75764480,145457,0,0.0
1790900389.4,0.9842719613200395,37.0,153.0,639.0,285606145,75764480,0,0,
1790900391.4,0.9791866336704479,37.0,153.0,639.0,285668103,75764480,61958,0,0.0
1790900393.5,0.9549329823908907,35.0,155.0,639.0,285668103,75764480,0,0,
1790900395.5,0.9952722903285794,37.0,154.0,639.0,285936194,75764480,268091,0,0.0
1790900397.6,0.939083353598352,36.0,156.0,639.0,285936194,75764480,0,0,
1790900399.6,0.9647245626332127,37.0,156.0,639.0,285936194,75764480,0,0,
1790900401.7,0.9586522093638692,38.0,154.0,639.0,286005907,75764480,69713,0,0.0
1790900403.8,0.9941708269558127,38.0,154.0,639.0,286126952,75764480,121045,0,0.0
1790900405.8,0.9868253536841805,38.0,154.0,639.0,286126952,75764480,0,0,
1790900407.9,0.9686869698313474,38.0,153.0,639.0,286225813,75764480,98861,0,0.0
1790900409.9,0.9929906876278485,39.0,152.0,639.0,286261400,75764480,35587,0,0.0
1790900412.0,0.9936844665055001,39.0,152.0,639.0,286299744,75764480,38344,0,0.0
1790900414.0,0.9586593617234326,37.0,154.0,639.0,286369100,75764480,69356,0,0.0
1790900416.1,0.9439326533823509,36.0,156.0,639.0,286369100,75764480,0,0,
1790900418.2,0.9366944655041698,35.0,157.0,639.0,286537362,75764480,168262,0,0.0
1790900420.2,0.9513353455304905,35.0,158.0,639.0,286537362,75764480,0,0,
1790900422.3,0.9623070651007768,35.0,158.0,639.0,286537362,75764480,0,0,
1790900424.3,0.9732859370306264,35.0,158.0,639.0,286537362,75764480,0,0,
1790900426.4,0.9806242579426953,35.0,158.0,639.0,286537362,75764480,0,0,
1790900428.4,0.986768134807673,35.0,158.0,639.0,286537362,75764480,0,0,
1790900430.5,0.9840001716566296,35.0,158.0,639.0,286573100,75764480,35738,0,0.0
1790900432.5,0.9917890912211939,35.0,158.0,639.0,286635655,75764480,62555,0,0.0
1790900434.6,0.9601399001530605,34.0,158.0,639.0,286676255,75764496,40600,16,0.0004
1790900436.7,0.9679002102793711,34.0,159.0,639.0,286676255,75764496,0,0,
1790900438.7,0.9635587280243753,34.0,159.0,639.0,286762186,75764496,85931,0,0.0
1790900440.8,0.9481883073225857,34.0,158.0,639.0,286800672,75764496,38486,0,0.0
1790900442.8,0.9811964467077688,35.0,158.0,639.0,286866143,75764496,65471,0,0.0
1790900444.9,0.9934126768420902,35.0,158.0,639.0,286866143,75764496,0,0,
1790900446.9,0.9696883001702261,35.0,158.0,639.0,286909083,75764496,42940,0,0.0
1790900449.0,0.9661121203885161,36.0,156.0,639.0,287007559,75764496,98476,0,0.0
1790900451.1,0.9899580871729584,36.0,156.0,639.0,287007559,75764496,0,0,
1790900453.1,0.9890854993062211,35.0,158.0,639.0,287007559,75764496,0,0,
1790900455.2,0.9852732916589183,35.0,157.0,639.0,287065115,75764496,57556,0,0.0
1790900457.2,0.976361451642897,34.0,157.0,639.0,287109179,75764496,44064,0,0.0
1790900459.3,0.9637732988112778,33.0,157.0,639.0,287354520,75764496,245341,0,0.0
1790900461.3,0.9820761869340695,33.0,158.0,639.0,287354520,75764496,0,0,
1790900463.4,0.9962450112292045,34.0,158.0,639.0,287400870,75764496,46350,0,0.0
1790900465.4,0.8961119773413249,33.0,158.0,639.0,287451224,75764496,50354,0,0.0
1790900467.5,0.8888809418227073,34.0,158.0,639.0,287531612,75764496,80388,0,0.0
1790900469.6,0.9351066416810906,35.0,158.0,639.0,287630606,75764496,98994,0,0.0
1790900471.6,0.9607120889181341,37.0,156.0,639.0,287749059,75764496,118453,0,0.0
1790900473.7,0.9863890597508118,38.0,155.0,639.0,287749059,75764496,0,0,
1790900475.7,0.9456921338349522,37.0,154.0,639.0,287858594,75764496,109535,0,0.0
1790900477.8,0.9640164790364342,37.0,156.0,639.0,287858594,75764496,0,0,
1790900479.8,0.9765760224297996,37.0,156.0,639.0,287858594,75764496,0,0,
1790900481.9,0.9599753958831019,37.0,155.0,639.0,287978585,75764512,119991,16,0.0001
1790900483.9,0.9872974094153661,37.0,155.0,639.0,288057722,75764512,79137,0,0.0
1790900486.0,0.9897506687456192,39.0,151.0,639.0,288142620,75764512,84898,0,0.0
1790900488.1,0.9902441815554952,38.0,152.0,639.0,288142620,75764512,0,0,
1790900490.1,0.9618063999313373,38.0,151.0,639.0,288293452,75764512,150832,0,0.0
1790900492.2,0.9527586650836111,37.0,152.0,639.0,288394175,75764512,100723,0,0.0
1790900494.2,0.9429098659647818,37.0,155.0,639.0,288394175,75764512,0,0,
1790900496.3,0.9576580313845537,37.0,155.0,639.0,288434354,75764512,40179,0,0.0
1790900498.3,0.9869111819989415,38.0,154.0,639.0,288501125,75764512,66771,0,0.0
1790900500.4,0.9524153518245669,36.0,157.0,639.0,288572013,75764512,70888,0,0.0
1790900502.4,0.9707182399473586,37.0,156.0,639.0,288635674,75764512,63661,0,0.0
1790900504.5,0.9963236871844021,37.0,156.0,639.0,288635674,75764512,0,0,
1790900506.6,0.9909379604331469,37.0,155.0,639.0,288715161,75764512,79487,0,0.0
1790900508.6,0.9955297752728626,37.0,154.0,639.0,288740106,75764512,24945,0,0.0
1790900510.7,0.9777990759151444,37.0,155.0,639.0,288740106,75764512,0,0,
1790900512.7,0.9805670390661879,37.0,155.0,639.0,288797643,75764512,57537,0,0.0
1790900514.8,0.9628792538658504,37.0,155.0,639.0,288857082,75764512,59439,0,0.0
1790900516.9,0.9624572646516085,37.0,154.0,639.0,288933442,75764512,76360,0,0.0
1790900518.9,0.9604116898164704,36.0,155.0,639.0,288933442,75764512,0,0,
1790900521.0,0.9446621940578197,35.0,156.0,639.0,289143923,75764512,210481,0,0.0
1790900523.0,0.9703177078118072,35.0,157.0,639.0,289143923,75764512,0,0,
1790900525.1,0.9849585878381278,35.0,158.0,639.0,289143923,75764512,0,0,
1790900527.1,0.9596749967814382,34.0,158.0,639.0,289143923,75764512,0,0,
1790900529.2,0.9816470453602644,34.0,158.0,639.0,289143923,75764512,0,0,
1790900531.2,0.9926616790879311,34.0,158.0,639.0,289143923,75764512,0,0,
1790900533.3,0.9945427496531105,34.0,158.0,639.0,289200794,75764512,56871,0,0.0
1790900535.3,0.9977899208949033,34.0,158.0,639.0,289249852,75764512,49058,0,0.0
1790900537.4,0.9361437338177865,33.0,158.0,639.0,289303104,75764512,53252,0,0.0
1790900539.5,0.9984908521321184,36.0,157.0,639.0,289470580,75764512,167476,0,0.0
1790900541.5,0.9854377959288769,36.0,157.0,639.0,289507439,75764512,36859,0,0.0
1790900543.6,0.9931122777404265,38.0,153.0,639.0,289740210,75764512,232771,0,0.0
1790900545.6,0.9770909923183658,37.0,154.0,639.0,289740210,75764512,0,0,
1790900547.7,0.9747521707411275,36.0,155.0,639.0,289853503,75764512,113293,0,0.0
1790900549.7,0.973722230963995,36.0,156.0,639.0,289853503,75764512,0,0,
1790900551.8,0.9845509033430129,36.0,156.0,639.0,289911904,75764512,58401,0,0.0
1790900553.9,0.9934484386399073,36.0,157.0,639.0,289949872,75764512,37968,0,0.0
1790900555.9,0.9622140844264523,35.0,156.0,639.0,290019963,75764512,70091,0,0.0
1790900558.0,0.9469581014776774,34.0,155.0,639.0,290081818,75764512,61855,0,0.0
1790900560.0,0.9726136152316649,35.0,157.0,639.0,290121502,75764512,39684,0,0.0
1790900562.1,0.9676713347733418,35.0,157.0,639.0,290184628,75764512,63126,0,0.0
1790900564.1,0.968443789606191,35.0,157.0,639.0,290248256,75764512,63628,0,0.0
1790900566.2,0.9119401490551733,32.0,158.0,639.0,290248256,75764512,0,0,
1790900568.3,0.9448696124851589,34.0,159.0,639.0,290329225,75764512,80969,0,0.0
1790900570.4,0.9462500178808989,36.0,156.0,639.0,290433683,75764512,104458,0,0.0
1790900572.4,0.971848312758379,37.0,156.0,639.0,290469123,75764512,35440,0,0.0
1790900574.5,0.987039924471083,38.0,155.0,639.0,290582756,75764512,113633,0,0.0
1790900576.5,0.9971032943768149,38.0,155.0,639.0,290582756,75764512,0,0,
1790900578.6,0.9715836754545325,38.0,154.0,639.0,290737470,75764512,154714,0,0.0
1790900580.6,0.9761039666986139,38.0,153.0,639.0,290737470,75764512,0,0,
1790900582.7,0.9756033015291745,37.0,153.0,639.0,290737470,75764512,0,0,
1790900584.7,0.9688586264608694,38.0,154.0,639.0,290859021,75764512,121551,0,0.0
1790900586.8,0.9775773527686784,38.0,153.0,639.0,290859021,75764512,0,0,
1790900588.9,0.9015048564521435,37.0,154.0,639.0,290979957,75764512,120936,0,0.0
1790900590.9,0.9271174560487505,38.0,155.0,639.0,291093970,75764528,114013,16,0.0001
1790900593.0,0.9348992232537514,38.0,154.0,639.0,291093970,75764528,0,0,
1790900595.0,0.9614201725149126,39.0,154.0,639.0,291136362,75764528,42392,0,0.0
1790900597.1,0.9703105554522437,39.0,154.0,639.0,291240497,75764528,104135,0,0.0
1790900599.2,0.9849371307594376,39.0,154.0,639.0,291240497,75764528,0,0,
1790900601.2,0.9292846209964667,38.0,153.0,639.0,291279258,75764528,38761,0,0.0
1790900603.3,0.9622641509433962,40.0,153.0,639.0,291392659,75764528,113401,0,0.0
1790900605.3,0.9868968772798146,41.0,152.0,639.0,291392659,75764528,0,0,
1790900607.4,0.9854592530075672,41.0,152.0,639.0,291453920,75764528,61261,0,0.0
1790900609.5,0.9828772512051726,41.0,152.0,639.0,291509107,75764528,55187,0,0.0
1790900611.5,0.9921681662780552,41.0,152.0,639.0,291549436,75764528,40329,0,0.0
1790900613.6,0.971047248487276,40.0,152.0,639.0,291590575,75764528,41139,0,0.0
1790900615.6,0.9790721959174331,40.0,153.0,639.0,291590575,75764528,0,0,
1790900617.7,0.9039581157823966,37.0,154.0,639.0,291861136,75764528,270561,0,0.0
1790900619.7,0.9186347576065343,37.0,155.0,639.0,291861136,75764528,0,0,
1790900621.8,0.9442473572031413,38.0,154.0,639.0,291861136,75764528,0,0,
1790900623.9,0.9735791837727267,39.0,154.0,639.0,291861136,75764528,0,0,
1790900625.9,0.9881986067203571,39.0,154.0,639.0,291861136,75764528,0,0,
1790900628.0,0.9998283433704779,39.0,154.0,639.0,291861136,75764528,0,0,
1790900630.0,0.9719913599496474,37.0,155.0,641.0,291861136,75764528,0,0,
1790900632.1,0.981761483113279,37.0,155.0,641.0,291955063,75764528,93927,0,0.0
1790900634.1,0.99642382021829,37.0,156.0,641.0,291955063,75764528,0,0,
1790900636.2,0.9721344071409158,36.0,155.0,641.0,292005942,75764528,50879,0,0.0
1790900638.2,0.9844436179495616,36.0,156.0,641.0,292005942,75764528,0,0,
1790900640.3,0.977791923555581,36.0,155.0,641.0,292048947,75764528,43005,0,0.0
1790900642.3,0.970603802194344,36.0,155.0,641.0,292093479,75764528,44532,0,0.0
1790900644.4,0.9756676727652452,36.0,157.0,641.0,292255043,75764528,161564,0,0.0
1790900646.4,0.981453931652052,36.0,157.0,641.0,292255043,75764528,0,0,
1790900648.5,0.9467935972077188,35.0,156.0,641.0,292255043,75764528,0,0,
1790900650.6,0.9365728753915917,34.0,158.0,641.0,292255043,75764528,0,0,
1790900652.6,0.9548757635143834,35.0,157.0,641.0,292296001,75764528,40958,0,0.0
1790900654.7,0.9641523738681391,35.0,158.0,641.0,292296001,75764528,0,0,
1790900656.7,0.947852146423105,35.0,157.0,641.0,292391063,75764544,95062,16,0.0002
1790900658.8,0.9624715693707354,35.0,158.0,641.0,292391063,75764544,0,0,
1790900660.8,0.9205015234525871,34.0,157.0,641.0,292461661,75764544,70598,0,0.0
1790900662.9,0.9461427324874476,35.0,158.0,641.0,292501324,75764544,39663,0,0.0
1790900664.9,0.9754387972592158,36.0,157.0,641.0,292580649,75764544,79325,0,0.0
1790900667.0,0.9580514111605418,36.0,156.0,641.0,292649048,75764560,68399,16,0.0002
1790900669.1,0.9836997725549659,37.0,155.0,641.0,292689216,75764560,40168,0,0.0
1790900671.1,0.991331340209135,37.0,154.0,641.0,292727919,75764560,38703,0,0.0
1790900673.2,0.976804897935829,36.0,154.0,641.0,292793451,75764560,65532,0,0.0
1790900675.2,0.9832205644642168,36.0,156.0,641.0,292853627,75764560,60176,0,0.0
1790900677.3,0.9905588853762857,36.0,156.0,641.0,292895175,75764560,41548,0,0.0
1790900679.3,0.9617205716165763,35.0,155.0,641.0,293030020,75764560,134845,0,0.0
1790900681.4,0.9800091550202412,35.0,156.0,641.0,293030020,75764560,0,0,
1790900683.5,0.949196790021028,34.0,157.0,641.0,293030020,75764560,0,0,
1790900685.5,0.9643740970146051,35.0,157.0,641.0,293121607,75764560,91587,0,0.0
1790900687.6,0.9602686426252021,34.0,158.0,641.0,293121607,75764560,0,0,
1790900689.6,0.9687513410674181,34.0,157.0,641.0,293218188,75764560,96581,0,0.0
1790900691.7,0.9653682749939205,33.0,159.0,641.0,293218188,75764560,0,0,
1790900693.7,0.9910023316692177,34.0,159.0,641.0,293276635,75764576,58447,16,0.0003
1790900695.8,0.9945713590913643,34.0,159.0,641.0,293316522,75764576,39887,0,0.0
1790900697.8,0.9825625473843821,34.0,158.0,641.0,293348758,75764576,32236,0,0.0
1790900699.9,0.977741857038637,34.0,159.0,641.0,293388470,75764576,39712,0,0.0
1790900702.0,0.9851159397485231,34.0,159.0,641.0,293388470,75764576,0,0,
1790900704.0,0.991996509648533,34.0,158.0,641.0,293452458,75764592,63988,16,0.0003
1790900706.1,0.995708584261948,34.0,159.0,641.0,293452458,75764592,0,0,
1790900708.1,0.9752385311914401,34.0,158.0,641.0,293541480,75764592,89022,0,0.0
1790900710.2,0.9320525841475102,33.0,159.0,641.0,293639982,75764592,98502,0,0.0
1790900712.2,0.9466863118142675,33.0,160.0,641.0,293639982,75764592,0,0,
1790900714.3,0.9391977913513668,33.0,160.0,641.0,293716737,75764592,76755,0,0.0
1790900716.3,0.9612056017280101,34.0,159.0,641.0,293796523,75764608,79786,16,0.0002
1790900718.4,0.9868038966054902,34.0,159.0,641.0,293796523,75764608,0,0,
1790900720.4,0.9954081851602844,34.0,159.0,641.0,293796523,75764608,0,0,
1790900722.5,0.9810533995165005,34.0,158.0,641.0,293836256,75764608,39733,0,0.0
1790900724.6,0.9412147567482513,33.0,156.0,641.0,293911359,75764608,75103,0,0.0
1790900726.6,0.9595462543092966,34.0,156.0,641.0,293968341,75764608,56982,0,0.0
1790900728.7,0.9846295792982105,34.0,159.0,641.0,293968341,75764608,0,0,
1790900730.7,0.9614630866722932,34.0,158.0,641.0,294053298,75764608,84957,0,0.0
1790900732.8,0.9422303918062569,33.0,158.0,641.0,294053298,75764608,0,0,
1790900734.9,0.9569571001473386,33.0,160.0,641.0,294132260,75764608,78962,0,0.0
1790900736.9,0.9789291487261648,34.0,159.0,641.0,294176511,75764608,44251,0,0.0
1790900739.0,0.970417840845695,35.0,158.0,641.0,294252821,75764608,76310,0,0.0
1790900741.0,0.9997210579770266,36.0,157.0,641.0,294306812,75764608,53991,0,0.0
1790900743.1,0.9753315118657645,35.0,157.0,641.0,294468099,75764608,161287,0,0.0
1790900745.1,0.9991631739310799,36.0,157.0,641.0,294468099,75764608,0,0,
1790900747.2,1.0,36.0,157.0,641.0,294468099,75764608,0,0,
1790900749.3,0.957679488463244,35.0,157.0,677.0,294550997,75764608,82898,0,0.0
1790900751.3,0.9759680718669089,35.0,157.0,677.0,294550997,75764608,0,0,
1790900753.4,0.957679488463244,35.0,156.0,677.0,294604800,75764608,53803,0,0.0
1790900755.4,0.9705966498347804,36.0,156.0,677.0,294653924,75764608,49124,0,0.0
1790900757.5,0.9904015334658904,37.0,155.0,677.0,294692337,75764608,38413,0,0.0
1790900759.5,0.9710758579255296,36.0,155.0,677.0,294749742,75764624,57405,16,0.0003
1790900761.6,0.9563276925057577,36.0,155.0,677.0,294812543,75764624,62801,0,0.0
1790900763.6,0.9808817428869784,36.0,157.0,677.0,294812543,75764624,0,0,
1790900765.7,0.9794727280529847,36.0,155.0,677.0,294913243,75764624,100700,0,0.0
1790900767.8,0.9920894903228575,35.0,157.0,677.0,294993431,75764624,80188,0,0.0
1790900769.8,0.9782496745676399,36.0,156.0,677.0,295121265,75764624,127834,0,0.0
1790900771.9,0.9858740898622456,36.0,156.0,677.0,295121265,75764624,0,0,
1790900773.9,0.9573433275637633,35.0,156.0,677.0,295121265,75764624,0,0,
1790900776.0,0.9866608494142217,36.0,155.0,677.0,295195490,75764624,74225,0,0.0
1790900778.0,0.9704035361265682,37.0,156.0,677.0,295364125,75764624,168635,0,0.0
1790900780.1,0.9960447451614287,37.0,156.0,677.0,295364125,75764624,0,0,
1790900782.2,0.9695166435407041,36.0,156.0,677.0,295364125,75764624,0,0,
1790900784.2,0.9100018596134865,34.0,157.0,677.0,295364125,75764624,0,0,
1790900786.3,0.923040611097601,34.0,156.0,677.0,295468503,75764624,104378,0,0.0
1790900788.3,0.9377172529217389,34.0,157.0,677.0,295468503,75764624,0,0,
1790900790.4,0.9132776402935329,35.0,157.0,677.0,295530202,75764640,61699,16,0.0003
1790900792.4,0.9102378874790793,35.0,157.0,677.0,295726498,75764640,196296,0,0.0
1790900794.5,0.9432174174260088,37.0,156.0,677.0,295726498,75764640,0,0,
1790900796.6,0.9526370749710329,37.0,155.0,677.0,295726498,75764640,0,0,
1790900798.6,0.9192212510907348,37.0,153.0,677.0,295868720,75764640,142222,0,0.0
1790900800.7,0.9448481554064686,37.0,155.0,677.0,295868720,75764640,0,0,
1790900802.7,0.9595104925114796,37.0,155.0,677.0,295868720,75764640,0,0,
1790900804.8,0.970060222867524,37.0,155.0,677.0,295932516,75764640,63796,0,0.0
1790900806.8,0.9743230291673223,37.0,155.0,677.0,295932516,75764640,0,0,
1790900808.9,0.9398343513525111,36.0,157.0,677.0,296096919,75764640,164403,0,0.0
1790900811.0,0.9581372394753029,36.0,157.0,677.0,296096919,75764640,0,0,
1790900813.1,0.969123263764716,36.0,157.0,677.0,296096919,75764640,0,0,
1790900815.1,0.9800878309754388,36.0,157.0,677.0,296096919,75764640,0,0,
1790900817.2,0.991109617062669,36.0,157.0,677.0,296096919,75764640,0,0,
1790900819.3,0.9582302201496273,36.0,156.0,677.0,296137237,75764640,40318,0,0.0
1790900821.3,0.9720485788261547,36.0,155.0,677.0,296174819,75764640,37582,0,0.0
1790900823.4,0.9733574606262606,36.0,154.0,677.0,296264588,75764656,89769,16,0.0002
1790900825.5,0.9880197977312716,36.0,154.0,677.0,296264588,75764656,0,0,
1790900827.6,0.9870542291902098,36.0,156.0,677.0,296350840,75764656,86252,0,0.0
1790900829.7,0.96890154061825,36.0,157.0,677.0,296415472,75764656,64632,0,0.0
1790900831.7,0.9889567568340796,35.0,157.0,677.0,296415472,75764656,0,0,
1790900833.8,0.967335173873861,35.0,158.0,678.0,296415472,75764656,0,0,
1790900835.9,0.9727352053442431,35.0,157.0,678.0,296490469,75764656,74997,0,0.0
1790900837.9,0.9659905302759381,35.0,157.0,678.0,296562426,75764656,71957,0,0.0
1790900840.0,0.9879697312143276,35.0,157.0,678.0,296562426,75764656,0,0,
1790900842.1,0.9273320268356531,33.0,157.0,678.0,296562426,75764656,0,0,
1790900844.1,0.9566423963265481,34.0,157.0,678.0,296649855,75764656,87429,0,0.0
1790900846.2,0.9667772898279142,34.0,159.0,678.0,296649855,75764656,0,0,
1790900848.3,0.9503268628320483,34.0,159.0,678.0,296726276,75764656,76421,0,0.0
1790900850.4,0.9759680718669089,35.0,158.0,678.0,296769000,75764656,42724,0,0.0
1790900852.4,0.9996638391005193,36.0,157.0,678.0,296808336,75764656,39336,0,0.0
1790900854.5,0.9597751298153261,35.0,157.0,678.0,296867585,75764656,59249,0,0.0
1790900856.5,0.992354127626704,37.0,155.0,678.0,296937990,75764656,70405,0,0.0
1790900858.6,0.9880197977312716,37.0,155.0,678.0,296987334,75764656,49344,0,0.0
1790900860.7,0.989049737508404,37.0,155.0,678.0,296987334,75764656,0,0,
1790900862.7,0.971404866465447,37.0,155.0,678.0,297040818,75764656,53484,0,0.0
1790900864.8,0.9690588925286452,37.0,155.0,678.0,297083094,75764656,42276,0,0.0
1790900866.8,0.9847440170512252,37.0,156.0,678.0,297083094,75764656,0,0,
1790900868.9,0.9531091307022187,36.0,156.0,678.0,297170019,75764656,86925,0,0.0
1790900870.9,0.9714263235441372,37.0,156.0,678.0,297228735,75764656,58716,0,0.0
1790900873.0,0.9740226300656587,37.0,156.0,678.0,297275723,75764656,46988,0,0.0
1790900875.1,0.9765402606319825,36.0,157.0,678.0,297275723,75764656,0,0,
1790900877.1,0.9891498705422919,37.0,156.0,678.0,297348161,75764656,72438,0,0.0
1790900879.2,0.9741442201782368,36.0,156.0,678.0,297395828,75764656,47667,0,0.0
1790900881.2,0.9785357689501767,36.0,156.0,678.0,297454463,75764656,58635,0,0.0
1790900883.3,0.9770051640036048,36.0,156.0,678.0,297498158,75764656,43695,0,0.0
1790900885.3,0.9724848727595233,36.0,155.0,678.0,297556123,75764672,57965,16,0.0003
1790900887.4,0.9345058434777633,35.0,156.0,678.0,297617754,75764672,61631,0,0.0
1790900889.5,0.9601399001530605,36.0,156.0,678.0,297642829,75764672,25075,0,0.0
1790900891.5,0.9931122777404265,37.0,156.0,678.0,297736947,75764672,94118,0,0.0
1790900893.6,0.9631438911696969,34.0,158.0,678.0,297736947,75764672,0,0,
1790900895.6,0.9661693392650236,35.0,157.0,678.0,297776957,75764672,40010,0,0.0
1790900897.7,0.9722989114108744,35.0,158.0,678.0,297891485,75764672,114528,0,0.0
1790900899.7,0.986954096156322,35.0,158.0,678.0,297891485,75764672,0,0,
1790900901.8,0.9575292889124122,34.0,159.0,678.0,297891485,75764672,0,0,
1790900903.8,0.9404566066345287,34.0,158.0,678.0,298108558,75764672,217073,0,0.0
1790900905.9,0.9587594947573205,34.0,159.0,678.0,298108558,75764672,0,0,
1790900907.9,0.9530447594661479,34.0,159.0,678.0,298108558,75764672,0,0,
1790900910.0,0.9601041383552434,33.0,159.0,678.0,298108558,75764672,0,0,
1790900912.0,0.9309797302129973,32.0,160.0,678.0,298163419,75764672,54861,0,0.0
1790900914.1,0.9529589311513869,33.0,160.0,678.0,298213128,75764672,49709,0,0.0
1790900916.2,0.9859241563791895,34.0,159.0,678.0,298280329,75764672,67201,0,0.0
1790900918.2,0.9742944197290686,34.0,158.0,678.0,298330468,75764672,50139,0,0.0
1790900920.3,0.9765545653511093,34.0,158.0,678.0,298402490,75764672,72022,0,0.0
1790900922.3,0.9978829015692277,34.0,159.0,678.0,298402490,75764672,0,0,
1790900924.4,0.9913027307708813,34.0,159.0,678.0,298428493,75764672,26003,0,0.0
1790900926.5,0.9623714363368475,35.0,157.0,678.0,298496879,75764672,68386,0,0.0
1790900928.5,0.9706753257899781,35.0,158.0,678.0,298600449,75764672,103570,0,0.0
1790900930.6,0.978285436365457,34.0,159.0,678.0,298600449,75764672,0,0,
1790900932.6,0.9882772826755547,34.0,159.0,678.0,298600449,75764672,0,0,
1790900934.7,0.9823765860357332,34.0,159.0,678.0,298660457,75764672,60008,0,0.0
1790900936.7,0.9797302129972678,33.0,160.0,678.0,298660457,75764672,0,0,
1790900938.8,0.9853805770523696,34.0,159.0,678.0,298722952,75764672,62495,0,0.0
1790900940.9,0.9723489779278184,35.0,158.0,678.0,298807010,75764672,84058,0,0.0
1790900942.9,0.899402062740498,34.0,158.0,678.0,298873653,75764672,66643,0,0.0
1790900945.0,0.9213812636788876,35.0,158.0,678.0,298937447,75764672,63794,0,0.0
1790900947.0,0.9470296250733117,36.0,158.0,678.0,298974450,75764672,37003,0,0.0
1790900949.1,0.9498190453030455,36.0,157.0,678.0,299085739,75764672,111289,0,0.0
1790900951.1,0.9754817114165963,37.0,157.0,678.0,299085739,75764672,0,0,
1790900953.2,0.9626074642024404,36.0,157.0,678.0,299154669,75764672,68930,0,0.0
1790900955.2,0.9660191397141917,36.0,158.0,678.0,299208515,75764672,53846,0,0.0
1790900957.3,0.9697598237658603,35.0,158.0,678.0,299208515,75764672,0,0,
1790900959.4,0.978507159511923,35.0,158.0,678.0,299279248,75764672,70733,0,0.0
1790900961.4,0.9705680403965268,36.0,156.0,678.0,299362568,75764672,83320,0,0.0
1790900963.5,0.9668058992661679,35.0,157.0,678.0,299412742,75764672,50174,0,0.0
1790900965.5,0.9714334759037007,35.0,157.0,678.0,299412742,75764672,0,0,
1790900967.6,0.9609409644241635,34.0,158.0,678.0,299527438,75764672,114696,0,0.0
1790900969.6,0.9756176062483013,34.0,158.0,678.0,299527438,75764672,0,0,
1790900971.7,0.986596478178151,34.0,160.0,678.0,299527438,75764672,0,0,
1790900973.7,0.987533437280959,34.0,160.0,678.0,299527438,75764672,0,0,
1790900975.8,0.9732072610754288,33.0,161.0,678.0,299608138,75764672,80700,0,0.0
1790900977.8,0.987483370764015,33.0,161.0,678.0,299608138,75764672,0,0,
1790900979.9,0.9814682363711789,33.0,161.0,678.0,299647759,75764672,39621,0,0.0
1790900982.0,0.9387614974179982,32.0,161.0,678.0,299707118,75764672,59359,0,0.0
1790900984.0,0.9644098588124222,33.0,161.0,678.0,299752459,75764672,45341,0,0.0
1790900986.1,0.9284692520062369,31.0,162.0,678.0,299752459,75764672,0,0,
1790900988.1,0.9254867180682907,31.0,162.0,678.0,299922159,75764672,169700,0,0.0
1790900990.2,0.9438182156293361,31.0,163.0,678.0,299922159,75764672,0,0,
1790900992.2,0.9548328493570029,31.0,163.0,678.0,299922159,75764672,0,0,
1790900994.3,0.9621497131903816,31.0,163.0,678.0,299922159,75764672,0,0,
1790900996.3,0.9731357374797945,31.0,163.0,678.0,299922159,75764672,0,0,
1790900998.4,0.9914243208834594,32.0,162.0,678.0,299964106,75764672,41947,0,0.0
1790901000.5,0.9619065329652252,31.0,161.0,678.0,300005878,75764672,41772,0,0.0
1790901002.5,0.9796729941207605,32.0,162.0,678.0,300043718,75764672,37840,0,0.0
1790901004.6,0.9860600512108945,32.0,162.0,678.0,300103161,75764672,59443,0,0.0
1790901006.6,0.9877480080678616,32.0,162.0,678.0,300103161,75764672,0,0,
1790901008.7,0.9625073311685525,31.0,163.0,678.0,300103161,75764672,0,0,
1790901010.7,0.9225900124451056,31.0,162.0,678.0,300291365,75764672,188204,0,0.0
1790901012.8,0.9445549086643684,31.0,162.0,678.0,300291365,75764672,0,0,
1790901014.8,0.9262806299798303,31.0,163.0,678.0,300291365,75764672,0,0,
1790901016.9,0.9409501194444048,31.0,163.0,678.0,300291365,75764672,0,0,
1790901018.9,0.9555981518302888,32.0,162.0,678.0,300332871,75764672,41506,0,0.0
1790901021.0,0.9415580700072954,32.0,161.0,678.0,300374222,75764672,41351,0,0.0
1790901023.1,0.9745161428755347,34.0,160.0,678.0,300477134,75764672,102912,0,0.0
1790901025.1,0.9923398229075772,34.0,160.0,678.0,300477134,75764672,0,0,
1790901027.2,0.9847654741299154,34.0,159.0,678.0,300554904,75764672,77770,0,0.0
1790901029.2,0.9617134192570129,34.0,158.0,678.0,300601371,75764672,46467,0,0.0
1790901031.3,0.9505414336189509,34.0,157.0,678.0,300654889,75764672,53518,0,0.0
1790901033.3,0.9822693006422819,36.0,156.0,678.0,300696473,75764672,41584,0,0.0
1790901035.4,0.9890139757105869,36.0,155.0,678.0,300758069,75764672,61596,0,0.0
1790901037.4,0.9714549329823909,36.0,156.0,678.0,300801468,75764672,43399,0,0.0
1790901039.5,0.9804812107514269,36.0,156.0,678.0,300801468,75764672,0,0,
1790901041.6,0.9793511379404065,36.0,157.0,678.0,300858113,75764672,56645,0,0.0
1790901043.6,0.9806600197405124,37.0,156.0,678.0,300946424,75764672,88311,0,0.0
1790901045.7,0.9987268799977113,37.0,156.0,678.0,300946424,75764672,0,0,
1790901047.7,0.9693950534281259,36.0,156.0,678.0,300946424,75764672,0,0,
1790901049.8,0.966212253422404,36.0,156.0,678.0,301019650,75764672,73226,0,0.0
1790901051.9,0.9918820718955184,37.0,156.0,678.0,301058883,75764672,39233,0,0.0
1790901053.9,0.9954153375198478,37.0,156.0,678.0,301058883,75764672,0,0,
1790901056.0,0.9186061481682807,36.0,156.0,678.0,301132792,75764672,73909,0,0.0
1790901058.0,0.9405925014662337,37.0,156.0,678.0,301198661,75764672,65869,0,0.0
1790901060.1,0.9340123306678874,36.0,156.0,678.0,301198661,75764672,0,0,
1790901062.2,0.9633441572374727,37.0,155.0,678.0,301303229,75764672,104568,0,0.0
1790901064.2,0.9779778849042299,37.0,156.0,678.0,301303229,75764672,0,0,
1790901066.3,0.9819832062597451,37.0,156.0,678.0,301303229,75764672,0,0,
1790901068.3,0.9668416610639851,37.0,155.0,678.0,301346648,75764672,43419,0,0.0
1790901070.4,0.9340051783083239,37.0,155.0,678.0,301507849,75764672,161201,0,0.0
1790901072.4,0.9559557698084598,37.0,155.0,678.0,301507849,75764672,0,0,
1790901074.5,0.9529589311513869,36.0,156.0,678.0,301507849,75764672,0,0,
1790901076.5,0.9712975810719957,37.0,156.0,678.0,301567481,75764672,59632,0,0.0
1790901078.6,0.98651064986339,37.0,156.0,678.0,301567481,75764672,0,0,
1790901080.6,0.9928547927961434,37.0,156.0,678.0,301614024,75764672,46543,0,0.0
1790901082.7,0.9707182399473586,35.0,157.0,678.0,301614024,75764672,0,0,
1790901084.8,0.9825696997439455,35.0,157.0,678.0,301692980,75764672,78956,0,0.0
1790901086.8,0.9803953824366659,35.0,157.0,678.0,301733859,75764672,40879,0,0.0
1790901088.9,0.9540389374454633,35.0,158.0,678.0,301774102,75764672,40243,0,0.0
1790901090.9,0.9869970103137025,37.0,156.0,678.0,301856366,75764672,82264,0,0.0
1790901093.0,0.9321241077431445,35.0,156.0,678.0,301929257,75764672,72891,0,0.0
1790901095.0,0.9541676799176049,36.0,155.0,678.0,301971428,75764672,42171,0,0.0
1790901097.1,0.9870756862689001,37.0,155.0,678.0,302007799,75764672,36371,0,0.0
1790901099.1,0.9846796458151544,39.0,153.0,678.0,302087824,75764672,80025,0,0.0
1790901101.2,0.9989128413463602,38.0,154.0,678.0,302087824,75764672,0,0,
1790901103.3,0.9997782768535339,38.0,155.0,678.0,302087824,75764672,0,0,
1790901105.3,0.9716337419714763,38.0,153.0,678.0,302188989,75764672,101165,0,0.0
1790901107.4,0.9952436808903257,38.0,154.0,678.0,302188989,75764672,0,0,
1790901109.4,0.9956442130258772,39.0,152.0,678.0,302311702,75764672,122713,0,0.0
1790901111.5,0.9810605518760639,38.0,154.0,678.0,302311702,75764672,0,0,
1790901113.5,0.9675855064585807,39.0,153.0,678.0,302357733,75764672,46031,0,0.0
1790901115.6,0.9872330381792953,40.0,152.0,678.0,302360656,75764672,2923,0,0.0
1790901117.6,0.9932696296508218,40.0,152.0,678.0,302414109,75764672,53453,0,0.0
1790901119.7,0.9688729311799963,39.0,151.0,678.0,302498293,75764672,84184,0,0.0
1790901121.8,0.9908592844779492,39.0,153.0,678.0,302498293,75764672,0,0,
1790901123.8,0.9977970732544666,39.0,154.0,678.0,302545446,75764672,47153,0,0.0
1790901125.9,0.9754674066974695,38.0,155.0,678.0,302545446,75764672,0,0,
1790901127.9,0.9569356430686483,38.0,155.0,678.0,302615038,75764672,69592,0,0.0
1790901130.0,0.9590527414994207,39.0,154.0,678.0,302697409,75764672,82371,0,0.0
1790901132.0,0.9883631109903157,40.0,153.0,678.0,302799915,75764672,102506,0,0.0
1790901134.1,0.984672493455591,40.0,153.0,678.0,302799915,75764672,0,0,
1790901136.1,0.9526013131732158,39.0,153.0,678.0,302840560,75764672,40645,0,0.0
1790901138.2,0.9818473114280402,40.0,152.0,678.0,302921084,75764688,80524,16,0.0002
1790901140.3,0.9890568898679675,40.0,153.0,678.0,302921084,75764688,0,0,
1790901142.3,0.9586522093638692,39.0,153.0,678.0,303095677,75764688,174593,0,0.0
1790901144.4,0.925594003461742,39.0,152.0,678.0,303095677,75764688,0,0,
1790901146.5,0.9512995837326734,39.0,154.0,678.0,303095677,75764688,0,0,
1790901148.6,0.928319052455405,37.0,154.0,678.0,303095677,75764688,0,0,
1790901150.7,0.9576008125080464,39.0,154.0,678.0,303154626,75764688,58949,0,0.0
1790901152.7,0.9432460268642625,39.0,152.0,678.0,303364650,75764688,210024,0,0.0
1790901154.8,0.96559715049995,38.0,155.0,678.0,303364650,75764688,0,0,
1790901156.9,0.9792510049065186,38.0,155.0,678.0,303364650,75764688,0,0,
1790901159.0,0.9646888008353955,38.0,154.0,678.0,303364650,75764688,0,0,
1790901161.0,0.9903800763872002,38.0,155.0,678.0,303364650,75764688,0,0,
1790901163.1,0.966484043085814,38.0,154.0,678.0,303463936,75764688,99286,0,0.0
1790901165.2,0.9892571559357431,38.0,154.0,678.0,303463936,75764688,0,0,
1790901167.2,0.9852661392993548,38.0,154.0,678.0,303508833,75764688,44897,0,0.0
1790901169.3,0.955362123964696,37.0,155.0,678.0,303610718,75764688,101885,0,0.0
1790901171.4,0.9883631109903157,38.0,155.0,678.0,303650014,75764688,39296,0,0.0
1790901173.4,0.9792367001873918,39.0,154.0,678.0,303707380,75764704,57366,16,0.0003
1790901175.5,0.9742372008525613,39.0,153.0,678.0,303766747,75764720,59367,16,0.0003
1790901177.5,0.9744660763585907,39.0,153.0,678.0,303816368,75764720,49621,0,0.0
1790901179.6,0.9095870227588081,36.0,153.0,678.0,303879158,75764720,62790,0,0.0
1790901181.6,0.9352282317936688,37.0,153.0,678.0,303976565,75764720,97407,0,0.0
1790901183.7,0.9535168151973336,37.0,154.0,678.0,303976565,75764720,0,0,
1790901185.7,0.9792009383895747,38.0,153.0,678.0,304034765,75764720,58200,0,0.0
1790901187.8,0.9880698642482155,38.0,154.0,678.0,304089023,75764720,54258,0,0.0
1790901189.8,0.9774843720943539,38.0,155.0,678.0,304125533,75764720,36510,0,0.0
1790901191.9,0.9524654183415109,38.0,154.0,678.0,304226256,75764720,100723,0,0.0
1790901194.0,0.970775458823866,38.0,155.0,678.0,304226256,75764720,0,0,
1790901196.0,0.9705394309582731,38.0,154.0,678.0,304272966,75764720,46710,0,0.0
1790901198.1,0.9505128241806973,38.0,155.0,678.0,304382009,75764720,109043,0,0.0
1790901200.2,0.9724562633212697,38.0,156.0,678.0,304382009,75764720,0,0,
1790901202.2,0.9662480152202212,37.0,156.0,678.0,304382009,75764720,0,0,
1790901204.3,0.9718197033201253,38.0,155.0,678.0,304463323,75764720,81314,0,0.0
1790901206.3,0.9477162515914,37.0,155.0,678.0,304545280,75764720,81957,0,0.0
1790901208.4,0.9733216988284435,37.0,156.0,678.0,304545280,75764720,0,0,
1790901210.5,0.9962950777461484,38.0,156.0,678.0,304579551,75764720,34271,0,0.0
1790901212.5,0.98073869569571,38.0,156.0,678.0,304729281,75764720,149730,0,0.0
1790901214.6,0.9953795757220307,38.0,156.0,678.0,304729281,75764720,0,0,
1790901216.6,0.9677786201667931,37.0,157.0,678.0,304729281,75764720,0,0,
1790901218.7,0.9933983721229633,38.0,156.0,678.0,304831992,75764720,102711,0,0.0
1790901220.7,0.9695237959002675,37.0,155.0,678.0,304831992,75764720,0,0,
1790901222.8,0.9932124107743144,38.0,156.0,678.0,304872478,75764720,40486,0,0.0
1790901224.9,0.9884775487433304,39.0,154.0,678.0,304933150,75764720,60672,0,0.0
1790901226.9,0.9939562561689101,38.0,156.0,678.0,304933150,75764720,0,0,
1790901229.0,0.9862817743573605,37.0,156.0,678.0,305100031,75764720,166881,0,0.0
1790901231.1,0.9974394552762956,37.0,156.0,678.0,305100031,75764720,0,0,
1790901233.2,0.9715049994993348,36.0,157.0,678.0,305100031,75764720,0,0,
1790901235.2,0.9636517086986996,35.0,158.0,678.0,305100031,75764720,0,0,
1790901237.3,0.968987368933011,36.0,157.0,678.0,305202063,75764736,102032,16,0.0002
1790901239.3,0.9676641824137783,36.0,157.0,678.0,305260071,75764736,58008,0,0.0
1790901241.4,0.9710257914085857,35.0,157.0,678.0,305260071,75764736,0,0,
1790901243.5,0.9315519189780709,34.0,157.0,678.0,305343893,75764736,83822,0,0.0
1790901245.6,0.9498762641795528,35.0,156.0,678.0,305430944,75764736,87051,0,0.0
1790901247.6,0.9755031684952866,35.0,158.0,678.0,305430944,75764736,0,0,
1790901249.7,0.9864891927846997,35.0,159.0,678.0,305430944,75764736,0,0,
1790901251.8,0.9873617806514369,35.0,159.0,678.0,305430944,75764736,0,0,
1790901253.8,0.9680933239875835,35.0,159.0,678.0,305506737,75764736,75793,0,0.0
1790901255.9,0.9838428197462343,35.0,159.0,678.0,305506737,75764736,0,0,
1790901258.0,0.9414293275351538,34.0,158.0,678.0,305581844,75764736,75107,0,0.0
1790901260.0,0.9672564979186634,36.0,157.0,678.0,305792473,75764736,210629,0,0.0
1790901262.1,0.9855593860414551,36.0,157.0,678.0,305792473,75764736,0,0,
1790901264.1,0.9159097086128714,34.0,159.0,678.0,305792473,75764736,0,0,
1790901266.2,0.9415580700072954,35.0,159.0,678.0,305792473,75764736,0,0,
1790901268.3,0.9708541347790636,36.0,158.0,678.0,305888479,75764736,96006,0,0.0
1790901270.3,0.9891427181827285,36.0,158.0,678.0,305888479,75764736,0,0,
1790901272.4,0.995844479093653,36.0,158.0,678.0,305888479,75764736,0,0,
1790901274.4,0.9763686040024604,36.0,156.0,678.0,305973220,75764736,84741,0,0.0
1790901276.5,0.9879268170569471,36.0,158.0,678.0,305973220,75764736,0,0,
1790901278.5,0.9771768206331268,37.0,157.0,678.0,306058834,75764736,85614,0,0.0
1790901280.6,0.9832134121046533,37.0,157.0,678.0,306058834,75764736,0,0,
1790901282.7,0.9840573905331369,37.0,157.0,678.0,306058834,75764736,0,0,
1790901284.7,0.9805527343470611,37.0,157.0,678.0,306103916,75764736,45082,0,0.0
1790901286.8,0.9759609195073454,38.0,156.0,678.0,306213901,75764752,109985,16,0.0001
1790901288.9,0.9802237258071438,38.0,156.0,678.0,306267744,75764752,53843,0,0.0
1790901291.0,0.9878195316634958,37.0,157.0,678.0,306267744,75764752,0,0,
1790901293.0,0.9886778148111062,37.0,157.0,678.0,306267744,75764752,0,0,
1790901295.1,0.9575793554293561,36.0,157.0,678.0,306314812,75764752,47068,0,0.0
1790901297.1,0.9671849743230292,38.0,155.0,678.0,306407792,75764752,92980,0,0.0
1790901299.2,0.9745304475946615,36.0,155.0,678.0,306426925,75764752,19133,0,0.0
1790901301.3,0.9788862345687842,36.0,158.0,678.0,306494921,75764752,67996,0,0.0
1790901303.3,0.9395124951721573,35.0,157.0,678.0,306539153,75764752,44232,0,0.0
1790901305.4,0.9074413148897822,34.0,159.0,678.0,306630049,75764768,90896,16,0.0002
1790901307.4,0.9257370506530105,34.0,160.0,678.0,306630049,75764768,0,0,
1790901309.5,0.9513925644069978,35.0,159.0,678.0,306803011,75764768,172962,0,0.0
1790901311.6,0.9806814768192027,36.0,158.0,678.0,306803011,75764768,0,0,
1790901313.6,0.938196461012488,35.0,158.0,678.0,306803011,75764768,0,0,
1790901315.7,0.9748308466963251,37.0,156.0,678.0,306909823,75764768,106812,0,0.0
1790901317.7,0.9894574220035189,37.0,156.0,678.0,306909823,75764768,0,0,
1790901319.8,0.9747736278198178,36.0,156.0,678.0,306919879,75764768,10056,0,0.0
1790901321.8,0.9672421931995365,36.0,156.0,678.0,306987021,75764768,67142,0,0.0
1790901323.9,0.9716337419714763,36.0,155.0,678.0,307050539,75764768,63518,0,0.0
1790901325.9,0.9964953438139242,36.0,157.0,678.0,307050539,75764768,0,0,
1790901328.1,0.9660048349950648,35.0,158.0,678.0,307092423,75764768,41884,0,0.0
1790901330.1,0.9668774228618021,35.0,158.0,678.0,307092423,75764768,0,0,
1790901332.2,0.960762155435078,35.0,159.0,678.0,307216575,75764768,124152,0,0.0
1790901334.3,0.9753958831018353,35.0,159.0,678.0,307216575,75764768,0,0,
1790901336.3,0.9864105168295021,35.0,159.0,678.0,307216575,75764768,0,0,
1790901338.4,0.9845652080621397,35.0,158.0,678.0,307268016,75764768,51441,0,0.0
1790901340.4,0.9890282804297138,35.0,159.0,678.0,307316946,75764768,48930,0,0.0
1790901342.5,0.987004162673266,35.0,159.0,678.0,307436637,75764768,119691,0,0.0
1790901344.5,0.9389546111262106,33.0,158.0,678.0,307436637,75764768,0,0,
1790901346.6,0.9656686740955841,34.0,160.0,678.0,307465398,75764768,28761,0,0.0
1790901348.6,0.9469724061968043,33.0,160.0,678.0,307569065,75764768,103667,0,0.0
1790901350.7,0.9616275909422518,33.0,161.0,678.0,307569065,75764768,0,0,
1790901352.8,0.983599639521078,34.0,160.0,678.0,307610003,75764768,40938,0,0.0
1790901354.8,0.9870327721115196,35.0,159.0,678.0,307661202,75764768,51199,0,0.0
1790901356.9,0.9529231693535698,35.0,158.0,678.0,307732446,75764768,71244,0,0.0
1790901358.9,0.9749023702919594,36.0,158.0,678.0,307754233,75764768,21787,0,0.0
1790901361.0,0.9611197734132491,36.0,158.0,678.0,307797339,75764768,43106,0,0.0
1790901363.0,0.9887064242493598,37.0,157.0,678.0,307840119,75764768,42780,0,0.0
1790901365.1,0.994685796844379,37.0,157.0,678.0,307881407,75764768,41288,0,0.0
1790901367.1,0.9760968143390505,37.0,157.0,678.0,307941698,75764768,60291,0,0.0
1790901369.2,0.976447279957658,37.0,157.0,678.0,307979726,75764768,38028,0,0.0
1790901371.2,0.9989557555037407,38.0,156.0,678.0,308020829,75764768,41103,0,0.0
1790901373.3,0.9457708097901498,37.0,156.0,678.0,308105621,75764768,84792,0,0.0
1790901375.3,0.9340266353870141,36.0,157.0,678.0,308169649,75764768,64028,0,0.0
1790901377.4,0.9596535397027479,37.0,157.0,678.0,308210136,75764768,40487,0,0.0
1790901379.4,0.9828629464860458,38.0,156.0,678.0,308251337,75764768,41201,0,0.0
1790901381.5,0.9711831433189809,37.0,156.0,678.0,308305445,75764768,54108,0,0.0
1790901383.6,0.9884346345859499,37.0,157.0,678.0,308305445,75764768,0,0,
1790901385.6,0.9662694722989114,37.0,157.0,678.0,308377675,75764768,72230,0,0.0
1790901387.7,0.9805026678301172,37.0,157.0,678.0,308377675,75764768,0,0,
1790901389.7,0.9806242579426953,37.0,156.0,678.0,308438340,75764768,60665,0,0.0
1790901391.8,0.9900224584090291,37.0,157.0,678.0,308438340,75764768,0,0,
1790901393.8,0.9432388745046991,36.0,156.0,678.0,308548047,75764768,109707,0,0.0
1790901395.9,0.9651966183643984,36.0,157.0,678.0,308548047,75764768,0,0,
1790901397.9,0.9687513410674181,36.0,157.0,678.0,308636343,75764768,88296,0,0.0
1790901400.0,0.9870470768306464,36.0,158.0,678.0,308636343,75764768,0,0,
1790901402.1,0.9911239217817958,36.0,158.0,678.0,308636343,75764768,0,0,
1790901404.1,0.9919321384124623,36.0,158.0,678.0,308636343,75764768,0,0,
1790901406.2,0.9708469824195002,36.0,157.0,678.0,308753726,75764768,117383,0,0.0
1790901408.3,0.9964524296565437,36.0,157.0,678.0,308753726,75764768,0,0,
1790901410.3,0.9905088188593417,36.0,158.0,678.0,308799765,75764768,46039,0,0.0
1790901412.4,0.9828915559242994,36.0,157.0,678.0,308878839,75764768,79074,0,0.0
1790901414.5,0.9782925887250203,35.0,158.0,678.0,308878839,75764768,0,0,
1790901416.5,0.9630652152144993,34.0,159.0,678.0,308977433,75764784,98594,16,0.0002
1790901418.6,0.9813752556968544,34.0,160.0,678.0,308977433,75764784,0,0,
1790901420.6,0.9822335388444647,34.0,160.0,678.0,308977433,75764784,0,0,
1790901422.7,0.956828357675197,33.0,160.0,678.0,309094418,75764784,116985,0,0.0
1790901424.7,0.9751312457979887,33.0,160.0,678.0,309094418,75764784,0,0,
1790901426.8,0.98981503998169,33.0,161.0,678.0,309094418,75764784,0,0,
1790901428.9,0.9833493069363584,33.0,161.0,678.0,309127645,75764784,33227,0,0.0
1790901430.9,0.9878839028995665,33.0,161.0,678.0,309127645,75764784,0,0,
1790901433.0,0.9738366687170097,31.0,162.0,678.0,309191671,75764784,64026,0,0.0
1790901435.0,0.9672708026377902,30.0,162.0,678.0,309191671,75764784,0,0,
1790901437.1,0.9541462228389146,30.0,162.0,678.0,309279067,75764784,87396,0,0.0
1790901439.1,0.9724419586021429,30.0,163.0,678.0,309279067,75764784,0,0,
1790901441.2,0.9348420043772441,29.0,164.0,678.0,309362450,75764784,83383,0,0.0
1790901443.2,0.9568426623943239,29.0,165.0,678.0,309362450,75764784,0,0,
1790901445.3,0.9824767190696211,30.0,164.0,678.0,309449354,75764784,86904,0,0.0
1790901447.4,0.9965811721286852,30.0,164.0,678.0,309449354,75764784,0,0,
1790901449.4,0.9874046948088174,30.0,163.0,678.0,309511779,75764784,62425,0,0.0
1790901451.5,0.9815469123263765,30.0,164.0,678.0,309559160,75764784,47381,0,0.0
1790901453.5,0.9750454174832277,30.0,164.0,678.0,309606592,75764784,47432,0,0.0
1790901455.6,0.9646029725206345,30.0,163.0,678.0,309674372,75764784,67780,0,0.0
1790901457.6,0.9769193356888437,30.0,163.0,678.0,309674372,75764784,0,0,
1790901459.7,0.9783283505228375,30.0,163.0,678.0,309731134,75764784,56762,0,0.0
1790901461.7,0.9706681734304147,30.0,164.0,678.0,309775164,75764784,44030,0,0.0
1790901463.8,0.9713476475889395,30.0,164.0,678.0,309775164,75764784,0,0,
1790901465.9,0.9525727037349622,29.0,165.0,678.0,309775164,75764784,0,0,
1790901467.9,0.9532235684552334,29.0,165.0,678.0,309775164,75764784,0,0,
1790901470.0,0.9143791036662995,28.0,165.0,678.0,309947019,75764784,171855,0,0.0
1790901472.0,0.9363368475259988,28.0,165.0,678.0,309947019,75764784,0,0,
1790901474.1,0.9509777275523195,28.0,166.0,678.0,309947019,75764784,0,0,
1790901476.1,0.961970904201296,28.0,166.0,678.0,309947019,75764784,0,0,
1790901478.2,0.9729712332098359,28.0,166.0,678.0,309947019,75764784,0,0,
1790901480.2,0.9803024017623414,28.0,166.0,678.0,309947019,75764784,0,0,
1790901482.3,0.984400703792181,28.0,167.0,678.0,309947019,75764784,0,0,
1790901484.4,0.9850372637933255,28.0,167.0,678.0,309947019,75764784,0,0,
1790901486.4,0.9925472413349163,28.0,167.0,678.0,310010645,75764784,63626,0,0.0
1790901488.5,0.9931051253808632,28.0,167.0,678.0,310010645,75764784,0,0,
1790901490.5,0.9937345330224441,28.0,167.0,678.0,310010645,75764784,0,0,
1790901492.6,0.9943925501022788,28.0,167.0,678.0,310010645,75764784,0,0,
1790901494.7,0.9756962822034989,28.0,167.0,678.0,310088901,75764784,78256,0,0.0
1790901496.7,0.9925257842562262,28.0,167.0,678.0,310088901,75764784,0,0,
1790901498.8,0.9931480395382437,28.0,167.0,678.0,310088901,75764784,0,0,
1790901500.8,0.9938132089776417,28.0,167.0,678.0,310088901,75764784,0,0,
1790901502.9,0.9944283119000958,28.0,167.0,678.0,310088901,75764784,0,0,
1790901504.9,0.9735362696153461,27.0,168.0,678.0,310088901,75764784,0,0,
1790901507.0,0.9492468565379719,26.0,169.0,678.0,310167130,75764784,78229,0,0.0
1790901509.0,0.9675640493798904,27.0,168.0,678.0,310230592,75764784,63462,0,0.0
1790901511.1,0.9931838013360608,27.0,168.0,678.0,310230592,75764784,0,0,
1790901513.2,0.9702175747779193,27.0,168.0,678.0,310270015,75764784,39423,0,0.0
1790901515.2,0.9893715936887579,29.0,166.0,678.0,310305558,75764800,35543,16,0.0005
1790901517.3,0.9900081536899022,29.0,166.0,678.0,310305558,75764800,0,0,
1790901519.3,0.9640164790364342,29.0,166.0,678.0,310385936,75764800,80378,0,0.0
1790901521.4,0.981761483113279,29.0,166.0,678.0,310385936,75764800,0,0,
1790901523.4,0.9716122848927862,29.0,165.0,678.0,310483172,75764800,97236,0,0.0
1790901525.5,0.9969960089833636,30.0,165.0,678.0,310483172,75764800,0,0,
1790901527.6,0.9976397213440714,30.0,165.0,678.0,310483172,75764800,0,0,
1790901529.6,0.9506844808102193,29.0,165.0,678.0,310592768,75764816,109596,16,0.0001
1790901531.7,0.9653396655556669,29.0,166.0,678.0,310592768,75764816,0,0,
1790901533.7,0.9446693464173831,28.0,166.0,678.0,310635760,75764816,42992,0,0.0
1790901535.8,0.9740083253465318,29.0,166.0,678.0,310679426,75764816,43666,0,0.0
1790901537.8,0.925508175146981,29.0,165.0,678.0,310817219,75764816,137793,0,0.0
1790901539.9,0.951156536541405,29.0,165.0,678.0,310817219,75764816,0,0,
1790901541.9,0.9767548314188851,30.0,164.0,678.0,310817219,75764816,0,0,
1790901544.0,0.9686154462357132,30.0,163.0,678.0,310903887,75764816,86668,0,0.0
1790901546.0,0.9869040296393781,30.0,163.0,678.0,310903887,75764816,0,0,
1790901548.1,0.9932267154934413,30.0,163.0,678.0,310903887,75764816,0,0,
1790901550.2,0.9938918849328393,30.0,163.0,678.0,310903887,75764816,0,0,
1790901552.2,0.9572646516085657,29.0,163.0,678.0,310953055,75764816,49168,0,0.0
1790901554.3,0.9758750911925844,29.0,165.0,678.0,310953055,75764816,0,0,
1790901556.3,0.9765402606319825,29.0,165.0,678.0,310953055,75764816,0,0,
1790901558.4,0.9771839729926903,29.0,165.0,678.0,310953055,75764816,0,0,
1790901560.4,0.9763829087215873,29.0,165.0,678.0,311022022,75764816,68967,0,0.0
1790901562.5,0.989235698857053,29.0,165.0,678.0,311022022,75764816,0,0,
1790901564.5,0.979494185131675,29.0,164.0,678.0,311097633,75764816,75611,0,0.0
1790901566.6,0.9573290228446365,29.0,164.0,678.0,311177599,75764816,79966,0,0.0
1790901568.6,0.9792653096256455,29.0,164.0,678.0,311177599,75764816,0,0,
1790901570.7,0.9578439927332026,28.0,164.0,678.0,311218677,75764816,41078,0,0.0
1790901572.7,0.9584877050939105,29.0,164.0,678.0,311299887,75764816,81210,0,0.0
1790901574.8,0.9910452458265981,30.0,163.0,678.0,311340033,75764816,40146,0,0.0
1790901576.9,0.9917104152659962,30.0,164.0,678.0,311340033,75764816,0,0,
1790901578.9,0.9329537814525012,30.0,163.0,678.0,311412755,75764816,72722,0,0.0
1790901581.0,0.9549758965482713,31.0,163.0,678.0,311571082,75764816,158327,0,0.0
1790901583.0,0.9805884961448782,31.0,163.0,678.0,311571082,75764816,0,0,
1790901585.1,0.9915602157151644,31.0,163.0,678.0,311571082,75764816,0,0,
1790901587.1,0.9702175747779193,31.0,162.0,678.0,311571082,75764816,0,0,
1790901589.2,0.9616776574591958,31.0,162.0,678.0,311632108,75764816,61026,0,0.0
1790901591.2,0.9600326147596092,31.0,161.0,678.0,311765557,75764816,133449,0,0.0
1790901593.3,0.9779993419829202,31.0,162.0,678.0,311765557,75764816,0,0,
1790901595.3,0.942981389560416,30.0,163.0,678.0,311765557,75764816,0,0,
1790901597.4,0.9273606362739067,30.0,163.0,678.0,311841652,75764816,76095,0,0.0
1790901599.5,0.9493255324931695,30.0,163.0,678.0,311841652,75764816,0,0,
1790901601.5,0.974981046247157,31.0,163.0,678.0,311883130,75764816,41478,0,0.0
1790901603.6,0.9788504727709672,31.0,163.0,678.0,311883130,75764816,0,0,
1790901605.6,0.9735863361322901,31.0,162.0,678.0,311943132,75764816,60002,0,0.0
1790901607.7,0.9442115954053242,32.0,161.0,678.0,312099337,75764816,156205,0,0.0
1790901609.7,0.9698241950019312,32.0,161.0,678.0,312099337,75764816,0,0,
1790901611.8,0.9881699972821034,32.0,162.0,678.0,312099337,75764816,0,0,
1790901613.9,0.9960018310040483,32.0,162.0,678.0,312099337,75764816,0,0,
1790901616.0,0.9785143118714864,32.0,161.0,678.0,312146566,75764816,47229,0,0.0
1790901618.0,0.9962736206674582,32.0,162.0,678.0,312146566,75764816,0,0,
1790901620.1,0.9413506515799562,31.0,161.0,678.0,312189789,75764816,43223,0,0.0
1790901622.2,0.9307293976282776,31.0,163.0,678.0,312292512,75764816,102723,0,0.0
1790901624.2,0.9453631252950349,31.0,163.0,678.0,312292512,75764816,0,0,
1790901626.3,0.9673709356716781,32.0,162.0,678.0,312338335,75764816,45823,0,0.0
1790901628.3,0.9925329366157896,33.0,161.0,678.0,312381956,75764816,43621,0,0.0
1790901630.4,0.9930049923469753,34.0,160.0,678.0,312429570,75764816,47614,0,0.0
1790901632.4,0.9839000386227417,34.0,160.0,678.0,312477561,75764816,47991,0,0.0
1790901634.5,0.9375813580900338,34.0,159.0,678.0,312563199,75764832,85638,16,0.0002
1790901636.5,0.9705108215200194,35.0,158.0,678.0,312767118,75764832,203919,0,0.0
1790901638.6,0.9657401976912183,35.0,157.0,678.0,312767118,75764832,0,0,
1790901640.7,0.9496616933926503,34.0,157.0,678.0,312767118,75764832,0,0,
1790901642.7,0.9753172071466377,34.0,158.0,678.0,312767118,75764832,0,0,
1790901644.8,0.9803882300771024,34.0,158.0,678.0,312883002,75764832,115884,0,0.0
1790901646.8,0.9539531091307022,33.0,161.0,678.0,312883002,75764832,0,0,
1790901648.9,0.9813466462586007,34.0,160.0,678.0,312923505,75764832,40503,0,0.0
1790901650.9,0.9633227001587824,34.0,160.0,678.0,313024106,75764848,100601,16,0.0002
1790901653.0,0.971218905116798,34.0,160.0,678.0,313083018,75764848,58912,0,0.0
1790901655.0,0.9939634085284735,35.0,160.0,678.0,313098968,75764848,15950,0,0.0
1790901657.1,0.9703963837670048,34.0,161.0,678.0,313098968,75764848,0,0,
1790901659.1,0.9738581257957,34.0,161.0,678.0,313204461,75764848,105493,0,0.0
1790901661.2,0.9921824709971819,34.0,161.0,678.0,313204461,75764848,0,0,
1790901663.3,0.9800091550202412,33.0,161.0,678.0,313204461,75764848,0,0,
1790901665.3,0.986188793683036,33.0,162.0,678.0,313259372,75764848,54911,0,0.0
1790901667.4,0.8933440141902814,32.0,161.0,678.0,313376101,75764848,116729,0,0.0
1790901669.4,0.8876435836182357,31.0,164.0,678.0,313376101,75764848,0,0,
1790901671.5,0.9133062497317865,32.0,163.0,678.0,313423629,75764848,47528,0,0.0
1790901673.5,0.9002317364498548,32.0,161.0,678.0,313527417,75764848,103788,0,0.0
1790901675.6,0.8560873732244267,31.0,163.0,678.0,313567593,75764848,40176,0,0.0
1790901677.6,0.8927360636273907,32.0,162.0,678.0,313659386,75764848,91793,0,0.0
1790901679.7,0.911031799390619,32.0,162.0,678.0,313659386,75764848,0,0,
1790901681.7,0.9367159225828601,33.0,162.0,678.0,313742273,75764848,82887,0,0.0
1790901683.8,0.9513281931709271,33.0,162.0,678.0,313742273,75764848,0,0,
1790901685.8,0.9879697312143276,35.0,160.0,678.0,313843579,75764848,101306,0,0.0
1790901687.9,0.9803024017623414,35.0,160.0,678.0,313859635,75764848,16056,0,0.0
1790901690.0,0.9739725635487148,35.0,159.0,678.0,313943222,75764848,83587,0,0.0
1790901692.0,0.9896076215543508,35.0,160.0,678.0,313943222,75764848,0,0,
1790901694.1,0.9640665455533781,35.0,159.0,678.0,314042370,75764848,99148,0,0.0
1790901696.1,0.9590741985781109,34.0,159.0,678.0,314042370,75764848,0,0,
1790901698.2,0.973722230963995,35.0,159.0,678.0,314079151,75764848,36781,0,0.0
1790901700.2,0.9660119873546283,34.0,160.0,678.0,314150701,75764848,71550,0,0.0
1790901702.3,0.9398701131503283,34.0,159.0,678.0,314189995,75764848,39294,0,0.0
1790901704.3,0.9728567954568212,35.0,159.0,678.0,314247557,75764864,57562,16,0.0003
1790901706.4,0.9705465833178366,35.0,159.0,678.0,314306141,75764864,58584,0,0.0
1790901708.5,0.9621640179095083,34.0,160.0,678.0,314377261,75764864,71120,0,0.0
1790901710.5,0.9831347361494557,34.0,161.0,678.0,314377261,75764864,0,0,
1790901712.6,0.935743201682235,33.0,161.0,678.0,314377261,75764864,0,0,
1790901714.6,0.9694022057876893,35.0,159.0,678.0,314495871,75764864,118610,0,0.0
1790901716.7,0.9714120188250104,34.0,161.0,678.0,314495871,75764864,0,0,
1790901718.7,0.9823551289570429,34.0,160.0,678.0,314596956,75764864,101085,0,0.0
1790901720.8,0.9970818372981246,34.0,160.0,678.0,314596956,75764864,0,0,
1790901722.8,0.9989986696611212,34.0,161.0,678.0,314596956,75764864,0,0,
1790901724.9,0.9635658803839386,34.0,159.0,678.0,314726245,75764864,129289,0,0.0
1790901726.9,0.989235698857053,34.0,161.0,678.0,314726245,75764864,0,0,
1790901729.0,0.9979115110074813,34.0,161.0,678.0,314726245,75764864,0,0,
1790901731.1,0.9802308781667072,33.0,162.0,678.0,314726245,75764864,0,0,
1790901733.1,0.9323601356087373,32.0,163.0,678.0,314795845,75764864,69600,0,0.0
1790901735.2,0.9579584304862174,33.0,162.0,678.0,314883347,75764864,87502,0,0.0
1790901737.2,0.976275623328136,33.0,162.0,678.0,314883347,75764864,0,0,
1790901739.3,0.9794798804125481,33.0,162.0,678.0,314965471,75764864,82124,0,0.0
1790901741.3,0.9689301500565036,32.0,163.0,678.0,314965471,75764864,0,0,
1790901743.4,0.9534095298038823,32.0,163.0,678.0,315071914,75764880,106443,16,0.0002
1790901745.4,0.9716766561288569,32.0,163.0,678.0,315071914,75764880,0,0,
1790901747.5,0.9936773141459367,33.0,162.0,678.0,315119359,75764880,47445,0,0.0
1790901749.5,0.9973679316806614,33.0,162.0,678.0,315119359,75764880,0,0,
1790901751.6,0.9964595820161071,33.0,162.0,678.0,315164682,75764880,45323,0,0.0
1790901753.7,0.961219906447137,32.0,161.0,678.0,315226015,75764880,61333,0,0.0
1790901755.7,0.9619065329652252,32.0,162.0,678.0,315226015,75764880,0,0,
1790901757.8,0.9531520448595991,32.0,161.0,678.0,315325292,75764880,99277,0,0.0
1790901759.8,0.9714620853419543,32.0,163.0,678.0,315325292,75764880,0,0,
1790901761.9,0.9796229276038165,32.0,163.0,678.0,315325292,75764880,0,0,
1790901763.9,0.9872473428984222,32.0,163.0,678.0,315382890,75764880,57598,0,0.0
1790901766.0,0.9677786201667931,32.0,163.0,678.0,315471724,75764880,88834,0,0.0
1790901768.0,0.9819903586193085,32.0,163.0,678.0,315471724,75764880,0,0,
1790901770.1,0.960046919478736,33.0,161.0,678.0,315558300,75764880,86576,0,0.0
1790901772.2,0.9854592530075672,33.0,162.0,678.0,315602197,75764880,43897,0,0.0
1790901774.2,0.9705823451156537,33.0,161.0,678.0,315644128,75764880,41931,0,0.0
1790901776.3,0.9678501437624272,33.0,161.0,678.0,315703710,75764880,59582,0,0.0
1790901778.3,0.9910166363883445,33.0,161.0,678.0,315703710,75764880,0,0,
1790901780.4,0.9460068376557427,32.0,161.0,678.0,315803549,75764880,99839,0,0.0
1790901782.4,0.9680074956728225,32.0,163.0,678.0,315803549,75764880,0,0,
1790901784.5,0.9798732601885362,32.0,163.0,678.0,315803549,75764880,0,0,
1790901786.5,0.9806028008640051,32.0,163.0,678.0,315803549,75764880,0,0,
1790901788.6,0.9740583918634758,33.0,161.0,678.0,315896350,75764880,92801,0,0.0
1790901790.6,0.9904515999828344,33.0,162.0,678.0,315896350,75764880,0,0,
1790901792.7,0.976003833664726,33.0,161.0,678.0,315928808,75764880,32458,0,0.0
1790901794.8,0.987397542449254,33.0,161.0,678.0,315928808,75764880,0,0,
1790901796.8,0.9947072539230692,33.0,162.0,678.0,315992977,75764880,64169,0,0.0
1790901798.9,0.9722202354556768,32.0,163.0,678.0,315992977,75764880,0,0,
1790901800.9,0.9729569284907091,32.0,163.0,678.0,315992977,75764880,0,0,
1790901803.0,0.9652967513982863,32.0,163.0,678.0,316069337,75764880,76360,0,0.0
1790901805.0,0.9694236628663796,32.0,163.0,678.0,316153196,75764880,83859,0,0.0
1790901807.1,0.9863747550316849,32.0,163.0,678.0,316153196,75764880,0,0,
1790901809.2,0.9762327091707554,32.0,163.0,678.0,316208643,75764880,55447,0,0.0
1790901811.2,0.9692520062368576,32.0,162.0,678.0,316284628,75764880,75985,0,0.0
1790901813.3,0.9912312071752472,32.0,162.0,678.0,316284628,75764880,0,0,
1790901815.3,0.9743158768077589,32.0,161.0,678.0,316352059,75764880,67431,0,0.0
1790901817.4,0.9928333357174531,33.0,161.0,678.0,316377419,75764880,25360,0,0.0
1790901819.4,0.977877751870342,33.0,161.0,678.0,316436181,75764896,58762,16,0.0003
1790901821.5,0.9990487361780651,35.0,160.0,678.0,316481119,75764912,44938,16,0.0004
1790901823.5,0.9998569528087315,35.0,160.0,678.0,316481119,75764912,0,0,
1790901825.6,0.9892857653739969,34.0,161.0,678.0,316481119,75764912,0,0,
1790901827.6,0.9951864620138183,34.0,161.0,678.0,316541918,75764912,60799,0,0.0
1790901829.7,0.9449268313616662,33.0,160.0,678.0,316619218,75764912,77300,0,0.0
1790901831.7,0.9632368718440213,34.0,160.0,678.0,316666762,75764912,47544,0,0.0
1790901833.8,0.9560559028423476,34.0,160.0,678.0,316708898,75764912,42136,0,0.0
1790901835.9,0.9869612485158854,36.0,159.0,678.0,316826947,75764912,118049,0,0.0
1790901837.9,0.9877408557082982,36.0,159.0,678.0,316826947,75764912,0,0,
1790901840.0,0.9982047577495816,36.0,159.0,678.0,316826947,75764912,0,0,
1790901842.0,0.9995994678644485,36.0,159.0,678.0,316826947,75764912,0,0,
1790901844.1,0.9704536026435121,35.0,160.0,689.0,316826947,75764912,0,0,
1790901846.1,0.9825840044630724,36.0,159.0,689.0,316927163,75764912,100216,0,0.0
1790901848.2,0.998569528087316,36.0,159.0,689.0,316927163,75764912,0,0,
1790901850.2,0.9780351037807372,35.0,159.0,689.0,316927163,75764912,0,0,
1790901852.3,0.9708326777003734,35.0,159.0,689.0,316983488,75764912,56325,0,0.0
1790901854.4,0.9854449482884403,35.0,159.0,689.0,316983488,75764912,0,0,
1790901856.4,0.9851946157037207,35.0,158.0,689.0,317026508,75764912,43020,0,0.0
1790901858.5,0.9454561059693593,34.0,159.0,689.0,317141932,75764912,115424,0,0.0
1790901860.5,0.940921510006151,33.0,160.0,689.0,317141932,75764912,0,0,
1790901862.6,0.9555552376729083,33.0,161.0,689.0,317141932,75764912,0,0,
1790901864.7,0.9738867352339536,34.0,160.0,689.0,317219872,75764912,77940,0,0.0
1790901866.7,0.9947358633613229,34.0,161.0,689.0,317219872,75764912,0,0,
1790901868.8,0.9791866336704479,34.0,161.0,689.0,317251276,75764912,31404,0,0.0
1790901870.8,0.9694808817428869,33.0,161.0,689.0,317320549,75764912,69273,0,0.0
1790901872.9,0.9896076215543508,33.0,161.0,689.0,317320549,75764912,0,0,
1790901875.0,0.9777132476003834,34.0,160.0,689.0,317431395,75764912,110846,0,0.0
1790901877.0,0.9946071208891814,34.0,160.0,689.0,317431395,75764912,0,0,
1790901879.1,0.9863604503125581,34.0,159.0,689.0,317498958,75764912,67563,0,0.0
1790901881.1,0.9923112134693235,34.0,159.0,689.0,317498958,75764912,0,0,
1790901883.2,0.9778062282747079,34.0,159.0,689.0,317658909,75764912,159951,0,0.0
1790901885.3,0.9924614130201553,34.0,159.0,689.0,317658909,75764912,0,0,
1790901887.3,0.9720056646687742,34.0,159.0,689.0,317658909,75764912,0,0,
1790901889.4,0.9908807415566395,35.0,159.0,689.0,317661227,75764912,2318,0,0.0
1790901891.4,0.9993348305606019,35.0,159.0,689.0,317703193,75764912,41966,0,0.0
1790901893.5,0.9732501752328093,34.0,159.0,693.0,317796916,75764928,93723,16,0.0002
1790901895.5,0.9915959775129816,34.0,160.0,693.0,317796916,75764928,0,0,
1790901897.6,0.997325017523281,35.0,159.0,693.0,317796916,75764928,0,0,
1790901899.6,0.9836997725549659,35.0,159.0,693.0,317838475,75764928,41559,0,0.0
1790901901.7,0.9703677743287511,35.0,158.0,693.0,317903872,75764928,65397,0,0.0
1790901903.8,0.9887851002045575,35.0,158.0,693.0,317903872,75764928,0,0,
1790901905.8,0.9656114552190768,35.0,158.0,693.0,317946150,75764928,42278,0,0.0
1790901907.9,0.9762470138898822,36.0,157.0,693.0,318039040,75764928,92890,0,0.0
1790901909.9,0.9765402606319825,36.0,157.0,693.0,318082046,75764928,43006,0,0.0
1790901912.0,0.9572789563276926,36.0,157.0,693.0,318144816,75764928,62770,0,0.0
1790901914.0,0.9829130130029897,37.0,156.0,693.0,318217535,75764928,72719,0,0.0
1790901916.1,0.9687227316291644,36.0,158.0,693.0,318217535,75764928,0,0,
1790901918.1,0.969566710057648,36.0,158.0,693.0,318217535,75764928,0,0,
1790901920.2,0.938024804382966,36.0,158.0,693.0,318290365,75764928,72830,0,0.0
1790901922.2,0.9361723432560402,36.0,158.0,693.0,318354815,75764928,64450,0,0.0
1790901924.3,0.9452057733846396,36.0,157.0,693.0,318387474,75764928,32659,0,0.0
1790901926.4,0.9778992089490323,37.0,156.0,693.0,318429080,75764928,41606,0,0.0
1790901928.4,0.9708541347790636,37.0,155.0,693.0,318489098,75764928,60018,0,0.0
1790901930.5,0.9887350336876135,37.0,156.0,693.0,318527699,75764928,38601,0,0.0
1790901932.5,0.994142217517559,37.0,157.0,693.0,318570585,75764928,42886,0,0.0
1790901934.6,0.9672708026377902,38.0,155.0,693.0,318635826,75764928,65241,0,0.0
1790901936.6,0.9774986768134808,38.0,155.0,693.0,318699985,75764944,64159,16,0.0002
1790901938.7,0.984808388287296,38.0,155.0,693.0,318699985,75764944,0,0,
1790901940.7,0.9865678687398973,38.0,155.0,693.0,318742133,75764944,42148,0,0.0
1790901942.8,0.9458065715879669,38.0,154.0,693.0,318876388,75764960,134255,16,0.0001
1790901944.9,0.9714120188250104,38.0,154.0,693.0,318876388,75764960,0,0,
1790901946.9,0.9825911568226358,38.0,155.0,693.0,318876388,75764960,0,0,
1790901949.0,0.9687871028652353,37.0,157.0,693.0,318876388,75764960,0,0,
1790901951.0,0.9682864376957958,36.0,157.0,693.0,318876388,75764960,0,0,
1790901953.1,0.9779278183872859,36.0,158.0,693.0,318965813,75764960,89425,0,0.0
1790901955.1,0.9693092251133649,36.0,157.0,693.0,319020574,75764960,54761,0,0.0
1790901957.2,0.975152702876679,36.0,157.0,693.0,319075158,75764960,54584,0,0.0
1790901959.3,0.9684723990444448,34.0,160.0,693.0,319075158,75764960,0,0,
1790901961.3,0.9662051010628406,34.0,159.0,693.0,319165426,75764960,90268,0,0.0
1790901963.4,0.9882200637990473,34.0,160.0,693.0,319165426,75764960,0,0,
1790901965.4,0.9880197977312716,34.0,159.0,693.0,319213565,75764960,48139,0,0.0
1790901967.5,0.9618850758865349,33.0,159.0,693.0,319282986,75764960,69421,0,0.0
1790901969.5,0.9874905231235784,34.0,159.0,693.0,319326601,75764960,43615,0,0.0
1790901971.6,0.9912741213326276,34.0,159.0,693.0,319326601,75764960,0,0,
1790901973.6,0.9842147424435321,34.0,159.0,693.0,319383694,75764960,57093,0,0.0
1790901975.7,0.9639449554407999,35.0,158.0,693.0,319448353,75764960,64659,0,0.0
1790901977.7,0.994907519990845,36.0,158.0,693.0,319501518,75764976,53165,16,0.0003
1790901979.8,0.9482312214799662,35.0,158.0,693.0,319585907,75764976,84389,0,0.0
1790901981.9,0.9411575378717438,34.0,160.0,693.0,319585907,75764976,0,0,
1790901983.9,0.9631009770123163,35.0,159.0,693.0,319635358,75764976,49451,0,0.0
1790901986.0,0.9908235226801322,36.0,158.0,693.0,319685546,75764976,50188,0,0.0
1790901988.0,0.9588810848698985,36.0,157.0,693.0,319730433,75764976,44887,0,0.0
1790901990.1,0.9539101949733217,35.0,158.0,693.0,319818234,75764976,87801,0,0.0
1790901992.1,0.9480667172100076,34.0,159.0,693.0,319818234,75764976,0,0,
1790901994.2,0.970060222867524,35.0,159.0,693.0,319918103,75764992,99869,16,0.0002
1790901996.2,0.9883631109903157,35.0,159.0,693.0,319918103,75764992,0,0,
1790901998.3,0.999506487190124,35.0,159.0,693.0,319918103,75764992,0,0,
1790902000.4,0.9770266210822951,34.0,158.0,693.0,319984093,75764992,65990,0,0.0
1790902002.4,0.9892428512166164,35.0,159.0,693.0,319985633,75764992,1540,0,0.0
1790902004.5,0.9705680403965268,34.0,159.0,693.0,320058329,75764992,72696,0,0.0
1790902006.5,0.9962092494313874,35.0,159.0,693.0,320099573,75764992,41244,0,0.0
1790902008.6,0.9769121833292803,34.0,159.0,698.0,320146317,75764992,46744,0,0.0
1790902010.6,0.9753815783827084,35.0,157.0,698.0,320205526,75764992,59209,0,0.0
1790902012.7,0.9912526642539373,35.0,157.0,698.0,320205526,75764992,0,0,
1790902014.7,0.9675783540990173,35.0,158.0,698.0,320292422,75764992,86896,0,0.0
1790902016.8,0.9858740898622456,35.0,158.0,698.0,320292422,75764992,0,0,
1790902018.9,0.9818330067089133,35.0,158.0,698.0,320357454,75764992,65032,0,0.0
1790902020.9,0.9894431172843922,35.0,159.0,698.0,320357454,75764992,0,0,
1790902023.0,0.990258486274622,35.0,159.0,698.0,320357454,75764992,0,0,
1790902025.0,0.9834995064871901,35.0,158.0,698.0,320400814,75764992,43360,0,0.0
1790902027.1,0.9521292574420301,35.0,157.0,698.0,320480177,75764992,79363,0,0.0
1790902029.1,0.9777704664768907,35.0,157.0,698.0,320480177,75764992,0,0,
1790902031.2,0.9547756304804955,35.0,159.0,698.0,320565114,75764992,84937,0,0.0
1790902033.3,0.9282761382980245,35.0,158.0,698.0,320608535,75764992,43421,0,0.0
1790902035.3,0.9132776402935329,35.0,157.0,698.0,320654431,75764992,45896,0,0.0
1790902037.4,0.9425665527057376,36.0,158.0,698.0,320718563,75764992,64132,0,0.0
1790902039.5,0.9274178551504141,35.0,159.0,698.0,320891713,75764992,173150,0,0.0
1790902041.5,0.9307007881900239,34.0,159.0,698.0,320891713,75764992,0,0,
1790902043.6,0.9417011171985639,34.0,159.0,698.0,320891713,75764992,0,0,
1790902045.6,0.9563563019440113,34.0,160.0,698.0,320891713,75764992,0,0,
1790902047.7,0.9636660134178265,34.0,160.0,698.0,320891713,75764992,0,0,
1790902049.8,0.974659190066803,34.0,160.0,698.0,320891713,75764992,0,0,
1790902051.9,0.9574863747550317,34.0,159.0,698.0,320976855,75764992,85142,0,0.0
1790902053.9,0.9510564035075171,33.0,159.0,698.0,320976855,75764992,0,0,
1790902056.0,0.9766761554636875,34.0,160.0,698.0,321056202,75764992,79347,0,0.0
1790902058.0,0.9919679002102794,34.0,160.0,698.0,321056202,75764992,0,0,
1790902060.1,0.9644384682506759,33.0,161.0,698.0,321097133,75764992,40931,0,0.0
1790902062.1,0.974301572088632,33.0,161.0,698.0,321184534,75764992,87401,0,0.0
1790902064.2,0.9843720943539274,33.0,161.0,698.0,321184534,75764992,0,0,
1790902066.2,0.9710758579255296,33.0,160.0,698.0,321242589,75764992,58055,0,0.0
1790902068.3,0.9721630165791695,33.0,160.0,698.0,321242589,75764992,0,0,
1790902070.4,0.9407427010170655,32.0,160.0,698.0,321319558,75764992,76969,0,0.0
1790902072.4,0.927160370206131,32.0,161.0,698.0,321429921,75764992,110363,0,0.0
1790902074.5,0.9454704106884861,32.0,162.0,698.0,321429921,75764992,0,0,
1790902076.5,0.956470739697026,32.0,162.0,698.0,321429921,75764992,0,0,
1790902078.6,0.9562061023931795,32.0,161.0,698.0,321502704,75764992,72783,0,0.0
1790902080.6,0.9257442030125739,32.0,160.0,698.0,321551875,75764992,49171,0,0.0
1790902082.7,0.9550188107056518,33.0,160.0,698.0,321634967,75764992,83092,0,0.0
1790902084.7,0.973364612985824,33.0,160.0,698.0,321634967,75764992,0,0,
1790902086.8,0.9658474830846696,33.0,159.0,698.0,321817754,75764992,182787,0,0.0
1790902088.8,0.9842004377244052,33.0,159.0,698.0,321817754,75764992,0,0,
1790902090.9,0.9934842004377245,33.0,159.0,698.0,321817754,75764992,0,0,
1790902093.0,0.9942137411131933,33.0,160.0,698.0,321817754,75764992,0,0,
1790902095.0,0.9949504341482255,33.0,160.0,698.0,321817754,75764992,0,0,
1790902097.1,0.965275294319596,32.0,161.0,698.0,321817754,75764992,0,0,
1790902099.1,0.9833350022172315,32.0,161.0,698.0,321817754,75764992,0,0,
1790902101.2,0.9839429527801221,32.0,161.0,698.0,321817754,75764992,0,0,
1790902103.2,0.9738867352339536,32.0,159.0,698.0,321934473,75765008,116719,16,0.0001
1790902105.3,0.9976182642653811,32.0,159.0,698.0,321934473,75765008,0,0,
1790902107.3,0.8765216644971177,29.0,158.0,698.0,322044857,75765008,110384,0,0.0
1790902109.4,0.8948245526199093,29.0,158.0,698.0,322044857,75765008,0,0,
1790902111.4,0.9058248816284492,29.0,158.0,698.0,322044857,75765008,0,0,
1790902113.5,0.9093080807358347,29.0,157.0,698.0,322110693,75765008,65836,0,0.0
1790902115.5,0.9312443675168438,30.0,156.0,698.0,322175017,75765008,64324,0,0.0
1790902117.6,0.9569284907090849,31.0,155.0,698.0,322222708,75765008,47691,0,0.0
1790902119.6,0.9729712332098359,31.0,155.0,698.0,322222708,75765008,0,0,
1790902121.7,0.9698027379232409,31.0,154.0,698.0,322299766,75765008,77058,0,0.0
1790902123.8,0.9535311199164604,31.0,153.0,698.0,322413544,75765008,113778,0,0.0
1790902125.8,0.9865178022229534,32.0,152.0,698.0,322413544,75765008,0,0,
1790902127.9,0.9975181312314932,32.0,152.0,698.0,322413544,75765008,0,0,
1790902129.9,0.9561417311571088,32.0,150.0,698.0,322509280,75765008,95736,0,0.0
1790902132.0,0.9640522408342512,32.0,149.0,698.0,322544802,75765008,35522,0,0.0
1790902134.0,0.999113107414136,34.0,147.0,698.0,322622172,75765024,77370,16,0.0002
1790902136.1,0.963007996337992,33.0,146.0,698.0,322677403,75765024,55231,0,0.0
1790902138.1,0.9883631109903157,34.0,145.0,698.0,322719368,75765024,41965,0,0.0
1790902140.2,0.9893644413291945,34.0,144.0,698.0,322763156,75765024,43788,0,0.0
1790902142.2,0.965718740612528,34.0,142.0,698.0,322900776,75765024,137620,0,0.0
1790902144.3,0.9840001716566296,34.0,142.0,698.0,322900776,75765024,0,0,
1790902146.3,0.9946714921252521,34.0,142.0,698.0,322900776,75765024,0,0,
1790902148.4,0.9392836196661278,35.0,140.0,698.0,323069939,75765024,169163,0,0.0
1790902150.4,0.9648819145436079,35.0,140.0,698.0,323069939,75765024,0,0,
1790902152.5,0.9795657087273092,35.0,140.0,698.0,323069939,75765024,0,0,
1790902154.5,0.9932410202125681,35.0,140.0,698.0,323069939,75765024,0,0,
1790902156.6,0.9938203613372052,35.0,140.0,698.0,323069939,75765024,0,0,
1790902158.6,0.9769050309697169,34.0,139.0,698.0,323138230,75765024,68291,0,0.0
1790902160.7,0.945262992261147,33.0,138.0,698.0,323285960,75765024,147730,0,0.0
1790902162.7,0.9243423405381436,32.0,137.0,698.0,323285960,75765024,0,0,
1790902164.8,0.9499620924943138,32.0,137.0,698.0,323285960,75765024,0,0,
1790902166.8,0.9259802308781667,32.0,136.0,698.0,323341180,75765024,55220,0,0.0
1790902168.9,0.9318451657201711,33.0,134.0,698.0,323441912,75765024,100732,0,0.0
1790902170.9,0.9647889338692834,34.0,133.0,698.0,323513915,75765024,72003,0,0.0
1790902173.0,0.986768134807673,34.0,133.0,698.0,323513915,75765024,0,0,
1790902175.1,0.9724920251190868,34.0,132.0,698.0,323574325,75765024,60410,0,0.0
1790902177.1,0.964917676341425,34.0,131.0,698.0,323655569,75765024,81244,0,0.0
1790902179.2,0.9868611154819975,34.0,131.0,698.0,323655569,75765024,0,0,
1790902181.2,0.990837827399259,34.0,131.0,698.0,323655569,75765024,0,0,
1790902183.3,0.9938418184158954,34.0,130.0,698.0,323696010,75765024,40441,0,0.0
1790902185.3,0.9882272161586108,34.0,129.0,698.0,323738044,75765024,42034,0,0.0
1790902187.4,0.9677214012902857,34.0,128.0,698.0,323844242,75765024,106198,0,0.0
1790902189.4,0.94386828214628,33.0,128.0,698.0,323844242,75765024,0,0,
1790902191.5,0.9657831118485989,34.0,127.0,698.0,323914038,75765040,69796,16,0.0002
1790902193.5,0.9529660835109502,33.0,127.0,698.0,323914038,75765040,0,0,
1790902195.6,0.9858955469409358,35.0,125.0,698.0,324013969,75765040,99931,0,0.0
1790902197.6,0.9710901626446564,34.0,125.0,698.0,324013969,75765040,0,0,
1790902199.7,0.9570143190238459,33.0,124.0,698.0,324121729,75765040,107760,0,0.0
1790902201.7,0.9716480466906032,33.0,124.0,698.0,324121729,75765040,0,0,
1790902203.8,0.9936558570672465,34.0,123.0,698.0,324161271,75765040,39542,0,0.0
1790902205.8,0.9805384296279342,34.0,122.0,698.0,324202456,75765040,41185,0,0.0
1790902207.9,0.9705537356774,34.0,121.0,698.0,324253329,75765056,50873,16,0.0003
1790902209.9,0.9674853734246928,34.0,120.0,698.0,324380149,75765056,126820,0,0.0
1790902212.0,0.9733503082666972,34.0,119.0,698.0,324380149,75765056,0,0,
1790902214.1,0.9706109545539073,33.0,119.0,698.0,324380149,75765056,0,0,
1790902216.1,0.9883058921138084,34.0,118.0,698.0,324418771,75765056,38622,0,0.0
1790902218.2,0.9422518488849472,32.0,117.0,698.0,324538740,75765056,119969,0,0.0
1790902220.2,0.9292917733560302,31.0,117.0,698.0,324538740,75765056,0,0,
1790902222.3,0.9402921023645701,3.0,27.0,698.0,324538740,75765056,0,0,
1790902224.3,0.0,0.0,0.0,698.0,324661668,75765056,122928,0,0.0
1790902226.4,0.0,0.0,0.0,698.0,324661668,75765056,0,0,
1790902228.4,0.0,0.0,0.0,698.0,324661668,75765056,0,0,
1790902230.5,0.0,0.0,0.0,698.0,324661668,75765056,0,0,
1790902232.5,0.0,0.0,0.0,698.0,324661668,75765056,0,0,
1790902234.6,0.0,0.0,0.0,698.0,324661668,75765056,0,0,
1790902236.6,0.0,0.0,0.0,698.0,324661668,75765056,0,0,
1790902238.7,0.0,0.0,0.0,698.0,324661668,75765056,0,0,
1790902240.7,0.0,0.0,0.0,698.0,324661668,75765056,0,0,
1790902242.8,0.0,0.0,0.0,698.0,324661668,75765056,0,0,
1790902244.8,0.0,0.0,0.0,698.0,324661668,75765056,0,0,
1790902246.9,0.0,0.0,0.0,698.0,324661668,75765056,0,0,
1790902248.9,0.0,0.0,0.0,698.0,324661668,75765056,0,0,
1790902251.0,0.0,0.0,0.0,698.0,324661668,75765056,0,0,
1790902253.0,0.0,0.0,0.0,698.0,324661668,75765056,0,0,
1790902255.1,0.0,0.0,0.0,698.0,324661668,75765056,0,0,
1790902257.1,0.0,0.0,0.0,698.0,324661668,75765056,0,0,
1790902259.2,0.0,0.0,0.0,698.0,324661668,75765056,0,0,
1790902261.2,0.0,0.0,0.0,698.0,324661668,75765056,0,0,
1790902263.3,0.0,0.0,0.0,698.0,324661668,75765056,0,0,
1790902265.3,0.0,0.0,0.0,698.0,324661668,75765056,0,0,
1790902267.4,0.0,0.0,0.0,698.0,324661668,75765056,0,0,
1790902269.4,0.0,0.0,0.0,698.0,324661668,75765056,0,0,
1790902271.5,0.0,0.0,0.0,698.0,324661668,75765056,0,0,
1790902273.5,0.0,0.0,0.0,698.0,324661668,75765056,0,0,
1790902275.6,0.0,0.0,0.0,698.0,324661668,75765056,0,0,
1790902277.7,0.0,0.0,0.0,698.0,324661668,75765056,0,0,
1790902279.7,0.0,0.0,0.0,698.0,324661668,75765056,0,0,
1790902281.8,0.0,0.0,0.0,698.0,324661668,75765056,0,0,
1790902283.8,0.0,0.0,0.0,698.0,324661668,75765056,0,0,
1790902285.9,0.0,0.0,0.0,698.0,324661668,75765056,0,0,
1790902287.9,0.0,0.0,0.0,698.0,324661668,75765056,0,0,
1790902290.0,0.0,0.0,0.0,698.0,324661668,75765056,0,0,
1790902292.0,0.0,0.0,0.0,698.0,324661668,75765056,0,0,
1790902294.1,0.0,0.0,0.0,698.0,324661668,75765056,0,0,
1790902296.1,0.0,0.0,0.0,698.0,324661668,75765056,0,0,
1790902298.2,0.0,0.0,0.0,698.0,324661668,75765056,0,0,
1790902300.2,0.0,0.0,0.0,698.0,324661668,75765056,0,0,
1790902302.3,0.0,0.0,0.0,698.0,324661668,75765056,0,0,
1790902304.3,0.0,0.0,0.0,698.0,324661668,75765056,0,0,
1790902306.4,0.0,0.0,0.0,698.0,324661668,75765056,0,0,
1790902308.4,0.0,0.0,0.0,698.0,324661668,75765056,0,0,
1790902310.5,0.0,0.0,0.0,698.0,324661668,75765056,0,0,
1790902312.5,0.0,0.0,0.0,698.0,324661668,75765056,0,0,
1790902314.6,0.0,0.0,0.0,698.0,324661668,75765056,0,0,
1790902316.6,0.0,0.0,0.0,698.0,324661668,75765056,0,0,
1790902318.7,0.0,0.0,0.0,698.0,324661668,75765056,0,0,
1790902320.7,0.0,0.0,0.0,698.0,324661668,75765056,0,0,
1790902322.8,0.0,0.0,0.0,698.0,324661668,75765056,0,0,
1790902324.8,0.0,0.0,0.0,698.0,324661668,75765056,0,0,
1790902324.9,0.0,0.0,0.0,698.0,324661668,75765056,0,0,
