ts,kv_cache_usage_perc,num_requests_running,num_requests_waiting,num_preemptions_total,cum_prefix_cache_queries,cum_prefix_cache_hits,interval_queries,interval_hits,interval_hit_rate
1789740270.5,0.0,0.0,0.0,266.0,3857952085,1044187984,0,0,
1789740272.6,0.0,0.0,0.0,266.0,3857952085,1044187984,0,0,
1789740274.6,0.0,0.0,0.0,266.0,3857952085,1044187984,0,0,
1789740276.7,0.0,0.0,0.0,266.0,3857952085,1044187984,0,0,
1789740278.7,0.0,0.0,0.0,266.0,3857952085,1044187984,0,0,
1789740280.8,0.0,0.0,0.0,266.0,3857952085,1044187984,0,0,
1789740282.8,0.0,0.0,0.0,266.0,3857952085,1044187984,0,0,
1789740284.9,0.0,0.0,0.0,266.0,3857952085,1044187984,0,0,
1789740286.9,0.0,0.0,0.0,266.0,3857952085,1044187984,0,0,
1789740289.0,0.0,0.0,0.0,266.0,3857952085,1044187984,0,0,
1789740291.0,0.0,0.0,0.0,266.0,3857952085,1044187984,0,0,
1789740293.0,0.0,0.0,0.0,266.0,3857952085,1044187984,0,0,
1789740295.1,0.0,0.0,0.0,266.0,3857952085,1044187984,0,0,
1789740297.2,0.0,0.0,0.0,266.0,3857952085,1044187984,0,0,
1789740299.2,0.0,0.0,0.0,266.0,3857952085,1044187984,0,0,
1789740301.3,0.0,0.0,0.0,266.0,3857952085,1044187984,0,0,
1789740303.3,0.0,0.0,0.0,266.0,3857952085,1044187984,0,0,
1789740305.3,0.0,0.0,0.0,266.0,3857952085,1044187984,0,0,
1789740307.4,0.0,0.0,0.0,266.0,3857952085,1044187984,0,0,
1789740309.4,0.0,0.0,0.0,266.0,3857952085,1044187984,0,0,
1789740311.5,0.0,0.0,0.0,266.0,3857952085,1044187984,0,0,
1789740313.5,0.0,0.0,0.0,266.0,3857952085,1044187984,0,0,
1789740315.6,0.0,0.0,0.0,266.0,3857952085,1044187984,0,0,
1789740317.6,0.0,0.0,0.0,266.0,3857952085,1044187984,0,0,
1789740319.7,0.0,0.0,0.0,266.0,3857952085,1044187984,0,0,
1789740321.7,0.0,0.0,0.0,266.0,3857952085,1044187984,0,0,
1789740323.7,0.0,0.0,0.0,266.0,3857952085,1044187984,0,0,
1789740325.8,0.0,0.0,0.0,266.0,3857952085,1044187984,0,0,
1789740327.8,0.0,0.0,0.0,266.0,3857952085,1044187984,0,0,
1789740329.9,0.0,0.0,0.0,266.0,3857952085,1044187984,0,0,
1789740331.9,0.0,0.0,0.0,266.0,3857952085,1044187984,0,0,
1789740334.0,0.0,0.0,0.0,266.0,3857952085,1044187984,0,0,
1789740336.0,0.0,0.0,0.0,266.0,3857952085,1044187984,0,0,
1789740338.1,0.0,0.0,0.0,266.0,3857954477,1044187984,2392,0,0.0
1789740340.1,0.0351,15.0,44.0,266.0,3858382275,1044187984,427798,0,0.0
1789740342.2,0.0687,29.0,85.0,266.0,3858681999,1044187984,299724,0,0.0
1789740344.3,0.104,55.0,113.0,266.0,3858951348,1044187984,269349,0,0.0
1789740346.4,0.1413,74.0,153.0,266.0,3859285309,1044187984,333961,0,0.0
1789740348.4,0.1798,101.0,154.0,266.0,3859670723,1044187984,385414,0,0.0
1789740350.5,0.2115,91.0,194.0,266.0,3859946834,1044187984,276111,0,0.0
1789740352.6,0.2435,85.0,214.0,266.0,3860329559,1044187984,382725,0,0.0
1789740354.7,0.2754,103.0,220.0,266.0,3860668817,1044188432,339258,448,0.0013
1789740356.7,0.3077,101.0,231.0,266.0,3860947674,1044188432,278857,0,0.0
1789740358.8,0.3307,90.0,238.0,266.0,3861118301,1044188432,170627,0,0.0
1789740360.9,0.3571,93.0,243.0,266.0,3861551720,1044188432,433419,0,0.0
1789740363.0,0.3786,87.0,250.0,266.0,3861577872,1044188432,26152,0,0.0
1789740365.0,0.3997,94.0,245.0,266.0,3861795354,1044188448,217482,16,0.0001
1789740367.1,0.4283,102.0,237.0,266.0,3862011625,1044188448,216271,0,0.0
1789740369.2,0.4536,104.0,235.0,266.0,3862189125,1044188448,177500,0,0.0
1789740371.3,0.4707,99.0,237.0,266.0,3862465689,1044188448,276564,0,0.0
1789740373.3,0.4989,109.0,230.0,266.0,3862781712,1044188448,316023,0,0.0
1789740375.4,0.529,115.0,226.0,266.0,3863017771,1044188448,236059,0,0.0
1789740377.5,0.5578,122.0,219.0,266.0,3863286214,1044188848,268443,400,0.0015
1789740379.6,0.5833,126.0,216.0,266.0,3863494688,1044189248,208474,400,0.0019
1789740381.7,0.6075,127.0,214.0,266.0,3863743728,1044189264,249040,16,0.0001
1789740383.8,0.6393,131.0,210.0,266.0,3864136307,1044189264,392579,0,0.0
1789740385.9,0.6674,135.0,206.0,266.0,3864384398,1044189264,248091,0,0.0
1789740387.9,0.6892,136.0,205.0,266.0,3864597763,1044189264,213365,0,0.0
1789740390.0,0.7041,136.0,203.0,266.0,3864804937,1044189280,207174,16,0.0001
1789740392.1,0.7188,139.0,202.0,266.0,3865050727,1044189744,245790,464,0.0019
1789740394.2,0.7377,144.0,197.0,266.0,3865244582,1044189760,193855,16,0.0001
1789740396.2,0.7584,151.0,189.0,266.0,3865574126,1044189760,329544,0,0.0
1789740398.3,0.7858,152.0,190.0,266.0,3865752462,1044189760,178336,0,0.0
1789740400.4,0.8131,160.0,183.0,266.0,3865988195,1044189760,235733,0,0.0
1789740402.4,0.8405,167.0,175.0,266.0,3866261694,1044190192,273499,432,0.0016
1789740404.5,0.8624,172.0,167.0,266.0,3866633134,1044190272,371440,80,0.0002
1789740406.6,0.8867,171.0,168.0,266.0,3866833894,1044190272,200760,0,0.0
1789740408.7,0.8979,174.0,163.0,266.0,3867121419,1044190288,287525,16,0.0001
1789740410.7,0.9118,177.0,160.0,266.0,3867332763,1044190288,211344,0,0.0
1789740412.8,0.9055,179.0,156.0,266.0,3867632808,1044190288,300045,0,0.0
1789740414.9,0.9202,179.0,160.0,266.0,3867852002,1044190304,219194,16,0.0001
1789740416.9,0.9457,184.0,156.0,266.0,3868199483,1044190320,347481,16,0.0
1789740419.0,0.967,184.0,155.0,266.0,3868268319,1044190320,68836,0,0.0
1789740421.1,0.9651,185.0,155.0,266.0,3868614278,1044190352,345959,32,0.0001
1789740423.2,0.9573,180.0,155.0,266.0,3868724306,1044190352,110028,0,0.0
1789740425.2,0.9727,186.0,151.0,266.0,3869097731,1044190400,373425,48,0.0001
1789740427.3,0.9669,182.0,154.0,266.0,3869256121,1044190432,158390,32,0.0002
1789740429.4,0.9534,182.0,157.0,266.0,3869507705,1044190480,251584,48,0.0002
1789740431.4,0.9507,181.0,157.0,266.0,3869741670,1044190512,233965,32,0.0001
1789740433.5,0.9679,181.0,159.0,266.0,3869848051,1044190512,106381,0,0.0
1789740435.6,0.9568,181.0,157.0,266.0,3870175302,1044190528,327251,16,0.0
1789740437.7,0.9658,180.0,161.0,266.0,3870208004,1044190544,32702,16,0.0005
1789740439.7,0.9752,181.0,161.0,266.0,3870374001,1044190576,165997,32,0.0002
1789740441.8,0.9808,181.0,158.0,266.0,3870606377,1044190576,232376,0,0.0
1789740443.9,0.9757,180.0,154.0,266.0,3870868343,1044190576,261966,0,0.0
1789740446.0,0.9539,179.0,160.0,266.0,3871164280,1044190608,295937,32,0.0001
1789740448.0,0.9537,178.0,158.0,266.0,3871388104,1044190608,223824,0,0.0
1789740450.1,0.9683,179.0,157.0,266.0,3871539000,1044190608,150896,0,0.0
1789740452.2,0.962,176.0,162.0,266.0,3871724440,1044190608,185440,0,0.0
1789740454.3,0.9584,176.0,162.0,266.0,3872073515,1044190624,349075,16,0.0
1789740456.3,0.9502,174.0,164.0,266.0,3872265108,1044190624,191593,0,0.0
1789740458.4,0.9613,177.0,161.0,266.0,3872479057,1044190656,213949,32,0.0001
1789740460.5,0.9663,177.0,163.0,266.0,3872718058,1044190704,239001,48,0.0002
1789740462.5,0.97,175.0,164.0,266.0,3872831523,1044190704,113465,0,0.0
1789740464.6,0.9746,176.0,163.0,266.0,3873074205,1044190720,242682,16,0.0001
1789740466.7,0.9573,174.0,164.0,266.0,3873315180,1044190752,240975,32,0.0001
1789740468.8,0.9777,179.0,161.0,266.0,3873639831,1044190784,324651,32,0.0001
1789740470.8,0.981,182.0,160.0,266.0,3873832949,1044190816,193118,32,0.0002
1789740472.9,0.9728,178.0,165.0,266.0,3873975302,1044190816,142353,0,0.0
1789740475.0,0.9768,178.0,164.0,266.0,3874236873,1044190816,261571,0,0.0
1789740477.0,0.9745,179.0,162.0,266.0,3874499726,1044190816,262853,0,0.0
1789740479.1,0.972,180.0,158.0,266.0,3874774835,1044190832,275109,16,0.0001
1789740481.2,0.959,176.0,158.0,266.0,3874943836,1044190832,169001,0,0.0
1789740483.3,0.9565,175.0,159.0,266.0,3875164687,1044190848,220851,16,0.0001
1789740485.3,0.9687,178.0,162.0,266.0,3875419370,1044190848,254683,0,0.0
1789740487.4,0.9621,177.0,163.0,266.0,3875639436,1044190848,220066,0,0.0
1789740489.5,0.9557,179.0,159.0,266.0,3876002179,1044190848,362743,0,0.0
1789740491.6,0.9521,176.0,162.0,266.0,3876124650,1044190848,122471,0,0.0
1789740493.6,0.9602,177.0,164.0,266.0,3876339125,1044190864,214475,16,0.0001
1789740495.7,0.9534,176.0,163.0,266.0,3876495490,1044190864,156365,0,0.0
1789740497.8,0.9628,176.0,164.0,266.0,3876658539,1044190880,163049,16,0.0001
1789740499.8,0.9636,177.0,164.0,266.0,3876791969,1044190896,133430,16,0.0001
1789740501.9,0.9596,178.0,160.0,266.0,3877064995,1044190896,273026,0,0.0
1789740504.0,0.9532,178.0,155.0,266.0,3877345337,1044190928,280342,32,0.0001
1789740506.0,0.9605,179.0,154.0,266.0,3877605359,1044190928,260022,0,0.0
1789740508.1,0.981,182.0,157.0,266.0,3877829516,1044190944,224157,16,0.0001
1789740510.2,0.9569,180.0,155.0,266.0,3878109344,1044190960,279828,16,0.0001
1789740512.3,0.9652,182.0,155.0,266.0,3878366948,1044190976,257604,16,0.0001
1789740514.3,0.9703,181.0,154.0,266.0,3878622065,1044191008,255117,32,0.0001
1789740516.4,0.9702,179.0,160.0,266.0,3878785891,1044191008,163826,0,0.0
1789740518.5,0.9793,182.0,161.0,266.0,3879030291,1044191040,244400,32,0.0001
1789740520.6,0.9719,182.0,157.0,266.0,3879249449,1044191056,219158,16,0.0001
1789740522.6,0.9584,181.0,156.0,266.0,3879648029,1044191072,398580,16,0.0
1789740524.7,0.9521,180.0,158.0,266.0,3879820490,1044191104,172461,32,0.0002
1789740526.8,0.9595,179.0,160.0,266.0,3879926797,1044191120,106307,16,0.0002
1789740528.9,0.9653,180.0,161.0,266.0,3880119274,1044191152,192477,32,0.0002
1789740530.9,0.9655,180.0,159.0,266.0,3880292548,1044191152,173274,0,0.0
1789740533.0,0.9657,180.0,159.0,266.0,3880480580,1044191152,188032,0,0.0
1789740535.1,0.9602,179.0,158.0,266.0,3880662351,1044191152,181771,0,0.0
1789740537.1,0.949,180.0,158.0,266.0,3880965974,1044191184,303623,32,0.0001
1789740539.2,0.9656,184.0,156.0,266.0,3881203844,1044191200,237870,16,0.0001
1789740541.3,0.977,187.0,153.0,266.0,3881416847,1044191216,213003,16,0.0001
1789740543.4,0.9688,186.0,155.0,266.0,3881696031,1044191232,279184,16,0.0001
1789740545.4,0.9689,184.0,155.0,266.0,3881845115,1044191248,149084,16,0.0001
1789740547.5,0.9715,183.0,157.0,266.0,3882007328,1044191248,162213,0,0.0
1789740549.6,0.956,182.0,155.0,266.0,3882450187,1044191248,442859,0,0.0
1789740551.7,0.9456,177.0,161.0,266.0,3882515069,1044191264,64882,16,0.0002
1789740553.7,0.9426,177.0,161.0,266.0,3882768862,1044191280,253793,16,0.0001
1789740555.8,0.956,179.0,163.0,266.0,3882850581,1044191280,81719,0,0.0
1789740557.9,0.9751,182.0,160.0,266.0,3883058967,1044191296,208386,16,0.0001
1789740560.0,0.9702,181.0,160.0,266.0,3883228347,1044191296,169380,0,0.0
1789740562.0,0.9746,184.0,158.0,266.0,3883427235,1044191328,198888,32,0.0002
1789740564.1,0.9634,185.0,154.0,266.0,3883656071,1044191344,228836,16,0.0001
1789740566.2,0.9715,186.0,155.0,266.0,3883898544,1044191360,242473,16,0.0001
1789740568.3,0.9562,184.0,155.0,266.0,3884129419,1044191360,230875,0,0.0
1789740570.3,0.9548,184.0,155.0,266.0,3884365752,1044191360,236333,0,0.0
1789740572.4,0.9682,187.0,153.0,266.0,3884596171,1044191360,230419,0,0.0
1789740574.5,0.9711,187.0,152.0,266.0,3884809988,1044191360,213817,0,0.0
1789740576.5,0.9568,185.0,156.0,266.0,3885018836,1044191360,208848,0,0.0
1789740578.6,0.9572,188.0,151.0,266.0,3885361751,1044191360,342915,0,0.0
1789740580.7,0.9448,184.0,155.0,266.0,3885559486,1044191376,197735,16,0.0001
1789740582.8,0.9601,187.0,152.0,266.0,3885740490,1044191408,181004,32,0.0002
1789740584.8,0.9597,188.0,148.0,266.0,3885992584,1044191440,252094,32,0.0001
1789740586.9,0.9599,190.0,144.0,266.0,3886252708,1044191440,260124,0,0.0
1789740589.0,0.9671,196.0,144.0,266.0,3886571778,1044191488,319070,48,0.0002
1789740591.1,0.9683,192.0,146.0,266.0,3886741021,1044191488,169243,0,0.0
1789740593.1,0.975,193.0,147.0,266.0,3886955119,1044191504,214098,16,0.0001
1789740595.2,0.9526,189.0,147.0,266.0,3887327834,1044191520,372715,16,0.0
1789740597.3,0.9538,190.0,148.0,266.0,3887570217,1044191568,242383,48,0.0002
1789740599.4,0.9677,193.0,148.0,266.0,3887776343,1044191568,206126,0,0.0
1789740601.5,0.9771,192.0,148.0,266.0,3887833715,1044191568,57372,0,0.0
1789740603.5,0.9691,191.0,149.0,266.0,3888049796,1044191568,216081,0,0.0
1789740605.6,0.9667,191.0,149.0,266.0,3888231193,1044191568,181397,0,0.0
1789740607.7,0.9634,192.0,147.0,266.0,3888481274,1044191584,250081,16,0.0001
1789740609.8,0.9724,192.0,146.0,266.0,3888692435,1044191632,211161,48,0.0002
1789740611.8,0.9778,192.0,147.0,266.0,3888901422,1044191632,208987,0,0.0
1789740613.9,0.9795,192.0,148.0,266.0,3889162918,1044191664,261496,32,0.0001
1789740616.0,0.9733,189.0,151.0,266.0,3889313208,1044191680,150290,16,0.0001
1789740618.1,0.9783,191.0,150.0,266.0,3889545406,1044191680,232198,0,0.0
1789740620.1,0.964,191.0,151.0,266.0,3889755702,1044191712,210296,32,0.0002
1789740622.2,0.9544,190.0,150.0,266.0,3890146068,1044191728,390366,16,0.0
1789740624.3,0.9688,189.0,150.0,266.0,3890254180,1044191744,108112,16,0.0001
1789740626.3,0.9858,189.0,151.0,266.0,3890390801,1044191744,136621,0,0.0
1789740628.4,0.9812,189.0,153.0,266.0,3890578490,1044191744,187689,0,0.0
1789740630.5,0.9792,190.0,152.0,267.0,3890718722,1044191760,140232,16,0.0001
1789740632.6,0.9682,189.0,150.0,267.0,3891012081,1044191760,293359,0,0.0
1789740634.6,0.9791,190.0,152.0,267.0,3891196512,1044191760,184431,0,0.0
1789740636.7,0.9693,189.0,151.0,267.0,3891398798,1044191760,202286,0,0.0
1789740638.8,0.9656,189.0,153.0,267.0,3891636864,1044191776,238066,16,0.0001
1789740640.9,0.9669,188.0,151.0,267.0,3891879101,1044191792,242237,16,0.0001
1789740643.0,0.9798,188.0,154.0,267.0,3892037878,1044191792,158777,0,0.0
1789740645.0,0.9518,184.0,157.0,267.0,3892355959,1044191808,318081,16,0.0001
1789740647.1,0.935,181.0,159.0,267.0,3892582959,1044191840,227000,32,0.0001
1789740649.2,0.9498,181.0,163.0,267.0,3892705984,1044191840,123025,0,0.0
1789740651.2,0.9485,180.0,164.0,267.0,3892779991,1044191840,74007,0,0.0
1789740653.3,0.9645,183.0,162.0,267.0,3893009665,1044191856,229674,16,0.0001
1789740655.4,0.9683,183.0,159.0,267.0,3893143152,1044191872,133487,16,0.0001
1789740657.5,0.9579,180.0,160.0,267.0,3893424912,1044191872,281760,0,0.0
1789740659.5,0.9639,179.0,160.0,267.0,3893569315,1044191872,144403,0,0.0
1789740661.6,0.9743,180.0,162.0,267.0,3893784187,1044191888,214872,16,0.0001
1789740663.7,0.9856,180.0,164.0,267.0,3893979031,1044191888,194844,0,0.0
1789740665.8,0.9883,177.0,168.0,267.0,3894077582,1044191904,98551,16,0.0002
1789740667.8,0.976,174.0,165.0,267.0,3894309343,1044191904,231761,0,0.0
1789740669.9,0.9711,173.0,169.0,267.0,3894554094,1044191904,244751,0,0.0
1789740672.0,0.9745,172.0,173.0,267.0,3894750889,1044191904,196795,0,0.0
1789740674.1,0.965,173.0,169.0,267.0,3894980852,1044191904,229963,0,0.0
1789740676.1,0.962,172.0,172.0,267.0,3895204085,1044191904,223233,0,0.0
1789740678.2,0.9626,172.0,172.0,267.0,3895438899,1044191904,234814,0,0.0
1789740680.3,0.9702,171.0,176.0,267.0,3895588138,1044191904,149239,0,0.0
1789740682.4,0.9772,173.0,172.0,267.0,3895784055,1044191920,195917,16,0.0001
1789740684.5,0.958,173.0,173.0,267.0,3896036419,1044191920,252364,0,0.0
1789740686.6,0.9391,168.0,174.0,267.0,3896255883,1044191920,219464,0,0.0
1789740688.6,0.9284,167.0,175.0,267.0,3896499428,1044191936,243545,16,0.0001
1789740690.7,0.9129,166.0,172.0,267.0,3896742512,1044191952,243084,16,0.0001
1789740692.8,0.916,166.0,174.0,267.0,3896906374,1044191968,163862,16,0.0001
1789740694.9,0.9234,168.0,174.0,267.0,3897187877,1044191968,281503,0,0.0
1789740697.0,0.941,169.0,176.0,267.0,3897420703,1044191968,232826,0,0.0
1789740699.0,0.9317,167.0,174.0,267.0,3897668813,1044192000,248110,32,0.0001
1789740701.1,0.9484,169.0,175.0,267.0,3897841862,1044192000,173049,0,0.0
1789740703.2,0.9403,170.0,172.0,267.0,3898017004,1044192016,175142,16,0.0001
1789740705.3,0.9447,173.0,173.0,267.0,3898373709,1044192016,356705,0,0.0
1789740707.3,0.9608,175.0,170.0,267.0,3898560413,1044192048,186704,32,0.0002
1789740709.4,0.9539,173.0,169.0,267.0,3898735851,1044192048,175438,0,0.0
1789740711.5,0.964,176.0,167.0,267.0,3898944884,1044192064,209033,16,0.0001
1789740713.5,0.9724,177.0,165.0,267.0,3899203693,1044192064,258809,0,0.0
1789740715.6,0.9665,177.0,164.0,267.0,3899451337,1044192080,247644,16,0.0001
1789740717.7,0.9801,180.0,162.0,267.0,3899658812,1044192096,207475,16,0.0001
1789740719.8,0.9785,179.0,164.0,268.0,3899886718,1044192112,227906,16,0.0001
1789740721.8,0.9884,180.0,163.0,268.0,3900038652,1044192128,151934,16,0.0001
1789740723.9,0.9654,177.0,162.0,268.0,3900239501,1044192144,200849,16,0.0001
1789740726.0,0.9674,176.0,165.0,268.0,3900393298,1044192144,153797,0,0.0
1789740728.1,0.9595,174.0,164.0,268.0,3900672200,1044192160,278902,16,0.0001
1789740730.2,0.9509,173.0,165.0,268.0,3900898761,1044192176,226561,16,0.0001
1789740732.2,0.9577,172.0,167.0,268.0,3901002020,1044192192,103259,16,0.0002
1789740734.3,0.9645,174.0,168.0,268.0,3901254293,1044192208,252273,16,0.0001
1789740736.4,0.9725,174.0,169.0,268.0,3901479050,1044192224,224757,16,0.0001
1789740738.5,0.9608,174.0,165.0,268.0,3901748587,1044192224,269537,0,0.0
1789740740.5,0.9732,175.0,167.0,268.0,3901951161,1044192256,202574,32,0.0002
1789740742.6,0.9713,179.0,161.0,268.0,3902170640,1044192256,219479,0,0.0
1789740744.7,0.9647,180.0,158.0,268.0,3902399660,1044192288,229020,32,0.0001
1789740746.7,0.9548,176.0,165.0,268.0,3902575645,1044192288,175985,0,0.0
1789740748.8,0.9573,178.0,163.0,268.0,3902860310,1044192304,284665,16,0.0001
1789740750.9,0.966,177.0,161.0,268.0,3903111258,1044192320,250948,16,0.0001
1789740753.0,0.9407,176.0,161.0,268.0,3903287597,1044192320,176339,0,0.0
1789740755.1,0.9352,171.0,166.0,268.0,3903590071,1044192320,302474,0,0.0
1789740757.1,0.9404,171.0,169.0,268.0,3903755647,1044192320,165576,0,0.0
1789740759.2,0.9452,172.0,167.0,268.0,3903963759,1044192336,208112,16,0.0001
1789740761.3,0.952,172.0,171.0,268.0,3904053764,1044192352,90005,16,0.0002
1789740763.4,0.9525,172.0,170.0,268.0,3904312318,1044192352,258554,0,0.0
1789740765.4,0.96,172.0,170.0,268.0,3904535729,1044192384,223411,32,0.0001
1789740767.5,0.9523,171.0,168.0,268.0,3904696122,1044192384,160393,0,0.0
1789740769.6,0.9634,171.0,170.0,268.0,3904784637,1044192384,88515,0,0.0
1789740771.6,0.969,170.0,170.0,268.0,3904944013,1044192384,159376,0,0.0
1789740773.7,0.9634,172.0,168.0,268.0,3905076548,1044192400,132535,16,0.0001
1789740775.8,0.9718,174.0,167.0,268.0,3905321708,1044192400,245160,0,0.0
1789740777.9,0.9668,172.0,168.0,268.0,3905464012,1044192416,142304,16,0.0001
1789740779.9,0.9612,170.0,169.0,268.0,3905714105,1044192432,250093,16,0.0001
1789740782.0,0.95,168.0,170.0,268.0,3905935575,1044192432,221470,0,0.0
1789740784.1,0.9522,165.0,178.0,268.0,3905983100,1044192432,47525,0,0.0
1789740786.1,0.9425,161.0,179.0,268.0,3906148008,1044192432,164908,0,0.0
1789740788.2,0.9599,163.0,179.0,268.0,3906315761,1044192432,167753,0,0.0
1789740790.3,0.9485,162.0,180.0,268.0,3906453555,1044192448,137794,16,0.0001
1789740792.4,0.9638,163.0,177.0,268.0,3906610275,1044192448,156720,0,0.0
1789740794.5,0.9603,164.0,174.0,268.0,3906926220,1044192496,315945,48,0.0002
1789740796.6,0.9649,163.0,176.0,268.0,3907073690,1044192496,147470,0,0.0
1789740798.6,0.9783,165.0,176.0,268.0,3907303265,1044192496,229575,0,0.0
1789740800.7,0.9662,163.0,174.0,268.0,3907532922,1044192512,229657,16,0.0001
1789740802.8,0.969,164.0,173.0,268.0,3907746379,1044192512,213457,0,0.0
1789740804.8,0.9839,166.0,174.0,268.0,3907850508,1044192512,104129,0,0.0
1789740806.9,0.9772,166.0,174.0,268.0,3908030895,1044192512,180387,0,0.0
1789740809.0,0.961,164.0,173.0,268.0,3908303682,1044192528,272787,16,0.0001
1789740811.1,0.974,166.0,173.0,268.0,3908485292,1044192528,181610,0,0.0
1789740813.2,0.9799,166.0,174.0,268.0,3908650380,1044192528,165088,0,0.0
1789740815.2,0.9744,165.0,175.0,268.0,3908853244,1044192528,202864,0,0.0
1789740817.3,0.971,165.0,175.0,268.0,3909120658,1044192528,267414,0,0.0
1789740819.4,0.9726,164.0,177.0,268.0,3909288522,1044192544,167864,16,0.0001
1789740821.5,0.9732,164.0,176.0,268.0,3909475893,1044192544,187371,0,0.0
1789740823.5,0.9663,164.0,175.0,268.0,3909713858,1044192544,237965,0,0.0
1789740825.6,0.9635,164.0,175.0,268.0,3909883056,1044192560,169198,16,0.0001
1789740827.7,0.9769,167.0,173.0,268.0,3910139793,1044192592,256737,32,0.0001
1789740829.7,0.9613,163.0,172.0,268.0,3910461304,1044192592,321511,0,0.0
1789740831.8,0.9523,162.0,173.0,268.0,3910617107,1044192592,155803,0,0.0
1789740833.9,0.9638,165.0,172.0,268.0,3910844452,1044192624,227345,32,0.0001
1789740836.0,0.9645,164.0,176.0,268.0,3910943669,1044192624,99217,0,0.0
1789740838.0,0.9726,164.0,178.0,268.0,3911064425,1044192624,120756,0,0.0
1789740840.1,0.9593,164.0,177.0,268.0,3911283182,1044192624,218757,0,0.0
1789740842.2,0.9494,162.0,178.0,268.0,3911502802,1044192640,219620,16,0.0001
1789740844.3,0.9568,161.0,179.0,268.0,3911561803,1044192640,59001,0,0.0
1789740846.3,0.9577,164.0,176.0,268.0,3911764435,1044192656,202632,16,0.0001
1789740848.4,0.9684,168.0,172.0,268.0,3912069596,1044192656,305161,0,0.0
1789740850.5,0.9899,170.0,172.0,268.0,3912211131,1044192656,141535,0,0.0
1789740852.6,0.9723,168.0,171.0,268.0,3912408635,1044192672,197504,16,0.0001
1789740854.6,0.9813,168.0,170.0,268.0,3912590641,1044192672,182006,0,0.0
1789740856.7,0.9841,167.0,172.0,268.0,3912726385,1044192704,135744,32,0.0002
1789740858.8,0.9478,163.0,171.0,268.0,3913016709,1044192704,290324,0,0.0
1789740860.9,0.9611,164.0,174.0,268.0,3913105434,1044192704,88725,0,0.0
1789740863.0,0.9441,163.0,170.0,268.0,3913336838,1044192720,231404,16,0.0001
1789740865.1,0.9579,164.0,174.0,268.0,3913493900,1044192720,157062,0,0.0
1789740867.1,0.9488,164.0,174.0,268.0,3913760051,1044192720,266151,0,0.0
1789740869.2,0.955,166.0,174.0,268.0,3914091010,1044192736,330959,16,0.0
1789740871.3,0.9735,168.0,173.0,268.0,3914218496,1044192752,127486,16,0.0001
1789740873.3,0.9784,168.0,173.0,268.0,3914391112,1044192752,172616,0,0.0
1789740875.4,0.9731,168.0,172.0,268.0,3914631192,1044192752,240080,0,0.0
1789740877.5,0.9792,171.0,168.0,268.0,3914880121,1044192768,248929,16,0.0001
1789740879.6,0.9713,168.0,165.0,268.0,3915091542,1044192784,211421,16,0.0001
1789740881.6,0.9761,167.0,170.0,268.0,3915220530,1044192784,128988,0,0.0
1789740883.7,0.9762,169.0,166.0,268.0,3915507301,1044192800,286771,16,0.0001
1789740885.8,0.9713,168.0,169.0,268.0,3915708034,1044192800,200733,0,0.0
1789740887.9,0.9636,165.0,170.0,268.0,3915872932,1044192800,164898,0,0.0
1789740889.9,0.9553,164.0,174.0,268.0,3916129987,1044192800,257055,0,0.0
1789740892.0,0.9686,165.0,175.0,268.0,3916350164,1044192800,220177,0,0.0
1789740894.1,0.9808,166.0,176.0,268.0,3916431563,1044192816,81399,16,0.0002
1789740896.2,0.9724,165.0,175.0,268.0,3916600988,1044192832,169425,16,0.0001
1789740898.3,0.9742,163.0,176.0,268.0,3916816109,1044192864,215121,32,0.0001
1789740900.3,0.9716,165.0,175.0,268.0,3916986351,1044192864,170242,0,0.0
1789740902.4,0.9504,162.0,174.0,268.0,3917154366,1044192880,168015,16,0.0001
1789740904.5,0.956,164.0,177.0,268.0,3917446633,1044192896,292267,16,0.0001
1789740906.5,0.9494,163.0,180.0,268.0,3917539905,1044192912,93272,16,0.0002
1789740908.6,0.9535,164.0,176.0,268.0,3917755294,1044192928,215389,16,0.0001
1789740910.7,0.9541,164.0,177.0,268.0,3917914556,1044192928,159262,0,0.0
1789740912.8,0.94,164.0,176.0,268.0,3918274832,1044192928,360276,0,0.0
1789740914.9,0.9564,165.0,175.0,268.0,3918474135,1044192960,199303,32,0.0002
1789740916.9,0.9618,165.0,173.0,268.0,3918634422,1044192976,160287,16,0.0001
1789740919.0,0.9709,166.0,175.0,268.0,3918816658,1044192992,182236,16,0.0001
1789740921.1,0.9544,164.0,176.0,268.0,3918889840,1044192992,73182,0,0.0
1789740923.2,0.952,165.0,175.0,268.0,3919144154,1044192992,254314,0,0.0
1789740925.3,0.9557,166.0,175.0,268.0,3919442607,1044192992,298453,0,0.0
1789740927.4,0.9611,166.0,175.0,268.0,3919683132,1044192992,240525,0,0.0
1789740929.4,0.9595,164.0,178.0,268.0,3919797274,1044192992,114142,0,0.0
1789740931.5,0.9687,166.0,175.0,268.0,3919997918,1044192992,200644,0,0.0
1789740933.6,0.9705,164.0,177.0,268.0,3920091404,1044192992,93486,0,0.0
1789740935.6,0.9726,163.0,177.0,268.0,3920304401,1044192992,212997,0,0.0
1789740937.7,0.9731,163.0,178.0,268.0,3920464548,1044193008,160147,16,0.0001
1789740939.8,0.9684,163.0,175.0,268.0,3920722058,1044193008,257510,0,0.0
1789740941.9,0.9575,161.0,177.0,268.0,3920903444,1044193008,181386,0,0.0
1789740943.9,0.9645,161.0,178.0,268.0,3921117934,1044193040,214490,32,0.0001
1789740946.0,0.9577,161.0,178.0,268.0,3921287929,1044193040,169995,0,0.0
1789740948.1,0.974,164.0,176.0,268.0,3921575797,1044193072,287868,32,0.0001
1789740950.1,0.9808,165.0,175.0,268.0,3921661677,1044193072,85880,0,0.0
1789740952.3,0.9604,163.0,176.0,268.0,3921941527,1044193072,279850,0,0.0
1789740954.3,0.957,163.0,177.0,269.0,3922093095,1044193088,151568,16,0.0001
1789740956.4,0.9431,160.0,178.0,269.0,3922306867,1044193088,213772,0,0.0
1789740958.5,0.9541,162.0,180.0,269.0,3922585744,1044193088,278877,0,0.0
1789740960.6,0.9661,164.0,177.0,269.0,3922828576,1044193104,242832,16,0.0001
1789740962.7,0.9797,163.0,180.0,269.0,3922828576,1044193104,0,0,
1789740964.7,0.9634,162.0,177.0,269.0,3923214465,1044193120,385889,16,0.0
1789740966.8,0.9736,163.0,180.0,269.0,3923412528,1044193136,198063,16,0.0001
1789740968.9,0.9664,160.0,180.0,269.0,3923569509,1044193136,156981,0,0.0
1789740971.0,0.9589,159.0,180.0,269.0,3923704920,1044193152,135411,16,0.0001
1789740973.0,0.9598,158.0,182.0,269.0,3923789731,1044193152,84811,0,0.0
1789740975.1,0.975,161.0,181.0,269.0,3924006811,1044193152,217080,0,0.0
1789740977.2,0.974,161.0,180.0,269.0,3924219286,1044193168,212475,16,0.0001
1789740979.3,0.9817,163.0,177.0,269.0,3924443422,1044193168,224136,0,0.0
1789740981.3,0.9628,159.0,178.0,269.0,3924632330,1044193184,188908,16,0.0001
1789740983.4,0.975,161.0,180.0,269.0,3924862703,1044193184,230373,0,0.0
1789740985.5,0.9809,161.0,180.0,269.0,3925017023,1044193184,154320,0,0.0
1789740987.5,0.9772,162.0,179.0,269.0,3925259238,1044193184,242215,0,0.0
1789740989.6,0.9689,161.0,178.0,269.0,3925420807,1044193184,161569,0,0.0
1789740991.7,0.9751,162.0,177.0,269.0,3925756310,1044193184,335503,0,0.0
1789740993.8,0.9865,162.0,179.0,269.0,3925830631,1044193184,74321,0,0.0
1789740995.8,0.9693,158.0,179.0,269.0,3925992145,1044193200,161514,16,0.0001
1789740997.9,0.9828,159.0,184.0,269.0,3926042332,1044193200,50187,0,0.0
1789741000.0,0.9521,154.0,185.0,269.0,3926252130,1044193232,209798,32,0.0002
1789741002.1,0.9568,156.0,183.0,269.0,3926572417,1044193248,320287,16,0.0
1789741004.1,0.97,156.0,186.0,269.0,3926681853,1044193248,109436,0,0.0
1789741006.2,0.93,152.0,185.0,269.0,3927088181,1044193248,406328,0,0.0
1789741008.3,0.9376,151.0,189.0,269.0,3927159022,1044193264,70841,16,0.0002
1789741010.3,0.9385,150.0,190.0,269.0,3927272719,1044193264,113697,0,0.0
1789741012.4,0.9402,151.0,189.0,269.0,3927492134,1044193264,219415,0,0.0
1789741014.5,0.9574,152.0,190.0,269.0,3927566083,1044193264,73949,0,0.0
1789741016.5,0.954,151.0,191.0,269.0,3927819802,1044193264,253719,0,0.0
1789741018.6,0.9714,152.0,191.0,269.0,3927879429,1044193264,59627,0,0.0
1789741020.7,0.9812,152.0,189.0,269.0,3927987115,1044193264,107686,0,0.0
1789741022.8,0.9679,151.0,190.0,269.0,3928262773,1044193280,275658,16,0.0001
1789741024.8,0.9781,151.0,191.0,269.0,3928371121,1044193280,108348,0,0.0
1789741026.9,0.9763,151.0,189.0,269.0,3928597905,1044193312,226784,32,0.0001
1789741029.0,0.9623,149.0,189.0,269.0,3928745571,1044193312,147666,0,0.0
1789741031.1,0.9521,144.0,191.0,269.0,3928982180,1044193312,236609,0,0.0
1789741033.1,0.9683,145.0,195.0,269.0,3929039153,1044193312,56973,0,0.0
1789741035.2,0.9754,147.0,194.0,269.0,3929312058,1044193312,272905,0,0.0
1789741037.3,0.9793,146.0,196.0,269.0,3929356551,1044193328,44493,16,0.0004
1789741039.4,0.9764,146.0,197.0,269.0,3929588094,1044193344,231543,16,0.0001
1789741041.4,0.9753,148.0,194.0,269.0,3929809913,1044193360,221819,16,0.0001
1789741043.5,0.9833,150.0,191.0,269.0,3930000761,1044193360,190848,0,0.0
1789741045.6,0.9781,149.0,192.0,269.0,3930137657,1044193360,136896,0,0.0
1789741047.6,0.9747,150.0,191.0,269.0,3930446570,1044193376,308913,16,0.0001
1789741049.7,0.9827,150.0,192.0,269.0,3930485546,1044193392,38976,16,0.0004
1789741051.8,0.957,148.0,190.0,269.0,3930663366,1044193392,177820,0,0.0
1789741053.9,0.9662,149.0,190.0,269.0,3930835751,1044193408,172385,16,0.0001
1789741055.9,0.9702,151.0,189.0,269.0,3931098362,1044193424,262611,16,0.0001
1789741058.0,0.9763,151.0,191.0,269.0,3931287904,1044193440,189542,16,0.0001
1789741060.1,0.9566,147.0,194.0,269.0,3931363084,1044193440,75180,0,0.0
1789741062.2,0.9595,148.0,193.0,269.0,3931544639,1044193440,181555,0,0.0
1789741064.3,0.9556,147.0,192.0,269.0,3931686409,1044193440,141770,0,0.0
1789741066.4,0.9557,148.0,191.0,269.0,3931929552,1044193440,243143,0,0.0
1789741068.4,0.9463,148.0,192.0,269.0,3932182718,1044193440,253166,0,0.0
1789741070.5,0.9403,147.0,194.0,269.0,3932356275,1044193456,173557,16,0.0001
1789741072.6,0.9508,150.0,189.0,269.0,3932632095,1044193488,275820,32,0.0001
1789741074.6,0.9599,150.0,192.0,269.0,3932687100,1044193488,55005,0,0.0
1789741076.7,0.9554,150.0,192.0,269.0,3932919267,1044193504,232167,16,0.0001
1789741078.8,0.9498,149.0,191.0,269.0,3933218677,1044193504,299410,0,0.0
1789741080.9,0.9612,150.0,193.0,269.0,3933320871,1044193504,102194,0,0.0
1789741083.0,0.9567,149.0,195.0,269.0,3933567455,1044193520,246584,16,0.0001
1789741085.0,0.9707,152.0,192.0,269.0,3933714275,1044193520,146820,0,0.0
1789741087.2,0.9885,154.0,189.0,269.0,3933791538,1044193520,77263,0,0.0
1789741089.2,0.979,153.0,189.0,269.0,3933957056,1044193520,165518,0,0.0
1789741091.3,0.9742,153.0,188.0,269.0,3934178682,1044193520,221626,0,0.0
1789741093.4,0.9633,154.0,187.0,269.0,3934468873,1044193520,290191,0,0.0
1789741095.4,0.9683,154.0,189.0,269.0,3934499566,1044193536,30693,16,0.0005
1789741097.5,0.9781,155.0,187.0,269.0,3934665324,1044193536,165758,0,0.0
1789741099.6,0.9577,153.0,188.0,269.0,3934808146,1044193552,142822,16,0.0001
1789741101.7,0.9451,153.0,188.0,269.0,3935053801,1044193568,245655,16,0.0001
1789741103.8,0.9622,156.0,188.0,269.0,3935220548,1044193568,166747,0,0.0
1789741105.8,0.9714,159.0,185.0,269.0,3935514028,1044193584,293480,16,0.0001
1789741107.9,0.9767,161.0,180.0,269.0,3935770996,1044193616,256968,32,0.0001
1789741110.0,0.9751,160.0,182.0,269.0,3935901943,1044193616,130947,0,0.0
1789741112.1,0.9731,160.0,183.0,269.0,3936197774,1044193632,295831,16,0.0001
1789741114.1,0.9653,158.0,182.0,269.0,3936345564,1044193632,147790,0,0.0
1789741116.2,0.9716,159.0,184.0,269.0,3936530574,1044193632,185010,0,0.0
1789741118.3,0.9756,158.0,189.0,269.0,3936763856,1044193632,233282,0,0.0
1789741120.4,0.9781,157.0,189.0,269.0,3936881508,1044193648,117652,16,0.0001
1789741122.4,0.9611,156.0,188.0,269.0,3937172313,1044193648,290805,0,0.0
1789741124.5,0.9713,158.0,185.0,271.0,3937339631,1044193648,167318,0,0.0
1789741126.6,0.9767,157.0,189.0,271.0,3937464869,1044193648,125238,0,0.0
1789741128.7,0.977,156.0,191.0,271.0,3937583960,1044193680,119091,32,0.0003
1789741130.7,0.9678,155.0,189.0,271.0,3937853822,1044193696,269862,16,0.0001
1789741132.8,0.9501,152.0,192.0,271.0,3937997903,1044193696,144081,0,0.0
1789741134.9,0.9494,152.0,192.0,271.0,3938205611,1044193696,207708,0,0.0
1789741137.0,0.9522,154.0,188.0,271.0,3938409331,1044193696,203720,0,0.0
1789741139.0,0.9775,158.0,186.0,271.0,3938589224,1044193696,179893,0,0.0
1789741141.1,0.9821,159.0,183.0,271.0,3938761563,1044193696,172339,0,0.0
1789741143.2,0.9653,157.0,185.0,271.0,3939052730,1044193728,291167,32,0.0001
1789741145.3,0.9807,158.0,188.0,271.0,3939193756,1044193728,141026,0,0.0
1789741147.4,0.9765,158.0,185.0,271.0,3939315163,1044193728,121407,0,0.0
1789741149.4,0.9514,155.0,184.0,271.0,3939550850,1044193728,235687,0,0.0
1789741151.5,0.9685,156.0,187.0,271.0,3939748481,1044193728,197631,0,0.0
1789741153.6,0.9755,157.0,184.0,271.0,3939951937,1044193728,203456,0,0.0
1789741155.6,0.9633,156.0,184.0,271.0,3940180137,1044193728,228200,0,0.0
1789741157.7,0.9739,157.0,185.0,271.0,3940346174,1044193744,166037,16,0.0001
1789741159.8,0.9807,157.0,185.0,272.0,3940475146,1044193744,128972,0,0.0
1789741161.9,0.9632,156.0,185.0,272.0,3940713520,1044193744,238374,0,0.0
1789741164.0,0.962,156.0,185.0,272.0,3940905162,1044193744,191642,0,0.0
1789741166.0,0.96,155.0,183.0,272.0,3941097546,1044193744,192384,0,0.0
1789741168.1,0.9638,156.0,185.0,272.0,3941346919,1044193744,249373,0,0.0
1789741170.2,0.9712,154.0,187.0,272.0,3941519541,1044193744,172622,0,0.0
1789741172.3,0.9848,156.0,187.0,272.0,3941660279,1044193744,140738,0,0.0
1789741174.3,0.9807,155.0,187.0,272.0,3941844255,1044193760,183976,16,0.0001
1789741176.4,0.9721,154.0,187.0,272.0,3942047093,1044193760,202838,0,0.0
1789741178.5,0.9637,154.0,185.0,272.0,3942298561,1044193760,251468,0,0.0
1789741180.6,0.9674,153.0,188.0,272.0,3942529305,1044193776,230744,16,0.0001
1789741182.6,0.9866,154.0,191.0,272.0,3942606744,1044193792,77439,16,0.0002
1789741184.7,0.9691,151.0,193.0,272.0,3942769402,1044193792,162658,0,0.0
1789741186.8,0.9706,150.0,195.0,272.0,3943075504,1044193808,306102,16,0.0001
1789741188.9,0.9654,149.0,195.0,273.0,3943254341,1044193824,178837,16,0.0001
1789741190.9,0.9652,147.0,197.0,273.0,3943409898,1044193824,155557,0,0.0
1789741193.0,0.9509,145.0,199.0,273.0,3943542746,1044193824,132848,0,0.0
1789741195.1,0.9497,141.0,202.0,273.0,3943542746,1044193824,0,0,
1789741197.2,0.9608,143.0,204.0,273.0,3943835172,1044193824,292426,0,0.0
1789741199.2,0.9508,141.0,202.0,273.0,3944064658,1044193824,229486,0,0.0
1789741201.3,0.9242,138.0,205.0,273.0,3944258273,1044193824,193615,0,0.0
1789741203.4,0.938,139.0,207.0,273.0,3944298893,1044193840,40620,16,0.0004
1789741205.4,0.9456,140.0,208.0,273.0,3944493677,1044193840,194784,0,0.0
1789741207.5,0.9372,139.0,205.0,273.0,3944655325,1044193840,161648,0,0.0
1789741209.6,0.9288,136.0,208.0,273.0,3944699354,1044193840,44029,0,0.0
1789741211.7,0.9352,137.0,210.0,273.0,3944841169,1044193840,141815,0,0.0
1789741213.8,0.9278,138.0,210.0,273.0,3944971406,1044193840,130237,0,0.0
1789741215.9,0.9397,141.0,205.0,273.0,3945298756,1044193840,327350,0,0.0
1789741217.9,0.9558,142.0,204.0,273.0,3945461701,1044193856,162945,16,0.0001
1789741220.0,0.9641,144.0,202.0,273.0,3945618045,1044213488,156344,19632,0.1256
1789741222.1,0.9703,146.0,201.0,273.0,3945947943,1044213488,329898,0,0.0
1789741224.2,0.9671,144.0,200.0,273.0,3946068049,1044213488,120106,0,0.0
1789741226.3,0.9691,144.0,202.0,273.0,3946280843,1044213504,212794,16,0.0001
1789741228.4,0.9759,146.0,198.0,273.0,3946501233,1044213504,220390,0,0.0
1789741230.4,0.9708,146.0,197.0,273.0,3946685501,1044213536,184268,32,0.0002
1789741232.5,0.9609,145.0,196.0,273.0,3946875598,1044213536,190097,0,0.0
1789741234.6,0.9577,147.0,196.0,273.0,3947050528,1044213552,174930,16,0.0001
1789741236.6,0.9689,146.0,196.0,273.0,3947343462,1044213552,292934,0,0.0
1789741238.7,0.9671,144.0,200.0,273.0,3947387848,1044213552,44386,0,0.0
1789741240.8,0.9592,144.0,199.0,273.0,3947709960,1044213568,322112,16,0.0
1789741242.9,0.9547,143.0,199.0,273.0,3947889173,1044213568,179213,0,0.0
1789741244.9,0.9636,142.0,205.0,273.0,3947889173,1044213568,0,0,
1789741247.0,0.9475,141.0,205.0,273.0,3948070365,1044213584,181192,16,0.0001
1789741249.1,0.9633,142.0,206.0,273.0,3948105219,1044213584,34854,0,0.0
1789741251.2,0.9574,142.0,204.0,273.0,3948309544,1044213584,204325,0,0.0
1789741253.3,0.9724,144.0,203.0,273.0,3948521145,1044213600,211601,16,0.0001
1789741255.4,0.9795,144.0,205.0,273.0,3948746987,1044213600,225842,0,0.0
1789741257.4,0.9797,143.0,205.0,273.0,3948784197,1044213600,37210,0,0.0
1789741259.5,0.9628,142.0,204.0,273.0,3949111015,1044213600,326818,0,0.0
1789741261.6,0.9589,140.0,207.0,273.0,3949167730,1044213600,56715,0,0.0
1789741263.7,0.9449,140.0,206.0,273.0,3949423201,1044213600,255471,0,0.0
1789741265.7,0.9597,141.0,206.0,273.0,3949578687,1044213616,155486,16,0.0001
1789741267.8,0.9687,141.0,208.0,273.0,3949622306,1044213616,43619,0,0.0
1789741269.9,0.9711,141.0,207.0,273.0,3949739161,1044213616,116855,0,0.0
1789741272.0,0.9743,141.0,206.0,273.0,3949940033,1044213616,200872,0,0.0
1789741274.1,0.9659,140.0,204.0,273.0,3950185336,1044213616,245303,0,0.0
1789741276.1,0.9764,142.0,203.0,273.0,3950425958,1044213632,240622,16,0.0001
1789741278.2,0.9704,143.0,202.0,273.0,3950619651,1044213632,193693,0,0.0
1789741280.3,0.9822,146.0,201.0,273.0,3950772223,1044213648,152572,16,0.0001
1789741282.3,0.9863,146.0,202.0,273.0,3950942142,1044213680,169919,32,0.0002
1789741284.4,0.9771,145.0,200.0,273.0,3951190304,1044213696,248162,16,0.0001
1789741286.5,0.966,144.0,203.0,273.0,3951372680,1044213696,182376,0,0.0
1789741288.6,0.9649,144.0,203.0,273.0,3951583615,1044213696,210935,0,0.0
1789741290.7,0.9752,145.0,202.0,273.0,3951713097,1044213696,129482,0,0.0
1789741292.7,0.9683,144.0,203.0,273.0,3951948248,1044213696,235151,0,0.0
1789741294.8,0.9683,142.0,203.0,273.0,3952082251,1044213696,134003,0,0.0
1789741296.9,0.9702,143.0,203.0,273.0,3952283634,1044213696,201383,0,0.0
1789741299.0,0.9633,143.0,200.0,273.0,3952564033,1044213712,280399,16,0.0001
1789741301.0,0.9773,144.0,201.0,273.0,3952656324,1044213728,92291,16,0.0002
1789741303.1,0.9799,144.0,202.0,273.0,3952875416,1044213728,219092,0,0.0
1789741305.2,0.9582,143.0,201.0,273.0,3953131766,1044213744,256350,16,0.0001
1789741307.3,0.963,142.0,203.0,273.0,3953215953,1044213744,84187,0,0.0
1789741309.3,0.9648,142.0,202.0,273.0,3953474374,1044213744,258421,0,0.0
1789741311.4,0.9678,143.0,201.0,273.0,3953636241,1044213744,161867,0,0.0
1789741313.5,0.9725,144.0,200.0,273.0,3953804506,1044213760,168265,16,0.0001
1789741315.6,0.9685,144.0,200.0,273.0,3954000639,1044213760,196133,0,0.0
1789741317.7,0.9734,144.0,202.0,273.0,3954049814,1044213760,49175,0,0.0
1789741319.7,0.9699,146.0,197.0,273.0,3954376337,1044213776,326523,16,0.0
1789741321.8,0.9529,142.0,199.0,273.0,3954414585,1044213776,38248,0,0.0
1789741323.9,0.9533,143.0,199.0,273.0,3954767366,1044213776,352781,0,0.0
1789741325.9,0.9652,143.0,201.0,273.0,3954767366,1044213776,0,0,
1789741328.0,0.9496,145.0,198.0,273.0,3954902571,1044213776,135205,0,0.0
1789741330.1,0.9568,148.0,195.0,273.0,3955177167,1044225312,274596,11536,0.042
1789741332.2,0.9659,149.0,195.0,273.0,3955313711,1044225312,136544,0,0.0
1789741334.2,0.9738,149.0,195.0,273.0,3955409275,1044225312,95564,0,0.0
1789741336.3,0.975,148.0,195.0,273.0,3955602991,1044225344,193716,32,0.0002
1789741338.4,0.9915,150.0,195.0,273.0,3955699449,1044225344,96458,0,0.0
1789741340.5,0.9729,149.0,193.0,274.0,3955902012,1044225344,202563,0,0.0
1789741342.5,0.9758,150.0,194.0,274.0,3956120151,1044225376,218139,32,0.0001
1789741344.6,0.9831,151.0,196.0,274.0,3956287033,1044225376,166882,0,0.0
1789741346.7,0.9721,150.0,196.0,274.0,3956508361,1044225376,221328,0,0.0
1789741348.8,0.9504,148.0,192.0,274.0,3956748086,1044225376,239725,0,0.0
1789741350.8,0.9529,147.0,196.0,274.0,3957024190,1044225376,276104,0,0.0
1789741352.9,0.9603,148.0,196.0,274.0,3957118420,1044245008,94230,19632,0.2083
1789741355.0,0.9628,149.0,195.0,274.0,3957259245,1044245008,140825,0,0.0
1789741357.0,0.9751,149.0,196.0,274.0,3957342681,1044245024,83436,16,0.0002
1789741359.1,0.9769,148.0,196.0,274.0,3957537862,1044245040,195181,16,0.0001
1789741361.2,0.9552,146.0,199.0,274.0,3957648332,1044245040,110470,0,0.0
1789741363.3,0.9526,148.0,196.0,274.0,3957861034,1044245056,212702,16,0.0001
1789741365.3,0.9729,151.0,194.0,274.0,3958107302,1044245072,246268,16,0.0001
1789741367.4,0.9672,150.0,194.0,274.0,3958331029,1044245088,223727,16,0.0001
1789741369.5,0.9605,148.0,196.0,274.0,3958463449,1044245104,132420,16,0.0001
1789741371.5,0.9704,149.0,197.0,274.0,3958681114,1044245104,217665,0,0.0
1789741373.6,0.9686,146.0,200.0,274.0,3958749123,1044245104,68009,0,0.0
1789741375.7,0.9785,148.0,199.0,274.0,3958994846,1044245136,245723,32,0.0001
1789741377.8,0.9788,147.0,200.0,274.0,3959067708,1044245152,72862,16,0.0002
1789741379.8,0.9383,141.0,202.0,274.0,3959327117,1044245152,259409,0,0.0
1789741381.9,0.9455,140.0,203.0,274.0,3959496170,1044245152,169053,0,0.0
1789741384.0,0.9495,139.0,204.0,274.0,3959558940,1044245152,62770,0,0.0
1789741386.1,0.9582,141.0,203.0,274.0,3959794186,1044245184,235246,32,0.0001
1789741388.1,0.9668,141.0,203.0,274.0,3959999827,1044245184,205641,0,0.0
1789741390.2,0.9781,141.0,207.0,274.0,3960064367,1044245200,64540,16,0.0002
1789741392.3,0.9785,138.0,209.0,274.0,3960122831,1044245200,58464,0,0.0
1789741394.3,0.9783,137.0,208.0,274.0,3960293253,1044245200,170422,0,0.0
1789741396.4,0.9687,137.0,208.0,274.0,3960424081,1044245200,130828,0,0.0
1789741398.5,0.973,137.0,209.0,274.0,3960539405,1044245200,115324,0,0.0
1789741400.6,0.9832,138.0,209.0,274.0,3960772766,1044245200,233361,0,0.0
1789741402.6,0.9819,139.0,207.0,275.0,3960916389,1044245200,143623,0,0.0
1789741404.7,0.9723,137.0,207.0,275.0,3961048407,1044245200,132018,0,0.0
1789741406.8,0.9632,137.0,206.0,275.0,3961341816,1044245200,293409,0,0.0
1789741408.9,0.9597,137.0,208.0,275.0,3961526116,1044245200,184300,0,0.0
1789741410.9,0.9753,139.0,207.0,275.0,3961673249,1044245200,147133,0,0.0
1789741413.0,0.9549,138.0,206.0,275.0,3961936019,1044245200,262770,0,0.0
1789741415.1,0.9767,141.0,206.0,275.0,3962050186,1044245200,114167,0,0.0
1789741417.2,0.9803,143.0,203.0,275.0,3962264156,1044245200,213970,0,0.0
1789741419.2,0.9786,142.0,203.0,276.0,3962382373,1044245200,118217,0,0.0
1789741421.3,0.9618,141.0,204.0,276.0,3962547484,1044245200,165111,0,0.0
1789741423.4,0.9567,142.0,201.0,276.0,3962781925,1044245232,234441,32,0.0001
1789741425.4,0.9736,144.0,201.0,276.0,3962989257,1044245232,207332,0,0.0
1789741427.5,0.9791,144.0,200.0,276.0,3963030362,1044245232,41105,0,0.0
1789741429.6,0.9705,143.0,200.0,276.0,3963294236,1044245248,263874,16,0.0001
1789741431.7,0.9734,142.0,204.0,276.0,3963418946,1044245264,124710,16,0.0001
1789741433.7,0.9778,142.0,202.0,276.0,3963601277,1044245264,182331,0,0.0
1789741435.8,0.9701,139.0,206.0,276.0,3963644531,1044245264,43254,0,0.0
1789741437.9,0.9639,137.0,207.0,276.0,3963927303,1044245264,282772,0,0.0
1789741440.0,0.9744,137.0,209.0,276.0,3964023309,1044245264,96006,0,0.0
1789741442.0,0.9734,137.0,209.0,276.0,3964242443,1044245264,219134,0,0.0
1789741444.1,0.9794,137.0,209.0,276.0,3964301347,1044245264,58904,0,0.0
1789741446.2,0.9714,136.0,209.0,276.0,3964447073,1044245264,145726,0,0.0
1789741448.3,0.9707,137.0,209.0,276.0,3964645399,1044245264,198326,0,0.0
1789741450.3,0.9639,137.0,208.0,276.0,3964854462,1044245264,209063,0,0.0
1789741452.4,0.9722,138.0,207.0,276.0,3964982508,1044245280,128046,16,0.0001
1789741454.5,0.965,137.0,207.0,276.0,3965163890,1044245280,181382,0,0.0
1789741456.6,0.9665,136.0,206.0,276.0,3965263591,1044245280,99701,0,0.0
1789741458.6,0.9584,135.0,208.0,276.0,3965446985,1044245280,183394,0,0.0
1789741460.7,0.9481,133.0,210.0,276.0,3965574614,1044245296,127629,16,0.0001
1789741462.8,0.9529,136.0,208.0,276.0,3965742263,1044245312,167649,16,0.0001
1789741464.9,0.964,138.0,208.0,276.0,3965869741,1044245312,127478,0,0.0
1789741466.9,0.9672,140.0,204.0,276.0,3966090073,1044245312,220332,0,0.0
1789741469.0,0.9421,140.0,203.0,276.0,3966407258,1044245312,317185,0,0.0
1789741471.1,0.9472,138.0,205.0,276.0,3966440523,1044245312,33265,0,0.0
1789741473.2,0.9575,141.0,200.0,276.0,3966778210,1044245344,337687,32,0.0001
1789741475.2,0.967,140.0,202.0,276.0,3966816832,1044245344,38622,0,0.0
1789741477.3,0.9649,138.0,207.0,276.0,3967001027,1044245344,184195,0,0.0
1789741479.4,0.9504,135.0,209.0,276.0,3967285975,1044245344,284948,0,0.0
1789741481.4,0.9458,135.0,207.0,276.0,3967447386,1044245344,161411,0,0.0
1789741483.5,0.9604,135.0,208.0,276.0,3967486928,1044245344,39542,0,0.0
1789741485.6,0.9586,135.0,209.0,276.0,3967635353,1044245344,148425,0,0.0
1789741487.7,0.9643,135.0,207.0,276.0,3967777609,1044245344,142256,0,0.0
1789741489.7,0.9663,134.0,207.0,276.0,3967941249,1044245344,163640,0,0.0
1789741491.8,0.9746,134.0,210.0,276.0,3968012829,1044245344,71580,0,0.0
1789741493.9,0.9762,134.0,208.0,276.0,3968149850,1044245344,137021,0,0.0
1789741495.9,0.982,135.0,208.0,276.0,3968290108,1044245344,140258,0,0.0
1789741498.0,0.9767,134.0,207.0,276.0,3968438559,1044245344,148451,0,0.0
1789741500.1,0.9706,136.0,205.0,276.0,3968753579,1044245360,315020,16,0.0001
1789741502.2,0.9793,136.0,204.0,276.0,3968875850,1044245392,122271,32,0.0003
1789741504.3,0.9773,135.0,205.0,276.0,3968994763,1044245408,118913,16,0.0001
1789741506.3,0.9699,134.0,206.0,276.0,3969148791,1044245408,154028,0,0.0
1789741508.4,0.9797,135.0,206.0,276.0,3969405363,1044245408,256572,0,0.0
1789741510.5,0.9877,135.0,207.0,276.0,3969502386,1044245408,97023,0,0.0
1789741512.5,0.9776,133.0,208.0,276.0,3969637868,1044245408,135482,0,0.0
1789741514.6,0.9649,133.0,208.0,276.0,3969833547,1044245408,195679,0,0.0
1789741516.7,0.968,135.0,208.0,276.0,3970045597,1044245408,212050,0,0.0
1789741518.8,0.9758,137.0,205.0,276.0,3970213959,1044245424,168362,16,0.0001
1789741520.8,0.9759,138.0,204.0,276.0,3970399484,1044245424,185525,0,0.0
1789741522.9,0.9724,138.0,202.0,276.0,3970568532,1044245424,169048,0,0.0
1789741525.0,0.9626,137.0,202.0,276.0,3970732577,1044245424,164045,0,0.0
1789741527.1,0.9835,141.0,199.0,276.0,3970969245,1044245424,236668,0,0.0
1789741529.2,0.9799,140.0,202.0,276.0,3971100124,1044265056,130879,19632,0.15
1789741531.2,0.9699,139.0,203.0,276.0,3971289277,1044265072,189153,16,0.0001
1789741533.3,0.9709,137.0,206.0,276.0,3971524717,1044265072,235440,0,0.0
1789741535.4,0.9636,135.0,207.0,276.0,3971565636,1044265072,40919,0,0.0
1789741537.4,0.9623,135.0,205.0,276.0,3971870653,1044265072,305017,0,0.0
1789741539.5,0.9654,135.0,210.0,276.0,3972016910,1044265072,146257,0,0.0
1789741541.6,0.9602,133.0,211.0,276.0,3972135458,1044265072,118548,0,0.0
1789741543.7,0.9537,135.0,208.0,276.0,3972369742,1044265088,234284,16,0.0001
1789741545.7,0.9409,132.0,209.0,276.0,3972537020,1044265104,167278,16,0.0001
1789741547.8,0.9223,130.0,209.0,276.0,3973064891,1044265104,527871,0,0.0
1789741549.9,0.9425,131.0,212.0,276.0,3973102902,1044265104,38011,0,0.0
1789741552.0,0.9584,132.0,211.0,276.0,3973146111,1044265104,43209,0,0.0
1789741554.0,0.9654,133.0,209.0,276.0,3973230420,1044265104,84309,0,0.0
1789741556.1,0.9711,133.0,211.0,276.0,3973268117,1044265104,37697,0,0.0
1789741558.2,0.9708,133.0,211.0,276.0,3973418575,1044265120,150458,16,0.0001
1789741560.3,0.9633,132.0,210.0,276.0,3973663791,1044265120,245216,0,0.0
1789741562.3,0.9651,131.0,210.0,276.0,3973727981,1044265120,64190,0,0.0
1789741564.4,0.9761,134.0,208.0,276.0,3973837208,1044265120,109227,0,0.0
1789741566.5,0.9719,135.0,209.0,276.0,3973997338,1044265136,160130,16,0.0001
1789741568.6,0.9638,135.0,207.0,276.0,3974293538,1044265168,296200,32,0.0001
1789741570.6,0.9581,133.0,206.0,276.0,3974442981,1044265184,149443,16,0.0001
1789741572.7,0.9677,134.0,206.0,276.0,3974600115,1044265200,157134,16,0.0001
1789741574.8,0.9823,135.0,208.0,276.0,3974678915,1044265200,78800,0,0.0
1789741576.9,0.9711,131.0,210.0,276.0,3974816476,1044265200,137561,0,0.0
1789741578.9,0.9682,131.0,213.0,276.0,3974889537,1044265200,73061,0,0.0
1789741581.0,0.9632,130.0,214.0,276.0,3975106527,1044265200,216990,0,0.0
1789741583.1,0.9771,131.0,214.0,276.0,3975320535,1044265200,214008,0,0.0
1789741585.1,0.9835,131.0,213.0,276.0,3975435143,1044265200,114608,0,0.0
1789741587.2,0.9915,131.0,213.0,276.0,3975435143,1044265200,0,0,
1789741589.4,0.9709,128.0,216.0,277.0,3975584409,1044265216,149266,16,0.0001
1789741591.5,0.9841,130.0,213.0,278.0,3975795643,1044265232,211234,16,0.0001
1789741593.6,0.9775,129.0,215.0,278.0,3975895178,1044265248,99535,16,0.0002
1789741595.7,0.952,128.0,214.0,278.0,3976115133,1044265248,219955,0,0.0
1789741597.8,0.9656,129.0,213.0,278.0,3976305162,1044265264,190029,16,0.0001
1789741599.8,0.9565,131.0,212.0,278.0,3976565833,1044265280,260671,16,0.0001
1789741601.9,0.9766,133.0,210.0,278.0,3976743026,1044265280,177193,0,0.0
1789741604.0,0.9605,131.0,211.0,278.0,3976947273,1044265280,204247,0,0.0
1789741606.1,0.9412,129.0,210.0,278.0,3977193554,1044265280,246281,0,0.0
1789741608.1,0.9583,130.0,211.0,278.0,3977210870,1044265280,17316,0,0.0
1789741610.2,0.9474,129.0,211.0,278.0,3977536505,1044265280,325635,0,0.0
1789741612.3,0.9567,128.0,212.0,278.0,3977536505,1044265280,0,0,
1789741614.4,0.9485,128.0,212.0,278.0,3977721437,1044265280,184932,0,0.0
1789741616.5,0.9602,130.0,211.0,278.0,3977911170,1044265280,189733,0,0.0
1789741618.5,0.9666,130.0,214.0,278.0,3978040249,1044265280,129079,0,0.0
1789741620.6,0.9659,132.0,210.0,278.0,3978332066,1044265280,291817,0,0.0
1789741622.7,0.9617,130.0,210.0,278.0,3978433884,1044265280,101818,0,0.0
1789741624.8,0.9567,130.0,209.0,278.0,3978531561,1044265280,97677,0,0.0
1789741626.8,0.9584,128.0,210.0,278.0,3978741864,1044265280,210303,0,0.0
1789741628.9,0.9532,126.0,212.0,278.0,3978926959,1044265280,185095,0,0.0
1789741631.0,0.9423,124.0,217.0,278.0,3978998938,1044265280,71979,0,0.0
1789741633.0,0.9367,124.0,216.0,278.0,3979180901,1044265280,181963,0,0.0
1789741635.1,0.9388,123.0,216.0,278.0,3979322691,1044265296,141790,16,0.0001
1789741637.2,0.9546,124.0,215.0,278.0,3979461153,1044265312,138462,16,0.0001
1789741639.3,0.9517,124.0,215.0,279.0,3979706554,1044265312,245401,0,0.0
1789741641.3,0.9633,124.0,217.0,279.0,3979753332,1044265312,46778,0,0.0
1789741643.4,0.9584,125.0,215.0,279.0,3979909865,1044265312,156533,0,0.0
1789741645.5,0.9604,125.0,215.0,279.0,3980148115,1044265312,238250,0,0.0
1789741647.6,0.9724,127.0,214.0,279.0,3980394181,1044265312,246066,0,0.0
1789741649.6,0.9808,128.0,213.0,279.0,3980482199,1044265312,88018,0,0.0
1789741651.7,0.9719,128.0,213.0,279.0,3980707776,1044265328,225577,16,0.0001
1789741653.8,0.9716,129.0,211.0,279.0,3980841629,1044265328,133853,0,0.0
1789741655.9,0.9617,130.0,207.0,279.0,3981173166,1044265344,331537,16,0.0
1789741658.0,0.9699,129.0,211.0,279.0,3981276229,1044265344,103063,0,0.0
1789741660.0,0.9645,129.0,210.0,279.0,3981410881,1044265360,134652,16,0.0001
1789741662.1,0.9811,131.0,210.0,279.0,3981545720,1044265360,134839,0,0.0
1789741664.2,0.9888,132.0,209.0,280.0,3981763091,1044265360,217371,0,0.0
1789741666.3,0.9738,129.0,208.0,280.0,3981895619,1044265360,132528,0,0.0
1789741668.3,0.9798,129.0,210.0,280.0,3981963875,1044265360,68256,0,0.0
1789741670.4,0.9775,129.0,209.0,280.0,3982127340,1044265376,163465,16,0.0001
1789741672.5,0.9594,126.0,213.0,280.0,3982329879,1044265392,202539,16,0.0001
1789741674.6,0.9516,126.0,213.0,280.0,3982473310,1044265392,143431,0,0.0
1789741676.6,0.9462,126.0,214.0,280.0,3982632136,1044265392,158826,0,0.0
1789741678.7,0.9526,127.0,214.0,280.0,3982830965,1044265392,198829,0,0.0
1789741680.8,0.9642,128.0,212.0,280.0,3982941756,1044265392,110791,0,0.0
1789741682.9,0.9657,128.0,211.0,280.0,3983111925,1044265392,170169,0,0.0
1789741684.9,0.9863,132.0,209.0,280.0,3983349503,1044265408,237578,16,0.0001
1789741687.0,0.9666,128.0,213.0,281.0,3983475779,1044265408,126276,0,0.0
1789741689.1,0.9651,129.0,212.0,281.0,3983722729,1044265424,246950,16,0.0001
1789741691.2,0.9702,130.0,208.0,281.0,3983959042,1044265424,236313,0,0.0
1789741693.2,0.9533,130.0,206.0,281.0,3984214601,1044265424,255559,0,0.0
1789741695.3,0.9738,131.0,207.0,281.0,3984324663,1044265424,110062,0,0.0
1789741697.4,0.9705,130.0,209.0,281.0,3984439198,1044265424,114535,0,0.0
1789741699.5,0.9572,128.0,212.0,282.0,3984574038,1044265424,134840,0,0.0
1789741701.5,0.9688,129.0,211.0,282.0,3984696445,1044265424,122407,0,0.0
1789741703.6,0.9771,131.0,208.0,282.0,3984845423,1044265440,148978,16,0.0001
1789741705.7,0.9849,132.0,208.0,282.0,3984938090,1044265440,92667,0,0.0
1789741707.8,0.9625,129.0,207.0,282.0,3985183453,1044265440,245363,0,0.0
1789741709.9,0.9738,130.0,209.0,282.0,3985248756,1044265440,65303,0,0.0
1789741712.0,0.961,130.0,208.0,282.0,3985496619,1044265440,247863,0,0.0
1789741714.0,0.9567,129.0,210.0,282.0,3985715488,1044265440,218869,0,0.0
1789741716.1,0.9591,129.0,211.0,282.0,3985820480,1044265440,104992,0,0.0
1789741718.2,0.963,130.0,210.0,282.0,3986013318,1044265440,192838,0,0.0
1789741720.3,0.9803,132.0,208.0,282.0,3986144595,1044265440,131277,0,0.0
1789741722.3,0.9635,129.0,210.0,282.0,3986276615,1044265440,132020,0,0.0
1789741724.4,0.9601,129.0,211.0,282.0,3986502350,1044265456,225735,16,0.0001
1789741726.5,0.9564,128.0,212.0,282.0,3986605374,1044265456,103024,0,0.0
1789741728.6,0.9674,131.0,210.0,282.0,3986953400,1044265456,348026,0,0.0
1789741730.6,0.974,130.0,211.0,282.0,3986953400,1044265456,0,0,
1789741732.7,0.9627,130.0,210.0,282.0,3987208475,1044265472,255075,16,0.0001
1789741734.8,0.9805,133.0,208.0,282.0,3987384173,1044265488,175698,16,0.0001
1789741736.8,0.974,131.0,209.0,282.0,3987612655,1044265488,228482,0,0.0
1789741738.9,0.983,131.0,210.0,282.0,3987702760,1044265488,90105,0,0.0
1789741741.0,0.9658,129.0,210.0,282.0,3987797783,1044265488,95023,0,0.0
1789741743.1,0.9633,129.0,211.0,282.0,3987927349,1044265504,129566,16,0.0001
1789741745.2,0.9625,129.0,211.0,282.0,3988249760,1044265520,322411,16,0.0
1789741747.2,0.9554,127.0,214.0,282.0,3988327108,1044265520,77348,0,0.0
1789741749.3,0.9597,128.0,214.0,282.0,3988456993,1044265552,129885,32,0.0002
1789741751.4,0.9604,127.0,216.0,282.0,3988456993,1044265552,0,0,
1789741753.4,0.9439,126.0,214.0,282.0,3988681765,1044265552,224772,0,0.0
1789741755.5,0.9613,128.0,215.0,282.0,3988751755,1044265552,69990,0,0.0
1789741757.6,0.9536,128.0,212.0,282.0,3989024068,1044265552,272313,0,0.0
1789741759.7,0.9738,129.0,214.0,282.0,3989061756,1044265552,37688,0,0.0
1789741761.7,0.9648,128.0,213.0,282.0,3989142858,1044265552,81102,0,0.0
1789741763.8,0.9751,129.0,213.0,282.0,3989333173,1044265552,190315,0,0.0
1789741766.0,0.9493,126.0,214.0,282.0,3989518450,1044265568,185277,16,0.0001
1789741768.0,0.9625,127.0,213.0,282.0,3989671927,1044265568,153477,0,0.0
1789741770.1,0.9585,126.0,213.0,282.0,3989960271,1044265568,288344,0,0.0
1789741772.2,0.9661,125.0,216.0,282.0,3989960271,1044265568,0,0,
1789741774.3,0.9616,124.0,217.0,282.0,3990085372,1044265568,125101,0,0.0
1789741776.3,0.9722,126.0,216.0,282.0,3990312459,1044265568,227087,0,0.0
1789741778.4,0.9579,125.0,212.0,282.0,3990631182,1044265584,318723,16,0.0001
1789741780.5,0.9625,124.0,215.0,282.0,3990726053,1044265584,94871,0,0.0
1789741782.6,0.9681,124.0,218.0,282.0,3990797541,1044265584,71488,0,0.0
1789741784.6,0.975,128.0,214.0,282.0,3990933917,1044265584,136376,0,0.0
1789741786.7,0.9658,126.0,214.0,282.0,3991067661,1044265584,133744,0,0.0
1789741788.8,0.9595,126.0,212.0,282.0,3991307152,1044265584,239491,0,0.0
1789741790.8,0.9714,129.0,212.0,282.0,3991503831,1044265600,196679,16,0.0001
1789741792.9,0.9615,127.0,212.0,282.0,3991571658,1044265600,67827,0,0.0
1789741795.0,0.9617,128.0,213.0,282.0,3991791937,1044265600,220279,0,0.0
1789741797.1,0.9529,127.0,215.0,282.0,3992024184,1044265600,232247,0,0.0
1789741799.1,0.9663,128.0,215.0,282.0,3992146613,1044265600,122429,0,0.0
1789741801.2,0.9819,129.0,214.0,282.0,3992251466,1044265616,104853,16,0.0002
1789741803.3,0.9775,128.0,213.0,282.0,3992343331,1044265616,91865,0,0.0
1789741805.4,0.9615,127.0,213.0,282.0,3992580819,1044265632,237488,16,0.0001
1789741807.4,0.9627,127.0,214.0,282.0,3992707016,1044265632,126197,0,0.0
1789741809.5,0.9807,130.0,212.0,282.0,3992854946,1044265632,147930,0,0.0
1789741811.6,0.9704,128.0,214.0,282.0,3993050934,1044265632,195988,0,0.0
1789741813.7,0.9446,126.0,213.0,282.0,3993270981,1044265648,220047,16,0.0001
1789741815.7,0.9613,127.0,215.0,282.0,3993384444,1044265648,113463,0,0.0
1789741817.8,0.9575,129.0,211.0,282.0,3993675837,1044265648,291393,0,0.0
1789741819.9,0.9679,130.0,210.0,282.0,3993793605,1044265648,117768,0,0.0
1789741821.9,0.9579,128.0,210.0,282.0,3993895166,1044265648,101561,0,0.0
1789741824.0,0.9614,130.0,209.0,282.0,3994149205,1044265648,254039,0,0.0
1789741826.1,0.9734,130.0,211.0,282.0,3994258388,1044265648,109183,0,0.0
1789741828.2,0.9672,130.0,211.0,282.0,3994415583,1044265648,157195,0,0.0
1789741830.2,0.9626,131.0,207.0,282.0,3994657355,1044265648,241772,0,0.0
1789741832.4,0.9811,132.0,209.0,282.0,3994736371,1044265648,79016,0,0.0
1789741834.4,0.9807,133.0,209.0,282.0,3994942869,1044265664,206498,16,0.0001
1789741836.5,0.9758,133.0,207.0,282.0,3995142869,1044265664,200000,0,0.0
1789741838.7,0.968,134.0,206.0,282.0,3995370036,1044265664,227167,0,0.0
1789741840.7,0.9824,135.0,205.0,282.0,3995478559,1044265664,108523,0,0.0
1789741842.8,0.9763,134.0,208.0,282.0,3995608479,1044265680,129920,16,0.0001
1789741844.9,0.9897,135.0,207.0,282.0,3995790451,1044265680,181972,0,0.0
1789741846.9,0.9565,131.0,206.0,282.0,3995942446,1044265680,151995,0,0.0
1789741849.0,0.9609,132.0,206.0,282.0,3996107543,1044265680,165097,0,0.0
1789741851.1,0.9499,132.0,206.0,282.0,3996383948,1044265680,276405,0,0.0
1789741853.2,0.9454,130.0,211.0,282.0,3996524139,1044265680,140191,0,0.0
1789741855.2,0.9212,129.0,211.0,282.0,3996742171,1044265696,218032,16,0.0001
1789741857.3,0.9254,129.0,213.0,282.0,3996907425,1044265712,165254,16,0.0001
1789741859.4,0.9383,131.0,210.0,282.0,3997294781,1044265712,387356,0,0.0
1789741861.5,0.9374,131.0,211.0,282.0,3997461249,1044265744,166468,32,0.0002
1789741863.5,0.9432,130.0,212.0,282.0,3997533084,1044265744,71835,0,0.0
1789741865.6,0.9364,129.0,213.0,282.0,3997779754,1044265744,246670,0,0.0
1789741867.7,0.9512,130.0,212.0,282.0,3997910289,1044265744,130535,0,0.0
1789741869.8,0.9459,128.0,211.0,282.0,3998019457,1044265776,109168,32,0.0003
1789741871.9,0.9582,130.0,211.0,282.0,3998184359,1044265776,164902,0,0.0
1789741874.0,0.9709,130.0,210.0,282.0,3998238064,1044265776,53705,0,0.0
1789741876.0,0.9779,132.0,207.0,282.0,3998497374,1044265776,259310,0,0.0
1789741878.1,0.9618,133.0,202.0,282.0,3998762961,1044265776,265587,0,0.0
1789741880.2,0.9792,134.0,206.0,282.0,3998848777,1044265776,85816,0,0.0
1789741882.3,0.9451,130.0,205.0,282.0,3999107735,1044265776,258958,0,0.0
1789741884.4,0.9451,129.0,210.0,282.0,3999236275,1044265776,128540,0,0.0
1789741886.4,0.9539,132.0,209.0,282.0,3999466952,1044265792,230677,16,0.0001
1789741888.5,0.9668,134.0,207.0,282.0,3999671121,1044265792,204169,0,0.0
1789741890.6,0.9769,134.0,208.0,282.0,3999693255,1044265792,22134,0,0.0
1789741892.6,0.9677,134.0,208.0,282.0,3999907384,1044265792,214129,0,0.0
1789741894.7,0.9721,134.0,207.0,282.0,4000126870,1044265808,219486,16,0.0001
1789741896.8,0.9646,132.0,210.0,282.0,4000180060,1044265808,53190,0,0.0
1789741898.9,0.9547,131.0,207.0,282.0,4000381527,1044265808,201467,0,0.0
1789741900.9,0.96,131.0,209.0,282.0,4000481398,1044265808,99871,0,0.0
1789741903.0,0.9551,131.0,208.0,282.0,4000672285,1044265808,190887,0,0.0
1789741905.1,0.9494,130.0,208.0,282.0,4000868995,1044265824,196710,16,0.0001
1789741907.2,0.9665,131.0,210.0,282.0,4000980397,1044265824,111402,0,0.0
1789741909.2,0.9349,130.0,209.0,282.0,4001353753,1044265824,373356,0,0.0
1789741911.3,0.9578,132.0,209.0,282.0,4001469592,1044265824,115839,0,0.0
1789741913.4,0.9622,133.0,207.0,282.0,4001587406,1044265824,117814,0,0.0
1789741915.5,0.9747,134.0,207.0,282.0,4001787605,1044265856,200199,32,0.0002
1789741917.6,0.9747,133.0,209.0,282.0,4001827074,1044265856,39469,0,0.0
1789741919.6,0.957,131.0,208.0,282.0,4002158333,1044265856,331259,0,0.0
1789741921.7,0.9422,127.0,213.0,282.0,4002225026,1044265856,66693,0,0.0
1789741923.8,0.9455,127.0,213.0,282.0,4002412988,1044265856,187962,0,0.0
1789741925.9,0.9507,128.0,213.0,282.0,4002566579,1044265888,153591,32,0.0002
1789741928.0,0.9631,129.0,212.0,282.0,4002631214,1044265888,64635,0,0.0
1789741930.1,0.9712,129.0,212.0,282.0,4002812799,1044265888,181585,0,0.0
1789741932.1,0.9574,127.0,212.0,282.0,4002861219,1044265888,48420,0,0.0
1789741934.2,0.9654,128.0,213.0,282.0,4003132683,1044265888,271464,0,0.0
1789741936.3,0.9544,126.0,214.0,282.0,4003246512,1044265888,113829,0,0.0
1789741938.3,0.9584,127.0,215.0,282.0,4003419200,1044265888,172688,0,0.0
1789741940.4,0.976,129.0,214.0,282.0,4003619861,1044265888,200661,0,0.0
1789741942.5,0.9674,127.0,214.0,282.0,4003777258,1044265888,157397,0,0.0
1789741944.6,0.973,127.0,214.0,282.0,4003868214,1044265888,90956,0,0.0
1789741946.6,0.961,126.0,214.0,282.0,4004154844,1044265888,286630,0,0.0
1789741948.7,0.9482,126.0,214.0,282.0,4004375832,1044265888,220988,0,0.0
1789741950.8,0.9533,125.0,217.0,282.0,4004544377,1044265888,168545,0,0.0
1789741952.9,0.95,124.0,217.0,282.0,4004649198,1044265904,104821,16,0.0002
1789741954.9,0.9628,126.0,216.0,282.0,4004801218,1044265920,152020,16,0.0001
1789741957.0,0.9717,126.0,217.0,282.0,4004990153,1044265920,188935,0,0.0
1789741959.1,0.9612,125.0,217.0,282.0,4005188663,1044265936,198510,16,0.0001
1789741961.1,0.9589,124.0,218.0,282.0,4005274238,1044265936,85575,0,0.0
1789741963.2,0.9585,125.0,217.0,282.0,4005453200,1044265936,178962,0,0.0
1789741965.3,0.9633,126.0,215.0,282.0,4005758659,1044265952,305459,16,0.0001
1789741967.4,0.9746,125.0,217.0,282.0,4005758659,1044265952,0,0,
1789741969.4,0.97,124.0,216.0,282.0,4005925553,1044265968,166894,16,0.0001
1789741971.5,0.9741,126.0,214.0,282.0,4006078535,1044265968,152982,0,0.0
1789741973.6,0.9659,124.0,214.0,282.0,4006265121,1044265984,186586,16,0.0001
1789741975.7,0.9518,123.0,214.0,282.0,4006556818,1044266000,291697,16,0.0001
1789741977.7,0.9646,124.0,216.0,282.0,4006686366,1044266000,129548,0,0.0
1789741979.8,0.918,119.0,220.0,282.0,4006830947,1044266000,144581,0,0.0
1789741981.9,0.9182,119.0,221.0,282.0,4007136303,1044266000,305356,0,0.0
1789741983.9,0.9411,121.0,222.0,282.0,4007243285,1044266016,106982,16,0.0001
1789741986.0,0.9455,122.0,219.0,282.0,4007467083,1044266016,223798,0,0.0
1789741988.1,0.9482,121.0,221.0,282.0,4007602436,1044266016,135353,0,0.0
1789741990.2,0.9525,121.0,221.0,282.0,4007717140,1044266016,114704,0,0.0
1789741992.3,0.9646,123.0,219.0,282.0,4007898978,1044266016,181838,0,0.0
1789741994.3,0.9685,123.0,219.0,282.0,4007901879,1044266016,2901,0,0.0
1789741996.4,0.9701,124.0,217.0,282.0,4008236214,1044266016,334335,0,0.0
1789741998.5,0.9643,122.0,217.0,282.0,4008399504,1044266016,163290,0,0.0
1789742000.6,0.9764,124.0,218.0,282.0,4008554102,1044266032,154598,16,0.0001
1789742002.6,0.9799,124.0,218.0,282.0,4008591181,1044266032,37079,0,0.0
1789742004.7,0.9576,123.0,219.0,282.0,4008831590,1044266048,240409,16,0.0001
1789742006.8,0.969,122.0,219.0,282.0,4008831590,1044266048,0,0,
1789742008.9,0.9596,122.0,218.0,282.0,4009031960,1044266048,200370,0,0.0
1789742010.9,0.9748,123.0,219.0,282.0,4009191736,1044266048,159776,0,0.0
1789742013.0,0.9804,123.0,220.0,282.0,4009345757,1044266064,154021,16,0.0001
1789742015.1,0.9708,122.0,220.0,282.0,4009486150,1044266064,140393,0,0.0
1789742017.1,0.9692,122.0,219.0,282.0,4009663101,1044266080,176951,16,0.0001
1789742019.3,0.9825,123.0,219.0,282.0,4009842976,1044266080,179875,0,0.0
1789742021.3,0.9653,123.0,218.0,282.0,4010061745,1044266080,218769,0,0.0
1789742023.4,0.9627,123.0,217.0,282.0,4010258842,1044266080,197097,0,0.0
1789742025.5,0.9766,122.0,220.0,282.0,4010258842,1044266080,0,0,
1789742027.6,0.9672,121.0,221.0,282.0,4010485010,1044266080,226168,0,0.0
1789742029.6,0.9724,121.0,221.0,282.0,4010551342,1044266080,66332,0,0.0
1789742031.7,0.9618,119.0,222.0,282.0,4010593480,1044266080,42138,0,0.0
1789742033.8,0.9552,122.0,220.0,282.0,4010947611,1044266080,354131,0,0.0
1789742035.9,0.9499,122.0,220.0,282.0,4011102861,1044266080,155250,0,0.0
1789742037.9,0.9554,124.0,217.0,282.0,4011384111,1044266096,281250,16,0.0001
1789742040.0,0.9536,122.0,220.0,282.0,4011384111,1044266096,0,0,
1789742042.1,0.9713,124.0,220.0,282.0,4011517692,1044266128,133581,32,0.0002
1789742044.2,0.961,124.0,216.0,282.0,4011972666,1044266160,454974,32,0.0001
1789742046.2,0.9791,124.0,216.0,282.0,4011972666,1044266160,0,0,
1789742048.3,0.975,123.0,218.0,282.0,4012018648,1044266160,45982,0,0.0
1789742050.4,0.9856,124.0,220.0,282.0,4012139702,1044266160,121054,0,0.0
1789742052.5,0.9859,124.0,220.0,282.0,4012222486,1044266160,82784,0,0.0
1789742054.5,0.9807,125.0,218.0,282.0,4012488965,1044266160,266479,0,0.0
1789742056.6,0.9697,123.0,219.0,282.0,4012652552,1044266160,163587,0,0.0
1789742058.7,0.9779,124.0,220.0,282.0,4012747290,1044266160,94738,0,0.0
1789742060.8,0.9855,124.0,219.0,282.0,4012813637,1044266160,66347,0,0.0
1789742062.8,0.9766,123.0,220.0,282.0,4013068263,1044266176,254626,16,0.0001
1789742064.9,0.9552,121.0,220.0,282.0,4013206703,1044266176,138440,0,0.0
1789742067.0,0.9618,121.0,223.0,282.0,4013302418,1044266176,95715,0,0.0
1789742069.1,0.9767,124.0,220.0,282.0,4013597279,1044266176,294861,0,0.0
1789742071.1,0.9866,124.0,220.0,282.0,4013636764,1044266176,39485,0,0.0
1789742073.2,0.9691,120.0,224.0,282.0,4013794443,1044266176,157679,0,0.0
1789742075.3,0.9591,118.0,224.0,282.0,4013911952,1044266176,117509,0,0.0
1789742077.3,0.939,116.0,226.0,282.0,4014254634,1044266192,342682,16,0.0
1789742079.4,0.9463,117.0,225.0,282.0,4014419294,1044266192,164660,0,0.0
1789742081.5,0.9552,117.0,227.0,282.0,4014493132,1044266192,73838,0,0.0
1789742083.6,0.9531,117.0,228.0,282.0,4014662553,1044266192,169421,0,0.0
1789742085.6,0.9558,117.0,228.0,282.0,4014755128,1044266192,92575,0,0.0
1789742087.7,0.9513,115.0,230.0,282.0,4015050651,1044266192,295523,0,0.0
1789742089.8,0.9461,113.0,231.0,282.0,4015050651,1044266192,0,0,
1789742091.9,0.9346,112.0,230.0,282.0,4015265266,1044266192,214615,0,0.0
1789742093.9,0.9493,112.0,232.0,282.0,4015265266,1044266192,0,0,
1789742096.0,0.9543,111.0,232.0,282.0,4015265266,1044266192,0,0,
1789742098.1,0.9489,113.0,232.0,282.0,4015445615,1044266192,180349,0,0.0
1789742100.2,0.9621,114.0,232.0,282.0,4015488678,1044266192,43063,0,0.0
1789742102.2,0.9578,114.0,231.0,283.0,4015588819,1044266192,100141,0,0.0
1789742104.3,0.9573,114.0,232.0,283.0,4015740885,1044266192,152066,0,0.0
1789742106.4,0.962,114.0,230.0,283.0,4015898498,1044266192,157613,0,0.0
1789742108.5,0.9674,115.0,231.0,283.0,4016013239,1044266192,114741,0,0.0
1789742110.5,0.9718,115.0,229.0,283.0,4016230548,1044266192,217309,0,0.0
1789742112.6,0.9616,117.0,227.0,283.0,4016377796,1044266192,147248,0,0.0
1789742114.7,0.9522,118.0,225.0,283.0,4016732773,1044266224,354977,32,0.0001
1789742116.8,0.9601,117.0,227.0,283.0,4016732773,1044266224,0,0,
1789742118.9,0.9404,115.0,228.0,283.0,4016884794,1044266240,152021,16,0.0001
1789742121.0,0.9454,115.0,228.0,283.0,4016950343,1044266240,65549,0,0.0
1789742123.0,0.9192,116.0,226.0,283.0,4017293470,1044266240,343127,0,0.0
1789742125.1,0.9356,117.0,227.0,283.0,4017389484,1044266240,96014,0,0.0
1789742127.2,0.9488,119.0,227.0,283.0,4017490547,1044266240,101063,0,0.0
1789742129.2,0.9673,122.0,224.0,283.0,4017641923,1044266240,151376,0,0.0
1789742131.3,0.9676,122.0,222.0,283.0,4017855831,1044266240,213908,0,0.0
1789742133.4,0.9771,121.0,224.0,283.0,4017924246,1044266240,68415,0,0.0
1789742135.5,0.99,122.0,223.0,283.0,4017966743,1044266240,42497,0,0.0
1789742137.6,0.972,120.0,224.0,284.0,4018007756,1044266240,41013,0,0.0
1789742139.6,0.968,120.0,222.0,284.0,4018281116,1044266256,273360,16,0.0001
1789742141.7,0.965,118.0,226.0,284.0,4018351140,1044266256,70024,0,0.0
1789742143.9,0.9664,118.0,224.0,284.0,4018522820,1044266256,171680,0,0.0
1789742145.9,0.9768,120.0,224.0,284.0,4018660889,1044266256,138069,0,0.0
1789742148.0,0.9789,120.0,223.0,284.0,4018771527,1044266256,110638,0,0.0
1789742150.1,0.9706,121.0,222.0,284.0,4018939919,1044266256,168392,0,0.0
1789742152.1,0.9661,122.0,221.0,284.0,4019098660,1044290048,158741,23792,0.1499
1789742154.2,0.9733,122.0,222.0,284.0,4019311549,1044290048,212889,0,0.0
1789742156.3,0.9717,121.0,224.0,284.0,4019372284,1044290048,60735,0,0.0
1789742158.4,0.9607,124.0,220.0,284.0,4019608932,1044290048,236648,0,0.0
1789742160.4,0.9634,125.0,218.0,284.0,4019755804,1044290048,146872,0,0.0
1789742162.5,0.9795,127.0,216.0,284.0,4019912618,1044290048,156814,0,0.0
1789742164.6,0.9728,127.0,216.0,284.0,4020003336,1044290048,90718,0,0.0
1789742166.6,0.9727,129.0,214.0,284.0,4020209584,1044290048,206248,0,0.0
1789742168.7,0.9679,128.0,215.0,284.0,4020306278,1044290048,96694,0,0.0
1789742170.8,0.9772,128.0,215.0,284.0,4020458546,1044290048,152268,0,0.0
1789742172.9,0.9746,129.0,215.0,285.0,4020646581,1044290048,188035,0,0.0
1789742175.0,0.9696,128.0,215.0,285.0,4020727506,1044290048,80925,0,0.0
1789742177.0,0.9545,125.0,218.0,285.0,4020882370,1044290048,154864,0,0.0
1789742179.1,0.9584,125.0,218.0,285.0,4021020483,1044290048,138113,0,0.0
1789742181.2,0.9648,126.0,219.0,285.0,4021170722,1044290048,150239,0,0.0
1789742183.3,0.9756,127.0,216.0,285.0,4021351887,1044290064,181165,16,0.0001
1789742185.3,0.9649,127.0,216.0,285.0,4021577309,1044290080,225422,16,0.0001
1789742187.4,0.9812,127.0,218.0,285.0,4021577309,1044290080,0,0,
1789742189.5,0.9709,127.0,218.0,285.0,4021838622,1044290096,261313,16,0.0001
1789742191.6,0.9647,126.0,215.0,285.0,4022097127,1044290096,258505,0,0.0
1789742193.6,0.9764,126.0,218.0,285.0,4022152055,1044290096,54928,0,0.0
1789742195.7,0.9652,124.0,220.0,285.0,4022285657,1044290096,133602,0,0.0
1789742197.8,0.9752,125.0,219.0,285.0,4022523434,1044290112,237777,16,0.0001
1789742199.8,0.9863,126.0,218.0,285.0,4022583620,1044290112,60186,0,0.0
1789742201.9,0.9672,123.0,218.0,285.0,4022634981,1044290112,51361,0,0.0
1789742204.0,0.958,123.0,219.0,285.0,4022935604,1044290112,300623,0,0.0
1789742206.1,0.969,123.0,221.0,285.0,4022935604,1044290112,0,0,
1789742208.2,0.9658,124.0,221.0,285.0,4023106057,1044290112,170453,0,0.0
1789742210.2,0.9726,125.0,219.0,285.0,4023360962,1044290112,254905,0,0.0
1789742212.3,0.9674,125.0,218.0,285.0,4023603547,1044290128,242585,16,0.0001
1789742214.4,0.9836,126.0,219.0,285.0,4023632998,1044290128,29451,0,0.0
1789742216.5,0.9574,123.0,218.0,285.0,4023749569,1044290128,116571,0,0.0
1789742218.6,0.9595,122.0,219.0,285.0,4023992347,1044290128,242778,0,0.0
1789742220.6,0.9599,123.0,218.0,285.0,4024170965,1044290144,178618,16,0.0001
1789742222.7,0.9731,124.0,216.0,285.0,4024294975,1044290160,124010,16,0.0001
1789742224.8,0.9533,123.0,217.0,285.0,4024552670,1044290160,257695,0,0.0
1789742226.8,0.9643,124.0,218.0,285.0,4024692832,1044290160,140162,0,0.0
1789742228.9,0.9725,124.0,218.0,285.0,4024874551,1044290160,181719,0,0.0
1789742231.0,0.9774,125.0,217.0,286.0,4025056704,1044290160,182153,0,0.0
1789742233.1,0.9717,124.0,219.0,286.0,4025180999,1044290160,124295,0,0.0
1789742235.1,0.9798,125.0,219.0,286.0,4025287285,1044290176,106286,16,0.0002
1789742237.2,0.9551,123.0,218.0,286.0,4025465630,1044290176,178345,0,0.0
1789742239.3,0.9637,125.0,217.0,286.0,4025793704,1044290192,328074,16,0.0
1789742241.3,0.971,124.0,217.0,286.0,4025847590,1044290208,53886,16,0.0003
1789742243.4,0.9713,124.0,219.0,286.0,4025985037,1044290208,137447,0,0.0
1789742245.5,0.9438,122.0,220.0,286.0,4026375339,1044290224,390302,16,0.0
1789742247.6,0.956,122.0,222.0,286.0,4026487730,1044290224,112391,0,0.0
1789742249.6,0.9606,121.0,222.0,286.0,4026563941,1044290224,76211,0,0.0
1789742251.7,0.9356,119.0,221.0,286.0,4026850424,1044380320,286483,90096,0.3145
1789742253.8,0.9435,120.0,222.0,286.0,4026942964,1044380320,92540,0,0.0
1789742255.8,0.9439,122.0,221.0,286.0,4027220925,1044380320,277961,0,0.0
1789742257.9,0.9531,123.0,219.0,286.0,4027451342,1044380320,230417,0,0.0
1789742260.0,0.9544,121.0,221.0,286.0,4027451342,1044380320,0,0,
1789742262.1,0.9683,123.0,221.0,286.0,4027551592,1044380320,100250,0,0.0
1789742264.1,0.972,124.0,219.0,286.0,4027778723,1044380336,227131,16,0.0001
1789742266.2,0.9697,124.0,219.0,286.0,4027907396,1044380352,128673,16,0.0001
1789742268.3,0.9549,123.0,218.0,286.0,4028157327,1044380352,249931,0,0.0
1789742270.4,0.9582,122.0,220.0,286.0,4028200616,1044380352,43289,0,0.0
1789742272.4,0.9367,121.0,219.0,286.0,4028584767,1044380352,384151,0,0.0
1789742274.5,0.9572,122.0,220.0,286.0,4028647316,1044380352,62549,0,0.0
1789742276.6,0.9415,121.0,221.0,286.0,4028891797,1044380352,244481,0,0.0
1789742278.6,0.9499,121.0,220.0,286.0,4029009707,1044380352,117910,0,0.0
1789742280.7,0.962,122.0,222.0,286.0,4029054622,1044380352,44915,0,0.0
1789742282.8,0.9752,123.0,222.0,286.0,4029098997,1044380368,44375,16,0.0004
1789742284.9,0.9671,122.0,220.0,286.0,4029248374,1044380384,149377,16,0.0001
1789742286.9,0.951,122.0,222.0,286.0,4029494702,1044380384,246328,0,0.0
1789742289.0,0.9624,123.0,222.0,286.0,4029575226,1044380384,80524,0,0.0
1789742291.1,0.9692,123.0,221.0,286.0,4029652685,1044380384,77459,0,0.0
1789742293.1,0.964,124.0,219.0,286.0,4029826816,1044380384,174131,0,0.0
1789742295.2,0.9733,125.0,218.0,286.0,4029926563,1044380400,99747,16,0.0002
1789742297.3,0.9705,124.0,219.0,286.0,4030081143,1044380400,154580,0,0.0
1789742299.4,0.963,125.0,218.0,286.0,4030292678,1044380432,211535,32,0.0002
1789742301.4,0.9616,123.0,217.0,286.0,4030334024,1044380432,41346,0,0.0
1789742303.5,0.9706,124.0,219.0,286.0,4030563378,1044380448,229354,16,0.0001
1789742305.6,0.9787,123.0,220.0,286.0,4030647816,1044380464,84438,16,0.0002
1789742307.7,0.9823,124.0,220.0,286.0,4030755388,1044380480,107572,16,0.0001
1789742309.8,0.9711,123.0,220.0,286.0,4031020718,1044380480,265330,0,0.0
1789742311.8,0.9803,126.0,218.0,286.0,4031154313,1044380480,133595,0,0.0
1789742313.9,0.9616,125.0,216.0,286.0,4031363017,1044380480,208704,0,0.0
1789742316.0,0.9665,126.0,217.0,286.0,4031505423,1044399088,142406,18608,0.1307
1789742318.0,0.9627,125.0,219.0,287.0,4031727647,1044399088,222224,0,0.0
1789742320.1,0.9538,126.0,217.0,287.0,4031895072,1044399088,167425,0,0.0
1789742322.2,0.9659,126.0,218.0,287.0,4032039107,1044399088,144035,0,0.0
1789742324.3,0.9671,125.0,217.0,287.0,4032192694,1044399088,153587,0,0.0
1789742326.3,0.9701,125.0,216.0,287.0,4032337874,1044399088,145180,0,0.0
1789742328.4,0.9666,125.0,215.0,287.0,4032482286,1044399088,144412,0,0.0
1789742330.5,0.9603,124.0,219.0,287.0,4032560538,1044399088,78252,0,0.0
1789742332.6,0.9377,122.0,218.0,287.0,4033017974,1044399088,457436,0,0.0
1789742334.6,0.9343,121.0,217.0,287.0,4033167549,1044399088,149575,0,0.0
1789742336.7,0.9483,121.0,221.0,287.0,4033235391,1044399104,67842,16,0.0002
1789742338.8,0.9596,121.0,221.0,287.0,4033316734,1044399104,81343,0,0.0
1789742340.9,0.9649,121.0,221.0,287.0,4033407611,1044399104,90877,0,0.0
1789742342.9,0.9557,120.0,222.0,287.0,4033681373,1044399120,273762,16,0.0001
1789742345.0,0.9674,120.0,223.0,287.0,4033731587,1044399120,50214,0,0.0
1789742347.1,0.9696,120.0,224.0,287.0,4033785871,1044399120,54284,0,0.0
1789742349.1,0.9745,122.0,221.0,287.0,4033946090,1044399120,160219,0,0.0
1789742351.2,0.9681,120.0,222.0,287.0,4034028122,1044399120,82032,0,0.0
1789742353.3,0.9487,118.0,223.0,287.0,4034213458,1044399120,185336,0,0.0
1789742355.3,0.9648,121.0,220.0,287.0,4034427247,1044399120,213789,0,0.0
1789742357.4,0.9772,121.0,220.0,287.0,4034427247,1044399120,0,0,
1789742359.5,0.9543,118.0,222.0,288.0,4034700094,1044399136,272847,16,0.0001
1789742361.6,0.94,116.0,224.0,288.0,4034982184,1044399136,282090,0,0.0
1789742363.6,0.9565,117.0,224.0,288.0,4035020430,1044399136,38246,0,0.0
1789742365.7,0.9529,115.0,225.0,288.0,4035078511,1044399136,58081,0,0.0
1789742367.8,0.9547,115.0,227.0,288.0,4035219355,1044399136,140844,0,0.0
1789742369.9,0.9667,117.0,225.0,288.0,4035425056,1044399136,205701,0,0.0
1789742372.0,0.9745,116.0,227.0,288.0,4035477972,1044399136,52916,0,0.0
1789742374.1,0.988,117.0,226.0,288.0,4035597137,1044399136,119165,0,0.0
1789742376.2,0.9757,115.0,227.0,288.0,4035679949,1044399152,82812,16,0.0002
1789742378.2,0.955,114.0,230.0,289.0,4035763634,1044399152,83685,0,0.0
1789742380.3,0.9773,115.0,228.0,289.0,4035848891,1044399152,85257,0,0.0
1789742382.4,0.9645,114.0,227.0,289.0,4036061433,1044399168,212542,16,0.0001
1789742384.5,0.9659,114.0,227.0,289.0,4036290079,1044399168,228646,0,0.0
1789742386.5,0.963,114.0,229.0,289.0,4036337446,1044399168,47367,0,0.0
1789742388.6,0.9624,115.0,228.0,289.0,4036471482,1044399168,134036,0,0.0
1789742390.7,0.974,116.0,227.0,289.0,4036659037,1044399168,187555,0,0.0
1789742392.7,0.9831,118.0,224.0,289.0,4036779750,1044399168,120713,0,0.0
1789742394.8,0.9814,118.0,223.0,289.0,4036823887,1044399168,44137,0,0.0
1789742396.9,0.9747,118.0,223.0,289.0,4036936286,1044399168,112399,0,0.0
1789742399.0,0.9655,117.0,223.0,289.0,4037074357,1044399168,138071,0,0.0
1789742401.0,0.9721,117.0,223.0,289.0,4037210791,1044399168,136434,0,0.0
1789742403.1,0.9752,118.0,223.0,289.0,4037476365,1044399168,265574,0,0.0
1789742405.2,0.9779,117.0,224.0,289.0,4037530898,1044399168,54533,0,0.0
1789742407.3,0.9665,115.0,225.0,289.0,4037792343,1044399184,261445,16,0.0001
1789742409.3,0.9722,117.0,223.0,289.0,4038066703,1044399184,274360,0,0.0
1789742411.5,0.9686,115.0,222.0,289.0,4038111229,1044399184,44526,0,0.0
1789742413.5,0.9775,118.0,223.0,289.0,4038326563,1044399184,215334,0,0.0
1789742415.6,0.9837,117.0,222.0,289.0,4038456329,1044399184,129766,0,0.0
1789742417.7,0.9756,116.0,224.0,290.0,4038575035,1044399184,118706,0,0.0
1789742419.7,0.9755,115.0,225.0,290.0,4038664983,1044399184,89948,0,0.0
1789742421.8,0.976,115.0,225.0,290.0,4038798138,1044399184,133155,0,0.0
1789742423.9,0.9748,115.0,225.0,290.0,4038894373,1044399184,96235,0,0.0
1789742426.0,0.9788,115.0,224.0,290.0,4039046400,1044399184,152027,0,0.0
1789742428.0,0.9727,115.0,224.0,290.0,4039220352,1044399200,173952,16,0.0001
1789742430.1,0.9746,115.0,224.0,290.0,4039347941,1044399200,127589,0,0.0
1789742432.2,0.9718,114.0,224.0,290.0,4039446191,1044399216,98250,16,0.0002
1789742434.3,0.962,113.0,224.0,290.0,4039571844,1044399216,125653,0,0.0
1789742436.3,0.9704,114.0,227.0,290.0,4039703897,1044399216,132053,0,0.0
1789742438.4,0.9667,115.0,225.0,290.0,4039984051,1044399232,280154,16,0.0001
1789742440.5,0.9602,114.0,223.0,290.0,4040132205,1044399232,148154,0,0.0
1789742442.6,0.9679,114.0,223.0,290.0,4040285976,1044399232,153771,0,0.0
1789742444.7,0.9658,113.0,224.0,290.0,4040328257,1044399232,42281,0,0.0
1789742446.8,0.9419,111.0,225.0,290.0,4040619675,1044399232,291418,0,0.0
1789742448.8,0.9392,110.0,228.0,290.0,4040678694,1044399232,59019,0,0.0
1789742450.9,0.942,110.0,228.0,290.0,4040763686,1044399232,84992,0,0.0
1789742453.0,0.9556,112.0,228.0,290.0,4041006173,1044399232,242487,0,0.0
1789742455.0,0.956,111.0,228.0,290.0,4041085649,1044399232,79476,0,0.0
1789742457.1,0.9596,110.0,229.0,290.0,4041157372,1044399232,71723,0,0.0
1789742459.2,0.961,111.0,227.0,290.0,4041355604,1044399232,198232,0,0.0
1789742461.3,0.9785,114.0,225.0,290.0,4041566561,1044399232,210957,0,0.0
1789742463.3,0.9827,115.0,223.0,291.0,4041733010,1044399232,166449,0,0.0
1789742465.4,0.9788,114.0,225.0,291.0,4041810384,1044399232,77374,0,0.0
1789742467.5,0.9725,114.0,224.0,292.0,4041906522,1044399232,96138,0,0.0
1789742469.6,0.968,115.0,222.0,292.0,4042168755,1044399232,262233,0,0.0
1789742471.6,0.9664,114.0,224.0,292.0,4042250019,1044399232,81264,0,0.0
1789742473.7,0.9616,113.0,225.0,292.0,4042369622,1044399232,119603,0,0.0
1789742475.8,0.97,113.0,226.0,292.0,4042508516,1044399232,138894,0,0.0
1789742477.8,0.9692,113.0,225.0,292.0,4042777938,1044399232,269422,0,0.0
1789742479.9,0.9848,114.0,226.0,292.0,4042814490,1044399248,36552,16,0.0004
1789742482.0,0.984,114.0,225.0,292.0,4042927370,1044399264,112880,16,0.0001
1789742484.1,0.983,113.0,228.0,292.0,4043000185,1044399264,72815,0,0.0
1789742486.1,0.9784,113.0,227.0,292.0,4043101059,1044399264,100874,0,0.0
1789742488.2,0.9788,113.0,226.0,292.0,4043262434,1044399264,161375,0,0.0
1789742490.3,0.9844,112.0,229.0,292.0,4043329717,1044399264,67283,0,0.0
1789742492.4,0.9593,111.0,227.0,292.0,4043596794,1044399264,267077,0,0.0
1789742494.4,0.9707,111.0,228.0,292.0,4043672853,1044399264,76059,0,0.0
1789742496.5,0.9593,111.0,228.0,292.0,4043928914,1044399264,256061,0,0.0
1789742498.6,0.9548,110.0,229.0,292.0,4044076361,1044399280,147447,16,0.0001
1789742500.6,0.9706,112.0,228.0,292.0,4044265186,1044399280,188825,0,0.0
1789742502.7,0.9756,112.0,228.0,292.0,4044383447,1044399280,118261,0,0.0
1789742504.8,0.9658,109.0,228.0,292.0,4044437382,1044399280,53935,0,0.0
1789742506.9,0.9677,110.0,228.0,292.0,4044713226,1044399296,275844,16,0.0001
1789742508.9,0.9627,109.0,229.0,292.0,4044772902,1044399296,59676,0,0.0
1789742511.0,0.9718,110.0,230.0,292.0,4044831623,1044399296,58721,0,0.0
1789742513.1,0.9573,110.0,231.0,292.0,4045057694,1044399296,226071,0,0.0
1789742515.2,0.9644,110.0,229.0,292.0,4045185351,1044399296,127657,0,0.0
1789742517.3,0.9551,109.0,231.0,292.0,4045226960,1044399296,41609,0,0.0
1789742519.4,0.9411,108.0,229.0,292.0,4045497907,1044399296,270947,0,0.0
1789742521.4,0.9543,108.0,231.0,292.0,4045741284,1044399296,243377,0,0.0
1789742523.5,0.9505,109.0,232.0,292.0,4045810774,1044399296,69490,0,0.0
1789742525.6,0.9578,112.0,229.0,292.0,4046040274,1044399296,229500,0,0.0
1789742527.7,0.9519,112.0,227.0,292.0,4046209624,1044399312,169350,16,0.0001
1789742529.7,0.9623,112.0,228.0,292.0,4046288863,1044399312,79239,0,0.0
1789742531.8,0.9762,113.0,228.0,292.0,4046364851,1044399312,75988,0,0.0
1789742533.9,0.9753,113.0,229.0,292.0,4046381825,1044399312,16974,0,0.0
1789742536.0,0.9681,113.0,227.0,292.0,4046597568,1044399312,215743,0,0.0
1789742538.0,0.9659,113.0,226.0,292.0,4046776191,1044399312,178623,0,0.0
1789742540.1,0.978,113.0,226.0,292.0,4046776191,1044399312,0,0,
1789742542.2,0.9795,112.0,229.0,292.0,4046858147,1044399312,81956,0,0.0
1789742544.4,0.9744,112.0,228.0,292.0,4047046127,1044399312,187980,0,0.0
1789742546.5,0.9759,112.0,228.0,292.0,4047191491,1044399312,145364,0,0.0
1789742548.6,0.968,112.0,228.0,292.0,4047310568,1044399312,119077,0,0.0
1789742550.6,0.9568,111.0,229.0,292.0,4047537867,1044399312,227299,0,0.0
1789742552.7,0.9517,110.0,229.0,292.0,4047589693,1044399312,51826,0,0.0
1789742554.8,0.963,112.0,228.0,292.0,4047694959,1044399328,105266,16,0.0002
1789742556.8,0.9594,112.0,227.0,292.0,4047986939,1044399328,291980,0,0.0
1789742559.0,0.97,112.0,228.0,292.0,4048116926,1044399328,129987,0,0.0
1789742561.1,0.9745,112.0,227.0,292.0,4048272572,1044399328,155646,0,0.0
1789742563.2,0.9739,111.0,227.0,292.0,4048337198,1044399328,64626,0,0.0
1789742565.2,0.9809,112.0,227.0,292.0,4048527476,1044399328,190278,0,0.0
1789742567.3,0.9419,110.0,229.0,292.0,4048665133,1044399328,137657,0,0.0
1789742569.4,0.9331,110.0,229.0,292.0,4048965391,1044399328,300258,0,0.0
1789742571.5,0.9427,111.0,230.0,292.0,4049178215,1044399328,212824,0,0.0
1789742573.5,0.9621,113.0,228.0,292.0,4049255421,1044399328,77206,0,0.0
1789742575.6,0.9667,113.0,227.0,292.0,4049529973,1044399360,274552,32,0.0001
1789742577.7,0.9717,112.0,228.0,292.0,4049529973,1044399360,0,0,
1789742579.7,0.9599,112.0,228.0,292.0,4049680430,1044399376,150457,16,0.0001
1789742581.8,0.9494,112.0,227.0,292.0,4049790666,1044399376,110236,0,0.0
1789742583.9,0.9494,113.0,224.0,293.0,4050116998,1044399392,326332,16,0.0
1789742586.0,0.9679,113.0,225.0,293.0,4050116998,1044399392,0,0,
1789742588.0,0.968,113.0,226.0,293.0,4050244947,1044399392,127949,0,0.0
1789742590.1,0.9634,113.0,225.0,293.0,4050464580,1044399408,219633,16,0.0001
1789742592.2,0.9709,113.0,228.0,293.0,4050527637,1044399408,63057,0,0.0
1789742594.2,0.9545,112.0,228.0,293.0,4050761182,1044399408,233545,0,0.0
1789742596.3,0.9611,112.0,229.0,293.0,4050866924,1044399408,105742,0,0.0
1789742598.4,0.9553,112.0,231.0,293.0,4051152718,1044399408,285794,0,0.0
1789742600.5,0.9745,113.0,231.0,293.0,4051180938,1044399408,28220,0,0.0
1789742602.5,0.9747,113.0,231.0,293.0,4051290615,1044432112,109677,32704,0.2982
1789742604.6,0.9657,111.0,231.0,293.0,4051432713,1044432112,142098,0,0.0
1789742606.7,0.9693,112.0,230.0,293.0,4051630552,1044432112,197839,0,0.0
1789742608.7,0.9661,113.0,227.0,293.0,4051812847,1044432112,182295,0,0.0
1789742610.8,0.9761,113.0,228.0,293.0,4051890971,1044432112,78124,0,0.0
1789742612.9,0.9742,113.0,229.0,293.0,4052006744,1044432112,115773,0,0.0
1789742615.0,0.9531,112.0,229.0,293.0,4052214542,1044432128,207798,16,0.0001
1789742617.0,0.9566,111.0,230.0,293.0,4052273678,1044432128,59136,0,0.0
1789742619.1,0.9541,111.0,230.0,293.0,4052500334,1044432128,226656,0,0.0
1789742621.2,0.962,111.0,231.0,293.0,4052690032,1044432128,189698,0,0.0
1789742623.3,0.9746,113.0,230.0,293.0,4052896019,1044432128,205987,0,0.0
1789742625.3,0.9818,114.0,228.0,293.0,4053035356,1044432128,139337,0,0.0
1789742627.4,0.9903,113.0,230.0,293.0,4053035356,1044432128,0,0,
1789742629.5,0.9563,112.0,231.0,293.0,4053187951,1044432128,152595,0,0.0
1789742631.5,0.9582,111.0,230.0,293.0,4053361931,1044432128,173980,0,0.0
1789742633.6,0.9641,111.0,232.0,293.0,4053431824,1044432128,69893,0,0.0
1789742635.7,0.9727,112.0,232.0,293.0,4053492309,1044432128,60485,0,0.0
1789742637.8,0.9355,108.0,233.0,294.0,4053720606,1044432128,228297,0,0.0
1789742639.8,0.942,110.0,233.0,294.0,4053900537,1044432128,179931,0,0.0
1789742641.9,0.9373,110.0,232.0,294.0,4054097343,1044432144,196806,16,0.0001
1789742644.0,0.946,110.0,232.0,294.0,4054154621,1044432144,57278,0,0.0
1789742646.0,0.9485,110.0,232.0,294.0,4054204729,1044432160,50108,16,0.0003
1789742648.1,0.9264,109.0,229.0,294.0,4054531468,1044432208,326739,48,0.0001
1789742650.2,0.9522,112.0,230.0,294.0,4054688483,1044432208,157015,0,0.0
1789742652.3,0.9556,112.0,229.0,294.0,4054834469,1044432208,145986,0,0.0
1789742654.3,0.9582,113.0,229.0,294.0,4054982309,1044432208,147840,0,0.0
1789742656.4,0.9637,111.0,232.0,294.0,4055138270,1044432208,155961,0,0.0
1789742658.5,0.974,112.0,232.0,294.0,4055216453,1044432208,78183,0,0.0
1789742660.6,0.9738,112.0,230.0,294.0,4055314479,1044432208,98026,0,0.0
1789742662.6,0.9563,112.0,230.0,294.0,4055474537,1044432208,160058,0,0.0
1789742664.7,0.9601,113.0,227.0,294.0,4055609663,1044432208,135126,0,0.0
1789742666.8,0.957,113.0,229.0,294.0,4055777540,1044432208,167877,0,0.0
1789742668.9,0.9335,112.0,226.0,295.0,4056040137,1044432208,262597,0,0.0
1789742670.9,0.9485,114.0,226.0,295.0,4056204916,1044432208,164779,0,0.0
1789742673.0,0.953,116.0,226.0,296.0,4056356400,1044432208,151484,0,0.0
1789742675.1,0.9582,116.0,225.0,296.0,4056695195,1044432208,338795,0,0.0
1789742677.1,0.9607,115.0,226.0,296.0,4056737085,1044432224,41890,16,0.0004
1789742679.2,0.9704,117.0,225.0,296.0,4056909272,1044432224,172187,0,0.0
1789742681.3,0.9672,117.0,226.0,296.0,4056992606,1044432224,83334,0,0.0
1789742683.4,0.9691,118.0,226.0,296.0,4057211832,1044432240,219226,16,0.0001
1789742685.4,0.9609,118.0,224.0,296.0,4057352348,1044432240,140516,0,0.0
1789742687.5,0.9671,118.0,224.0,296.0,4057471085,1044432240,118737,0,0.0
1789742689.6,0.9674,119.0,222.0,296.0,4057655404,1044432240,184319,0,0.0
1789742691.7,0.9729,123.0,218.0,296.0,4057956414,1044432256,301010,16,0.0001
1789742693.7,0.9632,121.0,216.0,296.0,4058094065,1044432272,137651,16,0.0001
1789742695.8,0.9739,122.0,218.0,296.0,4058303735,1044432272,209670,0,0.0
1789742697.9,0.9743,122.0,218.0,297.0,4058429467,1044432272,125732,0,0.0
1789742699.9,0.9554,121.0,218.0,297.0,4058652174,1044432288,222707,16,0.0001
1789742702.0,0.9503,120.0,217.0,297.0,4058795444,1044432288,143270,0,0.0
1789742704.1,0.9345,118.0,221.0,297.0,4058996336,1044432288,200892,0,0.0
1789742706.2,0.9528,119.0,222.0,297.0,4059073292,1044432288,76956,0,0.0
1789742708.2,0.9748,123.0,221.0,297.0,4059287085,1044432288,213793,0,0.0
1789742710.3,0.966,122.0,221.0,297.0,4059428313,1044432304,141228,16,0.0001
1789742712.4,0.9665,122.0,222.0,297.0,4059592210,1044432320,163897,16,0.0001
1789742714.4,0.9695,123.0,220.0,297.0,4059821238,1044432320,229028,0,0.0
1789742716.5,0.9788,122.0,222.0,297.0,4059821238,1044432320,0,0,
1789742718.6,0.9631,120.0,223.0,297.0,4059929269,1044432320,108031,0,0.0
1789742720.7,0.9438,119.0,221.0,297.0,4060262097,1044432336,332828,16,0.0
1789742722.7,0.95,118.0,223.0,297.0,4060360718,1044432336,98621,0,0.0
1789742724.8,0.9431,116.0,226.0,297.0,4060360718,1044432336,0,0,
1789742726.9,0.9448,117.0,225.0,297.0,4060641560,1044432336,280842,0,0.0
1789742729.0,0.948,116.0,227.0,297.0,4060695438,1044432336,53878,0,0.0
1789742731.1,0.9461,116.0,225.0,297.0,4060850833,1044432336,155395,0,0.0
1789742733.1,0.9566,117.0,226.0,297.0,4060978513,1044432336,127680,0,0.0
1789742735.2,0.9437,117.0,225.0,297.0,4061249280,1044432368,270767,32,0.0001
1789742737.3,0.9539,118.0,226.0,297.0,4061356859,1044432368,107579,0,0.0
1789742739.3,0.9355,115.0,226.0,297.0,4061399755,1044432368,42896,0,0.0
1789742741.5,0.9324,115.0,227.0,297.0,4061746116,1044432368,346361,0,0.0
1789742743.5,0.9469,116.0,226.0,297.0,4062068613,1044432368,322497,0,0.0
1789742745.6,0.9547,116.0,225.0,297.0,4062131812,1044432368,63199,0,0.0
1789742747.7,0.9582,115.0,226.0,297.0,4062215805,1044432368,83993,0,0.0
1789742749.8,0.9551,113.0,230.0,297.0,4062281396,1044432368,65591,0,0.0
1789742751.9,0.9541,114.0,232.0,297.0,4062352450,1044432384,71054,16,0.0002
1789742754.0,0.9725,117.0,229.0,297.0,4062481345,1044432384,128895,0,0.0
1789742756.1,0.9848,118.0,228.0,297.0,4062579085,1044432384,97740,0,0.0
1789742758.2,0.9807,118.0,227.0,297.0,4062742438,1044432384,163353,0,0.0
1789742760.3,0.9672,116.0,228.0,297.0,4062826433,1044432384,83995,0,0.0
1789742762.3,0.9745,115.0,229.0,297.0,4062897059,1044432384,70626,0,0.0
1789742764.4,0.9687,114.0,230.0,297.0,4062944073,1044432384,47014,0,0.0
1789742766.5,0.9408,112.0,230.0,297.0,4063307447,1044432384,363374,0,0.0
1789742768.5,0.9506,113.0,230.0,297.0,4063380234,1044432384,72787,0,0.0
1789742770.6,0.9614,113.0,231.0,297.0,4063576484,1044432384,196250,0,0.0
1789742772.7,0.9753,114.0,231.0,297.0,4063625198,1044432384,48714,0,0.0
1789742774.8,0.9794,115.0,229.0,297.0,4063855631,1044432384,230433,0,0.0
1789742776.8,0.9904,115.0,231.0,297.0,4063855631,1044432384,0,0,
1789742778.9,0.9869,115.0,230.0,297.0,4064014551,1044432384,158920,0,0.0
1789742781.0,0.9712,114.0,229.0,297.0,4064258732,1044432384,244181,0,0.0
1789742783.0,0.9606,114.0,230.0,297.0,4064323644,1044432384,64912,0,0.0
1789742785.1,0.9737,115.0,230.0,297.0,4064525356,1044432400,201712,16,0.0001
1789742787.2,0.9534,114.0,227.0,297.0,4064690505,1044432400,165149,0,0.0
1789742789.3,0.962,114.0,226.0,297.0,4064879390,1044432416,188885,16,0.0001
1789742791.3,0.9648,114.0,226.0,297.0,4065011021,1044432416,131631,0,0.0
1789742793.4,0.971,115.0,226.0,297.0,4065139377,1044432416,128356,0,0.0
1789742795.5,0.9683,115.0,226.0,297.0,4065383531,1044432416,244154,0,0.0
1789742797.5,0.9716,114.0,228.0,298.0,4065500207,1044432416,116676,0,0.0
1789742799.6,0.9704,114.0,229.0,298.0,4065579277,1044432416,79070,0,0.0
1789742801.7,0.9792,116.0,226.0,298.0,4065819464,1044432432,240187,16,0.0001
1789742803.8,0.9617,116.0,225.0,298.0,4065933731,1044432432,114267,0,0.0
1789742805.8,0.9645,117.0,226.0,298.0,4066173158,1044432432,239427,0,0.0
1789742807.9,0.9782,118.0,226.0,298.0,4066249390,1044432448,76232,16,0.0002
1789742810.0,0.9736,117.0,226.0,298.0,4066457445,1044432448,208055,0,0.0
1789742812.1,0.9526,116.0,224.0,298.0,4066813884,1044432448,356439,0,0.0
1789742814.2,0.9504,115.0,227.0,298.0,4066902634,1044432448,88750,0,0.0
1789742816.2,0.9533,116.0,225.0,298.0,4067136440,1044432448,233806,0,0.0
1789742818.3,0.9364,114.0,227.0,298.0,4067215249,1044432448,78809,0,0.0
1789742820.4,0.949,117.0,226.0,298.0,4067364838,1044432448,149589,0,0.0
1789742822.5,0.9484,115.0,227.0,298.0,4067364838,1044432448,0,0,
1789742824.6,0.9476,117.0,225.0,298.0,4067666313,1044432448,301475,0,0.0
1789742826.7,0.9285,115.0,225.0,298.0,4067729088,1044432448,62775,0,0.0
1789742828.8,0.9408,116.0,226.0,298.0,4067820933,1044432448,91845,0,0.0
1789742830.8,0.9558,117.0,226.0,298.0,4067964688,1044432448,143755,0,0.0
1789742832.9,0.9701,119.0,224.0,298.0,4068081574,1044432464,116886,16,0.0001
1789742835.0,0.9772,119.0,224.0,298.0,4068081574,1044432464,0,0,
1789742837.0,0.9597,116.0,224.0,299.0,4068301778,1044432464,220204,0,0.0
1789742839.1,0.9543,115.0,226.0,299.0,4068492888,1044432480,191110,16,0.0001
1789742841.2,0.9484,113.0,226.0,299.0,4068579420,1044432480,86532,0,0.0
1789742843.3,0.9575,115.0,226.0,299.0,4068759497,1044432480,180077,0,0.0
1789742845.3,0.9746,116.0,225.0,299.0,4068815358,1044432480,55861,0,0.0
1789742847.4,0.9593,114.0,225.0,299.0,4069080312,1044432480,264954,0,0.0
1789742849.5,0.9746,115.0,226.0,299.0,4069213502,1044432480,133190,0,0.0
1789742851.6,0.9769,115.0,228.0,299.0,4069258867,1044432496,45365,16,0.0004
1789742853.6,0.971,115.0,227.0,299.0,4069559508,1044432496,300641,0,0.0
1789742855.7,0.9459,111.0,228.0,299.0,4069691240,1044432496,131732,0,0.0
1789742857.8,0.9463,111.0,230.0,299.0,4069799064,1044432496,107824,0,0.0
1789742859.9,0.9598,112.0,229.0,299.0,4070074287,1044432496,275223,0,0.0
1789742861.9,0.971,112.0,231.0,299.0,4070074287,1044432496,0,0,
1789742864.0,0.9596,112.0,229.0,299.0,4070263431,1044432496,189144,0,0.0
1789742866.1,0.9717,112.0,232.0,299.0,4070350727,1044432496,87296,0,0.0
1789742868.2,0.9737,111.0,232.0,299.0,4070414637,1044432496,63910,0,0.0
1789742870.3,0.9797,112.0,230.0,299.0,4070507681,1044432496,93044,0,0.0
1789742872.3,0.9621,111.0,230.0,299.0,4070775424,1044432528,267743,32,0.0001
1789742874.4,0.9806,111.0,232.0,299.0,4070775424,1044432528,0,0,
1789742876.5,0.9821,111.0,232.0,299.0,4070864760,1044432528,89336,0,0.0
1789742878.6,0.9496,109.0,232.0,299.0,4071005978,1044432544,141218,16,0.0001
1789742880.7,0.9492,108.0,231.0,299.0,4071125596,1044432544,119618,0,0.0
1789742882.8,0.962,110.0,231.0,299.0,4071219606,1044432544,94010,0,0.0
1789742884.9,0.9633,110.0,233.0,299.0,4071393285,1044432544,173679,0,0.0
1789742887.0,0.9592,110.0,232.0,299.0,4071654904,1044432544,261619,0,0.0
1789742889.0,0.9631,109.0,232.0,299.0,4071743302,1044432544,88398,0,0.0
1789742891.1,0.9792,110.0,233.0,299.0,4071851096,1044432544,107794,0,0.0
1789742893.2,0.9862,110.0,233.0,299.0,4071853395,1044432544,2299,0,0.0
1789742895.3,0.963,107.0,232.0,299.0,4071907733,1044432560,54338,16,0.0003
1789742897.4,0.9498,106.0,235.0,299.0,4072106160,1044432576,198427,16,0.0001
1789742899.4,0.9484,105.0,236.0,299.0,4072223209,1044432576,117049,0,0.0
1789742901.5,0.9618,105.0,237.0,299.0,4072288864,1044432576,65655,0,0.0
1789742903.6,0.9629,105.0,236.0,299.0,4072540167,1044432576,251303,0,0.0
1789742905.7,0.9771,106.0,236.0,299.0,4072589239,1044432576,49072,0,0.0
1789742907.7,0.976,106.0,235.0,299.0,4072715700,1044432592,126461,16,0.0001
1789742909.8,0.9844,106.0,235.0,299.0,4072803393,1044432592,87693,0,0.0
1789742911.9,0.9769,106.0,236.0,300.0,4072898068,1044432592,94675,0,0.0
1789742914.0,0.9842,107.0,236.0,300.0,4072980257,1044432592,82189,0,0.0
1789742916.0,0.9888,107.0,236.0,300.0,4073025355,1044432592,45098,0,0.0
1789742918.1,0.9593,106.0,236.0,300.0,4073138949,1044432592,113594,0,0.0
1789742920.2,0.9647,107.0,235.0,300.0,4073466789,1044432592,327840,0,0.0
1789742922.2,0.9725,108.0,234.0,300.0,4073584210,1044432592,117421,0,0.0
1789742924.3,0.9635,109.0,231.0,300.0,4073794663,1044432624,210453,32,0.0002
1789742926.4,0.9568,109.0,230.0,300.0,4074019023,1044432624,224360,0,0.0
1789742928.5,0.9782,110.0,231.0,300.0,4074125029,1044432624,106006,0,0.0
1789742930.6,0.9825,109.0,232.0,300.0,4074125029,1044432624,0,0,
1789742932.6,0.971,108.0,232.0,300.0,4074294661,1044432624,169632,0,0.0
1789742934.7,0.9684,107.0,233.0,300.0,4074462401,1044432624,167740,0,0.0
1789742936.8,0.9823,108.0,233.0,300.0,4074540132,1044432640,77731,16,0.0002
1789742938.9,0.981,106.0,234.0,300.0,4074613404,1044432640,73272,0,0.0
1789742940.9,0.985,106.0,237.0,301.0,4074659202,1044432640,45798,0,0.0
1789742943.0,0.9624,105.0,238.0,302.0,4074659202,1044432640,0,0,
1789742945.1,0.9573,103.0,238.0,302.0,4074717499,1044432640,58297,0,0.0
1789742947.2,0.9323,105.0,235.0,302.0,4075109725,1044432656,392226,16,0.0
1789742949.3,0.9319,106.0,235.0,302.0,4075274948,1044432672,165223,16,0.0001
1789742951.3,0.9559,108.0,234.0,302.0,4075401158,1044432672,126210,0,0.0
1789742953.4,0.9581,108.0,235.0,302.0,4075538427,1044432672,137269,0,0.0
1789742955.5,0.9606,110.0,233.0,302.0,4075746330,1044432672,207903,0,0.0
1789742957.6,0.9628,110.0,233.0,302.0,4075948224,1044465360,201894,32688,0.1619
1789742959.7,0.97,111.0,232.0,302.0,4076108339,1044465360,160115,0,0.0
1789742961.7,0.9728,111.0,231.0,302.0,4076242602,1044465360,134263,0,0.0
1789742963.8,0.9822,111.0,229.0,302.0,4076351819,1044465360,109217,0,0.0
1789742965.9,0.9758,110.0,231.0,302.0,4076502967,1044465360,151148,0,0.0
1789742968.0,0.9625,109.0,233.0,302.0,4076827256,1044465376,324289,16,0.0
1789742970.0,0.9675,106.0,236.0,302.0,4076827256,1044465376,0,0,
1789742972.1,0.9731,106.0,237.0,303.0,4076871679,1044465376,44423,0,0.0
1789742974.2,0.9754,106.0,238.0,303.0,4076929235,1044465376,57556,0,0.0
1789742976.2,0.9593,106.0,236.0,303.0,4077414946,1044498064,485711,32688,0.0673
1789742978.3,0.9671,106.0,238.0,303.0,4077468852,1044498064,53906,0,0.0
1789742980.4,0.9735,106.0,237.0,303.0,4077511335,1044498064,42483,0,0.0
1789742982.5,0.9719,107.0,237.0,303.0,4077619812,1044498064,108477,0,0.0
1789742984.6,0.9615,106.0,235.0,303.0,4077813503,1044498064,193691,0,0.0
1789742986.6,0.9768,106.0,238.0,303.0,4077813503,1044498064,0,0,
1789742988.7,0.9793,105.0,241.0,303.0,4077857017,1044498064,43514,0,0.0
1789742990.8,0.9703,105.0,240.0,303.0,4078050282,1044498080,193265,16,0.0001
1789742992.9,0.9611,103.0,240.0,303.0,4078133898,1044498080,83616,0,0.0
1789742994.9,0.9578,105.0,238.0,303.0,4078357093,1044498080,223195,0,0.0
1789742997.0,0.9625,105.0,239.0,303.0,4078555290,1044498080,198197,0,0.0
1789742999.1,0.9734,106.0,238.0,303.0,4078675885,1044498080,120595,0,0.0
1789743001.2,0.9722,106.0,239.0,303.0,4078833168,1044498080,157283,0,0.0
1789743003.2,0.9704,106.0,238.0,303.0,4079052118,1044498080,218950,0,0.0
1789743005.3,0.9783,106.0,238.0,303.0,4079188212,1044498080,136094,0,0.0
1789743007.4,0.9781,107.0,235.0,303.0,4079352773,1044498080,164561,0,0.0
1789743009.5,0.9694,107.0,236.0,303.0,4079635696,1044498080,282923,0,0.0
1789743011.5,0.9649,107.0,235.0,303.0,4079798610,1044498080,162914,0,0.0
1789743013.6,0.9711,107.0,236.0,303.0,4079861555,1044498080,62945,0,0.0
1789743015.7,0.9722,107.0,238.0,303.0,4079943166,1044498080,81611,0,0.0
1789743017.7,0.9531,106.0,237.0,303.0,4080152284,1044498080,209118,0,0.0
1789743019.8,0.9599,107.0,234.0,303.0,4080379191,1044498096,226907,16,0.0001
1789743021.9,0.9585,108.0,235.0,303.0,4080684045,1044498096,304854,0,0.0
1789743024.0,0.9629,107.0,237.0,303.0,4080769613,1044498096,85568,0,0.0
1789743026.1,0.9667,107.0,236.0,303.0,4080817621,1044498096,48008,0,0.0
1789743028.1,0.9637,108.0,235.0,303.0,4081043577,1044498096,225956,0,0.0
1789743030.2,0.9706,108.0,236.0,303.0,4081137419,1044498112,93842,16,0.0002
1789743032.3,0.9709,108.0,236.0,303.0,4081188209,1044498112,50790,0,0.0
1789743034.3,0.9438,107.0,235.0,303.0,4081505198,1044498112,316989,0,0.0
1789743036.4,0.9545,109.0,235.0,303.0,4081647185,1044498112,141987,0,0.0
1789743038.5,0.9542,108.0,235.0,303.0,4081647185,1044498112,0,0,
1789743040.5,0.9549,108.0,232.0,303.0,4081863223,1044498112,216038,0,0.0
1789743042.6,0.9482,107.0,230.0,303.0,4081949195,1044498112,85972,0,0.0
1789743044.7,0.949,107.0,229.0,303.0,4081991513,1044498112,42318,0,0.0
1789743046.8,0.9445,107.0,227.0,303.0,4082135355,1044498112,143842,0,0.0
1789743048.8,0.9611,109.0,225.0,303.0,4082261889,1044498112,126534,0,0.0
1789743050.9,0.9509,109.0,221.0,303.0,4082545162,1044498128,283273,16,0.0001
1789743053.0,0.9623,110.0,217.0,303.0,4082789263,1044498128,244101,0,0.0
1789743055.0,0.9616,110.0,215.0,303.0,4082919399,1044498144,130136,16,0.0001
1789743057.1,0.965,110.0,213.0,303.0,4083155295,1044498144,235896,0,0.0
1789743059.2,0.9588,109.0,211.0,303.0,4083246540,1044498144,91245,0,0.0
1789743061.3,0.9747,110.0,210.0,303.0,4083287936,1044498144,41396,0,0.0
1789743063.3,0.975,111.0,207.0,303.0,4083499880,1044498144,211944,0,0.0
1789743065.4,0.9656,110.0,205.0,303.0,4083626457,1044498144,126577,0,0.0
1789743067.5,0.9826,111.0,204.0,303.0,4083671487,1044498144,45030,0,0.0
1789743069.5,0.985,112.0,201.0,303.0,4083826414,1044498144,154927,0,0.0
1789743071.6,0.9837,112.0,198.0,303.0,4084045180,1044498144,218766,0,0.0
1789743073.7,0.9736,111.0,195.0,303.0,4084232246,1044498160,187066,16,0.0001
1789743075.7,0.9697,112.0,191.0,303.0,4084565697,1044498160,333451,0,0.0
1789743077.8,0.9703,110.0,191.0,303.0,4084565697,1044498160,0,0,
1789743079.9,0.9749,111.0,188.0,303.0,4084707637,1044498192,141940,32,0.0002
1789743082.0,0.9607,111.0,186.0,303.0,4084816353,1044498192,108716,0,0.0
1789743084.0,0.957,110.0,184.0,303.0,4084971589,1044498192,155236,0,0.0
1789743086.1,0.9613,110.0,182.0,303.0,4085201747,1044498208,230158,16,0.0001
1789743088.2,0.9723,110.0,181.0,303.0,4085309377,1044498208,107630,0,0.0
1789743090.2,0.979,110.0,180.0,303.0,4085356149,1044498208,46772,0,0.0
1789743092.3,0.9748,110.0,178.0,303.0,4085416424,1044498208,60275,0,0.0
1789743094.4,0.9637,110.0,175.0,303.0,4085675938,1044498208,259514,0,0.0
1789743096.4,0.9569,110.0,174.0,303.0,4085747400,1044498208,71462,0,0.0
1789743098.5,0.9551,110.0,172.0,303.0,4085883424,1044498208,136024,0,0.0
1789743100.6,0.9496,109.0,170.0,303.0,4086083670,1044498208,200246,0,0.0
1789743102.7,0.9493,110.0,167.0,303.0,4086275453,1044498208,191783,0,0.0
1789743104.7,0.9681,111.0,165.0,303.0,4086427265,1044498208,151812,0,0.0
1789743106.8,0.9665,111.0,163.0,304.0,4086604425,1044498208,177160,0,0.0
1789743108.9,0.9749,111.0,160.0,304.0,4086757309,1044498208,152884,0,0.0
1789743110.9,0.9679,111.0,157.0,304.0,4086954191,1044498224,196882,16,0.0001
1789743113.0,0.9723,112.0,155.0,304.0,4086996308,1044498224,42117,0,0.0
1789743115.1,0.9749,114.0,151.0,304.0,4087319649,1044498240,323341,16,0.0
1789743117.2,0.9553,110.0,150.0,304.0,4087401999,1044498240,82350,0,0.0
1789743119.2,0.97,111.0,149.0,304.0,4087460360,1044498240,58361,0,0.0
1789743121.3,0.948,113.0,143.0,304.0,4087845827,1044498256,385467,16,0.0
1789743123.4,0.958,113.0,142.0,304.0,4087938221,1044498272,92394,16,0.0002
1789743125.5,0.9601,113.0,141.0,304.0,4088011707,1044498288,73486,16,0.0002
1789743127.5,0.959,114.0,138.0,304.0,4088218583,1044498288,206876,0,0.0
1789743129.6,0.9562,114.0,135.0,304.0,4088464296,1044498288,245713,0,0.0
1789743131.7,0.9759,115.0,134.0,304.0,4088488227,1044498288,23931,0,0.0
1789743133.7,0.9743,117.0,129.0,304.0,4088696038,1044498304,207811,16,0.0001
1789743135.8,0.9753,116.0,127.0,304.0,4088771748,1044498304,75710,0,0.0
1789743137.9,0.9607,114.0,125.0,304.0,4088963252,1044498304,191504,0,0.0
1789743139.9,0.957,114.0,124.0,304.0,4089035175,1044498304,71923,0,0.0
1789743142.0,0.971,116.0,121.0,304.0,4089211728,1044498336,176553,32,0.0002
1789743144.1,0.9511,113.0,121.0,304.0,4089211728,1044498336,0,0,
1789743146.1,0.939,112.0,118.0,304.0,4089608830,1044498336,397102,0,0.0
1789743148.2,0.9354,111.0,117.0,304.0,4089782400,1044498336,173570,0,0.0
1789743150.3,0.9457,111.0,117.0,304.0,4089782400,1044498336,0,0,
1789743152.3,0.9548,112.0,115.0,304.0,4089893333,1044498336,110933,0,0.0
1789743154.4,0.9569,113.0,113.0,304.0,4090034748,1044498336,141415,0,0.0
1789743156.5,0.958,113.0,112.0,304.0,4090090992,1044498336,56244,0,0.0
1789743158.6,0.0,0.0,1.0,304.0,4090595537,1044498336,504545,0,0.0
1789743160.6,0.0,0.0,0.0,304.0,4090646319,1044498336,50782,0,0.0
1789743162.7,0.0,0.0,0.0,304.0,4090646319,1044498336,0,0,
1789743164.8,0.0,0.0,0.0,304.0,4090646319,1044498336,0,0,
1789743166.8,0.0,0.0,0.0,304.0,4090646319,1044498336,0,0,
1789743168.9,0.0,0.0,0.0,304.0,4090646319,1044498336,0,0,
1789743170.9,0.0,0.0,0.0,304.0,4090646319,1044498336,0,0,
1789743173.0,0.0,0.0,0.0,304.0,4090646319,1044498336,0,0,
1789743175.1,0.0,0.0,0.0,304.0,4090646319,1044498336,0,0,
1789743177.1,0.0,0.0,0.0,304.0,4090646319,1044498336,0,0,
1789743179.2,0.0,0.0,0.0,304.0,4090646319,1044498336,0,0,
1789743181.3,0.0,0.0,0.0,304.0,4090646319,1044498336,0,0,
1789743183.3,0.0,0.0,0.0,304.0,4090646319,1044498336,0,0,
1789743185.4,0.0,0.0,0.0,304.0,4090646319,1044498336,0,0,
1789743187.5,0.0,0.0,0.0,304.0,4090646319,1044498336,0,0,
1789743189.5,0.0,0.0,0.0,304.0,4090646319,1044498336,0,0,
1789743191.6,0.0,0.0,0.0,304.0,4090646319,1044498336,0,0,
1789743193.7,0.0,0.0,0.0,304.0,4090646319,1044498336,0,0,
1789743195.7,0.0,0.0,0.0,304.0,4090646319,1044498336,0,0,
1789743197.8,0.0,0.0,0.0,304.0,4090646319,1044498336,0,0,
1789743199.9,0.0,0.0,0.0,304.0,4090646319,1044498336,0,0,
1789743201.9,0.0,0.0,0.0,304.0,4090646319,1044498336,0,0,
1789743204.0,0.0,0.0,0.0,304.0,4090646319,1044498336,0,0,
1789743206.1,0.0,0.0,0.0,304.0,4090646319,1044498336,0,0,
1789743208.1,0.0,0.0,0.0,304.0,4090646319,1044498336,0,0,
1789743210.2,0.0,0.0,0.0,304.0,4090646319,1044498336,0,0,
1789743212.3,0.0,0.0,0.0,304.0,4090646319,1044498336,0,0,
1789743214.3,0.0,0.0,0.0,304.0,4090646319,1044498336,0,0,
1789743216.4,0.0,0.0,0.0,304.0,4090646319,1044498336,0,0,
1789743218.5,0.0,0.0,0.0,304.0,4090646319,1044498336,0,0,
1789743220.5,0.0,0.0,0.0,304.0,4090646319,1044498336,0,0,
1789743222.6,0.0,0.0,0.0,304.0,4090646319,1044498336,0,0,
1789743224.7,0.0,0.0,0.0,304.0,4090646319,1044498336,0,0,
1789743226.8,0.0,0.0,0.0,304.0,4090646319,1044498336,0,0,
1789743228.8,0.0,0.0,0.0,304.0,4090646319,1044498336,0,0,
1789743230.9,0.0,0.0,0.0,304.0,4090646319,1044498336,0,0,
1789743232.9,0.0,0.0,0.0,304.0,4090646319,1044498336,0,0,
1789743235.0,0.0,0.0,0.0,304.0,4090646319,1044498336,0,0,
1789743237.1,0.0,0.0,0.0,304.0,4090646319,1044498336,0,0,
1789743239.1,0.0,0.0,0.0,304.0,4090646319,1044498336,0,0,
1789743241.2,0.0,0.0,0.0,304.0,4090646319,1044498336,0,0,
1789743243.3,0.0,0.0,0.0,304.0,4090646319,1044498336,0,0,
1789743245.3,0.0,0.0,0.0,304.0,4090646319,1044498336,0,0,
1789743247.4,0.0,0.0,0.0,304.0,4090646319,1044498336,0,0,
1789743249.5,0.0,0.0,0.0,304.0,4090646319,1044498336,0,0,
1789743251.5,0.0,0.0,0.0,304.0,4090646319,1044498336,0,0,
1789743253.6,0.0,0.0,0.0,304.0,4090646319,1044498336,0,0,
1789743255.7,0.0,0.0,0.0,304.0,4090646319,1044498336,0,0,
1789743257.7,0.0,0.0,0.0,304.0,4090646319,1044498336,0,0,
1789743259.8,0.0,0.0,0.0,304.0,4090646319,1044498336,0,0,
1789743261.9,0.0,0.0,0.0,304.0,4090646319,1044498336,0,0,
1789743263.9,0.0,0.0,0.0,304.0,4090646319,1044498336,0,0,
1789743266.0,0.0,0.0,0.0,304.0,4090646319,1044498336,0,0,
1789743268.1,0.0,0.0,0.0,304.0,4090646319,1044498336,0,0,
1789743270.1,0.0,0.0,0.0,304.0,4090646319,1044498336,0,0,
1789743272.2,0.0,0.0,0.0,304.0,4090646319,1044498336,0,0,
1789743274.3,0.0,0.0,0.0,304.0,4090646319,1044498336,0,0,
1789743276.3,0.0,0.0,0.0,304.0,4090646319,1044498336,0,0,
1789743278.4,0.0,0.0,0.0,304.0,4090646319,1044498336,0,0,
1789743280.5,0.0,0.0,0.0,304.0,4090646319,1044498336,0,0,
1789743282.6,0.0,0.0,0.0,304.0,4090646319,1044498336,0,0,
1789743284.6,0.0,0.0,0.0,304.0,4090646319,1044498336,0,0,
1789743286.7,0.0,0.0,0.0,304.0,4090646319,1044498336,0,0,
1789743288.8,0.0,0.0,0.0,304.0,4090646319,1044498336,0,0,
1789743290.8,0.0,0.0,0.0,304.0,4090646319,1044498336,0,0,
1789743292.9,0.0,0.0,0.0,304.0,4090646319,1044498336,0,0,
1789743295.0,0.0,0.0,0.0,304.0,4090646319,1044498336,0,0,
1789743297.0,0.0,0.0,0.0,304.0,4090646319,1044498336,0,0,
1789743299.1,0.0,0.0,0.0,304.0,4090646319,1044498336,0,0,
1789743301.2,0.0,0.0,0.0,304.0,4090646319,1044498336,0,0,
1789743303.2,0.0,0.0,0.0,304.0,4090646319,1044498336,0,0,
1789743305.3,0.0,0.0,0.0,304.0,4090646319,1044498336,0,0,
1789743307.3,0.0,0.0,0.0,304.0,4090646319,1044498336,0,0,
1789743309.4,0.0,0.0,0.0,304.0,4090646319,1044498336,0,0,
1789743311.5,0.0,0.0,0.0,304.0,4090646319,1044498336,0,0,
1789743313.5,0.0,0.0,0.0,304.0,4090646319,1044498336,0,0,
1789743315.6,0.0,0.0,0.0,304.0,4090646319,1044498336,0,0,
1789743317.7,0.0,0.0,0.0,304.0,4090646319,1044498336,0,0,
1789743319.7,0.0,0.0,0.0,304.0,4090646319,1044498336,0,0,
1789743321.8,0.0,0.0,0.0,304.0,4090646319,1044498336,0,0,
1789743323.9,0.0,0.0,0.0,304.0,4090646319,1044498336,0,0,
1789743325.9,0.0,0.0,0.0,304.0,4090646319,1044498336,0,0,
1789743328.0,0.0,0.0,0.0,304.0,4090646319,1044498336,0,0,
1789743330.1,0.0,0.0,0.0,304.0,4090646319,1044498336,0,0,
1789743332.1,0.0,0.0,0.0,304.0,4090646319,1044498336,0,0,
1789743334.2,0.0,0.0,0.0,304.0,4090646319,1044498336,0,0,
1789743336.3,0.0,0.0,0.0,304.0,4090646319,1044498336,0,0,
1789743338.3,0.0,0.0,0.0,304.0,4090646319,1044498336,0,0,
1789743340.4,0.0,0.0,0.0,304.0,4090646319,1044498336,0,0,
1789743342.5,0.0,0.0,0.0,304.0,4090646319,1044498336,0,0,
1789743344.5,0.0,0.0,0.0,304.0,4090646319,1044498336,0,0,
1789743346.6,0.0,0.0,0.0,304.0,4090646319,1044498336,0,0,
1789743348.7,0.0,0.0,0.0,304.0,4090646319,1044498336,0,0,
1789743350.8,0.0,0.0,0.0,304.0,4090646319,1044498336,0,0,
1789743352.8,0.0,0.0,0.0,304.0,4090646319,1044498336,0,0,
1789743354.9,0.0,0.0,0.0,304.0,4090646319,1044498336,0,0,
1789743357.0,0.0,0.0,0.0,304.0,4090646319,1044498336,0,0,
1789743359.0,0.0,0.0,0.0,304.0,4090646319,1044498336,0,0,
1789743361.1,0.0,0.0,0.0,304.0,4090646319,1044498336,0,0,
1789743363.2,0.0,0.0,0.0,304.0,4090646319,1044498336,0,0,
1789743365.2,0.0,0.0,0.0,304.0,4090646319,1044498336,0,0,
1789743367.3,0.0,0.0,0.0,304.0,4090646319,1044498336,0,0,
1789743369.4,0.0,0.0,0.0,304.0,4090646319,1044498336,0,0,
1789743371.4,0.0,0.0,0.0,304.0,4090646319,1044498336,0,0,
1789743373.5,0.0,0.0,0.0,304.0,4090646319,1044498336,0,0,
1789743375.6,0.0,0.0,0.0,304.0,4090646319,1044498336,0,0,
1789743377.6,0.0,0.0,0.0,304.0,4090646319,1044498336,0,0,
1789743379.7,0.0,0.0,0.0,304.0,4090646319,1044498336,0,0,
1789743381.8,0.0,0.0,0.0,304.0,4090646319,1044498336,0,0,
1789743383.8,0.0,0.0,0.0,304.0,4090646319,1044498336,0,0,
1789743385.9,0.0,0.0,0.0,304.0,4090646319,1044498336,0,0,
1789743388.0,0.0,0.0,0.0,304.0,4090646319,1044498336,0,0,
1789743390.0,0.0,0.0,0.0,304.0,4090646319,1044498336,0,0,
1789743392.1,0.0,0.0,0.0,304.0,4090646319,1044498336,0,0,
1789743394.2,0.0,0.0,0.0,304.0,4090646319,1044498336,0,0,
1789743396.2,0.0,0.0,0.0,304.0,4090646319,1044498336,0,0,
1789743398.3,0.0,0.0,0.0,304.0,4090646319,1044498336,0,0,
1789743400.4,0.0,0.0,0.0,304.0,4090646319,1044498336,0,0,
1789743402.4,0.0,0.0,0.0,304.0,4090646319,1044498336,0,0,
1789743404.5,0.0,0.0,0.0,304.0,4090646319,1044498336,0,0,
1789743406.6,0.0,0.0,0.0,304.0,4090646319,1044498336,0,0,
1789743408.6,0.0,0.0,0.0,304.0,4090646319,1044498336,0,0,
1789743410.7,0.0,0.0,0.0,304.0,4090646319,1044498336,0,0,
1789743412.8,0.0,0.0,0.0,304.0,4090646319,1044498336,0,0,
1789743414.8,0.0,0.0,0.0,304.0,4090646319,1044498336,0,0,
1789743416.9,0.0,0.0,0.0,304.0,4090646319,1044498336,0,0,
1789743419.0,0.0,0.0,0.0,304.0,4090646319,1044498336,0,0,
1789743421.0,0.0,0.0,0.0,304.0,4090646319,1044498336,0,0,
1789743423.1,0.0,0.0,0.0,304.0,4090646319,1044498336,0,0,
1789743425.2,0.0,0.0,0.0,304.0,4090646319,1044498336,0,0,
1789743427.2,0.0,0.0,0.0,304.0,4090646319,1044498336,0,0,
1789743429.3,0.0,0.0,0.0,304.0,4090646319,1044498336,0,0,
1789743431.4,0.0,0.0,0.0,304.0,4090646319,1044498336,0,0,
1789743433.4,0.0,0.0,0.0,304.0,4090646319,1044498336,0,0,
1789743435.5,0.0,0.0,0.0,304.0,4090646319,1044498336,0,0,
1789743437.6,0.0,0.0,0.0,304.0,4090646319,1044498336,0,0,
1789743439.6,0.0,0.0,0.0,304.0,4090646319,1044498336,0,0,
1789743441.7,0.0,0.0,0.0,304.0,4090646319,1044498336,0,0,
1789743443.8,0.0,0.0,0.0,304.0,4090646319,1044498336,0,0,
1789743445.8,0.0,0.0,0.0,304.0,4090646319,1044498336,0,0,
1789743447.9,0.0,0.0,0.0,304.0,4090646319,1044498336,0,0,
1789743450.0,0.0,0.0,0.0,304.0,4090646319,1044498336,0,0,
1789743452.0,0.0,0.0,0.0,304.0,4090646319,1044498336,0,0,
1789743452.1,0.0,0.0,0.0,304.0,4090646319,1044498336,0,0,
