[transformers] PyTorch was not found. Models won't be available and only tokenizers, configuration and file/data utilities can be used.
2026-09-19 04:47:52,424 - inference_perf.config.config - INFO - Using configuration from: /etc/config/config.yml
2026-09-19 04:47:52,441 - inference_perf.config.config - INFO - Benchmarking with the following config:

api:
  type: chat
  streaming: true
  headers: null
  slo_unit: null
  slo_tpot_header: null
  slo_ttft_header: null
  response_format: null
  session_id_header_key: x-session-id
  session_token_header_key: null
data:
  type: weka_trace_replay
  path: null
  corpus_file_path: null
  input_distribution: null
  output_distribution: null
  shared_prefix: null
  multimodal: null
  trace: null
  otel_trace_replay: null
  weka_trace_replay:
    trace_directory: /data/traces
    num_dataset_entries: 400
    use_static_model: true
    static_model_name: Qwen/Qwen3-Coder-30B-A3B-Instruct-FP8
    default_block_size: 64
    skip_invalid_files: true
    trace_idle_gap_cap_seconds: 10.0
    max_wait_ms: 10000
    datagen_workers: 8
  conversation_replay: null
  visionarena: null
  synthetic_agentic: null
  use_chat_template: false
load:
  type: trace_session_replay
  interval: 1.0
  stages:
  - !!python/object:inference_perf.config.loadgen.config.TraceSessionReplayLoadStage
    __dict__:
      concurrent_sessions: 338
      session_rate: null
      num_sessions: null
      timeout: 1800.0
    __pydantic_extra__: null
    __pydantic_fields_set__: !!set
      timeout: null
      concurrent_sessions: null
    __pydantic_private__: null
  sweep: null
  num_workers: 24
  worker_max_concurrency: 100
  worker_max_tcp_connections: 2500
  trace: null
  circuit_breakers: []
  request_timeout: 1900
  request_retries: 0
  request_retry_backoff_sec: 0.5
  stage_teardown_grace_seconds: 120.0
  lora_traffic_split: null
  base_seed: 20260915
metrics: null
report:
  request_lifecycle:
    summary: true
    per_stage: true
    per_request: true
    per_request_fields:
      request: false
      response: false
      info: true
      response_chunks: false
      computed_metrics: true
    per_adapter: true
    per_adapter_stage: false
    percentiles:
    - 0.1
    - 1.0
    - 5.0
    - 10.0
    - 25.0
    - 50.0
    - 75.0
    - 90.0
    - 95.0
    - 99.0
    - 99.9
    use_server_output_tokens: true
    max_error_messages: 100
  prometheus:
    summary: true
    per_stage: false
  session_lifecycle:
    summary: true
    per_stage: true
    per_session: false
  goodput: null
storage:
  local_storage:
    path: /results/report
    report_file_prefix: null
  google_cloud_storage: null
  simple_storage_service: null
server:
  type: vllm
  model_name: Qwen/Qwen3-Coder-30B-A3B-Instruct-FP8
  base_url: http://program-aware-scheduling-epp:80
tokenizer:
  pretrained_model_name_or_path: Qwen/Qwen3-Coder-30B-A3B-Instruct-FP8
circuit_breakers: null


2026-09-19 04:47:52,442 - inference_perf.client.filestorage.local - INFO - Report files will be stored at: /results/report
2026-09-19 04:47:52,443 - inference_perf.utils.custom_tokenizer - INFO - Loading tokenizer 'Qwen/Qwen3-Coder-30B-A3B-Instruct-FP8'
2026-09-19 04:47:52,579 - httpx - INFO - HTTP Request: GET https://huggingface.co/api/agent-harnesses "HTTP/1.1 200 OK"
2026-09-19 04:47:52,631 - httpx - INFO - HTTP Request: HEAD https://huggingface.co/Qwen/Qwen3-Coder-30B-A3B-Instruct-FP8/resolve/main/config.json "HTTP/1.1 307 Temporary Redirect"
2026-09-19 04:47:52,648 - httpx - INFO - HTTP Request: HEAD https://huggingface.co/api/resolve-cache/models/Qwen/Qwen3-Coder-30B-A3B-Instruct-FP8/dcaee4d4dfc5ee71ad501f01f530e5652438fde0/config.json "HTTP/1.1 200 OK"
2026-09-19 04:47:52,668 - httpx - INFO - HTTP Request: GET https://huggingface.co/api/resolve-cache/models/Qwen/Qwen3-Coder-30B-A3B-Instruct-FP8/dcaee4d4dfc5ee71ad501f01f530e5652438fde0/config.json "HTTP/1.1 200 OK"
2026-09-19 04:47:52,742 - httpx - INFO - HTTP Request: HEAD https://huggingface.co/Qwen/Qwen3-Coder-30B-A3B-Instruct-FP8/resolve/main/tokenizer_config.json "HTTP/1.1 307 Temporary Redirect"
2026-09-19 04:47:52,760 - httpx - INFO - HTTP Request: HEAD https://huggingface.co/api/resolve-cache/models/Qwen/Qwen3-Coder-30B-A3B-Instruct-FP8/dcaee4d4dfc5ee71ad501f01f530e5652438fde0/tokenizer_config.json "HTTP/1.1 200 OK"
2026-09-19 04:47:52,778 - httpx - INFO - HTTP Request: GET https://huggingface.co/api/resolve-cache/models/Qwen/Qwen3-Coder-30B-A3B-Instruct-FP8/dcaee4d4dfc5ee71ad501f01f530e5652438fde0/tokenizer_config.json "HTTP/1.1 200 OK"
2026-09-19 04:47:52,847 - httpx - INFO - HTTP Request: GET https://huggingface.co/api/models/Qwen/Qwen3-Coder-30B-A3B-Instruct-FP8/tree/main/additional_chat_templates?recursive=false&expand=false "HTTP/1.1 404 Not Found"
2026-09-19 04:47:52,899 - httpx - INFO - HTTP Request: GET https://huggingface.co/api/models/Qwen/Qwen3-Coder-30B-A3B-Instruct-FP8/tree/main?recursive=true&expand=false "HTTP/1.1 200 OK"
2026-09-19 04:47:52,951 - httpx - INFO - HTTP Request: HEAD https://huggingface.co/Qwen/Qwen3-Coder-30B-A3B-Instruct-FP8/resolve/main/vocab.json "HTTP/1.1 307 Temporary Redirect"
2026-09-19 04:47:52,969 - httpx - INFO - HTTP Request: HEAD https://huggingface.co/api/resolve-cache/models/Qwen/Qwen3-Coder-30B-A3B-Instruct-FP8/dcaee4d4dfc5ee71ad501f01f530e5652438fde0/vocab.json "HTTP/1.1 200 OK"
2026-09-19 04:47:52,990 - httpx - INFO - HTTP Request: GET https://huggingface.co/api/resolve-cache/models/Qwen/Qwen3-Coder-30B-A3B-Instruct-FP8/dcaee4d4dfc5ee71ad501f01f530e5652438fde0/vocab.json "HTTP/1.1 200 OK"
2026-09-19 04:47:53,116 - httpx - INFO - HTTP Request: HEAD https://huggingface.co/Qwen/Qwen3-Coder-30B-A3B-Instruct-FP8/resolve/main/merges.txt "HTTP/1.1 307 Temporary Redirect"
2026-09-19 04:47:53,134 - httpx - INFO - HTTP Request: HEAD https://huggingface.co/api/resolve-cache/models/Qwen/Qwen3-Coder-30B-A3B-Instruct-FP8/dcaee4d4dfc5ee71ad501f01f530e5652438fde0/merges.txt "HTTP/1.1 200 OK"
2026-09-19 04:47:53,152 - httpx - INFO - HTTP Request: GET https://huggingface.co/api/resolve-cache/models/Qwen/Qwen3-Coder-30B-A3B-Instruct-FP8/dcaee4d4dfc5ee71ad501f01f530e5652438fde0/merges.txt "HTTP/1.1 200 OK"
2026-09-19 04:47:53,244 - httpx - INFO - HTTP Request: HEAD https://huggingface.co/Qwen/Qwen3-Coder-30B-A3B-Instruct-FP8/resolve/main/tokenizer.json "HTTP/1.1 302 Found"
2026-09-19 04:47:54,124 - httpx - INFO - HTTP Request: HEAD https://huggingface.co/Qwen/Qwen3-Coder-30B-A3B-Instruct-FP8/resolve/main/added_tokens.json "HTTP/1.1 404 Not Found"
2026-09-19 04:47:54,187 - httpx - INFO - HTTP Request: HEAD https://huggingface.co/Qwen/Qwen3-Coder-30B-A3B-Instruct-FP8/resolve/main/special_tokens_map.json "HTTP/1.1 404 Not Found"
2026-09-19 04:47:54,238 - httpx - INFO - HTTP Request: HEAD https://huggingface.co/Qwen/Qwen3-Coder-30B-A3B-Instruct-FP8/resolve/main/chat_template.jinja "HTTP/1.1 307 Temporary Redirect"
2026-09-19 04:47:54,255 - httpx - INFO - HTTP Request: HEAD https://huggingface.co/api/resolve-cache/models/Qwen/Qwen3-Coder-30B-A3B-Instruct-FP8/dcaee4d4dfc5ee71ad501f01f530e5652438fde0/chat_template.jinja "HTTP/1.1 200 OK"
2026-09-19 04:47:54,274 - httpx - INFO - HTTP Request: GET https://huggingface.co/api/resolve-cache/models/Qwen/Qwen3-Coder-30B-A3B-Instruct-FP8/dcaee4d4dfc5ee71ad501f01f530e5652438fde0/chat_template.jinja "HTTP/1.1 200 OK"
2026-09-19 04:47:55,388 - httpx - INFO - HTTP Request: GET https://huggingface.co/api/models/Qwen/Qwen3-Coder-30B-A3B-Instruct-FP8 "HTTP/1.1 200 OK"
2026-09-19 04:47:55,392 - inference_perf.utils.custom_tokenizer - INFO - Loading tokenizer 'Qwen/Qwen3-Coder-30B-A3B-Instruct-FP8'
2026-09-19 04:47:55,444 - httpx - INFO - HTTP Request: HEAD https://huggingface.co/Qwen/Qwen3-Coder-30B-A3B-Instruct-FP8/resolve/main/config.json "HTTP/1.1 307 Temporary Redirect"
2026-09-19 04:47:55,462 - httpx - INFO - HTTP Request: HEAD https://huggingface.co/api/resolve-cache/models/Qwen/Qwen3-Coder-30B-A3B-Instruct-FP8/dcaee4d4dfc5ee71ad501f01f530e5652438fde0/config.json "HTTP/1.1 200 OK"
2026-09-19 04:47:55,520 - httpx - INFO - HTTP Request: HEAD https://huggingface.co/Qwen/Qwen3-Coder-30B-A3B-Instruct-FP8/resolve/main/tokenizer_config.json "HTTP/1.1 307 Temporary Redirect"
2026-09-19 04:47:55,540 - httpx - INFO - HTTP Request: HEAD https://huggingface.co/api/resolve-cache/models/Qwen/Qwen3-Coder-30B-A3B-Instruct-FP8/dcaee4d4dfc5ee71ad501f01f530e5652438fde0/tokenizer_config.json "HTTP/1.1 200 OK"
2026-09-19 04:47:55,593 - httpx - INFO - HTTP Request: GET https://huggingface.co/api/models/Qwen/Qwen3-Coder-30B-A3B-Instruct-FP8/tree/main/additional_chat_templates?recursive=false&expand=false "HTTP/1.1 404 Not Found"
2026-09-19 04:47:55,646 - httpx - INFO - HTTP Request: GET https://huggingface.co/api/models/Qwen/Qwen3-Coder-30B-A3B-Instruct-FP8/tree/main?recursive=true&expand=false "HTTP/1.1 200 OK"
2026-09-19 04:47:56,821 - httpx - INFO - HTTP Request: GET https://huggingface.co/api/models/Qwen/Qwen3-Coder-30B-A3B-Instruct-FP8 "HTTP/1.1 200 OK"
2026-09-19 04:47:56,945 - inference_perf.datagen.replay.weka_trace_replay_datagen - INFO - Loaded prompt corpus from: /workspace/inference_perf/assets/shakespeare.txt (5020475 chars)
[transformers] Token indices sequence length is longer than the specified maximum sequence length for this model (1306158 > 1048576). Running this sequence through the model will result in indexing errors
2026-09-19 04:48:23,731 - inference_perf.datagen.replay.weka_trace_replay_datagen - INFO - Building replay sessions for 338 traces with 8 processes
2026-09-19 04:49:51,152 - inference_perf.datagen.replay.weka_trace_replay_datagen - INFO - Built 338 replay sessions from 338 traces in 87.4s
2026-09-19 04:49:51,591 - inference_perf.datagen.replay.replay_graph_session_datagen - INFO - Built replay schedule: 31527 events across 338 sessions (eager)
2026-09-19 04:49:54,594 - inference_perf.loadgen.load_generator - INFO - Stage 0 - session-based run started
2026-09-19 04:49:54,596 - inference_perf.loadgen.load_generator - INFO - Session pool: concurrent_sessions=338, session_rate=None, timeout=1800.0, num_sessions=338 (corpus offset 0), total_sessions=338
2026-09-19 04:49:54,597 - inference_perf.datagen.replay.replay_graph_session_datagen - INFO - Dispatching session wekatrace174_924cdbd835a5567b0cca1484ce60e90e9f4f: 37 events
2026-09-19 04:49:54,602 - inference_perf.datagen.replay.replay_graph_session_datagen - INFO - Dispatching session wekatrace64_3607a64644d8b639c63ffcccc098344759e6: 46 events
2026-09-19 04:49:54,606 - inference_perf.datagen.replay.replay_graph_session_datagen - INFO - Dispatching session wekatrace147_80559b9e10b09ee2d9303acaecceb4d99895: 128 events
2026-09-19 04:49:54,613 - inference_perf.datagen.replay.replay_graph_session_datagen - INFO - Dispatching session wekatrace116_6601daa3865dae62024a519b66636afcc03e: 71 events
2026-09-19 04:49:54,620 - inference_perf.datagen.replay.replay_graph_session_datagen - INFO - Dispatching session wekatrace231_b86fab2bba76fbd063c04296cdd2eeee453e: 365 events
2026-09-19 04:49:54,628 - inference_perf.datagen.replay.replay_graph_session_datagen - INFO - Dispatching session wekatrace132_76ef82400a03738d4f138b163f1890a881c9: 266 events
2026-09-19 04:49:55,385 - inference_perf.datagen.replay.replay_graph_session_datagen - INFO - Dispatching session wekatrace319_f17d741a05b67f9d50934ca8468d18aa7922: 168 events
2026-09-19 04:49:55,391 - inference_perf.datagen.replay.replay_graph_session_datagen - INFO - Dispatching session wekatrace2_03be8f1eb1e9e620f46bd07068d6ab1aaae3: 27 events
2026-09-19 04:49:55,393 - inference_perf.datagen.replay.replay_graph_session_datagen - INFO - Dispatching session wekatrace24_14933d8a4190c45ac8fbd21183bba9469140: 27 events
2026-09-19 04:49:55,398 - inference_perf.datagen.replay.replay_graph_session_datagen - INFO - Dispatching session wekatrace191_a0edf077d076924c775d4da6377c2c4dc73a: 151 events
2026-09-19 04:49:55,408 - inference_perf.datagen.replay.replay_graph_session_datagen - INFO - Dispatching session wekatrace197_a3508fe56ade726a9b9118414362d2ead56d: 93 events
2026-09-19 04:49:55,415 - inference_perf.datagen.replay.replay_graph_session_datagen - INFO - Dispatching session wekatrace278_d4bd5e4015963744e0e1ea592da1594a9d13: 25 events
2026-09-19 04:49:55,419 - inference_perf.datagen.replay.replay_graph_session_datagen - INFO - Dispatching session wekatrace205_a8579208ea25d6f401207257139b163ec48d: 100 events
2026-09-19 04:49:55,425 - inference_perf.datagen.replay.replay_graph_session_datagen - INFO - Dispatching session wekatrace323_f33eebc1ce22a17f6d2bf9641b31547eb762: 33 events
2026-09-19 04:49:55,425 - inference_perf.datagen.replay.replay_graph_session_datagen - INFO - Dispatching session wekatrace257_ca33d363f81e07f21c193285db6d0ad9e4a6: 133 events
2026-09-19 04:49:55,431 - inference_perf.datagen.replay.replay_graph_session_datagen - INFO - Dispatching session wekatrace213_ac368b0d9027e56c38e5f55b9895dfc01abd: 24 events
2026-09-19 04:49:55,431 - inference_perf.datagen.replay.replay_graph_session_datagen - INFO - Dispatching session wekatrace83_47f2ae8a81c8db82b4cd4883b8dd4c531c93: 78 events
2026-09-19 04:49:55,438 - inference_perf.datagen.replay.replay_graph_session_datagen - INFO - Dispatching session wekatrace149_840ebb479056e12a852d3b7f827b8e09db55: 34 events
2026-09-19 04:49:55,444 - inference_perf.datagen.replay.replay_graph_session_datagen - INFO - Dispatching session wekatrace18_0da3a3bea6f3559a2eff4114839b328dad53: 18 events
2026-09-19 04:49:55,458 - inference_perf.datagen.replay.replay_graph_session_datagen - INFO - Dispatching session wekatrace181_999eea8a292a67475f955dd8f074dd4e413e: 81 events
2026-09-19 04:49:55,471 - inference_perf.datagen.replay.replay_graph_session_datagen - INFO - Dispatching session wekatrace118_663eae6f100daddf13cdf54c8e5f9622151d: 104 events
2026-09-19 04:49:55,473 - inference_perf.datagen.replay.replay_graph_session_datagen - INFO - Dispatching session wekatrace198_a42188fc362bde2410050ff0e6a8b267ed8a: 34 events
2026-09-19 04:49:55,474 - inference_perf.datagen.replay.replay_graph_session_datagen - INFO - Dispatching session wekatrace250_c3724708e826240f49026f58025d3829dcba: 117 events
2026-09-19 04:49:55,477 - inference_perf.datagen.replay.replay_graph_session_datagen - INFO - Dispatching session wekatrace333_fabd95c42f988d51e6c96ae9472bc7f69860: 170 events
2026-09-19 04:49:55,480 - inference_perf.datagen.replay.replay_graph_session_datagen - INFO - Dispatching session wekatrace220_af60ae862f19d091b7d8a3e5fa8b570abe2a: 69 events
2026-09-19 04:49:55,508 - inference_perf.datagen.replay.replay_graph_session_datagen - INFO - Dispatching session wekatrace55_2df1b153c477169c8ab4ecd9e917ccaa3dba: 324 events
2026-09-19 04:49:55,517 - inference_perf.datagen.replay.replay_graph_session_datagen - INFO - Dispatching session wekatrace17_0d9c99c3f96c2bcac0f9dec0987d5f411bcd: 83 events
2026-09-19 04:49:55,545 - inference_perf.datagen.replay.replay_graph_session_datagen - INFO - Dispatching session wekatrace37_217743dd65170f329ffbd58d974e6ef6ef83: 23 events
2026-09-19 04:49:55,549 - inference_perf.datagen.replay.replay_graph_session_datagen - INFO - Dispatching session wekatrace185_9df3a40cb25de2b1dd07169a4b117fe17e0e: 139 events
2026-09-19 04:49:55,554 - inference_perf.datagen.replay.replay_graph_session_datagen - INFO - Dispatching session wekatrace86_49ffa26d794d34ba3c66358e1d781b9f3c9c: 25 events
2026-09-19 04:49:55,556 - inference_perf.datagen.replay.replay_graph_session_datagen - INFO - Dispatching session wekatrace194_a1fc1985dc2bfdfc6b1a28b15e7eba9f8773: 23 events
2026-09-19 04:49:55,557 - inference_perf.datagen.replay.replay_graph_session_datagen - INFO - Dispatching session wekatrace239_bdbbd8a7870c5771cbf80d8c2b576e3a2526: 27 events
2026-09-19 04:49:55,558 - inference_perf.datagen.replay.replay_graph_session_datagen - INFO - Dispatching session wekatrace203_a69c007390941a32982d30eaa04e2d9da18c: 225 events
2026-09-19 04:49:55,568 - inference_perf.datagen.replay.replay_graph_session_datagen - INFO - Dispatching session wekatrace54_2de8538029066d95b4ff113d5750eb403cb7: 221 events
2026-09-19 04:49:55,588 - inference_perf.datagen.replay.replay_graph_session_datagen - INFO - Dispatching session wekatrace26_1770548ae8e30555e62d6d6296c0166d6074: 38 events
2026-09-19 04:49:55,591 - inference_perf.datagen.replay.replay_graph_session_datagen - INFO - Dispatching session wekatrace139_7ae0ab568310f5459008be618a9f711bc2be: 55 events
2026-09-19 04:49:55,599 - inference_perf.datagen.replay.replay_graph_session_datagen - INFO - Dispatching session wekatrace146_8044cd33fd7815ac1a4f0aaeae9e2eaa7509: 21 events
2026-09-19 04:49:55,603 - inference_perf.datagen.replay.replay_graph_session_datagen - INFO - Dispatching session wekatrace240_bdf8b214663bf985becdb49d48c7d002b62b: 41 events
2026-09-19 04:49:55,605 - inference_perf.datagen.replay.replay_graph_session_datagen - INFO - Dispatching session wekatrace306_e8621fca4d3bf2379a245fa0e50013d4d863: 22 events
2026-09-19 04:49:55,605 - inference_perf.datagen.replay.replay_graph_session_datagen - INFO - Dispatching session wekatrace224_b179aeed059d7652622a64954d0331ce68fd: 33 events
2026-09-19 04:49:55,606 - inference_perf.datagen.replay.replay_graph_session_datagen - INFO - Dispatching session wekatrace163_8e1a61685e99ae7d274a5b2b23ee761076d7: 73 events
2026-09-19 04:49:55,608 - inference_perf.datagen.replay.replay_graph_session_datagen - INFO - Dispatching session wekatrace283_d7f31968de8975996048824bdc2a097eb6cb: 181 events
2026-09-19 04:49:55,616 - inference_perf.datagen.replay.replay_graph_session_datagen - INFO - Dispatching session wekatrace39_263134ce70d475337deb473aadc255479210: 63 events
2026-09-19 04:49:55,635 - inference_perf.datagen.replay.replay_graph_session_datagen - INFO - Dispatching session wekatrace10_095a5152ab8fc1cdc847612872a01525cd1b: 91 events
2026-09-19 04:49:55,641 - inference_perf.datagen.replay.replay_graph_session_datagen - INFO - Dispatching session wekatrace183_9b3bbac0341e3f179e66e73a1f84f26b62b6: 57 events
2026-09-19 04:49:55,642 - inference_perf.datagen.replay.replay_graph_session_datagen - INFO - Dispatching session wekatrace120_66eca77264acd8d1c1e95da8065f3e726e8c: 40 events
2026-09-19 04:49:55,643 - inference_perf.datagen.replay.replay_graph_session_datagen - INFO - Dispatching session wekatrace334_fe1aaa31badf4f218622e630f7c002dcbc18: 131 events
2026-09-19 04:49:55,646 - inference_perf.datagen.replay.replay_graph_session_datagen - INFO - Dispatching session wekatrace193_a1bfbc403e0ae7ae35051047b2230c978e1f: 352 events
2026-09-19 04:49:55,690 - inference_perf.datagen.replay.replay_graph_session_datagen - INFO - Dispatching session wekatrace324_f3852e8ca1ac3887151243be3467e483d725: 63 events
2026-09-19 04:49:55,692 - inference_perf.datagen.replay.replay_graph_session_datagen - INFO - Dispatching session wekatrace247_c0e1ecfc9e7108c799ebc6558042d892b1a5: 50 events
2026-09-19 04:49:55,693 - inference_perf.datagen.replay.replay_graph_session_datagen - INFO - Dispatching session wekatrace44_27bf77bcaaf2b6d2210bdbdab4934348f322: 30 events
2026-09-19 04:49:55,694 - inference_perf.datagen.replay.replay_graph_session_datagen - INFO - Dispatching session wekatrace57_300134008d4cc98f288179ea9dd9314f140c: 57 events
2026-09-19 04:49:55,695 - inference_perf.datagen.replay.replay_graph_session_datagen - INFO - Dispatching session wekatrace280_d4ecfcf5989d3eee18eec421184389148aa4: 31 events
2026-09-19 04:49:55,696 - inference_perf.datagen.replay.replay_graph_session_datagen - INFO - Dispatching session wekatrace315_f00e5dd80060aadcdd51f987a767800dab73: 253 events
2026-09-19 04:49:55,703 - inference_perf.datagen.replay.replay_graph_session_datagen - INFO - Dispatching session wekatrace305_e6d72440992899f6329ab4974985e3a43db4: 139 events
2026-09-19 04:49:55,713 - inference_perf.datagen.replay.replay_graph_session_datagen - INFO - Dispatching session wekatrace131_760634f36fb9e0e04dd81f3355ce8738c842: 33 events
2026-09-19 04:49:55,714 - inference_perf.datagen.replay.replay_graph_session_datagen - INFO - Dispatching session wekatrace88_4b5b583d4736a4399d3e5222be38f78d80c8: 160 events
2026-09-19 04:49:55,718 - inference_perf.datagen.replay.replay_graph_session_datagen - INFO - Dispatching session wekatrace259_caab1fdac91bcd159e3abb0606dd85c97f41: 24 events
2026-09-19 04:49:55,719 - inference_perf.datagen.replay.replay_graph_session_datagen - INFO - Dispatching session wekatrace331_f81ed47b5437c65860a614f86695c35ba363: 27 events
2026-09-19 04:49:55,721 - inference_perf.datagen.replay.replay_graph_session_datagen - INFO - Dispatching session wekatrace89_4b5c653bebf2b1a49753fd5919f8c14a29ae: 137 events
2026-09-19 04:49:55,726 - inference_perf.datagen.replay.replay_graph_session_datagen - INFO - Dispatching session wekatrace218_ae38ae775e168171b2d7513c1c7dee412a2b: 69 events
2026-09-19 04:49:55,727 - inference_perf.datagen.replay.replay_graph_session_datagen - INFO - Dispatching session wekatrace133_76f66f1802d3f394d05477f8decd4386f512: 49 events
2026-09-19 04:49:55,728 - inference_perf.datagen.replay.replay_graph_session_datagen - INFO - Dispatching session wekatrace189_9f20e7ac308c284e5218e06abb1e59c04c2e: 72 events
2026-09-19 04:49:55,731 - inference_perf.datagen.replay.replay_graph_session_datagen - INFO - Dispatching session wekatrace173_91ad17460dcb2ac7c54ef37a45507e8d5e4e: 139 events
2026-09-19 04:49:55,733 - inference_perf.datagen.replay.replay_graph_session_datagen - INFO - Dispatching session wekatrace321_f25cdaf2290264e23187558d177f96ca00dd: 146 events
2026-09-19 04:49:55,740 - inference_perf.datagen.replay.replay_graph_session_datagen - INFO - Dispatching session wekatrace112_5f0d3b0b3bf6d4954364ce0991f77e473a42: 108 events
2026-09-19 04:49:55,743 - inference_perf.datagen.replay.replay_graph_session_datagen - INFO - Dispatching session wekatrace97_5205240fa8f546d231b220f7b82e394dcd79: 35 events
2026-09-19 04:49:55,744 - inference_perf.datagen.replay.replay_graph_session_datagen - INFO - Dispatching session wekatrace227_b3975a6a874ca7e6789ac3364731e500146f: 121 events
2026-09-19 04:49:55,792 - inference_perf.datagen.replay.replay_graph_session_datagen - INFO - Dispatching session wekatrace294_e29f4e0501d4d5060c0594fc09175936ba1f: 66 events
2026-09-19 04:49:55,794 - inference_perf.datagen.replay.replay_graph_session_datagen - INFO - Dispatching session wekatrace175_95779044cc58023c929e52070a6df2cf2b91: 97 events
2026-09-19 04:49:55,796 - inference_perf.datagen.replay.replay_graph_session_datagen - INFO - Dispatching session wekatrace60_331adc4fafe640bd88b0f985d795b2a401fc: 100 events
2026-09-19 04:49:55,802 - inference_perf.datagen.replay.replay_graph_session_datagen - INFO - Dispatching session wekatrace145_7f7d606bf00e14f644cdbd3f018b3f69378d: 143 events
2026-09-19 04:49:55,812 - inference_perf.datagen.replay.replay_graph_session_datagen - INFO - Dispatching session wekatrace71_3eaabf7d2b95305a97f5da28d76bd8703c70: 30 events
2026-09-19 04:49:55,818 - inference_perf.datagen.replay.replay_graph_session_datagen - INFO - Dispatching session wekatrace248_c14d470c05bfa470de9004b38c3d34eb9267: 128 events
2026-09-19 04:49:55,821 - inference_perf.datagen.replay.replay_graph_session_datagen - INFO - Dispatching session wekatrace245_c03e35003893d05b83ddec10c77f479d5f04: 42 events
2026-09-19 04:49:55,825 - inference_perf.datagen.replay.replay_graph_session_datagen - INFO - Dispatching session wekatrace268_d1148414f9bc0a6280b42d3e4ba2dc9b53a3: 129 events
2026-09-19 04:49:55,835 - inference_perf.datagen.replay.replay_graph_session_datagen - INFO - Dispatching session wekatrace12_09c188c8b9201ec2046cc2df702623fef33e: 60 events
2026-09-19 04:49:55,838 - inference_perf.datagen.replay.replay_graph_session_datagen - INFO - Dispatching session wekatrace79_4478fb9a56bffd5bbd98ff44475608113f41: 122 events
2026-09-19 04:49:55,880 - inference_perf.datagen.replay.replay_graph_session_datagen - INFO - Dispatching session wekatrace21_116cb8d945f9d0810e788e51e3744adaab74: 23 events
2026-09-19 04:49:55,882 - inference_perf.datagen.replay.replay_graph_session_datagen - INFO - Dispatching session wekatrace98_52e8a29ecc05a5bc74fec73a49fa0ea0c6e5: 106 events
2026-09-19 04:49:55,893 - inference_perf.datagen.replay.replay_graph_session_datagen - INFO - Dispatching session wekatrace265_cf870339ff35290d4c4df5bc5cc4d9431b92: 77 events
2026-09-19 04:49:55,897 - inference_perf.datagen.replay.replay_graph_session_datagen - INFO - Dispatching session wekatrace236_b9952b717179fe28e9e3fa258c531e5d05ef: 285 events
2026-09-19 04:49:55,912 - inference_perf.datagen.replay.replay_graph_session_datagen - INFO - Dispatching session wekatrace136_79195953f2b41ecedb809ab4eb5ad2559a16: 244 events
2026-09-19 04:49:55,937 - inference_perf.datagen.replay.replay_graph_session_datagen - INFO - Dispatching session wekatrace258_ca8c494fa282db0e4bb1bc59b339e8071a85: 21 events
2026-09-19 04:49:55,980 - inference_perf.datagen.replay.replay_graph_session_datagen - INFO - Dispatching session wekatrace269_d1e9dc549473defa20175f9d1a8375b098c9: 25 events
2026-09-19 04:49:55,981 - inference_perf.datagen.replay.replay_graph_session_datagen - INFO - Dispatching session wekatrace96_50a90c78c331d870bee11b87bb240f00d9ee: 73 events
2026-09-19 04:49:55,984 - inference_perf.datagen.replay.replay_graph_session_datagen - INFO - Dispatching session wekatrace171_912f15fcd1728b9686d342f07571b5c833a6: 321 events
2026-09-19 04:49:55,990 - inference_perf.datagen.replay.replay_graph_session_datagen - INFO - Dispatching session wekatrace159_8a40e1e0fd4408fd008f69ba3169f079912b: 78 events
2026-09-19 04:49:55,992 - inference_perf.datagen.replay.replay_graph_session_datagen - INFO - Dispatching session wekatrace219_ae61ad714c0dbc6eee31ebd673bddd3e6f6f: 322 events
2026-09-19 04:49:55,999 - inference_perf.datagen.replay.replay_graph_session_datagen - INFO - Dispatching session wekatrace87_4ab6db64fcc354375b87b219764a9cbc5aa3: 32 events
2026-09-19 04:49:56,000 - inference_perf.datagen.replay.replay_graph_session_datagen - INFO - Dispatching session wekatrace201_a51cdf5df5c9687d77a573b19a228728e45b: 41 events
2026-09-19 04:49:56,001 - inference_perf.datagen.replay.replay_graph_session_datagen - INFO - Dispatching session wekatrace138_792a769fe13dd05abd68d240f774472e5340: 28 events
2026-09-19 04:49:56,002 - inference_perf.datagen.replay.replay_graph_session_datagen - INFO - Dispatching session wekatrace316_f02519b0a1c78d3e61c31d06b41c518d827e: 116 events
2026-09-19 04:49:56,005 - inference_perf.datagen.replay.replay_graph_session_datagen - INFO - Dispatching session wekatrace15_0c70490e175492606971b6979cfbef9c094f: 47 events
2026-09-19 04:49:56,007 - inference_perf.datagen.replay.replay_graph_session_datagen - INFO - Dispatching session wekatrace67_3b87c0e23861fdc2e2351fbe9c7f69668069: 113 events
2026-09-19 04:49:56,012 - inference_perf.datagen.replay.replay_graph_session_datagen - INFO - Dispatching session wekatrace184_9caaf8d22b815d8ec8e90b120f057906a81d: 28 events
2026-09-19 04:49:56,014 - inference_perf.datagen.replay.replay_graph_session_datagen - INFO - Dispatching session wekatrace182_9a47a25e8bb87492c599e8f1139c3333956e: 43 events
2026-09-19 04:49:56,015 - inference_perf.datagen.replay.replay_graph_session_datagen - INFO - Dispatching session wekatrace273_d2cb3ab225bf904aad72203cf7e904b90432: 23 events
2026-09-19 04:49:56,016 - inference_perf.datagen.replay.replay_graph_session_datagen - INFO - Dispatching session wekatrace195_a258646b7b14707796583cb63732cb145d23: 360 events
2026-09-19 04:49:56,037 - inference_perf.datagen.replay.replay_graph_session_datagen - INFO - Dispatching session wekatrace70_3d3bd73c61922b4c3c9833ee94391f3a728a: 58 events
2026-09-19 04:49:56,038 - inference_perf.datagen.replay.replay_graph_session_datagen - INFO - Dispatching session wekatrace124_7053adfcfbb77d730e5790ff46de93c461eb: 97 events
2026-09-19 04:49:56,041 - inference_perf.datagen.replay.replay_graph_session_datagen - INFO - Dispatching session wekatrace187_9e74ad6f4f9be07727dd4586eb936301298a: 49 events
2026-09-19 04:49:56,043 - inference_perf.datagen.replay.replay_graph_session_datagen - INFO - Dispatching session wekatrace289_de9c8c5feff1c38c78bc80a3bca9ba153f1a: 63 events
2026-09-19 04:49:56,045 - inference_perf.datagen.replay.replay_graph_session_datagen - INFO - Dispatching session wekatrace119_6655cd019b86440a42e54d1024c79673c919: 94 events
2026-09-19 04:49:56,085 - inference_perf.datagen.replay.replay_graph_session_datagen - INFO - Dispatching session wekatrace242_be8cbe86fa39534cb8534bf53f4d79fec596: 27 events
2026-09-19 04:49:56,086 - inference_perf.datagen.replay.replay_graph_session_datagen - INFO - Dispatching session wekatrace103_56d419682c5e52c26fe72210877eabb70359: 300 events
2026-09-19 04:49:56,101 - inference_perf.datagen.replay.replay_graph_session_datagen - INFO - Dispatching session wekatrace113_60f80e6bffe54ed25eb7eea307649a8fdf06: 31 events
2026-09-19 04:49:56,102 - inference_perf.datagen.replay.replay_graph_session_datagen - INFO - Dispatching session wekatrace16_0d75185d4e958ad360c16451eaa95d508edf: 210 events
2026-09-19 04:49:56,113 - inference_perf.datagen.replay.replay_graph_session_datagen - INFO - Dispatching session wekatrace92_4d9a5d6076d2e738ba1c7531c8405acffb2a: 86 events
2026-09-19 04:49:56,121 - inference_perf.datagen.replay.replay_graph_session_datagen - INFO - Dispatching session wekatrace1_01fece675b92efe07620225cd69c3884f774: 28 events
2026-09-19 04:49:56,122 - inference_perf.datagen.replay.replay_graph_session_datagen - INFO - Dispatching session wekatrace223_b0d0355c29b9b267314c792b9555936f01d6: 48 events
2026-09-19 04:49:56,130 - inference_perf.datagen.replay.replay_graph_session_datagen - INFO - Dispatching session wekatrace274_d32116118ad8f4cb101915fe12a273e6e13a: 25 events
2026-09-19 04:49:56,131 - inference_perf.datagen.replay.replay_graph_session_datagen - INFO - Dispatching session wekatrace93_4de7af6e9af97b3da8ebcf2817362fbfebc0: 102 events
2026-09-19 04:49:56,139 - inference_perf.datagen.replay.replay_graph_session_datagen - INFO - Dispatching session wekatrace11_09a5d415a7157ed48a5a6fa2711f2d8565c1: 243 events
2026-09-19 04:49:56,149 - inference_perf.datagen.replay.replay_graph_session_datagen - INFO - Dispatching session wekatrace91_4d31a8c14c39af1c31a386144a00b042397d: 37 events
2026-09-19 04:49:56,150 - inference_perf.datagen.replay.replay_graph_session_datagen - INFO - Dispatching session wekatrace179_994eeb65edeb127ae7995d0817105c91c361: 24 events
2026-09-19 04:49:56,184 - inference_perf.datagen.replay.replay_graph_session_datagen - INFO - Dispatching session wekatrace255_c8ad4fa8b80abe7fe8c9ad94541541e5f30f: 36 events
2026-09-19 04:49:56,185 - inference_perf.datagen.replay.replay_graph_session_datagen - INFO - Dispatching session wekatrace176_965b5be429f249d627b6c01870beab5eb252: 55 events
2026-09-19 04:49:56,187 - inference_perf.datagen.replay.replay_graph_session_datagen - INFO - Dispatching session wekatrace110_5b63c2aa30f153add9bf20ba1a7fcbb78a7c: 33 events
2026-09-19 04:49:56,188 - inference_perf.datagen.replay.replay_graph_session_datagen - INFO - Dispatching session wekatrace49_2b971773e1889a7692523d5cc0a78a0361cb: 43 events
2026-09-19 04:49:56,189 - inference_perf.datagen.replay.replay_graph_session_datagen - INFO - Dispatching session wekatrace100_5513272a824aa3ac37c175bb4b8e4ccf821f: 161 events
2026-09-19 04:49:56,203 - inference_perf.datagen.replay.replay_graph_session_datagen - INFO - Dispatching session wekatrace266_d0ba3f3cf4f0f42e6087d3a6d3569fd4a3ba: 48 events
2026-09-19 04:49:56,205 - inference_perf.datagen.replay.replay_graph_session_datagen - INFO - Dispatching session wekatrace126_72ecc38f835b767dffb42e14f1e35159520b: 235 events
2026-09-19 04:49:56,214 - inference_perf.datagen.replay.replay_graph_session_datagen - INFO - Dispatching session wekatrace314_ef1c394f9e17da77dcb5bd5e36ed4db0c6a2: 253 events
2026-09-19 04:49:56,222 - inference_perf.datagen.replay.replay_graph_session_datagen - INFO - Dispatching session wekatrace277_d4658b2f25092064e10cb5bbe11b34cc0ea7: 173 events
2026-09-19 04:49:56,231 - inference_perf.datagen.replay.replay_graph_session_datagen - INFO - Dispatching session wekatrace296_e32037bc5e6b0e117006be07e3e6736ff7b3: 42 events
2026-09-19 04:49:56,233 - inference_perf.datagen.replay.replay_graph_session_datagen - INFO - Dispatching session wekatrace166_8f2283fae5c7f00025b1bb01bad3f14e65c2: 31 events
2026-09-19 04:49:56,235 - inference_perf.datagen.replay.replay_graph_session_datagen - INFO - Dispatching session wekatrace221_afd3f3a1ccdb67fcb1022499a9a507842fad: 32 events
2026-09-19 04:49:56,237 - inference_perf.datagen.replay.replay_graph_session_datagen - INFO - Dispatching session wekatrace254_c77dd8cc2226e8008cadf79ab79b3b3299c6: 22 events
2026-09-19 04:49:56,238 - inference_perf.datagen.replay.replay_graph_session_datagen - INFO - Dispatching session wekatrace180_999cd8f2bf5389b17a4cd0b67dce25046859: 48 events
2026-09-19 04:49:56,240 - inference_perf.datagen.replay.replay_graph_session_datagen - INFO - Dispatching session wekatrace287_dcdb91dea85c2e3a900d5372ead832a944ee: 69 events
2026-09-19 04:49:56,243 - inference_perf.datagen.replay.replay_graph_session_datagen - INFO - Dispatching session wekatrace178_98487e95da7b7251318a1bf4ed04f9c83922: 45 events
2026-09-19 04:49:56,245 - inference_perf.datagen.replay.replay_graph_session_datagen - INFO - Dispatching session wekatrace215_ad2d0707607579ecd99018884c833228434a: 25 events
2026-09-19 04:49:56,246 - inference_perf.datagen.replay.replay_graph_session_datagen - INFO - Dispatching session wekatrace148_814ae6ec34943383bc8ed49ecf99c6816da9: 38 events
2026-09-19 04:49:56,247 - inference_perf.datagen.replay.replay_graph_session_datagen - INFO - Dispatching session wekatrace307_e94b7664aeaa513924f1e5426608b8e88977: 53 events
2026-09-19 04:49:56,285 - inference_perf.datagen.replay.replay_graph_session_datagen - INFO - Dispatching session wekatrace335_fe5ce39a5dc42b851ce91a792d3d628d92c1: 24 events
2026-09-19 04:49:56,286 - inference_perf.datagen.replay.replay_graph_session_datagen - INFO - Dispatching session wekatrace47_2a33d976372a63da5f0fdfe4705e9f7e2a01: 25 events
2026-09-19 04:49:56,286 - inference_perf.datagen.replay.replay_graph_session_datagen - INFO - Dispatching session wekatrace318_f11a8e5c3b44a6345acfabf160e8fc29bb14: 90 events
2026-09-19 04:49:56,290 - inference_perf.datagen.replay.replay_graph_session_datagen - INFO - Dispatching session wekatrace74_40b9e8d2a8419b1139f7cd0fda216cce1387: 31 events
2026-09-19 04:49:56,292 - inference_perf.datagen.replay.replay_graph_session_datagen - INFO - Dispatching session wekatrace291_e084564d4f5a400f78f55a670403189f9118: 21 events
2026-09-19 04:49:56,293 - inference_perf.datagen.replay.replay_graph_session_datagen - INFO - Dispatching session wekatrace23_13762df76dba635a268bf3acbb30bfffed63: 26 events
2026-09-19 04:49:56,294 - inference_perf.datagen.replay.replay_graph_session_datagen - INFO - Dispatching session wekatrace292_e16bc3f555ee6d5e54115256b7a90c9f3377: 32 events
2026-09-19 04:49:56,295 - inference_perf.datagen.replay.replay_graph_session_datagen - INFO - Dispatching session wekatrace311_ecee504cf3f4290c08c5ab163a2cbbad9342: 107 events
2026-09-19 04:49:56,298 - inference_perf.datagen.replay.replay_graph_session_datagen - INFO - Dispatching session wekatrace232_b8d5094dca420ca207f4dcfbcc7b5567f69e: 173 events
2026-09-19 04:49:56,313 - inference_perf.datagen.replay.replay_graph_session_datagen - INFO - Dispatching session wekatrace329_f778fed7b3253560bde80305144b6e81a7ee: 21 events
2026-09-19 04:49:56,314 - inference_perf.datagen.replay.replay_graph_session_datagen - INFO - Dispatching session wekatrace125_7181d2c7411c3b52dddd3926690a0a292ce9: 55 events
2026-09-19 04:49:56,316 - inference_perf.datagen.replay.replay_graph_session_datagen - INFO - Dispatching session wekatrace190_a0e492862f175caaeeb035530a09b57c2a05: 301 events
2026-09-19 04:49:56,329 - inference_perf.datagen.replay.replay_graph_session_datagen - INFO - Dispatching session wekatrace38_219331470ffaa5388ff9d7d8da92f5dc575b: 55 events
2026-09-19 04:49:56,330 - inference_perf.datagen.replay.replay_graph_session_datagen - INFO - Dispatching session wekatrace161_8af31f7082eeb02716b62ab9966e5afc37da: 66 events
2026-09-19 04:49:56,333 - inference_perf.datagen.replay.replay_graph_session_datagen - INFO - Dispatching session wekatrace263_cddb45cf3e7d11a7dfd906159ae64f7d7eb4: 369 events
2026-09-19 04:49:56,346 - inference_perf.datagen.replay.replay_graph_session_datagen - INFO - Dispatching session wekatrace282_d7af8566af906ea3643ae2adaef536c1b243: 250 events
2026-09-19 04:49:56,387 - inference_perf.datagen.replay.replay_graph_session_datagen - INFO - Dispatching session wekatrace249_c29d444bd1308da90ed0801376dc3af67ad6: 96 events
2026-09-19 04:49:56,390 - inference_perf.datagen.replay.replay_graph_session_datagen - INFO - Dispatching session wekatrace106_5807d9900a9a0640057729b4f096a836c329: 286 events
2026-09-19 04:49:56,398 - inference_perf.datagen.replay.replay_graph_session_datagen - INFO - Dispatching session wekatrace69_3cca189d2bde3942c589dd39724f2eae7479: 24 events
2026-09-19 04:49:56,399 - inference_perf.datagen.replay.replay_graph_session_datagen - INFO - Dispatching session wekatrace36_20821cf092022b08be8c97d438b5f8003ee7: 175 events
2026-09-19 04:49:56,404 - inference_perf.datagen.replay.replay_graph_session_datagen - INFO - Dispatching session wekatrace115_62cca00b06fb53edeb2df4b2365681932291: 67 events
2026-09-19 04:49:56,413 - inference_perf.datagen.replay.replay_graph_session_datagen - INFO - Dispatching session wekatrace94_4e7e9da6007f4fdebede92e497cafdc8362b: 23 events
2026-09-19 04:49:56,415 - inference_perf.datagen.replay.replay_graph_session_datagen - INFO - Dispatching session wekatrace137_791fc77464d5445a3f9e9cb14970a399a12e: 47 events
2026-09-19 04:49:56,417 - inference_perf.datagen.replay.replay_graph_session_datagen - INFO - Dispatching session wekatrace211_aba22d57224dd0adf249d20c46de840afd75: 64 events
2026-09-19 04:49:56,419 - inference_perf.datagen.replay.replay_graph_session_datagen - INFO - Dispatching session wekatrace177_96afe650c6da22ce32b05d3579c2fa028461: 36 events
2026-09-19 04:49:56,420 - inference_perf.datagen.replay.replay_graph_session_datagen - INFO - Dispatching session wekatrace42_277f03fe965658e3e16abec6ca7b11f894b7: 86 events
2026-09-19 04:49:56,423 - inference_perf.datagen.replay.replay_graph_session_datagen - INFO - Dispatching session wekatrace290_df6314449cba6dd7bb1de04f7aadb86328d0: 88 events
2026-09-19 04:49:56,428 - inference_perf.datagen.replay.replay_graph_session_datagen - INFO - Dispatching session wekatrace169_90b3445b5fec003346fb49dac092a3614e35: 28 events
2026-09-19 04:49:56,429 - inference_perf.datagen.replay.replay_graph_session_datagen - INFO - Dispatching session wekatrace225_b283484d4fbd0c43f195bf6fe0a6c8dd28a6: 88 events
2026-09-19 04:49:56,432 - inference_perf.datagen.replay.replay_graph_session_datagen - INFO - Dispatching session wekatrace243_bea7dc50de14489cd502c85c419f46aa7c88: 84 events
2026-09-19 04:49:56,434 - inference_perf.datagen.replay.replay_graph_session_datagen - INFO - Dispatching session wekatrace309_ebbf282a2f398b574516c0e3f3e4f59b54ab: 119 events
2026-09-19 04:49:56,438 - inference_perf.datagen.replay.replay_graph_session_datagen - INFO - Dispatching session wekatrace32_1d52c891bba8f47980ab604cb293e91056ef: 143 events
2026-09-19 04:49:56,443 - inference_perf.datagen.replay.replay_graph_session_datagen - INFO - Dispatching session wekatrace19_0f9870e68e496146a60b68dd3f0aba9aced2: 80 events
2026-09-19 04:49:56,480 - inference_perf.datagen.replay.replay_graph_session_datagen - INFO - Dispatching session wekatrace256_c8f877295ddac513c8f34519f4aa7c9ba7c2: 322 events
2026-09-19 04:49:56,490 - inference_perf.datagen.replay.replay_graph_session_datagen - INFO - Dispatching session wekatrace50_2c3e52bf4e687293e9fb70cba1c1786dceea: 21 events
2026-09-19 04:49:56,492 - inference_perf.datagen.replay.replay_graph_session_datagen - INFO - Dispatching session wekatrace209_aa6c46e7d866043082756fb2fa396dba1523: 176 events
2026-09-19 04:49:56,497 - inference_perf.datagen.replay.replay_graph_session_datagen - INFO - Dispatching session wekatrace264_cec8ee955fd0c9d2fe7931d8da7da2757f28: 21 events
2026-09-19 04:49:56,502 - inference_perf.datagen.replay.replay_graph_session_datagen - INFO - Dispatching session wekatrace45_27cf2ada39b896fea5580c895bfbd4119490: 84 events
2026-09-19 04:49:56,505 - inference_perf.datagen.replay.replay_graph_session_datagen - INFO - Dispatching session wekatrace216_ad33eb12484f8a683db9db76ac4dacc40809: 149 events
2026-09-19 04:49:56,511 - inference_perf.datagen.replay.replay_graph_session_datagen - INFO - Dispatching session wekatrace41_2724a8458d82a2ce14824ac577ef48297397: 64 events
2026-09-19 04:49:56,516 - inference_perf.datagen.replay.replay_graph_session_datagen - INFO - Dispatching session wekatrace214_acbce458d2237f6e569c5e7bd386d226f466: 53 events
2026-09-19 04:49:56,518 - inference_perf.datagen.replay.replay_graph_session_datagen - INFO - Dispatching session wekatrace130_7535c4f09c83c2e8d9ffa273cfca76b53871: 84 events
2026-09-19 04:49:56,521 - inference_perf.datagen.replay.replay_graph_session_datagen - INFO - Dispatching session wekatrace151_85464920f1ce7d1c5c4e35dce6c8125020b7: 36 events
2026-09-19 04:49:56,526 - inference_perf.datagen.replay.replay_graph_session_datagen - INFO - Dispatching session wekatrace192_a13d6d6e2e237d2f54d9d9e60a813bf9b660: 287 events
2026-09-19 04:49:56,539 - inference_perf.datagen.replay.replay_graph_session_datagen - INFO - Dispatching session wekatrace75_40f6b0a41facc7166110ec6f649e0d93567d: 28 events
2026-09-19 04:49:56,542 - inference_perf.datagen.replay.replay_graph_session_datagen - INFO - Dispatching session wekatrace43_2781d1fa9a22e982996948283bbcd3136c44: 21 events
2026-09-19 04:49:56,543 - inference_perf.datagen.replay.replay_graph_session_datagen - INFO - Dispatching session wekatrace4_04b25fe5b2ffa5e7ec9890426cce59838a05: 138 events
2026-09-19 04:49:56,581 - inference_perf.datagen.replay.replay_graph_session_datagen - INFO - Dispatching session wekatrace156_887b20cf4054809c33bc947d99188af08149: 70 events
2026-09-19 04:49:56,584 - inference_perf.datagen.replay.replay_graph_session_datagen - INFO - Dispatching session wekatrace168_905c177e85c26620cde0957e45af6d8ae1bd: 21 events
2026-09-19 04:49:56,585 - inference_perf.datagen.replay.replay_graph_session_datagen - INFO - Dispatching session wekatrace303_e5fbd6dfd130daf14f0059747c5481e7503e: 172 events
2026-09-19 04:49:56,594 - inference_perf.datagen.replay.replay_graph_session_datagen - INFO - Dispatching session wekatrace135_7914626c2fc4027b8c3006f4a05e63c8d395: 33 events
2026-09-19 04:49:56,596 - inference_perf.datagen.replay.replay_graph_session_datagen - INFO - Dispatching session wekatrace122_6b47c7b9791176dede513203e7c5fe2cdd43: 192 events
2026-09-19 04:49:56,601 - inference_perf.datagen.replay.replay_graph_session_datagen - INFO - Dispatching session wekatrace246_c0aa708812050845e793abe7de5d4a727aee: 93 events
2026-09-19 04:49:56,605 - inference_perf.datagen.replay.replay_graph_session_datagen - INFO - Dispatching session wekatrace241_be3393ba8b54e311b15ee6bfd0de19f2acff: 189 events
2026-09-19 04:49:56,612 - inference_perf.datagen.replay.replay_graph_session_datagen - INFO - Dispatching session wekatrace30_1bcc4b9e1b6ea6ea9f516669e92ab788f1e4: 60 events
2026-09-19 04:49:56,614 - inference_perf.datagen.replay.replay_graph_session_datagen - INFO - Dispatching session wekatrace114_61008926cac879d7ac099f873f3edb3c75ee: 20 events
2026-09-19 04:49:56,615 - inference_perf.datagen.replay.replay_graph_session_datagen - INFO - Dispatching session wekatrace134_77bae5d739432ad05f38c2af34a0daefe457: 286 events
2026-09-19 04:49:56,629 - inference_perf.datagen.replay.replay_graph_session_datagen - INFO - Dispatching session wekatrace270_d20b03f2967a012b850a6d88e7d424dbc5f4: 142 events
2026-09-19 04:49:56,632 - inference_perf.datagen.replay.replay_graph_session_datagen - INFO - Dispatching session wekatrace267_d0f5ca871a0d9e4c0a9b885516838476915b: 29 events
2026-09-19 04:49:56,634 - inference_perf.datagen.replay.replay_graph_session_datagen - INFO - Dispatching session wekatrace207_a98b66bae9c7947cf5c5d3400f8004997521: 184 events
2026-09-19 04:49:56,640 - inference_perf.datagen.replay.replay_graph_session_datagen - INFO - Dispatching session wekatrace235_b973093aabfe96c2e77e0c64fa0a9d085457: 82 events
2026-09-19 04:49:56,683 - inference_perf.datagen.replay.replay_graph_session_datagen - INFO - Dispatching session wekatrace228_b3c8cf42d9ed741942c61fdbd709b3e60f77: 105 events
2026-09-19 04:49:56,690 - inference_perf.datagen.replay.replay_graph_session_datagen - INFO - Dispatching session wekatrace297_e36c8b4fb2d497f13946c968eaa8b40e77e3: 83 events
2026-09-19 04:49:56,692 - inference_perf.datagen.replay.replay_graph_session_datagen - INFO - Dispatching session wekatrace237_bb09362fe3a016c1b20f92d0e29cfdf97722: 12 events
2026-09-19 04:49:56,693 - inference_perf.datagen.replay.replay_graph_session_datagen - INFO - Dispatching session wekatrace121_6a35a34a2321ec9b90e4b55a419baa835703: 66 events
2026-09-19 04:49:56,695 - inference_perf.datagen.replay.replay_graph_session_datagen - INFO - Dispatching session wekatrace200_a515e6e90e823bf899cfa4f24731ca801bd6: 383 events
2026-09-19 04:49:56,706 - inference_perf.datagen.replay.replay_graph_session_datagen - INFO - Dispatching session wekatrace72_3eefc2fb6e4bdeebad369385b447811a1820: 106 events
2026-09-19 04:49:56,712 - inference_perf.datagen.replay.replay_graph_session_datagen - INFO - Dispatching session wekatrace313_eed87953f930a90bd7970475ec32f01afe0a: 23 events
2026-09-19 04:49:56,713 - inference_perf.datagen.replay.replay_graph_session_datagen - INFO - Dispatching session wekatrace304_e68419cc646966c3be35ebb082d0abe36ae6: 116 events
2026-09-19 04:49:56,718 - inference_perf.datagen.replay.replay_graph_session_datagen - INFO - Dispatching session wekatrace167_900d9257ccf827cbcc1fdc136531935772fe: 156 events
2026-09-19 04:49:56,725 - inference_perf.datagen.replay.replay_graph_session_datagen - INFO - Dispatching session wekatrace157_888c5a8d8a4440adc2d0402a9a52af4075df: 64 events
2026-09-19 04:49:56,727 - inference_perf.datagen.replay.replay_graph_session_datagen - INFO - Dispatching session wekatrace95_4f60b686dd3201db253ac68c460bf2fb1d47: 30 events
2026-09-19 04:49:56,728 - inference_perf.datagen.replay.replay_graph_session_datagen - INFO - Dispatching session wekatrace325_f412405d4427e39c327dd9f228f49ba8ecd1: 20 events
2026-09-19 04:49:56,729 - inference_perf.datagen.replay.replay_graph_session_datagen - INFO - Dispatching session wekatrace7_06385769df23204ac35c53ad431cf42f7c02: 20 events
2026-09-19 04:49:56,730 - inference_perf.datagen.replay.replay_graph_session_datagen - INFO - Dispatching session wekatrace271_d2308c65d14d00591cd2208354d382e1d7f9: 98 events
2026-09-19 04:49:56,732 - inference_perf.datagen.replay.replay_graph_session_datagen - INFO - Dispatching session wekatrace234_b943983209c9b79202718ef0683553304b97: 89 events
2026-09-19 04:49:56,739 - inference_perf.datagen.replay.replay_graph_session_datagen - INFO - Dispatching session wekatrace164_8e7ba33cefd66ca8d2eb5c0420182e971748: 63 events
2026-09-19 04:49:56,741 - inference_perf.datagen.replay.replay_graph_session_datagen - INFO - Dispatching session wekatrace196_a32d778551b30bfd546d254c646f27f8d665: 148 events
2026-09-19 04:49:56,780 - inference_perf.datagen.replay.replay_graph_session_datagen - INFO - Dispatching session wekatrace22_1186d32070428ea303de493d61ee3effd467: 39 events
2026-09-19 04:49:56,781 - inference_perf.datagen.replay.replay_graph_session_datagen - INFO - Dispatching session wekatrace279_d4d2051c560f2bc26535d53381b05cefd934: 40 events
2026-09-19 04:49:56,783 - inference_perf.datagen.replay.replay_graph_session_datagen - INFO - Dispatching session wekatrace48_2b20926f86d488b237e65d296a4bf642270e: 35 events
2026-09-19 04:49:56,784 - inference_perf.datagen.replay.replay_graph_session_datagen - INFO - Dispatching session wekatrace101_5567965ff6abfaa6f40b6a51212c45d7587b: 148 events
2026-09-19 04:49:56,788 - inference_perf.datagen.replay.replay_graph_session_datagen - INFO - Dispatching session wekatrace3_0475b786230f3f2e24220d28e247eaee2dae: 192 events
2026-09-19 04:49:56,795 - inference_perf.datagen.replay.replay_graph_session_datagen - INFO - Dispatching session wekatrace65_37a398bc6ba21656e326b2e5faa699ac0267: 42 events
2026-09-19 04:49:56,799 - inference_perf.datagen.replay.replay_graph_session_datagen - INFO - Dispatching session wekatrace162_8d25e460f8af6ce0b8dd531f9d471a6f4628: 36 events
2026-09-19 04:49:56,800 - inference_perf.datagen.replay.replay_graph_session_datagen - INFO - Dispatching session wekatrace326_f53aede62a31cb25abc2f19f21f610885758: 26 events
2026-09-19 04:49:56,801 - inference_perf.datagen.replay.replay_graph_session_datagen - INFO - Dispatching session wekatrace308_e96832ba16e92ee7b955738ae37813181e63: 255 events
2026-09-19 04:49:56,808 - inference_perf.datagen.replay.replay_graph_session_datagen - INFO - Dispatching session wekatrace199_a475e564996f40c6bb19e7241cc9162dc69c: 22 events
2026-09-19 04:49:56,809 - inference_perf.datagen.replay.replay_graph_session_datagen - INFO - Dispatching session wekatrace9_0767e712d9e187634174712ce484b8bb7526: 68 events
2026-09-19 04:49:56,811 - inference_perf.datagen.replay.replay_graph_session_datagen - INFO - Dispatching session wekatrace204_a6b5ab2531fe4fa22ad233fc407948017150: 206 events
2026-09-19 04:49:56,817 - inference_perf.datagen.replay.replay_graph_session_datagen - INFO - Dispatching session wekatrace317_f0ad64c3918ef2672b6c117db1abcb1b0745: 50 events
2026-09-19 04:49:56,819 - inference_perf.datagen.replay.replay_graph_session_datagen - INFO - Dispatching session wekatrace144_7e954605c7632063029ceabaefff139bafda: 76 events
2026-09-19 04:49:56,821 - inference_perf.datagen.replay.replay_graph_session_datagen - INFO - Dispatching session wekatrace28_1ac9d045056424d98ec4b5725460ca2b6120: 72 events
2026-09-19 04:49:56,823 - inference_perf.datagen.replay.replay_graph_session_datagen - INFO - Dispatching session wekatrace0_00e7d11db2db59f44a87b4110175b11d1af3: 32 events
2026-09-19 04:49:56,824 - inference_perf.datagen.replay.replay_graph_session_datagen - INFO - Dispatching session wekatrace77_426c4b7df9d42462caa3e7b5c230b162bf1c: 61 events
2026-09-19 04:49:56,826 - inference_perf.datagen.replay.replay_graph_session_datagen - INFO - Dispatching session wekatrace35_1ff2c5c397d1c8f4a2e069449ec8e10b882a: 31 events
2026-09-19 04:49:56,827 - inference_perf.datagen.replay.replay_graph_session_datagen - INFO - Dispatching session wekatrace276_d38b308207257050502cacab981ef01a39f3: 82 events
2026-09-19 04:49:56,831 - inference_perf.datagen.replay.replay_graph_session_datagen - INFO - Dispatching session wekatrace260_ccaa0716bff1761ac56299ebcb5bd53ca201: 392 events
2026-09-19 04:49:56,883 - inference_perf.datagen.replay.replay_graph_session_datagen - INFO - Dispatching session wekatrace127_73cd34b22328e6f975b7fbaef20a45b31912: 40 events
2026-09-19 04:49:56,885 - inference_perf.datagen.replay.replay_graph_session_datagen - INFO - Dispatching session wekatrace143_7da6e67a2c4e4ec4f07622c9d6f73adb1b5f: 33 events
2026-09-19 04:49:56,886 - inference_perf.datagen.replay.replay_graph_session_datagen - INFO - Dispatching session wekatrace327_f6cd960450f6420dace6885d14cd96f9ddb5: 94 events
2026-09-19 04:49:56,888 - inference_perf.datagen.replay.replay_graph_session_datagen - INFO - Dispatching session wekatrace298_e404ff7c8cb4bf3e2bb1537b040ffc4febbd: 143 events
2026-09-19 04:49:56,892 - inference_perf.datagen.replay.replay_graph_session_datagen - INFO - Dispatching session wekatrace172_91a5604201e3a0637c6c74d7111ad2074b9b: 204 events
2026-09-19 04:49:56,897 - inference_perf.datagen.replay.replay_graph_session_datagen - INFO - Dispatching session wekatrace210_aa83246acf27ded243a4e1c3dc2a2a27d1e8: 41 events
2026-09-19 04:49:56,898 - inference_perf.datagen.replay.replay_graph_session_datagen - INFO - Dispatching session wekatrace301_e530ceee7f942b635c47a37f967f2db11800: 32 events
2026-09-19 04:49:56,899 - inference_perf.datagen.replay.replay_graph_session_datagen - INFO - Dispatching session wekatrace109_59fc23ca5a69bd575ac1c4d9ef4e0231acb8: 54 events
2026-09-19 04:49:56,901 - inference_perf.datagen.replay.replay_graph_session_datagen - INFO - Dispatching session wekatrace262_cd55147893fd6a9890bb804e2c31c05d11b8: 35 events
2026-09-19 04:49:56,902 - inference_perf.datagen.replay.replay_graph_session_datagen - INFO - Dispatching session wekatrace226_b37cfd952cbc8a190d751efd6c54d876a5fe: 26 events
2026-09-19 04:49:56,903 - inference_perf.datagen.replay.replay_graph_session_datagen - INFO - Dispatching session wekatrace281_d7700eca020651f979428a08193a04608060: 97 events
2026-09-19 04:49:56,906 - inference_perf.datagen.replay.replay_graph_session_datagen - INFO - Dispatching session wekatrace322_f314d3dce90039bbac40c255303066da9586: 33 events
2026-09-19 04:49:56,911 - inference_perf.datagen.replay.replay_graph_session_datagen - INFO - Dispatching session wekatrace40_265a5749ca677d0b0c90e7d3d6029a45318f: 39 events
2026-09-19 04:49:56,912 - inference_perf.datagen.replay.replay_graph_session_datagen - INFO - Dispatching session wekatrace25_16a79fdbe42a805e5bc856b9281e9c6a4c83: 110 events
2026-09-19 04:49:56,915 - inference_perf.datagen.replay.replay_graph_session_datagen - INFO - Dispatching session wekatrace34_1e086b8be96979688eb61ba63e18745a8f82: 64 events
2026-09-19 04:49:56,917 - inference_perf.datagen.replay.replay_graph_session_datagen - INFO - Dispatching session wekatrace165_8ec11babf00a56cb5528a3dd7df75f42803d: 133 events
2026-09-19 04:49:56,921 - inference_perf.datagen.replay.replay_graph_session_datagen - INFO - Dispatching session wekatrace111_5da46e56989651d4a42983b88eabf2e73b62: 75 events
2026-09-19 04:49:56,923 - inference_perf.datagen.replay.replay_graph_session_datagen - INFO - Dispatching session wekatrace46_298daf6961d9121ca2f5d3cde68ba961c0c5: 34 events
2026-09-19 04:49:56,924 - inference_perf.datagen.replay.replay_graph_session_datagen - INFO - Dispatching session wekatrace330_f80e58eccd8412c2bafddfb655c551eb0396: 233 events
2026-09-19 04:49:56,932 - inference_perf.datagen.replay.replay_graph_session_datagen - INFO - Dispatching session wekatrace312_ed4f3e353ab6a3e9150f7b7d463e24e9d876: 29 events
2026-09-19 04:49:56,933 - inference_perf.datagen.replay.replay_graph_session_datagen - INFO - Dispatching session wekatrace272_d27261dcba0465f104881f66197b785a943c: 23 events
2026-09-19 04:49:56,934 - inference_perf.datagen.replay.replay_graph_session_datagen - INFO - Dispatching session wekatrace212_ac222e0dd853c291e982880ebee4b5312d7e: 110 events
2026-09-19 04:49:56,936 - inference_perf.datagen.replay.replay_graph_session_datagen - INFO - Dispatching session wekatrace153_874907a6438acbf94db43541a2fce236bd76: 133 events
2026-09-19 04:49:56,942 - inference_perf.datagen.replay.replay_graph_session_datagen - INFO - Dispatching session wekatrace62_34e0495953cdcf4e391fee725a6b9f9a1132: 117 events
2026-09-19 04:49:56,983 - inference_perf.datagen.replay.replay_graph_session_datagen - INFO - Dispatching session wekatrace302_e57b0007f587d05db6f9a89366240760385f: 38 events
2026-09-19 04:49:56,985 - inference_perf.datagen.replay.replay_graph_session_datagen - INFO - Dispatching session wekatrace80_44b620526ca2abe4eb20220aa044ac1306e1: 178 events
2026-09-19 04:49:56,990 - inference_perf.datagen.replay.replay_graph_session_datagen - INFO - Dispatching session wekatrace337_ffcf66657d5845f00898ac9dcfeff31615bf: 229 events
2026-09-19 04:49:56,999 - inference_perf.datagen.replay.replay_graph_session_datagen - INFO - Dispatching session wekatrace288_ddff1bdaf1caacf49539d4eac15c52b0c942: 114 events
2026-09-19 04:49:57,002 - inference_perf.datagen.replay.replay_graph_session_datagen - INFO - Dispatching session wekatrace244_c008f086bfb4a7c9b8b9beac4aee753db7c9: 158 events
2026-09-19 04:49:57,008 - inference_perf.datagen.replay.replay_graph_session_datagen - INFO - Dispatching session wekatrace222_b06566cd0302e48d347642eeba8d971b2305: 20 events
2026-09-19 04:49:57,010 - inference_perf.datagen.replay.replay_graph_session_datagen - INFO - Dispatching session wekatrace141_7b8efb596888c85071fcec3f98cba72db6ff: 38 events
2026-09-19 04:49:57,011 - inference_perf.datagen.replay.replay_graph_session_datagen - INFO - Dispatching session wekatrace117_661a9bd177af188ec180682fa0d49d85d85e: 50 events
2026-09-19 04:49:57,012 - inference_perf.datagen.replay.replay_graph_session_datagen - INFO - Dispatching session wekatrace230_b813d6ae807311b85e25d55304cb508c42b2: 47 events
2026-09-19 04:49:57,013 - inference_perf.datagen.replay.replay_graph_session_datagen - INFO - Dispatching session wekatrace90_4c6d3f6a8017955af1d5af5d7dff80e6c38c: 219 events
2026-09-19 04:49:57,019 - inference_perf.datagen.replay.replay_graph_session_datagen - INFO - Dispatching session wekatrace27_1aab1b796eacdf7e47634ef3901a99d50b12: 196 events
2026-09-19 04:49:57,027 - inference_perf.datagen.replay.replay_graph_session_datagen - INFO - Dispatching session wekatrace186_9e34ace570f04b8aed5bde41cb248b0c4126: 22 events
2026-09-19 04:49:57,029 - inference_perf.datagen.replay.replay_graph_session_datagen - INFO - Dispatching session wekatrace102_567cd2f0227b72ed5e3b8d4d2c90f270b1e5: 21 events
2026-09-19 04:49:57,031 - inference_perf.datagen.replay.replay_graph_session_datagen - INFO - Dispatching session wekatrace51_2cfbb581474c482911487fd9b13d720889fa: 26 events
2026-09-19 04:49:57,032 - inference_perf.datagen.replay.replay_graph_session_datagen - INFO - Dispatching session wekatrace108_583f593fb0ad41b27ab7e94014a13fd4493a: 60 events
2026-09-19 04:49:57,034 - inference_perf.datagen.replay.replay_graph_session_datagen - INFO - Dispatching session wekatrace13_0a5aba26f119570db6960496095f3969ebdc: 35 events
2026-09-19 04:49:57,036 - inference_perf.datagen.replay.replay_graph_session_datagen - INFO - Dispatching session wekatrace59_322d6256b084ece9fbbaa8ec9cca3dadaf7e: 38 events
2026-09-19 04:49:57,037 - inference_perf.datagen.replay.replay_graph_session_datagen - INFO - Dispatching session wekatrace29_1b29955ec88767b5f8870f705f770cd46c60: 50 events
2026-09-19 04:49:57,038 - inference_perf.datagen.replay.replay_graph_session_datagen - INFO - Dispatching session wekatrace202_a52128ffb445d7e66c8e2a1d4dfcc2dba528: 63 events
2026-09-19 04:49:57,041 - inference_perf.datagen.replay.replay_graph_session_datagen - INFO - Dispatching session wekatrace299_e45af45cfad14d6d4ecf4afd9f30f99965e4: 129 events
2026-09-19 04:49:57,081 - inference_perf.datagen.replay.replay_graph_session_datagen - INFO - Dispatching session wekatrace14_0b1cf5ad73920121aa53e1acb0851a8ecf32: 78 events
2026-09-19 04:49:57,084 - inference_perf.datagen.replay.replay_graph_session_datagen - INFO - Dispatching session wekatrace140_7b1a27df99a9b7809efd8ea6ded0463e7263: 32 events
2026-09-19 04:49:57,085 - inference_perf.datagen.replay.replay_graph_session_datagen - INFO - Dispatching session wekatrace208_a9b405beba91b9e1d59c5981dec9b79d3a65: 217 events
2026-09-19 04:49:57,092 - inference_perf.datagen.replay.replay_graph_session_datagen - INFO - Dispatching session wekatrace188_9f18abdac832b0ba41ad1acab3a3a4ea5532: 22 events
2026-09-19 04:49:57,093 - inference_perf.datagen.replay.replay_graph_session_datagen - INFO - Dispatching session wekatrace252_c5f779b042d27314ffe2ec264a46b7dfdc2b: 68 events
2026-09-19 04:49:57,095 - inference_perf.datagen.replay.replay_graph_session_datagen - INFO - Dispatching session wekatrace310_ebd92ec7d1f096e9bf58cce4fea69e7dd0b1: 48 events
2026-09-19 04:49:57,097 - inference_perf.datagen.replay.replay_graph_session_datagen - INFO - Dispatching session wekatrace320_f2459294d8c323fe0f51d3022df7002848a2: 29 events
2026-09-19 04:49:57,098 - inference_perf.datagen.replay.replay_graph_session_datagen - INFO - Dispatching session wekatrace261_ccfb199fa6f17cba4777e059ed64688ed029: 72 events
2026-09-19 04:49:57,100 - inference_perf.datagen.replay.replay_graph_session_datagen - INFO - Dispatching session wekatrace293_e1966c2980166c06053527b93b21e9fa292a: 66 events
2026-09-19 04:49:57,101 - inference_perf.datagen.replay.replay_graph_session_datagen - INFO - Dispatching session wekatrace85_48c84a0c6ae1df3245c12c75198a47e356b8: 62 events
2026-09-19 04:49:57,103 - inference_perf.datagen.replay.replay_graph_session_datagen - INFO - Dispatching session wekatrace123_6b585b40c5536dc35b904a86f6c89d406f41: 105 events
2026-09-19 04:49:57,106 - inference_perf.datagen.replay.replay_graph_session_datagen - INFO - Dispatching session wekatrace275_d3635203d442d3dcdba521ae35a3eb6a4030: 163 events
2026-09-19 04:49:57,111 - inference_perf.datagen.replay.replay_graph_session_datagen - INFO - Dispatching session wekatrace33_1d52e24446ecdb36d1351d53094d8a67f621: 143 events
2026-09-19 04:49:57,120 - inference_perf.datagen.replay.replay_graph_session_datagen - INFO - Dispatching session wekatrace284_d92906ffbf7aad6f4641bc2ff994fa59595e: 34 events
2026-09-19 04:49:57,121 - inference_perf.datagen.replay.replay_graph_session_datagen - INFO - Dispatching session wekatrace107_5822466cec7f2b817b4c7c2b5ef7f7a3ddfd: 261 events
2026-09-19 04:49:57,128 - inference_perf.datagen.replay.replay_graph_session_datagen - INFO - Dispatching session wekatrace336_ff68d600b9694c22fd94309f84b442bdb10d: 69 events
2026-09-19 04:49:57,130 - inference_perf.datagen.replay.replay_graph_session_datagen - INFO - Dispatching session wekatrace300_e4c6c6ee40541f00c2aa1f813d15a3f8f6cb: 42 events
2026-09-19 04:49:57,131 - inference_perf.datagen.replay.replay_graph_session_datagen - INFO - Dispatching session wekatrace63_350b6e2414c221593bf4a0772ecd7c4fa009: 104 events
2026-09-19 04:49:57,134 - inference_perf.datagen.replay.replay_graph_session_datagen - INFO - Dispatching session wekatrace332_fa518f4c395319ab974e38b7507be6b6d69d: 34 events
2026-09-19 04:49:57,136 - inference_perf.datagen.replay.replay_graph_session_datagen - INFO - Dispatching session wekatrace5_05658118df5d398eec4703ce4fafe679ab30: 221 events
2026-09-19 04:49:57,181 - inference_perf.datagen.replay.replay_graph_session_datagen - INFO - Dispatching session wekatrace82_46dd3f44ce9e588902c3b7c569082821d4bb: 165 events
2026-09-19 04:49:57,185 - inference_perf.datagen.replay.replay_graph_session_datagen - INFO - Dispatching session wekatrace73_407b4722328bffbb942c2c78b5a62c09e5a9: 129 events
2026-09-19 04:49:57,189 - inference_perf.datagen.replay.replay_graph_session_datagen - INFO - Dispatching session wekatrace154_875fce6a7ffc402e48b74d44dbcaa4551a8c: 25 events
2026-09-19 04:49:57,190 - inference_perf.datagen.replay.replay_graph_session_datagen - INFO - Dispatching session wekatrace76_4133ee5c35c7668e6dd4f8065e695bc99ccd: 94 events
2026-09-19 04:49:57,193 - inference_perf.datagen.replay.replay_graph_session_datagen - INFO - Dispatching session wekatrace238_bb3f132df2b4fd2306c9a5b0c22b74ebfe93: 23 events
2026-09-19 04:49:57,194 - inference_perf.datagen.replay.replay_graph_session_datagen - INFO - Dispatching session wekatrace158_89e35cfae8787e3ecbbf3df954c2cbead190: 27 events
2026-09-19 04:49:57,195 - inference_perf.datagen.replay.replay_graph_session_datagen - INFO - Dispatching session wekatrace56_2e6fc2e7b28c2e567d9c2aa0a38586d494eb: 71 events
2026-09-19 04:49:57,198 - inference_perf.datagen.replay.replay_graph_session_datagen - INFO - Dispatching session wekatrace152_85a607535786c99f336f59cfb5cbc108851e: 83 events
2026-09-19 04:49:57,201 - inference_perf.datagen.replay.replay_graph_session_datagen - INFO - Dispatching session wekatrace68_3bc0e09a2d6ec317e0f01281dfe65ecda2a8: 208 events
2026-09-19 04:49:57,208 - inference_perf.datagen.replay.replay_graph_session_datagen - INFO - Dispatching session wekatrace129_74dbd77fc18b4696b5cf203d4d38a8a7c87f: 59 events
2026-09-19 04:49:57,211 - inference_perf.datagen.replay.replay_graph_session_datagen - INFO - Dispatching session wekatrace285_db2a838361e4fb86cd2fcdc410d81e591e5a: 24 events
2026-09-19 04:49:57,212 - inference_perf.datagen.replay.replay_graph_session_datagen - INFO - Dispatching session wekatrace160_8a9d31047365083a978ab97b58bae62be6a7: 26 events
2026-09-19 04:49:57,218 - inference_perf.datagen.replay.replay_graph_session_datagen - INFO - Dispatching session wekatrace104_57314328955638e20597ba7fbd434a197e71: 64 events
2026-09-19 04:49:57,220 - inference_perf.datagen.replay.replay_graph_session_datagen - INFO - Dispatching session wekatrace155_87b899e0e09ea82f8a61457cf3f92b1f41e8: 27 events
2026-09-19 04:49:57,221 - inference_perf.datagen.replay.replay_graph_session_datagen - INFO - Dispatching session wekatrace217_adf7f25444ecd51a5c10b36b6f09558e9c90: 33 events
2026-09-19 04:49:57,222 - inference_perf.datagen.replay.replay_graph_session_datagen - INFO - Dispatching session wekatrace61_346d091b7f1689ef5327401a2bd912f404d9: 184 events
2026-09-19 04:49:57,228 - inference_perf.datagen.replay.replay_graph_session_datagen - INFO - Dispatching session wekatrace251_c3f38af76e6bd8420e1c59bb798cfe446c00: 78 events
2026-09-19 04:49:57,230 - inference_perf.datagen.replay.replay_graph_session_datagen - INFO - Dispatching session wekatrace84_480ef7f29ab363d4b9215c1651a0d87b34d9: 63 events
2026-09-19 04:49:57,232 - inference_perf.datagen.replay.replay_graph_session_datagen - INFO - Dispatching session wekatrace233_b8ed747f8fbc5ad70ad44f728026ccc3c632: 34 events
2026-09-19 04:49:57,233 - inference_perf.datagen.replay.replay_graph_session_datagen - INFO - Dispatching session wekatrace253_c6cb564bf72f6da04fdd910208ddc476f36c: 69 events
2026-09-19 04:49:57,235 - inference_perf.datagen.replay.replay_graph_session_datagen - INFO - Dispatching session wekatrace142_7cf06b36d4bd166939d2de42990f470209ee: 56 events
2026-09-19 04:49:57,236 - inference_perf.datagen.replay.replay_graph_session_datagen - INFO - Dispatching session wekatrace6_05c7c0ff6c473d474125f1c96436e7e3ebaa: 324 events
2026-09-19 04:49:57,243 - inference_perf.datagen.replay.replay_graph_session_datagen - INFO - Dispatching session wekatrace128_74ae0917c1d5b67e0446b631cf2b62f5813a: 36 events
2026-09-19 04:49:57,244 - inference_perf.datagen.replay.replay_graph_session_datagen - INFO - Dispatching session wekatrace99_54caee1c3d37cf5d09abb1fcd7b158398b9f: 87 events
2026-09-19 04:49:57,284 - inference_perf.datagen.replay.replay_graph_session_datagen - INFO - Dispatching session wekatrace78_42f9114202c3d4be7aad209267bdd8301e49: 38 events
2026-09-19 04:49:57,286 - inference_perf.datagen.replay.replay_graph_session_datagen - INFO - Dispatching session wekatrace58_30b5428f1c359a9d2fdf9c25ecd3e4c0f480: 177 events
2026-09-19 04:49:57,291 - inference_perf.datagen.replay.replay_graph_session_datagen - INFO - Dispatching session wekatrace31_1c51f458e8b542059f13268dfd08554de56a: 155 events
2026-09-19 04:49:57,295 - inference_perf.datagen.replay.replay_graph_session_datagen - INFO - Dispatching session wekatrace20_1091bb824ba2083b254e5315eede43dce225: 21 events
2026-09-19 04:49:57,296 - inference_perf.datagen.replay.replay_graph_session_datagen - INFO - Dispatching session wekatrace81_468b9ade27e11d70aac853058abe0a974abe: 64 events
2026-09-19 04:49:57,298 - inference_perf.datagen.replay.replay_graph_session_datagen - INFO - Dispatching session wekatrace229_b55f7e6d9042c80104e958b6c19780fb3564: 60 events
2026-09-19 04:49:57,300 - inference_perf.datagen.replay.replay_graph_session_datagen - INFO - Dispatching session wekatrace286_dc2b520e6f2af0d358d7a20522105069a4ac: 22 events
2026-09-19 04:49:57,301 - inference_perf.datagen.replay.replay_graph_session_datagen - INFO - Dispatching session wekatrace66_3990b675fc7b345c088b0e0e690239debd62: 70 events
2026-09-19 04:49:57,303 - inference_perf.datagen.replay.replay_graph_session_datagen - INFO - Dispatching session wekatrace150_84a14c6889c6cd1936a3b71e03b1ffb9d2a4: 23 events
2026-09-19 04:49:57,306 - inference_perf.datagen.replay.replay_graph_session_datagen - INFO - Dispatching session wekatrace206_a916b3369ab74ad0b3b811583d8962d2cbaa: 286 events
2026-09-19 04:49:57,315 - inference_perf.datagen.replay.replay_graph_session_datagen - INFO - Dispatching session wekatrace8_066e36628e08da30ed5d232a5034160529cb: 24 events
2026-09-19 04:49:57,316 - inference_perf.datagen.replay.replay_graph_session_datagen - INFO - Dispatching session wekatrace170_911eb414b0326e58e9c505ef51883afe654b: 195 events
2026-09-19 04:49:57,323 - inference_perf.datagen.replay.replay_graph_session_datagen - INFO - Dispatching session wekatrace52_2d0036295a55df9c3eab9c1b8dcbc4d90c3e: 41 events
2026-09-19 04:49:57,326 - inference_perf.datagen.replay.replay_graph_session_datagen - INFO - Dispatching session wekatrace105_57757583724fa86f94219c6746bfc3709491: 22 events
2026-09-19 04:49:57,327 - inference_perf.datagen.replay.replay_graph_session_datagen - INFO - Dispatching session wekatrace53_2dd25288ba9fe088c0419aabfb19c3ca4f36: 237 events
2026-09-19 04:49:57,336 - inference_perf.datagen.replay.replay_graph_session_datagen - INFO - Dispatching session wekatrace295_e2d4768656c9727278e555afbe4d67c3eb47: 46 events
2026-09-19 04:49:57,339 - inference_perf.datagen.replay.replay_graph_session_datagen - INFO - Dispatching session wekatrace328_f722d51bf73ac8b7b55451d2fde8bea2fb3f: 83 events
2026-09-19 05:19:54,608 - inference_perf.loadgen.load_generator - WARNING - Stage 0: timeout after 1800.0s
2026-09-19 05:21:54,631 - inference_perf.loadgen.load_generator - WARNING - [Worker 2] cancelling 1142 tasks still running at stage teardown
2026-09-19 05:21:54,649 - inference_perf.loadgen.load_generator - WARNING - [Worker 17] cancelling 742 tasks still running at stage teardown
2026-09-19 05:21:54,655 - inference_perf.loadgen.load_generator - WARNING - [Worker 9] cancelling 1348 tasks still running at stage teardown
2026-09-19 05:21:54,659 - inference_perf.loadgen.load_generator - WARNING - [Worker 21] cancelling 787 tasks still running at stage teardown
2026-09-19 05:21:54,659 - inference_perf.loadgen.load_generator - WARNING - [Worker 7] cancelling 1542 tasks still running at stage teardown
2026-09-19 05:21:54,687 - inference_perf.loadgen.load_generator - WARNING - [Worker 15] cancelling 575 tasks still running at stage teardown
2026-09-19 05:21:54,693 - inference_perf.loadgen.load_generator - WARNING - [Worker 8] cancelling 1456 tasks still running at stage teardown
2026-09-19 05:21:54,701 - inference_perf.loadgen.load_generator - WARNING - [Worker 19] cancelling 1027 tasks still running at stage teardown
2026-09-19 05:21:54,713 - inference_perf.loadgen.load_generator - WARNING - [Worker 14] cancelling 1038 tasks still running at stage teardown
2026-09-19 05:21:54,728 - inference_perf.loadgen.load_generator - WARNING - [Worker 4] cancelling 726 tasks still running at stage teardown
2026-09-19 05:21:54,731 - inference_perf.loadgen.load_generator - WARNING - [Worker 23] cancelling 751 tasks still running at stage teardown
2026-09-19 05:21:54,742 - inference_perf.loadgen.load_generator - WARNING - [Worker 18] cancelling 1446 tasks still running at stage teardown
2026-09-19 05:21:54,758 - inference_perf.loadgen.load_generator - WARNING - [Worker 10] cancelling 566 tasks still running at stage teardown
2026-09-19 05:21:54,761 - inference_perf.loadgen.load_generator - WARNING - [Worker 6] cancelling 563 tasks still running at stage teardown
2026-09-19 05:21:54,772 - inference_perf.loadgen.load_generator - WARNING - [Worker 22] cancelling 1135 tasks still running at stage teardown
2026-09-19 05:21:54,789 - inference_perf.loadgen.load_generator - WARNING - [Worker 11] cancelling 1468 tasks still running at stage teardown
2026-09-19 05:21:54,801 - inference_perf.loadgen.load_generator - WARNING - [Worker 20] cancelling 1528 tasks still running at stage teardown
2026-09-19 05:21:54,809 - inference_perf.loadgen.load_generator - WARNING - [Worker 13] cancelling 1853 tasks still running at stage teardown
2026-09-19 05:21:54,824 - inference_perf.loadgen.load_generator - WARNING - [Worker 1] cancelling 724 tasks still running at stage teardown
2026-09-19 05:21:54,827 - inference_perf.loadgen.load_generator - WARNING - [Worker 3] cancelling 1441 tasks still running at stage teardown
2026-09-19 05:21:54,843 - inference_perf.loadgen.load_generator - WARNING - [Worker 16] cancelling 905 tasks still running at stage teardown
2026-09-19 05:21:54,848 - inference_perf.loadgen.load_generator - WARNING - [Worker 12] cancelling 1370 tasks still running at stage teardown
2026-09-19 05:21:54,855 - inference_perf.loadgen.load_generator - WARNING - [Worker 0] cancelling 1127 tasks still running at stage teardown
2026-09-19 05:21:54,859 - inference_perf.loadgen.load_generator - WARNING - [Worker 5] cancelling 1397 tasks still running at stage teardown
2026-09-19 05:21:56,082 - inference_perf.loadgen.load_generator - INFO - Stage 0 - session-based run failed
Overall Progress ━━━━━━━━━━━━━━━━━━━━━━━━━━━━━━━━━━━━━━ 100% 1/1 0:00:00 0:32:01
2026-09-19 05:21:57,100 - inference_perf.reportgen.base - INFO - Generating Reports...
2026-09-19 05:21:57,101 - inference_perf.utils.custom_tokenizer - INFO - Loading tokenizer 'Qwen/Qwen3-Coder-30B-A3B-Instruct-FP8'
2026-09-19 05:21:57,280 - httpx - INFO - HTTP Request: HEAD https://huggingface.co/Qwen/Qwen3-Coder-30B-A3B-Instruct-FP8/resolve/main/config.json "HTTP/1.1 307 Temporary Redirect"
2026-09-19 05:21:57,302 - httpx - INFO - HTTP Request: HEAD https://huggingface.co/api/resolve-cache/models/Qwen/Qwen3-Coder-30B-A3B-Instruct-FP8/dcaee4d4dfc5ee71ad501f01f530e5652438fde0/config.json "HTTP/1.1 200 OK"
2026-09-19 05:21:57,376 - httpx - INFO - HTTP Request: HEAD https://huggingface.co/Qwen/Qwen3-Coder-30B-A3B-Instruct-FP8/resolve/main/tokenizer_config.json "HTTP/1.1 307 Temporary Redirect"
2026-09-19 05:21:57,400 - httpx - INFO - HTTP Request: HEAD https://huggingface.co/api/resolve-cache/models/Qwen/Qwen3-Coder-30B-A3B-Instruct-FP8/dcaee4d4dfc5ee71ad501f01f530e5652438fde0/tokenizer_config.json "HTTP/1.1 200 OK"
2026-09-19 05:21:57,470 - httpx - INFO - HTTP Request: GET https://huggingface.co/api/models/Qwen/Qwen3-Coder-30B-A3B-Instruct-FP8/tree/main/additional_chat_templates?recursive=false&expand=false "HTTP/1.1 404 Not Found"
2026-09-19 05:21:57,540 - httpx - INFO - HTTP Request: GET https://huggingface.co/api/models/Qwen/Qwen3-Coder-30B-A3B-Instruct-FP8/tree/main?recursive=true&expand=false "HTTP/1.1 200 OK"
2026-09-19 05:22:00,253 - httpx - INFO - HTTP Request: GET https://huggingface.co/api/models/Qwen/Qwen3-Coder-30B-A3B-Instruct-FP8 "HTTP/1.1 200 OK"
2026-09-19 05:32:00,921 - inference_perf.reportgen.base - WARNING - Prometheus Metrics Client is not configured or not of type PrometheusMetricsClient
2026-09-19 05:32:03,468 - inference_perf.reportgen.validation - WARNING - Validation [summary.token_mismatches] summary_lifecycle_metrics.json: 1903 request(s) where the client-side token count disagrees with the server-reported completion_tokens
2026-09-19 05:32:03,468 - inference_perf.reportgen.validation - WARNING - Validation [per_stage.token_mismatches] stage_0_lifecycle_metrics.json: 1903 request(s) where the client-side token count disagrees with the server-reported completion_tokens
2026-09-19 05:32:03,468 - inference_perf.reportgen.validation - WARNING - Report validation finished: 0 error(s), 2 warning(s). See validation.json.
2026-09-19 05:32:03,640 - inference_perf.client.filestorage.local - INFO - Report saved to: /results/report/summary_lifecycle_metrics.json
2026-09-19 05:32:03,641 - inference_perf.client.filestorage.local - INFO - Report saved to: /results/report/stage_0_lifecycle_metrics.json
2026-09-19 05:32:22,415 - inference_perf.client.filestorage.local - INFO - Report saved to: /results/report/per_request_lifecycle_metrics.json
2026-09-19 05:32:22,426 - inference_perf.client.filestorage.local - INFO - Report saved to: /results/report/inference-perf.partial.stage_0.yaml
2026-09-19 05:32:22,427 - inference_perf.client.filestorage.local - INFO - Report saved to: /results/report/summary_session_lifecycle_metrics.json
2026-09-19 05:32:22,427 - inference_perf.client.filestorage.local - INFO - Report saved to: /results/report/stage_0_session_lifecycle_metrics.json
2026-09-19 05:32:22,436 - inference_perf.client.filestorage.local - INFO - Report saved to: /results/report/config.yaml
2026-09-19 05:32:22,436 - inference_perf.client.filestorage.local - INFO - Report saved to: /results/report/validation.json
=== START_SUMMARY ===
{
  "benchmark_time_seconds": 1920.1464171269909,
  "load_summary": {
    "count": 4730,
    "schedule_delay": {
      "mean": 706.5991379391463,
      "min": 0.02881986554712057,
      "max": 1797.5499637890607,
      "p0.1": 0.0443958671381697,
      "p1": 2.015205397075042,
      "p5": 22.586060442030433,
      "p10": 46.608824693784115,
      "p25": 234.27020851126872,
      "median": 630.8056316473521,
      "p75": 1129.0779695978854,
      "p90": 1496.760957210418,
      "p95": 1644.7136351794006,
      "p99": 1761.2968015925774,
      "p99.9": 1793.0679548691298
    }
  },
  "successes": {
    "count": 4730,
    "latency": {
      "request_latency": {
        "mean": 102.3547192234479,
        "min": 0.13951919693499804,
        "max": 1854.7436556676403,
        "p0.1": 0.32688781488128005,
        "p1": 2.398699794076383,
        "p5": 7.918181840749457,
        "p10": 11.618766264989972,
        "p25": 21.742502863984555,
        "median": 46.500176770146936,
        "p75": 107.93614100920968,
        "p90": 240.3040022627451,
        "p95": 386.21185294133636,
        "p99": 848.161387828701,
        "p99.9": 1693.6903562619682
      },
      "normalized_time_per_output_token": {
        "mean": 0.32360734534217106,
        "min": 0.007343115628157791,
        "max": 24.26573194861412,
        "p0.1": 0.011923896891337094,
        "p1": 0.0628247007201839,
        "p5": 0.07930602235071345,
        "p10": 0.08738815612399924,
        "p25": 0.10168562734908551,
        "median": 0.12266917271981768,
        "p75": 0.18411844531805524,
        "p90": 0.5873471114668066,
        "p95": 1.28079545690612,
        "p99": 3.305017590306354,
        "p99.9": 10.020576866150458
      },
      "time_per_output_token": {
        "mean": 0.11304986695145787,
        "min": 1.4178920537233353e-05,
        "max": 0.532915873763462,
        "p0.1": 0.0028012525024823844,
        "p1": 0.03690645792909587,
        "p5": 0.06430156364373849,
        "p10": 0.07560873816931227,
        "p25": 0.08973283152949821,
        "median": 0.10465917464123917,
        "p75": 0.1238550189409428,
        "p90": 0.1523392157316539,
        "p95": 0.20961434851315894,
        "p99": 0.2746633157311451,
        "p99.9": 0.510386970169192
      },
      "time_to_first_token": {
        "mean": 41.412242411264664,
        "min": 0.04050268046557903,
        "max": 1812.1935513829812,
        "p0.1": 0.09484578959736974,
        "p1": 0.20840133514255285,
        "p5": 0.31716671376489103,
        "p10": 0.7915291586890818,
        "p25": 2.001998904859647,
        "median": 3.4809473822824657,
        "p75": 8.887137728277594,
        "p90": 75.19076818032192,
        "p95": 230.84487709365794,
        "p99": 748.0271409625005,
        "p99.9": 1647.893594380736
      },
      "inter_token_latency": {
        "mean": 0.11076405383952312,
        "min": 0.0,
        "max": 3.378715011291206,
        "p0.1": 0.0007394820591434836,
        "p1": 0.013839079858735203,
        "p5": 0.033777409698814154,
        "p10": 0.036387475207448006,
        "p25": 0.03851611027494073,
        "median": 0.04088091477751732,
        "p75": 0.17187975393608212,
        "p90": 0.3085289574228227,
        "p95": 0.35316127608530223,
        "p99": 0.48450712622143305,
        "p99.9": 0.7773044456075903
      }
    },
    "throughput": {
      "input_tokens_per_sec": 113778.21245886335,
      "output_tokens_per_sec": 1441.526529076631,
      "total_tokens_per_sec": 115219.73898793997,
      "requests_per_sec": 2.4633538139644777,
      "images_per_sec": 0.0,
      "videos_per_sec": 0.0,
      "audios_per_sec": 0.0
    },
    "request_size_bytes": {
      "mean": 184546.1266384778,
      "min": 854.0,
      "max": 675512.0,
      "p0.1": 1203.019,
      "p1": 1669.58,
      "p5": 2029.3500000000001,
      "p10": 68323.1,
      "p25": 151746.0,
      "median": 197036.0,
      "p75": 239352.75,
      "p90": 263557.30000000005,
      "p95": 274111.1,
      "p99": 309883.82,
      "p99.9": 520489.19700002135
    },
    "image": {
      "count": {
        "mean": 0.0,
        "min": 0.0,
        "max": 0.0,
        "p0.1": 0.0,
        "p1": 0.0,
        "p5": 0.0,
        "p10": 0.0,
        "p25": 0.0,
        "median": 0.0,
        "p75": 0.0,
        "p90": 0.0,
        "p95": 0.0,
        "p99": 0.0,
        "p99.9": 0.0
      },
      "pixels": null,
      "bytes": null,
      "aspect_ratio": null
    },
    "video": {
      "count": {
        "mean": 0.0,
        "min": 0.0,
        "max": 0.0,
        "p0.1": 0.0,
        "p1": 0.0,
        "p5": 0.0,
        "p10": 0.0,
        "p25": 0.0,
        "median": 0.0,
        "p75": 0.0,
        "p90": 0.0,
        "p95": 0.0,
        "p99": 0.0,
        "p99.9": 0.0
      },
      "frames": null,
      "pixels": null,
      "bytes": null,
      "aspect_ratio": null
    },
    "audio": {
      "count": {
        "mean": 0.0,
        "min": 0.0,
        "max": 0.0,
        "p0.1": 0.0,
        "p1": 0.0,
        "p5": 0.0,
        "p10": 0.0,
        "p25": 0.0,
        "median": 0.0,
        "p75": 0.0,
        "p90": 0.0,
        "p95": 0.0,
        "p99": 0.0,
        "p99.9": 0.0
      },
      "seconds": null,
      "bytes": null
    },
    "prompt_tokens": {
      "total": 218470827.0,
      "cached": 51456208.0,
      "uncached": 167014619.0,
      "mean": 46188.3355179704,
      "min": 174.0,
      "max": 170914.0,
      "p0.1": 264.0,
      "p1": 392.0,
      "p5": 456.0,
      "p10": 17016.500000000004,
      "p25": 38116.5,
      "median": 49391.5,
      "p75": 59865.75,
      "p90": 65839.2,
      "p95": 68642.15000000001,
      "p99": 77842.77,
      "p99.9": 131477.29400000547
    },
    "output_len": {
      "mean": 585.1885835095137,
      "min": 4.0,
      "max": 13878.0,
      "p0.1": 5.0,
      "p1": 12.0,
      "p5": 20.0,
      "p10": 75.0,
      "p25": 149.0,
      "median": 318.5,
      "p75": 678.0,
      "p90": 1356.300000000001,
      "p95": 2029.5500000000002,
      "p99": 4099.68,
      "p99.9": 7592.81500000017
    },
    "output_tokens": {
      "total": 2767942.0,
      "mean": 585.1885835095137,
      "min": 4.0,
      "max": 13878.0,
      "p0.1": 5.0,
      "p1": 12.0,
      "p5": 20.0,
      "p10": 75.0,
      "p25": 149.0,
      "median": 318.5,
      "p75": 678.0,
      "p90": 1356.300000000001,
      "p95": 2029.5500000000002,
      "p99": 4099.68,
      "p99.9": 7592.81500000017
    },
    "token_count_mismatches": 1903,
    "client_fallback_requests": {
      "prompt": 0,
      "output": 0
    }
  },
  "failures": {
    "count": 0,
    "request_latency": null,
    "prompt_tokens": {
      "total": 0.0,
      "cached": 0.0,
      "uncached": 0.0
    },
    "by_label": {}
  }
}
=== END_SUMMARY ===
=== START_STAGE_0 ===
{
  "benchmark_time_seconds": 1920.1464171269909,
  "load_summary": {
    "count": 4730,
    "schedule_delay": {
      "mean": 706.5991379391463,
      "min": 0.02881986554712057,
      "max": 1797.5499637890607,
      "p0.1": 0.0443958671381697,
      "p1": 2.015205397075042,
      "p5": 22.586060442030433,
      "p10": 46.608824693784115,
      "p25": 234.27020851126872,
      "median": 630.8056316473521,
      "p75": 1129.0779695978854,
      "p90": 1496.760957210418,
      "p95": 1644.7136351794006,
      "p99": 1761.2968015925774,
      "p99.9": 1793.0679548691298
    },
    "send_duration": 1799.1867134319618,
    "requested_rate": 0.0,
    "achieved_rate": 2.6289656124558025,
    "concurrency": 338
  },
  "successes": {
    "count": 4730,
    "latency": {
      "request_latency": {
        "mean": 102.3547192234479,
        "min": 0.13951919693499804,
        "max": 1854.7436556676403,
        "p0.1": 0.32688781488128005,
        "p1": 2.398699794076383,
        "p5": 7.918181840749457,
        "p10": 11.618766264989972,
        "p25": 21.742502863984555,
        "median": 46.500176770146936,
        "p75": 107.93614100920968,
        "p90": 240.3040022627451,
        "p95": 386.21185294133636,
        "p99": 848.161387828701,
        "p99.9": 1693.6903562619682
      },
      "normalized_time_per_output_token": {
        "mean": 0.32360734534217106,
        "min": 0.007343115628157791,
        "max": 24.26573194861412,
        "p0.1": 0.011923896891337094,
        "p1": 0.0628247007201839,
        "p5": 0.07930602235071345,
        "p10": 0.08738815612399924,
        "p25": 0.10168562734908551,
        "median": 0.12266917271981768,
        "p75": 0.18411844531805524,
        "p90": 0.5873471114668066,
        "p95": 1.28079545690612,
        "p99": 3.305017590306354,
        "p99.9": 10.020576866150458
      },
      "time_per_output_token": {
        "mean": 0.11304986695145787,
        "min": 1.4178920537233353e-05,
        "max": 0.532915873763462,
        "p0.1": 0.0028012525024823844,
        "p1": 0.03690645792909587,
        "p5": 0.06430156364373849,
        "p10": 0.07560873816931227,
        "p25": 0.08973283152949821,
        "median": 0.10465917464123917,
        "p75": 0.1238550189409428,
        "p90": 0.1523392157316539,
        "p95": 0.20961434851315894,
        "p99": 0.2746633157311451,
        "p99.9": 0.510386970169192
      },
      "time_to_first_token": {
        "mean": 41.412242411264664,
        "min": 0.04050268046557903,
        "max": 1812.1935513829812,
        "p0.1": 0.09484578959736974,
        "p1": 0.20840133514255285,
        "p5": 0.31716671376489103,
        "p10": 0.7915291586890818,
        "p25": 2.001998904859647,
        "median": 3.4809473822824657,
        "p75": 8.887137728277594,
        "p90": 75.19076818032192,
        "p95": 230.84487709365794,
        "p99": 748.0271409625005,
        "p99.9": 1647.893594380736
      },
      "inter_token_latency": {
        "mean": 0.11076405383952312,
        "min": 0.0,
        "max": 3.378715011291206,
        "p0.1": 0.0007394820591434836,
        "p1": 0.013839079858735203,
        "p5": 0.033777409698814154,
        "p10": 0.036387475207448006,
        "p25": 0.03851611027494073,
        "median": 0.04088091477751732,
        "p75": 0.17187975393608212,
        "p90": 0.3085289574228227,
        "p95": 0.35316127608530223,
        "p99": 0.48450712622143305,
        "p99.9": 0.7773044456075903
      }
    },
    "throughput": {
      "input_tokens_per_sec": 113778.21245886335,
      "output_tokens_per_sec": 1441.526529076631,
      "total_tokens_per_sec": 115219.73898793997,
      "requests_per_sec": 2.4633538139644777,
      "images_per_sec": 0.0,
      "videos_per_sec": 0.0,
      "audios_per_sec": 0.0
    },
    "request_size_bytes": {
      "mean": 184546.1266384778,
      "min": 854.0,
      "max": 675512.0,
      "p0.1": 1203.019,
      "p1": 1669.58,
      "p5": 2029.3500000000001,
      "p10": 68323.1,
      "p25": 151746.0,
      "median": 197036.0,
      "p75": 239352.75,
      "p90": 263557.30000000005,
      "p95": 274111.1,
      "p99": 309883.82,
      "p99.9": 520489.19700002135
    },
    "image": {
      "count": {
        "mean": 0.0,
        "min": 0.0,
        "max": 0.0,
        "p0.1": 0.0,
        "p1": 0.0,
        "p5": 0.0,
        "p10": 0.0,
        "p25": 0.0,
        "median": 0.0,
        "p75": 0.0,
        "p90": 0.0,
        "p95": 0.0,
        "p99": 0.0,
        "p99.9": 0.0
      },
      "pixels": null,
      "bytes": null,
      "aspect_ratio": null
    },
    "video": {
      "count": {
        "mean": 0.0,
        "min": 0.0,
        "max": 0.0,
        "p0.1": 0.0,
        "p1": 0.0,
        "p5": 0.0,
        "p10": 0.0,
        "p25": 0.0,
        "median": 0.0,
        "p75": 0.0,
        "p90": 0.0,
        "p95": 0.0,
        "p99": 0.0,
        "p99.9": 0.0
      },
      "frames": null,
      "pixels": null,
      "bytes": null,
      "aspect_ratio": null
    },
    "audio": {
      "count": {
        "mean": 0.0,
        "min": 0.0,
        "max": 0.0,
        "p0.1": 0.0,
        "p1": 0.0,
        "p5": 0.0,
        "p10": 0.0,
        "p25": 0.0,
        "median": 0.0,
        "p75": 0.0,
        "p90": 0.0,
        "p95": 0.0,
        "p99": 0.0,
        "p99.9": 0.0
      },
      "seconds": null,
      "bytes": null
    },
    "prompt_tokens": {
      "total": 218470827.0,
      "cached": 51456208.0,
      "uncached": 167014619.0,
      "mean": 46188.3355179704,
      "min": 174.0,
      "max": 170914.0,
      "p0.1": 264.0,
      "p1": 392.0,
      "p5": 456.0,
      "p10": 17016.500000000004,
      "p25": 38116.5,
      "median": 49391.5,
      "p75": 59865.75,
      "p90": 65839.2,
      "p95": 68642.15000000001,
      "p99": 77842.77,
      "p99.9": 131477.29400000547
    },
    "output_len": {
      "mean": 585.1885835095137,
      "min": 4.0,
      "max": 13878.0,
      "p0.1": 5.0,
      "p1": 12.0,
      "p5": 20.0,
      "p10": 75.0,
      "p25": 149.0,
      "median": 318.5,
      "p75": 678.0,
      "p90": 1356.300000000001,
      "p95": 2029.5500000000002,
      "p99": 4099.68,
      "p99.9": 7592.81500000017
    },
    "output_tokens": {
      "total": 2767942.0,
      "mean": 585.1885835095137,
      "min": 4.0,
      "max": 13878.0,
      "p0.1": 5.0,
      "p1": 12.0,
      "p5": 20.0,
      "p10": 75.0,
      "p25": 149.0,
      "median": 318.5,
      "p75": 678.0,
      "p90": 1356.300000000001,
      "p95": 2029.5500000000002,
      "p99": 4099.68,
      "p99.9": 7592.81500000017
    },
    "token_count_mismatches": 1903,
    "client_fallback_requests": {
      "prompt": 0,
      "output": 0
    }
  },
  "failures": {
    "count": 0,
    "request_latency": null,
    "prompt_tokens": {
      "total": 0.0,
      "cached": 0.0,
      "uncached": 0.0
    },
    "by_label": {}
  }
}
=== END_STAGE_0 ===
=== START_PARTIAL_BR_V0_2_STAGE_0 ===
version: 0.2.1
run:
  uid: inference-perf-stage-0-0ca8bc3f
  eid: inference-perf-experiment-55b625d0
  time:
    start: '2026-09-19T04:49:54.596062Z'
    end: '2026-09-19T05:19:54.608747Z'
    duration: PT1800.013S
results:
  request_performance:
    aggregate:
      requests:
        total: 4730
        failures: 0
        input_length:
          units: count
          mean: 46188.3355179704
          stddev: 19256.195308169245
          min: 174.0
          p0p1: 264.0
          p1: 392.0
          p5: 456.0
          p10: 17016.500000000004
          p25: 38116.5
          p50: 49391.5
          p75: 59865.75
          p90: 65839.2
          p95: 68642.15000000001
          p99: 77842.77
          p99p9: 131477.29400000547
          max: 170914.0
        output_length:
          units: count
          mean: 585.1885835095137
          stddev: 834.815542762871
          min: 4.0
          p0p1: 5.0
          p1: 12.0
          p5: 20.0
          p10: 75.0
          p25: 149.0
          p50: 318.5
          p75: 678.0
          p90: 1356.300000000001
          p95: 2029.5500000000002
          p99: 4099.68
          p99p9: 7592.81500000017
          max: 13878.0
      latency:
        time_to_first_token:
          units: s
          mean: 41.412242411264664
          stddev: 147.24011418317158
          min: 0.04050268046557903
          p0p1: 0.09484578959736974
          p1: 0.20840133514255285
          p5: 0.31716671376489103
          p10: 0.7915291586890818
          p25: 2.001998904859647
          p50: 3.4809473822824657
          p75: 8.887137728277594
          p90: 75.19076818032192
          p95: 230.84487709365794
          p99: 748.0271409625005
          p99p9: 1647.893594380736
          max: 1812.1935513829812
        normalized_time_per_output_token:
          units: s/token
          mean: 0.32360734534217106
          stddev: 0.8955257550289814
          min: 0.007343115628157791
          p0p1: 0.011923896891337094
          p1: 0.0628247007201839
          p5: 0.07930602235071345
          p10: 0.08738815612399924
          p25: 0.10168562734908551
          p50: 0.12266917271981768
          p75: 0.18411844531805524
          p90: 0.5873471114668066
          p95: 1.28079545690612
          p99: 3.305017590306354
          p99p9: 10.020576866150458
          max: 24.26573194861412
        time_per_output_token:
          units: s/token
          mean: 0.11304986695145787
          stddev: 0.046085572859109684
          min: 1.4178920537233353e-05
          p0p1: 0.0028012525024823844
          p1: 0.03690645792909587
          p5: 0.06430156364373849
          p10: 0.07560873816931227
          p25: 0.08973283152949821
          p50: 0.10465917464123917
          p75: 0.1238550189409428
          p90: 0.1523392157316539
          p95: 0.20961434851315894
          p99: 0.2746633157311451
          p99p9: 0.510386970169192
          max: 0.532915873763462
        inter_token_latency:
          units: s/token
          mean: 0.11076405383952312
          stddev: 0.12093962350148722
          min: 0.0
          p0p1: 0.0007394820591434836
          p1: 0.013839079858735203
          p5: 0.033777409698814154
          p10: 0.036387475207448006
          p25: 0.03851611027494073
          p50: 0.04088091477751732
          p75: 0.17187975393608212
          p90: 0.3085289574228227
          p95: 0.35316127608530223
          p99: 0.48450712622143305
          p99p9: 0.7773044456075903
          max: 3.378715011291206
        request_latency:
          units: s
          mean: 102.3547192234479
          stddev: 169.68995760297315
          min: 0.13951919693499804
          p0p1: 0.32688781488128005
          p1: 2.398699794076383
          p5: 7.918181840749457
          p10: 11.618766264989972
          p25: 21.742502863984555
          p50: 46.500176770146936
          p75: 107.93614100920968
          p90: 240.3040022627451
          p95: 386.21185294133636
          p99: 848.161387828701
          p99p9: 1693.6903562619682
          max: 1854.7436556676403
      throughput:
        input_token_rate:
          units: tokens/s
          mean: 113778.21245886335
        output_token_rate:
          units: tokens/s
          mean: 1441.526529076631
        total_token_rate:
          units: tokens/s
          mean: 115219.73898793997
        request_rate:
          units: queries/s
          mean: 2.4633538139644777

=== END_PARTIAL_BR_V0_2_STAGE_0 ===
=== START_STAGE_0 ===
{
  "stage_metadata": {
    "stage_id": 0,
    "status": "TIMED_OUT",
    "timeout_configured": 1800.0,
    "actual_duration": 1800.0126857757568,
    "teardown_duration": 121.47405704390258,
    "dropped_requests": 0,
    "concurrent_sessions": 338,
    "session_rate": null
  },
  "num_sessions": 14,
  "num_sessions_succeeded": 14,
  "num_sessions_failed": 0,
  "failures": {
    "count": 0,
    "by_label": {}
  },
  "total_events": 360,
  "total_events_completed": 360,
  "total_events_cancelled": 0,
  "sessions_with_recorded_substitution": 0,
  "total_recorded_substitutions": {
    "count": 0,
    "messages": []
  },
  "sessions_per_second": 0.008037793894735691,
  "session_duration_sec": {
    "mean": 1299.510585801942,
    "min": 640.6464638710022,
    "max": 1740.6623587608337,
    "p0.1": 644.4127934224606,
    "p1": 678.3097593855858,
    "p5": 828.9629414439202,
    "p10": 949.6825434923172,
    "p25": 1127.8635388612747,
    "median": 1330.0555279254913,
    "p75": 1494.856611609459,
    "p90": 1591.2892069816592,
    "p95": 1668.8469549417496,
    "p99": 1726.2992779970168,
    "p99.9": 1739.2260506844523
  },
  "num_events": {
    "mean": 25.714285714285715,
    "min": 20.0,
    "max": 38.0,
    "p0.1": 20.013,
    "p1": 20.13,
    "p5": 20.65,
    "p10": 21.0,
    "p25": 22.0,
    "median": 24.0,
    "p75": 26.75,
    "p90": 33.7,
    "p95": 35.4,
    "p99": 37.48,
    "p99.9": 37.94800000000001
  },
  "num_events_cancelled": {
    "mean": 0.0,
    "min": 0.0,
    "max": 0.0,
    "p0.1": 0.0,
    "p1": 0.0,
    "p5": 0.0,
    "p10": 0.0,
    "p25": 0.0,
    "median": 0.0,
    "p75": 0.0,
    "p90": 0.0,
    "p95": 0.0,
    "p99": 0.0,
    "p99.9": 0.0
  },
  "total_input_tokens": {
    "mean": 1130604.7857142857,
    "min": 862626.0,
    "max": 1464729.0,
    "p0.1": 864053.725,
    "p1": 876903.25,
    "p5": 934012.25,
    "p10": 985119.7,
    "p25": 1021251.0,
    "median": 1107448.5,
    "p75": 1202505.5,
    "p90": 1321823.0,
    "p95": 1376929.5999999999,
    "p99": 1447169.1199999999,
    "p99.9": 1462973.0120000003
  },
  "total_output_tokens": {
    "mean": 10118.642857142857,
    "min": 3837.0,
    "max": 15274.0,
    "p0.1": 3855.967,
    "p1": 4026.67,
    "p5": 4785.35,
    "p10": 5633.2,
    "p25": 8693.25,
    "median": 10791.0,
    "p75": 12126.0,
    "p90": 13480.600000000002,
    "p95": 14451.1,
    "p99": 15109.419999999998,
    "p99.9": 15257.542000000003
  },
  "total_cached_tokens": {
    "mean": 170712.0,
    "min": 64992.0,
    "max": 454608.0,
    "p0.1": 65130.528,
    "p1": 66377.28,
    "p5": 71918.4,
    "p10": 75950.4,
    "p25": 114964.0,
    "median": 143808.0,
    "p75": 219432.0,
    "p90": 245417.6,
    "p95": 320063.19999999995,
    "p99": 427699.03999999986,
    "p99.9": 451917.1040000004
  },
  "total_cacheable_input_tokens": {
    "mean": 1130604.7857142857,
    "min": 862626.0,
    "max": 1464729.0,
    "p0.1": 864053.725,
    "p1": 876903.25,
    "p5": 934012.25,
    "p10": 985119.7,
    "p25": 1021251.0,
    "median": 1107448.5,
    "p75": 1202505.5,
    "p90": 1321823.0,
    "p95": 1376929.5999999999,
    "p99": 1447169.1199999999,
    "p99.9": 1462973.0120000003
  },
  "sessions_with_cache_info": 14,
  "kv_cache_hit_percent": 15.099175428675437,
  "kv_cache_hit_per_session_percent": {
    "mean": 14.76712354480523,
    "min": 6.683318748193996,
    "max": 34.87453137693672,
    "p0.1": 6.6842616600030045,
    "p1": 6.692747866284077,
    "p5": 6.730464338644398,
    "p10": 6.9165790324737175,
    "p25": 10.282573863976259,
    "median": 12.903926626462814,
    "p75": 17.58422037950796,
    "p90": 21.167768296095208,
    "p95": 26.827672324739652,
    "p99": 33.2651595664973,
    "p99.9": 34.7135941958928
  },
  "tfut_sec": {
    "mean": 44.267082494683564,
    "min": 0.32585799787193537,
    "max": 85.92373378761113,
    "p0.1": 0.32612915813177823,
    "p1": 0.3285696004703641,
    "p5": 0.339416010864079,
    "p10": 5.853172441013158,
    "p25": 19.503858373034745,
    "median": 45.30495068896562,
    "p75": 72.55059007625096,
    "p90": 85.25914133666083,
    "p95": 85.9130355748348,
    "p99": 85.92159414505586,
    "p99.9": 85.9235198233556
  },
  "sessions_with_tfut": 14,
  "tfut_none_reasons": null,
  "num_user_facing_events": {
    "mean": 25.714285714285715,
    "min": 20.0,
    "max": 38.0,
    "p0.1": 20.013,
    "p1": 20.13,
    "p5": 20.65,
    "p10": 21.0,
    "p25": 22.0,
    "median": 24.0,
    "p75": 26.75,
    "p90": 33.7,
    "p95": 35.4,
    "p99": 37.48,
    "p99.9": 37.94800000000001
  },
  "num_structured_output_excluded": {
    "mean": 0.0,
    "min": 0.0,
    "max": 0.0,
    "p0.1": 0.0,
    "p1": 0.0,
    "p5": 0.0,
    "p10": 0.0,
    "p25": 0.0,
    "median": 0.0,
    "p75": 0.0,
    "p90": 0.0,
    "p95": 0.0,
    "p99": 0.0,
    "p99.9": 0.0
  }
}
=== END_STAGE_0 ===
                         Throughput and Goodput Summary                         
┏━━━━━━━┳━━━━━━━━━━┳━━━━━━━━━┳━━━━━━━━━━┳━━━━━━━┳━━━━━━━━━┳━━━━━━━━━━┳━━━━━━━━━┓
┃       ┃          ┃ Achiev… ┃    Error ┃       ┃      In ┃      Out ┃     Tot ┃
┃ Stage ┃ Req Rate ┃    Rate ┃     Rate ┃ Req/s ┃ Tokens… ┃ Tokens/s ┃ Tokens… ┃
┡━━━━━━━╇━━━━━━━━━━╇━━━━━━━━━╇━━━━━━━━━━╇━━━━━━━╇━━━━━━━━━╇━━━━━━━━━━╇━━━━━━━━━┩
│     0 │      0.0 │     2.6 │     0.0% │   2.5 │ 113778… │   1441.5 │ 115219… │
└───────┴──────────┴─────────┴──────────┴───────┴─────────┴──────────┴─────────┘
                          Request & Token Latency (ms)                          
┏━━━━━━━┳━━━━━━━┳━━━━━━━┳━━━━━━━┳━━━━━━━┳━━━━━━━┳━━━━━━━┳━━━━━━━┳━━━━━━━┳━━━━━━┓
┃       ┃   Req ┃   Req ┃   Req ┃       ┃       ┃       ┃       ┃       ┃      ┃
┃       ┃   Lat ┃   Lat ┃   Lat ┃  TTFT ┃  TTFT ┃  TTFT ┃   ITL ┃   ITL ┃  ITL ┃
┃ Stage ┃  Mean ┃   Med ┃   P90 ┃  Mean ┃   Med ┃   P90 ┃  Mean ┃   Med ┃  P90 ┃
┡━━━━━━━╇━━━━━━━╇━━━━━━━╇━━━━━━━╇━━━━━━━╇━━━━━━━╇━━━━━━━╇━━━━━━━╇━━━━━━━╇━━━━━━┩
│     0 │ 1023… │ 4650… │ 2403… │ 4141… │ 3480… │ 7519… │ 110.8 │  40.9 │ 308… │
└───────┴───────┴───────┴───────┴───────┴───────┴───────┴───────┴───────┴──────┘
                          Token Generation Speed (ms)                           
┏━━━━━━━┳━━━━━━━━━━━┳━━━━━━━━━━┳━━━━━━━━━━┳━━━━━━━━━━━┳━━━━━━━━━━━┳━━━━━━━━━━━━┓
┃       ┃           ┃          ┃          ┃ Norm TPOT ┃ Norm TPOT ┃  Norm TPOT ┃
┃ Stage ┃ TPOT Mean ┃ TPOT Med ┃ TPOT P90 ┃      Mean ┃       Med ┃        P90 ┃
┡━━━━━━━╇━━━━━━━━━━━╇━━━━━━━━━━╇━━━━━━━━━━╇━━━━━━━━━━━╇━━━━━━━━━━━╇━━━━━━━━━━━━┩
│     0 │     113.0 │    104.7 │    152.3 │     323.6 │     122.7 │      587.3 │
└───────┴───────────┴──────────┴──────────┴───────────┴───────────┴────────────┘
                            Token Length Aggregates                             
┏━━━━━━━┳━━━━━━━┳━━━━━━━┳━━━━━━━┳━━━━━━━┳━━━━━━━┳━━━━━━━┳━━━━━━━┳━━━━━━━┳━━━━━━┓
┃       ┃       ┃       ┃       ┃   Out ┃   Out ┃   Out ┃   Out ┃   Out ┃  Out ┃
┃       ┃ Prom… ┃ Prom… ┃ Prom… ┃  Mean ┃   Med ┃   P90 ┃  Mean ┃   Med ┃  P90 ┃
┃ Stage ┃  Mean ┃   Med ┃   P90 ┃ (cli… ┃ (cli… ┃ (cli… ┃ (ser… ┃ (ser… ┃ (se… ┃
┡━━━━━━━╇━━━━━━━╇━━━━━━━╇━━━━━━━╇━━━━━━━╇━━━━━━━╇━━━━━━━╇━━━━━━━╇━━━━━━━╇━━━━━━┩
│     0 │ 4618… │ 4939… │ 6583… │ 585.2 │ 318.5 │ 1356… │ 585.2 │ 318.5 │ 135… │
└───────┴───────┴───────┴───────┴───────┴───────┴───────┴───────┴───────┴──────┘
 Prompt: server-reported usage where available, client tokenization otherwise.  
    Out (client): response text re-tokenized by the client (output_len). Out    
  (server): the count reported in the server's usage (output_tokens), with the  
     client count substituted for any request the server did not count. See     
                                docs/metrics.md.                                
                                Session Summary                                 
┏━━━━━━━┳━━━━━━━┳━━━━━━━┳━━━━━━━┳━━━━━━━┳━━━━━━━┳━━━━━━━┳━━━━━━━┳━━━━━━━┳━━━━━━┓
┃       ┃       ┃       ┃       ┃       ┃       ┃       ┃       ┃       ┃  Bad ┃
┃       ┃       ┃       ┃       ┃       ┃       ┃       ┃       ┃       ┃ Tool ┃
┃       ┃       ┃ Total ┃       ┃       ┃ Error ┃ Total ┃ Even… ┃ Even… ┃ Cal… ┃
┃ Stage ┃ Sess… ┃ Sess… ┃ Succ… ┃ Fail… ┃     % ┃ Even… ┃ Comp… ┃ Canc… ┃ Sub… ┃
┡━━━━━━━╇━━━━━━━╇━━━━━━━╇━━━━━━━╇━━━━━━━╇━━━━━━━╇━━━━━━━╇━━━━━━━╇━━━━━━━╇━━━━━━┩
│     0 │  0.01 │    14 │    14 │     0 │  0.0% │   360 │   360 │     0 │    0 │
└───────┴───────┴───────┴───────┴───────┴───────┴───────┴───────┴───────┴──────┘
                           Session Duration & Events                            
┏━━━━━━━┳━━━━━━━━━━━┳━━━━━━━━━━━┳━━━━━━━━━━━┳━━━━━━━━━━━┳━━━━━━━━━━┳━━━━━━━━━━━┓
┃       ┃  Duration ┃  Duration ┃  Duration ┃    Events ┃   Events ┃    Events ┃
┃ Stage ┃  Mean (s) ┃   Med (s) ┃   P90 (s) ┃      Mean ┃      Med ┃       P90 ┃
┡━━━━━━━╇━━━━━━━━━━━╇━━━━━━━━━━━╇━━━━━━━━━━━╇━━━━━━━━━━━╇━━━━━━━━━━╇━━━━━━━━━━━┩
│     0 │   1299.51 │   1330.06 │   1591.29 │      25.7 │     24.0 │      33.7 │
└───────┴───────────┴───────────┴───────────┴───────────┴──────────┴───────────┘
                       Session Token Totals (per session)                       
┏━━━━━━━┳━━━━━━━━━━━┳━━━━━━━━━━━┳━━━━━━━━━━━┳━━━━━━━━━━━┳━━━━━━━━━━━┳━━━━━━━━━━┓
┃       ┃        In ┃        In ┃        In ┃       Out ┃       Out ┃      Out ┃
┃       ┃  Tok/Sess ┃  Tok/Sess ┃  Tok/Sess ┃  Tok/Sess ┃  Tok/Sess ┃ Tok/Sess ┃
┃ Stage ┃      Mean ┃       Med ┃       P90 ┃      Mean ┃       Med ┃      P90 ┃
┡━━━━━━━╇━━━━━━━━━━━╇━━━━━━━━━━━╇━━━━━━━━━━━╇━━━━━━━━━━━╇━━━━━━━━━━━╇━━━━━━━━━━┩
│     0 │ 1130604.8 │ 1107448.5 │ 1321823.0 │   10118.6 │   10791.0 │  13480.6 │
└───────┴───────────┴───────────┴───────────┴───────────┴───────────┴──────────┘
                           Session KV Cache Hit Rate                            
┏━━━━━━━┳━━━━━━━━━━━━━┳━━━━━━━━━━━━━┳━━━━━━━━━━━━━┳━━━━━━━━━━━━━━┳━━━━━━━━━━━━━┓
┃       ┃       Hit % ┃  Hit %/Sess ┃  Hit %/Sess ┃   Hit %/Sess ┃ Sessions w/ ┃
┃ Stage ┃    (pooled) ┃        Mean ┃         Med ┃          P90 ┃        Info ┃
┡━━━━━━━╇━━━━━━━━━━━━━╇━━━━━━━━━━━━━╇━━━━━━━━━━━━━╇━━━━━━━━━━━━━━╇━━━━━━━━━━━━━┩
│     0 │        15.1 │        14.8 │        12.9 │         21.2 │          14 │
└───────┴─────────────┴─────────────┴─────────────┴──────────────┴─────────────┘
                    Session TFUT (Time to First User Token)                     
┏━━━━━━━┳━━━━━━━━━━━━━┳━━━━━━━━━━━━━┳━━━━━━━━━━━━━┳━━━━━━━━━━━━━━┳━━━━━━━━━━━━━┓
┃       ┃   TFUT Mean ┃    TFUT Med ┃    TFUT P90 ┃  Sessions w/ ┃   TFUT None ┃
┃ Stage ┃         (s) ┃         (s) ┃         (s) ┃         TFUT ┃     Reasons ┃
┡━━━━━━━╇━━━━━━━━━━━━━╇━━━━━━━━━━━━━╇━━━━━━━━━━━━━╇━━━━━━━━━━━━━━╇━━━━━━━━━━━━━┩
│     0 │      44.267 │      45.305 │      85.259 │           14 │           - │
└───────┴─────────────┴─────────────┴─────────────┴──────────────┴─────────────┘
Request Error Summary
┏━━━━━━━┳━━━━━━━━━━━┓
┃ Stage ┃ Successes ┃
┡━━━━━━━╇━━━━━━━━━━━┩
│     0 │      4730 │
└───────┴───────────┘
reports complete; stopping benchmark process
EXIT=0
REPORTS_COMPLETE=yes
