[transformers] PyTorch was not found. Models won't be available and only tokenizers, configuration and file/data utilities can be used.
2026-09-30 13:30:28,900 - inference_perf.config.config - INFO - Using configuration from: /etc/config/config.yml
2026-09-30 13:30:28,909 - inference_perf.config.config - INFO - Benchmarking with the following config:

api:
  type: chat
  streaming: true
  headers: null
  slo_unit: null
  slo_tpot_header: null
  slo_ttft_header: null
  response_format: null
  session_id_header_key: x-session-id
  session_token_header_key: null
data:
  type: weka_trace_replay
  path: null
  corpus_file_path: null
  input_distribution: null
  output_distribution: null
  shared_prefix: null
  multimodal: null
  trace: null
  otel_trace_replay: null
  weka_trace_replay:
    trace_directory: /data/traces
    num_dataset_entries: 400
    use_static_model: true
    static_model_name: Qwen/Qwen3-Coder-30B-A3B-Instruct-FP8
    default_block_size: 64
    skip_invalid_files: true
    trace_idle_gap_cap_seconds: 10.0
    max_wait_ms: 10000
    datagen_workers: 8
  conversation_replay: null
  visionarena: null
  synthetic_agentic: null
  use_chat_template: false
load:
  type: trace_session_replay
  interval: 1.0
  stages:
  - !!python/object:inference_perf.config.loadgen.config.TraceSessionReplayLoadStage
    __dict__:
      concurrent_sessions: 256
      session_rate: null
      num_sessions: null
      timeout: 2700.0
    __pydantic_extra__: null
    __pydantic_fields_set__: !!set
      timeout: null
      concurrent_sessions: null
    __pydantic_private__: null
  sweep: null
  num_workers: 24
  worker_max_concurrency: 100
  worker_max_tcp_connections: 2500
  trace: null
  circuit_breakers: []
  request_timeout: 1900
  request_retries: 0
  request_retry_backoff_sec: 0.5
  stage_teardown_grace_seconds: 120.0
  lora_traffic_split: null
  base_seed: 20260915
metrics: null
report:
  request_lifecycle:
    summary: true
    per_stage: true
    per_request: true
    per_request_fields:
      request: false
      response: false
      info: true
      response_chunks: false
      computed_metrics: true
    per_adapter: true
    per_adapter_stage: false
    percentiles:
    - 0.1
    - 1.0
    - 5.0
    - 10.0
    - 25.0
    - 50.0
    - 75.0
    - 90.0
    - 95.0
    - 99.0
    - 99.9
    use_server_output_tokens: true
    max_error_messages: 100
  prometheus:
    summary: true
    per_stage: false
  session_lifecycle:
    summary: true
    per_stage: true
    per_session: false
  goodput: null
storage:
  local_storage:
    path: /results/report
    report_file_prefix: null
  google_cloud_storage: null
  simple_storage_service: null
server:
  type: vllm
  model_name: Qwen/Qwen3-Coder-30B-A3B-Instruct-FP8
  base_url: http://thunder-lane-c-epp:80
tokenizer:
  pretrained_model_name_or_path: Qwen/Qwen3-Coder-30B-A3B-Instruct-FP8
circuit_breakers: null


2026-09-30 13:30:28,910 - inference_perf.client.filestorage.local - INFO - Report files will be stored at: /results/report
2026-09-30 13:30:28,910 - inference_perf.utils.custom_tokenizer - INFO - Loading tokenizer 'Qwen/Qwen3-Coder-30B-A3B-Instruct-FP8'
2026-09-30 13:30:29,016 - httpx - INFO - HTTP Request: GET https://huggingface.co/api/agent-harnesses "HTTP/1.1 200 OK"
2026-09-30 13:30:29,068 - httpx - INFO - HTTP Request: HEAD https://huggingface.co/Qwen/Qwen3-Coder-30B-A3B-Instruct-FP8/resolve/main/config.json "HTTP/1.1 307 Temporary Redirect"
2026-09-30 13:30:29,085 - httpx - INFO - HTTP Request: HEAD https://huggingface.co/api/resolve-cache/models/Qwen/Qwen3-Coder-30B-A3B-Instruct-FP8/dcaee4d4dfc5ee71ad501f01f530e5652438fde0/config.json "HTTP/1.1 200 OK"
2026-09-30 13:30:29,101 - httpx - INFO - HTTP Request: GET https://huggingface.co/api/resolve-cache/models/Qwen/Qwen3-Coder-30B-A3B-Instruct-FP8/dcaee4d4dfc5ee71ad501f01f530e5652438fde0/config.json "HTTP/1.1 200 OK"
2026-09-30 13:30:29,168 - httpx - INFO - HTTP Request: HEAD https://huggingface.co/Qwen/Qwen3-Coder-30B-A3B-Instruct-FP8/resolve/main/tokenizer_config.json "HTTP/1.1 307 Temporary Redirect"
2026-09-30 13:30:29,184 - httpx - INFO - HTTP Request: HEAD https://huggingface.co/api/resolve-cache/models/Qwen/Qwen3-Coder-30B-A3B-Instruct-FP8/dcaee4d4dfc5ee71ad501f01f530e5652438fde0/tokenizer_config.json "HTTP/1.1 200 OK"
2026-09-30 13:30:29,202 - httpx - INFO - HTTP Request: GET https://huggingface.co/api/resolve-cache/models/Qwen/Qwen3-Coder-30B-A3B-Instruct-FP8/dcaee4d4dfc5ee71ad501f01f530e5652438fde0/tokenizer_config.json "HTTP/1.1 200 OK"
2026-09-30 13:30:29,255 - httpx - INFO - HTTP Request: GET https://huggingface.co/api/models/Qwen/Qwen3-Coder-30B-A3B-Instruct-FP8/tree/main/additional_chat_templates?recursive=false&expand=false "HTTP/1.1 404 Not Found"
2026-09-30 13:30:29,305 - httpx - INFO - HTTP Request: GET https://huggingface.co/api/models/Qwen/Qwen3-Coder-30B-A3B-Instruct-FP8/tree/main?recursive=true&expand=false "HTTP/1.1 200 OK"
2026-09-30 13:30:29,355 - httpx - INFO - HTTP Request: HEAD https://huggingface.co/Qwen/Qwen3-Coder-30B-A3B-Instruct-FP8/resolve/main/vocab.json "HTTP/1.1 307 Temporary Redirect"
2026-09-30 13:30:29,370 - httpx - INFO - HTTP Request: HEAD https://huggingface.co/api/resolve-cache/models/Qwen/Qwen3-Coder-30B-A3B-Instruct-FP8/dcaee4d4dfc5ee71ad501f01f530e5652438fde0/vocab.json "HTTP/1.1 200 OK"
2026-09-30 13:30:29,388 - httpx - INFO - HTTP Request: GET https://huggingface.co/api/resolve-cache/models/Qwen/Qwen3-Coder-30B-A3B-Instruct-FP8/dcaee4d4dfc5ee71ad501f01f530e5652438fde0/vocab.json "HTTP/1.1 200 OK"
2026-09-30 13:30:29,511 - httpx - INFO - HTTP Request: HEAD https://huggingface.co/Qwen/Qwen3-Coder-30B-A3B-Instruct-FP8/resolve/main/merges.txt "HTTP/1.1 307 Temporary Redirect"
2026-09-30 13:30:29,526 - httpx - INFO - HTTP Request: HEAD https://huggingface.co/api/resolve-cache/models/Qwen/Qwen3-Coder-30B-A3B-Instruct-FP8/dcaee4d4dfc5ee71ad501f01f530e5652438fde0/merges.txt "HTTP/1.1 200 OK"
2026-09-30 13:30:29,542 - httpx - INFO - HTTP Request: GET https://huggingface.co/api/resolve-cache/models/Qwen/Qwen3-Coder-30B-A3B-Instruct-FP8/dcaee4d4dfc5ee71ad501f01f530e5652438fde0/merges.txt "HTTP/1.1 200 OK"
2026-09-30 13:30:29,608 - httpx - INFO - HTTP Request: HEAD https://huggingface.co/Qwen/Qwen3-Coder-30B-A3B-Instruct-FP8/resolve/main/tokenizer.json "HTTP/1.1 302 Found"
2026-09-30 13:30:30,278 - httpx - INFO - HTTP Request: HEAD https://huggingface.co/Qwen/Qwen3-Coder-30B-A3B-Instruct-FP8/resolve/main/added_tokens.json "HTTP/1.1 404 Not Found"
2026-09-30 13:30:30,337 - httpx - INFO - HTTP Request: HEAD https://huggingface.co/Qwen/Qwen3-Coder-30B-A3B-Instruct-FP8/resolve/main/special_tokens_map.json "HTTP/1.1 404 Not Found"
2026-09-30 13:30:30,386 - httpx - INFO - HTTP Request: HEAD https://huggingface.co/Qwen/Qwen3-Coder-30B-A3B-Instruct-FP8/resolve/main/chat_template.jinja "HTTP/1.1 307 Temporary Redirect"
2026-09-30 13:30:30,402 - httpx - INFO - HTTP Request: HEAD https://huggingface.co/api/resolve-cache/models/Qwen/Qwen3-Coder-30B-A3B-Instruct-FP8/dcaee4d4dfc5ee71ad501f01f530e5652438fde0/chat_template.jinja "HTTP/1.1 200 OK"
2026-09-30 13:30:30,418 - httpx - INFO - HTTP Request: GET https://huggingface.co/api/resolve-cache/models/Qwen/Qwen3-Coder-30B-A3B-Instruct-FP8/dcaee4d4dfc5ee71ad501f01f530e5652438fde0/chat_template.jinja "HTTP/1.1 200 OK"
2026-09-30 13:30:30,969 - httpx - INFO - HTTP Request: GET https://huggingface.co/api/models/Qwen/Qwen3-Coder-30B-A3B-Instruct-FP8 "HTTP/1.1 200 OK"
2026-09-30 13:30:30,971 - inference_perf.utils.custom_tokenizer - INFO - Loading tokenizer 'Qwen/Qwen3-Coder-30B-A3B-Instruct-FP8'
2026-09-30 13:30:31,023 - httpx - INFO - HTTP Request: HEAD https://huggingface.co/Qwen/Qwen3-Coder-30B-A3B-Instruct-FP8/resolve/main/config.json "HTTP/1.1 307 Temporary Redirect"
2026-09-30 13:30:31,038 - httpx - INFO - HTTP Request: HEAD https://huggingface.co/api/resolve-cache/models/Qwen/Qwen3-Coder-30B-A3B-Instruct-FP8/dcaee4d4dfc5ee71ad501f01f530e5652438fde0/config.json "HTTP/1.1 200 OK"
2026-09-30 13:30:31,087 - httpx - INFO - HTTP Request: HEAD https://huggingface.co/Qwen/Qwen3-Coder-30B-A3B-Instruct-FP8/resolve/main/tokenizer_config.json "HTTP/1.1 307 Temporary Redirect"
2026-09-30 13:30:31,103 - httpx - INFO - HTTP Request: HEAD https://huggingface.co/api/resolve-cache/models/Qwen/Qwen3-Coder-30B-A3B-Instruct-FP8/dcaee4d4dfc5ee71ad501f01f530e5652438fde0/tokenizer_config.json "HTTP/1.1 200 OK"
2026-09-30 13:30:31,152 - httpx - INFO - HTTP Request: GET https://huggingface.co/api/models/Qwen/Qwen3-Coder-30B-A3B-Instruct-FP8/tree/main/additional_chat_templates?recursive=false&expand=false "HTTP/1.1 404 Not Found"
2026-09-30 13:30:31,203 - httpx - INFO - HTTP Request: GET https://huggingface.co/api/models/Qwen/Qwen3-Coder-30B-A3B-Instruct-FP8/tree/main?recursive=true&expand=false "HTTP/1.1 200 OK"
2026-09-30 13:30:31,745 - httpx - INFO - HTTP Request: GET https://huggingface.co/api/models/Qwen/Qwen3-Coder-30B-A3B-Instruct-FP8 "HTTP/1.1 200 OK"
2026-09-30 13:30:31,801 - inference_perf.datagen.replay.weka_trace_replay_datagen - INFO - Loaded prompt corpus from: /workspace/inference_perf/assets/shakespeare.txt (5020475 chars)
[transformers] Token indices sequence length is longer than the specified maximum sequence length for this model (1306158 > 1048576). Running this sequence through the model will result in indexing errors
2026-09-30 13:30:42,321 - inference_perf.datagen.replay.weka_trace_replay_datagen - INFO - Building replay sessions for 338 traces with 8 processes
2026-09-30 13:31:27,318 - inference_perf.datagen.replay.weka_trace_replay_datagen - INFO - Built 338 replay sessions from 338 traces in 45.0s
2026-09-30 13:31:27,568 - inference_perf.datagen.replay.replay_graph_session_datagen - INFO - Built replay schedule: 31527 events across 338 sessions (eager)
2026-09-30 13:31:28,957 - inference_perf.loadgen.load_generator - INFO - Stage 0 - session-based run started
2026-09-30 13:31:28,958 - inference_perf.loadgen.load_generator - INFO - Session pool: concurrent_sessions=256, session_rate=None, timeout=2700.0, num_sessions=338 (corpus offset 0), total_sessions=338
2026-09-30 13:31:28,959 - inference_perf.datagen.replay.replay_graph_session_datagen - INFO - Dispatching session wekatrace174_924cdbd835a5567b0cca1484ce60e90e9f4f: 37 events
2026-09-30 13:31:28,962 - inference_perf.datagen.replay.replay_graph_session_datagen - INFO - Dispatching session wekatrace64_3607a64644d8b639c63ffcccc098344759e6: 46 events
2026-09-30 13:31:28,963 - inference_perf.datagen.replay.replay_graph_session_datagen - INFO - Dispatching session wekatrace147_80559b9e10b09ee2d9303acaecceb4d99895: 128 events
2026-09-30 13:31:28,970 - inference_perf.datagen.replay.replay_graph_session_datagen - INFO - Dispatching session wekatrace116_6601daa3865dae62024a519b66636afcc03e: 71 events
2026-09-30 13:31:28,974 - inference_perf.datagen.replay.replay_graph_session_datagen - INFO - Dispatching session wekatrace231_b86fab2bba76fbd063c04296cdd2eeee453e: 365 events
2026-09-30 13:31:28,978 - inference_perf.datagen.replay.replay_graph_session_datagen - INFO - Dispatching session wekatrace132_76ef82400a03738d4f138b163f1890a881c9: 266 events
2026-09-30 13:31:29,328 - inference_perf.datagen.replay.replay_graph_session_datagen - INFO - Dispatching session wekatrace319_f17d741a05b67f9d50934ca8468d18aa7922: 168 events
2026-09-30 13:31:29,329 - inference_perf.datagen.replay.replay_graph_session_datagen - INFO - Dispatching session wekatrace2_03be8f1eb1e9e620f46bd07068d6ab1aaae3: 27 events
2026-09-30 13:31:29,333 - inference_perf.datagen.replay.replay_graph_session_datagen - INFO - Dispatching session wekatrace24_14933d8a4190c45ac8fbd21183bba9469140: 27 events
2026-09-30 13:31:29,334 - inference_perf.datagen.replay.replay_graph_session_datagen - INFO - Dispatching session wekatrace191_a0edf077d076924c775d4da6377c2c4dc73a: 151 events
2026-09-30 13:31:29,340 - inference_perf.datagen.replay.replay_graph_session_datagen - INFO - Dispatching session wekatrace197_a3508fe56ade726a9b9118414362d2ead56d: 93 events
2026-09-30 13:31:29,341 - inference_perf.datagen.replay.replay_graph_session_datagen - INFO - Dispatching session wekatrace278_d4bd5e4015963744e0e1ea592da1594a9d13: 25 events
2026-09-30 13:31:29,342 - inference_perf.datagen.replay.replay_graph_session_datagen - INFO - Dispatching session wekatrace205_a8579208ea25d6f401207257139b163ec48d: 100 events
2026-09-30 13:31:29,343 - inference_perf.datagen.replay.replay_graph_session_datagen - INFO - Dispatching session wekatrace323_f33eebc1ce22a17f6d2bf9641b31547eb762: 33 events
2026-09-30 13:31:29,344 - inference_perf.datagen.replay.replay_graph_session_datagen - INFO - Dispatching session wekatrace257_ca33d363f81e07f21c193285db6d0ad9e4a6: 133 events
2026-09-30 13:31:29,345 - inference_perf.datagen.replay.replay_graph_session_datagen - INFO - Dispatching session wekatrace213_ac368b0d9027e56c38e5f55b9895dfc01abd: 24 events
2026-09-30 13:31:29,345 - inference_perf.datagen.replay.replay_graph_session_datagen - INFO - Dispatching session wekatrace83_47f2ae8a81c8db82b4cd4883b8dd4c531c93: 78 events
2026-09-30 13:31:29,346 - inference_perf.datagen.replay.replay_graph_session_datagen - INFO - Dispatching session wekatrace149_840ebb479056e12a852d3b7f827b8e09db55: 34 events
2026-09-30 13:31:29,346 - inference_perf.datagen.replay.replay_graph_session_datagen - INFO - Dispatching session wekatrace18_0da3a3bea6f3559a2eff4114839b328dad53: 18 events
2026-09-30 13:31:29,346 - inference_perf.datagen.replay.replay_graph_session_datagen - INFO - Dispatching session wekatrace181_999eea8a292a67475f955dd8f074dd4e413e: 81 events
2026-09-30 13:31:29,355 - inference_perf.datagen.replay.replay_graph_session_datagen - INFO - Dispatching session wekatrace118_663eae6f100daddf13cdf54c8e5f9622151d: 104 events
2026-09-30 13:31:29,356 - inference_perf.datagen.replay.replay_graph_session_datagen - INFO - Dispatching session wekatrace198_a42188fc362bde2410050ff0e6a8b267ed8a: 34 events
2026-09-30 13:31:29,358 - inference_perf.datagen.replay.replay_graph_session_datagen - INFO - Dispatching session wekatrace250_c3724708e826240f49026f58025d3829dcba: 117 events
2026-09-30 13:31:29,359 - inference_perf.datagen.replay.replay_graph_session_datagen - INFO - Dispatching session wekatrace333_fabd95c42f988d51e6c96ae9472bc7f69860: 170 events
2026-09-30 13:31:29,360 - inference_perf.datagen.replay.replay_graph_session_datagen - INFO - Dispatching session wekatrace220_af60ae862f19d091b7d8a3e5fa8b570abe2a: 69 events
2026-09-30 13:31:29,361 - inference_perf.datagen.replay.replay_graph_session_datagen - INFO - Dispatching session wekatrace55_2df1b153c477169c8ab4ecd9e917ccaa3dba: 324 events
2026-09-30 13:31:29,364 - inference_perf.datagen.replay.replay_graph_session_datagen - INFO - Dispatching session wekatrace17_0d9c99c3f96c2bcac0f9dec0987d5f411bcd: 83 events
2026-09-30 13:31:29,371 - inference_perf.datagen.replay.replay_graph_session_datagen - INFO - Dispatching session wekatrace37_217743dd65170f329ffbd58d974e6ef6ef83: 23 events
2026-09-30 13:31:29,373 - inference_perf.datagen.replay.replay_graph_session_datagen - INFO - Dispatching session wekatrace185_9df3a40cb25de2b1dd07169a4b117fe17e0e: 139 events
2026-09-30 13:31:29,374 - inference_perf.datagen.replay.replay_graph_session_datagen - INFO - Dispatching session wekatrace86_49ffa26d794d34ba3c66358e1d781b9f3c9c: 25 events
2026-09-30 13:31:29,377 - inference_perf.datagen.replay.replay_graph_session_datagen - INFO - Dispatching session wekatrace194_a1fc1985dc2bfdfc6b1a28b15e7eba9f8773: 23 events
2026-09-30 13:31:29,377 - inference_perf.datagen.replay.replay_graph_session_datagen - INFO - Dispatching session wekatrace239_bdbbd8a7870c5771cbf80d8c2b576e3a2526: 27 events
2026-09-30 13:31:29,377 - inference_perf.datagen.replay.replay_graph_session_datagen - INFO - Dispatching session wekatrace203_a69c007390941a32982d30eaa04e2d9da18c: 225 events
2026-09-30 13:31:29,379 - inference_perf.datagen.replay.replay_graph_session_datagen - INFO - Dispatching session wekatrace54_2de8538029066d95b4ff113d5750eb403cb7: 221 events
2026-09-30 13:31:29,388 - inference_perf.datagen.replay.replay_graph_session_datagen - INFO - Dispatching session wekatrace26_1770548ae8e30555e62d6d6296c0166d6074: 38 events
2026-09-30 13:31:29,388 - inference_perf.datagen.replay.replay_graph_session_datagen - INFO - Dispatching session wekatrace139_7ae0ab568310f5459008be618a9f711bc2be: 55 events
2026-09-30 13:31:29,389 - inference_perf.datagen.replay.replay_graph_session_datagen - INFO - Dispatching session wekatrace146_8044cd33fd7815ac1a4f0aaeae9e2eaa7509: 21 events
2026-09-30 13:31:29,390 - inference_perf.datagen.replay.replay_graph_session_datagen - INFO - Dispatching session wekatrace240_bdf8b214663bf985becdb49d48c7d002b62b: 41 events
2026-09-30 13:31:29,390 - inference_perf.datagen.replay.replay_graph_session_datagen - INFO - Dispatching session wekatrace306_e8621fca4d3bf2379a245fa0e50013d4d863: 22 events
2026-09-30 13:31:29,390 - inference_perf.datagen.replay.replay_graph_session_datagen - INFO - Dispatching session wekatrace224_b179aeed059d7652622a64954d0331ce68fd: 33 events
2026-09-30 13:31:29,391 - inference_perf.datagen.replay.replay_graph_session_datagen - INFO - Dispatching session wekatrace163_8e1a61685e99ae7d274a5b2b23ee761076d7: 73 events
2026-09-30 13:31:29,391 - inference_perf.datagen.replay.replay_graph_session_datagen - INFO - Dispatching session wekatrace283_d7f31968de8975996048824bdc2a097eb6cb: 181 events
2026-09-30 13:31:29,393 - inference_perf.datagen.replay.replay_graph_session_datagen - INFO - Dispatching session wekatrace39_263134ce70d475337deb473aadc255479210: 63 events
2026-09-30 13:31:29,394 - inference_perf.datagen.replay.replay_graph_session_datagen - INFO - Dispatching session wekatrace10_095a5152ab8fc1cdc847612872a01525cd1b: 91 events
2026-09-30 13:31:29,395 - inference_perf.datagen.replay.replay_graph_session_datagen - INFO - Dispatching session wekatrace183_9b3bbac0341e3f179e66e73a1f84f26b62b6: 57 events
2026-09-30 13:31:29,395 - inference_perf.datagen.replay.replay_graph_session_datagen - INFO - Dispatching session wekatrace120_66eca77264acd8d1c1e95da8065f3e726e8c: 40 events
2026-09-30 13:31:29,395 - inference_perf.datagen.replay.replay_graph_session_datagen - INFO - Dispatching session wekatrace334_fe1aaa31badf4f218622e630f7c002dcbc18: 131 events
2026-09-30 13:31:29,397 - inference_perf.datagen.replay.replay_graph_session_datagen - INFO - Dispatching session wekatrace193_a1bfbc403e0ae7ae35051047b2230c978e1f: 352 events
2026-09-30 13:31:29,405 - inference_perf.datagen.replay.replay_graph_session_datagen - INFO - Dispatching session wekatrace324_f3852e8ca1ac3887151243be3467e483d725: 63 events
2026-09-30 13:31:29,405 - inference_perf.datagen.replay.replay_graph_session_datagen - INFO - Dispatching session wekatrace247_c0e1ecfc9e7108c799ebc6558042d892b1a5: 50 events
2026-09-30 13:31:29,406 - inference_perf.datagen.replay.replay_graph_session_datagen - INFO - Dispatching session wekatrace44_27bf77bcaaf2b6d2210bdbdab4934348f322: 30 events
2026-09-30 13:31:29,406 - inference_perf.datagen.replay.replay_graph_session_datagen - INFO - Dispatching session wekatrace57_300134008d4cc98f288179ea9dd9314f140c: 57 events
2026-09-30 13:31:29,407 - inference_perf.datagen.replay.replay_graph_session_datagen - INFO - Dispatching session wekatrace280_d4ecfcf5989d3eee18eec421184389148aa4: 31 events
2026-09-30 13:31:29,412 - inference_perf.datagen.replay.replay_graph_session_datagen - INFO - Dispatching session wekatrace315_f00e5dd80060aadcdd51f987a767800dab73: 253 events
2026-09-30 13:31:29,415 - inference_perf.datagen.replay.replay_graph_session_datagen - INFO - Dispatching session wekatrace305_e6d72440992899f6329ab4974985e3a43db4: 139 events
2026-09-30 13:31:29,416 - inference_perf.datagen.replay.replay_graph_session_datagen - INFO - Dispatching session wekatrace131_760634f36fb9e0e04dd81f3355ce8738c842: 33 events
2026-09-30 13:31:29,417 - inference_perf.datagen.replay.replay_graph_session_datagen - INFO - Dispatching session wekatrace88_4b5b583d4736a4399d3e5222be38f78d80c8: 160 events
2026-09-30 13:31:29,427 - inference_perf.datagen.replay.replay_graph_session_datagen - INFO - Dispatching session wekatrace259_caab1fdac91bcd159e3abb0606dd85c97f41: 24 events
2026-09-30 13:31:29,428 - inference_perf.datagen.replay.replay_graph_session_datagen - INFO - Dispatching session wekatrace331_f81ed47b5437c65860a614f86695c35ba363: 27 events
2026-09-30 13:31:29,428 - inference_perf.datagen.replay.replay_graph_session_datagen - INFO - Dispatching session wekatrace89_4b5c653bebf2b1a49753fd5919f8c14a29ae: 137 events
2026-09-30 13:31:29,430 - inference_perf.datagen.replay.replay_graph_session_datagen - INFO - Dispatching session wekatrace218_ae38ae775e168171b2d7513c1c7dee412a2b: 69 events
2026-09-30 13:31:29,430 - inference_perf.datagen.replay.replay_graph_session_datagen - INFO - Dispatching session wekatrace133_76f66f1802d3f394d05477f8decd4386f512: 49 events
2026-09-30 13:31:29,431 - inference_perf.datagen.replay.replay_graph_session_datagen - INFO - Dispatching session wekatrace189_9f20e7ac308c284e5218e06abb1e59c04c2e: 72 events
2026-09-30 13:31:29,435 - inference_perf.datagen.replay.replay_graph_session_datagen - INFO - Dispatching session wekatrace173_91ad17460dcb2ac7c54ef37a45507e8d5e4e: 139 events
2026-09-30 13:31:29,436 - inference_perf.datagen.replay.replay_graph_session_datagen - INFO - Dispatching session wekatrace321_f25cdaf2290264e23187558d177f96ca00dd: 146 events
2026-09-30 13:31:29,438 - inference_perf.datagen.replay.replay_graph_session_datagen - INFO - Dispatching session wekatrace112_5f0d3b0b3bf6d4954364ce0991f77e473a42: 108 events
2026-09-30 13:31:29,439 - inference_perf.datagen.replay.replay_graph_session_datagen - INFO - Dispatching session wekatrace97_5205240fa8f546d231b220f7b82e394dcd79: 35 events
2026-09-30 13:31:29,442 - inference_perf.datagen.replay.replay_graph_session_datagen - INFO - Dispatching session wekatrace227_b3975a6a874ca7e6789ac3364731e500146f: 121 events
2026-09-30 13:31:29,443 - inference_perf.datagen.replay.replay_graph_session_datagen - INFO - Dispatching session wekatrace294_e29f4e0501d4d5060c0594fc09175936ba1f: 66 events
2026-09-30 13:31:29,443 - inference_perf.datagen.replay.replay_graph_session_datagen - INFO - Dispatching session wekatrace175_95779044cc58023c929e52070a6df2cf2b91: 97 events
2026-09-30 13:31:29,444 - inference_perf.datagen.replay.replay_graph_session_datagen - INFO - Dispatching session wekatrace60_331adc4fafe640bd88b0f985d795b2a401fc: 100 events
2026-09-30 13:31:29,445 - inference_perf.datagen.replay.replay_graph_session_datagen - INFO - Dispatching session wekatrace145_7f7d606bf00e14f644cdbd3f018b3f69378d: 143 events
2026-09-30 13:31:29,446 - inference_perf.datagen.replay.replay_graph_session_datagen - INFO - Dispatching session wekatrace71_3eaabf7d2b95305a97f5da28d76bd8703c70: 30 events
2026-09-30 13:31:29,447 - inference_perf.datagen.replay.replay_graph_session_datagen - INFO - Dispatching session wekatrace248_c14d470c05bfa470de9004b38c3d34eb9267: 128 events
2026-09-30 13:31:29,448 - inference_perf.datagen.replay.replay_graph_session_datagen - INFO - Dispatching session wekatrace245_c03e35003893d05b83ddec10c77f479d5f04: 42 events
2026-09-30 13:31:29,448 - inference_perf.datagen.replay.replay_graph_session_datagen - INFO - Dispatching session wekatrace268_d1148414f9bc0a6280b42d3e4ba2dc9b53a3: 129 events
2026-09-30 13:31:29,450 - inference_perf.datagen.replay.replay_graph_session_datagen - INFO - Dispatching session wekatrace12_09c188c8b9201ec2046cc2df702623fef33e: 60 events
2026-09-30 13:31:29,450 - inference_perf.datagen.replay.replay_graph_session_datagen - INFO - Dispatching session wekatrace79_4478fb9a56bffd5bbd98ff44475608113f41: 122 events
2026-09-30 13:31:29,452 - inference_perf.datagen.replay.replay_graph_session_datagen - INFO - Dispatching session wekatrace21_116cb8d945f9d0810e788e51e3744adaab74: 23 events
2026-09-30 13:31:29,452 - inference_perf.datagen.replay.replay_graph_session_datagen - INFO - Dispatching session wekatrace98_52e8a29ecc05a5bc74fec73a49fa0ea0c6e5: 106 events
2026-09-30 13:31:29,453 - inference_perf.datagen.replay.replay_graph_session_datagen - INFO - Dispatching session wekatrace265_cf870339ff35290d4c4df5bc5cc4d9431b92: 77 events
2026-09-30 13:31:29,453 - inference_perf.datagen.replay.replay_graph_session_datagen - INFO - Dispatching session wekatrace236_b9952b717179fe28e9e3fa258c531e5d05ef: 285 events
2026-09-30 13:31:29,456 - inference_perf.datagen.replay.replay_graph_session_datagen - INFO - Dispatching session wekatrace136_79195953f2b41ecedb809ab4eb5ad2559a16: 244 events
2026-09-30 13:31:29,458 - inference_perf.datagen.replay.replay_graph_session_datagen - INFO - Dispatching session wekatrace258_ca8c494fa282db0e4bb1bc59b339e8071a85: 21 events
2026-09-30 13:31:29,458 - inference_perf.datagen.replay.replay_graph_session_datagen - INFO - Dispatching session wekatrace269_d1e9dc549473defa20175f9d1a8375b098c9: 25 events
2026-09-30 13:31:29,459 - inference_perf.datagen.replay.replay_graph_session_datagen - INFO - Dispatching session wekatrace96_50a90c78c331d870bee11b87bb240f00d9ee: 73 events
2026-09-30 13:31:29,459 - inference_perf.datagen.replay.replay_graph_session_datagen - INFO - Dispatching session wekatrace171_912f15fcd1728b9686d342f07571b5c833a6: 321 events
2026-09-30 13:31:29,462 - inference_perf.datagen.replay.replay_graph_session_datagen - INFO - Dispatching session wekatrace159_8a40e1e0fd4408fd008f69ba3169f079912b: 78 events
2026-09-30 13:31:29,463 - inference_perf.datagen.replay.replay_graph_session_datagen - INFO - Dispatching session wekatrace219_ae61ad714c0dbc6eee31ebd673bddd3e6f6f: 322 events
2026-09-30 13:31:29,466 - inference_perf.datagen.replay.replay_graph_session_datagen - INFO - Dispatching session wekatrace87_4ab6db64fcc354375b87b219764a9cbc5aa3: 32 events
2026-09-30 13:31:29,467 - inference_perf.datagen.replay.replay_graph_session_datagen - INFO - Dispatching session wekatrace201_a51cdf5df5c9687d77a573b19a228728e45b: 41 events
2026-09-30 13:31:29,467 - inference_perf.datagen.replay.replay_graph_session_datagen - INFO - Dispatching session wekatrace138_792a769fe13dd05abd68d240f774472e5340: 28 events
2026-09-30 13:31:29,474 - inference_perf.datagen.replay.replay_graph_session_datagen - INFO - Dispatching session wekatrace316_f02519b0a1c78d3e61c31d06b41c518d827e: 116 events
2026-09-30 13:31:29,474 - inference_perf.datagen.replay.replay_graph_session_datagen - INFO - Dispatching session wekatrace15_0c70490e175492606971b6979cfbef9c094f: 47 events
2026-09-30 13:31:29,475 - inference_perf.datagen.replay.replay_graph_session_datagen - INFO - Dispatching session wekatrace67_3b87c0e23861fdc2e2351fbe9c7f69668069: 113 events
2026-09-30 13:31:29,476 - inference_perf.datagen.replay.replay_graph_session_datagen - INFO - Dispatching session wekatrace184_9caaf8d22b815d8ec8e90b120f057906a81d: 28 events
2026-09-30 13:31:29,476 - inference_perf.datagen.replay.replay_graph_session_datagen - INFO - Dispatching session wekatrace182_9a47a25e8bb87492c599e8f1139c3333956e: 43 events
2026-09-30 13:31:29,482 - inference_perf.datagen.replay.replay_graph_session_datagen - INFO - Dispatching session wekatrace273_d2cb3ab225bf904aad72203cf7e904b90432: 23 events
2026-09-30 13:31:29,482 - inference_perf.datagen.replay.replay_graph_session_datagen - INFO - Dispatching session wekatrace195_a258646b7b14707796583cb63732cb145d23: 360 events
2026-09-30 13:31:29,485 - inference_perf.datagen.replay.replay_graph_session_datagen - INFO - Dispatching session wekatrace70_3d3bd73c61922b4c3c9833ee94391f3a728a: 58 events
2026-09-30 13:31:29,486 - inference_perf.datagen.replay.replay_graph_session_datagen - INFO - Dispatching session wekatrace124_7053adfcfbb77d730e5790ff46de93c461eb: 97 events
2026-09-30 13:31:29,487 - inference_perf.datagen.replay.replay_graph_session_datagen - INFO - Dispatching session wekatrace187_9e74ad6f4f9be07727dd4586eb936301298a: 49 events
2026-09-30 13:31:29,487 - inference_perf.datagen.replay.replay_graph_session_datagen - INFO - Dispatching session wekatrace289_de9c8c5feff1c38c78bc80a3bca9ba153f1a: 63 events
2026-09-30 13:31:29,488 - inference_perf.datagen.replay.replay_graph_session_datagen - INFO - Dispatching session wekatrace119_6655cd019b86440a42e54d1024c79673c919: 94 events
2026-09-30 13:31:29,488 - inference_perf.datagen.replay.replay_graph_session_datagen - INFO - Dispatching session wekatrace242_be8cbe86fa39534cb8534bf53f4d79fec596: 27 events
2026-09-30 13:31:29,489 - inference_perf.datagen.replay.replay_graph_session_datagen - INFO - Dispatching session wekatrace103_56d419682c5e52c26fe72210877eabb70359: 300 events
2026-09-30 13:31:29,491 - inference_perf.datagen.replay.replay_graph_session_datagen - INFO - Dispatching session wekatrace113_60f80e6bffe54ed25eb7eea307649a8fdf06: 31 events
2026-09-30 13:31:29,491 - inference_perf.datagen.replay.replay_graph_session_datagen - INFO - Dispatching session wekatrace16_0d75185d4e958ad360c16451eaa95d508edf: 210 events
2026-09-30 13:31:29,494 - inference_perf.datagen.replay.replay_graph_session_datagen - INFO - Dispatching session wekatrace92_4d9a5d6076d2e738ba1c7531c8405acffb2a: 86 events
2026-09-30 13:31:29,500 - inference_perf.datagen.replay.replay_graph_session_datagen - INFO - Dispatching session wekatrace1_01fece675b92efe07620225cd69c3884f774: 28 events
2026-09-30 13:31:29,501 - inference_perf.datagen.replay.replay_graph_session_datagen - INFO - Dispatching session wekatrace223_b0d0355c29b9b267314c792b9555936f01d6: 48 events
2026-09-30 13:31:29,501 - inference_perf.datagen.replay.replay_graph_session_datagen - INFO - Dispatching session wekatrace274_d32116118ad8f4cb101915fe12a273e6e13a: 25 events
2026-09-30 13:31:29,501 - inference_perf.datagen.replay.replay_graph_session_datagen - INFO - Dispatching session wekatrace93_4de7af6e9af97b3da8ebcf2817362fbfebc0: 102 events
2026-09-30 13:31:29,502 - inference_perf.datagen.replay.replay_graph_session_datagen - INFO - Dispatching session wekatrace11_09a5d415a7157ed48a5a6fa2711f2d8565c1: 243 events
2026-09-30 13:31:29,504 - inference_perf.datagen.replay.replay_graph_session_datagen - INFO - Dispatching session wekatrace91_4d31a8c14c39af1c31a386144a00b042397d: 37 events
2026-09-30 13:31:29,504 - inference_perf.datagen.replay.replay_graph_session_datagen - INFO - Dispatching session wekatrace179_994eeb65edeb127ae7995d0817105c91c361: 24 events
2026-09-30 13:31:29,505 - inference_perf.datagen.replay.replay_graph_session_datagen - INFO - Dispatching session wekatrace255_c8ad4fa8b80abe7fe8c9ad94541541e5f30f: 36 events
2026-09-30 13:31:29,505 - inference_perf.datagen.replay.replay_graph_session_datagen - INFO - Dispatching session wekatrace176_965b5be429f249d627b6c01870beab5eb252: 55 events
2026-09-30 13:31:29,506 - inference_perf.datagen.replay.replay_graph_session_datagen - INFO - Dispatching session wekatrace110_5b63c2aa30f153add9bf20ba1a7fcbb78a7c: 33 events
2026-09-30 13:31:29,506 - inference_perf.datagen.replay.replay_graph_session_datagen - INFO - Dispatching session wekatrace49_2b971773e1889a7692523d5cc0a78a0361cb: 43 events
2026-09-30 13:31:29,506 - inference_perf.datagen.replay.replay_graph_session_datagen - INFO - Dispatching session wekatrace100_5513272a824aa3ac37c175bb4b8e4ccf821f: 161 events
2026-09-30 13:31:29,508 - inference_perf.datagen.replay.replay_graph_session_datagen - INFO - Dispatching session wekatrace266_d0ba3f3cf4f0f42e6087d3a6d3569fd4a3ba: 48 events
2026-09-30 13:31:29,508 - inference_perf.datagen.replay.replay_graph_session_datagen - INFO - Dispatching session wekatrace126_72ecc38f835b767dffb42e14f1e35159520b: 235 events
2026-09-30 13:31:29,510 - inference_perf.datagen.replay.replay_graph_session_datagen - INFO - Dispatching session wekatrace314_ef1c394f9e17da77dcb5bd5e36ed4db0c6a2: 253 events
2026-09-30 13:31:29,515 - inference_perf.datagen.replay.replay_graph_session_datagen - INFO - Dispatching session wekatrace277_d4658b2f25092064e10cb5bbe11b34cc0ea7: 173 events
2026-09-30 13:31:29,516 - inference_perf.datagen.replay.replay_graph_session_datagen - INFO - Dispatching session wekatrace296_e32037bc5e6b0e117006be07e3e6736ff7b3: 42 events
2026-09-30 13:31:29,517 - inference_perf.datagen.replay.replay_graph_session_datagen - INFO - Dispatching session wekatrace166_8f2283fae5c7f00025b1bb01bad3f14e65c2: 31 events
2026-09-30 13:31:29,517 - inference_perf.datagen.replay.replay_graph_session_datagen - INFO - Dispatching session wekatrace221_afd3f3a1ccdb67fcb1022499a9a507842fad: 32 events
2026-09-30 13:31:29,517 - inference_perf.datagen.replay.replay_graph_session_datagen - INFO - Dispatching session wekatrace254_c77dd8cc2226e8008cadf79ab79b3b3299c6: 22 events
2026-09-30 13:31:29,518 - inference_perf.datagen.replay.replay_graph_session_datagen - INFO - Dispatching session wekatrace180_999cd8f2bf5389b17a4cd0b67dce25046859: 48 events
2026-09-30 13:31:29,518 - inference_perf.datagen.replay.replay_graph_session_datagen - INFO - Dispatching session wekatrace287_dcdb91dea85c2e3a900d5372ead832a944ee: 69 events
2026-09-30 13:31:29,519 - inference_perf.datagen.replay.replay_graph_session_datagen - INFO - Dispatching session wekatrace178_98487e95da7b7251318a1bf4ed04f9c83922: 45 events
2026-09-30 13:31:29,520 - inference_perf.datagen.replay.replay_graph_session_datagen - INFO - Dispatching session wekatrace215_ad2d0707607579ecd99018884c833228434a: 25 events
2026-09-30 13:31:29,520 - inference_perf.datagen.replay.replay_graph_session_datagen - INFO - Dispatching session wekatrace148_814ae6ec34943383bc8ed49ecf99c6816da9: 38 events
2026-09-30 13:31:29,521 - inference_perf.datagen.replay.replay_graph_session_datagen - INFO - Dispatching session wekatrace307_e94b7664aeaa513924f1e5426608b8e88977: 53 events
2026-09-30 13:31:29,521 - inference_perf.datagen.replay.replay_graph_session_datagen - INFO - Dispatching session wekatrace335_fe5ce39a5dc42b851ce91a792d3d628d92c1: 24 events
2026-09-30 13:31:29,525 - inference_perf.datagen.replay.replay_graph_session_datagen - INFO - Dispatching session wekatrace47_2a33d976372a63da5f0fdfe4705e9f7e2a01: 25 events
2026-09-30 13:31:29,525 - inference_perf.datagen.replay.replay_graph_session_datagen - INFO - Dispatching session wekatrace318_f11a8e5c3b44a6345acfabf160e8fc29bb14: 90 events
2026-09-30 13:31:29,526 - inference_perf.datagen.replay.replay_graph_session_datagen - INFO - Dispatching session wekatrace74_40b9e8d2a8419b1139f7cd0fda216cce1387: 31 events
2026-09-30 13:31:29,526 - inference_perf.datagen.replay.replay_graph_session_datagen - INFO - Dispatching session wekatrace291_e084564d4f5a400f78f55a670403189f9118: 21 events
2026-09-30 13:31:29,526 - inference_perf.datagen.replay.replay_graph_session_datagen - INFO - Dispatching session wekatrace23_13762df76dba635a268bf3acbb30bfffed63: 26 events
2026-09-30 13:31:29,527 - inference_perf.datagen.replay.replay_graph_session_datagen - INFO - Dispatching session wekatrace292_e16bc3f555ee6d5e54115256b7a90c9f3377: 32 events
2026-09-30 13:31:29,527 - inference_perf.datagen.replay.replay_graph_session_datagen - INFO - Dispatching session wekatrace311_ecee504cf3f4290c08c5ab163a2cbbad9342: 107 events
2026-09-30 13:31:29,528 - inference_perf.datagen.replay.replay_graph_session_datagen - INFO - Dispatching session wekatrace232_b8d5094dca420ca207f4dcfbcc7b5567f69e: 173 events
2026-09-30 13:31:29,529 - inference_perf.datagen.replay.replay_graph_session_datagen - INFO - Dispatching session wekatrace329_f778fed7b3253560bde80305144b6e81a7ee: 21 events
2026-09-30 13:31:29,529 - inference_perf.datagen.replay.replay_graph_session_datagen - INFO - Dispatching session wekatrace125_7181d2c7411c3b52dddd3926690a0a292ce9: 55 events
2026-09-30 13:31:29,530 - inference_perf.datagen.replay.replay_graph_session_datagen - INFO - Dispatching session wekatrace190_a0e492862f175caaeeb035530a09b57c2a05: 301 events
2026-09-30 13:31:29,532 - inference_perf.datagen.replay.replay_graph_session_datagen - INFO - Dispatching session wekatrace38_219331470ffaa5388ff9d7d8da92f5dc575b: 55 events
2026-09-30 13:31:29,533 - inference_perf.datagen.replay.replay_graph_session_datagen - INFO - Dispatching session wekatrace161_8af31f7082eeb02716b62ab9966e5afc37da: 66 events
2026-09-30 13:31:29,534 - inference_perf.datagen.replay.replay_graph_session_datagen - INFO - Dispatching session wekatrace263_cddb45cf3e7d11a7dfd906159ae64f7d7eb4: 369 events
2026-09-30 13:31:29,538 - inference_perf.datagen.replay.replay_graph_session_datagen - INFO - Dispatching session wekatrace282_d7af8566af906ea3643ae2adaef536c1b243: 250 events
2026-09-30 13:31:29,542 - inference_perf.datagen.replay.replay_graph_session_datagen - INFO - Dispatching session wekatrace249_c29d444bd1308da90ed0801376dc3af67ad6: 96 events
2026-09-30 13:31:29,543 - inference_perf.datagen.replay.replay_graph_session_datagen - INFO - Dispatching session wekatrace106_5807d9900a9a0640057729b4f096a836c329: 286 events
2026-09-30 13:31:29,546 - inference_perf.datagen.replay.replay_graph_session_datagen - INFO - Dispatching session wekatrace69_3cca189d2bde3942c589dd39724f2eae7479: 24 events
2026-09-30 13:31:29,547 - inference_perf.datagen.replay.replay_graph_session_datagen - INFO - Dispatching session wekatrace36_20821cf092022b08be8c97d438b5f8003ee7: 175 events
2026-09-30 13:31:29,548 - inference_perf.datagen.replay.replay_graph_session_datagen - INFO - Dispatching session wekatrace115_62cca00b06fb53edeb2df4b2365681932291: 67 events
2026-09-30 13:31:29,549 - inference_perf.datagen.replay.replay_graph_session_datagen - INFO - Dispatching session wekatrace94_4e7e9da6007f4fdebede92e497cafdc8362b: 23 events
2026-09-30 13:31:29,549 - inference_perf.datagen.replay.replay_graph_session_datagen - INFO - Dispatching session wekatrace137_791fc77464d5445a3f9e9cb14970a399a12e: 47 events
2026-09-30 13:31:29,550 - inference_perf.datagen.replay.replay_graph_session_datagen - INFO - Dispatching session wekatrace211_aba22d57224dd0adf249d20c46de840afd75: 64 events
2026-09-30 13:31:29,550 - inference_perf.datagen.replay.replay_graph_session_datagen - INFO - Dispatching session wekatrace177_96afe650c6da22ce32b05d3579c2fa028461: 36 events
2026-09-30 13:31:29,550 - inference_perf.datagen.replay.replay_graph_session_datagen - INFO - Dispatching session wekatrace42_277f03fe965658e3e16abec6ca7b11f894b7: 86 events
2026-09-30 13:31:29,551 - inference_perf.datagen.replay.replay_graph_session_datagen - INFO - Dispatching session wekatrace290_df6314449cba6dd7bb1de04f7aadb86328d0: 88 events
2026-09-30 13:31:29,552 - inference_perf.datagen.replay.replay_graph_session_datagen - INFO - Dispatching session wekatrace169_90b3445b5fec003346fb49dac092a3614e35: 28 events
2026-09-30 13:31:29,552 - inference_perf.datagen.replay.replay_graph_session_datagen - INFO - Dispatching session wekatrace225_b283484d4fbd0c43f195bf6fe0a6c8dd28a6: 88 events
2026-09-30 13:31:29,553 - inference_perf.datagen.replay.replay_graph_session_datagen - INFO - Dispatching session wekatrace243_bea7dc50de14489cd502c85c419f46aa7c88: 84 events
2026-09-30 13:31:29,554 - inference_perf.datagen.replay.replay_graph_session_datagen - INFO - Dispatching session wekatrace309_ebbf282a2f398b574516c0e3f3e4f59b54ab: 119 events
2026-09-30 13:31:29,555 - inference_perf.datagen.replay.replay_graph_session_datagen - INFO - Dispatching session wekatrace32_1d52c891bba8f47980ab604cb293e91056ef: 143 events
2026-09-30 13:31:29,556 - inference_perf.datagen.replay.replay_graph_session_datagen - INFO - Dispatching session wekatrace19_0f9870e68e496146a60b68dd3f0aba9aced2: 80 events
2026-09-30 13:31:29,557 - inference_perf.datagen.replay.replay_graph_session_datagen - INFO - Dispatching session wekatrace256_c8f877295ddac513c8f34519f4aa7c9ba7c2: 322 events
2026-09-30 13:31:29,561 - inference_perf.datagen.replay.replay_graph_session_datagen - INFO - Dispatching session wekatrace50_2c3e52bf4e687293e9fb70cba1c1786dceea: 21 events
2026-09-30 13:31:29,561 - inference_perf.datagen.replay.replay_graph_session_datagen - INFO - Dispatching session wekatrace209_aa6c46e7d866043082756fb2fa396dba1523: 176 events
2026-09-30 13:31:29,563 - inference_perf.datagen.replay.replay_graph_session_datagen - INFO - Dispatching session wekatrace264_cec8ee955fd0c9d2fe7931d8da7da2757f28: 21 events
2026-09-30 13:31:29,563 - inference_perf.datagen.replay.replay_graph_session_datagen - INFO - Dispatching session wekatrace45_27cf2ada39b896fea5580c895bfbd4119490: 84 events
2026-09-30 13:31:29,564 - inference_perf.datagen.replay.replay_graph_session_datagen - INFO - Dispatching session wekatrace216_ad33eb12484f8a683db9db76ac4dacc40809: 149 events
2026-09-30 13:31:29,565 - inference_perf.datagen.replay.replay_graph_session_datagen - INFO - Dispatching session wekatrace41_2724a8458d82a2ce14824ac577ef48297397: 64 events
2026-09-30 13:31:29,566 - inference_perf.datagen.replay.replay_graph_session_datagen - INFO - Dispatching session wekatrace214_acbce458d2237f6e569c5e7bd386d226f466: 53 events
2026-09-30 13:31:29,567 - inference_perf.datagen.replay.replay_graph_session_datagen - INFO - Dispatching session wekatrace130_7535c4f09c83c2e8d9ffa273cfca76b53871: 84 events
2026-09-30 13:31:29,567 - inference_perf.datagen.replay.replay_graph_session_datagen - INFO - Dispatching session wekatrace151_85464920f1ce7d1c5c4e35dce6c8125020b7: 36 events
2026-09-30 13:31:29,568 - inference_perf.datagen.replay.replay_graph_session_datagen - INFO - Dispatching session wekatrace192_a13d6d6e2e237d2f54d9d9e60a813bf9b660: 287 events
2026-09-30 13:31:29,570 - inference_perf.datagen.replay.replay_graph_session_datagen - INFO - Dispatching session wekatrace75_40f6b0a41facc7166110ec6f649e0d93567d: 28 events
2026-09-30 13:31:29,570 - inference_perf.datagen.replay.replay_graph_session_datagen - INFO - Dispatching session wekatrace43_2781d1fa9a22e982996948283bbcd3136c44: 21 events
2026-09-30 13:31:29,571 - inference_perf.datagen.replay.replay_graph_session_datagen - INFO - Dispatching session wekatrace4_04b25fe5b2ffa5e7ec9890426cce59838a05: 138 events
2026-09-30 13:31:29,572 - inference_perf.datagen.replay.replay_graph_session_datagen - INFO - Dispatching session wekatrace156_887b20cf4054809c33bc947d99188af08149: 70 events
2026-09-30 13:31:29,573 - inference_perf.datagen.replay.replay_graph_session_datagen - INFO - Dispatching session wekatrace168_905c177e85c26620cde0957e45af6d8ae1bd: 21 events
2026-09-30 13:31:29,573 - inference_perf.datagen.replay.replay_graph_session_datagen - INFO - Dispatching session wekatrace303_e5fbd6dfd130daf14f0059747c5481e7503e: 172 events
2026-09-30 13:31:29,574 - inference_perf.datagen.replay.replay_graph_session_datagen - INFO - Dispatching session wekatrace135_7914626c2fc4027b8c3006f4a05e63c8d395: 33 events
2026-09-30 13:31:29,575 - inference_perf.datagen.replay.replay_graph_session_datagen - INFO - Dispatching session wekatrace122_6b47c7b9791176dede513203e7c5fe2cdd43: 192 events
2026-09-30 13:31:29,579 - inference_perf.datagen.replay.replay_graph_session_datagen - INFO - Dispatching session wekatrace246_c0aa708812050845e793abe7de5d4a727aee: 93 events
2026-09-30 13:31:29,579 - inference_perf.datagen.replay.replay_graph_session_datagen - INFO - Dispatching session wekatrace241_be3393ba8b54e311b15ee6bfd0de19f2acff: 189 events
2026-09-30 13:31:29,581 - inference_perf.datagen.replay.replay_graph_session_datagen - INFO - Dispatching session wekatrace30_1bcc4b9e1b6ea6ea9f516669e92ab788f1e4: 60 events
2026-09-30 13:31:29,582 - inference_perf.datagen.replay.replay_graph_session_datagen - INFO - Dispatching session wekatrace114_61008926cac879d7ac099f873f3edb3c75ee: 20 events
2026-09-30 13:31:29,582 - inference_perf.datagen.replay.replay_graph_session_datagen - INFO - Dispatching session wekatrace134_77bae5d739432ad05f38c2af34a0daefe457: 286 events
2026-09-30 13:31:29,584 - inference_perf.datagen.replay.replay_graph_session_datagen - INFO - Dispatching session wekatrace270_d20b03f2967a012b850a6d88e7d424dbc5f4: 142 events
2026-09-30 13:31:29,585 - inference_perf.datagen.replay.replay_graph_session_datagen - INFO - Dispatching session wekatrace267_d0f5ca871a0d9e4c0a9b885516838476915b: 29 events
2026-09-30 13:31:29,586 - inference_perf.datagen.replay.replay_graph_session_datagen - INFO - Dispatching session wekatrace207_a98b66bae9c7947cf5c5d3400f8004997521: 184 events
2026-09-30 13:31:29,588 - inference_perf.datagen.replay.replay_graph_session_datagen - INFO - Dispatching session wekatrace235_b973093aabfe96c2e77e0c64fa0a9d085457: 82 events
2026-09-30 13:31:29,588 - inference_perf.datagen.replay.replay_graph_session_datagen - INFO - Dispatching session wekatrace228_b3c8cf42d9ed741942c61fdbd709b3e60f77: 105 events
2026-09-30 13:31:29,589 - inference_perf.datagen.replay.replay_graph_session_datagen - INFO - Dispatching session wekatrace297_e36c8b4fb2d497f13946c968eaa8b40e77e3: 83 events
2026-09-30 13:31:29,590 - inference_perf.datagen.replay.replay_graph_session_datagen - INFO - Dispatching session wekatrace237_bb09362fe3a016c1b20f92d0e29cfdf97722: 12 events
2026-09-30 13:31:29,590 - inference_perf.datagen.replay.replay_graph_session_datagen - INFO - Dispatching session wekatrace121_6a35a34a2321ec9b90e4b55a419baa835703: 66 events
2026-09-30 13:31:29,591 - inference_perf.datagen.replay.replay_graph_session_datagen - INFO - Dispatching session wekatrace200_a515e6e90e823bf899cfa4f24731ca801bd6: 383 events
2026-09-30 13:31:29,595 - inference_perf.datagen.replay.replay_graph_session_datagen - INFO - Dispatching session wekatrace72_3eefc2fb6e4bdeebad369385b447811a1820: 106 events
2026-09-30 13:31:29,597 - inference_perf.datagen.replay.replay_graph_session_datagen - INFO - Dispatching session wekatrace313_eed87953f930a90bd7970475ec32f01afe0a: 23 events
2026-09-30 13:31:29,597 - inference_perf.datagen.replay.replay_graph_session_datagen - INFO - Dispatching session wekatrace304_e68419cc646966c3be35ebb082d0abe36ae6: 116 events
2026-09-30 13:31:29,598 - inference_perf.datagen.replay.replay_graph_session_datagen - INFO - Dispatching session wekatrace167_900d9257ccf827cbcc1fdc136531935772fe: 156 events
2026-09-30 13:31:29,600 - inference_perf.datagen.replay.replay_graph_session_datagen - INFO - Dispatching session wekatrace157_888c5a8d8a4440adc2d0402a9a52af4075df: 64 events
2026-09-30 13:31:29,600 - inference_perf.datagen.replay.replay_graph_session_datagen - INFO - Dispatching session wekatrace95_4f60b686dd3201db253ac68c460bf2fb1d47: 30 events
2026-09-30 13:31:29,601 - inference_perf.datagen.replay.replay_graph_session_datagen - INFO - Dispatching session wekatrace325_f412405d4427e39c327dd9f228f49ba8ecd1: 20 events
2026-09-30 13:31:29,601 - inference_perf.datagen.replay.replay_graph_session_datagen - INFO - Dispatching session wekatrace7_06385769df23204ac35c53ad431cf42f7c02: 20 events
2026-09-30 13:31:29,601 - inference_perf.datagen.replay.replay_graph_session_datagen - INFO - Dispatching session wekatrace271_d2308c65d14d00591cd2208354d382e1d7f9: 98 events
2026-09-30 13:31:29,602 - inference_perf.datagen.replay.replay_graph_session_datagen - INFO - Dispatching session wekatrace234_b943983209c9b79202718ef0683553304b97: 89 events
2026-09-30 13:31:29,603 - inference_perf.datagen.replay.replay_graph_session_datagen - INFO - Dispatching session wekatrace164_8e7ba33cefd66ca8d2eb5c0420182e971748: 63 events
2026-09-30 13:31:29,603 - inference_perf.datagen.replay.replay_graph_session_datagen - INFO - Dispatching session wekatrace196_a32d778551b30bfd546d254c646f27f8d665: 148 events
2026-09-30 13:31:29,605 - inference_perf.datagen.replay.replay_graph_session_datagen - INFO - Dispatching session wekatrace22_1186d32070428ea303de493d61ee3effd467: 39 events
2026-09-30 13:31:29,605 - inference_perf.datagen.replay.replay_graph_session_datagen - INFO - Dispatching session wekatrace279_d4d2051c560f2bc26535d53381b05cefd934: 40 events
2026-09-30 13:31:29,606 - inference_perf.datagen.replay.replay_graph_session_datagen - INFO - Dispatching session wekatrace48_2b20926f86d488b237e65d296a4bf642270e: 35 events
2026-09-30 13:31:29,606 - inference_perf.datagen.replay.replay_graph_session_datagen - INFO - Dispatching session wekatrace101_5567965ff6abfaa6f40b6a51212c45d7587b: 148 events
2026-09-30 13:31:29,608 - inference_perf.datagen.replay.replay_graph_session_datagen - INFO - Dispatching session wekatrace3_0475b786230f3f2e24220d28e247eaee2dae: 192 events
2026-09-30 13:31:29,614 - inference_perf.datagen.replay.replay_graph_session_datagen - INFO - Dispatching session wekatrace65_37a398bc6ba21656e326b2e5faa699ac0267: 42 events
2026-09-30 13:31:29,614 - inference_perf.datagen.replay.replay_graph_session_datagen - INFO - Dispatching session wekatrace162_8d25e460f8af6ce0b8dd531f9d471a6f4628: 36 events
2026-09-30 13:31:29,614 - inference_perf.datagen.replay.replay_graph_session_datagen - INFO - Dispatching session wekatrace326_f53aede62a31cb25abc2f19f21f610885758: 26 events
2026-09-30 13:31:29,615 - inference_perf.datagen.replay.replay_graph_session_datagen - INFO - Dispatching session wekatrace308_e96832ba16e92ee7b955738ae37813181e63: 255 events
2026-09-30 13:31:29,617 - inference_perf.datagen.replay.replay_graph_session_datagen - INFO - Dispatching session wekatrace199_a475e564996f40c6bb19e7241cc9162dc69c: 22 events
2026-09-30 13:31:29,617 - inference_perf.datagen.replay.replay_graph_session_datagen - INFO - Dispatching session wekatrace9_0767e712d9e187634174712ce484b8bb7526: 68 events
2026-09-30 13:31:29,618 - inference_perf.datagen.replay.replay_graph_session_datagen - INFO - Dispatching session wekatrace204_a6b5ab2531fe4fa22ad233fc407948017150: 206 events
2026-09-30 13:31:29,620 - inference_perf.datagen.replay.replay_graph_session_datagen - INFO - Dispatching session wekatrace317_f0ad64c3918ef2672b6c117db1abcb1b0745: 50 events
2026-09-30 13:31:29,621 - inference_perf.datagen.replay.replay_graph_session_datagen - INFO - Dispatching session wekatrace144_7e954605c7632063029ceabaefff139bafda: 76 events
2026-09-30 13:31:29,621 - inference_perf.datagen.replay.replay_graph_session_datagen - INFO - Dispatching session wekatrace28_1ac9d045056424d98ec4b5725460ca2b6120: 72 events
2026-09-30 13:31:29,622 - inference_perf.datagen.replay.replay_graph_session_datagen - INFO - Dispatching session wekatrace0_00e7d11db2db59f44a87b4110175b11d1af3: 32 events
2026-09-30 13:31:29,622 - inference_perf.datagen.replay.replay_graph_session_datagen - INFO - Dispatching session wekatrace77_426c4b7df9d42462caa3e7b5c230b162bf1c: 61 events
2026-09-30 13:31:29,623 - inference_perf.datagen.replay.replay_graph_session_datagen - INFO - Dispatching session wekatrace35_1ff2c5c397d1c8f4a2e069449ec8e10b882a: 31 events
2026-09-30 13:31:29,623 - inference_perf.datagen.replay.replay_graph_session_datagen - INFO - Dispatching session wekatrace276_d38b308207257050502cacab981ef01a39f3: 82 events
2026-09-30 13:31:29,624 - inference_perf.datagen.replay.replay_graph_session_datagen - INFO - Dispatching session wekatrace260_ccaa0716bff1761ac56299ebcb5bd53ca201: 392 events
2026-09-30 13:31:29,627 - inference_perf.datagen.replay.replay_graph_session_datagen - INFO - Dispatching session wekatrace127_73cd34b22328e6f975b7fbaef20a45b31912: 40 events
2026-09-30 13:31:29,629 - inference_perf.datagen.replay.replay_graph_session_datagen - INFO - Dispatching session wekatrace143_7da6e67a2c4e4ec4f07622c9d6f73adb1b5f: 33 events
2026-09-30 13:31:29,630 - inference_perf.datagen.replay.replay_graph_session_datagen - INFO - Dispatching session wekatrace327_f6cd960450f6420dace6885d14cd96f9ddb5: 94 events
2026-09-30 13:31:29,630 - inference_perf.datagen.replay.replay_graph_session_datagen - INFO - Dispatching session wekatrace298_e404ff7c8cb4bf3e2bb1537b040ffc4febbd: 143 events
2026-09-30 13:31:29,632 - inference_perf.datagen.replay.replay_graph_session_datagen - INFO - Dispatching session wekatrace172_91a5604201e3a0637c6c74d7111ad2074b9b: 204 events
2026-09-30 13:31:29,633 - inference_perf.datagen.replay.replay_graph_session_datagen - INFO - Dispatching session wekatrace210_aa83246acf27ded243a4e1c3dc2a2a27d1e8: 41 events
2026-09-30 13:31:29,634 - inference_perf.datagen.replay.replay_graph_session_datagen - INFO - Dispatching session wekatrace301_e530ceee7f942b635c47a37f967f2db11800: 32 events
2026-09-30 13:31:29,634 - inference_perf.datagen.replay.replay_graph_session_datagen - INFO - Dispatching session wekatrace109_59fc23ca5a69bd575ac1c4d9ef4e0231acb8: 54 events
2026-09-30 13:31:29,634 - inference_perf.datagen.replay.replay_graph_session_datagen - INFO - Dispatching session wekatrace262_cd55147893fd6a9890bb804e2c31c05d11b8: 35 events
2026-09-30 13:31:29,635 - inference_perf.datagen.replay.replay_graph_session_datagen - INFO - Dispatching session wekatrace226_b37cfd952cbc8a190d751efd6c54d876a5fe: 26 events
2026-09-30 13:31:29,636 - inference_perf.datagen.replay.replay_graph_session_datagen - INFO - Dispatching session wekatrace281_d7700eca020651f979428a08193a04608060: 97 events
2026-09-30 13:31:29,637 - inference_perf.datagen.replay.replay_graph_session_datagen - INFO - Dispatching session wekatrace322_f314d3dce90039bbac40c255303066da9586: 33 events
2026-09-30 13:31:29,637 - inference_perf.datagen.replay.replay_graph_session_datagen - INFO - Dispatching session wekatrace40_265a5749ca677d0b0c90e7d3d6029a45318f: 39 events
2026-09-30 13:31:29,637 - inference_perf.datagen.replay.replay_graph_session_datagen - INFO - Dispatching session wekatrace25_16a79fdbe42a805e5bc856b9281e9c6a4c83: 110 events
2026-09-30 13:31:29,638 - inference_perf.datagen.replay.replay_graph_session_datagen - INFO - Dispatching session wekatrace34_1e086b8be96979688eb61ba63e18745a8f82: 64 events
2026-09-30 13:31:29,639 - inference_perf.datagen.replay.replay_graph_session_datagen - INFO - Dispatching session wekatrace165_8ec11babf00a56cb5528a3dd7df75f42803d: 133 events
2026-09-30 13:31:29,640 - inference_perf.datagen.replay.replay_graph_session_datagen - INFO - Dispatching session wekatrace111_5da46e56989651d4a42983b88eabf2e73b62: 75 events
2026-09-30 13:31:29,640 - inference_perf.datagen.replay.replay_graph_session_datagen - INFO - Dispatching session wekatrace46_298daf6961d9121ca2f5d3cde68ba961c0c5: 34 events
2026-09-30 13:31:29,641 - inference_perf.datagen.replay.replay_graph_session_datagen - INFO - Dispatching session wekatrace330_f80e58eccd8412c2bafddfb655c551eb0396: 233 events
2026-09-30 13:31:29,643 - inference_perf.datagen.replay.replay_graph_session_datagen - INFO - Dispatching session wekatrace312_ed4f3e353ab6a3e9150f7b7d463e24e9d876: 29 events
2026-09-30 13:31:29,643 - inference_perf.datagen.replay.replay_graph_session_datagen - INFO - Dispatching session wekatrace272_d27261dcba0465f104881f66197b785a943c: 23 events
2026-09-30 13:31:29,643 - inference_perf.datagen.replay.replay_graph_session_datagen - INFO - Dispatching session wekatrace212_ac222e0dd853c291e982880ebee4b5312d7e: 110 events
2026-09-30 13:31:29,644 - inference_perf.datagen.replay.replay_graph_session_datagen - INFO - Dispatching session wekatrace153_874907a6438acbf94db43541a2fce236bd76: 133 events
2026-09-30 13:39:25,382 - inference_perf.datagen.replay.replay_graph_session_datagen - ERROR - Request failed for event wekatrace125_7181d2c7411c3b52dddd3926690a0a292ce9:event_002_parent_turn_2: Exception: HTTP Error 503: upstream connect error or disconnect/reset before headers. reset reason: connection termination
2026-09-30 13:39:25,383 - inference_perf.datagen.replay.replay_graph_session_datagen - INFO - Session wekatrace125_7181d2c7411c3b52dddd3926690a0a292ce9 failure notification sent to main process (cancelled_events=52)
2026-09-30 13:39:25,384 - inference_perf.datagen.replay.replay_graph_session_datagen - INFO - Event wekatrace125_7181d2c7411c3b52dddd3926690a0a292ce9:event_003_parent_turn_3 skipping — predecessor failed
2026-09-30 13:39:25,384 - inference_perf.datagen.replay.replay_graph_session_datagen - INFO - Event wekatrace125_7181d2c7411c3b52dddd3926690a0a292ce9:event_004_parent_turn_4 skipping — predecessor failed
2026-09-30 13:39:25,384 - inference_perf.datagen.replay.replay_graph_session_datagen - INFO - Event wekatrace125_7181d2c7411c3b52dddd3926690a0a292ce9:event_005_parent_turn_5 skipping — predecessor failed
2026-09-30 13:39:25,384 - inference_perf.datagen.replay.replay_graph_session_datagen - INFO - Event wekatrace125_7181d2c7411c3b52dddd3926690a0a292ce9:event_006_parent_turn_6 skipping — predecessor failed
2026-09-30 13:39:25,384 - inference_perf.datagen.replay.replay_graph_session_datagen - INFO - Event wekatrace125_7181d2c7411c3b52dddd3926690a0a292ce9:event_007_parent_turn_7 skipping — predecessor failed
2026-09-30 13:39:25,384 - inference_perf.datagen.replay.replay_graph_session_datagen - INFO - Event wekatrace125_7181d2c7411c3b52dddd3926690a0a292ce9:event_008_parent_turn_8 skipping — predecessor failed
2026-09-30 13:39:25,384 - inference_perf.datagen.replay.replay_graph_session_datagen - INFO - Event wekatrace125_7181d2c7411c3b52dddd3926690a0a292ce9:event_009_parent_turn_9 skipping — predecessor failed
2026-09-30 13:39:25,384 - inference_perf.datagen.replay.replay_graph_session_datagen - INFO - Event wekatrace125_7181d2c7411c3b52dddd3926690a0a292ce9:event_010_parent_turn_10 skipping — predecessor failed
2026-09-30 13:39:25,384 - inference_perf.datagen.replay.replay_graph_session_datagen - INFO - Event wekatrace125_7181d2c7411c3b52dddd3926690a0a292ce9:event_011_parent_turn_11 skipping — predecessor failed
2026-09-30 13:39:25,384 - inference_perf.datagen.replay.replay_graph_session_datagen - INFO - Event wekatrace125_7181d2c7411c3b52dddd3926690a0a292ce9:event_012_parent_turn_12 skipping — predecessor failed
2026-09-30 13:39:25,385 - inference_perf.datagen.replay.replay_graph_session_datagen - INFO - Event wekatrace125_7181d2c7411c3b52dddd3926690a0a292ce9:event_013_parent_turn_13 skipping — predecessor failed
2026-09-30 13:39:25,385 - inference_perf.datagen.replay.replay_graph_session_datagen - INFO - Event wekatrace125_7181d2c7411c3b52dddd3926690a0a292ce9:event_014_parent_turn_14 skipping — predecessor failed
2026-09-30 13:39:25,385 - inference_perf.datagen.replay.replay_graph_session_datagen - INFO - Event wekatrace125_7181d2c7411c3b52dddd3926690a0a292ce9:event_015_parent_turn_15 skipping — predecessor failed
2026-09-30 13:39:25,385 - inference_perf.datagen.replay.replay_graph_session_datagen - INFO - Event wekatrace125_7181d2c7411c3b52dddd3926690a0a292ce9:event_016_parent_turn_16 skipping — predecessor failed
2026-09-30 13:39:25,385 - inference_perf.datagen.replay.replay_graph_session_datagen - INFO - Event wekatrace125_7181d2c7411c3b52dddd3926690a0a292ce9:event_017_parent_turn_17 skipping — predecessor failed
2026-09-30 13:39:25,385 - inference_perf.datagen.replay.replay_graph_session_datagen - INFO - Event wekatrace125_7181d2c7411c3b52dddd3926690a0a292ce9:event_018_parent_turn_18 skipping — predecessor failed
2026-09-30 13:39:25,385 - inference_perf.datagen.replay.replay_graph_session_datagen - INFO - Event wekatrace125_7181d2c7411c3b52dddd3926690a0a292ce9:event_019_parent_turn_19 skipping — predecessor failed
2026-09-30 13:39:25,385 - inference_perf.datagen.replay.replay_graph_session_datagen - INFO - Event wekatrace125_7181d2c7411c3b52dddd3926690a0a292ce9:event_020_parent_turn_20 skipping — predecessor failed
2026-09-30 13:39:25,385 - inference_perf.datagen.replay.replay_graph_session_datagen - INFO - Event wekatrace125_7181d2c7411c3b52dddd3926690a0a292ce9:event_021_parent_turn_21 skipping — predecessor failed
2026-09-30 13:39:25,385 - inference_perf.datagen.replay.replay_graph_session_datagen - INFO - Event wekatrace125_7181d2c7411c3b52dddd3926690a0a292ce9:event_022_parent_turn_22 skipping — predecessor failed
2026-09-30 13:39:25,385 - inference_perf.datagen.replay.replay_graph_session_datagen - INFO - Event wekatrace125_7181d2c7411c3b52dddd3926690a0a292ce9:event_023_parent_turn_23 skipping — predecessor failed
2026-09-30 13:39:25,385 - inference_perf.datagen.replay.replay_graph_session_datagen - INFO - Event wekatrace125_7181d2c7411c3b52dddd3926690a0a292ce9:event_024_parent_turn_24 skipping — predecessor failed
2026-09-30 13:39:25,385 - inference_perf.datagen.replay.replay_graph_session_datagen - INFO - Event wekatrace125_7181d2c7411c3b52dddd3926690a0a292ce9:event_025_parent_turn_25 skipping — predecessor failed
2026-09-30 13:39:25,385 - inference_perf.datagen.replay.replay_graph_session_datagen - INFO - Event wekatrace125_7181d2c7411c3b52dddd3926690a0a292ce9:event_026_parent_turn_26 skipping — predecessor failed
2026-09-30 13:39:25,385 - inference_perf.datagen.replay.replay_graph_session_datagen - INFO - Event wekatrace125_7181d2c7411c3b52dddd3926690a0a292ce9:event_027_parent_turn_27 skipping — predecessor failed
2026-09-30 13:39:25,385 - inference_perf.datagen.replay.replay_graph_session_datagen - INFO - Event wekatrace125_7181d2c7411c3b52dddd3926690a0a292ce9:event_028_parent_turn_28 skipping — predecessor failed
2026-09-30 13:39:25,385 - inference_perf.datagen.replay.replay_graph_session_datagen - INFO - Event wekatrace125_7181d2c7411c3b52dddd3926690a0a292ce9:event_029_parent_turn_29 skipping — predecessor failed
2026-09-30 13:39:25,386 - inference_perf.datagen.replay.replay_graph_session_datagen - INFO - Event wekatrace125_7181d2c7411c3b52dddd3926690a0a292ce9:event_030_parent_turn_30 skipping — predecessor failed
2026-09-30 13:39:25,386 - inference_perf.datagen.replay.replay_graph_session_datagen - INFO - Event wekatrace125_7181d2c7411c3b52dddd3926690a0a292ce9:event_031_parent_turn_31 skipping — predecessor failed
2026-09-30 13:39:25,386 - inference_perf.datagen.replay.replay_graph_session_datagen - INFO - Event wekatrace125_7181d2c7411c3b52dddd3926690a0a292ce9:event_032_parent_turn_32 skipping — predecessor failed
2026-09-30 13:39:25,386 - inference_perf.datagen.replay.replay_graph_session_datagen - INFO - Event wekatrace125_7181d2c7411c3b52dddd3926690a0a292ce9:event_033_parent_turn_33 skipping — predecessor failed
2026-09-30 13:39:25,386 - inference_perf.datagen.replay.replay_graph_session_datagen - INFO - Event wekatrace125_7181d2c7411c3b52dddd3926690a0a292ce9:event_034_parent_turn_34 skipping — predecessor failed
2026-09-30 13:39:25,386 - inference_perf.datagen.replay.replay_graph_session_datagen - INFO - Event wekatrace125_7181d2c7411c3b52dddd3926690a0a292ce9:event_035_parent_turn_35 skipping — predecessor failed
2026-09-30 13:39:25,386 - inference_perf.datagen.replay.replay_graph_session_datagen - INFO - Event wekatrace125_7181d2c7411c3b52dddd3926690a0a292ce9:event_036_parent_turn_36 skipping — predecessor failed
2026-09-30 13:39:25,386 - inference_perf.datagen.replay.replay_graph_session_datagen - INFO - Event wekatrace125_7181d2c7411c3b52dddd3926690a0a292ce9:event_037_parent_turn_37 skipping — predecessor failed
2026-09-30 13:39:25,386 - inference_perf.datagen.replay.replay_graph_session_datagen - INFO - Event wekatrace125_7181d2c7411c3b52dddd3926690a0a292ce9:event_038_parent_turn_38 skipping — predecessor failed
2026-09-30 13:39:25,386 - inference_perf.datagen.replay.replay_graph_session_datagen - INFO - Event wekatrace125_7181d2c7411c3b52dddd3926690a0a292ce9:event_039_parent_turn_39 skipping — predecessor failed
2026-09-30 13:39:25,386 - inference_perf.datagen.replay.replay_graph_session_datagen - INFO - Event wekatrace125_7181d2c7411c3b52dddd3926690a0a292ce9:event_040_parent_turn_40 skipping — predecessor failed
2026-09-30 13:39:25,386 - inference_perf.datagen.replay.replay_graph_session_datagen - INFO - Event wekatrace125_7181d2c7411c3b52dddd3926690a0a292ce9:event_041_parent_turn_41 skipping — predecessor failed
2026-09-30 13:39:25,386 - inference_perf.datagen.replay.replay_graph_session_datagen - INFO - Event wekatrace125_7181d2c7411c3b52dddd3926690a0a292ce9:event_042_parent_turn_42 skipping — predecessor failed
2026-09-30 13:39:25,386 - inference_perf.datagen.replay.replay_graph_session_datagen - INFO - Event wekatrace125_7181d2c7411c3b52dddd3926690a0a292ce9:event_043_parent_turn_43 skipping — predecessor failed
2026-09-30 13:39:25,386 - inference_perf.datagen.replay.replay_graph_session_datagen - INFO - Event wekatrace125_7181d2c7411c3b52dddd3926690a0a292ce9:event_044_parent_turn_44 skipping — predecessor failed
2026-09-30 13:39:25,387 - inference_perf.datagen.replay.replay_graph_session_datagen - INFO - Event wekatrace125_7181d2c7411c3b52dddd3926690a0a292ce9:event_045_parent_turn_45 skipping — predecessor failed
2026-09-30 13:39:25,387 - inference_perf.datagen.replay.replay_graph_session_datagen - INFO - Event wekatrace125_7181d2c7411c3b52dddd3926690a0a292ce9:event_046_parent_turn_46 skipping — predecessor failed
2026-09-30 13:39:25,387 - inference_perf.datagen.replay.replay_graph_session_datagen - INFO - Event wekatrace125_7181d2c7411c3b52dddd3926690a0a292ce9:event_047_parent_turn_47 skipping — predecessor failed
2026-09-30 13:39:25,387 - inference_perf.datagen.replay.replay_graph_session_datagen - INFO - Event wekatrace125_7181d2c7411c3b52dddd3926690a0a292ce9:event_048_parent_turn_48 skipping — predecessor failed
2026-09-30 13:39:25,387 - inference_perf.datagen.replay.replay_graph_session_datagen - INFO - Event wekatrace125_7181d2c7411c3b52dddd3926690a0a292ce9:event_049_parent_turn_49 skipping — predecessor failed
2026-09-30 13:39:25,387 - inference_perf.datagen.replay.replay_graph_session_datagen - INFO - Event wekatrace125_7181d2c7411c3b52dddd3926690a0a292ce9:event_050_parent_turn_50 skipping — predecessor failed
2026-09-30 13:39:25,387 - inference_perf.datagen.replay.replay_graph_session_datagen - INFO - Event wekatrace125_7181d2c7411c3b52dddd3926690a0a292ce9:event_051_parent_turn_51 skipping — predecessor failed
2026-09-30 13:39:25,387 - inference_perf.datagen.replay.replay_graph_session_datagen - INFO - Event wekatrace125_7181d2c7411c3b52dddd3926690a0a292ce9:event_052_parent_turn_52 skipping — predecessor failed
2026-09-30 13:39:25,387 - inference_perf.datagen.replay.replay_graph_session_datagen - INFO - Event wekatrace125_7181d2c7411c3b52dddd3926690a0a292ce9:event_053_parent_turn_53 skipping — predecessor failed
2026-09-30 13:39:25,387 - inference_perf.datagen.replay.replay_graph_session_datagen - INFO - Event wekatrace125_7181d2c7411c3b52dddd3926690a0a292ce9:event_054_parent_turn_54 skipping — predecessor failed
2026-09-30 13:39:25,401 - inference_perf.datagen.replay.replay_graph_session_datagen - INFO - Dispatching session wekatrace62_34e0495953cdcf4e391fee725a6b9f9a1132: 117 events
2026-09-30 14:16:28,964 - inference_perf.loadgen.load_generator - WARNING - Stage 0: timeout after 2700.0s
2026-09-30 14:18:28,986 - inference_perf.loadgen.load_generator - WARNING - [Worker 11] cancelling 1826 tasks still running at stage teardown
2026-09-30 14:18:28,990 - inference_perf.loadgen.load_generator - WARNING - [Worker 10] cancelling 723 tasks still running at stage teardown
2026-09-30 14:18:28,993 - inference_perf.loadgen.load_generator - WARNING - [Worker 20] cancelling 1655 tasks still running at stage teardown
2026-09-30 14:18:28,994 - inference_perf.loadgen.load_generator - WARNING - [Worker 7] cancelling 1545 tasks still running at stage teardown
2026-09-30 14:18:29,049 - inference_perf.loadgen.load_generator - WARNING - [Worker 16] cancelling 1145 tasks still running at stage teardown
2026-09-30 14:18:29,083 - inference_perf.loadgen.load_generator - WARNING - [Worker 17] cancelling 1515 tasks still running at stage teardown
2026-09-30 14:18:29,099 - inference_perf.loadgen.load_generator - WARNING - [Worker 15] cancelling 1182 tasks still running at stage teardown
2026-09-30 14:18:29,110 - inference_perf.loadgen.load_generator - WARNING - [Worker 19] cancelling 534 tasks still running at stage teardown
2026-09-30 14:18:29,157 - inference_perf.loadgen.load_generator - WARNING - [Worker 1] cancelling 726 tasks still running at stage teardown
2026-09-30 14:18:29,162 - inference_perf.loadgen.load_generator - WARNING - [Worker 9] cancelling 343 tasks still running at stage teardown
2026-09-30 14:18:29,173 - inference_perf.loadgen.load_generator - WARNING - [Worker 6] cancelling 431 tasks still running at stage teardown
2026-09-30 14:18:29,176 - inference_perf.loadgen.load_generator - WARNING - [Worker 2] cancelling 691 tasks still running at stage teardown
2026-09-30 14:18:29,191 - inference_perf.loadgen.load_generator - WARNING - [Worker 4] cancelling 463 tasks still running at stage teardown
2026-09-30 14:18:29,192 - inference_perf.loadgen.load_generator - WARNING - [Worker 14] cancelling 519 tasks still running at stage teardown
2026-09-30 14:18:29,192 - inference_perf.loadgen.load_generator - WARNING - [Worker 23] cancelling 928 tasks still running at stage teardown
2026-09-30 14:18:29,194 - inference_perf.loadgen.load_generator - WARNING - [Worker 8] cancelling 918 tasks still running at stage teardown
2026-09-30 14:18:29,195 - inference_perf.loadgen.load_generator - WARNING - [Worker 13] cancelling 692 tasks still running at stage teardown
2026-09-30 14:18:29,196 - inference_perf.loadgen.load_generator - WARNING - [Worker 18] cancelling 674 tasks still running at stage teardown
2026-09-30 14:18:29,204 - inference_perf.loadgen.load_generator - WARNING - [Worker 0] cancelling 1246 tasks still running at stage teardown
2026-09-30 14:18:29,207 - inference_perf.loadgen.load_generator - WARNING - [Worker 21] cancelling 1213 tasks still running at stage teardown
2026-09-30 14:18:29,213 - inference_perf.loadgen.load_generator - WARNING - [Worker 5] cancelling 1664 tasks still running at stage teardown
2026-09-30 14:18:29,214 - inference_perf.loadgen.load_generator - WARNING - [Worker 3] cancelling 596 tasks still running at stage teardown
2026-09-30 14:18:29,218 - inference_perf.loadgen.load_generator - WARNING - [Worker 12] cancelling 817 tasks still running at stage teardown
2026-09-30 14:18:29,232 - inference_perf.loadgen.load_generator - WARNING - [Worker 22] cancelling 756 tasks still running at stage teardown
2026-09-30 14:18:29,486 - inference_perf.loadgen.load_generator - INFO - Stage 0 - session-based run failed
Overall Progress ━━━━━━━━━━━━━━━━━━━━━━━━━━━━━━━━━━━━━━ 100% 1/1 0:00:00 0:47:00
2026-09-30 14:18:30,492 - inference_perf.reportgen.base - INFO - Generating Reports...
2026-09-30 14:18:30,492 - inference_perf.utils.custom_tokenizer - INFO - Loading tokenizer 'Qwen/Qwen3-Coder-30B-A3B-Instruct-FP8'
2026-09-30 14:18:30,628 - httpx - INFO - HTTP Request: HEAD https://huggingface.co/Qwen/Qwen3-Coder-30B-A3B-Instruct-FP8/resolve/main/config.json "HTTP/1.1 307 Temporary Redirect"
2026-09-30 14:18:30,644 - httpx - INFO - HTTP Request: HEAD https://huggingface.co/api/resolve-cache/models/Qwen/Qwen3-Coder-30B-A3B-Instruct-FP8/dcaee4d4dfc5ee71ad501f01f530e5652438fde0/config.json "HTTP/1.1 200 OK"
2026-09-30 14:18:30,692 - httpx - INFO - HTTP Request: HEAD https://huggingface.co/Qwen/Qwen3-Coder-30B-A3B-Instruct-FP8/resolve/main/tokenizer_config.json "HTTP/1.1 307 Temporary Redirect"
2026-09-30 14:18:30,709 - httpx - INFO - HTTP Request: HEAD https://huggingface.co/api/resolve-cache/models/Qwen/Qwen3-Coder-30B-A3B-Instruct-FP8/dcaee4d4dfc5ee71ad501f01f530e5652438fde0/tokenizer_config.json "HTTP/1.1 200 OK"
2026-09-30 14:18:30,757 - httpx - INFO - HTTP Request: GET https://huggingface.co/api/models/Qwen/Qwen3-Coder-30B-A3B-Instruct-FP8/tree/main/additional_chat_templates?recursive=false&expand=false "HTTP/1.1 404 Not Found"
2026-09-30 14:18:30,808 - httpx - INFO - HTTP Request: GET https://huggingface.co/api/models/Qwen/Qwen3-Coder-30B-A3B-Instruct-FP8/tree/main?recursive=true&expand=false "HTTP/1.1 200 OK"
2026-09-30 14:18:31,679 - httpx - INFO - HTTP Request: GET https://huggingface.co/api/models/Qwen/Qwen3-Coder-30B-A3B-Instruct-FP8 "HTTP/1.1 200 OK"
2026-09-30 14:19:44,131 - inference_perf.reportgen.base - WARNING - Prometheus Metrics Client is not configured or not of type PrometheusMetricsClient
2026-09-30 14:19:44,616 - inference_perf.reportgen.validation - WARNING - Validation [summary.token_mismatches] summary_lifecycle_metrics.json: 573 request(s) where the client-side token count disagrees with the server-reported completion_tokens
2026-09-30 14:19:44,616 - inference_perf.reportgen.validation - WARNING - Validation [per_stage.token_mismatches] stage_0_lifecycle_metrics.json: 573 request(s) where the client-side token count disagrees with the server-reported completion_tokens
2026-09-30 14:19:44,616 - inference_perf.reportgen.validation - WARNING - Report validation finished: 0 error(s), 2 warning(s). See validation.json.
2026-09-30 14:19:44,657 - inference_perf.client.filestorage.local - INFO - Report saved to: /results/report/summary_lifecycle_metrics.json
2026-09-30 14:19:44,658 - inference_perf.client.filestorage.local - INFO - Report saved to: /results/report/stage_0_lifecycle_metrics.json
2026-09-30 14:19:47,347 - inference_perf.client.filestorage.local - INFO - Report saved to: /results/report/per_request_lifecycle_metrics.json
2026-09-30 14:19:47,352 - inference_perf.client.filestorage.local - INFO - Report saved to: /results/report/inference-perf.partial.stage_0.yaml
2026-09-30 14:19:47,353 - inference_perf.client.filestorage.local - INFO - Report saved to: /results/report/summary_session_lifecycle_metrics.json
2026-09-30 14:19:47,353 - inference_perf.client.filestorage.local - INFO - Report saved to: /results/report/stage_0_session_lifecycle_metrics.json
2026-09-30 14:19:47,356 - inference_perf.client.filestorage.local - INFO - Report saved to: /results/report/config.yaml
2026-09-30 14:19:47,357 - inference_perf.client.filestorage.local - INFO - Report saved to: /results/report/validation.json
=== START_SUMMARY ===
{
  "benchmark_time_seconds": 2813.1106259640073,
  "load_summary": {
    "count": 1473,
    "schedule_delay": {
      "mean": 717.303287797304,
      "min": 0.010592215927317739,
      "max": 2215.0189432969783,
      "p0.1": 0.012498459052294493,
      "p1": 0.031655757441185414,
      "p5": 1.9975689481943855,
      "p10": 4.262155603198336,
      "p25": 43.68062425300013,
      "median": 552.7011525299167,
      "p75": 1265.0440406540874,
      "p90": 1802.3504459358285,
      "p95": 1985.4616901870118,
      "p99": 2174.46331441022,
      "p99.9": 2207.4669070911445
    }
  },
  "successes": {
    "count": 1472,
    "latency": {
      "request_latency": {
        "mean": 430.340861156236,
        "min": 1.5745522549841553,
        "max": 1264.2708297099452,
        "p0.1": 1.8031937064632075,
        "p1": 6.827491333704675,
        "p5": 26.216594133374745,
        "p10": 60.75434371671872,
        "p25": 303.24955615773797,
        "median": 472.9327571945032,
        "p75": 576.6951791999745,
        "p90": 644.4267784459051,
        "p95": 707.2335405337334,
        "p99": 908.5832259445649,
        "p99.9": 1212.0605713651291
      },
      "normalized_time_per_output_token": {
        "mean": 2.4118789192451118,
        "min": 0.08287117131495554,
        "max": 112.4022179631982,
        "p0.1": 0.09755704604726038,
        "p1": 0.18840692637305814,
        "p5": 0.280617275508766,
        "p10": 0.36086123827981365,
        "p25": 0.6106339181224179,
        "median": 1.2956502839204025,
        "p75": 2.428412421387579,
        "p90": 4.393927713256243,
        "p95": 5.684673841870913,
        "p99": 24.38990548201427,
        "p99.9": 99.93413755149236
      },
      "time_per_output_token": {
        "mean": 0.14760477643313885,
        "min": 0.03439678798895329,
        "max": 0.5239131821806289,
        "p0.1": 0.036034992401450514,
        "p1": 0.040816650406622405,
        "p5": 0.08733009303454589,
        "p10": 0.10018347446003115,
        "p25": 0.11714376918078982,
        "median": 0.13697747544666894,
        "p75": 0.1633728034810312,
        "p90": 0.21513423982514618,
        "p95": 0.23677055467185135,
        "p99": 0.3933588764738984,
        "p99.9": 0.5066746277155472
      },
      "time_to_first_token": {
        "mean": 360.0245362752416,
        "min": 0.060395719949156046,
        "max": 574.1759325329913,
        "p0.1": 0.12036993592628278,
        "p1": 1.2183927377383226,
        "p5": 16.124389998603146,
        "p10": 31.15261508335825,
        "p25": 232.6463812107104,
        "median": 421.9476965019712,
        "p75": 525.3001538697572,
        "p90": 549.8736787280301,
        "p95": 558.8279284757446,
        "p99": 564.544324219696,
        "p99.9": 572.7495173378499
      },
      "inter_token_latency": {
        "mean": 0.14645178996817632,
        "min": 0.0,
        "max": 3.1728346049785614,
        "p0.1": 0.0019908530749380587,
        "p1": 0.018216904364526273,
        "p5": 0.0364493714645505,
        "p10": 0.03805223200470209,
        "p25": 0.03981196996755898,
        "median": 0.04245341895148158,
        "p75": 0.2164843479404226,
        "p90": 0.35353861763142047,
        "p95": 0.44674793283920716,
        "p99": 0.7527681562351063,
        "p99.9": 1.2729192223986843
      }
    },
    "throughput": {
      "input_tokens_per_sec": 22094.10587210772,
      "output_tokens_per_sec": 274.46485498074355,
      "total_tokens_per_sec": 22368.570727088463,
      "requests_per_sec": 0.5232641711328254,
      "images_per_sec": 0.0,
      "videos_per_sec": 0.0,
      "audios_per_sec": 0.0
    },
    "request_size_bytes": {
      "mean": 167445.2527173913,
      "min": 937.0,
      "max": 809565.0,
      "p0.1": 1148.977,
      "p1": 1628.26,
      "p5": 1720.1,
      "p10": 1946.1,
      "p25": 120595.75,
      "median": 160348.5,
      "p75": 225716.75,
      "p90": 282168.10000000003,
      "p95": 349350.7500000001,
      "p99": 637270.1299999999,
      "p99.9": 802507.7360000008
    },
    "image": {
      "count": {
        "mean": 0.0,
        "min": 0.0,
        "max": 0.0,
        "p0.1": 0.0,
        "p1": 0.0,
        "p5": 0.0,
        "p10": 0.0,
        "p25": 0.0,
        "median": 0.0,
        "p75": 0.0,
        "p90": 0.0,
        "p95": 0.0,
        "p99": 0.0,
        "p99.9": 0.0
      },
      "pixels": null,
      "bytes": null,
      "aspect_ratio": null
    },
    "video": {
      "count": {
        "mean": 0.0,
        "min": 0.0,
        "max": 0.0,
        "p0.1": 0.0,
        "p1": 0.0,
        "p5": 0.0,
        "p10": 0.0,
        "p25": 0.0,
        "median": 0.0,
        "p75": 0.0,
        "p90": 0.0,
        "p95": 0.0,
        "p99": 0.0,
        "p99.9": 0.0
      },
      "frames": null,
      "pixels": null,
      "bytes": null,
      "aspect_ratio": null
    },
    "audio": {
      "count": {
        "mean": 0.0,
        "min": 0.0,
        "max": 0.0,
        "p0.1": 0.0,
        "p1": 0.0,
        "p5": 0.0,
        "p10": 0.0,
        "p25": 0.0,
        "median": 0.0,
        "p75": 0.0,
        "p90": 0.0,
        "p95": 0.0,
        "p99": 0.0,
        "p99.9": 0.0
      },
      "seconds": null,
      "bytes": null
    },
    "prompt_tokens": {
      "total": 62153164.0,
      "cached": 1952.0,
      "uncached": 62151212.0,
      "mean": 42223.61684782609,
      "min": 174.0,
      "max": 204206.0,
      "p0.1": 252.362,
      "p1": 391.0,
      "p5": 392.0,
      "p10": 456.0,
      "p25": 30326.75,
      "median": 40356.5,
      "p75": 56941.0,
      "p90": 71028.40000000001,
      "p95": 87876.3,
      "p99": 160834.66,
      "p99.9": 202629.29300000015
    },
    "output_len": {
      "mean": 524.5244565217391,
      "min": 4.0,
      "max": 7786.0,
      "p0.1": 5.471,
      "p1": 12.0,
      "p5": 17.0,
      "p10": 21.0,
      "p25": 131.0,
      "median": 289.5,
      "p75": 612.0,
      "p90": 1224.0,
      "p95": 1855.5000000000005,
      "p99": 3769.329999999997,
      "p99.9": 6901.315000000052
    },
    "output_tokens": {
      "total": 772100.0,
      "mean": 524.5244565217391,
      "min": 4.0,
      "max": 7786.0,
      "p0.1": 5.471,
      "p1": 12.0,
      "p5": 17.0,
      "p10": 21.0,
      "p25": 131.0,
      "median": 289.5,
      "p75": 612.0,
      "p90": 1224.0,
      "p95": 1855.5000000000005,
      "p99": 3769.329999999997,
      "p99.9": 6901.315000000052
    },
    "token_count_mismatches": 573,
    "client_fallback_requests": {
      "prompt": 0,
      "output": 0
    }
  },
  "failures": {
    "count": 1,
    "request_latency": {
      "mean": 0.008851718041114509,
      "min": 0.008851718041114509,
      "max": 0.008851718041114509,
      "p0.1": 0.008851718041114509,
      "p1": 0.008851718041114509,
      "p5": 0.008851718041114509,
      "p10": 0.008851718041114509,
      "p25": 0.008851718041114509,
      "median": 0.008851718041114509,
      "p75": 0.008851718041114509,
      "p90": 0.008851718041114509,
      "p95": 0.008851718041114509,
      "p99": 0.008851718041114509,
      "p99.9": 0.008851718041114509
    },
    "prompt_tokens": {
      "total": 0.0,
      "cached": 0.0,
      "uncached": 0.0,
      "mean": 0.0,
      "min": 0.0,
      "max": 0.0,
      "p0.1": 0.0,
      "p1": 0.0,
      "p5": 0.0,
      "p10": 0.0,
      "p25": 0.0,
      "median": 0.0,
      "p75": 0.0,
      "p90": 0.0,
      "p95": 0.0,
      "p99": 0.0,
      "p99.9": 0.0
    },
    "by_label": {
      "503 - Service Unavailable": {
        "count": 1,
        "messages": [
          {
            "message": "upstream connect error or disconnect/reset before headers. reset reason: connection termination",
            "session_ids": [
              "wekatrace125_7181d2c7411c3b52dddd3926690a0a292ce9"
            ]
          }
        ]
      }
    }
  }
}
=== END_SUMMARY ===
=== START_STAGE_0 ===
{
  "benchmark_time_seconds": 2813.1106259640073,
  "load_summary": {
    "count": 1473,
    "schedule_delay": {
      "mean": 717.303287797304,
      "min": 0.010592215927317739,
      "max": 2215.0189432969783,
      "p0.1": 0.012498459052294493,
      "p1": 0.031655757441185414,
      "p5": 1.9975689481943855,
      "p10": 4.262155603198336,
      "p25": 43.68062425300013,
      "median": 552.7011525299167,
      "p75": 1265.0440406540874,
      "p90": 1802.3504459358285,
      "p95": 1985.4616901870118,
      "p99": 2174.46331441022,
      "p99.9": 2207.4669070911445
    },
    "send_duration": 2215.5366104110144,
    "requested_rate": 0.0,
    "achieved_rate": 0.6648502187137124,
    "concurrency": 256
  },
  "successes": {
    "count": 1472,
    "latency": {
      "request_latency": {
        "mean": 430.340861156236,
        "min": 1.5745522549841553,
        "max": 1264.2708297099452,
        "p0.1": 1.8031937064632075,
        "p1": 6.827491333704675,
        "p5": 26.216594133374745,
        "p10": 60.75434371671872,
        "p25": 303.24955615773797,
        "median": 472.9327571945032,
        "p75": 576.6951791999745,
        "p90": 644.4267784459051,
        "p95": 707.2335405337334,
        "p99": 908.5832259445649,
        "p99.9": 1212.0605713651291
      },
      "normalized_time_per_output_token": {
        "mean": 2.4118789192451118,
        "min": 0.08287117131495554,
        "max": 112.4022179631982,
        "p0.1": 0.09755704604726038,
        "p1": 0.18840692637305814,
        "p5": 0.280617275508766,
        "p10": 0.36086123827981365,
        "p25": 0.6106339181224179,
        "median": 1.2956502839204025,
        "p75": 2.428412421387579,
        "p90": 4.393927713256243,
        "p95": 5.684673841870913,
        "p99": 24.38990548201427,
        "p99.9": 99.93413755149236
      },
      "time_per_output_token": {
        "mean": 0.14760477643313885,
        "min": 0.03439678798895329,
        "max": 0.5239131821806289,
        "p0.1": 0.036034992401450514,
        "p1": 0.040816650406622405,
        "p5": 0.08733009303454589,
        "p10": 0.10018347446003115,
        "p25": 0.11714376918078982,
        "median": 0.13697747544666894,
        "p75": 0.1633728034810312,
        "p90": 0.21513423982514618,
        "p95": 0.23677055467185135,
        "p99": 0.3933588764738984,
        "p99.9": 0.5066746277155472
      },
      "time_to_first_token": {
        "mean": 360.0245362752416,
        "min": 0.060395719949156046,
        "max": 574.1759325329913,
        "p0.1": 0.12036993592628278,
        "p1": 1.2183927377383226,
        "p5": 16.124389998603146,
        "p10": 31.15261508335825,
        "p25": 232.6463812107104,
        "median": 421.9476965019712,
        "p75": 525.3001538697572,
        "p90": 549.8736787280301,
        "p95": 558.8279284757446,
        "p99": 564.544324219696,
        "p99.9": 572.7495173378499
      },
      "inter_token_latency": {
        "mean": 0.14645178996817632,
        "min": 0.0,
        "max": 3.1728346049785614,
        "p0.1": 0.0019908530749380587,
        "p1": 0.018216904364526273,
        "p5": 0.0364493714645505,
        "p10": 0.03805223200470209,
        "p25": 0.03981196996755898,
        "median": 0.04245341895148158,
        "p75": 0.2164843479404226,
        "p90": 0.35353861763142047,
        "p95": 0.44674793283920716,
        "p99": 0.7527681562351063,
        "p99.9": 1.2729192223986843
      }
    },
    "throughput": {
      "input_tokens_per_sec": 22094.10587210772,
      "output_tokens_per_sec": 274.46485498074355,
      "total_tokens_per_sec": 22368.570727088463,
      "requests_per_sec": 0.5232641711328254,
      "images_per_sec": 0.0,
      "videos_per_sec": 0.0,
      "audios_per_sec": 0.0
    },
    "request_size_bytes": {
      "mean": 167445.2527173913,
      "min": 937.0,
      "max": 809565.0,
      "p0.1": 1148.977,
      "p1": 1628.26,
      "p5": 1720.1,
      "p10": 1946.1,
      "p25": 120595.75,
      "median": 160348.5,
      "p75": 225716.75,
      "p90": 282168.10000000003,
      "p95": 349350.7500000001,
      "p99": 637270.1299999999,
      "p99.9": 802507.7360000008
    },
    "image": {
      "count": {
        "mean": 0.0,
        "min": 0.0,
        "max": 0.0,
        "p0.1": 0.0,
        "p1": 0.0,
        "p5": 0.0,
        "p10": 0.0,
        "p25": 0.0,
        "median": 0.0,
        "p75": 0.0,
        "p90": 0.0,
        "p95": 0.0,
        "p99": 0.0,
        "p99.9": 0.0
      },
      "pixels": null,
      "bytes": null,
      "aspect_ratio": null
    },
    "video": {
      "count": {
        "mean": 0.0,
        "min": 0.0,
        "max": 0.0,
        "p0.1": 0.0,
        "p1": 0.0,
        "p5": 0.0,
        "p10": 0.0,
        "p25": 0.0,
        "median": 0.0,
        "p75": 0.0,
        "p90": 0.0,
        "p95": 0.0,
        "p99": 0.0,
        "p99.9": 0.0
      },
      "frames": null,
      "pixels": null,
      "bytes": null,
      "aspect_ratio": null
    },
    "audio": {
      "count": {
        "mean": 0.0,
        "min": 0.0,
        "max": 0.0,
        "p0.1": 0.0,
        "p1": 0.0,
        "p5": 0.0,
        "p10": 0.0,
        "p25": 0.0,
        "median": 0.0,
        "p75": 0.0,
        "p90": 0.0,
        "p95": 0.0,
        "p99": 0.0,
        "p99.9": 0.0
      },
      "seconds": null,
      "bytes": null
    },
    "prompt_tokens": {
      "total": 62153164.0,
      "cached": 1952.0,
      "uncached": 62151212.0,
      "mean": 42223.61684782609,
      "min": 174.0,
      "max": 204206.0,
      "p0.1": 252.362,
      "p1": 391.0,
      "p5": 392.0,
      "p10": 456.0,
      "p25": 30326.75,
      "median": 40356.5,
      "p75": 56941.0,
      "p90": 71028.40000000001,
      "p95": 87876.3,
      "p99": 160834.66,
      "p99.9": 202629.29300000015
    },
    "output_len": {
      "mean": 524.5244565217391,
      "min": 4.0,
      "max": 7786.0,
      "p0.1": 5.471,
      "p1": 12.0,
      "p5": 17.0,
      "p10": 21.0,
      "p25": 131.0,
      "median": 289.5,
      "p75": 612.0,
      "p90": 1224.0,
      "p95": 1855.5000000000005,
      "p99": 3769.329999999997,
      "p99.9": 6901.315000000052
    },
    "output_tokens": {
      "total": 772100.0,
      "mean": 524.5244565217391,
      "min": 4.0,
      "max": 7786.0,
      "p0.1": 5.471,
      "p1": 12.0,
      "p5": 17.0,
      "p10": 21.0,
      "p25": 131.0,
      "median": 289.5,
      "p75": 612.0,
      "p90": 1224.0,
      "p95": 1855.5000000000005,
      "p99": 3769.329999999997,
      "p99.9": 6901.315000000052
    },
    "token_count_mismatches": 573,
    "client_fallback_requests": {
      "prompt": 0,
      "output": 0
    }
  },
  "failures": {
    "count": 1,
    "request_latency": {
      "mean": 0.008851718041114509,
      "min": 0.008851718041114509,
      "max": 0.008851718041114509,
      "p0.1": 0.008851718041114509,
      "p1": 0.008851718041114509,
      "p5": 0.008851718041114509,
      "p10": 0.008851718041114509,
      "p25": 0.008851718041114509,
      "median": 0.008851718041114509,
      "p75": 0.008851718041114509,
      "p90": 0.008851718041114509,
      "p95": 0.008851718041114509,
      "p99": 0.008851718041114509,
      "p99.9": 0.008851718041114509
    },
    "prompt_tokens": {
      "total": 0.0,
      "cached": 0.0,
      "uncached": 0.0,
      "mean": 0.0,
      "min": 0.0,
      "max": 0.0,
      "p0.1": 0.0,
      "p1": 0.0,
      "p5": 0.0,
      "p10": 0.0,
      "p25": 0.0,
      "median": 0.0,
      "p75": 0.0,
      "p90": 0.0,
      "p95": 0.0,
      "p99": 0.0,
      "p99.9": 0.0
    },
    "by_label": {
      "503 - Service Unavailable": {
        "count": 1,
        "messages": [
          {
            "message": "upstream connect error or disconnect/reset before headers. reset reason: connection termination",
            "session_ids": [
              "wekatrace125_7181d2c7411c3b52dddd3926690a0a292ce9"
            ]
          }
        ]
      }
    }
  }
}
=== END_STAGE_0 ===
=== START_PARTIAL_BR_V0_2_STAGE_0 ===
version: 0.2.1
run:
  uid: inference-perf-stage-0-65c313f6
  eid: inference-perf-experiment-a4446be3
  time:
    start: '2026-09-30T13:31:28.958555Z'
    end: '2026-09-30T14:16:28.964597Z'
    duration: PT2700.006S
results:
  request_performance:
    aggregate:
      requests:
        total: 1473
        failures: 1
        input_length:
          units: count
          mean: 42223.61684782609
          stddev: 29426.16364120465
          min: 174.0
          p0p1: 252.362
          p1: 391.0
          p5: 392.0
          p10: 456.0
          p25: 30326.75
          p50: 40356.5
          p75: 56941.0
          p90: 71028.40000000001
          p95: 87876.3
          p99: 160834.66
          p99p9: 202629.29300000015
          max: 204206.0
        output_length:
          units: count
          mean: 524.5244565217391
          stddev: 745.5901887210156
          min: 4.0
          p0p1: 5.471
          p1: 12.0
          p5: 17.0
          p10: 21.0
          p25: 131.0
          p50: 289.5
          p75: 612.0
          p90: 1224.0
          p95: 1855.5000000000005
          p99: 3769.329999999997
          p99p9: 6901.315000000052
          max: 7786.0
      latency:
        time_to_first_token:
          units: s
          mean: 360.0245362752416
          stddev: 183.2389996038771
          min: 0.060395719949156046
          p0p1: 0.12036993592628278
          p1: 1.2183927377383226
          p5: 16.124389998603146
          p10: 31.15261508335825
          p25: 232.6463812107104
          p50: 421.9476965019712
          p75: 525.3001538697572
          p90: 549.8736787280301
          p95: 558.8279284757446
          p99: 564.544324219696
          p99p9: 572.7495173378499
          max: 574.1759325329913
        normalized_time_per_output_token:
          units: s/token
          mean: 2.4118789192451118
          stddev: 6.1521655837387765
          min: 0.08287117131495554
          p0p1: 0.09755704604726038
          p1: 0.18840692637305814
          p5: 0.280617275508766
          p10: 0.36086123827981365
          p25: 0.6106339181224179
          p50: 1.2956502839204025
          p75: 2.428412421387579
          p90: 4.393927713256243
          p95: 5.684673841870913
          p99: 24.38990548201427
          p99p9: 99.93413755149236
          max: 112.4022179631982
        time_per_output_token:
          units: s/token
          mean: 0.14760477643313885
          stddev: 0.05507291855341418
          min: 0.03439678798895329
          p0p1: 0.036034992401450514
          p1: 0.040816650406622405
          p5: 0.08733009303454589
          p10: 0.10018347446003115
          p25: 0.11714376918078982
          p50: 0.13697747544666894
          p75: 0.1633728034810312
          p90: 0.21513423982514618
          p95: 0.23677055467185135
          p99: 0.3933588764738984
          p99p9: 0.5066746277155472
          max: 0.5239131821806289
        inter_token_latency:
          units: s/token
          mean: 0.14645178996817632
          stddev: 0.16537099457919122
          min: 0.0
          p0p1: 0.0019908530749380587
          p1: 0.018216904364526273
          p5: 0.0364493714645505
          p10: 0.03805223200470209
          p25: 0.03981196996755898
          p50: 0.04245341895148158
          p75: 0.2164843479404226
          p90: 0.35353861763142047
          p95: 0.44674793283920716
          p99: 0.7527681562351063
          p99p9: 1.2729192223986843
          max: 3.1728346049785614
        request_latency:
          units: s
          mean: 430.340861156236
          stddev: 220.15744089754452
          min: 1.5745522549841553
          p0p1: 1.8031937064632075
          p1: 6.827491333704675
          p5: 26.216594133374745
          p10: 60.75434371671872
          p25: 303.24955615773797
          p50: 472.9327571945032
          p75: 576.6951791999745
          p90: 644.4267784459051
          p95: 707.2335405337334
          p99: 908.5832259445649
          p99p9: 1212.0605713651291
          max: 1264.2708297099452
      throughput:
        input_token_rate:
          units: tokens/s
          mean: 22094.10587210772
        output_token_rate:
          units: tokens/s
          mean: 274.46485498074355
        total_token_rate:
          units: tokens/s
          mean: 22368.570727088463
        request_rate:
          units: queries/s
          mean: 0.5232641711328254

=== END_PARTIAL_BR_V0_2_STAGE_0 ===
=== START_STAGE_0 ===
{
  "stage_metadata": {
    "stage_id": 0,
    "status": "TIMED_OUT",
    "timeout_configured": 2700.0,
    "actual_duration": 2700.00604224205,
    "teardown_duration": 120.52180662099272,
    "dropped_requests": 0,
    "concurrent_sessions": 256,
    "session_rate": null
  },
  "num_sessions": 1,
  "num_sessions_succeeded": 0,
  "num_sessions_failed": 1,
  "failures": {
    "count": 1,
    "by_label": {
      "request_failed": {
        "count": 1,
        "messages": [
          {
            "message": "Exception: HTTP Error 503: upstream connect error or disconnect/reset before headers. reset reason: connection termination",
            "session_ids": [
              "wekatrace125_7181d2c7411c3b52dddd3926690a0a292ce9"
            ]
          }
        ]
      }
    }
  },
  "total_events": 55,
  "total_events_completed": 2,
  "total_events_cancelled": 52,
  "sessions_with_recorded_substitution": 0,
  "total_recorded_substitutions": {
    "count": 0,
    "messages": []
  },
  "sessions_per_second": 0.002101408217420462,
  "session_duration_sec": {
    "mean": 475.8713665008545,
    "min": 475.8713665008545,
    "max": 475.8713665008545,
    "p0.1": 475.8713665008545,
    "p1": 475.8713665008545,
    "p5": 475.8713665008545,
    "p10": 475.8713665008545,
    "p25": 475.8713665008545,
    "median": 475.8713665008545,
    "p75": 475.8713665008545,
    "p90": 475.8713665008545,
    "p95": 475.8713665008545,
    "p99": 475.8713665008545,
    "p99.9": 475.8713665008545
  },
  "num_events": {
    "mean": 55.0,
    "min": 55.0,
    "max": 55.0,
    "p0.1": 55.0,
    "p1": 55.0,
    "p5": 55.0,
    "p10": 55.0,
    "p25": 55.0,
    "median": 55.0,
    "p75": 55.0,
    "p90": 55.0,
    "p95": 55.0,
    "p99": 55.0,
    "p99.9": 55.0
  },
  "num_events_cancelled": {
    "mean": 52.0,
    "min": 52.0,
    "max": 52.0,
    "p0.1": 52.0,
    "p1": 52.0,
    "p5": 52.0,
    "p10": 52.0,
    "p25": 52.0,
    "median": 52.0,
    "p75": 52.0,
    "p90": 52.0,
    "p95": 52.0,
    "p99": 52.0,
    "p99.9": 52.0
  },
  "total_input_tokens": {
    "mean": 34020.0,
    "min": 34020.0,
    "max": 34020.0,
    "p0.1": 34020.0,
    "p1": 34020.0,
    "p5": 34020.0,
    "p10": 34020.0,
    "p25": 34020.0,
    "median": 34020.0,
    "p75": 34020.0,
    "p90": 34020.0,
    "p95": 34020.0,
    "p99": 34020.0,
    "p99.9": 34020.0
  },
  "total_output_tokens": {
    "mean": 314.0,
    "min": 314.0,
    "max": 314.0,
    "p0.1": 314.0,
    "p1": 314.0,
    "p5": 314.0,
    "p10": 314.0,
    "p25": 314.0,
    "median": 314.0,
    "p75": 314.0,
    "p90": 314.0,
    "p95": 314.0,
    "p99": 314.0,
    "p99.9": 314.0
  },
  "total_cached_tokens": {
    "mean": 0.0,
    "min": 0.0,
    "max": 0.0,
    "p0.1": 0.0,
    "p1": 0.0,
    "p5": 0.0,
    "p10": 0.0,
    "p25": 0.0,
    "median": 0.0,
    "p75": 0.0,
    "p90": 0.0,
    "p95": 0.0,
    "p99": 0.0,
    "p99.9": 0.0
  },
  "total_cacheable_input_tokens": {
    "mean": 34020.0,
    "min": 34020.0,
    "max": 34020.0,
    "p0.1": 34020.0,
    "p1": 34020.0,
    "p5": 34020.0,
    "p10": 34020.0,
    "p25": 34020.0,
    "median": 34020.0,
    "p75": 34020.0,
    "p90": 34020.0,
    "p95": 34020.0,
    "p99": 34020.0,
    "p99.9": 34020.0
  },
  "sessions_with_cache_info": 1,
  "kv_cache_hit_percent": 0.0,
  "kv_cache_hit_per_session_percent": {
    "mean": 0.0,
    "min": 0.0,
    "max": 0.0,
    "p0.1": 0.0,
    "p1": 0.0,
    "p5": 0.0,
    "p10": 0.0,
    "p25": 0.0,
    "median": 0.0,
    "p75": 0.0,
    "p90": 0.0,
    "p95": 0.0,
    "p99": 0.0,
    "p99.9": 0.0
  },
  "tfut_sec": {
    "mean": 79.84598019497935,
    "min": 79.84598019497935,
    "max": 79.84598019497935,
    "p0.1": 79.84598019497935,
    "p1": 79.84598019497935,
    "p5": 79.84598019497935,
    "p10": 79.84598019497935,
    "p25": 79.84598019497935,
    "median": 79.84598019497935,
    "p75": 79.84598019497935,
    "p90": 79.84598019497935,
    "p95": 79.84598019497935,
    "p99": 79.84598019497935,
    "p99.9": 79.84598019497935
  },
  "sessions_with_tfut": 1,
  "tfut_none_reasons": null,
  "num_user_facing_events": {
    "mean": 55.0,
    "min": 55.0,
    "max": 55.0,
    "p0.1": 55.0,
    "p1": 55.0,
    "p5": 55.0,
    "p10": 55.0,
    "p25": 55.0,
    "median": 55.0,
    "p75": 55.0,
    "p90": 55.0,
    "p95": 55.0,
    "p99": 55.0,
    "p99.9": 55.0
  },
  "num_structured_output_excluded": {
    "mean": 0.0,
    "min": 0.0,
    "max": 0.0,
    "p0.1": 0.0,
    "p1": 0.0,
    "p5": 0.0,
    "p10": 0.0,
    "p25": 0.0,
    "median": 0.0,
    "p75": 0.0,
    "p90": 0.0,
    "p95": 0.0,
    "p99": 0.0,
    "p99.9": 0.0
  }
}
=== END_STAGE_0 ===
                         Throughput and Goodput Summary                         
┏━━━━━━━┳━━━━━━━━━━┳━━━━━━━━━┳━━━━━━━━━━┳━━━━━━━┳━━━━━━━━━┳━━━━━━━━━━┳━━━━━━━━━┓
┃       ┃          ┃ Achiev… ┃    Error ┃       ┃      In ┃      Out ┃     Tot ┃
┃ Stage ┃ Req Rate ┃    Rate ┃     Rate ┃ Req/s ┃ Tokens… ┃ Tokens/s ┃ Tokens… ┃
┡━━━━━━━╇━━━━━━━━━━╇━━━━━━━━━╇━━━━━━━━━━╇━━━━━━━╇━━━━━━━━━╇━━━━━━━━━━╇━━━━━━━━━┩
│     0 │      0.0 │     0.7 │     0.1% │   0.5 │ 22094.1 │    274.5 │ 22368.6 │
└───────┴──────────┴─────────┴──────────┴───────┴─────────┴──────────┴─────────┘
                          Request & Token Latency (ms)                          
┏━━━━━━━┳━━━━━━━┳━━━━━━━┳━━━━━━━┳━━━━━━━┳━━━━━━━┳━━━━━━━┳━━━━━━━┳━━━━━━━┳━━━━━━┓
┃       ┃   Req ┃   Req ┃   Req ┃       ┃       ┃       ┃       ┃       ┃      ┃
┃       ┃   Lat ┃   Lat ┃   Lat ┃  TTFT ┃  TTFT ┃  TTFT ┃   ITL ┃   ITL ┃  ITL ┃
┃ Stage ┃  Mean ┃   Med ┃   P90 ┃  Mean ┃   Med ┃   P90 ┃  Mean ┃   Med ┃  P90 ┃
┡━━━━━━━╇━━━━━━━╇━━━━━━━╇━━━━━━━╇━━━━━━━╇━━━━━━━╇━━━━━━━╇━━━━━━━╇━━━━━━━╇━━━━━━┩
│     0 │ 4303… │ 4729… │ 6444… │ 3600… │ 4219… │ 5498… │ 146.5 │  42.5 │ 353… │
└───────┴───────┴───────┴───────┴───────┴───────┴───────┴───────┴───────┴──────┘
                          Token Generation Speed (ms)                           
┏━━━━━━━┳━━━━━━━━━━━┳━━━━━━━━━━┳━━━━━━━━━━┳━━━━━━━━━━━┳━━━━━━━━━━━┳━━━━━━━━━━━━┓
┃       ┃           ┃          ┃          ┃ Norm TPOT ┃ Norm TPOT ┃  Norm TPOT ┃
┃ Stage ┃ TPOT Mean ┃ TPOT Med ┃ TPOT P90 ┃      Mean ┃       Med ┃        P90 ┃
┡━━━━━━━╇━━━━━━━━━━━╇━━━━━━━━━━╇━━━━━━━━━━╇━━━━━━━━━━━╇━━━━━━━━━━━╇━━━━━━━━━━━━┩
│     0 │     147.6 │    137.0 │    215.1 │    2411.9 │    1295.7 │     4393.9 │
└───────┴───────────┴──────────┴──────────┴───────────┴───────────┴────────────┘
                            Token Length Aggregates                             
┏━━━━━━━┳━━━━━━━┳━━━━━━━┳━━━━━━━┳━━━━━━━┳━━━━━━━┳━━━━━━━┳━━━━━━━┳━━━━━━━┳━━━━━━┓
┃       ┃       ┃       ┃       ┃   Out ┃   Out ┃   Out ┃   Out ┃   Out ┃  Out ┃
┃       ┃ Prom… ┃ Prom… ┃ Prom… ┃  Mean ┃   Med ┃   P90 ┃  Mean ┃   Med ┃  P90 ┃
┃ Stage ┃  Mean ┃   Med ┃   P90 ┃ (cli… ┃ (cli… ┃ (cli… ┃ (ser… ┃ (ser… ┃ (se… ┃
┡━━━━━━━╇━━━━━━━╇━━━━━━━╇━━━━━━━╇━━━━━━━╇━━━━━━━╇━━━━━━━╇━━━━━━━╇━━━━━━━╇━━━━━━┩
│     0 │ 4222… │ 4035… │ 7102… │ 524.5 │ 289.5 │ 1224… │ 524.5 │ 289.5 │ 122… │
└───────┴───────┴───────┴───────┴───────┴───────┴───────┴───────┴───────┴──────┘
 Prompt: server-reported usage where available, client tokenization otherwise.  
    Out (client): response text re-tokenized by the client (output_len). Out    
  (server): the count reported in the server's usage (output_tokens), with the  
     client count substituted for any request the server did not count. See     
                                docs/metrics.md.                                
                                Session Summary                                 
┏━━━━━━━┳━━━━━━━┳━━━━━━━┳━━━━━━━┳━━━━━━━┳━━━━━━━┳━━━━━━━┳━━━━━━━┳━━━━━━━┳━━━━━━┓
┃       ┃       ┃       ┃       ┃       ┃       ┃       ┃       ┃       ┃  Bad ┃
┃       ┃       ┃       ┃       ┃       ┃       ┃       ┃       ┃       ┃ Tool ┃
┃       ┃       ┃ Total ┃       ┃       ┃ Error ┃ Total ┃ Even… ┃ Even… ┃ Cal… ┃
┃ Stage ┃ Sess… ┃ Sess… ┃ Succ… ┃ Fail… ┃     % ┃ Even… ┃ Comp… ┃ Canc… ┃ Sub… ┃
┡━━━━━━━╇━━━━━━━╇━━━━━━━╇━━━━━━━╇━━━━━━━╇━━━━━━━╇━━━━━━━╇━━━━━━━╇━━━━━━━╇━━━━━━┩
│     0 │  0.00 │     1 │     0 │     1 │ 100.… │    55 │     2 │    52 │    0 │
└───────┴───────┴───────┴───────┴───────┴───────┴───────┴───────┴───────┴──────┘
                           Session Duration & Events                            
┏━━━━━━━┳━━━━━━━━━━━┳━━━━━━━━━━━┳━━━━━━━━━━━┳━━━━━━━━━━━┳━━━━━━━━━━┳━━━━━━━━━━━┓
┃       ┃  Duration ┃  Duration ┃  Duration ┃    Events ┃   Events ┃    Events ┃
┃ Stage ┃  Mean (s) ┃   Med (s) ┃   P90 (s) ┃      Mean ┃      Med ┃       P90 ┃
┡━━━━━━━╇━━━━━━━━━━━╇━━━━━━━━━━━╇━━━━━━━━━━━╇━━━━━━━━━━━╇━━━━━━━━━━╇━━━━━━━━━━━┩
│     0 │    475.87 │    475.87 │    475.87 │      55.0 │     55.0 │      55.0 │
└───────┴───────────┴───────────┴───────────┴───────────┴──────────┴───────────┘
                       Session Token Totals (per session)                       
┏━━━━━━━┳━━━━━━━━━━━┳━━━━━━━━━━━┳━━━━━━━━━━━┳━━━━━━━━━━━┳━━━━━━━━━━━┳━━━━━━━━━━┓
┃       ┃        In ┃        In ┃        In ┃       Out ┃       Out ┃      Out ┃
┃       ┃  Tok/Sess ┃  Tok/Sess ┃  Tok/Sess ┃  Tok/Sess ┃  Tok/Sess ┃ Tok/Sess ┃
┃ Stage ┃      Mean ┃       Med ┃       P90 ┃      Mean ┃       Med ┃      P90 ┃
┡━━━━━━━╇━━━━━━━━━━━╇━━━━━━━━━━━╇━━━━━━━━━━━╇━━━━━━━━━━━╇━━━━━━━━━━━╇━━━━━━━━━━┩
│     0 │   34020.0 │   34020.0 │   34020.0 │     314.0 │     314.0 │    314.0 │
└───────┴───────────┴───────────┴───────────┴───────────┴───────────┴──────────┘
                           Session KV Cache Hit Rate                            
┏━━━━━━━┳━━━━━━━━━━━━━┳━━━━━━━━━━━━━┳━━━━━━━━━━━━━┳━━━━━━━━━━━━━━┳━━━━━━━━━━━━━┓
┃       ┃       Hit % ┃  Hit %/Sess ┃  Hit %/Sess ┃   Hit %/Sess ┃ Sessions w/ ┃
┃ Stage ┃    (pooled) ┃        Mean ┃         Med ┃          P90 ┃        Info ┃
┡━━━━━━━╇━━━━━━━━━━━━━╇━━━━━━━━━━━━━╇━━━━━━━━━━━━━╇━━━━━━━━━━━━━━╇━━━━━━━━━━━━━┩
│     0 │         0.0 │         0.0 │         0.0 │          0.0 │           1 │
└───────┴─────────────┴─────────────┴─────────────┴──────────────┴─────────────┘
                    Session TFUT (Time to First User Token)                     
┏━━━━━━━┳━━━━━━━━━━━━━┳━━━━━━━━━━━━━┳━━━━━━━━━━━━━┳━━━━━━━━━━━━━━┳━━━━━━━━━━━━━┓
┃       ┃   TFUT Mean ┃    TFUT Med ┃    TFUT P90 ┃  Sessions w/ ┃   TFUT None ┃
┃ Stage ┃         (s) ┃         (s) ┃         (s) ┃         TFUT ┃     Reasons ┃
┡━━━━━━━╇━━━━━━━━━━━━━╇━━━━━━━━━━━━━╇━━━━━━━━━━━━━╇━━━━━━━━━━━━━━╇━━━━━━━━━━━━━┩
│     0 │      79.846 │      79.846 │      79.846 │            1 │           - │
└───────┴─────────────┴─────────────┴─────────────┴──────────────┴─────────────┘
              Request Error Summary              
┏━━━━━━━┳━━━━━━━━━━━┳━━━━━━━━━━━━━━━━━━━━━━━━━━━┓
┃ Stage ┃ Successes ┃ 503 - Service Unavailable ┃
┡━━━━━━━╇━━━━━━━━━━━╇━━━━━━━━━━━━━━━━━━━━━━━━━━━┩
│     0 │      1472 │                         1 │
└───────┴───────────┴───────────────────────────┘
             Session Error Summary             
┏━━━━━━━┳━━━━━━━━━━━━━━━━━━━━┳━━━━━━━━━━━━━━━━┓
┃ Stage ┃ Sessions Succeeded ┃ request_failed ┃
┡━━━━━━━╇━━━━━━━━━━━━━━━━━━━━╇━━━━━━━━━━━━━━━━┩
│     0 │                  0 │              1 │
└───────┴────────────────────┴────────────────┘
EXIT=0
REPORTS_COMPLETE=yes
