ts,kv_cache_usage_perc,num_requests_running,num_requests_waiting,num_preemptions_total,cum_prefix_cache_queries,cum_prefix_cache_hits,interval_queries,interval_hits,interval_hit_rate
1790775021.6,0.0,0.0,0.0,9.0,133888446,90515728,0,0,
1790775023.7,0.0,0.0,0.0,9.0,133888446,90515728,0,0,
1790775025.7,0.0,0.0,0.0,9.0,133888446,90515728,0,0,
1790775027.7,0.0,0.0,0.0,9.0,133888446,90515728,0,0,
1790775029.7,0.0,0.0,0.0,9.0,133888446,90515728,0,0,
1790775031.8,0.0,0.0,0.0,9.0,133888446,90515728,0,0,
1790775033.8,0.0,0.0,0.0,9.0,133888446,90515728,0,0,
1790775035.8,0.0,0.0,0.0,9.0,133888446,90515728,0,0,
1790775037.9,0.0,0.0,0.0,9.0,133888446,90515728,0,0,
1790775039.9,0.0,0.0,0.0,9.0,133888446,90515728,0,0,
1790775041.9,0.0,0.0,0.0,9.0,133888446,90515728,0,0,
1790775043.9,0.0,0.0,0.0,9.0,133888446,90515728,0,0,
1790775046.0,0.0,0.0,0.0,9.0,133888446,90515728,0,0,
1790775048.0,0.0,0.0,0.0,9.0,133888446,90515728,0,0,
1790775050.0,0.0,0.0,0.0,9.0,133888446,90515728,0,0,
1790775052.0,0.0,0.0,0.0,9.0,133888446,90515728,0,0,
1790775054.1,0.0,0.0,0.0,9.0,133888446,90515728,0,0,
1790775056.1,0.0,0.0,0.0,9.0,133888446,90515728,0,0,
1790775058.1,0.0,0.0,0.0,9.0,133888446,90515728,0,0,
1790775060.2,0.0,0.0,0.0,9.0,133888446,90515728,0,0,
1790775062.2,0.0,0.0,0.0,9.0,133888446,90515728,0,0,
1790775064.2,0.0,0.0,0.0,9.0,133888446,90515728,0,0,
1790775066.3,0.0,0.0,0.0,9.0,133888446,90515728,0,0,
1790775068.3,0.0,0.0,0.0,9.0,133888446,90515728,0,0,
1790775070.3,0.0,0.0,0.0,9.0,133888446,90515728,0,0,
1790775072.3,0.0,0.0,0.0,9.0,133888446,90515728,0,0,
1790775074.4,0.0,0.0,0.0,9.0,133888446,90515728,0,0,
1790775076.4,0.0,0.0,0.0,9.0,133888446,90515728,0,0,
1790775078.4,0.0,0.0,0.0,9.0,133888446,90515728,0,0,
1790775080.5,0.0,0.0,0.0,9.0,133888446,90515728,0,0,
1790775082.5,0.0,0.0,0.0,9.0,133888446,90515728,0,0,
1790775084.5,0.0,0.0,0.0,9.0,133888446,90515728,0,0,
1790775086.5,0.0,0.0,0.0,9.0,133888446,90515728,0,0,
1790775088.6,0.0,0.0,0.0,9.0,133888446,90515728,0,0,
1790775090.6,0.03043328994235195,18.0,25.0,9.0,134010284,90515728,121838,0,0.0
1790775092.7,0.05866365313917066,22.0,65.0,9.0,134050649,90515728,40365,0,0.0
1790775094.7,0.094911811406583,30.0,115.0,9.0,134131741,90515728,81092,0,0.0
1790775096.8,0.12020255482283604,31.0,162.0,9.0,134178021,90515728,46280,0,0.0
1790775098.8,0.15286022858941162,24.0,202.0,9.0,134252749,90515728,74728,0,0.0
1790775100.9,0.18272132976668998,16.0,218.0,9.0,134356686,90515728,103937,0,0.0
1790775103.0,0.21352654240633984,13.0,232.0,9.0,134412193,90515728,55507,0,0.0
1790775105.0,0.24631295864505698,20.0,233.0,9.0,134484564,90515728,72371,0,0.0
1790775107.1,0.2840988742186047,21.0,235.0,9.0,134577828,90515728,93264,0,0.0
1790775109.1,0.32362996552562695,21.0,236.0,9.0,134663342,90515728,85514,0,0.0
1790775111.2,0.3560301543479194,24.0,232.0,9.0,134758530,90515728,95188,0,0.0
1790775113.3,0.39142718182728486,30.0,226.0,9.0,134847475,90515728,88945,0,0.0
1790775115.3,0.42387028480695776,29.0,225.0,9.0,134881469,90515728,33994,0,0.0
1790775117.4,0.4625931594833136,38.0,215.0,9.0,134974051,90515728,92582,0,0.0
1790775119.4,0.4938275136967686,36.0,218.0,9.0,135082691,90515728,108640,0,0.0
1790775121.5,0.5252478292588725,37.0,218.0,9.0,135142268,90515728,59577,0,0.0
1790775123.5,0.5580199407784628,38.0,219.0,9.0,135192441,90515728,50173,0,0.0
1790775125.6,0.5937459767977455,62.0,194.0,9.0,135412204,90515728,219763,0,0.0
1790775127.6,0.6150170941393566,59.0,197.0,9.0,135412204,90515728,0,0,
1790775129.7,0.6265824595534066,52.0,201.0,9.0,135412204,90515728,0,0,
1790775131.7,0.636567153503941,47.0,206.0,9.0,135412204,90515728,0,0,
1790775133.8,0.6420601656486475,38.0,211.0,9.0,135412204,90515728,0,0,
1790775135.9,0.648711860042628,34.0,220.0,9.0,135412204,90515728,0,0,
1790775137.9,0.6770638133520248,37.0,222.0,9.0,135480261,90515728,68057,0,0.0
1790775140.0,0.6750182385168868,40.0,218.0,9.0,135557811,90515728,77550,0,0.0
1790775142.0,0.7038064857596521,38.0,219.0,9.0,135616459,90515728,58648,0,0.0
1790775144.1,0.7324802952494027,43.0,214.0,9.0,135703573,90515728,87114,0,0.0
1790775146.1,0.7643941236213827,44.0,214.0,9.0,135776328,90515728,72755,0,0.0
1790775148.2,0.7880970432145564,46.0,211.0,9.0,135843641,90515728,67313,0,0.0
1790775150.3,0.8210837255210494,52.0,206.0,9.0,135935498,90515728,91857,0,0.0
1790775152.3,0.8496144878195316,51.0,206.0,9.0,135972121,90515728,36623,0,0.0
1790775154.4,0.8854048950748852,60.0,199.0,9.0,136045901,90515728,73780,0,0.0
1790775156.4,0.9161600411975911,59.0,198.0,9.0,136157540,90515728,111639,0,0.0
1790775158.5,0.9191139656972835,52.0,203.0,9.0,136233963,90515728,76423,0,0.0
1790775160.6,0.9372022830331727,51.0,208.0,9.0,136233963,90515728,0,0,
1790775162.6,0.9626217689215673,53.0,206.0,9.0,136317805,90515744,83842,16,0.0002
1790775164.7,0.9755031684952866,51.0,207.0,9.0,136349579,90515744,31774,0,0.0
1790775166.7,0.962192627347762,54.0,203.0,9.0,136446235,90515744,96656,0,0.0
1790775168.8,0.9828629464860458,57.0,199.0,9.0,136482008,90515744,35773,0,0.0
1790775170.9,0.9680146480323859,50.0,206.0,9.0,136485072,90515744,3064,0,0.0
1790775172.9,0.9618922282460984,50.0,206.0,9.0,136520521,90515744,35449,0,0.0
1790775175.0,0.9007824681362382,46.0,208.0,9.0,136623064,90515744,102543,0,0.0
1790775177.0,0.9001745175733474,45.0,211.0,9.0,136623064,90515744,0,0,
1790775179.1,0.8997096142017251,45.0,211.0,9.0,136665644,90515744,42580,0,0.0
1790775181.1,0.9326962965082181,47.0,212.0,9.0,136805006,90515744,139362,0,0.0
1790775183.2,0.9280973293089391,45.0,212.0,9.0,136805006,90515744,0,0,
1790775185.3,0.9265381149241134,44.0,214.0,9.0,136805006,90515744,0,0,
1790775187.3,0.9558413320554451,53.0,206.0,9.0,136872958,90515760,67952,16,0.0002
1790775189.4,0.9729283190524554,54.0,202.0,9.0,136960614,90515760,87656,0,0.0
1790775191.4,0.9990773456163188,53.0,205.0,9.0,136995209,90515760,34595,0,0.0
1790775193.5,0.9717767891627448,47.0,210.0,9.0,137028835,90515760,33626,0,0.0
1790775195.6,0.9873832377301272,50.0,208.0,9.0,137095939,90515760,67104,0,0.0
1790775197.6,0.9611984493684467,52.0,203.0,9.0,137209719,90515760,113780,0,0.0
1790775199.7,0.9644313158911125,52.0,204.0,9.0,137295762,90515760,86043,0,0.0
1790775201.8,0.9058105769093224,47.0,207.0,9.0,137295762,90515760,0,0,
1790775203.8,0.9262162587437596,46.0,211.0,9.0,137329467,90515760,33705,0,0.0
1790775205.9,0.9552190767734275,48.0,210.0,9.0,137417843,90515760,88376,0,0.0
1790775208.0,0.9152946056904172,50.0,208.0,9.0,137491941,90515760,74098,0,0.0
1790775210.1,0.9253079090792052,48.0,211.0,9.0,137538681,90515760,46740,0,0.0
1790775212.1,0.9364798947172672,48.0,209.0,9.0,137633871,90515760,95190,0,0.0
1790775214.2,0.969430815225943,49.0,209.0,9.0,137693473,90515760,59602,0,0.0
1790775216.2,0.9764329752385312,49.0,209.0,9.0,137752375,90515760,58902,0,0.0
1790775218.3,0.9597179109388188,50.0,206.0,9.0,137819300,90515760,66925,0,0.0
1790775220.4,0.9506987855293462,48.0,209.0,9.0,137819300,90515760,0,0,
1790775222.4,0.9610410974580514,47.0,210.0,9.0,137928933,90515760,109633,0,0.0
1790775224.5,0.9793368332212797,49.0,210.0,9.0,137967814,90515760,38881,0,0.0
1790775226.5,0.9766976125423777,48.0,207.0,9.0,138006595,90515760,38781,0,0.0
1790775228.6,0.9518932295764373,47.0,210.0,9.0,138068124,90515760,61529,0,0.0
1790775230.6,0.9812250561460226,48.0,211.0,9.0,138109701,90515760,41577,0,0.0
1790775232.7,0.9877050939104811,48.0,211.0,9.0,138152744,90515760,43043,0,0.0
1790775234.7,0.9715550660162787,50.0,207.0,9.0,138243746,90515760,91002,0,0.0
1790775236.8,0.982526785586565,49.0,208.0,9.0,138276771,90515760,33025,0,0.0
1790775238.8,0.9751169410788619,49.0,207.0,9.0,138373923,90515760,97152,0,0.0
1790775240.9,0.9986911181998941,52.0,205.0,9.0,138400459,90515760,26536,0,0.0
1790775243.0,0.9676355729755246,49.0,208.0,9.0,138463355,90515760,62896,0,0.0
1790775245.0,0.964302573418971,48.0,208.0,9.0,138559216,90515760,95861,0,0.0
1790775247.1,0.9842576566009127,48.0,209.0,9.0,138617540,90515760,58324,0,0.0
1790775249.1,0.9808388287295979,47.0,210.0,9.0,138617540,90515760,0,0,
1790775251.2,0.9664983478049408,46.0,211.0,9.0,138676066,90515760,58526,0,0.0
1790775253.2,0.9709828772512051,46.0,210.0,9.0,138734067,90515760,58001,0,0.0
1790775255.3,0.9859170040196261,46.0,210.0,9.0,138767369,90515760,33302,0,0.0
1790775257.3,0.9947787775187035,46.0,210.0,9.0,138828509,90515776,61140,16,0.0003
1790775259.4,0.965682978814711,45.0,210.0,9.0,138899863,90515776,71354,0,0.0
1790775261.4,0.9979258157266082,47.0,210.0,9.0,138971588,90515776,71725,0,0.0
1790775263.5,0.9666914615131532,45.0,211.0,9.0,139028186,90515776,56598,0,0.0
1790775265.6,0.9464073697912941,44.0,212.0,9.0,139089968,90515776,61782,0,0.0
1790775267.6,0.9720271217474645,45.0,212.0,9.0,139179335,90515776,89367,0,0.0
1790775269.7,0.9940277797645444,45.0,213.0,9.0,139179335,90515776,0,0,
1790775271.7,0.9601542048721874,44.0,214.0,10.0,139179335,90515776,0,0,
1790775273.8,0.9388330210136324,42.0,214.0,10.0,139220906,90515776,41571,0,0.0
1790775275.8,0.9718268556796887,44.0,214.0,10.0,139308874,90515776,87968,0,0.0
1790775277.9,0.9852875963780451,45.0,212.0,10.0,139365890,90515776,57016,0,0.0
1790775279.9,0.9218461670505099,41.0,214.0,10.0,139526651,90515776,160761,0,0.0
1790775282.0,0.9255653940234884,40.0,217.0,10.0,139526651,90515776,0,0,
1790775284.1,0.9365657230320282,40.0,218.0,10.0,139526651,90515776,0,0,
1790775286.1,0.9210594074985338,39.0,219.0,10.0,139526651,90515776,0,0,
1790775288.2,0.9320454317879469,39.0,219.0,10.0,139526651,90515776,0,0,
1790775290.2,0.9211380834537314,39.0,218.0,10.0,139586890,90515776,60239,0,0.0
1790775292.3,0.9467864448481554,40.0,218.0,10.0,139637723,90515776,50833,0,0.0
1790775294.3,0.9443832520348463,39.0,218.0,10.0,139686505,90515776,48782,0,0.0
1790775296.4,0.9810319424378102,42.0,216.0,10.0,139784299,90515776,97794,0,0.0
1790775298.4,0.9808888952465419,42.0,216.0,10.0,139817672,90515776,33373,0,0.0
1790775300.5,0.9677786201667931,41.0,217.0,10.0,139896025,90515792,78353,16,0.0002
1790775302.5,0.9846653410960275,41.0,217.0,10.0,139896025,90515792,0,0,
1790775304.6,0.9526728367688501,40.0,218.0,10.0,140048015,90515792,151990,0,0.0
1790775306.6,0.9673208691547341,40.0,218.0,10.0,140048015,90515792,0,0,
1790775308.7,0.960726393637261,39.0,219.0,10.0,140048015,90515792,0,0,
1790775310.8,0.9717195702862375,39.0,219.0,10.0,140048015,90515792,0,0,
1790775312.9,0.9628077302702162,39.0,218.0,10.0,140103785,90515792,55770,0,0.0
1790775314.9,0.9621282561116913,38.0,220.0,10.0,140103785,90515792,0,0,
1790775317.0,0.9390905059579155,37.0,220.0,10.0,140199549,90515792,95764,0,0.0
1790775319.0,0.9537385383437996,37.0,221.0,10.0,140199549,90515792,0,0,
1790775321.1,0.9757034345630624,38.0,220.0,10.0,140259025,90515792,59476,0,0.0
1790775323.1,0.9774986768134808,38.0,221.0,10.0,140296870,90515792,37845,0,0.0
1790775325.2,0.9754387972592158,38.0,221.0,10.0,140354614,90515792,57744,0,0.0
1790775327.3,0.9696382336532822,39.0,219.0,10.0,140441703,90515792,87089,0,0.0
1790775329.4,0.974301572088632,39.0,219.0,10.0,140497463,90515792,55760,0,0.0
1790775331.4,0.9802523352453975,38.0,220.0,10.0,140497463,90515792,0,0,
1790775333.5,0.970110289384468,38.0,220.0,10.0,140584690,90515792,87227,0,0.0
1790775335.6,0.9966670004434462,39.0,219.0,10.0,140617603,90515792,32913,0,0.0
1790775337.6,0.931859470439298,38.0,220.0,10.0,140670026,90515792,52423,0,0.0
1790775339.7,0.9285836897592515,37.0,220.0,10.0,140729555,90515792,59529,0,0.0
1790775341.8,0.9300785329080064,38.0,220.0,10.0,140817787,90515824,88232,32,0.0004
1790775343.9,0.959381750039338,39.0,219.0,10.0,140879252,90515824,61465,0,0.0
1790775345.9,0.9850229590741986,41.0,218.0,10.0,140920346,90515824,41094,0,0.0
1790775348.0,0.996016135723175,41.0,218.0,10.0,140952373,90515840,32027,16,0.0005
1790775350.0,0.9980259487604961,42.0,217.0,10.0,141016423,90515840,64050,0,0.0
1790775352.1,0.9694165105068162,42.0,216.0,10.0,141071230,90515840,54807,0,0.0
1790775354.1,0.972699443546426,42.0,216.0,10.0,141137038,90515840,65808,0,0.0
1790775356.2,0.9430314560773599,41.0,216.0,10.0,141168751,90515840,31713,0,0.0
1790775358.2,0.9796372323229433,43.0,216.0,10.0,141254310,90515840,85559,0,0.0
1790775360.3,0.9620781895947473,42.0,216.0,10.0,141342059,90515840,87749,0,0.0
1790775362.4,0.9631939576866408,41.0,216.0,10.0,141342059,90515840,0,0,
1790775364.4,0.9849657401976912,42.0,217.0,10.0,141376071,90515840,34012,0,0.0
1790775366.5,0.9664196718497432,42.0,215.0,10.0,141448377,90515856,72306,16,0.0002
1790775368.5,0.9694665770237602,43.0,215.0,10.0,141527599,90515856,79222,0,0.0
1790775370.6,0.9753815783827084,43.0,215.0,10.0,141573771,90515856,46172,0,0.0
1790775372.7,0.9284406425679832,40.0,215.0,10.0,141620260,90515856,46489,0,0.0
1790775374.7,0.9577224026206246,41.0,217.0,10.0,141674622,90515856,54362,0,0.0
1790775376.8,0.9511708412605319,40.0,219.0,10.0,141674622,90515856,0,0,
1790775378.8,0.9245354542463559,39.0,219.0,10.0,141834232,90515856,159610,0,0.0
1790775380.9,0.9241778362681848,38.0,220.0,10.0,141834232,90515856,0,0,
1790775382.9,0.9388473257327592,38.0,220.0,10.0,141834232,90515856,0,0,
1790775385.0,0.9389045446092666,37.0,220.0,10.0,141834232,90515856,0,0,
1790775387.0,0.9498834165391162,37.0,222.0,10.0,141834232,90515856,0,0,
1790775389.1,0.9608908979072196,38.0,221.0,10.0,141869778,90515856,35546,0,0.0
1790775391.1,0.9938418184158954,39.0,220.0,10.0,141921894,90515856,52116,0,0.0
1790775393.2,0.9683651136509934,38.0,219.0,10.0,141969852,90515856,47958,0,0.0
1790775395.3,0.972921166692892,38.0,219.0,10.0,142003805,90515856,33953,0,0.0
1790775397.3,0.9802451828858341,38.0,219.0,10.0,142041840,90515856,38035,0,0.0
1790775399.4,0.9726922911868625,38.0,219.0,10.0,142122261,90515872,80421,16,0.0002
1790775401.4,0.9503483199107385,37.0,218.0,10.0,142196646,90515888,74385,16,0.0002
1790775403.5,0.965682978814711,38.0,220.0,10.0,142197102,90515888,456,0,0.0
1790775405.6,0.957679488463244,37.0,222.0,10.0,142274218,90515888,77116,0,0.0
1790775407.6,0.9589239990272791,37.0,221.0,10.0,142299583,90515888,25365,0,0.0
1790775409.7,0.9851302444676499,38.0,221.0,10.0,142336722,90515888,37139,0,0.0
1790775411.7,0.9678501437624272,37.0,220.0,10.0,142390570,90515888,53848,0,0.0
1790775413.8,0.9895718597565337,39.0,220.0,10.0,142425518,90515904,34948,16,0.0005
1790775415.8,0.985831175704865,40.0,218.0,10.0,142485828,90515904,60310,0,0.0
1790775417.9,0.9844293132304347,40.0,218.0,10.0,142521629,90515920,35801,16,0.0004
1790775419.9,0.9932696296508218,40.0,217.0,10.0,142576308,90515920,54679,0,0.0
1790775422.0,0.9784785500736694,40.0,218.0,10.0,142677080,90515920,100772,0,0.0
1790775424.1,0.9983978714577939,40.0,219.0,10.0,142677080,90515920,0,0,
1790775426.1,0.9719484457922669,39.0,219.0,10.0,142793217,90515920,116137,0,0.0
1790775428.2,0.9975538930293104,39.0,220.0,10.0,142793217,90515920,0,0,
1790775430.2,0.9637732988112778,37.0,220.0,10.0,142886732,90515936,93515,16,0.0002
1790775432.3,0.9821047963723233,37.0,221.0,10.0,142886732,90515936,0,0,
1790775434.3,0.9885919864963452,37.0,222.0,10.0,142938543,90515936,51811,0,0.0
1790775436.4,0.9804454489536097,36.0,222.0,10.0,142938543,90515936,0,0,
1790775438.4,0.9451485545081322,35.0,224.0,10.0,143040834,90515936,102291,0,0.0
1790775440.5,0.9634657473500507,35.0,224.0,10.0,143040834,90515936,0,0,
1790775442.5,0.9854091864906233,37.0,222.0,10.0,143091442,90515936,50608,0,0.0
1790775444.6,0.9897006022286753,37.0,221.0,10.0,143125077,90515936,33635,0,0.0
1790775446.7,0.9617062668974494,36.0,220.0,10.0,143165882,90515936,40805,0,0.0
1790775448.7,0.9572646516085657,36.0,221.0,10.0,143264382,90515936,98500,0,0.0
1790775450.8,0.9719269887135766,36.0,223.0,10.0,143264382,90515936,0,0,
1790775452.8,0.9925186318966627,37.0,222.0,10.0,143301262,90515936,36880,0,0.0
1790775454.9,0.9733073941093167,36.0,221.0,10.0,143355422,90515936,54160,0,0.0
1790775456.9,0.9771339064757464,36.0,222.0,10.0,143383674,90515936,28252,0,0.0
1790775459.0,0.9755246255739769,36.0,222.0,10.0,143438036,90515936,54362,0,0.0
1790775461.0,0.9858740898622456,37.0,221.0,10.0,143438405,90515936,369,0,0.0
1790775463.1,0.9733002417497533,37.0,222.0,10.0,143512002,90515952,73597,16,0.0002
1790775465.2,0.9592959217245769,38.0,222.0,10.0,143581569,90515968,69567,16,0.0002
1790775467.2,0.9874333042470711,39.0,221.0,10.0,143614809,90515968,33240,0,0.0
1790775469.3,0.9882915873946815,39.0,221.0,10.0,143614809,90515968,0,0,
1790775471.3,0.9212739782854363,38.0,220.0,10.0,143672429,90515968,57620,0,0.0
1790775473.4,0.9262591729011401,39.0,220.0,10.0,143745564,90515968,73135,0,0.0
1790775475.5,0.9592387028480696,41.0,219.0,10.0,143832648,90515984,87084,16,0.0002
1790775477.5,0.9921824709971819,43.0,217.0,10.0,143890295,90515984,57647,0,0.0
1790775479.6,0.9839715622183759,42.0,216.0,10.0,143975518,90516000,85223,16,0.0002
1790775481.6,0.9971247514555052,42.0,218.0,10.0,143975518,90516000,0,0,
1790775483.7,0.9980474058391864,42.0,218.0,10.0,143975518,90516000,0,0,
1790775485.7,0.9626289212811306,41.0,217.0,10.0,144048459,90516000,72941,0,0.0
1790775487.8,0.9116898164704537,40.0,218.0,10.0,144114647,90516016,66188,16,0.0002
1790775489.9,0.9409715765230949,42.0,217.0,10.0,144203796,90516032,89149,16,0.0002
1790775491.9,0.9666127855579556,43.0,216.0,10.0,144237360,90516032,33564,0,0.0
1790775494.0,0.9768621168123364,44.0,215.0,10.0,144336724,90516048,99364,16,0.0002
1790775496.0,0.992897706953524,44.0,215.0,10.0,144336724,90516048,0,0,
1790775498.1,0.9733431559071337,43.0,216.0,10.0,144391526,90516064,54802,16,0.0003
1790775500.1,0.9600326147596092,42.0,215.0,10.0,144440951,90516064,49425,0,0.0
1790775502.2,0.9649105239818616,43.0,215.0,10.0,144518383,90516064,77432,0,0.0
1790775504.2,0.9723489779278184,43.0,215.0,10.0,144576822,90516064,58439,0,0.0
1790775506.3,0.9736650120874877,43.0,217.0,10.0,144654223,90516064,77401,0,0.0
1790775508.4,0.9758321770352039,43.0,216.0,10.0,144690031,90516064,35808,0,0.0
1790775510.4,0.9636445563391363,42.0,215.0,10.0,144741170,90516064,51139,0,0.0
1790775512.5,0.9742085914143076,43.0,214.0,10.0,144811709,90516064,70539,0,0.0
1790775514.5,0.978643054343628,43.0,213.0,10.0,144849427,90516064,37718,0,0.0
1790775516.6,0.9886635100919794,43.0,215.0,10.0,144890037,90516064,40610,0,0.0
1790775518.6,0.9922754516715064,44.0,215.0,10.0,144959508,90516064,69471,0,0.0
1790775520.7,0.9818401590684767,44.0,214.0,10.0,145033769,90516064,74261,0,0.0
1790775522.7,0.9354499549401347,43.0,214.0,10.0,145068601,90516064,34832,0,0.0
1790775524.8,0.9575364412719756,44.0,215.0,10.0,145149209,90516080,80608,16,0.0002
1790775526.9,0.9905016664997783,46.0,214.0,10.0,145224766,90516080,75557,0,0.0
1790775528.9,0.9670419271317607,46.0,212.0,10.0,145321120,90516080,96354,0,0.0
1790775531.0,0.9802809446836511,46.0,213.0,10.0,145358197,90516080,37077,0,0.0
1790775533.1,0.9764043658002776,45.0,214.0,10.0,145416008,90516080,57811,0,0.0
1790775535.1,0.9655899981403865,45.0,213.0,10.0,145476890,90516080,60882,0,0.0
1790775537.2,0.971047248487276,44.0,214.0,10.0,145476890,90516080,0,0,
1790775539.3,0.9445477563048049,43.0,214.0,10.0,145561387,90516080,84497,0,0.0
1790775541.3,0.9628577967871601,44.0,216.0,10.0,145597530,90516080,36143,0,0.0
1790775543.4,0.9836568583975853,45.0,215.0,10.0,145670092,90516096,72562,16,0.0002
1790775545.4,0.9877193986296079,46.0,213.0,10.0,145719700,90516096,49608,0,0.0
1790775547.5,0.9729283190524554,46.0,213.0,10.0,145788335,90516096,68635,0,0.0
1790775549.5,0.9799876979415509,47.0,211.0,10.0,145832621,90516096,44286,0,0.0
1790775551.6,0.9605332799290486,46.0,212.0,10.0,145879630,90516096,47009,0,0.0
1790775553.6,0.9437609967528288,45.0,213.0,10.0,145965131,90516096,85501,0,0.0
1790775555.7,0.9620853419543107,46.0,214.0,10.0,146009950,90516096,44819,0,0.0
1790775557.8,0.9806886291787661,46.0,214.0,10.0,146009950,90516096,0,0,
1790775559.8,0.9792939190638992,45.0,216.0,10.0,146064783,90516096,54833,0,0.0
1790775561.9,0.9863890597508118,45.0,215.0,10.0,146121730,90516096,56947,0,0.0
1790775563.9,0.9881771496416668,45.0,215.0,10.0,146148984,90516096,27254,0,0.0
1790775566.0,0.9792867667043358,46.0,215.0,10.0,146240425,90516096,91441,0,0.0
1790775568.0,0.9895146408800263,46.0,215.0,10.0,146265725,90516096,25300,0,0.0
1790775570.1,0.9661049680289527,44.0,215.0,10.0,146349984,90516096,84259,0,0.0
1790775572.2,0.9876335703148469,44.0,216.0,10.0,146390588,90516096,40604,0,0.0
1790775574.2,0.9429170183243452,42.0,217.0,10.0,146390588,90516096,0,0,
1790775576.3,0.9406711774214314,42.0,217.0,10.0,146562123,90516096,171535,0,0.0
1790775578.3,0.9589669131846597,42.0,218.0,10.0,146562123,90516096,0,0,
1790775580.4,0.9699386327549459,42.0,218.0,10.0,146562123,90516096,0,0,
1790775582.4,0.9809318094039223,42.0,218.0,10.0,146562123,90516096,0,0,
1790775584.5,0.9882701303159912,42.0,219.0,10.0,146562123,90516096,0,0,
1790775586.5,0.975288597708384,43.0,217.0,10.0,146620153,90516096,58030,0,0.0
1790775588.6,0.9979472728052985,43.0,218.0,10.0,146620153,90516096,0,0,
1790775590.7,0.9771696682735634,41.0,220.0,10.0,146660194,90516096,40041,0,0.0
1790775592.7,0.9923970417840846,41.0,220.0,10.0,146720823,90516096,60629,0,0.0
1790775594.8,0.9978399874118472,41.0,219.0,10.0,146761451,90516096,40628,0,0.0
1790775596.8,0.9840001716566296,41.0,219.0,10.0,146840609,90516112,79158,16,0.0002
1790775598.9,0.9668702705022387,40.0,219.0,10.0,146877847,90516128,37238,16,0.0004
1790775600.9,0.9775487433304247,40.0,219.0,10.0,146925552,90516144,47705,16,0.0003
1790775603.0,0.9591171127354914,39.0,220.0,10.0,146983555,90516144,58003,0,0.0
1790775605.0,0.9455920008010643,41.0,218.0,10.0,147066696,90516144,83141,0,0.0
1790775607.1,0.9749095226515228,42.0,219.0,10.0,147125592,90516144,58896,0,0.0
1790775609.1,0.9908449797588225,41.0,220.0,10.0,147125592,90516144,0,0,
1790775611.2,0.9859313087387529,41.0,220.0,10.0,147161064,90516144,35472,0,0.0
1790775613.3,0.9582731343070079,39.0,221.0,10.0,147218876,90516160,57812,16,0.0003
1790775615.3,0.9539459567711388,40.0,220.0,10.0,147285067,90516176,66191,16,0.0002
1790775617.4,0.9826412233395797,42.0,219.0,10.0,147339093,90516176,54026,0,0.0
1790775619.4,0.9115181598409315,39.0,221.0,10.0,147422963,90516176,83870,0,0.0
1790775621.5,0.9298282003232866,40.0,221.0,10.0,147457170,90516176,34207,0,0.0
1790775623.5,0.9664625860071238,42.0,219.0,10.0,147516795,90516176,59625,0,0.0
1790775625.6,0.9296064771768207,40.0,218.0,10.0,147567626,90516176,50831,0,0.0
1790775627.7,0.9625717024046233,42.0,219.0,10.0,147647134,90516176,79508,0,0.0
1790775629.7,0.9913027307708813,43.0,218.0,10.0,147704710,90516176,57576,0,0.0
1790775631.8,0.9983406525812866,43.0,217.0,10.0,147758182,90516176,53472,0,0.0
1790775633.8,0.9566996152030555,42.0,217.0,10.0,147832430,90516176,74248,0,0.0
1790775635.9,0.9786645114223183,43.0,218.0,10.0,147865422,90516192,32992,16,0.0005
1790775637.9,0.9685153132018253,43.0,216.0,10.0,147899225,90516192,33803,0,0.0
1790775640.0,0.9847297123320984,43.0,216.0,10.0,147981480,90516192,82255,0,0.0
1790775642.0,0.9993848970775459,43.0,216.0,10.0,147981480,90516192,0,0,
1790775644.1,0.9916245869512352,42.0,218.0,11.0,148050652,90516192,69172,0,0.0
1790775646.2,0.9723132161300013,41.0,218.0,11.0,148050652,90516192,0,0,
1790775648.2,0.9828486417669189,41.0,219.0,11.0,148113967,90516208,63315,16,0.0003
1790775650.3,0.9839787145779393,41.0,219.0,11.0,148146966,90516208,32999,0,0.0
1790775652.3,0.9833707640150485,41.0,218.0,11.0,148186074,90516208,39108,0,0.0
1790775654.4,0.9839644098588124,41.0,218.0,11.0,148226768,90516224,40694,16,0.0004
1790775656.4,0.9628077302702162,42.0,217.0,11.0,148301448,90516240,74680,16,0.0002
1790775658.5,0.9690875019668989,43.0,217.0,11.0,148378079,90516240,76631,0,0.0
1790775660.6,0.983377916374612,42.0,219.0,11.0,148436888,90516240,58809,0,0.0
1790775662.6,0.9779278183872859,41.0,220.0,11.0,148478854,90516240,41966,0,0.0
1790775664.7,0.958208763070937,41.0,218.0,11.0,148571114,90516240,92260,0,0.0
1790775666.7,0.9838642768249245,42.0,218.0,11.0,148623622,90516240,52508,0,0.0
1790775668.8,0.9757034345630624,43.0,217.0,11.0,148706467,90516240,82845,0,0.0
1790775670.8,0.9984908521321184,43.0,218.0,11.0,148706467,90516240,0,0,
1790775672.9,0.9444905374282976,41.0,217.0,11.0,148790182,90516240,83715,0,0.0
1790775674.9,0.972699443546426,42.0,218.0,11.0,148834410,90516240,44228,0,0.0
1790775677.0,0.9133277068104768,40.0,218.0,11.0,148904242,90516240,69832,0,0.0
1790775679.1,0.912412204786359,40.0,219.0,11.0,148941680,90516240,37438,0,0.0
1790775681.1,0.9029496330839544,40.0,218.0,11.0,149014824,90516256,73144,16,0.0002
1790775683.2,0.939541104610411,43.0,216.0,11.0,149098614,90516256,83790,0,0.0
1790775685.2,0.9500693778877651,45.0,215.0,11.0,149172747,90516256,74133,0,0.0
1790775687.3,0.983020298396441,47.0,213.0,11.0,149266802,90516272,94055,16,0.0002
1790775689.3,0.9698528044401848,46.0,212.0,11.0,149339384,90516272,72582,0,0.0
1790775691.4,0.9882129114394839,47.0,212.0,11.0,149365654,90516272,26270,0,0.0
1790775693.4,0.9872902570558028,47.0,212.0,12.0,149402625,90516272,36971,0,0.0
1790775695.5,0.9705966498347804,46.0,212.0,12.0,149465676,90516288,63051,16,0.0003
1790775697.5,0.9917533294233768,46.0,214.0,12.0,149465676,90516288,0,0,
1790775699.6,0.9996852961792095,46.0,214.0,12.0,149501494,90516288,35818,0,0.0
1790775701.7,0.9852446822206646,46.0,213.0,12.0,149568896,90516288,67402,0,0.0
1790775703.7,0.9996852961792095,47.0,214.0,12.0,149617667,90516288,48771,0,0.0
1790775705.8,0.9830274507560044,46.0,215.0,13.0,149617667,90516288,0,0,
1790775707.8,0.9784141788375985,46.0,214.0,13.0,149707744,90516288,90077,0,0.0
1790775709.9,0.9691375684838428,47.0,212.0,13.0,149744129,90516288,36385,0,0.0
1790775711.9,0.9933912197634,47.0,212.0,13.0,149797239,90516288,53110,0,0.0
1790775714.0,0.9970460755003075,50.0,210.0,13.0,149874954,90516288,77715,0,0.0
1790775716.2,0.9970317707811807,51.0,209.0,13.0,149949186,90516288,74232,0,0.0
1790775718.2,0.9408571387700803,48.0,211.0,13.0,150110771,90516288,161585,0,0.0
1790775720.3,0.9273892457121604,46.0,214.0,13.0,150110771,90516288,0,0,
1790775722.4,0.9420301257384811,46.0,216.0,13.0,150110771,90516288,0,0,
1790775724.4,0.9294491252664254,45.0,216.0,13.0,150110771,90516288,0,0,
1790775726.5,0.940427997196275,45.0,216.0,13.0,150110771,90516288,0,0,
1790775728.5,0.9587451900381936,47.0,215.0,13.0,150177955,90516288,67184,0,0.0
1790775730.6,0.9742729626503783,47.0,215.0,13.0,150177955,90516288,0,0,
1790775732.6,0.9915888251534181,47.0,215.0,13.0,150242468,90516288,64513,0,0.0
1790775734.7,0.9883130444733718,47.0,214.0,13.0,150270594,90516288,28126,0,0.0
1790775736.8,0.996066202240119,47.0,215.0,13.0,150302088,90516288,31494,0,0.0
1790775738.8,0.975016808044974,46.0,214.0,13.0,150394756,90516288,92668,0,0.0
1790775740.9,0.9715193042184617,45.0,215.0,13.0,150394756,90516288,0,0,
1790775742.9,0.9971319038150686,46.0,216.0,13.0,150450832,90516288,56076,0,0.0
1790775745.0,0.9404566066345287,44.0,217.0,13.0,150510690,90516288,59858,0,0.0
1790775747.0,0.9697598237658603,45.0,216.0,13.0,150570602,90516288,59912,0,0.0
1790775749.1,0.9549615918291444,45.0,216.0,13.0,150621407,90516288,50805,0,0.0
1790775751.1,0.9842648089604761,46.0,216.0,13.0,150677958,90516288,56551,0,0.0
1790775753.2,0.9637876035304047,46.0,215.0,13.0,150739472,90516288,61514,0,0.0
1790775755.3,0.9714334759037007,46.0,215.0,13.0,150798916,90516288,59444,0,0.0
1790775757.3,0.9758321770352039,46.0,215.0,13.0,150858517,90516288,59601,0,0.0
1790775759.4,0.972563548714721,46.0,216.0,13.0,150875883,90516288,17366,0,0.0
1790775761.4,0.886048607435593,45.0,215.0,13.0,150931171,90516304,55288,16,0.0003
1790775763.5,0.9190138326633956,47.0,215.0,13.0,151000641,90516304,69470,0,0.0
1790775765.5,0.9405209778705995,49.0,212.0,13.0,151102051,90516320,101410,16,0.0002
1790775767.6,0.9579441257670905,49.0,213.0,13.0,151160228,90516320,58177,0,0.0
1790775769.6,0.9872401905388588,51.0,211.0,13.0,151219454,90516320,59226,0,0.0
1790775771.7,0.9850515685124522,51.0,211.0,13.0,151275515,90516320,56061,0,0.0
1790775773.7,0.9857811091879211,51.0,209.0,13.0,151357520,90516320,82005,0,0.0
1790775775.8,0.9768120502953924,51.0,209.0,14.0,151403980,90516320,46460,0,0.0
1790775777.9,0.9711902956785443,51.0,211.0,14.0,151472555,90516336,68575,16,0.0002
1790775779.9,0.9789863676026721,52.0,210.0,14.0,151515387,90516336,42832,0,0.0
1790775782.0,0.9968815712303489,52.0,210.0,14.0,151551816,90516336,36429,0,0.0
1790775784.0,0.9852446822206646,51.0,209.0,14.0,151590203,90516336,38387,0,0.0
1790775786.1,0.9628077302702162,50.0,209.0,14.0,151632790,90516336,42587,0,0.0
1790775788.1,0.9651608565665813,51.0,210.0,14.0,151741774,90516336,108984,0,0.0
1790775790.2,0.9754387972592158,50.0,212.0,14.0,151741774,90516336,0,0,
1790775792.2,0.9793153761425895,51.0,210.0,14.0,151831464,90516336,89690,0,0.0
1790775794.3,0.9978757492096643,51.0,210.0,14.0,151876915,90516336,45451,0,0.0
1790775796.3,0.9897864305434363,51.0,209.0,15.0,151924924,90516336,48009,0,0.0
1790775798.4,0.988026950090835,51.0,208.0,15.0,151981273,90516336,56349,0,0.0
1790775800.5,0.9868897249202512,52.0,209.0,15.0,152034189,90516336,52916,0,0.0
1790775802.5,0.9906947802079906,52.0,210.0,15.0,152068689,90516352,34500,16,0.0005
1790775804.6,0.9811249231121347,51.0,209.0,15.0,152122762,90516352,54073,0,0.0
1790775806.6,0.9561202740784185,50.0,209.0,15.0,152212580,90516368,89818,16,0.0002
1790775808.7,0.9739010399530805,50.0,209.0,15.0,152290638,90516368,78058,0,0.0
1790775810.7,0.9758393293947674,50.0,208.0,15.0,152343070,90516368,52432,0,0.0
1790775812.8,0.998126081794384,50.0,210.0,15.0,152343070,90516368,0,0,
1790775814.8,0.971984207590084,48.0,212.0,15.0,152442529,90516368,99459,0,0.0
1790775816.9,0.9756176062483013,45.0,216.0,15.0,152442529,90516368,0,0,
1790775818.9,0.9716051325332227,46.0,215.0,15.0,152523918,90516368,81389,0,0.0
1790775821.0,0.9691947873603501,45.0,216.0,15.0,152523918,90516368,0,0,
1790775823.1,0.963623099260446,45.0,217.0,15.0,152601096,90516384,77178,16,0.0002
1790775825.1,0.9664125194901798,45.0,216.0,15.0,152645962,90516384,44866,0,0.0
1790775827.2,0.9954439469581015,46.0,215.0,15.0,152715528,90516384,69566,0,0.0
1790775829.2,0.9660692062311357,45.0,214.0,15.0,152769711,90516400,54183,16,0.0003
1790775831.3,0.973994020627405,44.0,218.0,15.0,152769711,90516400,0,0,
1790775833.3,0.9466863118142675,42.0,218.0,15.0,152832668,90516400,62957,0,0.0
1790775835.4,0.9484815540646859,42.0,218.0,15.0,152972596,90516400,139928,0,0.0
1790775837.4,0.970503669160456,42.0,220.0,15.0,152972596,90516400,0,0,
1790775839.5,0.9814682363711789,42.0,220.0,15.0,152972596,90516400,0,0,
1790775841.6,0.9924328035819017,42.0,220.0,15.0,152972596,90516400,0,0,
1790775843.6,0.9673208691547341,42.0,218.0,15.0,153038902,90516400,66306,0,0.0
1790775845.7,0.988556224698528,42.0,220.0,15.0,153038902,90516400,0,0,
1790775847.7,0.9467506830503383,39.0,223.0,15.0,153198848,90516400,159946,0,0.0
1790775849.8,0.9650607235326935,39.0,223.0,15.0,153198848,90516400,0,0,
1790775851.8,0.9489679145149985,38.0,223.0,15.0,153198848,90516400,0,0,
1790775853.9,0.9599539388044116,38.0,223.0,15.0,153198848,90516400,0,0,
1790775855.9,0.9652609896004692,37.0,223.0,15.0,153198848,90516400,0,0,
1790775858.0,0.9484600969859956,37.0,225.0,15.0,153247418,90516400,48570,0,0.0
1790775860.1,0.9741084583804197,38.0,224.0,15.0,153303657,90516400,56239,0,0.0
1790775862.1,0.9847511694107887,39.0,222.0,15.0,153370880,90516400,67223,0,0.0
1790775864.2,0.972463415680833,39.0,222.0,15.0,153469746,90516400,98866,0,0.0
1790775866.2,0.9927475074026921,39.0,222.0,15.0,153469746,90516400,0,0,
1790775868.3,0.9669560988169997,38.0,222.0,15.0,153503740,90516400,33994,0,0.0
1790775870.3,0.9678716008411175,38.0,223.0,15.0,153503740,90516400,0,0,
1790775872.4,0.96559715049995,37.0,223.0,15.0,153607748,90516400,104008,0,0.0
1790775874.4,0.9802523352453975,37.0,224.0,15.0,153607748,90516400,0,0,
1790775876.5,0.9554765617177107,36.0,223.0,15.0,153682469,90516416,74721,16,0.0002
1790775878.5,0.9609052026263465,35.0,224.0,15.0,153682469,90516416,0,0,
1790775880.6,0.9805741914257513,36.0,224.0,15.0,153716428,90516432,33959,16,0.0005
1790775882.7,0.9574863747550317,36.0,223.0,15.0,153782405,90516432,65977,0,0.0
1790775884.7,0.9831204314303289,37.0,222.0,15.0,153817509,90516432,35104,0,0.0
1790775886.8,0.9880054930121447,37.0,221.0,15.0,153856587,90516432,39078,0,0.0
1790775888.8,0.9875119802022687,37.0,222.0,15.0,153910235,90516432,53648,0,0.0
1790775890.9,0.9891641752614188,37.0,223.0,15.0,153963092,90516432,52857,0,0.0
1790775892.9,0.9826269186204529,37.0,222.0,15.0,154017813,90516432,54721,0,0.0
1790775895.0,0.9837140772740928,37.0,222.0,15.0,154020396,90516432,2583,0,0.0
1790775897.1,0.9414007180969002,38.0,221.0,15.0,154108802,90516432,88406,0,0.0
1790775899.1,0.9743874004033931,39.0,221.0,15.0,154160696,90516432,51894,0,0.0
1790775901.2,0.9973750840402249,40.0,220.0,15.0,154209902,90516432,49206,0,0.0
1790775903.2,0.9894145078461385,40.0,219.0,15.0,154243814,90516448,33912,16,0.0005
1790775905.3,0.9659261590398672,40.0,219.0,15.0,154315378,90516464,71564,16,0.0002
1790775907.4,0.9686512080335302,40.0,219.0,15.0,154355301,90516464,39923,0,0.0
1790775909.4,0.9948503011143376,41.0,219.0,15.0,154413451,90516464,58150,0,0.0
1790775911.5,0.9805455819874976,40.0,220.0,15.0,154413451,90516464,0,0,
1790775913.5,0.959109960375928,39.0,220.0,15.0,154516406,90516464,102955,0,0.0
1790775915.6,0.9774056961391563,39.0,221.0,15.0,154516406,90516464,0,0,
1790775917.7,0.9871972763814783,39.0,221.0,15.0,154516406,90516464,0,0,
1790775919.7,0.974623428268986,39.0,220.0,15.0,154610768,90516480,94362,16,0.0002
1790775921.8,0.9994850301114337,40.0,219.0,15.0,154643332,90516480,32564,0,0.0
1790775923.8,0.9771196017566195,39.0,220.0,15.0,154643332,90516480,0,0,
1790775925.9,0.9568140529560702,39.0,220.0,15.0,154705721,90516480,62389,0,0.0
1790775927.9,0.9685439226400789,40.0,220.0,15.0,154800821,90516480,95100,0,0.0
1790775930.0,0.9844293132304347,40.0,219.0,15.0,154840764,90516480,39943,0,0.0
1790775932.0,0.9838928862631782,41.0,217.0,15.0,154867601,90516480,26837,0,0.0
1790775934.1,0.9848656071638033,41.0,218.0,15.0,154867601,90516480,0,0,
1790775936.2,0.9647889338692834,40.0,219.0,15.0,154966816,90516480,99215,0,0.0
1790775938.3,0.9867609824481096,40.0,220.0,15.0,154966816,90516480,0,0,
1790775940.3,0.9948431487547742,40.0,220.0,15.0,154966816,90516480,0,0,
1790775942.4,0.9836568583975853,41.0,218.0,15.0,155060446,90516496,93630,16,0.0002
1790775944.4,0.9675425923012002,40.0,217.0,16.0,155103901,90516496,43455,0,0.0
1790775946.5,0.9338907405553092,40.0,219.0,16.0,155147679,90516496,43778,0,0.0
1790775948.5,0.942266153604074,41.0,217.0,16.0,155237776,90516496,90097,0,0.0
1790775950.6,0.9715693707354056,43.0,216.0,16.0,155337660,90516496,99884,0,0.0
1790775952.6,0.9953438139242136,43.0,216.0,16.0,155337660,90516496,0,0,
1790775954.7,0.9508489850801779,42.0,216.0,16.0,155375377,90516496,37717,0,0.0
1790775956.8,0.9801450498519462,44.0,214.0,16.0,155479002,90516496,103625,0,0.0
1790775958.8,0.9901011343642268,43.0,215.0,16.0,155479002,90516496,0,0,
1790775960.9,0.9162029553549716,40.0,215.0,16.0,155681252,90516496,202250,0,0.0
1790775963.0,0.9418513167493956,40.0,218.0,16.0,155681252,90516496,0,0,
1790775965.0,0.8823651422604317,39.0,220.0,16.0,155681252,90516496,0,0,
1790775967.1,0.8933583189094082,39.0,220.0,16.0,155681252,90516496,0,0,
1790775969.1,0.9006680303832234,39.0,220.0,16.0,155681252,90516496,0,0,
1790775971.2,0.9116755117513268,39.0,220.0,16.0,155681252,90516496,0,0,
1790775973.3,0.9189923755847054,39.0,220.0,16.0,155681252,90516496,0,0,
1790775975.3,0.9263235441372109,40.0,219.0,16.0,155714189,90516496,32937,0,0.0
1790775977.4,0.9462071037235184,40.0,218.0,16.0,155747791,90516496,33602,0,0.0
1790775979.4,0.9537743001416167,41.0,218.0,16.0,155861732,90516496,113941,0,0.0
1790775981.5,0.9312658245955341,40.0,218.0,16.0,155861732,90516496,0,0,
1790775983.5,0.949590169797016,42.0,216.0,16.0,155902159,90516496,40427,0,0.0
1790775985.6,0.9825625473843821,44.0,215.0,16.0,155981624,90516496,79465,0,0.0
1790775987.6,0.9970603802194344,44.0,215.0,16.0,155986895,90516496,5271,0,0.0
1790775989.7,0.9640665455533781,44.0,213.0,16.0,156068835,90516496,81940,0,0.0
1790775991.8,0.9645171442058735,44.0,214.0,16.0,156130163,90516496,61328,0,0.0
1790775993.8,0.9790292817600527,45.0,214.0,16.0,156183961,90516512,53798,16,0.0003
1790775995.9,0.9832563262620339,44.0,214.0,16.0,156222130,90516512,38169,0,0.0
1790775997.9,0.9844579226686884,44.0,214.0,16.0,156303942,90516512,81812,0,0.0
1790776000.0,0.9522150857567911,43.0,216.0,16.0,156303942,90516512,0,0,
1790776002.1,0.96862975095484,45.0,214.0,16.0,156401635,90516512,97693,0,0.0
1790776004.1,0.9510206417097,45.0,212.0,16.0,156441250,90516512,39615,0,0.0
1790776006.2,0.9840144763757563,47.0,211.0,16.0,156512821,90516512,71571,0,0.0
1790776008.2,0.9736721644470511,47.0,210.0,16.0,156564935,90516512,52114,0,0.0
1790776010.3,0.9750954840001717,47.0,210.0,16.0,156615779,90516512,50844,0,0.0
1790776012.3,0.9532092637361066,45.0,213.0,16.0,156615779,90516512,0,0,
1790776014.4,0.9170397814238918,44.0,214.0,16.0,156721472,90516512,105693,0,0.0
1790776016.5,0.9316806614502124,44.0,215.0,16.0,156721472,90516512,0,0,
1790776018.5,0.9500050066516944,45.0,214.0,16.0,156779028,90516512,57556,0,0.0
1790776020.6,0.9272247414422018,44.0,214.0,16.0,156834031,90516512,55003,0,0.0
1790776022.6,0.9491753329423377,46.0,213.0,16.0,156871943,90516512,37912,0,0.0
1790776024.7,0.982169167608394,48.0,211.0,16.0,156964063,90516512,92120,0,0.0
1790776026.7,0.9719198363540131,46.0,212.0,16.0,156964063,90516512,0,0,
1790776028.8,0.9743945527629565,46.0,211.0,16.0,157031608,90516528,67545,16,0.0002
1790776030.8,0.9999356287639293,47.0,212.0,16.0,157069702,90516528,38094,0,0.0
1790776032.9,0.9573862417211438,47.0,211.0,17.0,157130435,90516528,60733,0,0.0
1790776034.9,0.9330396097672622,45.0,212.0,17.0,157130435,90516528,0,0,
1790776037.0,0.9252578425622613,45.0,213.0,17.0,157302300,90516528,171865,0,0.0
1790776039.1,0.9472441958602142,45.0,213.0,17.0,157302300,90516528,0,0,
1790776041.1,0.9618922282460984,45.0,214.0,17.0,157302300,90516528,0,0,
1790776043.2,0.9728496430972577,45.0,214.0,17.0,157302300,90516528,0,0,
1790776045.2,0.9801951163688901,45.0,214.0,17.0,157302300,90516528,0,0,
1790776047.3,0.966534109602758,44.0,214.0,17.0,157302300,90516528,0,0,
1790776049.3,0.9593030740841404,45.0,214.0,17.0,157345512,90516528,43212,0,0.0
1790776051.4,0.9885133105411475,46.0,213.0,17.0,157407270,90516528,61758,0,0.0
1790776053.4,0.9740726965826026,46.0,212.0,17.0,157486891,90516528,79621,0,0.0
1790776055.5,0.9519862102507617,45.0,212.0,17.0,157576473,90516528,89582,0,0.0
1790776057.6,0.9560415981232209,44.0,214.0,17.0,157576473,90516528,0,0,
1790776059.6,0.9706753257899781,45.0,213.0,17.0,157617198,90516528,40725,0,0.0
1790776061.7,0.9626146165620038,45.0,213.0,17.0,157663581,90516528,46383,0,0.0
1790776063.7,0.9697240619680433,45.0,213.0,17.0,157699130,90516528,35549,0,0.0
1790776065.8,0.9940706939219248,45.0,213.0,17.0,157757124,90516528,57994,0,0.0
1790776067.8,0.9800878309754388,45.0,212.0,17.0,157833320,90516528,76196,0,0.0
1790776069.9,0.9940635415623614,45.0,213.0,17.0,157877182,90516528,43862,0,0.0
1790776071.9,0.9715693707354056,44.0,214.0,17.0,157937262,90516528,60080,0,0.0
1790776074.0,0.9893429842505043,43.0,216.0,17.0,157937262,90516528,0,0,
1790776076.0,0.8835023674310155,41.0,216.0,17.0,158020186,90516528,82924,0,0.0
1790776078.1,0.8814710973150042,41.0,216.0,17.0,158062407,90516528,42221,0,0.0
1790776080.2,0.9070836969116112,42.0,216.0,17.0,158122411,90516528,60004,0,0.0
1790776082.2,0.9363869140429427,43.0,215.0,17.0,158199389,90516528,76978,0,0.0
1790776084.3,0.8962550245325933,42.0,214.0,17.0,158232663,90516544,33274,16,0.0005
1790776086.3,0.929256011558213,45.0,213.0,17.0,158330773,90516544,98110,0,0.0
1790776088.4,0.9622069320668889,46.0,212.0,17.0,158393100,90516544,62327,0,0.0
1790776090.4,0.9836425536784585,46.0,212.0,17.0,158450102,90516544,57002,0,0.0
1790776092.5,0.9808030669317808,46.0,212.0,17.0,158516412,90516560,66310,16,0.0002
1790776094.6,0.9824767190696211,45.0,212.0,17.0,158516412,90516560,0,0,
1790776096.6,0.9992990687627848,46.0,212.0,17.0,158552828,90516560,36416,0,0.0
1790776098.7,0.9805527343470611,45.0,211.0,17.0,158648964,90516560,96136,0,0.0
1790776100.7,0.9672851073569171,44.0,213.0,17.0,158713998,90516560,65034,0,0.0
1790776102.8,0.9745304475946615,43.0,214.0,17.0,158713998,90516560,0,0,
1790776104.9,0.982169167608394,43.0,214.0,17.0,158798326,90516560,84328,0,0.0
1790776106.9,0.9944640736979129,43.0,215.0,17.0,158798326,90516560,0,0,
1790776109.0,0.9785500736693035,42.0,215.0,17.0,158841128,90516576,42802,16,0.0004
1790776111.0,0.9607120889181341,41.0,216.0,17.0,158898990,90516576,57862,0,0.0
1790776113.1,0.9722130830961134,42.0,216.0,17.0,159001166,90516592,102176,16,0.0002
1790776115.1,0.9716337419714763,41.0,216.0,17.0,159001166,90516592,0,0,
1790776117.2,0.9824910237887479,41.0,217.0,17.0,159073413,90516592,72247,0,0.0
1790776119.2,0.9577438596993149,40.0,218.0,17.0,159125348,90516592,51935,0,0.0
1790776121.3,0.9783140458037106,41.0,217.0,17.0,159159607,90516592,34259,0,0.0
1790776123.3,0.9825553950248187,41.0,216.0,17.0,159213440,90516592,53833,0,0.0
1790776125.4,0.9733002417497533,41.0,216.0,17.0,159263038,90516592,49598,0,0.0
1790776127.4,0.9647531720714664,41.0,216.0,17.0,159300449,90516592,37411,0,0.0
1790776129.5,0.9365514183129015,40.0,216.0,17.0,159369958,90516592,69509,0,0.0
1790776131.6,0.9425808574248644,40.0,215.0,17.0,159413409,90516592,43451,0,0.0
1790776133.6,0.9341053113422118,41.0,215.0,17.0,159496085,90516592,82676,0,0.0
1790776135.7,0.9633942237544166,43.0,215.0,17.0,159581088,90516592,85003,0,0.0
1790776137.7,0.9647031055545224,43.0,215.0,17.0,159607349,90516592,26261,0,0.0
1790776139.8,0.9614702390318566,44.0,213.0,17.0,159736655,90516592,129306,0,0.0
1790776141.8,0.9579369734075271,43.0,215.0,17.0,159736655,90516592,0,0,
1790776143.9,0.9835638777232609,45.0,213.0,17.0,159821564,90516592,84909,0,0.0
1790776146.0,0.9625001788089891,43.0,214.0,18.0,159821564,90516592,0,0,
1790776148.0,0.9855951478392722,45.0,212.0,18.0,159894449,90516592,72885,0,0.0
1790776150.1,0.9603473185803997,44.0,212.0,18.0,159954899,90516592,60450,0,0.0
1790776152.2,0.9803953824366659,44.0,213.0,18.0,159954899,90516592,0,0,
1790776154.2,0.9261161257098717,45.0,212.0,18.0,160065606,90516592,110707,0,0.0
1790776156.3,0.9517716394638591,46.0,211.0,18.0,160120991,90516592,55385,0,0.0
1790776158.3,0.9656472170168938,47.0,211.0,18.0,160193927,90516592,72936,0,0.0
1790776160.4,0.948925000357618,46.0,210.0,18.0,160266450,90516592,72523,0,0.0
1790776162.4,0.9627219019554552,47.0,210.0,18.0,160332607,90516592,66157,0,0.0
1790776164.5,0.9825482426652553,48.0,210.0,18.0,160353824,90516592,21217,0,0.0
1790776166.5,0.9465861787803797,46.0,209.0,18.0,160417480,90516608,63656,16,0.0003
1790776168.6,0.97220593073655,48.0,209.0,18.0,160499667,90516608,82187,0,0.0
1790776170.7,0.965361122634357,48.0,208.0,18.0,160543176,90516624,43509,16,0.0004
1790776172.7,0.9941350651579957,49.0,208.0,18.0,160584029,90516624,40853,0,0.0
1790776174.8,0.981589826483757,48.0,210.0,18.0,160648016,90516640,63987,16,0.0003
1790776176.8,0.9760825096199236,47.0,211.0,18.0,160648016,90516640,0,0,
1790776178.9,0.9934985051568512,47.0,211.0,18.0,160707159,90516640,59143,0,0.0
1790776181.0,0.9258514884060252,44.0,213.0,18.0,160800752,90516640,93593,0,0.0
1790776183.0,0.9397771324760038,45.0,212.0,18.0,160898434,90516640,97682,0,0.0
1790776185.1,0.965411189151301,46.0,211.0,18.0,160942331,90516640,43897,0,0.0
1790776187.2,0.9836497060380219,46.0,211.0,18.0,160942331,90516640,0,0,
1790776189.2,0.9696239289341554,45.0,212.0,18.0,160942331,90516640,0,0,
1790776191.3,0.9521578668802838,44.0,214.0,18.0,161104498,90516640,162167,0,0.0
1790776193.3,0.9560559028423476,43.0,214.0,18.0,161104498,90516640,0,0,
1790776195.4,0.9670419271317607,43.0,215.0,18.0,161104498,90516640,0,0,
1790776197.4,0.978013646702047,43.0,215.0,18.0,161104498,90516640,0,0,
1790776199.5,0.9849657401976912,43.0,215.0,18.0,161104498,90516640,0,0,
1790776201.5,0.9573862417211438,42.0,214.0,18.0,161206577,90516640,102079,0,0.0
1790776203.6,0.9591385698141817,41.0,217.0,18.0,161206577,90516640,0,0,
1790776205.7,0.9528659504770624,40.0,217.0,18.0,161206577,90516640,0,0,
1790776207.7,0.9636016421817558,41.0,217.0,18.0,161282972,90516640,76395,0,0.0
1790776209.8,0.9565279585735335,40.0,217.0,18.0,161340892,90516640,57920,0,0.0
1790776211.8,0.9614773913914201,41.0,217.0,18.0,161431187,90516640,90295,0,0.0
1790776213.9,0.9834351352511194,42.0,216.0,18.0,161470990,90516640,39803,0,0.0
1790776215.9,0.9938775802137125,42.0,216.0,18.0,161470990,90516640,0,0,
1790776218.0,0.990480209421088,42.0,217.0,18.0,161504836,90516640,33846,0,0.0
1790776220.1,0.9785786831075571,42.0,217.0,18.0,161558884,90516640,54048,0,0.0
1790776222.1,0.9886635100919794,42.0,217.0,18.0,161558884,90516640,0,0,
1790776224.2,0.9979186633670448,42.0,217.0,18.0,161615816,90516640,56932,0,0.0
1790776226.2,0.9705966498347804,42.0,216.0,18.0,161692418,90516640,76602,0,0.0
1790776228.3,0.9826412233395797,42.0,216.0,18.0,161751878,90516640,59460,0,0.0
1790776230.3,0.9478092322657244,42.0,215.0,18.0,161810427,90516640,58549,0,0.0
1790776232.4,0.9361651908964768,42.0,215.0,18.0,161874623,90516640,64196,0,0.0
1790776234.4,0.9420944969745519,42.0,215.0,18.0,161931551,90516640,56928,0,0.0
1790776236.5,0.9231192870527987,41.0,217.0,18.0,161956772,90516640,25221,0,0.0
1790776238.6,0.95240104710544,42.0,216.0,18.0,162016907,90516640,60135,0,0.0
1790776240.7,0.9797373653568312,44.0,215.0,18.0,162073469,90516640,56562,0,0.0
1790776242.7,0.960812221952022,43.0,215.0,18.0,162137165,90516656,63696,16,0.0003
1790776244.8,0.9744017051225199,43.0,216.0,18.0,162198274,90516656,61109,0,0.0
1790776246.8,0.9628220349893429,43.0,215.0,18.0,162272418,90516672,74144,16,0.0002
1790776248.9,0.9657616547699086,43.0,215.0,18.0,162326970,90516672,54552,0,0.0
1790776250.9,0.9674066974694951,44.0,214.0,18.0,162391061,90516672,64091,0,0.0
1790776253.0,0.9747664754602543,43.0,216.0,18.0,162438077,90516672,47016,0,0.0
1790776255.1,0.9667200709514069,44.0,215.0,18.0,162496333,90516672,58256,0,0.0
1790776257.1,0.9741513725378003,45.0,214.0,18.0,162563012,90516672,66679,0,0.0
1790776259.2,0.9182413778305463,46.0,212.0,18.0,162641122,90516672,78110,0,0.0
1790776261.3,0.9585520763299813,49.0,210.0,18.0,162747189,90516672,106067,0,0.0
1790776263.3,0.9675425923012002,49.0,210.0,18.0,162747189,90516672,0,0,
1790776265.4,0.9673137167951708,48.0,211.0,18.0,162825861,90516672,78672,0,0.0
1790776267.5,0.9610196403793612,47.0,212.0,18.0,162893491,90516672,67630,0,0.0
1790776269.5,0.9805813437853148,47.0,212.0,18.0,162893491,90516672,0,0,
1790776271.6,0.9111319324245069,45.0,214.0,18.0,162954990,90516672,61499,0,0.0
1790776273.6,0.896011844307437,45.0,212.0,18.0,163041632,90516672,86642,0,0.0
1790776275.7,0.9157165949046591,46.0,210.0,18.0,163115436,90516688,73804,16,0.0002
1790776277.8,0.9101949733216989,46.0,211.0,18.0,163202386,90516688,86950,0,0.0
1790776279.8,0.9395053428125939,48.0,210.0,18.0,163273726,90516688,71340,0,0.0
1790776281.9,0.9481310884460784,48.0,210.0,18.0,163326839,90516688,53113,0,0.0
1790776284.0,0.9689301500565036,48.0,210.0,18.0,163383650,90516704,56811,16,0.0003
1790776286.0,0.966176491624587,48.0,209.0,18.0,163487971,90516704,104321,0,0.0
1790776288.1,0.9845079891856323,48.0,210.0,18.0,163487971,90516704,0,0,
1790776290.1,0.991417168523896,48.0,210.0,18.0,163487971,90516704,0,0,
1790776292.2,0.9949718912269158,48.0,209.0,18.0,163528404,90516704,40433,0,0.0
1790776294.3,0.9960948116783727,48.0,209.0,18.0,163528404,90516704,0,0,
1790776296.3,0.9715622183758422,48.0,209.0,18.0,163629761,90516704,101357,0,0.0
1790776298.4,0.9619279900439155,48.0,208.0,18.0,163632646,90516704,2885,0,0.0
1790776300.4,0.9756748251248086,48.0,209.0,18.0,163719111,90516704,86465,0,0.0
1790776302.5,0.9369233410101993,46.0,209.0,18.0,163762724,90516704,43613,0,0.0
1790776304.5,0.9698885662380019,48.0,210.0,18.0,163850520,90516720,87796,16,0.0002
1790776306.6,0.988384568069006,48.0,210.0,18.0,163904954,90516736,54434,16,0.0003
1790776308.7,0.9886992718897964,48.0,210.0,18.0,163941473,90516736,36519,0,0.0
1790776310.7,0.9726779864677357,48.0,209.0,18.0,164009383,90516736,67910,0,0.0
1790776312.8,0.9423662866379618,48.0,209.0,18.0,164086925,90516752,77542,16,0.0002
1790776314.8,0.9535525769951507,48.0,208.0,18.0,164166309,90516768,79384,16,0.0002
1790776316.9,0.9755246255739769,49.0,208.0,18.0,164230345,90516784,64036,16,0.0002
1790776319.0,0.9472513482197777,48.0,208.0,18.0,164281243,90516784,50898,0,0.0
1790776321.0,0.9802022687284535,49.0,208.0,18.0,164318675,90516784,37432,0,0.0
1790776323.1,0.9807959145722174,49.0,207.0,18.0,164360779,90516784,42104,0,0.0
1790776325.1,0.9316735090906489,46.0,208.0,18.0,164360779,90516784,0,0,
1790776327.2,0.9105311342211796,45.0,209.0,18.0,164520987,90516784,160208,0,0.0
1790776329.2,0.9288340223439713,45.0,211.0,18.0,164520987,90516784,0,0,
1790776331.3,0.9397914371951307,45.0,211.0,18.0,164520987,90516784,0,0,
1790776333.3,0.9507703091249803,45.0,213.0,18.0,164520987,90516784,0,0,
1790776335.4,0.9581300871157394,45.0,213.0,18.0,164520987,90516784,0,0,
1790776337.4,0.9605118228503583,45.0,212.0,18.0,164574283,90516784,53296,0,0.0
1790776339.5,0.9605618893673022,45.0,212.0,18.0,164633082,90516784,58799,0,0.0
1790776341.6,0.9557912655385011,45.0,212.0,18.0,164695375,90516784,62293,0,0.0
1790776343.6,0.9645242965654369,45.0,212.0,18.0,164747535,90516784,52160,0,0.0
1790776345.7,0.9785429213097401,46.0,211.0,18.0,164818155,90516800,70620,16,0.0002
1790776347.7,0.9702032700587924,45.0,213.0,18.0,164873464,90516816,55309,16,0.0003
1790776349.8,0.9927689644813824,46.0,212.0,18.0,164908952,90516816,35488,0,0.0
1790776351.8,0.9841360664883345,46.0,212.0,18.0,164961666,90516816,52714,0,0.0
1790776353.9,0.9173544852446822,43.0,211.0,18.0,165027913,90516816,66247,0,0.0
1790776356.0,0.9429885419199794,44.0,212.0,18.0,165137182,90516816,109269,0,0.0
1790776358.0,0.9397127612399331,43.0,212.0,18.0,165137182,90516816,0,0,
1790776360.1,0.9507202426080363,43.0,212.0,18.0,165137182,90516816,0,0,
1790776362.1,0.9525011801393279,44.0,213.0,18.0,165211965,90516816,74783,0,0.0
1790776364.2,0.9660191397141917,45.0,211.0,18.0,165327978,90516816,116013,0,0.0
1790776366.3,0.9916245869512352,45.0,212.0,18.0,165327978,90516816,0,0,
1790776368.3,0.9198506587323158,42.0,213.0,18.0,165362324,90516816,34346,0,0.0
1790776370.4,0.9491610282232108,43.0,213.0,18.0,165418953,90516832,56629,16,0.0003
1790776372.4,0.9505986524954583,43.0,213.0,18.0,165599082,90516848,180129,16,0.0001
1790776374.5,0.968937302416067,43.0,214.0,18.0,165599082,90516848,0,0,
1790776376.5,0.9630795199336261,42.0,215.0,18.0,165599082,90516848,0,0,
1790776378.6,0.9740583918634758,42.0,216.0,18.0,165599082,90516848,0,0,
1790776380.7,0.9646315819588882,42.0,216.0,18.0,165655722,90516848,56640,0,0.0
1790776382.7,0.9758321770352039,42.0,216.0,18.0,165655722,90516848,0,0,
1790776384.8,0.9867824395267999,42.0,216.0,18.0,165730525,90516848,74803,0,0.0
1790776386.8,0.9341410731400289,43.0,214.0,18.0,165802720,90516848,72195,0,0.0
1790776388.9,0.9243566452572703,42.0,215.0,18.0,165853024,90516848,50304,0,0.0
1790776390.9,0.9323601356087373,42.0,215.0,18.0,165889247,90516848,36223,0,0.0
1790776393.0,0.9579798875649077,44.0,214.0,18.0,165948429,90516848,59182,0,0.0
1790776395.0,0.9458494857453474,43.0,215.0,18.0,166109444,90516848,161015,0,0.0
1790776397.1,0.9639521078003633,42.0,215.0,18.0,166109444,90516848,0,0,
1790776399.2,0.9626432260002575,41.0,217.0,18.0,166109444,90516848,0,0,
1790776401.2,0.9736006408514168,41.0,217.0,18.0,166109444,90516848,0,0,
1790776403.3,0.9809461141230492,41.0,217.0,18.0,166109444,90516848,0,0,
1790776405.3,0.9629221680232308,42.0,215.0,18.0,166152853,90516848,43409,0,0.0
1790776407.4,0.8942309067761455,41.0,214.0,18.0,166252288,90516848,99435,0,0.0
1790776409.4,0.9162172600740984,41.0,215.0,18.0,166252288,90516848,0,0,
1790776411.5,0.9308652924599825,41.0,216.0,18.0,166252288,90516848,0,0,
1790776413.6,0.9601542048721874,44.0,214.0,18.0,166349135,90516864,96847,16,0.0002
1790776415.6,0.9576222695867367,44.0,213.0,18.0,166413591,90516864,64456,0,0.0
1790776417.7,0.9832563262620339,45.0,212.0,18.0,166448740,90516864,35149,0,0.0
1790776419.7,0.9880484071695252,45.0,212.0,18.0,166512516,90516864,63776,0,0.0
1790776421.8,0.9684294848870643,44.0,213.0,18.0,166567832,90516864,55316,0,0.0
1790776423.8,0.994278112349264,45.0,212.0,18.0,166603982,90516880,36150,16,0.0004
1790776425.9,0.9615489149870542,43.0,215.0,18.0,166603982,90516880,0,0,
1790776427.9,0.9625860071237501,43.0,215.0,18.0,166603982,90516880,0,0,
1790776430.0,0.9599753958831019,43.0,215.0,18.0,166709598,90516880,105616,0,0.0
1790776432.1,0.9746305806285493,43.0,215.0,18.0,166709598,90516880,0,0,
1790776434.1,0.9793296808617162,43.0,215.0,18.0,166772748,90516880,63150,0,0.0
1790776436.2,0.9574434605976512,42.0,214.0,18.0,166806807,90516880,34059,0,0.0
1790776438.2,0.9672207361208462,42.0,215.0,18.0,166910507,90516880,103700,0,0.0
1790776440.3,0.992490022458409,42.0,216.0,18.0,166910507,90516880,0,0,
1790776442.3,0.9619136853247886,42.0,214.0,18.0,166983490,90516880,72983,0,0.0
1790776444.4,0.924385254695524,42.0,213.0,18.0,167045111,90516880,61621,0,0.0
1790776446.4,0.9301357517845137,42.0,214.0,18.0,167124025,90516896,78914,16,0.0002
1790776448.5,0.9484529446264323,42.0,215.0,18.0,167124025,90516896,0,0,
1790776450.6,0.9740870013017294,43.0,214.0,18.0,167216076,90516912,92051,16,0.0002
1790776452.6,0.9887278813280501,43.0,215.0,18.0,167216076,90516912,0,0,
1790776454.7,0.9855379289627648,43.0,215.0,18.0,167263803,90516912,47727,0,0.0
1790776456.7,0.981318036820347,43.0,214.0,18.0,167323767,90516912,59964,0,0.0
1790776458.8,0.9483385068734176,42.0,214.0,18.0,167394562,90516912,70795,0,0.0
1790776460.8,0.9504770623828801,42.0,213.0,18.0,167441249,90516912,46687,0,0.0
1790776462.9,0.979801736592902,44.0,213.0,18.0,167547064,90516928,105815,16,0.0002
1790776464.9,0.9749095226515228,44.0,213.0,18.0,167569216,90516928,22152,0,0.0
1790776467.0,0.9655756934212597,43.0,214.0,18.0,167569216,90516928,0,0,
1790776469.0,0.979172328951321,43.0,214.0,18.0,167654944,90516928,85728,0,0.0
1790776471.1,0.9886134435750354,43.0,214.0,18.0,167654944,90516928,0,0,
1790776473.1,0.9661121203885161,43.0,213.0,18.0,167752562,90516928,97618,0,0.0
1790776475.2,0.9846653410960275,43.0,214.0,18.0,167752562,90516928,0,0,
1790776477.3,0.9824409572718039,43.0,214.0,18.0,167808909,90516928,56347,0,0.0
1790776479.3,0.9869326390776317,43.0,213.0,18.0,167866410,90516928,57501,0,0.0
1790776481.4,0.9895718597565337,43.0,212.0,18.0,167929058,90516928,62648,0,0.0
1790776483.4,0.9837140772740928,42.0,212.0,18.0,167955198,90516928,26140,0,0.0
1790776485.5,0.9807100862574564,42.0,214.0,18.0,167993360,90516928,38162,0,0.0
1790776487.5,0.9821548628892671,42.0,214.0,18.0,168033570,90516928,40210,0,0.0
1790776489.6,0.9622498462242693,40.0,217.0,18.0,168090936,90516928,57366,0,0.0
1790776491.6,0.9878767505400031,41.0,217.0,18.0,168152034,90516928,61098,0,0.0
1790776493.7,0.9769765545653512,41.0,215.0,18.0,168200687,90516928,48653,0,0.0
1790776495.7,0.9557912655385011,41.0,215.0,18.0,168311893,90516928,111206,0,0.0
1790776497.8,0.9814110174946715,41.0,217.0,18.0,168311893,90516928,0,0,
1790776499.9,0.9916460440299255,41.0,217.0,18.0,168359034,90516928,47141,0,0.0
1790776501.9,0.9782425222080764,42.0,215.0,18.0,168440031,90516928,80997,0,0.0
1790776504.0,0.9551189437395396,41.0,216.0,18.0,168442940,90516928,2909,0,0.0
1790776506.0,0.9137640007438455,39.0,216.0,18.0,168621773,90516928,178833,0,0.0
1790776508.1,0.9357360493226715,39.0,217.0,18.0,168621773,90516928,0,0,
1790776510.2,0.9503840817085556,39.0,219.0,18.0,168621773,90516928,0,0,
1790776512.2,0.961391563076659,39.0,219.0,18.0,168621773,90516928,0,0,
1790776514.3,0.9687012745504742,39.0,219.0,18.0,168621773,90516928,0,0,
1790776516.3,0.9511922983392221,38.0,219.0,18.0,168621773,90516928,0,0,
1790776518.4,0.9622140844264523,39.0,218.0,18.0,168672789,90516944,51016,16,0.0003
1790776520.4,0.9868110489650536,40.0,218.0,18.0,168693078,90516944,20289,0,0.0
1790776522.5,0.9841789806457151,40.0,218.0,18.0,168755018,90516960,61940,16,0.0003
1790776524.6,0.987175819302788,40.0,218.0,18.0,168755018,90516960,0,0,
1790776526.6,0.9880698642482155,40.0,218.0,18.0,168755018,90516960,0,0,
1790776528.7,0.9605547370077389,40.0,216.0,18.0,168887628,90516960,132610,0,0.0
1790776530.7,0.9842433518817858,39.0,218.0,18.0,168887628,90516960,0,0,
1790776532.8,0.9690374354499549,38.0,218.0,18.0,168925877,90516960,38249,0,0.0
1790776534.8,0.974251505571688,39.0,219.0,18.0,168975539,90516960,49662,0,0.0
1790776536.9,0.9992418498862775,40.0,218.0,18.0,169024778,90516960,49239,0,0.0
1790776539.0,0.9777990759151444,38.0,220.0,18.0,169024778,90516960,0,0,
1790776541.0,0.9815826741241935,38.0,220.0,18.0,169083554,90516960,58776,0,0.0
1790776543.1,0.9746877995050567,38.0,219.0,18.0,169121089,90516960,37535,0,0.0
1790776545.1,0.9874333042470711,38.0,220.0,18.0,169163562,90516960,42473,0,0.0
1790776547.2,0.9881628449225399,38.0,220.0,18.0,169205714,90516960,42152,0,0.0
1790776549.2,0.9859313087387529,38.0,220.0,18.0,169260161,90516960,54447,0,0.0
1790776551.3,0.9933769150442731,38.0,219.0,18.0,169301293,90516960,41132,0,0.0
1790776553.3,0.9538744331755046,38.0,219.0,18.0,169321267,90516960,19974,0,0.0
1790776555.4,0.9565065014948432,38.0,220.0,18.0,169371466,90516960,50199,0,0.0
1790776557.5,0.9529875405896405,38.0,219.0,18.0,169434487,90516960,63021,0,0.0
1790776559.5,0.9786215972649377,40.0,218.0,18.0,169524671,90516960,90184,0,0.0
1790776561.6,0.9952007667329452,40.0,218.0,18.0,169524671,90516960,0,0,
1790776563.6,0.9852017680632841,40.0,217.0,18.0,169566219,90516960,41548,0,0.0
1790776565.7,0.9930479065043558,40.0,217.0,18.0,169602574,90516960,36355,0,0.0
1790776567.7,0.9245139971676656,40.0,217.0,18.0,169646154,90516960,43580,0,0.0
1790776569.8,0.9164175261418742,39.0,217.0,18.0,169715259,90516976,69105,16,0.0002
1790776571.9,0.9383824223611369,40.0,217.0,18.0,169762491,90516976,47232,0,0.0
1790776573.9,0.9089719198363541,41.0,214.0,18.0,169865988,90516976,103497,0,0.0
1790776576.0,0.9309511207747436,41.0,215.0,18.0,169865988,90516976,0,0,
1790776578.0,0.9347204142646659,41.0,215.0,18.0,169944489,90516976,78501,0,0.0
1790776580.1,0.9530662165448381,42.0,216.0,18.0,170004410,90516976,59921,0,0.0
1790776582.1,0.9561560358762355,42.0,216.0,18.0,170068312,90516976,63902,0,0.0
1790776584.2,0.9817972449110962,42.0,216.0,18.0,170068312,90516976,0,0,
1790776586.2,0.9649534381392422,41.0,217.0,18.0,170068312,90516976,0,0,
1790776588.3,0.9624215028537915,41.0,217.0,18.0,170153038,90516976,84726,0,0.0
1790776590.4,0.9577009455419343,40.0,217.0,18.0,170153038,90516976,0,0,
1790776592.4,0.986102965368275,41.0,216.0,18.0,170216205,90516976,63167,0,0.0
1790776594.5,0.9571716709342412,40.0,217.0,18.0,170288876,90516976,72671,0,0.0
1790776596.5,0.9788075586135866,40.0,218.0,18.0,170288876,90516976,0,0,
1790776598.6,0.9326676870699644,38.0,218.0,18.0,170354867,90516976,65991,0,0.0
1790776600.6,0.9546540403679173,39.0,218.0,18.0,170396408,90516976,41541,0,0.0
1790776602.7,0.9818830732258572,40.0,218.0,18.0,170438864,90516976,42456,0,0.0
1790776604.7,0.986546411661207,40.0,218.0,18.0,170489106,90516976,50242,0,0.0
1790776606.8,0.9449840502381736,38.0,220.0,18.0,170489106,90516976,0,0,
1790776608.9,0.9074627719684724,37.0,221.0,18.0,170692073,90516976,202967,0,0.0
1790776610.9,0.9258014218890812,37.0,221.0,18.0,170692073,90516976,0,0,
1790776613.0,0.9404351495558385,37.0,221.0,18.0,170692073,90516976,0,0,
1790776615.0,0.9513997167665613,37.0,221.0,18.0,170692073,90516976,0,0,
1790776617.1,0.9587237329595033,37.0,221.0,18.0,170692073,90516976,0,0,
1790776619.1,0.9660549015120088,37.0,221.0,18.0,170692073,90516976,0,0,
1790776621.2,0.9733860700645143,37.0,221.0,18.0,170692073,90516976,0,0,
1790776623.2,0.9803095541219048,37.0,221.0,18.0,170692073,90516976,0,0,
1790776625.3,0.9692305491581673,37.0,220.0,18.0,170748425,90516976,56352,0,0.0
1790776627.4,0.9873903900896905,37.0,220.0,18.0,170748425,90516976,0,0,
1790776629.4,0.984808388287296,38.0,220.0,18.0,170805981,90516976,57556,0,0.0
1790776631.5,0.9608622884689659,38.0,219.0,18.0,170905404,90516976,99423,0,0.0
1790776633.5,0.9815039981689959,38.0,220.0,18.0,170905404,90516976,0,0,
1790776635.6,0.9751670075958059,39.0,219.0,18.0,170991465,90516976,86061,0,0.0
1790776637.6,0.9778705995107786,39.0,218.0,18.0,171031705,90516976,40240,0,0.0
1790776639.7,0.9839286480609953,39.0,218.0,18.0,171031705,90516976,0,0,
1790776641.8,0.9663409958945456,38.0,220.0,18.0,171031705,90516976,0,0,
1790776643.8,0.981725721315462,38.0,219.0,18.0,171118095,90516976,86390,0,0.0
1790776645.9,0.9756962822034989,37.0,219.0,18.0,171118095,90516976,0,0,
1790776647.9,0.9999713905617463,38.0,219.0,18.0,171171986,90516976,53891,0,0.0
1790776650.0,0.9866179352568413,38.0,218.0,19.0,171226203,90516976,54217,0,0.0
1790776652.1,0.9869684008754488,38.0,220.0,19.0,171271227,90516976,45024,0,0.0
1790776654.1,0.9816613500793911,39.0,219.0,19.0,171335414,90516976,64187,0,0.0
1790776656.2,0.9739511064700245,39.0,219.0,19.0,171361425,90516976,26011,0,0.0
1790776658.2,0.963007996337992,39.0,218.0,19.0,171426993,90516992,65568,16,0.0002
1790776660.3,0.9885991388559086,40.0,218.0,19.0,171466688,90517008,39695,16,0.0004
1790776662.3,0.9863461455934313,40.0,217.0,19.0,171494165,90517008,27477,0,0.0
1790776664.4,0.9856452143562161,40.0,218.0,19.0,171566518,90517008,72353,0,0.0
1790776666.4,0.9850515685124522,40.0,218.0,19.0,171607399,90517008,40881,0,0.0
1790776668.5,0.9531448925000358,39.0,218.0,19.0,171649989,90517008,42590,0,0.0
1790776670.6,0.9860600512108945,41.0,217.0,19.0,171724561,90517008,74572,0,0.0
1790776672.6,0.9717767891627448,40.0,217.0,19.0,171786570,90517008,62009,0,0.0
1790776674.7,0.9974609123549859,41.0,217.0,19.0,171818952,90517008,32382,0,0.0
1790776676.7,0.9937130759437538,40.0,217.0,19.0,171858924,90517008,39972,0,0.0
1790776678.8,0.9214670919936487,40.0,217.0,19.0,171902736,90517008,43812,0,0.0
1790776680.8,0.9282189194215171,41.0,216.0,19.0,171994744,90517008,92008,0,0.0
1790776682.9,0.9421088016936787,41.0,216.0,19.0,172052240,90517008,57496,0,0.0
1790776684.9,0.9713762570271933,43.0,214.0,19.0,172129469,90517008,77229,0,0.0
1790776687.0,0.9852017680632841,42.0,216.0,19.0,172129469,90517008,0,0,
1790776689.0,0.980023459739368,41.0,216.0,19.0,172186363,90517008,56894,0,0.0
1790776691.1,0.9801736592901998,42.0,216.0,19.0,172213051,90517024,26688,16,0.0006
1790776693.1,0.9536026435120947,40.0,216.0,19.0,172275248,90517024,62197,0,0.0
1790776695.2,0.9828915559242994,42.0,216.0,19.0,172371635,90517024,96387,0,0.0
1790776697.3,0.9993992017966727,42.0,216.0,19.0,172371635,90517024,0,0,
1790776699.3,0.9927403550431287,42.0,215.0,20.0,172411586,90517024,39951,0,0.0
1790776701.4,0.9803310112005951,42.0,215.0,20.0,172464731,90517024,53145,0,0.0
1790776703.4,0.9787932538944598,41.0,215.0,20.0,172522899,90517024,58168,0,0.0
1790776705.5,0.9906447136910467,41.0,216.0,20.0,172522899,90517024,0,0,
1790776707.5,0.9685439226400789,40.0,216.0,20.0,172567477,90517024,44578,0,0.0
1790776709.6,0.9713190381506859,40.0,216.0,20.0,172670048,90517024,102571,0,0.0
1790776711.6,0.9860171370535139,40.0,217.0,20.0,172670048,90517024,0,0,
1790776713.7,0.9733717653453875,39.0,219.0,20.0,172737858,90517024,67810,0,0.0
1790776715.7,0.9857381950305406,39.0,219.0,20.0,172737858,90517024,0,0,
1790776717.8,0.9665198048836311,39.0,219.0,20.0,172835084,90517024,97226,0,0.0
1790776719.9,0.9781209320954983,39.0,218.0,20.0,172879710,90517024,44626,0,0.0
1790776721.9,0.9968887235899123,40.0,218.0,20.0,172900380,90517024,20670,0,0.0
1790776724.0,0.9820690345745061,39.0,218.0,20.0,172900380,90517024,0,0,
1790776726.0,0.936408371121633,39.0,217.0,20.0,172942342,90517024,41962,0,0.0
1790776728.1,0.9693807487089992,40.0,218.0,20.0,172987459,90517024,45117,0,0.0
1790776730.1,0.9717195702862375,40.0,217.0,20.0,173059682,90517024,72223,0,0.0
1790776732.2,0.99780422561403,42.0,216.0,20.0,173094414,90517024,34732,0,0.0
1790776734.2,0.9473371765345387,41.0,217.0,20.0,173223993,90517024,129579,0,0.0
1790776736.3,0.9693163774729283,41.0,217.0,20.0,173223993,90517024,0,0,
1790776738.3,0.9800663738967486,41.0,217.0,20.0,173223993,90517024,0,0,
1790776740.4,0.9681719999427811,41.0,216.0,20.0,173281369,90517024,57376,0,0.0
1790776742.5,0.9867967442459268,41.0,217.0,20.0,173281369,90517024,0,0,
1790776744.5,0.9630223010571187,39.0,217.0,20.0,173336907,90517024,55538,0,0.0
1790776746.6,0.8924714263235441,37.0,220.0,20.0,173502307,90517024,165400,0,0.0
1790776748.6,0.9180554164818974,37.0,220.0,20.0,173502307,90517024,0,0,
1790776750.7,0.9327392106655986,37.0,221.0,20.0,173502307,90517024,0,0,
1790776752.7,0.9437180825954482,37.0,221.0,20.0,173502307,90517024,0,0,
1790776754.8,0.9510635558670806,37.0,221.0,20.0,173502307,90517024,0,0,
1790776756.8,0.9620352754373668,38.0,220.0,20.0,173536285,90517024,33978,0,0.0
1790776758.9,0.9750597222023546,38.0,220.0,20.0,173536285,90517024,0,0,
1790776761.0,0.9549758965482713,38.0,219.0,20.0,173594656,90517024,58371,0,0.0
1790776763.0,0.9842433518817858,39.0,219.0,20.0,173614529,90517024,19873,0,0.0
1790776765.1,0.9749667415280301,39.0,219.0,20.0,173670779,90517040,56250,16,0.0003
1790776767.1,0.9722416925343671,39.0,219.0,20.0,173745343,90517040,74564,0,0.0
1790776769.2,0.987533437280959,39.0,219.0,20.0,173745343,90517040,0,0,
1790776771.2,0.9795227945699286,38.0,219.0,20.0,173745343,90517040,0,0,
1790776773.3,0.94221608708713,37.0,219.0,20.0,173823666,90517040,78323,0,0.0
1790776775.4,0.9605690417268657,38.0,220.0,20.0,173884730,90517040,61064,0,0.0
1790776777.4,0.9829273177221165,38.0,220.0,20.0,173884730,90517040,0,0,
1790776779.5,0.9611197734132491,37.0,219.0,20.0,173945785,90517040,61055,0,0.0
1790776781.5,0.9903800763872002,39.0,219.0,20.0,173994937,90517040,49152,0,0.0
1790776783.6,0.9883416539116254,39.0,218.0,21.0,174023610,90517040,28673,0,0.0
1790776785.6,0.9784857024332327,38.0,218.0,21.0,174023610,90517040,0,0,
1790776787.7,0.9891069563849114,38.0,219.0,21.0,174082609,90517040,58999,0,0.0
1790776789.8,0.9544966884575221,37.0,219.0,21.0,174137541,90517040,54932,0,0.0
1790776791.8,0.9838070579484172,39.0,218.0,21.0,174215839,90517040,78298,0,0.0
1790776793.9,0.9718268556796887,38.0,218.0,21.0,174215839,90517040,0,0,
1790776795.9,0.9726708341081722,38.0,219.0,21.0,174215839,90517040,0,0,
1790776798.0,0.9721272547813524,38.0,219.0,21.0,174286763,90517040,70924,0,0.0
1790776800.0,0.9620352754373668,38.0,219.0,21.0,174370636,90517040,83873,0,0.0
1790776802.1,0.9471726722645801,36.0,219.0,21.0,174370636,90517040,0,0,
1790776804.2,0.972785271861187,38.0,220.0,21.0,174443211,90517040,72575,0,0.0
1790776806.2,0.9759752242264723,37.0,221.0,21.0,174443211,90517040,0,0,
1790776808.3,0.9768192026549559,37.0,221.0,21.0,174443211,90517040,0,0,
1790776810.3,0.9834708970489364,37.0,221.0,21.0,174508720,90517040,65509,0,0.0
1790776812.4,0.9669704035361266,37.0,220.0,21.0,174548098,90517040,39378,0,0.0
1790776814.4,0.9946714921252521,38.0,220.0,21.0,174602991,90517040,54893,0,0.0
1790776816.5,0.9963809060609095,39.0,218.0,21.0,174675086,90517040,72095,0,0.0
1790776818.6,0.9814682363711789,38.0,220.0,21.0,174675086,90517040,0,0,
1790776820.6,0.9599181770065944,38.0,219.0,21.0,174719572,90517056,44486,16,0.0004
1790776822.7,0.95624901655056,38.0,219.0,21.0,174772984,90517056,53412,0,0.0
1790776824.7,0.9892213941379261,39.0,219.0,21.0,174825308,90517056,52324,0,0.0
1790776826.8,0.9907233896462443,39.0,219.0,21.0,174863237,90517056,37929,0,0.0
1790776828.8,0.9938418184158954,39.0,219.0,21.0,174863237,90517056,0,0,
1790776830.9,0.994721558642196,39.0,219.0,21.0,174863237,90517056,0,0,
1790776832.9,0.9128413463601642,38.0,218.0,21.0,174977386,90517056,114149,0,0.0
1790776835.0,0.9274965311056117,38.0,220.0,21.0,174977386,90517056,0,0,
1790776837.1,0.9421159540532422,38.0,220.0,21.0,174977386,90517056,0,0,
1790776839.1,0.9434892070894187,38.0,219.0,21.0,175017913,90517056,40527,0,0.0
1790776841.2,0.9728067289398773,39.0,218.0,21.0,175112550,90517072,94637,16,0.0002
1790776843.2,0.9874046948088174,39.0,219.0,21.0,175112550,90517072,0,0,
1790776845.3,0.9922539945928162,39.0,219.0,21.0,175157867,90517088,45317,16,0.0004
1790776847.3,0.9847797788490423,39.0,219.0,21.0,175206141,90517088,48274,0,0.0
1790776849.4,0.9629221680232308,38.0,219.0,21.0,175249269,90517088,43128,0,0.0
1790776851.4,0.9508203756419242,39.0,218.0,21.0,175358468,90517088,109199,0,0.0
1790776853.5,0.9764758893959117,40.0,217.0,21.0,175408265,90517088,49797,0,0.0
1790776855.6,0.9806671721000758,39.0,218.0,21.0,175408265,90517088,0,0,
1790776857.6,0.982305062440099,39.0,218.0,21.0,175463945,90517088,55680,0,0.0
1790776859.7,0.9798804125480997,39.0,217.0,21.0,175508345,90517088,44400,0,0.0
1790776861.7,0.987483370764015,39.0,216.0,21.0,175565804,90517104,57459,16,0.0003
1790776863.8,0.9779921896233568,39.0,217.0,21.0,175633733,90517120,67929,16,0.0002
1790776865.8,0.9488606291215472,39.0,217.0,21.0,175672692,90517120,38959,0,0.0
1790776867.9,0.9368947315719456,38.0,217.0,21.0,175708511,90517120,35819,0,0.0
1790776870.0,0.9698528044401848,40.0,217.0,21.0,175790106,90517120,81595,0,0.0
1790776872.0,0.976039595462543,40.0,217.0,21.0,175790106,90517120,0,0,
1790776874.1,0.9770266210822951,40.0,217.0,21.0,175790106,90517120,0,0,
1790776876.1,0.947086843949819,39.0,217.0,21.0,175867390,90517120,77284,0,0.0
1790776878.2,0.9727638147824967,41.0,216.0,21.0,175952043,90517120,84653,0,0.0
1790776880.2,0.9570214713834094,40.0,216.0,21.0,176004176,90517120,52133,0,0.0
1790776882.3,0.9764901941150386,40.0,216.0,21.0,176004176,90517120,0,0,
1790776884.3,0.9627862731915259,40.0,215.0,21.0,176122665,90517120,118489,0,0.0
1790776886.4,0.9880054930121447,40.0,216.0,21.0,176122665,90517120,0,0,
1790776888.4,0.9912741213326276,40.0,217.0,21.0,176160980,90517120,38315,0,0.0
1790776890.5,0.9945284449339837,40.0,217.0,21.0,176160980,90517120,0,0,
1790776892.6,0.9762970804068262,38.0,218.0,21.0,176214388,90517120,53408,0,0.0
1790776894.6,0.9970460755003075,39.0,218.0,21.0,176247395,90517120,33007,0,0.0
1790776896.7,0.9600254624000458,39.0,216.0,21.0,176343651,90517120,96256,0,0.0
1790776898.7,0.9823122147996624,39.0,217.0,21.0,176343651,90517120,0,0,
1790776900.8,0.9858025662666113,40.0,215.0,21.0,176415312,90517120,71661,0,0.0
1790776902.8,0.9850730255911425,40.0,215.0,21.0,176461754,90517120,46442,0,0.0
1790776904.9,0.9662480152202212,40.0,214.0,21.0,176540231,90517120,78477,0,0.0
1790776906.9,0.9882272161586108,40.0,215.0,21.0,176540231,90517120,0,0,
1790776909.0,0.9889066903171356,40.0,215.0,21.0,176604613,90517120,64382,0,0.0
1790776911.0,0.9657044358934013,39.0,214.0,21.0,176638092,90517136,33479,16,0.0005
1790776913.1,0.957271803968129,39.0,214.0,21.0,176670969,90517136,32877,0,0.0
1790776915.2,0.9384181841589541,38.0,216.0,21.0,176831491,90517136,160522,0,0.0
1790776917.2,0.9566996152030555,38.0,217.0,21.0,176831491,90517136,0,0,
1790776919.3,0.9677142489307222,38.0,217.0,21.0,176831491,90517136,0,0,
1790776921.3,0.978678816141445,38.0,217.0,21.0,176831491,90517136,0,0,
1790776923.4,0.9860171370535139,38.0,218.0,21.0,176831491,90517136,0,0,
1790776925.4,0.9890211280701503,38.0,218.0,21.0,176831491,90517136,0,0,
1790776927.5,0.9325961634743302,37.0,217.0,21.0,176922669,90517136,91178,0,0.0
1790776929.5,0.9545825167722832,37.0,219.0,21.0,176922669,90517136,0,0,
1790776931.6,0.9765545653511093,38.0,218.0,21.0,176962135,90517136,39466,0,0.0
1790776933.6,0.9856023001988355,39.0,216.0,21.0,177038535,90517136,76400,0,0.0
1790776935.7,0.9813967127755446,38.0,217.0,22.0,177038535,90517136,0,0,
1790776937.8,0.9830918219920752,38.0,217.0,22.0,177097348,90517136,58813,0,0.0
1790776939.8,0.9270101706552992,38.0,216.0,22.0,177134423,90517136,37075,0,0.0
1790776941.9,0.9304504556053041,38.0,215.0,22.0,177241343,90517136,106920,0,0.0
1790776943.9,0.9084569499477878,36.0,217.0,22.0,177241343,90517136,0,0,
1790776946.0,0.9194143647989472,36.0,219.0,22.0,177241343,90517136,0,0,
1790776948.0,0.9244138641337777,36.0,219.0,22.0,177334294,90517136,92951,0,0.0
1790776950.1,0.939083353598352,36.0,220.0,22.0,177334294,90517136,0,0,
1790776952.1,0.9399487891055259,36.0,220.0,22.0,177406325,90517136,72031,0,0.0
1790776954.2,0.9582731343070079,37.0,219.0,22.0,177462022,90517136,55697,0,0.0
1790776956.3,0.973808059278756,37.0,219.0,22.0,177518880,90517152,56858,16,0.0003
1790776958.3,0.9886205959345988,37.0,219.0,22.0,177518880,90517152,0,0,
1790776960.4,0.9292703162773399,37.0,217.0,22.0,177621934,90517168,103054,16,0.0002
1790776962.4,0.928590842118815,37.0,217.0,22.0,177659612,90517168,37678,0,0.0
1790776964.5,0.9615274579083639,39.0,217.0,22.0,177761528,90517168,101916,0,0.0
1790776966.5,0.9908449797588225,40.0,216.0,22.0,177795713,90517168,34185,0,0.0
1790776968.6,0.9778992089490323,40.0,216.0,22.0,177836929,90517168,41216,0,0.0
1790776970.6,0.9696096242150285,40.0,216.0,22.0,177892394,90517168,55465,0,0.0
1790776972.7,0.9557555037406841,40.0,215.0,22.0,177931775,90517168,39381,0,0.0
1790776974.8,0.9484243351881786,40.0,215.0,22.0,178027097,90517168,95322,0,0.0
1790776976.8,0.9740440871443489,40.0,215.0,22.0,178027097,90517168,0,0,
1790776978.9,0.9448266983277783,40.0,214.0,22.0,178064911,90517168,37814,0,0.0
1790776980.9,0.9398057419142575,40.0,214.0,22.0,178165020,90517168,100109,0,0.0
1790776983.0,0.9453559729354715,39.0,217.0,22.0,178165020,90517168,0,0,
1790776985.0,0.9563634543035747,39.0,217.0,22.0,178165020,90517168,0,0,
1790776987.1,0.9739868682678415,40.0,216.0,22.0,178201142,90517168,36122,0,0.0
1790776989.1,0.9152803009712904,37.0,218.0,22.0,178342376,90517168,141234,0,0.0
1790776991.2,0.9087287396111977,36.0,218.0,22.0,178342376,90517168,0,0,
1790776993.3,0.9054601112907148,35.0,220.0,22.0,178342376,90517168,0,0,
1790776995.3,0.9164461355801279,35.0,221.0,22.0,178342376,90517168,0,0,
1790776997.4,0.9347490237029196,36.0,220.0,22.0,178413416,90517168,71040,0,0.0
1790776999.4,0.9567282246413091,37.0,219.0,22.0,178472959,90517168,59543,0,0.0
1790777001.5,0.9860600512108945,38.0,218.0,22.0,178508472,90517168,35513,0,0.0
1790777003.5,0.9733431559071337,38.0,217.0,22.0,178569451,90517168,60979,0,0.0
1790777005.6,0.9989486031441772,39.0,217.0,22.0,178608327,90517184,38876,16,0.0004
1790777007.6,0.9931981060551877,39.0,216.0,22.0,178670079,90517184,61752,0,0.0
1790777009.7,0.9529875405896405,39.0,215.0,22.0,178771287,90517184,101208,0,0.0
1790777011.8,0.9635086615074313,39.0,216.0,22.0,178828557,90517184,57270,0,0.0
1790777013.8,0.988420329866823,40.0,216.0,22.0,178828894,90517184,337,0,0.0
1790777015.9,0.9465146551847454,37.0,217.0,22.0,178885011,90517184,56117,0,0.0
1790777017.9,0.9758393293947674,39.0,216.0,22.0,178962143,90517184,77132,0,0.0
1790777020.0,0.9725063298382136,38.0,217.0,22.0,179028315,90517184,66172,0,0.0
1790777022.0,0.9627934255510893,38.0,216.0,22.0,179088318,90517184,60003,0,0.0
1790777024.1,0.9861244224469653,38.0,217.0,22.0,179088318,90517184,0,0,
1790777026.1,0.979172328951321,38.0,217.0,22.0,179131982,90517184,43664,0,0.0
1790777028.2,0.9840144763757563,38.0,218.0,22.0,179178472,90517184,46490,0,0.0
1790777030.3,0.9850587208720156,38.0,218.0,22.0,179235142,90517184,56670,0,0.0
1790777032.3,0.9727638147824967,38.0,217.0,22.0,179282648,90517184,47506,0,0.0
1790777034.4,0.9709542678129515,38.0,216.0,22.0,179333949,90517184,51301,0,0.0
1790777036.4,0.9842290471626589,39.0,215.0,22.0,179405944,90517184,71995,0,0.0
1790777038.5,0.9650106570157495,39.0,216.0,22.0,179463794,90517200,57850,16,0.0003
1790777040.5,0.978321198163274,40.0,216.0,22.0,179546014,90517200,82220,0,0.0
1790777042.6,0.9169968672665112,38.0,216.0,22.0,179632071,90517200,86057,0,0.0
1790777044.7,0.9352926030297395,38.0,218.0,22.0,179632071,90517200,0,0,
1790777046.7,0.9413363468608293,38.0,217.0,22.0,179698387,90517200,66316,0,0.0
1790777048.8,0.9392836196661278,39.0,216.0,22.0,179736776,90517200,38389,0,0.0
1790777050.8,0.9685510749996424,40.0,216.0,22.0,179815764,90517200,78988,0,0.0
1790777052.9,0.9559200080106427,39.0,216.0,22.0,179855428,90517216,39664,16,0.0004
1790777055.0,0.9852089204228475,40.0,215.0,22.0,179921295,90517216,65867,0,0.0
1790777057.0,0.9506201095741486,39.0,214.0,22.0,179988390,90517216,67095,0,0.0
1790777059.1,0.9763328422046433,40.0,216.0,22.0,180027013,90517216,38623,0,0.0
1790777061.2,0.9786573590627548,40.0,215.0,22.0,180113782,90517216,86769,0,0.0
1790777063.3,0.9517072682277884,39.0,216.0,22.0,180176039,90517216,62257,0,0.0
1790777065.4,0.9810033329995566,40.0,216.0,22.0,180198397,90517216,22358,0,0.0
1790777067.4,0.9668345087044216,40.0,216.0,22.0,180301654,90517216,103257,0,0.0
1790777069.5,0.994907519990845,40.0,216.0,22.0,180301654,90517216,0,0,
1790777071.6,0.9890354327892772,40.0,216.0,22.0,180354657,90517216,53003,0,0.0
1790777073.7,0.9653897320726108,40.0,215.0,22.0,180413549,90517216,58892,0,0.0
1790777075.8,0.9657902642081623,39.0,217.0,22.0,180413549,90517216,0,0,
1790777077.9,0.977877751870342,38.0,218.0,22.0,180501521,90517216,87972,0,0.0
1790777079.9,0.9881699972821034,38.0,218.0,22.0,180501521,90517216,0,0,
1790777082.0,0.9967027622412634,38.0,218.0,22.0,180559580,90517216,58059,0,0.0
1790777084.0,0.9727495100633698,37.0,217.0,22.0,180602399,90517216,42819,0,0.0
1790777086.1,0.9847511694107887,38.0,218.0,22.0,180683864,90517216,81465,0,0.0
1790777088.2,0.9971032943768149,38.0,218.0,22.0,180683864,90517216,0,0,
1790777090.2,0.9583375055430786,37.0,218.0,22.0,180790892,90517216,107028,0,0.0
1790777092.3,0.950798918563234,36.0,219.0,22.0,180790892,90517216,0,0,
1790777094.3,0.9654183415108645,37.0,218.0,22.0,180853711,90517216,62819,0,0.0
1790777096.4,0.9904301429041441,37.0,218.0,22.0,180853711,90517216,0,0,
1790777098.4,0.9912812736921911,37.0,219.0,22.0,180853711,90517216,0,0,
1790777100.5,0.9604617563334144,36.0,220.0,22.0,180932107,90517232,78396,16,0.0002
1790777102.6,0.9825053285078748,36.0,220.0,22.0,180932107,90517232,0,0,
1790777104.6,0.9526299226114695,36.0,218.0,22.0,181018113,90517232,86006,0,0.0
1790777106.7,0.9480667172100076,35.0,220.0,22.0,181018113,90517232,0,0,
1790777108.7,0.9227831261533179,34.0,221.0,22.0,181018113,90517232,0,0,
1790777110.8,0.9341625302187192,34.0,222.0,22.0,181196946,90517232,178833,0,0.0
1790777112.8,0.9488034102450398,34.0,222.0,22.0,181196946,90517232,0,0,
1790777114.9,0.9597751298153261,34.0,222.0,22.0,181196946,90517232,0,0,
1790777117.0,0.9707468493856123,34.0,222.0,22.0,181196946,90517232,0,0,
1790777119.0,0.9780923226572447,34.0,222.0,22.0,181196946,90517232,0,0,
1790777121.1,0.9851230921080865,34.0,222.0,22.0,181196946,90517232,0,0,
1790777123.1,0.9793296808617162,35.0,220.0,22.0,181287349,90517232,90403,0,0.0
1790777125.2,0.9988484701102894,35.0,220.0,22.0,181326719,90517232,39370,0,0.0
1790777127.2,0.9698671091593116,34.0,220.0,22.0,181326719,90517232,0,0,
1790777129.3,0.9706252592730342,34.0,221.0,22.0,181326719,90517232,0,0,
1790777131.3,0.9700745275866508,34.0,221.0,22.0,181425158,90517232,98439,0,0.0
1790777133.4,0.9883273491924986,34.0,222.0,22.0,181425158,90517232,0,0,
1790777135.5,0.9800806786158753,34.0,222.0,22.0,181492365,90517232,67207,0,0.0
1790777137.5,0.9958873932510335,34.0,222.0,22.0,181492365,90517232,0,0,
1790777139.6,0.9803739253579756,33.0,223.0,22.0,181545129,90517232,52764,0,0.0
1790777141.6,0.9886921195302331,33.0,222.0,22.0,181586363,90517232,41234,0,0.0
1790777143.7,0.9747307136624372,31.0,222.0,22.0,181649702,90517232,63339,0,0.0
1790777145.7,0.9986982705594576,32.0,223.0,22.0,181688616,90517232,38914,0,0.0
1790777147.8,0.9993848970775459,32.0,223.0,22.0,181688616,90517232,0,0,
1790777149.8,0.9672064314017195,31.0,224.0,22.0,181729280,90517248,40664,16,0.0004
1790777151.9,0.9748952179323959,32.0,223.0,22.0,181822159,90517248,92879,0,0.0
1790777154.0,0.9664411289284335,32.0,223.0,22.0,181884164,90517248,62005,0,0.0
1790777156.0,0.9905874948145393,32.0,224.0,22.0,181884164,90517248,0,0,
1790777158.1,0.9540389374454633,32.0,222.0,22.0,181964011,90517248,79847,0,0.0
1790777160.1,0.9511350794627147,33.0,223.0,22.0,182058900,90517248,94889,0,0.0
1790777162.2,0.9730642138841604,33.0,223.0,22.0,182058900,90517248,0,0,
1790777164.3,0.9694236628663796,33.0,222.0,22.0,182123069,90517248,64169,0,0.0
1790777166.3,0.9837355343527829,33.0,223.0,22.0,182123069,90517248,0,0,
1790777168.4,0.9771267541161829,33.0,223.0,22.0,182192019,90517248,68950,0,0.0
1790777170.4,0.9793296808617162,33.0,223.0,22.0,182235042,90517248,43023,0,0.0
1790777172.5,0.9805741914257513,33.0,222.0,22.0,182282684,90517248,47642,0,0.0
1790777174.5,0.9841932853648419,33.0,223.0,22.0,182282684,90517248,0,0,
1790777176.6,0.9797659747950849,33.0,223.0,22.0,182349411,90517248,66727,0,0.0
1790777178.6,0.9523938947458767,33.0,222.0,22.0,182409798,90517248,60387,0,0.0
1790777180.7,0.9582373725091908,33.0,221.0,22.0,182481238,90517248,71440,0,0.0
1790777182.8,0.965547083983006,32.0,222.0,22.0,182481238,90517248,0,0,
1790777184.8,0.9682149141001617,32.0,224.0,22.0,182540608,90517248,59370,0,0.0
1790777186.9,0.924792939190639,31.0,223.0,22.0,182582182,90517248,41574,0,0.0
1790777188.9,0.9541390704793511,33.0,223.0,22.0,182690605,90517248,108423,0,0.0
1790777191.0,0.9724348062425794,33.0,223.0,22.0,182690605,90517248,0,0,
1790777193.1,0.9738724305148269,33.0,222.0,22.0,182744383,90517248,53778,0,0.0
1790777195.1,0.9936630094268099,34.0,222.0,22.0,182787786,90517248,43403,0,0.0
1790777197.2,0.9139142002946772,33.0,222.0,22.0,182857479,90517264,69693,16,0.0002
1790777199.2,0.9395840187677915,35.0,221.0,22.0,182975895,90517280,118416,16,0.0001
1790777201.3,0.9688371693821792,35.0,221.0,22.0,182975895,90517280,0,0,
1790777203.3,0.9765974795084899,36.0,219.0,22.0,183062175,90517280,86280,0,0.0
1790777205.4,0.9905374282975954,36.0,219.0,22.0,183062175,90517280,0,0,
1790777207.5,0.9898794112177607,36.0,220.0,22.0,183112595,90517280,50420,0,0.0
1790777209.5,0.9607693077946414,35.0,220.0,22.0,183205001,90517280,92406,0,0.0
1790777211.6,0.9561345787975453,34.0,221.0,22.0,183205001,90517280,0,0,
1790777213.6,0.9319739081923126,34.0,222.0,22.0,183247944,90517280,42943,0,0.0
1790777215.7,0.9273034173973994,35.0,220.0,22.0,183316125,90517296,68181,16,0.0002
1790777217.7,0.952894559915316,36.0,220.0,22.0,183362247,90517296,46122,0,0.0
1790777219.8,0.9171041526599625,34.0,221.0,22.0,183362247,90517296,0,0,
1790777221.9,0.9128699557984179,33.0,222.0,22.0,183566453,90517296,204206,0,0.0
1790777223.9,0.8989729211666929,32.0,222.0,22.0,183566453,90517296,0,0,
1790777226.0,0.8700630838113493,31.0,223.0,22.0,183566453,90517296,0,0,
1790777228.0,0.8810276510220721,31.0,224.0,22.0,183566453,90517296,0,0,
1790777230.1,0.8883588195745776,31.0,225.0,22.0,183566453,90517296,0,0,
1790777232.1,0.89570429284621,31.0,225.0,22.0,183566453,90517296,0,0,
1790777234.2,0.903028309039152,31.0,225.0,22.0,183566453,90517296,0,0,
1790777236.2,0.897542449254009,31.0,224.0,22.0,183608671,90517296,42218,0,0.0
1790777238.3,0.9267955998683965,33.0,223.0,22.0,183684900,90517296,76229,0,0.0
1790777240.4,0.9561417311571088,34.0,222.0,22.0,183794438,90517296,109538,0,0.0
1790777242.4,0.9743945527629565,34.0,222.0,22.0,183794438,90517296,0,0,
1790777244.5,0.9853162058162988,34.0,222.0,22.0,183794438,90517296,0,0,
1790777246.5,0.9610196403793612,34.0,222.0,22.0,183862307,90517296,67869,0,0.0
1790777248.6,0.971540761297152,34.0,222.0,22.0,183919707,90517296,57400,0,0.0
1790777250.7,0.9902441815554952,35.0,221.0,22.0,183958161,90517312,38454,16,0.0004
1790777252.7,0.9795227945699286,35.0,220.0,22.0,183999390,90517312,41229,0,0.0
1790777254.8,0.9754674066974695,36.0,220.0,22.0,184100286,90517312,100896,0,0.0
1790777256.8,0.9484529446264323,35.0,219.0,22.0,184123972,90517312,23686,0,0.0
1790777258.9,0.9813824080564179,37.0,218.0,22.0,184209378,90517312,85406,0,0.0
1790777260.9,0.9828629464860458,37.0,217.0,22.0,184255767,90517312,46389,0,0.0
1790777263.0,0.979222395468265,36.0,218.0,23.0,184255767,90517312,0,0,
1790777265.0,0.9604975181312315,36.0,218.0,23.0,184315020,90517312,59253,0,0.0
1790777267.1,0.9802451828858341,37.0,217.0,23.0,184356095,90517312,41075,0,0.0
1790777269.1,0.9605618893673022,36.0,217.0,23.0,184414223,90517312,58128,0,0.0
1790777271.2,0.9693163774729283,37.0,218.0,23.0,184491583,90517312,77360,0,0.0
1790777273.3,0.9595104925114796,36.0,219.0,23.0,184570991,90517312,79408,0,0.0
1790777275.3,0.9778849042299055,37.0,219.0,23.0,184605635,90517312,34644,0,0.0
1790777277.4,0.9698957185975653,37.0,218.0,23.0,184644985,90517312,39350,0,0.0
1790777279.4,0.9623714363368475,36.0,218.0,23.0,184644985,90517312,0,0,
1790777281.5,0.9594961877923527,36.0,217.0,23.0,184757145,90517312,112160,0,0.0
1790777283.5,0.9741728296164904,36.0,219.0,23.0,184757145,90517312,0,0,
1790777285.6,0.9843363325561103,36.0,219.0,23.0,184757145,90517312,0,0,
1790777287.6,0.9896004691947874,36.0,220.0,23.0,184792875,90517312,35730,0,0.0
1790777289.7,0.9792653096256455,37.0,219.0,23.0,184888443,90517312,95568,0,0.0
1790777291.8,0.9920108143676599,36.0,219.0,23.0,184888443,90517312,0,0,
1790777293.8,0.9546683450870442,34.0,221.0,23.0,184953361,90517312,64918,0,0.0
1790777295.9,0.979036434119616,34.0,222.0,23.0,185027378,90517312,74017,0,0.0
1790777297.9,0.9973393222424077,34.0,222.0,23.0,185027378,90517312,0,0,
1790777300.0,0.9808388287295979,33.0,222.0,23.0,185073203,90517312,45825,0,0.0
1790777302.0,0.9860242894130774,34.0,220.0,23.0,185133262,90517312,60059,0,0.0
1790777304.1,0.9904372952637075,34.0,220.0,23.0,185175019,90517312,41757,0,0.0
1790777306.1,0.9389045446092666,34.0,222.0,23.0,185266464,90517312,91445,0,0.0
1790777308.2,0.9581014776774858,34.0,222.0,23.0,185266464,90517312,0,0,
1790777310.2,0.9457851145092766,34.0,222.0,23.0,185369452,90517312,102988,0,0.0
1790777312.3,0.960454603973851,34.0,222.0,23.0,185369452,90517312,0,0,
1790777314.3,0.9824409572718039,36.0,220.0,23.0,185439389,90517328,69937,16,0.0002
1790777316.4,0.9165176591757621,36.0,220.0,23.0,185503374,90517328,63985,0,0.0
1790777318.5,0.9458280286666572,38.0,218.0,23.0,185570198,90517328,66824,0,0.0
1790777320.5,0.9375455962922168,38.0,217.0,23.0,185630421,90517328,60223,0,0.0
1790777322.6,0.9631725006079506,39.0,217.0,23.0,185692845,90517328,62424,0,0.0
1790777324.6,0.9887994049236843,40.0,216.0,23.0,185728424,90517328,35579,0,0.0
1790777326.7,0.9480524124908808,39.0,217.0,23.0,185807498,90517344,79074,16,0.0002
1790777328.7,0.9511708412605319,39.0,216.0,23.0,185871197,90517344,63699,0,0.0
1790777330.8,0.9804955154705537,40.0,216.0,23.0,185934100,90517344,62903,0,0.0
1790777332.8,0.9855164718840745,40.0,216.0,23.0,185934100,90517344,0,0,
1790777334.9,0.9571144520577338,38.0,216.0,23.0,185993485,90517344,59385,0,0.0
1790777337.0,0.981725721315462,40.0,216.0,23.0,186045788,90517344,52303,0,0.0
1790777339.0,0.9880126453717081,40.0,216.0,23.0,186100203,90517344,54415,0,0.0
1790777341.1,0.9913027307708813,40.0,216.0,23.0,186100203,90517344,0,0,
1790777343.1,0.9289985266139299,38.0,216.0,23.0,186158980,90517344,58777,0,0.0
1790777345.2,0.9619279900439155,41.0,214.0,23.0,186307215,90517344,148235,0,0.0
1790777347.2,0.9912741213326276,41.0,214.0,23.0,186307215,90517344,0,0,
1790777349.3,0.9651537042070178,40.0,215.0,23.0,186376556,90517344,69341,0,0.0
1790777351.3,0.9853305105354256,40.0,216.0,23.0,186376556,90517344,0,0,
1790777353.4,0.9324531162830618,39.0,215.0,23.0,186472725,90517344,96169,0,0.0
1790777355.4,0.9392979243852547,39.0,214.0,23.0,186534371,90517344,61646,0,0.0
1790777357.5,0.9685653797187692,40.0,215.0,23.0,186581167,90517344,46796,0,0.0
1790777359.6,0.9719770552305206,39.0,215.0,23.0,186581167,90517344,0,0,
1790777361.6,0.9261018209907449,38.0,216.0,23.0,186749656,90517344,168489,0,0.0
1790777363.7,0.9517001158682249,38.0,217.0,23.0,186749656,90517344,0,0,
1790777365.7,0.9663696053327993,38.0,218.0,23.0,186749656,90517344,0,0,
1790777367.8,0.9773770867009026,38.0,218.0,23.0,186749656,90517344,0,0,
1790777369.8,0.9883559586307523,38.0,218.0,23.0,186749656,90517344,0,0,
1790777371.9,0.995658517745004,38.0,218.0,23.0,186749656,90517344,0,0,
1790777373.9,0.9863103837956142,38.0,217.0,23.0,186809056,90517344,59400,0,0.0
1790777376.0,0.9637017752156436,37.0,216.0,23.0,186864468,90517344,55412,0,0.0
1790777378.1,0.9646744961162688,37.0,215.0,23.0,186905776,90517344,41308,0,0.0
1790777380.1,0.9903586193085099,38.0,217.0,23.0,186971653,90517344,65877,0,0.0
1790777382.2,0.964695953194959,37.0,218.0,23.0,187005751,90517344,34098,0,0.0
1790777384.2,0.970911353655571,37.0,217.0,23.0,187091116,90517344,85365,0,0.0
1790777386.3,0.9872544952579856,37.0,218.0,23.0,187091116,90517344,0,0,
1790777388.3,0.9473657859727924,37.0,217.0,23.0,187168633,90517344,77517,0,0.0
1790777390.4,0.9803238588410317,38.0,218.0,23.0,187217688,90517344,49055,0,0.0
1790777392.4,0.9921037950419843,38.0,218.0,23.0,187271734,90517344,54046,0,0.0
1790777394.5,0.9725850057934112,37.0,219.0,23.0,187329346,90517360,57612,16,0.0003
1790777396.6,0.961699114537886,36.0,219.0,23.0,187384537,90517360,55191,0,0.0
1790777398.6,0.9688800835395597,36.0,220.0,23.0,187384537,90517360,0,0,
1790777400.7,0.9458065715879669,35.0,220.0,23.0,187498886,90517360,114349,0,0.0
1790777402.7,0.964116612070322,35.0,220.0,23.0,187498886,90517360,0,0,
1790777404.8,0.9568212053156336,34.0,221.0,23.0,187498886,90517360,0,0,
1790777406.8,0.931537614258944,33.0,221.0,23.0,187536049,90517360,37163,0,0.0
1790777408.9,0.9608050695924586,34.0,221.0,23.0,187617505,90517360,81456,0,0.0
1790777410.9,0.9828128799691018,35.0,220.0,23.0,187659400,90517360,41895,0,0.0
1790777413.0,0.9473371765345387,34.0,220.0,23.0,187765706,90517360,106306,0,0.0
1790777415.0,0.9693592916303089,34.0,222.0,23.0,187765706,90517360,0,0,
1790777417.1,0.9840144763757563,34.0,222.0,23.0,187765706,90517360,0,0,
1790777419.2,0.9669918606148168,34.0,221.0,23.0,187823495,90517376,57789,16,0.0003
1790777421.2,0.9893358318909409,34.0,221.0,23.0,187823495,90517376,0,0,
1790777423.3,0.9756247586078647,34.0,219.0,23.0,187906169,90517376,82674,0,0.0
1790777425.3,0.984364941994364,35.0,219.0,23.0,187973146,90517376,66977,0,0.0
1790777427.4,0.9386828214628006,35.0,218.0,23.0,188020086,90517376,46940,0,0.0
1790777429.4,0.9643740970146051,36.0,219.0,23.0,188091798,90517376,71712,0,0.0
1790777431.5,0.9727709671420601,36.0,220.0,23.0,188091798,90517376,0,0,
1790777433.6,0.9687584934269815,36.0,220.0,23.0,188173757,90517392,81959,16,0.0002
1790777435.6,0.9835781824423877,36.0,220.0,23.0,188173757,90517392,0,0,
1790777437.7,0.9440256340566753,36.0,219.0,23.0,188242157,90517408,68400,16,0.0002
1790777439.7,0.9659476161185575,37.0,218.0,23.0,188305770,90517408,63613,0,0.0
1790777441.8,0.9638162129686584,36.0,219.0,23.0,188305770,90517408,0,0,
1790777443.8,0.9885919864963452,37.0,219.0,23.0,188359551,90517408,53781,0,0.0
1790777445.9,0.9804025347962293,37.0,218.0,23.0,188413354,90517408,53803,0,0.0
1790777447.9,0.9939347990902199,37.0,218.0,23.0,188413354,90517408,0,0,
1790777450.0,0.9962235541505142,36.0,219.0,23.0,188466581,90517408,53227,0,0.0
1790777452.0,0.9890211280701503,36.0,219.0,23.0,188511469,90517408,44888,0,0.0
1790777454.1,0.991553063355601,36.0,220.0,23.0,188511469,90517408,0,0,
1790777456.2,0.9629650821806114,35.0,220.0,23.0,188568982,90517408,57513,0,0.0
1790777458.2,0.9922325375141259,36.0,219.0,23.0,188608910,90517408,39928,0,0.0
1790777460.3,0.967063384210451,35.0,219.0,23.0,188608910,90517408,0,0,
1790777462.3,0.9651465518474545,35.0,219.0,23.0,188705080,90517408,96170,0,0.0
1790777464.4,0.9834351352511194,35.0,219.0,23.0,188705080,90517408,0,0,
1790777466.4,0.9650106570157495,35.0,221.0,23.0,188761013,90517408,55933,0,0.0
1790777468.5,0.9404494542749653,34.0,220.0,23.0,188796453,90517408,35440,0,0.0
1790777470.5,0.9734003747836412,36.0,219.0,23.0,188868990,90517424,72537,16,0.0002
1790777472.6,0.9791580242321942,36.0,218.0,23.0,188928064,90517424,59074,0,0.0
1790777474.7,0.9782067604102593,36.0,219.0,23.0,188978853,90517424,50789,0,0.0
1790777476.7,0.9725850057934112,36.0,219.0,23.0,189023050,90517424,44197,0,0.0
1790777478.8,0.9784642453545425,36.0,220.0,23.0,189023050,90517424,0,0,
1790777480.8,0.9322099360579055,33.0,222.0,23.0,189023050,90517424,0,0,
1790777482.9,0.8961262820604518,32.0,223.0,23.0,189184090,90517424,161040,0,0.0
1790777484.9,0.91442201782368,32.0,224.0,23.0,189184090,90517424,0,0,
1790777487.0,0.9290342884117471,32.0,224.0,23.0,189184090,90517424,0,0,
1790777489.0,0.9400203127011602,32.0,224.0,23.0,189184090,90517424,0,0,
1790777491.1,0.9473800906919193,32.0,224.0,23.0,189184090,90517424,0,0,
1790777493.1,0.965718740612528,33.0,223.0,23.0,189246999,90517424,62909,0,0.0
1790777495.2,0.9733073941093167,33.0,222.0,23.0,189294139,90517440,47140,16,0.0003
1790777497.3,0.9837283819932195,33.0,221.0,23.0,189334859,90517440,40720,0,0.0
1790777499.3,0.9081493984865607,32.0,221.0,23.0,189494790,90517440,159931,0,0.0
1790777501.4,0.933733388644914,32.0,223.0,23.0,189494790,90517440,0,0,
1790777503.4,0.948431487547742,32.0,224.0,23.0,189494790,90517440,0,0,
1790777505.5,0.9594103594775917,32.0,224.0,23.0,189494790,90517440,0,0,
1790777507.5,0.9703963837670048,32.0,224.0,23.0,189494790,90517440,0,0,
1790777509.6,0.9762327091707554,32.0,224.0,23.0,189494790,90517440,0,0,
1790777511.6,0.9769694022057877,32.0,224.0,23.0,189494790,90517440,0,0,
1790777513.7,0.949997854292131,31.0,224.0,23.0,189555704,90517440,60914,0,0.0
1790777515.8,0.9753029024275108,32.0,223.0,23.0,189600140,90517440,44436,0,0.0
1790777517.8,0.9759394624286553,32.0,222.0,23.0,189683315,90517440,83175,0,0.0
1790777519.9,0.9584590956556568,32.0,222.0,23.0,189727022,90517440,43707,0,0.0
1790777521.9,0.9447051082152002,31.0,223.0,23.0,189806418,90517440,79396,0,0.0
1790777524.0,0.9630294534166821,31.0,224.0,23.0,189806418,90517440,0,0,
1790777526.0,0.9580728682392321,31.0,224.0,23.0,189903703,90517440,97285,0,0.0
1790777528.1,0.940921510006151,30.0,224.0,23.0,189903703,90517440,0,0,
1790777530.1,0.9592243981289428,31.0,224.0,23.0,189942784,90517440,39081,0,0.0
1790777532.2,0.9190853562590299,30.0,225.0,23.0,190011738,90517440,68954,0,0.0
1790777534.2,0.8689830775172729,30.0,224.0,23.0,190068900,90517456,57162,16,0.0003
1790777536.3,0.8807630137182256,30.0,224.0,23.0,190111269,90517456,42369,0,0.0
1790777538.4,0.8864992060880885,31.0,224.0,23.0,190179900,90517456,68631,0,0.0
1790777540.4,0.919428669518074,32.0,223.0,23.0,190236524,90517472,56624,16,0.0003
1790777542.5,0.9524368089032572,34.0,221.0,23.0,190332334,90517472,95810,0,0.0
1790777544.5,0.9228403450298254,33.0,221.0,23.0,190441982,90517472,109648,0,0.0
1790777546.6,0.941143233152617,33.0,222.0,23.0,190441982,90517472,0,0,
1790777548.6,0.9557769608193744,33.0,223.0,23.0,190441982,90517472,0,0,
1790777550.7,0.9777347046790736,34.0,222.0,23.0,190507487,90517472,65505,0,0.0
1790777552.7,0.942981389560416,33.0,221.0,23.0,190584151,90517472,76664,0,0.0
1790777554.8,0.9452057733846396,32.0,222.0,23.0,190584151,90517472,0,0,
1790777556.8,0.9665555666814483,33.0,221.0,23.0,190619989,90517472,35838,0,0.0
1790777558.9,0.9650106570157495,33.0,220.0,23.0,190696358,90517472,76369,0,0.0
1790777561.0,0.9699958516314532,33.0,220.0,23.0,190759484,90517472,63126,0,0.0
1790777563.0,0.96697755589569,33.0,221.0,23.0,190805475,90517472,45991,0,0.0
1790777565.1,0.9986768134807673,34.0,221.0,23.0,190845594,90517472,40119,0,0.0
1790777567.1,0.9240133319982262,33.0,221.0,23.0,190883441,90517472,37847,0,0.0
1790777569.2,0.9606477176820634,35.0,219.0,23.0,190986801,90517488,103360,16,0.0002
1790777571.2,0.986274621997797,36.0,219.0,23.0,191025631,90517504,38830,16,0.0004
1790777573.3,0.9855450813223282,36.0,219.0,23.0,191073007,90517520,47376,16,0.0003
1790777575.3,0.9926974408857482,36.0,219.0,23.0,191073007,90517520,0,0,
1790777577.4,0.9826698327778334,36.0,219.0,23.0,191107551,90517520,34544,0,0.0
1790777579.5,0.9625717024046233,35.0,220.0,23.0,191170785,90517520,63234,0,0.0
1790777581.5,0.9855736907605819,36.0,220.0,23.0,191215795,90517536,45010,16,0.0004
1790777583.6,0.9864176691890655,36.0,220.0,23.0,191215795,90517536,0,0,
1790777585.6,0.985609452558399,36.0,220.0,23.0,191255739,90517536,39944,0,0.0
1790777587.7,0.918048264122334,35.0,219.0,23.0,191354628,90517536,98889,0,0.0
1790777589.7,0.9400060079820333,36.0,219.0,23.0,191450978,90517536,96350,0,0.0
1790777591.8,0.9656686740955841,36.0,220.0,23.0,191450978,90517536,0,0,
1790777593.8,0.980295249402778,37.0,219.0,23.0,191490884,90517536,39906,0,0.0
1790777595.9,0.9966670004434462,37.0,219.0,23.0,191490884,90517536,0,0,
1790777598.0,0.9704750597222024,35.0,220.0,23.0,191566463,90517552,75579,16,0.0002
1790777600.0,0.9897578211051826,35.0,221.0,23.0,191566463,90517552,0,0,
1790777602.1,0.9835924871615146,35.0,221.0,23.0,191631324,90517552,64861,0,0.0
1790777604.1,0.987004162673266,35.0,221.0,23.0,191691562,90517552,60238,0,0.0
1790777606.2,0.9997139056174632,35.0,221.0,23.0,191691562,90517552,0,0,
1790777608.2,0.9840859999713906,34.0,221.0,24.0,191691562,90517552,0,0,
1790777610.3,0.9464288268699844,34.0,219.0,24.0,191810597,90517552,119035,0,0.0
1790777612.3,0.968408027808374,34.0,221.0,24.0,191810597,90517552,0,0,
1790777614.4,0.9696811478106627,34.0,222.0,24.0,191849644,90517552,39047,0,0.0
1790777616.4,0.9647889338692834,34.0,222.0,24.0,191977409,90517552,127765,0,0.0
1790777618.5,0.983106126711202,34.0,223.0,24.0,191977409,90517552,0,0,
1790777620.6,0.9644527729698027,34.0,222.0,24.0,192017150,90517552,39741,0,0.0
1790777622.6,0.9446908034960734,34.0,221.0,24.0,192074444,90517552,57294,0,0.0
1790777624.7,0.9740297824252221,35.0,222.0,24.0,192111907,90517552,37463,0,0.0
1790777626.7,0.9578797545310198,34.0,221.0,24.0,192172289,90517552,60382,0,0.0
1790777628.8,0.9776488763643126,35.0,222.0,24.0,192204528,90517552,32239,0,0.0
1790777630.8,0.9894860314417726,35.0,222.0,24.0,192283789,90517552,79261,0,0.0
1790777632.9,0.9961091163974995,35.0,222.0,24.0,192283789,90517552,0,0,
1790777635.0,0.9626503783598209,34.0,222.0,24.0,192346057,90517552,62268,0,0.0
1790777637.0,0.944447623270917,34.0,222.0,24.0,192382347,90517552,36290,0,0.0
1790777639.1,0.9018124079133706,35.0,221.0,24.0,192464797,90517552,82450,0,0.0
1790777641.2,0.9421088016936787,38.0,219.0,24.0,192543518,90517552,78721,0,0.0
1790777643.3,0.9750811792810448,40.0,217.0,24.0,192624149,90517552,80631,0,0.0
1790777645.4,0.9868825725606878,40.0,216.0,24.0,192677767,90517552,53618,0,0.0
1790777647.4,0.9932124107743144,40.0,217.0,24.0,192677767,90517552,0,0,
1790777649.5,0.962192627347762,38.0,217.0,24.0,192754615,90517552,76848,0,0.0
1790777651.6,0.9784427882758522,38.0,218.0,24.0,192754615,90517552,0,0,
1790777653.6,0.9641952880255196,38.0,218.0,24.0,192848993,90517552,94378,0,0.0
1790777655.7,0.977298410745705,38.0,219.0,24.0,192848993,90517552,0,0,
1790777657.8,0.9551690102564836,37.0,219.0,24.0,192906835,90517552,57842,0,0.0
1790777659.8,0.984486532106942,39.0,218.0,24.0,193005153,90517552,98318,0,0.0
1790777661.9,0.9385469266310956,36.0,219.0,24.0,193092123,90517552,86970,0,0.0
1790777663.9,0.9605118228503583,36.0,221.0,24.0,193092123,90517552,0,0,
1790777666.0,0.9824767190696211,37.0,220.0,24.0,193132463,90517552,40340,0,0.0
1790777668.0,0.9787932538944598,38.0,218.0,24.0,193234345,90517584,101882,32,0.0003
1790777670.1,0.9773127154648319,38.0,217.0,24.0,193274520,90517600,40175,16,0.0004
1790777672.2,0.9613629536384053,38.0,216.0,24.0,193363135,90517600,88615,0,0.0
1790777674.2,0.9736650120874877,38.0,217.0,24.0,193363135,90517600,0,0,
1790777676.3,0.962071037235184,38.0,218.0,24.0,193442996,90517600,79861,0,0.0
1790777678.3,0.965768807129472,38.0,217.0,24.0,193486670,90517600,43674,0,0.0
1790777680.4,0.9632297194844579,38.0,218.0,24.0,193565610,90517600,78940,0,0.0
1790777682.4,0.9888423190810648,38.0,219.0,24.0,193565610,90517600,0,0,
1790777684.5,0.9966956098816999,38.0,218.0,24.0,193607233,90517600,41623,0,0.0
1790777686.5,0.9832062597450899,38.0,219.0,24.0,193634274,90517600,27041,0,0.0
1790777688.6,0.9849228260403107,38.0,219.0,24.0,193677279,90517600,43005,0,0.0
1790777690.6,0.9769622498462243,38.0,218.0,24.0,193713865,90517600,36586,0,0.0
1790777692.7,0.9772698013074513,40.0,217.0,24.0,193825707,90517600,111842,0,0.0
1790777694.8,0.9968958759494757,40.0,217.0,24.0,193825707,90517600,0,0,
1790777696.8,0.9556768277854865,39.0,217.0,24.0,193914684,90517616,88977,16,0.0002
1790777698.9,0.9849943496359449,40.0,217.0,24.0,193989607,90517616,74923,0,0.0
1790777700.9,0.9806099532235685,40.0,216.0,24.0,194000845,90517616,11238,0,0.0
1790777703.0,0.9700387657888337,39.0,217.0,24.0,194108567,90517616,107722,0,0.0
1790777705.0,0.9883559586307523,39.0,217.0,24.0,194108567,90517616,0,0,
1790777707.1,0.9965454103308682,39.0,218.0,24.0,194108567,90517616,0,0,
1790777709.1,0.9871472098645343,39.0,217.0,24.0,194163237,90517616,54670,0,0.0
1790777711.2,0.971354799948503,38.0,219.0,24.0,194163237,90517616,0,0,
1790777713.3,0.9214098731171414,36.0,219.0,24.0,194228769,90517616,65532,0,0.0
1790777715.3,0.9507273949675998,37.0,219.0,24.0,194321288,90517616,92519,0,0.0
1790777717.4,0.9653539702747936,37.0,219.0,24.0,194321288,90517616,0,0,
1790777719.4,0.9603258615017094,38.0,218.0,24.0,194413361,90517616,92073,0,0.0
1790777721.5,0.9595247972306064,38.0,218.0,24.0,194475650,90517616,62289,0,0.0
1790777723.5,0.9838499721057977,38.0,218.0,24.0,194475650,90517616,0,0,
1790777725.6,0.9674138498290586,38.0,218.0,24.0,194564473,90517632,88823,16,0.0002
1790777727.7,0.9979115110074813,39.0,218.0,24.0,194607718,90517632,43245,0,0.0
1790777729.8,0.9812608179438397,38.0,218.0,24.0,194607718,90517632,0,0,
1790777731.8,0.9633441572374727,37.0,219.0,24.0,194607718,90517632,0,0,
1790777733.9,0.9257656600912642,36.0,219.0,24.0,194695516,90517632,87798,0,0.0
1790777736.0,0.9440685482140558,37.0,220.0,24.0,194766044,90517632,70528,0,0.0
1790777738.0,0.9697097572489164,37.0,220.0,24.0,194766044,90517632,0,0,
1790777740.1,0.9753815783827084,37.0,220.0,24.0,194766044,90517632,0,0,
1790777742.1,0.9761182714177408,37.0,220.0,24.0,194860087,90517632,94043,0,0.0
1790777744.2,0.9944426166192227,37.0,220.0,24.0,194860087,90517632,0,0,
1790777746.2,0.9407355486575021,35.0,221.0,24.0,194918059,90517632,57972,0,0.0
1790777748.3,0.9488606291215472,35.0,222.0,24.0,194918059,90517632,0,0,
1790777750.4,0.9430457607964867,35.0,221.0,24.0,195099220,90517632,181161,0,0.0
1790777752.4,0.9577152502610611,35.0,221.0,24.0,195099220,90517632,0,0,
1790777754.5,0.9429027136052184,34.0,222.0,24.0,195099220,90517632,0,0,
1790777756.5,0.950219577438597,34.0,223.0,24.0,195099220,90517632,0,0,
1790777758.6,0.9612270588067003,34.0,223.0,24.0,195099220,90517632,0,0,
1790777760.6,0.9685224655613887,34.0,223.0,24.0,195099220,90517632,0,0,
1790777762.7,0.9941779793153761,35.0,222.0,24.0,195165939,90517648,66719,16,0.0002
1790777764.8,0.9996352296622656,35.0,222.0,24.0,195165939,90517648,0,0,
1790777766.8,0.9810319424378102,35.0,222.0,24.0,195250312,90517648,84373,0,0.0
1790777768.9,0.9900582202068462,35.0,222.0,24.0,195250312,90517648,0,0,
1790777770.9,0.9348348520176806,35.0,222.0,24.0,195325797,90517648,75485,0,0.0
1790777773.0,0.9438110632697727,36.0,220.0,24.0,195401828,90517648,76031,0,0.0
1790777775.0,0.9607764601542048,36.0,221.0,24.0,195401828,90517648,0,0,
1790777777.1,0.9616061338635616,36.0,221.0,24.0,195401828,90517648,0,0,
1790777779.2,0.9452558399015836,36.0,220.0,24.0,195504955,90517648,103127,0,0.0
1790777781.2,0.9598967199279043,36.0,221.0,24.0,195504955,90517648,0,0,
1790777783.3,0.9305720457178823,35.0,222.0,24.0,195599870,90517648,94915,0,0.0
1790777785.3,0.9525369419371451,35.0,222.0,24.0,195599870,90517648,0,0,
1790777787.4,0.9525870084540891,36.0,220.0,24.0,195695516,90517648,95646,0,0.0
1790777789.5,0.9818687685067303,36.0,221.0,24.0,195695516,90517648,0,0,
1790777791.5,0.9448266983277783,36.0,220.0,24.0,195735875,90517648,40359,0,0.0
1790777793.6,0.9777633141173273,37.0,219.0,24.0,195812354,90517648,76479,0,0.0
1790777795.6,0.9667272233109703,36.0,219.0,24.0,195812354,90517648,0,0,
1790777797.7,0.9479451270974294,35.0,218.0,24.0,195901031,90517648,88677,0,0.0
1790777799.8,0.9286122991975052,34.0,217.0,24.0,195950375,90517648,49344,0,0.0
1790777801.8,0.9390976583174789,34.0,216.0,24.0,196003669,90517648,53294,0,0.0
1790777803.9,0.968408027808374,35.0,215.0,24.0,196049979,90517648,46310,0,0.0
1790777805.9,0.9458637904644742,35.0,214.0,24.0,196121942,90517664,71963,16,0.0002
1790777808.0,0.9525297895775816,35.0,213.0,24.0,196166725,90517680,44783,16,0.0004
1790777810.0,0.9854664053671306,36.0,212.0,24.0,196233882,90517680,67157,0,0.0
1790777812.1,0.9986911181998941,36.0,212.0,24.0,196233882,90517680,0,0,
1790777814.1,0.9916675011086157,35.0,211.0,24.0,196299784,90517680,65902,0,0.0
1790777816.2,0.9680074956728225,34.0,210.0,24.0,196351960,90517680,52176,0,0.0
1790777818.2,0.9728997096142017,34.0,209.0,24.0,196399633,90517680,47673,0,0.0
1790777820.3,0.9785214642310498,34.0,208.0,24.0,196462357,90517680,62724,0,0.0
1790777822.3,0.9473228718154119,33.0,207.0,24.0,196561468,90517680,99111,0,0.0
1790777824.4,0.9334258371836869,32.0,207.0,24.0,196561468,90517680,0,0,
1790777826.4,0.9517430300256055,33.0,206.0,24.0,196600158,90517696,38690,16,0.0004
1790777828.5,0.9811964467077688,34.0,205.0,24.0,196642153,90517696,41995,0,0.0
1790777830.5,0.9819903586193085,34.0,205.0,24.0,196642153,90517696,0,0,
1790777832.6,0.9891498705422919,34.0,204.0,24.0,196706830,90517696,64677,0,0.0
1790777834.7,0.9643168781380977,35.0,202.0,24.0,196764123,90517696,57293,0,0.0
1790777836.7,0.9744303145607736,35.0,201.0,24.0,196805572,90517696,41449,0,0.0
1790777838.8,0.9717696368031814,35.0,200.0,24.0,196869515,90517696,63943,0,0.0
1790777840.8,0.9800663738967486,35.0,199.0,24.0,196926965,90517696,57450,0,0.0
1790777842.9,0.9581586965539932,33.0,199.0,24.0,196968327,90517696,41362,0,0.0
1790777844.9,0.9828915559242994,35.0,196.0,25.0,197074188,90517696,105861,0,0.0
1790777847.0,0.9789363010857282,35.0,195.0,25.0,197110598,90517696,36410,0,0.0
1790777849.0,0.992082337963294,35.0,195.0,25.0,197110598,90517696,0,0,
1790777851.1,0.9948216916760839,35.0,194.0,25.0,197157589,90517696,46991,0,0.0
1790777853.1,0.9926688314474945,35.0,193.0,25.0,197216347,90517696,58758,0,0.0
1790777855.2,0.9821477105297037,34.0,193.0,25.0,197216347,90517696,0,0,
1790777857.2,0.9564135208205187,34.0,191.0,25.0,197310041,90517696,93694,0,0.0
1790777859.3,0.9893858984078847,35.0,190.0,25.0,197349715,90517696,39674,0,0.0
1790777861.4,0.9853090534567354,35.0,189.0,25.0,197392549,90517696,42834,0,0.0
1790777863.4,0.9869111819989415,35.0,189.0,25.0,197392549,90517696,0,0,
1790777865.5,0.9858240233453016,35.0,188.0,25.0,197436394,90517696,43845,0,0.0
1790777867.5,0.9878624458208763,35.0,188.0,25.0,197436394,90517696,0,0,
1790777869.6,0.9680790192684566,34.0,187.0,25.0,197549000,90517696,112606,0,0.0
1790777871.6,0.9427954282117671,33.0,187.0,25.0,197549000,90517696,0,0,
1790777873.7,0.957457765316778,34.0,186.0,25.0,197588340,90517696,39340,0,0.0
1790777875.7,0.9904015334658904,35.0,185.0,25.0,197644786,90517696,56446,0,0.0
1790777877.8,0.9717195702862375,35.0,184.0,25.0,197737999,90517712,93213,16,0.0002
1790777879.8,0.9900439154877194,35.0,184.0,25.0,197737999,90517712,0,0,
1790777881.9,0.9514140214856881,33.0,184.0,25.0,197737999,90517712,0,0,
1790777883.9,0.9188278713147467,32.0,183.0,25.0,197944568,90517712,206569,0,0.0
1790777886.0,0.9371307594375384,32.0,183.0,25.0,197944568,90517712,0,0,
1790777888.0,0.9481096313673881,32.0,183.0,25.0,197944568,90517712,0,0,
1790777890.1,0.9591171127354914,32.0,183.0,25.0,197944568,90517712,0,0,
1790777892.1,0.9440256340566753,31.0,183.0,25.0,197944568,90517712,0,0,
1790777894.2,0.9549973536269616,31.0,183.0,25.0,197944568,90517712,0,0,
1790777896.3,0.9426023145035547,30.0,183.0,25.0,197944568,90517712,0,0,
1790777898.3,0.9499334830560602,31.0,182.0,25.0,197997535,90517712,52967,0,0.0
1790777900.4,0.9755675397313573,32.0,181.0,25.0,198037281,90517712,39746,0,0.0
1790777902.4,0.9203155621039381,31.0,180.0,25.0,198180882,90517712,143601,0,0.0
1790777904.5,0.9423162201210179,31.0,180.0,25.0,198180882,90517712,0,0,
1790777906.5,0.9569499477877752,31.0,180.0,25.0,198180882,90517712,0,0,
1790777908.6,0.9679359720771883,31.0,180.0,25.0,198180882,90517712,0,0,
1790777910.6,0.0,0.0,0.0,25.0,198180882,90517712,0,0,
1790777912.7,0.0,0.0,0.0,25.0,198180882,90517712,0,0,
1790777914.7,0.0,0.0,0.0,25.0,198180882,90517712,0,0,
1790777916.8,0.0,0.0,0.0,25.0,198180882,90517712,0,0,
1790777918.8,0.0,0.0,0.0,25.0,198180882,90517712,0,0,
1790777920.9,0.0,0.0,0.0,25.0,198180882,90517712,0,0,
1790777923.0,0.0,0.0,0.0,25.0,198180882,90517712,0,0,
1790777925.0,0.0,0.0,0.0,25.0,198180882,90517712,0,0,
1790777927.1,0.0,0.0,0.0,25.0,198180882,90517712,0,0,
1790777929.1,0.0,0.0,0.0,25.0,198180882,90517712,0,0,
1790777931.2,0.0,0.0,0.0,25.0,198180882,90517712,0,0,
1790777933.2,0.0,0.0,0.0,25.0,198180882,90517712,0,0,
1790777935.3,0.0,0.0,0.0,25.0,198180882,90517712,0,0,
1790777937.3,0.0,0.0,0.0,25.0,198180882,90517712,0,0,
1790777939.4,0.0,0.0,0.0,25.0,198180882,90517712,0,0,
1790777941.4,0.0,0.0,0.0,25.0,198180882,90517712,0,0,
1790777943.5,0.0,0.0,0.0,25.0,198180882,90517712,0,0,
1790777945.5,0.0,0.0,0.0,25.0,198180882,90517712,0,0,
1790777947.6,0.0,0.0,0.0,25.0,198180882,90517712,0,0,
1790777949.6,0.0,0.0,0.0,25.0,198180882,90517712,0,0,
1790777951.7,0.0,0.0,0.0,25.0,198180882,90517712,0,0,
1790777953.8,0.0,0.0,0.0,25.0,198180882,90517712,0,0,
1790777955.8,0.0,0.0,0.0,25.0,198180882,90517712,0,0,
1790777957.9,0.0,0.0,0.0,25.0,198180882,90517712,0,0,
1790777959.9,0.0,0.0,0.0,25.0,198180882,90517712,0,0,
1790777962.0,0.0,0.0,0.0,25.0,198180882,90517712,0,0,
1790777964.0,0.0,0.0,0.0,25.0,198180882,90517712,0,0,
1790777966.1,0.0,0.0,0.0,25.0,198180882,90517712,0,0,
1790777968.1,0.0,0.0,0.0,25.0,198180882,90517712,0,0,
1790777970.2,0.0,0.0,0.0,25.0,198180882,90517712,0,0,
1790777972.2,0.0,0.0,0.0,25.0,198180882,90517712,0,0,
1790777974.3,0.0,0.0,0.0,25.0,198180882,90517712,0,0,
1790777976.3,0.0,0.0,0.0,25.0,198180882,90517712,0,0,
1790777978.4,0.0,0.0,0.0,25.0,198180882,90517712,0,0,
1790777980.4,0.0,0.0,0.0,25.0,198180882,90517712,0,0,
1790777982.5,0.0,0.0,0.0,25.0,198180882,90517712,0,0,
1790777984.5,0.0,0.0,0.0,25.0,198180882,90517712,0,0,
1790777986.6,0.0,0.0,0.0,25.0,198180882,90517712,0,0,
1790777988.7,0.0,0.0,0.0,25.0,198180882,90517712,0,0,
1790777990.7,0.0,0.0,0.0,25.0,198180882,90517712,0,0,
1790777992.8,0.0,0.0,0.0,25.0,198180882,90517712,0,0,
1790777992.8,0.0,0.0,0.0,25.0,198180882,90517712,0,0,
