ts,kv_cache_usage_perc,num_requests_running,num_requests_waiting,num_preemptions_total,cum_prefix_cache_queries,cum_prefix_cache_hits,interval_queries,interval_hits,interval_hit_rate
1790766479.0,0.0,0.0,0.0,716.0,353676467,111447056,0,0,
1790766481.0,0.0,0.0,0.0,716.0,353676467,111447056,0,0,
1790766483.1,0.0,0.0,0.0,716.0,353676467,111447056,0,0,
1790766485.1,0.0,0.0,0.0,716.0,353676467,111447056,0,0,
1790766487.1,0.0,0.0,0.0,716.0,353676467,111447056,0,0,
1790766489.2,0.0,0.0,0.0,716.0,353676467,111447056,0,0,
1790766491.2,0.0,0.0,0.0,716.0,353676467,111447056,0,0,
1790766493.2,0.0,0.0,0.0,716.0,353676467,111447056,0,0,
1790766495.3,0.0,0.0,0.0,716.0,353676467,111447056,0,0,
1790766497.3,0.0,0.0,0.0,716.0,353676467,111447056,0,0,
1790766499.3,0.0,0.0,0.0,716.0,353676467,111447056,0,0,
1790766501.3,0.0,0.0,0.0,716.0,353676467,111447056,0,0,
1790766503.4,0.0,0.0,0.0,716.0,353676467,111447056,0,0,
1790766505.4,0.0,0.0,0.0,716.0,353676467,111447056,0,0,
1790766507.4,0.0,0.0,0.0,716.0,353676467,111447056,0,0,
1790766509.4,0.0,0.0,0.0,716.0,353676467,111447056,0,0,
1790766511.5,0.0,0.0,0.0,716.0,353676467,111447056,0,0,
1790766513.5,0.0,0.0,0.0,716.0,353676467,111447056,0,0,
1790766515.5,0.0,0.0,0.0,716.0,353676467,111447056,0,0,
1790766517.6,0.0,0.0,0.0,716.0,353676467,111447056,0,0,
1790766519.6,0.0,0.0,0.0,716.0,353676467,111447056,0,0,
1790766521.6,0.0,0.0,0.0,716.0,353676467,111447056,0,0,
1790766523.6,0.0,0.0,0.0,716.0,353676467,111447056,0,0,
1790766525.7,0.0,0.0,0.0,716.0,353676467,111447056,0,0,
1790766527.7,0.0,0.0,0.0,716.0,353676467,111447056,0,0,
1790766529.7,0.0,0.0,0.0,716.0,353676467,111447056,0,0,
1790766531.8,0.0,0.0,0.0,716.0,353676467,111447056,0,0,
1790766533.8,0.0,0.0,0.0,716.0,353676467,111447056,0,0,
1790766535.8,0.0,0.0,0.0,716.0,353676467,111447056,0,0,
1790766537.8,0.0,0.0,0.0,716.0,353676467,111447056,0,0,
1790766539.9,0.0,0.0,0.0,716.0,353676467,111447056,0,0,
1790766541.9,0.0,0.0,0.0,716.0,353676467,111447056,0,0,
1790766543.9,0.0,0.0,0.0,716.0,353676467,111447056,0,0,
1790766545.9,0.0,0.0,0.0,716.0,353676467,111447056,0,0,
1790766548.0,0.019561703405953645,5.0,15.0,716.0,353728270,111447056,51803,0,0.0
1790766550.0,0.05621039380891757,21.0,61.0,716.0,353850595,111447056,122325,0,0.0
1790766552.1,0.08016364598681103,19.0,107.0,716.0,353928103,111447056,77508,0,0.0
1790766554.1,0.10760724963165347,12.0,166.0,716.0,353928103,111447056,0,0,
1790766556.2,0.13194672922597162,9.0,203.0,716.0,353982840,111447056,54737,0,0.0
1790766558.2,0.17215014233195536,35.0,208.0,716.0,354078714,111447056,95874,0,0.0
1790766560.3,0.20582345115653655,39.0,206.0,716.0,354153687,111447056,74973,0,0.0
1790766562.3,0.2406768993090821,27.0,220.0,716.0,354263761,111447056,110074,0,0.0
1790766564.4,0.27091707554322175,25.0,230.0,716.0,354317431,111447056,53670,0,0.0
1790766566.5,0.30589926616790875,21.0,231.0,716.0,354406404,111447056,88973,0,0.0
1790766568.5,0.3416825210636989,25.0,230.0,716.0,354501661,111447056,95257,0,0.0
1790766570.6,0.37361065415480565,23.0,232.0,716.0,354596322,111447056,94661,0,0.0
1790766572.6,0.40250618679102235,27.0,230.0,716.0,354636515,111447056,40193,0,0.0
1790766574.7,0.43871143090105424,32.0,226.0,716.0,354701902,111447056,65387,0,0.0
1790766576.7,0.46713490780608524,34.0,220.0,716.0,354874838,111447056,172936,0,0.0
1790766578.8,0.48485130244467645,31.0,227.0,716.0,354874838,111447056,0,0,
1790766580.9,0.4954224898794112,29.0,229.0,716.0,354874838,111447056,0,0,
1790766582.9,0.5023602786559286,27.0,230.0,716.0,354874838,111447056,0,0,
1790766585.0,0.5127025905846339,24.0,232.0,716.0,354874838,111447056,0,0,
1790766587.1,0.5308624315161572,37.0,221.0,716.0,354928562,111447056,53724,0,0.0
1790766589.2,0.5607378374125624,46.0,210.0,716.0,355016533,111447056,87971,0,0.0
1790766591.2,0.5869440828529332,40.0,217.0,716.0,355092108,111447056,75575,0,0.0
1790766593.3,0.6078647345759366,40.0,217.0,716.0,355143011,111447056,50903,0,0.0
1790766595.4,0.6354227759737938,33.0,224.0,716.0,355178923,111447056,35912,0,0.0
1790766597.4,0.6720714663767577,39.0,220.0,716.0,355271786,111447056,92863,0,0.0
1790766599.5,0.7008167994621426,43.0,214.0,716.0,355343187,111447056,71401,0,0.0
1790766601.6,0.6674653468179153,40.0,214.0,716.0,355398886,111447056,55699,0,0.0
1790766603.6,0.6920050924800092,37.0,216.0,716.0,355431171,111447072,32285,16,0.0005
1790766605.7,0.7244481954596822,41.0,217.0,716.0,355507395,111447072,76224,0,0.0
1790766607.7,0.7569628220349893,45.0,212.0,716.0,355573183,111447072,65788,0,0.0
1790766609.8,0.7927460769307795,52.0,207.0,716.0,355684150,111447072,110967,0,0.0
1790766611.8,0.8253965983377917,61.0,198.0,716.0,355765820,111447072,81670,0,0.0
1790766613.9,0.8388001201596407,57.0,201.0,716.0,355806790,111447072,40970,0,0.0
1790766615.9,0.8646487476218404,47.0,210.0,716.0,355904572,111447072,97782,0,0.0
1790766618.0,0.8778162415780966,46.0,211.0,716.0,355951652,111447072,47080,0,0.0
1790766620.1,0.9106026578168138,47.0,211.0,716.0,356144187,111447088,192535,16,0.0001
1790766622.1,0.9323672879683007,46.0,212.0,716.0,356144187,111447088,0,0,
1790766624.2,0.9239918749195359,45.0,213.0,716.0,356144187,111447088,0,0,
1790766626.2,0.9349922039280759,45.0,214.0,716.0,356144187,111447088,0,0,
1790766628.3,0.9459925329366158,45.0,214.0,716.0,356144187,111447088,0,0,
1790766630.3,0.9343341868482412,47.0,211.0,716.0,356188964,111447088,44777,0,0.0
1790766632.4,0.9376600340452316,53.0,205.0,716.0,356225042,111447088,36078,0,0.0
1790766634.5,0.9442473572031413,67.0,190.0,716.0,356315290,111447088,90248,0,0.0
1790766636.5,0.9728138812994407,66.0,192.0,716.0,356385321,111447088,70031,0,0.0
1790766638.6,0.979615775244253,49.0,199.0,716.0,356388416,111447088,3095,0,0.0
1790766640.6,0.9833421545767949,47.0,211.0,716.0,356439095,111447088,50679,0,0.0
1790766642.7,0.9832563262620339,47.0,210.0,716.0,356490518,111447088,51423,0,0.0
1790766644.8,0.9662051010628406,52.0,205.0,716.0,356579802,111447088,89284,0,0.0
1790766646.9,0.9773699343413392,52.0,206.0,716.0,356615771,111447088,35969,0,0.0
1790766648.9,0.9804883631109903,54.0,204.0,716.0,356679858,111447088,64087,0,0.0
1790766651.0,0.9705823451156537,51.0,204.0,716.0,356769919,111447088,90061,0,0.0
1790766653.1,0.9847011028938447,48.0,206.0,716.0,356769919,111447088,0,0,
1790766655.1,0.9875906561574663,45.0,213.0,716.0,356769919,111447088,0,0,
1790766657.2,0.9794512709742944,45.0,213.0,716.0,356839095,111447088,69176,0,0.0
1790766659.2,0.9117613400660878,45.0,212.0,716.0,356954781,111447088,115686,0,0.0
1790766661.3,0.9153375198477978,44.0,213.0,716.0,356954781,111447088,0,0,
1790766663.3,0.9373238731457508,46.0,213.0,716.0,356995189,111447088,40408,0,0.0
1790766665.4,0.9264594389689158,46.0,212.0,716.0,357083882,111447088,88693,0,0.0
1790766667.4,0.9080921796100534,45.0,211.0,716.0,357141883,111447104,58001,16,0.0003
1790766669.5,0.9128628034388545,44.0,212.0,716.0,357185102,111447104,43219,0,0.0
1790766671.6,0.9457708097901498,45.0,213.0,716.0,357231842,111447104,46740,0,0.0
1790766673.6,0.9824338049122405,49.0,210.0,716.0,357309897,111447104,78055,0,0.0
1790766675.7,0.9803310112005951,49.0,209.0,716.0,357392915,111447104,83018,0,0.0
1790766677.7,0.9660191397141917,47.0,208.0,716.0,357426388,111447104,33473,0,0.0
1790766679.8,0.9763829087215873,48.0,209.0,716.0,357482158,111447120,55770,16,0.0003
1790766681.8,0.9622283891455792,48.0,208.0,716.0,357552030,111447136,69872,16,0.0002
1790766683.9,0.9685367702805155,48.0,210.0,716.0,357635658,111447136,83628,0,0.0
1790766685.9,0.9705251262391463,48.0,210.0,716.0,357693472,111447152,57814,16,0.0003
1790766688.0,0.962771968472399,48.0,210.0,716.0,357725500,111447152,32028,0,0.0
1790766690.0,0.9605618893673022,47.0,210.0,716.0,357785102,111447152,59602,0,0.0
1790766692.1,0.9670991460082681,48.0,210.0,716.0,357861635,111447152,76533,0,0.0
1790766694.2,0.9786144449053743,48.0,211.0,716.0,357923164,111447152,61529,0,0.0
1790766696.2,0.9702604889352997,47.0,210.0,716.0,357958330,111447152,35166,0,0.0
1790766698.3,0.961663352740069,48.0,210.0,716.0,358056921,111447152,98591,0,0.0
1790766700.3,0.985166006265467,48.0,211.0,716.0,358056921,111447152,0,0,
1790766702.4,0.9816112835624472,48.0,210.0,716.0,358151835,111447168,94914,16,0.0002
1790766704.4,0.9711473815211639,47.0,210.0,716.0,358198007,111447168,46172,0,0.0
1790766706.5,0.9793511379404065,48.0,209.0,716.0,358230941,111447168,32934,0,0.0
1790766708.5,0.9770266210822951,46.0,212.0,716.0,358292723,111447168,61782,0,0.0
1790766710.6,0.9796729941207605,46.0,211.0,716.0,358329808,111447168,37085,0,0.0
1790766712.6,0.9958730885319067,46.0,212.0,716.0,358368233,111447168,38425,0,0.0
1790766714.7,0.9647388673523395,45.0,211.0,716.0,358455845,111447184,87612,16,0.0002
1790766716.8,0.9613987154362225,46.0,212.0,716.0,358505478,111447184,49633,0,0.0
1790766718.9,0.9733360035475703,47.0,211.0,716.0,358585605,111447200,80127,16,0.0002
1790766720.9,0.9797874318737751,46.0,211.0,716.0,358644507,111447200,58902,0,0.0
1790766723.0,0.9795943181655629,45.0,213.0,716.0,358644507,111447200,0,0,
1790766725.0,0.9378817571916975,43.0,215.0,716.0,358693289,111447200,48782,0,0.0
1790766727.1,0.9261161257098717,43.0,215.0,716.0,358772898,111447200,79609,0,0.0
1790766729.1,0.9386184502267299,45.0,213.0,716.0,358894420,111447216,121522,16,0.0001
1790766731.2,0.9642382021829001,45.0,214.0,716.0,358894420,111447216,0,0,
1790766733.3,0.966176491624587,45.0,213.0,716.0,358990184,111447232,95764,16,0.0002
1790766735.3,0.9439040439440971,42.0,216.0,716.0,358990184,111447232,0,0,
1790766737.4,0.9333543135880527,41.0,217.0,716.0,358990184,111447232,0,0,
1790766739.4,0.9343842533651852,41.0,218.0,716.0,358990184,111447232,0,0,
1790766741.5,0.9195001931137082,40.0,218.0,716.0,359142174,111447232,151990,0,0.0
1790766743.5,0.9341339207804655,40.0,220.0,716.0,359142174,111447232,0,0,
1790766745.6,0.9327821248229791,39.0,221.0,716.0,359142174,111447232,0,0,
1790766747.6,0.9219606048035247,38.0,222.0,716.0,359142174,111447232,0,0,
1790766749.7,0.9329609338120646,39.0,221.0,716.0,359170426,111447248,28252,16,0.0006
1790766751.8,0.9695452529789578,42.0,218.0,716.0,359261427,111447264,91001,16,0.0002
1790766753.8,0.9708183729812465,42.0,217.0,716.0,359357731,111447264,96304,0,0.0
1790766755.9,0.9669131846596192,43.0,215.0,716.0,359389434,111447264,31703,0,0.0
1790766757.9,0.9769550974866609,42.0,217.0,716.0,359389434,111447264,0,0,
1790766760.0,0.9750311127641009,42.0,216.0,716.0,359455242,111447280,65808,16,0.0002
1790766762.0,0.9901941150385513,42.0,217.0,716.0,359455242,111447280,0,0,
1790766764.1,0.9677357060094125,41.0,217.0,716.0,359544609,111447280,89367,0,0.0
1790766766.2,0.9897220593073655,41.0,219.0,716.0,359544609,111447280,0,0,
1790766768.2,0.981589826483757,40.0,218.0,716.0,359578237,111447280,33628,0,0.0
1790766770.3,0.9048450083682607,39.0,218.0,716.0,359680780,111447280,102543,0,0.0
1790766772.3,0.9231908106484329,39.0,219.0,716.0,359680780,111447280,0,0,
1790766774.4,0.9414722416925344,40.0,219.0,716.0,359714337,111447280,33557,0,0.0
1790766776.4,0.9430028466391063,40.0,219.0,716.0,359769016,111447280,54679,0,0.0
1790766778.5,0.975953767147782,42.0,217.0,716.0,359842021,111447296,73005,16,0.0002
1790766780.5,0.9650678758922568,41.0,217.0,716.0,359899392,111447296,57371,0,0.0
1790766782.6,0.9753815783827084,41.0,216.0,716.0,359950223,111447296,50831,0,0.0
1790766784.7,0.9582659819474445,40.0,217.0,716.0,359950223,111447296,0,0,
1790766786.7,0.9576365743058635,40.0,217.0,716.0,360052514,111447312,102291,16,0.0002
1790766788.8,0.975953767147782,40.0,217.0,716.0,360052514,111447312,0,0,
1790766790.8,0.9854521006480038,40.0,219.0,716.0,360052514,111447312,0,0,
1790766792.9,0.9717696368031814,39.0,219.0,716.0,360137011,111447328,84497,16,0.0002
1790766794.9,0.9738223639978829,39.0,218.0,716.0,360194755,111447328,57744,0,0.0
1790766797.0,0.9974609123549859,39.0,219.0,716.0,360194755,111447328,0,0,
1790766799.1,0.9857167379518503,39.0,219.0,716.0,360264807,111447328,70052,0,0.0
1790766801.1,0.9742801150099418,39.0,219.0,716.0,360303485,111447328,38678,0,0.0
1790766803.2,0.9876264179552835,39.0,218.0,716.0,360335901,111447328,32416,0,0.0
1790766805.2,0.9297781338063427,38.0,220.0,716.0,360432625,111447328,96724,0,0.0
1790766807.3,0.9663910624114895,40.0,218.0,716.0,360491360,111447328,58735,0,0.0
1790766809.4,0.990294248072439,41.0,217.0,716.0,360543783,111447328,52423,0,0.0
1790766811.4,0.9161958029954081,38.0,218.0,716.0,360646067,111447328,102284,0,0.0
1790766813.5,0.9381750039337977,38.0,220.0,716.0,360646067,111447328,0,0,
1790766815.5,0.9528015792409916,38.0,222.0,716.0,360646067,111447328,0,0,
1790766817.6,0.9784642453545425,40.0,220.0,716.0,360731346,111447344,85279,16,0.0002
1790766819.6,0.986274621997797,41.0,218.0,716.0,360780931,111447344,49585,0,0.0
1790766821.7,0.9834708970489364,41.0,217.0,716.0,360951615,111447344,170684,0,0.0
1790766823.7,0.9573075657659462,40.0,216.0,716.0,360951615,111447344,0,0,
1790766825.8,0.9746091235498591,40.0,220.0,716.0,360951615,111447344,0,0,
1790766827.9,0.9339193499935629,39.0,220.0,716.0,360951615,111447344,0,0,
1790766829.9,0.9483742686712346,40.0,219.0,716.0,361033508,111447344,81893,0,0.0
1790766832.0,0.9776846381621297,41.0,218.0,716.0,361066881,111447344,33373,0,0.0
1790766834.0,0.9848226930064228,41.0,218.0,716.0,361125782,111447344,58901,0,0.0
1790766836.1,0.9928690975152703,41.0,218.0,716.0,361159343,111447344,33561,0,0.0
1790766838.1,0.9916531963894889,41.0,217.0,716.0,361220483,111447344,61140,0,0.0
1790766840.2,0.9672278884804096,39.0,220.0,716.0,361220483,111447344,0,0,
1790766842.3,0.957729554980188,39.0,219.0,716.0,361334451,111447344,113968,0,0.0
1790766844.3,0.9833493069363584,39.0,220.0,716.0,361334451,111447344,0,0,
1790766846.4,0.9888709285193186,39.0,221.0,716.0,361385028,111447344,50577,0,0.0
1790766848.4,0.9648747621840446,38.0,220.0,716.0,361426599,111447344,41571,0,0.0
1790766850.5,0.9711974480381078,38.0,220.0,716.0,361480961,111447344,54362,0,0.0
1790766852.6,0.9390690488792253,35.0,222.0,716.0,361546846,111447344,65885,0,0.0
1790766854.6,0.9720342741070279,38.0,222.0,716.0,361634092,111447360,87246,16,0.0002
1790766856.7,0.966484043085814,37.0,222.0,716.0,361691903,111447376,57811,16,0.0003
1790766858.7,0.9907448467249346,38.0,222.0,716.0,361728783,111447376,36880,0,0.0
1790766860.8,0.9937130759437538,38.0,222.0,716.0,361837723,111447376,108940,0,0.0
1790766862.8,0.988334501552062,38.0,222.0,716.0,361837723,111447376,0,0,
1790766864.9,0.9616275909422518,37.0,221.0,716.0,361931012,111447376,93289,0,0.0
1790766867.0,0.9810820089547542,37.0,222.0,716.0,361988080,111447376,57068,0,0.0
1790766869.0,0.9681004763471469,36.0,222.0,716.0,362123520,111447392,135440,16,0.0001
1790766871.1,0.9718411603988155,38.0,221.0,716.0,362206950,111447392,83430,0,0.0
1790766873.1,0.9727423577038065,39.0,220.0,716.0,362247719,111447392,40769,0,0.0
1790766875.2,0.9765688700702362,40.0,220.0,716.0,362363403,111447392,115684,0,0.0
1790766877.2,0.9820046633384354,38.0,220.0,716.0,362397096,111447392,33693,0,0.0
1790766879.3,0.9221894803095542,36.0,220.0,717.0,362578934,111447408,181838,16,0.0001
1790766881.4,0.908170855565251,36.0,224.0,717.0,362578934,111447408,0,0,
1790766883.4,0.8914557912655385,36.0,224.0,717.0,362578934,111447408,0,0,
1790766885.5,0.9101234497260646,38.0,221.0,717.0,362637537,111447408,58603,0,0.0
1790766887.5,0.9279542821176706,38.0,222.0,717.0,362684659,111447408,47122,0,0.0
1790766889.6,0.9601899666700044,40.0,220.0,717.0,362856457,111447408,171798,0,0.0
1790766891.6,0.987941121776074,41.0,219.0,717.0,362856457,111447408,0,0,
1790766893.7,0.9497475217074113,40.0,218.0,717.0,362922645,111447408,66188,0,0.0
1790766895.7,0.9680790192684566,40.0,218.0,717.0,362922645,111447408,0,0,
1790766897.8,0.9476447279957658,39.0,219.0,717.0,363038839,111447408,116194,0,0.0
1790766899.9,0.9659404637589941,39.0,220.0,717.0,363038839,111447408,0,0,
1790766901.9,0.9806171055831319,41.0,218.0,717.0,363075917,111447408,37078,0,0.0
1790766904.0,0.9808602858082881,40.0,218.0,717.0,363115295,111447408,39378,0,0.0
1790766906.0,0.9677786201667931,40.0,219.0,717.0,363169657,111447424,54362,16,0.0003
1790766908.1,0.963894888923856,40.0,219.0,717.0,363231122,111447424,61465,0,0.0
1790766910.1,0.9579655828457808,40.0,218.0,717.0,363396862,111447424,165740,0,0.0
1790766912.2,0.9631152817314432,40.0,220.0,717.0,363396862,111447424,0,0,
1790766914.3,0.9851159397485231,41.0,219.0,717.0,363396862,111447424,0,0,
1790766916.3,0.9883058921138084,40.0,219.0,717.0,363396862,111447424,0,0,
1790766918.4,0.9775630480495515,41.0,219.0,717.0,363487021,111447424,90159,0,0.0
1790766920.4,0.9653968844321742,41.0,218.0,717.0,363561600,111447440,74579,16,0.0002
1790766922.5,0.9805813437853148,41.0,218.0,717.0,363561600,111447440,0,0,
1790766924.5,0.9885490723389646,40.0,220.0,717.0,363615072,111447440,53472,0,0.0
1790766926.6,0.9831275837898923,40.0,220.0,717.0,363692476,111447440,77404,0,0.0
1790766928.7,0.9891713276209821,41.0,219.0,717.0,363692845,111447440,369,0,0.0
1790766930.7,0.9992490022458409,41.0,219.0,717.0,363752374,111447440,59529,0,0.0
1790766932.8,0.9834995064871901,39.0,220.0,717.0,363826759,111447440,74385,0,0.0
1790766934.9,0.9782282174889496,39.0,220.0,717.0,363885198,111447440,58439,0,0.0
1790766936.9,0.993698771224627,39.0,220.0,717.0,363885198,111447440,0,0,
1790766939.0,0.9782782840058936,38.0,220.0,717.0,363944094,111447440,58896,0,0.0
1790766941.0,0.979494185131675,38.0,219.0,717.0,364000369,111447440,56275,0,0.0
1790766943.1,0.9726279199507918,36.0,221.0,717.0,364000369,111447440,0,0,
1790766945.2,0.9651393994878911,36.0,221.0,717.0,364152410,111447440,152041,0,0.0
1790766947.3,0.9664983478049408,36.0,223.0,717.0,364152410,111447440,0,0,
1790766949.3,0.9677428583689759,36.0,223.0,717.0,364152410,111447440,0,0,
1790766951.4,0.9841074570500808,36.0,223.0,717.0,364152410,111447440,0,0,
1790766953.5,0.9804955154705537,36.0,223.0,717.0,364194351,111447456,41941,16,0.0004
1790766955.5,0.9872401905388588,36.0,223.0,717.0,364228940,111447456,34589,0,0.0
1790766957.6,0.9605332799290486,36.0,223.0,717.0,364316540,111447456,87600,0,0.0
1790766959.7,0.9934341339207805,38.0,221.0,717.0,364383790,111447456,67250,0,0.0
1790766961.7,0.9773627819817758,37.0,222.0,717.0,364383790,111447456,0,0,
1790766963.8,0.9767619837784485,37.0,223.0,717.0,364441405,111447456,57615,0,0.0
1790766965.9,0.967592658818144,38.0,222.0,717.0,364521520,111447472,80115,16,0.0002
1790766967.9,0.9543107271088732,38.0,221.0,717.0,364700638,111447488,179118,16,0.0001
1790766970.0,0.976275623328136,39.0,220.0,717.0,364700638,111447488,0,0,
1790766972.1,0.9859170040196261,40.0,218.0,717.0,364700638,111447488,0,0,
1790766974.1,0.9734718983792753,39.0,219.0,717.0,364766437,111447504,65799,16,0.0002
1790766976.2,0.976497346474602,38.0,222.0,717.0,364766437,111447504,0,0,
1790766978.3,0.9843863990730543,38.0,222.0,717.0,364829752,111447520,63315,16,0.0003
1790766980.3,0.9877623127869885,38.0,221.0,717.0,364924452,111447536,94700,16,0.0002
1790766982.4,0.987004162673266,38.0,221.0,717.0,364924452,111447536,0,0,
1790766984.5,0.9887207289684867,39.0,221.0,717.0,365029428,111447536,104976,0,0.0
1790766986.5,0.9958659361723432,39.0,221.0,717.0,365029428,111447536,0,0,
1790766988.6,0.9650535711731301,39.0,220.0,717.0,365079623,111447552,50195,16,0.0003
1790766990.6,0.9896147739139142,40.0,220.0,717.0,365123871,111447552,44248,0,0.0
1790766992.7,0.905939319381464,37.0,221.0,717.0,365323443,111447568,199572,16,0.0001
1790766994.7,0.9388973922497031,38.0,221.0,717.0,365323443,111447568,0,0,
1790766996.8,0.9326962965082181,37.0,222.0,717.0,365323443,111447568,0,0,
1790766998.8,0.9436823207976311,37.0,223.0,717.0,365323443,111447568,0,0,
1790767000.9,0.9546683450870442,37.0,223.0,717.0,365323443,111447568,0,0,
1790767002.9,0.9656686740955841,37.0,223.0,717.0,365323443,111447568,0,0,
1790767005.0,0.9626217689215673,37.0,222.0,717.0,365361591,111447568,38148,0,0.0
1790767007.1,0.9655327792638791,38.0,220.0,717.0,365435494,111447568,73903,0,0.0
1790767009.1,0.9871686669432246,39.0,219.0,717.0,365473446,111447568,37952,0,0.0
1790767011.2,0.9648533051053543,40.0,218.0,717.0,365547975,111447584,74529,16,0.0002
1790767013.2,0.9922039280758722,41.0,218.0,717.0,365607644,111447584,59669,0,0.0
1790767015.3,0.9715336089375886,40.0,217.0,717.0,365708328,111447584,100684,0,0.0
1790767017.3,0.9752099217531863,41.0,217.0,717.0,365708328,111447584,0,0,
1790767019.4,0.9851159397485231,43.0,215.0,717.0,365795135,111447584,86807,0,0.0
1790767021.4,0.9800520691776217,43.0,216.0,717.0,365872053,111447584,76918,0,0.0
1790767023.5,0.9894288125652653,43.0,215.0,717.0,365905617,111447584,33564,0,0.0
1790767025.5,0.9750811792810448,45.0,213.0,717.0,365975284,111447584,69667,0,0.0
1790767027.6,0.9748379990558885,45.0,214.0,717.0,366052161,111447584,76877,0,0.0
1790767029.7,0.9628363397084698,45.0,214.0,717.0,366109781,111447584,57620,0,0.0
1790767031.7,0.9851946157037207,45.0,214.0,717.0,366109781,111447584,0,0,
1790767033.8,0.9709900296107686,43.0,216.0,717.0,366149822,111447584,40041,0,0.0
1790767035.8,0.9781638462528788,43.0,215.0,717.0,366218994,111447584,69172,0,0.0
1790767037.9,0.9798804125480997,43.0,215.0,717.0,366259604,111447584,40610,0,0.0
1790767039.9,0.9721630165791695,42.0,216.0,717.0,366259604,111447584,0,0,
1790767042.0,0.9048879225256412,38.0,219.0,717.0,366431133,111447584,171529,0,0.0
1790767044.0,0.9268528187449039,38.0,221.0,717.0,366431133,111447584,0,0,
1790767046.1,0.9378316906747536,38.0,222.0,717.0,366431133,111447584,0,0,
1790767048.2,0.9488320196832936,38.0,222.0,717.0,366431133,111447584,0,0,
1790767050.2,0.9598108916131431,38.0,222.0,717.0,366431133,111447584,0,0,
1790767052.3,0.9671349078060852,38.0,222.0,717.0,366431133,111447584,0,0,
1790767054.3,0.9854521006480038,40.0,220.0,717.0,366492641,111447584,61508,0,0.0
1790767056.4,0.9989700602228675,40.0,220.0,717.0,366492641,111447584,0,0,
1790767058.4,0.9601971190295678,38.0,219.0,717.0,366578142,111447584,85501,0,0.0
1790767060.5,0.982169167608394,38.0,221.0,717.0,366578142,111447584,0,0,
1790767062.5,0.9501122920451457,37.0,221.0,717.0,366678994,111447584,100852,0,0.0
1790767064.6,0.9684294848870643,38.0,222.0,717.0,366678994,111447584,0,0,
1790767066.7,0.9884346345859499,38.0,222.0,717.0,366678994,111447584,0,0,
1790767068.7,0.9726422246699186,38.0,221.0,717.0,366754146,111447584,75152,0,0.0
1790767070.8,0.9767119172615045,38.0,220.0,717.0,366792262,111447584,38116,0,0.0
1790767072.8,0.9778062282747079,38.0,221.0,717.0,366852891,111447600,60629,16,0.0003
1790767074.9,0.998705422919021,39.0,222.0,717.0,366921421,111447600,68530,0,0.0
1790767076.9,0.9865893258185876,39.0,221.0,717.0,366954468,111447616,33047,16,0.0005
1790767079.0,0.9949790435864792,39.0,221.0,717.0,366995845,111447616,41377,0,0.0
1790767081.0,0.9439898722588582,40.0,221.0,717.0,367093255,111447632,97410,16,0.0002
1790767083.1,0.9769550974866609,41.0,220.0,717.0,367148088,111447632,54833,0,0.0
1790767085.1,0.9807315433361465,41.0,219.0,717.0,367199685,111447632,51597,0,0.0
1790767087.2,0.9724705680403966,41.0,219.0,717.0,367250285,111447632,50600,0,0.0
1790767089.3,0.9795442516486189,41.0,218.0,717.0,367288288,111447632,38003,0,0.0
1790767091.3,0.8708713004420159,38.0,220.0,717.0,367372158,111447632,83870,0,0.0
1790767093.4,0.8891884932839343,38.0,222.0,717.0,367372158,111447632,0,0,
1790767095.4,0.9148368546783584,39.0,222.0,717.0,367424030,111447632,51872,0,0.0
1790767097.5,0.8809132132690575,39.0,220.0,717.0,367494784,111447632,70754,0,0.0
1790767099.5,0.9138855908564235,41.0,220.0,717.0,367570692,111447632,75908,0,0.0
1790767101.6,0.9468579684437896,43.0,218.0,717.0,367679623,111447632,108931,0,0.0
1790767103.6,0.9432531792238259,43.0,217.0,717.0,367694985,111447632,15362,0,0.0
1790767105.7,0.9762112520920652,45.0,215.0,717.0,367767241,111447632,72256,0,0.0
1790767107.8,0.9634228331926703,45.0,213.0,717.0,367831651,111447632,64410,0,0.0
1790767109.8,0.945570543722374,45.0,215.0,717.0,367926411,111447632,94760,0,0.0
1790767111.9,0.9821977770466477,47.0,213.0,717.0,367977658,111447632,51247,0,0.0
1790767113.9,0.9850658732315791,48.0,211.0,717.0,368046233,111447648,68575,16,0.0002
1790767116.0,0.9815755217646301,49.0,209.0,717.0,368113476,111447648,67243,0,0.0
1790767118.0,0.9755460826526671,48.0,209.0,717.0,368210562,111447648,97086,0,0.0
1790767120.1,0.9714477806228274,48.0,210.0,717.0,368210562,111447648,0,0,
1790767122.1,0.985251834580228,48.0,212.0,717.0,368263070,111447648,52508,0,0.0
1790767124.2,0.9983692620195402,48.0,213.0,717.0,368263070,111447648,0,0,
1790767126.2,0.9855879954797088,47.0,214.0,717.0,368306637,111447648,43567,0,0.0
1790767128.3,0.987261647617549,47.0,214.0,717.0,368347331,111447648,40694,0,0.0
1790767130.4,0.9517573347447323,47.0,212.0,717.0,368433407,111447648,86076,0,0.0
1790767132.4,0.9436465589998141,46.0,213.0,717.0,368452670,111447648,19263,0,0.0
1790767134.5,0.9766189365871801,48.0,212.0,717.0,368541654,111447648,88984,0,0.0
1790767136.5,0.9714263235441372,47.0,212.0,717.0,368592186,111447648,50532,0,0.0
1790767138.6,0.9767905932167021,47.0,211.0,717.0,368628615,111447648,36429,0,0.0
1790767140.6,0.9447480223725807,46.0,213.0,717.0,368718954,111447648,90339,0,0.0
1790767142.7,0.9704035361265682,47.0,214.0,717.0,368765414,111447648,46460,0,0.0
1790767144.8,0.9933983721229633,49.0,212.0,717.0,368801404,111447648,35990,0,0.0
1790767146.8,0.9856380619966527,49.0,211.0,717.0,368865912,111447648,64508,0,0.0
1790767148.9,0.9698313473614946,49.0,211.0,717.0,368938950,111447648,73038,0,0.0
1790767150.9,0.9490108286723791,47.0,212.0,717.0,368978873,111447648,39923,0,0.0
1790767153.0,0.9609910309411075,48.0,212.0,717.0,369055720,111447648,76847,0,0.0
1790767155.1,0.969294920394238,48.0,211.0,717.0,369131885,111447648,76165,0,0.0
1790767157.1,0.953624100590785,47.0,212.0,717.0,369204451,111447664,72566,16,0.0002
1790767159.2,0.9641380691490122,47.0,213.0,717.0,369204451,111447664,0,0,
1790767161.2,0.9390261347218447,46.0,213.0,717.0,369366030,111447664,161579,0,0.0
1790767163.3,0.9573147181255096,46.0,214.0,717.0,369366030,111447664,0,0,
1790767165.3,0.9529231693535698,45.0,214.0,717.0,369366030,111447664,0,0,
1790767167.4,0.9410431001187292,44.0,215.0,717.0,369366030,111447664,0,0,
1790767169.4,0.9520148196890154,44.0,217.0,717.0,369366030,111447664,0,0,
1790767171.5,0.9703391648904973,46.0,215.0,717.0,369449439,111447664,83409,0,0.0
1790767173.5,0.9925901554922969,46.0,215.0,717.0,369449439,111447664,0,0,
1790767175.6,0.9996209249431387,47.0,213.0,717.0,369505798,111447664,56359,0,0.0
1790767177.7,0.9879125123378203,47.0,212.0,717.0,369608673,111447680,102875,16,0.0002
1790767179.7,0.9726207675912284,47.0,212.0,717.0,369704264,111447680,95591,0,0.0
1790767181.8,0.9860743559300214,47.0,212.0,717.0,369704264,111447680,0,0,
1790767183.9,0.9659476161185575,46.0,212.0,717.0,369779764,111447680,75500,0,0.0
1790767185.9,0.9624572646516085,45.0,212.0,717.0,369833881,111447696,54117,16,0.0003
1790767188.0,0.9729497761311456,45.0,215.0,717.0,369868381,111447712,34500,16,0.0005
1790767190.1,0.9753958831018353,46.0,214.0,717.0,369996937,111447712,128556,0,0.0
1790767192.1,0.9839143433418684,46.0,215.0,717.0,369996937,111447712,0,0,
1790767194.2,0.9957586507788919,48.0,213.0,717.0,370058925,111447728,61988,16,0.0003
1790767196.2,0.9672922597164805,48.0,211.0,717.0,370136548,111447728,77623,0,0.0
1790767198.3,0.9818902255854206,47.0,213.0,717.0,370202734,111447744,66186,16,0.0002
1790767200.3,0.9953795757220307,47.0,214.0,717.0,370202734,111447744,0,0,
1790767202.4,0.9923755847053943,47.0,215.0,717.0,370321977,111447744,119243,0,0.0
1790767204.5,0.9519933626103252,45.0,215.0,717.0,370321977,111447744,0,0,
1790767206.5,0.9776131145664955,46.0,215.0,717.0,370362605,111447744,40628,0,0.0
1790767208.6,0.9076129715193042,45.0,215.0,717.0,370417381,111447744,54776,0,0.0
1790767210.6,0.9332470281946014,46.0,216.0,717.0,370509874,111447744,92493,0,0.0
1790767212.7,0.9324030497661179,45.0,217.0,717.0,370509874,111447744,0,0,
1790767214.8,0.9580299540818517,47.0,215.0,717.0,370584954,111447744,75080,0,0.0
1790767216.8,0.9729998426480896,49.0,213.0,717.0,370675642,111447744,90688,0,0.0
1790767218.9,0.9966240862860658,49.0,213.0,717.0,370675642,111447744,0,0,
1790767220.9,0.9896290786330411,49.0,213.0,717.0,370755976,111447744,80334,0,0.0
1790767223.0,0.9621997797073254,48.0,213.0,717.0,370801655,111447744,45679,0,0.0
1790767225.1,0.963573032743502,48.0,213.0,717.0,370941019,111447744,139364,0,0.0
1790767227.1,0.9928619451557069,49.0,213.0,717.0,370941019,111447744,0,0,
1790767229.2,0.9638734318451657,48.0,213.0,717.0,370983191,111447744,42172,0,0.0
1790767231.2,0.9753958831018353,49.0,212.0,717.0,371067118,111447744,83927,0,0.0
1790767233.3,0.9437323873145751,48.0,211.0,717.0,371134502,111447744,67384,0,0.0
1790767235.3,0.973006995007653,50.0,212.0,717.0,371169122,111447744,34620,0,0.0
1790767237.4,0.9861816413234726,50.0,211.0,717.0,371228566,111447744,59444,0,0.0
1790767239.5,0.987039924471083,49.0,212.0,717.0,371255036,111447744,26470,0,0.0
1790767241.5,0.9775630480495515,49.0,212.0,717.0,371294485,111447744,39449,0,0.0
1790767243.6,0.9549830489078347,48.0,212.0,717.0,371341844,111447744,47359,0,0.0
1790767245.6,0.9503197104724849,47.0,214.0,717.0,371394276,111447744,52432,0,0.0
1790767247.7,0.9612842776832077,48.0,214.0,717.0,371474008,111447760,79732,16,0.0002
1790767249.7,0.9761325761368675,48.0,214.0,717.0,371482558,111447760,8550,0,0.0
1790767251.8,0.9863532979529946,48.0,214.0,717.0,371606061,111447776,123503,16,0.0001
1790767253.8,0.9662194057819675,47.0,213.0,717.0,371606061,111447776,0,0,
1790767255.9,0.9705751927560903,47.0,214.0,717.0,371722202,111447776,116141,0,0.0
1790767258.0,0.9765402606319825,47.0,213.0,717.0,371722202,111447776,0,0,
1790767260.0,0.9927904215600727,47.0,214.0,717.0,371722202,111447776,0,0,
1790767262.1,0.9418227073111419,44.0,213.0,717.0,371800789,111447776,78587,0,0.0
1790767264.1,0.9710901626446564,45.0,214.0,717.0,371860341,111447776,59552,0,0.0
1790767266.2,0.9966526957243195,46.0,213.0,717.0,371914961,111447792,54620,16,0.0003
1790767268.2,0.97551032085485,45.0,215.0,717.0,371974831,111447792,59870,0,0.0
1790767270.3,0.991688958187306,45.0,216.0,717.0,371974831,111447792,0,0,
1790767272.3,0.9907663038036248,46.0,215.0,717.0,372046744,111447824,71913,32,0.0004
1790767274.4,0.9420658875362983,45.0,214.0,717.0,372149399,111447824,102655,0,0.0
1790767276.5,0.9469509491181141,44.0,216.0,717.0,372149399,111447824,0,0,
1790767278.5,0.9615703720657445,45.0,215.0,717.0,372183610,111447824,34211,0,0.0
1790767280.6,0.9935914858311757,46.0,215.0,717.0,372252003,111447824,68393,0,0.0
1790767282.6,0.9731643469180483,47.0,214.0,717.0,372354693,111447824,102690,0,0.0
1790767284.7,0.9473729383323558,46.0,213.0,717.0,372354693,111447824,0,0,
1790767286.8,0.9766618507445606,47.0,214.0,717.0,372412269,111447824,57576,0,0.0
1790767288.8,0.9792867667043358,48.0,213.0,717.0,372513320,111447824,101051,0,0.0
1790767290.9,0.9819188350236743,47.0,213.0,717.0,372513320,111447824,0,0,
1790767292.9,0.9385040124737151,45.0,212.0,717.0,372653269,111447824,139949,0,0.0
1790767295.0,0.9568212053156336,45.0,216.0,717.0,372653269,111447824,0,0,
1790767297.0,0.9218819288483271,44.0,216.0,717.0,372653269,111447824,0,0,
1790767299.1,0.9174689229976969,43.0,216.0,717.0,372653269,111447824,0,0,
1790767301.2,0.93945527629565,44.0,217.0,717.0,372838670,111447824,185401,0,0.0
1790767303.2,0.9577724691375685,45.0,216.0,717.0,372838670,111447824,0,0,
1790767305.3,0.9813251891799104,45.0,216.0,717.0,372838670,111447824,0,0,
1790767307.3,0.9770909923183658,45.0,215.0,717.0,372838670,111447824,0,0,
1790767309.4,0.9698313473614946,45.0,215.0,717.0,372901059,111447824,62389,0,0.0
1790767311.4,0.9646101248801979,45.0,215.0,717.0,372928525,111447840,27466,16,0.0006
1790767313.5,0.9548972205930737,44.0,216.0,717.0,372928525,111447840,0,0,
1790767315.5,0.9551046390204129,44.0,216.0,717.0,373106927,111447840,178402,0,0.0
1790767317.6,0.9388401733731958,43.0,217.0,717.0,373106927,111447840,0,0,
1790767319.6,0.9470367774328751,42.0,218.0,717.0,373106927,111447840,0,0,
1790767321.7,0.9580514111605418,43.0,218.0,717.0,373106927,111447840,0,0,
1790767323.8,0.9905588853762857,44.0,217.0,717.0,373146569,111447840,39642,0,0.0
1790767325.8,0.9793296808617162,43.0,218.0,717.0,373146569,111447840,0,0,
1790767327.9,0.9783498076015278,43.0,217.0,717.0,373207897,111447840,61328,0,0.0
1790767329.9,0.9619780565608594,43.0,217.0,717.0,373325926,111447840,118029,0,0.0
1790767332.0,0.8702490451599982,40.0,219.0,717.0,373325926,111447840,0,0,
1790767334.0,0.8748837741570944,41.0,218.0,717.0,373377494,111447856,51568,16,0.0003
1790767336.1,0.8864634442902714,41.0,218.0,717.0,373440948,111447856,63454,0,0.0
1790767338.1,0.9156951378259688,42.0,219.0,717.0,373477364,111447856,36416,0,0.0
1790767340.2,0.9223539845795128,43.0,217.0,717.0,373564214,111447856,86850,0,0.0
1790767342.2,0.9394695810147767,44.0,215.0,717.0,373706236,111447872,142022,16,0.0001
1790767344.3,0.9578439927332026,44.0,215.0,717.0,373706236,111447872,0,0,
1790767346.4,0.9596606920623113,45.0,214.0,717.0,373744330,111447888,38094,16,0.0004
1790767348.4,0.9620138183586765,45.0,214.0,717.0,373799048,111447904,54718,16,0.0003
1790767350.5,0.9846081222195202,47.0,212.0,717.0,373836679,111447920,37631,16,0.0004
1790767352.5,0.9684580943253179,48.0,212.0,717.0,373919396,111447920,82717,0,0.0
1790767354.6,0.9868396584033072,48.0,212.0,717.0,374037916,111447920,118520,0,0.0
1790767356.6,0.9685939891570229,48.0,211.0,717.0,374037916,111447920,0,0,
1790767358.7,0.9918820718955184,48.0,211.0,717.0,374037916,111447920,0,0,
1790767360.8,0.950663023731529,46.0,211.0,717.0,374115718,111447920,77802,0,0.0
1790767362.8,0.9727065959059894,46.0,213.0,717.0,374115718,111447920,0,0,
1790767364.9,0.9789005392879111,46.0,213.0,717.0,374180752,111447920,65034,0,0.0
1790767366.9,0.9838428197462343,47.0,211.0,717.0,374261767,111447920,81015,0,0.0
1790767369.0,0.9985623757277526,47.0,213.0,717.0,374261767,111447920,0,0,
1790767371.0,0.9750740269214814,46.0,213.0,717.0,374261767,111447920,0,0,
1790767373.1,0.9853805770523696,46.0,214.0,717.0,374342807,111447920,81040,0,0.0
1790767375.1,0.999914171685239,46.0,214.0,717.0,374342807,111447920,0,0,
1790767377.2,0.978099475016808,44.0,215.0,759.0,374396678,111447920,53871,0,0.0
1790767379.3,0.9600040053213555,45.0,214.0,759.0,374465786,111447920,69108,0,0.0
1790767381.3,0.985745347390104,46.0,213.0,759.0,374513795,111447920,48009,0,0.0
1790767383.4,0.9636946228560802,45.0,213.0,759.0,374570727,111447920,56932,0,0.0
1790767385.4,0.9886706624515428,45.0,214.0,759.0,374589739,111447920,19012,0,0.0
1790767387.5,0.9413005850630123,44.0,215.0,759.0,374731925,111447920,142186,0,0.0
1790767389.5,0.96697755589569,44.0,215.0,759.0,374731925,111447920,0,0,
1790767391.6,0.9808817428869784,45.0,214.0,759.0,374734814,111447920,2889,0,0.0
1790767393.7,0.9572646516085657,44.0,213.0,759.0,374790890,111447936,56076,16,0.0003
1790767395.7,0.9629150156636674,45.0,212.0,759.0,374940110,111447936,149220,0,0.0
1790767397.8,0.9642882686998441,45.0,213.0,759.0,374940110,111447936,0,0,
1790767399.8,0.9861601842447824,45.0,213.0,759.0,374940110,111447936,0,0,
1790767401.9,0.9838285150271074,46.0,212.0,759.0,375032729,111447936,92619,0,0.0
1790767403.9,0.995129243137311,45.0,213.0,785.0,375040748,111447936,8019,0,0.0
1790767406.0,0.9350994893215272,44.0,213.0,785.0,375108158,111447952,67410,16,0.0002
1790767408.0,0.944855307766032,43.0,215.0,785.0,375108158,111447952,0,0,
1790767410.1,0.9742085914143076,45.0,214.0,785.0,375206890,111447968,98732,16,0.0002
1790767412.2,0.9905159712189051,45.0,214.0,785.0,375206890,111447968,0,0,
1790767414.2,0.9319166893158053,45.0,213.0,785.0,375347070,111447968,140180,0,0.0
1790767416.3,0.9612842776832077,46.0,213.0,785.0,375347070,111447968,0,0,
1790767418.3,0.9662980817371651,46.0,212.0,785.0,375447912,111447968,100842,0,0.0
1790767420.4,0.9145364555766947,46.0,210.0,785.0,375523286,111447968,75374,0,0.0
1790767422.4,0.9000743845394595,45.0,211.0,785.0,375523286,111447968,0,0,
1790767424.5,0.9294133634686083,46.0,212.0,785.0,375589596,111447984,66310,16,0.0002
1790767426.6,0.951378259687871,48.0,211.0,785.0,375658413,111447984,68817,0,0.0
1790767428.6,0.9917247199851231,51.0,208.0,785.0,375735065,111448000,76652,16,0.0002
1790767430.7,0.9991846310097702,51.0,208.0,785.0,375735065,111448000,0,0,
1790767432.7,0.9793153761425895,50.0,207.0,785.0,375814247,111448000,79182,0,0.0
1790767434.8,0.9895289455991532,50.0,208.0,785.0,375848256,111448000,34009,0,0.0
1790767436.8,0.9787932538944598,50.0,207.0,785.0,375915799,111448000,67543,0,0.0
1790767438.9,0.9507273949675998,50.0,206.0,785.0,376010485,111448000,94686,0,0.0
1790767440.9,0.9856023001988355,52.0,205.0,785.0,376053072,111448016,42587,16,0.0004
1790767443.0,0.9732859370306264,52.0,204.0,785.0,376134724,111448016,81652,0,0.0
1790767445.1,0.9608265266711488,51.0,205.0,785.0,376195792,111448016,61068,0,0.0
1790767447.1,0.9243637976168337,51.0,207.0,785.0,376255315,111448016,59523,0,0.0
1790767449.2,0.9243924070550875,50.0,208.0,785.0,376300181,111448016,44866,0,0.0
1790767451.2,0.9573433275637633,52.0,206.0,785.0,376472890,111448032,172709,16,0.0001
1790767453.3,0.9738724305148269,52.0,207.0,785.0,376472890,111448032,0,0,
1790767455.3,0.9759037006308381,51.0,207.0,785.0,376472890,111448032,0,0,
1790767457.4,0.9837784485101635,51.0,208.0,785.0,376519267,111448032,46377,0,0.0
1790767459.4,0.9682578282575421,51.0,208.0,785.0,376600511,111448032,81244,0,0.0
1790767461.5,0.9297423720085256,48.0,210.0,785.0,376600511,111448032,0,0,
1790767463.5,0.9205587423290944,47.0,211.0,785.0,376772370,111448032,171859,0,0.0
1790767465.6,0.9388759351710129,47.0,211.0,785.0,376772370,111448032,0,0,
1790767467.7,0.9378459953938805,46.0,212.0,785.0,376772370,111448032,0,0,
1790767469.7,0.9488820862002375,46.0,213.0,785.0,376772370,111448032,0,0,
1790767471.8,0.9561989500336161,46.0,213.0,785.0,376772370,111448032,0,0,
1790767473.8,0.9638662794856023,46.0,213.0,785.0,376772370,111448032,0,0,
1790767475.9,0.9669060323000558,47.0,212.0,785.0,376891707,111448032,119337,0,0.0
1790767477.9,0.9651322471283277,46.0,212.0,785.0,376891707,111448032,0,0,
1790767480.0,0.9540746992432804,45.0,214.0,785.0,376891707,111448032,0,0,
1790767482.0,0.9173687899638091,43.0,213.0,785.0,377137348,111448048,245641,16,0.0001
1790767484.1,0.924213598066002,43.0,215.0,785.0,377137348,111448048,0,0,
1790767486.1,0.9425450956270474,43.0,215.0,785.0,377137348,111448048,0,0,
1790767488.2,0.9535382722760238,43.0,216.0,785.0,377137348,111448048,0,0,
1790767490.3,0.9645242965654369,43.0,216.0,785.0,377137348,111448048,0,0,
1790767492.3,0.9754888637761597,43.0,216.0,785.0,377137348,111448048,0,0,
1790767494.4,0.9828057276095384,43.0,216.0,785.0,377137348,111448048,0,0,
1790767496.4,0.990122591442917,43.0,216.0,785.0,377137348,111448048,0,0,
1790767498.5,0.9974680647145493,44.0,215.0,785.0,377139680,111448048,2332,0,0.0
1790767500.5,0.9500908349664554,41.0,217.0,785.0,377139680,111448048,0,0,
1790767502.6,0.893966269472299,40.0,219.0,785.0,377299631,111448048,159951,0,0.0
1790767504.7,0.9086286065773098,40.0,219.0,785.0,377299631,111448048,0,0,
1790767506.7,0.9075557526427969,39.0,220.0,785.0,377299631,111448048,0,0,
1790767508.8,0.9185131674939563,39.0,220.0,785.0,377299631,111448048,0,0,
1790767510.8,0.9086214542177464,38.0,220.0,785.0,377299631,111448048,0,0,
1790767512.9,0.9030855279156593,38.0,220.0,785.0,377338304,111448048,38673,0,0.0
1790767514.9,0.9287338893100834,39.0,219.0,785.0,377441828,111448048,103524,0,0.0
1790767517.0,0.947001015635058,39.0,219.0,785.0,377441828,111448048,0,0,
1790767519.0,0.9653325131961034,40.0,218.0,785.0,377478799,111448064,36971,16,0.0004
1790767521.1,0.994635730327435,41.0,217.0,785.0,377572224,111448064,93425,0,0.0
1790767523.2,0.9706324116325976,41.0,215.0,785.0,377687333,111448064,115109,0,0.0
1790767525.2,0.9869827055945757,40.0,217.0,785.0,377687333,111448064,0,0,
1790767527.3,0.9830274507560044,39.0,217.0,785.0,377687333,111448064,0,0,
1790767529.3,0.9927475074026921,39.0,219.0,785.0,377687333,111448064,0,0,
1790767531.4,0.9854521006480038,39.0,218.0,785.0,377759523,111448064,72190,0,0.0
1790767533.4,0.9872187334601685,38.0,220.0,785.0,377759523,111448064,0,0,
1790767535.5,0.9904730570615246,39.0,218.0,785.0,377833048,111448064,73525,0,0.0
1790767537.5,0.9659905302759381,39.0,218.0,785.0,377896214,111448064,63166,0,0.0
1790767539.6,0.965275294319596,37.0,220.0,785.0,377896214,111448064,0,0,
1790767541.7,0.964030783755561,37.0,220.0,785.0,377949071,111448064,52857,0,0.0
1790767543.7,0.9932839343699487,39.0,219.0,785.0,378021067,111448064,71996,0,0.0
1790767545.8,0.9856452143562161,39.0,218.0,785.0,378097780,111448064,76713,0,0.0
1790767547.8,0.9898865635773242,39.0,218.0,785.0,378133406,111448064,35626,0,0.0
1790767549.9,0.9479808888952466,38.0,218.0,785.0,378222947,111448064,89541,0,0.0
1790767552.0,0.9526585320497232,37.0,220.0,785.0,378222947,111448064,0,0,
1790767554.0,0.970997181970332,39.0,219.0,785.0,378264465,111448080,41518,16,0.0004
1790767556.1,0.9873760853705638,40.0,217.0,785.0,378338548,111448080,74083,0,0.0
1790767558.1,0.9998927146065487,40.0,217.0,785.0,378378872,111448080,40324,0,0.0
1790767560.2,0.92707454189137,40.0,217.0,785.0,378486103,111448080,107231,0,0.0
1790767562.2,0.9527443603644843,40.0,217.0,785.0,378486103,111448080,0,0,
1790767564.3,0.9309511207747436,41.0,217.0,785.0,378561430,111448080,75327,0,0.0
1790767566.4,0.9639592601599267,43.0,215.0,785.0,378615282,111448080,53852,0,0.0
1790767568.4,0.9538172142989972,43.0,214.0,785.0,378699460,111448080,84178,0,0.0
1790767570.5,0.9721630165791695,44.0,214.0,785.0,378759542,111448080,60082,0,0.0
1790767572.5,0.9931909536956242,44.0,214.0,785.0,378759542,111448080,0,0,
1790767574.6,0.9866536970546583,43.0,215.0,785.0,378803292,111448080,43750,0,0.0
1790767576.6,0.9952222238116355,43.0,215.0,785.0,378855427,111448080,52135,0,0.0
1790767578.7,0.9414793940520978,42.0,215.0,785.0,378910751,111448080,55324,0,0.0
1790767580.7,0.9221894803095542,42.0,215.0,785.0,379001413,111448080,90662,0,0.0
1790767582.8,0.9514855450813223,43.0,214.0,785.0,379073621,111448080,72208,0,0.0
1790767584.9,0.9734790507388388,44.0,213.0,785.0,379199637,111448096,126016,16,0.0001
1790767586.9,0.9788147109731501,44.0,214.0,785.0,379199637,111448096,0,0,
1790767589.0,0.968851474101306,43.0,215.0,785.0,379199637,111448096,0,0,
1790767591.0,0.9583446579026421,42.0,213.0,785.0,379258783,111448096,59146,0,0.0
1790767593.1,0.9658760925229233,42.0,215.0,785.0,379301013,111448096,42230,0,0.0
1790767595.1,0.9988198606720357,43.0,215.0,785.0,379338328,111448096,37315,0,0.0
1790767597.2,0.9487318866494057,41.0,216.0,785.0,379420167,111448096,81839,0,0.0
1790767599.3,0.9590384367802938,41.0,216.0,785.0,379461208,111448096,41041,0,0.0
1790767601.3,0.9689802165734476,41.0,216.0,785.0,379522941,111448096,61733,0,0.0
1790767603.4,0.9971247514555052,42.0,215.0,785.0,379556422,111448096,33481,0,0.0
1790767605.5,0.9856809761540332,42.0,213.0,785.0,379609991,111448096,53569,0,0.0
1790767607.5,0.9775058291730442,41.0,215.0,785.0,379653448,111448096,43457,0,0.0
1790767609.6,0.976854964452773,42.0,214.0,785.0,379735673,111448096,82225,0,0.0
1790767611.6,0.985251834580228,42.0,215.0,785.0,379782686,111448096,47013,0,0.0
1790767613.7,0.999470725392307,42.0,216.0,785.0,379782686,111448096,0,0,
1790767615.7,0.9729354714120189,42.0,215.0,785.0,379881897,111448096,99211,0,0.0
1790767617.8,0.9919178336933354,42.0,216.0,785.0,379881897,111448096,0,0,
1790767619.9,0.9984550903343012,42.0,215.0,785.0,379933770,111448096,51873,0,0.0
1790767621.9,0.9674138498290586,40.0,215.0,785.0,380078577,111448096,144807,0,0.0
1790767624.0,0.9930479065043558,41.0,217.0,785.0,380078577,111448096,0,0,
1790767626.0,0.9726779864677357,41.0,216.0,785.0,380107975,111448096,29398,0,0.0
1790767628.1,0.9755174732144134,42.0,215.0,785.0,380185680,111448096,77705,0,0.0
1790767630.2,0.9793654426595334,42.0,216.0,785.0,380251103,111448096,65423,0,0.0
1790767632.2,0.9945212925744203,42.0,216.0,785.0,380251103,111448096,0,0,
1790767634.3,0.9603616232995265,42.0,215.0,785.0,380329432,111448096,78329,0,0.0
1790767636.3,0.9859956799748237,43.0,216.0,785.0,380423503,111448096,94071,0,0.0
1790767638.4,0.9905016664997783,43.0,215.0,785.0,380423503,111448096,0,0,
1790767640.4,0.9841432188478979,42.0,216.0,785.0,380455643,111448096,32140,0,0.0
1790767642.5,0.9342340538143533,40.0,218.0,785.0,380617804,111448112,162161,16,0.0001
1790767644.6,0.9525655513753988,40.0,218.0,785.0,380617804,111448112,0,0,
1790767646.6,0.9497689787861016,39.0,218.0,785.0,380617804,111448112,0,0,
1790767648.7,0.9607550030755146,39.0,218.0,785.0,380617804,111448112,0,0,
1790767650.7,0.9452844493398372,38.0,219.0,785.0,380617804,111448112,0,0,
1790767652.8,0.9526013131732158,39.0,219.0,785.0,380661093,111448112,43289,0,0.0
1790767654.8,0.9855522336818917,40.0,218.0,785.0,380701397,111448112,40304,0,0.0
1790767656.9,0.9543894030640708,40.0,217.0,785.0,380783744,111448112,82347,0,0.0
1790767658.9,0.9692663109559844,41.0,217.0,785.0,380822256,111448112,38512,0,0.0
1790767661.0,0.9745232952350981,41.0,216.0,785.0,380843473,111448112,21217,0,0.0
1790767663.1,0.8950963422833192,41.0,216.0,785.0,380946178,111448128,102705,16,0.0002
1790767665.1,0.9244210164933412,42.0,216.0,785.0,380946178,111448128,0,0,
1790767667.2,0.9573647846424536,44.0,214.0,785.0,381008818,111448128,62640,0,0.0
1790767669.2,0.9889925186318966,46.0,212.0,785.0,381084319,111448128,75501,0,0.0
1790767671.3,0.9529517787918235,44.0,211.0,785.0,381151984,111448144,67665,16,0.0002
1790767673.3,0.9278613014433461,43.0,213.0,785.0,381253888,111448144,101904,0,0.0
1790767675.4,0.940206274049809,42.0,215.0,785.0,381253888,111448144,0,0,
1790767677.4,0.95486861115482,42.0,215.0,785.0,381253888,111448144,0,0,
1790767679.5,0.9841646759265882,44.0,214.0,785.0,381313489,111448144,59601,0,0.0
1790767681.6,0.9720414264665913,43.0,214.0,785.0,381377432,111448144,63943,0,0.0
1790767683.7,0.948789105525913,43.0,215.0,785.0,381436992,111448144,59560,0,0.0
1790767685.7,0.9781066273763714,44.0,214.0,785.0,381496452,111448160,59460,16,0.0003
1790767687.8,0.975596149169611,44.0,213.0,785.0,381528349,111448160,31897,0,0.0
1790767689.8,0.9885705294176549,44.0,213.0,785.0,381572243,111448160,43894,0,0.0
1790767691.9,0.9715550660162787,44.0,213.0,785.0,381650947,111448160,78704,0,0.0
1790767693.9,0.9750883316406083,46.0,212.0,785.0,381762216,111448176,111269,16,0.0001
1790767696.0,0.9575364412719756,44.0,213.0,785.0,381762216,111448176,0,0,
1790767698.1,0.990480209421088,46.0,212.0,785.0,381855069,111448176,92853,0,0.0
1790767700.1,0.9628005779106528,46.0,210.0,785.0,381953558,111448176,98489,0,0.0
1790767702.2,0.9637232322943339,45.0,211.0,785.0,381953558,111448176,0,0,
1790767704.2,0.9560415981232209,45.0,212.0,785.0,382009910,111448176,56352,0,0.0
1790767706.3,0.9529160169940063,45.0,210.0,785.0,382087797,111448192,77887,16,0.0002
1790767708.3,0.966348148254109,46.0,211.0,785.0,382168463,111448192,80666,0,0.0
1790767710.4,0.9831347361494557,46.0,212.0,785.0,382168463,111448192,0,0,
1790767712.5,0.8872072896848671,45.0,211.0,785.0,382221576,111448192,53113,0,0.0
1790767714.5,0.8946743530690775,45.0,211.0,785.0,382278504,111448192,56928,0,0.0
1790767716.6,0.9172543522107943,45.0,211.0,785.0,382339613,111448192,61109,0,0.0
1790767718.6,0.9055101778076587,45.0,213.0,785.0,382440254,111448192,100641,0,0.0
1790767720.7,0.9348062425794269,46.0,212.0,785.0,382551128,111448208,110874,16,0.0001
1790767722.7,0.9641094597107586,47.0,211.0,785.0,382551128,111448208,0,0,
1790767724.8,0.9753100547870742,47.0,210.0,785.0,382614149,111448224,63021,16,0.0003
1790767726.8,0.9807243909765831,47.0,210.0,785.0,382674580,111448224,60431,0,0.0
1790767728.9,0.9872258858197319,47.0,210.0,785.0,382715206,111448224,40626,0,0.0
1790767730.9,0.9951006336990573,48.0,209.0,785.0,382794904,111448224,79698,0,0.0
1790767733.0,0.9988770795485431,48.0,209.0,785.0,382794904,111448224,0,0,
1790767735.1,0.9458065715879669,45.0,212.0,785.0,382858051,111448240,63147,16,0.0003
1790767737.1,0.971440628263264,46.0,212.0,785.0,382967020,111448240,108969,0,0.0
1790767739.2,0.9897721258243094,46.0,212.0,785.0,382967020,111448240,0,0,
1790767741.2,0.9976540260631982,46.0,212.0,785.0,382967020,111448240,0,0,
1790767743.3,0.9960018310040483,46.0,211.0,785.0,383002569,111448240,35549,0,0.0
1790767745.3,0.953795757220307,44.0,214.0,785.0,383130250,111448240,127681,0,0.0
1790767747.4,0.9640164790364342,44.0,213.0,785.0,383130250,111448240,0,0,
1790767749.4,0.9628721015062869,44.0,213.0,785.0,383191662,111448240,61412,0,0.0
1790767751.5,0.9646601913971419,45.0,212.0,785.0,383285242,111448240,93580,0,0.0
1790767753.6,0.9757034345630624,45.0,212.0,785.0,383323564,111448240,38322,0,0.0
1790767755.6,0.9770766875992389,45.0,212.0,785.0,383362732,111448240,39168,0,0.0
1790767757.7,0.9802165734475804,46.0,210.0,785.0,383426011,111448240,63279,0,0.0
1790767759.7,0.984093152330954,46.0,212.0,785.0,383498881,111448240,72870,0,0.0
1790767761.8,0.9813537986181642,45.0,212.0,785.0,383498881,111448240,0,0,
1790767763.9,0.9617420286952666,45.0,213.0,785.0,383642215,111448240,143334,0,0.0
1790767765.9,0.9466076358590699,44.0,212.0,785.0,383642215,111448240,0,0,
1790767768.0,0.9250718812136124,43.0,215.0,785.0,383808020,111448240,165805,0,0.0
1790767770.0,0.9470796915902556,43.0,215.0,785.0,383808020,111448240,0,0,
1790767772.1,0.9342412061739168,42.0,215.0,785.0,383808020,111448240,0,0,
1790767774.1,0.9213097400832535,41.0,215.0,785.0,383808020,111448240,0,0,
1790767776.2,0.9286194515570687,41.0,217.0,785.0,383808020,111448240,0,0,
1790767778.2,0.939626932925172,42.0,216.0,785.0,383828309,111448240,20289,0,0.0
1790767780.3,0.9689444547756305,44.0,214.0,785.0,383926616,111448240,98307,0,0.0
1790767782.3,0.9906947802079906,44.0,214.0,785.0,383926616,111448240,0,0,
1790767784.4,0.9916818058277426,44.0,214.0,785.0,383926616,111448240,0,0,
1790767786.5,0.9885347676198378,44.0,214.0,785.0,384030466,111448240,103850,0,0.0
1790767788.5,0.9949718912269158,44.0,214.0,785.0,384030466,111448240,0,0,
1790767790.6,0.9692520062368576,43.0,214.0,785.0,384091931,111448240,61465,0,0.0
1790767792.6,0.9672994120760439,43.0,214.0,785.0,384204449,111448240,112518,0,0.0
1790767794.7,0.9647746291501567,43.0,213.0,785.0,384204449,111448240,0,0,
1790767796.8,0.9867180682907291,43.0,214.0,785.0,384204449,111448240,0,0,
1790767798.8,0.988420329866823,43.0,215.0,785.0,384242925,111448240,38476,0,0.0
1790767800.9,0.946593331139943,42.0,215.0,785.0,384376192,111448240,133267,0,0.0
1790767802.9,0.964917676341425,43.0,215.0,785.0,384376192,111448240,0,0,
1790767805.0,0.974251505571688,43.0,214.0,785.0,384437813,111448240,61621,0,0.0
1790767807.0,0.9417368789963809,42.0,213.0,785.0,384492247,111448256,54434,16,0.0003
1790767809.1,0.9746949518646202,44.0,213.0,785.0,384519485,111448256,27238,0,0.0
1790767811.1,0.967335173873861,43.0,212.0,785.0,384574791,111448272,55306,16,0.0003
1790767813.2,0.9510564035075171,41.0,216.0,785.0,384646475,111448288,71684,16,0.0002
1790767815.3,0.9553406668860057,41.0,215.0,785.0,384696752,111448304,50277,16,0.0003
1790767817.3,0.9773055631052684,42.0,216.0,785.0,384730007,111448304,33255,0,0.0
1790767819.4,0.9764043658002776,42.0,215.0,785.0,384730007,111448304,0,0,
1790767821.4,0.9537313859842362,41.0,215.0,785.0,384786354,111448304,56347,0,0.0
1790767823.5,0.9584018767791495,41.0,215.0,785.0,384864952,111448320,78598,16,0.0002
1790767825.6,0.9750740269214814,41.0,216.0,785.0,384864952,111448320,0,0,
1790767827.6,0.9401776646115554,40.0,216.0,785.0,384969269,111448320,104317,0,0.0
1790767829.7,0.9658117212868526,40.0,218.0,785.0,384969269,111448320,0,0,
1790767831.7,0.9560773599210379,39.0,219.0,785.0,384969269,111448320,0,0,
1790767833.8,0.9563419972248844,40.0,217.0,785.0,385058537,111448320,89268,0,0.0
1790767835.8,0.9684151801679374,40.0,217.0,785.0,385124528,111448320,65991,0,0.0
1790767837.9,0.9714120188250104,40.0,218.0,785.0,385161907,111448320,37379,0,0.0
1790767840.0,0.9767333743401948,41.0,216.0,785.0,385264104,111448320,102197,0,0.0
1790767842.0,0.998569528087316,41.0,216.0,785.0,385264104,111448320,0,0,
1790767844.1,0.9680861716280201,40.0,215.0,785.0,385321923,111448320,57819,0,0.0
1790767846.1,0.9975825024675641,42.0,213.0,785.0,385386605,111448336,64682,16,0.0002
1790767848.2,0.9982476719069621,42.0,215.0,785.0,385444099,111448336,57494,0,0.0
1790767850.3,0.975918005349965,41.0,215.0,785.0,385490775,111448336,46676,0,0.0
1790767852.3,0.9802809446836511,42.0,215.0,785.0,385590541,111448352,99766,16,0.0002
1790767854.4,0.999148869211953,42.0,216.0,785.0,385590541,111448352,0,0,
1790767856.4,0.9398701131503283,40.0,217.0,785.0,385731401,111448352,140860,0,0.0
1790767858.5,0.9618278570100276,40.0,217.0,785.0,385731401,111448352,0,0,
1790767860.5,0.9521578668802838,39.0,218.0,785.0,385731401,111448352,0,0,
1790767862.6,0.9631653482483872,39.0,219.0,785.0,385731401,111448352,0,0,
1790767864.6,0.9579870399244711,39.0,218.0,785.0,385767756,111448352,36355,0,0.0
1790767866.7,0.9863032314360507,40.0,218.0,785.0,385816648,111448352,48892,0,0.0
1790767868.8,0.9076058191597408,38.0,218.0,785.0,385902379,111448352,85731,0,0.0
1790767870.8,0.9222753086243152,38.0,219.0,785.0,385902379,111448352,0,0,
1790767872.9,0.9252792996409516,38.0,219.0,785.0,386055749,111448352,153370,0,0.0
1790767874.9,0.9509419657545024,39.0,218.0,785.0,386055749,111448352,0,0,
1790767877.0,0.9692448538772941,39.0,219.0,785.0,386055749,111448352,0,0,
1790767879.0,0.9940778462814882,40.0,218.0,785.0,386108463,111448352,52714,0,0.0
1790767881.1,0.981232208505586,40.0,217.0,785.0,386184910,111448352,76447,0,0.0
1790767883.1,0.9675998111777075,40.0,216.0,785.0,386221340,111448352,36430,0,0.0
1790767885.2,0.9667629851087873,40.0,215.0,785.0,386283603,111448352,62263,0,0.0
1790767887.3,0.992404194143648,41.0,215.0,785.0,386324774,111448352,41171,0,0.0
1790767889.3,0.9734218318623313,41.0,215.0,785.0,386459935,111448368,135161,16,0.0001
1790767891.4,0.9935056575164146,41.0,216.0,785.0,386459935,111448368,0,0,
1790767893.4,0.9768835738910266,40.0,218.0,785.0,386459935,111448368,0,0,
1790767895.5,0.9370520834823408,40.0,217.0,785.0,386459935,111448368,0,0,
1790767897.5,0.9627004448767649,41.0,216.0,785.0,386532684,111448384,72749,16,0.0002
1790767899.6,0.9883130444733718,41.0,216.0,785.0,386532684,111448384,0,0,
1790767901.7,0.9746162759094226,41.0,216.0,785.0,386591454,111448384,58770,0,0.0
1790767903.7,0.9709256583746978,40.0,218.0,785.0,386591454,111448384,0,0,
1790767905.8,0.9653682749939205,39.0,217.0,785.0,386666250,111448384,74796,0,0.0
1790767907.8,0.9873546282918735,40.0,217.0,785.0,386712711,111448384,46461,0,0.0
1790767909.9,0.9771911253522537,40.0,216.0,785.0,386776605,111448384,63894,0,0.0
1790767911.9,0.9762184044516286,41.0,216.0,785.0,386852816,111448384,76211,0,0.0
1790767914.0,0.9669990129743803,41.0,216.0,785.0,386908278,111448384,55462,0,0.0
1790767916.0,0.9911167694222324,41.0,216.0,785.0,386950502,111448384,42224,0,0.0
1790767918.1,0.9333543135880527,40.0,215.0,785.0,387029492,111448384,78990,0,0.0
1790767920.2,0.94798804125481,41.0,216.0,785.0,387052133,111448384,22641,0,0.0
1790767922.2,0.9846081222195202,43.0,214.0,785.0,387124314,111448400,72181,16,0.0002
1790767924.3,0.9834494399702461,45.0,212.0,785.0,387195910,111448400,71596,0,0.0
1790767926.3,0.9990272790993748,46.0,211.0,785.0,387223064,111448400,27154,0,0.0
1790767928.4,0.9878839028995665,45.0,212.0,785.0,387283517,111448416,60453,16,0.0003
1790767930.4,0.9890282804297138,45.0,211.0,785.0,387333828,111448416,50311,0,0.0
1790767932.5,0.9763328422046433,44.0,212.0,785.0,387333828,111448416,0,0,
1790767934.6,0.9922826040310698,45.0,212.0,785.0,387464351,111448432,130523,16,0.0001
1790767936.6,0.9813108844607836,44.0,213.0,785.0,387464351,111448432,0,0,
1790767938.7,0.9619351424034789,46.0,210.0,785.0,387507241,111448432,42890,0,0.0
1790767940.7,0.9547398686826785,44.0,210.0,785.0,387547734,111448432,40493,0,0.0
1790767942.8,0.9306221122348263,44.0,214.0,785.0,387729006,111448432,181272,0,0.0
1790767944.8,0.9489321527171815,44.0,214.0,785.0,387729006,111448432,0,0,
1790767946.9,0.963573032743502,44.0,214.0,785.0,387729006,111448432,0,0,
1790767949.0,0.9745590570329151,44.0,214.0,785.0,387729006,111448432,0,0,
1790767951.0,0.9818830732258572,44.0,214.0,785.0,387729006,111448432,0,0,
1790767953.1,0.9892142417783627,44.0,214.0,785.0,387729006,111448432,0,0,
1790767955.1,0.9767119172615045,43.0,214.0,785.0,387729006,111448432,0,0,
1790767957.2,0.9622069320668889,43.0,214.0,785.0,387793581,111448432,64575,0,0.0
1790767959.2,0.987533437280959,43.0,215.0,785.0,387793581,111448432,0,0,
1790767961.3,0.9626932925172014,42.0,215.0,785.0,387822123,111448432,28542,0,0.0
1790767963.4,0.9687584934269815,43.0,214.0,785.0,387914883,111448432,92760,0,0.0
1790767965.4,0.9881342354842862,44.0,214.0,785.0,387917798,111448432,2915,0,0.0
1790767967.5,0.9797731271546484,44.0,214.0,785.0,387979302,111448432,61504,0,0.0
1790767969.5,0.9726136152316649,44.0,213.0,785.0,388092981,111448432,113679,0,0.0
1790767971.6,0.9466934641738309,43.0,213.0,785.0,388092981,111448432,0,0,
1790767973.6,0.9686798174717839,44.0,214.0,785.0,388126834,111448432,33853,0,0.0
1790767975.7,0.9979544251648619,46.0,212.0,785.0,388181962,111448448,55128,16,0.0003
1790767977.7,0.9814968458094325,45.0,213.0,785.0,388181962,111448448,0,0,
1790767979.8,0.9797159082781409,44.0,213.0,785.0,388181962,111448448,0,0,
1790767981.9,0.9683078947744861,42.0,215.0,785.0,388240555,111448448,58593,0,0.0
1790767983.9,0.9462786273191526,41.0,215.0,785.0,388295871,111448448,55316,0,0.0
1790767986.0,0.9395840187677915,41.0,216.0,785.0,388368522,111448448,72651,0,0.0
1790767988.0,0.9652252278026521,43.0,215.0,785.0,388426622,111448464,58100,16,0.0003
1790767990.1,0.9945427496531105,44.0,214.0,785.0,388486543,111448464,59921,0,0.0
1790767992.1,0.9869254867180683,43.0,214.0,785.0,388525981,111448464,39438,0,0.0
1790767994.2,0.9943353312257713,43.0,214.0,785.0,388525981,111448464,0,0,
1790767996.2,0.9855665384010185,43.0,214.0,785.0,388571992,111448464,46011,0,0.0
1790767998.3,0.939984550903343,40.0,215.0,785.0,388633932,111448464,61940,0,0.0
1790768000.4,0.965632912297767,41.0,214.0,785.0,388683678,111448464,49746,0,0.0
1790768002.4,0.9664768907262506,41.0,216.0,785.0,388744776,111448464,61098,0,0.0
1790768004.5,0.9920966426824209,42.0,216.0,785.0,388787243,111448464,42467,0,0.0
1790768006.5,0.9819474444619279,43.0,214.0,785.0,388858640,111448464,71397,0,0.0
1790768008.6,0.9852017680632841,43.0,214.0,785.0,388911936,111448464,53296,0,0.0
1790768010.6,0.9507202426080363,40.0,218.0,785.0,388911936,111448464,0,0,
1790768012.7,0.8652066316677872,39.0,218.0,785.0,389072240,111448464,160304,0,0.0
1790768014.7,0.8798475116941079,39.0,218.0,785.0,389072240,111448464,0,0,
1790768016.8,0.8945026964395554,39.0,219.0,785.0,389072240,111448464,0,0,
1790768018.8,0.9054815683694051,39.0,219.0,785.0,389072240,111448464,0,0,
1790768020.9,0.9128127369219106,39.0,219.0,785.0,389072240,111448464,0,0,
1790768023.0,0.907047935113794,39.0,218.0,785.0,389307226,111448464,234986,0,0.0
1790768025.0,0.9326891441486547,40.0,218.0,785.0,389307226,111448464,0,0,
1790768027.1,0.9510063369905732,40.0,218.0,785.0,389307226,111448464,0,0,
1790768029.1,0.9580728682392321,40.0,218.0,785.0,389307226,111448464,0,0,
1790768031.2,0.9262448681820132,37.0,219.0,785.0,389307226,111448464,0,0,
1790768033.2,0.9518860772168738,39.0,217.0,785.0,389407688,111448464,100462,0,0.0
1790768035.3,0.9444690803496073,38.0,217.0,785.0,389511661,111448480,103973,16,0.0002
1790768037.3,0.9737651451213756,39.0,219.0,785.0,389511661,111448480,0,0,
1790768039.4,0.9906876278484272,39.0,219.0,785.0,389511661,111448480,0,0,
1790768041.4,0.9666700044344629,38.0,218.0,785.0,389552603,111448480,40942,0,0.0
1790768043.5,0.9675783540990173,38.0,219.0,785.0,389552603,111448480,0,0,
1790768045.6,0.9664268242093067,38.0,219.0,785.0,389644286,111448480,91683,0,0.0
1790768047.6,0.9810963136738811,38.0,220.0,785.0,389644286,111448480,0,0,
1790768049.7,0.9781423891741886,38.0,220.0,785.0,389723696,111448480,79410,0,0.0
1790768051.7,0.9955083181941723,38.0,220.0,785.0,389723696,111448480,0,0,
1790768053.8,0.9972606462872101,38.0,220.0,785.0,389761945,111448480,38249,0,0.0
1790768055.9,0.9927689644813824,37.0,220.0,785.0,389825581,111448480,63636,0,0.0
1790768057.9,0.9458995522622913,37.0,220.0,785.0,389921016,111448480,95435,0,0.0
1790768060.0,0.9642238974637733,37.0,221.0,785.0,389921016,111448480,0,0,
1790768062.0,0.983871429184488,38.0,220.0,785.0,389958830,111448480,37814,0,0.0
1790768064.1,0.9748737608537056,38.0,219.0,785.0,390009067,111448480,50237,0,0.0
1790768066.1,0.9759752242264723,38.0,219.0,785.0,390102122,111448480,93055,0,0.0
1790768068.2,0.9900868296450999,38.0,220.0,785.0,390102122,111448480,0,0,
1790768070.2,0.9768263550145193,38.0,219.0,785.0,390102122,111448480,0,0,
1790768072.3,0.9870542291902098,38.0,220.0,785.0,390102122,111448480,0,0,
1790768074.4,0.9879625788547642,38.0,220.0,785.0,390102122,111448480,0,0,
1790768076.4,0.9888423190810648,38.0,220.0,785.0,390141072,111448480,38950,0,0.0
1790768078.5,0.944855307766032,36.0,221.0,785.0,390141072,111448480,0,0,
1790768080.5,0.9741585248973637,37.0,221.0,785.0,390225648,111448480,84576,0,0.0
1790768082.6,0.9928333357174531,38.0,220.0,785.0,390247800,111448480,22152,0,0.0
1790768084.6,0.9739725635487148,39.0,218.0,785.0,390311132,111448480,63332,0,0.0
1790768086.7,0.9844436179495616,40.0,217.0,785.0,390318590,111448480,7458,0,0.0
1790768088.7,0.9660048349950648,40.0,217.0,785.0,390460809,111448480,142219,0,0.0
1790768090.8,0.933597493813209,39.0,217.0,785.0,390460809,111448480,0,0,
1790768092.9,0.9665841761197019,41.0,217.0,785.0,390558172,111448480,97363,0,0.0
1790768094.9,0.9713619523080664,41.0,216.0,785.0,390615490,111448496,57318,16,0.0003
1790768097.0,0.9899795442516486,41.0,217.0,785.0,390615490,111448496,0,0,
1790768099.0,0.9588381707125181,41.0,216.0,785.0,390719373,111448496,103883,0,0.0
1790768101.1,0.9810891613143176,41.0,216.0,785.0,390766507,111448496,47134,0,0.0
1790768103.1,0.9913885590856424,41.0,215.0,785.0,390808915,111448496,42408,0,0.0
1790768105.2,0.9913814067260789,42.0,215.0,785.0,390874395,111448496,65480,0,0.0
1790768107.3,0.9898293447008168,42.0,215.0,785.0,390892391,111448496,17996,0,0.0
1790768109.3,0.9811463801908249,42.0,214.0,785.0,390933936,111448496,41545,0,0.0
1790768111.4,0.9966240862860658,42.0,216.0,785.0,390990291,111448512,56355,16,0.0003
1790768113.4,0.9566280916074212,41.0,217.0,785.0,391050384,111448512,60093,0,0.0
1790768115.5,0.9566352439669847,42.0,215.0,785.0,391155994,111448512,105610,0,0.0
1790768117.5,0.9539817185689559,41.0,215.0,785.0,391155994,111448512,0,0,
1790768119.6,0.9531806542978528,41.0,216.0,785.0,391196195,111448512,40201,0,0.0
1790768121.6,0.9636087945413192,43.0,215.0,785.0,391316613,111448528,120418,16,0.0001
1790768123.7,0.9731571945584848,42.0,215.0,785.0,391316613,111448528,0,0,
1790768125.7,0.9937202283033173,43.0,215.0,785.0,391361643,111448528,45030,0,0.0
1790768127.8,0.9923612799862674,43.0,215.0,785.0,391404201,111448528,42558,0,0.0
1790768129.9,0.9643454875763514,42.0,216.0,785.0,391455364,111448528,51163,0,0.0
1790768131.9,0.976854964452773,42.0,216.0,785.0,391455364,111448528,0,0,
1790768134.0,0.9679288197176248,41.0,216.0,785.0,391560517,111448528,105153,0,0.0
1790768136.0,0.9678429914028638,40.0,217.0,785.0,391560517,111448528,0,0,
1790768138.1,0.9788576251305305,41.0,217.0,785.0,391592899,111448528,32382,0,0.0
1790768140.1,0.973994020627405,41.0,216.0,785.0,391634331,111448528,41432,0,0.0
1790768142.2,0.9426523810204986,39.0,217.0,785.0,391634331,111448528,0,0,
1790768144.2,0.9082280744417583,36.0,220.0,785.0,391888615,111448528,254284,0,0.0
1790768146.3,0.9126553850115153,36.0,221.0,785.0,391888615,111448528,0,0,
1790768148.4,0.934620281230778,36.0,222.0,785.0,391888615,111448528,0,0,
1790768150.4,0.949282618335789,36.0,222.0,785.0,391888615,111448528,0,0,
1790768152.5,0.9602471855465118,36.0,222.0,785.0,391888615,111448528,0,0,
1790768154.5,0.9675712017394539,36.0,222.0,785.0,391888615,111448528,0,0,
1790768156.6,0.9785500736693035,36.0,222.0,785.0,391888615,111448528,0,0,
1790768158.8,0.9858740898622456,36.0,222.0,785.0,391888615,111448528,0,0,
1790768160.9,0.9291058120073812,33.0,222.0,785.0,391888615,111448528,0,0,
1790768162.9,0.9510778605862074,35.0,223.0,785.0,391967348,111448528,78733,0,0.0
1790768165.0,0.9779135136681592,36.0,222.0,785.0,392046828,111448528,79480,0,0.0
1790768167.0,0.9822120817657746,36.0,222.0,785.0,392046828,111448528,0,0,
1790768169.1,0.9845222939047592,36.0,222.0,785.0,392095111,111448528,48283,0,0.0
1790768171.1,0.9854163388501866,36.0,222.0,785.0,392095111,111448528,0,0,
1790768173.2,0.9863318408743045,36.0,222.0,785.0,392171323,111448528,76212,0,0.0
1790768175.2,0.9312729769550975,34.0,222.0,785.0,392277292,111448528,105969,0,0.0
1790768177.3,0.953252177893487,34.0,224.0,785.0,392277292,111448528,0,0,
1790768179.3,0.967914514998498,35.0,223.0,785.0,392317261,111448528,39969,0,0.0
1790768181.4,0.9636803181369534,34.0,223.0,785.0,392317261,111448528,0,0,
1790768183.5,0.9885490723389646,35.0,223.0,785.0,392411775,111448528,94514,0,0.0
1790768185.5,0.9893286795313774,35.0,223.0,785.0,392411775,111448528,0,0,
1790768187.6,0.9708255253408099,34.0,224.0,785.0,392411775,111448528,0,0,
1790768189.6,0.9712332098359249,34.0,223.0,785.0,392479460,111448528,67685,0,0.0
1790768191.7,0.9835567253636975,34.0,224.0,785.0,392479460,111448528,0,0,
1790768193.7,0.9812107514268957,34.0,224.0,785.0,392531801,111448528,52341,0,0.0
1790768195.8,0.9863676026721215,34.0,223.0,785.0,392637235,111448528,105434,0,0.0
1790768197.8,0.994328178866208,34.0,223.0,785.0,392637235,111448528,0,0,
1790768199.9,0.990616104252793,34.0,222.0,785.0,392637235,111448528,0,0,
1790768202.0,0.9877122462700445,34.0,224.0,785.0,392724829,111448544,87594,16,0.0002
1790768204.0,0.9935342669546684,34.0,224.0,785.0,392724829,111448544,0,0,
1790768206.1,0.9751956170340595,33.0,224.0,785.0,392724829,111448544,0,0,
1790768208.1,0.9947859298782669,34.0,224.0,785.0,392724829,111448544,0,0,
1790768210.2,0.8875863647417283,33.0,222.0,785.0,392819288,111448544,94459,0,0.0
1790768212.2,0.8883016006980703,32.0,225.0,785.0,392819288,111448544,0,0,
1790768214.3,0.8961119773413249,33.0,223.0,785.0,392883817,111448544,64529,0,0.0
1790768216.4,0.9253865850344029,34.0,223.0,785.0,392949140,111448560,65323,16,0.0002
1790768218.4,0.9454704106884861,35.0,222.0,785.0,392992973,111448560,43833,0,0.0
1790768220.5,0.9277468636903314,34.0,223.0,785.0,392992973,111448560,0,0,
1790768222.5,0.8937016321684523,34.0,223.0,785.0,393200236,111448560,207263,0,0.0
1790768224.6,0.9120188250103709,34.0,224.0,785.0,393200236,111448560,0,0,
1790768226.6,0.9266811621153819,34.0,224.0,785.0,393200236,111448560,0,0,
1790768228.7,0.9376600340452316,34.0,224.0,785.0,393200236,111448560,0,0,
1790768230.7,0.9449554407999199,34.0,224.0,785.0,393200236,111448560,0,0,
1790768232.8,0.95597722688715,35.0,223.0,785.0,393302632,111448560,102396,0,0.0
1790768234.9,0.9779421231064128,35.0,223.0,785.0,393302632,111448560,0,0,
1790768236.9,0.9873045617749295,34.0,223.0,785.0,393302632,111448560,0,0,
1790768239.0,0.9985194615703721,35.0,223.0,785.0,393319368,111448560,16736,0,0.0
1790768241.0,0.9610339450984879,33.0,223.0,785.0,393354076,111448560,34708,0,0.0
1790768243.1,0.9866680017737852,34.0,222.0,785.0,393414556,111448560,60480,0,0.0
1790768245.2,0.9879268170569471,34.0,222.0,785.0,393492122,111448560,77566,0,0.0
1790768247.2,0.9415294605690417,33.0,222.0,785.0,393492122,111448560,0,0,
1790768249.3,0.9316949661693392,33.0,224.0,785.0,393553186,111448576,61064,16,0.0003
1790768251.3,0.9610196403793612,34.0,223.0,785.0,393612076,111448576,58890,0,0.0
1790768253.4,0.9404136924771482,34.0,224.0,785.0,393654228,111448576,42152,0,0.0
1790768255.4,0.9734146795027679,36.0,222.0,785.0,393783033,111448576,128805,0,0.0
1790768257.5,0.9688872358991231,36.0,222.0,785.0,393783033,111448576,0,0,
1790768259.5,0.9980903199965668,38.0,220.0,785.0,393838945,111448576,55912,0,0.0
1790768261.6,0.9965382579713047,38.0,220.0,785.0,393877381,111448576,38436,0,0.0
1790768263.6,0.9821191010914501,38.0,220.0,785.0,393918262,111448576,40881,0,0.0
1790768265.7,0.9600040053213555,37.0,220.0,785.0,393952717,111448576,34455,0,0.0
1790768267.8,0.9841289141287711,38.0,220.0,785.0,394074196,111448576,121479,0,0.0
1790768269.8,0.9849871972763815,38.0,220.0,785.0,394074196,111448576,0,0,
1790768271.9,0.9578368403736393,38.0,219.0,785.0,394074196,111448576,0,0,
1790768273.9,0.9798160413120288,39.0,218.0,785.0,394113020,111448576,38824,0,0.0
1790768276.0,0.9727566624229333,39.0,218.0,785.0,394149694,111448576,36674,0,0.0
1790768278.1,0.9563205401461943,38.0,219.0,785.0,394213033,111448592,63339,16,0.0003
1790768280.1,0.9783068934441472,39.0,219.0,785.0,394271463,111448592,58430,0,0.0
1790768282.2,0.9880698642482155,39.0,218.0,785.0,394304456,111448592,32993,0,0.0
1790768284.2,0.9648533051053543,38.0,218.0,785.0,394370024,111448608,65568,16,0.0002
1790768286.3,0.9905088188593417,39.0,219.0,785.0,394410577,111448608,40553,0,0.0
1790768288.3,0.9936844665055001,39.0,218.0,785.0,394455131,111448608,44554,0,0.0
1790768290.4,0.9780351037807372,39.0,218.0,785.0,394510669,111448608,55538,0,0.0
1790768292.5,0.9501766632812165,38.0,218.0,785.0,394571651,111448608,60982,0,0.0
1790768294.5,0.9758107199565137,39.0,219.0,785.0,394616997,111448608,45346,0,0.0
1790768296.6,0.9569857095855923,38.0,219.0,785.0,394682509,111448608,65512,0,0.0
1790768298.6,0.9791580242321942,38.0,220.0,785.0,394682509,111448608,0,0,
1790768300.7,0.9207947701946873,37.0,218.0,785.0,394792736,111448624,110227,16,0.0001
1790768302.8,0.950083682606892,38.0,220.0,785.0,394833498,111448624,40762,0,0.0
1790768304.8,0.9866966112120389,40.0,218.0,785.0,394913443,111448624,79945,0,0.0
1790768306.9,0.9992132404480238,40.0,218.0,785.0,394913443,111448624,0,0,
1790768308.9,0.9742801150099418,39.0,219.0,800.0,394913443,111448624,0,0,
1790768311.0,0.9909236557140201,39.0,219.0,800.0,394913443,111448624,0,0,
1790768313.1,0.9648819145436079,39.0,218.0,800.0,394970300,111448640,56857,16,0.0003
1790768315.1,0.9868038966054902,39.0,219.0,800.0,394970300,111448640,0,0,
1790768317.2,0.9917104152659962,39.0,219.0,800.0,395034250,111448640,63950,0,0.0
1790768319.2,0.9751383981575522,39.0,218.0,800.0,395075484,111448640,41234,0,0.0
1790768321.3,0.9548113922783126,37.0,219.0,800.0,395224756,111448640,149272,0,0.0
1790768323.3,0.97935829029997,37.0,220.0,800.0,395224756,111448640,0,0,
1790768325.4,0.8759995422489879,35.0,219.0,800.0,395224756,111448640,0,0,
1790768327.5,0.8942738209335259,35.0,220.0,800.0,395224756,111448640,0,0,
1790768329.5,0.9199436394066403,36.0,220.0,800.0,395297029,111448656,72273,16,0.0002
1790768331.6,0.9492397041784084,38.0,219.0,800.0,395379138,111448656,82109,0,0.0
1790768333.6,0.9524797230606377,38.0,218.0,800.0,395440890,111448656,61752,0,0.0
1790768335.7,0.981761483113279,39.0,217.0,800.0,395530622,111448656,89732,0,0.0
1790768337.8,0.9650035046561861,38.0,217.0,800.0,395530622,111448656,0,0,
1790768339.8,0.9905946471741027,39.0,217.0,800.0,395589435,111448656,58813,0,0.0
1790768341.9,0.9379532807873318,37.0,216.0,800.0,395655185,111448672,65750,16,0.0002
1790768343.9,0.9635873374626289,39.0,216.0,800.0,395779809,111448672,124624,0,0.0
1790768346.0,0.9617706381335203,39.0,215.0,800.0,395779809,111448672,0,0,
1790768348.0,0.9793868997382237,39.0,216.0,800.0,395779809,111448672,0,0,
1790768350.1,0.9789291487261648,39.0,216.0,800.0,395834360,111448672,54551,0,0.0
1790768352.2,0.9700745275866508,39.0,215.0,800.0,395873267,111448688,38907,16,0.0004
1790768354.2,0.9925329366157896,40.0,215.0,800.0,395908372,111448688,35105,0,0.0
1790768356.3,0.9456349149584448,42.0,214.0,800.0,396067422,111448688,159050,0,0.0
1790768358.3,0.9510778605862074,41.0,214.0,800.0,396067422,111448688,0,0,
1790768360.4,0.9694022057876893,42.0,214.0,800.0,396106080,111448688,38658,0,0.0
1790768362.4,0.9853162058162988,42.0,214.0,800.0,396106080,111448688,0,0,
1790768364.5,0.9902155721172414,42.0,213.0,800.0,396218447,111448688,112367,0,0.0
1790768366.5,0.9794369662551676,42.0,212.0,800.0,396218447,111448688,0,0,
1790768368.6,0.9651250947687642,41.0,212.0,800.0,396218447,111448688,0,0,
1790768370.7,0.9944354642596592,42.0,212.0,800.0,396284619,111448688,66172,0,0.0
1790768372.7,0.9509562704736293,40.0,212.0,800.0,396346854,111448688,62235,0,0.0
1790768374.8,0.9766117842276167,41.0,214.0,800.0,396431312,111448688,84458,0,0.0
1790768376.8,0.9948574534739011,41.0,214.0,800.0,396431312,111448688,0,0,
1790768378.9,0.9807243909765831,41.0,214.0,800.0,396467474,111448688,36162,0,0.0
1790768380.9,0.9717267226458008,40.0,215.0,800.0,396467474,111448688,0,0,
1790768383.0,0.9442115954053242,40.0,214.0,800.0,396542767,111448704,75293,16,0.0002
1790768385.1,0.9772054300713805,41.0,215.0,800.0,396638345,111448704,95578,0,0.0
1790768387.1,0.9918320053785744,41.0,215.0,800.0,396638345,111448704,0,0,
1790768389.2,0.9622140844264523,39.0,216.0,800.0,396638345,111448704,0,0,
1790768391.2,0.9873260188536198,40.0,216.0,800.0,396748965,111448720,110620,16,0.0001
1790768393.3,0.9942495029110103,40.0,216.0,800.0,396748965,111448720,0,0,
1790768395.4,0.966040596792882,39.0,215.0,800.0,396857143,111448720,108178,0,0.0
1790768397.4,0.9712475145550518,38.0,216.0,800.0,396857143,111448720,0,0,
1790768399.5,0.9972320368489564,39.0,216.0,800.0,396914985,111448720,57842,0,0.0
1790768401.5,0.9721487118600426,37.0,217.0,800.0,396914985,111448720,0,0,
1790768403.6,0.9520219720485789,36.0,220.0,800.0,397029130,111448720,114145,0,0.0
1790768405.6,0.9703606219691876,36.0,220.0,800.0,397029130,111448720,0,0,
1790768407.7,0.9516858111490981,36.0,219.0,800.0,397086600,111448736,57470,16,0.0003
1790768409.8,0.9812179037864591,37.0,219.0,800.0,397123235,111448736,36635,0,0.0
1790768411.8,0.9749166750110861,36.0,219.0,800.0,397123235,111448736,0,0,
1790768413.9,0.9757678057991331,36.0,220.0,800.0,397123235,111448736,0,0,
1790768415.9,0.9766189365871801,36.0,220.0,800.0,397123235,111448736,0,0,
1790768418.0,0.9505986524954583,35.0,220.0,800.0,397189852,111448736,66617,0,0.0
1790768420.1,0.9762112520920652,36.0,220.0,800.0,397241985,111448736,52133,0,0.0
1790768422.1,0.9982762813452157,37.0,219.0,800.0,397285896,111448736,43911,0,0.0
1790768424.2,0.9838499721057977,38.0,217.0,800.0,397386145,111448736,100249,0,0.0
1790768426.2,0.990580342454976,38.0,217.0,800.0,397425402,111448736,39257,0,0.0
1790768428.3,0.9194358218776374,36.0,218.0,800.0,397611248,111448736,185846,0,0.0
1790768430.3,0.9163960690631839,35.0,219.0,800.0,397611248,111448736,0,0,
1790768432.4,0.9383824223611369,36.0,220.0,800.0,397611248,111448736,0,0,
1790768434.5,0.9567139199221824,36.0,220.0,800.0,397611248,111448736,0,0,
1790768436.5,0.9749953509662838,37.0,219.0,800.0,397640540,111448736,29292,0,0.0
1790768438.6,0.996867266511222,38.0,218.0,800.0,397677203,111448736,36663,0,0.0
1790768440.6,0.9900939820046634,38.0,218.0,800.0,397725235,111448736,48032,0,0.0
1790768442.7,0.9873474759323101,38.0,218.0,800.0,397876438,111448752,151203,16,0.0001
1790768444.7,0.9655256269043158,37.0,218.0,800.0,397876438,111448752,0,0,
1790768446.8,0.9838642768249245,37.0,219.0,800.0,397876438,111448752,0,0,
1790768448.8,0.9742228961334344,37.0,218.0,800.0,397948285,111448752,71847,0,0.0
1790768450.9,0.995844479093653,38.0,218.0,800.0,397948285,111448752,0,0,
1790768453.0,0.9900653725664097,38.0,218.0,800.0,398003949,111448752,55664,0,0.0
1790768455.0,0.9510492511479537,37.0,217.0,800.0,398042419,111448752,38470,0,0.0
1790768457.1,0.9225828600855422,36.0,219.0,800.0,398183677,111448752,141258,0,0.0
1790768459.1,0.912683994449769,35.0,220.0,800.0,398183677,111448752,0,0,
1790768461.2,0.8975496016135723,34.0,220.0,800.0,398183677,111448752,0,0,
1790768463.3,0.9085499306221122,34.0,221.0,800.0,398183677,111448752,0,0,
1790768465.3,0.9305076744818116,35.0,221.0,800.0,398247120,111448752,63443,0,0.0
1790768467.4,0.9598538057705237,37.0,219.0,800.0,398346814,111448752,99694,0,0.0
1790768469.4,0.9817900925515327,37.0,219.0,800.0,398346814,111448752,0,0,
1790768471.5,0.9116612070321999,35.0,219.0,800.0,398399803,111448752,52989,0,0.0
1790768473.5,0.9373167207861873,36.0,219.0,800.0,398438138,111448752,38335,0,0.0
1790768475.6,0.9739224970317708,39.0,217.0,800.0,398563327,111448752,125189,0,0.0
1790768477.6,0.994328178866208,39.0,217.0,800.0,398563327,111448752,0,0,
1790768479.7,0.9812894273820933,39.0,217.0,800.0,398597305,111448752,33978,0,0.0
1790768481.8,0.9378960619108244,37.0,219.0,800.0,398669577,111448752,72272,0,0.0
1790768483.8,0.9278112349264023,37.0,218.0,800.0,398706652,111448752,37075,0,0.0
1790768485.9,0.9218747764887636,37.0,217.0,800.0,398869521,111448768,162869,16,0.0001
1790768487.9,0.9511994506987855,38.0,218.0,800.0,398869521,111448768,0,0,
1790768490.0,0.9768120502953924,38.0,218.0,800.0,398869521,111448768,0,0,
1790768492.0,0.995129243137311,39.0,217.0,800.0,398906827,111448768,37306,0,0.0
1790768494.1,0.9935199622355415,39.0,217.0,800.0,398950464,111448768,43637,0,0.0
1790768496.1,0.9804025347962293,40.0,216.0,800.0,399094249,111448784,143785,16,0.0001
1790768498.2,0.9746734947859299,40.0,216.0,800.0,399094249,111448784,0,0,
1790768500.3,0.9371164547184117,38.0,217.0,800.0,399156255,111448784,62006,0,0.0
1790768502.3,0.9216101391849171,38.0,216.0,800.0,399225900,111448784,69645,0,0.0
1790768504.4,0.9472441958602142,39.0,216.0,800.0,399267139,111448784,41239,0,0.0
1790768506.5,0.9728496430972577,40.0,216.0,800.0,399345428,111448800,78289,16,0.0002
1790768508.5,0.9834780494084998,40.0,216.0,800.0,399345428,111448800,0,0,
1790768510.6,0.9812250561460226,40.0,216.0,800.0,399384808,111448800,39380,0,0.0
1790768512.7,0.9806457150213855,41.0,215.0,800.0,399465617,111448800,80809,0,0.0
1790768514.7,0.9665770237601384,42.0,212.0,800.0,399611894,111448800,146277,0,0.0
1790768516.8,0.9878481411017495,42.0,214.0,800.0,399611894,111448800,0,0,
1790768518.8,0.962957929821048,42.0,212.0,800.0,399698401,111448800,86507,0,0.0
1790768520.9,0.9722989114108744,41.0,212.0,800.0,399698401,111448800,0,0,
1790768522.9,0.9891284134636017,42.0,212.0,800.0,399714468,111448800,16067,0,0.0
1790768525.0,0.9751813123149327,42.0,212.0,800.0,399770592,111448800,56124,0,0.0
1790768527.0,0.9754101878209621,42.0,212.0,800.0,399795125,111448800,24533,0,0.0
1790768529.1,0.97578211051826,42.0,212.0,800.0,399858577,111448800,63452,0,0.0
1790768531.1,0.9660334444333185,42.0,213.0,800.0,399914042,111448800,55465,0,0.0
1790768533.2,0.9953152044859599,43.0,213.0,800.0,399973200,111448800,59158,0,0.0
1790768535.2,0.9824838714291845,42.0,213.0,800.0,399973200,111448800,0,0,
1790768537.3,0.9821262534510135,42.0,214.0,800.0,400136395,111448800,163195,0,0.0
1790768539.4,0.9967671334773341,42.0,214.0,800.0,400136395,111448800,0,0,
1790768541.4,0.9612771253236443,40.0,216.0,800.0,400136395,111448800,0,0,
1790768543.5,0.971848312758379,40.0,216.0,800.0,400136395,111448800,0,0,
1790768545.5,0.9817686354728425,40.0,215.0,800.0,400215376,111448800,78981,0,0.0
1790768547.6,0.988384568069006,40.0,215.0,800.0,400215376,111448800,0,0,
1790768549.7,0.9751598552362425,40.0,214.0,800.0,400254227,111448800,38851,0,0.0
1790768551.7,0.963093824652753,39.0,215.0,800.0,400316487,111448800,62260,0,0.0
1790768553.8,0.9752242264723132,39.0,217.0,800.0,400357696,111448800,41209,0,0.0
1790768555.8,0.9127483656858397,36.0,217.0,800.0,400536523,111448800,178827,0,0.0
1790768557.9,0.9347275666242293,36.0,219.0,800.0,400536523,111448800,0,0,
1790768559.9,0.94936844665055,36.0,219.0,800.0,400536523,111448800,0,0,
1790768562.0,0.9320811935857639,35.0,219.0,800.0,400536523,111448800,0,0,
1790768564.1,0.9261518875076888,34.0,221.0,800.0,400536523,111448800,0,0,
1790768566.1,0.933461598981504,34.0,222.0,800.0,400536523,111448800,0,0,
1790768568.2,0.9082352268013217,34.0,221.0,800.0,400601813,111448800,65290,0,0.0
1790768570.2,0.9160599081637032,33.0,222.0,800.0,400601813,111448800,0,0,
1790768572.3,0.941686812479437,35.0,221.0,800.0,400698008,111448800,96195,0,0.0
1790768574.3,0.9673280215142975,37.0,219.0,800.0,400740628,111448800,42620,0,0.0
1790768576.4,0.9684652466848813,37.0,219.0,800.0,400807835,111448800,67207,0,0.0
1790768578.5,0.9841861330052785,37.0,219.0,800.0,400807835,111448800,0,0,
1790768580.5,0.9869254867180683,38.0,218.0,800.0,400897055,111448800,89220,0,0.0
1790768582.6,0.9945570543722374,38.0,218.0,800.0,400897055,111448800,0,0,
1790768584.6,0.9735362696153461,37.0,218.0,800.0,400992972,111448800,95917,0,0.0
1790768586.7,0.9753243595062011,37.0,219.0,800.0,400992972,111448800,0,0,
1790768588.7,0.9772054300713805,37.0,219.0,800.0,401053315,111448800,60343,0,0.0
1790768590.8,0.9646816484758322,37.0,218.0,800.0,401103410,111448800,50095,0,0.0
1790768592.9,0.9816327406411375,36.0,219.0,800.0,401103410,111448800,0,0,
1790768594.9,0.9585020098130373,35.0,219.0,800.0,401103410,111448800,0,0,
1790768597.0,0.9685224655613887,36.0,218.0,800.0,401226341,111448800,122931,0,0.0
1790768599.0,0.9905016664997783,36.0,220.0,800.0,401226341,111448800,0,0,
1790768601.1,0.9640164790364342,36.0,219.0,800.0,401264964,111448800,38623,0,0.0
1790768603.1,0.9204657616547699,34.0,222.0,800.0,401425566,111448800,160602,0,0.0
1790768605.2,0.9134278398443647,33.0,223.0,800.0,401425566,111448800,0,0,
1790768607.2,0.9280687198706854,33.0,223.0,800.0,401425566,111448800,0,0,
1790768609.3,0.939047591800535,33.0,223.0,800.0,401425566,111448800,0,0,
1790768611.3,0.9463573032743502,33.0,223.0,800.0,401425566,111448800,0,0,
1790768613.4,0.9610267927389246,34.0,222.0,800.0,401463731,111448800,38165,0,0.0
1790768615.5,0.9903300098702562,35.0,221.0,800.0,401569021,111448800,105290,0,0.0
1790768617.5,0.9645886678015078,34.0,220.0,800.0,401569021,111448800,0,0,
1790768619.6,0.9928905545939606,35.0,220.0,800.0,401607733,111448800,38712,0,0.0
1790768621.6,0.9835281159254438,35.0,220.0,800.0,401667443,111448800,59710,0,0.0
1790768623.7,0.9633656143161629,36.0,220.0,800.0,401747469,111448800,80026,0,0.0
1790768625.8,0.9812679703034031,36.0,220.0,800.0,401747469,111448800,0,0,
1790768627.8,0.9549830489078347,35.0,220.0,800.0,401845861,111448800,98392,0,0.0
1790768629.9,0.9732716323114996,35.0,221.0,800.0,401845861,111448800,0,0,
1790768631.9,0.9651250947687642,35.0,220.0,800.0,401892982,111448816,47121,16,0.0003
1790768634.0,0.9353212124679932,34.0,220.0,800.0,401989551,111448816,96569,0,0.0
1790768636.1,0.9609409644241635,34.0,220.0,800.0,401989551,111448816,0,0,
1790768638.1,0.9036934784785501,34.0,220.0,800.0,402054708,111448816,65157,0,0.0
1790768640.2,0.9293489922325375,34.0,221.0,800.0,402054708,111448816,0,0,
1790768642.3,0.9549902012673981,35.0,220.0,800.0,402149091,111448816,94383,0,0.0
1790768644.3,0.9465361122634357,34.0,221.0,800.0,402149091,111448816,0,0,
1790768646.4,0.9758178723160771,35.0,220.0,800.0,402234004,111448816,84913,0,0.0
1790768648.4,0.9691304161242794,35.0,220.0,800.0,402309718,111448816,75714,0,0.0
1790768650.5,0.9620924943138741,34.0,220.0,800.0,402309718,111448816,0,0,
1790768652.6,0.9706324116325976,35.0,221.0,800.0,402389707,111448816,79989,0,0.0
1790768654.6,0.9760324431029797,36.0,219.0,800.0,402436987,111448816,47280,0,0.0
1790768656.7,0.9840788476118272,36.0,219.0,800.0,402498987,111448816,62000,0,0.0
1790768658.8,0.9758607864734576,36.0,218.0,800.0,402536284,111448816,37297,0,0.0
1790768660.8,0.92349836210966,36.0,220.0,800.0,402648073,111448832,111789,16,0.0001
1790768662.9,0.9418298596707053,36.0,220.0,800.0,402648073,111448832,0,0,
1790768664.9,0.9528158839601184,36.0,220.0,800.0,402648073,111448832,0,0,
1790768667.0,0.9605118228503583,37.0,218.0,800.0,402755506,111448832,107433,0,0.0
1790768669.0,0.9852661392993548,37.0,218.0,800.0,402755506,111448832,0,0,
1790768671.1,0.9684008754488106,38.0,216.0,800.0,402846775,111448832,91269,0,0.0
1790768673.2,0.9877337033487348,38.0,216.0,800.0,402846775,111448832,0,0,
1790768675.2,0.9813895604159812,38.0,217.0,800.0,402927492,111448832,80717,0,0.0
1790768677.3,0.9723561302873818,38.0,217.0,800.0,402973614,111448832,46122,0,0.0
1790768679.3,0.977348477262649,37.0,219.0,800.0,402973614,111448832,0,0,
1790768681.4,0.9754531019783427,36.0,218.0,800.0,403042642,111448832,69028,0,0.0
1790768683.5,0.9854807100862575,37.0,218.0,800.0,403110264,111448832,67622,0,0.0
1790768685.5,0.9549258300313274,37.0,218.0,800.0,403157292,111448832,47028,0,0.0
1790768687.6,0.9484815540646859,37.0,218.0,800.0,403236703,111448832,79411,0,0.0
1790768689.6,0.945742200351896,36.0,220.0,800.0,403236703,111448832,0,0,
1790768691.7,0.9704464502839487,37.0,219.0,800.0,403295300,111448832,58597,0,0.0
1790768693.7,0.9554551046390204,36.0,220.0,800.0,403404838,111448832,109538,0,0.0
1790768695.8,0.9774128484987197,36.0,220.0,800.0,403404838,111448832,0,0,
1790768697.8,0.9920537285250404,36.0,220.0,800.0,403404838,111448832,0,0,
1790768699.9,0.9871972763814783,36.0,220.0,800.0,403430704,111448832,25866,0,0.0
1790768702.0,0.9799018696267898,35.0,221.0,800.0,403486116,111448832,55412,0,0.0
1790768704.0,0.9427525140543865,34.0,220.0,800.0,403548540,111448832,62424,0,0.0
1790768706.1,0.9519790578911983,34.0,221.0,800.0,403599850,111448832,51310,0,0.0
1790768708.1,0.9496044745161428,34.0,221.0,800.0,403704835,111448832,104985,0,0.0
1790768710.2,0.9504699100233167,33.0,224.0,800.0,403704835,111448832,0,0,
1790768712.2,0.9651107900496374,34.0,223.0,800.0,403755267,111448832,50432,0,0.0
1790768714.3,0.9380104996638391,33.0,223.0,800.0,403755267,111448832,0,0,
1790768716.4,0.9746162759094226,35.0,222.0,800.0,403855028,111448832,99761,0,0.0
1790768718.4,0.9790149770409258,36.0,221.0,800.0,403939631,111448832,84603,0,0.0
1790768720.5,0.976411518159841,36.0,220.0,800.0,403982603,111448832,42972,0,0.0
1790768722.5,0.9862889267169239,37.0,219.0,800.0,404050777,111448832,68174,0,0.0
1790768724.6,0.9996209249431387,37.0,219.0,800.0,404050777,111448832,0,0,
1790768726.6,0.9538386713776875,35.0,219.0,800.0,404122147,111448832,71370,0,0.0
1790768728.7,0.9794727280529847,36.0,219.0,800.0,404177007,111448832,54860,0,0.0
1790768730.7,0.9775558956899881,35.0,220.0,800.0,404177007,111448832,0,0,
1790768732.8,0.9851874633441572,35.0,220.0,800.0,404314826,111448832,137819,0,0.0
1790768734.9,0.9788862345687842,34.0,222.0,800.0,404314826,111448832,0,0,
1790768736.9,0.9999642382021829,35.0,221.0,800.0,404314826,111448832,0,0,
1790768739.0,0.9690588925286452,35.0,220.0,800.0,404397638,111448848,82812,16,0.0002
1790768741.0,0.998211910109145,36.0,219.0,800.0,404427943,111448848,30305,0,0.0
1790768743.1,0.9813752556968544,35.0,219.0,800.0,404427943,111448848,0,0,
1790768745.1,0.9396483900038622,34.0,220.0,800.0,404485217,111448848,57274,0,0.0
1790768747.2,0.9726279199507918,36.0,219.0,800.0,404566247,111448848,81030,0,0.0
1790768749.2,0.9522723046332985,35.0,220.0,800.0,404566247,111448848,0,0,
1790768751.3,0.8766289498905689,34.0,220.0,800.0,404812882,111448848,246635,0,0.0
1790768753.4,0.898565236671578,34.0,222.0,800.0,404812882,111448848,0,0,
1790768755.4,0.9132275737765889,34.0,223.0,800.0,404812882,111448848,0,0,
1790768757.5,0.924213598066002,34.0,223.0,800.0,404812882,111448848,0,0,
1790768759.5,0.9352210794341054,34.0,223.0,800.0,404812882,111448848,0,0,
1790768761.6,0.9425236385483571,34.0,223.0,800.0,404812882,111448848,0,0,
1790768763.6,0.9498548071008626,34.0,223.0,800.0,404812882,111448848,0,0,
1790768765.7,0.9571573662151144,34.0,223.0,800.0,404812882,111448848,0,0,
1790768767.7,0.9681719999427811,35.0,222.0,800.0,404915799,111448848,102917,0,0.0
1790768769.8,0.9765545653511093,35.0,222.0,800.0,404915799,111448848,0,0,
1790768771.9,0.9943639406640251,35.0,222.0,800.0,404915799,111448848,0,0,
1790768773.9,0.9656472170168938,35.0,222.0,800.0,404957546,111448848,41747,0,0.0
1790768776.0,0.9638734318451657,34.0,223.0,800.0,405017759,111448848,60213,0,0.0
1790768778.0,0.9895074885204629,35.0,222.0,800.0,405075623,111448848,57864,0,0.0
1790768780.1,0.9543035747493098,34.0,221.0,800.0,405170008,111448848,94385,0,0.0
1790768782.1,0.979937631424607,34.0,222.0,800.0,405170008,111448848,0,0,
1790768784.2,0.9930264494256655,34.0,222.0,800.0,405170008,111448848,0,0,
1790768786.2,0.9749452844493398,34.0,222.0,800.0,405196942,111448848,26934,0,0.0
1790768788.3,0.9532307208147968,35.0,220.0,800.0,405331458,111448848,134516,0,0.0
1790768790.3,0.9788361680518403,35.0,222.0,800.0,405331458,111448848,0,0,
1790768792.4,0.9339265023531262,35.0,222.0,800.0,405438014,111448848,106556,0,0.0
1790768794.5,0.9292631639177764,34.0,223.0,800.0,405438014,111448848,0,0,
1790768796.5,0.9402634929263164,34.0,223.0,800.0,405438014,111448848,0,0,
1790768798.6,0.9261590398672522,34.0,222.0,800.0,405484600,111448848,46586,0,0.0
1790768800.6,0.9590956556568012,37.0,220.0,800.0,405630667,111448848,146067,0,0.0
1790768802.7,0.9810891613143176,37.0,220.0,800.0,405630667,111448848,0,0,
1790768804.7,0.992082337963294,37.0,220.0,800.0,405630667,111448848,0,0,
1790768806.8,0.9446764987769465,34.0,220.0,800.0,405697451,111448848,66784,0,0.0
1790768808.8,0.9666270902770824,35.0,220.0,800.0,405740261,111448848,42810,0,0.0
1790768810.9,0.9724562633212697,35.0,222.0,800.0,405740261,111448848,0,0,
1790768813.0,0.9905231235784685,35.0,222.0,800.0,405805841,111448848,65580,0,0.0
1790768815.0,0.994907519990845,35.0,222.0,800.0,405805841,111448848,0,0,
1790768817.1,0.9945642067318008,35.0,222.0,800.0,405848126,111448848,42285,0,0.0
1790768819.1,0.9806314103022588,34.0,223.0,800.0,405848126,111448848,0,0,
1790768821.2,0.9535668817142775,33.0,222.0,800.0,405907402,111448848,59276,0,0.0
1790768823.2,0.9765402606319825,33.0,224.0,800.0,405907402,111448848,0,0,
1790768825.3,0.9650964853305105,33.0,224.0,800.0,406010215,111448848,102813,0,0.0
1790768827.3,0.9834208305319925,33.0,224.0,800.0,406010215,111448848,0,0,
1790768829.4,0.9773413249030856,33.0,223.0,800.0,406052625,111448848,42410,0,0.0
1790768831.5,0.9940706939219248,34.0,223.0,800.0,406054960,111448848,2335,0,0.0
1790768833.5,0.9770337734418585,34.0,221.0,800.0,406154457,111448848,99497,0,0.0
1790768835.6,0.9126696897306421,34.0,221.0,800.0,406195686,111448848,41229,0,0.0
1790768837.6,0.9456349149584448,36.0,220.0,800.0,406273153,111448848,77467,0,0.0
1790768839.7,0.9596249302644942,36.0,219.0,800.0,406386881,111448864,113728,16,0.0001
1790768841.7,0.9852446822206646,37.0,220.0,800.0,406386881,111448864,0,0,
1790768843.8,0.9734218318623313,36.0,221.0,800.0,406386881,111448864,0,0,
1790768845.8,0.9742443532121247,36.0,221.0,800.0,406386881,111448864,0,0,
1790768847.9,0.9145364555766947,35.0,220.0,800.0,406461804,111448864,74923,0,0.0
1790768850.0,0.9328679531377402,35.0,220.0,800.0,406461804,111448864,0,0,
1790768852.0,0.9319023845966784,35.0,218.0,800.0,406565636,111448864,103832,0,0.0
1790768854.1,0.9310011872916876,35.0,222.0,800.0,406635084,111448864,69448,0,0.0
1790768856.1,0.9566280916074212,36.0,221.0,800.0,406689124,111448864,54040,0,0.0
1790768858.2,0.9527944268814281,36.0,220.0,800.0,406754941,111448864,65817,0,0.0
1790768860.2,0.9748093896176349,36.0,220.0,800.0,406754941,111448864,0,0,
1790768862.3,0.9540031756476461,36.0,220.0,800.0,406846704,111448880,91763,16,0.0002
1790768864.3,0.976003833664726,37.0,220.0,800.0,406885751,111448880,39047,0,0.0
1790768866.4,0.9758464817543308,37.0,219.0,800.0,406950615,111448880,64864,0,0.0
1790768868.4,0.9354642596592616,37.0,218.0,800.0,407003408,111448880,52793,0,0.0
1790768870.5,0.9134135351252378,37.0,218.0,800.0,407209109,111448880,205701,0,0.0
1790768872.6,0.9390261347218447,37.0,220.0,800.0,407209109,111448880,0,0,
1790768874.6,0.9536670147481654,37.0,220.0,800.0,407209109,111448880,0,0,
1790768876.7,0.9646816484758322,37.0,220.0,800.0,407209109,111448880,0,0,
1790768878.7,0.9756533680461185,37.0,220.0,800.0,407209109,111448880,0,0,
1790768880.8,0.9829988413177507,37.0,220.0,800.0,407209109,111448880,0,0,
1790768882.8,0.9611984493684467,36.0,220.0,800.0,407209109,111448880,0,0,
1790768884.9,0.9800806786158753,37.0,220.0,800.0,407315647,111448880,106538,0,0.0
1790768887.0,0.9587380376786302,36.0,220.0,800.0,407343196,111448880,27549,0,0.0
1790768889.1,0.9880341024503984,37.0,220.0,800.0,407406898,111448880,63702,0,0.0
1790768891.1,0.9744374669203371,36.0,220.0,800.0,407406898,111448880,0,0,
1790768893.2,0.9999213240448024,36.0,221.0,800.0,407466367,111448880,59469,0,0.0
1790768895.2,0.9594747307136624,34.0,221.0,806.0,407573965,111448896,107598,16,0.0001
1790768897.3,0.9851087873889596,36.0,220.0,806.0,407573965,111448896,0,0,
1790768899.4,0.9140214856881285,33.0,219.0,806.0,407634879,111448896,60914,0,0.0
1790768901.4,0.9396412376442989,34.0,222.0,806.0,407794784,111448896,159905,0,0.0
1790768903.5,0.9579655828457808,34.0,223.0,806.0,407794784,111448896,0,0,
1790768905.5,0.968937302416067,34.0,223.0,806.0,407794784,111448896,0,0,
1790768907.6,0.9799590885032973,34.0,223.0,806.0,407794784,111448896,0,0,
1790768909.6,0.9872759523366759,34.0,223.0,806.0,407794784,111448896,0,0,
1790768911.7,0.9912598166135008,34.0,222.0,806.0,407838061,111448896,43277,0,0.0
1790768913.7,0.966262319939348,33.0,223.0,806.0,407884111,111448896,46050,0,0.0
1790768915.8,0.9918677671763915,34.0,222.0,806.0,407950883,111448896,66772,0,0.0
1790768917.8,0.9838642768249245,34.0,222.0,806.0,408047241,111448912,96358,16,0.0002
1790768919.9,0.9846152745790836,34.0,222.0,806.0,408047241,111448912,0,0,
1790768922.0,0.9620066659991131,34.0,222.0,806.0,408121067,111448912,73826,0,0.0
1790768924.0,0.9876478750339737,34.0,223.0,806.0,408121067,111448912,0,0,
1790768926.1,0.9905088188593417,34.0,223.0,806.0,408209993,111448912,88926,0,0.0
1790768928.1,0.9879554264952007,34.0,222.0,806.0,408209993,111448912,0,0,
1790768930.2,0.982219234125338,34.0,222.0,806.0,408245802,111448928,35809,16,0.0004
1790768932.2,0.9829988413177507,34.0,222.0,806.0,408245802,111448928,0,0,
1790768934.3,0.9837569914314732,34.0,222.0,806.0,408245802,111448928,0,0,
1790768936.3,0.9529660835109502,33.0,222.0,806.0,408308928,111448928,63126,0,0.0
1790768938.4,0.9749381320897764,34.0,222.0,806.0,408366222,111448928,57294,0,0.0
1790768940.4,0.9674996781438197,34.0,221.0,806.0,408484954,111448928,118732,0,0.0
1790768942.5,0.9691804826412234,34.0,222.0,806.0,408484954,111448928,0,0,
1790768944.6,0.9858883945813723,34.0,223.0,806.0,408484954,111448928,0,0,
1790768946.6,0.9666056331983921,34.0,222.0,806.0,408525654,111448944,40700,16,0.0004
1790768948.7,0.9918749195359549,35.0,222.0,806.0,408565479,111448944,39825,0,0.0
1790768950.7,0.9865893258185876,35.0,221.0,806.0,408605492,111448944,40013,0,0.0
1790768952.8,0.9712832763528688,35.0,220.0,806.0,408651656,111448960,46164,16,0.0003
1790768954.8,0.9941708269558127,36.0,221.0,806.0,408672403,111448960,20747,0,0.0
1790768956.9,0.9917032629064328,36.0,221.0,806.0,408750300,111448960,77897,0,0.0
1790768959.0,0.9060179953366616,34.0,222.0,806.0,408865851,111448960,115551,0,0.0
1790768961.0,0.9243208834594533,34.0,223.0,806.0,408865851,111448960,0,0,
1790768963.1,0.9463143891169696,35.0,222.0,806.0,408865851,111448960,0,0,
1790768965.1,0.9829201653625531,37.0,220.0,806.0,408959083,111448976,93232,16,0.0002
1790768967.2,0.9834780494084998,36.0,221.0,806.0,408959083,111448976,0,0,
1790768969.2,0.9842719613200395,36.0,221.0,806.0,408959083,111448976,0,0,
1790768971.3,0.9711402291616004,36.0,221.0,806.0,409026027,111448992,66944,16,0.0002
1790768973.3,0.9953008997668331,37.0,220.0,806.0,409061614,111448992,35587,0,0.0
1790768975.4,0.9734289842218948,36.0,221.0,806.0,409123025,111449008,61411,16,0.0003
1790768977.4,0.958702275880813,35.0,221.0,806.0,409179655,111449024,56630,16,0.0003
1790768979.5,0.9476876421531464,35.0,221.0,806.0,409216965,111449024,37310,0,0.0
1790768981.6,0.9634728997096142,35.0,221.0,806.0,409331310,111449024,114345,0,0.0
1790768983.6,0.981811549630223,35.0,222.0,806.0,409331310,111449024,0,0,
1790768985.7,0.9964452772969803,35.0,222.0,806.0,409331310,111449024,0,0,
1790768987.7,0.9811606849099518,34.0,222.0,806.0,409331310,111449024,0,0,
1790768989.8,0.9520720385655228,33.0,223.0,806.0,409417174,111449024,85864,0,0.0
1790768991.8,0.97770609524082,33.0,224.0,806.0,409417174,111449024,0,0,
1790768993.9,0.9742586579312515,33.0,223.0,806.0,409466226,111449024,49052,0,0.0
1790768996.0,0.9928547927961434,33.0,224.0,806.0,409466226,111449024,0,0,
1790768998.0,0.9781638462528788,33.0,224.0,806.0,409522155,111449040,55929,16,0.0003
1790769000.1,0.971354799948503,33.0,223.0,806.0,409584994,111449040,62839,0,0.0
1790769002.1,0.9851159397485231,33.0,224.0,806.0,409584994,111449040,0,0,
1790769004.2,0.952315218790679,32.0,223.0,806.0,409649649,111449040,64655,0,0.0
1790769006.2,0.9492754659762256,32.0,224.0,806.0,409721398,111449040,71749,0,0.0
1790769008.3,0.971218905116798,33.0,224.0,806.0,409763288,111449040,41890,0,0.0
1790769010.3,0.9245497589654827,33.0,223.0,806.0,409806228,111449040,42940,0,0.0
1790769012.4,0.9026349292631639,34.0,222.0,806.0,409926005,111449040,119777,0,0.0
1790769014.4,0.9037363926359306,34.0,221.0,806.0,409926005,111449040,0,0,
1790769016.5,0.9294133634686083,35.0,220.0,806.0,409979794,111449040,53789,0,0.0
1790769018.6,0.958666514082996,36.0,220.0,806.0,410056492,111449040,76698,0,0.0
1790769020.6,0.9770051640036048,37.0,219.0,806.0,410114822,111449040,58330,0,0.0
1790769022.7,0.9994063541562361,37.0,220.0,806.0,410114822,111449040,0,0,
1790769024.7,0.9464002174317308,35.0,219.0,806.0,410179732,111449040,64910,0,0.0
1790769026.8,0.939405209778706,35.0,218.0,806.0,410242415,111449040,62683,0,0.0
1790769028.9,0.927110303689187,35.0,220.0,806.0,410319240,111449040,76825,0,0.0
1790769030.9,0.9491038093467035,35.0,221.0,806.0,410319240,111449040,0,0,
1790769033.0,0.9605046704907949,35.0,222.0,806.0,410319240,111449040,0,0,
1790769035.0,0.9263736106541548,34.0,221.0,806.0,410414465,111449056,95225,16,0.0002
1790769037.1,0.9446764987769465,35.0,222.0,806.0,410454558,111449056,40093,0,0.0
1790769039.1,0.9132418784957157,34.0,222.0,806.0,410531233,111449072,76675,16,0.0002
1790769041.2,0.9352639935914858,34.0,223.0,806.0,410531233,111449072,0,0,
1790769043.3,0.9681719999427811,36.0,221.0,806.0,410640531,111449072,109298,0,0.0
1790769045.3,0.9865321069420802,36.0,221.0,806.0,410640531,111449072,0,0,
1790769047.4,0.9469581014776774,36.0,220.0,806.0,410731946,111449072,91415,0,0.0
1790769049.4,0.9689086929778133,37.0,219.0,806.0,410770652,111449072,38706,0,0.0
1790769051.5,0.9851159397485231,37.0,219.0,806.0,410770652,111449072,0,0,
1790769053.6,0.99504341482255,37.0,220.0,806.0,410819010,111449072,48358,0,0.0
1790769055.6,0.9583375055430786,36.0,220.0,806.0,410867186,111449072,48176,0,0.0
1790769057.7,0.9153446722073613,36.0,219.0,806.0,410963685,111449072,96499,0,0.0
1790769059.7,0.9373024160670606,36.0,221.0,806.0,410963685,111449072,0,0,
1790769061.8,0.9556196089089791,37.0,220.0,806.0,411050646,111449072,86961,0,0.0
1790769063.8,0.9775845051282418,37.0,220.0,806.0,411050646,111449072,0,0,
1790769065.9,0.9412362138269416,36.0,219.0,806.0,411093654,111449072,43008,0,0.0
1790769068.0,0.970503669160456,37.0,219.0,806.0,411187219,111449088,93565,16,0.0002
1790769070.0,0.9851445491867767,37.0,219.0,806.0,411187219,111449088,0,0,
1790769072.1,0.9597751298153261,36.0,219.0,806.0,411316956,111449088,129737,0,0.0
1790769074.1,0.9542248987941122,36.0,220.0,806.0,411316956,111449088,0,0,
1790769076.2,0.972513482197777,36.0,221.0,806.0,411316956,111449088,0,0,
1790769078.2,0.9823765860357332,36.0,221.0,806.0,411378903,111449088,61947,0,0.0
1790769080.3,0.9544966884575221,36.0,220.0,806.0,411457342,111449088,78439,0,0.0
1790769082.4,0.9801450498519462,36.0,221.0,806.0,411457342,111449088,0,0,
1790769084.4,0.9798732601885362,36.0,220.0,806.0,411512376,111449088,55034,0,0.0
1790769086.5,0.9562204071123064,35.0,221.0,806.0,411557561,111449088,45185,0,0.0
1790769088.5,0.9725707010742844,36.0,221.0,806.0,411628612,111449088,71051,0,0.0
1790769090.6,0.9963308395439655,37.0,220.0,806.0,411671004,111449088,42392,0,0.0
1790769092.6,0.9726279199507918,36.0,219.0,806.0,411750758,111449104,79754,16,0.0002
1790769094.7,0.9755889968100476,36.0,220.0,806.0,411815034,111449104,64276,0,0.0
1790769096.7,0.9974823694336762,37.0,220.0,806.0,411815034,111449104,0,0,
1790769098.8,0.9480810219291345,36.0,219.0,806.0,411894419,111449104,79385,0,0.0
1790769100.8,0.9570429284620996,35.0,220.0,806.0,411894419,111449104,0,0,
1790769102.9,0.9523366758693693,34.0,220.0,806.0,411952000,111449104,57581,0,0.0
1790769105.0,0.9425021814696668,34.0,220.0,806.0,411991596,111449104,39596,0,0.0
1790769107.0,0.9394338192169597,34.0,221.0,806.0,412052363,111449104,60767,0,0.0
1790769109.1,0.972427653883016,36.0,220.0,806.0,412130406,111449104,78043,0,0.0
1790769111.1,0.9699815469123264,36.0,219.0,806.0,412195932,111449104,65526,0,0.0
1790769113.2,0.95624901655056,36.0,218.0,806.0,412240478,111449104,44546,0,0.0
1790769115.2,0.9892142417783627,37.0,219.0,806.0,412346210,111449104,105732,0,0.0
1790769117.3,0.9788075586135866,36.0,219.0,806.0,412346210,111449104,0,0,
1790769119.4,0.9672922597164805,36.0,219.0,806.0,412406063,111449104,59853,0,0.0
1790769121.4,0.9929406211109045,36.0,220.0,806.0,412406063,111449104,0,0,
1790769123.5,0.9943424835853348,36.0,220.0,806.0,412406063,111449104,0,0,
1790769125.5,0.9757248916417526,36.0,220.0,806.0,412477996,111449120,71933,16,0.0002
1790769127.6,0.9680361051110762,36.0,220.0,806.0,412560282,111449136,82286,16,0.0002
1790769129.6,0.997325017523281,37.0,220.0,806.0,412605131,111449136,44849,0,0.0
1790769131.7,0.9709328107342612,36.0,221.0,806.0,412669127,111449136,63996,0,0.0
1790769133.7,0.9697669761254237,37.0,219.0,806.0,412780848,111449136,111721,0,0.0
1790769135.8,0.995401032800721,37.0,219.0,806.0,412780848,111449136,0,0,
1790769137.9,0.9805956485044416,37.0,218.0,806.0,412820805,111449136,39957,0,0.0
1790769139.9,0.9895718597565337,37.0,218.0,806.0,412883073,111449136,62268,0,0.0
1790769142.0,0.9491753329423377,36.0,218.0,806.0,413000638,111449136,117565,0,0.0
1790769144.0,0.9747879325389446,37.0,219.0,806.0,413000638,111449136,0,0,
1790769146.1,0.9805670390661879,37.0,219.0,806.0,413132362,111449136,131724,0,0.0
1790769148.1,0.9709542678129515,36.0,219.0,806.0,413132362,111449136,0,0,
1790769150.2,0.9783283505228375,35.0,219.0,806.0,413132362,111449136,0,0,
1790769152.3,0.9900939820046634,35.0,221.0,806.0,413132362,111449136,0,0,
1790769154.3,0.9721701689387329,36.0,220.0,806.0,413224538,111449136,92176,0,0.0
1790769156.4,0.9593388358819575,36.0,221.0,806.0,413262400,111449152,37862,16,0.0004
1790769158.4,0.9895360979587166,37.0,220.0,806.0,413338775,111449152,76375,0,0.0
1790769160.5,0.9803381635601585,36.0,220.0,806.0,413338775,111449152,0,0,
1790769162.5,0.9544323172214514,36.0,221.0,806.0,413448490,111449152,109715,0,0.0
1790769164.6,0.9690875019668989,36.0,221.0,806.0,413448490,111449152,0,0,
1790769166.6,0.9817543307537157,36.0,221.0,806.0,413448490,111449152,0,0,
1790769168.7,0.9618063999313373,36.0,220.0,806.0,413557061,111449152,108571,0,0.0
1790769170.8,0.9814467792924886,36.0,221.0,806.0,413557061,111449152,0,0,
1790769172.8,0.9842576566009127,36.0,220.0,806.0,413621037,111449152,63976,0,0.0
1790769174.9,0.9628935585849772,36.0,220.0,806.0,413681498,111449152,60461,0,0.0
1790769176.9,0.9860528988513311,37.0,220.0,806.0,413721257,111449152,39759,0,0.0
1790769179.0,0.9823908907548601,37.0,220.0,806.0,413779350,111449152,58093,0,0.0
1790769181.0,0.9906375613314833,37.0,220.0,806.0,413779350,111449152,0,0,
1790769183.1,0.9701532035418484,36.0,219.0,806.0,413849644,111449152,70294,0,0.0
1790769185.2,0.987175819302788,36.0,220.0,806.0,413849644,111449152,0,0,
1790769187.2,0.9637661464517144,35.0,222.0,806.0,413849644,111449152,0,0,
1790769189.3,0.9645600583632541,35.0,222.0,806.0,413849644,111449152,0,0,
1790769191.4,0.9366157895489722,34.0,222.0,806.0,413948131,111449152,98487,0,0.0
1790769193.4,0.9512423648561661,34.0,223.0,806.0,413948131,111449152,0,0,
1790769195.5,0.9768764215314633,35.0,222.0,806.0,414003113,111449152,54982,0,0.0
1790769197.6,0.9997568197748438,36.0,221.0,806.0,414047101,111449152,43988,0,0.0
1790769199.6,0.995930307408414,36.0,220.0,806.0,414086766,111449152,39665,0,0.0
1790769201.7,0.9391477248344229,35.0,222.0,806.0,414144669,111449152,57903,0,0.0
1790769203.7,0.9665198048836311,36.0,221.0,806.0,414204853,111449152,60184,0,0.0
1790769205.8,0.932424506844808,34.0,223.0,806.0,414204853,111449152,0,0,
1790769207.8,0.9458852475431645,34.0,223.0,806.0,414365973,111449152,161120,0,0.0
1790769209.9,0.9605332799290486,34.0,223.0,806.0,414365973,111449152,0,0,
1790769212.0,0.9715121518588983,34.0,223.0,806.0,414365973,111449152,0,0,
1790769214.1,0.9824981761483114,34.0,223.0,806.0,414365973,111449152,0,0,
1790769216.1,0.9888995379575722,34.0,223.0,806.0,414365973,111449152,0,0,
1790769218.2,0.9836568583975853,34.0,223.0,806.0,414393016,111449152,27043,0,0.0
1790769220.3,0.9811606849099518,34.0,223.0,806.0,414468688,111449152,75672,0,0.0
1790769222.3,0.9897792781838729,34.0,223.0,806.0,414468688,111449152,0,0,
1790769224.4,0.9558413320554451,33.0,223.0,806.0,414535876,111449152,67188,0,0.0
1790769226.4,0.9814825410903056,34.0,223.0,806.0,414575617,111449152,39741,0,0.0
1790769228.5,0.9630294534166821,34.0,222.0,806.0,414653505,111449152,77888,0,0.0
1790769230.5,0.9907162372866809,35.0,221.0,806.0,414653505,111449152,0,0,
1790769232.6,0.9896147739139142,35.0,222.0,806.0,414694439,111449152,40934,0,0.0
1790769234.8,0.9320096699901297,33.0,223.0,806.0,414694439,111449152,0,0,
1790769236.9,0.8856695323787318,33.0,222.0,806.0,414875598,111449152,181159,0,0.0
1790769238.9,0.900303260045489,33.0,224.0,806.0,414875598,111449152,0,0,
1790769241.0,0.8941808402592015,32.0,225.0,806.0,414875598,111449152,0,0,
1790769243.0,0.9051454074699243,32.0,225.0,806.0,414875598,111449152,0,0,
1790769245.1,0.9161528888380277,32.0,225.0,806.0,414875598,111449152,0,0,
1790769247.1,0.9234626003118429,32.0,225.0,806.0,414875598,111449152,0,0,
1790769249.2,0.941772640794198,33.0,224.0,806.0,414938099,111449152,62501,0,0.0
1790769251.2,0.9708398300599368,34.0,223.0,806.0,414979461,111449152,41362,0,0.0
1790769253.3,0.9545753644127197,34.0,222.0,806.0,415066426,111449152,86965,0,0.0
1790769255.3,0.9765617177106728,34.0,222.0,806.0,415066426,111449152,0,0,
1790769257.4,0.9971032943768149,35.0,221.0,806.0,415098665,111449152,32239,0,0.0
1790769259.5,0.9313015863933511,36.0,219.0,806.0,415203796,111449152,105131,0,0.0
1790769261.5,0.935421345501881,35.0,219.0,806.0,415203796,111449152,0,0,
1790769263.6,0.9501051396855823,37.0,217.0,806.0,415244373,111449152,40577,0,0.0
1790769265.6,0.9823837383952966,38.0,216.0,806.0,415284732,111449152,40359,0,0.0
1790769267.7,0.9707611541047392,38.0,215.0,806.0,415325061,111449152,40329,0,0.0
1790769269.7,0.9649105239818616,38.0,214.0,806.0,415437306,111449152,112245,0,0.0
1790769271.8,0.9795370992890554,38.0,214.0,806.0,415437306,111449152,0,0,
1790769273.9,0.9862317078404166,38.0,214.0,806.0,415437306,111449152,0,0,
1790769275.9,0.9811964467077688,38.0,213.0,806.0,415483616,111449152,46310,0,0.0
1790769278.0,0.9830560601942581,38.0,212.0,806.0,415555774,111449152,72158,0,0.0
1790769280.0,0.9973107128041541,38.0,212.0,806.0,415555774,111449152,0,0,
1790769282.1,0.9941136080793054,38.0,211.0,806.0,415593613,111449152,37839,0,0.0
1790769284.1,0.9798160413120288,38.0,209.0,806.0,415686560,111449152,92947,0,0.0
1790769286.2,0.9998068862917877,38.0,209.0,806.0,415686560,111449152,0,0,
1790769288.2,0.9762827756876994,37.0,210.0,841.0,415686560,111449152,0,0,
1790769290.3,0.9538887378946315,39.0,206.0,841.0,415798201,111449152,111641,0,0.0
1790769292.3,0.9758893959117113,40.0,205.0,841.0,415856919,111449168,58718,16,0.0003
1790769294.4,0.9974323029167322,40.0,205.0,841.0,415856919,111449168,0,0,
1790769296.5,0.9837212296336562,39.0,205.0,841.0,415856919,111449168,0,0,
1790769298.6,0.9665055001645043,40.0,203.0,841.0,415943006,111449168,86087,0,0.0
1790769300.7,0.9777704664768907,41.0,201.0,841.0,416045044,111449168,102038,0,0.0
1790769302.7,0.9675497446607636,39.0,201.0,841.0,416045044,111449168,0,0,
1790769304.8,0.9584734003747837,39.0,200.0,841.0,416202250,111449184,157206,16,0.0001
1790769306.8,0.9585520763299813,39.0,199.0,841.0,416202250,111449184,0,0,
1790769308.9,0.9768335073740827,39.0,199.0,841.0,416202250,111449184,0,0,
1790769311.0,0.988556224698528,39.0,199.0,841.0,416202250,111449184,0,0,
1790769313.0,0.9678572961219907,38.0,198.0,841.0,416271349,111449184,69099,0,0.0
1790769315.1,0.9668988799404924,38.0,197.0,841.0,416308775,111449184,37426,0,0.0
1790769317.1,0.9607693077946414,37.0,196.0,841.0,416367653,111449200,58878,16,0.0003
1790769319.2,0.9900439154877194,38.0,195.0,841.0,416412238,111449200,44585,0,0.0
1790769321.3,0.9803238588410317,37.0,196.0,867.0,416412238,111449200,0,0,
1790769323.3,0.9852089204228475,37.0,194.0,867.0,416441284,111449200,29046,0,0.0
1790769325.4,0.9893501366100677,37.0,193.0,867.0,416490628,111449200,49344,0,0.0
1790769327.4,0.9973035604445907,38.0,191.0,867.0,416557592,111449200,66964,0,0.0
1790769329.5,0.9978328350522837,38.0,190.0,867.0,416599587,111449200,41995,0,0.0
1790769331.5,0.9577438596993149,37.0,189.0,867.0,416696955,111449200,97368,0,0.0
1790769333.6,0.9833993734533022,37.0,189.0,867.0,416696955,111449200,0,0,
1790769335.6,0.9978256826927203,37.0,189.0,867.0,416696955,111449200,0,0,
1790769337.7,0.9729283190524554,35.0,188.0,867.0,416759756,111449200,62801,0,0.0
1790769339.7,0.9510492511479537,34.0,187.0,867.0,416874284,111449200,114528,0,0.0
1790769341.8,0.9766761554636875,34.0,187.0,867.0,416874284,111449200,0,0,
1790769343.8,0.987669332112664,34.0,187.0,867.0,416874284,111449200,0,0,
1790769345.9,0.9953867280815941,34.0,187.0,867.0,416874284,111449200,0,0,
1790769347.9,0.9447480223725807,32.0,185.0,867.0,416959047,111449200,84763,0,0.0
1790769350.0,0.9740655442230391,33.0,184.0,867.0,417023715,111449200,64668,0,0.0
1790769352.0,0.9828700988456092,33.0,184.0,867.0,417023715,111449200,0,0,
1790769354.1,0.9793654426595334,33.0,183.0,867.0,417118102,111449200,94387,0,0.0
1790769356.1,0.9939991703262906,33.0,183.0,867.0,417118102,111449200,0,0,
1790769358.2,0.9965954768478121,33.0,183.0,867.0,417118102,111449200,0,0,
1790769360.3,0.9675855064585807,33.0,182.0,867.0,417195226,111449200,77124,0,0.0
1790769362.3,0.9803739253579756,33.0,182.0,867.0,417195226,111449200,0,0,
1790769364.4,0.9650678758922568,33.0,181.0,867.0,417294540,111449200,99314,0,0.0
1790769366.4,0.9797087559185775,33.0,181.0,867.0,417294540,111449200,0,0,
1790769368.5,0.0,0.0,0.0,867.0,417501742,111449200,207202,0,0.0
1790769370.5,0.0,0.0,0.0,867.0,417501742,111449200,0,0,
1790769372.6,0.0,0.0,0.0,867.0,417501742,111449200,0,0,
1790769374.6,0.0,0.0,0.0,867.0,417501742,111449200,0,0,
1790769376.7,0.0,0.0,0.0,867.0,417501742,111449200,0,0,
1790769378.7,0.0,0.0,0.0,867.0,417501742,111449200,0,0,
1790769380.8,0.0,0.0,0.0,867.0,417501742,111449200,0,0,
1790769382.8,0.0,0.0,0.0,867.0,417501742,111449200,0,0,
1790769384.9,0.0,0.0,0.0,867.0,417501742,111449200,0,0,
1790769386.9,0.0,0.0,0.0,867.0,417501742,111449200,0,0,
1790769389.0,0.0,0.0,0.0,867.0,417501742,111449200,0,0,
1790769391.0,0.0,0.0,0.0,867.0,417501742,111449200,0,0,
1790769393.1,0.0,0.0,0.0,867.0,417501742,111449200,0,0,
1790769395.1,0.0,0.0,0.0,867.0,417501742,111449200,0,0,
1790769397.2,0.0,0.0,0.0,867.0,417501742,111449200,0,0,
1790769399.2,0.0,0.0,0.0,867.0,417501742,111449200,0,0,
1790769401.3,0.0,0.0,0.0,867.0,417501742,111449200,0,0,
1790769403.3,0.0,0.0,0.0,867.0,417501742,111449200,0,0,
1790769405.4,0.0,0.0,0.0,867.0,417501742,111449200,0,0,
1790769407.5,0.0,0.0,0.0,867.0,417501742,111449200,0,0,
1790769409.5,0.0,0.0,0.0,867.0,417501742,111449200,0,0,
1790769411.6,0.0,0.0,0.0,867.0,417501742,111449200,0,0,
1790769413.6,0.0,0.0,0.0,867.0,417501742,111449200,0,0,
1790769415.7,0.0,0.0,0.0,867.0,417501742,111449200,0,0,
1790769417.7,0.0,0.0,0.0,867.0,417501742,111449200,0,0,
1790769419.8,0.0,0.0,0.0,867.0,417501742,111449200,0,0,
1790769421.8,0.0,0.0,0.0,867.0,417501742,111449200,0,0,
1790769423.9,0.0,0.0,0.0,867.0,417501742,111449200,0,0,
1790769425.9,0.0,0.0,0.0,867.0,417501742,111449200,0,0,
1790769428.0,0.0,0.0,0.0,867.0,417501742,111449200,0,0,
1790769430.0,0.0,0.0,0.0,867.0,417501742,111449200,0,0,
1790769432.1,0.0,0.0,0.0,867.0,417501742,111449200,0,0,
1790769434.1,0.0,0.0,0.0,867.0,417501742,111449200,0,0,
1790769436.2,0.0,0.0,0.0,867.0,417501742,111449200,0,0,
1790769438.2,0.0,0.0,0.0,867.0,417501742,111449200,0,0,
1790769440.3,0.0,0.0,0.0,867.0,417501742,111449200,0,0,
1790769442.3,0.0,0.0,0.0,867.0,417501742,111449200,0,0,
1790769444.4,0.0,0.0,0.0,867.0,417501742,111449200,0,0,
1790769446.4,0.0,0.0,0.0,867.0,417501742,111449200,0,0,
1790769448.5,0.0,0.0,0.0,867.0,417501742,111449200,0,0,
1790769450.5,0.0,0.0,0.0,867.0,417501742,111449200,0,0,
1790769450.6,0.0,0.0,0.0,867.0,417501742,111449200,0,0,
