ts,programs_running,programs_idle,programs_marked,programs_paused,holds_reasoning,holds_paused,holds_new,releases_reasoning,releases_paused,releases_new,pauses_total,resumes_total,rebinds_total,starvation_promotions_total,origin_waits_total,urgent_promotions_total,pod_utilization,fc_queue_size,fc_queue_wait_sum,fc_queue_wait_count
1789996771.3,0.0,0.0,0.0,0.0,,,,,,,0.0,0.0,0.0,0.0,0.0,0.0,0.0,,,
1789996773.4,0.0,0.0,0.0,0.0,,,,,,,0.0,0.0,0.0,0.0,0.0,0.0,0.0,,,
1789996775.5,0.0,0.0,0.0,0.0,,,,,,,0.0,0.0,0.0,0.0,0.0,0.0,0.0,,,
1789996777.6,0.0,0.0,0.0,0.0,,,,,,,0.0,0.0,0.0,0.0,0.0,0.0,0.0,,,
1789996779.6,0.0,0.0,0.0,0.0,,,,,,,0.0,0.0,0.0,0.0,0.0,0.0,0.0,,,
1789996781.7,0.0,0.0,0.0,0.0,,,,,,,0.0,0.0,0.0,0.0,0.0,0.0,0.0,,,
1789996783.8,0.0,0.0,0.0,0.0,,,,,,,0.0,0.0,0.0,0.0,0.0,0.0,0.0,,,
1789996785.9,0.0,0.0,0.0,0.0,,,,,,,0.0,0.0,0.0,0.0,0.0,0.0,0.0,,,
1789996787.9,0.0,0.0,0.0,0.0,,,,,,,0.0,0.0,0.0,0.0,0.0,0.0,0.0,,,
1789996790.0,0.0,0.0,0.0,0.0,,,,,,,0.0,0.0,0.0,0.0,0.0,0.0,0.0,,,
1789996792.1,0.0,0.0,0.0,0.0,,,,,,,0.0,0.0,0.0,0.0,0.0,0.0,0.0,,,
1789996794.1,0.0,0.0,0.0,0.0,,,,,,,0.0,0.0,0.0,0.0,0.0,0.0,0.0,,,
1789996796.2,0.0,0.0,0.0,0.0,,,,,,,0.0,0.0,0.0,0.0,0.0,0.0,0.0,,,
1789996798.3,0.0,0.0,0.0,0.0,,,,,,,0.0,0.0,0.0,0.0,0.0,0.0,0.0,,,
1789996800.3,0.0,0.0,0.0,0.0,,,,,,,0.0,0.0,0.0,0.0,0.0,0.0,0.0,,,
1789996802.4,0.0,0.0,0.0,0.0,,,,,,,0.0,0.0,0.0,0.0,0.0,0.0,0.0,,,
1789996804.5,0.0,0.0,0.0,0.0,,,,,,,0.0,0.0,0.0,0.0,0.0,0.0,0.0,,,
1789996806.5,0.0,0.0,0.0,0.0,,,,,,,0.0,0.0,0.0,0.0,0.0,0.0,0.0,,,
1789996808.6,0.0,0.0,0.0,0.0,,,,,,,0.0,0.0,0.0,0.0,0.0,0.0,0.0,,,
1789996810.7,0.0,0.0,0.0,0.0,,,,,,,0.0,0.0,0.0,0.0,0.0,0.0,0.0,,,
1789996812.7,0.0,0.0,0.0,0.0,,,,,,,0.0,0.0,0.0,0.0,0.0,0.0,0.0,,,
1789996814.8,0.0,0.0,0.0,0.0,,,,,,,0.0,0.0,0.0,0.0,0.0,0.0,0.0,,,
1789996816.9,0.0,0.0,0.0,0.0,,,,,,,0.0,0.0,0.0,0.0,0.0,0.0,0.0,,,
1789996818.9,0.0,0.0,0.0,0.0,,,,,,,0.0,0.0,0.0,0.0,0.0,0.0,0.0,,,
1789996821.0,0.0,0.0,0.0,0.0,,,,,,,0.0,0.0,0.0,0.0,0.0,0.0,0.0,,,
1789996823.1,0.0,0.0,0.0,0.0,,,,,,,0.0,0.0,0.0,0.0,0.0,0.0,0.0,,,
1789996825.2,0.0,0.0,0.0,0.0,,,,,,,0.0,0.0,0.0,0.0,0.0,0.0,0.0,,,
1789996827.2,0.0,0.0,0.0,0.0,,,,,,,0.0,0.0,0.0,0.0,0.0,0.0,0.0,,,
1789996829.3,0.0,0.0,0.0,0.0,,,,,,,0.0,0.0,0.0,0.0,0.0,0.0,0.0,,,
1789996831.4,0.0,0.0,0.0,0.0,,,,,,,0.0,0.0,0.0,0.0,0.0,0.0,0.0,,,
1789996833.4,0.0,0.0,0.0,0.0,,,,,,,0.0,0.0,0.0,0.0,0.0,0.0,0.0,,,
1789996835.5,0.0,0.0,0.0,0.0,,,,,,,0.0,0.0,0.0,0.0,0.0,0.0,0.0,,,
1789996837.6,0.0,0.0,0.0,0.0,,,,,,,0.0,0.0,0.0,0.0,0.0,0.0,0.0,,,
1789996839.7,0.0,0.0,0.0,0.0,,,,,,,0.0,0.0,0.0,0.0,0.0,0.0,0.0,,,
1789996841.7,0.0,0.0,0.0,0.0,,,,,,,0.0,0.0,0.0,0.0,0.0,0.0,0.0,,,
1789996843.8,0.0,0.0,0.0,0.0,,,,,,,0.0,0.0,0.0,0.0,0.0,0.0,0.0,,,
1789996845.9,0.0,0.0,0.0,0.0,,,,,,,0.0,0.0,0.0,0.0,0.0,0.0,0.0,,,
1789996847.9,0.0,0.0,0.0,0.0,,,,,,,0.0,0.0,0.0,0.0,0.0,0.0,0.0,,,
1789996850.0,0.0,0.0,0.0,0.0,,,,,,,0.0,0.0,0.0,0.0,0.0,0.0,0.0,,,
1789996852.1,0.0,0.0,0.0,0.0,,,,,,,0.0,0.0,0.0,0.0,0.0,0.0,0.0,,,
1789996854.1,0.0,0.0,0.0,0.0,,,,,,,0.0,0.0,0.0,0.0,0.0,0.0,0.0,,,
1789996856.2,0.0,0.0,0.0,0.0,,,,,,,0.0,0.0,0.0,0.0,0.0,0.0,0.0,,,
1789996858.3,0.0,0.0,0.0,0.0,,,,,,,0.0,0.0,0.0,0.0,0.0,0.0,0.0,,,
1789996860.3,0.0,0.0,0.0,0.0,,,,,,,0.0,0.0,0.0,0.0,0.0,0.0,0.0,,,
1789996862.4,0.0,0.0,0.0,0.0,,,,,,,0.0,0.0,0.0,0.0,0.0,0.0,0.0,,,
1789996864.5,0.0,0.0,0.0,0.0,,,,,,,0.0,0.0,0.0,0.0,0.0,0.0,0.0,,,
1789996866.5,0.0,0.0,0.0,0.0,,,,,,,0.0,0.0,0.0,0.0,0.0,0.0,0.0,,,
1789996868.6,0.0,0.0,0.0,0.0,,,,,,,0.0,0.0,0.0,0.0,0.0,0.0,0.0,,,
1789996870.7,0.0,0.0,0.0,0.0,,,,,,,0.0,0.0,0.0,0.0,0.0,0.0,0.0,,,
1789996872.7,0.0,0.0,0.0,0.0,,,,,,,0.0,0.0,0.0,0.0,0.0,0.0,0.0,,,
1789996874.8,0.0,0.0,0.0,0.0,,,,,,,0.0,0.0,0.0,0.0,0.0,0.0,0.0,,,
1789996876.9,0.0,0.0,0.0,0.0,,,,,,,0.0,0.0,0.0,0.0,0.0,0.0,0.0,,,
1789996879.0,0.0,0.0,0.0,0.0,,,,,,,0.0,0.0,0.0,0.0,0.0,0.0,0.0,,,
1789996881.0,0.0,0.0,0.0,0.0,,,,,,,0.0,0.0,0.0,0.0,0.0,0.0,0.0,,,
1789996883.1,0.0,0.0,0.0,0.0,,,,,,,0.0,0.0,0.0,0.0,0.0,0.0,0.0,,,
1789996885.2,0.0,0.0,0.0,0.0,,,,,,,0.0,0.0,0.0,0.0,0.0,0.0,0.0,,,
1789996887.2,0.0,0.0,0.0,0.0,,,,,,,0.0,0.0,0.0,0.0,0.0,0.0,0.0,,,
1789996889.3,0.0,0.0,0.0,0.0,,,,,,,0.0,0.0,0.0,0.0,0.0,0.0,0.0,,,
1789996891.4,0.0,0.0,0.0,0.0,,,,,,,0.0,0.0,0.0,0.0,0.0,0.0,0.0,,,
1789996893.4,0.0,0.0,0.0,0.0,,,,,,,0.0,0.0,0.0,0.0,0.0,0.0,0.0,,,
1789996895.5,0.0,0.0,0.0,0.0,,,,,,,0.0,0.0,0.0,0.0,0.0,0.0,0.0,,,
1789996897.6,0.0,0.0,0.0,0.0,,,,,,,0.0,0.0,0.0,0.0,0.0,0.0,0.0,,,
1789996899.6,0.0,0.0,0.0,0.0,,,,,,,0.0,0.0,0.0,0.0,0.0,0.0,0.0,,,
1789996901.7,0.0,0.0,0.0,0.0,,,,,,,0.0,0.0,0.0,0.0,0.0,0.0,0.0,,,
1789996903.8,0.0,0.0,0.0,0.0,,,,,,,0.0,0.0,0.0,0.0,0.0,0.0,0.0,,,
1789996905.9,0.0,0.0,0.0,0.0,,,,,,,0.0,0.0,0.0,0.0,0.0,0.0,0.0,,,
1789996907.9,0.0,0.0,0.0,0.0,,,,,,,0.0,0.0,0.0,0.0,0.0,0.0,0.0,,,
1789996910.0,18.0,0.0,0.0,0.0,,,,12.0,,18.0,0.0,0.0,0.0,0.0,0.0,0.0,0.04074535993992061,,0.010872966,60.0
1789996912.6,37.0,0.0,0.0,0.0,,,,13.0,,37.0,0.0,0.0,0.0,0.0,0.0,0.0,0.06423085863462433,,0.018057406,100.0
1789996915.4,51.0,0.0,0.0,0.0,,,,39.0,,51.0,0.0,0.0,0.0,0.0,0.0,0.0,0.40011398991524516,,0.032548584,180.0
1789996918.8,63.0,0.0,0.0,0.0,,,,47.0,,63.0,0.0,0.0,0.0,0.0,0.0,0.0,0.400131870686264,,0.040039028,220.0
1789996922.5,76.0,0.0,0.0,0.0,,,,48.0,,76.0,0.0,0.0,0.0,0.0,0.0,0.0,0.4001676322283017,,0.046769948,248.0
1789996926.8,98.0,3.0,0.0,0.0,,,,63.0,,101.0,0.0,0.0,0.0,0.0,0.0,0.0,0.40018551299932054,,0.066312972,328.0
1789996931.5,119.0,2.0,0.0,0.0,,,,81.0,,121.0,0.0,0.0,0.0,0.0,0.0,0.0,0.4002570360833959,,0.085930908,403.0
1789996936.1,126.0,0.0,0.0,0.0,,,,103.0,,126.0,0.0,0.0,0.0,0.0,0.0,0.0,0.41703366949182846,,0.099448198,458.0
1789996940.7,128.0,0.0,0.0,0.0,,,,110.0,,128.0,0.0,0.0,0.0,0.0,0.0,0.0,0.4381727640095841,,0.10422677600000001,476.0
1789996945.3,124.0,4.0,0.0,0.0,,,,116.0,,128.0,0.0,0.0,0.0,0.0,0.0,0.0,0.4768810571111826,,0.10685897800000001,488.0
1789996950.1,120.0,8.0,0.0,0.0,,,,130.0,,128.0,0.0,0.0,0.0,0.0,0.0,0.0,0.48956344097557486,,0.113025376,516.0
1789996955.0,120.0,8.0,0.0,0.0,,,,145.0,,128.0,0.0,0.0,0.0,0.0,0.0,0.0,0.5051939169616994,,0.123587316,546.0
1789996959.8,122.0,6.0,0.0,0.0,,,,164.0,,128.0,0.0,0.0,0.0,0.0,0.0,0.0,0.5135960912634553,,0.13424347,584.0
1789996964.7,120.0,8.0,0.0,0.0,,,,177.0,,128.0,0.0,0.0,0.0,0.0,0.0,0.0,0.5200613310445946,,0.14093855,609.0
1789996969.5,120.0,8.0,0.0,0.0,,,,193.0,,128.0,0.0,0.0,0.0,0.0,0.0,0.0,0.5170363516074813,,0.15073563,642.0
1789996974.4,117.0,11.0,0.0,0.0,,,,220.0,,128.0,0.0,0.0,0.0,0.0,0.0,0.0,0.5262659585881343,,0.16294109,696.0
1789996979.3,110.0,18.0,0.0,0.0,,,,248.0,,128.0,0.0,0.0,0.0,0.0,0.0,0.0,0.5476862282301613,,0.179392772,752.0
1789996984.3,121.0,7.0,0.0,0.0,,,,280.0,,128.0,0.0,0.0,0.0,0.0,0.0,0.0,0.5593641597825698,,0.197378534,816.0
1789996989.2,119.0,9.0,0.0,0.0,,,,313.0,,128.0,0.0,0.0,0.0,0.0,0.0,0.0,0.5673135035582735,,0.211607754,880.0
1789996994.5,119.0,9.0,0.0,0.0,,,,339.0,,128.0,0.0,0.0,0.0,0.0,0.0,0.0,0.5762641705110324,,0.22553165,934.0
1789996999.6,121.0,7.0,0.0,0.0,,,,373.0,,128.0,0.0,0.0,0.0,0.0,0.0,0.0,0.5744246861924687,,0.241972892,1002.0
1789997004.7,122.0,6.0,0.0,0.0,,,,403.0,,128.0,0.0,0.0,0.0,0.0,0.0,0.0,0.5795823945928549,,0.255689072,1062.0
1789997009.9,119.0,9.0,0.0,0.0,,,,432.0,,128.0,0.0,0.0,0.0,0.0,0.0,0.0,0.5939513821835998,,0.270196698,1120.0
1789997015.0,124.0,4.0,0.0,0.0,,,,456.0,,128.0,0.0,0.0,0.0,0.0,0.0,0.0,0.6031733898365698,,0.283290118,1168.0
1789997019.9,121.0,7.0,0.0,0.0,,,,483.0,,128.0,0.0,0.0,0.0,0.0,0.0,0.0,0.6348205664628259,,0.29502511800000003,1222.0
1789997025.0,123.0,5.0,0.0,0.0,,,,511.0,,128.0,0.0,0.0,0.0,0.0,0.0,0.0,0.6452379036584057,,0.308800596,1278.0
1789997030.2,121.0,7.0,0.0,0.0,,,,534.0,,128.0,0.0,0.0,0.0,0.0,0.0,0.0,0.6801438508028467,,0.318753334,1324.0
1789997035.4,74.0,11.0,43.0,0.0,,,,561.0,,128.0,0.0,0.0,0.0,0.0,0.0,0.0,0.710243893716697,,0.33397795,1378.0
1789997040.5,88.0,5.0,31.0,4.0,,,,584.0,8.0,128.0,12.0,8.0,0.0,0.0,0.0,0.0,0.7136287236705646,,0.347648978,1440.0
1789997045.7,94.0,5.0,26.0,3.0,,1.0,,610.0,14.0,128.0,17.0,14.0,0.0,0.0,1.0,0.0,0.7246678646783249,2.0,6.3484858399999995,1504.0
1789997050.9,97.0,4.0,24.0,3.0,,2.0,,625.0,16.0,128.0,19.0,16.0,0.0,0.0,2.0,0.0,0.7310790151271322,4.0,9.352578912,1538.0
1789997056.0,100.0,3.0,22.0,3.0,,4.0,,643.0,18.0,128.0,21.0,18.0,0.0,0.0,4.0,0.0,0.733579640954118,6.0,22.225131374,1578.0
1789997061.1,101.0,5.0,20.0,2.0,,7.0,,656.0,21.0,128.0,23.0,21.0,1.0,0.0,7.0,1.0,0.7474725530164861,4.0,70.25221207,1610.0
1789997066.1,102.0,6.0,17.0,3.0,,8.0,,674.0,23.0,128.0,26.0,23.0,1.0,0.0,8.0,1.0,0.7488167399778278,4.0,76.492254634,1650.0
1789997071.2,106.0,5.0,15.0,2.0,,11.0,,695.0,26.0,128.0,28.0,26.0,1.0,0.0,11.0,1.0,0.7549940993455638,2.0,100.72234111,1698.0
1789997076.3,104.0,6.0,15.0,3.0,,11.0,,707.0,26.0,128.0,29.0,26.0,1.0,0.0,11.0,1.0,0.7580713800379072,4.0,100.727284494,1723.0
1789997081.4,104.0,7.0,14.0,3.0,,12.0,,727.0,28.0,128.0,31.0,28.0,1.0,0.0,13.0,1.0,0.7627427314665809,6.0,121.86130979800001,1766.0
1789997086.5,84.0,5.0,37.0,2.0,,14.0,,743.0,31.0,128.0,33.0,31.0,2.0,0.0,16.0,2.0,0.7423827915459714,2.0,162.25554072,1804.0
1789997091.9,90.0,2.0,33.0,3.0,,17.0,,760.0,34.0,128.0,37.0,34.0,2.0,0.0,19.0,2.0,0.7745780138039552,2.0,188.420328352,1844.0
1789997097.6,84.0,3.0,39.0,2.0,,18.0,,771.0,35.0,128.0,37.0,35.0,2.0,0.0,20.0,2.0,0.7500755462575546,4.0,194.437827338,1870.0
1789997102.7,88.0,3.0,35.0,2.0,,21.0,,795.0,39.0,128.0,41.0,39.0,2.0,0.0,23.0,2.0,0.7896519507921181,,214.42128378,1924.0
1789997107.8,87.0,9.0,29.0,3.0,,22.0,,804.0,44.0,128.0,47.0,44.0,2.0,0.0,25.0,2.0,0.7987438758359261,4.0,217.365092242,1952.0
1789997112.7,92.0,4.0,29.0,3.0,,22.0,,815.0,45.0,128.0,48.0,45.0,2.0,0.0,25.0,2.0,0.7649907914029253,4.0,217.36996474400001,1976.0
1789997117.8,86.0,2.0,37.0,3.0,,25.0,,829.0,48.0,128.0,51.0,48.0,2.0,0.0,28.0,2.0,0.7551934699424239,6.0,237.732481072,2010.0
1789997123.0,56.0,1.0,67.0,4.0,,28.0,,837.0,52.0,128.0,56.0,52.0,3.0,0.0,31.0,3.0,0.7975700032185388,2.0,286.204284336,2034.0
1789997128.0,55.0,6.0,64.0,3.0,,28.0,,843.0,56.0,128.0,59.0,56.0,3.0,0.0,32.0,3.0,0.806276150627615,6.0,286.70527687,2054.0
1789997133.2,65.0,2.0,57.0,4.0,,31.0,,857.0,62.0,128.0,66.0,62.0,3.0,0.0,36.0,3.0,0.8149147981260952,8.0,311.60583033,2094.0
1789997138.3,70.0,0.0,53.0,5.0,,35.0,,869.0,66.0,128.0,71.0,66.0,4.0,0.0,40.0,4.0,0.8177971784143332,4.0,367.471723552,2126.0
1789997143.5,75.0,0.0,50.0,3.0,,38.0,,874.0,71.0,128.0,74.0,71.0,4.0,0.0,43.0,4.0,0.8316364481636448,4.0,385.60889307,2146.0
1789997148.8,67.0,2.0,55.0,4.0,,40.0,,882.0,78.0,128.0,82.0,78.0,4.0,0.0,50.0,4.0,0.8453273075134999,2.0,414.856683936,2176.0
1789997153.9,73.0,5.0,46.0,4.0,,44.0,,890.0,87.0,128.0,91.0,87.0,4.0,0.0,56.0,4.0,0.8562841969745736,2.0,436.11887488,2210.0
1789997159.1,75.0,9.0,40.0,4.0,,45.0,,898.0,93.0,128.0,97.0,93.0,4.0,0.0,57.0,4.0,0.859618513750313,4.0,442.316335886,2238.0
1789997164.5,85.0,4.0,35.0,4.0,,48.0,,914.0,99.0,128.0,103.0,99.0,4.0,0.0,61.0,4.0,0.8646635732932804,2.0,475.170834474,2282.0
1789997169.5,93.0,0.0,31.0,4.0,,49.0,,924.0,103.0,128.0,107.0,103.0,4.0,0.0,63.0,4.0,0.90065935343132,6.0,479.698596928,2310.0
1789997174.7,71.0,4.0,48.0,5.0,,50.0,,936.0,107.0,128.0,112.0,107.0,4.0,0.0,64.0,4.0,0.9021510567535672,6.0,494.62925298199997,2342.0
1789997179.9,82.0,1.0,40.0,5.0,,53.0,,948.0,115.0,128.0,120.0,115.0,5.0,0.0,70.0,5.0,0.9672764009584093,10.0,564.785214588,2382.0
1789997185.0,73.0,5.0,45.0,5.0,,54.0,,954.0,116.0,128.0,121.0,116.0,5.0,0.0,71.0,5.0,0.9674641490541072,10.0,573.72184568,2396.0
1789997190.2,82.0,1.0,40.0,5.0,,57.0,,968.0,121.0,128.0,126.0,121.0,5.0,0.0,74.0,5.0,0.9426957050388013,8.0,621.239705456,2434.0
1789997195.4,61.0,2.0,61.0,4.0,,62.0,,976.0,126.0,128.0,130.0,126.0,6.0,0.0,79.0,6.0,0.9708476379501484,,708.99563446,2460.0
1789997200.4,52.0,4.0,68.0,4.0,,62.0,,989.0,127.0,128.0,131.0,127.0,6.0,0.0,80.0,6.0,0.973063512498659,8.0,709.103320942,2488.0
1789997205.5,57.0,6.0,60.0,5.0,,68.0,,995.0,134.0,128.0,139.0,134.0,6.0,0.0,86.0,6.0,0.9752382612738262,6.0,758.747994784,2514.0
1789997210.9,53.0,3.0,67.0,5.0,,69.0,,1005.0,137.0,128.0,142.0,137.0,6.0,0.0,89.0,6.0,0.9771117190573257,10.0,762.778246302,2540.0
1789997216.6,66.0,2.0,56.0,4.0,,77.0,,1015.0,149.0,128.0,153.0,149.0,7.0,0.0,99.0,7.0,0.9828416121303151,4.0,867.782997772,2584.0
1789997221.9,61.0,3.0,60.0,4.0,,79.0,,1021.0,151.0,128.0,155.0,151.0,7.0,0.0,101.0,7.0,0.9888812895612059,4.0,882.177831312,2600.0
1789997226.9,66.0,1.0,55.0,6.0,,80.0,,1030.0,154.0,128.0,160.0,154.0,7.0,0.0,103.0,7.0,1.019165951435826,10.0,886.420751794,2624.0
1789997232.1,69.0,3.0,50.0,6.0,,86.0,,1035.0,160.0,128.0,166.0,160.0,7.0,0.0,109.0,7.0,0.9899134570682688,8.0,947.26520433,2646.0
1789997237.1,60.0,2.0,59.0,7.0,,88.0,,1038.0,163.0,128.0,170.0,163.0,8.0,0.0,111.0,8.0,1.0201444766298322,14.0,980.281834242,2658.0
1789997242.6,59.0,2.0,60.0,7.0,,93.0,,1043.0,173.0,128.0,180.0,173.0,8.0,0.0,116.0,8.0,1.0220286628759432,14.0,1034.37571033,2684.0
1789997247.9,10.0,0.0,111.0,7.0,,98.0,,1045.0,178.0,128.0,185.0,178.0,9.0,0.0,121.0,9.0,0.9871839573722418,10.0,1103.525606658,2698.0
1789997253.0,17.0,2.0,103.0,6.0,,102.0,,1047.0,187.0,128.0,193.0,187.0,10.0,0.0,125.0,10.0,1.0264501305296285,6.0,1175.117222718,2720.0
1789997258.1,20.0,2.0,98.0,8.0,,105.0,,1051.0,193.0,128.0,201.0,193.0,10.0,0.0,128.0,11.0,0.9816069448914637,4.0,1219.052111746,2740.0
1789997263.3,24.0,1.0,96.0,7.0,,110.0,,1053.0,205.0,128.0,212.0,205.0,10.0,0.0,133.0,11.0,1.0117896863712763,12.0,1248.841575904,2768.0
1789997268.3,22.0,1.0,99.0,6.0,,113.0,,1055.0,212.0,128.0,218.0,212.0,10.0,0.0,136.0,11.0,0.998426045131066,10.0,1282.035783156,2786.0
1789997273.7,31.0,2.0,86.0,9.0,,121.0,,1058.0,224.0,128.0,233.0,224.0,10.0,0.0,142.0,12.0,0.9992163752100991,8.0,1385.03451462,2816.0
1789997278.9,21.0,0.0,101.0,6.0,,126.0,,1069.0,235.0,128.0,241.0,235.0,10.0,0.0,147.0,12.0,1.0289467331831348,8.0,1411.166666372,2860.0
1789997284.0,29.0,0.0,92.0,7.0,,128.0,,1072.0,244.0,128.0,251.0,244.0,10.0,0.0,150.0,12.0,1.0091343918749776,14.0,1430.153849652,2884.0
1789997289.0,26.0,0.0,95.0,7.0,,131.0,,1075.0,250.0,128.0,257.0,250.0,10.0,0.0,154.0,12.0,0.9998860100847549,8.0,1472.569736878,2902.0
1789997294.2,33.0,0.0,87.0,8.0,,133.0,,1079.0,260.0,128.0,268.0,260.0,11.0,0.0,156.0,13.0,0.9929697278546651,10.0,1530.869801962,2930.0
1789997299.3,38.0,0.0,82.0,8.0,,138.0,,1080.0,266.0,128.0,274.0,266.0,11.0,0.0,160.0,13.0,0.9972463612630976,12.0,1550.99924785,2944.0
1789997304.5,45.0,2.0,74.0,7.0,,144.0,,1083.0,276.0,128.0,283.0,276.0,13.0,0.0,168.0,15.0,0.9825063476737117,10.0,1682.919505796,2970.0
1789997309.7,29.0,0.0,91.0,8.0,,150.0,,1090.0,283.0,128.0,291.0,283.0,13.0,0.0,174.0,15.0,0.9389304616815077,8.0,1733.249945812,2998.0
1789997315.5,40.0,2.0,78.0,9.0,,153.0,,1092.0,295.0,129.0,304.0,295.0,13.0,0.0,177.0,15.0,0.9632867539248292,14.0,1755.928346488,3028.0
1789997320.9,26.0,3.0,91.0,9.0,,159.0,,1098.0,302.0,129.0,311.0,302.0,13.0,0.0,182.0,15.0,1.0142925472946394,8.0,1825.706282698,3054.0
1789997325.9,24.0,0.0,94.0,11.0,,162.0,,1100.0,306.0,129.0,317.0,306.0,13.0,0.0,184.0,16.0,0.9849291921467653,14.0,1868.483354038,3066.0
1789997330.9,12.0,1.0,103.0,13.0,,168.0,,1103.0,317.0,129.0,330.0,317.0,13.0,0.0,190.0,17.0,1.0094973715266602,16.0,1928.37003826,3094.0
1789997336.2,22.0,2.0,91.0,14.0,,172.0,,1105.0,329.0,129.0,343.0,329.0,14.0,0.0,198.0,18.0,0.9714327861817401,14.0,1987.35391109,3122.0
1789997342.3,33.0,3.0,83.0,10.0,,178.0,,1107.0,341.0,129.0,351.0,341.0,15.0,0.0,205.0,19.0,1.0248390730608303,16.0,2088.415351148,3150.0
1789997347.9,13.0,0.0,104.0,12.0,,181.0,,1111.0,346.0,129.0,358.0,346.0,16.0,0.0,207.0,20.0,0.9979387941208024,16.0,2141.953162646,3168.0
1789997352.9,17.0,0.0,98.0,14.0,,185.0,,1114.0,350.0,129.0,364.0,350.0,17.0,0.0,211.0,21.0,0.9882094195901727,18.0,2209.379058524,3182.0
1789997358.0,26.0,0.0,90.0,13.0,,192.0,,1116.0,359.0,129.0,372.0,359.0,18.0,0.0,218.0,23.0,0.9932388334584987,20.0,2352.998979712,3204.0
1789997363.0,31.0,0.0,84.0,14.0,,195.0,,1118.0,364.0,129.0,378.0,364.0,18.0,0.0,221.0,24.0,0.993623270035404,18.0,2409.58464058,3218.0
1789997368.4,38.0,1.0,77.0,13.0,1.0,199.0,,1123.0,372.0,129.0,385.0,372.0,19.0,0.0,226.0,25.0,0.9988936272932089,18.0,2497.9539779,3244.0
1789997373.4,19.0,1.0,94.0,15.0,1.0,205.0,,1124.0,379.0,129.0,394.0,379.0,21.0,0.0,232.0,28.0,0.9906121481958302,24.0,2652.703903982,3260.0
1789997378.5,23.0,0.0,91.0,15.0,1.0,209.0,,1126.0,383.0,129.0,398.0,383.0,22.0,0.0,236.0,29.0,1.0234054822443943,28.0,2713.879013394,3272.0
1789997383.6,6.0,0.0,107.0,16.0,1.0,212.0,,1128.0,386.0,129.0,402.0,386.0,23.0,0.0,239.0,31.0,0.9876609269391696,28.0,2797.626072604,3282.0
1789997388.8,16.0,0.0,97.0,16.0,1.0,220.0,,1129.0,396.0,129.0,412.0,396.0,26.0,0.0,247.0,36.0,0.9820745270536065,28.0,3007.263649294,3304.0
1789997393.7,23.0,0.0,89.0,17.0,1.0,226.0,,1129.0,403.0,129.0,420.0,403.0,27.0,0.0,254.0,38.0,0.9996879805457212,28.0,3124.1519510919998,3318.0
1789997398.8,22.0,1.0,89.0,17.0,1.0,233.0,,1133.0,411.0,129.0,428.0,411.0,28.0,0.0,260.0,40.0,0.9966276865858456,22.0,3247.108801812,3342.0
1789997404.1,29.0,0.0,82.0,18.0,1.0,237.0,,1137.0,418.0,129.0,436.0,418.0,28.0,0.0,265.0,41.0,0.9964488788756571,21.0,3329.222132288,3364.0
1789997409.4,22.0,0.0,89.0,18.0,1.0,242.0,,1140.0,424.0,129.0,442.0,424.0,30.0,0.0,270.0,44.0,0.9868844544576763,32.0,3467.957224362,3382.0
1789997414.4,24.0,0.0,88.0,17.0,1.0,245.0,,1143.0,427.0,129.0,444.0,427.0,31.0,0.0,273.0,45.0,0.9870006794692987,32.0,3520.86891991,3394.0
1789997419.4,33.0,0.0,79.0,17.0,1.0,253.0,,1144.0,436.0,129.0,453.0,436.0,32.0,0.0,282.0,48.0,0.9913568823087652,30.0,3737.405181614,3414.0
1789997424.6,39.0,0.0,74.0,16.0,1.0,256.0,,1145.0,442.0,129.0,458.0,442.0,33.0,0.0,286.0,50.0,0.9810740979151021,26.0,3865.181905614,3428.0
1789997429.8,31.0,0.0,82.0,16.0,1.0,261.0,,1147.0,447.0,129.0,463.0,447.0,35.0,0.0,291.0,55.0,0.9909527768837392,24.0,4045.487649656,3442.0
1789997434.9,33.0,1.0,84.0,11.0,1.0,270.0,,1150.0,459.0,129.0,470.0,459.0,37.0,0.0,300.0,57.0,1.0259874655795158,16.0,4257.180666068,3472.0
1789997440.0,33.0,1.0,83.0,12.0,1.0,271.0,,1153.0,461.0,129.0,473.0,461.0,37.0,0.0,301.0,57.0,0.9948096591925044,16.0,4270.546875776,3482.0
1789997445.1,18.0,0.0,97.0,14.0,1.0,273.0,,1156.0,463.0,129.0,477.0,463.0,38.0,0.0,303.0,59.0,0.9897824804205557,20.0,4346.525762798,3492.0
1789997450.3,5.0,0.0,107.0,17.0,1.0,279.0,,1158.0,469.0,129.0,486.0,469.0,41.0,0.0,309.0,62.0,0.978829167113686,26.0,4495.784948352,3508.0
1789997455.4,13.0,0.0,100.0,16.0,1.0,286.0,,1159.0,477.0,129.0,493.0,477.0,43.0,0.0,317.0,64.0,0.9800906555090656,26.0,4629.582370056,3526.0
1789997460.5,20.0,1.0,92.0,16.0,1.0,292.0,,1159.0,485.0,129.0,501.0,485.0,44.0,0.0,323.0,66.0,0.9769767192361335,24.0,4731.8995578779995,3542.0
1789997465.8,28.0,1.0,84.0,16.0,1.0,297.0,,1161.0,494.0,129.0,510.0,494.0,47.0,0.0,328.0,69.0,0.9642719844079677,24.0,4861.637467928,3564.0
1789997470.8,26.0,0.0,87.0,16.0,1.0,301.0,,1166.0,500.0,129.0,516.0,500.0,47.0,0.0,332.0,69.0,0.9836368594213782,24.0,4899.144410814,3586.0
1789997476.2,13.0,0.0,100.0,16.0,1.0,307.0,,1169.0,507.0,129.0,523.0,507.0,50.0,0.0,338.0,73.0,1.0298792153917677,24.0,5054.37034069,3606.0
1789997481.3,16.0,1.0,94.0,18.0,1.0,311.0,,1171.0,512.0,129.0,530.0,512.0,50.0,0.0,341.0,74.0,0.9849291921467653,28.0,5193.59636604,3620.0
1789997486.2,6.0,0.0,106.0,17.0,1.0,314.0,,1174.0,515.0,129.0,532.0,515.0,51.0,0.0,344.0,75.0,1.0163331902871653,32.0,5251.187851356,3632.0
1789997491.2,12.0,0.0,98.0,19.0,1.0,320.0,,1175.0,521.0,129.0,540.0,521.0,54.0,0.0,350.0,78.0,1.0269539212530845,34.0,5446.388144568,3646.0
1789997496.2,11.0,0.0,99.0,19.0,1.0,325.0,,1176.0,526.0,129.0,545.0,526.0,58.0,0.0,355.0,82.0,0.9800933376247184,34.0,5582.757490892,3658.0
1789997501.2,14.0,0.0,97.0,18.0,1.0,328.0,,1178.0,529.0,129.0,547.0,529.0,60.0,0.0,358.0,84.0,1.0200416621964739,34.0,5658.655505904,3668.0
1789997506.5,15.0,1.0,93.0,20.0,1.0,332.0,,1179.0,533.0,129.0,553.0,533.0,62.0,0.0,362.0,87.0,1.0014277795658548,34.0,5796.255255384,3678.0
1789997511.5,15.0,0.0,95.0,19.0,1.0,340.0,,1181.0,542.0,129.0,561.0,542.0,66.0,0.0,370.0,92.0,0.9978860458462969,34.0,6016.659200758,3700.0
1789997516.8,16.0,0.0,94.0,19.0,1.0,345.0,,1181.0,547.0,129.0,566.0,547.0,69.0,0.0,375.0,96.0,0.9793834710152701,34.0,6183.358578162,3710.0
1789997522.1,24.0,0.0,86.0,19.0,1.0,351.0,,1184.0,555.0,129.0,574.0,555.0,71.0,0.0,381.0,99.0,0.9925468476200694,32.0,6346.480958466,3732.0
1789997527.2,32.0,0.0,79.0,18.0,1.0,359.0,,1184.0,563.0,129.0,581.0,563.0,74.0,0.0,387.0,104.0,0.9877092050209205,30.0,6728.331278636,3748.0
1789997532.2,37.0,0.0,75.0,17.0,1.0,361.0,,1184.0,568.0,129.0,585.0,568.0,75.0,0.0,389.0,106.0,0.9949223080499231,32.0,6801.425343186,3758.0
1789997537.2,37.0,2.0,74.0,16.0,1.0,363.0,,1186.0,570.0,129.0,586.0,570.0,76.0,0.0,391.0,107.0,1.028485856310124,28.0,6840.74476754,3766.0
1789997542.4,19.0,0.0,93.0,17.0,1.0,370.0,,1190.0,577.0,129.0,594.0,577.0,81.0,0.0,398.0,113.0,0.9989593391267031,28.0,7065.558334162,3722.0
1789997547.4,22.0,0.0,89.0,18.0,1.0,372.0,,1190.0,580.0,129.0,598.0,580.0,83.0,0.0,400.0,115.0,0.9990679648106426,30.0,7149.87479146,3728.0
1789997552.5,26.0,1.0,85.0,17.0,1.0,375.0,,1191.0,585.0,129.0,602.0,585.0,84.0,0.0,403.0,116.0,0.9911087866108786,32.0,7240.52533386,3740.0
1789997557.6,32.0,1.0,78.0,18.0,2.0,380.0,,1194.0,592.0,129.0,610.0,592.0,84.0,0.0,408.0,117.0,0.9920511032435718,32.0,7378.83810399,3760.0
1789997562.6,27.0,0.0,84.0,18.0,2.0,383.0,,1195.0,596.0,129.0,614.0,596.0,84.0,0.0,412.0,119.0,0.9706800057218468,30.0,7453.668411108,3770.0
1789997567.8,33.0,1.0,78.0,17.0,2.0,389.0,,1199.0,604.0,129.0,621.0,604.0,88.0,0.0,419.0,124.0,0.9819936165647463,28.0,7709.030935262,3794.0
1789997572.9,38.0,1.0,74.0,16.0,2.0,394.0,,1201.0,610.0,129.0,626.0,610.0,91.0,0.0,425.0,128.0,0.9820561992633122,28.0,7910.705992112,3810.0
1789997578.3,23.0,0.0,89.0,17.0,2.0,395.0,,1204.0,613.0,129.0,630.0,613.0,91.0,0.0,426.0,128.0,0.9821545435039158,30.0,7927.777102014,3822.0
1789997583.6,25.0,1.0,85.0,18.0,2.0,398.0,,1206.0,616.0,129.0,634.0,616.0,93.0,0.0,429.0,130.0,0.9822712155348139,34.0,8045.198020842,3832.0
1789997589.1,30.0,0.0,81.0,18.0,2.0,403.0,,1208.0,621.0,129.0,639.0,621.0,95.0,0.0,433.0,133.0,0.9930725422880234,32.0,8298.690666324,3846.0
1789997594.4,33.0,1.0,76.0,19.0,2.0,407.0,,1208.0,625.0,129.0,644.0,625.0,97.0,0.0,437.0,135.0,0.9969839609483961,34.0,8415.978043836,3854.0
1789997599.4,38.0,2.0,70.0,19.0,2.0,412.0,,1212.0,631.0,129.0,650.0,631.0,100.0,0.0,442.0,139.0,1.0128053141651467,36.0,8587.46141674,3874.0
1789997604.4,42.0,0.0,66.0,21.0,2.0,417.0,,1213.0,636.0,129.0,657.0,636.0,103.0,0.0,447.0,143.0,0.968645173979902,34.0,8752.266557769999,3886.0
1789997609.4,36.0,0.0,74.0,19.0,2.0,425.0,,1216.0,644.0,129.0,663.0,644.0,108.0,0.0,455.0,148.0,1.013561670779244,32.0,9019.66164517,3908.0
1789997614.3,42.0,0.0,69.0,18.0,2.0,431.0,,1217.0,650.0,129.0,668.0,650.0,111.0,0.0,458.0,152.0,0.9953469763616207,32.0,9282.836013724,3922.0
1789997619.2,31.0,0.0,80.0,18.0,2.0,434.0,,1218.0,653.0,129.0,671.0,653.0,111.0,0.0,461.0,153.0,0.9877999499338411,32.0,9334.407823594,3930.0
1789997624.2,26.0,0.0,86.0,17.0,2.0,442.0,,1220.0,663.0,129.0,680.0,663.0,116.0,0.0,469.0,159.0,0.9864803490326502,28.0,9569.345002877999,3954.0
1789997629.2,11.0,0.0,102.0,16.0,2.0,445.0,,1222.0,666.0,129.0,682.0,666.0,118.0,0.0,472.0,161.0,0.9866233952008011,26.0,9658.201905599999,3964.0
1789997634.2,16.0,0.0,97.0,16.0,2.0,449.0,,1225.0,673.0,129.0,689.0,673.0,122.0,0.0,476.0,165.0,0.9743616564746271,30.0,9825.399498858,3984.0
1789997639.2,21.0,1.0,90.0,17.0,2.0,454.0,,1225.0,680.0,129.0,697.0,679.0,125.0,0.0,481.0,169.0,0.9960403032578765,32.0,9971.182715852,3996.0
1789997644.2,22.0,0.0,91.0,16.0,2.0,457.0,,1227.0,684.0,129.0,700.0,684.0,127.0,0.0,483.0,171.0,0.9965651038872796,26.0,10049.297052846,4010.0
1789997649.2,26.0,0.0,87.0,16.0,2.0,462.0,,1227.0,689.0,129.0,705.0,689.0,130.0,0.0,488.0,174.0,0.9940296105568072,24.0,10182.949145902,4020.0
1789997654.4,30.0,1.0,84.0,14.0,2.0,470.0,,1229.0,698.0,129.0,712.0,698.0,134.0,0.0,496.0,179.0,1.0116533454922576,20.0,10391.482196974,4042.0
1789997659.4,9.0,0.0,106.0,14.0,2.0,475.0,,1233.0,704.0,129.0,718.0,704.0,134.0,0.0,501.0,179.0,1.0132290884382935,18.0,10455.794011464,4062.0
1789997664.5,10.0,1.0,101.0,17.0,2.0,477.0,,1233.0,706.0,129.0,723.0,706.0,134.0,0.0,502.0,179.0,0.9573731359296213,24.0,10462.240034768,4066.0
1789997669.6,15.0,2.0,97.0,15.0,2.0,481.0,,1234.0,712.0,129.0,727.0,712.0,136.0,0.0,506.0,181.0,0.9983272538711869,18.0,10560.168650094,4080.0
1789997674.8,16.0,0.0,97.0,16.0,2.0,485.0,,1237.0,717.0,129.0,733.0,717.0,138.0,0.0,510.0,183.0,0.9854861781640024,24.0,10660.652936984,4096.0
1789997679.9,17.0,0.0,96.0,16.0,2.0,488.0,,1237.0,720.0,129.0,736.0,720.0,139.0,0.0,513.0,185.0,0.9855934627901155,26.0,10741.05875607,4102.0
1789997685.0,15.0,0.0,99.0,15.0,2.0,492.0,,1239.0,725.0,129.0,740.0,725.0,140.0,0.0,517.0,186.0,0.9680998104638272,26.0,10835.898309668,4116.0
1789997690.1,17.0,2.0,95.0,15.0,2.0,494.0,,1240.0,729.0,129.0,744.0,729.0,142.0,0.0,519.0,188.0,0.990250509601974,26.0,10902.840294066,4126.0
1789997695.2,18.0,0.0,95.0,17.0,2.0,501.0,,1244.0,738.0,130.0,755.0,738.0,142.0,0.0,526.0,189.0,0.9746705467939778,26.0,11018.20983677,4154.0
1789997700.3,25.0,0.0,90.0,15.0,2.0,506.0,,1246.0,745.0,130.0,760.0,745.0,142.0,0.0,531.0,190.0,0.9987635446840468,26.0,11100.809524606,4172.0
1789997705.6,28.0,1.0,87.0,14.0,2.0,510.0,,1248.0,749.0,130.0,763.0,749.0,143.0,0.0,535.0,192.0,1.030441118621035,24.0,11213.863263644,4184.0
1789997711.0,35.0,2.0,79.0,14.0,2.0,515.0,,1250.0,758.0,130.0,772.0,758.0,145.0,0.0,540.0,195.0,0.9937850910131245,18.0,11344.864388302,4206.0
1789997716.2,40.0,1.0,75.0,14.0,2.0,519.0,,1252.0,763.0,130.0,777.0,763.0,148.0,0.0,544.0,198.0,0.9944189643457426,22.0,11446.298721868,4220.0
1789997721.3,44.0,2.0,68.0,16.0,2.0,522.0,,1256.0,769.0,130.0,785.0,769.0,149.0,0.0,546.0,199.0,0.9978905160390517,24.0,11758.675373782,4240.0
1789997726.8,23.0,2.0,89.0,16.0,2.0,524.0,,1259.0,773.0,130.0,789.0,773.0,149.0,0.0,549.0,199.0,0.996327289632729,26.0,11785.767021612,4254.0
1789997732.1,27.0,4.0,84.0,15.0,2.0,530.0,,1262.0,780.0,130.0,795.0,780.0,151.0,0.0,554.0,202.0,1.0510867038586704,24.0,12071.727602816,4274.0
1789997737.4,2.0,0.0,112.0,16.0,2.0,530.0,,1267.0,780.0,130.0,796.0,780.0,151.0,0.0,554.0,202.0,1.0159152272645997,26.0,12071.729534496,4284.0
1789997742.7,6.0,0.0,107.0,18.0,2.0,533.0,,1267.0,783.0,131.0,801.0,783.0,154.0,0.0,557.0,205.0,0.9927439831205521,30.0,12197.959276442,4292.0
1789997748.1,10.0,0.0,102.0,19.0,2.0,537.0,,1268.0,787.0,131.0,806.0,787.0,156.0,0.0,561.0,207.0,0.9996736759289061,28.0,12323.534491112,4302.0
1789997753.5,10.0,0.0,100.0,21.0,2.0,541.0,,1268.0,793.0,131.0,814.0,793.0,158.0,0.0,565.0,211.0,0.9952119765404285,28.0,12586.23086879,4314.0
1789997758.9,11.0,0.0,99.0,21.0,2.0,542.0,,1268.0,794.0,131.0,815.0,794.0,159.0,0.0,566.0,212.0,0.9953550227085792,34.0,12623.38036186,4316.0
1789997764.3,14.0,0.0,96.0,21.0,2.0,549.0,,1269.0,802.0,131.0,823.0,802.0,163.0,0.0,574.0,217.0,1.0032659228265923,34.0,12849.569936926,4334.0
1789997769.7,21.0,1.0,90.0,19.0,2.0,557.0,,1271.0,810.0,131.0,829.0,810.0,167.0,0.0,582.0,221.0,1.0001108607803169,26.0,13020.819422614,4354.0
1789997775.5,24.0,0.0,88.0,19.0,2.0,560.0,,1273.0,813.0,131.0,832.0,813.0,168.0,0.0,585.0,222.0,0.9937985015913886,26.0,13081.731068188,4364.0
1789997781.6,35.0,2.0,73.0,21.0,2.0,571.0,,1277.0,826.0,131.0,847.0,826.0,174.0,0.0,594.0,229.0,0.9817289811536674,32.0,13730.69173658,4398.0
1789997787.4,30.0,0.0,79.0,22.0,2.0,574.0,,1279.0,830.0,131.0,852.0,830.0,174.0,0.0,597.0,229.0,0.9915665343489611,36.0,13764.666528928,4410.0
1789997793.3,21.0,1.0,88.0,21.0,2.0,579.0,,1280.0,835.0,131.0,856.0,835.0,175.0,0.0,602.0,232.0,1.0146345170403748,36.0,13889.869974002,4422.0
1789997798.7,24.0,2.0,83.0,22.0,2.0,584.0,,1280.0,840.0,131.0,862.0,840.0,177.0,0.0,607.0,235.0,1.0156724957980188,36.0,14103.484969476,4432.0
1789997804.5,18.0,1.0,89.0,23.0,3.0,588.0,,1282.0,844.0,131.0,867.0,844.0,179.0,0.0,611.0,239.0,1.0105943568286664,38.0,14301.666765778,4444.0
1789997809.9,21.0,1.0,86.0,23.0,3.0,591.0,,1283.0,847.0,131.0,870.0,847.0,181.0,0.0,613.0,241.0,0.9943984014590709,40.0,14398.346275568,4452.0
1789997815.9,16.0,0.0,92.0,23.0,3.0,598.0,,1285.0,854.0,131.0,877.0,854.0,188.0,0.0,618.0,248.0,0.9962137467367593,34.0,14826.367052126,4470.0
1789997821.8,20.0,0.0,89.0,22.0,3.0,601.0,,1288.0,858.0,131.0,880.0,858.0,190.0,0.0,621.0,250.0,1.0186643958087473,38.0,14946.396163164,4484.0
1789997827.3,22.0,2.0,88.0,19.0,3.0,609.0,,1292.0,867.0,131.0,886.0,867.0,196.0,0.0,628.0,258.0,0.9832689625576655,28.0,15309.016646806,4510.0
1789997832.7,18.0,1.0,93.0,19.0,3.0,613.0,,1294.0,871.0,131.0,890.0,871.0,198.0,0.0,632.0,262.0,0.9911914851768409,26.0,15466.683853752,4522.0
1789997838.0,23.0,1.0,86.0,21.0,3.0,618.0,,1294.0,877.0,131.0,898.0,877.0,202.0,0.0,637.0,266.0,0.993248667882559,32.0,15614.793660532,4534.0
1789997843.2,26.0,0.0,83.0,22.0,3.0,620.0,,1294.0,880.0,131.0,902.0,880.0,204.0,0.0,639.0,268.0,0.9972718413617995,36.0,15318.363213968,4342.0
1789997849.0,29.0,3.0,78.0,22.0,3.0,627.0,,1294.0,887.0,132.0,909.0,887.0,209.0,0.0,646.0,273.0,0.9765578621750169,30.0,15531.070102376,4358.0
1789997854.3,16.0,0.0,96.0,20.0,3.0,633.0,,1298.0,893.0,132.0,913.0,893.0,210.0,0.0,651.0,274.0,0.9875317383685585,26.0,15634.262747926,4378.0
1789997859.8,12.0,0.0,100.0,20.0,3.0,638.0,,1300.0,898.0,132.0,918.0,898.0,211.0,0.0,656.0,277.0,0.9963845080999892,28.0,15766.96257297,4392.0
1789997865.4,15.0,1.0,93.0,23.0,4.0,642.0,,1301.0,902.0,132.0,925.0,902.0,215.0,0.0,660.0,281.0,0.9980925687515646,30.0,15986.21196106,4402.0
1789997871.3,19.0,1.0,90.0,22.0,4.0,648.0,,1302.0,909.0,132.0,931.0,909.0,215.0,0.0,664.0,282.0,0.9877092050209205,30.0,16087.540194746,4418.0
1789997876.7,23.0,1.0,87.0,21.0,4.0,653.0,,1303.0,914.0,132.0,935.0,914.0,218.0,0.0,668.0,285.0,1.0272896327289633,28.0,16247.529134664,4430.0
1789997882.1,31.0,1.0,77.0,23.0,4.0,659.0,,1306.0,923.0,132.0,946.0,923.0,220.0,0.0,675.0,287.0,0.9903962378857777,32.0,16411.444951622,4454.0
1789997888.1,35.0,2.0,74.0,21.0,4.0,664.0,,1311.0,929.0,132.0,950.0,929.0,223.0,0.0,679.0,290.0,0.9927712512963559,30.0,16665.28774019,4476.0
1789997893.7,39.0,0.0,70.0,23.0,4.0,667.0,,1315.0,933.0,132.0,956.0,933.0,225.0,0.0,682.0,292.0,0.9822014805278404,34.0,16750.296932472,4492.0
1789997899.4,38.0,0.0,70.0,24.0,4.0,672.0,,1315.0,938.0,132.0,962.0,938.0,226.0,0.0,687.0,295.0,0.9887355612774023,40.0,16898.880277866,4502.0
1789997905.7,21.0,0.0,88.0,23.0,4.0,680.0,,1322.0,946.0,132.0,969.0,946.0,230.0,0.0,695.0,301.0,1.0214573722418911,34.0,17140.889729738,4532.0
1789997911.3,10.0,0.0,100.0,22.0,4.0,685.0,,1322.0,951.0,132.0,973.0,951.0,233.0,0.0,700.0,304.0,1.0224636126309767,34.0,17293.068086492,4542.0
1789997916.8,14.0,0.0,97.0,21.0,4.0,690.0,,1324.0,957.0,132.0,978.0,957.0,235.0,0.0,704.0,307.0,0.9969598219075206,34.0,17419.803942848,4558.0
1789997922.3,9.0,0.0,101.0,22.0,4.0,692.0,,1326.0,959.0,132.0,981.0,959.0,236.0,0.0,706.0,309.0,0.9807133533597969,34.0,17511.057707384,4565.0
1789997927.6,12.0,0.0,98.0,22.0,4.0,695.0,,1328.0,962.0,132.0,984.0,962.0,237.0,0.0,709.0,311.0,1.0083029360226012,36.0,17624.555117662,4576.0
1789997933.7,8.0,0.0,99.0,25.0,4.0,701.0,,1331.0,968.0,132.0,993.0,968.0,242.0,0.0,714.0,317.0,0.9867735936773594,38.0,18111.536463408,4594.0
1789997939.5,8.0,0.0,100.0,24.0,4.0,704.0,,1332.0,971.0,132.0,995.0,971.0,242.0,0.0,717.0,320.0,0.9869613417730573,36.0,18205.738939036,4602.0
1789997944.7,5.0,0.0,103.0,24.0,4.0,707.0,,1333.0,975.0,132.0,999.0,975.0,244.0,0.0,721.0,323.0,0.9869971033150949,40.0,18329.69111188,4612.0
1789997950.5,9.0,0.0,98.0,25.0,5.0,711.0,,1334.0,980.0,132.0,1005.0,980.0,246.0,0.0,724.0,327.0,0.996101544898616,40.0,18649.378193422,4624.0
1789997956.8,14.0,0.0,93.0,25.0,5.0,717.0,,1336.0,986.0,132.0,1011.0,986.0,249.0,0.0,730.0,331.0,1.000029503272181,36.0,18870.095370182,4640.0
1789997963.0,18.0,1.0,88.0,25.0,5.0,722.0,,1339.0,991.0,132.0,1016.0,991.0,251.0,0.0,735.0,334.0,0.9913649286557237,40.0,19045.692227296,4656.0
1789997969.4,20.0,0.0,85.0,27.0,5.0,726.0,,1341.0,995.0,132.0,1021.0,995.0,254.0,0.0,739.0,338.0,0.9959455351714765,40.0,19224.90435225,4668.0
1789997975.4,30.0,2.0,76.0,24.0,5.0,739.0,,1343.0,1008.0,132.0,1032.0,1008.0,256.0,0.0,752.0,344.0,1.0002641883918035,38.0,19548.54499908,4698.0
1789997980.6,23.0,1.0,84.0,25.0,5.0,742.0,,1344.0,1012.0,133.0,1037.0,1012.0,256.0,0.0,755.0,345.0,1.033925186854057,38.0,19613.673752354,4710.0
1789997986.1,15.0,0.0,91.0,27.0,5.0,744.0,,1346.0,1014.0,133.0,1041.0,1014.0,258.0,0.0,757.0,347.0,1.0061000250330794,40.0,19682.552860288,4718.0
1789997991.6,19.0,0.0,87.0,28.0,5.0,747.0,,1347.0,1017.0,134.0,1045.0,1017.0,261.0,0.0,760.0,350.0,0.9973353180989164,44.0,19859.184257476,4728.0
1789997996.8,10.0,0.0,97.0,27.0,5.0,750.0,,1350.0,1020.0,134.0,1047.0,1020.0,263.0,0.0,763.0,353.0,0.9761796838679684,40.0,19976.994722668,4740.0
1789998002.3,10.0,0.0,95.0,29.0,5.0,758.0,,1351.0,1029.0,134.0,1058.0,1029.0,270.0,0.0,771.0,361.0,0.9907748632121017,42.0,20377.442614496,4760.0
1789998008.0,14.0,0.0,92.0,28.0,5.0,762.0,,1352.0,1033.0,134.0,1061.0,1033.0,273.0,0.0,773.0,365.0,0.9996531130422344,42.0,20729.955344444,4770.0
1789998013.3,16.0,0.0,90.0,28.0,5.0,766.0,,1353.0,1037.0,134.0,1065.0,1037.0,277.0,0.0,777.0,369.0,0.999751457282838,44.0,21014.456047292,4780.0
1789998018.4,20.0,0.0,86.0,28.0,5.0,770.0,,1353.0,1041.0,134.0,1069.0,1041.0,280.0,0.0,781.0,373.0,0.9978793405571649,40.0,21168.6290093,4788.0
1789998023.8,25.0,0.0,81.0,28.0,5.0,774.0,,1353.0,1046.0,134.0,1074.0,1046.0,283.0,0.0,785.0,377.0,0.999551192647427,40.0,21352.555776782,4798.0
1789998028.8,28.0,0.0,79.0,27.0,5.0,777.0,,1354.0,1050.0,134.0,1077.0,1050.0,286.0,0.0,788.0,380.0,0.9996227157315023,42.0,21497.820144054,4808.0
1789998034.3,31.0,0.0,75.0,28.0,5.0,780.0,,1354.0,1053.0,134.0,1081.0,1053.0,287.0,0.0,791.0,383.0,0.9966178521617852,40.0,21643.552987932,4814.0
1789998039.6,20.0,0.0,87.0,27.0,5.0,783.0,,1359.0,1056.0,134.0,1083.0,1056.0,290.0,0.0,794.0,386.0,0.9973835961806673,46.0,21765.030126634,4830.0
1789998044.9,25.0,0.0,81.0,28.0,6.0,789.0,,1360.0,1062.0,134.0,1090.0,1062.0,294.0,0.0,799.0,391.0,0.9758623001823838,44.0,22062.93384093,4844.0
1789998050.2,23.0,2.0,83.0,26.0,6.0,792.0,,1361.0,1065.0,134.0,1091.0,1065.0,296.0,0.0,802.0,394.0,0.97607686943461,42.0,22205.117022758,4852.0
1789998055.5,3.0,0.0,108.0,23.0,7.0,799.0,,1368.0,1072.0,134.0,1095.0,1072.0,300.0,0.0,809.0,399.0,0.9994711761971177,32.0,22477.860904112,4880.0
1789998060.6,4.0,0.0,106.0,24.0,7.0,800.0,,1368.0,1074.0,134.0,1098.0,1074.0,301.0,0.0,810.0,400.0,0.9919675106390587,34.0,22517.61309891,4884.0
1789998065.9,8.0,0.0,97.0,29.0,7.0,803.0,,1369.0,1078.0,134.0,1107.0,1078.0,302.0,0.0,812.0,403.0,0.992119497192719,44.0,22950.557696728,4894.0
1789998071.1,10.0,0.0,96.0,28.0,7.0,806.0,,1371.0,1081.0,134.0,1109.0,1081.0,304.0,0.0,815.0,405.0,0.978378571684011,40.0,23044.295447916,4904.0
1789998076.1,14.0,0.0,92.0,28.0,7.0,810.0,,1371.0,1085.0,134.0,1113.0,1085.0,307.0,0.0,819.0,409.0,0.997744787755248,44.0,23247.587957496,4912.0
1789998081.3,18.0,0.0,88.0,28.0,7.0,814.0,,1371.0,1089.0,134.0,1117.0,1089.0,310.0,0.0,822.0,413.0,0.9893815041304581,42.0,23438.087655116,4920.0
1789998086.4,24.0,0.0,84.0,27.0,7.0,820.0,,1372.0,1095.0,135.0,1122.0,1095.0,314.0,0.0,828.0,417.0,0.9906724957980189,38.0,23641.149303606002,4936.0
1789998091.6,27.0,0.0,81.0,28.0,7.0,822.0,,1375.0,1098.0,136.0,1126.0,1098.0,316.0,0.0,830.0,419.0,0.9861540249615564,38.0,23744.765552834,4950.0
1789998096.9,20.0,0.0,89.0,27.0,7.0,828.0,,1380.0,1105.0,136.0,1132.0,1105.0,319.0,0.0,836.0,425.0,0.990599631656117,36.0,24000.295232964,4974.0
1789998102.2,20.0,0.0,89.0,27.0,7.0,832.0,,1382.0,1109.0,136.0,1136.0,1109.0,321.0,0.0,840.0,428.0,0.9824209669920967,40.0,24116.26105899,4986.0
1789998107.4,21.0,0.0,87.0,28.0,7.0,834.0,,1384.0,1111.0,136.0,1139.0,1111.0,323.0,0.0,842.0,430.0,0.9878750491721203,42.0,24204.314220154,4994.0
1789998112.7,23.0,0.0,84.0,29.0,7.0,836.0,,1385.0,1113.0,136.0,1142.0,1113.0,325.0,0.0,844.0,432.0,0.9939692629546186,42.0,24320.974533356,5000.0
1789998117.9,25.0,1.0,82.0,28.0,7.0,840.0,,1387.0,1117.0,136.0,1145.0,1117.0,327.0,0.0,848.0,436.0,0.9943089976039767,42.0,24488.40430651,5012.0
1789998123.2,27.0,0.0,81.0,28.0,7.0,842.0,,1391.0,1119.0,136.0,1147.0,1119.0,328.0,0.0,850.0,437.0,0.99564513821836,42.0,24543.948099406,5024.0
1789998128.5,33.0,0.0,75.0,28.0,8.0,848.0,,1393.0,1125.0,136.0,1153.0,1125.0,332.0,0.0,856.0,441.0,1.015296999606623,40.0,24853.223217214,5040.0
1789998133.7,35.0,0.0,72.0,29.0,8.0,851.0,,1394.0,1128.0,136.0,1157.0,1128.0,335.0,0.0,858.0,444.0,0.9962481672209705,40.0,25011.176290482,5048.0
1789998138.9,33.0,0.0,74.0,29.0,8.0,855.0,,1396.0,1132.0,136.0,1161.0,1132.0,337.0,0.0,861.0,448.0,0.996954457676215,40.0,23296.456427172,4590.0
1789998144.0,33.0,0.0,73.0,30.0,8.0,856.0,,1400.0,1133.0,136.0,1163.0,1133.0,338.0,0.0,862.0,449.0,0.9848818081035654,42.0,23336.77301265,4600.0
1789998149.1,35.0,1.0,69.0,31.0,8.0,859.0,,1403.0,1136.0,136.0,1167.0,1136.0,340.0,0.0,865.0,452.0,0.9845778349962451,44.0,23466.323503422,4612.0
1789998154.4,11.0,0.0,95.0,31.0,8.0,866.0,,1405.0,1144.0,137.0,1175.0,1144.0,342.0,0.0,873.0,456.0,1.0006991381468369,40.0,23698.632665018,4634.0
1789998159.7,4.0,0.0,102.0,31.0,8.0,870.0,,1406.0,1148.0,137.0,1179.0,1148.0,346.0,0.0,876.0,461.0,1.000869005471516,42.0,24292.751859363,4645.0
1789998164.7,9.0,0.0,98.0,30.0,8.0,875.0,,1407.0,1153.0,137.0,1183.0,1153.0,348.0,0.0,880.0,463.0,1.001265511568859,42.0,24456.223189326,4656.0
1789998169.7,11.0,0.0,96.0,30.0,8.0,877.0,,1407.0,1155.0,137.0,1185.0,1155.0,350.0,0.0,882.0,465.0,0.9764778457247076,40.0,24556.058538528,4660.0
1789998174.9,16.0,0.0,92.0,30.0,8.0,881.0,,1408.0,1159.0,138.0,1189.0,1159.0,354.0,0.0,886.0,469.0,0.9831236812931373,36.0,24748.755001616002,4672.0
1789998180.1,23.0,0.0,86.0,29.0,8.0,887.0,,1409.0,1166.0,138.0,1195.0,1166.0,359.0,0.0,892.0,475.0,0.983284608232307,38.0,25002.290614484,4688.0
1789998185.1,13.0,0.0,95.0,30.0,8.0,889.0,,1411.0,1168.0,138.0,1198.0,1168.0,360.0,0.0,893.0,477.0,1.0065899581589959,37.0,25463.424745864002,4696.0
1789998190.2,17.0,0.0,90.0,31.0,8.0,893.0,,1412.0,1173.0,138.0,1204.0,1173.0,361.0,0.0,897.0,480.0,0.9929384365053822,40.0,25617.609490128,4708.0
1789998195.3,23.0,0.0,84.0,31.0,8.0,897.0,,1413.0,1180.0,138.0,1211.0,1180.0,363.0,0.0,901.0,482.0,0.9983084790616171,40.0,25729.737215984,4724.0
1789998200.4,20.0,0.0,85.0,33.0,8.0,900.0,,1415.0,1184.0,138.0,1217.0,1184.0,365.0,0.0,905.0,485.0,1.0142755605621714,46.0,26237.625856668,4736.0
1789998205.4,16.0,1.0,89.0,32.0,8.0,903.0,,1415.0,1187.0,138.0,1219.0,1187.0,366.0,0.0,908.0,487.0,0.9989951006687409,40.0,26325.857698466,4742.0
1789998210.6,24.0,1.0,83.0,31.0,8.0,910.0,,1415.0,1195.0,139.0,1226.0,1195.0,372.0,0.0,915.0,493.0,0.9977058970782821,36.0,26604.312882656002,4760.0
1789998215.7,13.0,0.0,94.0,32.0,8.0,911.0,,1416.0,1197.0,139.0,1229.0,1197.0,373.0,0.0,916.0,494.0,0.9993401995494046,40.0,26640.853491758,4766.0
1789998220.8,16.0,1.0,89.0,33.0,8.0,914.0,,1418.0,1201.0,139.0,1234.0,1201.0,376.0,0.0,919.0,497.0,0.9982816579050888,40.0,26759.813809078,4778.0
1789998225.9,20.0,1.0,84.0,35.0,8.0,918.0,,1419.0,1207.0,140.0,1242.0,1207.0,378.0,0.0,923.0,500.0,0.999674569967457,40.0,26956.161337258,4794.0
1789998231.3,16.0,0.0,89.0,36.0,8.0,924.0,,1421.0,1214.0,141.0,1249.0,1214.0,381.0,0.0,929.0,503.0,0.9732043235704324,38.0,27171.433909612002,4814.0
1789998236.5,22.0,0.0,85.0,34.0,8.0,927.0,,1423.0,1219.0,141.0,1253.0,1219.0,383.0,0.0,931.0,505.0,0.9891410077602546,40.0,27564.2750877,4828.0
1789998241.9,25.0,1.0,81.0,34.0,8.0,930.0,,1424.0,1223.0,141.0,1257.0,1223.0,385.0,0.0,934.0,507.0,0.9980165754747344,40.0,27701.863300998,4838.0
1789998247.2,29.0,1.0,77.0,34.0,8.0,934.0,,1428.0,1227.0,141.0,1261.0,1227.0,387.0,0.0,937.0,511.0,0.9966004184100419,42.0,27892.068859580002,4854.0
1789998252.4,31.0,2.0,75.0,33.0,8.0,935.0,,1432.0,1230.0,141.0,1263.0,1230.0,387.0,0.0,939.0,511.0,0.9874436755712906,40.0,27909.995870894,4868.0
1789998257.6,15.0,0.0,93.0,33.0,8.0,941.0,,1436.0,1237.0,141.0,1270.0,1237.0,391.0,0.0,945.0,517.0,0.997371973679505,40.0,28221.978941848,4890.0
1789998262.9,20.0,1.0,85.0,35.0,8.0,946.0,,1436.0,1243.0,141.0,1278.0,1243.0,395.0,0.0,949.0,522.0,1.0058139326967779,38.0,28647.411219606,4902.0
1789998268.1,23.0,0.0,82.0,36.0,8.0,949.0,,1437.0,1247.0,141.0,1283.0,1247.0,396.0,0.0,951.0,525.0,0.9999441225905661,42.0,28779.11201474,4912.0
1789998273.2,28.0,0.0,78.0,36.0,8.0,953.0,,1438.0,1251.0,142.0,1287.0,1251.0,398.0,0.0,955.0,527.0,1.0000335264456603,42.0,28909.870283724,4924.0
1789998278.4,18.0,1.0,86.0,37.0,8.0,955.0,,1439.0,1253.0,142.0,1290.0,1253.0,399.0,0.0,957.0,528.0,1.000098791259879,44.0,28960.93594666,4930.0
1789998283.5,23.0,0.0,82.0,37.0,8.0,960.0,,1442.0,1259.0,142.0,1296.0,1259.0,402.0,0.0,962.0,533.0,1.000518989378822,46.0,29167.520171034,4948.0
1789998288.7,24.0,0.0,82.0,36.0,8.0,966.0,,1445.0,1265.0,142.0,1301.0,1265.0,404.0,0.0,968.0,536.0,0.9992914744483782,40.0,29332.799056018,4966.0
1789998294.0,8.0,0.0,97.0,37.0,8.0,971.0,,1446.0,1271.0,142.0,1308.0,1271.0,408.0,0.0,973.0,540.0,0.99542699281193,40.0,29556.24660563,4980.0
1789998299.2,11.0,1.0,91.0,40.0,8.0,974.0,,1446.0,1274.0,143.0,1314.0,1274.0,410.0,0.0,976.0,542.0,0.9713755677144799,42.0,29668.466397362,4988.0
1789998304.4,12.0,0.0,91.0,40.0,8.0,978.0,,1448.0,1278.0,143.0,1318.0,1278.0,413.0,0.0,979.0,545.0,0.9890422165003755,46.0,29850.56926956,5000.0
1789998309.8,8.0,0.0,96.0,39.0,8.0,984.0,,1449.0,1284.0,143.0,1323.0,1284.0,415.0,0.0,984.0,550.0,1.002464864284948,46.0,30265.432196296002,5014.0
1789998315.0,12.0,0.0,91.0,40.0,8.0,987.0,,1449.0,1288.0,143.0,1328.0,1288.0,418.0,0.0,987.0,553.0,0.9976321388978293,48.0,30442.012071666002,5022.0
1789998320.3,19.0,0.0,84.0,40.0,8.0,993.0,,1450.0,1295.0,143.0,1335.0,1295.0,422.0,0.0,992.0,558.0,0.9977751850659801,46.0,30958.269377418,5038.0
1789998325.5,12.0,0.0,92.0,39.0,8.0,997.0,,1451.0,1299.0,143.0,1338.0,1299.0,425.0,0.0,996.0,563.0,0.9939464649715696,44.0,31136.719781376,5048.0
1789998330.7,14.0,0.0,91.0,38.0,8.0,1001.0,,1452.0,1303.0,143.0,1341.0,1303.0,428.0,0.0,1000.0,566.0,0.9922620963415942,48.0,31333.168839166,5058.0
1789998336.5,21.0,0.0,83.0,39.0,9.0,1008.0,,1453.0,1310.0,143.0,1349.0,1310.0,433.0,0.0,1007.0,573.0,0.9914722132818368,44.0,31661.608258438002,5074.0
1789998342.4,26.0,0.0,78.0,39.0,9.0,1011.0,,1453.0,1315.0,143.0,1354.0,1315.0,434.0,0.0,1010.0,574.0,0.9998734935450416,46.0,31734.879541722,5084.0
1789998347.7,24.0,1.0,79.0,39.0,9.0,1016.0,,1459.0,1320.0,143.0,1359.0,1320.0,437.0,0.0,1014.0,577.0,1.000852912777599,46.0,31920.228769802,5106.0
1789998352.9,15.0,1.0,86.0,41.0,9.0,1018.0,,1459.0,1322.0,143.0,1363.0,1322.0,437.0,0.0,1016.0,579.0,0.9931722275864535,52.0,32066.601378792002,5110.0
1789998358.4,18.0,0.0,84.0,41.0,9.0,1024.0,,1463.0,1328.0,143.0,1369.0,1328.0,442.0,0.0,1022.0,584.0,0.9994336265779781,48.0,32362.669511626,5130.0
1789998363.7,20.0,2.0,83.0,38.0,9.0,1028.0,,1463.0,1332.0,143.0,1370.0,1332.0,446.0,0.0,1026.0,588.0,0.9995498515896005,46.0,32542.286117816002,5138.0
1789998369.1,21.0,1.0,82.0,39.0,9.0,1034.0,,1464.0,1338.0,143.0,1377.0,1338.0,448.0,0.0,1032.0,591.0,0.9979642742195044,44.0,32808.013991974,5152.0
1789998374.4,23.0,0.0,79.0,41.0,9.0,1037.0,,1471.0,1341.0,143.0,1382.0,1341.0,449.0,0.0,1035.0,593.0,0.9980804992311268,48.0,32982.322911798,5172.0
1789998379.7,15.0,1.0,90.0,37.0,9.0,1044.0,,1472.0,1348.0,143.0,1385.0,1348.0,453.0,0.0,1041.0,598.0,1.0152487215248722,40.0,33288.234745204,5188.0
1789998384.9,14.0,1.0,92.0,36.0,9.0,1049.0,,1473.0,1353.0,143.0,1389.0,1353.0,456.0,0.0,1046.0,602.0,0.9952320924078246,42.0,33560.342322684,5200.0
1789998390.2,11.0,0.0,95.0,37.0,9.0,1053.0,,1475.0,1357.0,143.0,1394.0,1357.0,458.0,0.0,1050.0,604.0,0.9926532382076315,42.0,33729.019989556,5212.0
1789998395.6,16.0,0.0,90.0,37.0,9.0,1058.0,,1476.0,1362.0,143.0,1399.0,1362.0,461.0,0.0,1055.0,609.0,0.9988516074813146,44.0,33970.923496528,5224.0
1789998400.8,22.0,0.0,84.0,37.0,9.0,1063.0,,1476.0,1368.0,143.0,1405.0,1368.0,463.0,0.0,1059.0,612.0,0.9831339627364732,42.0,34136.043530878,5236.0
1789998406.0,25.0,0.0,81.0,37.0,9.0,1066.0,,1476.0,1371.0,143.0,1408.0,1371.0,465.0,0.0,1062.0,615.0,0.9967586632335587,44.0,34267.10773243,5242.0
1789998411.3,24.0,1.0,82.0,37.0,9.0,1072.0,,1479.0,1378.0,144.0,1415.0,1378.0,468.0,0.0,1069.0,619.0,0.9978717412294819,38.0,34424.088838674,5264.0
1789998416.7,30.0,1.0,76.0,37.0,9.0,1075.0,,1481.0,1386.0,144.0,1423.0,1386.0,470.0,0.0,1072.0,622.0,0.9985319886993527,36.0,34550.853043902,5284.0
1789998422.1,34.0,1.0,72.0,37.0,9.0,1080.0,,1482.0,1391.0,144.0,1428.0,1391.0,472.0,0.0,1077.0,625.0,1.0196009011908593,36.0,34737.728238472,5296.0
1789998427.6,29.0,1.0,77.0,38.0,9.0,1083.0,,1487.0,1394.0,145.0,1432.0,1394.0,472.0,0.0,1079.0,627.0,0.9893716697063978,42.0,35011.087526284,5314.0
1789998432.9,9.0,0.0,98.0,38.0,9.0,1085.0,,1489.0,1396.0,145.0,1434.0,1396.0,474.0,0.0,1081.0,629.0,0.9950684833530021,40.0,35144.814441072,5322.0
1789998438.2,16.0,0.0,92.0,38.0,9.0,1091.0,,1490.0,1402.0,146.0,1440.0,1402.0,479.0,0.0,1087.0,635.0,0.9974636126309766,38.0,35462.570259154,5338.0
1789998443.5,19.0,2.0,87.0,38.0,9.0,1095.0,,1490.0,1407.0,146.0,1445.0,1407.0,482.0,0.0,1091.0,639.0,0.997535135715052,38.0,33288.140651666,4816.0
1789998448.8,26.0,0.0,83.0,37.0,9.0,1099.0,,1493.0,1412.0,146.0,1449.0,1412.0,485.0,0.0,1095.0,643.0,0.9940577727711619,38.0,33468.806420698,4832.0
1789998454.1,10.0,0.0,99.0,37.0,9.0,1103.0,,1493.0,1416.0,146.0,1453.0,1416.0,486.0,0.0,1098.0,646.0,0.9912849122054143,34.0,34443.521906890004,4840.0
1789998459.3,12.0,0.0,94.0,40.0,10.0,1105.0,,1495.0,1418.0,146.0,1458.0,1418.0,487.0,0.0,1100.0,648.0,0.9913921968315274,42.0,34532.312727984,4848.0
1789998464.6,18.0,0.0,88.0,40.0,10.0,1109.0,,1495.0,1424.0,146.0,1464.0,1424.0,489.0,0.0,1104.0,652.0,0.9964600543575439,38.0,34704.047808824,4860.0
1789998470.0,16.0,1.0,90.0,39.0,10.0,1112.0,,1496.0,1428.0,146.0,1467.0,1428.0,489.0,0.0,1107.0,652.0,0.9965762793691664,42.0,34768.582940858,4870.0
1789998475.3,21.0,2.0,85.0,39.0,10.0,1117.0,,1497.0,1434.0,147.0,1473.0,1434.0,492.0,0.0,1112.0,656.0,0.9983853663769982,40.0,34970.65690746,4886.0
1789998480.7,25.0,2.0,80.0,40.0,10.0,1121.0,,1498.0,1440.0,147.0,1480.0,1440.0,495.0,0.0,1116.0,659.0,1.0188843292922791,38.0,35158.847611178004,4900.0
1789998486.1,20.0,0.0,86.0,41.0,10.0,1127.0,,1501.0,1446.0,147.0,1487.0,1446.0,499.0,0.0,1121.0,664.0,1.0182138003790724,44.0,35491.432001218,4918.0
1789998491.4,14.0,1.0,92.0,41.0,10.0,1130.0,,1502.0,1449.0,148.0,1490.0,1449.0,500.0,0.0,1124.0,665.0,1.0131285091013125,42.0,35572.77035671,4928.0
1789998496.7,17.0,1.0,89.0,41.0,10.0,1132.0,,1502.0,1453.0,148.0,1494.0,1453.0,501.0,0.0,1127.0,666.0,1.0000554303901583,40.0,35648.549835338,4936.0
1789998502.0,12.0,0.0,95.0,41.0,10.0,1137.0,,1504.0,1458.0,148.0,1499.0,1458.0,505.0,0.0,1132.0,671.0,0.9932339162464685,38.0,35902.242372860004,4950.0
1789998507.3,13.0,1.0,94.0,40.0,10.0,1142.0,,1505.0,1463.0,148.0,1503.0,1463.0,508.0,0.0,1137.0,675.0,0.9976321388978293,40.0,36089.372324622,4962.0
1789998512.6,16.0,0.0,90.0,42.0,10.0,1146.0,,1506.0,1467.0,148.0,1509.0,1467.0,510.0,0.0,1141.0,678.0,0.9951113972034474,40.0,36279.380997432,4972.0
1789998518.1,20.0,1.0,87.0,41.0,10.0,1150.0,1.0,1509.0,1472.0,149.0,1513.0,1472.0,511.0,0.0,1145.0,681.0,1.0272668347459142,40.0,36431.079622832,4990.0
1789998523.5,14.0,0.0,92.0,43.0,10.0,1154.0,1.0,1510.0,1477.0,149.0,1520.0,1477.0,513.0,0.0,1149.0,684.0,0.9979982476844401,40.0,36581.673593976004,5002.0
1789998528.9,17.0,1.0,89.0,42.0,10.0,1158.0,1.0,1511.0,1481.0,149.0,1523.0,1481.0,514.0,0.0,1153.0,688.0,1.011749454636484,40.0,36771.438445708,5012.0
1789998534.2,15.0,1.0,90.0,43.0,10.0,1161.0,1.0,1512.0,1484.0,149.0,1527.0,1484.0,516.0,0.0,1156.0,690.0,0.9975606158137539,42.0,36878.006012274,5020.0
1789998539.8,19.0,0.0,86.0,44.0,10.0,1165.0,1.0,1514.0,1488.0,149.0,1532.0,1488.0,520.0,0.0,1160.0,694.0,0.9974403676286522,44.0,37019.462156374,5032.0
1789998545.2,24.0,0.0,82.0,43.0,10.0,1170.0,1.0,1516.0,1493.0,149.0,1536.0,1493.0,524.0,0.0,1165.0,698.0,0.9992874512748989,42.0,37226.649899820004,5046.0
1789998550.6,28.0,2.0,78.0,41.0,10.0,1175.0,1.0,1517.0,1499.0,149.0,1540.0,1499.0,526.0,0.0,1170.0,700.0,1.0003991882129957,40.0,37381.12433931,5060.0
1789998556.0,21.0,0.0,86.0,42.0,10.0,1180.0,1.0,1521.0,1506.0,149.0,1548.0,1506.0,530.0,0.0,1175.0,704.0,0.9760428959696742,40.0,37595.186621604,5082.0
1789998561.2,25.0,0.0,82.0,42.0,10.0,1184.0,1.0,1523.0,1510.0,149.0,1552.0,1510.0,532.0,0.0,1179.0,708.0,0.999109984622537,40.0,37805.437452868,5094.0
1789998566.7,28.0,0.0,78.0,43.0,10.0,1188.0,1.0,1524.0,1514.0,149.0,1557.0,1514.0,533.0,0.0,1182.0,710.0,0.9907046811858528,36.0,37947.83468456,5104.0
1789998572.1,20.0,0.0,87.0,42.0,10.0,1192.0,1.0,1526.0,1519.0,149.0,1561.0,1519.0,533.0,0.0,1185.0,713.0,0.9808362836605514,42.0,38167.31643465,5118.0
1789998577.5,23.0,3.0,84.0,40.0,10.0,1197.0,1.0,1528.0,1524.0,150.0,1564.0,1524.0,538.0,0.0,1190.0,718.0,1.0004604298537354,36.0,38413.184284164,5134.0
1789998583.4,31.0,0.0,78.0,41.0,10.0,1205.0,1.0,1530.0,1532.0,150.0,1573.0,1532.0,540.0,0.0,1198.0,723.0,0.9866542395308086,32.0,38682.22406271,5154.0
1789998588.7,22.0,0.0,86.0,42.0,10.0,1210.0,1.0,1532.0,1537.0,150.0,1579.0,1537.0,541.0,0.0,1201.0,724.0,1.0102832314129386,34.0,38770.769924868,5168.0
1789998594.1,7.0,0.0,102.0,41.0,10.0,1214.0,1.0,1534.0,1541.0,150.0,1582.0,1541.0,541.0,0.0,1205.0,725.0,1.0104530987376175,34.0,38863.182096286,5180.0
1789998599.6,12.0,0.0,97.0,41.0,10.0,1218.0,1.0,1538.0,1547.0,150.0,1588.0,1547.0,542.0,0.0,1209.0,727.0,0.9997800665164682,34.0,39028.209029714,5200.0
1789998605.0,15.0,0.0,92.0,43.0,10.0,1221.0,1.0,1538.0,1551.0,150.0,1594.0,1551.0,544.0,0.0,1211.0,730.0,0.9817821764474484,38.0,39160.447384174004,5208.0
1789998610.3,15.0,0.0,91.0,44.0,10.0,1224.0,1.0,1538.0,1554.0,150.0,1598.0,1554.0,546.0,0.0,1214.0,732.0,0.9818536995315238,40.0,39254.711246796,5214.0
1789998615.8,22.0,0.0,85.0,43.0,10.0,1231.0,1.0,1539.0,1561.0,150.0,1604.0,1561.0,550.0,0.0,1221.0,737.0,0.9859220219575868,34.0,39458.541074886,5230.0
1789998621.3,24.0,1.0,82.0,43.0,10.0,1234.0,1.0,1542.0,1564.0,150.0,1607.0,1564.0,552.0,0.0,1223.0,739.0,0.9968257161248794,38.0,39599.861743528,5242.0
1789998626.8,28.0,1.0,79.0,42.0,10.0,1238.0,1.0,1547.0,1572.0,150.0,1614.0,1572.0,552.0,0.0,1229.0,740.0,1.0221171726924865,38.0,39693.201969008,5268.0
1789998632.4,32.0,1.0,74.0,43.0,10.0,1243.0,1.0,1551.0,1577.0,150.0,1620.0,1577.0,556.0,0.0,1234.0,744.0,0.9958109823695598,38.0,39905.776072582004,5286.0
1789998637.8,25.0,1.0,81.0,43.0,10.0,1244.0,1.0,1553.0,1578.0,150.0,1621.0,1578.0,557.0,0.0,1234.0,745.0,0.9969334477702678,40.0,40504.214655118,5292.0
1789998643.2,29.0,0.0,77.0,44.0,10.0,1248.0,1.0,1554.0,1582.0,150.0,1626.0,1582.0,561.0,0.0,1237.0,749.0,0.9986991739083789,44.0,40777.812156594,5302.0
1789998648.6,32.0,0.0,75.0,43.0,10.0,1251.0,1.0,1554.0,1585.0,150.0,1628.0,1585.0,563.0,0.0,1240.0,752.0,0.9993151664699782,42.0,40944.136357944,5308.0
1789998654.1,35.0,0.0,71.0,44.0,10.0,1255.0,1.0,1556.0,1589.0,150.0,1633.0,1589.0,567.0,0.0,1244.0,756.0,0.973365250509602,42.0,41109.65422314,5320.0
1789998659.4,38.0,0.0,68.0,44.0,10.0,1258.0,1.0,1557.0,1592.0,150.0,1636.0,1592.0,569.0,0.0,1247.0,759.0,0.9812873261095019,44.0,41350.462650246,5328.0
1789998664.8,32.0,1.0,74.0,43.0,10.0,1261.0,1.0,1560.0,1596.0,150.0,1639.0,1596.0,572.0,0.0,1250.0,762.0,0.9816360011443693,42.0,41506.11624504,5342.0
1789998670.3,29.0,0.0,77.0,44.0,10.0,1265.0,1.0,1564.0,1600.0,150.0,1644.0,1600.0,574.0,0.0,1254.0,766.0,0.9813668955405357,42.0,41710.091705428,5358.0
1789998675.9,32.0,1.0,73.0,44.0,10.0,1269.0,1.0,1565.0,1604.0,150.0,1648.0,1604.0,575.0,0.0,1256.0,768.0,1.0166729249365232,42.0,41827.704789988,5368.0
1789998681.7,21.0,0.0,84.0,45.0,10.0,1275.0,1.0,1568.0,1610.0,150.0,1655.0,1610.0,577.0,0.0,1261.0,773.0,0.9950237814254551,40.0,42129.453713218,5386.0
1789998687.2,26.0,0.0,79.0,45.0,10.0,1280.0,1.0,1572.0,1615.0,150.0,1660.0,1615.0,579.0,0.0,1265.0,777.0,0.9899581589958159,42.0,42414.767551248,5404.0
1789998692.7,16.0,0.0,88.0,46.0,10.0,1286.0,1.0,1573.0,1622.0,150.0,1668.0,1622.0,583.0,0.0,1271.0,783.0,0.997543629081286,42.0,42738.91023679,5420.0
1789998698.1,18.0,1.0,86.0,45.0,10.0,1289.0,1.0,1573.0,1625.0,150.0,1670.0,1625.0,584.0,0.0,1274.0,784.0,0.9976151521653613,46.0,42829.560563322004,5426.0
1789998703.6,21.0,0.0,83.0,46.0,10.0,1292.0,1.0,1574.0,1628.0,150.0,1674.0,1628.0,586.0,0.0,1276.0,787.0,0.9977224367914744,44.0,43005.104348372,5434.0
1789998709.4,27.0,1.0,76.0,46.0,10.0,1297.0,1.0,1576.0,1635.0,150.0,1681.0,1635.0,589.0,0.0,1281.0,792.0,0.9984023531094661,44.0,43217.154959242,5452.0
1789998714.9,33.0,0.0,71.0,46.0,10.0,1303.0,1.0,1576.0,1641.0,150.0,1687.0,1641.0,593.0,0.0,1287.0,797.0,0.9971779673139506,40.0,43455.414544612,5464.0
1789998720.4,21.0,1.0,82.0,46.0,10.0,1304.0,1.0,1580.0,1643.0,150.0,1689.0,1643.0,594.0,0.0,1288.0,798.0,0.9978847047884705,46.0,43531.676602082,5476.0
1789998725.8,26.0,0.0,78.0,46.0,10.0,1308.0,1.0,1582.0,1648.0,150.0,1694.0,1648.0,597.0,0.0,1292.0,801.0,0.9988520545005901,42.0,43699.205784008,5490.0
1789998731.2,27.0,1.0,76.0,46.0,10.0,1310.0,1.0,1584.0,1651.0,150.0,1697.0,1651.0,597.0,0.0,1294.0,803.0,1.003271287057898,44.0,43775.212399102,5500.0
1789998736.7,34.0,0.0,69.0,47.0,10.0,1318.0,1.0,1587.0,1659.0,150.0,1706.0,1659.0,603.0,0.0,1301.0,810.0,0.9984707470586132,50.0,44201.86009045,5522.0
1789998742.1,38.0,0.0,66.0,46.0,10.0,1321.0,1.0,1587.0,1663.0,150.0,1709.0,1663.0,605.0,0.0,1303.0,812.0,0.9985959124557451,48.0,35097.655585684,4662.0
1789998747.4,39.0,2.0,65.0,44.0,10.0,1325.0,1.0,1589.0,1667.0,150.0,1711.0,1667.0,608.0,0.0,1307.0,815.0,1.0002592711797733,42.0,35268.133733968,4674.0
1789998752.7,32.0,0.0,70.0,48.0,10.0,1331.0,1.0,1592.0,1673.0,150.0,1721.0,1673.0,611.0,0.0,1309.0,820.0,0.9987264420841827,52.0,36770.876806892,4692.0
1789998758.0,33.0,0.0,69.0,48.0,10.0,1333.0,1.0,1594.0,1675.0,150.0,1723.0,1675.0,611.0,0.0,1310.0,820.0,0.9988158459392769,52.0,36791.50785737,4700.0
1789998763.4,35.0,1.0,66.0,48.0,10.0,1335.0,1.0,1595.0,1678.0,150.0,1726.0,1678.0,612.0,0.0,1311.0,821.0,0.9988516074813146,50.0,36891.198864342,4708.0
1789998768.6,39.0,0.0,64.0,47.0,10.0,1336.0,1.0,1597.0,1681.0,150.0,1728.0,1681.0,613.0,0.0,1313.0,822.0,0.9989052497943711,52.0,36923.029547032,4718.0
1789998774.0,25.0,0.0,76.0,49.0,10.0,1339.0,1.0,1601.0,1684.0,150.0,1733.0,1684.0,616.0,0.0,1316.0,825.0,0.9990125344204842,50.0,37164.089182156,4732.0
1789998779.3,26.0,0.0,75.0,49.0,10.0,1341.0,1.0,1602.0,1686.0,150.0,1735.0,1686.0,617.0,0.0,1318.0,827.0,0.9998381790222794,52.0,37311.673421088,4738.0
1789998784.5,31.0,0.0,68.0,51.0,10.0,1345.0,1.0,1603.0,1691.0,150.0,1742.0,1691.0,621.0,0.0,1321.0,831.0,0.9999901655759397,54.0,37564.76686976,4750.0
1789998790.2,34.0,0.0,66.0,50.0,10.0,1346.0,1.0,1605.0,1694.0,150.0,1744.0,1694.0,622.0,0.0,1321.0,832.0,0.9980961449057684,58.0,37674.315739534,4760.0
1789998795.6,19.0,0.0,81.0,50.0,11.0,1350.0,1.0,1608.0,1698.0,150.0,1748.0,1698.0,625.0,0.0,1325.0,835.0,0.9994179809033366,56.0,38143.264670896,4774.0
1789998800.9,20.0,1.0,79.0,50.0,11.0,1353.0,1.0,1610.0,1701.0,150.0,1751.0,1701.0,626.0,0.0,1328.0,837.0,0.9995257125487251,54.0,38365.692558226,4784.0
1789998806.1,14.0,0.0,85.0,51.0,11.0,1359.0,1.0,1613.0,1707.0,150.0,1758.0,1707.0,631.0,0.0,1334.0,843.0,1.0013276472481494,56.0,38866.832352978,4802.0
1789998811.4,7.0,0.0,92.0,51.0,11.0,1361.0,1.0,1614.0,1709.0,150.0,1760.0,1709.0,632.0,0.0,1335.0,845.0,1.0379479133140221,56.0,39038.88015395,4808.0
1789998816.8,9.0,0.0,88.0,53.0,11.0,1363.0,1.0,1614.0,1711.0,150.0,1764.0,1711.0,634.0,0.0,1336.0,847.0,0.9911297965168258,60.0,39988.454766226,4812.0
1789998822.1,6.0,0.0,93.0,51.0,11.0,1367.0,1.0,1616.0,1715.0,150.0,1766.0,1715.0,636.0,0.0,1340.0,851.0,0.9912996638415048,56.0,40243.389835792,4824.0
1789998827.5,6.0,0.0,92.0,52.0,11.0,1372.0,1.0,1616.0,1720.0,150.0,1772.0,1720.0,639.0,0.0,1345.0,856.0,0.9913264849980331,56.0,40684.309589814,4834.0
1789998833.0,7.0,0.0,91.0,52.0,11.0,1374.0,1.0,1616.0,1722.0,150.0,1774.0,1722.0,640.0,0.0,1347.0,858.0,0.9978623538246969,60.0,40797.082344192,4838.0
1789998838.4,8.0,1.0,91.0,50.0,11.0,1380.0,1.0,1617.0,1729.0,150.0,1779.0,1729.0,643.0,0.0,1352.0,863.0,0.9986044058219791,52.0,41220.589372324,4854.0
1789998843.6,5.0,0.0,92.0,53.0,11.0,1382.0,1.0,1617.0,1731.0,150.0,1784.0,1731.0,645.0,0.0,1354.0,865.0,0.9972879340557165,56.0,41322.594693904,4858.0
1789998848.9,9.0,1.0,88.0,52.0,11.0,1387.0,1.0,1618.0,1736.0,150.0,1788.0,1736.0,648.0,0.0,1359.0,869.0,1.0269248650001788,60.0,41755.846426988,4870.0
1789998854.2,14.0,0.0,83.0,54.0,11.0,1391.0,1.0,1618.0,1741.0,151.0,1795.0,1741.0,650.0,0.0,1363.0,871.0,0.9715659979258305,58.0,42044.54042222,4882.0
1789998859.5,12.0,0.0,84.0,55.0,11.0,1395.0,1.0,1619.0,1746.0,151.0,1801.0,1746.0,651.0,0.0,1367.0,875.0,0.9716554017809248,58.0,42361.371319666,4894.0
1789998864.9,13.0,1.0,82.0,55.0,11.0,1397.0,1.0,1619.0,1748.0,151.0,1803.0,1748.0,651.0,0.0,1369.0,877.0,0.9749593212459321,60.0,42520.553212568004,4898.0
1789998870.1,22.0,0.0,75.0,54.0,11.0,1404.0,1.0,1619.0,1757.0,151.0,1811.0,1757.0,658.0,0.0,1376.0,884.0,0.9762373493545041,60.0,43803.632152494,4916.0
1789998875.4,26.0,0.0,72.0,53.0,11.0,1407.0,1.0,1620.0,1761.0,151.0,1814.0,1761.0,660.0,0.0,1379.0,886.0,0.9907118334942603,58.0,44055.4086755,4926.0
1789998880.8,28.0,1.0,69.0,53.0,11.0,1410.0,1.0,1620.0,1765.0,151.0,1818.0,1765.0,662.0,0.0,1382.0,889.0,0.990854879662411,58.0,44213.561094866,4934.0
1789998886.2,30.0,2.0,69.0,51.0,11.0,1412.0,1.0,1624.0,1767.0,152.0,1818.0,1767.0,663.0,0.0,1384.0,890.0,0.991281783070486,56.0,44265.715494142,4948.0
1789998891.8,13.0,2.0,85.0,52.0,11.0,1415.0,1.0,1629.0,1770.0,152.0,1822.0,1770.0,666.0,0.0,1387.0,893.0,1.020318814147266,56.0,44511.428231032,4964.0
1789998897.2,21.0,0.0,78.0,53.0,11.0,1422.0,1.0,1631.0,1778.0,152.0,1831.0,1778.0,671.0,0.0,1394.0,900.0,0.9859542073454207,54.0,45187.130136738,4984.0
1789998902.5,22.0,0.0,76.0,54.0,11.0,1425.0,1.0,1632.0,1781.0,152.0,1835.0,1781.0,674.0,0.0,1397.0,903.0,0.9859989092729678,60.0,45429.253223924,4992.0
1789998908.0,26.0,1.0,72.0,53.0,11.0,1430.0,1.0,1633.0,1786.0,152.0,1839.0,1786.0,677.0,0.0,1401.0,907.0,0.995660336873726,56.0,45923.25706976,5004.0
1789998913.1,19.0,0.0,80.0,54.0,11.0,1432.0,1.0,1633.0,1788.0,153.0,1842.0,1788.0,679.0,0.0,1403.0,909.0,0.9957318599578013,58.0,46088.362419376,5010.0
1789998918.5,19.0,1.0,78.0,55.0,11.0,1433.0,1.0,1635.0,1789.0,153.0,1844.0,1789.0,679.0,0.0,1404.0,910.0,0.9968418088187962,60.0,46180.88036201,5016.0
1789998923.8,6.0,0.0,91.0,56.0,11.0,1435.0,1.0,1636.0,1791.0,153.0,1847.0,1791.0,680.0,0.0,1406.0,912.0,1.0168651432249758,60.0,46350.783626196004,5022.0
1789998929.3,7.0,0.0,90.0,56.0,11.0,1441.0,1.0,1636.0,1797.0,153.0,1853.0,1797.0,684.0,0.0,1410.0,918.0,0.9860731144726961,60.0,46903.88366714,5034.0
1789998934.6,13.0,0.0,84.0,56.0,11.0,1447.0,1.0,1636.0,1803.0,153.0,1859.0,1803.0,690.0,0.0,1416.0,924.0,0.9959540285377105,60.0,47424.45958787,5046.0
1789998940.0,15.0,0.0,82.0,56.0,11.0,1449.0,1.0,1636.0,1805.0,153.0,1861.0,1805.0,691.0,0.0,1418.0,926.0,0.9960881343203519,62.0,47551.946487932,5050.0
1789998945.5,15.0,0.0,85.0,53.0,11.0,1458.0,1.0,1637.0,1814.0,153.0,1867.0,1814.0,696.0,0.0,1427.0,933.0,0.9961864785609555,54.0,48349.11950863,5070.0
1789998951.0,17.0,0.0,83.0,53.0,11.0,1459.0,1.0,1638.0,1816.0,153.0,1869.0,1816.0,696.0,0.0,1428.0,934.0,0.9987344884311411,54.0,48436.341217462,5076.0
1789998956.5,22.0,0.0,77.0,54.0,11.0,1462.0,1.0,1640.0,1821.0,153.0,1875.0,1821.0,698.0,0.0,1431.0,937.0,0.9977975360297536,58.0,48715.444247888,5090.0
1789998962.1,26.0,1.0,73.0,53.0,11.0,1468.0,1.0,1641.0,1827.0,153.0,1880.0,1827.0,702.0,0.0,1436.0,943.0,1.0395352787612202,52.0,49398.94360089,5104.0
1789998967.9,28.0,1.0,71.0,53.0,11.0,1471.0,1.0,1643.0,1830.0,153.0,1883.0,1830.0,705.0,0.0,1439.0,946.0,0.9734068233022208,58.0,49647.369334714,5114.0
1789998973.4,25.0,0.0,75.0,53.0,11.0,1474.0,1.0,1644.0,1834.0,153.0,1887.0,1834.0,707.0,0.0,1442.0,949.0,0.9998632121017058,56.0,49874.84764696,5124.0
1789998978.8,29.0,0.0,70.0,54.0,11.0,1477.0,1.0,1646.0,1838.0,153.0,1892.0,1838.0,708.0,0.0,1445.0,952.0,0.9999436755712906,60.0,50153.643907424,5136.0
1789998984.3,20.0,0.0,80.0,53.0,11.0,1482.0,1.0,1647.0,1843.0,153.0,1896.0,1843.0,712.0,0.0,1450.0,956.0,1.000383095519079,56.0,50461.77786433,5148.0
1789998990.0,24.0,0.0,76.0,53.0,11.0,1486.0,1.0,1648.0,1847.0,153.0,1900.0,1847.0,715.0,0.0,1454.0,960.0,0.9991837428029897,56.0,50789.820846546,5158.0
1789998995.9,13.0,0.0,88.0,52.0,12.0,1491.0,1.0,1649.0,1852.0,153.0,1904.0,1852.0,719.0,0.0,1459.0,965.0,0.9917122626327647,52.0,51277.025144988,5170.0
1789999001.6,16.0,1.0,84.0,52.0,12.0,1495.0,1.0,1649.0,1856.0,153.0,1908.0,1856.0,723.0,0.0,1463.0,969.0,0.9977921717984479,54.0,51612.878785532,5178.0
1789999007.3,21.0,0.0,80.0,52.0,12.0,1500.0,1.0,1650.0,1862.0,153.0,1914.0,1862.0,726.0,0.0,1469.0,973.0,0.9979262775810893,50.0,51889.971337724,5192.0
1789999013.3,27.0,1.0,75.0,51.0,12.0,1506.0,1.0,1650.0,1868.0,154.0,1919.0,1868.0,730.0,0.0,1474.0,977.0,0.9997027321818117,48.0,52303.056143088,5206.0
1789999018.9,20.0,0.0,82.0,52.0,12.0,1509.0,1.0,1651.0,1873.0,154.0,1925.0,1873.0,731.0,0.0,1478.0,979.0,0.9916975109966741,50.0,52445.914395948,5218.0
1789999024.6,23.0,0.0,80.0,51.0,12.0,1512.0,1.0,1653.0,1876.0,154.0,1927.0,1876.0,734.0,0.0,1481.0,982.0,0.9962244751993706,48.0,52622.677441014,5228.0
1789999030.3,26.0,0.0,76.0,52.0,12.0,1515.0,1.0,1654.0,1879.0,154.0,1931.0,1879.0,735.0,0.0,1484.0,984.0,0.9977908307406216,48.0,52727.507919206,5236.0
1789999036.0,31.0,1.0,72.0,50.0,12.0,1520.0,1.0,1656.0,1885.0,154.0,1935.0,1885.0,738.0,0.0,1489.0,988.0,0.9973925365661768,46.0,52920.0074882,5252.0
1789999041.6,33.0,2.0,70.0,49.0,12.0,1522.0,1.0,1658.0,1889.0,154.0,1938.0,1889.0,738.0,0.0,1490.0,988.0,1.0201963308657869,44.0,47724.318537064,4508.0
1789999047.1,26.0,1.0,77.0,51.0,12.0,1524.0,1.0,1661.0,1893.0,155.0,1944.0,1893.0,740.0,0.0,1492.0,990.0,0.9686943461002039,48.0,47962.92730903,4524.0
1789999052.5,30.0,0.0,73.0,52.0,12.0,1528.0,1.0,1664.0,1897.0,155.0,1949.0,1897.0,740.0,0.0,1496.0,991.0,0.9931132210420913,50.0,48178.628711822,4538.0
1789999058.1,30.0,1.0,72.0,52.0,12.0,1530.0,1.0,1664.0,1899.0,155.0,1951.0,1899.0,740.0,0.0,1498.0,992.0,0.9931579229696385,48.0,48317.59275569,4542.0
1789999063.6,33.0,0.0,68.0,54.0,12.0,1534.0,1.0,1665.0,1903.0,155.0,1957.0,1903.0,742.0,0.0,1501.0,996.0,0.9932294460537139,50.0,48901.89317547,4552.0
1789999068.9,21.0,0.0,79.0,55.0,12.0,1535.0,1.0,1666.0,1905.0,155.0,1960.0,1905.0,743.0,0.0,1502.0,997.0,0.9748109108464758,54.0,48938.16710135,4558.0
1789999074.4,25.0,0.0,75.0,55.0,12.0,1539.0,1.0,1666.0,1911.0,155.0,1966.0,1911.0,746.0,0.0,1506.0,1000.0,0.9997796194971927,56.0,49191.643483378,4570.0
1789999080.8,27.0,2.0,70.0,56.0,12.0,1542.0,1.0,1666.0,1915.0,155.0,1971.0,1915.0,749.0,0.0,1509.0,1003.0,0.9929697278546651,56.0,49450.115211954,4578.0
1789999086.4,29.0,0.0,71.0,55.0,12.0,1546.0,1.0,1670.0,1919.0,155.0,1974.0,1919.0,753.0,0.0,1513.0,1007.0,1.0093042591996566,56.0,49608.508729788,4594.0
1789999091.7,31.0,3.0,67.0,55.0,13.0,1551.0,1.0,1675.0,1924.0,156.0,1979.0,1924.0,757.0,0.0,1518.0,1011.0,1.0133439723920896,50.0,50092.677282,4616.0
1789999097.1,22.0,0.0,79.0,55.0,13.0,1554.0,1.0,1677.0,1927.0,156.0,1982.0,1927.0,758.0,0.0,1521.0,1012.0,1.0304576583342273,52.0,50230.510165994,4626.0
1789999102.6,26.0,0.0,73.0,57.0,13.0,1557.0,1.0,1678.0,1931.0,156.0,1988.0,1931.0,760.0,0.0,1524.0,1014.0,0.9976200693773916,54.0,50613.012783092,4636.0
1789999107.9,28.0,1.0,70.0,57.0,13.0,1560.0,1.0,1678.0,1934.0,156.0,1991.0,1934.0,762.0,0.0,1526.0,1017.0,0.9978167578585989,54.0,50993.54963598,4642.0
1789999113.4,30.0,1.0,69.0,56.0,13.0,1563.0,1.0,1682.0,1937.0,156.0,1993.0,1937.0,763.0,0.0,1529.0,1019.0,1.001518971498051,54.0,51085.742177808,4656.0
1789999118.9,23.0,0.0,75.0,58.0,13.0,1571.0,1.0,1682.0,1945.0,156.0,2003.0,1945.0,768.0,0.0,1536.0,1027.0,0.9998502485427172,56.0,51946.41654757,4672.0
1789999124.3,10.0,0.0,90.0,56.0,13.0,1574.0,1.0,1684.0,1948.0,156.0,2004.0,1948.0,771.0,0.0,1539.0,1030.0,0.9999575331688303,56.0,52249.76601544,4682.0
1789999129.7,7.0,0.0,92.0,57.0,13.0,1574.0,1.0,1684.0,1948.0,156.0,2005.0,1948.0,771.0,0.0,1539.0,1030.0,0.9848639273325466,56.0,52249.76601544,4682.0
1789999135.4,2.0,0.0,96.0,58.0,13.0,1576.0,1.0,1689.0,1950.0,156.0,2008.0,1950.0,773.0,0.0,1540.0,1032.0,0.9946648249472517,60.0,52593.985107242,4696.0
1789999141.0,10.0,0.0,87.0,59.0,13.0,1583.0,1.0,1689.0,1958.0,156.0,2017.0,1958.0,779.0,0.0,1547.0,1039.0,0.9998989736437435,60.0,52929.882101316,4712.0
1789999146.7,15.0,1.0,82.0,58.0,13.0,1588.0,1.0,1689.0,1964.0,156.0,2022.0,1964.0,783.0,0.0,1552.0,1044.0,0.9999526159568001,60.0,53267.051780248,4724.0
1789999152.1,18.0,0.0,79.0,59.0,13.0,1591.0,1.0,1689.0,1967.0,156.0,2026.0,1967.0,786.0,0.0,1555.0,1048.0,0.9969093087293924,62.0,53391.592496164,4730.0
1789999157.7,16.0,0.0,80.0,60.0,13.0,1596.0,1.0,1690.0,1972.0,156.0,2032.0,1972.0,790.0,0.0,1560.0,1052.0,0.996544541000608,64.0,53930.723457764,4742.0
1789999163.3,18.0,0.0,78.0,60.0,13.0,1598.0,1.0,1692.0,1974.0,156.0,2034.0,1974.0,791.0,0.0,1562.0,1054.0,0.9965892429281551,62.0,54028.979373436,4750.0
1789999168.8,15.0,0.0,80.0,61.0,13.0,1601.0,1.0,1692.0,1977.0,156.0,2038.0,1977.0,792.0,0.0,1565.0,1056.0,0.995017076136323,64.0,54205.609327744,4756.0
1789999174.3,18.0,0.0,77.0,61.0,13.0,1604.0,1.0,1693.0,1980.0,156.0,2041.0,1980.0,794.0,0.0,1568.0,1059.0,0.9975641919679576,64.0,54601.540350359996,4764.0
1789999179.8,18.0,0.0,78.0,60.0,13.0,1606.0,1.0,1694.0,1982.0,156.0,2042.0,1982.0,794.0,0.0,1570.0,1061.0,1.0000156456746414,64.0,54804.788875387996,4770.0
1789999185.3,17.0,0.0,78.0,61.0,13.0,1611.0,1.0,1694.0,1988.0,156.0,2049.0,1988.0,799.0,0.0,1575.0,1066.0,1.0000961091442262,64.0,55148.396366151996,4782.0
1789999190.9,21.0,1.0,73.0,61.0,13.0,1615.0,1.0,1695.0,1993.0,156.0,2054.0,1993.0,803.0,0.0,1579.0,1070.0,0.9894490040410543,64.0,55514.62204272,4794.0
1789999196.3,25.0,1.0,71.0,59.0,13.0,1620.0,1.0,1696.0,1998.0,156.0,2057.0,1998.0,805.0,0.0,1583.0,1074.0,0.9691905374959768,60.0,55883.491805002,4806.0
1789999201.9,7.0,0.0,89.0,60.0,13.0,1622.0,1.0,1697.0,2001.0,156.0,2061.0,2001.0,806.0,0.0,1584.0,1075.0,0.9966527196652719,64.0,56260.331521793996,4814.0
1789999207.6,16.0,1.0,80.0,59.0,13.0,1628.0,1.0,1697.0,2011.0,156.0,2070.0,2011.0,808.0,0.0,1590.0,1081.0,0.9967063619783285,60.0,56772.416762728,4834.0
1789999213.1,11.0,0.0,85.0,60.0,13.0,1630.0,1.0,1699.0,2014.0,156.0,2074.0,2014.0,810.0,0.0,1592.0,1083.0,0.9916966169581233,64.0,56971.503387602,4844.0
1789999218.7,13.0,0.0,81.0,62.0,13.0,1632.0,1.0,1699.0,2016.0,156.0,2078.0,2016.0,812.0,0.0,1594.0,1085.0,0.9665392661731574,64.0,57160.854351702,4848.0
1789999224.2,17.0,0.0,79.0,60.0,13.0,1635.0,1.0,1700.0,2021.0,156.0,2081.0,2021.0,815.0,0.0,1597.0,1088.0,0.9995310767800307,60.0,57509.330241624,4860.0
1789999229.6,12.0,2.0,81.0,61.0,13.0,1640.0,1.0,1702.0,2026.0,156.0,2087.0,2026.0,818.0,0.0,1602.0,1093.0,0.9802958373565068,58.0,57886.351841008,4874.0
1789999235.2,19.0,1.0,74.0,62.0,13.0,1645.0,1.0,1703.0,2033.0,156.0,2095.0,2033.0,823.0,0.0,1608.0,1098.0,0.9791885706111647,62.0,58362.594748179996,4890.0
1789999240.7,24.0,2.0,70.0,60.0,13.0,1650.0,1.0,1704.0,2039.0,156.0,2099.0,2039.0,827.0,0.0,1613.0,1103.0,0.9859054822443943,62.0,59040.074353616,4904.0
1789999246.1,23.0,0.0,73.0,60.0,13.0,1653.0,1.0,1706.0,2042.0,156.0,2102.0,2042.0,830.0,0.0,1615.0,1106.0,1.073332171083217,60.0,59532.978762882,4914.0
1789999251.8,24.0,0.0,72.0,60.0,13.0,1654.0,1.0,1706.0,2043.0,156.0,2103.0,2043.0,831.0,0.0,1616.0,1107.0,1.0733947537817832,64.0,59618.909646616,4916.0
1789999257.4,27.0,0.0,70.0,59.0,13.0,1657.0,1.0,1706.0,2047.0,156.0,2106.0,2047.0,832.0,0.0,1619.0,1110.0,1.0734483960948396,62.0,59873.63276901,4924.0
1789999263.4,30.0,2.0,65.0,59.0,13.0,1661.0,1.0,1708.0,2052.0,156.0,2111.0,2052.0,835.0,0.0,1624.0,1114.0,0.9794853914100776,60.0,60141.291289791996,4938.0
1789999269.2,22.0,1.0,76.0,57.0,13.0,1666.0,1.0,1710.0,2057.0,156.0,2114.0,2057.0,839.0,0.0,1628.0,1119.0,0.9987698029539034,54.0,60517.135172528,4952.0
1789999274.9,14.0,0.0,85.0,57.0,13.0,1667.0,1.0,1712.0,2058.0,156.0,2115.0,2058.0,840.0,0.0,1629.0,1120.0,0.9988234452669599,56.0,60585.312692518,4958.0
1789999280.6,15.0,0.0,81.0,60.0,13.0,1668.0,1.0,1714.0,2059.0,156.0,2119.0,2059.0,841.0,0.0,1630.0,1121.0,0.9989754318206201,62.0,60723.18085037,4964.0
1789999286.1,17.0,0.0,78.0,61.0,13.0,1670.0,1.0,1714.0,2061.0,156.0,2122.0,2061.0,842.0,0.0,1632.0,1123.0,0.9968243750670529,62.0,60970.743648282,4968.0
1789999291.7,20.0,1.0,74.0,61.0,13.0,1674.0,1.0,1714.0,2065.0,156.0,2126.0,2065.0,845.0,0.0,1635.0,1126.0,0.9993723849372385,64.0,61393.23515029,4976.0
1789999297.4,25.0,0.0,71.0,60.0,13.0,1678.0,1.0,1717.0,2069.0,156.0,2129.0,2069.0,849.0,0.0,1639.0,1130.0,0.9934641311733362,64.0,61756.13919234,4990.0
1789999303.3,12.0,0.0,83.0,61.0,13.0,1683.0,1.0,1719.0,2074.0,156.0,2135.0,2074.0,854.0,0.0,1644.0,1135.0,0.9840530343668419,58.0,62151.639866866,5004.0
1789999308.8,16.0,0.0,79.0,61.0,13.0,1687.0,1.0,1719.0,2078.0,156.0,2139.0,2078.0,856.0,0.0,1648.0,1138.0,0.9991685441476237,64.0,62359.810222592,5012.0
1789999314.4,18.0,1.0,76.0,61.0,13.0,1693.0,1.0,1719.0,2084.0,156.0,2145.0,2084.0,857.0,0.0,1654.0,1141.0,0.9936693130207774,56.0,62682.779699836,5024.0
1789999320.3,14.0,0.0,81.0,61.0,13.0,1698.0,1.0,1720.0,2089.0,156.0,2150.0,2089.0,861.0,0.0,1659.0,1145.0,0.974550298608876,62.0,63225.142697562,5036.0
1789999325.8,15.0,0.0,79.0,62.0,13.0,1700.0,1.0,1720.0,2091.0,156.0,2153.0,2091.0,861.0,0.0,1660.0,1147.0,0.9892013553624432,66.0,63815.063386236,5040.0
1789999332.4,18.0,1.0,75.0,62.0,13.0,1706.0,1.0,1722.0,2098.0,156.0,2160.0,2098.0,866.0,0.0,1666.0,1153.0,0.9918682723599042,70.0,64465.75333763,5058.0
1789999338.9,20.0,0.0,73.0,63.0,13.0,1708.0,1.0,1723.0,2100.0,156.0,2163.0,2100.0,867.0,0.0,1668.0,1155.0,0.9844021564209848,72.0,58986.218709226,4514.0
1789999344.6,13.0,0.0,80.0,63.0,14.0,1711.0,1.0,1724.0,2104.0,156.0,2167.0,2104.0,869.0,0.0,1671.0,1158.0,0.9844379179630226,70.0,59321.858026067996,4524.0
1789999350.2,6.0,0.0,88.0,62.0,14.0,1712.0,1.0,1726.0,2105.0,156.0,2167.0,2105.0,869.0,0.0,1672.0,1158.0,0.9845094410470979,68.0,59350.65825091,4530.0
1789999356.1,11.0,0.0,84.0,61.0,14.0,1716.0,1.0,1726.0,2110.0,156.0,2171.0,2110.0,871.0,0.0,1676.0,1161.0,0.9845988449021922,66.0,59664.260817688,4540.0
1789999362.3,11.0,0.0,84.0,61.0,14.0,1719.0,1.0,1728.0,2115.0,156.0,2176.0,2115.0,873.0,0.0,1679.0,1164.0,0.9899773808246611,64.0,60005.25032824,4554.0
1789999368.0,9.0,0.0,85.0,62.0,14.0,1722.0,1.0,1729.0,2119.0,156.0,2181.0,2119.0,874.0,0.0,1682.0,1167.0,0.9974913278260559,64.0,60247.30996215,4564.0
1789999373.8,14.0,0.0,79.0,63.0,14.0,1727.0,1.0,1729.0,2124.0,156.0,2187.0,2124.0,876.0,0.0,1687.0,1171.0,0.9987470049708543,62.0,60778.48760631,4574.0
1789999379.6,16.0,0.0,76.0,64.0,14.0,1729.0,1.0,1730.0,2126.0,156.0,2190.0,2126.0,878.0,0.0,1689.0,1173.0,0.9885133926974932,70.0,61030.567956044,4580.0
1789999385.2,22.0,0.0,70.0,64.0,14.0,1735.0,1.0,1730.0,2132.0,156.0,2196.0,2132.0,883.0,0.0,1694.0,1179.0,0.999907019990702,70.0,61813.328536365996,4592.0
1789999390.8,18.0,1.0,75.0,63.0,14.0,1739.0,1.0,1731.0,2136.0,157.0,2199.0,2136.0,885.0,0.0,1698.0,1182.0,1.0009709258663233,70.0,62178.842801959996,4604.0
1789999396.6,18.0,0.0,75.0,64.0,14.0,1739.0,1.0,1732.0,2136.0,157.0,2200.0,2136.0,885.0,0.0,1698.0,1182.0,1.0020884740550013,70.0,62178.843253779996,4606.0
1789999402.3,19.0,0.0,73.0,65.0,14.0,1745.0,1.0,1734.0,2143.0,157.0,2208.0,2143.0,888.0,0.0,1703.0,1188.0,0.9901682580552873,72.0,63172.961923368,4624.0
1789999407.7,22.0,0.0,70.0,65.0,14.0,1748.0,1.0,1734.0,2146.0,157.0,2211.0,2146.0,891.0,0.0,1706.0,1191.0,0.9902308407538533,70.0,63378.629248976,4630.0
1789999413.4,25.0,0.0,68.0,64.0,14.0,1751.0,1.0,1735.0,2149.0,157.0,2213.0,2149.0,894.0,0.0,1709.0,1194.0,0.9903023638379287,68.0,63655.479145174,4638.0
1789999418.8,18.0,1.0,74.0,64.0,14.0,1756.0,1.0,1736.0,2154.0,157.0,2218.0,2154.0,899.0,0.0,1713.0,1199.0,0.9996812752565891,66.0,64179.72802731,4650.0
1789999424.2,19.0,0.0,73.0,65.0,14.0,1757.0,1.0,1737.0,2155.0,157.0,2220.0,2155.0,900.0,0.0,1714.0,1200.0,0.9880529628437579,72.0,64311.499577036,4654.0
1789999429.7,10.0,0.0,82.0,65.0,14.0,1760.0,1.0,1741.0,2159.0,157.0,2224.0,2159.0,901.0,0.0,1718.0,1204.0,0.9881244859278332,70.0,64640.326588084,4670.0
1789999435.5,12.0,0.0,79.0,66.0,14.0,1763.0,1.0,1743.0,2161.0,157.0,2227.0,2161.0,903.0,0.0,1720.0,1206.0,0.9991511103958802,74.0,64910.500222604,4678.0
1789999441.0,11.0,0.0,79.0,67.0,14.0,1768.0,1.0,1743.0,2166.0,157.0,2233.0,2166.0,907.0,0.0,1725.0,1211.0,0.983764706934163,70.0,65428.991400704,4688.0
1789999446.4,12.0,0.0,79.0,66.0,14.0,1769.0,1.0,1744.0,2167.0,157.0,2233.0,2167.0,908.0,0.0,1726.0,1212.0,0.9840507992704646,74.0,65471.371596794,4692.0
1789999451.9,18.0,0.0,72.0,67.0,14.0,1774.0,1.0,1745.0,2173.0,157.0,2240.0,2173.0,911.0,0.0,1731.0,1217.0,1.0000102814433358,76.0,65963.025248772,4706.0
1789999457.5,15.0,0.0,76.0,66.0,14.0,1778.0,1.0,1747.0,2178.0,157.0,2244.0,2178.0,915.0,0.0,1735.0,1221.0,1.0001086256839395,74.0,66391.150199314,4720.0
1789999463.1,15.0,0.0,75.0,67.0,14.0,1781.0,1.0,1747.0,2181.0,157.0,2248.0,2181.0,917.0,0.0,1738.0,1224.0,0.9942727890426635,74.0,66704.495115924,4726.0
1789999468.7,20.0,0.0,70.0,67.0,14.0,1786.0,1.0,1748.0,2186.0,157.0,2253.0,2186.0,921.0,0.0,1743.0,1229.0,0.99545068483353,74.0,67088.59877564,4738.0
1789999474.2,15.0,1.0,74.0,67.0,14.0,1791.0,1.0,1753.0,2191.0,157.0,2258.0,2191.0,926.0,0.0,1748.0,1234.0,0.9914659550119801,70.0,67541.554149284,4758.0
1789999480.0,18.0,0.0,74.0,66.0,14.0,1797.0,1.0,1755.0,2197.0,158.0,2263.0,2197.0,929.0,0.0,1754.0,1239.0,0.9961051210528198,72.0,67923.799594744,4776.0
1789999485.7,21.0,0.0,71.0,66.0,14.0,1801.0,1.0,1756.0,2201.0,158.0,2267.0,2201.0,932.0,0.0,1758.0,1243.0,0.98253316883024,70.0,68134.851269582,4786.0
1789999491.5,14.0,0.0,77.0,67.0,14.0,1804.0,1.0,1758.0,2204.0,158.0,2271.0,2204.0,934.0,0.0,1761.0,1245.0,1.001308425419304,68.0,68269.440343292,4796.0
1789999497.2,13.0,0.0,77.0,68.0,14.0,1811.0,1.0,1760.0,2211.0,158.0,2279.0,2211.0,938.0,0.0,1766.0,1252.0,0.9964935808032043,72.0,69417.046231238,4814.0
1789999502.6,9.0,0.0,81.0,68.0,14.0,1812.0,1.0,1760.0,2212.0,158.0,2280.0,2212.0,939.0,0.0,1767.0,1253.0,0.9965293423452419,76.0,69527.394931944,4816.0
1789999508.5,12.0,0.0,78.0,68.0,14.0,1815.0,1.0,1761.0,2215.0,158.0,2283.0,2215.0,941.0,0.0,1770.0,1255.0,0.9967528519829775,76.0,69753.484718196,4824.0
1789999514.5,16.0,0.0,74.0,68.0,14.0,1819.0,1.0,1761.0,2219.0,158.0,2287.0,2219.0,943.0,0.0,1774.0,1259.0,0.9926273110896542,76.0,70099.334110206,4832.0
1789999520.6,15.0,2.0,74.0,67.0,14.0,1821.0,1.0,1763.0,2223.0,158.0,2290.0,2223.0,943.0,0.0,1776.0,1261.0,0.9994322855201516,76.0,70223.039654142,4844.0
1789999526.4,24.0,0.0,66.0,68.0,14.0,1828.0,1.0,1764.0,2231.0,158.0,2299.0,2231.0,949.0,0.0,1780.0,1268.0,0.9985284125451489,76.0,71666.530399814,4862.0
1789999532.4,29.0,0.0,62.0,67.0,14.0,1833.0,1.0,1765.0,2236.0,158.0,2303.0,2236.0,953.0,0.0,1782.0,1273.0,0.9962338626041555,72.0,72195.677778044,4874.0
1789999537.8,24.0,0.0,68.0,66.0,14.0,1835.0,1.0,1765.0,2238.0,158.0,2304.0,2238.0,955.0,0.0,1784.0,1275.0,0.9983750849336623,72.0,72394.825246824,4878.0
1789999543.3,25.0,1.0,66.0,66.0,14.0,1837.0,1.0,1766.0,2240.0,158.0,2306.0,2240.0,957.0,0.0,1786.0,1277.0,0.9983929657046812,72.0,72561.405433734,4884.0
1789999548.8,21.0,1.0,69.0,67.0,14.0,1840.0,1.0,1768.0,2243.0,158.0,2310.0,2243.0,959.0,0.0,1788.0,1280.0,0.996334888960412,74.0,72952.059398788,4894.0
1789999554.3,16.0,0.0,76.0,66.0,14.0,1845.0,1.0,1769.0,2248.0,158.0,2314.0,2248.0,962.0,0.0,1793.0,1285.0,0.9967179844794908,72.0,73425.041573936,4906.0
1789999559.7,16.0,1.0,75.0,66.0,15.0,1848.0,1.0,1771.0,2251.0,158.0,2317.0,2251.0,965.0,0.0,1796.0,1288.0,1.0223286128097844,70.0,73768.239624416,4916.0
1789999565.2,19.0,0.0,72.0,67.0,15.0,1850.0,1.0,1773.0,2253.0,158.0,2320.0,2253.0,966.0,0.0,1798.0,1290.0,0.9893537889353788,70.0,73983.581673168,4924.0
1789999570.7,7.0,0.0,84.0,67.0,15.0,1853.0,1.0,1774.0,2257.0,158.0,2324.0,2257.0,968.0,0.0,1801.0,1293.0,1.0245002324500232,72.0,74150.239746432,4934.0
1789999576.2,10.0,0.0,79.0,69.0,15.0,1857.0,1.0,1776.0,2261.0,158.0,2330.0,2261.0,971.0,0.0,1805.0,1296.0,0.9915830740621535,74.0,74530.87541752,4946.0
1789999582.3,14.0,0.0,74.0,70.0,15.0,1861.0,1.0,1777.0,2265.0,158.0,2335.0,2265.0,972.0,0.0,1809.0,1299.0,0.9975480992740406,80.0,74926.445959806,4956.0
1789999587.8,17.0,1.0,71.0,69.0,15.0,1865.0,1.0,1777.0,2269.0,158.0,2338.0,2269.0,974.0,0.0,1813.0,1303.0,0.9863024353610128,76.0,75299.26195525,4964.0
1789999593.2,15.0,0.0,73.0,70.0,15.0,1867.0,1.0,1778.0,2271.0,158.0,2341.0,2271.0,976.0,0.0,1815.0,1305.0,0.9866958123234274,80.0,75561.048321652,4970.0
1789999598.7,19.0,2.0,70.0,68.0,15.0,1872.0,1.0,1781.0,2276.0,159.0,2344.0,2276.0,980.0,0.0,1820.0,1310.0,1.0342117262096342,74.0,75968.429129942,4988.0
1789999604.2,18.0,0.0,71.0,70.0,15.0,1875.0,1.0,1781.0,2279.0,159.0,2349.0,2279.0,982.0,0.0,1823.0,1313.0,0.9954842112791904,78.0,76249.470290384,4994.0
1789999609.7,16.0,1.0,73.0,69.0,15.0,1880.0,1.0,1782.0,2284.0,159.0,2353.0,2284.0,986.0,0.0,1827.0,1318.0,0.9973058148267353,74.0,77186.719457168,5006.0
1789999615.3,19.0,0.0,70.0,70.0,15.0,1883.0,1.0,1782.0,2287.0,159.0,2357.0,2287.0,989.0,0.0,1830.0,1321.0,0.9967094911132568,76.0,77663.2330084,5012.0
1789999620.8,22.0,0.0,67.0,70.0,15.0,1886.0,1.0,1782.0,2290.0,159.0,2360.0,2290.0,991.0,0.0,1833.0,1324.0,0.9950868111432964,74.0,78109.94755682,5018.0
1789999626.5,23.0,0.0,66.0,70.0,15.0,1888.0,1.0,1784.0,2292.0,159.0,2362.0,2292.0,992.0,0.0,1834.0,1326.0,0.9955914959053035,78.0,78316.002408884,5026.0
1789999632.3,27.0,1.0,62.0,69.0,15.0,1892.0,1.0,1784.0,2297.0,159.0,2366.0,2297.0,993.0,0.0,1838.0,1330.0,0.999194471265601,74.0,78781.161244384,5036.0
1789999637.8,18.0,0.0,72.0,69.0,15.0,1894.0,1.0,1787.0,2299.0,159.0,2368.0,2299.0,993.0,0.0,1840.0,1331.0,0.9862161606408468,76.0,78910.959341252,5046.0
1789999643.3,21.0,0.0,69.0,69.0,15.0,1898.0,1.0,1787.0,2303.0,159.0,2372.0,2303.0,996.0,0.0,1843.0,1334.0,0.998185995780138,72.0,73002.522618204,4672.0
1789999648.8,24.0,0.0,66.0,69.0,15.0,1901.0,1.0,1790.0,2306.0,159.0,2375.0,2306.0,997.0,0.0,1846.0,1337.0,0.999039802596288,74.0,73375.173005296,4684.0
1789999654.1,23.0,0.0,65.0,71.0,15.0,1904.0,1.0,1793.0,2310.0,159.0,2381.0,2310.0,1000.0,0.0,1849.0,1340.0,0.9778577942280872,76.0,73724.452722992,4698.0
1789999659.5,12.0,0.0,78.0,69.0,15.0,1908.0,1.0,1797.0,2314.0,159.0,2383.0,2314.0,1004.0,0.0,1852.0,1344.0,1.0178767478453672,72.0,74112.331857424,4714.0
1789999665.0,15.0,1.0,75.0,68.0,15.0,1912.0,1.0,1798.0,2319.0,159.0,2387.0,2319.0,1007.0,0.0,1856.0,1347.0,0.9834236312269785,72.0,74395.59686839,4726.0
1789999670.5,5.0,0.0,84.0,70.0,15.0,1914.0,1.0,1803.0,2321.0,159.0,2391.0,2321.0,1008.0,0.0,1857.0,1348.0,0.9956683832206845,78.0,74649.527489078,4740.0
1789999676.1,6.0,0.0,84.0,69.0,15.0,1920.0,1.0,1804.0,2327.0,159.0,2396.0,2327.0,1014.0,0.0,1863.0,1354.0,0.9957309659192505,74.0,75393.31465151,4754.0
1789999681.4,6.0,0.0,84.0,69.0,15.0,1921.0,1.0,1805.0,2329.0,159.0,2398.0,2329.0,1015.0,0.0,1864.0,1355.0,0.999821639309087,78.0,75426.99707613,4760.0
1789999686.7,12.0,0.0,77.0,70.0,15.0,1926.0,1.0,1807.0,2335.0,159.0,2405.0,2335.0,1018.0,0.0,1868.0,1360.0,0.9893555770124808,76.0,76222.59192193,4776.0
1789999692.0,11.0,0.0,77.0,71.0,15.0,1927.0,1.0,1807.0,2336.0,159.0,2407.0,2336.0,1018.0,0.0,1869.0,1361.0,0.9870002324500232,82.0,76316.893523114,4778.0
1789999697.6,14.0,0.0,74.0,71.0,15.0,1930.0,1.0,1808.0,2339.0,159.0,2410.0,2339.0,1021.0,0.0,1872.0,1364.0,0.9991032793334048,80.0,76725.977387332,4786.0
1789999703.2,18.0,1.0,69.0,71.0,15.0,1935.0,1.0,1810.0,2344.0,159.0,2415.0,2344.0,1025.0,0.0,1876.0,1369.0,1.0012842863784286,82.0,77733.131854448,4800.0
1789999708.8,11.0,0.0,75.0,73.0,15.0,1937.0,1.0,1812.0,2346.0,159.0,2419.0,2346.0,1027.0,0.0,1878.0,1371.0,0.9828036154919,84.0,78036.403254778,4808.0
1789999714.1,14.0,0.0,72.0,73.0,15.0,1940.0,1.0,1812.0,2349.0,159.0,2422.0,2349.0,1030.0,0.0,1881.0,1374.0,0.9892263884418696,86.0,78480.74001918,4814.0
1789999719.4,17.0,0.0,69.0,73.0,15.0,1943.0,1.0,1813.0,2352.0,159.0,2425.0,2352.0,1033.0,0.0,1882.0,1377.0,0.9893157922969639,86.0,78992.228325164,4822.0
1789999724.9,19.0,0.0,67.0,73.0,15.0,1945.0,1.0,1813.0,2354.0,159.0,2427.0,2354.0,1034.0,0.0,1884.0,1379.0,0.9920372456460322,86.0,79235.767284588,4826.0
1789999730.3,20.0,0.0,70.0,69.0,15.0,1953.0,1.0,1815.0,2363.0,159.0,2432.0,2363.0,1041.0,0.0,1892.0,1387.0,0.9996021528448307,76.0,79975.6103472,4848.0
1789999735.7,14.0,0.0,77.0,68.0,15.0,1955.0,1.0,1816.0,2365.0,159.0,2433.0,2365.0,1042.0,0.0,1894.0,1389.0,1.0002905625290563,76.0,80180.372792612,4854.0
1789999741.1,4.0,0.0,85.0,70.0,15.0,1958.0,1.0,1818.0,2368.0,159.0,2438.0,2368.0,1045.0,0.0,1897.0,1392.0,0.9830678038837035,76.0,80430.043219904,4864.0
1789999746.6,3.0,0.0,88.0,68.0,16.0,1964.0,1.0,1820.0,2374.0,159.0,2442.0,2374.0,1049.0,0.0,1903.0,1398.0,0.9914091835639953,72.0,81278.6160585,4880.0
1789999752.0,4.0,0.0,87.0,68.0,16.0,1965.0,1.0,1820.0,2375.0,159.0,2443.0,2375.0,1049.0,0.0,1904.0,1399.0,0.9854942245109609,76.0,81401.030975198,4882.0
1789999757.6,4.0,0.0,87.0,68.0,16.0,1969.0,1.0,1821.0,2379.0,159.0,2447.0,2379.0,1050.0,0.0,1908.0,1402.0,0.9827240460608662,74.0,81752.541603756,4892.0
1789999763.2,9.0,0.0,80.0,70.0,16.0,1974.0,1.0,1821.0,2384.0,159.0,2454.0,2384.0,1055.0,0.0,1912.0,1407.0,0.994295140006437,78.0,82451.450706084,4902.0
1789999768.6,12.0,0.0,78.0,69.0,16.0,1977.0,1.0,1822.0,2387.0,159.0,2456.0,2387.0,1057.0,0.0,1915.0,1410.0,0.994357722705003,78.0,82695.496642002,4910.0
1789999774.3,13.0,0.0,77.0,69.0,17.0,1981.0,1.0,1825.0,2391.0,159.0,2460.0,2391.0,1060.0,0.0,1919.0,1414.0,0.9918727425526589,74.0,83024.223173172,4924.0
1789999780.0,14.0,0.0,75.0,70.0,17.0,1983.0,1.0,1827.0,2393.0,159.0,2463.0,2393.0,1062.0,0.0,1921.0,1416.0,0.9938087830347244,76.0,83262.041216808,4932.0
1789999785.5,21.0,0.0,68.0,70.0,17.0,1989.0,1.0,1827.0,2400.0,159.0,2470.0,2400.0,1065.0,0.0,1928.0,1422.0,0.9987233129492544,74.0,83981.583211606,4946.0
1789999790.8,23.0,0.0,66.0,70.0,17.0,1991.0,1.0,1827.0,2402.0,159.0,2472.0,2402.0,1066.0,0.0,1929.0,1424.0,0.9998498015234417,76.0,84583.110034834,4950.0
1789999796.2,24.0,0.0,65.0,70.0,17.0,1992.0,1.0,1828.0,2403.0,159.0,2473.0,2403.0,1067.0,0.0,1930.0,1425.0,0.9999302649930265,78.0,84721.92904301,4954.0
1789999801.6,24.0,2.0,63.0,70.0,17.0,1994.0,1.0,1830.0,2405.0,159.0,2475.0,2405.0,1067.0,0.0,1932.0,1427.0,0.9999928476915925,78.0,84956.498626394,4962.0
1789999807.1,24.0,1.0,62.0,72.0,17.0,1996.0,1.0,1830.0,2407.0,159.0,2479.0,2407.0,1068.0,0.0,1934.0,1429.0,0.9775310231377177,78.0,85203.419552692,4966.0
1789999812.6,27.0,0.0,61.0,71.0,17.0,1999.0,1.0,1833.0,2410.0,159.0,2481.0,2410.0,1071.0,0.0,1937.0,1432.0,0.9866332296248614,80.0,85491.472679774,4978.0
1789999818.1,20.0,0.0,66.0,73.0,17.0,2000.0,1.0,1836.0,2411.0,159.0,2484.0,2411.0,1072.0,0.0,1938.0,1433.0,0.9876703143439545,84.0,85643.11573211,4986.0
1789999823.6,16.0,0.0,72.0,71.0,17.0,2004.0,1.0,1839.0,2415.0,159.0,2486.0,2415.0,1075.0,0.0,1942.0,1436.0,1.0015051139005113,80.0,86055.103808714,5000.0
1789999829.8,3.0,0.0,86.0,70.0,17.0,2008.0,1.0,1840.0,2419.0,159.0,2489.0,2419.0,1078.0,0.0,1945.0,1440.0,0.997466741765905,76.0,86933.57169764,5010.0
1789999835.6,7.0,0.0,82.0,70.0,17.0,2011.0,1.0,1841.0,2423.0,159.0,2493.0,2423.0,1081.0,0.0,1948.0,1443.0,0.9995990237099024,78.0,87298.069329248,5020.0
1789999841.0,7.0,1.0,82.0,69.0,17.0,2015.0,1.0,1842.0,2427.0,159.0,2496.0,2427.0,1085.0,0.0,1952.0,1447.0,0.9969039444980867,72.0,87706.369014874,5030.0
1789999846.6,11.0,0.0,78.0,70.0,17.0,2018.0,1.0,1842.0,2431.0,159.0,2501.0,2431.0,1087.0,0.0,1955.0,1450.0,0.9976996388084254,72.0,88119.481405174,5038.0
1789999852.1,12.0,0.0,76.0,71.0,17.0,2019.0,1.0,1842.0,2432.0,159.0,2503.0,2432.0,1088.0,0.0,1956.0,1451.0,0.998790365840575,80.0,88250.346281776,5040.0
1789999857.7,16.0,0.0,73.0,70.0,17.0,2023.0,1.0,1844.0,2436.0,159.0,2506.0,2436.0,1090.0,0.0,1960.0,1455.0,0.9998761756606945,78.0,88861.819001076,5052.0
1789999863.1,13.0,0.0,76.0,70.0,17.0,2023.0,1.0,1845.0,2437.0,159.0,2507.0,2437.0,1090.0,0.0,1960.0,1455.0,0.987980992740407,78.0,88861.820208176,5056.0
1789999868.6,15.0,1.0,72.0,71.0,17.0,2026.0,1.0,1846.0,2440.0,159.0,2511.0,2440.0,1092.0,0.0,1961.0,1458.0,0.9968793584379358,78.0,89513.627730074,5064.0
1789999874.0,20.0,0.0,68.0,71.0,17.0,2030.0,1.0,1847.0,2444.0,159.0,2515.0,2444.0,1095.0,0.0,1965.0,1462.0,0.9997769373815399,80.0,89907.084057634,5074.0
1789999879.5,21.0,1.0,66.0,71.0,17.0,2032.0,1.0,1848.0,2446.0,159.0,2517.0,2446.0,1097.0,0.0,1967.0,1464.0,0.9914292994313915,80.0,90187.820014936,5079.0
1789999885.4,21.0,0.0,67.0,71.0,17.0,2036.0,1.0,1853.0,2451.0,159.0,2522.0,2451.0,1100.0,0.0,1971.0,1468.0,0.9868254479133141,78.0,90916.857374364,5100.0
1789999890.8,20.0,0.0,68.0,71.0,17.0,2039.0,1.0,1855.0,2455.0,159.0,2526.0,2455.0,1102.0,0.0,1974.0,1471.0,1.0006374494868218,78.0,91206.225216936,5112.0
1789999896.2,11.0,2.0,76.0,70.0,17.0,2042.0,1.0,1856.0,2458.0,159.0,2528.0,2458.0,1105.0,0.0,1977.0,1474.0,1.0007715552694632,76.0,91425.509301176,5120.0
1789999901.6,16.0,0.0,73.0,70.0,17.0,2047.0,1.0,1857.0,2463.0,159.0,2533.0,2463.0,1107.0,0.0,1982.0,1478.0,0.9991077495261595,74.0,91694.117341844,5132.0
1789999907.1,17.0,2.0,70.0,70.0,17.0,2049.0,1.0,1858.0,2466.0,159.0,2536.0,2466.0,1109.0,0.0,1984.0,1480.0,0.9995994707291779,78.0,92122.699971898,5140.0
1789999912.5,13.0,0.0,78.0,69.0,17.0,2054.0,1.0,1860.0,2471.0,160.0,2540.0,2471.0,1112.0,0.0,1988.0,1484.0,0.9854906483567571,72.0,92937.22976339,5156.0
1789999918.0,12.0,0.0,78.0,70.0,17.0,2057.0,1.0,1862.0,2474.0,160.0,2544.0,2474.0,1114.0,0.0,1991.0,1486.0,0.9972316096270071,74.0,93239.464340506,5166.0
1789999923.5,14.0,1.0,74.0,71.0,17.0,2060.0,1.0,1863.0,2477.0,160.0,2548.0,2477.0,1116.0,0.0,1994.0,1489.0,0.9970885634588563,72.0,93637.565540736,5174.0
1789999929.0,17.0,0.0,72.0,71.0,17.0,2061.0,1.0,1867.0,2479.0,160.0,2550.0,2479.0,1116.0,0.0,1995.0,1490.0,1.001261935414655,78.0,93850.551351794,5186.0
1789999934.4,9.0,0.0,80.0,71.0,17.0,2064.0,1.0,1868.0,2482.0,160.0,2553.0,2482.0,1117.0,0.0,1998.0,1493.0,1.0013334584987306,74.0,94195.933362152,5194.0
1789999939.7,12.0,1.0,75.0,72.0,17.0,2068.0,1.0,1868.0,2486.0,160.0,2558.0,2486.0,1121.0,0.0,2001.0,1497.0,0.9863104817079712,80.0,83817.74909078,4762.0
1789999945.1,9.0,0.0,80.0,71.0,17.0,2071.0,1.0,1870.0,2489.0,160.0,2560.0,2489.0,1123.0,0.0,2004.0,1499.0,0.9863998855630655,76.0,84055.430111394,4772.0
1789999950.4,13.0,0.0,77.0,70.0,17.0,2075.0,1.0,1871.0,2493.0,160.0,2563.0,2493.0,1126.0,0.0,2008.0,1503.0,0.9954189464649715,70.0,84463.68966623199,4782.0
1789999955.7,11.0,0.0,80.0,69.0,17.0,2079.0,1.0,1872.0,2497.0,160.0,2566.0,2497.0,1129.0,0.0,2012.0,1507.0,0.9955262310910846,72.0,84746.046116474,4792.0
1789999961.0,12.0,0.0,79.0,69.0,17.0,2082.0,1.0,1875.0,2500.0,160.0,2569.0,2500.0,1132.0,0.0,2014.0,1510.0,0.9955530522476129,72.0,85246.64609979,4804.0
1789999966.4,13.0,0.0,77.0,70.0,17.0,2082.0,1.0,1876.0,2501.0,160.0,2571.0,2501.0,1132.0,0.0,2014.0,1510.0,0.9962057003898008,74.0,85246.647561748,4808.0
1789999971.7,17.0,0.0,72.0,71.0,17.0,2085.0,1.0,1877.0,2505.0,160.0,2576.0,2505.0,1135.0,0.0,2017.0,1513.0,0.9774076458176877,76.0,85453.756598338,4818.0
1789999977.2,23.0,1.0,66.0,70.0,17.0,2091.0,1.0,1878.0,2512.0,160.0,2582.0,2512.0,1140.0,0.0,2021.0,1519.0,1.0077472910631906,76.0,86314.037427652,4834.0
1789999982.5,27.0,0.0,63.0,70.0,17.0,2095.0,1.0,1878.0,2516.0,160.0,2586.0,2516.0,1142.0,0.0,2025.0,1523.0,0.994165057397275,74.0,86711.229405146,4842.0
1789999987.8,30.0,0.0,60.0,70.0,17.0,2098.0,1.0,1880.0,2519.0,160.0,2589.0,2519.0,1143.0,0.0,2028.0,1526.0,0.9942365804813503,76.0,87042.678227298,4852.0
1789999993.3,29.0,0.0,62.0,69.0,17.0,2101.0,1.0,1882.0,2522.0,160.0,2591.0,2522.0,1145.0,0.0,2031.0,1529.0,0.9951216786467832,74.0,87338.216373006,4862.0
1789999998.6,29.0,1.0,61.0,69.0,17.0,2102.0,1.0,1882.0,2523.0,160.0,2592.0,2523.0,1146.0,0.0,2032.0,1530.0,0.9785108893895504,74.0,87519.837979256,4864.0
1790000004.2,25.0,0.0,67.0,68.0,17.0,2107.0,1.0,1885.0,2528.0,160.0,2596.0,2528.0,1150.0,0.0,2037.0,1535.0,1.0036213031505918,70.0,88086.016796432,4880.0
1790000009.5,14.0,0.0,79.0,67.0,17.0,2110.0,1.0,1886.0,2531.0,160.0,2598.0,2531.0,1152.0,0.0,2040.0,1538.0,1.0043275936058362,68.0,88379.41099043199,4888.0
1790000014.9,16.0,0.0,77.0,68.0,17.0,2115.0,1.0,1888.0,2536.0,161.0,2604.0,2536.0,1156.0,0.0,2044.0,1543.0,1.014624235597039,68.0,89585.175087984,4904.0
1790000020.2,13.0,0.0,80.0,68.0,17.0,2117.0,1.0,1888.0,2538.0,161.0,2606.0,2538.0,1158.0,0.0,2046.0,1545.0,1.0146868182956048,70.0,89739.453520044,4908.0
1790000025.7,16.0,0.0,76.0,69.0,17.0,2120.0,1.0,1889.0,2541.0,161.0,2610.0,2541.0,1159.0,0.0,2046.0,1547.0,1.014776222150699,72.0,91374.654322416,4916.0
1790000031.3,19.0,0.0,74.0,68.0,17.0,2123.0,1.0,1890.0,2544.0,161.0,2612.0,2544.0,1161.0,0.0,2048.0,1549.0,1.014794102921718,70.0,91707.145645148,4924.0
1790000036.9,6.0,0.0,86.0,69.0,17.0,2125.0,1.0,1890.0,2546.0,161.0,2615.0,2546.0,1162.0,0.0,2050.0,1551.0,0.9885594356828666,70.0,91927.565877744,4928.0
1790000042.3,7.0,1.0,85.0,68.0,17.0,2127.0,1.0,1892.0,2548.0,161.0,2616.0,2548.0,1164.0,0.0,2052.0,1553.0,0.9886846010799986,70.0,92013.467162352,4936.0
1790000047.6,12.0,0.0,79.0,70.0,17.0,2130.0,1.0,1892.0,2553.0,161.0,2623.0,2553.0,1166.0,0.0,2054.0,1555.0,0.9938087830347244,74.0,92193.85960389,4946.0
1790000053.0,12.0,2.0,78.0,69.0,17.0,2132.0,1.0,1893.0,2555.0,161.0,2624.0,2555.0,1166.0,0.0,2056.0,1556.0,0.9995485105317742,72.0,92242.512231388,4952.0
1790000058.4,10.0,1.0,80.0,70.0,17.0,2134.0,1.0,1894.0,2557.0,161.0,2627.0,2557.0,1167.0,0.0,2057.0,1557.0,1.0182365983621213,72.0,92446.65095665799,4958.0
1790000064.0,9.0,0.0,80.0,72.0,17.0,2137.0,1.0,1894.0,2562.0,161.0,2634.0,2562.0,1168.0,0.0,2059.0,1559.0,0.9848022386725316,74.0,92762.922462296,4968.0
1790000069.5,12.0,0.0,75.0,74.0,17.0,2140.0,1.0,1894.0,2565.0,161.0,2639.0,2565.0,1170.0,0.0,2061.0,1562.0,0.9908428101419733,76.0,93722.259227048,4974.0
1790000075.3,15.0,1.0,72.0,73.0,17.0,2142.0,1.0,1894.0,2569.0,161.0,2642.0,2569.0,1172.0,0.0,2063.0,1564.0,0.9932111182634196,78.0,93929.29225252199,4982.0
1790000080.7,14.0,0.0,74.0,73.0,17.0,2144.0,1.0,1897.0,2571.0,161.0,2644.0,2571.0,1173.0,0.0,2065.0,1566.0,0.9933184028895325,80.0,94209.877010456,4992.0
1790000086.1,17.0,0.0,71.0,73.0,17.0,2148.0,1.0,1897.0,2575.0,161.0,2648.0,2575.0,1176.0,0.0,2069.0,1570.0,0.9990295211529521,78.0,94609.54570683,5000.0
1790000091.5,18.0,0.0,69.0,74.0,17.0,2150.0,1.0,1898.0,2577.0,161.0,2651.0,2577.0,1178.0,0.0,2071.0,1572.0,0.970529360226013,80.0,94826.341677518,5006.0
1790000097.1,14.0,0.0,74.0,73.0,17.0,2154.0,1.0,1899.0,2582.0,161.0,2655.0,2582.0,1180.0,0.0,2075.0,1575.0,0.9695937488824518,78.0,95401.890633198,5018.0
1790000102.7,13.0,0.0,75.0,73.0,17.0,2156.0,1.0,1901.0,2584.0,161.0,2657.0,2584.0,1182.0,0.0,2077.0,1577.0,0.9839086471408647,78.0,95643.514081146,5026.0
1790000108.2,15.0,2.0,73.0,71.0,17.0,2160.0,1.0,1902.0,2588.0,161.0,2659.0,2588.0,1184.0,0.0,2080.0,1581.0,0.9843467260308264,76.0,96340.52595012399,5036.0
1790000113.8,12.0,0.0,77.0,72.0,17.0,2165.0,1.0,1903.0,2593.0,161.0,2665.0,2593.0,1188.0,0.0,2085.0,1586.0,0.9967796731395058,76.0,97245.235257468,5048.0
1790000119.2,7.0,0.0,82.0,72.0,17.0,2167.0,1.0,1903.0,2595.0,161.0,2667.0,2595.0,1190.0,0.0,2087.0,1588.0,0.9968064942960341,78.0,97587.86383341,5052.0
1790000124.6,10.0,0.0,79.0,72.0,17.0,2169.0,1.0,1903.0,2598.0,161.0,2670.0,2598.0,1192.0,0.0,2089.0,1590.0,0.9991408289525444,76.0,97940.171970482,5058.0
1790000130.2,13.0,0.0,76.0,72.0,17.0,2172.0,1.0,1903.0,2601.0,161.0,2673.0,2601.0,1195.0,0.0,2092.0,1593.0,0.999257053964167,76.0,98197.57579999,5064.0
1790000135.8,15.0,0.0,74.0,72.0,17.0,2174.0,1.0,1904.0,2603.0,161.0,2675.0,2603.0,1197.0,0.0,2094.0,1595.0,1.00019445338483,74.0,98488.028320198,5070.0
1790000141.5,23.0,0.0,66.0,72.0,17.0,2181.0,1.0,1906.0,2611.0,161.0,2683.0,2611.0,1201.0,0.0,2100.0,1601.0,0.9942401566355541,76.0,99944.6405199,5090.0
1790000147.0,19.0,0.0,70.0,73.0,17.0,2182.0,2.0,1908.0,2612.0,162.0,2685.0,2612.0,1201.0,0.0,2101.0,1602.0,0.9693832028037049,76.0,100076.005178728,5098.0
1790000152.4,20.0,0.0,69.0,73.0,17.0,2183.0,2.0,1908.0,2613.0,162.0,2686.0,2613.0,1202.0,0.0,2101.0,1603.0,0.9958252869863748,78.0,100456.67671604,5100.0
1790000158.0,24.0,0.0,66.0,72.0,17.0,2186.0,2.0,1911.0,2617.0,162.0,2689.0,2617.0,1203.0,0.0,2103.0,1606.0,0.9958878696849408,74.0,101204.799244252,5114.0
1790000163.5,14.0,0.0,75.0,73.0,17.0,2188.0,2.0,1911.0,2619.0,162.0,2692.0,2619.0,1205.0,0.0,2104.0,1608.0,0.974023709902371,76.0,101711.748532924,5118.0
1790000168.9,18.0,0.0,71.0,73.0,17.0,2191.0,2.0,1911.0,2623.0,162.0,2696.0,2623.0,1205.0,0.0,2106.0,1610.0,0.9894047491327826,78.0,102144.478946702,5126.0
1790000174.4,19.0,0.0,70.0,73.0,17.0,2192.0,2.0,1912.0,2624.0,162.0,2697.0,2624.0,1206.0,0.0,2107.0,1611.0,0.9896819010835747,78.0,102306.194207944,5130.0
1790000180.1,25.0,1.0,65.0,73.0,17.0,2198.0,2.0,1914.0,2630.0,164.0,2703.0,2630.0,1208.0,0.0,2113.0,1615.0,0.9718909809390981,74.0,103136.529780084,5150.0
1790000185.4,26.0,0.0,65.0,73.0,17.0,2199.0,2.0,1915.0,2631.0,164.0,2704.0,2631.0,1208.0,0.0,2114.0,1616.0,0.9719446232521546,74.0,103215.30512971799,5154.0
1790000190.8,28.0,0.0,61.0,75.0,17.0,2201.0,2.0,1917.0,2633.0,164.0,2708.0,2633.0,1209.0,0.0,2116.0,1617.0,0.970899492186103,76.0,103388.39297096399,5162.0
1790000196.5,37.0,1.0,54.0,72.0,17.0,2211.0,2.0,1920.0,2644.0,164.0,2716.0,2644.0,1214.0,0.0,2126.0,1626.0,1.0287706075885992,70.0,104786.074194238,5190.0
1790000202.0,38.0,2.0,53.0,71.0,17.0,2214.0,2.0,1921.0,2647.0,164.0,2718.0,2647.0,1216.0,0.0,2129.0,1629.0,0.9821348746557952,70.0,105032.659683224,5198.0
1790000207.5,40.0,0.0,53.0,71.0,17.0,2215.0,2.0,1922.0,2648.0,164.0,2719.0,2648.0,1216.0,0.0,2130.0,1630.0,0.9822510996674176,68.0,105161.404043266,5202.0
1790000213.1,41.0,4.0,50.0,69.0,17.0,2220.0,2.0,1927.0,2653.0,164.0,2722.0,2653.0,1219.0,0.0,2135.0,1635.0,0.9835242105639596,64.0,105792.640052104,5222.0
1790000218.5,21.0,0.0,73.0,70.0,17.0,2223.0,2.0,1930.0,2656.0,164.0,2726.0,2656.0,1219.0,0.0,2138.0,1637.0,0.9939491470872224,66.0,106132.258886262,5234.0
1790000224.2,23.0,0.0,71.0,70.0,17.0,2224.0,2.0,1931.0,2658.0,164.0,2728.0,2658.0,1220.0,0.0,2139.0,1638.0,0.9956889461073561,68.0,106322.313964246,5240.0
1790000229.9,24.0,2.0,68.0,70.0,17.0,2227.0,2.0,1932.0,2661.0,164.0,2731.0,2661.0,1220.0,0.0,2142.0,1641.0,0.9901441190144119,66.0,106813.64141357799,5248.0
1790000235.5,18.0,0.0,76.0,70.0,17.0,2231.0,2.0,1935.0,2666.0,164.0,2736.0,2666.0,1224.0,0.0,2145.0,1645.0,1.0174654901119335,64.0,107596.734653878,5264.0
1790000241.1,20.0,0.0,74.0,70.0,17.0,2233.0,2.0,1936.0,2668.0,164.0,2738.0,2668.0,1226.0,0.0,2147.0,1647.0,0.9809945284840682,66.0,95619.832293056,4790.0
1790000246.8,7.0,0.0,86.0,71.0,17.0,2237.0,2.0,1938.0,2673.0,164.0,2744.0,2673.0,1230.0,0.0,2150.0,1651.0,0.9810839323391625,68.0,96045.234613402,4804.0
1790000252.2,11.0,0.0,82.0,71.0,17.0,2241.0,2.0,1938.0,2677.0,164.0,2748.0,2677.0,1233.0,0.0,2153.0,1655.0,0.9897185566641633,66.0,96558.34134516,4812.0
1790000257.5,13.0,0.0,80.0,71.0,17.0,2243.0,2.0,1938.0,2679.0,164.0,2750.0,2679.0,1234.0,0.0,2154.0,1657.0,0.9898079605192576,66.0,96984.816410678,4816.0
1790000263.0,16.0,0.0,77.0,71.0,17.0,2246.0,2.0,1938.0,2682.0,164.0,2753.0,2682.0,1237.0,0.0,2157.0,1660.0,0.9994103815756535,66.0,97185.11381397,4822.0
1790000268.3,16.0,1.0,75.0,72.0,17.0,2247.0,2.0,1940.0,2683.0,164.0,2755.0,2683.0,1237.0,0.0,2158.0,1660.0,0.9995802489003326,68.0,97195.328376912,4828.0
1790000273.7,17.0,2.0,73.0,72.0,17.0,2250.0,2.0,1940.0,2686.0,164.0,2758.0,2686.0,1239.0,0.0,2160.0,1662.0,0.997691592461467,70.0,97643.701452672,4834.0
1790000279.3,21.0,0.0,71.0,72.0,17.0,2255.0,2.0,1940.0,2691.0,164.0,2763.0,2691.0,1242.0,0.0,2165.0,1667.0,0.997736294389014,64.0,98074.347522854,4844.0
1790000284.8,23.0,0.0,68.0,73.0,17.0,2257.0,2.0,1941.0,2693.0,164.0,2766.0,2693.0,1242.0,0.0,2165.0,1668.0,0.9978256982441083,74.0,98591.570975914,4850.0
1790000290.4,28.0,0.0,64.0,72.0,17.0,2262.0,2.0,1941.0,2698.0,164.0,2770.0,2698.0,1245.0,0.0,2170.0,1672.0,0.9980590423059043,72.0,99049.54890073,4860.0
1790000295.8,21.0,0.0,72.0,71.0,17.0,2265.0,2.0,1942.0,2703.0,164.0,2774.0,2703.0,1246.0,0.0,2173.0,1674.0,0.9849376855129993,70.0,99304.68260503,4872.0
1790000301.4,20.0,0.0,71.0,73.0,17.0,2270.0,2.0,1943.0,2708.0,164.0,2781.0,2708.0,1249.0,0.0,2177.0,1679.0,0.9993174015663555,72.0,99835.510494062,4884.0
1790000306.8,21.0,1.0,70.0,72.0,17.0,2272.0,2.0,1943.0,2710.0,164.0,2782.0,2710.0,1250.0,0.0,2179.0,1680.0,1.0227859135285913,72.0,99897.03026973,4888.0
1790000312.3,13.0,1.0,80.0,70.0,17.0,2275.0,2.0,1944.0,2714.0,164.0,2784.0,2714.0,1252.0,0.0,2182.0,1683.0,1.0617744877159103,66.0,100252.111015386,4898.0
1790000318.3,5.0,0.0,88.0,72.0,17.0,2277.0,2.0,1946.0,2716.0,165.0,2788.0,2716.0,1254.0,0.0,2184.0,1685.0,0.9965704681185853,70.0,100378.873474524,4908.0
1790000323.9,8.0,0.0,86.0,71.0,17.0,2282.0,2.0,1946.0,2721.0,165.0,2792.0,2721.0,1258.0,0.0,2189.0,1690.0,0.9844745735436112,68.0,101113.111862602,4918.0
1790000329.4,10.0,0.0,83.0,72.0,17.0,2283.0,2.0,1946.0,2723.0,165.0,2795.0,2723.0,1259.0,0.0,2190.0,1691.0,0.9845639773987054,68.0,101165.219649804,4922.0
1790000335.0,14.0,0.0,79.0,72.0,17.0,2287.0,2.0,1947.0,2727.0,165.0,2799.0,2727.0,1262.0,0.0,2194.0,1695.0,0.9846086793262525,70.0,101710.512407214,4932.0
1790000340.5,18.0,0.0,75.0,72.0,17.0,2291.0,2.0,1947.0,2731.0,165.0,2803.0,2731.0,1264.0,0.0,2197.0,1699.0,0.9863659120981296,70.0,102270.324037782,4940.0
1790000345.9,22.0,0.0,71.0,72.0,17.0,2295.0,2.0,1947.0,2735.0,165.0,2807.0,2735.0,1267.0,0.0,2201.0,1703.0,0.9800155562707864,70.0,102601.8236862,4948.0
1790000351.4,23.0,1.0,69.0,72.0,17.0,2296.0,2.0,1947.0,2737.0,165.0,2809.0,2737.0,1267.0,0.0,2202.0,1704.0,0.980091102528341,70.0,102641.528111482,4952.0
1790000356.8,30.0,1.0,63.0,71.0,17.0,2302.0,2.0,1948.0,2744.0,165.0,2815.0,2744.0,1271.0,0.0,2207.0,1709.0,0.980556002574831,68.0,103385.816075018,4968.0
1790000362.4,33.0,0.0,60.0,72.0,17.0,2304.0,2.0,1949.0,2746.0,165.0,2818.0,2746.0,1272.0,0.0,2209.0,1711.0,0.9807795122125667,70.0,103740.711703548,4974.0
1790000368.0,38.0,1.0,55.0,71.0,17.0,2308.0,2.0,1949.0,2752.0,165.0,2823.0,2752.0,1276.0,0.0,2213.0,1715.0,0.9955838965776205,68.0,104224.791247828,4986.0
1790000373.5,42.0,1.0,50.0,72.0,17.0,2311.0,2.0,1949.0,2757.0,165.0,2829.0,2757.0,1278.0,0.0,2216.0,1718.0,0.99513285412867,68.0,104505.05762122,4996.0
1790000379.0,44.0,3.0,48.0,71.0,17.0,2315.0,2.0,1950.0,2761.0,166.0,2832.0,2761.0,1281.0,0.0,2220.0,1722.0,0.9952133175982548,66.0,104903.21792417,5008.0
1790000384.4,33.0,0.0,62.0,71.0,17.0,2318.0,2.0,1953.0,2764.0,166.0,2835.0,2764.0,1282.0,0.0,2223.0,1723.0,0.9953027214533491,64.0,104950.419910408,5020.0
1790000390.0,34.0,0.0,60.0,72.0,17.0,2320.0,2.0,1954.0,2766.0,166.0,2838.0,2766.0,1283.0,0.0,2225.0,1725.0,0.9954368272359904,64.0,105093.774692202,5026.0
1790000395.6,39.0,2.0,56.0,69.0,17.0,2326.0,2.0,1957.0,2774.0,166.0,2843.0,2774.0,1287.0,0.0,2230.0,1730.0,1.0366908951113971,62.0,105589.276254808,5048.0
1790000401.1,18.0,0.0,80.0,68.0,17.0,2329.0,2.0,1960.0,2778.0,166.0,2846.0,2778.0,1289.0,0.0,2233.0,1733.0,1.0802395129277975,60.0,105946.806323656,5062.0
1790000406.6,13.0,0.0,82.0,71.0,17.0,2330.0,2.0,1962.0,2779.0,166.0,2850.0,2779.0,1289.0,0.0,2234.0,1733.0,1.0134052140328291,64.0,105959.866227122,5068.0
1790000412.3,17.0,1.0,77.0,71.0,17.0,2334.0,2.0,1962.0,2784.0,166.0,2855.0,2784.0,1291.0,0.0,2237.0,1736.0,0.9977072381361084,60.0,106087.60706939,5078.0
1790000417.9,8.0,0.0,86.0,72.0,17.0,2338.0,2.0,1963.0,2788.0,166.0,2860.0,2788.0,1292.0,0.0,2241.0,1738.0,0.9873672352751851,66.0,106381.992708222,5088.0
1790000423.5,13.0,1.0,81.0,71.0,17.0,2343.0,2.0,1964.0,2794.0,166.0,2865.0,2794.0,1294.0,0.0,2246.0,1741.0,0.9874476987447699,64.0,106642.563622572,5102.0
1790000429.2,9.0,0.0,84.0,73.0,18.0,2345.0,2.0,1965.0,2796.0,166.0,2869.0,2796.0,1295.0,0.0,2248.0,1742.0,0.9882433930551086,66.0,106711.67500102,5108.0
1790000434.9,13.0,1.0,78.0,74.0,18.0,2350.0,2.0,1965.0,2801.0,166.0,2875.0,2801.0,1297.0,0.0,2251.0,1746.0,0.9872094374709437,68.0,107481.953848316,5118.0
1790000440.5,20.0,0.0,72.0,74.0,18.0,2356.0,2.0,1966.0,2807.0,166.0,2881.0,2807.0,1298.0,0.0,2257.0,1749.0,0.9873077817115474,68.0,107757.248203576,5132.0
1790000446.1,23.0,0.0,69.0,74.0,18.0,2359.0,2.0,1967.0,2810.0,166.0,2884.0,2810.0,1300.0,0.0,2260.0,1752.0,0.9990885276973143,72.0,108152.233033722,5140.0
1790000451.6,25.0,1.0,67.0,73.0,18.0,2362.0,2.0,1967.0,2813.0,166.0,2886.0,2813.0,1301.0,0.0,2263.0,1754.0,0.9948749240067232,70.0,108251.836588378,5146.0
1790000457.3,25.0,4.0,65.0,72.0,18.0,2366.0,2.0,1969.0,2817.0,166.0,2889.0,2817.0,1303.0,0.0,2266.0,1757.0,0.9927699102385295,64.0,108507.680630278,5158.0
1790000463.0,33.0,1.0,61.0,71.0,18.0,2368.0,2.0,1974.0,2824.0,166.0,2895.0,2824.0,1304.0,0.0,2267.0,1759.0,0.9965132496513249,66.0,108783.078270836,5182.0
1790000468.6,24.0,1.0,69.0,72.0,18.0,2369.0,2.0,1975.0,2825.0,166.0,2897.0,2825.0,1305.0,0.0,2268.0,1760.0,0.997738082466116,68.0,108823.340275644,5186.0
1790000474.4,25.0,2.0,67.0,72.0,18.0,2371.0,2.0,1979.0,2827.0,166.0,2899.0,2827.0,1307.0,0.0,2269.0,1762.0,0.9992212924221292,68.0,109233.269175082,5198.0
1790000480.1,32.0,0.0,63.0,71.0,18.0,2377.0,2.0,1982.0,2833.0,166.0,2904.0,2833.0,1311.0,0.0,2274.0,1767.0,0.9998815398920001,66.0,109757.02875188799,5216.0
1790000485.9,26.0,0.0,68.0,72.0,18.0,2380.0,2.0,1983.0,2836.0,166.0,2908.0,2836.0,1313.0,0.0,2277.0,1770.0,1.0000822515466867,68.0,110229.67805004399,5224.0
1790000491.4,26.0,0.0,67.0,73.0,18.0,2381.0,2.0,1983.0,2837.0,166.0,2910.0,2837.0,1314.0,0.0,2278.0,1771.0,0.969234345384973,70.0,110293.555839606,5226.0
1790000497.1,10.0,0.0,82.0,74.0,18.0,2387.0,2.0,1985.0,2843.0,166.0,2917.0,2843.0,1319.0,0.0,2282.0,1776.0,0.9988967564281371,66.0,110913.982577288,5242.0
1790000502.7,8.0,0.0,85.0,73.0,18.0,2389.0,2.0,1986.0,2846.0,166.0,2919.0,2846.0,1320.0,0.0,2284.0,1778.0,0.9990129814397597,70.0,110989.232542098,5250.0
1790000508.3,9.0,0.0,83.0,74.0,18.0,2393.0,2.0,1987.0,2850.0,166.0,2924.0,2850.0,1322.0,0.0,2286.0,1781.0,0.9906246647355434,74.0,111302.812930938,5260.0
1790000514.2,30.0,0.0,80.0,74.0,18.0,2396.0,2.0,1992.0,2853.0,184.0,2927.0,2853.0,1325.0,0.0,2289.0,1784.0,0.9946031362872367,82.0,111800.970549822,5312.0
1790000520.1,15.0,0.0,103.0,83.0,18.0,2396.0,2.0,2008.0,2853.0,201.0,2936.0,2853.0,1325.0,0.0,2289.0,1784.0,1.1550870793548618,106.0,111800.997552526,5378.0
1790000526.3,24.0,0.0,108.0,88.0,18.0,2396.0,2.0,2026.0,2853.0,220.0,2941.0,2853.0,1325.0,0.0,2289.0,1784.0,1.1177506884096842,122.0,111801.648678424,5452.0
1790000533.2,6.0,0.0,123.0,95.0,18.0,2398.0,6.0,2026.0,2855.0,224.0,2950.0,2855.0,1326.0,0.0,2290.0,1785.0,1.0150766191038159,154.0,111931.878736858,5464.0
1790000540.0,21.0,1.0,106.0,110.0,18.0,2400.0,18.0,2030.0,2857.0,238.0,2967.0,2857.0,1328.0,0.0,2292.0,1787.0,1.0159080749561922,156.0,100951.893326116,5136.0
1790000547.0,5.0,0.0,112.0,122.0,18.0,2404.0,18.0,2036.0,2862.0,239.0,2984.0,2862.0,1331.0,0.0,2297.0,1791.0,0.9960201873904803,174.0,101310.229948464,5160.0
1790000554.1,10.0,0.0,105.0,126.0,18.0,2409.0,20.0,2038.0,2867.0,241.0,2993.0,2867.0,1336.0,0.0,2301.0,1798.0,0.9907426778242678,172.0,102390.643808362,5178.0
1790000562.2,23.0,0.0,95.0,130.0,18.0,2416.0,27.0,2039.0,2874.0,248.0,3004.0,2874.0,1339.0,0.0,2306.0,1810.0,0.994730536780746,154.0,104070.177669914,5208.0
1790000569.3,24.0,0.0,94.0,130.0,18.0,2417.0,27.0,2039.0,2875.0,248.0,3005.0,2875.0,1340.0,0.0,2307.0,1811.0,0.9949093444909345,158.0,104184.172625642,5210.0
1790000576.4,34.0,1.0,86.0,131.0,18.0,2424.0,31.0,2039.0,2882.0,252.0,3013.0,2882.0,1345.0,0.0,2312.0,1822.0,0.9965820906197476,146.0,105494.817509096,5232.0
1790000583.6,34.0,1.0,91.0,128.0,18.0,2435.0,33.0,2039.0,2893.0,254.0,3021.0,2893.0,1350.0,0.0,2323.0,1834.0,1.0162326109501842,130.0,106801.867174438,5258.0
1790000590.9,39.0,1.0,82.0,132.0,18.0,2441.0,33.0,2042.0,2900.0,254.0,3032.0,2900.0,1355.0,0.0,2329.0,1839.0,0.9952294102921718,136.0,107499.934501076,5278.0
1790000598.2,30.0,0.0,93.0,133.0,18.0,2449.0,35.0,2044.0,2908.0,256.0,3041.0,2908.0,1362.0,0.0,2335.0,1849.0,0.9902844830669099,124.0,108659.070758498,5302.0
1790000605.3,37.0,0.0,87.0,132.0,18.0,2457.0,35.0,2047.0,2916.0,256.0,3048.0,2916.0,1369.0,0.0,2341.0,1857.0,0.9924078246253979,118.0,110074.158834374,5324.0
1790000612.5,47.0,0.0,77.0,132.0,18.0,2468.0,35.0,2049.0,2929.0,256.0,3061.0,2929.0,1377.0,0.0,2352.0,1867.0,0.9954296749275828,112.0,111086.053368854,5354.0
1790000619.8,27.0,1.0,94.0,134.0,18.0,2476.0,35.0,2050.0,2937.0,256.0,3071.0,2937.0,1384.0,0.0,2360.0,1874.0,0.998729571219111,116.0,111959.917103058,5372.0
1790000627.2,35.0,0.0,87.0,134.0,18.0,2484.0,35.0,2054.0,2945.0,256.0,3079.0,2945.0,1390.0,0.0,2368.0,1881.0,1.006045488681472,116.0,112769.646911984,5396.0
1790000634.8,21.0,0.0,100.0,135.0,18.0,2494.0,35.0,2057.0,2956.0,256.0,3091.0,2956.0,1396.0,0.0,2378.0,1891.0,0.9950523906590852,114.0,113625.215165474,5424.0
1790000642.2,24.0,0.0,98.0,134.0,18.0,2506.0,35.0,2059.0,2968.0,256.0,3102.0,2968.0,1403.0,0.0,2390.0,1902.0,0.999503808604227,108.0,114379.940916998,5452.0
1790000649.8,34.0,0.0,86.0,136.0,18.0,2515.0,35.0,2060.0,2978.0,256.0,3114.0,2978.0,1409.0,0.0,2399.0,1910.0,0.9995909773629439,106.0,115146.945757602,5474.0
1790000657.3,33.0,0.0,88.0,135.0,19.0,2524.0,35.0,2062.0,2987.0,256.0,3122.0,2987.0,1414.0,0.0,2407.0,1918.0,1.0023620498515895,100.0,116795.744462044,5496.0
1790000664.9,38.0,0.0,83.0,135.0,19.0,2530.0,35.0,2063.0,2993.0,256.0,3128.0,2993.0,1419.0,0.0,2413.0,1923.0,1.0000071523084075,94.0,117373.235313766,5510.0
1790000672.5,47.0,1.0,76.0,132.0,19.0,2540.0,35.0,2065.0,3003.0,256.0,3135.0,3003.0,1426.0,0.0,2423.0,1932.0,0.9957202374566392,82.0,118471.633737938,5534.0
1790000680.0,36.0,0.0,88.0,132.0,19.0,2545.0,35.0,2069.0,3009.0,256.0,3141.0,3009.0,1430.0,0.0,2428.0,1937.0,0.9940537495976827,82.0,118877.778103626,5554.0
1790000687.4,28.0,0.0,96.0,132.0,19.0,2555.0,35.0,2073.0,3019.0,256.0,3151.0,3019.0,1435.0,0.0,2437.0,1945.0,0.9941167793155241,76.0,119917.481038238,5582.0
1790000695.3,38.0,0.0,88.0,130.0,19.0,2565.0,35.0,2076.0,3029.0,256.0,3159.0,3029.0,1439.0,0.0,2447.0,1951.0,0.9929429066981368,76.0,120520.742527054,5608.0
1790000702.8,47.0,1.0,81.0,127.0,19.0,2577.0,35.0,2083.0,3041.0,256.0,3168.0,3041.0,1446.0,0.0,2458.0,1960.0,0.9964439616636269,60.0,121403.888308098,5646.0
1790000710.3,34.0,0.0,96.0,127.0,19.0,2589.0,35.0,2089.0,3055.0,257.0,3182.0,3055.0,1453.0,0.0,2469.0,1968.0,1.0100096556163503,52.0,122065.511854208,5688.0
1790000717.9,46.0,0.0,84.0,127.0,19.0,2599.0,35.0,2093.0,3067.0,257.0,3194.0,3067.0,1460.0,0.0,2478.0,1975.0,0.9916349282981082,56.0,122851.319126612,5720.0
1790000725.5,15.0,0.0,114.0,128.0,19.0,2607.0,35.0,2095.0,3075.0,257.0,3203.0,3075.0,1465.0,0.0,2485.0,1980.0,0.9987148195830204,58.0,123086.967780368,5740.0
1790000733.1,25.0,0.0,102.0,130.0,19.0,2617.0,35.0,2095.0,3085.0,257.0,3215.0,3085.0,1468.0,0.0,2494.0,1989.0,0.9967555340986304,58.0,123802.873402164,5760.0
1790000740.6,35.0,0.0,91.0,131.0,19.0,2627.0,35.0,2095.0,3096.0,257.0,3227.0,3096.0,1474.0,0.0,2504.0,1995.0,0.9854566748918213,56.0,124111.43735287,5782.0
1790000748.2,48.0,1.0,80.0,128.0,19.0,2641.0,35.0,2097.0,3110.0,257.0,3238.0,3110.0,1481.0,0.0,2517.0,2004.0,1.0230988270214212,52.0,124477.05446645,5814.0
1790000755.7,48.0,0.0,80.0,129.0,19.0,2652.0,35.0,2101.0,3125.0,257.0,3254.0,3125.0,1485.0,0.0,2529.0,2009.0,0.996699209669921,52.0,124750.410868548,5852.0
1790000763.4,54.0,2.0,73.0,128.0,19.0,2661.0,35.0,2104.0,3134.0,257.0,3262.0,3134.0,1488.0,0.0,2538.0,2014.0,0.9792265672495798,51.0,125012.211089378,5876.0
1790000770.9,33.0,1.0,93.0,130.0,19.0,2670.0,35.0,2110.0,3143.0,257.0,3273.0,3143.0,1491.0,0.0,2547.0,2020.0,0.9984930980223867,50.0,125296.81815001,5906.0
1790000778.5,48.0,0.0,82.0,128.0,19.0,2680.0,35.0,2115.0,3157.0,258.0,3285.0,3157.0,1499.0,0.0,2558.0,2028.0,0.9870494045703251,44.0,126770.25257594,5946.0
1790000786.1,20.0,1.0,108.0,129.0,19.0,2686.0,35.0,2116.0,3163.0,258.0,3292.0,3163.0,1502.0,0.0,2564.0,2031.0,0.9872997353645889,52.0,126905.51546164,5960.0
1790000793.8,30.0,0.0,97.0,132.0,19.0,2695.0,36.0,2119.0,3172.0,259.0,3304.0,3172.0,1507.0,0.0,2573.0,2037.0,0.980726763938061,46.0,127672.445704694,5986.0
1790000801.3,37.0,0.0,91.0,131.0,19.0,2701.0,36.0,2121.0,3180.0,259.0,3311.0,3179.0,1510.0,0.0,2579.0,2041.0,0.9988815577727712,46.0,127845.99482834,6006.0
1790000809.6,28.0,1.0,99.0,132.0,19.0,2709.0,36.0,2126.0,3190.0,260.0,3322.0,3190.0,1516.0,0.0,2587.0,2048.0,0.9961301541322461,48.0,128130.674013414,6038.0
1790000817.2,38.0,0.0,88.0,134.0,19.0,2719.0,36.0,2127.0,3200.0,260.0,3334.0,3200.0,1522.0,0.0,2597.0,2054.0,0.9786324786324786,52.0,128458.798366776,6060.0
1790000825.1,37.0,0.0,91.0,132.0,19.0,2728.0,36.0,2133.0,3213.0,260.0,3345.0,3213.0,1524.0,0.0,2608.0,2058.0,0.9825997747022852,44.0,128670.055928498,6098.0
1790000832.7,33.0,1.0,95.0,132.0,19.0,2738.0,36.0,2140.0,3223.0,261.0,3355.0,3223.0,1528.0,0.0,2618.0,2063.0,1.0109881808103565,38.0,128938.96978101,6134.0
1790000840.4,23.0,0.0,106.0,132.0,19.0,2744.0,36.0,2143.0,3232.0,261.0,3364.0,3232.0,1531.0,0.0,2622.0,2066.0,1.0161163859385616,44.0,41842.240273396,1992.0
1790000847.7,30.0,0.0,97.0,134.0,19.0,2751.0,36.0,2144.0,3240.0,261.0,3374.0,3240.0,1534.0,0.0,2627.0,2069.0,0.9975087615777992,48.0,42018.604960886,2010.0
1790000855.0,23.0,0.0,106.0,132.0,19.0,2760.0,36.0,2146.0,3252.0,261.0,3384.0,3252.0,1538.0,0.0,2636.0,2074.0,0.9884230948038479,42.0,42265.541018788,2038.0
1790000862.5,29.0,1.0,96.0,135.0,19.0,2767.0,36.0,2148.0,3261.0,261.0,3396.0,3261.0,1539.0,0.0,2644.0,2077.0,0.9899903443836499,46.0,42539.601626368,2060.0
1790000869.8,36.0,0.0,89.0,136.0,19.0,2773.0,36.0,2151.0,3268.0,261.0,3404.0,3268.0,1543.0,0.0,2650.0,2081.0,0.990097629009763,48.0,42791.477707109996,2080.0
1790000877.0,33.0,0.0,90.0,138.0,19.0,2781.0,36.0,2155.0,3279.0,261.0,3417.0,3279.0,1548.0,0.0,2659.0,2087.0,0.9956634660086543,44.0,43090.680156518,2110.0
1790000884.1,16.0,1.0,106.0,138.0,19.0,2788.0,36.0,2157.0,3287.0,261.0,3425.0,3287.0,1552.0,0.0,2667.0,2092.0,1.0204480027178773,48.0,43304.394026062,2130.0
1790000891.3,25.0,0.0,96.0,140.0,19.0,2796.0,36.0,2163.0,3296.0,261.0,3436.0,3296.0,1553.0,0.0,2675.0,2095.0,0.9985319886993527,56.0,43481.3790196,2160.0
1790000898.5,32.0,1.0,88.0,140.0,19.0,2803.0,36.0,2166.0,3304.0,261.0,3444.0,3304.0,1555.0,0.0,2681.0,2098.0,1.0006919858384293,52.0,43678.065423416,2182.0
1790000905.5,10.0,0.0,114.0,137.0,19.0,2812.0,36.0,2170.0,3315.0,261.0,3452.0,3315.0,1559.0,0.0,2691.0,2104.0,1.0307388334584988,48.0,43933.091526372,2212.0
1790000912.7,20.0,0.0,101.0,140.0,19.0,2823.0,36.0,2171.0,3326.0,261.0,3466.0,3326.0,1568.0,0.0,2700.0,2113.0,0.9994702821585667,50.0,44392.05081409,2236.0
1790000919.8,12.0,0.0,108.0,141.0,19.0,2829.0,36.0,2171.0,3332.0,261.0,3473.0,3332.0,1571.0,0.0,2706.0,2116.0,0.99004264563888,52.0,44522.666027242,2248.0
1790000927.3,20.0,1.0,101.0,139.0,19.0,2838.0,36.0,2172.0,3341.0,261.0,3480.0,3341.0,1576.0,0.0,2715.0,2124.0,0.9922840002860923,44.0,44796.200099516,2268.0
1790000935.1,6.0,0.0,116.0,139.0,19.0,2848.0,36.0,2175.0,3351.0,261.0,3490.0,3351.0,1580.0,0.0,2724.0,2129.0,0.9925231555984694,48.0,45021.373138492,2294.0
1790000942.5,12.0,2.0,108.0,139.0,20.0,2857.0,36.0,2177.0,3360.0,261.0,3499.0,3360.0,1582.0,0.0,2733.0,2131.0,1.027825608840253,48.0,45201.60719346,2316.0
1790000949.9,12.0,1.0,107.0,141.0,20.0,2863.0,36.0,2178.0,3366.0,261.0,3507.0,3366.0,1583.0,0.0,2739.0,2136.0,1.0033437041805242,52.0,45402.644723706,2330.0
1790000957.5,20.0,0.0,100.0,141.0,20.0,2874.0,36.0,2185.0,3377.0,261.0,3518.0,3377.0,1588.0,0.0,2749.0,2142.0,0.9949804205557343,52.0,45687.390327206,2366.0
1790000965.1,30.0,0.0,91.0,140.0,20.0,2883.0,36.0,2187.0,3388.0,261.0,3528.0,3388.0,1590.0,0.0,2758.0,2146.0,0.9993267889711405,48.0,45939.88128383,2392.0
1790000972.5,33.0,3.0,85.0,140.0,20.0,2890.0,36.0,2191.0,3396.0,261.0,3536.0,3396.0,1594.0,0.0,2766.0,2151.0,0.989725708972571,48.0,46249.84910466,2416.0
1790000979.7,10.0,0.0,110.0,141.0,20.0,2895.0,36.0,2200.0,3402.0,261.0,3543.0,3402.0,1598.0,0.0,2770.0,2155.0,0.9983741908951114,52.0,46434.637577844,2446.0
1790000987.0,18.0,0.0,104.0,139.0,20.0,2903.0,36.0,2203.0,3410.0,261.0,3549.0,3410.0,1603.0,0.0,2778.0,2161.0,0.9878692379215391,48.0,46742.331577328,2468.0
1790000994.4,15.0,0.0,105.0,141.0,20.0,2910.0,36.0,2206.0,3418.0,261.0,3559.0,3418.0,1606.0,0.0,2784.0,2167.0,0.986058809855881,48.0,47318.442422166,2490.0
1790001001.6,21.0,0.0,100.0,140.0,20.0,2917.0,36.0,2209.0,3426.0,261.0,3566.0,3426.0,1608.0,0.0,2791.0,2170.0,0.9987349354504166,42.0,47518.359688602,2512.0
1790001008.8,28.0,0.0,94.0,139.0,20.0,2923.0,36.0,2212.0,3433.0,261.0,3572.0,3433.0,1612.0,0.0,2796.0,2176.0,0.997388066373422,42.0,49151.77289572,2532.0
1790001016.0,28.0,0.0,93.0,140.0,20.0,2928.0,36.0,2213.0,3439.0,261.0,3579.0,3439.0,1614.0,0.0,2800.0,2179.0,0.9974953509995351,44.0,49286.915091626,2546.0
1790001023.7,37.0,0.0,85.0,139.0,20.0,2936.0,36.0,2217.0,3448.0,261.0,3587.0,3448.0,1620.0,0.0,2807.0,2186.0,1.013499982119229,40.0,49731.168849174,2572.0
1790001031.0,12.0,0.0,109.0,140.0,20.0,2940.0,36.0,2219.0,3453.0,261.0,3593.0,3453.0,1624.0,0.0,2811.0,2190.0,0.9940676071952222,42.0,49902.107109844,2586.0
1790001038.3,19.0,0.0,105.0,137.0,20.0,2949.0,36.0,2219.0,3462.0,261.0,3599.0,3462.0,1628.0,0.0,2818.0,2196.0,0.9895406429925259,38.0,50188.136760324,2604.0
1790001045.5,26.0,0.0,96.0,139.0,20.0,2957.0,36.0,2220.0,3473.0,261.0,3612.0,3473.0,1632.0,0.0,2827.0,2201.0,0.9830856846547223,34.0,50495.202968346,2628.0
1790001052.8,35.0,0.0,85.0,141.0,20.0,2961.0,36.0,2220.0,3482.0,261.0,3623.0,3482.0,1634.0,0.0,2830.0,2203.0,0.9832823731359296,42.0,50577.261154444,2646.0
1790001060.2,32.0,1.0,91.0,137.0,20.0,2973.0,36.0,2226.0,3496.0,261.0,3633.0,3496.0,1639.0,0.0,2842.0,2208.0,0.9940778886385581,34.0,50828.189221844,2686.0
1790001067.5,22.0,1.0,98.0,140.0,20.0,2977.0,36.0,2227.0,3501.0,261.0,3641.0,3501.0,1640.0,0.0,2846.0,2210.0,0.9908995815899582,38.0,50927.006646926,2698.0
1790001074.7,18.0,0.0,103.0,140.0,20.0,2981.0,36.0,2229.0,3507.0,261.0,3647.0,3507.0,1642.0,0.0,2851.0,2212.0,0.9841004184100418,36.0,51026.786400783996,2714.0
1790001082.1,15.0,0.0,104.0,142.0,20.0,2991.0,36.0,2231.0,3518.0,261.0,3660.0,3518.0,1646.0,0.0,2861.0,2216.0,0.9893028287379751,40.0,51248.728708938,2740.0
1790001089.3,22.0,0.0,97.0,142.0,20.0,2998.0,36.0,2231.0,3525.0,261.0,3667.0,3525.0,1647.0,0.0,2867.0,2218.0,0.9899045166827594,38.0,51859.256852988,2754.0
1790001096.3,33.0,2.0,87.0,140.0,20.0,3008.0,36.0,2232.0,3538.0,262.0,3678.0,3538.0,1649.0,0.0,2879.0,2221.0,1.0022811393627293,34.0,52049.446143282,2784.0
1790001103.6,38.0,1.0,83.0,140.0,20.0,3013.0,36.0,2236.0,3544.0,262.0,3684.0,3544.0,1651.0,0.0,2883.0,2223.0,1.0287156242177162,32.0,52153.314655422,2804.0
1790001110.7,20.0,0.0,100.0,142.0,20.0,3017.0,36.0,2239.0,3549.0,262.0,3691.0,3549.0,1652.0,0.0,2887.0,2225.0,0.9983616743553982,38.0,52254.58599275,2820.0
1790001118.1,29.0,1.0,91.0,142.0,20.0,3024.0,36.0,2241.0,3558.0,263.0,3700.0,3558.0,1655.0,0.0,2895.0,2229.0,0.9797889174981225,38.0,52460.088310358,2844.0
1790001125.6,17.0,0.0,102.0,144.0,20.0,3030.0,36.0,2248.0,3564.0,263.0,3708.0,3564.0,1656.0,0.0,2901.0,2230.0,0.985377552480063,36.0,52586.619621904,2870.0
1790001133.0,27.0,2.0,92.0,142.0,20.0,3038.0,36.0,2248.0,3576.0,263.0,3718.0,3576.0,1659.0,0.0,2909.0,2234.0,1.0287576440296105,34.0,52806.091477518,2894.0
1790001140.2,25.0,1.0,95.0,141.0,20.0,3044.0,36.0,2250.0,3585.0,263.0,3727.0,3585.0,1662.0,0.0,2915.0,2237.0,0.9994827986982798,30.0,46550.424364344,2786.0
1790001147.3,25.0,0.0,95.0,142.0,20.0,3050.0,36.0,2251.0,3591.0,263.0,3734.0,3591.0,1663.0,0.0,2921.0,2240.0,1.000650860065086,34.0,46678.159945824,2800.0
1790001154.6,14.0,0.0,105.0,143.0,20.0,3058.0,36.0,2253.0,3603.0,263.0,3747.0,3603.0,1665.0,0.0,2928.0,2243.0,0.9997304473768909,30.0,46846.793233882,2828.0
1790001162.0,24.0,0.0,96.0,142.0,20.0,3064.0,36.0,2254.0,3613.0,263.0,3756.0,3613.0,1666.0,0.0,2935.0,2245.0,0.9994407788863856,38.0,46986.150022142,2850.0
1790001169.1,31.0,1.0,88.0,142.0,20.0,3069.0,36.0,2255.0,3621.0,263.0,3764.0,3621.0,1668.0,0.0,2941.0,2247.0,0.9986155813038659,34.0,47098.591257252,2868.0
1790001176.4,35.0,2.0,83.0,143.0,20.0,3075.0,36.0,2262.0,3627.0,264.0,3771.0,3627.0,1671.0,0.0,2947.0,2250.0,1.032369112756142,32.0,47254.775514324,2896.0
1790001184.9,30.0,0.0,87.0,146.0,21.0,3082.0,36.0,2264.0,3635.0,264.0,3782.0,3635.0,1676.0,0.0,2954.0,2255.0,1.0076914136537567,32.0,47489.310006404,2916.0
1790001192.3,37.0,4.0,79.0,143.0,21.0,3090.0,36.0,2266.0,3646.0,264.0,3790.0,3646.0,1677.0,0.0,2963.0,2256.0,0.9967787791009548,28.0,47634.019180038,2942.0
1790001199.5,44.0,0.0,74.0,145.0,21.0,3094.0,36.0,2269.0,3653.0,264.0,3799.0,3653.0,1679.0,0.0,2966.0,2259.0,0.9939343954511318,36.0,51803.536409235996,2962.0
1790001206.6,47.0,0.0,71.0,145.0,21.0,3096.0,36.0,2270.0,3656.0,264.0,3802.0,3656.0,1680.0,0.0,2968.0,2261.0,0.9897963380180953,36.0,51882.043558979996,2970.0
1790001213.9,53.0,2.0,63.0,145.0,21.0,3100.0,36.0,2273.0,3664.0,264.0,3810.0,3664.0,1681.0,0.0,2972.0,2263.0,0.9930962343096235,38.0,52012.174420216,2992.0
1790001221.1,28.0,0.0,90.0,145.0,21.0,3105.0,36.0,2278.0,3669.0,264.0,3815.0,3669.0,1683.0,0.0,2977.0,2265.0,0.9859403497478811,34.0,52145.175195038,3012.0
1790001228.2,34.0,2.0,82.0,145.0,21.0,3112.0,36.0,2282.0,3677.0,264.0,3823.0,3677.0,1687.0,0.0,2984.0,2270.0,0.9874758609591245,36.0,52811.995532966,3036.0
1790001235.3,22.0,0.0,93.0,148.0,21.0,3116.0,36.0,2284.0,3682.0,264.0,3831.0,3682.0,1689.0,0.0,2987.0,2272.0,0.9975498873511426,40.0,52944.426249128,3050.0
1790001243.0,33.0,0.0,82.0,148.0,21.0,3126.0,36.0,2284.0,3694.0,264.0,3843.0,3694.0,1693.0,0.0,2998.0,2279.0,0.9758046346958481,40.0,53381.665087752,3074.0
1790001250.2,36.0,0.0,79.0,148.0,21.0,3128.0,36.0,2285.0,3697.0,264.0,3846.0,3697.0,1694.0,0.0,3000.0,2281.0,0.9964493258949326,44.0,53467.221433364,3082.0
1790001257.4,28.0,0.0,88.0,147.0,21.0,3133.0,36.0,2287.0,3702.0,264.0,3850.0,3702.0,1697.0,0.0,3004.0,2285.0,1.0277612380645853,40.0,53643.69284359,3096.0
1790001264.7,35.0,0.0,81.0,147.0,21.0,3140.0,36.0,2288.0,3710.0,264.0,3858.0,3710.0,1701.0,0.0,3011.0,2290.0,0.9997411758395022,38.0,53879.133046213996,3114.0
1790001272.1,36.0,1.0,78.0,148.0,21.0,3143.0,36.0,2292.0,3715.0,264.0,3864.0,3715.0,1704.0,0.0,3013.0,2293.0,1.0003906948467618,39.0,55922.395933992,3133.0
1790001279.5,31.0,0.0,84.0,148.0,21.0,3151.0,36.0,2293.0,3724.0,264.0,3873.0,3724.0,1710.0,0.0,3021.0,2300.0,0.9942370275006258,38.0,56321.970773914,3152.0
1790001286.8,22.0,0.0,95.0,146.0,21.0,3158.0,36.0,2296.0,3732.0,264.0,3879.0,3732.0,1714.0,0.0,3027.0,2304.0,1.0592971068912491,32.0,56508.300349528,3174.0
1790001294.1,18.0,0.0,97.0,148.0,21.0,3161.0,36.0,2299.0,3736.0,264.0,3885.0,3736.0,1717.0,0.0,3030.0,2307.0,1.0594937953724564,36.0,56655.504934348,3188.0
1790001301.3,14.0,0.0,100.0,149.0,21.0,3171.0,36.0,2301.0,3746.0,264.0,3896.0,3746.0,1723.0,0.0,3040.0,2313.0,0.9991953653041519,36.0,56953.790446192,3212.0
1790001308.7,19.0,1.0,94.0,149.0,21.0,3175.0,36.0,2301.0,3752.0,264.0,3902.0,3752.0,1723.0,0.0,3045.0,2314.0,0.989854897543182,46.0,57022.858203288,3224.0
1790001316.2,22.0,0.0,92.0,150.0,21.0,3182.0,36.0,2302.0,3761.0,265.0,3912.0,3761.0,1724.0,0.0,3052.0,2316.0,0.991073025068841,44.0,57231.335277276,3246.0
1790001323.8,19.0,4.0,93.0,148.0,22.0,3189.0,36.0,2304.0,3768.0,265.0,3917.0,3768.0,1726.0,0.0,3059.0,2321.0,0.9802824267782427,36.0,57570.35371123,3264.0
1790001331.1,19.0,0.0,96.0,149.0,22.0,3197.0,36.0,2306.0,3776.0,265.0,3926.0,3776.0,1730.0,0.0,3066.0,2326.0,0.9929089332332011,40.0,57868.181332668,3284.0
1790001338.5,27.0,1.0,87.0,149.0,22.0,3205.0,36.0,2309.0,3785.0,265.0,3935.0,3785.0,1734.0,0.0,3072.0,2330.0,0.9903698637485249,36.0,58051.48993311,3308.0
1790001345.9,34.0,1.0,81.0,149.0,22.0,3211.0,36.0,2311.0,3793.0,266.0,3943.0,3793.0,1737.0,0.0,3078.0,2335.0,0.9976160462039123,36.0,58209.424548218,3330.0
1790001353.2,26.0,2.0,89.0,148.0,22.0,3217.0,36.0,2316.0,3801.0,266.0,3950.0,3801.0,1743.0,0.0,3083.0,2341.0,0.9997224010299324,38.0,58541.643056734,3356.0
1790001360.4,35.0,0.0,81.0,149.0,22.0,3224.0,36.0,2317.0,3810.0,266.0,3960.0,3810.0,1747.0,0.0,3090.0,2345.0,0.9746884275649966,36.0,58709.293960692,3376.0
1790001368.2,24.0,0.0,93.0,148.0,22.0,3230.0,36.0,2320.0,3816.0,266.0,3965.0,3816.0,1752.0,0.0,3096.0,2351.0,0.9971051031720488,38.0,58922.42658944,3394.0
1790001376.1,30.0,0.0,85.0,150.0,22.0,3234.0,36.0,2322.0,3822.0,266.0,3973.0,3822.0,1754.0,0.0,3099.0,2354.0,0.9964247398347816,40.0,59133.249467686,3410.0
1790001383.5,29.0,0.0,88.0,148.0,22.0,3240.0,36.0,2324.0,3828.0,266.0,3977.0,3828.0,1756.0,0.0,3104.0,2358.0,1.026596752851983,38.0,59302.0597908,3426.0
1790001390.9,13.0,0.0,101.0,151.0,22.0,3245.0,36.0,2325.0,3833.0,266.0,3985.0,3833.0,1758.0,0.0,3109.0,2362.0,0.9919697457354361,44.0,59498.476637838,3438.0
1790001398.4,20.0,0.0,95.0,150.0,22.0,3252.0,36.0,2325.0,3841.0,266.0,3992.0,3841.0,1763.0,0.0,3116.0,2368.0,0.982748632121017,42.0,59838.192398176,3454.0
1790001405.6,23.0,0.0,91.0,151.0,22.0,3259.0,36.0,2326.0,3848.0,266.0,4000.0,3848.0,1768.0,0.0,3123.0,2374.0,0.9884973000035762,42.0,60050.13936672,3470.0
1790001413.0,28.0,1.0,86.0,150.0,22.0,3265.0,36.0,2331.0,3854.0,266.0,4005.0,3854.0,1773.0,0.0,3128.0,2380.0,0.9978167578585989,32.0,62166.372038233996,3492.0
1790001420.4,30.0,2.0,85.0,148.0,22.0,3270.0,36.0,2333.0,3859.0,266.0,4008.0,3859.0,1777.0,0.0,3133.0,2384.0,0.9939281371812753,32.0,63933.290246908,3506.0
1790001427.7,25.0,1.0,91.0,148.0,22.0,3279.0,36.0,2337.0,3868.0,266.0,4017.0,3868.0,1782.0,0.0,3141.0,2390.0,0.9989276007581447,32.0,64295.294982244,3532.0
1790001435.0,29.0,1.0,86.0,149.0,22.0,3282.0,36.0,2338.0,3873.0,266.0,4023.0,3873.0,1783.0,0.0,3144.0,2392.0,0.9990617065407861,32.0,64372.46950015,3544.0
1790001442.6,37.0,1.0,78.0,147.0,22.0,3287.0,36.0,2339.0,3881.0,266.0,4031.0,3881.0,1785.0,0.0,3148.0,2394.0,0.9995002324500233,36.0,36466.776858972,2928.0
1790001449.7,34.0,1.0,82.0,148.0,22.0,3292.0,36.0,2345.0,3886.0,268.0,4037.0,3886.0,1786.0,0.0,3152.0,2397.0,1.018668866001502,30.0,37082.18200957,2954.0
1790001456.8,40.0,0.0,75.0,150.0,22.0,3298.0,36.0,2348.0,3893.0,268.0,4046.0,3893.0,1788.0,0.0,3158.0,2401.0,0.9964806172442155,32.0,37305.415117664,2974.0
1790001464.0,28.0,0.0,87.0,150.0,22.0,3302.0,36.0,2349.0,3897.0,268.0,4050.0,3897.0,1789.0,0.0,3162.0,2403.0,0.9903957908665022,34.0,37508.720256644,2984.0
1790001471.2,11.0,0.0,102.0,152.0,22.0,3308.0,36.0,2352.0,3905.0,268.0,4060.0,3905.0,1791.0,0.0,3168.0,2406.0,0.9961609984622537,37.0,37678.364994306,3006.0
1790001478.5,19.0,1.0,93.0,152.0,22.0,3317.0,36.0,2352.0,3914.0,268.0,4069.0,3914.0,1794.0,0.0,3177.0,2413.0,0.9860476343739942,36.0,38164.48256662,3024.0
1790001485.8,26.0,0.0,86.0,153.0,22.0,3323.0,36.0,2352.0,3921.0,268.0,4077.0,3921.0,1799.0,0.0,3182.0,2418.0,0.9997322354539928,32.0,38472.491044924,3038.0
1790001492.9,33.0,0.0,81.0,151.0,22.0,3330.0,36.0,2353.0,3928.0,268.0,4082.0,3928.0,1803.0,0.0,3188.0,2425.0,1.0463818259843365,34.0,38702.221218918,3054.0
1790001500.3,28.0,0.0,84.0,153.0,22.0,3335.0,36.0,2354.0,3935.0,268.0,4091.0,3935.0,1806.0,0.0,3193.0,2428.0,0.9927591817759182,36.0,38866.766529216,3070.0
1790001507.6,30.0,1.0,81.0,153.0,22.0,3339.0,36.0,2356.0,3939.0,268.0,4095.0,3939.0,1808.0,0.0,3196.0,2431.0,0.9930063834352537,38.0,39026.583421966,3082.0
1790001514.8,26.0,1.0,86.0,153.0,22.0,3348.0,36.0,2358.0,3948.0,269.0,4104.0,3948.0,1814.0,0.0,3205.0,2437.0,0.9945401065693953,34.0,39341.819508074,3106.0
1790001522.1,17.0,0.0,95.0,154.0,22.0,3354.0,36.0,2361.0,3954.0,269.0,4111.0,3954.0,1818.0,0.0,3211.0,2442.0,0.9975145728283804,36.0,39568.29599496,3124.0
1790001529.4,24.0,0.0,88.0,154.0,22.0,3359.0,36.0,2364.0,3961.0,269.0,4118.0,3961.0,1819.0,0.0,3215.0,2446.0,0.9988811107534957,36.0,40031.666613866,3144.0
1790001536.6,27.0,0.0,85.0,154.0,22.0,3368.0,36.0,2364.0,3971.0,269.0,4128.0,3971.0,1824.0,0.0,3222.0,2451.0,0.9978404498801988,40.0,40335.516977745996,3164.0
1790001544.0,34.0,0.0,79.0,153.0,22.0,3375.0,36.0,2364.0,3978.0,269.0,4134.0,3978.0,1829.0,0.0,3229.0,2457.0,0.9859868397525301,36.0,40630.139237786,3178.0
1790001551.5,40.0,1.0,73.0,152.0,23.0,3382.0,36.0,2368.0,3985.0,269.0,4140.0,3985.0,1831.0,0.0,3236.0,2461.0,1.0106690090476702,30.0,40876.170563452,3200.0
1790001559.0,47.0,1.0,68.0,150.0,23.0,3389.0,36.0,2372.0,3993.0,269.0,4146.0,3993.0,1834.0,0.0,3242.0,2465.0,0.995211529521153,28.0,41650.081716352,3224.0
1790001566.5,36.0,0.0,79.0,151.0,23.0,3393.0,36.0,2374.0,3997.0,269.0,4151.0,3997.0,1837.0,0.0,3246.0,2468.0,0.9959441941136502,32.0,41781.087698544,3236.0
1790001574.0,38.0,3.0,75.0,150.0,23.0,3398.0,36.0,2379.0,4003.0,269.0,4156.0,4003.0,1840.0,0.0,3251.0,2471.0,1.0290249615563423,30.0,41931.318769077996,3258.0
1790001581.2,20.0,0.0,95.0,151.0,23.0,3403.0,36.0,2381.0,4010.0,269.0,4164.0,4010.0,1843.0,0.0,3256.0,2475.0,1.0052274434073598,24.0,42153.376827508,3276.0
1790001588.7,23.0,3.0,89.0,152.0,23.0,3407.0,36.0,2383.0,4017.0,270.0,4172.0,4017.0,1845.0,0.0,3260.0,2478.0,0.9970273218181168,32.0,42325.936432982,3296.0
1790001596.2,12.0,0.0,101.0,154.0,23.0,3411.0,36.0,2385.0,4022.0,270.0,4179.0,4022.0,1846.0,0.0,3263.0,2481.0,0.9973581160819655,38.0,42463.599400018,3310.0
1790001603.5,20.0,0.0,92.0,155.0,23.0,3418.0,36.0,2385.0,4030.0,270.0,4188.0,4030.0,1849.0,0.0,3270.0,2485.0,0.9981412938525909,40.0,42781.669283324,3326.0
1790001610.9,26.0,0.0,86.0,155.0,23.0,3422.0,36.0,2386.0,4036.0,270.0,4194.0,4036.0,1852.0,0.0,3274.0,2489.0,0.9969486464256339,38.0,42947.731939532,3340.0
1790001618.3,39.0,0.0,74.0,154.0,23.0,3434.0,36.0,2388.0,4049.0,270.0,4206.0,4049.0,1863.0,0.0,3285.0,2501.0,1.0101209634159425,34.0,43546.916426214,3370.0
1790001625.6,25.0,0.0,86.0,156.0,23.0,3438.0,36.0,2389.0,4054.0,270.0,4213.0,4054.0,1863.0,0.0,3289.0,2505.0,1.0000402317347925,38.0,43705.421538298,3382.0
1790001632.9,27.0,0.0,84.0,156.0,23.0,3443.0,36.0,2391.0,4059.0,270.0,4218.0,4059.0,1865.0,0.0,3294.0,2508.0,0.996854772377785,36.0,43853.845323572,3396.0
1790001640.4,33.0,1.0,79.0,154.0,23.0,3449.0,36.0,2393.0,4066.0,270.0,4223.0,4066.0,1867.0,0.0,3300.0,2513.0,0.9965718091764116,34.0,44053.994415236,3414.0
1790001647.8,38.0,1.0,74.0,154.0,23.0,3456.0,36.0,2397.0,4073.0,270.0,4230.0,4073.0,1871.0,0.0,3307.0,2518.0,0.9755909594821729,32.0,44293.87380556,3436.0
1790001655.2,43.0,0.0,67.0,157.0,23.0,3460.0,36.0,2399.0,4078.0,270.0,4238.0,4078.0,1875.0,0.0,3309.0,2522.0,0.9967980009298001,42.0,44662.482874154,3450.0
1790001662.6,48.0,0.0,62.0,157.0,23.0,3464.0,36.0,2400.0,4083.0,270.0,4243.0,4083.0,1878.0,0.0,3312.0,2525.0,0.9969589278689697,38.0,44959.130422332,3462.0
1790001670.5,53.0,0.0,57.0,157.0,23.0,3472.0,36.0,2402.0,4091.0,270.0,4251.0,4091.0,1882.0,0.0,3320.0,2532.0,0.9894650967349712,34.0,45352.712355298,3482.0
1790001677.9,56.0,3.0,54.0,154.0,23.0,3476.0,36.0,2407.0,4097.0,270.0,4254.0,4097.0,1886.0,0.0,3325.0,2536.0,1.0198860994886099,34.0,45557.455687416,3504.0
1790001685.4,27.0,0.0,85.0,156.0,23.0,3479.0,36.0,2413.0,4103.0,271.0,4262.0,4103.0,1889.0,0.0,3328.0,2539.0,0.9966527196652719,36.0,45730.537660096,3530.0
1790001693.1,19.0,2.0,89.0,158.0,23.0,3485.0,36.0,2416.0,4109.0,271.0,4270.0,4109.0,1892.0,0.0,3334.0,2544.0,0.9885482602009799,42.0,46020.25821898,3548.0
1790001700.6,13.0,0.0,98.0,157.0,23.0,3493.0,36.0,2417.0,4118.0,271.0,4278.0,4118.0,1897.0,0.0,3342.0,2549.0,1.0180296284375783,38.0,46313.80720082,3568.0
1790001707.9,18.0,1.0,90.0,159.0,23.0,3499.0,36.0,2418.0,4124.0,271.0,4286.0,4124.0,1902.0,0.0,3348.0,2555.0,0.9635741873189572,40.0,46627.650747688,3582.0
1790001715.2,27.0,0.0,82.0,159.0,23.0,3506.0,36.0,2418.0,4133.0,271.0,4295.0,4133.0,1906.0,0.0,3354.0,2559.0,0.9917712691771269,42.0,47020.980792736,3600.0
1790001722.5,29.0,0.0,81.0,158.0,23.0,3513.0,36.0,2420.0,4140.0,271.0,4301.0,4140.0,1909.0,0.0,3361.0,2564.0,0.9939035511211244,40.0,47328.746208154,3618.0
1790001729.8,11.0,0.0,98.0,159.0,24.0,3519.0,36.0,2422.0,4146.0,271.0,4308.0,4146.0,1915.0,0.0,3367.0,2570.0,0.9955244430139828,36.0,47647.9485867,3634.0
1790001737.2,20.0,0.0,86.0,162.0,24.0,3528.0,36.0,2422.0,4155.0,271.0,4320.0,4155.0,1919.0,0.0,3376.0,2578.0,0.9865697528877445,40.0,48057.90949775,3652.0
1790001744.6,29.0,0.0,78.0,156.0,24.0,3537.0,36.0,2422.0,4164.0,271.0,4328.0,4164.0,1923.0,0.0,3385.0,2585.0,0.995326413474949,42.0,42931.784187392,3376.0
1790001752.0,27.0,0.0,82.0,154.0,24.0,3543.0,36.0,2425.0,4171.0,271.0,4333.0,4171.0,1925.0,0.0,3391.0,2588.0,1.0276852447877554,42.0,43128.750892586,3396.0
1790001759.4,29.0,0.0,78.0,156.0,24.0,3545.0,36.0,2426.0,4173.0,271.0,4337.0,4173.0,1927.0,0.0,3393.0,2590.0,0.9891687229553339,46.0,43234.617161166,3402.0
1790001767.2,17.0,0.0,92.0,154.0,24.0,3550.0,36.0,2429.0,4179.0,271.0,4341.0,4179.0,1932.0,0.0,3398.0,2595.0,0.9877927976254336,42.0,43533.427376786,3420.0
1790001774.5,27.0,1.0,83.0,153.0,24.0,3560.0,37.0,2431.0,4190.0,272.0,4351.0,4190.0,1940.0,0.0,3408.0,2604.0,0.9974162285877767,32.0,44066.70596421,3448.0
1790001782.0,26.0,0.0,88.0,150.0,24.0,3569.0,37.0,2433.0,4199.0,272.0,4357.0,4199.0,1947.0,0.0,3417.0,2613.0,0.9891173157386547,26.0,44501.880743748,3470.0
1790001789.1,32.0,0.0,81.0,151.0,24.0,3573.0,37.0,2433.0,4205.0,272.0,4364.0,4205.0,1948.0,0.0,3421.0,2614.0,0.9967246897686228,30.0,44583.007154886,3482.0
1790001796.5,33.0,0.0,79.0,152.0,24.0,3577.0,37.0,2435.0,4213.0,272.0,4373.0,4213.0,1950.0,0.0,3425.0,2617.0,0.9780804098272717,30.0,44688.382224772,3502.0
1790001804.2,44.0,2.0,71.0,147.0,24.0,3586.0,37.0,2437.0,4226.0,272.0,4381.0,4226.0,1956.0,0.0,3434.0,2624.0,1.0262708758001644,24.0,44993.79533126,3532.0
1790001811.6,24.0,0.0,92.0,148.0,24.0,3592.0,37.0,2442.0,4233.0,272.0,4389.0,4233.0,1959.0,0.0,3440.0,2628.0,1.052807281049959,22.0,45188.076941396,3556.0
1790001819.0,22.0,1.0,93.0,148.0,24.0,3595.0,37.0,2442.0,4237.0,272.0,4393.0,4237.0,1959.0,0.0,3442.0,2629.0,1.0289141007760254,22.0,45238.999007188,3564.0
1790001826.2,26.0,0.0,89.0,149.0,24.0,3599.0,37.0,2445.0,4241.0,272.0,4398.0,4241.0,1962.0,0.0,3444.0,2632.0,1.0109318563816472,28.0,45389.313539386,3578.0
1790001833.7,33.0,5.0,79.0,148.0,24.0,3606.0,37.0,2449.0,4252.0,273.0,4408.0,4252.0,1964.0,0.0,3450.0,2635.0,1.0231001680792475,26.0,45514.836215022,3610.0
1790001841.0,10.0,0.0,105.0,150.0,24.0,3613.0,37.0,2454.0,4259.0,273.0,4417.0,4259.0,1966.0,0.0,3457.0,2640.0,0.9987778493008619,28.0,45748.39677401,3634.0
1790001848.5,9.0,0.0,103.0,153.0,24.0,3618.0,37.0,2454.0,4265.0,273.0,4426.0,4265.0,1967.0,0.0,3460.0,2642.0,0.9994130636913063,30.0,46001.84604492,3646.0
1790001855.9,17.0,1.0,95.0,152.0,24.0,3625.0,37.0,2454.0,4274.0,273.0,4434.0,4274.0,1970.0,0.0,3466.0,2646.0,1.000185960018596,30.0,46184.077992838,3664.0
1790001863.4,24.0,0.0,87.0,154.0,24.0,3631.0,37.0,2455.0,4281.0,273.0,4443.0,4281.0,1971.0,0.0,3472.0,2649.0,0.9968909809390981,34.0,46318.440546978,3680.0
1790001870.5,30.0,0.0,82.0,153.0,24.0,3636.0,37.0,2456.0,4287.0,273.0,4448.0,4287.0,1973.0,0.0,3476.0,2652.0,0.9897547652254766,36.0,46450.148086142,3694.0
1790001878.0,38.0,1.0,75.0,152.0,24.0,3643.0,37.0,2457.0,4296.0,274.0,4456.0,4296.0,1978.0,0.0,3483.0,2658.0,1.0129358437935845,32.0,46731.256160018,3716.0
1790001885.4,16.0,1.0,94.0,155.0,24.0,3644.0,37.0,2459.0,4297.0,274.0,4460.0,4297.0,1979.0,0.0,3484.0,2659.0,0.9823878875657118,38.0,46888.103352222,3722.0
1790001892.8,27.0,0.0,84.0,155.0,24.0,3652.0,37.0,2461.0,4307.0,274.0,4470.0,4307.0,1983.0,0.0,3492.0,2665.0,0.982540768157923,42.0,47154.463213525996,3746.0
1790001900.5,28.0,0.0,84.0,155.0,24.0,3657.0,38.0,2462.0,4312.0,275.0,4475.0,4312.0,1986.0,0.0,3497.0,2670.0,0.9951909666344813,36.0,47404.436969796,3760.0
1790001908.0,34.0,0.0,79.0,154.0,25.0,3664.0,38.0,2467.0,4321.0,275.0,4483.0,4321.0,1992.0,0.0,3503.0,2676.0,0.9955128205128205,32.0,47802.178272248,3788.0
1790001916.3,25.0,0.0,88.0,154.0,25.0,3668.0,38.0,2468.0,4326.0,275.0,4488.0,4326.0,1994.0,0.0,3507.0,2679.0,1.0233603332975718,34.0,47962.633833926,3800.0
1790001923.9,28.0,2.0,84.0,153.0,25.0,3678.0,38.0,2469.0,4336.0,275.0,4497.0,4336.0,2001.0,0.0,3517.0,2687.0,0.9958833994921861,32.0,48394.846549946,3822.0
1790001931.2,13.0,0.0,99.0,155.0,25.0,3682.0,38.0,2471.0,4340.0,275.0,4503.0,4340.0,2003.0,0.0,3520.0,2689.0,1.0114396702785824,34.0,48481.942049674,3834.0
1790001938.6,17.0,0.0,95.0,155.0,25.0,3689.0,38.0,2472.0,4351.0,275.0,4514.0,4351.0,2008.0,0.0,3528.0,2695.0,0.9980174695132854,36.0,48738.75520437,3858.0
1790001946.1,26.0,0.0,86.0,155.0,25.0,3698.0,38.0,2472.0,4360.0,275.0,4523.0,4360.0,2013.0,0.0,3537.0,2700.0,0.9723706326216787,30.0,48993.116963584,3876.0
1790001953.4,28.0,2.0,83.0,154.0,25.0,3702.0,38.0,2475.0,4365.0,275.0,4527.0,4365.0,2016.0,0.0,3542.0,2703.0,0.9974510960912635,30.0,49101.53287663,3892.0
1790001960.9,37.0,1.0,73.0,156.0,25.0,3709.0,38.0,2480.0,4376.0,275.0,4540.0,4376.0,2018.0,0.0,3552.0,2706.0,1.0008725816257198,34.0,49257.533904756,3924.0
1790001968.4,44.0,1.0,66.0,156.0,25.0,3714.0,38.0,2483.0,4384.0,275.0,4548.0,4384.0,2021.0,0.0,3556.0,2709.0,0.9877995029145656,36.0,49389.099934656,3946.0
1790001976.2,23.0,1.0,89.0,154.0,25.0,3721.0,38.0,2489.0,4391.0,275.0,4553.0,4391.0,2024.0,0.0,3563.0,2713.0,0.9945499409934556,30.0,49590.903554896,3972.0
1790001983.8,27.0,1.0,86.0,154.0,25.0,3725.0,38.0,2494.0,4396.0,276.0,4558.0,4396.0,2025.0,0.0,3568.0,2716.0,1.0336368594213783,32.0,49704.421125274,3994.0
1790001991.4,5.0,0.0,104.0,159.0,25.0,3731.0,38.0,2495.0,4404.0,276.0,4571.0,4404.0,2029.0,0.0,3573.0,2720.0,0.9816762328791617,32.0,50043.048904828,4012.0
1790001999.0,12.0,0.0,97.0,159.0,25.0,3738.0,38.0,2495.0,4411.0,276.0,4578.0,4411.0,2031.0,0.0,3580.0,2726.0,0.9923590995243715,36.0,50270.607275534,4026.0
1790002006.7,18.0,0.0,91.0,159.0,25.0,3747.0,38.0,2495.0,4420.0,276.0,4587.0,4420.0,2034.0,0.0,3589.0,2732.0,0.991280889031935,40.0,50685.455411506,4044.0
1790002014.1,22.0,0.0,88.0,159.0,25.0,3750.0,38.0,2497.0,4423.0,277.0,4590.0,4423.0,2036.0,0.0,3592.0,2735.0,1.0257103136287238,38.0,50795.236214788,4056.0
1790002021.6,19.0,1.0,90.0,159.0,25.0,3755.0,38.0,2498.0,4428.0,277.0,4595.0,4428.0,2038.0,0.0,3597.0,2739.0,0.9757228301684369,38.0,50972.028089306,4068.0
1790002029.4,23.0,1.0,87.0,159.0,25.0,3761.0,38.0,2501.0,4435.0,278.0,4602.0,4435.0,2043.0,0.0,3603.0,2745.0,0.9956670421628581,38.0,51211.300678772,4090.0
1790002036.9,14.0,1.0,98.0,158.0,25.0,3772.0,38.0,2503.0,4446.0,279.0,4612.0,4446.0,2048.0,0.0,3614.0,2750.0,0.9973759968529843,32.0,51501.357871772,4118.0
1790002044.8,18.0,1.0,93.0,149.0,25.0,3780.0,38.0,2505.0,4456.0,279.0,4623.0,4456.0,2051.0,0.0,3622.0,2753.0,0.991553123770697,36.0,45903.12745059,3640.0
1790002052.3,21.0,3.0,89.0,148.0,25.0,3786.0,38.0,2506.0,4462.0,279.0,4628.0,4462.0,2052.0,0.0,3626.0,2754.0,0.9893739048027751,38.0,46001.105335598,3654.0
1790002059.6,15.0,0.0,94.0,152.0,25.0,3791.0,38.0,2509.0,4468.0,279.0,4638.0,4468.0,2053.0,0.0,3631.0,2756.0,0.992722973214605,38.0,46119.061097726,3672.0
1790002067.0,24.0,1.0,87.0,149.0,25.0,3799.0,38.0,2511.0,4478.0,279.0,4645.0,4478.0,2059.0,0.0,3640.0,2763.0,0.9898298644637556,34.0,46413.761428911996,3696.0
1790002074.4,22.0,0.0,88.0,151.0,25.0,3806.0,38.0,2512.0,4485.0,279.0,4654.0,4485.0,2062.0,0.0,3646.0,2767.0,0.9900126953474234,38.0,46733.94241597,3712.0
1790002081.8,27.0,1.0,82.0,152.0,25.0,3811.0,38.0,2513.0,4491.0,280.0,4661.0,4491.0,2066.0,0.0,3651.0,2771.0,0.9978636948825234,40.0,46873.245967304,3728.0
1790002089.2,33.0,2.0,74.0,153.0,25.0,3817.0,38.0,2516.0,4499.0,280.0,4670.0,4499.0,2068.0,0.0,3657.0,2773.0,0.9922205235489754,44.0,47015.968155721996,3750.0
1790002096.8,21.0,0.0,87.0,155.0,25.0,3821.0,39.0,2518.0,4503.0,281.0,4676.0,4503.0,2070.0,0.0,3661.0,2776.0,0.9947046096627686,46.0,47191.355089354,3764.0
1790002104.4,13.0,0.0,97.0,154.0,25.0,3830.0,39.0,2521.0,4512.0,282.0,4684.0,4512.0,2076.0,0.0,3670.0,2784.0,0.9922227586453528,42.0,47561.631539526,3790.0
1790002111.8,9.0,0.0,100.0,155.0,25.0,3835.0,39.0,2522.0,4517.0,282.0,4690.0,4517.0,2079.0,0.0,3675.0,2788.0,0.9954466616600508,44.0,47723.524117643996,3802.0
1790002119.3,18.0,1.0,90.0,156.0,25.0,3845.0,39.0,2523.0,4527.0,283.0,4701.0,4527.0,2083.0,0.0,3685.0,2794.0,0.9875143046168151,44.0,48052.617484414,3826.0
1790002126.9,28.0,0.0,79.0,158.0,25.0,3853.0,39.0,2526.0,4536.0,283.0,4712.0,4536.0,2090.0,0.0,3692.0,2801.0,0.9984868397525302,50.0,48507.076601034,3850.0
1790002134.4,31.0,0.0,76.0,158.0,25.0,3856.0,39.0,2527.0,4539.0,283.0,4715.0,4539.0,2092.0,0.0,3695.0,2803.0,0.9855599363444552,52.0,48607.878245604,3858.0
1790002141.9,38.0,2.0,69.0,156.0,25.0,3865.0,39.0,2531.0,4548.0,283.0,4722.0,4548.0,2099.0,0.0,3704.0,2810.0,1.032850105496549,48.0,48944.62730623,3884.0
1790002149.6,42.0,2.0,64.0,157.0,25.0,3873.0,39.0,2534.0,4557.0,283.0,4732.0,4557.0,2105.0,0.0,3712.0,2817.0,0.9986486607302507,46.0,49417.835436892,3908.0
1790002157.3,35.0,0.0,72.0,158.0,25.0,3878.0,39.0,2537.0,4562.0,283.0,4738.0,4562.0,2110.0,0.0,3717.0,2822.0,0.9988677001752315,50.0,49629.983349329996,3924.0
1790002166.2,24.0,2.0,85.0,154.0,25.0,3888.0,39.0,2540.0,4573.0,283.0,4745.0,4573.0,2118.0,0.0,3727.0,2830.0,1.0145898151128276,44.0,50004.551844388,3952.0
1790002173.8,8.0,0.0,100.0,157.0,25.0,3893.0,39.0,2541.0,4578.0,283.0,4753.0,4578.0,2121.0,0.0,3732.0,2835.0,0.9981046382720022,50.0,50201.207600866,3964.0
1790002181.4,18.0,0.0,90.0,158.0,25.0,3904.0,39.0,2542.0,4589.0,284.0,4765.0,4589.0,2128.0,0.0,3742.0,2843.0,0.996620534277438,50.0,50612.801468298,3990.0
1790002188.9,22.0,0.0,86.0,158.0,25.0,3908.0,39.0,2545.0,4593.0,284.0,4769.0,4593.0,2130.0,0.0,3746.0,2846.0,0.990034152272646,52.0,50816.570416306,4004.0
1790002196.4,31.0,0.0,77.0,159.0,26.0,3916.0,39.0,2548.0,4602.0,285.0,4779.0,4602.0,2137.0,0.0,3754.0,2854.0,0.9756526481421879,44.0,51205.641221866,4030.0
1790002203.9,24.0,0.0,85.0,158.0,26.0,3922.0,39.0,2550.0,4609.0,285.0,4785.0,4609.0,2141.0,0.0,3760.0,2859.0,0.9861687765976469,48.0,51420.920623412,4048.0
1790002211.6,14.0,0.0,96.0,157.0,26.0,3929.0,39.0,2557.0,4617.0,285.0,4792.0,4617.0,2145.0,0.0,3767.0,2864.0,1.0129519364875013,42.0,51797.196811578,4078.0
1790002219.2,11.0,1.0,96.0,159.0,26.0,3935.0,39.0,2557.0,4625.0,285.0,4802.0,4625.0,2148.0,0.0,3773.0,2868.0,0.9928414333226049,44.0,52066.760540228,4094.0
1790002226.8,15.0,0.0,92.0,160.0,26.0,3938.0,39.0,2557.0,4629.0,285.0,4807.0,4629.0,2149.0,0.0,3776.0,2869.0,0.9980058470121231,52.0,52148.890202411996,4102.0
1790002234.6,11.0,0.0,95.0,161.0,26.0,3945.0,39.0,2560.0,4637.0,285.0,4816.0,4637.0,2152.0,0.0,3782.0,2874.0,1.0104218073883346,50.0,52492.92687732,4124.0
1790002242.3,16.0,1.0,89.0,161.0,26.0,3951.0,39.0,2561.0,4643.0,285.0,4822.0,4643.0,2155.0,0.0,3788.0,2878.0,1.0220975038443658,52.0,52770.5614717,4138.0
1790002250.0,21.0,0.0,84.0,162.0,26.0,3958.0,39.0,2565.0,4650.0,285.0,4830.0,4650.0,2160.0,0.0,3795.0,2885.0,0.9984112934949755,56.0,53218.759132286,4160.0
1790002257.7,17.0,0.0,86.0,164.0,26.0,3963.0,39.0,2567.0,4655.0,285.0,4837.0,4655.0,2164.0,0.0,3799.0,2890.0,0.9819556199263312,58.0,53916.45731615,4174.0
1790002265.5,21.0,0.0,84.0,162.0,26.0,3968.0,39.0,2572.0,4660.0,285.0,4840.0,4660.0,2168.0,0.0,3804.0,2895.0,0.9987367235275185,54.0,54171.051236187996,4194.0
1790002273.2,27.0,0.0,78.0,162.0,26.0,3973.0,39.0,2574.0,4666.0,285.0,4846.0,4666.0,2172.0,0.0,3809.0,2900.0,0.9899152451453707,56.0,54537.759266278,4210.0
1790002280.9,24.0,0.0,81.0,162.0,26.0,3980.0,39.0,2576.0,4674.0,285.0,4854.0,4674.0,2178.0,0.0,3815.0,2906.0,1.0213380180953402,52.0,55005.696700836,4230.0
1790002288.6,23.0,0.0,84.0,160.0,26.0,3987.0,39.0,2577.0,4681.0,285.0,4859.0,4681.0,2182.0,0.0,3822.0,2911.0,0.9995319708185817,50.0,55399.962884534,4246.0
1790002296.2,28.0,1.0,78.0,160.0,26.0,3994.0,39.0,2582.0,4688.0,285.0,4866.0,4688.0,2189.0,0.0,3829.0,2918.0,0.992056020455602,48.0,55868.190263111996,4270.0
1790002303.7,25.0,0.0,80.0,162.0,26.0,3998.0,39.0,2584.0,4692.0,285.0,4872.0,4692.0,2191.0,0.0,3832.0,2922.0,0.9994175338840611,50.0,56160.004881151996,4282.0
1790002311.5,24.0,3.0,79.0,161.0,26.0,4006.0,39.0,2584.0,4701.0,285.0,4880.0,4701.0,2196.0,0.0,3839.0,2928.0,1.0147042520473484,44.0,57254.634780932,4300.0
1790002318.8,28.0,0.0,74.0,165.0,26.0,4010.0,39.0,2584.0,4705.0,285.0,4888.0,4705.0,2197.0,0.0,3843.0,2930.0,0.96423622286593,36.0,57394.151547196,4308.0
1790002326.2,29.0,0.0,72.0,166.0,26.0,4015.0,39.0,2584.0,4710.0,285.0,4894.0,4710.0,2200.0,0.0,3848.0,2935.0,0.9923161856739262,26.0,57772.953977424,4318.0
1790002333.5,32.0,4.0,67.0,164.0,26.0,4022.0,39.0,2584.0,4717.0,285.0,4899.0,4717.0,2206.0,0.0,3855.0,2942.0,0.9688020777455923,12.0,58208.25414221,4332.0
1790002341.1,33.0,3.0,64.0,163.0,26.0,4026.0,39.0,2584.0,4721.0,285.0,4906.0,4721.0,2207.0,0.0,3858.0,2946.0,0.98380449164968,4.0,50027.757355862,3984.0
1790002348.6,32.0,5.0,60.0,166.0,26.0,4028.0,39.0,2584.0,4723.0,285.0,4911.0,4723.0,2209.0,0.0,3858.0,2948.0,1.05946876229303,,52322.918499187996,3988.0
1790002355.9,30.0,5.0,58.0,170.0,26.0,4028.0,39.0,2584.0,4723.0,285.0,4915.0,4723.0,2209.0,0.0,3858.0,2948.0,0.9824527053606551,,52322.918499187996,3988.0
1790002363.6,25.0,10.0,55.0,173.0,26.0,4028.0,39.0,2584.0,4723.0,285.0,4918.0,4723.0,2209.0,0.0,3858.0,2948.0,0.9824974072882022,,52322.918499187996,3988.0
1790002370.9,21.0,14.0,50.0,178.0,26.0,4028.0,39.0,2584.0,4723.0,285.0,4923.0,4723.0,2209.0,0.0,3858.0,2948.0,0.9535649787218825,,52322.918499187996,3988.0
1790002379.0,14.0,21.0,45.0,183.0,26.0,4028.0,39.0,2584.0,4723.0,285.0,4928.0,4723.0,2209.0,0.0,3858.0,2948.0,0.9101102349533312,,52322.918499187996,3988.0
1790002386.6,11.0,24.0,40.0,188.0,26.0,4028.0,39.0,2584.0,4723.0,285.0,4933.0,4723.0,2209.0,0.0,3858.0,2948.0,0.8440904051782713,,52322.918499187996,3988.0
1790002394.0,8.0,27.0,34.0,194.0,26.0,4028.0,39.0,2584.0,4723.0,285.0,4939.0,4723.0,2209.0,0.0,3858.0,2948.0,0.7560580052211852,,52322.918499187996,3988.0
1790002401.6,5.0,30.0,28.0,200.0,26.0,4028.0,39.0,2584.0,4723.0,285.0,4945.0,4723.0,2209.0,0.0,3858.0,2948.0,0.7596466759646676,,52322.918499187996,3988.0
1790002409.9,2.0,33.0,23.0,205.0,26.0,4028.0,39.0,2584.0,4723.0,285.0,4950.0,4723.0,2209.0,0.0,3858.0,2948.0,0.7426353574366127,,52322.918499187996,3988.0
1790002417.5,2.0,33.0,18.0,210.0,26.0,4028.0,39.0,2584.0,4723.0,285.0,4955.0,4723.0,2209.0,0.0,3858.0,2948.0,0.5981685620283946,,52322.918499187996,3988.0
1790002425.0,1.0,34.0,15.0,213.0,26.0,4028.0,39.0,2584.0,4723.0,285.0,4958.0,4723.0,2209.0,0.0,3858.0,2948.0,0.5560383363730644,,52322.918499187996,3988.0
1790002432.4,0.0,35.0,0.0,228.0,26.0,4028.0,39.0,2584.0,4723.0,285.0,4973.0,4723.0,2209.0,0.0,3858.0,2948.0,0.35104379000822516,,52322.918499187996,3988.0
1790002439.6,0.0,35.0,0.0,228.0,26.0,4028.0,39.0,2584.0,4723.0,285.0,4973.0,4723.0,2209.0,0.0,3858.0,2948.0,0.35104379000822516,,52322.918499187996,3988.0
1790002446.9,0.0,35.0,0.0,228.0,26.0,4028.0,39.0,2584.0,4723.0,285.0,4973.0,4723.0,2209.0,0.0,3858.0,2948.0,0.35104379000822516,,52322.918499187996,3988.0
1790002454.1,0.0,35.0,0.0,228.0,26.0,4028.0,39.0,2584.0,4723.0,285.0,4973.0,4723.0,2209.0,0.0,3858.0,2948.0,0.35104379000822516,,52322.918499187996,3988.0
1790002461.4,0.0,35.0,0.0,228.0,26.0,4028.0,39.0,2584.0,4723.0,285.0,4973.0,4723.0,2209.0,0.0,3858.0,2948.0,0.35104379000822516,,52322.918499187996,3988.0
1790002468.6,0.0,35.0,0.0,228.0,26.0,4028.0,39.0,2584.0,4723.0,285.0,4973.0,4723.0,2209.0,0.0,3858.0,2948.0,0.35104379000822516,,52322.918499187996,3988.0
1790002475.9,0.0,35.0,0.0,228.0,26.0,4028.0,39.0,2584.0,4723.0,285.0,4973.0,4723.0,2209.0,0.0,3858.0,2948.0,0.35104379000822516,,52322.918499187996,3988.0
1790002483.3,0.0,35.0,0.0,228.0,26.0,4028.0,39.0,2584.0,4723.0,285.0,4973.0,4723.0,2209.0,0.0,3858.0,2948.0,0.35104379000822516,,52322.918499187996,3988.0
1790002490.6,0.0,35.0,0.0,228.0,26.0,4028.0,39.0,2584.0,4723.0,285.0,4973.0,4723.0,2209.0,0.0,3858.0,2948.0,0.35104379000822516,,52322.918499187996,3988.0
1790002497.9,0.0,35.0,0.0,228.0,26.0,4028.0,39.0,2584.0,4723.0,285.0,4973.0,4723.0,2209.0,0.0,3858.0,2948.0,0.35104379000822516,,52322.918499187996,3988.0
1790002505.7,0.0,35.0,0.0,228.0,26.0,4028.0,39.0,2584.0,4723.0,285.0,4973.0,4723.0,2209.0,0.0,3858.0,2948.0,0.35104379000822516,,52322.918499187996,3988.0
1790002513.0,0.0,35.0,0.0,228.0,26.0,4028.0,39.0,2584.0,4723.0,285.0,4973.0,4723.0,2209.0,0.0,3858.0,2948.0,0.35104379000822516,,52322.918499187996,3988.0
1790002520.3,0.0,35.0,0.0,228.0,26.0,4028.0,39.0,2584.0,4723.0,285.0,4973.0,4723.0,2209.0,0.0,3858.0,2948.0,0.35104379000822516,,52322.918499187996,3988.0
1790002527.5,0.0,35.0,0.0,228.0,26.0,4028.0,39.0,2584.0,4723.0,285.0,4973.0,4723.0,2209.0,0.0,3858.0,2948.0,0.35104379000822516,,52322.918499187996,3988.0
1790002534.8,0.0,35.0,0.0,228.0,26.0,4028.0,39.0,2584.0,4723.0,285.0,4973.0,4723.0,2209.0,0.0,3858.0,2948.0,0.35104379000822516,,52322.918499187996,3988.0
1790002542.0,0.0,35.0,0.0,228.0,26.0,4028.0,39.0,2584.0,4723.0,285.0,4973.0,4723.0,2209.0,0.0,3858.0,2948.0,0.35104379000822516,,52322.918499187996,3988.0
1790002549.2,0.0,35.0,0.0,228.0,26.0,4028.0,39.0,2584.0,4723.0,285.0,4973.0,4723.0,2209.0,0.0,3858.0,2948.0,0.35104379000822516,,52322.918499187996,3988.0
1790002556.5,0.0,35.0,0.0,228.0,26.0,4028.0,39.0,2584.0,4723.0,285.0,4973.0,4723.0,2209.0,0.0,3858.0,2948.0,0.35104379000822516,,52322.918499187996,3988.0
1790002563.9,0.0,35.0,0.0,228.0,26.0,4028.0,39.0,2584.0,4723.0,285.0,4973.0,4723.0,2209.0,0.0,3858.0,2948.0,0.35104379000822516,,52322.918499187996,3988.0
1790002571.2,0.0,35.0,0.0,228.0,26.0,4028.0,39.0,2584.0,4723.0,285.0,4973.0,4723.0,2209.0,0.0,3858.0,2948.0,0.35104379000822516,,52322.918499187996,3988.0
1790002578.4,0.0,35.0,0.0,228.0,26.0,4028.0,39.0,2584.0,4723.0,285.0,4973.0,4723.0,2209.0,0.0,3858.0,2948.0,0.35104379000822516,,52322.918499187996,3988.0
1790002585.9,0.0,35.0,0.0,228.0,26.0,4028.0,39.0,2584.0,4723.0,285.0,4973.0,4723.0,2209.0,0.0,3858.0,2948.0,0.35104379000822516,,52322.918499187996,3988.0
1790002593.5,0.0,35.0,0.0,228.0,26.0,4028.0,39.0,2584.0,4723.0,285.0,4973.0,4723.0,2209.0,0.0,3858.0,2948.0,0.35104379000822516,,52322.918499187996,3988.0
1790002601.3,0.0,35.0,0.0,228.0,26.0,4028.0,39.0,2584.0,4723.0,285.0,4973.0,4723.0,2209.0,0.0,3858.0,2948.0,0.35104379000822516,,52322.918499187996,3988.0
1790002608.8,0.0,35.0,0.0,228.0,26.0,4028.0,39.0,2584.0,4723.0,285.0,4973.0,4723.0,2209.0,0.0,3858.0,2948.0,0.35104379000822516,,52322.918499187996,3988.0
1790002616.5,0.0,35.0,0.0,228.0,26.0,4028.0,39.0,2584.0,4723.0,285.0,4973.0,4723.0,2209.0,0.0,3858.0,2948.0,0.35104379000822516,,52322.918499187996,3988.0
1790002623.8,0.0,35.0,0.0,228.0,26.0,4028.0,39.0,2584.0,4723.0,285.0,4973.0,4723.0,2209.0,0.0,3858.0,2948.0,0.35104379000822516,,52322.918499187996,3988.0
1790002631.0,0.0,35.0,0.0,228.0,26.0,4028.0,39.0,2584.0,4723.0,285.0,4973.0,4723.0,2209.0,0.0,3858.0,2948.0,0.35104379000822516,,52322.918499187996,3988.0
1790002638.3,0.0,35.0,0.0,228.0,26.0,4028.0,39.0,2584.0,4723.0,285.0,4973.0,4723.0,2209.0,0.0,3858.0,2948.0,0.35104379000822516,,52322.918499187996,3988.0
1790002645.5,0.0,35.0,0.0,224.0,26.0,4028.0,39.0,2584.0,4723.0,285.0,4973.0,4723.0,2209.0,0.0,3858.0,2948.0,0.35104379000822516,,,
1790002652.1,0.0,35.0,0.0,224.0,26.0,4028.0,39.0,2584.0,4723.0,285.0,4973.0,4723.0,2209.0,0.0,3858.0,2948.0,0.35104379000822516,,,
1790002659.5,0.0,35.0,0.0,224.0,26.0,4028.0,39.0,2584.0,4723.0,285.0,4973.0,4723.0,2209.0,0.0,3858.0,2948.0,0.35104379000822516,,,
1790002666.1,0.0,35.0,0.0,224.0,26.0,4028.0,39.0,2584.0,4723.0,285.0,4973.0,4723.0,2209.0,0.0,3858.0,2948.0,0.35104379000822516,,,
1790002672.7,0.0,35.0,0.0,224.0,26.0,4028.0,39.0,2584.0,4723.0,285.0,4973.0,4723.0,2209.0,0.0,3858.0,2948.0,0.35104379000822516,,,
1790002679.3,0.0,35.0,0.0,224.0,26.0,4028.0,39.0,2584.0,4723.0,285.0,4973.0,4723.0,2209.0,0.0,3858.0,2948.0,0.35104379000822516,,,
1790002685.9,0.0,35.0,0.0,224.0,26.0,4028.0,39.0,2584.0,4723.0,285.0,4973.0,4723.0,2209.0,0.0,3858.0,2948.0,0.35104379000822516,,,
1790002692.5,0.0,35.0,0.0,224.0,26.0,4028.0,39.0,2584.0,4723.0,285.0,4973.0,4723.0,2209.0,0.0,3858.0,2948.0,0.35104379000822516,,,
1790002699.0,0.0,35.0,0.0,224.0,26.0,4028.0,39.0,2584.0,4723.0,285.0,4973.0,4723.0,2209.0,0.0,3858.0,2948.0,0.35104379000822516,,,
1790002705.6,0.0,35.0,0.0,224.0,26.0,4028.0,39.0,2584.0,4723.0,285.0,4973.0,4723.0,2209.0,0.0,3858.0,2948.0,0.35104379000822516,,,
1790002712.3,0.0,35.0,0.0,224.0,26.0,4028.0,39.0,2584.0,4723.0,285.0,4973.0,4723.0,2209.0,0.0,3858.0,2948.0,0.35104379000822516,,,
1790002718.9,0.0,35.0,0.0,224.0,26.0,4028.0,39.0,2584.0,4723.0,285.0,4973.0,4723.0,2209.0,0.0,3858.0,2948.0,0.35104379000822516,,,
1790002725.6,0.0,35.0,0.0,224.0,26.0,4028.0,39.0,2584.0,4723.0,285.0,4973.0,4723.0,2209.0,0.0,3858.0,2948.0,0.35104379000822516,,,
1790002732.1,0.0,35.0,0.0,224.0,26.0,4028.0,39.0,2584.0,4723.0,285.0,4973.0,4723.0,2209.0,0.0,3858.0,2948.0,0.35104379000822516,,,
1790002738.8,0.0,35.0,0.0,224.0,26.0,4028.0,39.0,2584.0,4723.0,285.0,4973.0,4723.0,2209.0,0.0,3858.0,2948.0,0.35104379000822516,,,
1790002745.4,0.0,35.0,0.0,224.0,26.0,4028.0,39.0,2584.0,4723.0,285.0,4973.0,4723.0,2209.0,0.0,3858.0,2948.0,0.35104379000822516,,,
1790002752.0,0.0,35.0,0.0,224.0,26.0,4028.0,39.0,2584.0,4723.0,285.0,4973.0,4723.0,2209.0,0.0,3858.0,2948.0,0.35104379000822516,,,
1790002758.6,0.0,35.0,0.0,224.0,26.0,4028.0,39.0,2584.0,4723.0,285.0,4973.0,4723.0,2209.0,0.0,3858.0,2948.0,0.35104379000822516,,,
1790002765.2,0.0,35.0,0.0,224.0,26.0,4028.0,39.0,2584.0,4723.0,285.0,4973.0,4723.0,2209.0,0.0,3858.0,2948.0,0.35104379000822516,,,
1790002771.8,0.0,35.0,0.0,224.0,26.0,4028.0,39.0,2584.0,4723.0,285.0,4973.0,4723.0,2209.0,0.0,3858.0,2948.0,0.35104379000822516,,,
1790002778.4,0.0,35.0,0.0,224.0,26.0,4028.0,39.0,2584.0,4723.0,285.0,4973.0,4723.0,2209.0,0.0,3858.0,2948.0,0.35104379000822516,,,
1790002785.0,0.0,35.0,0.0,224.0,26.0,4028.0,39.0,2584.0,4723.0,285.0,4973.0,4723.0,2209.0,0.0,3858.0,2948.0,0.35104379000822516,,,
1790002791.6,0.0,35.0,0.0,224.0,26.0,4028.0,39.0,2584.0,4723.0,285.0,4973.0,4723.0,2209.0,0.0,3858.0,2948.0,0.35104379000822516,,,
1790002798.1,0.0,35.0,0.0,224.0,26.0,4028.0,39.0,2584.0,4723.0,285.0,4973.0,4723.0,2209.0,0.0,3858.0,2948.0,0.35104379000822516,,,
1790002804.7,0.0,35.0,0.0,224.0,26.0,4028.0,39.0,2584.0,4723.0,285.0,4973.0,4723.0,2209.0,0.0,3858.0,2948.0,0.35104379000822516,,,
1790002811.3,0.0,35.0,0.0,224.0,26.0,4028.0,39.0,2584.0,4723.0,285.0,4973.0,4723.0,2209.0,0.0,3858.0,2948.0,0.35104379000822516,,,
1790002817.9,0.0,35.0,0.0,224.0,26.0,4028.0,39.0,2584.0,4723.0,285.0,4973.0,4723.0,2209.0,0.0,3858.0,2948.0,0.35104379000822516,,,
1790002824.5,0.0,35.0,0.0,224.0,26.0,4028.0,39.0,2584.0,4723.0,285.0,4973.0,4723.0,2209.0,0.0,3858.0,2948.0,0.35104379000822516,,,
1790002831.2,0.0,35.0,0.0,224.0,26.0,4028.0,39.0,2584.0,4723.0,285.0,4973.0,4723.0,2209.0,0.0,3858.0,2948.0,0.35104379000822516,,,
1790002837.8,0.0,35.0,0.0,224.0,26.0,4028.0,39.0,2584.0,4723.0,285.0,4973.0,4723.0,2209.0,0.0,3858.0,2948.0,0.35104379000822516,,,
1790002844.5,0.0,35.0,0.0,224.0,26.0,4028.0,39.0,2584.0,4723.0,285.0,4973.0,4723.0,2209.0,0.0,3858.0,2948.0,0.35104379000822516,,,
1790002851.1,0.0,35.0,0.0,224.0,26.0,4028.0,39.0,2584.0,4723.0,285.0,4973.0,4723.0,2209.0,0.0,3858.0,2948.0,0.35104379000822516,,,
1790002857.7,0.0,35.0,0.0,224.0,26.0,4028.0,39.0,2584.0,4723.0,285.0,4973.0,4723.0,2209.0,0.0,3858.0,2948.0,0.35104379000822516,,,
1790002864.3,0.0,35.0,0.0,224.0,26.0,4028.0,39.0,2584.0,4723.0,285.0,4973.0,4723.0,2209.0,0.0,3858.0,2948.0,0.35104379000822516,,,
1790002870.9,0.0,35.0,0.0,224.0,26.0,4028.0,39.0,2584.0,4723.0,285.0,4973.0,4723.0,2209.0,0.0,3858.0,2948.0,0.35104379000822516,,,
1790002877.5,0.0,35.0,0.0,224.0,26.0,4028.0,39.0,2584.0,4723.0,285.0,4973.0,4723.0,2209.0,0.0,3858.0,2948.0,0.35104379000822516,,,
1790002884.1,0.0,35.0,0.0,224.0,26.0,4028.0,39.0,2584.0,4723.0,285.0,4973.0,4723.0,2209.0,0.0,3858.0,2948.0,0.35104379000822516,,,
1790002890.7,0.0,35.0,0.0,224.0,26.0,4028.0,39.0,2584.0,4723.0,285.0,4973.0,4723.0,2209.0,0.0,3858.0,2948.0,0.35104379000822516,,,
1790002897.2,0.0,35.0,0.0,224.0,26.0,4028.0,39.0,2584.0,4723.0,285.0,4973.0,4723.0,2209.0,0.0,3858.0,2948.0,0.35104379000822516,,,
1790002903.9,0.0,35.0,0.0,224.0,26.0,4028.0,39.0,2584.0,4723.0,285.0,4973.0,4723.0,2209.0,0.0,3858.0,2948.0,0.35104379000822516,,,
1790002910.5,0.0,35.0,0.0,224.0,26.0,4028.0,39.0,2584.0,4723.0,285.0,4973.0,4723.0,2209.0,0.0,3858.0,2948.0,0.35104379000822516,,,
1790002917.1,0.0,35.0,0.0,224.0,26.0,4028.0,39.0,2584.0,4723.0,285.0,4973.0,4723.0,2209.0,0.0,3858.0,2948.0,0.35104379000822516,,,
1790002923.7,0.0,35.0,0.0,224.0,26.0,4028.0,39.0,2584.0,4723.0,285.0,4973.0,4723.0,2209.0,0.0,3858.0,2948.0,0.35104379000822516,,,
1790002930.3,0.0,35.0,0.0,224.0,26.0,4028.0,39.0,2584.0,4723.0,285.0,4973.0,4723.0,2209.0,0.0,3858.0,2948.0,0.35104379000822516,,,
1790002936.9,0.0,35.0,0.0,224.0,26.0,4028.0,39.0,2584.0,4723.0,285.0,4973.0,4723.0,2209.0,0.0,3858.0,2948.0,0.35104379000822516,,,
1790002943.5,0.0,35.0,0.0,222.0,26.0,4028.0,39.0,2584.0,4723.0,285.0,4973.0,4723.0,2209.0,0.0,3858.0,2948.0,0.35104379000822516,,,
1790002950.1,0.0,35.0,0.0,222.0,26.0,4028.0,39.0,2584.0,4723.0,285.0,4973.0,4723.0,2209.0,0.0,3858.0,2948.0,0.35104379000822516,,,
1790002956.8,0.0,35.0,0.0,222.0,26.0,4028.0,39.0,2584.0,4723.0,285.0,4973.0,4723.0,2209.0,0.0,3858.0,2948.0,0.35104379000822516,,,
1790002963.4,0.0,35.0,0.0,222.0,26.0,4028.0,39.0,2584.0,4723.0,285.0,4973.0,4723.0,2209.0,0.0,3858.0,2948.0,0.35104379000822516,,,
1790002970.0,0.0,35.0,0.0,222.0,26.0,4028.0,39.0,2584.0,4723.0,285.0,4973.0,4723.0,2209.0,0.0,3858.0,2948.0,0.35104379000822516,,,
1790002976.7,0.0,35.0,0.0,222.0,26.0,4028.0,39.0,2584.0,4723.0,285.0,4973.0,4723.0,2209.0,0.0,3858.0,2948.0,0.35104379000822516,,,
1790002983.2,0.0,35.0,0.0,222.0,26.0,4028.0,39.0,2584.0,4723.0,285.0,4973.0,4723.0,2209.0,0.0,3858.0,2948.0,0.35104379000822516,,,
1790002989.8,0.0,35.0,0.0,222.0,26.0,4028.0,39.0,2584.0,4723.0,285.0,4973.0,4723.0,2209.0,0.0,3858.0,2948.0,0.35104379000822516,,,
1790002996.5,0.0,35.0,0.0,222.0,26.0,4028.0,39.0,2584.0,4723.0,285.0,4973.0,4723.0,2209.0,0.0,3858.0,2948.0,0.35104379000822516,,,
1790003003.1,0.0,35.0,0.0,222.0,26.0,4028.0,39.0,2584.0,4723.0,285.0,4973.0,4723.0,2209.0,0.0,3858.0,2948.0,0.35104379000822516,,,
1790003009.7,0.0,35.0,0.0,222.0,26.0,4028.0,39.0,2584.0,4723.0,285.0,4973.0,4723.0,2209.0,0.0,3858.0,2948.0,0.35104379000822516,,,
1790003016.3,0.0,35.0,0.0,222.0,26.0,4028.0,39.0,2584.0,4723.0,285.0,4973.0,4723.0,2209.0,0.0,3858.0,2948.0,0.35104379000822516,,,
1790003023.8,0.0,35.0,0.0,222.0,26.0,4028.0,39.0,2584.0,4723.0,285.0,4973.0,4723.0,2209.0,0.0,3858.0,2948.0,0.35104379000822516,,,
1790003030.4,0.0,35.0,0.0,222.0,26.0,4028.0,39.0,2584.0,4723.0,285.0,4973.0,4723.0,2209.0,0.0,3858.0,2948.0,0.35104379000822516,,,
1790003036.9,0.0,35.0,0.0,222.0,26.0,4028.0,39.0,2584.0,4723.0,285.0,4973.0,4723.0,2209.0,0.0,3858.0,2948.0,0.35104379000822516,,,
1790003043.6,0.0,35.0,0.0,222.0,26.0,4028.0,39.0,2584.0,4723.0,285.0,4973.0,4723.0,2209.0,0.0,3858.0,2948.0,0.35104379000822516,,,
1790003050.2,0.0,35.0,0.0,222.0,26.0,4028.0,39.0,2584.0,4723.0,285.0,4973.0,4723.0,2209.0,0.0,3858.0,2948.0,0.35104379000822516,,,
1790003056.8,0.0,35.0,0.0,222.0,26.0,4028.0,39.0,2584.0,4723.0,285.0,4973.0,4723.0,2209.0,0.0,3858.0,2948.0,0.35104379000822516,,,
1790003063.4,0.0,35.0,0.0,222.0,26.0,4028.0,39.0,2584.0,4723.0,285.0,4973.0,4723.0,2209.0,0.0,3858.0,2948.0,0.35104379000822516,,,
1790003070.0,0.0,35.0,0.0,222.0,26.0,4028.0,39.0,2584.0,4723.0,285.0,4973.0,4723.0,2209.0,0.0,3858.0,2948.0,0.35104379000822516,,,
1790003076.6,0.0,35.0,0.0,222.0,26.0,4028.0,39.0,2584.0,4723.0,285.0,4973.0,4723.0,2209.0,0.0,3858.0,2948.0,0.35104379000822516,,,
1790003083.2,0.0,35.0,0.0,222.0,26.0,4028.0,39.0,2584.0,4723.0,285.0,4973.0,4723.0,2209.0,0.0,3858.0,2948.0,0.35104379000822516,,,
1790003089.8,0.0,35.0,0.0,222.0,26.0,4028.0,39.0,2584.0,4723.0,285.0,4973.0,4723.0,2209.0,0.0,3858.0,2948.0,0.35104379000822516,,,
1790003096.5,0.0,35.0,0.0,222.0,26.0,4028.0,39.0,2584.0,4723.0,285.0,4973.0,4723.0,2209.0,0.0,3858.0,2948.0,0.35104379000822516,,,
1790003103.0,0.0,35.0,0.0,222.0,26.0,4028.0,39.0,2584.0,4723.0,285.0,4973.0,4723.0,2209.0,0.0,3858.0,2948.0,0.35104379000822516,,,
1790003109.6,0.0,35.0,0.0,222.0,26.0,4028.0,39.0,2584.0,4723.0,285.0,4973.0,4723.0,2209.0,0.0,3858.0,2948.0,0.35104379000822516,,,
1790003116.2,0.0,35.0,0.0,222.0,26.0,4028.0,39.0,2584.0,4723.0,285.0,4973.0,4723.0,2209.0,0.0,3858.0,2948.0,0.35104379000822516,,,
1790003122.8,0.0,35.0,0.0,222.0,26.0,4028.0,39.0,2584.0,4723.0,285.0,4973.0,4723.0,2209.0,0.0,3858.0,2948.0,0.35104379000822516,,,
1790003129.4,0.0,35.0,0.0,222.0,26.0,4028.0,39.0,2584.0,4723.0,285.0,4973.0,4723.0,2209.0,0.0,3858.0,2948.0,0.35104379000822516,,,
1790003136.0,0.0,35.0,0.0,222.0,26.0,4028.0,39.0,2584.0,4723.0,285.0,4973.0,4723.0,2209.0,0.0,3858.0,2948.0,0.35104379000822516,,,
1790003142.8,0.0,35.0,0.0,222.0,26.0,4028.0,39.0,2584.0,4723.0,285.0,4973.0,4723.0,2209.0,0.0,3858.0,2948.0,0.35104379000822516,,,
1790003149.5,0.0,35.0,0.0,222.0,26.0,4028.0,39.0,2584.0,4723.0,285.0,4973.0,4723.0,2209.0,0.0,3858.0,2948.0,0.35104379000822516,,,
1790003156.1,0.0,35.0,0.0,222.0,26.0,4028.0,39.0,2584.0,4723.0,285.0,4973.0,4723.0,2209.0,0.0,3858.0,2948.0,0.35104379000822516,,,
1790003162.7,0.0,35.0,0.0,222.0,26.0,4028.0,39.0,2584.0,4723.0,285.0,4973.0,4723.0,2209.0,0.0,3858.0,2948.0,0.35104379000822516,,,
1790003169.3,0.0,35.0,0.0,222.0,26.0,4028.0,39.0,2584.0,4723.0,285.0,4973.0,4723.0,2209.0,0.0,3858.0,2948.0,0.35104379000822516,,,
1790003175.9,0.0,35.0,0.0,222.0,26.0,4028.0,39.0,2584.0,4723.0,285.0,4973.0,4723.0,2209.0,0.0,3858.0,2948.0,0.35104379000822516,,,
1790003182.6,0.0,35.0,0.0,222.0,26.0,4028.0,39.0,2584.0,4723.0,285.0,4973.0,4723.0,2209.0,0.0,3858.0,2948.0,0.35104379000822516,,,
1790003189.3,0.0,35.0,0.0,222.0,26.0,4028.0,39.0,2584.0,4723.0,285.0,4973.0,4723.0,2209.0,0.0,3858.0,2948.0,0.35104379000822516,,,
1790003195.9,0.0,35.0,0.0,222.0,26.0,4028.0,39.0,2584.0,4723.0,285.0,4973.0,4723.0,2209.0,0.0,3858.0,2948.0,0.35104379000822516,,,
1790003202.5,0.0,35.0,0.0,222.0,26.0,4028.0,39.0,2584.0,4723.0,285.0,4973.0,4723.0,2209.0,0.0,3858.0,2948.0,0.35104379000822516,,,
1790003209.1,0.0,35.0,0.0,222.0,26.0,4028.0,39.0,2584.0,4723.0,285.0,4973.0,4723.0,2209.0,0.0,3858.0,2948.0,0.35104379000822516,,,
1790003215.8,0.0,35.0,0.0,222.0,26.0,4028.0,39.0,2584.0,4723.0,285.0,4973.0,4723.0,2209.0,0.0,3858.0,2948.0,0.35104379000822516,,,
1790003222.4,0.0,35.0,0.0,222.0,26.0,4028.0,39.0,2584.0,4723.0,285.0,4973.0,4723.0,2209.0,0.0,3858.0,2948.0,0.35104379000822516,,,
1790003229.0,0.0,35.0,0.0,222.0,26.0,4028.0,39.0,2584.0,4723.0,285.0,4973.0,4723.0,2209.0,0.0,3858.0,2948.0,0.35104379000822516,,,
1790003235.6,0.0,35.0,0.0,222.0,26.0,4028.0,39.0,2584.0,4723.0,285.0,4973.0,4723.0,2209.0,0.0,3858.0,2948.0,0.35104379000822516,,,
1790003242.2,0.0,35.0,0.0,219.0,26.0,4028.0,39.0,2584.0,4723.0,285.0,4973.0,4723.0,2209.0,0.0,3858.0,2948.0,0.35104379000822516,,,
1790003248.8,0.0,35.0,0.0,219.0,26.0,4028.0,39.0,2584.0,4723.0,285.0,4973.0,4723.0,2209.0,0.0,3858.0,2948.0,0.35104379000822516,,,
1790003255.4,0.0,35.0,0.0,219.0,26.0,4028.0,39.0,2584.0,4723.0,285.0,4973.0,4723.0,2209.0,0.0,3858.0,2948.0,0.35104379000822516,,,
1790003261.9,0.0,35.0,0.0,219.0,26.0,4028.0,39.0,2584.0,4723.0,285.0,4973.0,4723.0,2209.0,0.0,3858.0,2948.0,0.35104379000822516,,,
1790003268.9,0.0,35.0,0.0,219.0,26.0,4028.0,39.0,2584.0,4723.0,285.0,4973.0,4723.0,2209.0,0.0,3858.0,2948.0,0.35104379000822516,,,
1790003275.7,0.0,35.0,0.0,219.0,26.0,4028.0,39.0,2584.0,4723.0,285.0,4973.0,4723.0,2209.0,0.0,3858.0,2948.0,0.35104379000822516,,,
1790003282.3,0.0,35.0,0.0,219.0,26.0,4028.0,39.0,2584.0,4723.0,285.0,4973.0,4723.0,2209.0,0.0,3858.0,2948.0,0.35104379000822516,,,
1790003288.9,0.0,35.0,0.0,219.0,26.0,4028.0,39.0,2584.0,4723.0,285.0,4973.0,4723.0,2209.0,0.0,3858.0,2948.0,0.35104379000822516,,,
1790003295.5,0.0,35.0,0.0,219.0,26.0,4028.0,39.0,2584.0,4723.0,285.0,4973.0,4723.0,2209.0,0.0,3858.0,2948.0,0.35104379000822516,,,
1790003302.1,0.0,35.0,0.0,219.0,26.0,4028.0,39.0,2584.0,4723.0,285.0,4973.0,4723.0,2209.0,0.0,3858.0,2948.0,0.35104379000822516,,,
1790003308.7,0.0,35.0,0.0,219.0,26.0,4028.0,39.0,2584.0,4723.0,285.0,4973.0,4723.0,2209.0,0.0,3858.0,2948.0,0.35104379000822516,,,
1790003315.4,0.0,35.0,0.0,219.0,26.0,4028.0,39.0,2584.0,4723.0,285.0,4973.0,4723.0,2209.0,0.0,3858.0,2948.0,0.35104379000822516,,,
1790003322.0,0.0,35.0,0.0,219.0,26.0,4028.0,39.0,2584.0,4723.0,285.0,4973.0,4723.0,2209.0,0.0,3858.0,2948.0,0.35104379000822516,,,
1790003328.6,0.0,35.0,0.0,219.0,26.0,4028.0,39.0,2584.0,4723.0,285.0,4973.0,4723.0,2209.0,0.0,3858.0,2948.0,0.35104379000822516,,,
1790003335.3,0.0,35.0,0.0,219.0,26.0,4028.0,39.0,2584.0,4723.0,285.0,4973.0,4723.0,2209.0,0.0,3858.0,2948.0,0.35104379000822516,,,
1790003342.0,0.0,35.0,0.0,219.0,26.0,4028.0,39.0,2584.0,4723.0,285.0,4973.0,4723.0,2209.0,0.0,3858.0,2948.0,0.35104379000822516,,,
1790003348.6,0.0,35.0,0.0,219.0,26.0,4028.0,39.0,2584.0,4723.0,285.0,4973.0,4723.0,2209.0,0.0,3858.0,2948.0,0.35104379000822516,,,
1790003355.3,0.0,35.0,0.0,219.0,26.0,4028.0,39.0,2584.0,4723.0,285.0,4973.0,4723.0,2209.0,0.0,3858.0,2948.0,0.35104379000822516,,,
1790003361.9,0.0,35.0,0.0,219.0,26.0,4028.0,39.0,2584.0,4723.0,285.0,4973.0,4723.0,2209.0,0.0,3858.0,2948.0,0.35104379000822516,,,
1790003368.6,0.0,35.0,0.0,219.0,26.0,4028.0,39.0,2584.0,4723.0,285.0,4973.0,4723.0,2209.0,0.0,3858.0,2948.0,0.35104379000822516,,,
1790003375.3,0.0,35.0,0.0,219.0,26.0,4028.0,39.0,2584.0,4723.0,285.0,4973.0,4723.0,2209.0,0.0,3858.0,2948.0,0.35104379000822516,,,
1790003381.9,0.0,35.0,0.0,219.0,26.0,4028.0,39.0,2584.0,4723.0,285.0,4973.0,4723.0,2209.0,0.0,3858.0,2948.0,0.35104379000822516,,,
1790003388.6,0.0,35.0,0.0,219.0,26.0,4028.0,39.0,2584.0,4723.0,285.0,4973.0,4723.0,2209.0,0.0,3858.0,2948.0,0.35104379000822516,,,
1790003395.2,0.0,35.0,0.0,219.0,26.0,4028.0,39.0,2584.0,4723.0,285.0,4973.0,4723.0,2209.0,0.0,3858.0,2948.0,0.35104379000822516,,,
1790003402.1,0.0,35.0,0.0,219.0,26.0,4028.0,39.0,2584.0,4723.0,285.0,4973.0,4723.0,2209.0,0.0,3858.0,2948.0,0.35104379000822516,,,
1790003408.7,0.0,35.0,0.0,219.0,26.0,4028.0,39.0,2584.0,4723.0,285.0,4973.0,4723.0,2209.0,0.0,3858.0,2948.0,0.35104379000822516,,,
1790003415.3,0.0,35.0,0.0,219.0,26.0,4028.0,39.0,2584.0,4723.0,285.0,4973.0,4723.0,2209.0,0.0,3858.0,2948.0,0.35104379000822516,,,
1790003422.0,0.0,35.0,0.0,219.0,26.0,4028.0,39.0,2584.0,4723.0,285.0,4973.0,4723.0,2209.0,0.0,3858.0,2948.0,0.35104379000822516,,,
1790003428.6,0.0,35.0,0.0,219.0,26.0,4028.0,39.0,2584.0,4723.0,285.0,4973.0,4723.0,2209.0,0.0,3858.0,2948.0,0.35104379000822516,,,
1790003435.2,0.0,35.0,0.0,219.0,26.0,4028.0,39.0,2584.0,4723.0,285.0,4973.0,4723.0,2209.0,0.0,3858.0,2948.0,0.35104379000822516,,,
1790003441.9,0.0,35.0,0.0,219.0,26.0,4028.0,39.0,2584.0,4723.0,285.0,4973.0,4723.0,2209.0,0.0,3858.0,2948.0,0.35104379000822516,,,
1790003448.5,0.0,35.0,0.0,219.0,26.0,4028.0,39.0,2584.0,4723.0,285.0,4973.0,4723.0,2209.0,0.0,3858.0,2948.0,0.35104379000822516,,,
1790003455.1,0.0,35.0,0.0,219.0,26.0,4028.0,39.0,2584.0,4723.0,285.0,4973.0,4723.0,2209.0,0.0,3858.0,2948.0,0.35104379000822516,,,
1790003461.7,0.0,35.0,0.0,219.0,26.0,4028.0,39.0,2584.0,4723.0,285.0,4973.0,4723.0,2209.0,0.0,3858.0,2948.0,0.35104379000822516,,,
1790003468.4,0.0,35.0,0.0,219.0,26.0,4028.0,39.0,2584.0,4723.0,285.0,4973.0,4723.0,2209.0,0.0,3858.0,2948.0,0.35104379000822516,,,
1790003475.0,0.0,35.0,0.0,219.0,26.0,4028.0,39.0,2584.0,4723.0,285.0,4973.0,4723.0,2209.0,0.0,3858.0,2948.0,0.35104379000822516,,,
1790003481.6,0.0,35.0,0.0,219.0,26.0,4028.0,39.0,2584.0,4723.0,285.0,4973.0,4723.0,2209.0,0.0,3858.0,2948.0,0.35104379000822516,,,
1790003488.3,0.0,35.0,0.0,219.0,26.0,4028.0,39.0,2584.0,4723.0,285.0,4973.0,4723.0,2209.0,0.0,3858.0,2948.0,0.35104379000822516,,,
1790003494.9,0.0,35.0,0.0,219.0,26.0,4028.0,39.0,2584.0,4723.0,285.0,4973.0,4723.0,2209.0,0.0,3858.0,2948.0,0.35104379000822516,,,
1790003501.5,0.0,35.0,0.0,219.0,26.0,4028.0,39.0,2584.0,4723.0,285.0,4973.0,4723.0,2209.0,0.0,3858.0,2948.0,0.35104379000822516,,,
1790003508.5,0.0,35.0,0.0,219.0,26.0,4028.0,39.0,2584.0,4723.0,285.0,4973.0,4723.0,2209.0,0.0,3858.0,2948.0,0.35104379000822516,,,
1790003515.2,0.0,35.0,0.0,219.0,26.0,4028.0,39.0,2584.0,4723.0,285.0,4973.0,4723.0,2209.0,0.0,3858.0,2948.0,0.35104379000822516,,,
1790003521.8,0.0,35.0,0.0,219.0,26.0,4028.0,39.0,2584.0,4723.0,285.0,4973.0,4723.0,2209.0,0.0,3858.0,2948.0,0.35104379000822516,,,
1790003528.5,0.0,35.0,0.0,219.0,26.0,4028.0,39.0,2584.0,4723.0,285.0,4973.0,4723.0,2209.0,0.0,3858.0,2948.0,0.35104379000822516,,,
1790003535.1,0.0,35.0,0.0,219.0,26.0,4028.0,39.0,2584.0,4723.0,285.0,4973.0,4723.0,2209.0,0.0,3858.0,2948.0,0.35104379000822516,,,
1790003541.7,0.0,35.0,0.0,218.0,26.0,4028.0,39.0,2584.0,4723.0,285.0,4973.0,4723.0,2209.0,0.0,3858.0,2948.0,0.35104379000822516,,,
1790003548.4,0.0,35.0,0.0,218.0,26.0,4028.0,39.0,2584.0,4723.0,285.0,4973.0,4723.0,2209.0,0.0,3858.0,2948.0,0.35104379000822516,,,
1790003555.0,0.0,35.0,0.0,218.0,26.0,4028.0,39.0,2584.0,4723.0,285.0,4973.0,4723.0,2209.0,0.0,3858.0,2948.0,0.35104379000822516,,,
1790003561.7,0.0,35.0,0.0,218.0,26.0,4028.0,39.0,2584.0,4723.0,285.0,4973.0,4723.0,2209.0,0.0,3858.0,2948.0,0.35104379000822516,,,
1790003568.3,0.0,35.0,0.0,218.0,26.0,4028.0,39.0,2584.0,4723.0,285.0,4973.0,4723.0,2209.0,0.0,3858.0,2948.0,0.35104379000822516,,,
1790003575.0,0.0,35.0,0.0,218.0,26.0,4028.0,39.0,2584.0,4723.0,285.0,4973.0,4723.0,2209.0,0.0,3858.0,2948.0,0.35104379000822516,,,
1790003581.6,0.0,35.0,0.0,218.0,26.0,4028.0,39.0,2584.0,4723.0,285.0,4973.0,4723.0,2209.0,0.0,3858.0,2948.0,0.35104379000822516,,,
1790003588.2,0.0,35.0,0.0,218.0,26.0,4028.0,39.0,2584.0,4723.0,285.0,4973.0,4723.0,2209.0,0.0,3858.0,2948.0,0.35104379000822516,,,
1790003594.8,0.0,35.0,0.0,218.0,26.0,4028.0,39.0,2584.0,4723.0,285.0,4973.0,4723.0,2209.0,0.0,3858.0,2948.0,0.35104379000822516,,,
1790003601.4,0.0,35.0,0.0,218.0,26.0,4028.0,39.0,2584.0,4723.0,285.0,4973.0,4723.0,2209.0,0.0,3858.0,2948.0,0.35104379000822516,,,
1790003608.1,0.0,35.0,0.0,218.0,26.0,4028.0,39.0,2584.0,4723.0,285.0,4973.0,4723.0,2209.0,0.0,3858.0,2948.0,0.35104379000822516,,,
1790003614.7,0.0,35.0,0.0,218.0,26.0,4028.0,39.0,2584.0,4723.0,285.0,4973.0,4723.0,2209.0,0.0,3858.0,2948.0,0.35104379000822516,,,
1790003621.3,0.0,35.0,0.0,218.0,26.0,4028.0,39.0,2584.0,4723.0,285.0,4973.0,4723.0,2209.0,0.0,3858.0,2948.0,0.35104379000822516,,,
1790003628.2,0.0,35.0,0.0,218.0,26.0,4028.0,39.0,2584.0,4723.0,285.0,4973.0,4723.0,2209.0,0.0,3858.0,2948.0,0.35104379000822516,,,
1790003635.0,0.0,35.0,0.0,218.0,26.0,4028.0,39.0,2584.0,4723.0,285.0,4973.0,4723.0,2209.0,0.0,3858.0,2948.0,0.35104379000822516,,,
1790003641.7,0.0,35.0,0.0,218.0,26.0,4028.0,39.0,2584.0,4723.0,285.0,4973.0,4723.0,2209.0,0.0,3858.0,2948.0,0.35104379000822516,,,
1790003648.3,0.0,35.0,0.0,218.0,26.0,4028.0,39.0,2584.0,4723.0,285.0,4973.0,4723.0,2209.0,0.0,3858.0,2948.0,0.35104379000822516,,,
1790003654.9,0.0,35.0,0.0,218.0,26.0,4028.0,39.0,2584.0,4723.0,285.0,4973.0,4723.0,2209.0,0.0,3858.0,2948.0,0.35104379000822516,,,
1790003661.5,0.0,35.0,0.0,218.0,26.0,4028.0,39.0,2584.0,4723.0,285.0,4973.0,4723.0,2209.0,0.0,3858.0,2948.0,0.35104379000822516,,,
1790003668.1,0.0,35.0,0.0,218.0,26.0,4028.0,39.0,2584.0,4723.0,285.0,4973.0,4723.0,2209.0,0.0,3858.0,2948.0,0.35104379000822516,,,
1790003674.8,0.0,35.0,0.0,218.0,26.0,4028.0,39.0,2584.0,4723.0,285.0,4973.0,4723.0,2209.0,0.0,3858.0,2948.0,0.35104379000822516,,,
1790003681.4,0.0,35.0,0.0,218.0,26.0,4028.0,39.0,2584.0,4723.0,285.0,4973.0,4723.0,2209.0,0.0,3858.0,2948.0,0.35104379000822516,,,
1790003688.0,0.0,35.0,0.0,218.0,26.0,4028.0,39.0,2584.0,4723.0,285.0,4973.0,4723.0,2209.0,0.0,3858.0,2948.0,0.35104379000822516,,,
1790003694.7,0.0,35.0,0.0,218.0,26.0,4028.0,39.0,2584.0,4723.0,285.0,4973.0,4723.0,2209.0,0.0,3858.0,2948.0,0.35104379000822516,,,
1790003701.3,0.0,35.0,0.0,218.0,26.0,4028.0,39.0,2584.0,4723.0,285.0,4973.0,4723.0,2209.0,0.0,3858.0,2948.0,0.35104379000822516,,,
1790003708.0,0.0,35.0,0.0,218.0,26.0,4028.0,39.0,2584.0,4723.0,285.0,4973.0,4723.0,2209.0,0.0,3858.0,2948.0,0.35104379000822516,,,
1790003714.7,0.0,35.0,0.0,218.0,26.0,4028.0,39.0,2584.0,4723.0,285.0,4973.0,4723.0,2209.0,0.0,3858.0,2948.0,0.35104379000822516,,,
1790003721.3,0.0,35.0,0.0,218.0,26.0,4028.0,39.0,2584.0,4723.0,285.0,4973.0,4723.0,2209.0,0.0,3858.0,2948.0,0.35104379000822516,,,
1790003728.0,0.0,35.0,0.0,218.0,26.0,4028.0,39.0,2584.0,4723.0,285.0,4973.0,4723.0,2209.0,0.0,3858.0,2948.0,0.35104379000822516,,,
1790003735.0,0.0,35.0,0.0,218.0,26.0,4028.0,39.0,2584.0,4723.0,285.0,4973.0,4723.0,2209.0,0.0,3858.0,2948.0,0.35104379000822516,,,
1790003741.7,0.0,35.0,0.0,218.0,26.0,4028.0,39.0,2584.0,4723.0,285.0,4973.0,4723.0,2209.0,0.0,3858.0,2948.0,0.35104379000822516,,,
1790003748.4,0.0,35.0,0.0,218.0,26.0,4028.0,39.0,2584.0,4723.0,285.0,4973.0,4723.0,2209.0,0.0,3858.0,2948.0,0.35104379000822516,,,
1790003755.0,0.0,35.0,0.0,218.0,26.0,4028.0,39.0,2584.0,4723.0,285.0,4973.0,4723.0,2209.0,0.0,3858.0,2948.0,0.35104379000822516,,,
1790003761.6,0.0,35.0,0.0,218.0,26.0,4028.0,39.0,2584.0,4723.0,285.0,4973.0,4723.0,2209.0,0.0,3858.0,2948.0,0.35104379000822516,,,
1790003766.3,0.0,35.0,0.0,218.0,26.0,4028.0,39.0,2584.0,4723.0,285.0,4973.0,4723.0,2209.0,0.0,3858.0,2948.0,0.35104379000822516,,,
