15:16:16.077 INFO     Starting AIPerf System (_single_run.py:64)
15:16:16.109 INFO     Scenario 'agentx': setting profiling-phase timing_mode=agentic_replay. (validator.py:226)
15:16:16.109 INFO     Scenario 'agentx': injecting extra_inputs.ignore_eos=true (was absent). (validator.py:285)
15:16:16.109 INFO     Scenario 'agentx': auto-set --cache-bust=first_turn_prefix (was at default none). (validator.py:538)
15:16:16.109 INFO     Scenario 'agentx': auto-set --system-idle-gap-cap-seconds=10.0 (was unset). (validator.py:779)
15:16:16.898 INFO     GPU telemetry disabled via --no-gpu-telemetry (system_controller.py:269)
15:16:16.990 INFO     Server Metrics: Discovered 1 endpoints: ['http://agentx-lane-d:8000/metrics'] (manager.py:97)
15:16:17.014 INFO     Registered Worker Manager (id: 'worker_manager') (system_controller.py:413)
15:16:17.096 INFO     Telemetry streaming is disabled (set --otel-url and/or --mlflow-tracking-uri to enable) (otel_metrics_results_processor.py:127)
15:16:17.099 INFO     Record metrics export enabled: /data/results/offload-baseline-60m/c64/aiperf_artifacts/profile_export.jsonl (record_export_jsonl_writer.py:62)
15:16:17.202 INFO     Registered Server Metrics Manager (id: 'server_metrics_manager') (system_controller.py:413)
15:16:17.203 INFO     Registered Dataset Manager (id: 'dataset_manager') (system_controller.py:413)
15:16:17.224 INFO     Registered Records Manager (id: 'records_manager') (system_controller.py:413)
15:16:17.250 INFO     Registered Record Processor (id: 'record_processor_0be32e30') (system_controller.py:413)
15:16:17.339 INFO     Registered Record Processor (id: 'record_processor_c2b74eb0') (system_controller.py:413)
15:16:17.341 INFO     Registered Record Processor (id: 'record_processor_61d04cde') (system_controller.py:413)
15:16:17.342 INFO     Registered Record Processor (id: 'record_processor_2b30d00d') (system_controller.py:413)
15:16:17.350 INFO     Registered Record Processor (id: 'record_processor_51d134f0') (system_controller.py:413)
15:16:17.488 INFO     Registered Worker (id: 'worker_1e0c62db') (system_controller.py:413)
15:16:17.500 INFO     Registered Timing Manager (id: 'timing_manager') (system_controller.py:413)
15:16:17.577 INFO     Registered Worker (id: 'worker_4bd4b6d1') (system_controller.py:413)
15:16:17.593 INFO     Registered Worker (id: 'worker_e3a68a87') (system_controller.py:413)
15:16:17.595 INFO     Registered Worker (id: 'worker_28e33b68') (system_controller.py:413)
15:16:17.595 INFO     Registered Worker (id: 'worker_17cca11d') (system_controller.py:413)
15:16:17.608 INFO     Registered Worker (id: 'worker_cf03d2a3') (system_controller.py:413)
15:16:17.612 INFO     Registered Worker (id: 'worker_8bd135f6') (system_controller.py:413)
15:16:17.619 INFO     Registered Worker (id: 'worker_f5a96f6a') (system_controller.py:413)
15:16:17.625 INFO     Registered Worker (id: 'worker_ec114438') (system_controller.py:413)
15:16:17.628 INFO     Registered Worker (id: 'worker_a8d168af') (system_controller.py:413)
15:16:17.633 INFO     Registered Worker (id: 'worker_94f762ac') (system_controller.py:413)
15:16:17.633 INFO     Registered Worker (id: 'worker_29fb95b3') (system_controller.py:413)
15:16:17.639 INFO     Registered Worker (id: 'worker_1c7fe2da') (system_controller.py:413)
15:16:17.651 INFO     Registered Worker (id: 'worker_9056a5b0') (system_controller.py:413)
15:16:17.680 INFO     Registered Worker (id: 'worker_9b414c29') (system_controller.py:413)
15:16:17.690 INFO     Registered Worker (id: 'worker_68313cb6') (system_controller.py:413)
15:16:17.694 INFO     Registered Worker (id: 'worker_19eb031b') (system_controller.py:413)
15:16:17.701 INFO     Registered Worker (id: 'worker_2b76c79e') (system_controller.py:413)
15:16:17.703 INFO     Registered Worker (id: 'worker_3349f623') (system_controller.py:413)
15:16:17.706 INFO     Registered Worker (id: 'worker_2ccdabce') (system_controller.py:413)
15:16:17.709 INFO     Registered Worker (id: 'worker_f1432c62') (system_controller.py:413)
15:16:17.713 INFO     Registered Worker (id: 'worker_f86b7e0f') (system_controller.py:413)
15:16:17.718 INFO     Registered Worker (id: 'worker_03a5655c') (system_controller.py:413)
15:16:17.904 INFO     AIPerf System is CONFIGURING (system_controller.py:294)
15:16:17.904 INFO     Configuring all services to start profiling (system_controller.py:307)
15:16:17.906 INFO     Tokenization is disabled for this endpoint, skipping tokenizer configuration (inference_result_parser.py:80)
15:16:17.906 INFO     Tokenization is disabled for this endpoint, skipping tokenizer configuration (inference_result_parser.py:80)
15:16:17.906 INFO     Tokenization is disabled for this endpoint, skipping tokenizer configuration (inference_result_parser.py:80)
15:16:17.906 INFO     Tokenization is disabled for this endpoint, skipping tokenizer configuration (inference_result_parser.py:80)
15:16:17.906 INFO     Tokenization is disabled for this endpoint, skipping tokenizer configuration (inference_result_parser.py:80)
15:16:17.906 INFO     Waiting for dataset to be configured before configuring timing (manager.py:124)
15:16:17.941 INFO     Server Metrics: Capturing baseline metrics... (manager.py:191)
15:16:17.967 INFO     Skipping unsupported summary metric: http_request_size_bytes (data_collector.py:308)
15:16:17.967 INFO     Skipping unsupported summary metric: http_response_size_bytes (data_collector.py:308)
15:16:17.991 INFO     Skipping unsupported summary metric: http_request_size_bytes (data_collector.py:308)
15:16:17.991 INFO     Skipping unsupported summary metric: http_response_size_bytes (data_collector.py:308)
15:16:17.993 INFO     Server metrics enabled - 2/2 endpoint(s) reachable. (system_controller.py:592)
15:16:17.993 INFO     Waiting for result domains: profile, server_metrics (system_controller.py:869)
15:16:18.107 INFO     Memory-mapped dataset cache HIT (key=42113ff9400ba23b2007a3f65002eb0d); skipping tokenizer + composer. (dataset_manager.py:194)
15:16:28.294 INFO     Restored mmap cache file dataset.dat via copy in 10.187s (2.26 GiB) (mmap_cache.py:506)
15:16:28.301 INFO     Restored mmap cache file index.dat via copy in 0.007s (0.00 GiB) (mmap_cache.py:506)
15:16:28.302 INFO     Restored mmap cache files in 10.195s via dataset=copy index=copy (dataset=2.26 GiB, index=0.00 GiB) (mmap_cache.py:550)
15:16:29.489 INFO     sampling strategy: sequential, unique conversations: 9602, unique turn count: 68266 (dataset_manager.py:848)
15:16:31.210 INFO     Dataset client initialized and freed 0 conversations from memory (dataset_manager.py:327)
15:16:31.628 INFO     TrajectorySource: built 64 trajectories from 393 traces (trajectory_source.py:413)
15:16:31.628 INFO       range cfg=[0.25, 0.75]  observed sample pct: min= 27% median= 53% max= 75% (trajectory_source.py:418)
15:16:31.628 INFO         lane=00  sample_time= 53%  root_next= 45/61  ( 74% turns)  live=1 ready=1  trace_id=002001296e8a8c38ad9d7cc436d691afc602 (trajectory_source.py:420)
15:16:31.628 INFO         lane=01  sample_time= 49%  root_next=  5/33  ( 15% turns)  live=1 ready=1  trace_id=006c98de37d819e95b0840e25426bb7ca99d (trajectory_source.py:420)
15:16:31.628 INFO         lane=02  sample_time= 67%  root_next= 24/29  ( 83% turns)  live=1 ready=1  trace_id=00ca01c4aaeccee751ae6285beb54dea262f (trajectory_source.py:420)
15:16:31.628 INFO         lane=03  sample_time= 56%  root_next=  0/16  (  0% turns)  live=1 ready=1  trace_id=0196085d85d2075a50b74cd8795ffbdcea9a (trajectory_source.py:420)
15:16:31.628 INFO         lane=04  sample_time= 47%  root_next=  0/13  (  0% turns)  live=2 ready=2  trace_id=02bc0afb13f7a2d9efa86c28511261d85c0e (trajectory_source.py:420)
15:16:31.628 INFO         lane=05  sample_time= 47%  root_next= 17/28  ( 61% turns)  live=1 ready=1  trace_id=03e110ac6921c2fe9ac7772a9654314a2beb (trajectory_source.py:420)
15:16:31.628 INFO         lane=06  sample_time= 74%  root_next=  0/54  (  0% turns)  live=13 ready=13  trace_id=0470d446a4514dfe0c6ad0be92853bd13287 (trajectory_source.py:420)
15:16:31.628 INFO         lane=07  sample_time= 35%  root_next=  3/7   ( 43% turns)  live=1 ready=1  trace_id=04dba6fe621301a1d01fd63b8d02c9645c48 (trajectory_source.py:420)
15:16:31.629 INFO         lane=08  sample_time= 75%  root_next= 32/34  ( 94% turns)  live=1 ready=1  trace_id=05c249572509162371b7b82339674db64b5d (trajectory_source.py:420)
15:16:31.629 INFO         lane=09  sample_time= 42%  root_next= 49/52  ( 94% turns)  live=1 ready=1  trace_id=05f72f78a037cfa5cd4e4541960a574701d9 (trajectory_source.py:420)
15:16:31.629 INFO         lane=10  sample_time= 66%  root_next=  0/1   (  0% turns)  live=1 ready=1  trace_id=063179eb93f4337a662e859c5a2c5638e03f (trajectory_source.py:420)
15:16:31.629 INFO         lane=11  sample_time= 49%  root_next= 27/39  ( 69% turns)  live=1 ready=1  trace_id=069d7bf5f1efb4e76e3c84510367e6af78a5 (trajectory_source.py:420)
15:16:31.629 INFO         lane=12  sample_time= 43%  root_next= 25/34  ( 74% turns)  live=1 ready=1  trace_id=077ea9e6554f45bbad9c24a8462bae9a8512 (trajectory_source.py:420)
15:16:31.629 INFO         lane=13  sample_time= 68%  root_next=  8/9   ( 89% turns)  live=3 ready=2  trace_id=07dd40536557a1d6440a923557c3129dc929 (trajectory_source.py:420)
15:16:31.629 INFO         lane=14  sample_time= 62%  root_next=  6/19  ( 32% turns)  live=2 ready=2  trace_id=085411a4cc4b15108dd9b50007261a2efb65 (trajectory_source.py:420)
15:16:31.629 INFO         lane=15  sample_time= 59%  root_next=  0/49  (  0% turns)  live=4 ready=4  trace_id=085aacf44ac5428ad3c6b4f6cd431e083832 (trajectory_source.py:420)
15:16:31.629 INFO         lane=16  sample_time= 34%  root_next= 13/33  ( 39% turns)  live=1 ready=1  trace_id=0a279af1bec84c6ab033bb03f5d8bfd6b08d (trajectory_source.py:420)
15:16:31.629 INFO         lane=17  sample_time= 68%  root_next= 21/31  ( 68% turns)  live=1 ready=1  trace_id=0a688303b1ae62a97607af8021f2130c2caf (trajectory_source.py:420)
15:16:31.629 INFO         lane=18  sample_time= 69%  root_next=  0/138 (  0% turns)  live=1 ready=1  trace_id=0b7f3ca692f15ae2651a310d9411d70794aa (trajectory_source.py:420)
15:16:31.629 INFO         lane=19  sample_time= 42%  root_next=  7/16  ( 44% turns)  live=1 ready=1  trace_id=0bc9c4f798d321286bf39f2543c0c4e4c059 (trajectory_source.py:420)
15:16:31.630 INFO         lane=20  sample_time= 50%  root_next= 19/24  ( 79% turns)  live=1 ready=1  trace_id=0bcd99353218b9a386b1c4aec13d77abecdb (trajectory_source.py:420)
15:16:31.630 INFO         lane=21  sample_time= 67%  root_next= 25/46  ( 54% turns)  live=1 ready=1  trace_id=0bed163ac9566086e14ffd85c7481096d49d (trajectory_source.py:420)
15:16:31.630 INFO         lane=22  sample_time= 70%  root_next=  6/32  ( 19% turns)  live=1 ready=1  trace_id=0d41be2aa98333f3662682210647e5971c7b (trajectory_source.py:420)
15:16:31.630 INFO         lane=23  sample_time= 48%  root_next= 16/28  ( 57% turns)  live=1 ready=1  trace_id=0d8a816e4819b765d81ff748da94d463f3b2 (trajectory_source.py:420)
15:16:31.630 INFO         lane=24  sample_time= 67%  root_next=  4/49  (  8% turns)  live=1 ready=1  trace_id=0db32e2f852a2ea24ed616b31975a84da5e4 (trajectory_source.py:420)
15:16:31.630 INFO         lane=25  sample_time= 72%  root_next= 42/43  ( 98% turns)  live=1 ready=1  trace_id=0dedb07b5e4362b028db9d8ab90fff7fd4ad (trajectory_source.py:420)
15:16:31.630 INFO         lane=26  sample_time= 34%  root_next=  9/26  ( 35% turns)  live=1 ready=1  trace_id=0e4206535a79f980e2b1091181202ea987fe (trajectory_source.py:420)
15:16:31.630 INFO         lane=27  sample_time= 56%  root_next=  4/19  ( 21% turns)  live=1 ready=1  trace_id=0ede42538334da8586bc60008762abfc0ab7 (trajectory_source.py:420)
15:16:31.630 INFO         lane=28  sample_time= 62%  root_next=  0/2   (  0% turns)  live=1 ready=1  trace_id=0f909e7d63c0d5e1f060d727ada25d910d89 (trajectory_source.py:420)
15:16:31.630 INFO         lane=29  sample_time= 37%  root_next= 66/84  ( 79% turns)  live=1 ready=1  trace_id=1007f04d2c64580308858bb42f292992929d (trajectory_source.py:420)
15:16:31.630 INFO         lane=30  sample_time= 35%  root_next=  0/55  (  0% turns)  live=13 ready=13  trace_id=11310dce936f02050cadaeae295bcdd1ce7f (trajectory_source.py:420)
15:16:31.630 INFO         lane=31  sample_time= 31%  root_next= 15/23  ( 65% turns)  live=1 ready=1  trace_id=117ebe75819d050f308a0a81647893abd02d (trajectory_source.py:420)
15:16:31.630 INFO         lane=32  sample_time= 64%  root_next=  3/5   ( 60% turns)  live=4 ready=3  trace_id=12bd4c7c82ae413b035253cb800fc5312111 (trajectory_source.py:420)
15:16:31.631 INFO         lane=33  sample_time= 74%  root_next= 19/20  ( 95% turns)  live=1 ready=1  trace_id=12cfecf98c158ab54fb65980602421f00d69 (trajectory_source.py:420)
15:16:31.631 INFO         lane=34  sample_time= 68%  root_next= 54/93  ( 58% turns)  live=1 ready=1  trace_id=12e6fd87f4d3d1f93f96bd7bb6a520043805 (trajectory_source.py:420)
15:16:31.631 INFO         lane=35  sample_time= 60%  root_next= 52/75  ( 69% turns)  live=1 ready=1  trace_id=13b532ee3aaa0a52b05c3bcc472355ab62b4 (trajectory_source.py:420)
15:16:31.631 INFO         lane=36  sample_time= 27%  root_next= 36/50  ( 72% turns)  live=1 ready=1  trace_id=13e0b7038bafff59abfdc31aad12dbcd4a2f (trajectory_source.py:420)
15:16:31.631 INFO         lane=37  sample_time= 51%  root_next= 14/27  ( 52% turns)  live=1 ready=1  trace_id=14129d470e508b236be22188aa78548ef805 (trajectory_source.py:420)
15:16:31.631 INFO         lane=38  sample_time= 75%  root_next=  4/5   ( 80% turns)  live=1 ready=1  trace_id=1493faffdc8942e99daa22277f44871a40b8 (trajectory_source.py:420)
15:16:31.631 INFO         lane=39  sample_time= 53%  root_next=  0/11  (  0% turns)  live=1 ready=1  trace_id=1499c406c828e8fe6b6af697e7799c6a715b (trajectory_source.py:420)
15:16:31.631 INFO         lane=40  sample_time= 33%  root_next=  0/87  (  0% turns)  live=1 ready=1  trace_id=15ab8fdb8831965bb01e45ac51829cb4e3e3 (trajectory_source.py:420)
15:16:31.631 INFO         lane=41  sample_time= 71%  root_next=  0/70  (  0% turns)  live=9 ready=9  trace_id=162d6f4f741a1cf3ce98acb5e3718c3bc0c7 (trajectory_source.py:420)
15:16:31.631 INFO         lane=42  sample_time= 55%  root_next=  0/70  (  0% turns)  live=1 ready=1  trace_id=16b968359e79eda8a61415fa7ad536f6cda5 (trajectory_source.py:420)
15:16:31.631 INFO         lane=43  sample_time= 43%  root_next= 37/51  ( 73% turns)  live=1 ready=1  trace_id=16c18d979235980e8021cfb0a0b3b386305a (trajectory_source.py:420)
15:16:31.631 INFO         lane=44  sample_time= 40%  root_next= 28/75  ( 37% turns)  live=2 ready=1  trace_id=16e46bc4d9e121ffbd67ada51cb3f965342f (trajectory_source.py:420)
15:16:31.631 INFO         lane=45  sample_time= 38%  root_next=  9/27  ( 33% turns)  live=1 ready=1  trace_id=17808bf55e26681520f3f11f47b5e1260108 (trajectory_source.py:420)
15:16:31.632 INFO         lane=46  sample_time= 70%  root_next=  0/2   (  0% turns)  live=3 ready=3  trace_id=18bf3ef42c109a28326d8384f1bcc8dfae37 (trajectory_source.py:420)
15:16:31.632 INFO         lane=47  sample_time= 33%  root_next= 69/74  ( 93% turns)  live=1 ready=1  trace_id=1a271af3dedd40be2efd413ef35fe7f0f53b (trajectory_source.py:420)
15:16:31.632 INFO         lane=48  sample_time= 73%  root_next= 25/27  ( 93% turns)  live=1 ready=1  trace_id=1b5229e3aa8893ca2f4d07d248f9cd9752fb (trajectory_source.py:420)
15:16:31.632 INFO         lane=49  sample_time= 59%  root_next=  0/46  (  0% turns)  live=3 ready=3  trace_id=1b577bfa02cd2c421c0b59c5cac702b3c287 (trajectory_source.py:420)
15:16:31.632 INFO         lane=50  sample_time= 34%  root_next= 11/21  ( 52% turns)  live=1 ready=1  trace_id=1b57efe98ed202c35114d97e01ec25e8420b (trajectory_source.py:420)
15:16:31.632 INFO         lane=51  sample_time= 47%  root_next=  0/31  (  0% turns)  live=2 ready=2  trace_id=1c4f3018d336b1bf78434d328001bc7bbe49 (trajectory_source.py:420)
15:16:31.632 INFO         lane=52  sample_time= 71%  root_next= 22/29  ( 76% turns)  live=1 ready=1  trace_id=1cdb6c60ce49f7b74ab6cf59051bab7591e6 (trajectory_source.py:420)
15:16:31.632 INFO         lane=53  sample_time= 66%  root_next= 13/35  ( 37% turns)  live=2 ready=1  trace_id=1d8a2c1d4dc1f585337036c6ad60e1ce5eb3 (trajectory_source.py:420)
15:16:31.632 INFO         lane=54  sample_time= 70%  root_next= 64/80  ( 80% turns)  live=1 ready=1  trace_id=1f5f21559e4b79c6d2480796c7218206047f (trajectory_source.py:420)
15:16:31.632 INFO         lane=55  sample_time= 64%  root_next=  0/74  (  0% turns)  live=3 ready=3  trace_id=1fc68c514c7fb89dbc498ae9da77d5476cec (trajectory_source.py:420)
15:16:31.632 INFO         lane=56  sample_time= 46%  root_next= 14/34  ( 41% turns)  live=1 ready=1  trace_id=203147a7ad6c355f99290d8ac7811e6de5be (trajectory_source.py:420)
15:16:31.633 INFO         lane=57  sample_time= 53%  root_next=  0/43  (  0% turns)  live=11 ready=11  trace_id=208d6e28928b0b3d3b33db3c690173d15be3 (trajectory_source.py:420)
15:16:31.633 INFO         lane=58  sample_time= 35%  root_next= 36/38  ( 95% turns)  live=1 ready=1  trace_id=20c87b0b00ac5895cc4528c971b71cce3960 (trajectory_source.py:420)
15:16:31.633 INFO         lane=59  sample_time= 33%  root_next= 55/95  ( 58% turns)  live=1 ready=1  trace_id=212e46e294bd09113e425ebc8a430cc528a6 (trajectory_source.py:420)
15:16:31.633 INFO         lane=60  sample_time= 69%  root_next=  0/52  (  0% turns)  live=1 ready=1  trace_id=21cde366f5bd2f0ff2031b0538496c7e2a05 (trajectory_source.py:420)
15:16:31.633 INFO         lane=61  sample_time= 38%  root_next= 50/71  ( 70% turns)  live=1 ready=1  trace_id=22a380be2e4f6293f24e32fd637ccc876d73 (trajectory_source.py:420)
15:16:31.633 INFO         lane=62  sample_time= 52%  root_next= 11/17  ( 65% turns)  live=1 ready=1  trace_id=23074f92872cd4f8212d04cd87e71a2ced7b (trajectory_source.py:420)
15:16:31.633 INFO         lane=63  sample_time= 51%  root_next= 41/67  ( 61% turns)  live=1 ready=1  trace_id=23a576b18cd4bacef3d1aa138b060b9407ce (trajectory_source.py:420)
15:16:31.634 INFO     Initialized 2 phase(s): ['Warmup', 'Profiling'] (phase_orchestrator.py:228)
15:16:31.862 INFO     All services configured in 13.96 seconds (system_controller.py:318)
15:16:31.863 INFO     AIPerf System is CONFIGURED (system_controller.py:296)
15:16:31.864 INFO     Server Metrics: Started 2 collector(s) successfully (manager.py:281)
15:16:32.041 NOTICE   Phase warmup (warmup) started | target: 702 requests (runner.py:593)
15:16:32.042 INFO     WARMUP execute: dispatching 62 trajectory credits (agentic_replay.py:654)
15:16:32.045 INFO     WARMUP count budget: 10 additional requests per lane after 62 mandatory snapshot primers (agentic_replay.py:713)
15:16:32.045 INFO     WARMUP spread: 9.0s ramp aligning 62 request(s) on t* (earliest fires at 0, last at 9.0s) (agentic_replay.py:752)
15:16:32.088 WARNING  Event loop for worker_f5a96f6a is taking too long to run. Overhead: 28.48ms (event_loop_monitor.py:89)
15:16:32.900 INFO     Credit phase start: warmup (records_manager.py:998)
15:16:32.974 INFO     All services started profiling successfully (system_controller.py:340)
15:16:32.974 INFO     AIPerf System is PROFILING (system_controller.py:298)
15:17:02.048 INFO     Phase warmup progress | returned=8/702 | sent=62 | in_flight=54 | errors=0 | elapsed=30.0s (runner.py:1254)
15:17:32.059 INFO     Phase warmup progress | returned=12/702 | sent=62 | in_flight=50 | errors=0 | elapsed=60.0s (runner.py:1254)
15:18:02.066 INFO     Phase warmup progress | returned=16/702 | sent=62 | in_flight=46 | errors=0 | elapsed=90.0s (runner.py:1254)
15:18:32.071 INFO     Phase warmup progress | returned=20/702 | sent=62 | in_flight=42 | errors=0 | elapsed=120.0s (runner.py:1254)
15:19:02.081 INFO     Phase warmup progress | returned=26/702 | sent=62 | in_flight=36 | errors=0 | elapsed=150.0s (runner.py:1254)
15:19:32.091 INFO     Phase warmup progress | returned=33/702 | sent=62 | in_flight=29 | errors=0 | elapsed=180.0s (runner.py:1254)
15:20:02.104 INFO     Phase warmup progress | returned=35/702 | sent=62 | in_flight=27 | errors=0 | elapsed=210.1s (runner.py:1254)
15:20:32.111 INFO     Phase warmup progress | returned=39/702 | sent=62 | in_flight=23 | errors=0 | elapsed=240.1s (runner.py:1254)
15:21:02.123 INFO     Phase warmup progress | returned=43/702 | sent=62 | in_flight=19 | errors=0 | elapsed=270.1s (runner.py:1254)
15:21:32.132 INFO     Phase warmup progress | returned=45/702 | sent=62 | in_flight=17 | errors=0 | elapsed=300.1s (runner.py:1254)
15:22:02.141 INFO     Phase warmup progress | returned=48/702 | sent=62 | in_flight=14 | errors=0 | elapsed=330.1s (runner.py:1254)
15:22:32.148 INFO     Phase warmup progress | returned=52/702 | sent=62 | in_flight=10 | errors=0 | elapsed=360.1s (runner.py:1254)
15:23:02.155 INFO     Phase warmup progress | returned=54/702 | sent=62 | in_flight=8 | errors=0 | elapsed=390.1s (runner.py:1254)
15:23:32.163 INFO     Phase warmup progress | returned=56/702 | sent=62 | in_flight=6 | errors=0 | elapsed=420.1s (runner.py:1254)
15:24:02.170 INFO     Phase warmup progress | returned=59/702 | sent=62 | in_flight=3 | errors=0 | elapsed=450.1s (runner.py:1254)
15:24:06.398 INFO     Replay interval barriers active: 68266 requests, 34015 gated turns, join-widths={1: 26371, 2: 5215, 3: 1416, 4: 473, 5: 151, 6: 80, 7: 62, 8: 91, 9: 72, 10: 51, 11: 20, 12: 9, 13: 2, 14: 2} (replay_dependencies.py:231)
15:24:06.399 INFO     WARMUP cache pressure: replaying live trajectories until each lane reaches 10 additional requests with zero idle delay and max_tokens=1 (agentic_replay.py:803)
15:24:32.182 INFO     Phase warmup progress | returned=108/702 | sent=197 | in_flight=89 | errors=0 | elapsed=480.1s (runner.py:1254)
15:25:02.188 INFO     Phase warmup progress | returned=147/702 | sent=224 | in_flight=77 | errors=0 | elapsed=510.1s (runner.py:1254)
15:25:32.199 INFO     Phase warmup progress | returned=182/702 | sent=258 | in_flight=76 | errors=0 | elapsed=540.2s (runner.py:1254)
15:26:02.209 INFO     Phase warmup progress | returned=221/702 | sent=300 | in_flight=79 | errors=0 | elapsed=570.2s (runner.py:1254)
15:26:32.218 INFO     Phase warmup progress | returned=280/702 | sent=357 | in_flight=77 | errors=0 | elapsed=600.2s (runner.py:1254)
15:27:02.223 INFO     Phase warmup progress | returned=343/702 | sent=406 | in_flight=63 | errors=0 | elapsed=630.2s (runner.py:1254)
15:27:32.233 INFO     Phase warmup progress | returned=405/702 | sent=463 | in_flight=58 | errors=0 | elapsed=660.2s (runner.py:1254)
15:28:02.242 INFO     Phase warmup progress | returned=420/702 | sent=476 | in_flight=56 | errors=0 | elapsed=690.2s (runner.py:1254)
15:28:32.252 INFO     Phase warmup progress | returned=481/702 | sent=539 | in_flight=58 | errors=0 | elapsed=720.2s (runner.py:1254)
15:29:02.262 INFO     Phase warmup progress | returned=526/702 | sent=582 | in_flight=56 | errors=0 | elapsed=750.2s (runner.py:1254)
15:29:32.269 INFO     Phase warmup progress | returned=582/702 | sent=635 | in_flight=53 | errors=0 | elapsed=780.2s (runner.py:1254)
15:30:02.278 INFO     Phase warmup progress | returned=637/702 | sent=685 | in_flight=48 | errors=0 | elapsed=810.2s (runner.py:1254)
15:30:16.137 INFO     WARMUP cache pressure request budget reached: 10 additional requests on each of 64 lanes; draining requests (agentic_replay.py:494)
15:30:16.137 NOTICE   Phase warmup (warmup) sending complete | sent=702, completed=665, in_flight=37 | sessions: sent=59, completed=15 (runner.py:1039)
15:30:29.885 INFO     All accelerated-warmup wire requests returned; preserving paused DAG work for profiling handoff. (runner.py:989)
15:30:29.886 NOTICE   Phase warmup (warmup) complete | completed=702, cancelled=0, errors=0 | sessions: completed=17, cancelled=0 | elapsed=837.84s (runner.py:1162)
15:30:29.887 INFO     Global system-idle cap summary: limit=10s, jumps=0, skipped=0.000s (agentic_replay.py:956)
15:30:29.897 INFO     WARMUP cache pressure handoff: persisted 246 live streams (agentic_replay.py:972)
15:30:29.898 INFO     BranchOrchestrator stats: spawned=229 completed=26 errored=0 suspended=18 resumed=7 parents_failed_due_to_child_error=0 joins_suppressed=0 delayed=0 (branch_orchestrator.py:1782)
15:30:29.898 INFO     Session-tree slots for phase warmup: peak_open=64 (target concurrency 64); released 60 still-open at teardown; late_events=0 (runner.py:551)
15:30:29.903 INFO     Server Metrics: Warmup complete, capturing final warmup metrics... (manager.py:304)
15:30:30.083 INFO     Replay interval barriers active: 68266 requests, 34015 gated turns, join-widths={1: 26371, 2: 5215, 3: 1416, 4: 473, 5: 151, 6: 80, 7: 62, 8: 91, 9: 72, 10: 51, 11: 20, 12: 9, 13: 2, 14: 2} (replay_dependencies.py:231)
15:30:30.083 INFO     PROFILING setup: 64 trajectory lanes; recycle draws roots from the dataset sampler (agentic_replay.py:429)
15:30:30.083 INFO     PROFILING: 18 rootless + 11 gated-parent lanes of 64 dispatch no root credit at start and hold a lane credit instead (so they still count toward concurrency); rootless lanes recycle into a fresh root once their background subagents drain (agentic_replay.py:435)
15:30:30.084 NOTICE   Phase profiling (profiling) started | phase_index=0 | profiling_index=0 | target: 3600.0s duration (runner.py:593)
15:30:30.085 INFO     Credit phase start: profiling (records_manager.py:998)
15:30:30.089 INFO     Waiting for event 'profiling phase sending' with timeout of 3599.99507186s (runner.py:1220)
15:30:30.089 INFO     PROFILING execute: resuming 64 trajectory sessions (spread; first-request spread 54044.0s) (agentic_replay.py:1328)
15:30:30.090 WARNING  Event loop for timing_manager is taking too long to run. Overhead: 64.30ms (event_loop_monitor.py:89)
15:30:47.251 INFO     [realtime 00:17 profiling] (records_manager.py:1345)
15:30:47.251 INFO       rps=0.4 (avg 0.4)  tput_in=17,232/s  tput_out=89/s  done=7 ok=7 err=0 (records_manager.py:1345)
15:30:47.251 INFO       ttft    p50= 2,494ms  p75= 3,022ms  p95= 6,143ms  p99= 7,037ms (records_manager.py:1345)
15:30:47.251 INFO       itl     p50=    31ms  p75=   154ms  p95=   267ms  p99=   273ms (records_manager.py:1345)
15:30:47.251 INFO       e2e     p50=12,287ms  p75=13,381ms  p95=15,047ms  p99=15,264ms (records_manager.py:1345)
15:30:47.251 INFO       intvty  p50=      32  p75=      41  p95=     108  p99=     129  (1/tpot tok/s) (records_manager.py:1345)
15:30:47.251 INFO       isl     p50=  42,624  p75=  54,444  p90=  72,159  p99=  95,680  (tokens) (records_manager.py:1345)
15:30:47.251 INFO       osl     p50=     165  p75=     307  p90=     480  p99=     545  (tokens) (records_manager.py:1345)
15:30:47.251 INFO       tot     in=287,495  out=1,478 (records_manager.py:1345)
15:30:47.251 INFO       trace  theoretical_prefix_cache_hit=95.4% (records_manager.py:1345)
15:30:47.251 INFO       srv    prefix_cache_hit=13.7% unique_in_srv=681,184 ext_cache_hit=0.0% kv_usage=4.9% queue=2r/0w tput_in_srv=46,983/s tput_out_srv=346/s (records_manager.py:1345)
15:31:17.353 INFO     [realtime 00:47 profiling] (records_manager.py:1345)
15:31:17.353 INFO       rps=1.1 (avg 0.8)  tput_in=42,385/s  tput_out=169/s  done=39 ok=39 err=0 (records_manager.py:1345)
15:31:17.354 INFO       ttft    p50=  422ms  p75=1,946ms  p95= 3,123ms  p99= 5,845ms (records_manager.py:1345)
15:31:17.354 INFO       itl     p50=   11ms  p75=   21ms  p95=    79ms  p99=   264ms (records_manager.py:1345)
15:31:17.354 INFO       e2e     p50=2,432ms  p75=7,683ms  p95=12,555ms  p99=14,974ms (records_manager.py:1345)
15:31:17.354 INFO       intvty  p50=     88  p75=    105  p95=     130  p99=     145  (1/tpot tok/s) (records_manager.py:1345)
15:31:17.354 INFO       isl     p50= 50,308  p75= 63,164  p90=  84,892  p99= 101,841  (tokens) (records_manager.py:1345)
15:31:17.354 INFO       osl     p50=    128  p75=    176  p90=     559  p99=     737  (tokens) (records_manager.py:1345)
15:31:17.354 INFO       tot     in=1,993,290  out=7,935 (records_manager.py:1345)
15:31:17.354 INFO       trace  theoretical_prefix_cache_hit=95.3% (records_manager.py:1345)
15:31:17.354 INFO       srv    prefix_cache_hit=63.3% unique_in_srv=1,958,626 ext_cache_hit=35.8% kv_usage=33.1% queue=11r/0w tput_in_srv=113,757/s tput_out_srv=561/s (records_manager.py:1345)
15:31:47.575 INFO     [realtime 01:17 profiling] (records_manager.py:1345)
15:31:47.575 INFO       rps=1.2 (avg 1.0)  tput_in=56,543/s  tput_out=295/s  done=74 ok=74 err=0 (records_manager.py:1345)
15:31:47.575 INFO       ttft    p50=  423ms  p75=  970ms  p95= 3,031ms  p99= 4,542ms (records_manager.py:1345)
15:31:47.575 INFO       itl     p50=   18ms  p75=   21ms  p95=    41ms  p99=   255ms (records_manager.py:1345)
15:31:47.575 INFO       e2e     p50=3,348ms  p75=7,334ms  p95=22,536ms  p99=39,897ms (records_manager.py:1345)
15:31:47.575 INFO       intvty  p50=     57  p75=     89  p95=     115  p99=     139  (1/tpot tok/s) (records_manager.py:1345)
15:31:47.575 INFO       isl     p50= 53,944  p75= 78,910  p90=  96,985  p99= 107,892  (tokens) (records_manager.py:1345)
15:31:47.575 INFO       osl     p50=    132  p75=    276  p90=     657  p99=   2,130  (tokens) (records_manager.py:1345)
15:31:47.576 INFO       tot     in=4,316,213  out=22,534 (records_manager.py:1345)
15:31:47.576 INFO       trace  theoretical_prefix_cache_hit=95.2% (records_manager.py:1345)
15:31:47.576 INFO       srv    prefix_cache_hit=78.3% unique_in_srv=2,191,402 ext_cache_hit=32.0% kv_usage=33.2% queue=11r/0w tput_in_srv=131,360/s tput_out_srv=807/s (records_manager.py:1345)
15:32:17.924 INFO     [realtime 01:47 profiling] (records_manager.py:1345)
15:32:17.924 INFO       rps=1.0 (avg 1.0)  tput_in=59,756/s  tput_out=349/s  done=104 ok=104 err=0 (records_manager.py:1345)
15:32:17.924 INFO       ttft    p50=  423ms  p75=  781ms  p95= 2,868ms  p99= 3,524ms (records_manager.py:1345)
15:32:17.924 INFO       itl     p50=   18ms  p75=   19ms  p95=    29ms  p99=   242ms (records_manager.py:1345)
15:32:17.924 INFO       e2e     p50=3,756ms  p75=7,937ms  p95=31,264ms  p99=45,152ms (records_manager.py:1345)
15:32:17.924 INFO       intvty  p50=     56  p75=     69  p95=     112  p99=     134  (1/tpot tok/s) (records_manager.py:1345)
15:32:17.924 INFO       isl     p50= 60,600  p75= 86,265  p90= 103,638  p99= 110,924  (tokens) (records_manager.py:1345)
15:32:17.924 INFO       osl     p50=    144  p75=    380  p90=     870  p99=   2,378  (tokens) (records_manager.py:1345)
15:32:17.924 INFO       tot     in=6,417,076  out=37,460 (records_manager.py:1345)
15:32:17.924 INFO       trace  theoretical_prefix_cache_hit=95.2% (records_manager.py:1345)
15:32:17.924 INFO       srv    prefix_cache_hit=80.5% unique_in_srv=2,788,156 ext_cache_hit=37.9% kv_usage=38.5% queue=11r/0w tput_in_srv=133,932/s tput_out_srv=902/s (records_manager.py:1345)
15:32:48.366 INFO     [realtime 02:18 profiling] (records_manager.py:1345)
15:32:48.366 INFO       rps=0.7 (avg 0.9)  tput_in=58,627/s  tput_out=343/s  done=124 ok=124 err=0 (records_manager.py:1345)
15:32:48.366 INFO       ttft    p50=  406ms  p75=  721ms  p95= 2,817ms  p99= 3,442ms (records_manager.py:1345)
15:32:48.366 INFO       itl     p50=   18ms  p75=   20ms  p95=    29ms  p99=   209ms (records_manager.py:1345)
15:32:48.366 INFO       e2e     p50=3,856ms  p75=7,937ms  p95=32,233ms  p99=50,774ms (records_manager.py:1345)
15:32:48.366 INFO       intvty  p50=     55  p75=     65  p95=     109  p99=     133  (1/tpot tok/s) (records_manager.py:1345)
15:32:48.366 INFO       isl     p50= 66,236  p75= 88,810  p90= 107,311  p99= 111,833  (tokens) (records_manager.py:1345)
15:32:48.366 INFO       osl     p50=    146  p75=    380  p90=     870  p99=   2,990  (tokens) (records_manager.py:1345)
15:32:48.366 INFO       tot     in=7,984,139  out=46,650 (records_manager.py:1345)
15:32:48.366 INFO       trace  theoretical_prefix_cache_hit=95.2% (records_manager.py:1345)
15:32:48.366 INFO       srv    prefix_cache_hit=82.0% unique_in_srv=3,235,540 ext_cache_hit=39.2% kv_usage=45.9% queue=11r/1w tput_in_srv=129,826/s tput_out_srv=919/s (records_manager.py:1345)
15:33:18.901 INFO     [realtime 02:48 profiling] (records_manager.py:1345)
15:33:18.901 INFO       rps=0.6 (avg 0.8)  tput_in=56,370/s  tput_out=410/s  done=142 ok=142 err=0 (records_manager.py:1345)
15:33:18.901 INFO       ttft    p50=  423ms  p75=  777ms  p95= 2,831ms  p99= 3,368ms (records_manager.py:1345)
15:33:18.903 INFO       itl     p50=   19ms  p75=   21ms  p95=    32ms  p99=   264ms (records_manager.py:1345)
15:33:18.903 INFO       e2e     p50=4,288ms  p75=9,954ms  p95=44,948ms  p99=72,042ms (records_manager.py:1345)
15:33:18.903 INFO       intvty  p50=     54  p75=     62  p95=     108  p99=     133  (1/tpot tok/s) (records_manager.py:1345)
15:33:18.903 INFO       isl     p50= 68,186  p75= 93,738  p90= 109,109  p99= 118,229  (tokens) (records_manager.py:1345)
15:33:18.903 INFO       osl     p50=    163  p75=    442  p90=   1,418  p99=   3,609  (tokens) (records_manager.py:1345)
15:33:18.903 INFO       tot     in=9,475,846  out=68,886 (records_manager.py:1345)
15:33:18.903 INFO       trace  theoretical_prefix_cache_hit=95.1% (records_manager.py:1345)
15:33:18.903 INFO       srv    prefix_cache_hit=80.0% unique_in_srv=4,269,458 ext_cache_hit=43.8% kv_usage=55.4% queue=15r/0w tput_in_srv=126,940/s tput_out_srv=912/s (records_manager.py:1345)
15:33:49.532 INFO     [realtime 03:19 profiling] (records_manager.py:1345)
15:33:49.532 INFO       rps=0.7 (avg 0.8)  tput_in=57,972/s  tput_out=396/s  done=162 ok=162 err=0 (records_manager.py:1345)
15:33:49.532 INFO       ttft    p50=  441ms  p75=   705ms  p95= 2,692ms  p99= 3,286ms (records_manager.py:1345)
15:33:49.532 INFO       itl     p50=   19ms  p75=    25ms  p95=    36ms  p99=   258ms (records_manager.py:1345)
15:33:49.532 INFO       e2e     p50=5,076ms  p75=10,084ms  p95=44,484ms  p99=71,647ms (records_manager.py:1345)
15:33:49.533 INFO       intvty  p50=     52  p75=      60  p95=     108  p99=     132  (1/tpot tok/s) (records_manager.py:1345)
15:33:49.533 INFO       isl     p50= 69,315  p75=  98,540  p90= 111,457  p99= 176,508  (tokens) (records_manager.py:1345)
15:33:49.533 INFO       osl     p50=    176  p75=     454  p90=   1,283  p99=   3,578  (tokens) (records_manager.py:1345)
15:33:49.533 INFO       tot     in=11,390,680  out=77,756 (records_manager.py:1345)
15:33:49.533 INFO       trace  theoretical_prefix_cache_hit=95.2% (records_manager.py:1345)
15:33:49.533 INFO       srv    prefix_cache_hit=80.1% unique_in_srv=5,115,132 ext_cache_hit=50.6% kv_usage=65.0% queue=19r/0w tput_in_srv=129,580/s tput_out_srv=935/s (records_manager.py:1345)
15:34:20.268 INFO     [realtime 03:50 profiling] (records_manager.py:1345)
15:34:20.268 INFO       rps=0.6 (avg 0.8)  tput_in=56,487/s  tput_out=392/s  done=180 ok=180 err=0 (records_manager.py:1345)
15:34:20.268 INFO       ttft    p50=  442ms  p75=   692ms  p95= 2,636ms  p99= 3,212ms (records_manager.py:1345)
15:34:20.268 INFO       itl     p50=   19ms  p75=    29ms  p95=    36ms  p99=   253ms (records_manager.py:1345)
15:34:20.268 INFO       e2e     p50=5,854ms  p75=14,030ms  p95=44,547ms  p99=71,292ms (records_manager.py:1345)
15:34:20.268 INFO       intvty  p50=     51  p75=      58  p95=     107  p99=     131  (1/tpot tok/s) (records_manager.py:1345)
15:34:20.268 INFO       isl     p50= 69,868  p75= 101,111  p90= 112,051  p99= 176,759  (tokens) (records_manager.py:1345)
15:34:20.268 INFO       osl     p50=    199  p75=     543  p90=   1,303  p99=   3,551  (tokens) (records_manager.py:1345)
15:34:20.268 INFO       tot     in=12,936,805  out=89,679 (records_manager.py:1345)
15:34:20.268 INFO       trace  theoretical_prefix_cache_hit=95.2% (records_manager.py:1345)
15:34:20.268 INFO       srv    prefix_cache_hit=81.3% unique_in_srv=5,170,760 ext_cache_hit=50.0% kv_usage=41.8% queue=12r/0w tput_in_srv=120,945/s tput_out_srv=957/s (records_manager.py:1345)
15:34:51.018 INFO     [realtime 04:20 profiling] (records_manager.py:1345)
15:34:51.018 INFO       rps=0.4 (avg 0.8)  tput_in=55,421/s  tput_out=406/s  done=191 ok=191 err=0 (records_manager.py:1345)
15:34:51.018 INFO       ttft    p50=  444ms  p75=   705ms  p95= 2,570ms  p99= 3,167ms (records_manager.py:1345)
15:34:51.018 INFO       itl     p50=   20ms  p75=    31ms  p95=    36ms  p99=   250ms (records_manager.py:1345)
15:34:51.018 INFO       e2e     p50=6,425ms  p75=15,812ms  p95=48,065ms  p99=84,372ms (records_manager.py:1345)
15:34:51.018 INFO       intvty  p50=     50  p75=      57  p95=     105  p99=     130  (1/tpot tok/s) (records_manager.py:1345)
15:34:51.018 INFO       isl     p50= 71,300  p75= 104,107  p90= 114,679  p99= 182,460  (tokens) (records_manager.py:1345)
15:34:51.018 INFO       osl     p50=    235  p75=     562  p90=   1,437  p99=   3,722  (tokens) (records_manager.py:1345)
15:34:51.018 INFO       tot     in=14,048,209  out=102,976 (records_manager.py:1345)
15:34:51.018 INFO       trace  theoretical_prefix_cache_hit=95.2% (records_manager.py:1345)
15:34:51.018 INFO       srv    prefix_cache_hit=82.0% unique_in_srv=5,750,742 ext_cache_hit=52.1% kv_usage=83.9% queue=20r/1w tput_in_srv=121,144/s tput_out_srv=937/s (records_manager.py:1345)
15:35:21.892 INFO     [realtime 04:51 profiling] (records_manager.py:1345)
15:35:21.892 INFO       rps=0.6 (avg 0.7)  tput_in=54,662/s  tput_out=413/s  done=209 ok=209 err=0 (records_manager.py:1345)
15:35:21.892 INFO       ttft    p50=  465ms  p75=   721ms  p95= 2,670ms  p99=  5,337ms (records_manager.py:1345)
15:35:21.892 INFO       itl     p50=   21ms  p75=    32ms  p95=    55ms  p99=    234ms (records_manager.py:1345)
15:35:21.892 INFO       e2e     p50=7,362ms  p75=18,757ms  p95=52,482ms  p99=120,631ms (records_manager.py:1345)
15:35:21.892 INFO       intvty  p50=     47  p75=      57  p95=     104  p99=      129  (1/tpot tok/s) (records_manager.py:1345)
15:35:21.892 INFO       isl     p50= 72,160  p75= 105,361  p90= 117,749  p99=  228,596  (tokens) (records_manager.py:1345)
15:35:21.892 INFO       osl     p50=    266  p75=     588  p90=   1,461  p99=    4,061  (tokens) (records_manager.py:1345)
15:35:21.892 INFO       tot     in=15,830,280  out=119,672 (records_manager.py:1345)
15:35:21.892 INFO       trace  theoretical_prefix_cache_hit=95.2% (records_manager.py:1345)
15:35:21.893 INFO       srv    prefix_cache_hit=81.8% unique_in_srv=6,453,242 ext_cache_hit=51.5% kv_usage=80.3% queue=21r/0w tput_in_srv=122,196/s tput_out_srv=914/s (records_manager.py:1345)
15:35:30.091 INFO     Per-trace idle cap advanced replay root d1be23ff-5178-4ebb-9893-bcbdb4122aae by 36315.925s (replay_dependencies.py:324)
15:35:30.092 INFO     Per-trace idle cap advanced replay root bb68a5ed-bd05-4258-83ba-d2550638b1ca by 1366.816s (replay_dependencies.py:324)
15:35:30.092 INFO     Per-trace idle cap advanced replay root 36a98eba-442f-450c-9ea6-ccbbb5efb574 by 225.327s (replay_dependencies.py:324)
15:35:30.092 INFO     Per-trace idle cap advanced replay root 0c80a14c-8e34-4491-be65-13bbacb7ae4b by 52367.234s (replay_dependencies.py:324)
15:35:30.092 INFO     Per-trace idle cap advanced replay root b90493a8-e6d6-4f85-b9c3-275075203bdb by 544.430s (replay_dependencies.py:324)
15:35:30.092 INFO     Per-trace idle cap advanced replay root 50380c7a-af10-45d9-a0b6-00942fde22e3 by 4828.101s (replay_dependencies.py:324)
15:35:30.093 INFO     Per-trace idle cap advanced replay root e271857c-6fec-47cf-aee9-6b2ed3bedc3d by 1149.471s (replay_dependencies.py:324)
15:35:30.093 INFO     Per-trace idle cap advanced replay root 212f02d9-b2c2-4dee-b732-f3aa40bb97a6 by 904.387s (replay_dependencies.py:324)
15:35:30.093 INFO     Per-trace idle cap advanced replay root 9e4e11e2-b8b1-46ad-8c20-01259658cc1c by 1956.565s (replay_dependencies.py:324)
15:35:30.093 INFO     Per-trace idle cap advanced replay root 10109a3e-32dc-4063-a484-98b1abe7a7e0 by 1483.533s (replay_dependencies.py:324)
15:35:30.093 INFO     Per-trace idle cap advanced replay root 50624130-8971-4a67-93de-164cc1a4175e by 15423.418s (replay_dependencies.py:324)
15:35:30.094 INFO     Per-trace idle cap advanced replay root f2eee2d0-2b61-449d-9446-73c934ef48d1 by 2080.289s (replay_dependencies.py:324)
15:35:30.095 INFO     Per-trace idle cap advanced replay root 1651e045-39a5-45e6-ad3d-b3e5748fbfc2 by 260.855s (replay_dependencies.py:324)
15:35:30.095 INFO     Per-trace idle cap advanced replay root d8246c9d-51a9-4a52-bd8d-18219653e37d by 22615.903s (replay_dependencies.py:324)
15:35:30.095 INFO     Per-trace idle cap advanced replay root 56ba3168-c855-4008-a646-af7343079b21 by 3993.792s (replay_dependencies.py:324)
15:35:30.095 INFO     Per-trace idle cap advanced replay root ae5c9c25-5bf8-4869-811e-ca7823aadd4a by 821.954s (replay_dependencies.py:324)
15:35:30.095 INFO     Per-trace idle cap advanced replay root d2f20544-c67a-47d0-8087-1a497c0e713a by 15.544s (replay_dependencies.py:324)
15:35:30.095 INFO     Per-trace idle cap advanced replay root 0d24f848-b9a6-46ca-95c2-66ba02a3c560 by 230.648s (replay_dependencies.py:324)
15:35:30.095 INFO     Per-trace idle cap advanced replay root dec83627-e632-4cc0-94c7-f94f6b0b7d5d by 1563.825s (replay_dependencies.py:324)
15:35:30.095 INFO     Per-trace idle cap advanced replay root 177febab-6eeb-46bc-b594-1aa1c5b58007 by 1364.596s (replay_dependencies.py:324)
15:35:30.095 INFO     Per-trace idle cap advanced replay root dbd2ac06-e49f-43a6-9e0e-0087bd414e77 by 33715.063s (replay_dependencies.py:324)
15:35:30.096 INFO     Per-trace idle cap advanced replay root 1988c30d-8078-473e-b0a4-27aa3d38a1b1 by 17.081s (replay_dependencies.py:324)
15:35:30.096 INFO     Per-trace idle cap advanced replay root db7dac17-05db-47d7-8a29-527ac7d5c497 by 374.696s (replay_dependencies.py:324)
15:35:30.096 INFO     Per-trace idle cap advanced replay root 65d3b648-612b-4609-b890-569f4d6e8e4e by 726.502s (replay_dependencies.py:324)
15:35:30.096 INFO     Per-trace idle cap advanced replay root c36cb12e-fcd1-419a-a626-a0095b3231b2 by 33312.140s (replay_dependencies.py:324)
15:35:30.096 INFO     Per-trace idle cap advanced replay root a2869d28-990c-4dcd-93f1-e50ce355cbb0 by 381.259s (replay_dependencies.py:324)
15:35:30.096 INFO     Per-trace idle cap advanced replay root 4721c6a5-7c7f-42cf-9b2f-0b3d07a9f8d5 by 31708.627s (replay_dependencies.py:324)
15:35:30.096 INFO     Per-trace idle cap advanced replay root e510f162-269f-4a57-8d0c-dbfb6f1a5267 by 53744.007s (replay_dependencies.py:324)
15:35:30.096 INFO     Per-trace idle cap advanced replay root ed3b3ea2-cb77-48b1-a54e-62a5faa69cd9 by 5663.667s (replay_dependencies.py:324)
15:35:30.097 INFO     Per-trace idle cap advanced replay root c9949a60-48df-4e37-bd0c-1cb872e6bd12 by 34724.992s (replay_dependencies.py:324)
15:35:30.097 INFO     Per-trace idle cap advanced replay root 693115b8-b693-4a9a-8ece-5db67b1e5919 by 4964.284s (replay_dependencies.py:324)
15:35:30.097 INFO     Per-trace idle cap advanced replay root 3c851d6d-078d-4454-87c9-461071021fd6 by 23.407s (replay_dependencies.py:324)
15:35:30.097 INFO     Per-trace idle cap advanced replay root 1b167012-1bbc-43da-8c2f-e882394a11fa by 1047.359s (replay_dependencies.py:324)
15:35:30.097 INFO     Per-trace idle cap advanced replay root 7fbdf95f-6692-4bd4-a900-11d7ac0d7e24 by 732.355s (replay_dependencies.py:324)
15:35:30.097 INFO     Per-trace idle cap advanced replay root 0d197fea-743a-4490-badd-2e3ac0dd311d by 7959.897s (replay_dependencies.py:324)
15:35:30.097 INFO     Per-trace idle cap advanced replay root 79b805ec-b5ef-4c15-bf7e-7445e0ef2428 by 4228.219s (replay_dependencies.py:324)
15:35:30.097 INFO     Per-trace idle cap advanced replay root f7452941-0f1c-4f2f-b3c8-197c402ae4b1 by 5489.584s (replay_dependencies.py:324)
15:35:30.097 INFO     Per-trace idle cap advanced replay root 7529e1d9-5ad9-4ba2-b6fc-2c1ce7ce9596 by 19690.984s (replay_dependencies.py:324)
15:35:30.098 INFO     Per-trace idle cap advanced replay root 544952d7-319b-45ed-b1e9-522c0596194d by 12190.890s (replay_dependencies.py:324)
15:35:30.098 INFO     Per-trace idle cap advanced replay root bd062792-d9e0-4854-895e-4d29aa0df06b by 963.902s (replay_dependencies.py:324)
15:35:30.099 INFO     Per-trace idle cap advanced replay root e6dc2dc3-3c80-4020-9114-7c5b3eb0b79b by 965.541s (replay_dependencies.py:324)
15:35:30.099 INFO     Per-trace idle cap advanced replay root 25aa0d94-5a0f-45a5-b4fe-32690460788b by 7764.002s (replay_dependencies.py:324)
15:35:30.099 INFO     Per-trace idle cap advanced replay root 4ba417be-8839-4dda-ad03-add5943c6667 by 134.882s (replay_dependencies.py:324)
15:35:30.099 INFO     Per-trace idle cap advanced replay root 0d77d2c1-746d-454a-8a7e-4d43e9d3b15b by 15847.332s (replay_dependencies.py:324)
15:35:52.852 INFO     [realtime 05:22 profiling] (records_manager.py:1345)
15:35:52.852 INFO       rps=0.5 (avg 0.7)  tput_in=53,572/s  tput_out=397/s  done=223 ok=223 err=0 (records_manager.py:1345)
15:35:52.852 INFO       ttft    p50=  482ms  p75=   777ms  p95= 2,870ms  p99=  7,430ms (records_manager.py:1345)
15:35:52.852 INFO       itl     p50=   22ms  p75=    33ms  p95=    61ms  p99=    212ms (records_manager.py:1345)
15:35:52.852 INFO       e2e     p50=7,931ms  p75=20,157ms  p95=55,627ms  p99=119,785ms (records_manager.py:1345)
15:35:52.852 INFO       intvty  p50=     45  p75=      57  p95=     103  p99=      127  (1/tpot tok/s) (records_manager.py:1345)
15:35:52.852 INFO       isl     p50= 72,160  p75= 106,136  p90= 119,330  p99=  233,843  (tokens) (records_manager.py:1345)
15:35:52.852 INFO       osl     p50=    271  p75=     594  p90=   1,431  p99=    4,049  (tokens) (records_manager.py:1345)
15:35:52.852 INFO       tot     in=17,069,119  out=126,445 (records_manager.py:1345)
15:35:52.852 INFO       trace  theoretical_prefix_cache_hit=95.2% (records_manager.py:1345)
15:35:52.852 INFO       srv    prefix_cache_hit=76.0% unique_in_srv=9,260,776 ext_cache_hit=59.5% kv_usage=95.4% queue=23r/54w tput_in_srv=118,937/s tput_out_srv=895/s (records_manager.py:1345)
15:36:23.969 INFO     [realtime 05:53 profiling] (records_manager.py:1345)
15:36:23.969 INFO       rps=0.4 (avg 0.7)  tput_in=52,437/s  tput_out=382/s  done=236 ok=236 err=0 (records_manager.py:1345)
15:36:23.969 INFO       ttft    p50=  497ms  p75=   864ms  p95= 5,070ms  p99= 24,011ms (records_manager.py:1345)
15:36:23.970 INFO       itl     p50=   24ms  p75=    36ms  p95=    66ms  p99=    196ms (records_manager.py:1345)
15:36:23.970 INFO       e2e     p50=9,159ms  p75=25,368ms  p95=60,958ms  p99=118,999ms (records_manager.py:1345)
15:36:23.970 INFO       intvty  p50=     42  p75=      56  p95=     101  p99=      126  (1/tpot tok/s) (records_manager.py:1345)
15:36:23.970 INFO       isl     p50= 72,261  p75= 106,854  p90= 122,382  p99=  236,130  (tokens) (records_manager.py:1345)
15:36:23.970 INFO       osl     p50=    274  p75=     606  p90=   1,422  p99=    4,038  (tokens) (records_manager.py:1345)
15:36:23.970 INFO       tot     in=18,345,733  out=133,807 (records_manager.py:1345)
15:36:23.970 INFO       trace  theoretical_prefix_cache_hit=95.2% (records_manager.py:1345)
15:36:23.970 INFO       srv    prefix_cache_hit=71.7% unique_in_srv=11,615,820 ext_cache_hit=67.4% kv_usage=94.8% queue=20r/59w tput_in_srv=116,409/s tput_out_srv=881/s (records_manager.py:1345)
15:36:54.968 INFO     [realtime 06:24 profiling] (records_manager.py:1345)
15:36:54.968 INFO       rps=0.4 (avg 0.6)  tput_in=51,725/s  tput_out=371/s  done=248 ok=248 err=0 (records_manager.py:1345)
15:36:54.968 INFO       ttft    p50=  511ms  p75= 1,082ms  p95=14,787ms  p99= 56,938ms (records_manager.py:1345)
15:36:54.968 INFO       itl     p50=   26ms  p75=    36ms  p95=    65ms  p99=    179ms (records_manager.py:1345)
15:36:54.968 INFO       e2e     p50=9,786ms  p75=30,709ms  p95=74,475ms  p99=118,273ms (records_manager.py:1345)
15:36:54.968 INFO       intvty  p50=     39  p75=      55  p95=     100  p99=      125  (1/tpot tok/s) (records_manager.py:1345)
15:36:54.968 INFO       isl     p50= 75,872  p75= 108,686  p90= 125,901  p99=  237,314  (tokens) (records_manager.py:1345)
15:36:54.968 INFO       osl     p50=    274  p75=     634  p90=   1,441  p99=    4,028  (tokens) (records_manager.py:1345)
15:36:54.968 INFO       tot     in=19,842,707  out=142,236 (records_manager.py:1345)
15:36:54.968 INFO       trace  theoretical_prefix_cache_hit=95.2% (records_manager.py:1345)
15:36:54.968 INFO       srv    prefix_cache_hit=67.1% unique_in_srv=14,417,756 ext_cache_hit=72.8% kv_usage=94.0% queue=19r/68w tput_in_srv=114,294/s tput_out_srv=875/s (records_manager.py:1345)
15:37:25.939 INFO     [realtime 06:55 profiling] (records_manager.py:1345)
15:37:25.939 INFO       rps=0.2 (avg 0.6)  tput_in=49,489/s  tput_out=364/s  done=255 ok=255 err=0 (records_manager.py:1345)
15:37:25.939 INFO       ttft    p50=   514ms  p75= 1,126ms  p95=29,677ms  p99= 69,185ms (records_manager.py:1345)
15:37:25.939 INFO       itl     p50=    26ms  p75=    39ms  p95=    66ms  p99=    190ms (records_manager.py:1345)
15:37:25.939 INFO       e2e     p50=10,112ms  p75=32,549ms  p95=87,776ms  p99=130,973ms (records_manager.py:1345)
15:37:25.939 INFO       intvty  p50=      38  p75=      55  p95=      99  p99=      124  (1/tpot tok/s) (records_manager.py:1345)
15:37:25.939 INFO       isl     p50=  76,037  p75= 108,774  p90= 126,275  p99=  237,185  (tokens) (records_manager.py:1345)
15:37:25.939 INFO       osl     p50=     280  p75=     660  p90=   1,484  p99=    4,022  (tokens) (records_manager.py:1345)
15:37:25.939 INFO       tot     in=20,421,334  out=150,029 (records_manager.py:1345)
15:37:25.939 INFO       trace  theoretical_prefix_cache_hit=95.2% (records_manager.py:1345)
15:37:25.939 INFO       srv    prefix_cache_hit=65.0% unique_in_srv=15,812,190 ext_cache_hit=71.5% kv_usage=97.2% queue=18r/69w tput_in_srv=109,103/s tput_out_srv=839/s (records_manager.py:1345)
15:37:56.951 INFO     [realtime 07:26 profiling] (records_manager.py:1345)
15:37:56.951 INFO       rps=0.1 (avg 0.6)  tput_in=47,500/s  tput_out=348/s  done=258 ok=258 err=0 (records_manager.py:1345)
15:37:56.951 INFO       ttft    p50=   523ms  p75= 1,164ms  p95=44,197ms  p99= 78,938ms (records_manager.py:1345)
15:37:56.951 INFO       itl     p50=    27ms  p75=    40ms  p95=    68ms  p99=    187ms (records_manager.py:1345)
15:37:56.951 INFO       e2e     p50=11,055ms  p75=33,347ms  p95=97,281ms  p99=143,290ms (records_manager.py:1345)
15:37:56.951 INFO       intvty  p50=      37  p75=      54  p95=      99  p99=      123  (1/tpot tok/s) (records_manager.py:1345)
15:37:56.951 INFO       isl     p50=  76,106  p75= 108,991  p90= 128,617  p99=  240,606  (tokens) (records_manager.py:1345)
15:37:56.951 INFO       osl     p50=     281  p75=     670  p90=   1,509  p99=    4,019  (tokens) (records_manager.py:1345)
15:37:56.951 INFO       tot     in=20,893,866  out=153,173 (records_manager.py:1345)
15:37:56.951 INFO       trace  theoretical_prefix_cache_hit=95.2% (records_manager.py:1345)
15:37:56.951 INFO       srv    prefix_cache_hit=63.8% unique_in_srv=16,671,770 ext_cache_hit=68.6% kv_usage=93.3% queue=17r/72w tput_in_srv=102,468/s tput_out_srv=800/s (records_manager.py:1345)
15:38:27.963 INFO     [realtime 07:57 profiling] (records_manager.py:1345)
15:38:27.963 INFO       rps=0.2 (avg 0.6)  tput_in=44,987/s  tput_out=346/s  done=264 ok=264 err=0 (records_manager.py:1345)
15:38:27.963 INFO       ttft    p50=   531ms  p75= 1,235ms  p95= 53,718ms  p99= 99,744ms (records_manager.py:1345)
15:38:27.963 INFO       itl     p50=    28ms  p75=    45ms  p95=     78ms  p99=    184ms (records_manager.py:1345)
15:38:27.963 INFO       e2e     p50=11,377ms  p75=36,113ms  p95=114,705ms  p99=172,485ms (records_manager.py:1345)
15:38:27.964 INFO       intvty  p50=      36  p75=      54  p95=       98  p99=      123  (1/tpot tok/s) (records_manager.py:1345)
15:38:27.964 INFO       isl     p50=  76,106  p75= 109,034  p90=  130,207  p99=  240,268  (tokens) (records_manager.py:1345)
15:38:27.964 INFO       osl     p50=     287  p75=     698  p90=    1,528  p99=    4,111  (tokens) (records_manager.py:1345)
15:38:27.964 INFO       tot     in=21,392,738  out=164,375 (records_manager.py:1345)
15:38:27.964 INFO       trace  theoretical_prefix_cache_hit=95.2% (records_manager.py:1345)
15:38:27.964 INFO       srv    prefix_cache_hit=62.3% unique_in_srv=17,769,012 ext_cache_hit=68.0% kv_usage=96.2% queue=20r/73w tput_in_srv=98,538/s tput_out_srv=778/s (records_manager.py:1345)
15:38:59.075 INFO     [realtime 08:28 profiling] (records_manager.py:1345)
15:38:59.075 INFO       rps=0.5 (avg 0.6)  tput_in=44,176/s  tput_out=348/s  done=279 ok=279 err=0 (records_manager.py:1345)
15:38:59.075 INFO       ttft    p50=   573ms  p75= 1,456ms  p95= 94,392ms  p99=175,612ms (records_manager.py:1345)
15:38:59.075 INFO       itl     p50=    31ms  p75=    49ms  p95=     81ms  p99=    169ms (records_manager.py:1345)
15:38:59.075 INFO       e2e     p50=12,706ms  p75=44,138ms  p95=179,416ms  p99=197,029ms (records_manager.py:1345)
15:38:59.075 INFO       intvty  p50=      33  p75=      54  p95=       94  p99=      121  (1/tpot tok/s) (records_manager.py:1345)
15:38:59.075 INFO       isl     p50=  72,693  p75= 108,774  p90=  131,632  p99=  240,118  (tokens) (records_manager.py:1345)
15:38:59.075 INFO       osl     p50=     282  p75=     707  p90=    1,638  p99=    4,218  (tokens) (records_manager.py:1345)
15:38:59.075 INFO       tot     in=22,405,453  out=176,474 (records_manager.py:1345)
15:38:59.075 INFO       trace  theoretical_prefix_cache_hit=95.2% (records_manager.py:1345)
15:38:59.075 INFO       srv    prefix_cache_hit=60.4% unique_in_srv=19,405,252 ext_cache_hit=68.6% kv_usage=94.9% queue=22r/73w tput_in_srv=96,607/s tput_out_srv=774/s (records_manager.py:1345)
15:39:30.345 INFO     [realtime 09:00 profiling] (records_manager.py:1345)
15:39:30.346 INFO       rps=0.3 (avg 0.5)  tput_in=42,210/s  tput_out=342/s  done=289 ok=289 err=0 (records_manager.py:1345)
15:39:30.346 INFO       ttft    p50=   593ms  p75= 2,137ms  p95=173,242ms  p99=181,031ms (records_manager.py:1345)
15:39:30.346 INFO       itl     p50=    31ms  p75=    49ms  p95=     81ms  p99=    159ms (records_manager.py:1345)
15:39:30.346 INFO       e2e     p50=13,903ms  p75=48,988ms  p95=192,390ms  p99=227,552ms (records_manager.py:1345)
15:39:30.346 INFO       intvty  p50=      32  p75=      53  p95=       93  p99=      120  (1/tpot tok/s) (records_manager.py:1345)
15:39:30.346 INFO       isl     p50=  71,893  p75= 107,631  p90=  128,219  p99=  239,643  (tokens) (records_manager.py:1345)
15:39:30.346 INFO       osl     p50=     288  p75=     771  p90=    1,551  p99=    4,202  (tokens) (records_manager.py:1345)
15:39:30.346 INFO       tot     in=22,739,370  out=184,164 (records_manager.py:1345)
15:39:30.346 INFO       trace  theoretical_prefix_cache_hit=95.2% (records_manager.py:1345)
15:39:30.346 INFO       srv    prefix_cache_hit=59.5% unique_in_srv=20,122,548 ext_cache_hit=69.6% kv_usage=98.1% queue=19r/74w tput_in_srv=92,370/s tput_out_srv=799/s (records_manager.py:1345)
15:40:01.550 INFO     [realtime 09:31 profiling] (records_manager.py:1345)
15:40:01.550 INFO       rps=0.4 (avg 0.5)  tput_in=42,812/s  tput_out=356/s  done=303 ok=303 err=0 (records_manager.py:1345)
15:40:01.551 INFO       ttft    p50=   634ms  p75= 2,989ms  p95=175,831ms  p99=208,750ms (records_manager.py:1345)
15:40:01.551 INFO       itl     p50=    32ms  p75=    49ms  p95=     81ms  p99=    147ms (records_manager.py:1345)
15:40:01.551 INFO       e2e     p50=14,652ms  p75=61,730ms  p95=221,790ms  p99=261,795ms (records_manager.py:1345)
15:40:01.551 INFO       intvty  p50=      31  p75=      53  p95=       92  p99=      118  (1/tpot tok/s) (records_manager.py:1345)
15:40:01.551 INFO       isl     p50=  72,160  p75= 109,063  p90=  134,048  p99=  243,724  (tokens) (records_manager.py:1345)
15:40:01.551 INFO       osl     p50=     301  p75=     800  p90=    1,740  p99=    4,182  (tokens) (records_manager.py:1345)
15:40:01.551 INFO       tot     in=24,371,128  out=202,827 (records_manager.py:1345)
15:40:01.551 INFO       trace  theoretical_prefix_cache_hit=95.2% (records_manager.py:1345)
15:40:01.551 INFO       srv    prefix_cache_hit=55.8% unique_in_srv=23,481,324 ext_cache_hit=73.2% kv_usage=97.4% queue=23r/68w tput_in_srv=93,126/s tput_out_srv=802/s (records_manager.py:1345)
15:40:17.890 INFO     Per-trace idle cap advanced replay root e5c1a26a-316a-410d-8fff-7f82ac230bd9 by 608.892s (replay_dependencies.py:324)
15:40:32.811 INFO     [realtime 10:02 profiling] (records_manager.py:1345)
15:40:32.812 INFO       rps=0.6 (avg 0.5)  tput_in=42,836/s  tput_out=362/s  done=322 ok=322 err=0 (records_manager.py:1345)
15:40:32.812 INFO       ttft    p50=   680ms  p75=12,925ms  p95=203,821ms  p99=209,794ms (records_manager.py:1345)
15:40:32.812 INFO       itl     p50=    32ms  p75=    49ms  p95=     81ms  p99=    179ms (records_manager.py:1345)
15:40:32.812 INFO       e2e     p50=18,411ms  p75=87,162ms  p95=226,750ms  p99=264,107ms (records_manager.py:1345)
15:40:32.812 INFO       intvty  p50=      31  p75=      52  p95=       90  p99=      117  (1/tpot tok/s) (records_manager.py:1345)
15:40:32.812 INFO       isl     p50=  71,830  p75= 109,092  p90=  134,470  p99=  243,041  (tokens) (records_manager.py:1345)
15:40:32.812 INFO       osl     p50=     300  p75=     804  p90=    1,742  p99=    4,305  (tokens) (records_manager.py:1345)
15:40:32.812 INFO       tot     in=25,762,553  out=217,906 (records_manager.py:1345)
15:40:32.812 INFO       trace  theoretical_prefix_cache_hit=95.2% (records_manager.py:1345)
15:40:32.812 INFO       srv    prefix_cache_hit=53.4% unique_in_srv=25,993,078 ext_cache_hit=75.5% kv_usage=98.9% queue=23r/72w tput_in_srv=92,796/s tput_out_srv=805/s (records_manager.py:1345)
15:41:04.251 INFO     [realtime 10:34 profiling] (records_manager.py:1345)
15:41:04.251 INFO       rps=0.6 (avg 0.5)  tput_in=43,158/s  tput_out=364/s  done=341 ok=341 err=0 (records_manager.py:1345)
15:41:04.251 INFO       ttft    p50=   742ms  p75= 54,293ms  p95=204,176ms  p99=209,749ms (records_manager.py:1345)
15:41:04.251 INFO       itl     p50=    33ms  p75=     49ms  p95=     81ms  p99=    172ms (records_manager.py:1345)
15:41:04.251 INFO       e2e     p50=21,522ms  p75=144,277ms  p95=239,752ms  p99=296,865ms (records_manager.py:1345)
15:41:04.251 INFO       intvty  p50=      30  p75=       52  p95=       90  p99=      116  (1/tpot tok/s) (records_manager.py:1345)
15:41:04.252 INFO       isl     p50=  71,893  p75=  109,387  p90=  134,497  p99=  244,055  (tokens) (records_manager.py:1345)
15:41:04.252 INFO       osl     p50=     300  p75=      807  p90=    1,744  p99=    4,276  (tokens) (records_manager.py:1345)
15:41:04.252 INFO       tot     in=27,301,593  out=230,398 (records_manager.py:1345)
15:41:04.252 INFO       trace  theoretical_prefix_cache_hit=95.3% (records_manager.py:1345)
15:41:04.252 INFO       srv    prefix_cache_hit=51.0% unique_in_srv=28,986,898 ext_cache_hit=76.7% kv_usage=98.4% queue=23r/74w tput_in_srv=93,483/s tput_out_srv=798/s (records_manager.py:1345)
15:41:35.761 INFO     [realtime 11:05 profiling] (records_manager.py:1345)
15:41:35.762 INFO       rps=0.5 (avg 0.5)  tput_in=43,371/s  tput_out=362/s  done=358 ok=358 err=0 (records_manager.py:1345)
15:41:35.762 INFO       ttft    p50=   826ms  p75= 92,226ms  p95=204,210ms  p99=209,709ms (records_manager.py:1345)
15:41:35.762 INFO       itl     p50=    34ms  p75=     50ms  p95=     81ms  p99=    165ms (records_manager.py:1345)
15:41:35.762 INFO       e2e     p50=25,752ms  p75=155,161ms  p95=240,462ms  p99=300,087ms (records_manager.py:1345)
15:41:35.762 INFO       intvty  p50=      29  p75=       51  p95=       90  p99=      115  (1/tpot tok/s) (records_manager.py:1345)
15:41:35.762 INFO       isl     p50=  71,830  p75=  109,092  p90=  134,591  p99=  243,988  (tokens) (records_manager.py:1345)
15:41:35.762 INFO       osl     p50=     294  p75=      792  p90=    1,731  p99=    4,250  (tokens) (records_manager.py:1345)
15:41:35.762 INFO       tot     in=28,641,036  out=239,347 (records_manager.py:1345)
15:41:35.762 INFO       trace  theoretical_prefix_cache_hit=95.3% (records_manager.py:1345)
15:41:35.762 INFO       srv    prefix_cache_hit=49.2% unique_in_srv=31,415,746 ext_cache_hit=77.9% kv_usage=99.9% queue=26r/70w tput_in_srv=93,135/s tput_out_srv=803/s (records_manager.py:1345)
15:42:07.498 INFO     [realtime 11:37 profiling] (records_manager.py:1345)
15:42:07.498 INFO       rps=0.4 (avg 0.5)  tput_in=42,515/s  tput_out=363/s  done=372 ok=372 err=0 (records_manager.py:1345)
15:42:07.499 INFO       ttft    p50=   942ms  p75=140,078ms  p95=204,444ms  p99=210,026ms (records_manager.py:1345)
15:42:07.499 INFO       itl     p50=    36ms  p75=     51ms  p95=     81ms  p99=    159ms (records_manager.py:1345)
15:42:07.499 INFO       e2e     p50=30,829ms  p75=166,430ms  p95=244,430ms  p99=308,881ms (records_manager.py:1345)
15:42:07.499 INFO       intvty  p50=      28  p75=       51  p95=       89  p99=      115  (1/tpot tok/s) (records_manager.py:1345)
15:42:07.499 INFO       isl     p50=  71,392  p75=  108,963  p90=  134,470  p99=  243,933  (tokens) (records_manager.py:1345)
15:42:07.499 INFO       osl     p50=     310  p75=      814  p90=    1,748  p99=    4,228  (tokens) (records_manager.py:1345)
15:42:07.499 INFO       tot     in=29,505,434  out=251,994 (records_manager.py:1345)
15:42:07.499 INFO       trace  theoretical_prefix_cache_hit=95.2% (records_manager.py:1345)
15:42:07.499 INFO       srv    prefix_cache_hit=48.3% unique_in_srv=32,610,448 ext_cache_hit=78.3% kv_usage=91.8% queue=17r/79w tput_in_srv=90,646/s tput_out_srv=811/s (records_manager.py:1345)
15:42:39.156 INFO     [realtime 12:09 profiling] (records_manager.py:1345)
15:42:39.156 INFO       rps=0.4 (avg 0.5)  tput_in=42,102/s  tput_out=370/s  done=384 ok=384 err=0 (records_manager.py:1345)
15:42:39.156 INFO       ttft    p50= 1,098ms  p75=140,592ms  p95=204,481ms  p99=209,951ms (records_manager.py:1345)
15:42:39.156 INFO       itl     p50=    36ms  p75=     51ms  p95=     80ms  p99=    154ms (records_manager.py:1345)
15:42:39.156 INFO       e2e     p50=32,805ms  p75=171,226ms  p95=252,206ms  p99=316,536ms (records_manager.py:1345)
15:42:39.156 INFO       intvty  p50=      28  p75=       49  p95=       87  p99=      114  (1/tpot tok/s) (records_manager.py:1345)
15:42:39.156 INFO       isl     p50=  71,324  p75=  109,034  p90=  139,033  p99=  243,886  (tokens) (records_manager.py:1345)
15:42:39.156 INFO       osl     p50=     320  p75=      842  p90=    1,817  p99=    4,360  (tokens) (records_manager.py:1345)
15:42:39.156 INFO       tot     in=30,602,537  out=269,063 (records_manager.py:1345)
15:42:39.156 INFO       trace  theoretical_prefix_cache_hit=95.2% (records_manager.py:1345)
15:42:39.156 INFO       srv    prefix_cache_hit=46.8% unique_in_srv=34,638,022 ext_cache_hit=79.1% kv_usage=98.2% queue=15r/79w tput_in_srv=89,564/s tput_out_srv=807/s (records_manager.py:1345)
15:43:10.873 INFO     [realtime 12:40 profiling] (records_manager.py:1345)
15:43:10.873 INFO       rps=0.5 (avg 0.5)  tput_in=42,573/s  tput_out=368/s  done=401 ok=401 err=0 (records_manager.py:1345)
15:43:10.873 INFO       ttft    p50= 1,313ms  p75=143,215ms  p95=204,490ms  p99=209,842ms (records_manager.py:1345)
15:43:10.873 INFO       itl     p50=    38ms  p75=     50ms  p95=     80ms  p99=    147ms (records_manager.py:1345)
15:43:10.873 INFO       e2e     p50=39,299ms  p75=170,842ms  p95=252,962ms  p99=320,667ms (records_manager.py:1345)
15:43:10.873 INFO       intvty  p50=      26  p75=       47  p95=       79  p99=      113  (1/tpot tok/s) (records_manager.py:1345)
15:43:10.873 INFO       isl     p50=  71,596  p75=  110,217  p90=  140,538  p99=  243,806  (tokens) (records_manager.py:1345)
15:43:10.873 INFO       osl     p50=     318  p75=      830  p90=    1,836  p99=    4,335  (tokens) (records_manager.py:1345)
15:43:10.873 INFO       tot     in=32,314,836  out=279,147 (records_manager.py:1345)
15:43:10.873 INFO       trace  theoretical_prefix_cache_hit=95.2% (records_manager.py:1345)
15:43:10.873 INFO       srv    prefix_cache_hit=44.7% unique_in_srv=37,892,296 ext_cache_hit=80.7% kv_usage=96.8% queue=18r/72w tput_in_srv=89,793/s tput_out_srv=809/s (records_manager.py:1345)
15:43:42.685 INFO     [realtime 13:12 profiling] (records_manager.py:1345)
15:43:42.685 INFO       rps=0.3 (avg 0.5)  tput_in=41,807/s  tput_out=363/s  done=412 ok=412 err=0 (records_manager.py:1345)
15:43:42.685 INFO       ttft    p50= 1,386ms  p75=144,586ms  p95=204,444ms  p99=209,818ms (records_manager.py:1345)
15:43:42.685 INFO       itl     p50=    40ms  p75=     50ms  p95=     80ms  p99=    147ms (records_manager.py:1345)
15:43:42.685 INFO       e2e     p50=41,790ms  p75=171,226ms  p95=249,180ms  p99=320,164ms (records_manager.py:1345)
15:43:42.685 INFO       intvty  p50=      25  p75=       47  p95=       78  p99=      113  (1/tpot tok/s) (records_manager.py:1345)
15:43:42.685 INFO       isl     p50=  71,392  p75=  110,190  p90=  141,157  p99=  243,673  (tokens) (records_manager.py:1345)
15:43:42.686 INFO       osl     p50=     318  p75=      834  p90=    1,843  p99=    4,320  (tokens) (records_manager.py:1345)
15:43:42.686 INFO       tot     in=33,035,790  out=286,446 (records_manager.py:1345)
15:43:42.686 INFO       trace  theoretical_prefix_cache_hit=95.2% (records_manager.py:1345)
15:43:42.686 INFO       srv    prefix_cache_hit=43.5% unique_in_srv=39,800,230 ext_cache_hit=81.3% kv_usage=98.2% queue=23r/71w tput_in_srv=89,021/s tput_out_srv=809/s (records_manager.py:1345)
15:44:14.651 INFO     [realtime 13:44 profiling] (records_manager.py:1345)
15:44:14.651 INFO       rps=0.5 (avg 0.5)  tput_in=42,182/s  tput_out=367/s  done=429 ok=429 err=0 (records_manager.py:1345)
15:44:14.651 INFO       ttft    p50= 1,949ms  p75=149,566ms  p95=204,312ms  p99=209,778ms (records_manager.py:1345)
15:44:14.651 INFO       itl     p50=    41ms  p75=     50ms  p95=     79ms  p99=    146ms (records_manager.py:1345)
15:44:14.651 INFO       e2e     p50=48,316ms  p75=177,557ms  p95=253,716ms  p99=319,307ms (records_manager.py:1345)
15:44:14.651 INFO       intvty  p50=      24  p75=       47  p95=       77  p99=      113  (1/tpot tok/s) (records_manager.py:1345)
15:44:14.651 INFO       isl     p50=  71,347  p75=  110,945  p90=  146,988  p99=  243,448  (tokens) (records_manager.py:1345)
15:44:14.651 INFO       osl     p50=     319  p75=      842  p90=    1,861  p99=    4,294  (tokens) (records_manager.py:1345)
15:44:14.651 INFO       tot     in=34,638,938  out=301,075 (records_manager.py:1345)
15:44:14.651 INFO       trace  theoretical_prefix_cache_hit=95.2% (records_manager.py:1345)
15:44:14.651 INFO       srv    prefix_cache_hit=41.6% unique_in_srv=43,064,110 ext_cache_hit=82.3% kv_usage=98.8% queue=24r/64w tput_in_srv=89,361/s tput_out_srv=818/s (records_manager.py:1345)
15:44:46.659 INFO     [realtime 14:16 profiling] (records_manager.py:1345)
15:44:46.659 INFO       rps=0.7 (avg 0.5)  tput_in=42,242/s  tput_out=365/s  done=450 ok=450 err=0 (records_manager.py:1345)
15:44:46.659 INFO       ttft    p50= 2,857ms  p75=151,465ms  p95=204,160ms  p99=209,728ms (records_manager.py:1345)
15:44:46.659 INFO       itl     p50=    42ms  p75=     51ms  p95=     79ms  p99=    144ms (records_manager.py:1345)
15:44:46.659 INFO       e2e     p50=58,731ms  p75=180,385ms  p95=249,936ms  p99=318,249ms (records_manager.py:1345)
15:44:46.659 INFO       intvty  p50=      24  p75=       44  p95=       77  p99=      113  (1/tpot tok/s) (records_manager.py:1345)
15:44:46.659 INFO       isl     p50=  71,338  p75=  110,056  p90=  141,440  p99=  244,019  (tokens) (records_manager.py:1345)
15:44:46.659 INFO       osl     p50=     329  p75=      830  p90=    1,847  p99=    4,262  (tokens) (records_manager.py:1345)
15:44:46.659 INFO       tot     in=36,046,818  out=311,864 (records_manager.py:1345)
15:44:46.659 INFO       trace  theoretical_prefix_cache_hit=95.2% (records_manager.py:1345)
15:44:46.659 INFO       srv    prefix_cache_hit=40.4% unique_in_srv=45,580,734 ext_cache_hit=82.9% kv_usage=98.2% queue=23r/68w tput_in_srv=89,496/s tput_out_srv=821/s (records_manager.py:1345)
15:44:59.358 INFO     Per-trace idle cap advanced replay root 29e66d0b-5694-4b06-8b94-33b1dfda4a2a by 355231.762s (replay_dependencies.py:324)
15:45:18.699 INFO     [realtime 14:48 profiling] (records_manager.py:1345)
15:45:18.699 INFO       rps=0.2 (avg 0.5)  tput_in=41,089/s  tput_out=361/s  done=457 ok=457 err=0 (records_manager.py:1345)
15:45:18.699 INFO       ttft    p50= 3,077ms  p75=151,560ms  p95=204,147ms  p99=209,711ms (records_manager.py:1345)
15:45:18.699 INFO       itl     p50=    43ms  p75=     51ms  p95=     78ms  p99=    144ms (records_manager.py:1345)
15:45:18.699 INFO       e2e     p50=64,916ms  p75=181,529ms  p95=253,465ms  p99=317,897ms (records_manager.py:1345)
15:45:18.699 INFO       intvty  p50=      23  p75=       44  p95=       77  p99=      113  (1/tpot tok/s) (records_manager.py:1345)
15:45:18.699 INFO       isl     p50=  71,300  p75=  110,176  p90=  140,843  p99=  243,992  (tokens) (records_manager.py:1345)
15:45:18.699 INFO       osl     p50=     338  p75=      873  p90=    1,850  p99=    4,251  (tokens) (records_manager.py:1345)
15:45:18.699 INFO       tot     in=36,381,751  out=319,773 (records_manager.py:1345)
15:45:18.699 INFO       trace  theoretical_prefix_cache_hit=95.2% (records_manager.py:1345)
15:45:18.699 INFO       srv    prefix_cache_hit=40.1% unique_in_srv=46,196,270 ext_cache_hit=83.1% kv_usage=97.5% queue=19r/75w tput_in_srv=87,088/s tput_out_srv=826/s (records_manager.py:1345)
15:45:50.930 INFO     [realtime 15:20 profiling] (records_manager.py:1345)
15:45:50.930 INFO       rps=0.5 (avg 0.5)  tput_in=41,109/s  tput_out=370/s  done=472 ok=472 err=0 (records_manager.py:1345)
15:45:50.931 INFO       ttft    p50= 7,369ms  p75=153,936ms  p95=203,985ms  p99=209,675ms (records_manager.py:1345)
15:45:50.931 INFO       itl     p50=    43ms  p75=     51ms  p95=     78ms  p99=    143ms (records_manager.py:1345)
15:45:50.931 INFO       e2e     p50=75,856ms  p75=184,899ms  p95=257,556ms  p99=320,770ms (records_manager.py:1345)
15:45:50.931 INFO       intvty  p50=      23  p75=       42  p95=       74  p99=      113  (1/tpot tok/s) (records_manager.py:1345)
15:45:50.931 INFO       isl     p50=  71,314  p75=  110,295  p90=  143,196  p99=  244,044  (tokens) (records_manager.py:1345)
15:45:50.931 INFO       osl     p50=     340  p75=      887  p90=    1,876  p99=    4,228  (tokens) (records_manager.py:1345)
15:45:50.931 INFO       tot     in=37,735,411  out=339,393 (records_manager.py:1345)
15:45:50.931 INFO       trace  theoretical_prefix_cache_hit=95.2% (records_manager.py:1345)
15:45:50.931 INFO       srv    prefix_cache_hit=38.9% unique_in_srv=48,674,540 ext_cache_hit=83.7% kv_usage=99.9% queue=19r/73w tput_in_srv=86,748/s tput_out_srv=822/s (records_manager.py:1345)
15:46:23.221 INFO     [realtime 15:53 profiling] (records_manager.py:1345)
15:46:23.221 INFO       rps=0.5 (avg 0.5)  tput_in=41,512/s  tput_out=372/s  done=487 ok=487 err=0 (records_manager.py:1345)
15:46:23.221 INFO       ttft    p50=19,962ms  p75=156,582ms  p95=203,854ms  p99=209,640ms (records_manager.py:1345)
15:46:23.221 INFO       itl     p50=    44ms  p75=     50ms  p95=     78ms  p99=    142ms (records_manager.py:1345)
15:46:23.221 INFO       e2e     p50=96,107ms  p75=186,001ms  p95=260,704ms  p99=322,273ms (records_manager.py:1345)
15:46:23.221 INFO       intvty  p50=      23  p75=       40  p95=       71  p99=      113  (1/tpot tok/s) (records_manager.py:1345)
15:46:23.221 INFO       isl     p50=  71,438  p75=  111,376  p90=  151,564  p99=  244,009  (tokens) (records_manager.py:1345)
15:46:23.221 INFO       osl     p50=     338  p75=      883  p90=    1,920  p99=    4,356  (tokens) (records_manager.py:1345)
15:46:23.221 INFO       tot     in=39,429,324  out=353,723 (records_manager.py:1345)
15:46:23.221 INFO       trace  theoretical_prefix_cache_hit=95.2% (records_manager.py:1345)
15:46:23.221 INFO       srv    prefix_cache_hit=37.3% unique_in_srv=52,143,530 ext_cache_hit=84.4% kv_usage=96.2% queue=20r/70w tput_in_srv=87,312/s tput_out_srv=820/s (records_manager.py:1345)
15:46:55.819 INFO     [realtime 16:25 profiling] (records_manager.py:1345)
15:46:55.819 INFO       rps=0.6 (avg 0.5)  tput_in=41,789/s  tput_out=382/s  done=505 ok=505 err=0 (records_manager.py:1345)
15:46:55.820 INFO       ttft    p50= 43,264ms  p75=157,529ms  p95=203,844ms  p99=209,572ms (records_manager.py:1345)
15:46:55.821 INFO       itl     p50=     44ms  p75=     50ms  p95=     78ms  p99=    140ms (records_manager.py:1345)
15:46:55.821 INFO       e2e     p50=121,115ms  p75=186,004ms  p95=261,983ms  p99=330,319ms (records_manager.py:1345)
15:46:55.821 INFO       intvty  p50=       23  p75=       38  p95=       70  p99=      112  (1/tpot tok/s) (records_manager.py:1345)
15:46:55.821 INFO       isl     p50=   71,438  p75=  111,723  p90=  154,802  p99=  243,970  (tokens) (records_manager.py:1345)
15:46:55.821 INFO       osl     p50=      338  p75=      883  p90=    1,929  p99=    4,467  (tokens) (records_manager.py:1345)
15:46:55.821 INFO       tot     in=41,007,908  out=375,197 (records_manager.py:1345)
15:46:55.821 INFO       trace  theoretical_prefix_cache_hit=95.2% (records_manager.py:1345)
15:46:55.821 INFO       srv    prefix_cache_hit=36.0% unique_in_srv=55,271,628 ext_cache_hit=85.1% kv_usage=96.4% queue=19r/70w tput_in_srv=87,792/s tput_out_srv=821/s (records_manager.py:1345)
15:47:28.449 INFO     [realtime 16:58 profiling] (records_manager.py:1345)
15:47:28.449 INFO       rps=0.8 (avg 0.5)  tput_in=42,660/s  tput_out=383/s  done=530 ok=530 err=0 (records_manager.py:1345)
15:47:28.449 INFO       ttft    p50= 77,730ms  p75=155,703ms  p95=203,656ms  p99=209,358ms (records_manager.py:1345)
15:47:28.449 INFO       itl     p50=     45ms  p75=     52ms  p95=     78ms  p99=    137ms (records_manager.py:1345)
15:47:28.449 INFO       e2e     p50=146,013ms  p75=186,311ms  p95=261,962ms  p99=327,866ms (records_manager.py:1345)
15:47:28.449 INFO       intvty  p50=       22  p75=       36  p95=       68  p99=      112  (1/tpot tok/s) (records_manager.py:1345)
15:47:28.449 INFO       isl     p50=   71,830  p75=  111,426  p90=  163,456  p99=  243,930  (tokens) (records_manager.py:1345)
15:47:28.449 INFO       osl     p50=      335  p75=      878  p90=    1,908  p99=    4,433  (tokens) (records_manager.py:1345)
15:47:28.449 INFO       tot     in=43,306,303  out=388,946 (records_manager.py:1345)
15:47:28.449 INFO       trace  theoretical_prefix_cache_hit=95.2% (records_manager.py:1345)
15:47:28.449 INFO       srv    prefix_cache_hit=34.6% unique_in_srv=59,375,552 ext_cache_hit=85.7% kv_usage=95.1% queue=27r/58w tput_in_srv=89,452/s tput_out_srv=824/s (records_manager.py:1345)
15:48:01.364 INFO     [realtime 17:31 profiling] (records_manager.py:1345)
15:48:01.364 INFO       rps=0.3 (avg 0.5)  tput_in=42,100/s  tput_out=378/s  done=540 ok=540 err=0 (records_manager.py:1345)
15:48:01.364 INFO       ttft    p50=101,972ms  p75=155,056ms  p95=203,449ms  p99=209,273ms (records_manager.py:1345)
15:48:01.364 INFO       itl     p50=     45ms  p75=     53ms  p95=     78ms  p99=    136ms (records_manager.py:1345)
15:48:01.364 INFO       e2e     p50=147,127ms  p75=186,721ms  p95=261,920ms  p99=326,885ms (records_manager.py:1345)
15:48:01.364 INFO       intvty  p50=       22  p75=       35  p95=       67  p99=      111  (1/tpot tok/s) (records_manager.py:1345)
15:48:01.364 INFO       isl     p50=   71,596  p75=  111,538  p90=  163,456  p99=  244,120  (tokens) (records_manager.py:1345)
15:48:01.365 INFO       osl     p50=      338  p75=      874  p90=    1,895  p99=    4,419  (tokens) (records_manager.py:1345)
15:48:01.365 INFO       tot     in=44,071,001  out=395,807 (records_manager.py:1345)
15:48:01.365 INFO       trace  theoretical_prefix_cache_hit=95.2% (records_manager.py:1345)
15:48:01.365 INFO       srv    prefix_cache_hit=34.0% unique_in_srv=61,027,890 ext_cache_hit=85.4% kv_usage=97.3% queue=24r/65w tput_in_srv=88,265/s tput_out_srv=821/s (records_manager.py:1345)
15:48:34.042 INFO     [realtime 18:03 profiling] (records_manager.py:1345)
15:48:34.042 INFO       rps=0.5 (avg 0.5)  tput_in=42,412/s  tput_out=374/s  done=557 ok=557 err=0 (records_manager.py:1345)
15:48:34.042 INFO       ttft    p50=119,618ms  p75=154,499ms  p95=203,192ms  p99=209,128ms (records_manager.py:1345)
15:48:34.042 INFO       itl     p50=     45ms  p75=     53ms  p95=     78ms  p99=    134ms (records_manager.py:1345)
15:48:34.042 INFO       e2e     p50=147,113ms  p75=186,359ms  p95=261,865ms  p99=325,217ms (records_manager.py:1345)
15:48:34.042 INFO       intvty  p50=       22  p75=       33  p95=       67  p99=      111  (1/tpot tok/s) (records_manager.py:1345)
15:48:34.042 INFO       isl     p50=   71,893  p75=  112,009  p90=  166,500  p99=  244,611  (tokens) (records_manager.py:1345)
15:48:34.042 INFO       osl     p50=      338  p75=      873  p90=    1,869  p99=    4,396  (tokens) (records_manager.py:1345)
15:48:34.042 INFO       tot     in=45,826,221  out=404,634 (records_manager.py:1345)
15:48:34.042 INFO       trace  theoretical_prefix_cache_hit=95.2% (records_manager.py:1345)
15:48:34.042 INFO       srv    prefix_cache_hit=32.9% unique_in_srv=64,377,158 ext_cache_hit=86.1% kv_usage=94.0% queue=23r/64w tput_in_srv=88,741/s tput_out_srv=827/s (records_manager.py:1345)
15:49:06.940 INFO     [realtime 18:36 profiling] (records_manager.py:1345)
15:49:06.940 INFO       rps=0.5 (avg 0.5)  tput_in=42,317/s  tput_out=381/s  done=574 ok=574 err=0 (records_manager.py:1345)
15:49:06.940 INFO       ttft    p50=122,003ms  p75=154,104ms  p95=203,070ms  p99=208,982ms (records_manager.py:1345)
15:49:06.940 INFO       itl     p50=     45ms  p75=     52ms  p95=     78ms  p99=    131ms (records_manager.py:1345)
15:49:06.940 INFO       e2e     p50=147,127ms  p75=186,869ms  p95=261,874ms  p99=337,792ms (records_manager.py:1345)
15:49:06.940 INFO       intvty  p50=       22  p75=       33  p95=       66  p99=      110  (1/tpot tok/s) (records_manager.py:1345)
15:49:06.940 INFO       isl     p50=   71,761  p75=  111,980  p90=  162,092  p99=  244,457  (tokens) (records_manager.py:1345)
15:49:06.940 INFO       osl     p50=      339  p75=      882  p90=    1,901  p99=    4,559  (tokens) (records_manager.py:1345)
15:49:06.940 INFO       tot     in=47,130,178  out=424,200 (records_manager.py:1345)
15:49:06.940 INFO       trace  theoretical_prefix_cache_hit=95.2% (records_manager.py:1345)
15:49:06.940 INFO       srv    prefix_cache_hit=32.2% unique_in_srv=66,805,416 ext_cache_hit=86.5% kv_usage=97.1% queue=20r/68w tput_in_srv=88,454/s tput_out_srv=830/s (records_manager.py:1345)
15:49:39.780 INFO     [realtime 19:09 profiling] (records_manager.py:1345)
15:49:39.780 INFO       rps=0.5 (avg 0.5)  tput_in=42,524/s  tput_out=382/s  done=589 ok=589 err=0 (records_manager.py:1345)
15:49:39.780 INFO       ttft    p50=124,216ms  p75=153,735ms  p95=203,015ms  p99=208,854ms (records_manager.py:1345)
15:49:39.780 INFO       itl     p50=     45ms  p75=     52ms  p95=     77ms  p99=    129ms (records_manager.py:1345)
15:49:39.780 INFO       e2e     p50=146,355ms  p75=186,359ms  p95=261,890ms  p99=358,226ms (records_manager.py:1345)
15:49:39.780 INFO       intvty  p50=       22  p75=       32  p95=       65  p99=      110  (1/tpot tok/s) (records_manager.py:1345)
15:49:39.780 INFO       isl     p50=   71,893  p75=  112,009  p90=  172,667  p99=  245,174  (tokens) (records_manager.py:1345)
15:49:39.780 INFO       osl     p50=      338  p75=      880  p90=    1,911  p99=    4,898  (tokens) (records_manager.py:1345)
15:49:39.780 INFO       tot     in=48,586,916  out=436,663 (records_manager.py:1345)
15:49:39.781 INFO       trace  theoretical_prefix_cache_hit=95.3% (records_manager.py:1345)
15:49:39.781 INFO       srv    prefix_cache_hit=31.4% unique_in_srv=69,542,758 ext_cache_hit=86.9% kv_usage=93.0% queue=19r/68w tput_in_srv=88,458/s tput_out_srv=832/s (records_manager.py:1345)
15:50:13.018 INFO     [realtime 19:42 profiling] (records_manager.py:1345)
15:50:13.018 INFO       rps=0.4 (avg 0.5)  tput_in=42,739/s  tput_out=381/s  done=602 ok=602 err=0 (records_manager.py:1345)
15:50:13.018 INFO       ttft    p50=125,642ms  p75=153,708ms  p95=202,950ms  p99=208,751ms (records_manager.py:1345)
15:50:13.018 INFO       itl     p50=     45ms  p75=     52ms  p95=     77ms  p99=    128ms (records_manager.py:1345)
15:50:13.019 INFO       e2e     p50=147,235ms  p75=186,125ms  p95=261,913ms  p99=356,855ms (records_manager.py:1345)
15:50:13.019 INFO       intvty  p50=       22  p75=       32  p95=       65  p99=      109  (1/tpot tok/s) (records_manager.py:1345)
15:50:13.019 INFO       isl     p50=   72,142  p75=  112,398  p90=  175,513  p99=  245,109  (tokens) (records_manager.py:1345)
15:50:13.019 INFO       osl     p50=      338  p75=      882  p90=    1,903  p99=    4,790  (tokens) (records_manager.py:1345)
15:50:13.019 INFO       tot     in=50,080,723  out=446,980 (records_manager.py:1345)
15:50:13.019 INFO       trace  theoretical_prefix_cache_hit=95.3% (records_manager.py:1345)
15:50:13.019 INFO       srv    prefix_cache_hit=30.7% unique_in_srv=72,649,876 ext_cache_hit=87.2% kv_usage=97.0% queue=29r/58w tput_in_srv=88,884/s tput_out_srv=839/s (records_manager.py:1345)
15:50:46.016 INFO     [realtime 20:15 profiling] (records_manager.py:1345)
15:50:46.017 INFO       rps=0.5 (avg 0.5)  tput_in=42,392/s  tput_out=382/s  done=620 ok=620 err=0 (records_manager.py:1345)
15:50:46.017 INFO       ttft    p50=126,119ms  p75=153,043ms  p95=202,339ms  p99=208,737ms (records_manager.py:1345)
15:50:46.017 INFO       itl     p50=     46ms  p75=     52ms  p95=     76ms  p99=    126ms (records_manager.py:1345)
15:50:46.017 INFO       e2e     p50=149,800ms  p75=186,044ms  p95=261,920ms  p99=355,396ms (records_manager.py:1345)
15:50:46.017 INFO       intvty  p50=       22  p75=       31  p95=       65  p99=      109  (1/tpot tok/s) (records_manager.py:1345)
15:50:46.017 INFO       isl     p50=   71,830  p75=  112,510  p90=  173,263  p99=  245,497  (tokens) (records_manager.py:1345)
15:50:46.017 INFO       osl     p50=      345  p75=      887  p90=    1,924  p99=    4,732  (tokens) (records_manager.py:1345)
15:50:46.017 INFO       tot     in=51,414,032  out=463,660 (records_manager.py:1345)
15:50:46.017 INFO       trace  theoretical_prefix_cache_hit=95.3% (records_manager.py:1345)
15:50:46.017 INFO       srv    prefix_cache_hit=30.1% unique_in_srv=74,772,982 ext_cache_hit=87.4% kv_usage=94.3% queue=21r/63w tput_in_srv=88,213/s tput_out_srv=843/s (records_manager.py:1345)
15:51:19.216 INFO     [realtime 20:49 profiling] (records_manager.py:1345)
15:51:19.216 INFO       rps=0.4 (avg 0.5)  tput_in=42,696/s  tput_out=379/s  done=634 ok=634 err=0 (records_manager.py:1345)
15:51:19.216 INFO       ttft    p50=127,726ms  p75=152,672ms  p95=202,199ms  p99=208,726ms (records_manager.py:1345)
15:51:19.216 INFO       itl     p50=     46ms  p75=     52ms  p95=     76ms  p99=    124ms (records_manager.py:1345)
15:51:19.216 INFO       e2e     p50=150,425ms  p75=186,003ms  p95=261,874ms  p99=354,260ms (records_manager.py:1345)
15:51:19.216 INFO       intvty  p50=       22  p75=       31  p95=       65  p99=      109  (1/tpot tok/s) (records_manager.py:1345)
15:51:19.216 INFO       isl     p50=   72,142  p75=  113,664  p90=  175,935  p99=  245,961  (tokens) (records_manager.py:1345)
15:51:19.216 INFO       osl     p50=      342  p75=      883  p90=    1,901  p99=    4,687  (tokens) (records_manager.py:1345)
15:51:19.216 INFO       tot     in=53,067,064  out=471,341 (records_manager.py:1345)
15:51:19.216 INFO       trace  theoretical_prefix_cache_hit=95.3% (records_manager.py:1345)
15:51:19.216 INFO       srv    prefix_cache_hit=29.3% unique_in_srv=78,235,046 ext_cache_hit=87.4% kv_usage=95.5% queue=26r/59w tput_in_srv=88,597/s tput_out_srv=841/s (records_manager.py:1345)
15:51:52.488 INFO     [realtime 21:22 profiling] (records_manager.py:1345)
15:51:52.488 INFO       rps=0.4 (avg 0.5)  tput_in=42,595/s  tput_out=380/s  done=648 ok=648 err=0 (records_manager.py:1345)
15:51:52.488 INFO       ttft    p50=129,311ms  p75=152,106ms  p95=202,028ms  p99=208,715ms (records_manager.py:1345)
15:51:52.488 INFO       itl     p50=     46ms  p75=     52ms  p95=     76ms  p99=    123ms (records_manager.py:1345)
15:51:52.488 INFO       e2e     p50=151,371ms  p75=186,044ms  p95=261,894ms  p99=362,633ms (records_manager.py:1345)
15:51:52.488 INFO       intvty  p50=       22  p75=       31  p95=       64  p99=      109  (1/tpot tok/s) (records_manager.py:1345)
15:51:52.488 INFO       isl     p50=   72,261  p75=  113,762  p90=  173,826  p99=  245,882  (tokens) (records_manager.py:1345)
15:51:52.488 INFO       osl     p50=      342  p75=      883  p90=    1,909  p99=    5,126  (tokens) (records_manager.py:1345)
15:51:52.488 INFO       tot     in=54,290,359  out=483,779 (records_manager.py:1345)
15:51:52.488 INFO       trace  theoretical_prefix_cache_hit=95.3% (records_manager.py:1345)
15:51:52.488 INFO       srv    prefix_cache_hit=28.7% unique_in_srv=80,527,188 ext_cache_hit=87.7% kv_usage=95.1% queue=25r/58w tput_in_srv=88,334/s tput_out_srv=842/s (records_manager.py:1345)
15:52:11.404 WARNING  Event loop for worker_4bd4b6d1 is taking too long to run. Overhead: 88.88ms (event_loop_monitor.py:89)
15:52:25.965 INFO     [realtime 21:55 profiling] (records_manager.py:1345)
15:52:25.965 INFO       rps=0.7 (avg 0.5)  tput_in=42,625/s  tput_out=388/s  done=671 ok=671 err=0 (records_manager.py:1345)
15:52:25.965 INFO       ttft    p50=130,991ms  p75=151,422ms  p95=201,753ms  p99=208,697ms (records_manager.py:1345)
15:52:25.965 INFO       itl     p50=     46ms  p75=     53ms  p95=     76ms  p99=    120ms (records_manager.py:1345)
15:52:25.965 INFO       e2e     p50=151,392ms  p75=186,262ms  p95=261,958ms  p99=385,430ms (records_manager.py:1345)
15:52:25.965 INFO       intvty  p50=       22  p75=       30  p95=       64  p99=      108  (1/tpot tok/s) (records_manager.py:1345)
15:52:25.965 INFO       isl     p50=   72,125  p75=  113,438  p90=  172,588  p99=  245,754  (tokens) (records_manager.py:1345)
15:52:25.965 INFO       osl     p50=      341  p75=      883  p90=    1,904  p99=    5,496  (tokens) (records_manager.py:1345)
15:52:25.965 INFO       tot     in=55,903,286  out=509,186 (records_manager.py:1345)
15:52:25.965 INFO       trace  theoretical_prefix_cache_hit=95.3% (records_manager.py:1345)
15:52:25.965 INFO       srv    prefix_cache_hit=28.0% unique_in_srv=83,702,962 ext_cache_hit=88.0% kv_usage=99.5% queue=21r/61w tput_in_srv=88,601/s tput_out_srv=843/s (records_manager.py:1345)
15:52:59.617 INFO     [realtime 22:29 profiling] (records_manager.py:1345)
15:52:59.618 INFO       rps=0.7 (avg 0.5)  tput_in=43,206/s  tput_out=388/s  done=693 ok=693 err=0 (records_manager.py:1345)
15:52:59.618 INFO       ttft    p50=130,491ms  p75=151,023ms  p95=201,652ms  p99=208,680ms (records_manager.py:1345)
15:52:59.618 INFO       itl     p50=     46ms  p75=     53ms  p95=     76ms  p99=    128ms (records_manager.py:1345)
15:52:59.618 INFO       e2e     p50=150,571ms  p75=185,998ms  p95=261,950ms  p99=372,417ms (records_manager.py:1345)
15:52:59.618 INFO       intvty  p50=       22  p75=       30  p95=       63  p99=      108  (1/tpot tok/s) (records_manager.py:1345)
15:52:59.618 INFO       isl     p50=   72,160  p75=  113,863  p90=  172,903  p99=  246,206  (tokens) (records_manager.py:1345)
15:52:59.618 INFO       osl     p50=      338  p75=      879  p90=    1,891  p99=    5,442  (tokens) (records_manager.py:1345)
15:52:59.618 INFO       tot     in=58,123,461  out=521,786 (records_manager.py:1345)
15:52:59.618 INFO       trace  theoretical_prefix_cache_hit=95.3% (records_manager.py:1345)
15:52:59.618 INFO       srv    prefix_cache_hit=27.1% unique_in_srv=88,015,454 ext_cache_hit=88.4% kv_usage=96.8% queue=21r/61w tput_in_srv=89,550/s tput_out_srv=842/s (records_manager.py:1345)
15:53:33.203 INFO     [realtime 23:03 profiling] (records_manager.py:1345)
15:53:33.203 INFO       rps=0.5 (avg 0.5)  tput_in=43,419/s  tput_out=384/s  done=711 ok=711 err=0 (records_manager.py:1345)
15:53:33.203 INFO       ttft    p50=129,773ms  p75=150,706ms  p95=201,626ms  p99=208,651ms (records_manager.py:1345)
15:53:33.203 INFO       itl     p50=     46ms  p75=     53ms  p95=     76ms  p99=    127ms (records_manager.py:1345)
15:53:33.203 INFO       e2e     p50=149,850ms  p75=185,048ms  p95=261,884ms  p99=366,711ms (records_manager.py:1345)
15:53:33.204 INFO       intvty  p50=       22  p75=       29  p95=       62  p99=      108  (1/tpot tok/s) (records_manager.py:1345)
15:53:33.204 INFO       isl     p50=   72,160  p75=  114,068  p90=  175,794  p99=  246,830  (tokens) (records_manager.py:1345)
15:53:33.204 INFO       osl     p50=      337  p75=      876  p90=    1,863  p99=    5,359  (tokens) (records_manager.py:1345)
15:53:33.204 INFO       tot     in=59,848,828  out=529,318 (records_manager.py:1345)
15:53:33.204 INFO       trace  theoretical_prefix_cache_hit=95.3% (records_manager.py:1345)
15:53:33.204 INFO       srv    prefix_cache_hit=26.6% unique_in_srv=91,088,354 ext_cache_hit=88.7% kv_usage=95.6% queue=23r/65w tput_in_srv=89,909/s tput_out_srv=844/s (records_manager.py:1345)
15:53:45.686 INFO     Per-trace idle cap advanced replay root d42abdd1-1b58-494c-b872-f62a11f26fd0 by 3181.866s (replay_dependencies.py:324)
15:54:07.049 INFO     [realtime 23:36 profiling] (records_manager.py:1345)
15:54:07.049 INFO       rps=0.5 (avg 0.5)  tput_in=43,444/s  tput_out=386/s  done=728 ok=728 err=0 (records_manager.py:1345)
15:54:07.050 INFO       ttft    p50=127,821ms  p75=150,547ms  p95=201,362ms  p99=208,614ms (records_manager.py:1345)
15:54:07.050 INFO       itl     p50=     47ms  p75=     53ms  p95=     76ms  p99=    125ms (records_manager.py:1345)
15:54:07.050 INFO       e2e     p50=149,442ms  p75=184,774ms  p95=261,971ms  p99=410,864ms (records_manager.py:1345)
15:54:07.050 INFO       intvty  p50=       21  p75=       29  p95=       61  p99=      108  (1/tpot tok/s) (records_manager.py:1345)
15:54:07.050 INFO       isl     p50=   72,743  p75=  114,352  p90=  172,706  p99=  246,701  (tokens) (records_manager.py:1345)
15:54:07.050 INFO       osl     p50=      338  p75=      881  p90=    1,867  p99=    5,602  (tokens) (records_manager.py:1345)
15:54:07.050 INFO       tot     in=61,366,947  out=545,726 (records_manager.py:1345)
15:54:07.050 INFO       trace  theoretical_prefix_cache_hit=95.2% (records_manager.py:1345)
15:54:07.050 INFO       srv    prefix_cache_hit=26.1% unique_in_srv=93,732,034 ext_cache_hit=88.5% kv_usage=95.8% queue=23r/64w tput_in_srv=89,838/s tput_out_srv=839/s (records_manager.py:1345)
15:54:40.841 INFO     [realtime 24:10 profiling] (records_manager.py:1345)
15:54:40.841 INFO       rps=0.5 (avg 0.5)  tput_in=43,827/s  tput_out=384/s  done=746 ok=746 err=0 (records_manager.py:1345)
15:54:40.841 INFO       ttft    p50=126,387ms  p75=150,317ms  p95=200,554ms  p99=208,575ms (records_manager.py:1345)
15:54:40.841 INFO       itl     p50=     47ms  p75=     53ms  p95=     76ms  p99=    123ms (records_manager.py:1345)
15:54:40.841 INFO       e2e     p50=147,217ms  p75=184,429ms  p95=261,900ms  p99=400,217ms (records_manager.py:1345)
15:54:40.841 INFO       intvty  p50=       21  p75=       28  p95=       61  p99=      108  (1/tpot tok/s) (records_manager.py:1345)
15:54:40.841 INFO       isl     p50=   73,008  p75=  114,738  p90=  175,895  p99=  246,564  (tokens) (records_manager.py:1345)
15:54:40.841 INFO       osl     p50=      338  p75=      872  p90=    1,852  p99=    5,558  (tokens) (records_manager.py:1345)
15:54:40.841 INFO       tot     in=63,287,993  out=554,310 (records_manager.py:1345)
15:54:40.841 INFO       trace  theoretical_prefix_cache_hit=95.3% (records_manager.py:1345)
15:54:40.841 INFO       srv    prefix_cache_hit=25.4% unique_in_srv=97,717,570 ext_cache_hit=88.7% kv_usage=98.3% queue=26r/60w tput_in_srv=90,560/s tput_out_srv=841/s (records_manager.py:1345)
15:55:15.529 INFO     [realtime 24:45 profiling] (records_manager.py:1345)
15:55:15.529 INFO       rps=0.4 (avg 0.5)  tput_in=43,468/s  tput_out=382/s  done=761 ok=761 err=0 (records_manager.py:1345)
15:55:15.529 INFO       ttft    p50=124,790ms  p75=150,170ms  p95=199,597ms  p99=208,542ms (records_manager.py:1345)
15:55:15.529 INFO       itl     p50=     47ms  p75=     53ms  p95=     76ms  p99=    121ms (records_manager.py:1345)
15:55:15.529 INFO       e2e     p50=147,107ms  p75=181,702ms  p95=261,852ms  p99=391,345ms (records_manager.py:1345)
15:55:15.529 INFO       intvty  p50=       21  p75=       28  p95=       61  p99=      108  (1/tpot tok/s) (records_manager.py:1345)
15:55:15.529 INFO       isl     p50=   72,125  p75=  114,120  p90=  172,982  p99=  246,449  (tokens) (records_manager.py:1345)
15:55:15.529 INFO       osl     p50=      338  p75=      868  p90=    1,846  p99=    5,521  (tokens) (records_manager.py:1345)
15:55:15.529 INFO       tot     in=64,054,258  out=563,136 (records_manager.py:1345)
15:55:15.529 INFO       trace  theoretical_prefix_cache_hit=95.2% (records_manager.py:1345)
15:55:15.529 INFO       srv    prefix_cache_hit=25.1% unique_in_srv=99,137,318 ext_cache_hit=88.8% kv_usage=97.4% queue=17r/70w tput_in_srv=89,438/s tput_out_srv=843/s (records_manager.py:1345)
15:55:49.704 INFO     [realtime 25:19 profiling] (records_manager.py:1345)
15:55:49.704 INFO       rps=0.3 (avg 0.5)  tput_in=43,298/s  tput_out=379/s  done=772 ok=772 err=0 (records_manager.py:1345)
15:55:49.705 INFO       ttft    p50=124,853ms  p75=149,618ms  p95=195,202ms  p99=208,518ms (records_manager.py:1345)
15:55:49.705 INFO       itl     p50=     47ms  p75=     53ms  p95=     76ms  p99=    120ms (records_manager.py:1345)
15:55:49.705 INFO       e2e     p50=147,148ms  p75=181,492ms  p95=261,881ms  p99=384,838ms (records_manager.py:1345)
15:55:49.705 INFO       intvty  p50=       21  p75=       28  p95=       61  p99=      108  (1/tpot tok/s) (records_manager.py:1345)
15:55:49.705 INFO       isl     p50=   72,528  p75=  114,699  p90=  175,976  p99=  246,366  (tokens) (records_manager.py:1345)
15:55:49.705 INFO       osl     p50=      339  p75=      874  p90=    1,843  p99=    5,494  (tokens) (records_manager.py:1345)
15:55:49.705 INFO       tot     in=65,474,687  out=573,342 (records_manager.py:1345)
15:55:49.705 INFO       trace  theoretical_prefix_cache_hit=95.3% (records_manager.py:1345)
15:55:49.705 INFO       srv    prefix_cache_hit=24.6% unique_in_srv=101,851,648 ext_cache_hit=89.0% kv_usage=94.7% queue=21r/66w tput_in_srv=89,220/s tput_out_srv=842/s (records_manager.py:1345)
15:56:24.304 INFO     [realtime 25:54 profiling] (records_manager.py:1345)
15:56:24.304 INFO       rps=0.5 (avg 0.5)  tput_in=43,104/s  tput_out=376/s  done=789 ok=789 err=0 (records_manager.py:1345)
15:56:24.304 INFO       ttft    p50=126,262ms  p75=148,966ms  p95=191,038ms  p99=208,481ms (records_manager.py:1345)
15:56:24.304 INFO       itl     p50=     47ms  p75=     53ms  p95=     76ms  p99=    119ms (records_manager.py:1345)
15:56:24.304 INFO       e2e     p50=148,228ms  p75=181,197ms  p95=261,214ms  p99=374,783ms (records_manager.py:1345)
15:56:24.304 INFO       intvty  p50=       21  p75=       28  p95=       61  p99=      108  (1/tpot tok/s) (records_manager.py:1345)
15:56:24.304 INFO       isl     p50=   72,362  p75=  114,337  p90=  175,834  p99=  246,956  (tokens) (records_manager.py:1345)
15:56:24.304 INFO       osl     p50=      338  p75=      868  p90=    1,820  p99=    5,452  (tokens) (records_manager.py:1345)
15:56:24.304 INFO       tot     in=66,683,254  out=581,804 (records_manager.py:1345)
15:56:24.304 INFO       trace  theoretical_prefix_cache_hit=95.2% (records_manager.py:1345)
15:56:24.304 INFO       srv    prefix_cache_hit=24.3% unique_in_srv=104,214,906 ext_cache_hit=89.0% kv_usage=97.3% queue=21r/63w tput_in_srv=88,923/s tput_out_srv=841/s (records_manager.py:1345)
15:56:27.144 INFO     Per-trace idle cap advanced replay root 7529e1d9-5ad9-4ba2-b6fc-2c1ce7ce9596 by 61.406s (replay_dependencies.py:324)
15:56:58.589 INFO     [realtime 26:28 profiling] (records_manager.py:1345)
15:56:58.590 INFO       rps=0.3 (avg 0.5)  tput_in=42,771/s  tput_out=373/s  done=800 ok=800 err=0 (records_manager.py:1345)
15:56:58.590 INFO       ttft    p50=127,257ms  p75=149,008ms  p95=190,257ms  p99=208,457ms (records_manager.py:1345)
15:56:58.590 INFO       itl     p50=     47ms  p75=     53ms  p95=     76ms  p99=    117ms (records_manager.py:1345)
15:56:58.590 INFO       e2e     p50=149,234ms  p75=181,335ms  p95=260,337ms  p99=368,277ms (records_manager.py:1345)
15:56:58.590 INFO       intvty  p50=       21  p75=       27  p95=       61  p99=      108  (1/tpot tok/s) (records_manager.py:1345)
15:56:58.590 INFO       isl     p50=   72,528  p75=  114,467  p90=  173,263  p99=  246,910  (tokens) (records_manager.py:1345)
15:56:58.590 INFO       osl     p50=      339  p75=      869  p90=    1,817  p99=    5,424  (tokens) (records_manager.py:1345)
15:56:58.590 INFO       tot     in=67,680,103  out=590,962 (records_manager.py:1345)
15:56:58.590 INFO       trace  theoretical_prefix_cache_hit=95.2% (records_manager.py:1345)
15:56:58.590 INFO       srv    prefix_cache_hit=24.0% unique_in_srv=106,246,858 ext_cache_hit=89.1% kv_usage=99.3% queue=22r/64w tput_in_srv=88,214/s tput_out_srv=842/s (records_manager.py:1345)
15:57:32.783 INFO     [realtime 27:02 profiling] (records_manager.py:1345)
15:57:32.783 INFO       rps=0.2 (avg 0.5)  tput_in=42,293/s  tput_out=368/s  done=808 ok=808 err=0 (records_manager.py:1345)
15:57:32.783 INFO       ttft    p50=127,737ms  p75=149,819ms  p95=188,628ms  p99=208,414ms (records_manager.py:1345)
15:57:32.783 INFO       itl     p50=     47ms  p75=     53ms  p95=     76ms  p99=    116ms (records_manager.py:1345)
15:57:32.783 INFO       e2e     p50=149,442ms  p75=181,492ms  p95=259,545ms  p99=367,003ms (records_manager.py:1345)
15:57:32.783 INFO       intvty  p50=       21  p75=       27  p95=       60  p99=      108  (1/tpot tok/s) (records_manager.py:1345)
15:57:32.783 INFO       isl     p50=   72,743  p75=  114,467  p90=  172,706  p99=  246,853  (tokens) (records_manager.py:1345)
15:57:32.783 INFO       osl     p50=      340  p75=      867  p90=    1,824  p99=    5,378  (tokens) (records_manager.py:1345)
15:57:32.783 INFO       tot     in=68,413,242  out=595,935 (records_manager.py:1345)
15:57:32.783 INFO       trace  theoretical_prefix_cache_hit=95.2% (records_manager.py:1345)
15:57:32.783 INFO       srv    prefix_cache_hit=23.8% unique_in_srv=107,598,552 ext_cache_hit=89.2% kv_usage=98.6% queue=19r/65w tput_in_srv=86,968/s tput_out_srv=845/s (records_manager.py:1345)
15:58:07.620 INFO     [realtime 27:37 profiling] (records_manager.py:1345)
15:58:07.620 INFO       rps=0.5 (avg 0.5)  tput_in=42,470/s  tput_out=379/s  done=827 ok=827 err=0 (records_manager.py:1345)
15:58:07.620 INFO       ttft    p50=129,623ms  p75=150,551ms  p95=185,592ms  p99=208,304ms (records_manager.py:1345)
15:58:07.620 INFO       itl     p50=     47ms  p75=     53ms  p95=     76ms  p99=    125ms (records_manager.py:1345)
15:58:07.620 INFO       e2e     p50=150,513ms  p75=185,309ms  p95=261,897ms  p99=411,455ms (records_manager.py:1345)
15:58:07.620 INFO       intvty  p50=       21  p75=       26  p95=       59  p99=      108  (1/tpot tok/s) (records_manager.py:1345)
15:58:07.620 INFO       isl     p50=   72,693  p75=  114,718  p90=  172,746  p99=  246,708  (tokens) (records_manager.py:1345)
15:58:07.620 INFO       osl     p50=      342  p75=      870  p90=    1,859  p99=    5,605  (tokens) (records_manager.py:1345)
15:58:07.620 INFO       tot     in=70,164,325  out=625,569 (records_manager.py:1345)
15:58:07.621 INFO       trace  theoretical_prefix_cache_hit=95.2% (records_manager.py:1345)
15:58:07.621 INFO       srv    prefix_cache_hit=23.4% unique_in_srv=110,516,642 ext_cache_hit=89.4% kv_usage=91.5% queue=23r/65w tput_in_srv=87,390/s tput_out_srv=846/s (records_manager.py:1345)
15:58:42.543 INFO     [realtime 28:12 profiling] (records_manager.py:1345)
15:58:42.543 INFO       rps=0.4 (avg 0.5)  tput_in=42,497/s  tput_out=378/s  done=842 ok=842 err=0 (records_manager.py:1345)
15:58:42.543 INFO       ttft    p50=130,366ms  p75=151,174ms  p95=185,206ms  p99=208,211ms (records_manager.py:1345)
15:58:42.543 INFO       itl     p50=     47ms  p75=     53ms  p95=     76ms  p99=    123ms (records_manager.py:1345)
15:58:42.543 INFO       e2e     p50=152,451ms  p75=186,286ms  p95=261,910ms  p99=401,991ms (records_manager.py:1345)
15:58:42.543 INFO       intvty  p50=       21  p75=       26  p95=       58  p99=      108  (1/tpot tok/s) (records_manager.py:1345)
15:58:42.543 INFO       isl     p50=   72,793  p75=  114,780  p90=  175,232  p99=  246,586  (tokens) (records_manager.py:1345)
15:58:42.543 INFO       osl     p50=      347  p75=      868  p90=    1,855  p99=    5,565  (tokens) (records_manager.py:1345)
15:58:42.543 INFO       tot     in=71,715,025  out=637,600 (records_manager.py:1345)
15:58:42.543 INFO       trace  theoretical_prefix_cache_hit=95.3% (records_manager.py:1345)
15:58:42.543 INFO       srv    prefix_cache_hit=23.0% unique_in_srv=113,195,978 ext_cache_hit=89.6% kv_usage=98.8% queue=19r/66w tput_in_srv=87,048/s tput_out_srv=846/s (records_manager.py:1345)
15:59:17.693 INFO     [realtime 28:47 profiling] (records_manager.py:1345)
15:59:17.693 INFO       rps=0.5 (avg 0.5)  tput_in=42,551/s  tput_out=380/s  done=859 ok=859 err=0 (records_manager.py:1345)
15:59:17.693 INFO       ttft    p50=131,091ms  p75=152,660ms  p95=185,306ms  p99=208,118ms (records_manager.py:1345)
15:59:17.693 INFO       itl     p50=     47ms  p75=     53ms  p95=     76ms  p99=    122ms (records_manager.py:1345)
15:59:17.693 INFO       e2e     p50=153,705ms  p75=186,551ms  p95=264,301ms  p99=392,528ms (records_manager.py:1345)
15:59:17.693 INFO       intvty  p50=       21  p75=       25  p95=       58  p99=      107  (1/tpot tok/s) (records_manager.py:1345)
15:59:17.693 INFO       isl     p50=   72,160  p75=  114,718  p90=  175,834  p99=  247,082  (tokens) (records_manager.py:1345)
15:59:17.693 INFO       osl     p50=      341  p75=      868  p90=    1,865  p99=    5,526  (tokens) (records_manager.py:1345)
15:59:17.694 INFO       tot     in=72,907,266  out=650,605 (records_manager.py:1345)
15:59:17.694 INFO       trace  theoretical_prefix_cache_hit=95.3% (records_manager.py:1345)
15:59:17.694 INFO       srv    prefix_cache_hit=22.7% unique_in_srv=116,128,160 ext_cache_hit=89.8% kv_usage=97.2% queue=19r/66w tput_in_srv=87,195/s tput_out_srv=846/s (records_manager.py:1345)
15:59:29.190 INFO     Per-trace idle cap advanced replay root 4ba417be-8839-4dda-ad03-add5943c6667 by 1157.164s (replay_dependencies.py:324)
15:59:43.639 WARNING  Event loop for worker_2b76c79e is taking too long to run. Overhead: 152.11ms (event_loop_monitor.py:89)
15:59:53.776 INFO     [realtime 29:23 profiling] (records_manager.py:1345)
15:59:53.776 INFO       rps=0.3 (avg 0.5)  tput_in=42,068/s  tput_out=384/s  done=869 ok=869 err=0 (records_manager.py:1345)
15:59:53.776 INFO       ttft    p50=131,749ms  p75=153,069ms  p95=185,050ms  p99=208,060ms (records_manager.py:1345)
15:59:53.776 INFO       itl     p50=     47ms  p75=     52ms  p95=     74ms  p99=    121ms (records_manager.py:1345)
15:59:53.776 INFO       e2e     p50=154,155ms  p75=186,647ms  p95=265,029ms  p99=427,252ms (records_manager.py:1345)
15:59:53.776 INFO       intvty  p50=       21  p75=       25  p95=       58  p99=      107  (1/tpot tok/s) (records_manager.py:1345)
15:59:53.776 INFO       isl     p50=   72,362  p75=  114,758  p90=  173,544  p99=  247,040  (tokens) (records_manager.py:1345)
15:59:53.776 INFO       osl     p50=      347  p75=      868  p90=    1,875  p99=    5,770  (tokens) (records_manager.py:1345)
15:59:53.777 INFO       tot     in=73,760,685  out=673,505 (records_manager.py:1345)
15:59:53.777 INFO       trace  theoretical_prefix_cache_hit=95.3% (records_manager.py:1345)
15:59:53.777 INFO       srv    prefix_cache_hit=22.4% unique_in_srv=117,756,582 ext_cache_hit=89.9% kv_usage=98.2% queue=19r/67w tput_in_srv=86,416/s tput_out_srv=846/s (records_manager.py:1345)
16:00:28.597 INFO     [realtime 29:58 profiling] (records_manager.py:1345)
16:00:28.597 INFO       rps=0.3 (avg 0.5)  tput_in=41,777/s  tput_out=382/s  done=880 ok=880 err=0 (records_manager.py:1345)
16:00:28.597 INFO       ttft    p50=132,171ms  p75=153,713ms  p95=184,762ms  p99=207,997ms (records_manager.py:1345)
16:00:28.597 INFO       itl     p50=     47ms  p75=     53ms  p95=     76ms  p99=    130ms (records_manager.py:1345)
16:00:28.598 INFO       e2e     p50=154,723ms  p75=186,993ms  p95=265,621ms  p99=427,108ms (records_manager.py:1345)
16:00:28.598 INFO       intvty  p50=       21  p75=       25  p95=       58  p99=      107  (1/tpot tok/s) (records_manager.py:1345)
16:00:28.598 INFO       isl     p50=   72,743  p75=  114,761  p90=  173,263  p99=  247,414  (tokens) (records_manager.py:1345)
16:00:28.598 INFO       osl     p50=      342  p75=      874  p90=    1,875  p99=    5,735  (tokens) (records_manager.py:1345)
16:00:28.598 INFO       tot     in=74,903,174  out=684,000 (records_manager.py:1345)
16:00:28.598 INFO       trace  theoretical_prefix_cache_hit=95.3% (records_manager.py:1345)
16:00:28.598 INFO       srv    prefix_cache_hit=22.1% unique_in_srv=119,974,586 ext_cache_hit=89.6% kv_usage=96.7% queue=26r/59w tput_in_srv=85,915/s tput_out_srv=840/s (records_manager.py:1345)
16:01:03.706 INFO     [realtime 30:33 profiling] (records_manager.py:1345)
16:01:03.706 INFO       rps=0.6 (avg 0.5)  tput_in=41,999/s  tput_out=385/s  done=901 ok=901 err=0 (records_manager.py:1345)
16:01:03.706 INFO       ttft    p50=132,739ms  p75=153,920ms  p95=184,694ms  p99=207,875ms (records_manager.py:1345)
16:01:03.706 INFO       itl     p50=     47ms  p75=     53ms  p95=     76ms  p99=    130ms (records_manager.py:1345)
16:01:03.706 INFO       e2e     p50=155,427ms  p75=187,436ms  p95=272,281ms  p99=428,140ms (records_manager.py:1345)
16:01:03.706 INFO       intvty  p50=       21  p75=       25  p95=       58  p99=      108  (1/tpot tok/s) (records_manager.py:1345)
16:01:03.706 INFO       isl     p50=   72,693  p75=  114,790  p90=  162,441  p99=  247,324  (tokens) (records_manager.py:1345)
16:01:03.706 INFO       osl     p50=      341  p75=      878  p90=    1,875  p99=    5,984  (tokens) (records_manager.py:1345)
16:01:03.706 INFO       tot     in=76,688,343  out=703,864 (records_manager.py:1345)
16:01:03.706 INFO       trace  theoretical_prefix_cache_hit=95.3% (records_manager.py:1345)
16:01:03.706 INFO       srv    prefix_cache_hit=21.7% unique_in_srv=123,445,870 ext_cache_hit=89.8% kv_usage=95.5% queue=26r/60w tput_in_srv=86,225/s tput_out_srv=844/s (records_manager.py:1345)
16:01:39.557 INFO     [realtime 31:09 profiling] (records_manager.py:1345)
16:01:39.557 INFO       rps=0.6 (avg 0.5)  tput_in=41,992/s  tput_out=384/s  done=921 ok=921 err=0 (records_manager.py:1345)
16:01:39.558 INFO       ttft    p50=133,881ms  p75=153,778ms  p95=183,991ms  p99=207,842ms (records_manager.py:1345)
16:01:39.558 INFO       itl     p50=     47ms  p75=     53ms  p95=     76ms  p99=    129ms (records_manager.py:1345)
16:01:39.558 INFO       e2e     p50=155,427ms  p75=187,698ms  p95=265,270ms  p99=427,879ms (records_manager.py:1345)
16:01:39.558 INFO       intvty  p50=       21  p75=       25  p95=       58  p99=      108  (1/tpot tok/s) (records_manager.py:1345)
16:01:39.558 INFO       isl     p50=   72,225  p75=  114,790  p90=  172,588  p99=  247,240  (tokens) (records_manager.py:1345)
16:01:39.558 INFO       osl     p50=      341  p75=      878  p90=    1,857  p99=    5,921  (tokens) (records_manager.py:1345)
16:01:39.558 INFO       tot     in=78,243,817  out=714,973 (records_manager.py:1345)
16:01:39.558 INFO       trace  theoretical_prefix_cache_hit=95.3% (records_manager.py:1345)
16:01:39.558 INFO       srv    prefix_cache_hit=21.3% unique_in_srv=126,507,248 ext_cache_hit=90.0% kv_usage=97.1% queue=25r/62w tput_in_srv=86,282/s tput_out_srv=848/s (records_manager.py:1345)
16:02:16.437 INFO     [realtime 31:46 profiling] (records_manager.py:1345)
16:02:16.437 INFO       rps=0.5 (avg 0.5)  tput_in=42,104/s  tput_out=388/s  done=940 ok=940 err=0 (records_manager.py:1345)
16:02:16.437 INFO       ttft    p50=134,809ms  p75=153,731ms  p95=183,765ms  p99=207,811ms (records_manager.py:1345)
16:02:16.437 INFO       itl     p50=     47ms  p75=     53ms  p95=     76ms  p99=    129ms (records_manager.py:1345)
16:02:16.437 INFO       e2e     p50=156,171ms  p75=188,860ms  p95=267,980ms  p99=427,630ms (records_manager.py:1345)
16:02:16.437 INFO       intvty  p50=       21  p75=       24  p95=       58  p99=      108  (1/tpot tok/s) (records_manager.py:1345)
16:02:16.437 INFO       isl     p50=   72,528  p75=  115,357  p90=  172,627  p99=  247,586  (tokens) (records_manager.py:1345)
16:02:16.437 INFO       osl     p50=      345  p75=      900  p90=    1,875  p99=    5,861  (tokens) (records_manager.py:1345)
16:02:16.437 INFO       tot     in=79,958,317  out=736,630 (records_manager.py:1345)
16:02:16.437 INFO       trace  theoretical_prefix_cache_hit=95.3% (records_manager.py:1345)
16:02:16.437 INFO       srv    prefix_cache_hit=21.0% unique_in_srv=129,676,390 ext_cache_hit=90.1% kv_usage=92.1% queue=19r/64w tput_in_srv=86,403/s tput_out_srv=849/s (records_manager.py:1345)
16:02:51.915 INFO     [realtime 32:21 profiling] (records_manager.py:1345)
16:02:51.915 INFO       rps=0.6 (avg 0.5)  tput_in=42,276/s  tput_out=388/s  done=960 ok=960 err=0 (records_manager.py:1345)
16:02:51.915 INFO       ttft    p50=134,255ms  p75=153,596ms  p95=183,525ms  p99=207,777ms (records_manager.py:1345)
16:02:51.915 INFO       itl     p50=     47ms  p75=     53ms  p95=     76ms  p99=    128ms (records_manager.py:1345)
16:02:51.915 INFO       e2e     p50=156,113ms  p75=188,296ms  p95=267,980ms  p99=431,022ms (records_manager.py:1345)
16:02:51.915 INFO       intvty  p50=       21  p75=       24  p95=       58  p99=      107  (1/tpot tok/s) (records_manager.py:1345)
16:02:51.915 INFO       isl     p50=   72,528  p75=  114,927  p90=  172,627  p99=  247,500  (tokens) (records_manager.py:1345)
16:02:51.915 INFO       osl     p50=      345  p75=      883  p90=    1,864  p99=    5,798  (tokens) (records_manager.py:1345)
16:02:51.915 INFO       tot     in=81,726,761  out=749,285 (records_manager.py:1345)
16:02:51.915 INFO       trace  theoretical_prefix_cache_hit=95.3% (records_manager.py:1345)
16:02:51.915 INFO       srv    prefix_cache_hit=20.5% unique_in_srv=133,302,050 ext_cache_hit=90.3% kv_usage=96.8% queue=20r/67w tput_in_srv=86,622/s tput_out_srv=848/s (records_manager.py:1345)
16:03:26.343 INFO     Per-trace idle cap advanced replay root 42ac970c-b392-49e1-8e5d-2dfc6172ef75 by 2505.751s (replay_dependencies.py:324)
16:03:27.629 INFO     [realtime 32:57 profiling] (records_manager.py:1345)
16:03:27.629 INFO       rps=0.4 (avg 0.5)  tput_in=42,460/s  tput_out=385/s  done=976 ok=976 err=0 (records_manager.py:1345)
16:03:27.630 INFO       ttft    p50=133,716ms  p75=153,379ms  p95=183,342ms  p99=207,751ms (records_manager.py:1345)
16:03:27.630 INFO       itl     p50=     47ms  p75=     53ms  p95=     76ms  p99=    128ms (records_manager.py:1345)
16:03:27.630 INFO       e2e     p50=155,544ms  p75=188,060ms  p95=265,891ms  p99=429,897ms (records_manager.py:1345)
16:03:27.630 INFO       intvty  p50=       21  p75=       24  p95=       58  p99=      107  (1/tpot tok/s) (records_manager.py:1345)
16:03:27.630 INFO       isl     p50=   73,008  p75=  115,796  p90=  174,388  p99=  247,432  (tokens) (records_manager.py:1345)
16:03:27.630 INFO       osl     p50=      347  p75=      879  p90=    1,852  p99=    5,748  (tokens) (records_manager.py:1345)
16:03:27.630 INFO       tot     in=83,544,834  out=757,203 (records_manager.py:1345)
16:03:27.630 INFO       trace  theoretical_prefix_cache_hit=95.3% (records_manager.py:1345)
16:03:27.630 INFO       srv    prefix_cache_hit=20.1% unique_in_srv=136,999,164 ext_cache_hit=90.4% kv_usage=98.4% queue=21r/65w tput_in_srv=86,776/s tput_out_srv=846/s (records_manager.py:1345)
16:04:03.294 INFO     [realtime 33:33 profiling] (records_manager.py:1345)
16:04:03.294 INFO       rps=0.3 (avg 0.5)  tput_in=42,182/s  tput_out=384/s  done=986 ok=986 err=0 (records_manager.py:1345)
16:04:03.294 INFO       ttft    p50=133,248ms  p75=153,060ms  p95=183,222ms  p99=207,734ms (records_manager.py:1345)
16:04:03.294 INFO       itl     p50=     47ms  p75=     53ms  p95=     76ms  p99=    130ms (records_manager.py:1345)
16:04:03.294 INFO       e2e     p50=155,544ms  p75=187,671ms  p95=267,133ms  p99=435,433ms (records_manager.py:1345)
16:04:03.294 INFO       intvty  p50=       21  p75=       24  p95=       57  p99=      107  (1/tpot tok/s) (records_manager.py:1345)
16:04:03.294 INFO       isl     p50=   72,743  p75=  116,054  p90=  175,895  p99=  247,388  (tokens) (records_manager.py:1345)
16:04:03.294 INFO       osl     p50=      347  p75=      880  p90=    1,852  p99=    6,000  (tokens) (records_manager.py:1345)
16:04:03.294 INFO       tot     in=84,428,149  out=768,044 (records_manager.py:1345)
16:04:03.294 INFO       trace  theoretical_prefix_cache_hit=95.4% (records_manager.py:1345)
16:04:03.294 INFO       srv    prefix_cache_hit=20.1% unique_in_srv=138,314,814 ext_cache_hit=90.2% kv_usage=90.2% queue=19r/69w tput_in_srv=85,964/s tput_out_srv=837/s (records_manager.py:1345)
16:04:38.927 INFO     [realtime 34:08 profiling] (records_manager.py:1345)
16:04:38.927 INFO       rps=0.3 (avg 0.5)  tput_in=41,836/s  tput_out=379/s  done=996 ok=996 err=0 (records_manager.py:1345)
16:04:38.927 INFO       ttft    p50=133,170ms  p75=152,864ms  p95=183,096ms  p99=207,718ms (records_manager.py:1345)
16:04:38.927 INFO       itl     p50=     47ms  p75=     53ms  p95=     77ms  p99=    132ms (records_manager.py:1345)
16:04:38.927 INFO       e2e     p50=156,013ms  p75=187,616ms  p95=265,891ms  p99=435,257ms (records_manager.py:1345)
16:04:38.927 INFO       intvty  p50=       21  p75=       24  p95=       57  p99=      107  (1/tpot tok/s) (records_manager.py:1345)
16:04:38.927 INFO       isl     p50=   73,008  p75=  115,796  p90=  174,388  p99=  247,345  (tokens) (records_manager.py:1345)
16:04:38.927 INFO       osl     p50=      345  p75=      879  p90=    1,830  p99=    5,989  (tokens) (records_manager.py:1345)
16:04:38.927 INFO       tot     in=85,279,087  out=772,774 (records_manager.py:1345)
16:04:38.927 INFO       trace  theoretical_prefix_cache_hit=95.4% (records_manager.py:1345)
16:04:38.927 INFO       srv    prefix_cache_hit=19.9% unique_in_srv=140,113,416 ext_cache_hit=90.2% kv_usage=93.9% queue=18r/68w tput_in_srv=85,673/s tput_out_srv=836/s (records_manager.py:1345)
16:05:15.081 INFO     [realtime 34:44 profiling] (records_manager.py:1345)
16:05:15.081 INFO       rps=0.2 (avg 0.5)  tput_in=41,693/s  tput_out=377/s  done=1,003 ok=1,003 err=0 (records_manager.py:1345)
16:05:15.081 INFO       ttft    p50=133,650ms  p75=152,904ms  p95=182,861ms  p99=207,709ms (records_manager.py:1345)
16:05:15.081 INFO       itl     p50=     47ms  p75=     53ms  p95=     77ms  p99=    131ms (records_manager.py:1345)
16:05:15.081 INFO       e2e     p50=156,227ms  p75=187,512ms  p95=267,506ms  p99=435,029ms (records_manager.py:1345)
16:05:15.081 INFO       intvty  p50=       21  p75=       24  p95=       57  p99=      107  (1/tpot tok/s) (records_manager.py:1345)
16:05:15.081 INFO       isl     p50=   73,551  p75=  116,345  p90=  175,956  p99=  247,316  (tokens) (records_manager.py:1345)
16:05:15.081 INFO       osl     p50=      347  p75=      878  p90=    1,840  p99=    5,978  (tokens) (records_manager.py:1345)
16:05:15.081 INFO       tot     in=86,218,778  out=778,888 (records_manager.py:1345)
16:05:15.081 INFO       trace  theoretical_prefix_cache_hit=95.4% (records_manager.py:1345)
16:05:15.081 INFO       srv    prefix_cache_hit=19.7% unique_in_srv=142,253,336 ext_cache_hit=90.2% kv_usage=95.2% queue=20r/67w tput_in_srv=85,216/s tput_out_srv=834/s (records_manager.py:1345)
16:05:50.982 INFO     [realtime 35:20 profiling] (records_manager.py:1345)
16:05:50.982 INFO       rps=0.4 (avg 0.5)  tput_in=41,322/s  tput_out=374/s  done=1,016 ok=1,016 err=0 (records_manager.py:1345)
16:05:50.982 INFO       ttft    p50=134,022ms  p75=153,700ms  p95=183,573ms  p99=207,703ms (records_manager.py:1345)
16:05:50.982 INFO       itl     p50=     47ms  p75=     53ms  p95=     77ms  p99=    138ms (records_manager.py:1345)
16:05:50.983 INFO       e2e     p50=156,855ms  p75=188,533ms  p95=268,886ms  p99=436,658ms (records_manager.py:1345)
16:05:50.983 INFO       intvty  p50=       21  p75=       24  p95=       57  p99=      107  (1/tpot tok/s) (records_manager.py:1345)
16:05:50.983 INFO       isl     p50=   73,584  p75=  116,453  p90=  175,895  p99=  247,690  (tokens) (records_manager.py:1345)
16:05:50.983 INFO       osl     p50=      343  p75=      874  p90=    1,852  p99=    6,076  (tokens) (records_manager.py:1345)
16:05:50.983 INFO       tot     in=87,387,450  out=790,988 (records_manager.py:1345)
16:05:50.983 INFO       trace  theoretical_prefix_cache_hit=95.4% (records_manager.py:1345)
16:05:50.983 INFO       srv    prefix_cache_hit=19.6% unique_in_srv=144,323,030 ext_cache_hit=90.3% kv_usage=98.3% queue=23r/61w tput_in_srv=84,851/s tput_out_srv=835/s (records_manager.py:1345)
16:06:26.872 INFO     [realtime 35:56 profiling] (records_manager.py:1345)
16:06:26.873 INFO       rps=0.3 (avg 0.5)  tput_in=41,062/s  tput_out=374/s  done=1,026 ok=1,026 err=0 (records_manager.py:1345)
16:06:26.873 INFO       ttft    p50=134,610ms  p75=153,767ms  p95=183,988ms  p99=207,699ms (records_manager.py:1345)
16:06:26.873 INFO       itl     p50=     47ms  p75=     53ms  p95=     77ms  p99=    137ms (records_manager.py:1345)
16:06:26.873 INFO       e2e     p50=157,246ms  p75=189,388ms  p95=271,149ms  p99=436,483ms (records_manager.py:1345)
16:06:26.873 INFO       intvty  p50=       21  p75=       24  p95=       57  p99=      106  (1/tpot tok/s) (records_manager.py:1345)
16:06:26.873 INFO       isl     p50=   73,733  p75=  116,388  p90=  175,490  p99=  247,646  (tokens) (records_manager.py:1345)
16:06:26.873 INFO       osl     p50=      348  p75=      880  p90=    1,860  p99=    6,065  (tokens) (records_manager.py:1345)
16:06:26.873 INFO       tot     in=88,299,490  out=803,681 (records_manager.py:1345)
16:06:26.873 INFO       trace  theoretical_prefix_cache_hit=95.4% (records_manager.py:1345)
16:06:26.873 INFO       srv    prefix_cache_hit=19.4% unique_in_srv=146,162,692 ext_cache_hit=90.4% kv_usage=99.8% queue=21r/63w tput_in_srv=84,151/s tput_out_srv=837/s (records_manager.py:1345)
16:07:02.973 INFO     [realtime 36:32 profiling] (records_manager.py:1345)
16:07:02.973 INFO       rps=0.3 (avg 0.5)  tput_in=40,999/s  tput_out=372/s  done=1,038 ok=1,038 err=0 (records_manager.py:1345)
16:07:02.973 INFO       ttft    p50=135,638ms  p75=154,472ms  p95=187,545ms  p99=209,756ms (records_manager.py:1345)
16:07:02.973 INFO       itl     p50=     47ms  p75=     53ms  p95=     76ms  p99=    136ms (records_manager.py:1345)
16:07:02.973 INFO       e2e     p50=157,823ms  p75=191,558ms  p95=273,576ms  p99=436,273ms (records_manager.py:1345)
16:07:02.973 INFO       intvty  p50=       21  p75=       24  p95=       57  p99=      106  (1/tpot tok/s) (records_manager.py:1345)
16:07:02.973 INFO       isl     p50=   73,733  p75=  116,388  p90=  175,855  p99=  247,595  (tokens) (records_manager.py:1345)
16:07:02.974 INFO       osl     p50=      348  p75=      880  p90=    1,867  p99=    6,052  (tokens) (records_manager.py:1345)
16:07:02.974 INFO       tot     in=89,499,591  out=812,906 (records_manager.py:1345)
16:07:02.974 INFO       trace  theoretical_prefix_cache_hit=95.4% (records_manager.py:1345)
16:07:02.974 INFO       srv    prefix_cache_hit=19.1% unique_in_srv=148,461,740 ext_cache_hit=90.5% kv_usage=97.9% queue=20r/65w tput_in_srv=83,947/s tput_out_srv=837/s (records_manager.py:1345)
16:07:39.490 INFO     [realtime 37:09 profiling] (records_manager.py:1345)
16:07:39.490 INFO       rps=0.3 (avg 0.5)  tput_in=40,735/s  tput_out=371/s  done=1,048 ok=1,048 err=0 (records_manager.py:1345)
16:07:39.490 INFO       ttft    p50=136,221ms  p75=154,816ms  p95=201,362ms  p99=213,070ms (records_manager.py:1345)
16:07:39.490 INFO       itl     p50=     47ms  p75=     53ms  p95=     76ms  p99=    135ms (records_manager.py:1345)
16:07:39.490 INFO       e2e     p50=158,587ms  p75=192,626ms  p95=276,220ms  p99=436,098ms (records_manager.py:1345)
16:07:39.490 INFO       intvty  p50=       21  p75=       24  p95=       57  p99=      106  (1/tpot tok/s) (records_manager.py:1345)
16:07:39.490 INFO       isl     p50=   73,584  p75=  116,453  p90=  175,855  p99=  247,552  (tokens) (records_manager.py:1345)
16:07:39.490 INFO       osl     p50=      348  p75=      881  p90=    1,876  p99=    6,041  (tokens) (records_manager.py:1345)
16:07:39.490 INFO       tot     in=90,347,755  out=822,650 (records_manager.py:1345)
16:07:39.490 INFO       trace  theoretical_prefix_cache_hit=95.4% (records_manager.py:1345)
16:07:39.490 INFO       srv    prefix_cache_hit=19.0% unique_in_srv=150,245,204 ext_cache_hit=90.4% kv_usage=99.7% queue=19r/69w tput_in_srv=83,208/s tput_out_srv=834/s (records_manager.py:1345)
16:08:15.944 INFO     [realtime 37:45 profiling] (records_manager.py:1345)
16:08:15.944 INFO       rps=0.2 (avg 0.5)  tput_in=40,275/s  tput_out=368/s  done=1,056 ok=1,056 err=0 (records_manager.py:1345)
16:08:15.944 INFO       ttft    p50=136,380ms  p75=155,473ms  p95=202,475ms  p99=226,083ms (records_manager.py:1345)
16:08:15.944 INFO       itl     p50=     47ms  p75=     53ms  p95=     76ms  p99=    135ms (records_manager.py:1345)
16:08:15.944 INFO       e2e     p50=158,895ms  p75=193,882ms  p95=279,676ms  p99=435,958ms (records_manager.py:1345)
16:08:15.944 INFO       intvty  p50=       21  p75=       24  p95=       57  p99=      105  (1/tpot tok/s) (records_manager.py:1345)
16:08:15.944 INFO       isl     p50=   73,386  p75=  116,302  p90=  175,490  p99=  247,518  (tokens) (records_manager.py:1345)
16:08:15.945 INFO       osl     p50=      348  p75=      883  p90=    1,886  p99=    6,033  (tokens) (records_manager.py:1345)
16:08:15.945 INFO       tot     in=90,911,326  out=829,915 (records_manager.py:1345)
16:08:15.945 INFO       trace  theoretical_prefix_cache_hit=95.3% (records_manager.py:1345)
16:08:15.945 INFO       srv    prefix_cache_hit=18.9% unique_in_srv=150,907,256 ext_cache_hit=90.3% kv_usage=92.3% queue=16r/75w tput_in_srv=82,401/s tput_out_srv=832/s (records_manager.py:1345)
16:08:52.025 INFO     [realtime 38:21 profiling] (records_manager.py:1345)
16:08:52.025 INFO       rps=0.3 (avg 0.5)  tput_in=40,080/s  tput_out=364/s  done=1,066 ok=1,066 err=0 (records_manager.py:1345)
16:08:52.025 INFO       ttft    p50=136,812ms  p75=156,082ms  p95=204,346ms  p99=238,932ms (records_manager.py:1345)
16:08:52.025 INFO       itl     p50=     47ms  p75=     53ms  p95=     76ms  p99=    134ms (records_manager.py:1345)
16:08:52.025 INFO       e2e     p50=159,149ms  p75=194,575ms  p95=281,615ms  p99=435,783ms (records_manager.py:1345)
16:08:52.025 INFO       intvty  p50=       21  p75=       24  p95=       57  p99=      105  (1/tpot tok/s) (records_manager.py:1345)
16:08:52.025 INFO       isl     p50=   73,008  p75=  116,388  p90=  176,125  p99=  247,474  (tokens) (records_manager.py:1345)
16:08:52.025 INFO       osl     p50=      345  p75=      882  p90=    1,886  p99=    6,022  (tokens) (records_manager.py:1345)
16:08:52.025 INFO       tot     in=91,937,132  out=834,651 (records_manager.py:1345)
16:08:52.025 INFO       trace  theoretical_prefix_cache_hit=95.3% (records_manager.py:1345)
16:08:52.025 INFO       srv    prefix_cache_hit=18.7% unique_in_srv=152,888,978 ext_cache_hit=90.3% kv_usage=92.0% queue=18r/74w tput_in_srv=81,950/s tput_out_srv=831/s (records_manager.py:1345)
16:09:28.377 INFO     [realtime 38:58 profiling] (records_manager.py:1345)
16:09:28.377 INFO       rps=0.2 (avg 0.5)  tput_in=39,864/s  tput_out=363/s  done=1,074 ok=1,074 err=0 (records_manager.py:1345)
16:09:28.377 INFO       ttft    p50=137,146ms  p75=156,870ms  p95=206,745ms  p99=253,163ms (records_manager.py:1345)
16:09:28.377 INFO       itl     p50=     47ms  p75=     53ms  p95=     76ms  p99=    133ms (records_manager.py:1345)
16:09:28.377 INFO       e2e     p50=159,635ms  p75=196,435ms  p95=287,351ms  p99=435,643ms (records_manager.py:1345)
16:09:28.377 INFO       intvty  p50=       21  p75=       24  p95=       57  p99=      105  (1/tpot tok/s) (records_manager.py:1345)
16:09:28.377 INFO       isl     p50=   73,733  p75=  116,618  p90=  175,935  p99=  247,440  (tokens) (records_manager.py:1345)
16:09:28.377 INFO       osl     p50=      348  p75=      900  p90=    1,901  p99=    6,013  (tokens) (records_manager.py:1345)
16:09:28.377 INFO       tot     in=92,807,426  out=844,011 (records_manager.py:1345)
16:09:28.377 INFO       trace  theoretical_prefix_cache_hit=95.3% (records_manager.py:1345)
16:09:28.377 INFO       srv    prefix_cache_hit=18.5% unique_in_srv=154,780,242 ext_cache_hit=90.4% kv_usage=95.6% queue=16r/73w tput_in_srv=81,495/s tput_out_srv=830/s (records_manager.py:1345)
16:10:04.869 INFO     [realtime 39:34 profiling] (records_manager.py:1345)
16:10:04.870 INFO       rps=0.1 (avg 0.5)  tput_in=39,739/s  tput_out=361/s  done=1,079 ok=1,079 err=0 (records_manager.py:1345)
16:10:04.870 INFO       ttft    p50=137,292ms  p75=157,026ms  p95=207,670ms  p99=253,955ms (records_manager.py:1345)
16:10:04.870 INFO       itl     p50=     47ms  p75=     53ms  p95=     76ms  p99=    133ms (records_manager.py:1345)
16:10:04.870 INFO       e2e     p50=159,813ms  p75=196,831ms  p95=291,773ms  p99=435,555ms (records_manager.py:1345)
16:10:04.870 INFO       intvty  p50=       21  p75=       24  p95=       57  p99=      104  (1/tpot tok/s) (records_manager.py:1345)
16:10:04.870 INFO       isl     p50=   73,901  p75=  116,901  p90=  176,482  p99=  247,802  (tokens) (records_manager.py:1345)
16:10:04.870 INFO       osl     p50=      348  p75=      906  p90=    1,922  p99=    6,008  (tokens) (records_manager.py:1345)
16:10:04.870 INFO       tot     in=93,631,610  out=851,037 (records_manager.py:1345)
16:10:04.870 INFO       trace  theoretical_prefix_cache_hit=95.3% (records_manager.py:1345)
16:10:04.870 INFO       srv    prefix_cache_hit=18.4% unique_in_srv=156,600,370 ext_cache_hit=90.3% kv_usage=99.5% queue=19r/70w tput_in_srv=81,023/s tput_out_srv=825/s (records_manager.py:1345)
16:10:41.470 INFO     [realtime 40:11 profiling] (records_manager.py:1345)
16:10:41.470 INFO       rps=0.4 (avg 0.5)  tput_in=39,694/s  tput_out=365/s  done=1,093 ok=1,093 err=0 (records_manager.py:1345)
16:10:41.470 INFO       ttft    p50=137,747ms  p75=157,784ms  p95=210,744ms  p99=258,446ms (records_manager.py:1345)
16:10:41.470 INFO       itl     p50=     47ms  p75=     53ms  p95=     76ms  p99=    132ms (records_manager.py:1345)
16:10:41.470 INFO       e2e     p50=160,693ms  p75=199,907ms  p95=298,076ms  p99=482,853ms (records_manager.py:1345)
16:10:41.470 INFO       intvty  p50=       21  p75=       24  p95=       57  p99=      104  (1/tpot tok/s) (records_manager.py:1345)
16:10:41.471 INFO       isl     p50=   75,707  p75=  117,031  p90=  177,667  p99=  247,772  (tokens) (records_manager.py:1345)
16:10:41.471 INFO       osl     p50=      348  p75=      909  p90=    1,937  p99=    6,512  (tokens) (records_manager.py:1345)
16:10:41.471 INFO       tot     in=95,449,632  out=877,746 (records_manager.py:1345)
16:10:41.471 INFO       trace  theoretical_prefix_cache_hit=95.2% (records_manager.py:1345)
16:10:41.471 INFO       srv    prefix_cache_hit=18.2% unique_in_srv=159,666,892 ext_cache_hit=90.3% kv_usage=97.2% queue=26r/58w tput_in_srv=81,157/s tput_out_srv=825/s (records_manager.py:1345)
16:11:18.393 INFO     [realtime 40:48 profiling] (records_manager.py:1345)
16:11:18.393 INFO       rps=0.9 (avg 0.5)  tput_in=40,359/s  tput_out=369/s  done=1,127 ok=1,127 err=0 (records_manager.py:1345)
16:11:18.393 INFO       ttft    p50=139,322ms  p75=161,189ms  p95=227,164ms  p99=258,936ms (records_manager.py:1345)
16:11:18.393 INFO       itl     p50=     48ms  p75=     54ms  p95=     76ms  p99=    131ms (records_manager.py:1345)
16:11:18.393 INFO       e2e     p50=162,036ms  p75=206,225ms  p95=299,389ms  p99=496,563ms (records_manager.py:1345)
16:11:18.393 INFO       intvty  p50=       21  p75=       24  p95=       57  p99=      104  (1/tpot tok/s) (records_manager.py:1345)
16:11:18.393 INFO       isl     p50=   76,037  p75=  117,063  p90=  177,268  p99=  247,642  (tokens) (records_manager.py:1345)
16:11:18.393 INFO       osl     p50=      343  p75=      883  p90=    1,911  p99=    6,552  (tokens) (records_manager.py:1345)
16:11:18.393 INFO       tot     in=98,525,394  out=900,084 (records_manager.py:1345)
16:11:18.394 INFO       trace  theoretical_prefix_cache_hit=95.2% (records_manager.py:1345)
16:11:18.394 INFO       srv    prefix_cache_hit=17.8% unique_in_srv=165,719,718 ext_cache_hit=90.5% kv_usage=99.1% queue=30r/54w tput_in_srv=82,330/s tput_out_srv=826/s (records_manager.py:1345)
16:11:55.412 INFO     [realtime 41:25 profiling] (records_manager.py:1345)
16:11:55.412 INFO       rps=0.5 (avg 0.5)  tput_in=40,480/s  tput_out=371/s  done=1,147 ok=1,147 err=0 (records_manager.py:1345)
16:11:55.412 INFO       ttft    p50=140,527ms  p75=161,573ms  p95=227,289ms  p99=258,890ms (records_manager.py:1345)
16:11:55.412 INFO       itl     p50=     48ms  p75=     54ms  p95=     75ms  p99=    131ms (records_manager.py:1345)
16:11:55.412 INFO       e2e     p50=162,882ms  p75=206,814ms  p95=302,169ms  p99=503,171ms (records_manager.py:1345)
16:11:55.412 INFO       intvty  p50=       21  p75=       23  p95=       57  p99=      104  (1/tpot tok/s) (records_manager.py:1345)
16:11:55.412 INFO       isl     p50=   73,901  p75=  116,901  p90=  176,785  p99=  247,556  (tokens) (records_manager.py:1345)
16:11:55.413 INFO       osl     p50=      347  p75=      882  p90=    1,898  p99=    6,540  (tokens) (records_manager.py:1345)
16:11:55.413 INFO       tot     in=99,868,421  out=915,497 (records_manager.py:1345)
16:11:55.413 INFO       trace  theoretical_prefix_cache_hit=95.2% (records_manager.py:1345)
16:11:55.413 INFO       srv    prefix_cache_hit=17.6% unique_in_srv=167,966,594 ext_cache_hit=90.6% kv_usage=92.5% queue=18r/69w tput_in_srv=82,222/s tput_out_srv=827/s (records_manager.py:1345)
16:12:32.466 INFO     [realtime 42:02 profiling] (records_manager.py:1345)
16:12:32.466 INFO       rps=0.6 (avg 0.5)  tput_in=40,562/s  tput_out=368/s  done=1,168 ok=1,168 err=0 (records_manager.py:1345)
16:12:32.466 INFO       ttft    p50=139,856ms  p75=161,466ms  p95=227,281ms  p99=258,841ms (records_manager.py:1345)
16:12:32.466 INFO       itl     p50=     48ms  p75=     54ms  p95=     76ms  p99=    130ms (records_manager.py:1345)
16:12:32.466 INFO       e2e     p50=162,141ms  p75=206,685ms  p95=302,069ms  p99=502,702ms (records_manager.py:1345)
16:12:32.466 INFO       intvty  p50=       21  p75=       23  p95=       57  p99=      104  (1/tpot tok/s) (records_manager.py:1345)
16:12:32.466 INFO       isl     p50=   74,781  p75=  117,047  p90=  177,867  p99=  247,466  (tokens) (records_manager.py:1345)
16:12:32.466 INFO       osl     p50=      345  p75=      881  p90=    1,876  p99=    6,527  (tokens) (records_manager.py:1345)
16:12:32.466 INFO       tot     in=101,989,220  out=924,685 (records_manager.py:1345)
16:12:32.466 INFO       trace  theoretical_prefix_cache_hit=95.2% (records_manager.py:1345)
16:12:32.466 INFO       srv    prefix_cache_hit=17.3% unique_in_srv=172,175,512 ext_cache_hit=90.5% kv_usage=97.7% queue=20r/66w tput_in_srv=82,699/s tput_out_srv=824/s (records_manager.py:1345)
16:13:09.795 INFO     [realtime 42:39 profiling] (records_manager.py:1345)
16:13:09.795 INFO       rps=0.4 (avg 0.5)  tput_in=40,571/s  tput_out=365/s  done=1,184 ok=1,184 err=0 (records_manager.py:1345)
16:13:09.796 INFO       ttft    p50=138,968ms  p75=161,267ms  p95=227,173ms  p99=258,804ms (records_manager.py:1345)
16:13:09.796 INFO       itl     p50=     48ms  p75=     54ms  p95=     76ms  p99=    133ms (records_manager.py:1345)
16:13:09.796 INFO       e2e     p50=161,491ms  p75=206,179ms  p95=300,594ms  p99=502,344ms (records_manager.py:1345)
16:13:09.796 INFO       intvty  p50=       21  p75=       23  p95=       56  p99=      103  (1/tpot tok/s) (records_manager.py:1345)
16:13:09.796 INFO       isl     p50=   75,468  p75=  117,436  p90=  177,867  p99=  247,397  (tokens) (records_manager.py:1345)
16:13:09.796 INFO       osl     p50=      342  p75=      878  p90=    1,861  p99=    6,517  (tokens) (records_manager.py:1345)
16:13:09.796 INFO       tot     in=103,544,433  out=930,643 (records_manager.py:1345)
16:13:09.796 INFO       trace  theoretical_prefix_cache_hit=95.2% (records_manager.py:1345)
16:13:09.796 INFO       srv    prefix_cache_hit=17.1% unique_in_srv=175,287,502 ext_cache_hit=90.6% kv_usage=99.2% queue=25r/61w tput_in_srv=82,852/s tput_out_srv=823/s (records_manager.py:1345)
16:13:47.342 INFO     [realtime 43:17 profiling] (records_manager.py:1345)
16:13:47.342 INFO       rps=0.5 (avg 0.5)  tput_in=40,540/s  tput_out=369/s  done=1,204 ok=1,204 err=0 (records_manager.py:1345)
16:13:47.342 INFO       ttft    p50=138,366ms  p75=160,858ms  p95=227,173ms  p99=258,755ms (records_manager.py:1345)
16:13:47.342 INFO       itl     p50=     48ms  p75=     54ms  p95=     76ms  p99=    131ms (records_manager.py:1345)
16:13:47.342 INFO       e2e     p50=160,853ms  p75=205,610ms  p95=302,467ms  p99=504,132ms (records_manager.py:1345)
16:13:47.342 INFO       intvty  p50=       21  p75=       23  p95=       56  p99=      104  (1/tpot tok/s) (records_manager.py:1345)
16:13:47.342 INFO       isl     p50=   73,584  p75=  117,156  p90=  176,827  p99=  247,311  (tokens) (records_manager.py:1345)
16:13:47.342 INFO       osl     p50=      342  p75=      869  p90=    1,861  p99=    6,566  (tokens) (records_manager.py:1345)
16:13:47.342 INFO       tot     in=104,890,679  out=953,887 (records_manager.py:1345)
16:13:47.342 INFO       trace  theoretical_prefix_cache_hit=95.2% (records_manager.py:1345)
16:13:47.343 INFO       srv    prefix_cache_hit=17.0% unique_in_srv=177,559,584 ext_cache_hit=90.5% kv_usage=97.0% queue=23r/62w tput_in_srv=82,660/s tput_out_srv=824/s (records_manager.py:1345)
16:14:10.360 INFO     Per-trace idle cap advanced replay root 0d77d2c1-746d-454a-8a7e-4d43e9d3b15b by 5811.729s (replay_dependencies.py:324)
16:14:25.026 INFO     [realtime 43:54 profiling] (records_manager.py:1345)
16:14:25.027 INFO       rps=0.3 (avg 0.5)  tput_in=40,243/s  tput_out=366/s  done=1,214 ok=1,214 err=0 (records_manager.py:1345)
16:14:25.027 INFO       ttft    p50=137,803ms  p75=160,516ms  p95=227,145ms  p99=258,720ms (records_manager.py:1345)
16:14:25.027 INFO       itl     p50=     48ms  p75=     54ms  p95=     76ms  p99=    131ms (records_manager.py:1345)
16:14:25.027 INFO       e2e     p50=160,786ms  p75=205,168ms  p95=301,472ms  p99=503,909ms (records_manager.py:1345)
16:14:25.027 INFO       intvty  p50=       21  p75=       23  p95=       56  p99=      104  (1/tpot tok/s) (records_manager.py:1345)
16:14:25.027 INFO       isl     p50=   73,584  p75=  117,031  p90=  176,689  p99=  247,270  (tokens) (records_manager.py:1345)
16:14:25.027 INFO       osl     p50=      342  p75=      868  p90=    1,871  p99=    6,560  (tokens) (records_manager.py:1345)
16:14:25.027 INFO       tot     in=105,690,383  out=962,170 (records_manager.py:1345)
16:14:25.027 INFO       trace  theoretical_prefix_cache_hit=95.2% (records_manager.py:1345)
16:14:25.027 INFO       srv    prefix_cache_hit=16.9% unique_in_srv=178,928,122 ext_cache_hit=90.5% kv_usage=92.2% queue=21r/65w tput_in_srv=81,942/s tput_out_srv=826/s (records_manager.py:1345)
16:14:32.769 INFO     Per-trace idle cap advanced replay root cfb9e397-fefb-4485-8755-b43c6cc6dd88 by 50905.367s (replay_dependencies.py:324)
16:15:02.786 INFO     [realtime 44:32 profiling] (records_manager.py:1345)
16:15:02.786 INFO       rps=0.2 (avg 0.5)  tput_in=39,986/s  tput_out=364/s  done=1,222 ok=1,222 err=0 (records_manager.py:1345)
16:15:02.786 INFO       ttft    p50=138,043ms  p75=160,330ms  p95=227,119ms  p99=258,692ms (records_manager.py:1345)
16:15:02.786 INFO       itl     p50=     48ms  p75=     54ms  p95=     76ms  p99=    131ms (records_manager.py:1345)
16:15:02.786 INFO       e2e     p50=160,875ms  p75=204,740ms  p95=300,715ms  p99=503,730ms (records_manager.py:1345)
16:15:02.786 INFO       intvty  p50=       21  p75=       23  p95=       56  p99=      104  (1/tpot tok/s) (records_manager.py:1345)
16:15:02.786 INFO       isl     p50=   73,386  p75=  117,031  p90=  176,716  p99=  247,236  (tokens) (records_manager.py:1345)
16:15:02.786 INFO       osl     p50=      342  p75=      868  p90=    1,862  p99=    6,555  (tokens) (records_manager.py:1345)
16:15:02.787 INFO       tot     in=106,403,968  out=967,898 (records_manager.py:1345)
16:15:02.787 INFO       trace  theoretical_prefix_cache_hit=95.2% (records_manager.py:1345)
16:15:02.787 INFO       srv    prefix_cache_hit=16.8% unique_in_srv=180,553,064 ext_cache_hit=90.6% kv_usage=98.4% queue=19r/66w tput_in_srv=81,454/s tput_out_srv=826/s (records_manager.py:1345)
16:15:40.883 INFO     [realtime 45:10 profiling] (records_manager.py:1345)
16:15:40.884 INFO       rps=0.5 (avg 0.5)  tput_in=39,992/s  tput_out=367/s  done=1,241 ok=1,241 err=0 (records_manager.py:1345)
16:15:40.884 INFO       ttft    p50=138,429ms  p75=161,413ms  p95=226,990ms  p99=258,626ms (records_manager.py:1345)
16:15:40.884 INFO       itl     p50=     48ms  p75=     54ms  p95=     75ms  p99=    131ms (records_manager.py:1345)
16:15:40.884 INFO       e2e     p50=161,756ms  p75=204,861ms  p95=302,766ms  p99=503,305ms (records_manager.py:1345)
16:15:40.884 INFO       intvty  p50=       21  p75=       23  p95=       56  p99=      104  (1/tpot tok/s) (records_manager.py:1345)
16:15:40.884 INFO       isl     p50=   73,551  p75=  117,031  p90=  176,730  p99=  247,157  (tokens) (records_manager.py:1345)
16:15:40.884 INFO       osl     p50=      341  p75=      873  p90=    1,894  p99=    6,544  (tokens) (records_manager.py:1345)
16:15:40.884 INFO       tot     in=108,082,782  out=991,103 (records_manager.py:1345)
16:15:40.884 INFO       trace  theoretical_prefix_cache_hit=95.2% (records_manager.py:1345)
16:15:40.884 INFO       srv    prefix_cache_hit=16.7% unique_in_srv=183,676,536 ext_cache_hit=90.7% kv_usage=99.3% queue=22r/62w tput_in_srv=81,587/s tput_out_srv=827/s (records_manager.py:1345)
16:15:53.251 WARNING  Event loop for worker_4bd4b6d1 is taking too long to run. Overhead: 30.15ms (event_loop_monitor.py:89)
16:15:57.773 INFO     Per-trace idle cap advanced replay root 5d0fe0ac-31d6-481c-8067-4f4d82b73bbb by 71.055s (replay_dependencies.py:324)
16:16:19.337 INFO     [realtime 45:49 profiling] (records_manager.py:1345)
16:16:19.337 INFO       rps=0.5 (avg 0.5)  tput_in=40,178/s  tput_out=369/s  done=1,262 ok=1,262 err=0 (records_manager.py:1345)
16:16:19.337 INFO       ttft    p50=139,184ms  p75=162,244ms  p95=226,908ms  p99=258,553ms (records_manager.py:1345)
16:16:19.338 INFO       itl     p50=     48ms  p75=     54ms  p95=     75ms  p99=    130ms (records_manager.py:1345)
16:16:19.338 INFO       e2e     p50=163,077ms  p75=204,835ms  p95=303,656ms  p99=505,758ms (records_manager.py:1345)
16:16:19.338 INFO       intvty  p50=       21  p75=       23  p95=       56  p99=      104  (1/tpot tok/s) (records_manager.py:1345)
16:16:19.338 INFO       isl     p50=   73,386  p75=  117,079  p90=  176,854  p99=  247,069  (tokens) (records_manager.py:1345)
16:16:19.338 INFO       osl     p50=      340  p75=      868  p90=    1,903  p99=    6,531  (tokens) (records_manager.py:1345)
16:16:19.338 INFO       tot     in=110,094,664  out=1,011,063 (records_manager.py:1345)
16:16:19.338 INFO       trace  theoretical_prefix_cache_hit=95.2% (records_manager.py:1345)
16:16:19.338 INFO       srv    prefix_cache_hit=16.4% unique_in_srv=187,502,608 ext_cache_hit=90.7% kv_usage=98.9% queue=22r/62w tput_in_srv=81,883/s tput_out_srv=826/s (records_manager.py:1345)
16:16:57.699 INFO     [realtime 46:27 profiling] (records_manager.py:1345)
16:16:57.699 INFO       rps=0.5 (avg 0.5)  tput_in=40,227/s  tput_out=369/s  done=1,282 ok=1,282 err=0 (records_manager.py:1345)
16:16:57.699 INFO       ttft    p50=140,244ms  p75=162,435ms  p95=225,300ms  p99=258,484ms (records_manager.py:1345)
16:16:57.699 INFO       itl     p50=     48ms  p75=     54ms  p95=     75ms  p99=    130ms (records_manager.py:1345)
16:16:57.700 INFO       e2e     p50=164,032ms  p75=204,740ms  p95=303,656ms  p99=504,959ms (records_manager.py:1345)
16:16:57.700 INFO       intvty  p50=       21  p75=       23  p95=       55  p99=      103  (1/tpot tok/s) (records_manager.py:1345)
16:16:57.700 INFO       isl     p50=   72,710  p75=  117,031  p90=  176,854  p99=  246,985  (tokens) (records_manager.py:1345)
16:16:57.700 INFO       osl     p50=      338  p75=      848  p90=    1,903  p99=    6,519  (tokens) (records_manager.py:1345)
16:16:57.700 INFO       tot     in=111,780,500  out=1,024,371 (records_manager.py:1345)
16:16:57.700 INFO       trace  theoretical_prefix_cache_hit=95.2% (records_manager.py:1345)
16:16:57.700 INFO       srv    prefix_cache_hit=16.3% unique_in_srv=190,484,954 ext_cache_hit=90.6% kv_usage=91.3% queue=19r/66w tput_in_srv=81,689/s tput_out_srv=825/s (records_manager.py:1345)
16:17:36.263 INFO     [realtime 47:06 profiling] (records_manager.py:1345)
16:17:36.263 INFO       rps=0.3 (avg 0.5)  tput_in=40,084/s  tput_out=367/s  done=1,293 ok=1,293 err=0 (records_manager.py:1345)
16:17:36.263 INFO       ttft    p50=140,471ms  p75=162,475ms  p95=224,859ms  p99=258,446ms (records_manager.py:1345)
16:17:36.263 INFO       itl     p50=     48ms  p75=     54ms  p95=     75ms  p99=    130ms (records_manager.py:1345)
16:17:36.263 INFO       e2e     p50=164,192ms  p75=204,861ms  p95=303,141ms  p99=504,519ms (records_manager.py:1345)
16:17:36.263 INFO       intvty  p50=       21  p75=       23  p95=       55  p99=      103  (1/tpot tok/s) (records_manager.py:1345)
16:17:36.263 INFO       isl     p50=   72,527  p75=  117,031  p90=  177,667  p99=  246,939  (tokens) (records_manager.py:1345)
16:17:36.263 INFO       osl     p50=      338  p75=      867  p90=    1,902  p99=    6,512  (tokens) (records_manager.py:1345)
16:17:36.263 INFO       tot     in=112,783,457  out=1,032,715 (records_manager.py:1345)
16:17:36.263 INFO       trace  theoretical_prefix_cache_hit=95.2% (records_manager.py:1345)
16:17:36.263 INFO       srv    prefix_cache_hit=16.1% unique_in_srv=192,729,528 ext_cache_hit=90.7% kv_usage=99.3% queue=19r/68w tput_in_srv=81,571/s tput_out_srv=824/s (records_manager.py:1345)
16:18:14.921 INFO     [realtime 47:44 profiling] (records_manager.py:1345)
16:18:14.921 INFO       rps=0.3 (avg 0.5)  tput_in=39,920/s  tput_out=364/s  done=1,303 ok=1,303 err=0 (records_manager.py:1345)
16:18:14.921 INFO       ttft    p50=140,340ms  p75=162,219ms  p95=224,529ms  p99=258,417ms (records_manager.py:1345)
16:18:14.921 INFO       itl     p50=     48ms  p75=     54ms  p95=     75ms  p99=    130ms (records_manager.py:1345)
16:18:14.921 INFO       e2e     p50=164,060ms  p75=204,725ms  p95=302,567ms  p99=504,155ms (records_manager.py:1345)
16:18:14.921 INFO       intvty  p50=       21  p75=       23  p95=       55  p99=      103  (1/tpot tok/s) (records_manager.py:1345)
16:18:14.922 INFO       isl     p50=   72,527  p75=  117,063  p90=  177,867  p99=  247,316  (tokens) (records_manager.py:1345)
16:18:14.922 INFO       osl     p50=      338  p75=      868  p90=    1,891  p99=    6,503  (tokens) (records_manager.py:1345)
16:18:14.922 INFO       tot     in=113,778,844  out=1,037,359 (records_manager.py:1345)
16:18:14.922 INFO       trace  theoretical_prefix_cache_hit=95.2% (records_manager.py:1345)
16:18:14.922 INFO       srv    prefix_cache_hit=16.0% unique_in_srv=194,601,556 ext_cache_hit=90.7% kv_usage=98.4% queue=19r/68w tput_in_srv=81,159/s tput_out_srv=825/s (records_manager.py:1345)
16:18:53.592 INFO     [realtime 48:23 profiling] (records_manager.py:1345)
16:18:53.592 INFO       rps=0.2 (avg 0.5)  tput_in=39,674/s  tput_out=362/s  done=1,311 ok=1,311 err=0 (records_manager.py:1345)
16:18:53.592 INFO       ttft    p50=140,471ms  p75=162,395ms  p95=224,494ms  p99=258,416ms (records_manager.py:1345)
16:18:53.592 INFO       itl     p50=     48ms  p75=     54ms  p95=     74ms  p99=    130ms (records_manager.py:1345)
16:18:53.592 INFO       e2e     p50=164,788ms  p75=204,809ms  p95=301,770ms  p99=503,976ms (records_manager.py:1345)
16:18:53.592 INFO       intvty  p50=       21  p75=       23  p95=       55  p99=      103  (1/tpot tok/s) (records_manager.py:1345)
16:18:53.592 INFO       isl     p50=   72,693  p75=  117,370  p90=  177,867  p99=  247,282  (tokens) (records_manager.py:1345)
16:18:53.592 INFO       osl     p50=      338  p75=      876  p90=    1,922  p99=    6,487  (tokens) (records_manager.py:1345)
16:18:53.592 INFO       tot     in=114,612,862  out=1,045,716 (records_manager.py:1345)
16:18:53.592 INFO       trace  theoretical_prefix_cache_hit=95.2% (records_manager.py:1345)
16:18:53.592 INFO       srv    prefix_cache_hit=15.9% unique_in_srv=196,271,876 ext_cache_hit=90.8% kv_usage=95.2% queue=22r/64w tput_in_srv=80,678/s tput_out_srv=825/s (records_manager.py:1345)
16:19:32.432 INFO     [realtime 49:02 profiling] (records_manager.py:1345)
16:19:32.432 INFO       rps=0.5 (avg 0.5)  tput_in=39,563/s  tput_out=360/s  done=1,329 ok=1,329 err=0 (records_manager.py:1345)
16:19:32.432 INFO       ttft    p50=140,871ms  p75=164,932ms  p95=224,366ms  p99=258,412ms (records_manager.py:1345)
16:19:32.432 INFO       itl     p50=     48ms  p75=     54ms  p95=     74ms  p99=    130ms (records_manager.py:1345)
16:19:32.432 INFO       e2e     p50=165,320ms  p75=204,756ms  p95=301,969ms  p99=503,573ms (records_manager.py:1345)
16:19:32.432 INFO       intvty  p50=       21  p75=       23  p95=       55  p99=      102  (1/tpot tok/s) (records_manager.py:1345)
16:19:32.432 INFO       isl     p50=   72,527  p75=  117,341  p90=  176,758  p99=  247,207  (tokens) (records_manager.py:1345)
16:19:32.432 INFO       osl     p50=      334  p75=      867  p90=    1,908  p99=    6,452  (tokens) (records_manager.py:1345)
16:19:32.432 INFO       tot     in=116,035,141  out=1,056,636 (records_manager.py:1345)
16:19:32.432 INFO       trace  theoretical_prefix_cache_hit=95.2% (records_manager.py:1345)
16:19:32.432 INFO       srv    prefix_cache_hit=15.8% unique_in_srv=198,944,272 ext_cache_hit=90.8% kv_usage=99.7% queue=20r/61w tput_in_srv=80,568/s tput_out_srv=825/s (records_manager.py:1345)
16:20:11.457 INFO     [realtime 49:41 profiling] (records_manager.py:1345)
16:20:11.457 INFO       rps=0.4 (avg 0.5)  tput_in=39,554/s  tput_out=362/s  done=1,346 ok=1,346 err=0 (records_manager.py:1345)
16:20:11.457 INFO       ttft    p50=141,127ms  p75=165,636ms  p95=224,216ms  p99=258,408ms (records_manager.py:1345)
16:20:11.457 INFO       itl     p50=     48ms  p75=     54ms  p95=     73ms  p99=    130ms (records_manager.py:1345)
16:20:11.457 INFO       e2e     p50=165,724ms  p75=205,737ms  p95=303,468ms  p99=503,193ms (records_manager.py:1345)
16:20:11.457 INFO       intvty  p50=       21  p75=       23  p95=       55  p99=      102  (1/tpot tok/s) (records_manager.py:1345)
16:20:11.457 INFO       isl     p50=   72,397  p75=  117,079  p90=  176,661  p99=  247,136  (tokens) (records_manager.py:1345)
16:20:11.458 INFO       osl     p50=      333  p75=      872  p90=    1,932  p99=    6,418  (tokens) (records_manager.py:1345)
16:20:11.458 INFO       tot     in=117,374,667  out=1,073,206 (records_manager.py:1345)
16:20:11.458 INFO       trace  theoretical_prefix_cache_hit=95.2% (records_manager.py:1345)
16:20:11.458 INFO       srv    prefix_cache_hit=15.7% unique_in_srv=201,295,374 ext_cache_hit=90.9% kv_usage=98.9% queue=20r/64w tput_in_srv=80,406/s tput_out_srv=825/s (records_manager.py:1345)
16:20:50.532 INFO     [realtime 50:20 profiling] (records_manager.py:1345)
16:20:50.533 INFO       rps=0.4 (avg 0.5)  tput_in=39,581/s  tput_out=365/s  done=1,363 ok=1,363 err=0 (records_manager.py:1345)
16:20:50.533 INFO       ttft    p50=141,344ms  p75=167,848ms  p95=224,231ms  p99=258,405ms (records_manager.py:1345)
16:20:50.533 INFO       itl     p50=     48ms  p75=     54ms  p95=     75ms  p99=    130ms (records_manager.py:1345)
16:20:50.533 INFO       e2e     p50=166,534ms  p75=207,127ms  p95=303,761ms  p99=505,718ms (records_manager.py:1345)
16:20:50.533 INFO       intvty  p50=       21  p75=       23  p95=       54  p99=      101  (1/tpot tok/s) (records_manager.py:1345)
16:20:50.533 INFO       isl     p50=   72,362  p75=  117,370  p90=  177,667  p99=  247,065  (tokens) (records_manager.py:1345)
16:20:50.533 INFO       osl     p50=      333  p75=      870  p90=    1,937  p99=    6,530  (tokens) (records_manager.py:1345)
16:20:50.533 INFO       tot     in=119,176,777  out=1,097,572 (records_manager.py:1345)
16:20:50.533 INFO       trace  theoretical_prefix_cache_hit=95.2% (records_manager.py:1345)
16:20:50.533 INFO       srv    prefix_cache_hit=15.6% unique_in_srv=204,397,880 ext_cache_hit=91.0% kv_usage=99.4% queue=23r/58w tput_in_srv=80,372/s tput_out_srv=824/s (records_manager.py:1345)
16:21:02.976 INFO     Per-trace idle cap advanced replay root 1b167012-1bbc-43da-8c2f-e882394a11fa by 23092.433s (replay_dependencies.py:324)
16:21:29.795 INFO     [realtime 50:59 profiling] (records_manager.py:1345)
16:21:29.795 INFO       rps=0.4 (avg 0.5)  tput_in=39,479/s  tput_out=363/s  done=1,380 ok=1,380 err=0 (records_manager.py:1345)
16:21:29.795 INFO       ttft    p50=141,791ms  p75=169,195ms  p95=224,146ms  p99=258,401ms (records_manager.py:1345)
16:21:29.795 INFO       itl     p50=     48ms  p75=     54ms  p95=     73ms  p99=    130ms (records_manager.py:1345)
16:21:29.795 INFO       e2e     p50=167,181ms  p75=208,198ms  p95=303,888ms  p99=505,039ms (records_manager.py:1345)
16:21:29.795 INFO       intvty  p50=       21  p75=       23  p95=       54  p99=      101  (1/tpot tok/s) (records_manager.py:1345)
16:21:29.795 INFO       isl     p50=   72,278  p75=  116,948  p90=  176,744  p99=  246,994  (tokens) (records_manager.py:1345)
16:21:29.795 INFO       osl     p50=      333  p75=      854  p90=    1,924  p99=    6,520  (tokens) (records_manager.py:1345)
16:21:29.795 INFO       tot     in=120,316,187  out=1,107,398 (records_manager.py:1345)
16:21:29.795 INFO       trace  theoretical_prefix_cache_hit=95.2% (records_manager.py:1345)
16:21:29.796 INFO       srv    prefix_cache_hit=15.4% unique_in_srv=206,832,100 ext_cache_hit=91.1% kv_usage=94.8% queue=16r/70w tput_in_srv=80,218/s tput_out_srv=824/s (records_manager.py:1345)
16:21:40.154 INFO     Per-trace idle cap advanced replay root 65d3b648-612b-4609-b890-569f4d6e8e4e by 3206.549s (replay_dependencies.py:324)
16:22:09.185 INFO     [realtime 51:39 profiling] (records_manager.py:1345)
16:22:09.185 INFO       rps=0.5 (avg 0.5)  tput_in=39,578/s  tput_out=366/s  done=1,401 ok=1,401 err=0 (records_manager.py:1345)
16:22:09.185 INFO       ttft    p50=142,075ms  p75=168,889ms  p95=224,034ms  p99=258,396ms (records_manager.py:1345)
16:22:09.185 INFO       itl     p50=     48ms  p75=     54ms  p95=     73ms  p99=    130ms (records_manager.py:1345)
16:22:09.185 INFO       e2e     p50=167,272ms  p75=208,202ms  p95=308,268ms  p99=504,199ms (records_manager.py:1345)
16:22:09.185 INFO       intvty  p50=       21  p75=       23  p95=       54  p99=      100  (1/tpot tok/s) (records_manager.py:1345)
16:22:09.185 INFO       isl     p50=   72,225  p75=  117,030  p90=  176,730  p99=  247,324  (tokens) (records_manager.py:1345)
16:22:09.185 INFO       osl     p50=      326  p75=      868  p90=    1,941  p99=    6,568  (tokens) (records_manager.py:1345)
16:22:09.185 INFO       tot     in=122,270,221  out=1,130,812 (records_manager.py:1345)
16:22:09.185 INFO       trace  theoretical_prefix_cache_hit=95.3% (records_manager.py:1345)
16:22:09.185 INFO       srv    prefix_cache_hit=15.3% unique_in_srv=210,642,494 ext_cache_hit=91.2% kv_usage=96.8% queue=20r/66w tput_in_srv=80,351/s tput_out_srv=823/s (records_manager.py:1345)
16:22:43.001 INFO     Per-trace idle cap advanced replay root 4cce1dc2-4fbd-4b3d-b9ca-e45f48c6afae by 521.390s (replay_dependencies.py:324)
16:22:48.504 INFO     [realtime 52:18 profiling] (records_manager.py:1345)
16:22:48.504 INFO       rps=0.4 (avg 0.5)  tput_in=39,636/s  tput_out=364/s  done=1,417 ok=1,417 err=0 (records_manager.py:1345)
16:22:48.504 INFO       ttft    p50=142,120ms  p75=168,432ms  p95=223,343ms  p99=258,137ms (records_manager.py:1345)
16:22:48.504 INFO       itl     p50=     48ms  p75=     54ms  p95=     76ms  p99=    137ms (records_manager.py:1345)
16:22:48.504 INFO       e2e     p50=167,271ms  p75=207,993ms  p95=308,334ms  p99=503,842ms (records_manager.py:1345)
16:22:48.504 INFO       intvty  p50=       21  p75=       23  p95=       54  p99=      100  (1/tpot tok/s) (records_manager.py:1345)
16:22:48.504 INFO       isl     p50=   72,294  p75=  117,030  p90=  176,785  p99=  247,257  (tokens) (records_manager.py:1345)
16:22:48.504 INFO       osl     p50=      321  p75=      850  p90=    1,930  p99=    6,558  (tokens) (records_manager.py:1345)
16:22:48.504 INFO       tot     in=123,809,179  out=1,138,520 (records_manager.py:1345)
16:22:48.504 INFO       trace  theoretical_prefix_cache_hit=95.3% (records_manager.py:1345)
16:22:48.504 INFO       srv    prefix_cache_hit=15.2% unique_in_srv=213,562,714 ext_cache_hit=90.9% kv_usage=96.4% queue=20r/68w tput_in_srv=80,412/s tput_out_srv=816/s (records_manager.py:1345)
16:23:28.195 INFO     [realtime 52:58 profiling] (records_manager.py:1345)
16:23:28.196 INFO       rps=0.4 (avg 0.5)  tput_in=39,558/s  tput_out=363/s  done=1,431 ok=1,431 err=0 (records_manager.py:1345)
16:23:28.196 INFO       ttft    p50=142,138ms  p75=168,161ms  p95=221,869ms  p99=257,911ms (records_manager.py:1345)
16:23:28.196 INFO       itl     p50=     48ms  p75=     54ms  p95=     78ms  p99=    136ms (records_manager.py:1345)
16:23:28.196 INFO       e2e     p50=167,444ms  p75=207,600ms  p95=308,433ms  p99=503,529ms (records_manager.py:1345)
16:23:28.196 INFO       intvty  p50=       21  p75=       23  p95=       54  p99=      102  (1/tpot tok/s) (records_manager.py:1345)
16:23:28.196 INFO       isl     p50=   72,432  p75=  117,030  p90=  176,868  p99=  247,199  (tokens) (records_manager.py:1345)
16:23:28.196 INFO       osl     p50=      323  p75=      847  p90=    1,922  p99=    6,550  (tokens) (records_manager.py:1345)
16:23:28.196 INFO       tot     in=125,243,736  out=1,147,706 (records_manager.py:1345)
16:23:28.196 INFO       trace  theoretical_prefix_cache_hit=95.3% (records_manager.py:1345)
16:23:28.196 INFO       srv    prefix_cache_hit=15.1% unique_in_srv=216,376,558 ext_cache_hit=90.9% kv_usage=99.9% queue=22r/64w tput_in_srv=80,381/s tput_out_srv=815/s (records_manager.py:1345)
16:24:02.428 INFO     Per-trace idle cap advanced replay root 38a25385-0edc-4bfa-8ac5-c7c4716ace38 by 522.602s (replay_dependencies.py:324)
16:24:08.022 INFO     [realtime 53:37 profiling] (records_manager.py:1345)
16:24:08.022 INFO       rps=0.6 (avg 0.5)  tput_in=39,617/s  tput_out=360/s  done=1,454 ok=1,454 err=0 (records_manager.py:1345)
16:24:08.022 INFO       ttft    p50=142,334ms  p75=167,331ms  p95=220,544ms  p99=257,538ms (records_manager.py:1345)
16:24:08.022 INFO       itl     p50=     48ms  p75=     54ms  p95=     78ms  p99=    135ms (records_manager.py:1345)
16:24:08.022 INFO       e2e     p50=166,634ms  p75=206,322ms  p95=306,911ms  p99=503,015ms (records_manager.py:1345)
16:24:08.022 INFO       intvty  p50=       21  p75=       23  p95=       54  p99=      102  (1/tpot tok/s) (records_manager.py:1345)
16:24:08.022 INFO       isl     p50=   72,328  p75=  116,854  p90=  176,827  p99=  247,102  (tokens) (records_manager.py:1345)
16:24:08.022 INFO       osl     p50=      320  p75=      841  p90=    1,901  p99=    6,536  (tokens) (records_manager.py:1345)
16:24:08.022 INFO       tot     in=127,088,405  out=1,155,185 (records_manager.py:1345)
16:24:08.022 INFO       trace  theoretical_prefix_cache_hit=95.2% (records_manager.py:1345)
16:24:08.022 INFO       srv    prefix_cache_hit=15.0% unique_in_srv=219,535,600 ext_cache_hit=90.9% kv_usage=95.0% queue=22r/63w tput_in_srv=80,473/s tput_out_srv=816/s (records_manager.py:1345)
16:24:11.885 WARNING  Event loop for worker_3349f623 is taking too long to run. Overhead: 35.95ms (event_loop_monitor.py:89)
16:24:48.044 INFO     [realtime 54:17 profiling] (records_manager.py:1345)
16:24:48.044 INFO       rps=0.5 (avg 0.5)  tput_in=39,674/s  tput_out=363/s  done=1,473 ok=1,473 err=0 (records_manager.py:1345)
16:24:48.044 INFO       ttft    p50=142,444ms  p75=166,495ms  p95=219,766ms  p99=257,231ms (records_manager.py:1345)
16:24:48.044 INFO       itl     p50=     48ms  p75=     54ms  p95=     78ms  p99=    133ms (records_manager.py:1345)
16:24:48.044 INFO       e2e     p50=166,377ms  p75=206,133ms  p95=308,400ms  p99=505,319ms (records_manager.py:1345)
16:24:48.044 INFO       intvty  p50=       21  p75=       23  p95=       54  p99=      101  (1/tpot tok/s) (records_manager.py:1345)
16:24:48.044 INFO       isl     p50=   72,262  p75=  116,921  p90=  177,867  p99=  247,444  (tokens) (records_manager.py:1345)
16:24:48.044 INFO       osl     p50=      320  p75=      842  p90=    1,902  p99=    6,570  (tokens) (records_manager.py:1345)
16:24:48.044 INFO       tot     in=128,853,921  out=1,178,225 (records_manager.py:1345)
16:24:48.045 INFO       trace  theoretical_prefix_cache_hit=95.3% (records_manager.py:1345)
16:24:48.045 INFO       srv    prefix_cache_hit=14.8% unique_in_srv=223,112,116 ext_cache_hit=91.1% kv_usage=97.9% queue=24r/65w tput_in_srv=80,626/s tput_out_srv=817/s (records_manager.py:1345)
16:25:28.337 INFO     [realtime 54:58 profiling] (records_manager.py:1345)
16:25:28.338 INFO       rps=0.4 (avg 0.5)  tput_in=39,642/s  tput_out=361/s  done=1,489 ok=1,489 err=0 (records_manager.py:1345)
16:25:28.338 INFO       ttft    p50=142,398ms  p75=165,825ms  p95=218,727ms  p99=256,972ms (records_manager.py:1345)
16:25:28.338 INFO       itl     p50=     48ms  p75=     54ms  p95=     78ms  p99=    139ms (records_manager.py:1345)
16:25:28.338 INFO       e2e     p50=166,078ms  p75=205,800ms  p95=307,433ms  p99=504,679ms (records_manager.py:1345)
16:25:28.338 INFO       intvty  p50=       21  p75=       23  p95=       54  p99=      100  (1/tpot tok/s) (records_manager.py:1345)
16:25:28.338 INFO       isl     p50=   72,294  p75=  117,030  p90=  177,867  p99=  247,376  (tokens) (records_manager.py:1345)
16:25:28.338 INFO       osl     p50=      319  p75=      842  p90=    1,880  p99=    6,569  (tokens) (records_manager.py:1345)
16:25:28.338 INFO       tot     in=130,307,096  out=1,185,929 (records_manager.py:1345)
16:25:28.338 INFO       trace  theoretical_prefix_cache_hit=95.2% (records_manager.py:1345)
16:25:28.338 INFO       srv    prefix_cache_hit=14.7% unique_in_srv=225,831,898 ext_cache_hit=90.9% kv_usage=94.1% queue=19r/69w tput_in_srv=80,492/s tput_out_srv=813/s (records_manager.py:1345)
16:25:40.161 INFO     Per-trace idle cap advanced replay root eb2b3af3-8a59-4663-97fa-2d9e14e9fed8 by 3016.268s (replay_dependencies.py:324)
16:25:54.887 INFO     Per-trace idle cap advanced replay root 393f770d-14d3-4258-b3e3-ee6ef9cbaa33 by 229.484s (replay_dependencies.py:324)
16:26:08.647 INFO     [realtime 55:38 profiling] (records_manager.py:1345)
16:26:08.647 INFO       rps=0.2 (avg 0.5)  tput_in=39,529/s  tput_out=359/s  done=1,499 ok=1,499 err=0 (records_manager.py:1345)
16:26:08.647 INFO       ttft    p50=142,412ms  p75=165,627ms  p95=218,064ms  p99=256,810ms (records_manager.py:1345)
16:26:08.647 INFO       itl     p50=     48ms  p75=     54ms  p95=     78ms  p99=    139ms (records_manager.py:1345)
16:26:08.647 INFO       e2e     p50=166,534ms  p75=205,408ms  p95=308,301ms  p99=504,279ms (records_manager.py:1345)
16:26:08.647 INFO       intvty  p50=       21  p75=       23  p95=       54  p99=      100  (1/tpot tok/s) (records_manager.py:1345)
16:26:08.647 INFO       isl     p50=   72,432  p75=  117,218  p90=  177,867  p99=  247,333  (tokens) (records_manager.py:1345)
16:26:08.647 INFO       osl     p50=      319  p75=      842  p90=    1,880  p99=    6,568  (tokens) (records_manager.py:1345)
16:26:08.647 INFO       tot     in=131,377,341  out=1,193,416 (records_manager.py:1345)
16:26:08.647 INFO       trace  theoretical_prefix_cache_hit=95.2% (records_manager.py:1345)
16:26:08.647 INFO       srv    prefix_cache_hit=14.6% unique_in_srv=228,061,586 ext_cache_hit=91.0% kv_usage=99.3% queue=19r/71w tput_in_srv=80,232/s tput_out_srv=814/s (records_manager.py:1345)
16:26:49.002 INFO     [realtime 56:18 profiling] (records_manager.py:1345)
16:26:49.002 INFO       rps=0.4 (avg 0.5)  tput_in=39,504/s  tput_out=359/s  done=1,516 ok=1,516 err=0 (records_manager.py:1345)
16:26:49.002 INFO       ttft    p50=142,557ms  p75=165,618ms  p95=217,804ms  p99=256,745ms (records_manager.py:1345)
16:26:49.002 INFO       itl     p50=     48ms  p75=     54ms  p95=     78ms  p99=    138ms (records_manager.py:1345)
16:26:49.002 INFO       e2e     p50=166,948ms  p75=205,065ms  p95=308,853ms  p99=503,864ms (records_manager.py:1345)
16:26:49.002 INFO       intvty  p50=       21  p75=       23  p95=       54  p99=      100  (1/tpot tok/s) (records_manager.py:1345)
16:26:49.002 INFO       isl     p50=   72,610  p75=  117,356  p90=  177,867  p99=  247,261  (tokens) (records_manager.py:1345)
16:26:49.002 INFO       osl     p50=      320  p75=      840  p90=    1,899  p99=    6,559  (tokens) (records_manager.py:1345)
16:26:49.002 INFO       tot     in=133,031,397  out=1,208,946 (records_manager.py:1345)
16:26:49.002 INFO       trace  theoretical_prefix_cache_hit=95.2% (records_manager.py:1345)
16:26:49.002 INFO       srv    prefix_cache_hit=14.5% unique_in_srv=231,061,546 ext_cache_hit=91.1% kv_usage=94.7% queue=19r/69w tput_in_srv=80,142/s tput_out_srv=814/s (records_manager.py:1345)
16:27:26.373 INFO     Per-trace idle cap advanced replay root 42ac970c-b392-49e1-8e5d-2dfc6172ef75 by 1472.917s (replay_dependencies.py:324)
16:27:29.587 INFO     [realtime 56:59 profiling] (records_manager.py:1345)
16:27:29.587 INFO       rps=0.3 (avg 0.4)  tput_in=39,431/s  tput_out=356/s  done=1,529 ok=1,529 err=0 (records_manager.py:1345)
16:27:29.587 INFO       ttft    p50=142,800ms  p75=165,755ms  p95=217,573ms  p99=256,716ms (records_manager.py:1345)
16:27:29.587 INFO       itl     p50=     48ms  p75=     54ms  p95=     78ms  p99=    137ms (records_manager.py:1345)
16:27:29.587 INFO       e2e     p50=167,271ms  p75=204,831ms  p95=308,466ms  p99=503,573ms (records_manager.py:1345)
16:27:29.587 INFO       intvty  p50=       21  p75=       23  p95=       53  p99=      100  (1/tpot tok/s) (records_manager.py:1345)
16:27:29.587 INFO       isl     p50=   72,443  p75=  117,400  p90=  179,327  p99=  247,634  (tokens) (records_manager.py:1345)
16:27:29.587 INFO       osl     p50=      319  p75=      832  p90=    1,880  p99=    6,551  (tokens) (records_manager.py:1345)
16:27:29.587 INFO       tot     in=134,369,261  out=1,212,773 (records_manager.py:1345)
16:27:29.587 INFO       trace  theoretical_prefix_cache_hit=95.3% (records_manager.py:1345)
16:27:29.587 INFO       srv    prefix_cache_hit=14.3% unique_in_srv=233,818,660 ext_cache_hit=91.2% kv_usage=99.8% queue=17r/71w tput_in_srv=79,937/s tput_out_srv=814/s (records_manager.py:1345)
16:28:10.083 INFO     [realtime 57:39 profiling] (records_manager.py:1345)
16:28:10.083 INFO       rps=0.2 (avg 0.4)  tput_in=39,118/s  tput_out=353/s  done=1,537 ok=1,537 err=0 (records_manager.py:1345)
16:28:10.083 INFO       ttft    p50=142,850ms  p75=166,000ms  p95=217,383ms  p99=256,699ms (records_manager.py:1345)
16:28:10.083 INFO       itl     p50=     48ms  p75=     54ms  p95=     78ms  p99=    136ms (records_manager.py:1345)
16:28:10.083 INFO       e2e     p50=167,542ms  p75=204,861ms  p95=308,334ms  p99=503,395ms (records_manager.py:1345)
16:28:10.083 INFO       intvty  p50=       21  p75=       23  p95=       53  p99=      100  (1/tpot tok/s) (records_manager.py:1345)
16:28:10.083 INFO       isl     p50=   72,432  p75=  117,341  p90=  178,447  p99=  247,599  (tokens) (records_manager.py:1345)
16:28:10.083 INFO       osl     p50=      319  p75=      832  p90=    1,884  p99=    6,546  (tokens) (records_manager.py:1345)
16:28:10.083 INFO       tot     in=134,884,758  out=1,217,692 (records_manager.py:1345)
16:28:10.083 INFO       trace  theoretical_prefix_cache_hit=95.3% (records_manager.py:1345)
16:28:10.083 INFO       srv    prefix_cache_hit=14.3% unique_in_srv=234,728,872 ext_cache_hit=91.0% kv_usage=98.8% queue=19r/71w tput_in_srv=79,429/s tput_out_srv=811/s (records_manager.py:1345)
16:28:50.656 INFO     [realtime 58:20 profiling] (records_manager.py:1345)
16:28:50.657 INFO       rps=0.3 (avg 0.4)  tput_in=38,905/s  tput_out=353/s  done=1,548 ok=1,548 err=0 (records_manager.py:1345)
16:28:50.657 INFO       ttft    p50=142,999ms  p75=167,299ms  p95=216,984ms  p99=256,674ms (records_manager.py:1345)
16:28:50.657 INFO       itl     p50=     48ms  p75=     54ms  p95=     78ms  p99=    135ms (records_manager.py:1345)
16:28:50.657 INFO       e2e     p50=167,805ms  p75=206,179ms  p95=309,261ms  p99=503,194ms (records_manager.py:1345)
16:28:50.657 INFO       intvty  p50=       21  p75=       23  p95=       53  p99=      100  (1/tpot tok/s) (records_manager.py:1345)
16:28:50.657 INFO       isl     p50=   72,278  p75=  117,156  p90=  177,867  p99=  247,552  (tokens) (records_manager.py:1345)
16:28:50.657 INFO       osl     p50=      319  p75=      832  p90=    1,909  p99=    6,554  (tokens) (records_manager.py:1345)
16:28:50.657 INFO       tot     in=135,683,228  out=1,232,571 (records_manager.py:1345)
16:28:50.657 INFO       trace  theoretical_prefix_cache_hit=95.2% (records_manager.py:1345)
16:28:50.657 INFO       srv    prefix_cache_hit=14.3% unique_in_srv=236,217,150 ext_cache_hit=91.0% kv_usage=99.9% queue=17r/71w tput_in_srv=78,967/s tput_out_srv=811/s (records_manager.py:1345)
16:29:31.537 INFO     [realtime 59:01 profiling] (records_manager.py:1345)
16:29:31.537 INFO       rps=0.4 (avg 0.4)  tput_in=38,936/s  tput_out=356/s  done=1,564 ok=1,564 err=0 (records_manager.py:1345)
16:29:31.537 INFO       ttft    p50=143,277ms  p75=168,234ms  p95=224,418ms  p99=256,639ms (records_manager.py:1345)
16:29:31.537 INFO       itl     p50=     48ms  p75=     54ms  p95=     78ms  p99=    134ms (records_manager.py:1345)
16:29:31.537 INFO       e2e     p50=168,221ms  p75=208,642ms  p95=312,360ms  p99=502,851ms (records_manager.py:1345)
16:29:31.537 INFO       intvty  p50=       21  p75=       23  p95=       53  p99=       99  (1/tpot tok/s) (records_manager.py:1345)
16:29:31.537 INFO       isl     p50=   72,328  p75=  117,530  p90=  177,867  p99=  247,483  (tokens) (records_manager.py:1345)
16:29:31.537 INFO       osl     p50=      320  p75=      832  p90=    1,935  p99=    6,550  (tokens) (records_manager.py:1345)
16:29:31.537 INFO       tot     in=137,398,023  out=1,254,650 (records_manager.py:1345)
16:29:31.537 INFO       trace  theoretical_prefix_cache_hit=95.3% (records_manager.py:1345)
16:29:31.537 INFO       srv    prefix_cache_hit=14.1% unique_in_srv=239,495,464 ext_cache_hit=91.1% kv_usage=98.8% queue=19r/66w tput_in_srv=79,011/s tput_out_srv=811/s (records_manager.py:1345)
16:30:12.937 INFO     [realtime 59:42 profiling] (records_manager.py:1345)
16:30:12.937 INFO       rps=0.4 (avg 0.4)  tput_in=39,029/s  tput_out=357/s  done=1,580 ok=1,580 err=0 (records_manager.py:1345)
16:30:12.937 INFO       ttft    p50=143,755ms  p75=169,060ms  p95=226,997ms  p99=256,604ms (records_manager.py:1345)
16:30:12.937 INFO       itl     p50=     48ms  p75=     54ms  p95=     78ms  p99=    139ms (records_manager.py:1345)
16:30:12.937 INFO       e2e     p50=169,270ms  p75=210,092ms  p95=313,641ms  p99=505,039ms (records_manager.py:1345)
16:30:12.937 INFO       intvty  p50=       21  p75=       23  p95=       53  p99=       99  (1/tpot tok/s) (records_manager.py:1345)
16:30:12.937 INFO       isl     p50=   72,485  p75=  117,983  p90=  179,322  p99=  247,414  (tokens) (records_manager.py:1345)
16:30:12.937 INFO       osl     p50=      320  p75=      832  p90=    1,941  p99=    6,570  (tokens) (records_manager.py:1345)
16:30:12.937 INFO       tot     in=139,342,243  out=1,276,252 (records_manager.py:1345)
16:30:12.937 INFO       trace  theoretical_prefix_cache_hit=95.3% (records_manager.py:1345)
16:30:12.937 INFO       srv    prefix_cache_hit=14.0% unique_in_srv=243,314,538 ext_cache_hit=91.2% kv_usage=96.9% queue=25r/55w tput_in_srv=79,162/s tput_out_srv=810/s (records_manager.py:1345)
16:30:30.084 INFO     Timeout of 3599.99507186s elapsed for event 'profiling phase sending' (runner.py:1208)
16:30:30.085 NOTICE   Phase profiling (profiling) sending complete | sent=1,678, completed=1,595, in_flight=83 | sessions: sent=65, completed=18 | timeout_triggered=True (runner.py:1039)
16:30:30.086 INFO     Waiting for event 'profiling phase credits returned' with timeout of 29.997985398999845s (runner.py:1220)
16:30:30.087 INFO     Sent 1,678 requests. Waiting for all to complete... (records_manager.py:1014)
16:30:54.124 INFO     [realtime 1:00:24 profiling] (records_manager.py:1345)
16:30:54.124 INFO       rps=0.4 (avg 0.4)  tput_in=38,915/s  tput_out=356/s  done=1,598 ok=1,598 err=0 (records_manager.py:1345)
16:30:54.124 INFO       ttft    p50=144,171ms  p75=170,125ms  p95=227,134ms  p99=256,565ms (records_manager.py:1345)
16:30:54.124 INFO       itl     p50=     48ms  p75=     54ms  p95=     78ms  p99=    139ms (records_manager.py:1345)
16:30:54.124 INFO       e2e     p50=170,148ms  p75=212,368ms  p95=313,665ms  p99=504,319ms (records_manager.py:1345)
16:30:54.124 INFO       intvty  p50=       21  p75=       23  p95=       53  p99=       99  (1/tpot tok/s) (records_manager.py:1345)
16:30:54.124 INFO       isl     p50=   72,438  p75=  117,812  p90=  177,867  p99=  247,337  (tokens) (records_manager.py:1345)
16:30:54.125 INFO       osl     p50=      318  p75=      831  p90=    1,927  p99=    6,568  (tokens) (records_manager.py:1345)
16:30:54.125 INFO       tot     in=140,491,487  out=1,285,080 (records_manager.py:1345)
16:30:54.125 INFO       trace  theoretical_prefix_cache_hit=95.3% (records_manager.py:1345)
16:30:54.125 INFO       srv    prefix_cache_hit=14.0% unique_in_srv=245,027,608 ext_cache_hit=91.2% kv_usage=93.6% queue=17r/63w tput_in_srv=78,862/s tput_out_srv=811/s (records_manager.py:1345)
16:31:00.084 INFO     Timeout of 29.997985398999845s elapsed for event 'profiling phase credits returned' (runner.py:1208)
16:31:00.084 WARNING  Phase profiling timed out, cancelling all credits. Stats: sent=1678, completed=1601, cancelled=0, in_flight=77 (runner.py:1103)
16:31:00.085 INFO     Sent cancellation requests for 77 in-flight credits across 23 workers (sticky_router.py:489)
16:31:00.085 INFO     Waiting for all cancelled credits to be returned for phase profiling. Need 77 more credits. (runner.py:1117)
16:31:10.087 ERROR    Timeout waiting 10.0s for cancelled credits to return. Some credits may be stuck. Forcing phase completion. (runner.py:1140)
16:31:10.087 WARNING  Released stuck slots for phase profiling: session=55, prefill=0 (runner.py:1174)
16:31:10.087 NOTICE   Phase profiling (profiling) complete | completed=1,601, cancelled=77, errors=0 | sessions: completed=18, cancelled=1 | elapsed=3640.00s | grace_period_timeout=True (runner.py:1162)
16:31:10.088 INFO     Global system-idle cap summary: limit=10s, jumps=1, skipped=146.258s (agentic_replay.py:956)
16:31:10.088 INFO     BranchOrchestrator stats: spawned=272 completed=151 errored=0 suspended=28 resumed=18 parents_failed_due_to_child_error=0 joins_suppressed=6 delayed=57 (branch_orchestrator.py:1782)
16:31:10.088 WARNING  BranchOrchestrator leaked state at cleanup: 4 active_joins, 0 future_joins, 79 tracked children, 14 parents with descendants (branch_orchestrator.py:1799)
16:31:10.088 WARNING  Abandoned pending join for parent e6dc2dc3-3c80-4020-9114-7c5b3eb0b79b (outstanding=7, gated_turn_index=58, age_ms=3639993) (branch_orchestrator.py:1811)
16:31:10.088 WARNING  Abandoned pending join for parent 0d24f848-b9a6-46ca-95c2-66ba02a3c560 (outstanding=1, gated_turn_index=17, age_ms=2817024) (branch_orchestrator.py:1811)
16:31:10.088 WARNING  Abandoned pending join for parent bfdeb475-c187-4823-95ff-f1edc8288231 (outstanding=1, gated_turn_index=2, age_ms=1158975) (branch_orchestrator.py:1811)
16:31:10.088 WARNING  Abandoned pending join for parent 8fef279d-140b-4ad5-a157-5daf47b5181d (outstanding=0, gated_turn_index=7, age_ms=427583) (branch_orchestrator.py:1811)
16:31:10.088 INFO     Session-tree slots for phase profiling: peak_open=64 (target concurrency 64); released 55 still-open at teardown; late_events=0 (runner.py:551)
16:31:10.089 NOTICE   All credits completed (phase_orchestrator.py:245)
16:31:10.089 INFO     Received CREDIT_PHASE_COMPLETE message, Phase complete: PhaseRecordsStats(phase=CreditPhase.PROFILING, phase_index=0, profiling_index=0, phase_name='profiling', phase_kind='profiling', start_ns=1791559830084000824, sent_end_ns=1791563430084955205, requests_end_ns=1791563470087454538, baseline_start_ns=1791559830083956144, baseline_end_ns=1791563470087476669, total_expected_requests=None, expected_duration_sec=None, expected_num_sessions=None, expected_grace_period_sec=None, final_requests_sent=None, final_requests_completed=1601, final_requests_cancelled=77, final_request_errors=0, final_sent_sessions=None, final_completed_sessions=None, final_cancelled_sessions=None, timeout_triggered=True, grace_period_timeout_triggered=True, was_cancelled=False, records_end_ns=None, success_records=1601, error_records=0) (records_manager.py:1040)
16:31:10.089 NOTICE   All requests have completed, please wait for the results to be processed (currently 1,601 of 1,601 records processed)... (records_manager.py:1051)
16:31:10.089 INFO     Processed 1601 valid requests and 0 errors (1601 total). (records_manager.py:913)
16:31:10.089 INFO     Received all records, processing now... (records_manager.py:919)
16:31:10.090 INFO     Received credits complete from 'timing_manager' (system_controller.py:448)
16:31:10.090 INFO     All credits complete, please wait for the results to be processed... (records_manager.py:1077)
16:31:10.091 INFO     Server Metrics: Profiling complete, capturing final metrics... (manager.py:355)
16:31:10.092 INFO     Waiting 2.0s for server metrics flush period... (records_manager.py:973)
16:31:12.089 INFO     Processing records results... (records_manager.py:2083)
16:31:36.142 INFO     [realtime 1:00:40 profiling] (records_manager.py:1345)
16:31:36.142 INFO       rps=0.2 (avg 0.4)  tput_in=38,852/s  tput_out=355/s  done=1,601 ok=1,601 err=0 (records_manager.py:1345)
16:31:36.142 INFO       ttft    p50=144,196ms  p75=170,179ms  p95=227,181ms  p99=256,558ms (records_manager.py:1345)
16:31:36.142 INFO       itl     p50=     48ms  p75=     54ms  p95=     78ms  p99=    139ms (records_manager.py:1345)
16:31:36.142 INFO       e2e     p50=170,269ms  p75=212,911ms  p95=313,629ms  p99=504,199ms (records_manager.py:1345)
16:31:36.142 INFO       intvty  p50=       21  p75=       23  p95=       53  p99=       99  (1/tpot tok/s) (records_manager.py:1345)
16:31:36.142 INFO       isl     p50=   72,527  p75=  117,909  p90=  177,867  p99=  247,324  (tokens) (records_manager.py:1345)
16:31:36.142 INFO       osl     p50=      319  p75=      831  p90=    1,922  p99=    6,568  (tokens) (records_manager.py:1345)
16:31:36.142 INFO       tot     in=140,979,090  out=1,286,840 (records_manager.py:1345)
16:31:36.142 INFO       trace  theoretical_prefix_cache_hit=95.3% (records_manager.py:1345)
16:31:36.142 INFO       srv    prefix_cache_hit=13.9% unique_in_srv=246,253,236 ext_cache_hit=91.2% kv_usage=0.0% queue=0r/0w tput_in_srv=78,595/s tput_out_srv=808/s (records_manager.py:1345)
16:31:36.207 INFO     Profiling metric coverage passed for 'profiling': TTFT=100.0%, inter-token latency=100.0% (required=95.0%). (records_manager.py:1814)
16:31:37.693 INFO     Waiting for result domains: server_metrics (system_controller.py:869)
16:32:35.405 INFO     Parquet export complete: /data/results/offload-baseline-60m/c64/aiperf_artifacts/server_metrics_export.parquet, 3,281,476 rows. (parquet_exporter.py:239)
16:32:35.425 INFO     Exported server metrics to Parquet: /data/results/offload-baseline-60m/c64/aiperf_artifacts/server_metrics_export.parquet (accumulator.py:620)
16:32:40.277 INFO     _finalize_and_process_results completed (records_manager.py:980)
16:32:49.983 INFO     All results received, initiating shutdown (system_controller.py:864)
16:32:50.982 INFO     Exporting all records (exporter_manager.py:69)
16:33:06.531 INFO     Exporting console data (exporter_manager.py:326)


                                                   NVIDIA AIPerf | LLM Metrics: Effective                                                   
┏━━━━━━━━━━━━━━━━━━━━━━━━━━━━━━━━━━━━━━━┳━━━━━━━━━━━━━━┳━━━━━━━━┳━━━━━━━━━━━━━━┳━━━━━━━━━━━━━━┳━━━━━━━━━━━━━━┳━━━━━━━━━━━━━━┳━━━━━━━━━━━━━━┓
┃                                Metric ┃          avg ┃    min ┃          max ┃          p99 ┃          p90 ┃          p50 ┃          std ┃
┡━━━━━━━━━━━━━━━━━━━━━━━━━━━━━━━━━━━━━━━╇━━━━━━━━━━━━━━╇━━━━━━━━╇━━━━━━━━━━━━━━╇━━━━━━━━━━━━━━╇━━━━━━━━━━━━━━╇━━━━━━━━━━━━━━╇━━━━━━━━━━━━━━┩
│      Effective Concurrency (requests) │        75.47 │   0.00 │        97.00 │        96.00 │        91.00 │        83.00 │        22.92 │
│           Effective Decode Throughput │       353.09 │   0.00 │    35,877.74 │       766.96 │       582.33 │       401.21 │       281.61 │
│                          (tokens/sec) │              │        │              │              │              │              │              │
│          Effective Prefill Throughput │    38,730.48 │   0.00 │   671,595.54 │   212,429.44 │    47,535.77 │    36,567.76 │    32,023.81 │
│                          (tokens/sec) │              │        │              │              │              │              │              │
│          Effective Decode Concurrency │        17.30 │   0.00 │        33.00 │        27.00 │        22.00 │        17.00 │         4.27 │
│                            (requests) │              │        │              │              │              │              │              │
│         Effective Prefill Concurrency │        58.17 │   0.00 │        81.00 │        78.00 │        73.00 │        65.00 │        20.73 │
│                            (requests) │              │        │              │              │              │              │              │
│            Effective Total Throughput │    39,083.57 │   0.00 │   672,072.25 │   213,011.09 │    47,901.43 │    36,920.72 │    32,039.58 │
│                          (tokens/sec) │              │        │              │              │              │              │              │
│  Effective Decode Throughput Per User │        20.92 │   0.00 │    10,200.89 │        72.48 │        28.34 │        23.70 │        19.33 │
│                     (tokens/sec/user) │              │        │              │              │              │              │              │
│ Effective Prefill Throughput Per User │     4,430.51 │   0.00 │   324,455.26 │   172,633.93 │       795.39 │       549.76 │    26,588.07 │
│                     (tokens/sec/user) │              │        │              │              │              │              │              │
│             Tokens In Flight (tokens) │ 7,110,678.75 │   0.00 │ 8,981,002.63 │ 8,871,811.14 │ 8,508,723.52 │ 7,836,994.96 │ 2,189,309.80 │
│     Effective Latency (CO-aware) (ms) │   171,594.35 │ 413.71 │   998,793.57 │   504,201.70 │   261,948.91 │   170,270.70 │    99,354.04 │
└───────────────────────────────────────┴──────────────┴────────┴──────────────┴──────────────┴──────────────┴──────────────┴──────────────┘
                                             NVIDIA AIPerf | LLM Metrics: Active                                             
┏━━━━━━━━━━━━━━━━━━━━━━━━━━━━━━━━━━━━━━━━┳━━━━━━━━━━━┳━━━━━━━━┳━━━━━━━━━━━━┳━━━━━━━━━━━━┳━━━━━━━━━━━┳━━━━━━━━━━━┳━━━━━━━━━━━┓
┃                                 Metric ┃       avg ┃    min ┃        max ┃        p99 ┃       p90 ┃       p50 ┃       std ┃
┡━━━━━━━━━━━━━━━━━━━━━━━━━━━━━━━━━━━━━━━━╇━━━━━━━━━━━╇━━━━━━━━╇━━━━━━━━━━━━╇━━━━━━━━━━━━╇━━━━━━━━━━━╇━━━━━━━━━━━╇━━━━━━━━━━━┩
│  Active Decode Throughput (tokens/sec) │    354.29 │   0.00 │  35,877.74 │     767.12 │    582.68 │    401.68 │    281.33 │
│ Active Prefill Throughput (tokens/sec) │ 40,936.21 │ 384.85 │ 671,595.54 │ 221,784.37 │ 47,815.38 │ 37,192.86 │ 31,521.97 │
│      Active Decode Throughput Per User │     20.99 │   0.00 │  10,200.89 │      72.62 │     28.35 │     23.71 │     19.33 │
│                      (tokens/sec/user) │           │        │            │            │           │           │           │
│     Active Prefill Throughput Per User │  4,682.83 │ 340.23 │ 324,455.26 │ 179,598.78 │    798.51 │    557.06 │ 27,313.07 │
│                      (tokens/sec/user) │           │        │            │            │           │           │           │
│   Active Total Throughput (tokens/sec) │ 39,206.06 │  22.57 │ 672,072.25 │ 213,011.09 │ 47,901.43 │ 36,941.28 │ 32,014.83 │
└────────────────────────────────────────┴───────────┴────────┴────────────┴────────────┴───────────┴───────────┴───────────┘
                                                 NVIDIA AIPerf | LLM Metrics: Usage                                                 
┏━━━━━━━━━━━━━━━━━━━━━━━━━━━━━━━━━━━━━━━━━┳━━━━━━━━━━━━━━━━┳━━━━━━━━┳━━━━━━━━━━━━┳━━━━━━━━━━━━┳━━━━━━━━━━━━┳━━━━━━━━━━━┳━━━━━━━━━━━┓
┃                                  Metric ┃            avg ┃    min ┃        max ┃        p99 ┃        p90 ┃       p50 ┃       std ┃
┡━━━━━━━━━━━━━━━━━━━━━━━━━━━━━━━━━━━━━━━━━╇━━━━━━━━━━━━━━━━╇━━━━━━━━╇━━━━━━━━━━━━╇━━━━━━━━━━━━╇━━━━━━━━━━━━╇━━━━━━━━━━━╇━━━━━━━━━━━┩
│            Usage Prompt Tokens (tokens) │      88,056.90 │ 213.00 │ 254,363.00 │ 247,324.00 │ 177,867.00 │ 72,527.00 │ 60,178.27 │
│ Usage Prompt Cache Read Tokens (tokens) │      81,465.77 │   0.00 │ 252,880.00 │ 245,584.00 │ 170,016.00 │ 67,264.00 │ 61,834.15 │
│        Usage Completion Tokens (tokens) │         803.77 │   2.00 │  16,721.00 │   6,568.00 │   1,922.00 │    319.00 │  1,412.35 │
│             Usage Total Tokens (tokens) │      88,860.67 │ 290.00 │ 255,307.00 │ 248,009.00 │ 180,422.00 │ 73,458.00 │ 60,454.14 │
│      Total Usage Prompt Tokens (tokens) │ 140,979,090.00 │    N/A │        N/A │        N/A │        N/A │       N/A │       N/A │
│    Total Usage Prompt Cache Read Tokens │ 130,426,704.00 │    N/A │        N/A │        N/A │        N/A │       N/A │       N/A │
│                                (tokens) │                │        │            │            │            │           │           │
│       Overall Usage Prompt Cache Read % │          92.51 │    N/A │        N/A │        N/A │        N/A │       N/A │       N/A │
│                                     (%) │                │        │            │            │            │           │           │
│  Total Usage Completion Tokens (tokens) │   1,286,840.00 │    N/A │        N/A │        N/A │        N/A │       N/A │       N/A │
│       Total Usage Total Tokens (tokens) │ 142,265,930.00 │    N/A │        N/A │        N/A │        N/A │       N/A │       N/A │
└─────────────────────────────────────────┴────────────────┴────────┴────────────┴────────────┴────────────┴───────────┴───────────┘
                                                      NVIDIA AIPerf | LLM Metrics                                                       
┏━━━━━━━━━━━━━━━━━━━━━━━━━━━━━━━━━━━━━━━━━━━━━━━━┳━━━━━━━━━━━━┳━━━━━━━━┳━━━━━━━━━━━━┳━━━━━━━━━━━━┳━━━━━━━━━━━━┳━━━━━━━━━━━━┳━━━━━━━━━━━┓
┃                                         Metric ┃        avg ┃    min ┃        max ┃        p99 ┃        p90 ┃        p50 ┃       std ┃
┡━━━━━━━━━━━━━━━━━━━━━━━━━━━━━━━━━━━━━━━━━━━━━━━━╇━━━━━━━━━━━━╇━━━━━━━━╇━━━━━━━━━━━━╇━━━━━━━━━━━━╇━━━━━━━━━━━━╇━━━━━━━━━━━━╇━━━━━━━━━━━┩
│                       Time to First Token (ms) │ 132,258.20 │  96.49 │ 275,539.76 │ 256,558.30 │ 204,979.85 │ 144,196.31 │ 66,011.54 │
│                      Time to Second Token (ms) │      43.49 │   0.10 │   1,305.98 │     408.82 │     160.21 │       2.66 │     99.18 │
│                Time to First Output Token (ms) │ 132,258.20 │  96.49 │ 275,539.76 │ 256,558.30 │ 204,979.85 │ 144,196.31 │ 66,011.54 │
│                           Request Latency (ms) │ 171,590.51 │ 412.38 │ 998,792.14 │ 504,199.35 │ 261,947.27 │ 170,269.42 │ 99,353.62 │
│                           Decode Duration (ms) │  39,332.31 │   3.19 │ 837,471.91 │ 326,087.48 │  94,575.82 │  15,622.28 │ 71,568.75 │
│                      Full Decode Duration (ms) │  39,333.38 │   3.25 │ 837,471.97 │ 326,087.52 │  94,575.89 │  15,622.35 │ 71,568.96 │
│                       Inter Token Latency (ms) │      49.94 │   3.19 │     316.97 │     138.59 │      62.66 │      47.94 │     22.59 │
│              Full-Response Inter Token Latency │      49.94 │   3.25 │     317.07 │     138.59 │      62.66 │      47.94 │     22.59 │
│                                           (ms) │            │        │            │            │            │            │           │
│               Output Token Throughput Per User │      24.06 │   3.15 │     313.15 │      99.07 │      31.35 │      20.86 │     16.74 │
│                              (tokens/sec/user) │            │        │            │            │            │            │           │
│  E2E Output Token Throughput (tokens/sec/user) │       8.56 │   0.01 │     127.08 │      79.20 │      28.85 │       2.55 │     15.22 │
│ Full-Response Output Token Throughput Per User │      24.06 │   3.15 │     307.63 │      99.06 │      31.35 │      20.86 │     16.64 │
│                              (tokens/sec/user) │            │        │            │            │            │            │           │
│                Output Sequence Length (tokens) │     803.77 │   2.00 │  16,721.00 │   6,568.00 │   1,922.00 │     319.00 │  1,412.35 │
│                 Input Sequence Length (tokens) │  88,056.90 │ 213.00 │ 254,363.00 │ 247,324.00 │ 177,867.00 │  72,527.00 │ 60,178.27 │
│           Output Token Throughput (tokens/sec) │     353.53 │    N/A │        N/A │        N/A │        N/A │        N/A │       N/A │
│            Input Token Throughput (tokens/sec) │  38,730.48 │    N/A │        N/A │        N/A │        N/A │        N/A │       N/A │
│              Request Throughput (requests/sec) │       0.44 │    N/A │        N/A │        N/A │        N/A │        N/A │       N/A │
│                       Request Count (requests) │   1,601.00 │    N/A │        N/A │        N/A │        N/A │        N/A │       N/A │
│               Theoretical Prefix Cache Hit (%) │      95.11 │    N/A │        N/A │        N/A │        N/A │        N/A │       N/A │
└────────────────────────────────────────────────┴────────────┴────────┴────────────┴────────────┴────────────┴────────────┴───────────┘

CLI Command: aiperf profile --scenario 'agentx' --url 'http://agentx-lane-d:8000' --model 
'Qwen/Qwen3-Coder-30B-A3B-Instruct-FP8' --tokenizer 'Qwen/Qwen3-Coder-30B-A3B-Instruct-FP8' 
--concurrency 64 --public-dataset 'semianalysis_cc_traces_weka_062126_256k' --server-metrics 
'http://10.100.2.14:8000/metrics' --server-metrics-formats 'json' 'csv' 'parquet' 
--output-artifact-dir '/data/results/offload-baseline-60m/c64/aiperf_artifacts'
Benchmark Duration: 3628.63 sec
CSV Export: /data/results/offload-baseline-60m/c64/aiperf_artifacts/profile_export_aiperf.csv
JSON Export: /data/results/offload-baseline-60m/c64/aiperf_artifacts/profile_export_aiperf.json
Server Metrics CSV Export: 
/data/results/offload-baseline-60m/c64/aiperf_artifacts/server_metrics_export.csv
Server Metrics JSON Export: 
/data/results/offload-baseline-60m/c64/aiperf_artifacts/server_metrics_export.json
Timeslice CSV Export: 
/data/results/offload-baseline-60m/c64/aiperf_artifacts/profile_export_aiperf_timeslices.csv
Timeslice JSON Export: 
/data/results/offload-baseline-60m/c64/aiperf_artifacts/profile_export_aiperf_timeslices.json
Log File: /data/results/offload-baseline-60m/c64/aiperf_artifacts/logs/aiperf.log

saved /data/results/offload-baseline-60m/c64/aiperf_artifacts/swim_lane.png
saved /data/results/offload-baseline-60m/c64/aiperf_artifacts/swim_lane.html
