[transformers] PyTorch was not found. Models won't be available and only tokenizers, configuration and file/data utilities can be used.
2026-10-02 00:02:35,956 - inference_perf.config.config - INFO - Using configuration from: /etc/config/config.yml
2026-10-02 00:02:35,970 - inference_perf.config.config - INFO - Benchmarking with the following config:

api:
  type: chat
  streaming: true
  headers: null
  slo_unit: null
  slo_tpot_header: null
  slo_ttft_header: null
  response_format: null
  session_id_header_key: x-session-id
  session_token_header_key: null
data:
  type: weka_trace_replay
  path: null
  corpus_file_path: null
  input_distribution: null
  output_distribution: null
  shared_prefix: null
  multimodal: null
  trace: null
  otel_trace_replay: null
  weka_trace_replay:
    trace_directory: /data/traces
    num_dataset_entries: 400
    use_static_model: true
    static_model_name: Qwen/Qwen3-Coder-30B-A3B-Instruct-FP8
    default_block_size: 64
    skip_invalid_files: true
    trace_idle_gap_cap_seconds: 10.0
    max_wait_ms: 10000
    datagen_workers: 8
  conversation_replay: null
  visionarena: null
  synthetic_agentic: null
  use_chat_template: false
load:
  type: trace_session_replay
  interval: 1.0
  stages:
  - !!python/object:inference_perf.config.loadgen.config.TraceSessionReplayLoadStage
    __dict__:
      concurrent_sessions: 192
      session_rate: null
      num_sessions: null
      timeout: 2700.0
    __pydantic_extra__: null
    __pydantic_fields_set__: !!set
      timeout: null
      concurrent_sessions: null
    __pydantic_private__: null
  sweep: null
  num_workers: 24
  worker_max_concurrency: 100
  worker_max_tcp_connections: 2500
  trace: null
  circuit_breakers: []
  request_timeout: 1900
  request_retries: 0
  request_retry_backoff_sec: 0.5
  stage_teardown_grace_seconds: 120.0
  lora_traffic_split: null
  base_seed: 20260915
metrics: null
report:
  request_lifecycle:
    summary: true
    per_stage: true
    per_request: true
    per_request_fields:
      request: false
      response: false
      info: true
      response_chunks: false
      computed_metrics: true
    per_adapter: true
    per_adapter_stage: false
    percentiles:
    - 0.1
    - 1.0
    - 5.0
    - 10.0
    - 25.0
    - 50.0
    - 75.0
    - 90.0
    - 95.0
    - 99.0
    - 99.9
    use_server_output_tokens: true
    max_error_messages: 100
  prometheus:
    summary: true
    per_stage: false
  session_lifecycle:
    summary: true
    per_stage: true
    per_session: false
  goodput: null
storage:
  local_storage:
    path: /results/report
    report_file_prefix: null
  google_cloud_storage: null
  simple_storage_service: null
server:
  type: vllm
  model_name: Qwen/Qwen3-Coder-30B-A3B-Instruct-FP8
  base_url: http://thunder-lane-b-epp:80
tokenizer:
  pretrained_model_name_or_path: Qwen/Qwen3-Coder-30B-A3B-Instruct-FP8
circuit_breakers: null


2026-10-02 00:02:35,971 - inference_perf.client.filestorage.local - INFO - Report files will be stored at: /results/report
2026-10-02 00:02:35,971 - inference_perf.utils.custom_tokenizer - INFO - Loading tokenizer 'Qwen/Qwen3-Coder-30B-A3B-Instruct-FP8'
2026-10-02 00:02:36,120 - httpx - INFO - HTTP Request: GET https://huggingface.co/api/agent-harnesses "HTTP/1.1 200 OK"
2026-10-02 00:02:36,173 - httpx - INFO - HTTP Request: HEAD https://huggingface.co/Qwen/Qwen3-Coder-30B-A3B-Instruct-FP8/resolve/main/config.json "HTTP/1.1 307 Temporary Redirect"
2026-10-02 00:02:36,189 - httpx - INFO - HTTP Request: HEAD https://huggingface.co/api/resolve-cache/models/Qwen/Qwen3-Coder-30B-A3B-Instruct-FP8/dcaee4d4dfc5ee71ad501f01f530e5652438fde0/config.json "HTTP/1.1 200 OK"
2026-10-02 00:02:36,206 - httpx - INFO - HTTP Request: GET https://huggingface.co/api/resolve-cache/models/Qwen/Qwen3-Coder-30B-A3B-Instruct-FP8/dcaee4d4dfc5ee71ad501f01f530e5652438fde0/config.json "HTTP/1.1 200 OK"
2026-10-02 00:02:36,268 - httpx - INFO - HTTP Request: HEAD https://huggingface.co/Qwen/Qwen3-Coder-30B-A3B-Instruct-FP8/resolve/main/tokenizer_config.json "HTTP/1.1 307 Temporary Redirect"
2026-10-02 00:02:36,284 - httpx - INFO - HTTP Request: HEAD https://huggingface.co/api/resolve-cache/models/Qwen/Qwen3-Coder-30B-A3B-Instruct-FP8/dcaee4d4dfc5ee71ad501f01f530e5652438fde0/tokenizer_config.json "HTTP/1.1 200 OK"
2026-10-02 00:02:36,301 - httpx - INFO - HTTP Request: GET https://huggingface.co/api/resolve-cache/models/Qwen/Qwen3-Coder-30B-A3B-Instruct-FP8/dcaee4d4dfc5ee71ad501f01f530e5652438fde0/tokenizer_config.json "HTTP/1.1 200 OK"
2026-10-02 00:02:36,361 - httpx - INFO - HTTP Request: GET https://huggingface.co/api/models/Qwen/Qwen3-Coder-30B-A3B-Instruct-FP8/tree/main/additional_chat_templates?recursive=false&expand=false "HTTP/1.1 404 Not Found"
2026-10-02 00:02:36,411 - httpx - INFO - HTTP Request: GET https://huggingface.co/api/models/Qwen/Qwen3-Coder-30B-A3B-Instruct-FP8/tree/main?recursive=true&expand=false "HTTP/1.1 200 OK"
2026-10-02 00:02:36,464 - httpx - INFO - HTTP Request: HEAD https://huggingface.co/Qwen/Qwen3-Coder-30B-A3B-Instruct-FP8/resolve/main/vocab.json "HTTP/1.1 307 Temporary Redirect"
2026-10-02 00:02:36,481 - httpx - INFO - HTTP Request: HEAD https://huggingface.co/api/resolve-cache/models/Qwen/Qwen3-Coder-30B-A3B-Instruct-FP8/dcaee4d4dfc5ee71ad501f01f530e5652438fde0/vocab.json "HTTP/1.1 200 OK"
2026-10-02 00:02:36,501 - httpx - INFO - HTTP Request: GET https://huggingface.co/api/resolve-cache/models/Qwen/Qwen3-Coder-30B-A3B-Instruct-FP8/dcaee4d4dfc5ee71ad501f01f530e5652438fde0/vocab.json "HTTP/1.1 200 OK"
2026-10-02 00:02:36,643 - httpx - INFO - HTTP Request: HEAD https://huggingface.co/Qwen/Qwen3-Coder-30B-A3B-Instruct-FP8/resolve/main/merges.txt "HTTP/1.1 307 Temporary Redirect"
2026-10-02 00:02:36,659 - httpx - INFO - HTTP Request: HEAD https://huggingface.co/api/resolve-cache/models/Qwen/Qwen3-Coder-30B-A3B-Instruct-FP8/dcaee4d4dfc5ee71ad501f01f530e5652438fde0/merges.txt "HTTP/1.1 200 OK"
2026-10-02 00:02:36,678 - httpx - INFO - HTTP Request: GET https://huggingface.co/api/resolve-cache/models/Qwen/Qwen3-Coder-30B-A3B-Instruct-FP8/dcaee4d4dfc5ee71ad501f01f530e5652438fde0/merges.txt "HTTP/1.1 200 OK"
2026-10-02 00:02:36,757 - httpx - INFO - HTTP Request: HEAD https://huggingface.co/Qwen/Qwen3-Coder-30B-A3B-Instruct-FP8/resolve/main/tokenizer.json "HTTP/1.1 302 Found"
2026-10-02 00:02:37,532 - httpx - INFO - HTTP Request: HEAD https://huggingface.co/Qwen/Qwen3-Coder-30B-A3B-Instruct-FP8/resolve/main/added_tokens.json "HTTP/1.1 404 Not Found"
2026-10-02 00:02:37,610 - httpx - INFO - HTTP Request: HEAD https://huggingface.co/Qwen/Qwen3-Coder-30B-A3B-Instruct-FP8/resolve/main/special_tokens_map.json "HTTP/1.1 404 Not Found"
2026-10-02 00:02:37,662 - httpx - INFO - HTTP Request: HEAD https://huggingface.co/Qwen/Qwen3-Coder-30B-A3B-Instruct-FP8/resolve/main/chat_template.jinja "HTTP/1.1 307 Temporary Redirect"
2026-10-02 00:02:37,679 - httpx - INFO - HTTP Request: HEAD https://huggingface.co/api/resolve-cache/models/Qwen/Qwen3-Coder-30B-A3B-Instruct-FP8/dcaee4d4dfc5ee71ad501f01f530e5652438fde0/chat_template.jinja "HTTP/1.1 200 OK"
2026-10-02 00:02:37,696 - httpx - INFO - HTTP Request: GET https://huggingface.co/api/resolve-cache/models/Qwen/Qwen3-Coder-30B-A3B-Instruct-FP8/dcaee4d4dfc5ee71ad501f01f530e5652438fde0/chat_template.jinja "HTTP/1.1 200 OK"
2026-10-02 00:02:38,437 - httpx - INFO - HTTP Request: GET https://huggingface.co/api/models/Qwen/Qwen3-Coder-30B-A3B-Instruct-FP8 "HTTP/1.1 200 OK"
2026-10-02 00:02:38,439 - inference_perf.utils.custom_tokenizer - INFO - Loading tokenizer 'Qwen/Qwen3-Coder-30B-A3B-Instruct-FP8'
2026-10-02 00:02:38,500 - httpx - INFO - HTTP Request: HEAD https://huggingface.co/Qwen/Qwen3-Coder-30B-A3B-Instruct-FP8/resolve/main/config.json "HTTP/1.1 307 Temporary Redirect"
2026-10-02 00:02:38,519 - httpx - INFO - HTTP Request: HEAD https://huggingface.co/api/resolve-cache/models/Qwen/Qwen3-Coder-30B-A3B-Instruct-FP8/dcaee4d4dfc5ee71ad501f01f530e5652438fde0/config.json "HTTP/1.1 200 OK"
2026-10-02 00:02:38,571 - httpx - INFO - HTTP Request: HEAD https://huggingface.co/Qwen/Qwen3-Coder-30B-A3B-Instruct-FP8/resolve/main/tokenizer_config.json "HTTP/1.1 307 Temporary Redirect"
2026-10-02 00:02:38,589 - httpx - INFO - HTTP Request: HEAD https://huggingface.co/api/resolve-cache/models/Qwen/Qwen3-Coder-30B-A3B-Instruct-FP8/dcaee4d4dfc5ee71ad501f01f530e5652438fde0/tokenizer_config.json "HTTP/1.1 200 OK"
2026-10-02 00:02:38,640 - httpx - INFO - HTTP Request: GET https://huggingface.co/api/models/Qwen/Qwen3-Coder-30B-A3B-Instruct-FP8/tree/main/additional_chat_templates?recursive=false&expand=false "HTTP/1.1 404 Not Found"
2026-10-02 00:02:38,694 - httpx - INFO - HTTP Request: GET https://huggingface.co/api/models/Qwen/Qwen3-Coder-30B-A3B-Instruct-FP8/tree/main?recursive=true&expand=false "HTTP/1.1 200 OK"
2026-10-02 00:02:39,444 - httpx - INFO - HTTP Request: GET https://huggingface.co/api/models/Qwen/Qwen3-Coder-30B-A3B-Instruct-FP8 "HTTP/1.1 200 OK"
2026-10-02 00:02:39,523 - inference_perf.datagen.replay.weka_trace_replay_datagen - INFO - Loaded prompt corpus from: /workspace/inference_perf/assets/shakespeare.txt (5020475 chars)
[transformers] Token indices sequence length is longer than the specified maximum sequence length for this model (1306158 > 1048576). Running this sequence through the model will result in indexing errors
2026-10-02 00:02:55,996 - inference_perf.datagen.replay.weka_trace_replay_datagen - INFO - Building replay sessions for 338 traces with 8 processes
2026-10-02 00:04:00,648 - inference_perf.datagen.replay.weka_trace_replay_datagen - INFO - Built 338 replay sessions from 338 traces in 64.7s
2026-10-02 00:04:01,835 - inference_perf.datagen.replay.replay_graph_session_datagen - INFO - Built replay schedule: 31527 events across 338 sessions (eager)
2026-10-02 00:04:03,861 - inference_perf.loadgen.load_generator - INFO - Stage 0 - session-based run started
2026-10-02 00:04:03,863 - inference_perf.loadgen.load_generator - INFO - Session pool: concurrent_sessions=192, session_rate=None, timeout=2700.0, num_sessions=338 (corpus offset 0), total_sessions=338
2026-10-02 00:04:03,864 - inference_perf.datagen.replay.replay_graph_session_datagen - INFO - Dispatching session wekatrace174_924cdbd835a5567b0cca1484ce60e90e9f4f: 37 events
2026-10-02 00:04:03,868 - inference_perf.datagen.replay.replay_graph_session_datagen - INFO - Dispatching session wekatrace64_3607a64644d8b639c63ffcccc098344759e6: 46 events
2026-10-02 00:04:03,870 - inference_perf.datagen.replay.replay_graph_session_datagen - INFO - Dispatching session wekatrace147_80559b9e10b09ee2d9303acaecceb4d99895: 128 events
2026-10-02 00:04:03,875 - inference_perf.datagen.replay.replay_graph_session_datagen - INFO - Dispatching session wekatrace116_6601daa3865dae62024a519b66636afcc03e: 71 events
2026-10-02 00:04:03,884 - inference_perf.datagen.replay.replay_graph_session_datagen - INFO - Dispatching session wekatrace231_b86fab2bba76fbd063c04296cdd2eeee453e: 365 events
2026-10-02 00:04:03,890 - inference_perf.datagen.replay.replay_graph_session_datagen - INFO - Dispatching session wekatrace132_76ef82400a03738d4f138b163f1890a881c9: 266 events
2026-10-02 00:04:03,904 - inference_perf.datagen.replay.replay_graph_session_datagen - INFO - Dispatching session wekatrace319_f17d741a05b67f9d50934ca8468d18aa7922: 168 events
2026-10-02 00:04:03,908 - inference_perf.datagen.replay.replay_graph_session_datagen - INFO - Dispatching session wekatrace2_03be8f1eb1e9e620f46bd07068d6ab1aaae3: 27 events
2026-10-02 00:04:03,912 - inference_perf.datagen.replay.replay_graph_session_datagen - INFO - Dispatching session wekatrace24_14933d8a4190c45ac8fbd21183bba9469140: 27 events
2026-10-02 00:04:03,916 - inference_perf.datagen.replay.replay_graph_session_datagen - INFO - Dispatching session wekatrace191_a0edf077d076924c775d4da6377c2c4dc73a: 151 events
2026-10-02 00:04:03,930 - inference_perf.datagen.replay.replay_graph_session_datagen - INFO - Dispatching session wekatrace197_a3508fe56ade726a9b9118414362d2ead56d: 93 events
2026-10-02 00:04:03,938 - inference_perf.datagen.replay.replay_graph_session_datagen - INFO - Dispatching session wekatrace278_d4bd5e4015963744e0e1ea592da1594a9d13: 25 events
2026-10-02 00:04:03,940 - inference_perf.datagen.replay.replay_graph_session_datagen - INFO - Dispatching session wekatrace205_a8579208ea25d6f401207257139b163ec48d: 100 events
2026-10-02 00:04:03,944 - inference_perf.datagen.replay.replay_graph_session_datagen - INFO - Dispatching session wekatrace323_f33eebc1ce22a17f6d2bf9641b31547eb762: 33 events
2026-10-02 00:04:03,952 - inference_perf.datagen.replay.replay_graph_session_datagen - INFO - Dispatching session wekatrace257_ca33d363f81e07f21c193285db6d0ad9e4a6: 133 events
2026-10-02 00:04:03,963 - inference_perf.datagen.replay.replay_graph_session_datagen - INFO - Dispatching session wekatrace213_ac368b0d9027e56c38e5f55b9895dfc01abd: 24 events
2026-10-02 00:04:03,964 - inference_perf.datagen.replay.replay_graph_session_datagen - INFO - Dispatching session wekatrace83_47f2ae8a81c8db82b4cd4883b8dd4c531c93: 78 events
2026-10-02 00:04:03,972 - inference_perf.datagen.replay.replay_graph_session_datagen - INFO - Dispatching session wekatrace149_840ebb479056e12a852d3b7f827b8e09db55: 34 events
2026-10-02 00:04:03,973 - inference_perf.datagen.replay.replay_graph_session_datagen - INFO - Dispatching session wekatrace18_0da3a3bea6f3559a2eff4114839b328dad53: 18 events
2026-10-02 00:04:03,977 - inference_perf.datagen.replay.replay_graph_session_datagen - INFO - Dispatching session wekatrace181_999eea8a292a67475f955dd8f074dd4e413e: 81 events
2026-10-02 00:04:03,979 - inference_perf.datagen.replay.replay_graph_session_datagen - INFO - Dispatching session wekatrace118_663eae6f100daddf13cdf54c8e5f9622151d: 104 events
2026-10-02 00:04:03,983 - inference_perf.datagen.replay.replay_graph_session_datagen - INFO - Dispatching session wekatrace198_a42188fc362bde2410050ff0e6a8b267ed8a: 34 events
2026-10-02 00:04:03,984 - inference_perf.datagen.replay.replay_graph_session_datagen - INFO - Dispatching session wekatrace250_c3724708e826240f49026f58025d3829dcba: 117 events
2026-10-02 00:04:03,988 - inference_perf.datagen.replay.replay_graph_session_datagen - INFO - Dispatching session wekatrace333_fabd95c42f988d51e6c96ae9472bc7f69860: 170 events
2026-10-02 00:04:03,995 - inference_perf.datagen.replay.replay_graph_session_datagen - INFO - Dispatching session wekatrace220_af60ae862f19d091b7d8a3e5fa8b570abe2a: 69 events
2026-10-02 00:04:03,997 - inference_perf.datagen.replay.replay_graph_session_datagen - INFO - Dispatching session wekatrace55_2df1b153c477169c8ab4ecd9e917ccaa3dba: 324 events
2026-10-02 00:04:04,014 - inference_perf.datagen.replay.replay_graph_session_datagen - INFO - Dispatching session wekatrace17_0d9c99c3f96c2bcac0f9dec0987d5f411bcd: 83 events
2026-10-02 00:04:04,017 - inference_perf.datagen.replay.replay_graph_session_datagen - INFO - Dispatching session wekatrace37_217743dd65170f329ffbd58d974e6ef6ef83: 23 events
2026-10-02 00:04:04,019 - inference_perf.datagen.replay.replay_graph_session_datagen - INFO - Dispatching session wekatrace185_9df3a40cb25de2b1dd07169a4b117fe17e0e: 139 events
2026-10-02 00:04:04,023 - inference_perf.datagen.replay.replay_graph_session_datagen - INFO - Dispatching session wekatrace86_49ffa26d794d34ba3c66358e1d781b9f3c9c: 25 events
2026-10-02 00:04:04,025 - inference_perf.datagen.replay.replay_graph_session_datagen - INFO - Dispatching session wekatrace194_a1fc1985dc2bfdfc6b1a28b15e7eba9f8773: 23 events
2026-10-02 00:04:04,030 - inference_perf.datagen.replay.replay_graph_session_datagen - INFO - Dispatching session wekatrace239_bdbbd8a7870c5771cbf80d8c2b576e3a2526: 27 events
2026-10-02 00:04:04,031 - inference_perf.datagen.replay.replay_graph_session_datagen - INFO - Dispatching session wekatrace203_a69c007390941a32982d30eaa04e2d9da18c: 225 events
2026-10-02 00:04:04,039 - inference_perf.datagen.replay.replay_graph_session_datagen - INFO - Dispatching session wekatrace54_2de8538029066d95b4ff113d5750eb403cb7: 221 events
2026-10-02 00:04:04,046 - inference_perf.datagen.replay.replay_graph_session_datagen - INFO - Dispatching session wekatrace26_1770548ae8e30555e62d6d6296c0166d6074: 38 events
2026-10-02 00:04:04,047 - inference_perf.datagen.replay.replay_graph_session_datagen - INFO - Dispatching session wekatrace139_7ae0ab568310f5459008be618a9f711bc2be: 55 events
2026-10-02 00:04:04,049 - inference_perf.datagen.replay.replay_graph_session_datagen - INFO - Dispatching session wekatrace146_8044cd33fd7815ac1a4f0aaeae9e2eaa7509: 21 events
2026-10-02 00:04:04,052 - inference_perf.datagen.replay.replay_graph_session_datagen - INFO - Dispatching session wekatrace240_bdf8b214663bf985becdb49d48c7d002b62b: 41 events
2026-10-02 00:04:04,053 - inference_perf.datagen.replay.replay_graph_session_datagen - INFO - Dispatching session wekatrace306_e8621fca4d3bf2379a245fa0e50013d4d863: 22 events
2026-10-02 00:04:04,059 - inference_perf.datagen.replay.replay_graph_session_datagen - INFO - Dispatching session wekatrace224_b179aeed059d7652622a64954d0331ce68fd: 33 events
2026-10-02 00:04:04,060 - inference_perf.datagen.replay.replay_graph_session_datagen - INFO - Dispatching session wekatrace163_8e1a61685e99ae7d274a5b2b23ee761076d7: 73 events
2026-10-02 00:04:04,061 - inference_perf.datagen.replay.replay_graph_session_datagen - INFO - Dispatching session wekatrace283_d7f31968de8975996048824bdc2a097eb6cb: 181 events
2026-10-02 00:04:04,065 - inference_perf.datagen.replay.replay_graph_session_datagen - INFO - Dispatching session wekatrace39_263134ce70d475337deb473aadc255479210: 63 events
2026-10-02 00:04:04,068 - inference_perf.datagen.replay.replay_graph_session_datagen - INFO - Dispatching session wekatrace10_095a5152ab8fc1cdc847612872a01525cd1b: 91 events
2026-10-02 00:04:04,082 - inference_perf.datagen.replay.replay_graph_session_datagen - INFO - Dispatching session wekatrace183_9b3bbac0341e3f179e66e73a1f84f26b62b6: 57 events
2026-10-02 00:04:04,083 - inference_perf.datagen.replay.replay_graph_session_datagen - INFO - Dispatching session wekatrace120_66eca77264acd8d1c1e95da8065f3e726e8c: 40 events
2026-10-02 00:04:04,084 - inference_perf.datagen.replay.replay_graph_session_datagen - INFO - Dispatching session wekatrace334_fe1aaa31badf4f218622e630f7c002dcbc18: 131 events
2026-10-02 00:04:04,088 - inference_perf.datagen.replay.replay_graph_session_datagen - INFO - Dispatching session wekatrace193_a1bfbc403e0ae7ae35051047b2230c978e1f: 352 events
2026-10-02 00:04:04,099 - inference_perf.datagen.replay.replay_graph_session_datagen - INFO - Dispatching session wekatrace324_f3852e8ca1ac3887151243be3467e483d725: 63 events
2026-10-02 00:04:04,101 - inference_perf.datagen.replay.replay_graph_session_datagen - INFO - Dispatching session wekatrace247_c0e1ecfc9e7108c799ebc6558042d892b1a5: 50 events
2026-10-02 00:04:04,103 - inference_perf.datagen.replay.replay_graph_session_datagen - INFO - Dispatching session wekatrace44_27bf77bcaaf2b6d2210bdbdab4934348f322: 30 events
2026-10-02 00:04:04,106 - inference_perf.datagen.replay.replay_graph_session_datagen - INFO - Dispatching session wekatrace57_300134008d4cc98f288179ea9dd9314f140c: 57 events
2026-10-02 00:04:04,107 - inference_perf.datagen.replay.replay_graph_session_datagen - INFO - Dispatching session wekatrace280_d4ecfcf5989d3eee18eec421184389148aa4: 31 events
2026-10-02 00:04:04,108 - inference_perf.datagen.replay.replay_graph_session_datagen - INFO - Dispatching session wekatrace315_f00e5dd80060aadcdd51f987a767800dab73: 253 events
2026-10-02 00:04:04,116 - inference_perf.datagen.replay.replay_graph_session_datagen - INFO - Dispatching session wekatrace305_e6d72440992899f6329ab4974985e3a43db4: 139 events
2026-10-02 00:04:04,119 - inference_perf.datagen.replay.replay_graph_session_datagen - INFO - Dispatching session wekatrace131_760634f36fb9e0e04dd81f3355ce8738c842: 33 events
2026-10-02 00:04:04,121 - inference_perf.datagen.replay.replay_graph_session_datagen - INFO - Dispatching session wekatrace88_4b5b583d4736a4399d3e5222be38f78d80c8: 160 events
2026-10-02 00:04:04,125 - inference_perf.datagen.replay.replay_graph_session_datagen - INFO - Dispatching session wekatrace259_caab1fdac91bcd159e3abb0606dd85c97f41: 24 events
2026-10-02 00:04:04,125 - inference_perf.datagen.replay.replay_graph_session_datagen - INFO - Dispatching session wekatrace331_f81ed47b5437c65860a614f86695c35ba363: 27 events
2026-10-02 00:04:04,126 - inference_perf.datagen.replay.replay_graph_session_datagen - INFO - Dispatching session wekatrace89_4b5c653bebf2b1a49753fd5919f8c14a29ae: 137 events
2026-10-02 00:04:04,129 - inference_perf.datagen.replay.replay_graph_session_datagen - INFO - Dispatching session wekatrace218_ae38ae775e168171b2d7513c1c7dee412a2b: 69 events
2026-10-02 00:04:04,130 - inference_perf.datagen.replay.replay_graph_session_datagen - INFO - Dispatching session wekatrace133_76f66f1802d3f394d05477f8decd4386f512: 49 events
2026-10-02 00:04:04,131 - inference_perf.datagen.replay.replay_graph_session_datagen - INFO - Dispatching session wekatrace189_9f20e7ac308c284e5218e06abb1e59c04c2e: 72 events
2026-10-02 00:04:04,139 - inference_perf.datagen.replay.replay_graph_session_datagen - INFO - Dispatching session wekatrace173_91ad17460dcb2ac7c54ef37a45507e8d5e4e: 139 events
2026-10-02 00:04:04,144 - inference_perf.datagen.replay.replay_graph_session_datagen - INFO - Dispatching session wekatrace321_f25cdaf2290264e23187558d177f96ca00dd: 146 events
2026-10-02 00:04:04,148 - inference_perf.datagen.replay.replay_graph_session_datagen - INFO - Dispatching session wekatrace112_5f0d3b0b3bf6d4954364ce0991f77e473a42: 108 events
2026-10-02 00:04:04,150 - inference_perf.datagen.replay.replay_graph_session_datagen - INFO - Dispatching session wekatrace97_5205240fa8f546d231b220f7b82e394dcd79: 35 events
2026-10-02 00:04:04,151 - inference_perf.datagen.replay.replay_graph_session_datagen - INFO - Dispatching session wekatrace227_b3975a6a874ca7e6789ac3364731e500146f: 121 events
2026-10-02 00:04:04,154 - inference_perf.datagen.replay.replay_graph_session_datagen - INFO - Dispatching session wekatrace294_e29f4e0501d4d5060c0594fc09175936ba1f: 66 events
2026-10-02 00:04:04,155 - inference_perf.datagen.replay.replay_graph_session_datagen - INFO - Dispatching session wekatrace175_95779044cc58023c929e52070a6df2cf2b91: 97 events
2026-10-02 00:04:04,157 - inference_perf.datagen.replay.replay_graph_session_datagen - INFO - Dispatching session wekatrace60_331adc4fafe640bd88b0f985d795b2a401fc: 100 events
2026-10-02 00:04:04,159 - inference_perf.datagen.replay.replay_graph_session_datagen - INFO - Dispatching session wekatrace145_7f7d606bf00e14f644cdbd3f018b3f69378d: 143 events
2026-10-02 00:04:04,162 - inference_perf.datagen.replay.replay_graph_session_datagen - INFO - Dispatching session wekatrace71_3eaabf7d2b95305a97f5da28d76bd8703c70: 30 events
2026-10-02 00:04:04,163 - inference_perf.datagen.replay.replay_graph_session_datagen - INFO - Dispatching session wekatrace248_c14d470c05bfa470de9004b38c3d34eb9267: 128 events
2026-10-02 00:04:04,174 - inference_perf.datagen.replay.replay_graph_session_datagen - INFO - Dispatching session wekatrace245_c03e35003893d05b83ddec10c77f479d5f04: 42 events
2026-10-02 00:04:04,178 - inference_perf.datagen.replay.replay_graph_session_datagen - INFO - Dispatching session wekatrace268_d1148414f9bc0a6280b42d3e4ba2dc9b53a3: 129 events
2026-10-02 00:04:04,180 - inference_perf.datagen.replay.replay_graph_session_datagen - INFO - Dispatching session wekatrace12_09c188c8b9201ec2046cc2df702623fef33e: 60 events
2026-10-02 00:04:04,183 - inference_perf.datagen.replay.replay_graph_session_datagen - INFO - Dispatching session wekatrace79_4478fb9a56bffd5bbd98ff44475608113f41: 122 events
2026-10-02 00:04:04,185 - inference_perf.datagen.replay.replay_graph_session_datagen - INFO - Dispatching session wekatrace21_116cb8d945f9d0810e788e51e3744adaab74: 23 events
2026-10-02 00:04:04,186 - inference_perf.datagen.replay.replay_graph_session_datagen - INFO - Dispatching session wekatrace98_52e8a29ecc05a5bc74fec73a49fa0ea0c6e5: 106 events
2026-10-02 00:04:04,188 - inference_perf.datagen.replay.replay_graph_session_datagen - INFO - Dispatching session wekatrace265_cf870339ff35290d4c4df5bc5cc4d9431b92: 77 events
2026-10-02 00:04:04,195 - inference_perf.datagen.replay.replay_graph_session_datagen - INFO - Dispatching session wekatrace236_b9952b717179fe28e9e3fa258c531e5d05ef: 285 events
2026-10-02 00:04:04,199 - inference_perf.datagen.replay.replay_graph_session_datagen - INFO - Dispatching session wekatrace136_79195953f2b41ecedb809ab4eb5ad2559a16: 244 events
2026-10-02 00:04:04,205 - inference_perf.datagen.replay.replay_graph_session_datagen - INFO - Dispatching session wekatrace258_ca8c494fa282db0e4bb1bc59b339e8071a85: 21 events
2026-10-02 00:04:04,206 - inference_perf.datagen.replay.replay_graph_session_datagen - INFO - Dispatching session wekatrace269_d1e9dc549473defa20175f9d1a8375b098c9: 25 events
2026-10-02 00:04:04,206 - inference_perf.datagen.replay.replay_graph_session_datagen - INFO - Dispatching session wekatrace96_50a90c78c331d870bee11b87bb240f00d9ee: 73 events
2026-10-02 00:04:04,208 - inference_perf.datagen.replay.replay_graph_session_datagen - INFO - Dispatching session wekatrace171_912f15fcd1728b9686d342f07571b5c833a6: 321 events
2026-10-02 00:04:04,216 - inference_perf.datagen.replay.replay_graph_session_datagen - INFO - Dispatching session wekatrace159_8a40e1e0fd4408fd008f69ba3169f079912b: 78 events
2026-10-02 00:04:04,218 - inference_perf.datagen.replay.replay_graph_session_datagen - INFO - Dispatching session wekatrace219_ae61ad714c0dbc6eee31ebd673bddd3e6f6f: 322 events
2026-10-02 00:04:04,228 - inference_perf.datagen.replay.replay_graph_session_datagen - INFO - Dispatching session wekatrace87_4ab6db64fcc354375b87b219764a9cbc5aa3: 32 events
2026-10-02 00:04:04,229 - inference_perf.datagen.replay.replay_graph_session_datagen - INFO - Dispatching session wekatrace201_a51cdf5df5c9687d77a573b19a228728e45b: 41 events
2026-10-02 00:04:04,230 - inference_perf.datagen.replay.replay_graph_session_datagen - INFO - Dispatching session wekatrace138_792a769fe13dd05abd68d240f774472e5340: 28 events
2026-10-02 00:04:04,231 - inference_perf.datagen.replay.replay_graph_session_datagen - INFO - Dispatching session wekatrace316_f02519b0a1c78d3e61c31d06b41c518d827e: 116 events
2026-10-02 00:04:04,235 - inference_perf.datagen.replay.replay_graph_session_datagen - INFO - Dispatching session wekatrace15_0c70490e175492606971b6979cfbef9c094f: 47 events
2026-10-02 00:04:04,236 - inference_perf.datagen.replay.replay_graph_session_datagen - INFO - Dispatching session wekatrace67_3b87c0e23861fdc2e2351fbe9c7f69668069: 113 events
2026-10-02 00:04:04,239 - inference_perf.datagen.replay.replay_graph_session_datagen - INFO - Dispatching session wekatrace184_9caaf8d22b815d8ec8e90b120f057906a81d: 28 events
2026-10-02 00:04:04,239 - inference_perf.datagen.replay.replay_graph_session_datagen - INFO - Dispatching session wekatrace182_9a47a25e8bb87492c599e8f1139c3333956e: 43 events
2026-10-02 00:04:04,240 - inference_perf.datagen.replay.replay_graph_session_datagen - INFO - Dispatching session wekatrace273_d2cb3ab225bf904aad72203cf7e904b90432: 23 events
2026-10-02 00:04:04,245 - inference_perf.datagen.replay.replay_graph_session_datagen - INFO - Dispatching session wekatrace195_a258646b7b14707796583cb63732cb145d23: 360 events
2026-10-02 00:04:04,255 - inference_perf.datagen.replay.replay_graph_session_datagen - INFO - Dispatching session wekatrace70_3d3bd73c61922b4c3c9833ee94391f3a728a: 58 events
2026-10-02 00:04:04,257 - inference_perf.datagen.replay.replay_graph_session_datagen - INFO - Dispatching session wekatrace124_7053adfcfbb77d730e5790ff46de93c461eb: 97 events
2026-10-02 00:04:04,260 - inference_perf.datagen.replay.replay_graph_session_datagen - INFO - Dispatching session wekatrace187_9e74ad6f4f9be07727dd4586eb936301298a: 49 events
2026-10-02 00:04:04,261 - inference_perf.datagen.replay.replay_graph_session_datagen - INFO - Dispatching session wekatrace289_de9c8c5feff1c38c78bc80a3bca9ba153f1a: 63 events
2026-10-02 00:04:04,263 - inference_perf.datagen.replay.replay_graph_session_datagen - INFO - Dispatching session wekatrace119_6655cd019b86440a42e54d1024c79673c919: 94 events
2026-10-02 00:04:04,266 - inference_perf.datagen.replay.replay_graph_session_datagen - INFO - Dispatching session wekatrace242_be8cbe86fa39534cb8534bf53f4d79fec596: 27 events
2026-10-02 00:04:04,267 - inference_perf.datagen.replay.replay_graph_session_datagen - INFO - Dispatching session wekatrace103_56d419682c5e52c26fe72210877eabb70359: 300 events
2026-10-02 00:04:04,276 - inference_perf.datagen.replay.replay_graph_session_datagen - INFO - Dispatching session wekatrace113_60f80e6bffe54ed25eb7eea307649a8fdf06: 31 events
2026-10-02 00:04:04,283 - inference_perf.datagen.replay.replay_graph_session_datagen - INFO - Dispatching session wekatrace16_0d75185d4e958ad360c16451eaa95d508edf: 210 events
2026-10-02 00:04:04,290 - inference_perf.datagen.replay.replay_graph_session_datagen - INFO - Dispatching session wekatrace92_4d9a5d6076d2e738ba1c7531c8405acffb2a: 86 events
2026-10-02 00:04:04,292 - inference_perf.datagen.replay.replay_graph_session_datagen - INFO - Dispatching session wekatrace1_01fece675b92efe07620225cd69c3884f774: 28 events
2026-10-02 00:04:04,293 - inference_perf.datagen.replay.replay_graph_session_datagen - INFO - Dispatching session wekatrace223_b0d0355c29b9b267314c792b9555936f01d6: 48 events
2026-10-02 00:04:04,294 - inference_perf.datagen.replay.replay_graph_session_datagen - INFO - Dispatching session wekatrace274_d32116118ad8f4cb101915fe12a273e6e13a: 25 events
2026-10-02 00:04:04,294 - inference_perf.datagen.replay.replay_graph_session_datagen - INFO - Dispatching session wekatrace93_4de7af6e9af97b3da8ebcf2817362fbfebc0: 102 events
2026-10-02 00:04:04,296 - inference_perf.datagen.replay.replay_graph_session_datagen - INFO - Dispatching session wekatrace11_09a5d415a7157ed48a5a6fa2711f2d8565c1: 243 events
2026-10-02 00:04:04,301 - inference_perf.datagen.replay.replay_graph_session_datagen - INFO - Dispatching session wekatrace91_4d31a8c14c39af1c31a386144a00b042397d: 37 events
2026-10-02 00:04:04,302 - inference_perf.datagen.replay.replay_graph_session_datagen - INFO - Dispatching session wekatrace179_994eeb65edeb127ae7995d0817105c91c361: 24 events
2026-10-02 00:04:04,302 - inference_perf.datagen.replay.replay_graph_session_datagen - INFO - Dispatching session wekatrace255_c8ad4fa8b80abe7fe8c9ad94541541e5f30f: 36 events
2026-10-02 00:04:04,303 - inference_perf.datagen.replay.replay_graph_session_datagen - INFO - Dispatching session wekatrace176_965b5be429f249d627b6c01870beab5eb252: 55 events
2026-10-02 00:04:04,304 - inference_perf.datagen.replay.replay_graph_session_datagen - INFO - Dispatching session wekatrace110_5b63c2aa30f153add9bf20ba1a7fcbb78a7c: 33 events
2026-10-02 00:04:04,305 - inference_perf.datagen.replay.replay_graph_session_datagen - INFO - Dispatching session wekatrace49_2b971773e1889a7692523d5cc0a78a0361cb: 43 events
2026-10-02 00:04:04,306 - inference_perf.datagen.replay.replay_graph_session_datagen - INFO - Dispatching session wekatrace100_5513272a824aa3ac37c175bb4b8e4ccf821f: 161 events
2026-10-02 00:04:04,308 - inference_perf.datagen.replay.replay_graph_session_datagen - INFO - Dispatching session wekatrace266_d0ba3f3cf4f0f42e6087d3a6d3569fd4a3ba: 48 events
2026-10-02 00:04:04,313 - inference_perf.datagen.replay.replay_graph_session_datagen - INFO - Dispatching session wekatrace126_72ecc38f835b767dffb42e14f1e35159520b: 235 events
2026-10-02 00:04:04,317 - inference_perf.datagen.replay.replay_graph_session_datagen - INFO - Dispatching session wekatrace314_ef1c394f9e17da77dcb5bd5e36ed4db0c6a2: 253 events
2026-10-02 00:04:04,321 - inference_perf.datagen.replay.replay_graph_session_datagen - INFO - Dispatching session wekatrace277_d4658b2f25092064e10cb5bbe11b34cc0ea7: 173 events
2026-10-02 00:04:04,327 - inference_perf.datagen.replay.replay_graph_session_datagen - INFO - Dispatching session wekatrace296_e32037bc5e6b0e117006be07e3e6736ff7b3: 42 events
2026-10-02 00:04:04,328 - inference_perf.datagen.replay.replay_graph_session_datagen - INFO - Dispatching session wekatrace166_8f2283fae5c7f00025b1bb01bad3f14e65c2: 31 events
2026-10-02 00:04:04,329 - inference_perf.datagen.replay.replay_graph_session_datagen - INFO - Dispatching session wekatrace221_afd3f3a1ccdb67fcb1022499a9a507842fad: 32 events
2026-10-02 00:04:04,330 - inference_perf.datagen.replay.replay_graph_session_datagen - INFO - Dispatching session wekatrace254_c77dd8cc2226e8008cadf79ab79b3b3299c6: 22 events
2026-10-02 00:04:04,331 - inference_perf.datagen.replay.replay_graph_session_datagen - INFO - Dispatching session wekatrace180_999cd8f2bf5389b17a4cd0b67dce25046859: 48 events
2026-10-02 00:04:04,332 - inference_perf.datagen.replay.replay_graph_session_datagen - INFO - Dispatching session wekatrace287_dcdb91dea85c2e3a900d5372ead832a944ee: 69 events
2026-10-02 00:04:04,334 - inference_perf.datagen.replay.replay_graph_session_datagen - INFO - Dispatching session wekatrace178_98487e95da7b7251318a1bf4ed04f9c83922: 45 events
2026-10-02 00:04:04,335 - inference_perf.datagen.replay.replay_graph_session_datagen - INFO - Dispatching session wekatrace215_ad2d0707607579ecd99018884c833228434a: 25 events
2026-10-02 00:04:04,336 - inference_perf.datagen.replay.replay_graph_session_datagen - INFO - Dispatching session wekatrace148_814ae6ec34943383bc8ed49ecf99c6816da9: 38 events
2026-10-02 00:04:04,337 - inference_perf.datagen.replay.replay_graph_session_datagen - INFO - Dispatching session wekatrace307_e94b7664aeaa513924f1e5426608b8e88977: 53 events
2026-10-02 00:04:04,338 - inference_perf.datagen.replay.replay_graph_session_datagen - INFO - Dispatching session wekatrace335_fe5ce39a5dc42b851ce91a792d3d628d92c1: 24 events
2026-10-02 00:04:04,338 - inference_perf.datagen.replay.replay_graph_session_datagen - INFO - Dispatching session wekatrace47_2a33d976372a63da5f0fdfe4705e9f7e2a01: 25 events
2026-10-02 00:04:04,339 - inference_perf.datagen.replay.replay_graph_session_datagen - INFO - Dispatching session wekatrace318_f11a8e5c3b44a6345acfabf160e8fc29bb14: 90 events
2026-10-02 00:04:04,340 - inference_perf.datagen.replay.replay_graph_session_datagen - INFO - Dispatching session wekatrace74_40b9e8d2a8419b1139f7cd0fda216cce1387: 31 events
2026-10-02 00:04:04,341 - inference_perf.datagen.replay.replay_graph_session_datagen - INFO - Dispatching session wekatrace291_e084564d4f5a400f78f55a670403189f9118: 21 events
2026-10-02 00:04:04,342 - inference_perf.datagen.replay.replay_graph_session_datagen - INFO - Dispatching session wekatrace23_13762df76dba635a268bf3acbb30bfffed63: 26 events
2026-10-02 00:04:04,342 - inference_perf.datagen.replay.replay_graph_session_datagen - INFO - Dispatching session wekatrace292_e16bc3f555ee6d5e54115256b7a90c9f3377: 32 events
2026-10-02 00:04:04,343 - inference_perf.datagen.replay.replay_graph_session_datagen - INFO - Dispatching session wekatrace311_ecee504cf3f4290c08c5ab163a2cbbad9342: 107 events
2026-10-02 00:04:04,345 - inference_perf.datagen.replay.replay_graph_session_datagen - INFO - Dispatching session wekatrace232_b8d5094dca420ca207f4dcfbcc7b5567f69e: 173 events
2026-10-02 00:04:04,348 - inference_perf.datagen.replay.replay_graph_session_datagen - INFO - Dispatching session wekatrace329_f778fed7b3253560bde80305144b6e81a7ee: 21 events
2026-10-02 00:04:04,349 - inference_perf.datagen.replay.replay_graph_session_datagen - INFO - Dispatching session wekatrace125_7181d2c7411c3b52dddd3926690a0a292ce9: 55 events
2026-10-02 00:04:04,350 - inference_perf.datagen.replay.replay_graph_session_datagen - INFO - Dispatching session wekatrace190_a0e492862f175caaeeb035530a09b57c2a05: 301 events
2026-10-02 00:04:04,356 - inference_perf.datagen.replay.replay_graph_session_datagen - INFO - Dispatching session wekatrace38_219331470ffaa5388ff9d7d8da92f5dc575b: 55 events
2026-10-02 00:04:04,357 - inference_perf.datagen.replay.replay_graph_session_datagen - INFO - Dispatching session wekatrace161_8af31f7082eeb02716b62ab9966e5afc37da: 66 events
2026-10-02 00:04:04,358 - inference_perf.datagen.replay.replay_graph_session_datagen - INFO - Dispatching session wekatrace263_cddb45cf3e7d11a7dfd906159ae64f7d7eb4: 369 events
2026-10-02 00:04:04,366 - inference_perf.datagen.replay.replay_graph_session_datagen - INFO - Dispatching session wekatrace282_d7af8566af906ea3643ae2adaef536c1b243: 250 events
2026-10-02 00:04:04,372 - inference_perf.datagen.replay.replay_graph_session_datagen - INFO - Dispatching session wekatrace249_c29d444bd1308da90ed0801376dc3af67ad6: 96 events
2026-10-02 00:04:04,374 - inference_perf.datagen.replay.replay_graph_session_datagen - INFO - Dispatching session wekatrace106_5807d9900a9a0640057729b4f096a836c329: 286 events
2026-10-02 00:04:04,380 - inference_perf.datagen.replay.replay_graph_session_datagen - INFO - Dispatching session wekatrace69_3cca189d2bde3942c589dd39724f2eae7479: 24 events
2026-10-02 00:04:04,381 - inference_perf.datagen.replay.replay_graph_session_datagen - INFO - Dispatching session wekatrace36_20821cf092022b08be8c97d438b5f8003ee7: 175 events
2026-10-02 00:04:04,384 - inference_perf.datagen.replay.replay_graph_session_datagen - INFO - Dispatching session wekatrace115_62cca00b06fb53edeb2df4b2365681932291: 67 events
2026-10-02 00:04:04,385 - inference_perf.datagen.replay.replay_graph_session_datagen - INFO - Dispatching session wekatrace94_4e7e9da6007f4fdebede92e497cafdc8362b: 23 events
2026-10-02 00:04:04,386 - inference_perf.datagen.replay.replay_graph_session_datagen - INFO - Dispatching session wekatrace137_791fc77464d5445a3f9e9cb14970a399a12e: 47 events
2026-10-02 00:04:04,387 - inference_perf.datagen.replay.replay_graph_session_datagen - INFO - Dispatching session wekatrace211_aba22d57224dd0adf249d20c46de840afd75: 64 events
2026-10-02 00:04:04,391 - inference_perf.datagen.replay.replay_graph_session_datagen - INFO - Dispatching session wekatrace177_96afe650c6da22ce32b05d3579c2fa028461: 36 events
2026-10-02 00:04:04,392 - inference_perf.datagen.replay.replay_graph_session_datagen - INFO - Dispatching session wekatrace42_277f03fe965658e3e16abec6ca7b11f894b7: 86 events
2026-10-02 00:04:04,393 - inference_perf.datagen.replay.replay_graph_session_datagen - INFO - Dispatching session wekatrace290_df6314449cba6dd7bb1de04f7aadb86328d0: 88 events
2026-10-02 00:04:04,395 - inference_perf.datagen.replay.replay_graph_session_datagen - INFO - Dispatching session wekatrace169_90b3445b5fec003346fb49dac092a3614e35: 28 events
2026-10-02 00:04:04,395 - inference_perf.datagen.replay.replay_graph_session_datagen - INFO - Dispatching session wekatrace225_b283484d4fbd0c43f195bf6fe0a6c8dd28a6: 88 events
2026-10-02 00:04:04,397 - inference_perf.datagen.replay.replay_graph_session_datagen - INFO - Dispatching session wekatrace243_bea7dc50de14489cd502c85c419f46aa7c88: 84 events
2026-10-02 00:04:04,399 - inference_perf.datagen.replay.replay_graph_session_datagen - INFO - Dispatching session wekatrace309_ebbf282a2f398b574516c0e3f3e4f59b54ab: 119 events
2026-10-02 00:04:04,401 - inference_perf.datagen.replay.replay_graph_session_datagen - INFO - Dispatching session wekatrace32_1d52c891bba8f47980ab604cb293e91056ef: 143 events
2026-10-02 00:04:04,405 - inference_perf.datagen.replay.replay_graph_session_datagen - INFO - Dispatching session wekatrace19_0f9870e68e496146a60b68dd3f0aba9aced2: 80 events
2026-10-02 00:04:04,407 - inference_perf.datagen.replay.replay_graph_session_datagen - INFO - Dispatching session wekatrace256_c8f877295ddac513c8f34519f4aa7c9ba7c2: 322 events
2026-10-02 00:04:04,412 - inference_perf.datagen.replay.replay_graph_session_datagen - INFO - Dispatching session wekatrace50_2c3e52bf4e687293e9fb70cba1c1786dceea: 21 events
2026-10-02 00:04:04,413 - inference_perf.datagen.replay.replay_graph_session_datagen - INFO - Dispatching session wekatrace209_aa6c46e7d866043082756fb2fa396dba1523: 176 events
2026-10-02 00:04:04,416 - inference_perf.datagen.replay.replay_graph_session_datagen - INFO - Dispatching session wekatrace264_cec8ee955fd0c9d2fe7931d8da7da2757f28: 21 events
2026-10-02 00:04:04,417 - inference_perf.datagen.replay.replay_graph_session_datagen - INFO - Dispatching session wekatrace45_27cf2ada39b896fea5580c895bfbd4119490: 84 events
2026-10-02 00:04:04,419 - inference_perf.datagen.replay.replay_graph_session_datagen - INFO - Dispatching session wekatrace216_ad33eb12484f8a683db9db76ac4dacc40809: 149 events
2026-10-02 00:04:04,421 - inference_perf.datagen.replay.replay_graph_session_datagen - INFO - Dispatching session wekatrace41_2724a8458d82a2ce14824ac577ef48297397: 64 events
2026-10-02 00:04:04,422 - inference_perf.datagen.replay.replay_graph_session_datagen - INFO - Dispatching session wekatrace214_acbce458d2237f6e569c5e7bd386d226f466: 53 events
2026-10-02 00:04:04,423 - inference_perf.datagen.replay.replay_graph_session_datagen - INFO - Dispatching session wekatrace130_7535c4f09c83c2e8d9ffa273cfca76b53871: 84 events
2026-10-02 00:04:04,426 - inference_perf.datagen.replay.replay_graph_session_datagen - INFO - Dispatching session wekatrace151_85464920f1ce7d1c5c4e35dce6c8125020b7: 36 events
2026-10-02 00:04:04,426 - inference_perf.datagen.replay.replay_graph_session_datagen - INFO - Dispatching session wekatrace192_a13d6d6e2e237d2f54d9d9e60a813bf9b660: 287 events
2026-10-02 00:04:04,433 - inference_perf.datagen.replay.replay_graph_session_datagen - INFO - Dispatching session wekatrace75_40f6b0a41facc7166110ec6f649e0d93567d: 28 events
2026-10-02 00:04:04,433 - inference_perf.datagen.replay.replay_graph_session_datagen - INFO - Dispatching session wekatrace43_2781d1fa9a22e982996948283bbcd3136c44: 21 events
2026-10-02 00:04:04,434 - inference_perf.datagen.replay.replay_graph_session_datagen - INFO - Dispatching session wekatrace4_04b25fe5b2ffa5e7ec9890426cce59838a05: 138 events
2026-10-02 00:04:04,438 - inference_perf.datagen.replay.replay_graph_session_datagen - INFO - Dispatching session wekatrace156_887b20cf4054809c33bc947d99188af08149: 70 events
2026-10-02 00:04:04,439 - inference_perf.datagen.replay.replay_graph_session_datagen - INFO - Dispatching session wekatrace168_905c177e85c26620cde0957e45af6d8ae1bd: 21 events
2026-10-02 00:04:04,440 - inference_perf.datagen.replay.replay_graph_session_datagen - INFO - Dispatching session wekatrace303_e5fbd6dfd130daf14f0059747c5481e7503e: 172 events
2026-10-02 00:04:04,443 - inference_perf.datagen.replay.replay_graph_session_datagen - INFO - Dispatching session wekatrace135_7914626c2fc4027b8c3006f4a05e63c8d395: 33 events
2026-10-02 00:04:04,443 - inference_perf.datagen.replay.replay_graph_session_datagen - INFO - Dispatching session wekatrace122_6b47c7b9791176dede513203e7c5fe2cdd43: 192 events
2026-10-02 00:04:04,448 - inference_perf.datagen.replay.replay_graph_session_datagen - INFO - Dispatching session wekatrace246_c0aa708812050845e793abe7de5d4a727aee: 93 events
2026-10-02 00:04:04,450 - inference_perf.datagen.replay.replay_graph_session_datagen - INFO - Dispatching session wekatrace241_be3393ba8b54e311b15ee6bfd0de19f2acff: 189 events
2026-10-02 00:04:04,455 - inference_perf.datagen.replay.replay_graph_session_datagen - INFO - Dispatching session wekatrace30_1bcc4b9e1b6ea6ea9f516669e92ab788f1e4: 60 events
2026-10-02 00:04:04,456 - inference_perf.datagen.replay.replay_graph_session_datagen - INFO - Dispatching session wekatrace114_61008926cac879d7ac099f873f3edb3c75ee: 20 events
2026-10-02 00:04:04,456 - inference_perf.datagen.replay.replay_graph_session_datagen - INFO - Dispatching session wekatrace134_77bae5d739432ad05f38c2af34a0daefe457: 286 events
2026-10-02 00:38:20,826 - inference_perf.datagen.replay.replay_graph_session_datagen - ERROR - Request failed for event wekatrace87_4ab6db64fcc354375b87b219764a9cbc5aa3:event_002_parent_turn_2: TimeoutError: 
2026-10-02 00:38:20,828 - inference_perf.datagen.replay.replay_graph_session_datagen - INFO - Session wekatrace87_4ab6db64fcc354375b87b219764a9cbc5aa3 failure notification sent to main process (cancelled_events=29)
2026-10-02 00:38:20,828 - inference_perf.client.modelserver.openai_client - ERROR - 
Traceback (most recent call last):
  File "/workspace/.venv/lib/python3.12/site-packages/aiohttp/streams.py", line 365, in _wait
    await waiter
asyncio.exceptions.CancelledError

The above exception was the direct cause of the following exception:

Traceback (most recent call last):
  File "/workspace/inference_perf/apis/streaming_parser.py", line 84, in parse_sse_stream
    async for chunk in response.content.iter_any():
  File "/workspace/.venv/lib/python3.12/site-packages/aiohttp/streams.py", line 46, in __anext__
    rv = await self.read_func()
         ^^^^^^^^^^^^^^^^^^^^^^
  File "/workspace/.venv/lib/python3.12/site-packages/aiohttp/streams.py", line 460, in readany
    await self._wait("readany")
  File "/workspace/.venv/lib/python3.12/site-packages/aiohttp/streams.py", line 364, in _wait
    with self._timer:
         ^^^^^^^^^^^
  File "/workspace/.venv/lib/python3.12/site-packages/aiohttp/helpers.py", line 759, in __exit__
    raise asyncio.TimeoutError from exc_val
TimeoutError

The above exception was the direct cause of the following exception:

Traceback (most recent call last):
  File "/workspace/inference_perf/client/modelserver/openai_client.py", line 557, in process_request
    info = await data.process_response(
           ^^^^^^^^^^^^^^^^^^^^^^^^^^^^
  File "/workspace/inference_perf/datagen/replay/replay_graph_session_datagen.py", line 1039, in process_response
    text_content, chunk_times, raw_content, response_chunks, server_usage = await parse_sse_stream(
                                                                            ^^^^^^^^^^^^^^^^^^^^^^^
  File "/workspace/inference_perf/apis/streaming_parser.py", line 119, in parse_sse_stream
    raise StreamInterruptedError(e, raw_content.decode("utf-8", errors="ignore")) from e
inference_perf.apis.streaming_parser.StreamInterruptedError
2026-10-02 00:38:20,833 - inference_perf.datagen.replay.replay_graph_session_datagen - INFO - Event wekatrace87_4ab6db64fcc354375b87b219764a9cbc5aa3:event_003_parent_turn_3 skipping — predecessor failed
2026-10-02 00:38:20,833 - inference_perf.datagen.replay.replay_graph_session_datagen - INFO - Event wekatrace87_4ab6db64fcc354375b87b219764a9cbc5aa3:event_004_parent_turn_4 skipping — predecessor failed
2026-10-02 00:38:20,833 - inference_perf.datagen.replay.replay_graph_session_datagen - INFO - Event wekatrace87_4ab6db64fcc354375b87b219764a9cbc5aa3:event_005_parent_turn_5 skipping — predecessor failed
2026-10-02 00:38:20,833 - inference_perf.datagen.replay.replay_graph_session_datagen - INFO - Event wekatrace87_4ab6db64fcc354375b87b219764a9cbc5aa3:event_006_parent_turn_6 skipping — predecessor failed
2026-10-02 00:38:20,833 - inference_perf.datagen.replay.replay_graph_session_datagen - INFO - Event wekatrace87_4ab6db64fcc354375b87b219764a9cbc5aa3:event_007_parent_turn_7 skipping — predecessor failed
2026-10-02 00:38:20,834 - inference_perf.datagen.replay.replay_graph_session_datagen - INFO - Event wekatrace87_4ab6db64fcc354375b87b219764a9cbc5aa3:event_008_parent_turn_8 skipping — predecessor failed
2026-10-02 00:38:20,834 - inference_perf.datagen.replay.replay_graph_session_datagen - INFO - Event wekatrace87_4ab6db64fcc354375b87b219764a9cbc5aa3:event_009_parent_turn_9 skipping — predecessor failed
2026-10-02 00:38:20,834 - inference_perf.datagen.replay.replay_graph_session_datagen - INFO - Event wekatrace87_4ab6db64fcc354375b87b219764a9cbc5aa3:event_010_parent_turn_10 skipping — predecessor failed
2026-10-02 00:38:20,835 - inference_perf.datagen.replay.replay_graph_session_datagen - INFO - Event wekatrace87_4ab6db64fcc354375b87b219764a9cbc5aa3:event_011_parent_turn_11 skipping — predecessor failed
2026-10-02 00:38:20,835 - inference_perf.datagen.replay.replay_graph_session_datagen - INFO - Event wekatrace87_4ab6db64fcc354375b87b219764a9cbc5aa3:event_012_parent_turn_12 skipping — predecessor failed
2026-10-02 00:38:20,835 - inference_perf.datagen.replay.replay_graph_session_datagen - INFO - Event wekatrace87_4ab6db64fcc354375b87b219764a9cbc5aa3:event_013_parent_turn_13 skipping — predecessor failed
2026-10-02 00:38:20,835 - inference_perf.datagen.replay.replay_graph_session_datagen - INFO - Event wekatrace87_4ab6db64fcc354375b87b219764a9cbc5aa3:event_014_parent_turn_14 skipping — predecessor failed
2026-10-02 00:38:20,835 - inference_perf.datagen.replay.replay_graph_session_datagen - INFO - Event wekatrace87_4ab6db64fcc354375b87b219764a9cbc5aa3:event_015_parent_turn_15 skipping — predecessor failed
2026-10-02 00:38:20,835 - inference_perf.datagen.replay.replay_graph_session_datagen - INFO - Event wekatrace87_4ab6db64fcc354375b87b219764a9cbc5aa3:event_016_parent_turn_16 skipping — predecessor failed
2026-10-02 00:38:20,835 - inference_perf.datagen.replay.replay_graph_session_datagen - INFO - Event wekatrace87_4ab6db64fcc354375b87b219764a9cbc5aa3:event_017_parent_turn_17 skipping — predecessor failed
2026-10-02 00:38:20,836 - inference_perf.datagen.replay.replay_graph_session_datagen - INFO - Event wekatrace87_4ab6db64fcc354375b87b219764a9cbc5aa3:event_018_parent_turn_18 skipping — predecessor failed
2026-10-02 00:38:20,836 - inference_perf.datagen.replay.replay_graph_session_datagen - INFO - Event wekatrace87_4ab6db64fcc354375b87b219764a9cbc5aa3:event_019_parent_turn_19 skipping — predecessor failed
2026-10-02 00:38:20,836 - inference_perf.datagen.replay.replay_graph_session_datagen - INFO - Event wekatrace87_4ab6db64fcc354375b87b219764a9cbc5aa3:event_020_parent_turn_20 skipping — predecessor failed
2026-10-02 00:38:20,836 - inference_perf.datagen.replay.replay_graph_session_datagen - INFO - Event wekatrace87_4ab6db64fcc354375b87b219764a9cbc5aa3:event_021_parent_turn_21 skipping — predecessor failed
2026-10-02 00:38:20,836 - inference_perf.datagen.replay.replay_graph_session_datagen - INFO - Event wekatrace87_4ab6db64fcc354375b87b219764a9cbc5aa3:event_022_parent_turn_22 skipping — predecessor failed
2026-10-02 00:38:20,836 - inference_perf.datagen.replay.replay_graph_session_datagen - INFO - Event wekatrace87_4ab6db64fcc354375b87b219764a9cbc5aa3:event_023_parent_turn_23 skipping — predecessor failed
2026-10-02 00:38:20,836 - inference_perf.datagen.replay.replay_graph_session_datagen - INFO - Event wekatrace87_4ab6db64fcc354375b87b219764a9cbc5aa3:event_024_parent_turn_24 skipping — predecessor failed
2026-10-02 00:38:20,836 - inference_perf.datagen.replay.replay_graph_session_datagen - INFO - Event wekatrace87_4ab6db64fcc354375b87b219764a9cbc5aa3:event_025_parent_turn_25 skipping — predecessor failed
2026-10-02 00:38:20,836 - inference_perf.datagen.replay.replay_graph_session_datagen - INFO - Event wekatrace87_4ab6db64fcc354375b87b219764a9cbc5aa3:event_026_parent_turn_26 skipping — predecessor failed
2026-10-02 00:38:20,836 - inference_perf.datagen.replay.replay_graph_session_datagen - INFO - Dispatching session wekatrace270_d20b03f2967a012b850a6d88e7d424dbc5f4: 142 events
2026-10-02 00:38:20,837 - inference_perf.datagen.replay.replay_graph_session_datagen - INFO - Event wekatrace87_4ab6db64fcc354375b87b219764a9cbc5aa3:event_027_parent_turn_27 skipping — predecessor failed
2026-10-02 00:38:20,837 - inference_perf.datagen.replay.replay_graph_session_datagen - INFO - Event wekatrace87_4ab6db64fcc354375b87b219764a9cbc5aa3:event_028_parent_turn_28 skipping — predecessor failed
2026-10-02 00:38:20,837 - inference_perf.datagen.replay.replay_graph_session_datagen - INFO - Event wekatrace87_4ab6db64fcc354375b87b219764a9cbc5aa3:event_029_parent_turn_29 skipping — predecessor failed
2026-10-02 00:38:20,837 - inference_perf.datagen.replay.replay_graph_session_datagen - INFO - Event wekatrace87_4ab6db64fcc354375b87b219764a9cbc5aa3:event_030_parent_turn_30 skipping — predecessor failed
2026-10-02 00:38:20,837 - inference_perf.datagen.replay.replay_graph_session_datagen - INFO - Event wekatrace87_4ab6db64fcc354375b87b219764a9cbc5aa3:event_031_parent_turn_31 skipping — predecessor failed
2026-10-02 00:41:26,825 - inference_perf.datagen.replay.replay_graph_session_datagen - ERROR - Request failed for event wekatrace19_0f9870e68e496146a60b68dd3f0aba9aced2:event_002_parent_turn_2: TimeoutError: 
2026-10-02 00:41:26,827 - inference_perf.datagen.replay.replay_graph_session_datagen - INFO - Session wekatrace19_0f9870e68e496146a60b68dd3f0aba9aced2 failure notification sent to main process (cancelled_events=77)
2026-10-02 00:41:26,827 - inference_perf.client.modelserver.openai_client - ERROR - 
Traceback (most recent call last):
  File "/workspace/.venv/lib/python3.12/site-packages/aiohttp/streams.py", line 365, in _wait
    await waiter
asyncio.exceptions.CancelledError

The above exception was the direct cause of the following exception:

Traceback (most recent call last):
  File "/workspace/inference_perf/apis/streaming_parser.py", line 84, in parse_sse_stream
    async for chunk in response.content.iter_any():
  File "/workspace/.venv/lib/python3.12/site-packages/aiohttp/streams.py", line 46, in __anext__
    rv = await self.read_func()
         ^^^^^^^^^^^^^^^^^^^^^^
  File "/workspace/.venv/lib/python3.12/site-packages/aiohttp/streams.py", line 460, in readany
    await self._wait("readany")
  File "/workspace/.venv/lib/python3.12/site-packages/aiohttp/streams.py", line 364, in _wait
    with self._timer:
         ^^^^^^^^^^^
  File "/workspace/.venv/lib/python3.12/site-packages/aiohttp/helpers.py", line 759, in __exit__
    raise asyncio.TimeoutError from exc_val
TimeoutError

The above exception was the direct cause of the following exception:

Traceback (most recent call last):
  File "/workspace/inference_perf/client/modelserver/openai_client.py", line 557, in process_request
    info = await data.process_response(
           ^^^^^^^^^^^^^^^^^^^^^^^^^^^^
  File "/workspace/inference_perf/datagen/replay/replay_graph_session_datagen.py", line 1039, in process_response
    text_content, chunk_times, raw_content, response_chunks, server_usage = await parse_sse_stream(
                                                                            ^^^^^^^^^^^^^^^^^^^^^^^
  File "/workspace/inference_perf/apis/streaming_parser.py", line 119, in parse_sse_stream
    raise StreamInterruptedError(e, raw_content.decode("utf-8", errors="ignore")) from e
inference_perf.apis.streaming_parser.StreamInterruptedError
2026-10-02 00:41:26,831 - inference_perf.datagen.replay.replay_graph_session_datagen - INFO - Event wekatrace19_0f9870e68e496146a60b68dd3f0aba9aced2:event_003_parent_turn_3 skipping — predecessor failed
2026-10-02 00:41:26,832 - inference_perf.datagen.replay.replay_graph_session_datagen - INFO - Event wekatrace19_0f9870e68e496146a60b68dd3f0aba9aced2:event_004_parent_turn_4 skipping — predecessor failed
2026-10-02 00:41:26,832 - inference_perf.datagen.replay.replay_graph_session_datagen - INFO - Event wekatrace19_0f9870e68e496146a60b68dd3f0aba9aced2:event_005_parent_turn_5 skipping — predecessor failed
2026-10-02 00:41:26,833 - inference_perf.datagen.replay.replay_graph_session_datagen - INFO - Event wekatrace19_0f9870e68e496146a60b68dd3f0aba9aced2:event_006_parent_turn_6 skipping — predecessor failed
2026-10-02 00:41:26,833 - inference_perf.datagen.replay.replay_graph_session_datagen - INFO - Event wekatrace19_0f9870e68e496146a60b68dd3f0aba9aced2:event_007_parent_turn_7 skipping — predecessor failed
2026-10-02 00:41:26,833 - inference_perf.datagen.replay.replay_graph_session_datagen - INFO - Event wekatrace19_0f9870e68e496146a60b68dd3f0aba9aced2:event_008_parent_turn_8 skipping — predecessor failed
2026-10-02 00:41:26,833 - inference_perf.datagen.replay.replay_graph_session_datagen - INFO - Event wekatrace19_0f9870e68e496146a60b68dd3f0aba9aced2:event_009_parent_turn_9 skipping — predecessor failed
2026-10-02 00:41:26,833 - inference_perf.datagen.replay.replay_graph_session_datagen - INFO - Event wekatrace19_0f9870e68e496146a60b68dd3f0aba9aced2:event_010_parent_turn_10 skipping — predecessor failed
2026-10-02 00:41:26,833 - inference_perf.datagen.replay.replay_graph_session_datagen - INFO - Event wekatrace19_0f9870e68e496146a60b68dd3f0aba9aced2:event_011_parent_turn_11 skipping — predecessor failed
2026-10-02 00:41:26,833 - inference_perf.datagen.replay.replay_graph_session_datagen - INFO - Event wekatrace19_0f9870e68e496146a60b68dd3f0aba9aced2:event_012_parent_turn_12 skipping — predecessor failed
2026-10-02 00:41:26,833 - inference_perf.datagen.replay.replay_graph_session_datagen - INFO - Event wekatrace19_0f9870e68e496146a60b68dd3f0aba9aced2:event_013_parent_turn_13 skipping — predecessor failed
2026-10-02 00:41:26,833 - inference_perf.datagen.replay.replay_graph_session_datagen - INFO - Event wekatrace19_0f9870e68e496146a60b68dd3f0aba9aced2:event_014_parent_turn_14 skipping — predecessor failed
2026-10-02 00:41:26,834 - inference_perf.datagen.replay.replay_graph_session_datagen - INFO - Event wekatrace19_0f9870e68e496146a60b68dd3f0aba9aced2:event_015_parent_turn_15 skipping — predecessor failed
2026-10-02 00:41:26,834 - inference_perf.datagen.replay.replay_graph_session_datagen - INFO - Event wekatrace19_0f9870e68e496146a60b68dd3f0aba9aced2:event_016_parent_turn_16 skipping — predecessor failed
2026-10-02 00:41:26,834 - inference_perf.datagen.replay.replay_graph_session_datagen - INFO - Event wekatrace19_0f9870e68e496146a60b68dd3f0aba9aced2:event_017_parent_turn_17 skipping — predecessor failed
2026-10-02 00:41:26,834 - inference_perf.datagen.replay.replay_graph_session_datagen - INFO - Event wekatrace19_0f9870e68e496146a60b68dd3f0aba9aced2:event_018_parent_turn_18 skipping — predecessor failed
2026-10-02 00:41:26,835 - inference_perf.datagen.replay.replay_graph_session_datagen - INFO - Event wekatrace19_0f9870e68e496146a60b68dd3f0aba9aced2:event_019_parent_turn_19 skipping — predecessor failed
2026-10-02 00:41:26,835 - inference_perf.datagen.replay.replay_graph_session_datagen - INFO - Event wekatrace19_0f9870e68e496146a60b68dd3f0aba9aced2:event_020_parent_turn_20 skipping — predecessor failed
2026-10-02 00:41:26,835 - inference_perf.datagen.replay.replay_graph_session_datagen - INFO - Event wekatrace19_0f9870e68e496146a60b68dd3f0aba9aced2:event_021_parent_turn_21 skipping — predecessor failed
2026-10-02 00:41:26,835 - inference_perf.datagen.replay.replay_graph_session_datagen - INFO - Event wekatrace19_0f9870e68e496146a60b68dd3f0aba9aced2:event_022_parent_turn_22 skipping — predecessor failed
2026-10-02 00:41:26,835 - inference_perf.datagen.replay.replay_graph_session_datagen - INFO - Event wekatrace19_0f9870e68e496146a60b68dd3f0aba9aced2:event_023_parent_turn_23 skipping — predecessor failed
2026-10-02 00:41:26,835 - inference_perf.datagen.replay.replay_graph_session_datagen - INFO - Event wekatrace19_0f9870e68e496146a60b68dd3f0aba9aced2:event_024_parent_turn_24 skipping — predecessor failed
2026-10-02 00:41:26,835 - inference_perf.datagen.replay.replay_graph_session_datagen - INFO - Event wekatrace19_0f9870e68e496146a60b68dd3f0aba9aced2:event_025_parent_turn_25 skipping — predecessor failed
2026-10-02 00:41:26,835 - inference_perf.datagen.replay.replay_graph_session_datagen - INFO - Event wekatrace19_0f9870e68e496146a60b68dd3f0aba9aced2:event_026_parent_turn_26 skipping — predecessor failed
2026-10-02 00:41:26,835 - inference_perf.datagen.replay.replay_graph_session_datagen - INFO - Event wekatrace19_0f9870e68e496146a60b68dd3f0aba9aced2:event_027_parent_turn_27 skipping — predecessor failed
2026-10-02 00:41:26,835 - inference_perf.datagen.replay.replay_graph_session_datagen - INFO - Event wekatrace19_0f9870e68e496146a60b68dd3f0aba9aced2:event_028_parent_turn_28 skipping — predecessor failed
2026-10-02 00:41:26,836 - inference_perf.datagen.replay.replay_graph_session_datagen - INFO - Event wekatrace19_0f9870e68e496146a60b68dd3f0aba9aced2:event_029_parent_turn_29 skipping — predecessor failed
2026-10-02 00:41:26,836 - inference_perf.datagen.replay.replay_graph_session_datagen - INFO - Event wekatrace19_0f9870e68e496146a60b68dd3f0aba9aced2:event_030_parent_turn_30 skipping — predecessor failed
2026-10-02 00:41:26,836 - inference_perf.datagen.replay.replay_graph_session_datagen - INFO - Event wekatrace19_0f9870e68e496146a60b68dd3f0aba9aced2:event_031_parent_turn_31 skipping — predecessor failed
2026-10-02 00:41:26,836 - inference_perf.datagen.replay.replay_graph_session_datagen - INFO - Event wekatrace19_0f9870e68e496146a60b68dd3f0aba9aced2:event_032_parent_turn_32 skipping — predecessor failed
2026-10-02 00:41:26,836 - inference_perf.datagen.replay.replay_graph_session_datagen - INFO - Event wekatrace19_0f9870e68e496146a60b68dd3f0aba9aced2:event_033_parent_turn_33 skipping — predecessor failed
2026-10-02 00:41:26,836 - inference_perf.datagen.replay.replay_graph_session_datagen - INFO - Event wekatrace19_0f9870e68e496146a60b68dd3f0aba9aced2:event_034_parent_turn_34 skipping — predecessor failed
2026-10-02 00:41:26,836 - inference_perf.datagen.replay.replay_graph_session_datagen - INFO - Event wekatrace19_0f9870e68e496146a60b68dd3f0aba9aced2:event_035_parent_turn_35 skipping — predecessor failed
2026-10-02 00:41:26,836 - inference_perf.datagen.replay.replay_graph_session_datagen - INFO - Event wekatrace19_0f9870e68e496146a60b68dd3f0aba9aced2:event_036_parent_turn_36 skipping — predecessor failed
2026-10-02 00:41:26,836 - inference_perf.datagen.replay.replay_graph_session_datagen - INFO - Event wekatrace19_0f9870e68e496146a60b68dd3f0aba9aced2:event_037_parent_turn_37 skipping — predecessor failed
2026-10-02 00:41:26,836 - inference_perf.datagen.replay.replay_graph_session_datagen - INFO - Event wekatrace19_0f9870e68e496146a60b68dd3f0aba9aced2:event_038_parent_turn_38 skipping — predecessor failed
2026-10-02 00:41:26,837 - inference_perf.datagen.replay.replay_graph_session_datagen - INFO - Event wekatrace19_0f9870e68e496146a60b68dd3f0aba9aced2:event_039_parent_turn_39 skipping — predecessor failed
2026-10-02 00:41:26,837 - inference_perf.datagen.replay.replay_graph_session_datagen - INFO - Event wekatrace19_0f9870e68e496146a60b68dd3f0aba9aced2:event_040_parent_turn_40 skipping — predecessor failed
2026-10-02 00:41:26,837 - inference_perf.datagen.replay.replay_graph_session_datagen - INFO - Event wekatrace19_0f9870e68e496146a60b68dd3f0aba9aced2:event_041_parent_turn_41 skipping — predecessor failed
2026-10-02 00:41:26,837 - inference_perf.datagen.replay.replay_graph_session_datagen - INFO - Event wekatrace19_0f9870e68e496146a60b68dd3f0aba9aced2:event_042_parent_turn_42 skipping — predecessor failed
2026-10-02 00:41:26,837 - inference_perf.datagen.replay.replay_graph_session_datagen - INFO - Event wekatrace19_0f9870e68e496146a60b68dd3f0aba9aced2:event_043_parent_turn_43 skipping — predecessor failed
2026-10-02 00:41:26,837 - inference_perf.datagen.replay.replay_graph_session_datagen - INFO - Event wekatrace19_0f9870e68e496146a60b68dd3f0aba9aced2:event_044_parent_turn_44 skipping — predecessor failed
2026-10-02 00:41:26,838 - inference_perf.datagen.replay.replay_graph_session_datagen - INFO - Event wekatrace19_0f9870e68e496146a60b68dd3f0aba9aced2:event_045_parent_turn_45 skipping — predecessor failed
2026-10-02 00:41:26,838 - inference_perf.datagen.replay.replay_graph_session_datagen - INFO - Event wekatrace19_0f9870e68e496146a60b68dd3f0aba9aced2:event_046_parent_turn_46 skipping — predecessor failed
2026-10-02 00:41:26,838 - inference_perf.datagen.replay.replay_graph_session_datagen - INFO - Event wekatrace19_0f9870e68e496146a60b68dd3f0aba9aced2:event_047_parent_turn_47 skipping — predecessor failed
2026-10-02 00:41:26,838 - inference_perf.datagen.replay.replay_graph_session_datagen - INFO - Event wekatrace19_0f9870e68e496146a60b68dd3f0aba9aced2:event_048_parent_turn_48 skipping — predecessor failed
2026-10-02 00:41:26,838 - inference_perf.datagen.replay.replay_graph_session_datagen - INFO - Event wekatrace19_0f9870e68e496146a60b68dd3f0aba9aced2:event_049_parent_turn_49 skipping — predecessor failed
2026-10-02 00:41:26,839 - inference_perf.datagen.replay.replay_graph_session_datagen - INFO - Event wekatrace19_0f9870e68e496146a60b68dd3f0aba9aced2:event_050_parent_turn_50 skipping — predecessor failed
2026-10-02 00:41:26,839 - inference_perf.datagen.replay.replay_graph_session_datagen - INFO - Event wekatrace19_0f9870e68e496146a60b68dd3f0aba9aced2:event_051_parent_turn_51 skipping — predecessor failed
2026-10-02 00:41:26,839 - inference_perf.datagen.replay.replay_graph_session_datagen - INFO - Event wekatrace19_0f9870e68e496146a60b68dd3f0aba9aced2:event_052_parent_turn_52 skipping — predecessor failed
2026-10-02 00:41:26,839 - inference_perf.datagen.replay.replay_graph_session_datagen - INFO - Event wekatrace19_0f9870e68e496146a60b68dd3f0aba9aced2:event_053_parent_turn_53 skipping — predecessor failed
2026-10-02 00:41:26,840 - inference_perf.datagen.replay.replay_graph_session_datagen - INFO - Event wekatrace19_0f9870e68e496146a60b68dd3f0aba9aced2:event_054_parent_turn_54 skipping — predecessor failed
2026-10-02 00:41:26,840 - inference_perf.datagen.replay.replay_graph_session_datagen - INFO - Event wekatrace19_0f9870e68e496146a60b68dd3f0aba9aced2:event_055_parent_turn_55 skipping — predecessor failed
2026-10-02 00:41:26,840 - inference_perf.datagen.replay.replay_graph_session_datagen - INFO - Event wekatrace19_0f9870e68e496146a60b68dd3f0aba9aced2:event_056_parent_turn_56 skipping — predecessor failed
2026-10-02 00:41:26,840 - inference_perf.datagen.replay.replay_graph_session_datagen - INFO - Event wekatrace19_0f9870e68e496146a60b68dd3f0aba9aced2:event_057_parent_turn_57 skipping — predecessor failed
2026-10-02 00:41:26,840 - inference_perf.datagen.replay.replay_graph_session_datagen - INFO - Event wekatrace19_0f9870e68e496146a60b68dd3f0aba9aced2:event_058_parent_turn_58 skipping — predecessor failed
2026-10-02 00:41:26,840 - inference_perf.datagen.replay.replay_graph_session_datagen - INFO - Event wekatrace19_0f9870e68e496146a60b68dd3f0aba9aced2:event_059_parent_turn_59 skipping — predecessor failed
2026-10-02 00:41:26,840 - inference_perf.datagen.replay.replay_graph_session_datagen - INFO - Event wekatrace19_0f9870e68e496146a60b68dd3f0aba9aced2:event_060_parent_turn_60 skipping — predecessor failed
2026-10-02 00:41:26,840 - inference_perf.datagen.replay.replay_graph_session_datagen - INFO - Event wekatrace19_0f9870e68e496146a60b68dd3f0aba9aced2:event_061_parent_turn_61 skipping — predecessor failed
2026-10-02 00:41:26,841 - inference_perf.datagen.replay.replay_graph_session_datagen - INFO - Event wekatrace19_0f9870e68e496146a60b68dd3f0aba9aced2:event_062_parent_turn_62 skipping — predecessor failed
2026-10-02 00:41:26,841 - inference_perf.datagen.replay.replay_graph_session_datagen - INFO - Event wekatrace19_0f9870e68e496146a60b68dd3f0aba9aced2:event_063_parent_turn_63 skipping — predecessor failed
2026-10-02 00:41:26,841 - inference_perf.datagen.replay.replay_graph_session_datagen - INFO - Event wekatrace19_0f9870e68e496146a60b68dd3f0aba9aced2:event_064_parent_turn_64 skipping — predecessor failed
2026-10-02 00:41:26,841 - inference_perf.datagen.replay.replay_graph_session_datagen - INFO - Event wekatrace19_0f9870e68e496146a60b68dd3f0aba9aced2:event_065_parent_turn_65 skipping — predecessor failed
2026-10-02 00:41:26,841 - inference_perf.datagen.replay.replay_graph_session_datagen - INFO - Event wekatrace19_0f9870e68e496146a60b68dd3f0aba9aced2:event_066_parent_turn_66 skipping — predecessor failed
2026-10-02 00:41:26,841 - inference_perf.datagen.replay.replay_graph_session_datagen - INFO - Event wekatrace19_0f9870e68e496146a60b68dd3f0aba9aced2:event_067_parent_turn_67 skipping — predecessor failed
2026-10-02 00:41:26,841 - inference_perf.datagen.replay.replay_graph_session_datagen - INFO - Dispatching session wekatrace267_d0f5ca871a0d9e4c0a9b885516838476915b: 29 events
2026-10-02 00:41:26,841 - inference_perf.datagen.replay.replay_graph_session_datagen - INFO - Event wekatrace19_0f9870e68e496146a60b68dd3f0aba9aced2:event_068_parent_turn_68 skipping — predecessor failed
2026-10-02 00:41:26,841 - inference_perf.datagen.replay.replay_graph_session_datagen - INFO - Event wekatrace19_0f9870e68e496146a60b68dd3f0aba9aced2:event_069_parent_turn_69 skipping — predecessor failed
2026-10-02 00:41:26,841 - inference_perf.datagen.replay.replay_graph_session_datagen - INFO - Event wekatrace19_0f9870e68e496146a60b68dd3f0aba9aced2:event_070_parent_turn_70 skipping — predecessor failed
2026-10-02 00:41:26,841 - inference_perf.datagen.replay.replay_graph_session_datagen - INFO - Event wekatrace19_0f9870e68e496146a60b68dd3f0aba9aced2:event_071_parent_turn_71 skipping — predecessor failed
2026-10-02 00:41:26,842 - inference_perf.datagen.replay.replay_graph_session_datagen - INFO - Event wekatrace19_0f9870e68e496146a60b68dd3f0aba9aced2:event_072_parent_turn_72 skipping — predecessor failed
2026-10-02 00:41:26,842 - inference_perf.datagen.replay.replay_graph_session_datagen - INFO - Event wekatrace19_0f9870e68e496146a60b68dd3f0aba9aced2:event_073_parent_turn_73 skipping — predecessor failed
2026-10-02 00:41:26,842 - inference_perf.datagen.replay.replay_graph_session_datagen - INFO - Event wekatrace19_0f9870e68e496146a60b68dd3f0aba9aced2:event_074_parent_turn_74 skipping — predecessor failed
2026-10-02 00:41:26,842 - inference_perf.datagen.replay.replay_graph_session_datagen - INFO - Event wekatrace19_0f9870e68e496146a60b68dd3f0aba9aced2:event_075_parent_turn_75 skipping — predecessor failed
2026-10-02 00:41:26,842 - inference_perf.datagen.replay.replay_graph_session_datagen - INFO - Event wekatrace19_0f9870e68e496146a60b68dd3f0aba9aced2:event_076_parent_turn_76 skipping — predecessor failed
2026-10-02 00:41:26,842 - inference_perf.datagen.replay.replay_graph_session_datagen - INFO - Event wekatrace19_0f9870e68e496146a60b68dd3f0aba9aced2:event_077_parent_turn_77 skipping — predecessor failed
2026-10-02 00:41:26,842 - inference_perf.datagen.replay.replay_graph_session_datagen - INFO - Event wekatrace19_0f9870e68e496146a60b68dd3f0aba9aced2:event_078_parent_turn_78 skipping — predecessor failed
2026-10-02 00:41:26,842 - inference_perf.datagen.replay.replay_graph_session_datagen - INFO - Event wekatrace19_0f9870e68e496146a60b68dd3f0aba9aced2:event_079_parent_turn_79 skipping — predecessor failed
2026-10-02 00:41:36,825 - inference_perf.datagen.replay.replay_graph_session_datagen - ERROR - Request failed for event wekatrace215_ad2d0707607579ecd99018884c833228434a:event_002_parent_turn_2: TimeoutError: 
2026-10-02 00:41:36,827 - inference_perf.datagen.replay.replay_graph_session_datagen - INFO - Session wekatrace215_ad2d0707607579ecd99018884c833228434a failure notification sent to main process (cancelled_events=22)
2026-10-02 00:41:36,827 - inference_perf.client.modelserver.openai_client - ERROR - 
Traceback (most recent call last):
  File "/workspace/.venv/lib/python3.12/site-packages/aiohttp/streams.py", line 365, in _wait
    await waiter
asyncio.exceptions.CancelledError

The above exception was the direct cause of the following exception:

Traceback (most recent call last):
  File "/workspace/inference_perf/apis/streaming_parser.py", line 84, in parse_sse_stream
    async for chunk in response.content.iter_any():
  File "/workspace/.venv/lib/python3.12/site-packages/aiohttp/streams.py", line 46, in __anext__
    rv = await self.read_func()
         ^^^^^^^^^^^^^^^^^^^^^^
  File "/workspace/.venv/lib/python3.12/site-packages/aiohttp/streams.py", line 460, in readany
    await self._wait("readany")
  File "/workspace/.venv/lib/python3.12/site-packages/aiohttp/streams.py", line 364, in _wait
    with self._timer:
         ^^^^^^^^^^^
  File "/workspace/.venv/lib/python3.12/site-packages/aiohttp/helpers.py", line 759, in __exit__
    raise asyncio.TimeoutError from exc_val
TimeoutError

The above exception was the direct cause of the following exception:

Traceback (most recent call last):
  File "/workspace/inference_perf/client/modelserver/openai_client.py", line 557, in process_request
    info = await data.process_response(
           ^^^^^^^^^^^^^^^^^^^^^^^^^^^^
  File "/workspace/inference_perf/datagen/replay/replay_graph_session_datagen.py", line 1039, in process_response
    text_content, chunk_times, raw_content, response_chunks, server_usage = await parse_sse_stream(
                                                                            ^^^^^^^^^^^^^^^^^^^^^^^
  File "/workspace/inference_perf/apis/streaming_parser.py", line 119, in parse_sse_stream
    raise StreamInterruptedError(e, raw_content.decode("utf-8", errors="ignore")) from e
inference_perf.apis.streaming_parser.StreamInterruptedError
2026-10-02 00:41:36,834 - inference_perf.datagen.replay.replay_graph_session_datagen - INFO - Event wekatrace215_ad2d0707607579ecd99018884c833228434a:event_003_parent_turn_3 skipping — predecessor failed
2026-10-02 00:41:36,835 - inference_perf.datagen.replay.replay_graph_session_datagen - INFO - Event wekatrace215_ad2d0707607579ecd99018884c833228434a:event_004_parent_turn_4 skipping — predecessor failed
2026-10-02 00:41:36,835 - inference_perf.datagen.replay.replay_graph_session_datagen - INFO - Event wekatrace215_ad2d0707607579ecd99018884c833228434a:event_005_parent_turn_5 skipping — predecessor failed
2026-10-02 00:41:36,835 - inference_perf.datagen.replay.replay_graph_session_datagen - INFO - Event wekatrace215_ad2d0707607579ecd99018884c833228434a:event_006_parent_turn_6 skipping — predecessor failed
2026-10-02 00:41:36,835 - inference_perf.datagen.replay.replay_graph_session_datagen - INFO - Event wekatrace215_ad2d0707607579ecd99018884c833228434a:event_007_parent_turn_7 skipping — predecessor failed
2026-10-02 00:41:36,835 - inference_perf.datagen.replay.replay_graph_session_datagen - INFO - Event wekatrace215_ad2d0707607579ecd99018884c833228434a:event_008_parent_turn_8 skipping — predecessor failed
2026-10-02 00:41:36,836 - inference_perf.datagen.replay.replay_graph_session_datagen - INFO - Event wekatrace215_ad2d0707607579ecd99018884c833228434a:event_009_parent_turn_9 skipping — predecessor failed
2026-10-02 00:41:36,836 - inference_perf.datagen.replay.replay_graph_session_datagen - INFO - Event wekatrace215_ad2d0707607579ecd99018884c833228434a:event_010_parent_turn_10 skipping — predecessor failed
2026-10-02 00:41:36,836 - inference_perf.datagen.replay.replay_graph_session_datagen - INFO - Event wekatrace215_ad2d0707607579ecd99018884c833228434a:event_011_parent_turn_11 skipping — predecessor failed
2026-10-02 00:41:36,836 - inference_perf.datagen.replay.replay_graph_session_datagen - INFO - Dispatching session wekatrace207_a98b66bae9c7947cf5c5d3400f8004997521: 184 events
2026-10-02 00:41:36,836 - inference_perf.datagen.replay.replay_graph_session_datagen - INFO - Event wekatrace215_ad2d0707607579ecd99018884c833228434a:event_012_parent_turn_12 skipping — predecessor failed
2026-10-02 00:41:36,836 - inference_perf.datagen.replay.replay_graph_session_datagen - INFO - Event wekatrace215_ad2d0707607579ecd99018884c833228434a:event_013_parent_turn_13 skipping — predecessor failed
2026-10-02 00:41:36,836 - inference_perf.datagen.replay.replay_graph_session_datagen - INFO - Event wekatrace215_ad2d0707607579ecd99018884c833228434a:event_014_parent_turn_14 skipping — predecessor failed
2026-10-02 00:41:36,836 - inference_perf.datagen.replay.replay_graph_session_datagen - INFO - Event wekatrace215_ad2d0707607579ecd99018884c833228434a:event_015_parent_turn_15 skipping — predecessor failed
2026-10-02 00:41:36,836 - inference_perf.datagen.replay.replay_graph_session_datagen - INFO - Event wekatrace215_ad2d0707607579ecd99018884c833228434a:event_016_parent_turn_16 skipping — predecessor failed
2026-10-02 00:41:36,837 - inference_perf.datagen.replay.replay_graph_session_datagen - INFO - Event wekatrace215_ad2d0707607579ecd99018884c833228434a:event_017_parent_turn_17 skipping — predecessor failed
2026-10-02 00:41:36,837 - inference_perf.datagen.replay.replay_graph_session_datagen - INFO - Event wekatrace215_ad2d0707607579ecd99018884c833228434a:event_018_parent_turn_18 skipping — predecessor failed
2026-10-02 00:41:36,837 - inference_perf.datagen.replay.replay_graph_session_datagen - INFO - Event wekatrace215_ad2d0707607579ecd99018884c833228434a:event_019_parent_turn_19 skipping — predecessor failed
2026-10-02 00:41:36,837 - inference_perf.datagen.replay.replay_graph_session_datagen - INFO - Event wekatrace215_ad2d0707607579ecd99018884c833228434a:event_020_parent_turn_20 skipping — predecessor failed
2026-10-02 00:41:36,837 - inference_perf.datagen.replay.replay_graph_session_datagen - INFO - Event wekatrace215_ad2d0707607579ecd99018884c833228434a:event_021_parent_turn_21 skipping — predecessor failed
2026-10-02 00:41:36,837 - inference_perf.datagen.replay.replay_graph_session_datagen - INFO - Event wekatrace215_ad2d0707607579ecd99018884c833228434a:event_022_parent_turn_22 skipping — predecessor failed
2026-10-02 00:41:36,837 - inference_perf.datagen.replay.replay_graph_session_datagen - INFO - Event wekatrace215_ad2d0707607579ecd99018884c833228434a:event_023_parent_turn_23 skipping — predecessor failed
2026-10-02 00:41:36,837 - inference_perf.datagen.replay.replay_graph_session_datagen - INFO - Event wekatrace215_ad2d0707607579ecd99018884c833228434a:event_024_parent_turn_24 skipping — predecessor failed
2026-10-02 00:42:16,825 - inference_perf.datagen.replay.replay_graph_session_datagen - ERROR - Request failed for event wekatrace148_814ae6ec34943383bc8ed49ecf99c6816da9:event_003_parent_turn_3: TimeoutError: 
2026-10-02 00:42:16,826 - inference_perf.datagen.replay.replay_graph_session_datagen - INFO - Session wekatrace148_814ae6ec34943383bc8ed49ecf99c6816da9 failure notification sent to main process (cancelled_events=34)
2026-10-02 00:42:16,826 - inference_perf.client.modelserver.openai_client - ERROR - 
Traceback (most recent call last):
  File "/workspace/.venv/lib/python3.12/site-packages/aiohttp/streams.py", line 365, in _wait
    await waiter
asyncio.exceptions.CancelledError

The above exception was the direct cause of the following exception:

Traceback (most recent call last):
  File "/workspace/inference_perf/apis/streaming_parser.py", line 84, in parse_sse_stream
    async for chunk in response.content.iter_any():
  File "/workspace/.venv/lib/python3.12/site-packages/aiohttp/streams.py", line 46, in __anext__
    rv = await self.read_func()
         ^^^^^^^^^^^^^^^^^^^^^^
  File "/workspace/.venv/lib/python3.12/site-packages/aiohttp/streams.py", line 460, in readany
    await self._wait("readany")
  File "/workspace/.venv/lib/python3.12/site-packages/aiohttp/streams.py", line 364, in _wait
    with self._timer:
         ^^^^^^^^^^^
  File "/workspace/.venv/lib/python3.12/site-packages/aiohttp/helpers.py", line 759, in __exit__
    raise asyncio.TimeoutError from exc_val
TimeoutError

The above exception was the direct cause of the following exception:

Traceback (most recent call last):
  File "/workspace/inference_perf/client/modelserver/openai_client.py", line 557, in process_request
    info = await data.process_response(
           ^^^^^^^^^^^^^^^^^^^^^^^^^^^^
  File "/workspace/inference_perf/datagen/replay/replay_graph_session_datagen.py", line 1039, in process_response
    text_content, chunk_times, raw_content, response_chunks, server_usage = await parse_sse_stream(
                                                                            ^^^^^^^^^^^^^^^^^^^^^^^
  File "/workspace/inference_perf/apis/streaming_parser.py", line 119, in parse_sse_stream
    raise StreamInterruptedError(e, raw_content.decode("utf-8", errors="ignore")) from e
inference_perf.apis.streaming_parser.StreamInterruptedError
2026-10-02 00:42:16,829 - inference_perf.datagen.replay.replay_graph_session_datagen - INFO - Event wekatrace148_814ae6ec34943383bc8ed49ecf99c6816da9:event_004_parent_turn_4 skipping — predecessor failed
2026-10-02 00:42:16,830 - inference_perf.datagen.replay.replay_graph_session_datagen - INFO - Event wekatrace148_814ae6ec34943383bc8ed49ecf99c6816da9:event_005_parent_turn_5 skipping — predecessor failed
2026-10-02 00:42:16,830 - inference_perf.datagen.replay.replay_graph_session_datagen - INFO - Event wekatrace148_814ae6ec34943383bc8ed49ecf99c6816da9:event_006_parent_turn_6 skipping — predecessor failed
2026-10-02 00:42:16,830 - inference_perf.datagen.replay.replay_graph_session_datagen - INFO - Event wekatrace148_814ae6ec34943383bc8ed49ecf99c6816da9:event_007_parent_turn_7 skipping — predecessor failed
2026-10-02 00:42:16,830 - inference_perf.datagen.replay.replay_graph_session_datagen - INFO - Event wekatrace148_814ae6ec34943383bc8ed49ecf99c6816da9:event_008_parent_turn_8 skipping — predecessor failed
2026-10-02 00:42:16,830 - inference_perf.datagen.replay.replay_graph_session_datagen - INFO - Event wekatrace148_814ae6ec34943383bc8ed49ecf99c6816da9:event_009_parent_turn_9 skipping — predecessor failed
2026-10-02 00:42:16,830 - inference_perf.datagen.replay.replay_graph_session_datagen - INFO - Event wekatrace148_814ae6ec34943383bc8ed49ecf99c6816da9:event_010_parent_turn_10 skipping — predecessor failed
2026-10-02 00:42:16,830 - inference_perf.datagen.replay.replay_graph_session_datagen - INFO - Event wekatrace148_814ae6ec34943383bc8ed49ecf99c6816da9:event_011_parent_turn_11 skipping — predecessor failed
2026-10-02 00:42:16,830 - inference_perf.datagen.replay.replay_graph_session_datagen - INFO - Event wekatrace148_814ae6ec34943383bc8ed49ecf99c6816da9:event_012_parent_turn_12 skipping — predecessor failed
2026-10-02 00:42:16,830 - inference_perf.datagen.replay.replay_graph_session_datagen - INFO - Event wekatrace148_814ae6ec34943383bc8ed49ecf99c6816da9:event_013_parent_turn_13 skipping — predecessor failed
2026-10-02 00:42:16,831 - inference_perf.datagen.replay.replay_graph_session_datagen - INFO - Event wekatrace148_814ae6ec34943383bc8ed49ecf99c6816da9:event_014_parent_turn_14 skipping — predecessor failed
2026-10-02 00:42:16,831 - inference_perf.datagen.replay.replay_graph_session_datagen - INFO - Event wekatrace148_814ae6ec34943383bc8ed49ecf99c6816da9:event_015_parent_turn_15 skipping — predecessor failed
2026-10-02 00:42:16,831 - inference_perf.datagen.replay.replay_graph_session_datagen - INFO - Event wekatrace148_814ae6ec34943383bc8ed49ecf99c6816da9:event_016_parent_turn_16 skipping — predecessor failed
2026-10-02 00:42:16,831 - inference_perf.datagen.replay.replay_graph_session_datagen - INFO - Event wekatrace148_814ae6ec34943383bc8ed49ecf99c6816da9:event_017_parent_turn_17 skipping — predecessor failed
2026-10-02 00:42:16,831 - inference_perf.datagen.replay.replay_graph_session_datagen - INFO - Event wekatrace148_814ae6ec34943383bc8ed49ecf99c6816da9:event_018_parent_turn_18 skipping — predecessor failed
2026-10-02 00:42:16,831 - inference_perf.datagen.replay.replay_graph_session_datagen - INFO - Event wekatrace148_814ae6ec34943383bc8ed49ecf99c6816da9:event_019_parent_turn_19 skipping — predecessor failed
2026-10-02 00:42:16,831 - inference_perf.datagen.replay.replay_graph_session_datagen - INFO - Event wekatrace148_814ae6ec34943383bc8ed49ecf99c6816da9:event_020_parent_turn_20 skipping — predecessor failed
2026-10-02 00:42:16,831 - inference_perf.datagen.replay.replay_graph_session_datagen - INFO - Event wekatrace148_814ae6ec34943383bc8ed49ecf99c6816da9:event_021_parent_turn_21 skipping — predecessor failed
2026-10-02 00:42:16,831 - inference_perf.datagen.replay.replay_graph_session_datagen - INFO - Event wekatrace148_814ae6ec34943383bc8ed49ecf99c6816da9:event_022_parent_turn_22 skipping — predecessor failed
2026-10-02 00:42:16,831 - inference_perf.datagen.replay.replay_graph_session_datagen - INFO - Event wekatrace148_814ae6ec34943383bc8ed49ecf99c6816da9:event_023_parent_turn_23 skipping — predecessor failed
2026-10-02 00:42:16,832 - inference_perf.datagen.replay.replay_graph_session_datagen - INFO - Event wekatrace148_814ae6ec34943383bc8ed49ecf99c6816da9:event_024_parent_turn_24 skipping — predecessor failed
2026-10-02 00:42:16,832 - inference_perf.datagen.replay.replay_graph_session_datagen - INFO - Event wekatrace148_814ae6ec34943383bc8ed49ecf99c6816da9:event_025_parent_turn_25 skipping — predecessor failed
2026-10-02 00:42:16,832 - inference_perf.datagen.replay.replay_graph_session_datagen - INFO - Event wekatrace148_814ae6ec34943383bc8ed49ecf99c6816da9:event_026_parent_turn_26 skipping — predecessor failed
2026-10-02 00:42:16,832 - inference_perf.datagen.replay.replay_graph_session_datagen - INFO - Event wekatrace148_814ae6ec34943383bc8ed49ecf99c6816da9:event_027_parent_turn_27 skipping — predecessor failed
2026-10-02 00:42:16,832 - inference_perf.datagen.replay.replay_graph_session_datagen - INFO - Event wekatrace148_814ae6ec34943383bc8ed49ecf99c6816da9:event_028_parent_turn_28 skipping — predecessor failed
2026-10-02 00:42:16,832 - inference_perf.datagen.replay.replay_graph_session_datagen - INFO - Event wekatrace148_814ae6ec34943383bc8ed49ecf99c6816da9:event_029_parent_turn_29 skipping — predecessor failed
2026-10-02 00:42:16,832 - inference_perf.datagen.replay.replay_graph_session_datagen - INFO - Event wekatrace148_814ae6ec34943383bc8ed49ecf99c6816da9:event_030_parent_turn_30 skipping — predecessor failed
2026-10-02 00:42:16,832 - inference_perf.datagen.replay.replay_graph_session_datagen - INFO - Event wekatrace148_814ae6ec34943383bc8ed49ecf99c6816da9:event_031_parent_turn_31 skipping — predecessor failed
2026-10-02 00:42:16,832 - inference_perf.datagen.replay.replay_graph_session_datagen - INFO - Event wekatrace148_814ae6ec34943383bc8ed49ecf99c6816da9:event_032_parent_turn_32 skipping — predecessor failed
2026-10-02 00:42:16,832 - inference_perf.datagen.replay.replay_graph_session_datagen - INFO - Event wekatrace148_814ae6ec34943383bc8ed49ecf99c6816da9:event_033_parent_turn_33 skipping — predecessor failed
2026-10-02 00:42:16,833 - inference_perf.datagen.replay.replay_graph_session_datagen - INFO - Event wekatrace148_814ae6ec34943383bc8ed49ecf99c6816da9:event_034_parent_turn_34 skipping — predecessor failed
2026-10-02 00:42:16,833 - inference_perf.datagen.replay.replay_graph_session_datagen - INFO - Event wekatrace148_814ae6ec34943383bc8ed49ecf99c6816da9:event_035_parent_turn_35 skipping — predecessor failed
2026-10-02 00:42:16,833 - inference_perf.datagen.replay.replay_graph_session_datagen - INFO - Event wekatrace148_814ae6ec34943383bc8ed49ecf99c6816da9:event_036_parent_turn_36 skipping — predecessor failed
2026-10-02 00:42:16,833 - inference_perf.datagen.replay.replay_graph_session_datagen - INFO - Event wekatrace148_814ae6ec34943383bc8ed49ecf99c6816da9:event_037_parent_turn_37 skipping — predecessor failed
2026-10-02 00:42:16,844 - inference_perf.datagen.replay.replay_graph_session_datagen - INFO - Dispatching session wekatrace235_b973093aabfe96c2e77e0c64fa0a9d085457: 82 events
2026-10-02 00:42:23,826 - inference_perf.datagen.replay.replay_graph_session_datagen - ERROR - Request failed for event wekatrace42_277f03fe965658e3e16abec6ca7b11f894b7:event_002_parent_turn_2: TimeoutError: 
2026-10-02 00:42:23,827 - inference_perf.datagen.replay.replay_graph_session_datagen - INFO - Session wekatrace42_277f03fe965658e3e16abec6ca7b11f894b7 failure notification sent to main process (cancelled_events=83)
2026-10-02 00:42:23,827 - inference_perf.client.modelserver.openai_client - ERROR - 
Traceback (most recent call last):
  File "/workspace/.venv/lib/python3.12/site-packages/aiohttp/streams.py", line 365, in _wait
    await waiter
asyncio.exceptions.CancelledError

The above exception was the direct cause of the following exception:

Traceback (most recent call last):
  File "/workspace/inference_perf/apis/streaming_parser.py", line 84, in parse_sse_stream
    async for chunk in response.content.iter_any():
  File "/workspace/.venv/lib/python3.12/site-packages/aiohttp/streams.py", line 46, in __anext__
    rv = await self.read_func()
         ^^^^^^^^^^^^^^^^^^^^^^
  File "/workspace/.venv/lib/python3.12/site-packages/aiohttp/streams.py", line 460, in readany
    await self._wait("readany")
  File "/workspace/.venv/lib/python3.12/site-packages/aiohttp/streams.py", line 364, in _wait
    with self._timer:
         ^^^^^^^^^^^
  File "/workspace/.venv/lib/python3.12/site-packages/aiohttp/helpers.py", line 759, in __exit__
    raise asyncio.TimeoutError from exc_val
TimeoutError

The above exception was the direct cause of the following exception:

Traceback (most recent call last):
  File "/workspace/inference_perf/client/modelserver/openai_client.py", line 557, in process_request
    info = await data.process_response(
           ^^^^^^^^^^^^^^^^^^^^^^^^^^^^
  File "/workspace/inference_perf/datagen/replay/replay_graph_session_datagen.py", line 1039, in process_response
    text_content, chunk_times, raw_content, response_chunks, server_usage = await parse_sse_stream(
                                                                            ^^^^^^^^^^^^^^^^^^^^^^^
  File "/workspace/inference_perf/apis/streaming_parser.py", line 119, in parse_sse_stream
    raise StreamInterruptedError(e, raw_content.decode("utf-8", errors="ignore")) from e
inference_perf.apis.streaming_parser.StreamInterruptedError
2026-10-02 00:42:23,832 - inference_perf.datagen.replay.replay_graph_session_datagen - INFO - Event wekatrace42_277f03fe965658e3e16abec6ca7b11f894b7:event_003_parent_turn_3 skipping — predecessor failed
2026-10-02 00:42:23,832 - inference_perf.datagen.replay.replay_graph_session_datagen - INFO - Event wekatrace42_277f03fe965658e3e16abec6ca7b11f894b7:event_004_parent_turn_4 skipping — predecessor failed
2026-10-02 00:42:23,833 - inference_perf.datagen.replay.replay_graph_session_datagen - INFO - Event wekatrace42_277f03fe965658e3e16abec6ca7b11f894b7:event_005_parent_turn_5 skipping — predecessor failed
2026-10-02 00:42:23,833 - inference_perf.datagen.replay.replay_graph_session_datagen - INFO - Event wekatrace42_277f03fe965658e3e16abec6ca7b11f894b7:event_006_parent_turn_6 skipping — predecessor failed
2026-10-02 00:42:23,833 - inference_perf.datagen.replay.replay_graph_session_datagen - INFO - Event wekatrace42_277f03fe965658e3e16abec6ca7b11f894b7:event_007_parent_turn_7 skipping — predecessor failed
2026-10-02 00:42:23,833 - inference_perf.datagen.replay.replay_graph_session_datagen - INFO - Event wekatrace42_277f03fe965658e3e16abec6ca7b11f894b7:event_008_parent_turn_8 skipping — predecessor failed
2026-10-02 00:42:23,833 - inference_perf.datagen.replay.replay_graph_session_datagen - INFO - Event wekatrace42_277f03fe965658e3e16abec6ca7b11f894b7:event_009_parent_turn_9 skipping — predecessor failed
2026-10-02 00:42:23,833 - inference_perf.datagen.replay.replay_graph_session_datagen - INFO - Event wekatrace42_277f03fe965658e3e16abec6ca7b11f894b7:event_010_parent_turn_10 skipping — predecessor failed
2026-10-02 00:42:23,833 - inference_perf.datagen.replay.replay_graph_session_datagen - INFO - Event wekatrace42_277f03fe965658e3e16abec6ca7b11f894b7:event_011_parent_turn_11 skipping — predecessor failed
2026-10-02 00:42:23,834 - inference_perf.datagen.replay.replay_graph_session_datagen - INFO - Event wekatrace42_277f03fe965658e3e16abec6ca7b11f894b7:event_012_parent_turn_12 skipping — predecessor failed
2026-10-02 00:42:23,834 - inference_perf.datagen.replay.replay_graph_session_datagen - INFO - Event wekatrace42_277f03fe965658e3e16abec6ca7b11f894b7:event_013_parent_turn_13 skipping — predecessor failed
2026-10-02 00:42:23,834 - inference_perf.datagen.replay.replay_graph_session_datagen - INFO - Event wekatrace42_277f03fe965658e3e16abec6ca7b11f894b7:event_014_parent_turn_14 skipping — predecessor failed
2026-10-02 00:42:23,834 - inference_perf.datagen.replay.replay_graph_session_datagen - INFO - Event wekatrace42_277f03fe965658e3e16abec6ca7b11f894b7:event_015_parent_turn_15 skipping — predecessor failed
2026-10-02 00:42:23,835 - inference_perf.datagen.replay.replay_graph_session_datagen - INFO - Event wekatrace42_277f03fe965658e3e16abec6ca7b11f894b7:event_016_parent_turn_16 skipping — predecessor failed
2026-10-02 00:42:23,835 - inference_perf.datagen.replay.replay_graph_session_datagen - INFO - Dispatching session wekatrace228_b3c8cf42d9ed741942c61fdbd709b3e60f77: 105 events
2026-10-02 00:42:23,835 - inference_perf.datagen.replay.replay_graph_session_datagen - INFO - Event wekatrace42_277f03fe965658e3e16abec6ca7b11f894b7:event_017_parent_turn_17 skipping — predecessor failed
2026-10-02 00:42:23,835 - inference_perf.datagen.replay.replay_graph_session_datagen - INFO - Event wekatrace42_277f03fe965658e3e16abec6ca7b11f894b7:event_018_parent_turn_18 skipping — predecessor failed
2026-10-02 00:42:23,835 - inference_perf.datagen.replay.replay_graph_session_datagen - INFO - Event wekatrace42_277f03fe965658e3e16abec6ca7b11f894b7:event_019_parent_turn_19 skipping — predecessor failed
2026-10-02 00:42:23,835 - inference_perf.datagen.replay.replay_graph_session_datagen - INFO - Event wekatrace42_277f03fe965658e3e16abec6ca7b11f894b7:event_020_parent_turn_20 skipping — predecessor failed
2026-10-02 00:42:23,835 - inference_perf.datagen.replay.replay_graph_session_datagen - INFO - Event wekatrace42_277f03fe965658e3e16abec6ca7b11f894b7:event_021_parent_turn_21 skipping — predecessor failed
2026-10-02 00:42:23,835 - inference_perf.datagen.replay.replay_graph_session_datagen - INFO - Event wekatrace42_277f03fe965658e3e16abec6ca7b11f894b7:event_022_parent_turn_22 skipping — predecessor failed
2026-10-02 00:42:23,835 - inference_perf.datagen.replay.replay_graph_session_datagen - INFO - Event wekatrace42_277f03fe965658e3e16abec6ca7b11f894b7:event_023_parent_turn_23 skipping — predecessor failed
2026-10-02 00:42:23,836 - inference_perf.datagen.replay.replay_graph_session_datagen - INFO - Event wekatrace42_277f03fe965658e3e16abec6ca7b11f894b7:event_024_parent_turn_24 skipping — predecessor failed
2026-10-02 00:42:23,836 - inference_perf.datagen.replay.replay_graph_session_datagen - INFO - Event wekatrace42_277f03fe965658e3e16abec6ca7b11f894b7:event_025_parent_turn_25 skipping — predecessor failed
2026-10-02 00:42:23,836 - inference_perf.datagen.replay.replay_graph_session_datagen - INFO - Event wekatrace42_277f03fe965658e3e16abec6ca7b11f894b7:event_026_parent_turn_26 skipping — predecessor failed
2026-10-02 00:42:23,836 - inference_perf.datagen.replay.replay_graph_session_datagen - INFO - Event wekatrace42_277f03fe965658e3e16abec6ca7b11f894b7:event_027_parent_turn_27 skipping — predecessor failed
2026-10-02 00:42:23,836 - inference_perf.datagen.replay.replay_graph_session_datagen - INFO - Event wekatrace42_277f03fe965658e3e16abec6ca7b11f894b7:event_028_parent_turn_28 skipping — predecessor failed
2026-10-02 00:42:23,836 - inference_perf.datagen.replay.replay_graph_session_datagen - INFO - Event wekatrace42_277f03fe965658e3e16abec6ca7b11f894b7:event_029_parent_turn_29 skipping — predecessor failed
2026-10-02 00:42:23,836 - inference_perf.datagen.replay.replay_graph_session_datagen - INFO - Event wekatrace42_277f03fe965658e3e16abec6ca7b11f894b7:event_030_parent_turn_30 skipping — predecessor failed
2026-10-02 00:42:23,836 - inference_perf.datagen.replay.replay_graph_session_datagen - INFO - Event wekatrace42_277f03fe965658e3e16abec6ca7b11f894b7:event_031_parent_turn_31 skipping — predecessor failed
2026-10-02 00:42:23,836 - inference_perf.datagen.replay.replay_graph_session_datagen - INFO - Event wekatrace42_277f03fe965658e3e16abec6ca7b11f894b7:event_032_parent_turn_32 skipping — predecessor failed
2026-10-02 00:42:23,837 - inference_perf.datagen.replay.replay_graph_session_datagen - INFO - Event wekatrace42_277f03fe965658e3e16abec6ca7b11f894b7:event_033_parent_turn_33 skipping — predecessor failed
2026-10-02 00:42:23,837 - inference_perf.datagen.replay.replay_graph_session_datagen - INFO - Event wekatrace42_277f03fe965658e3e16abec6ca7b11f894b7:event_034_parent_turn_34 skipping — predecessor failed
2026-10-02 00:42:23,837 - inference_perf.datagen.replay.replay_graph_session_datagen - INFO - Event wekatrace42_277f03fe965658e3e16abec6ca7b11f894b7:event_035_parent_turn_35 skipping — predecessor failed
2026-10-02 00:42:23,837 - inference_perf.datagen.replay.replay_graph_session_datagen - INFO - Event wekatrace42_277f03fe965658e3e16abec6ca7b11f894b7:event_036_parent_turn_36 skipping — predecessor failed
2026-10-02 00:42:23,837 - inference_perf.datagen.replay.replay_graph_session_datagen - INFO - Event wekatrace42_277f03fe965658e3e16abec6ca7b11f894b7:event_037_parent_turn_37 skipping — predecessor failed
2026-10-02 00:42:23,837 - inference_perf.datagen.replay.replay_graph_session_datagen - INFO - Event wekatrace42_277f03fe965658e3e16abec6ca7b11f894b7:event_038_parent_turn_38 skipping — predecessor failed
2026-10-02 00:42:23,837 - inference_perf.datagen.replay.replay_graph_session_datagen - INFO - Event wekatrace42_277f03fe965658e3e16abec6ca7b11f894b7:event_039_parent_turn_39 skipping — predecessor failed
2026-10-02 00:42:23,837 - inference_perf.datagen.replay.replay_graph_session_datagen - INFO - Event wekatrace42_277f03fe965658e3e16abec6ca7b11f894b7:event_040_parent_turn_40 skipping — predecessor failed
2026-10-02 00:42:23,837 - inference_perf.datagen.replay.replay_graph_session_datagen - INFO - Event wekatrace42_277f03fe965658e3e16abec6ca7b11f894b7:event_041_parent_turn_41 skipping — predecessor failed
2026-10-02 00:42:23,837 - inference_perf.datagen.replay.replay_graph_session_datagen - INFO - Event wekatrace42_277f03fe965658e3e16abec6ca7b11f894b7:event_042_parent_turn_42 skipping — predecessor failed
2026-10-02 00:42:23,838 - inference_perf.datagen.replay.replay_graph_session_datagen - INFO - Event wekatrace42_277f03fe965658e3e16abec6ca7b11f894b7:event_043_parent_turn_43 skipping — predecessor failed
2026-10-02 00:42:23,838 - inference_perf.datagen.replay.replay_graph_session_datagen - INFO - Event wekatrace42_277f03fe965658e3e16abec6ca7b11f894b7:event_044_parent_turn_44 skipping — predecessor failed
2026-10-02 00:42:23,838 - inference_perf.datagen.replay.replay_graph_session_datagen - INFO - Event wekatrace42_277f03fe965658e3e16abec6ca7b11f894b7:event_045_parent_turn_45 skipping — predecessor failed
2026-10-02 00:42:23,838 - inference_perf.datagen.replay.replay_graph_session_datagen - INFO - Event wekatrace42_277f03fe965658e3e16abec6ca7b11f894b7:event_046_parent_turn_46 skipping — predecessor failed
2026-10-02 00:42:23,838 - inference_perf.datagen.replay.replay_graph_session_datagen - INFO - Event wekatrace42_277f03fe965658e3e16abec6ca7b11f894b7:event_047_parent_turn_47 skipping — predecessor failed
2026-10-02 00:42:23,838 - inference_perf.datagen.replay.replay_graph_session_datagen - INFO - Event wekatrace42_277f03fe965658e3e16abec6ca7b11f894b7:event_048_parent_turn_48 skipping — predecessor failed
2026-10-02 00:42:23,838 - inference_perf.datagen.replay.replay_graph_session_datagen - INFO - Event wekatrace42_277f03fe965658e3e16abec6ca7b11f894b7:event_049_parent_turn_49 skipping — predecessor failed
2026-10-02 00:42:23,838 - inference_perf.datagen.replay.replay_graph_session_datagen - INFO - Event wekatrace42_277f03fe965658e3e16abec6ca7b11f894b7:event_050_parent_turn_50 skipping — predecessor failed
2026-10-02 00:42:23,838 - inference_perf.datagen.replay.replay_graph_session_datagen - INFO - Event wekatrace42_277f03fe965658e3e16abec6ca7b11f894b7:event_051_parent_turn_51 skipping — predecessor failed
2026-10-02 00:42:23,838 - inference_perf.datagen.replay.replay_graph_session_datagen - INFO - Event wekatrace42_277f03fe965658e3e16abec6ca7b11f894b7:event_052_parent_turn_52 skipping — predecessor failed
2026-10-02 00:42:23,839 - inference_perf.datagen.replay.replay_graph_session_datagen - INFO - Event wekatrace42_277f03fe965658e3e16abec6ca7b11f894b7:event_053_parent_turn_53 skipping — predecessor failed
2026-10-02 00:42:23,839 - inference_perf.datagen.replay.replay_graph_session_datagen - INFO - Event wekatrace42_277f03fe965658e3e16abec6ca7b11f894b7:event_054_parent_turn_54 skipping — predecessor failed
2026-10-02 00:42:23,839 - inference_perf.datagen.replay.replay_graph_session_datagen - INFO - Event wekatrace42_277f03fe965658e3e16abec6ca7b11f894b7:event_055_parent_turn_55 skipping — predecessor failed
2026-10-02 00:42:23,839 - inference_perf.datagen.replay.replay_graph_session_datagen - INFO - Event wekatrace42_277f03fe965658e3e16abec6ca7b11f894b7:event_056_parent_turn_56 skipping — predecessor failed
2026-10-02 00:42:23,839 - inference_perf.datagen.replay.replay_graph_session_datagen - INFO - Event wekatrace42_277f03fe965658e3e16abec6ca7b11f894b7:event_057_parent_turn_57 skipping — predecessor failed
2026-10-02 00:42:23,839 - inference_perf.datagen.replay.replay_graph_session_datagen - INFO - Event wekatrace42_277f03fe965658e3e16abec6ca7b11f894b7:event_058_parent_turn_58 skipping — predecessor failed
2026-10-02 00:42:23,839 - inference_perf.datagen.replay.replay_graph_session_datagen - INFO - Event wekatrace42_277f03fe965658e3e16abec6ca7b11f894b7:event_059_parent_turn_59 skipping — predecessor failed
2026-10-02 00:42:23,839 - inference_perf.datagen.replay.replay_graph_session_datagen - INFO - Event wekatrace42_277f03fe965658e3e16abec6ca7b11f894b7:event_060_parent_turn_60 skipping — predecessor failed
2026-10-02 00:42:23,840 - inference_perf.datagen.replay.replay_graph_session_datagen - INFO - Event wekatrace42_277f03fe965658e3e16abec6ca7b11f894b7:event_061_parent_turn_61 skipping — predecessor failed
2026-10-02 00:42:23,840 - inference_perf.datagen.replay.replay_graph_session_datagen - INFO - Event wekatrace42_277f03fe965658e3e16abec6ca7b11f894b7:event_062_parent_turn_62 skipping — predecessor failed
2026-10-02 00:42:23,840 - inference_perf.datagen.replay.replay_graph_session_datagen - INFO - Event wekatrace42_277f03fe965658e3e16abec6ca7b11f894b7:event_063_parent_turn_63 skipping — predecessor failed
2026-10-02 00:42:23,840 - inference_perf.datagen.replay.replay_graph_session_datagen - INFO - Event wekatrace42_277f03fe965658e3e16abec6ca7b11f894b7:event_064_parent_turn_64 skipping — predecessor failed
2026-10-02 00:42:23,840 - inference_perf.datagen.replay.replay_graph_session_datagen - INFO - Event wekatrace42_277f03fe965658e3e16abec6ca7b11f894b7:event_065_parent_turn_65 skipping — predecessor failed
2026-10-02 00:42:23,840 - inference_perf.datagen.replay.replay_graph_session_datagen - INFO - Event wekatrace42_277f03fe965658e3e16abec6ca7b11f894b7:event_066_parent_turn_66 skipping — predecessor failed
2026-10-02 00:42:23,840 - inference_perf.datagen.replay.replay_graph_session_datagen - INFO - Event wekatrace42_277f03fe965658e3e16abec6ca7b11f894b7:event_067_parent_turn_67 skipping — predecessor failed
2026-10-02 00:42:23,840 - inference_perf.datagen.replay.replay_graph_session_datagen - INFO - Event wekatrace42_277f03fe965658e3e16abec6ca7b11f894b7:event_068_parent_turn_68 skipping — predecessor failed
2026-10-02 00:42:23,840 - inference_perf.datagen.replay.replay_graph_session_datagen - INFO - Event wekatrace42_277f03fe965658e3e16abec6ca7b11f894b7:event_069_parent_turn_69 skipping — predecessor failed
2026-10-02 00:42:23,841 - inference_perf.datagen.replay.replay_graph_session_datagen - INFO - Event wekatrace42_277f03fe965658e3e16abec6ca7b11f894b7:event_070_parent_turn_70 skipping — predecessor failed
2026-10-02 00:42:23,841 - inference_perf.datagen.replay.replay_graph_session_datagen - INFO - Event wekatrace42_277f03fe965658e3e16abec6ca7b11f894b7:event_071_parent_turn_71 skipping — predecessor failed
2026-10-02 00:42:23,841 - inference_perf.datagen.replay.replay_graph_session_datagen - INFO - Event wekatrace42_277f03fe965658e3e16abec6ca7b11f894b7:event_072_parent_turn_72 skipping — predecessor failed
2026-10-02 00:42:23,841 - inference_perf.datagen.replay.replay_graph_session_datagen - INFO - Event wekatrace42_277f03fe965658e3e16abec6ca7b11f894b7:event_073_parent_turn_73 skipping — predecessor failed
2026-10-02 00:42:23,841 - inference_perf.datagen.replay.replay_graph_session_datagen - INFO - Event wekatrace42_277f03fe965658e3e16abec6ca7b11f894b7:event_074_parent_turn_74 skipping — predecessor failed
2026-10-02 00:42:23,841 - inference_perf.datagen.replay.replay_graph_session_datagen - INFO - Event wekatrace42_277f03fe965658e3e16abec6ca7b11f894b7:event_075_parent_turn_75 skipping — predecessor failed
2026-10-02 00:42:23,841 - inference_perf.datagen.replay.replay_graph_session_datagen - INFO - Event wekatrace42_277f03fe965658e3e16abec6ca7b11f894b7:event_076_parent_turn_76 skipping — predecessor failed
2026-10-02 00:42:23,842 - inference_perf.datagen.replay.replay_graph_session_datagen - INFO - Event wekatrace42_277f03fe965658e3e16abec6ca7b11f894b7:event_077_parent_turn_77 skipping — predecessor failed
2026-10-02 00:42:23,842 - inference_perf.datagen.replay.replay_graph_session_datagen - INFO - Event wekatrace42_277f03fe965658e3e16abec6ca7b11f894b7:event_078_parent_turn_78 skipping — predecessor failed
2026-10-02 00:42:23,842 - inference_perf.datagen.replay.replay_graph_session_datagen - INFO - Event wekatrace42_277f03fe965658e3e16abec6ca7b11f894b7:event_079_parent_turn_79 skipping — predecessor failed
2026-10-02 00:42:23,842 - inference_perf.datagen.replay.replay_graph_session_datagen - INFO - Event wekatrace42_277f03fe965658e3e16abec6ca7b11f894b7:event_080_parent_turn_80 skipping — predecessor failed
2026-10-02 00:42:23,842 - inference_perf.datagen.replay.replay_graph_session_datagen - INFO - Event wekatrace42_277f03fe965658e3e16abec6ca7b11f894b7:event_081_parent_turn_81 skipping — predecessor failed
2026-10-02 00:42:23,842 - inference_perf.datagen.replay.replay_graph_session_datagen - INFO - Event wekatrace42_277f03fe965658e3e16abec6ca7b11f894b7:event_082_parent_turn_82 skipping — predecessor failed
2026-10-02 00:42:23,843 - inference_perf.datagen.replay.replay_graph_session_datagen - INFO - Event wekatrace42_277f03fe965658e3e16abec6ca7b11f894b7:event_083_parent_turn_83 skipping — predecessor failed
2026-10-02 00:42:23,843 - inference_perf.datagen.replay.replay_graph_session_datagen - INFO - Event wekatrace42_277f03fe965658e3e16abec6ca7b11f894b7:event_084_parent_turn_84 skipping — predecessor failed
2026-10-02 00:42:23,843 - inference_perf.datagen.replay.replay_graph_session_datagen - INFO - Event wekatrace42_277f03fe965658e3e16abec6ca7b11f894b7:event_085_parent_turn_85 skipping — predecessor failed
2026-10-02 00:43:00,826 - inference_perf.datagen.replay.replay_graph_session_datagen - ERROR - Request failed for event wekatrace249_c29d444bd1308da90ed0801376dc3af67ad6:event_002_parent_turn_2: TimeoutError: 
2026-10-02 00:43:00,826 - inference_perf.datagen.replay.replay_graph_session_datagen - INFO - Session wekatrace249_c29d444bd1308da90ed0801376dc3af67ad6 failure notification sent to main process (cancelled_events=93)
2026-10-02 00:43:00,827 - inference_perf.client.modelserver.openai_client - ERROR - 
Traceback (most recent call last):
  File "/workspace/.venv/lib/python3.12/site-packages/aiohttp/streams.py", line 365, in _wait
    await waiter
asyncio.exceptions.CancelledError

The above exception was the direct cause of the following exception:

Traceback (most recent call last):
  File "/workspace/inference_perf/apis/streaming_parser.py", line 84, in parse_sse_stream
    async for chunk in response.content.iter_any():
  File "/workspace/.venv/lib/python3.12/site-packages/aiohttp/streams.py", line 46, in __anext__
    rv = await self.read_func()
         ^^^^^^^^^^^^^^^^^^^^^^
  File "/workspace/.venv/lib/python3.12/site-packages/aiohttp/streams.py", line 460, in readany
    await self._wait("readany")
  File "/workspace/.venv/lib/python3.12/site-packages/aiohttp/streams.py", line 364, in _wait
    with self._timer:
         ^^^^^^^^^^^
  File "/workspace/.venv/lib/python3.12/site-packages/aiohttp/helpers.py", line 759, in __exit__
    raise asyncio.TimeoutError from exc_val
TimeoutError

The above exception was the direct cause of the following exception:

Traceback (most recent call last):
  File "/workspace/inference_perf/client/modelserver/openai_client.py", line 557, in process_request
    info = await data.process_response(
           ^^^^^^^^^^^^^^^^^^^^^^^^^^^^
  File "/workspace/inference_perf/datagen/replay/replay_graph_session_datagen.py", line 1039, in process_response
    text_content, chunk_times, raw_content, response_chunks, server_usage = await parse_sse_stream(
                                                                            ^^^^^^^^^^^^^^^^^^^^^^^
  File "/workspace/inference_perf/apis/streaming_parser.py", line 119, in parse_sse_stream
    raise StreamInterruptedError(e, raw_content.decode("utf-8", errors="ignore")) from e
inference_perf.apis.streaming_parser.StreamInterruptedError
2026-10-02 00:43:00,828 - inference_perf.datagen.replay.replay_graph_session_datagen - INFO - Event wekatrace249_c29d444bd1308da90ed0801376dc3af67ad6:event_003_parent_turn_3 skipping — predecessor failed
2026-10-02 00:43:00,829 - inference_perf.datagen.replay.replay_graph_session_datagen - INFO - Event wekatrace249_c29d444bd1308da90ed0801376dc3af67ad6:event_004_parent_turn_4 skipping — predecessor failed
2026-10-02 00:43:00,829 - inference_perf.datagen.replay.replay_graph_session_datagen - INFO - Event wekatrace249_c29d444bd1308da90ed0801376dc3af67ad6:event_005_parent_turn_5 skipping — predecessor failed
2026-10-02 00:43:00,830 - inference_perf.datagen.replay.replay_graph_session_datagen - INFO - Event wekatrace249_c29d444bd1308da90ed0801376dc3af67ad6:event_006_parent_turn_6 skipping — predecessor failed
2026-10-02 00:43:00,830 - inference_perf.datagen.replay.replay_graph_session_datagen - INFO - Event wekatrace249_c29d444bd1308da90ed0801376dc3af67ad6:event_007_parent_turn_7 skipping — predecessor failed
2026-10-02 00:43:00,830 - inference_perf.datagen.replay.replay_graph_session_datagen - INFO - Event wekatrace249_c29d444bd1308da90ed0801376dc3af67ad6:event_008_parent_turn_8 skipping — predecessor failed
2026-10-02 00:43:00,830 - inference_perf.datagen.replay.replay_graph_session_datagen - INFO - Event wekatrace249_c29d444bd1308da90ed0801376dc3af67ad6:event_009_parent_turn_9 skipping — predecessor failed
2026-10-02 00:43:00,831 - inference_perf.datagen.replay.replay_graph_session_datagen - INFO - Event wekatrace249_c29d444bd1308da90ed0801376dc3af67ad6:event_010_parent_turn_10 skipping — predecessor failed
2026-10-02 00:43:00,831 - inference_perf.datagen.replay.replay_graph_session_datagen - INFO - Event wekatrace249_c29d444bd1308da90ed0801376dc3af67ad6:event_011_parent_turn_11 skipping — predecessor failed
2026-10-02 00:43:00,831 - inference_perf.datagen.replay.replay_graph_session_datagen - INFO - Event wekatrace249_c29d444bd1308da90ed0801376dc3af67ad6:event_012_parent_turn_12 skipping — predecessor failed
2026-10-02 00:43:00,831 - inference_perf.datagen.replay.replay_graph_session_datagen - INFO - Event wekatrace249_c29d444bd1308da90ed0801376dc3af67ad6:event_013_parent_turn_13 skipping — predecessor failed
2026-10-02 00:43:00,831 - inference_perf.datagen.replay.replay_graph_session_datagen - INFO - Event wekatrace249_c29d444bd1308da90ed0801376dc3af67ad6:event_014_parent_turn_14 skipping — predecessor failed
2026-10-02 00:43:00,831 - inference_perf.datagen.replay.replay_graph_session_datagen - INFO - Event wekatrace249_c29d444bd1308da90ed0801376dc3af67ad6:event_015_parent_turn_15 skipping — predecessor failed
2026-10-02 00:43:00,831 - inference_perf.datagen.replay.replay_graph_session_datagen - INFO - Event wekatrace249_c29d444bd1308da90ed0801376dc3af67ad6:event_016_parent_turn_16 skipping — predecessor failed
2026-10-02 00:43:00,831 - inference_perf.datagen.replay.replay_graph_session_datagen - INFO - Event wekatrace249_c29d444bd1308da90ed0801376dc3af67ad6:event_017_parent_turn_17 skipping — predecessor failed
2026-10-02 00:43:00,832 - inference_perf.datagen.replay.replay_graph_session_datagen - INFO - Event wekatrace249_c29d444bd1308da90ed0801376dc3af67ad6:event_018_parent_turn_18 skipping — predecessor failed
2026-10-02 00:43:00,832 - inference_perf.datagen.replay.replay_graph_session_datagen - INFO - Event wekatrace249_c29d444bd1308da90ed0801376dc3af67ad6:event_019_parent_turn_19 skipping — predecessor failed
2026-10-02 00:43:00,832 - inference_perf.datagen.replay.replay_graph_session_datagen - INFO - Event wekatrace249_c29d444bd1308da90ed0801376dc3af67ad6:event_020_parent_turn_20 skipping — predecessor failed
2026-10-02 00:43:00,832 - inference_perf.datagen.replay.replay_graph_session_datagen - INFO - Event wekatrace249_c29d444bd1308da90ed0801376dc3af67ad6:event_021_parent_turn_21 skipping — predecessor failed
2026-10-02 00:43:00,832 - inference_perf.datagen.replay.replay_graph_session_datagen - INFO - Event wekatrace249_c29d444bd1308da90ed0801376dc3af67ad6:event_022_parent_turn_22 skipping — predecessor failed
2026-10-02 00:43:00,832 - inference_perf.datagen.replay.replay_graph_session_datagen - INFO - Event wekatrace249_c29d444bd1308da90ed0801376dc3af67ad6:event_023_parent_turn_23 skipping — predecessor failed
2026-10-02 00:43:00,832 - inference_perf.datagen.replay.replay_graph_session_datagen - INFO - Event wekatrace249_c29d444bd1308da90ed0801376dc3af67ad6:event_024_parent_turn_24 skipping — predecessor failed
2026-10-02 00:43:00,832 - inference_perf.datagen.replay.replay_graph_session_datagen - INFO - Event wekatrace249_c29d444bd1308da90ed0801376dc3af67ad6:event_025_parent_turn_25 skipping — predecessor failed
2026-10-02 00:43:00,832 - inference_perf.datagen.replay.replay_graph_session_datagen - INFO - Event wekatrace249_c29d444bd1308da90ed0801376dc3af67ad6:event_026_parent_turn_26 skipping — predecessor failed
2026-10-02 00:43:00,832 - inference_perf.datagen.replay.replay_graph_session_datagen - INFO - Event wekatrace249_c29d444bd1308da90ed0801376dc3af67ad6:event_027_parent_turn_27 skipping — predecessor failed
2026-10-02 00:43:00,833 - inference_perf.datagen.replay.replay_graph_session_datagen - INFO - Event wekatrace249_c29d444bd1308da90ed0801376dc3af67ad6:event_028_parent_turn_28 skipping — predecessor failed
2026-10-02 00:43:00,833 - inference_perf.datagen.replay.replay_graph_session_datagen - INFO - Event wekatrace249_c29d444bd1308da90ed0801376dc3af67ad6:event_029_parent_turn_29 skipping — predecessor failed
2026-10-02 00:43:00,833 - inference_perf.datagen.replay.replay_graph_session_datagen - INFO - Event wekatrace249_c29d444bd1308da90ed0801376dc3af67ad6:event_030_parent_turn_30 skipping — predecessor failed
2026-10-02 00:43:00,833 - inference_perf.datagen.replay.replay_graph_session_datagen - INFO - Event wekatrace249_c29d444bd1308da90ed0801376dc3af67ad6:event_031_parent_turn_31 skipping — predecessor failed
2026-10-02 00:43:00,834 - inference_perf.datagen.replay.replay_graph_session_datagen - INFO - Event wekatrace249_c29d444bd1308da90ed0801376dc3af67ad6:event_032_parent_turn_32 skipping — predecessor failed
2026-10-02 00:43:00,834 - inference_perf.datagen.replay.replay_graph_session_datagen - INFO - Event wekatrace249_c29d444bd1308da90ed0801376dc3af67ad6:event_033_parent_turn_33 skipping — predecessor failed
2026-10-02 00:43:00,834 - inference_perf.datagen.replay.replay_graph_session_datagen - INFO - Event wekatrace249_c29d444bd1308da90ed0801376dc3af67ad6:event_034_parent_turn_34 skipping — predecessor failed
2026-10-02 00:43:00,834 - inference_perf.datagen.replay.replay_graph_session_datagen - INFO - Event wekatrace249_c29d444bd1308da90ed0801376dc3af67ad6:event_035_parent_turn_35 skipping — predecessor failed
2026-10-02 00:43:00,835 - inference_perf.datagen.replay.replay_graph_session_datagen - INFO - Event wekatrace249_c29d444bd1308da90ed0801376dc3af67ad6:event_036_parent_turn_36 skipping — predecessor failed
2026-10-02 00:43:00,835 - inference_perf.datagen.replay.replay_graph_session_datagen - INFO - Event wekatrace249_c29d444bd1308da90ed0801376dc3af67ad6:event_037_parent_turn_37 skipping — predecessor failed
2026-10-02 00:43:00,835 - inference_perf.datagen.replay.replay_graph_session_datagen - INFO - Event wekatrace249_c29d444bd1308da90ed0801376dc3af67ad6:event_038_parent_turn_38 skipping — predecessor failed
2026-10-02 00:43:00,835 - inference_perf.datagen.replay.replay_graph_session_datagen - INFO - Event wekatrace249_c29d444bd1308da90ed0801376dc3af67ad6:event_039_parent_turn_39 skipping — predecessor failed
2026-10-02 00:43:00,835 - inference_perf.datagen.replay.replay_graph_session_datagen - INFO - Event wekatrace249_c29d444bd1308da90ed0801376dc3af67ad6:event_040_parent_turn_40 skipping — predecessor failed
2026-10-02 00:43:00,835 - inference_perf.datagen.replay.replay_graph_session_datagen - INFO - Event wekatrace249_c29d444bd1308da90ed0801376dc3af67ad6:event_041_parent_turn_41 skipping — predecessor failed
2026-10-02 00:43:00,835 - inference_perf.datagen.replay.replay_graph_session_datagen - INFO - Event wekatrace249_c29d444bd1308da90ed0801376dc3af67ad6:event_042_parent_turn_42 skipping — predecessor failed
2026-10-02 00:43:00,835 - inference_perf.datagen.replay.replay_graph_session_datagen - INFO - Event wekatrace249_c29d444bd1308da90ed0801376dc3af67ad6:event_043_parent_turn_43 skipping — predecessor failed
2026-10-02 00:43:00,835 - inference_perf.datagen.replay.replay_graph_session_datagen - INFO - Event wekatrace249_c29d444bd1308da90ed0801376dc3af67ad6:event_044_parent_turn_44 skipping — predecessor failed
2026-10-02 00:43:00,835 - inference_perf.datagen.replay.replay_graph_session_datagen - INFO - Event wekatrace249_c29d444bd1308da90ed0801376dc3af67ad6:event_045_parent_turn_45 skipping — predecessor failed
2026-10-02 00:43:00,835 - inference_perf.datagen.replay.replay_graph_session_datagen - INFO - Dispatching session wekatrace297_e36c8b4fb2d497f13946c968eaa8b40e77e3: 83 events
2026-10-02 00:43:00,835 - inference_perf.datagen.replay.replay_graph_session_datagen - INFO - Event wekatrace249_c29d444bd1308da90ed0801376dc3af67ad6:event_046_parent_turn_46 skipping — predecessor failed
2026-10-02 00:43:00,836 - inference_perf.datagen.replay.replay_graph_session_datagen - INFO - Event wekatrace249_c29d444bd1308da90ed0801376dc3af67ad6:event_047_parent_turn_47 skipping — predecessor failed
2026-10-02 00:43:00,836 - inference_perf.datagen.replay.replay_graph_session_datagen - INFO - Event wekatrace249_c29d444bd1308da90ed0801376dc3af67ad6:event_048_parent_turn_48 skipping — predecessor failed
2026-10-02 00:43:00,836 - inference_perf.datagen.replay.replay_graph_session_datagen - INFO - Event wekatrace249_c29d444bd1308da90ed0801376dc3af67ad6:event_049_parent_turn_49 skipping — predecessor failed
2026-10-02 00:43:00,836 - inference_perf.datagen.replay.replay_graph_session_datagen - INFO - Event wekatrace249_c29d444bd1308da90ed0801376dc3af67ad6:event_050_parent_turn_50 skipping — predecessor failed
2026-10-02 00:43:00,836 - inference_perf.datagen.replay.replay_graph_session_datagen - INFO - Event wekatrace249_c29d444bd1308da90ed0801376dc3af67ad6:event_051_parent_turn_51 skipping — predecessor failed
2026-10-02 00:43:00,836 - inference_perf.datagen.replay.replay_graph_session_datagen - INFO - Event wekatrace249_c29d444bd1308da90ed0801376dc3af67ad6:event_052_parent_turn_52 skipping — predecessor failed
2026-10-02 00:43:00,836 - inference_perf.datagen.replay.replay_graph_session_datagen - INFO - Event wekatrace249_c29d444bd1308da90ed0801376dc3af67ad6:event_053_parent_turn_53 skipping — predecessor failed
2026-10-02 00:43:00,836 - inference_perf.datagen.replay.replay_graph_session_datagen - INFO - Event wekatrace249_c29d444bd1308da90ed0801376dc3af67ad6:event_054_parent_turn_54 skipping — predecessor failed
2026-10-02 00:43:00,836 - inference_perf.datagen.replay.replay_graph_session_datagen - INFO - Event wekatrace249_c29d444bd1308da90ed0801376dc3af67ad6:event_055_parent_turn_55 skipping — predecessor failed
2026-10-02 00:43:00,837 - inference_perf.datagen.replay.replay_graph_session_datagen - INFO - Event wekatrace249_c29d444bd1308da90ed0801376dc3af67ad6:event_056_parent_turn_56 skipping — predecessor failed
2026-10-02 00:43:00,837 - inference_perf.datagen.replay.replay_graph_session_datagen - INFO - Event wekatrace249_c29d444bd1308da90ed0801376dc3af67ad6:event_057_parent_turn_57 skipping — predecessor failed
2026-10-02 00:43:00,837 - inference_perf.datagen.replay.replay_graph_session_datagen - INFO - Event wekatrace249_c29d444bd1308da90ed0801376dc3af67ad6:event_058_parent_turn_58 skipping — predecessor failed
2026-10-02 00:43:00,837 - inference_perf.datagen.replay.replay_graph_session_datagen - INFO - Event wekatrace249_c29d444bd1308da90ed0801376dc3af67ad6:event_059_parent_turn_59 skipping — predecessor failed
2026-10-02 00:43:00,837 - inference_perf.datagen.replay.replay_graph_session_datagen - INFO - Event wekatrace249_c29d444bd1308da90ed0801376dc3af67ad6:event_060_parent_turn_60 skipping — predecessor failed
2026-10-02 00:43:00,837 - inference_perf.datagen.replay.replay_graph_session_datagen - INFO - Event wekatrace249_c29d444bd1308da90ed0801376dc3af67ad6:event_061_parent_turn_61 skipping — predecessor failed
2026-10-02 00:43:00,837 - inference_perf.datagen.replay.replay_graph_session_datagen - INFO - Event wekatrace249_c29d444bd1308da90ed0801376dc3af67ad6:event_062_parent_turn_62 skipping — predecessor failed
2026-10-02 00:43:00,837 - inference_perf.datagen.replay.replay_graph_session_datagen - INFO - Event wekatrace249_c29d444bd1308da90ed0801376dc3af67ad6:event_063_parent_turn_63 skipping — predecessor failed
2026-10-02 00:43:00,837 - inference_perf.datagen.replay.replay_graph_session_datagen - INFO - Event wekatrace249_c29d444bd1308da90ed0801376dc3af67ad6:event_064_parent_turn_64 skipping — predecessor failed
2026-10-02 00:43:00,838 - inference_perf.datagen.replay.replay_graph_session_datagen - INFO - Event wekatrace249_c29d444bd1308da90ed0801376dc3af67ad6:event_065_parent_turn_65 skipping — predecessor failed
2026-10-02 00:43:00,838 - inference_perf.datagen.replay.replay_graph_session_datagen - INFO - Event wekatrace249_c29d444bd1308da90ed0801376dc3af67ad6:event_066_parent_turn_66 skipping — predecessor failed
2026-10-02 00:43:00,838 - inference_perf.datagen.replay.replay_graph_session_datagen - INFO - Event wekatrace249_c29d444bd1308da90ed0801376dc3af67ad6:event_067_parent_turn_67 skipping — predecessor failed
2026-10-02 00:43:00,838 - inference_perf.datagen.replay.replay_graph_session_datagen - INFO - Event wekatrace249_c29d444bd1308da90ed0801376dc3af67ad6:event_068_parent_turn_68 skipping — predecessor failed
2026-10-02 00:43:00,838 - inference_perf.datagen.replay.replay_graph_session_datagen - INFO - Event wekatrace249_c29d444bd1308da90ed0801376dc3af67ad6:event_069_parent_turn_69 skipping — predecessor failed
2026-10-02 00:43:00,838 - inference_perf.datagen.replay.replay_graph_session_datagen - INFO - Event wekatrace249_c29d444bd1308da90ed0801376dc3af67ad6:event_070_parent_turn_70 skipping — predecessor failed
2026-10-02 00:43:00,838 - inference_perf.datagen.replay.replay_graph_session_datagen - INFO - Event wekatrace249_c29d444bd1308da90ed0801376dc3af67ad6:event_071_parent_turn_71 skipping — predecessor failed
2026-10-02 00:43:00,838 - inference_perf.datagen.replay.replay_graph_session_datagen - INFO - Event wekatrace249_c29d444bd1308da90ed0801376dc3af67ad6:event_072_parent_turn_72 skipping — predecessor failed
2026-10-02 00:43:00,838 - inference_perf.datagen.replay.replay_graph_session_datagen - INFO - Event wekatrace249_c29d444bd1308da90ed0801376dc3af67ad6:event_073_parent_turn_73 skipping — predecessor failed
2026-10-02 00:43:00,839 - inference_perf.datagen.replay.replay_graph_session_datagen - INFO - Event wekatrace249_c29d444bd1308da90ed0801376dc3af67ad6:event_074_parent_turn_74 skipping — predecessor failed
2026-10-02 00:43:00,839 - inference_perf.datagen.replay.replay_graph_session_datagen - INFO - Event wekatrace249_c29d444bd1308da90ed0801376dc3af67ad6:event_075_parent_turn_75 skipping — predecessor failed
2026-10-02 00:43:00,839 - inference_perf.datagen.replay.replay_graph_session_datagen - INFO - Event wekatrace249_c29d444bd1308da90ed0801376dc3af67ad6:event_076_parent_turn_76 skipping — predecessor failed
2026-10-02 00:43:00,839 - inference_perf.datagen.replay.replay_graph_session_datagen - INFO - Event wekatrace249_c29d444bd1308da90ed0801376dc3af67ad6:event_077_parent_turn_77 skipping — predecessor failed
2026-10-02 00:43:00,839 - inference_perf.datagen.replay.replay_graph_session_datagen - INFO - Event wekatrace249_c29d444bd1308da90ed0801376dc3af67ad6:event_078_parent_turn_78 skipping — predecessor failed
2026-10-02 00:43:00,839 - inference_perf.datagen.replay.replay_graph_session_datagen - INFO - Event wekatrace249_c29d444bd1308da90ed0801376dc3af67ad6:event_079_parent_turn_79 skipping — predecessor failed
2026-10-02 00:43:00,839 - inference_perf.datagen.replay.replay_graph_session_datagen - INFO - Event wekatrace249_c29d444bd1308da90ed0801376dc3af67ad6:event_080_parent_turn_80 skipping — predecessor failed
2026-10-02 00:43:00,840 - inference_perf.datagen.replay.replay_graph_session_datagen - INFO - Event wekatrace249_c29d444bd1308da90ed0801376dc3af67ad6:event_081_parent_turn_81 skipping — predecessor failed
2026-10-02 00:43:00,840 - inference_perf.datagen.replay.replay_graph_session_datagen - INFO - Event wekatrace249_c29d444bd1308da90ed0801376dc3af67ad6:event_082_parent_turn_82 skipping — predecessor failed
2026-10-02 00:43:00,840 - inference_perf.datagen.replay.replay_graph_session_datagen - INFO - Event wekatrace249_c29d444bd1308da90ed0801376dc3af67ad6:event_083_parent_turn_83 skipping — predecessor failed
2026-10-02 00:43:00,840 - inference_perf.datagen.replay.replay_graph_session_datagen - INFO - Event wekatrace249_c29d444bd1308da90ed0801376dc3af67ad6:event_084_parent_turn_84 skipping — predecessor failed
2026-10-02 00:43:00,840 - inference_perf.datagen.replay.replay_graph_session_datagen - INFO - Event wekatrace249_c29d444bd1308da90ed0801376dc3af67ad6:event_085_parent_turn_85 skipping — predecessor failed
2026-10-02 00:43:00,840 - inference_perf.datagen.replay.replay_graph_session_datagen - INFO - Event wekatrace249_c29d444bd1308da90ed0801376dc3af67ad6:event_086_parent_turn_86 skipping — predecessor failed
2026-10-02 00:43:00,840 - inference_perf.datagen.replay.replay_graph_session_datagen - INFO - Event wekatrace249_c29d444bd1308da90ed0801376dc3af67ad6:event_087_parent_turn_87 skipping — predecessor failed
2026-10-02 00:43:00,840 - inference_perf.datagen.replay.replay_graph_session_datagen - INFO - Event wekatrace249_c29d444bd1308da90ed0801376dc3af67ad6:event_088_parent_turn_88 skipping — predecessor failed
2026-10-02 00:43:00,841 - inference_perf.datagen.replay.replay_graph_session_datagen - INFO - Event wekatrace249_c29d444bd1308da90ed0801376dc3af67ad6:event_089_parent_turn_89 skipping — predecessor failed
2026-10-02 00:43:00,841 - inference_perf.datagen.replay.replay_graph_session_datagen - INFO - Event wekatrace249_c29d444bd1308da90ed0801376dc3af67ad6:event_090_parent_turn_90 skipping — predecessor failed
2026-10-02 00:43:00,841 - inference_perf.datagen.replay.replay_graph_session_datagen - INFO - Event wekatrace249_c29d444bd1308da90ed0801376dc3af67ad6:event_091_parent_turn_91 skipping — predecessor failed
2026-10-02 00:43:00,841 - inference_perf.datagen.replay.replay_graph_session_datagen - INFO - Event wekatrace249_c29d444bd1308da90ed0801376dc3af67ad6:event_092_parent_turn_92 skipping — predecessor failed
2026-10-02 00:43:00,841 - inference_perf.datagen.replay.replay_graph_session_datagen - INFO - Event wekatrace249_c29d444bd1308da90ed0801376dc3af67ad6:event_093_parent_turn_93 skipping — predecessor failed
2026-10-02 00:43:00,841 - inference_perf.datagen.replay.replay_graph_session_datagen - INFO - Event wekatrace249_c29d444bd1308da90ed0801376dc3af67ad6:event_094_parent_turn_94 skipping — predecessor failed
2026-10-02 00:43:00,841 - inference_perf.datagen.replay.replay_graph_session_datagen - INFO - Event wekatrace249_c29d444bd1308da90ed0801376dc3af67ad6:event_095_parent_turn_95 skipping — predecessor failed
2026-10-02 00:43:19,826 - inference_perf.datagen.replay.replay_graph_session_datagen - ERROR - Request failed for event wekatrace324_f3852e8ca1ac3887151243be3467e483d725:event_003_parent_turn_3: TimeoutError: 
2026-10-02 00:43:19,828 - inference_perf.datagen.replay.replay_graph_session_datagen - INFO - Session wekatrace324_f3852e8ca1ac3887151243be3467e483d725 failure notification sent to main process (cancelled_events=59)
2026-10-02 00:43:19,828 - inference_perf.client.modelserver.openai_client - ERROR - 
Traceback (most recent call last):
  File "/workspace/.venv/lib/python3.12/site-packages/aiohttp/streams.py", line 365, in _wait
    await waiter
asyncio.exceptions.CancelledError

The above exception was the direct cause of the following exception:

Traceback (most recent call last):
  File "/workspace/inference_perf/apis/streaming_parser.py", line 84, in parse_sse_stream
    async for chunk in response.content.iter_any():
  File "/workspace/.venv/lib/python3.12/site-packages/aiohttp/streams.py", line 46, in __anext__
    rv = await self.read_func()
         ^^^^^^^^^^^^^^^^^^^^^^
  File "/workspace/.venv/lib/python3.12/site-packages/aiohttp/streams.py", line 460, in readany
    await self._wait("readany")
  File "/workspace/.venv/lib/python3.12/site-packages/aiohttp/streams.py", line 364, in _wait
    with self._timer:
         ^^^^^^^^^^^
  File "/workspace/.venv/lib/python3.12/site-packages/aiohttp/helpers.py", line 759, in __exit__
    raise asyncio.TimeoutError from exc_val
TimeoutError

The above exception was the direct cause of the following exception:

Traceback (most recent call last):
  File "/workspace/inference_perf/client/modelserver/openai_client.py", line 557, in process_request
    info = await data.process_response(
           ^^^^^^^^^^^^^^^^^^^^^^^^^^^^
  File "/workspace/inference_perf/datagen/replay/replay_graph_session_datagen.py", line 1039, in process_response
    text_content, chunk_times, raw_content, response_chunks, server_usage = await parse_sse_stream(
                                                                            ^^^^^^^^^^^^^^^^^^^^^^^
  File "/workspace/inference_perf/apis/streaming_parser.py", line 119, in parse_sse_stream
    raise StreamInterruptedError(e, raw_content.decode("utf-8", errors="ignore")) from e
inference_perf.apis.streaming_parser.StreamInterruptedError
2026-10-02 00:43:19,834 - inference_perf.datagen.replay.replay_graph_session_datagen - INFO - Event wekatrace324_f3852e8ca1ac3887151243be3467e483d725:event_004_parent_turn_4 skipping — predecessor failed
2026-10-02 00:43:19,834 - inference_perf.datagen.replay.replay_graph_session_datagen - INFO - Event wekatrace324_f3852e8ca1ac3887151243be3467e483d725:event_005_parent_turn_5 skipping — predecessor failed
2026-10-02 00:43:19,834 - inference_perf.datagen.replay.replay_graph_session_datagen - INFO - Event wekatrace324_f3852e8ca1ac3887151243be3467e483d725:event_006_parent_turn_6 skipping — predecessor failed
2026-10-02 00:43:19,834 - inference_perf.datagen.replay.replay_graph_session_datagen - INFO - Event wekatrace324_f3852e8ca1ac3887151243be3467e483d725:event_007_parent_turn_7 skipping — predecessor failed
2026-10-02 00:43:19,834 - inference_perf.datagen.replay.replay_graph_session_datagen - INFO - Event wekatrace324_f3852e8ca1ac3887151243be3467e483d725:event_008_parent_turn_8 skipping — predecessor failed
2026-10-02 00:43:19,834 - inference_perf.datagen.replay.replay_graph_session_datagen - INFO - Event wekatrace324_f3852e8ca1ac3887151243be3467e483d725:event_009_parent_turn_9 skipping — predecessor failed
2026-10-02 00:43:19,834 - inference_perf.datagen.replay.replay_graph_session_datagen - INFO - Event wekatrace324_f3852e8ca1ac3887151243be3467e483d725:event_010_parent_turn_10 skipping — predecessor failed
2026-10-02 00:43:19,834 - inference_perf.datagen.replay.replay_graph_session_datagen - INFO - Event wekatrace324_f3852e8ca1ac3887151243be3467e483d725:event_011_parent_turn_11 skipping — predecessor failed
2026-10-02 00:43:19,835 - inference_perf.datagen.replay.replay_graph_session_datagen - INFO - Event wekatrace324_f3852e8ca1ac3887151243be3467e483d725:event_012_parent_turn_12 skipping — predecessor failed
2026-10-02 00:43:19,835 - inference_perf.datagen.replay.replay_graph_session_datagen - INFO - Event wekatrace324_f3852e8ca1ac3887151243be3467e483d725:event_013_parent_turn_13 skipping — predecessor failed
2026-10-02 00:43:19,835 - inference_perf.datagen.replay.replay_graph_session_datagen - INFO - Event wekatrace324_f3852e8ca1ac3887151243be3467e483d725:event_014_parent_turn_14 skipping — predecessor failed
2026-10-02 00:43:19,835 - inference_perf.datagen.replay.replay_graph_session_datagen - INFO - Event wekatrace324_f3852e8ca1ac3887151243be3467e483d725:event_015_parent_turn_15 skipping — predecessor failed
2026-10-02 00:43:19,835 - inference_perf.datagen.replay.replay_graph_session_datagen - INFO - Event wekatrace324_f3852e8ca1ac3887151243be3467e483d725:event_016_parent_turn_16 skipping — predecessor failed
2026-10-02 00:43:19,835 - inference_perf.datagen.replay.replay_graph_session_datagen - INFO - Event wekatrace324_f3852e8ca1ac3887151243be3467e483d725:event_017_parent_turn_17 skipping — predecessor failed
2026-10-02 00:43:19,835 - inference_perf.datagen.replay.replay_graph_session_datagen - INFO - Event wekatrace324_f3852e8ca1ac3887151243be3467e483d725:event_018_parent_turn_18 skipping — predecessor failed
2026-10-02 00:43:19,835 - inference_perf.datagen.replay.replay_graph_session_datagen - INFO - Event wekatrace324_f3852e8ca1ac3887151243be3467e483d725:event_019_parent_turn_19 skipping — predecessor failed
2026-10-02 00:43:19,835 - inference_perf.datagen.replay.replay_graph_session_datagen - INFO - Event wekatrace324_f3852e8ca1ac3887151243be3467e483d725:event_020_parent_turn_20 skipping — predecessor failed
2026-10-02 00:43:19,836 - inference_perf.datagen.replay.replay_graph_session_datagen - INFO - Event wekatrace324_f3852e8ca1ac3887151243be3467e483d725:event_021_parent_turn_21 skipping — predecessor failed
2026-10-02 00:43:19,836 - inference_perf.datagen.replay.replay_graph_session_datagen - INFO - Event wekatrace324_f3852e8ca1ac3887151243be3467e483d725:event_022_parent_turn_22 skipping — predecessor failed
2026-10-02 00:43:19,836 - inference_perf.datagen.replay.replay_graph_session_datagen - INFO - Event wekatrace324_f3852e8ca1ac3887151243be3467e483d725:event_023_parent_turn_23 skipping — predecessor failed
2026-10-02 00:43:19,836 - inference_perf.datagen.replay.replay_graph_session_datagen - INFO - Event wekatrace324_f3852e8ca1ac3887151243be3467e483d725:event_024_parent_turn_24 skipping — predecessor failed
2026-10-02 00:43:19,836 - inference_perf.datagen.replay.replay_graph_session_datagen - INFO - Event wekatrace324_f3852e8ca1ac3887151243be3467e483d725:event_025_parent_turn_25 skipping — predecessor failed
2026-10-02 00:43:19,836 - inference_perf.datagen.replay.replay_graph_session_datagen - INFO - Event wekatrace324_f3852e8ca1ac3887151243be3467e483d725:event_026_parent_turn_26 skipping — predecessor failed
2026-10-02 00:43:19,836 - inference_perf.datagen.replay.replay_graph_session_datagen - INFO - Event wekatrace324_f3852e8ca1ac3887151243be3467e483d725:event_027_parent_turn_27 skipping — predecessor failed
2026-10-02 00:43:19,836 - inference_perf.datagen.replay.replay_graph_session_datagen - INFO - Event wekatrace324_f3852e8ca1ac3887151243be3467e483d725:event_028_parent_turn_28 skipping — predecessor failed
2026-10-02 00:43:19,836 - inference_perf.datagen.replay.replay_graph_session_datagen - INFO - Event wekatrace324_f3852e8ca1ac3887151243be3467e483d725:event_029_parent_turn_29 skipping — predecessor failed
2026-10-02 00:43:19,836 - inference_perf.datagen.replay.replay_graph_session_datagen - INFO - Event wekatrace324_f3852e8ca1ac3887151243be3467e483d725:event_030_parent_turn_30 skipping — predecessor failed
2026-10-02 00:43:19,837 - inference_perf.datagen.replay.replay_graph_session_datagen - INFO - Event wekatrace324_f3852e8ca1ac3887151243be3467e483d725:event_031_parent_turn_31 skipping — predecessor failed
2026-10-02 00:43:19,837 - inference_perf.datagen.replay.replay_graph_session_datagen - INFO - Event wekatrace324_f3852e8ca1ac3887151243be3467e483d725:event_032_parent_turn_32 skipping — predecessor failed
2026-10-02 00:43:19,837 - inference_perf.datagen.replay.replay_graph_session_datagen - INFO - Event wekatrace324_f3852e8ca1ac3887151243be3467e483d725:event_033_parent_turn_33 skipping — predecessor failed
2026-10-02 00:43:19,837 - inference_perf.datagen.replay.replay_graph_session_datagen - INFO - Event wekatrace324_f3852e8ca1ac3887151243be3467e483d725:event_034_parent_turn_34 skipping — predecessor failed
2026-10-02 00:43:19,837 - inference_perf.datagen.replay.replay_graph_session_datagen - INFO - Event wekatrace324_f3852e8ca1ac3887151243be3467e483d725:event_035_parent_turn_35 skipping — predecessor failed
2026-10-02 00:43:19,837 - inference_perf.datagen.replay.replay_graph_session_datagen - INFO - Event wekatrace324_f3852e8ca1ac3887151243be3467e483d725:event_036_parent_turn_36 skipping — predecessor failed
2026-10-02 00:43:19,837 - inference_perf.datagen.replay.replay_graph_session_datagen - INFO - Event wekatrace324_f3852e8ca1ac3887151243be3467e483d725:event_037_parent_turn_37 skipping — predecessor failed
2026-10-02 00:43:19,838 - inference_perf.datagen.replay.replay_graph_session_datagen - INFO - Event wekatrace324_f3852e8ca1ac3887151243be3467e483d725:event_038_parent_turn_38 skipping — predecessor failed
2026-10-02 00:43:19,838 - inference_perf.datagen.replay.replay_graph_session_datagen - INFO - Event wekatrace324_f3852e8ca1ac3887151243be3467e483d725:event_039_parent_turn_39 skipping — predecessor failed
2026-10-02 00:43:19,838 - inference_perf.datagen.replay.replay_graph_session_datagen - INFO - Event wekatrace324_f3852e8ca1ac3887151243be3467e483d725:event_040_parent_turn_40 skipping — predecessor failed
2026-10-02 00:43:19,838 - inference_perf.datagen.replay.replay_graph_session_datagen - INFO - Event wekatrace324_f3852e8ca1ac3887151243be3467e483d725:event_041_parent_turn_41 skipping — predecessor failed
2026-10-02 00:43:19,838 - inference_perf.datagen.replay.replay_graph_session_datagen - INFO - Event wekatrace324_f3852e8ca1ac3887151243be3467e483d725:event_042_parent_turn_42 skipping — predecessor failed
2026-10-02 00:43:19,838 - inference_perf.datagen.replay.replay_graph_session_datagen - INFO - Event wekatrace324_f3852e8ca1ac3887151243be3467e483d725:event_043_parent_turn_43 skipping — predecessor failed
2026-10-02 00:43:19,838 - inference_perf.datagen.replay.replay_graph_session_datagen - INFO - Event wekatrace324_f3852e8ca1ac3887151243be3467e483d725:event_044_parent_turn_44 skipping — predecessor failed
2026-10-02 00:43:19,839 - inference_perf.datagen.replay.replay_graph_session_datagen - INFO - Event wekatrace324_f3852e8ca1ac3887151243be3467e483d725:event_045_parent_turn_45 skipping — predecessor failed
2026-10-02 00:43:19,839 - inference_perf.datagen.replay.replay_graph_session_datagen - INFO - Event wekatrace324_f3852e8ca1ac3887151243be3467e483d725:event_046_parent_turn_46 skipping — predecessor failed
2026-10-02 00:43:19,839 - inference_perf.datagen.replay.replay_graph_session_datagen - INFO - Event wekatrace324_f3852e8ca1ac3887151243be3467e483d725:event_047_parent_turn_47 skipping — predecessor failed
2026-10-02 00:43:19,839 - inference_perf.datagen.replay.replay_graph_session_datagen - INFO - Event wekatrace324_f3852e8ca1ac3887151243be3467e483d725:event_048_parent_turn_48 skipping — predecessor failed
2026-10-02 00:43:19,839 - inference_perf.datagen.replay.replay_graph_session_datagen - INFO - Event wekatrace324_f3852e8ca1ac3887151243be3467e483d725:event_049_parent_turn_49 skipping — predecessor failed
2026-10-02 00:43:19,839 - inference_perf.datagen.replay.replay_graph_session_datagen - INFO - Event wekatrace324_f3852e8ca1ac3887151243be3467e483d725:event_050_parent_turn_50 skipping — predecessor failed
2026-10-02 00:43:19,840 - inference_perf.datagen.replay.replay_graph_session_datagen - INFO - Event wekatrace324_f3852e8ca1ac3887151243be3467e483d725:event_051_parent_turn_51 skipping — predecessor failed
2026-10-02 00:43:19,840 - inference_perf.datagen.replay.replay_graph_session_datagen - INFO - Event wekatrace324_f3852e8ca1ac3887151243be3467e483d725:event_052_parent_turn_52 skipping — predecessor failed
2026-10-02 00:43:19,840 - inference_perf.datagen.replay.replay_graph_session_datagen - INFO - Event wekatrace324_f3852e8ca1ac3887151243be3467e483d725:event_053_parent_turn_53 skipping — predecessor failed
2026-10-02 00:43:19,840 - inference_perf.datagen.replay.replay_graph_session_datagen - INFO - Event wekatrace324_f3852e8ca1ac3887151243be3467e483d725:event_054_parent_turn_54 skipping — predecessor failed
2026-10-02 00:43:19,840 - inference_perf.datagen.replay.replay_graph_session_datagen - INFO - Event wekatrace324_f3852e8ca1ac3887151243be3467e483d725:event_055_parent_turn_55 skipping — predecessor failed
2026-10-02 00:43:19,840 - inference_perf.datagen.replay.replay_graph_session_datagen - INFO - Event wekatrace324_f3852e8ca1ac3887151243be3467e483d725:event_056_parent_turn_56 skipping — predecessor failed
2026-10-02 00:43:19,840 - inference_perf.datagen.replay.replay_graph_session_datagen - INFO - Event wekatrace324_f3852e8ca1ac3887151243be3467e483d725:event_057_parent_turn_57 skipping — predecessor failed
2026-10-02 00:43:19,841 - inference_perf.datagen.replay.replay_graph_session_datagen - INFO - Event wekatrace324_f3852e8ca1ac3887151243be3467e483d725:event_058_parent_turn_58 skipping — predecessor failed
2026-10-02 00:43:19,841 - inference_perf.datagen.replay.replay_graph_session_datagen - INFO - Event wekatrace324_f3852e8ca1ac3887151243be3467e483d725:event_059_parent_turn_59 skipping — predecessor failed
2026-10-02 00:43:19,841 - inference_perf.datagen.replay.replay_graph_session_datagen - INFO - Event wekatrace324_f3852e8ca1ac3887151243be3467e483d725:event_060_parent_turn_60 skipping — predecessor failed
2026-10-02 00:43:19,841 - inference_perf.datagen.replay.replay_graph_session_datagen - INFO - Event wekatrace324_f3852e8ca1ac3887151243be3467e483d725:event_061_parent_turn_61 skipping — predecessor failed
2026-10-02 00:43:19,841 - inference_perf.datagen.replay.replay_graph_session_datagen - INFO - Event wekatrace324_f3852e8ca1ac3887151243be3467e483d725:event_062_parent_turn_62 skipping — predecessor failed
2026-10-02 00:43:19,851 - inference_perf.datagen.replay.replay_graph_session_datagen - INFO - Dispatching session wekatrace237_bb09362fe3a016c1b20f92d0e29cfdf97722: 12 events
2026-10-02 00:43:32,826 - inference_perf.datagen.replay.replay_graph_session_datagen - ERROR - Request failed for event wekatrace303_e5fbd6dfd130daf14f0059747c5481e7503e:event_003_parent_turn_3: TimeoutError: 
2026-10-02 00:43:32,827 - inference_perf.datagen.replay.replay_graph_session_datagen - INFO - Session wekatrace303_e5fbd6dfd130daf14f0059747c5481e7503e failure notification sent to main process (cancelled_events=168)
2026-10-02 00:43:32,833 - inference_perf.datagen.replay.replay_graph_session_datagen - INFO - Dispatching session wekatrace121_6a35a34a2321ec9b90e4b55a419baa835703: 66 events
2026-10-02 00:43:32,828 - inference_perf.client.modelserver.openai_client - ERROR - 
Traceback (most recent call last):
  File "/workspace/.venv/lib/python3.12/site-packages/aiohttp/streams.py", line 365, in _wait
    await waiter
asyncio.exceptions.CancelledError

The above exception was the direct cause of the following exception:

Traceback (most recent call last):
  File "/workspace/inference_perf/apis/streaming_parser.py", line 84, in parse_sse_stream
    async for chunk in response.content.iter_any():
  File "/workspace/.venv/lib/python3.12/site-packages/aiohttp/streams.py", line 46, in __anext__
    rv = await self.read_func()
         ^^^^^^^^^^^^^^^^^^^^^^
  File "/workspace/.venv/lib/python3.12/site-packages/aiohttp/streams.py", line 460, in readany
    await self._wait("readany")
  File "/workspace/.venv/lib/python3.12/site-packages/aiohttp/streams.py", line 364, in _wait
    with self._timer:
         ^^^^^^^^^^^
  File "/workspace/.venv/lib/python3.12/site-packages/aiohttp/helpers.py", line 759, in __exit__
    raise asyncio.TimeoutError from exc_val
TimeoutError

The above exception was the direct cause of the following exception:

Traceback (most recent call last):
  File "/workspace/inference_perf/client/modelserver/openai_client.py", line 557, in process_request
    info = await data.process_response(
           ^^^^^^^^^^^^^^^^^^^^^^^^^^^^
  File "/workspace/inference_perf/datagen/replay/replay_graph_session_datagen.py", line 1039, in process_response
    text_content, chunk_times, raw_content, response_chunks, server_usage = await parse_sse_stream(
                                                                            ^^^^^^^^^^^^^^^^^^^^^^^
  File "/workspace/inference_perf/apis/streaming_parser.py", line 119, in parse_sse_stream
    raise StreamInterruptedError(e, raw_content.decode("utf-8", errors="ignore")) from e
inference_perf.apis.streaming_parser.StreamInterruptedError
2026-10-02 00:43:32,834 - inference_perf.datagen.replay.replay_graph_session_datagen - INFO - Event wekatrace303_e5fbd6dfd130daf14f0059747c5481e7503e:event_004_parent_turn_4 skipping — predecessor failed
2026-10-02 00:43:32,835 - inference_perf.datagen.replay.replay_graph_session_datagen - INFO - Event wekatrace303_e5fbd6dfd130daf14f0059747c5481e7503e:event_005_parent_turn_5 skipping — predecessor failed
2026-10-02 00:43:32,836 - inference_perf.datagen.replay.replay_graph_session_datagen - INFO - Event wekatrace303_e5fbd6dfd130daf14f0059747c5481e7503e:event_006_parent_turn_6 skipping — predecessor failed
2026-10-02 00:43:32,836 - inference_perf.datagen.replay.replay_graph_session_datagen - INFO - Event wekatrace303_e5fbd6dfd130daf14f0059747c5481e7503e:event_007_parent_turn_7 skipping — predecessor failed
2026-10-02 00:43:32,836 - inference_perf.datagen.replay.replay_graph_session_datagen - INFO - Event wekatrace303_e5fbd6dfd130daf14f0059747c5481e7503e:event_008_parent_turn_8 skipping — predecessor failed
2026-10-02 00:43:32,837 - inference_perf.datagen.replay.replay_graph_session_datagen - INFO - Event wekatrace303_e5fbd6dfd130daf14f0059747c5481e7503e:event_009_parent_turn_9 skipping — predecessor failed
2026-10-02 00:43:32,837 - inference_perf.datagen.replay.replay_graph_session_datagen - INFO - Event wekatrace303_e5fbd6dfd130daf14f0059747c5481e7503e:event_010_parent_turn_10 skipping — predecessor failed
2026-10-02 00:43:32,837 - inference_perf.datagen.replay.replay_graph_session_datagen - INFO - Event wekatrace303_e5fbd6dfd130daf14f0059747c5481e7503e:event_011_parent_turn_11 skipping — predecessor failed
2026-10-02 00:43:32,837 - inference_perf.datagen.replay.replay_graph_session_datagen - INFO - Event wekatrace303_e5fbd6dfd130daf14f0059747c5481e7503e:event_012_parent_turn_12 skipping — predecessor failed
2026-10-02 00:43:32,837 - inference_perf.datagen.replay.replay_graph_session_datagen - INFO - Event wekatrace303_e5fbd6dfd130daf14f0059747c5481e7503e:event_013_parent_turn_13 skipping — predecessor failed
2026-10-02 00:43:32,838 - inference_perf.datagen.replay.replay_graph_session_datagen - INFO - Event wekatrace303_e5fbd6dfd130daf14f0059747c5481e7503e:event_014_parent_turn_14 skipping — predecessor failed
2026-10-02 00:43:32,838 - inference_perf.datagen.replay.replay_graph_session_datagen - INFO - Event wekatrace303_e5fbd6dfd130daf14f0059747c5481e7503e:event_015_parent_turn_15 skipping — predecessor failed
2026-10-02 00:43:32,838 - inference_perf.datagen.replay.replay_graph_session_datagen - INFO - Event wekatrace303_e5fbd6dfd130daf14f0059747c5481e7503e:event_016_parent_turn_16 skipping — predecessor failed
2026-10-02 00:43:32,838 - inference_perf.datagen.replay.replay_graph_session_datagen - INFO - Event wekatrace303_e5fbd6dfd130daf14f0059747c5481e7503e:event_017_parent_turn_17 skipping — predecessor failed
2026-10-02 00:43:32,838 - inference_perf.datagen.replay.replay_graph_session_datagen - INFO - Event wekatrace303_e5fbd6dfd130daf14f0059747c5481e7503e:event_018_parent_turn_18 skipping — predecessor failed
2026-10-02 00:43:32,838 - inference_perf.datagen.replay.replay_graph_session_datagen - INFO - Event wekatrace303_e5fbd6dfd130daf14f0059747c5481e7503e:event_019_parent_turn_19 skipping — predecessor failed
2026-10-02 00:43:32,839 - inference_perf.datagen.replay.replay_graph_session_datagen - INFO - Event wekatrace303_e5fbd6dfd130daf14f0059747c5481e7503e:event_020_parent_turn_20 skipping — predecessor failed
2026-10-02 00:43:32,839 - inference_perf.datagen.replay.replay_graph_session_datagen - INFO - Event wekatrace303_e5fbd6dfd130daf14f0059747c5481e7503e:event_021_parent_turn_21 skipping — predecessor failed
2026-10-02 00:43:32,840 - inference_perf.datagen.replay.replay_graph_session_datagen - INFO - Event wekatrace303_e5fbd6dfd130daf14f0059747c5481e7503e:event_022_parent_turn_22 skipping — predecessor failed
2026-10-02 00:43:32,840 - inference_perf.datagen.replay.replay_graph_session_datagen - INFO - Event wekatrace303_e5fbd6dfd130daf14f0059747c5481e7503e:event_023_parent_turn_23 skipping — predecessor failed
2026-10-02 00:43:32,840 - inference_perf.datagen.replay.replay_graph_session_datagen - INFO - Event wekatrace303_e5fbd6dfd130daf14f0059747c5481e7503e:event_024_parent_turn_24 skipping — predecessor failed
2026-10-02 00:43:32,840 - inference_perf.datagen.replay.replay_graph_session_datagen - INFO - Event wekatrace303_e5fbd6dfd130daf14f0059747c5481e7503e:event_025_parent_turn_25 skipping — predecessor failed
2026-10-02 00:43:32,840 - inference_perf.datagen.replay.replay_graph_session_datagen - INFO - Event wekatrace303_e5fbd6dfd130daf14f0059747c5481e7503e:event_026_parent_turn_26 skipping — predecessor failed
2026-10-02 00:43:32,840 - inference_perf.datagen.replay.replay_graph_session_datagen - INFO - Event wekatrace303_e5fbd6dfd130daf14f0059747c5481e7503e:event_027_parent_turn_27 skipping — predecessor failed
2026-10-02 00:43:32,841 - inference_perf.datagen.replay.replay_graph_session_datagen - INFO - Event wekatrace303_e5fbd6dfd130daf14f0059747c5481e7503e:event_028_parent_turn_28 skipping — predecessor failed
2026-10-02 00:43:32,841 - inference_perf.datagen.replay.replay_graph_session_datagen - INFO - Event wekatrace303_e5fbd6dfd130daf14f0059747c5481e7503e:event_029_parent_turn_29 skipping — predecessor failed
2026-10-02 00:43:32,841 - inference_perf.datagen.replay.replay_graph_session_datagen - INFO - Event wekatrace303_e5fbd6dfd130daf14f0059747c5481e7503e:event_030_parent_turn_30 skipping — predecessor failed
2026-10-02 00:43:32,841 - inference_perf.datagen.replay.replay_graph_session_datagen - INFO - Event wekatrace303_e5fbd6dfd130daf14f0059747c5481e7503e:event_031_parent_turn_31 skipping — predecessor failed
2026-10-02 00:43:32,841 - inference_perf.datagen.replay.replay_graph_session_datagen - INFO - Event wekatrace303_e5fbd6dfd130daf14f0059747c5481e7503e:event_032_parent_turn_32 skipping — predecessor failed
2026-10-02 00:43:32,841 - inference_perf.datagen.replay.replay_graph_session_datagen - INFO - Event wekatrace303_e5fbd6dfd130daf14f0059747c5481e7503e:event_033_parent_turn_33 skipping — predecessor failed
2026-10-02 00:43:32,841 - inference_perf.datagen.replay.replay_graph_session_datagen - INFO - Event wekatrace303_e5fbd6dfd130daf14f0059747c5481e7503e:event_034_parent_turn_34 skipping — predecessor failed
2026-10-02 00:43:32,842 - inference_perf.datagen.replay.replay_graph_session_datagen - INFO - Event wekatrace303_e5fbd6dfd130daf14f0059747c5481e7503e:event_035_parent_turn_35 skipping — predecessor failed
2026-10-02 00:43:32,842 - inference_perf.datagen.replay.replay_graph_session_datagen - INFO - Event wekatrace303_e5fbd6dfd130daf14f0059747c5481e7503e:event_036_parent_turn_36 skipping — predecessor failed
2026-10-02 00:43:32,842 - inference_perf.datagen.replay.replay_graph_session_datagen - INFO - Event wekatrace303_e5fbd6dfd130daf14f0059747c5481e7503e:event_037_parent_turn_37 skipping — predecessor failed
2026-10-02 00:43:32,842 - inference_perf.datagen.replay.replay_graph_session_datagen - INFO - Event wekatrace303_e5fbd6dfd130daf14f0059747c5481e7503e:event_038_parent_turn_38 skipping — predecessor failed
2026-10-02 00:43:32,842 - inference_perf.datagen.replay.replay_graph_session_datagen - INFO - Event wekatrace303_e5fbd6dfd130daf14f0059747c5481e7503e:event_039_parent_turn_39 skipping — predecessor failed
2026-10-02 00:43:32,842 - inference_perf.datagen.replay.replay_graph_session_datagen - INFO - Event wekatrace303_e5fbd6dfd130daf14f0059747c5481e7503e:event_040_parent_turn_40 skipping — predecessor failed
2026-10-02 00:43:32,843 - inference_perf.datagen.replay.replay_graph_session_datagen - INFO - Event wekatrace303_e5fbd6dfd130daf14f0059747c5481e7503e:event_041_parent_turn_41 skipping — predecessor failed
2026-10-02 00:43:32,843 - inference_perf.datagen.replay.replay_graph_session_datagen - INFO - Event wekatrace303_e5fbd6dfd130daf14f0059747c5481e7503e:event_042_parent_turn_42 skipping — predecessor failed
2026-10-02 00:43:32,843 - inference_perf.datagen.replay.replay_graph_session_datagen - INFO - Event wekatrace303_e5fbd6dfd130daf14f0059747c5481e7503e:event_043_parent_turn_43 skipping — predecessor failed
2026-10-02 00:43:32,843 - inference_perf.datagen.replay.replay_graph_session_datagen - INFO - Event wekatrace303_e5fbd6dfd130daf14f0059747c5481e7503e:event_044_parent_turn_44 skipping — predecessor failed
2026-10-02 00:43:32,843 - inference_perf.datagen.replay.replay_graph_session_datagen - INFO - Event wekatrace303_e5fbd6dfd130daf14f0059747c5481e7503e:event_045_parent_turn_45 skipping — predecessor failed
2026-10-02 00:43:32,843 - inference_perf.datagen.replay.replay_graph_session_datagen - INFO - Event wekatrace303_e5fbd6dfd130daf14f0059747c5481e7503e:event_046_parent_turn_46 skipping — predecessor failed
2026-10-02 00:43:32,843 - inference_perf.datagen.replay.replay_graph_session_datagen - INFO - Event wekatrace303_e5fbd6dfd130daf14f0059747c5481e7503e:event_047_parent_turn_47 skipping — predecessor failed
2026-10-02 00:43:32,843 - inference_perf.datagen.replay.replay_graph_session_datagen - INFO - Event wekatrace303_e5fbd6dfd130daf14f0059747c5481e7503e:event_048_parent_turn_48 skipping — predecessor failed
2026-10-02 00:43:32,843 - inference_perf.datagen.replay.replay_graph_session_datagen - INFO - Event wekatrace303_e5fbd6dfd130daf14f0059747c5481e7503e:event_049_parent_turn_49 skipping — predecessor failed
2026-10-02 00:43:32,844 - inference_perf.datagen.replay.replay_graph_session_datagen - INFO - Event wekatrace303_e5fbd6dfd130daf14f0059747c5481e7503e:event_050_parent_turn_50 skipping — predecessor failed
2026-10-02 00:43:32,844 - inference_perf.datagen.replay.replay_graph_session_datagen - INFO - Event wekatrace303_e5fbd6dfd130daf14f0059747c5481e7503e:event_051_parent_turn_51 skipping — predecessor failed
2026-10-02 00:43:32,844 - inference_perf.datagen.replay.replay_graph_session_datagen - INFO - Event wekatrace303_e5fbd6dfd130daf14f0059747c5481e7503e:event_052_parent_turn_52 skipping — predecessor failed
2026-10-02 00:43:32,844 - inference_perf.datagen.replay.replay_graph_session_datagen - INFO - Event wekatrace303_e5fbd6dfd130daf14f0059747c5481e7503e:event_053_parent_turn_53 skipping — predecessor failed
2026-10-02 00:43:32,844 - inference_perf.datagen.replay.replay_graph_session_datagen - INFO - Event wekatrace303_e5fbd6dfd130daf14f0059747c5481e7503e:event_054_parent_turn_54 skipping — predecessor failed
2026-10-02 00:43:32,844 - inference_perf.datagen.replay.replay_graph_session_datagen - INFO - Event wekatrace303_e5fbd6dfd130daf14f0059747c5481e7503e:event_055_parent_turn_55 skipping — predecessor failed
2026-10-02 00:43:32,844 - inference_perf.datagen.replay.replay_graph_session_datagen - INFO - Event wekatrace303_e5fbd6dfd130daf14f0059747c5481e7503e:event_056_parent_turn_56 skipping — predecessor failed
2026-10-02 00:43:32,844 - inference_perf.datagen.replay.replay_graph_session_datagen - INFO - Event wekatrace303_e5fbd6dfd130daf14f0059747c5481e7503e:event_057_parent_turn_57 skipping — predecessor failed
2026-10-02 00:43:32,844 - inference_perf.datagen.replay.replay_graph_session_datagen - INFO - Event wekatrace303_e5fbd6dfd130daf14f0059747c5481e7503e:event_058_parent_turn_58 skipping — predecessor failed
2026-10-02 00:43:32,845 - inference_perf.datagen.replay.replay_graph_session_datagen - INFO - Event wekatrace303_e5fbd6dfd130daf14f0059747c5481e7503e:event_059_parent_turn_59 skipping — predecessor failed
2026-10-02 00:43:32,845 - inference_perf.datagen.replay.replay_graph_session_datagen - INFO - Event wekatrace303_e5fbd6dfd130daf14f0059747c5481e7503e:event_060_parent_turn_60 skipping — predecessor failed
2026-10-02 00:43:32,845 - inference_perf.datagen.replay.replay_graph_session_datagen - INFO - Event wekatrace303_e5fbd6dfd130daf14f0059747c5481e7503e:event_061_parent_turn_61 skipping — predecessor failed
2026-10-02 00:43:32,845 - inference_perf.datagen.replay.replay_graph_session_datagen - INFO - Event wekatrace303_e5fbd6dfd130daf14f0059747c5481e7503e:event_062_parent_turn_62 skipping — predecessor failed
2026-10-02 00:43:32,845 - inference_perf.datagen.replay.replay_graph_session_datagen - INFO - Event wekatrace303_e5fbd6dfd130daf14f0059747c5481e7503e:event_063_parent_turn_63 skipping — predecessor failed
2026-10-02 00:43:32,845 - inference_perf.datagen.replay.replay_graph_session_datagen - INFO - Event wekatrace303_e5fbd6dfd130daf14f0059747c5481e7503e:event_064_parent_turn_64 skipping — predecessor failed
2026-10-02 00:43:32,845 - inference_perf.datagen.replay.replay_graph_session_datagen - INFO - Event wekatrace303_e5fbd6dfd130daf14f0059747c5481e7503e:event_065_parent_turn_65 skipping — predecessor failed
2026-10-02 00:43:32,845 - inference_perf.datagen.replay.replay_graph_session_datagen - INFO - Event wekatrace303_e5fbd6dfd130daf14f0059747c5481e7503e:event_066_parent_turn_66 skipping — predecessor failed
2026-10-02 00:43:32,845 - inference_perf.datagen.replay.replay_graph_session_datagen - INFO - Event wekatrace303_e5fbd6dfd130daf14f0059747c5481e7503e:event_067_parent_turn_67 skipping — predecessor failed
2026-10-02 00:43:32,846 - inference_perf.datagen.replay.replay_graph_session_datagen - INFO - Event wekatrace303_e5fbd6dfd130daf14f0059747c5481e7503e:event_068_parent_turn_68 skipping — predecessor failed
2026-10-02 00:43:32,846 - inference_perf.datagen.replay.replay_graph_session_datagen - INFO - Event wekatrace303_e5fbd6dfd130daf14f0059747c5481e7503e:event_069_parent_turn_69 skipping — predecessor failed
2026-10-02 00:43:32,846 - inference_perf.datagen.replay.replay_graph_session_datagen - INFO - Event wekatrace303_e5fbd6dfd130daf14f0059747c5481e7503e:event_070_parent_turn_70 skipping — predecessor failed
2026-10-02 00:43:32,846 - inference_perf.datagen.replay.replay_graph_session_datagen - INFO - Event wekatrace303_e5fbd6dfd130daf14f0059747c5481e7503e:event_071_parent_turn_71 skipping — predecessor failed
2026-10-02 00:43:32,846 - inference_perf.datagen.replay.replay_graph_session_datagen - INFO - Event wekatrace303_e5fbd6dfd130daf14f0059747c5481e7503e:event_072_parent_turn_72 skipping — predecessor failed
2026-10-02 00:43:32,846 - inference_perf.datagen.replay.replay_graph_session_datagen - INFO - Event wekatrace303_e5fbd6dfd130daf14f0059747c5481e7503e:event_073_parent_turn_73 skipping — predecessor failed
2026-10-02 00:43:32,846 - inference_perf.datagen.replay.replay_graph_session_datagen - INFO - Event wekatrace303_e5fbd6dfd130daf14f0059747c5481e7503e:event_074_parent_turn_74 skipping — predecessor failed
2026-10-02 00:43:32,846 - inference_perf.datagen.replay.replay_graph_session_datagen - INFO - Event wekatrace303_e5fbd6dfd130daf14f0059747c5481e7503e:event_075_parent_turn_75 skipping — predecessor failed
2026-10-02 00:43:32,846 - inference_perf.datagen.replay.replay_graph_session_datagen - INFO - Event wekatrace303_e5fbd6dfd130daf14f0059747c5481e7503e:event_076_parent_turn_76 skipping — predecessor failed
2026-10-02 00:43:32,846 - inference_perf.datagen.replay.replay_graph_session_datagen - INFO - Event wekatrace303_e5fbd6dfd130daf14f0059747c5481e7503e:event_077_parent_turn_77 skipping — predecessor failed
2026-10-02 00:43:32,846 - inference_perf.datagen.replay.replay_graph_session_datagen - INFO - Event wekatrace303_e5fbd6dfd130daf14f0059747c5481e7503e:event_078_parent_turn_78 skipping — predecessor failed
2026-10-02 00:43:32,847 - inference_perf.datagen.replay.replay_graph_session_datagen - INFO - Event wekatrace303_e5fbd6dfd130daf14f0059747c5481e7503e:event_079_parent_turn_79 skipping — predecessor failed
2026-10-02 00:43:32,847 - inference_perf.datagen.replay.replay_graph_session_datagen - INFO - Event wekatrace303_e5fbd6dfd130daf14f0059747c5481e7503e:event_080_parent_turn_80 skipping — predecessor failed
2026-10-02 00:43:32,847 - inference_perf.datagen.replay.replay_graph_session_datagen - INFO - Event wekatrace303_e5fbd6dfd130daf14f0059747c5481e7503e:event_081_parent_turn_81 skipping — predecessor failed
2026-10-02 00:43:32,847 - inference_perf.datagen.replay.replay_graph_session_datagen - INFO - Event wekatrace303_e5fbd6dfd130daf14f0059747c5481e7503e:event_082_parent_turn_82 skipping — predecessor failed
2026-10-02 00:43:32,847 - inference_perf.datagen.replay.replay_graph_session_datagen - INFO - Event wekatrace303_e5fbd6dfd130daf14f0059747c5481e7503e:event_083_parent_turn_83 skipping — predecessor failed
2026-10-02 00:43:32,847 - inference_perf.datagen.replay.replay_graph_session_datagen - INFO - Event wekatrace303_e5fbd6dfd130daf14f0059747c5481e7503e:event_084_parent_turn_84 skipping — predecessor failed
2026-10-02 00:43:32,847 - inference_perf.datagen.replay.replay_graph_session_datagen - INFO - Event wekatrace303_e5fbd6dfd130daf14f0059747c5481e7503e:event_085_parent_turn_85 skipping — predecessor failed
2026-10-02 00:43:32,848 - inference_perf.datagen.replay.replay_graph_session_datagen - INFO - Event wekatrace303_e5fbd6dfd130daf14f0059747c5481e7503e:event_086_parent_turn_86 skipping — predecessor failed
2026-10-02 00:43:32,848 - inference_perf.datagen.replay.replay_graph_session_datagen - INFO - Event wekatrace303_e5fbd6dfd130daf14f0059747c5481e7503e:event_087_parent_turn_87 skipping — predecessor failed
2026-10-02 00:43:32,848 - inference_perf.datagen.replay.replay_graph_session_datagen - INFO - Event wekatrace303_e5fbd6dfd130daf14f0059747c5481e7503e:event_088_parent_turn_88 skipping — predecessor failed
2026-10-02 00:43:32,848 - inference_perf.datagen.replay.replay_graph_session_datagen - INFO - Event wekatrace303_e5fbd6dfd130daf14f0059747c5481e7503e:event_089_parent_turn_89 skipping — predecessor failed
2026-10-02 00:43:32,849 - inference_perf.datagen.replay.replay_graph_session_datagen - INFO - Event wekatrace303_e5fbd6dfd130daf14f0059747c5481e7503e:event_090_parent_turn_90 skipping — predecessor failed
2026-10-02 00:43:32,849 - inference_perf.datagen.replay.replay_graph_session_datagen - INFO - Event wekatrace303_e5fbd6dfd130daf14f0059747c5481e7503e:event_091_parent_turn_91 skipping — predecessor failed
2026-10-02 00:43:32,849 - inference_perf.datagen.replay.replay_graph_session_datagen - INFO - Event wekatrace303_e5fbd6dfd130daf14f0059747c5481e7503e:event_092_parent_turn_92 skipping — predecessor failed
2026-10-02 00:43:32,849 - inference_perf.datagen.replay.replay_graph_session_datagen - INFO - Event wekatrace303_e5fbd6dfd130daf14f0059747c5481e7503e:event_093_parent_turn_93 skipping — predecessor failed
2026-10-02 00:43:32,849 - inference_perf.datagen.replay.replay_graph_session_datagen - INFO - Event wekatrace303_e5fbd6dfd130daf14f0059747c5481e7503e:event_094_parent_turn_94 skipping — predecessor failed
2026-10-02 00:43:32,849 - inference_perf.datagen.replay.replay_graph_session_datagen - INFO - Event wekatrace303_e5fbd6dfd130daf14f0059747c5481e7503e:event_095_parent_turn_95 skipping — predecessor failed
2026-10-02 00:43:32,849 - inference_perf.datagen.replay.replay_graph_session_datagen - INFO - Event wekatrace303_e5fbd6dfd130daf14f0059747c5481e7503e:event_096_parent_turn_96 skipping — predecessor failed
2026-10-02 00:43:32,849 - inference_perf.datagen.replay.replay_graph_session_datagen - INFO - Event wekatrace303_e5fbd6dfd130daf14f0059747c5481e7503e:event_097_parent_turn_97 skipping — predecessor failed
2026-10-02 00:43:32,849 - inference_perf.datagen.replay.replay_graph_session_datagen - INFO - Event wekatrace303_e5fbd6dfd130daf14f0059747c5481e7503e:event_098_parent_turn_98 skipping — predecessor failed
2026-10-02 00:43:32,849 - inference_perf.datagen.replay.replay_graph_session_datagen - INFO - Event wekatrace303_e5fbd6dfd130daf14f0059747c5481e7503e:event_099_parent_turn_99 skipping — predecessor failed
2026-10-02 00:43:32,850 - inference_perf.datagen.replay.replay_graph_session_datagen - INFO - Event wekatrace303_e5fbd6dfd130daf14f0059747c5481e7503e:event_100_parent_turn_100 skipping — predecessor failed
2026-10-02 00:43:32,850 - inference_perf.datagen.replay.replay_graph_session_datagen - INFO - Event wekatrace303_e5fbd6dfd130daf14f0059747c5481e7503e:event_101_parent_turn_101 skipping — predecessor failed
2026-10-02 00:43:32,850 - inference_perf.datagen.replay.replay_graph_session_datagen - INFO - Event wekatrace303_e5fbd6dfd130daf14f0059747c5481e7503e:event_102_parent_turn_102 skipping — predecessor failed
2026-10-02 00:43:32,850 - inference_perf.datagen.replay.replay_graph_session_datagen - INFO - Event wekatrace303_e5fbd6dfd130daf14f0059747c5481e7503e:event_103_parent_turn_103 skipping — predecessor failed
2026-10-02 00:43:32,850 - inference_perf.datagen.replay.replay_graph_session_datagen - INFO - Event wekatrace303_e5fbd6dfd130daf14f0059747c5481e7503e:event_104_parent_turn_104 skipping — predecessor failed
2026-10-02 00:43:32,850 - inference_perf.datagen.replay.replay_graph_session_datagen - INFO - Event wekatrace303_e5fbd6dfd130daf14f0059747c5481e7503e:event_105_parent_turn_105 skipping — predecessor failed
2026-10-02 00:43:32,850 - inference_perf.datagen.replay.replay_graph_session_datagen - INFO - Event wekatrace303_e5fbd6dfd130daf14f0059747c5481e7503e:event_106_parent_turn_106 skipping — predecessor failed
2026-10-02 00:43:32,850 - inference_perf.datagen.replay.replay_graph_session_datagen - INFO - Event wekatrace303_e5fbd6dfd130daf14f0059747c5481e7503e:event_107_parent_turn_107 skipping — predecessor failed
2026-10-02 00:43:32,850 - inference_perf.datagen.replay.replay_graph_session_datagen - INFO - Event wekatrace303_e5fbd6dfd130daf14f0059747c5481e7503e:event_108_parent_turn_108 skipping — predecessor failed
2026-10-02 00:43:32,850 - inference_perf.datagen.replay.replay_graph_session_datagen - INFO - Event wekatrace303_e5fbd6dfd130daf14f0059747c5481e7503e:event_109_parent_turn_109 skipping — predecessor failed
2026-10-02 00:43:32,851 - inference_perf.datagen.replay.replay_graph_session_datagen - INFO - Event wekatrace303_e5fbd6dfd130daf14f0059747c5481e7503e:event_110_parent_turn_110 skipping — predecessor failed
2026-10-02 00:43:32,851 - inference_perf.datagen.replay.replay_graph_session_datagen - INFO - Event wekatrace303_e5fbd6dfd130daf14f0059747c5481e7503e:event_111_parent_turn_111 skipping — predecessor failed
2026-10-02 00:43:32,851 - inference_perf.datagen.replay.replay_graph_session_datagen - INFO - Event wekatrace303_e5fbd6dfd130daf14f0059747c5481e7503e:event_112_parent_turn_112 skipping — predecessor failed
2026-10-02 00:43:32,851 - inference_perf.datagen.replay.replay_graph_session_datagen - INFO - Event wekatrace303_e5fbd6dfd130daf14f0059747c5481e7503e:event_113_parent_turn_113 skipping — predecessor failed
2026-10-02 00:43:32,851 - inference_perf.datagen.replay.replay_graph_session_datagen - INFO - Event wekatrace303_e5fbd6dfd130daf14f0059747c5481e7503e:event_114_parent_turn_114 skipping — predecessor failed
2026-10-02 00:43:32,851 - inference_perf.datagen.replay.replay_graph_session_datagen - INFO - Event wekatrace303_e5fbd6dfd130daf14f0059747c5481e7503e:event_115_parent_turn_115 skipping — predecessor failed
2026-10-02 00:43:32,851 - inference_perf.datagen.replay.replay_graph_session_datagen - INFO - Event wekatrace303_e5fbd6dfd130daf14f0059747c5481e7503e:event_116_parent_turn_116 skipping — predecessor failed
2026-10-02 00:43:32,851 - inference_perf.datagen.replay.replay_graph_session_datagen - INFO - Event wekatrace303_e5fbd6dfd130daf14f0059747c5481e7503e:event_117_parent_turn_117 skipping — predecessor failed
2026-10-02 00:43:32,851 - inference_perf.datagen.replay.replay_graph_session_datagen - INFO - Event wekatrace303_e5fbd6dfd130daf14f0059747c5481e7503e:event_118_parent_turn_118 skipping — predecessor failed
2026-10-02 00:43:32,852 - inference_perf.datagen.replay.replay_graph_session_datagen - INFO - Event wekatrace303_e5fbd6dfd130daf14f0059747c5481e7503e:event_119_parent_turn_119 skipping — predecessor failed
2026-10-02 00:43:32,852 - inference_perf.datagen.replay.replay_graph_session_datagen - INFO - Event wekatrace303_e5fbd6dfd130daf14f0059747c5481e7503e:event_120_parent_turn_120 skipping — predecessor failed
2026-10-02 00:43:32,852 - inference_perf.datagen.replay.replay_graph_session_datagen - INFO - Event wekatrace303_e5fbd6dfd130daf14f0059747c5481e7503e:event_121_parent_turn_121 skipping — predecessor failed
2026-10-02 00:43:32,852 - inference_perf.datagen.replay.replay_graph_session_datagen - INFO - Event wekatrace303_e5fbd6dfd130daf14f0059747c5481e7503e:event_122_parent_turn_122 skipping — predecessor failed
2026-10-02 00:43:32,852 - inference_perf.datagen.replay.replay_graph_session_datagen - INFO - Event wekatrace303_e5fbd6dfd130daf14f0059747c5481e7503e:event_123_parent_turn_123 skipping — predecessor failed
2026-10-02 00:43:32,852 - inference_perf.datagen.replay.replay_graph_session_datagen - INFO - Event wekatrace303_e5fbd6dfd130daf14f0059747c5481e7503e:event_124_parent_turn_124 skipping — predecessor failed
2026-10-02 00:43:32,852 - inference_perf.datagen.replay.replay_graph_session_datagen - INFO - Event wekatrace303_e5fbd6dfd130daf14f0059747c5481e7503e:event_125_parent_turn_125 skipping — predecessor failed
2026-10-02 00:43:32,852 - inference_perf.datagen.replay.replay_graph_session_datagen - INFO - Event wekatrace303_e5fbd6dfd130daf14f0059747c5481e7503e:event_126_parent_turn_126 skipping — predecessor failed
2026-10-02 00:43:32,852 - inference_perf.datagen.replay.replay_graph_session_datagen - INFO - Event wekatrace303_e5fbd6dfd130daf14f0059747c5481e7503e:event_127_parent_turn_127 skipping — predecessor failed
2026-10-02 00:43:32,852 - inference_perf.datagen.replay.replay_graph_session_datagen - INFO - Event wekatrace303_e5fbd6dfd130daf14f0059747c5481e7503e:event_128_parent_turn_128 skipping — predecessor failed
2026-10-02 00:43:32,853 - inference_perf.datagen.replay.replay_graph_session_datagen - INFO - Event wekatrace303_e5fbd6dfd130daf14f0059747c5481e7503e:event_129_parent_turn_129 skipping — predecessor failed
2026-10-02 00:43:32,853 - inference_perf.datagen.replay.replay_graph_session_datagen - INFO - Event wekatrace303_e5fbd6dfd130daf14f0059747c5481e7503e:event_130_parent_turn_130 skipping — predecessor failed
2026-10-02 00:43:32,853 - inference_perf.datagen.replay.replay_graph_session_datagen - INFO - Event wekatrace303_e5fbd6dfd130daf14f0059747c5481e7503e:event_131_parent_turn_131 skipping — predecessor failed
2026-10-02 00:43:32,853 - inference_perf.datagen.replay.replay_graph_session_datagen - INFO - Event wekatrace303_e5fbd6dfd130daf14f0059747c5481e7503e:event_132_parent_turn_132 skipping — predecessor failed
2026-10-02 00:43:32,853 - inference_perf.datagen.replay.replay_graph_session_datagen - INFO - Event wekatrace303_e5fbd6dfd130daf14f0059747c5481e7503e:event_133_parent_turn_133 skipping — predecessor failed
2026-10-02 00:43:32,853 - inference_perf.datagen.replay.replay_graph_session_datagen - INFO - Event wekatrace303_e5fbd6dfd130daf14f0059747c5481e7503e:event_134_parent_turn_134 skipping — predecessor failed
2026-10-02 00:43:32,853 - inference_perf.datagen.replay.replay_graph_session_datagen - INFO - Event wekatrace303_e5fbd6dfd130daf14f0059747c5481e7503e:event_135_parent_turn_135 skipping — predecessor failed
2026-10-02 00:43:32,853 - inference_perf.datagen.replay.replay_graph_session_datagen - INFO - Event wekatrace303_e5fbd6dfd130daf14f0059747c5481e7503e:event_136_parent_turn_136 skipping — predecessor failed
2026-10-02 00:43:32,853 - inference_perf.datagen.replay.replay_graph_session_datagen - INFO - Event wekatrace303_e5fbd6dfd130daf14f0059747c5481e7503e:event_137_parent_turn_137 skipping — predecessor failed
2026-10-02 00:43:32,854 - inference_perf.datagen.replay.replay_graph_session_datagen - INFO - Event wekatrace303_e5fbd6dfd130daf14f0059747c5481e7503e:event_138_parent_turn_138 skipping — predecessor failed
2026-10-02 00:43:32,854 - inference_perf.datagen.replay.replay_graph_session_datagen - INFO - Event wekatrace303_e5fbd6dfd130daf14f0059747c5481e7503e:event_139_parent_turn_139 skipping — predecessor failed
2026-10-02 00:43:32,854 - inference_perf.datagen.replay.replay_graph_session_datagen - INFO - Event wekatrace303_e5fbd6dfd130daf14f0059747c5481e7503e:event_140_parent_turn_140 skipping — predecessor failed
2026-10-02 00:43:32,854 - inference_perf.datagen.replay.replay_graph_session_datagen - INFO - Event wekatrace303_e5fbd6dfd130daf14f0059747c5481e7503e:event_141_parent_turn_141 skipping — predecessor failed
2026-10-02 00:43:32,854 - inference_perf.datagen.replay.replay_graph_session_datagen - INFO - Event wekatrace303_e5fbd6dfd130daf14f0059747c5481e7503e:event_142_parent_turn_142 skipping — predecessor failed
2026-10-02 00:43:32,854 - inference_perf.datagen.replay.replay_graph_session_datagen - INFO - Event wekatrace303_e5fbd6dfd130daf14f0059747c5481e7503e:event_143_parent_turn_143 skipping — predecessor failed
2026-10-02 00:43:32,854 - inference_perf.datagen.replay.replay_graph_session_datagen - INFO - Event wekatrace303_e5fbd6dfd130daf14f0059747c5481e7503e:event_144_parent_turn_144 skipping — predecessor failed
2026-10-02 00:43:32,854 - inference_perf.datagen.replay.replay_graph_session_datagen - INFO - Event wekatrace303_e5fbd6dfd130daf14f0059747c5481e7503e:event_145_parent_turn_145 skipping — predecessor failed
2026-10-02 00:43:32,855 - inference_perf.datagen.replay.replay_graph_session_datagen - INFO - Event wekatrace303_e5fbd6dfd130daf14f0059747c5481e7503e:event_146_parent_turn_146 skipping — predecessor failed
2026-10-02 00:43:32,855 - inference_perf.datagen.replay.replay_graph_session_datagen - INFO - Event wekatrace303_e5fbd6dfd130daf14f0059747c5481e7503e:event_147_parent_turn_147 skipping — predecessor failed
2026-10-02 00:43:32,855 - inference_perf.datagen.replay.replay_graph_session_datagen - INFO - Event wekatrace303_e5fbd6dfd130daf14f0059747c5481e7503e:event_148_parent_turn_148 skipping — predecessor failed
2026-10-02 00:43:32,855 - inference_perf.datagen.replay.replay_graph_session_datagen - INFO - Event wekatrace303_e5fbd6dfd130daf14f0059747c5481e7503e:event_149_parent_turn_149 skipping — predecessor failed
2026-10-02 00:43:32,855 - inference_perf.datagen.replay.replay_graph_session_datagen - INFO - Event wekatrace303_e5fbd6dfd130daf14f0059747c5481e7503e:event_150_parent_turn_150 skipping — predecessor failed
2026-10-02 00:43:32,855 - inference_perf.datagen.replay.replay_graph_session_datagen - INFO - Event wekatrace303_e5fbd6dfd130daf14f0059747c5481e7503e:event_151_parent_turn_151 skipping — predecessor failed
2026-10-02 00:43:32,855 - inference_perf.datagen.replay.replay_graph_session_datagen - INFO - Event wekatrace303_e5fbd6dfd130daf14f0059747c5481e7503e:event_152_parent_turn_152 skipping — predecessor failed
2026-10-02 00:43:32,855 - inference_perf.datagen.replay.replay_graph_session_datagen - INFO - Event wekatrace303_e5fbd6dfd130daf14f0059747c5481e7503e:event_153_parent_turn_153 skipping — predecessor failed
2026-10-02 00:43:32,856 - inference_perf.datagen.replay.replay_graph_session_datagen - INFO - Event wekatrace303_e5fbd6dfd130daf14f0059747c5481e7503e:event_154_parent_turn_154 skipping — predecessor failed
2026-10-02 00:43:32,856 - inference_perf.datagen.replay.replay_graph_session_datagen - INFO - Event wekatrace303_e5fbd6dfd130daf14f0059747c5481e7503e:event_155_parent_turn_155 skipping — predecessor failed
2026-10-02 00:43:32,856 - inference_perf.datagen.replay.replay_graph_session_datagen - INFO - Event wekatrace303_e5fbd6dfd130daf14f0059747c5481e7503e:event_156_parent_turn_156 skipping — predecessor failed
2026-10-02 00:43:32,856 - inference_perf.datagen.replay.replay_graph_session_datagen - INFO - Event wekatrace303_e5fbd6dfd130daf14f0059747c5481e7503e:event_157_parent_turn_157 skipping — predecessor failed
2026-10-02 00:43:32,856 - inference_perf.datagen.replay.replay_graph_session_datagen - INFO - Event wekatrace303_e5fbd6dfd130daf14f0059747c5481e7503e:event_158_parent_turn_158 skipping — predecessor failed
2026-10-02 00:43:32,856 - inference_perf.datagen.replay.replay_graph_session_datagen - INFO - Event wekatrace303_e5fbd6dfd130daf14f0059747c5481e7503e:event_159_parent_turn_159 skipping — predecessor failed
2026-10-02 00:43:32,856 - inference_perf.datagen.replay.replay_graph_session_datagen - INFO - Event wekatrace303_e5fbd6dfd130daf14f0059747c5481e7503e:event_160_parent_turn_160 skipping — predecessor failed
2026-10-02 00:43:32,856 - inference_perf.datagen.replay.replay_graph_session_datagen - INFO - Event wekatrace303_e5fbd6dfd130daf14f0059747c5481e7503e:event_161_parent_turn_161 skipping — predecessor failed
2026-10-02 00:43:32,857 - inference_perf.datagen.replay.replay_graph_session_datagen - INFO - Event wekatrace303_e5fbd6dfd130daf14f0059747c5481e7503e:event_162_parent_turn_162 skipping — predecessor failed
2026-10-02 00:43:32,857 - inference_perf.datagen.replay.replay_graph_session_datagen - INFO - Event wekatrace303_e5fbd6dfd130daf14f0059747c5481e7503e:event_163_parent_turn_163 skipping — predecessor failed
2026-10-02 00:43:32,857 - inference_perf.datagen.replay.replay_graph_session_datagen - INFO - Event wekatrace303_e5fbd6dfd130daf14f0059747c5481e7503e:event_164_parent_turn_164 skipping — predecessor failed
2026-10-02 00:43:32,857 - inference_perf.datagen.replay.replay_graph_session_datagen - INFO - Event wekatrace303_e5fbd6dfd130daf14f0059747c5481e7503e:event_165_parent_turn_165 skipping — predecessor failed
2026-10-02 00:43:32,857 - inference_perf.datagen.replay.replay_graph_session_datagen - INFO - Event wekatrace303_e5fbd6dfd130daf14f0059747c5481e7503e:event_166_parent_turn_166 skipping — predecessor failed
2026-10-02 00:43:32,857 - inference_perf.datagen.replay.replay_graph_session_datagen - INFO - Event wekatrace303_e5fbd6dfd130daf14f0059747c5481e7503e:event_167_parent_turn_167 skipping — predecessor failed
2026-10-02 00:43:32,857 - inference_perf.datagen.replay.replay_graph_session_datagen - INFO - Event wekatrace303_e5fbd6dfd130daf14f0059747c5481e7503e:event_168_parent_turn_168 skipping — predecessor failed
2026-10-02 00:43:32,858 - inference_perf.datagen.replay.replay_graph_session_datagen - INFO - Event wekatrace303_e5fbd6dfd130daf14f0059747c5481e7503e:event_169_parent_turn_169 skipping — predecessor failed
2026-10-02 00:43:32,858 - inference_perf.datagen.replay.replay_graph_session_datagen - INFO - Event wekatrace303_e5fbd6dfd130daf14f0059747c5481e7503e:event_170_parent_turn_170 skipping — predecessor failed
2026-10-02 00:43:32,858 - inference_perf.datagen.replay.replay_graph_session_datagen - INFO - Event wekatrace303_e5fbd6dfd130daf14f0059747c5481e7503e:event_171_parent_turn_171 skipping — predecessor failed
2026-10-02 00:44:03,827 - inference_perf.datagen.replay.replay_graph_session_datagen - ERROR - Request failed for event wekatrace16_0d75185d4e958ad360c16451eaa95d508edf:event_003_parent_turn_3: TimeoutError: 
2026-10-02 00:44:03,828 - inference_perf.datagen.replay.replay_graph_session_datagen - INFO - Session wekatrace16_0d75185d4e958ad360c16451eaa95d508edf failure notification sent to main process (cancelled_events=206)
2026-10-02 00:44:03,829 - inference_perf.client.modelserver.openai_client - ERROR - 
Traceback (most recent call last):
  File "/workspace/.venv/lib/python3.12/site-packages/aiohttp/streams.py", line 365, in _wait
    await waiter
asyncio.exceptions.CancelledError

The above exception was the direct cause of the following exception:

Traceback (most recent call last):
  File "/workspace/inference_perf/apis/streaming_parser.py", line 84, in parse_sse_stream
    async for chunk in response.content.iter_any():
  File "/workspace/.venv/lib/python3.12/site-packages/aiohttp/streams.py", line 46, in __anext__
    rv = await self.read_func()
         ^^^^^^^^^^^^^^^^^^^^^^
  File "/workspace/.venv/lib/python3.12/site-packages/aiohttp/streams.py", line 460, in readany
    await self._wait("readany")
  File "/workspace/.venv/lib/python3.12/site-packages/aiohttp/streams.py", line 364, in _wait
    with self._timer:
         ^^^^^^^^^^^
  File "/workspace/.venv/lib/python3.12/site-packages/aiohttp/helpers.py", line 759, in __exit__
    raise asyncio.TimeoutError from exc_val
TimeoutError

The above exception was the direct cause of the following exception:

Traceback (most recent call last):
  File "/workspace/inference_perf/client/modelserver/openai_client.py", line 557, in process_request
    info = await data.process_response(
           ^^^^^^^^^^^^^^^^^^^^^^^^^^^^
  File "/workspace/inference_perf/datagen/replay/replay_graph_session_datagen.py", line 1039, in process_response
    text_content, chunk_times, raw_content, response_chunks, server_usage = await parse_sse_stream(
                                                                            ^^^^^^^^^^^^^^^^^^^^^^^
  File "/workspace/inference_perf/apis/streaming_parser.py", line 119, in parse_sse_stream
    raise StreamInterruptedError(e, raw_content.decode("utf-8", errors="ignore")) from e
inference_perf.apis.streaming_parser.StreamInterruptedError
2026-10-02 00:44:03,834 - inference_perf.datagen.replay.replay_graph_session_datagen - INFO - Event wekatrace16_0d75185d4e958ad360c16451eaa95d508edf:event_004_parent_turn_4 skipping — predecessor failed
2026-10-02 00:44:03,834 - inference_perf.datagen.replay.replay_graph_session_datagen - INFO - Event wekatrace16_0d75185d4e958ad360c16451eaa95d508edf:event_005_parent_turn_5 skipping — predecessor failed
2026-10-02 00:44:03,835 - inference_perf.datagen.replay.replay_graph_session_datagen - INFO - Event wekatrace16_0d75185d4e958ad360c16451eaa95d508edf:event_006_parent_turn_6 skipping — predecessor failed
2026-10-02 00:44:03,835 - inference_perf.datagen.replay.replay_graph_session_datagen - INFO - Event wekatrace16_0d75185d4e958ad360c16451eaa95d508edf:event_007_parent_turn_7 skipping — predecessor failed
2026-10-02 00:44:03,835 - inference_perf.datagen.replay.replay_graph_session_datagen - INFO - Event wekatrace16_0d75185d4e958ad360c16451eaa95d508edf:event_008_parent_turn_8 skipping — predecessor failed
2026-10-02 00:44:03,836 - inference_perf.datagen.replay.replay_graph_session_datagen - INFO - Event wekatrace16_0d75185d4e958ad360c16451eaa95d508edf:event_009_parent_turn_9 skipping — predecessor failed
2026-10-02 00:44:03,836 - inference_perf.datagen.replay.replay_graph_session_datagen - INFO - Event wekatrace16_0d75185d4e958ad360c16451eaa95d508edf:event_010_parent_turn_10 skipping — predecessor failed
2026-10-02 00:44:03,836 - inference_perf.datagen.replay.replay_graph_session_datagen - INFO - Event wekatrace16_0d75185d4e958ad360c16451eaa95d508edf:event_011_parent_turn_11 skipping — predecessor failed
2026-10-02 00:44:03,836 - inference_perf.datagen.replay.replay_graph_session_datagen - INFO - Event wekatrace16_0d75185d4e958ad360c16451eaa95d508edf:event_012_parent_turn_12 skipping — predecessor failed
2026-10-02 00:44:03,836 - inference_perf.datagen.replay.replay_graph_session_datagen - INFO - Event wekatrace16_0d75185d4e958ad360c16451eaa95d508edf:event_013_parent_turn_13 skipping — predecessor failed
2026-10-02 00:44:03,837 - inference_perf.datagen.replay.replay_graph_session_datagen - INFO - Event wekatrace16_0d75185d4e958ad360c16451eaa95d508edf:event_014_parent_turn_14 skipping — predecessor failed
2026-10-02 00:44:03,837 - inference_perf.datagen.replay.replay_graph_session_datagen - INFO - Event wekatrace16_0d75185d4e958ad360c16451eaa95d508edf:event_015_parent_turn_15 skipping — predecessor failed
2026-10-02 00:44:03,837 - inference_perf.datagen.replay.replay_graph_session_datagen - INFO - Event wekatrace16_0d75185d4e958ad360c16451eaa95d508edf:event_016_parent_turn_16 skipping — predecessor failed
2026-10-02 00:44:03,837 - inference_perf.datagen.replay.replay_graph_session_datagen - INFO - Event wekatrace16_0d75185d4e958ad360c16451eaa95d508edf:event_017_parent_turn_17 skipping — predecessor failed
2026-10-02 00:44:03,837 - inference_perf.datagen.replay.replay_graph_session_datagen - INFO - Event wekatrace16_0d75185d4e958ad360c16451eaa95d508edf:event_018_parent_turn_18 skipping — predecessor failed
2026-10-02 00:44:03,837 - inference_perf.datagen.replay.replay_graph_session_datagen - INFO - Event wekatrace16_0d75185d4e958ad360c16451eaa95d508edf:event_019_parent_turn_19 skipping — predecessor failed
2026-10-02 00:44:03,837 - inference_perf.datagen.replay.replay_graph_session_datagen - INFO - Event wekatrace16_0d75185d4e958ad360c16451eaa95d508edf:event_020_parent_turn_20 skipping — predecessor failed
2026-10-02 00:44:03,837 - inference_perf.datagen.replay.replay_graph_session_datagen - INFO - Event wekatrace16_0d75185d4e958ad360c16451eaa95d508edf:event_021_parent_turn_21 skipping — predecessor failed
2026-10-02 00:44:03,838 - inference_perf.datagen.replay.replay_graph_session_datagen - INFO - Event wekatrace16_0d75185d4e958ad360c16451eaa95d508edf:event_022_parent_turn_22 skipping — predecessor failed
2026-10-02 00:44:03,838 - inference_perf.datagen.replay.replay_graph_session_datagen - INFO - Event wekatrace16_0d75185d4e958ad360c16451eaa95d508edf:event_023_parent_turn_23 skipping — predecessor failed
2026-10-02 00:44:03,838 - inference_perf.datagen.replay.replay_graph_session_datagen - INFO - Event wekatrace16_0d75185d4e958ad360c16451eaa95d508edf:event_024_parent_turn_24 skipping — predecessor failed
2026-10-02 00:44:03,838 - inference_perf.datagen.replay.replay_graph_session_datagen - INFO - Event wekatrace16_0d75185d4e958ad360c16451eaa95d508edf:event_025_parent_turn_25 skipping — predecessor failed
2026-10-02 00:44:03,838 - inference_perf.datagen.replay.replay_graph_session_datagen - INFO - Dispatching session wekatrace200_a515e6e90e823bf899cfa4f24731ca801bd6: 383 events
2026-10-02 00:44:03,838 - inference_perf.datagen.replay.replay_graph_session_datagen - INFO - Event wekatrace16_0d75185d4e958ad360c16451eaa95d508edf:event_026_parent_turn_26 skipping — predecessor failed
2026-10-02 00:44:03,839 - inference_perf.datagen.replay.replay_graph_session_datagen - INFO - Event wekatrace16_0d75185d4e958ad360c16451eaa95d508edf:event_027_parent_turn_27 skipping — predecessor failed
2026-10-02 00:44:03,839 - inference_perf.datagen.replay.replay_graph_session_datagen - INFO - Event wekatrace16_0d75185d4e958ad360c16451eaa95d508edf:event_028_parent_turn_28 skipping — predecessor failed
2026-10-02 00:44:03,839 - inference_perf.datagen.replay.replay_graph_session_datagen - INFO - Event wekatrace16_0d75185d4e958ad360c16451eaa95d508edf:event_029_parent_turn_29 skipping — predecessor failed
2026-10-02 00:44:03,839 - inference_perf.datagen.replay.replay_graph_session_datagen - INFO - Event wekatrace16_0d75185d4e958ad360c16451eaa95d508edf:event_030_parent_turn_30 skipping — predecessor failed
2026-10-02 00:44:03,839 - inference_perf.datagen.replay.replay_graph_session_datagen - INFO - Event wekatrace16_0d75185d4e958ad360c16451eaa95d508edf:event_031_parent_turn_31 skipping — predecessor failed
2026-10-02 00:44:03,839 - inference_perf.datagen.replay.replay_graph_session_datagen - INFO - Event wekatrace16_0d75185d4e958ad360c16451eaa95d508edf:event_032_parent_turn_32 skipping — predecessor failed
2026-10-02 00:44:03,839 - inference_perf.datagen.replay.replay_graph_session_datagen - INFO - Event wekatrace16_0d75185d4e958ad360c16451eaa95d508edf:event_033_parent_turn_33 skipping — predecessor failed
2026-10-02 00:44:03,839 - inference_perf.datagen.replay.replay_graph_session_datagen - INFO - Event wekatrace16_0d75185d4e958ad360c16451eaa95d508edf:event_034_parent_turn_34 skipping — predecessor failed
2026-10-02 00:44:03,840 - inference_perf.datagen.replay.replay_graph_session_datagen - INFO - Event wekatrace16_0d75185d4e958ad360c16451eaa95d508edf:event_035_parent_turn_35 skipping — predecessor failed
2026-10-02 00:44:03,840 - inference_perf.datagen.replay.replay_graph_session_datagen - INFO - Event wekatrace16_0d75185d4e958ad360c16451eaa95d508edf:event_036_parent_turn_36 skipping — predecessor failed
2026-10-02 00:44:03,840 - inference_perf.datagen.replay.replay_graph_session_datagen - INFO - Event wekatrace16_0d75185d4e958ad360c16451eaa95d508edf:event_037_parent_turn_37 skipping — predecessor failed
2026-10-02 00:44:03,840 - inference_perf.datagen.replay.replay_graph_session_datagen - INFO - Event wekatrace16_0d75185d4e958ad360c16451eaa95d508edf:event_038_parent_turn_38 skipping — predecessor failed
2026-10-02 00:44:03,840 - inference_perf.datagen.replay.replay_graph_session_datagen - INFO - Event wekatrace16_0d75185d4e958ad360c16451eaa95d508edf:event_039_parent_turn_39 skipping — predecessor failed
2026-10-02 00:44:03,840 - inference_perf.datagen.replay.replay_graph_session_datagen - INFO - Event wekatrace16_0d75185d4e958ad360c16451eaa95d508edf:event_040_parent_turn_40 skipping — predecessor failed
2026-10-02 00:44:03,841 - inference_perf.datagen.replay.replay_graph_session_datagen - INFO - Event wekatrace16_0d75185d4e958ad360c16451eaa95d508edf:event_041_parent_turn_41 skipping — predecessor failed
2026-10-02 00:44:03,841 - inference_perf.datagen.replay.replay_graph_session_datagen - INFO - Event wekatrace16_0d75185d4e958ad360c16451eaa95d508edf:event_042_parent_turn_42 skipping — predecessor failed
2026-10-02 00:44:03,841 - inference_perf.datagen.replay.replay_graph_session_datagen - INFO - Event wekatrace16_0d75185d4e958ad360c16451eaa95d508edf:event_043_parent_turn_43 skipping — predecessor failed
2026-10-02 00:44:03,841 - inference_perf.datagen.replay.replay_graph_session_datagen - INFO - Event wekatrace16_0d75185d4e958ad360c16451eaa95d508edf:event_044_parent_turn_44 skipping — predecessor failed
2026-10-02 00:44:03,841 - inference_perf.datagen.replay.replay_graph_session_datagen - INFO - Event wekatrace16_0d75185d4e958ad360c16451eaa95d508edf:event_045_parent_turn_45 skipping — predecessor failed
2026-10-02 00:44:03,841 - inference_perf.datagen.replay.replay_graph_session_datagen - INFO - Event wekatrace16_0d75185d4e958ad360c16451eaa95d508edf:event_046_parent_turn_46 skipping — predecessor failed
2026-10-02 00:44:03,841 - inference_perf.datagen.replay.replay_graph_session_datagen - INFO - Event wekatrace16_0d75185d4e958ad360c16451eaa95d508edf:event_047_parent_turn_47 skipping — predecessor failed
2026-10-02 00:44:03,841 - inference_perf.datagen.replay.replay_graph_session_datagen - INFO - Event wekatrace16_0d75185d4e958ad360c16451eaa95d508edf:event_048_parent_turn_48 skipping — predecessor failed
2026-10-02 00:44:03,841 - inference_perf.datagen.replay.replay_graph_session_datagen - INFO - Event wekatrace16_0d75185d4e958ad360c16451eaa95d508edf:event_049_parent_turn_49 skipping — predecessor failed
2026-10-02 00:44:03,841 - inference_perf.datagen.replay.replay_graph_session_datagen - INFO - Event wekatrace16_0d75185d4e958ad360c16451eaa95d508edf:event_050_parent_turn_50 skipping — predecessor failed
2026-10-02 00:44:03,841 - inference_perf.datagen.replay.replay_graph_session_datagen - INFO - Event wekatrace16_0d75185d4e958ad360c16451eaa95d508edf:event_051_parent_turn_51 skipping — predecessor failed
2026-10-02 00:44:03,842 - inference_perf.datagen.replay.replay_graph_session_datagen - INFO - Event wekatrace16_0d75185d4e958ad360c16451eaa95d508edf:event_052_parent_turn_52 skipping — predecessor failed
2026-10-02 00:44:03,842 - inference_perf.datagen.replay.replay_graph_session_datagen - INFO - Event wekatrace16_0d75185d4e958ad360c16451eaa95d508edf:event_053_parent_turn_53 skipping — predecessor failed
2026-10-02 00:44:03,842 - inference_perf.datagen.replay.replay_graph_session_datagen - INFO - Event wekatrace16_0d75185d4e958ad360c16451eaa95d508edf:event_054_parent_turn_54 skipping — predecessor failed
2026-10-02 00:44:03,842 - inference_perf.datagen.replay.replay_graph_session_datagen - INFO - Event wekatrace16_0d75185d4e958ad360c16451eaa95d508edf:event_055_parent_turn_55 skipping — predecessor failed
2026-10-02 00:44:03,842 - inference_perf.datagen.replay.replay_graph_session_datagen - INFO - Event wekatrace16_0d75185d4e958ad360c16451eaa95d508edf:event_056_parent_turn_56 skipping — predecessor failed
2026-10-02 00:44:03,842 - inference_perf.datagen.replay.replay_graph_session_datagen - INFO - Event wekatrace16_0d75185d4e958ad360c16451eaa95d508edf:event_057_parent_turn_57 skipping — predecessor failed
2026-10-02 00:44:03,842 - inference_perf.datagen.replay.replay_graph_session_datagen - INFO - Event wekatrace16_0d75185d4e958ad360c16451eaa95d508edf:event_058_parent_turn_58 skipping — predecessor failed
2026-10-02 00:44:03,842 - inference_perf.datagen.replay.replay_graph_session_datagen - INFO - Event wekatrace16_0d75185d4e958ad360c16451eaa95d508edf:event_059_parent_turn_59 skipping — predecessor failed
2026-10-02 00:44:03,842 - inference_perf.datagen.replay.replay_graph_session_datagen - INFO - Event wekatrace16_0d75185d4e958ad360c16451eaa95d508edf:event_060_parent_turn_60 skipping — predecessor failed
2026-10-02 00:44:03,842 - inference_perf.datagen.replay.replay_graph_session_datagen - INFO - Event wekatrace16_0d75185d4e958ad360c16451eaa95d508edf:event_061_parent_turn_61 skipping — predecessor failed
2026-10-02 00:44:03,843 - inference_perf.datagen.replay.replay_graph_session_datagen - INFO - Event wekatrace16_0d75185d4e958ad360c16451eaa95d508edf:event_062_parent_turn_62 skipping — predecessor failed
2026-10-02 00:44:03,843 - inference_perf.datagen.replay.replay_graph_session_datagen - INFO - Event wekatrace16_0d75185d4e958ad360c16451eaa95d508edf:event_063_parent_turn_63 skipping — predecessor failed
2026-10-02 00:44:03,843 - inference_perf.datagen.replay.replay_graph_session_datagen - INFO - Event wekatrace16_0d75185d4e958ad360c16451eaa95d508edf:event_064_parent_turn_64 skipping — predecessor failed
2026-10-02 00:44:03,843 - inference_perf.datagen.replay.replay_graph_session_datagen - INFO - Event wekatrace16_0d75185d4e958ad360c16451eaa95d508edf:event_065_parent_turn_65 skipping — predecessor failed
2026-10-02 00:44:03,843 - inference_perf.datagen.replay.replay_graph_session_datagen - INFO - Event wekatrace16_0d75185d4e958ad360c16451eaa95d508edf:event_066_parent_turn_66 skipping — predecessor failed
2026-10-02 00:44:03,843 - inference_perf.datagen.replay.replay_graph_session_datagen - INFO - Event wekatrace16_0d75185d4e958ad360c16451eaa95d508edf:event_067_parent_turn_67 skipping — predecessor failed
2026-10-02 00:44:03,843 - inference_perf.datagen.replay.replay_graph_session_datagen - INFO - Event wekatrace16_0d75185d4e958ad360c16451eaa95d508edf:event_068_parent_turn_68 skipping — predecessor failed
2026-10-02 00:44:03,843 - inference_perf.datagen.replay.replay_graph_session_datagen - INFO - Event wekatrace16_0d75185d4e958ad360c16451eaa95d508edf:event_069_parent_turn_69 skipping — predecessor failed
2026-10-02 00:44:03,843 - inference_perf.datagen.replay.replay_graph_session_datagen - INFO - Event wekatrace16_0d75185d4e958ad360c16451eaa95d508edf:event_070_parent_turn_70 skipping — predecessor failed
2026-10-02 00:44:03,844 - inference_perf.datagen.replay.replay_graph_session_datagen - INFO - Event wekatrace16_0d75185d4e958ad360c16451eaa95d508edf:event_071_parent_turn_71 skipping — predecessor failed
2026-10-02 00:44:03,844 - inference_perf.datagen.replay.replay_graph_session_datagen - INFO - Event wekatrace16_0d75185d4e958ad360c16451eaa95d508edf:event_072_parent_turn_72 skipping — predecessor failed
2026-10-02 00:44:03,844 - inference_perf.datagen.replay.replay_graph_session_datagen - INFO - Event wekatrace16_0d75185d4e958ad360c16451eaa95d508edf:event_073_parent_turn_73 skipping — predecessor failed
2026-10-02 00:44:03,844 - inference_perf.datagen.replay.replay_graph_session_datagen - INFO - Event wekatrace16_0d75185d4e958ad360c16451eaa95d508edf:event_074_parent_turn_74 skipping — predecessor failed
2026-10-02 00:44:03,844 - inference_perf.datagen.replay.replay_graph_session_datagen - INFO - Event wekatrace16_0d75185d4e958ad360c16451eaa95d508edf:event_075_parent_turn_75 skipping — predecessor failed
2026-10-02 00:44:03,844 - inference_perf.datagen.replay.replay_graph_session_datagen - INFO - Event wekatrace16_0d75185d4e958ad360c16451eaa95d508edf:event_076_parent_turn_76 skipping — predecessor failed
2026-10-02 00:44:03,844 - inference_perf.datagen.replay.replay_graph_session_datagen - INFO - Event wekatrace16_0d75185d4e958ad360c16451eaa95d508edf:event_077_parent_turn_77 skipping — predecessor failed
2026-10-02 00:44:03,844 - inference_perf.datagen.replay.replay_graph_session_datagen - INFO - Event wekatrace16_0d75185d4e958ad360c16451eaa95d508edf:event_078_parent_turn_78 skipping — predecessor failed
2026-10-02 00:44:03,844 - inference_perf.datagen.replay.replay_graph_session_datagen - INFO - Event wekatrace16_0d75185d4e958ad360c16451eaa95d508edf:event_079_parent_turn_79 skipping — predecessor failed
2026-10-02 00:44:03,844 - inference_perf.datagen.replay.replay_graph_session_datagen - INFO - Event wekatrace16_0d75185d4e958ad360c16451eaa95d508edf:event_080_parent_turn_80 skipping — predecessor failed
2026-10-02 00:44:03,844 - inference_perf.datagen.replay.replay_graph_session_datagen - INFO - Event wekatrace16_0d75185d4e958ad360c16451eaa95d508edf:event_081_parent_turn_81 skipping — predecessor failed
2026-10-02 00:44:03,845 - inference_perf.datagen.replay.replay_graph_session_datagen - INFO - Event wekatrace16_0d75185d4e958ad360c16451eaa95d508edf:event_082_parent_turn_82 skipping — predecessor failed
2026-10-02 00:44:03,845 - inference_perf.datagen.replay.replay_graph_session_datagen - INFO - Event wekatrace16_0d75185d4e958ad360c16451eaa95d508edf:event_083_parent_turn_83 skipping — predecessor failed
2026-10-02 00:44:03,845 - inference_perf.datagen.replay.replay_graph_session_datagen - INFO - Event wekatrace16_0d75185d4e958ad360c16451eaa95d508edf:event_084_parent_turn_84 skipping — predecessor failed
2026-10-02 00:44:03,845 - inference_perf.datagen.replay.replay_graph_session_datagen - INFO - Event wekatrace16_0d75185d4e958ad360c16451eaa95d508edf:event_085_parent_turn_85 skipping — predecessor failed
2026-10-02 00:44:03,845 - inference_perf.datagen.replay.replay_graph_session_datagen - INFO - Event wekatrace16_0d75185d4e958ad360c16451eaa95d508edf:event_086_parent_turn_86 skipping — predecessor failed
2026-10-02 00:44:03,845 - inference_perf.datagen.replay.replay_graph_session_datagen - INFO - Event wekatrace16_0d75185d4e958ad360c16451eaa95d508edf:event_087_parent_turn_87 skipping — predecessor failed
2026-10-02 00:44:03,845 - inference_perf.datagen.replay.replay_graph_session_datagen - INFO - Event wekatrace16_0d75185d4e958ad360c16451eaa95d508edf:event_088_parent_turn_88 skipping — predecessor failed
2026-10-02 00:44:03,845 - inference_perf.datagen.replay.replay_graph_session_datagen - INFO - Event wekatrace16_0d75185d4e958ad360c16451eaa95d508edf:event_089_parent_turn_89 skipping — predecessor failed
2026-10-02 00:44:03,845 - inference_perf.datagen.replay.replay_graph_session_datagen - INFO - Event wekatrace16_0d75185d4e958ad360c16451eaa95d508edf:event_090_parent_turn_90 skipping — predecessor failed
2026-10-02 00:44:03,845 - inference_perf.datagen.replay.replay_graph_session_datagen - INFO - Event wekatrace16_0d75185d4e958ad360c16451eaa95d508edf:event_091_parent_turn_91 skipping — predecessor failed
2026-10-02 00:44:03,846 - inference_perf.datagen.replay.replay_graph_session_datagen - INFO - Event wekatrace16_0d75185d4e958ad360c16451eaa95d508edf:event_092_parent_turn_92 skipping — predecessor failed
2026-10-02 00:44:03,846 - inference_perf.datagen.replay.replay_graph_session_datagen - INFO - Event wekatrace16_0d75185d4e958ad360c16451eaa95d508edf:event_093_parent_turn_93 skipping — predecessor failed
2026-10-02 00:44:03,846 - inference_perf.datagen.replay.replay_graph_session_datagen - INFO - Event wekatrace16_0d75185d4e958ad360c16451eaa95d508edf:event_094_parent_turn_94 skipping — predecessor failed
2026-10-02 00:44:03,846 - inference_perf.datagen.replay.replay_graph_session_datagen - INFO - Event wekatrace16_0d75185d4e958ad360c16451eaa95d508edf:event_095_parent_turn_95 skipping — predecessor failed
2026-10-02 00:44:03,846 - inference_perf.datagen.replay.replay_graph_session_datagen - INFO - Event wekatrace16_0d75185d4e958ad360c16451eaa95d508edf:event_096_parent_turn_96 skipping — predecessor failed
2026-10-02 00:44:03,846 - inference_perf.datagen.replay.replay_graph_session_datagen - INFO - Event wekatrace16_0d75185d4e958ad360c16451eaa95d508edf:event_097_parent_turn_97 skipping — predecessor failed
2026-10-02 00:44:03,846 - inference_perf.datagen.replay.replay_graph_session_datagen - INFO - Event wekatrace16_0d75185d4e958ad360c16451eaa95d508edf:event_098_parent_turn_98 skipping — predecessor failed
2026-10-02 00:44:03,846 - inference_perf.datagen.replay.replay_graph_session_datagen - INFO - Event wekatrace16_0d75185d4e958ad360c16451eaa95d508edf:event_099_parent_turn_99 skipping — predecessor failed
2026-10-02 00:44:03,846 - inference_perf.datagen.replay.replay_graph_session_datagen - INFO - Event wekatrace16_0d75185d4e958ad360c16451eaa95d508edf:event_100_parent_turn_100 skipping — predecessor failed
2026-10-02 00:44:03,846 - inference_perf.datagen.replay.replay_graph_session_datagen - INFO - Event wekatrace16_0d75185d4e958ad360c16451eaa95d508edf:event_101_parent_turn_101 skipping — predecessor failed
2026-10-02 00:44:03,847 - inference_perf.datagen.replay.replay_graph_session_datagen - INFO - Event wekatrace16_0d75185d4e958ad360c16451eaa95d508edf:event_102_parent_turn_102 skipping — predecessor failed
2026-10-02 00:44:03,847 - inference_perf.datagen.replay.replay_graph_session_datagen - INFO - Event wekatrace16_0d75185d4e958ad360c16451eaa95d508edf:event_103_parent_turn_103 skipping — predecessor failed
2026-10-02 00:44:03,847 - inference_perf.datagen.replay.replay_graph_session_datagen - INFO - Event wekatrace16_0d75185d4e958ad360c16451eaa95d508edf:event_104_parent_turn_104 skipping — predecessor failed
2026-10-02 00:44:03,847 - inference_perf.datagen.replay.replay_graph_session_datagen - INFO - Event wekatrace16_0d75185d4e958ad360c16451eaa95d508edf:event_105_parent_turn_105 skipping — predecessor failed
2026-10-02 00:44:03,847 - inference_perf.datagen.replay.replay_graph_session_datagen - INFO - Event wekatrace16_0d75185d4e958ad360c16451eaa95d508edf:event_106_parent_turn_106 skipping — predecessor failed
2026-10-02 00:44:03,847 - inference_perf.datagen.replay.replay_graph_session_datagen - INFO - Event wekatrace16_0d75185d4e958ad360c16451eaa95d508edf:event_107_parent_turn_107 skipping — predecessor failed
2026-10-02 00:44:03,847 - inference_perf.datagen.replay.replay_graph_session_datagen - INFO - Event wekatrace16_0d75185d4e958ad360c16451eaa95d508edf:event_108_parent_turn_108 skipping — predecessor failed
2026-10-02 00:44:03,847 - inference_perf.datagen.replay.replay_graph_session_datagen - INFO - Event wekatrace16_0d75185d4e958ad360c16451eaa95d508edf:event_109_parent_turn_109 skipping — predecessor failed
2026-10-02 00:44:03,847 - inference_perf.datagen.replay.replay_graph_session_datagen - INFO - Event wekatrace16_0d75185d4e958ad360c16451eaa95d508edf:event_110_parent_turn_110 skipping — predecessor failed
2026-10-02 00:44:03,847 - inference_perf.datagen.replay.replay_graph_session_datagen - INFO - Event wekatrace16_0d75185d4e958ad360c16451eaa95d508edf:event_111_parent_turn_111 skipping — predecessor failed
2026-10-02 00:44:03,848 - inference_perf.datagen.replay.replay_graph_session_datagen - INFO - Event wekatrace16_0d75185d4e958ad360c16451eaa95d508edf:event_112_parent_turn_112 skipping — predecessor failed
2026-10-02 00:44:03,848 - inference_perf.datagen.replay.replay_graph_session_datagen - INFO - Event wekatrace16_0d75185d4e958ad360c16451eaa95d508edf:event_113_parent_turn_113 skipping — predecessor failed
2026-10-02 00:44:03,848 - inference_perf.datagen.replay.replay_graph_session_datagen - INFO - Event wekatrace16_0d75185d4e958ad360c16451eaa95d508edf:event_114_parent_turn_114 skipping — predecessor failed
2026-10-02 00:44:03,848 - inference_perf.datagen.replay.replay_graph_session_datagen - INFO - Event wekatrace16_0d75185d4e958ad360c16451eaa95d508edf:event_115_parent_turn_115 skipping — predecessor failed
2026-10-02 00:44:03,848 - inference_perf.datagen.replay.replay_graph_session_datagen - INFO - Event wekatrace16_0d75185d4e958ad360c16451eaa95d508edf:event_116_parent_turn_116 skipping — predecessor failed
2026-10-02 00:44:03,848 - inference_perf.datagen.replay.replay_graph_session_datagen - INFO - Event wekatrace16_0d75185d4e958ad360c16451eaa95d508edf:event_117_parent_turn_117 skipping — predecessor failed
2026-10-02 00:44:03,848 - inference_perf.datagen.replay.replay_graph_session_datagen - INFO - Event wekatrace16_0d75185d4e958ad360c16451eaa95d508edf:event_118_parent_turn_118 skipping — predecessor failed
2026-10-02 00:44:03,848 - inference_perf.datagen.replay.replay_graph_session_datagen - INFO - Event wekatrace16_0d75185d4e958ad360c16451eaa95d508edf:event_119_parent_turn_119 skipping — predecessor failed
2026-10-02 00:44:03,849 - inference_perf.datagen.replay.replay_graph_session_datagen - INFO - Event wekatrace16_0d75185d4e958ad360c16451eaa95d508edf:event_120_parent_turn_120 skipping — predecessor failed
2026-10-02 00:44:03,849 - inference_perf.datagen.replay.replay_graph_session_datagen - INFO - Event wekatrace16_0d75185d4e958ad360c16451eaa95d508edf:event_121_parent_turn_121 skipping — predecessor failed
2026-10-02 00:44:03,849 - inference_perf.datagen.replay.replay_graph_session_datagen - INFO - Event wekatrace16_0d75185d4e958ad360c16451eaa95d508edf:event_122_parent_turn_122 skipping — predecessor failed
2026-10-02 00:44:03,849 - inference_perf.datagen.replay.replay_graph_session_datagen - INFO - Event wekatrace16_0d75185d4e958ad360c16451eaa95d508edf:event_123_parent_turn_123 skipping — predecessor failed
2026-10-02 00:44:03,849 - inference_perf.datagen.replay.replay_graph_session_datagen - INFO - Event wekatrace16_0d75185d4e958ad360c16451eaa95d508edf:event_124_parent_turn_124 skipping — predecessor failed
2026-10-02 00:44:03,849 - inference_perf.datagen.replay.replay_graph_session_datagen - INFO - Event wekatrace16_0d75185d4e958ad360c16451eaa95d508edf:event_125_parent_turn_125 skipping — predecessor failed
2026-10-02 00:44:03,849 - inference_perf.datagen.replay.replay_graph_session_datagen - INFO - Event wekatrace16_0d75185d4e958ad360c16451eaa95d508edf:event_126_parent_turn_126 skipping — predecessor failed
2026-10-02 00:44:03,849 - inference_perf.datagen.replay.replay_graph_session_datagen - INFO - Event wekatrace16_0d75185d4e958ad360c16451eaa95d508edf:event_127_parent_turn_127 skipping — predecessor failed
2026-10-02 00:44:03,850 - inference_perf.datagen.replay.replay_graph_session_datagen - INFO - Event wekatrace16_0d75185d4e958ad360c16451eaa95d508edf:event_128_parent_turn_128 skipping — predecessor failed
2026-10-02 00:44:03,850 - inference_perf.datagen.replay.replay_graph_session_datagen - INFO - Event wekatrace16_0d75185d4e958ad360c16451eaa95d508edf:event_129_parent_turn_129 skipping — predecessor failed
2026-10-02 00:44:03,850 - inference_perf.datagen.replay.replay_graph_session_datagen - INFO - Event wekatrace16_0d75185d4e958ad360c16451eaa95d508edf:event_130_parent_turn_130 skipping — predecessor failed
2026-10-02 00:44:03,850 - inference_perf.datagen.replay.replay_graph_session_datagen - INFO - Event wekatrace16_0d75185d4e958ad360c16451eaa95d508edf:event_131_parent_turn_131 skipping — predecessor failed
2026-10-02 00:44:03,850 - inference_perf.datagen.replay.replay_graph_session_datagen - INFO - Event wekatrace16_0d75185d4e958ad360c16451eaa95d508edf:event_132_parent_turn_132 skipping — predecessor failed
2026-10-02 00:44:03,850 - inference_perf.datagen.replay.replay_graph_session_datagen - INFO - Event wekatrace16_0d75185d4e958ad360c16451eaa95d508edf:event_133_parent_turn_133 skipping — predecessor failed
2026-10-02 00:44:03,851 - inference_perf.datagen.replay.replay_graph_session_datagen - INFO - Event wekatrace16_0d75185d4e958ad360c16451eaa95d508edf:event_134_parent_turn_134 skipping — predecessor failed
2026-10-02 00:44:03,851 - inference_perf.datagen.replay.replay_graph_session_datagen - INFO - Event wekatrace16_0d75185d4e958ad360c16451eaa95d508edf:event_135_parent_turn_135 skipping — predecessor failed
2026-10-02 00:44:03,851 - inference_perf.datagen.replay.replay_graph_session_datagen - INFO - Event wekatrace16_0d75185d4e958ad360c16451eaa95d508edf:event_136_parent_turn_136 skipping — predecessor failed
2026-10-02 00:44:03,851 - inference_perf.datagen.replay.replay_graph_session_datagen - INFO - Event wekatrace16_0d75185d4e958ad360c16451eaa95d508edf:event_137_parent_turn_137 skipping — predecessor failed
2026-10-02 00:44:03,851 - inference_perf.datagen.replay.replay_graph_session_datagen - INFO - Event wekatrace16_0d75185d4e958ad360c16451eaa95d508edf:event_138_parent_turn_138 skipping — predecessor failed
2026-10-02 00:44:03,851 - inference_perf.datagen.replay.replay_graph_session_datagen - INFO - Event wekatrace16_0d75185d4e958ad360c16451eaa95d508edf:event_139_parent_turn_139 skipping — predecessor failed
2026-10-02 00:44:03,851 - inference_perf.datagen.replay.replay_graph_session_datagen - INFO - Event wekatrace16_0d75185d4e958ad360c16451eaa95d508edf:event_140_parent_turn_140 skipping — predecessor failed
2026-10-02 00:44:03,852 - inference_perf.datagen.replay.replay_graph_session_datagen - INFO - Event wekatrace16_0d75185d4e958ad360c16451eaa95d508edf:event_141_parent_turn_141 skipping — predecessor failed
2026-10-02 00:44:03,852 - inference_perf.datagen.replay.replay_graph_session_datagen - INFO - Event wekatrace16_0d75185d4e958ad360c16451eaa95d508edf:event_142_parent_turn_142 skipping — predecessor failed
2026-10-02 00:44:03,852 - inference_perf.datagen.replay.replay_graph_session_datagen - INFO - Event wekatrace16_0d75185d4e958ad360c16451eaa95d508edf:event_143_parent_turn_143 skipping — predecessor failed
2026-10-02 00:44:03,852 - inference_perf.datagen.replay.replay_graph_session_datagen - INFO - Event wekatrace16_0d75185d4e958ad360c16451eaa95d508edf:event_144_parent_turn_144 skipping — predecessor failed
2026-10-02 00:44:03,852 - inference_perf.datagen.replay.replay_graph_session_datagen - INFO - Event wekatrace16_0d75185d4e958ad360c16451eaa95d508edf:event_145_parent_turn_145 skipping — predecessor failed
2026-10-02 00:44:03,852 - inference_perf.datagen.replay.replay_graph_session_datagen - INFO - Event wekatrace16_0d75185d4e958ad360c16451eaa95d508edf:event_146_parent_turn_146 skipping — predecessor failed
2026-10-02 00:44:03,852 - inference_perf.datagen.replay.replay_graph_session_datagen - INFO - Event wekatrace16_0d75185d4e958ad360c16451eaa95d508edf:event_147_parent_turn_147 skipping — predecessor failed
2026-10-02 00:44:03,852 - inference_perf.datagen.replay.replay_graph_session_datagen - INFO - Event wekatrace16_0d75185d4e958ad360c16451eaa95d508edf:event_148_parent_turn_148 skipping — predecessor failed
2026-10-02 00:44:03,852 - inference_perf.datagen.replay.replay_graph_session_datagen - INFO - Event wekatrace16_0d75185d4e958ad360c16451eaa95d508edf:event_149_parent_turn_149 skipping — predecessor failed
2026-10-02 00:44:03,852 - inference_perf.datagen.replay.replay_graph_session_datagen - INFO - Event wekatrace16_0d75185d4e958ad360c16451eaa95d508edf:event_150_parent_turn_150 skipping — predecessor failed
2026-10-02 00:44:03,852 - inference_perf.datagen.replay.replay_graph_session_datagen - INFO - Event wekatrace16_0d75185d4e958ad360c16451eaa95d508edf:event_151_parent_turn_151 skipping — predecessor failed
2026-10-02 00:44:03,853 - inference_perf.datagen.replay.replay_graph_session_datagen - INFO - Event wekatrace16_0d75185d4e958ad360c16451eaa95d508edf:event_152_sa_subagent_001_a0cde3b2_s0_turn_0 skipping — predecessor failed
2026-10-02 00:44:03,853 - inference_perf.datagen.replay.replay_graph_session_datagen - INFO - Event wekatrace16_0d75185d4e958ad360c16451eaa95d508edf:event_178_parent_turn_152 skipping — predecessor failed
2026-10-02 00:44:03,853 - inference_perf.datagen.replay.replay_graph_session_datagen - INFO - Event wekatrace16_0d75185d4e958ad360c16451eaa95d508edf:event_153_sa_subagent_001_a0cde3b2_s0_turn_1 skipping — predecessor failed
2026-10-02 00:44:03,853 - inference_perf.datagen.replay.replay_graph_session_datagen - INFO - Event wekatrace16_0d75185d4e958ad360c16451eaa95d508edf:event_179_parent_turn_153 skipping — predecessor failed
2026-10-02 00:44:03,853 - inference_perf.datagen.replay.replay_graph_session_datagen - INFO - Event wekatrace16_0d75185d4e958ad360c16451eaa95d508edf:event_154_sa_subagent_001_a0cde3b2_s0_turn_2 skipping — predecessor failed
2026-10-02 00:44:03,853 - inference_perf.datagen.replay.replay_graph_session_datagen - INFO - Event wekatrace16_0d75185d4e958ad360c16451eaa95d508edf:event_180_parent_turn_154 skipping — predecessor failed
2026-10-02 00:44:03,853 - inference_perf.datagen.replay.replay_graph_session_datagen - INFO - Event wekatrace16_0d75185d4e958ad360c16451eaa95d508edf:event_155_sa_subagent_001_a0cde3b2_s0_turn_3 skipping — predecessor failed
2026-10-02 00:44:03,853 - inference_perf.datagen.replay.replay_graph_session_datagen - INFO - Event wekatrace16_0d75185d4e958ad360c16451eaa95d508edf:event_181_parent_turn_155 skipping — predecessor failed
2026-10-02 00:44:03,853 - inference_perf.datagen.replay.replay_graph_session_datagen - INFO - Event wekatrace16_0d75185d4e958ad360c16451eaa95d508edf:event_156_sa_subagent_001_a0cde3b2_s0_turn_4 skipping — predecessor failed
2026-10-02 00:44:03,853 - inference_perf.datagen.replay.replay_graph_session_datagen - INFO - Event wekatrace16_0d75185d4e958ad360c16451eaa95d508edf:event_182_parent_turn_156 skipping — predecessor failed
2026-10-02 00:44:03,853 - inference_perf.datagen.replay.replay_graph_session_datagen - INFO - Event wekatrace16_0d75185d4e958ad360c16451eaa95d508edf:event_183_parent_turn_157 skipping — predecessor failed
2026-10-02 00:44:03,854 - inference_perf.datagen.replay.replay_graph_session_datagen - INFO - Event wekatrace16_0d75185d4e958ad360c16451eaa95d508edf:event_157_sa_subagent_001_a0cde3b2_s0_turn_5 skipping — predecessor failed
2026-10-02 00:44:03,854 - inference_perf.datagen.replay.replay_graph_session_datagen - INFO - Event wekatrace16_0d75185d4e958ad360c16451eaa95d508edf:event_184_parent_turn_158 skipping — predecessor failed
2026-10-02 00:44:03,854 - inference_perf.datagen.replay.replay_graph_session_datagen - INFO - Event wekatrace16_0d75185d4e958ad360c16451eaa95d508edf:event_158_sa_subagent_001_a0cde3b2_s0_turn_6 skipping — predecessor failed
2026-10-02 00:44:03,854 - inference_perf.datagen.replay.replay_graph_session_datagen - INFO - Event wekatrace16_0d75185d4e958ad360c16451eaa95d508edf:event_185_parent_turn_159 skipping — predecessor failed
2026-10-02 00:44:03,854 - inference_perf.datagen.replay.replay_graph_session_datagen - INFO - Event wekatrace16_0d75185d4e958ad360c16451eaa95d508edf:event_159_sa_subagent_001_a0cde3b2_s0_turn_7 skipping — predecessor failed
2026-10-02 00:44:03,854 - inference_perf.datagen.replay.replay_graph_session_datagen - INFO - Event wekatrace16_0d75185d4e958ad360c16451eaa95d508edf:event_186_parent_turn_160 skipping — predecessor failed
2026-10-02 00:44:03,854 - inference_perf.datagen.replay.replay_graph_session_datagen - INFO - Event wekatrace16_0d75185d4e958ad360c16451eaa95d508edf:event_160_sa_subagent_001_a0cde3b2_s0_turn_8 skipping — predecessor failed
2026-10-02 00:44:03,854 - inference_perf.datagen.replay.replay_graph_session_datagen - INFO - Event wekatrace16_0d75185d4e958ad360c16451eaa95d508edf:event_187_parent_turn_161 skipping — predecessor failed
2026-10-02 00:44:03,854 - inference_perf.datagen.replay.replay_graph_session_datagen - INFO - Event wekatrace16_0d75185d4e958ad360c16451eaa95d508edf:event_161_sa_subagent_001_a0cde3b2_s0_turn_9 skipping — predecessor failed
2026-10-02 00:44:03,855 - inference_perf.datagen.replay.replay_graph_session_datagen - INFO - Event wekatrace16_0d75185d4e958ad360c16451eaa95d508edf:event_188_parent_turn_162 skipping — predecessor failed
2026-10-02 00:44:03,855 - inference_perf.datagen.replay.replay_graph_session_datagen - INFO - Event wekatrace16_0d75185d4e958ad360c16451eaa95d508edf:event_189_parent_turn_163 skipping — predecessor failed
2026-10-02 00:44:03,855 - inference_perf.datagen.replay.replay_graph_session_datagen - INFO - Event wekatrace16_0d75185d4e958ad360c16451eaa95d508edf:event_162_sa_subagent_001_a0cde3b2_s0_turn_10 skipping — predecessor failed
2026-10-02 00:44:03,855 - inference_perf.datagen.replay.replay_graph_session_datagen - INFO - Event wekatrace16_0d75185d4e958ad360c16451eaa95d508edf:event_190_parent_turn_164 skipping — predecessor failed
2026-10-02 00:44:03,855 - inference_perf.datagen.replay.replay_graph_session_datagen - INFO - Event wekatrace16_0d75185d4e958ad360c16451eaa95d508edf:event_191_parent_turn_165 skipping — predecessor failed
2026-10-02 00:44:03,855 - inference_perf.datagen.replay.replay_graph_session_datagen - INFO - Event wekatrace16_0d75185d4e958ad360c16451eaa95d508edf:event_163_sa_subagent_001_a0cde3b2_s0_turn_11 skipping — predecessor failed
2026-10-02 00:44:03,855 - inference_perf.datagen.replay.replay_graph_session_datagen - INFO - Event wekatrace16_0d75185d4e958ad360c16451eaa95d508edf:event_192_parent_turn_166 skipping — predecessor failed
2026-10-02 00:44:03,855 - inference_perf.datagen.replay.replay_graph_session_datagen - INFO - Event wekatrace16_0d75185d4e958ad360c16451eaa95d508edf:event_193_parent_turn_167 skipping — predecessor failed
2026-10-02 00:44:03,856 - inference_perf.datagen.replay.replay_graph_session_datagen - INFO - Event wekatrace16_0d75185d4e958ad360c16451eaa95d508edf:event_194_parent_turn_168 skipping — predecessor failed
2026-10-02 00:44:03,856 - inference_perf.datagen.replay.replay_graph_session_datagen - INFO - Event wekatrace16_0d75185d4e958ad360c16451eaa95d508edf:event_164_sa_subagent_001_a0cde3b2_s0_turn_12 skipping — predecessor failed
2026-10-02 00:44:03,856 - inference_perf.datagen.replay.replay_graph_session_datagen - INFO - Event wekatrace16_0d75185d4e958ad360c16451eaa95d508edf:event_195_parent_turn_169 skipping — predecessor failed
2026-10-02 00:44:03,856 - inference_perf.datagen.replay.replay_graph_session_datagen - INFO - Event wekatrace16_0d75185d4e958ad360c16451eaa95d508edf:event_196_parent_turn_170 skipping — predecessor failed
2026-10-02 00:44:03,856 - inference_perf.datagen.replay.replay_graph_session_datagen - INFO - Event wekatrace16_0d75185d4e958ad360c16451eaa95d508edf:event_165_sa_subagent_001_a0cde3b2_s0_turn_13 skipping — predecessor failed
2026-10-02 00:44:03,856 - inference_perf.datagen.replay.replay_graph_session_datagen - INFO - Event wekatrace16_0d75185d4e958ad360c16451eaa95d508edf:event_197_parent_turn_171 skipping — predecessor failed
2026-10-02 00:44:03,856 - inference_perf.datagen.replay.replay_graph_session_datagen - INFO - Event wekatrace16_0d75185d4e958ad360c16451eaa95d508edf:event_198_parent_turn_172 skipping — predecessor failed
2026-10-02 00:44:03,857 - inference_perf.datagen.replay.replay_graph_session_datagen - INFO - Event wekatrace16_0d75185d4e958ad360c16451eaa95d508edf:event_166_sa_subagent_001_a0cde3b2_s0_turn_14 skipping — predecessor failed
2026-10-02 00:44:03,857 - inference_perf.datagen.replay.replay_graph_session_datagen - INFO - Event wekatrace16_0d75185d4e958ad360c16451eaa95d508edf:event_199_parent_turn_173 skipping — predecessor failed
2026-10-02 00:44:03,857 - inference_perf.datagen.replay.replay_graph_session_datagen - INFO - Event wekatrace16_0d75185d4e958ad360c16451eaa95d508edf:event_200_parent_turn_174 skipping — predecessor failed
2026-10-02 00:44:03,857 - inference_perf.datagen.replay.replay_graph_session_datagen - INFO - Event wekatrace16_0d75185d4e958ad360c16451eaa95d508edf:event_167_sa_subagent_001_a0cde3b2_s0_turn_15 skipping — predecessor failed
2026-10-02 00:44:03,857 - inference_perf.datagen.replay.replay_graph_session_datagen - INFO - Event wekatrace16_0d75185d4e958ad360c16451eaa95d508edf:event_201_parent_turn_175 skipping — predecessor failed
2026-10-02 00:44:03,857 - inference_perf.datagen.replay.replay_graph_session_datagen - INFO - Event wekatrace16_0d75185d4e958ad360c16451eaa95d508edf:event_202_parent_turn_176 skipping — predecessor failed
2026-10-02 00:44:03,857 - inference_perf.datagen.replay.replay_graph_session_datagen - INFO - Event wekatrace16_0d75185d4e958ad360c16451eaa95d508edf:event_168_sa_subagent_001_a0cde3b2_s0_turn_16 skipping — predecessor failed
2026-10-02 00:44:03,857 - inference_perf.datagen.replay.replay_graph_session_datagen - INFO - Event wekatrace16_0d75185d4e958ad360c16451eaa95d508edf:event_203_parent_turn_177 skipping — predecessor failed
2026-10-02 00:44:03,857 - inference_perf.datagen.replay.replay_graph_session_datagen - INFO - Event wekatrace16_0d75185d4e958ad360c16451eaa95d508edf:event_169_sa_subagent_001_a0cde3b2_s0_turn_17 skipping — predecessor failed
2026-10-02 00:44:03,857 - inference_perf.datagen.replay.replay_graph_session_datagen - INFO - Event wekatrace16_0d75185d4e958ad360c16451eaa95d508edf:event_204_parent_turn_178 skipping — predecessor failed
2026-10-02 00:44:03,858 - inference_perf.datagen.replay.replay_graph_session_datagen - INFO - Event wekatrace16_0d75185d4e958ad360c16451eaa95d508edf:event_205_parent_turn_179 skipping — predecessor failed
2026-10-02 00:44:03,858 - inference_perf.datagen.replay.replay_graph_session_datagen - INFO - Event wekatrace16_0d75185d4e958ad360c16451eaa95d508edf:event_170_sa_subagent_001_a0cde3b2_s0_turn_18 skipping — predecessor failed
2026-10-02 00:44:03,858 - inference_perf.datagen.replay.replay_graph_session_datagen - INFO - Event wekatrace16_0d75185d4e958ad360c16451eaa95d508edf:event_206_parent_turn_180 skipping — predecessor failed
2026-10-02 00:44:03,858 - inference_perf.datagen.replay.replay_graph_session_datagen - INFO - Event wekatrace16_0d75185d4e958ad360c16451eaa95d508edf:event_207_parent_turn_181 skipping — predecessor failed
2026-10-02 00:44:03,858 - inference_perf.datagen.replay.replay_graph_session_datagen - INFO - Event wekatrace16_0d75185d4e958ad360c16451eaa95d508edf:event_171_sa_subagent_001_a0cde3b2_s0_turn_19 skipping — predecessor failed
2026-10-02 00:44:03,858 - inference_perf.datagen.replay.replay_graph_session_datagen - INFO - Event wekatrace16_0d75185d4e958ad360c16451eaa95d508edf:event_208_parent_turn_182 skipping — predecessor failed
2026-10-02 00:44:03,858 - inference_perf.datagen.replay.replay_graph_session_datagen - INFO - Event wekatrace16_0d75185d4e958ad360c16451eaa95d508edf:event_172_sa_subagent_001_a0cde3b2_s0_turn_20 skipping — predecessor failed
2026-10-02 00:44:03,858 - inference_perf.datagen.replay.replay_graph_session_datagen - INFO - Event wekatrace16_0d75185d4e958ad360c16451eaa95d508edf:event_209_parent_turn_183 skipping — predecessor failed
2026-10-02 00:44:03,858 - inference_perf.datagen.replay.replay_graph_session_datagen - INFO - Event wekatrace16_0d75185d4e958ad360c16451eaa95d508edf:event_173_sa_subagent_001_a0cde3b2_s0_turn_21 skipping — predecessor failed
2026-10-02 00:44:03,858 - inference_perf.datagen.replay.replay_graph_session_datagen - INFO - Event wekatrace16_0d75185d4e958ad360c16451eaa95d508edf:event_174_sa_subagent_001_a0cde3b2_s0_turn_22 skipping — predecessor failed
2026-10-02 00:44:03,859 - inference_perf.datagen.replay.replay_graph_session_datagen - INFO - Event wekatrace16_0d75185d4e958ad360c16451eaa95d508edf:event_175_sa_subagent_001_a0cde3b2_s0_turn_23 skipping — predecessor failed
2026-10-02 00:44:03,859 - inference_perf.datagen.replay.replay_graph_session_datagen - INFO - Event wekatrace16_0d75185d4e958ad360c16451eaa95d508edf:event_176_sa_subagent_001_a0cde3b2_s0_turn_24 skipping — predecessor failed
2026-10-02 00:44:03,859 - inference_perf.datagen.replay.replay_graph_session_datagen - INFO - Event wekatrace16_0d75185d4e958ad360c16451eaa95d508edf:event_177_sa_subagent_001_a0cde3b2_s0_turn_25 skipping — predecessor failed
2026-10-02 00:44:08,826 - inference_perf.datagen.replay.replay_graph_session_datagen - ERROR - Request failed for event wekatrace311_ecee504cf3f4290c08c5ab163a2cbbad9342:event_003_parent_turn_3: TimeoutError: 
2026-10-02 00:44:08,827 - inference_perf.datagen.replay.replay_graph_session_datagen - INFO - Session wekatrace311_ecee504cf3f4290c08c5ab163a2cbbad9342 failure notification sent to main process (cancelled_events=103)
2026-10-02 00:44:08,827 - inference_perf.client.modelserver.openai_client - ERROR - 
Traceback (most recent call last):
  File "/workspace/.venv/lib/python3.12/site-packages/aiohttp/streams.py", line 365, in _wait
    await waiter
asyncio.exceptions.CancelledError

The above exception was the direct cause of the following exception:

Traceback (most recent call last):
  File "/workspace/inference_perf/apis/streaming_parser.py", line 84, in parse_sse_stream
    async for chunk in response.content.iter_any():
  File "/workspace/.venv/lib/python3.12/site-packages/aiohttp/streams.py", line 46, in __anext__
    rv = await self.read_func()
         ^^^^^^^^^^^^^^^^^^^^^^
  File "/workspace/.venv/lib/python3.12/site-packages/aiohttp/streams.py", line 460, in readany
    await self._wait("readany")
  File "/workspace/.venv/lib/python3.12/site-packages/aiohttp/streams.py", line 364, in _wait
    with self._timer:
         ^^^^^^^^^^^
  File "/workspace/.venv/lib/python3.12/site-packages/aiohttp/helpers.py", line 759, in __exit__
    raise asyncio.TimeoutError from exc_val
TimeoutError

The above exception was the direct cause of the following exception:

Traceback (most recent call last):
  File "/workspace/inference_perf/client/modelserver/openai_client.py", line 557, in process_request
    info = await data.process_response(
           ^^^^^^^^^^^^^^^^^^^^^^^^^^^^
  File "/workspace/inference_perf/datagen/replay/replay_graph_session_datagen.py", line 1039, in process_response
    text_content, chunk_times, raw_content, response_chunks, server_usage = await parse_sse_stream(
                                                                            ^^^^^^^^^^^^^^^^^^^^^^^
  File "/workspace/inference_perf/apis/streaming_parser.py", line 119, in parse_sse_stream
    raise StreamInterruptedError(e, raw_content.decode("utf-8", errors="ignore")) from e
inference_perf.apis.streaming_parser.StreamInterruptedError
2026-10-02 00:44:08,832 - inference_perf.datagen.replay.replay_graph_session_datagen - INFO - Event wekatrace311_ecee504cf3f4290c08c5ab163a2cbbad9342:event_004_parent_turn_4 skipping — predecessor failed
2026-10-02 00:44:08,832 - inference_perf.datagen.replay.replay_graph_session_datagen - INFO - Event wekatrace311_ecee504cf3f4290c08c5ab163a2cbbad9342:event_005_parent_turn_5 skipping — predecessor failed
2026-10-02 00:44:08,832 - inference_perf.datagen.replay.replay_graph_session_datagen - INFO - Event wekatrace311_ecee504cf3f4290c08c5ab163a2cbbad9342:event_006_parent_turn_6 skipping — predecessor failed
2026-10-02 00:44:08,833 - inference_perf.datagen.replay.replay_graph_session_datagen - INFO - Event wekatrace311_ecee504cf3f4290c08c5ab163a2cbbad9342:event_007_parent_turn_7 skipping — predecessor failed
2026-10-02 00:44:08,833 - inference_perf.datagen.replay.replay_graph_session_datagen - INFO - Event wekatrace311_ecee504cf3f4290c08c5ab163a2cbbad9342:event_008_parent_turn_8 skipping — predecessor failed
2026-10-02 00:44:08,833 - inference_perf.datagen.replay.replay_graph_session_datagen - INFO - Event wekatrace311_ecee504cf3f4290c08c5ab163a2cbbad9342:event_009_parent_turn_9 skipping — predecessor failed
2026-10-02 00:44:08,833 - inference_perf.datagen.replay.replay_graph_session_datagen - INFO - Event wekatrace311_ecee504cf3f4290c08c5ab163a2cbbad9342:event_010_parent_turn_10 skipping — predecessor failed
2026-10-02 00:44:08,834 - inference_perf.datagen.replay.replay_graph_session_datagen - INFO - Event wekatrace311_ecee504cf3f4290c08c5ab163a2cbbad9342:event_011_parent_turn_11 skipping — predecessor failed
2026-10-02 00:44:08,834 - inference_perf.datagen.replay.replay_graph_session_datagen - INFO - Event wekatrace311_ecee504cf3f4290c08c5ab163a2cbbad9342:event_012_parent_turn_12 skipping — predecessor failed
2026-10-02 00:44:08,834 - inference_perf.datagen.replay.replay_graph_session_datagen - INFO - Event wekatrace311_ecee504cf3f4290c08c5ab163a2cbbad9342:event_013_parent_turn_13 skipping — predecessor failed
2026-10-02 00:44:08,834 - inference_perf.datagen.replay.replay_graph_session_datagen - INFO - Event wekatrace311_ecee504cf3f4290c08c5ab163a2cbbad9342:event_014_parent_turn_14 skipping — predecessor failed
2026-10-02 00:44:08,834 - inference_perf.datagen.replay.replay_graph_session_datagen - INFO - Event wekatrace311_ecee504cf3f4290c08c5ab163a2cbbad9342:event_015_parent_turn_15 skipping — predecessor failed
2026-10-02 00:44:08,834 - inference_perf.datagen.replay.replay_graph_session_datagen - INFO - Event wekatrace311_ecee504cf3f4290c08c5ab163a2cbbad9342:event_016_parent_turn_16 skipping — predecessor failed
2026-10-02 00:44:08,834 - inference_perf.datagen.replay.replay_graph_session_datagen - INFO - Event wekatrace311_ecee504cf3f4290c08c5ab163a2cbbad9342:event_017_parent_turn_17 skipping — predecessor failed
2026-10-02 00:44:08,834 - inference_perf.datagen.replay.replay_graph_session_datagen - INFO - Event wekatrace311_ecee504cf3f4290c08c5ab163a2cbbad9342:event_018_parent_turn_18 skipping — predecessor failed
2026-10-02 00:44:08,835 - inference_perf.datagen.replay.replay_graph_session_datagen - INFO - Event wekatrace311_ecee504cf3f4290c08c5ab163a2cbbad9342:event_019_parent_turn_19 skipping — predecessor failed
2026-10-02 00:44:08,835 - inference_perf.datagen.replay.replay_graph_session_datagen - INFO - Event wekatrace311_ecee504cf3f4290c08c5ab163a2cbbad9342:event_020_parent_turn_20 skipping — predecessor failed
2026-10-02 00:44:08,835 - inference_perf.datagen.replay.replay_graph_session_datagen - INFO - Event wekatrace311_ecee504cf3f4290c08c5ab163a2cbbad9342:event_021_parent_turn_21 skipping — predecessor failed
2026-10-02 00:44:08,835 - inference_perf.datagen.replay.replay_graph_session_datagen - INFO - Event wekatrace311_ecee504cf3f4290c08c5ab163a2cbbad9342:event_022_parent_turn_22 skipping — predecessor failed
2026-10-02 00:44:08,835 - inference_perf.datagen.replay.replay_graph_session_datagen - INFO - Event wekatrace311_ecee504cf3f4290c08c5ab163a2cbbad9342:event_023_parent_turn_23 skipping — predecessor failed
2026-10-02 00:44:08,836 - inference_perf.datagen.replay.replay_graph_session_datagen - INFO - Event wekatrace311_ecee504cf3f4290c08c5ab163a2cbbad9342:event_024_parent_turn_24 skipping — predecessor failed
2026-10-02 00:44:08,836 - inference_perf.datagen.replay.replay_graph_session_datagen - INFO - Event wekatrace311_ecee504cf3f4290c08c5ab163a2cbbad9342:event_025_parent_turn_25 skipping — predecessor failed
2026-10-02 00:44:08,836 - inference_perf.datagen.replay.replay_graph_session_datagen - INFO - Event wekatrace311_ecee504cf3f4290c08c5ab163a2cbbad9342:event_026_parent_turn_26 skipping — predecessor failed
2026-10-02 00:44:08,836 - inference_perf.datagen.replay.replay_graph_session_datagen - INFO - Event wekatrace311_ecee504cf3f4290c08c5ab163a2cbbad9342:event_027_parent_turn_27 skipping — predecessor failed
2026-10-02 00:44:08,836 - inference_perf.datagen.replay.replay_graph_session_datagen - INFO - Event wekatrace311_ecee504cf3f4290c08c5ab163a2cbbad9342:event_028_parent_turn_28 skipping — predecessor failed
2026-10-02 00:44:08,836 - inference_perf.datagen.replay.replay_graph_session_datagen - INFO - Event wekatrace311_ecee504cf3f4290c08c5ab163a2cbbad9342:event_029_parent_turn_29 skipping — predecessor failed
2026-10-02 00:44:08,836 - inference_perf.datagen.replay.replay_graph_session_datagen - INFO - Event wekatrace311_ecee504cf3f4290c08c5ab163a2cbbad9342:event_030_parent_turn_30 skipping — predecessor failed
2026-10-02 00:44:08,836 - inference_perf.datagen.replay.replay_graph_session_datagen - INFO - Event wekatrace311_ecee504cf3f4290c08c5ab163a2cbbad9342:event_031_parent_turn_31 skipping — predecessor failed
2026-10-02 00:44:08,837 - inference_perf.datagen.replay.replay_graph_session_datagen - INFO - Event wekatrace311_ecee504cf3f4290c08c5ab163a2cbbad9342:event_032_parent_turn_32 skipping — predecessor failed
2026-10-02 00:44:08,837 - inference_perf.datagen.replay.replay_graph_session_datagen - INFO - Event wekatrace311_ecee504cf3f4290c08c5ab163a2cbbad9342:event_033_parent_turn_33 skipping — predecessor failed
2026-10-02 00:44:08,837 - inference_perf.datagen.replay.replay_graph_session_datagen - INFO - Event wekatrace311_ecee504cf3f4290c08c5ab163a2cbbad9342:event_034_parent_turn_34 skipping — predecessor failed
2026-10-02 00:44:08,837 - inference_perf.datagen.replay.replay_graph_session_datagen - INFO - Event wekatrace311_ecee504cf3f4290c08c5ab163a2cbbad9342:event_035_parent_turn_35 skipping — predecessor failed
2026-10-02 00:44:08,837 - inference_perf.datagen.replay.replay_graph_session_datagen - INFO - Event wekatrace311_ecee504cf3f4290c08c5ab163a2cbbad9342:event_036_parent_turn_36 skipping — predecessor failed
2026-10-02 00:44:08,837 - inference_perf.datagen.replay.replay_graph_session_datagen - INFO - Event wekatrace311_ecee504cf3f4290c08c5ab163a2cbbad9342:event_037_parent_turn_37 skipping — predecessor failed
2026-10-02 00:44:08,837 - inference_perf.datagen.replay.replay_graph_session_datagen - INFO - Event wekatrace311_ecee504cf3f4290c08c5ab163a2cbbad9342:event_038_parent_turn_38 skipping — predecessor failed
2026-10-02 00:44:08,837 - inference_perf.datagen.replay.replay_graph_session_datagen - INFO - Event wekatrace311_ecee504cf3f4290c08c5ab163a2cbbad9342:event_039_parent_turn_39 skipping — predecessor failed
2026-10-02 00:44:08,837 - inference_perf.datagen.replay.replay_graph_session_datagen - INFO - Event wekatrace311_ecee504cf3f4290c08c5ab163a2cbbad9342:event_040_parent_turn_40 skipping — predecessor failed
2026-10-02 00:44:08,838 - inference_perf.datagen.replay.replay_graph_session_datagen - INFO - Event wekatrace311_ecee504cf3f4290c08c5ab163a2cbbad9342:event_041_parent_turn_41 skipping — predecessor failed
2026-10-02 00:44:08,838 - inference_perf.datagen.replay.replay_graph_session_datagen - INFO - Event wekatrace311_ecee504cf3f4290c08c5ab163a2cbbad9342:event_042_parent_turn_42 skipping — predecessor failed
2026-10-02 00:44:08,838 - inference_perf.datagen.replay.replay_graph_session_datagen - INFO - Event wekatrace311_ecee504cf3f4290c08c5ab163a2cbbad9342:event_043_parent_turn_43 skipping — predecessor failed
2026-10-02 00:44:08,839 - inference_perf.datagen.replay.replay_graph_session_datagen - INFO - Event wekatrace311_ecee504cf3f4290c08c5ab163a2cbbad9342:event_044_parent_turn_44 skipping — predecessor failed
2026-10-02 00:44:08,839 - inference_perf.datagen.replay.replay_graph_session_datagen - INFO - Event wekatrace311_ecee504cf3f4290c08c5ab163a2cbbad9342:event_045_parent_turn_45 skipping — predecessor failed
2026-10-02 00:44:08,839 - inference_perf.datagen.replay.replay_graph_session_datagen - INFO - Event wekatrace311_ecee504cf3f4290c08c5ab163a2cbbad9342:event_046_parent_turn_46 skipping — predecessor failed
2026-10-02 00:44:08,839 - inference_perf.datagen.replay.replay_graph_session_datagen - INFO - Event wekatrace311_ecee504cf3f4290c08c5ab163a2cbbad9342:event_047_parent_turn_47 skipping — predecessor failed
2026-10-02 00:44:08,839 - inference_perf.datagen.replay.replay_graph_session_datagen - INFO - Event wekatrace311_ecee504cf3f4290c08c5ab163a2cbbad9342:event_048_parent_turn_48 skipping — predecessor failed
2026-10-02 00:44:08,839 - inference_perf.datagen.replay.replay_graph_session_datagen - INFO - Event wekatrace311_ecee504cf3f4290c08c5ab163a2cbbad9342:event_049_parent_turn_49 skipping — predecessor failed
2026-10-02 00:44:08,839 - inference_perf.datagen.replay.replay_graph_session_datagen - INFO - Event wekatrace311_ecee504cf3f4290c08c5ab163a2cbbad9342:event_050_parent_turn_50 skipping — predecessor failed
2026-10-02 00:44:08,840 - inference_perf.datagen.replay.replay_graph_session_datagen - INFO - Event wekatrace311_ecee504cf3f4290c08c5ab163a2cbbad9342:event_051_parent_turn_51 skipping — predecessor failed
2026-10-02 00:44:08,840 - inference_perf.datagen.replay.replay_graph_session_datagen - INFO - Event wekatrace311_ecee504cf3f4290c08c5ab163a2cbbad9342:event_052_parent_turn_52 skipping — predecessor failed
2026-10-02 00:44:08,840 - inference_perf.datagen.replay.replay_graph_session_datagen - INFO - Event wekatrace311_ecee504cf3f4290c08c5ab163a2cbbad9342:event_053_parent_turn_53 skipping — predecessor failed
2026-10-02 00:44:08,840 - inference_perf.datagen.replay.replay_graph_session_datagen - INFO - Event wekatrace311_ecee504cf3f4290c08c5ab163a2cbbad9342:event_054_parent_turn_54 skipping — predecessor failed
2026-10-02 00:44:08,840 - inference_perf.datagen.replay.replay_graph_session_datagen - INFO - Event wekatrace311_ecee504cf3f4290c08c5ab163a2cbbad9342:event_055_parent_turn_55 skipping — predecessor failed
2026-10-02 00:44:08,840 - inference_perf.datagen.replay.replay_graph_session_datagen - INFO - Event wekatrace311_ecee504cf3f4290c08c5ab163a2cbbad9342:event_056_parent_turn_56 skipping — predecessor failed
2026-10-02 00:44:08,840 - inference_perf.datagen.replay.replay_graph_session_datagen - INFO - Event wekatrace311_ecee504cf3f4290c08c5ab163a2cbbad9342:event_057_parent_turn_57 skipping — predecessor failed
2026-10-02 00:44:08,840 - inference_perf.datagen.replay.replay_graph_session_datagen - INFO - Event wekatrace311_ecee504cf3f4290c08c5ab163a2cbbad9342:event_058_parent_turn_58 skipping — predecessor failed
2026-10-02 00:44:08,840 - inference_perf.datagen.replay.replay_graph_session_datagen - INFO - Event wekatrace311_ecee504cf3f4290c08c5ab163a2cbbad9342:event_059_parent_turn_59 skipping — predecessor failed
2026-10-02 00:44:08,841 - inference_perf.datagen.replay.replay_graph_session_datagen - INFO - Event wekatrace311_ecee504cf3f4290c08c5ab163a2cbbad9342:event_060_parent_turn_60 skipping — predecessor failed
2026-10-02 00:44:08,841 - inference_perf.datagen.replay.replay_graph_session_datagen - INFO - Event wekatrace311_ecee504cf3f4290c08c5ab163a2cbbad9342:event_061_parent_turn_61 skipping — predecessor failed
2026-10-02 00:44:08,841 - inference_perf.datagen.replay.replay_graph_session_datagen - INFO - Event wekatrace311_ecee504cf3f4290c08c5ab163a2cbbad9342:event_062_parent_turn_62 skipping — predecessor failed
2026-10-02 00:44:08,841 - inference_perf.datagen.replay.replay_graph_session_datagen - INFO - Event wekatrace311_ecee504cf3f4290c08c5ab163a2cbbad9342:event_063_parent_turn_63 skipping — predecessor failed
2026-10-02 00:44:08,841 - inference_perf.datagen.replay.replay_graph_session_datagen - INFO - Event wekatrace311_ecee504cf3f4290c08c5ab163a2cbbad9342:event_064_parent_turn_64 skipping — predecessor failed
2026-10-02 00:44:08,841 - inference_perf.datagen.replay.replay_graph_session_datagen - INFO - Event wekatrace311_ecee504cf3f4290c08c5ab163a2cbbad9342:event_065_parent_turn_65 skipping — predecessor failed
2026-10-02 00:44:08,841 - inference_perf.datagen.replay.replay_graph_session_datagen - INFO - Event wekatrace311_ecee504cf3f4290c08c5ab163a2cbbad9342:event_066_parent_turn_66 skipping — predecessor failed
2026-10-02 00:44:08,841 - inference_perf.datagen.replay.replay_graph_session_datagen - INFO - Event wekatrace311_ecee504cf3f4290c08c5ab163a2cbbad9342:event_067_parent_turn_67 skipping — predecessor failed
2026-10-02 00:44:08,842 - inference_perf.datagen.replay.replay_graph_session_datagen - INFO - Event wekatrace311_ecee504cf3f4290c08c5ab163a2cbbad9342:event_068_parent_turn_68 skipping — predecessor failed
2026-10-02 00:44:08,842 - inference_perf.datagen.replay.replay_graph_session_datagen - INFO - Event wekatrace311_ecee504cf3f4290c08c5ab163a2cbbad9342:event_069_parent_turn_69 skipping — predecessor failed
2026-10-02 00:44:08,842 - inference_perf.datagen.replay.replay_graph_session_datagen - INFO - Event wekatrace311_ecee504cf3f4290c08c5ab163a2cbbad9342:event_070_parent_turn_70 skipping — predecessor failed
2026-10-02 00:44:08,842 - inference_perf.datagen.replay.replay_graph_session_datagen - INFO - Event wekatrace311_ecee504cf3f4290c08c5ab163a2cbbad9342:event_071_parent_turn_71 skipping — predecessor failed
2026-10-02 00:44:08,842 - inference_perf.datagen.replay.replay_graph_session_datagen - INFO - Event wekatrace311_ecee504cf3f4290c08c5ab163a2cbbad9342:event_072_parent_turn_72 skipping — predecessor failed
2026-10-02 00:44:08,842 - inference_perf.datagen.replay.replay_graph_session_datagen - INFO - Event wekatrace311_ecee504cf3f4290c08c5ab163a2cbbad9342:event_073_parent_turn_73 skipping — predecessor failed
2026-10-02 00:44:08,842 - inference_perf.datagen.replay.replay_graph_session_datagen - INFO - Event wekatrace311_ecee504cf3f4290c08c5ab163a2cbbad9342:event_074_parent_turn_74 skipping — predecessor failed
2026-10-02 00:44:08,843 - inference_perf.datagen.replay.replay_graph_session_datagen - INFO - Event wekatrace311_ecee504cf3f4290c08c5ab163a2cbbad9342:event_075_parent_turn_75 skipping — predecessor failed
2026-10-02 00:44:08,843 - inference_perf.datagen.replay.replay_graph_session_datagen - INFO - Event wekatrace311_ecee504cf3f4290c08c5ab163a2cbbad9342:event_076_parent_turn_76 skipping — predecessor failed
2026-10-02 00:44:08,843 - inference_perf.datagen.replay.replay_graph_session_datagen - INFO - Dispatching session wekatrace72_3eefc2fb6e4bdeebad369385b447811a1820: 106 events
2026-10-02 00:44:08,843 - inference_perf.datagen.replay.replay_graph_session_datagen - INFO - Event wekatrace311_ecee504cf3f4290c08c5ab163a2cbbad9342:event_077_parent_turn_77 skipping — predecessor failed
2026-10-02 00:44:08,843 - inference_perf.datagen.replay.replay_graph_session_datagen - INFO - Event wekatrace311_ecee504cf3f4290c08c5ab163a2cbbad9342:event_078_parent_turn_78 skipping — predecessor failed
2026-10-02 00:44:08,844 - inference_perf.datagen.replay.replay_graph_session_datagen - INFO - Event wekatrace311_ecee504cf3f4290c08c5ab163a2cbbad9342:event_079_parent_turn_79 skipping — predecessor failed
2026-10-02 00:44:08,844 - inference_perf.datagen.replay.replay_graph_session_datagen - INFO - Event wekatrace311_ecee504cf3f4290c08c5ab163a2cbbad9342:event_080_parent_turn_80 skipping — predecessor failed
2026-10-02 00:44:08,844 - inference_perf.datagen.replay.replay_graph_session_datagen - INFO - Event wekatrace311_ecee504cf3f4290c08c5ab163a2cbbad9342:event_081_parent_turn_81 skipping — predecessor failed
2026-10-02 00:44:08,844 - inference_perf.datagen.replay.replay_graph_session_datagen - INFO - Event wekatrace311_ecee504cf3f4290c08c5ab163a2cbbad9342:event_082_parent_turn_82 skipping — predecessor failed
2026-10-02 00:44:08,844 - inference_perf.datagen.replay.replay_graph_session_datagen - INFO - Event wekatrace311_ecee504cf3f4290c08c5ab163a2cbbad9342:event_083_parent_turn_83 skipping — predecessor failed
2026-10-02 00:44:08,844 - inference_perf.datagen.replay.replay_graph_session_datagen - INFO - Event wekatrace311_ecee504cf3f4290c08c5ab163a2cbbad9342:event_084_parent_turn_84 skipping — predecessor failed
2026-10-02 00:44:08,844 - inference_perf.datagen.replay.replay_graph_session_datagen - INFO - Event wekatrace311_ecee504cf3f4290c08c5ab163a2cbbad9342:event_085_parent_turn_85 skipping — predecessor failed
2026-10-02 00:44:08,845 - inference_perf.datagen.replay.replay_graph_session_datagen - INFO - Event wekatrace311_ecee504cf3f4290c08c5ab163a2cbbad9342:event_086_parent_turn_86 skipping — predecessor failed
2026-10-02 00:44:08,845 - inference_perf.datagen.replay.replay_graph_session_datagen - INFO - Event wekatrace311_ecee504cf3f4290c08c5ab163a2cbbad9342:event_087_parent_turn_87 skipping — predecessor failed
2026-10-02 00:44:08,845 - inference_perf.datagen.replay.replay_graph_session_datagen - INFO - Event wekatrace311_ecee504cf3f4290c08c5ab163a2cbbad9342:event_088_parent_turn_88 skipping — predecessor failed
2026-10-02 00:44:08,845 - inference_perf.datagen.replay.replay_graph_session_datagen - INFO - Event wekatrace311_ecee504cf3f4290c08c5ab163a2cbbad9342:event_089_parent_turn_89 skipping — predecessor failed
2026-10-02 00:44:08,845 - inference_perf.datagen.replay.replay_graph_session_datagen - INFO - Event wekatrace311_ecee504cf3f4290c08c5ab163a2cbbad9342:event_090_parent_turn_90 skipping — predecessor failed
2026-10-02 00:44:08,845 - inference_perf.datagen.replay.replay_graph_session_datagen - INFO - Event wekatrace311_ecee504cf3f4290c08c5ab163a2cbbad9342:event_091_parent_turn_91 skipping — predecessor failed
2026-10-02 00:44:08,845 - inference_perf.datagen.replay.replay_graph_session_datagen - INFO - Event wekatrace311_ecee504cf3f4290c08c5ab163a2cbbad9342:event_092_parent_turn_92 skipping — predecessor failed
2026-10-02 00:44:08,845 - inference_perf.datagen.replay.replay_graph_session_datagen - INFO - Event wekatrace311_ecee504cf3f4290c08c5ab163a2cbbad9342:event_093_parent_turn_93 skipping — predecessor failed
2026-10-02 00:44:08,845 - inference_perf.datagen.replay.replay_graph_session_datagen - INFO - Event wekatrace311_ecee504cf3f4290c08c5ab163a2cbbad9342:event_094_parent_turn_94 skipping — predecessor failed
2026-10-02 00:44:08,845 - inference_perf.datagen.replay.replay_graph_session_datagen - INFO - Event wekatrace311_ecee504cf3f4290c08c5ab163a2cbbad9342:event_095_parent_turn_95 skipping — predecessor failed
2026-10-02 00:44:08,845 - inference_perf.datagen.replay.replay_graph_session_datagen - INFO - Event wekatrace311_ecee504cf3f4290c08c5ab163a2cbbad9342:event_096_parent_turn_96 skipping — predecessor failed
2026-10-02 00:44:08,845 - inference_perf.datagen.replay.replay_graph_session_datagen - INFO - Event wekatrace311_ecee504cf3f4290c08c5ab163a2cbbad9342:event_097_parent_turn_97 skipping — predecessor failed
2026-10-02 00:44:08,846 - inference_perf.datagen.replay.replay_graph_session_datagen - INFO - Event wekatrace311_ecee504cf3f4290c08c5ab163a2cbbad9342:event_098_parent_turn_98 skipping — predecessor failed
2026-10-02 00:44:08,846 - inference_perf.datagen.replay.replay_graph_session_datagen - INFO - Event wekatrace311_ecee504cf3f4290c08c5ab163a2cbbad9342:event_099_parent_turn_99 skipping — predecessor failed
2026-10-02 00:44:08,846 - inference_perf.datagen.replay.replay_graph_session_datagen - INFO - Event wekatrace311_ecee504cf3f4290c08c5ab163a2cbbad9342:event_100_parent_turn_100 skipping — predecessor failed
2026-10-02 00:44:08,846 - inference_perf.datagen.replay.replay_graph_session_datagen - INFO - Event wekatrace311_ecee504cf3f4290c08c5ab163a2cbbad9342:event_101_parent_turn_101 skipping — predecessor failed
2026-10-02 00:44:08,846 - inference_perf.datagen.replay.replay_graph_session_datagen - INFO - Event wekatrace311_ecee504cf3f4290c08c5ab163a2cbbad9342:event_102_parent_turn_102 skipping — predecessor failed
2026-10-02 00:44:08,846 - inference_perf.datagen.replay.replay_graph_session_datagen - INFO - Event wekatrace311_ecee504cf3f4290c08c5ab163a2cbbad9342:event_103_parent_turn_103 skipping — predecessor failed
2026-10-02 00:44:08,846 - inference_perf.datagen.replay.replay_graph_session_datagen - INFO - Event wekatrace311_ecee504cf3f4290c08c5ab163a2cbbad9342:event_104_parent_turn_104 skipping — predecessor failed
2026-10-02 00:44:08,846 - inference_perf.datagen.replay.replay_graph_session_datagen - INFO - Event wekatrace311_ecee504cf3f4290c08c5ab163a2cbbad9342:event_105_parent_turn_105 skipping — predecessor failed
2026-10-02 00:44:08,846 - inference_perf.datagen.replay.replay_graph_session_datagen - INFO - Event wekatrace311_ecee504cf3f4290c08c5ab163a2cbbad9342:event_106_parent_turn_106 skipping — predecessor failed
2026-10-02 00:44:41,826 - inference_perf.datagen.replay.replay_graph_session_datagen - ERROR - Request failed for event wekatrace221_afd3f3a1ccdb67fcb1022499a9a507842fad:event_003_parent_turn_3: TimeoutError: 
2026-10-02 00:44:41,828 - inference_perf.datagen.replay.replay_graph_session_datagen - INFO - Session wekatrace221_afd3f3a1ccdb67fcb1022499a9a507842fad failure notification sent to main process (cancelled_events=28)
2026-10-02 00:44:41,828 - inference_perf.client.modelserver.openai_client - ERROR - 
Traceback (most recent call last):
  File "/workspace/.venv/lib/python3.12/site-packages/aiohttp/streams.py", line 365, in _wait
    await waiter
asyncio.exceptions.CancelledError

The above exception was the direct cause of the following exception:

Traceback (most recent call last):
  File "/workspace/inference_perf/apis/streaming_parser.py", line 84, in parse_sse_stream
    async for chunk in response.content.iter_any():
  File "/workspace/.venv/lib/python3.12/site-packages/aiohttp/streams.py", line 46, in __anext__
    rv = await self.read_func()
         ^^^^^^^^^^^^^^^^^^^^^^
  File "/workspace/.venv/lib/python3.12/site-packages/aiohttp/streams.py", line 460, in readany
    await self._wait("readany")
  File "/workspace/.venv/lib/python3.12/site-packages/aiohttp/streams.py", line 364, in _wait
    with self._timer:
         ^^^^^^^^^^^
  File "/workspace/.venv/lib/python3.12/site-packages/aiohttp/helpers.py", line 759, in __exit__
    raise asyncio.TimeoutError from exc_val
TimeoutError

The above exception was the direct cause of the following exception:

Traceback (most recent call last):
  File "/workspace/inference_perf/client/modelserver/openai_client.py", line 557, in process_request
    info = await data.process_response(
           ^^^^^^^^^^^^^^^^^^^^^^^^^^^^
  File "/workspace/inference_perf/datagen/replay/replay_graph_session_datagen.py", line 1039, in process_response
    text_content, chunk_times, raw_content, response_chunks, server_usage = await parse_sse_stream(
                                                                            ^^^^^^^^^^^^^^^^^^^^^^^
  File "/workspace/inference_perf/apis/streaming_parser.py", line 119, in parse_sse_stream
    raise StreamInterruptedError(e, raw_content.decode("utf-8", errors="ignore")) from e
inference_perf.apis.streaming_parser.StreamInterruptedError
2026-10-02 00:44:41,833 - inference_perf.datagen.replay.replay_graph_session_datagen - INFO - Event wekatrace221_afd3f3a1ccdb67fcb1022499a9a507842fad:event_004_parent_turn_4 skipping — predecessor failed
2026-10-02 00:44:41,833 - inference_perf.datagen.replay.replay_graph_session_datagen - INFO - Event wekatrace221_afd3f3a1ccdb67fcb1022499a9a507842fad:event_005_parent_turn_5 skipping — predecessor failed
2026-10-02 00:44:41,834 - inference_perf.datagen.replay.replay_graph_session_datagen - INFO - Event wekatrace221_afd3f3a1ccdb67fcb1022499a9a507842fad:event_006_parent_turn_6 skipping — predecessor failed
2026-10-02 00:44:41,834 - inference_perf.datagen.replay.replay_graph_session_datagen - INFO - Event wekatrace221_afd3f3a1ccdb67fcb1022499a9a507842fad:event_007_parent_turn_7 skipping — predecessor failed
2026-10-02 00:44:41,834 - inference_perf.datagen.replay.replay_graph_session_datagen - INFO - Event wekatrace221_afd3f3a1ccdb67fcb1022499a9a507842fad:event_008_parent_turn_8 skipping — predecessor failed
2026-10-02 00:44:41,834 - inference_perf.datagen.replay.replay_graph_session_datagen - INFO - Event wekatrace221_afd3f3a1ccdb67fcb1022499a9a507842fad:event_009_parent_turn_9 skipping — predecessor failed
2026-10-02 00:44:41,834 - inference_perf.datagen.replay.replay_graph_session_datagen - INFO - Event wekatrace221_afd3f3a1ccdb67fcb1022499a9a507842fad:event_010_parent_turn_10 skipping — predecessor failed
2026-10-02 00:44:41,834 - inference_perf.datagen.replay.replay_graph_session_datagen - INFO - Event wekatrace221_afd3f3a1ccdb67fcb1022499a9a507842fad:event_011_parent_turn_11 skipping — predecessor failed
2026-10-02 00:44:41,834 - inference_perf.datagen.replay.replay_graph_session_datagen - INFO - Event wekatrace221_afd3f3a1ccdb67fcb1022499a9a507842fad:event_012_parent_turn_12 skipping — predecessor failed
2026-10-02 00:44:41,835 - inference_perf.datagen.replay.replay_graph_session_datagen - INFO - Event wekatrace221_afd3f3a1ccdb67fcb1022499a9a507842fad:event_013_parent_turn_13 skipping — predecessor failed
2026-10-02 00:44:41,835 - inference_perf.datagen.replay.replay_graph_session_datagen - INFO - Event wekatrace221_afd3f3a1ccdb67fcb1022499a9a507842fad:event_014_parent_turn_14 skipping — predecessor failed
2026-10-02 00:44:41,835 - inference_perf.datagen.replay.replay_graph_session_datagen - INFO - Event wekatrace221_afd3f3a1ccdb67fcb1022499a9a507842fad:event_015_parent_turn_15 skipping — predecessor failed
2026-10-02 00:44:41,835 - inference_perf.datagen.replay.replay_graph_session_datagen - INFO - Event wekatrace221_afd3f3a1ccdb67fcb1022499a9a507842fad:event_016_parent_turn_16 skipping — predecessor failed
2026-10-02 00:44:41,835 - inference_perf.datagen.replay.replay_graph_session_datagen - INFO - Event wekatrace221_afd3f3a1ccdb67fcb1022499a9a507842fad:event_017_parent_turn_17 skipping — predecessor failed
2026-10-02 00:44:41,835 - inference_perf.datagen.replay.replay_graph_session_datagen - INFO - Event wekatrace221_afd3f3a1ccdb67fcb1022499a9a507842fad:event_018_parent_turn_18 skipping — predecessor failed
2026-10-02 00:44:41,835 - inference_perf.datagen.replay.replay_graph_session_datagen - INFO - Event wekatrace221_afd3f3a1ccdb67fcb1022499a9a507842fad:event_019_parent_turn_19 skipping — predecessor failed
2026-10-02 00:44:41,835 - inference_perf.datagen.replay.replay_graph_session_datagen - INFO - Event wekatrace221_afd3f3a1ccdb67fcb1022499a9a507842fad:event_020_parent_turn_20 skipping — predecessor failed
2026-10-02 00:44:41,835 - inference_perf.datagen.replay.replay_graph_session_datagen - INFO - Event wekatrace221_afd3f3a1ccdb67fcb1022499a9a507842fad:event_021_parent_turn_21 skipping — predecessor failed
2026-10-02 00:44:41,836 - inference_perf.datagen.replay.replay_graph_session_datagen - INFO - Event wekatrace221_afd3f3a1ccdb67fcb1022499a9a507842fad:event_022_parent_turn_22 skipping — predecessor failed
2026-10-02 00:44:41,836 - inference_perf.datagen.replay.replay_graph_session_datagen - INFO - Event wekatrace221_afd3f3a1ccdb67fcb1022499a9a507842fad:event_023_parent_turn_23 skipping — predecessor failed
2026-10-02 00:44:41,836 - inference_perf.datagen.replay.replay_graph_session_datagen - INFO - Event wekatrace221_afd3f3a1ccdb67fcb1022499a9a507842fad:event_024_parent_turn_24 skipping — predecessor failed
2026-10-02 00:44:41,836 - inference_perf.datagen.replay.replay_graph_session_datagen - INFO - Event wekatrace221_afd3f3a1ccdb67fcb1022499a9a507842fad:event_025_parent_turn_25 skipping — predecessor failed
2026-10-02 00:44:41,837 - inference_perf.datagen.replay.replay_graph_session_datagen - INFO - Event wekatrace221_afd3f3a1ccdb67fcb1022499a9a507842fad:event_026_parent_turn_26 skipping — predecessor failed
2026-10-02 00:44:41,837 - inference_perf.datagen.replay.replay_graph_session_datagen - INFO - Event wekatrace221_afd3f3a1ccdb67fcb1022499a9a507842fad:event_027_parent_turn_27 skipping — predecessor failed
2026-10-02 00:44:41,837 - inference_perf.datagen.replay.replay_graph_session_datagen - INFO - Event wekatrace221_afd3f3a1ccdb67fcb1022499a9a507842fad:event_028_parent_turn_28 skipping — predecessor failed
2026-10-02 00:44:41,837 - inference_perf.datagen.replay.replay_graph_session_datagen - INFO - Event wekatrace221_afd3f3a1ccdb67fcb1022499a9a507842fad:event_029_parent_turn_29 skipping — predecessor failed
2026-10-02 00:44:41,837 - inference_perf.datagen.replay.replay_graph_session_datagen - INFO - Event wekatrace221_afd3f3a1ccdb67fcb1022499a9a507842fad:event_030_parent_turn_30 skipping — predecessor failed
2026-10-02 00:44:41,837 - inference_perf.datagen.replay.replay_graph_session_datagen - INFO - Event wekatrace221_afd3f3a1ccdb67fcb1022499a9a507842fad:event_031_parent_turn_31 skipping — predecessor failed
2026-10-02 00:44:41,840 - inference_perf.datagen.replay.replay_graph_session_datagen - INFO - Dispatching session wekatrace313_eed87953f930a90bd7970475ec32f01afe0a: 23 events
2026-10-02 00:45:21,826 - inference_perf.datagen.replay.replay_graph_session_datagen - ERROR - Request failed for event wekatrace214_acbce458d2237f6e569c5e7bd386d226f466:event_003_parent_turn_3: TimeoutError: 
2026-10-02 00:45:21,828 - inference_perf.datagen.replay.replay_graph_session_datagen - INFO - Session wekatrace214_acbce458d2237f6e569c5e7bd386d226f466 failure notification sent to main process (cancelled_events=49)
2026-10-02 00:45:21,828 - inference_perf.client.modelserver.openai_client - ERROR - 
Traceback (most recent call last):
  File "/workspace/.venv/lib/python3.12/site-packages/aiohttp/streams.py", line 365, in _wait
    await waiter
asyncio.exceptions.CancelledError

The above exception was the direct cause of the following exception:

Traceback (most recent call last):
  File "/workspace/inference_perf/apis/streaming_parser.py", line 84, in parse_sse_stream
    async for chunk in response.content.iter_any():
  File "/workspace/.venv/lib/python3.12/site-packages/aiohttp/streams.py", line 46, in __anext__
    rv = await self.read_func()
         ^^^^^^^^^^^^^^^^^^^^^^
  File "/workspace/.venv/lib/python3.12/site-packages/aiohttp/streams.py", line 460, in readany
    await self._wait("readany")
  File "/workspace/.venv/lib/python3.12/site-packages/aiohttp/streams.py", line 364, in _wait
    with self._timer:
         ^^^^^^^^^^^
  File "/workspace/.venv/lib/python3.12/site-packages/aiohttp/helpers.py", line 759, in __exit__
    raise asyncio.TimeoutError from exc_val
TimeoutError

The above exception was the direct cause of the following exception:

Traceback (most recent call last):
  File "/workspace/inference_perf/client/modelserver/openai_client.py", line 557, in process_request
    info = await data.process_response(
           ^^^^^^^^^^^^^^^^^^^^^^^^^^^^
  File "/workspace/inference_perf/datagen/replay/replay_graph_session_datagen.py", line 1039, in process_response
    text_content, chunk_times, raw_content, response_chunks, server_usage = await parse_sse_stream(
                                                                            ^^^^^^^^^^^^^^^^^^^^^^^
  File "/workspace/inference_perf/apis/streaming_parser.py", line 119, in parse_sse_stream
    raise StreamInterruptedError(e, raw_content.decode("utf-8", errors="ignore")) from e
inference_perf.apis.streaming_parser.StreamInterruptedError
2026-10-02 00:45:21,833 - inference_perf.datagen.replay.replay_graph_session_datagen - INFO - Dispatching session wekatrace304_e68419cc646966c3be35ebb082d0abe36ae6: 116 events
2026-10-02 00:45:21,833 - inference_perf.datagen.replay.replay_graph_session_datagen - INFO - Event wekatrace214_acbce458d2237f6e569c5e7bd386d226f466:event_004_parent_turn_4 skipping — predecessor failed
2026-10-02 00:45:21,834 - inference_perf.datagen.replay.replay_graph_session_datagen - INFO - Event wekatrace214_acbce458d2237f6e569c5e7bd386d226f466:event_005_parent_turn_5 skipping — predecessor failed
2026-10-02 00:45:21,834 - inference_perf.datagen.replay.replay_graph_session_datagen - INFO - Event wekatrace214_acbce458d2237f6e569c5e7bd386d226f466:event_006_parent_turn_6 skipping — predecessor failed
2026-10-02 00:45:21,834 - inference_perf.datagen.replay.replay_graph_session_datagen - INFO - Event wekatrace214_acbce458d2237f6e569c5e7bd386d226f466:event_007_parent_turn_7 skipping — predecessor failed
2026-10-02 00:45:21,834 - inference_perf.datagen.replay.replay_graph_session_datagen - INFO - Event wekatrace214_acbce458d2237f6e569c5e7bd386d226f466:event_008_parent_turn_8 skipping — predecessor failed
2026-10-02 00:45:21,835 - inference_perf.datagen.replay.replay_graph_session_datagen - INFO - Event wekatrace214_acbce458d2237f6e569c5e7bd386d226f466:event_009_parent_turn_9 skipping — predecessor failed
2026-10-02 00:45:21,835 - inference_perf.datagen.replay.replay_graph_session_datagen - INFO - Event wekatrace214_acbce458d2237f6e569c5e7bd386d226f466:event_010_parent_turn_10 skipping — predecessor failed
2026-10-02 00:45:21,835 - inference_perf.datagen.replay.replay_graph_session_datagen - INFO - Event wekatrace214_acbce458d2237f6e569c5e7bd386d226f466:event_011_parent_turn_11 skipping — predecessor failed
2026-10-02 00:45:21,835 - inference_perf.datagen.replay.replay_graph_session_datagen - INFO - Event wekatrace214_acbce458d2237f6e569c5e7bd386d226f466:event_012_parent_turn_12 skipping — predecessor failed
2026-10-02 00:45:21,835 - inference_perf.datagen.replay.replay_graph_session_datagen - INFO - Event wekatrace214_acbce458d2237f6e569c5e7bd386d226f466:event_013_parent_turn_13 skipping — predecessor failed
2026-10-02 00:45:21,835 - inference_perf.datagen.replay.replay_graph_session_datagen - INFO - Event wekatrace214_acbce458d2237f6e569c5e7bd386d226f466:event_014_parent_turn_14 skipping — predecessor failed
2026-10-02 00:45:21,835 - inference_perf.datagen.replay.replay_graph_session_datagen - INFO - Event wekatrace214_acbce458d2237f6e569c5e7bd386d226f466:event_015_parent_turn_15 skipping — predecessor failed
2026-10-02 00:45:21,836 - inference_perf.datagen.replay.replay_graph_session_datagen - INFO - Event wekatrace214_acbce458d2237f6e569c5e7bd386d226f466:event_016_parent_turn_16 skipping — predecessor failed
2026-10-02 00:45:21,836 - inference_perf.datagen.replay.replay_graph_session_datagen - INFO - Event wekatrace214_acbce458d2237f6e569c5e7bd386d226f466:event_017_parent_turn_17 skipping — predecessor failed
2026-10-02 00:45:21,836 - inference_perf.datagen.replay.replay_graph_session_datagen - INFO - Event wekatrace214_acbce458d2237f6e569c5e7bd386d226f466:event_018_parent_turn_18 skipping — predecessor failed
2026-10-02 00:45:21,836 - inference_perf.datagen.replay.replay_graph_session_datagen - INFO - Event wekatrace214_acbce458d2237f6e569c5e7bd386d226f466:event_019_parent_turn_19 skipping — predecessor failed
2026-10-02 00:45:21,837 - inference_perf.datagen.replay.replay_graph_session_datagen - INFO - Event wekatrace214_acbce458d2237f6e569c5e7bd386d226f466:event_020_parent_turn_20 skipping — predecessor failed
2026-10-02 00:45:21,837 - inference_perf.datagen.replay.replay_graph_session_datagen - INFO - Event wekatrace214_acbce458d2237f6e569c5e7bd386d226f466:event_021_parent_turn_21 skipping — predecessor failed
2026-10-02 00:45:21,837 - inference_perf.datagen.replay.replay_graph_session_datagen - INFO - Event wekatrace214_acbce458d2237f6e569c5e7bd386d226f466:event_022_parent_turn_22 skipping — predecessor failed
2026-10-02 00:45:21,837 - inference_perf.datagen.replay.replay_graph_session_datagen - INFO - Event wekatrace214_acbce458d2237f6e569c5e7bd386d226f466:event_023_parent_turn_23 skipping — predecessor failed
2026-10-02 00:45:21,837 - inference_perf.datagen.replay.replay_graph_session_datagen - INFO - Event wekatrace214_acbce458d2237f6e569c5e7bd386d226f466:event_024_parent_turn_24 skipping — predecessor failed
2026-10-02 00:45:21,837 - inference_perf.datagen.replay.replay_graph_session_datagen - INFO - Event wekatrace214_acbce458d2237f6e569c5e7bd386d226f466:event_025_parent_turn_25 skipping — predecessor failed
2026-10-02 00:45:21,837 - inference_perf.datagen.replay.replay_graph_session_datagen - INFO - Event wekatrace214_acbce458d2237f6e569c5e7bd386d226f466:event_026_parent_turn_26 skipping — predecessor failed
2026-10-02 00:45:21,837 - inference_perf.datagen.replay.replay_graph_session_datagen - INFO - Event wekatrace214_acbce458d2237f6e569c5e7bd386d226f466:event_027_parent_turn_27 skipping — predecessor failed
2026-10-02 00:45:21,837 - inference_perf.datagen.replay.replay_graph_session_datagen - INFO - Event wekatrace214_acbce458d2237f6e569c5e7bd386d226f466:event_028_parent_turn_28 skipping — predecessor failed
2026-10-02 00:45:21,838 - inference_perf.datagen.replay.replay_graph_session_datagen - INFO - Event wekatrace214_acbce458d2237f6e569c5e7bd386d226f466:event_029_parent_turn_29 skipping — predecessor failed
2026-10-02 00:45:21,838 - inference_perf.datagen.replay.replay_graph_session_datagen - INFO - Event wekatrace214_acbce458d2237f6e569c5e7bd386d226f466:event_030_parent_turn_30 skipping — predecessor failed
2026-10-02 00:45:21,838 - inference_perf.datagen.replay.replay_graph_session_datagen - INFO - Event wekatrace214_acbce458d2237f6e569c5e7bd386d226f466:event_031_parent_turn_31 skipping — predecessor failed
2026-10-02 00:45:21,838 - inference_perf.datagen.replay.replay_graph_session_datagen - INFO - Event wekatrace214_acbce458d2237f6e569c5e7bd386d226f466:event_032_parent_turn_32 skipping — predecessor failed
2026-10-02 00:45:21,838 - inference_perf.datagen.replay.replay_graph_session_datagen - INFO - Event wekatrace214_acbce458d2237f6e569c5e7bd386d226f466:event_033_parent_turn_33 skipping — predecessor failed
2026-10-02 00:45:21,838 - inference_perf.datagen.replay.replay_graph_session_datagen - INFO - Event wekatrace214_acbce458d2237f6e569c5e7bd386d226f466:event_034_parent_turn_34 skipping — predecessor failed
2026-10-02 00:45:21,838 - inference_perf.datagen.replay.replay_graph_session_datagen - INFO - Event wekatrace214_acbce458d2237f6e569c5e7bd386d226f466:event_035_parent_turn_35 skipping — predecessor failed
2026-10-02 00:45:21,838 - inference_perf.datagen.replay.replay_graph_session_datagen - INFO - Event wekatrace214_acbce458d2237f6e569c5e7bd386d226f466:event_036_parent_turn_36 skipping — predecessor failed
2026-10-02 00:45:21,838 - inference_perf.datagen.replay.replay_graph_session_datagen - INFO - Event wekatrace214_acbce458d2237f6e569c5e7bd386d226f466:event_037_parent_turn_37 skipping — predecessor failed
2026-10-02 00:45:21,838 - inference_perf.datagen.replay.replay_graph_session_datagen - INFO - Event wekatrace214_acbce458d2237f6e569c5e7bd386d226f466:event_038_parent_turn_38 skipping — predecessor failed
2026-10-02 00:45:21,838 - inference_perf.datagen.replay.replay_graph_session_datagen - INFO - Event wekatrace214_acbce458d2237f6e569c5e7bd386d226f466:event_039_parent_turn_39 skipping — predecessor failed
2026-10-02 00:45:21,839 - inference_perf.datagen.replay.replay_graph_session_datagen - INFO - Event wekatrace214_acbce458d2237f6e569c5e7bd386d226f466:event_040_parent_turn_40 skipping — predecessor failed
2026-10-02 00:45:21,839 - inference_perf.datagen.replay.replay_graph_session_datagen - INFO - Event wekatrace214_acbce458d2237f6e569c5e7bd386d226f466:event_041_parent_turn_41 skipping — predecessor failed
2026-10-02 00:45:21,839 - inference_perf.datagen.replay.replay_graph_session_datagen - INFO - Event wekatrace214_acbce458d2237f6e569c5e7bd386d226f466:event_042_parent_turn_42 skipping — predecessor failed
2026-10-02 00:45:21,839 - inference_perf.datagen.replay.replay_graph_session_datagen - INFO - Event wekatrace214_acbce458d2237f6e569c5e7bd386d226f466:event_043_parent_turn_43 skipping — predecessor failed
2026-10-02 00:45:21,839 - inference_perf.datagen.replay.replay_graph_session_datagen - INFO - Event wekatrace214_acbce458d2237f6e569c5e7bd386d226f466:event_044_parent_turn_44 skipping — predecessor failed
2026-10-02 00:45:21,839 - inference_perf.datagen.replay.replay_graph_session_datagen - INFO - Event wekatrace214_acbce458d2237f6e569c5e7bd386d226f466:event_045_parent_turn_45 skipping — predecessor failed
2026-10-02 00:45:21,839 - inference_perf.datagen.replay.replay_graph_session_datagen - INFO - Event wekatrace214_acbce458d2237f6e569c5e7bd386d226f466:event_046_parent_turn_46 skipping — predecessor failed
2026-10-02 00:45:21,840 - inference_perf.datagen.replay.replay_graph_session_datagen - INFO - Event wekatrace214_acbce458d2237f6e569c5e7bd386d226f466:event_047_parent_turn_47 skipping — predecessor failed
2026-10-02 00:45:21,840 - inference_perf.datagen.replay.replay_graph_session_datagen - INFO - Event wekatrace214_acbce458d2237f6e569c5e7bd386d226f466:event_048_parent_turn_48 skipping — predecessor failed
2026-10-02 00:45:21,840 - inference_perf.datagen.replay.replay_graph_session_datagen - INFO - Event wekatrace214_acbce458d2237f6e569c5e7bd386d226f466:event_049_parent_turn_49 skipping — predecessor failed
2026-10-02 00:45:21,840 - inference_perf.datagen.replay.replay_graph_session_datagen - INFO - Event wekatrace214_acbce458d2237f6e569c5e7bd386d226f466:event_050_parent_turn_50 skipping — predecessor failed
2026-10-02 00:45:21,840 - inference_perf.datagen.replay.replay_graph_session_datagen - INFO - Event wekatrace214_acbce458d2237f6e569c5e7bd386d226f466:event_051_parent_turn_51 skipping — predecessor failed
2026-10-02 00:45:21,840 - inference_perf.datagen.replay.replay_graph_session_datagen - INFO - Event wekatrace214_acbce458d2237f6e569c5e7bd386d226f466:event_052_parent_turn_52 skipping — predecessor failed
2026-10-02 00:46:01,826 - inference_perf.datagen.replay.replay_graph_session_datagen - ERROR - Request failed for event wekatrace329_f778fed7b3253560bde80305144b6e81a7ee:event_003_parent_turn_3: TimeoutError: 
2026-10-02 00:46:01,826 - inference_perf.datagen.replay.replay_graph_session_datagen - INFO - Session wekatrace329_f778fed7b3253560bde80305144b6e81a7ee failure notification sent to main process (cancelled_events=17)
2026-10-02 00:46:01,826 - inference_perf.client.modelserver.openai_client - ERROR - 
Traceback (most recent call last):
  File "/workspace/.venv/lib/python3.12/site-packages/aiohttp/streams.py", line 365, in _wait
    await waiter
asyncio.exceptions.CancelledError

The above exception was the direct cause of the following exception:

Traceback (most recent call last):
  File "/workspace/inference_perf/apis/streaming_parser.py", line 84, in parse_sse_stream
    async for chunk in response.content.iter_any():
  File "/workspace/.venv/lib/python3.12/site-packages/aiohttp/streams.py", line 46, in __anext__
    rv = await self.read_func()
         ^^^^^^^^^^^^^^^^^^^^^^
  File "/workspace/.venv/lib/python3.12/site-packages/aiohttp/streams.py", line 460, in readany
    await self._wait("readany")
  File "/workspace/.venv/lib/python3.12/site-packages/aiohttp/streams.py", line 364, in _wait
    with self._timer:
         ^^^^^^^^^^^
  File "/workspace/.venv/lib/python3.12/site-packages/aiohttp/helpers.py", line 759, in __exit__
    raise asyncio.TimeoutError from exc_val
TimeoutError

The above exception was the direct cause of the following exception:

Traceback (most recent call last):
  File "/workspace/inference_perf/client/modelserver/openai_client.py", line 557, in process_request
    info = await data.process_response(
           ^^^^^^^^^^^^^^^^^^^^^^^^^^^^
  File "/workspace/inference_perf/datagen/replay/replay_graph_session_datagen.py", line 1039, in process_response
    text_content, chunk_times, raw_content, response_chunks, server_usage = await parse_sse_stream(
                                                                            ^^^^^^^^^^^^^^^^^^^^^^^
  File "/workspace/inference_perf/apis/streaming_parser.py", line 119, in parse_sse_stream
    raise StreamInterruptedError(e, raw_content.decode("utf-8", errors="ignore")) from e
inference_perf.apis.streaming_parser.StreamInterruptedError
2026-10-02 00:46:01,828 - inference_perf.datagen.replay.replay_graph_session_datagen - INFO - Event wekatrace329_f778fed7b3253560bde80305144b6e81a7ee:event_004_parent_turn_4 skipping — predecessor failed
2026-10-02 00:46:01,829 - inference_perf.datagen.replay.replay_graph_session_datagen - INFO - Event wekatrace329_f778fed7b3253560bde80305144b6e81a7ee:event_005_parent_turn_5 skipping — predecessor failed
2026-10-02 00:46:01,829 - inference_perf.datagen.replay.replay_graph_session_datagen - INFO - Event wekatrace329_f778fed7b3253560bde80305144b6e81a7ee:event_006_parent_turn_6 skipping — predecessor failed
2026-10-02 00:46:01,829 - inference_perf.datagen.replay.replay_graph_session_datagen - INFO - Event wekatrace329_f778fed7b3253560bde80305144b6e81a7ee:event_007_parent_turn_7 skipping — predecessor failed
2026-10-02 00:46:01,829 - inference_perf.datagen.replay.replay_graph_session_datagen - INFO - Event wekatrace329_f778fed7b3253560bde80305144b6e81a7ee:event_008_parent_turn_8 skipping — predecessor failed
2026-10-02 00:46:01,829 - inference_perf.datagen.replay.replay_graph_session_datagen - INFO - Event wekatrace329_f778fed7b3253560bde80305144b6e81a7ee:event_009_parent_turn_9 skipping — predecessor failed
2026-10-02 00:46:01,829 - inference_perf.datagen.replay.replay_graph_session_datagen - INFO - Event wekatrace329_f778fed7b3253560bde80305144b6e81a7ee:event_010_parent_turn_10 skipping — predecessor failed
2026-10-02 00:46:01,829 - inference_perf.datagen.replay.replay_graph_session_datagen - INFO - Event wekatrace329_f778fed7b3253560bde80305144b6e81a7ee:event_011_parent_turn_11 skipping — predecessor failed
2026-10-02 00:46:01,829 - inference_perf.datagen.replay.replay_graph_session_datagen - INFO - Event wekatrace329_f778fed7b3253560bde80305144b6e81a7ee:event_012_parent_turn_12 skipping — predecessor failed
2026-10-02 00:46:01,830 - inference_perf.datagen.replay.replay_graph_session_datagen - INFO - Event wekatrace329_f778fed7b3253560bde80305144b6e81a7ee:event_013_parent_turn_13 skipping — predecessor failed
2026-10-02 00:46:01,830 - inference_perf.datagen.replay.replay_graph_session_datagen - INFO - Event wekatrace329_f778fed7b3253560bde80305144b6e81a7ee:event_014_parent_turn_14 skipping — predecessor failed
2026-10-02 00:46:01,830 - inference_perf.datagen.replay.replay_graph_session_datagen - INFO - Event wekatrace329_f778fed7b3253560bde80305144b6e81a7ee:event_015_parent_turn_15 skipping — predecessor failed
2026-10-02 00:46:01,830 - inference_perf.datagen.replay.replay_graph_session_datagen - INFO - Event wekatrace329_f778fed7b3253560bde80305144b6e81a7ee:event_016_parent_turn_16 skipping — predecessor failed
2026-10-02 00:46:01,830 - inference_perf.datagen.replay.replay_graph_session_datagen - INFO - Event wekatrace329_f778fed7b3253560bde80305144b6e81a7ee:event_017_parent_turn_17 skipping — predecessor failed
2026-10-02 00:46:01,830 - inference_perf.datagen.replay.replay_graph_session_datagen - INFO - Event wekatrace329_f778fed7b3253560bde80305144b6e81a7ee:event_018_parent_turn_18 skipping — predecessor failed
2026-10-02 00:46:01,830 - inference_perf.datagen.replay.replay_graph_session_datagen - INFO - Event wekatrace329_f778fed7b3253560bde80305144b6e81a7ee:event_019_parent_turn_19 skipping — predecessor failed
2026-10-02 00:46:01,830 - inference_perf.datagen.replay.replay_graph_session_datagen - INFO - Event wekatrace329_f778fed7b3253560bde80305144b6e81a7ee:event_020_parent_turn_20 skipping — predecessor failed
2026-10-02 00:46:01,839 - inference_perf.datagen.replay.replay_graph_session_datagen - INFO - Dispatching session wekatrace167_900d9257ccf827cbcc1fdc136531935772fe: 156 events
2026-10-02 00:46:17,826 - inference_perf.datagen.replay.replay_graph_session_datagen - ERROR - Request failed for event wekatrace220_af60ae862f19d091b7d8a3e5fa8b570abe2a:event_004_parent_turn_4: TimeoutError: 
2026-10-02 00:46:17,828 - inference_perf.datagen.replay.replay_graph_session_datagen - INFO - Session wekatrace220_af60ae862f19d091b7d8a3e5fa8b570abe2a failure notification sent to main process (cancelled_events=64)
2026-10-02 00:46:17,828 - inference_perf.client.modelserver.openai_client - ERROR - 
Traceback (most recent call last):
  File "/workspace/.venv/lib/python3.12/site-packages/aiohttp/streams.py", line 365, in _wait
    await waiter
asyncio.exceptions.CancelledError

The above exception was the direct cause of the following exception:

Traceback (most recent call last):
  File "/workspace/inference_perf/apis/streaming_parser.py", line 84, in parse_sse_stream
    async for chunk in response.content.iter_any():
  File "/workspace/.venv/lib/python3.12/site-packages/aiohttp/streams.py", line 46, in __anext__
    rv = await self.read_func()
         ^^^^^^^^^^^^^^^^^^^^^^
  File "/workspace/.venv/lib/python3.12/site-packages/aiohttp/streams.py", line 460, in readany
    await self._wait("readany")
  File "/workspace/.venv/lib/python3.12/site-packages/aiohttp/streams.py", line 364, in _wait
    with self._timer:
         ^^^^^^^^^^^
  File "/workspace/.venv/lib/python3.12/site-packages/aiohttp/helpers.py", line 759, in __exit__
    raise asyncio.TimeoutError from exc_val
TimeoutError

The above exception was the direct cause of the following exception:

Traceback (most recent call last):
  File "/workspace/inference_perf/client/modelserver/openai_client.py", line 557, in process_request
    info = await data.process_response(
           ^^^^^^^^^^^^^^^^^^^^^^^^^^^^
  File "/workspace/inference_perf/datagen/replay/replay_graph_session_datagen.py", line 1039, in process_response
    text_content, chunk_times, raw_content, response_chunks, server_usage = await parse_sse_stream(
                                                                            ^^^^^^^^^^^^^^^^^^^^^^^
  File "/workspace/inference_perf/apis/streaming_parser.py", line 119, in parse_sse_stream
    raise StreamInterruptedError(e, raw_content.decode("utf-8", errors="ignore")) from e
inference_perf.apis.streaming_parser.StreamInterruptedError
2026-10-02 00:46:17,834 - inference_perf.datagen.replay.replay_graph_session_datagen - INFO - Event wekatrace220_af60ae862f19d091b7d8a3e5fa8b570abe2a:event_005_parent_turn_5 skipping — predecessor failed
2026-10-02 00:46:17,834 - inference_perf.datagen.replay.replay_graph_session_datagen - INFO - Event wekatrace220_af60ae862f19d091b7d8a3e5fa8b570abe2a:event_006_parent_turn_6 skipping — predecessor failed
2026-10-02 00:46:17,834 - inference_perf.datagen.replay.replay_graph_session_datagen - INFO - Event wekatrace220_af60ae862f19d091b7d8a3e5fa8b570abe2a:event_007_parent_turn_7 skipping — predecessor failed
2026-10-02 00:46:17,834 - inference_perf.datagen.replay.replay_graph_session_datagen - INFO - Event wekatrace220_af60ae862f19d091b7d8a3e5fa8b570abe2a:event_008_parent_turn_8 skipping — predecessor failed
2026-10-02 00:46:17,834 - inference_perf.datagen.replay.replay_graph_session_datagen - INFO - Event wekatrace220_af60ae862f19d091b7d8a3e5fa8b570abe2a:event_009_parent_turn_9 skipping — predecessor failed
2026-10-02 00:46:17,834 - inference_perf.datagen.replay.replay_graph_session_datagen - INFO - Event wekatrace220_af60ae862f19d091b7d8a3e5fa8b570abe2a:event_010_parent_turn_10 skipping — predecessor failed
2026-10-02 00:46:17,834 - inference_perf.datagen.replay.replay_graph_session_datagen - INFO - Event wekatrace220_af60ae862f19d091b7d8a3e5fa8b570abe2a:event_011_parent_turn_11 skipping — predecessor failed
2026-10-02 00:46:17,835 - inference_perf.datagen.replay.replay_graph_session_datagen - INFO - Event wekatrace220_af60ae862f19d091b7d8a3e5fa8b570abe2a:event_012_parent_turn_12 skipping — predecessor failed
2026-10-02 00:46:17,835 - inference_perf.datagen.replay.replay_graph_session_datagen - INFO - Event wekatrace220_af60ae862f19d091b7d8a3e5fa8b570abe2a:event_013_parent_turn_13 skipping — predecessor failed
2026-10-02 00:46:17,835 - inference_perf.datagen.replay.replay_graph_session_datagen - INFO - Event wekatrace220_af60ae862f19d091b7d8a3e5fa8b570abe2a:event_014_parent_turn_14 skipping — predecessor failed
2026-10-02 00:46:17,835 - inference_perf.datagen.replay.replay_graph_session_datagen - INFO - Event wekatrace220_af60ae862f19d091b7d8a3e5fa8b570abe2a:event_015_parent_turn_15 skipping — predecessor failed
2026-10-02 00:46:17,835 - inference_perf.datagen.replay.replay_graph_session_datagen - INFO - Event wekatrace220_af60ae862f19d091b7d8a3e5fa8b570abe2a:event_016_parent_turn_16 skipping — predecessor failed
2026-10-02 00:46:17,835 - inference_perf.datagen.replay.replay_graph_session_datagen - INFO - Event wekatrace220_af60ae862f19d091b7d8a3e5fa8b570abe2a:event_017_parent_turn_17 skipping — predecessor failed
2026-10-02 00:46:17,835 - inference_perf.datagen.replay.replay_graph_session_datagen - INFO - Event wekatrace220_af60ae862f19d091b7d8a3e5fa8b570abe2a:event_018_parent_turn_18 skipping — predecessor failed
2026-10-02 00:46:17,835 - inference_perf.datagen.replay.replay_graph_session_datagen - INFO - Event wekatrace220_af60ae862f19d091b7d8a3e5fa8b570abe2a:event_019_parent_turn_19 skipping — predecessor failed
2026-10-02 00:46:17,835 - inference_perf.datagen.replay.replay_graph_session_datagen - INFO - Event wekatrace220_af60ae862f19d091b7d8a3e5fa8b570abe2a:event_020_parent_turn_20 skipping — predecessor failed
2026-10-02 00:46:17,835 - inference_perf.datagen.replay.replay_graph_session_datagen - INFO - Event wekatrace220_af60ae862f19d091b7d8a3e5fa8b570abe2a:event_021_parent_turn_21 skipping — predecessor failed
2026-10-02 00:46:17,836 - inference_perf.datagen.replay.replay_graph_session_datagen - INFO - Event wekatrace220_af60ae862f19d091b7d8a3e5fa8b570abe2a:event_022_parent_turn_22 skipping — predecessor failed
2026-10-02 00:46:17,836 - inference_perf.datagen.replay.replay_graph_session_datagen - INFO - Event wekatrace220_af60ae862f19d091b7d8a3e5fa8b570abe2a:event_023_parent_turn_23 skipping — predecessor failed
2026-10-02 00:46:17,836 - inference_perf.datagen.replay.replay_graph_session_datagen - INFO - Event wekatrace220_af60ae862f19d091b7d8a3e5fa8b570abe2a:event_024_parent_turn_24 skipping — predecessor failed
2026-10-02 00:46:17,836 - inference_perf.datagen.replay.replay_graph_session_datagen - INFO - Event wekatrace220_af60ae862f19d091b7d8a3e5fa8b570abe2a:event_025_parent_turn_25 skipping — predecessor failed
2026-10-02 00:46:17,836 - inference_perf.datagen.replay.replay_graph_session_datagen - INFO - Event wekatrace220_af60ae862f19d091b7d8a3e5fa8b570abe2a:event_026_parent_turn_26 skipping — predecessor failed
2026-10-02 00:46:17,836 - inference_perf.datagen.replay.replay_graph_session_datagen - INFO - Event wekatrace220_af60ae862f19d091b7d8a3e5fa8b570abe2a:event_027_parent_turn_27 skipping — predecessor failed
2026-10-02 00:46:17,836 - inference_perf.datagen.replay.replay_graph_session_datagen - INFO - Event wekatrace220_af60ae862f19d091b7d8a3e5fa8b570abe2a:event_028_parent_turn_28 skipping — predecessor failed
2026-10-02 00:46:17,836 - inference_perf.datagen.replay.replay_graph_session_datagen - INFO - Event wekatrace220_af60ae862f19d091b7d8a3e5fa8b570abe2a:event_029_parent_turn_29 skipping — predecessor failed
2026-10-02 00:46:17,836 - inference_perf.datagen.replay.replay_graph_session_datagen - INFO - Event wekatrace220_af60ae862f19d091b7d8a3e5fa8b570abe2a:event_030_parent_turn_30 skipping — predecessor failed
2026-10-02 00:46:17,836 - inference_perf.datagen.replay.replay_graph_session_datagen - INFO - Event wekatrace220_af60ae862f19d091b7d8a3e5fa8b570abe2a:event_031_parent_turn_31 skipping — predecessor failed
2026-10-02 00:46:17,837 - inference_perf.datagen.replay.replay_graph_session_datagen - INFO - Event wekatrace220_af60ae862f19d091b7d8a3e5fa8b570abe2a:event_032_parent_turn_32 skipping — predecessor failed
2026-10-02 00:46:17,837 - inference_perf.datagen.replay.replay_graph_session_datagen - INFO - Event wekatrace220_af60ae862f19d091b7d8a3e5fa8b570abe2a:event_033_parent_turn_33 skipping — predecessor failed
2026-10-02 00:46:17,837 - inference_perf.datagen.replay.replay_graph_session_datagen - INFO - Event wekatrace220_af60ae862f19d091b7d8a3e5fa8b570abe2a:event_034_parent_turn_34 skipping — predecessor failed
2026-10-02 00:46:17,837 - inference_perf.datagen.replay.replay_graph_session_datagen - INFO - Event wekatrace220_af60ae862f19d091b7d8a3e5fa8b570abe2a:event_035_parent_turn_35 skipping — predecessor failed
2026-10-02 00:46:17,837 - inference_perf.datagen.replay.replay_graph_session_datagen - INFO - Event wekatrace220_af60ae862f19d091b7d8a3e5fa8b570abe2a:event_036_parent_turn_36 skipping — predecessor failed
2026-10-02 00:46:17,837 - inference_perf.datagen.replay.replay_graph_session_datagen - INFO - Event wekatrace220_af60ae862f19d091b7d8a3e5fa8b570abe2a:event_037_parent_turn_37 skipping — predecessor failed
2026-10-02 00:46:17,837 - inference_perf.datagen.replay.replay_graph_session_datagen - INFO - Event wekatrace220_af60ae862f19d091b7d8a3e5fa8b570abe2a:event_038_parent_turn_38 skipping — predecessor failed
2026-10-02 00:46:17,838 - inference_perf.datagen.replay.replay_graph_session_datagen - INFO - Event wekatrace220_af60ae862f19d091b7d8a3e5fa8b570abe2a:event_039_parent_turn_39 skipping — predecessor failed
2026-10-02 00:46:17,838 - inference_perf.datagen.replay.replay_graph_session_datagen - INFO - Event wekatrace220_af60ae862f19d091b7d8a3e5fa8b570abe2a:event_040_parent_turn_40 skipping — predecessor failed
2026-10-02 00:46:17,838 - inference_perf.datagen.replay.replay_graph_session_datagen - INFO - Event wekatrace220_af60ae862f19d091b7d8a3e5fa8b570abe2a:event_041_parent_turn_41 skipping — predecessor failed
2026-10-02 00:46:17,838 - inference_perf.datagen.replay.replay_graph_session_datagen - INFO - Event wekatrace220_af60ae862f19d091b7d8a3e5fa8b570abe2a:event_042_parent_turn_42 skipping — predecessor failed
2026-10-02 00:46:17,838 - inference_perf.datagen.replay.replay_graph_session_datagen - INFO - Event wekatrace220_af60ae862f19d091b7d8a3e5fa8b570abe2a:event_043_parent_turn_43 skipping — predecessor failed
2026-10-02 00:46:17,838 - inference_perf.datagen.replay.replay_graph_session_datagen - INFO - Event wekatrace220_af60ae862f19d091b7d8a3e5fa8b570abe2a:event_044_parent_turn_44 skipping — predecessor failed
2026-10-02 00:46:17,839 - inference_perf.datagen.replay.replay_graph_session_datagen - INFO - Event wekatrace220_af60ae862f19d091b7d8a3e5fa8b570abe2a:event_045_parent_turn_45 skipping — predecessor failed
2026-10-02 00:46:17,839 - inference_perf.datagen.replay.replay_graph_session_datagen - INFO - Event wekatrace220_af60ae862f19d091b7d8a3e5fa8b570abe2a:event_046_parent_turn_46 skipping — predecessor failed
2026-10-02 00:46:17,839 - inference_perf.datagen.replay.replay_graph_session_datagen - INFO - Event wekatrace220_af60ae862f19d091b7d8a3e5fa8b570abe2a:event_047_parent_turn_47 skipping — predecessor failed
2026-10-02 00:46:17,839 - inference_perf.datagen.replay.replay_graph_session_datagen - INFO - Event wekatrace220_af60ae862f19d091b7d8a3e5fa8b570abe2a:event_048_parent_turn_48 skipping — predecessor failed
2026-10-02 00:46:17,839 - inference_perf.datagen.replay.replay_graph_session_datagen - INFO - Event wekatrace220_af60ae862f19d091b7d8a3e5fa8b570abe2a:event_049_parent_turn_49 skipping — predecessor failed
2026-10-02 00:46:17,839 - inference_perf.datagen.replay.replay_graph_session_datagen - INFO - Event wekatrace220_af60ae862f19d091b7d8a3e5fa8b570abe2a:event_050_parent_turn_50 skipping — predecessor failed
2026-10-02 00:46:17,839 - inference_perf.datagen.replay.replay_graph_session_datagen - INFO - Event wekatrace220_af60ae862f19d091b7d8a3e5fa8b570abe2a:event_051_parent_turn_51 skipping — predecessor failed
2026-10-02 00:46:17,839 - inference_perf.datagen.replay.replay_graph_session_datagen - INFO - Event wekatrace220_af60ae862f19d091b7d8a3e5fa8b570abe2a:event_052_parent_turn_52 skipping — predecessor failed
2026-10-02 00:46:17,839 - inference_perf.datagen.replay.replay_graph_session_datagen - INFO - Event wekatrace220_af60ae862f19d091b7d8a3e5fa8b570abe2a:event_053_parent_turn_53 skipping — predecessor failed
2026-10-02 00:46:17,839 - inference_perf.datagen.replay.replay_graph_session_datagen - INFO - Event wekatrace220_af60ae862f19d091b7d8a3e5fa8b570abe2a:event_054_parent_turn_54 skipping — predecessor failed
2026-10-02 00:46:17,840 - inference_perf.datagen.replay.replay_graph_session_datagen - INFO - Event wekatrace220_af60ae862f19d091b7d8a3e5fa8b570abe2a:event_055_parent_turn_55 skipping — predecessor failed
2026-10-02 00:46:17,840 - inference_perf.datagen.replay.replay_graph_session_datagen - INFO - Event wekatrace220_af60ae862f19d091b7d8a3e5fa8b570abe2a:event_056_parent_turn_56 skipping — predecessor failed
2026-10-02 00:46:17,840 - inference_perf.datagen.replay.replay_graph_session_datagen - INFO - Event wekatrace220_af60ae862f19d091b7d8a3e5fa8b570abe2a:event_057_parent_turn_57 skipping — predecessor failed
2026-10-02 00:46:17,840 - inference_perf.datagen.replay.replay_graph_session_datagen - INFO - Event wekatrace220_af60ae862f19d091b7d8a3e5fa8b570abe2a:event_058_parent_turn_58 skipping — predecessor failed
2026-10-02 00:46:17,840 - inference_perf.datagen.replay.replay_graph_session_datagen - INFO - Event wekatrace220_af60ae862f19d091b7d8a3e5fa8b570abe2a:event_059_parent_turn_59 skipping — predecessor failed
2026-10-02 00:46:17,840 - inference_perf.datagen.replay.replay_graph_session_datagen - INFO - Event wekatrace220_af60ae862f19d091b7d8a3e5fa8b570abe2a:event_060_parent_turn_60 skipping — predecessor failed
2026-10-02 00:46:17,840 - inference_perf.datagen.replay.replay_graph_session_datagen - INFO - Event wekatrace220_af60ae862f19d091b7d8a3e5fa8b570abe2a:event_061_parent_turn_61 skipping — predecessor failed
2026-10-02 00:46:17,840 - inference_perf.datagen.replay.replay_graph_session_datagen - INFO - Event wekatrace220_af60ae862f19d091b7d8a3e5fa8b570abe2a:event_062_parent_turn_62 skipping — predecessor failed
2026-10-02 00:46:17,840 - inference_perf.datagen.replay.replay_graph_session_datagen - INFO - Event wekatrace220_af60ae862f19d091b7d8a3e5fa8b570abe2a:event_063_parent_turn_63 skipping — predecessor failed
2026-10-02 00:46:17,840 - inference_perf.datagen.replay.replay_graph_session_datagen - INFO - Event wekatrace220_af60ae862f19d091b7d8a3e5fa8b570abe2a:event_064_parent_turn_64 skipping — predecessor failed
2026-10-02 00:46:17,840 - inference_perf.datagen.replay.replay_graph_session_datagen - INFO - Event wekatrace220_af60ae862f19d091b7d8a3e5fa8b570abe2a:event_065_parent_turn_65 skipping — predecessor failed
2026-10-02 00:46:17,841 - inference_perf.datagen.replay.replay_graph_session_datagen - INFO - Event wekatrace220_af60ae862f19d091b7d8a3e5fa8b570abe2a:event_066_parent_turn_66 skipping — predecessor failed
2026-10-02 00:46:17,841 - inference_perf.datagen.replay.replay_graph_session_datagen - INFO - Event wekatrace220_af60ae862f19d091b7d8a3e5fa8b570abe2a:event_067_parent_turn_67 skipping — predecessor failed
2026-10-02 00:46:17,841 - inference_perf.datagen.replay.replay_graph_session_datagen - INFO - Event wekatrace220_af60ae862f19d091b7d8a3e5fa8b570abe2a:event_068_parent_turn_68 skipping — predecessor failed
2026-10-02 00:46:17,851 - inference_perf.datagen.replay.replay_graph_session_datagen - INFO - Dispatching session wekatrace157_888c5a8d8a4440adc2d0402a9a52af4075df: 64 events
2026-10-02 00:46:28,826 - inference_perf.datagen.replay.replay_graph_session_datagen - ERROR - Request failed for event wekatrace146_8044cd33fd7815ac1a4f0aaeae9e2eaa7509:event_004_parent_turn_4: TimeoutError: 
2026-10-02 00:46:28,826 - inference_perf.datagen.replay.replay_graph_session_datagen - INFO - Session wekatrace146_8044cd33fd7815ac1a4f0aaeae9e2eaa7509 failure notification sent to main process (cancelled_events=16)
2026-10-02 00:46:28,827 - inference_perf.client.modelserver.openai_client - ERROR - 
Traceback (most recent call last):
  File "/workspace/.venv/lib/python3.12/site-packages/aiohttp/streams.py", line 365, in _wait
    await waiter
asyncio.exceptions.CancelledError

The above exception was the direct cause of the following exception:

Traceback (most recent call last):
  File "/workspace/inference_perf/apis/streaming_parser.py", line 84, in parse_sse_stream
    async for chunk in response.content.iter_any():
  File "/workspace/.venv/lib/python3.12/site-packages/aiohttp/streams.py", line 46, in __anext__
    rv = await self.read_func()
         ^^^^^^^^^^^^^^^^^^^^^^
  File "/workspace/.venv/lib/python3.12/site-packages/aiohttp/streams.py", line 460, in readany
    await self._wait("readany")
  File "/workspace/.venv/lib/python3.12/site-packages/aiohttp/streams.py", line 364, in _wait
    with self._timer:
         ^^^^^^^^^^^
  File "/workspace/.venv/lib/python3.12/site-packages/aiohttp/helpers.py", line 759, in __exit__
    raise asyncio.TimeoutError from exc_val
TimeoutError

The above exception was the direct cause of the following exception:

Traceback (most recent call last):
  File "/workspace/inference_perf/client/modelserver/openai_client.py", line 557, in process_request
    info = await data.process_response(
           ^^^^^^^^^^^^^^^^^^^^^^^^^^^^
  File "/workspace/inference_perf/datagen/replay/replay_graph_session_datagen.py", line 1039, in process_response
    text_content, chunk_times, raw_content, response_chunks, server_usage = await parse_sse_stream(
                                                                            ^^^^^^^^^^^^^^^^^^^^^^^
  File "/workspace/inference_perf/apis/streaming_parser.py", line 119, in parse_sse_stream
    raise StreamInterruptedError(e, raw_content.decode("utf-8", errors="ignore")) from e
inference_perf.apis.streaming_parser.StreamInterruptedError
2026-10-02 00:46:28,829 - inference_perf.datagen.replay.replay_graph_session_datagen - INFO - Event wekatrace146_8044cd33fd7815ac1a4f0aaeae9e2eaa7509:event_005_parent_turn_5 skipping — predecessor failed
2026-10-02 00:46:28,830 - inference_perf.datagen.replay.replay_graph_session_datagen - INFO - Event wekatrace146_8044cd33fd7815ac1a4f0aaeae9e2eaa7509:event_006_parent_turn_6 skipping — predecessor failed
2026-10-02 00:46:28,830 - inference_perf.datagen.replay.replay_graph_session_datagen - INFO - Event wekatrace146_8044cd33fd7815ac1a4f0aaeae9e2eaa7509:event_007_parent_turn_7 skipping — predecessor failed
2026-10-02 00:46:28,830 - inference_perf.datagen.replay.replay_graph_session_datagen - INFO - Event wekatrace146_8044cd33fd7815ac1a4f0aaeae9e2eaa7509:event_008_parent_turn_8 skipping — predecessor failed
2026-10-02 00:46:28,830 - inference_perf.datagen.replay.replay_graph_session_datagen - INFO - Event wekatrace146_8044cd33fd7815ac1a4f0aaeae9e2eaa7509:event_009_parent_turn_9 skipping — predecessor failed
2026-10-02 00:46:28,831 - inference_perf.datagen.replay.replay_graph_session_datagen - INFO - Event wekatrace146_8044cd33fd7815ac1a4f0aaeae9e2eaa7509:event_010_parent_turn_10 skipping — predecessor failed
2026-10-02 00:46:28,831 - inference_perf.datagen.replay.replay_graph_session_datagen - INFO - Event wekatrace146_8044cd33fd7815ac1a4f0aaeae9e2eaa7509:event_011_parent_turn_11 skipping — predecessor failed
2026-10-02 00:46:28,831 - inference_perf.datagen.replay.replay_graph_session_datagen - INFO - Event wekatrace146_8044cd33fd7815ac1a4f0aaeae9e2eaa7509:event_012_parent_turn_12 skipping — predecessor failed
2026-10-02 00:46:28,831 - inference_perf.datagen.replay.replay_graph_session_datagen - INFO - Event wekatrace146_8044cd33fd7815ac1a4f0aaeae9e2eaa7509:event_013_parent_turn_13 skipping — predecessor failed
2026-10-02 00:46:28,831 - inference_perf.datagen.replay.replay_graph_session_datagen - INFO - Event wekatrace146_8044cd33fd7815ac1a4f0aaeae9e2eaa7509:event_014_parent_turn_14 skipping — predecessor failed
2026-10-02 00:46:28,831 - inference_perf.datagen.replay.replay_graph_session_datagen - INFO - Event wekatrace146_8044cd33fd7815ac1a4f0aaeae9e2eaa7509:event_015_parent_turn_15 skipping — predecessor failed
2026-10-02 00:46:28,832 - inference_perf.datagen.replay.replay_graph_session_datagen - INFO - Event wekatrace146_8044cd33fd7815ac1a4f0aaeae9e2eaa7509:event_016_parent_turn_16 skipping — predecessor failed
2026-10-02 00:46:28,832 - inference_perf.datagen.replay.replay_graph_session_datagen - INFO - Event wekatrace146_8044cd33fd7815ac1a4f0aaeae9e2eaa7509:event_017_parent_turn_17 skipping — predecessor failed
2026-10-02 00:46:28,832 - inference_perf.datagen.replay.replay_graph_session_datagen - INFO - Event wekatrace146_8044cd33fd7815ac1a4f0aaeae9e2eaa7509:event_018_parent_turn_18 skipping — predecessor failed
2026-10-02 00:46:28,832 - inference_perf.datagen.replay.replay_graph_session_datagen - INFO - Event wekatrace146_8044cd33fd7815ac1a4f0aaeae9e2eaa7509:event_019_parent_turn_19 skipping — predecessor failed
2026-10-02 00:46:28,832 - inference_perf.datagen.replay.replay_graph_session_datagen - INFO - Event wekatrace146_8044cd33fd7815ac1a4f0aaeae9e2eaa7509:event_020_parent_turn_20 skipping — predecessor failed
2026-10-02 00:46:28,852 - inference_perf.datagen.replay.replay_graph_session_datagen - INFO - Dispatching session wekatrace95_4f60b686dd3201db253ac68c460bf2fb1d47: 30 events
2026-10-02 00:47:53,825 - inference_perf.datagen.replay.replay_graph_session_datagen - ERROR - Request failed for event wekatrace245_c03e35003893d05b83ddec10c77f479d5f04:event_004_parent_turn_4: TimeoutError: 
2026-10-02 00:47:53,827 - inference_perf.datagen.replay.replay_graph_session_datagen - INFO - Session wekatrace245_c03e35003893d05b83ddec10c77f479d5f04 failure notification sent to main process (cancelled_events=37)
2026-10-02 00:47:53,827 - inference_perf.client.modelserver.openai_client - ERROR - 
Traceback (most recent call last):
  File "/workspace/.venv/lib/python3.12/site-packages/aiohttp/streams.py", line 365, in _wait
    await waiter
asyncio.exceptions.CancelledError

The above exception was the direct cause of the following exception:

Traceback (most recent call last):
  File "/workspace/inference_perf/apis/streaming_parser.py", line 84, in parse_sse_stream
    async for chunk in response.content.iter_any():
  File "/workspace/.venv/lib/python3.12/site-packages/aiohttp/streams.py", line 46, in __anext__
    rv = await self.read_func()
         ^^^^^^^^^^^^^^^^^^^^^^
  File "/workspace/.venv/lib/python3.12/site-packages/aiohttp/streams.py", line 460, in readany
    await self._wait("readany")
  File "/workspace/.venv/lib/python3.12/site-packages/aiohttp/streams.py", line 364, in _wait
    with self._timer:
         ^^^^^^^^^^^
  File "/workspace/.venv/lib/python3.12/site-packages/aiohttp/helpers.py", line 759, in __exit__
    raise asyncio.TimeoutError from exc_val
TimeoutError

The above exception was the direct cause of the following exception:

Traceback (most recent call last):
  File "/workspace/inference_perf/client/modelserver/openai_client.py", line 557, in process_request
    info = await data.process_response(
           ^^^^^^^^^^^^^^^^^^^^^^^^^^^^
  File "/workspace/inference_perf/datagen/replay/replay_graph_session_datagen.py", line 1039, in process_response
    text_content, chunk_times, raw_content, response_chunks, server_usage = await parse_sse_stream(
                                                                            ^^^^^^^^^^^^^^^^^^^^^^^
  File "/workspace/inference_perf/apis/streaming_parser.py", line 119, in parse_sse_stream
    raise StreamInterruptedError(e, raw_content.decode("utf-8", errors="ignore")) from e
inference_perf.apis.streaming_parser.StreamInterruptedError
2026-10-02 00:47:53,832 - inference_perf.datagen.replay.replay_graph_session_datagen - INFO - Event wekatrace245_c03e35003893d05b83ddec10c77f479d5f04:event_005_parent_turn_5 skipping — predecessor failed
2026-10-02 00:47:53,832 - inference_perf.datagen.replay.replay_graph_session_datagen - INFO - Event wekatrace245_c03e35003893d05b83ddec10c77f479d5f04:event_006_parent_turn_6 skipping — predecessor failed
2026-10-02 00:47:53,832 - inference_perf.datagen.replay.replay_graph_session_datagen - INFO - Event wekatrace245_c03e35003893d05b83ddec10c77f479d5f04:event_007_parent_turn_7 skipping — predecessor failed
2026-10-02 00:47:53,833 - inference_perf.datagen.replay.replay_graph_session_datagen - INFO - Event wekatrace245_c03e35003893d05b83ddec10c77f479d5f04:event_008_parent_turn_8 skipping — predecessor failed
2026-10-02 00:47:53,833 - inference_perf.datagen.replay.replay_graph_session_datagen - INFO - Event wekatrace245_c03e35003893d05b83ddec10c77f479d5f04:event_009_parent_turn_9 skipping — predecessor failed
2026-10-02 00:47:53,833 - inference_perf.datagen.replay.replay_graph_session_datagen - INFO - Event wekatrace245_c03e35003893d05b83ddec10c77f479d5f04:event_010_parent_turn_10 skipping — predecessor failed
2026-10-02 00:47:53,833 - inference_perf.datagen.replay.replay_graph_session_datagen - INFO - Event wekatrace245_c03e35003893d05b83ddec10c77f479d5f04:event_011_parent_turn_11 skipping — predecessor failed
2026-10-02 00:47:53,833 - inference_perf.datagen.replay.replay_graph_session_datagen - INFO - Event wekatrace245_c03e35003893d05b83ddec10c77f479d5f04:event_012_parent_turn_12 skipping — predecessor failed
2026-10-02 00:47:53,833 - inference_perf.datagen.replay.replay_graph_session_datagen - INFO - Event wekatrace245_c03e35003893d05b83ddec10c77f479d5f04:event_013_parent_turn_13 skipping — predecessor failed
2026-10-02 00:47:53,834 - inference_perf.datagen.replay.replay_graph_session_datagen - INFO - Event wekatrace245_c03e35003893d05b83ddec10c77f479d5f04:event_014_parent_turn_14 skipping — predecessor failed
2026-10-02 00:47:53,834 - inference_perf.datagen.replay.replay_graph_session_datagen - INFO - Event wekatrace245_c03e35003893d05b83ddec10c77f479d5f04:event_015_parent_turn_15 skipping — predecessor failed
2026-10-02 00:47:53,834 - inference_perf.datagen.replay.replay_graph_session_datagen - INFO - Event wekatrace245_c03e35003893d05b83ddec10c77f479d5f04:event_016_parent_turn_16 skipping — predecessor failed
2026-10-02 00:47:53,834 - inference_perf.datagen.replay.replay_graph_session_datagen - INFO - Event wekatrace245_c03e35003893d05b83ddec10c77f479d5f04:event_017_parent_turn_17 skipping — predecessor failed
2026-10-02 00:47:53,834 - inference_perf.datagen.replay.replay_graph_session_datagen - INFO - Event wekatrace245_c03e35003893d05b83ddec10c77f479d5f04:event_018_parent_turn_18 skipping — predecessor failed
2026-10-02 00:47:53,834 - inference_perf.datagen.replay.replay_graph_session_datagen - INFO - Event wekatrace245_c03e35003893d05b83ddec10c77f479d5f04:event_019_parent_turn_19 skipping — predecessor failed
2026-10-02 00:47:53,834 - inference_perf.datagen.replay.replay_graph_session_datagen - INFO - Event wekatrace245_c03e35003893d05b83ddec10c77f479d5f04:event_020_parent_turn_20 skipping — predecessor failed
2026-10-02 00:47:53,834 - inference_perf.datagen.replay.replay_graph_session_datagen - INFO - Event wekatrace245_c03e35003893d05b83ddec10c77f479d5f04:event_021_parent_turn_21 skipping — predecessor failed
2026-10-02 00:47:53,835 - inference_perf.datagen.replay.replay_graph_session_datagen - INFO - Event wekatrace245_c03e35003893d05b83ddec10c77f479d5f04:event_022_parent_turn_22 skipping — predecessor failed
2026-10-02 00:47:53,835 - inference_perf.datagen.replay.replay_graph_session_datagen - INFO - Event wekatrace245_c03e35003893d05b83ddec10c77f479d5f04:event_023_parent_turn_23 skipping — predecessor failed
2026-10-02 00:47:53,835 - inference_perf.datagen.replay.replay_graph_session_datagen - INFO - Event wekatrace245_c03e35003893d05b83ddec10c77f479d5f04:event_024_parent_turn_24 skipping — predecessor failed
2026-10-02 00:47:53,835 - inference_perf.datagen.replay.replay_graph_session_datagen - INFO - Event wekatrace245_c03e35003893d05b83ddec10c77f479d5f04:event_025_parent_turn_25 skipping — predecessor failed
2026-10-02 00:47:53,835 - inference_perf.datagen.replay.replay_graph_session_datagen - INFO - Event wekatrace245_c03e35003893d05b83ddec10c77f479d5f04:event_026_parent_turn_26 skipping — predecessor failed
2026-10-02 00:47:53,835 - inference_perf.datagen.replay.replay_graph_session_datagen - INFO - Event wekatrace245_c03e35003893d05b83ddec10c77f479d5f04:event_027_parent_turn_27 skipping — predecessor failed
2026-10-02 00:47:53,836 - inference_perf.datagen.replay.replay_graph_session_datagen - INFO - Event wekatrace245_c03e35003893d05b83ddec10c77f479d5f04:event_028_parent_turn_28 skipping — predecessor failed
2026-10-02 00:47:53,836 - inference_perf.datagen.replay.replay_graph_session_datagen - INFO - Event wekatrace245_c03e35003893d05b83ddec10c77f479d5f04:event_029_parent_turn_29 skipping — predecessor failed
2026-10-02 00:47:53,836 - inference_perf.datagen.replay.replay_graph_session_datagen - INFO - Event wekatrace245_c03e35003893d05b83ddec10c77f479d5f04:event_030_parent_turn_30 skipping — predecessor failed
2026-10-02 00:47:53,836 - inference_perf.datagen.replay.replay_graph_session_datagen - INFO - Event wekatrace245_c03e35003893d05b83ddec10c77f479d5f04:event_031_parent_turn_31 skipping — predecessor failed
2026-10-02 00:47:53,836 - inference_perf.datagen.replay.replay_graph_session_datagen - INFO - Event wekatrace245_c03e35003893d05b83ddec10c77f479d5f04:event_032_parent_turn_32 skipping — predecessor failed
2026-10-02 00:47:53,836 - inference_perf.datagen.replay.replay_graph_session_datagen - INFO - Event wekatrace245_c03e35003893d05b83ddec10c77f479d5f04:event_033_parent_turn_33 skipping — predecessor failed
2026-10-02 00:47:53,836 - inference_perf.datagen.replay.replay_graph_session_datagen - INFO - Event wekatrace245_c03e35003893d05b83ddec10c77f479d5f04:event_034_parent_turn_34 skipping — predecessor failed
2026-10-02 00:47:53,836 - inference_perf.datagen.replay.replay_graph_session_datagen - INFO - Event wekatrace245_c03e35003893d05b83ddec10c77f479d5f04:event_035_parent_turn_35 skipping — predecessor failed
2026-10-02 00:47:53,837 - inference_perf.datagen.replay.replay_graph_session_datagen - INFO - Event wekatrace245_c03e35003893d05b83ddec10c77f479d5f04:event_036_parent_turn_36 skipping — predecessor failed
2026-10-02 00:47:53,837 - inference_perf.datagen.replay.replay_graph_session_datagen - INFO - Event wekatrace245_c03e35003893d05b83ddec10c77f479d5f04:event_037_parent_turn_37 skipping — predecessor failed
2026-10-02 00:47:53,837 - inference_perf.datagen.replay.replay_graph_session_datagen - INFO - Event wekatrace245_c03e35003893d05b83ddec10c77f479d5f04:event_038_parent_turn_38 skipping — predecessor failed
2026-10-02 00:47:53,837 - inference_perf.datagen.replay.replay_graph_session_datagen - INFO - Event wekatrace245_c03e35003893d05b83ddec10c77f479d5f04:event_039_parent_turn_39 skipping — predecessor failed
2026-10-02 00:47:53,837 - inference_perf.datagen.replay.replay_graph_session_datagen - INFO - Event wekatrace245_c03e35003893d05b83ddec10c77f479d5f04:event_040_parent_turn_40 skipping — predecessor failed
2026-10-02 00:47:53,837 - inference_perf.datagen.replay.replay_graph_session_datagen - INFO - Event wekatrace245_c03e35003893d05b83ddec10c77f479d5f04:event_041_parent_turn_41 skipping — predecessor failed
2026-10-02 00:47:53,850 - inference_perf.datagen.replay.replay_graph_session_datagen - INFO - Dispatching session wekatrace325_f412405d4427e39c327dd9f228f49ba8ecd1: 20 events
2026-10-02 00:48:28,826 - inference_perf.datagen.replay.replay_graph_session_datagen - ERROR - Request failed for event wekatrace189_9f20e7ac308c284e5218e06abb1e59c04c2e:event_005_parent_turn_5: TimeoutError: 
2026-10-02 00:48:28,826 - inference_perf.datagen.replay.replay_graph_session_datagen - INFO - Session wekatrace189_9f20e7ac308c284e5218e06abb1e59c04c2e failure notification sent to main process (cancelled_events=66)
2026-10-02 00:48:28,826 - inference_perf.client.modelserver.openai_client - ERROR - 
Traceback (most recent call last):
  File "/workspace/.venv/lib/python3.12/site-packages/aiohttp/streams.py", line 365, in _wait
    await waiter
asyncio.exceptions.CancelledError

The above exception was the direct cause of the following exception:

Traceback (most recent call last):
  File "/workspace/inference_perf/apis/streaming_parser.py", line 84, in parse_sse_stream
    async for chunk in response.content.iter_any():
  File "/workspace/.venv/lib/python3.12/site-packages/aiohttp/streams.py", line 46, in __anext__
    rv = await self.read_func()
         ^^^^^^^^^^^^^^^^^^^^^^
  File "/workspace/.venv/lib/python3.12/site-packages/aiohttp/streams.py", line 460, in readany
    await self._wait("readany")
  File "/workspace/.venv/lib/python3.12/site-packages/aiohttp/streams.py", line 364, in _wait
    with self._timer:
         ^^^^^^^^^^^
  File "/workspace/.venv/lib/python3.12/site-packages/aiohttp/helpers.py", line 759, in __exit__
    raise asyncio.TimeoutError from exc_val
TimeoutError

The above exception was the direct cause of the following exception:

Traceback (most recent call last):
  File "/workspace/inference_perf/client/modelserver/openai_client.py", line 557, in process_request
    info = await data.process_response(
           ^^^^^^^^^^^^^^^^^^^^^^^^^^^^
  File "/workspace/inference_perf/datagen/replay/replay_graph_session_datagen.py", line 1039, in process_response
    text_content, chunk_times, raw_content, response_chunks, server_usage = await parse_sse_stream(
                                                                            ^^^^^^^^^^^^^^^^^^^^^^^
  File "/workspace/inference_perf/apis/streaming_parser.py", line 119, in parse_sse_stream
    raise StreamInterruptedError(e, raw_content.decode("utf-8", errors="ignore")) from e
inference_perf.apis.streaming_parser.StreamInterruptedError
2026-10-02 00:48:28,829 - inference_perf.datagen.replay.replay_graph_session_datagen - INFO - Event wekatrace189_9f20e7ac308c284e5218e06abb1e59c04c2e:event_006_parent_turn_6 skipping — predecessor failed
2026-10-02 00:48:28,829 - inference_perf.datagen.replay.replay_graph_session_datagen - INFO - Event wekatrace189_9f20e7ac308c284e5218e06abb1e59c04c2e:event_007_parent_turn_7 skipping — predecessor failed
2026-10-02 00:48:28,829 - inference_perf.datagen.replay.replay_graph_session_datagen - INFO - Event wekatrace189_9f20e7ac308c284e5218e06abb1e59c04c2e:event_008_parent_turn_8 skipping — predecessor failed
2026-10-02 00:48:28,829 - inference_perf.datagen.replay.replay_graph_session_datagen - INFO - Event wekatrace189_9f20e7ac308c284e5218e06abb1e59c04c2e:event_009_parent_turn_9 skipping — predecessor failed
2026-10-02 00:48:28,830 - inference_perf.datagen.replay.replay_graph_session_datagen - INFO - Event wekatrace189_9f20e7ac308c284e5218e06abb1e59c04c2e:event_010_parent_turn_10 skipping — predecessor failed
2026-10-02 00:48:28,830 - inference_perf.datagen.replay.replay_graph_session_datagen - INFO - Event wekatrace189_9f20e7ac308c284e5218e06abb1e59c04c2e:event_011_parent_turn_11 skipping — predecessor failed
2026-10-02 00:48:28,830 - inference_perf.datagen.replay.replay_graph_session_datagen - INFO - Event wekatrace189_9f20e7ac308c284e5218e06abb1e59c04c2e:event_012_parent_turn_12 skipping — predecessor failed
2026-10-02 00:48:28,830 - inference_perf.datagen.replay.replay_graph_session_datagen - INFO - Event wekatrace189_9f20e7ac308c284e5218e06abb1e59c04c2e:event_013_parent_turn_13 skipping — predecessor failed
2026-10-02 00:48:28,830 - inference_perf.datagen.replay.replay_graph_session_datagen - INFO - Event wekatrace189_9f20e7ac308c284e5218e06abb1e59c04c2e:event_014_parent_turn_14 skipping — predecessor failed
2026-10-02 00:48:28,830 - inference_perf.datagen.replay.replay_graph_session_datagen - INFO - Event wekatrace189_9f20e7ac308c284e5218e06abb1e59c04c2e:event_015_parent_turn_15 skipping — predecessor failed
2026-10-02 00:48:28,830 - inference_perf.datagen.replay.replay_graph_session_datagen - INFO - Event wekatrace189_9f20e7ac308c284e5218e06abb1e59c04c2e:event_016_parent_turn_16 skipping — predecessor failed
2026-10-02 00:48:28,831 - inference_perf.datagen.replay.replay_graph_session_datagen - INFO - Event wekatrace189_9f20e7ac308c284e5218e06abb1e59c04c2e:event_017_parent_turn_17 skipping — predecessor failed
2026-10-02 00:48:28,831 - inference_perf.datagen.replay.replay_graph_session_datagen - INFO - Event wekatrace189_9f20e7ac308c284e5218e06abb1e59c04c2e:event_018_parent_turn_18 skipping — predecessor failed
2026-10-02 00:48:28,831 - inference_perf.datagen.replay.replay_graph_session_datagen - INFO - Event wekatrace189_9f20e7ac308c284e5218e06abb1e59c04c2e:event_019_parent_turn_19 skipping — predecessor failed
2026-10-02 00:48:28,831 - inference_perf.datagen.replay.replay_graph_session_datagen - INFO - Event wekatrace189_9f20e7ac308c284e5218e06abb1e59c04c2e:event_020_parent_turn_20 skipping — predecessor failed
2026-10-02 00:48:28,831 - inference_perf.datagen.replay.replay_graph_session_datagen - INFO - Event wekatrace189_9f20e7ac308c284e5218e06abb1e59c04c2e:event_021_parent_turn_21 skipping — predecessor failed
2026-10-02 00:48:28,831 - inference_perf.datagen.replay.replay_graph_session_datagen - INFO - Event wekatrace189_9f20e7ac308c284e5218e06abb1e59c04c2e:event_022_parent_turn_22 skipping — predecessor failed
2026-10-02 00:48:28,831 - inference_perf.datagen.replay.replay_graph_session_datagen - INFO - Event wekatrace189_9f20e7ac308c284e5218e06abb1e59c04c2e:event_023_parent_turn_23 skipping — predecessor failed
2026-10-02 00:48:28,831 - inference_perf.datagen.replay.replay_graph_session_datagen - INFO - Event wekatrace189_9f20e7ac308c284e5218e06abb1e59c04c2e:event_024_parent_turn_24 skipping — predecessor failed
2026-10-02 00:48:28,831 - inference_perf.datagen.replay.replay_graph_session_datagen - INFO - Event wekatrace189_9f20e7ac308c284e5218e06abb1e59c04c2e:event_025_parent_turn_25 skipping — predecessor failed
2026-10-02 00:48:28,832 - inference_perf.datagen.replay.replay_graph_session_datagen - INFO - Event wekatrace189_9f20e7ac308c284e5218e06abb1e59c04c2e:event_026_parent_turn_26 skipping — predecessor failed
2026-10-02 00:48:28,832 - inference_perf.datagen.replay.replay_graph_session_datagen - INFO - Event wekatrace189_9f20e7ac308c284e5218e06abb1e59c04c2e:event_027_parent_turn_27 skipping — predecessor failed
2026-10-02 00:48:28,832 - inference_perf.datagen.replay.replay_graph_session_datagen - INFO - Event wekatrace189_9f20e7ac308c284e5218e06abb1e59c04c2e:event_028_parent_turn_28 skipping — predecessor failed
2026-10-02 00:48:28,832 - inference_perf.datagen.replay.replay_graph_session_datagen - INFO - Event wekatrace189_9f20e7ac308c284e5218e06abb1e59c04c2e:event_029_parent_turn_29 skipping — predecessor failed
2026-10-02 00:48:28,832 - inference_perf.datagen.replay.replay_graph_session_datagen - INFO - Event wekatrace189_9f20e7ac308c284e5218e06abb1e59c04c2e:event_030_parent_turn_30 skipping — predecessor failed
2026-10-02 00:48:28,833 - inference_perf.datagen.replay.replay_graph_session_datagen - INFO - Event wekatrace189_9f20e7ac308c284e5218e06abb1e59c04c2e:event_031_parent_turn_31 skipping — predecessor failed
2026-10-02 00:48:28,833 - inference_perf.datagen.replay.replay_graph_session_datagen - INFO - Event wekatrace189_9f20e7ac308c284e5218e06abb1e59c04c2e:event_032_parent_turn_32 skipping — predecessor failed
2026-10-02 00:48:28,833 - inference_perf.datagen.replay.replay_graph_session_datagen - INFO - Event wekatrace189_9f20e7ac308c284e5218e06abb1e59c04c2e:event_033_parent_turn_33 skipping — predecessor failed
2026-10-02 00:48:28,833 - inference_perf.datagen.replay.replay_graph_session_datagen - INFO - Event wekatrace189_9f20e7ac308c284e5218e06abb1e59c04c2e:event_034_parent_turn_34 skipping — predecessor failed
2026-10-02 00:48:28,833 - inference_perf.datagen.replay.replay_graph_session_datagen - INFO - Event wekatrace189_9f20e7ac308c284e5218e06abb1e59c04c2e:event_035_parent_turn_35 skipping — predecessor failed
2026-10-02 00:48:28,833 - inference_perf.datagen.replay.replay_graph_session_datagen - INFO - Event wekatrace189_9f20e7ac308c284e5218e06abb1e59c04c2e:event_036_parent_turn_36 skipping — predecessor failed
2026-10-02 00:48:28,833 - inference_perf.datagen.replay.replay_graph_session_datagen - INFO - Event wekatrace189_9f20e7ac308c284e5218e06abb1e59c04c2e:event_037_parent_turn_37 skipping — predecessor failed
2026-10-02 00:48:28,833 - inference_perf.datagen.replay.replay_graph_session_datagen - INFO - Event wekatrace189_9f20e7ac308c284e5218e06abb1e59c04c2e:event_038_parent_turn_38 skipping — predecessor failed
2026-10-02 00:48:28,834 - inference_perf.datagen.replay.replay_graph_session_datagen - INFO - Event wekatrace189_9f20e7ac308c284e5218e06abb1e59c04c2e:event_039_parent_turn_39 skipping — predecessor failed
2026-10-02 00:48:28,834 - inference_perf.datagen.replay.replay_graph_session_datagen - INFO - Event wekatrace189_9f20e7ac308c284e5218e06abb1e59c04c2e:event_040_parent_turn_40 skipping — predecessor failed
2026-10-02 00:48:28,834 - inference_perf.datagen.replay.replay_graph_session_datagen - INFO - Event wekatrace189_9f20e7ac308c284e5218e06abb1e59c04c2e:event_041_parent_turn_41 skipping — predecessor failed
2026-10-02 00:48:28,834 - inference_perf.datagen.replay.replay_graph_session_datagen - INFO - Event wekatrace189_9f20e7ac308c284e5218e06abb1e59c04c2e:event_042_parent_turn_42 skipping — predecessor failed
2026-10-02 00:48:28,834 - inference_perf.datagen.replay.replay_graph_session_datagen - INFO - Event wekatrace189_9f20e7ac308c284e5218e06abb1e59c04c2e:event_043_parent_turn_43 skipping — predecessor failed
2026-10-02 00:48:28,834 - inference_perf.datagen.replay.replay_graph_session_datagen - INFO - Event wekatrace189_9f20e7ac308c284e5218e06abb1e59c04c2e:event_044_parent_turn_44 skipping — predecessor failed
2026-10-02 00:48:28,834 - inference_perf.datagen.replay.replay_graph_session_datagen - INFO - Event wekatrace189_9f20e7ac308c284e5218e06abb1e59c04c2e:event_045_parent_turn_45 skipping — predecessor failed
2026-10-02 00:48:28,835 - inference_perf.datagen.replay.replay_graph_session_datagen - INFO - Event wekatrace189_9f20e7ac308c284e5218e06abb1e59c04c2e:event_046_parent_turn_46 skipping — predecessor failed
2026-10-02 00:48:28,835 - inference_perf.datagen.replay.replay_graph_session_datagen - INFO - Event wekatrace189_9f20e7ac308c284e5218e06abb1e59c04c2e:event_047_parent_turn_47 skipping — predecessor failed
2026-10-02 00:48:28,835 - inference_perf.datagen.replay.replay_graph_session_datagen - INFO - Event wekatrace189_9f20e7ac308c284e5218e06abb1e59c04c2e:event_048_parent_turn_48 skipping — predecessor failed
2026-10-02 00:48:28,836 - inference_perf.datagen.replay.replay_graph_session_datagen - INFO - Event wekatrace189_9f20e7ac308c284e5218e06abb1e59c04c2e:event_049_parent_turn_49 skipping — predecessor failed
2026-10-02 00:48:28,836 - inference_perf.datagen.replay.replay_graph_session_datagen - INFO - Event wekatrace189_9f20e7ac308c284e5218e06abb1e59c04c2e:event_050_parent_turn_50 skipping — predecessor failed
2026-10-02 00:48:28,836 - inference_perf.datagen.replay.replay_graph_session_datagen - INFO - Event wekatrace189_9f20e7ac308c284e5218e06abb1e59c04c2e:event_051_parent_turn_51 skipping — predecessor failed
2026-10-02 00:48:28,836 - inference_perf.datagen.replay.replay_graph_session_datagen - INFO - Event wekatrace189_9f20e7ac308c284e5218e06abb1e59c04c2e:event_052_parent_turn_52 skipping — predecessor failed
2026-10-02 00:48:28,836 - inference_perf.datagen.replay.replay_graph_session_datagen - INFO - Event wekatrace189_9f20e7ac308c284e5218e06abb1e59c04c2e:event_053_parent_turn_53 skipping — predecessor failed
2026-10-02 00:48:28,837 - inference_perf.datagen.replay.replay_graph_session_datagen - INFO - Event wekatrace189_9f20e7ac308c284e5218e06abb1e59c04c2e:event_054_parent_turn_54 skipping — predecessor failed
2026-10-02 00:48:28,837 - inference_perf.datagen.replay.replay_graph_session_datagen - INFO - Event wekatrace189_9f20e7ac308c284e5218e06abb1e59c04c2e:event_055_parent_turn_55 skipping — predecessor failed
2026-10-02 00:48:28,837 - inference_perf.datagen.replay.replay_graph_session_datagen - INFO - Event wekatrace189_9f20e7ac308c284e5218e06abb1e59c04c2e:event_056_parent_turn_56 skipping — predecessor failed
2026-10-02 00:48:28,837 - inference_perf.datagen.replay.replay_graph_session_datagen - INFO - Event wekatrace189_9f20e7ac308c284e5218e06abb1e59c04c2e:event_057_parent_turn_57 skipping — predecessor failed
2026-10-02 00:48:28,837 - inference_perf.datagen.replay.replay_graph_session_datagen - INFO - Event wekatrace189_9f20e7ac308c284e5218e06abb1e59c04c2e:event_058_parent_turn_58 skipping — predecessor failed
2026-10-02 00:48:28,837 - inference_perf.datagen.replay.replay_graph_session_datagen - INFO - Event wekatrace189_9f20e7ac308c284e5218e06abb1e59c04c2e:event_059_parent_turn_59 skipping — predecessor failed
2026-10-02 00:48:28,837 - inference_perf.datagen.replay.replay_graph_session_datagen - INFO - Event wekatrace189_9f20e7ac308c284e5218e06abb1e59c04c2e:event_060_parent_turn_60 skipping — predecessor failed
2026-10-02 00:48:28,838 - inference_perf.datagen.replay.replay_graph_session_datagen - INFO - Event wekatrace189_9f20e7ac308c284e5218e06abb1e59c04c2e:event_061_parent_turn_61 skipping — predecessor failed
2026-10-02 00:48:28,838 - inference_perf.datagen.replay.replay_graph_session_datagen - INFO - Event wekatrace189_9f20e7ac308c284e5218e06abb1e59c04c2e:event_062_parent_turn_62 skipping — predecessor failed
2026-10-02 00:48:28,838 - inference_perf.datagen.replay.replay_graph_session_datagen - INFO - Event wekatrace189_9f20e7ac308c284e5218e06abb1e59c04c2e:event_063_parent_turn_63 skipping — predecessor failed
2026-10-02 00:48:28,838 - inference_perf.datagen.replay.replay_graph_session_datagen - INFO - Event wekatrace189_9f20e7ac308c284e5218e06abb1e59c04c2e:event_064_parent_turn_64 skipping — predecessor failed
2026-10-02 00:48:28,838 - inference_perf.datagen.replay.replay_graph_session_datagen - INFO - Event wekatrace189_9f20e7ac308c284e5218e06abb1e59c04c2e:event_065_parent_turn_65 skipping — predecessor failed
2026-10-02 00:48:28,839 - inference_perf.datagen.replay.replay_graph_session_datagen - INFO - Event wekatrace189_9f20e7ac308c284e5218e06abb1e59c04c2e:event_066_parent_turn_66 skipping — predecessor failed
2026-10-02 00:48:28,839 - inference_perf.datagen.replay.replay_graph_session_datagen - INFO - Event wekatrace189_9f20e7ac308c284e5218e06abb1e59c04c2e:event_067_parent_turn_67 skipping — predecessor failed
2026-10-02 00:48:28,839 - inference_perf.datagen.replay.replay_graph_session_datagen - INFO - Event wekatrace189_9f20e7ac308c284e5218e06abb1e59c04c2e:event_068_parent_turn_68 skipping — predecessor failed
2026-10-02 00:48:28,839 - inference_perf.datagen.replay.replay_graph_session_datagen - INFO - Event wekatrace189_9f20e7ac308c284e5218e06abb1e59c04c2e:event_069_parent_turn_69 skipping — predecessor failed
2026-10-02 00:48:28,839 - inference_perf.datagen.replay.replay_graph_session_datagen - INFO - Event wekatrace189_9f20e7ac308c284e5218e06abb1e59c04c2e:event_070_parent_turn_70 skipping — predecessor failed
2026-10-02 00:48:28,839 - inference_perf.datagen.replay.replay_graph_session_datagen - INFO - Event wekatrace189_9f20e7ac308c284e5218e06abb1e59c04c2e:event_071_parent_turn_71 skipping — predecessor failed
2026-10-02 00:48:28,849 - inference_perf.datagen.replay.replay_graph_session_datagen - INFO - Dispatching session wekatrace7_06385769df23204ac35c53ad431cf42f7c02: 20 events
2026-10-02 00:49:03,873 - inference_perf.loadgen.load_generator - WARNING - Stage 0: timeout after 2700.0s
2026-10-02 00:49:22,825 - inference_perf.datagen.replay.replay_graph_session_datagen - ERROR - Request failed for event wekatrace166_8f2283fae5c7f00025b1bb01bad3f14e65c2:event_006_sa_subagent_001_b55812fc_s0_turn_3: TimeoutError: 
2026-10-02 00:49:22,827 - inference_perf.datagen.replay.replay_graph_session_datagen - INFO - Session wekatrace166_8f2283fae5c7f00025b1bb01bad3f14e65c2 failure notification sent to main process (cancelled_events=24)
2026-10-02 00:49:22,827 - inference_perf.client.modelserver.openai_client - ERROR - 
Traceback (most recent call last):
  File "/workspace/.venv/lib/python3.12/site-packages/aiohttp/streams.py", line 365, in _wait
    await waiter
asyncio.exceptions.CancelledError

The above exception was the direct cause of the following exception:

Traceback (most recent call last):
  File "/workspace/inference_perf/apis/streaming_parser.py", line 84, in parse_sse_stream
    async for chunk in response.content.iter_any():
  File "/workspace/.venv/lib/python3.12/site-packages/aiohttp/streams.py", line 46, in __anext__
    rv = await self.read_func()
         ^^^^^^^^^^^^^^^^^^^^^^
  File "/workspace/.venv/lib/python3.12/site-packages/aiohttp/streams.py", line 460, in readany
    await self._wait("readany")
  File "/workspace/.venv/lib/python3.12/site-packages/aiohttp/streams.py", line 364, in _wait
    with self._timer:
         ^^^^^^^^^^^
  File "/workspace/.venv/lib/python3.12/site-packages/aiohttp/helpers.py", line 759, in __exit__
    raise asyncio.TimeoutError from exc_val
TimeoutError

The above exception was the direct cause of the following exception:

Traceback (most recent call last):
  File "/workspace/inference_perf/client/modelserver/openai_client.py", line 557, in process_request
    info = await data.process_response(
           ^^^^^^^^^^^^^^^^^^^^^^^^^^^^
  File "/workspace/inference_perf/datagen/replay/replay_graph_session_datagen.py", line 1039, in process_response
    text_content, chunk_times, raw_content, response_chunks, server_usage = await parse_sse_stream(
                                                                            ^^^^^^^^^^^^^^^^^^^^^^^
  File "/workspace/inference_perf/apis/streaming_parser.py", line 119, in parse_sse_stream
    raise StreamInterruptedError(e, raw_content.decode("utf-8", errors="ignore")) from e
inference_perf.apis.streaming_parser.StreamInterruptedError
2026-10-02 00:49:22,832 - inference_perf.datagen.replay.replay_graph_session_datagen - INFO - Event wekatrace166_8f2283fae5c7f00025b1bb01bad3f14e65c2:event_007_sa_subagent_001_b55812fc_s0_turn_4 skipping — predecessor failed
2026-10-02 00:49:22,832 - inference_perf.datagen.replay.replay_graph_session_datagen - INFO - Event wekatrace166_8f2283fae5c7f00025b1bb01bad3f14e65c2:event_008_sa_subagent_001_b55812fc_s0_turn_5 skipping — predecessor failed
2026-10-02 00:49:22,833 - inference_perf.datagen.replay.replay_graph_session_datagen - INFO - Event wekatrace166_8f2283fae5c7f00025b1bb01bad3f14e65c2:event_009_sa_subagent_001_b55812fc_s0_turn_6 skipping — predecessor failed
2026-10-02 00:49:22,833 - inference_perf.datagen.replay.replay_graph_session_datagen - INFO - Event wekatrace166_8f2283fae5c7f00025b1bb01bad3f14e65c2:event_010_sa_subagent_001_b55812fc_s0_turn_7 skipping — predecessor failed
2026-10-02 00:49:22,833 - inference_perf.datagen.replay.replay_graph_session_datagen - INFO - Event wekatrace166_8f2283fae5c7f00025b1bb01bad3f14e65c2:event_011_sa_subagent_001_b55812fc_s0_turn_8 skipping — predecessor failed
2026-10-02 00:49:22,833 - inference_perf.datagen.replay.replay_graph_session_datagen - INFO - Event wekatrace166_8f2283fae5c7f00025b1bb01bad3f14e65c2:event_012_sa_subagent_001_b55812fc_s0_turn_9 skipping — predecessor failed
2026-10-02 00:49:22,833 - inference_perf.datagen.replay.replay_graph_session_datagen - INFO - Event wekatrace166_8f2283fae5c7f00025b1bb01bad3f14e65c2:event_013_sa_subagent_001_b55812fc_s0_turn_10 skipping — predecessor failed
2026-10-02 00:49:22,833 - inference_perf.datagen.replay.replay_graph_session_datagen - INFO - Event wekatrace166_8f2283fae5c7f00025b1bb01bad3f14e65c2:event_014_parent_turn_3 skipping — predecessor failed
2026-10-02 00:49:22,833 - inference_perf.datagen.replay.replay_graph_session_datagen - INFO - Event wekatrace166_8f2283fae5c7f00025b1bb01bad3f14e65c2:event_015_parent_turn_4 skipping — predecessor failed
2026-10-02 00:49:22,833 - inference_perf.datagen.replay.replay_graph_session_datagen - INFO - Event wekatrace166_8f2283fae5c7f00025b1bb01bad3f14e65c2:event_016_parent_turn_5 skipping — predecessor failed
2026-10-02 00:49:22,834 - inference_perf.datagen.replay.replay_graph_session_datagen - INFO - Event wekatrace166_8f2283fae5c7f00025b1bb01bad3f14e65c2:event_017_parent_turn_6 skipping — predecessor failed
2026-10-02 00:49:22,834 - inference_perf.datagen.replay.replay_graph_session_datagen - INFO - Event wekatrace166_8f2283fae5c7f00025b1bb01bad3f14e65c2:event_018_parent_turn_7 skipping — predecessor failed
2026-10-02 00:49:22,834 - inference_perf.datagen.replay.replay_graph_session_datagen - INFO - Event wekatrace166_8f2283fae5c7f00025b1bb01bad3f14e65c2:event_019_parent_turn_8 skipping — predecessor failed
2026-10-02 00:49:22,834 - inference_perf.datagen.replay.replay_graph_session_datagen - INFO - Event wekatrace166_8f2283fae5c7f00025b1bb01bad3f14e65c2:event_020_parent_turn_9 skipping — predecessor failed
2026-10-02 00:49:22,834 - inference_perf.datagen.replay.replay_graph_session_datagen - INFO - Event wekatrace166_8f2283fae5c7f00025b1bb01bad3f14e65c2:event_021_parent_turn_10 skipping — predecessor failed
2026-10-02 00:49:22,834 - inference_perf.datagen.replay.replay_graph_session_datagen - INFO - Event wekatrace166_8f2283fae5c7f00025b1bb01bad3f14e65c2:event_022_parent_turn_11 skipping — predecessor failed
2026-10-02 00:49:22,834 - inference_perf.datagen.replay.replay_graph_session_datagen - INFO - Event wekatrace166_8f2283fae5c7f00025b1bb01bad3f14e65c2:event_023_parent_turn_12 skipping — predecessor failed
2026-10-02 00:49:22,834 - inference_perf.datagen.replay.replay_graph_session_datagen - INFO - Event wekatrace166_8f2283fae5c7f00025b1bb01bad3f14e65c2:event_024_parent_turn_13 skipping — predecessor failed
2026-10-02 00:49:22,834 - inference_perf.datagen.replay.replay_graph_session_datagen - INFO - Event wekatrace166_8f2283fae5c7f00025b1bb01bad3f14e65c2:event_025_parent_turn_14 skipping — predecessor failed
2026-10-02 00:49:22,834 - inference_perf.datagen.replay.replay_graph_session_datagen - INFO - Event wekatrace166_8f2283fae5c7f00025b1bb01bad3f14e65c2:event_026_parent_turn_15 skipping — predecessor failed
2026-10-02 00:49:22,835 - inference_perf.datagen.replay.replay_graph_session_datagen - INFO - Event wekatrace166_8f2283fae5c7f00025b1bb01bad3f14e65c2:event_027_parent_turn_16 skipping — predecessor failed
2026-10-02 00:49:22,835 - inference_perf.datagen.replay.replay_graph_session_datagen - INFO - Event wekatrace166_8f2283fae5c7f00025b1bb01bad3f14e65c2:event_028_parent_turn_17 skipping — predecessor failed
2026-10-02 00:49:22,835 - inference_perf.datagen.replay.replay_graph_session_datagen - INFO - Event wekatrace166_8f2283fae5c7f00025b1bb01bad3f14e65c2:event_029_parent_turn_18 skipping — predecessor failed
2026-10-02 00:49:22,835 - inference_perf.datagen.replay.replay_graph_session_datagen - INFO - Event wekatrace166_8f2283fae5c7f00025b1bb01bad3f14e65c2:event_030_parent_turn_19 skipping — predecessor failed
2026-10-02 00:49:41,826 - inference_perf.datagen.replay.replay_graph_session_datagen - ERROR - Request failed for event wekatrace246_c0aa708812050845e793abe7de5d4a727aee:event_005_parent_turn_5: TimeoutError: 
2026-10-02 00:49:41,827 - inference_perf.datagen.replay.replay_graph_session_datagen - INFO - Session wekatrace246_c0aa708812050845e793abe7de5d4a727aee failure notification sent to main process (cancelled_events=87)
2026-10-02 00:49:41,828 - inference_perf.client.modelserver.openai_client - ERROR - 
Traceback (most recent call last):
  File "/workspace/.venv/lib/python3.12/site-packages/aiohttp/streams.py", line 365, in _wait
    await waiter
asyncio.exceptions.CancelledError

The above exception was the direct cause of the following exception:

Traceback (most recent call last):
  File "/workspace/inference_perf/apis/streaming_parser.py", line 84, in parse_sse_stream
    async for chunk in response.content.iter_any():
  File "/workspace/.venv/lib/python3.12/site-packages/aiohttp/streams.py", line 46, in __anext__
    rv = await self.read_func()
         ^^^^^^^^^^^^^^^^^^^^^^
  File "/workspace/.venv/lib/python3.12/site-packages/aiohttp/streams.py", line 460, in readany
    await self._wait("readany")
  File "/workspace/.venv/lib/python3.12/site-packages/aiohttp/streams.py", line 364, in _wait
    with self._timer:
         ^^^^^^^^^^^
  File "/workspace/.venv/lib/python3.12/site-packages/aiohttp/helpers.py", line 759, in __exit__
    raise asyncio.TimeoutError from exc_val
TimeoutError

The above exception was the direct cause of the following exception:

Traceback (most recent call last):
  File "/workspace/inference_perf/client/modelserver/openai_client.py", line 557, in process_request
    info = await data.process_response(
           ^^^^^^^^^^^^^^^^^^^^^^^^^^^^
  File "/workspace/inference_perf/datagen/replay/replay_graph_session_datagen.py", line 1039, in process_response
    text_content, chunk_times, raw_content, response_chunks, server_usage = await parse_sse_stream(
                                                                            ^^^^^^^^^^^^^^^^^^^^^^^
  File "/workspace/inference_perf/apis/streaming_parser.py", line 119, in parse_sse_stream
    raise StreamInterruptedError(e, raw_content.decode("utf-8", errors="ignore")) from e
inference_perf.apis.streaming_parser.StreamInterruptedError
2026-10-02 00:49:41,832 - inference_perf.datagen.replay.replay_graph_session_datagen - INFO - Event wekatrace246_c0aa708812050845e793abe7de5d4a727aee:event_006_parent_turn_6 skipping — predecessor failed
2026-10-02 00:49:41,832 - inference_perf.datagen.replay.replay_graph_session_datagen - INFO - Event wekatrace246_c0aa708812050845e793abe7de5d4a727aee:event_007_parent_turn_7 skipping — predecessor failed
2026-10-02 00:49:41,832 - inference_perf.datagen.replay.replay_graph_session_datagen - INFO - Event wekatrace246_c0aa708812050845e793abe7de5d4a727aee:event_008_parent_turn_8 skipping — predecessor failed
2026-10-02 00:49:41,832 - inference_perf.datagen.replay.replay_graph_session_datagen - INFO - Event wekatrace246_c0aa708812050845e793abe7de5d4a727aee:event_009_parent_turn_9 skipping — predecessor failed
2026-10-02 00:49:41,833 - inference_perf.datagen.replay.replay_graph_session_datagen - INFO - Event wekatrace246_c0aa708812050845e793abe7de5d4a727aee:event_010_parent_turn_10 skipping — predecessor failed
2026-10-02 00:49:41,833 - inference_perf.datagen.replay.replay_graph_session_datagen - INFO - Event wekatrace246_c0aa708812050845e793abe7de5d4a727aee:event_011_parent_turn_11 skipping — predecessor failed
2026-10-02 00:49:41,833 - inference_perf.datagen.replay.replay_graph_session_datagen - INFO - Event wekatrace246_c0aa708812050845e793abe7de5d4a727aee:event_012_parent_turn_12 skipping — predecessor failed
2026-10-02 00:49:41,833 - inference_perf.datagen.replay.replay_graph_session_datagen - INFO - Event wekatrace246_c0aa708812050845e793abe7de5d4a727aee:event_013_parent_turn_13 skipping — predecessor failed
2026-10-02 00:49:41,834 - inference_perf.datagen.replay.replay_graph_session_datagen - INFO - Event wekatrace246_c0aa708812050845e793abe7de5d4a727aee:event_014_parent_turn_14 skipping — predecessor failed
2026-10-02 00:49:41,834 - inference_perf.datagen.replay.replay_graph_session_datagen - INFO - Event wekatrace246_c0aa708812050845e793abe7de5d4a727aee:event_015_parent_turn_15 skipping — predecessor failed
2026-10-02 00:49:41,834 - inference_perf.datagen.replay.replay_graph_session_datagen - INFO - Event wekatrace246_c0aa708812050845e793abe7de5d4a727aee:event_016_parent_turn_16 skipping — predecessor failed
2026-10-02 00:49:41,834 - inference_perf.datagen.replay.replay_graph_session_datagen - INFO - Event wekatrace246_c0aa708812050845e793abe7de5d4a727aee:event_017_parent_turn_17 skipping — predecessor failed
2026-10-02 00:49:41,834 - inference_perf.datagen.replay.replay_graph_session_datagen - INFO - Event wekatrace246_c0aa708812050845e793abe7de5d4a727aee:event_018_parent_turn_18 skipping — predecessor failed
2026-10-02 00:49:41,834 - inference_perf.datagen.replay.replay_graph_session_datagen - INFO - Event wekatrace246_c0aa708812050845e793abe7de5d4a727aee:event_019_parent_turn_19 skipping — predecessor failed
2026-10-02 00:49:41,834 - inference_perf.datagen.replay.replay_graph_session_datagen - INFO - Event wekatrace246_c0aa708812050845e793abe7de5d4a727aee:event_020_parent_turn_20 skipping — predecessor failed
2026-10-02 00:49:41,834 - inference_perf.datagen.replay.replay_graph_session_datagen - INFO - Event wekatrace246_c0aa708812050845e793abe7de5d4a727aee:event_021_parent_turn_21 skipping — predecessor failed
2026-10-02 00:49:41,835 - inference_perf.datagen.replay.replay_graph_session_datagen - INFO - Event wekatrace246_c0aa708812050845e793abe7de5d4a727aee:event_022_parent_turn_22 skipping — predecessor failed
2026-10-02 00:49:41,835 - inference_perf.datagen.replay.replay_graph_session_datagen - INFO - Event wekatrace246_c0aa708812050845e793abe7de5d4a727aee:event_023_parent_turn_23 skipping — predecessor failed
2026-10-02 00:49:41,835 - inference_perf.datagen.replay.replay_graph_session_datagen - INFO - Event wekatrace246_c0aa708812050845e793abe7de5d4a727aee:event_024_parent_turn_24 skipping — predecessor failed
2026-10-02 00:49:41,835 - inference_perf.datagen.replay.replay_graph_session_datagen - INFO - Event wekatrace246_c0aa708812050845e793abe7de5d4a727aee:event_025_parent_turn_25 skipping — predecessor failed
2026-10-02 00:49:41,835 - inference_perf.datagen.replay.replay_graph_session_datagen - INFO - Event wekatrace246_c0aa708812050845e793abe7de5d4a727aee:event_026_parent_turn_26 skipping — predecessor failed
2026-10-02 00:49:41,835 - inference_perf.datagen.replay.replay_graph_session_datagen - INFO - Event wekatrace246_c0aa708812050845e793abe7de5d4a727aee:event_027_parent_turn_27 skipping — predecessor failed
2026-10-02 00:49:41,835 - inference_perf.datagen.replay.replay_graph_session_datagen - INFO - Event wekatrace246_c0aa708812050845e793abe7de5d4a727aee:event_028_parent_turn_28 skipping — predecessor failed
2026-10-02 00:49:41,835 - inference_perf.datagen.replay.replay_graph_session_datagen - INFO - Event wekatrace246_c0aa708812050845e793abe7de5d4a727aee:event_029_parent_turn_29 skipping — predecessor failed
2026-10-02 00:49:41,835 - inference_perf.datagen.replay.replay_graph_session_datagen - INFO - Event wekatrace246_c0aa708812050845e793abe7de5d4a727aee:event_030_parent_turn_30 skipping — predecessor failed
2026-10-02 00:49:41,836 - inference_perf.datagen.replay.replay_graph_session_datagen - INFO - Event wekatrace246_c0aa708812050845e793abe7de5d4a727aee:event_031_parent_turn_31 skipping — predecessor failed
2026-10-02 00:49:41,836 - inference_perf.datagen.replay.replay_graph_session_datagen - INFO - Event wekatrace246_c0aa708812050845e793abe7de5d4a727aee:event_032_parent_turn_32 skipping — predecessor failed
2026-10-02 00:49:41,836 - inference_perf.datagen.replay.replay_graph_session_datagen - INFO - Event wekatrace246_c0aa708812050845e793abe7de5d4a727aee:event_033_parent_turn_33 skipping — predecessor failed
2026-10-02 00:49:41,836 - inference_perf.datagen.replay.replay_graph_session_datagen - INFO - Event wekatrace246_c0aa708812050845e793abe7de5d4a727aee:event_034_parent_turn_34 skipping — predecessor failed
2026-10-02 00:49:41,836 - inference_perf.datagen.replay.replay_graph_session_datagen - INFO - Event wekatrace246_c0aa708812050845e793abe7de5d4a727aee:event_035_parent_turn_35 skipping — predecessor failed
2026-10-02 00:49:41,836 - inference_perf.datagen.replay.replay_graph_session_datagen - INFO - Event wekatrace246_c0aa708812050845e793abe7de5d4a727aee:event_036_parent_turn_36 skipping — predecessor failed
2026-10-02 00:49:41,836 - inference_perf.datagen.replay.replay_graph_session_datagen - INFO - Event wekatrace246_c0aa708812050845e793abe7de5d4a727aee:event_037_parent_turn_37 skipping — predecessor failed
2026-10-02 00:49:41,836 - inference_perf.datagen.replay.replay_graph_session_datagen - INFO - Event wekatrace246_c0aa708812050845e793abe7de5d4a727aee:event_038_parent_turn_38 skipping — predecessor failed
2026-10-02 00:49:41,836 - inference_perf.datagen.replay.replay_graph_session_datagen - INFO - Event wekatrace246_c0aa708812050845e793abe7de5d4a727aee:event_039_parent_turn_39 skipping — predecessor failed
2026-10-02 00:49:41,837 - inference_perf.datagen.replay.replay_graph_session_datagen - INFO - Event wekatrace246_c0aa708812050845e793abe7de5d4a727aee:event_040_parent_turn_40 skipping — predecessor failed
2026-10-02 00:49:41,837 - inference_perf.datagen.replay.replay_graph_session_datagen - INFO - Event wekatrace246_c0aa708812050845e793abe7de5d4a727aee:event_041_parent_turn_41 skipping — predecessor failed
2026-10-02 00:49:41,837 - inference_perf.datagen.replay.replay_graph_session_datagen - INFO - Event wekatrace246_c0aa708812050845e793abe7de5d4a727aee:event_042_parent_turn_42 skipping — predecessor failed
2026-10-02 00:49:41,837 - inference_perf.datagen.replay.replay_graph_session_datagen - INFO - Event wekatrace246_c0aa708812050845e793abe7de5d4a727aee:event_043_parent_turn_43 skipping — predecessor failed
2026-10-02 00:49:41,837 - inference_perf.datagen.replay.replay_graph_session_datagen - INFO - Event wekatrace246_c0aa708812050845e793abe7de5d4a727aee:event_044_parent_turn_44 skipping — predecessor failed
2026-10-02 00:49:41,837 - inference_perf.datagen.replay.replay_graph_session_datagen - INFO - Event wekatrace246_c0aa708812050845e793abe7de5d4a727aee:event_045_parent_turn_45 skipping — predecessor failed
2026-10-02 00:49:41,837 - inference_perf.datagen.replay.replay_graph_session_datagen - INFO - Event wekatrace246_c0aa708812050845e793abe7de5d4a727aee:event_046_parent_turn_46 skipping — predecessor failed
2026-10-02 00:49:41,838 - inference_perf.datagen.replay.replay_graph_session_datagen - INFO - Event wekatrace246_c0aa708812050845e793abe7de5d4a727aee:event_047_parent_turn_47 skipping — predecessor failed
2026-10-02 00:49:41,838 - inference_perf.datagen.replay.replay_graph_session_datagen - INFO - Event wekatrace246_c0aa708812050845e793abe7de5d4a727aee:event_048_parent_turn_48 skipping — predecessor failed
2026-10-02 00:49:41,838 - inference_perf.datagen.replay.replay_graph_session_datagen - INFO - Event wekatrace246_c0aa708812050845e793abe7de5d4a727aee:event_049_parent_turn_49 skipping — predecessor failed
2026-10-02 00:49:41,838 - inference_perf.datagen.replay.replay_graph_session_datagen - INFO - Event wekatrace246_c0aa708812050845e793abe7de5d4a727aee:event_050_parent_turn_50 skipping — predecessor failed
2026-10-02 00:49:41,838 - inference_perf.datagen.replay.replay_graph_session_datagen - INFO - Event wekatrace246_c0aa708812050845e793abe7de5d4a727aee:event_051_parent_turn_51 skipping — predecessor failed
2026-10-02 00:49:41,838 - inference_perf.datagen.replay.replay_graph_session_datagen - INFO - Event wekatrace246_c0aa708812050845e793abe7de5d4a727aee:event_052_parent_turn_52 skipping — predecessor failed
2026-10-02 00:49:41,839 - inference_perf.datagen.replay.replay_graph_session_datagen - INFO - Event wekatrace246_c0aa708812050845e793abe7de5d4a727aee:event_053_parent_turn_53 skipping — predecessor failed
2026-10-02 00:49:41,839 - inference_perf.datagen.replay.replay_graph_session_datagen - INFO - Event wekatrace246_c0aa708812050845e793abe7de5d4a727aee:event_054_parent_turn_54 skipping — predecessor failed
2026-10-02 00:49:41,839 - inference_perf.datagen.replay.replay_graph_session_datagen - INFO - Event wekatrace246_c0aa708812050845e793abe7de5d4a727aee:event_055_parent_turn_55 skipping — predecessor failed
2026-10-02 00:49:41,839 - inference_perf.datagen.replay.replay_graph_session_datagen - INFO - Event wekatrace246_c0aa708812050845e793abe7de5d4a727aee:event_056_parent_turn_56 skipping — predecessor failed
2026-10-02 00:49:41,839 - inference_perf.datagen.replay.replay_graph_session_datagen - INFO - Event wekatrace246_c0aa708812050845e793abe7de5d4a727aee:event_057_parent_turn_57 skipping — predecessor failed
2026-10-02 00:49:41,839 - inference_perf.datagen.replay.replay_graph_session_datagen - INFO - Event wekatrace246_c0aa708812050845e793abe7de5d4a727aee:event_058_parent_turn_58 skipping — predecessor failed
2026-10-02 00:49:41,839 - inference_perf.datagen.replay.replay_graph_session_datagen - INFO - Event wekatrace246_c0aa708812050845e793abe7de5d4a727aee:event_059_parent_turn_59 skipping — predecessor failed
2026-10-02 00:49:41,839 - inference_perf.datagen.replay.replay_graph_session_datagen - INFO - Event wekatrace246_c0aa708812050845e793abe7de5d4a727aee:event_060_parent_turn_60 skipping — predecessor failed
2026-10-02 00:49:41,840 - inference_perf.datagen.replay.replay_graph_session_datagen - INFO - Event wekatrace246_c0aa708812050845e793abe7de5d4a727aee:event_061_parent_turn_61 skipping — predecessor failed
2026-10-02 00:49:41,840 - inference_perf.datagen.replay.replay_graph_session_datagen - INFO - Event wekatrace246_c0aa708812050845e793abe7de5d4a727aee:event_062_parent_turn_62 skipping — predecessor failed
2026-10-02 00:49:41,840 - inference_perf.datagen.replay.replay_graph_session_datagen - INFO - Event wekatrace246_c0aa708812050845e793abe7de5d4a727aee:event_063_parent_turn_63 skipping — predecessor failed
2026-10-02 00:49:41,840 - inference_perf.datagen.replay.replay_graph_session_datagen - INFO - Event wekatrace246_c0aa708812050845e793abe7de5d4a727aee:event_064_parent_turn_64 skipping — predecessor failed
2026-10-02 00:49:41,840 - inference_perf.datagen.replay.replay_graph_session_datagen - INFO - Event wekatrace246_c0aa708812050845e793abe7de5d4a727aee:event_065_parent_turn_65 skipping — predecessor failed
2026-10-02 00:49:41,840 - inference_perf.datagen.replay.replay_graph_session_datagen - INFO - Event wekatrace246_c0aa708812050845e793abe7de5d4a727aee:event_066_parent_turn_66 skipping — predecessor failed
2026-10-02 00:49:41,840 - inference_perf.datagen.replay.replay_graph_session_datagen - INFO - Event wekatrace246_c0aa708812050845e793abe7de5d4a727aee:event_067_parent_turn_67 skipping — predecessor failed
2026-10-02 00:49:41,841 - inference_perf.datagen.replay.replay_graph_session_datagen - INFO - Event wekatrace246_c0aa708812050845e793abe7de5d4a727aee:event_068_parent_turn_68 skipping — predecessor failed
2026-10-02 00:49:41,841 - inference_perf.datagen.replay.replay_graph_session_datagen - INFO - Event wekatrace246_c0aa708812050845e793abe7de5d4a727aee:event_069_parent_turn_69 skipping — predecessor failed
2026-10-02 00:49:41,841 - inference_perf.datagen.replay.replay_graph_session_datagen - INFO - Event wekatrace246_c0aa708812050845e793abe7de5d4a727aee:event_070_parent_turn_70 skipping — predecessor failed
2026-10-02 00:49:41,841 - inference_perf.datagen.replay.replay_graph_session_datagen - INFO - Event wekatrace246_c0aa708812050845e793abe7de5d4a727aee:event_071_parent_turn_71 skipping — predecessor failed
2026-10-02 00:49:41,841 - inference_perf.datagen.replay.replay_graph_session_datagen - INFO - Event wekatrace246_c0aa708812050845e793abe7de5d4a727aee:event_072_parent_turn_72 skipping — predecessor failed
2026-10-02 00:49:41,842 - inference_perf.datagen.replay.replay_graph_session_datagen - INFO - Event wekatrace246_c0aa708812050845e793abe7de5d4a727aee:event_073_parent_turn_73 skipping — predecessor failed
2026-10-02 00:49:41,842 - inference_perf.datagen.replay.replay_graph_session_datagen - INFO - Event wekatrace246_c0aa708812050845e793abe7de5d4a727aee:event_074_parent_turn_74 skipping — predecessor failed
2026-10-02 00:49:41,842 - inference_perf.datagen.replay.replay_graph_session_datagen - INFO - Event wekatrace246_c0aa708812050845e793abe7de5d4a727aee:event_075_parent_turn_75 skipping — predecessor failed
2026-10-02 00:49:41,842 - inference_perf.datagen.replay.replay_graph_session_datagen - INFO - Event wekatrace246_c0aa708812050845e793abe7de5d4a727aee:event_076_parent_turn_76 skipping — predecessor failed
2026-10-02 00:49:41,842 - inference_perf.datagen.replay.replay_graph_session_datagen - INFO - Event wekatrace246_c0aa708812050845e793abe7de5d4a727aee:event_077_parent_turn_77 skipping — predecessor failed
2026-10-02 00:49:41,842 - inference_perf.datagen.replay.replay_graph_session_datagen - INFO - Event wekatrace246_c0aa708812050845e793abe7de5d4a727aee:event_078_parent_turn_78 skipping — predecessor failed
2026-10-02 00:49:41,842 - inference_perf.datagen.replay.replay_graph_session_datagen - INFO - Event wekatrace246_c0aa708812050845e793abe7de5d4a727aee:event_079_parent_turn_79 skipping — predecessor failed
2026-10-02 00:49:41,843 - inference_perf.datagen.replay.replay_graph_session_datagen - INFO - Event wekatrace246_c0aa708812050845e793abe7de5d4a727aee:event_080_parent_turn_80 skipping — predecessor failed
2026-10-02 00:49:41,843 - inference_perf.datagen.replay.replay_graph_session_datagen - INFO - Event wekatrace246_c0aa708812050845e793abe7de5d4a727aee:event_081_parent_turn_81 skipping — predecessor failed
2026-10-02 00:49:41,843 - inference_perf.datagen.replay.replay_graph_session_datagen - INFO - Event wekatrace246_c0aa708812050845e793abe7de5d4a727aee:event_082_parent_turn_82 skipping — predecessor failed
2026-10-02 00:49:41,843 - inference_perf.datagen.replay.replay_graph_session_datagen - INFO - Event wekatrace246_c0aa708812050845e793abe7de5d4a727aee:event_083_parent_turn_83 skipping — predecessor failed
2026-10-02 00:49:41,843 - inference_perf.datagen.replay.replay_graph_session_datagen - INFO - Event wekatrace246_c0aa708812050845e793abe7de5d4a727aee:event_084_parent_turn_84 skipping — predecessor failed
2026-10-02 00:49:41,843 - inference_perf.datagen.replay.replay_graph_session_datagen - INFO - Event wekatrace246_c0aa708812050845e793abe7de5d4a727aee:event_085_parent_turn_85 skipping — predecessor failed
2026-10-02 00:49:41,843 - inference_perf.datagen.replay.replay_graph_session_datagen - INFO - Event wekatrace246_c0aa708812050845e793abe7de5d4a727aee:event_086_parent_turn_86 skipping — predecessor failed
2026-10-02 00:49:41,843 - inference_perf.datagen.replay.replay_graph_session_datagen - INFO - Event wekatrace246_c0aa708812050845e793abe7de5d4a727aee:event_087_parent_turn_87 skipping — predecessor failed
2026-10-02 00:49:41,844 - inference_perf.datagen.replay.replay_graph_session_datagen - INFO - Event wekatrace246_c0aa708812050845e793abe7de5d4a727aee:event_088_parent_turn_88 skipping — predecessor failed
2026-10-02 00:49:41,844 - inference_perf.datagen.replay.replay_graph_session_datagen - INFO - Event wekatrace246_c0aa708812050845e793abe7de5d4a727aee:event_089_parent_turn_89 skipping — predecessor failed
2026-10-02 00:49:41,844 - inference_perf.datagen.replay.replay_graph_session_datagen - INFO - Event wekatrace246_c0aa708812050845e793abe7de5d4a727aee:event_090_parent_turn_90 skipping — predecessor failed
2026-10-02 00:49:41,844 - inference_perf.datagen.replay.replay_graph_session_datagen - INFO - Event wekatrace246_c0aa708812050845e793abe7de5d4a727aee:event_091_parent_turn_91 skipping — predecessor failed
2026-10-02 00:49:41,844 - inference_perf.datagen.replay.replay_graph_session_datagen - INFO - Event wekatrace246_c0aa708812050845e793abe7de5d4a727aee:event_092_parent_turn_92 skipping — predecessor failed
2026-10-02 00:49:42,826 - inference_perf.datagen.replay.replay_graph_session_datagen - ERROR - Request failed for event wekatrace57_300134008d4cc98f288179ea9dd9314f140c:event_006_parent_turn_6: TimeoutError: 
2026-10-02 00:49:42,827 - inference_perf.datagen.replay.replay_graph_session_datagen - INFO - Session wekatrace57_300134008d4cc98f288179ea9dd9314f140c failure notification sent to main process (cancelled_events=50)
2026-10-02 00:49:42,828 - inference_perf.client.modelserver.openai_client - ERROR - 
Traceback (most recent call last):
  File "/workspace/.venv/lib/python3.12/site-packages/aiohttp/streams.py", line 365, in _wait
    await waiter
asyncio.exceptions.CancelledError

The above exception was the direct cause of the following exception:

Traceback (most recent call last):
  File "/workspace/inference_perf/apis/streaming_parser.py", line 84, in parse_sse_stream
    async for chunk in response.content.iter_any():
  File "/workspace/.venv/lib/python3.12/site-packages/aiohttp/streams.py", line 46, in __anext__
    rv = await self.read_func()
         ^^^^^^^^^^^^^^^^^^^^^^
  File "/workspace/.venv/lib/python3.12/site-packages/aiohttp/streams.py", line 460, in readany
    await self._wait("readany")
  File "/workspace/.venv/lib/python3.12/site-packages/aiohttp/streams.py", line 364, in _wait
    with self._timer:
         ^^^^^^^^^^^
  File "/workspace/.venv/lib/python3.12/site-packages/aiohttp/helpers.py", line 759, in __exit__
    raise asyncio.TimeoutError from exc_val
TimeoutError

The above exception was the direct cause of the following exception:

Traceback (most recent call last):
  File "/workspace/inference_perf/client/modelserver/openai_client.py", line 557, in process_request
    info = await data.process_response(
           ^^^^^^^^^^^^^^^^^^^^^^^^^^^^
  File "/workspace/inference_perf/datagen/replay/replay_graph_session_datagen.py", line 1039, in process_response
    text_content, chunk_times, raw_content, response_chunks, server_usage = await parse_sse_stream(
                                                                            ^^^^^^^^^^^^^^^^^^^^^^^
  File "/workspace/inference_perf/apis/streaming_parser.py", line 119, in parse_sse_stream
    raise StreamInterruptedError(e, raw_content.decode("utf-8", errors="ignore")) from e
inference_perf.apis.streaming_parser.StreamInterruptedError
2026-10-02 00:49:42,833 - inference_perf.datagen.replay.replay_graph_session_datagen - INFO - Event wekatrace57_300134008d4cc98f288179ea9dd9314f140c:event_007_parent_turn_7 skipping — predecessor failed
2026-10-02 00:49:42,833 - inference_perf.datagen.replay.replay_graph_session_datagen - INFO - Event wekatrace57_300134008d4cc98f288179ea9dd9314f140c:event_008_parent_turn_8 skipping — predecessor failed
2026-10-02 00:49:42,833 - inference_perf.datagen.replay.replay_graph_session_datagen - INFO - Event wekatrace57_300134008d4cc98f288179ea9dd9314f140c:event_009_parent_turn_9 skipping — predecessor failed
2026-10-02 00:49:42,833 - inference_perf.datagen.replay.replay_graph_session_datagen - INFO - Event wekatrace57_300134008d4cc98f288179ea9dd9314f140c:event_010_parent_turn_10 skipping — predecessor failed
2026-10-02 00:49:42,833 - inference_perf.datagen.replay.replay_graph_session_datagen - INFO - Event wekatrace57_300134008d4cc98f288179ea9dd9314f140c:event_011_parent_turn_11 skipping — predecessor failed
2026-10-02 00:49:42,833 - inference_perf.datagen.replay.replay_graph_session_datagen - INFO - Event wekatrace57_300134008d4cc98f288179ea9dd9314f140c:event_012_parent_turn_12 skipping — predecessor failed
2026-10-02 00:49:42,833 - inference_perf.datagen.replay.replay_graph_session_datagen - INFO - Event wekatrace57_300134008d4cc98f288179ea9dd9314f140c:event_013_parent_turn_13 skipping — predecessor failed
2026-10-02 00:49:42,833 - inference_perf.datagen.replay.replay_graph_session_datagen - INFO - Event wekatrace57_300134008d4cc98f288179ea9dd9314f140c:event_014_parent_turn_14 skipping — predecessor failed
2026-10-02 00:49:42,834 - inference_perf.datagen.replay.replay_graph_session_datagen - INFO - Event wekatrace57_300134008d4cc98f288179ea9dd9314f140c:event_015_parent_turn_15 skipping — predecessor failed
2026-10-02 00:49:42,834 - inference_perf.datagen.replay.replay_graph_session_datagen - INFO - Event wekatrace57_300134008d4cc98f288179ea9dd9314f140c:event_016_parent_turn_16 skipping — predecessor failed
2026-10-02 00:49:42,834 - inference_perf.datagen.replay.replay_graph_session_datagen - INFO - Event wekatrace57_300134008d4cc98f288179ea9dd9314f140c:event_017_parent_turn_17 skipping — predecessor failed
2026-10-02 00:49:42,834 - inference_perf.datagen.replay.replay_graph_session_datagen - INFO - Event wekatrace57_300134008d4cc98f288179ea9dd9314f140c:event_018_parent_turn_18 skipping — predecessor failed
2026-10-02 00:49:42,834 - inference_perf.datagen.replay.replay_graph_session_datagen - INFO - Event wekatrace57_300134008d4cc98f288179ea9dd9314f140c:event_019_parent_turn_19 skipping — predecessor failed
2026-10-02 00:49:42,835 - inference_perf.datagen.replay.replay_graph_session_datagen - INFO - Event wekatrace57_300134008d4cc98f288179ea9dd9314f140c:event_020_parent_turn_20 skipping — predecessor failed
2026-10-02 00:49:42,835 - inference_perf.datagen.replay.replay_graph_session_datagen - INFO - Event wekatrace57_300134008d4cc98f288179ea9dd9314f140c:event_021_parent_turn_21 skipping — predecessor failed
2026-10-02 00:49:42,835 - inference_perf.datagen.replay.replay_graph_session_datagen - INFO - Event wekatrace57_300134008d4cc98f288179ea9dd9314f140c:event_022_parent_turn_22 skipping — predecessor failed
2026-10-02 00:49:42,835 - inference_perf.datagen.replay.replay_graph_session_datagen - INFO - Event wekatrace57_300134008d4cc98f288179ea9dd9314f140c:event_023_parent_turn_23 skipping — predecessor failed
2026-10-02 00:49:42,835 - inference_perf.datagen.replay.replay_graph_session_datagen - INFO - Event wekatrace57_300134008d4cc98f288179ea9dd9314f140c:event_024_parent_turn_24 skipping — predecessor failed
2026-10-02 00:49:42,835 - inference_perf.datagen.replay.replay_graph_session_datagen - INFO - Event wekatrace57_300134008d4cc98f288179ea9dd9314f140c:event_025_parent_turn_25 skipping — predecessor failed
2026-10-02 00:49:42,835 - inference_perf.datagen.replay.replay_graph_session_datagen - INFO - Event wekatrace57_300134008d4cc98f288179ea9dd9314f140c:event_026_parent_turn_26 skipping — predecessor failed
2026-10-02 00:49:42,835 - inference_perf.datagen.replay.replay_graph_session_datagen - INFO - Event wekatrace57_300134008d4cc98f288179ea9dd9314f140c:event_027_parent_turn_27 skipping — predecessor failed
2026-10-02 00:49:42,835 - inference_perf.datagen.replay.replay_graph_session_datagen - INFO - Event wekatrace57_300134008d4cc98f288179ea9dd9314f140c:event_028_parent_turn_28 skipping — predecessor failed
2026-10-02 00:49:42,836 - inference_perf.datagen.replay.replay_graph_session_datagen - INFO - Event wekatrace57_300134008d4cc98f288179ea9dd9314f140c:event_029_parent_turn_29 skipping — predecessor failed
2026-10-02 00:49:42,836 - inference_perf.datagen.replay.replay_graph_session_datagen - INFO - Event wekatrace57_300134008d4cc98f288179ea9dd9314f140c:event_030_parent_turn_30 skipping — predecessor failed
2026-10-02 00:49:42,836 - inference_perf.datagen.replay.replay_graph_session_datagen - INFO - Event wekatrace57_300134008d4cc98f288179ea9dd9314f140c:event_031_parent_turn_31 skipping — predecessor failed
2026-10-02 00:49:42,836 - inference_perf.datagen.replay.replay_graph_session_datagen - INFO - Event wekatrace57_300134008d4cc98f288179ea9dd9314f140c:event_032_parent_turn_32 skipping — predecessor failed
2026-10-02 00:49:42,836 - inference_perf.datagen.replay.replay_graph_session_datagen - INFO - Event wekatrace57_300134008d4cc98f288179ea9dd9314f140c:event_033_parent_turn_33 skipping — predecessor failed
2026-10-02 00:49:42,836 - inference_perf.datagen.replay.replay_graph_session_datagen - INFO - Event wekatrace57_300134008d4cc98f288179ea9dd9314f140c:event_034_parent_turn_34 skipping — predecessor failed
2026-10-02 00:49:42,836 - inference_perf.datagen.replay.replay_graph_session_datagen - INFO - Event wekatrace57_300134008d4cc98f288179ea9dd9314f140c:event_035_parent_turn_35 skipping — predecessor failed
2026-10-02 00:49:42,836 - inference_perf.datagen.replay.replay_graph_session_datagen - INFO - Event wekatrace57_300134008d4cc98f288179ea9dd9314f140c:event_036_parent_turn_36 skipping — predecessor failed
2026-10-02 00:49:42,837 - inference_perf.datagen.replay.replay_graph_session_datagen - INFO - Event wekatrace57_300134008d4cc98f288179ea9dd9314f140c:event_037_parent_turn_37 skipping — predecessor failed
2026-10-02 00:49:42,837 - inference_perf.datagen.replay.replay_graph_session_datagen - INFO - Event wekatrace57_300134008d4cc98f288179ea9dd9314f140c:event_038_parent_turn_38 skipping — predecessor failed
2026-10-02 00:49:42,837 - inference_perf.datagen.replay.replay_graph_session_datagen - INFO - Event wekatrace57_300134008d4cc98f288179ea9dd9314f140c:event_039_parent_turn_39 skipping — predecessor failed
2026-10-02 00:49:42,837 - inference_perf.datagen.replay.replay_graph_session_datagen - INFO - Event wekatrace57_300134008d4cc98f288179ea9dd9314f140c:event_040_parent_turn_40 skipping — predecessor failed
2026-10-02 00:49:42,837 - inference_perf.datagen.replay.replay_graph_session_datagen - INFO - Event wekatrace57_300134008d4cc98f288179ea9dd9314f140c:event_041_parent_turn_41 skipping — predecessor failed
2026-10-02 00:49:42,837 - inference_perf.datagen.replay.replay_graph_session_datagen - INFO - Event wekatrace57_300134008d4cc98f288179ea9dd9314f140c:event_042_parent_turn_42 skipping — predecessor failed
2026-10-02 00:49:42,837 - inference_perf.datagen.replay.replay_graph_session_datagen - INFO - Event wekatrace57_300134008d4cc98f288179ea9dd9314f140c:event_043_parent_turn_43 skipping — predecessor failed
2026-10-02 00:49:42,837 - inference_perf.datagen.replay.replay_graph_session_datagen - INFO - Event wekatrace57_300134008d4cc98f288179ea9dd9314f140c:event_044_parent_turn_44 skipping — predecessor failed
2026-10-02 00:49:42,838 - inference_perf.datagen.replay.replay_graph_session_datagen - INFO - Event wekatrace57_300134008d4cc98f288179ea9dd9314f140c:event_045_parent_turn_45 skipping — predecessor failed
2026-10-02 00:49:42,838 - inference_perf.datagen.replay.replay_graph_session_datagen - INFO - Event wekatrace57_300134008d4cc98f288179ea9dd9314f140c:event_046_parent_turn_46 skipping — predecessor failed
2026-10-02 00:49:42,838 - inference_perf.datagen.replay.replay_graph_session_datagen - INFO - Event wekatrace57_300134008d4cc98f288179ea9dd9314f140c:event_047_parent_turn_47 skipping — predecessor failed
2026-10-02 00:49:42,838 - inference_perf.datagen.replay.replay_graph_session_datagen - INFO - Event wekatrace57_300134008d4cc98f288179ea9dd9314f140c:event_048_parent_turn_48 skipping — predecessor failed
2026-10-02 00:49:42,838 - inference_perf.datagen.replay.replay_graph_session_datagen - INFO - Event wekatrace57_300134008d4cc98f288179ea9dd9314f140c:event_049_parent_turn_49 skipping — predecessor failed
2026-10-02 00:49:42,838 - inference_perf.datagen.replay.replay_graph_session_datagen - INFO - Event wekatrace57_300134008d4cc98f288179ea9dd9314f140c:event_050_parent_turn_50 skipping — predecessor failed
2026-10-02 00:49:42,838 - inference_perf.datagen.replay.replay_graph_session_datagen - INFO - Event wekatrace57_300134008d4cc98f288179ea9dd9314f140c:event_051_parent_turn_51 skipping — predecessor failed
2026-10-02 00:49:42,839 - inference_perf.datagen.replay.replay_graph_session_datagen - INFO - Event wekatrace57_300134008d4cc98f288179ea9dd9314f140c:event_052_parent_turn_52 skipping — predecessor failed
2026-10-02 00:49:42,839 - inference_perf.datagen.replay.replay_graph_session_datagen - INFO - Event wekatrace57_300134008d4cc98f288179ea9dd9314f140c:event_053_parent_turn_53 skipping — predecessor failed
2026-10-02 00:49:42,839 - inference_perf.datagen.replay.replay_graph_session_datagen - INFO - Event wekatrace57_300134008d4cc98f288179ea9dd9314f140c:event_054_parent_turn_54 skipping — predecessor failed
2026-10-02 00:49:42,839 - inference_perf.datagen.replay.replay_graph_session_datagen - INFO - Event wekatrace57_300134008d4cc98f288179ea9dd9314f140c:event_055_parent_turn_55 skipping — predecessor failed
2026-10-02 00:49:42,839 - inference_perf.datagen.replay.replay_graph_session_datagen - INFO - Event wekatrace57_300134008d4cc98f288179ea9dd9314f140c:event_056_parent_turn_56 skipping — predecessor failed
2026-10-02 00:51:03,880 - inference_perf.loadgen.load_generator - WARNING - [Worker 17] cancelling 981 tasks still running at stage teardown
2026-10-02 00:51:03,881 - inference_perf.loadgen.load_generator - WARNING - [Worker 5] cancelling 470 tasks still running at stage teardown
2026-10-02 00:51:03,912 - inference_perf.loadgen.load_generator - WARNING - [Worker 20] cancelling 930 tasks still running at stage teardown
2026-10-02 00:51:03,923 - inference_perf.loadgen.load_generator - WARNING - [Worker 4] cancelling 786 tasks still running at stage teardown
2026-10-02 00:51:03,940 - inference_perf.loadgen.load_generator - WARNING - [Worker 0] cancelling 487 tasks still running at stage teardown
2026-10-02 00:51:03,969 - inference_perf.loadgen.load_generator - WARNING - [Worker 14] cancelling 637 tasks still running at stage teardown
2026-10-02 00:51:03,975 - inference_perf.loadgen.load_generator - WARNING - [Worker 10] cancelling 978 tasks still running at stage teardown
2026-10-02 00:51:04,010 - inference_perf.loadgen.load_generator - WARNING - [Worker 3] cancelling 1366 tasks still running at stage teardown
2026-10-02 00:51:04,029 - inference_perf.loadgen.load_generator - WARNING - [Worker 11] cancelling 1784 tasks still running at stage teardown
2026-10-02 00:51:04,040 - inference_perf.loadgen.load_generator - WARNING - [Worker 23] cancelling 22 tasks still running at stage teardown
2026-10-02 00:51:04,058 - inference_perf.loadgen.load_generator - WARNING - [Worker 2] cancelling 235 tasks still running at stage teardown
2026-10-02 00:51:04,060 - inference_perf.loadgen.load_generator - WARNING - [Worker 8] cancelling 393 tasks still running at stage teardown
2026-10-02 00:51:04,066 - inference_perf.loadgen.load_generator - WARNING - [Worker 9] cancelling 313 tasks still running at stage teardown
2026-10-02 00:51:04,068 - inference_perf.loadgen.load_generator - WARNING - [Worker 16] cancelling 210 tasks still running at stage teardown
2026-10-02 00:51:04,077 - inference_perf.loadgen.load_generator - WARNING - [Worker 22] cancelling 506 tasks still running at stage teardown
2026-10-02 00:51:04,086 - inference_perf.loadgen.load_generator - WARNING - [Worker 6] cancelling 428 tasks still running at stage teardown
2026-10-02 00:51:04,088 - inference_perf.loadgen.load_generator - WARNING - [Worker 12] cancelling 549 tasks still running at stage teardown
2026-10-02 00:51:04,090 - inference_perf.loadgen.load_generator - WARNING - [Worker 21] cancelling 712 tasks still running at stage teardown
2026-10-02 00:51:04,090 - inference_perf.loadgen.load_generator - WARNING - [Worker 1] cancelling 582 tasks still running at stage teardown
2026-10-02 00:51:04,111 - inference_perf.loadgen.load_generator - WARNING - [Worker 18] cancelling 924 tasks still running at stage teardown
2026-10-02 00:51:04,111 - inference_perf.loadgen.load_generator - WARNING - [Worker 15] cancelling 841 tasks still running at stage teardown
2026-10-02 00:51:04,122 - inference_perf.loadgen.load_generator - WARNING - [Worker 13] cancelling 414 tasks still running at stage teardown
2026-10-02 00:51:04,125 - inference_perf.loadgen.load_generator - WARNING - [Worker 19] cancelling 857 tasks still running at stage teardown
2026-10-02 00:51:04,130 - inference_perf.loadgen.load_generator - WARNING - [Worker 7] cancelling 1115 tasks still running at stage teardown
2026-10-02 00:51:04,206 - inference_perf.loadgen.load_generator - INFO - Stage 0 - session-based run failed
Overall Progress ━━━━━━━━━━━━━━━━━━━━━━━━━━━━━━━━━━━━━━ 100% 1/1 0:00:00 0:47:00
2026-10-02 00:51:05,212 - inference_perf.reportgen.base - INFO - Generating Reports...
2026-10-02 00:51:05,212 - inference_perf.utils.custom_tokenizer - INFO - Loading tokenizer 'Qwen/Qwen3-Coder-30B-A3B-Instruct-FP8'
2026-10-02 00:51:05,341 - httpx - INFO - HTTP Request: HEAD https://huggingface.co/Qwen/Qwen3-Coder-30B-A3B-Instruct-FP8/resolve/main/config.json "HTTP/1.1 307 Temporary Redirect"
2026-10-02 00:51:05,359 - httpx - INFO - HTTP Request: HEAD https://huggingface.co/api/resolve-cache/models/Qwen/Qwen3-Coder-30B-A3B-Instruct-FP8/dcaee4d4dfc5ee71ad501f01f530e5652438fde0/config.json "HTTP/1.1 200 OK"
2026-10-02 00:51:05,425 - httpx - INFO - HTTP Request: HEAD https://huggingface.co/Qwen/Qwen3-Coder-30B-A3B-Instruct-FP8/resolve/main/tokenizer_config.json "HTTP/1.1 307 Temporary Redirect"
2026-10-02 00:51:05,442 - httpx - INFO - HTTP Request: HEAD https://huggingface.co/api/resolve-cache/models/Qwen/Qwen3-Coder-30B-A3B-Instruct-FP8/dcaee4d4dfc5ee71ad501f01f530e5652438fde0/tokenizer_config.json "HTTP/1.1 200 OK"
2026-10-02 00:51:05,497 - httpx - INFO - HTTP Request: GET https://huggingface.co/api/models/Qwen/Qwen3-Coder-30B-A3B-Instruct-FP8/tree/main/additional_chat_templates?recursive=false&expand=false "HTTP/1.1 404 Not Found"
2026-10-02 00:51:05,546 - httpx - INFO - HTTP Request: GET https://huggingface.co/api/models/Qwen/Qwen3-Coder-30B-A3B-Instruct-FP8/tree/main?recursive=true&expand=false "HTTP/1.1 200 OK"
2026-10-02 00:51:06,769 - httpx - INFO - HTTP Request: GET https://huggingface.co/api/models/Qwen/Qwen3-Coder-30B-A3B-Instruct-FP8 "HTTP/1.1 200 OK"
2026-10-02 00:55:52,418 - inference_perf.reportgen.base - WARNING - Prometheus Metrics Client is not configured or not of type PrometheusMetricsClient
2026-10-02 00:55:53,592 - inference_perf.reportgen.validation - WARNING - Validation [summary.token_mismatches] summary_lifecycle_metrics.json: 923 request(s) where the client-side token count disagrees with the server-reported completion_tokens
2026-10-02 00:55:53,592 - inference_perf.reportgen.validation - WARNING - Validation [per_stage.token_mismatches] stage_0_lifecycle_metrics.json: 923 request(s) where the client-side token count disagrees with the server-reported completion_tokens
2026-10-02 00:55:53,592 - inference_perf.reportgen.validation - WARNING - Report validation finished: 0 error(s), 2 warning(s). See validation.json.
2026-10-02 00:55:53,652 - inference_perf.client.filestorage.local - INFO - Report saved to: /results/report/summary_lifecycle_metrics.json
2026-10-02 00:55:53,653 - inference_perf.client.filestorage.local - INFO - Report saved to: /results/report/stage_0_lifecycle_metrics.json
2026-10-02 00:56:01,484 - inference_perf.client.filestorage.local - INFO - Report saved to: /results/report/per_request_lifecycle_metrics.json
2026-10-02 00:56:01,492 - inference_perf.client.filestorage.local - INFO - Report saved to: /results/report/inference-perf.partial.stage_0.yaml
2026-10-02 00:56:01,493 - inference_perf.client.filestorage.local - INFO - Report saved to: /results/report/summary_session_lifecycle_metrics.json
2026-10-02 00:56:01,493 - inference_perf.client.filestorage.local - INFO - Report saved to: /results/report/stage_0_session_lifecycle_metrics.json
2026-10-02 00:56:01,500 - inference_perf.client.filestorage.local - INFO - Report saved to: /results/report/config.yaml
2026-10-02 00:56:01,500 - inference_perf.client.filestorage.local - INFO - Report saved to: /results/report/validation.json
=== START_SUMMARY ===
{
  "benchmark_time_seconds": 2819.1701394759584,
  "load_summary": {
    "count": 2248,
    "schedule_delay": {
      "mean": 1018.8876784824761,
      "min": 0.002544610993936658,
      "max": 2624.539876760915,
      "p0.1": 0.00884858412819449,
      "p1": 0.04186113152769394,
      "p5": 4.318594088574173,
      "p10": 11.721097254438792,
      "p25": 360.7266921700211,
      "median": 917.2722451980226,
      "p75": 1644.787665245327,
      "p90": 2172.404682322254,
      "p95": 2375.4798282968695,
      "p99": 2541.4202938104922,
      "p99.9": 2620.6118211767607
    }
  },
  "successes": {
    "count": 2228,
    "latency": {
      "request_latency": {
        "mean": 195.077813282498,
        "min": 2.6719098680187017,
        "max": 1713.3629596719984,
        "p0.1": 3.284329698724323,
        "p1": 7.591179398066597,
        "p5": 43.73273635038062,
        "p10": 125.6349850834231,
        "p25": 155.57246682277764,
        "median": 181.19218550197547,
        "p75": 219.87850934499875,
        "p90": 278.4712329043192,
        "p95": 332.1608016078826,
        "p99": 549.0948500206451,
        "p99.9": 1521.672160641573
      },
      "normalized_time_per_output_token": {
        "mean": 1.016776336927522,
        "min": 0.07165547171837496,
        "max": 34.348634551814754,
        "p0.1": 0.07324398266643622,
        "p1": 0.09044392631104911,
        "p5": 0.1237848200036242,
        "p10": 0.15255788575744383,
        "p25": 0.25118003789221083,
        "median": 0.491866087600977,
        "p75": 0.9773779438885497,
        "p90": 1.6606786259191835,
        "p95": 2.8453167130648382,
        "p99": 10.97769873578001,
        "p99.9": 28.348419323051132
      },
      "time_per_output_token": {
        "mean": 0.07901152605030887,
        "min": 0.02653966467672338,
        "max": 0.2883435601950623,
        "p0.1": 0.03300324994689436,
        "p1": 0.038855665452387764,
        "p5": 0.043870753555007816,
        "p10": 0.04630547124321227,
        "p25": 0.05374010934355325,
        "median": 0.06053356469019459,
        "p75": 0.07319029156775952,
        "p90": 0.1498572718726453,
        "p95": 0.21565712334558057,
        "p99": 0.25244773570264945,
        "p99.9": 0.27137576686663356
      },
      "time_to_first_token": {
        "mean": 150.55120732954055,
        "min": 0.1286946180043742,
        "max": 1677.9365027219756,
        "p0.1": 0.17299551250331568,
        "p1": 3.413163646342,
        "p5": 23.835150098300073,
        "p10": 97.68026833654152,
        "p25": 132.8552977659856,
        "median": 152.82459648442455,
        "p75": 168.43401223418186,
        "p90": 187.102709234925,
        "p95": 225.76309921201334,
        "p99": 289.7569502088486,
        "p99.9": 1452.6266424917594
      },
      "inter_token_latency": {
        "mean": 0.07023591176580714,
        "min": 0.0,
        "max": 4.109946810989641,
        "p0.1": 0.0011607047752477228,
        "p1": 0.008076760830590501,
        "p5": 0.033275854744715616,
        "p10": 0.03605712001444772,
        "p25": 0.03861092575243674,
        "median": 0.040642547013703734,
        "p75": 0.044588737800950184,
        "p90": 0.146639033453539,
        "p95": 0.25079512677621096,
        "p99": 0.4919352703902412,
        "p99.9": 0.92255225177447
      }
    },
    "throughput": {
      "input_tokens_per_sec": 37942.96183198212,
      "output_tokens_per_sec": 539.9613803666927,
      "total_tokens_per_sec": 38482.92321234881,
      "requests_per_sec": 0.7903034899533066,
      "images_per_sec": 0.0,
      "videos_per_sec": 0.0,
      "audios_per_sec": 0.0
    },
    "request_size_bytes": {
      "mean": 190917.93536804308,
      "min": 1142.0,
      "max": 842126.0,
      "p0.1": 1274.1,
      "p1": 1656.54,
      "p5": 1933.35,
      "p10": 12795.5,
      "p25": 143770.25,
      "median": 184025.5,
      "p75": 236850.75,
      "p90": 322608.7,
      "p95": 373067.00000000006,
      "p99": 516269.42000000045,
      "p99.9": 791085.1180000012
    },
    "image": {
      "count": {
        "mean": 0.0,
        "min": 0.0,
        "max": 0.0,
        "p0.1": 0.0,
        "p1": 0.0,
        "p5": 0.0,
        "p10": 0.0,
        "p25": 0.0,
        "median": 0.0,
        "p75": 0.0,
        "p90": 0.0,
        "p95": 0.0,
        "p99": 0.0,
        "p99.9": 0.0
      },
      "pixels": null,
      "bytes": null,
      "aspect_ratio": null
    },
    "video": {
      "count": {
        "mean": 0.0,
        "min": 0.0,
        "max": 0.0,
        "p0.1": 0.0,
        "p1": 0.0,
        "p5": 0.0,
        "p10": 0.0,
        "p25": 0.0,
        "median": 0.0,
        "p75": 0.0,
        "p90": 0.0,
        "p95": 0.0,
        "p99": 0.0,
        "p99.9": 0.0
      },
      "frames": null,
      "pixels": null,
      "bytes": null,
      "aspect_ratio": null
    },
    "audio": {
      "count": {
        "mean": 0.0,
        "min": 0.0,
        "max": 0.0,
        "p0.1": 0.0,
        "p1": 0.0,
        "p5": 0.0,
        "p10": 0.0,
        "p25": 0.0,
        "median": 0.0,
        "p75": 0.0,
        "p90": 0.0,
        "p95": 0.0,
        "p99": 0.0,
        "p99.9": 0.0
      },
      "seconds": null,
      "bytes": null
    },
    "prompt_tokens": {
      "total": 106967665.0,
      "cached": 79917024.0,
      "uncached": 27050641.0,
      "mean": 48010.62163375224,
      "min": 242.0,
      "max": 211462.0,
      "p0.1": 279.209,
      "p1": 392.0,
      "p5": 456.0,
      "p10": 2942.7,
      "p25": 36149.75,
      "median": 46078.5,
      "p75": 59469.75,
      "p90": 81048.3,
      "p95": 94814.80000000005,
      "p99": 130074.98000000011,
      "p99.9": 199154.35800000036
    },
    "output_len": {
      "mean": 683.2329443447038,
      "min": 4.0,
      "max": 11710.0,
      "p0.1": 5.227,
      "p1": 13.0,
      "p5": 19.0,
      "p10": 56.70000000000002,
      "p25": 153.75,
      "median": 348.5,
      "p75": 777.25,
      "p90": 1663.9999999999995,
      "p95": 2335.2000000000007,
      "p99": 4755.6500000000015,
      "p99.9": 10398.807000000063
    },
    "output_tokens": {
      "total": 1522243.0,
      "mean": 683.2329443447038,
      "min": 4.0,
      "max": 11710.0,
      "p0.1": 5.227,
      "p1": 13.0,
      "p5": 19.0,
      "p10": 56.70000000000002,
      "p25": 153.75,
      "median": 348.5,
      "p75": 777.25,
      "p90": 1663.9999999999995,
      "p95": 2335.2000000000007,
      "p99": 4755.6500000000015,
      "p99.9": 10398.807000000063
    },
    "token_count_mismatches": 923,
    "client_fallback_requests": {
      "prompt": 0,
      "output": 0
    }
  },
  "failures": {
    "count": 20,
    "request_latency": {
      "mean": 1900.522394939058,
      "min": 1900.0649760130327,
      "max": 1900.977607326,
      "p0.1": 1900.0652229161326,
      "p1": 1900.067445044032,
      "p5": 1900.0773211680294,
      "p10": 1900.103793785919,
      "p25": 1900.2534565789974,
      "median": 1900.5076852390193,
      "p75": 1900.7677282347577,
      "p90": 1900.9533268931323,
      "p95": 1900.9570119938755,
      "p99": 1900.973488259575,
      "p99.9": 1900.9771954193575
    },
    "prompt_tokens": {
      "total": 0.0,
      "cached": 0.0,
      "uncached": 0.0,
      "mean": 0.0,
      "min": 0.0,
      "max": 0.0,
      "p0.1": 0.0,
      "p1": 0.0,
      "p5": 0.0,
      "p10": 0.0,
      "p25": 0.0,
      "median": 0.0,
      "p75": 0.0,
      "p90": 0.0,
      "p95": 0.0,
      "p99": 0.0,
      "p99.9": 0.0
    },
    "by_label": {
      "timeouterror": {
        "count": 20,
        "messages": [
          {
            "message": "",
            "session_ids": [
              "wekatrace87_4ab6db64fcc354375b87b219764a9cbc5aa3",
              "wekatrace19_0f9870e68e496146a60b68dd3f0aba9aced2",
              "wekatrace215_ad2d0707607579ecd99018884c833228434a",
              "wekatrace148_814ae6ec34943383bc8ed49ecf99c6816da9",
              "wekatrace42_277f03fe965658e3e16abec6ca7b11f894b7",
              "wekatrace249_c29d444bd1308da90ed0801376dc3af67ad6",
              "wekatrace324_f3852e8ca1ac3887151243be3467e483d725",
              "wekatrace303_e5fbd6dfd130daf14f0059747c5481e7503e",
              "wekatrace16_0d75185d4e958ad360c16451eaa95d508edf",
              "wekatrace311_ecee504cf3f4290c08c5ab163a2cbbad9342",
              "wekatrace221_afd3f3a1ccdb67fcb1022499a9a507842fad",
              "wekatrace214_acbce458d2237f6e569c5e7bd386d226f466",
              "wekatrace329_f778fed7b3253560bde80305144b6e81a7ee",
              "wekatrace220_af60ae862f19d091b7d8a3e5fa8b570abe2a",
              "wekatrace146_8044cd33fd7815ac1a4f0aaeae9e2eaa7509",
              "wekatrace245_c03e35003893d05b83ddec10c77f479d5f04",
              "wekatrace189_9f20e7ac308c284e5218e06abb1e59c04c2e",
              "wekatrace166_8f2283fae5c7f00025b1bb01bad3f14e65c2",
              "wekatrace246_c0aa708812050845e793abe7de5d4a727aee",
              "wekatrace57_300134008d4cc98f288179ea9dd9314f140c"
            ]
          }
        ]
      }
    }
  }
}
=== END_SUMMARY ===
=== START_STAGE_0 ===
{
  "benchmark_time_seconds": 2819.1701394759584,
  "load_summary": {
    "count": 2248,
    "schedule_delay": {
      "mean": 1018.8876784824761,
      "min": 0.002544610993936658,
      "max": 2624.539876760915,
      "p0.1": 0.00884858412819449,
      "p1": 0.04186113152769394,
      "p5": 4.318594088574173,
      "p10": 11.721097254438792,
      "p25": 360.7266921700211,
      "median": 917.2722451980226,
      "p75": 1644.787665245327,
      "p90": 2172.404682322254,
      "p95": 2375.4798282968695,
      "p99": 2541.4202938104922,
      "p99.9": 2620.6118211767607
    },
    "send_duration": 2624.9323057509027,
    "requested_rate": 0.0,
    "achieved_rate": 0.8564030375468767,
    "concurrency": 192
  },
  "successes": {
    "count": 2228,
    "latency": {
      "request_latency": {
        "mean": 195.077813282498,
        "min": 2.6719098680187017,
        "max": 1713.3629596719984,
        "p0.1": 3.284329698724323,
        "p1": 7.591179398066597,
        "p5": 43.73273635038062,
        "p10": 125.6349850834231,
        "p25": 155.57246682277764,
        "median": 181.19218550197547,
        "p75": 219.87850934499875,
        "p90": 278.4712329043192,
        "p95": 332.1608016078826,
        "p99": 549.0948500206451,
        "p99.9": 1521.672160641573
      },
      "normalized_time_per_output_token": {
        "mean": 1.016776336927522,
        "min": 0.07165547171837496,
        "max": 34.348634551814754,
        "p0.1": 0.07324398266643622,
        "p1": 0.09044392631104911,
        "p5": 0.1237848200036242,
        "p10": 0.15255788575744383,
        "p25": 0.25118003789221083,
        "median": 0.491866087600977,
        "p75": 0.9773779438885497,
        "p90": 1.6606786259191835,
        "p95": 2.8453167130648382,
        "p99": 10.97769873578001,
        "p99.9": 28.348419323051132
      },
      "time_per_output_token": {
        "mean": 0.07901152605030887,
        "min": 0.02653966467672338,
        "max": 0.2883435601950623,
        "p0.1": 0.03300324994689436,
        "p1": 0.038855665452387764,
        "p5": 0.043870753555007816,
        "p10": 0.04630547124321227,
        "p25": 0.05374010934355325,
        "median": 0.06053356469019459,
        "p75": 0.07319029156775952,
        "p90": 0.1498572718726453,
        "p95": 0.21565712334558057,
        "p99": 0.25244773570264945,
        "p99.9": 0.27137576686663356
      },
      "time_to_first_token": {
        "mean": 150.55120732954055,
        "min": 0.1286946180043742,
        "max": 1677.9365027219756,
        "p0.1": 0.17299551250331568,
        "p1": 3.413163646342,
        "p5": 23.835150098300073,
        "p10": 97.68026833654152,
        "p25": 132.8552977659856,
        "median": 152.82459648442455,
        "p75": 168.43401223418186,
        "p90": 187.102709234925,
        "p95": 225.76309921201334,
        "p99": 289.7569502088486,
        "p99.9": 1452.6266424917594
      },
      "inter_token_latency": {
        "mean": 0.07023591176580714,
        "min": 0.0,
        "max": 4.109946810989641,
        "p0.1": 0.0011607047752477228,
        "p1": 0.008076760830590501,
        "p5": 0.033275854744715616,
        "p10": 0.03605712001444772,
        "p25": 0.03861092575243674,
        "median": 0.040642547013703734,
        "p75": 0.044588737800950184,
        "p90": 0.146639033453539,
        "p95": 0.25079512677621096,
        "p99": 0.4919352703902412,
        "p99.9": 0.92255225177447
      }
    },
    "throughput": {
      "input_tokens_per_sec": 37942.96183198212,
      "output_tokens_per_sec": 539.9613803666927,
      "total_tokens_per_sec": 38482.92321234881,
      "requests_per_sec": 0.7903034899533066,
      "images_per_sec": 0.0,
      "videos_per_sec": 0.0,
      "audios_per_sec": 0.0
    },
    "request_size_bytes": {
      "mean": 190917.93536804308,
      "min": 1142.0,
      "max": 842126.0,
      "p0.1": 1274.1,
      "p1": 1656.54,
      "p5": 1933.35,
      "p10": 12795.5,
      "p25": 143770.25,
      "median": 184025.5,
      "p75": 236850.75,
      "p90": 322608.7,
      "p95": 373067.00000000006,
      "p99": 516269.42000000045,
      "p99.9": 791085.1180000012
    },
    "image": {
      "count": {
        "mean": 0.0,
        "min": 0.0,
        "max": 0.0,
        "p0.1": 0.0,
        "p1": 0.0,
        "p5": 0.0,
        "p10": 0.0,
        "p25": 0.0,
        "median": 0.0,
        "p75": 0.0,
        "p90": 0.0,
        "p95": 0.0,
        "p99": 0.0,
        "p99.9": 0.0
      },
      "pixels": null,
      "bytes": null,
      "aspect_ratio": null
    },
    "video": {
      "count": {
        "mean": 0.0,
        "min": 0.0,
        "max": 0.0,
        "p0.1": 0.0,
        "p1": 0.0,
        "p5": 0.0,
        "p10": 0.0,
        "p25": 0.0,
        "median": 0.0,
        "p75": 0.0,
        "p90": 0.0,
        "p95": 0.0,
        "p99": 0.0,
        "p99.9": 0.0
      },
      "frames": null,
      "pixels": null,
      "bytes": null,
      "aspect_ratio": null
    },
    "audio": {
      "count": {
        "mean": 0.0,
        "min": 0.0,
        "max": 0.0,
        "p0.1": 0.0,
        "p1": 0.0,
        "p5": 0.0,
        "p10": 0.0,
        "p25": 0.0,
        "median": 0.0,
        "p75": 0.0,
        "p90": 0.0,
        "p95": 0.0,
        "p99": 0.0,
        "p99.9": 0.0
      },
      "seconds": null,
      "bytes": null
    },
    "prompt_tokens": {
      "total": 106967665.0,
      "cached": 79917024.0,
      "uncached": 27050641.0,
      "mean": 48010.62163375224,
      "min": 242.0,
      "max": 211462.0,
      "p0.1": 279.209,
      "p1": 392.0,
      "p5": 456.0,
      "p10": 2942.7,
      "p25": 36149.75,
      "median": 46078.5,
      "p75": 59469.75,
      "p90": 81048.3,
      "p95": 94814.80000000005,
      "p99": 130074.98000000011,
      "p99.9": 199154.35800000036
    },
    "output_len": {
      "mean": 683.2329443447038,
      "min": 4.0,
      "max": 11710.0,
      "p0.1": 5.227,
      "p1": 13.0,
      "p5": 19.0,
      "p10": 56.70000000000002,
      "p25": 153.75,
      "median": 348.5,
      "p75": 777.25,
      "p90": 1663.9999999999995,
      "p95": 2335.2000000000007,
      "p99": 4755.6500000000015,
      "p99.9": 10398.807000000063
    },
    "output_tokens": {
      "total": 1522243.0,
      "mean": 683.2329443447038,
      "min": 4.0,
      "max": 11710.0,
      "p0.1": 5.227,
      "p1": 13.0,
      "p5": 19.0,
      "p10": 56.70000000000002,
      "p25": 153.75,
      "median": 348.5,
      "p75": 777.25,
      "p90": 1663.9999999999995,
      "p95": 2335.2000000000007,
      "p99": 4755.6500000000015,
      "p99.9": 10398.807000000063
    },
    "token_count_mismatches": 923,
    "client_fallback_requests": {
      "prompt": 0,
      "output": 0
    }
  },
  "failures": {
    "count": 20,
    "request_latency": {
      "mean": 1900.522394939058,
      "min": 1900.0649760130327,
      "max": 1900.977607326,
      "p0.1": 1900.0652229161326,
      "p1": 1900.067445044032,
      "p5": 1900.0773211680294,
      "p10": 1900.103793785919,
      "p25": 1900.2534565789974,
      "median": 1900.5076852390193,
      "p75": 1900.7677282347577,
      "p90": 1900.9533268931323,
      "p95": 1900.9570119938755,
      "p99": 1900.973488259575,
      "p99.9": 1900.9771954193575
    },
    "prompt_tokens": {
      "total": 0.0,
      "cached": 0.0,
      "uncached": 0.0,
      "mean": 0.0,
      "min": 0.0,
      "max": 0.0,
      "p0.1": 0.0,
      "p1": 0.0,
      "p5": 0.0,
      "p10": 0.0,
      "p25": 0.0,
      "median": 0.0,
      "p75": 0.0,
      "p90": 0.0,
      "p95": 0.0,
      "p99": 0.0,
      "p99.9": 0.0
    },
    "by_label": {
      "timeouterror": {
        "count": 20,
        "messages": [
          {
            "message": "",
            "session_ids": [
              "wekatrace87_4ab6db64fcc354375b87b219764a9cbc5aa3",
              "wekatrace19_0f9870e68e496146a60b68dd3f0aba9aced2",
              "wekatrace215_ad2d0707607579ecd99018884c833228434a",
              "wekatrace148_814ae6ec34943383bc8ed49ecf99c6816da9",
              "wekatrace42_277f03fe965658e3e16abec6ca7b11f894b7",
              "wekatrace249_c29d444bd1308da90ed0801376dc3af67ad6",
              "wekatrace324_f3852e8ca1ac3887151243be3467e483d725",
              "wekatrace303_e5fbd6dfd130daf14f0059747c5481e7503e",
              "wekatrace16_0d75185d4e958ad360c16451eaa95d508edf",
              "wekatrace311_ecee504cf3f4290c08c5ab163a2cbbad9342",
              "wekatrace221_afd3f3a1ccdb67fcb1022499a9a507842fad",
              "wekatrace214_acbce458d2237f6e569c5e7bd386d226f466",
              "wekatrace329_f778fed7b3253560bde80305144b6e81a7ee",
              "wekatrace220_af60ae862f19d091b7d8a3e5fa8b570abe2a",
              "wekatrace146_8044cd33fd7815ac1a4f0aaeae9e2eaa7509",
              "wekatrace245_c03e35003893d05b83ddec10c77f479d5f04",
              "wekatrace189_9f20e7ac308c284e5218e06abb1e59c04c2e",
              "wekatrace166_8f2283fae5c7f00025b1bb01bad3f14e65c2",
              "wekatrace246_c0aa708812050845e793abe7de5d4a727aee",
              "wekatrace57_300134008d4cc98f288179ea9dd9314f140c"
            ]
          }
        ]
      }
    }
  }
}
=== END_STAGE_0 ===
=== START_PARTIAL_BR_V0_2_STAGE_0 ===
version: 0.2.1
run:
  uid: inference-perf-stage-0-66b81aa5
  eid: inference-perf-experiment-62e4b173
  time:
    start: '2026-10-02T00:04:03.863000Z'
    end: '2026-10-02T00:49:03.873866Z'
    duration: PT2700.011S
results:
  request_performance:
    aggregate:
      requests:
        total: 2248
        failures: 20
        input_length:
          units: count
          mean: 48010.62163375224
          stddev: 27374.38228733114
          min: 242.0
          p0p1: 279.209
          p1: 392.0
          p5: 456.0
          p10: 2942.7
          p25: 36149.75
          p50: 46078.5
          p75: 59469.75
          p90: 81048.3
          p95: 94814.80000000005
          p99: 130074.98000000011
          p99p9: 199154.35800000036
          max: 211462.0
        output_length:
          units: count
          mean: 683.2329443447038
          stddev: 1017.6157259249197
          min: 4.0
          p0p1: 5.227
          p1: 13.0
          p5: 19.0
          p10: 56.70000000000002
          p25: 153.75
          p50: 348.5
          p75: 777.25
          p90: 1663.9999999999995
          p95: 2335.2000000000007
          p99: 4755.6500000000015
          p99p9: 10398.807000000063
          max: 11710.0
      latency:
        time_to_first_token:
          units: s
          mean: 150.55120732954055
          stddev: 84.54674150319481
          min: 0.1286946180043742
          p0p1: 0.17299551250331568
          p1: 3.413163646342
          p5: 23.835150098300073
          p10: 97.68026833654152
          p25: 132.8552977659856
          p50: 152.82459648442455
          p75: 168.43401223418186
          p90: 187.102709234925
          p95: 225.76309921201334
          p99: 289.7569502088486
          p99p9: 1452.6266424917594
          max: 1677.9365027219756
        normalized_time_per_output_token:
          units: s/token
          mean: 1.016776336927522
          stddev: 2.21319795493687
          min: 0.07165547171837496
          p0p1: 0.07324398266643622
          p1: 0.09044392631104911
          p5: 0.1237848200036242
          p10: 0.15255788575744383
          p25: 0.25118003789221083
          p50: 0.491866087600977
          p75: 0.9773779438885497
          p90: 1.6606786259191835
          p95: 2.8453167130648382
          p99: 10.97769873578001
          p99p9: 28.348419323051132
          max: 34.348634551814754
        time_per_output_token:
          units: s/token
          mean: 0.07901152605030887
          stddev: 0.05005439680353181
          min: 0.02653966467672338
          p0p1: 0.03300324994689436
          p1: 0.038855665452387764
          p5: 0.043870753555007816
          p10: 0.04630547124321227
          p25: 0.05374010934355325
          p50: 0.06053356469019459
          p75: 0.07319029156775952
          p90: 0.1498572718726453
          p95: 0.21565712334558057
          p99: 0.25244773570264945
          p99p9: 0.27137576686663356
          max: 0.2883435601950623
        inter_token_latency:
          units: s/token
          mean: 0.07023591176580714
          stddev: 0.09502982214874127
          min: 0.0
          p0p1: 0.0011607047752477228
          p1: 0.008076760830590501
          p5: 0.033275854744715616
          p10: 0.03605712001444772
          p25: 0.03861092575243674
          p50: 0.040642547013703734
          p75: 0.044588737800950184
          p90: 0.146639033453539
          p95: 0.25079512677621096
          p99: 0.4919352703902412
          p99p9: 0.92255225177447
          max: 4.109946810989641
        request_latency:
          units: s
          mean: 195.077813282498
          stddev: 106.78405425615638
          min: 2.6719098680187017
          p0p1: 3.284329698724323
          p1: 7.591179398066597
          p5: 43.73273635038062
          p10: 125.6349850834231
          p25: 155.57246682277764
          p50: 181.19218550197547
          p75: 219.87850934499875
          p90: 278.4712329043192
          p95: 332.1608016078826
          p99: 549.0948500206451
          p99p9: 1521.672160641573
          max: 1713.3629596719984
      throughput:
        input_token_rate:
          units: tokens/s
          mean: 37942.96183198212
        output_token_rate:
          units: tokens/s
          mean: 539.9613803666927
        total_token_rate:
          units: tokens/s
          mean: 38482.92321234881
        request_rate:
          units: queries/s
          mean: 0.7903034899533066

=== END_PARTIAL_BR_V0_2_STAGE_0 ===
=== START_STAGE_0 ===
{
  "stage_metadata": {
    "stage_id": 0,
    "status": "TIMED_OUT",
    "timeout_configured": 2700.0,
    "actual_duration": 2700.0108659267426,
    "teardown_duration": 120.33209979103412,
    "dropped_requests": 0,
    "concurrent_sessions": 192,
    "session_rate": null
  },
  "num_sessions": 17,
  "num_sessions_succeeded": 0,
  "num_sessions_failed": 17,
  "failures": {
    "count": 17,
    "by_label": {
      "request_failed": {
        "count": 17,
        "messages": [
          {
            "message": "TimeoutError: ",
            "session_ids": [
              "wekatrace87_4ab6db64fcc354375b87b219764a9cbc5aa3",
              "wekatrace19_0f9870e68e496146a60b68dd3f0aba9aced2",
              "wekatrace215_ad2d0707607579ecd99018884c833228434a",
              "wekatrace148_814ae6ec34943383bc8ed49ecf99c6816da9",
              "wekatrace42_277f03fe965658e3e16abec6ca7b11f894b7",
              "wekatrace249_c29d444bd1308da90ed0801376dc3af67ad6",
              "wekatrace324_f3852e8ca1ac3887151243be3467e483d725",
              "wekatrace303_e5fbd6dfd130daf14f0059747c5481e7503e",
              "wekatrace16_0d75185d4e958ad360c16451eaa95d508edf",
              "wekatrace311_ecee504cf3f4290c08c5ab163a2cbbad9342",
              "wekatrace221_afd3f3a1ccdb67fcb1022499a9a507842fad",
              "wekatrace214_acbce458d2237f6e569c5e7bd386d226f466",
              "wekatrace329_f778fed7b3253560bde80305144b6e81a7ee",
              "wekatrace220_af60ae862f19d091b7d8a3e5fa8b570abe2a",
              "wekatrace146_8044cd33fd7815ac1a4f0aaeae9e2eaa7509",
              "wekatrace245_c03e35003893d05b83ddec10c77f479d5f04",
              "wekatrace189_9f20e7ac308c284e5218e06abb1e59c04c2e"
            ]
          }
        ]
      }
    }
  },
  "total_events": 1219,
  "total_events_completed": 51,
  "total_events_cancelled": 1151,
  "sessions_with_recorded_substitution": 0,
  "total_recorded_substitutions": {
    "count": 0,
    "messages": []
  },
  "sessions_per_second": 0.006379337696630844,
  "session_duration_sec": {
    "mean": 2400.8003464306103,
    "min": 2056.60804605484,
    "max": 2664.717423439026,
    "p0.1": 2059.581281768799,
    "p1": 2086.3404031944274,
    "p5": 2205.269831752777,
    "p10": 2248.47421040535,
    "p25": 2299.442403078079,
    "median": 2399.551842212677,
    "p75": 2517.48991894722,
    "p90": 2578.7489832401275,
    "p95": 2636.6813007354735,
    "p99": 2659.1101988983155,
    "p99.9": 2664.156700984955
  },
  "num_events": {
    "mean": 71.70588235294117,
    "min": 21.0,
    "max": 210.0,
    "p0.1": 21.0,
    "p1": 21.0,
    "p5": 21.0,
    "p10": 23.4,
    "p25": 32.0,
    "median": 63.0,
    "p75": 86.0,
    "p90": 133.00000000000003,
    "p95": 179.59999999999997,
    "p99": 203.92,
    "p99.9": 209.39200000000005
  },
  "num_events_cancelled": {
    "mean": 67.70588235294117,
    "min": 16.0,
    "max": 206.0,
    "p0.1": 16.016,
    "p1": 16.16,
    "p5": 16.8,
    "p10": 20.0,
    "p25": 29.0,
    "median": 59.0,
    "p75": 83.0,
    "p90": 129.00000000000003,
    "p95": 175.59999999999997,
    "p99": 199.92,
    "p99.9": 205.39200000000005
  },
  "total_input_tokens": {
    "mean": 145011.82352941178,
    "min": 61402.0,
    "max": 330055.0,
    "p0.1": 61428.608,
    "p1": 61668.08,
    "p5": 62732.4,
    "p10": 64979.0,
    "p25": 77532.0,
    "median": 118828.0,
    "p75": 171406.0,
    "p90": 278572.60000000003,
    "p95": 314570.2,
    "p99": 326958.04,
    "p99.9": 329745.30400000006
  },
  "total_output_tokens": {
    "mean": 1195.1764705882354,
    "min": 264.0,
    "max": 2790.0,
    "p0.1": 266.096,
    "p1": 284.96,
    "p5": 368.8,
    "p10": 422.6,
    "p25": 507.0,
    "median": 1103.0,
    "p75": 1620.0,
    "p90": 2368.0,
    "p95": 2644.4,
    "p99": 2760.88,
    "p99.9": 2787.088
  },
  "total_cached_tokens": {
    "mean": 64900.705882352944,
    "min": 0.0,
    "max": 231840.0,
    "p0.1": 0.0,
    "p1": 0.0,
    "p5": 0.0,
    "p10": 9.600000000000001,
    "p25": 16.0,
    "median": 58320.0,
    "p75": 84512.0,
    "p90": 141379.2,
    "p95": 182918.39999999997,
    "p99": 222055.68,
    "p99.9": 230861.56800000012
  },
  "total_cacheable_input_tokens": {
    "mean": 145011.82352941178,
    "min": 61402.0,
    "max": 330055.0,
    "p0.1": 61428.608,
    "p1": 61668.08,
    "p5": 62732.4,
    "p10": 64979.0,
    "p25": 77532.0,
    "median": 118828.0,
    "p75": 171406.0,
    "p90": 278572.60000000003,
    "p95": 314570.2,
    "p99": 326958.04,
    "p99.9": 329745.30400000006
  },
  "sessions_with_cache_info": 17,
  "kv_cache_hit_percent": 44.75545807420977,
  "kv_cache_hit_per_session_percent": {
    "mean": 35.857984915708094,
    "min": 0.0,
    "max": 74.6188433178092,
    "p0.1": 0.0,
    "p1": 0.0,
    "p5": 0.0,
    "p10": 0.014487723163756547,
    "p25": 0.02537064933005629,
    "median": 48.94114275992371,
    "p75": 49.56921013259041,
    "p90": 58.93815273463352,
    "p95": 73.18875302529437,
    "p99": 74.33282525930623,
    "p99.9": 74.59024151195891
  },
  "tfut_sec": {
    "mean": 51.040533640168555,
    "min": 3.425759113044478,
    "max": 131.56444999598898,
    "p0.1": 3.457650586004369,
    "p1": 3.7446738426433877,
    "p5": 5.020332761039026,
    "p10": 7.57313610657584,
    "p25": 9.349912528065033,
    "median": 54.946425335947424,
    "p75": 67.08958627993707,
    "p90": 118.06712344882544,
    "p95": 131.54024645523168,
    "p99": 131.55960928783753,
    "p99.9": 131.56396592517385
  },
  "sessions_with_tfut": 17,
  "tfut_none_reasons": null,
  "num_user_facing_events": {
    "mean": 71.70588235294117,
    "min": 21.0,
    "max": 210.0,
    "p0.1": 21.0,
    "p1": 21.0,
    "p5": 21.0,
    "p10": 23.4,
    "p25": 32.0,
    "median": 63.0,
    "p75": 86.0,
    "p90": 133.00000000000003,
    "p95": 179.59999999999997,
    "p99": 203.92,
    "p99.9": 209.39200000000005
  },
  "num_structured_output_excluded": {
    "mean": 0.0,
    "min": 0.0,
    "max": 0.0,
    "p0.1": 0.0,
    "p1": 0.0,
    "p5": 0.0,
    "p10": 0.0,
    "p25": 0.0,
    "median": 0.0,
    "p75": 0.0,
    "p90": 0.0,
    "p95": 0.0,
    "p99": 0.0,
    "p99.9": 0.0
  }
}
=== END_STAGE_0 ===
                         Throughput and Goodput Summary                         
┏━━━━━━━┳━━━━━━━━━━┳━━━━━━━━━┳━━━━━━━━━━┳━━━━━━━┳━━━━━━━━━┳━━━━━━━━━━┳━━━━━━━━━┓
┃       ┃          ┃ Achiev… ┃    Error ┃       ┃      In ┃      Out ┃     Tot ┃
┃ Stage ┃ Req Rate ┃    Rate ┃     Rate ┃ Req/s ┃ Tokens… ┃ Tokens/s ┃ Tokens… ┃
┡━━━━━━━╇━━━━━━━━━━╇━━━━━━━━━╇━━━━━━━━━━╇━━━━━━━╇━━━━━━━━━╇━━━━━━━━━━╇━━━━━━━━━┩
│     0 │      0.0 │     0.9 │     0.9% │   0.8 │ 37943.0 │    540.0 │ 38482.9 │
└───────┴──────────┴─────────┴──────────┴───────┴─────────┴──────────┴─────────┘
                          Request & Token Latency (ms)                          
┏━━━━━━━┳━━━━━━━┳━━━━━━━┳━━━━━━━┳━━━━━━━┳━━━━━━━┳━━━━━━━┳━━━━━━━┳━━━━━━━┳━━━━━━┓
┃       ┃   Req ┃   Req ┃   Req ┃       ┃       ┃       ┃       ┃       ┃      ┃
┃       ┃   Lat ┃   Lat ┃   Lat ┃  TTFT ┃  TTFT ┃  TTFT ┃   ITL ┃   ITL ┃  ITL ┃
┃ Stage ┃  Mean ┃   Med ┃   P90 ┃  Mean ┃   Med ┃   P90 ┃  Mean ┃   Med ┃  P90 ┃
┡━━━━━━━╇━━━━━━━╇━━━━━━━╇━━━━━━━╇━━━━━━━╇━━━━━━━╇━━━━━━━╇━━━━━━━╇━━━━━━━╇━━━━━━┩
│     0 │ 1950… │ 1811… │ 2784… │ 1505… │ 1528… │ 1871… │  70.2 │  40.6 │ 146… │
└───────┴───────┴───────┴───────┴───────┴───────┴───────┴───────┴───────┴──────┘
                          Token Generation Speed (ms)                           
┏━━━━━━━┳━━━━━━━━━━━┳━━━━━━━━━━┳━━━━━━━━━━┳━━━━━━━━━━━┳━━━━━━━━━━━┳━━━━━━━━━━━━┓
┃       ┃           ┃          ┃          ┃ Norm TPOT ┃ Norm TPOT ┃  Norm TPOT ┃
┃ Stage ┃ TPOT Mean ┃ TPOT Med ┃ TPOT P90 ┃      Mean ┃       Med ┃        P90 ┃
┡━━━━━━━╇━━━━━━━━━━━╇━━━━━━━━━━╇━━━━━━━━━━╇━━━━━━━━━━━╇━━━━━━━━━━━╇━━━━━━━━━━━━┩
│     0 │      79.0 │     60.5 │    149.9 │    1016.8 │     491.9 │     1660.7 │
└───────┴───────────┴──────────┴──────────┴───────────┴───────────┴────────────┘
                            Token Length Aggregates                             
┏━━━━━━━┳━━━━━━━┳━━━━━━━┳━━━━━━━┳━━━━━━━┳━━━━━━━┳━━━━━━━┳━━━━━━━┳━━━━━━━┳━━━━━━┓
┃       ┃       ┃       ┃       ┃   Out ┃   Out ┃   Out ┃   Out ┃   Out ┃  Out ┃
┃       ┃ Prom… ┃ Prom… ┃ Prom… ┃  Mean ┃   Med ┃   P90 ┃  Mean ┃   Med ┃  P90 ┃
┃ Stage ┃  Mean ┃   Med ┃   P90 ┃ (cli… ┃ (cli… ┃ (cli… ┃ (ser… ┃ (ser… ┃ (se… ┃
┡━━━━━━━╇━━━━━━━╇━━━━━━━╇━━━━━━━╇━━━━━━━╇━━━━━━━╇━━━━━━━╇━━━━━━━╇━━━━━━━╇━━━━━━┩
│     0 │ 4801… │ 4607… │ 8104… │ 683.2 │ 348.5 │ 1664… │ 683.2 │ 348.5 │ 166… │
└───────┴───────┴───────┴───────┴───────┴───────┴───────┴───────┴───────┴──────┘
 Prompt: server-reported usage where available, client tokenization otherwise.  
    Out (client): response text re-tokenized by the client (output_len). Out    
  (server): the count reported in the server's usage (output_tokens), with the  
     client count substituted for any request the server did not count. See     
                                docs/metrics.md.                                
                                Session Summary                                 
┏━━━━━━━┳━━━━━━━┳━━━━━━━┳━━━━━━━┳━━━━━━━┳━━━━━━━┳━━━━━━━┳━━━━━━━┳━━━━━━━┳━━━━━━┓
┃       ┃       ┃       ┃       ┃       ┃       ┃       ┃       ┃       ┃  Bad ┃
┃       ┃       ┃       ┃       ┃       ┃       ┃       ┃       ┃       ┃ Tool ┃
┃       ┃       ┃ Total ┃       ┃       ┃ Error ┃ Total ┃ Even… ┃ Even… ┃ Cal… ┃
┃ Stage ┃ Sess… ┃ Sess… ┃ Succ… ┃ Fail… ┃     % ┃ Even… ┃ Comp… ┃ Canc… ┃ Sub… ┃
┡━━━━━━━╇━━━━━━━╇━━━━━━━╇━━━━━━━╇━━━━━━━╇━━━━━━━╇━━━━━━━╇━━━━━━━╇━━━━━━━╇━━━━━━┩
│     0 │  0.01 │    17 │     0 │    17 │ 100.… │  1219 │    51 │  1151 │    0 │
└───────┴───────┴───────┴───────┴───────┴───────┴───────┴───────┴───────┴──────┘
                           Session Duration & Events                            
┏━━━━━━━┳━━━━━━━━━━━┳━━━━━━━━━━━┳━━━━━━━━━━━┳━━━━━━━━━━━┳━━━━━━━━━━┳━━━━━━━━━━━┓
┃       ┃  Duration ┃  Duration ┃  Duration ┃    Events ┃   Events ┃    Events ┃
┃ Stage ┃  Mean (s) ┃   Med (s) ┃   P90 (s) ┃      Mean ┃      Med ┃       P90 ┃
┡━━━━━━━╇━━━━━━━━━━━╇━━━━━━━━━━━╇━━━━━━━━━━━╇━━━━━━━━━━━╇━━━━━━━━━━╇━━━━━━━━━━━┩
│     0 │   2400.80 │   2399.55 │   2578.75 │      71.7 │     63.0 │     133.0 │
└───────┴───────────┴───────────┴───────────┴───────────┴──────────┴───────────┘
                       Session Token Totals (per session)                       
┏━━━━━━━┳━━━━━━━━━━━┳━━━━━━━━━━━┳━━━━━━━━━━━┳━━━━━━━━━━━┳━━━━━━━━━━━┳━━━━━━━━━━┓
┃       ┃        In ┃        In ┃        In ┃       Out ┃       Out ┃      Out ┃
┃       ┃  Tok/Sess ┃  Tok/Sess ┃  Tok/Sess ┃  Tok/Sess ┃  Tok/Sess ┃ Tok/Sess ┃
┃ Stage ┃      Mean ┃       Med ┃       P90 ┃      Mean ┃       Med ┃      P90 ┃
┡━━━━━━━╇━━━━━━━━━━━╇━━━━━━━━━━━╇━━━━━━━━━━━╇━━━━━━━━━━━╇━━━━━━━━━━━╇━━━━━━━━━━┩
│     0 │  145011.8 │  118828.0 │  278572.6 │    1195.2 │    1103.0 │   2368.0 │
└───────┴───────────┴───────────┴───────────┴───────────┴───────────┴──────────┘
                           Session KV Cache Hit Rate                            
┏━━━━━━━┳━━━━━━━━━━━━━┳━━━━━━━━━━━━━┳━━━━━━━━━━━━━┳━━━━━━━━━━━━━━┳━━━━━━━━━━━━━┓
┃       ┃       Hit % ┃  Hit %/Sess ┃  Hit %/Sess ┃   Hit %/Sess ┃ Sessions w/ ┃
┃ Stage ┃    (pooled) ┃        Mean ┃         Med ┃          P90 ┃        Info ┃
┡━━━━━━━╇━━━━━━━━━━━━━╇━━━━━━━━━━━━━╇━━━━━━━━━━━━━╇━━━━━━━━━━━━━━╇━━━━━━━━━━━━━┩
│     0 │        44.8 │        35.9 │        48.9 │         58.9 │          17 │
└───────┴─────────────┴─────────────┴─────────────┴──────────────┴─────────────┘
                    Session TFUT (Time to First User Token)                     
┏━━━━━━━┳━━━━━━━━━━━━━┳━━━━━━━━━━━━━┳━━━━━━━━━━━━━┳━━━━━━━━━━━━━━┳━━━━━━━━━━━━━┓
┃       ┃   TFUT Mean ┃    TFUT Med ┃    TFUT P90 ┃  Sessions w/ ┃   TFUT None ┃
┃ Stage ┃         (s) ┃         (s) ┃         (s) ┃         TFUT ┃     Reasons ┃
┡━━━━━━━╇━━━━━━━━━━━━━╇━━━━━━━━━━━━━╇━━━━━━━━━━━━━╇━━━━━━━━━━━━━━╇━━━━━━━━━━━━━┩
│     0 │      51.041 │      54.946 │     118.067 │           17 │           - │
└───────┴─────────────┴─────────────┴─────────────┴──────────────┴─────────────┘
       Request Error Summary        
┏━━━━━━━┳━━━━━━━━━━━┳━━━━━━━━━━━━━━┓
┃ Stage ┃ Successes ┃ timeouterror ┃
┡━━━━━━━╇━━━━━━━━━━━╇━━━━━━━━━━━━━━┩
│     0 │      2228 │           20 │
└───────┴───────────┴──────────────┘
             Session Error Summary             
┏━━━━━━━┳━━━━━━━━━━━━━━━━━━━━┳━━━━━━━━━━━━━━━━┓
┃ Stage ┃ Sessions Succeeded ┃ request_failed ┃
┡━━━━━━━╇━━━━━━━━━━━━━━━━━━━━╇━━━━━━━━━━━━━━━━┩
│     0 │                  0 │             17 │
└───────┴────────────────────┴────────────────┘
EXIT=0
REPORTS_COMPLETE=yes
