ts,programs_running,programs_idle,programs_marked,programs_paused,holds_reasoning,holds_paused,holds_new,releases_reasoning,releases_paused,releases_new,pauses_total,resumes_total,rebinds_total,starvation_promotions_total,origin_waits_total,pod_utilization,fc_queue_size,fc_queue_wait_sum,fc_queue_wait_count
1789950928.9,,,,,,,,,,,,,,,,,,,
1789950931.0,,,,,,,,,,,,,,,,,,,
1789950933.1,,,,,,,,,,,,,,,,,,,
1789950935.1,,,,,,,,,,,,,,,,,,,
1789950937.2,,,,,,,,,,,,,,,,,,,
1789950939.3,,,,,,,,,,,,,,,,,,,
1789950941.4,,,,,,,,,,,,,,,,,,,
1789950943.5,,,,,,,,,,,,,,,,,,,
1789950945.5,,,,,,,,,,,,,,,,,,,
1789950947.6,,,,,,,,,,,,,,,,,,,
1789950949.7,,,,,,,,,,,,,,,,,,,
1789950951.7,,,,,,,,,,,,,,,,,,,
1789950953.8,,,,,,,,,,,,,,,,,,,
1789950955.9,,,,,,,,,,,,,,,,,,,
1789950957.9,,,,,,,,,,,,,,,,,,,
1789950960.0,,,,,,,,,,,,,,,,,,,
1789950962.1,,,,,,,,,,,,,,,,,,,
1789950964.1,,,,,,,,,,,,,,,,,,,
1789950966.2,,,,,,,,,,,,,,,,,,,
1789950968.3,,,,,,,,,,,,,,,,,,,
1789950970.3,,,,,,,,,,,,,,,,,,,
1789950972.4,,,,,,,,,,,,,,,,,,,
1789950974.5,,,,,,,,,,,,,,,,,,,
1789950976.5,,,,,,,,,,,,,,,,,,,
1789950978.6,,,,,,,,,,,,,,,,,,,
1789950980.7,,,,,,,,,,,,,,,,,,,
1789950982.8,,,,,,,,,,,,,,,,,,,
1789950984.8,,,,,,,,,,,,,,,,,,,
1789950986.9,,,,,,,,,,,,,,,,,,,
1789950989.0,,,,,,,,,,,,,,,,,,,
1789950991.0,,,,,,,,,,,,,,,,,,,
1789950993.1,,,,,,,,,,,,,,,,,,,
1789950995.2,,,,,,,,,,,,,,,,,,,
1789950997.3,,,,,,,,,,,,,,,,,,,
1789950999.3,,,,,,,,,,,,,,,,,,,
1789951001.4,,,,,,,,,,,,,,,,,,,
1789951003.5,,,,,,,,,,,,,,,,,,,
1789951005.6,,,,,,,,,,,,,,,,,,,
1789951007.6,,,,,,,,,,,,,,,,,,,
1789951009.7,,,,,,,,,,,,,,,,,,,
1789951011.8,,,,,,,,,,,,,,,,,,,
1789951013.9,,,,,,,,,,,,,,,,,,,
1789951016.0,,,,,,,,,,,,,,,,,,,
1789951018.0,,,,,,,,,,,,,,,,,,,
1789951020.1,,,,,,,,,,,,,,,,,,,
1789951022.2,,,,,,,,,,,,,,,,,,,
1789951024.3,,,,,,,,,,,,,,,,,,,
1789951026.4,,,,,,,,,,,,,,,,,,,
1789951028.4,,,,,,,,,,,,,,,,,,,
1789951030.5,,,,,,,,,,,,,,,,,,,
1789951032.6,,,,,,,,,,,,,,,,,,,
1789951034.7,,,,,,,,,,,,,,,,,,,
1789951036.8,,,,,,,,,,,,,,,,,,,
1789951038.9,,,,,,,,,,,,,,,,,,,
1789951040.9,,,,,,,,,,,,,,,,,,,
1789951043.0,,,,,,,,,,,,,,,,,,,
1789951045.1,,,,,,,,,,,,,,,,,,,
1789951047.2,,,,,,,,,,,,,,,,,,,
1789951049.3,,,,,,,,,,,,,,,,,,,
1789951051.3,,,,,,,,,,,,,,,,,,,
1789951053.4,,,,,,,,,,,,,,,,,,,
1789951055.5,,,,,,,,,,,,,,,,,,,
1789951057.6,,,,,,,,,,,,,,,,,,,
1789951059.7,,,,,,,,,,,,,,,,,,,
1789951061.8,,,,,,,,,,,,,,,,,,,
1789951063.8,,,,,,,,,,,,,,,,,,,
1789951065.9,,,,,,,,,,,,,,,,,,,
1789951068.0,,,,,,,,,,,,,,,,,,,
1789951070.1,,,,,,,,,,,,,,,,,,,
1789951072.2,,,,,,,,,,,,,,,,,,,
1789951074.3,,,,,,,,,,,,,,,,,,,
1789951076.3,,,,,,,,,,,,,,,,,,,
1789951078.4,,,,,,,,,,,,,,,,,,,
1789951080.5,,,,,,,,,,,,,,,,,,,
1789951082.6,,,,,,,,,,,,,,,,,,,
1789951084.7,,,,,,,,,,,,,,,,,,,
1789951086.7,,,,,,,,,,,,,,,,,,,
1789951088.8,,,,,,,,,,,,,,,,,,,
1789951090.9,,,,,,,,,,,,,,,,,,,
1789951093.2,,,,,,,,,,,,,,,,,,,
1789951095.5,,,,,,,,,,,,,,,,,,,
1789951097.8,,,,,,,,,,,,,,,,,,,
1789951100.0,,,,,,,,,,,,,,,,,,,
1789951102.3,,,,,,,,,,,,,,,,,,,
1789951104.5,,,,,,,,,,,,,,,,,,,
1789951106.7,,,,,,,,,,,,,,,,,,,
1789951109.0,,,,,,,,,,,,,,,,,,,
1789951111.1,,,,,,,,,,,,,,,,,,,
1789951113.3,,,,,,,,,,,,,,,,,,,
1789951115.5,,,,,,,,,,,,,,,,,,,
1789951117.7,,,,,,,,,,,,,,,,,,,
1789951119.8,,,,,,,,,,,,,,,,,,,
1789951121.9,,,,,,,,,,,,,,,,,,,
1789951124.0,,,,,,,,,,,,,,,,,,,
1789951126.1,,,,,,,,,,,,,,,,,,,
1789951128.2,,,,,,,,,,,,,,,,,,,
1789951130.4,,,,,,,,,,,,,,,,,,,
1789951132.5,,,,,,,,,,,,,,,,,,,
1789951134.6,,,,,,,,,,,,,,,,,,,
1789951136.7,,,,,,,,,,,,,,,,,,,
1789951138.9,,,,,,,,,,,,,,,,,,,
1789951141.0,,,,,,,,,,,,,,,,,,,
1789951143.1,,,,,,,,,,,,,,,,,,,
1789951145.2,,,,,,,,,,,,,,,,,,,
1789951147.3,,,,,,,,,,,,,,,,,,,
1789951149.4,,,,,,,,,,,,,,,,,,,
1789951151.6,,,,,,,,,,,,,,,,,,,
1789951153.7,,,,,,,,,,,,,,,,,,,
1789951155.8,,,,,,,,,,,,,,,,,,,
1789951157.9,,,,,,,,,,,,,,,,,,,
1789951160.1,,,,,,,,,,,,,,,,,,,
1789951162.2,,,,,,,,,,,,,,,,,,,
1789951164.3,,,,,,,,,,,,,,,,,,,
1789951166.4,,,,,,,,,,,,,,,,,,,
1789951168.5,,,,,,,,,,,,,,,,,,,
1789951170.7,,,,,,,,,,,,,,,,,,,
1789951172.8,,,,,,,,,,,,,,,,,,,
1789951174.9,,,,,,,,,,,,,,,,,,,
1789951177.1,,,,,,,,,,,,,,,,,,,
1789951179.2,,,,,,,,,,,,,,,,,,,
1789951181.3,,,,,,,,,,,,,,,,,,,
1789951183.4,,,,,,,,,,,,,,,,,,,
1789951185.5,,,,,,,,,,,,,,,,,,,
1789951187.7,,,,,,,,,,,,,,,,,,,
1789951189.8,,,,,,,,,,,,,,,,,,,
1789951191.9,,,,,,,,,,,,,,,,,,,
1789951194.0,,,,,,,,,,,,,,,,,,,
1789951196.2,,,,,,,,,,,,,,,,,,,
1789951198.3,,,,,,,,,,,,,,,,,,,
1789951200.5,,,,,,,,,,,,,,,,,,,
1789951202.6,,,,,,,,,,,,,,,,,,,
1789951204.7,,,,,,,,,,,,,,,,,,,
1789951206.9,,,,,,,,,,,,,,,,,,,
1789951209.0,,,,,,,,,,,,,,,,,,,
1789951211.1,,,,,,,,,,,,,,,,,,,
1789951213.2,,,,,,,,,,,,,,,,,,,
1789951215.4,,,,,,,,,,,,,,,,,,,
1789951217.5,,,,,,,,,,,,,,,,,,,
1789951219.6,,,,,,,,,,,,,,,,,,,
1789951221.7,,,,,,,,,,,,,,,,,,,
1789951223.8,,,,,,,,,,,,,,,,,,,
1789951225.9,,,,,,,,,,,,,,,,,,,
1789951228.1,,,,,,,,,,,,,,,,,,,
1789951230.2,,,,,,,,,,,,,,,,,,,
1789951232.4,,,,,,,,,,,,,,,,,,,
1789951234.5,,,,,,,,,,,,,,,,,,,
1789951236.7,,,,,,,,,,,,,,,,,,,
1789951238.8,,,,,,,,,,,,,,,,,,,
1789951240.9,,,,,,,,,,,,,,,,,,,
1789951243.0,,,,,,,,,,,,,,,,,,,
1789951245.2,,,,,,,,,,,,,,,,,,,
1789951247.3,,,,,,,,,,,,,,,,,,,
1789951249.4,,,,,,,,,,,,,,,,,,,
1789951251.5,,,,,,,,,,,,,,,,,,,
1789951253.7,,,,,,,,,,,,,,,,,,,
1789951255.8,,,,,,,,,,,,,,,,,,,
1789951257.9,,,,,,,,,,,,,,,,,,,
1789951260.0,,,,,,,,,,,,,,,,,,,
1789951262.2,,,,,,,,,,,,,,,,,,,
1789951264.3,,,,,,,,,,,,,,,,,,,
1789951266.4,,,,,,,,,,,,,,,,,,,
1789951268.5,,,,,,,,,,,,,,,,,,,
1789951270.7,,,,,,,,,,,,,,,,,,,
1789951272.8,,,,,,,,,,,,,,,,,,,
1789951274.9,,,,,,,,,,,,,,,,,,,
1789951277.0,,,,,,,,,,,,,,,,,,,
1789951279.1,,,,,,,,,,,,,,,,,,,
1789951281.3,,,,,,,,,,,,,,,,,,,
1789951283.4,,,,,,,,,,,,,,,,,,,
1789951285.5,,,,,,,,,,,,,,,,,,,
1789951287.7,,,,,,,,,,,,,,,,,,,
1789951289.9,,,,,,,,,,,,,,,,,,,
1789951292.0,,,,,,,,,,,,,,,,,,,
1789951294.1,,,,,,,,,,,,,,,,,,,
1789951296.3,,,,,,,,,,,,,,,,,,,
1789951298.4,,,,,,,,,,,,,,,,,,,
1789951300.5,,,,,,,,,,,,,,,,,,,
1789951302.7,,,,,,,,,,,,,,,,,,,
1789951304.8,,,,,,,,,,,,,,,,,,,
1789951306.9,,,,,,,,,,,,,,,,,,,
1789951309.1,,,,,,,,,,,,,,,,,,,
1789951311.2,,,,,,,,,,,,,,,,,,,
1789951313.3,,,,,,,,,,,,,,,,,,,
1789951315.4,,,,,,,,,,,,,,,,,,,
1789951317.5,,,,,,,,,,,,,,,,,,,
1789951319.7,,,,,,,,,,,,,,,,,,,
1789951321.8,,,,,,,,,,,,,,,,,,,
1789951323.9,,,,,,,,,,,,,,,,,,,
1789951326.1,,,,,,,,,,,,,,,,,,,
1789951328.2,,,,,,,,,,,,,,,,,,,
1789951330.3,,,,,,,,,,,,,,,,,,,
1789951332.5,,,,,,,,,,,,,,,,,,,
1789951334.6,,,,,,,,,,,,,,,,,,,
1789951336.7,,,,,,,,,,,,,,,,,,,
1789951338.9,,,,,,,,,,,,,,,,,,,
1789951341.0,,,,,,,,,,,,,,,,,,,
1789951343.1,,,,,,,,,,,,,,,,,,,
1789951345.2,,,,,,,,,,,,,,,,,,,
1789951347.3,,,,,,,,,,,,,,,,,,,
1789951349.4,,,,,,,,,,,,,,,,,,,
1789951351.6,,,,,,,,,,,,,,,,,,,
1789951353.7,,,,,,,,,,,,,,,,,,,
1789951355.8,,,,,,,,,,,,,,,,,,,
1789951357.9,,,,,,,,,,,,,,,,,,,
1789951360.1,,,,,,,,,,,,,,,,,,,
1789951362.2,,,,,,,,,,,,,,,,,,,
1789951364.3,,,,,,,,,,,,,,,,,,,
1789951366.4,,,,,,,,,,,,,,,,,,,
1789951368.5,,,,,,,,,,,,,,,,,,,
1789951370.6,,,,,,,,,,,,,,,,,,,
1789951372.8,,,,,,,,,,,,,,,,,,,
1789951374.9,,,,,,,,,,,,,,,,,,,
1789951377.0,,,,,,,,,,,,,,,,,,,
1789951379.1,,,,,,,,,,,,,,,,,,,
1789951381.2,,,,,,,,,,,,,,,,,,,
1789951383.3,,,,,,,,,,,,,,,,,,,
1789951385.5,,,,,,,,,,,,,,,,,,,
1789951387.6,,,,,,,,,,,,,,,,,,,
1789951389.7,,,,,,,,,,,,,,,,,,,
1789951391.9,,,,,,,,,,,,,,,,,,,
1789951394.0,,,,,,,,,,,,,,,,,,,
1789951396.1,,,,,,,,,,,,,,,,,,,
1789951398.2,,,,,,,,,,,,,,,,,,,
1789951400.3,,,,,,,,,,,,,,,,,,,
1789951402.4,,,,,,,,,,,,,,,,,,,
1789951404.6,,,,,,,,,,,,,,,,,,,
1789951406.7,,,,,,,,,,,,,,,,,,,
1789951408.8,,,,,,,,,,,,,,,,,,,
1789951410.9,,,,,,,,,,,,,,,,,,,
1789951413.0,,,,,,,,,,,,,,,,,,,
1789951415.1,,,,,,,,,,,,,,,,,,,
1789951417.2,,,,,,,,,,,,,,,,,,,
1789951419.3,,,,,,,,,,,,,,,,,,,
1789951421.4,,,,,,,,,,,,,,,,,,,
1789951423.6,,,,,,,,,,,,,,,,,,,
1789951425.7,,,,,,,,,,,,,,,,,,,
1789951427.8,,,,,,,,,,,,,,,,,,,
1789951429.9,,,,,,,,,,,,,,,,,,,
1789951432.1,,,,,,,,,,,,,,,,,,,
1789951434.2,,,,,,,,,,,,,,,,,,,
1789951436.4,,,,,,,,,,,,,,,,,,,
1789951438.5,,,,,,,,,,,,,,,,,,,
1789951440.6,,,,,,,,,,,,,,,,,,,
1789951442.8,,,,,,,,,,,,,,,,,,,
1789951444.9,,,,,,,,,,,,,,,,,,,
1789951447.0,,,,,,,,,,,,,,,,,,,
1789951449.1,,,,,,,,,,,,,,,,,,,
1789951451.3,,,,,,,,,,,,,,,,,,,
1789951453.4,,,,,,,,,,,,,,,,,,,
1789951455.6,,,,,,,,,,,,,,,,,,,
1789951457.7,,,,,,,,,,,,,,,,,,,
1789951459.8,,,,,,,,,,,,,,,,,,,
1789951461.9,,,,,,,,,,,,,,,,,,,
1789951464.0,,,,,,,,,,,,,,,,,,,
1789951466.2,,,,,,,,,,,,,,,,,,,
1789951468.3,,,,,,,,,,,,,,,,,,,
1789951470.4,,,,,,,,,,,,,,,,,,,
1789951472.5,,,,,,,,,,,,,,,,,,,
1789951474.6,,,,,,,,,,,,,,,,,,,
1789951476.7,,,,,,,,,,,,,,,,,,,
1789951478.9,,,,,,,,,,,,,,,,,,,
1789951481.0,,,,,,,,,,,,,,,,,,,
1789951483.1,,,,,,,,,,,,,,,,,,,
1789951485.2,,,,,,,,,,,,,,,,,,,
1789951487.3,,,,,,,,,,,,,,,,,,,
1789951489.4,,,,,,,,,,,,,,,,,,,
1789951491.5,,,,,,,,,,,,,,,,,,,
1789951493.7,,,,,,,,,,,,,,,,,,,
1789951495.8,,,,,,,,,,,,,,,,,,,
1789951497.9,,,,,,,,,,,,,,,,,,,
1789951500.0,,,,,,,,,,,,,,,,,,,
1789951502.1,,,,,,,,,,,,,,,,,,,
1789951504.3,,,,,,,,,,,,,,,,,,,
1789951506.4,,,,,,,,,,,,,,,,,,,
1789951508.5,,,,,,,,,,,,,,,,,,,
1789951510.7,,,,,,,,,,,,,,,,,,,
1789951512.8,,,,,,,,,,,,,,,,,,,
1789951514.9,,,,,,,,,,,,,,,,,,,
1789951517.0,,,,,,,,,,,,,,,,,,,
1789951519.1,,,,,,,,,,,,,,,,,,,
1789951521.3,,,,,,,,,,,,,,,,,,,
1789951523.4,,,,,,,,,,,,,,,,,,,
1789951525.5,,,,,,,,,,,,,,,,,,,
1789951527.6,,,,,,,,,,,,,,,,,,,
1789951529.7,,,,,,,,,,,,,,,,,,,
1789951531.8,,,,,,,,,,,,,,,,,,,
1789951533.9,,,,,,,,,,,,,,,,,,,
1789951536.1,,,,,,,,,,,,,,,,,,,
1789951538.2,,,,,,,,,,,,,,,,,,,
1789951540.3,,,,,,,,,,,,,,,,,,,
1789951542.4,,,,,,,,,,,,,,,,,,,
1789951544.5,,,,,,,,,,,,,,,,,,,
1789951546.6,,,,,,,,,,,,,,,,,,,
1789951548.8,,,,,,,,,,,,,,,,,,,
1789951551.0,,,,,,,,,,,,,,,,,,,
1789951553.1,,,,,,,,,,,,,,,,,,,
1789951555.2,,,,,,,,,,,,,,,,,,,
1789951557.3,,,,,,,,,,,,,,,,,,,
1789951559.5,,,,,,,,,,,,,,,,,,,
1789951561.6,,,,,,,,,,,,,,,,,,,
1789951563.7,,,,,,,,,,,,,,,,,,,
1789951565.8,,,,,,,,,,,,,,,,,,,
1789951567.9,,,,,,,,,,,,,,,,,,,
1789951570.0,,,,,,,,,,,,,,,,,,,
1789951572.2,,,,,,,,,,,,,,,,,,,
1789951574.3,,,,,,,,,,,,,,,,,,,
1789951576.4,,,,,,,,,,,,,,,,,,,
1789951578.5,,,,,,,,,,,,,,,,,,,
1789951580.6,,,,,,,,,,,,,,,,,,,
1789951582.7,,,,,,,,,,,,,,,,,,,
1789951584.8,,,,,,,,,,,,,,,,,,,
1789951586.9,,,,,,,,,,,,,,,,,,,
1789951589.0,,,,,,,,,,,,,,,,,,,
1789951591.1,,,,,,,,,,,,,,,,,,,
1789951593.3,,,,,,,,,,,,,,,,,,,
1789951595.4,,,,,,,,,,,,,,,,,,,
1789951597.5,,,,,,,,,,,,,,,,,,,
1789951599.6,,,,,,,,,,,,,,,,,,,
1789951601.7,,,,,,,,,,,,,,,,,,,
1789951603.8,,,,,,,,,,,,,,,,,,,
1789951606.0,,,,,,,,,,,,,,,,,,,
1789951608.1,,,,,,,,,,,,,,,,,,,
1789951610.2,,,,,,,,,,,,,,,,,,,
1789951612.3,,,,,,,,,,,,,,,,,,,
1789951614.4,,,,,,,,,,,,,,,,,,,
1789951616.5,,,,,,,,,,,,,,,,,,,
1789951618.6,,,,,,,,,,,,,,,,,,,
1789951620.7,,,,,,,,,,,,,,,,,,,
1789951622.9,,,,,,,,,,,,,,,,,,,
1789951625.0,,,,,,,,,,,,,,,,,,,
1789951627.1,,,,,,,,,,,,,,,,,,,
1789951629.2,,,,,,,,,,,,,,,,,,,
1789951631.3,,,,,,,,,,,,,,,,,,,
1789951633.4,,,,,,,,,,,,,,,,,,,
1789951635.6,,,,,,,,,,,,,,,,,,,
1789951637.7,,,,,,,,,,,,,,,,,,,
1789951639.8,,,,,,,,,,,,,,,,,,,
1789951641.9,,,,,,,,,,,,,,,,,,,
1789951644.0,,,,,,,,,,,,,,,,,,,
1789951646.2,,,,,,,,,,,,,,,,,,,
1789951648.3,,,,,,,,,,,,,,,,,,,
1789951650.4,,,,,,,,,,,,,,,,,,,
1789951652.5,,,,,,,,,,,,,,,,,,,
1789951654.6,,,,,,,,,,,,,,,,,,,
1789951656.7,,,,,,,,,,,,,,,,,,,
1789951658.8,,,,,,,,,,,,,,,,,,,
1789951660.9,,,,,,,,,,,,,,,,,,,
1789951663.0,,,,,,,,,,,,,,,,,,,
1789951665.2,,,,,,,,,,,,,,,,,,,
1789951667.3,,,,,,,,,,,,,,,,,,,
1789951669.4,,,,,,,,,,,,,,,,,,,
1789951671.5,,,,,,,,,,,,,,,,,,,
1789951673.6,,,,,,,,,,,,,,,,,,,
1789951675.7,,,,,,,,,,,,,,,,,,,
1789951677.8,,,,,,,,,,,,,,,,,,,
1789951680.0,,,,,,,,,,,,,,,,,,,
1789951682.1,,,,,,,,,,,,,,,,,,,
1789951684.2,,,,,,,,,,,,,,,,,,,
1789951686.3,,,,,,,,,,,,,,,,,,,
1789951688.4,,,,,,,,,,,,,,,,,,,
1789951690.5,,,,,,,,,,,,,,,,,,,
1789951692.6,,,,,,,,,,,,,,,,,,,
1789951694.7,,,,,,,,,,,,,,,,,,,
1789951696.8,,,,,,,,,,,,,,,,,,,
1789951699.0,,,,,,,,,,,,,,,,,,,
1789951701.1,,,,,,,,,,,,,,,,,,,
1789951703.2,,,,,,,,,,,,,,,,,,,
1789951705.3,,,,,,,,,,,,,,,,,,,
1789951707.4,,,,,,,,,,,,,,,,,,,
1789951709.5,,,,,,,,,,,,,,,,,,,
1789951711.6,,,,,,,,,,,,,,,,,,,
1789951713.7,,,,,,,,,,,,,,,,,,,
1789951715.8,,,,,,,,,,,,,,,,,,,
1789951718.0,,,,,,,,,,,,,,,,,,,
1789951720.1,,,,,,,,,,,,,,,,,,,
1789951722.2,,,,,,,,,,,,,,,,,,,
1789951724.3,,,,,,,,,,,,,,,,,,,
1789951726.4,,,,,,,,,,,,,,,,,,,
1789951728.6,,,,,,,,,,,,,,,,,,,
1789951730.7,,,,,,,,,,,,,,,,,,,
1789951732.8,,,,,,,,,,,,,,,,,,,
1789951735.0,,,,,,,,,,,,,,,,,,,
1789951737.1,,,,,,,,,,,,,,,,,,,
1789951739.2,,,,,,,,,,,,,,,,,,,
1789951741.3,,,,,,,,,,,,,,,,,,,
1789951743.4,,,,,,,,,,,,,,,,,,,
1789951745.5,,,,,,,,,,,,,,,,,,,
1789951747.6,,,,,,,,,,,,,,,,,,,
1789951749.8,,,,,,,,,,,,,,,,,,,
1789951751.9,,,,,,,,,,,,,,,,,,,
1789951754.0,,,,,,,,,,,,,,,,,,,
1789951756.1,,,,,,,,,,,,,,,,,,,
1789951758.3,,,,,,,,,,,,,,,,,,,
1789951760.4,,,,,,,,,,,,,,,,,,,
1789951762.5,,,,,,,,,,,,,,,,,,,
1789951764.6,,,,,,,,,,,,,,,,,,,
1789951766.7,,,,,,,,,,,,,,,,,,,
1789951768.8,,,,,,,,,,,,,,,,,,,
1789951770.9,,,,,,,,,,,,,,,,,,,
1789951773.0,,,,,,,,,,,,,,,,,,,
1789951775.1,,,,,,,,,,,,,,,,,,,
1789951777.3,,,,,,,,,,,,,,,,,,,
1789951779.4,,,,,,,,,,,,,,,,,,,
1789951781.5,,,,,,,,,,,,,,,,,,,
1789951783.6,,,,,,,,,,,,,,,,,,,
1789951785.7,,,,,,,,,,,,,,,,,,,
1789951787.8,,,,,,,,,,,,,,,,,,,
1789951789.9,,,,,,,,,,,,,,,,,,,
1789951792.1,,,,,,,,,,,,,,,,,,,
1789951794.2,,,,,,,,,,,,,,,,,,,
1789951796.3,,,,,,,,,,,,,,,,,,,
1789951798.4,,,,,,,,,,,,,,,,,,,
1789951800.5,,,,,,,,,,,,,,,,,,,
1789951802.7,,,,,,,,,,,,,,,,,,,
1789951804.8,,,,,,,,,,,,,,,,,,,
1789951806.9,,,,,,,,,,,,,,,,,,,
1789951809.0,,,,,,,,,,,,,,,,,,,
1789951811.1,,,,,,,,,,,,,,,,,,,
1789951813.2,,,,,,,,,,,,,,,,,,,
1789951815.4,,,,,,,,,,,,,,,,,,,
1789951817.5,,,,,,,,,,,,,,,,,,,
1789951819.6,,,,,,,,,,,,,,,,,,,
1789951821.7,,,,,,,,,,,,,,,,,,,
1789951823.8,,,,,,,,,,,,,,,,,,,
1789951825.9,,,,,,,,,,,,,,,,,,,
1789951828.0,,,,,,,,,,,,,,,,,,,
1789951830.2,,,,,,,,,,,,,,,,,,,
1789951832.3,,,,,,,,,,,,,,,,,,,
1789951834.5,,,,,,,,,,,,,,,,,,,
1789951836.6,,,,,,,,,,,,,,,,,,,
1789951838.7,,,,,,,,,,,,,,,,,,,
1789951840.8,,,,,,,,,,,,,,,,,,,
1789951842.9,,,,,,,,,,,,,,,,,,,
1789951845.0,,,,,,,,,,,,,,,,,,,
1789951847.2,,,,,,,,,,,,,,,,,,,
1789951849.3,,,,,,,,,,,,,,,,,,,
1789951851.4,,,,,,,,,,,,,,,,,,,
1789951853.5,,,,,,,,,,,,,,,,,,,
1789951855.6,,,,,,,,,,,,,,,,,,,
1789951857.7,,,,,,,,,,,,,,,,,,,
1789951859.8,,,,,,,,,,,,,,,,,,,
1789951861.9,,,,,,,,,,,,,,,,,,,
1789951864.1,,,,,,,,,,,,,,,,,,,
1789951866.2,,,,,,,,,,,,,,,,,,,
1789951868.3,,,,,,,,,,,,,,,,,,,
1789951870.4,,,,,,,,,,,,,,,,,,,
1789951872.5,,,,,,,,,,,,,,,,,,,
1789951874.6,,,,,,,,,,,,,,,,,,,
1789951876.8,,,,,,,,,,,,,,,,,,,
1789951878.9,,,,,,,,,,,,,,,,,,,
1789951881.0,,,,,,,,,,,,,,,,,,,
1789951883.1,,,,,,,,,,,,,,,,,,,
1789951885.2,,,,,,,,,,,,,,,,,,,
1789951887.3,,,,,,,,,,,,,,,,,,,
1789951889.5,,,,,,,,,,,,,,,,,,,
1789951891.6,,,,,,,,,,,,,,,,,,,
1789951893.7,,,,,,,,,,,,,,,,,,,
1789951895.8,,,,,,,,,,,,,,,,,,,
1789951897.9,,,,,,,,,,,,,,,,,,,
1789951900.1,,,,,,,,,,,,,,,,,,,
1789951902.2,,,,,,,,,,,,,,,,,,,
1789951904.3,,,,,,,,,,,,,,,,,,,
1789951906.4,,,,,,,,,,,,,,,,,,,
1789951908.5,,,,,,,,,,,,,,,,,,,
1789951910.6,,,,,,,,,,,,,,,,,,,
1789951912.8,,,,,,,,,,,,,,,,,,,
1789951914.9,,,,,,,,,,,,,,,,,,,
1789951917.0,,,,,,,,,,,,,,,,,,,
1789951919.1,,,,,,,,,,,,,,,,,,,
1789951921.2,,,,,,,,,,,,,,,,,,,
1789951923.4,,,,,,,,,,,,,,,,,,,
1789951925.5,,,,,,,,,,,,,,,,,,,
1789951927.6,,,,,,,,,,,,,,,,,,,
1789951929.7,,,,,,,,,,,,,,,,,,,
1789951931.8,,,,,,,,,,,,,,,,,,,
1789951933.9,,,,,,,,,,,,,,,,,,,
1789951936.0,,,,,,,,,,,,,,,,,,,
1789951938.2,,,,,,,,,,,,,,,,,,,
1789951940.3,,,,,,,,,,,,,,,,,,,
1789951942.4,,,,,,,,,,,,,,,,,,,
1789951944.5,,,,,,,,,,,,,,,,,,,
1789951946.6,,,,,,,,,,,,,,,,,,,
1789951948.8,,,,,,,,,,,,,,,,,,,
1789951950.9,,,,,,,,,,,,,,,,,,,
1789951953.0,,,,,,,,,,,,,,,,,,,
1789951955.1,,,,,,,,,,,,,,,,,,,
1789951957.2,,,,,,,,,,,,,,,,,,,
1789951959.3,,,,,,,,,,,,,,,,,,,
1789951961.5,,,,,,,,,,,,,,,,,,,
1789951963.6,,,,,,,,,,,,,,,,,,,
1789951965.7,,,,,,,,,,,,,,,,,,,
1789951967.8,,,,,,,,,,,,,,,,,,,
1789951969.9,,,,,,,,,,,,,,,,,,,
1789951972.1,,,,,,,,,,,,,,,,,,,
1789951974.2,,,,,,,,,,,,,,,,,,,
1789951976.3,,,,,,,,,,,,,,,,,,,
1789951978.4,,,,,,,,,,,,,,,,,,,
1789951980.5,,,,,,,,,,,,,,,,,,,
1789951982.7,,,,,,,,,,,,,,,,,,,
1789951984.8,,,,,,,,,,,,,,,,,,,
1789951986.9,,,,,,,,,,,,,,,,,,,
1789951989.0,,,,,,,,,,,,,,,,,,,
1789951991.1,,,,,,,,,,,,,,,,,,,
1789951993.3,,,,,,,,,,,,,,,,,,,
1789951995.4,,,,,,,,,,,,,,,,,,,
1789951997.5,,,,,,,,,,,,,,,,,,,
1789951999.6,,,,,,,,,,,,,,,,,,,
1789952001.7,,,,,,,,,,,,,,,,,,,
1789952003.8,,,,,,,,,,,,,,,,,,,
1789952005.9,,,,,,,,,,,,,,,,,,,
1789952008.1,,,,,,,,,,,,,,,,,,,
1789952010.2,,,,,,,,,,,,,,,,,,,
1789952012.4,,,,,,,,,,,,,,,,,,,
1789952014.5,,,,,,,,,,,,,,,,,,,
1789952016.6,,,,,,,,,,,,,,,,,,,
1789952018.7,,,,,,,,,,,,,,,,,,,
1789952020.9,,,,,,,,,,,,,,,,,,,
1789952023.0,,,,,,,,,,,,,,,,,,,
1789952025.1,,,,,,,,,,,,,,,,,,,
1789952027.2,,,,,,,,,,,,,,,,,,,
1789952029.4,,,,,,,,,,,,,,,,,,,
1789952031.5,,,,,,,,,,,,,,,,,,,
1789952033.6,,,,,,,,,,,,,,,,,,,
1789952035.8,,,,,,,,,,,,,,,,,,,
1789952037.9,,,,,,,,,,,,,,,,,,,
1789952040.0,,,,,,,,,,,,,,,,,,,
1789952042.1,,,,,,,,,,,,,,,,,,,
1789952044.2,,,,,,,,,,,,,,,,,,,
1789952046.3,,,,,,,,,,,,,,,,,,,
1789952048.4,,,,,,,,,,,,,,,,,,,
1789952050.5,,,,,,,,,,,,,,,,,,,
1789952052.6,,,,,,,,,,,,,,,,,,,
1789952054.7,,,,,,,,,,,,,,,,,,,
1789952056.9,,,,,,,,,,,,,,,,,,,
1789952059.0,,,,,,,,,,,,,,,,,,,
1789952061.1,,,,,,,,,,,,,,,,,,,
1789952063.2,,,,,,,,,,,,,,,,,,,
1789952065.3,,,,,,,,,,,,,,,,,,,
1789952067.4,,,,,,,,,,,,,,,,,,,
1789952069.5,,,,,,,,,,,,,,,,,,,
1789952071.6,,,,,,,,,,,,,,,,,,,
1789952073.8,,,,,,,,,,,,,,,,,,,
1789952075.9,,,,,,,,,,,,,,,,,,,
1789952078.0,,,,,,,,,,,,,,,,,,,
1789952080.1,,,,,,,,,,,,,,,,,,,
1789952082.2,,,,,,,,,,,,,,,,,,,
1789952084.3,,,,,,,,,,,,,,,,,,,
1789952086.4,,,,,,,,,,,,,,,,,,,
1789952088.5,,,,,,,,,,,,,,,,,,,
1789952090.6,,,,,,,,,,,,,,,,,,,
1789952092.8,,,,,,,,,,,,,,,,,,,
1789952094.9,,,,,,,,,,,,,,,,,,,
1789952097.0,,,,,,,,,,,,,,,,,,,
1789952099.1,,,,,,,,,,,,,,,,,,,
1789952101.3,,,,,,,,,,,,,,,,,,,
1789952103.4,,,,,,,,,,,,,,,,,,,
1789952105.5,,,,,,,,,,,,,,,,,,,
1789952107.6,,,,,,,,,,,,,,,,,,,
1789952109.8,,,,,,,,,,,,,,,,,,,
1789952111.9,,,,,,,,,,,,,,,,,,,
1789952114.0,,,,,,,,,,,,,,,,,,,
1789952116.2,,,,,,,,,,,,,,,,,,,
1789952118.3,,,,,,,,,,,,,,,,,,,
1789952120.4,,,,,,,,,,,,,,,,,,,
1789952122.5,,,,,,,,,,,,,,,,,,,
1789952124.6,,,,,,,,,,,,,,,,,,,
1789952126.8,,,,,,,,,,,,,,,,,,,
1789952128.9,,,,,,,,,,,,,,,,,,,
1789952131.0,,,,,,,,,,,,,,,,,,,
1789952133.1,,,,,,,,,,,,,,,,,,,
1789952135.2,,,,,,,,,,,,,,,,,,,
1789952137.4,,,,,,,,,,,,,,,,,,,
1789952139.5,,,,,,,,,,,,,,,,,,,
1789952141.6,,,,,,,,,,,,,,,,,,,
1789952143.7,,,,,,,,,,,,,,,,,,,
1789952145.8,,,,,,,,,,,,,,,,,,,
1789952147.9,,,,,,,,,,,,,,,,,,,
1789952150.1,,,,,,,,,,,,,,,,,,,
1789952152.2,,,,,,,,,,,,,,,,,,,
1789952154.3,,,,,,,,,,,,,,,,,,,
1789952156.4,,,,,,,,,,,,,,,,,,,
1789952158.6,,,,,,,,,,,,,,,,,,,
1789952160.7,,,,,,,,,,,,,,,,,,,
1789952162.8,,,,,,,,,,,,,,,,,,,
1789952164.9,,,,,,,,,,,,,,,,,,,
1789952167.0,,,,,,,,,,,,,,,,,,,
1789952169.1,,,,,,,,,,,,,,,,,,,
1789952171.2,,,,,,,,,,,,,,,,,,,
1789952173.3,,,,,,,,,,,,,,,,,,,
1789952175.4,,,,,,,,,,,,,,,,,,,
1789952177.6,,,,,,,,,,,,,,,,,,,
1789952179.7,,,,,,,,,,,,,,,,,,,
1789952181.8,,,,,,,,,,,,,,,,,,,
1789952183.9,,,,,,,,,,,,,,,,,,,
1789952186.0,,,,,,,,,,,,,,,,,,,
1789952188.2,,,,,,,,,,,,,,,,,,,
1789952190.3,,,,,,,,,,,,,,,,,,,
1789952192.4,,,,,,,,,,,,,,,,,,,
1789952194.6,,,,,,,,,,,,,,,,,,,
1789952196.7,,,,,,,,,,,,,,,,,,,
1789952198.8,,,,,,,,,,,,,,,,,,,
1789952200.9,,,,,,,,,,,,,,,,,,,
1789952203.0,,,,,,,,,,,,,,,,,,,
1789952205.2,,,,,,,,,,,,,,,,,,,
1789952207.3,,,,,,,,,,,,,,,,,,,
1789952209.4,,,,,,,,,,,,,,,,,,,
1789952211.5,,,,,,,,,,,,,,,,,,,
1789952213.6,,,,,,,,,,,,,,,,,,,
1789952215.7,,,,,,,,,,,,,,,,,,,
1789952217.8,,,,,,,,,,,,,,,,,,,
1789952220.0,,,,,,,,,,,,,,,,,,,
1789952222.1,,,,,,,,,,,,,,,,,,,
1789952224.2,,,,,,,,,,,,,,,,,,,
1789952226.3,,,,,,,,,,,,,,,,,,,
1789952228.4,,,,,,,,,,,,,,,,,,,
1789952230.6,,,,,,,,,,,,,,,,,,,
1789952232.7,,,,,,,,,,,,,,,,,,,
1789952234.8,,,,,,,,,,,,,,,,,,,
1789952236.9,,,,,,,,,,,,,,,,,,,
1789952239.0,,,,,,,,,,,,,,,,,,,
1789952241.1,,,,,,,,,,,,,,,,,,,
1789952243.2,,,,,,,,,,,,,,,,,,,
1789952245.3,,,,,,,,,,,,,,,,,,,
1789952247.4,,,,,,,,,,,,,,,,,,,
1789952249.6,,,,,,,,,,,,,,,,,,,
1789952251.7,,,,,,,,,,,,,,,,,,,
1789952253.8,,,,,,,,,,,,,,,,,,,
1789952255.9,,,,,,,,,,,,,,,,,,,
1789952258.0,,,,,,,,,,,,,,,,,,,
1789952260.1,,,,,,,,,,,,,,,,,,,
1789952262.3,,,,,,,,,,,,,,,,,,,
1789952264.4,,,,,,,,,,,,,,,,,,,
1789952266.5,,,,,,,,,,,,,,,,,,,
1789952268.6,,,,,,,,,,,,,,,,,,,
1789952270.7,,,,,,,,,,,,,,,,,,,
1789952272.8,,,,,,,,,,,,,,,,,,,
1789952274.9,,,,,,,,,,,,,,,,,,,
1789952277.0,,,,,,,,,,,,,,,,,,,
1789952279.2,,,,,,,,,,,,,,,,,,,
1789952281.3,,,,,,,,,,,,,,,,,,,
1789952283.5,,,,,,,,,,,,,,,,,,,
1789952285.6,,,,,,,,,,,,,,,,,,,
1789952287.7,,,,,,,,,,,,,,,,,,,
1789952289.8,,,,,,,,,,,,,,,,,,,
1789952291.9,,,,,,,,,,,,,,,,,,,
1789952294.0,,,,,,,,,,,,,,,,,,,
1789952296.1,,,,,,,,,,,,,,,,,,,
1789952298.2,,,,,,,,,,,,,,,,,,,
1789952300.3,,,,,,,,,,,,,,,,,,,
1789952302.4,,,,,,,,,,,,,,,,,,,
1789952304.6,,,,,,,,,,,,,,,,,,,
1789952306.7,,,,,,,,,,,,,,,,,,,
1789952308.8,,,,,,,,,,,,,,,,,,,
1789952310.9,,,,,,,,,,,,,,,,,,,
1789952313.0,,,,,,,,,,,,,,,,,,,
1789952315.1,,,,,,,,,,,,,,,,,,,
1789952317.2,,,,,,,,,,,,,,,,,,,
1789952319.4,,,,,,,,,,,,,,,,,,,
1789952321.5,,,,,,,,,,,,,,,,,,,
1789952323.6,,,,,,,,,,,,,,,,,,,
1789952325.7,,,,,,,,,,,,,,,,,,,
1789952327.8,,,,,,,,,,,,,,,,,,,
1789952330.0,,,,,,,,,,,,,,,,,,,
1789952332.1,,,,,,,,,,,,,,,,,,,
1789952334.2,,,,,,,,,,,,,,,,,,,
1789952336.3,,,,,,,,,,,,,,,,,,,
1789952338.4,,,,,,,,,,,,,,,,,,,
1789952340.5,,,,,,,,,,,,,,,,,,,
1789952342.7,,,,,,,,,,,,,,,,,,,
1789952344.8,,,,,,,,,,,,,,,,,,,
1789952346.9,,,,,,,,,,,,,,,,,,,
1789952349.0,,,,,,,,,,,,,,,,,,,
1789952351.1,,,,,,,,,,,,,,,,,,,
1789952353.2,,,,,,,,,,,,,,,,,,,
1789952355.4,,,,,,,,,,,,,,,,,,,
1789952357.5,,,,,,,,,,,,,,,,,,,
1789952359.6,,,,,,,,,,,,,,,,,,,
1789952361.7,,,,,,,,,,,,,,,,,,,
1789952363.8,,,,,,,,,,,,,,,,,,,
1789952365.9,,,,,,,,,,,,,,,,,,,
1789952368.1,,,,,,,,,,,,,,,,,,,
1789952370.2,,,,,,,,,,,,,,,,,,,
1789952372.3,,,,,,,,,,,,,,,,,,,
1789952374.4,,,,,,,,,,,,,,,,,,,
1789952376.6,,,,,,,,,,,,,,,,,,,
1789952378.7,,,,,,,,,,,,,,,,,,,
1789952380.8,,,,,,,,,,,,,,,,,,,
1789952382.9,,,,,,,,,,,,,,,,,,,
1789952385.0,,,,,,,,,,,,,,,,,,,
1789952387.1,,,,,,,,,,,,,,,,,,,
1789952389.2,,,,,,,,,,,,,,,,,,,
1789952391.3,,,,,,,,,,,,,,,,,,,
1789952393.4,,,,,,,,,,,,,,,,,,,
1789952395.5,,,,,,,,,,,,,,,,,,,
1789952397.6,,,,,,,,,,,,,,,,,,,
1789952399.8,,,,,,,,,,,,,,,,,,,
1789952401.9,,,,,,,,,,,,,,,,,,,
1789952404.0,,,,,,,,,,,,,,,,,,,
1789952406.1,,,,,,,,,,,,,,,,,,,
1789952408.2,,,,,,,,,,,,,,,,,,,
1789952410.3,,,,,,,,,,,,,,,,,,,
1789952412.5,,,,,,,,,,,,,,,,,,,
1789952414.6,,,,,,,,,,,,,,,,,,,
1789952416.7,,,,,,,,,,,,,,,,,,,
1789952418.8,,,,,,,,,,,,,,,,,,,
1789952420.9,,,,,,,,,,,,,,,,,,,
1789952423.0,,,,,,,,,,,,,,,,,,,
1789952425.2,,,,,,,,,,,,,,,,,,,
1789952427.3,,,,,,,,,,,,,,,,,,,
1789952429.4,,,,,,,,,,,,,,,,,,,
1789952431.5,,,,,,,,,,,,,,,,,,,
1789952433.6,,,,,,,,,,,,,,,,,,,
1789952435.7,,,,,,,,,,,,,,,,,,,
1789952437.8,,,,,,,,,,,,,,,,,,,
1789952439.9,,,,,,,,,,,,,,,,,,,
1789952442.1,,,,,,,,,,,,,,,,,,,
1789952444.2,,,,,,,,,,,,,,,,,,,
1789952446.3,,,,,,,,,,,,,,,,,,,
1789952448.4,,,,,,,,,,,,,,,,,,,
1789952450.5,,,,,,,,,,,,,,,,,,,
1789952452.6,,,,,,,,,,,,,,,,,,,
1789952454.7,,,,,,,,,,,,,,,,,,,
1789952456.8,,,,,,,,,,,,,,,,,,,
1789952458.9,,,,,,,,,,,,,,,,,,,
1789952461.0,,,,,,,,,,,,,,,,,,,
1789952463.1,,,,,,,,,,,,,,,,,,,
1789952465.3,,,,,,,,,,,,,,,,,,,
1789952467.4,,,,,,,,,,,,,,,,,,,
1789952469.5,,,,,,,,,,,,,,,,,,,
1789952471.6,,,,,,,,,,,,,,,,,,,
1789952473.7,,,,,,,,,,,,,,,,,,,
1789952475.8,,,,,,,,,,,,,,,,,,,
1789952477.9,,,,,,,,,,,,,,,,,,,
1789952480.1,,,,,,,,,,,,,,,,,,,
1789952482.2,,,,,,,,,,,,,,,,,,,
1789952484.3,,,,,,,,,,,,,,,,,,,
1789952486.4,,,,,,,,,,,,,,,,,,,
1789952488.5,,,,,,,,,,,,,,,,,,,
1789952490.7,,,,,,,,,,,,,,,,,,,
1789952492.8,,,,,,,,,,,,,,,,,,,
1789952494.9,,,,,,,,,,,,,,,,,,,
1789952497.0,,,,,,,,,,,,,,,,,,,
1789952499.2,,,,,,,,,,,,,,,,,,,
1789952501.3,,,,,,,,,,,,,,,,,,,
1789952503.4,,,,,,,,,,,,,,,,,,,
1789952505.5,,,,,,,,,,,,,,,,,,,
1789952507.6,,,,,,,,,,,,,,,,,,,
1789952509.7,,,,,,,,,,,,,,,,,,,
1789952511.8,,,,,,,,,,,,,,,,,,,
1789952514.0,,,,,,,,,,,,,,,,,,,
1789952516.1,,,,,,,,,,,,,,,,,,,
1789952518.2,,,,,,,,,,,,,,,,,,,
1789952520.3,,,,,,,,,,,,,,,,,,,
1789952522.4,,,,,,,,,,,,,,,,,,,
1789952524.5,,,,,,,,,,,,,,,,,,,
1789952526.7,,,,,,,,,,,,,,,,,,,
1789952528.8,,,,,,,,,,,,,,,,,,,
1789952530.9,,,,,,,,,,,,,,,,,,,
1789952533.0,,,,,,,,,,,,,,,,,,,
1789952535.1,,,,,,,,,,,,,,,,,,,
1789952537.2,,,,,,,,,,,,,,,,,,,
1789952539.4,,,,,,,,,,,,,,,,,,,
1789952541.5,,,,,,,,,,,,,,,,,,,
1789952543.6,,,,,,,,,,,,,,,,,,,
1789952545.7,,,,,,,,,,,,,,,,,,,
1789952547.8,,,,,,,,,,,,,,,,,,,
1789952549.9,,,,,,,,,,,,,,,,,,,
1789952552.1,,,,,,,,,,,,,,,,,,,
1789952554.2,,,,,,,,,,,,,,,,,,,
1789952556.3,,,,,,,,,,,,,,,,,,,
1789952558.4,,,,,,,,,,,,,,,,,,,
1789952560.5,,,,,,,,,,,,,,,,,,,
1789952562.6,,,,,,,,,,,,,,,,,,,
1789952564.8,,,,,,,,,,,,,,,,,,,
1789952566.9,,,,,,,,,,,,,,,,,,,
1789952569.0,,,,,,,,,,,,,,,,,,,
1789952571.2,,,,,,,,,,,,,,,,,,,
1789952573.3,,,,,,,,,,,,,,,,,,,
1789952575.5,,,,,,,,,,,,,,,,,,,
1789952577.6,,,,,,,,,,,,,,,,,,,
1789952579.7,,,,,,,,,,,,,,,,,,,
1789952581.8,,,,,,,,,,,,,,,,,,,
1789952583.9,,,,,,,,,,,,,,,,,,,
1789952586.0,,,,,,,,,,,,,,,,,,,
1789952588.1,,,,,,,,,,,,,,,,,,,
1789952590.2,,,,,,,,,,,,,,,,,,,
1789952592.4,,,,,,,,,,,,,,,,,,,
1789952594.5,,,,,,,,,,,,,,,,,,,
1789952596.6,,,,,,,,,,,,,,,,,,,
1789952598.8,,,,,,,,,,,,,,,,,,,
1789952600.9,,,,,,,,,,,,,,,,,,,
1789952603.0,,,,,,,,,,,,,,,,,,,
1789952605.1,,,,,,,,,,,,,,,,,,,
1789952607.2,,,,,,,,,,,,,,,,,,,
1789952609.3,,,,,,,,,,,,,,,,,,,
1789952611.4,,,,,,,,,,,,,,,,,,,
1789952613.5,,,,,,,,,,,,,,,,,,,
1789952615.7,,,,,,,,,,,,,,,,,,,
1789952617.8,,,,,,,,,,,,,,,,,,,
1789952619.9,,,,,,,,,,,,,,,,,,,
1789952622.0,,,,,,,,,,,,,,,,,,,
1789952624.1,,,,,,,,,,,,,,,,,,,
1789952626.3,,,,,,,,,,,,,,,,,,,
1789952628.4,,,,,,,,,,,,,,,,,,,
1789952630.5,,,,,,,,,,,,,,,,,,,
1789952632.6,,,,,,,,,,,,,,,,,,,
1789952634.7,,,,,,,,,,,,,,,,,,,
1789952636.8,,,,,,,,,,,,,,,,,,,
1789952638.9,,,,,,,,,,,,,,,,,,,
1789952641.0,,,,,,,,,,,,,,,,,,,
1789952643.2,,,,,,,,,,,,,,,,,,,
1789952645.3,,,,,,,,,,,,,,,,,,,
1789952647.4,,,,,,,,,,,,,,,,,,,
1789952649.5,,,,,,,,,,,,,,,,,,,
1789952651.6,,,,,,,,,,,,,,,,,,,
1789952653.8,,,,,,,,,,,,,,,,,,,
1789952655.9,,,,,,,,,,,,,,,,,,,
1789952658.0,,,,,,,,,,,,,,,,,,,
1789952660.1,,,,,,,,,,,,,,,,,,,
1789952662.2,,,,,,,,,,,,,,,,,,,
1789952664.3,,,,,,,,,,,,,,,,,,,
1789952666.4,,,,,,,,,,,,,,,,,,,
1789952668.5,,,,,,,,,,,,,,,,,,,
1789952670.6,,,,,,,,,,,,,,,,,,,
1789952672.8,,,,,,,,,,,,,,,,,,,
1789952674.9,,,,,,,,,,,,,,,,,,,
1789952677.0,,,,,,,,,,,,,,,,,,,
1789952679.1,,,,,,,,,,,,,,,,,,,
1789952681.2,,,,,,,,,,,,,,,,,,,
1789952683.4,,,,,,,,,,,,,,,,,,,
1789952685.5,,,,,,,,,,,,,,,,,,,
1789952687.6,,,,,,,,,,,,,,,,,,,
1789952689.7,,,,,,,,,,,,,,,,,,,
1789952691.8,,,,,,,,,,,,,,,,,,,
1789952693.9,,,,,,,,,,,,,,,,,,,
1789952696.0,,,,,,,,,,,,,,,,,,,
1789952698.2,,,,,,,,,,,,,,,,,,,
1789952700.3,,,,,,,,,,,,,,,,,,,
1789952702.4,,,,,,,,,,,,,,,,,,,
1789952704.5,,,,,,,,,,,,,,,,,,,
1789952706.6,,,,,,,,,,,,,,,,,,,
1789952708.8,,,,,,,,,,,,,,,,,,,
1789952710.9,,,,,,,,,,,,,,,,,,,
1789952713.0,,,,,,,,,,,,,,,,,,,
1789952715.2,,,,,,,,,,,,,,,,,,,
1789952717.3,,,,,,,,,,,,,,,,,,,
1789952719.4,,,,,,,,,,,,,,,,,,,
1789952721.5,,,,,,,,,,,,,,,,,,,
1789952723.6,,,,,,,,,,,,,,,,,,,
1789952725.7,,,,,,,,,,,,,,,,,,,
1789952727.9,,,,,,,,,,,,,,,,,,,
1789952730.0,,,,,,,,,,,,,,,,,,,
1789952732.1,,,,,,,,,,,,,,,,,,,
1789952734.2,,,,,,,,,,,,,,,,,,,
1789952736.3,,,,,,,,,,,,,,,,,,,
1789952738.4,,,,,,,,,,,,,,,,,,,
1789952740.5,,,,,,,,,,,,,,,,,,,
1789952742.7,,,,,,,,,,,,,,,,,,,
1789952744.8,,,,,,,,,,,,,,,,,,,
1789952746.9,,,,,,,,,,,,,,,,,,,
1789952749.0,,,,,,,,,,,,,,,,,,,
1789952751.1,,,,,,,,,,,,,,,,,,,
1789952753.2,,,,,,,,,,,,,,,,,,,
1789952755.3,,,,,,,,,,,,,,,,,,,
1789952757.5,,,,,,,,,,,,,,,,,,,
1789952759.6,,,,,,,,,,,,,,,,,,,
1789952761.7,,,,,,,,,,,,,,,,,,,
1789952763.8,,,,,,,,,,,,,,,,,,,
1789952765.9,,,,,,,,,,,,,,,,,,,
1789952768.0,,,,,,,,,,,,,,,,,,,
1789952770.1,,,,,,,,,,,,,,,,,,,
1789952772.2,,,,,,,,,,,,,,,,,,,
1789952774.4,,,,,,,,,,,,,,,,,,,
1789952776.5,,,,,,,,,,,,,,,,,,,
1789952778.6,,,,,,,,,,,,,,,,,,,
1789952780.8,,,,,,,,,,,,,,,,,,,
1789952782.9,,,,,,,,,,,,,,,,,,,
1789952785.0,,,,,,,,,,,,,,,,,,,
1789952787.1,,,,,,,,,,,,,,,,,,,
1789952789.2,,,,,,,,,,,,,,,,,,,
1789952791.3,,,,,,,,,,,,,,,,,,,
1789952793.4,,,,,,,,,,,,,,,,,,,
1789952795.5,,,,,,,,,,,,,,,,,,,
1789952797.7,,,,,,,,,,,,,,,,,,,
1789952799.8,,,,,,,,,,,,,,,,,,,
1789952801.9,,,,,,,,,,,,,,,,,,,
1789952804.0,,,,,,,,,,,,,,,,,,,
1789952806.1,,,,,,,,,,,,,,,,,,,
1789952808.3,,,,,,,,,,,,,,,,,,,
1789952810.4,,,,,,,,,,,,,,,,,,,
1789952812.5,,,,,,,,,,,,,,,,,,,
1789952814.6,,,,,,,,,,,,,,,,,,,
1789952816.7,,,,,,,,,,,,,,,,,,,
1789952818.8,,,,,,,,,,,,,,,,,,,
1789952821.0,,,,,,,,,,,,,,,,,,,
1789952823.1,,,,,,,,,,,,,,,,,,,
1789952825.2,,,,,,,,,,,,,,,,,,,
1789952827.3,,,,,,,,,,,,,,,,,,,
1789952829.4,,,,,,,,,,,,,,,,,,,
1789952831.6,,,,,,,,,,,,,,,,,,,
1789952833.7,,,,,,,,,,,,,,,,,,,
1789952835.8,,,,,,,,,,,,,,,,,,,
1789952837.9,,,,,,,,,,,,,,,,,,,
1789952840.0,,,,,,,,,,,,,,,,,,,
1789952842.1,,,,,,,,,,,,,,,,,,,
1789952844.3,,,,,,,,,,,,,,,,,,,
1789952846.4,,,,,,,,,,,,,,,,,,,
1789952848.5,,,,,,,,,,,,,,,,,,,
1789952850.7,,,,,,,,,,,,,,,,,,,
1789952852.8,,,,,,,,,,,,,,,,,,,
1789952854.9,,,,,,,,,,,,,,,,,,,
1789952857.0,,,,,,,,,,,,,,,,,,,
1789952859.1,,,,,,,,,,,,,,,,,,,
1789952861.3,,,,,,,,,,,,,,,,,,,
1789952863.4,,,,,,,,,,,,,,,,,,,
1789952865.5,,,,,,,,,,,,,,,,,,,
1789952867.6,,,,,,,,,,,,,,,,,,,
1789952869.7,,,,,,,,,,,,,,,,,,,
1789952871.8,,,,,,,,,,,,,,,,,,,
1789952873.9,,,,,,,,,,,,,,,,,,,
1789952876.1,,,,,,,,,,,,,,,,,,,
1789952878.2,,,,,,,,,,,,,,,,,,,
1789952880.3,,,,,,,,,,,,,,,,,,,
1789952882.4,,,,,,,,,,,,,,,,,,,
1789952884.6,,,,,,,,,,,,,,,,,,,
1789952886.7,,,,,,,,,,,,,,,,,,,
1789952888.8,,,,,,,,,,,,,,,,,,,
1789952890.9,,,,,,,,,,,,,,,,,,,
1789952893.1,,,,,,,,,,,,,,,,,,,
1789952895.2,,,,,,,,,,,,,,,,,,,
1789952897.3,,,,,,,,,,,,,,,,,,,
1789952899.4,,,,,,,,,,,,,,,,,,,
1789952901.5,,,,,,,,,,,,,,,,,,,
1789952903.7,,,,,,,,,,,,,,,,,,,
1789952905.8,,,,,,,,,,,,,,,,,,,
1789952907.9,,,,,,,,,,,,,,,,,,,
1789952910.0,,,,,,,,,,,,,,,,,,,
1789952912.1,,,,,,,,,,,,,,,,,,,
1789952914.2,,,,,,,,,,,,,,,,,,,
1789952916.3,,,,,,,,,,,,,,,,,,,
1789952918.4,,,,,,,,,,,,,,,,,,,
1789952920.5,,,,,,,,,,,,,,,,,,,
1789952922.7,,,,,,,,,,,,,,,,,,,
1789952924.8,,,,,,,,,,,,,,,,,,,
1789952926.9,,,,,,,,,,,,,,,,,,,
1789952929.0,,,,,,,,,,,,,,,,,,,
1789952931.1,,,,,,,,,,,,,,,,,,,
1789952933.2,,,,,,,,,,,,,,,,,,,
1789952935.4,,,,,,,,,,,,,,,,,,,
1789952937.5,,,,,,,,,,,,,,,,,,,
1789952939.6,,,,,,,,,,,,,,,,,,,
1789952941.7,,,,,,,,,,,,,,,,,,,
1789952943.8,,,,,,,,,,,,,,,,,,,
1789952945.9,,,,,,,,,,,,,,,,,,,
1789952948.0,,,,,,,,,,,,,,,,,,,
1789952950.2,,,,,,,,,,,,,,,,,,,
1789952952.3,,,,,,,,,,,,,,,,,,,
1789952954.4,,,,,,,,,,,,,,,,,,,
1789952956.5,,,,,,,,,,,,,,,,,,,
1789952958.6,,,,,,,,,,,,,,,,,,,
1789952960.8,,,,,,,,,,,,,,,,,,,
1789952962.9,,,,,,,,,,,,,,,,,,,
1789952965.0,,,,,,,,,,,,,,,,,,,
1789952967.1,,,,,,,,,,,,,,,,,,,
1789952969.3,,,,,,,,,,,,,,,,,,,
1789952971.4,,,,,,,,,,,,,,,,,,,
1789952973.5,,,,,,,,,,,,,,,,,,,
1789952975.6,,,,,,,,,,,,,,,,,,,
1789952977.7,,,,,,,,,,,,,,,,,,,
1789952979.8,,,,,,,,,,,,,,,,,,,
1789952981.9,,,,,,,,,,,,,,,,,,,
1789952984.0,,,,,,,,,,,,,,,,,,,
1789952986.2,,,,,,,,,,,,,,,,,,,
1789952988.4,,,,,,,,,,,,,,,,,,,
1789952990.5,,,,,,,,,,,,,,,,,,,
1789952992.6,,,,,,,,,,,,,,,,,,,
1789952994.7,,,,,,,,,,,,,,,,,,,
1789952996.9,,,,,,,,,,,,,,,,,,,
1789952999.0,,,,,,,,,,,,,,,,,,,
1789953001.1,,,,,,,,,,,,,,,,,,,
1789953003.2,,,,,,,,,,,,,,,,,,,
1789953005.4,,,,,,,,,,,,,,,,,,,
1789953007.5,,,,,,,,,,,,,,,,,,,
1789953009.6,,,,,,,,,,,,,,,,,,,
1789953011.8,,,,,,,,,,,,,,,,,,,
1789953013.9,,,,,,,,,,,,,,,,,,,
1789953016.0,,,,,,,,,,,,,,,,,,,
1789953018.1,,,,,,,,,,,,,,,,,,,
1789953020.2,,,,,,,,,,,,,,,,,,,
1789953022.3,,,,,,,,,,,,,,,,,,,
1789953024.5,,,,,,,,,,,,,,,,,,,
1789953026.6,,,,,,,,,,,,,,,,,,,
1789953028.7,,,,,,,,,,,,,,,,,,,
1789953030.8,,,,,,,,,,,,,,,,,,,
1789953032.9,,,,,,,,,,,,,,,,,,,
1789953035.0,,,,,,,,,,,,,,,,,,,
1789953037.2,,,,,,,,,,,,,,,,,,,
1789953039.3,,,,,,,,,,,,,,,,,,,
1789953041.5,,,,,,,,,,,,,,,,,,,
1789953043.6,,,,,,,,,,,,,,,,,,,
1789953045.7,,,,,,,,,,,,,,,,,,,
1789953047.9,,,,,,,,,,,,,,,,,,,
1789953050.0,,,,,,,,,,,,,,,,,,,
1789953052.1,,,,,,,,,,,,,,,,,,,
1789953054.2,,,,,,,,,,,,,,,,,,,
1789953056.3,,,,,,,,,,,,,,,,,,,
1789953058.4,,,,,,,,,,,,,,,,,,,
1789953060.6,,,,,,,,,,,,,,,,,,,
1789953062.7,,,,,,,,,,,,,,,,,,,
1789953064.8,,,,,,,,,,,,,,,,,,,
1789953066.9,,,,,,,,,,,,,,,,,,,
1789953069.0,,,,,,,,,,,,,,,,,,,
1789953071.3,,,,,,,,,,,,,,,,,,,
1789953073.4,,,,,,,,,,,,,,,,,,,
1789953075.5,,,,,,,,,,,,,,,,,,,
1789953077.7,,,,,,,,,,,,,,,,,,,
1789953079.8,,,,,,,,,,,,,,,,,,,
1789953081.9,,,,,,,,,,,,,,,,,,,
1789953084.0,,,,,,,,,,,,,,,,,,,
1789953086.2,,,,,,,,,,,,,,,,,,,
1789953088.3,,,,,,,,,,,,,,,,,,,
1789953090.5,,,,,,,,,,,,,,,,,,,
1789953092.6,,,,,,,,,,,,,,,,,,,
1789953094.7,,,,,,,,,,,,,,,,,,,
1789953096.8,,,,,,,,,,,,,,,,,,,
1789953098.9,,,,,,,,,,,,,,,,,,,
1789953101.0,,,,,,,,,,,,,,,,,,,
1789953103.2,,,,,,,,,,,,,,,,,,,
1789953105.3,,,,,,,,,,,,,,,,,,,
1789953107.4,,,,,,,,,,,,,,,,,,,
1789953109.5,,,,,,,,,,,,,,,,,,,
1789953111.6,,,,,,,,,,,,,,,,,,,
1789953113.8,,,,,,,,,,,,,,,,,,,
1789953115.9,,,,,,,,,,,,,,,,,,,
1789953118.0,,,,,,,,,,,,,,,,,,,
1789953120.1,,,,,,,,,,,,,,,,,,,
1789953122.2,,,,,,,,,,,,,,,,,,,
1789953124.4,,,,,,,,,,,,,,,,,,,
1789953126.5,,,,,,,,,,,,,,,,,,,
1789953128.6,,,,,,,,,,,,,,,,,,,
1789953130.7,,,,,,,,,,,,,,,,,,,
1789953132.9,,,,,,,,,,,,,,,,,,,
1789953135.0,,,,,,,,,,,,,,,,,,,
1789953137.1,,,,,,,,,,,,,,,,,,,
1789953139.2,,,,,,,,,,,,,,,,,,,
1789953141.3,,,,,,,,,,,,,,,,,,,
1789953143.4,,,,,,,,,,,,,,,,,,,
1789953145.6,,,,,,,,,,,,,,,,,,,
1789953147.7,,,,,,,,,,,,,,,,,,,
1789953149.8,,,,,,,,,,,,,,,,,,,
1789953151.9,,,,,,,,,,,,,,,,,,,
1789953154.0,,,,,,,,,,,,,,,,,,,
1789953156.1,,,,,,,,,,,,,,,,,,,
1789953158.2,,,,,,,,,,,,,,,,,,,
1789953160.3,,,,,,,,,,,,,,,,,,,
1789953162.4,,,,,,,,,,,,,,,,,,,
1789953164.5,,,,,,,,,,,,,,,,,,,
1789953166.7,,,,,,,,,,,,,,,,,,,
1789953168.8,,,,,,,,,,,,,,,,,,,
1789953170.9,,,,,,,,,,,,,,,,,,,
1789953173.0,,,,,,,,,,,,,,,,,,,
1789953175.1,,,,,,,,,,,,,,,,,,,
1789953177.2,,,,,,,,,,,,,,,,,,,
1789953179.4,,,,,,,,,,,,,,,,,,,
1789953181.5,,,,,,,,,,,,,,,,,,,
1789953183.6,,,,,,,,,,,,,,,,,,,
1789953185.7,,,,,,,,,,,,,,,,,,,
1789953187.8,,,,,,,,,,,,,,,,,,,
1789953189.9,,,,,,,,,,,,,,,,,,,
1789953192.1,,,,,,,,,,,,,,,,,,,
1789953194.2,,,,,,,,,,,,,,,,,,,
1789953196.3,,,,,,,,,,,,,,,,,,,
1789953198.4,,,,,,,,,,,,,,,,,,,
1789953200.5,,,,,,,,,,,,,,,,,,,
1789953202.7,,,,,,,,,,,,,,,,,,,
1789953204.8,,,,,,,,,,,,,,,,,,,
1789953206.9,,,,,,,,,,,,,,,,,,,
1789953209.0,,,,,,,,,,,,,,,,,,,
1789953211.1,,,,,,,,,,,,,,,,,,,
1789953213.3,,,,,,,,,,,,,,,,,,,
1789953215.4,,,,,,,,,,,,,,,,,,,
1789953217.5,,,,,,,,,,,,,,,,,,,
1789953219.6,,,,,,,,,,,,,,,,,,,
1789953221.7,,,,,,,,,,,,,,,,,,,
1789953223.8,,,,,,,,,,,,,,,,,,,
1789953225.9,,,,,,,,,,,,,,,,,,,
1789953228.1,,,,,,,,,,,,,,,,,,,
1789953230.3,,,,,,,,,,,,,,,,,,,
1789953232.4,,,,,,,,,,,,,,,,,,,
1789953234.6,,,,,,,,,,,,,,,,,,,
1789953236.7,,,,,,,,,,,,,,,,,,,
1789953238.8,,,,,,,,,,,,,,,,,,,
1789953240.9,,,,,,,,,,,,,,,,,,,
1789953243.0,,,,,,,,,,,,,,,,,,,
1789953245.1,,,,,,,,,,,,,,,,,,,
1789953247.2,,,,,,,,,,,,,,,,,,,
1789953249.3,,,,,,,,,,,,,,,,,,,
1789953251.5,,,,,,,,,,,,,,,,,,,
1789953253.6,,,,,,,,,,,,,,,,,,,
1789953255.7,,,,,,,,,,,,,,,,,,,
1789953257.8,,,,,,,,,,,,,,,,,,,
1789953259.9,,,,,,,,,,,,,,,,,,,
1789953262.0,,,,,,,,,,,,,,,,,,,
1789953264.1,,,,,,,,,,,,,,,,,,,
1789953266.2,,,,,,,,,,,,,,,,,,,
1789953268.4,,,,,,,,,,,,,,,,,,,
1789953270.5,,,,,,,,,,,,,,,,,,,
1789953272.6,,,,,,,,,,,,,,,,,,,
1789953274.7,,,,,,,,,,,,,,,,,,,
1789953276.9,,,,,,,,,,,,,,,,,,,
1789953279.0,,,,,,,,,,,,,,,,,,,
1789953281.1,,,,,,,,,,,,,,,,,,,
1789953283.2,,,,,,,,,,,,,,,,,,,
1789953285.3,,,,,,,,,,,,,,,,,,,
1789953287.4,,,,,,,,,,,,,,,,,,,
1789953289.5,,,,,,,,,,,,,,,,,,,
1789953291.7,,,,,,,,,,,,,,,,,,,
1789953293.8,,,,,,,,,,,,,,,,,,,
1789953295.9,,,,,,,,,,,,,,,,,,,
1789953298.0,,,,,,,,,,,,,,,,,,,
1789953300.1,,,,,,,,,,,,,,,,,,,
1789953302.2,,,,,,,,,,,,,,,,,,,
1789953304.4,,,,,,,,,,,,,,,,,,,
1789953306.5,,,,,,,,,,,,,,,,,,,
1789953308.6,,,,,,,,,,,,,,,,,,,
1789953310.8,,,,,,,,,,,,,,,,,,,
1789953312.9,,,,,,,,,,,,,,,,,,,
1789953315.0,,,,,,,,,,,,,,,,,,,
1789953317.1,,,,,,,,,,,,,,,,,,,
1789953319.2,,,,,,,,,,,,,,,,,,,
1789953321.4,,,,,,,,,,,,,,,,,,,
1789953323.5,,,,,,,,,,,,,,,,,,,
1789953325.6,,,,,,,,,,,,,,,,,,,
1789953327.7,,,,,,,,,,,,,,,,,,,
1789953329.8,,,,,,,,,,,,,,,,,,,
1789953331.9,,,,,,,,,,,,,,,,,,,
1789953334.1,,,,,,,,,,,,,,,,,,,
1789953336.2,,,,,,,,,,,,,,,,,,,
1789953338.3,,,,,,,,,,,,,,,,,,,
1789953340.5,,,,,,,,,,,,,,,,,,,
1789953342.6,,,,,,,,,,,,,,,,,,,
1789953344.7,,,,,,,,,,,,,,,,,,,
1789953346.8,,,,,,,,,,,,,,,,,,,
1789953348.9,,,,,,,,,,,,,,,,,,,
1789953351.0,,,,,,,,,,,,,,,,,,,
1789953353.1,,,,,,,,,,,,,,,,,,,
1789953355.2,,,,,,,,,,,,,,,,,,,
1789953357.3,,,,,,,,,,,,,,,,,,,
1789953359.5,,,,,,,,,,,,,,,,,,,
1789953361.6,,,,,,,,,,,,,,,,,,,
1789953363.7,,,,,,,,,,,,,,,,,,,
1789953365.8,,,,,,,,,,,,,,,,,,,
1789953367.9,,,,,,,,,,,,,,,,,,,
1789953370.0,,,,,,,,,,,,,,,,,,,
1789953372.1,,,,,,,,,,,,,,,,,,,
1789953374.3,,,,,,,,,,,,,,,,,,,
1789953376.4,,,,,,,,,,,,,,,,,,,
1789953378.5,,,,,,,,,,,,,,,,,,,
1789953380.6,,,,,,,,,,,,,,,,,,,
1789953382.7,,,,,,,,,,,,,,,,,,,
1789953384.9,,,,,,,,,,,,,,,,,,,
1789953387.0,,,,,,,,,,,,,,,,,,,
1789953389.1,,,,,,,,,,,,,,,,,,,
1789953391.2,,,,,,,,,,,,,,,,,,,
1789953393.3,,,,,,,,,,,,,,,,,,,
1789953395.5,,,,,,,,,,,,,,,,,,,
1789953397.6,,,,,,,,,,,,,,,,,,,
1789953399.7,,,,,,,,,,,,,,,,,,,
1789953401.8,,,,,,,,,,,,,,,,,,,
1789953403.9,,,,,,,,,,,,,,,,,,,
1789953406.0,,,,,,,,,,,,,,,,,,,
1789953408.2,,,,,,,,,,,,,,,,,,,
1789953410.3,,,,,,,,,,,,,,,,,,,
1789953412.4,,,,,,,,,,,,,,,,,,,
1789953414.5,,,,,,,,,,,,,,,,,,,
1789953416.6,,,,,,,,,,,,,,,,,,,
1789953418.8,,,,,,,,,,,,,,,,,,,
1789953420.9,,,,,,,,,,,,,,,,,,,
1789953423.0,,,,,,,,,,,,,,,,,,,
1789953425.2,,,,,,,,,,,,,,,,,,,
1789953427.3,,,,,,,,,,,,,,,,,,,
1789953429.4,,,,,,,,,,,,,,,,,,,
1789953431.5,,,,,,,,,,,,,,,,,,,
1789953433.7,,,,,,,,,,,,,,,,,,,
1789953435.8,,,,,,,,,,,,,,,,,,,
1789953437.9,,,,,,,,,,,,,,,,,,,
1789953440.0,,,,,,,,,,,,,,,,,,,
1789953442.1,,,,,,,,,,,,,,,,,,,
1789953444.2,,,,,,,,,,,,,,,,,,,
1789953446.4,,,,,,,,,,,,,,,,,,,
1789953448.5,,,,,,,,,,,,,,,,,,,
1789953450.6,,,,,,,,,,,,,,,,,,,
1789953452.7,,,,,,,,,,,,,,,,,,,
1789953454.8,,,,,,,,,,,,,,,,,,,
1789953456.9,,,,,,,,,,,,,,,,,,,
1789953459.1,,,,,,,,,,,,,,,,,,,
1789953461.2,,,,,,,,,,,,,,,,,,,
1789953463.3,,,,,,,,,,,,,,,,,,,
1789953465.4,,,,,,,,,,,,,,,,,,,
1789953467.5,,,,,,,,,,,,,,,,,,,
1789953469.6,,,,,,,,,,,,,,,,,,,
1789953471.8,,,,,,,,,,,,,,,,,,,
1789953473.9,,,,,,,,,,,,,,,,,,,
1789953476.0,,,,,,,,,,,,,,,,,,,
1789953478.1,,,,,,,,,,,,,,,,,,,
1789953480.2,,,,,,,,,,,,,,,,,,,
1789953482.3,,,,,,,,,,,,,,,,,,,
1789953484.4,,,,,,,,,,,,,,,,,,,
1789953486.6,,,,,,,,,,,,,,,,,,,
1789953488.7,,,,,,,,,,,,,,,,,,,
1789953490.8,,,,,,,,,,,,,,,,,,,
1789953493.0,,,,,,,,,,,,,,,,,,,
1789953495.1,,,,,,,,,,,,,,,,,,,
1789953497.2,,,,,,,,,,,,,,,,,,,
1789953499.3,,,,,,,,,,,,,,,,,,,
1789953501.5,,,,,,,,,,,,,,,,,,,
1789953503.6,,,,,,,,,,,,,,,,,,,
1789953505.8,,,,,,,,,,,,,,,,,,,
1789953507.9,,,,,,,,,,,,,,,,,,,
1789953510.0,,,,,,,,,,,,,,,,,,,
1789953512.1,,,,,,,,,,,,,,,,,,,
1789953514.3,,,,,,,,,,,,,,,,,,,
1789953516.4,,,,,,,,,,,,,,,,,,,
1789953518.5,,,,,,,,,,,,,,,,,,,
1789953520.6,,,,,,,,,,,,,,,,,,,
1789953522.7,,,,,,,,,,,,,,,,,,,
1789953524.8,,,,,,,,,,,,,,,,,,,
1789953526.9,,,,,,,,,,,,,,,,,,,
1789953529.1,,,,,,,,,,,,,,,,,,,
1789953531.2,,,,,,,,,,,,,,,,,,,
1789953533.3,,,,,,,,,,,,,,,,,,,
1789953535.4,,,,,,,,,,,,,,,,,,,
1789953537.5,,,,,,,,,,,,,,,,,,,
1789953539.6,,,,,,,,,,,,,,,,,,,
1789953541.8,,,,,,,,,,,,,,,,,,,
1789953543.9,,,,,,,,,,,,,,,,,,,
1789953546.0,,,,,,,,,,,,,,,,,,,
1789953548.1,,,,,,,,,,,,,,,,,,,
1789953550.2,,,,,,,,,,,,,,,,,,,
1789953552.3,,,,,,,,,,,,,,,,,,,
1789953554.5,,,,,,,,,,,,,,,,,,,
1789953556.6,,,,,,,,,,,,,,,,,,,
1789953558.7,,,,,,,,,,,,,,,,,,,
1789953560.8,,,,,,,,,,,,,,,,,,,
1789953562.9,,,,,,,,,,,,,,,,,,,
1789953565.0,,,,,,,,,,,,,,,,,,,
1789953567.1,,,,,,,,,,,,,,,,,,,
1789953569.3,,,,,,,,,,,,,,,,,,,
1789953571.4,,,,,,,,,,,,,,,,,,,
1789953573.5,,,,,,,,,,,,,,,,,,,
1789953575.6,,,,,,,,,,,,,,,,,,,
1789953577.8,,,,,,,,,,,,,,,,,,,
1789953579.9,,,,,,,,,,,,,,,,,,,
1789953582.0,,,,,,,,,,,,,,,,,,,
1789953584.2,,,,,,,,,,,,,,,,,,,
1789953586.3,,,,,,,,,,,,,,,,,,,
1789953588.4,,,,,,,,,,,,,,,,,,,
1789953590.5,,,,,,,,,,,,,,,,,,,
1789953592.6,,,,,,,,,,,,,,,,,,,
1789953594.8,,,,,,,,,,,,,,,,,,,
1789953596.9,,,,,,,,,,,,,,,,,,,
1789953599.0,,,,,,,,,,,,,,,,,,,
1789953601.1,,,,,,,,,,,,,,,,,,,
1789953603.2,,,,,,,,,,,,,,,,,,,
1789953605.3,,,,,,,,,,,,,,,,,,,
1789953607.4,,,,,,,,,,,,,,,,,,,
1789953609.5,,,,,,,,,,,,,,,,,,,
1789953611.6,,,,,,,,,,,,,,,,,,,
1789953613.8,,,,,,,,,,,,,,,,,,,
1789953615.9,,,,,,,,,,,,,,,,,,,
1789953618.0,,,,,,,,,,,,,,,,,,,
1789953620.1,,,,,,,,,,,,,,,,,,,
1789953622.2,,,,,,,,,,,,,,,,,,,
1789953624.4,,,,,,,,,,,,,,,,,,,
1789953626.5,,,,,,,,,,,,,,,,,,,
1789953628.6,,,,,,,,,,,,,,,,,,,
1789953630.7,,,,,,,,,,,,,,,,,,,
1789953632.8,,,,,,,,,,,,,,,,,,,
1789953635.0,,,,,,,,,,,,,,,,,,,
1789953637.1,,,,,,,,,,,,,,,,,,,
1789953639.2,,,,,,,,,,,,,,,,,,,
1789953641.4,,,,,,,,,,,,,,,,,,,
1789953643.5,,,,,,,,,,,,,,,,,,,
1789953645.6,,,,,,,,,,,,,,,,,,,
1789953647.7,,,,,,,,,,,,,,,,,,,
1789953649.8,,,,,,,,,,,,,,,,,,,
1789953651.9,,,,,,,,,,,,,,,,,,,
1789953654.0,,,,,,,,,,,,,,,,,,,
1789953656.1,,,,,,,,,,,,,,,,,,,
1789953658.3,,,,,,,,,,,,,,,,,,,
1789953660.4,,,,,,,,,,,,,,,,,,,
1789953662.6,,,,,,,,,,,,,,,,,,,
1789953664.7,,,,,,,,,,,,,,,,,,,
1789953666.8,,,,,,,,,,,,,,,,,,,
1789953668.9,,,,,,,,,,,,,,,,,,,
1789953671.0,,,,,,,,,,,,,,,,,,,
1789953673.1,,,,,,,,,,,,,,,,,,,
1789953675.2,,,,,,,,,,,,,,,,,,,
1789953677.4,,,,,,,,,,,,,,,,,,,
1789953679.5,,,,,,,,,,,,,,,,,,,
1789953681.6,,,,,,,,,,,,,,,,,,,
1789953683.7,,,,,,,,,,,,,,,,,,,
1789953685.8,,,,,,,,,,,,,,,,,,,
1789953687.9,,,,,,,,,,,,,,,,,,,
1789953690.0,,,,,,,,,,,,,,,,,,,
1789953692.2,,,,,,,,,,,,,,,,,,,
1789953694.3,,,,,,,,,,,,,,,,,,,
1789953696.4,,,,,,,,,,,,,,,,,,,
1789953698.5,,,,,,,,,,,,,,,,,,,
1789953700.6,,,,,,,,,,,,,,,,,,,
1789953702.7,,,,,,,,,,,,,,,,,,,
1789953704.8,,,,,,,,,,,,,,,,,,,
1789953707.0,,,,,,,,,,,,,,,,,,,
1789953709.1,,,,,,,,,,,,,,,,,,,
1789953711.2,,,,,,,,,,,,,,,,,,,
1789953713.3,,,,,,,,,,,,,,,,,,,
1789953715.4,,,,,,,,,,,,,,,,,,,
1789953717.5,,,,,,,,,,,,,,,,,,,
1789953719.6,,,,,,,,,,,,,,,,,,,
1789953721.7,,,,,,,,,,,,,,,,,,,
1789953723.9,,,,,,,,,,,,,,,,,,,
1789953726.0,,,,,,,,,,,,,,,,,,,
1789953728.1,,,,,,,,,,,,,,,,,,,
1789953730.2,,,,,,,,,,,,,,,,,,,
1789953732.3,,,,,,,,,,,,,,,,,,,
1789953734.5,,,,,,,,,,,,,,,,,,,
1789953736.6,,,,,,,,,,,,,,,,,,,
1789953738.7,,,,,,,,,,,,,,,,,,,
1789953740.8,,,,,,,,,,,,,,,,,,,
1789953743.0,,,,,,,,,,,,,,,,,,,
1789953745.1,,,,,,,,,,,,,,,,,,,
1789953747.2,,,,,,,,,,,,,,,,,,,
1789953749.3,,,,,,,,,,,,,,,,,,,
1789953751.4,,,,,,,,,,,,,,,,,,,
1789953753.5,,,,,,,,,,,,,,,,,,,
1789953755.6,,,,,,,,,,,,,,,,,,,
1789953757.8,,,,,,,,,,,,,,,,,,,
1789953759.9,,,,,,,,,,,,,,,,,,,
1789953762.0,,,,,,,,,,,,,,,,,,,
1789953764.1,,,,,,,,,,,,,,,,,,,
1789953766.3,,,,,,,,,,,,,,,,,,,
1789953768.4,,,,,,,,,,,,,,,,,,,
1789953770.5,,,,,,,,,,,,,,,,,,,
1789953772.6,,,,,,,,,,,,,,,,,,,
1789953774.8,,,,,,,,,,,,,,,,,,,
1789953776.9,,,,,,,,,,,,,,,,,,,
1789953779.0,,,,,,,,,,,,,,,,,,,
1789953781.1,,,,,,,,,,,,,,,,,,,
1789953783.2,,,,,,,,,,,,,,,,,,,
1789953785.3,,,,,,,,,,,,,,,,,,,
1789953787.5,,,,,,,,,,,,,,,,,,,
1789953789.6,,,,,,,,,,,,,,,,,,,
1789953791.7,,,,,,,,,,,,,,,,,,,
1789953793.8,,,,,,,,,,,,,,,,,,,
1789953795.9,,,,,,,,,,,,,,,,,,,
1789953798.0,,,,,,,,,,,,,,,,,,,
1789953800.1,,,,,,,,,,,,,,,,,,,
1789953802.2,,,,,,,,,,,,,,,,,,,
1789953804.4,,,,,,,,,,,,,,,,,,,
1789953806.5,,,,,,,,,,,,,,,,,,,
1789953808.6,,,,,,,,,,,,,,,,,,,
1789953810.7,,,,,,,,,,,,,,,,,,,
1789953812.8,,,,,,,,,,,,,,,,,,,
1789953814.9,,,,,,,,,,,,,,,,,,,
1789953817.1,,,,,,,,,,,,,,,,,,,
1789953819.2,,,,,,,,,,,,,,,,,,,
1789953821.3,,,,,,,,,,,,,,,,,,,
1789953823.5,,,,,,,,,,,,,,,,,,,
1789953825.6,,,,,,,,,,,,,,,,,,,
1789953827.7,,,,,,,,,,,,,,,,,,,
1789953829.8,,,,,,,,,,,,,,,,,,,
1789953831.9,,,,,,,,,,,,,,,,,,,
1789953834.1,,,,,,,,,,,,,,,,,,,
1789953836.2,,,,,,,,,,,,,,,,,,,
1789953838.3,,,,,,,,,,,,,,,,,,,
1789953840.4,,,,,,,,,,,,,,,,,,,
1789953842.6,,,,,,,,,,,,,,,,,,,
1789953844.7,,,,,,,,,,,,,,,,,,,
1789953846.8,,,,,,,,,,,,,,,,,,,
1789953849.0,,,,,,,,,,,,,,,,,,,
1789953851.1,,,,,,,,,,,,,,,,,,,
1789953853.2,,,,,,,,,,,,,,,,,,,
1789953855.3,,,,,,,,,,,,,,,,,,,
1789953857.4,,,,,,,,,,,,,,,,,,,
1789953859.5,,,,,,,,,,,,,,,,,,,
1789953861.7,,,,,,,,,,,,,,,,,,,
1789953863.8,,,,,,,,,,,,,,,,,,,
1789953865.9,,,,,,,,,,,,,,,,,,,
1789953868.0,,,,,,,,,,,,,,,,,,,
1789953870.1,,,,,,,,,,,,,,,,,,,
1789953872.2,,,,,,,,,,,,,,,,,,,
1789953874.3,,,,,,,,,,,,,,,,,,,
1789953876.5,,,,,,,,,,,,,,,,,,,
1789953878.6,,,,,,,,,,,,,,,,,,,
1789953880.7,,,,,,,,,,,,,,,,,,,
1789953882.8,,,,,,,,,,,,,,,,,,,
1789953884.9,,,,,,,,,,,,,,,,,,,
1789953887.1,,,,,,,,,,,,,,,,,,,
1789953889.2,,,,,,,,,,,,,,,,,,,
1789953891.3,,,,,,,,,,,,,,,,,,,
1789953893.4,,,,,,,,,,,,,,,,,,,
1789953895.5,,,,,,,,,,,,,,,,,,,
1789953897.6,,,,,,,,,,,,,,,,,,,
1789953899.7,,,,,,,,,,,,,,,,,,,
1789953901.9,,,,,,,,,,,,,,,,,,,
1789953904.0,,,,,,,,,,,,,,,,,,,
1789953906.1,,,,,,,,,,,,,,,,,,,
1789953908.2,,,,,,,,,,,,,,,,,,,
1789953910.3,,,,,,,,,,,,,,,,,,,
1789953912.4,,,,,,,,,,,,,,,,,,,
1789953914.6,,,,,,,,,,,,,,,,,,,
1789953916.7,,,,,,,,,,,,,,,,,,,
1789953918.8,,,,,,,,,,,,,,,,,,,
1789953920.9,,,,,,,,,,,,,,,,,,,
1789953923.0,,,,,,,,,,,,,,,,,,,
1789953925.1,,,,,,,,,,,,,,,,,,,
1789953927.3,,,,,,,,,,,,,,,,,,,
1789953929.4,,,,,,,,,,,,,,,,,,,
1789953931.5,,,,,,,,,,,,,,,,,,,
1789953933.6,,,,,,,,,,,,,,,,,,,
1789953935.8,,,,,,,,,,,,,,,,,,,
1789953937.9,,,,,,,,,,,,,,,,,,,
1789953940.0,,,,,,,,,,,,,,,,,,,
1789953942.2,,,,,,,,,,,,,,,,,,,
1789953944.3,,,,,,,,,,,,,,,,,,,
1789953946.4,,,,,,,,,,,,,,,,,,,
1789953948.5,,,,,,,,,,,,,,,,,,,
1789953950.6,,,,,,,,,,,,,,,,,,,
1789953952.7,,,,,,,,,,,,,,,,,,,
1789953954.8,,,,,,,,,,,,,,,,,,,
1789953956.9,,,,,,,,,,,,,,,,,,,
1789953959.1,,,,,,,,,,,,,,,,,,,
1789953961.2,,,,,,,,,,,,,,,,,,,
1789953963.3,,,,,,,,,,,,,,,,,,,
1789953965.4,,,,,,,,,,,,,,,,,,,
1789953967.5,,,,,,,,,,,,,,,,,,,
1789953969.6,,,,,,,,,,,,,,,,,,,
1789953971.7,,,,,,,,,,,,,,,,,,,
1789953973.8,,,,,,,,,,,,,,,,,,,
1789953975.9,,,,,,,,,,,,,,,,,,,
1789953978.1,,,,,,,,,,,,,,,,,,,
1789953980.2,,,,,,,,,,,,,,,,,,,
1789953982.3,,,,,,,,,,,,,,,,,,,
1789953984.4,,,,,,,,,,,,,,,,,,,
1789953986.6,,,,,,,,,,,,,,,,,,,
1789953988.7,,,,,,,,,,,,,,,,,,,
1789953990.8,,,,,,,,,,,,,,,,,,,
1789953992.9,,,,,,,,,,,,,,,,,,,
1789953995.0,,,,,,,,,,,,,,,,,,,
1789953997.2,,,,,,,,,,,,,,,,,,,
1789953999.3,,,,,,,,,,,,,,,,,,,
1789954001.4,,,,,,,,,,,,,,,,,,,
1789954003.5,,,,,,,,,,,,,,,,,,,
1789954005.6,,,,,,,,,,,,,,,,,,,
1789954007.7,,,,,,,,,,,,,,,,,,,
1789954009.8,,,,,,,,,,,,,,,,,,,
1789954011.9,,,,,,,,,,,,,,,,,,,
1789954014.0,,,,,,,,,,,,,,,,,,,
1789954016.2,,,,,,,,,,,,,,,,,,,
1789954018.3,,,,,,,,,,,,,,,,,,,
1789954020.4,,,,,,,,,,,,,,,,,,,
1789954022.5,,,,,,,,,,,,,,,,,,,
1789954024.6,,,,,,,,,,,,,,,,,,,
1789954026.7,,,,,,,,,,,,,,,,,,,
1789954028.8,,,,,,,,,,,,,,,,,,,
1789954030.9,,,,,,,,,,,,,,,,,,,
1789954033.1,,,,,,,,,,,,,,,,,,,
1789954035.2,,,,,,,,,,,,,,,,,,,
1789954037.3,,,,,,,,,,,,,,,,,,,
1789954039.5,,,,,,,,,,,,,,,,,,,
1789954041.6,,,,,,,,,,,,,,,,,,,
1789954043.7,,,,,,,,,,,,,,,,,,,
1789954045.9,,,,,,,,,,,,,,,,,,,
1789954048.0,,,,,,,,,,,,,,,,,,,
1789954050.1,,,,,,,,,,,,,,,,,,,
1789954052.3,,,,,,,,,,,,,,,,,,,
1789954054.4,,,,,,,,,,,,,,,,,,,
1789954056.5,,,,,,,,,,,,,,,,,,,
1789954058.6,,,,,,,,,,,,,,,,,,,
1789954060.7,,,,,,,,,,,,,,,,,,,
1789954062.9,,,,,,,,,,,,,,,,,,,
1789954065.0,,,,,,,,,,,,,,,,,,,
1789954067.1,,,,,,,,,,,,,,,,,,,
1789954069.2,,,,,,,,,,,,,,,,,,,
1789954071.3,,,,,,,,,,,,,,,,,,,
1789954073.5,,,,,,,,,,,,,,,,,,,
1789954075.6,,,,,,,,,,,,,,,,,,,
1789954077.7,,,,,,,,,,,,,,,,,,,
1789954079.8,,,,,,,,,,,,,,,,,,,
1789954081.9,,,,,,,,,,,,,,,,,,,
1789954084.0,,,,,,,,,,,,,,,,,,,
1789954086.1,,,,,,,,,,,,,,,,,,,
1789954088.2,,,,,,,,,,,,,,,,,,,
1789954090.3,,,,,,,,,,,,,,,,,,,
1789954092.4,,,,,,,,,,,,,,,,,,,
1789954094.6,,,,,,,,,,,,,,,,,,,
1789954096.7,,,,,,,,,,,,,,,,,,,
1789954098.8,,,,,,,,,,,,,,,,,,,
1789954100.9,,,,,,,,,,,,,,,,,,,
1789954103.0,,,,,,,,,,,,,,,,,,,
1789954105.1,,,,,,,,,,,,,,,,,,,
1789954107.2,,,,,,,,,,,,,,,,,,,
1789954109.4,,,,,,,,,,,,,,,,,,,
1789954111.5,,,,,,,,,,,,,,,,,,,
1789954113.6,,,,,,,,,,,,,,,,,,,
1789954115.7,,,,,,,,,,,,,,,,,,,
1789954117.8,,,,,,,,,,,,,,,,,,,
1789954119.9,,,,,,,,,,,,,,,,,,,
1789954122.1,,,,,,,,,,,,,,,,,,,
1789954124.2,,,,,,,,,,,,,,,,,,,
1789954126.3,,,,,,,,,,,,,,,,,,,
1789954128.4,,,,,,,,,,,,,,,,,,,
1789954130.5,,,,,,,,,,,,,,,,,,,
1789954132.6,,,,,,,,,,,,,,,,,,,
1789954134.7,,,,,,,,,,,,,,,,,,,
1789954136.9,,,,,,,,,,,,,,,,,,,
1789954139.0,,,,,,,,,,,,,,,,,,,
1789954141.1,,,,,,,,,,,,,,,,,,,
1789954143.2,,,,,,,,,,,,,,,,,,,
1789954145.3,,,,,,,,,,,,,,,,,,,
1789954147.4,,,,,,,,,,,,,,,,,,,
1789954149.5,,,,,,,,,,,,,,,,,,,
1789954151.7,,,,,,,,,,,,,,,,,,,
1789954153.8,,,,,,,,,,,,,,,,,,,
1789954155.9,,,,,,,,,,,,,,,,,,,
1789954158.0,,,,,,,,,,,,,,,,,,,
1789954160.1,,,,,,,,,,,,,,,,,,,
1789954162.3,,,,,,,,,,,,,,,,,,,
1789954164.4,,,,,,,,,,,,,,,,,,,
1789954166.5,,,,,,,,,,,,,,,,,,,
1789954168.6,,,,,,,,,,,,,,,,,,,
1789954170.7,,,,,,,,,,,,,,,,,,,
1789954172.8,,,,,,,,,,,,,,,,,,,
1789954174.9,,,,,,,,,,,,,,,,,,,
1789954177.0,,,,,,,,,,,,,,,,,,,
1789954179.1,,,,,,,,,,,,,,,,,,,
1789954181.2,,,,,,,,,,,,,,,,,,,
1789954183.3,,,,,,,,,,,,,,,,,,,
1789954185.5,,,,,,,,,,,,,,,,,,,
1789954187.6,,,,,,,,,,,,,,,,,,,
1789954189.7,,,,,,,,,,,,,,,,,,,
1789954191.9,,,,,,,,,,,,,,,,,,,
1789954194.0,,,,,,,,,,,,,,,,,,,
1789954196.1,,,,,,,,,,,,,,,,,,,
1789954198.2,,,,,,,,,,,,,,,,,,,
1789954200.3,,,,,,,,,,,,,,,,,,,
1789954202.4,,,,,,,,,,,,,,,,,,,
1789954204.5,,,,,,,,,,,,,,,,,,,
1789954206.6,,,,,,,,,,,,,,,,,,,
1789954208.8,,,,,,,,,,,,,,,,,,,
1789954210.9,,,,,,,,,,,,,,,,,,,
1789954213.0,,,,,,,,,,,,,,,,,,,
1789954215.1,,,,,,,,,,,,,,,,,,,
1789954217.2,,,,,,,,,,,,,,,,,,,
1789954219.3,,,,,,,,,,,,,,,,,,,
1789954221.4,,,,,,,,,,,,,,,,,,,
1789954223.5,,,,,,,,,,,,,,,,,,,
1789954225.7,,,,,,,,,,,,,,,,,,,
1789954227.8,,,,,,,,,,,,,,,,,,,
1789954229.9,,,,,,,,,,,,,,,,,,,
1789954232.1,,,,,,,,,,,,,,,,,,,
1789954234.2,,,,,,,,,,,,,,,,,,,
1789954236.3,,,,,,,,,,,,,,,,,,,
1789954238.4,,,,,,,,,,,,,,,,,,,
1789954240.6,,,,,,,,,,,,,,,,,,,
1789954242.7,,,,,,,,,,,,,,,,,,,
1789954244.8,,,,,,,,,,,,,,,,,,,
1789954246.9,,,,,,,,,,,,,,,,,,,
1789954249.0,,,,,,,,,,,,,,,,,,,
1789954251.1,,,,,,,,,,,,,,,,,,,
1789954253.2,,,,,,,,,,,,,,,,,,,
1789954255.3,,,,,,,,,,,,,,,,,,,
1789954257.4,,,,,,,,,,,,,,,,,,,
1789954259.6,,,,,,,,,,,,,,,,,,,
1789954261.7,,,,,,,,,,,,,,,,,,,
1789954263.8,,,,,,,,,,,,,,,,,,,
1789954265.9,,,,,,,,,,,,,,,,,,,
1789954268.0,,,,,,,,,,,,,,,,,,,
1789954270.1,,,,,,,,,,,,,,,,,,,
1789954272.2,,,,,,,,,,,,,,,,,,,
1789954274.4,,,,,,,,,,,,,,,,,,,
1789954276.5,,,,,,,,,,,,,,,,,,,
1789954278.6,,,,,,,,,,,,,,,,,,,
1789954280.7,,,,,,,,,,,,,,,,,,,
1789954282.8,,,,,,,,,,,,,,,,,,,
1789954284.9,,,,,,,,,,,,,,,,,,,
1789954287.0,,,,,,,,,,,,,,,,,,,
1789954289.1,,,,,,,,,,,,,,,,,,,
1789954291.2,,,,,,,,,,,,,,,,,,,
1789954293.4,,,,,,,,,,,,,,,,,,,
1789954295.5,,,,,,,,,,,,,,,,,,,
1789954297.6,,,,,,,,,,,,,,,,,,,
1789954299.7,,,,,,,,,,,,,,,,,,,
1789954301.8,,,,,,,,,,,,,,,,,,,
1789954303.9,,,,,,,,,,,,,,,,,,,
1789954306.0,,,,,,,,,,,,,,,,,,,
1789954308.1,,,,,,,,,,,,,,,,,,,
1789954310.2,,,,,,,,,,,,,,,,,,,
1789954312.4,,,,,,,,,,,,,,,,,,,
1789954314.5,,,,,,,,,,,,,,,,,,,
1789954316.7,,,,,,,,,,,,,,,,,,,
1789954318.8,,,,,,,,,,,,,,,,,,,
1789954320.9,,,,,,,,,,,,,,,,,,,
1789954323.0,,,,,,,,,,,,,,,,,,,
1789954325.1,,,,,,,,,,,,,,,,,,,
1789954327.2,,,,,,,,,,,,,,,,,,,
1789954329.3,,,,,,,,,,,,,,,,,,,
1789954331.5,,,,,,,,,,,,,,,,,,,
1789954333.6,,,,,,,,,,,,,,,,,,,
1789954335.8,,,,,,,,,,,,,,,,,,,
1789954337.9,,,,,,,,,,,,,,,,,,,
1789954340.0,,,,,,,,,,,,,,,,,,,
1789954342.1,,,,,,,,,,,,,,,,,,,
1789954344.2,,,,,,,,,,,,,,,,,,,
1789954346.4,,,,,,,,,,,,,,,,,,,
1789954348.5,,,,,,,,,,,,,,,,,,,
1789954350.6,,,,,,,,,,,,,,,,,,,
1789954352.7,,,,,,,,,,,,,,,,,,,
1789954354.8,,,,,,,,,,,,,,,,,,,
1789954356.9,,,,,,,,,,,,,,,,,,,
1789954359.0,,,,,,,,,,,,,,,,,,,
1789954361.1,,,,,,,,,,,,,,,,,,,
1789954363.3,,,,,,,,,,,,,,,,,,,
1789954365.4,,,,,,,,,,,,,,,,,,,
1789954367.5,,,,,,,,,,,,,,,,,,,
1789954369.6,,,,,,,,,,,,,,,,,,,
1789954371.7,,,,,,,,,,,,,,,,,,,
1789954373.8,,,,,,,,,,,,,,,,,,,
1789954375.9,,,,,,,,,,,,,,,,,,,
1789954378.0,,,,,,,,,,,,,,,,,,,
1789954380.1,,,,,,,,,,,,,,,,,,,
1789954382.2,,,,,,,,,,,,,,,,,,,
1789954384.4,,,,,,,,,,,,,,,,,,,
1789954386.5,,,,,,,,,,,,,,,,,,,
1789954388.6,,,,,,,,,,,,,,,,,,,
1789954390.7,,,,,,,,,,,,,,,,,,,
1789954392.8,,,,,,,,,,,,,,,,,,,
1789954394.9,,,,,,,,,,,,,,,,,,,
1789954397.0,,,,,,,,,,,,,,,,,,,
1789954399.1,,,,,,,,,,,,,,,,,,,
1789954401.3,,,,,,,,,,,,,,,,,,,
1789954403.4,,,,,,,,,,,,,,,,,,,
1789954405.5,,,,,,,,,,,,,,,,,,,
1789954407.6,,,,,,,,,,,,,,,,,,,
1789954409.7,,,,,,,,,,,,,,,,,,,
1789954411.8,,,,,,,,,,,,,,,,,,,
1789954413.9,,,,,,,,,,,,,,,,,,,
1789954416.0,,,,,,,,,,,,,,,,,,,
1789954418.2,,,,,,,,,,,,,,,,,,,
1789954420.3,,,,,,,,,,,,,,,,,,,
1789954422.4,,,,,,,,,,,,,,,,,,,
1789954424.5,,,,,,,,,,,,,,,,,,,
1789954426.6,,,,,,,,,,,,,,,,,,,
1789954428.7,,,,,,,,,,,,,,,,,,,
1789954430.9,,,,,,,,,,,,,,,,,,,
1789954433.0,,,,,,,,,,,,,,,,,,,
1789954435.1,,,,,,,,,,,,,,,,,,,
1789954437.2,,,,,,,,,,,,,,,,,,,
1789954439.3,,,,,,,,,,,,,,,,,,,
1789954441.4,,,,,,,,,,,,,,,,,,,
1789954443.5,,,,,,,,,,,,,,,,,,,
1789954445.6,,,,,,,,,,,,,,,,,,,
1789954447.8,,,,,,,,,,,,,,,,,,,
1789954449.9,,,,,,,,,,,,,,,,,,,
1789954452.0,,,,,,,,,,,,,,,,,,,
1789954454.1,,,,,,,,,,,,,,,,,,,
1789954456.2,,,,,,,,,,,,,,,,,,,
1789954458.3,,,,,,,,,,,,,,,,,,,
1789954460.4,,,,,,,,,,,,,,,,,,,
1789954462.5,,,,,,,,,,,,,,,,,,,
1789954464.6,,,,,,,,,,,,,,,,,,,
1789954466.8,,,,,,,,,,,,,,,,,,,
1789954468.9,,,,,,,,,,,,,,,,,,,
1789954471.0,,,,,,,,,,,,,,,,,,,
1789954473.1,,,,,,,,,,,,,,,,,,,
1789954475.3,,,,,,,,,,,,,,,,,,,
1789954477.4,,,,,,,,,,,,,,,,,,,
1789954479.5,,,,,,,,,,,,,,,,,,,
1789954481.6,,,,,,,,,,,,,,,,,,,
1789954483.7,,,,,,,,,,,,,,,,,,,
1789954485.8,,,,,,,,,,,,,,,,,,,
1789954487.9,,,,,,,,,,,,,,,,,,,
1789954490.0,,,,,,,,,,,,,,,,,,,
1789954492.2,,,,,,,,,,,,,,,,,,,
1789954494.3,,,,,,,,,,,,,,,,,,,
1789954496.4,,,,,,,,,,,,,,,,,,,
1789954498.5,,,,,,,,,,,,,,,,,,,
1789954500.6,,,,,,,,,,,,,,,,,,,
1789954502.7,,,,,,,,,,,,,,,,,,,
1789954504.8,,,,,,,,,,,,,,,,,,,
1789954506.9,,,,,,,,,,,,,,,,,,,
1789954509.1,,,,,,,,,,,,,,,,,,,
1789954511.2,,,,,,,,,,,,,,,,,,,
1789954513.3,,,,,,,,,,,,,,,,,,,
1789954515.4,,,,,,,,,,,,,,,,,,,
1789954517.5,,,,,,,,,,,,,,,,,,,
1789954519.7,,,,,,,,,,,,,,,,,,,
1789954521.8,,,,,,,,,,,,,,,,,,,
1789954523.9,,,,,,,,,,,,,,,,,,,
1789954526.0,,,,,,,,,,,,,,,,,,,
1789954528.1,,,,,,,,,,,,,,,,,,,
1789954530.3,,,,,,,,,,,,,,,,,,,
1789954532.4,,,,,,,,,,,,,,,,,,,
1789954534.5,,,,,,,,,,,,,,,,,,,
1789954536.6,,,,,,,,,,,,,,,,,,,
1789954538.7,,,,,,,,,,,,,,,,,,,
1789954540.8,,,,,,,,,,,,,,,,,,,
1789954542.9,,,,,,,,,,,,,,,,,,,
1789954545.0,,,,,,,,,,,,,,,,,,,
1789954547.1,,,,,,,,,,,,,,,,,,,
1789954549.2,,,,,,,,,,,,,,,,,,,
1789954551.4,,,,,,,,,,,,,,,,,,,
1789954553.5,,,,,,,,,,,,,,,,,,,
1789954555.6,,,,,,,,,,,,,,,,,,,
1789954557.7,,,,,,,,,,,,,,,,,,,
1789954559.8,,,,,,,,,,,,,,,,,,,
1789954562.0,,,,,,,,,,,,,,,,,,,
1789954564.1,,,,,,,,,,,,,,,,,,,
1789954566.2,,,,,,,,,,,,,,,,,,,
1789954568.3,,,,,,,,,,,,,,,,,,,
1789954570.4,,,,,,,,,,,,,,,,,,,
1789954572.6,,,,,,,,,,,,,,,,,,,
1789954574.7,,,,,,,,,,,,,,,,,,,
1789954576.8,,,,,,,,,,,,,,,,,,,
1789954578.9,,,,,,,,,,,,,,,,,,,
1789954581.0,,,,,,,,,,,,,,,,,,,
1789954583.1,,,,,,,,,,,,,,,,,,,
1789954585.3,,,,,,,,,,,,,,,,,,,
1789954587.4,,,,,,,,,,,,,,,,,,,
1789954589.5,,,,,,,,,,,,,,,,,,,
1789954591.6,,,,,,,,,,,,,,,,,,,
1789954593.7,,,,,,,,,,,,,,,,,,,
1789954595.8,,,,,,,,,,,,,,,,,,,
1789954597.9,,,,,,,,,,,,,,,,,,,
1789954600.0,,,,,,,,,,,,,,,,,,,
1789954602.1,,,,,,,,,,,,,,,,,,,
1789954604.3,,,,,,,,,,,,,,,,,,,
1789954606.4,,,,,,,,,,,,,,,,,,,
1789954608.5,,,,,,,,,,,,,,,,,,,
1789954610.6,,,,,,,,,,,,,,,,,,,
1789954612.7,,,,,,,,,,,,,,,,,,,
1789954614.8,,,,,,,,,,,,,,,,,,,
1789954616.9,,,,,,,,,,,,,,,,,,,
1789954619.0,,,,,,,,,,,,,,,,,,,
1789954621.1,,,,,,,,,,,,,,,,,,,
1789954623.2,,,,,,,,,,,,,,,,,,,
1789954625.3,,,,,,,,,,,,,,,,,,,
1789954627.5,,,,,,,,,,,,,,,,,,,
1789954629.6,,,,,,,,,,,,,,,,,,,
1789954631.7,,,,,,,,,,,,,,,,,,,
1789954633.8,,,,,,,,,,,,,,,,,,,
1789954635.9,,,,,,,,,,,,,,,,,,,
1789954638.0,,,,,,,,,,,,,,,,,,,
1789954640.1,,,,,,,,,,,,,,,,,,,
1789954642.3,,,,,,,,,,,,,,,,,,,
1789954644.4,,,,,,,,,,,,,,,,,,,
1789954646.5,,,,,,,,,,,,,,,,,,,
1789954648.6,,,,,,,,,,,,,,,,,,,
1789954650.7,,,,,,,,,,,,,,,,,,,
1789954652.8,,,,,,,,,,,,,,,,,,,
1789954654.9,,,,,,,,,,,,,,,,,,,
1789954657.1,,,,,,,,,,,,,,,,,,,
1789954659.2,,,,,,,,,,,,,,,,,,,
1789954661.3,,,,,,,,,,,,,,,,,,,
1789954663.5,,,,,,,,,,,,,,,,,,,
1789954665.6,,,,,,,,,,,,,,,,,,,
1789954667.7,,,,,,,,,,,,,,,,,,,
1789954669.8,,,,,,,,,,,,,,,,,,,
1789954671.9,,,,,,,,,,,,,,,,,,,
1789954674.0,,,,,,,,,,,,,,,,,,,
1789954676.1,,,,,,,,,,,,,,,,,,,
1789954678.2,,,,,,,,,,,,,,,,,,,
1789954680.3,,,,,,,,,,,,,,,,,,,
1789954682.5,,,,,,,,,,,,,,,,,,,
1789954684.6,,,,,,,,,,,,,,,,,,,
1789954686.7,,,,,,,,,,,,,,,,,,,
1789954688.8,,,,,,,,,,,,,,,,,,,
1789954690.9,,,,,,,,,,,,,,,,,,,
1789954693.1,,,,,,,,,,,,,,,,,,,
1789954695.2,,,,,,,,,,,,,,,,,,,
1789954697.3,,,,,,,,,,,,,,,,,,,
1789954699.4,,,,,,,,,,,,,,,,,,,
1789954701.5,,,,,,,,,,,,,,,,,,,
1789954703.7,,,,,,,,,,,,,,,,,,,
1789954705.8,,,,,,,,,,,,,,,,,,,
1789954707.9,,,,,,,,,,,,,,,,,,,
1789954710.1,,,,,,,,,,,,,,,,,,,
1789954712.2,,,,,,,,,,,,,,,,,,,
1789954714.3,,,,,,,,,,,,,,,,,,,
1789954716.4,,,,,,,,,,,,,,,,,,,
1789954718.6,,,,,,,,,,,,,,,,,,,
1789954720.7,,,,,,,,,,,,,,,,,,,
1789954722.8,,,,,,,,,,,,,,,,,,,
1789954724.9,,,,,,,,,,,,,,,,,,,
1789954727.0,,,,,,,,,,,,,,,,,,,
1789954729.1,,,,,,,,,,,,,,,,,,,
1789954731.2,,,,,,,,,,,,,,,,,,,
1789954733.3,,,,,,,,,,,,,,,,,,,
1789954735.4,,,,,,,,,,,,,,,,,,,
1789954737.6,,,,,,,,,,,,,,,,,,,
1789954739.7,,,,,,,,,,,,,,,,,,,
1789954741.8,,,,,,,,,,,,,,,,,,,
1789954743.9,,,,,,,,,,,,,,,,,,,
1789954746.0,,,,,,,,,,,,,,,,,,,
1789954748.1,,,,,,,,,,,,,,,,,,,
1789954750.3,,,,,,,,,,,,,,,,,,,
1789954752.4,,,,,,,,,,,,,,,,,,,
1789954754.5,,,,,,,,,,,,,,,,,,,
1789954756.6,,,,,,,,,,,,,,,,,,,
1789954758.7,,,,,,,,,,,,,,,,,,,
1789954760.8,,,,,,,,,,,,,,,,,,,
1789954763.0,,,,,,,,,,,,,,,,,,,
1789954765.1,,,,,,,,,,,,,,,,,,,
1789954767.2,,,,,,,,,,,,,,,,,,,
1789954769.3,,,,,,,,,,,,,,,,,,,
1789954771.4,,,,,,,,,,,,,,,,,,,
1789954773.5,,,,,,,,,,,,,,,,,,,
1789954775.6,,,,,,,,,,,,,,,,,,,
1789954777.7,,,,,,,,,,,,,,,,,,,
1789954779.8,,,,,,,,,,,,,,,,,,,
1789954782.0,,,,,,,,,,,,,,,,,,,
1789954784.1,,,,,,,,,,,,,,,,,,,
1789954786.2,,,,,,,,,,,,,,,,,,,
1789954788.3,,,,,,,,,,,,,,,,,,,
1789954790.4,,,,,,,,,,,,,,,,,,,
1789954792.5,,,,,,,,,,,,,,,,,,,
1789954794.6,,,,,,,,,,,,,,,,,,,
1789954796.7,,,,,,,,,,,,,,,,,,,
1789954798.8,,,,,,,,,,,,,,,,,,,
1789954801.0,,,,,,,,,,,,,,,,,,,
1789954803.1,,,,,,,,,,,,,,,,,,,
1789954805.2,,,,,,,,,,,,,,,,,,,
1789954807.3,,,,,,,,,,,,,,,,,,,
1789954809.4,,,,,,,,,,,,,,,,,,,
1789954811.5,,,,,,,,,,,,,,,,,,,
1789954813.7,,,,,,,,,,,,,,,,,,,
1789954815.8,,,,,,,,,,,,,,,,,,,
1789954817.9,,,,,,,,,,,,,,,,,,,
1789954820.0,,,,,,,,,,,,,,,,,,,
1789954822.1,,,,,,,,,,,,,,,,,,,
1789954824.2,,,,,,,,,,,,,,,,,,,
1789954826.3,,,,,,,,,,,,,,,,,,,
1789954828.4,,,,,,,,,,,,,,,,,,,
1789954830.6,,,,,,,,,,,,,,,,,,,
1789954832.7,,,,,,,,,,,,,,,,,,,
1789954834.8,,,,,,,,,,,,,,,,,,,
1789954836.9,,,,,,,,,,,,,,,,,,,
1789954839.0,,,,,,,,,,,,,,,,,,,
1789954841.1,,,,,,,,,,,,,,,,,,,
1789954843.2,,,,,,,,,,,,,,,,,,,
1789954845.3,,,,,,,,,,,,,,,,,,,
1789954847.4,,,,,,,,,,,,,,,,,,,
1789954849.5,,,,,,,,,,,,,,,,,,,
1789954851.6,,,,,,,,,,,,,,,,,,,
1789954853.7,,,,,,,,,,,,,,,,,,,
1789954855.9,,,,,,,,,,,,,,,,,,,
1789954858.0,,,,,,,,,,,,,,,,,,,
1789954860.1,,,,,,,,,,,,,,,,,,,
1789954862.2,,,,,,,,,,,,,,,,,,,
1789954864.3,,,,,,,,,,,,,,,,,,,
1789954866.4,,,,,,,,,,,,,,,,,,,
1789954868.5,,,,,,,,,,,,,,,,,,,
1789954870.6,,,,,,,,,,,,,,,,,,,
1789954872.7,,,,,,,,,,,,,,,,,,,
1789954874.9,,,,,,,,,,,,,,,,,,,
1789954877.0,,,,,,,,,,,,,,,,,,,
1789954879.1,,,,,,,,,,,,,,,,,,,
1789954881.2,,,,,,,,,,,,,,,,,,,
1789954883.3,,,,,,,,,,,,,,,,,,,
1789954885.4,,,,,,,,,,,,,,,,,,,
1789954887.5,,,,,,,,,,,,,,,,,,,
1789954889.6,,,,,,,,,,,,,,,,,,,
1789954891.7,,,,,,,,,,,,,,,,,,,
1789954893.8,,,,,,,,,,,,,,,,,,,
1789954895.9,,,,,,,,,,,,,,,,,,,
1789954898.1,,,,,,,,,,,,,,,,,,,
1789954900.2,,,,,,,,,,,,,,,,,,,
1789954902.3,,,,,,,,,,,,,,,,,,,
1789954904.4,,,,,,,,,,,,,,,,,,,
1789954906.5,,,,,,,,,,,,,,,,,,,
1789954908.6,,,,,,,,,,,,,,,,,,,
1789954910.7,,,,,,,,,,,,,,,,,,,
1789954912.8,,,,,,,,,,,,,,,,,,,
1789954915.0,,,,,,,,,,,,,,,,,,,
1789954917.1,,,,,,,,,,,,,,,,,,,
1789954919.2,,,,,,,,,,,,,,,,,,,
1789954921.3,,,,,,,,,,,,,,,,,,,
1789954923.4,,,,,,,,,,,,,,,,,,,
1789954925.7,,,,,,,,,,,,,,,,,,,
1789954927.8,,,,,,,,,,,,,,,,,,,
1789954929.9,,,,,,,,,,,,,,,,,,,
1789954932.0,,,,,,,,,,,,,,,,,,,
1789954934.1,,,,,,,,,,,,,,,,,,,
1789954936.2,,,,,,,,,,,,,,,,,,,
1789954938.3,,,,,,,,,,,,,,,,,,,
1789954940.4,,,,,,,,,,,,,,,,,,,
1789954942.5,,,,,,,,,,,,,,,,,,,
1789954944.7,,,,,,,,,,,,,,,,,,,
1789954946.8,,,,,,,,,,,,,,,,,,,
1789954948.9,,,,,,,,,,,,,,,,,,,
1789954951.0,,,,,,,,,,,,,,,,,,,
1789954953.1,,,,,,,,,,,,,,,,,,,
1789954955.2,,,,,,,,,,,,,,,,,,,
1789954957.3,,,,,,,,,,,,,,,,,,,
1789954959.4,,,,,,,,,,,,,,,,,,,
1789954961.5,,,,,,,,,,,,,,,,,,,
1789954963.7,,,,,,,,,,,,,,,,,,,
1789954965.8,,,,,,,,,,,,,,,,,,,
1789954967.9,,,,,,,,,,,,,,,,,,,
1789954970.0,,,,,,,,,,,,,,,,,,,
1789954972.1,,,,,,,,,,,,,,,,,,,
1789954974.2,,,,,,,,,,,,,,,,,,,
1789954976.3,,,,,,,,,,,,,,,,,,,
1789954978.4,,,,,,,,,,,,,,,,,,,
1789954980.5,,,,,,,,,,,,,,,,,,,
1789954982.6,,,,,,,,,,,,,,,,,,,
1789954984.8,,,,,,,,,,,,,,,,,,,
1789954986.9,,,,,,,,,,,,,,,,,,,
1789954989.0,,,,,,,,,,,,,,,,,,,
1789954991.2,,,,,,,,,,,,,,,,,,,
1789954993.3,,,,,,,,,,,,,,,,,,,
1789954995.5,,,,,,,,,,,,,,,,,,,
1789954997.6,,,,,,,,,,,,,,,,,,,
1789954999.7,,,,,,,,,,,,,,,,,,,
1789955001.8,,,,,,,,,,,,,,,,,,,
1789955003.9,,,,,,,,,,,,,,,,,,,
1789955006.0,,,,,,,,,,,,,,,,,,,
1789955008.1,,,,,,,,,,,,,,,,,,,
1789955010.2,,,,,,,,,,,,,,,,,,,
1789955012.3,,,,,,,,,,,,,,,,,,,
1789955014.5,,,,,,,,,,,,,,,,,,,
1789955016.6,,,,,,,,,,,,,,,,,,,
1789955018.7,,,,,,,,,,,,,,,,,,,
1789955020.8,,,,,,,,,,,,,,,,,,,
1789955022.9,,,,,,,,,,,,,,,,,,,
1789955025.0,,,,,,,,,,,,,,,,,,,
1789955027.1,,,,,,,,,,,,,,,,,,,
1789955029.3,,,,,,,,,,,,,,,,,,,
1789955031.4,,,,,,,,,,,,,,,,,,,
1789955033.5,,,,,,,,,,,,,,,,,,,
1789955035.6,,,,,,,,,,,,,,,,,,,
1789955037.7,,,,,,,,,,,,,,,,,,,
1789955039.9,,,,,,,,,,,,,,,,,,,
1789955042.0,,,,,,,,,,,,,,,,,,,
1789955044.1,,,,,,,,,,,,,,,,,,,
1789955046.2,,,,,,,,,,,,,,,,,,,
1789955048.3,,,,,,,,,,,,,,,,,,,
1789955050.4,,,,,,,,,,,,,,,,,,,
1789955052.5,,,,,,,,,,,,,,,,,,,
1789955054.6,,,,,,,,,,,,,,,,,,,
1789955056.7,,,,,,,,,,,,,,,,,,,
1789955058.8,,,,,,,,,,,,,,,,,,,
1789955060.9,,,,,,,,,,,,,,,,,,,
1789955063.1,,,,,,,,,,,,,,,,,,,
1789955065.2,,,,,,,,,,,,,,,,,,,
1789955067.3,,,,,,,,,,,,,,,,,,,
1789955069.5,,,,,,,,,,,,,,,,,,,
1789955071.6,,,,,,,,,,,,,,,,,,,
1789955073.7,,,,,,,,,,,,,,,,,,,
1789955075.8,,,,,,,,,,,,,,,,,,,
1789955077.9,,,,,,,,,,,,,,,,,,,
1789955080.1,,,,,,,,,,,,,,,,,,,
1789955082.2,,,,,,,,,,,,,,,,,,,
1789955084.3,,,,,,,,,,,,,,,,,,,
1789955086.4,,,,,,,,,,,,,,,,,,,
1789955088.5,,,,,,,,,,,,,,,,,,,
1789955090.6,,,,,,,,,,,,,,,,,,,
1789955092.7,,,,,,,,,,,,,,,,,,,
1789955094.9,,,,,,,,,,,,,,,,,,,
1789955097.0,,,,,,,,,,,,,,,,,,,
1789955099.1,,,,,,,,,,,,,,,,,,,
1789955101.2,,,,,,,,,,,,,,,,,,,
1789955103.4,,,,,,,,,,,,,,,,,,,
1789955105.5,,,,,,,,,,,,,,,,,,,
1789955107.6,,,,,,,,,,,,,,,,,,,
1789955109.7,,,,,,,,,,,,,,,,,,,
1789955111.8,,,,,,,,,,,,,,,,,,,
1789955113.9,,,,,,,,,,,,,,,,,,,
1789955116.0,,,,,,,,,,,,,,,,,,,
1789955118.1,,,,,,,,,,,,,,,,,,,
1789955120.2,,,,,,,,,,,,,,,,,,,
1789955122.4,,,,,,,,,,,,,,,,,,,
1789955124.6,,,,,,,,,,,,,,,,,,,
1789955126.7,,,,,,,,,,,,,,,,,,,
1789955128.8,,,,,,,,,,,,,,,,,,,
1789955130.9,,,,,,,,,,,,,,,,,,,
1789955133.1,,,,,,,,,,,,,,,,,,,
1789955135.3,,,,,,,,,,,,,,,,,,,
1789955137.4,,,,,,,,,,,,,,,,,,,
1789955139.5,,,,,,,,,,,,,,,,,,,
1789955141.6,,,,,,,,,,,,,,,,,,,
1789955143.7,,,,,,,,,,,,,,,,,,,
1789955145.8,,,,,,,,,,,,,,,,,,,
1789955148.0,,,,,,,,,,,,,,,,,,,
1789955150.1,,,,,,,,,,,,,,,,,,,
1789955152.2,,,,,,,,,,,,,,,,,,,
1789955154.3,,,,,,,,,,,,,,,,,,,
1789955156.4,,,,,,,,,,,,,,,,,,,
1789955158.5,,,,,,,,,,,,,,,,,,,
1789955160.6,,,,,,,,,,,,,,,,,,,
1789955162.7,,,,,,,,,,,,,,,,,,,
1789955164.8,,,,,,,,,,,,,,,,,,,
1789955167.0,,,,,,,,,,,,,,,,,,,
1789955169.1,,,,,,,,,,,,,,,,,,,
1789955171.2,,,,,,,,,,,,,,,,,,,
1789955173.3,,,,,,,,,,,,,,,,,,,
1789955175.5,,,,,,,,,,,,,,,,,,,
1789955177.6,,,,,,,,,,,,,,,,,,,
1789955179.7,,,,,,,,,,,,,,,,,,,
1789955181.8,,,,,,,,,,,,,,,,,,,
1789955183.9,,,,,,,,,,,,,,,,,,,
1789955186.0,,,,,,,,,,,,,,,,,,,
1789955188.2,,,,,,,,,,,,,,,,,,,
1789955190.3,,,,,,,,,,,,,,,,,,,
1789955192.4,,,,,,,,,,,,,,,,,,,
1789955194.5,,,,,,,,,,,,,,,,,,,
1789955196.6,,,,,,,,,,,,,,,,,,,
1789955198.7,,,,,,,,,,,,,,,,,,,
1789955200.8,,,,,,,,,,,,,,,,,,,
1789955202.9,,,,,,,,,,,,,,,,,,,
1789955205.0,,,,,,,,,,,,,,,,,,,
1789955207.2,,,,,,,,,,,,,,,,,,,
1789955209.3,,,,,,,,,,,,,,,,,,,
1789955211.4,,,,,,,,,,,,,,,,,,,
1789955213.5,,,,,,,,,,,,,,,,,,,
1789955215.6,,,,,,,,,,,,,,,,,,,
1789955217.7,,,,,,,,,,,,,,,,,,,
1789955219.8,,,,,,,,,,,,,,,,,,,
1789955222.0,,,,,,,,,,,,,,,,,,,
1789955224.1,,,,,,,,,,,,,,,,,,,
1789955226.2,,,,,,,,,,,,,,,,,,,
1789955228.3,,,,,,,,,,,,,,,,,,,
1789955230.4,,,,,,,,,,,,,,,,,,,
1789955232.5,,,,,,,,,,,,,,,,,,,
1789955234.6,,,,,,,,,,,,,,,,,,,
1789955236.8,,,,,,,,,,,,,,,,,,,
1789955238.9,,,,,,,,,,,,,,,,,,,
1789955241.0,,,,,,,,,,,,,,,,,,,
1789955243.1,,,,,,,,,,,,,,,,,,,
1789955245.2,,,,,,,,,,,,,,,,,,,
1789955247.3,,,,,,,,,,,,,,,,,,,
1789955249.4,,,,,,,,,,,,,,,,,,,
1789955251.5,,,,,,,,,,,,,,,,,,,
1789955253.6,,,,,,,,,,,,,,,,,,,
1789955255.7,,,,,,,,,,,,,,,,,,,
1789955257.9,,,,,,,,,,,,,,,,,,,
1789955260.0,,,,,,,,,,,,,,,,,,,
1789955262.1,,,,,,,,,,,,,,,,,,,
1789955264.2,,,,,,,,,,,,,,,,,,,
1789955266.3,,,,,,,,,,,,,,,,,,,
1789955268.4,,,,,,,,,,,,,,,,,,,
1789955270.5,,,,,,,,,,,,,,,,,,,
1789955272.6,,,,,,,,,,,,,,,,,,,
1789955274.8,,,,,,,,,,,,,,,,,,,
1789955276.9,,,,,,,,,,,,,,,,,,,
1789955279.0,,,,,,,,,,,,,,,,,,,
1789955281.1,,,,,,,,,,,,,,,,,,,
1789955283.2,,,,,,,,,,,,,,,,,,,
1789955285.4,,,,,,,,,,,,,,,,,,,
1789955287.5,,,,,,,,,,,,,,,,,,,
1789955289.6,,,,,,,,,,,,,,,,,,,
1789955291.7,,,,,,,,,,,,,,,,,,,
1789955293.8,,,,,,,,,,,,,,,,,,,
1789955295.9,,,,,,,,,,,,,,,,,,,
1789955298.1,,,,,,,,,,,,,,,,,,,
1789955300.2,,,,,,,,,,,,,,,,,,,
1789955302.3,,,,,,,,,,,,,,,,,,,
1789955304.4,,,,,,,,,,,,,,,,,,,
1789955306.5,,,,,,,,,,,,,,,,,,,
1789955308.6,,,,,,,,,,,,,,,,,,,
1789955310.8,,,,,,,,,,,,,,,,,,,
1789955312.9,,,,,,,,,,,,,,,,,,,
1789955315.0,,,,,,,,,,,,,,,,,,,
1789955317.1,,,,,,,,,,,,,,,,,,,
1789955319.2,,,,,,,,,,,,,,,,,,,
1789955321.3,,,,,,,,,,,,,,,,,,,
1789955323.4,,,,,,,,,,,,,,,,,,,
1789955325.5,,,,,,,,,,,,,,,,,,,
1789955327.6,,,,,,,,,,,,,,,,,,,
1789955329.8,,,,,,,,,,,,,,,,,,,
1789955331.9,,,,,,,,,,,,,,,,,,,
1789955334.0,,,,,,,,,,,,,,,,,,,
1789955336.1,,,,,,,,,,,,,,,,,,,
1789955338.2,,,,,,,,,,,,,,,,,,,
1789955340.3,,,,,,,,,,,,,,,,,,,
1789955342.4,,,,,,,,,,,,,,,,,,,
1789955344.5,,,,,,,,,,,,,,,,,,,
1789955346.7,,,,,,,,,,,,,,,,,,,
1789955348.8,,,,,,,,,,,,,,,,,,,
1789955350.9,,,,,,,,,,,,,,,,,,,
1789955353.0,,,,,,,,,,,,,,,,,,,
1789955355.1,,,,,,,,,,,,,,,,,,,
1789955357.2,,,,,,,,,,,,,,,,,,,
1789955359.3,,,,,,,,,,,,,,,,,,,
1789955361.5,,,,,,,,,,,,,,,,,,,
1789955363.6,,,,,,,,,,,,,,,,,,,
1789955365.7,,,,,,,,,,,,,,,,,,,
1789955367.8,,,,,,,,,,,,,,,,,,,
1789955369.9,,,,,,,,,,,,,,,,,,,
1789955372.1,,,,,,,,,,,,,,,,,,,
1789955374.2,,,,,,,,,,,,,,,,,,,
1789955376.3,,,,,,,,,,,,,,,,,,,
1789955378.4,,,,,,,,,,,,,,,,,,,
1789955380.6,,,,,,,,,,,,,,,,,,,
1789955382.7,,,,,,,,,,,,,,,,,,,
1789955384.9,,,,,,,,,,,,,,,,,,,
1789955387.0,,,,,,,,,,,,,,,,,,,
1789955389.1,,,,,,,,,,,,,,,,,,,
1789955391.3,,,,,,,,,,,,,,,,,,,
1789955393.4,,,,,,,,,,,,,,,,,,,
1789955395.5,,,,,,,,,,,,,,,,,,,
1789955397.7,,,,,,,,,,,,,,,,,,,
1789955399.8,,,,,,,,,,,,,,,,,,,
1789955401.9,,,,,,,,,,,,,,,,,,,
1789955404.1,,,,,,,,,,,,,,,,,,,
1789955406.2,,,,,,,,,,,,,,,,,,,
1789955408.3,,,,,,,,,,,,,,,,,,,
1789955410.4,,,,,,,,,,,,,,,,,,,
1789955412.6,,,,,,,,,,,,,,,,,,,
1789955414.8,,,,,,,,,,,,,,,,,,,
1789955416.9,,,,,,,,,,,,,,,,,,,
1789955419.0,,,,,,,,,,,,,,,,,,,
1789955421.1,,,,,,,,,,,,,,,,,,,
1789955423.2,,,,,,,,,,,,,,,,,,,
1789955425.4,,,,,,,,,,,,,,,,,,,
1789955427.5,,,,,,,,,,,,,,,,,,,
1789955429.6,,,,,,,,,,,,,,,,,,,
1789955431.7,,,,,,,,,,,,,,,,,,,
1789955433.9,,,,,,,,,,,,,,,,,,,
1789955436.1,,,,,,,,,,,,,,,,,,,
1789955438.2,,,,,,,,,,,,,,,,,,,
1789955440.3,,,,,,,,,,,,,,,,,,,
1789955442.4,,,,,,,,,,,,,,,,,,,
1789955444.5,,,,,,,,,,,,,,,,,,,
1789955446.7,,,,,,,,,,,,,,,,,,,
1789955448.8,,,,,,,,,,,,,,,,,,,
1789955451.0,,,,,,,,,,,,,,,,,,,
1789955453.1,,,,,,,,,,,,,,,,,,,
1789955455.2,,,,,,,,,,,,,,,,,,,
1789955457.4,,,,,,,,,,,,,,,,,,,
1789955459.5,,,,,,,,,,,,,,,,,,,
1789955461.6,,,,,,,,,,,,,,,,,,,
1789955463.7,,,,,,,,,,,,,,,,,,,
1789955465.8,,,,,,,,,,,,,,,,,,,
1789955467.9,,,,,,,,,,,,,,,,,,,
1789955470.0,,,,,,,,,,,,,,,,,,,
1789955472.2,,,,,,,,,,,,,,,,,,,
1789955474.3,,,,,,,,,,,,,,,,,,,
1789955476.4,,,,,,,,,,,,,,,,,,,
1789955478.5,,,,,,,,,,,,,,,,,,,
1789955480.7,,,,,,,,,,,,,,,,,,,
1789955482.8,,,,,,,,,,,,,,,,,,,
1789955484.9,,,,,,,,,,,,,,,,,,,
1789955487.1,,,,,,,,,,,,,,,,,,,
1789955489.2,,,,,,,,,,,,,,,,,,,
1789955491.3,,,,,,,,,,,,,,,,,,,
1789955493.4,,,,,,,,,,,,,,,,,,,
1789955495.6,,,,,,,,,,,,,,,,,,,
1789955497.7,,,,,,,,,,,,,,,,,,,
1789955499.8,,,,,,,,,,,,,,,,,,,
1789955501.9,,,,,,,,,,,,,,,,,,,
1789955504.0,,,,,,,,,,,,,,,,,,,
1789955506.1,,,,,,,,,,,,,,,,,,,
1789955508.2,,,,,,,,,,,,,,,,,,,
1789955510.3,,,,,,,,,,,,,,,,,,,
1789955512.5,,,,,,,,,,,,,,,,,,,
1789955514.6,,,,,,,,,,,,,,,,,,,
1789955516.7,,,,,,,,,,,,,,,,,,,
1789955518.8,,,,,,,,,,,,,,,,,,,
1789955521.0,,,,,,,,,,,,,,,,,,,
1789955523.1,,,,,,,,,,,,,,,,,,,
1789955525.2,,,,,,,,,,,,,,,,,,,
1789955527.3,,,,,,,,,,,,,,,,,,,
1789955529.5,,,,,,,,,,,,,,,,,,,
1789955531.6,,,,,,,,,,,,,,,,,,,
1789955533.7,,,,,,,,,,,,,,,,,,,
1789955535.8,,,,,,,,,,,,,,,,,,,
1789955537.9,,,,,,,,,,,,,,,,,,,
1789955540.1,,,,,,,,,,,,,,,,,,,
1789955542.2,,,,,,,,,,,,,,,,,,,
1789955544.3,,,,,,,,,,,,,,,,,,,
1789955546.4,,,,,,,,,,,,,,,,,,,
1789955548.5,,,,,,,,,,,,,,,,,,,
1789955550.6,,,,,,,,,,,,,,,,,,,
1789955552.7,,,,,,,,,,,,,,,,,,,
1789955554.8,,,,,,,,,,,,,,,,,,,
1789955556.9,,,,,,,,,,,,,,,,,,,
1789955559.0,,,,,,,,,,,,,,,,,,,
1789955561.2,,,,,,,,,,,,,,,,,,,
1789955563.3,,,,,,,,,,,,,,,,,,,
1789955565.4,,,,,,,,,,,,,,,,,,,
1789955567.5,,,,,,,,,,,,,,,,,,,
1789955569.6,,,,,,,,,,,,,,,,,,,
1789955571.7,,,,,,,,,,,,,,,,,,,
1789955573.8,,,,,,,,,,,,,,,,,,,
1789955575.9,,,,,,,,,,,,,,,,,,,
1789955578.0,,,,,,,,,,,,,,,,,,,
1789955580.1,,,,,,,,,,,,,,,,,,,
1789955582.3,,,,,,,,,,,,,,,,,,,
1789955584.4,,,,,,,,,,,,,,,,,,,
1789955586.5,,,,,,,,,,,,,,,,,,,
1789955588.6,,,,,,,,,,,,,,,,,,,
1789955590.8,,,,,,,,,,,,,,,,,,,
1789955592.9,,,,,,,,,,,,,,,,,,,
1789955595.0,,,,,,,,,,,,,,,,,,,
1789955597.1,,,,,,,,,,,,,,,,,,,
1789955599.2,,,,,,,,,,,,,,,,,,,
1789955601.3,,,,,,,,,,,,,,,,,,,
1789955603.4,,,,,,,,,,,,,,,,,,,
1789955605.6,,,,,,,,,,,,,,,,,,,
1789955607.7,,,,,,,,,,,,,,,,,,,
1789955609.8,,,,,,,,,,,,,,,,,,,
1789955611.9,,,,,,,,,,,,,,,,,,,
1789955614.0,,,,,,,,,,,,,,,,,,,
1789955616.2,,,,,,,,,,,,,,,,,,,
1789955618.3,,,,,,,,,,,,,,,,,,,
1789955620.4,,,,,,,,,,,,,,,,,,,
1789955622.5,,,,,,,,,,,,,,,,,,,
1789955624.6,,,,,,,,,,,,,,,,,,,
1789955626.7,,,,,,,,,,,,,,,,,,,
1789955628.8,,,,,,,,,,,,,,,,,,,
1789955630.9,,,,,,,,,,,,,,,,,,,
1789955633.0,,,,,,,,,,,,,,,,,,,
1789955635.2,,,,,,,,,,,,,,,,,,,
1789955637.3,,,,,,,,,,,,,,,,,,,
1789955639.4,,,,,,,,,,,,,,,,,,,
1789955641.5,,,,,,,,,,,,,,,,,,,
1789955643.7,,,,,,,,,,,,,,,,,,,
1789955645.8,,,,,,,,,,,,,,,,,,,
1789955647.9,,,,,,,,,,,,,,,,,,,
1789955650.1,,,,,,,,,,,,,,,,,,,
1789955652.2,,,,,,,,,,,,,,,,,,,
1789955654.3,,,,,,,,,,,,,,,,,,,
1789955656.4,,,,,,,,,,,,,,,,,,,
1789955658.6,,,,,,,,,,,,,,,,,,,
1789955660.7,,,,,,,,,,,,,,,,,,,
1789955662.8,,,,,,,,,,,,,,,,,,,
1789955664.9,,,,,,,,,,,,,,,,,,,
1789955667.0,,,,,,,,,,,,,,,,,,,
1789955669.2,,,,,,,,,,,,,,,,,,,
1789955671.3,,,,,,,,,,,,,,,,,,,
1789955673.4,,,,,,,,,,,,,,,,,,,
1789955675.5,,,,,,,,,,,,,,,,,,,
1789955677.6,,,,,,,,,,,,,,,,,,,
1789955679.7,,,,,,,,,,,,,,,,,,,
1789955681.8,,,,,,,,,,,,,,,,,,,
1789955684.0,,,,,,,,,,,,,,,,,,,
1789955686.1,,,,,,,,,,,,,,,,,,,
1789955688.2,,,,,,,,,,,,,,,,,,,
1789955690.3,,,,,,,,,,,,,,,,,,,
1789955692.4,,,,,,,,,,,,,,,,,,,
1789955694.5,,,,,,,,,,,,,,,,,,,
1789955696.7,,,,,,,,,,,,,,,,,,,
1789955698.8,,,,,,,,,,,,,,,,,,,
1789955700.9,,,,,,,,,,,,,,,,,,,
1789955703.0,,,,,,,,,,,,,,,,,,,
1789955705.1,,,,,,,,,,,,,,,,,,,
1789955707.2,,,,,,,,,,,,,,,,,,,
1789955709.3,,,,,,,,,,,,,,,,,,,
1789955711.4,,,,,,,,,,,,,,,,,,,
1789955713.5,,,,,,,,,,,,,,,,,,,
1789955715.7,,,,,,,,,,,,,,,,,,,
1789955717.8,,,,,,,,,,,,,,,,,,,
1789955719.9,,,,,,,,,,,,,,,,,,,
1789955722.0,,,,,,,,,,,,,,,,,,,
1789955724.2,,,,,,,,,,,,,,,,,,,
1789955726.3,,,,,,,,,,,,,,,,,,,
1789955728.4,,,,,,,,,,,,,,,,,,,
1789955730.5,,,,,,,,,,,,,,,,,,,
1789955732.7,,,,,,,,,,,,,,,,,,,
1789955734.8,,,,,,,,,,,,,,,,,,,
1789955736.9,,,,,,,,,,,,,,,,,,,
1789955739.0,,,,,,,,,,,,,,,,,,,
1789955741.1,,,,,,,,,,,,,,,,,,,
1789955743.2,,,,,,,,,,,,,,,,,,,
1789955745.3,,,,,,,,,,,,,,,,,,,
1789955747.4,,,,,,,,,,,,,,,,,,,
1789955749.6,,,,,,,,,,,,,,,,,,,
1789955751.7,,,,,,,,,,,,,,,,,,,
1789955753.8,,,,,,,,,,,,,,,,,,,
1789955755.9,,,,,,,,,,,,,,,,,,,
1789955758.0,,,,,,,,,,,,,,,,,,,
1789955760.2,,,,,,,,,,,,,,,,,,,
1789955762.3,,,,,,,,,,,,,,,,,,,
1789955764.4,,,,,,,,,,,,,,,,,,,
1789955766.5,,,,,,,,,,,,,,,,,,,
1789955768.6,,,,,,,,,,,,,,,,,,,
1789955770.7,,,,,,,,,,,,,,,,,,,
1789955772.9,,,,,,,,,,,,,,,,,,,
1789955775.0,,,,,,,,,,,,,,,,,,,
1789955777.1,,,,,,,,,,,,,,,,,,,
1789955779.3,,,,,,,,,,,,,,,,,,,
1789955781.4,,,,,,,,,,,,,,,,,,,
1789955783.5,,,,,,,,,,,,,,,,,,,
1789955785.6,,,,,,,,,,,,,,,,,,,
1789955787.7,,,,,,,,,,,,,,,,,,,
1789955789.8,,,,,,,,,,,,,,,,,,,
1789955792.0,,,,,,,,,,,,,,,,,,,
1789955794.1,,,,,,,,,,,,,,,,,,,
1789955796.2,,,,,,,,,,,,,,,,,,,
1789955798.3,,,,,,,,,,,,,,,,,,,
1789955800.4,,,,,,,,,,,,,,,,,,,
1789955802.5,,,,,,,,,,,,,,,,,,,
1789955804.6,,,,,,,,,,,,,,,,,,,
1789955806.8,,,,,,,,,,,,,,,,,,,
1789955808.9,,,,,,,,,,,,,,,,,,,
1789955811.0,,,,,,,,,,,,,,,,,,,
1789955813.1,,,,,,,,,,,,,,,,,,,
1789955815.3,,,,,,,,,,,,,,,,,,,
1789955817.4,,,,,,,,,,,,,,,,,,,
1789955819.5,,,,,,,,,,,,,,,,,,,
1789955821.6,,,,,,,,,,,,,,,,,,,
1789955823.7,,,,,,,,,,,,,,,,,,,
1789955825.8,,,,,,,,,,,,,,,,,,,
1789955827.9,,,,,,,,,,,,,,,,,,,
1789955830.0,,,,,,,,,,,,,,,,,,,
1789955832.1,,,,,,,,,,,,,,,,,,,
1789955834.3,,,,,,,,,,,,,,,,,,,
1789955836.4,,,,,,,,,,,,,,,,,,,
1789955838.5,,,,,,,,,,,,,,,,,,,
1789955840.6,,,,,,,,,,,,,,,,,,,
1789955842.7,,,,,,,,,,,,,,,,,,,
1789955844.8,,,,,,,,,,,,,,,,,,,
1789955846.9,,,,,,,,,,,,,,,,,,,
1789955849.0,,,,,,,,,,,,,,,,,,,
1789955851.2,,,,,,,,,,,,,,,,,,,
1789955853.3,,,,,,,,,,,,,,,,,,,
1789955855.4,,,,,,,,,,,,,,,,,,,
1789955857.6,,,,,,,,,,,,,,,,,,,
1789955859.7,,,,,,,,,,,,,,,,,,,
1789955861.8,,,,,,,,,,,,,,,,,,,
1789955863.9,,,,,,,,,,,,,,,,,,,
1789955866.1,,,,,,,,,,,,,,,,,,,
1789955868.2,,,,,,,,,,,,,,,,,,,
1789955870.3,,,,,,,,,,,,,,,,,,,
1789955872.4,,,,,,,,,,,,,,,,,,,
1789955874.6,,,,,,,,,,,,,,,,,,,
1789955876.7,,,,,,,,,,,,,,,,,,,
1789955878.8,,,,,,,,,,,,,,,,,,,
1789955880.9,,,,,,,,,,,,,,,,,,,
1789955883.1,,,,,,,,,,,,,,,,,,,
1789955885.2,,,,,,,,,,,,,,,,,,,
1789955887.3,,,,,,,,,,,,,,,,,,,
1789955889.4,,,,,,,,,,,,,,,,,,,
1789955891.5,,,,,,,,,,,,,,,,,,,
1789955893.6,,,,,,,,,,,,,,,,,,,
1789955895.7,,,,,,,,,,,,,,,,,,,
1789955897.9,,,,,,,,,,,,,,,,,,,
1789955900.0,,,,,,,,,,,,,,,,,,,
1789955902.1,,,,,,,,,,,,,,,,,,,
1789955904.3,,,,,,,,,,,,,,,,,,,
1789955906.4,,,,,,,,,,,,,,,,,,,
1789955908.6,,,,,,,,,,,,,,,,,,,
1789955910.7,,,,,,,,,,,,,,,,,,,
1789955912.8,,,,,,,,,,,,,,,,,,,
1789955914.9,,,,,,,,,,,,,,,,,,,
1789955917.1,,,,,,,,,,,,,,,,,,,
1789955919.2,,,,,,,,,,,,,,,,,,,
1789955921.3,,,,,,,,,,,,,,,,,,,
1789955923.4,,,,,,,,,,,,,,,,,,,
1789955925.5,,,,,,,,,,,,,,,,,,,
1789955927.6,,,,,,,,,,,,,,,,,,,
1789955929.8,,,,,,,,,,,,,,,,,,,
1789955931.9,,,,,,,,,,,,,,,,,,,
1789955934.0,,,,,,,,,,,,,,,,,,,
1789955936.1,,,,,,,,,,,,,,,,,,,
1789955938.2,,,,,,,,,,,,,,,,,,,
1789955940.3,,,,,,,,,,,,,,,,,,,
1789955942.4,,,,,,,,,,,,,,,,,,,
1789955944.6,,,,,,,,,,,,,,,,,,,
1789955946.7,,,,,,,,,,,,,,,,,,,
1789955948.8,,,,,,,,,,,,,,,,,,,
1789955950.9,,,,,,,,,,,,,,,,,,,
1789955953.0,,,,,,,,,,,,,,,,,,,
1789955955.1,,,,,,,,,,,,,,,,,,,
1789955957.2,,,,,,,,,,,,,,,,,,,
1789955959.3,,,,,,,,,,,,,,,,,,,
1789955961.5,,,,,,,,,,,,,,,,,,,
1789955963.6,,,,,,,,,,,,,,,,,,,
1789955965.7,,,,,,,,,,,,,,,,,,,
1789955967.9,,,,,,,,,,,,,,,,,,,
1789955970.0,,,,,,,,,,,,,,,,,,,
1789955972.1,,,,,,,,,,,,,,,,,,,
1789955974.2,,,,,,,,,,,,,,,,,,,
1789955976.3,,,,,,,,,,,,,,,,,,,
1789955978.4,,,,,,,,,,,,,,,,,,,
1789955980.6,,,,,,,,,,,,,,,,,,,
1789955982.7,,,,,,,,,,,,,,,,,,,
1789955984.8,,,,,,,,,,,,,,,,,,,
1789955986.9,,,,,,,,,,,,,,,,,,,
1789955989.0,,,,,,,,,,,,,,,,,,,
1789955991.1,,,,,,,,,,,,,,,,,,,
1789955993.2,,,,,,,,,,,,,,,,,,,
1789955995.3,,,,,,,,,,,,,,,,,,,
1789955997.5,,,,,,,,,,,,,,,,,,,
1789955999.6,,,,,,,,,,,,,,,,,,,
1789956001.7,,,,,,,,,,,,,,,,,,,
1789956003.8,,,,,,,,,,,,,,,,,,,
1789956005.9,,,,,,,,,,,,,,,,,,,
1789956008.0,,,,,,,,,,,,,,,,,,,
1789956010.1,,,,,,,,,,,,,,,,,,,
1789956012.3,,,,,,,,,,,,,,,,,,,
1789956014.4,,,,,,,,,,,,,,,,,,,
1789956016.5,,,,,,,,,,,,,,,,,,,
1789956018.6,,,,,,,,,,,,,,,,,,,
1789956020.7,,,,,,,,,,,,,,,,,,,
1789956022.8,,,,,,,,,,,,,,,,,,,
1789956025.0,,,,,,,,,,,,,,,,,,,
1789956027.1,,,,,,,,,,,,,,,,,,,
1789956029.2,,,,,,,,,,,,,,,,,,,
1789956031.3,,,,,,,,,,,,,,,,,,,
1789956033.4,,,,,,,,,,,,,,,,,,,
1789956035.5,,,,,,,,,,,,,,,,,,,
1789956037.6,,,,,,,,,,,,,,,,,,,
1789956039.7,,,,,,,,,,,,,,,,,,,
1789956041.9,,,,,,,,,,,,,,,,,,,
1789956044.0,,,,,,,,,,,,,,,,,,,
1789956046.1,,,,,,,,,,,,,,,,,,,
1789956048.2,,,,,,,,,,,,,,,,,,,
1789956050.3,,,,,,,,,,,,,,,,,,,
1789956052.4,,,,,,,,,,,,,,,,,,,
1789956054.6,,,,,,,,,,,,,,,,,,,
1789956056.7,,,,,,,,,,,,,,,,,,,
1789956058.8,,,,,,,,,,,,,,,,,,,
1789956061.0,,,,,,,,,,,,,,,,,,,
1789956063.1,,,,,,,,,,,,,,,,,,,
1789956065.2,,,,,,,,,,,,,,,,,,,
1789956067.3,,,,,,,,,,,,,,,,,,,
1789956069.4,,,,,,,,,,,,,,,,,,,
1789956071.5,,,,,,,,,,,,,,,,,,,
1789956073.6,,,,,,,,,,,,,,,,,,,
1789956075.7,,,,,,,,,,,,,,,,,,,
1789956077.8,,,,,,,,,,,,,,,,,,,
1789956079.9,,,,,,,,,,,,,,,,,,,
1789956082.1,,,,,,,,,,,,,,,,,,,
1789956084.2,,,,,,,,,,,,,,,,,,,
1789956086.3,,,,,,,,,,,,,,,,,,,
1789956088.5,,,,,,,,,,,,,,,,,,,
1789956090.6,,,,,,,,,,,,,,,,,,,
1789956092.7,,,,,,,,,,,,,,,,,,,
1789956094.8,,,,,,,,,,,,,,,,,,,
1789956097.0,,,,,,,,,,,,,,,,,,,
1789956099.1,,,,,,,,,,,,,,,,,,,
1789956101.2,,,,,,,,,,,,,,,,,,,
1789956103.3,,,,,,,,,,,,,,,,,,,
1789956105.4,,,,,,,,,,,,,,,,,,,
1789956107.5,,,,,,,,,,,,,,,,,,,
1789956109.6,,,,,,,,,,,,,,,,,,,
1789956111.7,,,,,,,,,,,,,,,,,,,
1789956113.8,,,,,,,,,,,,,,,,,,,
1789956115.9,,,,,,,,,,,,,,,,,,,
1789956118.1,,,,,,,,,,,,,,,,,,,
1789956120.2,,,,,,,,,,,,,,,,,,,
1789956122.3,,,,,,,,,,,,,,,,,,,
1789956124.4,,,,,,,,,,,,,,,,,,,
1789956126.5,,,,,,,,,,,,,,,,,,,
1789956128.6,,,,,,,,,,,,,,,,,,,
1789956130.8,,,,,,,,,,,,,,,,,,,
1789956132.9,,,,,,,,,,,,,,,,,,,
1789956135.0,,,,,,,,,,,,,,,,,,,
1789956137.1,,,,,,,,,,,,,,,,,,,
1789956139.3,,,,,,,,,,,,,,,,,,,
1789956141.4,,,,,,,,,,,,,,,,,,,
1789956143.5,,,,,,,,,,,,,,,,,,,
1789956145.7,,,,,,,,,,,,,,,,,,,
1789956147.8,,,,,,,,,,,,,,,,,,,
1789956149.9,,,,,,,,,,,,,,,,,,,
1789956152.1,,,,,,,,,,,,,,,,,,,
1789956154.2,,,,,,,,,,,,,,,,,,,
1789956156.3,,,,,,,,,,,,,,,,,,,
1789956158.5,,,,,,,,,,,,,,,,,,,
1789956160.6,,,,,,,,,,,,,,,,,,,
1789956162.8,,,,,,,,,,,,,,,,,,,
1789956164.9,,,,,,,,,,,,,,,,,,,
1789956167.0,,,,,,,,,,,,,,,,,,,
1789956169.1,,,,,,,,,,,,,,,,,,,
1789956171.3,,,,,,,,,,,,,,,,,,,
1789956173.4,,,,,,,,,,,,,,,,,,,
1789956175.5,,,,,,,,,,,,,,,,,,,
1789956177.7,,,,,,,,,,,,,,,,,,,
1789956179.8,,,,,,,,,,,,,,,,,,,
1789956181.9,,,,,,,,,,,,,,,,,,,
1789956184.1,,,,,,,,,,,,,,,,,,,
1789956186.2,,,,,,,,,,,,,,,,,,,
1789956188.3,,,,,,,,,,,,,,,,,,,
1789956190.4,,,,,,,,,,,,,,,,,,,
1789956192.5,,,,,,,,,,,,,,,,,,,
1789956194.6,,,,,,,,,,,,,,,,,,,
1789956196.8,,,,,,,,,,,,,,,,,,,
1789956198.9,,,,,,,,,,,,,,,,,,,
1789956201.0,,,,,,,,,,,,,,,,,,,
1789956203.1,,,,,,,,,,,,,,,,,,,
1789956205.3,,,,,,,,,,,,,,,,,,,
1789956207.4,,,,,,,,,,,,,,,,,,,
1789956209.5,,,,,,,,,,,,,,,,,,,
1789956211.6,,,,,,,,,,,,,,,,,,,
1789956213.7,,,,,,,,,,,,,,,,,,,
1789956215.8,,,,,,,,,,,,,,,,,,,
1789956218.0,,,,,,,,,,,,,,,,,,,
1789956220.1,,,,,,,,,,,,,,,,,,,
1789956222.3,,,,,,,,,,,,,,,,,,,
1789956224.4,,,,,,,,,,,,,,,,,,,
1789956226.5,,,,,,,,,,,,,,,,,,,
1789956228.6,,,,,,,,,,,,,,,,,,,
1789956230.8,,,,,,,,,,,,,,,,,,,
1789956232.9,,,,,,,,,,,,,,,,,,,
1789956235.0,,,,,,,,,,,,,,,,,,,
1789956237.1,,,,,,,,,,,,,,,,,,,
1789956239.2,,,,,,,,,,,,,,,,,,,
1789956241.3,,,,,,,,,,,,,,,,,,,
1789956243.5,,,,,,,,,,,,,,,,,,,
1789956245.6,,,,,,,,,,,,,,,,,,,
1789956247.8,,,,,,,,,,,,,,,,,,,
1789956249.9,,,,,,,,,,,,,,,,,,,
1789956252.0,,,,,,,,,,,,,,,,,,,
1789956254.1,,,,,,,,,,,,,,,,,,,
1789956256.3,,,,,,,,,,,,,,,,,,,
1789956258.4,,,,,,,,,,,,,,,,,,,
1789956260.5,,,,,,,,,,,,,,,,,,,
1789956262.6,,,,,,,,,,,,,,,,,,,
1789956264.8,,,,,,,,,,,,,,,,,,,
1789956266.9,,,,,,,,,,,,,,,,,,,
1789956269.0,,,,,,,,,,,,,,,,,,,
1789956271.1,,,,,,,,,,,,,,,,,,,
1789956273.3,,,,,,,,,,,,,,,,,,,
1789956275.4,,,,,,,,,,,,,,,,,,,
1789956277.5,,,,,,,,,,,,,,,,,,,
1789956279.6,,,,,,,,,,,,,,,,,,,
1789956281.8,,,,,,,,,,,,,,,,,,,
1789956283.9,,,,,,,,,,,,,,,,,,,
1789956286.0,,,,,,,,,,,,,,,,,,,
1789956288.1,,,,,,,,,,,,,,,,,,,
1789956290.2,,,,,,,,,,,,,,,,,,,
1789956292.4,,,,,,,,,,,,,,,,,,,
1789956294.5,,,,,,,,,,,,,,,,,,,
1789956296.6,,,,,,,,,,,,,,,,,,,
1789956298.7,,,,,,,,,,,,,,,,,,,
1789956300.8,,,,,,,,,,,,,,,,,,,
1789956303.0,,,,,,,,,,,,,,,,,,,
1789956305.1,,,,,,,,,,,,,,,,,,,
1789956307.3,,,,,,,,,,,,,,,,,,,
1789956309.4,,,,,,,,,,,,,,,,,,,
1789956311.5,,,,,,,,,,,,,,,,,,,
1789956313.6,,,,,,,,,,,,,,,,,,,
1789956315.7,,,,,,,,,,,,,,,,,,,
1789956317.8,,,,,,,,,,,,,,,,,,,
1789956320.0,,,,,,,,,,,,,,,,,,,
1789956322.1,,,,,,,,,,,,,,,,,,,
1789956324.2,,,,,,,,,,,,,,,,,,,
1789956326.3,,,,,,,,,,,,,,,,,,,
1789956328.5,,,,,,,,,,,,,,,,,,,
1789956330.6,,,,,,,,,,,,,,,,,,,
1789956332.7,,,,,,,,,,,,,,,,,,,
1789956334.8,,,,,,,,,,,,,,,,,,,
1789956336.9,,,,,,,,,,,,,,,,,,,
1789956339.1,,,,,,,,,,,,,,,,,,,
1789956341.2,,,,,,,,,,,,,,,,,,,
1789956343.4,,,,,,,,,,,,,,,,,,,
1789956345.5,,,,,,,,,,,,,,,,,,,
1789956347.6,,,,,,,,,,,,,,,,,,,
1789956349.7,,,,,,,,,,,,,,,,,,,
1789956351.8,,,,,,,,,,,,,,,,,,,
1789956353.9,,,,,,,,,,,,,,,,,,,
1789956356.1,,,,,,,,,,,,,,,,,,,
1789956358.2,,,,,,,,,,,,,,,,,,,
1789956360.3,,,,,,,,,,,,,,,,,,,
1789956362.4,,,,,,,,,,,,,,,,,,,
1789956364.5,,,,,,,,,,,,,,,,,,,
1789956366.6,,,,,,,,,,,,,,,,,,,
1789956368.8,,,,,,,,,,,,,,,,,,,
1789956370.9,,,,,,,,,,,,,,,,,,,
1789956373.0,,,,,,,,,,,,,,,,,,,
1789956375.1,,,,,,,,,,,,,,,,,,,
1789956377.2,,,,,,,,,,,,,,,,,,,
1789956379.3,,,,,,,,,,,,,,,,,,,
1789956381.4,,,,,,,,,,,,,,,,,,,
1789956383.6,,,,,,,,,,,,,,,,,,,
1789956385.7,,,,,,,,,,,,,,,,,,,
1789956387.8,,,,,,,,,,,,,,,,,,,
1789956389.9,,,,,,,,,,,,,,,,,,,
1789956392.1,,,,,,,,,,,,,,,,,,,
1789956394.2,,,,,,,,,,,,,,,,,,,
1789956396.3,,,,,,,,,,,,,,,,,,,
1789956398.4,,,,,,,,,,,,,,,,,,,
1789956400.6,,,,,,,,,,,,,,,,,,,
1789956402.7,,,,,,,,,,,,,,,,,,,
1789956404.8,,,,,,,,,,,,,,,,,,,
1789956406.9,,,,,,,,,,,,,,,,,,,
1789956409.0,,,,,,,,,,,,,,,,,,,
1789956411.1,,,,,,,,,,,,,,,,,,,
1789956413.2,,,,,,,,,,,,,,,,,,,
1789956415.3,,,,,,,,,,,,,,,,,,,
1789956417.5,,,,,,,,,,,,,,,,,,,
1789956419.6,,,,,,,,,,,,,,,,,,,
1789956421.7,,,,,,,,,,,,,,,,,,,
1789956423.8,,,,,,,,,,,,,,,,,,,
1789956425.9,,,,,,,,,,,,,,,,,,,
1789956428.0,,,,,,,,,,,,,,,,,,,
1789956430.1,,,,,,,,,,,,,,,,,,,
1789956432.2,,,,,,,,,,,,,,,,,,,
1789956434.3,,,,,,,,,,,,,,,,,,,
1789956436.4,,,,,,,,,,,,,,,,,,,
1789956438.6,,,,,,,,,,,,,,,,,,,
1789956440.7,,,,,,,,,,,,,,,,,,,
1789956442.8,,,,,,,,,,,,,,,,,,,
1789956444.9,,,,,,,,,,,,,,,,,,,
1789956447.0,,,,,,,,,,,,,,,,,,,
1789956449.1,,,,,,,,,,,,,,,,,,,
1789956451.2,,,,,,,,,,,,,,,,,,,
1789956453.3,,,,,,,,,,,,,,,,,,,
1789956455.5,,,,,,,,,,,,,,,,,,,
1789956457.6,,,,,,,,,,,,,,,,,,,
1789956459.7,,,,,,,,,,,,,,,,,,,
1789956461.8,,,,,,,,,,,,,,,,,,,
1789956463.9,,,,,,,,,,,,,,,,,,,
1789956466.0,,,,,,,,,,,,,,,,,,,
1789956468.2,,,,,,,,,,,,,,,,,,,
1789956470.3,,,,,,,,,,,,,,,,,,,
1789956472.4,,,,,,,,,,,,,,,,,,,
1789956474.5,,,,,,,,,,,,,,,,,,,
1789956476.6,,,,,,,,,,,,,,,,,,,
1789956478.8,,,,,,,,,,,,,,,,,,,
1789956480.9,,,,,,,,,,,,,,,,,,,
1789956483.0,,,,,,,,,,,,,,,,,,,
1789956485.1,,,,,,,,,,,,,,,,,,,
1789956487.2,,,,,,,,,,,,,,,,,,,
1789956489.3,,,,,,,,,,,,,,,,,,,
1789956491.4,,,,,,,,,,,,,,,,,,,
1789956493.5,,,,,,,,,,,,,,,,,,,
1789956495.6,,,,,,,,,,,,,,,,,,,
1789956497.8,,,,,,,,,,,,,,,,,,,
1789956499.9,,,,,,,,,,,,,,,,,,,
1789956502.0,,,,,,,,,,,,,,,,,,,
1789956504.1,,,,,,,,,,,,,,,,,,,
1789956506.2,,,,,,,,,,,,,,,,,,,
1789956508.3,,,,,,,,,,,,,,,,,,,
1789956510.4,,,,,,,,,,,,,,,,,,,
1789956512.5,,,,,,,,,,,,,,,,,,,
1789956514.7,,,,,,,,,,,,,,,,,,,
1789956516.8,,,,,,,,,,,,,,,,,,,
1789956518.9,,,,,,,,,,,,,,,,,,,
1789956521.0,,,,,,,,,,,,,,,,,,,
1789956523.1,,,,,,,,,,,,,,,,,,,
1789956525.2,,,,,,,,,,,,,,,,,,,
1789956527.3,,,,,,,,,,,,,,,,,,,
1789956529.4,,,,,,,,,,,,,,,,,,,
1789956531.5,,,,,,,,,,,,,,,,,,,
1789956533.7,,,,,,,,,,,,,,,,,,,
1789956535.8,,,,,,,,,,,,,,,,,,,
1789956537.9,,,,,,,,,,,,,,,,,,,
1789956540.0,,,,,,,,,,,,,,,,,,,
1789956542.1,,,,,,,,,,,,,,,,,,,
1789956544.2,,,,,,,,,,,,,,,,,,,
1789956546.4,,,,,,,,,,,,,,,,,,,
1789956548.5,,,,,,,,,,,,,,,,,,,
1789956550.6,,,,,,,,,,,,,,,,,,,
1789956552.7,,,,,,,,,,,,,,,,,,,
1789956554.8,,,,,,,,,,,,,,,,,,,
1789956556.9,,,,,,,,,,,,,,,,,,,
1789956559.0,,,,,,,,,,,,,,,,,,,
1789956561.2,,,,,,,,,,,,,,,,,,,
1789956563.3,,,,,,,,,,,,,,,,,,,
1789956565.4,,,,,,,,,,,,,,,,,,,
1789956567.5,,,,,,,,,,,,,,,,,,,
1789956569.6,,,,,,,,,,,,,,,,,,,
1789956571.7,,,,,,,,,,,,,,,,,,,
1789956573.9,,,,,,,,,,,,,,,,,,,
1789956576.0,,,,,,,,,,,,,,,,,,,
1789956578.1,,,,,,,,,,,,,,,,,,,
1789956580.2,,,,,,,,,,,,,,,,,,,
1789956582.3,,,,,,,,,,,,,,,,,,,
1789956584.4,,,,,,,,,,,,,,,,,,,
1789956586.5,,,,,,,,,,,,,,,,,,,
1789956588.6,,,,,,,,,,,,,,,,,,,
1789956590.7,,,,,,,,,,,,,,,,,,,
1789956592.9,,,,,,,,,,,,,,,,,,,
1789956595.0,,,,,,,,,,,,,,,,,,,
1789956597.1,,,,,,,,,,,,,,,,,,,
1789956599.2,,,,,,,,,,,,,,,,,,,
1789956601.3,,,,,,,,,,,,,,,,,,,
1789956603.4,,,,,,,,,,,,,,,,,,,
1789956605.5,,,,,,,,,,,,,,,,,,,
1789956607.6,,,,,,,,,,,,,,,,,,,
1789956609.7,,,,,,,,,,,,,,,,,,,
1789956611.8,,,,,,,,,,,,,,,,,,,
1789956613.9,,,,,,,,,,,,,,,,,,,
1789956616.0,,,,,,,,,,,,,,,,,,,
1789956618.2,,,,,,,,,,,,,,,,,,,
1789956620.3,,,,,,,,,,,,,,,,,,,
1789956622.4,,,,,,,,,,,,,,,,,,,
1789956624.5,,,,,,,,,,,,,,,,,,,
1789956626.6,,,,,,,,,,,,,,,,,,,
1789956628.7,,,,,,,,,,,,,,,,,,,
1789956630.8,,,,,,,,,,,,,,,,,,,
1789956632.9,,,,,,,,,,,,,,,,,,,
1789956635.0,,,,,,,,,,,,,,,,,,,
1789956637.1,,,,,,,,,,,,,,,,,,,
1789956639.2,,,,,,,,,,,,,,,,,,,
1789956641.3,,,,,,,,,,,,,,,,,,,
1789956643.4,,,,,,,,,,,,,,,,,,,
1789956645.5,,,,,,,,,,,,,,,,,,,
1789956647.6,,,,,,,,,,,,,,,,,,,
1789956649.7,,,,,,,,,,,,,,,,,,,
1789956651.8,,,,,,,,,,,,,,,,,,,
1789956653.9,,,,,,,,,,,,,,,,,,,
1789956656.0,,,,,,,,,,,,,,,,,,,
1789956658.1,,,,,,,,,,,,,,,,,,,
1789956660.3,,,,,,,,,,,,,,,,,,,
1789956662.4,,,,,,,,,,,,,,,,,,,
1789956664.5,,,,,,,,,,,,,,,,,,,
1789956666.6,,,,,,,,,,,,,,,,,,,
1789956668.7,,,,,,,,,,,,,,,,,,,
1789956670.8,,,,,,,,,,,,,,,,,,,
1789956672.9,,,,,,,,,,,,,,,,,,,
1789956675.0,,,,,,,,,,,,,,,,,,,
1789956677.1,,,,,,,,,,,,,,,,,,,
1789956679.2,,,,,,,,,,,,,,,,,,,
1789956681.3,,,,,,,,,,,,,,,,,,,
1789956683.4,,,,,,,,,,,,,,,,,,,
1789956685.5,,,,,,,,,,,,,,,,,,,
1789956687.6,,,,,,,,,,,,,,,,,,,
1789956689.7,,,,,,,,,,,,,,,,,,,
1789956691.8,,,,,,,,,,,,,,,,,,,
1789956693.9,,,,,,,,,,,,,,,,,,,
1789956696.0,,,,,,,,,,,,,,,,,,,
1789956698.1,,,,,,,,,,,,,,,,,,,
1789956700.2,,,,,,,,,,,,,,,,,,,
1789956702.3,,,,,,,,,,,,,,,,,,,
1789956704.4,,,,,,,,,,,,,,,,,,,
1789956706.5,,,,,,,,,,,,,,,,,,,
1789956708.7,,,,,,,,,,,,,,,,,,,
1789956710.8,,,,,,,,,,,,,,,,,,,
1789956712.9,,,,,,,,,,,,,,,,,,,
1789956715.0,,,,,,,,,,,,,,,,,,,
1789956717.1,,,,,,,,,,,,,,,,,,,
1789956719.2,,,,,,,,,,,,,,,,,,,
1789956721.3,,,,,,,,,,,,,,,,,,,
1789956723.4,,,,,,,,,,,,,,,,,,,
1789956725.5,,,,,,,,,,,,,,,,,,,
1789956727.6,,,,,,,,,,,,,,,,,,,
1789956729.7,,,,,,,,,,,,,,,,,,,
1789956731.8,,,,,,,,,,,,,,,,,,,
1789956733.9,,,,,,,,,,,,,,,,,,,
1789956736.0,,,,,,,,,,,,,,,,,,,
1789956738.1,,,,,,,,,,,,,,,,,,,
1789956740.2,,,,,,,,,,,,,,,,,,,
1789956742.4,,,,,,,,,,,,,,,,,,,
1789956744.5,,,,,,,,,,,,,,,,,,,
1789956746.6,,,,,,,,,,,,,,,,,,,
1789956748.7,,,,,,,,,,,,,,,,,,,
1789956750.8,,,,,,,,,,,,,,,,,,,
1789956752.9,,,,,,,,,,,,,,,,,,,
1789956755.0,,,,,,,,,,,,,,,,,,,
1789956757.1,,,,,,,,,,,,,,,,,,,
1789956759.2,,,,,,,,,,,,,,,,,,,
1789956761.3,,,,,,,,,,,,,,,,,,,
1789956763.4,,,,,,,,,,,,,,,,,,,
1789956765.5,,,,,,,,,,,,,,,,,,,
1789956767.6,,,,,,,,,,,,,,,,,,,
1789956769.7,,,,,,,,,,,,,,,,,,,
1789956771.8,,,,,,,,,,,,,,,,,,,
1789956773.9,,,,,,,,,,,,,,,,,,,
1789956776.0,,,,,,,,,,,,,,,,,,,
1789956778.1,,,,,,,,,,,,,,,,,,,
1789956780.2,,,,,,,,,,,,,,,,,,,
1789956782.3,,,,,,,,,,,,,,,,,,,
1789956784.4,,,,,,,,,,,,,,,,,,,
1789956786.5,,,,,,,,,,,,,,,,,,,
1789956788.6,,,,,,,,,,,,,,,,,,,
1789956790.7,,,,,,,,,,,,,,,,,,,
1789956792.8,,,,,,,,,,,,,,,,,,,
1789956794.9,,,,,,,,,,,,,,,,,,,
1789956797.1,,,,,,,,,,,,,,,,,,,
1789956799.2,,,,,,,,,,,,,,,,,,,
1789956801.3,,,,,,,,,,,,,,,,,,,
1789956803.4,,,,,,,,,,,,,,,,,,,
1789956805.5,,,,,,,,,,,,,,,,,,,
1789956807.6,,,,,,,,,,,,,,,,,,,
1789956809.7,,,,,,,,,,,,,,,,,,,
1789956811.8,,,,,,,,,,,,,,,,,,,
1789956813.9,,,,,,,,,,,,,,,,,,,
1789956816.0,,,,,,,,,,,,,,,,,,,
1789956818.1,,,,,,,,,,,,,,,,,,,
1789956820.2,,,,,,,,,,,,,,,,,,,
1789956822.3,,,,,,,,,,,,,,,,,,,
1789956824.4,,,,,,,,,,,,,,,,,,,
1789956826.5,,,,,,,,,,,,,,,,,,,
1789956828.6,,,,,,,,,,,,,,,,,,,
1789956830.7,,,,,,,,,,,,,,,,,,,
1789956832.8,,,,,,,,,,,,,,,,,,,
1789956834.9,,,,,,,,,,,,,,,,,,,
1789956837.0,,,,,,,,,,,,,,,,,,,
1789956839.1,,,,,,,,,,,,,,,,,,,
1789956841.2,,,,,,,,,,,,,,,,,,,
1789956843.4,,,,,,,,,,,,,,,,,,,
1789956845.5,,,,,,,,,,,,,,,,,,,
1789956847.6,,,,,,,,,,,,,,,,,,,
1789956849.7,,,,,,,,,,,,,,,,,,,
1789956851.8,,,,,,,,,,,,,,,,,,,
1789956853.9,,,,,,,,,,,,,,,,,,,
1789956856.0,,,,,,,,,,,,,,,,,,,
1789956858.1,,,,,,,,,,,,,,,,,,,
1789956860.2,,,,,,,,,,,,,,,,,,,
1789956862.3,,,,,,,,,,,,,,,,,,,
1789956864.4,,,,,,,,,,,,,,,,,,,
1789956866.5,,,,,,,,,,,,,,,,,,,
1789956868.6,,,,,,,,,,,,,,,,,,,
1789956870.7,,,,,,,,,,,,,,,,,,,
1789956872.8,,,,,,,,,,,,,,,,,,,
1789956874.9,,,,,,,,,,,,,,,,,,,
1789956877.0,,,,,,,,,,,,,,,,,,,
1789956879.1,,,,,,,,,,,,,,,,,,,
1789956881.3,,,,,,,,,,,,,,,,,,,
1789956883.4,,,,,,,,,,,,,,,,,,,
1789956885.5,,,,,,,,,,,,,,,,,,,
1789956887.6,,,,,,,,,,,,,,,,,,,
1789956889.7,,,,,,,,,,,,,,,,,,,
1789956891.8,,,,,,,,,,,,,,,,,,,
1789956893.9,,,,,,,,,,,,,,,,,,,
1789956896.0,,,,,,,,,,,,,,,,,,,
1789956898.1,,,,,,,,,,,,,,,,,,,
1789956900.2,,,,,,,,,,,,,,,,,,,
1789956902.4,,,,,,,,,,,,,,,,,,,
1789956904.5,,,,,,,,,,,,,,,,,,,
1789956906.6,,,,,,,,,,,,,,,,,,,
1789956908.7,,,,,,,,,,,,,,,,,,,
1789956910.8,,,,,,,,,,,,,,,,,,,
1789956912.9,,,,,,,,,,,,,,,,,,,
1789956915.0,,,,,,,,,,,,,,,,,,,
1789956917.1,,,,,,,,,,,,,,,,,,,
1789956919.2,,,,,,,,,,,,,,,,,,,
1789956921.3,,,,,,,,,,,,,,,,,,,
1789956923.4,,,,,,,,,,,,,,,,,,,
1789956925.5,,,,,,,,,,,,,,,,,,,
1789956927.6,,,,,,,,,,,,,,,,,,,
1789956929.7,,,,,,,,,,,,,,,,,,,
1789956931.8,,,,,,,,,,,,,,,,,,,
1789956933.9,,,,,,,,,,,,,,,,,,,
1789956936.0,,,,,,,,,,,,,,,,,,,
1789956938.1,,,,,,,,,,,,,,,,,,,
1789956940.2,,,,,,,,,,,,,,,,,,,
1789956942.3,,,,,,,,,,,,,,,,,,,
1789956944.5,,,,,,,,,,,,,,,,,,,
1789956946.6,,,,,,,,,,,,,,,,,,,
1789956948.7,,,,,,,,,,,,,,,,,,,
1789956950.8,,,,,,,,,,,,,,,,,,,
1789956952.9,,,,,,,,,,,,,,,,,,,
1789956955.0,,,,,,,,,,,,,,,,,,,
1789956957.1,,,,,,,,,,,,,,,,,,,
1789956959.2,,,,,,,,,,,,,,,,,,,
1789956961.3,,,,,,,,,,,,,,,,,,,
1789956963.4,,,,,,,,,,,,,,,,,,,
1789956965.5,,,,,,,,,,,,,,,,,,,
1789956967.6,,,,,,,,,,,,,,,,,,,
1789956969.7,,,,,,,,,,,,,,,,,,,
1789956971.8,,,,,,,,,,,,,,,,,,,
1789956973.9,,,,,,,,,,,,,,,,,,,
1789956976.0,,,,,,,,,,,,,,,,,,,
1789956978.1,,,,,,,,,,,,,,,,,,,
1789956980.2,,,,,,,,,,,,,,,,,,,
1789956982.3,,,,,,,,,,,,,,,,,,,
1789956984.4,,,,,,,,,,,,,,,,,,,
1789956986.5,,,,,,,,,,,,,,,,,,,
1789956988.6,,,,,,,,,,,,,,,,,,,
1789956990.7,,,,,,,,,,,,,,,,,,,
1789956992.8,,,,,,,,,,,,,,,,,,,
1789956995.0,,,,,,,,,,,,,,,,,,,
1789956997.1,,,,,,,,,,,,,,,,,,,
1789956999.2,,,,,,,,,,,,,,,,,,,
1789957001.3,,,,,,,,,,,,,,,,,,,
1789957003.4,,,,,,,,,,,,,,,,,,,
1789957005.5,,,,,,,,,,,,,,,,,,,
1789957007.6,,,,,,,,,,,,,,,,,,,
1789957009.7,,,,,,,,,,,,,,,,,,,
1789957011.8,,,,,,,,,,,,,,,,,,,
1789957013.9,,,,,,,,,,,,,,,,,,,
1789957016.0,,,,,,,,,,,,,,,,,,,
1789957018.1,,,,,,,,,,,,,,,,,,,
1789957020.2,,,,,,,,,,,,,,,,,,,
1789957022.4,,,,,,,,,,,,,,,,,,,
1789957024.5,,,,,,,,,,,,,,,,,,,
1789957026.6,,,,,,,,,,,,,,,,,,,
1789957028.7,,,,,,,,,,,,,,,,,,,
1789957030.8,,,,,,,,,,,,,,,,,,,
1789957032.9,,,,,,,,,,,,,,,,,,,
1789957035.0,,,,,,,,,,,,,,,,,,,
1789957037.1,,,,,,,,,,,,,,,,,,,
1789957039.2,,,,,,,,,,,,,,,,,,,
1789957041.3,,,,,,,,,,,,,,,,,,,
1789957043.4,,,,,,,,,,,,,,,,,,,
1789957045.5,,,,,,,,,,,,,,,,,,,
1789957047.6,,,,,,,,,,,,,,,,,,,
1789957049.7,,,,,,,,,,,,,,,,,,,
1789957051.8,,,,,,,,,,,,,,,,,,,
1789957053.9,,,,,,,,,,,,,,,,,,,
1789957056.0,,,,,,,,,,,,,,,,,,,
1789957058.1,,,,,,,,,,,,,,,,,,,
1789957060.2,,,,,,,,,,,,,,,,,,,
1789957062.3,,,,,,,,,,,,,,,,,,,
1789957064.5,,,,,,,,,,,,,,,,,,,
1789957066.6,,,,,,,,,,,,,,,,,,,
1789957068.7,,,,,,,,,,,,,,,,,,,
1789957070.8,,,,,,,,,,,,,,,,,,,
1789957072.9,,,,,,,,,,,,,,,,,,,
1789957075.0,,,,,,,,,,,,,,,,,,,
1789957077.1,,,,,,,,,,,,,,,,,,,
1789957079.2,,,,,,,,,,,,,,,,,,,
1789957081.3,,,,,,,,,,,,,,,,,,,
1789957083.4,,,,,,,,,,,,,,,,,,,
1789957085.5,,,,,,,,,,,,,,,,,,,
1789957087.6,,,,,,,,,,,,,,,,,,,
1789957089.7,,,,,,,,,,,,,,,,,,,
1789957091.8,,,,,,,,,,,,,,,,,,,
1789957093.9,,,,,,,,,,,,,,,,,,,
1789957096.0,,,,,,,,,,,,,,,,,,,
1789957098.1,,,,,,,,,,,,,,,,,,,
1789957100.2,,,,,,,,,,,,,,,,,,,
1789957102.4,,,,,,,,,,,,,,,,,,,
1789957104.5,,,,,,,,,,,,,,,,,,,
1789957106.6,,,,,,,,,,,,,,,,,,,
1789957108.7,,,,,,,,,,,,,,,,,,,
1789957110.8,,,,,,,,,,,,,,,,,,,
1789957112.9,,,,,,,,,,,,,,,,,,,
1789957115.0,,,,,,,,,,,,,,,,,,,
1789957117.1,,,,,,,,,,,,,,,,,,,
1789957119.2,,,,,,,,,,,,,,,,,,,
1789957121.3,,,,,,,,,,,,,,,,,,,
1789957123.4,,,,,,,,,,,,,,,,,,,
1789957125.5,,,,,,,,,,,,,,,,,,,
1789957127.7,,,,,,,,,,,,,,,,,,,
1789957129.8,,,,,,,,,,,,,,,,,,,
1789957131.9,,,,,,,,,,,,,,,,,,,
1789957134.0,,,,,,,,,,,,,,,,,,,
1789957136.1,,,,,,,,,,,,,,,,,,,
1789957138.2,,,,,,,,,,,,,,,,,,,
1789957140.3,,,,,,,,,,,,,,,,,,,
1789957142.4,,,,,,,,,,,,,,,,,,,
1789957144.5,,,,,,,,,,,,,,,,,,,
1789957146.6,,,,,,,,,,,,,,,,,,,
1789957148.7,,,,,,,,,,,,,,,,,,,
1789957150.8,,,,,,,,,,,,,,,,,,,
1789957152.9,,,,,,,,,,,,,,,,,,,
1789957155.0,,,,,,,,,,,,,,,,,,,
1789957157.1,,,,,,,,,,,,,,,,,,,
1789957159.2,,,,,,,,,,,,,,,,,,,
1789957161.3,,,,,,,,,,,,,,,,,,,
1789957163.4,,,,,,,,,,,,,,,,,,,
1789957165.5,,,,,,,,,,,,,,,,,,,
1789957167.6,,,,,,,,,,,,,,,,,,,
1789957169.7,,,,,,,,,,,,,,,,,,,
1789957171.8,,,,,,,,,,,,,,,,,,,
1789957173.9,,,,,,,,,,,,,,,,,,,
1789957176.0,,,,,,,,,,,,,,,,,,,
1789957178.1,,,,,,,,,,,,,,,,,,,
1789957180.2,,,,,,,,,,,,,,,,,,,
1789957182.4,,,,,,,,,,,,,,,,,,,
1789957184.5,,,,,,,,,,,,,,,,,,,
1789957186.6,,,,,,,,,,,,,,,,,,,
1789957188.7,,,,,,,,,,,,,,,,,,,
1789957190.8,,,,,,,,,,,,,,,,,,,
1789957192.9,,,,,,,,,,,,,,,,,,,
1789957195.0,,,,,,,,,,,,,,,,,,,
1789957197.1,,,,,,,,,,,,,,,,,,,
1789957199.2,,,,,,,,,,,,,,,,,,,
1789957201.3,,,,,,,,,,,,,,,,,,,
1789957203.4,,,,,,,,,,,,,,,,,,,
1789957205.5,,,,,,,,,,,,,,,,,,,
1789957207.6,,,,,,,,,,,,,,,,,,,
1789957209.7,,,,,,,,,,,,,,,,,,,
1789957211.8,,,,,,,,,,,,,,,,,,,
1789957213.9,,,,,,,,,,,,,,,,,,,
1789957216.0,,,,,,,,,,,,,,,,,,,
1789957218.1,,,,,,,,,,,,,,,,,,,
1789957220.2,,,,,,,,,,,,,,,,,,,
1789957222.3,,,,,,,,,,,,,,,,,,,
1789957224.4,,,,,,,,,,,,,,,,,,,
1789957226.5,,,,,,,,,,,,,,,,,,,
1789957228.6,,,,,,,,,,,,,,,,,,,
1789957230.7,,,,,,,,,,,,,,,,,,,
1789957232.8,,,,,,,,,,,,,,,,,,,
1789957235.0,,,,,,,,,,,,,,,,,,,
1789957237.1,,,,,,,,,,,,,,,,,,,
1789957239.2,,,,,,,,,,,,,,,,,,,
1789957241.3,,,,,,,,,,,,,,,,,,,
1789957243.4,,,,,,,,,,,,,,,,,,,
1789957245.5,,,,,,,,,,,,,,,,,,,
1789957247.6,,,,,,,,,,,,,,,,,,,
1789957249.7,,,,,,,,,,,,,,,,,,,
1789957251.8,,,,,,,,,,,,,,,,,,,
1789957253.9,,,,,,,,,,,,,,,,,,,
1789957256.0,,,,,,,,,,,,,,,,,,,
1789957258.1,,,,,,,,,,,,,,,,,,,
1789957260.2,,,,,,,,,,,,,,,,,,,
1789957262.3,,,,,,,,,,,,,,,,,,,
1789957264.4,,,,,,,,,,,,,,,,,,,
1789957266.5,,,,,,,,,,,,,,,,,,,
1789957268.6,,,,,,,,,,,,,,,,,,,
1789957270.7,,,,,,,,,,,,,,,,,,,
1789957272.8,,,,,,,,,,,,,,,,,,,
1789957274.9,,,,,,,,,,,,,,,,,,,
1789957277.0,,,,,,,,,,,,,,,,,,,
1789957279.2,,,,,,,,,,,,,,,,,,,
1789957281.3,,,,,,,,,,,,,,,,,,,
1789957283.4,,,,,,,,,,,,,,,,,,,
1789957285.5,,,,,,,,,,,,,,,,,,,
1789957287.6,,,,,,,,,,,,,,,,,,,
1789957289.7,,,,,,,,,,,,,,,,,,,
1789957291.8,,,,,,,,,,,,,,,,,,,
1789957293.9,,,,,,,,,,,,,,,,,,,
1789957296.0,,,,,,,,,,,,,,,,,,,
1789957298.1,,,,,,,,,,,,,,,,,,,
1789957300.2,,,,,,,,,,,,,,,,,,,
1789957302.3,,,,,,,,,,,,,,,,,,,
1789957304.4,,,,,,,,,,,,,,,,,,,
1789957306.5,,,,,,,,,,,,,,,,,,,
1789957308.6,,,,,,,,,,,,,,,,,,,
1789957310.7,,,,,,,,,,,,,,,,,,,
1789957312.8,,,,,,,,,,,,,,,,,,,
1789957314.9,,,,,,,,,,,,,,,,,,,
1789957317.0,,,,,,,,,,,,,,,,,,,
1789957319.1,,,,,,,,,,,,,,,,,,,
1789957321.2,,,,,,,,,,,,,,,,,,,
1789957323.3,,,,,,,,,,,,,,,,,,,
1789957325.4,,,,,,,,,,,,,,,,,,,
1789957327.5,,,,,,,,,,,,,,,,,,,
1789957329.7,,,,,,,,,,,,,,,,,,,
1789957331.8,,,,,,,,,,,,,,,,,,,
1789957333.9,,,,,,,,,,,,,,,,,,,
1789957336.0,,,,,,,,,,,,,,,,,,,
1789957338.1,,,,,,,,,,,,,,,,,,,
1789957340.2,,,,,,,,,,,,,,,,,,,
1789957342.3,,,,,,,,,,,,,,,,,,,
1789957344.5,,,,,,,,,,,,,,,,,,,
1789957346.6,,,,,,,,,,,,,,,,,,,
1789957348.7,,,,,,,,,,,,,,,,,,,
1789957350.8,,,,,,,,,,,,,,,,,,,
1789957352.9,,,,,,,,,,,,,,,,,,,
1789957355.0,,,,,,,,,,,,,,,,,,,
1789957357.1,,,,,,,,,,,,,,,,,,,
1789957359.2,,,,,,,,,,,,,,,,,,,
1789957361.3,,,,,,,,,,,,,,,,,,,
1789957363.4,,,,,,,,,,,,,,,,,,,
1789957365.5,,,,,,,,,,,,,,,,,,,
1789957367.6,,,,,,,,,,,,,,,,,,,
1789957369.8,,,,,,,,,,,,,,,,,,,
1789957371.9,,,,,,,,,,,,,,,,,,,
1789957374.0,,,,,,,,,,,,,,,,,,,
1789957376.1,,,,,,,,,,,,,,,,,,,
1789957378.2,,,,,,,,,,,,,,,,,,,
1789957380.3,,,,,,,,,,,,,,,,,,,
1789957382.4,,,,,,,,,,,,,,,,,,,
1789957384.5,,,,,,,,,,,,,,,,,,,
1789957386.6,,,,,,,,,,,,,,,,,,,
1789957388.7,,,,,,,,,,,,,,,,,,,
1789957390.8,,,,,,,,,,,,,,,,,,,
1789957392.9,,,,,,,,,,,,,,,,,,,
1789957395.0,,,,,,,,,,,,,,,,,,,
1789957397.1,,,,,,,,,,,,,,,,,,,
1789957399.2,,,,,,,,,,,,,,,,,,,
1789957401.3,,,,,,,,,,,,,,,,,,,
1789957403.4,,,,,,,,,,,,,,,,,,,
1789957405.5,,,,,,,,,,,,,,,,,,,
1789957407.6,,,,,,,,,,,,,,,,,,,
1789957409.7,,,,,,,,,,,,,,,,,,,
1789957411.8,,,,,,,,,,,,,,,,,,,
1789957413.9,,,,,,,,,,,,,,,,,,,
1789957416.0,,,,,,,,,,,,,,,,,,,
1789957418.1,,,,,,,,,,,,,,,,,,,
1789957420.2,,,,,,,,,,,,,,,,,,,
1789957422.3,,,,,,,,,,,,,,,,,,,
1789957424.4,,,,,,,,,,,,,,,,,,,
1789957426.6,,,,,,,,,,,,,,,,,,,
1789957428.7,,,,,,,,,,,,,,,,,,,
1789957430.8,,,,,,,,,,,,,,,,,,,
1789957432.9,,,,,,,,,,,,,,,,,,,
1789957435.0,,,,,,,,,,,,,,,,,,,
1789957437.1,,,,,,,,,,,,,,,,,,,
1789957439.2,,,,,,,,,,,,,,,,,,,
1789957441.3,,,,,,,,,,,,,,,,,,,
1789957443.4,,,,,,,,,,,,,,,,,,,
1789957445.5,,,,,,,,,,,,,,,,,,,
1789957447.6,,,,,,,,,,,,,,,,,,,
1789957449.7,,,,,,,,,,,,,,,,,,,
1789957451.8,,,,,,,,,,,,,,,,,,,
1789957453.9,,,,,,,,,,,,,,,,,,,
1789957456.0,,,,,,,,,,,,,,,,,,,
1789957458.1,,,,,,,,,,,,,,,,,,,
1789957460.2,,,,,,,,,,,,,,,,,,,
1789957462.3,,,,,,,,,,,,,,,,,,,
1789957464.4,,,,,,,,,,,,,,,,,,,
1789957466.5,,,,,,,,,,,,,,,,,,,
1789957468.6,,,,,,,,,,,,,,,,,,,
1789957470.7,,,,,,,,,,,,,,,,,,,
1789957472.8,,,,,,,,,,,,,,,,,,,
1789957474.9,,,,,,,,,,,,,,,,,,,
1789957477.0,,,,,,,,,,,,,,,,,,,
1789957479.2,,,,,,,,,,,,,,,,,,,
1789957481.3,,,,,,,,,,,,,,,,,,,
1789957483.4,,,,,,,,,,,,,,,,,,,
1789957485.5,,,,,,,,,,,,,,,,,,,
1789957487.6,,,,,,,,,,,,,,,,,,,
1789957489.7,,,,,,,,,,,,,,,,,,,
1789957491.8,,,,,,,,,,,,,,,,,,,
1789957493.9,,,,,,,,,,,,,,,,,,,
1789957496.0,,,,,,,,,,,,,,,,,,,
1789957498.1,,,,,,,,,,,,,,,,,,,
1789957500.3,,,,,,,,,,,,,,,,,,,
1789957502.4,,,,,,,,,,,,,,,,,,,
1789957504.5,,,,,,,,,,,,,,,,,,,
1789957506.6,,,,,,,,,,,,,,,,,,,
1789957508.7,,,,,,,,,,,,,,,,,,,
1789957510.8,,,,,,,,,,,,,,,,,,,
1789957512.9,,,,,,,,,,,,,,,,,,,
1789957515.0,,,,,,,,,,,,,,,,,,,
1789957517.1,,,,,,,,,,,,,,,,,,,
1789957519.3,,,,,,,,,,,,,,,,,,,
1789957521.4,,,,,,,,,,,,,,,,,,,
1789957523.5,,,,,,,,,,,,,,,,,,,
1789957525.6,,,,,,,,,,,,,,,,,,,
1789957527.7,,,,,,,,,,,,,,,,,,,
1789957529.8,,,,,,,,,,,,,,,,,,,
1789957531.9,,,,,,,,,,,,,,,,,,,
1789957534.0,,,,,,,,,,,,,,,,,,,
1789957536.1,,,,,,,,,,,,,,,,,,,
1789957538.2,,,,,,,,,,,,,,,,,,,
1789957540.3,,,,,,,,,,,,,,,,,,,
1789957542.4,,,,,,,,,,,,,,,,,,,
1789957544.5,,,,,,,,,,,,,,,,,,,
1789957546.7,,,,,,,,,,,,,,,,,,,
1789957548.8,,,,,,,,,,,,,,,,,,,
1789957550.9,,,,,,,,,,,,,,,,,,,
1789957553.0,,,,,,,,,,,,,,,,,,,
1789957555.1,,,,,,,,,,,,,,,,,,,
1789957557.2,,,,,,,,,,,,,,,,,,,
1789957559.3,,,,,,,,,,,,,,,,,,,
1789957561.4,,,,,,,,,,,,,,,,,,,
1789957563.5,,,,,,,,,,,,,,,,,,,
1789957565.6,,,,,,,,,,,,,,,,,,,
1789957567.7,,,,,,,,,,,,,,,,,,,
1789957569.8,,,,,,,,,,,,,,,,,,,
1789957571.9,,,,,,,,,,,,,,,,,,,
1789957574.0,,,,,,,,,,,,,,,,,,,
1789957576.1,,,,,,,,,,,,,,,,,,,
1789957578.2,,,,,,,,,,,,,,,,,,,
1789957580.3,,,,,,,,,,,,,,,,,,,
1789957582.4,,,,,,,,,,,,,,,,,,,
1789957584.5,,,,,,,,,,,,,,,,,,,
1789957586.6,,,,,,,,,,,,,,,,,,,
1789957588.8,,,,,,,,,,,,,,,,,,,
1789957590.9,,,,,,,,,,,,,,,,,,,
1789957593.0,,,,,,,,,,,,,,,,,,,
1789957595.1,,,,,,,,,,,,,,,,,,,
1789957597.2,,,,,,,,,,,,,,,,,,,
1789957599.3,,,,,,,,,,,,,,,,,,,
1789957601.4,,,,,,,,,,,,,,,,,,,
1789957603.5,,,,,,,,,,,,,,,,,,,
1789957605.6,,,,,,,,,,,,,,,,,,,
1789957607.7,,,,,,,,,,,,,,,,,,,
1789957609.8,,,,,,,,,,,,,,,,,,,
1789957611.9,,,,,,,,,,,,,,,,,,,
1789957614.0,,,,,,,,,,,,,,,,,,,
1789957616.1,,,,,,,,,,,,,,,,,,,
1789957618.3,,,,,,,,,,,,,,,,,,,
1789957620.4,,,,,,,,,,,,,,,,,,,
1789957622.5,,,,,,,,,,,,,,,,,,,
1789957624.6,,,,,,,,,,,,,,,,,,,
1789957626.7,,,,,,,,,,,,,,,,,,,
1789957628.8,,,,,,,,,,,,,,,,,,,
1789957630.9,,,,,,,,,,,,,,,,,,,
1789957633.0,,,,,,,,,,,,,,,,,,,
1789957635.1,,,,,,,,,,,,,,,,,,,
1789957637.2,,,,,,,,,,,,,,,,,,,
1789957639.3,,,,,,,,,,,,,,,,,,,
1789957641.4,,,,,,,,,,,,,,,,,,,
1789957643.5,,,,,,,,,,,,,,,,,,,
1789957645.6,,,,,,,,,,,,,,,,,,,
1789957647.7,,,,,,,,,,,,,,,,,,,
1789957649.8,,,,,,,,,,,,,,,,,,,
1789957651.9,,,,,,,,,,,,,,,,,,,
1789957654.0,,,,,,,,,,,,,,,,,,,
1789957656.1,,,,,,,,,,,,,,,,,,,
1789957658.2,,,,,,,,,,,,,,,,,,,
1789957660.3,,,,,,,,,,,,,,,,,,,
1789957662.4,,,,,,,,,,,,,,,,,,,
1789957664.6,,,,,,,,,,,,,,,,,,,
1789957666.7,,,,,,,,,,,,,,,,,,,
1789957668.8,,,,,,,,,,,,,,,,,,,
1789957670.9,,,,,,,,,,,,,,,,,,,
1789957673.0,,,,,,,,,,,,,,,,,,,
1789957675.1,,,,,,,,,,,,,,,,,,,
1789957677.2,,,,,,,,,,,,,,,,,,,
1789957679.3,,,,,,,,,,,,,,,,,,,
1789957681.4,,,,,,,,,,,,,,,,,,,
1789957683.5,,,,,,,,,,,,,,,,,,,
1789957685.6,,,,,,,,,,,,,,,,,,,
1789957687.7,,,,,,,,,,,,,,,,,,,
1789957689.8,,,,,,,,,,,,,,,,,,,
1789957691.9,,,,,,,,,,,,,,,,,,,
1789957694.0,,,,,,,,,,,,,,,,,,,
1789957696.1,,,,,,,,,,,,,,,,,,,
1789957698.2,,,,,,,,,,,,,,,,,,,
1789957700.3,,,,,,,,,,,,,,,,,,,
1789957702.4,,,,,,,,,,,,,,,,,,,
1789957704.5,,,,,,,,,,,,,,,,,,,
1789957706.6,,,,,,,,,,,,,,,,,,,
1789957708.8,,,,,,,,,,,,,,,,,,,
1789957710.9,,,,,,,,,,,,,,,,,,,
1789957713.0,,,,,,,,,,,,,,,,,,,
1789957715.1,,,,,,,,,,,,,,,,,,,
1789957717.2,,,,,,,,,,,,,,,,,,,
1789957719.3,,,,,,,,,,,,,,,,,,,
1789957721.4,,,,,,,,,,,,,,,,,,,
1789957723.5,,,,,,,,,,,,,,,,,,,
1789957725.6,,,,,,,,,,,,,,,,,,,
1789957727.7,,,,,,,,,,,,,,,,,,,
1789957729.8,,,,,,,,,,,,,,,,,,,
1789957731.9,,,,,,,,,,,,,,,,,,,
1789957734.0,,,,,,,,,,,,,,,,,,,
1789957736.1,,,,,,,,,,,,,,,,,,,
1789957738.2,,,,,,,,,,,,,,,,,,,
1789957740.3,,,,,,,,,,,,,,,,,,,
1789957742.4,,,,,,,,,,,,,,,,,,,
1789957744.5,,,,,,,,,,,,,,,,,,,
1789957746.6,,,,,,,,,,,,,,,,,,,
1789957748.7,,,,,,,,,,,,,,,,,,,
1789957750.9,,,,,,,,,,,,,,,,,,,
1789957753.0,,,,,,,,,,,,,,,,,,,
1789957755.1,,,,,,,,,,,,,,,,,,,
1789957757.2,,,,,,,,,,,,,,,,,,,
1789957759.3,,,,,,,,,,,,,,,,,,,
1789957761.4,,,,,,,,,,,,,,,,,,,
1789957763.5,,,,,,,,,,,,,,,,,,,
1789957765.6,,,,,,,,,,,,,,,,,,,
1789957767.7,,,,,,,,,,,,,,,,,,,
1789957769.8,,,,,,,,,,,,,,,,,,,
1789957771.9,,,,,,,,,,,,,,,,,,,
1789957772.0,,,,,,,,,,,,,,,,,,,
