ts,kv_cache_usage_perc,num_requests_running,num_requests_waiting,num_preemptions_total,cum_prefix_cache_queries,cum_prefix_cache_hits,interval_queries,interval_hits,interval_hit_rate
1790763098.2,0.0,0.0,0.0,867.0,247048567,70442768,0,0,
1790763100.3,0.0,0.0,0.0,867.0,247048567,70442768,0,0,
1790763102.3,0.0,0.0,0.0,867.0,247048567,70442768,0,0,
1790763104.4,0.0,0.0,0.0,867.0,247048567,70442768,0,0,
1790763106.4,0.0,0.0,0.0,867.0,247048567,70442768,0,0,
1790763108.4,0.0,0.0,0.0,867.0,247048567,70442768,0,0,
1790763110.5,0.0,0.0,0.0,867.0,247048567,70442768,0,0,
1790763112.5,0.0,0.0,0.0,867.0,247048567,70442768,0,0,
1790763114.5,0.0,0.0,0.0,867.0,247048567,70442768,0,0,
1790763116.6,0.0,0.0,0.0,867.0,247048567,70442768,0,0,
1790763118.6,0.0,0.0,0.0,867.0,247048567,70442768,0,0,
1790763120.7,0.0,0.0,0.0,867.0,247048567,70442768,0,0,
1790763122.7,0.0,0.0,0.0,867.0,247048567,70442768,0,0,
1790763124.8,0.0,0.0,0.0,867.0,247048567,70442768,0,0,
1790763126.8,0.0,0.0,0.0,867.0,247048567,70442768,0,0,
1790763128.9,0.0,0.0,0.0,867.0,247048567,70442768,0,0,
1790763130.9,0.0,0.0,0.0,867.0,247048567,70442768,0,0,
1790763132.9,0.0,0.0,0.0,867.0,247048567,70442768,0,0,
1790763135.0,0.0,0.0,0.0,867.0,247048567,70442768,0,0,
1790763137.0,0.0,0.0,0.0,867.0,247048567,70442768,0,0,
1790763139.1,0.0,0.0,0.0,867.0,247048567,70442768,0,0,
1790763141.1,0.0,0.0,0.0,867.0,247048567,70442768,0,0,
1790763143.1,0.0,0.0,0.0,867.0,247048567,70442768,0,0,
1790763145.2,0.0,0.0,0.0,867.0,247048567,70442768,0,0,
1790763147.2,0.0,0.0,0.0,867.0,247048567,70442768,0,0,
1790763149.3,0.0,0.0,0.0,867.0,247048567,70442768,0,0,
1790763151.3,0.0,0.0,0.0,867.0,247048567,70442768,0,0,
1790763153.3,0.0,0.0,0.0,867.0,247048567,70442768,0,0,
1790763155.4,0.0,0.0,0.0,867.0,247048567,70442768,0,0,
1790763157.4,0.0,0.0,0.0,867.0,247048567,70442768,0,0,
1790763159.5,0.0,0.0,0.0,867.0,247048567,70442768,0,0,
1790763161.5,0.0,0.0,0.0,867.0,247048567,70442768,0,0,
1790763163.5,0.0,0.0,0.0,867.0,247048567,70442768,0,0,
1790763165.6,0.0,0.0,0.0,867.0,247048567,70442768,0,0,
1790763167.6,0.0,0.0,0.0,867.0,247048567,70442768,0,0,
1790763169.7,0.0,0.0,0.0,867.0,247048567,70442768,0,0,
1790763171.7,0.0,0.0,0.0,867.0,247048567,70442768,0,0,
1790763173.7,0.0,0.0,0.0,867.0,247048567,70442768,0,0,
1790763175.8,0.0,0.0,0.0,867.0,247048567,70442768,0,0,
1790763177.8,0.0,0.0,0.0,867.0,247048567,70442768,0,0,
1790763179.9,0.0,0.0,0.0,867.0,247048567,70442768,0,0,
1790763181.9,0.0,0.0,0.0,867.0,247048567,70442768,0,0,
1790763183.9,0.0,0.0,0.0,867.0,247048567,70442768,0,0,
1790763186.0,0.0,0.0,0.0,867.0,247048567,70442768,0,0,
1790763188.0,0.0,0.0,0.0,867.0,247048567,70442768,0,0,
1790763190.1,0.0,0.0,0.0,867.0,247048567,70442768,0,0,
1790763192.1,0.0,0.0,0.0,867.0,247048567,70442768,0,0,
1790763194.1,0.0,0.0,0.0,867.0,247048567,70442768,0,0,
1790763196.2,0.0,0.0,0.0,867.0,247048567,70442768,0,0,
1790763198.2,0.034410001859613515,16.0,32.0,867.0,247171088,70442768,122521,0,0.0
1790763200.3,0.0631267255067447,14.0,61.0,867.0,247221449,70442768,50361,0,0.0
1790763202.4,0.09368875792123821,12.0,92.0,867.0,247299476,70442768,78027,0,0.0
1790763204.5,0.1219334258371837,21.0,114.0,867.0,247364724,70442768,65248,0,0.0
1790763206.6,0.15454103308681533,34.0,119.0,867.0,247422361,70442768,57637,0,0.0
1790763208.7,0.18754917247199854,26.0,138.0,867.0,247491386,70442768,69025,0,0.0
1790763210.8,0.2246198520892042,18.0,161.0,867.0,247619904,70442768,128518,0,0.0
1790763212.9,0.2569842791136796,17.0,168.0,867.0,247654665,70442768,34761,0,0.0
1790763214.9,0.29690159783712644,28.0,160.0,867.0,247755502,70442768,100837,0,0.0
1790763217.0,0.33533837813094536,28.0,159.0,867.0,247875388,70442768,119886,0,0.0
1790763219.1,0.37070679617205715,25.0,163.0,867.0,247935145,70442768,59757,0,0.0
1790763221.2,0.39857954139070484,26.0,165.0,867.0,247976668,70442768,41523,0,0.0
1790763223.3,0.4374597679774558,30.0,162.0,867.0,248065025,70442768,88357,0,0.0
1790763225.3,0.47930822378302607,31.0,159.0,867.0,248178301,70442768,113276,0,0.0
1790763227.4,0.5154705537356774,47.0,146.0,867.0,248252115,70442768,73814,0,0.0
1790763229.5,0.5430500522122248,44.0,148.0,867.0,248310763,70442768,58648,0,0.0
1790763231.6,0.576995150700216,35.0,156.0,867.0,248402579,70442768,91816,0,0.0
1790763233.7,0.6134435750354041,43.0,150.0,867.0,248486046,70442768,83467,0,0.0
1790763235.7,0.6497060380219435,49.0,143.0,867.0,248572737,70442768,86691,0,0.0
1790763237.8,0.6814839715622183,52.0,138.0,867.0,248665039,70442768,92302,0,0.0
1790763239.9,0.6773141459367445,47.0,141.0,867.0,248705958,70442768,40919,0,0.0
1790763242.0,0.712675411618293,49.0,139.0,867.0,248790593,70442768,84635,0,0.0
1790763244.0,0.724498261976626,47.0,141.0,867.0,248881882,70442768,91289,0,0.0
1790763246.1,0.7225242107371221,46.0,143.0,867.0,248947211,70442768,65329,0,0.0
1790763248.2,0.7432589011114767,44.0,147.0,867.0,249033065,70442768,85854,0,0.0
1790763250.3,0.776031012631067,48.0,144.0,867.0,249093497,70443152,60432,384,0.0064
1790763252.4,0.8051482684137496,52.0,141.0,867.0,249257811,70443152,164314,0,0.0
1790763254.4,0.8216344572074328,47.0,142.0,867.0,249257811,70443152,0,0,
1790763256.5,0.8324345201481969,46.0,146.0,867.0,249257811,70443152,0,0,
1790763258.6,0.839758536341139,46.0,147.0,867.0,249257811,70443152,0,0,
1790763260.7,0.8507660177092423,47.0,145.0,867.0,249292490,70443616,34679,464,0.0134
1790763262.7,0.8871786802466134,51.0,142.0,867.0,249378516,70443616,86026,0,0.0
1790763264.8,0.9162458695123521,51.0,142.0,867.0,249427941,70443616,49425,0,0.0
1790763266.9,0.9455347819245569,53.0,141.0,867.0,249494018,70443616,66077,0,0.0
1790763268.9,0.9779135136681592,51.0,143.0,867.0,249556691,70443616,62673,0,0.0
1790763271.0,0.9611841446493198,51.0,141.0,867.0,249651585,70443616,94894,0,0.0
1790763273.1,0.9840573905331369,53.0,140.0,867.0,249652369,70443616,784,0,0.0
1790763275.2,0.9889996709914601,52.0,139.0,867.0,249703635,70443616,51266,0,0.0
1790763277.3,0.9765188035532922,53.0,139.0,867.0,249773442,70443616,69807,0,0.0
1790763279.4,0.9804025347962293,54.0,139.0,867.0,249866398,70443616,92956,0,0.0
1790763281.5,0.9277325589712047,48.0,140.0,867.0,249968682,70443616,102284,0,0.0
1790763283.6,0.9347132619051025,47.0,142.0,867.0,249968682,70443616,0,0,
1790763285.7,0.9233982290757721,46.0,142.0,867.0,249968682,70443616,0,0,
1790763287.7,0.9260159926759838,49.0,142.0,867.0,250057924,70443616,89242,0,0.0
1790763289.8,0.9364512852790136,50.0,144.0,867.0,250090343,70443632,32419,16,0.0005
1790763291.9,0.9506344142932753,52.0,141.0,867.0,250174040,70443632,83697,0,0.0
1790763294.0,0.9675139828629464,49.0,143.0,867.0,250263407,70443632,89367,0,0.0
1790763296.1,0.9858168709857382,49.0,144.0,867.0,250263407,70443632,0,0,
1790763298.2,0.9562704736292503,47.0,145.0,867.0,250298573,70443632,35166,0,0.0
1790763300.2,0.9689229976969402,48.0,145.0,867.0,250373761,70443648,75188,16,0.0002
1790763302.3,0.999914171685239,49.0,145.0,867.0,250405535,70443648,31774,0,0.0
1790763304.4,0.9820332727766891,48.0,145.0,902.0,250448248,70443648,42713,0,0.0
1790763306.5,0.953252177893487,47.0,144.0,902.0,250538030,70443648,89782,0,0.0
1790763308.5,0.9672994120760439,47.0,146.0,902.0,250596031,70443664,58001,16,0.0003
1790763310.6,0.974573361752042,49.0,144.0,902.0,250630417,70443664,34386,0,0.0
1790763312.7,0.9870828386284636,47.0,148.0,902.0,250630417,70443664,0,0,
1790763314.8,0.9805384296279342,48.0,146.0,902.0,250706065,70443664,75648,0,0.0
1790763317.0,0.962514483528116,47.0,145.0,902.0,250811595,70443664,105530,0,0.0
1790763319.1,0.9916675011086157,48.0,147.0,902.0,250811595,70443664,0,0,
1790763321.2,0.9716909608479838,46.0,147.0,902.0,250854638,70443664,43043,0,0.0
1790763323.3,0.997410845838042,47.0,148.0,902.0,250909317,70443680,54679,16,0.0003
1790763325.4,0.9486317536155178,44.0,147.0,902.0,251061307,70443680,151990,0,0.0
1790763327.5,0.9669131846596192,44.0,151.0,902.0,251061307,70443680,0,0,
1790763329.5,0.9815469123263765,44.0,151.0,902.0,251061307,70443680,0,0,
1790763331.6,0.9925329366157896,44.0,152.0,902.0,251061307,70443680,0,0,
1790763333.7,0.9986696611212039,44.0,152.0,902.0,251061307,70443680,0,0,
1790763335.8,0.9725993105125381,43.0,152.0,902.0,251161514,70443680,100207,0,0.0
1790763337.9,0.971576523094969,43.0,153.0,902.0,251163826,70443680,2312,0,0.0
1790763340.0,0.9714120188250104,42.0,153.0,902.0,251163826,70443680,0,0,
1790763342.0,0.9606477176820634,41.0,153.0,902.0,251247557,70443680,83731,0,0.0
1790763344.2,0.9635587280243753,42.0,153.0,902.0,251276516,70443680,28959,0,0.0
1790763346.2,0.9646315819588882,41.0,153.0,902.0,251332275,70443696,55759,16,0.0003
1790763348.3,0.9902799433533123,42.0,152.0,902.0,251393157,70443696,60882,0,0.0
1790763350.4,0.9829630795199337,41.0,153.0,902.0,251418458,70443696,25301,0,0.0
1790763352.5,0.9607406983563878,40.0,153.0,902.0,251471795,70443696,53337,0,0.0
1790763354.5,0.9246928061567511,42.0,152.0,902.0,251556079,70443696,84284,0,0.0
1790763356.6,0.950133749123836,43.0,152.0,902.0,251641613,70443696,85534,0,0.0
1790763358.7,0.9794369662551676,44.0,151.0,902.0,251678378,70443696,36765,0,0.0
1790763360.8,0.947086843949819,42.0,151.0,902.0,251737980,70443696,59602,0,0.0
1790763362.8,0.9558484844150085,43.0,151.0,902.0,251786773,70443696,48793,0,0.0
1790763364.9,0.9851445491867767,44.0,151.0,902.0,251841135,70443696,54362,0,0.0
1790763367.0,0.9648032385884103,45.0,148.0,902.0,251901023,70443696,59888,0,0.0
1790763369.1,0.9401705122519919,45.0,149.0,902.0,252048029,70443696,147006,0,0.0
1790763371.1,0.9225041841303446,43.0,149.0,902.0,252048029,70443696,0,0,
1790763373.2,0.9369519504484529,43.0,149.0,902.0,252076281,70443696,28252,0,0.0
1790763375.3,0.9772411918691977,45.0,149.0,902.0,252169072,70443696,92791,0,0.0
1790763377.4,0.9760252907434163,45.0,150.0,902.0,252205952,70443696,36880,0,0.0
1790763379.4,0.9626932925172014,44.0,150.0,902.0,252262290,70443712,56338,16,0.0003
1790763381.5,0.988334501552062,45.0,150.0,902.0,252323755,70443712,61465,0,0.0
1790763383.6,0.9890854993062211,45.0,150.0,902.0,252374588,70443712,50833,0,0.0
1790763385.7,0.9781280844550617,45.0,149.0,902.0,252454634,70443712,80046,0,0.0
1790763387.7,0.9883917204285694,45.0,149.0,902.0,252454634,70443712,0,0,
1790763389.8,0.977877751870342,45.0,149.0,902.0,252598834,70443712,144200,0,0.0
1790763391.9,0.976039595462543,45.0,148.0,902.0,252598834,70443712,0,0,
1790763394.0,0.9724491109617063,45.0,150.0,902.0,252653636,70443712,54802,0,0.0
1790763396.0,0.9828557941264823,45.0,149.0,902.0,252696482,70443712,42846,0,0.0
1790763398.1,0.9881986067203571,45.0,150.0,902.0,252696482,70443712,0,0,
1790763400.2,0.9985409186490624,45.0,149.0,902.0,252757622,70443728,61140,16,0.0003
1790763402.3,0.9820332727766891,44.0,150.0,902.0,252809433,70443728,51811,0,0.0
1790763404.3,0.9508847468779951,41.0,150.0,902.0,252867436,70443728,58003,0,0.0
1790763406.4,0.9765116511937288,42.0,153.0,902.0,252978905,70443744,111469,16,0.0001
1790763408.5,0.9736435550087974,42.0,153.0,902.0,252978905,70443744,0,0,
1790763410.6,0.9806814768192027,42.0,152.0,902.0,253028147,70443744,49242,0,0.0
1790763412.7,0.9774200008582832,42.0,151.0,902.0,253111473,70443744,83326,0,0.0
1790763414.7,0.9819331397428012,41.0,152.0,902.0,253111473,70443744,0,0,
1790763416.8,0.9812536655842763,40.0,155.0,902.0,253173255,70443744,61782,0,0.0
1790763418.9,0.9717624844436179,40.0,154.0,902.0,253210340,70443744,37085,0,0.0
1790763421.0,0.9455133248458667,40.0,153.0,902.0,253276877,70443744,66537,0,0.0
1790763423.0,0.9748093896176349,41.0,154.0,902.0,253361374,70443744,84497,0,0.0
1790763425.2,0.9910953123435421,41.0,154.0,902.0,253361374,70443744,0,0,
1790763427.3,0.918219920751856,38.0,154.0,902.0,253427259,70443744,65885,0,0.0
1790763429.4,0.9365299612342112,39.0,154.0,902.0,253529802,70443744,102543,0,0.0
1790763431.5,0.9621425608308181,39.0,156.0,902.0,253529802,70443744,0,0,
1790763433.6,0.9768192026549559,39.0,156.0,902.0,253529802,70443744,0,0,
1790763435.7,0.9809532664826126,40.0,155.0,902.0,253602503,70443744,72701,0,0.0
1790763437.7,0.9892857653739969,40.0,154.0,902.0,253654926,70443744,52423,0,0.0
1790763439.8,0.9637446893730242,39.0,154.0,902.0,253720725,70443744,65799,0,0.0
1790763441.9,0.985745347390104,40.0,154.0,902.0,253760741,70443744,40016,0,0.0
1790763443.9,0.9758965482712747,40.0,153.0,902.0,253850573,70443760,89832,16,0.0002
1790763446.0,0.9716337419714763,40.0,153.0,902.0,253850573,70443760,0,0,
1790763448.1,0.9804454489536097,40.0,153.0,902.0,253940540,70443760,89967,0,0.0
1790763450.2,0.9805813437853148,40.0,153.0,902.0,253940540,70443760,0,0,
1790763452.3,0.9812608179438397,40.0,153.0,902.0,253997138,70443776,56598,16,0.0003
1790763454.4,0.9593531406010843,40.0,153.0,902.0,254107194,70443792,110056,16,0.0001
1790763456.5,0.9700244610697069,39.0,154.0,902.0,254107194,70443792,0,0,
1790763458.6,0.9526656844092867,38.0,154.0,902.0,254191142,70443792,83948,0,0.0
1790763460.6,0.9810319424378102,39.0,156.0,902.0,254287834,70443792,96692,0,0.0
1790763462.7,0.9750811792810448,39.0,156.0,902.0,254335792,70443792,47958,0,0.0
1790763464.8,0.9917175676255596,40.0,155.0,902.0,254424563,70443792,88771,0,0.0
1790763466.9,0.9816899595176449,39.0,156.0,902.0,254457876,70443792,33313,0,0.0
1790763468.9,0.9467864448481554,37.0,157.0,902.0,254556376,70443808,98500,16,0.0002
1790763471.0,0.9614344772340395,37.0,157.0,902.0,254556376,70443808,0,0,
1790763473.1,0.9556124565494156,37.0,157.0,902.0,254592177,70443808,35801,0,0.0
1790763475.1,0.9864176691890655,39.0,155.0,902.0,254656802,70443808,64625,0,0.0
1790763477.2,0.9810533995165005,39.0,156.0,902.0,254727234,70443808,70432,0,0.0
1790763479.3,0.9469366443989873,38.0,157.0,902.0,254822998,70443808,95764,0,0.0
1790763481.4,0.9652538372409057,38.0,157.0,902.0,254822998,70443808,0,0,
1790763483.4,0.9637732988112778,39.0,155.0,902.0,254912900,70443824,89902,16,0.0002
1790763485.5,0.9705894974752171,38.0,156.0,902.0,254912900,70443824,0,0,
1790763487.6,0.943389074055531,38.0,153.0,902.0,255068401,70443824,155501,0,0.0
1790763489.7,0.9653897320726108,39.0,155.0,902.0,255131860,70443824,63459,0,0.0
1790763491.7,0.9756605204056819,39.0,154.0,902.0,255131860,70443824,0,0,
1790763493.8,0.9864963451442631,39.0,156.0,902.0,255309641,70443840,177781,16,0.0001
1790763495.9,0.968851474101306,38.0,156.0,902.0,255309641,70443840,0,0,
1790763498.0,0.9791151100748137,38.0,156.0,902.0,255309641,70443840,0,0,
1790763500.1,0.9741227630995466,38.0,156.0,902.0,255309641,70443840,0,0,
1790763502.2,0.9884918534624573,39.0,155.0,902.0,255375361,70443840,65720,0,0.0
1790763504.3,0.9798303460311557,39.0,154.0,902.0,255451027,70443840,75666,0,0.0
1790763506.4,0.9316592043715222,37.0,156.0,902.0,255486573,70443856,35546,16,0.0005
1790763508.4,0.968272132976669,39.0,156.0,902.0,255613461,70443856,126888,0,0.0
1790763510.5,0.9713977141058835,38.0,157.0,902.0,255613461,70443856,0,0,
1790763512.6,0.9675282875820733,37.0,156.0,902.0,255729217,70443872,115756,16,0.0001
1790763514.7,0.9858669375026822,38.0,156.0,902.0,255729217,70443872,0,0,
1790763516.8,0.9813251891799104,37.0,157.0,902.0,255783377,70443872,54160,0,0.0
1790763519.0,0.9915316062769107,41.0,154.0,902.0,255863784,70443872,80407,0,0.0
1790763521.0,0.9969602471855465,39.0,155.0,902.0,255938317,70443872,74533,0,0.0
1790763523.1,0.9956799748236943,39.0,155.0,902.0,255938317,70443872,0,0,
1790763525.2,0.9873832377301272,39.0,155.0,902.0,256026052,70443872,87735,0,0.0
1790763527.3,0.9530590641852748,38.0,154.0,902.0,256063770,70443872,37718,0,0.0
1790763529.3,0.979036434119616,40.0,153.0,902.0,256177972,70443888,114202,16,0.0001
1790763531.4,0.9737365356831219,40.0,153.0,902.0,256323899,70443888,145927,0,0.0
1790763533.5,0.9996495343813924,40.0,155.0,902.0,256445784,70443888,121885,0,0.0
1790763535.6,0.9988913842676699,42.0,153.0,902.0,256477814,70443888,32030,0,0.0
1790763537.7,0.9883058921138084,41.0,153.0,902.0,256578314,70443888,100500,0,0.0
1790763539.8,0.999914171685239,42.0,154.0,902.0,256705054,70443888,126740,0,0.0
1790763541.8,0.9594532736349721,41.0,152.0,935.0,256841793,70443888,136739,0,0.0
1790763543.9,0.9736936215257413,40.0,154.0,935.0,256841793,70443888,0,0,
1790763546.0,0.9830417554751313,40.0,155.0,935.0,256841793,70443888,0,0,
1790763548.1,0.9896219262734777,39.0,155.0,935.0,256933637,70443888,91844,0,0.0
1790763550.1,0.9867180682907291,41.0,153.0,935.0,257012357,70443888,78720,0,0.0
1790763552.2,0.9839787145779393,41.0,154.0,935.0,257155408,70443888,143051,0,0.0
1790763554.3,0.9938775802137125,42.0,153.0,935.0,257155408,70443888,0,0,
1790763556.4,0.9902870957128757,42.0,151.0,935.0,257231201,70443888,75793,0,0.0
1790763558.4,0.967642725335088,40.0,154.0,935.0,257305449,70443888,74248,0,0.0
1790763560.5,0.9963236871844021,39.0,154.0,935.0,257400415,70443888,94966,0,0.0
1790763562.6,0.9714549329823909,40.0,155.0,935.0,257455085,70443888,54670,0,0.0
1790763564.7,0.9864462786273192,40.0,155.0,935.0,257544296,70443888,89211,0,0.0
1790763566.7,0.9974823694336762,41.0,154.0,935.0,257617733,70443888,73437,0,0.0
1790763568.8,0.9867466777289828,40.0,153.0,935.0,257740420,70443904,122687,16,0.0001
1790763570.9,0.9917890912211939,41.0,152.0,935.0,257781114,70443920,40694,16,0.0004
1790763573.0,0.9795013374912384,42.0,152.0,971.0,257857041,70443920,75927,0,0.0
1790763575.0,0.9820547298553793,43.0,152.0,971.0,258060154,70443920,203113,0,0.0
1790763577.1,0.9436823207976311,42.0,150.0,971.0,258190348,70443920,130194,0,0.0
1790763579.2,0.9793225285021528,41.0,153.0,971.0,258387405,70443920,197057,0,0.0
1790763581.3,0.995980373925358,42.0,154.0,971.0,258387405,70443920,0,0,
1790763583.3,0.9843935514326176,44.0,150.0,971.0,258558628,70443920,171223,0,0.0
1790763585.4,0.9984050238173573,43.0,149.0,971.0,258694614,70443920,135986,0,0.0
1790763587.5,0.9600397671191726,41.0,151.0,971.0,258820455,70443920,125841,0,0.0
1790763589.6,0.9545396026149027,42.0,151.0,971.0,258875458,70443920,55003,0,0.0
1790763591.7,0.9853662723332427,43.0,153.0,971.0,258933034,70443920,57576,0,0.0
1790763593.7,0.9937989042585149,46.0,148.0,971.0,259113970,70443920,180936,0,0.0
1790763595.8,0.9891427181827285,47.0,147.0,971.0,259148158,70443920,34188,0,0.0
1790763597.9,0.9652037707239618,46.0,147.0,971.0,259338134,70443920,189976,0,0.0
1790763600.0,0.9907233896462443,46.0,148.0,971.0,259338134,70443920,0,0,
1790763602.0,0.9850444161528888,49.0,146.0,971.0,259576311,70443936,238177,16,0.0001
1790763604.1,0.9639592601599267,46.0,147.0,971.0,259775904,70443952,199593,16,0.0001
1790763606.2,0.9920751856037306,51.0,145.0,971.0,259831176,70443952,55272,0,0.0
1790763608.3,0.9689802165734476,50.0,143.0,971.0,259936433,70443952,105257,0,0.0
1790763610.3,0.979937631424607,51.0,142.0,971.0,260055678,70443952,119245,0,0.0
1790763612.4,0.9443045760796487,50.0,143.0,971.0,260261946,70443968,206268,16,0.0001
1790763614.5,0.9597107585792553,50.0,145.0,971.0,260261946,70443968,0,0,
1790763616.6,0.968851474101306,50.0,146.0,971.0,260392967,70443984,131021,16,0.0001
1790763618.6,0.995658517745004,50.0,146.0,971.0,260427175,70443984,34208,0,0.0
1790763620.7,0.9909308080735835,50.0,146.0,971.0,260486304,70443984,59129,0,0.0
1790763622.8,0.981811549630223,48.0,147.0,971.0,260550759,70443984,64455,0,0.0
1790763624.9,0.9782067604102593,49.0,146.0,971.0,260794551,70444016,243792,32,0.0001
1790763627.0,0.9886921195302331,50.0,147.0,971.0,260872829,70444016,78278,0,0.0
1790763629.0,0.9955226229132991,50.0,147.0,971.0,260872829,70444016,0,0,
1790763631.1,0.9941636745962493,51.0,143.0,971.0,261084174,70444016,211345,0,0.0
1790763633.2,0.9803524682792853,48.0,147.0,971.0,261084174,70444016,0,0,
1790763635.3,0.9913098831304448,48.0,147.0,971.0,261239882,70444016,155708,0,0.0
1790763637.3,0.9502338821577239,46.0,148.0,971.0,261331159,70444016,91277,0,0.0
1790763639.4,0.9967599811177708,46.0,150.0,971.0,261530291,70444032,199132,16,0.0001
1790763641.5,0.9920394238059136,47.0,147.0,971.0,261663070,70444048,132779,16,0.0001
1790763643.6,0.9620424277969302,46.0,150.0,971.0,261748242,70444048,85172,0,0.0
1790763645.7,0.9682435235384154,47.0,149.0,971.0,261889042,70444048,140800,0,0.0
1790763647.7,0.9975038265123665,49.0,147.0,971.0,261995461,70444048,106419,0,0.0
1790763649.8,0.9859026993004992,48.0,148.0,971.0,262127321,70444048,131860,0,0.0
1790763651.9,0.9856237572775258,48.0,148.0,971.0,262301425,70444064,174104,16,0.0001
1790763654.0,0.9705108215200194,47.0,149.0,971.0,262381390,70444064,79965,0,0.0
1790763656.0,0.985745347390104,47.0,149.0,971.0,262381390,70444064,0,0,
1790763658.1,0.9962235541505142,47.0,150.0,971.0,262473832,70444064,92442,0,0.0
1790763660.2,0.9587165805999399,46.0,149.0,971.0,262537286,70444064,63454,0,0.0
1790763662.3,0.9984980044916818,46.0,149.0,971.0,262571148,70444064,33862,0,0.0
1790763664.3,0.9665126525240677,46.0,147.0,971.0,262686202,70444064,115054,0,0.0
1790763666.4,0.9887851002045575,47.0,147.0,971.0,262713686,70444080,27484,16,0.0006
1790763668.5,0.977348477262649,46.0,149.0,971.0,262864316,70444080,150630,0,0.0
1790763670.6,0.9908521321183859,45.0,149.0,971.0,263140755,70444080,276439,0,0.0
1790763672.6,0.9829416224412434,46.0,149.0,971.0,263218556,70444080,77801,0,0.0
1790763674.7,0.9905445806571588,46.0,149.0,971.0,263404627,70444080,186071,0,0.0
1790763676.8,0.9843863990730543,46.0,149.0,971.0,263445188,70444096,40561,16,0.0004
1790763678.9,0.9864820404251362,46.0,148.0,971.0,263487419,70444096,42231,0,0.0
1790763680.9,0.9978972062883545,46.0,147.0,971.0,263762376,70444112,274957,16,0.0001
1790763683.0,0.9956871271832578,46.0,151.0,971.0,263795898,70444112,33522,0,0.0
1790763685.1,0.9870327721115196,44.0,153.0,971.0,263885485,70444112,89587,0,0.0
1790763687.2,0.9752099217531863,44.0,153.0,971.0,263924157,70444112,38672,0,0.0
1790763689.3,0.9540890039624073,42.0,155.0,971.0,263924157,70444112,0,0,
1790763691.3,0.9420086686597908,41.0,155.0,971.0,264028103,70444128,103946,16,0.0002
1790763693.4,0.9566137868882945,41.0,156.0,971.0,264028103,70444128,0,0,
1790763695.5,0.9888637761597551,44.0,152.0,971.0,264191980,70444128,163877,0,0.0
1790763697.6,0.9881914543607936,44.0,151.0,971.0,264274013,70444128,82033,0,0.0
1790763699.6,0.9469080349607335,43.0,149.0,971.0,264431851,70444128,157838,0,0.0
1790763701.8,0.9903300098702562,45.0,150.0,971.0,264526168,70444128,94317,0,0.0
1790763703.9,0.9833421545767949,44.0,151.0,971.0,264567153,70444144,40985,16,0.0004
1790763705.9,0.9969459424664197,45.0,148.0,971.0,264761399,70444144,194246,0,0.0
1790763708.0,0.9975538930293104,44.0,150.0,971.0,264870998,70444160,109599,16,0.0001
1790763710.1,0.9999284764043658,44.0,151.0,971.0,264914415,70444160,43417,0,0.0
1790763712.2,0.954239203513239,42.0,152.0,995.0,265020634,70444160,106219,0,0.0
1790763714.2,0.9689444547756305,42.0,153.0,995.0,265020634,70444160,0,0,
1790763716.3,0.9777561617577639,42.0,153.0,995.0,265102395,70444160,81761,0,0.0
1790763718.4,0.9880484071695252,42.0,153.0,995.0,265102395,70444160,0,0,
1790763720.5,0.9649033716222982,43.0,150.0,995.0,265212827,70444160,110432,0,0.0
1790763722.5,0.9614487819531663,43.0,150.0,995.0,265270380,70444160,57553,0,0.0
1790763724.6,0.9896147739139142,43.0,150.0,995.0,265453380,70444160,183000,0,0.0
1790763726.7,0.9688371693821792,42.0,150.0,995.0,265514448,70444160,61068,0,0.0
1790763728.8,0.9891212611040382,42.0,152.0,995.0,265514448,70444160,0,0,
1790763730.8,0.996559715049995,42.0,152.0,995.0,265606002,70444160,91554,0,0.0
1790763732.9,0.993255324931695,42.0,153.0,995.0,265699802,70444160,93800,0,0.0
1790763735.0,0.9936844665055001,41.0,154.0,995.0,265864896,70444160,165094,0,0.0
1790763737.0,0.9986124422446965,42.0,154.0,995.0,265956778,70444160,91882,0,0.0
1790763739.1,0.9990988026950091,37.0,156.0,995.0,266220031,70444176,263253,16,0.0001
1790763741.2,0.9819331397428012,38.0,157.0,1031.0,266220031,70444176,0,0,
1790763743.3,0.9908807415566395,38.0,156.0,1031.0,266295828,70444176,75797,0,0.0
1790763745.4,0.9897435163860557,37.0,156.0,1031.0,266403013,70444176,107185,0,0.0
1790763747.4,0.9966455433647561,40.0,155.0,1031.0,266725126,70444176,322113,0,0.0
1790763749.5,0.9914743874004034,41.0,152.0,1031.0,266842846,70444176,117720,0,0.0
1790763751.6,0.9808602858082881,40.0,153.0,1031.0,266919937,70444176,77091,0,0.0
1790763753.7,0.9958516314532164,39.0,154.0,1031.0,267150694,70444176,230757,0,0.0
1790763755.7,0.9990344314589383,41.0,150.0,1031.0,267334242,70444192,183548,16,0.0001
1790763757.8,0.9597608250961992,39.0,156.0,1033.0,267334242,70444192,0,0,
1790763759.9,0.981368103337291,42.0,152.0,1033.0,267428296,70444208,94054,16,0.0002
1790763762.0,0.9950005006651694,42.0,152.0,1033.0,267549761,70444208,121465,0,0.0
1790763764.1,0.9717195702862375,41.0,149.0,1033.0,267949989,70444208,400228,0,0.0
1790763766.1,0.9717410273649277,42.0,149.0,1033.0,267949989,70444208,0,0,
1790763768.2,0.977384239060466,44.0,148.0,1033.0,267969573,70444208,19584,0,0.0
1790763770.3,0.9834565923298096,44.0,149.0,1033.0,268119273,70444224,149700,16,0.0001
1790763772.3,0.9656257599382037,42.0,151.0,1033.0,268270090,70444224,150817,0,0.0
1790763774.4,0.987569199078776,42.0,153.0,1033.0,268270090,70444224,0,0,
1790763776.5,0.9687799505056718,42.0,152.0,1033.0,268375932,70444240,105842,16,0.0002
1790763778.6,0.9977398543779593,44.0,151.0,1033.0,268419383,70444240,43451,0,0.0
1790763780.7,0.9753601213040182,41.0,152.0,1033.0,268574458,70444256,155075,16,0.0001
1790763782.8,0.991824853019011,40.0,154.0,1033.0,268793758,70444256,219300,0,0.0
1790763784.8,0.9765402606319825,39.0,153.0,1033.0,268888810,70444256,95052,0,0.0
1790763786.9,0.9924685653797187,40.0,155.0,1033.0,268967854,70444272,79044,16,0.0002
1790763789.0,0.9967599811177708,40.0,152.0,1033.0,269144193,70444272,176339,0,0.0
1790763791.1,0.9976111119058177,40.0,155.0,1033.0,269144193,70444272,0,0,
1790763793.2,0.9685010084826985,40.0,153.0,1033.0,269364285,70444272,220092,0,0.0
1790763795.3,0.9866536970546583,42.0,153.0,1033.0,269399769,70444272,35484,0,0.0
1790763797.3,0.9729998426480896,42.0,151.0,1033.0,269482626,70444272,82857,0,0.0
1790763799.4,0.9837498390719098,42.0,153.0,1033.0,269524472,70444272,41846,0,0.0
1790763801.5,0.9560487504827843,41.0,153.0,1033.0,269585970,70444272,61498,0,0.0
1790763803.6,0.9866894588524754,42.0,153.0,1033.0,269632571,70444272,46601,0,0.0
1790763805.7,0.9807816098530905,41.0,153.0,1033.0,269791989,70444272,159418,0,0.0
1790763807.7,0.9786859685010085,43.0,149.0,1033.0,269960235,70444272,168246,0,0.0
1790763809.8,0.9824767190696211,44.0,148.0,1033.0,270186085,70444272,225850,0,0.0
1790763811.9,0.9957443460597651,45.0,146.0,1033.0,270293848,70444272,107763,0,0.0
1790763814.0,0.9827127469352139,44.0,148.0,1033.0,270398515,70444272,104667,0,0.0
1790763816.1,0.9981546912326377,46.0,148.0,1033.0,270480341,70444272,81826,0,0.0
1790763818.1,0.9993348305606019,47.0,148.0,1033.0,270545962,70444272,65621,0,0.0
1790763820.2,0.9815254552476862,46.0,150.0,1033.0,270545962,70444272,0,0,
1790763822.3,0.972785271861187,46.0,148.0,1033.0,270698631,70444272,152669,0,0.0
1790763824.3,0.9760968143390505,46.0,149.0,1033.0,270736111,70444272,37480,0,0.0
1790763826.4,0.9859742228961335,45.0,149.0,1033.0,270947803,70444288,211692,16,0.0001
1790763828.5,0.9949218247099718,47.0,148.0,1033.0,270947803,70444288,0,0,
1790763830.6,0.9907877608823151,48.0,148.0,1033.0,271134653,70444288,186850,0,0.0
1790763832.6,0.9856666714349064,48.0,147.0,1033.0,271134653,70444288,0,0,
1790763834.7,0.987397542449254,49.0,143.0,1033.0,271353280,70444288,218627,0,0.0
1790763836.8,0.9793153761425895,47.0,145.0,1033.0,271557430,70444288,204150,0,0.0
1790763838.9,0.9868825725606878,46.0,146.0,1033.0,271646094,70444288,88664,0,0.0
1790763841.0,0.9817543307537157,47.0,147.0,1033.0,271681077,70444288,34983,0,0.0
1790763843.0,0.9996852961792095,48.0,146.0,1033.0,271804777,70444288,123700,0,0.0
1790763845.1,0.9797874318737751,47.0,146.0,1033.0,271929995,70444304,125218,16,0.0001
1790763847.2,0.9956442130258772,47.0,145.0,1033.0,272063431,70444304,133436,0,0.0
1790763849.3,0.8970346317250061,43.0,145.0,1033.0,272273963,70444320,210532,16,0.0001
1790763851.4,0.9263092394180841,44.0,148.0,1033.0,272273963,70444320,0,0,
1790763853.4,0.9649319810605519,46.0,148.0,1033.0,272336119,70444320,62156,0,0.0
1790763855.6,0.9820261204171256,46.0,148.0,1033.0,272440439,70444320,104320,0,0.0
1790763857.6,0.9966884575221365,46.0,149.0,1033.0,272440439,70444320,0,0,
1790763859.7,0.964030783755561,45.0,149.0,1033.0,272498028,70444320,57589,0,0.0
1790763861.8,0.9883774157094426,46.0,148.0,1033.0,272564623,70444320,66595,0,0.0
1790763863.9,0.9855450813223282,46.0,147.0,1033.0,272655854,70444320,91231,0,0.0
1790763866.0,0.948874933840674,44.0,147.0,1033.0,272830049,70444320,174195,0,0.0
1790763868.1,0.9745089905159712,46.0,148.0,1033.0,272876573,70444320,46524,0,0.0
1790763870.1,0.9739868682678415,45.0,150.0,1033.0,272955171,70444336,78598,16,0.0002
1790763872.2,0.9904945141402148,45.0,150.0,1033.0,272955171,70444336,0,0,
1790763874.3,0.9562776259888137,43.0,150.0,1033.0,273018875,70444336,63704,0,0.0
1790763876.4,0.981453931652052,44.0,150.0,1033.0,273059805,70444336,40930,0,0.0
1790763878.4,0.964831848026664,44.0,150.0,1033.0,273134399,70444336,74594,0,0.0
1790763880.5,0.9867824395267999,44.0,150.0,1033.0,273134399,70444336,0,0,
1790763882.6,0.9871472098645343,44.0,151.0,1033.0,273176855,70444336,42456,0,0.0
1790763884.7,0.9352067747149785,43.0,150.0,1033.0,273268588,70444336,91733,0,0.0
1790763886.7,0.9535597293547141,43.0,152.0,1033.0,273268588,70444336,0,0,
1790763888.8,0.979172328951321,45.0,150.0,1033.0,273356432,70444336,87844,0,0.0
1790763890.9,0.9728782525355114,45.0,149.0,1033.0,273395381,70444352,38949,16,0.0004
1790763893.0,0.9741513725378003,46.0,147.0,1033.0,273485071,70444352,89690,0,0.0
1790763895.0,0.9888137096428111,46.0,149.0,1033.0,273485071,70444352,0,0,
1790763897.1,0.9438039109102093,45.0,149.0,1033.0,273546166,70444352,61095,0,0.0
1790763899.2,0.994106455719742,47.0,148.0,1033.0,273637780,70444352,91614,0,0.0
1790763901.3,0.9756819774843721,47.0,146.0,1033.0,273730445,70444368,92665,16,0.0002
1790763903.4,0.9927188979644385,47.0,146.0,1033.0,273730445,70444368,0,0,
1790763905.4,0.9721773212982963,46.0,148.0,1033.0,273819394,70444368,88949,0,0.0
1790763907.5,0.9732358705136824,46.0,149.0,1033.0,273819394,70444368,0,0,
1790763909.6,0.9351710129171613,44.0,149.0,1033.0,273819394,70444368,0,0,
1790763911.7,0.9437466920337019,44.0,149.0,1033.0,273982509,70444368,163115,0,0.0
1790763913.7,0.9338907405553092,43.0,150.0,1033.0,273982509,70444368,0,0,
1790763915.8,0.944855307766032,43.0,150.0,1033.0,273982509,70444368,0,0,
1790763917.9,0.9558341796958817,43.0,151.0,1033.0,273982509,70444368,0,0,
1790763920.0,0.9668202039852948,43.0,151.0,1033.0,273982509,70444368,0,0,
1790763922.1,0.9850587208720156,44.0,151.0,1033.0,274064213,70444368,81704,0,0.0
1790763924.2,0.9827985752499749,45.0,149.0,1033.0,274191560,70444368,127347,0,0.0
1790763926.3,0.9874404566066345,44.0,151.0,1040.0,274269461,70444368,77901,0,0.0
1790763928.4,0.9653468179152302,46.0,147.0,1040.0,274372090,70444368,102629,0,0.0
1790763930.5,0.9524296565436937,45.0,146.0,1040.0,274477472,70444384,105382,16,0.0002
1790763932.5,0.9670562318508876,45.0,149.0,1040.0,274477472,70444384,0,0,
1790763934.6,0.9817543307537157,46.0,149.0,1040.0,274529028,70444384,51556,0,0.0
1790763936.7,0.9961591829144435,45.0,150.0,1040.0,274529028,70444384,0,0,
1790763938.8,0.9998498004491682,43.0,151.0,1040.0,274641928,70444384,112900,0,0.0
1790763940.8,0.9954582516772283,44.0,150.0,1040.0,274684580,70444384,42652,0,0.0
1790763942.9,0.9871829716623514,44.0,149.0,1058.0,274762624,70444400,78044,16,0.0002
1790763945.0,0.9810319424378102,43.0,152.0,1058.0,274770079,70444400,7455,0,0.0
1790763947.1,0.9795442516486189,43.0,151.0,1059.0,274825019,70444400,54940,0,0.0
1790763949.2,0.9824195001931137,43.0,151.0,1059.0,274898075,70444400,73056,0,0.0
1790763951.3,0.9930479065043558,43.0,152.0,1059.0,274948059,70444400,49984,0,0.0
1790763953.4,0.9605118228503583,40.0,152.0,1059.0,275032733,70444400,84674,0,0.0
1790763955.5,0.9878409887421861,39.0,152.0,1059.0,275198099,70444400,165366,0,0.0
1790763957.6,0.9792510049065186,39.0,152.0,1059.0,275256529,70444400,58430,0,0.0
1790763959.6,0.9627147495958917,40.0,152.0,1059.0,275416877,70444400,160348,0,0.0
1790763961.7,0.9913241878495715,41.0,154.0,1059.0,275541688,70444400,124811,0,0.0
1790763963.8,0.9933053914486389,41.0,154.0,1059.0,275579194,70444400,37506,0,0.0
1790763965.9,0.9997496674152803,42.0,152.0,1059.0,275716462,70444400,137268,0,0.0
1790763967.9,0.9560773599210379,40.0,152.0,1059.0,275788434,70444400,71972,0,0.0
1790763970.0,0.966348148254109,40.0,153.0,1059.0,275806430,70444400,17996,0,0.0
1790763972.1,0.9866250876164047,41.0,154.0,1059.0,275869829,70444400,63399,0,0.0
1790763974.2,0.9680361051110762,40.0,153.0,1059.0,275920035,70444400,50206,0,0.0
1790763976.2,0.9835352682850073,41.0,154.0,1076.0,275992193,70444400,72158,0,0.0
1790763978.3,0.9748451514154519,41.0,153.0,1076.0,276169113,70444416,176920,16,0.0001
1790763980.4,0.987261647617549,40.0,152.0,1076.0,276286402,70444416,117289,0,0.0
1790763982.5,0.9979329680861716,42.0,152.0,1076.0,276351970,70444432,65568,16,0.0002
1790763984.5,0.9893286795313774,41.0,152.0,1076.0,276454696,70444448,102726,16,0.0002
1790763986.6,0.976089661979487,40.0,155.0,1076.0,276573468,70444448,118772,0,0.0
1790763988.7,0.9893429842505043,40.0,150.0,1076.0,276866121,70444448,292653,0,0.0
1790763990.8,0.9852947487376086,39.0,153.0,1076.0,276923620,70444448,57499,0,0.0
1790763992.8,0.9756748251248086,40.0,151.0,1076.0,277172043,70444448,248423,0,0.0
1790763994.9,0.9923112134693235,40.0,153.0,1076.0,277239889,70444448,67846,0,0.0
1790763997.0,0.9851874633441572,39.0,154.0,1076.0,277312242,70444448,72353,0,0.0
1790763999.1,0.9905445806571588,39.0,156.0,1076.0,277312242,70444448,0,0,
1790764001.1,0.9915387586364742,39.0,156.0,1076.0,277366725,70444448,54483,0,0.0
1790764003.2,0.9553335145264423,38.0,155.0,1076.0,277425538,70444448,58813,0,0.0
1790764005.3,0.9781924556911326,38.0,157.0,1076.0,277425538,70444448,0,0,
1790764007.4,0.9524725707010743,37.0,156.0,1076.0,277518806,70444464,93268,16,0.0002
1790764009.4,0.9455204772054301,36.0,159.0,1076.0,277518806,70444464,0,0,
1790764011.5,0.958752342397757,36.0,158.0,1076.0,277677528,70444464,158722,0,0.0
1790764013.6,0.9100519261304304,36.0,159.0,1076.0,277677528,70444464,0,0,
1790764015.7,0.9283619666127856,36.0,159.0,1076.0,277677528,70444464,0,0,
1790764017.7,0.9688586264608694,36.0,159.0,1076.0,277811966,70444464,134438,0,0.0
1790764019.8,0.986546411661207,39.0,156.0,1076.0,277880569,70444464,68603,0,0.0
1790764021.9,0.9824767190696211,39.0,155.0,1076.0,277880569,70444464,0,0,
1790764024.0,0.9811678372695152,39.0,155.0,1076.0,277916413,70444464,35844,0,0.0
1790764026.1,0.9813609509777276,39.0,156.0,1076.0,277966358,70444464,49945,0,0.0
1790764028.1,0.9550331154247786,37.0,158.0,1076.0,278061333,70444464,94975,0,0.0
1790764030.2,0.9733360035475703,37.0,158.0,1076.0,278061333,70444464,0,0,
1790764032.3,0.988878080878882,37.0,157.0,1076.0,278158661,70444464,97328,0,0.0
1790764034.4,0.9700673752270874,36.0,158.0,1076.0,278158661,70444464,0,0,
1790764036.4,0.9331254380820233,35.0,158.0,1076.0,278254158,70444464,95497,0,0.0
1790764038.5,0.9514569356430687,35.0,160.0,1076.0,278254158,70444464,0,0,
1790764040.6,0.9734003747836412,36.0,159.0,1076.0,278338400,70444464,84242,0,0.0
1790764042.7,0.9953867280815941,36.0,159.0,1076.0,278338400,70444464,0,0,
1790764044.8,0.9822764530018453,35.0,159.0,1076.0,278338400,70444464,0,0,
1790764046.8,0.9949718912269158,36.0,158.0,1076.0,278468537,70444464,130137,0,0.0
1790764048.9,0.9717696368031814,35.0,159.0,1076.0,278468537,70444464,0,0,
1790764051.0,0.9649105239818616,35.0,158.0,1076.0,278538034,70444464,69497,0,0.0
1790764053.0,0.9755389302931037,36.0,156.0,1076.0,278672552,70444464,134518,0,0.0
1790764055.1,0.991960747850716,36.0,157.0,1076.0,278672552,70444464,0,0,
1790764057.2,0.9927546597622555,36.0,157.0,1076.0,278672552,70444464,0,0,
1790764059.3,0.9696382336532822,35.0,158.0,1109.0,278740636,70444480,68084,16,0.0002
1790764061.3,0.9946929492039424,37.0,157.0,1109.0,278799227,70444480,58591,0,0.0
1790764063.4,0.9888709285193186,38.0,155.0,1109.0,278868300,70444480,69073,0,0.0
1790764065.5,0.9984622426938647,38.0,155.0,1109.0,278868300,70444480,0,0,
1790764067.6,0.9992919164032215,38.0,155.0,1109.0,278868300,70444480,0,0,
1790764069.7,0.9581658489135566,38.0,154.0,1109.0,278962204,70444480,93904,0,0.0
1790764071.7,0.9731714992776117,39.0,153.0,1109.0,279042592,70444480,80388,0,0.0
1790764073.8,0.9601470525126239,39.0,154.0,1109.0,279081493,70444496,38901,16,0.0004
1790764075.9,0.9894574220035189,40.0,154.0,1109.0,279135898,70444496,54405,0,0.0
1790764078.0,0.995536927632426,40.0,153.0,1109.0,279188804,70444496,52906,0,0.0
1790764080.1,0.9972892557254638,41.0,153.0,1109.0,279228147,70444496,39343,0,0.0
1790764082.1,0.9786072925458109,39.0,154.0,1109.0,279285151,70444496,57004,0,0.0
1790764084.2,0.9781280844550617,39.0,153.0,1109.0,279319604,70444496,34453,0,0.0
1790764086.3,0.9792295478278285,39.0,154.0,1109.0,279347081,70444496,27477,0,0.0
1790764088.4,0.9602114237486947,39.0,153.0,1109.0,279424317,70444496,77236,0,0.0
1790764090.5,0.9822263864849013,39.0,154.0,1109.0,279424317,70444496,0,0,
1790764092.5,0.9993777447179825,40.0,153.0,1109.0,279484938,70444496,60621,0,0.0
1790764094.6,0.9849585878381278,40.0,152.0,1109.0,279532451,70444496,47513,0,0.0
1790764096.7,0.985831175704865,40.0,153.0,1109.0,279532451,70444496,0,0,
1790764098.8,0.9778634471512152,40.0,154.0,1109.0,279572406,70444496,39955,0,0.0
1790764100.8,0.987483370764015,40.0,154.0,1109.0,279633572,70444496,61166,0,0.0
1790764102.9,0.9744446192799004,40.0,153.0,1109.0,279721508,70444496,87936,0,0.0
1790764105.0,0.98128227502253,38.0,155.0,1109.0,279850657,70444496,129149,0,0.0
1790764107.1,0.978013646702047,39.0,155.0,1109.0,279929119,70444496,78462,0,0.0
1790764109.1,0.9854950148053843,39.0,155.0,1109.0,280103273,70444496,174154,0,0.0
1790764111.2,0.9771124493970561,39.0,155.0,1109.0,280103273,70444496,0,0,
1790764113.3,0.9817757878324059,39.0,155.0,1109.0,280103273,70444496,0,0,
1790764115.3,0.987533437280959,39.0,155.0,1109.0,280146931,70444496,43658,0,0.0
1790764117.5,0.9833564592959217,39.0,154.0,1109.0,280276758,70444496,129827,0,0.0
1790764119.6,0.9823980431144235,39.0,153.0,1109.0,280403924,70444496,127166,0,0.0
1790764121.6,0.9795728610868726,38.0,153.0,1109.0,280440826,70444496,36902,0,0.0
1790764123.7,0.9887064242493598,38.0,153.0,1109.0,280496523,70444496,55697,0,0.0
1790764125.8,0.994599968529618,38.0,154.0,1109.0,280607738,70444496,111215,0,0.0
1790764127.9,0.9489393050767448,36.0,157.0,1109.0,280673552,70444496,65814,0,0.0
1790764129.9,0.9709256583746978,36.0,158.0,1109.0,280673552,70444496,0,0,
1790764132.0,0.9733717653453875,36.0,158.0,1109.0,280779190,70444496,105638,0,0.0
1790764134.1,0.9902799433533123,35.0,157.0,1109.0,280962179,70444496,182989,0,0.0
1790764136.1,0.951070708226644,35.0,157.0,1109.0,281155999,70444496,193820,0,0.0
1790764138.2,0.9766976125423777,35.0,159.0,1109.0,281155999,70444496,0,0,
1790764140.3,0.9913671020069521,35.0,159.0,1109.0,281155999,70444496,0,0,
1790764142.4,0.9752027693936229,35.0,159.0,1109.0,281155999,70444496,0,0,
1790764144.4,0.9688300170226157,34.0,160.0,1109.0,281155999,70444496,0,0,
1790764146.5,0.9872044287410416,35.0,159.0,1109.0,281191811,70444512,35812,16,0.0004
1790764148.6,0.9738938875935171,35.0,158.0,1109.0,281295522,70444512,103711,0,0.0
1790764150.7,0.9805026678301172,36.0,157.0,1109.0,281392434,70444512,96912,0,0.0
1790764152.7,0.9871329051454075,36.0,157.0,1109.0,281392434,70444512,0,0,
1790764154.8,0.9760825096199236,37.0,155.0,1109.0,281512082,70444528,119648,16,0.0001
1790764156.9,0.9666914615131532,36.0,157.0,1109.0,281630315,70444528,118233,0,0.0
1790764159.0,0.9669918606148168,37.0,155.0,1109.0,281771379,70444528,141064,0,0.0
1790764161.1,0.9365800277511551,36.0,155.0,1109.0,281771379,70444528,0,0,
1790764163.1,0.9074341625302187,35.0,155.0,1109.0,281771379,70444528,0,0,
1790764165.2,0.9555266282346546,38.0,154.0,1109.0,281948630,70444544,177251,16,0.0001
1790764167.3,0.9848298453659863,38.0,155.0,1109.0,281948630,70444544,0,0,
1790764169.4,0.9930192970661021,38.0,155.0,1109.0,281948630,70444544,0,0,
1790764171.4,0.9741370678186734,37.0,156.0,1109.0,281995333,70444544,46703,0,0.0
1790764173.5,0.9675354399416367,38.0,154.0,1109.0,282136101,70444544,140768,0,0.0
1790764175.6,0.9697240619680433,39.0,153.0,1109.0,282267835,70444544,131734,0,0.0
1790764177.7,0.9694594246641968,40.0,151.0,1146.0,282372409,70444544,104574,0,0.0
1790764179.7,0.965768807129472,40.0,150.0,1146.0,282502544,70444544,130135,0,0.0
1790764181.8,0.9877337033487348,40.0,150.0,1146.0,282502544,70444544,0,0,
1790764183.9,0.9992203928075872,40.0,152.0,1146.0,282543051,70444544,40507,0,0.0
1790764186.0,0.9652037707239618,40.0,149.0,1146.0,282741194,70444560,198143,16,0.0001
1790764188.0,0.9898436494199436,41.0,151.0,1146.0,282741194,70444560,0,0,
1790764190.1,0.9473085670962851,40.0,151.0,1146.0,282819973,70444560,78779,0,0.0
1790764192.2,0.9594532736349721,39.0,152.0,1146.0,282819973,70444560,0,0,
1790764194.3,0.9713762570271933,39.0,152.0,1146.0,282863072,70444560,43099,0,0.0
1790764196.4,0.9787360350179524,37.0,152.0,1146.0,283121301,70444576,258229,16,0.0001
1790764198.4,0.9923970417840846,36.0,154.0,1146.0,283206312,70444576,85011,0,0.0
1790764200.5,0.973772297480939,36.0,154.0,1146.0,283331928,70444576,125616,0,0.0
1790764202.6,0.9908878939162029,36.0,156.0,1146.0,283331928,70444576,0,0,
1790764204.7,0.9877122462700445,36.0,156.0,1146.0,283390705,70444576,58777,0,0.0
1790764206.7,0.9817900925515327,35.0,156.0,1146.0,283390705,70444576,0,0,
1790764208.8,0.976225556811192,35.0,156.0,1146.0,283479304,70444576,88599,0,0.0
1790764210.9,0.9945355972935471,35.0,157.0,1146.0,283479304,70444576,0,0,
1790764213.0,0.9638877365642926,35.0,157.0,1146.0,283543024,70444576,63720,0,0.0
1790764215.0,0.9968601141516586,37.0,155.0,1146.0,283619709,70444576,76685,0,0.0
1790764217.1,0.9773627819817758,37.0,154.0,1146.0,283619709,70444576,0,0,
1790764219.2,0.9605261275694852,36.0,155.0,1146.0,283681721,70444576,62012,0,0.0
1790764221.3,0.9836497060380219,37.0,155.0,1146.0,283727843,70444576,46122,0,0.0
1790764223.3,0.9507631567654169,37.0,154.0,1146.0,283792596,70444576,64753,0,0.0
1790764225.5,0.9764186705194043,38.0,155.0,1146.0,283813343,70444576,20747,0,0.0
1790764227.5,0.9890998040253479,38.0,155.0,1146.0,283851986,70444576,38643,0,0.0
1790764229.6,0.9871472098645343,38.0,155.0,1146.0,283909645,70444576,57659,0,0.0
1790764231.7,0.9811177707525712,38.0,154.0,1146.0,283948980,70444576,39335,0,0.0
1790764233.8,0.9860528988513311,38.0,154.0,1146.0,283999409,70444576,50429,0,0.0
1790764235.8,0.9812536655842763,37.0,156.0,1146.0,284040061,70444576,40652,0,0.0
1790764237.9,0.9515356115982663,37.0,156.0,1146.0,284188389,70444576,148328,0,0.0
1790764240.0,0.9808316763700344,38.0,155.0,1146.0,284188389,70444576,0,0,
1790764242.1,0.9424664196718497,36.0,156.0,1146.0,284305132,70444576,116743,0,0.0
1790764244.2,0.9318666227988613,35.0,157.0,1146.0,284305132,70444576,0,0,
1790764246.2,0.9410860142761097,35.0,156.0,1146.0,284362003,70444576,56871,0,0.0
1790764248.3,0.9667129185918435,36.0,156.0,1146.0,284408376,70444576,46373,0,0.0
1790764250.4,0.9939634085284735,37.0,156.0,1146.0,284461147,70444576,52771,0,0.0
1790764252.4,0.9854592530075672,37.0,155.0,1146.0,284491393,70444576,30246,0,0.0
1790764254.5,0.9859670705365701,37.0,154.0,1146.0,284551770,70444576,60377,0,0.0
1790764256.6,0.9917533294233768,36.0,154.0,1146.0,284611248,70444576,59478,0,0.0
1790764258.7,0.9855307766032014,36.0,156.0,1146.0,284666654,70444576,55406,0,0.0
1790764260.8,0.9542034417154219,36.0,156.0,1146.0,284759405,70444592,92751,16,0.0002
1790764262.9,0.976769136138012,36.0,156.0,1146.0,284759405,70444592,0,0,
1790764265.0,0.9597465203770724,35.0,156.0,1146.0,284759405,70444592,0,0,
1790764267.0,0.9518789248573104,35.0,158.0,1146.0,284863576,70444592,104171,0,0.0
1790764269.1,0.9565994821691676,34.0,159.0,1146.0,284863576,70444592,0,0,
1790764271.2,0.9296422389746377,34.0,158.0,1146.0,284970366,70444592,106790,0,0.0
1790764273.4,0.9516357446321542,34.0,158.0,1146.0,284970366,70444592,0,0,
1790764275.5,0.9662837770180382,34.0,158.0,1146.0,284970366,70444592,0,0,
1790764277.6,0.9704249932052584,34.0,159.0,1146.0,285045289,70444592,74923,0,0.0
1790764279.7,0.9723561302873818,34.0,159.0,1146.0,285083718,70444592,38429,0,0.0
1790764281.7,0.97412991545911,35.0,157.0,1146.0,285193269,70444592,109551,0,0.0
1790764283.8,0.9954153375198478,35.0,158.0,1146.0,285193269,70444592,0,0,
1790764285.9,0.979122262434377,35.0,158.0,1146.0,285289054,70444592,95785,0,0.0
1790764288.0,0.9927045932453116,35.0,158.0,1146.0,285289054,70444592,0,0,
1790764290.1,0.9794512709742944,35.0,158.0,1146.0,285390278,70444592,101224,0,0.0
1790764292.1,0.9802523352453975,35.0,158.0,1146.0,285390278,70444592,0,0,
1790764294.2,0.9742658102908149,34.0,158.0,1146.0,285390278,70444592,0,0,
1790764296.3,0.9986839658403307,35.0,157.0,1146.0,285444689,70444592,54411,0,0.0
1790764298.4,0.9607693077946414,34.0,156.0,1146.0,285521738,70444608,77049,16,0.0002
1790764300.4,0.9636874704965168,36.0,155.0,1146.0,285602363,70444608,80625,0,0.0
1790764302.5,0.9715908278140959,36.0,155.0,1146.0,285716186,70444608,113823,0,0.0
1790764304.6,0.9720628835452816,36.0,155.0,1146.0,285716186,70444608,0,0,
1790764306.7,0.9999070193256755,37.0,155.0,1146.0,285754898,70444608,38712,0,0.0
1790764308.7,0.9471083010285093,35.0,155.0,1168.0,285754898,70444608,0,0,
1790764310.8,0.9447980888895247,35.0,155.0,1168.0,285923303,70444608,168405,0,0.0
1790764312.9,0.9350780322428369,34.0,157.0,1168.0,285923303,70444608,0,0,
1790764315.0,0.9300999899866966,33.0,158.0,1168.0,285923303,70444608,0,0,
1790764317.0,0.9160599081637032,32.0,159.0,1168.0,285923303,70444608,0,0,
1790764319.1,0.9233767719970818,32.0,160.0,1168.0,285923303,70444608,0,0,
1790764321.2,0.9453702776545982,34.0,159.0,1168.0,286022683,70444608,99380,0,0.0
1790764323.3,0.9710114866894588,35.0,158.0,1168.0,286097959,70444608,75276,0,0.0
1790764325.3,0.9360865149412791,34.0,157.0,1168.0,286097959,70444608,0,0,
1790764327.4,0.965411189151301,36.0,156.0,1168.0,286193711,70444608,95752,0,0.0
1790764329.5,0.9876550273935372,36.0,156.0,1168.0,286193711,70444608,0,0,
1790764331.6,0.9885133105411475,36.0,157.0,1168.0,286193711,70444608,0,0,
1790764333.6,0.969924328035819,36.0,157.0,1168.0,286261599,70444608,67888,0,0.0
1790764335.7,0.9932624772912584,37.0,156.0,1168.0,286366620,70444608,105021,0,0.0
1790764337.8,0.9369090362910725,37.0,156.0,1168.0,286366620,70444608,0,0,
1790764339.9,0.9489607621554351,37.0,155.0,1168.0,286490510,70444608,123890,0,0.0
1790764341.9,0.9745876664711688,38.0,154.0,1168.0,286490510,70444608,0,0,
1790764344.0,0.9995708584261948,39.0,154.0,1168.0,286529261,70444608,38751,0,0.0
1790764346.1,0.9732215657945557,38.0,153.0,1168.0,286586980,70444624,57719,16,0.0003
1790764348.2,0.9678716008411175,38.0,152.0,1168.0,286640783,70444624,53803,0,0.0
1790764350.2,0.9560058363254037,37.0,156.0,1168.0,286714860,70444624,74077,0,0.0
1790764352.3,0.9667844421874776,37.0,156.0,1168.0,286814262,70444624,99402,0,0.0
1790764354.4,0.9583875720600226,37.0,155.0,1168.0,286814262,70444624,0,0,
1790764356.5,0.9765617177106728,37.0,156.0,1168.0,286814262,70444624,0,0,
1790764358.5,0.9281617005450098,36.0,155.0,1168.0,286885951,70444624,71689,0,0.0
1790764360.6,0.9538172142989972,38.0,154.0,1168.0,286989640,70444624,103689,0,0.0
1790764362.7,0.9533237014891213,37.0,154.0,1168.0,286989640,70444624,0,0,
1790764364.7,0.9826269186204529,38.0,155.0,1168.0,287058702,70444624,69062,0,0.0
1790764366.8,0.9829273177221165,38.0,154.0,1168.0,287145544,70444624,86842,0,0.0
1790764368.9,0.9975753501080006,38.0,154.0,1168.0,287145544,70444624,0,0,
1790764371.0,0.9803095541219048,36.0,156.0,1168.0,287145544,70444624,0,0,
1790764373.0,0.9554765617177107,36.0,156.0,1168.0,287237052,70444624,91508,0,0.0
1790764375.1,0.9553549716051325,37.0,155.0,1168.0,287337510,70444624,100458,0,0.0
1790764377.2,0.9904015334658904,38.0,155.0,1168.0,287374596,70444624,37086,0,0.0
1790764379.3,0.9622212367860157,38.0,153.0,1168.0,287466228,70444624,91632,0,0.0
1790764381.3,0.9851373968272134,38.0,154.0,1168.0,287466228,70444624,0,0,
1790764383.4,0.990530275938032,37.0,155.0,1168.0,287573647,70444624,107419,0,0.0
1790764385.5,0.992933468751341,37.0,155.0,1168.0,287613340,70444624,39693,0,0.0
1790764387.5,0.9673208691547341,37.0,154.0,1168.0,287655621,70444624,42281,0,0.0
1790764389.6,0.9811964467077688,38.0,155.0,1168.0,287684790,70444624,29169,0,0.0
1790764391.7,0.9677142489307222,38.0,154.0,1168.0,287747098,70444640,62308,16,0.0003
1790764393.8,0.9463716079934771,37.0,154.0,1168.0,287747098,70444640,0,0,
1790764395.9,0.9440184816971119,37.0,154.0,1168.0,287914876,70444640,167778,0,0.0
1790764398.0,0.9456778291158253,37.0,155.0,1168.0,287914876,70444640,0,0,
1790764400.0,0.9639878695981804,38.0,155.0,1168.0,288026312,70444640,111436,0,0.0
1790764402.1,0.9708827442173172,39.0,153.0,1168.0,288026312,70444640,0,0,
1790764404.2,0.9810462471569371,39.0,154.0,1168.0,288026312,70444640,0,0,
1790764406.3,0.9453845823737251,37.0,153.0,1168.0,288123864,70444640,97552,0,0.0
1790764408.3,0.9276824924542606,36.0,156.0,1168.0,288123864,70444640,0,0,
1790764410.4,0.9173973994020628,36.0,156.0,1168.0,288161984,70444640,38120,0,0.0
1790764412.5,0.9467077688929578,37.0,156.0,1168.0,288232348,70444640,70364,0,0.0
1790764414.6,0.972341825568255,38.0,155.0,1168.0,288280016,70444640,47668,0,0.0
1790764416.6,0.9772197347905074,39.0,153.0,1168.0,288384157,70444640,104141,0,0.0
1790764418.7,0.979937631424607,39.0,152.0,1168.0,288419016,70444640,34859,0,0.0
1790764420.8,0.9706753257899781,38.0,153.0,1168.0,288419016,70444640,0,0,
1790764422.9,0.9524797230606377,38.0,152.0,1168.0,288487404,70444640,68388,0,0.0
1790764424.9,0.9781423891741886,39.0,153.0,1168.0,288523105,70444640,35701,0,0.0
1790764427.0,0.954682649806171,38.0,153.0,1168.0,288568311,70444640,45206,0,0.0
1790764429.1,0.9839787145779393,39.0,154.0,1168.0,288619896,70444640,51585,0,0.0
1790764431.2,0.9880341024503984,40.0,152.0,1168.0,288660002,70444640,40106,0,0.0
1790764433.2,0.9612842776832077,40.0,152.0,1168.0,288758981,70444640,98979,0,0.0
1790764435.3,0.9839071909823051,40.0,153.0,1168.0,288758981,70444640,0,0,
1790764437.4,0.975560387371794,40.0,152.0,1168.0,288839951,70444640,80970,0,0.0
1790764439.5,0.9712975810719957,40.0,153.0,1168.0,288879704,70444640,39753,0,0.0
1790764441.5,0.967828686683737,40.0,153.0,1168.0,288998471,70444640,118767,0,0.0
1790764443.6,0.9934698957185976,40.0,153.0,1168.0,288998471,70444640,0,0,
1790764445.7,0.9829273177221165,40.0,152.0,1168.0,289026130,70444640,27659,0,0.0
1790764447.8,0.9838571244653611,40.0,153.0,1168.0,289026130,70444640,0,0,
1790764449.8,0.9845294462643226,40.0,152.0,1168.0,289109256,70444640,83126,0,0.0
1790764451.9,0.9586522093638692,40.0,153.0,1168.0,289180836,70444640,71580,0,0.0
1790764454.0,0.9770051640036048,40.0,153.0,1168.0,289180836,70444640,0,0,
1790764456.1,0.9664697383666871,39.0,153.0,1168.0,289281547,70444656,100711,16,0.0002
1790764458.1,0.9811106183930078,39.0,153.0,1168.0,289281547,70444656,0,0,
1790764460.2,0.9452057733846396,39.0,152.0,1168.0,289360935,70444656,79388,0,0.0
1790764462.3,0.9708112206216831,39.0,153.0,1168.0,289360935,70444656,0,0,
1790764464.4,0.9753744260231451,39.0,154.0,1168.0,289416121,70444656,55186,0,0.0
1790764466.4,0.96917333028166,39.0,153.0,1168.0,289511172,70444672,95051,16,0.0002
1790764468.5,0.9643097257785344,38.0,154.0,1168.0,289511172,70444672,0,0,
1790764470.6,0.986274621997797,39.0,153.0,1168.0,289554177,70444672,43005,0,0.0
1790764472.7,0.9791151100748137,38.0,154.0,1168.0,289766491,70444672,212314,0,0.0
1790764474.8,0.9897864305434363,38.0,155.0,1168.0,289766491,70444672,0,0,
1790764476.8,0.956384911382265,37.0,154.0,1168.0,289766491,70444672,0,0,
1790764478.9,0.9783426552419643,37.0,155.0,1168.0,289766491,70444672,0,0,
1790764481.0,0.9664911954453774,37.0,154.0,1168.0,289766491,70444672,0,0,
1790764483.0,0.9811821419886421,37.0,156.0,1168.0,289766491,70444672,0,0,
1790764485.1,0.9853734246928062,37.0,156.0,1168.0,289836910,70444672,70419,0,0.0
1790764487.2,0.9761611855751212,36.0,156.0,1168.0,289836910,70444672,0,0,
1790764489.3,0.9769980116440413,36.0,157.0,1168.0,289836910,70444672,0,0,
1790764491.4,0.976361451642897,36.0,156.0,1168.0,289890947,70444672,54037,0,0.0
1790764493.4,0.8933368618307179,35.0,156.0,1168.0,289948958,70444672,58011,0,0.0
1790764495.5,0.9189923755847054,36.0,155.0,1168.0,290003020,70444672,54062,0,0.0
1790764497.6,0.9482669832777834,37.0,155.0,1168.0,290117368,70444672,114348,0,0.0
1790764499.7,0.966569871400575,37.0,156.0,1168.0,290117368,70444672,0,0,
1790764501.7,0.9767047649019411,37.0,156.0,1168.0,290117368,70444672,0,0,
1790764503.8,0.964252506902027,36.0,157.0,1168.0,290226909,70444672,109541,0,0.0
1790764505.9,0.9789291487261648,36.0,157.0,1168.0,290226909,70444672,0,0,
1790764507.9,0.9651537042070178,35.0,157.0,1168.0,290226909,70444672,0,0,
1790764510.0,0.9359720771882644,34.0,157.0,1168.0,290313882,70444672,86973,0,0.0
1790764512.1,0.9543035747493098,34.0,158.0,1168.0,290313882,70444672,0,0,
1790764514.2,0.9398629607907649,34.0,158.0,1168.0,290419967,70444672,106085,0,0.0
1790764516.3,0.9322600025748494,33.0,158.0,1168.0,290419967,70444672,0,0,
1790764518.3,0.9505628906976411,34.0,158.0,1168.0,290480182,70444672,60215,0,0.0
1790764520.4,0.9798446507502825,35.0,157.0,1168.0,290519797,70444672,39615,0,0.0
1790764522.5,0.9697383666871701,36.0,157.0,1168.0,290619807,70444672,100010,0,0.0
1790764524.6,0.9855593860414551,36.0,157.0,1168.0,290619807,70444672,0,0,
1790764526.6,0.9864105168295021,36.0,157.0,1168.0,290619807,70444672,0,0,
1790764528.7,0.9831776503068362,36.0,156.0,1168.0,290678086,70444688,58279,16,0.0003
1790764530.8,0.974079848942166,36.0,157.0,1168.0,290796588,70444688,118502,0,0.0
1790764532.9,0.9960590498805556,36.0,157.0,1168.0,290796588,70444688,0,0,
1790764534.9,0.9679288197176248,35.0,157.0,1168.0,290796588,70444688,0,0,
1790764537.0,0.9703105554522437,35.0,157.0,1168.0,290894905,70444688,98317,0,0.0
1790764539.1,0.984944283119001,35.0,158.0,1168.0,290894905,70444688,0,0,
1790764541.2,0.9632583289227116,36.0,156.0,1168.0,291030466,70444688,135561,0,0.0
1790764543.3,0.9477520133892171,35.0,156.0,1168.0,291030466,70444688,0,0,
1790764545.4,0.966090663309826,36.0,156.0,1168.0,291074892,70444688,44426,0,0.0
1790764547.4,0.9912669689730642,37.0,156.0,1168.0,291105589,70444688,30697,0,0.0
1790764549.5,0.9276610353755704,35.0,157.0,1168.0,291172588,70444704,66999,16,0.0002
1790764551.6,0.9187491953595491,35.0,156.0,1168.0,291204827,70444704,32239,0,0.0
1790764553.7,0.984808388287296,37.0,156.0,1168.0,291364083,70444704,159256,0,0.0
1790764555.7,0.9771339064757464,39.0,153.0,1168.0,291411054,70444704,46971,0,0.0
1790764557.8,0.9748737608537056,40.0,152.0,1168.0,291487815,70444704,76761,0,0.0
1790764559.9,0.9751455505171156,39.0,154.0,1168.0,291487815,70444704,0,0,
1790764562.0,0.9836497060380219,39.0,153.0,1168.0,291551839,70444704,64024,0,0.0
1790764564.1,0.9909951793096543,39.0,153.0,1168.0,291551839,70444704,0,0,
1790764566.1,0.959024132061167,38.0,153.0,1168.0,291680732,70444704,128893,0,0.0
1790764568.2,0.9821548628892671,39.0,153.0,1168.0,291720904,70444704,40172,0,0.0
1790764570.3,0.9970103137024905,39.0,154.0,1168.0,291720904,70444704,0,0,
1790764572.3,0.9930049923469753,39.0,154.0,1168.0,291775288,70444704,54384,0,0.0
1790764574.4,0.9832277168237802,38.0,155.0,1168.0,291775288,70444704,0,0,
1790764576.5,0.9819903586193085,38.0,155.0,1168.0,291816650,70444704,41362,0,0.0
1790764578.6,0.9664983478049408,35.0,157.0,1168.0,291910641,70444704,93991,0,0.0
1790764580.7,0.9568641194730142,34.0,158.0,1168.0,292005001,70444704,94360,0,0.0
1790764582.7,0.9698885662380019,34.0,159.0,1168.0,292005001,70444704,0,0,
1790764584.8,0.9649891999370592,34.0,158.0,1168.0,292108591,70444704,103590,0,0.0
1790764586.9,0.9833278498576681,34.0,158.0,1168.0,292108591,70444704,0,0,
1790764589.0,0.9968744188707854,34.0,158.0,1168.0,292108591,70444704,0,0,
1790764591.0,0.9972248844893931,34.0,158.0,1168.0,292152865,70444704,44274,0,0.0
1790764593.2,0.9543607936258172,32.0,160.0,1168.0,292262562,70444704,109697,0,0.0
1790764595.2,0.979973393222424,32.0,161.0,1168.0,292262562,70444704,0,0,
1790764597.3,0.9763256898450798,31.0,161.0,1168.0,292262562,70444704,0,0,
1790764599.4,0.9749023702919594,32.0,160.0,1168.0,292405444,70444704,142882,0,0.0
1790764601.5,0.9993133734819117,33.0,160.0,1168.0,292405444,70444704,0,0,
1790764603.5,0.9881413878438496,33.0,160.0,1168.0,292426490,70444704,21046,0,0.0
1790764605.6,0.9788862345687842,33.0,159.0,1168.0,292583885,70444704,157395,0,0.0
1790764607.7,0.9972105797702662,33.0,159.0,1168.0,292583885,70444704,0,0,
1790764609.8,0.9332184187563477,31.0,159.0,1168.0,292583885,70444704,0,0,
1790764611.8,0.9624715693707354,32.0,159.0,1168.0,292676415,70444720,92530,16,0.0002
1790764613.9,0.969123263764716,31.0,162.0,1168.0,292676415,70444720,0,0,
1790764616.0,0.9897578211051826,32.0,161.0,1168.0,292714539,70444720,38124,0,0.0
1790764618.1,0.9654827127469352,32.0,160.0,1168.0,292754879,70444720,40340,0,0.0
1790764620.1,0.9799662408628607,32.0,161.0,1168.0,292814017,70444720,59138,0,0.0
1790764622.2,0.9598466534109603,32.0,160.0,1168.0,292855933,70444720,41916,0,0.0
1790764624.3,0.9759394624286553,33.0,158.0,1168.0,292934354,70444720,78421,0,0.0
1790764626.3,0.9712975810719957,35.0,155.0,1168.0,293059654,70444720,125300,0,0.0
1790764628.5,0.9747879325389446,35.0,157.0,1168.0,293059654,70444720,0,0,
1790764630.5,0.9899294777347046,35.0,158.0,1168.0,293059654,70444720,0,0,
1790764632.6,0.9857739568283577,35.0,158.0,1168.0,293108998,70444720,49344,0,0.0
1790764634.7,0.987669332112664,35.0,157.0,1168.0,293154477,70444720,45479,0,0.0
1790764636.8,0.9216673580614245,33.0,159.0,1168.0,293241500,70444736,87023,16,0.0002
1790764638.9,0.9363153904473086,34.0,158.0,1168.0,293281465,70444736,39965,0,0.0
1790764641.0,0.9729140143333286,35.0,157.0,1168.0,293346284,70444736,64819,0,0.0
1790764643.1,0.9963451442630924,36.0,157.0,1168.0,293377911,70444736,31627,0,0.0
1790764645.1,0.9727209006251162,35.0,157.0,1168.0,293477243,70444736,99332,0,0.0
1790764647.2,0.9910667029052884,35.0,158.0,1168.0,293477243,70444736,0,0,
1790764649.3,0.9992919164032215,35.0,158.0,1168.0,293477243,70444736,0,0,
1790764651.3,0.9914529303217131,35.0,158.0,1168.0,293518177,70444736,40934,0,0.0
1790764653.4,0.9922969087501967,35.0,158.0,1168.0,293518177,70444736,0,0,
1790764655.5,0.9271532178465676,34.0,158.0,1168.0,293583716,70444736,65539,0,0.0
1790764657.6,0.9528444933983721,35.0,157.0,1168.0,293655679,70444752,71963,16,0.0002
1790764659.6,0.9820904916531964,36.0,156.0,1168.0,293710660,70444752,54981,0,0.0
1790764661.7,0.9849299783998742,36.0,156.0,1168.0,293710660,70444752,0,0,
1790764663.8,0.9786287496245011,36.0,157.0,1168.0,293769402,70444752,58742,0,0.0
1790764665.9,0.9760467478221065,35.0,157.0,1168.0,293769402,70444752,0,0,
1790764667.9,0.9695381006193944,35.0,158.0,1168.0,293843901,70444752,74499,0,0.0
1790764670.0,0.9942638076301372,36.0,157.0,1168.0,293881508,70444752,37607,0,0.0
1790764672.1,0.9793940520977871,36.0,157.0,1168.0,293915136,70444752,33628,0,0.0
1790764674.2,0.9802809446836511,36.0,157.0,1168.0,293915136,70444752,0,0,
1790764676.3,0.9892643082953066,36.0,157.0,1168.0,293975217,70444752,60081,0,0.0
1790764678.3,0.9814110174946715,36.0,157.0,1168.0,294084414,70444752,109197,0,0.0
1790764680.4,0.9665841761197019,35.0,157.0,1168.0,294084414,70444752,0,0,
1790764682.5,0.9478592987826684,35.0,157.0,1168.0,294198936,70444752,114522,0,0.0
1790764684.5,0.9661407298267699,35.0,157.0,1168.0,294198936,70444752,0,0,
1790764686.6,0.9807673051339637,35.0,157.0,1168.0,294198936,70444752,0,0,
1790764688.7,0.9815826741241935,35.0,158.0,1168.0,294198936,70444752,0,0,
1790764690.8,0.9441186147309998,35.0,157.0,1168.0,294316909,70444752,117973,0,0.0
1790764692.9,0.9661478821863333,36.0,157.0,1168.0,294381595,70444752,64686,0,0.0
1790764695.0,0.9703463172500608,35.0,157.0,1168.0,294381595,70444752,0,0,
1790764697.0,0.9980259487604961,36.0,157.0,1168.0,294440043,70444768,58448,16,0.0003
1790764699.1,0.9512495172157295,36.0,157.0,1168.0,294538887,70444768,98844,0,0.0
1790764701.2,0.9737293833235584,36.0,157.0,1168.0,294538887,70444768,0,0,
1790764703.3,0.9372165877522995,34.0,158.0,1168.0,294598358,70444784,59471,16,0.0003
1790764705.3,0.9664983478049408,35.0,157.0,1168.0,294661159,70444784,62801,0,0.0
1790764707.4,0.9373167207861873,35.0,157.0,1168.0,294736609,70444784,75450,0,0.0
1790764709.5,0.9592887693650135,36.0,157.0,1168.0,294795828,70444784,59219,0,0.0
1790764711.6,0.9616347433018153,36.0,157.0,1168.0,294839191,70444800,43363,16,0.0004
1790764713.6,0.9719126839944497,36.0,157.0,1168.0,294916621,70444800,77430,0,0.0
1790764715.7,0.9602900997038923,35.0,157.0,1168.0,294916621,70444800,0,0,
1790764717.8,0.9610840116154319,35.0,158.0,1168.0,294916621,70444800,0,0,
1790764719.9,0.9188278713147467,33.0,159.0,1168.0,295076851,70444800,160230,0,0.0
1790764721.9,0.933461598981504,33.0,160.0,1168.0,295076851,70444800,0,0,
1790764724.0,0.9481024790078247,33.0,161.0,1168.0,295076851,70444800,0,0,
1790764726.1,0.9590956556568012,33.0,161.0,1168.0,295076851,70444800,0,0,
1790764728.2,0.9664196718497432,33.0,161.0,1168.0,295076851,70444800,0,0,
1790764730.2,0.9862102507617263,34.0,160.0,1168.0,295115553,70444800,38702,0,0.0
1790764732.3,0.9805312772683709,34.0,160.0,1168.0,295162056,70444800,46503,0,0.0
1790764734.4,0.9728424907376944,35.0,158.0,1168.0,295259548,70444800,97492,0,0.0
1790764736.5,0.9683078947744861,36.0,158.0,1168.0,295326239,70444800,66691,0,0.0
1790764738.6,0.997632568984508,37.0,157.0,1168.0,295351314,70444800,25075,0,0.0
1790764740.7,0.9723203684895647,36.0,156.0,1168.0,295427436,70444800,76122,0,0.0
1790764742.7,0.9674138498290586,35.0,159.0,1168.0,295427436,70444800,0,0,
1790764744.8,0.9372809589883703,35.0,159.0,1168.0,295534954,70444800,107518,0,0.0
1790764746.9,0.955583847111162,35.0,159.0,1168.0,295534954,70444800,0,0,
1790764749.0,0.9304289985266139,34.0,158.0,1168.0,295653463,70444800,118509,0,0.0
1790764751.1,0.9560702075614745,35.0,159.0,1168.0,295653463,70444800,0,0,
1790764753.1,0.9817042642367717,36.0,158.0,1168.0,295655819,70444800,2356,0,0.0
1790764755.2,0.9776774858025663,36.0,157.0,1168.0,295743248,70444800,87429,0,0.0
1790764757.3,0.9691304161242794,35.0,157.0,1168.0,295743248,70444800,0,0,
1790764759.4,0.9776202669260589,35.0,158.0,1168.0,295838553,70444800,95305,0,0.0
1790764761.4,0.9956513653854406,35.0,158.0,1168.0,295838553,70444800,0,0,
1790764763.5,0.9964452772969803,35.0,158.0,1168.0,295838553,70444800,0,0,
1790764765.6,0.997274951006337,35.0,158.0,1168.0,295838553,70444800,0,0,
1790764767.7,0.9686941221909108,34.0,158.0,1168.0,295983272,70444800,144719,0,0.0
1790764769.7,0.9702604889352997,34.0,159.0,1168.0,295983272,70444800,0,0,
1790764771.8,0.9885633770580915,34.0,159.0,1168.0,295983272,70444800,0,0,
1790764773.9,0.9513997167665613,33.0,158.0,1168.0,296049175,70444800,65903,0,0.0
1790764776.0,0.9733860700645143,34.0,159.0,1168.0,296090357,70444800,41182,0,0.0
1790764778.0,0.9369805598867066,33.0,158.0,1168.0,296130310,70444800,39953,0,0.0
1790764780.1,0.9699815469123264,35.0,157.0,1168.0,296238968,70444800,108658,0,0.0
1790764782.2,0.9927117456048751,35.0,157.0,1168.0,296238968,70444800,0,0,
1790764784.3,0.9885061581815842,35.0,157.0,1168.0,296293226,70444800,54258,0,0.0
1790764786.3,0.9928690975152703,36.0,157.0,1168.0,296362250,70444800,69024,0,0.0
1790764788.4,0.9738009069191926,36.0,156.0,1168.0,296418657,70444816,56407,16,0.0003
1790764790.5,0.9453988870928519,35.0,156.0,1168.0,296504788,70444816,86131,0,0.0
1790764792.6,0.971083010285093,35.0,158.0,1168.0,296504788,70444816,0,0,
1790764794.7,0.9930049923469753,36.0,157.0,1168.0,296546422,70444816,41634,0,0.0
1790764796.7,0.9961806399931338,36.0,157.0,1168.0,296546422,70444816,0,0,
1790764798.8,0.9796443846825068,36.0,156.0,1168.0,296647648,70444816,101226,0,0.0
1790764800.9,0.9743230291673223,36.0,155.0,1168.0,296711931,70444816,64283,0,0.0
1790764803.0,0.9539459567711388,35.0,155.0,1168.0,296754807,70444816,42876,0,0.0
1790764805.0,0.9869326390776317,36.0,156.0,1168.0,296798649,70444816,43842,0,0.0
1790764807.1,0.979801736592902,36.0,156.0,1168.0,296842600,70444816,43951,0,0.0
1790764809.2,0.9577581644184416,34.0,157.0,1168.0,296923177,70444816,80577,0,0.0
1790764811.3,0.9760825096199236,34.0,159.0,1168.0,296923177,70444816,0,0,
1790764813.3,0.9592029410502525,34.0,159.0,1168.0,296987114,70444816,63937,0,0.0
1790764815.4,0.9842648089604761,35.0,158.0,1168.0,297045041,70444816,57927,0,0.0
1790764817.5,0.9767333743401948,34.0,159.0,1168.0,297045041,70444816,0,0,
1790764819.6,0.9714191711845738,34.0,159.0,1168.0,297121064,70444816,76023,0,0.0
1790764821.6,0.9761683379346846,34.0,158.0,1168.0,297168133,70444816,47069,0,0.0
1790764823.7,0.9833993734533022,34.0,159.0,1168.0,297248567,70444816,80434,0,0.0
1790764825.8,0.932217088417469,34.0,158.0,1168.0,297307430,70444832,58863,16,0.0003
1790764827.9,0.9578654498118929,35.0,157.0,1168.0,297424755,70444832,117325,0,0.0
1790764830.0,0.9571931280129314,34.0,157.0,1168.0,297424755,70444832,0,0,
1790764832.0,0.9758107199565137,35.0,155.0,1168.0,297466204,70444832,41449,0,0.0
1790764834.1,0.9942924170683909,35.0,156.0,1168.0,297466204,70444832,0,0,
1790764836.2,0.9998211910109145,36.0,155.0,1168.0,297544462,70444832,78258,0,0.0
1790764838.3,0.9824051954739869,35.0,155.0,1197.0,297544462,70444832,0,0,
1790764840.4,0.9756891298439355,35.0,155.0,1197.0,297613404,70444832,68942,0,0.0
1790764842.4,0.988420329866823,36.0,157.0,1197.0,297697676,70444832,84272,0,0.0
1790764844.5,0.9817471783941523,35.0,157.0,1233.0,297697676,70444832,0,0,
1790764846.6,0.9825553950248187,35.0,158.0,1233.0,297697676,70444832,0,0,
1790764848.6,0.9688657788204329,34.0,158.0,1233.0,297771205,70444832,73529,0,0.0
1790764850.7,0.9224040510964567,35.0,157.0,1233.0,297843271,70444832,72066,0,0.0
1790764852.8,0.9480881742886978,36.0,157.0,1233.0,297950282,70444832,107011,0,0.0
1790764854.9,0.977348477262649,37.0,156.0,1233.0,297950282,70444832,0,0,
1790764857.0,0.9594747307136624,37.0,155.0,1233.0,297992455,70444832,42173,0,0.0
1790764859.0,0.950219577438597,37.0,155.0,1233.0,298134754,70444832,142299,0,0.0
1790764861.1,0.9758750911925844,37.0,156.0,1233.0,298134754,70444832,0,0,
1790764863.2,0.9868468107628706,37.0,156.0,1233.0,298134754,70444832,0,0,
1790764865.3,0.9901941150385513,38.0,155.0,1233.0,298225157,70444832,90403,0,0.0
1790764867.4,0.9982905860643426,38.0,155.0,1233.0,298225157,70444832,0,0,
1790764869.5,0.9902370291959317,38.0,154.0,1233.0,298299063,70444832,73906,0,0.0
1790764871.5,0.9835352682850073,38.0,154.0,1233.0,298378082,70444832,79019,0,0.0
1790764873.6,0.9901869626789878,38.0,154.0,1233.0,298378082,70444832,0,0,
1790764875.7,0.9556625230663596,37.0,155.0,1233.0,298378082,70444832,0,0,
1790764877.8,0.9757034345630624,38.0,153.0,1233.0,298478072,70444832,99990,0,0.0
1790764879.8,0.9523295235098059,37.0,153.0,1233.0,298540174,70444832,62102,0,0.0
1790764881.9,0.981639893000701,39.0,152.0,1233.0,298624050,70444832,83876,0,0.0
1790764884.0,0.9563920637418284,38.0,153.0,1233.0,298667377,70444832,43327,0,0.0
1790764886.1,0.9310584061681949,37.0,153.0,1233.0,298836138,70444832,168761,0,0.0
1790764888.1,0.9231836582888695,36.0,156.0,1233.0,298836138,70444832,0,0,
1790764890.2,0.9183629679431244,35.0,157.0,1233.0,298836138,70444832,0,0,
1790764892.3,0.9293418398729741,35.0,158.0,1233.0,298836138,70444832,0,0,
1790764894.4,0.9366730084254795,35.0,158.0,1233.0,298836138,70444832,0,0,
1790764896.4,0.9476518803553292,36.0,157.0,1233.0,298908850,70444832,72712,0,0.0
1790764898.5,0.9732859370306264,36.0,157.0,1233.0,298908850,70444832,0,0,
1790764900.6,0.995572689430243,37.0,156.0,1233.0,298945305,70444832,36455,0,0.0
1790764902.7,0.9934055244825268,37.0,156.0,1233.0,298985845,70444832,40540,0,0.0
1790764904.7,0.9941565222366859,37.0,156.0,1233.0,298985845,70444832,0,0,
1790764906.8,0.9802666399645243,37.0,156.0,1233.0,299043413,70444832,57568,0,0.0
1790764908.9,0.958308896104825,36.0,155.0,1233.0,299112367,70444832,68954,0,0.0
1790764911.0,0.9513639549687442,35.0,156.0,1233.0,299112367,70444832,0,0,
1790764913.0,0.9356573733674739,36.0,155.0,1233.0,299209697,70444832,97330,0,0.0
1790764915.1,0.9576294219463001,38.0,154.0,1233.0,299308272,70444832,98575,0,0.0
1790764917.2,0.983242021542907,38.0,155.0,1233.0,299308272,70444832,0,0,
1790764919.3,0.9764758893959117,37.0,156.0,1233.0,299308272,70444832,0,0,
1790764921.3,0.9688872358991231,36.0,156.0,1233.0,299368064,70444832,59792,0,0.0
1790764923.4,0.9849371307594376,36.0,157.0,1233.0,299368064,70444832,0,0,
1790764925.5,0.9848656071638033,36.0,156.0,1233.0,299425037,70444832,56973,0,0.0
1790764927.6,0.9745447523137883,36.0,155.0,1233.0,299483847,70444848,58810,16,0.0003
1790764929.6,0.9592601599267598,36.0,155.0,1233.0,299554279,70444848,70432,0,0.0
1790764931.7,0.9798661078289728,36.0,156.0,1233.0,299554279,70444848,0,0,
1790764933.8,0.9741799819760539,36.0,156.0,1233.0,299614862,70444848,60583,0,0.0
1790764935.9,0.9799948503011143,36.0,157.0,1233.0,299614862,70444848,0,0,
1790764937.9,0.9638662794856023,35.0,157.0,1233.0,299614862,70444848,0,0,
1790764940.0,0.964746019711903,35.0,157.0,1233.0,299614862,70444848,0,0,
1790764942.1,0.9352639935914858,34.0,157.0,1233.0,299699249,70444848,84387,0,0.0
1790764944.2,0.9535954911525312,34.0,158.0,1233.0,299699249,70444848,0,0,
1790764946.2,0.9568426623943239,34.0,159.0,1233.0,299813928,70444848,114679,0,0.0
1790764948.3,0.9418656214685225,33.0,159.0,1233.0,299813928,70444848,0,0,
1790764950.4,0.9565422632926602,33.0,160.0,1233.0,299813928,70444848,0,0,
1790764952.5,0.9351996223554151,32.0,160.0,1233.0,299990521,70444848,176593,0,0.0
1790764954.5,0.9542535082323659,32.0,160.0,1233.0,299990521,70444848,0,0,
1790764956.6,0.9725349392764673,32.0,161.0,1233.0,299990521,70444848,0,0,
1790764958.7,0.9945284449339837,33.0,160.0,1233.0,299990521,70444848,0,0,
1790764960.8,0.943203112706882,33.0,159.0,1233.0,300067582,70444848,77061,0,0.0
1790764962.9,0.9688586264608694,34.0,159.0,1233.0,300208814,70444848,141232,0,0.0
1790764964.9,0.9628506444275967,34.0,158.0,1233.0,300208814,70444848,0,0,
1790764967.0,0.9848369977255497,34.0,159.0,1233.0,300208814,70444848,0,0,
1790764969.1,0.9828772512051726,35.0,158.0,1233.0,300286176,70444848,77362,0,0.0
1790764971.2,0.9944211595405325,35.0,158.0,1233.0,300326552,70444848,40376,0,0.0
1790764973.3,0.9852375298611011,35.0,157.0,1233.0,300389918,70444848,63366,0,0.0
1790764975.3,0.9911239217817958,35.0,157.0,1233.0,300437015,70444848,47097,0,0.0
1790764977.4,0.966655699715336,34.0,157.0,1233.0,300483984,70444848,46969,0,0.0
1790764979.5,0.967421002188622,34.0,157.0,1233.0,300483984,70444848,0,0,
1790764981.6,0.9674639163460026,34.0,158.0,1233.0,300563358,70444848,79374,0,0.0
1790764983.7,0.9896362309926044,35.0,158.0,1233.0,300590251,70444848,26893,0,0.0
1790764985.7,0.9858526327835553,35.0,158.0,1233.0,300627807,70444848,37556,0,0.0
1790764987.8,0.9700673752270874,36.0,156.0,1233.0,300709249,70444848,81442,0,0.0
1790764989.9,0.9610697068963051,36.0,156.0,1233.0,300760799,70444848,51550,0,0.0
1790764992.0,0.9940420844836712,37.0,155.0,1233.0,300801863,70444848,41064,0,0.0
1790764994.0,0.9371951306736093,36.0,154.0,1233.0,300883747,70444848,81884,0,0.0
1790764996.1,0.9555051711559643,36.0,157.0,1233.0,300883747,70444848,0,0,
1790764998.2,0.9884775487433304,38.0,155.0,1233.0,300970878,70444848,87131,0,0.0
1790765000.2,0.9771482111948732,38.0,155.0,1233.0,301081316,70444848,110438,0,0.0
1790765002.3,0.981368103337291,38.0,154.0,1233.0,301081316,70444848,0,0,
1790765004.4,0.9861744889639092,38.0,154.0,1233.0,301131589,70444848,50273,0,0.0
1790765006.5,0.9453130587780909,37.0,155.0,1233.0,301211687,70444848,80098,0,0.0
1790765008.5,0.9634299855522337,38.0,154.0,1233.0,301211687,70444848,0,0,
1790765010.7,0.9644313158911125,38.0,155.0,1233.0,301211687,70444848,0,0,
1790765012.7,0.9204085427782626,36.0,156.0,1233.0,301315374,70444848,103687,0,0.0
1790765014.8,0.9350422704450199,36.0,157.0,1233.0,301315374,70444848,0,0,
1790765016.9,0.9607049365585707,37.0,156.0,1233.0,301421307,70444848,105933,0,0.0
1790765019.0,0.9863532979529946,38.0,155.0,1233.0,301421307,70444848,0,0,
1790765021.1,0.9993205258414751,39.0,154.0,1233.0,301443094,70444848,21787,0,0.0
1790765023.2,0.9816613500793911,37.0,155.0,1248.0,301443094,70444848,0,0,
1790765025.2,0.9418298596707053,36.0,157.0,1248.0,301547726,70444848,104632,0,0.0
1790765027.3,0.9564778920565895,36.0,157.0,1248.0,301547726,70444848,0,0,
1790765029.4,0.9784642453545425,38.0,155.0,1248.0,301613604,70444848,65878,0,0.0
1790765031.5,0.9784570929949791,38.0,154.0,1248.0,301642365,70444848,28761,0,0.0
1790765033.5,0.9802809446836511,38.0,155.0,1248.0,301707434,70444864,65069,16,0.0002
1790765035.6,0.9960304404423019,38.0,155.0,1248.0,301748707,70444864,41273,0,0.0
1790765037.7,0.9443904043944097,37.0,155.0,1248.0,301844791,70444864,96084,0,0.0
1790765039.8,0.9663624529732359,37.0,155.0,1248.0,301844791,70444864,0,0,
1790765041.8,0.983957257499249,38.0,156.0,1248.0,301943435,70444864,98644,0,0.0
1790765043.9,0.9984050238173573,39.0,155.0,1248.0,301943435,70444864,0,0,
1790765046.0,0.9293776016707912,37.0,157.0,1248.0,302002863,70444864,59428,0,0.0
1790765048.1,0.9291558785243251,38.0,155.0,1248.0,302162926,70444864,160063,0,0.0
1790765050.1,0.9547827828400589,38.0,155.0,1248.0,302162926,70444864,0,0,
1790765052.2,0.969430815225943,38.0,156.0,1248.0,302162926,70444864,0,0,
1790765054.3,0.9877480080678616,39.0,155.0,1248.0,302216712,70444864,53786,0,0.0
1790765056.4,0.9950005006651694,39.0,154.0,1248.0,302258662,70444864,41950,0,0.0
1790765058.4,0.9750025033258471,39.0,154.0,1248.0,302311182,70444864,52520,0,0.0
1790765060.5,0.9743587909651394,39.0,155.0,1248.0,302370947,70444864,59765,0,0.0
1790765062.6,0.9596463873431845,38.0,155.0,1248.0,302370947,70444864,0,0,
1790765064.7,0.9036505643211695,36.0,157.0,1248.0,302481791,70444864,110844,0,0.0
1790765066.7,0.8942094496974552,35.0,159.0,1248.0,302481791,70444864,0,0,
1790765068.8,0.9161528888380277,37.0,157.0,1248.0,302522552,70444864,40761,0,0.0
1790765070.9,0.9454990201267398,38.0,156.0,1248.0,302684052,70444864,161500,0,0.0
1790765073.0,0.9637876035304047,39.0,155.0,1248.0,302684052,70444864,0,0,
1790765075.0,0.9894288125652653,39.0,155.0,1248.0,302684052,70444864,0,0,
1790765077.1,0.9761897950133749,37.0,157.0,1248.0,302684052,70444864,0,0,
1790765079.2,0.9835209635658804,37.0,157.0,1248.0,302752546,70444880,68494,16,0.0002
1790765081.3,0.9531806542978528,37.0,156.0,1248.0,302810169,70444880,57623,0,0.0
1790765083.3,0.9591671792524353,38.0,154.0,1248.0,303007935,70444896,197766,16,0.0001
1790765085.4,0.9658903972420502,38.0,154.0,1248.0,303007935,70444896,0,0,
1790765087.5,0.9664196718497432,37.0,154.0,1248.0,303007935,70444896,0,0,
1790765089.5,0.964338335216788,36.0,155.0,1248.0,303007935,70444896,0,0,
1790765091.6,0.9532736349721773,36.0,158.0,1248.0,303092126,70444896,84191,0,0.0
1790765093.7,0.9716051325332227,39.0,155.0,1248.0,303208352,70444896,116226,0,0.0
1790765095.8,0.9791580242321942,38.0,155.0,1248.0,303208352,70444896,0,0,
1790765097.9,0.9624215028537915,37.0,154.0,1248.0,303347706,70444896,139354,0,0.0
1790765100.0,0.9831490408685826,37.0,157.0,1248.0,303347706,70444896,0,0,
1790765102.1,0.9561774929549258,36.0,157.0,1248.0,303347706,70444896,0,0,
1790765104.1,0.9781423891741886,37.0,157.0,1248.0,303393387,70444896,45681,0,0.0
1790765106.2,0.9449411360807931,35.0,156.0,1248.0,303517533,70444896,124146,0,0.0
1790765108.3,0.9669417940978728,35.0,158.0,1248.0,303517533,70444896,0,0,
1790765110.4,0.9779135136681592,35.0,158.0,1248.0,303517533,70444896,0,0,
1790765112.4,0.9897149069478021,35.0,158.0,1248.0,303517533,70444896,0,0,
1790765114.5,0.9904659047019612,35.0,159.0,1248.0,303517533,70444896,0,0,
1790765116.6,0.9745876664711688,33.0,161.0,1248.0,303517533,70444896,0,0,
1790765118.7,0.9799018696267898,33.0,160.0,1248.0,303577897,70444896,60364,0,0.0
1790765120.7,0.9815683694050668,33.0,161.0,1248.0,303619254,70444896,41357,0,0.0
1790765122.8,0.9680718669088932,33.0,160.0,1248.0,303725872,70444896,106618,0,0.0
1790765124.9,0.9759609195073454,33.0,159.0,1248.0,303725872,70444896,0,0,
1790765127.0,0.994056389202798,33.0,161.0,1248.0,303725872,70444896,0,0,
1790765129.0,0.9208519890711946,31.0,161.0,1248.0,303833601,70444896,107729,0,0.0
1790765131.1,0.950133749123836,32.0,162.0,1248.0,303833601,70444896,0,0,
1790765133.2,0.9757892628778234,33.0,161.0,1248.0,303896391,70444896,62790,0,0.0
1790765135.3,0.9798088889524654,33.0,161.0,1248.0,304031784,70444896,135393,0,0.0
1790765137.4,0.9954582516772283,33.0,161.0,1248.0,304031784,70444896,0,0,
1790765139.4,0.9910309411074714,33.0,161.0,1248.0,304031784,70444896,0,0,
1790765141.5,0.9655184745447523,32.0,160.0,1248.0,304116504,70444896,84720,0,0.0
1790765143.6,0.9838356673866708,32.0,161.0,1248.0,304116504,70444896,0,0,
1790765145.7,0.9768978786101535,32.0,160.0,1248.0,304157746,70444896,41242,0,0.0
1790765147.7,0.9532807873317407,33.0,159.0,1248.0,304263515,70444896,105769,0,0.0
1790765149.8,0.982612613901326,35.0,159.0,1248.0,304317503,70444896,53988,0,0.0
1790765151.9,0.996016135723175,35.0,159.0,1248.0,304317503,70444896,0,0,
1790765154.0,0.9083282074756462,33.0,158.0,1248.0,304424512,70444896,107009,0,0.0
1790765156.0,0.9449697455190468,35.0,159.0,1248.0,304465781,70444896,41269,0,0.0
1790765158.1,0.974251505571688,36.0,158.0,1248.0,304547618,70444896,81837,0,0.0
1790765160.2,0.9750740269214814,36.0,157.0,1248.0,304597613,70444896,49995,0,0.0
1790765162.3,0.981897377944984,36.0,156.0,1248.0,304658188,70444912,60575,16,0.0003
1790765164.3,0.9911739882987397,36.0,157.0,1248.0,304658188,70444912,0,0,
1790765166.4,0.9846081222195202,36.0,156.0,1248.0,304703281,70444912,45093,0,0.0
1790765168.5,0.9533308538486847,34.0,159.0,1248.0,304771331,70444912,68050,0,0.0
1790765170.6,0.9587809518360106,34.0,160.0,1248.0,304771331,70444912,0,0,
1790765172.6,0.9476876421531464,34.0,159.0,1248.0,304867337,70444912,96006,0,0.0
1790765174.7,0.9187205859212955,33.0,159.0,1248.0,304867337,70444912,0,0,
1790765176.8,0.9407140915788118,34.0,160.0,1248.0,304955633,70444912,88296,0,0.0
1790765178.9,0.9626789877980746,34.0,160.0,1248.0,304955633,70444912,0,0,
1790765180.9,0.9559557698084598,34.0,159.0,1248.0,305032177,70444912,76544,0,0.0
1790765183.0,0.9816112835624472,34.0,159.0,1248.0,305032177,70444912,0,0,
1790765185.1,0.9744017051225199,34.0,158.0,1248.0,305227194,70444912,195017,0,0.0
1790765187.2,0.9807243909765831,34.0,159.0,1248.0,305227194,70444912,0,0,
1790765189.3,0.9720128170283376,34.0,160.0,1248.0,305227194,70444912,0,0,
1790765191.3,0.9903085527915659,34.0,160.0,1248.0,305227194,70444912,0,0,
1790765193.4,0.965411189151301,35.0,159.0,1248.0,305329041,70444912,101847,0,0.0
1790765195.5,0.9892213941379261,35.0,159.0,1248.0,305329041,70444912,0,0,
1790765197.5,0.9900510678472828,35.0,159.0,1248.0,305329041,70444912,0,0,
1790765199.6,0.9767405266997582,35.0,158.0,1248.0,305374494,70444912,45453,0,0.0
1790765201.7,0.9794584233338578,35.0,159.0,1248.0,305374494,70444912,0,0,
1790765203.8,0.9802880970432145,35.0,159.0,1248.0,305374494,70444912,0,0,
1790765205.8,0.9778348377129615,35.0,159.0,1248.0,305431018,70444928,56524,16,0.0003
1790765207.9,0.9817543307537157,35.0,159.0,1248.0,305431018,70444928,0,0,
1790765210.0,0.960318709142146,34.0,160.0,1248.0,305490475,70444944,59457,16,0.0003
1790765212.1,0.9710043343298954,35.0,159.0,1248.0,305588383,70444944,97908,0,0.0
1790765214.1,0.9419586021428469,35.0,158.0,1248.0,305637228,70444944,48845,0,0.0
1790765216.2,0.9712260574763615,36.0,157.0,1248.0,305697541,70444944,60313,0,0.0
1790765218.3,0.9614916961105469,36.0,156.0,1248.0,305784487,70444944,86946,0,0.0
1790765220.4,0.979801736592902,36.0,156.0,1248.0,305784487,70444944,0,0,
1790765222.5,0.9530447594661479,35.0,156.0,1248.0,305827593,70444944,43106,0,0.0
1790765224.5,0.9823408242379161,36.0,158.0,1248.0,305891047,70444944,63454,0,0.0
1790765226.6,0.9753100547870742,36.0,156.0,1248.0,305967762,70444944,76715,0,0.0
1790765228.7,0.9613987154362225,35.0,157.0,1248.0,305967762,70444944,0,0,
1790765230.8,0.921931995365271,34.0,159.0,1248.0,306076679,70444944,108917,0,0.0
1790765232.8,0.9365728753915917,34.0,160.0,1248.0,306076679,70444944,0,0,
1790765234.9,0.9512423648561661,35.0,159.0,1248.0,306125609,70444944,48930,0,0.0
1790765237.0,0.9841861330052785,36.0,158.0,1248.0,306189639,70444944,64030,0,0.0
1790765239.1,0.9717124179266741,36.0,157.0,1248.0,306247990,70444960,58351,16,0.0003
1790765241.1,0.987125752785844,36.0,158.0,1248.0,306247990,70444960,0,0,
1790765243.2,0.9787861015348963,36.0,158.0,1248.0,306329955,70444960,81965,0,0.0
1790765245.3,0.9901798103194244,36.0,158.0,1248.0,306329955,70444960,0,0,
1790765247.4,0.9730427568054701,35.0,160.0,1248.0,306398921,70444960,68966,0,0.0
1790765249.4,0.9969030283090392,36.0,159.0,1248.0,306439967,70444960,41046,0,0.0
1790765251.5,0.9896076215543508,36.0,159.0,1248.0,306482747,70444960,42780,0,0.0
1790765253.6,0.9515785257556468,34.0,159.0,1248.0,306482747,70444960,0,0,
1790765255.7,0.9511422318222782,34.0,160.0,1248.0,306591658,70444960,108911,0,0.0
1790765257.7,0.9694665770237602,34.0,161.0,1248.0,306591658,70444960,0,0,
1790765259.9,0.9804239918749196,34.0,161.0,1248.0,306591658,70444960,0,0,
1790765261.9,0.9687084269100377,35.0,160.0,1248.0,306625655,70444960,33997,0,0.0
1790765264.0,0.9661907963437137,34.0,160.0,1248.0,306759513,70444960,133858,0,0.0
1790765266.1,0.9650821806113837,33.0,161.0,1248.0,306759513,70444960,0,0,
1790765268.1,0.9885490723389646,34.0,161.0,1248.0,306759513,70444960,0,0,
1790765270.3,0.9773627819817758,34.0,160.0,1248.0,306865634,70444976,106121,16,0.0002
1790765272.4,0.9963737537013461,34.0,160.0,1248.0,306865634,70444976,0,0,
1790765274.5,0.9959660692062311,34.0,161.0,1248.0,306865634,70444976,0,0,
1790765276.5,0.9967528287582074,34.0,161.0,1248.0,306865634,70444976,0,0,
1790765278.6,0.9871114480667172,34.0,160.0,1248.0,306912597,70444976,46963,0,0.0
1790765280.7,0.9897006022286753,34.0,160.0,1248.0,306960142,70444976,47545,0,0.0
1790765282.8,0.9542177464345487,32.0,161.0,1248.0,307043402,70444976,83260,0,0.0
1790765284.8,0.9798804125480997,32.0,162.0,1248.0,307043402,70444976,0,0,
1790765286.9,0.9769694022057877,32.0,162.0,1248.0,307091397,70444976,47995,0,0.0
1790765289.0,0.9792438525469552,32.0,163.0,1248.0,307129501,70444976,38104,0,0.0
1790765291.0,0.9693378345516186,31.0,163.0,1248.0,307192493,70444976,62992,0,0.0
1790765293.1,0.9748308466963251,31.0,163.0,1248.0,307192493,70444976,0,0,
1790765295.2,0.9755460826526671,31.0,163.0,1248.0,307192493,70444976,0,0,
1790765297.3,0.9764758893959117,31.0,162.0,1248.0,307271578,70444976,79085,0,0.0
1790765299.4,0.9900439154877194,31.0,163.0,1248.0,307271578,70444976,0,0,
1790765301.4,0.9908235226801322,31.0,163.0,1248.0,307271578,70444976,0,0,
1790765303.5,0.9675783540990173,31.0,163.0,1248.0,307449984,70444992,178406,16,0.0001
1790765305.6,0.9628005779106528,31.0,164.0,1248.0,307449984,70444992,0,0,
1790765307.6,0.992082337963294,32.0,163.0,1248.0,307449984,70444992,0,0,
1790765309.7,0.9808173716509077,32.0,163.0,1248.0,307499290,70444992,49306,0,0.0
1790765311.8,0.9852017680632841,32.0,163.0,1248.0,307499290,70444992,0,0,
1790765313.9,0.9841003046905175,31.0,164.0,1248.0,307499290,70444992,0,0,
1790765315.9,0.9848298453659863,31.0,164.0,1248.0,307499290,70444992,0,0,
1790765318.0,0.9715121518588983,30.0,164.0,1248.0,307565965,70444992,66675,0,0.0
1790765320.1,0.9970961420172515,31.0,164.0,1248.0,307657864,70444992,91899,0,0.0
1790765322.2,0.9761969473729384,31.0,164.0,1248.0,307657864,70444992,0,0,
1790765324.2,0.9227330596363741,30.0,164.0,1248.0,307723391,70444992,65527,0,0.0
1790765326.3,0.8918992375584706,30.0,164.0,1248.0,307804246,70444992,80855,0,0.0
1790765328.4,0.9102021256812622,31.0,163.0,1248.0,307847892,70444992,43646,0,0.0
1790765330.5,0.9431673509090649,32.0,162.0,1248.0,307923324,70444992,75432,0,0.0
1790765332.6,0.9185846910895905,31.0,161.0,1248.0,308024027,70445008,100703,16,0.0002
1790765334.6,0.9442187477648877,31.0,161.0,1248.0,308024027,70445008,0,0,
1790765336.7,0.9588810848698985,31.0,162.0,1248.0,308024027,70445008,0,0,
1790765338.8,0.9818616161471669,32.0,161.0,1248.0,308068045,70445008,44018,0,0.0
1790765340.9,0.9722774543321842,32.0,161.0,1248.0,308154713,70445008,86668,0,0.0
1790765342.9,0.990580342454976,32.0,162.0,1248.0,308154713,70445008,0,0,
1790765345.0,0.93037893200967,31.0,161.0,1248.0,308197757,70445008,43044,0,0.0
1790765347.1,0.956027293404094,32.0,162.0,1248.0,308280624,70445008,82867,0,0.0
1790765349.2,0.946729225971648,32.0,161.0,1248.0,308367537,70445008,86913,0,0.0
1790765351.2,0.9402777976454433,31.0,162.0,1248.0,308367537,70445008,0,0,
1790765353.3,0.9659333113994306,32.0,162.0,1248.0,308426449,70445008,58912,0,0.0
1790765355.4,0.9400060079820333,32.0,161.0,1248.0,308490417,70445008,63968,0,0.0
1790765357.5,0.9656472170168938,33.0,160.0,1248.0,308531286,70445008,40869,0,0.0
1790765359.5,0.9614988484701102,33.0,160.0,1248.0,308653500,70445024,122214,16,0.0001
1790765361.6,0.9753672736635817,33.0,161.0,1248.0,308653500,70445024,0,0,
1790765363.7,0.9811034660334444,33.0,160.0,1248.0,308653500,70445024,0,0,
1790765365.8,0.9934055244825268,33.0,160.0,1248.0,308653500,70445024,0,0,
1790765367.8,0.9565780250904774,33.0,159.0,1248.0,308767998,70445024,114498,0,0.0
1790765369.9,0.9822120817657746,33.0,159.0,1248.0,308767998,70445024,0,0,
1790765372.0,0.9878839028995665,33.0,161.0,1248.0,308767998,70445024,0,0,
1790765374.1,0.9886635100919794,33.0,161.0,1248.0,308767998,70445024,0,0,
1790765376.1,0.9656901311742744,33.0,160.0,1248.0,308865893,70445024,97895,0,0.0
1790765378.3,0.9878695981804397,34.0,159.0,1248.0,308865893,70445024,0,0,
1790765380.3,0.9832491739024705,34.0,159.0,1248.0,308898528,70445024,32635,0,0.0
1790765382.4,0.9302144277397113,32.0,161.0,1248.0,308898528,70445024,0,0,
1790765384.5,0.9309654254938704,32.0,162.0,1248.0,308898528,70445024,0,0,
1790765386.6,0.9195431072710887,32.0,161.0,1248.0,309069438,70445024,170910,0,0.0
1790765388.6,0.9341911396569729,32.0,162.0,1248.0,309069438,70445024,0,0,
1790765390.7,0.9451986210250761,32.0,162.0,1248.0,309069438,70445024,0,0,
1790765392.8,0.9561703405953624,32.0,162.0,1248.0,309069438,70445024,0,0,
1790765394.9,0.9671778219634657,32.0,162.0,1248.0,309069438,70445024,0,0,
1790765396.9,0.9597250632983821,32.0,161.0,1248.0,309140514,70445024,71076,0,0.0
1790765399.0,0.9853591199736793,32.0,162.0,1248.0,309140514,70445024,0,0,
1790765401.1,0.9530948259830918,32.0,161.0,1248.0,309203172,70445024,62658,0,0.0
1790765403.2,0.9824051954739869,33.0,161.0,1248.0,309249709,70445024,46537,0,0.0
1790765405.2,0.9756676727652452,33.0,161.0,1248.0,309327663,70445024,77954,0,0.0
1790765407.3,0.9721344071409158,33.0,161.0,1248.0,309370751,70445024,43088,0,0.0
1790765409.4,0.973500507817529,33.0,160.0,1248.0,309429993,70445024,59242,0,0.0
1790765411.5,0.9964810390947973,33.0,161.0,1248.0,309429993,70445024,0,0,
1790765413.5,0.986188793683036,33.0,161.0,1248.0,309488092,70445024,58099,0,0.0
1790765415.6,0.9837426867123464,33.0,161.0,1248.0,309528750,70445040,40658,16,0.0004
1790765417.7,0.9824552619909308,33.0,161.0,1248.0,309576352,70445040,47602,0,0.0
1790765419.8,0.9621997797073254,33.0,160.0,1248.0,309653807,70445040,77455,0,0.0
1790765421.8,0.9878552934613128,33.0,160.0,1248.0,309653807,70445040,0,0,
1790765423.9,0.9937917518989514,33.0,161.0,1248.0,309653807,70445040,0,0,
1790765426.0,0.9733360035475703,32.0,160.0,1248.0,309753909,70445040,100102,0,0.0
1790765428.0,0.991638891670362,32.0,160.0,1248.0,309753909,70445040,0,0,
1790765430.1,0.9748451514154519,31.0,162.0,1248.0,309753909,70445040,0,0,
1790765432.2,0.9799161743459167,31.0,163.0,1248.0,309835556,70445056,81647,16,0.0002
1790765434.3,0.9946285779678716,31.0,163.0,1248.0,309835556,70445056,0,0,
1790765436.3,0.9759108529904015,30.0,164.0,1248.0,309835556,70445056,0,0,
1790765438.4,0.9409644241635315,30.0,163.0,1248.0,309906764,70445056,71208,0,0.0
1790765440.5,0.966619937917519,30.0,164.0,1248.0,309906764,70445056,0,0,
1790765442.6,0.9231121346932353,29.0,163.0,1248.0,309996231,70445056,89467,0,0.0
1790765444.6,0.9414293275351538,29.0,164.0,1248.0,309996231,70445056,0,0,
1790765446.7,0.9707182399473586,32.0,162.0,1248.0,310079436,70445056,83205,0,0.0
1790765448.8,0.9427739711330768,31.0,161.0,1248.0,310196394,70445056,116958,0,0.0
1790765450.9,0.9683937230892471,31.0,163.0,1248.0,310196394,70445056,0,0,
1790765453.0,0.9830489078346947,31.0,163.0,1248.0,310196394,70445056,0,0,
1790765455.0,0.9881199307651595,31.0,163.0,1248.0,310196394,70445056,0,0,
1790765457.1,0.9888637761597551,31.0,163.0,1248.0,310196394,70445056,0,0,
1790765459.2,0.9710186390490223,31.0,162.0,1248.0,310301646,70445056,105252,0,0.0
1790765461.2,0.9961520305548801,31.0,163.0,1248.0,310301646,70445056,0,0,
1790765463.3,0.9968386570729684,31.0,163.0,1248.0,310301646,70445056,0,0,
1790765465.4,0.9975038265123665,31.0,163.0,1248.0,310301646,70445056,0,0,
1790765467.5,0.9655828457808231,30.0,163.0,1248.0,310355970,70445056,54324,0,0.0
1790765469.6,0.9948860629121548,32.0,162.0,1248.0,310402715,70445056,46745,0,0.0
1790765471.6,0.9807601527744003,31.0,163.0,1276.0,310402715,70445056,0,0,
1790765473.7,0.9815039981689959,31.0,163.0,1276.0,310402715,70445056,0,0,
1790765475.8,0.9648962192627348,32.0,160.0,1276.0,310425890,70445056,23175,0,0.0
1790765477.9,0.9841432188478979,33.0,161.0,1276.0,310468042,70445056,42152,0,0.0
1790765479.9,0.9804025347962293,34.0,160.0,1276.0,310557929,70445056,89887,0,0.0
1790765482.0,0.9849514354785643,33.0,160.0,1276.0,310557929,70445056,0,0,
1790765484.1,0.9544752313788318,32.0,159.0,1276.0,310598669,70445072,40740,16,0.0004
1790765486.2,0.9552047720543008,32.0,160.0,1276.0,310598669,70445072,0,0,
1790765488.3,0.9600111576809189,32.0,161.0,1276.0,310702963,70445072,104294,0,0.0
1790765490.3,0.9819760539001817,32.0,162.0,1276.0,310702963,70445072,0,0,
1790765492.4,0.992132404480238,32.0,162.0,1276.0,310702963,70445072,0,0,
1790765494.5,0.9637160799347705,32.0,161.0,1276.0,310740092,70445072,37129,0,0.0
1790765496.6,0.9929978399874119,33.0,161.0,1276.0,310795003,70445072,54911,0,0.0
1790765498.6,0.9923827370649577,33.0,161.0,1276.0,310850391,70445072,55388,0,0.0
1790765500.7,0.9784213311971619,33.0,160.0,1276.0,310897594,70445072,47203,0,0.0
1790765502.8,0.9606977841990072,32.0,160.0,1276.0,310897594,70445072,0,0,
1790765504.9,0.9507488520462901,32.0,160.0,1276.0,311014772,70445072,117178,0,0.0
1790765506.9,0.9444762327091708,31.0,160.0,1276.0,311014772,70445072,0,0,
1790765509.0,0.9554407999198936,31.0,162.0,1276.0,311014772,70445072,0,0,
1790765511.1,0.9510349464288269,31.0,162.0,1276.0,311076070,70445072,61298,0,0.0
1790765513.2,0.9803310112005951,33.0,161.0,1276.0,311149221,70445072,73151,0,0.0
1790765515.2,0.987976883573891,33.0,160.0,1276.0,311220293,70445072,71072,0,0.0
1790765517.3,0.9574863747550317,33.0,160.0,1276.0,311288150,70445072,67857,0,0.0
1790765519.4,0.9769837069249145,33.0,161.0,1276.0,311288150,70445072,0,0,
1790765521.5,0.9257799648103909,33.0,160.0,1276.0,311469152,70445072,181002,0,0.0
1790765523.6,0.9477877751870342,34.0,160.0,1276.0,311469152,70445072,0,0,
1790765525.6,0.969752671406297,34.0,160.0,1276.0,311469152,70445072,0,0,
1790765527.7,0.9576222695867367,34.0,159.0,1276.0,311511288,70445072,42136,0,0.0
1790765529.8,0.9926187649305506,35.0,159.0,1276.0,311555187,70445072,43899,0,0.0
1790765531.9,0.9769264880484072,34.0,160.0,1276.0,311612785,70445072,57598,0,0.0
1790765534.0,0.9885419199794012,34.0,160.0,1276.0,311612785,70445072,0,0,
1790765536.0,0.9569141859899581,33.0,160.0,1276.0,311612785,70445072,0,0,
1790765538.1,0.9359935342669546,33.0,160.0,1276.0,311711933,70445088,99148,16,0.0002
1790765540.2,0.9506201095741486,33.0,161.0,1276.0,311711933,70445088,0,0,
1790765542.3,0.9762470138898822,34.0,160.0,1276.0,311784657,70445088,72724,0,0.0
1790765544.3,0.9876907891913542,34.0,160.0,1276.0,311784657,70445088,0,0,
1790765546.4,0.9806385626618221,34.0,160.0,1276.0,311826313,70445088,41656,0,0.0
1790765548.5,0.9734790507388388,34.0,159.0,1276.0,311885234,70445088,58921,0,0.0
1790765550.6,0.48925715593574315,15.0,178.0,1296.0,311926257,70445088,41023,0,0.0
1790765552.6,0.9754531019783427,34.0,159.0,1296.0,311993964,70445088,67707,0,0.0
1790765554.7,0.998297738423906,35.0,159.0,1296.0,312034073,70445088,40109,0,0.0
1790765556.8,0.9415580700072954,34.0,159.0,1296.0,312118263,70445088,84190,0,0.0
1790765558.9,0.9598538057705237,34.0,160.0,1296.0,312118263,70445088,0,0,
1790765561.0,0.9891784799805455,35.0,159.0,1296.0,312186308,70445104,68045,16,0.0002
1790765563.0,0.9766332413063069,34.0,159.0,1296.0,312186308,70445104,0,0,
1790765565.1,0.9588953895890254,33.0,160.0,1296.0,312186308,70445104,0,0,
1790765567.2,0.94579226686884,33.0,160.0,1296.0,312286147,70445104,99839,0,0.0
1790765569.3,0.9640808502725049,33.0,161.0,1296.0,312286147,70445104,0,0,
1790765571.3,0.9690088260117012,33.0,161.0,1296.0,312286147,70445104,0,0,
1790765573.4,0.9436394066402506,33.0,160.0,1296.0,312388870,70445104,102723,0,0.0
1790765575.5,0.9619136853247886,33.0,161.0,1296.0,312388870,70445104,0,0,
1790765577.6,0.9750597222023546,33.0,161.0,1296.0,312388870,70445104,0,0,
1790765579.7,0.9758965482712747,33.0,161.0,1296.0,312388870,70445104,0,0,
1790765581.8,0.9711902956785443,33.0,161.0,1296.0,312470036,70445104,81166,0,0.0
1790765583.9,0.9818043972706596,33.0,160.0,1296.0,312511347,70445104,41311,0,0.0
1790765586.0,0.9772769536670147,33.0,160.0,1296.0,312587258,70445104,75911,0,0.0
1790765588.0,0.9931051253808632,33.0,161.0,1296.0,312587258,70445104,0,0,
1790765590.1,0.993834666056332,33.0,161.0,1296.0,312587258,70445104,0,0,
1790765592.2,0.9470081679946214,33.0,159.0,1296.0,312677156,70445104,89898,0,0.0
1790765594.3,0.9648032385884103,33.0,158.0,1296.0,312746768,70445120,69612,16,0.0002
1790765596.3,0.9867609824481096,34.0,159.0,1296.0,312794155,70445120,47387,0,0.0
1790765598.4,0.9967671334773341,34.0,160.0,1296.0,312833446,70445120,39291,0,0.0
1790765600.5,0.9705823451156537,33.0,160.0,1296.0,312884993,70445120,51547,0,0.0
1790765602.6,0.9996280773027022,34.0,159.0,1296.0,312930816,70445120,45823,0,0.0
1790765604.6,0.9798303460311557,33.0,161.0,1310.0,312930816,70445120,0,0,
1790765606.7,0.9601756619508776,33.0,160.0,1310.0,313137383,70445120,206567,0,0.0
1790765608.8,0.985795413907048,33.0,161.0,1310.0,313137383,70445120,0,0,
1790765610.9,0.971898379275323,33.0,161.0,1310.0,313137383,70445120,0,0,
1790765612.9,0.9989629078633041,34.0,160.0,1310.0,313137383,70445120,0,0,
1790765615.0,0.9941779793153761,34.0,160.0,1310.0,313137383,70445120,0,0,
1790765617.1,0.9584734003747837,32.0,160.0,1310.0,313213728,70445136,76345,16,0.0002
1790765619.2,0.9841217617692076,32.0,162.0,1310.0,313213728,70445136,0,0,
1790765621.2,0.9765116511937288,32.0,162.0,1310.0,313301332,70445136,87604,0,0.0
1790765623.3,0.9871829716623514,32.0,162.0,1310.0,313301332,70445136,0,0,
1790765625.4,0.9832992404194144,32.0,163.0,1310.0,313370628,70445136,69296,0,0.0
1790765627.5,0.9962593159483314,32.0,163.0,1310.0,313370628,70445136,0,0,
1790765629.5,0.978592987826684,31.0,162.0,1310.0,313414127,70445136,43499,0,0.0
1790765631.6,0.9793225285021528,31.0,163.0,1310.0,313414127,70445136,0,0,
1790765633.7,0.9800377644584949,31.0,164.0,1310.0,313414127,70445136,0,0,
1790765635.8,0.9804955154705537,31.0,163.0,1310.0,313474292,70445136,60165,0,0.0
1790765637.8,0.9895647073969702,31.0,164.0,1310.0,313474292,70445136,0,0,
1790765639.9,0.9567282246413091,30.0,164.0,1310.0,313593187,70445136,118895,0,0.0
1790765642.0,0.9713691046676298,30.0,165.0,1310.0,313593187,70445136,0,0,
1790765644.1,0.9383180511250662,31.0,164.0,1310.0,313722776,70445152,129589,16,0.0001
1790765646.1,0.9676284206159612,31.0,164.0,1310.0,313722776,70445152,0,0,
1790765648.2,0.9932481725721315,32.0,163.0,1310.0,313722776,70445152,0,0,
1790765650.3,0.9766475460254338,32.0,163.0,1310.0,313786443,70445152,63667,0,0.0
1790765652.3,0.987175819302788,32.0,163.0,1310.0,313786443,70445152,0,0,
1790765654.4,0.9596463873431845,31.0,164.0,1310.0,313865295,70445152,78852,0,0.0
1790765656.5,0.9803882300771024,31.0,164.0,1310.0,313865295,70445152,0,0,
1790765658.6,0.9775845051282418,32.0,163.0,1310.0,313960362,70445152,95067,0,0.0
1790765660.6,0.9949003676312815,32.0,163.0,1310.0,313960362,70445152,0,0,
1790765662.7,0.9920322714463502,32.0,163.0,1310.0,314023242,70445152,62880,0,0.0
1790765664.8,0.9516428969917176,31.0,162.0,1310.0,314115048,70445152,91806,0,0.0
1790765666.9,0.9736220979301071,31.0,163.0,1310.0,314115048,70445152,0,0,
1790765668.9,0.9932410202125681,32.0,162.0,1310.0,314140408,70445152,25360,0,0.0
1790765671.0,0.9942495029110103,32.0,163.0,1310.0,314182458,70445168,42050,16,0.0004
1790765673.1,0.9671849743230292,31.0,164.0,1310.0,314182458,70445168,0,0,
1790765675.1,0.9565136538544066,30.0,165.0,1310.0,314182458,70445168,0,0,
1790765677.2,0.9436036448424335,30.0,165.0,1310.0,314288124,70445168,105666,0,0.0
1790765679.3,0.9582516772283176,30.0,165.0,1310.0,314288124,70445168,0,0,
1790765681.4,0.9838928862631782,31.0,164.0,1310.0,314346974,70445184,58850,16,0.0003
1790765683.4,0.9921395568398015,31.0,164.0,1310.0,314346974,70445184,0,0,
1790765685.5,0.9612485158853906,30.0,164.0,1310.0,314419603,70445184,72629,0,0.0
1790765687.6,0.9865178022229534,30.0,164.0,1310.0,314419603,70445184,0,0,
1790765689.7,0.9158954038937446,29.0,165.0,1310.0,314555038,70445184,135435,0,0.0
1790765691.7,0.9378817571916975,29.0,165.0,1310.0,314555038,70445184,0,0,
1790765693.8,0.9598466534109603,30.0,164.0,1310.0,314591948,70445184,36910,0,0.0
1790765695.9,0.967063384210451,30.0,164.0,1310.0,314826647,70445184,234699,0,0.0
1790765698.0,0.9706967828686683,30.0,164.0,1310.0,314826647,70445184,0,0,
1790765700.0,0.9467649877694652,30.0,164.0,1310.0,314826647,70445184,0,0,
1790765702.1,0.9614416295936029,30.0,164.0,1310.0,314826647,70445184,0,0,
1790765704.2,0.9870542291902098,31.0,163.0,1310.0,314826647,70445184,0,0,
1790765706.3,0.9979615775244253,31.0,163.0,1310.0,314826647,70445184,0,0,
1790765708.3,0.9824338049122405,30.0,164.0,1310.0,314926579,70445184,99932,0,0.0
1790765710.4,0.9573147181255096,30.0,163.0,1310.0,314926579,70445184,0,0,
1790765712.5,0.9787145779392622,31.0,163.0,1310.0,314968139,70445184,41560,0,0.0
1790765714.6,0.9413578039395196,30.0,163.0,1310.0,315047469,70445184,79330,0,0.0
1790765716.7,0.9306721787517702,30.0,163.0,1310.0,315135206,70445184,87737,0,0.0
1790765718.7,0.9114323315261705,29.0,164.0,1310.0,315135206,70445184,0,0,
1790765720.8,0.937037778763214,30.0,164.0,1310.0,315180216,70445184,45010,0,0.0
1790765722.9,0.9663910624114895,32.0,162.0,1310.0,315347997,70445184,167781,0,0.0
1790765725.0,0.9897721258243094,32.0,162.0,1310.0,315347997,70445184,0,0,
1790765727.1,0.9863103837956142,32.0,161.0,1310.0,315347997,70445184,0,0,
1790765729.1,0.9661192727480796,32.0,160.0,1310.0,315368885,70445184,20888,0,0.0
1790765731.2,0.9952937474072696,33.0,160.0,1310.0,315429296,70445184,60411,0,0.0
1790765733.3,0.9770623828801122,33.0,159.0,1310.0,315510762,70445184,81466,0,0.0
1790765735.4,0.9846152745790836,33.0,161.0,1310.0,315510762,70445184,0,0,
1790765737.5,0.983513811206317,34.0,160.0,1310.0,315583942,70445184,73180,0,0.0
1790765739.6,0.9983263478621597,34.0,160.0,1310.0,315583942,70445184,0,0,
1790765741.6,0.9991345644928262,34.0,160.0,1310.0,315583942,70445184,0,0,
1790765743.7,0.9708326777003734,33.0,160.0,1310.0,315662122,70445184,78180,0,0.0
1790765745.8,0.9228403450298254,32.0,160.0,1310.0,315749519,70445184,87397,0,0.0
1790765747.9,0.8911410874447481,31.0,162.0,1310.0,315749519,70445184,0,0,
1790765750.0,0.9131131360235741,32.0,161.0,1310.0,315801208,70445184,51689,0,0.0
1790765752.1,0.9424306578740327,33.0,160.0,1310.0,315906410,70445184,105202,0,0.0
1790765754.2,0.9680289527515127,34.0,160.0,1310.0,315948386,70445184,41976,0,0.0
1790765756.2,0.9987626417955283,35.0,159.0,1310.0,315991721,70445184,43335,0,0.0
1790765758.3,0.9977970732544666,35.0,158.0,1310.0,316031874,70445184,40153,0,0.0
1790765760.4,0.9837569914314732,35.0,157.0,1310.0,316097273,70445184,65399,0,0.0
1790765762.5,0.9703963837670048,35.0,157.0,1310.0,316141989,70445184,44716,0,0.0
1790765764.5,0.9764544323172214,35.0,157.0,1310.0,316141989,70445184,0,0,
1790765766.6,0.9624071981346646,35.0,157.0,1310.0,316207021,70445184,65032,0,0.0
1790765768.7,0.9713834093867567,35.0,157.0,1310.0,316250491,70445184,43470,0,0.0
1790765770.8,0.9978185303331569,36.0,158.0,1310.0,316306886,70445184,56395,0,0.0
1790765772.8,0.9885776817772183,36.0,157.0,1310.0,316349107,70445184,42221,0,0.0
1790765774.9,0.974487533437281,36.0,158.0,1310.0,316391972,70445184,42865,0,0.0
1790765777.0,0.9834208305319925,37.0,156.0,1310.0,316448859,70445184,56887,0,0.0
1790765779.1,0.9654898651064986,37.0,154.0,1310.0,316554099,70445184,105240,0,0.0
1790765781.1,0.9871686669432246,37.0,155.0,1310.0,316554099,70445184,0,0,
1790765783.2,0.9879482741356373,37.0,156.0,1310.0,316554099,70445184,0,0,
1790765785.3,0.97412991545911,37.0,155.0,1310.0,316688546,70445200,134447,16,0.0001
1790765787.4,0.98293447008168,37.0,156.0,1310.0,316688546,70445200,0,0,
1790765789.4,0.9766403936658704,37.0,156.0,1310.0,316736239,70445200,47693,0,0.0
1790765791.5,0.9579012116097101,36.0,157.0,1310.0,316736239,70445200,0,0,
1790765793.6,0.9437466920337019,36.0,155.0,1310.0,316895098,70445200,158859,0,0.0
1790765795.6,0.9693807487089992,36.0,157.0,1310.0,316895098,70445200,0,0,
1790765797.7,0.9803739253579756,36.0,158.0,1310.0,316895098,70445200,0,0,
1790765799.8,0.9784570929949791,36.0,158.0,1310.0,316959430,70445200,64332,0,0.0
1790765801.9,0.950934813394939,35.0,157.0,1310.0,317028908,70445200,69478,0,0.0
1790765803.9,0.9729140143333286,37.0,155.0,1310.0,317072602,70445200,43694,0,0.0
1790765806.0,0.9872974094153661,37.0,155.0,1310.0,317126478,70445200,53876,0,0.0
1790765808.1,0.9251720142475003,37.0,155.0,1310.0,317300895,70445200,174417,0,0.0
1790765810.2,0.9471297581071996,37.0,156.0,1310.0,317300895,70445200,0,0,
1790765812.2,0.9505056718211338,37.0,156.0,1310.0,317300895,70445200,0,0,
1790765814.3,0.9688228646630523,37.0,157.0,1310.0,317300895,70445200,0,0,
1790765816.4,0.9869469437967585,37.0,156.0,1310.0,317339490,70445200,38595,0,0.0
1790765818.5,0.9732215657945557,37.0,157.0,1310.0,317404564,70445200,65074,0,0.0
1790765820.6,0.9773413249030856,37.0,157.0,1310.0,317404564,70445200,0,0,
1790765822.6,0.9637017752156436,37.0,157.0,1310.0,317468642,70445200,64078,0,0.0
1790765824.7,0.9540746992432804,37.0,156.0,1310.0,317554418,70445200,85776,0,0.0
1790765826.8,0.9433461598981504,36.0,157.0,1310.0,317554418,70445200,0,0,
1790765828.9,0.9689945212925745,37.0,156.0,1310.0,317651634,70445200,97216,0,0.0
1790765830.9,0.9873045617749295,37.0,156.0,1310.0,317651634,70445200,0,0,
1790765833.0,0.9851302444676499,37.0,155.0,1310.0,317721586,70445216,69952,16,0.0002
1790765835.1,0.9983978714577939,37.0,156.0,1310.0,317721586,70445216,0,0,
1790765837.1,0.9816828071580814,36.0,157.0,1310.0,317787016,70445216,65430,0,0.0
1790765839.2,0.9502982533937946,35.0,158.0,1310.0,317897413,70445216,110397,0,0.0
1790765841.3,0.9685939891570229,35.0,158.0,1310.0,317897413,70445216,0,0,
1790765843.4,0.9832634786215972,35.0,158.0,1310.0,317897413,70445216,0,0,
1790765845.5,0.9858097186261747,35.0,158.0,1310.0,317897413,70445216,0,0,
1790765847.6,0.986596478178151,35.0,158.0,1310.0,317897413,70445216,0,0,
1790765849.6,0.9799948503011143,35.0,158.0,1310.0,317931044,70445216,33631,0,0.0
1790765851.7,0.9534953581186434,34.0,157.0,1310.0,318061372,70445216,130328,0,0.0
1790765853.8,0.979136567153504,35.0,157.0,1310.0,318061372,70445216,0,0,
1790765855.9,0.9699100233166922,35.0,156.0,1310.0,318208016,70445232,146644,16,0.0001
1790765858.0,0.9882129114394839,35.0,157.0,1310.0,318208016,70445232,0,0,
1790765860.0,0.9839930192970661,35.0,157.0,1310.0,318208016,70445232,0,0,
1790765862.2,0.9962092494313874,34.0,158.0,1310.0,318208016,70445232,0,0,
1790765864.2,0.9970746849385612,34.0,159.0,1310.0,318208016,70445232,0,0,
1790765866.3,0.9878839028995665,34.0,159.0,1310.0,318251428,70445232,43412,0,0.0
1790765868.4,0.9610768592558685,33.0,159.0,1310.0,318297372,70445232,45944,0,0.0
1790765870.4,0.9269744088574821,33.0,158.0,1310.0,318391609,70445232,94237,0,0.0
1790765872.5,0.9452916016994006,33.0,159.0,1310.0,318391609,70445232,0,0,
1790765874.6,0.9672421931995365,34.0,159.0,1310.0,318481084,70445232,89475,0,0.0
1790765876.7,0.9892213941379261,34.0,159.0,1310.0,318481084,70445232,0,0,
1790765878.8,0.9729497761311456,34.0,158.0,1310.0,318516501,70445232,35417,0,0.0
1790765880.8,0.966891727580929,33.0,159.0,1310.0,318516501,70445232,0,0,
1790765882.9,0.9581443918348663,33.0,159.0,1310.0,318603885,70445232,87384,0,0.0
1790765885.0,0.9718554651179424,33.0,160.0,1310.0,318603885,70445232,0,0,
1790765887.1,0.9227116025576838,32.0,160.0,1310.0,318692732,70445232,88847,0,0.0
1790765889.1,0.9115181598409315,31.0,160.0,1310.0,318791322,70445232,98590,0,0.0
1790765891.2,0.9171756762555967,31.0,160.0,1310.0,318791322,70445232,0,0,
1790765893.3,0.9464574363082381,32.0,160.0,1310.0,318876975,70445232,85653,0,0.0
1790765895.4,0.96478178150972,32.0,160.0,1310.0,318876975,70445232,0,0,
1790765897.5,0.9868110489650536,33.0,160.0,1310.0,318974927,70445232,97952,0,0.0
1790765899.5,0.9875978085170297,33.0,160.0,1310.0,318974927,70445232,0,0,
1790765901.6,0.9752313788318766,34.0,158.0,1310.0,319040911,70445232,65984,0,0.0
1790765903.7,0.976804897935829,33.0,158.0,1310.0,319040911,70445232,0,0,
1790765905.8,0.9820046633384354,33.0,157.0,1310.0,319105777,70445232,64866,0,0.0
1790765907.8,0.9860958130087116,33.0,157.0,1310.0,319105777,70445232,0,0,
1790765909.9,0.9868539631224341,33.0,157.0,1310.0,319105777,70445232,0,0,
1790765912.0,0.9876335703148469,33.0,157.0,1310.0,319105777,70445232,0,0,
1790765914.0,0.989185632340109,34.0,155.0,1310.0,319188434,70445232,82657,0,0.0
1790765916.1,0.9783068934441472,35.0,153.0,1310.0,319273041,70445232,84607,0,0.0
1790765918.2,0.9585878381277984,35.0,152.0,1310.0,319360857,70445232,87816,0,0.0
1790765920.3,0.9805384296279342,35.0,152.0,1310.0,319360857,70445232,0,0,
1790765922.3,0.987447608966198,35.0,152.0,1310.0,319360857,70445232,0,0,
1790765924.4,0.9640021743173073,34.0,152.0,1310.0,319360857,70445232,0,0,
1790765926.5,0.9667415280300972,34.0,151.0,1310.0,319445671,70445232,84814,0,0.0
1790765928.6,0.9828343370477921,34.0,151.0,1310.0,319445671,70445232,0,0,
1790765930.6,0.9627576637532722,34.0,150.0,1310.0,319563756,70445232,118085,0,0.0
1790765932.7,0.9920537285250404,35.0,149.0,1310.0,319563756,70445232,0,0,
1790765934.8,0.9956799748236943,35.0,148.0,1310.0,319612269,70445232,48513,0,0.0
1790765936.9,0.9926831361666214,35.0,147.0,1310.0,319654163,70445232,41894,0,0.0
1790765939.0,0.9901512008811707,34.0,146.0,1310.0,319702014,70445232,47851,0,0.0
1790765941.0,0.9689730642138842,34.0,145.0,1310.0,319737102,70445232,35088,0,0.0
1790765943.1,0.9723847397256354,34.0,144.0,1310.0,319804106,70445232,67004,0,0.0
1790765945.2,0.9597965868940164,34.0,143.0,1310.0,319859337,70445232,55231,0,0.0
1790765947.3,0.9622212367860157,34.0,142.0,1310.0,319910506,70445232,51169,0,0.0
1790765949.3,0.9745662093924786,34.0,142.0,1310.0,319910506,70445232,0,0,
1790765951.4,0.9467721401290285,34.0,141.0,1310.0,320062310,70445248,151804,16,0.0001
1790765953.5,0.9670133176935071,34.0,141.0,1310.0,320062310,70445248,0,0,
1790765955.6,0.9492110947401547,34.0,140.0,1310.0,320062310,70445248,0,0,
1790765957.6,0.9490108286723791,33.0,140.0,1310.0,320062310,70445248,0,0,
1790765959.7,0.948073869569571,34.0,137.0,1310.0,320184600,70445248,122290,0,0.0
1790765961.8,0.9296279342555109,33.0,136.0,1310.0,320397796,70445248,213196,0,0.0
1790765963.9,0.9515928304747736,33.0,136.0,1310.0,320397796,70445248,0,0,
1790765966.0,0.977212582430944,34.0,135.0,1310.0,320397796,70445248,0,0,
1790765968.0,0.9944855307766032,34.0,135.0,1310.0,320397796,70445248,0,0,
1790765970.1,0.9900010013303389,34.0,134.0,1310.0,320397796,70445248,0,0,
1790765972.2,0.9791151100748137,33.0,134.0,1310.0,320397796,70445248,0,0,
1790765974.2,0.9836354013188952,33.0,133.0,1310.0,320453141,70445248,55345,0,0.0
1790765976.3,0.9599181770065944,32.0,132.0,1310.0,320525541,70445248,72400,0,0.0
1790765978.4,0.9393909050595791,32.0,131.0,1310.0,320580476,70445248,54935,0,0.0
1790765980.5,0.9687227316291644,34.0,129.0,1310.0,320695217,70445248,114741,0,0.0
1790765982.5,0.9967671334773341,34.0,129.0,1310.0,320695217,70445248,0,0,
1790765984.6,0.9234554479522794,32.0,128.0,1310.0,320809404,70445248,114187,0,0.0
1790765986.7,0.9380963279786001,32.0,128.0,1310.0,320809404,70445248,0,0,
1790765988.8,0.952722903285794,32.0,128.0,1310.0,320809404,70445248,0,0,
1790765990.8,0.909021986353298,30.0,127.0,1310.0,320981606,70445248,172202,0,0.0
1790765992.9,0.9273606362739067,30.0,127.0,1310.0,320981606,70445248,0,0,
1790765995.0,0.9383466605633198,30.0,127.0,1310.0,320981606,70445248,0,0,
1790765997.0,0.9111748465818874,29.0,127.0,1310.0,320981606,70445248,0,0,
1790765999.1,0.922153718511737,29.0,127.0,1310.0,320981606,70445248,0,0,
1790766001.2,0.9294705823451157,29.0,127.0,1310.0,320981606,70445248,0,0,
1790766003.3,0.9551117913799763,30.0,126.0,1310.0,321049514,70445248,67908,0,0.0
1790766005.3,0.9844150085113079,32.0,124.0,1310.0,321126534,70445248,77020,0,0.0
1790766007.4,0.9461856466448282,31.0,123.0,1310.0,321231729,70445248,105195,0,0.0
1790766009.5,0.9681576952236542,31.0,123.0,1310.0,321231729,70445248,0,0,
1790766011.5,0.9787217302988256,31.0,123.0,1310.0,321231729,70445248,0,0,
1790766013.6,0.9462428655213355,31.0,122.0,1310.0,321303986,70445248,72257,0,0.0
1790766015.7,0.9718769221966327,32.0,121.0,1310.0,321364312,70445248,60326,0,0.0
1790766017.8,0.9865178022229534,3.0,25.0,1310.0,321364312,70445248,0,0,
1790766019.8,0.0,0.0,0.0,1310.0,321364312,70445248,0,0,
1790766021.9,0.0,0.0,0.0,1310.0,321364312,70445248,0,0,
1790766024.0,0.0,0.0,0.0,1310.0,321364312,70445248,0,0,
1790766026.0,0.0,0.0,0.0,1310.0,321364312,70445248,0,0,
1790766028.1,0.0,0.0,0.0,1310.0,321364312,70445248,0,0,
1790766030.2,0.0,0.0,0.0,1310.0,321364312,70445248,0,0,
1790766032.3,0.0,0.0,0.0,1310.0,321364312,70445248,0,0,
1790766034.3,0.0,0.0,0.0,1310.0,321364312,70445248,0,0,
1790766036.4,0.0,0.0,0.0,1310.0,321364312,70445248,0,0,
1790766038.5,0.0,0.0,0.0,1310.0,321364312,70445248,0,0,
1790766040.6,0.0,0.0,0.0,1310.0,321364312,70445248,0,0,
1790766042.6,0.0,0.0,0.0,1310.0,321364312,70445248,0,0,
1790766044.7,0.0,0.0,0.0,1310.0,321364312,70445248,0,0,
1790766046.8,0.0,0.0,0.0,1310.0,321364312,70445248,0,0,
1790766048.8,0.0,0.0,0.0,1310.0,321364312,70445248,0,0,
1790766050.9,0.0,0.0,0.0,1310.0,321364312,70445248,0,0,
1790766053.0,0.0,0.0,0.0,1310.0,321364312,70445248,0,0,
1790766055.1,0.0,0.0,0.0,1310.0,321364312,70445248,0,0,
1790766057.1,0.0,0.0,0.0,1310.0,321364312,70445248,0,0,
1790766059.2,0.0,0.0,0.0,1310.0,321364312,70445248,0,0,
1790766061.3,0.0,0.0,0.0,1310.0,321364312,70445248,0,0,
1790766063.4,0.0,0.0,0.0,1310.0,321364312,70445248,0,0,
1790766065.4,0.0,0.0,0.0,1310.0,321364312,70445248,0,0,
1790766067.5,0.0,0.0,0.0,1310.0,321364312,70445248,0,0,
1790766069.6,0.0,0.0,0.0,1310.0,321364312,70445248,0,0,
1790766071.6,0.0,0.0,0.0,1310.0,321364312,70445248,0,0,
1790766073.7,0.0,0.0,0.0,1310.0,321364312,70445248,0,0,
1790766075.8,0.0,0.0,0.0,1310.0,321364312,70445248,0,0,
1790766077.9,0.0,0.0,0.0,1310.0,321364312,70445248,0,0,
1790766079.9,0.0,0.0,0.0,1310.0,321364312,70445248,0,0,
1790766082.0,0.0,0.0,0.0,1310.0,321364312,70445248,0,0,
1790766084.1,0.0,0.0,0.0,1310.0,321364312,70445248,0,0,
1790766086.2,0.0,0.0,0.0,1310.0,321364312,70445248,0,0,
1790766088.2,0.0,0.0,0.0,1310.0,321364312,70445248,0,0,
1790766090.3,0.0,0.0,0.0,1310.0,321364312,70445248,0,0,
1790766092.4,0.0,0.0,0.0,1310.0,321364312,70445248,0,0,
1790766094.4,0.0,0.0,0.0,1310.0,321364312,70445248,0,0,
1790766096.5,0.0,0.0,0.0,1310.0,321364312,70445248,0,0,
1790766098.6,0.0,0.0,0.0,1310.0,321364312,70445248,0,0,
1790766100.7,0.0,0.0,0.0,1310.0,321364312,70445248,0,0,
1790766102.7,0.0,0.0,0.0,1310.0,321364312,70445248,0,0,
1790766104.8,0.0,0.0,0.0,1310.0,321364312,70445248,0,0,
1790766106.9,0.0,0.0,0.0,1310.0,321364312,70445248,0,0,
1790766108.9,0.0,0.0,0.0,1310.0,321364312,70445248,0,0,
1790766111.0,0.0,0.0,0.0,1310.0,321364312,70445248,0,0,
1790766113.1,0.0,0.0,0.0,1310.0,321364312,70445248,0,0,
1790766115.2,0.0,0.0,0.0,1310.0,321364312,70445248,0,0,
1790766117.2,0.0,0.0,0.0,1310.0,321364312,70445248,0,0,
1790766119.3,0.0,0.0,0.0,1310.0,321364312,70445248,0,0,
1790766121.4,0.0,0.0,0.0,1310.0,321364312,70445248,0,0,
1790766123.5,0.0,0.0,0.0,1310.0,321364312,70445248,0,0,
1790766125.5,0.0,0.0,0.0,1310.0,321364312,70445248,0,0,
1790766127.6,0.0,0.0,0.0,1310.0,321364312,70445248,0,0,
1790766129.7,0.0,0.0,0.0,1310.0,321364312,70445248,0,0,
1790766131.8,0.0,0.0,0.0,1310.0,321364312,70445248,0,0,
1790766133.8,0.0,0.0,0.0,1310.0,321364312,70445248,0,0,
1790766135.9,0.0,0.0,0.0,1310.0,321364312,70445248,0,0,
1790766138.0,0.0,0.0,0.0,1310.0,321364312,70445248,0,0,
1790766140.1,0.0,0.0,0.0,1310.0,321364312,70445248,0,0,
1790766142.1,0.0,0.0,0.0,1310.0,321364312,70445248,0,0,
1790766144.2,0.0,0.0,0.0,1310.0,321364312,70445248,0,0,
1790766146.3,0.0,0.0,0.0,1310.0,321364312,70445248,0,0,
1790766148.4,0.0,0.0,0.0,1310.0,321364312,70445248,0,0,
1790766150.4,0.0,0.0,0.0,1310.0,321364312,70445248,0,0,
1790766152.5,0.0,0.0,0.0,1310.0,321364312,70445248,0,0,
1790766154.6,0.0,0.0,0.0,1310.0,321364312,70445248,0,0,
1790766156.6,0.0,0.0,0.0,1310.0,321364312,70445248,0,0,
1790766158.7,0.0,0.0,0.0,1310.0,321364312,70445248,0,0,
1790766160.8,0.0,0.0,0.0,1310.0,321364312,70445248,0,0,
1790766162.9,0.0,0.0,0.0,1310.0,321364312,70445248,0,0,
1790766164.9,0.0,0.0,0.0,1310.0,321364312,70445248,0,0,
1790766167.0,0.0,0.0,0.0,1310.0,321364312,70445248,0,0,
1790766169.1,0.0,0.0,0.0,1310.0,321364312,70445248,0,0,
1790766171.2,0.0,0.0,0.0,1310.0,321364312,70445248,0,0,
1790766173.3,0.0,0.0,0.0,1310.0,321364312,70445248,0,0,
1790766175.3,0.0,0.0,0.0,1310.0,321364312,70445248,0,0,
1790766177.4,0.0,0.0,0.0,1310.0,321364312,70445248,0,0,
1790766179.5,0.0,0.0,0.0,1310.0,321364312,70445248,0,0,
1790766181.5,0.0,0.0,0.0,1310.0,321364312,70445248,0,0,
1790766183.6,0.0,0.0,0.0,1310.0,321364312,70445248,0,0,
1790766185.7,0.0,0.0,0.0,1310.0,321364312,70445248,0,0,
1790766187.8,0.0,0.0,0.0,1310.0,321364312,70445248,0,0,
1790766189.8,0.0,0.0,0.0,1310.0,321364312,70445248,0,0,
1790766191.9,0.0,0.0,0.0,1310.0,321364312,70445248,0,0,
1790766194.0,0.0,0.0,0.0,1310.0,321364312,70445248,0,0,
1790766196.0,0.0,0.0,0.0,1310.0,321364312,70445248,0,0,
1790766198.1,0.0,0.0,0.0,1310.0,321364312,70445248,0,0,
1790766200.2,0.0,0.0,0.0,1310.0,321364312,70445248,0,0,
1790766202.3,0.0,0.0,0.0,1310.0,321364312,70445248,0,0,
1790766204.3,0.0,0.0,0.0,1310.0,321364312,70445248,0,0,
1790766206.4,0.0,0.0,0.0,1310.0,321364312,70445248,0,0,
1790766208.5,0.0,0.0,0.0,1310.0,321364312,70445248,0,0,
1790766208.6,0.0,0.0,0.0,1310.0,321364312,70445248,0,0,
