ts,kv_cache_usage_perc,num_requests_running,num_requests_waiting,num_preemptions_total,cum_prefix_cache_queries,cum_prefix_cache_hits,interval_queries,interval_hits,interval_hit_rate
1789549121.8,0.0,0.0,0.0,0.0,292921033,141072800,0,0,
1789549123.9,0.0,0.0,0.0,0.0,292921033,141072800,0,0,
1789549125.9,0.0,0.0,0.0,0.0,292921033,141072800,0,0,
1789549127.9,0.0,0.0,0.0,0.0,292921033,141072800,0,0,
1789549129.9,0.0,0.0,0.0,0.0,292921033,141072800,0,0,
1789549131.9,0.0,0.0,0.0,0.0,292921033,141072800,0,0,
1789549134.0,0.0,0.0,0.0,0.0,292921033,141072800,0,0,
1789549136.0,0.0,0.0,0.0,0.0,292921033,141072800,0,0,
1789549138.0,0.0,0.0,0.0,0.0,292921033,141072800,0,0,
1789549140.0,0.0,0.0,0.0,0.0,292921033,141072800,0,0,
1789549142.0,0.0,0.0,0.0,0.0,292921033,141072800,0,0,
1789549144.1,0.0,0.0,0.0,0.0,292921033,141072800,0,0,
1789549146.1,0.0,0.0,0.0,0.0,292921033,141072800,0,0,
1789549148.1,0.036634385683837145,3.0,5.0,0.0,293026106,141072800,105073,0,0.0
1789549150.1,0.07326161900811079,7.0,1.0,0.0,293117183,141072800,91077,0,0.0
1789549152.1,0.10358047119744807,6.0,2.0,0.0,293174237,141072800,57054,0,0.0
1789549154.1,0.13654569642525072,8.0,0.0,0.0,293262282,141072800,88045,0,0.0
1789549156.2,0.1504284263378488,8.0,0.0,0.0,293262282,141072800,0,0,
1789549158.2,0.0829101520591643,4.0,0.0,0.0,293290220,141098448,27938,25648,0.918
1789549160.2,0.11752757234611699,6.0,0.0,0.0,293424908,141230304,134688,131856,0.979
1789549162.2,0.09367445320211143,6.0,0.0,0.0,293472314,141277296,47406,46992,0.9913
1789549164.2,0.109166464016479,6.0,0.0,0.0,293506660,141277296,34346,0,0.0
1789549166.3,0.1000829673709357,5.0,0.0,0.0,293608998,141378768,102338,101472,0.9915
1789549168.3,0.14429170183243456,8.0,0.0,0.0,293706914,141459536,97916,80768,0.8249
1789549170.3,0.12955784113178936,7.0,0.0,0.0,293736294,141487808,29380,28272,0.9623
1789549172.3,0.12644656472170168,6.0,0.0,0.0,293779422,141487808,43128,0,0.0
1789549174.3,0.16567725692706026,8.0,0.0,0.0,293855776,141557152,76354,69344,0.9082
1789549176.4,0.16096385197476648,8.0,0.0,0.0,293887456,141557152,31680,0,0.0
1789549178.4,0.11835009369591032,6.0,0.0,0.0,293887456,141557152,0,0,
1789549180.4,0.10312987254495254,5.0,0.0,0.0,293955504,141616752,68048,59600,0.8759
1789549182.4,0.14479236700187392,8.0,0.0,0.0,294092081,141726304,136577,109552,0.8021
1789549184.4,0.14907663038036245,8.0,0.0,0.0,294136627,141769680,44546,43376,0.9737
1789549186.5,0.12977956427825543,7.0,0.0,0.0,294136627,141769680,0,0,
1789549188.5,0.15140829959803737,8.0,0.0,0.0,294216311,141846944,79684,77264,0.9696
1789549190.5,0.13197533866422528,7.0,0.0,0.0,294216311,141846944,0,0,
1789549192.5,0.1574735005078175,8.0,0.0,0.0,294332231,141918608,115920,71664,0.6182
1789549194.5,0.13217560473200107,7.0,0.0,0.0,294377503,141963728,45272,45120,0.9966
1789549196.6,0.11250661593259614,6.0,0.0,0.0,294377503,141963728,0,0,
1789549198.6,0.14399845509033427,7.0,0.0,0.0,294451355,142029232,73852,65504,0.887
1789549200.6,0.16568440928662365,8.0,0.0,0.0,294544593,142119360,93238,90128,0.9666
1789549202.6,0.19120402820890614,9.0,0.0,0.0,294715094,142193600,170501,74240,0.4354
1789549204.6,0.2095283734103881,9.0,0.0,0.0,294715094,142193600,0,0,
1789549206.7,0.2205000929806743,9.0,0.0,0.0,294715094,142193600,0,0,
1789549208.7,0.20654583947244198,8.0,0.0,0.0,294761933,142236960,46839,43360,0.9257
1789549210.7,0.2071823994735863,8.0,0.0,0.0,294808681,142283360,46748,46400,0.9926
1789549212.7,0.18653353741399292,7.0,0.0,0.0,294808681,142283360,0,0,
1789549214.8,0.16595619895003366,6.0,0.0,0.0,294808681,142283360,0,0,
1789549216.8,0.21090877880612813,8.0,0.0,0.0,294995573,142465280,186892,181920,0.9734
1789549218.8,0.18903686326118985,7.0,0.0,0.0,294998517,142465280,2944,0,0.0
1789549220.8,0.17704235627333453,6.0,0.0,0.0,295223678,142596752,225161,131472,0.5839
1789549222.8,0.18802838056274762,6.0,2.0,0.0,295223678,142596752,0,0,
1789549224.9,0.1738094897506688,5.0,2.0,0.0,295223678,142596752,0,0,
1789549226.9,0.18114065830317416,5.0,3.0,0.0,295223678,142596752,0,0,
1789549228.9,0.18480266639964527,5.0,3.0,0.0,295223678,142596752,0,0,
1789549230.9,0.25451671506429974,8.0,0.0,0.0,295373835,142736304,150157,139552,0.9294
1789549232.9,0.24869469437967584,8.0,0.0,0.0,295426558,142784464,52723,48160,0.9135
1789549235.0,0.2819603187091422,9.0,0.0,0.0,295499700,142856144,73142,71680,0.98
1789549237.0,0.2600884031642039,8.0,0.0,0.0,295499700,142856144,0,0,
1789549239.0,0.2831690674753601,9.0,0.0,0.0,295549975,142906400,50275,50256,0.9996
1789549241.0,0.28377701803825084,9.0,0.0,0.0,295549975,142906400,0,0,
1789549243.0,0.2843706638820147,9.0,0.0,0.0,295549975,142906400,0,0,
1789549245.1,0.2609466863118143,8.0,0.0,0.0,295549975,142906400,0,0,
1789549247.1,0.18793539988842323,8.0,1.0,0.0,295626711,142927920,76736,21520,0.2804
1789549249.1,0.19596034731858036,8.0,0.0,0.0,295680437,142980960,53726,53040,0.9872
1789549251.1,0.21935571545052712,9.0,0.0,0.0,295731234,143031728,50797,50768,0.9994
1789549253.1,0.13671735305477273,6.0,0.0,0.0,295837208,143132928,105974,101200,0.955
1789549255.2,0.08147968014648033,4.0,0.0,0.0,295837208,143132928,0,0,
1789549257.2,0.1147953709928905,5.0,0.0,0.0,296042143,143331232,204935,198304,0.9676
1789549259.2,0.07785343384782639,4.0,0.0,0.0,296180508,143469520,138365,138288,0.9994
1789549261.2,0.13301243080092118,6.0,0.0,0.0,296459539,143738496,279031,268976,0.964
1789549263.3,0.17478936301085723,7.0,0.0,0.0,296643826,143922752,184287,184256,0.9998
1789549265.3,0.1984708255253408,8.0,0.0,0.0,296915924,144189728,272098,266976,0.9812
1789549267.3,0.17770037335316924,7.0,0.0,0.0,297008374,144282160,92450,92432,0.9998
1789549269.3,0.11674796515370423,5.0,0.0,0.0,297211825,144484640,203451,202480,0.9952
1789549271.3,0.08513453588338793,3.0,0.0,0.0,297346225,144617584,134400,132944,0.9892
1789549273.4,0.14515713733960833,5.0,0.0,0.0,297479947,144710560,133722,92976,0.6953
1789549275.4,0.16828786816770858,6.0,0.0,0.0,297583844,144813488,103897,102928,0.9907
1789549277.4,0.1745533351452644,6.0,0.0,0.0,297728763,144948688,144919,135200,0.9329
1789549279.4,0.20131746463158195,7.0,0.0,0.0,297842554,145060960,113791,112272,0.9867
1789549281.4,0.20759723632826466,8.0,0.0,0.0,297895786,145109536,53232,48576,0.9125
1789549283.5,0.11860042628062994,5.0,0.0,0.0,297895786,145109536,0,0,
1789549285.5,0.18736321112334964,7.0,0.0,0.0,298048459,145259872,152673,150336,0.9847
1789549287.5,0.17194987626417957,7.0,0.0,0.0,298109847,145309040,61388,49168,0.8009
1789549289.5,0.21428469252006233,8.0,0.0,0.0,298203175,145401168,93328,92128,0.9871
1789549291.5,0.21555781252235118,8.0,0.0,0.0,298356306,145551968,153131,150800,0.9848
1789549293.6,0.22296765703005417,8.0,0.0,0.0,298384219,145551968,27913,0,0.0
1789549295.6,0.22361136939076198,8.0,0.0,0.0,298384219,145551968,0,0,
1789549297.6,0.2279242422075043,8.0,0.0,0.0,298541854,145700992,157635,149024,0.9454
1789549299.6,0.20288383137597088,7.0,0.0,0.0,298541854,145700992,0,0,
1789549301.7,0.22924027636717348,8.0,0.0,0.0,298650272,145807584,108418,106592,0.9832
1789549303.7,0.23577038064857592,8.0,0.0,0.0,298692794,145807584,42522,0,0.0
1789549305.7,0.23639978829015695,8.0,0.0,0.0,298692794,145807584,0,0,
1789549307.7,0.1663996452429657,6.0,0.0,0.0,298750025,145864176,57231,56592,0.9888
1789549309.8,0.19372881113479334,7.0,0.0,0.0,298853006,145963872,102981,99696,0.9681
1789549311.8,0.194436894731572,7.0,0.0,0.0,298913650,146023520,60644,59648,0.9836
1789549313.8,0.16781581243652277,6.0,0.0,0.0,298913650,146023520,0,0,
1789549315.8,0.1937717252921739,7.0,0.0,0.0,298970433,146080288,56783,56768,0.9997
1789549317.8,0.22176606062339965,8.0,0.0,0.0,299031627,146141152,61194,60864,0.9946
1789549319.9,0.22245983950105142,8.0,0.0,0.0,299132813,146241776,101186,100624,0.9944
1789549321.9,0.223117856580886,8.0,0.0,0.0,299132813,146241776,0,0,
1789549323.9,0.22316077073826657,8.0,0.0,0.0,299135716,146241792,2903,16,0.0055
1789549325.9,0.22373295950334016,8.0,0.0,0.0,299248284,146350896,112568,109104,0.9692
1789549327.9,0.17714964166678582,7.0,0.0,0.0,299306129,146408656,57845,57760,0.9985
1789549330.0,0.19588167136338275,7.0,0.0,0.0,299471536,146571216,165407,162560,0.9828
1789549332.0,0.16988284435035117,6.0,0.0,0.0,299530425,146629360,58889,58144,0.9873
1789549334.0,0.17170669603902322,6.0,0.0,0.0,299592345,146690352,61920,60992,0.985
1789549336.0,0.17619837784485104,7.0,0.0,0.0,299655212,146750176,62867,59824,0.9516
1789549338.0,0.17750725964495684,7.0,0.0,0.0,299819561,146910208,164349,160032,0.9737
1789549340.1,0.1513868425193471,6.0,0.0,0.0,299819561,146910208,0,0,
1789549342.1,0.16974694951864622,7.0,0.0,0.0,300032228,147090528,212667,180320,0.8479
1789549344.1,0.1448996523953252,7.0,0.0,0.0,300196707,147254000,164479,163472,0.9939
1789549346.1,0.08813852690002433,4.0,0.0,0.0,300249923,147254000,53216,0,0.0
1789549348.2,0.14183844250218147,5.0,0.0,0.0,300357147,147359728,107224,105728,0.986
1789549350.2,0.14526442273305962,5.0,0.0,0.0,300417239,147419616,60092,59888,0.9966
1789549352.2,0.09132132690574624,3.0,0.0,0.0,300417239,147419616,0,0,
1789549354.2,0.13791894946142735,5.0,1.0,0.0,300572224,147478192,154985,58576,0.3779
1789549356.2,0.19392907720256913,7.0,0.0,0.0,300680123,147538544,107899,60352,0.5593
1789549358.3,0.1978056560859428,7.0,0.0,0.0,300801452,147659136,121329,120592,0.9939
1789549360.3,0.10919507345473267,5.0,0.0,0.0,300963158,147766608,161706,107472,0.6646
1789549362.3,0.17644871042957067,6.0,0.0,0.0,301075889,147874480,112731,107872,0.9569
1789549364.3,0.1769922897563906,6.0,0.0,0.0,301075889,147874480,0,0,
1789549366.3,0.15329652252278025,6.0,0.0,0.0,301134828,147933408,58939,58928,0.9998
1789549368.4,0.1578525755646788,6.0,0.0,0.0,301312388,148107072,177560,173664,0.9781
1789549370.4,0.1723933225571116,7.0,0.0,0.0,301413188,148204176,100800,97104,0.9633
1789549372.4,0.17315862503039747,7.0,0.0,0.0,301482816,148273344,69628,69168,0.9934
1789549374.4,0.10914500693778872,6.0,0.0,0.0,301488654,148273376,5838,32,0.0055
1789549376.4,0.21475674825124813,9.0,0.0,0.0,301786806,148569216,298152,295840,0.9922
1789549378.5,0.19140429427668193,9.0,0.0,0.0,301805009,148569216,18203,0,0.0
1789549380.5,0.19289198506587324,9.0,0.0,0.0,301805009,148569216,0,0,
1789549382.5,0.14939133420115291,8.0,0.0,0.0,301886227,148628384,81218,59168,0.7285
1789549384.5,0.1402148568812851,8.0,0.0,0.0,301945694,148682496,59467,54112,0.91
1789549386.6,0.14094439755675392,8.0,0.0,0.0,301999991,148736784,54297,54288,0.9998
1789549388.6,0.14111605418627604,8.0,0.0,0.0,302002896,148736784,2905,0,0.0
1789549390.6,0.14316878138097755,8.0,0.0,0.0,302067375,148795680,64479,58896,0.9134
1789549392.6,0.1684595247972306,9.0,0.0,0.0,302122300,148850336,54925,54656,0.9951
1789549394.6,0.17066245154276394,9.0,0.0,0.0,302245789,148969184,123489,118848,0.9624
1789549396.7,0.14469223396798603,8.0,0.0,0.0,302245789,148969184,0,0,
1789549398.7,0.1546697755589569,8.0,0.0,0.0,302315217,148969584,69428,400,0.0058
1789549400.7,0.1716423248029525,7.0,1.0,0.0,302369060,148969584,53843,0,0.0
1789549402.7,0.18966627090277077,8.0,0.0,0.0,302488964,149085680,119904,116096,0.9682
1789549404.7,0.1518517458909694,8.0,0.0,0.0,302581195,149145296,92231,59616,0.6464
1789549406.8,0.13559443260331583,8.0,0.0,0.0,302613869,149145296,32674,0,0.0
1789549408.8,0.0981089161314318,7.0,0.0,0.0,302619722,149145296,5853,0,0.0
1789549410.8,0.11380834537313855,8.0,0.0,0.0,302653244,149177840,33522,32544,0.9708
1789549412.8,0.1145164289699172,8.0,0.0,0.0,302752459,149270272,99215,92432,0.9316
1789549414.8,0.11731300155921442,8.0,0.0,0.0,302790865,149304048,38406,33776,0.8794
1789549416.9,0.11869340695495445,8.0,0.0,0.0,302830816,149342640,39951,38592,0.966
1789549418.9,0.09671420601656489,7.0,0.0,0.0,302928606,149436960,97790,94320,0.9645
1789549420.9,0.10837970446450285,7.0,0.0,0.0,302960305,149437600,31699,640,0.0202
1789549422.9,0.0970718239947359,7.0,0.0,0.0,302962444,149437600,2139,0,0.0
1789549424.9,0.09703606219691874,7.0,0.0,0.0,302965333,149437600,2889,0,0.0
1789549427.0,0.097636860400246,7.0,0.0,0.0,303027700,149497456,62367,59856,0.9597
1789549429.0,0.09836640107571493,7.0,0.0,0.0,303088107,149557456,60407,60000,0.9933
1789549431.0,0.10454603973850973,7.0,0.0,0.0,303148592,149557456,60485,0,0.0
1789549433.0,0.10575478850472775,6.0,0.0,0.0,303148592,149557456,0,0,
1789549435.0,0.10629121547198417,6.0,0.0,0.0,303259338,149664080,110746,106624,0.9628
1789549437.1,0.07743144463358465,6.0,0.0,0.0,303386826,149784144,127488,120064,0.9418
1789549439.1,0.07986324688514745,6.0,0.0,0.0,303427803,149784224,40977,80,0.002
1789549441.1,0.08504155520906342,6.0,0.0,0.0,303468439,149784224,40636,0,0.0
1789549443.1,0.08615017094139354,6.0,0.0,0.0,303510386,149826064,41947,41840,0.9974
1789549445.1,0.1411518159840931,6.0,0.0,0.0,303643132,149948880,132746,122816,0.9252
1789549447.2,0.10750711659776557,6.0,0.0,0.0,303650483,149949696,7351,816,0.111
1789549449.2,0.0798203327277669,5.0,0.0,0.0,303753679,150050944,103196,101248,0.9811
1789549451.2,0.0803782167737136,5.0,0.0,0.0,303794569,150091824,40890,40880,0.9998
1789549453.2,0.10736406940649723,6.0,0.0,0.0,303859641,150139776,65072,47952,0.7369
1789549455.3,0.129143004277111,7.0,0.0,0.0,303907025,150182016,47384,42240,0.8914
1789549457.3,0.11811406583031747,6.0,0.0,0.0,303942629,150182832,35604,816,0.0229
1789549459.3,0.12507331168552505,6.0,0.0,0.0,304059909,150292704,117280,109872,0.9368
1789549461.3,0.11097601098602428,6.0,0.0,0.0,304153966,150382304,94057,89600,0.9526
1789549463.3,0.12138984651036377,6.0,0.0,0.0,304225315,150452656,71349,70352,0.986
1789549465.4,0.146036877565909,7.0,0.0,0.0,304279212,150502048,53897,49392,0.9164
1789549467.4,0.14610124880197972,7.0,0.0,0.0,304282028,150502048,2816,0,0.0
1789549469.4,0.10906633098259111,6.0,0.0,0.0,304324037,150543888,42009,41840,0.996
1789549471.4,0.10302258715150125,6.0,0.0,0.0,304495003,150709648,170966,165760,0.9695
1789549473.4,0.07986324688514745,5.0,0.0,0.0,304540967,150754192,45964,44544,0.9691
1789549475.5,0.10775029682292192,6.0,0.0,0.0,304674615,150880688,133648,126496,0.9465
1789549477.5,0.10835109502624918,6.0,0.0,0.0,304743830,150949632,69215,68944,0.9961
1789549479.5,0.10840831390275651,6.0,0.0,0.0,304810555,151012128,66725,62496,0.9366
1789549481.5,0.108994807386957,6.0,0.0,0.0,304872500,151073840,61945,61712,0.9962
1789549483.5,0.1425679831776503,7.0,0.0,0.0,305008469,151208432,135969,134592,0.9899
1789549485.6,0.14158095755789835,7.0,0.0,0.0,305071069,151267856,62600,59424,0.9493
1789549487.6,0.1917905216931065,8.0,0.0,0.0,305187764,151337056,116695,69200,0.593
1789549489.6,0.19250575764944855,8.0,0.0,0.0,305187764,151337056,0,0,
1789549491.6,0.16190796343713787,7.0,0.0,0.0,305187764,151337056,0,0,
1789549493.6,0.14355500879740224,7.0,0.0,0.0,305192987,151337056,5223,0,0.0
1789549495.7,0.13264050810362338,6.0,0.0,0.0,305361205,151461936,168218,124880,0.7424
1789549497.7,0.1929277468636903,8.0,0.0,0.0,305494542,151594736,133337,132800,0.996
1789549499.7,0.14673780880312415,7.0,0.0,0.0,305499862,151594736,5320,0,0.0
1789549501.7,0.08730170083110422,5.0,0.0,0.0,305499862,151594736,0,0,
1789549503.7,0.11634743301815265,6.0,0.0,0.0,305639229,151732976,139367,138240,0.9919
1789549505.8,0.08812422218089744,5.0,0.0,0.0,305751865,151840416,112636,107440,0.9539
1789549507.8,0.08822435521478533,5.0,0.0,0.0,305754818,151840416,2953,0,0.0
1789549509.8,0.060022601456220404,4.0,0.0,0.0,305754818,151840416,0,0,
1789549511.8,0.06025147696224986,4.0,0.0,0.0,305757163,151841024,2345,608,0.2593
1789549513.9,0.08735891970761156,5.0,0.0,0.0,305943461,152026944,186298,185920,0.998
1789549515.9,0.058713719656114605,5.0,0.0,0.0,306006404,152088528,62943,61584,0.9784
1789549517.9,0.06592329809604192,5.0,0.0,0.0,306071911,152150240,65507,61712,0.9421
1789549519.9,0.08711573948245521,6.0,0.0,0.0,306121369,152196464,49458,46224,0.9346
1789549521.9,0.0877809089218533,6.0,0.0,0.0,306121369,152196464,0,0,
1789549524.0,0.08858912555251974,6.0,0.0,0.0,306251949,152323984,130580,127520,0.9766
1789549526.0,0.08973350308266692,6.0,0.0,0.0,306364529,152435920,112580,111936,0.9943
1789549528.0,0.11013203255754078,6.0,0.0,0.0,306418716,152435920,54187,0,0.0
1789549530.0,0.11367960290099699,6.0,0.0,0.0,306498212,152512592,79496,76672,0.9645
1789549532.0,0.13482197777046645,6.0,0.0,0.0,306613310,152611648,115098,99056,0.8606
1789549534.1,0.06881285135966353,6.0,0.0,0.0,306634567,152611648,21257,0,0.0
1789549536.1,0.0694994778777519,6.0,0.0,0.0,306634567,152611648,0,0,
1789549538.1,0.07018610439584017,6.0,0.0,0.0,306634567,152611648,0,0,
1789549540.1,0.0985809718626175,7.0,0.0,0.0,306703978,152675408,69411,63760,0.9186
1789549542.1,0.05558813852690003,5.0,0.0,0.0,306703978,152675408,0,0,
1789549544.2,0.12085341954310724,7.0,0.0,0.0,306849959,152755776,145981,80368,0.5505
1789549546.2,0.14450627261933713,7.0,0.0,0.0,306906610,152755792,56651,16,0.0003
1789549548.2,0.1155535211066131,6.0,0.0,0.0,306908969,152755808,2359,16,0.0068
1789549550.2,0.09197219162601744,6.0,0.0,0.0,306911920,152756048,2951,240,0.0813
1789549552.2,0.09261590398672526,6.0,0.0,0.0,306911920,152756048,0,0,
1789549554.3,0.09858812422218088,6.0,0.0,0.0,307050246,152821488,138326,65440,0.4731
1789549556.3,0.12422218089747805,7.0,0.0,0.0,307085412,152821488,35166,0,0.0
1789549558.3,0.1168695552662824,6.0,0.0,0.0,307085412,152821488,0,0,
1789549560.3,0.16335989242851212,7.0,0.0,0.0,307192411,152870320,106999,48832,0.4564
1789549562.4,0.1397571058692263,7.0,0.0,0.0,307194748,152870320,2337,0,0.0
1789549564.4,0.11851459796586894,6.0,0.0,0.0,307278879,152951488,84131,81168,0.9648
1789549566.4,0.13246169911453787,6.0,0.0,0.0,307348934,153002384,70055,50896,0.7265
1789549568.4,0.15971218905116802,7.0,0.0,0.0,307427735,153078144,78801,75760,0.9614
1789549570.4,0.16515513467893062,7.0,0.0,0.0,307483084,153127376,55349,49232,0.8895
1789549572.5,0.17551175132676267,8.0,0.0,0.0,307504641,153148720,21557,21344,0.9901
1789549574.5,0.1760553306535826,8.0,0.0,0.0,307592924,153235072,88283,86352,0.9781
1789549576.5,0.11090448739039005,6.0,0.0,0.0,307619817,153258944,26893,23872,0.8877
1789549578.5,0.15210207847568913,7.0,0.0,0.0,307737820,153371360,118003,112416,0.9527
1789549580.6,0.1832649090935099,8.0,0.0,0.0,307891579,153515392,153759,144032,0.9367
1789549582.6,0.17589082638362397,8.0,0.0,0.0,307992163,153613056,100584,97664,0.971
1789549584.6,0.20392807587223027,9.0,0.0,0.0,308092635,153699744,100472,86688,0.8628
1789549586.6,0.19131846596192081,9.0,0.0,0.0,308134830,153737344,42195,37600,0.8911
1789549588.6,0.1932066888866637,9.0,0.0,0.0,308176972,153776784,42142,39440,0.9359
1789549590.7,0.19410073383209125,9.0,0.0,0.0,308244593,153843040,67621,66256,0.9798
1789549592.7,0.16531248658932585,8.0,0.0,0.0,308292434,153885376,47841,42336,0.8849
1789549594.7,0.1661922268156265,8.0,0.0,0.0,308337940,153930416,45506,45040,0.9898
1789549596.7,0.1366458294591386,8.0,0.0,0.0,308391373,153976080,53433,45664,0.8546
1789549598.7,0.1564364083711216,8.0,1.0,0.0,308464136,153976080,72763,0,0.0
1789549600.8,0.1759480452601313,8.0,0.0,0.0,308531747,154043632,67611,67552,0.9991
1789549602.8,0.1463086672293189,7.0,0.0,0.0,308580237,154091904,48490,48272,0.9955
1789549604.8,0.18905116798031674,8.0,0.0,0.0,308721409,154140528,141172,48624,0.3444
1789549606.8,0.206052326662566,8.0,0.0,0.0,308721409,154140528,0,0,
1789549608.8,0.2140272075757792,8.0,0.0,0.0,308789259,154208224,67850,67696,0.9977
1789549610.9,0.1841947158367545,7.0,0.0,0.0,308841372,154259616,52113,51392,0.9862
1789549612.9,0.20923512666828792,8.0,0.0,0.0,308950803,154366656,109431,107040,0.9782
1789549614.9,0.20996466734375674,8.0,0.0,0.0,309005808,154421520,55005,54864,0.9974
1789549616.9,0.21454932982390895,8.0,0.0,0.0,309138386,154544656,132578,123136,0.9288
1789549619.0,0.2155435078032243,8.0,0.0,0.0,309203692,154609168,65306,64512,0.9878
1789549621.0,0.14870470768306465,7.0,0.0,0.0,309263075,154663024,59383,53856,0.9069
1789549623.0,0.1787517702089919,8.0,0.0,0.0,309399605,154795056,136530,132032,0.9671
1789549625.0,0.18482412347833554,8.0,0.0,0.0,309535799,154930400,136194,135344,0.9938
1789549627.0,0.2115811006050896,9.0,0.0,0.0,309662243,155055328,126444,124928,0.988
1789549629.1,0.21387700802494747,9.0,0.0,0.0,309722891,155112240,60648,56912,0.9384
1789549631.1,0.21414879768835737,9.0,0.0,0.0,309794719,155181552,71828,69312,0.965
1789549633.1,0.18634042370578052,8.0,0.0,0.0,309794719,155181552,0,0,
1789549635.1,0.09344557769608197,5.0,0.0,0.0,309867850,155254624,73131,73072,0.9992
1789549637.1,0.11169839930192971,6.0,0.0,0.0,309977563,155359168,109713,104544,0.9529
1789549639.2,0.11128356244725135,6.0,0.0,0.0,309983353,155359808,5790,640,0.1105
1789549641.2,0.14624429599324817,7.0,0.0,0.0,310170815,155538352,187462,178544,0.9524
1789549643.2,0.08951177993620096,5.0,0.0,0.0,310170815,155538352,0,0,
1789549645.2,0.1198663939233553,6.0,0.0,0.0,310369472,155734544,198657,196192,0.9876
1789549647.2,0.12400761011057548,6.0,0.0,0.0,310427798,155780656,58326,46112,0.7906
1789549649.3,0.1240862860657731,6.0,0.0,0.0,310430683,155780656,2885,0,0.0
1789549651.3,0.1558713719656114,7.0,0.0,0.0,310500441,155850224,69758,69568,0.9973
1789549653.3,0.19064614416295933,8.0,0.0,0.0,310659304,155912448,158863,62224,0.3917
1789549655.3,0.2162802008382565,8.0,0.0,0.0,310659304,155912448,0,0,
1789549657.4,0.22600025748494423,8.0,0.0,0.0,310659304,155912448,0,0,
1789549659.4,0.1656486474888066,6.0,0.0,0.0,310659304,155912448,0,0,
1789549661.4,0.166185074456063,6.0,0.0,0.0,310659304,155912448,0,0,
1789549663.4,0.19551690102564834,7.0,0.0,0.0,310723603,155976448,64299,64000,0.9953
1789549665.5,0.19610339450984882,7.0,0.0,0.0,310723603,155976448,0,0,
1789549667.5,0.1436050753143462,6.0,0.0,0.0,310770258,156005584,46655,29136,0.6245
1789549669.5,0.17256497918663372,7.0,0.0,0.0,310973552,156208544,203294,202960,0.9984
1789549671.5,0.17319438682821464,7.0,0.0,0.0,310973552,156208544,0,0,
1789549673.5,0.15529918320053782,7.0,0.0,0.0,310976425,156208544,2873,0,0.0
1789549675.6,0.15555666814482094,7.0,0.0,0.0,311036959,156264432,60534,55888,0.9232
1789549677.6,0.15620038050552876,7.0,0.0,0.0,311036959,156264432,0,0,
1789549679.6,0.12462986539259302,6.0,0.0,0.0,311036959,156264432,0,0,
1789549681.6,0.12518774943853972,6.0,0.0,0.0,311109268,156335680,72309,71248,0.9853
1789549683.6,0.1257670905631768,6.0,0.0,0.0,311109268,156335680,0,0,
1789549685.7,0.14796801464803233,5.0,1.0,0.0,311210889,156335680,101621,0,0.0
1789549687.7,0.16261604703391652,5.0,1.0,0.0,311210889,156335680,0,0,
1789549689.7,0.1563362753372337,6.0,0.0,0.0,311286317,156407920,75428,72240,0.9577
1789549691.7,0.1714420587351767,6.0,0.0,0.0,311456043,156577456,169726,169536,0.9989
1789549693.7,0.17223597064671636,6.0,0.0,0.0,311582649,156702144,126606,124688,0.9849
1789549695.8,0.17278670233309967,6.0,0.0,0.0,311582649,156702144,0,0,
1789549697.8,0.17330882458122931,6.0,0.0,0.0,311582649,156702144,0,0,
1789549699.8,0.20460755003075515,7.0,0.0,0.0,311651442,156769504,68793,67360,0.9792
1789549701.8,0.20519404351495563,7.0,0.0,0.0,311651442,156769504,0,0,
1789549703.8,0.172843921209607,5.0,0.0,0.0,311719272,156837280,67830,67776,0.9992
1789549705.9,0.17850143762427229,6.0,0.0,0.0,311791669,156906464,72397,69184,0.9556
1789549707.9,0.17902355987240193,6.0,0.0,0.0,311791669,156906464,0,0,
1789549709.9,0.1482827184688229,5.0,0.0,0.0,311852888,156967344,61219,60880,0.9945
1789549711.9,0.14354070407827546,5.0,0.0,0.0,311923016,157037136,70128,69792,0.9952
1789549714.0,0.13369905731900955,5.0,0.0,0.0,312003827,157113232,80811,76096,0.9417
1789549716.0,0.1322542806871987,4.0,0.0,0.0,312183167,157288336,179340,175104,0.9764
1789549718.0,0.16152888838027668,6.0,0.0,0.0,312247517,157349680,64350,61344,0.9533
1789549720.0,0.1034517287253065,4.0,0.0,0.0,312316796,157418944,69279,69264,0.9998
1789549722.0,0.13503654855736913,5.0,0.0,0.0,312386604,157480672,69808,61728,0.8843
1789549724.1,0.15141545195760087,6.0,0.0,0.0,312493380,157584688,106776,104016,0.9742
1789549726.1,0.15197333600354757,6.0,0.0,0.0,312493380,157584688,0,0,
1789549728.1,0.18348663223997597,7.0,0.0,0.0,312562591,157652512,69211,67824,0.98
1789549730.1,0.15300327578068007,6.0,0.0,0.0,312562591,157652512,0,0,
1789549732.2,0.18287152931752182,6.0,0.0,0.0,312632647,157721968,70056,69456,0.9914
1789549734.2,0.20365628620882026,7.0,0.0,0.0,312681960,157721968,49313,0,0.0
1789549736.2,0.17009741513725374,6.0,0.0,0.0,312865769,157902464,183809,180496,0.982
1789549738.2,0.14972749510063366,5.0,0.0,0.0,312865769,157902464,0,0,
1789549740.2,0.15019239847225596,5.0,0.0,0.0,312865769,157902464,0,0,
1789549742.3,0.15067160656300516,5.0,0.0,0.0,312865769,157902464,0,0,
1789549744.3,0.18001058549215387,6.0,1.0,0.0,312939326,157902464,73557,0,0.0
1789549746.3,0.18126224841575234,6.0,0.0,0.0,313016976,157980096,77650,77632,0.9998
1789549748.3,0.18536770280515547,7.0,0.0,0.0,313169432,158061200,152456,81104,0.532
1789549750.4,0.21231064128055843,7.0,0.0,0.0,313169432,158061200,0,0,
1789549752.4,0.21284706824781496,7.0,0.0,0.0,313241606,158133360,72174,72160,0.9998
1789549754.4,0.18266411089018264,6.0,0.0,0.0,313241606,158133360,0,0,
1789549756.4,0.18320769021700256,6.0,0.0,0.0,313241606,158133360,0,0,
1789549758.4,0.23705780536999155,7.0,0.0,0.0,313474218,158308960,232612,175600,0.7549
1789549760.5,0.20658875362982243,6.0,0.0,0.0,313474218,158308960,0,0,
1789549762.5,0.23811635458537772,7.0,0.0,0.0,313543536,158378192,69318,69232,0.9988
1789549764.5,0.2386027150356903,7.0,0.0,0.0,313613121,158447696,69585,69504,0.9988
1789549766.5,0.2147782053299383,7.0,0.0,0.0,313614178,158447696,1057,0,0.0
1789549768.5,0.2150714520720386,7.0,0.0,0.0,313758601,158591248,144423,143552,0.994
1789549770.6,0.2170311985924156,7.0,0.0,0.0,313832599,158661968,73998,70720,0.9557
1789549772.6,0.18526756977126757,6.0,0.0,0.0,314019858,158845280,187259,183312,0.9789
1789549774.6,0.18578253965983382,6.0,0.0,0.0,314019858,158845280,0,0,
1789549776.6,0.2209649963522966,7.0,0.0,0.0,314171557,158993360,151699,148080,0.9761
1789549778.6,0.1524024775773528,5.0,0.0,0.0,314250525,159071248,78968,77888,0.9863
1789549780.7,0.15286022858941162,5.0,0.0,0.0,314325349,159145440,74824,74192,0.9916
1789549782.7,0.10558313187520563,5.0,0.0,0.0,314405017,159220368,79668,74928,0.9405
1789549784.7,0.1313101692248273,6.0,0.0,0.0,314531769,159220368,126752,0,0.0
1789549786.7,0.14962736206674587,6.0,0.0,0.0,314531769,159220368,0,0,
1789549788.8,0.16060623399659546,6.0,1.0,0.0,314531769,159220368,0,0,
1789549790.8,0.19787717968157692,7.0,0.0,0.0,314610307,159298880,78538,78512,0.9997
1789549792.8,0.19847797788490418,7.0,0.0,0.0,314610307,159298880,0,0,
1789549794.8,0.1691103895175018,6.0,1.0,0.0,314685482,159298880,75175,0,0.0
1789549796.8,0.19960805069592458,7.0,0.0,0.0,314743672,159342656,58190,43776,0.7523
1789549798.9,0.1998726879997711,7.0,0.0,0.0,314746573,159342656,2901,0,0.0
1789549800.9,0.20047348620309835,7.0,0.0,0.0,314746573,159342656,0,0,
1789549802.9,0.14131632025405183,6.0,0.0,0.0,314749486,159342656,2913,0,0.0
1789549804.9,0.10715665097915805,5.0,0.0,0.0,314907124,159498368,157638,155712,0.9878
1789549806.9,0.12940048922139413,6.0,0.0,0.0,315059995,159584112,152871,85744,0.5609
1789549809.0,0.14098731171413448,6.0,0.0,0.0,315059995,159584112,0,0,
1789549811.0,0.10704936558570677,5.0,0.0,0.0,315062918,159584752,2923,640,0.219
1789549813.0,0.14324745733617517,6.0,0.0,0.0,315299843,159821376,236925,236624,0.9987
1789549815.0,0.1767133477334173,6.0,0.0,0.0,315376916,159897600,77073,76224,0.989
1789549817.1,0.14401991216902454,6.0,0.0,0.0,315537563,160054880,160647,157280,0.979
1789549819.1,0.14328321913399233,6.0,0.0,0.0,315691991,160202544,154428,147664,0.9562
1789549821.1,0.10881599839787148,5.0,0.0,0.0,315769532,160279952,77541,77408,0.9983
1789549823.1,0.1085155992962078,5.0,0.0,0.0,315853444,160360576,83912,80624,0.9608
1789549825.1,0.12179037864591524,5.0,0.0,0.0,315972264,160360576,118820,0,0.0
1789549827.2,0.1437695795843048,5.0,0.0,0.0,315972264,160360576,0,0,
1789549829.2,0.1547484515141545,5.0,0.0,0.0,315972264,160360576,0,0,
1789549831.2,0.2318508876078218,7.0,0.0,0.0,316131837,160519568,159573,158992,0.9964
1789549833.2,0.16087802366000548,5.0,0.0,0.0,316131837,160519568,0,0,
1789549835.2,0.19660405967928818,6.0,0.0,0.0,316210659,160598304,78822,78736,0.9989
1789549837.3,0.20431430328865496,7.0,1.0,0.0,316406188,160757264,195529,158960,0.813
1789549839.3,0.22339679860385941,8.0,0.0,0.0,316431557,160757264,25369,0,0.0
1789549841.3,0.22409057748151118,8.0,0.0,0.0,316510894,160836320,79337,79056,0.9965
1789549843.3,0.21005764801808113,7.0,0.0,0.0,316591105,160915872,80211,79552,0.9918
1789549845.4,0.17997482369433682,7.0,0.0,0.0,316601698,160915872,10593,0,0.0
1789549847.4,0.18169854234912097,7.0,0.0,0.0,316789186,161097712,187488,181840,0.9699
1789549849.4,0.18511737022043573,7.0,0.0,0.0,316800455,161097712,11269,0,0.0
1789549851.4,0.19610339450984882,7.0,0.0,0.0,316835321,161097712,34866,0,0.0
1789549853.4,0.19816327406411371,7.0,0.0,0.0,317077575,161335440,242254,237728,0.9813
1789549855.5,0.10934527300556451,5.0,0.0,0.0,317223409,161415888,145834,80448,0.5516
1789549857.5,0.16735090906490047,6.0,0.0,0.0,317304179,161496576,80770,80688,0.999
1789549859.5,0.2053013289084069,6.0,0.0,0.0,317537621,161728096,233442,231520,0.9918
1789549861.5,0.1725721315461971,5.0,0.0,0.0,317657284,161847536,119663,119440,0.9981
1789549863.6,0.2642010099131703,8.0,0.0,0.0,317900266,162079456,242982,231920,0.9545
1789549865.6,0.26799176048178297,9.0,0.0,0.0,317947435,162108624,47169,29168,0.6184
1789549867.6,0.2874819402921024,10.0,0.0,0.0,317989608,162148416,42173,39792,0.9435
1789549869.6,0.2887765173730814,10.0,0.0,0.0,318078654,162235792,89046,87376,0.9812
1789549871.6,0.28946314389116967,10.0,0.0,0.0,318078654,162235792,0,0,
1789549873.7,0.2931179996280773,10.0,0.0,0.0,318101759,162251760,23105,15968,0.6911
1789549875.7,0.2393465604302859,8.0,0.0,0.0,318101759,162251760,0,0,
1789549877.7,0.2546669146151316,9.0,0.0,0.0,318224341,162372816,122582,121056,0.9876
1789549879.7,0.29719484457922674,10.0,0.0,0.0,318354407,162497744,130066,124928,0.9605
1789549881.7,0.24393122291043812,9.0,0.0,0.0,318357336,162497744,2929,0,0.0
1789549883.8,0.2876679016407513,10.0,0.0,0.0,318543946,162677792,186610,180048,0.9648
1789549885.8,0.23933225571115913,9.0,0.0,0.0,318581452,162701584,37506,23792,0.6344
1789549887.8,0.2949776131145665,10.0,0.0,0.0,318704648,162822544,123196,120960,0.9819
1789549889.8,0.29566423963265487,10.0,0.0,0.0,318704648,162822544,0,0,
1789549891.9,0.2971233209835925,10.0,0.0,0.0,318791558,162906336,86910,83792,0.9641
1789549893.9,0.2822034989342984,9.0,0.0,0.0,318935379,163041216,143821,134880,0.9378
1789549895.9,0.30401819560272936,10.0,0.0,0.0,318982896,163084368,47517,43152,0.9081
1789549897.9,0.3046046890869297,10.0,0.0,0.0,319064729,163163536,81833,79168,0.9674
1789549900.0,0.26136152316649264,9.0,0.0,0.0,319064729,163163536,0,0,
1789549902.0,0.26211252092065174,9.0,0.0,0.0,319109593,163208000,44864,44464,0.9911
1789549904.0,0.21301157251777358,9.0,0.0,0.0,319169753,163254592,60160,46592,0.7745
1789549906.0,0.25704865034975033,10.0,0.0,0.0,319271299,163352688,101546,98096,0.966
1789549908.1,0.17639864391262683,8.0,0.0,0.0,319365918,163445984,94619,93296,0.986
1789549910.1,0.25880813080235165,10.0,0.0,0.0,319548898,163624864,182980,178880,0.9776
1789549912.1,0.2218018224212167,9.0,0.0,0.0,319548898,163624864,0,0,
1789549914.1,0.2292188192884833,9.0,0.0,0.0,319629756,163673904,80858,49040,0.6065
1789549916.1,0.252034846295793,9.0,0.0,0.0,319796955,163840928,167199,167024,0.999
1789549918.2,0.2534510134893502,9.0,0.0,0.0,319857017,163899184,60062,58256,0.9699
1789549920.2,0.20985738195030545,8.0,0.0,0.0,319942308,163983952,85291,84768,0.9939
1789549922.2,0.27569485173158625,10.0,0.0,0.0,320091742,164129440,149434,145488,0.9736
1789549924.2,0.2757377658889668,10.0,0.0,0.0,320094572,164129440,2830,0,0.0
1789549926.3,0.21287567768606863,8.0,0.0,0.0,320160439,164190112,65867,60672,0.9211
1789549928.3,0.21354084712546673,8.0,0.0,0.0,320160439,164190112,0,0,
1789549930.3,0.24856595190753428,9.0,0.0,0.0,320307760,164337216,147321,147104,0.9985
1789549932.3,0.20575907992046572,8.0,0.0,0.0,320437565,164463376,129805,126160,0.9719
1789549934.3,0.2506329838213627,9.0,0.0,0.0,320624738,164646912,187173,183536,0.9806
1789549936.4,0.1935929163030884,7.0,0.0,0.0,320863794,164880848,239056,233936,0.9786
1789549938.4,0.19417940978728887,7.0,0.0,0.0,320863794,164880848,0,0,
1789549940.4,0.1875849342698156,7.0,0.0,0.0,320948342,164963552,84548,82704,0.9782
1789549942.4,0.18649062325661236,6.0,0.0,0.0,320948342,164963552,0,0,
1789549944.5,0.21579384038794402,7.0,1.0,0.0,321079551,164963552,131209,0,0.0
1789549946.5,0.2304490251333915,7.0,1.0,0.0,321079551,164963552,0,0,
1789549948.5,0.2414278970632412,7.0,2.0,0.0,321079551,164963552,0,0,
1789549950.5,0.23033458738037682,7.0,0.0,0.0,321229321,165112848,149770,149296,0.9968
1789549952.6,0.28208906118128374,8.0,1.0,0.0,321372587,165195760,143266,82912,0.5787
1789549954.6,0.29306078075156994,8.0,1.0,0.0,321372587,165195760,0,0,
1789549956.6,0.3098974351638606,9.0,0.0,0.0,321406956,165195760,34369,0,0.0
1789549958.6,0.28884088860915214,8.0,0.0,0.0,321495255,165282576,88299,86816,0.9832
1789549960.6,0.2928891241220478,8.0,0.0,0.0,321574519,165353824,79264,71248,0.8989
1789549962.7,0.2942337677199708,7.0,0.0,0.0,321616774,165353824,42255,0,0.0
1789549964.7,0.2551032085485001,6.0,0.0,0.0,321616774,165353824,0,0,
1789549966.7,0.2783626818487419,7.0,0.0,0.0,321667764,165403136,50990,49312,0.9671
1789549968.7,0.33450870442158864,9.0,0.0,0.0,321792493,165503024,124729,99888,0.8008
1789549970.7,0.312136123707211,8.0,0.0,0.0,321792493,165503024,0,0,
1789549972.8,0.29604331468951606,8.0,0.0,0.0,321844171,165554304,51678,51280,0.9923
1789549974.8,0.23039180625688416,6.0,0.0,0.0,322022690,165698144,178519,143840,0.8057
1789549976.8,0.2771539330825239,7.0,0.0,0.0,322105321,165778256,82631,80112,0.9695
1789549978.8,0.3342869812751227,9.0,0.0,0.0,322232382,165903680,127061,125424,0.9871
1789549980.9,0.31161400145908136,8.0,0.0,0.0,322232382,165903680,0,0,
1789549982.9,0.2728410602657817,7.0,0.0,0.0,322238807,165903680,6425,0,0.0
1789549984.9,0.3139385183171929,8.0,0.0,0.0,322329589,165992912,90782,89232,0.9829
1789549986.9,0.2564406997868597,6.0,0.0,0.0,322329589,165992912,0,0,
1789549988.9,0.3399015835324073,9.0,0.0,0.0,322515232,166174400,185643,181488,0.9776
1789549991.0,0.2996838657072969,8.0,0.0,0.0,322515232,166174400,0,0,
1789549993.0,0.22420501523452585,8.0,0.0,0.0,322654125,166287120,138893,112720,0.8116
1789549995.0,0.1604774915244539,6.0,0.0,0.0,322793063,166418560,138938,131440,0.946
1789549997.0,0.20201124350923372,7.0,0.0,0.0,322884701,166509984,91638,91424,0.9977
1789549999.0,0.18678386999871255,7.0,1.0,0.0,322950956,166509984,66255,0,0.0
1789550001.1,0.27393537127898493,9.0,0.0,0.0,323136603,166693664,185647,183680,0.9894
1789550003.1,0.23303817929534953,9.0,0.0,0.0,323187826,166693664,51223,0,0.0
1789550005.1,0.23632826469452273,9.0,0.0,0.0,323192351,166693664,4525,0,0.0
1789550007.1,0.23705065301042816,9.0,0.0,0.0,323258661,166759824,66310,66160,0.9977
1789550009.2,0.16622083625388018,6.0,0.0,0.0,323313437,166810992,54776,51168,0.9341
1789550011.2,0.21644470510821523,8.0,0.0,0.0,323429536,166920320,116099,109328,0.9417
1789550013.2,0.2161729154448052,8.0,0.0,0.0,323482585,166973360,53049,53040,0.9998
1789550015.2,0.21839729926902884,8.0,0.0,0.0,323535397,167021376,52812,48016,0.9092
1789550017.3,0.2190052498319196,8.0,0.0,0.0,323535397,167021376,0,0,
1789550019.3,0.24466791594547044,9.0,0.0,0.0,323661201,167145920,125804,124544,0.99
1789550021.3,0.22128685253265057,8.0,0.0,0.0,323661201,167145920,0,0,
1789550023.3,0.22193056489335827,8.0,0.0,0.0,323661201,167145920,0,0,
1789550025.3,0.22258858197319298,8.0,0.0,0.0,323661201,167145920,0,0,
1789550027.4,0.1996795742915588,7.0,0.0,0.0,323762128,167228784,100927,82864,0.821
1789550029.4,0.2018324345201482,7.0,0.0,0.0,323819693,167285552,57565,56768,0.9862
1789550031.4,0.22642939905874948,8.0,0.0,0.0,323943720,167409280,124027,123728,0.9976
1789550033.4,0.20702504756319107,8.0,0.0,0.0,323946551,167409280,2831,0,0.0
1789550035.4,0.2076616075643355,8.0,0.0,0.0,324001047,167463760,54496,54480,0.9997
1789550037.5,0.24918105482998842,9.0,0.0,0.0,324092787,167547968,91740,84208,0.9179
1789550039.5,0.24983907190982302,9.0,0.0,0.0,324092787,167547968,0,0,
1789550041.5,0.25048278427053083,9.0,0.0,0.0,324092787,167547968,0,0,
1789550043.5,0.25114080135036554,9.0,0.0,0.0,324092787,167547968,0,0,
1789550045.6,0.22670118872215939,8.0,0.0,0.0,324150840,167605712,58053,57744,0.9947
1789550047.6,0.2273377487233038,8.0,0.0,0.0,324150840,167605712,0,0,
1789550049.6,0.22798861344357502,8.0,0.0,0.0,324150840,167605712,0,0,
1789550051.6,0.253415251691533,9.0,0.0,0.0,324206265,167660992,55425,55280,0.9974
1789550053.7,0.22132976669003102,8.0,0.0,0.0,324209196,167660992,2931,0,0.0
1789550055.7,0.2404623285221794,9.0,0.0,0.0,324307079,167716752,97883,55760,0.5697
1789550057.7,0.227545167150643,8.0,1.0,0.0,324404208,167769904,97129,53152,0.5472
1789550059.7,0.2609323815926874,9.0,0.0,0.0,324467030,167828288,62822,58384,0.9294
1789550061.7,0.2502539087645014,9.0,0.0,0.0,324596533,167884224,129503,55936,0.4319
1789550063.8,0.2754802809446837,9.0,0.0,0.0,324596533,167884224,0,0,
1789550065.8,0.2760095555523767,9.0,0.0,0.0,324596533,167884224,0,0,
1789550067.8,0.27663896319395764,9.0,0.0,0.0,324596533,167884224,0,0,
1789550069.8,0.2772612184759752,9.0,0.0,0.0,324596533,167884224,0,0,
1789550071.8,0.24513997167665613,8.0,0.0,0.0,324596533,167884224,0,0,
1789550073.9,0.24576222695867367,8.0,0.0,0.0,324596533,167884224,0,0,
1789550075.9,0.2652595591285565,9.0,0.0,0.0,324639494,167884240,42961,16,0.0004
1789550077.9,0.2658961191297009,9.0,0.0,0.0,324742390,167981760,102896,97520,0.9478
1789550079.9,0.2665326791308452,9.0,0.0,0.0,324742390,167981760,0,0,
1789550082.0,0.26715493441286275,9.0,0.0,0.0,324742390,167981760,0,0,
1789550084.0,0.2416067060523267,8.0,0.0,0.0,324864775,168103200,122385,121440,0.9923
1789550086.0,0.24224326605347102,8.0,0.0,0.0,324864775,168103200,0,0,
1789550088.0,0.24287267369505194,8.0,0.0,0.0,324864775,168103200,0,0,
1789550090.1,0.19834208305319923,7.0,0.0,0.0,324864775,168103200,0,0,
1789550092.1,0.19895003361608998,7.0,0.0,0.0,324864775,168103200,0,0,
1789550094.1,0.19955083181941724,7.0,0.0,0.0,324864775,168103200,0,0,
1789550096.1,0.20007295406754688,7.0,0.0,0.0,324915325,168147600,50550,44400,0.8783
1789550098.1,0.22234540174803663,7.0,0.0,0.0,324969344,168147600,54019,0,0.0
1789550100.2,0.22291759051311022,7.0,0.0,0.0,324969344,168147600,0,0,
1789550102.2,0.23219420086686593,7.0,0.0,0.0,325041950,168147616,72606,16,0.0002
1789550104.2,0.23573461885075886,7.0,0.0,0.0,325093077,168198416,51127,50800,0.9936
1789550106.2,0.23642124536884723,7.0,0.0,0.0,325144662,168249664,51585,51248,0.9935
1789550108.3,0.1749252578425623,6.0,0.0,0.0,325152598,168249664,7936,0,0.0
1789550110.3,0.17544738009069194,6.0,0.0,0.0,325152598,168249664,0,0,
1789550112.3,0.15697998769794153,5.0,0.0,0.0,325170854,168249824,18256,160,0.0088
1789550114.3,0.18078304032500325,6.0,0.0,0.0,325223025,168301696,52171,51872,0.9943
1789550116.3,0.18131946729225967,6.0,0.0,0.0,325223025,168301696,0,0,
1789550118.4,0.1950949118114066,6.0,0.0,0.0,325278465,168301696,55440,0,0.0
1789550120.4,0.19834208305319923,6.0,0.0,0.0,325278465,168301696,0,0,
1789550122.4,0.16575593288225787,5.0,0.0,0.0,325331442,168354128,52977,52432,0.9897
1789550124.4,0.19926473743688045,6.0,0.0,0.0,325405302,168427136,73860,73008,0.9885
1789550126.5,0.16662136838943165,5.0,0.0,0.0,325405302,168427136,0,0,
1789550128.5,0.2145993963408529,7.0,0.0,0.0,325609077,168615248,203775,188112,0.9231
1789550130.5,0.21509290915072887,7.0,0.0,0.0,325609077,168615248,0,0,
1789550132.5,0.20620967857296124,7.0,0.0,0.0,325696602,168690432,87525,75184,0.859
1789550134.5,0.20721100891183997,7.0,0.0,0.0,325696602,168690432,0,0,
1789550136.6,0.20685339093366906,7.0,0.0,0.0,325847878,168838480,151276,148048,0.9787
1789550138.6,0.20731829430529136,7.0,0.0,0.0,325916307,168902816,68429,64336,0.9402
1789550140.6,0.20790478778949173,7.0,0.0,0.0,325916307,168902816,0,0,
1789550142.6,0.20846982419500193,7.0,0.0,0.0,325916307,168902816,0,0,
1789550144.7,0.2090706223983292,7.0,0.0,0.0,325916307,168902816,0,0,
1789550146.7,0.209628506444276,7.0,0.0,0.0,325916307,168902816,0,0,
1789550148.7,0.18481697111877204,6.0,0.0,0.0,325919224,168902816,2917,0,0.0
1789550150.7,0.14682363711788515,5.0,0.0,0.0,325974805,168958256,55581,55440,0.9975
1789550152.7,0.1854106169625359,6.0,0.0,0.0,326059982,169043376,85177,85120,0.9993
1789550154.8,0.18593273921066555,6.0,0.0,0.0,326059982,169043376,0,0,
1789550156.8,0.1864477090992318,6.0,0.0,0.0,326059982,169043376,0,0,
1789550158.8,0.21013632397327875,7.0,0.0,0.0,326112092,169079520,52110,36144,0.6936
1789550160.8,0.21050109431101316,7.0,0.0,0.0,326182065,169148144,69973,68624,0.9807
1789550162.9,0.21049394195144977,7.0,0.0,0.0,326185015,169148144,2950,0,0.0
1789550164.9,0.21108043543565025,7.0,0.0,0.0,326185015,169148144,0,0,
1789550166.9,0.211588252964653,7.0,0.0,0.0,326285461,169246256,100446,98112,0.9768
1789550168.9,0.2121461370105998,7.0,0.0,0.0,326285461,169246256,0,0,
1789550171.0,0.18104767762884977,6.0,0.0,0.0,326285461,169246256,0,0,
1789550173.0,0.21325475274292993,7.0,0.0,0.0,326356295,169316448,70834,70192,0.9909
1789550175.0,0.21334058105769094,7.0,0.0,0.0,326442467,169402096,86172,85648,0.9939
1789550177.0,0.21391276982276453,7.0,0.0,0.0,326442467,169402096,0,0,
1789550179.0,0.21377687499105957,7.0,0.0,0.0,326445369,169402096,2902,0,0.0
1789550181.1,0.1823207976311385,6.0,0.0,0.0,326445369,169402096,0,0,
1789550183.1,0.15552805870656727,5.0,0.0,0.0,326445369,169402096,0,0,
1789550185.1,0.15599296207818958,5.0,0.0,0.0,326445369,169402096,0,0,
1789550187.1,0.1884217603387357,6.0,0.0,0.0,326516841,169473184,71472,71088,0.9946
1789550189.2,0.18894388258686545,6.0,0.0,0.0,326516841,169473184,0,0,
1789550191.2,0.15001358948317045,5.0,0.0,0.0,326618200,169573184,101359,100000,0.9866
1789550193.2,0.14675211352225104,5.0,0.0,0.0,326711499,169659856,93299,86672,0.929
1789550195.2,0.14709542678129517,5.0,0.0,0.0,326813126,169761472,101627,101616,0.9999
1789550197.2,0.19463000843978429,6.0,0.0,0.0,326954644,169863200,141518,101728,0.7188
1789550199.3,0.20902055588138524,6.0,0.0,0.0,326954644,169863200,0,0,
1789550201.3,0.16382479580013443,5.0,0.0,0.0,326954644,169863200,0,0,
1789550203.3,0.21005049565851774,6.0,0.0,0.0,327056958,169965360,102314,102160,0.9985
1789550205.3,0.17784342054443758,5.0,0.0,0.0,327056958,169965360,0,0,
1789550207.4,0.16496917333028172,5.0,0.0,0.0,327129927,170036192,72969,70832,0.9707
1789550209.4,0.19534524439612633,6.0,0.0,0.0,327237441,170138928,107514,102736,0.9556
1789550211.4,0.1958387572060023,6.0,0.0,0.0,327340466,170241936,103025,103008,0.9998
1789550213.4,0.1699400632268585,5.0,0.0,0.0,327382048,170241936,41582,0,0.0
1789550215.5,0.17036920480066375,5.0,0.0,0.0,327475905,170335760,93857,93824,0.9996
1789550217.5,0.1962178322628635,6.0,0.0,0.0,327678225,170533104,202320,197344,0.9754
1789550219.5,0.19672564979186635,6.0,0.0,0.0,327678225,170533104,0,0,
1789550221.5,0.11758479122262433,4.0,0.0,0.0,327678225,170533104,0,0,
1789550223.6,0.1975124093438425,6.0,0.0,0.0,327914032,170762576,235807,229472,0.9731
1789550225.6,0.19802737923240876,6.0,0.0,0.0,327914032,170762576,0,0,
1789550227.6,0.19852089204228474,6.0,0.0,0.0,328018347,170866880,104315,104304,0.9999
1789550229.6,0.1990215572117241,6.0,0.0,0.0,328018347,170866880,0,0,
1789550231.6,0.21700258915416193,6.0,0.0,0.0,328166829,170971488,148482,104608,0.7045
1789550233.7,0.17394538458237374,5.0,0.0,0.0,328166829,170971488,0,0,
1789550235.7,0.1705194043514956,5.0,0.0,0.0,328307299,171111760,140470,140272,0.9986
1789550237.7,0.21896233567453904,6.0,0.0,0.0,328517763,171319152,210464,207392,0.9854
1789550239.7,0.1721930564893358,5.0,0.0,0.0,328517763,171319152,0,0,
1789550241.7,0.2199279042156007,6.0,0.0,0.0,328623474,171424848,105711,105696,0.9999
1789550243.8,0.22099360579055027,6.0,0.0,0.0,328775431,171575184,151957,150336,0.9893
1789550245.8,0.22146566152173597,6.0,0.0,0.0,328775431,171575184,0,0,
1789550247.8,0.201353226429399,5.0,0.0,0.0,328837617,171636272,62186,61088,0.9823
1789550249.8,0.22263864849013693,6.0,0.0,0.0,329052952,171849728,215335,213456,0.9913
1789550251.9,0.17541877065243827,5.0,0.0,0.0,329052952,171849728,0,0,
1789550253.9,0.2235899123120717,6.0,0.0,0.0,329159638,171956400,106686,106672,0.9999
1789550255.9,0.1548342798289155,4.0,0.0,0.0,329159638,171956400,0,0,
1789550257.9,0.1603058348949319,5.0,0.0,0.0,329366875,172160672,207237,204272,0.9857
1789550259.9,0.11279271031513294,4.0,0.0,0.0,329429463,172222608,62588,61936,0.9896
1789550262.0,0.16121418455948622,5.0,0.0,0.0,329536736,172329872,107273,107264,0.9999
1789550264.0,0.17667758593560012,5.0,0.0,0.0,329740939,172534048,204203,204176,0.9999
1789550266.0,0.15720886320397098,5.0,0.0,0.0,329804115,172596800,63176,62752,0.9933
1789550268.0,0.19025991674653464,5.0,0.0,0.0,329965704,172704576,161589,107776,0.667
1789550270.1,0.19988699271889798,5.0,0.0,0.0,329965704,172704576,0,0,
1789550272.1,0.15191611712704023,4.0,0.0,0.0,329965704,172704576,0,0,
1789550274.1,0.2061596120560173,6.0,0.0,0.0,330140247,172876192,174543,171616,0.9832
1789550276.1,0.17817242908435493,5.0,0.0,0.0,330248755,172984688,108508,108496,0.9999
1789550278.2,0.17862302773685035,5.0,0.0,0.0,330248755,172984688,0,0,
1789550280.2,0.17906647402978237,5.0,0.0,0.0,330248755,172984688,0,0,
1789550282.2,0.20790478778949173,6.0,0.0,0.0,330421186,173156800,172431,172112,0.9981
1789550284.2,0.2084126053184946,6.0,0.0,0.0,330421186,173156800,0,0,
1789550286.3,0.1806328407741714,5.0,0.0,0.0,330531265,173266096,110079,109296,0.9929
1789550288.3,0.15939748523037756,5.0,0.0,0.0,330598346,173329744,67081,63648,0.9488
1789550290.3,0.2095212210508247,6.0,0.0,0.0,330709759,173431056,111413,101312,0.9093
1789550292.3,0.2100147338607007,6.0,0.0,0.0,330709759,173431056,0,0,
1789550294.3,0.21052255138970344,6.0,0.0,0.0,330709759,173431056,0,0,
1789550296.4,0.2110232165591429,6.0,0.0,0.0,330709759,173431056,0,0,
1789550298.4,0.21150957700945539,6.0,0.0,0.0,330709759,173431056,0,0,
1789550300.4,0.21201024217889486,6.0,0.0,0.0,330709759,173431056,0,0,
1789550302.4,0.22152288039824342,6.0,0.0,0.0,330767982,173431072,58223,16,0.0003
1789550304.5,0.2367287968300742,6.0,0.0,0.0,330767982,173431072,0,0,
1789550306.5,0.23720085256126,6.0,0.0,0.0,330767982,173431072,0,0,
1789550308.5,0.2128041540904344,6.0,0.0,0.0,330770845,173431072,2863,0,0.0
1789550310.5,0.213290514540747,6.0,0.0,0.0,330770845,173431072,0,0,
1789550312.6,0.21379117971018635,6.0,0.0,0.0,330770845,173431072,0,0,
1789550314.6,0.21427754016049894,6.0,0.0,0.0,330770845,173431072,0,0,
1789550316.6,0.21475674825124813,6.0,0.0,0.0,330770845,173431072,0,0,
1789550318.6,0.2152502610611241,6.0,0.0,0.0,330770845,173431072,0,0,
1789550320.6,0.2410273649276896,6.0,0.0,0.0,330831624,173484800,60779,53728,0.884
1789550322.7,0.24144935414193147,6.0,0.0,0.0,330898744,173549152,67120,64352,0.9588
1789550324.7,0.24192140987311717,6.0,0.0,0.0,330898744,173549152,0,0,
1789550326.7,0.22646516085656654,6.0,0.0,0.0,330930488,173578320,31744,29168,0.9189
1789550328.7,0.25742772540661163,7.0,0.0,0.0,330998756,173645600,68268,67280,0.9855
1789550330.8,0.25796415237386816,7.0,0.0,0.0,330998756,173645600,0,0,
1789550332.8,0.2210651293861845,6.0,0.0,0.0,330998756,173645600,0,0,
1789550334.8,0.2588438926001688,7.0,0.0,0.0,331082423,173719888,83667,74288,0.8879
1789550336.8,0.22142274736435552,6.0,0.0,0.0,331195612,173833008,113189,113120,0.9994
1789550338.8,0.2595376714778206,7.0,0.0,0.0,331279744,173916864,84132,83856,0.9967
1789550340.9,0.22911153389503192,6.0,0.0,0.0,331349005,173985984,69261,69120,0.998
1789550342.9,0.21475674825124813,5.0,0.0,0.0,331349005,173985984,0,0,
1789550344.9,0.23079949075199913,6.0,0.0,0.0,331497753,174131824,148748,145840,0.9805
1789550346.9,0.18305749066617072,6.0,0.0,0.0,331566992,174131824,69239,0,0.0
1789550349.0,0.2251991932138413,7.0,0.0,0.0,331635863,174200080,68871,68256,0.9911
1789550351.0,0.19487318866494052,6.0,0.0,0.0,331635863,174200080,0,0,
1789550353.0,0.1952594160813652,6.0,0.0,0.0,331835275,174398928,199412,198848,0.9972
1789550355.0,0.19577438596993146,6.0,0.0,0.0,331835275,174398928,0,0,
1789550357.0,0.22897563906332696,7.0,0.0,0.0,331993904,174552928,158629,154000,0.9708
1789550359.1,0.22952637074971038,7.0,0.0,0.0,331993904,174552928,0,0,
1789550361.1,0.1897520992175319,6.0,0.0,0.0,332062900,174621904,68996,68976,0.9997
1789550363.1,0.19026706910609814,6.0,0.0,0.0,332062900,174621904,0,0,
1789550365.1,0.23059207232465995,7.0,0.0,0.0,332156416,174712048,93516,90144,0.9639
1789550367.2,0.22784556625230667,7.0,0.0,0.0,332286115,174840512,129699,128464,0.9905
1789550369.2,0.22839629793868998,7.0,0.0,0.0,332286115,174840512,0,0,
1789550371.2,0.18815712303488918,6.0,0.0,0.0,332286115,174840512,0,0,
1789550373.2,0.18865778820432866,6.0,0.0,0.0,332286115,174840512,0,0,
1789550375.3,0.17805799133134026,6.0,0.0,0.0,332330981,174840512,44866,0,0.0
1789550377.3,0.22140129028566524,7.0,0.0,0.0,332422964,174931696,91983,91184,0.9913
1789550379.3,0.22196632669117544,7.0,0.0,0.0,332422964,174931696,0,0,
1789550381.3,0.2023044902513339,6.0,0.0,0.0,332539862,175048448,116898,116752,0.9988
1789550383.4,0.20280515542077326,6.0,0.0,0.0,332610784,175119360,70922,70912,0.9999
1789550385.4,0.2189122691575951,6.0,0.0,0.0,332650488,175148496,39704,29136,0.7338
1789550387.4,0.16711488119930762,5.0,0.0,0.0,332743892,175240896,93404,92400,0.9893
1789550389.4,0.1810119158310327,6.0,0.0,0.0,332876103,175358320,132211,117424,0.8882
1789550391.5,0.18153403807916235,6.0,0.0,0.0,332876103,175358320,0,0,
1789550393.5,0.1820490079677286,6.0,0.0,0.0,332876103,175358320,0,0,
1789550395.5,0.18256397785629475,6.0,0.0,0.0,332876103,175358320,0,0,
1789550397.5,0.12888551933282788,5.0,0.0,0.0,332958085,175429424,81982,71104,0.8673
1789550399.5,0.1827141774071266,6.0,0.0,0.0,333077364,175548688,119279,119264,0.9999
1789550401.6,0.18323629965525623,6.0,0.0,0.0,333077364,175548688,0,0,
1789550403.6,0.18375842190338598,6.0,0.0,0.0,333077364,175548688,0,0,
1789550405.6,0.18357246055473697,6.0,0.0,0.0,333080276,175548688,2912,0,0.0
1789550407.6,0.20001573519103955,6.0,0.0,0.0,333127260,175548688,46984,0,0.0
1789550409.7,0.20044487676484468,6.0,0.0,0.0,333127260,175548688,0,0,
1789550411.7,0.18428054415151562,6.0,0.0,0.0,333137314,175548688,10054,0,0.0
1789550413.7,0.1847669046018281,6.0,0.0,0.0,333257811,175669168,120497,120480,0.9999
1789550415.7,0.18527472213083096,6.0,0.0,0.0,333331419,175742768,73608,73600,0.9999
1789550417.8,0.14103022587151504,4.0,0.0,0.0,333405358,175816560,73939,73792,0.998
1789550419.8,0.20394238059135705,6.0,0.0,0.0,333545348,175939520,139990,122960,0.8783
1789550421.8,0.14291129643669442,5.0,0.0,0.0,333548259,175939552,2911,32,0.011
1789550423.8,0.13967127755446518,5.0,0.0,0.0,333551154,175939552,2895,0,0.0
1789550425.8,0.14014333328565098,5.0,0.0,0.0,333551154,175939552,0,0,
1789550427.9,0.14062254137640007,5.0,0.0,0.0,333551154,175939552,0,0,
1789550429.9,0.1841947158367545,6.0,0.0,0.0,333769504,176157872,218350,218320,0.9999
1789550431.9,0.14150943396226412,5.0,0.0,0.0,333769504,176157872,0,0,
1789550433.9,0.1958387572060023,6.0,0.0,0.0,333892708,176254496,123204,96624,0.7843
1789550436.0,0.2170311985924156,6.0,0.0,0.0,333942903,176254496,50195,0,0.0
1789550438.0,0.21791093881871626,6.0,0.0,0.0,333942903,176254496,0,0,
1789550440.0,0.21839014690946545,6.0,0.0,0.0,333942903,176254496,0,0,
1789550442.2,0.2189051167980317,6.0,0.0,0.0,333942903,176254496,0,0,
1789550444.2,0.2018538915988385,6.0,0.0,0.0,333954501,176254496,11598,0,0.0
1789550446.2,0.20235455676827785,6.0,0.0,0.0,334030732,176330720,76231,76224,0.9999
1789550448.2,0.2028552219377172,6.0,0.0,0.0,334030732,176330720,0,0,
1789550450.3,0.1987426151887508,6.0,0.0,0.0,334133073,176428000,102341,97280,0.9505
1789550452.3,0.1499635229662265,5.0,0.0,0.0,334143165,176428160,10092,160,0.0159
1789550454.3,0.19631796529675138,6.0,0.0,0.0,334245786,176530640,102621,102480,0.9986
1789550456.3,0.15085756791165406,5.0,0.0,0.0,334245786,176530640,0,0,
1789550458.3,0.14907663038036245,5.0,0.0,0.0,334351485,176633536,105699,102896,0.9735
1789550460.4,0.19562418641909962,6.0,0.0,0.0,334454565,176736400,103080,102864,0.9979
1789550462.4,0.14997067532579,5.0,0.0,0.0,334532200,176814016,77635,77616,0.9998
1789550464.4,0.1495916002689287,5.0,0.0,0.0,334883954,177165680,351754,351664,0.9997
1789550466.4,0.15004219892142423,5.0,0.0,0.0,334987242,177268960,103288,103280,0.9999
1789550468.5,0.19684723990444453,6.0,0.0,0.0,335090859,177372304,103617,103344,0.9974
1789550470.5,0.16353154905803424,5.0,0.0,0.0,335144974,177372304,54115,0,0.0
1789550472.5,0.11726293504227048,4.0,0.0,0.0,335144974,177372304,0,0,
1789550474.5,0.1843020012302058,5.0,0.0,0.0,335424024,177601488,279050,229184,0.8213
1789550476.5,0.13771153103408817,4.0,0.0,0.0,335627408,177804560,203384,203072,0.9985
1789550478.6,0.11353655570972865,3.0,0.0,0.0,335860209,178034304,232801,229744,0.9869
1789550480.6,0.17433161199879843,6.0,0.0,0.0,335995621,178138496,135412,104192,0.7694
1789550482.6,0.17486088660649146,6.0,0.0,0.0,335995621,178138496,0,0,
1789550484.6,0.1286709485459253,5.0,0.0,0.0,335995621,178138496,0,0,
1789550486.6,0.14346202812307784,5.0,0.0,0.0,336059569,178138496,63948,0,0.0
1789550488.7,0.19497332169882842,6.0,0.0,0.0,336239464,178306736,179895,168240,0.9352
1789550490.7,0.19540246327263366,6.0,0.0,0.0,336366259,178432544,126795,125808,0.9922
1789550492.7,0.19591028080163642,6.0,0.0,0.0,336366259,178432544,0,0,
1789550494.7,0.13954253508232362,5.0,0.0,0.0,336366259,178432544,0,0,
1789550496.8,0.14796801464803233,5.0,0.0,0.0,336496326,178559648,130067,127104,0.9772
1789550498.8,0.19568855765517046,6.0,0.0,0.0,336602021,178665136,105695,105488,0.998
1789550500.8,0.1962035275437367,6.0,0.0,0.0,336602021,178665136,0,0,
1789550502.8,0.19671134507273946,6.0,0.0,0.0,336729788,178792896,127767,127760,0.9999
1789550504.8,0.14973464746019716,5.0,0.0,0.0,336729788,178792896,0,0,
1789550506.9,0.19814896934498694,6.0,0.0,0.0,336965177,179027152,235389,234256,0.9952
1789550508.9,0.13996452429656547,5.0,0.0,0.0,336967964,179027152,2787,0,0.0
1789550510.9,0.14045088474687795,5.0,0.0,0.0,336967964,179027152,0,0,
1789550512.9,0.196310812937188,5.0,0.0,0.0,337224491,179280752,256527,253600,0.9886
1789550514.9,0.2223883159054172,6.0,0.0,0.0,337282678,179280768,58187,16,0.0003
1789550517.0,0.16531248658932585,5.0,0.0,0.0,337282678,179280768,0,0,
1789550519.0,0.07628706710343747,3.0,0.0,0.0,337282678,179280768,0,0,
1789550521.0,0.13869855665384012,4.0,0.0,0.0,337480082,179478128,197404,197360,0.9998
1789550523.0,0.19797016035590143,6.0,0.0,0.0,337611697,179606880,131615,128752,0.9782
1789550525.1,0.19844221608708712,6.0,0.0,0.0,337740504,179735488,128807,128608,0.9985
1789550527.1,0.16767991760481782,6.0,0.0,0.0,337892591,179764608,152087,29120,0.1915
1789550529.1,0.1969688300170226,6.0,0.0,0.0,337892591,179764608,0,0,
1789550531.1,0.20693921924843006,6.0,0.0,0.0,337892591,179764608,0,0,
1789550533.2,0.20777604531735017,6.0,0.0,0.0,338092341,179963312,199750,198704,0.9948
1789550535.2,0.17697083267770042,5.0,0.0,0.0,338092341,179963312,0,0,
1789550537.2,0.17740712661106894,5.0,0.0,0.0,338092341,179963312,0,0,
1789550539.2,0.17785057290400108,5.0,0.0,0.0,338092341,179963312,0,0,
1789550541.2,0.2669332112663968,7.0,0.0,0.0,338290536,180161328,198195,198016,0.9991
1789550543.3,0.15113650993462746,5.0,0.0,0.0,338290536,180161328,0,0,
1789550545.3,0.23704350065086477,6.0,0.0,0.0,338551135,180421408,260599,260080,0.998
1789550547.3,0.268349378459954,7.0,0.0,0.0,338730537,180598512,179402,177104,0.9872
1789550549.3,0.212353555437939,6.0,0.0,0.0,338809537,180668160,79000,69648,0.8816
1789550551.4,0.1640322142274736,5.0,0.0,0.0,338809537,180668160,0,0,
1789550553.4,0.18274993920494376,5.0,0.0,0.0,338920363,180778384,110826,110224,0.9946
1789550555.4,0.21454932982390895,6.0,0.0,0.0,338990466,180848272,70103,69888,0.9969
1789550557.4,0.27316291644613555,7.0,0.0,0.0,339120470,180978128,130004,129856,0.9989
1789550559.4,0.20084540890039626,6.0,0.0,0.0,339159510,180978512,39040,384,0.0098
1789550561.5,0.2318437352482584,7.0,0.0,0.0,339238054,181048896,78544,70384,0.8961
1789550563.5,0.23237300985595144,7.0,0.0,0.0,339370727,181181552,132673,132656,0.9999
1789550565.5,0.13348448653210698,5.0,0.0,0.0,339462056,181252304,91329,70752,0.7747
1789550567.5,0.15920437152216516,6.0,1.0,0.0,339522566,181252304,60510,0,0.0
1789550569.6,0.22118671949876267,7.0,0.0,0.0,339677912,181405504,155346,153200,0.9862
1789550571.6,0.2221022215228804,7.0,0.0,0.0,339701221,181427968,23309,22464,0.9637
1789550573.6,0.21886220264065115,6.0,0.0,0.0,339785548,181511760,84327,83792,0.9937
1789550575.6,0.24737150786044315,7.0,0.0,0.0,339872766,181535312,87218,23552,0.27
1789550577.6,0.2485516471884075,7.0,0.0,0.0,339898429,181559360,25663,24048,0.9371
1789550579.7,0.2524568355100347,7.0,0.0,0.0,339993101,181646256,94672,86896,0.9179
1789550581.7,0.2534438611297867,7.0,0.0,0.0,340027561,181679616,34460,33360,0.9681
1789550583.7,0.22554250647288543,6.0,0.0,0.0,340062470,181714192,34909,34576,0.9905
1789550585.7,0.23174360221437051,7.0,0.0,0.0,340110423,181749216,47953,35024,0.7304
1789550587.8,0.20459324531162826,6.0,0.0,0.0,340244952,181883536,134529,134320,0.9984
1789550589.8,0.2328736750253909,7.0,0.0,0.0,340307004,181945248,62052,61712,0.9945
1789550591.8,0.23114995637060665,7.0,0.0,0.0,340313454,181945248,6450,0,0.0
1789550593.8,0.23163631682091923,7.0,0.0,0.0,340375830,182007600,62376,62352,0.9996
1789550595.9,0.24996781438196458,8.0,0.0,0.0,340529696,182157728,153866,150128,0.9757
1789550597.9,0.2545453245025534,8.0,0.0,0.0,340755658,182374368,225962,216640,0.9587
1789550599.9,0.23801622155148983,7.0,0.0,0.0,340755658,182374368,0,0,
1789550601.9,0.2095140686912612,6.0,0.0,0.0,340824495,182438944,68837,64576,0.9381
1789550603.9,0.2100147338607007,6.0,0.0,0.0,340824495,182438944,0,0,
1789550606.0,0.18087602099932765,5.0,0.0,0.0,340824495,182438944,0,0,
1789550608.0,0.22112234826269184,7.0,0.0,0.0,340934057,182545952,109562,107008,0.9767
1789550610.0,0.2011887221594404,6.0,0.0,0.0,340958364,182566912,24307,20960,0.8623
1789550612.0,0.16003404523152187,4.0,0.0,0.0,341119264,182727776,160900,160864,0.9998
1789550614.1,0.20497947272805295,6.0,0.0,0.0,341243847,182845840,124583,118064,0.9477
1789550616.1,0.15378288297309284,4.0,2.0,0.0,341311020,182845856,67173,16,0.0002
1789550618.1,0.20356330553449586,5.0,0.0,0.0,341480797,183013808,169777,167952,0.9893
1789550620.1,0.23717224312300633,6.0,0.0,0.0,341588221,183115696,107424,101888,0.9485
1789550622.2,0.2075757792495745,5.0,0.0,0.0,341656918,183183968,68697,68272,0.9938
1789550624.2,0.20825525340809936,5.0,0.0,0.0,341766069,183292448,109151,108480,0.9939
1789550626.2,0.21171699543679456,6.0,0.0,0.0,341807864,183327440,41795,34992,0.8372
1789550628.2,0.2149641666785873,6.0,0.0,0.0,341894358,183403264,86494,75824,0.8766
1789550630.3,0.16333128299025845,5.0,0.0,0.0,342077922,183586800,183564,183536,0.9998
1789550632.3,0.1951735877666042,5.0,0.0,0.0,342298219,183797552,220297,210752,0.9567
1789550634.3,0.1647116883859986,5.0,0.0,0.0,342391881,183889520,93662,91968,0.9819
1789550636.3,0.1960247185546512,5.0,0.0,0.0,342508701,184006128,116820,116608,0.9982
1789550638.3,0.13181083439426666,4.0,0.0,0.0,342556534,184053872,47833,47744,0.9981
1789550640.4,0.22366143590770593,6.0,0.0,0.0,343005154,184430304,448620,376432,0.8391
1789550642.4,0.24745733617520416,6.0,0.0,0.0,343005154,184430304,0,0,
1789550644.4,0.21432760667744288,5.0,0.0,0.0,343053859,184478480,48705,48176,0.9891
1789550646.4,0.16034874905231233,4.0,0.0,0.0,343286317,184705376,232458,226896,0.9761
1789550648.4,0.2474287267369505,6.0,0.0,0.0,343529898,184947504,243581,242128,0.994
1789550650.5,0.27101720857710954,7.0,0.0,0.0,343581600,184997264,51702,49760,0.9624
1789550652.5,0.2152431087015606,5.0,0.0,0.0,343681618,185094256,100018,96992,0.9697
1789550654.5,0.1862617477505829,5.0,0.0,0.0,343786272,185198544,104654,104288,0.9965
1789550656.5,0.16551990501666503,4.0,0.0,0.0,343979724,185390688,193452,192144,0.9932
1789550658.6,0.22226672579283901,6.0,0.0,0.0,344299811,185687120,320087,296432,0.9261
1789550660.6,0.22298911410874445,6.0,0.0,0.0,344357790,185744512,57979,57392,0.9899
1789550662.6,0.22361852175032548,6.0,0.0,0.0,344416340,185802656,58550,58144,0.9931
1789550664.6,0.22440528130230164,6.0,0.0,0.0,344543749,185929312,127409,126656,0.9941
1789550666.7,0.25673394652895987,6.0,0.0,0.0,344683378,186068912,139629,139600,0.9998
1789550668.7,0.2885977083839959,7.0,0.0,0.0,344753589,186137248,70211,68336,0.9733
1789550670.7,0.25757792495744347,6.0,0.0,0.0,344753589,186137248,0,0,
1789550672.7,0.29952651379690165,7.0,0.0,0.0,344847109,186207712,93520,70464,0.7535
1789550674.8,0.3227359205801994,8.0,0.0,0.0,344897947,186256256,50838,48544,0.9549
1789550676.8,0.32326519518789254,8.0,0.0,0.0,344897947,186256256,0,0,
1789550678.8,0.32382307923383924,8.0,0.0,0.0,344897947,186256256,0,0,
1789550680.8,0.2822893272490594,7.0,0.0,0.0,344897947,186256256,0,0,
1789550682.8,0.2827971447780623,7.0,0.0,0.0,344897947,186256256,0,0,
1789550684.9,0.32643369047448756,8.0,0.0,0.0,344994502,186350240,96555,93984,0.9734
1789550686.9,0.3269772698013075,8.0,0.0,0.0,344994502,186350240,0,0,
1789550688.9,0.30053499649534376,7.0,0.0,0.0,345047201,186401728,52699,51488,0.977
1789550690.9,0.30140043200251765,7.0,0.0,0.0,345265732,186617536,218531,215808,0.9875
1789550693.0,0.30187248773370334,7.0,0.0,0.0,345265732,186617536,0,0,
1789550695.0,0.2666399645242966,6.0,0.0,0.0,345344873,186694944,79141,77408,0.9781
1789550697.0,0.2681348076730513,6.0,0.0,0.0,345400508,186748128,55635,53184,0.9559
1789550699.0,0.26857825396598334,6.0,0.0,0.0,345400508,186748128,0,0,
1789550701.0,0.2996767133477334,7.0,0.0,0.0,345479230,186808624,78722,60496,0.7685
1789550703.1,0.3355100347604675,8.0,0.0,0.0,345558139,186853952,78909,45328,0.5744
1789550705.1,0.3398729740941536,8.0,0.0,0.0,345558139,186853952,0,0,
1789550707.1,0.34039509634228327,8.0,0.0,0.0,345558139,186853952,0,0,
1789550709.1,0.3156908464102307,7.0,0.0,0.0,345558139,186853952,0,0,
1789550711.2,0.2616762269872831,6.0,0.0,0.0,345614655,186910384,56516,56432,0.9985
1789550713.2,0.3063999313373482,7.0,0.0,0.0,345793070,187088112,178415,177728,0.9961
1789550715.2,0.3070722531363097,7.0,0.0,0.0,345850340,187144912,57270,56800,0.9918
1789550717.2,0.3431702118528903,8.0,0.0,0.0,345929971,187224064,79631,79152,0.994
1789550719.3,0.3078160985309053,7.0,0.0,0.0,346073063,187366736,143092,142672,0.9971
1789550721.3,0.289076916474745,7.0,0.0,0.0,346152286,187445936,79223,79200,0.9997
1789550723.3,0.25686984136066493,6.0,0.0,0.0,346238915,187525824,86629,79888,0.9222
1789550725.4,0.35166006265466976,8.0,0.0,0.0,346450322,187727472,211407,201648,0.9538
1789550727.4,0.3521678801836726,8.0,0.0,0.0,346508445,187785488,58123,58016,0.9982
1789550729.4,0.36133720514397705,9.0,0.0,0.0,346528030,187785488,19585,0,0.0
1789550731.4,0.32661965182313646,8.0,0.0,0.0,346548911,187805200,20881,19712,0.944
1789550733.4,0.36825353684180406,10.0,0.0,0.0,346701614,187945552,152703,140352,0.9191
1789550735.5,0.36994864605833466,10.0,0.0,0.0,346762976,188004144,61362,58592,0.9549
1789550737.5,0.35954196289355855,9.0,0.0,0.0,346762976,188004144,0,0,
1789550739.5,0.37220879168037535,9.0,0.0,0.0,346796886,188028688,33910,24544,0.7238
1789550741.5,0.3699844078561517,9.0,0.0,0.0,346998172,188228992,201286,200304,0.9951
1789550743.6,0.33142603744975463,9.0,0.0,0.0,347117599,188336864,119427,107872,0.9032
1789550745.6,0.35196761411589683,9.0,0.0,0.0,347259050,188476752,141451,139888,0.989
1789550747.6,0.34305577409987553,9.0,0.0,0.0,347321301,188538800,62251,62048,0.9967
1789550749.6,0.3832019683293518,10.0,0.0,0.0,347508669,188720368,187368,181568,0.969
1789550751.7,0.385025820018024,10.0,0.0,0.0,347613359,188822144,104690,101776,0.9722
1789550753.7,0.3855693993448439,10.0,0.0,0.0,347613359,188822144,0,0,
1789550755.7,0.34499406354156237,8.0,0.0,0.0,347764176,188968320,150817,146176,0.9692
1789550757.7,0.34687513410674187,8.0,0.0,0.0,347810861,189011920,46685,43600,0.9339
1789550759.8,0.33505943610797206,8.0,0.0,0.0,347869636,189070096,58775,58176,0.9898
1789550761.8,0.3565880383938661,9.0,0.0,0.0,347916589,189116896,46953,46800,0.9967
1789550763.8,0.300520691776217,7.0,0.0,0.0,347964695,189164016,48106,47120,0.9795
1789550765.8,0.360092694579942,9.0,0.0,0.0,348184741,189379264,220046,215248,0.9782
1789550767.8,0.3613729669417941,9.0,0.0,0.0,348235397,189428176,50656,48912,0.9656
1789550769.9,0.3621239646959532,9.0,0.0,0.0,348286672,189478928,51275,50752,0.9898
1789550771.9,0.3628821148096757,9.0,0.0,0.0,348338646,189530368,51974,51440,0.9897
1789550773.9,0.3624744303145607,9.0,0.0,0.0,348523493,189715024,184847,184656,0.999
1789550775.9,0.36301085728181726,9.0,0.0,0.0,348523493,189715024,0,0,
1789550778.0,0.352582717038351,8.0,0.0,0.0,348523493,189715024,0,0,
1789550780.0,0.35354113321984926,8.0,0.0,0.0,348612422,189801280,88929,86256,0.9699
1789550782.0,0.3052770108858912,7.0,0.0,0.0,348612422,189801280,0,0,
1789550784.0,0.3177578783240591,9.0,0.0,0.0,348806926,189992368,194504,191088,0.9824
1789550786.1,0.3183086100104424,9.0,0.0,0.0,348806926,189992368,0,0,
1789550788.1,0.31885218933726234,9.0,0.0,0.0,348873688,190057728,66762,65360,0.979
1789550790.1,0.32231393136595765,9.0,0.0,0.0,348900319,190077648,26631,19920,0.748
1789550792.1,0.3003991016636388,8.0,0.0,0.0,349010350,190186848,110031,109200,0.9924
1789550794.2,0.32513911339350854,8.0,0.0,0.0,349248670,190414240,238320,227392,0.9541
1789550796.2,0.34791937860300115,9.0,0.0,0.0,349405285,190569424,156615,155184,0.9909
1789550798.2,0.3797330739410931,10.0,0.0,0.0,349513371,190674736,108086,105312,0.9743
1789550800.2,0.33996595476847813,9.0,0.0,0.0,349513371,190674736,0,0,
1789550802.3,0.38262262720471485,10.0,0.0,0.0,349647036,190804000,133665,129264,0.9671
1789550804.3,0.3707783197676914,9.0,0.0,0.0,349647036,190804000,0,0,
1789550806.3,0.30375355829888284,8.0,0.0,0.0,349756482,190911744,109446,107744,0.9844
1789550808.3,0.3538844464788934,9.0,0.0,0.0,349867453,191022336,110971,110592,0.9966
1789550810.4,0.3270201839586879,9.0,0.0,0.0,349982271,191133408,114818,111072,0.9674
1789550812.4,0.32831476103966695,9.0,0.0,0.0,350210422,191359744,228151,226336,0.992
1789550814.4,0.33385068734175405,8.0,0.0,0.0,350391913,191541008,181491,181264,0.9987
1789550816.4,0.3907190982305062,10.0,0.0,0.0,350674966,191820384,283053,279376,0.987
1789550818.5,0.3782596878710287,9.0,0.0,0.0,350674966,191820384,0,0,
1789550820.5,0.37643583618235654,9.0,0.0,0.0,350772959,191916112,97993,95728,0.9769
1789550822.5,0.3470181812980102,8.0,0.0,0.0,350772959,191916112,0,0,
1789550824.5,0.26614645171442064,6.0,0.0,0.0,350772959,191916112,0,0,
1789550826.5,0.2845566252306636,6.0,0.0,0.0,350885285,192028384,112326,112272,0.9995
1789550828.6,0.35477133906475744,8.0,0.0,0.0,351041690,192170224,156405,141840,0.9069
1789550830.6,0.3624887350336876,9.0,0.0,0.0,351058012,192170224,16322,0,0.0
1789550832.6,0.3630394667200709,9.0,0.0,0.0,351058012,192170224,0,0,
1789550834.6,0.2716394638591271,7.0,0.0,0.0,351058012,192170224,0,0,
1789550836.7,0.3352382450970576,8.0,0.0,0.0,351215948,192321968,157936,151744,0.9608
1789550838.7,0.3359606334129629,9.0,0.0,0.0,351216353,192321968,405,0,0.0
1789550840.7,0.2861587537728697,9.0,0.0,0.0,351368520,192464816,152167,142848,0.9388
1789550842.7,0.3047048221208176,9.0,0.0,0.0,351439319,192464816,70799,0,0.0
1789550844.8,0.31818701989786435,9.0,0.0,0.0,351439319,192464816,0,0,
1789550846.8,0.2263221136652982,7.0,0.0,0.0,351463276,192487728,23957,22912,0.9564
1789550848.8,0.22685138827299123,7.0,0.0,0.0,351559938,192582688,96662,94960,0.9824
1789550850.8,0.19553835810433862,6.0,0.0,0.0,351559938,192582688,0,0,
1789550852.9,0.17709242279027848,6.0,0.0,0.0,351775796,192791552,215858,208864,0.9676
1789550854.9,0.24877337033487346,7.0,0.0,0.0,352010135,193023920,234339,232368,0.9916
1789550856.9,0.2506186791022358,8.0,0.0,0.0,352013038,193023920,2903,0,0.0
1789550858.9,0.2533151186576451,8.0,0.0,0.0,352045854,193051856,32816,27936,0.8513
1789550860.9,0.25647646158467674,8.0,0.0,0.0,352084721,193084880,38867,33024,0.8497
1789550863.0,0.2570701074284406,8.0,0.0,0.0,352084721,193084880,0,0,
1789550865.0,0.261011057547885,8.0,0.0,0.0,352131580,193124048,46859,39168,0.8359
1789550867.0,0.20100991317035488,7.0,0.0,0.0,352248262,193237664,116682,113616,0.9737
1789550869.0,0.20160355901411875,7.0,0.0,0.0,352248262,193237664,0,0,
1789550871.1,0.20219005249831923,7.0,0.0,0.0,352248262,193237664,0,0,
1789550873.1,0.26493055058863924,8.0,0.0,0.0,352434881,193422416,186619,184752,0.99
1789550875.1,0.2816384625287882,8.0,1.0,0.0,352512047,193422416,77166,0,0.0
1789550877.1,0.3388859484744017,9.0,0.0,0.0,352606710,193509520,94663,87104,0.9201
1789550879.2,0.2776331411732731,7.0,0.0,0.0,352606710,193509520,0,0,
1789550881.2,0.3226143304676212,8.0,0.0,0.0,352706228,193607456,99518,97936,0.9841
1789550883.2,0.2944841003046905,8.0,0.0,0.0,352792433,193657056,86205,49600,0.5754
1789550885.2,0.23283791322757375,7.0,0.0,0.0,352882019,193744400,89586,87344,0.975
1789550887.2,0.21833292803295812,6.0,0.0,0.0,352882019,193744400,0,0,
1789550889.3,0.25317922382594016,7.0,0.0,0.0,353103667,193954880,221648,210480,0.9496
1789550891.3,0.3404523152187907,9.0,0.0,0.0,353385769,194232304,282102,277424,0.9834
1789550893.3,0.341003046905174,9.0,0.0,0.0,353385769,194232304,0,0,
1789550895.3,0.3415609309511207,9.0,0.0,0.0,353385769,194232304,0,0,
1789550897.4,0.3427768320769021,9.0,0.0,0.0,353532522,194377408,146753,145104,0.9888
1789550899.4,0.28141673938232226,8.0,0.0,0.0,353532522,194377408,0,0,
1789550901.4,0.2819460139900153,8.0,0.0,0.0,353671006,194515872,138484,138464,0.9999
1789550903.4,0.24232909436823213,7.0,0.0,0.0,353728728,194572624,57722,56752,0.9832
1789550905.5,0.3452300914071552,9.0,0.0,0.0,353996439,194840064,267711,267440,0.999
1789550907.5,0.26651837441171844,7.0,0.0,0.0,353996439,194840064,0,0,
1789550909.5,0.3472112950062225,9.0,0.0,0.0,354175834,195017376,179395,177312,0.9884
1789550911.6,0.34774056961391564,9.0,0.0,0.0,354175834,195017376,0,0,
1789550913.6,0.34831275837898923,9.0,0.0,0.0,354175834,195017376,0,0,
1789550915.6,0.3307966298081737,8.0,0.0,0.0,354175834,195017376,0,0,
1789550917.6,0.2758593560015449,8.0,0.0,0.0,354283541,195108608,107707,91232,0.847
1789550919.7,0.33892886263178224,9.0,0.0,0.0,354423392,195248448,139851,139840,0.9999
1789550921.7,0.29802451828858345,9.0,0.0,0.0,354451315,195248448,27923,0,0.0
1789550923.7,0.29153017580499807,8.0,0.0,0.0,354543913,195340464,92598,92016,0.9937
1789550925.7,0.3101906819059608,9.0,0.0,0.0,354584977,195340464,41064,0,0.0
1789550927.8,0.31077002303059775,9.0,0.0,0.0,354584977,195340464,0,0,
1789550929.8,0.2929034288411747,8.0,0.0,0.0,354677895,195433296,92918,92832,0.9991
1789550931.8,0.30056360593359754,9.0,0.0,0.0,354693951,195433296,16056,0,0.0
1789550933.8,0.19655399316234423,7.0,0.0,0.0,354693951,195433296,0,0,
1789550935.9,0.29415509176477317,9.0,0.0,0.0,354940114,195667072,246163,233776,0.9497
1789550937.9,0.23160770738266556,8.0,0.0,0.0,355043293,195767136,103179,100064,0.9698
1789550939.9,0.23224426738380988,8.0,0.0,0.0,355043293,195767136,0,0,
1789550941.9,0.30704364369805603,9.0,0.0,0.0,355226738,195908272,183445,141136,0.7694
1789550943.9,0.3083739825768521,9.0,0.0,0.0,355322233,196001808,95495,93536,0.9795
1789550946.0,0.264007896204958,8.0,0.0,0.0,355338188,196001824,15955,16,0.001
1789550948.0,0.26460869440828527,8.0,0.0,0.0,355338188,196001824,0,0,
1789550950.0,0.26521664497117603,8.0,0.0,0.0,355338188,196001824,0,0,
1789550952.0,0.22891842018681963,7.0,0.0,0.0,355538374,196200928,200186,199104,0.9946
1789550954.1,0.18631896662709024,6.0,0.0,0.0,355638339,196296096,99965,95168,0.952
1789550956.1,0.18527472213083096,6.0,0.0,0.0,355839240,196496512,200901,200416,0.9976
1789550958.1,0.22862517344471944,7.0,0.0,0.0,356048848,196700912,209608,204400,0.9752
1789550960.1,0.18237801650764585,6.0,0.0,0.0,356048848,196700912,0,0,
1789550962.2,0.2741499420658875,8.0,0.0,0.0,356353617,197002976,304769,302064,0.9911
1789550964.2,0.10704936558570677,5.0,0.0,0.0,356369694,197002976,16077,0,0.0
1789550966.2,0.18558942595162142,6.0,0.0,0.0,356566230,197178688,196536,175712,0.894
1789550968.2,0.12224812965797416,5.0,0.0,0.0,356566230,197178688,0,0,
1789550970.3,0.16746534681791525,6.0,0.0,0.0,356666236,197277840,100006,99152,0.9915
1789550972.3,0.2149570143190238,7.0,0.0,0.0,356771241,197382624,105005,104784,0.9979
1789550974.3,0.21231064128055843,7.0,0.0,0.0,356776448,197382624,5207,0,0.0
1789550976.3,0.1678801836725936,6.0,0.0,0.0,356919564,197525472,143116,142848,0.9981
1789550978.4,0.1657344758035676,6.0,0.0,0.0,357062722,197668352,143158,142880,0.9981
1789550980.4,0.2321369819903586,7.0,0.0,0.0,357316627,197916704,253905,248352,0.9781
1789550982.4,0.23264479951936146,7.0,0.0,0.0,357417268,198017328,100641,100624,0.9998
1789550984.4,0.21390561746320114,6.0,0.0,0.0,357417268,198017328,0,0,
1789550986.4,0.2144062826326405,6.0,0.0,0.0,357417268,198017328,0,0,
1789550988.5,0.23450441300585068,7.0,0.0,0.0,357466708,198060288,49440,42960,0.8689
1789550990.5,0.21605847769179054,7.0,0.0,0.0,357568358,198161024,101650,100736,0.991
1789550992.5,0.21660205701861046,7.0,0.0,0.0,357713066,198304944,144708,143920,0.9946
1789550994.5,0.15517044072839625,6.0,0.0,0.0,357729423,198304944,16357,0,0.0
1789550996.6,0.16275909422518486,6.0,0.0,0.0,357743299,198304944,13876,0,0.0
1789550998.6,0.2187120030898193,7.0,0.0,0.0,357984234,198436864,240935,131920,0.5475
1789551000.6,0.2370220435721745,7.0,0.0,0.0,357984234,198436864,0,0,
1789551002.6,0.2516629235984952,7.0,1.0,0.0,357984234,198436864,0,0,
1789551004.7,0.26264894788790827,7.0,1.0,0.0,357984234,198436864,0,0,
1789551006.7,0.28367688500436294,8.0,0.0,0.0,358029119,198436864,44885,0,0.0
1789551008.7,0.284206159612056,8.0,0.0,0.0,358136550,198542816,107431,105952,0.9862
1789551010.7,0.22316077073826657,7.0,0.0,0.0,358182635,198587856,46085,45040,0.9773
1789551012.7,0.17554751312457983,6.0,0.0,0.0,358182635,198587856,0,0,
1789551014.8,0.28648776231278694,8.0,0.0,0.0,358429620,198834112,246985,246256,0.997
1789551016.8,0.224905946471741,7.0,0.0,0.0,358532868,198937008,103248,102896,0.9966
1789551018.8,0.19015978371264686,6.0,0.0,0.0,358681354,199075984,148486,138976,0.936
1789551020.8,0.23931079863246885,7.0,0.0,0.0,358790134,199184352,108780,108368,0.9962
1789551022.9,0.2862731915258844,8.0,0.0,0.0,358941026,199334256,150892,149904,0.9935
1789551024.9,0.24031212897134768,7.0,0.0,0.0,358941026,199334256,0,0,
1789551026.9,0.25807143776731944,6.0,0.0,0.0,359048458,199438336,107432,104080,0.9688
1789551028.9,0.25177736135150985,6.0,0.0,0.0,359176444,199438352,127986,16,0.0001
1789551031.0,0.2737565622898994,6.0,1.0,0.0,359176444,199438352,0,0,
1789551033.0,0.2847425865793125,6.0,1.0,0.0,359176444,199438352,0,0,
1789551035.0,0.31566223697197704,7.0,0.0,0.0,359223942,199485840,47498,47488,0.9998
1789551037.0,0.3412962936472742,8.0,0.0,0.0,359280340,199535552,56398,49712,0.8814
1789551039.0,0.34181126353584046,8.0,0.0,0.0,359280340,199535552,0,0,
1789551041.1,0.2934684652466849,7.0,0.0,0.0,359348269,199602944,67929,67392,0.9921
1789551043.1,0.2724476804897936,6.0,0.0,0.0,359456514,199710688,108245,107744,0.9954
1789551045.1,0.3435421345501881,8.0,0.0,0.0,359614567,199867584,158053,156896,0.9927
1789551047.1,0.2955498018796401,7.0,0.0,0.0,359614567,199867584,0,0,
1789551049.2,0.34464359792295474,8.0,0.0,0.0,359723320,199976096,108753,108512,0.9978
1789551051.2,0.3452658532049723,8.0,0.0,0.0,359832414,200084912,109094,108816,0.9975
1789551053.2,0.34311299297638287,8.0,0.0,0.0,360075500,200326192,243086,241280,0.9926
1789551055.2,0.23097829974108464,6.0,0.0,0.0,360075500,200326192,0,0,
1789551057.3,0.2810019025276439,7.0,0.0,0.0,360186412,200436080,110912,109888,0.9908
1789551059.3,0.23245883817071256,6.0,0.0,0.0,360235643,200485296,49231,49216,0.9997
1789551061.3,0.29567139199221826,7.0,0.0,0.0,360487221,200736144,251578,250848,0.9971
1789551063.4,0.34593102264437037,8.0,0.0,0.0,360598586,200847200,111365,111056,0.9972
1789551065.4,0.3464746019711903,8.0,0.0,0.0,360598586,200847200,0,0,
1789551067.4,0.34698957185975654,8.0,0.0,0.0,360758697,201007296,160111,160096,0.9999
1789551069.4,0.23387500536426964,6.0,0.0,0.0,360758697,201007296,0,0,
1789551071.5,0.32551103609080634,7.0,0.0,0.0,361012902,201261024,254205,253728,0.9981
1789551073.5,0.26858540632554684,7.0,0.0,0.0,361015442,201261024,2540,0,0.0
1789551075.5,0.16943224569785575,5.0,0.0,0.0,361015442,201261024,0,0,
1789551077.5,0.22835338378130943,7.0,0.0,0.0,361289071,201533712,273629,272688,0.9966
1789551079.6,0.15652223668588272,5.0,0.0,0.0,361289071,201533712,0,0,
1789551081.6,0.27083124722846064,7.0,0.0,0.0,361543749,201787632,254678,253920,0.997
1789551083.6,0.2960290099703893,8.0,0.0,0.0,361602403,201838320,58654,50688,0.8642
1789551085.6,0.2461055402177178,7.0,0.0,0.0,361602403,201838320,0,0,
1789551087.7,0.2975882243552148,8.0,0.0,0.0,361828519,202062704,226116,224384,0.9923
1789551089.7,0.2981461084011615,8.0,0.0,0.0,361828519,202062704,0,0,
1789551091.7,0.2470353469609624,7.0,0.0,0.0,361886760,202114736,58241,52032,0.8934
1789551093.7,0.2985466405367131,8.0,0.0,0.0,362113754,202341568,226994,226832,0.9993
1789551095.8,0.16023431129929766,5.0,0.0,0.0,362113754,202341568,0,0,
1789551097.8,0.2336175204199865,7.0,0.0,0.0,362397179,202621824,283425,280256,0.9888
1789551099.8,0.24747879325389444,7.0,0.0,0.0,362541587,202765184,144408,143360,0.9927
1789551101.8,0.2992189623356746,8.0,0.0,0.0,362656138,202879728,114551,114544,0.9999
1789551103.8,0.25423777304132633,7.0,0.0,0.0,362685582,202879728,29444,0,0.0
1789551105.9,0.3118428769651108,8.0,0.0,0.0,362914790,203108704,229208,228976,0.999
1789551107.9,0.2098144677929249,6.0,0.0,0.0,362914790,203108704,0,0,
1789551109.9,0.23406811907248204,6.0,0.0,0.0,363030130,203223712,115340,115008,0.9971
1789551111.9,0.26051039237844564,7.0,0.0,0.0,363203612,203396896,173482,173184,0.9983
1789551114.0,0.19410788619165464,6.0,0.0,0.0,363229938,203396896,26326,0,0.0
1789551116.0,0.1427467921667358,5.0,0.0,0.0,363345151,203511328,115213,114432,0.9932
1789551118.0,0.14317593374054105,5.0,0.0,0.0,363460957,203627120,115806,115792,0.9999
1789551120.0,0.2708956184645315,7.0,0.0,0.0,363846914,204003568,385957,376448,0.9754
1789551122.1,0.21953452443961263,6.0,0.0,0.0,363846914,204003568,0,0,
1789551124.1,0.2194773055631053,6.0,0.0,0.0,363963023,204119600,116109,116032,0.9993
1789551126.1,0.15469838499721056,5.0,0.0,0.0,363963023,204119600,0,0,
1789551128.1,0.16700044344629295,5.0,0.0,0.0,364114405,204265568,151382,145968,0.9642
1789551130.1,0.10207132332956648,4.0,0.0,0.0,364230929,204382032,116524,116464,0.9995
1789551132.2,0.15496302230105707,5.0,0.0,0.0,364466629,204615808,235700,233776,0.9918
1789551134.2,0.20922797430872442,6.0,0.0,0.0,364587077,204734128,120448,118320,0.9823
1789551136.2,0.22664396984565205,6.0,0.0,0.0,364631649,204734128,44572,0,0.0
1789551138.2,0.2925529632225671,7.0,0.0,0.0,364778035,204880304,146386,146176,0.9986
1789551140.3,0.29305362839200655,7.0,0.0,0.0,364778035,204880304,0,0,
1789551142.3,0.1865406897735563,5.0,0.0,0.0,364778035,204880304,0,0,
1789551144.3,0.228482126253451,6.0,0.0,0.0,365017827,205118864,239792,238560,0.9949
1789551146.3,0.19080349607335456,5.0,0.0,0.0,365276074,205240112,258247,121248,0.4695
1789551148.4,0.21643040038908834,5.0,1.0,0.0,365276074,205240112,0,0,
1789551150.4,0.23108558513453592,5.0,1.0,0.0,365276074,205240112,0,0,
1789551152.4,0.2420644570643855,5.0,2.0,0.0,365276074,205240112,0,0,
1789551154.4,0.3357889767834409,7.0,0.0,0.0,365479406,205440688,203332,200576,0.9864
1789551156.5,0.3377201138655642,7.0,0.0,0.0,365604316,205562256,124910,121568,0.9732
1789551158.5,0.3381206460011158,7.0,0.0,0.0,365604316,205562256,0,0,
1789551160.5,0.21924843005707584,5.0,0.0,0.0,365604316,205562256,0,0,
1789551162.5,0.2196489621926273,5.0,0.0,0.0,365604316,205562256,0,0,
1789551164.6,0.34014476375756364,7.0,0.0,0.0,365872982,205828576,268666,266320,0.9913
1789551166.6,0.3406239718483127,7.0,0.0,0.0,365872982,205828576,0,0,
1789551168.6,0.34107457050080825,7.0,0.0,0.0,365872982,205828576,0,0,
1789551170.6,0.21726007409844506,6.0,0.0,0.0,365894535,205828576,21553,0,0.0
1789551172.7,0.28977784771196013,7.0,0.0,0.0,366042506,205976528,147971,147952,0.9999
1789551174.7,0.2902713605218361,7.0,0.0,0.0,366042506,205976528,0,0,
1789551176.7,0.22446965253837237,6.0,0.0,0.0,366042506,205976528,0,0,
1789551178.7,0.2235899123120717,6.0,0.0,0.0,366188359,206101888,145853,125360,0.8595
1789551180.7,0.2240762727623843,6.0,0.0,0.0,366188359,206101888,0,0,
1789551182.8,0.2909579870399245,7.0,0.0,0.0,366336929,206250176,148570,148288,0.9981
1789551184.8,0.23657144491967896,6.0,0.0,0.0,366336929,206250176,0,0,
1789551186.8,0.29203799333400093,7.0,0.0,0.0,366518751,206429648,181822,179472,0.9871
1789551188.8,0.2885261847883617,6.0,0.0,0.0,366657391,206566544,138640,136896,0.9874
1789551190.9,0.34603115567825826,7.0,0.0,0.0,366785089,206693840,127698,127296,0.9969
1789551192.9,0.3179796014705252,6.0,0.0,0.0,366785089,206693840,0,0,
1789551194.9,0.27971447780622827,6.0,0.0,0.0,366848017,206752800,62928,58960,0.9369
1789551196.9,0.22475574692090916,5.0,0.0,0.0,366848017,206752800,0,0,
1789551198.9,0.2523137883187664,5.0,0.0,0.0,366972121,206876064,124104,123264,0.9932
1789551201.0,0.3201825282160585,6.0,0.0,0.0,367123149,207025152,151028,149088,0.9872
1789551203.0,0.2649806171055832,5.0,0.0,0.0,367123149,207025152,0,0,
1789551205.0,0.3524396698470825,7.0,0.0,0.0,367318051,207212784,194902,187632,0.9627
1789551207.0,0.3528187449039438,7.0,0.0,0.0,367507197,207401040,189146,188256,0.9953
1789551209.1,0.35326934355643924,7.0,0.0,0.0,367507197,207401040,0,0,
1789551211.1,0.3541490837827399,7.0,0.0,0.0,367637437,207530240,130240,129200,0.992
1789551213.2,0.35459968243523543,7.0,0.0,0.0,367637437,207530240,0,0,
1789551215.2,0.28703849399917036,6.0,0.0,0.0,367637437,207530240,0,0,
1789551217.2,0.28582259287338896,6.0,0.0,0.0,367748775,207632432,111338,102192,0.9179
1789551219.2,0.3545496159182915,7.0,0.0,0.0,367900859,207784096,152084,151664,0.9972
1789551221.2,0.3046476032443103,7.0,0.0,0.0,367940921,207784096,40062,0,0.0
1789551223.3,0.24860171370535145,6.0,0.0,0.0,368071814,207914832,130893,130736,0.9988
1789551225.3,0.1969473729383323,5.0,0.0,0.0,368198221,208040256,126407,125424,0.9922
1789551227.3,0.30599939920179664,7.0,0.0,0.0,368441151,208283168,242930,242912,0.9999
1789551229.3,0.24775773527686784,6.0,0.0,0.0,368441151,208283168,0,0,
1789551231.4,0.3070865578554365,7.0,0.0,0.0,368684897,208526560,243746,243392,0.9985
1789551233.4,0.1893658718011072,5.0,0.0,0.0,368721340,208526560,36443,0,0.0
1789551235.4,0.25592572989829343,6.0,0.0,0.0,368981638,208784928,260298,258368,0.9926
1789551237.4,0.29042156007266795,6.0,0.0,0.0,369093914,208897184,112276,112256,0.9998
1789551239.5,0.2337319581730013,5.0,0.0,0.0,369093914,208897184,0,0,
1789551241.5,0.24107027908507017,5.0,0.0,0.0,369222182,209024704,128268,127520,0.9942
1789551243.5,0.2919664697383667,6.0,0.0,0.0,369335119,209137232,112937,112528,0.9964
1789551245.5,0.23489064042227525,5.0,0.0,0.0,369398117,209199488,62998,62256,0.9882
1789551247.5,0.2513625244968315,6.0,0.0,0.0,369433983,209235344,35866,35856,0.9997
1789551249.6,0.25178451371107324,6.0,0.0,0.0,369568081,209368816,134098,133472,0.9953
1789551251.6,0.2937402549100948,6.0,0.0,0.0,369697234,209497376,129153,128560,0.9954
1789551253.6,0.29416939648390006,6.0,0.0,0.0,369697234,209497376,0,0,
1789551255.6,0.2945985380577052,6.0,0.0,0.0,369697234,209497376,0,0,
1789551257.7,0.2614831132790708,6.0,0.0,0.0,369736324,209533504,39090,36128,0.9242
1789551259.7,0.261776360021171,6.0,0.0,0.0,369914233,209685968,177909,152464,0.857
1789551261.7,0.2660820804783498,6.0,0.0,0.0,369914233,209685968,0,0,
1789551263.7,0.295649934913528,6.0,0.0,0.0,370044259,209815712,130026,129744,0.9978
1789551265.8,0.33573891026649694,7.0,0.0,0.0,370133546,209880592,89287,64880,0.7266
1789551267.8,0.3361465947616119,7.0,0.0,0.0,370133546,209880592,0,0,
1789551269.8,0.3366186504927976,7.0,0.0,0.0,370223101,209970064,89555,89472,0.9991
1789551271.8,0.3371050109431102,7.0,0.0,0.0,370223101,209970064,0,0,
1789551273.9,0.2865235241106041,6.0,0.0,0.0,370223101,209970064,0,0,
1789551275.9,0.23903185660949544,5.0,0.0,0.0,370336848,210083632,113747,113568,0.9984
1789551277.9,0.22211652624200728,5.0,0.0,0.0,370434461,210173408,97613,89776,0.9197
1789551279.9,0.342025834322743,7.0,0.0,0.0,370701841,210438176,267380,264768,0.9902
1789551282.0,0.34247643297523855,7.0,0.0,0.0,370701841,210438176,0,0,
1789551284.0,0.34293418398729736,7.0,0.0,0.0,370701841,210438176,0,0,
1789551286.0,0.34396412376442986,7.0,0.0,0.0,370915769,210650208,213928,212032,0.9911
1789551288.0,0.28545782253565455,6.0,0.0,0.0,370915769,210650208,0,0,
1789551290.1,0.2858512023116426,6.0,0.0,0.0,371151061,210885280,235292,235072,0.9991
1789551292.1,0.28629464860457465,6.0,0.0,0.0,371151061,210885280,0,0,
1789551294.1,0.3459095655656801,7.0,0.0,0.0,371349901,211082224,198840,196944,0.9905
1789551296.1,0.3463744689373024,7.0,0.0,0.0,371448788,211181024,98887,98800,0.9991
1789551298.2,0.3468322199493613,7.0,0.0,0.0,371448788,211181024,0,0,
1789551300.2,0.34801951163688905,7.0,0.0,0.0,371588148,211318448,139360,137424,0.9861
1789551302.2,0.34847011028938446,7.0,0.0,0.0,371588148,211318448,0,0,
1789551304.2,0.3044473371765345,6.0,0.0,0.0,371588148,211318448,0,0,
1789551306.3,0.30486217403121285,6.0,0.0,0.0,371588148,211318448,0,0,
1789551308.3,0.34977899208949037,7.0,0.0,0.0,371687622,211417904,99474,99456,0.9998
1789551310.3,0.34987912512337815,7.0,0.0,0.0,371872007,211601888,184385,183984,0.9978
1789551312.3,0.3503225714163103,7.0,0.0,0.0,371872007,211601888,0,0,
1789551314.3,0.3507803224283691,7.0,0.0,0.0,371872007,211601888,0,0,
1789551316.4,0.3512309210808646,7.0,0.0,0.0,371872007,211601888,0,0,
1789551318.4,0.35168151973336004,7.0,0.0,0.0,371872007,211601888,0,0,
1789551320.4,0.35213211838585545,7.0,0.0,0.0,371872007,211601888,0,0,
1789551322.4,0.29999856952808734,6.0,0.0,0.0,371872007,211601888,0,0,
1789551324.5,0.2554036076501638,5.0,0.0,0.0,371872007,211601888,0,0,
1789551326.5,0.3007066531248659,6.0,0.0,0.0,372051059,211772944,179052,171056,0.9553
1789551328.5,0.29042871243223134,6.0,0.0,0.0,372168506,211890368,117447,117424,0.9998
1789551330.6,0.3189094082137697,6.0,0.0,0.0,372309945,212030176,141439,139808,0.9885
1789551332.6,0.31931709270888464,6.0,0.0,0.0,372586903,212304336,276958,274160,0.9899
1789551334.6,0.20355615317493236,4.0,0.0,0.0,372586903,212304336,0,0,
1789551336.6,0.20832677700373348,4.0,0.0,0.0,372732875,212446176,145972,141840,0.9717
1789551338.7,0.24388830875305767,5.0,1.0,0.0,372827868,212476528,94993,30352,0.3195
1789551340.7,0.31200022887550605,6.0,0.0,0.0,372964447,212611920,136579,135392,0.9913
1789551342.7,0.365135108072153,7.0,0.0,0.0,373082408,212729872,117961,117952,0.9999
1789551344.7,0.36557140200552163,7.0,0.0,0.0,373082408,212729872,0,0,
1789551346.8,0.36600769593889027,7.0,0.0,0.0,373082408,212729872,0,0,
1789551348.8,0.3664511422318223,7.0,0.0,0.0,373082408,212729872,0,0,
1789551350.8,0.3668874361651909,7.0,0.0,0.0,373082408,212729872,0,0,
1789551352.8,0.36733803481768634,7.0,0.0,0.0,373082408,212729872,0,0,
1789551354.8,0.3178651637175104,6.0,0.0,0.0,373198668,212831424,116260,101552,0.8735
1789551356.9,0.3209764401275981,6.0,0.0,0.0,373198668,212831424,0,0,
1789551358.9,0.3748551647188407,7.0,0.0,0.0,373318292,212950016,119624,118592,0.9914
1789551360.9,0.37529145865220936,7.0,0.0,0.0,373318292,212950016,0,0,
1789551362.9,0.375727752585578,7.0,0.0,0.0,373318292,212950016,0,0,
1789551365.0,0.3761783512380734,7.0,0.0,0.0,373318292,212950016,0,0,
1789551367.0,0.314775344386113,6.0,0.0,0.0,373318292,212950016,0,0,
1789551369.0,0.37697941550917646,7.0,0.0,0.0,373456550,213086736,138258,136720,0.9889
1789551371.0,0.32351552777261217,6.0,0.0,0.0,373456550,213086736,0,0,
1789551373.1,0.28046547556038737,5.0,0.0,0.0,373456550,213086736,0,0,
1789551375.1,0.3780022029267456,7.0,0.0,0.0,373673872,213302608,217322,215872,0.9933
1789551377.1,0.3784313445005507,7.0,0.0,0.0,373673872,213302608,0,0,
1789551379.1,0.3167279385469266,6.0,0.0,0.0,373673872,213302608,0,0,
1789551381.2,0.3171284706824782,6.0,0.0,0.0,373673872,213302608,0,0,
1789551383.2,0.26228417755017375,5.0,0.0,0.0,373826141,213441296,152269,138688,0.9108
1789551385.2,0.37981174989629074,7.0,0.0,0.0,374083434,213696816,257293,255520,0.9931
1789551387.2,0.26854964452772967,5.0,0.0,0.0,374083434,213696816,0,0,
1789551389.2,0.38740040339307935,7.0,0.0,0.0,374348974,213946192,265540,249376,0.9391
1789551391.3,0.387836697326448,7.0,0.0,0.0,374348974,213946192,0,0,
1789551393.3,0.3882229247428727,7.0,0.0,0.0,374421877,214015856,72903,69664,0.9556
1789551395.3,0.3886449139571144,7.0,0.0,0.0,374421877,214015856,0,0,
1789551397.3,0.3344657902642082,6.0,0.0,0.0,374540423,214134384,118546,118528,0.9998
1789551399.4,0.38901683665441233,7.0,0.0,0.0,374661555,214255488,121132,121104,0.9998
1789551401.4,0.3901826712632498,7.0,0.0,0.0,374782118,214374304,120563,118816,0.9855
1789551403.4,0.39061181283705493,7.0,0.0,0.0,374782118,214374304,0,0,
1789551405.4,0.3910409544108602,7.0,0.0,0.0,374782118,214374304,0,0,
1789551407.5,0.33505228374840856,6.0,0.0,0.0,374927630,214519808,145512,145504,0.9999
1789551409.5,0.3897964438468251,7.0,0.0,0.0,375049202,214641328,121572,121520,0.9996
1789551411.5,0.3896891584533738,7.0,0.0,0.0,375201875,214793936,152673,152608,0.9996
1789551413.5,0.39011114766761557,7.0,0.0,0.0,375201875,214793936,0,0,
1789551415.6,0.33620381363811924,6.0,0.0,0.0,375201875,214793936,0,0,
1789551417.6,0.39095512609609906,7.0,0.0,0.0,375323431,214915472,121556,121536,0.9998
1789551419.6,0.3913842676699043,7.0,0.0,0.0,375323431,214915472,0,0,
1789551421.6,0.28265409758679383,5.0,0.0,0.0,375476888,215068480,153457,153008,0.9971
1789551423.7,0.26914329037149354,5.0,0.0,0.0,375599428,215190816,122540,122336,0.9983
1789551425.7,0.3317264365514183,6.0,0.0,0.0,375739211,215312656,139783,121840,0.8716
1789551427.7,0.2772540661164118,5.0,0.0,0.0,375739211,215312656,0,0,
1789551429.7,0.2776331411732731,5.0,0.0,0.0,375739211,215312656,0,0,
1789551431.7,0.3329423376771997,6.0,0.0,0.0,375862105,215435344,122894,122688,0.9983
1789551433.8,0.33385783970131744,6.0,0.0,0.0,376010606,215581472,148501,146128,0.984
1789551435.8,0.3342440671177421,6.0,0.0,0.0,376010606,215581472,0,0,
1789551437.8,0.3346517516128571,6.0,0.0,0.0,376010606,215581472,0,0,
1789551439.8,0.33505943610797206,6.0,0.0,0.0,376010606,215581472,0,0,
1789551441.9,0.33544566352439675,6.0,0.0,0.0,376010606,215581472,0,0,
1789551443.9,0.3358461956599482,6.0,0.0,0.0,376010606,215581472,0,0,
1789551445.9,0.3362538801550632,6.0,0.0,0.0,376010606,215581472,0,0,
1789551447.9,0.336983420830532,6.0,0.0,0.0,376237785,215805792,227179,224320,0.9874
1789551449.9,0.3373696482469567,6.0,0.0,0.0,376237785,215805792,0,0,
1789551452.0,0.3377630280229448,6.0,0.0,0.0,376237785,215805792,0,0,
1789551454.0,0.33817786487762314,6.0,0.0,0.0,376237785,215805792,0,0,
1789551456.0,0.3385712446536112,6.0,0.0,0.0,376237785,215805792,0,0,
1789551458.0,0.28329065758793825,5.0,0.0,0.0,376315468,215883200,77683,77408,0.9965
1789551460.1,0.3396083367903071,6.0,0.0,0.0,376440607,216007872,125139,124672,0.9963
1789551462.1,0.2754874333042471,5.0,0.0,0.0,376737207,216303440,296600,295568,0.9965
1789551464.1,0.18481697111877204,3.0,0.0,0.0,376737207,216303440,0,0,
1789551466.1,0.18509591314174545,3.0,0.0,0.0,376737207,216303440,0,0,
1789551468.2,0.22034274107027907,4.0,0.0,0.0,376815418,216381440,78211,78000,0.9973
1789551470.2,0.34069549544394695,6.0,0.0,0.0,377084037,216646304,268619,264864,0.986
1789551472.2,0.34109602757949853,6.0,0.0,0.0,377084037,216646304,0,0,
1789551474.2,0.34149655971505,6.0,0.0,0.0,377084037,216646304,0,0,
1789551476.3,0.28536484186133004,5.0,0.0,0.0,377237191,216798736,153154,152432,0.9953
1789551478.3,0.28572961219906445,5.0,0.0,0.0,377237191,216798736,0,0,
1789551480.3,0.3426910037621411,6.0,0.0,0.0,377363813,216925088,126622,126352,0.9979
1789551482.3,0.3430986882572561,6.0,0.0,0.0,377363813,216925088,0,0,
1789551484.3,0.3434706109545539,6.0,0.0,0.0,377517536,217078736,153723,153648,0.9995
1789551486.4,0.34386399073054197,6.0,0.0,0.0,377517536,217078736,0,0,
1789551488.4,0.34425021814696666,6.0,0.0,0.0,377597198,217158384,79662,79648,0.9998
1789551490.4,0.34464359792295474,6.0,0.0,0.0,377597198,217158384,0,0,
1789551492.4,0.3450441300585063,6.0,0.0,0.0,377597198,217158384,0,0,
1789551494.5,0.27636002117098435,5.0,0.0,0.0,377677267,217238432,80069,80048,0.9997
1789551496.5,0.3461598981503998,6.0,0.0,0.0,377912796,217472880,235529,234448,0.9954
1789551498.5,0.2893630108572818,5.0,0.0,0.0,377912796,217472880,0,0,
1789551500.5,0.2897206288354528,5.0,0.0,0.0,377912796,217472880,0,0,
1789551502.6,0.2822321083725521,5.0,0.0,0.0,378045796,217504192,133000,31312,0.2354
1789551504.6,0.30054930121447065,5.0,1.0,0.0,378045796,217504192,0,0,
1789551506.6,0.31153532550388374,5.0,1.0,0.0,378045796,217504192,0,0,
1789551508.6,0.34959303074084136,6.0,0.0,0.0,378127017,217585264,81221,81072,0.9982
1789551510.6,0.29043586479179484,5.0,0.0,0.0,378127017,217585264,0,0,
1789551512.7,0.28068719870685344,5.0,0.0,0.0,378260051,217718000,133034,132736,0.9978
1789551514.7,0.35072310355186176,6.0,0.0,0.0,378415869,217873600,155818,155600,0.9986
1789551516.7,0.2914872616476175,5.0,0.0,0.0,378415869,217873600,0,0,
1789551518.7,0.29184487962578853,5.0,0.0,0.0,378415869,217873600,0,0,
1789551520.8,0.22675125523910333,4.0,0.0,0.0,378572325,218029840,156456,156240,0.9986
1789551522.8,0.2919807744574935,5.0,0.0,0.0,378717620,218170608,145295,140768,0.9688
1789551524.8,0.35214642310498234,6.0,0.0,0.0,378933905,218386400,216285,215792,0.9977
1789551526.8,0.29277468636903314,5.0,0.0,0.0,378933905,218386400,0,0,
1789551528.8,0.2938332355844193,5.0,0.0,0.0,379018558,218469440,84653,83040,0.9809
1789551530.9,0.1859828057276095,3.0,0.0,0.0,379018558,218469440,0,0,
1789551532.9,0.2954639735648791,5.0,0.0,0.0,379262778,218711312,244220,241872,0.9904
1789551534.9,0.35550803209978976,6.0,0.0,0.0,379396254,218844768,133476,133456,0.9999
1789551536.9,0.35588710715665095,6.0,0.0,0.0,379396254,218844768,0,0,
1789551539.0,0.35626618221351225,6.0,0.0,0.0,379396254,218844768,0,0,
1789551541.0,0.35655227659604904,6.0,0.0,0.0,379543694,218987552,147440,142784,0.9684
1789551543.0,0.29698742615188756,5.0,0.0,0.0,379543694,218987552,0,0,
1789551545.0,0.23104267097715536,4.0,0.0,0.0,379690050,219133888,146356,146336,0.9999
1789551547.1,0.2974165677256927,5.0,0.0,0.0,379837774,219281472,147724,147584,0.9991
1789551549.1,0.3563877723260904,6.0,0.0,0.0,380096355,219528784,258581,247312,0.9564
1789551551.1,0.3579183772726623,6.0,0.0,0.0,380096355,219528784,0,0,
1789551553.1,0.29203799333400093,5.0,0.0,0.0,380255404,219687152,159049,158368,0.9957
1789551555.2,0.16164332613329135,3.0,0.0,0.0,380491902,219922400,236498,235248,0.9947
1789551557.2,0.2337319581730013,4.0,0.0,0.0,380652542,220081552,160640,159152,0.9907
1789551559.2,0.23407527143204543,4.0,0.0,0.0,380652542,220081552,0,0,
1789551561.2,0.2889696310812937,5.0,0.0,0.0,380935604,220363584,283062,282032,0.9964
1789551563.2,0.3613801193013575,6.0,0.0,0.0,381096769,220524544,161165,160960,0.9987
1789551565.3,0.30551303875148417,5.0,0.0,0.0,381096769,220524544,0,0,
1789551567.3,0.36321827570915644,6.0,0.0,0.0,381315610,220740224,218841,215680,0.9856
1789551569.3,0.3032171313316263,5.0,0.0,0.0,381315610,220740224,0,0,
1789551571.3,0.30357474930979733,5.0,0.0,0.0,381315610,220740224,0,0,
1789551573.4,0.364727423577038,6.0,0.0,0.0,381451686,220875040,136076,134816,0.9907
1789551575.4,0.3651136509934627,6.0,0.0,0.0,381451686,220875040,0,0,
1789551577.4,0.3654998784098874,6.0,0.0,0.0,381451686,220875040,0,0,
1789551579.4,0.36584319166893153,6.0,0.0,0.0,381578355,221001152,126669,126112,0.9956
1789551581.5,0.36639392335531495,6.0,0.0,0.0,381741166,221162992,162811,161840,0.994
1789551583.5,0.36677299841217614,6.0,0.0,0.0,381741166,221162992,0,0,
1789551585.5,0.3103337290972292,5.0,0.0,0.0,381741166,221162992,0,0,
1789551587.5,0.30627834122477005,5.0,0.0,0.0,381868304,221289920,127138,126928,0.9983
1789551589.5,0.3066216544838142,5.0,0.0,0.0,381868304,221289920,0,0,
1789551591.6,0.32510335159569137,6.0,0.0,0.0,381935798,221289920,67494,0,0.0
1789551593.6,0.2702018395868797,5.0,0.0,0.0,381935798,221289920,0,0,
1789551595.6,0.33674024060537566,6.0,0.0,0.0,382211442,221565280,275644,275360,0.999
1789551597.6,0.3068147681920266,5.0,0.0,0.0,382211442,221565280,0,0,
1789551599.6,0.3071723861701976,5.0,0.0,0.0,382211442,221565280,0,0,
1789551601.7,0.30751569942924173,5.0,0.0,0.0,382306828,221660512,95386,95232,0.9984
1789551603.7,0.22964080850272506,4.0,2.0,0.0,382443145,221660512,136317,0,0.0
1789551605.7,0.24795084898508013,4.0,2.0,0.0,382443145,221660512,0,0,
1789551607.7,0.2589368732744932,4.0,2.0,0.0,382443145,221660512,0,0,
1789551609.8,0.36883287796644115,6.0,0.0,0.0,382667300,221883824,224155,223312,0.9962
1789551611.8,0.3081737165090763,5.0,0.0,0.0,382667300,221883824,0,0,
1789551613.8,0.369648246956671,6.0,0.0,0.0,382804058,222020240,136758,136416,0.9975
1789551615.8,0.3701846739239275,6.0,0.0,0.0,382900747,222116528,96689,96288,0.9959
1789551617.9,0.3272490594647174,5.0,0.0,0.0,382900747,222116528,0,0,
1789551619.9,0.3712432231393137,6.0,0.0,0.0,382998347,222213408,97600,96880,0.9926
1789551621.9,0.3102407484229047,5.0,0.0,0.0,382998347,222213408,0,0,
1789551623.9,0.26678301171556495,4.0,0.0,0.0,382998347,222213408,0,0,
1789551625.9,0.3125080464045088,5.0,0.0,0.0,383099974,222311376,101627,97968,0.964
1789551628.0,0.37427582359420375,6.0,0.0,0.0,383403039,222612208,303065,300832,0.9926
1789551630.0,0.37437595662809164,6.0,0.0,0.0,383552538,222761200,149499,148992,0.9966
1789551632.0,0.24626289212811303,4.0,0.0,0.0,383682201,222890848,129663,129648,0.9999
1789551634.1,0.17365929019983695,4.0,0.0,0.0,383685139,222890848,2938,0,0.0
1789551636.1,0.17403836525669814,4.0,0.0,0.0,383685139,222890848,0,0,
1789551638.1,0.17443174503268633,4.0,0.0,0.0,383685139,222890848,0,0,
1789551640.2,0.2418999527944269,5.0,0.0,0.0,383835343,223038848,150204,148000,0.9853
1789551642.2,0.1750969144720843,4.0,0.0,0.0,383835343,223038848,0,0,
1789551644.2,0.175483141888509,4.0,0.0,0.0,383835343,223038848,0,0,
1789551646.2,0.11727723976139726,3.0,0.0,0.0,383835343,223038848,0,0,
1789551648.2,0.24326605347104013,5.0,0.0,0.0,384116434,223318832,281091,279984,0.9961
1789551650.3,0.24353784313445004,5.0,0.0,0.0,384271196,223467504,154762,148672,0.9606
1789551652.3,0.18435206774714974,4.0,0.0,0.0,384378159,223571424,106963,103920,0.9716
1789551654.3,0.2434806242579427,5.0,0.0,0.0,384509599,223702704,131440,131280,0.9988
1789551656.3,0.24387400403393078,5.0,0.0,0.0,384509599,223702704,0,0,
1789551658.4,0.24426738380991886,5.0,0.0,0.0,384509599,223702704,0,0,
1789551660.4,0.1856251877494386,4.0,0.0,0.0,384509599,223702704,0,0,
1789551662.4,0.24502553392364146,5.0,0.0,0.0,384641622,223834320,132023,131616,0.9969
1789551664.4,0.24481811549630228,5.0,0.0,0.0,384943352,224135504,301730,301184,0.9982
1789551666.5,0.2452544094296708,5.0,0.0,0.0,385075871,224267680,132519,132176,0.9974
1789551668.5,0.2456334844865321,5.0,0.0,0.0,385075871,224267680,0,0,
1789551670.5,0.18662651808831732,4.0,0.0,0.0,385075871,224267680,0,0,
1789551672.5,0.2463916346002546,5.0,0.0,0.0,385365470,224555232,289599,287552,0.9929
1789551674.6,0.24674210021886223,5.0,0.0,0.0,385498551,224688288,133081,133056,0.9998
1789551676.6,0.2702876679016407,5.0,0.0,0.0,385657837,224688288,159286,0,0.0
1789551678.6,0.2849285479279614,5.0,0.0,0.0,385657837,224688288,0,0,
1789551680.6,0.299583732673409,5.0,0.0,0.0,385657837,224688288,0,0,
1789551682.6,0.30690774886635097,5.0,0.0,0.0,385657837,224688288,0,0,
1789551684.7,0.3158911124780065,5.0,0.0,0.0,385657837,224688288,0,0,
1789551686.7,0.31620581629879696,5.0,0.0,0.0,385657837,224688288,0,0,
1789551688.7,0.3165419771982777,5.0,0.0,0.0,385657837,224688288,0,0,
1789551690.7,0.24652037707239616,4.0,0.0,0.0,385657837,224688288,0,0,
1789551692.8,0.2468636903314403,4.0,0.0,0.0,385657837,224688288,0,0,
1789551694.8,0.3175790693349736,5.0,0.0,0.0,385815315,224845152,157478,156864,0.9961
1789551696.8,0.3179295349535812,5.0,0.0,0.0,385949392,224978320,134077,133168,0.9932
1789551698.8,0.18769221966326688,3.0,0.0,0.0,385949392,224978320,0,0,
1789551700.8,0.3186018567525427,5.0,0.0,0.0,386348961,225375792,399569,397472,0.9948
1789551702.9,0.31893801765202345,5.0,0.0,0.0,386348961,225375792,0,0,
1789551704.9,0.3187806657416281,5.0,0.0,0.0,386508634,225535424,159673,159632,0.9997
1789551706.9,0.31913828371979913,5.0,0.0,0.0,386508634,225535424,0,0,
1789551708.9,0.3194601399001531,5.0,0.0,0.0,386661566,225686736,152932,151312,0.9894
1789551711.0,0.2481725721315462,4.0,0.0,0.0,386661566,225686736,0,0,
1789551713.0,0.3200108715865364,5.0,0.0,0.0,386821511,225846656,159945,159920,0.9998
1789551715.0,0.32032557540732687,5.0,0.0,0.0,386956881,225981232,135370,134576,0.9941
1789551717.0,0.3206760410259345,5.0,0.0,0.0,386956881,225981232,0,0,
1789551719.0,0.32099789720628835,5.0,0.0,0.0,387117285,226141424,160404,160192,0.9987
1789551721.1,0.321348362824896,5.0,0.0,0.0,387117285,226141424,0,0,
1789551723.1,0.3325918720585921,6.0,0.0,0.0,387286789,226277312,169504,135888,0.8017
1789551725.1,0.2655385011515299,5.0,0.0,0.0,387286789,226277312,0,0,
1789551727.1,0.12035990673323127,2.0,0.0,0.0,387446477,226435328,159688,158016,0.9895
1789551729.2,0.27023760138469677,5.0,0.0,0.0,387935854,226896224,489377,460896,0.9418
1789551731.2,0.151844593531406,3.0,0.0,0.0,387975777,226932096,39923,35872,0.8985
1789551733.2,0.2729268885805427,5.0,0.0,0.0,388245883,227201136,270106,269040,0.9961
1789551735.2,0.2121675940892901,4.0,0.0,0.0,388245883,227201136,0,0,
1789551737.2,0.3425408042113093,6.0,0.0,0.0,388577273,227530912,331390,329776,0.9951
1789551739.3,0.34292703162773397,6.0,0.0,0.0,388577273,227530912,0,0,
1789551741.3,0.3435421345501881,6.0,0.0,0.0,388618493,227571536,41220,40624,0.9855
1789551743.3,0.2640436580027751,4.0,0.0,0.0,388618493,227571536,0,0,
1789551745.3,0.27590227015892543,5.0,0.0,0.0,388799014,227750224,180521,178688,0.9898
1789551747.4,0.27626704049665984,5.0,0.0,0.0,388799014,227750224,0,0,
1789551749.4,0.34662480152202213,6.0,0.0,0.0,388998414,227947584,199400,197360,0.9898
1789551751.4,0.3470253336575736,6.0,0.0,0.0,388998414,227947584,0,0,
1789551753.4,0.20144620710372352,4.0,0.0,0.0,389042425,227991200,44011,43616,0.991
1789551755.5,0.34836997725549657,6.0,0.0,0.0,389370487,228315152,328062,323952,0.9875
1789551757.5,0.2744288840888609,5.0,0.0,0.0,389370487,228315152,0,0,
1789551759.5,0.3508017795070594,6.0,0.0,0.0,389540658,228481408,170171,166256,0.977
1789551761.5,0.35118800692348406,6.0,0.0,0.0,389540658,228481408,0,0,
1789551763.6,0.3516243008568527,6.0,0.0,0.0,389585526,228525664,44868,44256,0.9864
1789551765.6,0.3520105282732774,6.0,0.0,0.0,389585526,228525664,0,0,
1789551767.6,0.21710272218804982,4.0,0.0,0.0,389697774,228636400,112248,110736,0.9865
1789551769.6,0.21987783769865676,4.0,0.0,0.0,389860627,228798544,162853,162144,0.9956
1789551771.8,0.2802509047734848,5.0,0.0,0.0,390157886,229094704,297259,296160,0.9963
1789551773.9,0.3538844464788934,6.0,0.0,0.0,390462054,229397856,304168,303152,0.9967
1789551775.9,0.33377201138655643,5.0,0.0,0.0,390507831,229442912,45777,45056,0.9842
1789551777.9,0.3340724104882201,5.0,0.0,0.0,390679355,229613328,171524,170416,0.9935
1789551779.9,0.33440857138770075,5.0,0.0,0.0,390679355,229613328,0,0,
1789551782.0,0.334751884646745,5.0,0.0,0.0,390679355,229613328,0,0,
1789551784.0,0.2820103852260861,5.0,0.0,0.0,390725179,229633184,45824,19856,0.4333
1789551786.0,0.25832892271160257,4.0,0.0,0.0,391030915,229938752,305736,305568,0.9995
1789551788.0,0.3585477849142432,6.0,0.0,0.0,391254555,230156544,223640,217792,0.9739
1789551790.1,0.2980888895246542,5.0,0.0,0.0,391306331,230202736,51776,46192,0.8922
1789551792.1,0.3001201596406654,5.0,0.0,0.0,391362070,230254688,55739,51952,0.9321
1789551794.1,0.30044201582101937,5.0,0.0,0.0,391362070,230254688,0,0,
1789551796.1,0.3647345759366015,6.0,0.0,0.0,391561081,230452048,199011,197360,0.9917
1789551798.2,0.3651136509934627,6.0,0.0,0.0,391561081,230452048,0,0,
1789551800.2,0.3019940778462815,5.0,0.0,0.0,391561081,230452048,0,0,
1789551802.2,0.2281888795113508,4.0,0.0,0.0,391720146,230610576,159065,158528,0.9966
1789551804.2,0.2509834494399702,4.0,0.0,0.0,392064200,230951920,344054,341344,0.9921
1789551806.2,0.3026878567239333,5.0,0.0,0.0,392179135,231065264,114935,113344,0.9862
1789551808.3,0.21260388802265873,4.0,0.0,0.0,392321515,231207312,142380,142048,0.9977
1789551810.3,0.2929964095154992,5.0,0.0,0.0,392500563,231386288,179048,178976,0.9996
1789551812.3,0.3677457193128013,6.0,0.0,0.0,392846230,231730944,345667,344656,0.9971
1789551814.4,0.3681247943696625,6.0,0.0,0.0,392846230,231730944,0,0,
1789551816.4,0.3685110217860872,6.0,0.0,0.0,392846230,231730944,0,0,
1789551818.4,0.3688900968429485,6.0,0.0,0.0,392846230,231730944,0,0,
1789551820.4,0.3692763242593732,6.0,0.0,0.0,392846230,231730944,0,0,
1789551822.5,0.3696553993162345,6.0,0.0,0.0,392846230,231730944,0,0,
1789551824.5,0.37004162673265906,6.0,0.0,0.0,392846230,231730944,0,0,
1789551826.5,0.37034202583432274,6.0,0.0,0.0,393006970,231891248,160740,160304,0.9973
1789551828.5,0.3064356931351653,5.0,0.0,0.0,393006970,231891248,0,0,
1789551830.6,0.29635086615074313,5.0,0.0,0.0,393150784,232034400,143814,143152,0.9954
1789551832.6,0.37154362224097726,6.0,0.0,0.0,393318258,232200288,167474,165888,0.9905
1789551834.6,0.37204428741041673,6.0,0.0,0.0,393500047,232380464,181789,180176,0.9911
1789551836.6,0.3724233624672779,6.0,0.0,0.0,393500047,232380464,0,0,
1789551838.7,0.29775272862517344,5.0,0.0,0.0,393500047,232380464,0,0,
1789551840.7,0.37316720786187363,6.0,0.0,0.0,393667953,232548080,167906,167616,0.9983
1789551842.7,0.37354628291873493,6.0,0.0,0.0,393667953,232548080,0,0,
1789551844.7,0.3739253579755961,6.0,0.0,0.0,393667953,232548080,0,0,
1789551846.7,0.37429728067289403,6.0,0.0,0.0,393667953,232548080,0,0,
1789551848.8,0.29296780007724543,5.0,0.0,0.0,393667953,232548080,0,0,
1789551850.8,0.29332541805541645,5.0,0.0,0.0,393667953,232548080,0,0,
1789551852.8,0.2936830360335875,5.0,0.0,0.0,393667953,232548080,0,0,
1789551854.8,0.2940406540117585,5.0,0.0,0.0,393667953,232548080,0,0,
1789551856.9,0.2943982719899295,5.0,0.0,0.0,393667953,232548080,0,0,
1789551858.9,0.2947630423276639,5.0,0.0,0.0,393667953,232548080,0,0,
1789551860.9,0.19436537113593777,3.0,0.0,0.0,393667953,232548080,0,0,
1789551862.9,0.19464431315891118,3.0,0.0,0.0,393667953,232548080,0,0,
1789551865.0,0.12941479394052102,2.0,0.0,0.0,393667953,232548080,0,0,
1789551867.0,0.0,0.0,0.0,0.0,393667953,232548080,0,0,
1789551869.0,0.0,0.0,0.0,0.0,393667953,232548080,0,0,
1789551871.0,0.0,0.0,0.0,0.0,393667953,232548080,0,0,
1789551873.1,0.0,0.0,0.0,0.0,393667953,232548080,0,0,
1789551875.1,0.0,0.0,0.0,0.0,393667953,232548080,0,0,
1789551877.1,0.0,0.0,0.0,0.0,393667953,232548080,0,0,
1789551879.1,0.0,0.0,0.0,0.0,393667953,232548080,0,0,
1789551881.1,0.0,0.0,0.0,0.0,393667953,232548080,0,0,
1789551883.2,0.0,0.0,0.0,0.0,393667953,232548080,0,0,
1789551885.2,0.0,0.0,0.0,0.0,393667953,232548080,0,0,
1789551887.2,0.0,0.0,0.0,0.0,393667953,232548080,0,0,
1789551889.2,0.0,0.0,0.0,0.0,393667953,232548080,0,0,
1789551891.3,0.0,0.0,0.0,0.0,393667953,232548080,0,0,
1789551893.3,0.0,0.0,0.0,0.0,393667953,232548080,0,0,
1789551895.3,0.0,0.0,0.0,0.0,393667953,232548080,0,0,
1789551897.3,0.0,0.0,0.0,0.0,393667953,232548080,0,0,
1789551899.4,0.0,0.0,0.0,0.0,393667953,232548080,0,0,
1789551901.4,0.0,0.0,0.0,0.0,393667953,232548080,0,0,
1789551903.4,0.0,0.0,0.0,0.0,393667953,232548080,0,0,
1789551905.4,0.0,0.0,0.0,0.0,393667953,232548080,0,0,
1789551907.5,0.0,0.0,0.0,0.0,393667953,232548080,0,0,
1789551909.5,0.0,0.0,0.0,0.0,393667953,232548080,0,0,
1789551911.5,0.0,0.0,0.0,0.0,393667953,232548080,0,0,
1789551913.5,0.0,0.0,0.0,0.0,393667953,232548080,0,0,
1789551915.5,0.0,0.0,0.0,0.0,393667953,232548080,0,0,
1789551917.6,0.0,0.0,0.0,0.0,393667953,232548080,0,0,
1789551919.6,0.0,0.0,0.0,0.0,393667953,232548080,0,0,
1789551921.6,0.0,0.0,0.0,0.0,393667953,232548080,0,0,
1789551923.6,0.0,0.0,0.0,0.0,393667953,232548080,0,0,
1789551925.7,0.0,0.0,0.0,0.0,393667953,232548080,0,0,
1789551927.7,0.0,0.0,0.0,0.0,393667953,232548080,0,0,
1789551929.7,0.0,0.0,0.0,0.0,393667953,232548080,0,0,
1789551931.7,0.0,0.0,0.0,0.0,393667953,232548080,0,0,
1789551933.7,0.0,0.0,0.0,0.0,393667953,232548080,0,0,
1789551935.8,0.0,0.0,0.0,0.0,393667953,232548080,0,0,
1789551937.8,0.0,0.0,0.0,0.0,393667953,232548080,0,0,
1789551939.8,0.0,0.0,0.0,0.0,393667953,232548080,0,0,
1789551941.8,0.0,0.0,0.0,0.0,393667953,232548080,0,0,
1789551943.9,0.0,0.0,0.0,0.0,393667953,232548080,0,0,
1789551945.9,0.0,0.0,0.0,0.0,393667953,232548080,0,0,
1789551947.9,0.0,0.0,0.0,0.0,393667953,232548080,0,0,
1789551949.9,0.0,0.0,0.0,0.0,393667953,232548080,0,0,
1789551951.9,0.0,0.0,0.0,0.0,393667953,232548080,0,0,
1789551954.0,0.0,0.0,0.0,0.0,393667953,232548080,0,0,
1789551956.0,0.0,0.0,0.0,0.0,393667953,232548080,0,0,
1789551958.0,0.0,0.0,0.0,0.0,393667953,232548080,0,0,
1789551960.0,0.0,0.0,0.0,0.0,393667953,232548080,0,0,
1789551962.0,0.0,0.0,0.0,0.0,393667953,232548080,0,0,
1789551964.1,0.0,0.0,0.0,0.0,393667953,232548080,0,0,
1789551966.1,0.0,0.0,0.0,0.0,393667953,232548080,0,0,
1789551968.1,0.0,0.0,0.0,0.0,393667953,232548080,0,0,
1789551970.1,0.0,0.0,0.0,0.0,393667953,232548080,0,0,
1789551972.2,0.0,0.0,0.0,0.0,393667953,232548080,0,0,
1789551974.2,0.0,0.0,0.0,0.0,393667953,232548080,0,0,
1789551976.2,0.0,0.0,0.0,0.0,393667953,232548080,0,0,
1789551978.2,0.0,0.0,0.0,0.0,393667953,232548080,0,0,
1789551980.2,0.0,0.0,0.0,0.0,393667953,232548080,0,0,
1789551982.3,0.0,0.0,0.0,0.0,393667953,232548080,0,0,
1789551984.3,0.0,0.0,0.0,0.0,393667953,232548080,0,0,
1789551986.3,0.0,0.0,0.0,0.0,393667953,232548080,0,0,
1789551988.3,0.0,0.0,0.0,0.0,393667953,232548080,0,0,
1789551990.4,0.0,0.0,0.0,0.0,393667953,232548080,0,0,
1789551992.4,0.0,0.0,0.0,0.0,393667953,232548080,0,0,
1789551994.4,0.0,0.0,0.0,0.0,393667953,232548080,0,0,
1789551996.4,0.0,0.0,0.0,0.0,393667953,232548080,0,0,
1789551998.5,0.0,0.0,0.0,0.0,393667953,232548080,0,0,
1789552000.5,0.0,0.0,0.0,0.0,393667953,232548080,0,0,
1789552002.5,0.0,0.0,0.0,0.0,393667953,232548080,0,0,
1789552004.5,0.0,0.0,0.0,0.0,393667953,232548080,0,0,
1789552006.5,0.0,0.0,0.0,0.0,393667953,232548080,0,0,
1789552008.6,0.0,0.0,0.0,0.0,393667953,232548080,0,0,
1789552010.6,0.0,0.0,0.0,0.0,393667953,232548080,0,0,
1789552012.6,0.0,0.0,0.0,0.0,393667953,232548080,0,0,
1789552014.6,0.0,0.0,0.0,0.0,393667953,232548080,0,0,
1789552016.7,0.0,0.0,0.0,0.0,393667953,232548080,0,0,
1789552018.7,0.0,0.0,0.0,0.0,393667953,232548080,0,0,
1789552020.7,0.0,0.0,0.0,0.0,393667953,232548080,0,0,
1789552022.7,0.0,0.0,0.0,0.0,393667953,232548080,0,0,
1789552024.7,0.0,0.0,0.0,0.0,393667953,232548080,0,0,
1789552026.8,0.0,0.0,0.0,0.0,393667953,232548080,0,0,
1789552028.8,0.0,0.0,0.0,0.0,393667953,232548080,0,0,
1789552030.8,0.0,0.0,0.0,0.0,393667953,232548080,0,0,
1789552032.8,0.0,0.0,0.0,0.0,393667953,232548080,0,0,
1789552034.9,0.0,0.0,0.0,0.0,393667953,232548080,0,0,
1789552036.9,0.0,0.0,0.0,0.0,393667953,232548080,0,0,
1789552038.9,0.0,0.0,0.0,0.0,393667953,232548080,0,0,
1789552040.9,0.0,0.0,0.0,0.0,393667953,232548080,0,0,
1789552042.9,0.0,0.0,0.0,0.0,393667953,232548080,0,0,
1789552045.0,0.0,0.0,0.0,0.0,393667953,232548080,0,0,
1789552047.0,0.0,0.0,0.0,0.0,393667953,232548080,0,0,
1789552049.0,0.0,0.0,0.0,0.0,393667953,232548080,0,0,
1789552051.0,0.0,0.0,0.0,0.0,393667953,232548080,0,0,
1789552053.1,0.0,0.0,0.0,0.0,393667953,232548080,0,0,
1789552055.1,0.0,0.0,0.0,0.0,393667953,232548080,0,0,
1789552057.1,0.0,0.0,0.0,0.0,393667953,232548080,0,0,
1789552059.1,0.0,0.0,0.0,0.0,393667953,232548080,0,0,
1789552061.2,0.0,0.0,0.0,0.0,393667953,232548080,0,0,
1789552063.2,0.0,0.0,0.0,0.0,393667953,232548080,0,0,
1789552065.2,0.0,0.0,0.0,0.0,393667953,232548080,0,0,
1789552067.2,0.0,0.0,0.0,0.0,393667953,232548080,0,0,
1789552069.2,0.0,0.0,0.0,0.0,393667953,232548080,0,0,
1789552071.3,0.0,0.0,0.0,0.0,393667953,232548080,0,0,
1789552073.3,0.0,0.0,0.0,0.0,393667953,232548080,0,0,
1789552075.3,0.0,0.0,0.0,0.0,393667953,232548080,0,0,
1789552077.3,0.0,0.0,0.0,0.0,393667953,232548080,0,0,
1789552079.4,0.0,0.0,0.0,0.0,393667953,232548080,0,0,
1789552081.4,0.0,0.0,0.0,0.0,393667953,232548080,0,0,
1789552083.4,0.0,0.0,0.0,0.0,393667953,232548080,0,0,
1789552085.4,0.0,0.0,0.0,0.0,393667953,232548080,0,0,
1789552087.4,0.0,0.0,0.0,0.0,393667953,232548080,0,0,
1789552089.5,0.0,0.0,0.0,0.0,393667953,232548080,0,0,
1789552091.5,0.0,0.0,0.0,0.0,393667953,232548080,0,0,
1789552093.5,0.0,0.0,0.0,0.0,393667953,232548080,0,0,
1789552095.5,0.0,0.0,0.0,0.0,393667953,232548080,0,0,
1789552097.6,0.0,0.0,0.0,0.0,393667953,232548080,0,0,
1789552099.6,0.0,0.0,0.0,0.0,393667953,232548080,0,0,
1789552101.6,0.0,0.0,0.0,0.0,393667953,232548080,0,0,
1789552103.6,0.0,0.0,0.0,0.0,393667953,232548080,0,0,
1789552105.6,0.0,0.0,0.0,0.0,393667953,232548080,0,0,
1789552107.7,0.0,0.0,0.0,0.0,393667953,232548080,0,0,
1789552109.7,0.0,0.0,0.0,0.0,393667953,232548080,0,0,
1789552111.7,0.0,0.0,0.0,0.0,393667953,232548080,0,0,
1789552113.7,0.0,0.0,0.0,0.0,393667953,232548080,0,0,
1789552115.7,0.0,0.0,0.0,0.0,393667953,232548080,0,0,
1789552117.8,0.0,0.0,0.0,0.0,393667953,232548080,0,0,
1789552119.8,0.0,0.0,0.0,0.0,393667953,232548080,0,0,
1789552121.8,0.0,0.0,0.0,0.0,393667953,232548080,0,0,
1789552123.8,0.0,0.0,0.0,0.0,393667953,232548080,0,0,
1789552125.9,0.0,0.0,0.0,0.0,393667953,232548080,0,0,
1789552127.9,0.0,0.0,0.0,0.0,393667953,232548080,0,0,
1789552129.9,0.0,0.0,0.0,0.0,393667953,232548080,0,0,
1789552131.9,0.0,0.0,0.0,0.0,393667953,232548080,0,0,
1789552134.0,0.0,0.0,0.0,0.0,393667953,232548080,0,0,
1789552136.0,0.0,0.0,0.0,0.0,393667953,232548080,0,0,
1789552138.0,0.0,0.0,0.0,0.0,393667953,232548080,0,0,
1789552140.0,0.0,0.0,0.0,0.0,393667953,232548080,0,0,
1789552142.0,0.0,0.0,0.0,0.0,393667953,232548080,0,0,
1789552144.1,0.0,0.0,0.0,0.0,393667953,232548080,0,0,
1789552146.1,0.0,0.0,0.0,0.0,393667953,232548080,0,0,
1789552148.1,0.0,0.0,0.0,0.0,393667953,232548080,0,0,
1789552150.1,0.0,0.0,0.0,0.0,393667953,232548080,0,0,
1789552152.2,0.0,0.0,0.0,0.0,393667953,232548080,0,0,
1789552154.2,0.0,0.0,0.0,0.0,393667953,232548080,0,0,
1789552156.2,0.0,0.0,0.0,0.0,393667953,232548080,0,0,
1789552158.2,0.0,0.0,0.0,0.0,393667953,232548080,0,0,
1789552160.3,0.0,0.0,0.0,0.0,393667953,232548080,0,0,
1789552162.3,0.0,0.0,0.0,0.0,393667953,232548080,0,0,
1789552164.3,0.0,0.0,0.0,0.0,393667953,232548080,0,0,
1789552166.3,0.0,0.0,0.0,0.0,393667953,232548080,0,0,
1789552168.3,0.0,0.0,0.0,0.0,393667953,232548080,0,0,
1789552170.4,0.0,0.0,0.0,0.0,393667953,232548080,0,0,
1789552172.4,0.0,0.0,0.0,0.0,393667953,232548080,0,0,
1789552172.4,0.0,0.0,0.0,0.0,393667953,232548080,0,0,
