ts,programs_running,programs_idle,programs_marked,programs_paused,holds_reasoning,holds_paused,holds_new,releases_reasoning,releases_paused,releases_new,pauses_total,resumes_total,rebinds_total,starvation_promotions_total,pod_utilization,fc_queue_size,fc_queue_wait_sum,fc_queue_wait_count,working_set_undecayed,working_set_decayed,capacity_tokens
1790555841.6,0.0,0.0,,0.0,,,,,,,0.0,0.0,,0.0,,,,,0.0,0.0,2237040.0
1790555843.6,0.0,0.0,,0.0,,,,,,,0.0,0.0,,0.0,,,,,0.0,0.0,2237040.0
1790555845.6,0.0,0.0,,0.0,,,,,,,0.0,0.0,,0.0,,,,,0.0,0.0,2237040.0
1790555847.7,0.0,0.0,,0.0,,,,,,,0.0,0.0,,0.0,,,,,0.0,0.0,2237040.0
1790555849.7,0.0,0.0,,0.0,,,,,,,0.0,0.0,,0.0,,,,,0.0,0.0,2237040.0
1790555851.7,0.0,0.0,,0.0,,,,,,,0.0,0.0,,0.0,,,,,0.0,0.0,2237040.0
1790555853.7,0.0,0.0,,0.0,,,,,,,0.0,0.0,,0.0,,,,,0.0,0.0,2237040.0
1790555855.8,0.0,0.0,,0.0,,,,,,,0.0,0.0,,0.0,,,,,0.0,0.0,2237040.0
1790555857.8,0.0,0.0,,0.0,,,,,,,0.0,0.0,,0.0,,,,,0.0,0.0,2237040.0
1790555859.8,0.0,0.0,,0.0,,,,,,,0.0,0.0,,0.0,,,,,0.0,0.0,2237040.0
1790555861.8,0.0,0.0,,0.0,,,,,,,0.0,0.0,,0.0,,,,,0.0,0.0,2237040.0
1790555863.8,0.0,0.0,,0.0,,,,,,,0.0,0.0,,0.0,,,,,0.0,0.0,2237040.0
1790555865.9,0.0,0.0,,0.0,,,,,,,0.0,0.0,,0.0,,,,,0.0,0.0,2237040.0
1790555867.9,0.0,0.0,,0.0,,,,,,,0.0,0.0,,0.0,,,,,0.0,0.0,2237040.0
1790555869.9,0.0,0.0,,0.0,,,,,,,0.0,0.0,,0.0,,,,,0.0,0.0,2237040.0
1790555871.9,0.0,0.0,,0.0,,,,,,,0.0,0.0,,0.0,,,,,0.0,0.0,2237040.0
1790555874.0,0.0,0.0,,0.0,,,,,,,0.0,0.0,,0.0,,,,,0.0,0.0,2237040.0
1790555876.0,0.0,0.0,,0.0,,,,,,,0.0,0.0,,0.0,,,,,0.0,0.0,2237040.0
1790555878.0,0.0,0.0,,0.0,,,,,,,0.0,0.0,,0.0,,,,,0.0,0.0,2237040.0
1790555880.0,0.0,0.0,,0.0,,,,,,,0.0,0.0,,0.0,,,,,0.0,0.0,2237040.0
1790555882.0,0.0,0.0,,0.0,,,,,,,0.0,0.0,,0.0,,,,,0.0,0.0,2237040.0
1790555884.1,0.0,0.0,,0.0,,,,,,,0.0,0.0,,0.0,,,,,0.0,0.0,2237040.0
1790555886.1,0.0,0.0,,0.0,,,,,,,0.0,0.0,,0.0,,,,,0.0,0.0,2237040.0
1790555888.1,0.0,0.0,,0.0,,,,,,,0.0,0.0,,0.0,,,,,0.0,0.0,2237040.0
1790555890.1,0.0,0.0,,0.0,,,,,,,0.0,0.0,,0.0,,,,,0.0,0.0,2237040.0
1790555892.2,0.0,0.0,,0.0,,,,,,,0.0,0.0,,0.0,,,,,0.0,0.0,2237040.0
1790555894.2,0.0,0.0,,0.0,,,,,,,0.0,0.0,,0.0,,,,,0.0,0.0,2237040.0
1790555896.2,0.0,0.0,,0.0,,,,,,,0.0,0.0,,0.0,,,,,0.0,0.0,2237040.0
1790555898.2,0.0,0.0,,0.0,,,,,,,0.0,0.0,,0.0,,,,,0.0,0.0,2237040.0
1790555900.2,0.0,0.0,,0.0,,,,,,,0.0,0.0,,0.0,,,,,0.0,0.0,2237040.0
1790555902.3,0.0,0.0,,0.0,,,,,,,0.0,0.0,,0.0,,,,,0.0,0.0,2237040.0
1790555904.3,0.0,0.0,,0.0,,,,,,,0.0,0.0,,0.0,,,,,0.0,0.0,2237040.0
1790555906.3,0.0,0.0,,0.0,,,,,,,0.0,0.0,,0.0,,,,,0.0,0.0,2237040.0
1790555908.3,0.0,0.0,,0.0,,,,,,,0.0,0.0,,0.0,,,,,0.0,0.0,2237040.0
1790555910.4,0.0,0.0,,0.0,,,,,,2.0,0.0,0.0,,0.0,,,0.00056157,2.0,0.0,0.0,2237040.0
1790555912.4,37.0,0.0,,0.0,,,,4.0,,45.0,0.0,0.0,,0.0,,,0.004733817,49.0,251322.0,251322.0,2237040.0
1790555914.6,45.0,0.0,,0.0,,,,5.0,,45.0,0.0,0.0,,0.0,,,0.004790467,50.0,561205.0,561205.0,2237040.0
1790555916.9,45.0,0.0,,0.0,,,,10.0,,45.0,0.0,0.0,,0.0,,,0.005173936,55.0,591137.0,591137.0,2237040.0
1790555919.2,45.0,0.0,,0.0,,,,18.0,,45.0,0.0,0.0,,0.0,,,0.005755077,63.0,999467.0,999467.0,2237040.0
1790555921.5,45.0,0.0,,0.0,,,,29.0,,45.0,0.0,0.0,,0.0,,,0.006567547,74.0,1402709.0,1402709.0,2237040.0
1790555924.0,45.0,0.0,,0.0,,,,33.0,,45.0,0.0,0.0,,0.0,,,0.006966517,78.0,1624231.0,1624231.0,2237040.0
1790555926.6,45.0,0.0,,0.0,,,,35.0,,45.0,0.0,0.0,,0.0,,,0.007120547,80.0,1749033.0,1749033.0,2237040.0
1790555929.1,45.0,0.0,,0.0,,,,37.0,,45.0,0.0,0.0,,0.0,,,0.007249777,82.0,1831862.0,1831862.0,2237040.0
1790555931.6,45.0,0.0,,0.0,,,,39.0,,45.0,0.0,0.0,,0.0,,,0.007469497,84.0,1900332.0,1900332.0,2237040.0
1790555934.2,45.0,0.0,,0.0,,,,39.0,,45.0,0.0,0.0,,0.0,,,0.007469497,84.0,1900332.0,1900332.0,2237040.0
1790555936.9,45.0,0.0,,0.0,,,,39.0,,45.0,0.0,0.0,,0.0,,,0.007469497,84.0,1900332.0,1900332.0,2237040.0
1790555939.5,45.0,0.0,,0.0,,,,39.0,,45.0,0.0,0.0,,0.0,,,0.007469497,84.0,1900332.0,1900332.0,2237040.0
1790555942.0,45.0,0.0,,0.0,,,,39.0,,45.0,0.0,0.0,,0.0,,,0.007469497,84.0,1900332.0,1900332.0,2237040.0
1790555944.6,45.0,0.0,,0.0,,,,39.0,,45.0,0.0,0.0,,0.0,,,0.007469497,84.0,1900332.0,1900332.0,2237040.0
1790555947.2,45.0,0.0,,0.0,,,,39.0,,45.0,0.0,0.0,,0.0,,,0.007469497,84.0,1900332.0,1900332.0,2237040.0
1790555949.8,45.0,0.0,,0.0,,,,39.0,,45.0,0.0,0.0,,0.0,,,0.007469497,84.0,1900332.0,1900332.0,2237040.0
1790555952.3,45.0,0.0,,0.0,,,,39.0,,45.0,0.0,0.0,,0.0,,,0.007469497,84.0,1900332.0,1900332.0,2237040.0
1790555954.9,45.0,0.0,,0.0,,,,39.0,,45.0,0.0,0.0,,0.0,,,0.007469497,84.0,1900332.0,1900332.0,2237040.0
1790555957.4,44.0,1.0,,0.0,,,,39.0,,45.0,0.0,0.0,,0.0,,,0.007469497,84.0,1901160.0,1882028.8217384978,2237040.0
1790555960.0,44.0,1.0,,0.0,,,,39.0,,45.0,0.0,0.0,,0.0,,,0.007469497,84.0,1901160.0,1831129.6097649576,2237040.0
1790555962.5,45.0,0.0,,0.0,,,,40.0,,45.0,0.0,0.0,,0.0,,,0.007580727,85.0,1901160.0,1901160.0,2237040.0
1790555965.1,43.0,2.0,,0.0,,,,41.0,,45.0,0.0,0.0,,0.0,,,0.007658937,86.0,1909929.0,1857842.3208277798,2237040.0
1790555967.7,44.0,1.0,,0.0,,,,42.0,,45.0,0.0,0.0,,0.0,,,0.007743737,87.0,1909929.0,1864391.6287801077,2237040.0
1790555970.4,45.0,0.0,,0.0,,,,43.0,,45.0,0.0,0.0,,0.0,,,0.007828727,88.0,1915245.0,1915245.0,2237040.0
1790555973.1,42.0,3.0,,0.0,,,,45.0,,45.0,0.0,0.0,,0.0,,,0.007950687,90.0,1958680.0,1920305.9253378839,2237040.0
1790555975.6,40.0,5.0,,0.0,,,,48.0,,45.0,0.0,0.0,,0.0,,,0.008182157,93.0,1974646.0,1858040.6289950577,2237040.0
1790555978.2,38.0,7.0,,0.0,,,,52.0,,45.0,0.0,0.0,,0.0,,,0.008501729,97.0,1993912.0,1880158.6660551834,2237040.0
1790555980.9,39.0,6.0,,0.0,,,,57.0,,45.0,0.0,0.0,,0.0,,,0.008890499,102.0,2005917.0,1895734.8954888342,2237040.0
1790555983.4,43.0,2.0,,0.0,,,,65.0,,45.0,0.0,0.0,,0.0,,,0.009616299,110.0,2059431.0,2001918.1741175535,2237040.0
1790555986.0,44.0,1.0,,0.0,,,,66.0,,45.0,0.0,0.0,,0.0,,,0.009769049,111.0,2062550.0,2059299.6074589586,2237040.0
1790555988.7,43.0,3.0,,0.0,,,,72.0,,46.0,0.0,0.0,,0.0,,,0.010280909,118.0,2080789.0,2006407.2459656463,2237040.0
1790555991.3,43.0,3.0,,0.0,,,,77.0,,46.0,0.0,0.0,,0.0,,,0.010667111,123.0,2132250.0,2011990.2337662484,2237040.0
1790555993.9,43.0,3.0,,0.0,,,,81.0,,46.0,0.0,0.0,,0.0,,,0.010967391,127.0,2154339.0,2024916.1032635754,2237040.0
1790555996.5,45.0,1.0,,0.0,,,,85.0,,46.0,0.0,0.0,,0.0,,,0.011335741,131.0,2166175.0,2137510.7951846207,2237040.0
1790555999.2,43.0,3.0,,0.0,,,,94.0,,46.0,0.0,0.0,,0.0,,,0.012128281,140.0,2118450.0,2057140.041362621,2237040.0
1790556001.8,45.0,1.0,,0.0,,,,98.0,,46.0,0.0,0.0,,0.0,,,0.012441052,144.0,2197547.0,2161320.660589532,2237040.0
1790556004.4,45.0,1.0,,0.0,,,,98.0,,46.0,0.0,0.0,,0.0,,,0.012441052,144.0,2197650.0,2193529.262224801,2237040.0
1790556007.0,42.0,4.0,,0.0,,,,103.0,,46.0,0.0,0.0,,0.0,,,0.012814111,149.0,2210150.0,2133245.2000694815,2237040.0
1790556009.7,45.0,0.0,,1.0,,,,109.0,,46.0,1.0,0.0,,0.0,,,0.013306571,155.0,2196037.0,2196037.0,2237040.0
1790556012.3,44.0,1.0,,1.0,,,,113.0,,46.0,1.0,0.0,,0.0,,,0.013608232,159.0,2171419.0,2169435.8751116674,2237040.0
1790556015.0,44.0,2.0,,0.0,,,,118.0,1.0,46.0,1.0,1.0,,0.0,,,0.014060412,165.0,2187064.0,2128584.4775182423,2237040.0
1790556017.6,44.0,2.0,,0.0,,,,124.0,1.0,46.0,1.0,1.0,,0.0,,,0.014459772,171.0,2156041.0,2119777.397155774,2237040.0
1790556020.3,43.0,3.0,,0.0,,,,126.0,1.0,46.0,1.0,1.0,,0.0,,,0.014606592,173.0,2183927.0,2100767.4536183407,2237040.0
1790556022.9,43.0,3.0,,0.0,,,,131.0,1.0,46.0,1.0,1.0,,0.0,,,0.015035861,178.0,2199423.0,2133310.3656474985,2237040.0
1790556025.5,42.0,4.0,,0.0,,,,136.0,1.0,46.0,1.0,1.0,,0.0,,,0.015406221,183.0,2209305.0,2084376.2289871236,2237040.0
1790556028.2,42.0,4.0,,0.0,,,,141.0,1.0,46.0,1.0,1.0,,0.0,,,0.015765921,188.0,2245265.0,2122244.105256999,2237040.0
1790556030.8,41.0,4.0,,1.0,,,,146.0,2.0,46.0,2.0,2.0,,0.0,,,0.016331251,194.0,2216841.0,2101789.1579042585,2237040.0
1790556033.4,44.0,2.0,,0.0,,,,151.0,2.0,47.0,2.0,2.0,,0.0,,,0.016804921,200.0,2297957.0,2203130.175854819,2237040.0
1790556036.1,44.0,2.0,,1.0,,,,154.0,3.0,47.0,4.0,3.0,,0.0,,,0.718214129,204.0,2289042.0,2267881.0249028415,2237040.0
1790556038.8,42.0,5.0,,0.0,,1.0,,155.0,4.0,47.0,7.0,4.0,,0.0,,,3.01098595,206.0,2288529.0,2222363.5739086983,2237040.0
1790556041.4,45.0,1.0,,1.0,,1.0,,158.0,6.0,47.0,7.0,6.0,,0.0,,1.0,3.011579159,211.0,2277409.0,2268292.671972178,2237040.0
1790556044.1,45.0,1.0,,1.0,,1.0,,160.0,6.0,47.0,9.0,6.0,,0.0,,2.0,3.0117472100000002,213.0,2277936.0,2277563.1452433327,2237040.0
1790556046.7,43.0,2.0,,2.0,,2.0,,161.0,7.0,47.0,9.0,7.0,,0.0,,2.0,5.357120229,215.0,2247334.0,2209944.7034432157,2237040.0
1790556049.4,45.0,2.0,,0.0,,4.0,,164.0,9.0,47.0,11.0,9.0,,0.0,,,15.579386598000001,220.0,2360772.0,2293586.8053486515,2237040.0
1790556052.1,44.0,1.0,,2.0,,4.0,,165.0,9.0,47.0,11.0,9.0,,0.0,,1.0,15.579443548,221.0,2277255.0,2257647.829180729,2237040.0
1790556054.7,44.0,0.0,,3.0,,4.0,,167.0,9.0,47.0,12.0,9.0,,0.0,,1.0,15.579575199,223.0,2235388.0,2235388.0,2237040.0
1790556057.3,44.0,1.0,,2.0,,5.0,,169.0,10.0,47.0,12.0,10.0,,0.0,,1.0,19.621026985,226.0,2291169.0,2268670.0126912342,2237040.0
1790556060.0,44.0,1.0,,2.0,,5.0,,170.0,10.0,47.0,12.0,10.0,,0.0,,1.0,19.621075325,227.0,2292235.0,2288872.2004408953,2237040.0
1790556062.7,44.0,1.0,,2.0,,5.0,,172.0,10.0,47.0,12.0,10.0,,0.0,,2.0,19.621231865000002,229.0,2295564.0,2273793.185485171,2237040.0
1790556065.3,42.0,2.0,,3.0,,5.0,,174.0,11.0,47.0,14.0,11.0,,0.0,,2.0,19.621493336,232.0,2257017.0,2245671.0275557106,2237040.0
1790556068.0,43.0,1.0,,3.0,,5.0,,180.0,11.0,47.0,14.0,11.0,,0.0,,2.0,19.621969637,238.0,2288289.0,2237494.0614155605,2237040.0
1790556070.6,44.0,2.0,,1.0,,7.0,,182.0,14.0,47.0,15.0,14.0,,0.0,,,40.843580258,243.0,2350785.0,2306631.031109573,2237040.0
1790556073.3,46.0,0.0,,1.0,,7.0,,185.0,14.0,47.0,15.0,14.0,,0.0,,,40.843846787000004,246.0,2351096.0,2351096.0,2237040.0
1790556076.0,46.0,0.0,,1.0,,7.0,,185.0,14.0,47.0,15.0,14.0,,0.0,,,40.843846787000004,246.0,2352147.0,2352147.0,2237040.0
1790556078.6,46.0,0.0,,1.0,,7.0,,186.0,14.0,47.0,15.0,14.0,,0.0,,1.0,40.843925627000004,247.0,2354819.0,2354819.0,2237040.0
1790556081.3,45.0,1.0,,1.0,,7.0,,186.0,14.0,47.0,15.0,14.0,,0.0,,1.0,40.843925627000004,247.0,2355045.0,2318173.142934808,2237040.0
1790556083.9,44.0,2.0,,1.0,,7.0,,187.0,14.0,47.0,17.0,14.0,,0.0,,1.0,40.844014537,248.0,2357838.0,2272198.9307165993,2237040.0
1790556086.6,43.0,1.0,,3.0,,7.0,,189.0,14.0,47.0,17.0,14.0,,0.0,,2.0,40.844166387,250.0,2255050.0,2222104.995257304,2237040.0
1790556089.2,42.0,2.0,,3.0,,7.0,,195.0,14.0,47.0,18.0,14.0,,0.0,,4.0,40.844746627,256.0,2271650.0,2225606.770264511,2237040.0
1790556091.9,42.0,2.0,,3.0,,8.0,,197.0,15.0,47.0,18.0,15.0,,0.0,,3.0,42.710071225,259.0,2281676.0,2237933.7493490763,2237040.0
1790556094.6,42.0,3.0,,2.0,,10.0,,198.0,17.0,47.0,21.0,17.0,,0.0,,2.0,53.967118924,262.0,2343733.0,2214724.3764234423,2237040.0
1790556097.2,43.0,0.0,,4.0,,10.0,,199.0,17.0,47.0,21.0,17.0,,0.0,,3.0,53.967178824,263.0,2236375.0,2236375.0,2237040.0
1790556099.9,42.0,2.0,,3.0,,12.0,,202.0,19.0,47.0,22.0,19.0,,0.0,,1.0,61.817397369,268.0,2289408.0,2217494.799812925,2237040.0
1790556102.5,42.0,2.0,,3.0,,12.0,,203.0,19.0,47.0,22.0,19.0,,0.0,,3.0,61.817455949,269.0,2299764.0,2224613.8312449506,2237040.0
1790556105.2,43.0,0.0,,4.0,,13.0,,203.0,20.0,47.0,24.0,20.0,,0.0,,3.0,64.522899095,270.0,2216926.0,2216926.0,2237040.0
1790556107.8,42.0,2.0,,3.0,,14.0,,206.0,21.0,47.0,24.0,21.0,,0.0,,2.0,65.723342512,274.0,2282195.0,2223106.104371171,2237040.0
1790556110.5,42.0,1.0,,4.0,,14.0,,208.0,21.0,47.0,25.0,21.0,,0.0,,4.0,65.723595982,276.0,2250868.0,2234283.2375351177,2237040.0
1790556113.2,42.0,1.0,,4.0,,14.0,,210.0,21.0,47.0,25.0,21.0,,0.0,,4.0,65.723758472,278.0,2280955.0,2239846.3289519744,2237040.0
1790556115.9,43.0,0.0,,4.0,,15.0,,211.0,22.0,47.0,26.0,22.0,,0.0,,3.0,70.888049188,280.0,2222388.0,2222388.0,2237040.0
1790556118.5,42.0,1.0,,4.0,,16.0,,213.0,23.0,47.0,26.0,23.0,,0.0,,3.0,72.548157077,283.0,2223078.0,2199167.179526846,2237040.0
1790556121.2,43.0,1.0,,3.0,,16.0,,215.0,24.0,47.0,27.0,24.0,,0.0,,3.0,72.548448917,286.0,2281717.0,2228756.3867771514,2237040.0
1790556123.8,44.0,0.0,,3.0,,16.0,,218.0,24.0,47.0,27.0,24.0,,0.0,,3.0,72.548693797,289.0,2294094.0,2294094.0,2237040.0
1790556126.5,43.0,1.0,,3.0,,16.0,,218.0,24.0,47.0,27.0,24.0,,0.0,,3.0,72.548693797,289.0,2295875.0,2255825.356691273,2237040.0
1790556129.2,42.0,2.0,,3.0,,16.0,,220.0,24.0,47.0,29.0,24.0,,0.0,,3.0,72.548842697,291.0,2298838.0,2213994.9649399277,2237040.0
1790556131.8,42.0,1.0,,4.0,,17.0,,223.0,25.0,47.0,29.0,25.0,,0.0,,4.0,93.571337874,295.0,2307875.0,2274383.1199554033,2237040.0
1790556134.5,42.0,1.0,,4.0,,17.0,,223.0,25.0,47.0,30.0,25.0,,0.0,,4.0,93.571337874,295.0,2307875.0,2263672.8226869414,2237040.0
1790556137.1,42.0,0.0,,5.0,,17.0,,223.0,25.0,47.0,30.0,25.0,,0.0,,4.0,93.571337874,295.0,2260107.0,2260107.0,2237040.0
1790556139.8,41.0,0.0,,6.0,,17.0,,224.0,25.0,47.0,31.0,25.0,,0.0,,5.0,93.571400623,296.0,2207426.0,2207426.0,2237040.0
1790556142.5,41.0,1.0,,5.0,,18.0,,226.0,26.0,47.0,31.0,26.0,,0.0,,5.0,102.736168956,299.0,2256304.0,2222486.453633502,2237040.0
1790556145.2,40.0,1.0,,6.0,,19.0,,226.0,27.0,47.0,32.0,27.0,,0.0,,4.0,109.406395652,300.0,2206067.0,2192029.574700143,2237040.0
1790556147.8,40.0,3.0,,4.0,,20.0,,229.0,28.0,47.0,32.0,28.0,,0.0,,4.0,113.00937672399999,304.0,2312068.0,2249305.525968514,2237040.0
1790556150.5,41.0,0.0,,6.0,,20.0,,230.0,28.0,47.0,34.0,28.0,,0.0,,5.0,113.009495824,305.0,2226672.0,2226672.0,2237040.0
1790556153.1,41.0,1.0,,5.0,,21.0,,233.0,29.0,47.0,34.0,29.0,,0.0,,5.0,116.738360219,309.0,2286400.0,2272514.42895715,2237040.0
1790556155.8,39.0,1.0,,7.0,,22.0,,233.0,30.0,47.0,36.0,30.0,,0.0,,5.0,120.359579459,310.0,2202391.0,2192814.9952329616,2237040.0
1790556158.5,40.0,1.0,,6.0,,22.0,,235.0,30.0,47.0,36.0,30.0,,0.0,,6.0,120.359763789,312.0,2260953.0,2241905.3036288326,2237040.0
1790556161.1,40.0,0.0,,7.0,,22.0,,236.0,30.0,47.0,37.0,30.0,,0.0,,6.0,120.359882599,313.0,2225358.0,2225358.0,2237040.0
1790556163.8,40.0,2.0,,5.0,,24.0,,239.0,33.0,47.0,38.0,33.0,,0.0,,4.0,137.268670015,319.0,2313948.0,2212023.4979072097,2237040.0
1790556166.4,42.0,0.0,,5.0,,24.0,,241.0,33.0,47.0,38.0,33.0,,0.0,,4.0,137.268854815,321.0,2260790.0,2260790.0,2237040.0
1790556169.2,42.0,0.0,,5.0,,24.0,,241.0,33.0,47.0,38.0,33.0,,0.0,,5.0,137.268854815,321.0,2265902.0,2265902.0,2237040.0
1790556171.9,41.0,1.0,,5.0,,24.0,,243.0,33.0,47.0,38.0,33.0,,0.0,,5.0,137.269012855,323.0,2274342.0,2272591.2184017035,2237040.0
1790556174.5,42.0,0.0,,5.0,,24.0,,243.0,33.0,47.0,38.0,33.0,,0.0,,5.0,137.269012855,323.0,2282157.0,2282157.0,2237040.0
1790556177.2,41.0,1.0,,5.0,,24.0,,246.0,33.0,47.0,38.0,33.0,,0.0,,5.0,137.269325774,326.0,2349177.0,2342323.495957426,2237040.0
1790556179.9,41.0,1.0,,5.0,,24.0,,248.0,33.0,47.0,38.0,33.0,,0.0,,5.0,137.269545314,328.0,2352000.0,2347624.902581334,2237040.0
1790556182.5,41.0,1.0,,5.0,,24.0,,248.0,33.0,47.0,38.0,33.0,,0.0,,5.0,137.269545314,328.0,2352000.0,2299623.0621159263,2237040.0
1790556185.2,40.0,0.0,,7.0,,24.0,,249.0,33.0,47.0,40.0,33.0,,0.0,,5.0,137.269601264,329.0,2211896.0,2211896.0,2237040.0
1790556187.8,41.0,1.0,,5.0,,25.0,,252.0,35.0,47.0,40.0,35.0,,0.0,,4.0,176.441634477,334.0,2336119.0,2289035.450347916,2237040.0
1790556190.5,41.0,0.0,,6.0,,25.0,,253.0,35.0,47.0,41.0,35.0,,0.0,,6.0,176.441708298,335.0,2276079.0,2276079.0,2237040.0
1790556193.1,41.0,0.0,,6.0,,25.0,,253.0,35.0,47.0,41.0,35.0,,0.0,,6.0,176.441708298,335.0,2276079.0,2276079.0,2237040.0
1790556195.8,41.0,0.0,,6.0,,25.0,,255.0,35.0,47.0,41.0,35.0,,0.0,,6.0,176.441886628,337.0,2278862.0,2278862.0,2237040.0
1790556198.4,41.0,0.0,,6.0,,25.0,,255.0,35.0,47.0,41.0,35.0,,0.0,,6.0,176.441886628,337.0,2278862.0,2278862.0,2237040.0
1790556201.1,41.0,0.0,,6.0,,25.0,,257.0,35.0,47.0,41.0,35.0,,0.0,,6.0,176.442032758,339.0,2282353.0,2282353.0,2237040.0
1790556203.7,41.0,0.0,,6.0,,25.0,,258.0,35.0,47.0,41.0,35.0,,0.0,,6.0,176.442088378,340.0,2281334.0,2281334.0,2237040.0
1790556206.4,40.0,1.0,,6.0,,25.0,,260.0,35.0,47.0,41.0,35.0,,0.0,,6.0,176.442254588,342.0,2283563.0,2270564.972388264,2237040.0
1790556209.1,40.0,0.0,,7.0,,25.0,,261.0,35.0,47.0,42.0,35.0,,0.0,,7.0,176.442351518,343.0,2248156.0,2248156.0,2237040.0
1790556211.7,40.0,0.0,,7.0,,25.0,,264.0,35.0,47.0,42.0,35.0,,0.0,,7.0,176.44260593799999,346.0,2277234.0,2277234.0,2237040.0
1790556214.4,40.0,0.0,,7.0,,26.0,,267.0,36.0,47.0,43.0,36.0,,0.0,,6.0,181.128107134,350.0,2270177.0,2270177.0,2237040.0
1790556217.0,38.0,2.0,,7.0,,26.0,,267.0,36.0,47.0,43.0,36.0,,0.0,,6.0,181.128107134,350.0,2270572.0,2207427.539286756,2237040.0
1790556219.7,39.0,0.0,,8.0,,26.0,,268.0,36.0,47.0,44.0,36.0,,0.0,,6.0,181.128197554,351.0,2230765.0,2230765.0,2237040.0
1790556222.3,39.0,0.0,,8.0,,26.0,,268.0,36.0,47.0,44.0,36.0,,0.0,,8.0,181.128197554,351.0,2230765.0,2230765.0,2237040.0
1790556225.0,38.0,1.0,,8.0,,27.0,,271.0,37.0,47.0,45.0,37.0,,0.0,,8.0,183.06099136699999,355.0,2233285.0,2233051.989473072,2237040.0
1790556227.6,38.0,2.0,,7.0,,28.0,,276.0,38.0,47.0,45.0,38.0,,0.0,,7.0,185.35732666799998,361.0,2281107.0,2231980.0178628014,2237040.0
1790556230.3,39.0,0.0,,8.0,,28.0,,276.0,38.0,47.0,46.0,38.0,,0.0,,8.0,185.35732666799998,361.0,2246104.0,2246104.0,2237040.0
1790556233.0,39.0,0.0,,8.0,,28.0,,278.0,38.0,47.0,46.0,38.0,,0.0,,8.0,185.357537098,363.0,2248993.0,2248993.0,2237040.0
1790556235.6,39.0,1.0,,7.0,,30.0,,279.0,40.0,47.0,47.0,40.0,,0.0,,7.0,234.45187162899998,366.0,2293355.0,2236888.546030584,2237040.0
1790556238.3,40.0,0.0,,7.0,,30.0,,279.0,40.0,47.0,47.0,40.0,,0.0,,7.0,234.45187162899998,366.0,2293687.0,2293687.0,2237040.0
1790556240.9,39.0,1.0,,7.0,,30.0,,280.0,40.0,47.0,47.0,40.0,,0.0,,7.0,234.451943019,367.0,2295738.0,2255291.79047335,2237040.0
1790556243.6,39.0,1.0,,7.0,,30.0,,281.0,40.0,47.0,47.0,40.0,,0.0,,7.0,234.452035538,368.0,2295738.0,2237576.274105045,2237040.0
1790556246.3,40.0,0.0,,7.0,,30.0,,281.0,40.0,47.0,47.0,40.0,,0.0,,7.0,234.452035538,368.0,2295738.0,2295738.0,2237040.0
1790556248.9,40.0,0.0,,7.0,,30.0,,282.0,40.0,47.0,47.0,40.0,,0.0,,7.0,234.45211864799998,369.0,2297073.0,2297073.0,2237040.0
1790556251.6,40.0,0.0,,7.0,,30.0,,283.0,40.0,47.0,47.0,40.0,,0.0,,7.0,234.452201618,370.0,2297423.0,2297423.0,2237040.0
1790556254.3,39.0,0.0,,8.0,,30.0,,285.0,40.0,47.0,48.0,40.0,,0.0,,7.0,234.45238044799999,372.0,2252473.0,2252473.0,2237040.0
1790556256.9,39.0,0.0,,8.0,,30.0,,287.0,40.0,47.0,48.0,40.0,,0.0,,7.0,234.45253847799998,374.0,2317028.0,2317028.0,2237040.0
1790556259.6,39.0,0.0,,8.0,,30.0,,288.0,40.0,47.0,48.0,40.0,,0.0,,7.0,234.452654478,375.0,2319013.0,2319013.0,2237040.0
1790556262.2,39.0,0.0,,8.0,,30.0,,291.0,40.0,47.0,48.0,40.0,,0.0,,8.0,234.452905827,378.0,2321656.0,2321656.0,2237040.0
1790556264.9,38.0,0.0,,9.0,,30.0,,291.0,40.0,47.0,49.0,40.0,,0.0,,8.0,234.452905827,378.0,2252473.0,2252473.0,2237040.0
1790556267.6,38.0,0.0,,9.0,,30.0,,293.0,40.0,47.0,49.0,40.0,,0.0,,9.0,234.453086157,380.0,2252473.0,2252473.0,2237040.0
1790556270.2,38.0,0.0,,9.0,,30.0,,296.0,40.0,47.0,49.0,40.0,,0.0,,9.0,234.453339868,383.0,2292013.0,2292013.0,2237040.0
1790556272.9,36.0,2.0,,9.0,,30.0,,296.0,40.0,47.0,49.0,40.0,,0.0,,9.0,234.453339868,383.0,2294042.0,2221661.332121041,2237040.0
1790556275.6,38.0,0.0,,9.0,,31.0,,299.0,41.0,47.0,50.0,41.0,,0.0,,9.0,247.594418381,387.0,2283622.0,2283622.0,2237040.0
1790556278.2,38.0,0.0,,9.0,,31.0,,299.0,41.0,47.0,50.0,41.0,,0.0,,9.0,247.594418381,387.0,2302609.0,2302609.0,2237040.0
1790556280.9,38.0,0.0,,9.0,,31.0,,300.0,41.0,47.0,50.0,41.0,,0.0,,9.0,247.594466331,388.0,2302836.0,2302836.0,2237040.0
1790556283.6,38.0,0.0,,9.0,,31.0,,301.0,41.0,47.0,50.0,41.0,,0.0,,9.0,247.594527811,389.0,2303765.0,2303765.0,2237040.0
1790556286.2,36.0,1.0,,10.0,,31.0,,303.0,41.0,47.0,51.0,41.0,,0.0,,9.0,247.59463983,391.0,2243827.0,2222908.2390316688,2237040.0
1790556288.9,37.0,0.0,,10.0,,32.0,,305.0,42.0,47.0,52.0,42.0,,0.0,,9.0,261.183386805,394.0,2267847.0,2267847.0,2237040.0
1790556291.5,37.0,0.0,,10.0,,32.0,,307.0,42.0,47.0,52.0,42.0,,0.0,,9.0,261.183527135,396.0,2273566.0,2273566.0,2237040.0
1790556294.2,36.0,0.0,,11.0,,32.0,,309.0,42.0,47.0,53.0,42.0,,0.0,,10.0,261.18368628499996,398.0,2228688.0,2228688.0,2237040.0
1790556296.9,35.0,1.0,,11.0,,32.0,,317.0,42.0,47.0,53.0,42.0,,0.0,,10.0,261.184390585,406.0,2239215.0,2225225.6107066213,2237040.0
1790556299.5,35.0,0.0,,12.0,,32.0,,318.0,42.0,47.0,54.0,42.0,,0.0,,10.0,261.184463605,407.0,2206386.0,2206386.0,2237040.0
1790556302.2,35.0,1.0,,11.0,,33.0,,321.0,43.0,47.0,54.0,43.0,,0.0,,11.0,269.886423988,411.0,2258205.0,2218568.3895709496,2237040.0
1790556304.9,34.0,1.0,,12.0,,33.0,,323.0,43.0,47.0,55.0,43.0,,0.0,,12.0,269.886610328,413.0,2219444.0,2207569.150280466,2237040.0
1790556307.6,34.0,2.0,,11.0,,34.0,,327.0,44.0,47.0,55.0,44.0,,0.0,,11.0,275.587666921,418.0,2268123.0,2230400.6174573004,2237040.0
1790556310.2,36.0,0.0,,11.0,,35.0,,327.0,45.0,47.0,56.0,45.0,,0.0,,10.0,280.029759581,419.0,2210065.0,2210065.0,2237040.0
1790556312.9,34.0,2.0,,11.0,,35.0,,327.0,45.0,47.0,56.0,45.0,,0.0,,10.0,280.029759581,419.0,2210645.0,2197336.6638668296,2237040.0
1790556315.5,36.0,0.0,,11.0,,37.0,,329.0,47.0,47.0,58.0,47.0,,0.0,,10.0,318.513491612,423.0,2242310.0,2242310.0,2237040.0
1790556318.2,34.0,2.0,,11.0,,37.0,,333.0,47.0,47.0,58.0,47.0,,0.0,,10.0,318.513869473,427.0,2247099.0,2241515.2307753577,2237040.0
1790556320.9,36.0,0.0,,11.0,,38.0,,334.0,48.0,47.0,58.0,48.0,,0.0,,9.0,324.283479162,429.0,2247963.0,2247963.0,2237040.0
1790556323.5,36.0,1.0,,10.0,,38.0,,336.0,48.0,47.0,58.0,48.0,,0.0,,10.0,324.283719251,431.0,2246579.0,2244032.9702576245,2237040.0
1790556326.2,38.0,0.0,,10.0,,39.0,,339.0,49.0,48.0,59.0,49.0,,0.0,,9.0,327.342314847,436.0,2260914.0,2260914.0,2237040.0
1790556328.8,38.0,0.0,,10.0,,39.0,,342.0,49.0,48.0,59.0,49.0,,0.0,,10.0,327.342554318,439.0,2311742.0,2311742.0,2237040.0
1790556331.5,37.0,1.0,,10.0,,39.0,,343.0,49.0,48.0,59.0,49.0,,0.0,,11.0,327.342656528,440.0,2311911.0,2274932.870517594,2237040.0
1790556334.2,38.0,0.0,,10.0,,39.0,,348.0,49.0,48.0,59.0,49.0,,0.0,,11.0,327.343161369,445.0,2316573.0,2316573.0,2237040.0
1790556336.8,36.0,2.0,,10.0,,39.0,,348.0,49.0,48.0,59.0,49.0,,0.0,,11.0,327.343161369,445.0,2317252.0,2254349.537402857,2237040.0
1790556339.5,36.0,1.0,,12.0,,39.0,1.0,350.0,49.0,49.0,61.0,49.0,,0.0,,10.0,337.911515256,448.0,2301588.0,2301009.407137987,2237040.0
1790556342.2,37.0,0.0,,12.0,,39.0,1.0,352.0,49.0,49.0,61.0,49.0,,0.0,,11.0,337.911904684,450.0,2302350.0,2302350.0,2237040.0
1790556344.9,37.0,0.0,,12.0,,39.0,1.0,353.0,49.0,49.0,61.0,49.0,,0.0,,12.0,337.911955803,451.0,2343745.0,2343745.0,2237040.0
1790556347.5,37.0,0.0,,12.0,,39.0,1.0,355.0,49.0,49.0,61.0,49.0,,0.0,,12.0,337.912144363,453.0,2344719.0,2344719.0,2237040.0
1790556350.2,37.0,0.0,,12.0,,39.0,1.0,358.0,49.0,49.0,61.0,49.0,,0.0,,12.0,337.912398674,456.0,2346400.0,2346400.0,2237040.0
1790556352.9,35.0,2.0,,12.0,,39.0,1.0,359.0,49.0,49.0,61.0,49.0,,0.0,,12.0,337.912483084,457.0,2348718.0,2312228.6463336092,2237040.0
1790556355.6,37.0,0.0,,12.0,,39.0,1.0,360.0,49.0,49.0,61.0,49.0,,0.0,,12.0,337.912535804,458.0,2348718.0,2348718.0,2237040.0
1790556358.2,36.0,1.0,,12.0,,39.0,1.0,360.0,49.0,49.0,61.0,49.0,,0.0,,12.0,337.912535804,458.0,2349333.0,2342904.66550667,2237040.0
1790556360.9,36.0,0.0,,13.0,,39.0,1.0,362.0,49.0,49.0,62.0,49.0,,0.0,,13.0,337.912721984,460.0,2322506.0,2322506.0,2237040.0
1790556363.6,36.0,0.0,,13.0,,39.0,1.0,363.0,49.0,49.0,62.0,49.0,,0.0,,13.0,337.912821724,461.0,2327287.0,2327287.0,2237040.0
1790556366.3,36.0,0.0,,13.0,,39.0,1.0,364.0,49.0,49.0,62.0,49.0,,0.0,,13.0,337.912919244,462.0,2331232.0,2331232.0,2237040.0
1790556368.9,36.0,0.0,,13.0,,39.0,1.0,365.0,49.0,49.0,62.0,49.0,,0.0,,13.0,337.912996474,463.0,2341716.0,2341716.0,2237040.0
1790556371.6,34.0,2.0,,13.0,,39.0,1.0,368.0,49.0,49.0,62.0,49.0,,0.0,,13.0,337.913272874,466.0,2343985.0,2302650.2503037974,2237040.0
1790556374.3,34.0,0.0,,15.0,,39.0,1.0,368.0,49.0,49.0,64.0,49.0,,0.0,,14.0,337.913272874,466.0,2256781.0,2256781.0,2237040.0
1790556377.0,34.0,0.0,,15.0,,39.0,1.0,369.0,49.0,49.0,64.0,49.0,,0.0,,14.0,337.913376434,467.0,2259100.0,2259100.0,2237040.0
1790556379.6,34.0,0.0,,15.0,,39.0,1.0,371.0,49.0,49.0,64.0,49.0,,0.0,,15.0,337.91356170299997,469.0,2259100.0,2259100.0,2237040.0
1790556382.3,33.0,2.0,,14.0,,40.0,1.0,375.0,50.0,49.0,64.0,50.0,,0.0,,14.0,344.956071173,474.0,2302166.0,2221987.985411898,2237040.0
1790556385.0,35.0,0.0,,14.0,,40.0,1.0,375.0,50.0,49.0,64.0,50.0,,0.0,,14.0,344.956071173,474.0,2303853.0,2303853.0,2237040.0
1790556387.7,35.0,0.0,,14.0,,40.0,1.0,377.0,50.0,49.0,64.0,50.0,,0.0,,14.0,344.956215372,476.0,2307097.0,2307097.0,2237040.0
1790556390.4,34.0,0.0,,15.0,,40.0,1.0,377.0,50.0,49.0,65.0,50.0,,0.0,,14.0,344.956215372,476.0,2261455.0,2261455.0,2237040.0
1790556393.1,33.0,2.0,,14.0,,41.0,1.0,380.0,51.0,49.0,65.0,51.0,,0.0,,13.0,377.809109061,480.0,2307601.0,2216443.190930045,2237040.0
1790556395.8,33.0,1.0,,15.0,,41.0,1.0,383.0,51.0,49.0,66.0,51.0,,0.0,,14.0,377.80935283,483.0,2250728.0,2248968.3351277076,2237040.0
1790556398.4,32.0,2.0,,15.0,,41.0,1.0,384.0,51.0,49.0,66.0,51.0,,0.0,,14.0,377.80945035,484.0,2258752.0,2227793.063436918,2237040.0
1790556401.1,34.0,0.0,,15.0,,43.0,1.0,386.0,53.0,49.0,68.0,53.0,,0.0,,14.0,438.264413775,488.0,2262855.0,2262855.0,2237040.0
1790556403.8,35.0,0.0,,14.0,,44.0,1.0,388.0,54.0,49.0,68.0,54.0,,0.0,,13.0,441.697701047,491.0,2332141.0,2332141.0,2237040.0
1790556406.5,35.0,0.0,,14.0,,44.0,1.0,388.0,54.0,49.0,68.0,54.0,,0.0,,14.0,441.697701047,491.0,2332141.0,2332141.0,2237040.0
1790556409.1,34.0,0.0,,15.0,,44.0,1.0,389.0,54.0,49.0,69.0,54.0,,0.0,,14.0,441.697825217,492.0,2267531.0,2267531.0,2237040.0
1790556411.8,33.0,1.0,,15.0,,44.0,1.0,393.0,54.0,49.0,69.0,54.0,,0.0,,14.0,441.698206514,496.0,2278537.0,2259389.387389442,2237040.0
1790556414.5,34.0,0.0,,15.0,,44.0,1.0,395.0,54.0,49.0,69.0,54.0,,0.0,,14.0,441.698400444,498.0,2280951.0,2280951.0,2237040.0
1790556417.2,33.0,1.0,,15.0,,44.0,1.0,398.0,54.0,49.0,69.0,54.0,,0.0,,15.0,441.698737905,501.0,2286052.0,2257089.024295631,2237040.0
1790556419.9,33.0,0.0,,16.0,,44.0,1.0,400.0,54.0,49.0,70.0,54.0,,0.0,,16.0,441.698950295,503.0,2266319.0,2266319.0,2237040.0
1790556422.5,33.0,0.0,,16.0,,45.0,1.0,402.0,55.0,49.0,70.0,55.0,,0.0,,15.0,444.89762208999997,506.0,2266728.0,2266728.0,2237040.0
1790556425.2,33.0,0.0,,16.0,,45.0,1.0,404.0,55.0,49.0,71.0,55.0,,0.0,,15.0,444.89779117,508.0,2206701.0,2206701.0,2237040.0
1790556427.9,33.0,1.0,,15.0,,46.0,1.0,406.0,56.0,49.0,71.0,56.0,,0.0,,14.0,526.926174771,511.0,2256640.0,2232485.083354599,2237040.0
1790556430.6,33.0,1.0,,15.0,,47.0,1.0,407.0,57.0,49.0,72.0,57.0,,0.0,,15.0,578.15802086,513.0,2251247.0,2195889.977180281,2237040.0
1790556433.3,33.0,1.0,,15.0,,47.0,1.0,411.0,57.0,49.0,72.0,57.0,,0.0,,15.0,578.1583320999999,517.0,2286385.0,2275207.8765374282,2237040.0
1790556436.0,34.0,0.0,,15.0,,47.0,1.0,413.0,57.0,49.0,72.0,57.0,,0.0,,15.0,578.1585767189999,519.0,2291833.0,2291833.0,2237040.0
1790556438.7,34.0,0.0,,15.0,,47.0,1.0,414.0,57.0,49.0,72.0,57.0,,0.0,,15.0,578.1587041399999,520.0,2295774.0,2295774.0,2237040.0
1790556441.3,34.0,0.0,,15.0,,48.0,1.0,416.0,58.0,49.0,73.0,58.0,,0.0,,15.0,587.59589339,523.0,2285406.0,2285406.0,2237040.0
1790556444.0,33.0,0.0,,16.0,,49.0,1.0,417.0,59.0,49.0,75.0,59.0,,0.0,,14.0,625.57478355,525.0,2219135.0,2219135.0,2237040.0
1790556446.7,33.0,0.0,,16.0,,49.0,1.0,418.0,60.0,49.0,75.0,60.0,,0.0,,15.0,625.602098497,527.0,2219135.0,2219135.0,2237040.0
1790556449.4,33.0,0.0,,16.0,,49.0,1.0,421.0,60.0,49.0,76.0,60.0,,0.0,,16.0,625.602621098,530.0,2214009.0,2214009.0,2237040.0
1790556452.1,34.0,1.0,,14.0,,51.0,1.0,423.0,62.0,49.0,76.0,62.0,,0.0,,14.0,782.003428602,534.0,2337891.0,2302074.1913065277,2237040.0
1790556454.8,34.0,0.0,,15.0,,51.0,1.0,423.0,62.0,49.0,77.0,62.0,,0.0,,14.0,782.003428602,534.0,2289249.0,2289249.0,2237040.0
1790556457.5,33.0,1.0,,15.0,,51.0,1.0,424.0,62.0,49.0,77.0,62.0,,0.0,,15.0,782.003525032,535.0,2291623.0,2266000.8255004934,2237040.0
1790556460.2,34.0,0.0,,15.0,,51.0,1.0,427.0,62.0,49.0,77.0,62.0,,0.0,,15.0,782.003799633,538.0,2229144.0,2229144.0,2237040.0
1790556462.8,33.0,2.0,,14.0,,52.0,1.0,429.0,63.0,49.0,77.0,63.0,,0.0,,14.0,786.948148005,541.0,2282039.0,2199873.5496551096,2237040.0
1790556465.5,34.0,0.0,,15.0,,52.0,1.0,431.0,63.0,49.0,78.0,63.0,,0.0,,14.0,786.9483079949999,543.0,2216496.0,2216496.0,2237040.0
1790556468.2,34.0,2.0,,13.0,,54.0,1.0,436.0,65.0,49.0,78.0,65.0,,0.0,,13.0,833.433163426,550.0,2316163.0,2233505.5969951926,2237040.0
1790556470.9,36.0,0.0,,13.0,,54.0,1.0,437.0,65.0,49.0,78.0,65.0,,0.0,,13.0,833.433239827,551.0,2327087.0,2327087.0,2237040.0
1790556473.5,35.0,1.0,,13.0,,54.0,1.0,439.0,65.0,49.0,78.0,65.0,,0.0,,13.0,833.433380157,553.0,2345839.0,2332623.6965519693,2237040.0
1790556476.2,35.0,0.0,,14.0,,54.0,1.0,439.0,65.0,49.0,79.0,65.0,,0.0,,14.0,833.433380157,553.0,2297881.0,2297881.0,2237040.0
1790556478.9,35.0,0.0,,14.0,,54.0,1.0,440.0,65.0,49.0,79.0,65.0,,0.0,,14.0,833.433481647,554.0,2302445.0,2302445.0,2237040.0
1790556481.6,34.0,1.0,,14.0,,54.0,1.0,442.0,65.0,49.0,79.0,65.0,,0.0,,14.0,833.433654707,556.0,2301923.0,2300837.1210955908,2237040.0
1790556484.3,32.0,1.0,,16.0,,54.0,1.0,444.0,65.0,49.0,81.0,65.0,,0.0,,14.0,833.433862837,558.0,2208575.0,2199802.107151361,2237040.0
1790556486.9,34.0,0.0,,15.0,,55.0,1.0,446.0,66.0,49.0,81.0,66.0,,0.0,,13.0,845.722067892,561.0,2266048.0,2266048.0,2237040.0
1790556489.6,32.0,1.0,,16.0,,55.0,1.0,447.0,67.0,49.0,82.0,67.0,,0.0,,13.0,845.9473998889999,563.0,2220014.0,2197884.0227156235,2237040.0
1790556492.3,35.0,0.0,,14.0,,55.0,1.0,448.0,68.0,49.0,82.0,68.0,,0.0,,14.0,845.947572109,565.0,2273136.0,2273136.0,2237040.0
1790556495.0,34.0,1.0,,14.0,,55.0,1.0,449.0,68.0,49.0,82.0,68.0,,0.0,,14.0,845.947670118,566.0,2275569.0,2261438.7994516026,2237040.0
1790556497.6,35.0,0.0,,14.0,,55.0,1.0,452.0,68.0,49.0,82.0,68.0,,0.0,,14.0,845.947956078,569.0,2279022.0,2279022.0,2237040.0
1790556500.3,34.0,0.0,,15.0,,55.0,1.0,453.0,68.0,49.0,83.0,68.0,,0.0,,14.0,845.948071778,570.0,2215077.0,2215077.0,2237040.0
1790556503.0,35.0,0.0,,14.0,,56.0,1.0,456.0,69.0,49.0,83.0,69.0,,0.0,,13.0,857.489646238,574.0,2268389.0,2268389.0,2237040.0
1790556505.7,34.0,0.0,,15.0,,56.0,1.0,456.0,69.0,49.0,84.0,69.0,,0.0,,15.0,857.489646238,574.0,2187430.0,2187430.0,2237040.0
1790556508.4,33.0,3.0,,13.0,,59.0,1.0,456.0,72.0,49.0,84.0,72.0,,0.0,,12.0,1187.905120837,577.0,2321603.0,2177150.3528338973,2237040.0
1790556511.1,35.0,0.0,,14.0,,59.0,1.0,457.0,72.0,49.0,86.0,72.0,,0.0,,14.0,1187.905179447,578.0,2273823.0,2273823.0,2237040.0
1790556513.8,35.0,0.0,,14.0,,59.0,1.0,457.0,72.0,49.0,86.0,72.0,,0.0,,14.0,1187.905179447,578.0,2273823.0,2273823.0,2237040.0
1790556516.4,35.0,0.0,,14.0,,59.0,1.0,458.0,72.0,49.0,86.0,72.0,,0.0,,14.0,1187.905276367,579.0,2275503.0,2275503.0,2237040.0
1790556519.1,35.0,0.0,,14.0,,59.0,1.0,459.0,72.0,49.0,86.0,72.0,,0.0,,14.0,1187.905337597,580.0,2283800.0,2283800.0,2237040.0
1790556521.8,32.0,3.0,,14.0,,59.0,1.0,462.0,72.0,49.0,86.0,72.0,,0.0,,14.0,1187.905588778,583.0,2284432.0,2236977.53800902,2237040.0
1790556524.5,34.0,0.0,,15.0,,60.0,1.0,462.0,73.0,49.0,88.0,73.0,,0.0,,13.0,1202.4640425149998,584.0,2222585.0,2222585.0,2237040.0
1790556527.2,34.0,0.0,,15.0,,60.0,1.0,464.0,73.0,49.0,88.0,73.0,,0.0,,13.0,1202.464247484,586.0,2223187.0,2223187.0,2237040.0
1790556529.8,33.0,1.0,,15.0,,60.0,1.0,466.0,73.0,49.0,88.0,73.0,,0.0,,15.0,1202.464468314,588.0,2224024.0,2213581.5769571913,2237040.0
1790556532.5,34.0,1.0,,14.0,,61.0,1.0,469.0,74.0,49.0,88.0,74.0,,0.0,,14.0,1205.565581854,592.0,2280623.0,2275134.816519067,2237040.0
1790556535.2,32.0,2.0,,15.0,,61.0,1.0,469.0,74.0,49.0,89.0,74.0,,0.0,,14.0,1205.565581854,592.0,2234226.0,2204269.959811371,2237040.0
1790556537.9,33.0,2.0,,14.0,,62.0,1.0,470.0,75.0,49.0,89.0,75.0,,0.0,,14.0,1232.119229043,594.0,2302110.0,2199134.4079899536,2237040.0
1790556540.5,34.0,0.0,,15.0,,63.0,1.0,472.0,76.0,49.0,91.0,76.0,,0.0,,15.0,1234.9420964619999,597.0,2235916.0,2235916.0,2237040.0
1790556543.2,33.0,3.0,,14.0,,64.0,1.0,475.0,77.0,50.0,91.0,77.0,,0.0,,14.0,1238.43740774,602.0,2331101.0,2232546.6034834133,2237040.0
1790556545.9,34.0,1.0,,15.0,,65.0,1.0,475.0,78.0,50.0,93.0,78.0,,0.0,,14.0,1240.0976222299998,603.0,2280558.0,2226897.637854869,2237040.0
1790556548.6,35.0,1.0,,14.0,,66.0,1.0,478.0,79.0,50.0,93.0,79.0,,0.0,,13.0,1247.260064094,607.0,2348726.0,2252247.6512341728,2237040.0
1790556551.3,35.0,0.0,,15.0,,66.0,1.0,481.0,79.0,50.0,94.0,79.0,,0.0,,15.0,1247.260301284,610.0,2264223.0,2264223.0,2237040.0
1790556554.0,34.0,1.0,,15.0,,67.0,1.0,483.0,80.0,50.0,95.0,80.0,,0.0,,14.0,1251.641099398,613.0,2263114.0,2229187.9345408794,2237040.0
1790556556.7,35.0,0.0,,15.0,,67.0,1.0,484.0,80.0,50.0,95.0,80.0,,0.0,,14.0,1251.6411805779999,614.0,2265320.0,2265320.0,2237040.0
1790556559.3,34.0,0.0,,16.0,,68.0,1.0,488.0,81.0,50.0,96.0,81.0,,0.0,,13.0,1282.711795143,619.0,2195541.0,2195541.0,2237040.0
1790556562.0,35.0,0.0,,15.0,,68.0,1.0,488.0,81.0,50.0,96.0,81.0,,0.0,,15.0,1282.711795143,619.0,2267856.0,2267856.0,2237040.0
1790556564.7,34.0,0.0,,16.0,,68.0,1.0,489.0,81.0,50.0,97.0,81.0,,0.0,,16.0,1282.711900253,620.0,2196353.0,2196353.0,2237040.0
1790556567.4,35.0,0.0,,15.0,,69.0,1.0,490.0,82.0,50.0,97.0,82.0,,0.0,,15.0,1287.513730142,622.0,2251656.0,2251656.0,2237040.0
1790556570.1,34.0,1.0,,15.0,,70.0,1.0,495.0,83.0,50.0,98.0,83.0,,0.0,,14.0,1590.867264543,628.0,2282848.0,2265847.164550339,2237040.0
1790556572.8,35.0,0.0,,15.0,,70.0,1.0,495.0,83.0,50.0,98.0,83.0,,0.0,,15.0,1590.867264543,628.0,2282848.0,2282848.0,2237040.0
1790556575.5,35.0,0.0,,15.0,,70.0,1.0,498.0,83.0,50.0,98.0,83.0,,0.0,,15.0,1590.8675207229999,631.0,2285324.0,2285324.0,2237040.0
1790556578.1,34.0,1.0,,15.0,,70.0,1.0,499.0,83.0,50.0,98.0,83.0,,0.0,,15.0,1590.867576963,632.0,2285542.0,2284347.0285698147,2237040.0
1790556580.8,33.0,1.0,,16.0,,70.0,1.0,501.0,83.0,50.0,99.0,83.0,,0.0,,15.0,1590.8677762129998,634.0,2312708.0,2304095.0604876536,2237040.0
1790556583.5,34.0,0.0,,16.0,,70.0,1.0,501.0,83.0,50.0,99.0,83.0,,0.0,,15.0,1590.8677762129998,634.0,2312708.0,2312708.0,2237040.0
1790556586.2,34.0,0.0,,16.0,,70.0,1.0,502.0,83.0,50.0,99.0,83.0,,0.0,,15.0,1590.8678283529998,635.0,2344199.0,2344199.0,2237040.0
1790556588.9,34.0,0.0,,16.0,,70.0,1.0,502.0,83.0,50.0,99.0,83.0,,0.0,,16.0,1590.8678283529998,635.0,2344199.0,2344199.0,2237040.0
1790556591.6,33.0,1.0,,16.0,,70.0,1.0,504.0,83.0,50.0,99.0,83.0,,0.0,,16.0,1590.868047343,637.0,2346976.0,2309303.7934610997,2237040.0
1790556594.2,33.0,0.0,,17.0,,70.0,1.0,504.0,83.0,50.0,100.0,83.0,,0.0,,17.0,1590.868047343,637.0,2294615.0,2294615.0,2237040.0
1790556596.9,33.0,0.0,,17.0,,70.0,1.0,505.0,83.0,50.0,100.0,83.0,,0.0,,17.0,1590.868156883,638.0,2305410.0,2305410.0,2237040.0
1790556599.6,33.0,0.0,,17.0,,70.0,1.0,507.0,83.0,50.0,100.0,83.0,,0.0,,17.0,1590.868382593,640.0,2307527.0,2307527.0,2237040.0
1790556602.3,33.0,0.0,,17.0,,70.0,1.0,507.0,83.0,50.0,100.0,83.0,,0.0,,17.0,1590.868382593,640.0,2226768.0,2226768.0,2237040.0
1790556604.9,33.0,0.0,,17.0,,70.0,1.0,509.0,83.0,50.0,100.0,83.0,,0.0,,17.0,1590.868648213,642.0,2235289.0,2235289.0,2237040.0
1790556607.6,33.0,0.0,,17.0,,70.0,1.0,510.0,83.0,50.0,100.0,83.0,,0.0,,17.0,1590.8687157529998,643.0,2235289.0,2235289.0,2237040.0
1790556610.3,33.0,0.0,,17.0,,71.0,1.0,511.0,84.0,50.0,101.0,84.0,,0.0,,16.0,1627.5585073949999,645.0,2184331.0,2184331.0,2237040.0
1790556613.0,32.0,3.0,,15.0,,73.0,1.0,512.0,86.0,50.0,101.0,86.0,,0.0,,15.0,1670.6964509969998,648.0,2294097.0,2225026.128639113,2237040.0
1790556615.7,34.0,0.0,,16.0,,73.0,1.0,514.0,86.0,50.0,102.0,86.0,,0.0,,16.0,1670.696574517,650.0,2240987.0,2240987.0,2237040.0
1790556618.4,33.0,1.0,,16.0,,73.0,1.0,514.0,86.0,50.0,102.0,86.0,,0.0,,16.0,1670.696574517,650.0,2241515.0,2235235.988227615,2237040.0
1790556621.0,33.0,0.0,,17.0,,73.0,1.0,514.0,86.0,50.0,103.0,86.0,,0.0,,16.0,1670.696574517,650.0,2192669.0,2192669.0,2237040.0
1790556623.7,33.0,1.0,,16.0,,73.0,1.0,515.0,87.0,50.0,104.0,87.0,,0.0,,16.0,1671.675635756,652.0,2245037.0,2216270.087582537,2237040.0
1790556626.5,34.0,0.0,,16.0,,74.0,1.0,517.0,88.0,50.0,104.0,88.0,,0.0,,15.0,1680.823763528,655.0,2247442.0,2247442.0,2237040.0
1790556629.2,34.0,0.0,,16.0,,74.0,1.0,519.0,88.0,50.0,104.0,88.0,,0.0,,16.0,1680.823898278,657.0,2253005.0,2253005.0,2237040.0
1790556631.8,31.0,3.0,,16.0,,75.0,1.0,522.0,89.0,50.0,104.0,89.0,,0.0,,15.0,1684.321285621,661.0,2251994.0,2191142.5767788626,2237040.0
1790556634.5,34.0,0.0,,16.0,,75.0,1.0,524.0,89.0,50.0,105.0,89.0,,0.0,,16.0,1684.321436282,663.0,2268013.0,2268013.0,2237040.0
1790556637.2,34.0,0.0,,16.0,,75.0,1.0,524.0,89.0,50.0,105.0,89.0,,0.0,,16.0,1684.321436282,663.0,2268013.0,2268013.0,2237040.0
1790556639.9,34.0,0.0,,16.0,,75.0,1.0,525.0,89.0,50.0,105.0,89.0,,0.0,,16.0,1684.3215599819998,664.0,2268297.0,2268297.0,2237040.0
1790556642.6,33.0,1.0,,16.0,,75.0,1.0,526.0,89.0,50.0,105.0,89.0,,0.0,,16.0,1684.321678972,665.0,2331490.0,2303351.49083141,2237040.0
1790556645.3,33.0,0.0,,17.0,,75.0,1.0,527.0,89.0,50.0,106.0,89.0,,0.0,,16.0,1684.321785222,666.0,2280424.0,2280424.0,2237040.0
1790556648.0,32.0,1.0,,17.0,,75.0,1.0,528.0,89.0,50.0,106.0,89.0,,0.0,,16.0,1684.3218347519999,667.0,2280319.0,2245027.5444653006,2237040.0
1790556650.7,31.0,1.0,,18.0,,75.0,1.0,528.0,89.0,50.0,107.0,89.0,,0.0,,17.0,1684.3218347519999,667.0,2229021.0,2222250.867776704,2237040.0
1790556653.4,32.0,1.0,,17.0,,76.0,1.0,529.0,90.0,50.0,107.0,90.0,,0.0,,17.0,1701.89911809,669.0,2277473.0,2226346.1884394684,2237040.0
1790556656.1,34.0,0.0,,16.0,,78.0,1.0,531.0,92.0,50.0,108.0,92.0,,0.0,,15.0,1709.2926009599998,673.0,2329428.0,2329428.0,2237040.0
1790556658.8,34.0,0.0,,16.0,,78.0,1.0,531.0,92.0,50.0,108.0,92.0,,0.0,,15.0,1709.2926009599998,673.0,2329428.0,2329428.0,2237040.0
1790556661.5,34.0,0.0,,16.0,,78.0,1.0,532.0,92.0,50.0,108.0,92.0,,0.0,,16.0,1709.29264501,674.0,2331131.0,2331131.0,2237040.0
1790556664.2,33.0,0.0,,17.0,,78.0,1.0,533.0,92.0,50.0,109.0,92.0,,0.0,,16.0,1709.2927226,675.0,2321260.0,2321260.0,2237040.0
1790556666.9,33.0,0.0,,17.0,,78.0,1.0,533.0,92.0,50.0,109.0,92.0,,0.0,,16.0,1709.2927226,675.0,2268296.0,2268296.0,2237040.0
1790556669.5,33.0,0.0,,17.0,,78.0,1.0,533.0,92.0,50.0,109.0,92.0,,0.0,,17.0,1709.2927226,675.0,2268296.0,2268296.0,2237040.0
1790556672.2,32.0,1.0,,17.0,,78.0,1.0,534.0,92.0,50.0,109.0,92.0,,0.0,,17.0,1709.29282277,676.0,2271646.0,2228224.724745778,2237040.0
1790556674.9,32.0,0.0,,18.0,,80.0,1.0,534.0,94.0,50.0,112.0,94.0,,0.0,,16.0,1730.149806513,678.0,2175308.0,2175308.0,2237040.0
1790556677.6,33.0,0.0,,17.0,,80.0,1.0,535.0,95.0,50.0,112.0,95.0,,0.0,,17.0,1730.149947523,680.0,2207112.0,2207112.0,2237040.0
1790556680.3,33.0,0.0,,17.0,,80.0,1.0,537.0,95.0,50.0,112.0,95.0,,0.0,,17.0,1730.150090413,682.0,2208660.0,2208660.0,2237040.0
1790556683.1,33.0,0.0,,17.0,,80.0,1.0,538.0,95.0,50.0,112.0,95.0,,0.0,,17.0,1730.150183693,683.0,2241031.0,2241031.0,2237040.0
1790556685.7,32.0,1.0,,17.0,,80.0,1.0,539.0,95.0,50.0,112.0,95.0,,0.0,,17.0,1730.150268573,684.0,2228960.0,2192598.273196594,2237040.0
1790556688.4,32.0,2.0,,16.0,,81.0,1.0,541.0,96.0,50.0,112.0,96.0,,0.0,,16.0,1738.874040163,687.0,2289139.0,2193812.8113583038,2237040.0
1790556691.1,33.0,0.0,,17.0,,81.0,1.0,543.0,96.0,50.0,113.0,96.0,,0.0,,17.0,1738.8742844029998,689.0,2238849.0,2238849.0,2237040.0
1790556693.8,32.0,1.0,,17.0,,81.0,1.0,544.0,96.0,50.0,114.0,96.0,,0.0,,17.0,1738.8743452429999,690.0,2240823.0,2225207.9582443386,2237040.0
1790556696.5,32.0,1.0,,17.0,,81.0,1.0,546.0,97.0,50.0,114.0,97.0,,0.0,,17.0,1739.592909578,693.0,2241218.0,2201259.10422775,2237040.0
1790556699.2,32.0,0.0,,18.0,,82.0,1.0,546.0,98.0,50.0,115.0,98.0,,0.0,,16.0,1748.967055036,694.0,2188867.0,2188867.0,2237040.0
1790556701.9,32.0,1.0,,17.0,,82.0,1.0,546.0,98.0,50.0,115.0,98.0,,0.0,,17.0,1748.967055036,694.0,2242408.0,2199549.015320798,2237040.0
1790556704.6,33.0,0.0,,17.0,,83.0,1.0,548.0,99.0,50.0,116.0,99.0,,0.0,,16.0,1750.872760458,697.0,2246373.0,2246373.0,2237040.0
1790556707.3,32.0,2.0,,16.0,,83.0,1.0,550.0,100.0,50.0,116.0,100.0,,0.0,,16.0,1750.886964848,700.0,2312946.0,2237294.3928770497,2237040.0
1790556710.0,33.0,0.0,,17.0,,83.0,1.0,552.0,100.0,50.0,117.0,100.0,,0.0,,16.0,1750.887183068,702.0,2270023.0,2270023.0,2237040.0
1790556712.7,33.0,0.0,,17.0,,83.0,1.0,552.0,100.0,50.0,117.0,100.0,,0.0,,16.0,1750.887183068,702.0,2270023.0,2270023.0,2237040.0
1790556715.4,33.0,0.0,,17.0,,83.0,1.0,553.0,101.0,50.0,118.0,101.0,,0.0,,16.0,1751.376639038,704.0,2231487.0,2231487.0,2237040.0
1790556718.1,32.0,2.0,,16.0,,83.0,1.0,555.0,102.0,50.0,118.0,102.0,,0.0,,16.0,1751.82189441,707.0,2290308.0,2211562.05973244,2237040.0
1790556720.8,33.0,0.0,,17.0,,83.0,1.0,556.0,102.0,50.0,119.0,102.0,,0.0,,17.0,1751.8220052699999,708.0,2255174.0,2255174.0,2237040.0
1790556723.5,31.0,2.0,,17.0,,84.0,1.0,557.0,103.0,50.0,119.0,103.0,,0.0,,16.0,1755.086783866,710.0,2255961.0,2217253.0865461295,2237040.0
1790556726.2,32.0,2.0,,16.0,,85.0,1.0,557.0,105.0,50.0,121.0,105.0,,0.0,,16.0,1868.3249500699999,712.0,2305943.0,2213821.5559510547,2237040.0
1790556728.9,32.0,2.0,,16.0,,86.0,1.0,558.0,106.0,50.0,123.0,106.0,,0.0,,15.0,1871.901256888,714.0,2306739.0,2237753.3967819563,2237040.0
1790556731.6,33.0,1.0,,16.0,,86.0,1.0,559.0,107.0,50.0,123.0,107.0,,0.0,,15.0,1872.523729458,716.0,2286421.0,2246564.2129225507,2237040.0
1790556734.3,33.0,0.0,,17.0,,86.0,1.0,560.0,108.0,50.0,125.0,108.0,,0.0,,16.0,1872.666107259,718.0,2226675.0,2226675.0,2237040.0
1790556737.0,32.0,1.0,,17.0,,86.0,1.0,560.0,108.0,50.0,125.0,108.0,,0.0,,17.0,1872.666107259,718.0,2225805.0,2212276.663918847,2237040.0
1790556739.7,33.0,0.0,,17.0,,86.0,1.0,565.0,108.0,50.0,125.0,108.0,,0.0,,17.0,1872.6664990079998,723.0,2237914.0,2237914.0,2237040.0
1790556742.4,33.0,0.0,,17.0,,86.0,1.0,566.0,108.0,50.0,125.0,108.0,,0.0,,17.0,1872.666605998,724.0,2239031.0,2239031.0,2237040.0
1790556745.1,32.0,0.0,,18.0,,86.0,1.0,567.0,108.0,50.0,126.0,108.0,,0.0,,18.0,1872.666701639,725.0,2218250.0,2218250.0,2237040.0
1790556747.8,32.0,1.0,,17.0,,87.0,1.0,568.0,109.0,50.0,126.0,109.0,,0.0,,17.0,1873.711981774,727.0,2267648.0,2214566.2951177303,2237040.0
1790556750.5,32.0,1.0,,17.0,,88.0,1.0,570.0,110.0,50.0,127.0,110.0,,0.0,,17.0,1885.8383906269999,730.0,2282179.0,2206272.556859092,2237040.0
1790556753.1,31.0,4.0,,15.0,,89.0,1.0,574.0,112.0,50.0,127.0,112.0,,0.0,,15.0,1904.8667009199999,736.0,2398721.0,2206101.6107021626,2237040.0
1790556755.8,33.0,0.0,,17.0,,89.0,1.0,575.0,112.0,50.0,129.0,112.0,,0.0,,16.0,1904.8667719,737.0,2264615.0,2264615.0,2237040.0
1790556758.5,33.0,0.0,,17.0,,89.0,1.0,575.0,112.0,50.0,129.0,112.0,,0.0,,16.0,1904.8667719,737.0,2264615.0,2264615.0,2237040.0
1790556761.2,33.0,0.0,,17.0,,89.0,1.0,575.0,112.0,50.0,129.0,112.0,,0.0,,17.0,1904.8667719,737.0,2264615.0,2264615.0,2237040.0
1790556763.9,33.0,0.0,,17.0,,89.0,1.0,575.0,112.0,50.0,130.0,112.0,,0.0,,17.0,1904.8667719,737.0,2264615.0,2264615.0,2237040.0
1790556766.6,33.0,0.0,,17.0,,90.0,1.0,576.0,113.0,50.0,130.0,113.0,,0.0,,16.0,1914.95840871,739.0,2254149.0,2254149.0,2237040.0
1790556769.3,32.0,1.0,,17.0,,91.0,1.0,578.0,114.0,50.0,131.0,114.0,,0.0,,16.0,1924.6945135439998,742.0,2271937.0,2234654.778290303,2237040.0
1790556772.0,33.0,0.0,,17.0,,91.0,1.0,579.0,114.0,50.0,131.0,114.0,,0.0,,17.0,1924.6945823239998,743.0,2271937.0,2271937.0,2237040.0
1790556774.7,33.0,0.0,,17.0,,91.0,1.0,581.0,114.0,50.0,131.0,114.0,,0.0,,17.0,1924.694763753,745.0,2316330.0,2316330.0,2237040.0
1790556777.4,32.0,1.0,,17.0,,91.0,1.0,581.0,114.0,50.0,131.0,114.0,,0.0,,17.0,1924.694763753,745.0,2314593.0,2263200.2896617455,2237040.0
1790556780.2,31.0,1.0,,18.0,,91.0,1.0,583.0,114.0,50.0,132.0,114.0,,0.0,,18.0,1924.694948403,747.0,2196893.0,2183507.5768668186,2237040.0
1790556782.9,33.0,0.0,,17.0,,92.0,1.0,585.0,115.0,50.0,132.0,115.0,,0.0,,17.0,1935.977815533,750.0,2261853.0,2261853.0,2237040.0
1790556785.6,32.0,1.0,,17.0,,92.0,1.0,586.0,115.0,50.0,132.0,115.0,,0.0,,17.0,1935.977940883,751.0,2262473.0,2246655.013669377,2237040.0
1790556788.3,31.0,2.0,,17.0,,92.0,1.0,587.0,115.0,50.0,132.0,115.0,,0.0,,17.0,1935.978016154,752.0,2263181.0,2207396.3424843103,2237040.0
1790556791.0,32.0,0.0,,18.0,,92.0,1.0,589.0,115.0,50.0,133.0,115.0,,0.0,,18.0,1935.978326334,754.0,2227415.0,2227415.0,2237040.0
1790556793.7,32.0,0.0,,18.0,,92.0,1.0,589.0,115.0,50.0,133.0,115.0,,0.0,,18.0,1935.978326334,754.0,2227415.0,2227415.0,2237040.0
1790556796.4,32.0,0.0,,18.0,,92.0,1.0,590.0,115.0,50.0,133.0,115.0,,0.0,,18.0,1935.978440354,755.0,2227590.0,2227590.0,2237040.0
1790556799.1,31.0,1.0,,18.0,,93.0,1.0,590.0,116.0,50.0,134.0,116.0,,0.0,,17.0,1943.816732028,756.0,2207583.0,2201716.8883917388,2237040.0
1790556801.9,32.0,1.0,,17.0,,93.0,1.0,593.0,117.0,50.0,134.0,117.0,,0.0,,17.0,1944.4747320069998,760.0,2232769.0,2195182.5168643575,2237040.0
1790556804.6,32.0,1.0,,17.0,,93.0,1.0,593.0,117.0,50.0,134.0,117.0,,0.0,,17.0,1944.4747320069998,760.0,2233330.0,2208099.2113334555,2237040.0
1790556807.3,33.0,0.0,,17.0,,93.0,1.0,595.0,117.0,50.0,134.0,117.0,,0.0,,17.0,1944.474984707,762.0,2233834.0,2233834.0,2237040.0
1790556810.0,33.0,0.0,,17.0,,94.0,1.0,595.0,118.0,50.0,135.0,118.0,,0.0,,16.0,1973.265193172,763.0,2180411.0,2180411.0,2237040.0
1790556812.7,33.0,0.0,,17.0,,94.0,1.0,597.0,118.0,50.0,135.0,118.0,,0.0,,16.0,1973.2654140309999,765.0,2183587.0,2183587.0,2237040.0
1790556815.4,34.0,0.0,,16.0,,95.0,1.0,599.0,119.0,50.0,135.0,119.0,,0.0,,15.0,2226.877722913,768.0,2262166.0,2262166.0,2237040.0
1790556818.1,32.0,2.0,,16.0,,95.0,1.0,601.0,119.0,50.0,135.0,119.0,,0.0,,16.0,2226.8780722819997,770.0,2216376.0,2198795.1464792676,2237040.0
1790556820.8,33.0,0.0,,17.0,,95.0,1.0,602.0,119.0,50.0,136.0,119.0,,0.0,,17.0,2226.8781815019997,771.0,2207291.0,2207291.0,2237040.0
1790556823.5,33.0,1.0,,16.0,,95.0,1.0,604.0,120.0,50.0,136.0,120.0,,0.0,,16.0,2227.620018906,774.0,2268746.0,2243162.9182420555,2237040.0
1790556826.2,32.0,1.0,,17.0,,95.0,1.0,604.0,120.0,50.0,137.0,120.0,,0.0,,16.0,2227.620018906,774.0,2231589.0,2184617.6068088836,2237040.0
1790556828.9,32.0,2.0,,16.0,,95.0,1.0,605.0,121.0,50.0,138.0,121.0,,0.0,,16.0,2227.620237306,776.0,2275727.0,2196298.1795220966,2237040.0
1790556831.6,34.0,0.0,,16.0,,96.0,1.0,606.0,122.0,50.0,138.0,122.0,,0.0,,15.0,2240.196399265,778.0,2286574.0,2286574.0,2237040.0
1790556834.3,34.0,0.0,,16.0,,96.0,1.0,608.0,122.0,50.0,138.0,122.0,,0.0,,15.0,2240.1966197849997,780.0,2290941.0,2290941.0,2237040.0
1790556837.0,34.0,0.0,,16.0,,96.0,1.0,609.0,122.0,50.0,138.0,122.0,,0.0,,15.0,2240.196867105,781.0,2291970.0,2291970.0,2237040.0
1790556839.7,33.0,0.0,,17.0,,96.0,1.0,611.0,122.0,50.0,139.0,122.0,,0.0,,16.0,2240.197070895,783.0,2238945.0,2238945.0,2237040.0
1790556842.4,34.0,1.0,,16.0,,97.0,1.0,615.0,123.0,51.0,139.0,123.0,,0.0,,15.0,2242.437984177,789.0,2342672.0,2301808.2508302536,2237040.0
1790556845.1,34.0,0.0,,17.0,,97.0,1.0,616.0,123.0,51.0,140.0,123.0,,0.0,,15.0,2242.438070007,790.0,2290382.0,2290382.0,2237040.0
1790556847.8,33.0,1.0,,17.0,,97.0,1.0,616.0,123.0,51.0,140.0,123.0,,0.0,,16.0,2242.438070007,790.0,2290428.0,2263633.703603143,2237040.0
1790556850.5,32.0,0.0,,19.0,,97.0,1.0,617.0,123.0,51.0,142.0,123.0,,0.0,,17.0,2242.4381965469997,791.0,2204879.0,2204879.0,2237040.0
1790556853.3,31.0,2.0,,18.0,,98.0,1.0,617.0,124.0,51.0,142.0,124.0,,0.0,,16.0,2245.7414039729997,792.0,2244245.0,2209318.899910272,2237040.0
1790556856.0,32.0,1.0,,18.0,,100.0,1.0,619.0,127.0,51.0,144.0,127.0,,0.0,,15.0,2917.724372372,797.0,2287396.0,2224031.3355810666,2237040.0
1790556858.7,33.0,1.0,,17.0,,100.0,1.0,620.0,127.0,51.0,144.0,127.0,,0.0,,15.0,2917.724440612,798.0,2329003.0,2256865.554606078,2237040.0
1790556861.4,32.0,2.0,,17.0,,100.0,1.0,621.0,127.0,51.0,144.0,127.0,,0.0,,16.0,2917.7245338919997,799.0,2334155.0,2275216.8397717103,2237040.0
1790556864.1,34.0,0.0,,17.0,,100.0,1.0,623.0,127.0,51.0,144.0,127.0,,0.0,,16.0,2917.724747702,801.0,2336951.0,2336951.0,2237040.0
1790556866.8,33.0,1.0,,17.0,,100.0,1.0,623.0,127.0,51.0,144.0,127.0,,0.0,,16.0,2917.724747702,801.0,2336713.0,2318622.7621541703,2237040.0
1790556869.5,34.0,0.0,,17.0,,100.0,1.0,625.0,127.0,51.0,144.0,127.0,,0.0,,16.0,2917.7249437719997,803.0,2343489.0,2343489.0,2237040.0
1790556872.2,34.0,0.0,,17.0,,100.0,1.0,625.0,127.0,51.0,144.0,127.0,,0.0,,16.0,2917.7249437719997,803.0,2343489.0,2343489.0,2237040.0
1790556875.0,33.0,0.0,,18.0,,100.0,1.0,626.0,127.0,51.0,145.0,127.0,,0.0,,17.0,2917.7250534219997,804.0,2280184.0,2280184.0,2237040.0
1790556877.7,33.0,0.0,,18.0,,100.0,1.0,626.0,127.0,51.0,145.0,127.0,,0.0,,17.0,2917.7250534219997,804.0,2280184.0,2280184.0,2237040.0
1790556880.4,33.0,0.0,,18.0,,100.0,1.0,626.0,127.0,51.0,145.0,127.0,,0.0,,17.0,2917.7250534219997,804.0,2280184.0,2280184.0,2237040.0
1790556883.1,33.0,0.0,,18.0,,100.0,1.0,627.0,127.0,51.0,145.0,127.0,,0.0,,17.0,2917.7251415319997,805.0,2285501.0,2285501.0,2237040.0
1790556885.8,33.0,0.0,,18.0,,100.0,1.0,628.0,127.0,51.0,145.0,127.0,,0.0,,17.0,2917.725261082,806.0,2288520.0,2288520.0,2237040.0
1790556888.5,32.0,1.0,,18.0,,100.0,1.0,628.0,127.0,51.0,145.0,127.0,,0.0,,17.0,2917.725261082,806.0,2289193.0,2276719.3029370294,2237040.0
1790556891.2,32.0,0.0,,19.0,,100.0,1.0,629.0,127.0,51.0,146.0,127.0,,0.0,,17.0,2917.725350962,807.0,2218670.0,2218670.0,2237040.0
1790556893.9,32.0,0.0,,19.0,,100.0,1.0,632.0,127.0,51.0,146.0,127.0,,0.0,,17.0,2917.725647581,810.0,2230166.0,2230166.0,2237040.0
1790556896.7,31.0,1.0,,19.0,,101.0,1.0,633.0,128.0,52.0,146.0,128.0,,0.0,,17.0,2939.182342922,813.0,2229267.0,2206072.027588079,2237040.0
1790556899.4,33.0,0.0,,19.0,,101.0,1.0,635.0,128.0,52.0,147.0,128.0,,0.0,,17.0,2939.182528662,815.0,2228272.0,2228272.0,2237040.0
1790556902.1,33.0,0.0,,19.0,,101.0,1.0,637.0,128.0,52.0,147.0,128.0,,0.0,,17.0,2939.1827037129997,817.0,2228973.0,2228973.0,2237040.0
1790556904.8,32.0,1.0,,19.0,,102.0,1.0,638.0,129.0,52.0,148.0,129.0,,0.0,,17.0,2988.833814219,819.0,2209962.0,2209748.9802927542,2237040.0
1790556907.6,34.0,0.0,,18.0,,103.0,1.0,640.0,130.0,52.0,148.0,130.0,,0.0,,17.0,3033.277307296,822.0,2269476.0,2269476.0,2237040.0
1790556910.3,33.0,0.0,,19.0,,103.0,1.0,642.0,130.0,52.0,149.0,130.0,,0.0,,18.0,3033.2775499259997,824.0,2248430.0,2248430.0,2237040.0
1790556913.0,33.0,0.0,,19.0,,103.0,1.0,644.0,130.0,52.0,149.0,130.0,,0.0,,18.0,3033.277761626,826.0,2248996.0,2248996.0,2237040.0
1790556915.8,32.0,1.0,,19.0,,103.0,1.0,645.0,130.0,52.0,149.0,130.0,,0.0,,18.0,3033.277855576,827.0,2255797.0,2251692.9103708174,2237040.0
1790556918.5,31.0,2.0,,19.0,,104.0,1.0,646.0,131.0,52.0,149.0,131.0,,0.0,,17.0,3042.5737297299997,829.0,2259370.0,2225740.917945687,2237040.0
1790556921.2,33.0,0.0,,19.0,,104.0,1.0,648.0,131.0,52.0,150.0,131.0,,0.0,,17.0,3042.5739095199997,831.0,2294945.0,2294945.0,2237040.0
1790556924.0,33.0,0.0,,19.0,,104.0,1.0,649.0,131.0,52.0,150.0,131.0,,0.0,,18.0,3042.57399147,832.0,2297466.0,2297466.0,2237040.0
1790556926.8,33.0,0.0,,19.0,,104.0,1.0,649.0,131.0,52.0,150.0,131.0,,0.0,,18.0,3042.57399147,832.0,2297466.0,2297466.0,2237040.0
1790556929.5,33.0,0.0,,19.0,,104.0,1.0,650.0,131.0,52.0,150.0,131.0,,0.0,,18.0,3042.57406642,833.0,2311381.0,2311381.0,2237040.0
1790556932.2,33.0,0.0,,19.0,,104.0,1.0,652.0,131.0,52.0,150.0,131.0,,0.0,,18.0,3042.57424572,835.0,2313040.0,2313040.0,2237040.0
1790556934.9,32.0,1.0,,19.0,,104.0,1.0,652.0,131.0,52.0,150.0,131.0,,0.0,,18.0,3042.57424572,835.0,2314042.0,2306285.4290064173,2237040.0
1790556937.7,32.0,2.0,,18.0,,105.0,1.0,654.0,132.0,52.0,150.0,132.0,,0.0,,17.0,3056.308950518,838.0,2336592.0,2197441.4801835045,2237040.0
1790556940.4,33.0,0.0,,19.0,,105.0,1.0,655.0,132.0,52.0,151.0,132.0,,0.0,,17.0,3056.309040968,839.0,2222092.0,2222092.0,2237040.0
1790556943.1,33.0,0.0,,19.0,,105.0,1.0,657.0,132.0,52.0,151.0,132.0,,0.0,,18.0,3056.309216148,841.0,2242429.0,2242429.0,2237040.0
1790556945.9,32.0,1.0,,19.0,,107.0,1.0,658.0,134.0,52.0,152.0,134.0,,0.0,,16.0,3136.942452327,844.0,2205060.0,2167388.8077418427,2237040.0
1790556948.6,34.0,0.0,,18.0,,107.0,1.0,659.0,134.0,52.0,152.0,134.0,,0.0,,17.0,3136.942607617,845.0,2279956.0,2279956.0,2237040.0
1790556951.3,34.0,0.0,,18.0,,107.0,1.0,660.0,134.0,52.0,152.0,134.0,,0.0,,17.0,3136.9426819669998,846.0,2282141.0,2282141.0,2237040.0
1790556954.2,34.0,0.0,,18.0,,107.0,1.0,661.0,134.0,52.0,152.0,134.0,,0.0,,17.0,3136.942792107,847.0,2284583.0,2284583.0,2237040.0
1790556956.9,33.0,1.0,,18.0,,107.0,1.0,662.0,134.0,52.0,152.0,134.0,,0.0,,17.0,3136.942923187,848.0,2285183.0,2236822.0292284675,2237040.0
1790556959.6,34.0,0.0,,18.0,,107.0,1.0,663.0,134.0,52.0,152.0,134.0,,0.0,,17.0,3136.943034987,849.0,2287123.0,2287123.0,2237040.0
1790556962.3,34.0,0.0,,18.0,,107.0,1.0,666.0,134.0,52.0,152.0,134.0,,0.0,,17.0,3136.943408487,852.0,2297734.0,2297734.0,2237040.0
1790556965.1,34.0,0.0,,18.0,,107.0,1.0,667.0,134.0,52.0,152.0,134.0,,0.0,,17.0,3136.943531197,853.0,2296179.0,2296179.0,2237040.0
1790556967.8,34.0,0.0,,18.0,,107.0,1.0,670.0,134.0,52.0,152.0,134.0,,0.0,,17.0,3136.943831179,856.0,2297823.0,2297823.0,2237040.0
1790556970.5,33.0,1.0,,18.0,,107.0,1.0,671.0,134.0,52.0,152.0,134.0,,0.0,,17.0,3136.943931639,857.0,2300903.0,2259972.514471921,2237040.0
1790556973.2,34.0,0.0,,18.0,,107.0,1.0,672.0,134.0,52.0,152.0,134.0,,0.0,,17.0,3136.9440521389997,858.0,2302861.0,2302861.0,2237040.0
1790556976.0,33.0,0.0,,19.0,,107.0,1.0,672.0,134.0,52.0,153.0,134.0,,0.0,,18.0,3136.9440521389997,858.0,2251652.0,2251652.0,2237040.0
1790556978.7,33.0,0.0,,19.0,,107.0,1.0,673.0,134.0,52.0,153.0,134.0,,0.0,,18.0,3136.944164569,859.0,2251652.0,2251652.0,2237040.0
1790556981.4,33.0,1.0,,18.0,,109.0,1.0,675.0,136.0,52.0,154.0,136.0,,0.0,,17.0,3173.744795405,863.0,2266334.0,2245248.8985064826,2237040.0
1790556984.1,33.0,1.0,,18.0,,109.0,1.0,677.0,136.0,52.0,154.0,136.0,,0.0,,17.0,3173.7450136059997,865.0,2266730.0,2242967.190248979,2237040.0
1790556986.9,34.0,0.0,,18.0,,109.0,1.0,678.0,136.0,52.0,154.0,136.0,,0.0,,17.0,3173.745100656,866.0,2268382.0,2268382.0,2237040.0
1790556989.6,32.0,1.0,,19.0,,109.0,1.0,679.0,136.0,52.0,155.0,136.0,,0.0,,18.0,3151.4829296069997,852.0,2202284.0,2197397.7972087944,2237040.0
1790556992.3,33.0,1.0,,18.0,,110.0,1.0,679.0,137.0,52.0,155.0,137.0,,0.0,,17.0,3152.849551902,853.0,2270264.0,2216767.6716244523,2237040.0
1790556995.0,33.0,0.0,,19.0,,110.0,1.0,679.0,137.0,52.0,156.0,137.0,,0.0,,18.0,3152.849551902,853.0,2209835.0,2209835.0,2237040.0
1790556997.8,32.0,1.0,,19.0,,110.0,1.0,679.0,137.0,52.0,156.0,137.0,,0.0,,18.0,3152.849551902,853.0,2210296.0,2190119.373826188,2237040.0
1790557000.5,33.0,0.0,,19.0,,111.0,1.0,680.0,138.0,52.0,157.0,138.0,,0.0,,17.0,3156.905687562,855.0,2230930.0,2230930.0,2237040.0
1790557003.2,33.0,0.0,,19.0,,111.0,1.0,681.0,138.0,52.0,157.0,138.0,,0.0,,18.0,3156.905823472,856.0,2230971.0,2230971.0,2237040.0
1790557005.9,31.0,2.0,,19.0,,112.0,1.0,684.0,139.0,52.0,157.0,139.0,,0.0,,17.0,3159.325619161,860.0,2235598.0,2177246.382316636,2237040.0
1790557008.7,33.0,1.0,,18.0,,112.0,1.0,685.0,139.0,52.0,157.0,139.0,,0.0,,17.0,3159.325686831,861.0,2299378.0,2234187.687969421,2237040.0
1790557011.4,34.0,0.0,,18.0,,112.0,1.0,686.0,139.0,52.0,157.0,139.0,,0.0,,17.0,3159.325792231,862.0,2300316.0,2300316.0,2237040.0
1790557014.1,33.0,1.0,,18.0,,112.0,1.0,687.0,139.0,52.0,158.0,139.0,,0.0,,17.0,3159.325905011,863.0,2336677.0,2327939.163024058,2237040.0
1790557016.8,30.0,3.0,,19.0,,112.0,1.0,690.0,139.0,52.0,158.0,139.0,,0.0,,18.0,3159.326196891,866.0,2301736.0,2261746.308564773,2237040.0
1790557019.6,32.0,0.0,,20.0,,113.0,1.0,694.0,140.0,52.0,160.0,140.0,,0.0,,17.0,3163.648080392,871.0,2226190.0,2226190.0,2237040.0
1790557022.3,32.0,1.0,,19.0,,113.0,1.0,695.0,141.0,52.0,160.0,141.0,,0.0,,17.0,3164.5084579689997,873.0,2251690.0,2235791.9451021818,2237040.0
1790557025.0,31.0,1.0,,20.0,,115.0,1.0,696.0,143.0,52.0,163.0,143.0,,0.0,,15.0,4414.451120365,876.0,2263540.0,2224283.6085289763,2237040.0
1790557027.7,31.0,1.0,,20.0,,115.0,1.0,698.0,143.0,52.0,163.0,143.0,,0.0,,17.0,4414.451275726,878.0,2272207.0,2240522.4172819485,2237040.0
1790557030.6,32.0,0.0,,20.0,,116.0,1.0,698.0,144.0,52.0,164.0,144.0,,0.0,,16.0,4415.952119783,879.0,2232412.0,2232412.0,2237040.0
1790557033.3,32.0,0.0,,20.0,,116.0,1.0,700.0,144.0,52.0,164.0,144.0,,0.0,,18.0,4415.952253723,881.0,2246443.0,2246443.0,2237040.0
1790557036.1,32.0,0.0,,20.0,,116.0,1.0,700.0,144.0,52.0,164.0,144.0,,0.0,,18.0,4415.952253723,881.0,2246443.0,2246443.0,2237040.0
1790557038.8,30.0,2.0,,20.0,,117.0,1.0,705.0,145.0,52.0,166.0,145.0,,0.0,,17.0,4424.140205305,887.0,2266061.0,2219399.201300826,2237040.0
1790557041.6,31.0,0.0,,21.0,,117.0,1.0,706.0,145.0,52.0,166.0,145.0,,0.0,,17.0,4424.140263343999,888.0,2230867.0,2230867.0,2237040.0
1790557044.3,31.0,0.0,,21.0,,118.0,1.0,706.0,147.0,52.0,168.0,147.0,,0.0,,16.0,4433.727550959,890.0,2223013.0,2223013.0,2237040.0
1790557047.0,31.0,0.0,,21.0,,118.0,1.0,706.0,147.0,52.0,168.0,147.0,,0.0,,18.0,4433.727550959,890.0,2223013.0,2223013.0,2237040.0
1790557049.7,31.0,0.0,,21.0,,119.0,1.0,706.0,148.0,52.0,169.0,148.0,,0.0,,17.0,4435.180875448999,891.0,2183830.0,2183830.0,2237040.0
1790557052.5,32.0,0.0,,20.0,,120.0,1.0,709.0,149.0,52.0,169.0,149.0,,0.0,,17.0,4460.955300609,895.0,2249704.0,2249704.0,2237040.0
1790557055.2,32.0,0.0,,20.0,,120.0,1.0,710.0,149.0,52.0,169.0,149.0,,0.0,,17.0,4460.955349209,896.0,2250020.0,2250020.0,2237040.0
1790557057.9,31.0,1.0,,20.0,,120.0,1.0,713.0,149.0,52.0,169.0,149.0,,0.0,,18.0,4460.955641379,899.0,2254607.0,2246106.2102433615,2237040.0
1790557060.6,30.0,1.0,,21.0,,122.0,1.0,714.0,151.0,52.0,172.0,151.0,,0.0,,18.0,4471.91659464,902.0,2234995.0,2234930.6417678287,2237040.0
1790557063.4,31.0,0.0,,21.0,,122.0,1.0,714.0,151.0,52.0,172.0,151.0,,0.0,,19.0,4471.91659464,902.0,2234995.0,2234995.0,2237040.0
1790557066.1,30.0,2.0,,20.0,,123.0,1.0,716.0,152.0,52.0,172.0,152.0,,0.0,,18.0,4478.227495657,905.0,2261892.0,2228707.0668603117,2237040.0
1790557068.8,31.0,1.0,,20.0,,123.0,1.0,719.0,152.0,52.0,173.0,152.0,,0.0,,18.0,4478.2277506479995,908.0,2267005.0,2209664.407266983,2237040.0
1790557071.5,30.0,2.0,,20.0,,124.0,1.0,719.0,153.0,52.0,173.0,153.0,,0.0,,17.0,4503.541711356999,909.0,2286690.0,2228655.3816219266,2237040.0
1790557074.2,31.0,0.0,,21.0,,124.0,1.0,721.0,153.0,52.0,174.0,153.0,,0.0,,18.0,4503.541851757,911.0,2216626.0,2216626.0,2237040.0
1790557076.9,31.0,1.0,,20.0,,125.0,1.0,724.0,154.0,52.0,174.0,154.0,,0.0,,17.0,4507.774983384,915.0,2279277.0,2249976.9671314443,2237040.0
1790557079.6,31.0,0.0,,21.0,,125.0,1.0,724.0,154.0,52.0,175.0,154.0,,0.0,,18.0,4507.774983384,915.0,2234318.0,2234318.0,2237040.0
1790557082.4,30.0,2.0,,20.0,,125.0,1.0,726.0,155.0,52.0,175.0,155.0,,0.0,,18.0,4508.148498281,918.0,2285115.0,2221352.9106103117,2237040.0
1790557085.1,31.0,0.0,,21.0,,126.0,1.0,728.0,156.0,52.0,177.0,156.0,,0.0,,17.0,4513.915004124,921.0,2224556.0,2224556.0,2237040.0
1790557087.8,28.0,3.0,,21.0,,127.0,1.0,730.0,157.0,52.0,177.0,157.0,,0.0,,17.0,4541.545594778,924.0,2224701.0,2168321.401331435,2237040.0
1790557090.5,31.0,0.0,,21.0,,128.0,1.0,731.0,158.0,52.0,179.0,158.0,,0.0,,16.0,4544.995354354,926.0,2291594.0,2291594.0,2237040.0
1790557093.2,31.0,0.0,,21.0,,128.0,1.0,731.0,158.0,52.0,179.0,158.0,,0.0,,18.0,4544.995354354,926.0,2291594.0,2291594.0,2237040.0
1790557095.9,31.0,0.0,,21.0,,128.0,1.0,732.0,158.0,52.0,179.0,158.0,,0.0,,18.0,4544.995434742999,927.0,2291594.0,2291594.0,2237040.0
1790557098.7,31.0,0.0,,21.0,,128.0,1.0,733.0,158.0,52.0,179.0,158.0,,0.0,,19.0,4544.995622162,928.0,2356347.0,2356347.0,2237040.0
1790557101.4,30.0,1.0,,21.0,,128.0,1.0,735.0,158.0,52.0,179.0,158.0,,0.0,,19.0,4544.995827561999,930.0,2358589.0,2353764.130043138,2237040.0
1790557104.1,29.0,2.0,,21.0,,128.0,1.0,736.0,158.0,52.0,180.0,158.0,,0.0,,19.0,4544.995900100999,931.0,2358908.0,2332344.8942478723,2237040.0
1790557106.8,29.0,1.0,,22.0,,128.0,1.0,737.0,158.0,52.0,180.0,158.0,,0.0,,20.0,4544.996048851,932.0,2328155.0,2322221.074050018,2237040.0
1790557109.5,30.0,0.0,,22.0,,128.0,1.0,739.0,158.0,52.0,180.0,158.0,,0.0,,20.0,4544.996261279,934.0,2339148.0,2339148.0,2237040.0
1790557112.2,30.0,0.0,,22.0,,128.0,1.0,739.0,158.0,52.0,180.0,158.0,,0.0,,20.0,4544.996261279,934.0,2339148.0,2339148.0,2237040.0
1790557114.9,29.0,0.0,,23.0,,128.0,1.0,740.0,158.0,52.0,181.0,158.0,,0.0,,20.0,4544.996331218999,935.0,2266721.0,2266721.0,2237040.0
1790557117.7,27.0,2.0,,23.0,,129.0,1.0,740.0,159.0,52.0,181.0,159.0,,0.0,,19.0,4566.512299743,936.0,2273465.0,2212743.4581978596,2237040.0
1790557120.4,29.0,0.0,,23.0,,129.0,1.0,743.0,159.0,52.0,182.0,159.0,,0.0,,19.0,4566.5126401239995,939.0,2250104.0,2250104.0,2237040.0
1790557123.1,29.0,0.0,,23.0,,129.0,1.0,744.0,159.0,52.0,182.0,159.0,,0.0,,19.0,4566.512758643999,940.0,2256273.0,2256273.0,2237040.0
1790557125.8,29.0,0.0,,23.0,,129.0,1.0,744.0,159.0,52.0,182.0,159.0,,0.0,,19.0,4566.512758643999,940.0,2256604.0,2256604.0,2237040.0
1790557128.5,28.0,2.0,,22.0,,130.0,1.0,744.0,160.0,52.0,182.0,160.0,,0.0,,19.0,4589.339383855,941.0,2294097.0,2213499.286109303,2237040.0
1790557131.2,29.0,1.0,,22.0,,131.0,1.0,744.0,161.0,52.0,183.0,161.0,,0.0,,18.0,4626.131950747,942.0,2285944.0,2225945.6950446432,2237040.0
1790557134.0,29.0,1.0,,22.0,,131.0,1.0,745.0,162.0,52.0,184.0,162.0,,0.0,,18.0,4626.132011195999,943.0,2287829.0,2220002.56459497,2237040.0
1790557136.7,30.0,0.0,,22.0,,131.0,1.0,746.0,162.0,52.0,184.0,162.0,,0.0,,19.0,4626.943834175,945.0,2281075.0,2281075.0,2237040.0
1790557139.4,30.0,0.0,,22.0,,131.0,1.0,748.0,162.0,52.0,184.0,162.0,,0.0,,19.0,4626.944022584999,947.0,2293271.0,2293271.0,2237040.0
1790557142.1,28.0,2.0,,22.0,,131.0,1.0,749.0,162.0,52.0,184.0,162.0,,0.0,,19.0,4626.944107734999,948.0,2295091.0,2281344.2495609904,2237040.0
1790557144.8,29.0,0.0,,23.0,,131.0,1.0,750.0,162.0,52.0,185.0,162.0,,0.0,,19.0,4626.944172404,949.0,2254215.0,2254215.0,2237040.0
1790557147.5,29.0,0.0,,23.0,,131.0,1.0,752.0,162.0,52.0,185.0,162.0,,0.0,,19.0,4626.944316104,951.0,2259782.0,2259782.0,2237040.0
1790557150.3,29.0,0.0,,23.0,,131.0,1.0,752.0,162.0,52.0,185.0,162.0,,0.0,,20.0,4626.944316104,951.0,2259782.0,2259782.0,2237040.0
1790557153.0,26.0,3.0,,23.0,,132.0,1.0,753.0,163.0,52.0,185.0,163.0,,0.0,,19.0,4631.330972168,953.0,2261748.0,2222579.4259054647,2237040.0
1790557155.7,30.0,0.0,,22.0,,133.0,1.0,755.0,164.0,52.0,186.0,164.0,,0.0,,18.0,4694.562261962,956.0,2297252.0,2297252.0,2237040.0
1790557158.4,30.0,0.0,,22.0,,133.0,1.0,757.0,164.0,52.0,186.0,164.0,,0.0,,19.0,4694.562462661999,958.0,2240802.0,2240802.0,2237040.0
1790557161.1,30.0,0.0,,22.0,,133.0,1.0,757.0,164.0,52.0,186.0,164.0,,0.0,,19.0,4694.562462661999,958.0,2240802.0,2240802.0,2237040.0
1790557163.9,30.0,0.0,,22.0,,133.0,1.0,759.0,164.0,52.0,186.0,164.0,,0.0,,19.0,4694.562657162,960.0,2269140.0,2269140.0,2237040.0
1790557166.6,29.0,1.0,,22.0,,133.0,1.0,760.0,164.0,52.0,186.0,164.0,,0.0,,19.0,4694.5627615719995,961.0,2273142.0,2261105.4133757493,2237040.0
1790557169.3,30.0,0.0,,22.0,,133.0,1.0,762.0,164.0,52.0,186.0,164.0,,0.0,,19.0,4694.562971492,963.0,2273337.0,2273337.0,2237040.0
1790557172.1,30.0,0.0,,22.0,,133.0,1.0,762.0,164.0,52.0,186.0,164.0,,0.0,,19.0,4694.562971492,963.0,2273337.0,2273337.0,2237040.0
1790557174.8,29.0,1.0,,22.0,,133.0,1.0,763.0,164.0,52.0,186.0,164.0,,0.0,,19.0,4694.563074363,964.0,2284952.0,2269251.4426001236,2237040.0
1790557177.5,28.0,2.0,,22.0,,133.0,1.0,767.0,164.0,52.0,186.0,164.0,,0.0,,19.0,4694.563516413,968.0,2292129.0,2205268.456883203,2237040.0
1790557180.1,29.0,0.0,,23.0,,133.0,1.0,769.0,164.0,52.0,187.0,164.0,,0.0,,20.0,4694.5637028129995,970.0,2233633.0,2233633.0,2237040.0
1790557182.9,30.0,0.0,,22.0,,133.0,1.0,771.0,165.0,52.0,187.0,165.0,,0.0,,19.0,4695.550389602,973.0,2320976.0,2320976.0,2237040.0
1790557185.6,29.0,1.0,,22.0,,133.0,1.0,771.0,165.0,52.0,187.0,165.0,,0.0,,19.0,4695.550389602,973.0,2321185.0,2285432.7878829204,2237040.0
1790557188.3,29.0,1.0,,22.0,,133.0,1.0,772.0,165.0,52.0,187.0,165.0,,0.0,,19.0,4695.550443952,974.0,2321185.0,2253908.85452153,2237040.0
1790557191.0,27.0,1.0,,24.0,,133.0,1.0,773.0,165.0,52.0,189.0,165.0,,0.0,,20.0,4695.550525981999,975.0,2214118.0,2197778.498729714,2237040.0
1790557193.7,27.0,2.0,,23.0,,134.0,1.0,774.0,166.0,52.0,189.0,166.0,,0.0,,19.0,4753.128940506999,977.0,2289088.0,2209916.9498028513,2237040.0
1790557196.4,28.0,1.0,,23.0,,135.0,1.0,774.0,167.0,52.0,190.0,167.0,,0.0,,19.0,4821.344376599,978.0,2298574.0,2223549.7837795024,2237040.0
1790557199.1,29.0,0.0,,23.0,,135.0,1.0,776.0,167.0,52.0,190.0,167.0,,0.0,,20.0,4821.344579359999,980.0,2299394.0,2299394.0,2237040.0
1790557201.8,29.0,0.0,,23.0,,135.0,1.0,776.0,167.0,52.0,190.0,167.0,,0.0,,20.0,4821.344579359999,980.0,2299394.0,2299394.0,2237040.0
1790557204.6,29.0,0.0,,23.0,,135.0,1.0,776.0,167.0,52.0,190.0,167.0,,0.0,,20.0,4821.344579359999,980.0,2299394.0,2299394.0,2237040.0
1790557207.3,29.0,0.0,,23.0,,135.0,1.0,777.0,167.0,52.0,190.0,167.0,,0.0,,20.0,4821.34473369,981.0,2304117.0,2304117.0,2237040.0
1790557210.0,29.0,0.0,,23.0,,135.0,1.0,777.0,167.0,52.0,190.0,167.0,,0.0,,20.0,4821.34473369,981.0,2304117.0,2304117.0,2237040.0
1790557212.7,29.0,0.0,,23.0,,135.0,1.0,779.0,167.0,52.0,190.0,167.0,,0.0,,20.0,4821.3449394,983.0,2305035.0,2305035.0,2237040.0
1790557215.4,28.0,1.0,,23.0,,135.0,1.0,779.0,167.0,52.0,190.0,167.0,,0.0,,20.0,4821.3449394,983.0,2307396.0,2288253.3145571705,2237040.0
1790557218.1,27.0,2.0,,23.0,,137.0,1.0,780.0,169.0,52.0,190.0,169.0,,0.0,,18.0,4862.725888025,986.0,2306042.0,2209107.7070710966,2237040.0
1790557220.8,30.0,0.0,,22.0,,137.0,1.0,782.0,169.0,52.0,191.0,169.0,,0.0,,18.0,4862.726121205,988.0,2269526.0,2269526.0,2237040.0
1790557223.5,30.0,0.0,,22.0,,137.0,1.0,782.0,169.0,52.0,191.0,169.0,,0.0,,19.0,4862.726121205,988.0,2269526.0,2269526.0,2237040.0
1790557226.2,30.0,0.0,,22.0,,137.0,1.0,782.0,169.0,52.0,191.0,169.0,,0.0,,19.0,4862.726121205,988.0,2269526.0,2269526.0,2237040.0
1790557228.9,29.0,1.0,,22.0,,137.0,1.0,782.0,169.0,52.0,192.0,169.0,,0.0,,19.0,4862.726121205,988.0,2268926.0,2264120.3475078,2237040.0
1790557231.7,29.0,1.0,,22.0,,137.0,1.0,785.0,170.0,52.0,192.0,170.0,,0.0,,19.0,4862.836219129,992.0,2277767.0,2226651.16696194,2237040.0
1790557234.4,28.0,1.0,,23.0,,137.0,1.0,787.0,170.0,52.0,193.0,170.0,,0.0,,20.0,4862.836444089,994.0,2237512.0,2221883.4494168116,2237040.0
1790557237.1,28.0,2.0,,22.0,,139.0,1.0,788.0,172.0,52.0,193.0,172.0,,0.0,,18.0,4879.363640174,997.0,2284372.0,2231936.433327521,2237040.0
1790557239.8,30.0,0.0,,22.0,,139.0,1.0,789.0,172.0,52.0,194.0,172.0,,0.0,,18.0,4879.363724324,998.0,2287149.0,2287149.0,2237040.0
1790557242.5,30.0,0.0,,22.0,,139.0,1.0,790.0,172.0,52.0,194.0,172.0,,0.0,,18.0,4879.363836443999,999.0,2287149.0,2287149.0,2237040.0
1790557245.3,30.0,0.0,,22.0,,139.0,1.0,791.0,172.0,52.0,194.0,172.0,,0.0,,19.0,4879.364093364,1000.0,2287538.0,2287538.0,2237040.0
1790557248.0,30.0,0.0,,22.0,,139.0,1.0,792.0,172.0,52.0,194.0,172.0,,0.0,,19.0,4879.364153183999,1001.0,2289224.0,2289224.0,2237040.0
1790557250.7,29.0,1.0,,22.0,,139.0,1.0,794.0,172.0,52.0,194.0,172.0,,0.0,,19.0,4879.364329233999,1003.0,2259862.0,2252478.9392304877,2237040.0
1790557253.4,29.0,1.0,,22.0,,139.0,1.0,796.0,172.0,52.0,194.0,172.0,,0.0,,19.0,4879.364588724,1005.0,2266789.0,2208811.089612494,2237040.0
1790557256.1,29.0,0.0,,23.0,,139.0,1.0,797.0,172.0,52.0,195.0,172.0,,0.0,,19.0,4879.3647101139995,1006.0,2194314.0,2194314.0,2237040.0
1790557258.9,29.0,0.0,,23.0,,139.0,1.0,798.0,172.0,52.0,195.0,172.0,,0.0,,20.0,4879.364798453999,1007.0,2196687.0,2196687.0,2237040.0
1790557261.6,28.0,2.0,,22.0,,140.0,1.0,798.0,173.0,52.0,195.0,173.0,,0.0,,19.0,4881.539921889,1008.0,2265968.0,2200304.452251899,2237040.0
1790557264.3,31.0,0.0,,21.0,,141.0,1.0,803.0,174.0,52.0,195.0,174.0,,0.0,,18.0,4899.3420087449995,1014.0,2286531.0,2286531.0,2237040.0
1790557267.0,30.0,1.0,,21.0,,141.0,1.0,803.0,174.0,52.0,195.0,174.0,,0.0,,18.0,4899.3420087449995,1014.0,2288028.0,2251506.700084143,2237040.0
1790557269.7,30.0,0.0,,22.0,,141.0,1.0,803.0,174.0,52.0,196.0,174.0,,0.0,,19.0,4899.3420087449995,1014.0,2207355.0,2207355.0,2237040.0
1790557272.5,31.0,0.0,,21.0,,142.0,1.0,804.0,175.0,52.0,196.0,175.0,,0.0,,18.0,5013.489502245,1016.0,2283081.0,2283081.0,2237040.0
1790557275.2,31.0,0.0,,21.0,,142.0,1.0,805.0,175.0,52.0,196.0,175.0,,0.0,,18.0,5013.489604165,1017.0,2285794.0,2285794.0,2237040.0
1790557277.9,31.0,0.0,,21.0,,142.0,1.0,805.0,175.0,52.0,196.0,175.0,,0.0,,18.0,5013.489604165,1017.0,2285794.0,2285794.0,2237040.0
1790557280.6,31.0,0.0,,21.0,,142.0,1.0,805.0,175.0,52.0,196.0,175.0,,0.0,,18.0,5013.489604165,1017.0,2285794.0,2285794.0,2237040.0
1790557283.3,31.0,0.0,,21.0,,142.0,1.0,805.0,175.0,52.0,196.0,175.0,,0.0,,18.0,5013.489604165,1017.0,2285794.0,2285794.0,2237040.0
1790557286.0,30.0,1.0,,21.0,,142.0,1.0,805.0,175.0,52.0,196.0,175.0,,0.0,,18.0,5013.489604165,1017.0,2287262.0,2259522.2344118003,2237040.0
1790557288.7,30.0,1.0,,21.0,,142.0,1.0,806.0,175.0,52.0,196.0,175.0,,0.0,,18.0,4934.620044548999,982.0,2287147.0,2218560.184025568,2237040.0
1790557291.5,31.0,1.0,,20.0,,144.0,1.0,806.0,178.0,52.0,198.0,178.0,,0.0,,16.0,7038.927270551,985.0,2308415.0,2234730.289918959,2237040.0
1790557294.1,32.0,0.0,,20.0,,144.0,1.0,807.0,178.0,52.0,198.0,178.0,,0.0,,16.0,7038.92739483,986.0,2310258.0,2310258.0,2237040.0
1790557296.8,32.0,0.0,,20.0,,144.0,1.0,807.0,178.0,52.0,198.0,178.0,,0.0,,17.0,7038.92739483,986.0,2310258.0,2310258.0,2237040.0
1790557299.5,32.0,0.0,,20.0,,144.0,1.0,809.0,178.0,52.0,198.0,178.0,,0.0,,17.0,7038.927598781,988.0,2308010.0,2308010.0,2237040.0
1790557302.3,32.0,0.0,,20.0,,144.0,1.0,812.0,178.0,52.0,198.0,178.0,,0.0,,17.0,7038.927821591,991.0,2328525.0,2328525.0,2237040.0
1790557305.0,30.0,2.0,,20.0,,144.0,1.0,814.0,178.0,52.0,198.0,178.0,,0.0,,17.0,7038.928021691,993.0,2330820.0,2318808.8379021827,2237040.0
1790557307.7,30.0,2.0,,20.0,,144.0,1.0,816.0,178.0,52.0,198.0,178.0,,0.0,,17.0,7038.928221921,995.0,2332379.0,2206695.162868404,2237040.0
1790557310.4,30.0,1.0,,21.0,,145.0,1.0,816.0,179.0,52.0,200.0,179.0,,0.0,,16.0,7050.8870427,996.0,2298400.0,2221862.7227329477,2237040.0
1790557313.2,30.0,1.0,,21.0,,145.0,1.0,819.0,179.0,52.0,200.0,179.0,,0.0,,17.0,7050.887366631,999.0,2298400.0,2220998.677129674,2237040.0
1790557315.9,31.0,0.0,,21.0,,145.0,1.0,821.0,179.0,52.0,200.0,179.0,,0.0,,18.0,7050.887589501,1001.0,2266831.0,2266831.0,2237040.0
1790557318.7,30.0,1.0,,21.0,,145.0,1.0,823.0,179.0,52.0,200.0,179.0,,0.0,,18.0,7050.887844151,1003.0,2272504.0,2257595.613980606,2237040.0
1790557321.4,31.0,0.0,,21.0,,146.0,1.0,826.0,180.0,52.0,201.0,180.0,,0.0,,17.0,7056.54744515,1007.0,2244082.0,2244082.0,2237040.0
1790557324.2,30.0,1.0,,21.0,,147.0,1.0,828.0,181.0,52.0,202.0,181.0,,0.0,,16.0,7067.233146448,1010.0,2246869.0,2190993.2033449505,2237040.0
1790557326.9,31.0,0.0,,21.0,,147.0,1.0,828.0,181.0,52.0,202.0,181.0,,0.0,,17.0,7067.233146448,1010.0,2231689.0,2231689.0,2237040.0
1790557329.6,31.0,0.0,,21.0,,147.0,1.0,831.0,181.0,52.0,202.0,181.0,,0.0,,17.0,7067.233459598,1013.0,2179907.0,2179907.0,2237040.0
1790557332.3,32.0,0.0,,20.0,,148.0,1.0,833.0,182.0,52.0,202.0,182.0,,0.0,,17.0,7501.536471216,1016.0,2263583.0,2263583.0,2237040.0
1790557335.0,32.0,0.0,,20.0,,148.0,1.0,834.0,182.0,52.0,202.0,182.0,,0.0,,17.0,7501.536702326,1017.0,2263774.0,2263774.0,2237040.0
1790557337.8,31.0,1.0,,20.0,,148.0,1.0,836.0,182.0,52.0,202.0,182.0,,0.0,,17.0,7501.536857495,1019.0,2269041.0,2239995.0083860727,2237040.0
1790557340.6,31.0,0.0,,21.0,,148.0,1.0,838.0,182.0,52.0,203.0,182.0,,0.0,,17.0,7501.537068065,1021.0,2188505.0,2188505.0,2237040.0
1790557343.3,30.0,1.0,,21.0,,149.0,1.0,838.0,183.0,52.0,203.0,183.0,,0.0,,16.0,7514.662797251,1022.0,2186298.0,2177429.4517131103,2237040.0
1790557346.1,31.0,0.0,,21.0,,149.0,1.0,839.0,183.0,52.0,204.0,183.0,,0.0,,17.0,7514.662882591,1023.0,2202130.0,2202130.0,2237040.0
1790557348.8,31.0,0.0,,21.0,,149.0,1.0,840.0,183.0,52.0,204.0,183.0,,0.0,,17.0,7514.662982621,1024.0,2204404.0,2204404.0,2237040.0
1790557351.6,30.0,2.0,,20.0,,150.0,1.0,841.0,184.0,52.0,204.0,184.0,,0.0,,16.0,7520.32396635,1026.0,2285792.0,2207734.9336600164,2237040.0
1790557354.3,31.0,2.0,,19.0,,151.0,1.0,841.0,185.0,52.0,206.0,185.0,,0.0,,15.0,8102.019015676,1027.0,2365245.0,2226547.996847664,2237040.0
1790557357.0,31.0,0.0,,21.0,,151.0,1.0,841.0,185.0,52.0,206.0,185.0,,0.0,,16.0,8102.019015676,1027.0,2206371.0,2206371.0,2237040.0
1790557359.7,29.0,2.0,,21.0,,152.0,1.0,841.0,186.0,52.0,206.0,186.0,,0.0,,16.0,8104.904112657,1028.0,2208192.0,2162841.9940891773,2237040.0
1790557362.5,31.0,1.0,,20.0,,152.0,1.0,842.0,186.0,52.0,206.0,186.0,,0.0,,16.0,8104.904230677,1029.0,2287535.0,2224036.997459708,2237040.0
1790557365.2,30.0,1.0,,21.0,,152.0,1.0,842.0,186.0,52.0,207.0,186.0,,0.0,,16.0,8104.904230677,1029.0,2217170.0,2206058.777600661,2237040.0
1790557367.9,29.0,3.0,,20.0,,154.0,1.0,843.0,188.0,52.0,207.0,188.0,,0.0,,14.0,8154.134742953,1032.0,2295211.0,2160484.5852611763,2237040.0
1790557370.7,30.0,2.0,,21.0,,154.0,1.0,844.0,188.0,53.0,209.0,188.0,,0.0,,14.0,8154.134933444,1034.0,2234170.0,2199730.299333112,2237040.0
1790557373.4,32.0,0.0,,21.0,,154.0,1.0,845.0,188.0,53.0,209.0,188.0,,0.0,,16.0,8154.135041654,1035.0,2234170.0,2234170.0,2237040.0
1790557376.1,32.0,0.0,,21.0,,154.0,1.0,845.0,188.0,53.0,209.0,188.0,,0.0,,16.0,8154.135041654,1035.0,2234170.0,2234170.0,2237040.0
1790557378.9,32.0,0.0,,21.0,,154.0,1.0,847.0,188.0,53.0,209.0,188.0,,0.0,,16.0,8154.135220854,1037.0,2235858.0,2235858.0,2237040.0
1790557381.6,32.0,0.0,,21.0,,154.0,1.0,848.0,188.0,53.0,209.0,188.0,,0.0,,16.0,8154.135291684,1038.0,2270728.0,2270728.0,2237040.0
1790557384.3,32.0,0.0,,21.0,,154.0,1.0,849.0,188.0,53.0,209.0,188.0,,0.0,,16.0,8154.135398374,1039.0,2273508.0,2273508.0,2237040.0
1790557387.1,32.0,0.0,,21.0,,154.0,1.0,850.0,188.0,53.0,209.0,188.0,,0.0,,16.0,8154.135509424,1040.0,2275458.0,2275458.0,2237040.0
1790557389.8,30.0,1.0,,22.0,,155.0,1.0,850.0,189.0,53.0,210.0,189.0,,0.0,,15.0,8173.010230102,1041.0,2209504.0,2175854.4697951563,2237040.0
1790557392.6,31.0,1.0,,21.0,,155.0,1.0,851.0,189.0,53.0,210.0,189.0,,0.0,,15.0,8173.010287153,1042.0,2307915.0,2238839.263166886,2237040.0
1790557395.3,31.0,0.0,,22.0,,155.0,1.0,851.0,189.0,53.0,211.0,189.0,,0.0,,15.0,8173.010287153,1042.0,2233786.0,2233786.0,2237040.0
1790557398.0,31.0,1.0,,21.0,,155.0,1.0,852.0,190.0,53.0,211.0,190.0,,0.0,,16.0,8173.206808661,1044.0,2302217.0,2235903.5212244103,2237040.0
1790557400.8,31.0,0.0,,22.0,,156.0,1.0,852.0,191.0,53.0,213.0,191.0,,0.0,,17.0,8174.560787816,1045.0,2234875.0,2234875.0,2237040.0
1790557403.6,31.0,0.0,,22.0,,156.0,1.0,853.0,191.0,53.0,213.0,191.0,,0.0,,17.0,8174.560862976,1046.0,2236173.0,2236173.0,2237040.0
1790557406.3,31.0,0.0,,22.0,,156.0,1.0,854.0,191.0,53.0,213.0,191.0,,0.0,,17.0,8174.560984776,1047.0,2238374.0,2238374.0,2237040.0
1790557409.0,31.0,1.0,,21.0,,157.0,1.0,856.0,192.0,53.0,214.0,192.0,,0.0,,16.0,8181.663384904,1050.0,2309955.0,2259994.998585048,2237040.0
1790557411.8,31.0,0.0,,22.0,,157.0,1.0,856.0,192.0,53.0,214.0,192.0,,0.0,,16.0,8181.663384904,1050.0,2249889.0,2249889.0,2237040.0
1790557414.5,31.0,0.0,,22.0,,157.0,1.0,857.0,192.0,53.0,214.0,192.0,,0.0,,17.0,8181.663500884,1051.0,2250218.0,2250218.0,2237040.0
1790557417.3,30.0,1.0,,22.0,,157.0,1.0,859.0,192.0,53.0,214.0,192.0,,0.0,,17.0,8181.663655084,1053.0,2250632.0,2228067.029187238,2237040.0
1790557420.0,31.0,0.0,,22.0,,157.0,1.0,859.0,192.0,53.0,214.0,192.0,,0.0,,17.0,8181.663655084,1053.0,2254423.0,2254423.0,2237040.0
1790557422.8,30.0,1.0,,22.0,,157.0,1.0,861.0,192.0,53.0,214.0,192.0,,0.0,,17.0,8181.663852324,1055.0,2256779.0,2255114.138883779,2237040.0
1790557425.5,30.0,1.0,,22.0,,157.0,1.0,861.0,192.0,53.0,214.0,192.0,,0.0,,17.0,8181.663852324,1055.0,2255697.0,2253053.920701551,2237040.0
1790557428.3,31.0,1.0,,21.0,,158.0,1.0,863.0,193.0,53.0,214.0,193.0,,0.0,,16.0,8195.693564551,1058.0,2330256.0,2280630.4251716714,2237040.0
1790557431.0,30.0,1.0,,22.0,,158.0,1.0,863.0,193.0,53.0,215.0,193.0,,0.0,,16.0,8195.693564551,1058.0,2263498.0,2232056.2788318535,2237040.0
1790557433.8,30.0,1.0,,22.0,,158.0,1.0,864.0,193.0,53.0,215.0,193.0,,0.0,,16.0,8195.693647781,1059.0,2263908.0,2200519.5730428356,2237040.0
1790557436.5,30.0,1.0,,22.0,,158.0,1.0,865.0,194.0,53.0,216.0,194.0,,0.0,,17.0,8196.169228162,1061.0,2262330.0,2200717.2028743816,2237040.0
1790557439.3,30.0,1.0,,22.0,,158.0,1.0,866.0,194.0,53.0,217.0,194.0,,0.0,,17.0,8196.169325592,1062.0,2262330.0,2186667.2885740637,2237040.0
1790557442.0,29.0,2.0,,22.0,,159.0,1.0,868.0,195.0,53.0,217.0,195.0,,0.0,,17.0,8201.829237591,1065.0,2259180.0,2202513.770892343,2237040.0
1790557444.8,30.0,0.0,,23.0,,159.0,1.0,869.0,195.0,53.0,218.0,195.0,,0.0,,17.0,8201.82934867,1066.0,2196394.0,2196394.0,2237040.0
1790557447.5,31.0,0.0,,22.0,,160.0,1.0,871.0,196.0,53.0,218.0,196.0,,0.0,,16.0,8206.424799473,1069.0,2278775.0,2278775.0,2237040.0
1790557450.2,31.0,0.0,,22.0,,160.0,1.0,871.0,196.0,53.0,218.0,196.0,,0.0,,17.0,8206.424799473,1069.0,2278775.0,2278775.0,2237040.0
1790557453.0,28.0,3.0,,22.0,,161.0,1.0,873.0,197.0,53.0,218.0,197.0,,0.0,,16.0,8210.018306821,1072.0,2281212.0,2195000.0069047716,2237040.0
1790557455.8,30.0,0.0,,23.0,,161.0,1.0,875.0,197.0,53.0,220.0,197.0,,0.0,,17.0,8210.018528412,1074.0,2210572.0,2210572.0,2237040.0
1790557458.5,30.0,0.0,,23.0,,161.0,1.0,875.0,197.0,53.0,220.0,197.0,,0.0,,18.0,8210.018528412,1074.0,2212010.0,2212010.0,2237040.0
1790557461.3,29.0,2.0,,22.0,,162.0,1.0,878.0,198.0,53.0,220.0,198.0,,0.0,,17.0,8214.771161867,1078.0,2248236.0,2190071.7517818874,2237040.0
1790557464.0,31.0,0.0,,22.0,,162.0,1.0,879.0,198.0,53.0,220.0,198.0,,0.0,,17.0,8214.771256437,1079.0,2279345.0,2279345.0,2237040.0
1790557466.8,31.0,0.0,,22.0,,162.0,1.0,879.0,198.0,53.0,220.0,198.0,,0.0,,17.0,8214.771256437,1079.0,2279345.0,2279345.0,2237040.0
1790557469.6,31.0,0.0,,22.0,,162.0,1.0,881.0,198.0,53.0,220.0,198.0,,0.0,,17.0,8214.771479057,1081.0,2283349.0,2283349.0,2237040.0
1790557472.3,28.0,3.0,,22.0,,162.0,1.0,884.0,198.0,53.0,220.0,198.0,,0.0,,17.0,8214.771728937,1084.0,2286320.0,2252734.991000469,2237040.0
1790557475.1,31.0,0.0,,22.0,,163.0,1.0,887.0,199.0,53.0,221.0,199.0,,0.0,,16.0,8230.888476117,1088.0,2288216.0,2288216.0,2237040.0
1790557477.8,31.0,0.0,,22.0,,163.0,1.0,887.0,199.0,53.0,221.0,199.0,,0.0,,16.0,8230.888476117,1088.0,2288216.0,2288216.0,2237040.0
1790557480.6,29.0,2.0,,22.0,,163.0,1.0,888.0,199.0,53.0,221.0,199.0,,0.0,,17.0,8230.888627447,1089.0,2288234.0,2214419.537054034,2237040.0
1790557483.3,29.0,3.0,,21.0,,164.0,1.0,890.0,200.0,53.0,221.0,200.0,,0.0,,16.0,8233.380545132,1092.0,2379269.0,2218443.77328235,2237040.0
1790557486.1,31.0,0.0,,22.0,,164.0,1.0,891.0,200.0,53.0,222.0,200.0,,0.0,,17.0,8233.380630352,1093.0,2315079.0,2315079.0,2237040.0
1790557488.8,30.0,1.0,,22.0,,164.0,1.0,891.0,200.0,53.0,223.0,200.0,,0.0,,17.0,8233.380630352,1093.0,2315548.0,2312313.074711752,2237040.0
1790557491.5,30.0,0.0,,23.0,,164.0,1.0,891.0,200.0,53.0,223.0,200.0,,0.0,,17.0,8233.380630352,1093.0,2252346.0,2252346.0,2237040.0
1790557494.3,27.0,3.0,,23.0,,165.0,1.0,892.0,202.0,53.0,225.0,202.0,,0.0,,16.0,8242.820112796,1096.0,2256117.0,2191585.1439551497,2237040.0
1790557497.0,30.0,1.0,,22.0,,166.0,1.0,892.0,203.0,53.0,225.0,203.0,,0.0,,16.0,8468.815072676,1097.0,2306310.0,2220276.4366453425,2237040.0
1790557499.7,30.0,0.0,,23.0,,166.0,1.0,892.0,203.0,53.0,226.0,203.0,,0.0,,16.0,8468.815072676,1097.0,2209218.0,2209218.0,2237040.0
1790557502.5,30.0,0.0,,23.0,,166.0,1.0,892.0,203.0,53.0,226.0,203.0,,0.0,,18.0,8468.815072676,1097.0,2209218.0,2209218.0,2237040.0
1790557505.2,30.0,1.0,,22.0,,167.0,1.0,895.0,204.0,53.0,226.0,204.0,,0.0,,17.0,8573.679839379,1101.0,2297883.0,2263031.251231651,2237040.0
1790557507.9,30.0,1.0,,22.0,,167.0,1.0,895.0,204.0,53.0,226.0,204.0,,0.0,,17.0,8573.679839379,1101.0,2297883.0,2238083.659531791,2237040.0
1790557510.7,30.0,0.0,,23.0,,167.0,1.0,896.0,204.0,53.0,227.0,204.0,,0.0,,17.0,8573.679964089,1102.0,2234527.0,2234527.0,2237040.0
1790557513.4,30.0,0.0,,23.0,,167.0,1.0,896.0,204.0,53.0,227.0,204.0,,0.0,,18.0,8573.679964089,1102.0,2240162.0,2240162.0,2237040.0
1790557516.2,29.0,1.0,,23.0,,167.0,1.0,896.0,204.0,53.0,227.0,204.0,,0.0,,18.0,8573.679964089,1102.0,2240124.0,2221314.7056517107,2237040.0
1790557518.9,30.0,1.0,,22.0,,168.0,1.0,897.0,205.0,53.0,228.0,205.0,,0.0,,17.0,8579.393409324,1104.0,2331698.0,2258244.174502523,2237040.0
1790557521.7,29.0,1.0,,23.0,,168.0,1.0,897.0,205.0,53.0,228.0,205.0,,0.0,,18.0,8579.393409324,1104.0,2250223.0,2219439.9655928994,2237040.0
1790557524.4,29.0,1.0,,23.0,,168.0,1.0,898.0,205.0,53.0,229.0,205.0,,0.0,,18.0,8579.393533343,1105.0,2256539.0,2238770.732914268,2237040.0
1790557527.1,28.0,1.0,,24.0,,169.0,1.0,901.0,206.0,53.0,229.0,206.0,,0.0,,18.0,8611.577070793,1109.0,2164141.0,2157070.8525687065,2237040.0
1790557529.8,30.0,0.0,,23.0,,169.0,1.0,901.0,206.0,53.0,229.0,206.0,,0.0,,18.0,8611.577070793,1109.0,2248833.0,2248833.0,2237040.0
1790557532.6,30.0,0.0,,23.0,,169.0,1.0,902.0,206.0,53.0,229.0,206.0,,0.0,,18.0,8611.577123543,1110.0,2253257.0,2253257.0,2237040.0
1790557535.3,29.0,0.0,,24.0,,169.0,1.0,903.0,206.0,53.0,230.0,206.0,,0.0,,19.0,8611.577264353,1111.0,2191585.0,2191585.0,2237040.0
1790557538.1,29.0,1.0,,23.0,,170.0,1.0,903.0,207.0,53.0,230.0,207.0,,0.0,,18.0,8614.561042556,1112.0,2255157.0,2230668.714040501,2237040.0
1790557540.8,29.0,1.0,,24.0,,170.0,1.0,904.0,207.0,54.0,231.0,207.0,,0.0,,18.0,8614.739943124,1114.0,2256458.0,2213773.195418939,2237040.0
1790557543.6,30.0,0.0,,24.0,,170.0,1.0,907.0,207.0,54.0,231.0,207.0,,0.0,,19.0,8614.740286864,1117.0,2261945.0,2261945.0,2237040.0
1790557546.3,30.0,0.0,,24.0,,170.0,1.0,907.0,207.0,54.0,231.0,207.0,,0.0,,19.0,8614.740286864,1117.0,2261945.0,2261945.0,2237040.0
1790557549.0,29.0,1.0,,24.0,,170.0,1.0,909.0,207.0,54.0,232.0,207.0,,0.0,,19.0,8614.740491664,1119.0,2262871.0,2203553.4602500177,2237040.0
1790557551.8,29.0,1.0,,24.0,,171.0,1.0,909.0,208.0,54.0,232.0,208.0,,0.0,,18.0,8621.310654044,1120.0,2235371.0,2193604.142010369,2237040.0
1790557554.5,29.0,1.0,,24.0,,171.0,1.0,909.0,208.0,54.0,232.0,208.0,,0.0,,19.0,8621.310654044,1120.0,2235371.0,2181366.0643792236,2237040.0
1790557557.3,30.0,1.0,,23.0,,172.0,1.0,910.0,209.0,54.0,232.0,209.0,,0.0,,18.0,8675.616061778,1122.0,2315075.0,2259759.973523546,2237040.0
1790557560.0,31.0,0.0,,23.0,,172.0,1.0,912.0,209.0,54.0,232.0,209.0,,0.0,,18.0,8675.616246078,1124.0,2316224.0,2316224.0,2237040.0
1790557562.7,31.0,0.0,,23.0,,172.0,1.0,912.0,209.0,54.0,232.0,209.0,,0.0,,18.0,8675.616246078,1124.0,2316496.0,2316496.0,2237040.0
1790557565.4,30.0,1.0,,23.0,,172.0,1.0,913.0,209.0,54.0,232.0,209.0,,0.0,,18.0,8675.616376598,1125.0,2316215.0,2307816.1508597857,2237040.0
1790557568.2,31.0,0.0,,23.0,,172.0,1.0,914.0,209.0,54.0,232.0,209.0,,0.0,,18.0,8675.616456898,1126.0,2318131.0,2318131.0,2237040.0
1790557570.9,30.0,1.0,,23.0,,172.0,1.0,915.0,209.0,54.0,232.0,209.0,,0.0,,18.0,8675.616530408,1127.0,2320810.0,2269962.274456852,2237040.0
1790557573.7,31.0,0.0,,23.0,,172.0,1.0,916.0,209.0,54.0,232.0,209.0,,0.0,,18.0,8675.616684948,1128.0,2320810.0,2320810.0,2237040.0
1790557576.5,31.0,0.0,,23.0,,172.0,1.0,917.0,209.0,54.0,232.0,209.0,,0.0,,18.0,8675.616788378,1129.0,2323144.0,2323144.0,2237040.0
1790557579.3,31.0,0.0,,23.0,,172.0,1.0,917.0,209.0,54.0,232.0,209.0,,0.0,,18.0,8675.616788378,1129.0,2323144.0,2323144.0,2237040.0
1790557582.0,30.0,1.0,,23.0,,172.0,1.0,917.0,209.0,54.0,232.0,209.0,,0.0,,18.0,8675.616788378,1129.0,2321499.0,2278939.33012865,2237040.0
1790557584.7,29.0,0.0,,25.0,,172.0,1.0,917.0,209.0,54.0,234.0,209.0,,0.0,,18.0,8675.616788378,1129.0,2202817.0,2202817.0,2237040.0
1790557587.5,29.0,0.0,,25.0,,172.0,1.0,917.0,209.0,54.0,234.0,209.0,,0.0,,19.0,8675.616788378,1129.0,2202817.0,2202817.0,2237040.0
1790557590.2,29.0,0.0,,25.0,,173.0,1.0,918.0,210.0,54.0,235.0,210.0,,0.0,,19.0,8243.629758518,1055.0,2188680.0,2188680.0,2237040.0
1790557593.0,28.0,1.0,,25.0,,173.0,1.0,920.0,210.0,54.0,235.0,210.0,,0.0,,19.0,8243.629963548,1057.0,2189454.0,2176315.725142589,2237040.0
1790557595.7,28.0,2.0,,24.0,,174.0,1.0,921.0,211.0,54.0,235.0,211.0,,0.0,,18.0,9335.071951093,1059.0,2275505.0,2213573.3027966735,2237040.0
1790557598.4,29.0,1.0,,24.0,,174.0,1.0,923.0,211.0,54.0,235.0,211.0,,0.0,,18.0,9335.072128433,1061.0,2275505.0,2207070.785053128,2237040.0
1790557601.2,29.0,1.0,,24.0,,174.0,1.0,924.0,211.0,54.0,235.0,211.0,,0.0,,18.0,9335.072234633,1062.0,2276850.0,2276593.701801092,2237040.0
1790557603.9,28.0,3.0,,23.0,,176.0,1.0,926.0,213.0,54.0,237.0,213.0,,0.0,,16.0,9889.951035969,1066.0,2364600.0,2202054.2245788346,2237040.0
1790557606.6,29.0,1.0,,24.0,,176.0,1.0,926.0,213.0,54.0,237.0,213.0,,0.0,,16.0,9889.951035969,1066.0,2317041.0,2172682.1919051325,2237040.0
1790557609.4,29.0,2.0,,23.0,,176.0,1.0,927.0,214.0,54.0,238.0,214.0,,0.0,,17.0,9890.886118361,1068.0,2386214.0,2230605.7824384617,2237040.0
1790557612.1,30.0,0.0,,24.0,,176.0,1.0,927.0,214.0,54.0,238.0,214.0,,0.0,,17.0,9890.886118361,1068.0,2233771.0,2233771.0,2237040.0
1790557614.8,29.0,1.0,,24.0,,176.0,1.0,929.0,214.0,54.0,238.0,214.0,,0.0,,17.0,9890.886311501,1070.0,2236735.0,2235264.0050400835,2237040.0
1790557617.5,29.0,2.0,,23.0,,177.0,1.0,930.0,215.0,54.0,238.0,215.0,,0.0,,16.0,9898.924009642,1072.0,2299020.0,2218074.837711392,2237040.0
1790557620.3,30.0,0.0,,24.0,,177.0,1.0,932.0,215.0,54.0,239.0,215.0,,0.0,,16.0,9898.924250962,1074.0,2217861.0,2217861.0,2237040.0
1790557623.0,29.0,1.0,,24.0,,177.0,1.0,934.0,215.0,54.0,239.0,215.0,,0.0,,17.0,9898.924440042,1076.0,2220746.0,2183122.3233706043,2237040.0
1790557625.8,27.0,4.0,,23.0,,178.0,1.0,938.0,216.0,54.0,239.0,216.0,,0.0,,16.0,10004.588959323,1081.0,2305961.0,2227699.69482746,2237040.0
1790557628.5,29.0,2.0,,23.0,,178.0,1.0,940.0,216.0,54.0,239.0,216.0,,0.0,,16.0,10004.589176334,1083.0,2310621.0,2212251.1213220586,2237040.0
1790557631.3,30.0,0.0,,24.0,,178.0,1.0,940.0,216.0,54.0,240.0,216.0,,0.0,,16.0,10004.589176334,1083.0,2244525.0,2244525.0,2237040.0
1790557634.0,30.0,1.0,,23.0,,178.0,1.0,941.0,217.0,54.0,241.0,217.0,,0.0,,16.0,10004.701495808,1085.0,2313798.0,2222998.224078324,2237040.0
1790557636.7,30.0,0.0,,24.0,,178.0,1.0,943.0,217.0,54.0,241.0,217.0,,0.0,,16.0,10004.701792478,1087.0,2299883.0,2299883.0,2237040.0
1790557639.5,30.0,0.0,,24.0,,178.0,1.0,943.0,217.0,54.0,241.0,217.0,,0.0,,17.0,10004.701792478,1087.0,2299883.0,2299883.0,2237040.0
1790557642.2,29.0,1.0,,24.0,,178.0,1.0,943.0,217.0,54.0,241.0,217.0,,0.0,,17.0,10004.701792478,1087.0,2298713.0,2258940.950677196,2237040.0
1790557645.0,29.0,0.0,,25.0,,178.0,1.0,945.0,218.0,54.0,243.0,218.0,,0.0,,17.0,10004.702027977999,1090.0,2232449.0,2232449.0,2237040.0
1790557647.8,28.0,1.0,,25.0,,178.0,1.0,946.0,218.0,54.0,243.0,218.0,,0.0,,17.0,10004.702133408,1091.0,2236536.0,2219595.978909984,2237040.0
1790557650.5,29.0,0.0,,25.0,,178.0,1.0,948.0,218.0,54.0,243.0,218.0,,0.0,,18.0,10004.702359668,1093.0,2236536.0,2236536.0,2237040.0
1790557653.3,28.0,1.0,,25.0,,178.0,1.0,948.0,218.0,54.0,243.0,218.0,,0.0,,18.0,10004.702359668,1093.0,2238177.0,2193269.3940411224,2237040.0
1790557656.0,29.0,0.0,,25.0,,178.0,1.0,952.0,218.0,54.0,243.0,218.0,,0.0,,18.0,10004.702711348,1097.0,2243446.0,2243446.0,2237040.0
1790557658.7,28.0,1.0,,25.0,,178.0,1.0,952.0,218.0,54.0,243.0,218.0,,0.0,,18.0,10004.702711348,1097.0,2244845.0,2228802.3356506946,2237040.0
1790557661.5,29.0,0.0,,25.0,,179.0,1.0,953.0,219.0,54.0,244.0,219.0,,0.0,,17.0,10015.386193496,1099.0,2260490.0,2260490.0,2237040.0
1790557664.3,29.0,0.0,,25.0,,179.0,1.0,953.0,219.0,54.0,244.0,219.0,,0.0,,18.0,10015.386193496,1099.0,2260490.0,2260490.0,2237040.0
1790557667.0,27.0,2.0,,25.0,,179.0,1.0,954.0,219.0,54.0,244.0,219.0,,0.0,,18.0,10015.386282236,1100.0,2267983.0,2243088.389769456,2237040.0
1790557669.7,28.0,1.0,,25.0,,181.0,1.0,954.0,221.0,54.0,246.0,221.0,,0.0,,16.0,11301.108545799,1102.0,2295812.0,2220316.9818408494,2237040.0
1790557672.5,29.0,0.0,,25.0,,181.0,1.0,955.0,221.0,54.0,246.0,221.0,,0.0,,17.0,11301.108633079,1103.0,2302859.0,2302859.0,2237040.0
1790557675.2,29.0,0.0,,25.0,,181.0,1.0,955.0,221.0,54.0,246.0,221.0,,0.0,,17.0,11301.108633079,1103.0,2302859.0,2302859.0,2237040.0
1790557677.9,29.0,0.0,,25.0,,181.0,1.0,955.0,221.0,54.0,246.0,221.0,,0.0,,17.0,11301.108633079,1103.0,2302859.0,2302859.0,2237040.0
1790557680.7,29.0,0.0,,25.0,,181.0,1.0,956.0,221.0,54.0,246.0,221.0,,0.0,,17.0,11301.108730319,1104.0,2304013.0,2304013.0,2237040.0
1790557683.5,29.0,0.0,,25.0,,181.0,1.0,958.0,221.0,54.0,246.0,221.0,,0.0,,17.0,11301.108853179,1106.0,2305987.0,2305987.0,2237040.0
1790557686.2,28.0,0.0,,26.0,,181.0,1.0,959.0,221.0,54.0,247.0,221.0,,0.0,,17.0,11301.108967678,1107.0,2240435.0,2240435.0,2237040.0
1790557689.0,28.0,0.0,,26.0,,181.0,1.0,959.0,221.0,54.0,247.0,221.0,,0.0,,17.0,11301.108967678,1107.0,2240435.0,2240435.0,2237040.0
1790557691.7,28.0,0.0,,26.0,,181.0,1.0,961.0,221.0,54.0,247.0,221.0,,0.0,,17.0,11301.109202979,1109.0,2244607.0,2244607.0,2237040.0
1790557694.5,27.0,1.0,,26.0,,182.0,1.0,962.0,222.0,54.0,248.0,222.0,,0.0,,17.0,11322.485301025,1111.0,2246448.0,2196891.137713515,2237040.0
1790557697.2,28.0,0.0,,26.0,,182.0,1.0,963.0,222.0,54.0,248.0,222.0,,0.0,,17.0,11322.485369335,1112.0,2227340.0,2227340.0,2237040.0
1790557700.0,27.0,1.0,,26.0,,182.0,1.0,964.0,222.0,54.0,248.0,222.0,,0.0,,17.0,11322.485464225,1113.0,2235358.0,2203897.5122454683,2237040.0
1790557702.7,27.0,2.0,,25.0,,183.0,1.0,964.0,223.0,54.0,248.0,223.0,,0.0,,16.0,11330.153099785999,1114.0,2304979.0,2167028.7273594607,2237040.0
1790557705.4,28.0,0.0,,26.0,,183.0,1.0,965.0,223.0,54.0,249.0,223.0,,0.0,,16.0,11330.153241447,1115.0,2239757.0,2239757.0,2237040.0
1790557708.2,27.0,1.0,,26.0,,183.0,1.0,967.0,223.0,54.0,249.0,223.0,,0.0,,16.0,11330.153361176,1117.0,2239207.0,2227757.6895103445,2237040.0
1790557710.9,27.0,0.0,,27.0,,183.0,1.0,967.0,223.0,54.0,250.0,223.0,,0.0,,16.0,11330.153361176,1117.0,2174017.0,2174017.0,2237040.0
1790557713.7,28.0,0.0,,26.0,,184.0,1.0,969.0,224.0,54.0,250.0,224.0,,0.0,,15.0,11852.830183305,1120.0,2262794.0,2262794.0,2237040.0
1790557716.4,28.0,0.0,,26.0,,184.0,1.0,969.0,224.0,54.0,250.0,224.0,,0.0,,16.0,11852.830183305,1120.0,2262794.0,2262794.0,2237040.0
1790557719.2,27.0,1.0,,26.0,,184.0,1.0,970.0,224.0,54.0,251.0,224.0,,0.0,,16.0,11852.830286444,1121.0,2261883.0,2222600.7018857,2237040.0
1790557721.9,28.0,0.0,,26.0,,185.0,1.0,972.0,225.0,54.0,251.0,225.0,,0.0,,16.0,11856.776547772,1124.0,2263733.0,2263733.0,2237040.0
1790557724.6,27.0,1.0,,26.0,,185.0,1.0,972.0,225.0,54.0,251.0,225.0,,0.0,,16.0,11856.776547772,1124.0,2261547.0,2249910.2697527474,2237040.0
1790557727.4,28.0,0.0,,26.0,,185.0,1.0,974.0,225.0,54.0,251.0,225.0,,0.0,,16.0,11856.776695732,1126.0,2269092.0,2269092.0,2237040.0
1790557730.1,27.0,0.0,,27.0,,185.0,1.0,977.0,225.0,54.0,252.0,225.0,,0.0,,16.0,11856.777008852001,1129.0,2195809.0,2195809.0,2237040.0
1790557732.9,26.0,1.0,,27.0,,186.0,1.0,978.0,226.0,54.0,252.0,226.0,,0.0,,16.0,11869.549425677,1131.0,2199858.0,2169314.5182205588,2237040.0
1790557735.6,27.0,0.0,,27.0,,186.0,1.0,979.0,226.0,54.0,253.0,226.0,,0.0,,17.0,11869.549492697,1132.0,2187202.0,2187202.0,2237040.0
1790557738.4,27.0,1.0,,26.0,,187.0,1.0,980.0,227.0,54.0,253.0,227.0,,0.0,,16.0,11874.98829661,1134.0,2269628.0,2196629.0351191126,2237040.0
1790557741.1,28.0,0.0,,26.0,,188.0,1.0,981.0,228.0,54.0,254.0,228.0,,0.0,,16.0,12240.767036281,1136.0,2264387.0,2264387.0,2237040.0
1790557743.8,28.0,0.0,,26.0,,188.0,1.0,981.0,228.0,54.0,254.0,228.0,,0.0,,16.0,12240.767036281,1136.0,2264387.0,2264387.0,2237040.0
1790557746.6,28.0,0.0,,26.0,,188.0,1.0,982.0,228.0,54.0,254.0,228.0,,0.0,,16.0,12240.767115501,1137.0,2264387.0,2264387.0,2237040.0
1790557749.3,28.0,0.0,,26.0,,188.0,1.0,983.0,228.0,54.0,254.0,228.0,,0.0,,16.0,12240.767195152,1138.0,2335048.0,2335048.0,2237040.0
1790557752.0,28.0,0.0,,26.0,,188.0,1.0,983.0,228.0,54.0,254.0,228.0,,0.0,,16.0,12240.767195152,1138.0,2335048.0,2335048.0,2237040.0
1790557754.8,27.0,0.0,,27.0,,188.0,1.0,983.0,228.0,54.0,255.0,228.0,,0.0,,16.0,12240.767195152,1138.0,2285539.0,2285539.0,2237040.0
1790557757.5,27.0,0.0,,27.0,,188.0,1.0,984.0,228.0,54.0,255.0,228.0,,0.0,,17.0,12240.767324553,1139.0,2288095.0,2288095.0,2237040.0
1790557760.3,26.0,1.0,,27.0,,189.0,1.0,985.0,229.0,54.0,256.0,229.0,,0.0,,16.0,12242.84613121,1141.0,2270253.0,2237433.926876934,2237040.0
1790557763.0,27.0,0.0,,27.0,,189.0,1.0,987.0,229.0,54.0,256.0,229.0,,0.0,,17.0,12242.846365421,1143.0,2274453.0,2274453.0,2237040.0
1790557765.8,25.0,3.0,,26.0,,190.0,1.0,989.0,230.0,54.0,256.0,230.0,,0.0,,16.0,12246.444795591,1146.0,2344787.0,2222230.97541189,2237040.0
1790557768.5,26.0,2.0,,26.0,,190.0,1.0,991.0,230.0,54.0,256.0,230.0,,0.0,,16.0,12246.444925691,1148.0,2350343.0,2201665.6565299938,2237040.0
1790557771.2,27.0,0.0,,27.0,,190.0,1.0,992.0,230.0,54.0,257.0,230.0,,0.0,,16.0,12246.44503673,1149.0,2266711.0,2266711.0,2237040.0
1790557774.1,27.0,0.0,,27.0,,190.0,1.0,992.0,230.0,54.0,257.0,230.0,,0.0,,17.0,12246.44503673,1149.0,2266711.0,2266711.0,2237040.0
1790557776.9,26.0,1.0,,27.0,,190.0,1.0,992.0,230.0,54.0,257.0,230.0,,0.0,,17.0,12246.44503673,1149.0,2267133.0,2224299.3376057344,2237040.0
1790557779.6,27.0,0.0,,27.0,,190.0,1.0,996.0,230.0,54.0,257.0,230.0,,0.0,,17.0,12246.44537653,1153.0,2267923.0,2267923.0,2237040.0
1790557782.4,27.0,0.0,,27.0,,190.0,1.0,996.0,230.0,54.0,257.0,230.0,,0.0,,17.0,12246.44537653,1153.0,2270944.0,2270944.0,2237040.0
1790557785.1,27.0,0.0,,27.0,,190.0,1.0,996.0,230.0,54.0,257.0,230.0,,0.0,,17.0,12246.44537653,1153.0,2270944.0,2270944.0,2237040.0
1790557787.9,26.0,1.0,,27.0,,190.0,1.0,997.0,230.0,54.0,257.0,230.0,,0.0,,17.0,12246.44543863,1154.0,2272423.0,2257146.725640042,2237040.0
1790557790.6,26.0,1.0,,27.0,,190.0,1.0,999.0,230.0,54.0,257.0,230.0,,0.0,,17.0,12246.445696189001,1156.0,2222969.0,2166986.6305430643,2237040.0
1790557793.4,26.0,1.0,,27.0,,190.0,1.0,1002.0,230.0,54.0,257.0,230.0,,0.0,,17.0,12246.446018759,1159.0,2225843.0,2189214.3307022923,2237040.0
1790557796.1,26.0,1.0,,27.0,,190.0,1.0,1004.0,230.0,54.0,257.0,230.0,,0.0,,17.0,12246.446220289,1161.0,2232916.0,2183474.423365252,2237040.0
1790557798.9,27.0,0.0,,27.0,,190.0,1.0,1005.0,230.0,54.0,257.0,230.0,,0.0,,17.0,12246.446330899,1162.0,2237352.0,2237352.0,2237040.0
1790557801.6,26.0,1.0,,27.0,,190.0,1.0,1006.0,230.0,54.0,257.0,230.0,,0.0,,17.0,12246.446411589,1163.0,2237659.0,2217640.5776143577,2237040.0
1790557804.4,25.0,3.0,,26.0,,191.0,1.0,1007.0,232.0,54.0,259.0,232.0,,0.0,,16.0,12315.996005109,1166.0,2327563.0,2223777.502243772,2237040.0
1790557807.1,27.0,0.0,,27.0,,191.0,1.0,1008.0,232.0,54.0,259.0,232.0,,0.0,,16.0,12315.996105519,1167.0,2257781.0,2257781.0,2237040.0
1790557809.9,27.0,0.0,,27.0,,191.0,1.0,1009.0,232.0,54.0,259.0,232.0,,0.0,,17.0,12315.996148099,1168.0,2255925.0,2255925.0,2237040.0
1790557812.6,27.0,0.0,,27.0,,191.0,1.0,1009.0,232.0,54.0,259.0,232.0,,0.0,,17.0,12315.996148099,1168.0,2255925.0,2255925.0,2237040.0
1790557815.3,27.0,0.0,,27.0,,191.0,1.0,1010.0,232.0,54.0,259.0,232.0,,0.0,,17.0,12315.996241009,1169.0,2255925.0,2255925.0,2237040.0
1790557818.1,26.0,1.0,,27.0,,191.0,1.0,1013.0,232.0,54.0,259.0,232.0,,0.0,,17.0,12315.99655967,1172.0,2259157.0,2241658.2344541107,2237040.0
1790557820.9,27.0,0.0,,27.0,,191.0,1.0,1017.0,232.0,54.0,259.0,232.0,,0.0,,17.0,12315.996970861,1176.0,2262367.0,2262367.0,2237040.0
1790557823.6,27.0,0.0,,27.0,,191.0,1.0,1017.0,232.0,54.0,259.0,232.0,,0.0,,17.0,12315.996970861,1176.0,2262367.0,2262367.0,2237040.0
1790557826.4,26.0,1.0,,27.0,,191.0,1.0,1017.0,232.0,54.0,259.0,232.0,,0.0,,17.0,12315.996970861,1176.0,2264722.0,2212583.6935344627,2237040.0
1790557829.2,28.0,0.0,,26.0,,192.0,1.0,1020.0,233.0,54.0,259.0,233.0,,0.0,,16.0,12335.071879634,1180.0,2335255.0,2335255.0,2237040.0
1790557831.9,28.0,0.0,,26.0,,192.0,1.0,1021.0,233.0,54.0,259.0,233.0,,0.0,,16.0,12335.071995845,1181.0,2339109.0,2339109.0,2237040.0
1790557834.6,28.0,0.0,,26.0,,192.0,1.0,1021.0,233.0,54.0,259.0,233.0,,0.0,,16.0,12335.071995845,1181.0,2339109.0,2339109.0,2237040.0
1790557837.4,27.0,1.0,,26.0,,192.0,1.0,1022.0,233.0,54.0,259.0,233.0,,0.0,,16.0,12335.072117315,1182.0,2339895.0,2309861.281551428,2237040.0
1790557840.1,26.0,1.0,,27.0,,192.0,1.0,1023.0,233.0,54.0,260.0,233.0,,0.0,,16.0,12335.072220565,1183.0,2269034.0,2246108.5528025543,2237040.0
1790557842.9,26.0,1.0,,27.0,,192.0,1.0,1024.0,233.0,54.0,260.0,233.0,,0.0,,16.0,12335.072316825,1184.0,2269034.0,2203352.1412775214,2237040.0
1790557845.6,26.0,0.0,,28.0,,192.0,1.0,1025.0,233.0,54.0,261.0,233.0,,0.0,,17.0,12335.072418946,1185.0,2225872.0,2225872.0,2237040.0
1790557848.3,25.0,1.0,,28.0,,192.0,1.0,1026.0,233.0,54.0,261.0,233.0,,0.0,,18.0,12335.072544296001,1186.0,2281401.0,2239320.1310552214,2237040.0
1790557851.1,25.0,1.0,,28.0,,193.0,1.0,1026.0,234.0,54.0,262.0,234.0,,0.0,,18.0,12339.959130142,1187.0,2265558.0,2184913.6624808796,2237040.0
1790557853.8,26.0,1.0,,27.0,,194.0,1.0,1028.0,235.0,54.0,262.0,235.0,,0.0,,17.0,12344.998150388,1190.0,2338859.0,2284457.536575432,2237040.0
1790557856.6,26.0,0.0,,28.0,,194.0,1.0,1028.0,235.0,54.0,263.0,235.0,,0.0,,18.0,12344.998150388,1190.0,2253934.0,2253934.0,2237040.0
1790557859.3,26.0,0.0,,28.0,,194.0,1.0,1028.0,235.0,54.0,263.0,235.0,,0.0,,19.0,12344.998150388,1190.0,2185747.0,2185747.0,2237040.0
1790557862.1,26.0,0.0,,28.0,,194.0,1.0,1030.0,235.0,54.0,263.0,235.0,,0.0,,19.0,12344.998399748,1192.0,2255688.0,2255688.0,2237040.0
1790557864.8,26.0,0.0,,28.0,,194.0,1.0,1032.0,235.0,54.0,263.0,235.0,,0.0,,19.0,12344.998668447,1194.0,2258511.0,2258511.0,2237040.0
1790557867.5,26.0,0.0,,28.0,,194.0,1.0,1033.0,235.0,54.0,263.0,235.0,,0.0,,19.0,12344.998785017,1195.0,2258511.0,2258511.0,2237040.0
1790557870.3,26.0,0.0,,28.0,,194.0,1.0,1033.0,235.0,54.0,263.0,235.0,,0.0,,19.0,12344.998785017,1195.0,2259296.0,2259296.0,2237040.0
1790557873.1,26.0,0.0,,28.0,,194.0,1.0,1037.0,235.0,54.0,263.0,235.0,,0.0,,19.0,12344.999150236,1199.0,2263402.0,2263402.0,2237040.0
1790557875.8,26.0,0.0,,28.0,,194.0,1.0,1038.0,235.0,54.0,263.0,235.0,,0.0,,19.0,12344.999252146,1200.0,2264025.0,2264025.0,2237040.0
1790557878.5,26.0,0.0,,28.0,,194.0,1.0,1038.0,235.0,54.0,263.0,235.0,,0.0,,19.0,12344.999252146,1200.0,2264025.0,2264025.0,2237040.0
1790557881.3,26.0,0.0,,28.0,,194.0,1.0,1038.0,235.0,54.0,263.0,235.0,,0.0,,19.0,12344.999252146,1200.0,2177443.0,2177443.0,2237040.0
1790557884.0,26.0,0.0,,28.0,,194.0,1.0,1039.0,235.0,54.0,263.0,235.0,,0.0,,19.0,12344.999375256,1201.0,2180370.0,2180370.0,2237040.0
1790557886.8,26.0,1.0,,27.0,,195.0,1.0,1040.0,236.0,54.0,263.0,236.0,,0.0,,18.0,12568.548145007,1203.0,2267653.0,2213120.9151791194,2237040.0
1790557889.5,26.0,1.0,,27.0,,195.0,1.0,1041.0,236.0,54.0,264.0,236.0,,0.0,,18.0,12434.968084901,1100.0,2267653.0,2203281.700192162,2237040.0
1790557892.2,26.0,1.0,,27.0,,196.0,1.0,1041.0,237.0,54.0,264.0,237.0,,0.0,,18.0,12551.876376559001,1101.0,2225210.0,2180978.797842929,2237040.0
1790557895.0,27.0,0.0,,27.0,,197.0,1.0,1041.0,238.0,54.0,265.0,238.0,,0.0,,18.0,12553.298897247001,1102.0,2222524.0,2222524.0,2237040.0
1790557897.7,27.0,0.0,,27.0,,197.0,1.0,1041.0,238.0,54.0,265.0,238.0,,0.0,,18.0,12553.298897247001,1102.0,2222524.0,2222524.0,2237040.0
1790557900.5,27.0,0.0,,27.0,,198.0,1.0,1042.0,239.0,54.0,265.0,239.0,,1.0,,17.0,14353.300196256001,1104.0,2224719.0,2224719.0,2237040.0
1790557903.2,28.0,0.0,,26.0,,198.0,1.0,1043.0,239.0,54.0,265.0,239.0,,1.0,,17.0,14353.300276986,1105.0,2307747.0,2307747.0,2237040.0
1790557905.9,28.0,0.0,,26.0,,198.0,1.0,1044.0,239.0,54.0,265.0,239.0,,1.0,,17.0,14353.300329496,1106.0,2261374.0,2261374.0,2237040.0
1790557908.8,28.0,0.0,,26.0,,198.0,1.0,1045.0,239.0,54.0,265.0,239.0,,1.0,,17.0,14353.300443406,1107.0,2261374.0,2261374.0,2237040.0
1790557911.5,28.0,0.0,,26.0,,198.0,1.0,1047.0,239.0,54.0,265.0,239.0,,1.0,,17.0,14353.300756907,1109.0,2265310.0,2265310.0,2237040.0
1790557914.2,28.0,0.0,,26.0,,198.0,1.0,1047.0,239.0,54.0,265.0,239.0,,1.0,,17.0,14353.300756907,1109.0,2265310.0,2265310.0,2237040.0
1790557917.0,27.0,1.0,,26.0,,198.0,1.0,1048.0,239.0,54.0,265.0,239.0,,1.0,,17.0,14353.300828907,1110.0,2265173.0,2214183.5622212985,2237040.0
1790557919.7,28.0,0.0,,26.0,,198.0,1.0,1049.0,239.0,54.0,265.0,239.0,,1.0,,17.0,14353.300940877001,1111.0,2272426.0,2272426.0,2237040.0
1790557922.4,28.0,0.0,,26.0,,198.0,1.0,1050.0,239.0,54.0,265.0,239.0,,1.0,,17.0,14353.301041586,1112.0,2319266.0,2319266.0,2237040.0
1790557925.2,27.0,0.0,,27.0,,198.0,1.0,1051.0,239.0,54.0,266.0,239.0,,1.0,,17.0,14353.301150196,1113.0,2251707.0,2251707.0,2237040.0
1790557927.9,27.0,0.0,,27.0,,198.0,1.0,1052.0,239.0,54.0,266.0,239.0,,1.0,,17.0,14353.301259636,1114.0,2253626.0,2253626.0,2237040.0
1790557930.7,26.0,0.0,,28.0,,199.0,1.0,1053.0,240.0,54.0,267.0,240.0,,2.0,,17.0,16153.302378006,1116.0,2171765.0,2171765.0,2237040.0
1790557933.4,27.0,0.0,,27.0,,199.0,1.0,1053.0,240.0,54.0,267.0,240.0,,2.0,,17.0,16153.302378006,1116.0,2282875.0,2282875.0,2237040.0
1790557936.1,26.0,0.0,,28.0,,199.0,1.0,1053.0,240.0,54.0,268.0,240.0,,2.0,,18.0,16153.302378006,1116.0,2205550.0,2205550.0,2237040.0
1790557938.9,26.0,0.0,,28.0,,199.0,1.0,1054.0,240.0,54.0,268.0,240.0,,2.0,,18.0,16153.302438296,1117.0,2234600.0,2234600.0,2237040.0
1790557941.6,25.0,1.0,,28.0,,199.0,1.0,1055.0,240.0,54.0,268.0,240.0,,2.0,,18.0,16153.302553436,1118.0,2242401.0,2228573.188881022,2237040.0
1790557944.3,26.0,1.0,,27.0,,200.0,1.0,1056.0,241.0,54.0,269.0,241.0,,2.0,,18.0,16165.379861667,1120.0,2311159.0,2252888.2075110422,2237040.0
1790557947.1,26.0,0.0,,28.0,,200.0,1.0,1056.0,241.0,54.0,269.0,241.0,,2.0,,18.0,16165.379861667,1120.0,2223901.0,2223901.0,2237040.0
1790557949.9,25.0,1.0,,28.0,,200.0,1.0,1056.0,241.0,54.0,269.0,241.0,,2.0,,18.0,16165.379861667,1120.0,2220697.0,2199575.597533516,2237040.0
1790557952.6,26.0,1.0,,27.0,,201.0,1.0,1056.0,242.0,54.0,269.0,242.0,,2.0,,18.0,16222.002646721001,1121.0,2291030.0,2228715.464911527,2237040.0
1790557955.3,26.0,0.0,,28.0,,202.0,1.0,1056.0,243.0,54.0,271.0,243.0,,2.0,,18.0,16233.549697245,1122.0,2193509.0,2193509.0,2237040.0
1790557958.1,27.0,0.0,,27.0,,203.0,1.0,1057.0,244.0,54.0,271.0,244.0,,2.0,,17.0,16236.377929615,1124.0,2284504.0,2284504.0,2237040.0
1790557960.8,27.0,0.0,,27.0,,203.0,1.0,1057.0,244.0,54.0,271.0,244.0,,2.0,,18.0,16236.377929615,1124.0,2284504.0,2284504.0,2237040.0
1790557963.6,27.0,0.0,,27.0,,203.0,1.0,1058.0,244.0,54.0,271.0,244.0,,2.0,,18.0,16236.377995075,1125.0,2284504.0,2284504.0,2237040.0
1790557966.3,27.0,0.0,,27.0,,203.0,1.0,1059.0,244.0,54.0,271.0,244.0,,2.0,,18.0,16236.378075995,1126.0,2257916.0,2257916.0,2237040.0
1790557969.0,28.0,0.0,,26.0,,204.0,1.0,1060.0,245.0,54.0,271.0,245.0,,3.0,,17.0,18036.379531807,1128.0,2419680.0,2419680.0,2237040.0
1790557971.7,28.0,0.0,,26.0,,204.0,1.0,1061.0,245.0,54.0,271.0,245.0,,3.0,,17.0,18036.379630807,1129.0,2420358.0,2420358.0,2237040.0
1790557974.5,27.0,1.0,,26.0,,204.0,1.0,1062.0,245.0,54.0,272.0,245.0,,3.0,,18.0,18036.379745236998,1130.0,2435378.0,2397544.3289734093,2237040.0
1790557977.2,27.0,0.0,,27.0,,204.0,1.0,1062.0,245.0,54.0,272.0,245.0,,3.0,,18.0,18036.379745236998,1130.0,2346961.0,2346961.0,2237040.0
1790557979.9,27.0,0.0,,27.0,,204.0,1.0,1062.0,245.0,54.0,272.0,245.0,,3.0,,18.0,18036.379745236998,1130.0,2346961.0,2346961.0,2237040.0
1790557982.6,26.0,1.0,,27.0,,204.0,1.0,1062.0,245.0,54.0,272.0,245.0,,3.0,,18.0,18036.379745236998,1130.0,2348451.0,2332574.7547799563,2237040.0
1790557985.4,26.0,1.0,,27.0,,204.0,1.0,1064.0,245.0,54.0,272.0,245.0,,3.0,,18.0,18036.379958237,1132.0,2348884.0,2331786.4036738696,2237040.0
1790557988.1,27.0,0.0,,27.0,,204.0,1.0,1064.0,245.0,54.0,272.0,245.0,,3.0,,18.0,18036.379958237,1132.0,2351205.0,2351205.0,2237040.0
1790557990.8,27.0,0.0,,27.0,,204.0,1.0,1064.0,245.0,54.0,272.0,245.0,,3.0,,18.0,18036.379958237,1132.0,2351205.0,2351205.0,2237040.0
1790557993.5,26.0,1.0,,27.0,,204.0,1.0,1064.0,245.0,54.0,272.0,245.0,,3.0,,18.0,18036.379958237,1132.0,2351241.0,2265596.7368851374,2237040.0
1790557996.3,26.0,0.0,,28.0,,204.0,1.0,1065.0,245.0,54.0,273.0,245.0,,3.0,,18.0,18036.380072637,1133.0,2254637.0,2254637.0,2237040.0
1790557999.0,26.0,0.0,,28.0,,204.0,1.0,1065.0,245.0,54.0,273.0,245.0,,3.0,,19.0,18036.380072637,1133.0,2254637.0,2254637.0,2237040.0
1790558001.7,26.0,0.0,,28.0,,204.0,1.0,1066.0,245.0,54.0,273.0,245.0,,3.0,,19.0,18036.380134607,1134.0,2259427.0,2259427.0,2237040.0
1790558004.5,26.0,1.0,,28.0,,204.0,1.0,1069.0,245.0,55.0,274.0,245.0,,3.0,,19.0,18036.380558599,1138.0,2264017.0,2220695.4267225633,2237040.0
1790558007.2,26.0,0.0,,29.0,,204.0,1.0,1071.0,245.0,55.0,274.0,245.0,,3.0,,19.0,18036.380754739,1140.0,2231817.0,2231817.0,2237040.0
1790558009.9,25.0,1.0,,29.0,,204.0,1.0,1072.0,246.0,55.0,274.0,246.0,,3.0,,19.0,18036.38091149,1142.0,2235055.0,2176206.0622532386,2237040.0
1790558012.8,27.0,0.0,,28.0,,204.0,1.0,1073.0,246.0,55.0,274.0,246.0,,3.0,,19.0,18036.38099012,1143.0,2287259.0,2287259.0,2237040.0
1790558015.6,27.0,0.0,,28.0,,204.0,1.0,1074.0,246.0,55.0,274.0,246.0,,3.0,,19.0,18036.381099801,1144.0,2287224.0,2287224.0,2237040.0
1790558018.4,25.0,2.0,,28.0,,204.0,1.0,1075.0,246.0,55.0,274.0,246.0,,3.0,,19.0,18036.381218271,1145.0,2285237.0,2216881.016870168,2237040.0
1790558021.1,25.0,1.0,,29.0,,204.0,1.0,1076.0,246.0,55.0,275.0,246.0,,3.0,,19.0,18036.381356561,1146.0,2207851.0,2204937.8061262597,2237040.0
1790558023.9,26.0,0.0,,29.0,,204.0,1.0,1079.0,246.0,55.0,275.0,246.0,,3.0,,20.0,18036.381715561,1149.0,2208035.0,2208035.0,2237040.0
1790558026.6,26.0,0.0,,29.0,,204.0,1.0,1079.0,246.0,55.0,275.0,246.0,,3.0,,20.0,18036.381715561,1149.0,2208035.0,2208035.0,2237040.0
1790558029.4,26.0,1.0,,28.0,,205.0,1.0,1079.0,247.0,55.0,276.0,247.0,,3.0,,19.0,18042.334337722,1150.0,2288336.0,2228424.3837080775,2237040.0
1790558032.1,26.0,0.0,,29.0,,205.0,1.0,1081.0,247.0,55.0,276.0,247.0,,3.0,,19.0,18042.334528122,1152.0,2248984.0,2248984.0,2237040.0
1790558034.9,24.0,2.0,,29.0,,205.0,1.0,1082.0,247.0,55.0,276.0,247.0,,3.0,,20.0,18042.334702952,1153.0,2245584.0,2205963.7841212866,2237040.0
1790558037.6,24.0,3.0,,28.0,,207.0,1.0,1082.0,249.0,55.0,276.0,249.0,,3.0,,18.0,18146.079080453,1155.0,2317351.0,2158796.2029285124,2237040.0
1790558040.4,25.0,0.0,,30.0,,207.0,1.0,1082.0,249.0,55.0,279.0,249.0,,3.0,,18.0,18146.079080453,1155.0,2178216.0,2178216.0,2237040.0
1790558043.1,26.0,0.0,,29.0,,207.0,1.0,1082.0,250.0,55.0,279.0,250.0,,3.0,,19.0,18146.079202873,1156.0,2224902.0,2224902.0,2237040.0
1790558045.8,26.0,0.0,,29.0,,207.0,1.0,1082.0,250.0,55.0,279.0,250.0,,3.0,,20.0,18146.079202873,1156.0,2224902.0,2224902.0,2237040.0
1790558048.6,26.0,0.0,,29.0,,207.0,1.0,1082.0,250.0,55.0,279.0,250.0,,3.0,,20.0,18146.079202873,1156.0,2224902.0,2224902.0,2237040.0
1790558051.4,26.0,0.0,,29.0,,207.0,1.0,1083.0,250.0,55.0,279.0,250.0,,3.0,,20.0,18146.079294594,1157.0,2225700.0,2225700.0,2237040.0
1790558054.2,26.0,0.0,,29.0,,207.0,1.0,1084.0,250.0,55.0,279.0,250.0,,3.0,,20.0,18146.079412674,1158.0,2226885.0,2226885.0,2237040.0
1790558057.0,25.0,1.0,,29.0,,207.0,1.0,1086.0,250.0,55.0,279.0,250.0,,3.0,,20.0,18146.079636994,1160.0,2194273.0,2178697.772988485,2237040.0
1790558059.8,26.0,0.0,,29.0,,208.0,1.0,1087.0,251.0,55.0,279.0,251.0,,3.0,,19.0,18164.124166052,1162.0,2203981.0,2203981.0,2237040.0
1790558062.5,27.0,0.0,,28.0,,208.0,1.0,1088.0,251.0,55.0,279.0,251.0,,3.0,,19.0,18164.124285362,1163.0,2296763.0,2296763.0,2237040.0
1790558065.2,27.0,0.0,,28.0,,208.0,1.0,1089.0,251.0,55.0,279.0,251.0,,3.0,,19.0,18164.124346992,1164.0,2297670.0,2297670.0,2237040.0
1790558068.0,26.0,1.0,,28.0,,208.0,1.0,1089.0,251.0,55.0,279.0,251.0,,3.0,,19.0,18164.124346992,1164.0,2298427.0,2298251.7096503507,2237040.0
1790558070.8,26.0,0.0,,29.0,,208.0,1.0,1090.0,251.0,55.0,280.0,251.0,,3.0,,19.0,18164.124412752,1165.0,2248308.0,2248308.0,2237040.0
1790558073.5,26.0,0.0,,29.0,,208.0,1.0,1090.0,251.0,55.0,280.0,251.0,,3.0,,19.0,18164.124412752,1165.0,2181227.0,2181227.0,2237040.0
1790558076.3,27.0,0.0,,28.0,,208.0,1.0,1090.0,252.0,55.0,280.0,252.0,,3.0,,19.0,18164.124516433,1166.0,2228912.0,2228912.0,2237040.0
1790558079.0,27.0,0.0,,28.0,,208.0,1.0,1091.0,252.0,55.0,280.0,252.0,,3.0,,19.0,18164.124637263,1167.0,2235167.0,2235167.0,2237040.0
1790558081.8,27.0,0.0,,28.0,,208.0,1.0,1092.0,252.0,55.0,280.0,252.0,,3.0,,19.0,18164.124744392,1168.0,2302698.0,2302698.0,2237040.0
1790558084.6,27.0,0.0,,28.0,,208.0,1.0,1093.0,252.0,55.0,280.0,252.0,,3.0,,19.0,18164.124813122,1169.0,2303793.0,2303793.0,2237040.0
1790558087.3,27.0,0.0,,28.0,,208.0,1.0,1094.0,252.0,55.0,280.0,252.0,,3.0,,19.0,18164.125076962,1170.0,2303793.0,2303793.0,2237040.0
1790558090.0,27.0,0.0,,28.0,,208.0,1.0,1094.0,252.0,55.0,280.0,252.0,,3.0,,19.0,18164.125076962,1170.0,2306662.0,2306662.0,2237040.0
1790558092.8,27.0,0.0,,28.0,,208.0,1.0,1095.0,252.0,55.0,280.0,252.0,,3.0,,19.0,18164.125174492,1171.0,2306662.0,2306662.0,2237040.0
1790558095.5,27.0,0.0,,28.0,,208.0,1.0,1096.0,252.0,55.0,280.0,252.0,,3.0,,19.0,18164.125298092,1172.0,2307576.0,2307576.0,2237040.0
1790558098.4,27.0,0.0,,28.0,,208.0,1.0,1096.0,252.0,55.0,280.0,252.0,,3.0,,19.0,18164.125298092,1172.0,2307576.0,2307576.0,2237040.0
1790558101.2,27.0,0.0,,28.0,,208.0,1.0,1098.0,252.0,55.0,280.0,252.0,,3.0,,19.0,18164.125536912,1174.0,2313395.0,2313395.0,2237040.0
1790558104.1,27.0,0.0,,28.0,,208.0,1.0,1098.0,252.0,55.0,280.0,252.0,,3.0,,19.0,18164.125536912,1174.0,2245864.0,2245864.0,2237040.0
1790558106.8,26.0,1.0,,28.0,,208.0,1.0,1100.0,252.0,55.0,280.0,252.0,,3.0,,19.0,18164.125715041,1176.0,2311889.0,2289002.3284013965,2237040.0
1790558109.6,27.0,0.0,,28.0,,208.0,1.0,1101.0,252.0,55.0,280.0,252.0,,3.0,,19.0,18164.125830782,1177.0,2319338.0,2319338.0,2237040.0
1790558112.3,26.0,1.0,,28.0,,208.0,1.0,1101.0,252.0,55.0,280.0,252.0,,3.0,,19.0,18164.125830782,1177.0,2320009.0,2284411.3466016706,2237040.0
1790558115.1,27.0,0.0,,28.0,,209.0,1.0,1101.0,253.0,55.0,281.0,253.0,,4.0,,18.0,19964.126839405,1178.0,2355985.0,2355985.0,2237040.0
1790558117.8,27.0,0.0,,28.0,,209.0,1.0,1101.0,253.0,55.0,281.0,253.0,,4.0,,19.0,19964.126839405,1178.0,2355985.0,2355985.0,2237040.0
1790558120.5,27.0,0.0,,28.0,,209.0,1.0,1101.0,253.0,55.0,281.0,253.0,,4.0,,19.0,19964.126839405,1178.0,2355985.0,2355985.0,2237040.0
1790558123.3,27.0,0.0,,28.0,,209.0,1.0,1102.0,253.0,55.0,281.0,253.0,,4.0,,19.0,19964.126914735,1179.0,2355985.0,2355985.0,2237040.0
1790558126.0,27.0,0.0,,28.0,,209.0,1.0,1103.0,253.0,55.0,281.0,253.0,,4.0,,19.0,19964.126968665,1180.0,2360131.0,2360131.0,2237040.0
1790558128.8,26.0,1.0,,28.0,,209.0,1.0,1103.0,253.0,55.0,281.0,253.0,,4.0,,19.0,19964.126968665,1180.0,2361226.0,2327940.185467392,2237040.0
1790558131.5,26.0,0.0,,29.0,,209.0,1.0,1103.0,253.0,55.0,282.0,253.0,,4.0,,19.0,19964.126968665,1180.0,2244603.0,2244603.0,2237040.0
1790558134.2,26.0,0.0,,29.0,,209.0,1.0,1104.0,253.0,55.0,282.0,253.0,,4.0,,20.0,19964.127053125,1181.0,2330308.0,2330308.0,2237040.0
1790558137.0,26.0,0.0,,29.0,,209.0,1.0,1105.0,253.0,55.0,282.0,253.0,,4.0,,20.0,19964.127188815,1182.0,2331170.0,2331170.0,2237040.0
1790558139.7,25.0,1.0,,29.0,,209.0,1.0,1106.0,253.0,55.0,283.0,253.0,,4.0,,20.0,19964.127335705,1183.0,2335151.0,2330172.453014612,2237040.0
1790558142.4,24.0,1.0,,30.0,,209.0,1.0,1106.0,253.0,55.0,283.0,253.0,,4.0,,21.0,19964.127335705,1183.0,2253292.0,2189980.1977511724,2237040.0
1790558145.2,24.0,0.0,,31.0,,209.0,1.0,1106.0,253.0,55.0,284.0,253.0,,4.0,,21.0,19964.127335705,1183.0,2178225.0,2178225.0,2237040.0
1790558147.9,25.0,0.0,,30.0,,210.0,1.0,1108.0,254.0,55.0,284.0,254.0,,4.0,,21.0,19978.294508719,1186.0,2272824.0,2272824.0,2237040.0
1790558150.7,25.0,0.0,,30.0,,210.0,1.0,1108.0,254.0,55.0,284.0,254.0,,4.0,,21.0,19978.294508719,1186.0,2272824.0,2272824.0,2237040.0
1790558153.4,25.0,0.0,,30.0,,210.0,1.0,1109.0,254.0,55.0,284.0,254.0,,4.0,,21.0,19978.294632828998,1187.0,2273033.0,2273033.0,2237040.0
1790558156.1,25.0,0.0,,30.0,,210.0,1.0,1109.0,254.0,55.0,284.0,254.0,,4.0,,21.0,19978.294632828998,1187.0,2273033.0,2273033.0,2237040.0
1790558158.9,25.0,1.0,,29.0,,211.0,1.0,1110.0,255.0,55.0,285.0,255.0,,4.0,,20.0,20021.253040085,1189.0,2360137.0,2307876.436026423,2237040.0
1790558161.6,25.0,0.0,,30.0,,211.0,1.0,1110.0,255.0,55.0,285.0,255.0,,4.0,,20.0,20021.253040085,1189.0,2270372.0,2270372.0,2237040.0
1790558164.4,25.0,0.0,,30.0,,211.0,1.0,1110.0,255.0,55.0,285.0,255.0,,4.0,,20.0,20021.253040085,1189.0,2270372.0,2270372.0,2237040.0
1790558167.1,25.0,0.0,,30.0,,211.0,1.0,1111.0,255.0,55.0,285.0,255.0,,4.0,,21.0,20021.253177395,1190.0,2272415.0,2272415.0,2237040.0
1790558169.9,24.0,0.0,,31.0,,211.0,1.0,1111.0,255.0,55.0,286.0,255.0,,4.0,,21.0,20021.253177395,1190.0,2164391.0,2164391.0,2237040.0
1790558172.6,24.0,1.0,,30.0,,212.0,1.0,1112.0,256.0,55.0,286.0,256.0,,4.0,,20.0,20044.958183669998,1192.0,2240439.0,2190592.4722544705,2237040.0
1790558175.4,26.0,0.0,,29.0,,213.0,1.0,1112.0,257.0,55.0,286.0,257.0,,4.0,,19.0,20078.881757061,1193.0,2236605.0,2236605.0,2237040.0
1790558178.1,26.0,0.0,,29.0,,213.0,1.0,1113.0,257.0,55.0,286.0,257.0,,4.0,,20.0,20078.881884821,1194.0,2236970.0,2236970.0,2237040.0
1790558180.9,26.0,0.0,,29.0,,213.0,1.0,1113.0,257.0,55.0,286.0,257.0,,4.0,,20.0,20078.881884821,1194.0,2236970.0,2236970.0,2237040.0
1790558183.7,26.0,0.0,,29.0,,213.0,1.0,1113.0,257.0,55.0,286.0,257.0,,4.0,,20.0,20078.881884821,1194.0,2236970.0,2236970.0,2237040.0
1790558186.4,26.0,0.0,,29.0,,213.0,1.0,1114.0,257.0,55.0,286.0,257.0,,4.0,,20.0,20078.882008151,1195.0,2238639.0,2238639.0,2237040.0
1790558189.2,26.0,0.0,,29.0,,213.0,1.0,1116.0,257.0,55.0,286.0,257.0,,4.0,,20.0,18996.636956468,1075.0,2244911.0,2244911.0,2237040.0
1790558191.9,26.0,0.0,,29.0,,213.0,1.0,1117.0,257.0,55.0,286.0,257.0,,4.0,,20.0,18996.637155278,1076.0,2211899.0,2211899.0,2237040.0
1790558194.7,26.0,0.0,,29.0,,213.0,1.0,1118.0,257.0,55.0,286.0,257.0,,4.0,,20.0,18996.637260948,1077.0,2214525.0,2214525.0,2237040.0
1790558197.4,26.0,0.0,,29.0,,213.0,1.0,1119.0,257.0,55.0,286.0,257.0,,4.0,,20.0,18996.637347218,1078.0,2214331.0,2214331.0,2237040.0
1790558200.2,24.0,4.0,,27.0,,215.0,1.0,1121.0,259.0,55.0,286.0,259.0,,4.0,,18.0,19588.920685085,1082.0,2392864.0,2229014.5997545803,2237040.0
1790558202.9,26.0,2.0,,27.0,,215.0,1.0,1124.0,259.0,55.0,286.0,259.0,,4.0,,18.0,19588.921006525998,1085.0,2397897.0,2271060.436601676,2237040.0
1790558205.8,26.0,0.0,,29.0,,215.0,1.0,1124.0,259.0,55.0,288.0,259.0,,4.0,,19.0,19588.921006525998,1085.0,2260377.0,2260377.0,2237040.0
1790558208.5,26.0,0.0,,29.0,,215.0,1.0,1124.0,259.0,55.0,288.0,259.0,,4.0,,20.0,19588.921006525998,1085.0,2260377.0,2260377.0,2237040.0
1790558211.3,26.0,1.0,,28.0,,216.0,1.0,1124.0,260.0,55.0,288.0,260.0,,4.0,,19.0,19593.942254745998,1086.0,2253326.0,2235171.6454976876,2237040.0
1790558214.1,26.0,1.0,,28.0,,216.0,1.0,1125.0,260.0,55.0,288.0,260.0,,4.0,,19.0,19593.942313126,1087.0,2327835.0,2325403.1585020786,2237040.0
1790558216.9,26.0,1.0,,28.0,,216.0,1.0,1126.0,260.0,55.0,288.0,260.0,,4.0,,19.0,19593.942425286,1088.0,2327835.0,2260874.213469171,2237040.0
1790558219.6,27.0,0.0,,28.0,,216.0,1.0,1127.0,260.0,55.0,288.0,260.0,,4.0,,19.0,19593.942544036,1089.0,2327835.0,2327835.0,2237040.0
1790558222.3,27.0,0.0,,28.0,,216.0,1.0,1128.0,260.0,55.0,288.0,260.0,,4.0,,19.0,19593.942650036,1090.0,2331025.0,2331025.0,2237040.0
1790558225.1,26.0,0.0,,29.0,,216.0,1.0,1129.0,260.0,55.0,289.0,260.0,,4.0,,19.0,19593.942939176,1091.0,2287273.0,2287273.0,2237040.0
1790558227.8,25.0,1.0,,29.0,,216.0,1.0,1131.0,260.0,55.0,289.0,260.0,,4.0,,20.0,19593.943166196,1093.0,2292305.0,2278183.3512914497,2237040.0
1790558230.5,25.0,0.0,,30.0,,216.0,1.0,1131.0,260.0,55.0,290.0,260.0,,4.0,,20.0,19593.943166196,1093.0,2206764.0,2206764.0,2237040.0
1790558233.2,25.0,1.0,,29.0,,217.0,1.0,1131.0,261.0,55.0,290.0,261.0,,4.0,,20.0,19617.820601669,1094.0,2281636.0,2205274.3012584215,2237040.0
1790558236.0,25.0,1.0,,29.0,,218.0,1.0,1132.0,262.0,55.0,291.0,262.0,,4.0,,19.0,19626.204315323997,1096.0,2239638.0,2206790.018976678,2237040.0
1790558238.7,25.0,1.0,,29.0,,218.0,1.0,1132.0,262.0,55.0,291.0,262.0,,4.0,,20.0,19626.204315323997,1096.0,2239638.0,2166799.4231380066,2237040.0
1790558241.4,25.0,1.0,,29.0,,219.0,1.0,1132.0,263.0,55.0,292.0,263.0,,4.0,,20.0,19632.65410454,1097.0,2239625.0,2169140.760434718,2237040.0
1790558244.2,25.0,1.0,,29.0,,220.0,1.0,1133.0,264.0,55.0,293.0,264.0,,4.0,,19.0,19901.150957307,1099.0,2226972.0,2226775.890615852,2237040.0
1790558246.9,27.0,0.0,,28.0,,221.0,1.0,1133.0,265.0,55.0,293.0,265.0,,5.0,,19.0,21701.151309472,1100.0,2315837.0,2315837.0,2237040.0
1790558249.7,27.0,0.0,,28.0,,221.0,1.0,1133.0,265.0,55.0,293.0,265.0,,5.0,,19.0,21701.151309472,1100.0,2315837.0,2315837.0,2237040.0
1790558252.4,26.0,1.0,,28.0,,221.0,1.0,1134.0,265.0,55.0,293.0,265.0,,5.0,,19.0,21701.151433782,1101.0,2318606.0,2286952.2354739592,2237040.0
1790558255.1,26.0,0.0,,29.0,,221.0,1.0,1134.0,265.0,55.0,294.0,265.0,,5.0,,19.0,21701.151433782,1101.0,2252704.0,2252704.0,2237040.0
1790558257.9,26.0,0.0,,29.0,,221.0,1.0,1134.0,265.0,55.0,294.0,265.0,,5.0,,20.0,21701.151433782,1101.0,2252704.0,2252704.0,2237040.0
1790558260.6,26.0,0.0,,29.0,,222.0,1.0,1134.0,266.0,55.0,295.0,266.0,,5.0,,19.0,21703.340403912,1102.0,2231719.0,2231719.0,2237040.0
1790558263.3,25.0,1.0,,29.0,,222.0,1.0,1135.0,266.0,55.0,295.0,266.0,,5.0,,20.0,21703.340461582,1103.0,2232527.0,2230964.192089213,2237040.0
1790558266.0,25.0,1.0,,29.0,,222.0,1.0,1135.0,266.0,55.0,295.0,266.0,,5.0,,20.0,21703.340461582,1103.0,2226838.0,2158739.670933684,2237040.0
1790558268.8,26.0,0.0,,29.0,,222.0,1.0,1137.0,266.0,55.0,295.0,266.0,,5.0,,20.0,21703.340665951,1105.0,2231777.0,2231777.0,2237040.0
1790558271.5,26.0,0.0,,29.0,,222.0,1.0,1138.0,266.0,55.0,295.0,266.0,,5.0,,20.0,21703.340870491,1106.0,2233323.0,2233323.0,2237040.0
1790558274.2,26.0,0.0,,29.0,,222.0,1.0,1139.0,266.0,55.0,295.0,266.0,,5.0,,20.0,21703.340934221,1107.0,2220329.0,2220329.0,2237040.0
1790558277.0,25.0,1.0,,29.0,,222.0,1.0,1141.0,266.0,55.0,295.0,266.0,,5.0,,20.0,21703.34118393,1109.0,2216927.0,2186596.4161585867,2237040.0
1790558279.8,25.0,1.0,,29.0,,223.0,1.0,1141.0,267.0,55.0,296.0,267.0,,5.0,,19.0,21742.164527384,1110.0,2230144.0,2185490.1771823564,2237040.0
1790558282.5,25.0,1.0,,29.0,,224.0,1.0,1141.0,268.0,55.0,296.0,268.0,,5.0,,18.0,21763.48638851,1111.0,2230144.0,2148918.801815656,2237040.0
1790558285.2,27.0,0.0,,28.0,,224.0,1.0,1144.0,268.0,55.0,296.0,268.0,,5.0,,19.0,21763.486656549998,1114.0,2321553.0,2321553.0,2237040.0
1790558288.0,27.0,0.0,,28.0,,224.0,1.0,1144.0,268.0,55.0,296.0,268.0,,5.0,,19.0,21763.486656549998,1114.0,2321553.0,2321553.0,2237040.0
1790558290.7,27.0,0.0,,28.0,,224.0,1.0,1144.0,268.0,55.0,296.0,268.0,,5.0,,19.0,21763.486656549998,1114.0,2321553.0,2321553.0,2237040.0
1790558293.4,26.0,1.0,,28.0,,224.0,1.0,1144.0,268.0,55.0,296.0,268.0,,5.0,,19.0,21763.486656549998,1114.0,2323056.0,2298022.7116349866,2237040.0
1790558296.1,26.0,0.0,,29.0,,224.0,1.0,1144.0,268.0,55.0,297.0,268.0,,5.0,,19.0,21763.486656549998,1114.0,2254112.0,2254112.0,2237040.0
1790558298.9,26.0,0.0,,29.0,,224.0,1.0,1144.0,268.0,55.0,297.0,268.0,,5.0,,19.0,21763.486656549998,1114.0,2254112.0,2254112.0,2237040.0
1790558301.6,26.0,0.0,,29.0,,224.0,1.0,1144.0,268.0,55.0,297.0,268.0,,5.0,,20.0,21763.486656549998,1114.0,2254112.0,2254112.0,2237040.0
1790558304.3,26.0,0.0,,29.0,,224.0,1.0,1145.0,268.0,55.0,297.0,268.0,,5.0,,20.0,21763.4867812,1115.0,2258691.0,2258691.0,2237040.0
1790558307.1,25.0,1.0,,29.0,,224.0,1.0,1145.0,268.0,55.0,297.0,268.0,,5.0,,20.0,21763.4867812,1115.0,2255765.0,2209589.689967132,2237040.0
1790558309.8,25.0,1.0,,29.0,,226.0,1.0,1145.0,270.0,55.0,299.0,270.0,,5.0,,18.0,21798.250773062,1117.0,2255991.0,2217797.980414631,2237040.0
1790558312.5,25.0,1.0,,29.0,,226.0,1.0,1146.0,270.0,55.0,299.0,270.0,,5.0,,18.0,21798.250961472,1118.0,2255991.0,2173170.9000750715,2237040.0
1790558315.2,26.0,0.0,,29.0,,226.0,1.0,1147.0,270.0,55.0,299.0,270.0,,5.0,,20.0,21798.251024483,1119.0,2233265.0,2233265.0,2237040.0
1790558318.0,26.0,0.0,,29.0,,226.0,1.0,1148.0,270.0,55.0,299.0,270.0,,5.0,,20.0,21798.251155763,1120.0,2241570.0,2241570.0,2237040.0
1790558320.7,26.0,0.0,,29.0,,226.0,1.0,1149.0,270.0,55.0,299.0,270.0,,5.0,,20.0,21798.251254662,1121.0,2242056.0,2242056.0,2237040.0
1790558323.5,26.0,0.0,,29.0,,226.0,1.0,1150.0,270.0,55.0,299.0,270.0,,5.0,,20.0,21798.251361481998,1122.0,2245217.0,2245217.0,2237040.0
1790558326.2,25.0,1.0,,29.0,,227.0,1.0,1150.0,271.0,55.0,300.0,271.0,,5.0,,19.0,21808.862737919,1123.0,2231109.0,2228949.215205076,2237040.0
1790558328.9,26.0,0.0,,29.0,,227.0,1.0,1151.0,271.0,55.0,300.0,271.0,,5.0,,20.0,21808.862869198998,1124.0,2233712.0,2233712.0,2237040.0
1790558331.6,26.0,0.0,,29.0,,227.0,1.0,1152.0,271.0,55.0,300.0,271.0,,5.0,,20.0,21808.862947008998,1125.0,2233712.0,2233712.0,2237040.0
1790558334.4,26.0,0.0,,29.0,,227.0,1.0,1153.0,271.0,55.0,300.0,271.0,,5.0,,20.0,21808.863032579,1126.0,2275134.0,2275134.0,2237040.0
1790558337.1,26.0,0.0,,29.0,,227.0,1.0,1154.0,271.0,55.0,300.0,271.0,,5.0,,20.0,21808.863147409,1127.0,2275222.0,2275222.0,2237040.0
1790558339.9,25.0,0.0,,30.0,,227.0,1.0,1154.0,271.0,55.0,301.0,271.0,,5.0,,20.0,21808.863147409,1127.0,2186036.0,2186036.0,2237040.0
1790558342.6,25.0,0.0,,30.0,,227.0,1.0,1154.0,271.0,55.0,301.0,271.0,,5.0,,21.0,21808.863147409,1127.0,2186036.0,2186036.0,2237040.0
1790558345.4,25.0,0.0,,30.0,,228.0,1.0,1155.0,272.0,55.0,302.0,272.0,,5.0,,20.0,21837.585249106,1129.0,2166145.0,2166145.0,2237040.0
1790558348.1,25.0,0.0,,30.0,,228.0,1.0,1155.0,272.0,55.0,302.0,272.0,,5.0,,20.0,21837.585249106,1129.0,2166145.0,2166145.0,2237040.0
1790558350.8,26.0,0.0,,29.0,,229.0,1.0,1156.0,273.0,55.0,302.0,273.0,,6.0,,20.0,23637.58625194,1131.0,2279312.0,2279312.0,2237040.0
1790558353.6,26.0,0.0,,29.0,,229.0,1.0,1157.0,273.0,55.0,302.0,273.0,,6.0,,20.0,23637.58634758,1132.0,2297444.0,2297444.0,2237040.0
1790558356.4,26.0,0.0,,29.0,,229.0,1.0,1157.0,273.0,55.0,302.0,273.0,,6.0,,20.0,23637.58634758,1132.0,2297444.0,2297444.0,2237040.0
1790558359.1,26.0,0.0,,29.0,,229.0,1.0,1157.0,273.0,55.0,302.0,273.0,,6.0,,20.0,23637.58634758,1132.0,2297444.0,2297444.0,2237040.0
1790558361.9,25.0,1.0,,29.0,,229.0,1.0,1157.0,273.0,55.0,302.0,273.0,,6.0,,20.0,23637.58634758,1132.0,2299114.0,2247193.581841542,2237040.0
1790558364.6,24.0,1.0,,30.0,,229.0,1.0,1158.0,273.0,55.0,303.0,273.0,,6.0,,20.0,23637.58648368,1133.0,2212154.0,2209907.4001441747,2237040.0
1790558367.4,25.0,1.0,,29.0,,230.0,1.0,1161.0,274.0,55.0,303.0,274.0,,6.0,,20.0,23653.529842144,1137.0,2265896.0,2199949.4483198496,2237040.0
1790558370.1,26.0,0.0,,29.0,,230.0,1.0,1161.0,274.0,55.0,303.0,274.0,,6.0,,21.0,23653.529842144,1137.0,2266779.0,2266779.0,2237040.0
1790558372.8,26.0,0.0,,29.0,,230.0,1.0,1161.0,274.0,55.0,303.0,274.0,,6.0,,21.0,23653.529842144,1137.0,2266779.0,2266779.0,2237040.0
1790558375.6,25.0,0.0,,30.0,,230.0,1.0,1162.0,274.0,55.0,304.0,274.0,,6.0,,22.0,23653.529932504,1138.0,2181274.0,2181274.0,2237040.0
1790558378.3,23.0,2.0,,30.0,,231.0,1.0,1164.0,275.0,55.0,304.0,275.0,,6.0,,21.0,23656.89197633,1141.0,2182901.0,2167290.269546582,2237040.0
1790558381.1,25.0,1.0,,29.0,1.0,232.0,1.0,1167.0,276.0,55.0,305.0,276.0,,6.0,,20.0,23679.908915124,1145.0,2293427.0,2237744.3343537734,2237040.0
1790558383.8,25.0,1.0,,29.0,1.0,232.0,1.0,1167.0,276.0,55.0,305.0,276.0,,6.0,,20.0,23679.908915124,1145.0,2293427.0,2223330.481472196,2237040.0
1790558386.5,25.0,0.0,,30.0,1.0,232.0,1.0,1168.0,276.0,55.0,306.0,276.0,,6.0,,20.0,23679.908982064,1146.0,2241401.0,2241401.0,2237040.0
1790558389.3,25.0,0.0,,30.0,1.0,232.0,1.0,1168.0,276.0,55.0,306.0,276.0,,6.0,,21.0,23679.908982064,1146.0,2241401.0,2241401.0,2237040.0
1790558392.1,25.0,0.0,,30.0,1.0,232.0,1.0,1168.0,276.0,55.0,306.0,276.0,,6.0,,21.0,23679.908982064,1146.0,2241401.0,2241401.0,2237040.0
1790558394.9,25.0,0.0,,30.0,1.0,233.0,1.0,1169.0,277.0,55.0,307.0,277.0,,6.0,,20.0,23686.230546821,1148.0,2230627.0,2230627.0,2237040.0
1790558397.7,25.0,0.0,,30.0,1.0,233.0,1.0,1170.0,277.0,55.0,307.0,277.0,,6.0,,20.0,23686.230626881,1149.0,2230627.0,2230627.0,2237040.0
1790558400.4,25.0,0.0,,30.0,1.0,233.0,1.0,1172.0,277.0,55.0,307.0,277.0,,6.0,,21.0,23686.230835170998,1151.0,2192426.0,2192426.0,2237040.0
1790558403.2,25.0,1.0,,29.0,1.0,234.0,1.0,1173.0,278.0,55.0,307.0,278.0,,6.0,,20.0,23691.380226442,1153.0,2290915.0,2236993.3512167186,2237040.0
1790558405.9,25.0,0.0,,30.0,1.0,234.0,1.0,1173.0,278.0,55.0,308.0,278.0,,6.0,,20.0,23691.380226442,1153.0,2216486.0,2216486.0,2237040.0
1790558408.6,25.0,0.0,,30.0,1.0,234.0,1.0,1176.0,278.0,55.0,308.0,278.0,,6.0,,20.0,23691.380673142998,1156.0,2219882.0,2219882.0,2237040.0
1790558411.4,25.0,0.0,,30.0,1.0,234.0,1.0,1178.0,279.0,55.0,309.0,279.0,,6.0,,20.0,23691.710252532,1159.0,2264752.0,2264752.0,2237040.0
1790558414.1,24.0,0.0,,31.0,1.0,234.0,1.0,1178.0,279.0,55.0,310.0,279.0,,6.0,,20.0,23691.710252532,1159.0,2177237.0,2177237.0,2237040.0
1790558416.9,24.0,1.0,,30.0,1.0,234.0,1.0,1178.0,280.0,55.0,310.0,280.0,,6.0,,20.0,23691.710345452,1160.0,2250592.0,2206169.510310893,2237040.0
1790558419.6,25.0,0.0,,30.0,1.0,234.0,1.0,1179.0,280.0,55.0,310.0,280.0,,6.0,,20.0,23691.710477872,1161.0,2250592.0,2250592.0,2237040.0
1790558422.4,25.0,0.0,,30.0,1.0,234.0,1.0,1180.0,280.0,55.0,310.0,280.0,,6.0,,21.0,23691.710615682,1162.0,2252478.0,2252478.0,2237040.0
1790558425.2,25.0,0.0,,30.0,1.0,234.0,1.0,1182.0,280.0,55.0,310.0,280.0,,6.0,,21.0,23691.710865772,1164.0,2294976.0,2294976.0,2237040.0
1790558427.9,25.0,0.0,,30.0,1.0,234.0,1.0,1183.0,280.0,55.0,310.0,280.0,,6.0,,21.0,23691.710988872,1165.0,2274247.0,2274247.0,2237040.0
1790558430.7,24.0,1.0,,30.0,1.0,234.0,1.0,1183.0,280.0,55.0,310.0,280.0,,6.0,,21.0,23691.710988872,1165.0,2273694.0,2262666.6847005473,2237040.0
1790558433.6,25.0,0.0,,30.0,1.0,234.0,1.0,1186.0,280.0,55.0,310.0,280.0,,6.0,,21.0,23691.711497193,1168.0,2313022.0,2313022.0,2237040.0
1790558436.3,25.0,0.0,,30.0,1.0,234.0,1.0,1186.0,280.0,55.0,310.0,280.0,,6.0,,21.0,23691.711497193,1168.0,2313022.0,2313022.0,2237040.0
1790558439.0,25.0,0.0,,30.0,1.0,234.0,1.0,1186.0,280.0,55.0,310.0,280.0,,6.0,,21.0,23691.711497193,1168.0,2313022.0,2313022.0,2237040.0
1790558441.8,25.0,0.0,,30.0,1.0,234.0,1.0,1188.0,280.0,55.0,310.0,280.0,,6.0,,21.0,23691.711802103,1170.0,2300372.0,2300372.0,2237040.0
1790558444.6,25.0,0.0,,30.0,1.0,234.0,1.0,1188.0,280.0,55.0,310.0,280.0,,6.0,,21.0,23691.711802103,1170.0,2324938.0,2324938.0,2237040.0
1790558447.3,25.0,0.0,,30.0,1.0,234.0,1.0,1189.0,280.0,55.0,310.0,280.0,,6.0,,21.0,23691.711886103,1171.0,2323837.0,2323837.0,2237040.0
1790558450.1,25.0,0.0,,30.0,1.0,234.0,1.0,1189.0,280.0,55.0,310.0,280.0,,6.0,,21.0,23691.711886103,1171.0,2323837.0,2323837.0,2237040.0
1790558452.8,25.0,0.0,,30.0,1.0,234.0,1.0,1189.0,280.0,55.0,310.0,280.0,,6.0,,21.0,23691.711886103,1171.0,2323837.0,2323837.0,2237040.0
1790558455.6,25.0,0.0,,30.0,1.0,234.0,1.0,1190.0,280.0,55.0,310.0,280.0,,6.0,,21.0,23691.711947732998,1172.0,2325957.0,2325957.0,2237040.0
1790558458.3,24.0,1.0,,30.0,1.0,234.0,1.0,1191.0,280.0,55.0,310.0,280.0,,6.0,,21.0,23691.712091932997,1173.0,2326380.0,2242003.674913039,2237040.0
1790558461.0,25.0,0.0,,30.0,1.0,234.0,1.0,1192.0,280.0,55.0,310.0,280.0,,6.0,,21.0,23691.712258333,1174.0,2326380.0,2326380.0,2237040.0
1790558463.8,25.0,0.0,,30.0,1.0,234.0,1.0,1193.0,280.0,55.0,310.0,280.0,,6.0,,21.0,23691.712503431998,1175.0,2327074.0,2327074.0,2237040.0
1790558466.5,25.0,0.0,,30.0,1.0,234.0,1.0,1193.0,280.0,55.0,310.0,280.0,,6.0,,21.0,23691.712503431998,1175.0,2327074.0,2327074.0,2237040.0
1790558469.3,25.0,0.0,,30.0,1.0,234.0,1.0,1193.0,280.0,55.0,310.0,280.0,,6.0,,21.0,23691.712503431998,1175.0,2279392.0,2279392.0,2237040.0
1790558472.0,24.0,1.0,,30.0,1.0,234.0,1.0,1194.0,280.0,55.0,310.0,280.0,,6.0,,21.0,23691.712636181997,1176.0,2281430.0,2249828.017982513,2237040.0
1790558474.7,25.0,0.0,,30.0,1.0,235.0,1.0,1196.0,281.0,55.0,310.0,281.0,,7.0,,20.0,25491.713355734,1179.0,2281430.0,2281430.0,2237040.0
1790558477.5,26.0,0.0,,29.0,1.0,235.0,1.0,1198.0,281.0,55.0,310.0,281.0,,7.0,,20.0,25491.713639654,1181.0,2390014.0,2390014.0,2237040.0
1790558480.2,26.0,0.0,,29.0,1.0,235.0,1.0,1198.0,281.0,55.0,310.0,281.0,,7.0,,20.0,25491.713639654,1181.0,2390014.0,2390014.0,2237040.0
1790558483.0,26.0,0.0,,29.0,1.0,235.0,1.0,1199.0,281.0,55.0,310.0,281.0,,7.0,,20.0,25491.713821454,1182.0,2391480.0,2391480.0,2237040.0
1790558485.7,26.0,0.0,,29.0,1.0,235.0,1.0,1199.0,281.0,55.0,310.0,281.0,,7.0,,20.0,25491.713821454,1182.0,2391480.0,2391480.0,2237040.0
1790558488.5,26.0,0.0,,29.0,1.0,235.0,1.0,1199.0,281.0,55.0,310.0,281.0,,7.0,,20.0,23678.213647107998,1156.0,2391480.0,2391480.0,2237040.0
1790558491.2,26.0,0.0,,29.0,1.0,235.0,1.0,1199.0,281.0,55.0,310.0,281.0,,7.0,,20.0,23678.213647107998,1156.0,2391480.0,2391480.0,2237040.0
1790558493.9,25.0,1.0,,29.0,1.0,235.0,1.0,1200.0,281.0,55.0,311.0,281.0,,7.0,,20.0,23678.213789597998,1157.0,2393277.0,2345333.557275641,2237040.0
1790558496.7,25.0,0.0,,30.0,1.0,235.0,1.0,1200.0,281.0,55.0,311.0,281.0,,7.0,,21.0,23678.213789597998,1157.0,2278614.0,2278614.0,2237040.0
1790558499.6,25.0,0.0,,30.0,1.0,235.0,1.0,1200.0,281.0,55.0,311.0,281.0,,7.0,,21.0,23678.213789597998,1157.0,2278614.0,2278614.0,2237040.0
1790558502.4,24.0,1.0,,30.0,1.0,235.0,1.0,1201.0,281.0,55.0,311.0,281.0,,7.0,,21.0,23678.213896398,1158.0,2279891.0,2228852.096483581,2237040.0
1790558505.2,23.0,1.0,,31.0,1.0,235.0,1.0,1201.0,281.0,55.0,312.0,281.0,,7.0,,21.0,23678.213896398,1158.0,2203753.0,2178307.855554218,2237040.0
1790558507.9,25.0,2.0,,28.0,1.0,237.0,1.0,1201.0,284.0,55.0,312.0,284.0,,7.0,,19.0,23927.440365447,1161.0,2422034.0,2232182.9728994537,2237040.0
1790558510.7,25.0,0.0,,30.0,1.0,237.0,1.0,1203.0,284.0,55.0,314.0,284.0,,7.0,,19.0,23927.440560318,1163.0,2223379.0,2223379.0,2237040.0
1790558513.4,25.0,0.0,,30.0,1.0,237.0,1.0,1203.0,284.0,55.0,314.0,284.0,,7.0,,20.0,23927.440560318,1163.0,2258151.0,2258151.0,2237040.0
1790558516.1,25.0,0.0,,30.0,1.0,237.0,1.0,1203.0,284.0,55.0,314.0,284.0,,7.0,,21.0,23927.440560318,1163.0,2258151.0,2258151.0,2237040.0
1790558518.9,25.0,0.0,,30.0,1.0,237.0,1.0,1204.0,284.0,55.0,314.0,284.0,,7.0,,21.0,23927.440653417998,1164.0,2263972.0,2263972.0,2237040.0
1790558521.6,25.0,0.0,,30.0,1.0,237.0,1.0,1204.0,284.0,55.0,314.0,284.0,,7.0,,21.0,23927.440653417998,1164.0,2263972.0,2263972.0,2237040.0
1790558524.3,25.0,0.0,,30.0,1.0,237.0,1.0,1204.0,284.0,55.0,314.0,284.0,,7.0,,21.0,23927.440653417998,1164.0,2263972.0,2263972.0,2237040.0
1790558527.1,25.0,0.0,,30.0,1.0,237.0,1.0,1204.0,284.0,55.0,314.0,284.0,,7.0,,21.0,23927.440653417998,1164.0,2263972.0,2263972.0,2237040.0
1790558529.8,25.0,0.0,,30.0,1.0,237.0,1.0,1204.0,284.0,55.0,314.0,284.0,,7.0,,21.0,23927.440653417998,1164.0,2263972.0,2263972.0,2237040.0
1790558532.6,24.0,1.0,,30.0,1.0,237.0,1.0,1206.0,284.0,55.0,314.0,284.0,,7.0,,21.0,23927.440926379,1166.0,2272157.0,2271115.985996935,2237040.0
1790558535.4,25.0,0.0,,30.0,1.0,238.0,1.0,1208.0,285.0,55.0,315.0,285.0,,7.0,,22.0,23950.644822888,1169.0,2277094.0,2277094.0,2237040.0
1790558538.1,25.0,0.0,,30.0,1.0,238.0,1.0,1209.0,285.0,55.0,315.0,285.0,,7.0,,22.0,23950.644988517,1170.0,2277355.0,2277355.0,2237040.0
1790558540.8,24.0,1.0,,30.0,1.0,238.0,2.0,1209.0,285.0,56.0,315.0,285.0,,7.0,,21.0,23956.655377424,1171.0,2272693.0,2241010.7629588023,2237040.0
1790558543.6,26.0,0.0,,30.0,1.0,238.0,2.0,1211.0,285.0,56.0,315.0,285.0,,7.0,,21.0,23956.655638594,1173.0,2310328.0,2310328.0,2237040.0
1790558546.4,24.0,1.0,,31.0,1.0,238.0,2.0,1211.0,285.0,56.0,316.0,285.0,,7.0,,22.0,23956.655638594,1173.0,2252235.0,2203651.795836289,2237040.0
1790558549.1,24.0,1.0,,31.0,1.0,239.0,2.0,1211.0,286.0,56.0,317.0,286.0,,7.0,,21.0,23961.623315057,1174.0,2252235.0,2183613.466393616,2237040.0
1790558551.9,25.0,0.0,,31.0,1.0,239.0,2.0,1211.0,286.0,56.0,317.0,286.0,,7.0,,21.0,23961.623315057,1174.0,2235712.0,2235712.0,2237040.0
1790558554.7,24.0,1.0,,31.0,1.0,240.0,2.0,1212.0,287.0,56.0,317.0,287.0,,7.0,,21.0,23963.164307909,1176.0,2233819.0,2163643.254305788,2237040.0
1790558557.4,26.0,0.0,,30.0,1.0,240.0,2.0,1212.0,287.0,56.0,317.0,287.0,,7.0,,21.0,23963.164307909,1176.0,2279695.0,2279695.0,2237040.0
1790558560.2,26.0,0.0,,30.0,1.0,240.0,2.0,1213.0,287.0,56.0,317.0,287.0,,7.0,,21.0,23963.164443199,1177.0,2280385.0,2280385.0,2237040.0
1790558563.0,25.0,1.0,,30.0,1.0,240.0,2.0,1213.0,287.0,56.0,317.0,287.0,,7.0,,21.0,23963.164443199,1177.0,2276774.0,2254891.0958509846,2237040.0
1790558565.7,26.0,0.0,,30.0,1.0,241.0,2.0,1213.0,288.0,56.0,318.0,288.0,,7.0,,20.0,23991.862956137,1178.0,2219283.0,2219283.0,2237040.0
1790558568.5,26.0,0.0,,30.0,1.0,241.0,2.0,1213.0,288.0,56.0,318.0,288.0,,7.0,,20.0,23991.862956137,1178.0,2219283.0,2219283.0,2237040.0
1790558571.3,26.0,0.0,,30.0,1.0,241.0,2.0,1216.0,288.0,56.0,318.0,288.0,,7.0,,21.0,23991.863330737,1181.0,2231277.0,2231277.0,2237040.0
1790558574.0,26.0,0.0,,30.0,1.0,241.0,2.0,1217.0,288.0,56.0,318.0,288.0,,7.0,,21.0,23991.863438627,1182.0,2231277.0,2231277.0,2237040.0
1790558576.8,25.0,2.0,,29.0,1.0,242.0,2.0,1218.0,289.0,56.0,318.0,289.0,,7.0,,20.0,24402.677112751,1184.0,2317617.0,2227588.6586917336,2237040.0
1790558579.5,26.0,0.0,,30.0,1.0,243.0,2.0,1219.0,290.0,56.0,320.0,290.0,,7.0,,19.0,24653.052121702,1186.0,2211560.0,2211560.0,2237040.0
1790558582.3,25.0,1.0,,30.0,1.0,243.0,2.0,1221.0,290.0,56.0,320.0,290.0,,7.0,,19.0,24653.052298322,1188.0,2218224.0,2209514.871407111,2237040.0
1790558585.0,26.0,0.0,,30.0,1.0,243.0,2.0,1222.0,290.0,56.0,320.0,290.0,,7.0,,20.0,24653.052351981998,1189.0,2218224.0,2218224.0,2237040.0
1790558587.8,26.0,0.0,,30.0,1.0,243.0,2.0,1224.0,290.0,56.0,320.0,290.0,,7.0,,20.0,24653.052544530998,1191.0,2226400.0,2226400.0,2237040.0
1790558590.6,26.0,0.0,,30.0,1.0,243.0,2.0,1224.0,290.0,56.0,320.0,290.0,,7.0,,20.0,24653.052544530998,1191.0,2227280.0,2227280.0,2237040.0
1790558593.3,26.0,0.0,,30.0,1.0,243.0,2.0,1226.0,290.0,56.0,320.0,290.0,,7.0,,20.0,24653.052754370998,1193.0,2235298.0,2235298.0,2237040.0
1790558596.1,25.0,1.0,,30.0,1.0,243.0,2.0,1228.0,290.0,56.0,320.0,290.0,,7.0,,20.0,24653.052936561,1195.0,2234180.0,2192247.9421115536,2237040.0
1790558598.9,26.0,0.0,,30.0,1.0,243.0,2.0,1228.0,290.0,56.0,320.0,290.0,,7.0,,20.0,24653.052936561,1195.0,2234180.0,2234180.0,2237040.0
1790558601.6,26.0,0.0,,30.0,1.0,243.0,2.0,1230.0,290.0,56.0,320.0,290.0,,7.0,,20.0,24653.053166891,1197.0,2247690.0,2247690.0,2237040.0
1790558604.4,25.0,1.0,,30.0,1.0,244.0,2.0,1230.0,291.0,56.0,321.0,291.0,,7.0,,20.0,24673.333418345,1198.0,2246715.0,2222870.5615531644,2237040.0
1790558607.1,26.0,0.0,,30.0,1.0,244.0,2.0,1232.0,291.0,56.0,321.0,291.0,,7.0,,20.0,24673.333623604998,1200.0,2247390.0,2247390.0,2237040.0
1790558609.9,25.0,0.0,,31.0,1.0,245.0,2.0,1234.0,292.0,56.0,323.0,292.0,,7.0,,19.0,24677.342468269,1203.0,2162401.0,2162401.0,2237040.0
1790558612.6,25.0,1.0,,30.0,1.0,245.0,2.0,1234.0,293.0,56.0,323.0,293.0,,7.0,,19.0,24677.342541199,1204.0,2224370.0,2217295.029067474,2237040.0
1790558615.4,24.0,2.0,,30.0,1.0,247.0,2.0,1234.0,295.0,56.0,325.0,295.0,,7.0,,17.0,26850.583224685,1206.0,2278505.0,2151627.378260688,2237040.0
1790558618.1,25.0,2.0,,29.0,1.0,248.0,2.0,1234.0,296.0,56.0,325.0,296.0,,7.0,,16.0,28487.437651875,1207.0,2376496.0,2213054.587385989,2237040.0
1790558620.9,25.0,0.0,,31.0,1.0,248.0,2.0,1234.0,296.0,56.0,327.0,296.0,,7.0,,16.0,28487.437651875,1207.0,2200872.0,2200872.0,2237040.0
1790558623.6,25.0,0.0,,31.0,1.0,248.0,2.0,1234.0,296.0,56.0,327.0,296.0,,7.0,,16.0,28487.437651875,1207.0,2200872.0,2200872.0,2237040.0
1790558626.4,25.0,0.0,,31.0,1.0,248.0,2.0,1234.0,296.0,56.0,327.0,296.0,,7.0,,16.0,28487.437651875,1207.0,2200872.0,2200872.0,2237040.0
1790558629.1,24.0,2.0,,30.0,1.0,250.0,2.0,1234.0,298.0,56.0,328.0,298.0,,7.0,,14.0,29507.412009318,1209.0,2257990.0,2194261.1691731582,2237040.0
1790558631.9,24.0,2.0,,30.0,1.0,250.0,2.0,1234.0,298.0,56.0,328.0,298.0,,7.0,,14.0,29507.412009318,1209.0,2318577.0,2201684.1590852113,2237040.0
1790558634.6,24.0,0.0,,32.0,1.0,251.0,2.0,1234.0,299.0,56.0,331.0,299.0,,7.0,,13.0,30615.020849309,1210.0,2194184.0,2194184.0,2237040.0
1790558637.3,24.0,1.0,,31.0,1.0,252.0,2.0,1234.0,300.0,56.0,331.0,300.0,,7.0,,12.0,31207.474565817,1211.0,2293973.0,2214984.04976337,2237040.0
1790558640.1,24.0,0.0,,32.0,1.0,252.0,2.0,1234.0,300.0,56.0,332.0,300.0,,7.0,,12.0,31207.474565817,1211.0,2196787.0,2196787.0,2237040.0
1790558642.8,24.0,0.0,,32.0,1.0,252.0,2.0,1234.0,300.0,56.0,332.0,300.0,,7.0,,12.0,31207.474565817,1211.0,2196787.0,2196787.0,2237040.0
1790558645.6,23.0,1.0,,32.0,1.0,253.0,2.0,1234.0,301.0,56.0,332.0,301.0,,7.0,,11.0,31893.234421554,1212.0,2197081.0,2141257.6331920293,2237040.0
1790558648.3,24.0,1.0,,31.0,1.0,253.0,2.0,1234.0,301.0,56.0,332.0,301.0,,7.0,,11.0,31893.234421554,1212.0,2297225.0,2211534.9468406904,2237040.0
1790558651.1,24.0,0.0,,32.0,1.0,253.0,2.0,1234.0,301.0,56.0,333.0,301.0,,7.0,,11.0,31893.234421554,1212.0,2207275.0,2207275.0,2237040.0
1790558653.9,23.0,3.0,,30.0,1.0,255.0,2.0,1234.0,303.0,56.0,333.0,303.0,,7.0,,9.0,33311.687501114,1214.0,2416360.0,2179295.2129781977,2237040.0
1790558656.7,24.0,1.0,,31.0,1.0,256.0,2.0,1234.0,304.0,56.0,335.0,304.0,,7.0,,8.0,33790.501932515,1215.0,2333235.0,2236660.2683080416,2237040.0
1790558659.5,24.0,0.0,,32.0,1.0,256.0,2.0,1234.0,304.0,56.0,336.0,304.0,,7.0,,8.0,33790.501932515,1215.0,2234028.0,2234028.0,2237040.0
1790558662.3,24.0,0.0,,32.0,1.0,256.0,2.0,1234.0,304.0,56.0,336.0,304.0,,7.0,,8.0,33790.501932515,1215.0,2234028.0,2234028.0,2237040.0
1790558665.1,24.0,0.0,,32.0,1.0,256.0,2.0,1234.0,304.0,56.0,336.0,304.0,,7.0,,8.0,33790.501932515,1215.0,2234028.0,2234028.0,2237040.0
1790558667.8,24.0,0.0,,32.0,1.0,256.0,2.0,1234.0,304.0,56.0,336.0,304.0,,7.0,,8.0,33790.501932515,1215.0,2234028.0,2234028.0,2237040.0
1790558670.6,21.0,3.0,,32.0,1.0,257.0,2.0,1234.0,305.0,56.0,336.0,305.0,,7.0,,7.0,34721.777492823,1216.0,2212759.0,2151813.287218915,2237040.0
1790558673.4,22.0,3.0,,31.0,1.0,257.0,2.0,1234.0,305.0,56.0,336.0,305.0,,7.0,,7.0,34721.777492823,1216.0,2321560.0,2136113.2316701273,2237040.0
1790558676.1,22.0,2.0,,32.0,1.0,258.0,2.0,1234.0,306.0,56.0,338.0,306.0,,7.0,,6.0,35014.920981548,1217.0,2330012.0,2170614.195098326,2237040.0
1790558678.9,22.0,2.0,,32.0,1.0,258.0,2.0,1234.0,306.0,56.0,338.0,306.0,,7.0,,6.0,35014.920981548,1217.0,2330012.0,2127638.775737415,2237040.0
1790558681.7,22.0,1.0,,33.0,1.0,258.0,2.0,1234.0,306.0,56.0,339.0,306.0,,7.0,,6.0,35014.920981548,1217.0,2229664.0,2122257.7711897353,2237040.0
1790558684.5,22.0,0.0,,34.0,2.0,259.0,2.0,1235.0,307.0,56.0,341.0,307.0,,7.0,,4.0,36671.561752402,1219.0,2153904.0,2153904.0,2237040.0
1790558687.3,22.0,0.0,,34.0,2.0,259.0,2.0,1235.0,307.0,56.0,341.0,307.0,,7.0,,4.0,36671.561752402,1219.0,2153904.0,2153904.0,2237040.0
1790558690.1,23.0,0.0,,33.0,2.0,260.0,2.0,1235.0,308.0,56.0,341.0,308.0,,7.0,,3.0,36865.980092967,1220.0,2214697.0,2214697.0,2237040.0
1790558692.8,23.0,0.0,,33.0,2.0,260.0,2.0,1235.0,308.0,56.0,341.0,308.0,,7.0,,3.0,36865.980092967,1220.0,2214697.0,2214697.0,2237040.0
1790558695.6,23.0,0.0,,33.0,2.0,260.0,2.0,1235.0,308.0,56.0,341.0,308.0,,7.0,,3.0,36865.980092967,1220.0,2214697.0,2214697.0,2237040.0
1790558698.3,22.0,2.0,,32.0,2.0,261.0,2.0,1235.0,309.0,56.0,341.0,309.0,,7.0,,2.0,38622.491832604,1221.0,2335152.0,2222769.7775294622,2237040.0
1790558701.1,22.0,0.0,,34.0,2.0,261.0,2.0,1235.0,309.0,56.0,343.0,309.0,,7.0,,2.0,38622.491832604,1221.0,2166893.0,2166893.0,2237040.0
1790558703.8,22.0,1.0,,33.0,2.0,262.0,2.0,1235.0,310.0,56.0,343.0,310.0,,7.0,,1.0,38810.965422006,1222.0,2280593.0,2203266.146884322,2237040.0
1790558706.6,22.0,0.0,,34.0,2.0,262.0,2.0,1235.0,310.0,56.0,344.0,310.0,,7.0,,1.0,38810.965422006,1222.0,2179281.0,2179281.0,2237040.0
1790558709.4,22.0,0.0,,34.0,2.0,262.0,2.0,1235.0,310.0,56.0,344.0,310.0,,7.0,,1.0,38810.965422006,1222.0,2179281.0,2179281.0,2237040.0
1790558712.2,22.0,0.0,,34.0,2.0,262.0,2.0,1235.0,310.0,56.0,344.0,310.0,,7.0,,1.0,38810.965422006,1222.0,2179281.0,2179281.0,2237040.0
1790558714.9,22.0,0.0,,34.0,2.0,263.0,2.0,1235.0,311.0,56.0,345.0,311.0,,7.0,,,38954.891344481,1223.0,2205520.0,2205520.0,2237040.0
1790558717.7,22.0,0.0,,34.0,2.0,263.0,2.0,1235.0,311.0,56.0,345.0,311.0,,7.0,,,38954.891344481,1223.0,2205520.0,2205520.0,2237040.0
1790558720.4,22.0,0.0,,34.0,2.0,263.0,2.0,1235.0,311.0,56.0,345.0,311.0,,7.0,,,38954.891344481,1223.0,2205520.0,2205520.0,2237040.0
1790558723.1,22.0,0.0,,34.0,2.0,263.0,2.0,1235.0,311.0,56.0,345.0,311.0,,7.0,,,38954.891344481,1223.0,2205520.0,2205520.0,2237040.0
1790558725.9,22.0,0.0,,34.0,2.0,263.0,2.0,1235.0,311.0,56.0,345.0,311.0,,7.0,,,38954.891344481,1223.0,2205520.0,2205520.0,2237040.0
1790558728.6,22.0,0.0,,34.0,2.0,263.0,2.0,1235.0,311.0,56.0,345.0,311.0,,7.0,,,38954.891344481,1223.0,2205520.0,2205520.0,2237040.0
1790558731.4,0.0,22.0,,34.0,2.0,263.0,2.0,1235.0,311.0,56.0,345.0,311.0,,7.0,,,38954.891344481,1223.0,2205047.0,1464411.9955258076,2237040.0
1790558734.1,0.0,22.0,,34.0,2.0,263.0,2.0,1235.0,311.0,56.0,345.0,311.0,,7.0,,,38954.891344481,1223.0,2205047.0,365870.186018994,2237040.0
1790558736.9,0.0,22.0,,34.0,2.0,263.0,2.0,1235.0,311.0,56.0,345.0,311.0,,7.0,,,38954.891344481,1223.0,2205047.0,45666.40178468386,2237040.0
1790558739.6,0.0,22.0,,34.0,2.0,263.0,2.0,1235.0,311.0,56.0,345.0,311.0,,7.0,,,38954.891344481,1223.0,2205047.0,5698.182422638463,2237040.0
1790558742.3,0.0,22.0,,34.0,2.0,263.0,2.0,1235.0,311.0,56.0,345.0,311.0,,7.0,,,38954.891344481,1223.0,2205047.0,711.5480487436341,2237040.0
1790558745.1,0.0,22.0,,34.0,2.0,263.0,2.0,1235.0,311.0,56.0,345.0,311.0,,7.0,,,38954.891344481,1223.0,2205047.0,177.71242674379226,2237040.0
1790558747.8,0.0,22.0,,34.0,2.0,263.0,2.0,1235.0,311.0,56.0,345.0,311.0,,7.0,,,38954.891344481,1223.0,2205047.0,22.18370763380305,2237040.0
1790558750.5,0.0,22.0,,34.0,2.0,263.0,2.0,1235.0,311.0,56.0,345.0,311.0,,7.0,,,38954.891344481,1223.0,2205047.0,2.77028166841107,2237040.0
1790558753.3,0.0,22.0,,34.0,2.0,263.0,2.0,1235.0,311.0,56.0,345.0,311.0,,7.0,,,38954.891344481,1223.0,2205047.0,0.6923166820129992,2237040.0
1790558756.0,0.0,22.0,,34.0,2.0,263.0,2.0,1235.0,311.0,56.0,345.0,311.0,,7.0,,,38954.891344481,1223.0,2205047.0,0.0864422121341536,2237040.0
1790558758.7,0.0,22.0,,34.0,2.0,263.0,2.0,1235.0,311.0,56.0,345.0,311.0,,7.0,,,38954.891344481,1223.0,2205047.0,0.010785208137737768,2237040.0
1790558761.4,0.0,22.0,,34.0,2.0,263.0,2.0,1235.0,311.0,56.0,345.0,311.0,,7.0,,,38954.891344481,1223.0,2205047.0,0.001346368286225152,2237040.0
1790558764.2,0.0,22.0,,34.0,2.0,263.0,2.0,1235.0,311.0,56.0,345.0,311.0,,7.0,,,38954.891344481,1223.0,2205047.0,0.00033634863686603375,2237040.0
1790558766.9,0.0,22.0,,34.0,2.0,263.0,2.0,1235.0,311.0,56.0,345.0,311.0,,7.0,,,38954.891344481,1223.0,2205047.0,4.199686192035233e-05,2237040.0
1790558769.6,0.0,22.0,,34.0,2.0,263.0,2.0,1235.0,311.0,56.0,345.0,311.0,,7.0,,,38954.891344481,1223.0,2205047.0,5.244012709413393e-06,2237040.0
1790558772.3,0.0,22.0,,34.0,2.0,263.0,2.0,1235.0,311.0,56.0,345.0,311.0,,7.0,,,38954.891344481,1223.0,2205047.0,6.547626655633318e-07,2237040.0
1790558775.1,0.0,22.0,,34.0,2.0,263.0,2.0,1235.0,311.0,56.0,345.0,311.0,,7.0,,,38954.891344481,1223.0,2205047.0,1.6359517049173437e-07,2237040.0
1790558777.8,0.0,22.0,,34.0,2.0,263.0,2.0,1235.0,311.0,56.0,345.0,311.0,,7.0,,,38954.891344481,1223.0,2205047.0,2.042388174832133e-08,2237040.0
1790558780.5,0.0,22.0,,34.0,2.0,263.0,2.0,1235.0,311.0,56.0,345.0,311.0,,7.0,,,38954.891344481,1223.0,2205047.0,2.548398283382396e-09,2237040.0
1790558783.3,0.0,22.0,,34.0,2.0,263.0,2.0,1235.0,311.0,56.0,345.0,311.0,,7.0,,,38954.891344481,1223.0,2205047.0,6.364965135239575e-10,2237040.0
1790558786.0,0.0,22.0,,34.0,2.0,263.0,2.0,1235.0,311.0,56.0,345.0,311.0,,7.0,,,38954.891344481,1223.0,2205047.0,7.951453544252075e-11,2237040.0
1790558788.8,0.0,22.0,,34.0,2.0,263.0,2.0,1235.0,311.0,56.0,345.0,311.0,,7.0,,,7286.667212628,585.0,2205047.0,9.924627215612081e-12,2237040.0
1790558791.4,0.0,22.0,,34.0,2.0,263.0,2.0,1235.0,311.0,56.0,345.0,311.0,,7.0,,,7286.667212628,585.0,2205047.0,1.2398017361864063e-12,2237040.0
1790558794.1,0.0,22.0,,34.0,2.0,263.0,2.0,1235.0,311.0,56.0,345.0,311.0,,7.0,,,7286.667212628,585.0,2205047.0,3.0958203881269483e-13,2237040.0
1790558796.8,0.0,22.0,,34.0,2.0,263.0,2.0,1235.0,311.0,56.0,345.0,311.0,,7.0,,,7286.667212628,585.0,2205047.0,3.867788784868161e-14,2237040.0
1790558799.5,0.0,22.0,,34.0,2.0,263.0,2.0,1235.0,311.0,56.0,345.0,311.0,,7.0,,,7286.667212628,585.0,2205047.0,4.832368165693934e-15,2237040.0
1790558802.2,0.0,22.0,,34.0,2.0,263.0,2.0,1235.0,311.0,56.0,345.0,311.0,,7.0,,,7286.667212628,585.0,2205047.0,1.2060868265918318e-15,2237040.0
1790558804.9,0.0,22.0,,34.0,2.0,263.0,2.0,1235.0,311.0,56.0,345.0,311.0,,7.0,,,7286.667212628,585.0,2205047.0,1.506393846686353e-16,2237040.0
1790558807.6,0.0,22.0,,34.0,2.0,263.0,2.0,1235.0,311.0,56.0,345.0,311.0,,7.0,,,7286.667212628,585.0,2205047.0,1.88051695353111e-17,2237040.0
1790558810.3,0.0,22.0,,34.0,2.0,263.0,2.0,1235.0,311.0,56.0,345.0,311.0,,7.0,,,7286.667212628,585.0,2205047.0,4.698270652161641e-18,2237040.0
1790558813.0,0.0,22.0,,34.0,2.0,263.0,2.0,1235.0,311.0,56.0,345.0,311.0,,7.0,,,7286.667212628,585.0,2205047.0,5.864926484923795e-19,2237040.0
1790558815.7,0.0,22.0,,34.0,2.0,263.0,2.0,1235.0,311.0,56.0,345.0,311.0,,7.0,,,7286.667212628,585.0,2205047.0,7.318724381011424e-20,2237040.0
1790558818.4,0.0,22.0,,34.0,2.0,263.0,2.0,1235.0,311.0,56.0,345.0,311.0,,7.0,,,7286.667212628,585.0,2205047.0,9.139653215739677e-21,2237040.0
1790558821.1,0.0,22.0,,34.0,2.0,263.0,2.0,1235.0,311.0,56.0,345.0,311.0,,7.0,,,7286.667212628,585.0,2205047.0,2.2828138220021985e-21,2237040.0
1790558823.8,0.0,22.0,,34.0,2.0,263.0,2.0,1235.0,311.0,56.0,345.0,311.0,,7.0,,,7286.667212628,585.0,2205047.0,2.849630265501319e-22,2237040.0
1790558826.5,0.0,22.0,,34.0,2.0,263.0,2.0,1235.0,311.0,56.0,345.0,311.0,,7.0,,,7286.667212628,585.0,2205047.0,3.55668351660011e-23,2237040.0
1790558829.2,0.0,22.0,,34.0,2.0,263.0,2.0,1235.0,311.0,56.0,345.0,311.0,,7.0,,,7286.667212628,585.0,2205047.0,8.881164263789156e-24,2237040.0
1790558831.9,0.0,22.0,,34.0,2.0,263.0,2.0,1235.0,311.0,56.0,345.0,311.0,,7.0,,,7286.667212628,585.0,2205047.0,1.1085834339399492e-24,2237040.0
1790558834.6,0.0,22.0,,34.0,2.0,263.0,2.0,1235.0,311.0,56.0,345.0,311.0,,7.0,,,7286.667212628,585.0,2205047.0,1.3835048044420034e-25,2237040.0
1790558837.2,0.0,22.0,,34.0,2.0,263.0,2.0,1235.0,311.0,56.0,345.0,311.0,,7.0,,,7286.667212628,585.0,2205047.0,3.4555816946438025e-26,2237040.0
1790558839.9,0.0,22.0,,34.0,2.0,263.0,2.0,1235.0,311.0,56.0,345.0,311.0,,7.0,,,7286.667212628,585.0,2205047.0,4.31564721795995e-27,2237040.0
1790558842.6,0.0,22.0,,34.0,2.0,263.0,2.0,1235.0,311.0,56.0,345.0,311.0,,7.0,,,7286.667212628,585.0,2205047.0,5.3918052117135285e-28,2237040.0
1790558845.3,0.0,22.0,,34.0,2.0,263.0,2.0,1235.0,311.0,56.0,345.0,311.0,,7.0,,,7286.667212628,585.0,2205047.0,1.3465220497128914e-28,2237040.0
1790558848.0,0.0,22.0,,34.0,2.0,263.0,2.0,1235.0,311.0,56.0,345.0,311.0,,7.0,,,7286.667212628,585.0,2205047.0,1.6818199741605623e-29,2237040.0
1790558850.7,0.0,22.0,,34.0,2.0,263.0,2.0,1235.0,311.0,56.0,345.0,311.0,,7.0,,,7286.667212628,585.0,2205047.0,2.0997998174294515e-30,2237040.0
1790558853.4,0.0,22.0,,34.0,2.0,263.0,2.0,1235.0,311.0,56.0,345.0,311.0,,7.0,,,7286.667212628,585.0,2205047.0,2.6217074837698395e-31,2237040.0
1790558856.1,0.0,22.0,,34.0,2.0,263.0,2.0,1235.0,311.0,56.0,345.0,311.0,,7.0,,,7286.667212628,585.0,2205047.0,6.546291379919481e-32,2237040.0
1790558858.8,0.0,22.0,,34.0,2.0,263.0,2.0,1235.0,311.0,56.0,345.0,311.0,,7.0,,,7286.667212628,585.0,2205047.0,8.166519867026139e-33,2237040.0
1790558861.5,0.0,22.0,,34.0,2.0,263.0,2.0,1235.0,311.0,56.0,345.0,311.0,,7.0,,,7286.667212628,585.0,2205047.0,1.0192111290948486e-33,2237040.0
1790558864.2,0.0,22.0,,34.0,2.0,263.0,2.0,1235.0,311.0,56.0,345.0,311.0,,7.0,,,7286.667212628,585.0,2205047.0,2.5457231936303492e-34,2237040.0
1790558866.9,0.0,22.0,,34.0,2.0,263.0,2.0,1235.0,311.0,56.0,345.0,311.0,,7.0,,,7286.667212628,585.0,2205047.0,3.179199101172936e-35,2237040.0
1790558869.6,0.0,22.0,,34.0,2.0,263.0,2.0,1235.0,311.0,56.0,345.0,311.0,,7.0,,,7286.667212628,585.0,2205047.0,3.970261438255036e-36,2237040.0
1790558872.3,0.0,22.0,,34.0,2.0,263.0,2.0,1235.0,311.0,56.0,345.0,311.0,,7.0,,,7286.667212628,585.0,2205047.0,9.915690654871925e-37,2237040.0
1790558872.9,0.0,22.0,,34.0,2.0,263.0,2.0,1235.0,311.0,56.0,345.0,311.0,,7.0,,,7286.667212628,585.0,2205047.0,4.95748003231606e-37,2237040.0
