[transformers] PyTorch was not found. Models won't be available and only tokenizers, configuration and file/data utilities can be used.
2026-09-18 10:17:28,288 - inference_perf.config.config - INFO - Using configuration from: /etc/config/config.yml
2026-09-18 10:17:28,297 - inference_perf.config.config - INFO - Benchmarking with the following config:

api:
  type: chat
  streaming: true
  headers: null
  slo_unit: null
  slo_tpot_header: null
  slo_ttft_header: null
  response_format: null
  session_id_header_key: x-session-id
  session_token_header_key: null
data:
  type: weka_trace_replay
  path: null
  corpus_file_path: null
  input_distribution: null
  output_distribution: null
  shared_prefix: null
  multimodal: null
  trace: null
  otel_trace_replay: null
  weka_trace_replay:
    trace_directory: /data/traces
    num_dataset_entries: 400
    use_static_model: true
    static_model_name: Qwen/Qwen3-Coder-30B-A3B-Instruct-FP8
    default_block_size: 64
    skip_invalid_files: true
    trace_idle_gap_cap_seconds: 10.0
    max_wait_ms: 10000
    datagen_workers: 8
  conversation_replay: null
  visionarena: null
  synthetic_agentic: null
  use_chat_template: false
load:
  type: trace_session_replay
  interval: 1.0
  stages:
  - !!python/object:inference_perf.config.loadgen.config.TraceSessionReplayLoadStage
    __dict__:
      concurrent_sessions: 338
      session_rate: null
      num_sessions: null
      timeout: 2700.0
    __pydantic_extra__: null
    __pydantic_fields_set__: !!set
      concurrent_sessions: null
      timeout: null
    __pydantic_private__: null
  sweep: null
  num_workers: 24
  worker_max_concurrency: 100
  worker_max_tcp_connections: 2500
  trace: null
  circuit_breakers: []
  request_timeout: 1900
  request_retries: 0
  request_retry_backoff_sec: 0.5
  stage_teardown_grace_seconds: 120.0
  lora_traffic_split: null
  base_seed: 20260915
metrics: null
report:
  request_lifecycle:
    summary: true
    per_stage: true
    per_request: true
    per_request_fields:
      request: false
      response: false
      info: true
      response_chunks: false
      computed_metrics: true
    per_adapter: true
    per_adapter_stage: false
    percentiles:
    - 0.1
    - 1.0
    - 5.0
    - 10.0
    - 25.0
    - 50.0
    - 75.0
    - 90.0
    - 95.0
    - 99.0
    - 99.9
    use_server_output_tokens: true
    max_error_messages: 100
  prometheus:
    summary: true
    per_stage: false
  session_lifecycle:
    summary: true
    per_stage: true
    per_session: false
  goodput: null
storage:
  local_storage:
    path: /results/report
    report_file_prefix: null
  google_cloud_storage: null
  simple_storage_service: null
server:
  type: vllm
  model_name: Qwen/Qwen3-Coder-30B-A3B-Instruct-FP8
  base_url: http://program-aware-scheduling-epp:80
tokenizer:
  pretrained_model_name_or_path: Qwen/Qwen3-Coder-30B-A3B-Instruct-FP8
circuit_breakers: null


2026-09-18 10:17:28,297 - inference_perf.client.filestorage.local - INFO - Report files will be stored at: /results/report
2026-09-18 10:17:28,298 - inference_perf.utils.custom_tokenizer - INFO - Loading tokenizer 'Qwen/Qwen3-Coder-30B-A3B-Instruct-FP8'
2026-09-18 10:17:28,430 - httpx - INFO - HTTP Request: GET https://huggingface.co/api/agent-harnesses "HTTP/1.1 200 OK"
2026-09-18 10:17:28,493 - httpx - INFO - HTTP Request: HEAD https://huggingface.co/Qwen/Qwen3-Coder-30B-A3B-Instruct-FP8/resolve/main/config.json "HTTP/1.1 307 Temporary Redirect"
2026-09-18 10:17:28,508 - httpx - INFO - HTTP Request: HEAD https://huggingface.co/api/resolve-cache/models/Qwen/Qwen3-Coder-30B-A3B-Instruct-FP8/dcaee4d4dfc5ee71ad501f01f530e5652438fde0/config.json "HTTP/1.1 200 OK"
2026-09-18 10:17:28,524 - httpx - INFO - HTTP Request: GET https://huggingface.co/api/resolve-cache/models/Qwen/Qwen3-Coder-30B-A3B-Instruct-FP8/dcaee4d4dfc5ee71ad501f01f530e5652438fde0/config.json "HTTP/1.1 200 OK"
2026-09-18 10:17:28,592 - httpx - INFO - HTTP Request: HEAD https://huggingface.co/Qwen/Qwen3-Coder-30B-A3B-Instruct-FP8/resolve/main/tokenizer_config.json "HTTP/1.1 307 Temporary Redirect"
2026-09-18 10:17:28,608 - httpx - INFO - HTTP Request: HEAD https://huggingface.co/api/resolve-cache/models/Qwen/Qwen3-Coder-30B-A3B-Instruct-FP8/dcaee4d4dfc5ee71ad501f01f530e5652438fde0/tokenizer_config.json "HTTP/1.1 200 OK"
2026-09-18 10:17:28,623 - httpx - INFO - HTTP Request: GET https://huggingface.co/api/resolve-cache/models/Qwen/Qwen3-Coder-30B-A3B-Instruct-FP8/dcaee4d4dfc5ee71ad501f01f530e5652438fde0/tokenizer_config.json "HTTP/1.1 200 OK"
2026-09-18 10:17:28,700 - httpx - INFO - HTTP Request: GET https://huggingface.co/api/models/Qwen/Qwen3-Coder-30B-A3B-Instruct-FP8/tree/main/additional_chat_templates?recursive=false&expand=false "HTTP/1.1 404 Not Found"
2026-09-18 10:17:28,765 - httpx - INFO - HTTP Request: GET https://huggingface.co/api/models/Qwen/Qwen3-Coder-30B-A3B-Instruct-FP8/tree/main?recursive=true&expand=false "HTTP/1.1 200 OK"
2026-09-18 10:17:28,828 - httpx - INFO - HTTP Request: HEAD https://huggingface.co/Qwen/Qwen3-Coder-30B-A3B-Instruct-FP8/resolve/main/vocab.json "HTTP/1.1 307 Temporary Redirect"
2026-09-18 10:17:28,843 - httpx - INFO - HTTP Request: HEAD https://huggingface.co/api/resolve-cache/models/Qwen/Qwen3-Coder-30B-A3B-Instruct-FP8/dcaee4d4dfc5ee71ad501f01f530e5652438fde0/vocab.json "HTTP/1.1 200 OK"
2026-09-18 10:17:28,861 - httpx - INFO - HTTP Request: GET https://huggingface.co/api/resolve-cache/models/Qwen/Qwen3-Coder-30B-A3B-Instruct-FP8/dcaee4d4dfc5ee71ad501f01f530e5652438fde0/vocab.json "HTTP/1.1 200 OK"
2026-09-18 10:17:28,981 - httpx - INFO - HTTP Request: HEAD https://huggingface.co/Qwen/Qwen3-Coder-30B-A3B-Instruct-FP8/resolve/main/merges.txt "HTTP/1.1 307 Temporary Redirect"
2026-09-18 10:17:28,996 - httpx - INFO - HTTP Request: HEAD https://huggingface.co/api/resolve-cache/models/Qwen/Qwen3-Coder-30B-A3B-Instruct-FP8/dcaee4d4dfc5ee71ad501f01f530e5652438fde0/merges.txt "HTTP/1.1 200 OK"
2026-09-18 10:17:29,012 - httpx - INFO - HTTP Request: GET https://huggingface.co/api/resolve-cache/models/Qwen/Qwen3-Coder-30B-A3B-Instruct-FP8/dcaee4d4dfc5ee71ad501f01f530e5652438fde0/merges.txt "HTTP/1.1 200 OK"
2026-09-18 10:17:29,090 - httpx - INFO - HTTP Request: HEAD https://huggingface.co/Qwen/Qwen3-Coder-30B-A3B-Instruct-FP8/resolve/main/tokenizer.json "HTTP/1.1 302 Found"
2026-09-18 10:17:29,850 - httpx - INFO - HTTP Request: HEAD https://huggingface.co/Qwen/Qwen3-Coder-30B-A3B-Instruct-FP8/resolve/main/added_tokens.json "HTTP/1.1 404 Not Found"
2026-09-18 10:17:29,913 - httpx - INFO - HTTP Request: HEAD https://huggingface.co/Qwen/Qwen3-Coder-30B-A3B-Instruct-FP8/resolve/main/special_tokens_map.json "HTTP/1.1 404 Not Found"
2026-09-18 10:17:29,978 - httpx - INFO - HTTP Request: HEAD https://huggingface.co/Qwen/Qwen3-Coder-30B-A3B-Instruct-FP8/resolve/main/chat_template.jinja "HTTP/1.1 307 Temporary Redirect"
2026-09-18 10:17:29,993 - httpx - INFO - HTTP Request: HEAD https://huggingface.co/api/resolve-cache/models/Qwen/Qwen3-Coder-30B-A3B-Instruct-FP8/dcaee4d4dfc5ee71ad501f01f530e5652438fde0/chat_template.jinja "HTTP/1.1 200 OK"
2026-09-18 10:17:30,008 - httpx - INFO - HTTP Request: GET https://huggingface.co/api/resolve-cache/models/Qwen/Qwen3-Coder-30B-A3B-Instruct-FP8/dcaee4d4dfc5ee71ad501f01f530e5652438fde0/chat_template.jinja "HTTP/1.1 200 OK"
2026-09-18 10:17:30,549 - httpx - INFO - HTTP Request: GET https://huggingface.co/api/models/Qwen/Qwen3-Coder-30B-A3B-Instruct-FP8 "HTTP/1.1 200 OK"
2026-09-18 10:17:30,550 - inference_perf.utils.custom_tokenizer - INFO - Loading tokenizer 'Qwen/Qwen3-Coder-30B-A3B-Instruct-FP8'
2026-09-18 10:17:30,615 - httpx - INFO - HTTP Request: HEAD https://huggingface.co/Qwen/Qwen3-Coder-30B-A3B-Instruct-FP8/resolve/main/config.json "HTTP/1.1 307 Temporary Redirect"
2026-09-18 10:17:30,630 - httpx - INFO - HTTP Request: HEAD https://huggingface.co/api/resolve-cache/models/Qwen/Qwen3-Coder-30B-A3B-Instruct-FP8/dcaee4d4dfc5ee71ad501f01f530e5652438fde0/config.json "HTTP/1.1 200 OK"
2026-09-18 10:17:30,697 - httpx - INFO - HTTP Request: HEAD https://huggingface.co/Qwen/Qwen3-Coder-30B-A3B-Instruct-FP8/resolve/main/tokenizer_config.json "HTTP/1.1 307 Temporary Redirect"
2026-09-18 10:17:30,711 - httpx - INFO - HTTP Request: HEAD https://huggingface.co/api/resolve-cache/models/Qwen/Qwen3-Coder-30B-A3B-Instruct-FP8/dcaee4d4dfc5ee71ad501f01f530e5652438fde0/tokenizer_config.json "HTTP/1.1 200 OK"
2026-09-18 10:17:30,773 - httpx - INFO - HTTP Request: GET https://huggingface.co/api/models/Qwen/Qwen3-Coder-30B-A3B-Instruct-FP8/tree/main/additional_chat_templates?recursive=false&expand=false "HTTP/1.1 404 Not Found"
2026-09-18 10:17:30,841 - httpx - INFO - HTTP Request: GET https://huggingface.co/api/models/Qwen/Qwen3-Coder-30B-A3B-Instruct-FP8/tree/main?recursive=true&expand=false "HTTP/1.1 200 OK"
2026-09-18 10:17:31,382 - httpx - INFO - HTTP Request: GET https://huggingface.co/api/models/Qwen/Qwen3-Coder-30B-A3B-Instruct-FP8 "HTTP/1.1 200 OK"
2026-09-18 10:17:31,438 - inference_perf.datagen.replay.weka_trace_replay_datagen - INFO - Loaded prompt corpus from: /workspace/inference_perf/assets/shakespeare.txt (5020475 chars)
[transformers] Token indices sequence length is longer than the specified maximum sequence length for this model (1306158 > 1048576). Running this sequence through the model will result in indexing errors
2026-09-18 10:17:41,777 - inference_perf.datagen.replay.weka_trace_replay_datagen - INFO - Building replay sessions for 338 traces with 8 processes
2026-09-18 10:18:26,490 - inference_perf.datagen.replay.weka_trace_replay_datagen - INFO - Built 338 replay sessions from 338 traces in 44.7s
2026-09-18 10:18:26,753 - inference_perf.datagen.replay.replay_graph_session_datagen - INFO - Built replay schedule: 31527 events across 338 sessions (eager)
2026-09-18 10:18:28,148 - inference_perf.loadgen.load_generator - INFO - Stage 0 - session-based run started
2026-09-18 10:18:28,148 - inference_perf.loadgen.load_generator - INFO - Session pool: concurrent_sessions=338, session_rate=None, timeout=2700.0, num_sessions=338 (corpus offset 0), total_sessions=338
2026-09-18 10:18:28,149 - inference_perf.datagen.replay.replay_graph_session_datagen - INFO - Dispatching session wekatrace174_924cdbd835a5567b0cca1484ce60e90e9f4f: 37 events
2026-09-18 10:18:28,152 - inference_perf.datagen.replay.replay_graph_session_datagen - INFO - Dispatching session wekatrace64_3607a64644d8b639c63ffcccc098344759e6: 46 events
2026-09-18 10:18:28,155 - inference_perf.datagen.replay.replay_graph_session_datagen - INFO - Dispatching session wekatrace147_80559b9e10b09ee2d9303acaecceb4d99895: 128 events
2026-09-18 10:18:28,161 - inference_perf.datagen.replay.replay_graph_session_datagen - INFO - Dispatching session wekatrace116_6601daa3865dae62024a519b66636afcc03e: 71 events
2026-09-18 10:18:28,165 - inference_perf.datagen.replay.replay_graph_session_datagen - INFO - Dispatching session wekatrace231_b86fab2bba76fbd063c04296cdd2eeee453e: 365 events
2026-09-18 10:18:28,171 - inference_perf.datagen.replay.replay_graph_session_datagen - INFO - Dispatching session wekatrace132_76ef82400a03738d4f138b163f1890a881c9: 266 events
2026-09-18 10:18:28,534 - inference_perf.datagen.replay.replay_graph_session_datagen - INFO - Dispatching session wekatrace319_f17d741a05b67f9d50934ca8468d18aa7922: 168 events
2026-09-18 10:18:28,537 - inference_perf.datagen.replay.replay_graph_session_datagen - INFO - Dispatching session wekatrace2_03be8f1eb1e9e620f46bd07068d6ab1aaae3: 27 events
2026-09-18 10:18:28,540 - inference_perf.datagen.replay.replay_graph_session_datagen - INFO - Dispatching session wekatrace24_14933d8a4190c45ac8fbd21183bba9469140: 27 events
2026-09-18 10:18:28,542 - inference_perf.datagen.replay.replay_graph_session_datagen - INFO - Dispatching session wekatrace191_a0edf077d076924c775d4da6377c2c4dc73a: 151 events
2026-09-18 10:18:28,544 - inference_perf.datagen.replay.replay_graph_session_datagen - INFO - Dispatching session wekatrace197_a3508fe56ade726a9b9118414362d2ead56d: 93 events
2026-09-18 10:18:28,546 - inference_perf.datagen.replay.replay_graph_session_datagen - INFO - Dispatching session wekatrace278_d4bd5e4015963744e0e1ea592da1594a9d13: 25 events
2026-09-18 10:18:28,551 - inference_perf.datagen.replay.replay_graph_session_datagen - INFO - Dispatching session wekatrace205_a8579208ea25d6f401207257139b163ec48d: 100 events
2026-09-18 10:18:28,553 - inference_perf.datagen.replay.replay_graph_session_datagen - INFO - Dispatching session wekatrace323_f33eebc1ce22a17f6d2bf9641b31547eb762: 33 events
2026-09-18 10:18:28,555 - inference_perf.datagen.replay.replay_graph_session_datagen - INFO - Dispatching session wekatrace257_ca33d363f81e07f21c193285db6d0ad9e4a6: 133 events
2026-09-18 10:18:28,557 - inference_perf.datagen.replay.replay_graph_session_datagen - INFO - Dispatching session wekatrace213_ac368b0d9027e56c38e5f55b9895dfc01abd: 24 events
2026-09-18 10:18:28,557 - inference_perf.datagen.replay.replay_graph_session_datagen - INFO - Dispatching session wekatrace83_47f2ae8a81c8db82b4cd4883b8dd4c531c93: 78 events
2026-09-18 10:18:28,564 - inference_perf.datagen.replay.replay_graph_session_datagen - INFO - Dispatching session wekatrace149_840ebb479056e12a852d3b7f827b8e09db55: 34 events
2026-09-18 10:18:28,566 - inference_perf.datagen.replay.replay_graph_session_datagen - INFO - Dispatching session wekatrace18_0da3a3bea6f3559a2eff4114839b328dad53: 18 events
2026-09-18 10:18:28,566 - inference_perf.datagen.replay.replay_graph_session_datagen - INFO - Dispatching session wekatrace181_999eea8a292a67475f955dd8f074dd4e413e: 81 events
2026-09-18 10:18:28,567 - inference_perf.datagen.replay.replay_graph_session_datagen - INFO - Dispatching session wekatrace118_663eae6f100daddf13cdf54c8e5f9622151d: 104 events
2026-09-18 10:18:28,569 - inference_perf.datagen.replay.replay_graph_session_datagen - INFO - Dispatching session wekatrace198_a42188fc362bde2410050ff0e6a8b267ed8a: 34 events
2026-09-18 10:18:28,570 - inference_perf.datagen.replay.replay_graph_session_datagen - INFO - Dispatching session wekatrace250_c3724708e826240f49026f58025d3829dcba: 117 events
2026-09-18 10:18:28,575 - inference_perf.datagen.replay.replay_graph_session_datagen - INFO - Dispatching session wekatrace333_fabd95c42f988d51e6c96ae9472bc7f69860: 170 events
2026-09-18 10:18:28,577 - inference_perf.datagen.replay.replay_graph_session_datagen - INFO - Dispatching session wekatrace220_af60ae862f19d091b7d8a3e5fa8b570abe2a: 69 events
2026-09-18 10:18:28,578 - inference_perf.datagen.replay.replay_graph_session_datagen - INFO - Dispatching session wekatrace55_2df1b153c477169c8ab4ecd9e917ccaa3dba: 324 events
2026-09-18 10:18:28,583 - inference_perf.datagen.replay.replay_graph_session_datagen - INFO - Dispatching session wekatrace17_0d9c99c3f96c2bcac0f9dec0987d5f411bcd: 83 events
2026-09-18 10:18:28,590 - inference_perf.datagen.replay.replay_graph_session_datagen - INFO - Dispatching session wekatrace37_217743dd65170f329ffbd58d974e6ef6ef83: 23 events
2026-09-18 10:18:28,591 - inference_perf.datagen.replay.replay_graph_session_datagen - INFO - Dispatching session wekatrace185_9df3a40cb25de2b1dd07169a4b117fe17e0e: 139 events
2026-09-18 10:18:28,599 - inference_perf.datagen.replay.replay_graph_session_datagen - INFO - Dispatching session wekatrace86_49ffa26d794d34ba3c66358e1d781b9f3c9c: 25 events
2026-09-18 10:18:28,601 - inference_perf.datagen.replay.replay_graph_session_datagen - INFO - Dispatching session wekatrace194_a1fc1985dc2bfdfc6b1a28b15e7eba9f8773: 23 events
2026-09-18 10:18:28,603 - inference_perf.datagen.replay.replay_graph_session_datagen - INFO - Dispatching session wekatrace239_bdbbd8a7870c5771cbf80d8c2b576e3a2526: 27 events
2026-09-18 10:18:28,603 - inference_perf.datagen.replay.replay_graph_session_datagen - INFO - Dispatching session wekatrace203_a69c007390941a32982d30eaa04e2d9da18c: 225 events
2026-09-18 10:18:28,607 - inference_perf.datagen.replay.replay_graph_session_datagen - INFO - Dispatching session wekatrace54_2de8538029066d95b4ff113d5750eb403cb7: 221 events
2026-09-18 10:18:28,610 - inference_perf.datagen.replay.replay_graph_session_datagen - INFO - Dispatching session wekatrace26_1770548ae8e30555e62d6d6296c0166d6074: 38 events
2026-09-18 10:18:28,611 - inference_perf.datagen.replay.replay_graph_session_datagen - INFO - Dispatching session wekatrace139_7ae0ab568310f5459008be618a9f711bc2be: 55 events
2026-09-18 10:18:28,617 - inference_perf.datagen.replay.replay_graph_session_datagen - INFO - Dispatching session wekatrace146_8044cd33fd7815ac1a4f0aaeae9e2eaa7509: 21 events
2026-09-18 10:18:28,619 - inference_perf.datagen.replay.replay_graph_session_datagen - INFO - Dispatching session wekatrace240_bdf8b214663bf985becdb49d48c7d002b62b: 41 events
2026-09-18 10:18:28,619 - inference_perf.datagen.replay.replay_graph_session_datagen - INFO - Dispatching session wekatrace306_e8621fca4d3bf2379a245fa0e50013d4d863: 22 events
2026-09-18 10:18:28,620 - inference_perf.datagen.replay.replay_graph_session_datagen - INFO - Dispatching session wekatrace224_b179aeed059d7652622a64954d0331ce68fd: 33 events
2026-09-18 10:18:28,620 - inference_perf.datagen.replay.replay_graph_session_datagen - INFO - Dispatching session wekatrace163_8e1a61685e99ae7d274a5b2b23ee761076d7: 73 events
2026-09-18 10:18:28,621 - inference_perf.datagen.replay.replay_graph_session_datagen - INFO - Dispatching session wekatrace283_d7f31968de8975996048824bdc2a097eb6cb: 181 events
2026-09-18 10:18:28,624 - inference_perf.datagen.replay.replay_graph_session_datagen - INFO - Dispatching session wekatrace39_263134ce70d475337deb473aadc255479210: 63 events
2026-09-18 10:18:28,624 - inference_perf.datagen.replay.replay_graph_session_datagen - INFO - Dispatching session wekatrace10_095a5152ab8fc1cdc847612872a01525cd1b: 91 events
2026-09-18 10:18:28,626 - inference_perf.datagen.replay.replay_graph_session_datagen - INFO - Dispatching session wekatrace183_9b3bbac0341e3f179e66e73a1f84f26b62b6: 57 events
2026-09-18 10:18:28,633 - inference_perf.datagen.replay.replay_graph_session_datagen - INFO - Dispatching session wekatrace120_66eca77264acd8d1c1e95da8065f3e726e8c: 40 events
2026-09-18 10:18:28,634 - inference_perf.datagen.replay.replay_graph_session_datagen - INFO - Dispatching session wekatrace334_fe1aaa31badf4f218622e630f7c002dcbc18: 131 events
2026-09-18 10:18:28,635 - inference_perf.datagen.replay.replay_graph_session_datagen - INFO - Dispatching session wekatrace193_a1bfbc403e0ae7ae35051047b2230c978e1f: 352 events
2026-09-18 10:18:28,638 - inference_perf.datagen.replay.replay_graph_session_datagen - INFO - Dispatching session wekatrace324_f3852e8ca1ac3887151243be3467e483d725: 63 events
2026-09-18 10:18:28,644 - inference_perf.datagen.replay.replay_graph_session_datagen - INFO - Dispatching session wekatrace247_c0e1ecfc9e7108c799ebc6558042d892b1a5: 50 events
2026-09-18 10:18:28,644 - inference_perf.datagen.replay.replay_graph_session_datagen - INFO - Dispatching session wekatrace44_27bf77bcaaf2b6d2210bdbdab4934348f322: 30 events
2026-09-18 10:18:28,645 - inference_perf.datagen.replay.replay_graph_session_datagen - INFO - Dispatching session wekatrace57_300134008d4cc98f288179ea9dd9314f140c: 57 events
2026-09-18 10:18:28,650 - inference_perf.datagen.replay.replay_graph_session_datagen - INFO - Dispatching session wekatrace280_d4ecfcf5989d3eee18eec421184389148aa4: 31 events
2026-09-18 10:18:28,650 - inference_perf.datagen.replay.replay_graph_session_datagen - INFO - Dispatching session wekatrace315_f00e5dd80060aadcdd51f987a767800dab73: 253 events
2026-09-18 10:18:28,654 - inference_perf.datagen.replay.replay_graph_session_datagen - INFO - Dispatching session wekatrace305_e6d72440992899f6329ab4974985e3a43db4: 139 events
2026-09-18 10:18:28,664 - inference_perf.datagen.replay.replay_graph_session_datagen - INFO - Dispatching session wekatrace131_760634f36fb9e0e04dd81f3355ce8738c842: 33 events
2026-09-18 10:18:28,664 - inference_perf.datagen.replay.replay_graph_session_datagen - INFO - Dispatching session wekatrace88_4b5b583d4736a4399d3e5222be38f78d80c8: 160 events
2026-09-18 10:18:28,665 - inference_perf.datagen.replay.replay_graph_session_datagen - INFO - Dispatching session wekatrace259_caab1fdac91bcd159e3abb0606dd85c97f41: 24 events
2026-09-18 10:18:28,666 - inference_perf.datagen.replay.replay_graph_session_datagen - INFO - Dispatching session wekatrace331_f81ed47b5437c65860a614f86695c35ba363: 27 events
2026-09-18 10:18:28,666 - inference_perf.datagen.replay.replay_graph_session_datagen - INFO - Dispatching session wekatrace89_4b5c653bebf2b1a49753fd5919f8c14a29ae: 137 events
2026-09-18 10:18:28,667 - inference_perf.datagen.replay.replay_graph_session_datagen - INFO - Dispatching session wekatrace218_ae38ae775e168171b2d7513c1c7dee412a2b: 69 events
2026-09-18 10:18:28,668 - inference_perf.datagen.replay.replay_graph_session_datagen - INFO - Dispatching session wekatrace133_76f66f1802d3f394d05477f8decd4386f512: 49 events
2026-09-18 10:18:28,668 - inference_perf.datagen.replay.replay_graph_session_datagen - INFO - Dispatching session wekatrace189_9f20e7ac308c284e5218e06abb1e59c04c2e: 72 events
2026-09-18 10:18:28,669 - inference_perf.datagen.replay.replay_graph_session_datagen - INFO - Dispatching session wekatrace173_91ad17460dcb2ac7c54ef37a45507e8d5e4e: 139 events
2026-09-18 10:18:28,670 - inference_perf.datagen.replay.replay_graph_session_datagen - INFO - Dispatching session wekatrace321_f25cdaf2290264e23187558d177f96ca00dd: 146 events
2026-09-18 10:18:28,671 - inference_perf.datagen.replay.replay_graph_session_datagen - INFO - Dispatching session wekatrace112_5f0d3b0b3bf6d4954364ce0991f77e473a42: 108 events
2026-09-18 10:18:28,672 - inference_perf.datagen.replay.replay_graph_session_datagen - INFO - Dispatching session wekatrace97_5205240fa8f546d231b220f7b82e394dcd79: 35 events
2026-09-18 10:18:28,672 - inference_perf.datagen.replay.replay_graph_session_datagen - INFO - Dispatching session wekatrace227_b3975a6a874ca7e6789ac3364731e500146f: 121 events
2026-09-18 10:18:28,673 - inference_perf.datagen.replay.replay_graph_session_datagen - INFO - Dispatching session wekatrace294_e29f4e0501d4d5060c0594fc09175936ba1f: 66 events
2026-09-18 10:18:28,674 - inference_perf.datagen.replay.replay_graph_session_datagen - INFO - Dispatching session wekatrace175_95779044cc58023c929e52070a6df2cf2b91: 97 events
2026-09-18 10:18:28,675 - inference_perf.datagen.replay.replay_graph_session_datagen - INFO - Dispatching session wekatrace60_331adc4fafe640bd88b0f985d795b2a401fc: 100 events
2026-09-18 10:18:28,676 - inference_perf.datagen.replay.replay_graph_session_datagen - INFO - Dispatching session wekatrace145_7f7d606bf00e14f644cdbd3f018b3f69378d: 143 events
2026-09-18 10:18:28,677 - inference_perf.datagen.replay.replay_graph_session_datagen - INFO - Dispatching session wekatrace71_3eaabf7d2b95305a97f5da28d76bd8703c70: 30 events
2026-09-18 10:18:28,677 - inference_perf.datagen.replay.replay_graph_session_datagen - INFO - Dispatching session wekatrace248_c14d470c05bfa470de9004b38c3d34eb9267: 128 events
2026-09-18 10:18:28,678 - inference_perf.datagen.replay.replay_graph_session_datagen - INFO - Dispatching session wekatrace245_c03e35003893d05b83ddec10c77f479d5f04: 42 events
2026-09-18 10:18:28,690 - inference_perf.datagen.replay.replay_graph_session_datagen - INFO - Dispatching session wekatrace268_d1148414f9bc0a6280b42d3e4ba2dc9b53a3: 129 events
2026-09-18 10:18:28,691 - inference_perf.datagen.replay.replay_graph_session_datagen - INFO - Dispatching session wekatrace12_09c188c8b9201ec2046cc2df702623fef33e: 60 events
2026-09-18 10:18:28,692 - inference_perf.datagen.replay.replay_graph_session_datagen - INFO - Dispatching session wekatrace79_4478fb9a56bffd5bbd98ff44475608113f41: 122 events
2026-09-18 10:18:28,693 - inference_perf.datagen.replay.replay_graph_session_datagen - INFO - Dispatching session wekatrace21_116cb8d945f9d0810e788e51e3744adaab74: 23 events
2026-09-18 10:18:28,693 - inference_perf.datagen.replay.replay_graph_session_datagen - INFO - Dispatching session wekatrace98_52e8a29ecc05a5bc74fec73a49fa0ea0c6e5: 106 events
2026-09-18 10:18:28,694 - inference_perf.datagen.replay.replay_graph_session_datagen - INFO - Dispatching session wekatrace265_cf870339ff35290d4c4df5bc5cc4d9431b92: 77 events
2026-09-18 10:18:28,694 - inference_perf.datagen.replay.replay_graph_session_datagen - INFO - Dispatching session wekatrace236_b9952b717179fe28e9e3fa258c531e5d05ef: 285 events
2026-09-18 10:18:28,697 - inference_perf.datagen.replay.replay_graph_session_datagen - INFO - Dispatching session wekatrace136_79195953f2b41ecedb809ab4eb5ad2559a16: 244 events
2026-09-18 10:18:28,699 - inference_perf.datagen.replay.replay_graph_session_datagen - INFO - Dispatching session wekatrace258_ca8c494fa282db0e4bb1bc59b339e8071a85: 21 events
2026-09-18 10:18:28,700 - inference_perf.datagen.replay.replay_graph_session_datagen - INFO - Dispatching session wekatrace269_d1e9dc549473defa20175f9d1a8375b098c9: 25 events
2026-09-18 10:18:28,700 - inference_perf.datagen.replay.replay_graph_session_datagen - INFO - Dispatching session wekatrace96_50a90c78c331d870bee11b87bb240f00d9ee: 73 events
2026-09-18 10:18:28,701 - inference_perf.datagen.replay.replay_graph_session_datagen - INFO - Dispatching session wekatrace171_912f15fcd1728b9686d342f07571b5c833a6: 321 events
2026-09-18 10:18:28,703 - inference_perf.datagen.replay.replay_graph_session_datagen - INFO - Dispatching session wekatrace159_8a40e1e0fd4408fd008f69ba3169f079912b: 78 events
2026-09-18 10:18:28,704 - inference_perf.datagen.replay.replay_graph_session_datagen - INFO - Dispatching session wekatrace219_ae61ad714c0dbc6eee31ebd673bddd3e6f6f: 322 events
2026-09-18 10:18:28,709 - inference_perf.datagen.replay.replay_graph_session_datagen - INFO - Dispatching session wekatrace87_4ab6db64fcc354375b87b219764a9cbc5aa3: 32 events
2026-09-18 10:18:28,710 - inference_perf.datagen.replay.replay_graph_session_datagen - INFO - Dispatching session wekatrace201_a51cdf5df5c9687d77a573b19a228728e45b: 41 events
2026-09-18 10:18:28,710 - inference_perf.datagen.replay.replay_graph_session_datagen - INFO - Dispatching session wekatrace138_792a769fe13dd05abd68d240f774472e5340: 28 events
2026-09-18 10:18:28,710 - inference_perf.datagen.replay.replay_graph_session_datagen - INFO - Dispatching session wekatrace316_f02519b0a1c78d3e61c31d06b41c518d827e: 116 events
2026-09-18 10:18:28,711 - inference_perf.datagen.replay.replay_graph_session_datagen - INFO - Dispatching session wekatrace15_0c70490e175492606971b6979cfbef9c094f: 47 events
2026-09-18 10:18:28,712 - inference_perf.datagen.replay.replay_graph_session_datagen - INFO - Dispatching session wekatrace67_3b87c0e23861fdc2e2351fbe9c7f69668069: 113 events
2026-09-18 10:18:28,713 - inference_perf.datagen.replay.replay_graph_session_datagen - INFO - Dispatching session wekatrace184_9caaf8d22b815d8ec8e90b120f057906a81d: 28 events
2026-09-18 10:18:28,713 - inference_perf.datagen.replay.replay_graph_session_datagen - INFO - Dispatching session wekatrace182_9a47a25e8bb87492c599e8f1139c3333956e: 43 events
2026-09-18 10:18:28,714 - inference_perf.datagen.replay.replay_graph_session_datagen - INFO - Dispatching session wekatrace273_d2cb3ab225bf904aad72203cf7e904b90432: 23 events
2026-09-18 10:18:28,714 - inference_perf.datagen.replay.replay_graph_session_datagen - INFO - Dispatching session wekatrace195_a258646b7b14707796583cb63732cb145d23: 360 events
2026-09-18 10:18:28,717 - inference_perf.datagen.replay.replay_graph_session_datagen - INFO - Dispatching session wekatrace70_3d3bd73c61922b4c3c9833ee94391f3a728a: 58 events
2026-09-18 10:18:28,717 - inference_perf.datagen.replay.replay_graph_session_datagen - INFO - Dispatching session wekatrace124_7053adfcfbb77d730e5790ff46de93c461eb: 97 events
2026-09-18 10:18:28,718 - inference_perf.datagen.replay.replay_graph_session_datagen - INFO - Dispatching session wekatrace187_9e74ad6f4f9be07727dd4586eb936301298a: 49 events
2026-09-18 10:18:28,719 - inference_perf.datagen.replay.replay_graph_session_datagen - INFO - Dispatching session wekatrace289_de9c8c5feff1c38c78bc80a3bca9ba153f1a: 63 events
2026-09-18 10:18:28,720 - inference_perf.datagen.replay.replay_graph_session_datagen - INFO - Dispatching session wekatrace119_6655cd019b86440a42e54d1024c79673c919: 94 events
2026-09-18 10:18:28,721 - inference_perf.datagen.replay.replay_graph_session_datagen - INFO - Dispatching session wekatrace242_be8cbe86fa39534cb8534bf53f4d79fec596: 27 events
2026-09-18 10:18:28,721 - inference_perf.datagen.replay.replay_graph_session_datagen - INFO - Dispatching session wekatrace103_56d419682c5e52c26fe72210877eabb70359: 300 events
2026-09-18 10:18:28,724 - inference_perf.datagen.replay.replay_graph_session_datagen - INFO - Dispatching session wekatrace113_60f80e6bffe54ed25eb7eea307649a8fdf06: 31 events
2026-09-18 10:18:28,724 - inference_perf.datagen.replay.replay_graph_session_datagen - INFO - Dispatching session wekatrace16_0d75185d4e958ad360c16451eaa95d508edf: 210 events
2026-09-18 10:18:28,731 - inference_perf.datagen.replay.replay_graph_session_datagen - INFO - Dispatching session wekatrace92_4d9a5d6076d2e738ba1c7531c8405acffb2a: 86 events
2026-09-18 10:18:28,732 - inference_perf.datagen.replay.replay_graph_session_datagen - INFO - Dispatching session wekatrace1_01fece675b92efe07620225cd69c3884f774: 28 events
2026-09-18 10:18:28,732 - inference_perf.datagen.replay.replay_graph_session_datagen - INFO - Dispatching session wekatrace223_b0d0355c29b9b267314c792b9555936f01d6: 48 events
2026-09-18 10:18:28,732 - inference_perf.datagen.replay.replay_graph_session_datagen - INFO - Dispatching session wekatrace274_d32116118ad8f4cb101915fe12a273e6e13a: 25 events
2026-09-18 10:18:28,733 - inference_perf.datagen.replay.replay_graph_session_datagen - INFO - Dispatching session wekatrace93_4de7af6e9af97b3da8ebcf2817362fbfebc0: 102 events
2026-09-18 10:18:28,733 - inference_perf.datagen.replay.replay_graph_session_datagen - INFO - Dispatching session wekatrace11_09a5d415a7157ed48a5a6fa2711f2d8565c1: 243 events
2026-09-18 10:18:28,735 - inference_perf.datagen.replay.replay_graph_session_datagen - INFO - Dispatching session wekatrace91_4d31a8c14c39af1c31a386144a00b042397d: 37 events
2026-09-18 10:18:28,736 - inference_perf.datagen.replay.replay_graph_session_datagen - INFO - Dispatching session wekatrace179_994eeb65edeb127ae7995d0817105c91c361: 24 events
2026-09-18 10:18:28,736 - inference_perf.datagen.replay.replay_graph_session_datagen - INFO - Dispatching session wekatrace255_c8ad4fa8b80abe7fe8c9ad94541541e5f30f: 36 events
2026-09-18 10:18:28,736 - inference_perf.datagen.replay.replay_graph_session_datagen - INFO - Dispatching session wekatrace176_965b5be429f249d627b6c01870beab5eb252: 55 events
2026-09-18 10:18:28,737 - inference_perf.datagen.replay.replay_graph_session_datagen - INFO - Dispatching session wekatrace110_5b63c2aa30f153add9bf20ba1a7fcbb78a7c: 33 events
2026-09-18 10:18:28,737 - inference_perf.datagen.replay.replay_graph_session_datagen - INFO - Dispatching session wekatrace49_2b971773e1889a7692523d5cc0a78a0361cb: 43 events
2026-09-18 10:18:28,738 - inference_perf.datagen.replay.replay_graph_session_datagen - INFO - Dispatching session wekatrace100_5513272a824aa3ac37c175bb4b8e4ccf821f: 161 events
2026-09-18 10:18:28,739 - inference_perf.datagen.replay.replay_graph_session_datagen - INFO - Dispatching session wekatrace266_d0ba3f3cf4f0f42e6087d3a6d3569fd4a3ba: 48 events
2026-09-18 10:18:28,739 - inference_perf.datagen.replay.replay_graph_session_datagen - INFO - Dispatching session wekatrace126_72ecc38f835b767dffb42e14f1e35159520b: 235 events
2026-09-18 10:18:28,741 - inference_perf.datagen.replay.replay_graph_session_datagen - INFO - Dispatching session wekatrace314_ef1c394f9e17da77dcb5bd5e36ed4db0c6a2: 253 events
2026-09-18 10:18:28,748 - inference_perf.datagen.replay.replay_graph_session_datagen - INFO - Dispatching session wekatrace277_d4658b2f25092064e10cb5bbe11b34cc0ea7: 173 events
2026-09-18 10:18:28,750 - inference_perf.datagen.replay.replay_graph_session_datagen - INFO - Dispatching session wekatrace296_e32037bc5e6b0e117006be07e3e6736ff7b3: 42 events
2026-09-18 10:18:28,751 - inference_perf.datagen.replay.replay_graph_session_datagen - INFO - Dispatching session wekatrace166_8f2283fae5c7f00025b1bb01bad3f14e65c2: 31 events
2026-09-18 10:18:28,751 - inference_perf.datagen.replay.replay_graph_session_datagen - INFO - Dispatching session wekatrace221_afd3f3a1ccdb67fcb1022499a9a507842fad: 32 events
2026-09-18 10:18:28,751 - inference_perf.datagen.replay.replay_graph_session_datagen - INFO - Dispatching session wekatrace254_c77dd8cc2226e8008cadf79ab79b3b3299c6: 22 events
2026-09-18 10:18:28,751 - inference_perf.datagen.replay.replay_graph_session_datagen - INFO - Dispatching session wekatrace180_999cd8f2bf5389b17a4cd0b67dce25046859: 48 events
2026-09-18 10:18:28,752 - inference_perf.datagen.replay.replay_graph_session_datagen - INFO - Dispatching session wekatrace287_dcdb91dea85c2e3a900d5372ead832a944ee: 69 events
2026-09-18 10:18:28,753 - inference_perf.datagen.replay.replay_graph_session_datagen - INFO - Dispatching session wekatrace178_98487e95da7b7251318a1bf4ed04f9c83922: 45 events
2026-09-18 10:18:28,753 - inference_perf.datagen.replay.replay_graph_session_datagen - INFO - Dispatching session wekatrace215_ad2d0707607579ecd99018884c833228434a: 25 events
2026-09-18 10:18:28,753 - inference_perf.datagen.replay.replay_graph_session_datagen - INFO - Dispatching session wekatrace148_814ae6ec34943383bc8ed49ecf99c6816da9: 38 events
2026-09-18 10:18:28,754 - inference_perf.datagen.replay.replay_graph_session_datagen - INFO - Dispatching session wekatrace307_e94b7664aeaa513924f1e5426608b8e88977: 53 events
2026-09-18 10:18:28,754 - inference_perf.datagen.replay.replay_graph_session_datagen - INFO - Dispatching session wekatrace335_fe5ce39a5dc42b851ce91a792d3d628d92c1: 24 events
2026-09-18 10:18:28,754 - inference_perf.datagen.replay.replay_graph_session_datagen - INFO - Dispatching session wekatrace47_2a33d976372a63da5f0fdfe4705e9f7e2a01: 25 events
2026-09-18 10:18:28,755 - inference_perf.datagen.replay.replay_graph_session_datagen - INFO - Dispatching session wekatrace318_f11a8e5c3b44a6345acfabf160e8fc29bb14: 90 events
2026-09-18 10:18:28,755 - inference_perf.datagen.replay.replay_graph_session_datagen - INFO - Dispatching session wekatrace74_40b9e8d2a8419b1139f7cd0fda216cce1387: 31 events
2026-09-18 10:18:28,756 - inference_perf.datagen.replay.replay_graph_session_datagen - INFO - Dispatching session wekatrace291_e084564d4f5a400f78f55a670403189f9118: 21 events
2026-09-18 10:18:28,756 - inference_perf.datagen.replay.replay_graph_session_datagen - INFO - Dispatching session wekatrace23_13762df76dba635a268bf3acbb30bfffed63: 26 events
2026-09-18 10:18:28,756 - inference_perf.datagen.replay.replay_graph_session_datagen - INFO - Dispatching session wekatrace292_e16bc3f555ee6d5e54115256b7a90c9f3377: 32 events
2026-09-18 10:18:28,756 - inference_perf.datagen.replay.replay_graph_session_datagen - INFO - Dispatching session wekatrace311_ecee504cf3f4290c08c5ab163a2cbbad9342: 107 events
2026-09-18 10:18:28,757 - inference_perf.datagen.replay.replay_graph_session_datagen - INFO - Dispatching session wekatrace232_b8d5094dca420ca207f4dcfbcc7b5567f69e: 173 events
2026-09-18 10:18:28,759 - inference_perf.datagen.replay.replay_graph_session_datagen - INFO - Dispatching session wekatrace329_f778fed7b3253560bde80305144b6e81a7ee: 21 events
2026-09-18 10:18:28,759 - inference_perf.datagen.replay.replay_graph_session_datagen - INFO - Dispatching session wekatrace125_7181d2c7411c3b52dddd3926690a0a292ce9: 55 events
2026-09-18 10:18:28,760 - inference_perf.datagen.replay.replay_graph_session_datagen - INFO - Dispatching session wekatrace190_a0e492862f175caaeeb035530a09b57c2a05: 301 events
2026-09-18 10:18:28,762 - inference_perf.datagen.replay.replay_graph_session_datagen - INFO - Dispatching session wekatrace38_219331470ffaa5388ff9d7d8da92f5dc575b: 55 events
2026-09-18 10:18:28,763 - inference_perf.datagen.replay.replay_graph_session_datagen - INFO - Dispatching session wekatrace161_8af31f7082eeb02716b62ab9966e5afc37da: 66 events
2026-09-18 10:18:28,764 - inference_perf.datagen.replay.replay_graph_session_datagen - INFO - Dispatching session wekatrace263_cddb45cf3e7d11a7dfd906159ae64f7d7eb4: 369 events
2026-09-18 10:18:28,767 - inference_perf.datagen.replay.replay_graph_session_datagen - INFO - Dispatching session wekatrace282_d7af8566af906ea3643ae2adaef536c1b243: 250 events
2026-09-18 10:18:28,769 - inference_perf.datagen.replay.replay_graph_session_datagen - INFO - Dispatching session wekatrace249_c29d444bd1308da90ed0801376dc3af67ad6: 96 events
2026-09-18 10:18:28,770 - inference_perf.datagen.replay.replay_graph_session_datagen - INFO - Dispatching session wekatrace106_5807d9900a9a0640057729b4f096a836c329: 286 events
2026-09-18 10:18:28,775 - inference_perf.datagen.replay.replay_graph_session_datagen - INFO - Dispatching session wekatrace69_3cca189d2bde3942c589dd39724f2eae7479: 24 events
2026-09-18 10:18:28,775 - inference_perf.datagen.replay.replay_graph_session_datagen - INFO - Dispatching session wekatrace36_20821cf092022b08be8c97d438b5f8003ee7: 175 events
2026-09-18 10:18:28,776 - inference_perf.datagen.replay.replay_graph_session_datagen - INFO - Dispatching session wekatrace115_62cca00b06fb53edeb2df4b2365681932291: 67 events
2026-09-18 10:18:28,777 - inference_perf.datagen.replay.replay_graph_session_datagen - INFO - Dispatching session wekatrace94_4e7e9da6007f4fdebede92e497cafdc8362b: 23 events
2026-09-18 10:18:28,777 - inference_perf.datagen.replay.replay_graph_session_datagen - INFO - Dispatching session wekatrace137_791fc77464d5445a3f9e9cb14970a399a12e: 47 events
2026-09-18 10:18:28,778 - inference_perf.datagen.replay.replay_graph_session_datagen - INFO - Dispatching session wekatrace211_aba22d57224dd0adf249d20c46de840afd75: 64 events
2026-09-18 10:18:28,778 - inference_perf.datagen.replay.replay_graph_session_datagen - INFO - Dispatching session wekatrace177_96afe650c6da22ce32b05d3579c2fa028461: 36 events
2026-09-18 10:18:28,779 - inference_perf.datagen.replay.replay_graph_session_datagen - INFO - Dispatching session wekatrace42_277f03fe965658e3e16abec6ca7b11f894b7: 86 events
2026-09-18 10:18:28,779 - inference_perf.datagen.replay.replay_graph_session_datagen - INFO - Dispatching session wekatrace290_df6314449cba6dd7bb1de04f7aadb86328d0: 88 events
2026-09-18 10:18:28,780 - inference_perf.datagen.replay.replay_graph_session_datagen - INFO - Dispatching session wekatrace169_90b3445b5fec003346fb49dac092a3614e35: 28 events
2026-09-18 10:18:28,780 - inference_perf.datagen.replay.replay_graph_session_datagen - INFO - Dispatching session wekatrace225_b283484d4fbd0c43f195bf6fe0a6c8dd28a6: 88 events
2026-09-18 10:18:28,781 - inference_perf.datagen.replay.replay_graph_session_datagen - INFO - Dispatching session wekatrace243_bea7dc50de14489cd502c85c419f46aa7c88: 84 events
2026-09-18 10:18:28,782 - inference_perf.datagen.replay.replay_graph_session_datagen - INFO - Dispatching session wekatrace309_ebbf282a2f398b574516c0e3f3e4f59b54ab: 119 events
2026-09-18 10:18:28,783 - inference_perf.datagen.replay.replay_graph_session_datagen - INFO - Dispatching session wekatrace32_1d52c891bba8f47980ab604cb293e91056ef: 143 events
2026-09-18 10:18:28,786 - inference_perf.datagen.replay.replay_graph_session_datagen - INFO - Dispatching session wekatrace19_0f9870e68e496146a60b68dd3f0aba9aced2: 80 events
2026-09-18 10:18:28,787 - inference_perf.datagen.replay.replay_graph_session_datagen - INFO - Dispatching session wekatrace256_c8f877295ddac513c8f34519f4aa7c9ba7c2: 322 events
2026-09-18 10:18:28,789 - inference_perf.datagen.replay.replay_graph_session_datagen - INFO - Dispatching session wekatrace50_2c3e52bf4e687293e9fb70cba1c1786dceea: 21 events
2026-09-18 10:18:28,790 - inference_perf.datagen.replay.replay_graph_session_datagen - INFO - Dispatching session wekatrace209_aa6c46e7d866043082756fb2fa396dba1523: 176 events
2026-09-18 10:18:28,794 - inference_perf.datagen.replay.replay_graph_session_datagen - INFO - Dispatching session wekatrace264_cec8ee955fd0c9d2fe7931d8da7da2757f28: 21 events
2026-09-18 10:18:28,795 - inference_perf.datagen.replay.replay_graph_session_datagen - INFO - Dispatching session wekatrace45_27cf2ada39b896fea5580c895bfbd4119490: 84 events
2026-09-18 10:18:28,795 - inference_perf.datagen.replay.replay_graph_session_datagen - INFO - Dispatching session wekatrace216_ad33eb12484f8a683db9db76ac4dacc40809: 149 events
2026-09-18 10:18:28,797 - inference_perf.datagen.replay.replay_graph_session_datagen - INFO - Dispatching session wekatrace41_2724a8458d82a2ce14824ac577ef48297397: 64 events
2026-09-18 10:18:28,797 - inference_perf.datagen.replay.replay_graph_session_datagen - INFO - Dispatching session wekatrace214_acbce458d2237f6e569c5e7bd386d226f466: 53 events
2026-09-18 10:18:28,798 - inference_perf.datagen.replay.replay_graph_session_datagen - INFO - Dispatching session wekatrace130_7535c4f09c83c2e8d9ffa273cfca76b53871: 84 events
2026-09-18 10:18:28,798 - inference_perf.datagen.replay.replay_graph_session_datagen - INFO - Dispatching session wekatrace151_85464920f1ce7d1c5c4e35dce6c8125020b7: 36 events
2026-09-18 10:18:28,799 - inference_perf.datagen.replay.replay_graph_session_datagen - INFO - Dispatching session wekatrace192_a13d6d6e2e237d2f54d9d9e60a813bf9b660: 287 events
2026-09-18 10:18:28,801 - inference_perf.datagen.replay.replay_graph_session_datagen - INFO - Dispatching session wekatrace75_40f6b0a41facc7166110ec6f649e0d93567d: 28 events
2026-09-18 10:18:28,801 - inference_perf.datagen.replay.replay_graph_session_datagen - INFO - Dispatching session wekatrace43_2781d1fa9a22e982996948283bbcd3136c44: 21 events
2026-09-18 10:18:28,802 - inference_perf.datagen.replay.replay_graph_session_datagen - INFO - Dispatching session wekatrace4_04b25fe5b2ffa5e7ec9890426cce59838a05: 138 events
2026-09-18 10:18:28,803 - inference_perf.datagen.replay.replay_graph_session_datagen - INFO - Dispatching session wekatrace156_887b20cf4054809c33bc947d99188af08149: 70 events
2026-09-18 10:18:28,804 - inference_perf.datagen.replay.replay_graph_session_datagen - INFO - Dispatching session wekatrace168_905c177e85c26620cde0957e45af6d8ae1bd: 21 events
2026-09-18 10:18:28,804 - inference_perf.datagen.replay.replay_graph_session_datagen - INFO - Dispatching session wekatrace303_e5fbd6dfd130daf14f0059747c5481e7503e: 172 events
2026-09-18 10:18:28,806 - inference_perf.datagen.replay.replay_graph_session_datagen - INFO - Dispatching session wekatrace135_7914626c2fc4027b8c3006f4a05e63c8d395: 33 events
2026-09-18 10:18:28,806 - inference_perf.datagen.replay.replay_graph_session_datagen - INFO - Dispatching session wekatrace122_6b47c7b9791176dede513203e7c5fe2cdd43: 192 events
2026-09-18 10:18:28,808 - inference_perf.datagen.replay.replay_graph_session_datagen - INFO - Dispatching session wekatrace246_c0aa708812050845e793abe7de5d4a727aee: 93 events
2026-09-18 10:18:28,809 - inference_perf.datagen.replay.replay_graph_session_datagen - INFO - Dispatching session wekatrace241_be3393ba8b54e311b15ee6bfd0de19f2acff: 189 events
2026-09-18 10:18:28,812 - inference_perf.datagen.replay.replay_graph_session_datagen - INFO - Dispatching session wekatrace30_1bcc4b9e1b6ea6ea9f516669e92ab788f1e4: 60 events
2026-09-18 10:18:28,812 - inference_perf.datagen.replay.replay_graph_session_datagen - INFO - Dispatching session wekatrace114_61008926cac879d7ac099f873f3edb3c75ee: 20 events
2026-09-18 10:18:28,813 - inference_perf.datagen.replay.replay_graph_session_datagen - INFO - Dispatching session wekatrace134_77bae5d739432ad05f38c2af34a0daefe457: 286 events
2026-09-18 10:18:28,815 - inference_perf.datagen.replay.replay_graph_session_datagen - INFO - Dispatching session wekatrace270_d20b03f2967a012b850a6d88e7d424dbc5f4: 142 events
2026-09-18 10:18:28,816 - inference_perf.datagen.replay.replay_graph_session_datagen - INFO - Dispatching session wekatrace267_d0f5ca871a0d9e4c0a9b885516838476915b: 29 events
2026-09-18 10:18:28,817 - inference_perf.datagen.replay.replay_graph_session_datagen - INFO - Dispatching session wekatrace207_a98b66bae9c7947cf5c5d3400f8004997521: 184 events
2026-09-18 10:18:28,818 - inference_perf.datagen.replay.replay_graph_session_datagen - INFO - Dispatching session wekatrace235_b973093aabfe96c2e77e0c64fa0a9d085457: 82 events
2026-09-18 10:18:28,819 - inference_perf.datagen.replay.replay_graph_session_datagen - INFO - Dispatching session wekatrace228_b3c8cf42d9ed741942c61fdbd709b3e60f77: 105 events
2026-09-18 10:18:28,820 - inference_perf.datagen.replay.replay_graph_session_datagen - INFO - Dispatching session wekatrace297_e36c8b4fb2d497f13946c968eaa8b40e77e3: 83 events
2026-09-18 10:18:28,821 - inference_perf.datagen.replay.replay_graph_session_datagen - INFO - Dispatching session wekatrace237_bb09362fe3a016c1b20f92d0e29cfdf97722: 12 events
2026-09-18 10:18:28,821 - inference_perf.datagen.replay.replay_graph_session_datagen - INFO - Dispatching session wekatrace121_6a35a34a2321ec9b90e4b55a419baa835703: 66 events
2026-09-18 10:18:28,822 - inference_perf.datagen.replay.replay_graph_session_datagen - INFO - Dispatching session wekatrace200_a515e6e90e823bf899cfa4f24731ca801bd6: 383 events
2026-09-18 10:18:28,826 - inference_perf.datagen.replay.replay_graph_session_datagen - INFO - Dispatching session wekatrace72_3eefc2fb6e4bdeebad369385b447811a1820: 106 events
2026-09-18 10:18:28,827 - inference_perf.datagen.replay.replay_graph_session_datagen - INFO - Dispatching session wekatrace313_eed87953f930a90bd7970475ec32f01afe0a: 23 events
2026-09-18 10:18:28,828 - inference_perf.datagen.replay.replay_graph_session_datagen - INFO - Dispatching session wekatrace304_e68419cc646966c3be35ebb082d0abe36ae6: 116 events
2026-09-18 10:18:28,829 - inference_perf.datagen.replay.replay_graph_session_datagen - INFO - Dispatching session wekatrace167_900d9257ccf827cbcc1fdc136531935772fe: 156 events
2026-09-18 10:18:28,830 - inference_perf.datagen.replay.replay_graph_session_datagen - INFO - Dispatching session wekatrace157_888c5a8d8a4440adc2d0402a9a52af4075df: 64 events
2026-09-18 10:18:28,831 - inference_perf.datagen.replay.replay_graph_session_datagen - INFO - Dispatching session wekatrace95_4f60b686dd3201db253ac68c460bf2fb1d47: 30 events
2026-09-18 10:18:28,831 - inference_perf.datagen.replay.replay_graph_session_datagen - INFO - Dispatching session wekatrace325_f412405d4427e39c327dd9f228f49ba8ecd1: 20 events
2026-09-18 10:18:28,831 - inference_perf.datagen.replay.replay_graph_session_datagen - INFO - Dispatching session wekatrace7_06385769df23204ac35c53ad431cf42f7c02: 20 events
2026-09-18 10:18:28,831 - inference_perf.datagen.replay.replay_graph_session_datagen - INFO - Dispatching session wekatrace271_d2308c65d14d00591cd2208354d382e1d7f9: 98 events
2026-09-18 10:18:28,832 - inference_perf.datagen.replay.replay_graph_session_datagen - INFO - Dispatching session wekatrace234_b943983209c9b79202718ef0683553304b97: 89 events
2026-09-18 10:18:28,833 - inference_perf.datagen.replay.replay_graph_session_datagen - INFO - Dispatching session wekatrace164_8e7ba33cefd66ca8d2eb5c0420182e971748: 63 events
2026-09-18 10:18:28,833 - inference_perf.datagen.replay.replay_graph_session_datagen - INFO - Dispatching session wekatrace196_a32d778551b30bfd546d254c646f27f8d665: 148 events
2026-09-18 10:18:28,835 - inference_perf.datagen.replay.replay_graph_session_datagen - INFO - Dispatching session wekatrace22_1186d32070428ea303de493d61ee3effd467: 39 events
2026-09-18 10:18:28,835 - inference_perf.datagen.replay.replay_graph_session_datagen - INFO - Dispatching session wekatrace279_d4d2051c560f2bc26535d53381b05cefd934: 40 events
2026-09-18 10:18:28,836 - inference_perf.datagen.replay.replay_graph_session_datagen - INFO - Dispatching session wekatrace48_2b20926f86d488b237e65d296a4bf642270e: 35 events
2026-09-18 10:18:28,836 - inference_perf.datagen.replay.replay_graph_session_datagen - INFO - Dispatching session wekatrace101_5567965ff6abfaa6f40b6a51212c45d7587b: 148 events
2026-09-18 10:18:28,837 - inference_perf.datagen.replay.replay_graph_session_datagen - INFO - Dispatching session wekatrace3_0475b786230f3f2e24220d28e247eaee2dae: 192 events
2026-09-18 10:18:28,840 - inference_perf.datagen.replay.replay_graph_session_datagen - INFO - Dispatching session wekatrace65_37a398bc6ba21656e326b2e5faa699ac0267: 42 events
2026-09-18 10:18:28,840 - inference_perf.datagen.replay.replay_graph_session_datagen - INFO - Dispatching session wekatrace162_8d25e460f8af6ce0b8dd531f9d471a6f4628: 36 events
2026-09-18 10:18:28,840 - inference_perf.datagen.replay.replay_graph_session_datagen - INFO - Dispatching session wekatrace326_f53aede62a31cb25abc2f19f21f610885758: 26 events
2026-09-18 10:18:28,841 - inference_perf.datagen.replay.replay_graph_session_datagen - INFO - Dispatching session wekatrace308_e96832ba16e92ee7b955738ae37813181e63: 255 events
2026-09-18 10:18:28,843 - inference_perf.datagen.replay.replay_graph_session_datagen - INFO - Dispatching session wekatrace199_a475e564996f40c6bb19e7241cc9162dc69c: 22 events
2026-09-18 10:18:28,843 - inference_perf.datagen.replay.replay_graph_session_datagen - INFO - Dispatching session wekatrace9_0767e712d9e187634174712ce484b8bb7526: 68 events
2026-09-18 10:18:28,843 - inference_perf.datagen.replay.replay_graph_session_datagen - INFO - Dispatching session wekatrace204_a6b5ab2531fe4fa22ad233fc407948017150: 206 events
2026-09-18 10:18:28,845 - inference_perf.datagen.replay.replay_graph_session_datagen - INFO - Dispatching session wekatrace317_f0ad64c3918ef2672b6c117db1abcb1b0745: 50 events
2026-09-18 10:18:28,846 - inference_perf.datagen.replay.replay_graph_session_datagen - INFO - Dispatching session wekatrace144_7e954605c7632063029ceabaefff139bafda: 76 events
2026-09-18 10:18:28,846 - inference_perf.datagen.replay.replay_graph_session_datagen - INFO - Dispatching session wekatrace28_1ac9d045056424d98ec4b5725460ca2b6120: 72 events
2026-09-18 10:18:28,847 - inference_perf.datagen.replay.replay_graph_session_datagen - INFO - Dispatching session wekatrace0_00e7d11db2db59f44a87b4110175b11d1af3: 32 events
2026-09-18 10:18:28,847 - inference_perf.datagen.replay.replay_graph_session_datagen - INFO - Dispatching session wekatrace77_426c4b7df9d42462caa3e7b5c230b162bf1c: 61 events
2026-09-18 10:18:28,848 - inference_perf.datagen.replay.replay_graph_session_datagen - INFO - Dispatching session wekatrace35_1ff2c5c397d1c8f4a2e069449ec8e10b882a: 31 events
2026-09-18 10:18:28,848 - inference_perf.datagen.replay.replay_graph_session_datagen - INFO - Dispatching session wekatrace276_d38b308207257050502cacab981ef01a39f3: 82 events
2026-09-18 10:18:28,849 - inference_perf.datagen.replay.replay_graph_session_datagen - INFO - Dispatching session wekatrace260_ccaa0716bff1761ac56299ebcb5bd53ca201: 392 events
2026-09-18 10:18:28,854 - inference_perf.datagen.replay.replay_graph_session_datagen - INFO - Dispatching session wekatrace127_73cd34b22328e6f975b7fbaef20a45b31912: 40 events
2026-09-18 10:18:28,854 - inference_perf.datagen.replay.replay_graph_session_datagen - INFO - Dispatching session wekatrace143_7da6e67a2c4e4ec4f07622c9d6f73adb1b5f: 33 events
2026-09-18 10:18:28,855 - inference_perf.datagen.replay.replay_graph_session_datagen - INFO - Dispatching session wekatrace327_f6cd960450f6420dace6885d14cd96f9ddb5: 94 events
2026-09-18 10:18:28,856 - inference_perf.datagen.replay.replay_graph_session_datagen - INFO - Dispatching session wekatrace298_e404ff7c8cb4bf3e2bb1537b040ffc4febbd: 143 events
2026-09-18 10:18:28,857 - inference_perf.datagen.replay.replay_graph_session_datagen - INFO - Dispatching session wekatrace172_91a5604201e3a0637c6c74d7111ad2074b9b: 204 events
2026-09-18 10:18:28,859 - inference_perf.datagen.replay.replay_graph_session_datagen - INFO - Dispatching session wekatrace210_aa83246acf27ded243a4e1c3dc2a2a27d1e8: 41 events
2026-09-18 10:18:28,859 - inference_perf.datagen.replay.replay_graph_session_datagen - INFO - Dispatching session wekatrace301_e530ceee7f942b635c47a37f967f2db11800: 32 events
2026-09-18 10:18:28,860 - inference_perf.datagen.replay.replay_graph_session_datagen - INFO - Dispatching session wekatrace109_59fc23ca5a69bd575ac1c4d9ef4e0231acb8: 54 events
2026-09-18 10:18:28,860 - inference_perf.datagen.replay.replay_graph_session_datagen - INFO - Dispatching session wekatrace262_cd55147893fd6a9890bb804e2c31c05d11b8: 35 events
2026-09-18 10:18:28,861 - inference_perf.datagen.replay.replay_graph_session_datagen - INFO - Dispatching session wekatrace226_b37cfd952cbc8a190d751efd6c54d876a5fe: 26 events
2026-09-18 10:18:28,861 - inference_perf.datagen.replay.replay_graph_session_datagen - INFO - Dispatching session wekatrace281_d7700eca020651f979428a08193a04608060: 97 events
2026-09-18 10:18:28,862 - inference_perf.datagen.replay.replay_graph_session_datagen - INFO - Dispatching session wekatrace322_f314d3dce90039bbac40c255303066da9586: 33 events
2026-09-18 10:18:28,862 - inference_perf.datagen.replay.replay_graph_session_datagen - INFO - Dispatching session wekatrace40_265a5749ca677d0b0c90e7d3d6029a45318f: 39 events
2026-09-18 10:18:28,862 - inference_perf.datagen.replay.replay_graph_session_datagen - INFO - Dispatching session wekatrace25_16a79fdbe42a805e5bc856b9281e9c6a4c83: 110 events
2026-09-18 10:18:28,863 - inference_perf.datagen.replay.replay_graph_session_datagen - INFO - Dispatching session wekatrace34_1e086b8be96979688eb61ba63e18745a8f82: 64 events
2026-09-18 10:18:28,864 - inference_perf.datagen.replay.replay_graph_session_datagen - INFO - Dispatching session wekatrace165_8ec11babf00a56cb5528a3dd7df75f42803d: 133 events
2026-09-18 10:18:28,865 - inference_perf.datagen.replay.replay_graph_session_datagen - INFO - Dispatching session wekatrace111_5da46e56989651d4a42983b88eabf2e73b62: 75 events
2026-09-18 10:18:28,866 - inference_perf.datagen.replay.replay_graph_session_datagen - INFO - Dispatching session wekatrace46_298daf6961d9121ca2f5d3cde68ba961c0c5: 34 events
2026-09-18 10:18:28,866 - inference_perf.datagen.replay.replay_graph_session_datagen - INFO - Dispatching session wekatrace330_f80e58eccd8412c2bafddfb655c551eb0396: 233 events
2026-09-18 10:18:28,868 - inference_perf.datagen.replay.replay_graph_session_datagen - INFO - Dispatching session wekatrace312_ed4f3e353ab6a3e9150f7b7d463e24e9d876: 29 events
2026-09-18 10:18:28,868 - inference_perf.datagen.replay.replay_graph_session_datagen - INFO - Dispatching session wekatrace272_d27261dcba0465f104881f66197b785a943c: 23 events
2026-09-18 10:18:28,869 - inference_perf.datagen.replay.replay_graph_session_datagen - INFO - Dispatching session wekatrace212_ac222e0dd853c291e982880ebee4b5312d7e: 110 events
2026-09-18 10:18:28,869 - inference_perf.datagen.replay.replay_graph_session_datagen - INFO - Dispatching session wekatrace153_874907a6438acbf94db43541a2fce236bd76: 133 events
2026-09-18 10:18:28,871 - inference_perf.datagen.replay.replay_graph_session_datagen - INFO - Dispatching session wekatrace62_34e0495953cdcf4e391fee725a6b9f9a1132: 117 events
2026-09-18 10:18:28,872 - inference_perf.datagen.replay.replay_graph_session_datagen - INFO - Dispatching session wekatrace302_e57b0007f587d05db6f9a89366240760385f: 38 events
2026-09-18 10:18:28,873 - inference_perf.datagen.replay.replay_graph_session_datagen - INFO - Dispatching session wekatrace80_44b620526ca2abe4eb20220aa044ac1306e1: 178 events
2026-09-18 10:18:28,876 - inference_perf.datagen.replay.replay_graph_session_datagen - INFO - Dispatching session wekatrace337_ffcf66657d5845f00898ac9dcfeff31615bf: 229 events
2026-09-18 10:18:28,878 - inference_perf.datagen.replay.replay_graph_session_datagen - INFO - Dispatching session wekatrace288_ddff1bdaf1caacf49539d4eac15c52b0c942: 114 events
2026-09-18 10:18:28,879 - inference_perf.datagen.replay.replay_graph_session_datagen - INFO - Dispatching session wekatrace244_c008f086bfb4a7c9b8b9beac4aee753db7c9: 158 events
2026-09-18 10:18:28,880 - inference_perf.datagen.replay.replay_graph_session_datagen - INFO - Dispatching session wekatrace222_b06566cd0302e48d347642eeba8d971b2305: 20 events
2026-09-18 10:18:28,880 - inference_perf.datagen.replay.replay_graph_session_datagen - INFO - Dispatching session wekatrace141_7b8efb596888c85071fcec3f98cba72db6ff: 38 events
2026-09-18 10:18:28,881 - inference_perf.datagen.replay.replay_graph_session_datagen - INFO - Dispatching session wekatrace117_661a9bd177af188ec180682fa0d49d85d85e: 50 events
2026-09-18 10:18:28,881 - inference_perf.datagen.replay.replay_graph_session_datagen - INFO - Dispatching session wekatrace230_b813d6ae807311b85e25d55304cb508c42b2: 47 events
2026-09-18 10:18:28,882 - inference_perf.datagen.replay.replay_graph_session_datagen - INFO - Dispatching session wekatrace90_4c6d3f6a8017955af1d5af5d7dff80e6c38c: 219 events
2026-09-18 10:18:28,883 - inference_perf.datagen.replay.replay_graph_session_datagen - INFO - Dispatching session wekatrace27_1aab1b796eacdf7e47634ef3901a99d50b12: 196 events
2026-09-18 10:18:28,885 - inference_perf.datagen.replay.replay_graph_session_datagen - INFO - Dispatching session wekatrace186_9e34ace570f04b8aed5bde41cb248b0c4126: 22 events
2026-09-18 10:18:28,885 - inference_perf.datagen.replay.replay_graph_session_datagen - INFO - Dispatching session wekatrace102_567cd2f0227b72ed5e3b8d4d2c90f270b1e5: 21 events
2026-09-18 10:18:28,885 - inference_perf.datagen.replay.replay_graph_session_datagen - INFO - Dispatching session wekatrace51_2cfbb581474c482911487fd9b13d720889fa: 26 events
2026-09-18 10:18:28,886 - inference_perf.datagen.replay.replay_graph_session_datagen - INFO - Dispatching session wekatrace108_583f593fb0ad41b27ab7e94014a13fd4493a: 60 events
2026-09-18 10:18:28,886 - inference_perf.datagen.replay.replay_graph_session_datagen - INFO - Dispatching session wekatrace13_0a5aba26f119570db6960496095f3969ebdc: 35 events
2026-09-18 10:18:28,887 - inference_perf.datagen.replay.replay_graph_session_datagen - INFO - Dispatching session wekatrace59_322d6256b084ece9fbbaa8ec9cca3dadaf7e: 38 events
2026-09-18 10:18:28,887 - inference_perf.datagen.replay.replay_graph_session_datagen - INFO - Dispatching session wekatrace29_1b29955ec88767b5f8870f705f770cd46c60: 50 events
2026-09-18 10:18:28,887 - inference_perf.datagen.replay.replay_graph_session_datagen - INFO - Dispatching session wekatrace202_a52128ffb445d7e66c8e2a1d4dfcc2dba528: 63 events
2026-09-18 10:18:28,889 - inference_perf.datagen.replay.replay_graph_session_datagen - INFO - Dispatching session wekatrace299_e45af45cfad14d6d4ecf4afd9f30f99965e4: 129 events
2026-09-18 10:18:28,890 - inference_perf.datagen.replay.replay_graph_session_datagen - INFO - Dispatching session wekatrace14_0b1cf5ad73920121aa53e1acb0851a8ecf32: 78 events
2026-09-18 10:18:28,890 - inference_perf.datagen.replay.replay_graph_session_datagen - INFO - Dispatching session wekatrace140_7b1a27df99a9b7809efd8ea6ded0463e7263: 32 events
2026-09-18 10:18:28,891 - inference_perf.datagen.replay.replay_graph_session_datagen - INFO - Dispatching session wekatrace208_a9b405beba91b9e1d59c5981dec9b79d3a65: 217 events
2026-09-18 10:18:28,893 - inference_perf.datagen.replay.replay_graph_session_datagen - INFO - Dispatching session wekatrace188_9f18abdac832b0ba41ad1acab3a3a4ea5532: 22 events
2026-09-18 10:18:28,893 - inference_perf.datagen.replay.replay_graph_session_datagen - INFO - Dispatching session wekatrace252_c5f779b042d27314ffe2ec264a46b7dfdc2b: 68 events
2026-09-18 10:18:28,894 - inference_perf.datagen.replay.replay_graph_session_datagen - INFO - Dispatching session wekatrace310_ebd92ec7d1f096e9bf58cce4fea69e7dd0b1: 48 events
2026-09-18 10:18:28,894 - inference_perf.datagen.replay.replay_graph_session_datagen - INFO - Dispatching session wekatrace320_f2459294d8c323fe0f51d3022df7002848a2: 29 events
2026-09-18 10:18:28,895 - inference_perf.datagen.replay.replay_graph_session_datagen - INFO - Dispatching session wekatrace261_ccfb199fa6f17cba4777e059ed64688ed029: 72 events
2026-09-18 10:18:28,895 - inference_perf.datagen.replay.replay_graph_session_datagen - INFO - Dispatching session wekatrace293_e1966c2980166c06053527b93b21e9fa292a: 66 events
2026-09-18 10:18:28,896 - inference_perf.datagen.replay.replay_graph_session_datagen - INFO - Dispatching session wekatrace85_48c84a0c6ae1df3245c12c75198a47e356b8: 62 events
2026-09-18 10:18:28,896 - inference_perf.datagen.replay.replay_graph_session_datagen - INFO - Dispatching session wekatrace123_6b585b40c5536dc35b904a86f6c89d406f41: 105 events
2026-09-18 10:18:28,897 - inference_perf.datagen.replay.replay_graph_session_datagen - INFO - Dispatching session wekatrace275_d3635203d442d3dcdba521ae35a3eb6a4030: 163 events
2026-09-18 10:18:28,898 - inference_perf.datagen.replay.replay_graph_session_datagen - INFO - Dispatching session wekatrace33_1d52e24446ecdb36d1351d53094d8a67f621: 143 events
2026-09-18 10:18:28,901 - inference_perf.datagen.replay.replay_graph_session_datagen - INFO - Dispatching session wekatrace284_d92906ffbf7aad6f4641bc2ff994fa59595e: 34 events
2026-09-18 10:18:28,902 - inference_perf.datagen.replay.replay_graph_session_datagen - INFO - Dispatching session wekatrace107_5822466cec7f2b817b4c7c2b5ef7f7a3ddfd: 261 events
2026-09-18 10:18:28,904 - inference_perf.datagen.replay.replay_graph_session_datagen - INFO - Dispatching session wekatrace336_ff68d600b9694c22fd94309f84b442bdb10d: 69 events
2026-09-18 10:18:28,904 - inference_perf.datagen.replay.replay_graph_session_datagen - INFO - Dispatching session wekatrace300_e4c6c6ee40541f00c2aa1f813d15a3f8f6cb: 42 events
2026-09-18 10:18:28,905 - inference_perf.datagen.replay.replay_graph_session_datagen - INFO - Dispatching session wekatrace63_350b6e2414c221593bf4a0772ecd7c4fa009: 104 events
2026-09-18 10:18:28,906 - inference_perf.datagen.replay.replay_graph_session_datagen - INFO - Dispatching session wekatrace332_fa518f4c395319ab974e38b7507be6b6d69d: 34 events
2026-09-18 10:18:28,907 - inference_perf.datagen.replay.replay_graph_session_datagen - INFO - Dispatching session wekatrace5_05658118df5d398eec4703ce4fafe679ab30: 221 events
2026-09-18 10:18:28,909 - inference_perf.datagen.replay.replay_graph_session_datagen - INFO - Dispatching session wekatrace82_46dd3f44ce9e588902c3b7c569082821d4bb: 165 events
2026-09-18 10:18:28,910 - inference_perf.datagen.replay.replay_graph_session_datagen - INFO - Dispatching session wekatrace73_407b4722328bffbb942c2c78b5a62c09e5a9: 129 events
2026-09-18 10:18:28,911 - inference_perf.datagen.replay.replay_graph_session_datagen - INFO - Dispatching session wekatrace154_875fce6a7ffc402e48b74d44dbcaa4551a8c: 25 events
2026-09-18 10:18:28,911 - inference_perf.datagen.replay.replay_graph_session_datagen - INFO - Dispatching session wekatrace76_4133ee5c35c7668e6dd4f8065e695bc99ccd: 94 events
2026-09-18 10:18:28,912 - inference_perf.datagen.replay.replay_graph_session_datagen - INFO - Dispatching session wekatrace238_bb3f132df2b4fd2306c9a5b0c22b74ebfe93: 23 events
2026-09-18 10:18:28,912 - inference_perf.datagen.replay.replay_graph_session_datagen - INFO - Dispatching session wekatrace158_89e35cfae8787e3ecbbf3df954c2cbead190: 27 events
2026-09-18 10:18:28,913 - inference_perf.datagen.replay.replay_graph_session_datagen - INFO - Dispatching session wekatrace56_2e6fc2e7b28c2e567d9c2aa0a38586d494eb: 71 events
2026-09-18 10:18:28,913 - inference_perf.datagen.replay.replay_graph_session_datagen - INFO - Dispatching session wekatrace152_85a607535786c99f336f59cfb5cbc108851e: 83 events
2026-09-18 10:18:28,914 - inference_perf.datagen.replay.replay_graph_session_datagen - INFO - Dispatching session wekatrace68_3bc0e09a2d6ec317e0f01281dfe65ecda2a8: 208 events
2026-09-18 10:18:28,916 - inference_perf.datagen.replay.replay_graph_session_datagen - INFO - Dispatching session wekatrace129_74dbd77fc18b4696b5cf203d4d38a8a7c87f: 59 events
2026-09-18 10:18:28,916 - inference_perf.datagen.replay.replay_graph_session_datagen - INFO - Dispatching session wekatrace285_db2a838361e4fb86cd2fcdc410d81e591e5a: 24 events
2026-09-18 10:18:28,916 - inference_perf.datagen.replay.replay_graph_session_datagen - INFO - Dispatching session wekatrace160_8a9d31047365083a978ab97b58bae62be6a7: 26 events
2026-09-18 10:18:28,917 - inference_perf.datagen.replay.replay_graph_session_datagen - INFO - Dispatching session wekatrace104_57314328955638e20597ba7fbd434a197e71: 64 events
2026-09-18 10:18:28,917 - inference_perf.datagen.replay.replay_graph_session_datagen - INFO - Dispatching session wekatrace155_87b899e0e09ea82f8a61457cf3f92b1f41e8: 27 events
2026-09-18 10:18:28,917 - inference_perf.datagen.replay.replay_graph_session_datagen - INFO - Dispatching session wekatrace217_adf7f25444ecd51a5c10b36b6f09558e9c90: 33 events
2026-09-18 10:18:28,918 - inference_perf.datagen.replay.replay_graph_session_datagen - INFO - Dispatching session wekatrace61_346d091b7f1689ef5327401a2bd912f404d9: 184 events
2026-09-18 10:18:28,919 - inference_perf.datagen.replay.replay_graph_session_datagen - INFO - Dispatching session wekatrace251_c3f38af76e6bd8420e1c59bb798cfe446c00: 78 events
2026-09-18 10:18:28,920 - inference_perf.datagen.replay.replay_graph_session_datagen - INFO - Dispatching session wekatrace84_480ef7f29ab363d4b9215c1651a0d87b34d9: 63 events
2026-09-18 10:18:28,920 - inference_perf.datagen.replay.replay_graph_session_datagen - INFO - Dispatching session wekatrace233_b8ed747f8fbc5ad70ad44f728026ccc3c632: 34 events
2026-09-18 10:18:28,922 - inference_perf.datagen.replay.replay_graph_session_datagen - INFO - Dispatching session wekatrace253_c6cb564bf72f6da04fdd910208ddc476f36c: 69 events
2026-09-18 10:18:28,922 - inference_perf.datagen.replay.replay_graph_session_datagen - INFO - Dispatching session wekatrace142_7cf06b36d4bd166939d2de42990f470209ee: 56 events
2026-09-18 10:18:28,923 - inference_perf.datagen.replay.replay_graph_session_datagen - INFO - Dispatching session wekatrace6_05c7c0ff6c473d474125f1c96436e7e3ebaa: 324 events
2026-09-18 10:18:28,926 - inference_perf.datagen.replay.replay_graph_session_datagen - INFO - Dispatching session wekatrace128_74ae0917c1d5b67e0446b631cf2b62f5813a: 36 events
2026-09-18 10:18:28,926 - inference_perf.datagen.replay.replay_graph_session_datagen - INFO - Dispatching session wekatrace99_54caee1c3d37cf5d09abb1fcd7b158398b9f: 87 events
2026-09-18 10:18:28,927 - inference_perf.datagen.replay.replay_graph_session_datagen - INFO - Dispatching session wekatrace78_42f9114202c3d4be7aad209267bdd8301e49: 38 events
2026-09-18 10:18:28,927 - inference_perf.datagen.replay.replay_graph_session_datagen - INFO - Dispatching session wekatrace58_30b5428f1c359a9d2fdf9c25ecd3e4c0f480: 177 events
2026-09-18 10:18:28,929 - inference_perf.datagen.replay.replay_graph_session_datagen - INFO - Dispatching session wekatrace31_1c51f458e8b542059f13268dfd08554de56a: 155 events
2026-09-18 10:18:28,930 - inference_perf.datagen.replay.replay_graph_session_datagen - INFO - Dispatching session wekatrace20_1091bb824ba2083b254e5315eede43dce225: 21 events
2026-09-18 10:18:28,930 - inference_perf.datagen.replay.replay_graph_session_datagen - INFO - Dispatching session wekatrace81_468b9ade27e11d70aac853058abe0a974abe: 64 events
2026-09-18 10:18:28,931 - inference_perf.datagen.replay.replay_graph_session_datagen - INFO - Dispatching session wekatrace229_b55f7e6d9042c80104e958b6c19780fb3564: 60 events
2026-09-18 10:18:28,932 - inference_perf.datagen.replay.replay_graph_session_datagen - INFO - Dispatching session wekatrace286_dc2b520e6f2af0d358d7a20522105069a4ac: 22 events
2026-09-18 10:18:28,932 - inference_perf.datagen.replay.replay_graph_session_datagen - INFO - Dispatching session wekatrace66_3990b675fc7b345c088b0e0e690239debd62: 70 events
2026-09-18 10:18:28,932 - inference_perf.datagen.replay.replay_graph_session_datagen - INFO - Dispatching session wekatrace150_84a14c6889c6cd1936a3b71e03b1ffb9d2a4: 23 events
2026-09-18 10:18:28,933 - inference_perf.datagen.replay.replay_graph_session_datagen - INFO - Dispatching session wekatrace206_a916b3369ab74ad0b3b811583d8962d2cbaa: 286 events
2026-09-18 10:18:28,935 - inference_perf.datagen.replay.replay_graph_session_datagen - INFO - Dispatching session wekatrace8_066e36628e08da30ed5d232a5034160529cb: 24 events
2026-09-18 10:18:28,935 - inference_perf.datagen.replay.replay_graph_session_datagen - INFO - Dispatching session wekatrace170_911eb414b0326e58e9c505ef51883afe654b: 195 events
2026-09-18 10:18:28,938 - inference_perf.datagen.replay.replay_graph_session_datagen - INFO - Dispatching session wekatrace52_2d0036295a55df9c3eab9c1b8dcbc4d90c3e: 41 events
2026-09-18 10:18:28,938 - inference_perf.datagen.replay.replay_graph_session_datagen - INFO - Dispatching session wekatrace105_57757583724fa86f94219c6746bfc3709491: 22 events
2026-09-18 10:18:28,938 - inference_perf.datagen.replay.replay_graph_session_datagen - INFO - Dispatching session wekatrace53_2dd25288ba9fe088c0419aabfb19c3ca4f36: 237 events
2026-09-18 10:18:28,940 - inference_perf.datagen.replay.replay_graph_session_datagen - INFO - Dispatching session wekatrace295_e2d4768656c9727278e555afbe4d67c3eb47: 46 events
2026-09-18 10:18:28,941 - inference_perf.datagen.replay.replay_graph_session_datagen - INFO - Dispatching session wekatrace328_f722d51bf73ac8b7b55451d2fde8bea2fb3f: 83 events
2026-09-18 10:50:31,240 - inference_perf.datagen.replay.replay_graph_session_datagen - ERROR - Request failed for event wekatrace12_09c188c8b9201ec2046cc2df702623fef33e:event_001_parent_turn_1: TimeoutError: 
2026-09-18 10:50:31,242 - inference_perf.datagen.replay.replay_graph_session_datagen - INFO - Session wekatrace12_09c188c8b9201ec2046cc2df702623fef33e failure notification sent to main process (cancelled_events=58)
2026-09-18 10:50:31,242 - inference_perf.client.modelserver.openai_client - ERROR - 
Traceback (most recent call last):
  File "/workspace/.venv/lib/python3.12/site-packages/aiohttp/streams.py", line 365, in _wait
    await waiter
asyncio.exceptions.CancelledError

The above exception was the direct cause of the following exception:

Traceback (most recent call last):
  File "/workspace/inference_perf/apis/streaming_parser.py", line 84, in parse_sse_stream
    async for chunk in response.content.iter_any():
  File "/workspace/.venv/lib/python3.12/site-packages/aiohttp/streams.py", line 46, in __anext__
    rv = await self.read_func()
         ^^^^^^^^^^^^^^^^^^^^^^
  File "/workspace/.venv/lib/python3.12/site-packages/aiohttp/streams.py", line 460, in readany
    await self._wait("readany")
  File "/workspace/.venv/lib/python3.12/site-packages/aiohttp/streams.py", line 364, in _wait
    with self._timer:
         ^^^^^^^^^^^
  File "/workspace/.venv/lib/python3.12/site-packages/aiohttp/helpers.py", line 759, in __exit__
    raise asyncio.TimeoutError from exc_val
TimeoutError

The above exception was the direct cause of the following exception:

Traceback (most recent call last):
  File "/workspace/inference_perf/client/modelserver/openai_client.py", line 557, in process_request
    info = await data.process_response(
           ^^^^^^^^^^^^^^^^^^^^^^^^^^^^
  File "/workspace/inference_perf/datagen/replay/replay_graph_session_datagen.py", line 1039, in process_response
    text_content, chunk_times, raw_content, response_chunks, server_usage = await parse_sse_stream(
                                                                            ^^^^^^^^^^^^^^^^^^^^^^^
  File "/workspace/inference_perf/apis/streaming_parser.py", line 119, in parse_sse_stream
    raise StreamInterruptedError(e, raw_content.decode("utf-8", errors="ignore")) from e
inference_perf.apis.streaming_parser.StreamInterruptedError
2026-09-18 10:50:31,245 - inference_perf.datagen.replay.replay_graph_session_datagen - INFO - Event wekatrace12_09c188c8b9201ec2046cc2df702623fef33e:event_002_parent_turn_2 skipping — predecessor failed
2026-09-18 10:50:31,245 - inference_perf.datagen.replay.replay_graph_session_datagen - INFO - Event wekatrace12_09c188c8b9201ec2046cc2df702623fef33e:event_003_parent_turn_3 skipping — predecessor failed
2026-09-18 10:50:31,246 - inference_perf.datagen.replay.replay_graph_session_datagen - INFO - Event wekatrace12_09c188c8b9201ec2046cc2df702623fef33e:event_004_parent_turn_4 skipping — predecessor failed
2026-09-18 10:50:31,246 - inference_perf.datagen.replay.replay_graph_session_datagen - INFO - Event wekatrace12_09c188c8b9201ec2046cc2df702623fef33e:event_005_parent_turn_5 skipping — predecessor failed
2026-09-18 10:50:31,246 - inference_perf.datagen.replay.replay_graph_session_datagen - INFO - Event wekatrace12_09c188c8b9201ec2046cc2df702623fef33e:event_006_parent_turn_6 skipping — predecessor failed
2026-09-18 10:50:31,246 - inference_perf.datagen.replay.replay_graph_session_datagen - INFO - Event wekatrace12_09c188c8b9201ec2046cc2df702623fef33e:event_007_parent_turn_7 skipping — predecessor failed
2026-09-18 10:50:31,246 - inference_perf.datagen.replay.replay_graph_session_datagen - INFO - Event wekatrace12_09c188c8b9201ec2046cc2df702623fef33e:event_008_parent_turn_8 skipping — predecessor failed
2026-09-18 10:50:31,246 - inference_perf.datagen.replay.replay_graph_session_datagen - INFO - Event wekatrace12_09c188c8b9201ec2046cc2df702623fef33e:event_009_parent_turn_9 skipping — predecessor failed
2026-09-18 10:50:31,246 - inference_perf.datagen.replay.replay_graph_session_datagen - INFO - Event wekatrace12_09c188c8b9201ec2046cc2df702623fef33e:event_010_parent_turn_10 skipping — predecessor failed
2026-09-18 10:50:31,246 - inference_perf.datagen.replay.replay_graph_session_datagen - INFO - Event wekatrace12_09c188c8b9201ec2046cc2df702623fef33e:event_011_parent_turn_11 skipping — predecessor failed
2026-09-18 10:50:31,246 - inference_perf.datagen.replay.replay_graph_session_datagen - INFO - Event wekatrace12_09c188c8b9201ec2046cc2df702623fef33e:event_012_parent_turn_12 skipping — predecessor failed
2026-09-18 10:50:31,246 - inference_perf.datagen.replay.replay_graph_session_datagen - INFO - Event wekatrace12_09c188c8b9201ec2046cc2df702623fef33e:event_013_parent_turn_13 skipping — predecessor failed
2026-09-18 10:50:31,246 - inference_perf.datagen.replay.replay_graph_session_datagen - INFO - Event wekatrace12_09c188c8b9201ec2046cc2df702623fef33e:event_014_parent_turn_14 skipping — predecessor failed
2026-09-18 10:50:31,246 - inference_perf.datagen.replay.replay_graph_session_datagen - INFO - Event wekatrace12_09c188c8b9201ec2046cc2df702623fef33e:event_015_parent_turn_15 skipping — predecessor failed
2026-09-18 10:50:31,246 - inference_perf.datagen.replay.replay_graph_session_datagen - INFO - Event wekatrace12_09c188c8b9201ec2046cc2df702623fef33e:event_016_parent_turn_16 skipping — predecessor failed
2026-09-18 10:50:31,246 - inference_perf.datagen.replay.replay_graph_session_datagen - INFO - Event wekatrace12_09c188c8b9201ec2046cc2df702623fef33e:event_017_parent_turn_17 skipping — predecessor failed
2026-09-18 10:50:31,246 - inference_perf.datagen.replay.replay_graph_session_datagen - INFO - Event wekatrace12_09c188c8b9201ec2046cc2df702623fef33e:event_018_parent_turn_18 skipping — predecessor failed
2026-09-18 10:50:31,246 - inference_perf.datagen.replay.replay_graph_session_datagen - INFO - Event wekatrace12_09c188c8b9201ec2046cc2df702623fef33e:event_019_parent_turn_19 skipping — predecessor failed
2026-09-18 10:50:31,246 - inference_perf.datagen.replay.replay_graph_session_datagen - INFO - Event wekatrace12_09c188c8b9201ec2046cc2df702623fef33e:event_020_parent_turn_20 skipping — predecessor failed
2026-09-18 10:50:31,247 - inference_perf.datagen.replay.replay_graph_session_datagen - INFO - Event wekatrace12_09c188c8b9201ec2046cc2df702623fef33e:event_021_parent_turn_21 skipping — predecessor failed
2026-09-18 10:50:31,247 - inference_perf.datagen.replay.replay_graph_session_datagen - INFO - Event wekatrace12_09c188c8b9201ec2046cc2df702623fef33e:event_022_parent_turn_22 skipping — predecessor failed
2026-09-18 10:50:31,247 - inference_perf.datagen.replay.replay_graph_session_datagen - INFO - Event wekatrace12_09c188c8b9201ec2046cc2df702623fef33e:event_023_parent_turn_23 skipping — predecessor failed
2026-09-18 10:50:31,247 - inference_perf.datagen.replay.replay_graph_session_datagen - INFO - Event wekatrace12_09c188c8b9201ec2046cc2df702623fef33e:event_024_parent_turn_24 skipping — predecessor failed
2026-09-18 10:50:31,247 - inference_perf.datagen.replay.replay_graph_session_datagen - INFO - Event wekatrace12_09c188c8b9201ec2046cc2df702623fef33e:event_025_parent_turn_25 skipping — predecessor failed
2026-09-18 10:50:31,247 - inference_perf.datagen.replay.replay_graph_session_datagen - INFO - Event wekatrace12_09c188c8b9201ec2046cc2df702623fef33e:event_026_parent_turn_26 skipping — predecessor failed
2026-09-18 10:50:31,247 - inference_perf.datagen.replay.replay_graph_session_datagen - INFO - Event wekatrace12_09c188c8b9201ec2046cc2df702623fef33e:event_027_parent_turn_27 skipping — predecessor failed
2026-09-18 10:50:31,247 - inference_perf.datagen.replay.replay_graph_session_datagen - INFO - Event wekatrace12_09c188c8b9201ec2046cc2df702623fef33e:event_028_parent_turn_28 skipping — predecessor failed
2026-09-18 10:50:31,247 - inference_perf.datagen.replay.replay_graph_session_datagen - INFO - Event wekatrace12_09c188c8b9201ec2046cc2df702623fef33e:event_029_parent_turn_29 skipping — predecessor failed
2026-09-18 10:50:31,247 - inference_perf.datagen.replay.replay_graph_session_datagen - INFO - Event wekatrace12_09c188c8b9201ec2046cc2df702623fef33e:event_030_parent_turn_30 skipping — predecessor failed
2026-09-18 10:50:31,247 - inference_perf.datagen.replay.replay_graph_session_datagen - INFO - Event wekatrace12_09c188c8b9201ec2046cc2df702623fef33e:event_031_parent_turn_31 skipping — predecessor failed
2026-09-18 10:50:31,247 - inference_perf.datagen.replay.replay_graph_session_datagen - INFO - Event wekatrace12_09c188c8b9201ec2046cc2df702623fef33e:event_032_parent_turn_32 skipping — predecessor failed
2026-09-18 10:50:31,247 - inference_perf.datagen.replay.replay_graph_session_datagen - INFO - Event wekatrace12_09c188c8b9201ec2046cc2df702623fef33e:event_033_parent_turn_33 skipping — predecessor failed
2026-09-18 10:50:31,247 - inference_perf.datagen.replay.replay_graph_session_datagen - INFO - Event wekatrace12_09c188c8b9201ec2046cc2df702623fef33e:event_034_parent_turn_34 skipping — predecessor failed
2026-09-18 10:50:31,247 - inference_perf.datagen.replay.replay_graph_session_datagen - INFO - Event wekatrace12_09c188c8b9201ec2046cc2df702623fef33e:event_035_parent_turn_35 skipping — predecessor failed
2026-09-18 10:50:31,247 - inference_perf.datagen.replay.replay_graph_session_datagen - INFO - Event wekatrace12_09c188c8b9201ec2046cc2df702623fef33e:event_036_parent_turn_36 skipping — predecessor failed
2026-09-18 10:50:31,247 - inference_perf.datagen.replay.replay_graph_session_datagen - INFO - Event wekatrace12_09c188c8b9201ec2046cc2df702623fef33e:event_037_parent_turn_37 skipping — predecessor failed
2026-09-18 10:50:31,248 - inference_perf.datagen.replay.replay_graph_session_datagen - INFO - Event wekatrace12_09c188c8b9201ec2046cc2df702623fef33e:event_038_parent_turn_38 skipping — predecessor failed
2026-09-18 10:50:31,248 - inference_perf.datagen.replay.replay_graph_session_datagen - INFO - Event wekatrace12_09c188c8b9201ec2046cc2df702623fef33e:event_039_parent_turn_39 skipping — predecessor failed
2026-09-18 10:50:31,248 - inference_perf.datagen.replay.replay_graph_session_datagen - INFO - Event wekatrace12_09c188c8b9201ec2046cc2df702623fef33e:event_040_parent_turn_40 skipping — predecessor failed
2026-09-18 10:50:31,248 - inference_perf.datagen.replay.replay_graph_session_datagen - INFO - Event wekatrace12_09c188c8b9201ec2046cc2df702623fef33e:event_041_parent_turn_41 skipping — predecessor failed
2026-09-18 10:50:31,248 - inference_perf.datagen.replay.replay_graph_session_datagen - INFO - Event wekatrace12_09c188c8b9201ec2046cc2df702623fef33e:event_042_parent_turn_42 skipping — predecessor failed
2026-09-18 10:50:31,248 - inference_perf.datagen.replay.replay_graph_session_datagen - INFO - Event wekatrace12_09c188c8b9201ec2046cc2df702623fef33e:event_043_parent_turn_43 skipping — predecessor failed
2026-09-18 10:50:31,248 - inference_perf.datagen.replay.replay_graph_session_datagen - INFO - Event wekatrace12_09c188c8b9201ec2046cc2df702623fef33e:event_044_parent_turn_44 skipping — predecessor failed
2026-09-18 10:50:31,248 - inference_perf.datagen.replay.replay_graph_session_datagen - INFO - Event wekatrace12_09c188c8b9201ec2046cc2df702623fef33e:event_045_parent_turn_45 skipping — predecessor failed
2026-09-18 10:50:31,248 - inference_perf.datagen.replay.replay_graph_session_datagen - INFO - Event wekatrace12_09c188c8b9201ec2046cc2df702623fef33e:event_046_parent_turn_46 skipping — predecessor failed
2026-09-18 10:50:31,248 - inference_perf.datagen.replay.replay_graph_session_datagen - INFO - Event wekatrace12_09c188c8b9201ec2046cc2df702623fef33e:event_047_parent_turn_47 skipping — predecessor failed
2026-09-18 10:50:31,248 - inference_perf.datagen.replay.replay_graph_session_datagen - INFO - Event wekatrace12_09c188c8b9201ec2046cc2df702623fef33e:event_048_parent_turn_48 skipping — predecessor failed
2026-09-18 10:50:31,248 - inference_perf.datagen.replay.replay_graph_session_datagen - INFO - Event wekatrace12_09c188c8b9201ec2046cc2df702623fef33e:event_049_parent_turn_49 skipping — predecessor failed
2026-09-18 10:50:31,248 - inference_perf.datagen.replay.replay_graph_session_datagen - INFO - Event wekatrace12_09c188c8b9201ec2046cc2df702623fef33e:event_050_parent_turn_50 skipping — predecessor failed
2026-09-18 10:50:31,248 - inference_perf.datagen.replay.replay_graph_session_datagen - INFO - Event wekatrace12_09c188c8b9201ec2046cc2df702623fef33e:event_051_parent_turn_51 skipping — predecessor failed
2026-09-18 10:50:31,248 - inference_perf.datagen.replay.replay_graph_session_datagen - INFO - Event wekatrace12_09c188c8b9201ec2046cc2df702623fef33e:event_052_parent_turn_52 skipping — predecessor failed
2026-09-18 10:50:31,248 - inference_perf.datagen.replay.replay_graph_session_datagen - INFO - Event wekatrace12_09c188c8b9201ec2046cc2df702623fef33e:event_053_parent_turn_53 skipping — predecessor failed
2026-09-18 10:50:31,248 - inference_perf.datagen.replay.replay_graph_session_datagen - INFO - Event wekatrace12_09c188c8b9201ec2046cc2df702623fef33e:event_054_parent_turn_54 skipping — predecessor failed
2026-09-18 10:50:31,249 - inference_perf.datagen.replay.replay_graph_session_datagen - INFO - Event wekatrace12_09c188c8b9201ec2046cc2df702623fef33e:event_055_parent_turn_55 skipping — predecessor failed
2026-09-18 10:50:31,249 - inference_perf.datagen.replay.replay_graph_session_datagen - INFO - Event wekatrace12_09c188c8b9201ec2046cc2df702623fef33e:event_056_parent_turn_56 skipping — predecessor failed
2026-09-18 10:50:31,249 - inference_perf.datagen.replay.replay_graph_session_datagen - INFO - Event wekatrace12_09c188c8b9201ec2046cc2df702623fef33e:event_057_parent_turn_57 skipping — predecessor failed
2026-09-18 10:50:31,249 - inference_perf.datagen.replay.replay_graph_session_datagen - INFO - Event wekatrace12_09c188c8b9201ec2046cc2df702623fef33e:event_058_parent_turn_58 skipping — predecessor failed
2026-09-18 10:50:31,249 - inference_perf.datagen.replay.replay_graph_session_datagen - INFO - Event wekatrace12_09c188c8b9201ec2046cc2df702623fef33e:event_059_parent_turn_59 skipping — predecessor failed
2026-09-18 10:50:43,240 - inference_perf.datagen.replay.replay_graph_session_datagen - ERROR - Request failed for event wekatrace326_f53aede62a31cb25abc2f19f21f610885758:event_001_parent_turn_1: TimeoutError: 
2026-09-18 10:50:43,241 - inference_perf.datagen.replay.replay_graph_session_datagen - INFO - Session wekatrace326_f53aede62a31cb25abc2f19f21f610885758 failure notification sent to main process (cancelled_events=24)
2026-09-18 10:50:43,241 - inference_perf.client.modelserver.openai_client - ERROR - 
Traceback (most recent call last):
  File "/workspace/.venv/lib/python3.12/site-packages/aiohttp/streams.py", line 365, in _wait
    await waiter
asyncio.exceptions.CancelledError

The above exception was the direct cause of the following exception:

Traceback (most recent call last):
  File "/workspace/inference_perf/apis/streaming_parser.py", line 84, in parse_sse_stream
    async for chunk in response.content.iter_any():
  File "/workspace/.venv/lib/python3.12/site-packages/aiohttp/streams.py", line 46, in __anext__
    rv = await self.read_func()
         ^^^^^^^^^^^^^^^^^^^^^^
  File "/workspace/.venv/lib/python3.12/site-packages/aiohttp/streams.py", line 460, in readany
    await self._wait("readany")
  File "/workspace/.venv/lib/python3.12/site-packages/aiohttp/streams.py", line 364, in _wait
    with self._timer:
         ^^^^^^^^^^^
  File "/workspace/.venv/lib/python3.12/site-packages/aiohttp/helpers.py", line 759, in __exit__
    raise asyncio.TimeoutError from exc_val
TimeoutError

The above exception was the direct cause of the following exception:

Traceback (most recent call last):
  File "/workspace/inference_perf/client/modelserver/openai_client.py", line 557, in process_request
    info = await data.process_response(
           ^^^^^^^^^^^^^^^^^^^^^^^^^^^^
  File "/workspace/inference_perf/datagen/replay/replay_graph_session_datagen.py", line 1039, in process_response
    text_content, chunk_times, raw_content, response_chunks, server_usage = await parse_sse_stream(
                                                                            ^^^^^^^^^^^^^^^^^^^^^^^
  File "/workspace/inference_perf/apis/streaming_parser.py", line 119, in parse_sse_stream
    raise StreamInterruptedError(e, raw_content.decode("utf-8", errors="ignore")) from e
inference_perf.apis.streaming_parser.StreamInterruptedError
2026-09-18 10:50:43,244 - inference_perf.datagen.replay.replay_graph_session_datagen - INFO - Event wekatrace326_f53aede62a31cb25abc2f19f21f610885758:event_002_parent_turn_2 skipping — predecessor failed
2026-09-18 10:50:43,244 - inference_perf.datagen.replay.replay_graph_session_datagen - INFO - Event wekatrace326_f53aede62a31cb25abc2f19f21f610885758:event_003_parent_turn_3 skipping — predecessor failed
2026-09-18 10:50:43,244 - inference_perf.datagen.replay.replay_graph_session_datagen - INFO - Event wekatrace326_f53aede62a31cb25abc2f19f21f610885758:event_004_parent_turn_4 skipping — predecessor failed
2026-09-18 10:50:43,244 - inference_perf.datagen.replay.replay_graph_session_datagen - INFO - Event wekatrace326_f53aede62a31cb25abc2f19f21f610885758:event_005_parent_turn_5 skipping — predecessor failed
2026-09-18 10:50:43,244 - inference_perf.datagen.replay.replay_graph_session_datagen - INFO - Event wekatrace326_f53aede62a31cb25abc2f19f21f610885758:event_006_parent_turn_6 skipping — predecessor failed
2026-09-18 10:50:43,244 - inference_perf.datagen.replay.replay_graph_session_datagen - INFO - Event wekatrace326_f53aede62a31cb25abc2f19f21f610885758:event_007_parent_turn_7 skipping — predecessor failed
2026-09-18 10:50:43,244 - inference_perf.datagen.replay.replay_graph_session_datagen - INFO - Event wekatrace326_f53aede62a31cb25abc2f19f21f610885758:event_008_parent_turn_8 skipping — predecessor failed
2026-09-18 10:50:43,244 - inference_perf.datagen.replay.replay_graph_session_datagen - INFO - Event wekatrace326_f53aede62a31cb25abc2f19f21f610885758:event_009_parent_turn_9 skipping — predecessor failed
2026-09-18 10:50:43,244 - inference_perf.datagen.replay.replay_graph_session_datagen - INFO - Event wekatrace326_f53aede62a31cb25abc2f19f21f610885758:event_010_parent_turn_10 skipping — predecessor failed
2026-09-18 10:50:43,244 - inference_perf.datagen.replay.replay_graph_session_datagen - INFO - Event wekatrace326_f53aede62a31cb25abc2f19f21f610885758:event_011_parent_turn_11 skipping — predecessor failed
2026-09-18 10:50:43,245 - inference_perf.datagen.replay.replay_graph_session_datagen - INFO - Event wekatrace326_f53aede62a31cb25abc2f19f21f610885758:event_012_parent_turn_12 skipping — predecessor failed
2026-09-18 10:50:43,245 - inference_perf.datagen.replay.replay_graph_session_datagen - INFO - Event wekatrace326_f53aede62a31cb25abc2f19f21f610885758:event_013_parent_turn_13 skipping — predecessor failed
2026-09-18 10:50:43,245 - inference_perf.datagen.replay.replay_graph_session_datagen - INFO - Event wekatrace326_f53aede62a31cb25abc2f19f21f610885758:event_014_parent_turn_14 skipping — predecessor failed
2026-09-18 10:50:43,245 - inference_perf.datagen.replay.replay_graph_session_datagen - INFO - Event wekatrace326_f53aede62a31cb25abc2f19f21f610885758:event_015_parent_turn_15 skipping — predecessor failed
2026-09-18 10:50:43,245 - inference_perf.datagen.replay.replay_graph_session_datagen - INFO - Event wekatrace326_f53aede62a31cb25abc2f19f21f610885758:event_016_parent_turn_16 skipping — predecessor failed
2026-09-18 10:50:43,245 - inference_perf.datagen.replay.replay_graph_session_datagen - INFO - Event wekatrace326_f53aede62a31cb25abc2f19f21f610885758:event_017_parent_turn_17 skipping — predecessor failed
2026-09-18 10:50:43,245 - inference_perf.datagen.replay.replay_graph_session_datagen - INFO - Event wekatrace326_f53aede62a31cb25abc2f19f21f610885758:event_018_parent_turn_18 skipping — predecessor failed
2026-09-18 10:50:43,245 - inference_perf.datagen.replay.replay_graph_session_datagen - INFO - Event wekatrace326_f53aede62a31cb25abc2f19f21f610885758:event_019_parent_turn_19 skipping — predecessor failed
2026-09-18 10:50:43,245 - inference_perf.datagen.replay.replay_graph_session_datagen - INFO - Event wekatrace326_f53aede62a31cb25abc2f19f21f610885758:event_020_parent_turn_20 skipping — predecessor failed
2026-09-18 10:50:43,245 - inference_perf.datagen.replay.replay_graph_session_datagen - INFO - Event wekatrace326_f53aede62a31cb25abc2f19f21f610885758:event_021_parent_turn_21 skipping — predecessor failed
2026-09-18 10:50:43,245 - inference_perf.datagen.replay.replay_graph_session_datagen - INFO - Event wekatrace326_f53aede62a31cb25abc2f19f21f610885758:event_022_parent_turn_22 skipping — predecessor failed
2026-09-18 10:50:43,245 - inference_perf.datagen.replay.replay_graph_session_datagen - INFO - Event wekatrace326_f53aede62a31cb25abc2f19f21f610885758:event_023_parent_turn_23 skipping — predecessor failed
2026-09-18 10:50:43,245 - inference_perf.datagen.replay.replay_graph_session_datagen - INFO - Event wekatrace326_f53aede62a31cb25abc2f19f21f610885758:event_024_parent_turn_24 skipping — predecessor failed
2026-09-18 10:50:43,245 - inference_perf.datagen.replay.replay_graph_session_datagen - INFO - Event wekatrace326_f53aede62a31cb25abc2f19f21f610885758:event_025_parent_turn_25 skipping — predecessor failed
2026-09-18 10:52:13,241 - inference_perf.datagen.replay.replay_graph_session_datagen - ERROR - Request failed for event wekatrace237_bb09362fe3a016c1b20f92d0e29cfdf97722:event_002_parent_turn_2: TimeoutError: 
2026-09-18 10:52:13,241 - inference_perf.datagen.replay.replay_graph_session_datagen - INFO - Session wekatrace237_bb09362fe3a016c1b20f92d0e29cfdf97722 failure notification sent to main process (cancelled_events=9)
2026-09-18 10:52:13,241 - inference_perf.client.modelserver.openai_client - ERROR - 
Traceback (most recent call last):
  File "/workspace/.venv/lib/python3.12/site-packages/aiohttp/streams.py", line 365, in _wait
    await waiter
asyncio.exceptions.CancelledError

The above exception was the direct cause of the following exception:

Traceback (most recent call last):
  File "/workspace/inference_perf/apis/streaming_parser.py", line 84, in parse_sse_stream
    async for chunk in response.content.iter_any():
  File "/workspace/.venv/lib/python3.12/site-packages/aiohttp/streams.py", line 46, in __anext__
    rv = await self.read_func()
         ^^^^^^^^^^^^^^^^^^^^^^
  File "/workspace/.venv/lib/python3.12/site-packages/aiohttp/streams.py", line 460, in readany
    await self._wait("readany")
  File "/workspace/.venv/lib/python3.12/site-packages/aiohttp/streams.py", line 364, in _wait
    with self._timer:
         ^^^^^^^^^^^
  File "/workspace/.venv/lib/python3.12/site-packages/aiohttp/helpers.py", line 759, in __exit__
    raise asyncio.TimeoutError from exc_val
TimeoutError

The above exception was the direct cause of the following exception:

Traceback (most recent call last):
  File "/workspace/inference_perf/client/modelserver/openai_client.py", line 557, in process_request
    info = await data.process_response(
           ^^^^^^^^^^^^^^^^^^^^^^^^^^^^
  File "/workspace/inference_perf/datagen/replay/replay_graph_session_datagen.py", line 1039, in process_response
    text_content, chunk_times, raw_content, response_chunks, server_usage = await parse_sse_stream(
                                                                            ^^^^^^^^^^^^^^^^^^^^^^^
  File "/workspace/inference_perf/apis/streaming_parser.py", line 119, in parse_sse_stream
    raise StreamInterruptedError(e, raw_content.decode("utf-8", errors="ignore")) from e
inference_perf.apis.streaming_parser.StreamInterruptedError
2026-09-18 10:52:13,245 - inference_perf.datagen.replay.replay_graph_session_datagen - INFO - Event wekatrace237_bb09362fe3a016c1b20f92d0e29cfdf97722:event_003_parent_turn_3 skipping — predecessor failed
2026-09-18 10:52:13,245 - inference_perf.datagen.replay.replay_graph_session_datagen - INFO - Event wekatrace237_bb09362fe3a016c1b20f92d0e29cfdf97722:event_004_parent_turn_4 skipping — predecessor failed
2026-09-18 10:52:13,245 - inference_perf.datagen.replay.replay_graph_session_datagen - INFO - Event wekatrace237_bb09362fe3a016c1b20f92d0e29cfdf97722:event_005_parent_turn_5 skipping — predecessor failed
2026-09-18 10:52:13,245 - inference_perf.datagen.replay.replay_graph_session_datagen - INFO - Event wekatrace237_bb09362fe3a016c1b20f92d0e29cfdf97722:event_006_parent_turn_6 skipping — predecessor failed
2026-09-18 10:52:13,245 - inference_perf.datagen.replay.replay_graph_session_datagen - INFO - Event wekatrace237_bb09362fe3a016c1b20f92d0e29cfdf97722:event_007_parent_turn_7 skipping — predecessor failed
2026-09-18 10:52:13,246 - inference_perf.datagen.replay.replay_graph_session_datagen - INFO - Event wekatrace237_bb09362fe3a016c1b20f92d0e29cfdf97722:event_008_parent_turn_8 skipping — predecessor failed
2026-09-18 10:52:13,246 - inference_perf.datagen.replay.replay_graph_session_datagen - INFO - Event wekatrace237_bb09362fe3a016c1b20f92d0e29cfdf97722:event_009_parent_turn_9 skipping — predecessor failed
2026-09-18 10:52:13,246 - inference_perf.datagen.replay.replay_graph_session_datagen - INFO - Event wekatrace237_bb09362fe3a016c1b20f92d0e29cfdf97722:event_010_parent_turn_10 skipping — predecessor failed
2026-09-18 10:52:13,246 - inference_perf.datagen.replay.replay_graph_session_datagen - INFO - Event wekatrace237_bb09362fe3a016c1b20f92d0e29cfdf97722:event_011_parent_turn_11 skipping — predecessor failed
2026-09-18 10:52:18,240 - inference_perf.datagen.replay.replay_graph_session_datagen - ERROR - Request failed for event wekatrace189_9f20e7ac308c284e5218e06abb1e59c04c2e:event_002_parent_turn_2: TimeoutError: 
2026-09-18 10:52:18,241 - inference_perf.datagen.replay.replay_graph_session_datagen - INFO - Session wekatrace189_9f20e7ac308c284e5218e06abb1e59c04c2e failure notification sent to main process (cancelled_events=69)
2026-09-18 10:52:18,241 - inference_perf.client.modelserver.openai_client - ERROR - 
Traceback (most recent call last):
  File "/workspace/.venv/lib/python3.12/site-packages/aiohttp/streams.py", line 365, in _wait
    await waiter
asyncio.exceptions.CancelledError

The above exception was the direct cause of the following exception:

Traceback (most recent call last):
  File "/workspace/inference_perf/apis/streaming_parser.py", line 84, in parse_sse_stream
    async for chunk in response.content.iter_any():
  File "/workspace/.venv/lib/python3.12/site-packages/aiohttp/streams.py", line 46, in __anext__
    rv = await self.read_func()
         ^^^^^^^^^^^^^^^^^^^^^^
  File "/workspace/.venv/lib/python3.12/site-packages/aiohttp/streams.py", line 460, in readany
    await self._wait("readany")
  File "/workspace/.venv/lib/python3.12/site-packages/aiohttp/streams.py", line 364, in _wait
    with self._timer:
         ^^^^^^^^^^^
  File "/workspace/.venv/lib/python3.12/site-packages/aiohttp/helpers.py", line 759, in __exit__
    raise asyncio.TimeoutError from exc_val
TimeoutError

The above exception was the direct cause of the following exception:

Traceback (most recent call last):
  File "/workspace/inference_perf/client/modelserver/openai_client.py", line 557, in process_request
    info = await data.process_response(
           ^^^^^^^^^^^^^^^^^^^^^^^^^^^^
  File "/workspace/inference_perf/datagen/replay/replay_graph_session_datagen.py", line 1039, in process_response
    text_content, chunk_times, raw_content, response_chunks, server_usage = await parse_sse_stream(
                                                                            ^^^^^^^^^^^^^^^^^^^^^^^
  File "/workspace/inference_perf/apis/streaming_parser.py", line 119, in parse_sse_stream
    raise StreamInterruptedError(e, raw_content.decode("utf-8", errors="ignore")) from e
inference_perf.apis.streaming_parser.StreamInterruptedError
2026-09-18 10:52:18,244 - inference_perf.datagen.replay.replay_graph_session_datagen - INFO - Event wekatrace189_9f20e7ac308c284e5218e06abb1e59c04c2e:event_003_parent_turn_3 skipping — predecessor failed
2026-09-18 10:52:18,244 - inference_perf.datagen.replay.replay_graph_session_datagen - INFO - Event wekatrace189_9f20e7ac308c284e5218e06abb1e59c04c2e:event_004_parent_turn_4 skipping — predecessor failed
2026-09-18 10:52:18,244 - inference_perf.datagen.replay.replay_graph_session_datagen - INFO - Event wekatrace189_9f20e7ac308c284e5218e06abb1e59c04c2e:event_005_parent_turn_5 skipping — predecessor failed
2026-09-18 10:52:18,244 - inference_perf.datagen.replay.replay_graph_session_datagen - INFO - Event wekatrace189_9f20e7ac308c284e5218e06abb1e59c04c2e:event_006_parent_turn_6 skipping — predecessor failed
2026-09-18 10:52:18,244 - inference_perf.datagen.replay.replay_graph_session_datagen - INFO - Event wekatrace189_9f20e7ac308c284e5218e06abb1e59c04c2e:event_007_parent_turn_7 skipping — predecessor failed
2026-09-18 10:52:18,245 - inference_perf.datagen.replay.replay_graph_session_datagen - INFO - Event wekatrace189_9f20e7ac308c284e5218e06abb1e59c04c2e:event_008_parent_turn_8 skipping — predecessor failed
2026-09-18 10:52:18,245 - inference_perf.datagen.replay.replay_graph_session_datagen - INFO - Event wekatrace189_9f20e7ac308c284e5218e06abb1e59c04c2e:event_009_parent_turn_9 skipping — predecessor failed
2026-09-18 10:52:18,245 - inference_perf.datagen.replay.replay_graph_session_datagen - INFO - Event wekatrace189_9f20e7ac308c284e5218e06abb1e59c04c2e:event_010_parent_turn_10 skipping — predecessor failed
2026-09-18 10:52:18,245 - inference_perf.datagen.replay.replay_graph_session_datagen - INFO - Event wekatrace189_9f20e7ac308c284e5218e06abb1e59c04c2e:event_011_parent_turn_11 skipping — predecessor failed
2026-09-18 10:52:18,245 - inference_perf.datagen.replay.replay_graph_session_datagen - INFO - Event wekatrace189_9f20e7ac308c284e5218e06abb1e59c04c2e:event_012_parent_turn_12 skipping — predecessor failed
2026-09-18 10:52:18,245 - inference_perf.datagen.replay.replay_graph_session_datagen - INFO - Event wekatrace189_9f20e7ac308c284e5218e06abb1e59c04c2e:event_013_parent_turn_13 skipping — predecessor failed
2026-09-18 10:52:18,245 - inference_perf.datagen.replay.replay_graph_session_datagen - INFO - Event wekatrace189_9f20e7ac308c284e5218e06abb1e59c04c2e:event_014_parent_turn_14 skipping — predecessor failed
2026-09-18 10:52:18,245 - inference_perf.datagen.replay.replay_graph_session_datagen - INFO - Event wekatrace189_9f20e7ac308c284e5218e06abb1e59c04c2e:event_015_parent_turn_15 skipping — predecessor failed
2026-09-18 10:52:18,246 - inference_perf.datagen.replay.replay_graph_session_datagen - INFO - Event wekatrace189_9f20e7ac308c284e5218e06abb1e59c04c2e:event_016_parent_turn_16 skipping — predecessor failed
2026-09-18 10:52:18,246 - inference_perf.datagen.replay.replay_graph_session_datagen - INFO - Event wekatrace189_9f20e7ac308c284e5218e06abb1e59c04c2e:event_017_parent_turn_17 skipping — predecessor failed
2026-09-18 10:52:18,246 - inference_perf.datagen.replay.replay_graph_session_datagen - INFO - Event wekatrace189_9f20e7ac308c284e5218e06abb1e59c04c2e:event_018_parent_turn_18 skipping — predecessor failed
2026-09-18 10:52:18,246 - inference_perf.datagen.replay.replay_graph_session_datagen - INFO - Event wekatrace189_9f20e7ac308c284e5218e06abb1e59c04c2e:event_019_parent_turn_19 skipping — predecessor failed
2026-09-18 10:52:18,246 - inference_perf.datagen.replay.replay_graph_session_datagen - INFO - Event wekatrace189_9f20e7ac308c284e5218e06abb1e59c04c2e:event_020_parent_turn_20 skipping — predecessor failed
2026-09-18 10:52:18,246 - inference_perf.datagen.replay.replay_graph_session_datagen - INFO - Event wekatrace189_9f20e7ac308c284e5218e06abb1e59c04c2e:event_021_parent_turn_21 skipping — predecessor failed
2026-09-18 10:52:18,246 - inference_perf.datagen.replay.replay_graph_session_datagen - INFO - Event wekatrace189_9f20e7ac308c284e5218e06abb1e59c04c2e:event_022_parent_turn_22 skipping — predecessor failed
2026-09-18 10:52:18,246 - inference_perf.datagen.replay.replay_graph_session_datagen - INFO - Event wekatrace189_9f20e7ac308c284e5218e06abb1e59c04c2e:event_023_parent_turn_23 skipping — predecessor failed
2026-09-18 10:52:18,246 - inference_perf.datagen.replay.replay_graph_session_datagen - INFO - Event wekatrace189_9f20e7ac308c284e5218e06abb1e59c04c2e:event_024_parent_turn_24 skipping — predecessor failed
2026-09-18 10:52:18,246 - inference_perf.datagen.replay.replay_graph_session_datagen - INFO - Event wekatrace189_9f20e7ac308c284e5218e06abb1e59c04c2e:event_025_parent_turn_25 skipping — predecessor failed
2026-09-18 10:52:18,246 - inference_perf.datagen.replay.replay_graph_session_datagen - INFO - Event wekatrace189_9f20e7ac308c284e5218e06abb1e59c04c2e:event_026_parent_turn_26 skipping — predecessor failed
2026-09-18 10:52:18,246 - inference_perf.datagen.replay.replay_graph_session_datagen - INFO - Event wekatrace189_9f20e7ac308c284e5218e06abb1e59c04c2e:event_027_parent_turn_27 skipping — predecessor failed
2026-09-18 10:52:18,246 - inference_perf.datagen.replay.replay_graph_session_datagen - INFO - Event wekatrace189_9f20e7ac308c284e5218e06abb1e59c04c2e:event_028_parent_turn_28 skipping — predecessor failed
2026-09-18 10:52:18,246 - inference_perf.datagen.replay.replay_graph_session_datagen - INFO - Event wekatrace189_9f20e7ac308c284e5218e06abb1e59c04c2e:event_029_parent_turn_29 skipping — predecessor failed
2026-09-18 10:52:18,246 - inference_perf.datagen.replay.replay_graph_session_datagen - INFO - Event wekatrace189_9f20e7ac308c284e5218e06abb1e59c04c2e:event_030_parent_turn_30 skipping — predecessor failed
2026-09-18 10:52:18,247 - inference_perf.datagen.replay.replay_graph_session_datagen - INFO - Event wekatrace189_9f20e7ac308c284e5218e06abb1e59c04c2e:event_031_parent_turn_31 skipping — predecessor failed
2026-09-18 10:52:18,247 - inference_perf.datagen.replay.replay_graph_session_datagen - INFO - Event wekatrace189_9f20e7ac308c284e5218e06abb1e59c04c2e:event_032_parent_turn_32 skipping — predecessor failed
2026-09-18 10:52:18,247 - inference_perf.datagen.replay.replay_graph_session_datagen - INFO - Event wekatrace189_9f20e7ac308c284e5218e06abb1e59c04c2e:event_033_parent_turn_33 skipping — predecessor failed
2026-09-18 10:52:18,247 - inference_perf.datagen.replay.replay_graph_session_datagen - INFO - Event wekatrace189_9f20e7ac308c284e5218e06abb1e59c04c2e:event_034_parent_turn_34 skipping — predecessor failed
2026-09-18 10:52:18,247 - inference_perf.datagen.replay.replay_graph_session_datagen - INFO - Event wekatrace189_9f20e7ac308c284e5218e06abb1e59c04c2e:event_035_parent_turn_35 skipping — predecessor failed
2026-09-18 10:52:18,247 - inference_perf.datagen.replay.replay_graph_session_datagen - INFO - Event wekatrace189_9f20e7ac308c284e5218e06abb1e59c04c2e:event_036_parent_turn_36 skipping — predecessor failed
2026-09-18 10:52:18,247 - inference_perf.datagen.replay.replay_graph_session_datagen - INFO - Event wekatrace189_9f20e7ac308c284e5218e06abb1e59c04c2e:event_037_parent_turn_37 skipping — predecessor failed
2026-09-18 10:52:18,247 - inference_perf.datagen.replay.replay_graph_session_datagen - INFO - Event wekatrace189_9f20e7ac308c284e5218e06abb1e59c04c2e:event_038_parent_turn_38 skipping — predecessor failed
2026-09-18 10:52:18,247 - inference_perf.datagen.replay.replay_graph_session_datagen - INFO - Event wekatrace189_9f20e7ac308c284e5218e06abb1e59c04c2e:event_039_parent_turn_39 skipping — predecessor failed
2026-09-18 10:52:18,247 - inference_perf.datagen.replay.replay_graph_session_datagen - INFO - Event wekatrace189_9f20e7ac308c284e5218e06abb1e59c04c2e:event_040_parent_turn_40 skipping — predecessor failed
2026-09-18 10:52:18,247 - inference_perf.datagen.replay.replay_graph_session_datagen - INFO - Event wekatrace189_9f20e7ac308c284e5218e06abb1e59c04c2e:event_041_parent_turn_41 skipping — predecessor failed
2026-09-18 10:52:18,247 - inference_perf.datagen.replay.replay_graph_session_datagen - INFO - Event wekatrace189_9f20e7ac308c284e5218e06abb1e59c04c2e:event_042_parent_turn_42 skipping — predecessor failed
2026-09-18 10:52:18,247 - inference_perf.datagen.replay.replay_graph_session_datagen - INFO - Event wekatrace189_9f20e7ac308c284e5218e06abb1e59c04c2e:event_043_parent_turn_43 skipping — predecessor failed
2026-09-18 10:52:18,247 - inference_perf.datagen.replay.replay_graph_session_datagen - INFO - Event wekatrace189_9f20e7ac308c284e5218e06abb1e59c04c2e:event_044_parent_turn_44 skipping — predecessor failed
2026-09-18 10:52:18,248 - inference_perf.datagen.replay.replay_graph_session_datagen - INFO - Event wekatrace189_9f20e7ac308c284e5218e06abb1e59c04c2e:event_045_parent_turn_45 skipping — predecessor failed
2026-09-18 10:52:18,248 - inference_perf.datagen.replay.replay_graph_session_datagen - INFO - Event wekatrace189_9f20e7ac308c284e5218e06abb1e59c04c2e:event_046_parent_turn_46 skipping — predecessor failed
2026-09-18 10:52:18,248 - inference_perf.datagen.replay.replay_graph_session_datagen - INFO - Event wekatrace189_9f20e7ac308c284e5218e06abb1e59c04c2e:event_047_parent_turn_47 skipping — predecessor failed
2026-09-18 10:52:18,248 - inference_perf.datagen.replay.replay_graph_session_datagen - INFO - Event wekatrace189_9f20e7ac308c284e5218e06abb1e59c04c2e:event_048_parent_turn_48 skipping — predecessor failed
2026-09-18 10:52:18,248 - inference_perf.datagen.replay.replay_graph_session_datagen - INFO - Event wekatrace189_9f20e7ac308c284e5218e06abb1e59c04c2e:event_049_parent_turn_49 skipping — predecessor failed
2026-09-18 10:52:18,248 - inference_perf.datagen.replay.replay_graph_session_datagen - INFO - Event wekatrace189_9f20e7ac308c284e5218e06abb1e59c04c2e:event_050_parent_turn_50 skipping — predecessor failed
2026-09-18 10:52:18,248 - inference_perf.datagen.replay.replay_graph_session_datagen - INFO - Event wekatrace189_9f20e7ac308c284e5218e06abb1e59c04c2e:event_051_parent_turn_51 skipping — predecessor failed
2026-09-18 10:52:18,248 - inference_perf.datagen.replay.replay_graph_session_datagen - INFO - Event wekatrace189_9f20e7ac308c284e5218e06abb1e59c04c2e:event_052_parent_turn_52 skipping — predecessor failed
2026-09-18 10:52:18,248 - inference_perf.datagen.replay.replay_graph_session_datagen - INFO - Event wekatrace189_9f20e7ac308c284e5218e06abb1e59c04c2e:event_053_parent_turn_53 skipping — predecessor failed
2026-09-18 10:52:18,248 - inference_perf.datagen.replay.replay_graph_session_datagen - INFO - Event wekatrace189_9f20e7ac308c284e5218e06abb1e59c04c2e:event_054_parent_turn_54 skipping — predecessor failed
2026-09-18 10:52:18,248 - inference_perf.datagen.replay.replay_graph_session_datagen - INFO - Event wekatrace189_9f20e7ac308c284e5218e06abb1e59c04c2e:event_055_parent_turn_55 skipping — predecessor failed
2026-09-18 10:52:18,248 - inference_perf.datagen.replay.replay_graph_session_datagen - INFO - Event wekatrace189_9f20e7ac308c284e5218e06abb1e59c04c2e:event_056_parent_turn_56 skipping — predecessor failed
2026-09-18 10:52:18,248 - inference_perf.datagen.replay.replay_graph_session_datagen - INFO - Event wekatrace189_9f20e7ac308c284e5218e06abb1e59c04c2e:event_057_parent_turn_57 skipping — predecessor failed
2026-09-18 10:52:18,249 - inference_perf.datagen.replay.replay_graph_session_datagen - INFO - Event wekatrace189_9f20e7ac308c284e5218e06abb1e59c04c2e:event_058_parent_turn_58 skipping — predecessor failed
2026-09-18 10:52:18,249 - inference_perf.datagen.replay.replay_graph_session_datagen - INFO - Event wekatrace189_9f20e7ac308c284e5218e06abb1e59c04c2e:event_059_parent_turn_59 skipping — predecessor failed
2026-09-18 10:52:18,249 - inference_perf.datagen.replay.replay_graph_session_datagen - INFO - Event wekatrace189_9f20e7ac308c284e5218e06abb1e59c04c2e:event_060_parent_turn_60 skipping — predecessor failed
2026-09-18 10:52:18,249 - inference_perf.datagen.replay.replay_graph_session_datagen - INFO - Event wekatrace189_9f20e7ac308c284e5218e06abb1e59c04c2e:event_061_parent_turn_61 skipping — predecessor failed
2026-09-18 10:52:18,249 - inference_perf.datagen.replay.replay_graph_session_datagen - INFO - Event wekatrace189_9f20e7ac308c284e5218e06abb1e59c04c2e:event_062_parent_turn_62 skipping — predecessor failed
2026-09-18 10:52:18,249 - inference_perf.datagen.replay.replay_graph_session_datagen - INFO - Event wekatrace189_9f20e7ac308c284e5218e06abb1e59c04c2e:event_063_parent_turn_63 skipping — predecessor failed
2026-09-18 10:52:18,249 - inference_perf.datagen.replay.replay_graph_session_datagen - INFO - Event wekatrace189_9f20e7ac308c284e5218e06abb1e59c04c2e:event_064_parent_turn_64 skipping — predecessor failed
2026-09-18 10:52:18,249 - inference_perf.datagen.replay.replay_graph_session_datagen - INFO - Event wekatrace189_9f20e7ac308c284e5218e06abb1e59c04c2e:event_065_parent_turn_65 skipping — predecessor failed
2026-09-18 10:52:18,249 - inference_perf.datagen.replay.replay_graph_session_datagen - INFO - Event wekatrace189_9f20e7ac308c284e5218e06abb1e59c04c2e:event_066_parent_turn_66 skipping — predecessor failed
2026-09-18 10:52:18,249 - inference_perf.datagen.replay.replay_graph_session_datagen - INFO - Event wekatrace189_9f20e7ac308c284e5218e06abb1e59c04c2e:event_067_parent_turn_67 skipping — predecessor failed
2026-09-18 10:52:18,249 - inference_perf.datagen.replay.replay_graph_session_datagen - INFO - Event wekatrace189_9f20e7ac308c284e5218e06abb1e59c04c2e:event_068_parent_turn_68 skipping — predecessor failed
2026-09-18 10:52:18,249 - inference_perf.datagen.replay.replay_graph_session_datagen - INFO - Event wekatrace189_9f20e7ac308c284e5218e06abb1e59c04c2e:event_069_parent_turn_69 skipping — predecessor failed
2026-09-18 10:52:18,250 - inference_perf.datagen.replay.replay_graph_session_datagen - INFO - Event wekatrace189_9f20e7ac308c284e5218e06abb1e59c04c2e:event_070_parent_turn_70 skipping — predecessor failed
2026-09-18 10:52:18,250 - inference_perf.datagen.replay.replay_graph_session_datagen - INFO - Event wekatrace189_9f20e7ac308c284e5218e06abb1e59c04c2e:event_071_parent_turn_71 skipping — predecessor failed
2026-09-18 10:52:54,240 - inference_perf.datagen.replay.replay_graph_session_datagen - ERROR - Request failed for event wekatrace221_afd3f3a1ccdb67fcb1022499a9a507842fad:event_002_parent_turn_2: TimeoutError: 
2026-09-18 10:52:54,240 - inference_perf.datagen.replay.replay_graph_session_datagen - INFO - Session wekatrace221_afd3f3a1ccdb67fcb1022499a9a507842fad failure notification sent to main process (cancelled_events=29)
2026-09-18 10:52:54,240 - inference_perf.client.modelserver.openai_client - ERROR - 
Traceback (most recent call last):
  File "/workspace/.venv/lib/python3.12/site-packages/aiohttp/streams.py", line 365, in _wait
    await waiter
asyncio.exceptions.CancelledError

The above exception was the direct cause of the following exception:

Traceback (most recent call last):
  File "/workspace/inference_perf/apis/streaming_parser.py", line 84, in parse_sse_stream
    async for chunk in response.content.iter_any():
  File "/workspace/.venv/lib/python3.12/site-packages/aiohttp/streams.py", line 46, in __anext__
    rv = await self.read_func()
         ^^^^^^^^^^^^^^^^^^^^^^
  File "/workspace/.venv/lib/python3.12/site-packages/aiohttp/streams.py", line 460, in readany
    await self._wait("readany")
  File "/workspace/.venv/lib/python3.12/site-packages/aiohttp/streams.py", line 364, in _wait
    with self._timer:
         ^^^^^^^^^^^
  File "/workspace/.venv/lib/python3.12/site-packages/aiohttp/helpers.py", line 759, in __exit__
    raise asyncio.TimeoutError from exc_val
TimeoutError

The above exception was the direct cause of the following exception:

Traceback (most recent call last):
  File "/workspace/inference_perf/client/modelserver/openai_client.py", line 557, in process_request
    info = await data.process_response(
           ^^^^^^^^^^^^^^^^^^^^^^^^^^^^
  File "/workspace/inference_perf/datagen/replay/replay_graph_session_datagen.py", line 1039, in process_response
    text_content, chunk_times, raw_content, response_chunks, server_usage = await parse_sse_stream(
                                                                            ^^^^^^^^^^^^^^^^^^^^^^^
  File "/workspace/inference_perf/apis/streaming_parser.py", line 119, in parse_sse_stream
    raise StreamInterruptedError(e, raw_content.decode("utf-8", errors="ignore")) from e
inference_perf.apis.streaming_parser.StreamInterruptedError
2026-09-18 10:52:54,243 - inference_perf.datagen.replay.replay_graph_session_datagen - INFO - Event wekatrace221_afd3f3a1ccdb67fcb1022499a9a507842fad:event_003_parent_turn_3 skipping — predecessor failed
2026-09-18 10:52:54,243 - inference_perf.datagen.replay.replay_graph_session_datagen - INFO - Event wekatrace221_afd3f3a1ccdb67fcb1022499a9a507842fad:event_004_parent_turn_4 skipping — predecessor failed
2026-09-18 10:52:54,243 - inference_perf.datagen.replay.replay_graph_session_datagen - INFO - Event wekatrace221_afd3f3a1ccdb67fcb1022499a9a507842fad:event_005_parent_turn_5 skipping — predecessor failed
2026-09-18 10:52:54,244 - inference_perf.datagen.replay.replay_graph_session_datagen - INFO - Event wekatrace221_afd3f3a1ccdb67fcb1022499a9a507842fad:event_006_parent_turn_6 skipping — predecessor failed
2026-09-18 10:52:54,244 - inference_perf.datagen.replay.replay_graph_session_datagen - INFO - Event wekatrace221_afd3f3a1ccdb67fcb1022499a9a507842fad:event_007_parent_turn_7 skipping — predecessor failed
2026-09-18 10:52:54,244 - inference_perf.datagen.replay.replay_graph_session_datagen - INFO - Event wekatrace221_afd3f3a1ccdb67fcb1022499a9a507842fad:event_008_parent_turn_8 skipping — predecessor failed
2026-09-18 10:52:54,244 - inference_perf.datagen.replay.replay_graph_session_datagen - INFO - Event wekatrace221_afd3f3a1ccdb67fcb1022499a9a507842fad:event_009_parent_turn_9 skipping — predecessor failed
2026-09-18 10:52:54,244 - inference_perf.datagen.replay.replay_graph_session_datagen - INFO - Event wekatrace221_afd3f3a1ccdb67fcb1022499a9a507842fad:event_010_parent_turn_10 skipping — predecessor failed
2026-09-18 10:52:54,244 - inference_perf.datagen.replay.replay_graph_session_datagen - INFO - Event wekatrace221_afd3f3a1ccdb67fcb1022499a9a507842fad:event_011_parent_turn_11 skipping — predecessor failed
2026-09-18 10:52:54,244 - inference_perf.datagen.replay.replay_graph_session_datagen - INFO - Event wekatrace221_afd3f3a1ccdb67fcb1022499a9a507842fad:event_012_parent_turn_12 skipping — predecessor failed
2026-09-18 10:52:54,244 - inference_perf.datagen.replay.replay_graph_session_datagen - INFO - Event wekatrace221_afd3f3a1ccdb67fcb1022499a9a507842fad:event_013_parent_turn_13 skipping — predecessor failed
2026-09-18 10:52:54,244 - inference_perf.datagen.replay.replay_graph_session_datagen - INFO - Event wekatrace221_afd3f3a1ccdb67fcb1022499a9a507842fad:event_014_parent_turn_14 skipping — predecessor failed
2026-09-18 10:52:54,245 - inference_perf.datagen.replay.replay_graph_session_datagen - INFO - Event wekatrace221_afd3f3a1ccdb67fcb1022499a9a507842fad:event_015_parent_turn_15 skipping — predecessor failed
2026-09-18 10:52:54,245 - inference_perf.datagen.replay.replay_graph_session_datagen - INFO - Event wekatrace221_afd3f3a1ccdb67fcb1022499a9a507842fad:event_016_parent_turn_16 skipping — predecessor failed
2026-09-18 10:52:54,245 - inference_perf.datagen.replay.replay_graph_session_datagen - INFO - Event wekatrace221_afd3f3a1ccdb67fcb1022499a9a507842fad:event_017_parent_turn_17 skipping — predecessor failed
2026-09-18 10:52:54,245 - inference_perf.datagen.replay.replay_graph_session_datagen - INFO - Event wekatrace221_afd3f3a1ccdb67fcb1022499a9a507842fad:event_018_parent_turn_18 skipping — predecessor failed
2026-09-18 10:52:54,245 - inference_perf.datagen.replay.replay_graph_session_datagen - INFO - Event wekatrace221_afd3f3a1ccdb67fcb1022499a9a507842fad:event_019_parent_turn_19 skipping — predecessor failed
2026-09-18 10:52:54,245 - inference_perf.datagen.replay.replay_graph_session_datagen - INFO - Event wekatrace221_afd3f3a1ccdb67fcb1022499a9a507842fad:event_020_parent_turn_20 skipping — predecessor failed
2026-09-18 10:52:54,245 - inference_perf.datagen.replay.replay_graph_session_datagen - INFO - Event wekatrace221_afd3f3a1ccdb67fcb1022499a9a507842fad:event_021_parent_turn_21 skipping — predecessor failed
2026-09-18 10:52:54,245 - inference_perf.datagen.replay.replay_graph_session_datagen - INFO - Event wekatrace221_afd3f3a1ccdb67fcb1022499a9a507842fad:event_022_parent_turn_22 skipping — predecessor failed
2026-09-18 10:52:54,245 - inference_perf.datagen.replay.replay_graph_session_datagen - INFO - Event wekatrace221_afd3f3a1ccdb67fcb1022499a9a507842fad:event_023_parent_turn_23 skipping — predecessor failed
2026-09-18 10:52:54,245 - inference_perf.datagen.replay.replay_graph_session_datagen - INFO - Event wekatrace221_afd3f3a1ccdb67fcb1022499a9a507842fad:event_024_parent_turn_24 skipping — predecessor failed
2026-09-18 10:52:54,245 - inference_perf.datagen.replay.replay_graph_session_datagen - INFO - Event wekatrace221_afd3f3a1ccdb67fcb1022499a9a507842fad:event_025_parent_turn_25 skipping — predecessor failed
2026-09-18 10:52:54,245 - inference_perf.datagen.replay.replay_graph_session_datagen - INFO - Event wekatrace221_afd3f3a1ccdb67fcb1022499a9a507842fad:event_026_parent_turn_26 skipping — predecessor failed
2026-09-18 10:52:54,245 - inference_perf.datagen.replay.replay_graph_session_datagen - INFO - Event wekatrace221_afd3f3a1ccdb67fcb1022499a9a507842fad:event_027_parent_turn_27 skipping — predecessor failed
2026-09-18 10:52:54,246 - inference_perf.datagen.replay.replay_graph_session_datagen - INFO - Event wekatrace221_afd3f3a1ccdb67fcb1022499a9a507842fad:event_028_parent_turn_28 skipping — predecessor failed
2026-09-18 10:52:54,246 - inference_perf.datagen.replay.replay_graph_session_datagen - INFO - Event wekatrace221_afd3f3a1ccdb67fcb1022499a9a507842fad:event_029_parent_turn_29 skipping — predecessor failed
2026-09-18 10:52:54,246 - inference_perf.datagen.replay.replay_graph_session_datagen - INFO - Event wekatrace221_afd3f3a1ccdb67fcb1022499a9a507842fad:event_030_parent_turn_30 skipping — predecessor failed
2026-09-18 10:52:54,246 - inference_perf.datagen.replay.replay_graph_session_datagen - INFO - Event wekatrace221_afd3f3a1ccdb67fcb1022499a9a507842fad:event_031_parent_turn_31 skipping — predecessor failed
2026-09-18 10:53:17,240 - inference_perf.datagen.replay.replay_graph_session_datagen - ERROR - Request failed for event wekatrace181_999eea8a292a67475f955dd8f074dd4e413e:event_001_parent_turn_1: TimeoutError: 
2026-09-18 10:53:17,241 - inference_perf.datagen.replay.replay_graph_session_datagen - INFO - Session wekatrace181_999eea8a292a67475f955dd8f074dd4e413e failure notification sent to main process (cancelled_events=79)
2026-09-18 10:53:17,241 - inference_perf.client.modelserver.openai_client - ERROR - 
Traceback (most recent call last):
  File "/workspace/.venv/lib/python3.12/site-packages/aiohttp/streams.py", line 365, in _wait
    await waiter
asyncio.exceptions.CancelledError

The above exception was the direct cause of the following exception:

Traceback (most recent call last):
  File "/workspace/inference_perf/apis/streaming_parser.py", line 84, in parse_sse_stream
    async for chunk in response.content.iter_any():
  File "/workspace/.venv/lib/python3.12/site-packages/aiohttp/streams.py", line 46, in __anext__
    rv = await self.read_func()
         ^^^^^^^^^^^^^^^^^^^^^^
  File "/workspace/.venv/lib/python3.12/site-packages/aiohttp/streams.py", line 460, in readany
    await self._wait("readany")
  File "/workspace/.venv/lib/python3.12/site-packages/aiohttp/streams.py", line 364, in _wait
    with self._timer:
         ^^^^^^^^^^^
  File "/workspace/.venv/lib/python3.12/site-packages/aiohttp/helpers.py", line 759, in __exit__
    raise asyncio.TimeoutError from exc_val
TimeoutError

The above exception was the direct cause of the following exception:

Traceback (most recent call last):
  File "/workspace/inference_perf/client/modelserver/openai_client.py", line 557, in process_request
    info = await data.process_response(
           ^^^^^^^^^^^^^^^^^^^^^^^^^^^^
  File "/workspace/inference_perf/datagen/replay/replay_graph_session_datagen.py", line 1039, in process_response
    text_content, chunk_times, raw_content, response_chunks, server_usage = await parse_sse_stream(
                                                                            ^^^^^^^^^^^^^^^^^^^^^^^
  File "/workspace/inference_perf/apis/streaming_parser.py", line 119, in parse_sse_stream
    raise StreamInterruptedError(e, raw_content.decode("utf-8", errors="ignore")) from e
inference_perf.apis.streaming_parser.StreamInterruptedError
2026-09-18 10:53:17,245 - inference_perf.datagen.replay.replay_graph_session_datagen - INFO - Event wekatrace181_999eea8a292a67475f955dd8f074dd4e413e:event_002_parent_turn_2 skipping — predecessor failed
2026-09-18 10:53:17,245 - inference_perf.datagen.replay.replay_graph_session_datagen - INFO - Event wekatrace181_999eea8a292a67475f955dd8f074dd4e413e:event_003_parent_turn_3 skipping — predecessor failed
2026-09-18 10:53:17,245 - inference_perf.datagen.replay.replay_graph_session_datagen - INFO - Event wekatrace181_999eea8a292a67475f955dd8f074dd4e413e:event_004_parent_turn_4 skipping — predecessor failed
2026-09-18 10:53:17,245 - inference_perf.datagen.replay.replay_graph_session_datagen - INFO - Event wekatrace181_999eea8a292a67475f955dd8f074dd4e413e:event_005_parent_turn_5 skipping — predecessor failed
2026-09-18 10:53:17,245 - inference_perf.datagen.replay.replay_graph_session_datagen - INFO - Event wekatrace181_999eea8a292a67475f955dd8f074dd4e413e:event_006_parent_turn_6 skipping — predecessor failed
2026-09-18 10:53:17,245 - inference_perf.datagen.replay.replay_graph_session_datagen - INFO - Event wekatrace181_999eea8a292a67475f955dd8f074dd4e413e:event_007_parent_turn_7 skipping — predecessor failed
2026-09-18 10:53:17,245 - inference_perf.datagen.replay.replay_graph_session_datagen - INFO - Event wekatrace181_999eea8a292a67475f955dd8f074dd4e413e:event_008_parent_turn_8 skipping — predecessor failed
2026-09-18 10:53:17,245 - inference_perf.datagen.replay.replay_graph_session_datagen - INFO - Event wekatrace181_999eea8a292a67475f955dd8f074dd4e413e:event_009_parent_turn_9 skipping — predecessor failed
2026-09-18 10:53:17,245 - inference_perf.datagen.replay.replay_graph_session_datagen - INFO - Event wekatrace181_999eea8a292a67475f955dd8f074dd4e413e:event_010_parent_turn_10 skipping — predecessor failed
2026-09-18 10:53:17,245 - inference_perf.datagen.replay.replay_graph_session_datagen - INFO - Event wekatrace181_999eea8a292a67475f955dd8f074dd4e413e:event_011_parent_turn_11 skipping — predecessor failed
2026-09-18 10:53:17,245 - inference_perf.datagen.replay.replay_graph_session_datagen - INFO - Event wekatrace181_999eea8a292a67475f955dd8f074dd4e413e:event_012_sa_subagent_001_e71e0e9e_s0_turn_0 skipping — predecessor failed
2026-09-18 10:53:17,245 - inference_perf.datagen.replay.replay_graph_session_datagen - INFO - Event wekatrace181_999eea8a292a67475f955dd8f074dd4e413e:event_020_parent_turn_12 skipping — predecessor failed
2026-09-18 10:53:17,245 - inference_perf.datagen.replay.replay_graph_session_datagen - INFO - Event wekatrace181_999eea8a292a67475f955dd8f074dd4e413e:event_013_sa_subagent_001_e71e0e9e_s0_turn_1 skipping — predecessor failed
2026-09-18 10:53:17,246 - inference_perf.datagen.replay.replay_graph_session_datagen - INFO - Event wekatrace181_999eea8a292a67475f955dd8f074dd4e413e:event_021_parent_turn_13 skipping — predecessor failed
2026-09-18 10:53:17,246 - inference_perf.datagen.replay.replay_graph_session_datagen - INFO - Event wekatrace181_999eea8a292a67475f955dd8f074dd4e413e:event_014_sa_subagent_001_e71e0e9e_s0_turn_2 skipping — predecessor failed
2026-09-18 10:53:17,246 - inference_perf.datagen.replay.replay_graph_session_datagen - INFO - Event wekatrace181_999eea8a292a67475f955dd8f074dd4e413e:event_022_parent_turn_14 skipping — predecessor failed
2026-09-18 10:53:17,246 - inference_perf.datagen.replay.replay_graph_session_datagen - INFO - Event wekatrace181_999eea8a292a67475f955dd8f074dd4e413e:event_023_parent_turn_15 skipping — predecessor failed
2026-09-18 10:53:17,246 - inference_perf.datagen.replay.replay_graph_session_datagen - INFO - Event wekatrace181_999eea8a292a67475f955dd8f074dd4e413e:event_024_parent_turn_16 skipping — predecessor failed
2026-09-18 10:53:17,246 - inference_perf.datagen.replay.replay_graph_session_datagen - INFO - Event wekatrace181_999eea8a292a67475f955dd8f074dd4e413e:event_025_parent_turn_17 skipping — predecessor failed
2026-09-18 10:53:17,246 - inference_perf.datagen.replay.replay_graph_session_datagen - INFO - Event wekatrace181_999eea8a292a67475f955dd8f074dd4e413e:event_015_sa_subagent_001_e71e0e9e_s0_turn_3 skipping — predecessor failed
2026-09-18 10:53:17,246 - inference_perf.datagen.replay.replay_graph_session_datagen - INFO - Event wekatrace181_999eea8a292a67475f955dd8f074dd4e413e:event_026_parent_turn_18 skipping — predecessor failed
2026-09-18 10:53:17,246 - inference_perf.datagen.replay.replay_graph_session_datagen - INFO - Event wekatrace181_999eea8a292a67475f955dd8f074dd4e413e:event_027_parent_turn_19 skipping — predecessor failed
2026-09-18 10:53:17,246 - inference_perf.datagen.replay.replay_graph_session_datagen - INFO - Event wekatrace181_999eea8a292a67475f955dd8f074dd4e413e:event_028_parent_turn_20 skipping — predecessor failed
2026-09-18 10:53:17,246 - inference_perf.datagen.replay.replay_graph_session_datagen - INFO - Event wekatrace181_999eea8a292a67475f955dd8f074dd4e413e:event_016_sa_subagent_002_b01d6154_s0_turn_0 skipping — predecessor failed
2026-09-18 10:53:17,246 - inference_perf.datagen.replay.replay_graph_session_datagen - INFO - Event wekatrace181_999eea8a292a67475f955dd8f074dd4e413e:event_029_parent_turn_21 skipping — predecessor failed
2026-09-18 10:53:17,246 - inference_perf.datagen.replay.replay_graph_session_datagen - INFO - Event wekatrace181_999eea8a292a67475f955dd8f074dd4e413e:event_030_parent_turn_22 skipping — predecessor failed
2026-09-18 10:53:17,246 - inference_perf.datagen.replay.replay_graph_session_datagen - INFO - Event wekatrace181_999eea8a292a67475f955dd8f074dd4e413e:event_017_sa_subagent_002_b01d6154_s0_turn_1 skipping — predecessor failed
2026-09-18 10:53:17,246 - inference_perf.datagen.replay.replay_graph_session_datagen - INFO - Event wekatrace181_999eea8a292a67475f955dd8f074dd4e413e:event_031_parent_turn_23 skipping — predecessor failed
2026-09-18 10:53:17,246 - inference_perf.datagen.replay.replay_graph_session_datagen - INFO - Event wekatrace181_999eea8a292a67475f955dd8f074dd4e413e:event_032_parent_turn_24 skipping — predecessor failed
2026-09-18 10:53:17,246 - inference_perf.datagen.replay.replay_graph_session_datagen - INFO - Event wekatrace181_999eea8a292a67475f955dd8f074dd4e413e:event_033_parent_turn_25 skipping — predecessor failed
2026-09-18 10:53:17,246 - inference_perf.datagen.replay.replay_graph_session_datagen - INFO - Event wekatrace181_999eea8a292a67475f955dd8f074dd4e413e:event_034_parent_turn_26 skipping — predecessor failed
2026-09-18 10:53:17,246 - inference_perf.datagen.replay.replay_graph_session_datagen - INFO - Event wekatrace181_999eea8a292a67475f955dd8f074dd4e413e:event_018_sa_subagent_002_b01d6154_s0_turn_2 skipping — predecessor failed
2026-09-18 10:53:17,247 - inference_perf.datagen.replay.replay_graph_session_datagen - INFO - Event wekatrace181_999eea8a292a67475f955dd8f074dd4e413e:event_035_parent_turn_27 skipping — predecessor failed
2026-09-18 10:53:17,247 - inference_perf.datagen.replay.replay_graph_session_datagen - INFO - Event wekatrace181_999eea8a292a67475f955dd8f074dd4e413e:event_036_parent_turn_28 skipping — predecessor failed
2026-09-18 10:53:17,247 - inference_perf.datagen.replay.replay_graph_session_datagen - INFO - Event wekatrace181_999eea8a292a67475f955dd8f074dd4e413e:event_019_sa_subagent_002_b01d6154_s0_turn_3 skipping — predecessor failed
2026-09-18 10:53:17,247 - inference_perf.datagen.replay.replay_graph_session_datagen - INFO - Event wekatrace181_999eea8a292a67475f955dd8f074dd4e413e:event_037_parent_turn_29 skipping — predecessor failed
2026-09-18 10:53:17,247 - inference_perf.datagen.replay.replay_graph_session_datagen - INFO - Event wekatrace181_999eea8a292a67475f955dd8f074dd4e413e:event_038_parent_turn_30 skipping — predecessor failed
2026-09-18 10:53:17,247 - inference_perf.datagen.replay.replay_graph_session_datagen - INFO - Event wekatrace181_999eea8a292a67475f955dd8f074dd4e413e:event_039_parent_turn_31 skipping — predecessor failed
2026-09-18 10:53:17,247 - inference_perf.datagen.replay.replay_graph_session_datagen - INFO - Event wekatrace181_999eea8a292a67475f955dd8f074dd4e413e:event_040_parent_turn_32 skipping — predecessor failed
2026-09-18 10:53:17,247 - inference_perf.datagen.replay.replay_graph_session_datagen - INFO - Event wekatrace181_999eea8a292a67475f955dd8f074dd4e413e:event_041_parent_turn_33 skipping — predecessor failed
2026-09-18 10:53:17,247 - inference_perf.datagen.replay.replay_graph_session_datagen - INFO - Event wekatrace181_999eea8a292a67475f955dd8f074dd4e413e:event_042_parent_turn_34 skipping — predecessor failed
2026-09-18 10:53:17,247 - inference_perf.datagen.replay.replay_graph_session_datagen - INFO - Event wekatrace181_999eea8a292a67475f955dd8f074dd4e413e:event_043_parent_turn_35 skipping — predecessor failed
2026-09-18 10:53:17,247 - inference_perf.datagen.replay.replay_graph_session_datagen - INFO - Event wekatrace181_999eea8a292a67475f955dd8f074dd4e413e:event_044_parent_turn_36 skipping — predecessor failed
2026-09-18 10:53:17,247 - inference_perf.datagen.replay.replay_graph_session_datagen - INFO - Event wekatrace181_999eea8a292a67475f955dd8f074dd4e413e:event_045_parent_turn_37 skipping — predecessor failed
2026-09-18 10:53:17,247 - inference_perf.datagen.replay.replay_graph_session_datagen - INFO - Event wekatrace181_999eea8a292a67475f955dd8f074dd4e413e:event_046_parent_turn_38 skipping — predecessor failed
2026-09-18 10:53:17,247 - inference_perf.datagen.replay.replay_graph_session_datagen - INFO - Event wekatrace181_999eea8a292a67475f955dd8f074dd4e413e:event_047_parent_turn_39 skipping — predecessor failed
2026-09-18 10:53:17,248 - inference_perf.datagen.replay.replay_graph_session_datagen - INFO - Event wekatrace181_999eea8a292a67475f955dd8f074dd4e413e:event_048_parent_turn_40 skipping — predecessor failed
2026-09-18 10:53:17,248 - inference_perf.datagen.replay.replay_graph_session_datagen - INFO - Event wekatrace181_999eea8a292a67475f955dd8f074dd4e413e:event_049_parent_turn_41 skipping — predecessor failed
2026-09-18 10:53:17,248 - inference_perf.datagen.replay.replay_graph_session_datagen - INFO - Event wekatrace181_999eea8a292a67475f955dd8f074dd4e413e:event_050_parent_turn_42 skipping — predecessor failed
2026-09-18 10:53:17,248 - inference_perf.datagen.replay.replay_graph_session_datagen - INFO - Event wekatrace181_999eea8a292a67475f955dd8f074dd4e413e:event_051_parent_turn_43 skipping — predecessor failed
2026-09-18 10:53:17,248 - inference_perf.datagen.replay.replay_graph_session_datagen - INFO - Event wekatrace181_999eea8a292a67475f955dd8f074dd4e413e:event_052_parent_turn_44 skipping — predecessor failed
2026-09-18 10:53:17,248 - inference_perf.datagen.replay.replay_graph_session_datagen - INFO - Event wekatrace181_999eea8a292a67475f955dd8f074dd4e413e:event_053_parent_turn_45 skipping — predecessor failed
2026-09-18 10:53:17,248 - inference_perf.datagen.replay.replay_graph_session_datagen - INFO - Event wekatrace181_999eea8a292a67475f955dd8f074dd4e413e:event_054_parent_turn_46 skipping — predecessor failed
2026-09-18 10:53:17,248 - inference_perf.datagen.replay.replay_graph_session_datagen - INFO - Event wekatrace181_999eea8a292a67475f955dd8f074dd4e413e:event_055_parent_turn_47 skipping — predecessor failed
2026-09-18 10:53:17,248 - inference_perf.datagen.replay.replay_graph_session_datagen - INFO - Event wekatrace181_999eea8a292a67475f955dd8f074dd4e413e:event_056_parent_turn_48 skipping — predecessor failed
2026-09-18 10:53:17,248 - inference_perf.datagen.replay.replay_graph_session_datagen - INFO - Event wekatrace181_999eea8a292a67475f955dd8f074dd4e413e:event_057_parent_turn_49 skipping — predecessor failed
2026-09-18 10:53:17,248 - inference_perf.datagen.replay.replay_graph_session_datagen - INFO - Event wekatrace181_999eea8a292a67475f955dd8f074dd4e413e:event_058_parent_turn_50 skipping — predecessor failed
2026-09-18 10:53:17,248 - inference_perf.datagen.replay.replay_graph_session_datagen - INFO - Event wekatrace181_999eea8a292a67475f955dd8f074dd4e413e:event_059_parent_turn_51 skipping — predecessor failed
2026-09-18 10:53:17,248 - inference_perf.datagen.replay.replay_graph_session_datagen - INFO - Event wekatrace181_999eea8a292a67475f955dd8f074dd4e413e:event_060_parent_turn_52 skipping — predecessor failed
2026-09-18 10:53:17,248 - inference_perf.datagen.replay.replay_graph_session_datagen - INFO - Event wekatrace181_999eea8a292a67475f955dd8f074dd4e413e:event_061_parent_turn_53 skipping — predecessor failed
2026-09-18 10:53:17,248 - inference_perf.datagen.replay.replay_graph_session_datagen - INFO - Event wekatrace181_999eea8a292a67475f955dd8f074dd4e413e:event_062_parent_turn_54 skipping — predecessor failed
2026-09-18 10:53:17,249 - inference_perf.datagen.replay.replay_graph_session_datagen - INFO - Event wekatrace181_999eea8a292a67475f955dd8f074dd4e413e:event_063_parent_turn_55 skipping — predecessor failed
2026-09-18 10:53:17,249 - inference_perf.datagen.replay.replay_graph_session_datagen - INFO - Event wekatrace181_999eea8a292a67475f955dd8f074dd4e413e:event_064_parent_turn_56 skipping — predecessor failed
2026-09-18 10:53:17,249 - inference_perf.datagen.replay.replay_graph_session_datagen - INFO - Event wekatrace181_999eea8a292a67475f955dd8f074dd4e413e:event_065_parent_turn_57 skipping — predecessor failed
2026-09-18 10:53:17,249 - inference_perf.datagen.replay.replay_graph_session_datagen - INFO - Event wekatrace181_999eea8a292a67475f955dd8f074dd4e413e:event_066_parent_turn_58 skipping — predecessor failed
2026-09-18 10:53:17,249 - inference_perf.datagen.replay.replay_graph_session_datagen - INFO - Event wekatrace181_999eea8a292a67475f955dd8f074dd4e413e:event_067_parent_turn_59 skipping — predecessor failed
2026-09-18 10:53:17,249 - inference_perf.datagen.replay.replay_graph_session_datagen - INFO - Event wekatrace181_999eea8a292a67475f955dd8f074dd4e413e:event_068_parent_turn_60 skipping — predecessor failed
2026-09-18 10:53:17,249 - inference_perf.datagen.replay.replay_graph_session_datagen - INFO - Event wekatrace181_999eea8a292a67475f955dd8f074dd4e413e:event_069_parent_turn_61 skipping — predecessor failed
2026-09-18 10:53:17,249 - inference_perf.datagen.replay.replay_graph_session_datagen - INFO - Event wekatrace181_999eea8a292a67475f955dd8f074dd4e413e:event_070_parent_turn_62 skipping — predecessor failed
2026-09-18 10:53:17,249 - inference_perf.datagen.replay.replay_graph_session_datagen - INFO - Event wekatrace181_999eea8a292a67475f955dd8f074dd4e413e:event_071_parent_turn_63 skipping — predecessor failed
2026-09-18 10:53:17,249 - inference_perf.datagen.replay.replay_graph_session_datagen - INFO - Event wekatrace181_999eea8a292a67475f955dd8f074dd4e413e:event_072_parent_turn_64 skipping — predecessor failed
2026-09-18 10:53:17,249 - inference_perf.datagen.replay.replay_graph_session_datagen - INFO - Event wekatrace181_999eea8a292a67475f955dd8f074dd4e413e:event_073_parent_turn_65 skipping — predecessor failed
2026-09-18 10:53:17,249 - inference_perf.datagen.replay.replay_graph_session_datagen - INFO - Event wekatrace181_999eea8a292a67475f955dd8f074dd4e413e:event_074_parent_turn_66 skipping — predecessor failed
2026-09-18 10:53:17,249 - inference_perf.datagen.replay.replay_graph_session_datagen - INFO - Event wekatrace181_999eea8a292a67475f955dd8f074dd4e413e:event_075_parent_turn_67 skipping — predecessor failed
2026-09-18 10:53:17,250 - inference_perf.datagen.replay.replay_graph_session_datagen - INFO - Event wekatrace181_999eea8a292a67475f955dd8f074dd4e413e:event_076_parent_turn_68 skipping — predecessor failed
2026-09-18 10:53:17,250 - inference_perf.datagen.replay.replay_graph_session_datagen - INFO - Event wekatrace181_999eea8a292a67475f955dd8f074dd4e413e:event_077_parent_turn_69 skipping — predecessor failed
2026-09-18 10:53:17,250 - inference_perf.datagen.replay.replay_graph_session_datagen - INFO - Event wekatrace181_999eea8a292a67475f955dd8f074dd4e413e:event_078_parent_turn_70 skipping — predecessor failed
2026-09-18 10:53:17,250 - inference_perf.datagen.replay.replay_graph_session_datagen - INFO - Event wekatrace181_999eea8a292a67475f955dd8f074dd4e413e:event_079_parent_turn_71 skipping — predecessor failed
2026-09-18 10:53:17,250 - inference_perf.datagen.replay.replay_graph_session_datagen - INFO - Event wekatrace181_999eea8a292a67475f955dd8f074dd4e413e:event_080_parent_turn_72 skipping — predecessor failed
2026-09-18 10:54:43,240 - inference_perf.datagen.replay.replay_graph_session_datagen - ERROR - Request failed for event wekatrace36_20821cf092022b08be8c97d438b5f8003ee7:event_002_parent_turn_2: TimeoutError: 
2026-09-18 10:54:43,241 - inference_perf.datagen.replay.replay_graph_session_datagen - INFO - Session wekatrace36_20821cf092022b08be8c97d438b5f8003ee7 failure notification sent to main process (cancelled_events=172)
2026-09-18 10:54:43,242 - inference_perf.client.modelserver.openai_client - ERROR - 
Traceback (most recent call last):
  File "/workspace/.venv/lib/python3.12/site-packages/aiohttp/streams.py", line 365, in _wait
    await waiter
asyncio.exceptions.CancelledError

The above exception was the direct cause of the following exception:

Traceback (most recent call last):
  File "/workspace/inference_perf/apis/streaming_parser.py", line 84, in parse_sse_stream
    async for chunk in response.content.iter_any():
  File "/workspace/.venv/lib/python3.12/site-packages/aiohttp/streams.py", line 46, in __anext__
    rv = await self.read_func()
         ^^^^^^^^^^^^^^^^^^^^^^
  File "/workspace/.venv/lib/python3.12/site-packages/aiohttp/streams.py", line 460, in readany
    await self._wait("readany")
  File "/workspace/.venv/lib/python3.12/site-packages/aiohttp/streams.py", line 364, in _wait
    with self._timer:
         ^^^^^^^^^^^
  File "/workspace/.venv/lib/python3.12/site-packages/aiohttp/helpers.py", line 759, in __exit__
    raise asyncio.TimeoutError from exc_val
TimeoutError

The above exception was the direct cause of the following exception:

Traceback (most recent call last):
  File "/workspace/inference_perf/client/modelserver/openai_client.py", line 557, in process_request
    info = await data.process_response(
           ^^^^^^^^^^^^^^^^^^^^^^^^^^^^
  File "/workspace/inference_perf/datagen/replay/replay_graph_session_datagen.py", line 1039, in process_response
    text_content, chunk_times, raw_content, response_chunks, server_usage = await parse_sse_stream(
                                                                            ^^^^^^^^^^^^^^^^^^^^^^^
  File "/workspace/inference_perf/apis/streaming_parser.py", line 119, in parse_sse_stream
    raise StreamInterruptedError(e, raw_content.decode("utf-8", errors="ignore")) from e
inference_perf.apis.streaming_parser.StreamInterruptedError
2026-09-18 10:54:43,244 - inference_perf.datagen.replay.replay_graph_session_datagen - INFO - Event wekatrace36_20821cf092022b08be8c97d438b5f8003ee7:event_003_parent_turn_3 skipping — predecessor failed
2026-09-18 10:54:43,244 - inference_perf.datagen.replay.replay_graph_session_datagen - INFO - Event wekatrace36_20821cf092022b08be8c97d438b5f8003ee7:event_004_parent_turn_4 skipping — predecessor failed
2026-09-18 10:54:43,245 - inference_perf.datagen.replay.replay_graph_session_datagen - INFO - Event wekatrace36_20821cf092022b08be8c97d438b5f8003ee7:event_005_parent_turn_5 skipping — predecessor failed
2026-09-18 10:54:43,245 - inference_perf.datagen.replay.replay_graph_session_datagen - INFO - Event wekatrace36_20821cf092022b08be8c97d438b5f8003ee7:event_006_parent_turn_6 skipping — predecessor failed
2026-09-18 10:54:43,246 - inference_perf.datagen.replay.replay_graph_session_datagen - INFO - Event wekatrace36_20821cf092022b08be8c97d438b5f8003ee7:event_007_parent_turn_7 skipping — predecessor failed
2026-09-18 10:54:43,246 - inference_perf.datagen.replay.replay_graph_session_datagen - INFO - Event wekatrace36_20821cf092022b08be8c97d438b5f8003ee7:event_008_parent_turn_8 skipping — predecessor failed
2026-09-18 10:54:43,246 - inference_perf.datagen.replay.replay_graph_session_datagen - INFO - Event wekatrace36_20821cf092022b08be8c97d438b5f8003ee7:event_009_parent_turn_9 skipping — predecessor failed
2026-09-18 10:54:43,246 - inference_perf.datagen.replay.replay_graph_session_datagen - INFO - Event wekatrace36_20821cf092022b08be8c97d438b5f8003ee7:event_010_parent_turn_10 skipping — predecessor failed
2026-09-18 10:54:43,246 - inference_perf.datagen.replay.replay_graph_session_datagen - INFO - Event wekatrace36_20821cf092022b08be8c97d438b5f8003ee7:event_011_parent_turn_11 skipping — predecessor failed
2026-09-18 10:54:43,246 - inference_perf.datagen.replay.replay_graph_session_datagen - INFO - Event wekatrace36_20821cf092022b08be8c97d438b5f8003ee7:event_012_parent_turn_12 skipping — predecessor failed
2026-09-18 10:54:43,246 - inference_perf.datagen.replay.replay_graph_session_datagen - INFO - Event wekatrace36_20821cf092022b08be8c97d438b5f8003ee7:event_013_parent_turn_13 skipping — predecessor failed
2026-09-18 10:54:43,246 - inference_perf.datagen.replay.replay_graph_session_datagen - INFO - Event wekatrace36_20821cf092022b08be8c97d438b5f8003ee7:event_014_parent_turn_14 skipping — predecessor failed
2026-09-18 10:54:43,246 - inference_perf.datagen.replay.replay_graph_session_datagen - INFO - Event wekatrace36_20821cf092022b08be8c97d438b5f8003ee7:event_015_parent_turn_15 skipping — predecessor failed
2026-09-18 10:54:43,246 - inference_perf.datagen.replay.replay_graph_session_datagen - INFO - Event wekatrace36_20821cf092022b08be8c97d438b5f8003ee7:event_016_parent_turn_16 skipping — predecessor failed
2026-09-18 10:54:43,246 - inference_perf.datagen.replay.replay_graph_session_datagen - INFO - Event wekatrace36_20821cf092022b08be8c97d438b5f8003ee7:event_017_parent_turn_17 skipping — predecessor failed
2026-09-18 10:54:43,246 - inference_perf.datagen.replay.replay_graph_session_datagen - INFO - Event wekatrace36_20821cf092022b08be8c97d438b5f8003ee7:event_018_parent_turn_18 skipping — predecessor failed
2026-09-18 10:54:43,246 - inference_perf.datagen.replay.replay_graph_session_datagen - INFO - Event wekatrace36_20821cf092022b08be8c97d438b5f8003ee7:event_019_parent_turn_19 skipping — predecessor failed
2026-09-18 10:54:43,246 - inference_perf.datagen.replay.replay_graph_session_datagen - INFO - Event wekatrace36_20821cf092022b08be8c97d438b5f8003ee7:event_020_parent_turn_20 skipping — predecessor failed
2026-09-18 10:54:43,246 - inference_perf.datagen.replay.replay_graph_session_datagen - INFO - Event wekatrace36_20821cf092022b08be8c97d438b5f8003ee7:event_021_parent_turn_21 skipping — predecessor failed
2026-09-18 10:54:43,246 - inference_perf.datagen.replay.replay_graph_session_datagen - INFO - Event wekatrace36_20821cf092022b08be8c97d438b5f8003ee7:event_022_parent_turn_22 skipping — predecessor failed
2026-09-18 10:54:43,247 - inference_perf.datagen.replay.replay_graph_session_datagen - INFO - Event wekatrace36_20821cf092022b08be8c97d438b5f8003ee7:event_023_parent_turn_23 skipping — predecessor failed
2026-09-18 10:54:43,247 - inference_perf.datagen.replay.replay_graph_session_datagen - INFO - Event wekatrace36_20821cf092022b08be8c97d438b5f8003ee7:event_024_parent_turn_24 skipping — predecessor failed
2026-09-18 10:54:43,247 - inference_perf.datagen.replay.replay_graph_session_datagen - INFO - Event wekatrace36_20821cf092022b08be8c97d438b5f8003ee7:event_025_parent_turn_25 skipping — predecessor failed
2026-09-18 10:54:43,247 - inference_perf.datagen.replay.replay_graph_session_datagen - INFO - Event wekatrace36_20821cf092022b08be8c97d438b5f8003ee7:event_026_parent_turn_26 skipping — predecessor failed
2026-09-18 10:54:43,247 - inference_perf.datagen.replay.replay_graph_session_datagen - INFO - Event wekatrace36_20821cf092022b08be8c97d438b5f8003ee7:event_027_parent_turn_27 skipping — predecessor failed
2026-09-18 10:54:43,247 - inference_perf.datagen.replay.replay_graph_session_datagen - INFO - Event wekatrace36_20821cf092022b08be8c97d438b5f8003ee7:event_028_parent_turn_28 skipping — predecessor failed
2026-09-18 10:54:43,247 - inference_perf.datagen.replay.replay_graph_session_datagen - INFO - Event wekatrace36_20821cf092022b08be8c97d438b5f8003ee7:event_029_parent_turn_29 skipping — predecessor failed
2026-09-18 10:54:43,247 - inference_perf.datagen.replay.replay_graph_session_datagen - INFO - Event wekatrace36_20821cf092022b08be8c97d438b5f8003ee7:event_030_parent_turn_30 skipping — predecessor failed
2026-09-18 10:54:43,247 - inference_perf.datagen.replay.replay_graph_session_datagen - INFO - Event wekatrace36_20821cf092022b08be8c97d438b5f8003ee7:event_031_parent_turn_31 skipping — predecessor failed
2026-09-18 10:54:43,247 - inference_perf.datagen.replay.replay_graph_session_datagen - INFO - Event wekatrace36_20821cf092022b08be8c97d438b5f8003ee7:event_032_parent_turn_32 skipping — predecessor failed
2026-09-18 10:54:43,247 - inference_perf.datagen.replay.replay_graph_session_datagen - INFO - Event wekatrace36_20821cf092022b08be8c97d438b5f8003ee7:event_033_parent_turn_33 skipping — predecessor failed
2026-09-18 10:54:43,247 - inference_perf.datagen.replay.replay_graph_session_datagen - INFO - Event wekatrace36_20821cf092022b08be8c97d438b5f8003ee7:event_034_parent_turn_34 skipping — predecessor failed
2026-09-18 10:54:43,247 - inference_perf.datagen.replay.replay_graph_session_datagen - INFO - Event wekatrace36_20821cf092022b08be8c97d438b5f8003ee7:event_035_parent_turn_35 skipping — predecessor failed
2026-09-18 10:54:43,247 - inference_perf.datagen.replay.replay_graph_session_datagen - INFO - Event wekatrace36_20821cf092022b08be8c97d438b5f8003ee7:event_036_parent_turn_36 skipping — predecessor failed
2026-09-18 10:54:43,248 - inference_perf.datagen.replay.replay_graph_session_datagen - INFO - Event wekatrace36_20821cf092022b08be8c97d438b5f8003ee7:event_037_parent_turn_37 skipping — predecessor failed
2026-09-18 10:54:43,248 - inference_perf.datagen.replay.replay_graph_session_datagen - INFO - Event wekatrace36_20821cf092022b08be8c97d438b5f8003ee7:event_038_parent_turn_38 skipping — predecessor failed
2026-09-18 10:54:43,248 - inference_perf.datagen.replay.replay_graph_session_datagen - INFO - Event wekatrace36_20821cf092022b08be8c97d438b5f8003ee7:event_039_parent_turn_39 skipping — predecessor failed
2026-09-18 10:54:43,248 - inference_perf.datagen.replay.replay_graph_session_datagen - INFO - Event wekatrace36_20821cf092022b08be8c97d438b5f8003ee7:event_040_parent_turn_40 skipping — predecessor failed
2026-09-18 10:54:43,248 - inference_perf.datagen.replay.replay_graph_session_datagen - INFO - Event wekatrace36_20821cf092022b08be8c97d438b5f8003ee7:event_041_parent_turn_41 skipping — predecessor failed
2026-09-18 10:54:43,248 - inference_perf.datagen.replay.replay_graph_session_datagen - INFO - Event wekatrace36_20821cf092022b08be8c97d438b5f8003ee7:event_042_parent_turn_42 skipping — predecessor failed
2026-09-18 10:54:43,248 - inference_perf.datagen.replay.replay_graph_session_datagen - INFO - Event wekatrace36_20821cf092022b08be8c97d438b5f8003ee7:event_043_parent_turn_43 skipping — predecessor failed
2026-09-18 10:54:43,248 - inference_perf.datagen.replay.replay_graph_session_datagen - INFO - Event wekatrace36_20821cf092022b08be8c97d438b5f8003ee7:event_044_parent_turn_44 skipping — predecessor failed
2026-09-18 10:54:43,248 - inference_perf.datagen.replay.replay_graph_session_datagen - INFO - Event wekatrace36_20821cf092022b08be8c97d438b5f8003ee7:event_045_parent_turn_45 skipping — predecessor failed
2026-09-18 10:54:43,248 - inference_perf.datagen.replay.replay_graph_session_datagen - INFO - Event wekatrace36_20821cf092022b08be8c97d438b5f8003ee7:event_046_parent_turn_46 skipping — predecessor failed
2026-09-18 10:54:43,248 - inference_perf.datagen.replay.replay_graph_session_datagen - INFO - Event wekatrace36_20821cf092022b08be8c97d438b5f8003ee7:event_047_parent_turn_47 skipping — predecessor failed
2026-09-18 10:54:43,248 - inference_perf.datagen.replay.replay_graph_session_datagen - INFO - Event wekatrace36_20821cf092022b08be8c97d438b5f8003ee7:event_048_parent_turn_48 skipping — predecessor failed
2026-09-18 10:54:43,248 - inference_perf.datagen.replay.replay_graph_session_datagen - INFO - Event wekatrace36_20821cf092022b08be8c97d438b5f8003ee7:event_049_parent_turn_49 skipping — predecessor failed
2026-09-18 10:54:43,248 - inference_perf.datagen.replay.replay_graph_session_datagen - INFO - Event wekatrace36_20821cf092022b08be8c97d438b5f8003ee7:event_050_parent_turn_50 skipping — predecessor failed
2026-09-18 10:54:43,248 - inference_perf.datagen.replay.replay_graph_session_datagen - INFO - Event wekatrace36_20821cf092022b08be8c97d438b5f8003ee7:event_051_parent_turn_51 skipping — predecessor failed
2026-09-18 10:54:43,249 - inference_perf.datagen.replay.replay_graph_session_datagen - INFO - Event wekatrace36_20821cf092022b08be8c97d438b5f8003ee7:event_052_parent_turn_52 skipping — predecessor failed
2026-09-18 10:54:43,249 - inference_perf.datagen.replay.replay_graph_session_datagen - INFO - Event wekatrace36_20821cf092022b08be8c97d438b5f8003ee7:event_053_parent_turn_53 skipping — predecessor failed
2026-09-18 10:54:43,249 - inference_perf.datagen.replay.replay_graph_session_datagen - INFO - Event wekatrace36_20821cf092022b08be8c97d438b5f8003ee7:event_054_parent_turn_54 skipping — predecessor failed
2026-09-18 10:54:43,249 - inference_perf.datagen.replay.replay_graph_session_datagen - INFO - Event wekatrace36_20821cf092022b08be8c97d438b5f8003ee7:event_055_parent_turn_55 skipping — predecessor failed
2026-09-18 10:54:43,249 - inference_perf.datagen.replay.replay_graph_session_datagen - INFO - Event wekatrace36_20821cf092022b08be8c97d438b5f8003ee7:event_056_parent_turn_56 skipping — predecessor failed
2026-09-18 10:54:43,249 - inference_perf.datagen.replay.replay_graph_session_datagen - INFO - Event wekatrace36_20821cf092022b08be8c97d438b5f8003ee7:event_057_parent_turn_57 skipping — predecessor failed
2026-09-18 10:54:43,249 - inference_perf.datagen.replay.replay_graph_session_datagen - INFO - Event wekatrace36_20821cf092022b08be8c97d438b5f8003ee7:event_058_parent_turn_58 skipping — predecessor failed
2026-09-18 10:54:43,249 - inference_perf.datagen.replay.replay_graph_session_datagen - INFO - Event wekatrace36_20821cf092022b08be8c97d438b5f8003ee7:event_059_parent_turn_59 skipping — predecessor failed
2026-09-18 10:54:43,249 - inference_perf.datagen.replay.replay_graph_session_datagen - INFO - Event wekatrace36_20821cf092022b08be8c97d438b5f8003ee7:event_060_parent_turn_60 skipping — predecessor failed
2026-09-18 10:54:43,249 - inference_perf.datagen.replay.replay_graph_session_datagen - INFO - Event wekatrace36_20821cf092022b08be8c97d438b5f8003ee7:event_061_parent_turn_61 skipping — predecessor failed
2026-09-18 10:54:43,249 - inference_perf.datagen.replay.replay_graph_session_datagen - INFO - Event wekatrace36_20821cf092022b08be8c97d438b5f8003ee7:event_062_parent_turn_62 skipping — predecessor failed
2026-09-18 10:54:43,249 - inference_perf.datagen.replay.replay_graph_session_datagen - INFO - Event wekatrace36_20821cf092022b08be8c97d438b5f8003ee7:event_063_parent_turn_63 skipping — predecessor failed
2026-09-18 10:54:43,249 - inference_perf.datagen.replay.replay_graph_session_datagen - INFO - Event wekatrace36_20821cf092022b08be8c97d438b5f8003ee7:event_064_parent_turn_64 skipping — predecessor failed
2026-09-18 10:54:43,250 - inference_perf.datagen.replay.replay_graph_session_datagen - INFO - Event wekatrace36_20821cf092022b08be8c97d438b5f8003ee7:event_065_parent_turn_65 skipping — predecessor failed
2026-09-18 10:54:43,250 - inference_perf.datagen.replay.replay_graph_session_datagen - INFO - Event wekatrace36_20821cf092022b08be8c97d438b5f8003ee7:event_066_parent_turn_66 skipping — predecessor failed
2026-09-18 10:54:43,250 - inference_perf.datagen.replay.replay_graph_session_datagen - INFO - Event wekatrace36_20821cf092022b08be8c97d438b5f8003ee7:event_067_parent_turn_67 skipping — predecessor failed
2026-09-18 10:54:43,250 - inference_perf.datagen.replay.replay_graph_session_datagen - INFO - Event wekatrace36_20821cf092022b08be8c97d438b5f8003ee7:event_068_parent_turn_68 skipping — predecessor failed
2026-09-18 10:54:43,250 - inference_perf.datagen.replay.replay_graph_session_datagen - INFO - Event wekatrace36_20821cf092022b08be8c97d438b5f8003ee7:event_069_parent_turn_69 skipping — predecessor failed
2026-09-18 10:54:43,250 - inference_perf.datagen.replay.replay_graph_session_datagen - INFO - Event wekatrace36_20821cf092022b08be8c97d438b5f8003ee7:event_070_parent_turn_70 skipping — predecessor failed
2026-09-18 10:54:43,250 - inference_perf.datagen.replay.replay_graph_session_datagen - INFO - Event wekatrace36_20821cf092022b08be8c97d438b5f8003ee7:event_071_parent_turn_71 skipping — predecessor failed
2026-09-18 10:54:43,250 - inference_perf.datagen.replay.replay_graph_session_datagen - INFO - Event wekatrace36_20821cf092022b08be8c97d438b5f8003ee7:event_072_parent_turn_72 skipping — predecessor failed
2026-09-18 10:54:43,250 - inference_perf.datagen.replay.replay_graph_session_datagen - INFO - Event wekatrace36_20821cf092022b08be8c97d438b5f8003ee7:event_073_parent_turn_73 skipping — predecessor failed
2026-09-18 10:54:43,250 - inference_perf.datagen.replay.replay_graph_session_datagen - INFO - Event wekatrace36_20821cf092022b08be8c97d438b5f8003ee7:event_074_parent_turn_74 skipping — predecessor failed
2026-09-18 10:54:43,250 - inference_perf.datagen.replay.replay_graph_session_datagen - INFO - Event wekatrace36_20821cf092022b08be8c97d438b5f8003ee7:event_075_parent_turn_75 skipping — predecessor failed
2026-09-18 10:54:43,250 - inference_perf.datagen.replay.replay_graph_session_datagen - INFO - Event wekatrace36_20821cf092022b08be8c97d438b5f8003ee7:event_076_parent_turn_76 skipping — predecessor failed
2026-09-18 10:54:43,250 - inference_perf.datagen.replay.replay_graph_session_datagen - INFO - Event wekatrace36_20821cf092022b08be8c97d438b5f8003ee7:event_077_parent_turn_77 skipping — predecessor failed
2026-09-18 10:54:43,250 - inference_perf.datagen.replay.replay_graph_session_datagen - INFO - Event wekatrace36_20821cf092022b08be8c97d438b5f8003ee7:event_078_parent_turn_78 skipping — predecessor failed
2026-09-18 10:54:43,251 - inference_perf.datagen.replay.replay_graph_session_datagen - INFO - Event wekatrace36_20821cf092022b08be8c97d438b5f8003ee7:event_079_parent_turn_79 skipping — predecessor failed
2026-09-18 10:54:43,251 - inference_perf.datagen.replay.replay_graph_session_datagen - INFO - Event wekatrace36_20821cf092022b08be8c97d438b5f8003ee7:event_080_parent_turn_80 skipping — predecessor failed
2026-09-18 10:54:43,251 - inference_perf.datagen.replay.replay_graph_session_datagen - INFO - Event wekatrace36_20821cf092022b08be8c97d438b5f8003ee7:event_081_parent_turn_81 skipping — predecessor failed
2026-09-18 10:54:43,251 - inference_perf.datagen.replay.replay_graph_session_datagen - INFO - Event wekatrace36_20821cf092022b08be8c97d438b5f8003ee7:event_082_parent_turn_82 skipping — predecessor failed
2026-09-18 10:54:43,251 - inference_perf.datagen.replay.replay_graph_session_datagen - INFO - Event wekatrace36_20821cf092022b08be8c97d438b5f8003ee7:event_083_parent_turn_83 skipping — predecessor failed
2026-09-18 10:54:43,251 - inference_perf.datagen.replay.replay_graph_session_datagen - INFO - Event wekatrace36_20821cf092022b08be8c97d438b5f8003ee7:event_084_parent_turn_84 skipping — predecessor failed
2026-09-18 10:54:43,251 - inference_perf.datagen.replay.replay_graph_session_datagen - INFO - Event wekatrace36_20821cf092022b08be8c97d438b5f8003ee7:event_085_parent_turn_85 skipping — predecessor failed
2026-09-18 10:54:43,251 - inference_perf.datagen.replay.replay_graph_session_datagen - INFO - Event wekatrace36_20821cf092022b08be8c97d438b5f8003ee7:event_086_parent_turn_86 skipping — predecessor failed
2026-09-18 10:54:43,251 - inference_perf.datagen.replay.replay_graph_session_datagen - INFO - Event wekatrace36_20821cf092022b08be8c97d438b5f8003ee7:event_087_parent_turn_87 skipping — predecessor failed
2026-09-18 10:54:43,251 - inference_perf.datagen.replay.replay_graph_session_datagen - INFO - Event wekatrace36_20821cf092022b08be8c97d438b5f8003ee7:event_088_parent_turn_88 skipping — predecessor failed
2026-09-18 10:54:43,251 - inference_perf.datagen.replay.replay_graph_session_datagen - INFO - Event wekatrace36_20821cf092022b08be8c97d438b5f8003ee7:event_089_parent_turn_89 skipping — predecessor failed
2026-09-18 10:54:43,251 - inference_perf.datagen.replay.replay_graph_session_datagen - INFO - Event wekatrace36_20821cf092022b08be8c97d438b5f8003ee7:event_090_parent_turn_90 skipping — predecessor failed
2026-09-18 10:54:43,252 - inference_perf.datagen.replay.replay_graph_session_datagen - INFO - Event wekatrace36_20821cf092022b08be8c97d438b5f8003ee7:event_091_parent_turn_91 skipping — predecessor failed
2026-09-18 10:54:43,252 - inference_perf.datagen.replay.replay_graph_session_datagen - INFO - Event wekatrace36_20821cf092022b08be8c97d438b5f8003ee7:event_092_parent_turn_92 skipping — predecessor failed
2026-09-18 10:54:43,252 - inference_perf.datagen.replay.replay_graph_session_datagen - INFO - Event wekatrace36_20821cf092022b08be8c97d438b5f8003ee7:event_093_parent_turn_93 skipping — predecessor failed
2026-09-18 10:54:43,252 - inference_perf.datagen.replay.replay_graph_session_datagen - INFO - Event wekatrace36_20821cf092022b08be8c97d438b5f8003ee7:event_094_parent_turn_94 skipping — predecessor failed
2026-09-18 10:54:43,252 - inference_perf.datagen.replay.replay_graph_session_datagen - INFO - Event wekatrace36_20821cf092022b08be8c97d438b5f8003ee7:event_095_parent_turn_95 skipping — predecessor failed
2026-09-18 10:54:43,252 - inference_perf.datagen.replay.replay_graph_session_datagen - INFO - Event wekatrace36_20821cf092022b08be8c97d438b5f8003ee7:event_096_parent_turn_96 skipping — predecessor failed
2026-09-18 10:54:43,252 - inference_perf.datagen.replay.replay_graph_session_datagen - INFO - Event wekatrace36_20821cf092022b08be8c97d438b5f8003ee7:event_097_parent_turn_97 skipping — predecessor failed
2026-09-18 10:54:43,252 - inference_perf.datagen.replay.replay_graph_session_datagen - INFO - Event wekatrace36_20821cf092022b08be8c97d438b5f8003ee7:event_098_parent_turn_98 skipping — predecessor failed
2026-09-18 10:54:43,252 - inference_perf.datagen.replay.replay_graph_session_datagen - INFO - Event wekatrace36_20821cf092022b08be8c97d438b5f8003ee7:event_099_parent_turn_99 skipping — predecessor failed
2026-09-18 10:54:43,252 - inference_perf.datagen.replay.replay_graph_session_datagen - INFO - Event wekatrace36_20821cf092022b08be8c97d438b5f8003ee7:event_100_parent_turn_100 skipping — predecessor failed
2026-09-18 10:54:43,252 - inference_perf.datagen.replay.replay_graph_session_datagen - INFO - Event wekatrace36_20821cf092022b08be8c97d438b5f8003ee7:event_101_parent_turn_101 skipping — predecessor failed
2026-09-18 10:54:43,252 - inference_perf.datagen.replay.replay_graph_session_datagen - INFO - Event wekatrace36_20821cf092022b08be8c97d438b5f8003ee7:event_102_parent_turn_102 skipping — predecessor failed
2026-09-18 10:54:43,253 - inference_perf.datagen.replay.replay_graph_session_datagen - INFO - Event wekatrace36_20821cf092022b08be8c97d438b5f8003ee7:event_103_parent_turn_103 skipping — predecessor failed
2026-09-18 10:54:43,253 - inference_perf.datagen.replay.replay_graph_session_datagen - INFO - Event wekatrace36_20821cf092022b08be8c97d438b5f8003ee7:event_104_parent_turn_104 skipping — predecessor failed
2026-09-18 10:54:43,253 - inference_perf.datagen.replay.replay_graph_session_datagen - INFO - Event wekatrace36_20821cf092022b08be8c97d438b5f8003ee7:event_105_parent_turn_105 skipping — predecessor failed
2026-09-18 10:54:43,253 - inference_perf.datagen.replay.replay_graph_session_datagen - INFO - Event wekatrace36_20821cf092022b08be8c97d438b5f8003ee7:event_106_parent_turn_106 skipping — predecessor failed
2026-09-18 10:54:43,253 - inference_perf.datagen.replay.replay_graph_session_datagen - INFO - Event wekatrace36_20821cf092022b08be8c97d438b5f8003ee7:event_107_parent_turn_107 skipping — predecessor failed
2026-09-18 10:54:43,253 - inference_perf.datagen.replay.replay_graph_session_datagen - INFO - Event wekatrace36_20821cf092022b08be8c97d438b5f8003ee7:event_108_parent_turn_108 skipping — predecessor failed
2026-09-18 10:54:43,253 - inference_perf.datagen.replay.replay_graph_session_datagen - INFO - Event wekatrace36_20821cf092022b08be8c97d438b5f8003ee7:event_109_parent_turn_109 skipping — predecessor failed
2026-09-18 10:54:43,253 - inference_perf.datagen.replay.replay_graph_session_datagen - INFO - Event wekatrace36_20821cf092022b08be8c97d438b5f8003ee7:event_110_parent_turn_110 skipping — predecessor failed
2026-09-18 10:54:43,253 - inference_perf.datagen.replay.replay_graph_session_datagen - INFO - Event wekatrace36_20821cf092022b08be8c97d438b5f8003ee7:event_111_parent_turn_111 skipping — predecessor failed
2026-09-18 10:54:43,253 - inference_perf.datagen.replay.replay_graph_session_datagen - INFO - Event wekatrace36_20821cf092022b08be8c97d438b5f8003ee7:event_112_parent_turn_112 skipping — predecessor failed
2026-09-18 10:54:43,253 - inference_perf.datagen.replay.replay_graph_session_datagen - INFO - Event wekatrace36_20821cf092022b08be8c97d438b5f8003ee7:event_113_parent_turn_113 skipping — predecessor failed
2026-09-18 10:54:43,254 - inference_perf.datagen.replay.replay_graph_session_datagen - INFO - Event wekatrace36_20821cf092022b08be8c97d438b5f8003ee7:event_114_parent_turn_114 skipping — predecessor failed
2026-09-18 10:54:43,254 - inference_perf.datagen.replay.replay_graph_session_datagen - INFO - Event wekatrace36_20821cf092022b08be8c97d438b5f8003ee7:event_115_parent_turn_115 skipping — predecessor failed
2026-09-18 10:54:43,254 - inference_perf.datagen.replay.replay_graph_session_datagen - INFO - Event wekatrace36_20821cf092022b08be8c97d438b5f8003ee7:event_116_parent_turn_116 skipping — predecessor failed
2026-09-18 10:54:43,254 - inference_perf.datagen.replay.replay_graph_session_datagen - INFO - Event wekatrace36_20821cf092022b08be8c97d438b5f8003ee7:event_117_parent_turn_117 skipping — predecessor failed
2026-09-18 10:54:43,254 - inference_perf.datagen.replay.replay_graph_session_datagen - INFO - Event wekatrace36_20821cf092022b08be8c97d438b5f8003ee7:event_118_parent_turn_118 skipping — predecessor failed
2026-09-18 10:54:43,254 - inference_perf.datagen.replay.replay_graph_session_datagen - INFO - Event wekatrace36_20821cf092022b08be8c97d438b5f8003ee7:event_119_parent_turn_119 skipping — predecessor failed
2026-09-18 10:54:43,254 - inference_perf.datagen.replay.replay_graph_session_datagen - INFO - Event wekatrace36_20821cf092022b08be8c97d438b5f8003ee7:event_120_parent_turn_120 skipping — predecessor failed
2026-09-18 10:54:43,254 - inference_perf.datagen.replay.replay_graph_session_datagen - INFO - Event wekatrace36_20821cf092022b08be8c97d438b5f8003ee7:event_121_parent_turn_121 skipping — predecessor failed
2026-09-18 10:54:43,254 - inference_perf.datagen.replay.replay_graph_session_datagen - INFO - Event wekatrace36_20821cf092022b08be8c97d438b5f8003ee7:event_122_parent_turn_122 skipping — predecessor failed
2026-09-18 10:54:43,254 - inference_perf.datagen.replay.replay_graph_session_datagen - INFO - Event wekatrace36_20821cf092022b08be8c97d438b5f8003ee7:event_123_parent_turn_123 skipping — predecessor failed
2026-09-18 10:54:43,254 - inference_perf.datagen.replay.replay_graph_session_datagen - INFO - Event wekatrace36_20821cf092022b08be8c97d438b5f8003ee7:event_124_parent_turn_124 skipping — predecessor failed
2026-09-18 10:54:43,254 - inference_perf.datagen.replay.replay_graph_session_datagen - INFO - Event wekatrace36_20821cf092022b08be8c97d438b5f8003ee7:event_125_parent_turn_125 skipping — predecessor failed
2026-09-18 10:54:43,254 - inference_perf.datagen.replay.replay_graph_session_datagen - INFO - Event wekatrace36_20821cf092022b08be8c97d438b5f8003ee7:event_126_parent_turn_126 skipping — predecessor failed
2026-09-18 10:54:43,255 - inference_perf.datagen.replay.replay_graph_session_datagen - INFO - Event wekatrace36_20821cf092022b08be8c97d438b5f8003ee7:event_127_parent_turn_127 skipping — predecessor failed
2026-09-18 10:54:43,255 - inference_perf.datagen.replay.replay_graph_session_datagen - INFO - Event wekatrace36_20821cf092022b08be8c97d438b5f8003ee7:event_128_parent_turn_128 skipping — predecessor failed
2026-09-18 10:54:43,255 - inference_perf.datagen.replay.replay_graph_session_datagen - INFO - Event wekatrace36_20821cf092022b08be8c97d438b5f8003ee7:event_129_parent_turn_129 skipping — predecessor failed
2026-09-18 10:54:43,255 - inference_perf.datagen.replay.replay_graph_session_datagen - INFO - Event wekatrace36_20821cf092022b08be8c97d438b5f8003ee7:event_130_parent_turn_130 skipping — predecessor failed
2026-09-18 10:54:43,255 - inference_perf.datagen.replay.replay_graph_session_datagen - INFO - Event wekatrace36_20821cf092022b08be8c97d438b5f8003ee7:event_131_parent_turn_131 skipping — predecessor failed
2026-09-18 10:54:43,255 - inference_perf.datagen.replay.replay_graph_session_datagen - INFO - Event wekatrace36_20821cf092022b08be8c97d438b5f8003ee7:event_132_parent_turn_132 skipping — predecessor failed
2026-09-18 10:54:43,255 - inference_perf.datagen.replay.replay_graph_session_datagen - INFO - Event wekatrace36_20821cf092022b08be8c97d438b5f8003ee7:event_133_parent_turn_133 skipping — predecessor failed
2026-09-18 10:54:43,255 - inference_perf.datagen.replay.replay_graph_session_datagen - INFO - Event wekatrace36_20821cf092022b08be8c97d438b5f8003ee7:event_134_parent_turn_134 skipping — predecessor failed
2026-09-18 10:54:43,255 - inference_perf.datagen.replay.replay_graph_session_datagen - INFO - Event wekatrace36_20821cf092022b08be8c97d438b5f8003ee7:event_135_parent_turn_135 skipping — predecessor failed
2026-09-18 10:54:43,255 - inference_perf.datagen.replay.replay_graph_session_datagen - INFO - Event wekatrace36_20821cf092022b08be8c97d438b5f8003ee7:event_136_parent_turn_136 skipping — predecessor failed
2026-09-18 10:54:43,255 - inference_perf.datagen.replay.replay_graph_session_datagen - INFO - Event wekatrace36_20821cf092022b08be8c97d438b5f8003ee7:event_137_parent_turn_137 skipping — predecessor failed
2026-09-18 10:54:43,255 - inference_perf.datagen.replay.replay_graph_session_datagen - INFO - Event wekatrace36_20821cf092022b08be8c97d438b5f8003ee7:event_138_parent_turn_138 skipping — predecessor failed
2026-09-18 10:54:43,255 - inference_perf.datagen.replay.replay_graph_session_datagen - INFO - Event wekatrace36_20821cf092022b08be8c97d438b5f8003ee7:event_139_parent_turn_139 skipping — predecessor failed
2026-09-18 10:54:43,255 - inference_perf.datagen.replay.replay_graph_session_datagen - INFO - Event wekatrace36_20821cf092022b08be8c97d438b5f8003ee7:event_140_parent_turn_140 skipping — predecessor failed
2026-09-18 10:54:43,255 - inference_perf.datagen.replay.replay_graph_session_datagen - INFO - Event wekatrace36_20821cf092022b08be8c97d438b5f8003ee7:event_141_parent_turn_141 skipping — predecessor failed
2026-09-18 10:54:43,255 - inference_perf.datagen.replay.replay_graph_session_datagen - INFO - Event wekatrace36_20821cf092022b08be8c97d438b5f8003ee7:event_142_parent_turn_142 skipping — predecessor failed
2026-09-18 10:54:43,255 - inference_perf.datagen.replay.replay_graph_session_datagen - INFO - Event wekatrace36_20821cf092022b08be8c97d438b5f8003ee7:event_143_parent_turn_143 skipping — predecessor failed
2026-09-18 10:54:43,255 - inference_perf.datagen.replay.replay_graph_session_datagen - INFO - Event wekatrace36_20821cf092022b08be8c97d438b5f8003ee7:event_144_parent_turn_144 skipping — predecessor failed
2026-09-18 10:54:43,256 - inference_perf.datagen.replay.replay_graph_session_datagen - INFO - Event wekatrace36_20821cf092022b08be8c97d438b5f8003ee7:event_145_parent_turn_145 skipping — predecessor failed
2026-09-18 10:54:43,256 - inference_perf.datagen.replay.replay_graph_session_datagen - INFO - Event wekatrace36_20821cf092022b08be8c97d438b5f8003ee7:event_146_parent_turn_146 skipping — predecessor failed
2026-09-18 10:54:43,256 - inference_perf.datagen.replay.replay_graph_session_datagen - INFO - Event wekatrace36_20821cf092022b08be8c97d438b5f8003ee7:event_147_parent_turn_147 skipping — predecessor failed
2026-09-18 10:54:43,256 - inference_perf.datagen.replay.replay_graph_session_datagen - INFO - Event wekatrace36_20821cf092022b08be8c97d438b5f8003ee7:event_148_parent_turn_148 skipping — predecessor failed
2026-09-18 10:54:43,256 - inference_perf.datagen.replay.replay_graph_session_datagen - INFO - Event wekatrace36_20821cf092022b08be8c97d438b5f8003ee7:event_149_parent_turn_149 skipping — predecessor failed
2026-09-18 10:54:43,256 - inference_perf.datagen.replay.replay_graph_session_datagen - INFO - Event wekatrace36_20821cf092022b08be8c97d438b5f8003ee7:event_150_parent_turn_150 skipping — predecessor failed
2026-09-18 10:54:43,256 - inference_perf.datagen.replay.replay_graph_session_datagen - INFO - Event wekatrace36_20821cf092022b08be8c97d438b5f8003ee7:event_151_parent_turn_151 skipping — predecessor failed
2026-09-18 10:54:43,256 - inference_perf.datagen.replay.replay_graph_session_datagen - INFO - Event wekatrace36_20821cf092022b08be8c97d438b5f8003ee7:event_152_parent_turn_152 skipping — predecessor failed
2026-09-18 10:54:43,256 - inference_perf.datagen.replay.replay_graph_session_datagen - INFO - Event wekatrace36_20821cf092022b08be8c97d438b5f8003ee7:event_153_parent_turn_153 skipping — predecessor failed
2026-09-18 10:54:43,256 - inference_perf.datagen.replay.replay_graph_session_datagen - INFO - Event wekatrace36_20821cf092022b08be8c97d438b5f8003ee7:event_154_parent_turn_154 skipping — predecessor failed
2026-09-18 10:54:43,256 - inference_perf.datagen.replay.replay_graph_session_datagen - INFO - Event wekatrace36_20821cf092022b08be8c97d438b5f8003ee7:event_155_parent_turn_155 skipping — predecessor failed
2026-09-18 10:54:43,256 - inference_perf.datagen.replay.replay_graph_session_datagen - INFO - Event wekatrace36_20821cf092022b08be8c97d438b5f8003ee7:event_156_parent_turn_156 skipping — predecessor failed
2026-09-18 10:54:43,256 - inference_perf.datagen.replay.replay_graph_session_datagen - INFO - Event wekatrace36_20821cf092022b08be8c97d438b5f8003ee7:event_157_parent_turn_157 skipping — predecessor failed
2026-09-18 10:54:43,256 - inference_perf.datagen.replay.replay_graph_session_datagen - INFO - Event wekatrace36_20821cf092022b08be8c97d438b5f8003ee7:event_158_parent_turn_158 skipping — predecessor failed
2026-09-18 10:54:43,256 - inference_perf.datagen.replay.replay_graph_session_datagen - INFO - Event wekatrace36_20821cf092022b08be8c97d438b5f8003ee7:event_159_parent_turn_159 skipping — predecessor failed
2026-09-18 10:54:43,256 - inference_perf.datagen.replay.replay_graph_session_datagen - INFO - Event wekatrace36_20821cf092022b08be8c97d438b5f8003ee7:event_160_parent_turn_160 skipping — predecessor failed
2026-09-18 10:54:43,257 - inference_perf.datagen.replay.replay_graph_session_datagen - INFO - Event wekatrace36_20821cf092022b08be8c97d438b5f8003ee7:event_161_parent_turn_161 skipping — predecessor failed
2026-09-18 10:54:43,257 - inference_perf.datagen.replay.replay_graph_session_datagen - INFO - Event wekatrace36_20821cf092022b08be8c97d438b5f8003ee7:event_162_parent_turn_162 skipping — predecessor failed
2026-09-18 10:54:43,257 - inference_perf.datagen.replay.replay_graph_session_datagen - INFO - Event wekatrace36_20821cf092022b08be8c97d438b5f8003ee7:event_163_parent_turn_163 skipping — predecessor failed
2026-09-18 10:54:43,257 - inference_perf.datagen.replay.replay_graph_session_datagen - INFO - Event wekatrace36_20821cf092022b08be8c97d438b5f8003ee7:event_164_parent_turn_164 skipping — predecessor failed
2026-09-18 10:54:43,257 - inference_perf.datagen.replay.replay_graph_session_datagen - INFO - Event wekatrace36_20821cf092022b08be8c97d438b5f8003ee7:event_165_parent_turn_165 skipping — predecessor failed
2026-09-18 10:54:43,257 - inference_perf.datagen.replay.replay_graph_session_datagen - INFO - Event wekatrace36_20821cf092022b08be8c97d438b5f8003ee7:event_166_parent_turn_166 skipping — predecessor failed
2026-09-18 10:54:43,257 - inference_perf.datagen.replay.replay_graph_session_datagen - INFO - Event wekatrace36_20821cf092022b08be8c97d438b5f8003ee7:event_167_parent_turn_167 skipping — predecessor failed
2026-09-18 10:54:43,257 - inference_perf.datagen.replay.replay_graph_session_datagen - INFO - Event wekatrace36_20821cf092022b08be8c97d438b5f8003ee7:event_168_parent_turn_168 skipping — predecessor failed
2026-09-18 10:54:43,257 - inference_perf.datagen.replay.replay_graph_session_datagen - INFO - Event wekatrace36_20821cf092022b08be8c97d438b5f8003ee7:event_169_parent_turn_169 skipping — predecessor failed
2026-09-18 10:54:43,257 - inference_perf.datagen.replay.replay_graph_session_datagen - INFO - Event wekatrace36_20821cf092022b08be8c97d438b5f8003ee7:event_170_parent_turn_170 skipping — predecessor failed
2026-09-18 10:54:43,257 - inference_perf.datagen.replay.replay_graph_session_datagen - INFO - Event wekatrace36_20821cf092022b08be8c97d438b5f8003ee7:event_171_parent_turn_171 skipping — predecessor failed
2026-09-18 10:54:43,257 - inference_perf.datagen.replay.replay_graph_session_datagen - INFO - Event wekatrace36_20821cf092022b08be8c97d438b5f8003ee7:event_172_parent_turn_172 skipping — predecessor failed
2026-09-18 10:54:43,257 - inference_perf.datagen.replay.replay_graph_session_datagen - INFO - Event wekatrace36_20821cf092022b08be8c97d438b5f8003ee7:event_173_parent_turn_173 skipping — predecessor failed
2026-09-18 10:54:43,257 - inference_perf.datagen.replay.replay_graph_session_datagen - INFO - Event wekatrace36_20821cf092022b08be8c97d438b5f8003ee7:event_174_parent_turn_174 skipping — predecessor failed
2026-09-18 10:54:49,240 - inference_perf.datagen.replay.replay_graph_session_datagen - ERROR - Request failed for event wekatrace183_9b3bbac0341e3f179e66e73a1f84f26b62b6:event_003_parent_turn_3: TimeoutError: 
2026-09-18 10:54:49,241 - inference_perf.datagen.replay.replay_graph_session_datagen - INFO - Session wekatrace183_9b3bbac0341e3f179e66e73a1f84f26b62b6 failure notification sent to main process (cancelled_events=53)
2026-09-18 10:54:49,241 - inference_perf.client.modelserver.openai_client - ERROR - 
Traceback (most recent call last):
  File "/workspace/.venv/lib/python3.12/site-packages/aiohttp/streams.py", line 365, in _wait
    await waiter
asyncio.exceptions.CancelledError

The above exception was the direct cause of the following exception:

Traceback (most recent call last):
  File "/workspace/inference_perf/apis/streaming_parser.py", line 84, in parse_sse_stream
    async for chunk in response.content.iter_any():
  File "/workspace/.venv/lib/python3.12/site-packages/aiohttp/streams.py", line 46, in __anext__
    rv = await self.read_func()
         ^^^^^^^^^^^^^^^^^^^^^^
  File "/workspace/.venv/lib/python3.12/site-packages/aiohttp/streams.py", line 460, in readany
    await self._wait("readany")
  File "/workspace/.venv/lib/python3.12/site-packages/aiohttp/streams.py", line 364, in _wait
    with self._timer:
         ^^^^^^^^^^^
  File "/workspace/.venv/lib/python3.12/site-packages/aiohttp/helpers.py", line 759, in __exit__
    raise asyncio.TimeoutError from exc_val
TimeoutError

The above exception was the direct cause of the following exception:

Traceback (most recent call last):
  File "/workspace/inference_perf/client/modelserver/openai_client.py", line 557, in process_request
    info = await data.process_response(
           ^^^^^^^^^^^^^^^^^^^^^^^^^^^^
  File "/workspace/inference_perf/datagen/replay/replay_graph_session_datagen.py", line 1039, in process_response
    text_content, chunk_times, raw_content, response_chunks, server_usage = await parse_sse_stream(
                                                                            ^^^^^^^^^^^^^^^^^^^^^^^
  File "/workspace/inference_perf/apis/streaming_parser.py", line 119, in parse_sse_stream
    raise StreamInterruptedError(e, raw_content.decode("utf-8", errors="ignore")) from e
inference_perf.apis.streaming_parser.StreamInterruptedError
2026-09-18 10:54:49,244 - inference_perf.datagen.replay.replay_graph_session_datagen - INFO - Event wekatrace183_9b3bbac0341e3f179e66e73a1f84f26b62b6:event_004_parent_turn_4 skipping — predecessor failed
2026-09-18 10:54:49,244 - inference_perf.datagen.replay.replay_graph_session_datagen - INFO - Event wekatrace183_9b3bbac0341e3f179e66e73a1f84f26b62b6:event_005_parent_turn_5 skipping — predecessor failed
2026-09-18 10:54:49,244 - inference_perf.datagen.replay.replay_graph_session_datagen - INFO - Event wekatrace183_9b3bbac0341e3f179e66e73a1f84f26b62b6:event_006_parent_turn_6 skipping — predecessor failed
2026-09-18 10:54:49,244 - inference_perf.datagen.replay.replay_graph_session_datagen - INFO - Event wekatrace183_9b3bbac0341e3f179e66e73a1f84f26b62b6:event_007_parent_turn_7 skipping — predecessor failed
2026-09-18 10:54:49,244 - inference_perf.datagen.replay.replay_graph_session_datagen - INFO - Event wekatrace183_9b3bbac0341e3f179e66e73a1f84f26b62b6:event_008_parent_turn_8 skipping — predecessor failed
2026-09-18 10:54:49,244 - inference_perf.datagen.replay.replay_graph_session_datagen - INFO - Event wekatrace183_9b3bbac0341e3f179e66e73a1f84f26b62b6:event_009_parent_turn_9 skipping — predecessor failed
2026-09-18 10:54:49,245 - inference_perf.datagen.replay.replay_graph_session_datagen - INFO - Event wekatrace183_9b3bbac0341e3f179e66e73a1f84f26b62b6:event_010_parent_turn_10 skipping — predecessor failed
2026-09-18 10:54:49,245 - inference_perf.datagen.replay.replay_graph_session_datagen - INFO - Event wekatrace183_9b3bbac0341e3f179e66e73a1f84f26b62b6:event_011_parent_turn_11 skipping — predecessor failed
2026-09-18 10:54:49,246 - inference_perf.datagen.replay.replay_graph_session_datagen - INFO - Event wekatrace183_9b3bbac0341e3f179e66e73a1f84f26b62b6:event_012_parent_turn_12 skipping — predecessor failed
2026-09-18 10:54:49,246 - inference_perf.datagen.replay.replay_graph_session_datagen - INFO - Event wekatrace183_9b3bbac0341e3f179e66e73a1f84f26b62b6:event_013_parent_turn_13 skipping — predecessor failed
2026-09-18 10:54:49,246 - inference_perf.datagen.replay.replay_graph_session_datagen - INFO - Event wekatrace183_9b3bbac0341e3f179e66e73a1f84f26b62b6:event_014_parent_turn_14 skipping — predecessor failed
2026-09-18 10:54:49,246 - inference_perf.datagen.replay.replay_graph_session_datagen - INFO - Event wekatrace183_9b3bbac0341e3f179e66e73a1f84f26b62b6:event_015_parent_turn_15 skipping — predecessor failed
2026-09-18 10:54:49,246 - inference_perf.datagen.replay.replay_graph_session_datagen - INFO - Event wekatrace183_9b3bbac0341e3f179e66e73a1f84f26b62b6:event_016_parent_turn_16 skipping — predecessor failed
2026-09-18 10:54:49,246 - inference_perf.datagen.replay.replay_graph_session_datagen - INFO - Event wekatrace183_9b3bbac0341e3f179e66e73a1f84f26b62b6:event_017_parent_turn_17 skipping — predecessor failed
2026-09-18 10:54:49,246 - inference_perf.datagen.replay.replay_graph_session_datagen - INFO - Event wekatrace183_9b3bbac0341e3f179e66e73a1f84f26b62b6:event_018_parent_turn_18 skipping — predecessor failed
2026-09-18 10:54:49,246 - inference_perf.datagen.replay.replay_graph_session_datagen - INFO - Event wekatrace183_9b3bbac0341e3f179e66e73a1f84f26b62b6:event_019_parent_turn_19 skipping — predecessor failed
2026-09-18 10:54:49,246 - inference_perf.datagen.replay.replay_graph_session_datagen - INFO - Event wekatrace183_9b3bbac0341e3f179e66e73a1f84f26b62b6:event_020_parent_turn_20 skipping — predecessor failed
2026-09-18 10:54:49,246 - inference_perf.datagen.replay.replay_graph_session_datagen - INFO - Event wekatrace183_9b3bbac0341e3f179e66e73a1f84f26b62b6:event_021_parent_turn_21 skipping — predecessor failed
2026-09-18 10:54:49,246 - inference_perf.datagen.replay.replay_graph_session_datagen - INFO - Event wekatrace183_9b3bbac0341e3f179e66e73a1f84f26b62b6:event_022_parent_turn_22 skipping — predecessor failed
2026-09-18 10:54:49,246 - inference_perf.datagen.replay.replay_graph_session_datagen - INFO - Event wekatrace183_9b3bbac0341e3f179e66e73a1f84f26b62b6:event_023_parent_turn_23 skipping — predecessor failed
2026-09-18 10:54:49,246 - inference_perf.datagen.replay.replay_graph_session_datagen - INFO - Event wekatrace183_9b3bbac0341e3f179e66e73a1f84f26b62b6:event_024_parent_turn_24 skipping — predecessor failed
2026-09-18 10:54:49,246 - inference_perf.datagen.replay.replay_graph_session_datagen - INFO - Event wekatrace183_9b3bbac0341e3f179e66e73a1f84f26b62b6:event_025_parent_turn_25 skipping — predecessor failed
2026-09-18 10:54:49,247 - inference_perf.datagen.replay.replay_graph_session_datagen - INFO - Event wekatrace183_9b3bbac0341e3f179e66e73a1f84f26b62b6:event_026_parent_turn_26 skipping — predecessor failed
2026-09-18 10:54:49,247 - inference_perf.datagen.replay.replay_graph_session_datagen - INFO - Event wekatrace183_9b3bbac0341e3f179e66e73a1f84f26b62b6:event_027_parent_turn_27 skipping — predecessor failed
2026-09-18 10:54:49,247 - inference_perf.datagen.replay.replay_graph_session_datagen - INFO - Event wekatrace183_9b3bbac0341e3f179e66e73a1f84f26b62b6:event_028_parent_turn_28 skipping — predecessor failed
2026-09-18 10:54:49,247 - inference_perf.datagen.replay.replay_graph_session_datagen - INFO - Event wekatrace183_9b3bbac0341e3f179e66e73a1f84f26b62b6:event_029_parent_turn_29 skipping — predecessor failed
2026-09-18 10:54:49,247 - inference_perf.datagen.replay.replay_graph_session_datagen - INFO - Event wekatrace183_9b3bbac0341e3f179e66e73a1f84f26b62b6:event_030_parent_turn_30 skipping — predecessor failed
2026-09-18 10:54:49,247 - inference_perf.datagen.replay.replay_graph_session_datagen - INFO - Event wekatrace183_9b3bbac0341e3f179e66e73a1f84f26b62b6:event_031_parent_turn_31 skipping — predecessor failed
2026-09-18 10:54:49,247 - inference_perf.datagen.replay.replay_graph_session_datagen - INFO - Event wekatrace183_9b3bbac0341e3f179e66e73a1f84f26b62b6:event_032_parent_turn_32 skipping — predecessor failed
2026-09-18 10:54:49,247 - inference_perf.datagen.replay.replay_graph_session_datagen - INFO - Event wekatrace183_9b3bbac0341e3f179e66e73a1f84f26b62b6:event_033_parent_turn_33 skipping — predecessor failed
2026-09-18 10:54:49,247 - inference_perf.datagen.replay.replay_graph_session_datagen - INFO - Event wekatrace183_9b3bbac0341e3f179e66e73a1f84f26b62b6:event_034_parent_turn_34 skipping — predecessor failed
2026-09-18 10:54:49,247 - inference_perf.datagen.replay.replay_graph_session_datagen - INFO - Event wekatrace183_9b3bbac0341e3f179e66e73a1f84f26b62b6:event_035_parent_turn_35 skipping — predecessor failed
2026-09-18 10:54:49,247 - inference_perf.datagen.replay.replay_graph_session_datagen - INFO - Event wekatrace183_9b3bbac0341e3f179e66e73a1f84f26b62b6:event_036_parent_turn_36 skipping — predecessor failed
2026-09-18 10:54:49,247 - inference_perf.datagen.replay.replay_graph_session_datagen - INFO - Event wekatrace183_9b3bbac0341e3f179e66e73a1f84f26b62b6:event_037_parent_turn_37 skipping — predecessor failed
2026-09-18 10:54:49,247 - inference_perf.datagen.replay.replay_graph_session_datagen - INFO - Event wekatrace183_9b3bbac0341e3f179e66e73a1f84f26b62b6:event_038_parent_turn_38 skipping — predecessor failed
2026-09-18 10:54:49,247 - inference_perf.datagen.replay.replay_graph_session_datagen - INFO - Event wekatrace183_9b3bbac0341e3f179e66e73a1f84f26b62b6:event_039_parent_turn_39 skipping — predecessor failed
2026-09-18 10:54:49,248 - inference_perf.datagen.replay.replay_graph_session_datagen - INFO - Event wekatrace183_9b3bbac0341e3f179e66e73a1f84f26b62b6:event_040_parent_turn_40 skipping — predecessor failed
2026-09-18 10:54:49,248 - inference_perf.datagen.replay.replay_graph_session_datagen - INFO - Event wekatrace183_9b3bbac0341e3f179e66e73a1f84f26b62b6:event_041_parent_turn_41 skipping — predecessor failed
2026-09-18 10:54:49,248 - inference_perf.datagen.replay.replay_graph_session_datagen - INFO - Event wekatrace183_9b3bbac0341e3f179e66e73a1f84f26b62b6:event_042_parent_turn_42 skipping — predecessor failed
2026-09-18 10:54:49,248 - inference_perf.datagen.replay.replay_graph_session_datagen - INFO - Event wekatrace183_9b3bbac0341e3f179e66e73a1f84f26b62b6:event_043_parent_turn_43 skipping — predecessor failed
2026-09-18 10:54:49,248 - inference_perf.datagen.replay.replay_graph_session_datagen - INFO - Event wekatrace183_9b3bbac0341e3f179e66e73a1f84f26b62b6:event_044_parent_turn_44 skipping — predecessor failed
2026-09-18 10:54:49,248 - inference_perf.datagen.replay.replay_graph_session_datagen - INFO - Event wekatrace183_9b3bbac0341e3f179e66e73a1f84f26b62b6:event_045_parent_turn_45 skipping — predecessor failed
2026-09-18 10:54:49,248 - inference_perf.datagen.replay.replay_graph_session_datagen - INFO - Event wekatrace183_9b3bbac0341e3f179e66e73a1f84f26b62b6:event_046_parent_turn_46 skipping — predecessor failed
2026-09-18 10:54:49,248 - inference_perf.datagen.replay.replay_graph_session_datagen - INFO - Event wekatrace183_9b3bbac0341e3f179e66e73a1f84f26b62b6:event_047_parent_turn_47 skipping — predecessor failed
2026-09-18 10:54:49,248 - inference_perf.datagen.replay.replay_graph_session_datagen - INFO - Event wekatrace183_9b3bbac0341e3f179e66e73a1f84f26b62b6:event_048_parent_turn_48 skipping — predecessor failed
2026-09-18 10:54:49,248 - inference_perf.datagen.replay.replay_graph_session_datagen - INFO - Event wekatrace183_9b3bbac0341e3f179e66e73a1f84f26b62b6:event_049_parent_turn_49 skipping — predecessor failed
2026-09-18 10:54:49,248 - inference_perf.datagen.replay.replay_graph_session_datagen - INFO - Event wekatrace183_9b3bbac0341e3f179e66e73a1f84f26b62b6:event_050_parent_turn_50 skipping — predecessor failed
2026-09-18 10:54:49,248 - inference_perf.datagen.replay.replay_graph_session_datagen - INFO - Event wekatrace183_9b3bbac0341e3f179e66e73a1f84f26b62b6:event_051_parent_turn_51 skipping — predecessor failed
2026-09-18 10:54:49,248 - inference_perf.datagen.replay.replay_graph_session_datagen - INFO - Event wekatrace183_9b3bbac0341e3f179e66e73a1f84f26b62b6:event_052_parent_turn_52 skipping — predecessor failed
2026-09-18 10:54:49,249 - inference_perf.datagen.replay.replay_graph_session_datagen - INFO - Event wekatrace183_9b3bbac0341e3f179e66e73a1f84f26b62b6:event_053_parent_turn_53 skipping — predecessor failed
2026-09-18 10:54:49,249 - inference_perf.datagen.replay.replay_graph_session_datagen - INFO - Event wekatrace183_9b3bbac0341e3f179e66e73a1f84f26b62b6:event_054_parent_turn_54 skipping — predecessor failed
2026-09-18 10:54:49,249 - inference_perf.datagen.replay.replay_graph_session_datagen - INFO - Event wekatrace183_9b3bbac0341e3f179e66e73a1f84f26b62b6:event_055_parent_turn_55 skipping — predecessor failed
2026-09-18 10:54:49,249 - inference_perf.datagen.replay.replay_graph_session_datagen - INFO - Event wekatrace183_9b3bbac0341e3f179e66e73a1f84f26b62b6:event_056_parent_turn_56 skipping — predecessor failed
2026-09-18 10:54:56,240 - inference_perf.datagen.replay.replay_graph_session_datagen - ERROR - Request failed for event wekatrace334_fe1aaa31badf4f218622e630f7c002dcbc18:event_002_parent_turn_2: TimeoutError: 
2026-09-18 10:54:56,240 - inference_perf.datagen.replay.replay_graph_session_datagen - INFO - Session wekatrace334_fe1aaa31badf4f218622e630f7c002dcbc18 failure notification sent to main process (cancelled_events=128)
2026-09-18 10:54:56,240 - inference_perf.client.modelserver.openai_client - ERROR - 
Traceback (most recent call last):
  File "/workspace/.venv/lib/python3.12/site-packages/aiohttp/streams.py", line 365, in _wait
    await waiter
asyncio.exceptions.CancelledError

The above exception was the direct cause of the following exception:

Traceback (most recent call last):
  File "/workspace/inference_perf/apis/streaming_parser.py", line 84, in parse_sse_stream
    async for chunk in response.content.iter_any():
  File "/workspace/.venv/lib/python3.12/site-packages/aiohttp/streams.py", line 46, in __anext__
    rv = await self.read_func()
         ^^^^^^^^^^^^^^^^^^^^^^
  File "/workspace/.venv/lib/python3.12/site-packages/aiohttp/streams.py", line 460, in readany
    await self._wait("readany")
  File "/workspace/.venv/lib/python3.12/site-packages/aiohttp/streams.py", line 364, in _wait
    with self._timer:
         ^^^^^^^^^^^
  File "/workspace/.venv/lib/python3.12/site-packages/aiohttp/helpers.py", line 759, in __exit__
    raise asyncio.TimeoutError from exc_val
TimeoutError

The above exception was the direct cause of the following exception:

Traceback (most recent call last):
  File "/workspace/inference_perf/client/modelserver/openai_client.py", line 557, in process_request
    info = await data.process_response(
           ^^^^^^^^^^^^^^^^^^^^^^^^^^^^
  File "/workspace/inference_perf/datagen/replay/replay_graph_session_datagen.py", line 1039, in process_response
    text_content, chunk_times, raw_content, response_chunks, server_usage = await parse_sse_stream(
                                                                            ^^^^^^^^^^^^^^^^^^^^^^^
  File "/workspace/inference_perf/apis/streaming_parser.py", line 119, in parse_sse_stream
    raise StreamInterruptedError(e, raw_content.decode("utf-8", errors="ignore")) from e
inference_perf.apis.streaming_parser.StreamInterruptedError
2026-09-18 10:54:56,243 - inference_perf.datagen.replay.replay_graph_session_datagen - INFO - Event wekatrace334_fe1aaa31badf4f218622e630f7c002dcbc18:event_003_parent_turn_3 skipping — predecessor failed
2026-09-18 10:54:56,244 - inference_perf.datagen.replay.replay_graph_session_datagen - INFO - Event wekatrace334_fe1aaa31badf4f218622e630f7c002dcbc18:event_004_parent_turn_4 skipping — predecessor failed
2026-09-18 10:54:56,244 - inference_perf.datagen.replay.replay_graph_session_datagen - INFO - Event wekatrace334_fe1aaa31badf4f218622e630f7c002dcbc18:event_005_parent_turn_5 skipping — predecessor failed
2026-09-18 10:54:56,244 - inference_perf.datagen.replay.replay_graph_session_datagen - INFO - Event wekatrace334_fe1aaa31badf4f218622e630f7c002dcbc18:event_006_parent_turn_6 skipping — predecessor failed
2026-09-18 10:54:56,244 - inference_perf.datagen.replay.replay_graph_session_datagen - INFO - Event wekatrace334_fe1aaa31badf4f218622e630f7c002dcbc18:event_007_parent_turn_7 skipping — predecessor failed
2026-09-18 10:54:56,244 - inference_perf.datagen.replay.replay_graph_session_datagen - INFO - Event wekatrace334_fe1aaa31badf4f218622e630f7c002dcbc18:event_008_parent_turn_8 skipping — predecessor failed
2026-09-18 10:54:56,244 - inference_perf.datagen.replay.replay_graph_session_datagen - INFO - Event wekatrace334_fe1aaa31badf4f218622e630f7c002dcbc18:event_009_parent_turn_9 skipping — predecessor failed
2026-09-18 10:54:56,245 - inference_perf.datagen.replay.replay_graph_session_datagen - INFO - Event wekatrace334_fe1aaa31badf4f218622e630f7c002dcbc18:event_010_parent_turn_10 skipping — predecessor failed
2026-09-18 10:54:56,245 - inference_perf.datagen.replay.replay_graph_session_datagen - INFO - Event wekatrace334_fe1aaa31badf4f218622e630f7c002dcbc18:event_011_parent_turn_11 skipping — predecessor failed
2026-09-18 10:54:56,245 - inference_perf.datagen.replay.replay_graph_session_datagen - INFO - Event wekatrace334_fe1aaa31badf4f218622e630f7c002dcbc18:event_012_parent_turn_12 skipping — predecessor failed
2026-09-18 10:54:56,245 - inference_perf.datagen.replay.replay_graph_session_datagen - INFO - Event wekatrace334_fe1aaa31badf4f218622e630f7c002dcbc18:event_013_parent_turn_13 skipping — predecessor failed
2026-09-18 10:54:56,245 - inference_perf.datagen.replay.replay_graph_session_datagen - INFO - Event wekatrace334_fe1aaa31badf4f218622e630f7c002dcbc18:event_014_parent_turn_14 skipping — predecessor failed
2026-09-18 10:54:56,245 - inference_perf.datagen.replay.replay_graph_session_datagen - INFO - Event wekatrace334_fe1aaa31badf4f218622e630f7c002dcbc18:event_015_parent_turn_15 skipping — predecessor failed
2026-09-18 10:54:56,245 - inference_perf.datagen.replay.replay_graph_session_datagen - INFO - Event wekatrace334_fe1aaa31badf4f218622e630f7c002dcbc18:event_016_parent_turn_16 skipping — predecessor failed
2026-09-18 10:54:56,245 - inference_perf.datagen.replay.replay_graph_session_datagen - INFO - Event wekatrace334_fe1aaa31badf4f218622e630f7c002dcbc18:event_017_parent_turn_17 skipping — predecessor failed
2026-09-18 10:54:56,245 - inference_perf.datagen.replay.replay_graph_session_datagen - INFO - Event wekatrace334_fe1aaa31badf4f218622e630f7c002dcbc18:event_018_parent_turn_18 skipping — predecessor failed
2026-09-18 10:54:56,245 - inference_perf.datagen.replay.replay_graph_session_datagen - INFO - Event wekatrace334_fe1aaa31badf4f218622e630f7c002dcbc18:event_019_parent_turn_19 skipping — predecessor failed
2026-09-18 10:54:56,245 - inference_perf.datagen.replay.replay_graph_session_datagen - INFO - Event wekatrace334_fe1aaa31badf4f218622e630f7c002dcbc18:event_020_parent_turn_20 skipping — predecessor failed
2026-09-18 10:54:56,245 - inference_perf.datagen.replay.replay_graph_session_datagen - INFO - Event wekatrace334_fe1aaa31badf4f218622e630f7c002dcbc18:event_021_parent_turn_21 skipping — predecessor failed
2026-09-18 10:54:56,245 - inference_perf.datagen.replay.replay_graph_session_datagen - INFO - Event wekatrace334_fe1aaa31badf4f218622e630f7c002dcbc18:event_022_parent_turn_22 skipping — predecessor failed
2026-09-18 10:54:56,245 - inference_perf.datagen.replay.replay_graph_session_datagen - INFO - Event wekatrace334_fe1aaa31badf4f218622e630f7c002dcbc18:event_023_parent_turn_23 skipping — predecessor failed
2026-09-18 10:54:56,246 - inference_perf.datagen.replay.replay_graph_session_datagen - INFO - Event wekatrace334_fe1aaa31badf4f218622e630f7c002dcbc18:event_024_parent_turn_24 skipping — predecessor failed
2026-09-18 10:54:56,246 - inference_perf.datagen.replay.replay_graph_session_datagen - INFO - Event wekatrace334_fe1aaa31badf4f218622e630f7c002dcbc18:event_025_parent_turn_25 skipping — predecessor failed
2026-09-18 10:54:56,246 - inference_perf.datagen.replay.replay_graph_session_datagen - INFO - Event wekatrace334_fe1aaa31badf4f218622e630f7c002dcbc18:event_026_parent_turn_26 skipping — predecessor failed
2026-09-18 10:54:56,246 - inference_perf.datagen.replay.replay_graph_session_datagen - INFO - Event wekatrace334_fe1aaa31badf4f218622e630f7c002dcbc18:event_027_parent_turn_27 skipping — predecessor failed
2026-09-18 10:54:56,246 - inference_perf.datagen.replay.replay_graph_session_datagen - INFO - Event wekatrace334_fe1aaa31badf4f218622e630f7c002dcbc18:event_028_parent_turn_28 skipping — predecessor failed
2026-09-18 10:54:56,246 - inference_perf.datagen.replay.replay_graph_session_datagen - INFO - Event wekatrace334_fe1aaa31badf4f218622e630f7c002dcbc18:event_029_parent_turn_29 skipping — predecessor failed
2026-09-18 10:54:56,246 - inference_perf.datagen.replay.replay_graph_session_datagen - INFO - Event wekatrace334_fe1aaa31badf4f218622e630f7c002dcbc18:event_030_parent_turn_30 skipping — predecessor failed
2026-09-18 10:54:56,246 - inference_perf.datagen.replay.replay_graph_session_datagen - INFO - Event wekatrace334_fe1aaa31badf4f218622e630f7c002dcbc18:event_031_parent_turn_31 skipping — predecessor failed
2026-09-18 10:54:56,246 - inference_perf.datagen.replay.replay_graph_session_datagen - INFO - Event wekatrace334_fe1aaa31badf4f218622e630f7c002dcbc18:event_032_parent_turn_32 skipping — predecessor failed
2026-09-18 10:54:56,246 - inference_perf.datagen.replay.replay_graph_session_datagen - INFO - Event wekatrace334_fe1aaa31badf4f218622e630f7c002dcbc18:event_033_parent_turn_33 skipping — predecessor failed
2026-09-18 10:54:56,246 - inference_perf.datagen.replay.replay_graph_session_datagen - INFO - Event wekatrace334_fe1aaa31badf4f218622e630f7c002dcbc18:event_034_parent_turn_34 skipping — predecessor failed
2026-09-18 10:54:56,246 - inference_perf.datagen.replay.replay_graph_session_datagen - INFO - Event wekatrace334_fe1aaa31badf4f218622e630f7c002dcbc18:event_035_parent_turn_35 skipping — predecessor failed
2026-09-18 10:54:56,246 - inference_perf.datagen.replay.replay_graph_session_datagen - INFO - Event wekatrace334_fe1aaa31badf4f218622e630f7c002dcbc18:event_036_parent_turn_36 skipping — predecessor failed
2026-09-18 10:54:56,246 - inference_perf.datagen.replay.replay_graph_session_datagen - INFO - Event wekatrace334_fe1aaa31badf4f218622e630f7c002dcbc18:event_037_parent_turn_37 skipping — predecessor failed
2026-09-18 10:54:56,247 - inference_perf.datagen.replay.replay_graph_session_datagen - INFO - Event wekatrace334_fe1aaa31badf4f218622e630f7c002dcbc18:event_038_parent_turn_38 skipping — predecessor failed
2026-09-18 10:54:56,247 - inference_perf.datagen.replay.replay_graph_session_datagen - INFO - Event wekatrace334_fe1aaa31badf4f218622e630f7c002dcbc18:event_039_parent_turn_39 skipping — predecessor failed
2026-09-18 10:54:56,247 - inference_perf.datagen.replay.replay_graph_session_datagen - INFO - Event wekatrace334_fe1aaa31badf4f218622e630f7c002dcbc18:event_040_parent_turn_40 skipping — predecessor failed
2026-09-18 10:54:56,247 - inference_perf.datagen.replay.replay_graph_session_datagen - INFO - Event wekatrace334_fe1aaa31badf4f218622e630f7c002dcbc18:event_041_parent_turn_41 skipping — predecessor failed
2026-09-18 10:54:56,247 - inference_perf.datagen.replay.replay_graph_session_datagen - INFO - Event wekatrace334_fe1aaa31badf4f218622e630f7c002dcbc18:event_042_parent_turn_42 skipping — predecessor failed
2026-09-18 10:54:56,247 - inference_perf.datagen.replay.replay_graph_session_datagen - INFO - Event wekatrace334_fe1aaa31badf4f218622e630f7c002dcbc18:event_043_parent_turn_43 skipping — predecessor failed
2026-09-18 10:54:56,247 - inference_perf.datagen.replay.replay_graph_session_datagen - INFO - Event wekatrace334_fe1aaa31badf4f218622e630f7c002dcbc18:event_044_parent_turn_44 skipping — predecessor failed
2026-09-18 10:54:56,247 - inference_perf.datagen.replay.replay_graph_session_datagen - INFO - Event wekatrace334_fe1aaa31badf4f218622e630f7c002dcbc18:event_045_parent_turn_45 skipping — predecessor failed
2026-09-18 10:54:56,247 - inference_perf.datagen.replay.replay_graph_session_datagen - INFO - Event wekatrace334_fe1aaa31badf4f218622e630f7c002dcbc18:event_046_parent_turn_46 skipping — predecessor failed
2026-09-18 10:54:56,247 - inference_perf.datagen.replay.replay_graph_session_datagen - INFO - Event wekatrace334_fe1aaa31badf4f218622e630f7c002dcbc18:event_047_parent_turn_47 skipping — predecessor failed
2026-09-18 10:54:56,247 - inference_perf.datagen.replay.replay_graph_session_datagen - INFO - Event wekatrace334_fe1aaa31badf4f218622e630f7c002dcbc18:event_048_parent_turn_48 skipping — predecessor failed
2026-09-18 10:54:56,247 - inference_perf.datagen.replay.replay_graph_session_datagen - INFO - Event wekatrace334_fe1aaa31badf4f218622e630f7c002dcbc18:event_049_parent_turn_49 skipping — predecessor failed
2026-09-18 10:54:56,248 - inference_perf.datagen.replay.replay_graph_session_datagen - INFO - Event wekatrace334_fe1aaa31badf4f218622e630f7c002dcbc18:event_050_parent_turn_50 skipping — predecessor failed
2026-09-18 10:54:56,248 - inference_perf.datagen.replay.replay_graph_session_datagen - INFO - Event wekatrace334_fe1aaa31badf4f218622e630f7c002dcbc18:event_051_parent_turn_51 skipping — predecessor failed
2026-09-18 10:54:56,248 - inference_perf.datagen.replay.replay_graph_session_datagen - INFO - Event wekatrace334_fe1aaa31badf4f218622e630f7c002dcbc18:event_052_parent_turn_52 skipping — predecessor failed
2026-09-18 10:54:56,248 - inference_perf.datagen.replay.replay_graph_session_datagen - INFO - Event wekatrace334_fe1aaa31badf4f218622e630f7c002dcbc18:event_053_parent_turn_53 skipping — predecessor failed
2026-09-18 10:54:56,248 - inference_perf.datagen.replay.replay_graph_session_datagen - INFO - Event wekatrace334_fe1aaa31badf4f218622e630f7c002dcbc18:event_054_parent_turn_54 skipping — predecessor failed
2026-09-18 10:54:56,248 - inference_perf.datagen.replay.replay_graph_session_datagen - INFO - Event wekatrace334_fe1aaa31badf4f218622e630f7c002dcbc18:event_055_sa_subagent_001_ca326fee_s0_turn_0 skipping — predecessor failed
2026-09-18 10:54:56,248 - inference_perf.datagen.replay.replay_graph_session_datagen - INFO - Event wekatrace334_fe1aaa31badf4f218622e630f7c002dcbc18:event_092_parent_turn_55 skipping — predecessor failed
2026-09-18 10:54:56,248 - inference_perf.datagen.replay.replay_graph_session_datagen - INFO - Event wekatrace334_fe1aaa31badf4f218622e630f7c002dcbc18:event_056_sa_subagent_001_ca326fee_s0_turn_1 skipping — predecessor failed
2026-09-18 10:54:56,248 - inference_perf.datagen.replay.replay_graph_session_datagen - INFO - Event wekatrace334_fe1aaa31badf4f218622e630f7c002dcbc18:event_113_parent_turn_56 skipping — predecessor failed
2026-09-18 10:54:56,248 - inference_perf.datagen.replay.replay_graph_session_datagen - INFO - Event wekatrace334_fe1aaa31badf4f218622e630f7c002dcbc18:event_057_sa_subagent_001_ca326fee_s0_turn_2 skipping — predecessor failed
2026-09-18 10:54:56,248 - inference_perf.datagen.replay.replay_graph_session_datagen - INFO - Event wekatrace334_fe1aaa31badf4f218622e630f7c002dcbc18:event_126_parent_turn_57 skipping — predecessor failed
2026-09-18 10:54:56,248 - inference_perf.datagen.replay.replay_graph_session_datagen - INFO - Event wekatrace334_fe1aaa31badf4f218622e630f7c002dcbc18:event_058_sa_subagent_001_ca326fee_s0_turn_3 skipping — predecessor failed
2026-09-18 10:54:56,248 - inference_perf.datagen.replay.replay_graph_session_datagen - INFO - Event wekatrace334_fe1aaa31badf4f218622e630f7c002dcbc18:event_059_sa_subagent_001_ca326fee_s0_turn_4 skipping — predecessor failed
2026-09-18 10:54:56,248 - inference_perf.datagen.replay.replay_graph_session_datagen - INFO - Event wekatrace334_fe1aaa31badf4f218622e630f7c002dcbc18:event_127_parent_turn_58 skipping — predecessor failed
2026-09-18 10:54:56,248 - inference_perf.datagen.replay.replay_graph_session_datagen - INFO - Event wekatrace334_fe1aaa31badf4f218622e630f7c002dcbc18:event_060_sa_subagent_001_ca326fee_s0_turn_5 skipping — predecessor failed
2026-09-18 10:54:56,249 - inference_perf.datagen.replay.replay_graph_session_datagen - INFO - Event wekatrace334_fe1aaa31badf4f218622e630f7c002dcbc18:event_128_parent_turn_59 skipping — predecessor failed
2026-09-18 10:54:56,249 - inference_perf.datagen.replay.replay_graph_session_datagen - INFO - Event wekatrace334_fe1aaa31badf4f218622e630f7c002dcbc18:event_129_parent_turn_60 skipping — predecessor failed
2026-09-18 10:54:56,249 - inference_perf.datagen.replay.replay_graph_session_datagen - INFO - Event wekatrace334_fe1aaa31badf4f218622e630f7c002dcbc18:event_130_parent_turn_61 skipping — predecessor failed
2026-09-18 10:54:56,249 - inference_perf.datagen.replay.replay_graph_session_datagen - INFO - Event wekatrace334_fe1aaa31badf4f218622e630f7c002dcbc18:event_061_sa_subagent_001_ca326fee_s0_turn_6 skipping — predecessor failed
2026-09-18 10:54:56,249 - inference_perf.datagen.replay.replay_graph_session_datagen - INFO - Event wekatrace334_fe1aaa31badf4f218622e630f7c002dcbc18:event_062_sa_subagent_001_ca326fee_s0_turn_7 skipping — predecessor failed
2026-09-18 10:54:56,249 - inference_perf.datagen.replay.replay_graph_session_datagen - INFO - Event wekatrace334_fe1aaa31badf4f218622e630f7c002dcbc18:event_063_sa_subagent_001_ca326fee_s0_turn_8 skipping — predecessor failed
2026-09-18 10:54:56,249 - inference_perf.datagen.replay.replay_graph_session_datagen - INFO - Event wekatrace334_fe1aaa31badf4f218622e630f7c002dcbc18:event_064_sa_subagent_001_ca326fee_s0_turn_9 skipping — predecessor failed
2026-09-18 10:54:56,249 - inference_perf.datagen.replay.replay_graph_session_datagen - INFO - Event wekatrace334_fe1aaa31badf4f218622e630f7c002dcbc18:event_065_sa_subagent_001_ca326fee_s0_turn_10 skipping — predecessor failed
2026-09-18 10:54:56,249 - inference_perf.datagen.replay.replay_graph_session_datagen - INFO - Event wekatrace334_fe1aaa31badf4f218622e630f7c002dcbc18:event_066_sa_subagent_001_ca326fee_s0_turn_11 skipping — predecessor failed
2026-09-18 10:54:56,249 - inference_perf.datagen.replay.replay_graph_session_datagen - INFO - Event wekatrace334_fe1aaa31badf4f218622e630f7c002dcbc18:event_067_sa_subagent_001_ca326fee_s0_turn_12 skipping — predecessor failed
2026-09-18 10:54:56,249 - inference_perf.datagen.replay.replay_graph_session_datagen - INFO - Event wekatrace334_fe1aaa31badf4f218622e630f7c002dcbc18:event_068_sa_subagent_001_ca326fee_s0_turn_13 skipping — predecessor failed
2026-09-18 10:54:56,249 - inference_perf.datagen.replay.replay_graph_session_datagen - INFO - Event wekatrace334_fe1aaa31badf4f218622e630f7c002dcbc18:event_069_sa_subagent_002_68782354_s0_turn_0 skipping — predecessor failed
2026-09-18 10:54:56,249 - inference_perf.datagen.replay.replay_graph_session_datagen - INFO - Event wekatrace334_fe1aaa31badf4f218622e630f7c002dcbc18:event_070_sa_subagent_002_68782354_s0_turn_1 skipping — predecessor failed
2026-09-18 10:54:56,249 - inference_perf.datagen.replay.replay_graph_session_datagen - INFO - Event wekatrace334_fe1aaa31badf4f218622e630f7c002dcbc18:event_071_sa_subagent_002_68782354_s0_turn_2 skipping — predecessor failed
2026-09-18 10:54:56,249 - inference_perf.datagen.replay.replay_graph_session_datagen - INFO - Event wekatrace334_fe1aaa31badf4f218622e630f7c002dcbc18:event_072_sa_subagent_002_68782354_s0_turn_3 skipping — predecessor failed
2026-09-18 10:54:56,249 - inference_perf.datagen.replay.replay_graph_session_datagen - INFO - Event wekatrace334_fe1aaa31badf4f218622e630f7c002dcbc18:event_073_sa_subagent_002_68782354_s0_turn_4 skipping — predecessor failed
2026-09-18 10:54:56,250 - inference_perf.datagen.replay.replay_graph_session_datagen - INFO - Event wekatrace334_fe1aaa31badf4f218622e630f7c002dcbc18:event_074_sa_subagent_002_68782354_s0_turn_5 skipping — predecessor failed
2026-09-18 10:54:56,250 - inference_perf.datagen.replay.replay_graph_session_datagen - INFO - Event wekatrace334_fe1aaa31badf4f218622e630f7c002dcbc18:event_075_sa_subagent_002_68782354_s0_turn_6 skipping — predecessor failed
2026-09-18 10:54:56,250 - inference_perf.datagen.replay.replay_graph_session_datagen - INFO - Event wekatrace334_fe1aaa31badf4f218622e630f7c002dcbc18:event_076_sa_subagent_002_68782354_s0_turn_7 skipping — predecessor failed
2026-09-18 10:54:56,250 - inference_perf.datagen.replay.replay_graph_session_datagen - INFO - Event wekatrace334_fe1aaa31badf4f218622e630f7c002dcbc18:event_077_sa_subagent_002_68782354_s0_turn_8 skipping — predecessor failed
2026-09-18 10:54:56,250 - inference_perf.datagen.replay.replay_graph_session_datagen - INFO - Event wekatrace334_fe1aaa31badf4f218622e630f7c002dcbc18:event_078_sa_subagent_002_68782354_s0_turn_9 skipping — predecessor failed
2026-09-18 10:54:56,250 - inference_perf.datagen.replay.replay_graph_session_datagen - INFO - Event wekatrace334_fe1aaa31badf4f218622e630f7c002dcbc18:event_079_sa_subagent_002_68782354_s0_turn_10 skipping — predecessor failed
2026-09-18 10:54:56,250 - inference_perf.datagen.replay.replay_graph_session_datagen - INFO - Event wekatrace334_fe1aaa31badf4f218622e630f7c002dcbc18:event_080_sa_subagent_002_68782354_s0_turn_11 skipping — predecessor failed
2026-09-18 10:54:56,250 - inference_perf.datagen.replay.replay_graph_session_datagen - INFO - Event wekatrace334_fe1aaa31badf4f218622e630f7c002dcbc18:event_081_sa_subagent_002_68782354_s0_turn_12 skipping — predecessor failed
2026-09-18 10:54:56,250 - inference_perf.datagen.replay.replay_graph_session_datagen - INFO - Event wekatrace334_fe1aaa31badf4f218622e630f7c002dcbc18:event_082_sa_subagent_002_68782354_s0_turn_13 skipping — predecessor failed
2026-09-18 10:54:56,250 - inference_perf.datagen.replay.replay_graph_session_datagen - INFO - Event wekatrace334_fe1aaa31badf4f218622e630f7c002dcbc18:event_083_sa_subagent_002_68782354_s0_turn_14 skipping — predecessor failed
2026-09-18 10:54:56,250 - inference_perf.datagen.replay.replay_graph_session_datagen - INFO - Event wekatrace334_fe1aaa31badf4f218622e630f7c002dcbc18:event_084_sa_subagent_002_68782354_s0_turn_15 skipping — predecessor failed
2026-09-18 10:54:56,250 - inference_perf.datagen.replay.replay_graph_session_datagen - INFO - Event wekatrace334_fe1aaa31badf4f218622e630f7c002dcbc18:event_085_sa_subagent_002_68782354_s0_turn_16 skipping — predecessor failed
2026-09-18 10:54:56,250 - inference_perf.datagen.replay.replay_graph_session_datagen - INFO - Event wekatrace334_fe1aaa31badf4f218622e630f7c002dcbc18:event_086_sa_subagent_002_68782354_s0_turn_17 skipping — predecessor failed
2026-09-18 10:54:56,250 - inference_perf.datagen.replay.replay_graph_session_datagen - INFO - Event wekatrace334_fe1aaa31badf4f218622e630f7c002dcbc18:event_087_sa_subagent_002_68782354_s0_turn_18 skipping — predecessor failed
2026-09-18 10:54:56,250 - inference_perf.datagen.replay.replay_graph_session_datagen - INFO - Event wekatrace334_fe1aaa31badf4f218622e630f7c002dcbc18:event_088_sa_subagent_002_68782354_s0_turn_19 skipping — predecessor failed
2026-09-18 10:54:56,250 - inference_perf.datagen.replay.replay_graph_session_datagen - INFO - Event wekatrace334_fe1aaa31badf4f218622e630f7c002dcbc18:event_089_sa_subagent_002_68782354_s0_turn_20 skipping — predecessor failed
2026-09-18 10:54:56,250 - inference_perf.datagen.replay.replay_graph_session_datagen - INFO - Event wekatrace334_fe1aaa31badf4f218622e630f7c002dcbc18:event_090_sa_subagent_002_68782354_s0_turn_21 skipping — predecessor failed
2026-09-18 10:54:56,251 - inference_perf.datagen.replay.replay_graph_session_datagen - INFO - Event wekatrace334_fe1aaa31badf4f218622e630f7c002dcbc18:event_091_sa_subagent_002_68782354_s0_turn_22 skipping — predecessor failed
2026-09-18 10:54:56,251 - inference_perf.datagen.replay.replay_graph_session_datagen - INFO - Event wekatrace334_fe1aaa31badf4f218622e630f7c002dcbc18:event_093_sa_subagent_003_ea9ca42a_s0_turn_0 skipping — predecessor failed
2026-09-18 10:54:56,251 - inference_perf.datagen.replay.replay_graph_session_datagen - INFO - Event wekatrace334_fe1aaa31badf4f218622e630f7c002dcbc18:event_094_sa_subagent_003_ea9ca42a_s0_turn_1 skipping — predecessor failed
2026-09-18 10:54:56,251 - inference_perf.datagen.replay.replay_graph_session_datagen - INFO - Event wekatrace334_fe1aaa31badf4f218622e630f7c002dcbc18:event_095_sa_subagent_003_ea9ca42a_s0_turn_2 skipping — predecessor failed
2026-09-18 10:54:56,251 - inference_perf.datagen.replay.replay_graph_session_datagen - INFO - Event wekatrace334_fe1aaa31badf4f218622e630f7c002dcbc18:event_096_sa_subagent_003_ea9ca42a_s0_turn_3 skipping — predecessor failed
2026-09-18 10:54:56,251 - inference_perf.datagen.replay.replay_graph_session_datagen - INFO - Event wekatrace334_fe1aaa31badf4f218622e630f7c002dcbc18:event_097_sa_subagent_003_ea9ca42a_s0_turn_4 skipping — predecessor failed
2026-09-18 10:54:56,251 - inference_perf.datagen.replay.replay_graph_session_datagen - INFO - Event wekatrace334_fe1aaa31badf4f218622e630f7c002dcbc18:event_098_sa_subagent_003_ea9ca42a_s0_turn_5 skipping — predecessor failed
2026-09-18 10:54:56,251 - inference_perf.datagen.replay.replay_graph_session_datagen - INFO - Event wekatrace334_fe1aaa31badf4f218622e630f7c002dcbc18:event_099_sa_subagent_003_ea9ca42a_s0_turn_6 skipping — predecessor failed
2026-09-18 10:54:56,251 - inference_perf.datagen.replay.replay_graph_session_datagen - INFO - Event wekatrace334_fe1aaa31badf4f218622e630f7c002dcbc18:event_100_sa_subagent_003_ea9ca42a_s0_turn_7 skipping — predecessor failed
2026-09-18 10:54:56,251 - inference_perf.datagen.replay.replay_graph_session_datagen - INFO - Event wekatrace334_fe1aaa31badf4f218622e630f7c002dcbc18:event_101_sa_subagent_003_ea9ca42a_s0_turn_8 skipping — predecessor failed
2026-09-18 10:54:56,251 - inference_perf.datagen.replay.replay_graph_session_datagen - INFO - Event wekatrace334_fe1aaa31badf4f218622e630f7c002dcbc18:event_102_sa_subagent_003_ea9ca42a_s0_turn_9 skipping — predecessor failed
2026-09-18 10:54:56,251 - inference_perf.datagen.replay.replay_graph_session_datagen - INFO - Event wekatrace334_fe1aaa31badf4f218622e630f7c002dcbc18:event_103_sa_subagent_004_6ba52438_s0_turn_0 skipping — predecessor failed
2026-09-18 10:54:56,251 - inference_perf.datagen.replay.replay_graph_session_datagen - INFO - Event wekatrace334_fe1aaa31badf4f218622e630f7c002dcbc18:event_104_sa_subagent_004_6ba52438_s0_turn_1 skipping — predecessor failed
2026-09-18 10:54:56,251 - inference_perf.datagen.replay.replay_graph_session_datagen - INFO - Event wekatrace334_fe1aaa31badf4f218622e630f7c002dcbc18:event_105_sa_subagent_004_6ba52438_s0_turn_2 skipping — predecessor failed
2026-09-18 10:54:56,251 - inference_perf.datagen.replay.replay_graph_session_datagen - INFO - Event wekatrace334_fe1aaa31badf4f218622e630f7c002dcbc18:event_106_sa_subagent_004_6ba52438_s0_turn_3 skipping — predecessor failed
2026-09-18 10:54:56,251 - inference_perf.datagen.replay.replay_graph_session_datagen - INFO - Event wekatrace334_fe1aaa31badf4f218622e630f7c002dcbc18:event_107_sa_subagent_004_6ba52438_s0_turn_4 skipping — predecessor failed
2026-09-18 10:54:56,251 - inference_perf.datagen.replay.replay_graph_session_datagen - INFO - Event wekatrace334_fe1aaa31badf4f218622e630f7c002dcbc18:event_108_sa_subagent_004_6ba52438_s0_turn_5 skipping — predecessor failed
2026-09-18 10:54:56,251 - inference_perf.datagen.replay.replay_graph_session_datagen - INFO - Event wekatrace334_fe1aaa31badf4f218622e630f7c002dcbc18:event_109_sa_subagent_004_6ba52438_s0_turn_6 skipping — predecessor failed
2026-09-18 10:54:56,251 - inference_perf.datagen.replay.replay_graph_session_datagen - INFO - Event wekatrace334_fe1aaa31badf4f218622e630f7c002dcbc18:event_110_sa_subagent_004_6ba52438_s0_turn_7 skipping — predecessor failed
2026-09-18 10:54:56,252 - inference_perf.datagen.replay.replay_graph_session_datagen - INFO - Event wekatrace334_fe1aaa31badf4f218622e630f7c002dcbc18:event_111_sa_subagent_004_6ba52438_s0_turn_8 skipping — predecessor failed
2026-09-18 10:54:56,252 - inference_perf.datagen.replay.replay_graph_session_datagen - INFO - Event wekatrace334_fe1aaa31badf4f218622e630f7c002dcbc18:event_112_sa_subagent_004_6ba52438_s0_turn_9 skipping — predecessor failed
2026-09-18 10:54:56,252 - inference_perf.datagen.replay.replay_graph_session_datagen - INFO - Event wekatrace334_fe1aaa31badf4f218622e630f7c002dcbc18:event_114_sa_subagent_005_b9f34acd_s0_turn_0 skipping — predecessor failed
2026-09-18 10:54:56,252 - inference_perf.datagen.replay.replay_graph_session_datagen - INFO - Event wekatrace334_fe1aaa31badf4f218622e630f7c002dcbc18:event_115_sa_subagent_005_b9f34acd_s0_turn_1 skipping — predecessor failed
2026-09-18 10:54:56,252 - inference_perf.datagen.replay.replay_graph_session_datagen - INFO - Event wekatrace334_fe1aaa31badf4f218622e630f7c002dcbc18:event_117_sa_subagent_005_b9f34acd_s0_turn_3 skipping — predecessor failed
2026-09-18 10:54:56,252 - inference_perf.datagen.replay.replay_graph_session_datagen - INFO - Event wekatrace334_fe1aaa31badf4f218622e630f7c002dcbc18:event_116_sa_subagent_005_b9f34acd_s0_turn_2 skipping — predecessor failed
2026-09-18 10:54:56,252 - inference_perf.datagen.replay.replay_graph_session_datagen - INFO - Event wekatrace334_fe1aaa31badf4f218622e630f7c002dcbc18:event_118_sa_subagent_005_b9f34acd_s0_turn_4 skipping — predecessor failed
2026-09-18 10:54:56,252 - inference_perf.datagen.replay.replay_graph_session_datagen - INFO - Event wekatrace334_fe1aaa31badf4f218622e630f7c002dcbc18:event_119_sa_subagent_005_b9f34acd_s0_turn_5 skipping — predecessor failed
2026-09-18 10:54:56,252 - inference_perf.datagen.replay.replay_graph_session_datagen - INFO - Event wekatrace334_fe1aaa31badf4f218622e630f7c002dcbc18:event_120_sa_subagent_005_b9f34acd_s0_turn_6 skipping — predecessor failed
2026-09-18 10:54:56,252 - inference_perf.datagen.replay.replay_graph_session_datagen - INFO - Event wekatrace334_fe1aaa31badf4f218622e630f7c002dcbc18:event_121_sa_subagent_005_b9f34acd_s0_turn_7 skipping — predecessor failed
2026-09-18 10:54:56,252 - inference_perf.datagen.replay.replay_graph_session_datagen - INFO - Event wekatrace334_fe1aaa31badf4f218622e630f7c002dcbc18:event_122_sa_subagent_005_b9f34acd_s0_turn_8 skipping — predecessor failed
2026-09-18 10:54:56,252 - inference_perf.datagen.replay.replay_graph_session_datagen - INFO - Event wekatrace334_fe1aaa31badf4f218622e630f7c002dcbc18:event_123_sa_subagent_005_b9f34acd_s0_turn_9 skipping — predecessor failed
2026-09-18 10:54:56,252 - inference_perf.datagen.replay.replay_graph_session_datagen - INFO - Event wekatrace334_fe1aaa31badf4f218622e630f7c002dcbc18:event_124_sa_subagent_005_b9f34acd_s0_turn_10 skipping — predecessor failed
2026-09-18 10:54:56,252 - inference_perf.datagen.replay.replay_graph_session_datagen - INFO - Event wekatrace334_fe1aaa31badf4f218622e630f7c002dcbc18:event_125_sa_subagent_005_b9f34acd_s0_turn_11 skipping — predecessor failed
2026-09-18 10:54:59,240 - inference_perf.datagen.replay.replay_graph_session_datagen - ERROR - Request failed for event wekatrace97_5205240fa8f546d231b220f7b82e394dcd79:event_002_parent_turn_2: TimeoutError: 
2026-09-18 10:54:59,240 - inference_perf.datagen.replay.replay_graph_session_datagen - INFO - Session wekatrace97_5205240fa8f546d231b220f7b82e394dcd79 failure notification sent to main process (cancelled_events=32)
2026-09-18 10:54:59,241 - inference_perf.client.modelserver.openai_client - ERROR - 
Traceback (most recent call last):
  File "/workspace/.venv/lib/python3.12/site-packages/aiohttp/streams.py", line 365, in _wait
    await waiter
asyncio.exceptions.CancelledError

The above exception was the direct cause of the following exception:

Traceback (most recent call last):
  File "/workspace/inference_perf/apis/streaming_parser.py", line 84, in parse_sse_stream
    async for chunk in response.content.iter_any():
  File "/workspace/.venv/lib/python3.12/site-packages/aiohttp/streams.py", line 46, in __anext__
    rv = await self.read_func()
         ^^^^^^^^^^^^^^^^^^^^^^
  File "/workspace/.venv/lib/python3.12/site-packages/aiohttp/streams.py", line 460, in readany
    await self._wait("readany")
  File "/workspace/.venv/lib/python3.12/site-packages/aiohttp/streams.py", line 364, in _wait
    with self._timer:
         ^^^^^^^^^^^
  File "/workspace/.venv/lib/python3.12/site-packages/aiohttp/helpers.py", line 759, in __exit__
    raise asyncio.TimeoutError from exc_val
TimeoutError

The above exception was the direct cause of the following exception:

Traceback (most recent call last):
  File "/workspace/inference_perf/client/modelserver/openai_client.py", line 557, in process_request
    info = await data.process_response(
           ^^^^^^^^^^^^^^^^^^^^^^^^^^^^
  File "/workspace/inference_perf/datagen/replay/replay_graph_session_datagen.py", line 1039, in process_response
    text_content, chunk_times, raw_content, response_chunks, server_usage = await parse_sse_stream(
                                                                            ^^^^^^^^^^^^^^^^^^^^^^^
  File "/workspace/inference_perf/apis/streaming_parser.py", line 119, in parse_sse_stream
    raise StreamInterruptedError(e, raw_content.decode("utf-8", errors="ignore")) from e
inference_perf.apis.streaming_parser.StreamInterruptedError
2026-09-18 10:54:59,242 - inference_perf.datagen.replay.replay_graph_session_datagen - INFO - Event wekatrace97_5205240fa8f546d231b220f7b82e394dcd79:event_003_parent_turn_3 skipping — predecessor failed
2026-09-18 10:54:59,242 - inference_perf.datagen.replay.replay_graph_session_datagen - INFO - Event wekatrace97_5205240fa8f546d231b220f7b82e394dcd79:event_004_parent_turn_4 skipping — predecessor failed
2026-09-18 10:54:59,242 - inference_perf.datagen.replay.replay_graph_session_datagen - INFO - Event wekatrace97_5205240fa8f546d231b220f7b82e394dcd79:event_005_parent_turn_5 skipping — predecessor failed
2026-09-18 10:54:59,242 - inference_perf.datagen.replay.replay_graph_session_datagen - INFO - Event wekatrace97_5205240fa8f546d231b220f7b82e394dcd79:event_006_parent_turn_6 skipping — predecessor failed
2026-09-18 10:54:59,242 - inference_perf.datagen.replay.replay_graph_session_datagen - INFO - Event wekatrace97_5205240fa8f546d231b220f7b82e394dcd79:event_007_parent_turn_7 skipping — predecessor failed
2026-09-18 10:54:59,242 - inference_perf.datagen.replay.replay_graph_session_datagen - INFO - Event wekatrace97_5205240fa8f546d231b220f7b82e394dcd79:event_008_parent_turn_8 skipping — predecessor failed
2026-09-18 10:54:59,242 - inference_perf.datagen.replay.replay_graph_session_datagen - INFO - Event wekatrace97_5205240fa8f546d231b220f7b82e394dcd79:event_009_parent_turn_9 skipping — predecessor failed
2026-09-18 10:54:59,242 - inference_perf.datagen.replay.replay_graph_session_datagen - INFO - Event wekatrace97_5205240fa8f546d231b220f7b82e394dcd79:event_010_parent_turn_10 skipping — predecessor failed
2026-09-18 10:54:59,242 - inference_perf.datagen.replay.replay_graph_session_datagen - INFO - Event wekatrace97_5205240fa8f546d231b220f7b82e394dcd79:event_011_parent_turn_11 skipping — predecessor failed
2026-09-18 10:54:59,243 - inference_perf.datagen.replay.replay_graph_session_datagen - INFO - Event wekatrace97_5205240fa8f546d231b220f7b82e394dcd79:event_012_parent_turn_12 skipping — predecessor failed
2026-09-18 10:54:59,243 - inference_perf.datagen.replay.replay_graph_session_datagen - INFO - Event wekatrace97_5205240fa8f546d231b220f7b82e394dcd79:event_013_parent_turn_13 skipping — predecessor failed
2026-09-18 10:54:59,243 - inference_perf.datagen.replay.replay_graph_session_datagen - INFO - Event wekatrace97_5205240fa8f546d231b220f7b82e394dcd79:event_014_parent_turn_14 skipping — predecessor failed
2026-09-18 10:54:59,244 - inference_perf.datagen.replay.replay_graph_session_datagen - INFO - Event wekatrace97_5205240fa8f546d231b220f7b82e394dcd79:event_015_parent_turn_15 skipping — predecessor failed
2026-09-18 10:54:59,244 - inference_perf.datagen.replay.replay_graph_session_datagen - INFO - Event wekatrace97_5205240fa8f546d231b220f7b82e394dcd79:event_016_parent_turn_16 skipping — predecessor failed
2026-09-18 10:54:59,244 - inference_perf.datagen.replay.replay_graph_session_datagen - INFO - Event wekatrace97_5205240fa8f546d231b220f7b82e394dcd79:event_017_parent_turn_17 skipping — predecessor failed
2026-09-18 10:54:59,244 - inference_perf.datagen.replay.replay_graph_session_datagen - INFO - Event wekatrace97_5205240fa8f546d231b220f7b82e394dcd79:event_018_parent_turn_18 skipping — predecessor failed
2026-09-18 10:54:59,244 - inference_perf.datagen.replay.replay_graph_session_datagen - INFO - Event wekatrace97_5205240fa8f546d231b220f7b82e394dcd79:event_019_parent_turn_19 skipping — predecessor failed
2026-09-18 10:54:59,244 - inference_perf.datagen.replay.replay_graph_session_datagen - INFO - Event wekatrace97_5205240fa8f546d231b220f7b82e394dcd79:event_020_parent_turn_20 skipping — predecessor failed
2026-09-18 10:54:59,244 - inference_perf.datagen.replay.replay_graph_session_datagen - INFO - Event wekatrace97_5205240fa8f546d231b220f7b82e394dcd79:event_021_parent_turn_21 skipping — predecessor failed
2026-09-18 10:54:59,244 - inference_perf.datagen.replay.replay_graph_session_datagen - INFO - Event wekatrace97_5205240fa8f546d231b220f7b82e394dcd79:event_022_parent_turn_22 skipping — predecessor failed
2026-09-18 10:54:59,244 - inference_perf.datagen.replay.replay_graph_session_datagen - INFO - Event wekatrace97_5205240fa8f546d231b220f7b82e394dcd79:event_023_parent_turn_23 skipping — predecessor failed
2026-09-18 10:54:59,244 - inference_perf.datagen.replay.replay_graph_session_datagen - INFO - Event wekatrace97_5205240fa8f546d231b220f7b82e394dcd79:event_024_parent_turn_24 skipping — predecessor failed
2026-09-18 10:54:59,244 - inference_perf.datagen.replay.replay_graph_session_datagen - INFO - Event wekatrace97_5205240fa8f546d231b220f7b82e394dcd79:event_025_parent_turn_25 skipping — predecessor failed
2026-09-18 10:54:59,244 - inference_perf.datagen.replay.replay_graph_session_datagen - INFO - Event wekatrace97_5205240fa8f546d231b220f7b82e394dcd79:event_026_parent_turn_26 skipping — predecessor failed
2026-09-18 10:54:59,244 - inference_perf.datagen.replay.replay_graph_session_datagen - INFO - Event wekatrace97_5205240fa8f546d231b220f7b82e394dcd79:event_027_parent_turn_27 skipping — predecessor failed
2026-09-18 10:54:59,244 - inference_perf.datagen.replay.replay_graph_session_datagen - INFO - Event wekatrace97_5205240fa8f546d231b220f7b82e394dcd79:event_028_parent_turn_28 skipping — predecessor failed
2026-09-18 10:54:59,245 - inference_perf.datagen.replay.replay_graph_session_datagen - INFO - Event wekatrace97_5205240fa8f546d231b220f7b82e394dcd79:event_029_parent_turn_29 skipping — predecessor failed
2026-09-18 10:54:59,245 - inference_perf.datagen.replay.replay_graph_session_datagen - INFO - Event wekatrace97_5205240fa8f546d231b220f7b82e394dcd79:event_030_parent_turn_30 skipping — predecessor failed
2026-09-18 10:54:59,245 - inference_perf.datagen.replay.replay_graph_session_datagen - INFO - Event wekatrace97_5205240fa8f546d231b220f7b82e394dcd79:event_031_parent_turn_31 skipping — predecessor failed
2026-09-18 10:54:59,245 - inference_perf.datagen.replay.replay_graph_session_datagen - INFO - Event wekatrace97_5205240fa8f546d231b220f7b82e394dcd79:event_032_parent_turn_32 skipping — predecessor failed
2026-09-18 10:54:59,245 - inference_perf.datagen.replay.replay_graph_session_datagen - INFO - Event wekatrace97_5205240fa8f546d231b220f7b82e394dcd79:event_033_parent_turn_33 skipping — predecessor failed
2026-09-18 10:54:59,245 - inference_perf.datagen.replay.replay_graph_session_datagen - INFO - Event wekatrace97_5205240fa8f546d231b220f7b82e394dcd79:event_034_parent_turn_34 skipping — predecessor failed
2026-09-18 10:55:11,240 - inference_perf.datagen.replay.replay_graph_session_datagen - ERROR - Request failed for event wekatrace172_91a5604201e3a0637c6c74d7111ad2074b9b:event_001_parent_turn_1: TimeoutError: 
2026-09-18 10:55:11,240 - inference_perf.datagen.replay.replay_graph_session_datagen - INFO - Session wekatrace172_91a5604201e3a0637c6c74d7111ad2074b9b failure notification sent to main process (cancelled_events=202)
2026-09-18 10:55:11,240 - inference_perf.client.modelserver.openai_client - ERROR - 
Traceback (most recent call last):
  File "/workspace/.venv/lib/python3.12/site-packages/aiohttp/streams.py", line 365, in _wait
    await waiter
asyncio.exceptions.CancelledError

The above exception was the direct cause of the following exception:

Traceback (most recent call last):
  File "/workspace/inference_perf/apis/streaming_parser.py", line 84, in parse_sse_stream
    async for chunk in response.content.iter_any():
  File "/workspace/.venv/lib/python3.12/site-packages/aiohttp/streams.py", line 46, in __anext__
    rv = await self.read_func()
         ^^^^^^^^^^^^^^^^^^^^^^
  File "/workspace/.venv/lib/python3.12/site-packages/aiohttp/streams.py", line 460, in readany
    await self._wait("readany")
  File "/workspace/.venv/lib/python3.12/site-packages/aiohttp/streams.py", line 364, in _wait
    with self._timer:
         ^^^^^^^^^^^
  File "/workspace/.venv/lib/python3.12/site-packages/aiohttp/helpers.py", line 759, in __exit__
    raise asyncio.TimeoutError from exc_val
TimeoutError

The above exception was the direct cause of the following exception:

Traceback (most recent call last):
  File "/workspace/inference_perf/client/modelserver/openai_client.py", line 557, in process_request
    info = await data.process_response(
           ^^^^^^^^^^^^^^^^^^^^^^^^^^^^
  File "/workspace/inference_perf/datagen/replay/replay_graph_session_datagen.py", line 1039, in process_response
    text_content, chunk_times, raw_content, response_chunks, server_usage = await parse_sse_stream(
                                                                            ^^^^^^^^^^^^^^^^^^^^^^^
  File "/workspace/inference_perf/apis/streaming_parser.py", line 119, in parse_sse_stream
    raise StreamInterruptedError(e, raw_content.decode("utf-8", errors="ignore")) from e
inference_perf.apis.streaming_parser.StreamInterruptedError
2026-09-18 10:55:11,245 - inference_perf.datagen.replay.replay_graph_session_datagen - INFO - Event wekatrace172_91a5604201e3a0637c6c74d7111ad2074b9b:event_002_parent_turn_2 skipping — predecessor failed
2026-09-18 10:55:11,245 - inference_perf.datagen.replay.replay_graph_session_datagen - INFO - Event wekatrace172_91a5604201e3a0637c6c74d7111ad2074b9b:event_003_parent_turn_3 skipping — predecessor failed
2026-09-18 10:55:11,245 - inference_perf.datagen.replay.replay_graph_session_datagen - INFO - Event wekatrace172_91a5604201e3a0637c6c74d7111ad2074b9b:event_004_parent_turn_4 skipping — predecessor failed
2026-09-18 10:55:11,245 - inference_perf.datagen.replay.replay_graph_session_datagen - INFO - Event wekatrace172_91a5604201e3a0637c6c74d7111ad2074b9b:event_005_parent_turn_5 skipping — predecessor failed
2026-09-18 10:55:11,245 - inference_perf.datagen.replay.replay_graph_session_datagen - INFO - Event wekatrace172_91a5604201e3a0637c6c74d7111ad2074b9b:event_006_parent_turn_6 skipping — predecessor failed
2026-09-18 10:55:11,245 - inference_perf.datagen.replay.replay_graph_session_datagen - INFO - Event wekatrace172_91a5604201e3a0637c6c74d7111ad2074b9b:event_007_parent_turn_7 skipping — predecessor failed
2026-09-18 10:55:11,245 - inference_perf.datagen.replay.replay_graph_session_datagen - INFO - Event wekatrace172_91a5604201e3a0637c6c74d7111ad2074b9b:event_008_parent_turn_8 skipping — predecessor failed
2026-09-18 10:55:11,245 - inference_perf.datagen.replay.replay_graph_session_datagen - INFO - Event wekatrace172_91a5604201e3a0637c6c74d7111ad2074b9b:event_009_parent_turn_9 skipping — predecessor failed
2026-09-18 10:55:11,245 - inference_perf.datagen.replay.replay_graph_session_datagen - INFO - Event wekatrace172_91a5604201e3a0637c6c74d7111ad2074b9b:event_010_sa_subagent_001_7bd2d1fb_s0_turn_0 skipping — predecessor failed
2026-09-18 10:55:11,245 - inference_perf.datagen.replay.replay_graph_session_datagen - INFO - Event wekatrace172_91a5604201e3a0637c6c74d7111ad2074b9b:event_135_parent_turn_10 skipping — predecessor failed
2026-09-18 10:55:11,245 - inference_perf.datagen.replay.replay_graph_session_datagen - INFO - Event wekatrace172_91a5604201e3a0637c6c74d7111ad2074b9b:event_011_sa_subagent_001_7bd2d1fb_s0_turn_1 skipping — predecessor failed
2026-09-18 10:55:11,245 - inference_perf.datagen.replay.replay_graph_session_datagen - INFO - Event wekatrace172_91a5604201e3a0637c6c74d7111ad2074b9b:event_136_parent_turn_11 skipping — predecessor failed
2026-09-18 10:55:11,246 - inference_perf.datagen.replay.replay_graph_session_datagen - INFO - Event wekatrace172_91a5604201e3a0637c6c74d7111ad2074b9b:event_012_sa_subagent_001_7bd2d1fb_s0_turn_2 skipping — predecessor failed
2026-09-18 10:55:11,246 - inference_perf.datagen.replay.replay_graph_session_datagen - INFO - Event wekatrace172_91a5604201e3a0637c6c74d7111ad2074b9b:event_137_parent_turn_12 skipping — predecessor failed
2026-09-18 10:55:11,246 - inference_perf.datagen.replay.replay_graph_session_datagen - INFO - Event wekatrace172_91a5604201e3a0637c6c74d7111ad2074b9b:event_138_parent_turn_13 skipping — predecessor failed
2026-09-18 10:55:11,246 - inference_perf.datagen.replay.replay_graph_session_datagen - INFO - Event wekatrace172_91a5604201e3a0637c6c74d7111ad2074b9b:event_013_sa_subagent_001_7bd2d1fb_s0_turn_3 skipping — predecessor failed
2026-09-18 10:55:11,246 - inference_perf.datagen.replay.replay_graph_session_datagen - INFO - Event wekatrace172_91a5604201e3a0637c6c74d7111ad2074b9b:event_014_sa_subagent_001_7bd2d1fb_s0_turn_4 skipping — predecessor failed
2026-09-18 10:55:11,246 - inference_perf.datagen.replay.replay_graph_session_datagen - INFO - Event wekatrace172_91a5604201e3a0637c6c74d7111ad2074b9b:event_139_parent_turn_14 skipping — predecessor failed
2026-09-18 10:55:11,246 - inference_perf.datagen.replay.replay_graph_session_datagen - INFO - Event wekatrace172_91a5604201e3a0637c6c74d7111ad2074b9b:event_140_parent_turn_15 skipping — predecessor failed
2026-09-18 10:55:11,246 - inference_perf.datagen.replay.replay_graph_session_datagen - INFO - Event wekatrace172_91a5604201e3a0637c6c74d7111ad2074b9b:event_015_sa_subagent_001_7bd2d1fb_s0_turn_5 skipping — predecessor failed
2026-09-18 10:55:11,246 - inference_perf.datagen.replay.replay_graph_session_datagen - INFO - Event wekatrace172_91a5604201e3a0637c6c74d7111ad2074b9b:event_141_parent_turn_16 skipping — predecessor failed
2026-09-18 10:55:11,246 - inference_perf.datagen.replay.replay_graph_session_datagen - INFO - Event wekatrace172_91a5604201e3a0637c6c74d7111ad2074b9b:event_142_parent_turn_17 skipping — predecessor failed
2026-09-18 10:55:11,246 - inference_perf.datagen.replay.replay_graph_session_datagen - INFO - Event wekatrace172_91a5604201e3a0637c6c74d7111ad2074b9b:event_016_sa_subagent_001_7bd2d1fb_s0_turn_6 skipping — predecessor failed
2026-09-18 10:55:11,246 - inference_perf.datagen.replay.replay_graph_session_datagen - INFO - Event wekatrace172_91a5604201e3a0637c6c74d7111ad2074b9b:event_143_parent_turn_18 skipping — predecessor failed
2026-09-18 10:55:11,246 - inference_perf.datagen.replay.replay_graph_session_datagen - INFO - Event wekatrace172_91a5604201e3a0637c6c74d7111ad2074b9b:event_017_sa_subagent_001_7bd2d1fb_s0_turn_7 skipping — predecessor failed
2026-09-18 10:55:11,246 - inference_perf.datagen.replay.replay_graph_session_datagen - INFO - Event wekatrace172_91a5604201e3a0637c6c74d7111ad2074b9b:event_144_parent_turn_19 skipping — predecessor failed
2026-09-18 10:55:11,246 - inference_perf.datagen.replay.replay_graph_session_datagen - INFO - Event wekatrace172_91a5604201e3a0637c6c74d7111ad2074b9b:event_145_parent_turn_20 skipping — predecessor failed
2026-09-18 10:55:11,246 - inference_perf.datagen.replay.replay_graph_session_datagen - INFO - Event wekatrace172_91a5604201e3a0637c6c74d7111ad2074b9b:event_146_parent_turn_21 skipping — predecessor failed
2026-09-18 10:55:11,246 - inference_perf.datagen.replay.replay_graph_session_datagen - INFO - Event wekatrace172_91a5604201e3a0637c6c74d7111ad2074b9b:event_018_sa_subagent_001_7bd2d1fb_s0_turn_8 skipping — predecessor failed
2026-09-18 10:55:11,246 - inference_perf.datagen.replay.replay_graph_session_datagen - INFO - Event wekatrace172_91a5604201e3a0637c6c74d7111ad2074b9b:event_147_parent_turn_22 skipping — predecessor failed
2026-09-18 10:55:11,247 - inference_perf.datagen.replay.replay_graph_session_datagen - INFO - Event wekatrace172_91a5604201e3a0637c6c74d7111ad2074b9b:event_148_parent_turn_23 skipping — predecessor failed
2026-09-18 10:55:11,247 - inference_perf.datagen.replay.replay_graph_session_datagen - INFO - Event wekatrace172_91a5604201e3a0637c6c74d7111ad2074b9b:event_019_sa_subagent_001_7bd2d1fb_s0_turn_9 skipping — predecessor failed
2026-09-18 10:55:11,247 - inference_perf.datagen.replay.replay_graph_session_datagen - INFO - Event wekatrace172_91a5604201e3a0637c6c74d7111ad2074b9b:event_149_parent_turn_24 skipping — predecessor failed
2026-09-18 10:55:11,247 - inference_perf.datagen.replay.replay_graph_session_datagen - INFO - Event wekatrace172_91a5604201e3a0637c6c74d7111ad2074b9b:event_020_sa_subagent_001_7bd2d1fb_s0_turn_10 skipping — predecessor failed
2026-09-18 10:55:11,247 - inference_perf.datagen.replay.replay_graph_session_datagen - INFO - Event wekatrace172_91a5604201e3a0637c6c74d7111ad2074b9b:event_150_parent_turn_25 skipping — predecessor failed
2026-09-18 10:55:11,247 - inference_perf.datagen.replay.replay_graph_session_datagen - INFO - Event wekatrace172_91a5604201e3a0637c6c74d7111ad2074b9b:event_151_parent_turn_26 skipping — predecessor failed
2026-09-18 10:55:11,247 - inference_perf.datagen.replay.replay_graph_session_datagen - INFO - Event wekatrace172_91a5604201e3a0637c6c74d7111ad2074b9b:event_021_sa_subagent_001_7bd2d1fb_s0_turn_11 skipping — predecessor failed
2026-09-18 10:55:11,247 - inference_perf.datagen.replay.replay_graph_session_datagen - INFO - Event wekatrace172_91a5604201e3a0637c6c74d7111ad2074b9b:event_152_parent_turn_27 skipping — predecessor failed
2026-09-18 10:55:11,247 - inference_perf.datagen.replay.replay_graph_session_datagen - INFO - Event wekatrace172_91a5604201e3a0637c6c74d7111ad2074b9b:event_153_parent_turn_28 skipping — predecessor failed
2026-09-18 10:55:11,247 - inference_perf.datagen.replay.replay_graph_session_datagen - INFO - Event wekatrace172_91a5604201e3a0637c6c74d7111ad2074b9b:event_022_sa_subagent_001_7bd2d1fb_s0_turn_12 skipping — predecessor failed
2026-09-18 10:55:11,247 - inference_perf.datagen.replay.replay_graph_session_datagen - INFO - Event wekatrace172_91a5604201e3a0637c6c74d7111ad2074b9b:event_154_parent_turn_29 skipping — predecessor failed
2026-09-18 10:55:11,247 - inference_perf.datagen.replay.replay_graph_session_datagen - INFO - Event wekatrace172_91a5604201e3a0637c6c74d7111ad2074b9b:event_155_parent_turn_30 skipping — predecessor failed
2026-09-18 10:55:11,247 - inference_perf.datagen.replay.replay_graph_session_datagen - INFO - Event wekatrace172_91a5604201e3a0637c6c74d7111ad2074b9b:event_023_sa_subagent_001_7bd2d1fb_s0_turn_13 skipping — predecessor failed
2026-09-18 10:55:11,247 - inference_perf.datagen.replay.replay_graph_session_datagen - INFO - Event wekatrace172_91a5604201e3a0637c6c74d7111ad2074b9b:event_156_parent_turn_31 skipping — predecessor failed
2026-09-18 10:55:11,247 - inference_perf.datagen.replay.replay_graph_session_datagen - INFO - Event wekatrace172_91a5604201e3a0637c6c74d7111ad2074b9b:event_024_sa_subagent_001_7bd2d1fb_s0_turn_14 skipping — predecessor failed
2026-09-18 10:55:11,247 - inference_perf.datagen.replay.replay_graph_session_datagen - INFO - Event wekatrace172_91a5604201e3a0637c6c74d7111ad2074b9b:event_157_parent_turn_32 skipping — predecessor failed
2026-09-18 10:55:11,247 - inference_perf.datagen.replay.replay_graph_session_datagen - INFO - Event wekatrace172_91a5604201e3a0637c6c74d7111ad2074b9b:event_025_sa_subagent_001_7bd2d1fb_s0_turn_15 skipping — predecessor failed
2026-09-18 10:55:11,247 - inference_perf.datagen.replay.replay_graph_session_datagen - INFO - Event wekatrace172_91a5604201e3a0637c6c74d7111ad2074b9b:event_158_parent_turn_33 skipping — predecessor failed
2026-09-18 10:55:11,247 - inference_perf.datagen.replay.replay_graph_session_datagen - INFO - Event wekatrace172_91a5604201e3a0637c6c74d7111ad2074b9b:event_026_sa_subagent_001_7bd2d1fb_s0_turn_16 skipping — predecessor failed
2026-09-18 10:55:11,248 - inference_perf.datagen.replay.replay_graph_session_datagen - INFO - Event wekatrace172_91a5604201e3a0637c6c74d7111ad2074b9b:event_159_parent_turn_34 skipping — predecessor failed
2026-09-18 10:55:11,248 - inference_perf.datagen.replay.replay_graph_session_datagen - INFO - Event wekatrace172_91a5604201e3a0637c6c74d7111ad2074b9b:event_027_sa_subagent_001_7bd2d1fb_s0_turn_17 skipping — predecessor failed
2026-09-18 10:55:11,248 - inference_perf.datagen.replay.replay_graph_session_datagen - INFO - Event wekatrace172_91a5604201e3a0637c6c74d7111ad2074b9b:event_160_parent_turn_35 skipping — predecessor failed
2026-09-18 10:55:11,248 - inference_perf.datagen.replay.replay_graph_session_datagen - INFO - Event wekatrace172_91a5604201e3a0637c6c74d7111ad2074b9b:event_028_sa_subagent_001_7bd2d1fb_s0_turn_18 skipping — predecessor failed
2026-09-18 10:55:11,248 - inference_perf.datagen.replay.replay_graph_session_datagen - INFO - Event wekatrace172_91a5604201e3a0637c6c74d7111ad2074b9b:event_161_parent_turn_36 skipping — predecessor failed
2026-09-18 10:55:11,248 - inference_perf.datagen.replay.replay_graph_session_datagen - INFO - Event wekatrace172_91a5604201e3a0637c6c74d7111ad2074b9b:event_029_sa_subagent_001_7bd2d1fb_s0_turn_19 skipping — predecessor failed
2026-09-18 10:55:11,248 - inference_perf.datagen.replay.replay_graph_session_datagen - INFO - Event wekatrace172_91a5604201e3a0637c6c74d7111ad2074b9b:event_162_parent_turn_37 skipping — predecessor failed
2026-09-18 10:55:11,248 - inference_perf.datagen.replay.replay_graph_session_datagen - INFO - Event wekatrace172_91a5604201e3a0637c6c74d7111ad2074b9b:event_163_parent_turn_38 skipping — predecessor failed
2026-09-18 10:55:11,248 - inference_perf.datagen.replay.replay_graph_session_datagen - INFO - Event wekatrace172_91a5604201e3a0637c6c74d7111ad2074b9b:event_030_sa_subagent_001_7bd2d1fb_s0_turn_20 skipping — predecessor failed
2026-09-18 10:55:11,248 - inference_perf.datagen.replay.replay_graph_session_datagen - INFO - Event wekatrace172_91a5604201e3a0637c6c74d7111ad2074b9b:event_164_parent_turn_39 skipping — predecessor failed
2026-09-18 10:55:11,248 - inference_perf.datagen.replay.replay_graph_session_datagen - INFO - Event wekatrace172_91a5604201e3a0637c6c74d7111ad2074b9b:event_031_sa_subagent_001_7bd2d1fb_s0_turn_21 skipping — predecessor failed
2026-09-18 10:55:11,248 - inference_perf.datagen.replay.replay_graph_session_datagen - INFO - Event wekatrace172_91a5604201e3a0637c6c74d7111ad2074b9b:event_165_parent_turn_40 skipping — predecessor failed
2026-09-18 10:55:11,248 - inference_perf.datagen.replay.replay_graph_session_datagen - INFO - Event wekatrace172_91a5604201e3a0637c6c74d7111ad2074b9b:event_166_parent_turn_41 skipping — predecessor failed
2026-09-18 10:55:11,248 - inference_perf.datagen.replay.replay_graph_session_datagen - INFO - Event wekatrace172_91a5604201e3a0637c6c74d7111ad2074b9b:event_032_sa_subagent_001_7bd2d1fb_s0_turn_22 skipping — predecessor failed
2026-09-18 10:55:11,248 - inference_perf.datagen.replay.replay_graph_session_datagen - INFO - Event wekatrace172_91a5604201e3a0637c6c74d7111ad2074b9b:event_167_parent_turn_42 skipping — predecessor failed
2026-09-18 10:55:11,249 - inference_perf.datagen.replay.replay_graph_session_datagen - INFO - Event wekatrace172_91a5604201e3a0637c6c74d7111ad2074b9b:event_033_sa_subagent_001_7bd2d1fb_s0_turn_23 skipping — predecessor failed
2026-09-18 10:55:11,249 - inference_perf.datagen.replay.replay_graph_session_datagen - INFO - Event wekatrace172_91a5604201e3a0637c6c74d7111ad2074b9b:event_168_parent_turn_43 skipping — predecessor failed
2026-09-18 10:55:11,249 - inference_perf.datagen.replay.replay_graph_session_datagen - INFO - Event wekatrace172_91a5604201e3a0637c6c74d7111ad2074b9b:event_034_sa_subagent_001_7bd2d1fb_s0_turn_24 skipping — predecessor failed
2026-09-18 10:55:11,249 - inference_perf.datagen.replay.replay_graph_session_datagen - INFO - Event wekatrace172_91a5604201e3a0637c6c74d7111ad2074b9b:event_169_parent_turn_44 skipping — predecessor failed
2026-09-18 10:55:11,249 - inference_perf.datagen.replay.replay_graph_session_datagen - INFO - Event wekatrace172_91a5604201e3a0637c6c74d7111ad2074b9b:event_035_sa_subagent_001_7bd2d1fb_s0_turn_25 skipping — predecessor failed
2026-09-18 10:55:11,249 - inference_perf.datagen.replay.replay_graph_session_datagen - INFO - Event wekatrace172_91a5604201e3a0637c6c74d7111ad2074b9b:event_170_parent_turn_45 skipping — predecessor failed
2026-09-18 10:55:11,249 - inference_perf.datagen.replay.replay_graph_session_datagen - INFO - Event wekatrace172_91a5604201e3a0637c6c74d7111ad2074b9b:event_036_sa_subagent_001_7bd2d1fb_s0_turn_26 skipping — predecessor failed
2026-09-18 10:55:11,249 - inference_perf.datagen.replay.replay_graph_session_datagen - INFO - Event wekatrace172_91a5604201e3a0637c6c74d7111ad2074b9b:event_171_parent_turn_46 skipping — predecessor failed
2026-09-18 10:55:11,249 - inference_perf.datagen.replay.replay_graph_session_datagen - INFO - Event wekatrace172_91a5604201e3a0637c6c74d7111ad2074b9b:event_037_sa_subagent_001_7bd2d1fb_s0_turn_27 skipping — predecessor failed
2026-09-18 10:55:11,249 - inference_perf.datagen.replay.replay_graph_session_datagen - INFO - Event wekatrace172_91a5604201e3a0637c6c74d7111ad2074b9b:event_172_parent_turn_47 skipping — predecessor failed
2026-09-18 10:55:11,249 - inference_perf.datagen.replay.replay_graph_session_datagen - INFO - Event wekatrace172_91a5604201e3a0637c6c74d7111ad2074b9b:event_173_parent_turn_48 skipping — predecessor failed
2026-09-18 10:55:11,249 - inference_perf.datagen.replay.replay_graph_session_datagen - INFO - Event wekatrace172_91a5604201e3a0637c6c74d7111ad2074b9b:event_038_sa_subagent_001_7bd2d1fb_s0_turn_28 skipping — predecessor failed
2026-09-18 10:55:11,249 - inference_perf.datagen.replay.replay_graph_session_datagen - INFO - Event wekatrace172_91a5604201e3a0637c6c74d7111ad2074b9b:event_174_parent_turn_49 skipping — predecessor failed
2026-09-18 10:55:11,249 - inference_perf.datagen.replay.replay_graph_session_datagen - INFO - Event wekatrace172_91a5604201e3a0637c6c74d7111ad2074b9b:event_039_sa_subagent_001_7bd2d1fb_s0_turn_29 skipping — predecessor failed
2026-09-18 10:55:11,249 - inference_perf.datagen.replay.replay_graph_session_datagen - INFO - Event wekatrace172_91a5604201e3a0637c6c74d7111ad2074b9b:event_175_parent_turn_50 skipping — predecessor failed
2026-09-18 10:55:11,250 - inference_perf.datagen.replay.replay_graph_session_datagen - INFO - Event wekatrace172_91a5604201e3a0637c6c74d7111ad2074b9b:event_176_parent_turn_51 skipping — predecessor failed
2026-09-18 10:55:11,250 - inference_perf.datagen.replay.replay_graph_session_datagen - INFO - Event wekatrace172_91a5604201e3a0637c6c74d7111ad2074b9b:event_040_sa_subagent_001_7bd2d1fb_s0_turn_30 skipping — predecessor failed
2026-09-18 10:55:11,250 - inference_perf.datagen.replay.replay_graph_session_datagen - INFO - Event wekatrace172_91a5604201e3a0637c6c74d7111ad2074b9b:event_177_parent_turn_52 skipping — predecessor failed
2026-09-18 10:55:11,250 - inference_perf.datagen.replay.replay_graph_session_datagen - INFO - Event wekatrace172_91a5604201e3a0637c6c74d7111ad2074b9b:event_041_sa_subagent_001_7bd2d1fb_s0_turn_31 skipping — predecessor failed
2026-09-18 10:55:11,250 - inference_perf.datagen.replay.replay_graph_session_datagen - INFO - Event wekatrace172_91a5604201e3a0637c6c74d7111ad2074b9b:event_178_parent_turn_53 skipping — predecessor failed
2026-09-18 10:55:11,250 - inference_perf.datagen.replay.replay_graph_session_datagen - INFO - Event wekatrace172_91a5604201e3a0637c6c74d7111ad2074b9b:event_179_parent_turn_54 skipping — predecessor failed
2026-09-18 10:55:11,250 - inference_perf.datagen.replay.replay_graph_session_datagen - INFO - Event wekatrace172_91a5604201e3a0637c6c74d7111ad2074b9b:event_180_parent_turn_55 skipping — predecessor failed
2026-09-18 10:55:11,250 - inference_perf.datagen.replay.replay_graph_session_datagen - INFO - Event wekatrace172_91a5604201e3a0637c6c74d7111ad2074b9b:event_181_parent_turn_56 skipping — predecessor failed
2026-09-18 10:55:11,250 - inference_perf.datagen.replay.replay_graph_session_datagen - INFO - Event wekatrace172_91a5604201e3a0637c6c74d7111ad2074b9b:event_042_sa_subagent_001_7bd2d1fb_s0_turn_32 skipping — predecessor failed
2026-09-18 10:55:11,250 - inference_perf.datagen.replay.replay_graph_session_datagen - INFO - Event wekatrace172_91a5604201e3a0637c6c74d7111ad2074b9b:event_182_parent_turn_57 skipping — predecessor failed
2026-09-18 10:55:11,250 - inference_perf.datagen.replay.replay_graph_session_datagen - INFO - Event wekatrace172_91a5604201e3a0637c6c74d7111ad2074b9b:event_183_parent_turn_58 skipping — predecessor failed
2026-09-18 10:55:11,250 - inference_perf.datagen.replay.replay_graph_session_datagen - INFO - Event wekatrace172_91a5604201e3a0637c6c74d7111ad2074b9b:event_184_parent_turn_59 skipping — predecessor failed
2026-09-18 10:55:11,250 - inference_perf.datagen.replay.replay_graph_session_datagen - INFO - Event wekatrace172_91a5604201e3a0637c6c74d7111ad2074b9b:event_043_sa_subagent_001_7bd2d1fb_s0_turn_33 skipping — predecessor failed
2026-09-18 10:55:11,251 - inference_perf.datagen.replay.replay_graph_session_datagen - INFO - Event wekatrace172_91a5604201e3a0637c6c74d7111ad2074b9b:event_185_parent_turn_60 skipping — predecessor failed
2026-09-18 10:55:11,251 - inference_perf.datagen.replay.replay_graph_session_datagen - INFO - Event wekatrace172_91a5604201e3a0637c6c74d7111ad2074b9b:event_186_parent_turn_61 skipping — predecessor failed
2026-09-18 10:55:11,251 - inference_perf.datagen.replay.replay_graph_session_datagen - INFO - Event wekatrace172_91a5604201e3a0637c6c74d7111ad2074b9b:event_044_sa_subagent_001_7bd2d1fb_s0_turn_34 skipping — predecessor failed
2026-09-18 10:55:11,251 - inference_perf.datagen.replay.replay_graph_session_datagen - INFO - Event wekatrace172_91a5604201e3a0637c6c74d7111ad2074b9b:event_187_parent_turn_62 skipping — predecessor failed
2026-09-18 10:55:11,251 - inference_perf.datagen.replay.replay_graph_session_datagen - INFO - Event wekatrace172_91a5604201e3a0637c6c74d7111ad2074b9b:event_188_parent_turn_63 skipping — predecessor failed
2026-09-18 10:55:11,251 - inference_perf.datagen.replay.replay_graph_session_datagen - INFO - Event wekatrace172_91a5604201e3a0637c6c74d7111ad2074b9b:event_045_sa_subagent_001_7bd2d1fb_s0_turn_35 skipping — predecessor failed
2026-09-18 10:55:11,251 - inference_perf.datagen.replay.replay_graph_session_datagen - INFO - Event wekatrace172_91a5604201e3a0637c6c74d7111ad2074b9b:event_189_parent_turn_64 skipping — predecessor failed
2026-09-18 10:55:11,251 - inference_perf.datagen.replay.replay_graph_session_datagen - INFO - Event wekatrace172_91a5604201e3a0637c6c74d7111ad2074b9b:event_046_sa_subagent_001_7bd2d1fb_s0_turn_36 skipping — predecessor failed
2026-09-18 10:55:11,251 - inference_perf.datagen.replay.replay_graph_session_datagen - INFO - Event wekatrace172_91a5604201e3a0637c6c74d7111ad2074b9b:event_190_parent_turn_65 skipping — predecessor failed
2026-09-18 10:55:11,251 - inference_perf.datagen.replay.replay_graph_session_datagen - INFO - Event wekatrace172_91a5604201e3a0637c6c74d7111ad2074b9b:event_191_parent_turn_66 skipping — predecessor failed
2026-09-18 10:55:11,251 - inference_perf.datagen.replay.replay_graph_session_datagen - INFO - Event wekatrace172_91a5604201e3a0637c6c74d7111ad2074b9b:event_047_sa_subagent_001_7bd2d1fb_s0_turn_37 skipping — predecessor failed
2026-09-18 10:55:11,251 - inference_perf.datagen.replay.replay_graph_session_datagen - INFO - Event wekatrace172_91a5604201e3a0637c6c74d7111ad2074b9b:event_048_sa_subagent_002_77a1cef6_s0_turn_0 skipping — predecessor failed
2026-09-18 10:55:11,251 - inference_perf.datagen.replay.replay_graph_session_datagen - INFO - Event wekatrace172_91a5604201e3a0637c6c74d7111ad2074b9b:event_192_parent_turn_67 skipping — predecessor failed
2026-09-18 10:55:11,251 - inference_perf.datagen.replay.replay_graph_session_datagen - INFO - Event wekatrace172_91a5604201e3a0637c6c74d7111ad2074b9b:event_193_parent_turn_68 skipping — predecessor failed
2026-09-18 10:55:11,251 - inference_perf.datagen.replay.replay_graph_session_datagen - INFO - Event wekatrace172_91a5604201e3a0637c6c74d7111ad2074b9b:event_049_sa_subagent_002_77a1cef6_s0_turn_1 skipping — predecessor failed
2026-09-18 10:55:11,252 - inference_perf.datagen.replay.replay_graph_session_datagen - INFO - Event wekatrace172_91a5604201e3a0637c6c74d7111ad2074b9b:event_194_parent_turn_69 skipping — predecessor failed
2026-09-18 10:55:11,252 - inference_perf.datagen.replay.replay_graph_session_datagen - INFO - Event wekatrace172_91a5604201e3a0637c6c74d7111ad2074b9b:event_050_sa_subagent_002_77a1cef6_s0_turn_2 skipping — predecessor failed
2026-09-18 10:55:11,252 - inference_perf.datagen.replay.replay_graph_session_datagen - INFO - Event wekatrace172_91a5604201e3a0637c6c74d7111ad2074b9b:event_051_sa_subagent_002_77a1cef6_s0_turn_3 skipping — predecessor failed
2026-09-18 10:55:11,252 - inference_perf.datagen.replay.replay_graph_session_datagen - INFO - Event wekatrace172_91a5604201e3a0637c6c74d7111ad2074b9b:event_195_parent_turn_70 skipping — predecessor failed
2026-09-18 10:55:11,252 - inference_perf.datagen.replay.replay_graph_session_datagen - INFO - Event wekatrace172_91a5604201e3a0637c6c74d7111ad2074b9b:event_052_sa_subagent_002_77a1cef6_s0_turn_4 skipping — predecessor failed
2026-09-18 10:55:11,252 - inference_perf.datagen.replay.replay_graph_session_datagen - INFO - Event wekatrace172_91a5604201e3a0637c6c74d7111ad2074b9b:event_196_parent_turn_71 skipping — predecessor failed
2026-09-18 10:55:11,252 - inference_perf.datagen.replay.replay_graph_session_datagen - INFO - Event wekatrace172_91a5604201e3a0637c6c74d7111ad2074b9b:event_197_parent_turn_72 skipping — predecessor failed
2026-09-18 10:55:11,252 - inference_perf.datagen.replay.replay_graph_session_datagen - INFO - Event wekatrace172_91a5604201e3a0637c6c74d7111ad2074b9b:event_053_sa_subagent_002_77a1cef6_s0_turn_5 skipping — predecessor failed
2026-09-18 10:55:11,252 - inference_perf.datagen.replay.replay_graph_session_datagen - INFO - Event wekatrace172_91a5604201e3a0637c6c74d7111ad2074b9b:event_198_parent_turn_73 skipping — predecessor failed
2026-09-18 10:55:11,252 - inference_perf.datagen.replay.replay_graph_session_datagen - INFO - Event wekatrace172_91a5604201e3a0637c6c74d7111ad2074b9b:event_054_sa_subagent_002_77a1cef6_s0_turn_6 skipping — predecessor failed
2026-09-18 10:55:11,252 - inference_perf.datagen.replay.replay_graph_session_datagen - INFO - Event wekatrace172_91a5604201e3a0637c6c74d7111ad2074b9b:event_199_parent_turn_74 skipping — predecessor failed
2026-09-18 10:55:11,252 - inference_perf.datagen.replay.replay_graph_session_datagen - INFO - Event wekatrace172_91a5604201e3a0637c6c74d7111ad2074b9b:event_055_sa_subagent_002_77a1cef6_s0_turn_7 skipping — predecessor failed
2026-09-18 10:55:11,252 - inference_perf.datagen.replay.replay_graph_session_datagen - INFO - Event wekatrace172_91a5604201e3a0637c6c74d7111ad2074b9b:event_200_parent_turn_75 skipping — predecessor failed
2026-09-18 10:55:11,253 - inference_perf.datagen.replay.replay_graph_session_datagen - INFO - Event wekatrace172_91a5604201e3a0637c6c74d7111ad2074b9b:event_056_sa_subagent_002_77a1cef6_s0_turn_8 skipping — predecessor failed
2026-09-18 10:55:11,253 - inference_perf.datagen.replay.replay_graph_session_datagen - INFO - Event wekatrace172_91a5604201e3a0637c6c74d7111ad2074b9b:event_201_parent_turn_76 skipping — predecessor failed
2026-09-18 10:55:11,253 - inference_perf.datagen.replay.replay_graph_session_datagen - INFO - Event wekatrace172_91a5604201e3a0637c6c74d7111ad2074b9b:event_057_sa_subagent_002_77a1cef6_s0_turn_9 skipping — predecessor failed
2026-09-18 10:55:11,253 - inference_perf.datagen.replay.replay_graph_session_datagen - INFO - Event wekatrace172_91a5604201e3a0637c6c74d7111ad2074b9b:event_202_parent_turn_77 skipping — predecessor failed
2026-09-18 10:55:11,253 - inference_perf.datagen.replay.replay_graph_session_datagen - INFO - Event wekatrace172_91a5604201e3a0637c6c74d7111ad2074b9b:event_058_sa_subagent_002_77a1cef6_s0_turn_10 skipping — predecessor failed
2026-09-18 10:55:11,253 - inference_perf.datagen.replay.replay_graph_session_datagen - INFO - Event wekatrace172_91a5604201e3a0637c6c74d7111ad2074b9b:event_203_parent_turn_78 skipping — predecessor failed
2026-09-18 10:55:11,253 - inference_perf.datagen.replay.replay_graph_session_datagen - INFO - Event wekatrace172_91a5604201e3a0637c6c74d7111ad2074b9b:event_059_sa_subagent_002_77a1cef6_s0_turn_11 skipping — predecessor failed
2026-09-18 10:55:11,253 - inference_perf.datagen.replay.replay_graph_session_datagen - INFO - Event wekatrace172_91a5604201e3a0637c6c74d7111ad2074b9b:event_060_sa_subagent_002_77a1cef6_s0_turn_12 skipping — predecessor failed
2026-09-18 10:55:11,253 - inference_perf.datagen.replay.replay_graph_session_datagen - INFO - Event wekatrace172_91a5604201e3a0637c6c74d7111ad2074b9b:event_061_sa_subagent_002_77a1cef6_s0_turn_13 skipping — predecessor failed
2026-09-18 10:55:11,253 - inference_perf.datagen.replay.replay_graph_session_datagen - INFO - Event wekatrace172_91a5604201e3a0637c6c74d7111ad2074b9b:event_062_sa_subagent_002_77a1cef6_s0_turn_14 skipping — predecessor failed
2026-09-18 10:55:11,253 - inference_perf.datagen.replay.replay_graph_session_datagen - INFO - Event wekatrace172_91a5604201e3a0637c6c74d7111ad2074b9b:event_063_sa_subagent_002_77a1cef6_s0_turn_15 skipping — predecessor failed
2026-09-18 10:55:11,253 - inference_perf.datagen.replay.replay_graph_session_datagen - INFO - Event wekatrace172_91a5604201e3a0637c6c74d7111ad2074b9b:event_064_sa_subagent_002_77a1cef6_s0_turn_16 skipping — predecessor failed
2026-09-18 10:55:11,253 - inference_perf.datagen.replay.replay_graph_session_datagen - INFO - Event wekatrace172_91a5604201e3a0637c6c74d7111ad2074b9b:event_065_sa_subagent_002_77a1cef6_s0_turn_17 skipping — predecessor failed
2026-09-18 10:55:11,253 - inference_perf.datagen.replay.replay_graph_session_datagen - INFO - Event wekatrace172_91a5604201e3a0637c6c74d7111ad2074b9b:event_066_sa_subagent_002_77a1cef6_s0_turn_18 skipping — predecessor failed
2026-09-18 10:55:11,253 - inference_perf.datagen.replay.replay_graph_session_datagen - INFO - Event wekatrace172_91a5604201e3a0637c6c74d7111ad2074b9b:event_067_sa_subagent_002_77a1cef6_s0_turn_19 skipping — predecessor failed
2026-09-18 10:55:11,253 - inference_perf.datagen.replay.replay_graph_session_datagen - INFO - Event wekatrace172_91a5604201e3a0637c6c74d7111ad2074b9b:event_068_sa_subagent_002_77a1cef6_s0_turn_20 skipping — predecessor failed
2026-09-18 10:55:11,254 - inference_perf.datagen.replay.replay_graph_session_datagen - INFO - Event wekatrace172_91a5604201e3a0637c6c74d7111ad2074b9b:event_069_sa_subagent_002_77a1cef6_s0_turn_21 skipping — predecessor failed
2026-09-18 10:55:11,254 - inference_perf.datagen.replay.replay_graph_session_datagen - INFO - Event wekatrace172_91a5604201e3a0637c6c74d7111ad2074b9b:event_070_sa_subagent_002_77a1cef6_s0_turn_22 skipping — predecessor failed
2026-09-18 10:55:11,254 - inference_perf.datagen.replay.replay_graph_session_datagen - INFO - Event wekatrace172_91a5604201e3a0637c6c74d7111ad2074b9b:event_071_sa_subagent_002_77a1cef6_s0_turn_23 skipping — predecessor failed
2026-09-18 10:55:11,254 - inference_perf.datagen.replay.replay_graph_session_datagen - INFO - Event wekatrace172_91a5604201e3a0637c6c74d7111ad2074b9b:event_072_sa_subagent_002_77a1cef6_s0_turn_24 skipping — predecessor failed
2026-09-18 10:55:11,254 - inference_perf.datagen.replay.replay_graph_session_datagen - INFO - Event wekatrace172_91a5604201e3a0637c6c74d7111ad2074b9b:event_073_sa_subagent_002_77a1cef6_s0_turn_25 skipping — predecessor failed
2026-09-18 10:55:11,254 - inference_perf.datagen.replay.replay_graph_session_datagen - INFO - Event wekatrace172_91a5604201e3a0637c6c74d7111ad2074b9b:event_074_sa_subagent_002_77a1cef6_s0_turn_26 skipping — predecessor failed
2026-09-18 10:55:11,254 - inference_perf.datagen.replay.replay_graph_session_datagen - INFO - Event wekatrace172_91a5604201e3a0637c6c74d7111ad2074b9b:event_075_sa_subagent_002_77a1cef6_s0_turn_27 skipping — predecessor failed
2026-09-18 10:55:11,254 - inference_perf.datagen.replay.replay_graph_session_datagen - INFO - Event wekatrace172_91a5604201e3a0637c6c74d7111ad2074b9b:event_076_sa_subagent_002_77a1cef6_s0_turn_28 skipping — predecessor failed
2026-09-18 10:55:11,254 - inference_perf.datagen.replay.replay_graph_session_datagen - INFO - Event wekatrace172_91a5604201e3a0637c6c74d7111ad2074b9b:event_077_sa_subagent_002_77a1cef6_s0_turn_29 skipping — predecessor failed
2026-09-18 10:55:11,254 - inference_perf.datagen.replay.replay_graph_session_datagen - INFO - Event wekatrace172_91a5604201e3a0637c6c74d7111ad2074b9b:event_078_sa_subagent_002_77a1cef6_s0_turn_30 skipping — predecessor failed
2026-09-18 10:55:11,254 - inference_perf.datagen.replay.replay_graph_session_datagen - INFO - Event wekatrace172_91a5604201e3a0637c6c74d7111ad2074b9b:event_079_sa_subagent_002_77a1cef6_s0_turn_31 skipping — predecessor failed
2026-09-18 10:55:11,254 - inference_perf.datagen.replay.replay_graph_session_datagen - INFO - Event wekatrace172_91a5604201e3a0637c6c74d7111ad2074b9b:event_080_sa_subagent_002_77a1cef6_s0_turn_32 skipping — predecessor failed
2026-09-18 10:55:11,254 - inference_perf.datagen.replay.replay_graph_session_datagen - INFO - Event wekatrace172_91a5604201e3a0637c6c74d7111ad2074b9b:event_081_sa_subagent_002_77a1cef6_s0_turn_33 skipping — predecessor failed
2026-09-18 10:55:11,254 - inference_perf.datagen.replay.replay_graph_session_datagen - INFO - Event wekatrace172_91a5604201e3a0637c6c74d7111ad2074b9b:event_082_sa_subagent_002_77a1cef6_s0_turn_34 skipping — predecessor failed
2026-09-18 10:55:11,254 - inference_perf.datagen.replay.replay_graph_session_datagen - INFO - Event wekatrace172_91a5604201e3a0637c6c74d7111ad2074b9b:event_083_sa_subagent_002_77a1cef6_s0_turn_35 skipping — predecessor failed
2026-09-18 10:55:11,254 - inference_perf.datagen.replay.replay_graph_session_datagen - INFO - Event wekatrace172_91a5604201e3a0637c6c74d7111ad2074b9b:event_084_sa_subagent_002_77a1cef6_s0_turn_36 skipping — predecessor failed
2026-09-18 10:55:11,255 - inference_perf.datagen.replay.replay_graph_session_datagen - INFO - Event wekatrace172_91a5604201e3a0637c6c74d7111ad2074b9b:event_085_sa_subagent_002_77a1cef6_s0_turn_37 skipping — predecessor failed
2026-09-18 10:55:11,255 - inference_perf.datagen.replay.replay_graph_session_datagen - INFO - Event wekatrace172_91a5604201e3a0637c6c74d7111ad2074b9b:event_086_sa_subagent_002_77a1cef6_s0_turn_38 skipping — predecessor failed
2026-09-18 10:55:11,255 - inference_perf.datagen.replay.replay_graph_session_datagen - INFO - Event wekatrace172_91a5604201e3a0637c6c74d7111ad2074b9b:event_087_sa_subagent_002_77a1cef6_s0_turn_39 skipping — predecessor failed
2026-09-18 10:55:11,255 - inference_perf.datagen.replay.replay_graph_session_datagen - INFO - Event wekatrace172_91a5604201e3a0637c6c74d7111ad2074b9b:event_088_sa_subagent_002_77a1cef6_s0_turn_40 skipping — predecessor failed
2026-09-18 10:55:11,255 - inference_perf.datagen.replay.replay_graph_session_datagen - INFO - Event wekatrace172_91a5604201e3a0637c6c74d7111ad2074b9b:event_089_sa_subagent_002_77a1cef6_s0_turn_41 skipping — predecessor failed
2026-09-18 10:55:11,255 - inference_perf.datagen.replay.replay_graph_session_datagen - INFO - Event wekatrace172_91a5604201e3a0637c6c74d7111ad2074b9b:event_090_sa_subagent_002_77a1cef6_s0_turn_42 skipping — predecessor failed
2026-09-18 10:55:11,255 - inference_perf.datagen.replay.replay_graph_session_datagen - INFO - Event wekatrace172_91a5604201e3a0637c6c74d7111ad2074b9b:event_091_sa_subagent_002_77a1cef6_s0_turn_43 skipping — predecessor failed
2026-09-18 10:55:11,255 - inference_perf.datagen.replay.replay_graph_session_datagen - INFO - Event wekatrace172_91a5604201e3a0637c6c74d7111ad2074b9b:event_092_sa_subagent_002_77a1cef6_s0_turn_44 skipping — predecessor failed
2026-09-18 10:55:11,255 - inference_perf.datagen.replay.replay_graph_session_datagen - INFO - Event wekatrace172_91a5604201e3a0637c6c74d7111ad2074b9b:event_093_sa_subagent_002_77a1cef6_s0_turn_45 skipping — predecessor failed
2026-09-18 10:55:11,255 - inference_perf.datagen.replay.replay_graph_session_datagen - INFO - Event wekatrace172_91a5604201e3a0637c6c74d7111ad2074b9b:event_094_sa_subagent_002_77a1cef6_s0_turn_46 skipping — predecessor failed
2026-09-18 10:55:11,255 - inference_perf.datagen.replay.replay_graph_session_datagen - INFO - Event wekatrace172_91a5604201e3a0637c6c74d7111ad2074b9b:event_095_sa_subagent_002_77a1cef6_s0_turn_47 skipping — predecessor failed
2026-09-18 10:55:11,255 - inference_perf.datagen.replay.replay_graph_session_datagen - INFO - Event wekatrace172_91a5604201e3a0637c6c74d7111ad2074b9b:event_096_sa_subagent_002_77a1cef6_s0_turn_48 skipping — predecessor failed
2026-09-18 10:55:11,255 - inference_perf.datagen.replay.replay_graph_session_datagen - INFO - Event wekatrace172_91a5604201e3a0637c6c74d7111ad2074b9b:event_097_sa_subagent_002_77a1cef6_s0_turn_49 skipping — predecessor failed
2026-09-18 10:55:11,256 - inference_perf.datagen.replay.replay_graph_session_datagen - INFO - Event wekatrace172_91a5604201e3a0637c6c74d7111ad2074b9b:event_098_sa_subagent_002_77a1cef6_s0_turn_50 skipping — predecessor failed
2026-09-18 10:55:11,256 - inference_perf.datagen.replay.replay_graph_session_datagen - INFO - Event wekatrace172_91a5604201e3a0637c6c74d7111ad2074b9b:event_099_sa_subagent_003_5b37ed5b_s0_turn_0 skipping — predecessor failed
2026-09-18 10:55:11,256 - inference_perf.datagen.replay.replay_graph_session_datagen - INFO - Event wekatrace172_91a5604201e3a0637c6c74d7111ad2074b9b:event_100_sa_subagent_003_5b37ed5b_s0_turn_1 skipping — predecessor failed
2026-09-18 10:55:11,256 - inference_perf.datagen.replay.replay_graph_session_datagen - INFO - Event wekatrace172_91a5604201e3a0637c6c74d7111ad2074b9b:event_101_sa_subagent_003_5b37ed5b_s0_turn_2 skipping — predecessor failed
2026-09-18 10:55:11,256 - inference_perf.datagen.replay.replay_graph_session_datagen - INFO - Event wekatrace172_91a5604201e3a0637c6c74d7111ad2074b9b:event_102_sa_subagent_003_5b37ed5b_s0_turn_3 skipping — predecessor failed
2026-09-18 10:55:11,256 - inference_perf.datagen.replay.replay_graph_session_datagen - INFO - Event wekatrace172_91a5604201e3a0637c6c74d7111ad2074b9b:event_103_sa_subagent_003_5b37ed5b_s0_turn_4 skipping — predecessor failed
2026-09-18 10:55:11,256 - inference_perf.datagen.replay.replay_graph_session_datagen - INFO - Event wekatrace172_91a5604201e3a0637c6c74d7111ad2074b9b:event_104_sa_subagent_003_5b37ed5b_s0_turn_5 skipping — predecessor failed
2026-09-18 10:55:11,256 - inference_perf.datagen.replay.replay_graph_session_datagen - INFO - Event wekatrace172_91a5604201e3a0637c6c74d7111ad2074b9b:event_105_sa_subagent_003_5b37ed5b_s0_turn_6 skipping — predecessor failed
2026-09-18 10:55:11,256 - inference_perf.datagen.replay.replay_graph_session_datagen - INFO - Event wekatrace172_91a5604201e3a0637c6c74d7111ad2074b9b:event_106_sa_subagent_003_5b37ed5b_s0_turn_7 skipping — predecessor failed
2026-09-18 10:55:11,256 - inference_perf.datagen.replay.replay_graph_session_datagen - INFO - Event wekatrace172_91a5604201e3a0637c6c74d7111ad2074b9b:event_107_sa_subagent_003_5b37ed5b_s0_turn_8 skipping — predecessor failed
2026-09-18 10:55:11,256 - inference_perf.datagen.replay.replay_graph_session_datagen - INFO - Event wekatrace172_91a5604201e3a0637c6c74d7111ad2074b9b:event_108_sa_subagent_003_5b37ed5b_s0_turn_9 skipping — predecessor failed
2026-09-18 10:55:11,256 - inference_perf.datagen.replay.replay_graph_session_datagen - INFO - Event wekatrace172_91a5604201e3a0637c6c74d7111ad2074b9b:event_109_sa_subagent_003_5b37ed5b_s0_turn_10 skipping — predecessor failed
2026-09-18 10:55:11,256 - inference_perf.datagen.replay.replay_graph_session_datagen - INFO - Event wekatrace172_91a5604201e3a0637c6c74d7111ad2074b9b:event_110_sa_subagent_003_5b37ed5b_s0_turn_11 skipping — predecessor failed
2026-09-18 10:55:11,256 - inference_perf.datagen.replay.replay_graph_session_datagen - INFO - Event wekatrace172_91a5604201e3a0637c6c74d7111ad2074b9b:event_111_sa_subagent_003_5b37ed5b_s0_turn_12 skipping — predecessor failed
2026-09-18 10:55:11,256 - inference_perf.datagen.replay.replay_graph_session_datagen - INFO - Event wekatrace172_91a5604201e3a0637c6c74d7111ad2074b9b:event_112_sa_subagent_003_5b37ed5b_s0_turn_13 skipping — predecessor failed
2026-09-18 10:55:11,256 - inference_perf.datagen.replay.replay_graph_session_datagen - INFO - Event wekatrace172_91a5604201e3a0637c6c74d7111ad2074b9b:event_113_sa_subagent_003_5b37ed5b_s0_turn_14 skipping — predecessor failed
2026-09-18 10:55:11,256 - inference_perf.datagen.replay.replay_graph_session_datagen - INFO - Event wekatrace172_91a5604201e3a0637c6c74d7111ad2074b9b:event_114_sa_subagent_003_5b37ed5b_s0_turn_15 skipping — predecessor failed
2026-09-18 10:55:11,256 - inference_perf.datagen.replay.replay_graph_session_datagen - INFO - Event wekatrace172_91a5604201e3a0637c6c74d7111ad2074b9b:event_115_sa_subagent_003_5b37ed5b_s0_turn_16 skipping — predecessor failed
2026-09-18 10:55:11,257 - inference_perf.datagen.replay.replay_graph_session_datagen - INFO - Event wekatrace172_91a5604201e3a0637c6c74d7111ad2074b9b:event_116_sa_subagent_003_5b37ed5b_s0_turn_17 skipping — predecessor failed
2026-09-18 10:55:11,257 - inference_perf.datagen.replay.replay_graph_session_datagen - INFO - Event wekatrace172_91a5604201e3a0637c6c74d7111ad2074b9b:event_117_sa_subagent_003_5b37ed5b_s0_turn_18 skipping — predecessor failed
2026-09-18 10:55:11,257 - inference_perf.datagen.replay.replay_graph_session_datagen - INFO - Event wekatrace172_91a5604201e3a0637c6c74d7111ad2074b9b:event_118_sa_subagent_003_5b37ed5b_s0_turn_19 skipping — predecessor failed
2026-09-18 10:55:11,257 - inference_perf.datagen.replay.replay_graph_session_datagen - INFO - Event wekatrace172_91a5604201e3a0637c6c74d7111ad2074b9b:event_119_sa_subagent_003_5b37ed5b_s0_turn_20 skipping — predecessor failed
2026-09-18 10:55:11,257 - inference_perf.datagen.replay.replay_graph_session_datagen - INFO - Event wekatrace172_91a5604201e3a0637c6c74d7111ad2074b9b:event_120_sa_subagent_003_5b37ed5b_s0_turn_21 skipping — predecessor failed
2026-09-18 10:55:11,257 - inference_perf.datagen.replay.replay_graph_session_datagen - INFO - Event wekatrace172_91a5604201e3a0637c6c74d7111ad2074b9b:event_121_sa_subagent_003_5b37ed5b_s0_turn_22 skipping — predecessor failed
2026-09-18 10:55:11,257 - inference_perf.datagen.replay.replay_graph_session_datagen - INFO - Event wekatrace172_91a5604201e3a0637c6c74d7111ad2074b9b:event_122_sa_subagent_003_5b37ed5b_s0_turn_23 skipping — predecessor failed
2026-09-18 10:55:11,257 - inference_perf.datagen.replay.replay_graph_session_datagen - INFO - Event wekatrace172_91a5604201e3a0637c6c74d7111ad2074b9b:event_123_sa_subagent_003_5b37ed5b_s0_turn_24 skipping — predecessor failed
2026-09-18 10:55:11,257 - inference_perf.datagen.replay.replay_graph_session_datagen - INFO - Event wekatrace172_91a5604201e3a0637c6c74d7111ad2074b9b:event_124_sa_subagent_003_5b37ed5b_s0_turn_25 skipping — predecessor failed
2026-09-18 10:55:11,257 - inference_perf.datagen.replay.replay_graph_session_datagen - INFO - Event wekatrace172_91a5604201e3a0637c6c74d7111ad2074b9b:event_125_sa_subagent_003_5b37ed5b_s0_turn_26 skipping — predecessor failed
2026-09-18 10:55:11,257 - inference_perf.datagen.replay.replay_graph_session_datagen - INFO - Event wekatrace172_91a5604201e3a0637c6c74d7111ad2074b9b:event_126_sa_subagent_003_5b37ed5b_s0_turn_27 skipping — predecessor failed
2026-09-18 10:55:11,257 - inference_perf.datagen.replay.replay_graph_session_datagen - INFO - Event wekatrace172_91a5604201e3a0637c6c74d7111ad2074b9b:event_127_sa_subagent_003_5b37ed5b_s0_turn_28 skipping — predecessor failed
2026-09-18 10:55:11,257 - inference_perf.datagen.replay.replay_graph_session_datagen - INFO - Event wekatrace172_91a5604201e3a0637c6c74d7111ad2074b9b:event_128_sa_subagent_003_5b37ed5b_s0_turn_29 skipping — predecessor failed
2026-09-18 10:55:11,257 - inference_perf.datagen.replay.replay_graph_session_datagen - INFO - Event wekatrace172_91a5604201e3a0637c6c74d7111ad2074b9b:event_129_sa_subagent_003_5b37ed5b_s0_turn_30 skipping — predecessor failed
2026-09-18 10:55:11,257 - inference_perf.datagen.replay.replay_graph_session_datagen - INFO - Event wekatrace172_91a5604201e3a0637c6c74d7111ad2074b9b:event_130_sa_subagent_003_5b37ed5b_s0_turn_31 skipping — predecessor failed
2026-09-18 10:55:11,257 - inference_perf.datagen.replay.replay_graph_session_datagen - INFO - Event wekatrace172_91a5604201e3a0637c6c74d7111ad2074b9b:event_131_sa_subagent_003_5b37ed5b_s0_turn_32 skipping — predecessor failed
2026-09-18 10:55:11,257 - inference_perf.datagen.replay.replay_graph_session_datagen - INFO - Event wekatrace172_91a5604201e3a0637c6c74d7111ad2074b9b:event_132_sa_subagent_003_5b37ed5b_s0_turn_33 skipping — predecessor failed
2026-09-18 10:55:11,258 - inference_perf.datagen.replay.replay_graph_session_datagen - INFO - Event wekatrace172_91a5604201e3a0637c6c74d7111ad2074b9b:event_133_sa_subagent_003_5b37ed5b_s0_turn_34 skipping — predecessor failed
2026-09-18 10:55:11,258 - inference_perf.datagen.replay.replay_graph_session_datagen - INFO - Event wekatrace172_91a5604201e3a0637c6c74d7111ad2074b9b:event_134_sa_subagent_003_5b37ed5b_s0_turn_35 skipping — predecessor failed
2026-09-18 10:55:20,240 - inference_perf.datagen.replay.replay_graph_session_datagen - ERROR - Request failed for event wekatrace122_6b47c7b9791176dede513203e7c5fe2cdd43:event_005_parent_turn_5: TimeoutError: 
2026-09-18 10:55:20,243 - inference_perf.datagen.replay.replay_graph_session_datagen - INFO - Session wekatrace122_6b47c7b9791176dede513203e7c5fe2cdd43 failure notification sent to main process (cancelled_events=186)
2026-09-18 10:55:20,243 - inference_perf.client.modelserver.openai_client - ERROR - 
Traceback (most recent call last):
  File "/workspace/.venv/lib/python3.12/site-packages/aiohttp/streams.py", line 365, in _wait
    await waiter
asyncio.exceptions.CancelledError

The above exception was the direct cause of the following exception:

Traceback (most recent call last):
  File "/workspace/inference_perf/apis/streaming_parser.py", line 84, in parse_sse_stream
    async for chunk in response.content.iter_any():
  File "/workspace/.venv/lib/python3.12/site-packages/aiohttp/streams.py", line 46, in __anext__
    rv = await self.read_func()
         ^^^^^^^^^^^^^^^^^^^^^^
  File "/workspace/.venv/lib/python3.12/site-packages/aiohttp/streams.py", line 460, in readany
    await self._wait("readany")
  File "/workspace/.venv/lib/python3.12/site-packages/aiohttp/streams.py", line 364, in _wait
    with self._timer:
         ^^^^^^^^^^^
  File "/workspace/.venv/lib/python3.12/site-packages/aiohttp/helpers.py", line 759, in __exit__
    raise asyncio.TimeoutError from exc_val
TimeoutError

The above exception was the direct cause of the following exception:

Traceback (most recent call last):
  File "/workspace/inference_perf/client/modelserver/openai_client.py", line 557, in process_request
    info = await data.process_response(
           ^^^^^^^^^^^^^^^^^^^^^^^^^^^^
  File "/workspace/inference_perf/datagen/replay/replay_graph_session_datagen.py", line 1039, in process_response
    text_content, chunk_times, raw_content, response_chunks, server_usage = await parse_sse_stream(
                                                                            ^^^^^^^^^^^^^^^^^^^^^^^
  File "/workspace/inference_perf/apis/streaming_parser.py", line 119, in parse_sse_stream
    raise StreamInterruptedError(e, raw_content.decode("utf-8", errors="ignore")) from e
inference_perf.apis.streaming_parser.StreamInterruptedError
2026-09-18 10:55:20,246 - inference_perf.datagen.replay.replay_graph_session_datagen - INFO - Event wekatrace122_6b47c7b9791176dede513203e7c5fe2cdd43:event_006_parent_turn_6 skipping — predecessor failed
2026-09-18 10:55:20,247 - inference_perf.datagen.replay.replay_graph_session_datagen - INFO - Event wekatrace122_6b47c7b9791176dede513203e7c5fe2cdd43:event_007_parent_turn_7 skipping — predecessor failed
2026-09-18 10:55:20,247 - inference_perf.datagen.replay.replay_graph_session_datagen - INFO - Event wekatrace122_6b47c7b9791176dede513203e7c5fe2cdd43:event_008_parent_turn_8 skipping — predecessor failed
2026-09-18 10:55:20,247 - inference_perf.datagen.replay.replay_graph_session_datagen - INFO - Event wekatrace122_6b47c7b9791176dede513203e7c5fe2cdd43:event_009_parent_turn_9 skipping — predecessor failed
2026-09-18 10:55:20,247 - inference_perf.datagen.replay.replay_graph_session_datagen - INFO - Event wekatrace122_6b47c7b9791176dede513203e7c5fe2cdd43:event_010_parent_turn_10 skipping — predecessor failed
2026-09-18 10:55:20,247 - inference_perf.datagen.replay.replay_graph_session_datagen - INFO - Event wekatrace122_6b47c7b9791176dede513203e7c5fe2cdd43:event_011_parent_turn_11 skipping — predecessor failed
2026-09-18 10:55:20,247 - inference_perf.datagen.replay.replay_graph_session_datagen - INFO - Event wekatrace122_6b47c7b9791176dede513203e7c5fe2cdd43:event_012_parent_turn_12 skipping — predecessor failed
2026-09-18 10:55:20,247 - inference_perf.datagen.replay.replay_graph_session_datagen - INFO - Event wekatrace122_6b47c7b9791176dede513203e7c5fe2cdd43:event_013_parent_turn_13 skipping — predecessor failed
2026-09-18 10:55:20,247 - inference_perf.datagen.replay.replay_graph_session_datagen - INFO - Event wekatrace122_6b47c7b9791176dede513203e7c5fe2cdd43:event_014_parent_turn_14 skipping — predecessor failed
2026-09-18 10:55:20,247 - inference_perf.datagen.replay.replay_graph_session_datagen - INFO - Event wekatrace122_6b47c7b9791176dede513203e7c5fe2cdd43:event_015_parent_turn_15 skipping — predecessor failed
2026-09-18 10:55:20,247 - inference_perf.datagen.replay.replay_graph_session_datagen - INFO - Event wekatrace122_6b47c7b9791176dede513203e7c5fe2cdd43:event_016_parent_turn_16 skipping — predecessor failed
2026-09-18 10:55:20,247 - inference_perf.datagen.replay.replay_graph_session_datagen - INFO - Event wekatrace122_6b47c7b9791176dede513203e7c5fe2cdd43:event_017_parent_turn_17 skipping — predecessor failed
2026-09-18 10:55:20,247 - inference_perf.datagen.replay.replay_graph_session_datagen - INFO - Event wekatrace122_6b47c7b9791176dede513203e7c5fe2cdd43:event_018_parent_turn_18 skipping — predecessor failed
2026-09-18 10:55:20,247 - inference_perf.datagen.replay.replay_graph_session_datagen - INFO - Event wekatrace122_6b47c7b9791176dede513203e7c5fe2cdd43:event_019_parent_turn_19 skipping — predecessor failed
2026-09-18 10:55:20,248 - inference_perf.datagen.replay.replay_graph_session_datagen - INFO - Event wekatrace122_6b47c7b9791176dede513203e7c5fe2cdd43:event_020_parent_turn_20 skipping — predecessor failed
2026-09-18 10:55:20,248 - inference_perf.datagen.replay.replay_graph_session_datagen - INFO - Event wekatrace122_6b47c7b9791176dede513203e7c5fe2cdd43:event_021_parent_turn_21 skipping — predecessor failed
2026-09-18 10:55:20,248 - inference_perf.datagen.replay.replay_graph_session_datagen - INFO - Event wekatrace122_6b47c7b9791176dede513203e7c5fe2cdd43:event_022_parent_turn_22 skipping — predecessor failed
2026-09-18 10:55:20,248 - inference_perf.datagen.replay.replay_graph_session_datagen - INFO - Event wekatrace122_6b47c7b9791176dede513203e7c5fe2cdd43:event_023_parent_turn_23 skipping — predecessor failed
2026-09-18 10:55:20,248 - inference_perf.datagen.replay.replay_graph_session_datagen - INFO - Event wekatrace122_6b47c7b9791176dede513203e7c5fe2cdd43:event_024_parent_turn_24 skipping — predecessor failed
2026-09-18 10:55:20,248 - inference_perf.datagen.replay.replay_graph_session_datagen - INFO - Event wekatrace122_6b47c7b9791176dede513203e7c5fe2cdd43:event_025_parent_turn_25 skipping — predecessor failed
2026-09-18 10:55:20,248 - inference_perf.datagen.replay.replay_graph_session_datagen - INFO - Event wekatrace122_6b47c7b9791176dede513203e7c5fe2cdd43:event_026_parent_turn_26 skipping — predecessor failed
2026-09-18 10:55:20,248 - inference_perf.datagen.replay.replay_graph_session_datagen - INFO - Event wekatrace122_6b47c7b9791176dede513203e7c5fe2cdd43:event_027_parent_turn_27 skipping — predecessor failed
2026-09-18 10:55:20,248 - inference_perf.datagen.replay.replay_graph_session_datagen - INFO - Event wekatrace122_6b47c7b9791176dede513203e7c5fe2cdd43:event_028_parent_turn_28 skipping — predecessor failed
2026-09-18 10:55:20,248 - inference_perf.datagen.replay.replay_graph_session_datagen - INFO - Event wekatrace122_6b47c7b9791176dede513203e7c5fe2cdd43:event_029_parent_turn_29 skipping — predecessor failed
2026-09-18 10:55:20,248 - inference_perf.datagen.replay.replay_graph_session_datagen - INFO - Event wekatrace122_6b47c7b9791176dede513203e7c5fe2cdd43:event_030_parent_turn_30 skipping — predecessor failed
2026-09-18 10:55:20,248 - inference_perf.datagen.replay.replay_graph_session_datagen - INFO - Event wekatrace122_6b47c7b9791176dede513203e7c5fe2cdd43:event_031_parent_turn_31 skipping — predecessor failed
2026-09-18 10:55:20,248 - inference_perf.datagen.replay.replay_graph_session_datagen - INFO - Event wekatrace122_6b47c7b9791176dede513203e7c5fe2cdd43:event_032_parent_turn_32 skipping — predecessor failed
2026-09-18 10:55:20,249 - inference_perf.datagen.replay.replay_graph_session_datagen - INFO - Event wekatrace122_6b47c7b9791176dede513203e7c5fe2cdd43:event_033_parent_turn_33 skipping — predecessor failed
2026-09-18 10:55:20,249 - inference_perf.datagen.replay.replay_graph_session_datagen - INFO - Event wekatrace122_6b47c7b9791176dede513203e7c5fe2cdd43:event_034_parent_turn_34 skipping — predecessor failed
2026-09-18 10:55:20,249 - inference_perf.datagen.replay.replay_graph_session_datagen - INFO - Event wekatrace122_6b47c7b9791176dede513203e7c5fe2cdd43:event_035_parent_turn_35 skipping — predecessor failed
2026-09-18 10:55:20,249 - inference_perf.datagen.replay.replay_graph_session_datagen - INFO - Event wekatrace122_6b47c7b9791176dede513203e7c5fe2cdd43:event_036_parent_turn_36 skipping — predecessor failed
2026-09-18 10:55:20,249 - inference_perf.datagen.replay.replay_graph_session_datagen - INFO - Event wekatrace122_6b47c7b9791176dede513203e7c5fe2cdd43:event_037_parent_turn_37 skipping — predecessor failed
2026-09-18 10:55:20,250 - inference_perf.datagen.replay.replay_graph_session_datagen - INFO - Event wekatrace122_6b47c7b9791176dede513203e7c5fe2cdd43:event_038_parent_turn_38 skipping — predecessor failed
2026-09-18 10:55:20,250 - inference_perf.datagen.replay.replay_graph_session_datagen - INFO - Event wekatrace122_6b47c7b9791176dede513203e7c5fe2cdd43:event_039_parent_turn_39 skipping — predecessor failed
2026-09-18 10:55:20,250 - inference_perf.datagen.replay.replay_graph_session_datagen - INFO - Event wekatrace122_6b47c7b9791176dede513203e7c5fe2cdd43:event_040_parent_turn_40 skipping — predecessor failed
2026-09-18 10:55:20,250 - inference_perf.datagen.replay.replay_graph_session_datagen - INFO - Event wekatrace122_6b47c7b9791176dede513203e7c5fe2cdd43:event_041_parent_turn_41 skipping — predecessor failed
2026-09-18 10:55:20,250 - inference_perf.datagen.replay.replay_graph_session_datagen - INFO - Event wekatrace122_6b47c7b9791176dede513203e7c5fe2cdd43:event_042_parent_turn_42 skipping — predecessor failed
2026-09-18 10:55:20,250 - inference_perf.datagen.replay.replay_graph_session_datagen - INFO - Event wekatrace122_6b47c7b9791176dede513203e7c5fe2cdd43:event_043_parent_turn_43 skipping — predecessor failed
2026-09-18 10:55:20,250 - inference_perf.datagen.replay.replay_graph_session_datagen - INFO - Event wekatrace122_6b47c7b9791176dede513203e7c5fe2cdd43:event_044_parent_turn_44 skipping — predecessor failed
2026-09-18 10:55:20,250 - inference_perf.datagen.replay.replay_graph_session_datagen - INFO - Event wekatrace122_6b47c7b9791176dede513203e7c5fe2cdd43:event_045_parent_turn_45 skipping — predecessor failed
2026-09-18 10:55:20,250 - inference_perf.datagen.replay.replay_graph_session_datagen - INFO - Event wekatrace122_6b47c7b9791176dede513203e7c5fe2cdd43:event_046_parent_turn_46 skipping — predecessor failed
2026-09-18 10:55:20,250 - inference_perf.datagen.replay.replay_graph_session_datagen - INFO - Event wekatrace122_6b47c7b9791176dede513203e7c5fe2cdd43:event_047_parent_turn_47 skipping — predecessor failed
2026-09-18 10:55:20,250 - inference_perf.datagen.replay.replay_graph_session_datagen - INFO - Event wekatrace122_6b47c7b9791176dede513203e7c5fe2cdd43:event_048_parent_turn_48 skipping — predecessor failed
2026-09-18 10:55:20,250 - inference_perf.datagen.replay.replay_graph_session_datagen - INFO - Event wekatrace122_6b47c7b9791176dede513203e7c5fe2cdd43:event_049_parent_turn_49 skipping — predecessor failed
2026-09-18 10:55:20,250 - inference_perf.datagen.replay.replay_graph_session_datagen - INFO - Event wekatrace122_6b47c7b9791176dede513203e7c5fe2cdd43:event_050_parent_turn_50 skipping — predecessor failed
2026-09-18 10:55:20,251 - inference_perf.datagen.replay.replay_graph_session_datagen - INFO - Event wekatrace122_6b47c7b9791176dede513203e7c5fe2cdd43:event_051_parent_turn_51 skipping — predecessor failed
2026-09-18 10:55:20,251 - inference_perf.datagen.replay.replay_graph_session_datagen - INFO - Event wekatrace122_6b47c7b9791176dede513203e7c5fe2cdd43:event_052_parent_turn_52 skipping — predecessor failed
2026-09-18 10:55:20,251 - inference_perf.datagen.replay.replay_graph_session_datagen - INFO - Event wekatrace122_6b47c7b9791176dede513203e7c5fe2cdd43:event_053_parent_turn_53 skipping — predecessor failed
2026-09-18 10:55:20,251 - inference_perf.datagen.replay.replay_graph_session_datagen - INFO - Event wekatrace122_6b47c7b9791176dede513203e7c5fe2cdd43:event_054_parent_turn_54 skipping — predecessor failed
2026-09-18 10:55:20,251 - inference_perf.datagen.replay.replay_graph_session_datagen - INFO - Event wekatrace122_6b47c7b9791176dede513203e7c5fe2cdd43:event_055_parent_turn_55 skipping — predecessor failed
2026-09-18 10:55:20,251 - inference_perf.datagen.replay.replay_graph_session_datagen - INFO - Event wekatrace122_6b47c7b9791176dede513203e7c5fe2cdd43:event_056_parent_turn_56 skipping — predecessor failed
2026-09-18 10:55:20,251 - inference_perf.datagen.replay.replay_graph_session_datagen - INFO - Event wekatrace122_6b47c7b9791176dede513203e7c5fe2cdd43:event_057_parent_turn_57 skipping — predecessor failed
2026-09-18 10:55:20,251 - inference_perf.datagen.replay.replay_graph_session_datagen - INFO - Event wekatrace122_6b47c7b9791176dede513203e7c5fe2cdd43:event_058_parent_turn_58 skipping — predecessor failed
2026-09-18 10:55:20,251 - inference_perf.datagen.replay.replay_graph_session_datagen - INFO - Event wekatrace122_6b47c7b9791176dede513203e7c5fe2cdd43:event_059_parent_turn_59 skipping — predecessor failed
2026-09-18 10:55:20,251 - inference_perf.datagen.replay.replay_graph_session_datagen - INFO - Event wekatrace122_6b47c7b9791176dede513203e7c5fe2cdd43:event_060_parent_turn_60 skipping — predecessor failed
2026-09-18 10:55:20,251 - inference_perf.datagen.replay.replay_graph_session_datagen - INFO - Event wekatrace122_6b47c7b9791176dede513203e7c5fe2cdd43:event_061_parent_turn_61 skipping — predecessor failed
2026-09-18 10:55:20,251 - inference_perf.datagen.replay.replay_graph_session_datagen - INFO - Event wekatrace122_6b47c7b9791176dede513203e7c5fe2cdd43:event_062_parent_turn_62 skipping — predecessor failed
2026-09-18 10:55:20,251 - inference_perf.datagen.replay.replay_graph_session_datagen - INFO - Event wekatrace122_6b47c7b9791176dede513203e7c5fe2cdd43:event_063_parent_turn_63 skipping — predecessor failed
2026-09-18 10:55:20,252 - inference_perf.datagen.replay.replay_graph_session_datagen - INFO - Event wekatrace122_6b47c7b9791176dede513203e7c5fe2cdd43:event_064_parent_turn_64 skipping — predecessor failed
2026-09-18 10:55:20,252 - inference_perf.datagen.replay.replay_graph_session_datagen - INFO - Event wekatrace122_6b47c7b9791176dede513203e7c5fe2cdd43:event_065_parent_turn_65 skipping — predecessor failed
2026-09-18 10:55:20,252 - inference_perf.datagen.replay.replay_graph_session_datagen - INFO - Event wekatrace122_6b47c7b9791176dede513203e7c5fe2cdd43:event_066_parent_turn_66 skipping — predecessor failed
2026-09-18 10:55:20,252 - inference_perf.datagen.replay.replay_graph_session_datagen - INFO - Event wekatrace122_6b47c7b9791176dede513203e7c5fe2cdd43:event_067_parent_turn_67 skipping — predecessor failed
2026-09-18 10:55:20,252 - inference_perf.datagen.replay.replay_graph_session_datagen - INFO - Event wekatrace122_6b47c7b9791176dede513203e7c5fe2cdd43:event_068_parent_turn_68 skipping — predecessor failed
2026-09-18 10:55:20,252 - inference_perf.datagen.replay.replay_graph_session_datagen - INFO - Event wekatrace122_6b47c7b9791176dede513203e7c5fe2cdd43:event_069_parent_turn_69 skipping — predecessor failed
2026-09-18 10:55:20,252 - inference_perf.datagen.replay.replay_graph_session_datagen - INFO - Event wekatrace122_6b47c7b9791176dede513203e7c5fe2cdd43:event_070_parent_turn_70 skipping — predecessor failed
2026-09-18 10:55:20,252 - inference_perf.datagen.replay.replay_graph_session_datagen - INFO - Event wekatrace122_6b47c7b9791176dede513203e7c5fe2cdd43:event_071_parent_turn_71 skipping — predecessor failed
2026-09-18 10:55:20,252 - inference_perf.datagen.replay.replay_graph_session_datagen - INFO - Event wekatrace122_6b47c7b9791176dede513203e7c5fe2cdd43:event_072_parent_turn_72 skipping — predecessor failed
2026-09-18 10:55:20,252 - inference_perf.datagen.replay.replay_graph_session_datagen - INFO - Event wekatrace122_6b47c7b9791176dede513203e7c5fe2cdd43:event_073_parent_turn_73 skipping — predecessor failed
2026-09-18 10:55:20,252 - inference_perf.datagen.replay.replay_graph_session_datagen - INFO - Event wekatrace122_6b47c7b9791176dede513203e7c5fe2cdd43:event_074_parent_turn_74 skipping — predecessor failed
2026-09-18 10:55:20,252 - inference_perf.datagen.replay.replay_graph_session_datagen - INFO - Event wekatrace122_6b47c7b9791176dede513203e7c5fe2cdd43:event_075_parent_turn_75 skipping — predecessor failed
2026-09-18 10:55:20,253 - inference_perf.datagen.replay.replay_graph_session_datagen - INFO - Event wekatrace122_6b47c7b9791176dede513203e7c5fe2cdd43:event_076_parent_turn_76 skipping — predecessor failed
2026-09-18 10:55:20,253 - inference_perf.datagen.replay.replay_graph_session_datagen - INFO - Event wekatrace122_6b47c7b9791176dede513203e7c5fe2cdd43:event_077_parent_turn_77 skipping — predecessor failed
2026-09-18 10:55:20,253 - inference_perf.datagen.replay.replay_graph_session_datagen - INFO - Event wekatrace122_6b47c7b9791176dede513203e7c5fe2cdd43:event_078_parent_turn_78 skipping — predecessor failed
2026-09-18 10:55:20,253 - inference_perf.datagen.replay.replay_graph_session_datagen - INFO - Event wekatrace122_6b47c7b9791176dede513203e7c5fe2cdd43:event_079_parent_turn_79 skipping — predecessor failed
2026-09-18 10:55:20,253 - inference_perf.datagen.replay.replay_graph_session_datagen - INFO - Event wekatrace122_6b47c7b9791176dede513203e7c5fe2cdd43:event_080_parent_turn_80 skipping — predecessor failed
2026-09-18 10:55:20,253 - inference_perf.datagen.replay.replay_graph_session_datagen - INFO - Event wekatrace122_6b47c7b9791176dede513203e7c5fe2cdd43:event_081_parent_turn_81 skipping — predecessor failed
2026-09-18 10:55:20,253 - inference_perf.datagen.replay.replay_graph_session_datagen - INFO - Event wekatrace122_6b47c7b9791176dede513203e7c5fe2cdd43:event_082_parent_turn_82 skipping — predecessor failed
2026-09-18 10:55:20,253 - inference_perf.datagen.replay.replay_graph_session_datagen - INFO - Event wekatrace122_6b47c7b9791176dede513203e7c5fe2cdd43:event_083_parent_turn_83 skipping — predecessor failed
2026-09-18 10:55:20,253 - inference_perf.datagen.replay.replay_graph_session_datagen - INFO - Event wekatrace122_6b47c7b9791176dede513203e7c5fe2cdd43:event_084_parent_turn_84 skipping — predecessor failed
2026-09-18 10:55:20,253 - inference_perf.datagen.replay.replay_graph_session_datagen - INFO - Event wekatrace122_6b47c7b9791176dede513203e7c5fe2cdd43:event_085_parent_turn_85 skipping — predecessor failed
2026-09-18 10:55:20,253 - inference_perf.datagen.replay.replay_graph_session_datagen - INFO - Event wekatrace122_6b47c7b9791176dede513203e7c5fe2cdd43:event_086_parent_turn_86 skipping — predecessor failed
2026-09-18 10:55:20,253 - inference_perf.datagen.replay.replay_graph_session_datagen - INFO - Event wekatrace122_6b47c7b9791176dede513203e7c5fe2cdd43:event_087_parent_turn_87 skipping — predecessor failed
2026-09-18 10:55:20,254 - inference_perf.datagen.replay.replay_graph_session_datagen - INFO - Event wekatrace122_6b47c7b9791176dede513203e7c5fe2cdd43:event_088_parent_turn_88 skipping — predecessor failed
2026-09-18 10:55:20,254 - inference_perf.datagen.replay.replay_graph_session_datagen - INFO - Event wekatrace122_6b47c7b9791176dede513203e7c5fe2cdd43:event_089_parent_turn_89 skipping — predecessor failed
2026-09-18 10:55:20,254 - inference_perf.datagen.replay.replay_graph_session_datagen - INFO - Event wekatrace122_6b47c7b9791176dede513203e7c5fe2cdd43:event_090_parent_turn_90 skipping — predecessor failed
2026-09-18 10:55:20,254 - inference_perf.datagen.replay.replay_graph_session_datagen - INFO - Event wekatrace122_6b47c7b9791176dede513203e7c5fe2cdd43:event_091_parent_turn_91 skipping — predecessor failed
2026-09-18 10:55:20,254 - inference_perf.datagen.replay.replay_graph_session_datagen - INFO - Event wekatrace122_6b47c7b9791176dede513203e7c5fe2cdd43:event_092_parent_turn_92 skipping — predecessor failed
2026-09-18 10:55:20,254 - inference_perf.datagen.replay.replay_graph_session_datagen - INFO - Event wekatrace122_6b47c7b9791176dede513203e7c5fe2cdd43:event_093_parent_turn_93 skipping — predecessor failed
2026-09-18 10:55:20,254 - inference_perf.datagen.replay.replay_graph_session_datagen - INFO - Event wekatrace122_6b47c7b9791176dede513203e7c5fe2cdd43:event_094_parent_turn_94 skipping — predecessor failed
2026-09-18 10:55:20,254 - inference_perf.datagen.replay.replay_graph_session_datagen - INFO - Event wekatrace122_6b47c7b9791176dede513203e7c5fe2cdd43:event_095_parent_turn_95 skipping — predecessor failed
2026-09-18 10:55:20,254 - inference_perf.datagen.replay.replay_graph_session_datagen - INFO - Event wekatrace122_6b47c7b9791176dede513203e7c5fe2cdd43:event_096_parent_turn_96 skipping — predecessor failed
2026-09-18 10:55:20,254 - inference_perf.datagen.replay.replay_graph_session_datagen - INFO - Event wekatrace122_6b47c7b9791176dede513203e7c5fe2cdd43:event_097_parent_turn_97 skipping — predecessor failed
2026-09-18 10:55:20,254 - inference_perf.datagen.replay.replay_graph_session_datagen - INFO - Event wekatrace122_6b47c7b9791176dede513203e7c5fe2cdd43:event_098_parent_turn_98 skipping — predecessor failed
2026-09-18 10:55:20,254 - inference_perf.datagen.replay.replay_graph_session_datagen - INFO - Event wekatrace122_6b47c7b9791176dede513203e7c5fe2cdd43:event_099_parent_turn_99 skipping — predecessor failed
2026-09-18 10:55:20,255 - inference_perf.datagen.replay.replay_graph_session_datagen - INFO - Event wekatrace122_6b47c7b9791176dede513203e7c5fe2cdd43:event_100_parent_turn_100 skipping — predecessor failed
2026-09-18 10:55:20,255 - inference_perf.datagen.replay.replay_graph_session_datagen - INFO - Event wekatrace122_6b47c7b9791176dede513203e7c5fe2cdd43:event_101_parent_turn_101 skipping — predecessor failed
2026-09-18 10:55:20,255 - inference_perf.datagen.replay.replay_graph_session_datagen - INFO - Event wekatrace122_6b47c7b9791176dede513203e7c5fe2cdd43:event_102_parent_turn_102 skipping — predecessor failed
2026-09-18 10:55:20,255 - inference_perf.datagen.replay.replay_graph_session_datagen - INFO - Event wekatrace122_6b47c7b9791176dede513203e7c5fe2cdd43:event_103_parent_turn_103 skipping — predecessor failed
2026-09-18 10:55:20,255 - inference_perf.datagen.replay.replay_graph_session_datagen - INFO - Event wekatrace122_6b47c7b9791176dede513203e7c5fe2cdd43:event_104_parent_turn_104 skipping — predecessor failed
2026-09-18 10:55:20,255 - inference_perf.datagen.replay.replay_graph_session_datagen - INFO - Event wekatrace122_6b47c7b9791176dede513203e7c5fe2cdd43:event_105_parent_turn_105 skipping — predecessor failed
2026-09-18 10:55:20,255 - inference_perf.datagen.replay.replay_graph_session_datagen - INFO - Event wekatrace122_6b47c7b9791176dede513203e7c5fe2cdd43:event_106_parent_turn_106 skipping — predecessor failed
2026-09-18 10:55:20,255 - inference_perf.datagen.replay.replay_graph_session_datagen - INFO - Event wekatrace122_6b47c7b9791176dede513203e7c5fe2cdd43:event_107_parent_turn_107 skipping — predecessor failed
2026-09-18 10:55:20,255 - inference_perf.datagen.replay.replay_graph_session_datagen - INFO - Event wekatrace122_6b47c7b9791176dede513203e7c5fe2cdd43:event_108_parent_turn_108 skipping — predecessor failed
2026-09-18 10:55:20,255 - inference_perf.datagen.replay.replay_graph_session_datagen - INFO - Event wekatrace122_6b47c7b9791176dede513203e7c5fe2cdd43:event_109_parent_turn_109 skipping — predecessor failed
2026-09-18 10:55:20,255 - inference_perf.datagen.replay.replay_graph_session_datagen - INFO - Event wekatrace122_6b47c7b9791176dede513203e7c5fe2cdd43:event_110_parent_turn_110 skipping — predecessor failed
2026-09-18 10:55:20,256 - inference_perf.datagen.replay.replay_graph_session_datagen - INFO - Event wekatrace122_6b47c7b9791176dede513203e7c5fe2cdd43:event_111_parent_turn_111 skipping — predecessor failed
2026-09-18 10:55:20,256 - inference_perf.datagen.replay.replay_graph_session_datagen - INFO - Event wekatrace122_6b47c7b9791176dede513203e7c5fe2cdd43:event_112_parent_turn_112 skipping — predecessor failed
2026-09-18 10:55:20,256 - inference_perf.datagen.replay.replay_graph_session_datagen - INFO - Event wekatrace122_6b47c7b9791176dede513203e7c5fe2cdd43:event_113_parent_turn_113 skipping — predecessor failed
2026-09-18 10:55:20,256 - inference_perf.datagen.replay.replay_graph_session_datagen - INFO - Event wekatrace122_6b47c7b9791176dede513203e7c5fe2cdd43:event_114_parent_turn_114 skipping — predecessor failed
2026-09-18 10:55:20,256 - inference_perf.datagen.replay.replay_graph_session_datagen - INFO - Event wekatrace122_6b47c7b9791176dede513203e7c5fe2cdd43:event_115_parent_turn_115 skipping — predecessor failed
2026-09-18 10:55:20,256 - inference_perf.datagen.replay.replay_graph_session_datagen - INFO - Event wekatrace122_6b47c7b9791176dede513203e7c5fe2cdd43:event_116_parent_turn_116 skipping — predecessor failed
2026-09-18 10:55:20,256 - inference_perf.datagen.replay.replay_graph_session_datagen - INFO - Event wekatrace122_6b47c7b9791176dede513203e7c5fe2cdd43:event_117_parent_turn_117 skipping — predecessor failed
2026-09-18 10:55:20,256 - inference_perf.datagen.replay.replay_graph_session_datagen - INFO - Event wekatrace122_6b47c7b9791176dede513203e7c5fe2cdd43:event_118_parent_turn_118 skipping — predecessor failed
2026-09-18 10:55:20,256 - inference_perf.datagen.replay.replay_graph_session_datagen - INFO - Event wekatrace122_6b47c7b9791176dede513203e7c5fe2cdd43:event_119_parent_turn_119 skipping — predecessor failed
2026-09-18 10:55:20,256 - inference_perf.datagen.replay.replay_graph_session_datagen - INFO - Event wekatrace122_6b47c7b9791176dede513203e7c5fe2cdd43:event_120_parent_turn_120 skipping — predecessor failed
2026-09-18 10:55:20,256 - inference_perf.datagen.replay.replay_graph_session_datagen - INFO - Event wekatrace122_6b47c7b9791176dede513203e7c5fe2cdd43:event_121_sa_subagent_001_1b1079c0_s0_turn_0 skipping — predecessor failed
2026-09-18 10:55:20,256 - inference_perf.datagen.replay.replay_graph_session_datagen - INFO - Event wekatrace122_6b47c7b9791176dede513203e7c5fe2cdd43:event_190_parent_turn_121 skipping — predecessor failed
2026-09-18 10:55:20,257 - inference_perf.datagen.replay.replay_graph_session_datagen - INFO - Event wekatrace122_6b47c7b9791176dede513203e7c5fe2cdd43:event_122_sa_subagent_001_1b1079c0_s0_turn_1 skipping — predecessor failed
2026-09-18 10:55:20,257 - inference_perf.datagen.replay.replay_graph_session_datagen - INFO - Event wekatrace122_6b47c7b9791176dede513203e7c5fe2cdd43:event_191_parent_turn_122 skipping — predecessor failed
2026-09-18 10:55:20,257 - inference_perf.datagen.replay.replay_graph_session_datagen - INFO - Event wekatrace122_6b47c7b9791176dede513203e7c5fe2cdd43:event_123_sa_subagent_001_1b1079c0_s0_turn_2 skipping — predecessor failed
2026-09-18 10:55:20,257 - inference_perf.datagen.replay.replay_graph_session_datagen - INFO - Event wekatrace122_6b47c7b9791176dede513203e7c5fe2cdd43:event_124_sa_subagent_001_1b1079c0_s0_turn_3 skipping — predecessor failed
2026-09-18 10:55:20,257 - inference_perf.datagen.replay.replay_graph_session_datagen - INFO - Event wekatrace122_6b47c7b9791176dede513203e7c5fe2cdd43:event_125_sa_subagent_001_1b1079c0_s0_turn_4 skipping — predecessor failed
2026-09-18 10:55:20,257 - inference_perf.datagen.replay.replay_graph_session_datagen - INFO - Event wekatrace122_6b47c7b9791176dede513203e7c5fe2cdd43:event_126_sa_subagent_001_1b1079c0_s0_turn_5 skipping — predecessor failed
2026-09-18 10:55:20,257 - inference_perf.datagen.replay.replay_graph_session_datagen - INFO - Event wekatrace122_6b47c7b9791176dede513203e7c5fe2cdd43:event_127_sa_subagent_001_1b1079c0_s0_turn_6 skipping — predecessor failed
2026-09-18 10:55:20,257 - inference_perf.datagen.replay.replay_graph_session_datagen - INFO - Event wekatrace122_6b47c7b9791176dede513203e7c5fe2cdd43:event_128_sa_subagent_001_1b1079c0_s0_turn_7 skipping — predecessor failed
2026-09-18 10:55:20,257 - inference_perf.datagen.replay.replay_graph_session_datagen - INFO - Event wekatrace122_6b47c7b9791176dede513203e7c5fe2cdd43:event_129_sa_subagent_001_1b1079c0_s0_turn_8 skipping — predecessor failed
2026-09-18 10:55:20,257 - inference_perf.datagen.replay.replay_graph_session_datagen - INFO - Event wekatrace122_6b47c7b9791176dede513203e7c5fe2cdd43:event_130_sa_subagent_001_1b1079c0_s0_turn_9 skipping — predecessor failed
2026-09-18 10:55:20,257 - inference_perf.datagen.replay.replay_graph_session_datagen - INFO - Event wekatrace122_6b47c7b9791176dede513203e7c5fe2cdd43:event_131_sa_subagent_001_1b1079c0_s0_turn_10 skipping — predecessor failed
2026-09-18 10:55:20,257 - inference_perf.datagen.replay.replay_graph_session_datagen - INFO - Event wekatrace122_6b47c7b9791176dede513203e7c5fe2cdd43:event_132_sa_subagent_001_1b1079c0_s0_turn_11 skipping — predecessor failed
2026-09-18 10:55:20,257 - inference_perf.datagen.replay.replay_graph_session_datagen - INFO - Event wekatrace122_6b47c7b9791176dede513203e7c5fe2cdd43:event_133_sa_subagent_001_1b1079c0_s0_turn_12 skipping — predecessor failed
2026-09-18 10:55:20,257 - inference_perf.datagen.replay.replay_graph_session_datagen - INFO - Event wekatrace122_6b47c7b9791176dede513203e7c5fe2cdd43:event_134_sa_subagent_001_1b1079c0_s0_turn_13 skipping — predecessor failed
2026-09-18 10:55:20,257 - inference_perf.datagen.replay.replay_graph_session_datagen - INFO - Event wekatrace122_6b47c7b9791176dede513203e7c5fe2cdd43:event_135_sa_subagent_001_1b1079c0_s0_turn_14 skipping — predecessor failed
2026-09-18 10:55:20,257 - inference_perf.datagen.replay.replay_graph_session_datagen - INFO - Event wekatrace122_6b47c7b9791176dede513203e7c5fe2cdd43:event_136_sa_subagent_001_1b1079c0_s0_turn_15 skipping — predecessor failed
2026-09-18 10:55:20,257 - inference_perf.datagen.replay.replay_graph_session_datagen - INFO - Event wekatrace122_6b47c7b9791176dede513203e7c5fe2cdd43:event_137_sa_subagent_001_1b1079c0_s0_turn_16 skipping — predecessor failed
2026-09-18 10:55:20,257 - inference_perf.datagen.replay.replay_graph_session_datagen - INFO - Event wekatrace122_6b47c7b9791176dede513203e7c5fe2cdd43:event_138_sa_subagent_001_1b1079c0_s0_turn_17 skipping — predecessor failed
2026-09-18 10:55:20,257 - inference_perf.datagen.replay.replay_graph_session_datagen - INFO - Event wekatrace122_6b47c7b9791176dede513203e7c5fe2cdd43:event_139_sa_subagent_001_1b1079c0_s0_turn_18 skipping — predecessor failed
2026-09-18 10:55:20,258 - inference_perf.datagen.replay.replay_graph_session_datagen - INFO - Event wekatrace122_6b47c7b9791176dede513203e7c5fe2cdd43:event_140_sa_subagent_001_1b1079c0_s0_turn_19 skipping — predecessor failed
2026-09-18 10:55:20,258 - inference_perf.datagen.replay.replay_graph_session_datagen - INFO - Event wekatrace122_6b47c7b9791176dede513203e7c5fe2cdd43:event_141_sa_subagent_001_1b1079c0_s0_turn_20 skipping — predecessor failed
2026-09-18 10:55:20,258 - inference_perf.datagen.replay.replay_graph_session_datagen - INFO - Event wekatrace122_6b47c7b9791176dede513203e7c5fe2cdd43:event_142_sa_subagent_001_1b1079c0_s0_turn_21 skipping — predecessor failed
2026-09-18 10:55:20,258 - inference_perf.datagen.replay.replay_graph_session_datagen - INFO - Event wekatrace122_6b47c7b9791176dede513203e7c5fe2cdd43:event_143_sa_subagent_001_1b1079c0_s0_turn_22 skipping — predecessor failed
2026-09-18 10:55:20,258 - inference_perf.datagen.replay.replay_graph_session_datagen - INFO - Event wekatrace122_6b47c7b9791176dede513203e7c5fe2cdd43:event_144_sa_subagent_001_1b1079c0_s0_turn_23 skipping — predecessor failed
2026-09-18 10:55:20,258 - inference_perf.datagen.replay.replay_graph_session_datagen - INFO - Event wekatrace122_6b47c7b9791176dede513203e7c5fe2cdd43:event_145_sa_subagent_001_1b1079c0_s0_turn_24 skipping — predecessor failed
2026-09-18 10:55:20,258 - inference_perf.datagen.replay.replay_graph_session_datagen - INFO - Event wekatrace122_6b47c7b9791176dede513203e7c5fe2cdd43:event_146_sa_subagent_001_1b1079c0_s0_turn_25 skipping — predecessor failed
2026-09-18 10:55:20,258 - inference_perf.datagen.replay.replay_graph_session_datagen - INFO - Event wekatrace122_6b47c7b9791176dede513203e7c5fe2cdd43:event_147_sa_subagent_001_1b1079c0_s0_turn_26 skipping — predecessor failed
2026-09-18 10:55:20,258 - inference_perf.datagen.replay.replay_graph_session_datagen - INFO - Event wekatrace122_6b47c7b9791176dede513203e7c5fe2cdd43:event_148_sa_subagent_001_1b1079c0_s0_turn_27 skipping — predecessor failed
2026-09-18 10:55:20,258 - inference_perf.datagen.replay.replay_graph_session_datagen - INFO - Event wekatrace122_6b47c7b9791176dede513203e7c5fe2cdd43:event_149_sa_subagent_001_1b1079c0_s0_turn_28 skipping — predecessor failed
2026-09-18 10:55:20,258 - inference_perf.datagen.replay.replay_graph_session_datagen - INFO - Event wekatrace122_6b47c7b9791176dede513203e7c5fe2cdd43:event_150_sa_subagent_001_1b1079c0_s0_turn_29 skipping — predecessor failed
2026-09-18 10:55:20,258 - inference_perf.datagen.replay.replay_graph_session_datagen - INFO - Event wekatrace122_6b47c7b9791176dede513203e7c5fe2cdd43:event_151_sa_subagent_002_871cff47_s0_turn_0 skipping — predecessor failed
2026-09-18 10:55:20,258 - inference_perf.datagen.replay.replay_graph_session_datagen - INFO - Event wekatrace122_6b47c7b9791176dede513203e7c5fe2cdd43:event_152_sa_subagent_002_871cff47_s0_turn_1 skipping — predecessor failed
2026-09-18 10:55:20,258 - inference_perf.datagen.replay.replay_graph_session_datagen - INFO - Event wekatrace122_6b47c7b9791176dede513203e7c5fe2cdd43:event_153_sa_subagent_002_871cff47_s0_turn_2 skipping — predecessor failed
2026-09-18 10:55:20,258 - inference_perf.datagen.replay.replay_graph_session_datagen - INFO - Event wekatrace122_6b47c7b9791176dede513203e7c5fe2cdd43:event_154_sa_subagent_002_871cff47_s0_turn_3 skipping — predecessor failed
2026-09-18 10:55:20,258 - inference_perf.datagen.replay.replay_graph_session_datagen - INFO - Event wekatrace122_6b47c7b9791176dede513203e7c5fe2cdd43:event_155_sa_subagent_002_871cff47_s0_turn_4 skipping — predecessor failed
2026-09-18 10:55:20,258 - inference_perf.datagen.replay.replay_graph_session_datagen - INFO - Event wekatrace122_6b47c7b9791176dede513203e7c5fe2cdd43:event_156_sa_subagent_002_871cff47_s0_turn_5 skipping — predecessor failed
2026-09-18 10:55:20,258 - inference_perf.datagen.replay.replay_graph_session_datagen - INFO - Event wekatrace122_6b47c7b9791176dede513203e7c5fe2cdd43:event_157_sa_subagent_002_871cff47_s0_turn_6 skipping — predecessor failed
2026-09-18 10:55:20,259 - inference_perf.datagen.replay.replay_graph_session_datagen - INFO - Event wekatrace122_6b47c7b9791176dede513203e7c5fe2cdd43:event_158_sa_subagent_002_871cff47_s0_turn_7 skipping — predecessor failed
2026-09-18 10:55:20,259 - inference_perf.datagen.replay.replay_graph_session_datagen - INFO - Event wekatrace122_6b47c7b9791176dede513203e7c5fe2cdd43:event_159_sa_subagent_002_871cff47_s0_turn_8 skipping — predecessor failed
2026-09-18 10:55:20,259 - inference_perf.datagen.replay.replay_graph_session_datagen - INFO - Event wekatrace122_6b47c7b9791176dede513203e7c5fe2cdd43:event_160_sa_subagent_002_871cff47_s0_turn_9 skipping — predecessor failed
2026-09-18 10:55:20,259 - inference_perf.datagen.replay.replay_graph_session_datagen - INFO - Event wekatrace122_6b47c7b9791176dede513203e7c5fe2cdd43:event_161_sa_subagent_002_871cff47_s0_turn_10 skipping — predecessor failed
2026-09-18 10:55:20,259 - inference_perf.datagen.replay.replay_graph_session_datagen - INFO - Event wekatrace122_6b47c7b9791176dede513203e7c5fe2cdd43:event_162_sa_subagent_002_871cff47_s0_turn_11 skipping — predecessor failed
2026-09-18 10:55:20,259 - inference_perf.datagen.replay.replay_graph_session_datagen - INFO - Event wekatrace122_6b47c7b9791176dede513203e7c5fe2cdd43:event_163_sa_subagent_002_871cff47_s0_turn_12 skipping — predecessor failed
2026-09-18 10:55:20,259 - inference_perf.datagen.replay.replay_graph_session_datagen - INFO - Event wekatrace122_6b47c7b9791176dede513203e7c5fe2cdd43:event_164_sa_subagent_002_871cff47_s0_turn_13 skipping — predecessor failed
2026-09-18 10:55:20,259 - inference_perf.datagen.replay.replay_graph_session_datagen - INFO - Event wekatrace122_6b47c7b9791176dede513203e7c5fe2cdd43:event_165_sa_subagent_002_871cff47_s0_turn_14 skipping — predecessor failed
2026-09-18 10:55:20,259 - inference_perf.datagen.replay.replay_graph_session_datagen - INFO - Event wekatrace122_6b47c7b9791176dede513203e7c5fe2cdd43:event_166_sa_subagent_002_871cff47_s0_turn_15 skipping — predecessor failed
2026-09-18 10:55:20,259 - inference_perf.datagen.replay.replay_graph_session_datagen - INFO - Event wekatrace122_6b47c7b9791176dede513203e7c5fe2cdd43:event_167_sa_subagent_002_871cff47_s0_turn_16 skipping — predecessor failed
2026-09-18 10:55:20,259 - inference_perf.datagen.replay.replay_graph_session_datagen - INFO - Event wekatrace122_6b47c7b9791176dede513203e7c5fe2cdd43:event_168_sa_subagent_002_871cff47_s0_turn_17 skipping — predecessor failed
2026-09-18 10:55:20,259 - inference_perf.datagen.replay.replay_graph_session_datagen - INFO - Event wekatrace122_6b47c7b9791176dede513203e7c5fe2cdd43:event_169_sa_subagent_003_e9b5af68_s0_turn_0 skipping — predecessor failed
2026-09-18 10:55:20,259 - inference_perf.datagen.replay.replay_graph_session_datagen - INFO - Event wekatrace122_6b47c7b9791176dede513203e7c5fe2cdd43:event_170_sa_subagent_003_e9b5af68_s0_turn_1 skipping — predecessor failed
2026-09-18 10:55:20,259 - inference_perf.datagen.replay.replay_graph_session_datagen - INFO - Event wekatrace122_6b47c7b9791176dede513203e7c5fe2cdd43:event_171_sa_subagent_003_e9b5af68_s0_turn_2 skipping — predecessor failed
2026-09-18 10:55:20,259 - inference_perf.datagen.replay.replay_graph_session_datagen - INFO - Event wekatrace122_6b47c7b9791176dede513203e7c5fe2cdd43:event_172_sa_subagent_003_e9b5af68_s0_turn_3 skipping — predecessor failed
2026-09-18 10:55:20,259 - inference_perf.datagen.replay.replay_graph_session_datagen - INFO - Event wekatrace122_6b47c7b9791176dede513203e7c5fe2cdd43:event_173_sa_subagent_003_e9b5af68_s0_turn_4 skipping — predecessor failed
2026-09-18 10:55:20,259 - inference_perf.datagen.replay.replay_graph_session_datagen - INFO - Event wekatrace122_6b47c7b9791176dede513203e7c5fe2cdd43:event_174_sa_subagent_003_e9b5af68_s0_turn_5 skipping — predecessor failed
2026-09-18 10:55:20,259 - inference_perf.datagen.replay.replay_graph_session_datagen - INFO - Event wekatrace122_6b47c7b9791176dede513203e7c5fe2cdd43:event_175_sa_subagent_003_e9b5af68_s0_turn_6 skipping — predecessor failed
2026-09-18 10:55:20,260 - inference_perf.datagen.replay.replay_graph_session_datagen - INFO - Event wekatrace122_6b47c7b9791176dede513203e7c5fe2cdd43:event_176_sa_subagent_003_e9b5af68_s0_turn_7 skipping — predecessor failed
2026-09-18 10:55:20,260 - inference_perf.datagen.replay.replay_graph_session_datagen - INFO - Event wekatrace122_6b47c7b9791176dede513203e7c5fe2cdd43:event_177_sa_subagent_003_e9b5af68_s0_turn_8 skipping — predecessor failed
2026-09-18 10:55:20,260 - inference_perf.datagen.replay.replay_graph_session_datagen - INFO - Event wekatrace122_6b47c7b9791176dede513203e7c5fe2cdd43:event_178_sa_subagent_003_e9b5af68_s0_turn_9 skipping — predecessor failed
2026-09-18 10:55:20,260 - inference_perf.datagen.replay.replay_graph_session_datagen - INFO - Event wekatrace122_6b47c7b9791176dede513203e7c5fe2cdd43:event_179_sa_subagent_003_e9b5af68_s0_turn_10 skipping — predecessor failed
2026-09-18 10:55:20,260 - inference_perf.datagen.replay.replay_graph_session_datagen - INFO - Event wekatrace122_6b47c7b9791176dede513203e7c5fe2cdd43:event_180_sa_subagent_003_e9b5af68_s0_turn_11 skipping — predecessor failed
2026-09-18 10:55:20,260 - inference_perf.datagen.replay.replay_graph_session_datagen - INFO - Event wekatrace122_6b47c7b9791176dede513203e7c5fe2cdd43:event_181_sa_subagent_003_e9b5af68_s0_turn_12 skipping — predecessor failed
2026-09-18 10:55:20,260 - inference_perf.datagen.replay.replay_graph_session_datagen - INFO - Event wekatrace122_6b47c7b9791176dede513203e7c5fe2cdd43:event_182_sa_subagent_003_e9b5af68_s0_turn_13 skipping — predecessor failed
2026-09-18 10:55:20,260 - inference_perf.datagen.replay.replay_graph_session_datagen - INFO - Event wekatrace122_6b47c7b9791176dede513203e7c5fe2cdd43:event_183_sa_subagent_003_e9b5af68_s0_turn_14 skipping — predecessor failed
2026-09-18 10:55:20,260 - inference_perf.datagen.replay.replay_graph_session_datagen - INFO - Event wekatrace122_6b47c7b9791176dede513203e7c5fe2cdd43:event_184_sa_subagent_003_e9b5af68_s0_turn_15 skipping — predecessor failed
2026-09-18 10:55:20,260 - inference_perf.datagen.replay.replay_graph_session_datagen - INFO - Event wekatrace122_6b47c7b9791176dede513203e7c5fe2cdd43:event_185_sa_subagent_003_e9b5af68_s0_turn_16 skipping — predecessor failed
2026-09-18 10:55:20,260 - inference_perf.datagen.replay.replay_graph_session_datagen - INFO - Event wekatrace122_6b47c7b9791176dede513203e7c5fe2cdd43:event_186_sa_subagent_003_e9b5af68_s0_turn_17 skipping — predecessor failed
2026-09-18 10:55:20,260 - inference_perf.datagen.replay.replay_graph_session_datagen - INFO - Event wekatrace122_6b47c7b9791176dede513203e7c5fe2cdd43:event_187_sa_subagent_003_e9b5af68_s0_turn_18 skipping — predecessor failed
2026-09-18 10:55:20,260 - inference_perf.datagen.replay.replay_graph_session_datagen - INFO - Event wekatrace122_6b47c7b9791176dede513203e7c5fe2cdd43:event_188_sa_subagent_003_e9b5af68_s0_turn_19 skipping — predecessor failed
2026-09-18 10:55:20,260 - inference_perf.datagen.replay.replay_graph_session_datagen - INFO - Event wekatrace122_6b47c7b9791176dede513203e7c5fe2cdd43:event_189_sa_subagent_003_e9b5af68_s0_turn_20 skipping — predecessor failed
2026-09-18 10:55:39,240 - inference_perf.datagen.replay.replay_graph_session_datagen - ERROR - Request failed for event wekatrace71_3eaabf7d2b95305a97f5da28d76bd8703c70:event_004_parent_turn_4: TimeoutError: 
2026-09-18 10:55:39,241 - inference_perf.datagen.replay.replay_graph_session_datagen - INFO - Session wekatrace71_3eaabf7d2b95305a97f5da28d76bd8703c70 failure notification sent to main process (cancelled_events=25)
2026-09-18 10:55:39,241 - inference_perf.client.modelserver.openai_client - ERROR - 
Traceback (most recent call last):
  File "/workspace/.venv/lib/python3.12/site-packages/aiohttp/streams.py", line 365, in _wait
    await waiter
asyncio.exceptions.CancelledError

The above exception was the direct cause of the following exception:

Traceback (most recent call last):
  File "/workspace/inference_perf/apis/streaming_parser.py", line 84, in parse_sse_stream
    async for chunk in response.content.iter_any():
  File "/workspace/.venv/lib/python3.12/site-packages/aiohttp/streams.py", line 46, in __anext__
    rv = await self.read_func()
         ^^^^^^^^^^^^^^^^^^^^^^
  File "/workspace/.venv/lib/python3.12/site-packages/aiohttp/streams.py", line 460, in readany
    await self._wait("readany")
  File "/workspace/.venv/lib/python3.12/site-packages/aiohttp/streams.py", line 364, in _wait
    with self._timer:
         ^^^^^^^^^^^
  File "/workspace/.venv/lib/python3.12/site-packages/aiohttp/helpers.py", line 759, in __exit__
    raise asyncio.TimeoutError from exc_val
TimeoutError

The above exception was the direct cause of the following exception:

Traceback (most recent call last):
  File "/workspace/inference_perf/client/modelserver/openai_client.py", line 557, in process_request
    info = await data.process_response(
           ^^^^^^^^^^^^^^^^^^^^^^^^^^^^
  File "/workspace/inference_perf/datagen/replay/replay_graph_session_datagen.py", line 1039, in process_response
    text_content, chunk_times, raw_content, response_chunks, server_usage = await parse_sse_stream(
                                                                            ^^^^^^^^^^^^^^^^^^^^^^^
  File "/workspace/inference_perf/apis/streaming_parser.py", line 119, in parse_sse_stream
    raise StreamInterruptedError(e, raw_content.decode("utf-8", errors="ignore")) from e
inference_perf.apis.streaming_parser.StreamInterruptedError
2026-09-18 10:55:39,244 - inference_perf.datagen.replay.replay_graph_session_datagen - INFO - Event wekatrace71_3eaabf7d2b95305a97f5da28d76bd8703c70:event_005_parent_turn_5 skipping — predecessor failed
2026-09-18 10:55:39,244 - inference_perf.datagen.replay.replay_graph_session_datagen - INFO - Event wekatrace71_3eaabf7d2b95305a97f5da28d76bd8703c70:event_006_parent_turn_6 skipping — predecessor failed
2026-09-18 10:55:39,244 - inference_perf.datagen.replay.replay_graph_session_datagen - INFO - Event wekatrace71_3eaabf7d2b95305a97f5da28d76bd8703c70:event_007_parent_turn_7 skipping — predecessor failed
2026-09-18 10:55:39,244 - inference_perf.datagen.replay.replay_graph_session_datagen - INFO - Event wekatrace71_3eaabf7d2b95305a97f5da28d76bd8703c70:event_008_parent_turn_8 skipping — predecessor failed
2026-09-18 10:55:39,244 - inference_perf.datagen.replay.replay_graph_session_datagen - INFO - Event wekatrace71_3eaabf7d2b95305a97f5da28d76bd8703c70:event_009_parent_turn_9 skipping — predecessor failed
2026-09-18 10:55:39,244 - inference_perf.datagen.replay.replay_graph_session_datagen - INFO - Event wekatrace71_3eaabf7d2b95305a97f5da28d76bd8703c70:event_010_parent_turn_10 skipping — predecessor failed
2026-09-18 10:55:39,244 - inference_perf.datagen.replay.replay_graph_session_datagen - INFO - Event wekatrace71_3eaabf7d2b95305a97f5da28d76bd8703c70:event_011_parent_turn_11 skipping — predecessor failed
2026-09-18 10:55:39,244 - inference_perf.datagen.replay.replay_graph_session_datagen - INFO - Event wekatrace71_3eaabf7d2b95305a97f5da28d76bd8703c70:event_012_parent_turn_12 skipping — predecessor failed
2026-09-18 10:55:39,244 - inference_perf.datagen.replay.replay_graph_session_datagen - INFO - Event wekatrace71_3eaabf7d2b95305a97f5da28d76bd8703c70:event_013_parent_turn_13 skipping — predecessor failed
2026-09-18 10:55:39,244 - inference_perf.datagen.replay.replay_graph_session_datagen - INFO - Event wekatrace71_3eaabf7d2b95305a97f5da28d76bd8703c70:event_014_parent_turn_14 skipping — predecessor failed
2026-09-18 10:55:39,244 - inference_perf.datagen.replay.replay_graph_session_datagen - INFO - Event wekatrace71_3eaabf7d2b95305a97f5da28d76bd8703c70:event_015_parent_turn_15 skipping — predecessor failed
2026-09-18 10:55:39,244 - inference_perf.datagen.replay.replay_graph_session_datagen - INFO - Event wekatrace71_3eaabf7d2b95305a97f5da28d76bd8703c70:event_016_parent_turn_16 skipping — predecessor failed
2026-09-18 10:55:39,244 - inference_perf.datagen.replay.replay_graph_session_datagen - INFO - Event wekatrace71_3eaabf7d2b95305a97f5da28d76bd8703c70:event_017_parent_turn_17 skipping — predecessor failed
2026-09-18 10:55:39,245 - inference_perf.datagen.replay.replay_graph_session_datagen - INFO - Event wekatrace71_3eaabf7d2b95305a97f5da28d76bd8703c70:event_018_parent_turn_18 skipping — predecessor failed
2026-09-18 10:55:39,246 - inference_perf.datagen.replay.replay_graph_session_datagen - INFO - Event wekatrace71_3eaabf7d2b95305a97f5da28d76bd8703c70:event_019_parent_turn_19 skipping — predecessor failed
2026-09-18 10:55:39,246 - inference_perf.datagen.replay.replay_graph_session_datagen - INFO - Event wekatrace71_3eaabf7d2b95305a97f5da28d76bd8703c70:event_020_parent_turn_20 skipping — predecessor failed
2026-09-18 10:55:39,246 - inference_perf.datagen.replay.replay_graph_session_datagen - INFO - Event wekatrace71_3eaabf7d2b95305a97f5da28d76bd8703c70:event_021_parent_turn_21 skipping — predecessor failed
2026-09-18 10:55:39,246 - inference_perf.datagen.replay.replay_graph_session_datagen - INFO - Event wekatrace71_3eaabf7d2b95305a97f5da28d76bd8703c70:event_022_parent_turn_22 skipping — predecessor failed
2026-09-18 10:55:39,246 - inference_perf.datagen.replay.replay_graph_session_datagen - INFO - Event wekatrace71_3eaabf7d2b95305a97f5da28d76bd8703c70:event_023_parent_turn_23 skipping — predecessor failed
2026-09-18 10:55:39,246 - inference_perf.datagen.replay.replay_graph_session_datagen - INFO - Event wekatrace71_3eaabf7d2b95305a97f5da28d76bd8703c70:event_024_parent_turn_24 skipping — predecessor failed
2026-09-18 10:55:39,246 - inference_perf.datagen.replay.replay_graph_session_datagen - INFO - Event wekatrace71_3eaabf7d2b95305a97f5da28d76bd8703c70:event_025_parent_turn_25 skipping — predecessor failed
2026-09-18 10:55:39,246 - inference_perf.datagen.replay.replay_graph_session_datagen - INFO - Event wekatrace71_3eaabf7d2b95305a97f5da28d76bd8703c70:event_026_parent_turn_26 skipping — predecessor failed
2026-09-18 10:55:39,246 - inference_perf.datagen.replay.replay_graph_session_datagen - INFO - Event wekatrace71_3eaabf7d2b95305a97f5da28d76bd8703c70:event_027_parent_turn_27 skipping — predecessor failed
2026-09-18 10:55:39,246 - inference_perf.datagen.replay.replay_graph_session_datagen - INFO - Event wekatrace71_3eaabf7d2b95305a97f5da28d76bd8703c70:event_028_parent_turn_28 skipping — predecessor failed
2026-09-18 10:55:39,246 - inference_perf.datagen.replay.replay_graph_session_datagen - INFO - Event wekatrace71_3eaabf7d2b95305a97f5da28d76bd8703c70:event_029_parent_turn_29 skipping — predecessor failed
2026-09-18 10:56:59,240 - inference_perf.datagen.replay.replay_graph_session_datagen - ERROR - Request failed for event wekatrace56_2e6fc2e7b28c2e567d9c2aa0a38586d494eb:event_001_parent_turn_1: TimeoutError: 
2026-09-18 10:56:59,241 - inference_perf.datagen.replay.replay_graph_session_datagen - INFO - Session wekatrace56_2e6fc2e7b28c2e567d9c2aa0a38586d494eb failure notification sent to main process (cancelled_events=69)
2026-09-18 10:56:59,241 - inference_perf.client.modelserver.openai_client - ERROR - 
Traceback (most recent call last):
  File "/workspace/.venv/lib/python3.12/site-packages/aiohttp/streams.py", line 365, in _wait
    await waiter
asyncio.exceptions.CancelledError

The above exception was the direct cause of the following exception:

Traceback (most recent call last):
  File "/workspace/inference_perf/apis/streaming_parser.py", line 84, in parse_sse_stream
    async for chunk in response.content.iter_any():
  File "/workspace/.venv/lib/python3.12/site-packages/aiohttp/streams.py", line 46, in __anext__
    rv = await self.read_func()
         ^^^^^^^^^^^^^^^^^^^^^^
  File "/workspace/.venv/lib/python3.12/site-packages/aiohttp/streams.py", line 460, in readany
    await self._wait("readany")
  File "/workspace/.venv/lib/python3.12/site-packages/aiohttp/streams.py", line 364, in _wait
    with self._timer:
         ^^^^^^^^^^^
  File "/workspace/.venv/lib/python3.12/site-packages/aiohttp/helpers.py", line 759, in __exit__
    raise asyncio.TimeoutError from exc_val
TimeoutError

The above exception was the direct cause of the following exception:

Traceback (most recent call last):
  File "/workspace/inference_perf/client/modelserver/openai_client.py", line 557, in process_request
    info = await data.process_response(
           ^^^^^^^^^^^^^^^^^^^^^^^^^^^^
  File "/workspace/inference_perf/datagen/replay/replay_graph_session_datagen.py", line 1039, in process_response
    text_content, chunk_times, raw_content, response_chunks, server_usage = await parse_sse_stream(
                                                                            ^^^^^^^^^^^^^^^^^^^^^^^
  File "/workspace/inference_perf/apis/streaming_parser.py", line 119, in parse_sse_stream
    raise StreamInterruptedError(e, raw_content.decode("utf-8", errors="ignore")) from e
inference_perf.apis.streaming_parser.StreamInterruptedError
2026-09-18 10:56:59,243 - inference_perf.datagen.replay.replay_graph_session_datagen - INFO - Event wekatrace56_2e6fc2e7b28c2e567d9c2aa0a38586d494eb:event_002_parent_turn_2 skipping — predecessor failed
2026-09-18 10:56:59,243 - inference_perf.datagen.replay.replay_graph_session_datagen - INFO - Event wekatrace56_2e6fc2e7b28c2e567d9c2aa0a38586d494eb:event_003_parent_turn_3 skipping — predecessor failed
2026-09-18 10:56:59,243 - inference_perf.datagen.replay.replay_graph_session_datagen - INFO - Event wekatrace56_2e6fc2e7b28c2e567d9c2aa0a38586d494eb:event_004_parent_turn_4 skipping — predecessor failed
2026-09-18 10:56:59,243 - inference_perf.datagen.replay.replay_graph_session_datagen - INFO - Event wekatrace56_2e6fc2e7b28c2e567d9c2aa0a38586d494eb:event_005_parent_turn_5 skipping — predecessor failed
2026-09-18 10:56:59,243 - inference_perf.datagen.replay.replay_graph_session_datagen - INFO - Event wekatrace56_2e6fc2e7b28c2e567d9c2aa0a38586d494eb:event_006_parent_turn_6 skipping — predecessor failed
2026-09-18 10:56:59,243 - inference_perf.datagen.replay.replay_graph_session_datagen - INFO - Event wekatrace56_2e6fc2e7b28c2e567d9c2aa0a38586d494eb:event_007_parent_turn_7 skipping — predecessor failed
2026-09-18 10:56:59,243 - inference_perf.datagen.replay.replay_graph_session_datagen - INFO - Event wekatrace56_2e6fc2e7b28c2e567d9c2aa0a38586d494eb:event_008_parent_turn_8 skipping — predecessor failed
2026-09-18 10:56:59,243 - inference_perf.datagen.replay.replay_graph_session_datagen - INFO - Event wekatrace56_2e6fc2e7b28c2e567d9c2aa0a38586d494eb:event_009_parent_turn_9 skipping — predecessor failed
2026-09-18 10:56:59,243 - inference_perf.datagen.replay.replay_graph_session_datagen - INFO - Event wekatrace56_2e6fc2e7b28c2e567d9c2aa0a38586d494eb:event_010_parent_turn_10 skipping — predecessor failed
2026-09-18 10:56:59,244 - inference_perf.datagen.replay.replay_graph_session_datagen - INFO - Event wekatrace56_2e6fc2e7b28c2e567d9c2aa0a38586d494eb:event_011_parent_turn_11 skipping — predecessor failed
2026-09-18 10:56:59,244 - inference_perf.datagen.replay.replay_graph_session_datagen - INFO - Event wekatrace56_2e6fc2e7b28c2e567d9c2aa0a38586d494eb:event_012_parent_turn_12 skipping — predecessor failed
2026-09-18 10:56:59,244 - inference_perf.datagen.replay.replay_graph_session_datagen - INFO - Event wekatrace56_2e6fc2e7b28c2e567d9c2aa0a38586d494eb:event_013_parent_turn_13 skipping — predecessor failed
2026-09-18 10:56:59,244 - inference_perf.datagen.replay.replay_graph_session_datagen - INFO - Event wekatrace56_2e6fc2e7b28c2e567d9c2aa0a38586d494eb:event_014_parent_turn_14 skipping — predecessor failed
2026-09-18 10:56:59,244 - inference_perf.datagen.replay.replay_graph_session_datagen - INFO - Event wekatrace56_2e6fc2e7b28c2e567d9c2aa0a38586d494eb:event_015_parent_turn_15 skipping — predecessor failed
2026-09-18 10:56:59,244 - inference_perf.datagen.replay.replay_graph_session_datagen - INFO - Event wekatrace56_2e6fc2e7b28c2e567d9c2aa0a38586d494eb:event_016_parent_turn_16 skipping — predecessor failed
2026-09-18 10:56:59,244 - inference_perf.datagen.replay.replay_graph_session_datagen - INFO - Event wekatrace56_2e6fc2e7b28c2e567d9c2aa0a38586d494eb:event_017_parent_turn_17 skipping — predecessor failed
2026-09-18 10:56:59,244 - inference_perf.datagen.replay.replay_graph_session_datagen - INFO - Event wekatrace56_2e6fc2e7b28c2e567d9c2aa0a38586d494eb:event_018_parent_turn_18 skipping — predecessor failed
2026-09-18 10:56:59,244 - inference_perf.datagen.replay.replay_graph_session_datagen - INFO - Event wekatrace56_2e6fc2e7b28c2e567d9c2aa0a38586d494eb:event_019_parent_turn_19 skipping — predecessor failed
2026-09-18 10:56:59,244 - inference_perf.datagen.replay.replay_graph_session_datagen - INFO - Event wekatrace56_2e6fc2e7b28c2e567d9c2aa0a38586d494eb:event_020_parent_turn_20 skipping — predecessor failed
2026-09-18 10:56:59,244 - inference_perf.datagen.replay.replay_graph_session_datagen - INFO - Event wekatrace56_2e6fc2e7b28c2e567d9c2aa0a38586d494eb:event_021_parent_turn_21 skipping — predecessor failed
2026-09-18 10:56:59,244 - inference_perf.datagen.replay.replay_graph_session_datagen - INFO - Event wekatrace56_2e6fc2e7b28c2e567d9c2aa0a38586d494eb:event_022_parent_turn_22 skipping — predecessor failed
2026-09-18 10:56:59,244 - inference_perf.datagen.replay.replay_graph_session_datagen - INFO - Event wekatrace56_2e6fc2e7b28c2e567d9c2aa0a38586d494eb:event_023_parent_turn_23 skipping — predecessor failed
2026-09-18 10:56:59,244 - inference_perf.datagen.replay.replay_graph_session_datagen - INFO - Event wekatrace56_2e6fc2e7b28c2e567d9c2aa0a38586d494eb:event_024_parent_turn_24 skipping — predecessor failed
2026-09-18 10:56:59,244 - inference_perf.datagen.replay.replay_graph_session_datagen - INFO - Event wekatrace56_2e6fc2e7b28c2e567d9c2aa0a38586d494eb:event_025_parent_turn_25 skipping — predecessor failed
2026-09-18 10:56:59,244 - inference_perf.datagen.replay.replay_graph_session_datagen - INFO - Event wekatrace56_2e6fc2e7b28c2e567d9c2aa0a38586d494eb:event_026_parent_turn_26 skipping — predecessor failed
2026-09-18 10:56:59,244 - inference_perf.datagen.replay.replay_graph_session_datagen - INFO - Event wekatrace56_2e6fc2e7b28c2e567d9c2aa0a38586d494eb:event_027_parent_turn_27 skipping — predecessor failed
2026-09-18 10:56:59,244 - inference_perf.datagen.replay.replay_graph_session_datagen - INFO - Event wekatrace56_2e6fc2e7b28c2e567d9c2aa0a38586d494eb:event_028_parent_turn_28 skipping — predecessor failed
2026-09-18 10:56:59,245 - inference_perf.datagen.replay.replay_graph_session_datagen - INFO - Event wekatrace56_2e6fc2e7b28c2e567d9c2aa0a38586d494eb:event_029_parent_turn_29 skipping — predecessor failed
2026-09-18 10:56:59,245 - inference_perf.datagen.replay.replay_graph_session_datagen - INFO - Event wekatrace56_2e6fc2e7b28c2e567d9c2aa0a38586d494eb:event_030_parent_turn_30 skipping — predecessor failed
2026-09-18 10:56:59,245 - inference_perf.datagen.replay.replay_graph_session_datagen - INFO - Event wekatrace56_2e6fc2e7b28c2e567d9c2aa0a38586d494eb:event_031_parent_turn_31 skipping — predecessor failed
2026-09-18 10:56:59,245 - inference_perf.datagen.replay.replay_graph_session_datagen - INFO - Event wekatrace56_2e6fc2e7b28c2e567d9c2aa0a38586d494eb:event_032_parent_turn_32 skipping — predecessor failed
2026-09-18 10:56:59,245 - inference_perf.datagen.replay.replay_graph_session_datagen - INFO - Event wekatrace56_2e6fc2e7b28c2e567d9c2aa0a38586d494eb:event_033_parent_turn_33 skipping — predecessor failed
2026-09-18 10:56:59,245 - inference_perf.datagen.replay.replay_graph_session_datagen - INFO - Event wekatrace56_2e6fc2e7b28c2e567d9c2aa0a38586d494eb:event_034_parent_turn_34 skipping — predecessor failed
2026-09-18 10:56:59,245 - inference_perf.datagen.replay.replay_graph_session_datagen - INFO - Event wekatrace56_2e6fc2e7b28c2e567d9c2aa0a38586d494eb:event_035_parent_turn_35 skipping — predecessor failed
2026-09-18 10:56:59,245 - inference_perf.datagen.replay.replay_graph_session_datagen - INFO - Event wekatrace56_2e6fc2e7b28c2e567d9c2aa0a38586d494eb:event_036_parent_turn_36 skipping — predecessor failed
2026-09-18 10:56:59,245 - inference_perf.datagen.replay.replay_graph_session_datagen - INFO - Event wekatrace56_2e6fc2e7b28c2e567d9c2aa0a38586d494eb:event_037_parent_turn_37 skipping — predecessor failed
2026-09-18 10:56:59,245 - inference_perf.datagen.replay.replay_graph_session_datagen - INFO - Event wekatrace56_2e6fc2e7b28c2e567d9c2aa0a38586d494eb:event_038_parent_turn_38 skipping — predecessor failed
2026-09-18 10:56:59,245 - inference_perf.datagen.replay.replay_graph_session_datagen - INFO - Event wekatrace56_2e6fc2e7b28c2e567d9c2aa0a38586d494eb:event_039_parent_turn_39 skipping — predecessor failed
2026-09-18 10:56:59,245 - inference_perf.datagen.replay.replay_graph_session_datagen - INFO - Event wekatrace56_2e6fc2e7b28c2e567d9c2aa0a38586d494eb:event_040_parent_turn_40 skipping — predecessor failed
2026-09-18 10:56:59,245 - inference_perf.datagen.replay.replay_graph_session_datagen - INFO - Event wekatrace56_2e6fc2e7b28c2e567d9c2aa0a38586d494eb:event_041_parent_turn_41 skipping — predecessor failed
2026-09-18 10:56:59,245 - inference_perf.datagen.replay.replay_graph_session_datagen - INFO - Event wekatrace56_2e6fc2e7b28c2e567d9c2aa0a38586d494eb:event_042_parent_turn_42 skipping — predecessor failed
2026-09-18 10:56:59,245 - inference_perf.datagen.replay.replay_graph_session_datagen - INFO - Event wekatrace56_2e6fc2e7b28c2e567d9c2aa0a38586d494eb:event_043_parent_turn_43 skipping — predecessor failed
2026-09-18 10:56:59,245 - inference_perf.datagen.replay.replay_graph_session_datagen - INFO - Event wekatrace56_2e6fc2e7b28c2e567d9c2aa0a38586d494eb:event_044_parent_turn_44 skipping — predecessor failed
2026-09-18 10:56:59,245 - inference_perf.datagen.replay.replay_graph_session_datagen - INFO - Event wekatrace56_2e6fc2e7b28c2e567d9c2aa0a38586d494eb:event_045_parent_turn_45 skipping — predecessor failed
2026-09-18 10:56:59,245 - inference_perf.datagen.replay.replay_graph_session_datagen - INFO - Event wekatrace56_2e6fc2e7b28c2e567d9c2aa0a38586d494eb:event_046_parent_turn_46 skipping — predecessor failed
2026-09-18 10:56:59,245 - inference_perf.datagen.replay.replay_graph_session_datagen - INFO - Event wekatrace56_2e6fc2e7b28c2e567d9c2aa0a38586d494eb:event_047_parent_turn_47 skipping — predecessor failed
2026-09-18 10:56:59,245 - inference_perf.datagen.replay.replay_graph_session_datagen - INFO - Event wekatrace56_2e6fc2e7b28c2e567d9c2aa0a38586d494eb:event_048_parent_turn_48 skipping — predecessor failed
2026-09-18 10:56:59,246 - inference_perf.datagen.replay.replay_graph_session_datagen - INFO - Event wekatrace56_2e6fc2e7b28c2e567d9c2aa0a38586d494eb:event_049_parent_turn_49 skipping — predecessor failed
2026-09-18 10:56:59,246 - inference_perf.datagen.replay.replay_graph_session_datagen - INFO - Event wekatrace56_2e6fc2e7b28c2e567d9c2aa0a38586d494eb:event_050_parent_turn_50 skipping — predecessor failed
2026-09-18 10:56:59,246 - inference_perf.datagen.replay.replay_graph_session_datagen - INFO - Event wekatrace56_2e6fc2e7b28c2e567d9c2aa0a38586d494eb:event_051_parent_turn_51 skipping — predecessor failed
2026-09-18 10:56:59,246 - inference_perf.datagen.replay.replay_graph_session_datagen - INFO - Event wekatrace56_2e6fc2e7b28c2e567d9c2aa0a38586d494eb:event_052_parent_turn_52 skipping — predecessor failed
2026-09-18 10:56:59,246 - inference_perf.datagen.replay.replay_graph_session_datagen - INFO - Event wekatrace56_2e6fc2e7b28c2e567d9c2aa0a38586d494eb:event_053_parent_turn_53 skipping — predecessor failed
2026-09-18 10:56:59,246 - inference_perf.datagen.replay.replay_graph_session_datagen - INFO - Event wekatrace56_2e6fc2e7b28c2e567d9c2aa0a38586d494eb:event_054_parent_turn_54 skipping — predecessor failed
2026-09-18 10:56:59,246 - inference_perf.datagen.replay.replay_graph_session_datagen - INFO - Event wekatrace56_2e6fc2e7b28c2e567d9c2aa0a38586d494eb:event_055_parent_turn_55 skipping — predecessor failed
2026-09-18 10:56:59,246 - inference_perf.datagen.replay.replay_graph_session_datagen - INFO - Event wekatrace56_2e6fc2e7b28c2e567d9c2aa0a38586d494eb:event_056_parent_turn_56 skipping — predecessor failed
2026-09-18 10:56:59,246 - inference_perf.datagen.replay.replay_graph_session_datagen - INFO - Event wekatrace56_2e6fc2e7b28c2e567d9c2aa0a38586d494eb:event_057_parent_turn_57 skipping — predecessor failed
2026-09-18 10:56:59,246 - inference_perf.datagen.replay.replay_graph_session_datagen - INFO - Event wekatrace56_2e6fc2e7b28c2e567d9c2aa0a38586d494eb:event_058_parent_turn_58 skipping — predecessor failed
2026-09-18 10:56:59,246 - inference_perf.datagen.replay.replay_graph_session_datagen - INFO - Event wekatrace56_2e6fc2e7b28c2e567d9c2aa0a38586d494eb:event_059_parent_turn_59 skipping — predecessor failed
2026-09-18 10:56:59,246 - inference_perf.datagen.replay.replay_graph_session_datagen - INFO - Event wekatrace56_2e6fc2e7b28c2e567d9c2aa0a38586d494eb:event_060_parent_turn_60 skipping — predecessor failed
2026-09-18 10:56:59,246 - inference_perf.datagen.replay.replay_graph_session_datagen - INFO - Event wekatrace56_2e6fc2e7b28c2e567d9c2aa0a38586d494eb:event_061_parent_turn_61 skipping — predecessor failed
2026-09-18 10:56:59,246 - inference_perf.datagen.replay.replay_graph_session_datagen - INFO - Event wekatrace56_2e6fc2e7b28c2e567d9c2aa0a38586d494eb:event_062_parent_turn_62 skipping — predecessor failed
2026-09-18 10:56:59,246 - inference_perf.datagen.replay.replay_graph_session_datagen - INFO - Event wekatrace56_2e6fc2e7b28c2e567d9c2aa0a38586d494eb:event_063_parent_turn_63 skipping — predecessor failed
2026-09-18 10:56:59,246 - inference_perf.datagen.replay.replay_graph_session_datagen - INFO - Event wekatrace56_2e6fc2e7b28c2e567d9c2aa0a38586d494eb:event_064_parent_turn_64 skipping — predecessor failed
2026-09-18 10:56:59,246 - inference_perf.datagen.replay.replay_graph_session_datagen - INFO - Event wekatrace56_2e6fc2e7b28c2e567d9c2aa0a38586d494eb:event_065_parent_turn_65 skipping — predecessor failed
2026-09-18 10:56:59,246 - inference_perf.datagen.replay.replay_graph_session_datagen - INFO - Event wekatrace56_2e6fc2e7b28c2e567d9c2aa0a38586d494eb:event_066_parent_turn_66 skipping — predecessor failed
2026-09-18 10:56:59,247 - inference_perf.datagen.replay.replay_graph_session_datagen - INFO - Event wekatrace56_2e6fc2e7b28c2e567d9c2aa0a38586d494eb:event_067_parent_turn_67 skipping — predecessor failed
2026-09-18 10:56:59,247 - inference_perf.datagen.replay.replay_graph_session_datagen - INFO - Event wekatrace56_2e6fc2e7b28c2e567d9c2aa0a38586d494eb:event_068_parent_turn_68 skipping — predecessor failed
2026-09-18 10:56:59,247 - inference_perf.datagen.replay.replay_graph_session_datagen - INFO - Event wekatrace56_2e6fc2e7b28c2e567d9c2aa0a38586d494eb:event_069_parent_turn_69 skipping — predecessor failed
2026-09-18 10:56:59,247 - inference_perf.datagen.replay.replay_graph_session_datagen - INFO - Event wekatrace56_2e6fc2e7b28c2e567d9c2aa0a38586d494eb:event_070_parent_turn_70 skipping — predecessor failed
2026-09-18 10:57:57,241 - inference_perf.datagen.replay.replay_graph_session_datagen - ERROR - Request failed for event wekatrace328_f722d51bf73ac8b7b55451d2fde8bea2fb3f:event_010_parent_turn_10: TimeoutError: 
2026-09-18 10:57:57,241 - inference_perf.datagen.replay.replay_graph_session_datagen - INFO - Session wekatrace328_f722d51bf73ac8b7b55451d2fde8bea2fb3f failure notification sent to main process (cancelled_events=72)
2026-09-18 10:57:57,241 - inference_perf.client.modelserver.openai_client - ERROR - 
Traceback (most recent call last):
  File "/workspace/.venv/lib/python3.12/site-packages/aiohttp/streams.py", line 365, in _wait
    await waiter
asyncio.exceptions.CancelledError

The above exception was the direct cause of the following exception:

Traceback (most recent call last):
  File "/workspace/inference_perf/apis/streaming_parser.py", line 84, in parse_sse_stream
    async for chunk in response.content.iter_any():
  File "/workspace/.venv/lib/python3.12/site-packages/aiohttp/streams.py", line 46, in __anext__
    rv = await self.read_func()
         ^^^^^^^^^^^^^^^^^^^^^^
  File "/workspace/.venv/lib/python3.12/site-packages/aiohttp/streams.py", line 460, in readany
    await self._wait("readany")
  File "/workspace/.venv/lib/python3.12/site-packages/aiohttp/streams.py", line 364, in _wait
    with self._timer:
         ^^^^^^^^^^^
  File "/workspace/.venv/lib/python3.12/site-packages/aiohttp/helpers.py", line 759, in __exit__
    raise asyncio.TimeoutError from exc_val
TimeoutError

The above exception was the direct cause of the following exception:

Traceback (most recent call last):
  File "/workspace/inference_perf/client/modelserver/openai_client.py", line 557, in process_request
    info = await data.process_response(
           ^^^^^^^^^^^^^^^^^^^^^^^^^^^^
  File "/workspace/inference_perf/datagen/replay/replay_graph_session_datagen.py", line 1039, in process_response
    text_content, chunk_times, raw_content, response_chunks, server_usage = await parse_sse_stream(
                                                                            ^^^^^^^^^^^^^^^^^^^^^^^
  File "/workspace/inference_perf/apis/streaming_parser.py", line 119, in parse_sse_stream
    raise StreamInterruptedError(e, raw_content.decode("utf-8", errors="ignore")) from e
inference_perf.apis.streaming_parser.StreamInterruptedError
2026-09-18 10:57:57,243 - inference_perf.datagen.replay.replay_graph_session_datagen - INFO - Event wekatrace328_f722d51bf73ac8b7b55451d2fde8bea2fb3f:event_011_parent_turn_11 skipping — predecessor failed
2026-09-18 10:57:57,243 - inference_perf.datagen.replay.replay_graph_session_datagen - INFO - Event wekatrace328_f722d51bf73ac8b7b55451d2fde8bea2fb3f:event_012_parent_turn_12 skipping — predecessor failed
2026-09-18 10:57:57,243 - inference_perf.datagen.replay.replay_graph_session_datagen - INFO - Event wekatrace328_f722d51bf73ac8b7b55451d2fde8bea2fb3f:event_013_parent_turn_13 skipping — predecessor failed
2026-09-18 10:57:57,244 - inference_perf.datagen.replay.replay_graph_session_datagen - INFO - Event wekatrace328_f722d51bf73ac8b7b55451d2fde8bea2fb3f:event_014_parent_turn_14 skipping — predecessor failed
2026-09-18 10:57:57,244 - inference_perf.datagen.replay.replay_graph_session_datagen - INFO - Event wekatrace328_f722d51bf73ac8b7b55451d2fde8bea2fb3f:event_015_parent_turn_15 skipping — predecessor failed
2026-09-18 10:57:57,244 - inference_perf.datagen.replay.replay_graph_session_datagen - INFO - Event wekatrace328_f722d51bf73ac8b7b55451d2fde8bea2fb3f:event_016_parent_turn_16 skipping — predecessor failed
2026-09-18 10:57:57,244 - inference_perf.datagen.replay.replay_graph_session_datagen - INFO - Event wekatrace328_f722d51bf73ac8b7b55451d2fde8bea2fb3f:event_017_parent_turn_17 skipping — predecessor failed
2026-09-18 10:57:57,244 - inference_perf.datagen.replay.replay_graph_session_datagen - INFO - Event wekatrace328_f722d51bf73ac8b7b55451d2fde8bea2fb3f:event_018_parent_turn_18 skipping — predecessor failed
2026-09-18 10:57:57,244 - inference_perf.datagen.replay.replay_graph_session_datagen - INFO - Event wekatrace328_f722d51bf73ac8b7b55451d2fde8bea2fb3f:event_019_parent_turn_19 skipping — predecessor failed
2026-09-18 10:57:57,244 - inference_perf.datagen.replay.replay_graph_session_datagen - INFO - Event wekatrace328_f722d51bf73ac8b7b55451d2fde8bea2fb3f:event_020_parent_turn_20 skipping — predecessor failed
2026-09-18 10:57:57,244 - inference_perf.datagen.replay.replay_graph_session_datagen - INFO - Event wekatrace328_f722d51bf73ac8b7b55451d2fde8bea2fb3f:event_021_parent_turn_21 skipping — predecessor failed
2026-09-18 10:57:57,244 - inference_perf.datagen.replay.replay_graph_session_datagen - INFO - Event wekatrace328_f722d51bf73ac8b7b55451d2fde8bea2fb3f:event_022_parent_turn_22 skipping — predecessor failed
2026-09-18 10:57:57,244 - inference_perf.datagen.replay.replay_graph_session_datagen - INFO - Event wekatrace328_f722d51bf73ac8b7b55451d2fde8bea2fb3f:event_023_parent_turn_23 skipping — predecessor failed
2026-09-18 10:57:57,244 - inference_perf.datagen.replay.replay_graph_session_datagen - INFO - Event wekatrace328_f722d51bf73ac8b7b55451d2fde8bea2fb3f:event_024_parent_turn_24 skipping — predecessor failed
2026-09-18 10:57:57,244 - inference_perf.datagen.replay.replay_graph_session_datagen - INFO - Event wekatrace328_f722d51bf73ac8b7b55451d2fde8bea2fb3f:event_025_parent_turn_25 skipping — predecessor failed
2026-09-18 10:57:57,244 - inference_perf.datagen.replay.replay_graph_session_datagen - INFO - Event wekatrace328_f722d51bf73ac8b7b55451d2fde8bea2fb3f:event_026_parent_turn_26 skipping — predecessor failed
2026-09-18 10:57:57,244 - inference_perf.datagen.replay.replay_graph_session_datagen - INFO - Event wekatrace328_f722d51bf73ac8b7b55451d2fde8bea2fb3f:event_027_parent_turn_27 skipping — predecessor failed
2026-09-18 10:57:57,244 - inference_perf.datagen.replay.replay_graph_session_datagen - INFO - Event wekatrace328_f722d51bf73ac8b7b55451d2fde8bea2fb3f:event_028_parent_turn_28 skipping — predecessor failed
2026-09-18 10:57:57,245 - inference_perf.datagen.replay.replay_graph_session_datagen - INFO - Event wekatrace328_f722d51bf73ac8b7b55451d2fde8bea2fb3f:event_029_parent_turn_29 skipping — predecessor failed
2026-09-18 10:57:57,245 - inference_perf.datagen.replay.replay_graph_session_datagen - INFO - Event wekatrace328_f722d51bf73ac8b7b55451d2fde8bea2fb3f:event_030_parent_turn_30 skipping — predecessor failed
2026-09-18 10:57:57,245 - inference_perf.datagen.replay.replay_graph_session_datagen - INFO - Event wekatrace328_f722d51bf73ac8b7b55451d2fde8bea2fb3f:event_031_parent_turn_31 skipping — predecessor failed
2026-09-18 10:57:57,245 - inference_perf.datagen.replay.replay_graph_session_datagen - INFO - Event wekatrace328_f722d51bf73ac8b7b55451d2fde8bea2fb3f:event_032_parent_turn_32 skipping — predecessor failed
2026-09-18 10:57:57,245 - inference_perf.datagen.replay.replay_graph_session_datagen - INFO - Event wekatrace328_f722d51bf73ac8b7b55451d2fde8bea2fb3f:event_033_parent_turn_33 skipping — predecessor failed
2026-09-18 10:57:57,245 - inference_perf.datagen.replay.replay_graph_session_datagen - INFO - Event wekatrace328_f722d51bf73ac8b7b55451d2fde8bea2fb3f:event_034_parent_turn_34 skipping — predecessor failed
2026-09-18 10:57:57,245 - inference_perf.datagen.replay.replay_graph_session_datagen - INFO - Event wekatrace328_f722d51bf73ac8b7b55451d2fde8bea2fb3f:event_035_parent_turn_35 skipping — predecessor failed
2026-09-18 10:57:57,245 - inference_perf.datagen.replay.replay_graph_session_datagen - INFO - Event wekatrace328_f722d51bf73ac8b7b55451d2fde8bea2fb3f:event_036_parent_turn_36 skipping — predecessor failed
2026-09-18 10:57:57,245 - inference_perf.datagen.replay.replay_graph_session_datagen - INFO - Event wekatrace328_f722d51bf73ac8b7b55451d2fde8bea2fb3f:event_037_parent_turn_37 skipping — predecessor failed
2026-09-18 10:57:57,245 - inference_perf.datagen.replay.replay_graph_session_datagen - INFO - Event wekatrace328_f722d51bf73ac8b7b55451d2fde8bea2fb3f:event_038_parent_turn_38 skipping — predecessor failed
2026-09-18 10:57:57,245 - inference_perf.datagen.replay.replay_graph_session_datagen - INFO - Event wekatrace328_f722d51bf73ac8b7b55451d2fde8bea2fb3f:event_039_parent_turn_39 skipping — predecessor failed
2026-09-18 10:57:57,245 - inference_perf.datagen.replay.replay_graph_session_datagen - INFO - Event wekatrace328_f722d51bf73ac8b7b55451d2fde8bea2fb3f:event_040_parent_turn_40 skipping — predecessor failed
2026-09-18 10:57:57,245 - inference_perf.datagen.replay.replay_graph_session_datagen - INFO - Event wekatrace328_f722d51bf73ac8b7b55451d2fde8bea2fb3f:event_041_parent_turn_41 skipping — predecessor failed
2026-09-18 10:57:57,246 - inference_perf.datagen.replay.replay_graph_session_datagen - INFO - Event wekatrace328_f722d51bf73ac8b7b55451d2fde8bea2fb3f:event_042_parent_turn_42 skipping — predecessor failed
2026-09-18 10:57:57,246 - inference_perf.datagen.replay.replay_graph_session_datagen - INFO - Event wekatrace328_f722d51bf73ac8b7b55451d2fde8bea2fb3f:event_043_parent_turn_43 skipping — predecessor failed
2026-09-18 10:57:57,246 - inference_perf.datagen.replay.replay_graph_session_datagen - INFO - Event wekatrace328_f722d51bf73ac8b7b55451d2fde8bea2fb3f:event_044_parent_turn_44 skipping — predecessor failed
2026-09-18 10:57:57,246 - inference_perf.datagen.replay.replay_graph_session_datagen - INFO - Event wekatrace328_f722d51bf73ac8b7b55451d2fde8bea2fb3f:event_045_parent_turn_45 skipping — predecessor failed
2026-09-18 10:57:57,246 - inference_perf.datagen.replay.replay_graph_session_datagen - INFO - Event wekatrace328_f722d51bf73ac8b7b55451d2fde8bea2fb3f:event_046_parent_turn_46 skipping — predecessor failed
2026-09-18 10:57:57,246 - inference_perf.datagen.replay.replay_graph_session_datagen - INFO - Event wekatrace328_f722d51bf73ac8b7b55451d2fde8bea2fb3f:event_047_parent_turn_47 skipping — predecessor failed
2026-09-18 10:57:57,246 - inference_perf.datagen.replay.replay_graph_session_datagen - INFO - Event wekatrace328_f722d51bf73ac8b7b55451d2fde8bea2fb3f:event_048_parent_turn_48 skipping — predecessor failed
2026-09-18 10:57:57,246 - inference_perf.datagen.replay.replay_graph_session_datagen - INFO - Event wekatrace328_f722d51bf73ac8b7b55451d2fde8bea2fb3f:event_049_parent_turn_49 skipping — predecessor failed
2026-09-18 10:57:57,246 - inference_perf.datagen.replay.replay_graph_session_datagen - INFO - Event wekatrace328_f722d51bf73ac8b7b55451d2fde8bea2fb3f:event_050_parent_turn_50 skipping — predecessor failed
2026-09-18 10:57:57,246 - inference_perf.datagen.replay.replay_graph_session_datagen - INFO - Event wekatrace328_f722d51bf73ac8b7b55451d2fde8bea2fb3f:event_051_parent_turn_51 skipping — predecessor failed
2026-09-18 10:57:57,246 - inference_perf.datagen.replay.replay_graph_session_datagen - INFO - Event wekatrace328_f722d51bf73ac8b7b55451d2fde8bea2fb3f:event_052_parent_turn_52 skipping — predecessor failed
2026-09-18 10:57:57,246 - inference_perf.datagen.replay.replay_graph_session_datagen - INFO - Event wekatrace328_f722d51bf73ac8b7b55451d2fde8bea2fb3f:event_053_parent_turn_53 skipping — predecessor failed
2026-09-18 10:57:57,246 - inference_perf.datagen.replay.replay_graph_session_datagen - INFO - Event wekatrace328_f722d51bf73ac8b7b55451d2fde8bea2fb3f:event_054_parent_turn_54 skipping — predecessor failed
2026-09-18 10:57:57,247 - inference_perf.datagen.replay.replay_graph_session_datagen - INFO - Event wekatrace328_f722d51bf73ac8b7b55451d2fde8bea2fb3f:event_055_parent_turn_55 skipping — predecessor failed
2026-09-18 10:57:57,247 - inference_perf.datagen.replay.replay_graph_session_datagen - INFO - Event wekatrace328_f722d51bf73ac8b7b55451d2fde8bea2fb3f:event_056_parent_turn_56 skipping — predecessor failed
2026-09-18 10:57:57,247 - inference_perf.datagen.replay.replay_graph_session_datagen - INFO - Event wekatrace328_f722d51bf73ac8b7b55451d2fde8bea2fb3f:event_057_parent_turn_57 skipping — predecessor failed
2026-09-18 10:57:57,247 - inference_perf.datagen.replay.replay_graph_session_datagen - INFO - Event wekatrace328_f722d51bf73ac8b7b55451d2fde8bea2fb3f:event_058_parent_turn_58 skipping — predecessor failed
2026-09-18 10:57:57,247 - inference_perf.datagen.replay.replay_graph_session_datagen - INFO - Event wekatrace328_f722d51bf73ac8b7b55451d2fde8bea2fb3f:event_059_parent_turn_59 skipping — predecessor failed
2026-09-18 10:57:57,247 - inference_perf.datagen.replay.replay_graph_session_datagen - INFO - Event wekatrace328_f722d51bf73ac8b7b55451d2fde8bea2fb3f:event_060_parent_turn_60 skipping — predecessor failed
2026-09-18 10:57:57,247 - inference_perf.datagen.replay.replay_graph_session_datagen - INFO - Event wekatrace328_f722d51bf73ac8b7b55451d2fde8bea2fb3f:event_061_parent_turn_61 skipping — predecessor failed
2026-09-18 10:57:57,247 - inference_perf.datagen.replay.replay_graph_session_datagen - INFO - Event wekatrace328_f722d51bf73ac8b7b55451d2fde8bea2fb3f:event_062_parent_turn_62 skipping — predecessor failed
2026-09-18 10:57:57,247 - inference_perf.datagen.replay.replay_graph_session_datagen - INFO - Event wekatrace328_f722d51bf73ac8b7b55451d2fde8bea2fb3f:event_063_parent_turn_63 skipping — predecessor failed
2026-09-18 10:57:57,247 - inference_perf.datagen.replay.replay_graph_session_datagen - INFO - Event wekatrace328_f722d51bf73ac8b7b55451d2fde8bea2fb3f:event_064_parent_turn_64 skipping — predecessor failed
2026-09-18 10:57:57,247 - inference_perf.datagen.replay.replay_graph_session_datagen - INFO - Event wekatrace328_f722d51bf73ac8b7b55451d2fde8bea2fb3f:event_065_parent_turn_65 skipping — predecessor failed
2026-09-18 10:57:57,247 - inference_perf.datagen.replay.replay_graph_session_datagen - INFO - Event wekatrace328_f722d51bf73ac8b7b55451d2fde8bea2fb3f:event_066_parent_turn_66 skipping — predecessor failed
2026-09-18 10:57:57,247 - inference_perf.datagen.replay.replay_graph_session_datagen - INFO - Event wekatrace328_f722d51bf73ac8b7b55451d2fde8bea2fb3f:event_067_parent_turn_67 skipping — predecessor failed
2026-09-18 10:57:57,247 - inference_perf.datagen.replay.replay_graph_session_datagen - INFO - Event wekatrace328_f722d51bf73ac8b7b55451d2fde8bea2fb3f:event_068_parent_turn_68 skipping — predecessor failed
2026-09-18 10:57:57,248 - inference_perf.datagen.replay.replay_graph_session_datagen - INFO - Event wekatrace328_f722d51bf73ac8b7b55451d2fde8bea2fb3f:event_069_parent_turn_69 skipping — predecessor failed
2026-09-18 10:57:57,248 - inference_perf.datagen.replay.replay_graph_session_datagen - INFO - Event wekatrace328_f722d51bf73ac8b7b55451d2fde8bea2fb3f:event_070_parent_turn_70 skipping — predecessor failed
2026-09-18 10:57:57,248 - inference_perf.datagen.replay.replay_graph_session_datagen - INFO - Event wekatrace328_f722d51bf73ac8b7b55451d2fde8bea2fb3f:event_071_parent_turn_71 skipping — predecessor failed
2026-09-18 10:57:57,248 - inference_perf.datagen.replay.replay_graph_session_datagen - INFO - Event wekatrace328_f722d51bf73ac8b7b55451d2fde8bea2fb3f:event_072_parent_turn_72 skipping — predecessor failed
2026-09-18 10:57:57,248 - inference_perf.datagen.replay.replay_graph_session_datagen - INFO - Event wekatrace328_f722d51bf73ac8b7b55451d2fde8bea2fb3f:event_073_parent_turn_73 skipping — predecessor failed
2026-09-18 10:57:57,248 - inference_perf.datagen.replay.replay_graph_session_datagen - INFO - Event wekatrace328_f722d51bf73ac8b7b55451d2fde8bea2fb3f:event_074_parent_turn_74 skipping — predecessor failed
2026-09-18 10:57:57,248 - inference_perf.datagen.replay.replay_graph_session_datagen - INFO - Event wekatrace328_f722d51bf73ac8b7b55451d2fde8bea2fb3f:event_075_parent_turn_75 skipping — predecessor failed
2026-09-18 10:57:57,248 - inference_perf.datagen.replay.replay_graph_session_datagen - INFO - Event wekatrace328_f722d51bf73ac8b7b55451d2fde8bea2fb3f:event_076_parent_turn_76 skipping — predecessor failed
2026-09-18 10:57:57,248 - inference_perf.datagen.replay.replay_graph_session_datagen - INFO - Event wekatrace328_f722d51bf73ac8b7b55451d2fde8bea2fb3f:event_077_parent_turn_77 skipping — predecessor failed
2026-09-18 10:57:57,248 - inference_perf.datagen.replay.replay_graph_session_datagen - INFO - Event wekatrace328_f722d51bf73ac8b7b55451d2fde8bea2fb3f:event_078_parent_turn_78 skipping — predecessor failed
2026-09-18 10:57:57,248 - inference_perf.datagen.replay.replay_graph_session_datagen - INFO - Event wekatrace328_f722d51bf73ac8b7b55451d2fde8bea2fb3f:event_079_parent_turn_79 skipping — predecessor failed
2026-09-18 10:57:57,248 - inference_perf.datagen.replay.replay_graph_session_datagen - INFO - Event wekatrace328_f722d51bf73ac8b7b55451d2fde8bea2fb3f:event_080_parent_turn_80 skipping — predecessor failed
2026-09-18 10:57:57,248 - inference_perf.datagen.replay.replay_graph_session_datagen - INFO - Event wekatrace328_f722d51bf73ac8b7b55451d2fde8bea2fb3f:event_081_parent_turn_81 skipping — predecessor failed
2026-09-18 10:57:57,248 - inference_perf.datagen.replay.replay_graph_session_datagen - INFO - Event wekatrace328_f722d51bf73ac8b7b55451d2fde8bea2fb3f:event_082_parent_turn_82 skipping — predecessor failed
2026-09-18 10:58:08,240 - inference_perf.datagen.replay.replay_graph_session_datagen - ERROR - Request failed for event wekatrace169_90b3445b5fec003346fb49dac092a3614e35:event_004_parent_turn_4: TimeoutError: 
2026-09-18 10:58:08,240 - inference_perf.datagen.replay.replay_graph_session_datagen - INFO - Session wekatrace169_90b3445b5fec003346fb49dac092a3614e35 failure notification sent to main process (cancelled_events=23)
2026-09-18 10:58:08,241 - inference_perf.client.modelserver.openai_client - ERROR - 
Traceback (most recent call last):
  File "/workspace/.venv/lib/python3.12/site-packages/aiohttp/streams.py", line 365, in _wait
    await waiter
asyncio.exceptions.CancelledError

The above exception was the direct cause of the following exception:

Traceback (most recent call last):
  File "/workspace/inference_perf/apis/streaming_parser.py", line 84, in parse_sse_stream
    async for chunk in response.content.iter_any():
  File "/workspace/.venv/lib/python3.12/site-packages/aiohttp/streams.py", line 46, in __anext__
    rv = await self.read_func()
         ^^^^^^^^^^^^^^^^^^^^^^
  File "/workspace/.venv/lib/python3.12/site-packages/aiohttp/streams.py", line 460, in readany
    await self._wait("readany")
  File "/workspace/.venv/lib/python3.12/site-packages/aiohttp/streams.py", line 364, in _wait
    with self._timer:
         ^^^^^^^^^^^
  File "/workspace/.venv/lib/python3.12/site-packages/aiohttp/helpers.py", line 759, in __exit__
    raise asyncio.TimeoutError from exc_val
TimeoutError

The above exception was the direct cause of the following exception:

Traceback (most recent call last):
  File "/workspace/inference_perf/client/modelserver/openai_client.py", line 557, in process_request
    info = await data.process_response(
           ^^^^^^^^^^^^^^^^^^^^^^^^^^^^
  File "/workspace/inference_perf/datagen/replay/replay_graph_session_datagen.py", line 1039, in process_response
    text_content, chunk_times, raw_content, response_chunks, server_usage = await parse_sse_stream(
                                                                            ^^^^^^^^^^^^^^^^^^^^^^^
  File "/workspace/inference_perf/apis/streaming_parser.py", line 119, in parse_sse_stream
    raise StreamInterruptedError(e, raw_content.decode("utf-8", errors="ignore")) from e
inference_perf.apis.streaming_parser.StreamInterruptedError
2026-09-18 10:58:08,243 - inference_perf.datagen.replay.replay_graph_session_datagen - INFO - Event wekatrace169_90b3445b5fec003346fb49dac092a3614e35:event_005_parent_turn_5 skipping — predecessor failed
2026-09-18 10:58:08,245 - inference_perf.datagen.replay.replay_graph_session_datagen - INFO - Event wekatrace169_90b3445b5fec003346fb49dac092a3614e35:event_006_parent_turn_6 skipping — predecessor failed
2026-09-18 10:58:08,245 - inference_perf.datagen.replay.replay_graph_session_datagen - INFO - Event wekatrace169_90b3445b5fec003346fb49dac092a3614e35:event_007_parent_turn_7 skipping — predecessor failed
2026-09-18 10:58:08,245 - inference_perf.datagen.replay.replay_graph_session_datagen - INFO - Event wekatrace169_90b3445b5fec003346fb49dac092a3614e35:event_008_parent_turn_8 skipping — predecessor failed
2026-09-18 10:58:08,245 - inference_perf.datagen.replay.replay_graph_session_datagen - INFO - Event wekatrace169_90b3445b5fec003346fb49dac092a3614e35:event_009_parent_turn_9 skipping — predecessor failed
2026-09-18 10:58:08,245 - inference_perf.datagen.replay.replay_graph_session_datagen - INFO - Event wekatrace169_90b3445b5fec003346fb49dac092a3614e35:event_010_parent_turn_10 skipping — predecessor failed
2026-09-18 10:58:08,245 - inference_perf.datagen.replay.replay_graph_session_datagen - INFO - Event wekatrace169_90b3445b5fec003346fb49dac092a3614e35:event_011_parent_turn_11 skipping — predecessor failed
2026-09-18 10:58:08,245 - inference_perf.datagen.replay.replay_graph_session_datagen - INFO - Event wekatrace169_90b3445b5fec003346fb49dac092a3614e35:event_012_parent_turn_12 skipping — predecessor failed
2026-09-18 10:58:08,245 - inference_perf.datagen.replay.replay_graph_session_datagen - INFO - Event wekatrace169_90b3445b5fec003346fb49dac092a3614e35:event_013_parent_turn_13 skipping — predecessor failed
2026-09-18 10:58:08,245 - inference_perf.datagen.replay.replay_graph_session_datagen - INFO - Event wekatrace169_90b3445b5fec003346fb49dac092a3614e35:event_014_parent_turn_14 skipping — predecessor failed
2026-09-18 10:58:08,245 - inference_perf.datagen.replay.replay_graph_session_datagen - INFO - Event wekatrace169_90b3445b5fec003346fb49dac092a3614e35:event_015_parent_turn_15 skipping — predecessor failed
2026-09-18 10:58:08,245 - inference_perf.datagen.replay.replay_graph_session_datagen - INFO - Event wekatrace169_90b3445b5fec003346fb49dac092a3614e35:event_016_parent_turn_16 skipping — predecessor failed
2026-09-18 10:58:08,246 - inference_perf.datagen.replay.replay_graph_session_datagen - INFO - Event wekatrace169_90b3445b5fec003346fb49dac092a3614e35:event_017_parent_turn_17 skipping — predecessor failed
2026-09-18 10:58:08,246 - inference_perf.datagen.replay.replay_graph_session_datagen - INFO - Event wekatrace169_90b3445b5fec003346fb49dac092a3614e35:event_018_parent_turn_18 skipping — predecessor failed
2026-09-18 10:58:08,246 - inference_perf.datagen.replay.replay_graph_session_datagen - INFO - Event wekatrace169_90b3445b5fec003346fb49dac092a3614e35:event_019_parent_turn_19 skipping — predecessor failed
2026-09-18 10:58:08,246 - inference_perf.datagen.replay.replay_graph_session_datagen - INFO - Event wekatrace169_90b3445b5fec003346fb49dac092a3614e35:event_020_parent_turn_20 skipping — predecessor failed
2026-09-18 10:58:08,246 - inference_perf.datagen.replay.replay_graph_session_datagen - INFO - Event wekatrace169_90b3445b5fec003346fb49dac092a3614e35:event_021_parent_turn_21 skipping — predecessor failed
2026-09-18 10:58:08,246 - inference_perf.datagen.replay.replay_graph_session_datagen - INFO - Event wekatrace169_90b3445b5fec003346fb49dac092a3614e35:event_022_parent_turn_22 skipping — predecessor failed
2026-09-18 10:58:08,246 - inference_perf.datagen.replay.replay_graph_session_datagen - INFO - Event wekatrace169_90b3445b5fec003346fb49dac092a3614e35:event_023_parent_turn_23 skipping — predecessor failed
2026-09-18 10:58:08,246 - inference_perf.datagen.replay.replay_graph_session_datagen - INFO - Event wekatrace169_90b3445b5fec003346fb49dac092a3614e35:event_024_parent_turn_24 skipping — predecessor failed
2026-09-18 10:58:08,246 - inference_perf.datagen.replay.replay_graph_session_datagen - INFO - Event wekatrace169_90b3445b5fec003346fb49dac092a3614e35:event_025_parent_turn_25 skipping — predecessor failed
2026-09-18 10:58:08,246 - inference_perf.datagen.replay.replay_graph_session_datagen - INFO - Event wekatrace169_90b3445b5fec003346fb49dac092a3614e35:event_026_parent_turn_26 skipping — predecessor failed
2026-09-18 10:58:08,246 - inference_perf.datagen.replay.replay_graph_session_datagen - INFO - Event wekatrace169_90b3445b5fec003346fb49dac092a3614e35:event_027_parent_turn_27 skipping — predecessor failed
2026-09-18 10:58:26,240 - inference_perf.datagen.replay.replay_graph_session_datagen - ERROR - Request failed for event wekatrace316_f02519b0a1c78d3e61c31d06b41c518d827e:event_006_parent_turn_6: TimeoutError: 
2026-09-18 10:58:26,241 - inference_perf.datagen.replay.replay_graph_session_datagen - INFO - Session wekatrace316_f02519b0a1c78d3e61c31d06b41c518d827e failure notification sent to main process (cancelled_events=109)
2026-09-18 10:58:26,241 - inference_perf.client.modelserver.openai_client - ERROR - 
Traceback (most recent call last):
  File "/workspace/.venv/lib/python3.12/site-packages/aiohttp/streams.py", line 365, in _wait
    await waiter
asyncio.exceptions.CancelledError

The above exception was the direct cause of the following exception:

Traceback (most recent call last):
  File "/workspace/inference_perf/apis/streaming_parser.py", line 84, in parse_sse_stream
    async for chunk in response.content.iter_any():
  File "/workspace/.venv/lib/python3.12/site-packages/aiohttp/streams.py", line 46, in __anext__
    rv = await self.read_func()
         ^^^^^^^^^^^^^^^^^^^^^^
  File "/workspace/.venv/lib/python3.12/site-packages/aiohttp/streams.py", line 460, in readany
    await self._wait("readany")
  File "/workspace/.venv/lib/python3.12/site-packages/aiohttp/streams.py", line 364, in _wait
    with self._timer:
         ^^^^^^^^^^^
  File "/workspace/.venv/lib/python3.12/site-packages/aiohttp/helpers.py", line 759, in __exit__
    raise asyncio.TimeoutError from exc_val
TimeoutError

The above exception was the direct cause of the following exception:

Traceback (most recent call last):
  File "/workspace/inference_perf/client/modelserver/openai_client.py", line 557, in process_request
    info = await data.process_response(
           ^^^^^^^^^^^^^^^^^^^^^^^^^^^^
  File "/workspace/inference_perf/datagen/replay/replay_graph_session_datagen.py", line 1039, in process_response
    text_content, chunk_times, raw_content, response_chunks, server_usage = await parse_sse_stream(
                                                                            ^^^^^^^^^^^^^^^^^^^^^^^
  File "/workspace/inference_perf/apis/streaming_parser.py", line 119, in parse_sse_stream
    raise StreamInterruptedError(e, raw_content.decode("utf-8", errors="ignore")) from e
inference_perf.apis.streaming_parser.StreamInterruptedError
2026-09-18 10:58:26,243 - inference_perf.datagen.replay.replay_graph_session_datagen - INFO - Event wekatrace316_f02519b0a1c78d3e61c31d06b41c518d827e:event_007_parent_turn_7 skipping — predecessor failed
2026-09-18 10:58:26,243 - inference_perf.datagen.replay.replay_graph_session_datagen - INFO - Event wekatrace316_f02519b0a1c78d3e61c31d06b41c518d827e:event_008_parent_turn_8 skipping — predecessor failed
2026-09-18 10:58:26,243 - inference_perf.datagen.replay.replay_graph_session_datagen - INFO - Event wekatrace316_f02519b0a1c78d3e61c31d06b41c518d827e:event_009_parent_turn_9 skipping — predecessor failed
2026-09-18 10:58:26,243 - inference_perf.datagen.replay.replay_graph_session_datagen - INFO - Event wekatrace316_f02519b0a1c78d3e61c31d06b41c518d827e:event_010_parent_turn_10 skipping — predecessor failed
2026-09-18 10:58:26,243 - inference_perf.datagen.replay.replay_graph_session_datagen - INFO - Event wekatrace316_f02519b0a1c78d3e61c31d06b41c518d827e:event_011_parent_turn_11 skipping — predecessor failed
2026-09-18 10:58:26,243 - inference_perf.datagen.replay.replay_graph_session_datagen - INFO - Event wekatrace316_f02519b0a1c78d3e61c31d06b41c518d827e:event_012_sa_subagent_001_e8a8d1a5_s0_turn_0 skipping — predecessor failed
2026-09-18 10:58:26,244 - inference_perf.datagen.replay.replay_graph_session_datagen - INFO - Event wekatrace316_f02519b0a1c78d3e61c31d06b41c518d827e:event_027_parent_turn_12 skipping — predecessor failed
2026-09-18 10:58:26,244 - inference_perf.datagen.replay.replay_graph_session_datagen - INFO - Event wekatrace316_f02519b0a1c78d3e61c31d06b41c518d827e:event_013_sa_subagent_001_e8a8d1a5_s0_turn_1 skipping — predecessor failed
2026-09-18 10:58:26,244 - inference_perf.datagen.replay.replay_graph_session_datagen - INFO - Event wekatrace316_f02519b0a1c78d3e61c31d06b41c518d827e:event_043_parent_turn_13 skipping — predecessor failed
2026-09-18 10:58:26,244 - inference_perf.datagen.replay.replay_graph_session_datagen - INFO - Event wekatrace316_f02519b0a1c78d3e61c31d06b41c518d827e:event_014_sa_subagent_001_e8a8d1a5_s0_turn_2 skipping — predecessor failed
2026-09-18 10:58:26,244 - inference_perf.datagen.replay.replay_graph_session_datagen - INFO - Event wekatrace316_f02519b0a1c78d3e61c31d06b41c518d827e:event_044_parent_turn_14 skipping — predecessor failed
2026-09-18 10:58:26,244 - inference_perf.datagen.replay.replay_graph_session_datagen - INFO - Event wekatrace316_f02519b0a1c78d3e61c31d06b41c518d827e:event_015_sa_subagent_002_6bd6e3ad_s0_turn_0 skipping — predecessor failed
2026-09-18 10:58:26,244 - inference_perf.datagen.replay.replay_graph_session_datagen - INFO - Event wekatrace316_f02519b0a1c78d3e61c31d06b41c518d827e:event_045_parent_turn_15 skipping — predecessor failed
2026-09-18 10:58:26,244 - inference_perf.datagen.replay.replay_graph_session_datagen - INFO - Event wekatrace316_f02519b0a1c78d3e61c31d06b41c518d827e:event_046_parent_turn_16 skipping — predecessor failed
2026-09-18 10:58:26,244 - inference_perf.datagen.replay.replay_graph_session_datagen - INFO - Event wekatrace316_f02519b0a1c78d3e61c31d06b41c518d827e:event_047_parent_turn_17 skipping — predecessor failed
2026-09-18 10:58:26,244 - inference_perf.datagen.replay.replay_graph_session_datagen - INFO - Event wekatrace316_f02519b0a1c78d3e61c31d06b41c518d827e:event_016_sa_subagent_002_6bd6e3ad_s0_turn_1 skipping — predecessor failed
2026-09-18 10:58:26,244 - inference_perf.datagen.replay.replay_graph_session_datagen - INFO - Event wekatrace316_f02519b0a1c78d3e61c31d06b41c518d827e:event_048_parent_turn_18 skipping — predecessor failed
2026-09-18 10:58:26,244 - inference_perf.datagen.replay.replay_graph_session_datagen - INFO - Event wekatrace316_f02519b0a1c78d3e61c31d06b41c518d827e:event_049_parent_turn_19 skipping — predecessor failed
2026-09-18 10:58:26,244 - inference_perf.datagen.replay.replay_graph_session_datagen - INFO - Event wekatrace316_f02519b0a1c78d3e61c31d06b41c518d827e:event_017_sa_subagent_002_6bd6e3ad_s0_turn_2 skipping — predecessor failed
2026-09-18 10:58:26,244 - inference_perf.datagen.replay.replay_graph_session_datagen - INFO - Event wekatrace316_f02519b0a1c78d3e61c31d06b41c518d827e:event_018_sa_subagent_002_6bd6e3ad_s0_turn_3 skipping — predecessor failed
2026-09-18 10:58:26,244 - inference_perf.datagen.replay.replay_graph_session_datagen - INFO - Event wekatrace316_f02519b0a1c78d3e61c31d06b41c518d827e:event_050_parent_turn_20 skipping — predecessor failed
2026-09-18 10:58:26,244 - inference_perf.datagen.replay.replay_graph_session_datagen - INFO - Event wekatrace316_f02519b0a1c78d3e61c31d06b41c518d827e:event_019_sa_subagent_003_4015b5e5_s0_turn_0 skipping — predecessor failed
2026-09-18 10:58:26,244 - inference_perf.datagen.replay.replay_graph_session_datagen - INFO - Event wekatrace316_f02519b0a1c78d3e61c31d06b41c518d827e:event_051_parent_turn_21 skipping — predecessor failed
2026-09-18 10:58:26,245 - inference_perf.datagen.replay.replay_graph_session_datagen - INFO - Event wekatrace316_f02519b0a1c78d3e61c31d06b41c518d827e:event_020_sa_subagent_003_4015b5e5_s0_turn_1 skipping — predecessor failed
2026-09-18 10:58:26,245 - inference_perf.datagen.replay.replay_graph_session_datagen - INFO - Event wekatrace316_f02519b0a1c78d3e61c31d06b41c518d827e:event_052_parent_turn_22 skipping — predecessor failed
2026-09-18 10:58:26,245 - inference_perf.datagen.replay.replay_graph_session_datagen - INFO - Event wekatrace316_f02519b0a1c78d3e61c31d06b41c518d827e:event_021_sa_subagent_003_4015b5e5_s0_turn_2 skipping — predecessor failed
2026-09-18 10:58:26,245 - inference_perf.datagen.replay.replay_graph_session_datagen - INFO - Event wekatrace316_f02519b0a1c78d3e61c31d06b41c518d827e:event_022_sa_subagent_003_4015b5e5_s0_turn_3 skipping — predecessor failed
2026-09-18 10:58:26,245 - inference_perf.datagen.replay.replay_graph_session_datagen - INFO - Event wekatrace316_f02519b0a1c78d3e61c31d06b41c518d827e:event_053_parent_turn_23 skipping — predecessor failed
2026-09-18 10:58:26,245 - inference_perf.datagen.replay.replay_graph_session_datagen - INFO - Event wekatrace316_f02519b0a1c78d3e61c31d06b41c518d827e:event_023_sa_subagent_004_b58d0933_s0_turn_0 skipping — predecessor failed
2026-09-18 10:58:26,245 - inference_perf.datagen.replay.replay_graph_session_datagen - INFO - Event wekatrace316_f02519b0a1c78d3e61c31d06b41c518d827e:event_054_parent_turn_24 skipping — predecessor failed
2026-09-18 10:58:26,245 - inference_perf.datagen.replay.replay_graph_session_datagen - INFO - Event wekatrace316_f02519b0a1c78d3e61c31d06b41c518d827e:event_024_sa_subagent_004_b58d0933_s0_turn_1 skipping — predecessor failed
2026-09-18 10:58:26,245 - inference_perf.datagen.replay.replay_graph_session_datagen - INFO - Event wekatrace316_f02519b0a1c78d3e61c31d06b41c518d827e:event_055_parent_turn_25 skipping — predecessor failed
2026-09-18 10:58:26,245 - inference_perf.datagen.replay.replay_graph_session_datagen - INFO - Event wekatrace316_f02519b0a1c78d3e61c31d06b41c518d827e:event_025_sa_subagent_004_b58d0933_s0_turn_2 skipping — predecessor failed
2026-09-18 10:58:26,245 - inference_perf.datagen.replay.replay_graph_session_datagen - INFO - Event wekatrace316_f02519b0a1c78d3e61c31d06b41c518d827e:event_026_sa_subagent_004_b58d0933_s0_turn_3 skipping — predecessor failed
2026-09-18 10:58:26,245 - inference_perf.datagen.replay.replay_graph_session_datagen - INFO - Event wekatrace316_f02519b0a1c78d3e61c31d06b41c518d827e:event_056_parent_turn_26 skipping — predecessor failed
2026-09-18 10:58:26,245 - inference_perf.datagen.replay.replay_graph_session_datagen - INFO - Event wekatrace316_f02519b0a1c78d3e61c31d06b41c518d827e:event_028_sa_subagent_005_603a4f32_s0_turn_0 skipping — predecessor failed
2026-09-18 10:58:26,245 - inference_perf.datagen.replay.replay_graph_session_datagen - INFO - Event wekatrace316_f02519b0a1c78d3e61c31d06b41c518d827e:event_057_parent_turn_27 skipping — predecessor failed
2026-09-18 10:58:26,245 - inference_perf.datagen.replay.replay_graph_session_datagen - INFO - Event wekatrace316_f02519b0a1c78d3e61c31d06b41c518d827e:event_058_parent_turn_28 skipping — predecessor failed
2026-09-18 10:58:26,245 - inference_perf.datagen.replay.replay_graph_session_datagen - INFO - Event wekatrace316_f02519b0a1c78d3e61c31d06b41c518d827e:event_029_sa_subagent_005_603a4f32_s0_turn_1 skipping — predecessor failed
2026-09-18 10:58:26,245 - inference_perf.datagen.replay.replay_graph_session_datagen - INFO - Event wekatrace316_f02519b0a1c78d3e61c31d06b41c518d827e:event_059_parent_turn_29 skipping — predecessor failed
2026-09-18 10:58:26,245 - inference_perf.datagen.replay.replay_graph_session_datagen - INFO - Event wekatrace316_f02519b0a1c78d3e61c31d06b41c518d827e:event_060_parent_turn_30 skipping — predecessor failed
2026-09-18 10:58:26,246 - inference_perf.datagen.replay.replay_graph_session_datagen - INFO - Event wekatrace316_f02519b0a1c78d3e61c31d06b41c518d827e:event_030_sa_subagent_005_603a4f32_s0_turn_2 skipping — predecessor failed
2026-09-18 10:58:26,246 - inference_perf.datagen.replay.replay_graph_session_datagen - INFO - Event wekatrace316_f02519b0a1c78d3e61c31d06b41c518d827e:event_031_sa_subagent_005_603a4f32_s0_turn_3 skipping — predecessor failed
2026-09-18 10:58:26,246 - inference_perf.datagen.replay.replay_graph_session_datagen - INFO - Event wekatrace316_f02519b0a1c78d3e61c31d06b41c518d827e:event_061_parent_turn_31 skipping — predecessor failed
2026-09-18 10:58:26,246 - inference_perf.datagen.replay.replay_graph_session_datagen - INFO - Event wekatrace316_f02519b0a1c78d3e61c31d06b41c518d827e:event_032_sa_subagent_006_5487f37f_s0_turn_0 skipping — predecessor failed
2026-09-18 10:58:26,246 - inference_perf.datagen.replay.replay_graph_session_datagen - INFO - Event wekatrace316_f02519b0a1c78d3e61c31d06b41c518d827e:event_062_parent_turn_32 skipping — predecessor failed
2026-09-18 10:58:26,246 - inference_perf.datagen.replay.replay_graph_session_datagen - INFO - Event wekatrace316_f02519b0a1c78d3e61c31d06b41c518d827e:event_033_sa_subagent_006_5487f37f_s0_turn_1 skipping — predecessor failed
2026-09-18 10:58:26,246 - inference_perf.datagen.replay.replay_graph_session_datagen - INFO - Event wekatrace316_f02519b0a1c78d3e61c31d06b41c518d827e:event_063_parent_turn_33 skipping — predecessor failed
2026-09-18 10:58:26,246 - inference_perf.datagen.replay.replay_graph_session_datagen - INFO - Event wekatrace316_f02519b0a1c78d3e61c31d06b41c518d827e:event_064_parent_turn_34 skipping — predecessor failed
2026-09-18 10:58:26,246 - inference_perf.datagen.replay.replay_graph_session_datagen - INFO - Event wekatrace316_f02519b0a1c78d3e61c31d06b41c518d827e:event_034_sa_subagent_006_5487f37f_s0_turn_2 skipping — predecessor failed
2026-09-18 10:58:26,246 - inference_perf.datagen.replay.replay_graph_session_datagen - INFO - Event wekatrace316_f02519b0a1c78d3e61c31d06b41c518d827e:event_035_sa_subagent_006_5487f37f_s0_turn_3 skipping — predecessor failed
2026-09-18 10:58:26,246 - inference_perf.datagen.replay.replay_graph_session_datagen - INFO - Event wekatrace316_f02519b0a1c78d3e61c31d06b41c518d827e:event_065_parent_turn_35 skipping — predecessor failed
2026-09-18 10:58:26,246 - inference_perf.datagen.replay.replay_graph_session_datagen - INFO - Event wekatrace316_f02519b0a1c78d3e61c31d06b41c518d827e:event_036_sa_subagent_007_c1173b54_s0_turn_0 skipping — predecessor failed
2026-09-18 10:58:26,246 - inference_perf.datagen.replay.replay_graph_session_datagen - INFO - Event wekatrace316_f02519b0a1c78d3e61c31d06b41c518d827e:event_066_parent_turn_36 skipping — predecessor failed
2026-09-18 10:58:26,246 - inference_perf.datagen.replay.replay_graph_session_datagen - INFO - Event wekatrace316_f02519b0a1c78d3e61c31d06b41c518d827e:event_067_parent_turn_37 skipping — predecessor failed
2026-09-18 10:58:26,246 - inference_perf.datagen.replay.replay_graph_session_datagen - INFO - Event wekatrace316_f02519b0a1c78d3e61c31d06b41c518d827e:event_037_sa_subagent_007_c1173b54_s0_turn_1 skipping — predecessor failed
2026-09-18 10:58:26,246 - inference_perf.datagen.replay.replay_graph_session_datagen - INFO - Event wekatrace316_f02519b0a1c78d3e61c31d06b41c518d827e:event_068_parent_turn_38 skipping — predecessor failed
2026-09-18 10:58:26,247 - inference_perf.datagen.replay.replay_graph_session_datagen - INFO - Event wekatrace316_f02519b0a1c78d3e61c31d06b41c518d827e:event_038_sa_subagent_007_c1173b54_s0_turn_2 skipping — predecessor failed
2026-09-18 10:58:26,247 - inference_perf.datagen.replay.replay_graph_session_datagen - INFO - Event wekatrace316_f02519b0a1c78d3e61c31d06b41c518d827e:event_039_sa_subagent_007_c1173b54_s0_turn_3 skipping — predecessor failed
2026-09-18 10:58:26,247 - inference_perf.datagen.replay.replay_graph_session_datagen - INFO - Event wekatrace316_f02519b0a1c78d3e61c31d06b41c518d827e:event_069_parent_turn_39 skipping — predecessor failed
2026-09-18 10:58:26,247 - inference_perf.datagen.replay.replay_graph_session_datagen - INFO - Event wekatrace316_f02519b0a1c78d3e61c31d06b41c518d827e:event_040_sa_subagent_008_25949ec4_s0_turn_0 skipping — predecessor failed
2026-09-18 10:58:26,247 - inference_perf.datagen.replay.replay_graph_session_datagen - INFO - Event wekatrace316_f02519b0a1c78d3e61c31d06b41c518d827e:event_070_parent_turn_40 skipping — predecessor failed
2026-09-18 10:58:26,247 - inference_perf.datagen.replay.replay_graph_session_datagen - INFO - Event wekatrace316_f02519b0a1c78d3e61c31d06b41c518d827e:event_041_sa_subagent_008_25949ec4_s0_turn_1 skipping — predecessor failed
2026-09-18 10:58:26,247 - inference_perf.datagen.replay.replay_graph_session_datagen - INFO - Event wekatrace316_f02519b0a1c78d3e61c31d06b41c518d827e:event_071_parent_turn_41 skipping — predecessor failed
2026-09-18 10:58:26,247 - inference_perf.datagen.replay.replay_graph_session_datagen - INFO - Event wekatrace316_f02519b0a1c78d3e61c31d06b41c518d827e:event_072_parent_turn_42 skipping — predecessor failed
2026-09-18 10:58:26,247 - inference_perf.datagen.replay.replay_graph_session_datagen - INFO - Event wekatrace316_f02519b0a1c78d3e61c31d06b41c518d827e:event_073_parent_turn_43 skipping — predecessor failed
2026-09-18 10:58:26,247 - inference_perf.datagen.replay.replay_graph_session_datagen - INFO - Event wekatrace316_f02519b0a1c78d3e61c31d06b41c518d827e:event_074_parent_turn_44 skipping — predecessor failed
2026-09-18 10:58:26,247 - inference_perf.datagen.replay.replay_graph_session_datagen - INFO - Event wekatrace316_f02519b0a1c78d3e61c31d06b41c518d827e:event_042_sa_subagent_008_25949ec4_s0_turn_2 skipping — predecessor failed
2026-09-18 10:58:26,247 - inference_perf.datagen.replay.replay_graph_session_datagen - INFO - Event wekatrace316_f02519b0a1c78d3e61c31d06b41c518d827e:event_075_parent_turn_45 skipping — predecessor failed
2026-09-18 10:58:26,247 - inference_perf.datagen.replay.replay_graph_session_datagen - INFO - Event wekatrace316_f02519b0a1c78d3e61c31d06b41c518d827e:event_076_parent_turn_46 skipping — predecessor failed
2026-09-18 10:58:26,247 - inference_perf.datagen.replay.replay_graph_session_datagen - INFO - Event wekatrace316_f02519b0a1c78d3e61c31d06b41c518d827e:event_077_parent_turn_47 skipping — predecessor failed
2026-09-18 10:58:26,247 - inference_perf.datagen.replay.replay_graph_session_datagen - INFO - Event wekatrace316_f02519b0a1c78d3e61c31d06b41c518d827e:event_078_sa_subagent_009_3c671431_s0_turn_0 skipping — predecessor failed
2026-09-18 10:58:26,247 - inference_perf.datagen.replay.replay_graph_session_datagen - INFO - Event wekatrace316_f02519b0a1c78d3e61c31d06b41c518d827e:event_079_sa_subagent_009_3c671431_s0_turn_1 skipping — predecessor failed
2026-09-18 10:58:26,248 - inference_perf.datagen.replay.replay_graph_session_datagen - INFO - Event wekatrace316_f02519b0a1c78d3e61c31d06b41c518d827e:event_080_sa_subagent_009_3c671431_s0_turn_2 skipping — predecessor failed
2026-09-18 10:58:26,248 - inference_perf.datagen.replay.replay_graph_session_datagen - INFO - Event wekatrace316_f02519b0a1c78d3e61c31d06b41c518d827e:event_081_sa_subagent_009_3c671431_s0_turn_3 skipping — predecessor failed
2026-09-18 10:58:26,248 - inference_perf.datagen.replay.replay_graph_session_datagen - INFO - Event wekatrace316_f02519b0a1c78d3e61c31d06b41c518d827e:event_082_sa_subagent_009_3c671431_s0_turn_4 skipping — predecessor failed
2026-09-18 10:58:26,248 - inference_perf.datagen.replay.replay_graph_session_datagen - INFO - Event wekatrace316_f02519b0a1c78d3e61c31d06b41c518d827e:event_083_sa_subagent_010_b504127c_s0_turn_0 skipping — predecessor failed
2026-09-18 10:58:26,248 - inference_perf.datagen.replay.replay_graph_session_datagen - INFO - Event wekatrace316_f02519b0a1c78d3e61c31d06b41c518d827e:event_084_sa_subagent_010_b504127c_s0_turn_1 skipping — predecessor failed
2026-09-18 10:58:26,248 - inference_perf.datagen.replay.replay_graph_session_datagen - INFO - Event wekatrace316_f02519b0a1c78d3e61c31d06b41c518d827e:event_085_sa_subagent_010_b504127c_s0_turn_2 skipping — predecessor failed
2026-09-18 10:58:26,248 - inference_perf.datagen.replay.replay_graph_session_datagen - INFO - Event wekatrace316_f02519b0a1c78d3e61c31d06b41c518d827e:event_086_sa_subagent_010_b504127c_s0_turn_3 skipping — predecessor failed
2026-09-18 10:58:26,248 - inference_perf.datagen.replay.replay_graph_session_datagen - INFO - Event wekatrace316_f02519b0a1c78d3e61c31d06b41c518d827e:event_087_sa_subagent_010_b504127c_s0_turn_4 skipping — predecessor failed
2026-09-18 10:58:26,248 - inference_perf.datagen.replay.replay_graph_session_datagen - INFO - Event wekatrace316_f02519b0a1c78d3e61c31d06b41c518d827e:event_088_sa_subagent_011_abc9014e_s0_turn_0 skipping — predecessor failed
2026-09-18 10:58:26,248 - inference_perf.datagen.replay.replay_graph_session_datagen - INFO - Event wekatrace316_f02519b0a1c78d3e61c31d06b41c518d827e:event_089_sa_subagent_011_abc9014e_s0_turn_1 skipping — predecessor failed
2026-09-18 10:58:26,248 - inference_perf.datagen.replay.replay_graph_session_datagen - INFO - Event wekatrace316_f02519b0a1c78d3e61c31d06b41c518d827e:event_090_sa_subagent_011_abc9014e_s0_turn_2 skipping — predecessor failed
2026-09-18 10:58:26,248 - inference_perf.datagen.replay.replay_graph_session_datagen - INFO - Event wekatrace316_f02519b0a1c78d3e61c31d06b41c518d827e:event_091_sa_subagent_011_abc9014e_s0_turn_3 skipping — predecessor failed
2026-09-18 10:58:26,248 - inference_perf.datagen.replay.replay_graph_session_datagen - INFO - Event wekatrace316_f02519b0a1c78d3e61c31d06b41c518d827e:event_092_sa_subagent_011_abc9014e_s0_turn_4 skipping — predecessor failed
2026-09-18 10:58:26,248 - inference_perf.datagen.replay.replay_graph_session_datagen - INFO - Event wekatrace316_f02519b0a1c78d3e61c31d06b41c518d827e:event_093_sa_subagent_012_787e7ffc_s0_turn_0 skipping — predecessor failed
2026-09-18 10:58:26,248 - inference_perf.datagen.replay.replay_graph_session_datagen - INFO - Event wekatrace316_f02519b0a1c78d3e61c31d06b41c518d827e:event_094_sa_subagent_012_787e7ffc_s0_turn_1 skipping — predecessor failed
2026-09-18 10:58:26,248 - inference_perf.datagen.replay.replay_graph_session_datagen - INFO - Event wekatrace316_f02519b0a1c78d3e61c31d06b41c518d827e:event_095_sa_subagent_012_787e7ffc_s0_turn_2 skipping — predecessor failed
2026-09-18 10:58:26,248 - inference_perf.datagen.replay.replay_graph_session_datagen - INFO - Event wekatrace316_f02519b0a1c78d3e61c31d06b41c518d827e:event_096_sa_subagent_013_ca0e5440_s0_turn_0 skipping — predecessor failed
2026-09-18 10:58:26,248 - inference_perf.datagen.replay.replay_graph_session_datagen - INFO - Event wekatrace316_f02519b0a1c78d3e61c31d06b41c518d827e:event_097_sa_subagent_013_ca0e5440_s0_turn_1 skipping — predecessor failed
2026-09-18 10:58:26,248 - inference_perf.datagen.replay.replay_graph_session_datagen - INFO - Event wekatrace316_f02519b0a1c78d3e61c31d06b41c518d827e:event_098_sa_subagent_013_ca0e5440_s0_turn_2 skipping — predecessor failed
2026-09-18 10:58:26,249 - inference_perf.datagen.replay.replay_graph_session_datagen - INFO - Event wekatrace316_f02519b0a1c78d3e61c31d06b41c518d827e:event_099_sa_subagent_013_ca0e5440_s0_turn_3 skipping — predecessor failed
2026-09-18 10:58:26,249 - inference_perf.datagen.replay.replay_graph_session_datagen - INFO - Event wekatrace316_f02519b0a1c78d3e61c31d06b41c518d827e:event_100_sa_subagent_014_c3e2c4c4_s0_turn_0 skipping — predecessor failed
2026-09-18 10:58:26,249 - inference_perf.datagen.replay.replay_graph_session_datagen - INFO - Event wekatrace316_f02519b0a1c78d3e61c31d06b41c518d827e:event_101_sa_subagent_014_c3e2c4c4_s0_turn_1 skipping — predecessor failed
2026-09-18 10:58:26,249 - inference_perf.datagen.replay.replay_graph_session_datagen - INFO - Event wekatrace316_f02519b0a1c78d3e61c31d06b41c518d827e:event_102_sa_subagent_014_c3e2c4c4_s0_turn_2 skipping — predecessor failed
2026-09-18 10:58:26,249 - inference_perf.datagen.replay.replay_graph_session_datagen - INFO - Event wekatrace316_f02519b0a1c78d3e61c31d06b41c518d827e:event_103_sa_subagent_014_c3e2c4c4_s0_turn_3 skipping — predecessor failed
2026-09-18 10:58:26,249 - inference_perf.datagen.replay.replay_graph_session_datagen - INFO - Event wekatrace316_f02519b0a1c78d3e61c31d06b41c518d827e:event_104_sa_subagent_015_740d5ee4_s0_turn_0 skipping — predecessor failed
2026-09-18 10:58:26,249 - inference_perf.datagen.replay.replay_graph_session_datagen - INFO - Event wekatrace316_f02519b0a1c78d3e61c31d06b41c518d827e:event_105_sa_subagent_015_740d5ee4_s0_turn_1 skipping — predecessor failed
2026-09-18 10:58:26,249 - inference_perf.datagen.replay.replay_graph_session_datagen - INFO - Event wekatrace316_f02519b0a1c78d3e61c31d06b41c518d827e:event_106_sa_subagent_015_740d5ee4_s0_turn_2 skipping — predecessor failed
2026-09-18 10:58:26,249 - inference_perf.datagen.replay.replay_graph_session_datagen - INFO - Event wekatrace316_f02519b0a1c78d3e61c31d06b41c518d827e:event_107_sa_subagent_015_740d5ee4_s0_turn_3 skipping — predecessor failed
2026-09-18 10:58:26,249 - inference_perf.datagen.replay.replay_graph_session_datagen - INFO - Event wekatrace316_f02519b0a1c78d3e61c31d06b41c518d827e:event_108_sa_subagent_016_2db0c568_s0_turn_0 skipping — predecessor failed
2026-09-18 10:58:26,249 - inference_perf.datagen.replay.replay_graph_session_datagen - INFO - Event wekatrace316_f02519b0a1c78d3e61c31d06b41c518d827e:event_109_sa_subagent_016_2db0c568_s0_turn_1 skipping — predecessor failed
2026-09-18 10:58:26,249 - inference_perf.datagen.replay.replay_graph_session_datagen - INFO - Event wekatrace316_f02519b0a1c78d3e61c31d06b41c518d827e:event_110_sa_subagent_016_2db0c568_s0_turn_2 skipping — predecessor failed
2026-09-18 10:58:26,249 - inference_perf.datagen.replay.replay_graph_session_datagen - INFO - Event wekatrace316_f02519b0a1c78d3e61c31d06b41c518d827e:event_111_sa_subagent_017_5413e519_s0_turn_0 skipping — predecessor failed
2026-09-18 10:58:26,249 - inference_perf.datagen.replay.replay_graph_session_datagen - INFO - Event wekatrace316_f02519b0a1c78d3e61c31d06b41c518d827e:event_112_sa_subagent_017_5413e519_s0_turn_1 skipping — predecessor failed
2026-09-18 10:58:26,249 - inference_perf.datagen.replay.replay_graph_session_datagen - INFO - Event wekatrace316_f02519b0a1c78d3e61c31d06b41c518d827e:event_113_sa_subagent_017_5413e519_s0_turn_2 skipping — predecessor failed
2026-09-18 10:58:26,249 - inference_perf.datagen.replay.replay_graph_session_datagen - INFO - Event wekatrace316_f02519b0a1c78d3e61c31d06b41c518d827e:event_114_sa_subagent_017_5413e519_s0_turn_3 skipping — predecessor failed
2026-09-18 10:58:26,249 - inference_perf.datagen.replay.replay_graph_session_datagen - INFO - Event wekatrace316_f02519b0a1c78d3e61c31d06b41c518d827e:event_115_sa_subagent_017_5413e519_s0_turn_4 skipping — predecessor failed
2026-09-18 10:58:43,241 - inference_perf.datagen.replay.replay_graph_session_datagen - ERROR - Request failed for event wekatrace7_06385769df23204ac35c53ad431cf42f7c02:event_006_parent_turn_6: TimeoutError: 
2026-09-18 10:58:43,242 - inference_perf.datagen.replay.replay_graph_session_datagen - INFO - Session wekatrace7_06385769df23204ac35c53ad431cf42f7c02 failure notification sent to main process (cancelled_events=13)
2026-09-18 10:58:43,242 - inference_perf.client.modelserver.openai_client - ERROR - 
Traceback (most recent call last):
  File "/workspace/.venv/lib/python3.12/site-packages/aiohttp/streams.py", line 365, in _wait
    await waiter
asyncio.exceptions.CancelledError

The above exception was the direct cause of the following exception:

Traceback (most recent call last):
  File "/workspace/inference_perf/apis/streaming_parser.py", line 84, in parse_sse_stream
    async for chunk in response.content.iter_any():
  File "/workspace/.venv/lib/python3.12/site-packages/aiohttp/streams.py", line 46, in __anext__
    rv = await self.read_func()
         ^^^^^^^^^^^^^^^^^^^^^^
  File "/workspace/.venv/lib/python3.12/site-packages/aiohttp/streams.py", line 460, in readany
    await self._wait("readany")
  File "/workspace/.venv/lib/python3.12/site-packages/aiohttp/streams.py", line 364, in _wait
    with self._timer:
         ^^^^^^^^^^^
  File "/workspace/.venv/lib/python3.12/site-packages/aiohttp/helpers.py", line 759, in __exit__
    raise asyncio.TimeoutError from exc_val
TimeoutError

The above exception was the direct cause of the following exception:

Traceback (most recent call last):
  File "/workspace/inference_perf/client/modelserver/openai_client.py", line 557, in process_request
    info = await data.process_response(
           ^^^^^^^^^^^^^^^^^^^^^^^^^^^^
  File "/workspace/inference_perf/datagen/replay/replay_graph_session_datagen.py", line 1039, in process_response
    text_content, chunk_times, raw_content, response_chunks, server_usage = await parse_sse_stream(
                                                                            ^^^^^^^^^^^^^^^^^^^^^^^
  File "/workspace/inference_perf/apis/streaming_parser.py", line 119, in parse_sse_stream
    raise StreamInterruptedError(e, raw_content.decode("utf-8", errors="ignore")) from e
inference_perf.apis.streaming_parser.StreamInterruptedError
2026-09-18 10:58:43,243 - inference_perf.datagen.replay.replay_graph_session_datagen - INFO - Event wekatrace7_06385769df23204ac35c53ad431cf42f7c02:event_007_parent_turn_7 skipping — predecessor failed
2026-09-18 10:58:43,243 - inference_perf.datagen.replay.replay_graph_session_datagen - INFO - Event wekatrace7_06385769df23204ac35c53ad431cf42f7c02:event_008_parent_turn_8 skipping — predecessor failed
2026-09-18 10:58:43,243 - inference_perf.datagen.replay.replay_graph_session_datagen - INFO - Event wekatrace7_06385769df23204ac35c53ad431cf42f7c02:event_009_parent_turn_9 skipping — predecessor failed
2026-09-18 10:58:43,243 - inference_perf.datagen.replay.replay_graph_session_datagen - INFO - Event wekatrace7_06385769df23204ac35c53ad431cf42f7c02:event_010_parent_turn_10 skipping — predecessor failed
2026-09-18 10:58:43,243 - inference_perf.datagen.replay.replay_graph_session_datagen - INFO - Event wekatrace7_06385769df23204ac35c53ad431cf42f7c02:event_011_parent_turn_11 skipping — predecessor failed
2026-09-18 10:58:43,243 - inference_perf.datagen.replay.replay_graph_session_datagen - INFO - Event wekatrace7_06385769df23204ac35c53ad431cf42f7c02:event_012_parent_turn_12 skipping — predecessor failed
2026-09-18 10:58:43,243 - inference_perf.datagen.replay.replay_graph_session_datagen - INFO - Event wekatrace7_06385769df23204ac35c53ad431cf42f7c02:event_013_parent_turn_13 skipping — predecessor failed
2026-09-18 10:58:43,244 - inference_perf.datagen.replay.replay_graph_session_datagen - INFO - Event wekatrace7_06385769df23204ac35c53ad431cf42f7c02:event_014_parent_turn_14 skipping — predecessor failed
2026-09-18 10:58:43,244 - inference_perf.datagen.replay.replay_graph_session_datagen - INFO - Event wekatrace7_06385769df23204ac35c53ad431cf42f7c02:event_015_parent_turn_15 skipping — predecessor failed
2026-09-18 10:58:43,245 - inference_perf.datagen.replay.replay_graph_session_datagen - INFO - Event wekatrace7_06385769df23204ac35c53ad431cf42f7c02:event_016_parent_turn_16 skipping — predecessor failed
2026-09-18 10:58:43,245 - inference_perf.datagen.replay.replay_graph_session_datagen - INFO - Event wekatrace7_06385769df23204ac35c53ad431cf42f7c02:event_017_parent_turn_17 skipping — predecessor failed
2026-09-18 10:58:43,245 - inference_perf.datagen.replay.replay_graph_session_datagen - INFO - Event wekatrace7_06385769df23204ac35c53ad431cf42f7c02:event_018_parent_turn_18 skipping — predecessor failed
2026-09-18 10:58:43,245 - inference_perf.datagen.replay.replay_graph_session_datagen - INFO - Event wekatrace7_06385769df23204ac35c53ad431cf42f7c02:event_019_parent_turn_19 skipping — predecessor failed
2026-09-18 10:59:17,240 - inference_perf.datagen.replay.replay_graph_session_datagen - ERROR - Request failed for event wekatrace178_98487e95da7b7251318a1bf4ed04f9c83922:event_002_parent_turn_2: TimeoutError: 
2026-09-18 10:59:17,242 - inference_perf.datagen.replay.replay_graph_session_datagen - INFO - Session wekatrace178_98487e95da7b7251318a1bf4ed04f9c83922 failure notification sent to main process (cancelled_events=42)
2026-09-18 10:59:17,242 - inference_perf.client.modelserver.openai_client - ERROR - 
Traceback (most recent call last):
  File "/workspace/.venv/lib/python3.12/site-packages/aiohttp/streams.py", line 365, in _wait
    await waiter
asyncio.exceptions.CancelledError

The above exception was the direct cause of the following exception:

Traceback (most recent call last):
  File "/workspace/inference_perf/apis/streaming_parser.py", line 84, in parse_sse_stream
    async for chunk in response.content.iter_any():
  File "/workspace/.venv/lib/python3.12/site-packages/aiohttp/streams.py", line 46, in __anext__
    rv = await self.read_func()
         ^^^^^^^^^^^^^^^^^^^^^^
  File "/workspace/.venv/lib/python3.12/site-packages/aiohttp/streams.py", line 460, in readany
    await self._wait("readany")
  File "/workspace/.venv/lib/python3.12/site-packages/aiohttp/streams.py", line 364, in _wait
    with self._timer:
         ^^^^^^^^^^^
  File "/workspace/.venv/lib/python3.12/site-packages/aiohttp/helpers.py", line 759, in __exit__
    raise asyncio.TimeoutError from exc_val
TimeoutError

The above exception was the direct cause of the following exception:

Traceback (most recent call last):
  File "/workspace/inference_perf/client/modelserver/openai_client.py", line 557, in process_request
    info = await data.process_response(
           ^^^^^^^^^^^^^^^^^^^^^^^^^^^^
  File "/workspace/inference_perf/datagen/replay/replay_graph_session_datagen.py", line 1039, in process_response
    text_content, chunk_times, raw_content, response_chunks, server_usage = await parse_sse_stream(
                                                                            ^^^^^^^^^^^^^^^^^^^^^^^
  File "/workspace/inference_perf/apis/streaming_parser.py", line 119, in parse_sse_stream
    raise StreamInterruptedError(e, raw_content.decode("utf-8", errors="ignore")) from e
inference_perf.apis.streaming_parser.StreamInterruptedError
2026-09-18 10:59:17,246 - inference_perf.datagen.replay.replay_graph_session_datagen - INFO - Event wekatrace178_98487e95da7b7251318a1bf4ed04f9c83922:event_003_parent_turn_3 skipping — predecessor failed
2026-09-18 10:59:17,246 - inference_perf.datagen.replay.replay_graph_session_datagen - INFO - Event wekatrace178_98487e95da7b7251318a1bf4ed04f9c83922:event_004_parent_turn_4 skipping — predecessor failed
2026-09-18 10:59:17,246 - inference_perf.datagen.replay.replay_graph_session_datagen - INFO - Event wekatrace178_98487e95da7b7251318a1bf4ed04f9c83922:event_005_parent_turn_5 skipping — predecessor failed
2026-09-18 10:59:17,246 - inference_perf.datagen.replay.replay_graph_session_datagen - INFO - Event wekatrace178_98487e95da7b7251318a1bf4ed04f9c83922:event_006_parent_turn_6 skipping — predecessor failed
2026-09-18 10:59:17,246 - inference_perf.datagen.replay.replay_graph_session_datagen - INFO - Event wekatrace178_98487e95da7b7251318a1bf4ed04f9c83922:event_007_parent_turn_7 skipping — predecessor failed
2026-09-18 10:59:17,246 - inference_perf.datagen.replay.replay_graph_session_datagen - INFO - Event wekatrace178_98487e95da7b7251318a1bf4ed04f9c83922:event_008_parent_turn_8 skipping — predecessor failed
2026-09-18 10:59:17,246 - inference_perf.datagen.replay.replay_graph_session_datagen - INFO - Event wekatrace178_98487e95da7b7251318a1bf4ed04f9c83922:event_009_parent_turn_9 skipping — predecessor failed
2026-09-18 10:59:17,247 - inference_perf.datagen.replay.replay_graph_session_datagen - INFO - Event wekatrace178_98487e95da7b7251318a1bf4ed04f9c83922:event_010_parent_turn_10 skipping — predecessor failed
2026-09-18 10:59:17,247 - inference_perf.datagen.replay.replay_graph_session_datagen - INFO - Event wekatrace178_98487e95da7b7251318a1bf4ed04f9c83922:event_011_parent_turn_11 skipping — predecessor failed
2026-09-18 10:59:17,247 - inference_perf.datagen.replay.replay_graph_session_datagen - INFO - Event wekatrace178_98487e95da7b7251318a1bf4ed04f9c83922:event_012_parent_turn_12 skipping — predecessor failed
2026-09-18 10:59:17,247 - inference_perf.datagen.replay.replay_graph_session_datagen - INFO - Event wekatrace178_98487e95da7b7251318a1bf4ed04f9c83922:event_013_parent_turn_13 skipping — predecessor failed
2026-09-18 10:59:17,247 - inference_perf.datagen.replay.replay_graph_session_datagen - INFO - Event wekatrace178_98487e95da7b7251318a1bf4ed04f9c83922:event_014_parent_turn_14 skipping — predecessor failed
2026-09-18 10:59:17,247 - inference_perf.datagen.replay.replay_graph_session_datagen - INFO - Event wekatrace178_98487e95da7b7251318a1bf4ed04f9c83922:event_015_parent_turn_15 skipping — predecessor failed
2026-09-18 10:59:17,247 - inference_perf.datagen.replay.replay_graph_session_datagen - INFO - Event wekatrace178_98487e95da7b7251318a1bf4ed04f9c83922:event_016_parent_turn_16 skipping — predecessor failed
2026-09-18 10:59:17,247 - inference_perf.datagen.replay.replay_graph_session_datagen - INFO - Event wekatrace178_98487e95da7b7251318a1bf4ed04f9c83922:event_017_parent_turn_17 skipping — predecessor failed
2026-09-18 10:59:17,247 - inference_perf.datagen.replay.replay_graph_session_datagen - INFO - Event wekatrace178_98487e95da7b7251318a1bf4ed04f9c83922:event_018_parent_turn_18 skipping — predecessor failed
2026-09-18 10:59:17,247 - inference_perf.datagen.replay.replay_graph_session_datagen - INFO - Event wekatrace178_98487e95da7b7251318a1bf4ed04f9c83922:event_019_parent_turn_19 skipping — predecessor failed
2026-09-18 10:59:17,247 - inference_perf.datagen.replay.replay_graph_session_datagen - INFO - Event wekatrace178_98487e95da7b7251318a1bf4ed04f9c83922:event_020_parent_turn_20 skipping — predecessor failed
2026-09-18 10:59:17,247 - inference_perf.datagen.replay.replay_graph_session_datagen - INFO - Event wekatrace178_98487e95da7b7251318a1bf4ed04f9c83922:event_021_parent_turn_21 skipping — predecessor failed
2026-09-18 10:59:17,247 - inference_perf.datagen.replay.replay_graph_session_datagen - INFO - Event wekatrace178_98487e95da7b7251318a1bf4ed04f9c83922:event_022_parent_turn_22 skipping — predecessor failed
2026-09-18 10:59:17,247 - inference_perf.datagen.replay.replay_graph_session_datagen - INFO - Event wekatrace178_98487e95da7b7251318a1bf4ed04f9c83922:event_023_parent_turn_23 skipping — predecessor failed
2026-09-18 10:59:17,247 - inference_perf.datagen.replay.replay_graph_session_datagen - INFO - Event wekatrace178_98487e95da7b7251318a1bf4ed04f9c83922:event_024_parent_turn_24 skipping — predecessor failed
2026-09-18 10:59:17,247 - inference_perf.datagen.replay.replay_graph_session_datagen - INFO - Event wekatrace178_98487e95da7b7251318a1bf4ed04f9c83922:event_025_parent_turn_25 skipping — predecessor failed
2026-09-18 10:59:17,248 - inference_perf.datagen.replay.replay_graph_session_datagen - INFO - Event wekatrace178_98487e95da7b7251318a1bf4ed04f9c83922:event_026_parent_turn_26 skipping — predecessor failed
2026-09-18 10:59:17,248 - inference_perf.datagen.replay.replay_graph_session_datagen - INFO - Event wekatrace178_98487e95da7b7251318a1bf4ed04f9c83922:event_027_parent_turn_27 skipping — predecessor failed
2026-09-18 10:59:17,248 - inference_perf.datagen.replay.replay_graph_session_datagen - INFO - Event wekatrace178_98487e95da7b7251318a1bf4ed04f9c83922:event_028_parent_turn_28 skipping — predecessor failed
2026-09-18 10:59:17,248 - inference_perf.datagen.replay.replay_graph_session_datagen - INFO - Event wekatrace178_98487e95da7b7251318a1bf4ed04f9c83922:event_029_parent_turn_29 skipping — predecessor failed
2026-09-18 10:59:17,248 - inference_perf.datagen.replay.replay_graph_session_datagen - INFO - Event wekatrace178_98487e95da7b7251318a1bf4ed04f9c83922:event_030_parent_turn_30 skipping — predecessor failed
2026-09-18 10:59:17,248 - inference_perf.datagen.replay.replay_graph_session_datagen - INFO - Event wekatrace178_98487e95da7b7251318a1bf4ed04f9c83922:event_031_parent_turn_31 skipping — predecessor failed
2026-09-18 10:59:17,248 - inference_perf.datagen.replay.replay_graph_session_datagen - INFO - Event wekatrace178_98487e95da7b7251318a1bf4ed04f9c83922:event_032_parent_turn_32 skipping — predecessor failed
2026-09-18 10:59:17,248 - inference_perf.datagen.replay.replay_graph_session_datagen - INFO - Event wekatrace178_98487e95da7b7251318a1bf4ed04f9c83922:event_033_parent_turn_33 skipping — predecessor failed
2026-09-18 10:59:17,248 - inference_perf.datagen.replay.replay_graph_session_datagen - INFO - Event wekatrace178_98487e95da7b7251318a1bf4ed04f9c83922:event_034_parent_turn_34 skipping — predecessor failed
2026-09-18 10:59:17,248 - inference_perf.datagen.replay.replay_graph_session_datagen - INFO - Event wekatrace178_98487e95da7b7251318a1bf4ed04f9c83922:event_035_parent_turn_35 skipping — predecessor failed
2026-09-18 10:59:17,248 - inference_perf.datagen.replay.replay_graph_session_datagen - INFO - Event wekatrace178_98487e95da7b7251318a1bf4ed04f9c83922:event_036_parent_turn_36 skipping — predecessor failed
2026-09-18 10:59:17,248 - inference_perf.datagen.replay.replay_graph_session_datagen - INFO - Event wekatrace178_98487e95da7b7251318a1bf4ed04f9c83922:event_037_parent_turn_37 skipping — predecessor failed
2026-09-18 10:59:17,248 - inference_perf.datagen.replay.replay_graph_session_datagen - INFO - Event wekatrace178_98487e95da7b7251318a1bf4ed04f9c83922:event_038_parent_turn_38 skipping — predecessor failed
2026-09-18 10:59:17,248 - inference_perf.datagen.replay.replay_graph_session_datagen - INFO - Event wekatrace178_98487e95da7b7251318a1bf4ed04f9c83922:event_039_parent_turn_39 skipping — predecessor failed
2026-09-18 10:59:17,248 - inference_perf.datagen.replay.replay_graph_session_datagen - INFO - Event wekatrace178_98487e95da7b7251318a1bf4ed04f9c83922:event_040_parent_turn_40 skipping — predecessor failed
2026-09-18 10:59:17,248 - inference_perf.datagen.replay.replay_graph_session_datagen - INFO - Event wekatrace178_98487e95da7b7251318a1bf4ed04f9c83922:event_041_parent_turn_41 skipping — predecessor failed
2026-09-18 10:59:17,249 - inference_perf.datagen.replay.replay_graph_session_datagen - INFO - Event wekatrace178_98487e95da7b7251318a1bf4ed04f9c83922:event_042_parent_turn_42 skipping — predecessor failed
2026-09-18 10:59:17,249 - inference_perf.datagen.replay.replay_graph_session_datagen - INFO - Event wekatrace178_98487e95da7b7251318a1bf4ed04f9c83922:event_043_parent_turn_43 skipping — predecessor failed
2026-09-18 10:59:17,249 - inference_perf.datagen.replay.replay_graph_session_datagen - INFO - Event wekatrace178_98487e95da7b7251318a1bf4ed04f9c83922:event_044_parent_turn_44 skipping — predecessor failed
2026-09-18 10:59:29,240 - inference_perf.datagen.replay.replay_graph_session_datagen - ERROR - Request failed for event wekatrace20_1091bb824ba2083b254e5315eede43dce225:event_007_parent_turn_7: TimeoutError: 
2026-09-18 10:59:29,241 - inference_perf.datagen.replay.replay_graph_session_datagen - INFO - Session wekatrace20_1091bb824ba2083b254e5315eede43dce225 failure notification sent to main process (cancelled_events=13)
2026-09-18 10:59:29,241 - inference_perf.client.modelserver.openai_client - ERROR - 
Traceback (most recent call last):
  File "/workspace/.venv/lib/python3.12/site-packages/aiohttp/streams.py", line 365, in _wait
    await waiter
asyncio.exceptions.CancelledError

The above exception was the direct cause of the following exception:

Traceback (most recent call last):
  File "/workspace/inference_perf/apis/streaming_parser.py", line 84, in parse_sse_stream
    async for chunk in response.content.iter_any():
  File "/workspace/.venv/lib/python3.12/site-packages/aiohttp/streams.py", line 46, in __anext__
    rv = await self.read_func()
         ^^^^^^^^^^^^^^^^^^^^^^
  File "/workspace/.venv/lib/python3.12/site-packages/aiohttp/streams.py", line 460, in readany
    await self._wait("readany")
  File "/workspace/.venv/lib/python3.12/site-packages/aiohttp/streams.py", line 364, in _wait
    with self._timer:
         ^^^^^^^^^^^
  File "/workspace/.venv/lib/python3.12/site-packages/aiohttp/helpers.py", line 759, in __exit__
    raise asyncio.TimeoutError from exc_val
TimeoutError

The above exception was the direct cause of the following exception:

Traceback (most recent call last):
  File "/workspace/inference_perf/client/modelserver/openai_client.py", line 557, in process_request
    info = await data.process_response(
           ^^^^^^^^^^^^^^^^^^^^^^^^^^^^
  File "/workspace/inference_perf/datagen/replay/replay_graph_session_datagen.py", line 1039, in process_response
    text_content, chunk_times, raw_content, response_chunks, server_usage = await parse_sse_stream(
                                                                            ^^^^^^^^^^^^^^^^^^^^^^^
  File "/workspace/inference_perf/apis/streaming_parser.py", line 119, in parse_sse_stream
    raise StreamInterruptedError(e, raw_content.decode("utf-8", errors="ignore")) from e
inference_perf.apis.streaming_parser.StreamInterruptedError
2026-09-18 10:59:29,242 - inference_perf.datagen.replay.replay_graph_session_datagen - INFO - Event wekatrace20_1091bb824ba2083b254e5315eede43dce225:event_008_parent_turn_8 skipping — predecessor failed
2026-09-18 10:59:29,242 - inference_perf.datagen.replay.replay_graph_session_datagen - INFO - Event wekatrace20_1091bb824ba2083b254e5315eede43dce225:event_010_parent_turn_10 skipping — predecessor failed
2026-09-18 10:59:29,242 - inference_perf.datagen.replay.replay_graph_session_datagen - INFO - Event wekatrace20_1091bb824ba2083b254e5315eede43dce225:event_009_parent_turn_9 skipping — predecessor failed
2026-09-18 10:59:29,242 - inference_perf.datagen.replay.replay_graph_session_datagen - INFO - Event wekatrace20_1091bb824ba2083b254e5315eede43dce225:event_011_parent_turn_11 skipping — predecessor failed
2026-09-18 10:59:29,242 - inference_perf.datagen.replay.replay_graph_session_datagen - INFO - Event wekatrace20_1091bb824ba2083b254e5315eede43dce225:event_012_parent_turn_12 skipping — predecessor failed
2026-09-18 10:59:29,243 - inference_perf.datagen.replay.replay_graph_session_datagen - INFO - Event wekatrace20_1091bb824ba2083b254e5315eede43dce225:event_013_parent_turn_13 skipping — predecessor failed
2026-09-18 10:59:29,244 - inference_perf.datagen.replay.replay_graph_session_datagen - INFO - Event wekatrace20_1091bb824ba2083b254e5315eede43dce225:event_014_parent_turn_14 skipping — predecessor failed
2026-09-18 10:59:29,244 - inference_perf.datagen.replay.replay_graph_session_datagen - INFO - Event wekatrace20_1091bb824ba2083b254e5315eede43dce225:event_015_parent_turn_15 skipping — predecessor failed
2026-09-18 10:59:29,244 - inference_perf.datagen.replay.replay_graph_session_datagen - INFO - Event wekatrace20_1091bb824ba2083b254e5315eede43dce225:event_016_parent_turn_16 skipping — predecessor failed
2026-09-18 10:59:29,244 - inference_perf.datagen.replay.replay_graph_session_datagen - INFO - Event wekatrace20_1091bb824ba2083b254e5315eede43dce225:event_017_parent_turn_17 skipping — predecessor failed
2026-09-18 10:59:29,244 - inference_perf.datagen.replay.replay_graph_session_datagen - INFO - Event wekatrace20_1091bb824ba2083b254e5315eede43dce225:event_018_parent_turn_18 skipping — predecessor failed
2026-09-18 10:59:29,244 - inference_perf.datagen.replay.replay_graph_session_datagen - INFO - Event wekatrace20_1091bb824ba2083b254e5315eede43dce225:event_019_parent_turn_19 skipping — predecessor failed
2026-09-18 10:59:29,244 - inference_perf.datagen.replay.replay_graph_session_datagen - INFO - Event wekatrace20_1091bb824ba2083b254e5315eede43dce225:event_020_parent_turn_20 skipping — predecessor failed
2026-09-18 10:59:40,240 - inference_perf.datagen.replay.replay_graph_session_datagen - ERROR - Request failed for event wekatrace194_a1fc1985dc2bfdfc6b1a28b15e7eba9f8773:event_002_parent_turn_2: TimeoutError: 
2026-09-18 10:59:40,241 - inference_perf.datagen.replay.replay_graph_session_datagen - INFO - Session wekatrace194_a1fc1985dc2bfdfc6b1a28b15e7eba9f8773 failure notification sent to main process (cancelled_events=20)
2026-09-18 10:59:40,241 - inference_perf.client.modelserver.openai_client - ERROR - 
Traceback (most recent call last):
  File "/workspace/.venv/lib/python3.12/site-packages/aiohttp/streams.py", line 365, in _wait
    await waiter
asyncio.exceptions.CancelledError

The above exception was the direct cause of the following exception:

Traceback (most recent call last):
  File "/workspace/inference_perf/apis/streaming_parser.py", line 84, in parse_sse_stream
    async for chunk in response.content.iter_any():
  File "/workspace/.venv/lib/python3.12/site-packages/aiohttp/streams.py", line 46, in __anext__
    rv = await self.read_func()
         ^^^^^^^^^^^^^^^^^^^^^^
  File "/workspace/.venv/lib/python3.12/site-packages/aiohttp/streams.py", line 460, in readany
    await self._wait("readany")
  File "/workspace/.venv/lib/python3.12/site-packages/aiohttp/streams.py", line 364, in _wait
    with self._timer:
         ^^^^^^^^^^^
  File "/workspace/.venv/lib/python3.12/site-packages/aiohttp/helpers.py", line 759, in __exit__
    raise asyncio.TimeoutError from exc_val
TimeoutError

The above exception was the direct cause of the following exception:

Traceback (most recent call last):
  File "/workspace/inference_perf/client/modelserver/openai_client.py", line 557, in process_request
    info = await data.process_response(
           ^^^^^^^^^^^^^^^^^^^^^^^^^^^^
  File "/workspace/inference_perf/datagen/replay/replay_graph_session_datagen.py", line 1039, in process_response
    text_content, chunk_times, raw_content, response_chunks, server_usage = await parse_sse_stream(
                                                                            ^^^^^^^^^^^^^^^^^^^^^^^
  File "/workspace/inference_perf/apis/streaming_parser.py", line 119, in parse_sse_stream
    raise StreamInterruptedError(e, raw_content.decode("utf-8", errors="ignore")) from e
inference_perf.apis.streaming_parser.StreamInterruptedError
2026-09-18 10:59:40,245 - inference_perf.datagen.replay.replay_graph_session_datagen - INFO - Event wekatrace194_a1fc1985dc2bfdfc6b1a28b15e7eba9f8773:event_003_parent_turn_3 skipping — predecessor failed
2026-09-18 10:59:40,245 - inference_perf.datagen.replay.replay_graph_session_datagen - INFO - Event wekatrace194_a1fc1985dc2bfdfc6b1a28b15e7eba9f8773:event_004_parent_turn_4 skipping — predecessor failed
2026-09-18 10:59:40,245 - inference_perf.datagen.replay.replay_graph_session_datagen - INFO - Event wekatrace194_a1fc1985dc2bfdfc6b1a28b15e7eba9f8773:event_005_parent_turn_5 skipping — predecessor failed
2026-09-18 10:59:40,245 - inference_perf.datagen.replay.replay_graph_session_datagen - INFO - Event wekatrace194_a1fc1985dc2bfdfc6b1a28b15e7eba9f8773:event_006_parent_turn_6 skipping — predecessor failed
2026-09-18 10:59:40,245 - inference_perf.datagen.replay.replay_graph_session_datagen - INFO - Event wekatrace194_a1fc1985dc2bfdfc6b1a28b15e7eba9f8773:event_007_parent_turn_7 skipping — predecessor failed
2026-09-18 10:59:40,245 - inference_perf.datagen.replay.replay_graph_session_datagen - INFO - Event wekatrace194_a1fc1985dc2bfdfc6b1a28b15e7eba9f8773:event_008_parent_turn_8 skipping — predecessor failed
2026-09-18 10:59:40,245 - inference_perf.datagen.replay.replay_graph_session_datagen - INFO - Event wekatrace194_a1fc1985dc2bfdfc6b1a28b15e7eba9f8773:event_009_parent_turn_9 skipping — predecessor failed
2026-09-18 10:59:40,245 - inference_perf.datagen.replay.replay_graph_session_datagen - INFO - Event wekatrace194_a1fc1985dc2bfdfc6b1a28b15e7eba9f8773:event_010_parent_turn_10 skipping — predecessor failed
2026-09-18 10:59:40,245 - inference_perf.datagen.replay.replay_graph_session_datagen - INFO - Event wekatrace194_a1fc1985dc2bfdfc6b1a28b15e7eba9f8773:event_011_parent_turn_11 skipping — predecessor failed
2026-09-18 10:59:40,245 - inference_perf.datagen.replay.replay_graph_session_datagen - INFO - Event wekatrace194_a1fc1985dc2bfdfc6b1a28b15e7eba9f8773:event_012_parent_turn_12 skipping — predecessor failed
2026-09-18 10:59:40,245 - inference_perf.datagen.replay.replay_graph_session_datagen - INFO - Event wekatrace194_a1fc1985dc2bfdfc6b1a28b15e7eba9f8773:event_013_parent_turn_13 skipping — predecessor failed
2026-09-18 10:59:40,245 - inference_perf.datagen.replay.replay_graph_session_datagen - INFO - Event wekatrace194_a1fc1985dc2bfdfc6b1a28b15e7eba9f8773:event_014_parent_turn_14 skipping — predecessor failed
2026-09-18 10:59:40,246 - inference_perf.datagen.replay.replay_graph_session_datagen - INFO - Event wekatrace194_a1fc1985dc2bfdfc6b1a28b15e7eba9f8773:event_015_parent_turn_15 skipping — predecessor failed
2026-09-18 10:59:40,246 - inference_perf.datagen.replay.replay_graph_session_datagen - INFO - Event wekatrace194_a1fc1985dc2bfdfc6b1a28b15e7eba9f8773:event_016_parent_turn_16 skipping — predecessor failed
2026-09-18 10:59:40,246 - inference_perf.datagen.replay.replay_graph_session_datagen - INFO - Event wekatrace194_a1fc1985dc2bfdfc6b1a28b15e7eba9f8773:event_017_parent_turn_17 skipping — predecessor failed
2026-09-18 10:59:40,246 - inference_perf.datagen.replay.replay_graph_session_datagen - INFO - Event wekatrace194_a1fc1985dc2bfdfc6b1a28b15e7eba9f8773:event_018_parent_turn_18 skipping — predecessor failed
2026-09-18 10:59:40,246 - inference_perf.datagen.replay.replay_graph_session_datagen - INFO - Event wekatrace194_a1fc1985dc2bfdfc6b1a28b15e7eba9f8773:event_019_parent_turn_19 skipping — predecessor failed
2026-09-18 10:59:40,246 - inference_perf.datagen.replay.replay_graph_session_datagen - INFO - Event wekatrace194_a1fc1985dc2bfdfc6b1a28b15e7eba9f8773:event_020_parent_turn_20 skipping — predecessor failed
2026-09-18 10:59:40,246 - inference_perf.datagen.replay.replay_graph_session_datagen - INFO - Event wekatrace194_a1fc1985dc2bfdfc6b1a28b15e7eba9f8773:event_021_parent_turn_21 skipping — predecessor failed
2026-09-18 10:59:40,246 - inference_perf.datagen.replay.replay_graph_session_datagen - INFO - Event wekatrace194_a1fc1985dc2bfdfc6b1a28b15e7eba9f8773:event_022_parent_turn_22 skipping — predecessor failed
2026-09-18 11:00:05,239 - inference_perf.datagen.replay.replay_graph_session_datagen - ERROR - Request failed for event wekatrace151_85464920f1ce7d1c5c4e35dce6c8125020b7:event_012_parent_turn_12: TimeoutError: 
2026-09-18 11:00:05,240 - inference_perf.datagen.replay.replay_graph_session_datagen - INFO - Session wekatrace151_85464920f1ce7d1c5c4e35dce6c8125020b7 failure notification sent to main process (cancelled_events=23)
2026-09-18 11:00:05,240 - inference_perf.client.modelserver.openai_client - ERROR - 
Traceback (most recent call last):
  File "/workspace/.venv/lib/python3.12/site-packages/aiohttp/streams.py", line 365, in _wait
    await waiter
asyncio.exceptions.CancelledError

The above exception was the direct cause of the following exception:

Traceback (most recent call last):
  File "/workspace/inference_perf/apis/streaming_parser.py", line 84, in parse_sse_stream
    async for chunk in response.content.iter_any():
  File "/workspace/.venv/lib/python3.12/site-packages/aiohttp/streams.py", line 46, in __anext__
    rv = await self.read_func()
         ^^^^^^^^^^^^^^^^^^^^^^
  File "/workspace/.venv/lib/python3.12/site-packages/aiohttp/streams.py", line 460, in readany
    await self._wait("readany")
  File "/workspace/.venv/lib/python3.12/site-packages/aiohttp/streams.py", line 364, in _wait
    with self._timer:
         ^^^^^^^^^^^
  File "/workspace/.venv/lib/python3.12/site-packages/aiohttp/helpers.py", line 759, in __exit__
    raise asyncio.TimeoutError from exc_val
TimeoutError

The above exception was the direct cause of the following exception:

Traceback (most recent call last):
  File "/workspace/inference_perf/client/modelserver/openai_client.py", line 557, in process_request
    info = await data.process_response(
           ^^^^^^^^^^^^^^^^^^^^^^^^^^^^
  File "/workspace/inference_perf/datagen/replay/replay_graph_session_datagen.py", line 1039, in process_response
    text_content, chunk_times, raw_content, response_chunks, server_usage = await parse_sse_stream(
                                                                            ^^^^^^^^^^^^^^^^^^^^^^^
  File "/workspace/inference_perf/apis/streaming_parser.py", line 119, in parse_sse_stream
    raise StreamInterruptedError(e, raw_content.decode("utf-8", errors="ignore")) from e
inference_perf.apis.streaming_parser.StreamInterruptedError
2026-09-18 11:00:05,242 - inference_perf.datagen.replay.replay_graph_session_datagen - INFO - Event wekatrace151_85464920f1ce7d1c5c4e35dce6c8125020b7:event_013_parent_turn_13 skipping — predecessor failed
2026-09-18 11:00:05,242 - inference_perf.datagen.replay.replay_graph_session_datagen - INFO - Event wekatrace151_85464920f1ce7d1c5c4e35dce6c8125020b7:event_014_parent_turn_14 skipping — predecessor failed
2026-09-18 11:00:05,242 - inference_perf.datagen.replay.replay_graph_session_datagen - INFO - Event wekatrace151_85464920f1ce7d1c5c4e35dce6c8125020b7:event_015_parent_turn_15 skipping — predecessor failed
2026-09-18 11:00:05,242 - inference_perf.datagen.replay.replay_graph_session_datagen - INFO - Event wekatrace151_85464920f1ce7d1c5c4e35dce6c8125020b7:event_016_parent_turn_16 skipping — predecessor failed
2026-09-18 11:00:05,242 - inference_perf.datagen.replay.replay_graph_session_datagen - INFO - Event wekatrace151_85464920f1ce7d1c5c4e35dce6c8125020b7:event_017_parent_turn_17 skipping — predecessor failed
2026-09-18 11:00:05,242 - inference_perf.datagen.replay.replay_graph_session_datagen - INFO - Event wekatrace151_85464920f1ce7d1c5c4e35dce6c8125020b7:event_018_parent_turn_18 skipping — predecessor failed
2026-09-18 11:00:05,242 - inference_perf.datagen.replay.replay_graph_session_datagen - INFO - Event wekatrace151_85464920f1ce7d1c5c4e35dce6c8125020b7:event_019_parent_turn_19 skipping — predecessor failed
2026-09-18 11:00:05,242 - inference_perf.datagen.replay.replay_graph_session_datagen - INFO - Event wekatrace151_85464920f1ce7d1c5c4e35dce6c8125020b7:event_020_parent_turn_20 skipping — predecessor failed
2026-09-18 11:00:05,243 - inference_perf.datagen.replay.replay_graph_session_datagen - INFO - Event wekatrace151_85464920f1ce7d1c5c4e35dce6c8125020b7:event_021_parent_turn_21 skipping — predecessor failed
2026-09-18 11:00:05,243 - inference_perf.datagen.replay.replay_graph_session_datagen - INFO - Event wekatrace151_85464920f1ce7d1c5c4e35dce6c8125020b7:event_022_parent_turn_22 skipping — predecessor failed
2026-09-18 11:00:05,243 - inference_perf.datagen.replay.replay_graph_session_datagen - INFO - Event wekatrace151_85464920f1ce7d1c5c4e35dce6c8125020b7:event_023_parent_turn_23 skipping — predecessor failed
2026-09-18 11:00:05,243 - inference_perf.datagen.replay.replay_graph_session_datagen - INFO - Event wekatrace151_85464920f1ce7d1c5c4e35dce6c8125020b7:event_024_parent_turn_24 skipping — predecessor failed
2026-09-18 11:00:05,243 - inference_perf.datagen.replay.replay_graph_session_datagen - INFO - Event wekatrace151_85464920f1ce7d1c5c4e35dce6c8125020b7:event_025_parent_turn_25 skipping — predecessor failed
2026-09-18 11:00:05,243 - inference_perf.datagen.replay.replay_graph_session_datagen - INFO - Event wekatrace151_85464920f1ce7d1c5c4e35dce6c8125020b7:event_026_parent_turn_26 skipping — predecessor failed
2026-09-18 11:00:05,243 - inference_perf.datagen.replay.replay_graph_session_datagen - INFO - Event wekatrace151_85464920f1ce7d1c5c4e35dce6c8125020b7:event_027_parent_turn_27 skipping — predecessor failed
2026-09-18 11:00:05,243 - inference_perf.datagen.replay.replay_graph_session_datagen - INFO - Event wekatrace151_85464920f1ce7d1c5c4e35dce6c8125020b7:event_028_parent_turn_28 skipping — predecessor failed
2026-09-18 11:00:05,243 - inference_perf.datagen.replay.replay_graph_session_datagen - INFO - Event wekatrace151_85464920f1ce7d1c5c4e35dce6c8125020b7:event_029_parent_turn_29 skipping — predecessor failed
2026-09-18 11:00:05,243 - inference_perf.datagen.replay.replay_graph_session_datagen - INFO - Event wekatrace151_85464920f1ce7d1c5c4e35dce6c8125020b7:event_030_parent_turn_30 skipping — predecessor failed
2026-09-18 11:00:05,243 - inference_perf.datagen.replay.replay_graph_session_datagen - INFO - Event wekatrace151_85464920f1ce7d1c5c4e35dce6c8125020b7:event_031_parent_turn_31 skipping — predecessor failed
2026-09-18 11:00:05,243 - inference_perf.datagen.replay.replay_graph_session_datagen - INFO - Event wekatrace151_85464920f1ce7d1c5c4e35dce6c8125020b7:event_032_parent_turn_32 skipping — predecessor failed
2026-09-18 11:00:05,243 - inference_perf.datagen.replay.replay_graph_session_datagen - INFO - Event wekatrace151_85464920f1ce7d1c5c4e35dce6c8125020b7:event_033_parent_turn_33 skipping — predecessor failed
2026-09-18 11:00:05,243 - inference_perf.datagen.replay.replay_graph_session_datagen - INFO - Event wekatrace151_85464920f1ce7d1c5c4e35dce6c8125020b7:event_034_parent_turn_34 skipping — predecessor failed
2026-09-18 11:00:05,243 - inference_perf.datagen.replay.replay_graph_session_datagen - INFO - Event wekatrace151_85464920f1ce7d1c5c4e35dce6c8125020b7:event_035_parent_turn_35 skipping — predecessor failed
2026-09-18 11:00:37,240 - inference_perf.datagen.replay.replay_graph_session_datagen - ERROR - Request failed for event wekatrace18_0da3a3bea6f3559a2eff4114839b328dad53:event_009_parent_turn_9: TimeoutError: 
2026-09-18 11:00:37,241 - inference_perf.datagen.replay.replay_graph_session_datagen - INFO - Session wekatrace18_0da3a3bea6f3559a2eff4114839b328dad53 failure notification sent to main process (cancelled_events=8)
2026-09-18 11:00:37,241 - inference_perf.client.modelserver.openai_client - ERROR - 
Traceback (most recent call last):
  File "/workspace/.venv/lib/python3.12/site-packages/aiohttp/streams.py", line 365, in _wait
    await waiter
asyncio.exceptions.CancelledError

The above exception was the direct cause of the following exception:

Traceback (most recent call last):
  File "/workspace/inference_perf/apis/streaming_parser.py", line 84, in parse_sse_stream
    async for chunk in response.content.iter_any():
  File "/workspace/.venv/lib/python3.12/site-packages/aiohttp/streams.py", line 46, in __anext__
    rv = await self.read_func()
         ^^^^^^^^^^^^^^^^^^^^^^
  File "/workspace/.venv/lib/python3.12/site-packages/aiohttp/streams.py", line 460, in readany
    await self._wait("readany")
  File "/workspace/.venv/lib/python3.12/site-packages/aiohttp/streams.py", line 364, in _wait
    with self._timer:
         ^^^^^^^^^^^
  File "/workspace/.venv/lib/python3.12/site-packages/aiohttp/helpers.py", line 759, in __exit__
    raise asyncio.TimeoutError from exc_val
TimeoutError

The above exception was the direct cause of the following exception:

Traceback (most recent call last):
  File "/workspace/inference_perf/client/modelserver/openai_client.py", line 557, in process_request
    info = await data.process_response(
           ^^^^^^^^^^^^^^^^^^^^^^^^^^^^
  File "/workspace/inference_perf/datagen/replay/replay_graph_session_datagen.py", line 1039, in process_response
    text_content, chunk_times, raw_content, response_chunks, server_usage = await parse_sse_stream(
                                                                            ^^^^^^^^^^^^^^^^^^^^^^^
  File "/workspace/inference_perf/apis/streaming_parser.py", line 119, in parse_sse_stream
    raise StreamInterruptedError(e, raw_content.decode("utf-8", errors="ignore")) from e
inference_perf.apis.streaming_parser.StreamInterruptedError
2026-09-18 11:00:37,245 - inference_perf.datagen.replay.replay_graph_session_datagen - INFO - Event wekatrace18_0da3a3bea6f3559a2eff4114839b328dad53:event_010_parent_turn_10 skipping — predecessor failed
2026-09-18 11:00:37,245 - inference_perf.datagen.replay.replay_graph_session_datagen - INFO - Event wekatrace18_0da3a3bea6f3559a2eff4114839b328dad53:event_011_parent_turn_11 skipping — predecessor failed
2026-09-18 11:00:37,245 - inference_perf.datagen.replay.replay_graph_session_datagen - INFO - Event wekatrace18_0da3a3bea6f3559a2eff4114839b328dad53:event_012_parent_turn_12 skipping — predecessor failed
2026-09-18 11:00:37,245 - inference_perf.datagen.replay.replay_graph_session_datagen - INFO - Event wekatrace18_0da3a3bea6f3559a2eff4114839b328dad53:event_013_parent_turn_13 skipping — predecessor failed
2026-09-18 11:00:37,246 - inference_perf.datagen.replay.replay_graph_session_datagen - INFO - Event wekatrace18_0da3a3bea6f3559a2eff4114839b328dad53:event_014_parent_turn_14 skipping — predecessor failed
2026-09-18 11:00:37,246 - inference_perf.datagen.replay.replay_graph_session_datagen - INFO - Event wekatrace18_0da3a3bea6f3559a2eff4114839b328dad53:event_015_parent_turn_15 skipping — predecessor failed
2026-09-18 11:00:37,246 - inference_perf.datagen.replay.replay_graph_session_datagen - INFO - Event wekatrace18_0da3a3bea6f3559a2eff4114839b328dad53:event_016_parent_turn_16 skipping — predecessor failed
2026-09-18 11:00:37,246 - inference_perf.datagen.replay.replay_graph_session_datagen - INFO - Event wekatrace18_0da3a3bea6f3559a2eff4114839b328dad53:event_017_parent_turn_17 skipping — predecessor failed
2026-09-18 11:02:08,241 - inference_perf.datagen.replay.replay_graph_session_datagen - ERROR - Request failed for event wekatrace190_a0e492862f175caaeeb035530a09b57c2a05:event_006_parent_turn_6: TimeoutError: 
2026-09-18 11:02:08,241 - inference_perf.datagen.replay.replay_graph_session_datagen - INFO - Session wekatrace190_a0e492862f175caaeeb035530a09b57c2a05 failure notification sent to main process (cancelled_events=294)
2026-09-18 11:02:08,241 - inference_perf.client.modelserver.openai_client - ERROR - 
Traceback (most recent call last):
  File "/workspace/.venv/lib/python3.12/site-packages/aiohttp/streams.py", line 365, in _wait
    await waiter
asyncio.exceptions.CancelledError

The above exception was the direct cause of the following exception:

Traceback (most recent call last):
  File "/workspace/inference_perf/apis/streaming_parser.py", line 84, in parse_sse_stream
    async for chunk in response.content.iter_any():
  File "/workspace/.venv/lib/python3.12/site-packages/aiohttp/streams.py", line 46, in __anext__
    rv = await self.read_func()
         ^^^^^^^^^^^^^^^^^^^^^^
  File "/workspace/.venv/lib/python3.12/site-packages/aiohttp/streams.py", line 460, in readany
    await self._wait("readany")
  File "/workspace/.venv/lib/python3.12/site-packages/aiohttp/streams.py", line 364, in _wait
    with self._timer:
         ^^^^^^^^^^^
  File "/workspace/.venv/lib/python3.12/site-packages/aiohttp/helpers.py", line 759, in __exit__
    raise asyncio.TimeoutError from exc_val
TimeoutError

The above exception was the direct cause of the following exception:

Traceback (most recent call last):
  File "/workspace/inference_perf/client/modelserver/openai_client.py", line 557, in process_request
    info = await data.process_response(
           ^^^^^^^^^^^^^^^^^^^^^^^^^^^^
  File "/workspace/inference_perf/datagen/replay/replay_graph_session_datagen.py", line 1039, in process_response
    text_content, chunk_times, raw_content, response_chunks, server_usage = await parse_sse_stream(
                                                                            ^^^^^^^^^^^^^^^^^^^^^^^
  File "/workspace/inference_perf/apis/streaming_parser.py", line 119, in parse_sse_stream
    raise StreamInterruptedError(e, raw_content.decode("utf-8", errors="ignore")) from e
inference_perf.apis.streaming_parser.StreamInterruptedError
2026-09-18 11:02:08,244 - inference_perf.datagen.replay.replay_graph_session_datagen - INFO - Event wekatrace190_a0e492862f175caaeeb035530a09b57c2a05:event_007_parent_turn_7 skipping — predecessor failed
2026-09-18 11:02:08,244 - inference_perf.datagen.replay.replay_graph_session_datagen - INFO - Event wekatrace190_a0e492862f175caaeeb035530a09b57c2a05:event_008_parent_turn_8 skipping — predecessor failed
2026-09-18 11:02:08,244 - inference_perf.datagen.replay.replay_graph_session_datagen - INFO - Event wekatrace190_a0e492862f175caaeeb035530a09b57c2a05:event_009_parent_turn_9 skipping — predecessor failed
2026-09-18 11:02:08,244 - inference_perf.datagen.replay.replay_graph_session_datagen - INFO - Event wekatrace190_a0e492862f175caaeeb035530a09b57c2a05:event_010_parent_turn_10 skipping — predecessor failed
2026-09-18 11:02:08,244 - inference_perf.datagen.replay.replay_graph_session_datagen - INFO - Event wekatrace190_a0e492862f175caaeeb035530a09b57c2a05:event_011_parent_turn_11 skipping — predecessor failed
2026-09-18 11:02:08,244 - inference_perf.datagen.replay.replay_graph_session_datagen - INFO - Event wekatrace190_a0e492862f175caaeeb035530a09b57c2a05:event_012_parent_turn_12 skipping — predecessor failed
2026-09-18 11:02:08,245 - inference_perf.datagen.replay.replay_graph_session_datagen - INFO - Event wekatrace190_a0e492862f175caaeeb035530a09b57c2a05:event_013_parent_turn_13 skipping — predecessor failed
2026-09-18 11:02:08,245 - inference_perf.datagen.replay.replay_graph_session_datagen - INFO - Event wekatrace190_a0e492862f175caaeeb035530a09b57c2a05:event_014_parent_turn_14 skipping — predecessor failed
2026-09-18 11:02:08,245 - inference_perf.datagen.replay.replay_graph_session_datagen - INFO - Event wekatrace190_a0e492862f175caaeeb035530a09b57c2a05:event_015_parent_turn_15 skipping — predecessor failed
2026-09-18 11:02:08,245 - inference_perf.datagen.replay.replay_graph_session_datagen - INFO - Event wekatrace190_a0e492862f175caaeeb035530a09b57c2a05:event_016_parent_turn_16 skipping — predecessor failed
2026-09-18 11:02:08,245 - inference_perf.datagen.replay.replay_graph_session_datagen - INFO - Event wekatrace190_a0e492862f175caaeeb035530a09b57c2a05:event_017_parent_turn_17 skipping — predecessor failed
2026-09-18 11:02:08,245 - inference_perf.datagen.replay.replay_graph_session_datagen - INFO - Event wekatrace190_a0e492862f175caaeeb035530a09b57c2a05:event_018_parent_turn_18 skipping — predecessor failed
2026-09-18 11:02:08,245 - inference_perf.datagen.replay.replay_graph_session_datagen - INFO - Event wekatrace190_a0e492862f175caaeeb035530a09b57c2a05:event_019_parent_turn_19 skipping — predecessor failed
2026-09-18 11:02:08,245 - inference_perf.datagen.replay.replay_graph_session_datagen - INFO - Event wekatrace190_a0e492862f175caaeeb035530a09b57c2a05:event_020_parent_turn_20 skipping — predecessor failed
2026-09-18 11:02:08,245 - inference_perf.datagen.replay.replay_graph_session_datagen - INFO - Event wekatrace190_a0e492862f175caaeeb035530a09b57c2a05:event_021_parent_turn_21 skipping — predecessor failed
2026-09-18 11:02:08,245 - inference_perf.datagen.replay.replay_graph_session_datagen - INFO - Event wekatrace190_a0e492862f175caaeeb035530a09b57c2a05:event_022_parent_turn_22 skipping — predecessor failed
2026-09-18 11:02:08,246 - inference_perf.datagen.replay.replay_graph_session_datagen - INFO - Event wekatrace190_a0e492862f175caaeeb035530a09b57c2a05:event_023_parent_turn_23 skipping — predecessor failed
2026-09-18 11:02:08,246 - inference_perf.datagen.replay.replay_graph_session_datagen - INFO - Event wekatrace190_a0e492862f175caaeeb035530a09b57c2a05:event_024_parent_turn_24 skipping — predecessor failed
2026-09-18 11:02:08,246 - inference_perf.datagen.replay.replay_graph_session_datagen - INFO - Event wekatrace190_a0e492862f175caaeeb035530a09b57c2a05:event_025_parent_turn_25 skipping — predecessor failed
2026-09-18 11:02:08,246 - inference_perf.datagen.replay.replay_graph_session_datagen - INFO - Event wekatrace190_a0e492862f175caaeeb035530a09b57c2a05:event_026_parent_turn_26 skipping — predecessor failed
2026-09-18 11:02:08,246 - inference_perf.datagen.replay.replay_graph_session_datagen - INFO - Event wekatrace190_a0e492862f175caaeeb035530a09b57c2a05:event_027_parent_turn_27 skipping — predecessor failed
2026-09-18 11:02:08,246 - inference_perf.datagen.replay.replay_graph_session_datagen - INFO - Event wekatrace190_a0e492862f175caaeeb035530a09b57c2a05:event_028_parent_turn_28 skipping — predecessor failed
2026-09-18 11:02:08,246 - inference_perf.datagen.replay.replay_graph_session_datagen - INFO - Event wekatrace190_a0e492862f175caaeeb035530a09b57c2a05:event_029_parent_turn_29 skipping — predecessor failed
2026-09-18 11:02:08,246 - inference_perf.datagen.replay.replay_graph_session_datagen - INFO - Event wekatrace190_a0e492862f175caaeeb035530a09b57c2a05:event_030_parent_turn_30 skipping — predecessor failed
2026-09-18 11:02:08,246 - inference_perf.datagen.replay.replay_graph_session_datagen - INFO - Event wekatrace190_a0e492862f175caaeeb035530a09b57c2a05:event_031_parent_turn_31 skipping — predecessor failed
2026-09-18 11:02:08,246 - inference_perf.datagen.replay.replay_graph_session_datagen - INFO - Event wekatrace190_a0e492862f175caaeeb035530a09b57c2a05:event_032_parent_turn_32 skipping — predecessor failed
2026-09-18 11:02:08,247 - inference_perf.datagen.replay.replay_graph_session_datagen - INFO - Event wekatrace190_a0e492862f175caaeeb035530a09b57c2a05:event_033_parent_turn_33 skipping — predecessor failed
2026-09-18 11:02:08,247 - inference_perf.datagen.replay.replay_graph_session_datagen - INFO - Event wekatrace190_a0e492862f175caaeeb035530a09b57c2a05:event_034_parent_turn_34 skipping — predecessor failed
2026-09-18 11:02:08,247 - inference_perf.datagen.replay.replay_graph_session_datagen - INFO - Event wekatrace190_a0e492862f175caaeeb035530a09b57c2a05:event_035_parent_turn_35 skipping — predecessor failed
2026-09-18 11:02:08,247 - inference_perf.datagen.replay.replay_graph_session_datagen - INFO - Event wekatrace190_a0e492862f175caaeeb035530a09b57c2a05:event_036_parent_turn_36 skipping — predecessor failed
2026-09-18 11:02:08,247 - inference_perf.datagen.replay.replay_graph_session_datagen - INFO - Event wekatrace190_a0e492862f175caaeeb035530a09b57c2a05:event_037_parent_turn_37 skipping — predecessor failed
2026-09-18 11:02:08,247 - inference_perf.datagen.replay.replay_graph_session_datagen - INFO - Event wekatrace190_a0e492862f175caaeeb035530a09b57c2a05:event_038_parent_turn_38 skipping — predecessor failed
2026-09-18 11:02:08,247 - inference_perf.datagen.replay.replay_graph_session_datagen - INFO - Event wekatrace190_a0e492862f175caaeeb035530a09b57c2a05:event_039_parent_turn_39 skipping — predecessor failed
2026-09-18 11:02:08,247 - inference_perf.datagen.replay.replay_graph_session_datagen - INFO - Event wekatrace190_a0e492862f175caaeeb035530a09b57c2a05:event_040_parent_turn_40 skipping — predecessor failed
2026-09-18 11:02:08,247 - inference_perf.datagen.replay.replay_graph_session_datagen - INFO - Event wekatrace190_a0e492862f175caaeeb035530a09b57c2a05:event_041_parent_turn_41 skipping — predecessor failed
2026-09-18 11:02:08,247 - inference_perf.datagen.replay.replay_graph_session_datagen - INFO - Event wekatrace190_a0e492862f175caaeeb035530a09b57c2a05:event_042_parent_turn_42 skipping — predecessor failed
2026-09-18 11:02:08,247 - inference_perf.datagen.replay.replay_graph_session_datagen - INFO - Event wekatrace190_a0e492862f175caaeeb035530a09b57c2a05:event_043_parent_turn_43 skipping — predecessor failed
2026-09-18 11:02:08,247 - inference_perf.datagen.replay.replay_graph_session_datagen - INFO - Event wekatrace190_a0e492862f175caaeeb035530a09b57c2a05:event_044_parent_turn_44 skipping — predecessor failed
2026-09-18 11:02:08,247 - inference_perf.datagen.replay.replay_graph_session_datagen - INFO - Event wekatrace190_a0e492862f175caaeeb035530a09b57c2a05:event_045_parent_turn_45 skipping — predecessor failed
2026-09-18 11:02:08,247 - inference_perf.datagen.replay.replay_graph_session_datagen - INFO - Event wekatrace190_a0e492862f175caaeeb035530a09b57c2a05:event_046_parent_turn_46 skipping — predecessor failed
2026-09-18 11:02:08,247 - inference_perf.datagen.replay.replay_graph_session_datagen - INFO - Event wekatrace190_a0e492862f175caaeeb035530a09b57c2a05:event_047_parent_turn_47 skipping — predecessor failed
2026-09-18 11:02:08,247 - inference_perf.datagen.replay.replay_graph_session_datagen - INFO - Event wekatrace190_a0e492862f175caaeeb035530a09b57c2a05:event_048_parent_turn_48 skipping — predecessor failed
2026-09-18 11:02:08,247 - inference_perf.datagen.replay.replay_graph_session_datagen - INFO - Event wekatrace190_a0e492862f175caaeeb035530a09b57c2a05:event_049_parent_turn_49 skipping — predecessor failed
2026-09-18 11:02:08,247 - inference_perf.datagen.replay.replay_graph_session_datagen - INFO - Event wekatrace190_a0e492862f175caaeeb035530a09b57c2a05:event_050_parent_turn_50 skipping — predecessor failed
2026-09-18 11:02:08,247 - inference_perf.datagen.replay.replay_graph_session_datagen - INFO - Event wekatrace190_a0e492862f175caaeeb035530a09b57c2a05:event_051_parent_turn_51 skipping — predecessor failed
2026-09-18 11:02:08,248 - inference_perf.datagen.replay.replay_graph_session_datagen - INFO - Event wekatrace190_a0e492862f175caaeeb035530a09b57c2a05:event_052_parent_turn_52 skipping — predecessor failed
2026-09-18 11:02:08,248 - inference_perf.datagen.replay.replay_graph_session_datagen - INFO - Event wekatrace190_a0e492862f175caaeeb035530a09b57c2a05:event_053_parent_turn_53 skipping — predecessor failed
2026-09-18 11:02:08,248 - inference_perf.datagen.replay.replay_graph_session_datagen - INFO - Event wekatrace190_a0e492862f175caaeeb035530a09b57c2a05:event_054_parent_turn_54 skipping — predecessor failed
2026-09-18 11:02:08,248 - inference_perf.datagen.replay.replay_graph_session_datagen - INFO - Event wekatrace190_a0e492862f175caaeeb035530a09b57c2a05:event_055_parent_turn_55 skipping — predecessor failed
2026-09-18 11:02:08,248 - inference_perf.datagen.replay.replay_graph_session_datagen - INFO - Event wekatrace190_a0e492862f175caaeeb035530a09b57c2a05:event_056_parent_turn_56 skipping — predecessor failed
2026-09-18 11:02:08,248 - inference_perf.datagen.replay.replay_graph_session_datagen - INFO - Event wekatrace190_a0e492862f175caaeeb035530a09b57c2a05:event_057_parent_turn_57 skipping — predecessor failed
2026-09-18 11:02:08,248 - inference_perf.datagen.replay.replay_graph_session_datagen - INFO - Event wekatrace190_a0e492862f175caaeeb035530a09b57c2a05:event_058_parent_turn_58 skipping — predecessor failed
2026-09-18 11:02:08,248 - inference_perf.datagen.replay.replay_graph_session_datagen - INFO - Event wekatrace190_a0e492862f175caaeeb035530a09b57c2a05:event_059_parent_turn_59 skipping — predecessor failed
2026-09-18 11:02:08,248 - inference_perf.datagen.replay.replay_graph_session_datagen - INFO - Event wekatrace190_a0e492862f175caaeeb035530a09b57c2a05:event_060_parent_turn_60 skipping — predecessor failed
2026-09-18 11:02:08,248 - inference_perf.datagen.replay.replay_graph_session_datagen - INFO - Event wekatrace190_a0e492862f175caaeeb035530a09b57c2a05:event_061_parent_turn_61 skipping — predecessor failed
2026-09-18 11:02:08,248 - inference_perf.datagen.replay.replay_graph_session_datagen - INFO - Event wekatrace190_a0e492862f175caaeeb035530a09b57c2a05:event_062_parent_turn_62 skipping — predecessor failed
2026-09-18 11:02:08,248 - inference_perf.datagen.replay.replay_graph_session_datagen - INFO - Event wekatrace190_a0e492862f175caaeeb035530a09b57c2a05:event_063_parent_turn_63 skipping — predecessor failed
2026-09-18 11:02:08,248 - inference_perf.datagen.replay.replay_graph_session_datagen - INFO - Event wekatrace190_a0e492862f175caaeeb035530a09b57c2a05:event_064_parent_turn_64 skipping — predecessor failed
2026-09-18 11:02:08,248 - inference_perf.datagen.replay.replay_graph_session_datagen - INFO - Event wekatrace190_a0e492862f175caaeeb035530a09b57c2a05:event_065_parent_turn_65 skipping — predecessor failed
2026-09-18 11:02:08,248 - inference_perf.datagen.replay.replay_graph_session_datagen - INFO - Event wekatrace190_a0e492862f175caaeeb035530a09b57c2a05:event_066_parent_turn_66 skipping — predecessor failed
2026-09-18 11:02:08,248 - inference_perf.datagen.replay.replay_graph_session_datagen - INFO - Event wekatrace190_a0e492862f175caaeeb035530a09b57c2a05:event_067_parent_turn_67 skipping — predecessor failed
2026-09-18 11:02:08,248 - inference_perf.datagen.replay.replay_graph_session_datagen - INFO - Event wekatrace190_a0e492862f175caaeeb035530a09b57c2a05:event_068_parent_turn_68 skipping — predecessor failed
2026-09-18 11:02:08,248 - inference_perf.datagen.replay.replay_graph_session_datagen - INFO - Event wekatrace190_a0e492862f175caaeeb035530a09b57c2a05:event_069_parent_turn_69 skipping — predecessor failed
2026-09-18 11:02:08,248 - inference_perf.datagen.replay.replay_graph_session_datagen - INFO - Event wekatrace190_a0e492862f175caaeeb035530a09b57c2a05:event_070_parent_turn_70 skipping — predecessor failed
2026-09-18 11:02:08,248 - inference_perf.datagen.replay.replay_graph_session_datagen - INFO - Event wekatrace190_a0e492862f175caaeeb035530a09b57c2a05:event_071_parent_turn_71 skipping — predecessor failed
2026-09-18 11:02:08,248 - inference_perf.datagen.replay.replay_graph_session_datagen - INFO - Event wekatrace190_a0e492862f175caaeeb035530a09b57c2a05:event_072_parent_turn_72 skipping — predecessor failed
2026-09-18 11:02:08,249 - inference_perf.datagen.replay.replay_graph_session_datagen - INFO - Event wekatrace190_a0e492862f175caaeeb035530a09b57c2a05:event_073_parent_turn_73 skipping — predecessor failed
2026-09-18 11:02:08,249 - inference_perf.datagen.replay.replay_graph_session_datagen - INFO - Event wekatrace190_a0e492862f175caaeeb035530a09b57c2a05:event_074_parent_turn_74 skipping — predecessor failed
2026-09-18 11:02:08,249 - inference_perf.datagen.replay.replay_graph_session_datagen - INFO - Event wekatrace190_a0e492862f175caaeeb035530a09b57c2a05:event_075_parent_turn_75 skipping — predecessor failed
2026-09-18 11:02:08,249 - inference_perf.datagen.replay.replay_graph_session_datagen - INFO - Event wekatrace190_a0e492862f175caaeeb035530a09b57c2a05:event_076_parent_turn_76 skipping — predecessor failed
2026-09-18 11:02:08,249 - inference_perf.datagen.replay.replay_graph_session_datagen - INFO - Event wekatrace190_a0e492862f175caaeeb035530a09b57c2a05:event_077_parent_turn_77 skipping — predecessor failed
2026-09-18 11:02:08,249 - inference_perf.datagen.replay.replay_graph_session_datagen - INFO - Event wekatrace190_a0e492862f175caaeeb035530a09b57c2a05:event_078_parent_turn_78 skipping — predecessor failed
2026-09-18 11:02:08,249 - inference_perf.datagen.replay.replay_graph_session_datagen - INFO - Event wekatrace190_a0e492862f175caaeeb035530a09b57c2a05:event_079_parent_turn_79 skipping — predecessor failed
2026-09-18 11:02:08,249 - inference_perf.datagen.replay.replay_graph_session_datagen - INFO - Event wekatrace190_a0e492862f175caaeeb035530a09b57c2a05:event_080_parent_turn_80 skipping — predecessor failed
2026-09-18 11:02:08,249 - inference_perf.datagen.replay.replay_graph_session_datagen - INFO - Event wekatrace190_a0e492862f175caaeeb035530a09b57c2a05:event_081_parent_turn_81 skipping — predecessor failed
2026-09-18 11:02:08,249 - inference_perf.datagen.replay.replay_graph_session_datagen - INFO - Event wekatrace190_a0e492862f175caaeeb035530a09b57c2a05:event_082_parent_turn_82 skipping — predecessor failed
2026-09-18 11:02:08,249 - inference_perf.datagen.replay.replay_graph_session_datagen - INFO - Event wekatrace190_a0e492862f175caaeeb035530a09b57c2a05:event_083_parent_turn_83 skipping — predecessor failed
2026-09-18 11:02:08,249 - inference_perf.datagen.replay.replay_graph_session_datagen - INFO - Event wekatrace190_a0e492862f175caaeeb035530a09b57c2a05:event_084_parent_turn_84 skipping — predecessor failed
2026-09-18 11:02:08,249 - inference_perf.datagen.replay.replay_graph_session_datagen - INFO - Event wekatrace190_a0e492862f175caaeeb035530a09b57c2a05:event_085_parent_turn_85 skipping — predecessor failed
2026-09-18 11:02:08,249 - inference_perf.datagen.replay.replay_graph_session_datagen - INFO - Event wekatrace190_a0e492862f175caaeeb035530a09b57c2a05:event_086_parent_turn_86 skipping — predecessor failed
2026-09-18 11:02:08,249 - inference_perf.datagen.replay.replay_graph_session_datagen - INFO - Event wekatrace190_a0e492862f175caaeeb035530a09b57c2a05:event_087_parent_turn_87 skipping — predecessor failed
2026-09-18 11:02:08,249 - inference_perf.datagen.replay.replay_graph_session_datagen - INFO - Event wekatrace190_a0e492862f175caaeeb035530a09b57c2a05:event_088_parent_turn_88 skipping — predecessor failed
2026-09-18 11:02:08,249 - inference_perf.datagen.replay.replay_graph_session_datagen - INFO - Event wekatrace190_a0e492862f175caaeeb035530a09b57c2a05:event_089_parent_turn_89 skipping — predecessor failed
2026-09-18 11:02:08,249 - inference_perf.datagen.replay.replay_graph_session_datagen - INFO - Event wekatrace190_a0e492862f175caaeeb035530a09b57c2a05:event_090_parent_turn_90 skipping — predecessor failed
2026-09-18 11:02:08,249 - inference_perf.datagen.replay.replay_graph_session_datagen - INFO - Event wekatrace190_a0e492862f175caaeeb035530a09b57c2a05:event_091_parent_turn_91 skipping — predecessor failed
2026-09-18 11:02:08,249 - inference_perf.datagen.replay.replay_graph_session_datagen - INFO - Event wekatrace190_a0e492862f175caaeeb035530a09b57c2a05:event_092_parent_turn_92 skipping — predecessor failed
2026-09-18 11:02:08,250 - inference_perf.datagen.replay.replay_graph_session_datagen - INFO - Event wekatrace190_a0e492862f175caaeeb035530a09b57c2a05:event_093_parent_turn_93 skipping — predecessor failed
2026-09-18 11:02:08,250 - inference_perf.datagen.replay.replay_graph_session_datagen - INFO - Event wekatrace190_a0e492862f175caaeeb035530a09b57c2a05:event_094_parent_turn_94 skipping — predecessor failed
2026-09-18 11:02:08,250 - inference_perf.datagen.replay.replay_graph_session_datagen - INFO - Event wekatrace190_a0e492862f175caaeeb035530a09b57c2a05:event_095_parent_turn_95 skipping — predecessor failed
2026-09-18 11:02:08,250 - inference_perf.datagen.replay.replay_graph_session_datagen - INFO - Event wekatrace190_a0e492862f175caaeeb035530a09b57c2a05:event_096_parent_turn_96 skipping — predecessor failed
2026-09-18 11:02:08,250 - inference_perf.datagen.replay.replay_graph_session_datagen - INFO - Event wekatrace190_a0e492862f175caaeeb035530a09b57c2a05:event_097_parent_turn_97 skipping — predecessor failed
2026-09-18 11:02:08,250 - inference_perf.datagen.replay.replay_graph_session_datagen - INFO - Event wekatrace190_a0e492862f175caaeeb035530a09b57c2a05:event_098_parent_turn_98 skipping — predecessor failed
2026-09-18 11:02:08,250 - inference_perf.datagen.replay.replay_graph_session_datagen - INFO - Event wekatrace190_a0e492862f175caaeeb035530a09b57c2a05:event_099_parent_turn_99 skipping — predecessor failed
2026-09-18 11:02:08,250 - inference_perf.datagen.replay.replay_graph_session_datagen - INFO - Event wekatrace190_a0e492862f175caaeeb035530a09b57c2a05:event_100_parent_turn_100 skipping — predecessor failed
2026-09-18 11:02:08,250 - inference_perf.datagen.replay.replay_graph_session_datagen - INFO - Event wekatrace190_a0e492862f175caaeeb035530a09b57c2a05:event_101_parent_turn_101 skipping — predecessor failed
2026-09-18 11:02:08,250 - inference_perf.datagen.replay.replay_graph_session_datagen - INFO - Event wekatrace190_a0e492862f175caaeeb035530a09b57c2a05:event_102_parent_turn_102 skipping — predecessor failed
2026-09-18 11:02:08,250 - inference_perf.datagen.replay.replay_graph_session_datagen - INFO - Event wekatrace190_a0e492862f175caaeeb035530a09b57c2a05:event_103_parent_turn_103 skipping — predecessor failed
2026-09-18 11:02:08,250 - inference_perf.datagen.replay.replay_graph_session_datagen - INFO - Event wekatrace190_a0e492862f175caaeeb035530a09b57c2a05:event_104_parent_turn_104 skipping — predecessor failed
2026-09-18 11:02:08,250 - inference_perf.datagen.replay.replay_graph_session_datagen - INFO - Event wekatrace190_a0e492862f175caaeeb035530a09b57c2a05:event_105_parent_turn_105 skipping — predecessor failed
2026-09-18 11:02:08,250 - inference_perf.datagen.replay.replay_graph_session_datagen - INFO - Event wekatrace190_a0e492862f175caaeeb035530a09b57c2a05:event_106_parent_turn_106 skipping — predecessor failed
2026-09-18 11:02:08,250 - inference_perf.datagen.replay.replay_graph_session_datagen - INFO - Event wekatrace190_a0e492862f175caaeeb035530a09b57c2a05:event_107_parent_turn_107 skipping — predecessor failed
2026-09-18 11:02:08,250 - inference_perf.datagen.replay.replay_graph_session_datagen - INFO - Event wekatrace190_a0e492862f175caaeeb035530a09b57c2a05:event_108_parent_turn_108 skipping — predecessor failed
2026-09-18 11:02:08,250 - inference_perf.datagen.replay.replay_graph_session_datagen - INFO - Event wekatrace190_a0e492862f175caaeeb035530a09b57c2a05:event_109_parent_turn_109 skipping — predecessor failed
2026-09-18 11:02:08,250 - inference_perf.datagen.replay.replay_graph_session_datagen - INFO - Event wekatrace190_a0e492862f175caaeeb035530a09b57c2a05:event_110_parent_turn_110 skipping — predecessor failed
2026-09-18 11:02:08,250 - inference_perf.datagen.replay.replay_graph_session_datagen - INFO - Event wekatrace190_a0e492862f175caaeeb035530a09b57c2a05:event_111_parent_turn_111 skipping — predecessor failed
2026-09-18 11:02:08,250 - inference_perf.datagen.replay.replay_graph_session_datagen - INFO - Event wekatrace190_a0e492862f175caaeeb035530a09b57c2a05:event_112_parent_turn_112 skipping — predecessor failed
2026-09-18 11:02:08,250 - inference_perf.datagen.replay.replay_graph_session_datagen - INFO - Event wekatrace190_a0e492862f175caaeeb035530a09b57c2a05:event_113_parent_turn_113 skipping — predecessor failed
2026-09-18 11:02:08,250 - inference_perf.datagen.replay.replay_graph_session_datagen - INFO - Event wekatrace190_a0e492862f175caaeeb035530a09b57c2a05:event_114_parent_turn_114 skipping — predecessor failed
2026-09-18 11:02:08,251 - inference_perf.datagen.replay.replay_graph_session_datagen - INFO - Event wekatrace190_a0e492862f175caaeeb035530a09b57c2a05:event_115_parent_turn_115 skipping — predecessor failed
2026-09-18 11:02:08,251 - inference_perf.datagen.replay.replay_graph_session_datagen - INFO - Event wekatrace190_a0e492862f175caaeeb035530a09b57c2a05:event_116_parent_turn_116 skipping — predecessor failed
2026-09-18 11:02:08,251 - inference_perf.datagen.replay.replay_graph_session_datagen - INFO - Event wekatrace190_a0e492862f175caaeeb035530a09b57c2a05:event_117_parent_turn_117 skipping — predecessor failed
2026-09-18 11:02:08,251 - inference_perf.datagen.replay.replay_graph_session_datagen - INFO - Event wekatrace190_a0e492862f175caaeeb035530a09b57c2a05:event_118_parent_turn_118 skipping — predecessor failed
2026-09-18 11:02:08,251 - inference_perf.datagen.replay.replay_graph_session_datagen - INFO - Event wekatrace190_a0e492862f175caaeeb035530a09b57c2a05:event_119_parent_turn_119 skipping — predecessor failed
2026-09-18 11:02:08,251 - inference_perf.datagen.replay.replay_graph_session_datagen - INFO - Event wekatrace190_a0e492862f175caaeeb035530a09b57c2a05:event_120_parent_turn_120 skipping — predecessor failed
2026-09-18 11:02:08,251 - inference_perf.datagen.replay.replay_graph_session_datagen - INFO - Event wekatrace190_a0e492862f175caaeeb035530a09b57c2a05:event_121_parent_turn_121 skipping — predecessor failed
2026-09-18 11:02:08,251 - inference_perf.datagen.replay.replay_graph_session_datagen - INFO - Event wekatrace190_a0e492862f175caaeeb035530a09b57c2a05:event_122_parent_turn_122 skipping — predecessor failed
2026-09-18 11:02:08,251 - inference_perf.datagen.replay.replay_graph_session_datagen - INFO - Event wekatrace190_a0e492862f175caaeeb035530a09b57c2a05:event_123_parent_turn_123 skipping — predecessor failed
2026-09-18 11:02:08,251 - inference_perf.datagen.replay.replay_graph_session_datagen - INFO - Event wekatrace190_a0e492862f175caaeeb035530a09b57c2a05:event_124_parent_turn_124 skipping — predecessor failed
2026-09-18 11:02:08,251 - inference_perf.datagen.replay.replay_graph_session_datagen - INFO - Event wekatrace190_a0e492862f175caaeeb035530a09b57c2a05:event_125_parent_turn_125 skipping — predecessor failed
2026-09-18 11:02:08,251 - inference_perf.datagen.replay.replay_graph_session_datagen - INFO - Event wekatrace190_a0e492862f175caaeeb035530a09b57c2a05:event_126_parent_turn_126 skipping — predecessor failed
2026-09-18 11:02:08,251 - inference_perf.datagen.replay.replay_graph_session_datagen - INFO - Event wekatrace190_a0e492862f175caaeeb035530a09b57c2a05:event_127_parent_turn_127 skipping — predecessor failed
2026-09-18 11:02:08,251 - inference_perf.datagen.replay.replay_graph_session_datagen - INFO - Event wekatrace190_a0e492862f175caaeeb035530a09b57c2a05:event_128_parent_turn_128 skipping — predecessor failed
2026-09-18 11:02:08,251 - inference_perf.datagen.replay.replay_graph_session_datagen - INFO - Event wekatrace190_a0e492862f175caaeeb035530a09b57c2a05:event_129_parent_turn_129 skipping — predecessor failed
2026-09-18 11:02:08,251 - inference_perf.datagen.replay.replay_graph_session_datagen - INFO - Event wekatrace190_a0e492862f175caaeeb035530a09b57c2a05:event_130_parent_turn_130 skipping — predecessor failed
2026-09-18 11:02:08,251 - inference_perf.datagen.replay.replay_graph_session_datagen - INFO - Event wekatrace190_a0e492862f175caaeeb035530a09b57c2a05:event_131_parent_turn_131 skipping — predecessor failed
2026-09-18 11:02:08,251 - inference_perf.datagen.replay.replay_graph_session_datagen - INFO - Event wekatrace190_a0e492862f175caaeeb035530a09b57c2a05:event_132_parent_turn_132 skipping — predecessor failed
2026-09-18 11:02:08,251 - inference_perf.datagen.replay.replay_graph_session_datagen - INFO - Event wekatrace190_a0e492862f175caaeeb035530a09b57c2a05:event_133_parent_turn_133 skipping — predecessor failed
2026-09-18 11:02:08,251 - inference_perf.datagen.replay.replay_graph_session_datagen - INFO - Event wekatrace190_a0e492862f175caaeeb035530a09b57c2a05:event_134_parent_turn_134 skipping — predecessor failed
2026-09-18 11:02:08,251 - inference_perf.datagen.replay.replay_graph_session_datagen - INFO - Event wekatrace190_a0e492862f175caaeeb035530a09b57c2a05:event_135_parent_turn_135 skipping — predecessor failed
2026-09-18 11:02:08,251 - inference_perf.datagen.replay.replay_graph_session_datagen - INFO - Event wekatrace190_a0e492862f175caaeeb035530a09b57c2a05:event_136_parent_turn_136 skipping — predecessor failed
2026-09-18 11:02:08,251 - inference_perf.datagen.replay.replay_graph_session_datagen - INFO - Event wekatrace190_a0e492862f175caaeeb035530a09b57c2a05:event_137_parent_turn_137 skipping — predecessor failed
2026-09-18 11:02:08,252 - inference_perf.datagen.replay.replay_graph_session_datagen - INFO - Event wekatrace190_a0e492862f175caaeeb035530a09b57c2a05:event_138_parent_turn_138 skipping — predecessor failed
2026-09-18 11:02:08,252 - inference_perf.datagen.replay.replay_graph_session_datagen - INFO - Event wekatrace190_a0e492862f175caaeeb035530a09b57c2a05:event_139_parent_turn_139 skipping — predecessor failed
2026-09-18 11:02:08,252 - inference_perf.datagen.replay.replay_graph_session_datagen - INFO - Event wekatrace190_a0e492862f175caaeeb035530a09b57c2a05:event_140_parent_turn_140 skipping — predecessor failed
2026-09-18 11:02:08,252 - inference_perf.datagen.replay.replay_graph_session_datagen - INFO - Event wekatrace190_a0e492862f175caaeeb035530a09b57c2a05:event_141_parent_turn_141 skipping — predecessor failed
2026-09-18 11:02:08,252 - inference_perf.datagen.replay.replay_graph_session_datagen - INFO - Event wekatrace190_a0e492862f175caaeeb035530a09b57c2a05:event_142_parent_turn_142 skipping — predecessor failed
2026-09-18 11:02:08,252 - inference_perf.datagen.replay.replay_graph_session_datagen - INFO - Event wekatrace190_a0e492862f175caaeeb035530a09b57c2a05:event_143_parent_turn_143 skipping — predecessor failed
2026-09-18 11:02:08,252 - inference_perf.datagen.replay.replay_graph_session_datagen - INFO - Event wekatrace190_a0e492862f175caaeeb035530a09b57c2a05:event_144_parent_turn_144 skipping — predecessor failed
2026-09-18 11:02:08,252 - inference_perf.datagen.replay.replay_graph_session_datagen - INFO - Event wekatrace190_a0e492862f175caaeeb035530a09b57c2a05:event_145_parent_turn_145 skipping — predecessor failed
2026-09-18 11:02:08,252 - inference_perf.datagen.replay.replay_graph_session_datagen - INFO - Event wekatrace190_a0e492862f175caaeeb035530a09b57c2a05:event_146_parent_turn_146 skipping — predecessor failed
2026-09-18 11:02:08,252 - inference_perf.datagen.replay.replay_graph_session_datagen - INFO - Event wekatrace190_a0e492862f175caaeeb035530a09b57c2a05:event_147_parent_turn_147 skipping — predecessor failed
2026-09-18 11:02:08,252 - inference_perf.datagen.replay.replay_graph_session_datagen - INFO - Event wekatrace190_a0e492862f175caaeeb035530a09b57c2a05:event_148_parent_turn_148 skipping — predecessor failed
2026-09-18 11:02:08,252 - inference_perf.datagen.replay.replay_graph_session_datagen - INFO - Event wekatrace190_a0e492862f175caaeeb035530a09b57c2a05:event_149_parent_turn_149 skipping — predecessor failed
2026-09-18 11:02:08,252 - inference_perf.datagen.replay.replay_graph_session_datagen - INFO - Event wekatrace190_a0e492862f175caaeeb035530a09b57c2a05:event_150_parent_turn_150 skipping — predecessor failed
2026-09-18 11:02:08,252 - inference_perf.datagen.replay.replay_graph_session_datagen - INFO - Event wekatrace190_a0e492862f175caaeeb035530a09b57c2a05:event_151_parent_turn_151 skipping — predecessor failed
2026-09-18 11:02:08,252 - inference_perf.datagen.replay.replay_graph_session_datagen - INFO - Event wekatrace190_a0e492862f175caaeeb035530a09b57c2a05:event_152_parent_turn_152 skipping — predecessor failed
2026-09-18 11:02:08,252 - inference_perf.datagen.replay.replay_graph_session_datagen - INFO - Event wekatrace190_a0e492862f175caaeeb035530a09b57c2a05:event_153_parent_turn_153 skipping — predecessor failed
2026-09-18 11:02:08,252 - inference_perf.datagen.replay.replay_graph_session_datagen - INFO - Event wekatrace190_a0e492862f175caaeeb035530a09b57c2a05:event_154_parent_turn_154 skipping — predecessor failed
2026-09-18 11:02:08,252 - inference_perf.datagen.replay.replay_graph_session_datagen - INFO - Event wekatrace190_a0e492862f175caaeeb035530a09b57c2a05:event_155_parent_turn_155 skipping — predecessor failed
2026-09-18 11:02:08,252 - inference_perf.datagen.replay.replay_graph_session_datagen - INFO - Event wekatrace190_a0e492862f175caaeeb035530a09b57c2a05:event_156_parent_turn_156 skipping — predecessor failed
2026-09-18 11:02:08,252 - inference_perf.datagen.replay.replay_graph_session_datagen - INFO - Event wekatrace190_a0e492862f175caaeeb035530a09b57c2a05:event_157_parent_turn_157 skipping — predecessor failed
2026-09-18 11:02:08,252 - inference_perf.datagen.replay.replay_graph_session_datagen - INFO - Event wekatrace190_a0e492862f175caaeeb035530a09b57c2a05:event_158_parent_turn_158 skipping — predecessor failed
2026-09-18 11:02:08,253 - inference_perf.datagen.replay.replay_graph_session_datagen - INFO - Event wekatrace190_a0e492862f175caaeeb035530a09b57c2a05:event_159_parent_turn_159 skipping — predecessor failed
2026-09-18 11:02:08,253 - inference_perf.datagen.replay.replay_graph_session_datagen - INFO - Event wekatrace190_a0e492862f175caaeeb035530a09b57c2a05:event_160_parent_turn_160 skipping — predecessor failed
2026-09-18 11:02:08,253 - inference_perf.datagen.replay.replay_graph_session_datagen - INFO - Event wekatrace190_a0e492862f175caaeeb035530a09b57c2a05:event_161_parent_turn_161 skipping — predecessor failed
2026-09-18 11:02:08,253 - inference_perf.datagen.replay.replay_graph_session_datagen - INFO - Event wekatrace190_a0e492862f175caaeeb035530a09b57c2a05:event_162_parent_turn_162 skipping — predecessor failed
2026-09-18 11:02:08,253 - inference_perf.datagen.replay.replay_graph_session_datagen - INFO - Event wekatrace190_a0e492862f175caaeeb035530a09b57c2a05:event_163_parent_turn_163 skipping — predecessor failed
2026-09-18 11:02:08,253 - inference_perf.datagen.replay.replay_graph_session_datagen - INFO - Event wekatrace190_a0e492862f175caaeeb035530a09b57c2a05:event_164_parent_turn_164 skipping — predecessor failed
2026-09-18 11:02:08,253 - inference_perf.datagen.replay.replay_graph_session_datagen - INFO - Event wekatrace190_a0e492862f175caaeeb035530a09b57c2a05:event_165_parent_turn_165 skipping — predecessor failed
2026-09-18 11:02:08,253 - inference_perf.datagen.replay.replay_graph_session_datagen - INFO - Event wekatrace190_a0e492862f175caaeeb035530a09b57c2a05:event_166_parent_turn_166 skipping — predecessor failed
2026-09-18 11:02:08,253 - inference_perf.datagen.replay.replay_graph_session_datagen - INFO - Event wekatrace190_a0e492862f175caaeeb035530a09b57c2a05:event_167_parent_turn_167 skipping — predecessor failed
2026-09-18 11:02:08,253 - inference_perf.datagen.replay.replay_graph_session_datagen - INFO - Event wekatrace190_a0e492862f175caaeeb035530a09b57c2a05:event_168_parent_turn_168 skipping — predecessor failed
2026-09-18 11:02:08,253 - inference_perf.datagen.replay.replay_graph_session_datagen - INFO - Event wekatrace190_a0e492862f175caaeeb035530a09b57c2a05:event_169_parent_turn_169 skipping — predecessor failed
2026-09-18 11:02:08,253 - inference_perf.datagen.replay.replay_graph_session_datagen - INFO - Event wekatrace190_a0e492862f175caaeeb035530a09b57c2a05:event_170_parent_turn_170 skipping — predecessor failed
2026-09-18 11:02:08,253 - inference_perf.datagen.replay.replay_graph_session_datagen - INFO - Event wekatrace190_a0e492862f175caaeeb035530a09b57c2a05:event_171_parent_turn_171 skipping — predecessor failed
2026-09-18 11:02:08,253 - inference_perf.datagen.replay.replay_graph_session_datagen - INFO - Event wekatrace190_a0e492862f175caaeeb035530a09b57c2a05:event_172_parent_turn_172 skipping — predecessor failed
2026-09-18 11:02:08,253 - inference_perf.datagen.replay.replay_graph_session_datagen - INFO - Event wekatrace190_a0e492862f175caaeeb035530a09b57c2a05:event_173_parent_turn_173 skipping — predecessor failed
2026-09-18 11:02:08,253 - inference_perf.datagen.replay.replay_graph_session_datagen - INFO - Event wekatrace190_a0e492862f175caaeeb035530a09b57c2a05:event_174_parent_turn_174 skipping — predecessor failed
2026-09-18 11:02:08,253 - inference_perf.datagen.replay.replay_graph_session_datagen - INFO - Event wekatrace190_a0e492862f175caaeeb035530a09b57c2a05:event_175_parent_turn_175 skipping — predecessor failed
2026-09-18 11:02:08,253 - inference_perf.datagen.replay.replay_graph_session_datagen - INFO - Event wekatrace190_a0e492862f175caaeeb035530a09b57c2a05:event_176_parent_turn_176 skipping — predecessor failed
2026-09-18 11:02:08,253 - inference_perf.datagen.replay.replay_graph_session_datagen - INFO - Event wekatrace190_a0e492862f175caaeeb035530a09b57c2a05:event_177_parent_turn_177 skipping — predecessor failed
2026-09-18 11:02:08,253 - inference_perf.datagen.replay.replay_graph_session_datagen - INFO - Event wekatrace190_a0e492862f175caaeeb035530a09b57c2a05:event_178_parent_turn_178 skipping — predecessor failed
2026-09-18 11:02:08,253 - inference_perf.datagen.replay.replay_graph_session_datagen - INFO - Event wekatrace190_a0e492862f175caaeeb035530a09b57c2a05:event_179_parent_turn_179 skipping — predecessor failed
2026-09-18 11:02:08,254 - inference_perf.datagen.replay.replay_graph_session_datagen - INFO - Event wekatrace190_a0e492862f175caaeeb035530a09b57c2a05:event_180_parent_turn_180 skipping — predecessor failed
2026-09-18 11:02:08,254 - inference_perf.datagen.replay.replay_graph_session_datagen - INFO - Event wekatrace190_a0e492862f175caaeeb035530a09b57c2a05:event_181_parent_turn_181 skipping — predecessor failed
2026-09-18 11:02:08,254 - inference_perf.datagen.replay.replay_graph_session_datagen - INFO - Event wekatrace190_a0e492862f175caaeeb035530a09b57c2a05:event_182_parent_turn_182 skipping — predecessor failed
2026-09-18 11:02:08,254 - inference_perf.datagen.replay.replay_graph_session_datagen - INFO - Event wekatrace190_a0e492862f175caaeeb035530a09b57c2a05:event_183_sa_subagent_001_9333e964_s0_turn_0 skipping — predecessor failed
2026-09-18 11:02:08,254 - inference_perf.datagen.replay.replay_graph_session_datagen - INFO - Event wekatrace190_a0e492862f175caaeeb035530a09b57c2a05:event_198_parent_turn_183 skipping — predecessor failed
2026-09-18 11:02:08,254 - inference_perf.datagen.replay.replay_graph_session_datagen - INFO - Event wekatrace190_a0e492862f175caaeeb035530a09b57c2a05:event_184_sa_subagent_001_9333e964_s0_turn_1 skipping — predecessor failed
2026-09-18 11:02:08,254 - inference_perf.datagen.replay.replay_graph_session_datagen - INFO - Event wekatrace190_a0e492862f175caaeeb035530a09b57c2a05:event_199_parent_turn_184 skipping — predecessor failed
2026-09-18 11:02:08,254 - inference_perf.datagen.replay.replay_graph_session_datagen - INFO - Event wekatrace190_a0e492862f175caaeeb035530a09b57c2a05:event_200_parent_turn_185 skipping — predecessor failed
2026-09-18 11:02:08,254 - inference_perf.datagen.replay.replay_graph_session_datagen - INFO - Event wekatrace190_a0e492862f175caaeeb035530a09b57c2a05:event_185_sa_subagent_001_9333e964_s0_turn_2 skipping — predecessor failed
2026-09-18 11:02:08,254 - inference_perf.datagen.replay.replay_graph_session_datagen - INFO - Event wekatrace190_a0e492862f175caaeeb035530a09b57c2a05:event_201_parent_turn_186 skipping — predecessor failed
2026-09-18 11:02:08,254 - inference_perf.datagen.replay.replay_graph_session_datagen - INFO - Event wekatrace190_a0e492862f175caaeeb035530a09b57c2a05:event_186_sa_subagent_001_9333e964_s0_turn_3 skipping — predecessor failed
2026-09-18 11:02:08,254 - inference_perf.datagen.replay.replay_graph_session_datagen - INFO - Event wekatrace190_a0e492862f175caaeeb035530a09b57c2a05:event_202_parent_turn_187 skipping — predecessor failed
2026-09-18 11:02:08,254 - inference_perf.datagen.replay.replay_graph_session_datagen - INFO - Event wekatrace190_a0e492862f175caaeeb035530a09b57c2a05:event_187_sa_subagent_001_9333e964_s0_turn_4 skipping — predecessor failed
2026-09-18 11:02:08,254 - inference_perf.datagen.replay.replay_graph_session_datagen - INFO - Event wekatrace190_a0e492862f175caaeeb035530a09b57c2a05:event_203_parent_turn_188 skipping — predecessor failed
2026-09-18 11:02:08,254 - inference_perf.datagen.replay.replay_graph_session_datagen - INFO - Event wekatrace190_a0e492862f175caaeeb035530a09b57c2a05:event_188_sa_subagent_001_9333e964_s0_turn_5 skipping — predecessor failed
2026-09-18 11:02:08,254 - inference_perf.datagen.replay.replay_graph_session_datagen - INFO - Event wekatrace190_a0e492862f175caaeeb035530a09b57c2a05:event_204_parent_turn_189 skipping — predecessor failed
2026-09-18 11:02:08,254 - inference_perf.datagen.replay.replay_graph_session_datagen - INFO - Event wekatrace190_a0e492862f175caaeeb035530a09b57c2a05:event_189_sa_subagent_001_9333e964_s0_turn_6 skipping — predecessor failed
2026-09-18 11:02:08,254 - inference_perf.datagen.replay.replay_graph_session_datagen - INFO - Event wekatrace190_a0e492862f175caaeeb035530a09b57c2a05:event_205_parent_turn_190 skipping — predecessor failed
2026-09-18 11:02:08,254 - inference_perf.datagen.replay.replay_graph_session_datagen - INFO - Event wekatrace190_a0e492862f175caaeeb035530a09b57c2a05:event_190_sa_subagent_001_9333e964_s0_turn_7 skipping — predecessor failed
2026-09-18 11:02:08,254 - inference_perf.datagen.replay.replay_graph_session_datagen - INFO - Event wekatrace190_a0e492862f175caaeeb035530a09b57c2a05:event_206_parent_turn_191 skipping — predecessor failed
2026-09-18 11:02:08,254 - inference_perf.datagen.replay.replay_graph_session_datagen - INFO - Event wekatrace190_a0e492862f175caaeeb035530a09b57c2a05:event_191_sa_subagent_001_9333e964_s0_turn_8 skipping — predecessor failed
2026-09-18 11:02:08,255 - inference_perf.datagen.replay.replay_graph_session_datagen - INFO - Event wekatrace190_a0e492862f175caaeeb035530a09b57c2a05:event_207_parent_turn_192 skipping — predecessor failed
2026-09-18 11:02:08,255 - inference_perf.datagen.replay.replay_graph_session_datagen - INFO - Event wekatrace190_a0e492862f175caaeeb035530a09b57c2a05:event_208_parent_turn_193 skipping — predecessor failed
2026-09-18 11:02:08,255 - inference_perf.datagen.replay.replay_graph_session_datagen - INFO - Event wekatrace190_a0e492862f175caaeeb035530a09b57c2a05:event_192_sa_subagent_001_9333e964_s0_turn_9 skipping — predecessor failed
2026-09-18 11:02:08,255 - inference_perf.datagen.replay.replay_graph_session_datagen - INFO - Event wekatrace190_a0e492862f175caaeeb035530a09b57c2a05:event_209_parent_turn_194 skipping — predecessor failed
2026-09-18 11:02:08,255 - inference_perf.datagen.replay.replay_graph_session_datagen - INFO - Event wekatrace190_a0e492862f175caaeeb035530a09b57c2a05:event_210_parent_turn_195 skipping — predecessor failed
2026-09-18 11:02:08,255 - inference_perf.datagen.replay.replay_graph_session_datagen - INFO - Event wekatrace190_a0e492862f175caaeeb035530a09b57c2a05:event_211_parent_turn_196 skipping — predecessor failed
2026-09-18 11:02:08,255 - inference_perf.datagen.replay.replay_graph_session_datagen - INFO - Event wekatrace190_a0e492862f175caaeeb035530a09b57c2a05:event_193_sa_subagent_001_9333e964_s0_turn_10 skipping — predecessor failed
2026-09-18 11:02:08,255 - inference_perf.datagen.replay.replay_graph_session_datagen - INFO - Event wekatrace190_a0e492862f175caaeeb035530a09b57c2a05:event_212_parent_turn_197 skipping — predecessor failed
2026-09-18 11:02:08,255 - inference_perf.datagen.replay.replay_graph_session_datagen - INFO - Event wekatrace190_a0e492862f175caaeeb035530a09b57c2a05:event_213_parent_turn_198 skipping — predecessor failed
2026-09-18 11:02:08,255 - inference_perf.datagen.replay.replay_graph_session_datagen - INFO - Event wekatrace190_a0e492862f175caaeeb035530a09b57c2a05:event_214_parent_turn_199 skipping — predecessor failed
2026-09-18 11:02:08,255 - inference_perf.datagen.replay.replay_graph_session_datagen - INFO - Event wekatrace190_a0e492862f175caaeeb035530a09b57c2a05:event_194_sa_subagent_001_9333e964_s0_turn_11 skipping — predecessor failed
2026-09-18 11:02:08,255 - inference_perf.datagen.replay.replay_graph_session_datagen - INFO - Event wekatrace190_a0e492862f175caaeeb035530a09b57c2a05:event_215_parent_turn_200 skipping — predecessor failed
2026-09-18 11:02:08,255 - inference_perf.datagen.replay.replay_graph_session_datagen - INFO - Event wekatrace190_a0e492862f175caaeeb035530a09b57c2a05:event_195_sa_subagent_001_9333e964_s0_turn_12 skipping — predecessor failed
2026-09-18 11:02:08,255 - inference_perf.datagen.replay.replay_graph_session_datagen - INFO - Event wekatrace190_a0e492862f175caaeeb035530a09b57c2a05:event_216_parent_turn_201 skipping — predecessor failed
2026-09-18 11:02:08,255 - inference_perf.datagen.replay.replay_graph_session_datagen - INFO - Event wekatrace190_a0e492862f175caaeeb035530a09b57c2a05:event_196_sa_subagent_001_9333e964_s0_turn_13 skipping — predecessor failed
2026-09-18 11:02:08,255 - inference_perf.datagen.replay.replay_graph_session_datagen - INFO - Event wekatrace190_a0e492862f175caaeeb035530a09b57c2a05:event_217_parent_turn_202 skipping — predecessor failed
2026-09-18 11:02:08,255 - inference_perf.datagen.replay.replay_graph_session_datagen - INFO - Event wekatrace190_a0e492862f175caaeeb035530a09b57c2a05:event_197_sa_subagent_001_9333e964_s0_turn_14 skipping — predecessor failed
2026-09-18 11:02:08,255 - inference_perf.datagen.replay.replay_graph_session_datagen - INFO - Event wekatrace190_a0e492862f175caaeeb035530a09b57c2a05:event_218_parent_turn_203 skipping — predecessor failed
2026-09-18 11:02:08,256 - inference_perf.datagen.replay.replay_graph_session_datagen - INFO - Event wekatrace190_a0e492862f175caaeeb035530a09b57c2a05:event_219_parent_turn_204 skipping — predecessor failed
2026-09-18 11:02:08,256 - inference_perf.datagen.replay.replay_graph_session_datagen - INFO - Event wekatrace190_a0e492862f175caaeeb035530a09b57c2a05:event_220_parent_turn_205 skipping — predecessor failed
2026-09-18 11:02:08,256 - inference_perf.datagen.replay.replay_graph_session_datagen - INFO - Event wekatrace190_a0e492862f175caaeeb035530a09b57c2a05:event_221_parent_turn_206 skipping — predecessor failed
2026-09-18 11:02:08,256 - inference_perf.datagen.replay.replay_graph_session_datagen - INFO - Event wekatrace190_a0e492862f175caaeeb035530a09b57c2a05:event_222_parent_turn_207 skipping — predecessor failed
2026-09-18 11:02:08,256 - inference_perf.datagen.replay.replay_graph_session_datagen - INFO - Event wekatrace190_a0e492862f175caaeeb035530a09b57c2a05:event_223_parent_turn_208 skipping — predecessor failed
2026-09-18 11:02:08,256 - inference_perf.datagen.replay.replay_graph_session_datagen - INFO - Event wekatrace190_a0e492862f175caaeeb035530a09b57c2a05:event_224_parent_turn_209 skipping — predecessor failed
2026-09-18 11:02:08,256 - inference_perf.datagen.replay.replay_graph_session_datagen - INFO - Event wekatrace190_a0e492862f175caaeeb035530a09b57c2a05:event_225_parent_turn_210 skipping — predecessor failed
2026-09-18 11:02:08,256 - inference_perf.datagen.replay.replay_graph_session_datagen - INFO - Event wekatrace190_a0e492862f175caaeeb035530a09b57c2a05:event_226_parent_turn_211 skipping — predecessor failed
2026-09-18 11:02:08,256 - inference_perf.datagen.replay.replay_graph_session_datagen - INFO - Event wekatrace190_a0e492862f175caaeeb035530a09b57c2a05:event_227_parent_turn_212 skipping — predecessor failed
2026-09-18 11:02:08,256 - inference_perf.datagen.replay.replay_graph_session_datagen - INFO - Event wekatrace190_a0e492862f175caaeeb035530a09b57c2a05:event_228_parent_turn_213 skipping — predecessor failed
2026-09-18 11:02:08,256 - inference_perf.datagen.replay.replay_graph_session_datagen - INFO - Event wekatrace190_a0e492862f175caaeeb035530a09b57c2a05:event_229_parent_turn_214 skipping — predecessor failed
2026-09-18 11:02:08,256 - inference_perf.datagen.replay.replay_graph_session_datagen - INFO - Event wekatrace190_a0e492862f175caaeeb035530a09b57c2a05:event_230_parent_turn_215 skipping — predecessor failed
2026-09-18 11:02:08,256 - inference_perf.datagen.replay.replay_graph_session_datagen - INFO - Event wekatrace190_a0e492862f175caaeeb035530a09b57c2a05:event_231_parent_turn_216 skipping — predecessor failed
2026-09-18 11:02:08,256 - inference_perf.datagen.replay.replay_graph_session_datagen - INFO - Event wekatrace190_a0e492862f175caaeeb035530a09b57c2a05:event_232_parent_turn_217 skipping — predecessor failed
2026-09-18 11:02:08,256 - inference_perf.datagen.replay.replay_graph_session_datagen - INFO - Event wekatrace190_a0e492862f175caaeeb035530a09b57c2a05:event_233_parent_turn_218 skipping — predecessor failed
2026-09-18 11:02:08,256 - inference_perf.datagen.replay.replay_graph_session_datagen - INFO - Event wekatrace190_a0e492862f175caaeeb035530a09b57c2a05:event_234_parent_turn_219 skipping — predecessor failed
2026-09-18 11:02:08,256 - inference_perf.datagen.replay.replay_graph_session_datagen - INFO - Event wekatrace190_a0e492862f175caaeeb035530a09b57c2a05:event_235_parent_turn_220 skipping — predecessor failed
2026-09-18 11:02:08,257 - inference_perf.datagen.replay.replay_graph_session_datagen - INFO - Event wekatrace190_a0e492862f175caaeeb035530a09b57c2a05:event_236_parent_turn_221 skipping — predecessor failed
2026-09-18 11:02:08,257 - inference_perf.datagen.replay.replay_graph_session_datagen - INFO - Event wekatrace190_a0e492862f175caaeeb035530a09b57c2a05:event_237_parent_turn_222 skipping — predecessor failed
2026-09-18 11:02:08,257 - inference_perf.datagen.replay.replay_graph_session_datagen - INFO - Event wekatrace190_a0e492862f175caaeeb035530a09b57c2a05:event_238_parent_turn_223 skipping — predecessor failed
2026-09-18 11:02:08,257 - inference_perf.datagen.replay.replay_graph_session_datagen - INFO - Event wekatrace190_a0e492862f175caaeeb035530a09b57c2a05:event_239_parent_turn_224 skipping — predecessor failed
2026-09-18 11:02:08,257 - inference_perf.datagen.replay.replay_graph_session_datagen - INFO - Event wekatrace190_a0e492862f175caaeeb035530a09b57c2a05:event_240_parent_turn_225 skipping — predecessor failed
2026-09-18 11:02:08,257 - inference_perf.datagen.replay.replay_graph_session_datagen - INFO - Event wekatrace190_a0e492862f175caaeeb035530a09b57c2a05:event_241_parent_turn_226 skipping — predecessor failed
2026-09-18 11:02:08,257 - inference_perf.datagen.replay.replay_graph_session_datagen - INFO - Event wekatrace190_a0e492862f175caaeeb035530a09b57c2a05:event_242_parent_turn_227 skipping — predecessor failed
2026-09-18 11:02:08,257 - inference_perf.datagen.replay.replay_graph_session_datagen - INFO - Event wekatrace190_a0e492862f175caaeeb035530a09b57c2a05:event_243_parent_turn_228 skipping — predecessor failed
2026-09-18 11:02:08,257 - inference_perf.datagen.replay.replay_graph_session_datagen - INFO - Event wekatrace190_a0e492862f175caaeeb035530a09b57c2a05:event_244_parent_turn_229 skipping — predecessor failed
2026-09-18 11:02:08,257 - inference_perf.datagen.replay.replay_graph_session_datagen - INFO - Event wekatrace190_a0e492862f175caaeeb035530a09b57c2a05:event_245_parent_turn_230 skipping — predecessor failed
2026-09-18 11:02:08,257 - inference_perf.datagen.replay.replay_graph_session_datagen - INFO - Event wekatrace190_a0e492862f175caaeeb035530a09b57c2a05:event_246_parent_turn_231 skipping — predecessor failed
2026-09-18 11:02:08,257 - inference_perf.datagen.replay.replay_graph_session_datagen - INFO - Event wekatrace190_a0e492862f175caaeeb035530a09b57c2a05:event_247_parent_turn_232 skipping — predecessor failed
2026-09-18 11:02:08,257 - inference_perf.datagen.replay.replay_graph_session_datagen - INFO - Event wekatrace190_a0e492862f175caaeeb035530a09b57c2a05:event_248_parent_turn_233 skipping — predecessor failed
2026-09-18 11:02:08,257 - inference_perf.datagen.replay.replay_graph_session_datagen - INFO - Event wekatrace190_a0e492862f175caaeeb035530a09b57c2a05:event_249_parent_turn_234 skipping — predecessor failed
2026-09-18 11:02:08,257 - inference_perf.datagen.replay.replay_graph_session_datagen - INFO - Event wekatrace190_a0e492862f175caaeeb035530a09b57c2a05:event_250_parent_turn_235 skipping — predecessor failed
2026-09-18 11:02:08,257 - inference_perf.datagen.replay.replay_graph_session_datagen - INFO - Event wekatrace190_a0e492862f175caaeeb035530a09b57c2a05:event_251_sa_subagent_002_91da03fa_s0_turn_0 skipping — predecessor failed
2026-09-18 11:02:08,257 - inference_perf.datagen.replay.replay_graph_session_datagen - INFO - Event wekatrace190_a0e492862f175caaeeb035530a09b57c2a05:event_300_parent_turn_236 skipping — predecessor failed
2026-09-18 11:02:08,257 - inference_perf.datagen.replay.replay_graph_session_datagen - INFO - Event wekatrace190_a0e492862f175caaeeb035530a09b57c2a05:event_252_sa_subagent_002_91da03fa_s0_turn_1 skipping — predecessor failed
2026-09-18 11:02:08,258 - inference_perf.datagen.replay.replay_graph_session_datagen - INFO - Event wekatrace190_a0e492862f175caaeeb035530a09b57c2a05:event_253_sa_subagent_002_91da03fa_s0_turn_2 skipping — predecessor failed
2026-09-18 11:02:08,258 - inference_perf.datagen.replay.replay_graph_session_datagen - INFO - Event wekatrace190_a0e492862f175caaeeb035530a09b57c2a05:event_254_sa_subagent_002_91da03fa_s0_turn_3 skipping — predecessor failed
2026-09-18 11:02:08,258 - inference_perf.datagen.replay.replay_graph_session_datagen - INFO - Event wekatrace190_a0e492862f175caaeeb035530a09b57c2a05:event_255_sa_subagent_002_91da03fa_s0_turn_4 skipping — predecessor failed
2026-09-18 11:02:08,258 - inference_perf.datagen.replay.replay_graph_session_datagen - INFO - Event wekatrace190_a0e492862f175caaeeb035530a09b57c2a05:event_256_sa_subagent_002_91da03fa_s0_turn_5 skipping — predecessor failed
2026-09-18 11:02:08,258 - inference_perf.datagen.replay.replay_graph_session_datagen - INFO - Event wekatrace190_a0e492862f175caaeeb035530a09b57c2a05:event_257_sa_subagent_002_91da03fa_s0_turn_6 skipping — predecessor failed
2026-09-18 11:02:08,258 - inference_perf.datagen.replay.replay_graph_session_datagen - INFO - Event wekatrace190_a0e492862f175caaeeb035530a09b57c2a05:event_258_sa_subagent_002_91da03fa_s0_turn_7 skipping — predecessor failed
2026-09-18 11:02:08,258 - inference_perf.datagen.replay.replay_graph_session_datagen - INFO - Event wekatrace190_a0e492862f175caaeeb035530a09b57c2a05:event_259_sa_subagent_002_91da03fa_s0_turn_8 skipping — predecessor failed
2026-09-18 11:02:08,258 - inference_perf.datagen.replay.replay_graph_session_datagen - INFO - Event wekatrace190_a0e492862f175caaeeb035530a09b57c2a05:event_260_sa_subagent_002_91da03fa_s0_turn_9 skipping — predecessor failed
2026-09-18 11:02:08,258 - inference_perf.datagen.replay.replay_graph_session_datagen - INFO - Event wekatrace190_a0e492862f175caaeeb035530a09b57c2a05:event_261_sa_subagent_002_91da03fa_s0_turn_10 skipping — predecessor failed
2026-09-18 11:02:08,258 - inference_perf.datagen.replay.replay_graph_session_datagen - INFO - Event wekatrace190_a0e492862f175caaeeb035530a09b57c2a05:event_262_sa_subagent_002_91da03fa_s0_turn_11 skipping — predecessor failed
2026-09-18 11:02:08,258 - inference_perf.datagen.replay.replay_graph_session_datagen - INFO - Event wekatrace190_a0e492862f175caaeeb035530a09b57c2a05:event_263_sa_subagent_003_00041880_s0_turn_0 skipping — predecessor failed
2026-09-18 11:02:08,258 - inference_perf.datagen.replay.replay_graph_session_datagen - INFO - Event wekatrace190_a0e492862f175caaeeb035530a09b57c2a05:event_264_sa_subagent_003_00041880_s0_turn_1 skipping — predecessor failed
2026-09-18 11:02:08,258 - inference_perf.datagen.replay.replay_graph_session_datagen - INFO - Event wekatrace190_a0e492862f175caaeeb035530a09b57c2a05:event_265_sa_subagent_003_00041880_s0_turn_2 skipping — predecessor failed
2026-09-18 11:02:08,258 - inference_perf.datagen.replay.replay_graph_session_datagen - INFO - Event wekatrace190_a0e492862f175caaeeb035530a09b57c2a05:event_266_sa_subagent_003_00041880_s0_turn_3 skipping — predecessor failed
2026-09-18 11:02:08,258 - inference_perf.datagen.replay.replay_graph_session_datagen - INFO - Event wekatrace190_a0e492862f175caaeeb035530a09b57c2a05:event_267_sa_subagent_003_00041880_s0_turn_4 skipping — predecessor failed
2026-09-18 11:02:08,258 - inference_perf.datagen.replay.replay_graph_session_datagen - INFO - Event wekatrace190_a0e492862f175caaeeb035530a09b57c2a05:event_268_sa_subagent_003_00041880_s0_turn_5 skipping — predecessor failed
2026-09-18 11:02:08,258 - inference_perf.datagen.replay.replay_graph_session_datagen - INFO - Event wekatrace190_a0e492862f175caaeeb035530a09b57c2a05:event_269_sa_subagent_003_00041880_s0_turn_6 skipping — predecessor failed
2026-09-18 11:02:08,258 - inference_perf.datagen.replay.replay_graph_session_datagen - INFO - Event wekatrace190_a0e492862f175caaeeb035530a09b57c2a05:event_270_sa_subagent_003_00041880_s0_turn_7 skipping — predecessor failed
2026-09-18 11:02:08,258 - inference_perf.datagen.replay.replay_graph_session_datagen - INFO - Event wekatrace190_a0e492862f175caaeeb035530a09b57c2a05:event_271_sa_subagent_003_00041880_s0_turn_8 skipping — predecessor failed
2026-09-18 11:02:08,258 - inference_perf.datagen.replay.replay_graph_session_datagen - INFO - Event wekatrace190_a0e492862f175caaeeb035530a09b57c2a05:event_272_sa_subagent_003_00041880_s0_turn_9 skipping — predecessor failed
2026-09-18 11:02:08,258 - inference_perf.datagen.replay.replay_graph_session_datagen - INFO - Event wekatrace190_a0e492862f175caaeeb035530a09b57c2a05:event_273_sa_subagent_003_00041880_s0_turn_10 skipping — predecessor failed
2026-09-18 11:02:08,259 - inference_perf.datagen.replay.replay_graph_session_datagen - INFO - Event wekatrace190_a0e492862f175caaeeb035530a09b57c2a05:event_274_sa_subagent_003_00041880_s0_turn_11 skipping — predecessor failed
2026-09-18 11:02:08,259 - inference_perf.datagen.replay.replay_graph_session_datagen - INFO - Event wekatrace190_a0e492862f175caaeeb035530a09b57c2a05:event_275_sa_subagent_003_00041880_s0_turn_12 skipping — predecessor failed
2026-09-18 11:02:08,259 - inference_perf.datagen.replay.replay_graph_session_datagen - INFO - Event wekatrace190_a0e492862f175caaeeb035530a09b57c2a05:event_276_sa_subagent_003_00041880_s0_turn_13 skipping — predecessor failed
2026-09-18 11:02:08,259 - inference_perf.datagen.replay.replay_graph_session_datagen - INFO - Event wekatrace190_a0e492862f175caaeeb035530a09b57c2a05:event_277_sa_subagent_003_00041880_s0_turn_14 skipping — predecessor failed
2026-09-18 11:02:08,259 - inference_perf.datagen.replay.replay_graph_session_datagen - INFO - Event wekatrace190_a0e492862f175caaeeb035530a09b57c2a05:event_278_sa_subagent_003_00041880_s0_turn_15 skipping — predecessor failed
2026-09-18 11:02:08,259 - inference_perf.datagen.replay.replay_graph_session_datagen - INFO - Event wekatrace190_a0e492862f175caaeeb035530a09b57c2a05:event_279_sa_subagent_003_00041880_s0_turn_16 skipping — predecessor failed
2026-09-18 11:02:08,259 - inference_perf.datagen.replay.replay_graph_session_datagen - INFO - Event wekatrace190_a0e492862f175caaeeb035530a09b57c2a05:event_280_sa_subagent_003_00041880_s0_turn_17 skipping — predecessor failed
2026-09-18 11:02:08,259 - inference_perf.datagen.replay.replay_graph_session_datagen - INFO - Event wekatrace190_a0e492862f175caaeeb035530a09b57c2a05:event_281_sa_subagent_003_00041880_s0_turn_18 skipping — predecessor failed
2026-09-18 11:02:08,259 - inference_perf.datagen.replay.replay_graph_session_datagen - INFO - Event wekatrace190_a0e492862f175caaeeb035530a09b57c2a05:event_282_sa_subagent_003_00041880_s0_turn_19 skipping — predecessor failed
2026-09-18 11:02:08,259 - inference_perf.datagen.replay.replay_graph_session_datagen - INFO - Event wekatrace190_a0e492862f175caaeeb035530a09b57c2a05:event_283_sa_subagent_003_00041880_s0_turn_20 skipping — predecessor failed
2026-09-18 11:02:08,259 - inference_perf.datagen.replay.replay_graph_session_datagen - INFO - Event wekatrace190_a0e492862f175caaeeb035530a09b57c2a05:event_284_sa_subagent_003_00041880_s0_turn_21 skipping — predecessor failed
2026-09-18 11:02:08,259 - inference_perf.datagen.replay.replay_graph_session_datagen - INFO - Event wekatrace190_a0e492862f175caaeeb035530a09b57c2a05:event_285_sa_subagent_003_00041880_s0_turn_22 skipping — predecessor failed
2026-09-18 11:02:08,259 - inference_perf.datagen.replay.replay_graph_session_datagen - INFO - Event wekatrace190_a0e492862f175caaeeb035530a09b57c2a05:event_286_sa_subagent_003_00041880_s0_turn_23 skipping — predecessor failed
2026-09-18 11:02:08,259 - inference_perf.datagen.replay.replay_graph_session_datagen - INFO - Event wekatrace190_a0e492862f175caaeeb035530a09b57c2a05:event_287_sa_subagent_003_00041880_s0_turn_24 skipping — predecessor failed
2026-09-18 11:02:08,259 - inference_perf.datagen.replay.replay_graph_session_datagen - INFO - Event wekatrace190_a0e492862f175caaeeb035530a09b57c2a05:event_288_sa_subagent_004_d346e56c_s0_turn_0 skipping — predecessor failed
2026-09-18 11:02:08,259 - inference_perf.datagen.replay.replay_graph_session_datagen - INFO - Event wekatrace190_a0e492862f175caaeeb035530a09b57c2a05:event_289_sa_subagent_004_d346e56c_s0_turn_1 skipping — predecessor failed
2026-09-18 11:02:08,259 - inference_perf.datagen.replay.replay_graph_session_datagen - INFO - Event wekatrace190_a0e492862f175caaeeb035530a09b57c2a05:event_290_sa_subagent_004_d346e56c_s0_turn_2 skipping — predecessor failed
2026-09-18 11:02:08,259 - inference_perf.datagen.replay.replay_graph_session_datagen - INFO - Event wekatrace190_a0e492862f175caaeeb035530a09b57c2a05:event_291_sa_subagent_004_d346e56c_s0_turn_3 skipping — predecessor failed
2026-09-18 11:02:08,260 - inference_perf.datagen.replay.replay_graph_session_datagen - INFO - Event wekatrace190_a0e492862f175caaeeb035530a09b57c2a05:event_292_sa_subagent_004_d346e56c_s0_turn_4 skipping — predecessor failed
2026-09-18 11:02:08,260 - inference_perf.datagen.replay.replay_graph_session_datagen - INFO - Event wekatrace190_a0e492862f175caaeeb035530a09b57c2a05:event_293_sa_subagent_004_d346e56c_s0_turn_5 skipping — predecessor failed
2026-09-18 11:02:08,260 - inference_perf.datagen.replay.replay_graph_session_datagen - INFO - Event wekatrace190_a0e492862f175caaeeb035530a09b57c2a05:event_294_sa_subagent_004_d346e56c_s0_turn_6 skipping — predecessor failed
2026-09-18 11:02:08,260 - inference_perf.datagen.replay.replay_graph_session_datagen - INFO - Event wekatrace190_a0e492862f175caaeeb035530a09b57c2a05:event_295_sa_subagent_004_d346e56c_s0_turn_7 skipping — predecessor failed
2026-09-18 11:02:08,260 - inference_perf.datagen.replay.replay_graph_session_datagen - INFO - Event wekatrace190_a0e492862f175caaeeb035530a09b57c2a05:event_296_sa_subagent_004_d346e56c_s0_turn_8 skipping — predecessor failed
2026-09-18 11:02:08,260 - inference_perf.datagen.replay.replay_graph_session_datagen - INFO - Event wekatrace190_a0e492862f175caaeeb035530a09b57c2a05:event_297_sa_subagent_004_d346e56c_s0_turn_9 skipping — predecessor failed
2026-09-18 11:02:08,260 - inference_perf.datagen.replay.replay_graph_session_datagen - INFO - Event wekatrace190_a0e492862f175caaeeb035530a09b57c2a05:event_298_sa_subagent_004_d346e56c_s0_turn_10 skipping — predecessor failed
2026-09-18 11:02:08,260 - inference_perf.datagen.replay.replay_graph_session_datagen - INFO - Event wekatrace190_a0e492862f175caaeeb035530a09b57c2a05:event_299_sa_subagent_004_d346e56c_s0_turn_11 skipping — predecessor failed
2026-09-18 11:03:28,160 - inference_perf.loadgen.load_generator - WARNING - Stage 0: timeout after 2700.0s
2026-09-18 11:04:57,240 - inference_perf.datagen.replay.replay_graph_session_datagen - ERROR - Request failed for event wekatrace126_72ecc38f835b767dffb42e14f1e35159520b:event_006_parent_turn_6: TimeoutError: 
2026-09-18 11:04:57,241 - inference_perf.datagen.replay.replay_graph_session_datagen - INFO - Session wekatrace126_72ecc38f835b767dffb42e14f1e35159520b failure notification sent to main process (cancelled_events=228)
2026-09-18 11:04:57,241 - inference_perf.client.modelserver.openai_client - ERROR - 
Traceback (most recent call last):
  File "/workspace/.venv/lib/python3.12/site-packages/aiohttp/streams.py", line 365, in _wait
    await waiter
asyncio.exceptions.CancelledError

The above exception was the direct cause of the following exception:

Traceback (most recent call last):
  File "/workspace/inference_perf/apis/streaming_parser.py", line 84, in parse_sse_stream
    async for chunk in response.content.iter_any():
  File "/workspace/.venv/lib/python3.12/site-packages/aiohttp/streams.py", line 46, in __anext__
    rv = await self.read_func()
         ^^^^^^^^^^^^^^^^^^^^^^
  File "/workspace/.venv/lib/python3.12/site-packages/aiohttp/streams.py", line 460, in readany
    await self._wait("readany")
  File "/workspace/.venv/lib/python3.12/site-packages/aiohttp/streams.py", line 364, in _wait
    with self._timer:
         ^^^^^^^^^^^
  File "/workspace/.venv/lib/python3.12/site-packages/aiohttp/helpers.py", line 759, in __exit__
    raise asyncio.TimeoutError from exc_val
TimeoutError

The above exception was the direct cause of the following exception:

Traceback (most recent call last):
  File "/workspace/inference_perf/client/modelserver/openai_client.py", line 557, in process_request
    info = await data.process_response(
           ^^^^^^^^^^^^^^^^^^^^^^^^^^^^
  File "/workspace/inference_perf/datagen/replay/replay_graph_session_datagen.py", line 1039, in process_response
    text_content, chunk_times, raw_content, response_chunks, server_usage = await parse_sse_stream(
                                                                            ^^^^^^^^^^^^^^^^^^^^^^^
  File "/workspace/inference_perf/apis/streaming_parser.py", line 119, in parse_sse_stream
    raise StreamInterruptedError(e, raw_content.decode("utf-8", errors="ignore")) from e
inference_perf.apis.streaming_parser.StreamInterruptedError
2026-09-18 11:04:57,243 - inference_perf.datagen.replay.replay_graph_session_datagen - INFO - Event wekatrace126_72ecc38f835b767dffb42e14f1e35159520b:event_007_parent_turn_7 skipping — predecessor failed
2026-09-18 11:04:57,243 - inference_perf.datagen.replay.replay_graph_session_datagen - INFO - Event wekatrace126_72ecc38f835b767dffb42e14f1e35159520b:event_008_parent_turn_8 skipping — predecessor failed
2026-09-18 11:04:57,243 - inference_perf.datagen.replay.replay_graph_session_datagen - INFO - Event wekatrace126_72ecc38f835b767dffb42e14f1e35159520b:event_009_sa_subagent_001_fa1ca6a8_s0_turn_0 skipping — predecessor failed
2026-09-18 11:04:57,244 - inference_perf.datagen.replay.replay_graph_session_datagen - INFO - Event wekatrace126_72ecc38f835b767dffb42e14f1e35159520b:event_052_parent_turn_9 skipping — predecessor failed
2026-09-18 11:04:57,244 - inference_perf.datagen.replay.replay_graph_session_datagen - INFO - Event wekatrace126_72ecc38f835b767dffb42e14f1e35159520b:event_010_sa_subagent_001_fa1ca6a8_s0_turn_1 skipping — predecessor failed
2026-09-18 11:04:57,244 - inference_perf.datagen.replay.replay_graph_session_datagen - INFO - Event wekatrace126_72ecc38f835b767dffb42e14f1e35159520b:event_053_parent_turn_10 skipping — predecessor failed
2026-09-18 11:04:57,244 - inference_perf.datagen.replay.replay_graph_session_datagen - INFO - Event wekatrace126_72ecc38f835b767dffb42e14f1e35159520b:event_011_sa_subagent_001_fa1ca6a8_s0_turn_2 skipping — predecessor failed
2026-09-18 11:04:57,244 - inference_perf.datagen.replay.replay_graph_session_datagen - INFO - Event wekatrace126_72ecc38f835b767dffb42e14f1e35159520b:event_054_parent_turn_11 skipping — predecessor failed
2026-09-18 11:04:57,244 - inference_perf.datagen.replay.replay_graph_session_datagen - INFO - Event wekatrace126_72ecc38f835b767dffb42e14f1e35159520b:event_012_sa_subagent_001_fa1ca6a8_s0_turn_3 skipping — predecessor failed
2026-09-18 11:04:57,244 - inference_perf.datagen.replay.replay_graph_session_datagen - INFO - Event wekatrace126_72ecc38f835b767dffb42e14f1e35159520b:event_055_parent_turn_12 skipping — predecessor failed
2026-09-18 11:04:57,244 - inference_perf.datagen.replay.replay_graph_session_datagen - INFO - Event wekatrace126_72ecc38f835b767dffb42e14f1e35159520b:event_056_parent_turn_13 skipping — predecessor failed
2026-09-18 11:04:57,244 - inference_perf.datagen.replay.replay_graph_session_datagen - INFO - Event wekatrace126_72ecc38f835b767dffb42e14f1e35159520b:event_013_sa_subagent_001_fa1ca6a8_s0_turn_4 skipping — predecessor failed
2026-09-18 11:04:57,244 - inference_perf.datagen.replay.replay_graph_session_datagen - INFO - Event wekatrace126_72ecc38f835b767dffb42e14f1e35159520b:event_057_parent_turn_14 skipping — predecessor failed
2026-09-18 11:04:57,244 - inference_perf.datagen.replay.replay_graph_session_datagen - INFO - Event wekatrace126_72ecc38f835b767dffb42e14f1e35159520b:event_058_parent_turn_15 skipping — predecessor failed
2026-09-18 11:04:57,244 - inference_perf.datagen.replay.replay_graph_session_datagen - INFO - Event wekatrace126_72ecc38f835b767dffb42e14f1e35159520b:event_059_sa_subagent_003_973e5f05_s0_turn_0 skipping — predecessor failed
2026-09-18 11:04:57,244 - inference_perf.datagen.replay.replay_graph_session_datagen - INFO - Event wekatrace126_72ecc38f835b767dffb42e14f1e35159520b:event_014_sa_subagent_001_fa1ca6a8_s0_turn_5 skipping — predecessor failed
2026-09-18 11:04:57,244 - inference_perf.datagen.replay.replay_graph_session_datagen - INFO - Event wekatrace126_72ecc38f835b767dffb42e14f1e35159520b:event_085_parent_turn_16 skipping — predecessor failed
2026-09-18 11:04:57,244 - inference_perf.datagen.replay.replay_graph_session_datagen - INFO - Event wekatrace126_72ecc38f835b767dffb42e14f1e35159520b:event_060_sa_subagent_003_973e5f05_s0_turn_1 skipping — predecessor failed
2026-09-18 11:04:57,244 - inference_perf.datagen.replay.replay_graph_session_datagen - INFO - Event wekatrace126_72ecc38f835b767dffb42e14f1e35159520b:event_015_sa_subagent_001_fa1ca6a8_s0_turn_6 skipping — predecessor failed
2026-09-18 11:04:57,244 - inference_perf.datagen.replay.replay_graph_session_datagen - INFO - Event wekatrace126_72ecc38f835b767dffb42e14f1e35159520b:event_086_parent_turn_17 skipping — predecessor failed
2026-09-18 11:04:57,244 - inference_perf.datagen.replay.replay_graph_session_datagen - INFO - Event wekatrace126_72ecc38f835b767dffb42e14f1e35159520b:event_061_sa_subagent_003_973e5f05_s0_turn_2 skipping — predecessor failed
2026-09-18 11:04:57,245 - inference_perf.datagen.replay.replay_graph_session_datagen - INFO - Event wekatrace126_72ecc38f835b767dffb42e14f1e35159520b:event_016_sa_subagent_001_fa1ca6a8_s0_turn_7 skipping — predecessor failed
2026-09-18 11:04:57,245 - inference_perf.datagen.replay.replay_graph_session_datagen - INFO - Event wekatrace126_72ecc38f835b767dffb42e14f1e35159520b:event_087_parent_turn_18 skipping — predecessor failed
2026-09-18 11:04:57,245 - inference_perf.datagen.replay.replay_graph_session_datagen - INFO - Event wekatrace126_72ecc38f835b767dffb42e14f1e35159520b:event_062_sa_subagent_003_973e5f05_s0_turn_3 skipping — predecessor failed
2026-09-18 11:04:57,245 - inference_perf.datagen.replay.replay_graph_session_datagen - INFO - Event wekatrace126_72ecc38f835b767dffb42e14f1e35159520b:event_017_sa_subagent_001_fa1ca6a8_s0_turn_8 skipping — predecessor failed
2026-09-18 11:04:57,245 - inference_perf.datagen.replay.replay_graph_session_datagen - INFO - Event wekatrace126_72ecc38f835b767dffb42e14f1e35159520b:event_088_parent_turn_19 skipping — predecessor failed
2026-09-18 11:04:57,245 - inference_perf.datagen.replay.replay_graph_session_datagen - INFO - Event wekatrace126_72ecc38f835b767dffb42e14f1e35159520b:event_063_sa_subagent_003_973e5f05_s0_turn_4 skipping — predecessor failed
2026-09-18 11:04:57,245 - inference_perf.datagen.replay.replay_graph_session_datagen - INFO - Event wekatrace126_72ecc38f835b767dffb42e14f1e35159520b:event_018_sa_subagent_001_fa1ca6a8_s0_turn_9 skipping — predecessor failed
2026-09-18 11:04:57,245 - inference_perf.datagen.replay.replay_graph_session_datagen - INFO - Event wekatrace126_72ecc38f835b767dffb42e14f1e35159520b:event_089_parent_turn_20 skipping — predecessor failed
2026-09-18 11:04:57,245 - inference_perf.datagen.replay.replay_graph_session_datagen - INFO - Event wekatrace126_72ecc38f835b767dffb42e14f1e35159520b:event_090_parent_turn_21 skipping — predecessor failed
2026-09-18 11:04:57,245 - inference_perf.datagen.replay.replay_graph_session_datagen - INFO - Event wekatrace126_72ecc38f835b767dffb42e14f1e35159520b:event_064_sa_subagent_003_973e5f05_s0_turn_5 skipping — predecessor failed
2026-09-18 11:04:57,245 - inference_perf.datagen.replay.replay_graph_session_datagen - INFO - Event wekatrace126_72ecc38f835b767dffb42e14f1e35159520b:event_019_sa_subagent_001_fa1ca6a8_s0_turn_10 skipping — predecessor failed
2026-09-18 11:04:57,245 - inference_perf.datagen.replay.replay_graph_session_datagen - INFO - Event wekatrace126_72ecc38f835b767dffb42e14f1e35159520b:event_091_parent_turn_22 skipping — predecessor failed
2026-09-18 11:04:57,245 - inference_perf.datagen.replay.replay_graph_session_datagen - INFO - Event wekatrace126_72ecc38f835b767dffb42e14f1e35159520b:event_065_sa_subagent_003_973e5f05_s0_turn_6 skipping — predecessor failed
2026-09-18 11:04:57,245 - inference_perf.datagen.replay.replay_graph_session_datagen - INFO - Event wekatrace126_72ecc38f835b767dffb42e14f1e35159520b:event_020_sa_subagent_001_fa1ca6a8_s0_turn_11 skipping — predecessor failed
2026-09-18 11:04:57,246 - inference_perf.datagen.replay.replay_graph_session_datagen - INFO - Event wekatrace126_72ecc38f835b767dffb42e14f1e35159520b:event_092_parent_turn_23 skipping — predecessor failed
2026-09-18 11:04:57,246 - inference_perf.datagen.replay.replay_graph_session_datagen - INFO - Event wekatrace126_72ecc38f835b767dffb42e14f1e35159520b:event_066_sa_subagent_003_973e5f05_s0_turn_7 skipping — predecessor failed
2026-09-18 11:04:57,246 - inference_perf.datagen.replay.replay_graph_session_datagen - INFO - Event wekatrace126_72ecc38f835b767dffb42e14f1e35159520b:event_021_sa_subagent_001_fa1ca6a8_s0_turn_12 skipping — predecessor failed
2026-09-18 11:04:57,246 - inference_perf.datagen.replay.replay_graph_session_datagen - INFO - Event wekatrace126_72ecc38f835b767dffb42e14f1e35159520b:event_093_parent_turn_24 skipping — predecessor failed
2026-09-18 11:04:57,246 - inference_perf.datagen.replay.replay_graph_session_datagen - INFO - Event wekatrace126_72ecc38f835b767dffb42e14f1e35159520b:event_067_sa_subagent_003_973e5f05_s0_turn_8 skipping — predecessor failed
2026-09-18 11:04:57,246 - inference_perf.datagen.replay.replay_graph_session_datagen - INFO - Event wekatrace126_72ecc38f835b767dffb42e14f1e35159520b:event_022_sa_subagent_001_fa1ca6a8_s0_turn_13 skipping — predecessor failed
2026-09-18 11:04:57,246 - inference_perf.datagen.replay.replay_graph_session_datagen - INFO - Event wekatrace126_72ecc38f835b767dffb42e14f1e35159520b:event_094_parent_turn_25 skipping — predecessor failed
2026-09-18 11:04:57,246 - inference_perf.datagen.replay.replay_graph_session_datagen - INFO - Event wekatrace126_72ecc38f835b767dffb42e14f1e35159520b:event_095_parent_turn_26 skipping — predecessor failed
2026-09-18 11:04:57,246 - inference_perf.datagen.replay.replay_graph_session_datagen - INFO - Event wekatrace126_72ecc38f835b767dffb42e14f1e35159520b:event_068_sa_subagent_003_973e5f05_s0_turn_9 skipping — predecessor failed
2026-09-18 11:04:57,246 - inference_perf.datagen.replay.replay_graph_session_datagen - INFO - Event wekatrace126_72ecc38f835b767dffb42e14f1e35159520b:event_023_sa_subagent_001_fa1ca6a8_s0_turn_14 skipping — predecessor failed
2026-09-18 11:04:57,246 - inference_perf.datagen.replay.replay_graph_session_datagen - INFO - Event wekatrace126_72ecc38f835b767dffb42e14f1e35159520b:event_096_parent_turn_27 skipping — predecessor failed
2026-09-18 11:04:57,246 - inference_perf.datagen.replay.replay_graph_session_datagen - INFO - Event wekatrace126_72ecc38f835b767dffb42e14f1e35159520b:event_069_sa_subagent_003_973e5f05_s0_turn_10 skipping — predecessor failed
2026-09-18 11:04:57,246 - inference_perf.datagen.replay.replay_graph_session_datagen - INFO - Event wekatrace126_72ecc38f835b767dffb42e14f1e35159520b:event_024_sa_subagent_001_fa1ca6a8_s0_turn_15 skipping — predecessor failed
2026-09-18 11:04:57,246 - inference_perf.datagen.replay.replay_graph_session_datagen - INFO - Event wekatrace126_72ecc38f835b767dffb42e14f1e35159520b:event_097_sa_subagent_004_0937de0e_s0_turn_0 skipping — predecessor failed
2026-09-18 11:04:57,246 - inference_perf.datagen.replay.replay_graph_session_datagen - INFO - Event wekatrace126_72ecc38f835b767dffb42e14f1e35159520b:event_118_parent_turn_28 skipping — predecessor failed
2026-09-18 11:04:57,246 - inference_perf.datagen.replay.replay_graph_session_datagen - INFO - Event wekatrace126_72ecc38f835b767dffb42e14f1e35159520b:event_070_sa_subagent_003_973e5f05_s0_turn_11 skipping — predecessor failed
2026-09-18 11:04:57,246 - inference_perf.datagen.replay.replay_graph_session_datagen - INFO - Event wekatrace126_72ecc38f835b767dffb42e14f1e35159520b:event_025_sa_subagent_001_fa1ca6a8_s0_turn_16 skipping — predecessor failed
2026-09-18 11:04:57,246 - inference_perf.datagen.replay.replay_graph_session_datagen - INFO - Event wekatrace126_72ecc38f835b767dffb42e14f1e35159520b:event_026_sa_subagent_002_988c5560_s0_turn_0 skipping — predecessor failed
2026-09-18 11:04:57,247 - inference_perf.datagen.replay.replay_graph_session_datagen - INFO - Event wekatrace126_72ecc38f835b767dffb42e14f1e35159520b:event_098_sa_subagent_004_0937de0e_s0_turn_1 skipping — predecessor failed
2026-09-18 11:04:57,247 - inference_perf.datagen.replay.replay_graph_session_datagen - INFO - Event wekatrace126_72ecc38f835b767dffb42e14f1e35159520b:event_119_parent_turn_29 skipping — predecessor failed
2026-09-18 11:04:57,247 - inference_perf.datagen.replay.replay_graph_session_datagen - INFO - Event wekatrace126_72ecc38f835b767dffb42e14f1e35159520b:event_071_sa_subagent_003_973e5f05_s0_turn_12 skipping — predecessor failed
2026-09-18 11:04:57,247 - inference_perf.datagen.replay.replay_graph_session_datagen - INFO - Event wekatrace126_72ecc38f835b767dffb42e14f1e35159520b:event_027_sa_subagent_002_988c5560_s0_turn_1 skipping — predecessor failed
2026-09-18 11:04:57,247 - inference_perf.datagen.replay.replay_graph_session_datagen - INFO - Event wekatrace126_72ecc38f835b767dffb42e14f1e35159520b:event_099_sa_subagent_004_0937de0e_s0_turn_2 skipping — predecessor failed
2026-09-18 11:04:57,247 - inference_perf.datagen.replay.replay_graph_session_datagen - INFO - Event wekatrace126_72ecc38f835b767dffb42e14f1e35159520b:event_120_parent_turn_30 skipping — predecessor failed
2026-09-18 11:04:57,247 - inference_perf.datagen.replay.replay_graph_session_datagen - INFO - Event wekatrace126_72ecc38f835b767dffb42e14f1e35159520b:event_072_sa_subagent_003_973e5f05_s0_turn_13 skipping — predecessor failed
2026-09-18 11:04:57,247 - inference_perf.datagen.replay.replay_graph_session_datagen - INFO - Event wekatrace126_72ecc38f835b767dffb42e14f1e35159520b:event_028_sa_subagent_002_988c5560_s0_turn_2 skipping — predecessor failed
2026-09-18 11:04:57,247 - inference_perf.datagen.replay.replay_graph_session_datagen - INFO - Event wekatrace126_72ecc38f835b767dffb42e14f1e35159520b:event_100_sa_subagent_004_0937de0e_s0_turn_3 skipping — predecessor failed
2026-09-18 11:04:57,247 - inference_perf.datagen.replay.replay_graph_session_datagen - INFO - Event wekatrace126_72ecc38f835b767dffb42e14f1e35159520b:event_121_parent_turn_31 skipping — predecessor failed
2026-09-18 11:04:57,247 - inference_perf.datagen.replay.replay_graph_session_datagen - INFO - Event wekatrace126_72ecc38f835b767dffb42e14f1e35159520b:event_122_parent_turn_32 skipping — predecessor failed
2026-09-18 11:04:57,247 - inference_perf.datagen.replay.replay_graph_session_datagen - INFO - Event wekatrace126_72ecc38f835b767dffb42e14f1e35159520b:event_073_sa_subagent_003_973e5f05_s0_turn_14 skipping — predecessor failed
2026-09-18 11:04:57,247 - inference_perf.datagen.replay.replay_graph_session_datagen - INFO - Event wekatrace126_72ecc38f835b767dffb42e14f1e35159520b:event_029_sa_subagent_002_988c5560_s0_turn_3 skipping — predecessor failed
2026-09-18 11:04:57,247 - inference_perf.datagen.replay.replay_graph_session_datagen - INFO - Event wekatrace126_72ecc38f835b767dffb42e14f1e35159520b:event_101_sa_subagent_004_0937de0e_s0_turn_4 skipping — predecessor failed
2026-09-18 11:04:57,247 - inference_perf.datagen.replay.replay_graph_session_datagen - INFO - Event wekatrace126_72ecc38f835b767dffb42e14f1e35159520b:event_123_parent_turn_33 skipping — predecessor failed
2026-09-18 11:04:57,247 - inference_perf.datagen.replay.replay_graph_session_datagen - INFO - Event wekatrace126_72ecc38f835b767dffb42e14f1e35159520b:event_124_parent_turn_34 skipping — predecessor failed
2026-09-18 11:04:57,247 - inference_perf.datagen.replay.replay_graph_session_datagen - INFO - Event wekatrace126_72ecc38f835b767dffb42e14f1e35159520b:event_074_sa_subagent_003_973e5f05_s0_turn_15 skipping — predecessor failed
2026-09-18 11:04:57,247 - inference_perf.datagen.replay.replay_graph_session_datagen - INFO - Event wekatrace126_72ecc38f835b767dffb42e14f1e35159520b:event_030_sa_subagent_002_988c5560_s0_turn_4 skipping — predecessor failed
2026-09-18 11:04:57,247 - inference_perf.datagen.replay.replay_graph_session_datagen - INFO - Event wekatrace126_72ecc38f835b767dffb42e14f1e35159520b:event_102_sa_subagent_004_0937de0e_s0_turn_5 skipping — predecessor failed
2026-09-18 11:04:57,247 - inference_perf.datagen.replay.replay_graph_session_datagen - INFO - Event wekatrace126_72ecc38f835b767dffb42e14f1e35159520b:event_125_parent_turn_35 skipping — predecessor failed
2026-09-18 11:04:57,248 - inference_perf.datagen.replay.replay_graph_session_datagen - INFO - Event wekatrace126_72ecc38f835b767dffb42e14f1e35159520b:event_075_sa_subagent_003_973e5f05_s0_turn_16 skipping — predecessor failed
2026-09-18 11:04:57,248 - inference_perf.datagen.replay.replay_graph_session_datagen - INFO - Event wekatrace126_72ecc38f835b767dffb42e14f1e35159520b:event_031_sa_subagent_002_988c5560_s0_turn_5 skipping — predecessor failed
2026-09-18 11:04:57,248 - inference_perf.datagen.replay.replay_graph_session_datagen - INFO - Event wekatrace126_72ecc38f835b767dffb42e14f1e35159520b:event_103_sa_subagent_004_0937de0e_s0_turn_6 skipping — predecessor failed
2026-09-18 11:04:57,248 - inference_perf.datagen.replay.replay_graph_session_datagen - INFO - Event wekatrace126_72ecc38f835b767dffb42e14f1e35159520b:event_126_parent_turn_36 skipping — predecessor failed
2026-09-18 11:04:57,248 - inference_perf.datagen.replay.replay_graph_session_datagen - INFO - Event wekatrace126_72ecc38f835b767dffb42e14f1e35159520b:event_127_parent_turn_37 skipping — predecessor failed
2026-09-18 11:04:57,248 - inference_perf.datagen.replay.replay_graph_session_datagen - INFO - Event wekatrace126_72ecc38f835b767dffb42e14f1e35159520b:event_076_sa_subagent_003_973e5f05_s0_turn_17 skipping — predecessor failed
2026-09-18 11:04:57,248 - inference_perf.datagen.replay.replay_graph_session_datagen - INFO - Event wekatrace126_72ecc38f835b767dffb42e14f1e35159520b:event_032_sa_subagent_002_988c5560_s0_turn_6 skipping — predecessor failed
2026-09-18 11:04:57,248 - inference_perf.datagen.replay.replay_graph_session_datagen - INFO - Event wekatrace126_72ecc38f835b767dffb42e14f1e35159520b:event_104_sa_subagent_004_0937de0e_s0_turn_7 skipping — predecessor failed
2026-09-18 11:04:57,248 - inference_perf.datagen.replay.replay_graph_session_datagen - INFO - Event wekatrace126_72ecc38f835b767dffb42e14f1e35159520b:event_128_parent_turn_38 skipping — predecessor failed
2026-09-18 11:04:57,248 - inference_perf.datagen.replay.replay_graph_session_datagen - INFO - Event wekatrace126_72ecc38f835b767dffb42e14f1e35159520b:event_129_parent_turn_39 skipping — predecessor failed
2026-09-18 11:04:57,248 - inference_perf.datagen.replay.replay_graph_session_datagen - INFO - Event wekatrace126_72ecc38f835b767dffb42e14f1e35159520b:event_077_sa_subagent_003_973e5f05_s0_turn_18 skipping — predecessor failed
2026-09-18 11:04:57,248 - inference_perf.datagen.replay.replay_graph_session_datagen - INFO - Event wekatrace126_72ecc38f835b767dffb42e14f1e35159520b:event_033_sa_subagent_002_988c5560_s0_turn_7 skipping — predecessor failed
2026-09-18 11:04:57,248 - inference_perf.datagen.replay.replay_graph_session_datagen - INFO - Event wekatrace126_72ecc38f835b767dffb42e14f1e35159520b:event_105_sa_subagent_004_0937de0e_s0_turn_8 skipping — predecessor failed
2026-09-18 11:04:57,248 - inference_perf.datagen.replay.replay_graph_session_datagen - INFO - Event wekatrace126_72ecc38f835b767dffb42e14f1e35159520b:event_130_parent_turn_40 skipping — predecessor failed
2026-09-18 11:04:57,248 - inference_perf.datagen.replay.replay_graph_session_datagen - INFO - Event wekatrace126_72ecc38f835b767dffb42e14f1e35159520b:event_078_sa_subagent_003_973e5f05_s0_turn_19 skipping — predecessor failed
2026-09-18 11:04:57,248 - inference_perf.datagen.replay.replay_graph_session_datagen - INFO - Event wekatrace126_72ecc38f835b767dffb42e14f1e35159520b:event_034_sa_subagent_002_988c5560_s0_turn_8 skipping — predecessor failed
2026-09-18 11:04:57,248 - inference_perf.datagen.replay.replay_graph_session_datagen - INFO - Event wekatrace126_72ecc38f835b767dffb42e14f1e35159520b:event_106_sa_subagent_004_0937de0e_s0_turn_9 skipping — predecessor failed
2026-09-18 11:04:57,248 - inference_perf.datagen.replay.replay_graph_session_datagen - INFO - Event wekatrace126_72ecc38f835b767dffb42e14f1e35159520b:event_131_parent_turn_41 skipping — predecessor failed
2026-09-18 11:04:57,249 - inference_perf.datagen.replay.replay_graph_session_datagen - INFO - Event wekatrace126_72ecc38f835b767dffb42e14f1e35159520b:event_132_parent_turn_42 skipping — predecessor failed
2026-09-18 11:04:57,249 - inference_perf.datagen.replay.replay_graph_session_datagen - INFO - Event wekatrace126_72ecc38f835b767dffb42e14f1e35159520b:event_079_sa_subagent_003_973e5f05_s0_turn_20 skipping — predecessor failed
2026-09-18 11:04:57,249 - inference_perf.datagen.replay.replay_graph_session_datagen - INFO - Event wekatrace126_72ecc38f835b767dffb42e14f1e35159520b:event_035_sa_subagent_002_988c5560_s0_turn_9 skipping — predecessor failed
2026-09-18 11:04:57,249 - inference_perf.datagen.replay.replay_graph_session_datagen - INFO - Event wekatrace126_72ecc38f835b767dffb42e14f1e35159520b:event_107_sa_subagent_004_0937de0e_s0_turn_10 skipping — predecessor failed
2026-09-18 11:04:57,249 - inference_perf.datagen.replay.replay_graph_session_datagen - INFO - Event wekatrace126_72ecc38f835b767dffb42e14f1e35159520b:event_133_parent_turn_43 skipping — predecessor failed
2026-09-18 11:04:57,249 - inference_perf.datagen.replay.replay_graph_session_datagen - INFO - Event wekatrace126_72ecc38f835b767dffb42e14f1e35159520b:event_134_parent_turn_44 skipping — predecessor failed
2026-09-18 11:04:57,249 - inference_perf.datagen.replay.replay_graph_session_datagen - INFO - Event wekatrace126_72ecc38f835b767dffb42e14f1e35159520b:event_080_sa_subagent_003_973e5f05_s0_turn_21 skipping — predecessor failed
2026-09-18 11:04:57,249 - inference_perf.datagen.replay.replay_graph_session_datagen - INFO - Event wekatrace126_72ecc38f835b767dffb42e14f1e35159520b:event_036_sa_subagent_002_988c5560_s0_turn_10 skipping — predecessor failed
2026-09-18 11:04:57,249 - inference_perf.datagen.replay.replay_graph_session_datagen - INFO - Event wekatrace126_72ecc38f835b767dffb42e14f1e35159520b:event_108_sa_subagent_004_0937de0e_s0_turn_11 skipping — predecessor failed
2026-09-18 11:04:57,249 - inference_perf.datagen.replay.replay_graph_session_datagen - INFO - Event wekatrace126_72ecc38f835b767dffb42e14f1e35159520b:event_135_parent_turn_45 skipping — predecessor failed
2026-09-18 11:04:57,249 - inference_perf.datagen.replay.replay_graph_session_datagen - INFO - Event wekatrace126_72ecc38f835b767dffb42e14f1e35159520b:event_081_sa_subagent_003_973e5f05_s0_turn_22 skipping — predecessor failed
2026-09-18 11:04:57,249 - inference_perf.datagen.replay.replay_graph_session_datagen - INFO - Event wekatrace126_72ecc38f835b767dffb42e14f1e35159520b:event_082_sa_subagent_003_973e5f05_s0_turn_23 skipping — predecessor failed
2026-09-18 11:04:57,249 - inference_perf.datagen.replay.replay_graph_session_datagen - INFO - Event wekatrace126_72ecc38f835b767dffb42e14f1e35159520b:event_037_sa_subagent_002_988c5560_s0_turn_11 skipping — predecessor failed
2026-09-18 11:04:57,249 - inference_perf.datagen.replay.replay_graph_session_datagen - INFO - Event wekatrace126_72ecc38f835b767dffb42e14f1e35159520b:event_109_sa_subagent_004_0937de0e_s0_turn_12 skipping — predecessor failed
2026-09-18 11:04:57,249 - inference_perf.datagen.replay.replay_graph_session_datagen - INFO - Event wekatrace126_72ecc38f835b767dffb42e14f1e35159520b:event_136_parent_turn_46 skipping — predecessor failed
2026-09-18 11:04:57,249 - inference_perf.datagen.replay.replay_graph_session_datagen - INFO - Event wekatrace126_72ecc38f835b767dffb42e14f1e35159520b:event_137_parent_turn_47 skipping — predecessor failed
2026-09-18 11:04:57,249 - inference_perf.datagen.replay.replay_graph_session_datagen - INFO - Event wekatrace126_72ecc38f835b767dffb42e14f1e35159520b:event_138_parent_turn_48 skipping — predecessor failed
2026-09-18 11:04:57,249 - inference_perf.datagen.replay.replay_graph_session_datagen - INFO - Event wekatrace126_72ecc38f835b767dffb42e14f1e35159520b:event_083_sa_subagent_003_973e5f05_s0_turn_24 skipping — predecessor failed
2026-09-18 11:04:57,249 - inference_perf.datagen.replay.replay_graph_session_datagen - INFO - Event wekatrace126_72ecc38f835b767dffb42e14f1e35159520b:event_038_sa_subagent_002_988c5560_s0_turn_12 skipping — predecessor failed
2026-09-18 11:04:57,250 - inference_perf.datagen.replay.replay_graph_session_datagen - INFO - Event wekatrace126_72ecc38f835b767dffb42e14f1e35159520b:event_110_sa_subagent_004_0937de0e_s0_turn_13 skipping — predecessor failed
2026-09-18 11:04:57,250 - inference_perf.datagen.replay.replay_graph_session_datagen - INFO - Event wekatrace126_72ecc38f835b767dffb42e14f1e35159520b:event_139_parent_turn_49 skipping — predecessor failed
2026-09-18 11:04:57,250 - inference_perf.datagen.replay.replay_graph_session_datagen - INFO - Event wekatrace126_72ecc38f835b767dffb42e14f1e35159520b:event_084_sa_subagent_003_973e5f05_s0_turn_25 skipping — predecessor failed
2026-09-18 11:04:57,250 - inference_perf.datagen.replay.replay_graph_session_datagen - INFO - Event wekatrace126_72ecc38f835b767dffb42e14f1e35159520b:event_039_sa_subagent_002_988c5560_s0_turn_13 skipping — predecessor failed
2026-09-18 11:04:57,250 - inference_perf.datagen.replay.replay_graph_session_datagen - INFO - Event wekatrace126_72ecc38f835b767dffb42e14f1e35159520b:event_111_sa_subagent_004_0937de0e_s0_turn_14 skipping — predecessor failed
2026-09-18 11:04:57,250 - inference_perf.datagen.replay.replay_graph_session_datagen - INFO - Event wekatrace126_72ecc38f835b767dffb42e14f1e35159520b:event_140_parent_turn_50 skipping — predecessor failed
2026-09-18 11:04:57,250 - inference_perf.datagen.replay.replay_graph_session_datagen - INFO - Event wekatrace126_72ecc38f835b767dffb42e14f1e35159520b:event_141_parent_turn_51 skipping — predecessor failed
2026-09-18 11:04:57,250 - inference_perf.datagen.replay.replay_graph_session_datagen - INFO - Event wekatrace126_72ecc38f835b767dffb42e14f1e35159520b:event_040_sa_subagent_002_988c5560_s0_turn_14 skipping — predecessor failed
2026-09-18 11:04:57,250 - inference_perf.datagen.replay.replay_graph_session_datagen - INFO - Event wekatrace126_72ecc38f835b767dffb42e14f1e35159520b:event_112_sa_subagent_004_0937de0e_s0_turn_15 skipping — predecessor failed
2026-09-18 11:04:57,250 - inference_perf.datagen.replay.replay_graph_session_datagen - INFO - Event wekatrace126_72ecc38f835b767dffb42e14f1e35159520b:event_142_parent_turn_52 skipping — predecessor failed
2026-09-18 11:04:57,250 - inference_perf.datagen.replay.replay_graph_session_datagen - INFO - Event wekatrace126_72ecc38f835b767dffb42e14f1e35159520b:event_143_parent_turn_53 skipping — predecessor failed
2026-09-18 11:04:57,250 - inference_perf.datagen.replay.replay_graph_session_datagen - INFO - Event wekatrace126_72ecc38f835b767dffb42e14f1e35159520b:event_041_sa_subagent_002_988c5560_s0_turn_15 skipping — predecessor failed
2026-09-18 11:04:57,250 - inference_perf.datagen.replay.replay_graph_session_datagen - INFO - Event wekatrace126_72ecc38f835b767dffb42e14f1e35159520b:event_113_sa_subagent_004_0937de0e_s0_turn_16 skipping — predecessor failed
2026-09-18 11:04:57,250 - inference_perf.datagen.replay.replay_graph_session_datagen - INFO - Event wekatrace126_72ecc38f835b767dffb42e14f1e35159520b:event_144_parent_turn_54 skipping — predecessor failed
2026-09-18 11:04:57,251 - inference_perf.datagen.replay.replay_graph_session_datagen - INFO - Event wekatrace126_72ecc38f835b767dffb42e14f1e35159520b:event_145_parent_turn_55 skipping — predecessor failed
2026-09-18 11:04:57,251 - inference_perf.datagen.replay.replay_graph_session_datagen - INFO - Event wekatrace126_72ecc38f835b767dffb42e14f1e35159520b:event_042_sa_subagent_002_988c5560_s0_turn_16 skipping — predecessor failed
2026-09-18 11:04:57,251 - inference_perf.datagen.replay.replay_graph_session_datagen - INFO - Event wekatrace126_72ecc38f835b767dffb42e14f1e35159520b:event_114_sa_subagent_004_0937de0e_s0_turn_17 skipping — predecessor failed
2026-09-18 11:04:57,251 - inference_perf.datagen.replay.replay_graph_session_datagen - INFO - Event wekatrace126_72ecc38f835b767dffb42e14f1e35159520b:event_146_parent_turn_56 skipping — predecessor failed
2026-09-18 11:04:57,251 - inference_perf.datagen.replay.replay_graph_session_datagen - INFO - Event wekatrace126_72ecc38f835b767dffb42e14f1e35159520b:event_043_sa_subagent_002_988c5560_s0_turn_17 skipping — predecessor failed
2026-09-18 11:04:57,251 - inference_perf.datagen.replay.replay_graph_session_datagen - INFO - Event wekatrace126_72ecc38f835b767dffb42e14f1e35159520b:event_115_sa_subagent_004_0937de0e_s0_turn_18 skipping — predecessor failed
2026-09-18 11:04:57,251 - inference_perf.datagen.replay.replay_graph_session_datagen - INFO - Event wekatrace126_72ecc38f835b767dffb42e14f1e35159520b:event_147_parent_turn_57 skipping — predecessor failed
2026-09-18 11:04:57,251 - inference_perf.datagen.replay.replay_graph_session_datagen - INFO - Event wekatrace126_72ecc38f835b767dffb42e14f1e35159520b:event_044_sa_subagent_002_988c5560_s0_turn_18 skipping — predecessor failed
2026-09-18 11:04:57,251 - inference_perf.datagen.replay.replay_graph_session_datagen - INFO - Event wekatrace126_72ecc38f835b767dffb42e14f1e35159520b:event_116_sa_subagent_004_0937de0e_s0_turn_19 skipping — predecessor failed
2026-09-18 11:04:57,251 - inference_perf.datagen.replay.replay_graph_session_datagen - INFO - Event wekatrace126_72ecc38f835b767dffb42e14f1e35159520b:event_148_parent_turn_58 skipping — predecessor failed
2026-09-18 11:04:57,251 - inference_perf.datagen.replay.replay_graph_session_datagen - INFO - Event wekatrace126_72ecc38f835b767dffb42e14f1e35159520b:event_045_sa_subagent_002_988c5560_s0_turn_19 skipping — predecessor failed
2026-09-18 11:04:57,251 - inference_perf.datagen.replay.replay_graph_session_datagen - INFO - Event wekatrace126_72ecc38f835b767dffb42e14f1e35159520b:event_117_sa_subagent_004_0937de0e_s0_turn_20 skipping — predecessor failed
2026-09-18 11:04:57,251 - inference_perf.datagen.replay.replay_graph_session_datagen - INFO - Event wekatrace126_72ecc38f835b767dffb42e14f1e35159520b:event_149_parent_turn_59 skipping — predecessor failed
2026-09-18 11:04:57,251 - inference_perf.datagen.replay.replay_graph_session_datagen - INFO - Event wekatrace126_72ecc38f835b767dffb42e14f1e35159520b:event_150_parent_turn_60 skipping — predecessor failed
2026-09-18 11:04:57,251 - inference_perf.datagen.replay.replay_graph_session_datagen - INFO - Event wekatrace126_72ecc38f835b767dffb42e14f1e35159520b:event_046_sa_subagent_002_988c5560_s0_turn_20 skipping — predecessor failed
2026-09-18 11:04:57,252 - inference_perf.datagen.replay.replay_graph_session_datagen - INFO - Event wekatrace126_72ecc38f835b767dffb42e14f1e35159520b:event_151_parent_turn_61 skipping — predecessor failed
2026-09-18 11:04:57,252 - inference_perf.datagen.replay.replay_graph_session_datagen - INFO - Event wekatrace126_72ecc38f835b767dffb42e14f1e35159520b:event_047_sa_subagent_002_988c5560_s0_turn_21 skipping — predecessor failed
2026-09-18 11:04:57,252 - inference_perf.datagen.replay.replay_graph_session_datagen - INFO - Event wekatrace126_72ecc38f835b767dffb42e14f1e35159520b:event_152_parent_turn_62 skipping — predecessor failed
2026-09-18 11:04:57,252 - inference_perf.datagen.replay.replay_graph_session_datagen - INFO - Event wekatrace126_72ecc38f835b767dffb42e14f1e35159520b:event_153_parent_turn_63 skipping — predecessor failed
2026-09-18 11:04:57,252 - inference_perf.datagen.replay.replay_graph_session_datagen - INFO - Event wekatrace126_72ecc38f835b767dffb42e14f1e35159520b:event_048_sa_subagent_002_988c5560_s0_turn_22 skipping — predecessor failed
2026-09-18 11:04:57,252 - inference_perf.datagen.replay.replay_graph_session_datagen - INFO - Event wekatrace126_72ecc38f835b767dffb42e14f1e35159520b:event_154_parent_turn_64 skipping — predecessor failed
2026-09-18 11:04:57,252 - inference_perf.datagen.replay.replay_graph_session_datagen - INFO - Event wekatrace126_72ecc38f835b767dffb42e14f1e35159520b:event_049_sa_subagent_002_988c5560_s0_turn_23 skipping — predecessor failed
2026-09-18 11:04:57,252 - inference_perf.datagen.replay.replay_graph_session_datagen - INFO - Event wekatrace126_72ecc38f835b767dffb42e14f1e35159520b:event_155_parent_turn_65 skipping — predecessor failed
2026-09-18 11:04:57,252 - inference_perf.datagen.replay.replay_graph_session_datagen - INFO - Event wekatrace126_72ecc38f835b767dffb42e14f1e35159520b:event_050_sa_subagent_002_988c5560_s0_turn_24 skipping — predecessor failed
2026-09-18 11:04:57,252 - inference_perf.datagen.replay.replay_graph_session_datagen - INFO - Event wekatrace126_72ecc38f835b767dffb42e14f1e35159520b:event_156_parent_turn_66 skipping — predecessor failed
2026-09-18 11:04:57,252 - inference_perf.datagen.replay.replay_graph_session_datagen - INFO - Event wekatrace126_72ecc38f835b767dffb42e14f1e35159520b:event_051_sa_subagent_002_988c5560_s0_turn_25 skipping — predecessor failed
2026-09-18 11:04:57,252 - inference_perf.datagen.replay.replay_graph_session_datagen - INFO - Event wekatrace126_72ecc38f835b767dffb42e14f1e35159520b:event_157_parent_turn_67 skipping — predecessor failed
2026-09-18 11:04:57,252 - inference_perf.datagen.replay.replay_graph_session_datagen - INFO - Event wekatrace126_72ecc38f835b767dffb42e14f1e35159520b:event_158_parent_turn_68 skipping — predecessor failed
2026-09-18 11:04:57,252 - inference_perf.datagen.replay.replay_graph_session_datagen - INFO - Event wekatrace126_72ecc38f835b767dffb42e14f1e35159520b:event_159_parent_turn_69 skipping — predecessor failed
2026-09-18 11:04:57,253 - inference_perf.datagen.replay.replay_graph_session_datagen - INFO - Event wekatrace126_72ecc38f835b767dffb42e14f1e35159520b:event_160_parent_turn_70 skipping — predecessor failed
2026-09-18 11:04:57,253 - inference_perf.datagen.replay.replay_graph_session_datagen - INFO - Event wekatrace126_72ecc38f835b767dffb42e14f1e35159520b:event_161_parent_turn_71 skipping — predecessor failed
2026-09-18 11:04:57,253 - inference_perf.datagen.replay.replay_graph_session_datagen - INFO - Event wekatrace126_72ecc38f835b767dffb42e14f1e35159520b:event_162_parent_turn_72 skipping — predecessor failed
2026-09-18 11:04:57,253 - inference_perf.datagen.replay.replay_graph_session_datagen - INFO - Event wekatrace126_72ecc38f835b767dffb42e14f1e35159520b:event_163_parent_turn_73 skipping — predecessor failed
2026-09-18 11:04:57,253 - inference_perf.datagen.replay.replay_graph_session_datagen - INFO - Event wekatrace126_72ecc38f835b767dffb42e14f1e35159520b:event_164_parent_turn_74 skipping — predecessor failed
2026-09-18 11:04:57,253 - inference_perf.datagen.replay.replay_graph_session_datagen - INFO - Event wekatrace126_72ecc38f835b767dffb42e14f1e35159520b:event_165_parent_turn_75 skipping — predecessor failed
2026-09-18 11:04:57,253 - inference_perf.datagen.replay.replay_graph_session_datagen - INFO - Event wekatrace126_72ecc38f835b767dffb42e14f1e35159520b:event_166_parent_turn_76 skipping — predecessor failed
2026-09-18 11:04:57,253 - inference_perf.datagen.replay.replay_graph_session_datagen - INFO - Event wekatrace126_72ecc38f835b767dffb42e14f1e35159520b:event_167_parent_turn_77 skipping — predecessor failed
2026-09-18 11:04:57,253 - inference_perf.datagen.replay.replay_graph_session_datagen - INFO - Event wekatrace126_72ecc38f835b767dffb42e14f1e35159520b:event_168_parent_turn_78 skipping — predecessor failed
2026-09-18 11:04:57,253 - inference_perf.datagen.replay.replay_graph_session_datagen - INFO - Event wekatrace126_72ecc38f835b767dffb42e14f1e35159520b:event_169_parent_turn_79 skipping — predecessor failed
2026-09-18 11:04:57,253 - inference_perf.datagen.replay.replay_graph_session_datagen - INFO - Event wekatrace126_72ecc38f835b767dffb42e14f1e35159520b:event_170_parent_turn_80 skipping — predecessor failed
2026-09-18 11:04:57,253 - inference_perf.datagen.replay.replay_graph_session_datagen - INFO - Event wekatrace126_72ecc38f835b767dffb42e14f1e35159520b:event_171_parent_turn_81 skipping — predecessor failed
2026-09-18 11:04:57,253 - inference_perf.datagen.replay.replay_graph_session_datagen - INFO - Event wekatrace126_72ecc38f835b767dffb42e14f1e35159520b:event_172_parent_turn_82 skipping — predecessor failed
2026-09-18 11:04:57,253 - inference_perf.datagen.replay.replay_graph_session_datagen - INFO - Event wekatrace126_72ecc38f835b767dffb42e14f1e35159520b:event_173_parent_turn_83 skipping — predecessor failed
2026-09-18 11:04:57,254 - inference_perf.datagen.replay.replay_graph_session_datagen - INFO - Event wekatrace126_72ecc38f835b767dffb42e14f1e35159520b:event_174_parent_turn_84 skipping — predecessor failed
2026-09-18 11:04:57,254 - inference_perf.datagen.replay.replay_graph_session_datagen - INFO - Event wekatrace126_72ecc38f835b767dffb42e14f1e35159520b:event_175_parent_turn_85 skipping — predecessor failed
2026-09-18 11:04:57,254 - inference_perf.datagen.replay.replay_graph_session_datagen - INFO - Event wekatrace126_72ecc38f835b767dffb42e14f1e35159520b:event_176_parent_turn_86 skipping — predecessor failed
2026-09-18 11:04:57,254 - inference_perf.datagen.replay.replay_graph_session_datagen - INFO - Event wekatrace126_72ecc38f835b767dffb42e14f1e35159520b:event_177_parent_turn_87 skipping — predecessor failed
2026-09-18 11:04:57,254 - inference_perf.datagen.replay.replay_graph_session_datagen - INFO - Event wekatrace126_72ecc38f835b767dffb42e14f1e35159520b:event_178_parent_turn_88 skipping — predecessor failed
2026-09-18 11:04:57,254 - inference_perf.datagen.replay.replay_graph_session_datagen - INFO - Event wekatrace126_72ecc38f835b767dffb42e14f1e35159520b:event_179_parent_turn_89 skipping — predecessor failed
2026-09-18 11:04:57,254 - inference_perf.datagen.replay.replay_graph_session_datagen - INFO - Event wekatrace126_72ecc38f835b767dffb42e14f1e35159520b:event_180_parent_turn_90 skipping — predecessor failed
2026-09-18 11:04:57,254 - inference_perf.datagen.replay.replay_graph_session_datagen - INFO - Event wekatrace126_72ecc38f835b767dffb42e14f1e35159520b:event_181_parent_turn_91 skipping — predecessor failed
2026-09-18 11:04:57,254 - inference_perf.datagen.replay.replay_graph_session_datagen - INFO - Event wekatrace126_72ecc38f835b767dffb42e14f1e35159520b:event_182_parent_turn_92 skipping — predecessor failed
2026-09-18 11:04:57,254 - inference_perf.datagen.replay.replay_graph_session_datagen - INFO - Event wekatrace126_72ecc38f835b767dffb42e14f1e35159520b:event_183_parent_turn_93 skipping — predecessor failed
2026-09-18 11:04:57,254 - inference_perf.datagen.replay.replay_graph_session_datagen - INFO - Event wekatrace126_72ecc38f835b767dffb42e14f1e35159520b:event_184_parent_turn_94 skipping — predecessor failed
2026-09-18 11:04:57,254 - inference_perf.datagen.replay.replay_graph_session_datagen - INFO - Event wekatrace126_72ecc38f835b767dffb42e14f1e35159520b:event_185_parent_turn_95 skipping — predecessor failed
2026-09-18 11:04:57,255 - inference_perf.datagen.replay.replay_graph_session_datagen - INFO - Event wekatrace126_72ecc38f835b767dffb42e14f1e35159520b:event_186_parent_turn_96 skipping — predecessor failed
2026-09-18 11:04:57,255 - inference_perf.datagen.replay.replay_graph_session_datagen - INFO - Event wekatrace126_72ecc38f835b767dffb42e14f1e35159520b:event_187_parent_turn_97 skipping — predecessor failed
2026-09-18 11:04:57,255 - inference_perf.datagen.replay.replay_graph_session_datagen - INFO - Event wekatrace126_72ecc38f835b767dffb42e14f1e35159520b:event_188_parent_turn_98 skipping — predecessor failed
2026-09-18 11:04:57,255 - inference_perf.datagen.replay.replay_graph_session_datagen - INFO - Event wekatrace126_72ecc38f835b767dffb42e14f1e35159520b:event_189_parent_turn_99 skipping — predecessor failed
2026-09-18 11:04:57,255 - inference_perf.datagen.replay.replay_graph_session_datagen - INFO - Event wekatrace126_72ecc38f835b767dffb42e14f1e35159520b:event_190_parent_turn_100 skipping — predecessor failed
2026-09-18 11:04:57,255 - inference_perf.datagen.replay.replay_graph_session_datagen - INFO - Event wekatrace126_72ecc38f835b767dffb42e14f1e35159520b:event_191_parent_turn_101 skipping — predecessor failed
2026-09-18 11:04:57,255 - inference_perf.datagen.replay.replay_graph_session_datagen - INFO - Event wekatrace126_72ecc38f835b767dffb42e14f1e35159520b:event_192_parent_turn_102 skipping — predecessor failed
2026-09-18 11:04:57,255 - inference_perf.datagen.replay.replay_graph_session_datagen - INFO - Event wekatrace126_72ecc38f835b767dffb42e14f1e35159520b:event_193_parent_turn_103 skipping — predecessor failed
2026-09-18 11:04:57,255 - inference_perf.datagen.replay.replay_graph_session_datagen - INFO - Event wekatrace126_72ecc38f835b767dffb42e14f1e35159520b:event_194_parent_turn_104 skipping — predecessor failed
2026-09-18 11:04:57,255 - inference_perf.datagen.replay.replay_graph_session_datagen - INFO - Event wekatrace126_72ecc38f835b767dffb42e14f1e35159520b:event_195_parent_turn_105 skipping — predecessor failed
2026-09-18 11:04:57,255 - inference_perf.datagen.replay.replay_graph_session_datagen - INFO - Event wekatrace126_72ecc38f835b767dffb42e14f1e35159520b:event_196_parent_turn_106 skipping — predecessor failed
2026-09-18 11:04:57,255 - inference_perf.datagen.replay.replay_graph_session_datagen - INFO - Event wekatrace126_72ecc38f835b767dffb42e14f1e35159520b:event_197_parent_turn_107 skipping — predecessor failed
2026-09-18 11:04:57,255 - inference_perf.datagen.replay.replay_graph_session_datagen - INFO - Event wekatrace126_72ecc38f835b767dffb42e14f1e35159520b:event_198_parent_turn_108 skipping — predecessor failed
2026-09-18 11:04:57,255 - inference_perf.datagen.replay.replay_graph_session_datagen - INFO - Event wekatrace126_72ecc38f835b767dffb42e14f1e35159520b:event_199_parent_turn_109 skipping — predecessor failed
2026-09-18 11:04:57,256 - inference_perf.datagen.replay.replay_graph_session_datagen - INFO - Event wekatrace126_72ecc38f835b767dffb42e14f1e35159520b:event_200_parent_turn_110 skipping — predecessor failed
2026-09-18 11:04:57,256 - inference_perf.datagen.replay.replay_graph_session_datagen - INFO - Event wekatrace126_72ecc38f835b767dffb42e14f1e35159520b:event_201_parent_turn_111 skipping — predecessor failed
2026-09-18 11:04:57,256 - inference_perf.datagen.replay.replay_graph_session_datagen - INFO - Event wekatrace126_72ecc38f835b767dffb42e14f1e35159520b:event_202_parent_turn_112 skipping — predecessor failed
2026-09-18 11:04:57,256 - inference_perf.datagen.replay.replay_graph_session_datagen - INFO - Event wekatrace126_72ecc38f835b767dffb42e14f1e35159520b:event_203_parent_turn_113 skipping — predecessor failed
2026-09-18 11:04:57,256 - inference_perf.datagen.replay.replay_graph_session_datagen - INFO - Event wekatrace126_72ecc38f835b767dffb42e14f1e35159520b:event_204_parent_turn_114 skipping — predecessor failed
2026-09-18 11:04:57,256 - inference_perf.datagen.replay.replay_graph_session_datagen - INFO - Event wekatrace126_72ecc38f835b767dffb42e14f1e35159520b:event_205_parent_turn_115 skipping — predecessor failed
2026-09-18 11:04:57,256 - inference_perf.datagen.replay.replay_graph_session_datagen - INFO - Event wekatrace126_72ecc38f835b767dffb42e14f1e35159520b:event_206_parent_turn_116 skipping — predecessor failed
2026-09-18 11:04:57,256 - inference_perf.datagen.replay.replay_graph_session_datagen - INFO - Event wekatrace126_72ecc38f835b767dffb42e14f1e35159520b:event_207_parent_turn_117 skipping — predecessor failed
2026-09-18 11:04:57,256 - inference_perf.datagen.replay.replay_graph_session_datagen - INFO - Event wekatrace126_72ecc38f835b767dffb42e14f1e35159520b:event_208_parent_turn_118 skipping — predecessor failed
2026-09-18 11:04:57,256 - inference_perf.datagen.replay.replay_graph_session_datagen - INFO - Event wekatrace126_72ecc38f835b767dffb42e14f1e35159520b:event_209_parent_turn_119 skipping — predecessor failed
2026-09-18 11:04:57,256 - inference_perf.datagen.replay.replay_graph_session_datagen - INFO - Event wekatrace126_72ecc38f835b767dffb42e14f1e35159520b:event_210_parent_turn_120 skipping — predecessor failed
2026-09-18 11:04:57,256 - inference_perf.datagen.replay.replay_graph_session_datagen - INFO - Event wekatrace126_72ecc38f835b767dffb42e14f1e35159520b:event_211_parent_turn_121 skipping — predecessor failed
2026-09-18 11:04:57,256 - inference_perf.datagen.replay.replay_graph_session_datagen - INFO - Event wekatrace126_72ecc38f835b767dffb42e14f1e35159520b:event_212_parent_turn_122 skipping — predecessor failed
2026-09-18 11:04:57,256 - inference_perf.datagen.replay.replay_graph_session_datagen - INFO - Event wekatrace126_72ecc38f835b767dffb42e14f1e35159520b:event_213_parent_turn_123 skipping — predecessor failed
2026-09-18 11:04:57,256 - inference_perf.datagen.replay.replay_graph_session_datagen - INFO - Event wekatrace126_72ecc38f835b767dffb42e14f1e35159520b:event_214_parent_turn_124 skipping — predecessor failed
2026-09-18 11:04:57,256 - inference_perf.datagen.replay.replay_graph_session_datagen - INFO - Event wekatrace126_72ecc38f835b767dffb42e14f1e35159520b:event_215_parent_turn_125 skipping — predecessor failed
2026-09-18 11:04:57,256 - inference_perf.datagen.replay.replay_graph_session_datagen - INFO - Event wekatrace126_72ecc38f835b767dffb42e14f1e35159520b:event_216_parent_turn_126 skipping — predecessor failed
2026-09-18 11:04:57,256 - inference_perf.datagen.replay.replay_graph_session_datagen - INFO - Event wekatrace126_72ecc38f835b767dffb42e14f1e35159520b:event_217_parent_turn_127 skipping — predecessor failed
2026-09-18 11:04:57,256 - inference_perf.datagen.replay.replay_graph_session_datagen - INFO - Event wekatrace126_72ecc38f835b767dffb42e14f1e35159520b:event_218_parent_turn_128 skipping — predecessor failed
2026-09-18 11:04:57,257 - inference_perf.datagen.replay.replay_graph_session_datagen - INFO - Event wekatrace126_72ecc38f835b767dffb42e14f1e35159520b:event_219_parent_turn_129 skipping — predecessor failed
2026-09-18 11:04:57,257 - inference_perf.datagen.replay.replay_graph_session_datagen - INFO - Event wekatrace126_72ecc38f835b767dffb42e14f1e35159520b:event_220_parent_turn_130 skipping — predecessor failed
2026-09-18 11:04:57,257 - inference_perf.datagen.replay.replay_graph_session_datagen - INFO - Event wekatrace126_72ecc38f835b767dffb42e14f1e35159520b:event_221_parent_turn_131 skipping — predecessor failed
2026-09-18 11:04:57,257 - inference_perf.datagen.replay.replay_graph_session_datagen - INFO - Event wekatrace126_72ecc38f835b767dffb42e14f1e35159520b:event_222_parent_turn_132 skipping — predecessor failed
2026-09-18 11:04:57,257 - inference_perf.datagen.replay.replay_graph_session_datagen - INFO - Event wekatrace126_72ecc38f835b767dffb42e14f1e35159520b:event_223_parent_turn_133 skipping — predecessor failed
2026-09-18 11:04:57,257 - inference_perf.datagen.replay.replay_graph_session_datagen - INFO - Event wekatrace126_72ecc38f835b767dffb42e14f1e35159520b:event_224_parent_turn_134 skipping — predecessor failed
2026-09-18 11:04:57,257 - inference_perf.datagen.replay.replay_graph_session_datagen - INFO - Event wekatrace126_72ecc38f835b767dffb42e14f1e35159520b:event_225_parent_turn_135 skipping — predecessor failed
2026-09-18 11:04:57,257 - inference_perf.datagen.replay.replay_graph_session_datagen - INFO - Event wekatrace126_72ecc38f835b767dffb42e14f1e35159520b:event_226_parent_turn_136 skipping — predecessor failed
2026-09-18 11:04:57,257 - inference_perf.datagen.replay.replay_graph_session_datagen - INFO - Event wekatrace126_72ecc38f835b767dffb42e14f1e35159520b:event_227_parent_turn_137 skipping — predecessor failed
2026-09-18 11:04:57,257 - inference_perf.datagen.replay.replay_graph_session_datagen - INFO - Event wekatrace126_72ecc38f835b767dffb42e14f1e35159520b:event_228_parent_turn_138 skipping — predecessor failed
2026-09-18 11:04:57,257 - inference_perf.datagen.replay.replay_graph_session_datagen - INFO - Event wekatrace126_72ecc38f835b767dffb42e14f1e35159520b:event_229_parent_turn_139 skipping — predecessor failed
2026-09-18 11:04:57,257 - inference_perf.datagen.replay.replay_graph_session_datagen - INFO - Event wekatrace126_72ecc38f835b767dffb42e14f1e35159520b:event_230_parent_turn_140 skipping — predecessor failed
2026-09-18 11:04:57,257 - inference_perf.datagen.replay.replay_graph_session_datagen - INFO - Event wekatrace126_72ecc38f835b767dffb42e14f1e35159520b:event_231_parent_turn_141 skipping — predecessor failed
2026-09-18 11:04:57,257 - inference_perf.datagen.replay.replay_graph_session_datagen - INFO - Event wekatrace126_72ecc38f835b767dffb42e14f1e35159520b:event_232_parent_turn_142 skipping — predecessor failed
2026-09-18 11:04:57,257 - inference_perf.datagen.replay.replay_graph_session_datagen - INFO - Event wekatrace126_72ecc38f835b767dffb42e14f1e35159520b:event_233_parent_turn_143 skipping — predecessor failed
2026-09-18 11:04:57,258 - inference_perf.datagen.replay.replay_graph_session_datagen - INFO - Event wekatrace126_72ecc38f835b767dffb42e14f1e35159520b:event_234_parent_turn_144 skipping — predecessor failed
2026-09-18 11:05:28,168 - inference_perf.loadgen.load_generator - WARNING - [Worker 20] cancelling 1253 tasks still running at stage teardown
2026-09-18 11:05:28,188 - inference_perf.loadgen.load_generator - WARNING - [Worker 7] cancelling 1549 tasks still running at stage teardown
2026-09-18 11:05:28,191 - inference_perf.loadgen.load_generator - WARNING - [Worker 1] cancelling 1071 tasks still running at stage teardown
2026-09-18 11:05:28,214 - inference_perf.loadgen.load_generator - WARNING - [Worker 15] cancelling 1013 tasks still running at stage teardown
2026-09-18 11:05:28,217 - inference_perf.loadgen.load_generator - WARNING - [Worker 11] cancelling 1091 tasks still running at stage teardown
2026-09-18 11:05:28,231 - inference_perf.loadgen.load_generator - WARNING - [Worker 4] cancelling 1452 tasks still running at stage teardown
2026-09-18 11:05:28,270 - inference_perf.loadgen.load_generator - WARNING - [Worker 14] cancelling 390 tasks still running at stage teardown
2026-09-18 11:05:28,342 - inference_perf.loadgen.load_generator - WARNING - [Worker 0] cancelling 423 tasks still running at stage teardown
2026-09-18 11:05:28,359 - inference_perf.loadgen.load_generator - WARNING - [Worker 5] cancelling 689 tasks still running at stage teardown
2026-09-18 11:05:28,364 - inference_perf.loadgen.load_generator - WARNING - [Worker 8] cancelling 381 tasks still running at stage teardown
2026-09-18 11:05:28,372 - inference_perf.loadgen.load_generator - WARNING - [Worker 18] cancelling 1090 tasks still running at stage teardown
2026-09-18 11:05:28,376 - inference_perf.loadgen.load_generator - WARNING - [Worker 10] cancelling 831 tasks still running at stage teardown
2026-09-18 11:05:28,380 - inference_perf.loadgen.load_generator - WARNING - [Worker 12] cancelling 786 tasks still running at stage teardown
2026-09-18 11:05:28,381 - inference_perf.loadgen.load_generator - WARNING - [Worker 22] cancelling 422 tasks still running at stage teardown
2026-09-18 11:05:28,387 - inference_perf.loadgen.load_generator - WARNING - [Worker 3] cancelling 1082 tasks still running at stage teardown
2026-09-18 11:05:28,388 - inference_perf.loadgen.load_generator - WARNING - [Worker 9] cancelling 1313 tasks still running at stage teardown
2026-09-18 11:05:28,395 - inference_perf.loadgen.load_generator - WARNING - [Worker 16] cancelling 1472 tasks still running at stage teardown
2026-09-18 11:05:28,400 - inference_perf.loadgen.load_generator - WARNING - [Worker 2] cancelling 1096 tasks still running at stage teardown
2026-09-18 11:05:28,402 - inference_perf.loadgen.load_generator - WARNING - [Worker 13] cancelling 765 tasks still running at stage teardown
2026-09-18 11:05:28,402 - inference_perf.loadgen.load_generator - WARNING - [Worker 23] cancelling 1247 tasks still running at stage teardown
2026-09-18 11:05:28,402 - inference_perf.loadgen.load_generator - WARNING - [Worker 6] cancelling 990 tasks still running at stage teardown
2026-09-18 11:05:28,403 - inference_perf.loadgen.load_generator - WARNING - [Worker 17] cancelling 662 tasks still running at stage teardown
2026-09-18 11:05:28,423 - inference_perf.loadgen.load_generator - WARNING - [Worker 19] cancelling 903 tasks still running at stage teardown
2026-09-18 11:05:28,428 - inference_perf.loadgen.load_generator - WARNING - [Worker 21] cancelling 1359 tasks still running at stage teardown
2026-09-18 11:05:28,501 - inference_perf.loadgen.load_generator - INFO - Stage 0 - session-based run failed
Overall Progress ━━━━━━━━━━━━━━━━━━━━━━━━━━━━━━━━━━━━━━ 100% 1/1 0:00:00 0:47:00
2026-09-18 11:05:29,508 - inference_perf.reportgen.base - INFO - Generating Reports...
2026-09-18 11:05:29,508 - inference_perf.utils.custom_tokenizer - INFO - Loading tokenizer 'Qwen/Qwen3-Coder-30B-A3B-Instruct-FP8'
2026-09-18 11:05:29,655 - httpx - INFO - HTTP Request: HEAD https://huggingface.co/Qwen/Qwen3-Coder-30B-A3B-Instruct-FP8/resolve/main/config.json "HTTP/1.1 307 Temporary Redirect"
2026-09-18 11:05:29,671 - httpx - INFO - HTTP Request: HEAD https://huggingface.co/api/resolve-cache/models/Qwen/Qwen3-Coder-30B-A3B-Instruct-FP8/dcaee4d4dfc5ee71ad501f01f530e5652438fde0/config.json "HTTP/1.1 200 OK"
2026-09-18 11:05:29,729 - httpx - INFO - HTTP Request: HEAD https://huggingface.co/Qwen/Qwen3-Coder-30B-A3B-Instruct-FP8/resolve/main/tokenizer_config.json "HTTP/1.1 307 Temporary Redirect"
2026-09-18 11:05:29,746 - httpx - INFO - HTTP Request: HEAD https://huggingface.co/api/resolve-cache/models/Qwen/Qwen3-Coder-30B-A3B-Instruct-FP8/dcaee4d4dfc5ee71ad501f01f530e5652438fde0/tokenizer_config.json "HTTP/1.1 200 OK"
2026-09-18 11:05:29,798 - httpx - INFO - HTTP Request: GET https://huggingface.co/api/models/Qwen/Qwen3-Coder-30B-A3B-Instruct-FP8/tree/main/additional_chat_templates?recursive=false&expand=false "HTTP/1.1 404 Not Found"
2026-09-18 11:05:29,851 - httpx - INFO - HTTP Request: GET https://huggingface.co/api/models/Qwen/Qwen3-Coder-30B-A3B-Instruct-FP8/tree/main?recursive=true&expand=false "HTTP/1.1 200 OK"
2026-09-18 11:05:30,838 - httpx - INFO - HTTP Request: GET https://huggingface.co/api/models/Qwen/Qwen3-Coder-30B-A3B-Instruct-FP8 "HTTP/1.1 200 OK"
2026-09-18 11:11:35,721 - inference_perf.reportgen.base - WARNING - Prometheus Metrics Client is not configured or not of type PrometheusMetricsClient
2026-09-18 11:11:37,317 - inference_perf.reportgen.validation - WARNING - Validation [summary.token_mismatches] summary_lifecycle_metrics.json: 2486 request(s) where the client-side token count disagrees with the server-reported completion_tokens
2026-09-18 11:11:37,318 - inference_perf.reportgen.validation - WARNING - Validation [per_stage.token_mismatches] stage_0_lifecycle_metrics.json: 2486 request(s) where the client-side token count disagrees with the server-reported completion_tokens
2026-09-18 11:11:37,318 - inference_perf.reportgen.validation - WARNING - Report validation finished: 0 error(s), 2 warning(s). See validation.json.
2026-09-18 11:11:37,357 - inference_perf.client.filestorage.local - INFO - Report saved to: /results/report/summary_lifecycle_metrics.json
2026-09-18 11:11:37,357 - inference_perf.client.filestorage.local - INFO - Report saved to: /results/report/stage_0_lifecycle_metrics.json
2026-09-18 11:11:50,901 - inference_perf.client.filestorage.local - INFO - Report saved to: /results/report/per_request_lifecycle_metrics.json
2026-09-18 11:11:50,906 - inference_perf.client.filestorage.local - INFO - Report saved to: /results/report/inference-perf.partial.stage_0.yaml
2026-09-18 11:11:50,907 - inference_perf.client.filestorage.local - INFO - Report saved to: /results/report/summary_session_lifecycle_metrics.json
2026-09-18 11:11:50,907 - inference_perf.client.filestorage.local - INFO - Report saved to: /results/report/stage_0_session_lifecycle_metrics.json
2026-09-18 11:11:50,910 - inference_perf.client.filestorage.local - INFO - Report saved to: /results/report/config.yaml
2026-09-18 11:11:50,910 - inference_perf.client.filestorage.local - INFO - Report saved to: /results/report/validation.json
=== START_SUMMARY ===
{
  "benchmark_time_seconds": 2820.217126972013,
  "load_summary": {
    "count": 6093,
    "schedule_delay": {
      "mean": 1006.596036476416,
      "min": 0.0087134369823616,
      "max": 2699.3153871250106,
      "p0.1": 0.019371291334507986,
      "p1": 1.375124143891735,
      "p5": 7.845916515594581,
      "p10": 58.9758965203947,
      "p25": 321.138062093989,
      "median": 867.3551445080084,
      "p75": 1602.7241527780134,
      "p90": 2210.739197074197,
      "p95": 2434.4530354654066,
      "p99": 2638.0163861485735,
      "p99.9": 2693.1164672760256
    }
  },
  "successes": {
    "count": 6068,
    "latency": {
      "request_latency": {
        "mean": 126.07686429625667,
        "min": 0.12648914000601508,
        "max": 1899.0329959009832,
        "p0.1": 0.8321228288613783,
        "p1": 3.7732120940185268,
        "p5": 7.781515811018473,
        "p10": 11.890217424393631,
        "p25": 22.75373089275672,
        "median": 51.394730386004085,
        "p75": 123.60864495400892,
        "p90": 290.8337576338061,
        "p95": 486.1595967124991,
        "p99": 1320.1976075778402,
        "p99.9": 1877.6288412931162
      },
      "normalized_time_per_output_token": {
        "mean": 0.4074169934448334,
        "min": 0.00665732315821132,
        "max": 75.36392739791137,
        "p0.1": 0.042662759222069975,
        "p1": 0.06250327272503962,
        "p5": 0.08048687033470737,
        "p10": 0.08755507230991015,
        "p25": 0.10100621945436442,
        "median": 0.12216350203757267,
        "p75": 0.20746030713071112,
        "p90": 0.5901244262786414,
        "p95": 1.4073155615736048,
        "p99": 5.096568719293684,
        "p99.9": 18.86934814732604
      },
      "time_per_output_token": {
        "mean": 0.11084038171733554,
        "min": 0.0038805294445612365,
        "max": 0.4759948330003467,
        "p0.1": 0.029918012892400536,
        "p1": 0.038829901500472004,
        "p5": 0.06407772289565435,
        "p10": 0.0751241450358138,
        "p25": 0.08841520860954508,
        "median": 0.10274144689431505,
        "p75": 0.12253347938225669,
        "p90": 0.15708488450560984,
        "p95": 0.20017756756189203,
        "p99": 0.24899425599584396,
        "p99.9": 0.29490435963520295
      },
      "time_to_first_token": {
        "mean": 59.911941457565824,
        "min": 0.05620254701352678,
        "max": 1818.8006534180022,
        "p0.1": 0.15724129604440532,
        "p1": 0.19133163517137292,
        "p5": 0.3269575385056669,
        "p10": 0.6677860476978822,
        "p25": 2.0108514850071515,
        "median": 3.7427318609989015,
        "p75": 12.605569695748272,
        "p90": 112.33213014098875,
        "p95": 323.4655507544491,
        "p99": 1262.536832002855,
        "p99.9": 1812.5878730410109
      },
      "inter_token_latency": {
        "mean": 0.10946823065551008,
        "min": 0.0,
        "max": 3.169268423022004,
        "p0.1": 0.0015533520664321259,
        "p1": 0.01264545291545801,
        "p5": 0.0342445571848657,
        "p10": 0.03653820038307458,
        "p25": 0.038717321993317455,
        "median": 0.041029668995179236,
        "p75": 0.16600943601224571,
        "p90": 0.31206873221672143,
        "p95": 0.3742715701984705,
        "p99": 0.5052044837723945,
        "p99.9": 0.8290814493750224
      }
    },
    "throughput": {
      "input_tokens_per_sec": 107490.51060670633,
      "output_tokens_per_sec": 1381.2149294271894,
      "total_tokens_per_sec": 108871.72553613351,
      "requests_per_sec": 2.1516073858167934,
      "images_per_sec": 0.0,
      "videos_per_sec": 0.0,
      "audios_per_sec": 0.0
    },
    "request_size_bytes": {
      "mean": 199525.44330916283,
      "min": 808.0,
      "max": 678182.0,
      "p0.1": 1213.015,
      "p1": 1682.68,
      "p5": 9350.7,
      "p10": 78935.20000000001,
      "p25": 158586.5,
      "median": 215098.0,
      "p75": 258995.75,
      "p90": 289318.2,
      "p95": 301356.89999999997,
      "p99": 331539.20999999996,
      "p99.9": 557502.7050000099
    },
    "image": {
      "count": {
        "mean": 0.0,
        "min": 0.0,
        "max": 0.0,
        "p0.1": 0.0,
        "p1": 0.0,
        "p5": 0.0,
        "p10": 0.0,
        "p25": 0.0,
        "median": 0.0,
        "p75": 0.0,
        "p90": 0.0,
        "p95": 0.0,
        "p99": 0.0,
        "p99.9": 0.0
      },
      "pixels": null,
      "bytes": null,
      "aspect_ratio": null
    },
    "video": {
      "count": {
        "mean": 0.0,
        "min": 0.0,
        "max": 0.0,
        "p0.1": 0.0,
        "p1": 0.0,
        "p5": 0.0,
        "p10": 0.0,
        "p25": 0.0,
        "median": 0.0,
        "p75": 0.0,
        "p90": 0.0,
        "p95": 0.0,
        "p99": 0.0,
        "p99.9": 0.0
      },
      "frames": null,
      "pixels": null,
      "bytes": null,
      "aspect_ratio": null
    },
    "audio": {
      "count": {
        "mean": 0.0,
        "min": 0.0,
        "max": 0.0,
        "p0.1": 0.0,
        "p1": 0.0,
        "p5": 0.0,
        "p10": 0.0,
        "p25": 0.0,
        "median": 0.0,
        "p75": 0.0,
        "p90": 0.0,
        "p95": 0.0,
        "p99": 0.0,
        "p99.9": 0.0
      },
      "seconds": null,
      "bytes": null
    },
    "prompt_tokens": {
      "total": 303146579.0,
      "cached": 71358272.0,
      "uncached": 231788307.0,
      "mean": 49958.23648648649,
      "min": 174.0,
      "max": 171541.0,
      "p0.1": 264.0,
      "p1": 392.0,
      "p5": 2313.0,
      "p10": 19909.7,
      "p25": 39952.0,
      "median": 53821.5,
      "p75": 64642.75,
      "p90": 72404.6,
      "p95": 75702.3,
      "p99": 83872.64,
      "p99.9": 140058.6860000023
    },
    "output_len": {
      "mean": 641.9456163480554,
      "min": 4.0,
      "max": 19214.0,
      "p0.1": 5.0,
      "p1": 12.0,
      "p5": 21.0,
      "p10": 84.0,
      "p25": 156.0,
      "median": 335.0,
      "p75": 722.0,
      "p90": 1493.800000000001,
      "p95": 2195.5499999999975,
      "p99": 4605.479999999996,
      "p99.9": 9071.90100000081
    },
    "output_tokens": {
      "total": 3895326.0,
      "mean": 641.9456163480554,
      "min": 4.0,
      "max": 19214.0,
      "p0.1": 5.0,
      "p1": 12.0,
      "p5": 21.0,
      "p10": 84.0,
      "p25": 156.0,
      "median": 335.0,
      "p75": 722.0,
      "p90": 1493.800000000001,
      "p95": 2195.5499999999975,
      "p99": 4605.479999999996,
      "p99.9": 9071.90100000081
    },
    "token_count_mismatches": 2486,
    "client_fallback_requests": {
      "prompt": 0,
      "output": 0
    }
  },
  "failures": {
    "count": 25,
    "request_latency": {
      "mean": 1900.5012571331195,
      "min": 1900.01499215301,
      "max": 1900.9749840279983,
      "p0.1": 1900.0169963599853,
      "p1": 1900.0350342227623,
      "p5": 1900.1057317941857,
      "p10": 1900.1436199126124,
      "p25": 1900.2602488269913,
      "median": 1900.5164421299996,
      "p75": 1900.769677378994,
      "p90": 1900.9045744310074,
      "p95": 1900.9624515945966,
      "p99": 1900.9747564940772,
      "p99.9": 1900.9749612746061
    },
    "prompt_tokens": {
      "total": 0.0,
      "cached": 0.0,
      "uncached": 0.0,
      "mean": 0.0,
      "min": 0.0,
      "max": 0.0,
      "p0.1": 0.0,
      "p1": 0.0,
      "p5": 0.0,
      "p10": 0.0,
      "p25": 0.0,
      "median": 0.0,
      "p75": 0.0,
      "p90": 0.0,
      "p95": 0.0,
      "p99": 0.0,
      "p99.9": 0.0
    },
    "by_label": {
      "timeouterror": {
        "count": 25,
        "messages": [
          {
            "message": "",
            "session_ids": [
              "wekatrace12_09c188c8b9201ec2046cc2df702623fef33e",
              "wekatrace326_f53aede62a31cb25abc2f19f21f610885758",
              "wekatrace237_bb09362fe3a016c1b20f92d0e29cfdf97722",
              "wekatrace189_9f20e7ac308c284e5218e06abb1e59c04c2e",
              "wekatrace221_afd3f3a1ccdb67fcb1022499a9a507842fad",
              "wekatrace181_999eea8a292a67475f955dd8f074dd4e413e",
              "wekatrace36_20821cf092022b08be8c97d438b5f8003ee7",
              "wekatrace183_9b3bbac0341e3f179e66e73a1f84f26b62b6",
              "wekatrace334_fe1aaa31badf4f218622e630f7c002dcbc18",
              "wekatrace97_5205240fa8f546d231b220f7b82e394dcd79",
              "wekatrace172_91a5604201e3a0637c6c74d7111ad2074b9b",
              "wekatrace122_6b47c7b9791176dede513203e7c5fe2cdd43",
              "wekatrace71_3eaabf7d2b95305a97f5da28d76bd8703c70",
              "wekatrace56_2e6fc2e7b28c2e567d9c2aa0a38586d494eb",
              "wekatrace328_f722d51bf73ac8b7b55451d2fde8bea2fb3f",
              "wekatrace169_90b3445b5fec003346fb49dac092a3614e35",
              "wekatrace316_f02519b0a1c78d3e61c31d06b41c518d827e",
              "wekatrace7_06385769df23204ac35c53ad431cf42f7c02",
              "wekatrace178_98487e95da7b7251318a1bf4ed04f9c83922",
              "wekatrace20_1091bb824ba2083b254e5315eede43dce225",
              "wekatrace194_a1fc1985dc2bfdfc6b1a28b15e7eba9f8773",
              "wekatrace151_85464920f1ce7d1c5c4e35dce6c8125020b7",
              "wekatrace18_0da3a3bea6f3559a2eff4114839b328dad53",
              "wekatrace190_a0e492862f175caaeeb035530a09b57c2a05",
              "wekatrace126_72ecc38f835b767dffb42e14f1e35159520b"
            ]
          }
        ]
      }
    }
  }
}
=== END_SUMMARY ===
=== START_STAGE_0 ===
{
  "benchmark_time_seconds": 2820.217126972013,
  "load_summary": {
    "count": 6093,
    "schedule_delay": {
      "mean": 1006.596036476416,
      "min": 0.0087134369823616,
      "max": 2699.3153871250106,
      "p0.1": 0.019371291334507986,
      "p1": 1.375124143891735,
      "p5": 7.845916515594581,
      "p10": 58.9758965203947,
      "p25": 321.138062093989,
      "median": 867.3551445080084,
      "p75": 1602.7241527780134,
      "p90": 2210.739197074197,
      "p95": 2434.4530354654066,
      "p99": 2638.0163861485735,
      "p99.9": 2693.1164672760256
    },
    "send_duration": 2699.8813258220034,
    "requested_rate": 0.0,
    "achieved_rate": 2.256765859197508,
    "concurrency": 338
  },
  "successes": {
    "count": 6068,
    "latency": {
      "request_latency": {
        "mean": 126.07686429625667,
        "min": 0.12648914000601508,
        "max": 1899.0329959009832,
        "p0.1": 0.8321228288613783,
        "p1": 3.7732120940185268,
        "p5": 7.781515811018473,
        "p10": 11.890217424393631,
        "p25": 22.75373089275672,
        "median": 51.394730386004085,
        "p75": 123.60864495400892,
        "p90": 290.8337576338061,
        "p95": 486.1595967124991,
        "p99": 1320.1976075778402,
        "p99.9": 1877.6288412931162
      },
      "normalized_time_per_output_token": {
        "mean": 0.4074169934448334,
        "min": 0.00665732315821132,
        "max": 75.36392739791137,
        "p0.1": 0.042662759222069975,
        "p1": 0.06250327272503962,
        "p5": 0.08048687033470737,
        "p10": 0.08755507230991015,
        "p25": 0.10100621945436442,
        "median": 0.12216350203757267,
        "p75": 0.20746030713071112,
        "p90": 0.5901244262786414,
        "p95": 1.4073155615736048,
        "p99": 5.096568719293684,
        "p99.9": 18.86934814732604
      },
      "time_per_output_token": {
        "mean": 0.11084038171733554,
        "min": 0.0038805294445612365,
        "max": 0.4759948330003467,
        "p0.1": 0.029918012892400536,
        "p1": 0.038829901500472004,
        "p5": 0.06407772289565435,
        "p10": 0.0751241450358138,
        "p25": 0.08841520860954508,
        "median": 0.10274144689431505,
        "p75": 0.12253347938225669,
        "p90": 0.15708488450560984,
        "p95": 0.20017756756189203,
        "p99": 0.24899425599584396,
        "p99.9": 0.29490435963520295
      },
      "time_to_first_token": {
        "mean": 59.911941457565824,
        "min": 0.05620254701352678,
        "max": 1818.8006534180022,
        "p0.1": 0.15724129604440532,
        "p1": 0.19133163517137292,
        "p5": 0.3269575385056669,
        "p10": 0.6677860476978822,
        "p25": 2.0108514850071515,
        "median": 3.7427318609989015,
        "p75": 12.605569695748272,
        "p90": 112.33213014098875,
        "p95": 323.4655507544491,
        "p99": 1262.536832002855,
        "p99.9": 1812.5878730410109
      },
      "inter_token_latency": {
        "mean": 0.10946823065551008,
        "min": 0.0,
        "max": 3.169268423022004,
        "p0.1": 0.0015533520664321259,
        "p1": 0.01264545291545801,
        "p5": 0.0342445571848657,
        "p10": 0.03653820038307458,
        "p25": 0.038717321993317455,
        "median": 0.041029668995179236,
        "p75": 0.16600943601224571,
        "p90": 0.31206873221672143,
        "p95": 0.3742715701984705,
        "p99": 0.5052044837723945,
        "p99.9": 0.8290814493750224
      }
    },
    "throughput": {
      "input_tokens_per_sec": 107490.51060670633,
      "output_tokens_per_sec": 1381.2149294271894,
      "total_tokens_per_sec": 108871.72553613351,
      "requests_per_sec": 2.1516073858167934,
      "images_per_sec": 0.0,
      "videos_per_sec": 0.0,
      "audios_per_sec": 0.0
    },
    "request_size_bytes": {
      "mean": 199525.44330916283,
      "min": 808.0,
      "max": 678182.0,
      "p0.1": 1213.015,
      "p1": 1682.68,
      "p5": 9350.7,
      "p10": 78935.20000000001,
      "p25": 158586.5,
      "median": 215098.0,
      "p75": 258995.75,
      "p90": 289318.2,
      "p95": 301356.89999999997,
      "p99": 331539.20999999996,
      "p99.9": 557502.7050000099
    },
    "image": {
      "count": {
        "mean": 0.0,
        "min": 0.0,
        "max": 0.0,
        "p0.1": 0.0,
        "p1": 0.0,
        "p5": 0.0,
        "p10": 0.0,
        "p25": 0.0,
        "median": 0.0,
        "p75": 0.0,
        "p90": 0.0,
        "p95": 0.0,
        "p99": 0.0,
        "p99.9": 0.0
      },
      "pixels": null,
      "bytes": null,
      "aspect_ratio": null
    },
    "video": {
      "count": {
        "mean": 0.0,
        "min": 0.0,
        "max": 0.0,
        "p0.1": 0.0,
        "p1": 0.0,
        "p5": 0.0,
        "p10": 0.0,
        "p25": 0.0,
        "median": 0.0,
        "p75": 0.0,
        "p90": 0.0,
        "p95": 0.0,
        "p99": 0.0,
        "p99.9": 0.0
      },
      "frames": null,
      "pixels": null,
      "bytes": null,
      "aspect_ratio": null
    },
    "audio": {
      "count": {
        "mean": 0.0,
        "min": 0.0,
        "max": 0.0,
        "p0.1": 0.0,
        "p1": 0.0,
        "p5": 0.0,
        "p10": 0.0,
        "p25": 0.0,
        "median": 0.0,
        "p75": 0.0,
        "p90": 0.0,
        "p95": 0.0,
        "p99": 0.0,
        "p99.9": 0.0
      },
      "seconds": null,
      "bytes": null
    },
    "prompt_tokens": {
      "total": 303146579.0,
      "cached": 71358272.0,
      "uncached": 231788307.0,
      "mean": 49958.23648648649,
      "min": 174.0,
      "max": 171541.0,
      "p0.1": 264.0,
      "p1": 392.0,
      "p5": 2313.0,
      "p10": 19909.7,
      "p25": 39952.0,
      "median": 53821.5,
      "p75": 64642.75,
      "p90": 72404.6,
      "p95": 75702.3,
      "p99": 83872.64,
      "p99.9": 140058.6860000023
    },
    "output_len": {
      "mean": 641.9456163480554,
      "min": 4.0,
      "max": 19214.0,
      "p0.1": 5.0,
      "p1": 12.0,
      "p5": 21.0,
      "p10": 84.0,
      "p25": 156.0,
      "median": 335.0,
      "p75": 722.0,
      "p90": 1493.800000000001,
      "p95": 2195.5499999999975,
      "p99": 4605.479999999996,
      "p99.9": 9071.90100000081
    },
    "output_tokens": {
      "total": 3895326.0,
      "mean": 641.9456163480554,
      "min": 4.0,
      "max": 19214.0,
      "p0.1": 5.0,
      "p1": 12.0,
      "p5": 21.0,
      "p10": 84.0,
      "p25": 156.0,
      "median": 335.0,
      "p75": 722.0,
      "p90": 1493.800000000001,
      "p95": 2195.5499999999975,
      "p99": 4605.479999999996,
      "p99.9": 9071.90100000081
    },
    "token_count_mismatches": 2486,
    "client_fallback_requests": {
      "prompt": 0,
      "output": 0
    }
  },
  "failures": {
    "count": 25,
    "request_latency": {
      "mean": 1900.5012571331195,
      "min": 1900.01499215301,
      "max": 1900.9749840279983,
      "p0.1": 1900.0169963599853,
      "p1": 1900.0350342227623,
      "p5": 1900.1057317941857,
      "p10": 1900.1436199126124,
      "p25": 1900.2602488269913,
      "median": 1900.5164421299996,
      "p75": 1900.769677378994,
      "p90": 1900.9045744310074,
      "p95": 1900.9624515945966,
      "p99": 1900.9747564940772,
      "p99.9": 1900.9749612746061
    },
    "prompt_tokens": {
      "total": 0.0,
      "cached": 0.0,
      "uncached": 0.0,
      "mean": 0.0,
      "min": 0.0,
      "max": 0.0,
      "p0.1": 0.0,
      "p1": 0.0,
      "p5": 0.0,
      "p10": 0.0,
      "p25": 0.0,
      "median": 0.0,
      "p75": 0.0,
      "p90": 0.0,
      "p95": 0.0,
      "p99": 0.0,
      "p99.9": 0.0
    },
    "by_label": {
      "timeouterror": {
        "count": 25,
        "messages": [
          {
            "message": "",
            "session_ids": [
              "wekatrace12_09c188c8b9201ec2046cc2df702623fef33e",
              "wekatrace326_f53aede62a31cb25abc2f19f21f610885758",
              "wekatrace237_bb09362fe3a016c1b20f92d0e29cfdf97722",
              "wekatrace189_9f20e7ac308c284e5218e06abb1e59c04c2e",
              "wekatrace221_afd3f3a1ccdb67fcb1022499a9a507842fad",
              "wekatrace181_999eea8a292a67475f955dd8f074dd4e413e",
              "wekatrace36_20821cf092022b08be8c97d438b5f8003ee7",
              "wekatrace183_9b3bbac0341e3f179e66e73a1f84f26b62b6",
              "wekatrace334_fe1aaa31badf4f218622e630f7c002dcbc18",
              "wekatrace97_5205240fa8f546d231b220f7b82e394dcd79",
              "wekatrace172_91a5604201e3a0637c6c74d7111ad2074b9b",
              "wekatrace122_6b47c7b9791176dede513203e7c5fe2cdd43",
              "wekatrace71_3eaabf7d2b95305a97f5da28d76bd8703c70",
              "wekatrace56_2e6fc2e7b28c2e567d9c2aa0a38586d494eb",
              "wekatrace328_f722d51bf73ac8b7b55451d2fde8bea2fb3f",
              "wekatrace169_90b3445b5fec003346fb49dac092a3614e35",
              "wekatrace316_f02519b0a1c78d3e61c31d06b41c518d827e",
              "wekatrace7_06385769df23204ac35c53ad431cf42f7c02",
              "wekatrace178_98487e95da7b7251318a1bf4ed04f9c83922",
              "wekatrace20_1091bb824ba2083b254e5315eede43dce225",
              "wekatrace194_a1fc1985dc2bfdfc6b1a28b15e7eba9f8773",
              "wekatrace151_85464920f1ce7d1c5c4e35dce6c8125020b7",
              "wekatrace18_0da3a3bea6f3559a2eff4114839b328dad53",
              "wekatrace190_a0e492862f175caaeeb035530a09b57c2a05",
              "wekatrace126_72ecc38f835b767dffb42e14f1e35159520b"
            ]
          }
        ]
      }
    }
  }
}
=== END_STAGE_0 ===
=== START_PARTIAL_BR_V0_2_STAGE_0 ===
version: 0.2.1
run:
  uid: inference-perf-stage-0-aa165290
  eid: inference-perf-experiment-61311707
  time:
    start: '2026-09-18T10:18:28.148893Z'
    end: '2026-09-18T11:03:28.161079Z'
    duration: PT2700.012S
results:
  request_performance:
    aggregate:
      requests:
        total: 6093
        failures: 25
        input_length:
          units: count
          mean: 49958.23648648649
          stddev: 20774.17345652974
          min: 174.0
          p0p1: 264.0
          p1: 392.0
          p5: 2313.0
          p10: 19909.7
          p25: 39952.0
          p50: 53821.5
          p75: 64642.75
          p90: 72404.6
          p95: 75702.3
          p99: 83872.64
          p99p9: 140058.6860000023
          max: 171541.0
        output_length:
          units: count
          mean: 641.9456163480554
          stddev: 967.5552332540483
          min: 4.0
          p0p1: 5.0
          p1: 12.0
          p5: 21.0
          p10: 84.0
          p25: 156.0
          p50: 335.0
          p75: 722.0
          p90: 1493.800000000001
          p95: 2195.5499999999975
          p99: 4605.479999999996
          p99p9: 9071.90100000081
          max: 19214.0
      latency:
        time_to_first_token:
          units: s
          mean: 59.911941457565824
          stddev: 208.106053409243
          min: 0.05620254701352678
          p0p1: 0.15724129604440532
          p1: 0.19133163517137292
          p5: 0.3269575385056669
          p10: 0.6677860476978822
          p25: 2.0108514850071515
          p50: 3.7427318609989015
          p75: 12.605569695748272
          p90: 112.33213014098875
          p95: 323.4655507544491
          p99: 1262.536832002855
          p99p9: 1812.5878730410109
          max: 1818.8006534180022
        normalized_time_per_output_token:
          units: s/token
          mean: 0.4074169934448334
          stddev: 1.7920068539533396
          min: 0.00665732315821132
          p0p1: 0.042662759222069975
          p1: 0.06250327272503962
          p5: 0.08048687033470737
          p10: 0.08755507230991015
          p25: 0.10100621945436442
          p50: 0.12216350203757267
          p75: 0.20746030713071112
          p90: 0.5901244262786414
          p95: 1.4073155615736048
          p99: 5.096568719293684
          p99p9: 18.86934814732604
          max: 75.36392739791137
        time_per_output_token:
          units: s/token
          mean: 0.11084038171733554
          stddev: 0.04003784460721258
          min: 0.0038805294445612365
          p0p1: 0.029918012892400536
          p1: 0.038829901500472004
          p5: 0.06407772289565435
          p10: 0.0751241450358138
          p25: 0.08841520860954508
          p50: 0.10274144689431505
          p75: 0.12253347938225669
          p90: 0.15708488450560984
          p95: 0.20017756756189203
          p99: 0.24899425599584396
          p99p9: 0.29490435963520295
          max: 0.4759948330003467
        inter_token_latency:
          units: s/token
          mean: 0.10946823065551008
          stddev: 0.1251705942365509
          min: 0.0
          p0p1: 0.0015533520664321259
          p1: 0.01264545291545801
          p5: 0.0342445571848657
          p10: 0.03653820038307458
          p25: 0.038717321993317455
          p50: 0.041029668995179236
          p75: 0.16600943601224571
          p90: 0.31206873221672143
          p95: 0.3742715701984705
          p99: 0.5052044837723945
          p99p9: 0.8290814493750224
          max: 3.169268423022004
        request_latency:
          units: s
          mean: 126.07686429625667
          stddev: 230.80717212980375
          min: 0.12648914000601508
          p0p1: 0.8321228288613783
          p1: 3.7732120940185268
          p5: 7.781515811018473
          p10: 11.890217424393631
          p25: 22.75373089275672
          p50: 51.394730386004085
          p75: 123.60864495400892
          p90: 290.8337576338061
          p95: 486.1595967124991
          p99: 1320.1976075778402
          p99p9: 1877.6288412931162
          max: 1899.0329959009832
      throughput:
        input_token_rate:
          units: tokens/s
          mean: 107490.51060670633
        output_token_rate:
          units: tokens/s
          mean: 1381.2149294271894
        total_token_rate:
          units: tokens/s
          mean: 108871.72553613351
        request_rate:
          units: queries/s
          mean: 2.1516073858167934

=== END_PARTIAL_BR_V0_2_STAGE_0 ===
=== START_STAGE_0 ===
{
  "stage_metadata": {
    "stage_id": 0,
    "status": "TIMED_OUT",
    "timeout_configured": 2700.0,
    "actual_duration": 2700.0121858119965,
    "teardown_duration": 120.34049834602047,
    "dropped_requests": 0,
    "concurrent_sessions": 338,
    "session_rate": null
  },
  "num_sessions": 56,
  "num_sessions_succeeded": 32,
  "num_sessions_failed": 24,
  "failures": {
    "count": 24,
    "by_label": {
      "request_failed": {
        "count": 24,
        "messages": [
          {
            "message": "TimeoutError: ",
            "session_ids": [
              "wekatrace12_09c188c8b9201ec2046cc2df702623fef33e",
              "wekatrace326_f53aede62a31cb25abc2f19f21f610885758",
              "wekatrace237_bb09362fe3a016c1b20f92d0e29cfdf97722",
              "wekatrace189_9f20e7ac308c284e5218e06abb1e59c04c2e",
              "wekatrace221_afd3f3a1ccdb67fcb1022499a9a507842fad",
              "wekatrace181_999eea8a292a67475f955dd8f074dd4e413e",
              "wekatrace36_20821cf092022b08be8c97d438b5f8003ee7",
              "wekatrace183_9b3bbac0341e3f179e66e73a1f84f26b62b6",
              "wekatrace334_fe1aaa31badf4f218622e630f7c002dcbc18",
              "wekatrace97_5205240fa8f546d231b220f7b82e394dcd79",
              "wekatrace172_91a5604201e3a0637c6c74d7111ad2074b9b",
              "wekatrace122_6b47c7b9791176dede513203e7c5fe2cdd43",
              "wekatrace71_3eaabf7d2b95305a97f5da28d76bd8703c70",
              "wekatrace56_2e6fc2e7b28c2e567d9c2aa0a38586d494eb",
              "wekatrace328_f722d51bf73ac8b7b55451d2fde8bea2fb3f",
              "wekatrace169_90b3445b5fec003346fb49dac092a3614e35",
              "wekatrace316_f02519b0a1c78d3e61c31d06b41c518d827e",
              "wekatrace7_06385769df23204ac35c53ad431cf42f7c02",
              "wekatrace178_98487e95da7b7251318a1bf4ed04f9c83922",
              "wekatrace20_1091bb824ba2083b254e5315eede43dce225",
              "wekatrace194_a1fc1985dc2bfdfc6b1a28b15e7eba9f8773",
              "wekatrace151_85464920f1ce7d1c5c4e35dce6c8125020b7",
              "wekatrace18_0da3a3bea6f3559a2eff4114839b328dad53",
              "wekatrace190_a0e492862f175caaeeb035530a09b57c2a05"
            ]
          }
        ]
      }
    }
  },
  "total_events": 2729,
  "total_events_completed": 953,
  "total_events_cancelled": 1752,
  "sessions_with_recorded_substitution": 0,
  "total_recorded_substitutions": {
    "count": 0,
    "messages": []
  },
  "sessions_per_second": 0.02137626354863323,
  "session_duration_sec": {
    "mean": 1983.3066148417336,
    "min": 613.089795589447,
    "max": 2619.5056068897247,
    "p0.1": 628.4489862000942,
    "p1": 766.6817016959191,
    "p5": 1134.1513628959656,
    "p10": 1328.118567943573,
    "p25": 1779.500194132328,
    "median": 2077.100035071373,
    "p75": 2369.800722002983,
    "p90": 2465.9907734394073,
    "p95": 2533.166620016098,
    "p99": 2616.609928166866,
    "p99.9": 2619.216039017439
  },
  "num_events": {
    "mean": 48.732142857142854,
    "min": 12.0,
    "max": 301.0,
    "p0.1": 12.33,
    "p1": 15.3,
    "p5": 20.0,
    "p10": 21.0,
    "p25": 22.75,
    "median": 28.0,
    "p75": 39.75,
    "p90": 99.5,
    "p95": 179.25,
    "p99": 247.65000000000026,
    "p99.9": 295.6650000000007
  },
  "num_events_cancelled": {
    "mean": 31.285714285714285,
    "min": 0.0,
    "max": 294.0,
    "p0.1": 0.0,
    "p1": 0.0,
    "p5": 0.0,
    "p10": 0.0,
    "p25": 0.0,
    "median": 0.0,
    "p75": 29.75,
    "p90": 94.0,
    "p95": 175.5,
    "p99": 243.40000000000026,
    "p99.9": 288.9400000000007
  },
  "total_input_tokens": {
    "mean": 788706.1607142857,
    "min": 392.0,
    "max": 2453554.0,
    "p0.1": 409.6,
    "p1": 568.0,
    "p5": 55145.75,
    "p10": 79730.5,
    "p25": 111994.25,
    "median": 907407.0,
    "p75": 1241275.5,
    "p90": 1591548.0,
    "p95": 1706251.75,
    "p99": 2088992.550000002,
    "p99.9": 2417097.855000005
  },
  "total_output_tokens": {
    "mean": 9357.964285714286,
    "min": 19.0,
    "max": 23270.0,
    "p0.1": 19.11,
    "p1": 20.1,
    "p5": 717.5,
    "p10": 946.0,
    "p25": 2963.5,
    "median": 8806.5,
    "p75": 16363.5,
    "p90": 18496.5,
    "p95": 19677.75,
    "p99": 21982.450000000008,
    "p99.9": 23141.245000000017
  },
  "total_cached_tokens": {
    "mean": 165117.14285714287,
    "min": 0.0,
    "max": 875264.0,
    "p0.1": 0.0,
    "p1": 0.0,
    "p5": 0.0,
    "p10": 0.0,
    "p25": 0.0,
    "median": 135256.0,
    "p75": 268516.0,
    "p90": 385072.0,
    "p95": 459320.0,
    "p99": 678760.000000001,
    "p99.9": 855613.6000000027
  },
  "total_cacheable_input_tokens": {
    "mean": 788706.1607142857,
    "min": 392.0,
    "max": 2453554.0,
    "p0.1": 409.6,
    "p1": 568.0,
    "p5": 55145.75,
    "p10": 79730.5,
    "p25": 111994.25,
    "median": 907407.0,
    "p75": 1241275.5,
    "p90": 1591548.0,
    "p95": 1706251.75,
    "p99": 2088992.550000002,
    "p99.9": 2417097.855000005
  },
  "sessions_with_cache_info": 56,
  "kv_cache_hit_percent": 20.93519121336719,
  "kv_cache_hit_per_session_percent": {
    "mean": 14.791367376171902,
    "min": 0.0,
    "max": 41.534580252283604,
    "p0.1": 0.0,
    "p1": 0.0,
    "p5": 0.0,
    "p10": 0.0,
    "p25": 0.0,
    "median": 15.002333077228636,
    "p75": 25.250174783826857,
    "p90": 32.5119271005063,
    "p95": 35.43892349648507,
    "p99": 41.0845456549189,
    "p99.9": 41.48957679254714
  },
  "tfut_sec": {
    "mean": 13.674085417108083,
    "min": 0.7516854160057846,
    "max": 65.70896173099754,
    "p0.1": 0.7539773893712846,
    "p1": 0.7746051496607833,
    "p5": 1.005762369997683,
    "p10": 1.4020623419928597,
    "p25": 3.062383802505792,
    "median": 7.515890110502369,
    "p75": 18.2691831810007,
    "p90": 30.150391865012352,
    "p95": 56.70190602774528,
    "p99": 62.69298855155795,
    "p99.9": 65.40736441305363
  },
  "sessions_with_tfut": 56,
  "tfut_none_reasons": null,
  "num_user_facing_events": {
    "mean": 48.732142857142854,
    "min": 12.0,
    "max": 301.0,
    "p0.1": 12.33,
    "p1": 15.3,
    "p5": 20.0,
    "p10": 21.0,
    "p25": 22.75,
    "median": 28.0,
    "p75": 39.75,
    "p90": 99.5,
    "p95": 179.25,
    "p99": 247.65000000000026,
    "p99.9": 295.6650000000007
  },
  "num_structured_output_excluded": {
    "mean": 0.0,
    "min": 0.0,
    "max": 0.0,
    "p0.1": 0.0,
    "p1": 0.0,
    "p5": 0.0,
    "p10": 0.0,
    "p25": 0.0,
    "median": 0.0,
    "p75": 0.0,
    "p90": 0.0,
    "p95": 0.0,
    "p99": 0.0,
    "p99.9": 0.0
  }
}
=== END_STAGE_0 ===
                         Throughput and Goodput Summary                         
┏━━━━━━━┳━━━━━━━━━━┳━━━━━━━━━┳━━━━━━━━━━┳━━━━━━━┳━━━━━━━━━┳━━━━━━━━━━┳━━━━━━━━━┓
┃       ┃          ┃ Achiev… ┃    Error ┃       ┃      In ┃      Out ┃     Tot ┃
┃ Stage ┃ Req Rate ┃    Rate ┃     Rate ┃ Req/s ┃ Tokens… ┃ Tokens/s ┃ Tokens… ┃
┡━━━━━━━╇━━━━━━━━━━╇━━━━━━━━━╇━━━━━━━━━━╇━━━━━━━╇━━━━━━━━━╇━━━━━━━━━━╇━━━━━━━━━┩
│     0 │      0.0 │     2.3 │     0.4% │   2.2 │ 107490… │   1381.2 │ 108871… │
└───────┴──────────┴─────────┴──────────┴───────┴─────────┴──────────┴─────────┘
                          Request & Token Latency (ms)                          
┏━━━━━━━┳━━━━━━━┳━━━━━━━┳━━━━━━━┳━━━━━━━┳━━━━━━━┳━━━━━━━┳━━━━━━━┳━━━━━━━┳━━━━━━┓
┃       ┃   Req ┃   Req ┃   Req ┃       ┃       ┃       ┃       ┃       ┃      ┃
┃       ┃   Lat ┃   Lat ┃   Lat ┃  TTFT ┃  TTFT ┃  TTFT ┃   ITL ┃   ITL ┃  ITL ┃
┃ Stage ┃  Mean ┃   Med ┃   P90 ┃  Mean ┃   Med ┃   P90 ┃  Mean ┃   Med ┃  P90 ┃
┡━━━━━━━╇━━━━━━━╇━━━━━━━╇━━━━━━━╇━━━━━━━╇━━━━━━━╇━━━━━━━╇━━━━━━━╇━━━━━━━╇━━━━━━┩
│     0 │ 1260… │ 5139… │ 2908… │ 5991… │ 3742… │ 1123… │ 109.5 │  41.0 │ 312… │
└───────┴───────┴───────┴───────┴───────┴───────┴───────┴───────┴───────┴──────┘
                          Token Generation Speed (ms)                           
┏━━━━━━━┳━━━━━━━━━━━┳━━━━━━━━━━┳━━━━━━━━━━┳━━━━━━━━━━━┳━━━━━━━━━━━┳━━━━━━━━━━━━┓
┃       ┃           ┃          ┃          ┃ Norm TPOT ┃ Norm TPOT ┃  Norm TPOT ┃
┃ Stage ┃ TPOT Mean ┃ TPOT Med ┃ TPOT P90 ┃      Mean ┃       Med ┃        P90 ┃
┡━━━━━━━╇━━━━━━━━━━━╇━━━━━━━━━━╇━━━━━━━━━━╇━━━━━━━━━━━╇━━━━━━━━━━━╇━━━━━━━━━━━━┩
│     0 │     110.8 │    102.7 │    157.1 │     407.4 │     122.2 │      590.1 │
└───────┴───────────┴──────────┴──────────┴───────────┴───────────┴────────────┘
                            Token Length Aggregates                             
┏━━━━━━━┳━━━━━━━┳━━━━━━━┳━━━━━━━┳━━━━━━━┳━━━━━━━┳━━━━━━━┳━━━━━━━┳━━━━━━━┳━━━━━━┓
┃       ┃       ┃       ┃       ┃   Out ┃   Out ┃   Out ┃   Out ┃   Out ┃  Out ┃
┃       ┃ Prom… ┃ Prom… ┃ Prom… ┃  Mean ┃   Med ┃   P90 ┃  Mean ┃   Med ┃  P90 ┃
┃ Stage ┃  Mean ┃   Med ┃   P90 ┃ (cli… ┃ (cli… ┃ (cli… ┃ (ser… ┃ (ser… ┃ (se… ┃
┡━━━━━━━╇━━━━━━━╇━━━━━━━╇━━━━━━━╇━━━━━━━╇━━━━━━━╇━━━━━━━╇━━━━━━━╇━━━━━━━╇━━━━━━┩
│     0 │ 4995… │ 5382… │ 7240… │ 641.9 │ 335.0 │ 1493… │ 641.9 │ 335.0 │ 149… │
└───────┴───────┴───────┴───────┴───────┴───────┴───────┴───────┴───────┴──────┘
 Prompt: server-reported usage where available, client tokenization otherwise.  
    Out (client): response text re-tokenized by the client (output_len). Out    
  (server): the count reported in the server's usage (output_tokens), with the  
     client count substituted for any request the server did not count. See     
                                docs/metrics.md.                                
                                Session Summary                                 
┏━━━━━━━┳━━━━━━━┳━━━━━━━┳━━━━━━━┳━━━━━━━┳━━━━━━━┳━━━━━━━┳━━━━━━━┳━━━━━━━┳━━━━━━┓
┃       ┃       ┃       ┃       ┃       ┃       ┃       ┃       ┃       ┃  Bad ┃
┃       ┃       ┃       ┃       ┃       ┃       ┃       ┃       ┃       ┃ Tool ┃
┃       ┃       ┃ Total ┃       ┃       ┃ Error ┃ Total ┃ Even… ┃ Even… ┃ Cal… ┃
┃ Stage ┃ Sess… ┃ Sess… ┃ Succ… ┃ Fail… ┃     % ┃ Even… ┃ Comp… ┃ Canc… ┃ Sub… ┃
┡━━━━━━━╇━━━━━━━╇━━━━━━━╇━━━━━━━╇━━━━━━━╇━━━━━━━╇━━━━━━━╇━━━━━━━╇━━━━━━━╇━━━━━━┩
│     0 │  0.02 │    56 │    32 │    24 │ 42.9% │  2729 │   953 │  1752 │    0 │
└───────┴───────┴───────┴───────┴───────┴───────┴───────┴───────┴───────┴──────┘
                           Session Duration & Events                            
┏━━━━━━━┳━━━━━━━━━━━┳━━━━━━━━━━━┳━━━━━━━━━━━┳━━━━━━━━━━━┳━━━━━━━━━━┳━━━━━━━━━━━┓
┃       ┃  Duration ┃  Duration ┃  Duration ┃    Events ┃   Events ┃    Events ┃
┃ Stage ┃  Mean (s) ┃   Med (s) ┃   P90 (s) ┃      Mean ┃      Med ┃       P90 ┃
┡━━━━━━━╇━━━━━━━━━━━╇━━━━━━━━━━━╇━━━━━━━━━━━╇━━━━━━━━━━━╇━━━━━━━━━━╇━━━━━━━━━━━┩
│     0 │   1983.31 │   2077.10 │   2465.99 │      48.7 │     28.0 │      99.5 │
└───────┴───────────┴───────────┴───────────┴───────────┴──────────┴───────────┘
                       Session Token Totals (per session)                       
┏━━━━━━━┳━━━━━━━━━━━┳━━━━━━━━━━━┳━━━━━━━━━━━┳━━━━━━━━━━━┳━━━━━━━━━━━┳━━━━━━━━━━┓
┃       ┃        In ┃        In ┃        In ┃       Out ┃       Out ┃      Out ┃
┃       ┃  Tok/Sess ┃  Tok/Sess ┃  Tok/Sess ┃  Tok/Sess ┃  Tok/Sess ┃ Tok/Sess ┃
┃ Stage ┃      Mean ┃       Med ┃       P90 ┃      Mean ┃       Med ┃      P90 ┃
┡━━━━━━━╇━━━━━━━━━━━╇━━━━━━━━━━━╇━━━━━━━━━━━╇━━━━━━━━━━━╇━━━━━━━━━━━╇━━━━━━━━━━┩
│     0 │  788706.2 │  907407.0 │ 1591548.0 │    9358.0 │    8806.5 │  18496.5 │
└───────┴───────────┴───────────┴───────────┴───────────┴───────────┴──────────┘
                           Session KV Cache Hit Rate                            
┏━━━━━━━┳━━━━━━━━━━━━━┳━━━━━━━━━━━━━┳━━━━━━━━━━━━━┳━━━━━━━━━━━━━━┳━━━━━━━━━━━━━┓
┃       ┃       Hit % ┃  Hit %/Sess ┃  Hit %/Sess ┃   Hit %/Sess ┃ Sessions w/ ┃
┃ Stage ┃    (pooled) ┃        Mean ┃         Med ┃          P90 ┃        Info ┃
┡━━━━━━━╇━━━━━━━━━━━━━╇━━━━━━━━━━━━━╇━━━━━━━━━━━━━╇━━━━━━━━━━━━━━╇━━━━━━━━━━━━━┩
│     0 │        20.9 │        14.8 │        15.0 │         32.5 │          56 │
└───────┴─────────────┴─────────────┴─────────────┴──────────────┴─────────────┘
                    Session TFUT (Time to First User Token)                     
┏━━━━━━━┳━━━━━━━━━━━━━┳━━━━━━━━━━━━━┳━━━━━━━━━━━━━┳━━━━━━━━━━━━━━┳━━━━━━━━━━━━━┓
┃       ┃   TFUT Mean ┃    TFUT Med ┃    TFUT P90 ┃  Sessions w/ ┃   TFUT None ┃
┃ Stage ┃         (s) ┃         (s) ┃         (s) ┃         TFUT ┃     Reasons ┃
┡━━━━━━━╇━━━━━━━━━━━━━╇━━━━━━━━━━━━━╇━━━━━━━━━━━━━╇━━━━━━━━━━━━━━╇━━━━━━━━━━━━━┩
│     0 │      13.674 │       7.516 │      30.150 │           56 │           - │
└───────┴─────────────┴─────────────┴─────────────┴──────────────┴─────────────┘
       Request Error Summary        
┏━━━━━━━┳━━━━━━━━━━━┳━━━━━━━━━━━━━━┓
┃ Stage ┃ Successes ┃ timeouterror ┃
┡━━━━━━━╇━━━━━━━━━━━╇━━━━━━━━━━━━━━┩
│     0 │      6068 │           25 │
└───────┴───────────┴──────────────┘
             Session Error Summary             
┏━━━━━━━┳━━━━━━━━━━━━━━━━━━━━┳━━━━━━━━━━━━━━━━┓
┃ Stage ┃ Sessions Succeeded ┃ request_failed ┃
┡━━━━━━━╇━━━━━━━━━━━━━━━━━━━━╇━━━━━━━━━━━━━━━━┩
│     0 │                 32 │             24 │
└───────┴────────────────────┴────────────────┘
reports complete; stopping benchmark process
EXIT=0
REPORTS_COMPLETE=yes
