ts,programs_running,programs_idle,programs_marked,programs_paused,holds_reasoning,holds_paused,holds_new,releases_reasoning,releases_paused,releases_new,pauses_total,resumes_total,rebinds_total,starvation_promotions_total,origin_waits_total,pod_utilization,fc_queue_size,fc_queue_wait_sum,fc_queue_wait_count
1789943164.2,0.0,0.0,0.0,0.0,,,,,,,0.0,0.0,0.0,0.0,0.0,0.0,,,
1789943166.4,0.0,0.0,0.0,0.0,,,,,,,0.0,0.0,0.0,0.0,0.0,0.0,,,
1789943168.4,0.0,0.0,0.0,0.0,,,,,,,0.0,0.0,0.0,0.0,0.0,0.0,,,
1789943170.5,0.0,0.0,0.0,0.0,,,,,,,0.0,0.0,0.0,0.0,0.0,0.0,,,
1789943172.6,0.0,0.0,0.0,0.0,,,,,,,0.0,0.0,0.0,0.0,0.0,0.0,,,
1789943174.6,0.0,0.0,0.0,0.0,,,,,,,0.0,0.0,0.0,0.0,0.0,0.0,,,
1789943176.7,0.0,0.0,0.0,0.0,,,,,,,0.0,0.0,0.0,0.0,0.0,0.0,,,
1789943178.8,0.0,0.0,0.0,0.0,,,,,,,0.0,0.0,0.0,0.0,0.0,0.0,,,
1789943180.8,0.0,0.0,0.0,0.0,,,,,,,0.0,0.0,0.0,0.0,0.0,0.0,,,
1789943182.9,0.0,0.0,0.0,0.0,,,,,,,0.0,0.0,0.0,0.0,0.0,0.0,,,
1789943185.0,0.0,0.0,0.0,0.0,,,,,,,0.0,0.0,0.0,0.0,0.0,0.0,,,
1789943187.0,0.0,0.0,0.0,0.0,,,,,,,0.0,0.0,0.0,0.0,0.0,0.0,,,
1789943189.1,0.0,0.0,0.0,0.0,,,,,,,0.0,0.0,0.0,0.0,0.0,0.0,,,
1789943191.2,0.0,0.0,0.0,0.0,,,,,,,0.0,0.0,0.0,0.0,0.0,0.0,,,
1789943193.2,0.0,0.0,0.0,0.0,,,,,,,0.0,0.0,0.0,0.0,0.0,0.0,,,
1789943195.3,0.0,0.0,0.0,0.0,,,,,,,0.0,0.0,0.0,0.0,0.0,0.0,,,
1789943197.4,0.0,0.0,0.0,0.0,,,,,,,0.0,0.0,0.0,0.0,0.0,0.0,,,
1789943199.4,0.0,0.0,0.0,0.0,,,,,,,0.0,0.0,0.0,0.0,0.0,0.0,,,
1789943201.5,0.0,0.0,0.0,0.0,,,,,,,0.0,0.0,0.0,0.0,0.0,0.0,,,
1789943203.6,0.0,0.0,0.0,0.0,,,,,,,0.0,0.0,0.0,0.0,0.0,0.0,,,
1789943205.6,0.0,0.0,0.0,0.0,,,,,,,0.0,0.0,0.0,0.0,0.0,0.0,,,
1789943207.7,0.0,0.0,0.0,0.0,,,,,,,0.0,0.0,0.0,0.0,0.0,0.0,,,
1789943209.8,0.0,0.0,0.0,0.0,,,,,,,0.0,0.0,0.0,0.0,0.0,0.0,,,
1789943211.8,0.0,0.0,0.0,0.0,,,,,,,0.0,0.0,0.0,0.0,0.0,0.0,,,
1789943213.9,0.0,0.0,0.0,0.0,,,,,,,0.0,0.0,0.0,0.0,0.0,0.0,,,
1789943216.0,0.0,0.0,0.0,0.0,,,,,,,0.0,0.0,0.0,0.0,0.0,0.0,,,
1789943218.0,0.0,0.0,0.0,0.0,,,,,,,0.0,0.0,0.0,0.0,0.0,0.0,,,
1789943220.1,0.0,0.0,0.0,0.0,,,,,,,0.0,0.0,0.0,0.0,0.0,0.0,,,
1789943222.2,0.0,0.0,0.0,0.0,,,,,,,0.0,0.0,0.0,0.0,0.0,0.0,,,
1789943224.2,0.0,0.0,0.0,0.0,,,,,,,0.0,0.0,0.0,0.0,0.0,0.0,,,
1789943226.3,0.0,0.0,0.0,0.0,,,,,,,0.0,0.0,0.0,0.0,0.0,0.0,,,
1789943228.4,0.0,0.0,0.0,0.0,,,,,,,0.0,0.0,0.0,0.0,0.0,0.0,,,
1789943230.5,0.0,0.0,0.0,0.0,,,,,,,0.0,0.0,0.0,0.0,0.0,0.0,,,
1789943232.5,0.0,0.0,0.0,0.0,,,,,,,0.0,0.0,0.0,0.0,0.0,0.0,,,
1789943234.6,0.0,0.0,0.0,0.0,,,,,,,0.0,0.0,0.0,0.0,0.0,0.0,,,
1789943236.7,0.0,0.0,0.0,0.0,,,,,,,0.0,0.0,0.0,0.0,0.0,0.0,,,
1789943238.8,0.0,0.0,0.0,0.0,,,,,,,0.0,0.0,0.0,0.0,0.0,0.0,,,
1789943240.9,0.0,0.0,0.0,0.0,,,,,,,0.0,0.0,0.0,0.0,0.0,0.0,,,
1789943242.9,0.0,0.0,0.0,0.0,,,,,,,0.0,0.0,0.0,0.0,0.0,0.0,,,
1789943245.0,0.0,0.0,0.0,0.0,,,,,,,0.0,0.0,0.0,0.0,0.0,0.0,,,
1789943247.1,0.0,0.0,0.0,0.0,,,,,,,0.0,0.0,0.0,0.0,0.0,0.0,,,
1789943249.2,0.0,0.0,0.0,0.0,,,,,,,0.0,0.0,0.0,0.0,0.0,0.0,,,
1789943251.3,0.0,0.0,0.0,0.0,,,,,,,0.0,0.0,0.0,0.0,0.0,0.0,,,
1789943253.4,0.0,0.0,0.0,0.0,,,,,,,0.0,0.0,0.0,0.0,0.0,0.0,,,
1789943255.4,0.0,0.0,0.0,0.0,,,,,,,0.0,0.0,0.0,0.0,0.0,0.0,,,
1789943257.5,0.0,0.0,0.0,0.0,,,,,,,0.0,0.0,0.0,0.0,0.0,0.0,,,
1789943259.6,0.0,0.0,0.0,0.0,,,,,,,0.0,0.0,0.0,0.0,0.0,0.0,,,
1789943261.7,0.0,0.0,0.0,0.0,,,,,,,0.0,0.0,0.0,0.0,0.0,0.0,,,
1789943263.8,0.0,0.0,0.0,0.0,,,,,,,0.0,0.0,0.0,0.0,0.0,0.0,,,
1789943265.8,0.0,0.0,0.0,0.0,,,,,,,0.0,0.0,0.0,0.0,0.0,0.0,,,
1789943267.9,0.0,0.0,0.0,0.0,,,,,,,0.0,0.0,0.0,0.0,0.0,0.0,,,
1789943270.0,0.0,0.0,0.0,0.0,,,,,,,0.0,0.0,0.0,0.0,0.0,0.0,,,
1789943272.0,0.0,0.0,0.0,0.0,,,,,,,0.0,0.0,0.0,0.0,0.0,0.0,,,
1789943274.1,0.0,0.0,0.0,0.0,,,,,,,0.0,0.0,0.0,0.0,0.0,0.0,,,
1789943276.2,0.0,0.0,0.0,0.0,,,,,,,0.0,0.0,0.0,0.0,0.0,0.0,,,
1789943278.2,0.0,0.0,0.0,0.0,,,,,,,0.0,0.0,0.0,0.0,0.0,0.0,,,
1789943280.3,0.0,0.0,0.0,0.0,,,,,,,0.0,0.0,0.0,0.0,0.0,0.0,,,
1789943282.4,0.0,0.0,0.0,0.0,,,,,,,0.0,0.0,0.0,0.0,0.0,0.0,,,
1789943284.4,0.0,0.0,0.0,0.0,,,,,,,0.0,0.0,0.0,0.0,0.0,0.0,,,
1789943286.5,0.0,0.0,0.0,0.0,,,,,,,0.0,0.0,0.0,0.0,0.0,0.0,,,
1789943288.6,0.0,0.0,0.0,0.0,,,,,,,0.0,0.0,0.0,0.0,0.0,0.0,,,
1789943290.7,0.0,0.0,0.0,0.0,,,,,,,0.0,0.0,0.0,0.0,0.0,0.0,,,
1789943292.7,0.0,0.0,0.0,0.0,,,,,,,0.0,0.0,0.0,0.0,0.0,0.0,,,
1789943294.8,0.0,0.0,0.0,0.0,,,,,,,0.0,0.0,0.0,0.0,0.0,0.0,,,
1789943296.9,0.0,0.0,0.0,0.0,,,,,,,0.0,0.0,0.0,0.0,0.0,0.0,,,
1789943299.0,0.0,0.0,0.0,0.0,,,,,,,0.0,0.0,0.0,0.0,0.0,0.0,,,
1789943301.1,0.0,0.0,0.0,0.0,,,,,,,0.0,0.0,0.0,0.0,0.0,0.0,,,
1789943303.2,0.0,0.0,0.0,0.0,,,,,,,0.0,0.0,0.0,0.0,0.0,0.0,,,
1789943305.2,0.0,0.0,0.0,0.0,,,,,,,0.0,0.0,0.0,0.0,0.0,0.0,,,
1789943307.3,0.0,0.0,0.0,0.0,,,,,,,0.0,0.0,0.0,0.0,0.0,0.0,,,
1789943309.4,28.0,0.0,0.0,0.0,,,,16.0,,28.0,0.0,0.0,0.0,0.0,0.0,0.07317437327897579,,0.01235491,86.0
1789943312.1,42.0,0.0,0.0,0.0,,,,16.0,,42.0,0.0,0.0,0.0,0.0,0.0,0.1084222901691521,,0.017176812,116.0
1789943315.2,55.0,0.0,0.0,0.0,,,,34.0,,55.0,0.0,0.0,0.0,0.0,0.0,0.21933760683760684,,0.027187632,178.0
1789943318.8,69.0,0.0,0.0,0.0,,,,45.0,,69.0,0.0,0.0,0.0,0.0,0.0,0.25476254336086973,,0.035473798,228.0
1789943322.5,88.0,0.0,0.0,0.0,,,,52.0,,88.0,0.0,0.0,0.0,0.0,0.0,0.30448673246790403,,0.04581718,280.0
1789943326.7,108.0,1.0,0.0,0.0,,,,71.0,,109.0,0.0,0.0,0.0,0.0,0.0,0.3057486678825591,,0.062853952,360.0
1789943331.1,123.0,2.0,0.0,0.0,,,,91.0,,125.0,0.0,0.0,0.0,0.0,0.0,0.3671579408504095,,0.078139114,432.0
1789943335.4,126.0,2.0,0.0,0.0,,,,95.0,,128.0,0.0,0.0,0.0,0.0,0.0,0.36868674677252083,,0.081500014,446.0
1789943339.7,122.0,6.0,0.0,0.0,,,,106.0,,128.0,0.0,0.0,0.0,0.0,0.0,0.5117521367521367,,0.085617092,468.0
1789943344.2,121.0,7.0,0.0,0.0,,,,134.0,,128.0,0.0,0.0,0.0,0.0,0.0,0.6649313378392876,,0.099108212,524.0
1789943348.8,117.0,11.0,0.0,0.0,,,,152.0,,128.0,0.0,0.0,0.0,0.0,0.0,0.7321567786002933,,0.107600732,560.0
1789943353.6,123.0,5.0,0.0,0.0,,,,171.0,,128.0,0.0,0.0,0.0,0.0,0.0,0.7323177055394628,,0.1166712,599.0
1789943358.3,124.0,4.0,0.0,0.0,,,,190.0,,128.0,0.0,0.0,0.0,0.0,0.0,0.7325590959482173,,0.126116464,636.0
1789943363.0,121.0,7.0,0.0,0.0,,,,208.0,,128.0,0.0,0.0,0.0,0.0,0.0,0.7348938776240032,,0.133695086,672.0
1789943367.7,120.0,8.0,0.0,0.0,,,,228.0,,128.0,0.0,0.0,0.0,0.0,0.0,0.739794102921718,,0.142810866,712.0
1789943372.4,121.0,7.0,0.0,0.0,,,,247.0,,128.0,0.0,0.0,0.0,0.0,0.0,0.7517469513285413,,0.1522648,750.0
1789943377.2,122.0,6.0,0.0,0.0,,,,271.0,,128.0,0.0,0.0,0.0,0.0,0.0,0.7657386546507885,,0.163001162,798.0
1789943382.0,124.0,4.0,0.0,0.0,,,,291.0,,128.0,0.0,0.0,0.0,0.0,0.0,0.7744783285055251,,0.172567924,838.0
1789943386.8,119.0,9.0,0.0,0.0,,,,312.0,,128.0,0.0,0.0,0.0,0.0,0.0,0.7883949325894932,,0.183408386,880.0
1789943391.8,116.0,12.0,0.0,0.0,,,,336.0,,128.0,0.0,0.0,0.0,0.0,0.0,0.8030875621356793,,0.195154208,928.0
1789943396.5,119.0,9.0,0.0,0.0,,,,364.0,,128.0,0.0,0.0,0.0,0.0,0.0,0.8151718342094911,,0.209836154,984.0
1789943401.3,121.0,7.0,0.0,0.0,,,,384.0,1.0,128.0,1.0,1.0,0.0,0.0,0.0,0.7965490111933626,,0.219812634,1028.0
1789943406.6,71.0,7.0,48.0,2.0,,,,406.0,1.0,128.0,3.0,1.0,0.0,0.0,0.0,0.8178990988091407,,0.230899932,1070.0
1789943411.4,76.0,7.0,42.0,3.0,,,,423.0,6.0,128.0,9.0,6.0,0.0,0.0,4.0,0.8389452133175983,,3.0184564000000003,1114.0
1789943416.2,82.0,6.0,37.0,3.0,,,,444.0,11.0,128.0,14.0,11.0,0.0,0.0,6.0,0.8553977577513142,4.0,4.560928414,1166.0
1789943421.2,89.0,5.0,30.0,4.0,,2.0,,461.0,17.0,128.0,21.0,17.0,0.0,0.0,12.0,0.8610950184171942,4.0,13.103081476,1212.0
1789943426.1,93.0,8.0,25.0,2.0,,5.0,,483.0,24.0,128.0,26.0,24.0,0.0,0.0,17.0,0.8641267031434395,,28.154804048,1269.0
1789943431.2,100.0,3.0,23.0,2.0,,5.0,,504.0,26.0,128.0,28.0,26.0,0.0,0.0,18.0,0.8725722383149161,4.0,29.994315436,1316.0
1789943436.5,76.0,2.0,46.0,4.0,,7.0,,518.0,28.0,128.0,32.0,28.0,0.0,0.0,20.0,0.880277062546937,8.0,45.068926814,1348.0
1789943441.7,78.0,4.0,42.0,4.0,,11.0,,534.0,32.0,128.0,36.0,32.0,0.0,0.0,24.0,0.8926550262847334,8.0,91.75226486999999,1388.0
1789943447.4,87.0,3.0,33.0,5.0,,15.0,,557.0,40.0,128.0,45.0,40.0,0.0,0.0,30.0,0.9183778564531703,10.0,141.602369994,1450.0
1789943452.2,93.0,2.0,28.0,5.0,,20.0,,566.0,45.0,128.0,50.0,45.0,0.0,0.0,35.0,0.9186460680184529,4.0,175.816424316,1478.0
1789943457.4,96.0,3.0,26.0,3.0,,22.0,,588.0,49.0,128.0,52.0,49.0,0.0,0.0,38.0,0.9311076243607624,6.0,198.5365461,1530.0
1789943462.3,76.0,5.0,43.0,4.0,,25.0,,605.0,52.0,128.0,56.0,52.0,0.0,0.0,41.0,0.9463438293459214,6.0,219.26672571199998,1570.0
1789943467.5,82.0,4.0,38.0,4.0,,28.0,,620.0,57.0,128.0,61.0,57.0,0.0,0.0,45.0,0.9789355577012481,8.0,233.986896188,1610.0
1789943472.3,91.0,1.0,32.0,4.0,,30.0,,635.0,63.0,128.0,67.0,63.0,0.0,0.0,48.0,0.9820955369595536,8.0,247.02841303399998,1652.0
1789943477.2,64.0,2.0,57.0,5.0,,34.0,,651.0,70.0,128.0,75.0,70.0,0.0,0.0,54.0,0.9826346422057719,4.0,285.24162217599996,1698.0
1789943482.3,70.0,4.0,45.0,9.0,,36.0,,662.0,79.0,128.0,88.0,79.0,0.0,0.0,57.0,0.9384919357722705,2.0,350.577662918,1738.0
1789943487.2,81.0,1.0,38.0,8.0,,37.0,,676.0,88.0,128.0,95.0,88.0,0.0,0.0,60.0,0.939088259485749,10.0,353.333315588,1784.0
1789943492.2,80.0,4.0,36.0,8.0,,38.0,,685.0,91.0,128.0,99.0,91.0,0.0,0.0,62.0,0.9744215570575403,14.0,364.43821922,1808.0
1789943497.1,85.0,2.0,33.0,8.0,,43.0,,699.0,96.0,128.0,104.0,96.0,0.0,0.0,67.0,0.9849144405106748,10.0,416.979030008,1846.0
1789943502.0,87.0,5.0,29.0,7.0,,46.0,,709.0,102.0,128.0,109.0,102.0,0.0,0.0,73.0,0.9890712727532811,12.0,442.752961566,1878.0
1789943507.0,95.0,3.0,24.0,6.0,,48.0,,724.0,109.0,128.0,115.0,109.0,0.0,0.0,79.0,0.9896881593534314,8.0,477.15633709,1922.0
1789943512.0,57.0,4.0,59.0,8.0,,51.0,,737.0,112.0,128.0,120.0,112.0,0.0,0.0,82.0,0.9698793941994779,8.0,507.434610382,1954.0
1789943517.7,64.0,3.0,53.0,9.0,,54.0,,746.0,118.0,129.0,127.0,118.0,0.0,0.0,87.0,1.000775131423667,14.0,534.208192034,1986.0
1789943522.5,68.0,3.0,48.0,10.0,,57.0,,756.0,123.0,129.0,133.0,123.0,0.0,0.0,91.0,0.9990111933626578,14.0,554.774390148,2016.0
1789943527.5,72.0,3.0,44.0,10.0,,60.0,,768.0,127.0,129.0,137.0,127.0,0.0,0.0,95.0,0.9835242105639596,18.0,588.840343974,2046.0
1789943532.5,76.0,3.0,40.0,10.0,,62.0,,779.0,131.0,129.0,141.0,131.0,0.0,0.0,99.0,0.9861727997711262,18.0,607.577762534,2078.0
1789943537.4,78.0,4.0,37.0,10.0,,66.0,,791.0,135.0,129.0,146.0,135.0,0.0,0.0,104.0,0.9722705003039731,12.0,697.454556352,2112.0
1789943542.3,78.0,9.0,33.0,9.0,,70.0,,801.0,140.0,129.0,149.0,140.0,0.0,0.0,108.0,0.9862130315059185,16.0,737.34065289,2140.0
1789943547.2,87.0,3.0,30.0,9.0,,72.0,,817.0,144.0,129.0,153.0,144.0,0.0,0.0,112.0,0.9680761184422272,16.0,747.61095679,2179.0
1789943552.2,90.0,4.0,28.0,7.0,,76.0,,832.0,148.0,129.0,155.0,148.0,0.0,0.0,116.0,0.9992521367521368,12.0,945.429350952,2218.0
1789943557.2,93.0,4.0,25.0,7.0,,79.0,,847.0,152.0,129.0,159.0,152.0,0.0,0.0,120.0,1.04772288381075,14.0,985.042424708,2256.0
1789943562.3,71.0,3.0,46.0,9.0,,79.0,,860.0,153.0,129.0,162.0,153.0,0.0,0.0,121.0,1.0163336373064407,18.0,985.24399931,2284.0
1789943567.4,46.0,3.0,70.0,10.0,,82.0,,872.0,158.0,129.0,168.0,158.0,0.0,0.0,124.0,0.9879720523548975,16.0,1030.001048486,2318.0
1789943572.3,53.0,1.0,66.0,9.0,,84.0,,880.0,163.0,129.0,172.0,163.0,0.0,0.0,128.0,0.9879711583163466,16.0,1078.341368866,2344.0
1789943577.2,58.0,2.0,59.0,10.0,,89.0,,889.0,169.0,129.0,179.0,169.0,0.0,0.0,134.0,0.9946514143689876,20.0,1110.80619464,2374.0
1789943582.3,62.0,2.0,54.0,11.0,,93.0,,896.0,173.0,129.0,184.0,173.0,0.0,0.0,138.0,0.9763298823445267,16.0,1148.654949462,2396.0
1789943587.2,61.0,7.0,50.0,11.0,,97.0,,902.0,177.0,129.0,188.0,177.0,0.0,0.0,142.0,0.9777567678718306,16.0,1170.752041392,2416.0
1789943592.2,65.0,7.0,46.0,11.0,,101.0,,914.0,182.0,129.0,193.0,182.0,0.0,0.0,147.0,0.9906979758967207,18.0,1186.558209588,2450.0
1789943597.1,53.0,4.0,60.0,12.0,,103.0,,924.0,186.0,129.0,198.0,186.0,0.0,0.0,149.0,0.9647203447412652,16.0,1228.558024718,2478.0
1789943602.2,57.0,4.0,57.0,11.0,,105.0,,938.0,193.0,129.0,204.0,193.0,0.0,0.0,153.0,0.99300280728105,22.0,1253.749208078,2520.0
1789943607.2,61.0,3.0,53.0,12.0,,107.0,,952.0,196.0,129.0,208.0,196.0,0.0,0.0,155.0,0.993342541930408,20.0,1282.615434514,2554.0
1789943612.2,66.0,3.0,49.0,11.0,,110.0,,959.0,201.0,129.0,212.0,201.0,0.0,0.0,159.0,0.9894168186532203,20.0,1324.119298784,2578.0
1789943617.2,69.0,2.0,47.0,11.0,,112.0,,969.0,203.0,129.0,214.0,203.0,0.0,0.0,161.0,1.0034487537102599,20.0,1355.327060876,2602.0
1789943622.1,58.0,2.0,57.0,12.0,,113.0,,977.0,205.0,129.0,217.0,205.0,0.0,0.0,162.0,1.0129541715838788,22.0,1363.337481866,2622.0
1789943627.2,62.0,5.0,49.0,13.0,,116.0,,986.0,212.0,129.0,225.0,212.0,0.0,0.0,168.0,0.9889358259128134,22.0,1403.560513266,2654.0
1789943632.1,50.0,2.0,64.0,13.0,,121.0,,993.0,217.0,129.0,230.0,217.0,0.0,0.0,173.0,0.9870945535171477,24.0,1473.484358486,2678.0
1789943637.2,52.0,4.0,60.0,13.0,,124.0,,1000.0,221.0,129.0,234.0,221.0,0.0,0.0,176.0,0.9740442727890427,24.0,1494.288175246,2700.0
1789943642.6,60.0,2.0,53.0,14.0,,126.0,,1009.0,227.0,129.0,241.0,227.0,0.0,0.0,182.0,0.9838898723312949,22.0,1522.08120464,2730.0
1789943648.0,67.0,1.0,49.0,12.0,,130.0,,1018.0,233.0,129.0,245.0,233.0,0.0,0.0,187.0,1.0298421127919035,22.0,1695.71715498,2760.0
1789943653.3,48.0,1.0,65.0,15.0,,132.0,,1023.0,237.0,129.0,252.0,237.0,0.0,0.0,190.0,0.9883873332618103,24.0,1759.439674484,2778.0
1789943658.3,49.0,4.0,61.0,15.0,,134.0,,1027.0,241.0,129.0,256.0,241.0,0.0,0.0,194.0,0.9808018631763402,26.0,1776.98446511,2794.0
1789943663.3,57.0,2.0,55.0,15.0,,137.0,,1033.0,247.0,129.0,262.0,247.0,0.0,0.0,198.0,0.9822528877445196,24.0,1806.59377531,2818.0
1789943668.4,61.0,3.0,50.0,15.0,,139.0,,1044.0,252.0,129.0,267.0,252.0,0.0,0.0,202.0,0.9744747523513214,28.0,1845.11038105,2850.0
1789943673.5,70.0,3.0,42.0,14.0,,146.0,,1054.0,262.0,129.0,276.0,262.0,0.0,0.0,211.0,0.9911083395916032,28.0,1899.402435696,2890.0
1789943678.7,69.0,6.0,41.0,13.0,,148.0,,1060.0,264.0,129.0,277.0,264.0,0.0,0.0,213.0,0.9913139684583199,26.0,1920.84252247,2906.0
1789943683.9,73.0,2.0,40.0,14.0,,149.0,,1071.0,265.0,129.0,279.0,265.0,0.0,0.0,214.0,0.9965642098487287,28.0,1935.084292492,2930.0
1789943688.9,76.0,4.0,37.0,13.0,,152.0,,1079.0,269.0,130.0,282.0,269.0,0.0,0.0,218.0,1.0379662411043165,26.0,1954.007698418,2956.0
1789943694.0,56.0,3.0,55.0,16.0,,152.0,,1086.0,272.0,130.0,288.0,272.0,0.0,0.0,221.0,0.982430801416157,30.0,1957.362609964,2976.0
1789943699.2,59.0,4.0,53.0,14.0,,156.0,,1096.0,276.0,130.0,290.0,276.0,0.0,0.0,225.0,0.9949334835318099,28.0,1993.87281458,3004.0
1789943704.5,60.0,8.0,48.0,14.0,,158.0,,1105.0,281.0,130.0,295.0,281.0,0.0,0.0,230.0,0.9777938704716947,26.0,2011.219721076,3032.0
1789943710.0,57.0,4.0,55.0,14.0,,161.0,,1118.0,289.0,130.0,303.0,289.0,0.0,0.0,235.0,1.0106354826020099,24.0,2161.933706424,3066.0
1789943715.2,59.0,5.0,50.0,16.0,,162.0,,1126.0,292.0,130.0,308.0,292.0,0.0,0.0,236.0,0.9757648499803312,28.0,2276.184222704,3088.0
1789943720.2,66.0,5.0,44.0,15.0,,166.0,,1133.0,299.0,130.0,314.0,299.0,0.0,0.0,241.0,0.9871857454493438,30.0,2304.758239074,3116.0
1789943725.3,67.0,6.0,42.0,15.0,,169.0,,1143.0,302.0,130.0,317.0,302.0,0.0,0.0,244.0,0.9887695347423381,28.0,2319.466061738,3142.0
1789943730.3,71.0,5.0,39.0,15.0,,171.0,,1151.0,306.0,130.0,321.0,306.0,0.0,0.0,248.0,0.9989052497943711,28.0,2362.851672284,3166.0
1789943735.9,76.0,6.0,33.0,15.0,,173.0,,1163.0,312.0,130.0,327.0,312.0,0.0,0.0,253.0,0.9748274505596681,28.0,2381.329011052,3202.0
1789943741.3,55.0,3.0,57.0,15.0,,176.0,,1174.0,315.0,130.0,330.0,315.0,0.0,0.0,256.0,0.9851263276472482,28.0,2769.688689564,3230.0
1789943746.6,54.0,7.0,55.0,14.0,,179.0,,1179.0,321.0,130.0,335.0,321.0,0.0,0.0,261.0,1.0153868504809926,26.0,2793.231263368,3252.0
1789943751.8,59.0,5.0,51.0,15.0,,181.0,,1191.0,325.0,130.0,340.0,325.0,0.0,0.0,264.0,0.9901293673783214,26.0,2972.507196142,3284.0
1789943757.5,63.0,5.0,48.0,14.0,,183.0,,1201.0,329.0,130.0,343.0,329.0,0.0,0.0,267.0,1.0186702070593283,28.0,2996.892305646,3312.0
1789943764.0,73.0,3.0,41.0,14.0,,188.0,,1213.0,336.0,131.0,350.0,336.0,0.0,0.0,274.0,0.9998895862389586,28.0,3203.69815193,3352.0
1789943770.5,75.0,7.0,36.0,13.0,,191.0,,1224.0,342.0,131.0,355.0,342.0,0.0,0.0,278.0,1.0293284876443873,24.0,3234.25144967,3386.0
1789943775.9,55.0,9.0,53.0,15.0,,192.0,,1232.0,346.0,132.0,361.0,346.0,0.0,0.0,279.0,1.0097423380896184,28.0,3250.227965748,3412.0
1789943781.5,49.0,4.0,62.0,17.0,,196.0,,1244.0,352.0,132.0,369.0,352.0,0.0,0.0,283.0,0.9898110896541858,26.0,3277.232280452,3448.0
1789943786.9,57.0,5.0,54.0,16.0,,199.0,,1250.0,361.0,132.0,377.0,361.0,0.0,0.0,288.0,0.997908843829346,26.0,3356.909410348,3478.0
1789943791.9,51.0,5.0,60.0,16.0,,200.0,,1254.0,363.0,132.0,379.0,363.0,0.0,0.0,289.0,0.9912853592246897,32.0,3374.531818946,3490.0
1789943796.9,53.0,8.0,54.0,17.0,,203.0,,1262.0,368.0,132.0,385.0,368.0,0.0,0.0,293.0,0.9994054643636233,30.0,3409.145518344,3516.0
1789943802.0,61.0,5.0,49.0,17.0,,206.0,,1271.0,373.0,132.0,390.0,373.0,0.0,0.0,298.0,1.004353073704538,32.0,3440.013323448,3544.0
1789943807.2,66.0,5.0,45.0,16.0,,210.0,,1276.0,379.0,132.0,395.0,379.0,0.0,0.0,303.0,0.9915048456889461,30.0,3470.47447306,3566.0
1789943812.3,59.0,7.0,49.0,17.0,,215.0,,1284.0,385.0,132.0,402.0,385.0,0.0,0.0,308.0,0.9899706755355291,32.0,3583.446638132,3594.0
1789943817.7,50.0,5.0,59.0,18.0,,217.0,,1295.0,388.0,132.0,406.0,388.0,0.0,0.0,310.0,0.9777254765225476,30.0,3608.815871472,3622.0
1789943823.6,56.0,4.0,54.0,18.0,,221.0,,1301.0,393.0,132.0,411.0,393.0,0.0,0.0,315.0,0.9688436505382112,30.0,3663.359181932,3644.0
1789943829.3,57.0,7.0,51.0,17.0,,224.0,,1308.0,397.0,132.0,414.0,397.0,0.0,0.0,319.0,0.9935110681972606,32.0,3689.582854466,3666.0
1789943834.9,49.0,8.0,58.0,17.0,,225.0,,1318.0,400.0,132.0,417.0,400.0,0.0,0.0,321.0,0.9947721095733648,34.0,3700.482035806,3692.0
1789943839.9,42.0,7.0,65.0,18.0,,228.0,,1330.0,404.0,132.0,422.0,404.0,0.0,0.0,325.0,1.013979186782534,32.0,3729.281294522,3724.0
1789943845.1,46.0,6.0,61.0,19.0,,231.0,,1339.0,407.0,132.0,426.0,407.0,0.0,0.0,328.0,0.9780093337624718,34.0,3758.957820722,3748.0
1789943850.2,52.0,6.0,54.0,20.0,,235.0,,1353.0,413.0,132.0,433.0,413.0,0.0,0.0,332.0,0.9699017451632514,34.0,4060.7234968039998,3788.0
1789943855.5,57.0,6.0,50.0,20.0,,238.0,,1361.0,417.0,133.0,437.0,417.0,0.0,0.0,336.0,0.9751680792475772,38.0,4078.97323585,3814.0
1789943860.5,63.0,6.0,46.0,18.0,,242.0,,1365.0,423.0,133.0,441.0,423.0,0.0,0.0,342.0,1.009695401065694,34.0,4675.390329454,3834.0
1789943865.8,65.0,8.0,41.0,19.0,,247.0,,1380.0,429.0,133.0,448.0,429.0,0.0,0.0,348.0,0.9895312555877409,32.0,4716.037111548,3876.0
1789943871.7,69.0,8.0,38.0,18.0,,249.0,,1386.0,433.0,133.0,451.0,433.0,0.0,0.0,352.0,0.9777992347030003,36.0,4750.600395706,3896.0
1789943876.9,69.0,11.0,36.0,18.0,,251.0,,1394.0,436.0,134.0,454.0,436.0,0.0,0.0,354.0,0.9950975396059079,36.0,4766.287638042,3920.0
1789943882.1,74.0,10.0,32.0,18.0,,254.0,,1414.0,442.0,134.0,460.0,442.0,0.0,0.0,359.0,1.0164324285663198,32.0,4805.638562628,3972.0
1789943887.4,44.0,7.0,64.0,19.0,,255.0,,1421.0,443.0,134.0,462.0,443.0,0.0,0.0,360.0,1.0165307728069235,36.0,4808.333887598,3988.0
1789943892.4,45.0,11.0,58.0,20.0,,260.0,,1426.0,448.0,134.0,468.0,448.0,0.0,0.0,365.0,0.9714157994492723,36.0,5006.716149268,4008.0
1789943897.6,48.0,10.0,56.0,20.0,,262.0,,1434.0,450.0,134.0,470.0,450.0,0.0,0.0,367.0,0.9719164610377999,32.0,5022.580163364,4028.0
1789943902.8,52.0,9.0,53.0,20.0,,265.0,,1443.0,455.0,134.0,475.0,455.0,0.0,0.0,372.0,1.0030862210778528,38.0,5218.36709638,4056.0
1789943908.0,60.0,7.0,48.0,19.0,,269.0,,1450.0,461.0,134.0,480.0,461.0,0.0,0.0,378.0,0.9967300539999284,36.0,5287.758483258,4082.0
1789943913.3,42.0,11.0,62.0,19.0,,270.0,,1459.0,462.0,134.0,481.0,462.0,0.0,0.0,379.0,0.9960698065300576,38.0,5290.863371682,4102.0
1789943918.4,46.0,8.0,60.0,20.0,,272.0,,1466.0,464.0,134.0,484.0,464.0,0.0,0.0,381.0,0.989647033580088,36.0,5316.868119514,4120.0
1789943923.5,50.0,8.0,56.0,20.0,,276.0,,1473.0,469.0,134.0,489.0,469.0,0.0,0.0,386.0,0.9954296749275828,34.0,5377.569504714,4144.0
1789943928.6,55.0,8.0,51.0,20.0,,280.0,,1479.0,474.0,134.0,494.0,474.0,0.0,0.0,390.0,1.0058827736652005,34.0,5442.921255976,4166.0
1789943933.9,57.0,8.0,47.0,22.0,,282.0,,1489.0,476.0,134.0,498.0,476.0,0.0,0.0,392.0,0.9708673067982692,42.0,5454.371528988,4190.0
1789943939.2,58.0,6.0,48.0,22.0,,289.0,,1497.0,483.0,134.0,505.0,483.0,0.0,0.0,399.0,0.989870990237099,38.0,5949.067963718,4220.0
1789943944.3,57.0,10.0,45.0,23.0,,290.0,,1507.0,486.0,135.0,509.0,486.0,0.0,0.0,401.0,0.9906572971426528,40.0,5957.17812238,4248.0
1789943949.8,52.0,4.0,56.0,23.0,,294.0,,1516.0,492.0,135.0,515.0,492.0,0.0,0.0,406.0,1.0044509709258662,38.0,6009.202562248,4278.0
1789943955.0,54.0,5.0,53.0,23.0,,297.0,,1523.0,496.0,135.0,519.0,496.0,0.0,0.0,410.0,0.9969236133462075,36.0,6064.433386024,4300.0
1789943960.1,52.0,10.0,50.0,23.0,,300.0,,1529.0,500.0,135.0,523.0,500.0,0.0,0.0,413.0,0.9705458999392054,36.0,6100.21832338,4320.0
1789943965.0,56.0,5.0,50.0,24.0,,300.0,,1538.0,502.0,135.0,526.0,502.0,0.0,0.0,413.0,0.9995337588956836,36.0,6100.224818858,4342.0
1789943970.1,50.0,3.0,57.0,25.0,,303.0,,1547.0,507.0,135.0,532.0,507.0,0.0,0.0,417.0,1.0190130708436147,36.0,6405.761475978,4370.0
1789943975.3,52.0,3.0,53.0,27.0,,306.0,,1551.0,510.0,135.0,537.0,510.0,0.0,0.0,420.0,0.9736240746700998,36.0,6432.614504448,4384.0
1789943980.4,57.0,3.0,49.0,26.0,,309.0,,1556.0,515.0,135.0,541.0,515.0,0.0,0.0,425.0,0.9741077495261595,42.0,6446.930706868,4404.0
1789943985.5,60.0,3.0,46.0,26.0,,313.0,,1562.0,519.0,135.0,545.0,519.0,0.0,0.0,429.0,0.9882273003611916,40.0,6475.599165794,4424.0
1789943990.6,51.0,5.0,54.0,25.0,,317.0,,1571.0,523.0,135.0,548.0,523.0,0.0,0.0,433.0,0.9992445374244537,36.0,6518.45632924,4450.0
1789943995.7,58.0,6.0,46.0,25.0,,322.0,,1580.0,531.0,135.0,556.0,531.0,0.0,0.0,441.0,1.0187287665844151,36.0,6567.034937428,4484.0
1789944000.7,63.0,3.0,42.0,27.0,,324.0,,1587.0,534.0,135.0,561.0,534.0,0.0,0.0,443.0,0.9734282802274434,40.0,6577.356360668,4504.0
1789944005.8,43.0,4.0,63.0,25.0,,326.0,,1596.0,538.0,135.0,563.0,538.0,0.0,0.0,447.0,1.017668883882273,38.0,6597.316997588,4530.0
1789944011.0,48.0,3.0,57.0,27.0,,329.0,,1603.0,542.0,135.0,569.0,542.0,0.0,0.0,451.0,0.9891302792976433,38.0,6501.939573858,4344.0
1789944016.2,53.0,5.0,52.0,25.0,,333.0,,1609.0,549.0,135.0,574.0,549.0,0.0,0.0,458.0,0.9829100060794621,40.0,6551.670959298,4370.0
1789944021.2,58.0,3.0,49.0,25.0,,335.0,,1619.0,552.0,135.0,577.0,552.0,0.0,0.0,460.0,0.9908571147587883,40.0,6561.567345976,4396.0
1789944026.4,61.0,3.0,45.0,26.0,,336.0,,1623.0,555.0,135.0,581.0,555.0,0.0,0.0,462.0,0.9749673675928906,42.0,6742.657572462,4410.0
1789944031.5,60.0,7.0,43.0,25.0,,339.0,,1630.0,559.0,135.0,584.0,559.0,0.0,0.0,465.0,0.9979294067160176,38.0,6789.282979772,4432.0
1789944036.4,63.0,6.0,42.0,25.0,,340.0,,1639.0,561.0,136.0,586.0,561.0,0.0,0.0,466.0,1.0131218038121803,38.0,6922.114175528,4456.0
1789944041.9,57.0,3.0,50.0,26.0,,343.0,,1647.0,565.0,136.0,591.0,565.0,0.0,0.0,469.0,1.0208382505453635,34.0,6948.906865696,4480.0
1789944047.8,55.0,7.0,48.0,26.0,,344.0,,1660.0,567.0,136.0,593.0,567.0,0.0,0.0,470.0,0.9931319958516611,40.0,7334.911827092,4510.0
1789944052.9,47.0,2.0,59.0,28.0,,346.0,,1672.0,569.0,136.0,597.0,569.0,0.0,0.0,472.0,0.9758046346958481,42.0,7358.8189202739995,4538.0
1789944057.9,46.0,5.0,56.0,29.0,,349.0,,1676.0,572.0,136.0,601.0,572.0,0.0,0.0,475.0,0.9648307585023066,36.0,7431.389543318,4552.0
1789944063.1,52.0,4.0,51.0,29.0,,351.0,,1686.0,577.0,136.0,606.0,577.0,0.0,0.0,479.0,0.9807160354754497,38.0,8320.918323082,4582.0
1789944068.3,53.0,7.0,48.0,28.0,,352.0,,1698.0,581.0,136.0,608.0,581.0,0.0,0.0,481.0,1.0169576762149983,38.0,8364.570877835,4613.0
1789944073.3,58.0,4.0,46.0,29.0,,355.0,,1702.0,584.0,137.0,613.0,584.0,0.0,0.0,485.0,0.9891588885312734,38.0,8386.70792976,4630.0
1789944078.4,63.0,4.0,41.0,29.0,,358.0,,1709.0,589.0,137.0,618.0,589.0,0.0,0.0,489.0,0.9935946608017737,44.0,8420.247574266,4654.0
1789944083.7,61.0,8.0,40.0,28.0,,360.0,,1716.0,591.0,137.0,619.0,591.0,0.0,0.0,491.0,1.0155567178056717,42.0,8439.36078841,4672.0
1789944088.8,67.0,8.0,37.0,26.0,,365.0,,1725.0,596.0,138.0,622.0,596.0,0.0,0.0,496.0,1.0643439545113185,38.0,8492.031201742,4702.0
1789944094.0,58.0,4.0,47.0,29.0,,366.0,,1732.0,598.0,138.0,627.0,598.0,0.0,0.0,497.0,0.9738310445946429,42.0,8494.170039636,4720.0
1789944099.1,61.0,3.0,45.0,29.0,,369.0,,1738.0,602.0,138.0,631.0,602.0,0.0,0.0,501.0,0.9758538068161499,42.0,8587.90438402,4740.0
1789944104.5,46.0,4.0,58.0,30.0,,370.0,,1744.0,603.0,138.0,633.0,603.0,0.0,0.0,502.0,1.0040495476164932,42.0,8593.416833036,4754.0
1789944109.7,52.0,2.0,54.0,30.0,,374.0,,1754.0,610.0,138.0,640.0,610.0,0.0,0.0,507.0,0.9926684368629975,38.0,8669.83686477,4788.0
1789944114.9,48.0,2.0,57.0,31.0,,374.0,,1760.0,610.0,138.0,641.0,610.0,0.0,0.0,507.0,0.9927578407180918,42.0,8669.841183074,4800.0
1789944120.0,28.0,3.0,75.0,32.0,,377.0,,1762.0,614.0,138.0,646.0,614.0,0.0,0.0,510.0,0.9973679505060258,44.0,8695.373582588,4812.0
1789944125.2,28.0,2.0,76.0,32.0,,382.0,,1767.0,620.0,138.0,652.0,620.0,0.0,0.0,516.0,1.0239888423988843,48.0,8746.165429982,4834.0
1789944130.2,29.0,5.0,72.0,32.0,,386.0,,1769.0,624.0,138.0,656.0,624.0,0.0,0.0,520.0,0.9846596395236562,40.0,8784.902041646,4846.0
1789944135.5,30.0,4.0,71.0,33.0,,389.0,,1773.0,627.0,138.0,660.0,627.0,0.0,0.0,523.0,0.9685745449343776,40.0,8841.593483854,4860.0
1789944140.5,39.0,2.0,65.0,32.0,,393.0,,1776.0,635.0,138.0,667.0,635.0,0.0,0.0,528.0,0.9997621857454494,44.0,8912.23638401,4882.0
1789944145.5,39.0,4.0,62.0,33.0,,394.0,,1778.0,637.0,138.0,670.0,637.0,0.0,0.0,530.0,0.9799713013625148,48.0,8915.450937038,4890.0
1789944150.7,33.0,2.0,70.0,33.0,,399.0,,1782.0,644.0,138.0,677.0,644.0,0.0,0.0,536.0,0.9963518756928799,48.0,9175.66981175,4912.0
1789944155.7,36.0,3.0,66.0,33.0,,402.0,,1782.0,649.0,138.0,682.0,649.0,0.0,0.0,540.0,0.9868174015663556,46.0,9220.217001868,4922.0
1789944160.8,39.0,4.0,63.0,32.0,,405.0,,1787.0,654.0,138.0,686.0,654.0,0.0,0.0,543.0,1.0308233201015629,44.0,9245.880043424,4942.0
1789944165.9,34.0,3.0,68.0,33.0,,408.0,,1791.0,658.0,138.0,691.0,658.0,0.0,0.0,546.0,1.0020808747273182,40.0,9313.540196296,4958.0
1789944171.1,39.0,3.0,63.0,33.0,,411.0,,1793.0,664.0,138.0,697.0,664.0,0.0,0.0,550.0,0.9865098523048313,46.0,9500.356127764,4974.0
1789944176.3,45.0,4.0,57.0,32.0,,418.0,,1795.0,672.0,138.0,704.0,672.0,0.0,0.0,557.0,0.9696420269642027,42.0,9778.113686782,4994.0
1789944181.5,37.0,2.0,67.0,32.0,,419.0,,1801.0,674.0,138.0,706.0,674.0,0.0,0.0,558.0,0.9787625612416407,42.0,9785.91382697,5010.0
1789944186.5,42.0,1.0,62.0,34.0,,423.0,,1803.0,680.0,139.0,714.0,680.0,0.0,0.0,563.0,0.9731931480885456,40.0,9910.87449289,5028.0
1789944191.7,47.0,1.0,57.0,34.0,,427.0,,1807.0,686.0,139.0,720.0,686.0,0.0,0.0,567.0,0.9927354897543182,38.0,9983.27177918,5048.0
1789944196.8,44.0,4.0,59.0,32.0,,429.0,,1812.0,690.0,139.0,722.0,690.0,0.0,0.0,570.0,0.9929589993920538,38.0,9996.757417828,5067.0
1789944201.9,45.0,5.0,56.0,33.0,,431.0,,1823.0,695.0,139.0,728.0,695.0,0.0,0.0,572.0,1.042010424489504,38.0,10030.329050934,5098.0
1789944207.1,49.0,2.0,53.0,35.0,,432.0,,1831.0,698.0,139.0,733.0,698.0,0.0,0.0,573.0,0.9920363516074813,44.0,10033.261593102,5120.0
1789944212.2,53.0,1.0,51.0,34.0,,435.0,,1835.0,701.0,139.0,735.0,701.0,0.0,0.0,576.0,0.9870927654400458,46.0,10049.159691536,5134.0
1789944217.3,59.0,1.0,46.0,34.0,,437.0,,1839.0,706.0,140.0,740.0,706.0,0.0,0.0,578.0,0.9874682616314415,46.0,10087.38374036,5154.0
1789944222.5,61.0,3.0,43.0,33.0,,440.0,,1842.0,711.0,140.0,744.0,711.0,0.0,0.0,582.0,1.0259311411508065,42.0,10115.906721386,5170.0
1789944227.7,64.0,2.0,40.0,34.0,,442.0,,1850.0,714.0,140.0,748.0,714.0,0.0,0.0,584.0,1.011731573865465,42.0,10202.259220894,5192.0
1789944232.8,56.0,3.0,48.0,33.0,,444.0,,1856.0,719.0,140.0,753.0,719.0,0.0,0.0,587.0,1.0054044630404464,42.0,10246.458430876,5214.0
1789944238.0,45.0,0.0,60.0,35.0,,448.0,,1863.0,723.0,140.0,758.0,723.0,0.0,0.0,591.0,0.9964824053213175,40.0,10911.579843288,5236.0
1789944243.2,49.0,1.0,56.0,34.0,,449.0,,1869.0,728.0,140.0,762.0,728.0,0.0,0.0,593.0,0.9981462110646211,42.0,10924.943013056,5258.0
1789944248.4,55.0,1.0,50.0,34.0,,453.0,,1875.0,734.0,140.0,768.0,734.0,0.0,0.0,599.0,0.9846922719307657,42.0,11065.897254064,5282.0
1789944253.5,53.0,3.0,50.0,34.0,,454.0,,1876.0,735.0,140.0,769.0,735.0,0.0,0.0,600.0,0.9850409469656332,42.0,11071.238827262,5286.0
1789944258.7,57.0,5.0,46.0,32.0,,459.0,,1885.0,741.0,140.0,773.0,741.0,0.0,0.0,605.0,1.0327933340485642,40.0,11650.059987442,5316.0
1789944263.8,37.0,0.0,68.0,35.0,,461.0,,1889.0,744.0,140.0,779.0,744.0,0.0,0.0,606.0,0.9971493580803205,38.0,11657.837878692,5330.0
1789944268.9,42.0,0.0,63.0,35.0,,461.0,,1892.0,749.0,140.0,784.0,749.0,0.0,0.0,607.0,0.9972745234774524,46.0,11658.241972669999,5346.0
1789944274.1,47.0,0.0,58.0,35.0,,464.0,,1897.0,754.0,140.0,789.0,754.0,0.0,0.0,611.0,0.9682969459643099,42.0,11688.58768657,5366.0
1789944279.2,32.0,1.0,71.0,36.0,,466.0,,1902.0,759.0,140.0,795.0,759.0,0.0,0.0,615.0,1.0086095912455746,46.0,11736.005723858,5386.0
1789944284.5,28.0,0.0,76.0,36.0,,469.0,,1905.0,763.0,140.0,799.0,763.0,0.0,0.0,619.0,0.9817486500017881,48.0,11751.306875498,5400.0
1789944289.6,33.0,1.0,70.0,36.0,,474.0,,1908.0,769.0,140.0,805.0,769.0,0.0,0.0,625.0,1.000084486643064,46.0,11873.411774968,5418.0
1789944294.7,36.0,1.0,66.0,37.0,,479.0,,1910.0,776.0,140.0,813.0,776.0,0.0,0.0,631.0,0.9759235418231235,46.0,11976.19429988,5436.0
1789944299.9,44.0,0.0,61.0,35.0,,484.0,,1916.0,785.0,140.0,820.0,785.0,0.0,0.0,638.0,0.9734895218681829,40.0,12017.012779976,5466.0
1789944305.2,34.0,0.0,71.0,35.0,,487.0,,1922.0,789.0,140.0,824.0,789.0,0.0,0.0,642.0,0.9748001823838643,42.0,12064.8915942,5486.0
1789944310.5,26.0,0.0,79.0,35.0,,488.0,,1931.0,793.0,140.0,828.0,793.0,0.0,0.0,644.0,0.96127606122376,42.0,11747.889215058,5070.0
1789944315.6,33.0,0.0,72.0,35.0,,492.0,,1932.0,800.0,140.0,835.0,800.0,0.0,0.0,648.0,0.9950617780638701,44.0,11790.686128424,5086.0
1789944320.7,35.0,0.0,69.0,36.0,,494.0,,1933.0,803.0,140.0,839.0,803.0,0.0,0.0,651.0,0.975224850695562,44.0,11849.465644128,5094.0
1789944325.8,34.0,1.0,71.0,34.0,,497.0,,1937.0,807.0,140.0,841.0,807.0,0.0,0.0,654.0,0.9986884454457676,38.0,12549.245754644,5110.0
1789944330.8,35.0,3.0,65.0,37.0,,500.0,,1941.0,811.0,140.0,848.0,811.0,0.0,0.0,657.0,0.9739910774952616,44.0,12564.206769295999,5126.0
1789944336.1,31.0,2.0,71.0,37.0,,502.0,,1951.0,815.0,141.0,852.0,815.0,0.0,0.0,660.0,0.9741162428923935,48.0,12576.124309326,5156.0
1789944341.2,41.0,2.0,62.0,36.0,,508.0,,1954.0,825.0,141.0,861.0,825.0,0.0,0.0,668.0,0.9730644065372099,44.0,14081.44665129,5182.0
1789944346.2,33.0,1.0,72.0,35.0,,511.0,,1959.0,828.0,141.0,863.0,828.0,0.0,0.0,671.0,1.0249047848943247,44.0,14148.630344398,5198.0
1789944351.5,25.0,4.0,76.0,36.0,,513.0,,1966.0,832.0,141.0,868.0,832.0,0.0,0.0,673.0,0.9998717054679398,44.0,14170.479911442,5220.0
1789944356.7,33.0,2.0,69.0,38.0,,517.0,,1970.0,838.0,142.0,876.0,838.0,0.0,0.0,678.0,0.9914105246218217,42.0,14538.045721502,5242.0
1789944362.0,38.0,0.0,66.0,38.0,,519.0,,1975.0,841.0,142.0,879.0,841.0,0.0,0.0,680.0,0.9747514572828381,48.0,15582.609543737999,5257.0
1789944367.1,42.0,1.0,62.0,37.0,,522.0,,1980.0,846.0,142.0,883.0,846.0,0.0,0.0,683.0,0.9832913135214391,46.0,15623.17500534,5278.0
1789944372.1,47.0,2.0,57.0,36.0,,527.0,,1987.0,853.0,142.0,889.0,853.0,0.0,0.0,688.0,0.9945785502270857,40.0,16118.604229781999,5306.0
1789944377.6,48.0,2.0,55.0,37.0,,528.0,,1994.0,854.0,142.0,891.0,854.0,0.0,0.0,689.0,0.9864937596109145,46.0,16143.607113486,5322.0
1789944382.6,47.0,5.0,54.0,36.0,,532.0,,1998.0,858.0,142.0,894.0,858.0,0.0,0.0,693.0,0.9678897114043558,42.0,16196.364289441999,5338.0
1789944387.8,53.0,4.0,51.0,35.0,,535.0,,2006.0,864.0,143.0,899.0,864.0,0.0,0.0,697.0,0.9842895075635661,40.0,16361.121860129999,5368.0
1789944392.9,39.0,3.0,64.0,37.0,,536.0,,2012.0,865.0,143.0,902.0,865.0,0.0,0.0,698.0,0.9620601330329364,42.0,16383.440422058,5382.0
1789944398.1,44.0,0.0,61.0,38.0,,538.0,,2018.0,868.0,143.0,906.0,868.0,0.0,0.0,699.0,1.0102671387190216,46.0,16904.107769808,5400.0
1789944403.5,29.0,1.0,75.0,38.0,,544.0,,2022.0,876.0,143.0,914.0,876.0,0.0,0.0,707.0,0.9747840896899475,44.0,16983.795579588,5424.0
1789944408.6,32.0,1.0,70.0,40.0,,546.0,,2027.0,881.0,143.0,921.0,881.0,0.0,0.0,711.0,1.0050566820441298,42.0,17002.863549212,5444.0
1789944413.8,30.0,1.0,72.0,40.0,,548.0,,2031.0,885.0,143.0,925.0,885.0,0.0,0.0,714.0,0.9895880270357258,50.0,17015.372456962,5460.0
1789944419.1,34.0,0.0,68.0,41.0,,550.0,,2037.0,889.0,143.0,930.0,889.0,0.0,0.0,718.0,0.9885898329935987,46.0,17035.481580323998,5480.0
1789944424.4,38.0,1.0,65.0,39.0,,553.0,,2039.0,894.0,143.0,933.0,894.0,0.0,0.0,721.0,0.9774344669742159,48.0,17076.07056099,5494.0
1789944429.8,32.0,0.0,73.0,38.0,,555.0,,2046.0,898.0,143.0,936.0,898.0,0.0,0.0,725.0,0.9880784429424597,48.0,17153.029267192,5516.0
1789944435.1,36.0,0.0,68.0,39.0,,559.0,,2051.0,903.0,143.0,942.0,903.0,0.0,0.0,729.0,0.9562394950470264,46.0,17202.089807821998,5536.0
1789944440.3,37.0,1.0,66.0,39.0,1.0,563.0,,2059.0,907.0,143.0,946.0,907.0,0.0,0.0,733.0,1.007724046060866,46.0,17346.003526064,5560.0
1789944445.4,33.0,1.0,69.0,40.0,1.0,566.0,,2065.0,913.0,143.0,953.0,913.0,0.0,0.0,736.0,0.9918570968780174,44.0,17448.580517055998,5584.0
1789944450.7,38.0,0.0,65.0,40.0,1.0,568.0,,2068.0,918.0,143.0,958.0,918.0,0.0,0.0,738.0,0.9768551299932053,44.0,17473.72636973,5600.0
1789944456.0,42.0,1.0,61.0,40.0,1.0,571.0,,2070.0,923.0,144.0,963.0,923.0,0.0,0.0,740.0,0.9886738726173873,48.0,17502.212370139998,5616.0
1789944461.1,9.0,0.0,95.0,40.0,1.0,574.0,,2076.0,926.0,144.0,966.0,926.0,0.0,0.0,743.0,1.005268569180703,48.0,17564.401492368,5634.0
1789944466.2,2.0,0.0,102.0,40.0,1.0,578.0,,2077.0,930.0,144.0,970.0,930.0,0.0,0.0,746.0,0.9958556842971069,46.0,17613.445562782,5644.0
1789944471.7,11.0,1.0,91.0,42.0,1.0,584.0,,2077.0,940.0,145.0,982.0,940.0,0.0,0.0,752.0,0.9758390551800593,46.0,18012.502325986,5666.0
1789944477.0,11.0,0.0,91.0,43.0,1.0,587.0,,2078.0,946.0,145.0,989.0,946.0,0.0,0.0,757.0,1.0127114401172979,44.0,19624.755005704,5680.0
1789944482.1,15.0,0.0,86.0,44.0,1.0,593.0,,2079.0,952.0,145.0,996.0,952.0,0.0,0.0,762.0,1.0080315953223904,52.0,19763.352818954,5694.0
1789944487.3,23.0,0.0,80.0,42.0,1.0,598.0,,2081.0,960.0,145.0,1002.0,960.0,0.0,0.0,766.0,0.9941529878768373,48.0,19818.561740978,5714.0
1789944492.5,13.0,1.0,88.0,43.0,1.0,601.0,,2082.0,963.0,145.0,1006.0,963.0,0.0,0.0,768.0,0.9542448950398741,50.0,19852.761896572,5722.0
1789944498.1,22.0,0.0,82.0,41.0,1.0,605.0,,2085.0,971.0,145.0,1012.0,971.0,0.0,0.0,773.0,1.0155316847262454,46.0,19917.36340206,5744.0
1789944504.1,22.0,1.0,80.0,42.0,1.0,610.0,,2088.0,977.0,145.0,1019.0,977.0,0.0,0.0,777.0,0.9578474233808962,48.0,20013.37102559,5762.0
1789944509.3,24.0,1.0,77.0,43.0,1.0,613.0,,2091.0,980.0,145.0,1023.0,980.0,0.0,0.0,780.0,0.9684417802095626,48.0,20043.25173825,5774.0
1789944514.6,20.0,1.0,80.0,44.0,1.0,616.0,,2092.0,983.0,145.0,1027.0,983.0,0.0,0.0,783.0,1.0001627150162715,50.0,20127.465407732,5782.0
1789944519.7,19.0,1.0,80.0,45.0,1.0,619.0,,2097.0,987.0,145.0,1032.0,987.0,0.0,0.0,787.0,1.0002610592568753,52.0,20183.42312844,5800.0
1789944524.9,22.0,1.0,78.0,44.0,1.0,623.0,,2101.0,992.0,145.0,1036.0,992.0,0.0,0.0,792.0,0.9998797518148983,50.0,20322.141469372,5818.0
1789944530.2,26.0,1.0,73.0,45.0,1.0,625.0,,2104.0,997.0,145.0,1043.0,997.0,0.0,0.0,796.0,0.9940886171011694,48.0,20386.27166779,5836.0
1789944535.8,26.0,3.0,71.0,45.0,1.0,628.0,,2105.0,1003.0,145.0,1048.0,1003.0,0.0,0.0,799.0,0.9970979508636413,52.0,20425.45217466,5848.0
1789944541.1,17.0,1.0,85.0,43.0,1.0,634.0,,2110.0,1010.0,146.0,1053.0,1010.0,0.0,0.0,804.0,0.9783843829345922,52.0,20536.283152461998,5874.0
1789944546.3,18.0,0.0,85.0,44.0,1.0,638.0,,2114.0,1015.0,147.0,1059.0,1015.0,0.0,0.0,807.0,1.0160766012230447,46.0,20601.553400726,5894.0
1789944551.5,19.0,2.0,81.0,45.0,1.0,641.0,,2116.0,1019.0,147.0,1064.0,1019.0,0.0,0.0,810.0,0.9958713299717484,48.0,20678.464763934,5906.0
1789944556.7,24.0,0.0,76.0,47.0,1.0,647.0,,2118.0,1027.0,147.0,1074.0,1027.0,0.0,0.0,816.0,0.998288363194221,48.0,21080.232900648,5926.0
1789944561.8,30.0,0.0,70.0,47.0,1.0,652.0,,2120.0,1033.0,147.0,1080.0,1033.0,0.0,0.0,821.0,0.965692611665415,50.0,21561.97753542,5942.0
1789944567.1,34.0,0.0,67.0,46.0,1.0,655.0,,2129.0,1037.0,147.0,1083.0,1037.0,0.0,0.0,823.0,1.0032493831134,52.0,21581.015546669998,5968.0
1789944572.4,35.0,1.0,64.0,47.0,1.0,661.0,,2132.0,1046.0,147.0,1093.0,1046.0,0.0,0.0,829.0,0.9887132103136287,50.0,21774.805334294,5992.0
1789944577.6,9.0,0.0,91.0,47.0,1.0,662.0,,2136.0,1048.0,147.0,1095.0,1048.0,0.0,0.0,830.0,0.9951458176876586,54.0,21795.006842534,6004.0
1789944582.8,12.0,0.0,89.0,46.0,1.0,668.0,,2138.0,1056.0,147.0,1102.0,1056.0,0.0,0.0,836.0,0.9947238314916139,54.0,21891.315684385998,6024.0
1789944588.0,17.0,1.0,82.0,47.0,1.0,673.0,,2140.0,1062.0,147.0,1109.0,1062.0,0.0,0.0,841.0,1.0043834710152701,54.0,21940.108628604,6040.0
1789944593.5,22.0,2.0,75.0,48.0,1.0,677.0,,2142.0,1068.0,147.0,1117.0,1068.0,0.0,0.0,845.0,0.9718753352644566,50.0,21975.109363905998,6056.0
1789944598.7,20.0,0.0,80.0,47.0,1.0,682.0,,2146.0,1077.0,147.0,1124.0,1077.0,0.0,0.0,850.0,0.9982905982905983,52.0,22132.001399064,6082.0
1789944603.9,23.0,0.0,77.0,47.0,1.0,685.0,,2148.0,1080.0,147.0,1127.0,1080.0,0.0,0.0,853.0,0.9883725816257197,54.0,22300.676149864,6092.0
1789944609.0,24.0,2.0,75.0,46.0,1.0,688.0,,2149.0,1083.0,147.0,1129.0,1083.0,0.0,0.0,855.0,0.9889523656260057,54.0,22333.221709462,6100.0
1789944614.5,23.0,0.0,75.0,50.0,1.0,694.0,,2151.0,1092.0,148.0,1142.0,1092.0,0.0,0.0,861.0,0.971505650323642,52.0,21962.003733674,5610.0
1789944619.6,29.0,0.0,72.0,47.0,1.0,697.0,,2154.0,1098.0,148.0,1145.0,1098.0,0.0,0.0,863.0,0.9993558452240461,52.0,22030.595298884,5628.0
1789944625.5,31.0,0.0,70.0,47.0,1.0,699.0,,2155.0,1100.0,148.0,1147.0,1100.0,0.0,0.0,865.0,0.9994631298501592,54.0,22065.447647202,5634.0
1789944630.9,34.0,2.0,66.0,46.0,1.0,704.0,,2158.0,1106.0,148.0,1152.0,1106.0,0.0,0.0,869.0,0.990762793691664,50.0,22155.541020116,5652.0
1789944636.2,23.0,0.0,78.0,47.0,1.0,707.0,,2161.0,1111.0,148.0,1158.0,1111.0,0.0,0.0,873.0,0.9938065479383471,50.0,22206.381843088,5668.0
1789944641.3,28.0,0.0,73.0,47.0,1.0,711.0,,2163.0,1116.0,148.0,1163.0,1116.0,0.0,0.0,876.0,0.9964412795479741,52.0,22682.416330544,5682.0
1789944646.5,18.0,1.0,82.0,48.0,1.0,716.0,,2166.0,1122.0,149.0,1170.0,1122.0,0.0,0.0,880.0,0.9716062296606229,52.0,22776.760459443998,5702.0
1789944651.6,25.0,0.0,77.0,47.0,1.0,721.0,,2169.0,1129.0,149.0,1176.0,1129.0,0.0,0.0,886.0,0.9751694203054035,52.0,22953.565912102,5722.0
1789944657.0,23.0,1.0,79.0,46.0,1.0,723.0,,2171.0,1132.0,149.0,1178.0,1132.0,0.0,0.0,888.0,1.014204931516647,50.0,22974.221849466,5732.0
1789944662.6,26.0,1.0,74.0,48.0,1.0,725.0,,2176.0,1135.0,149.0,1183.0,1135.0,0.0,0.0,890.0,0.9873346028680756,52.0,23940.115134912,5748.0
1789944668.0,30.0,1.0,72.0,46.0,1.0,732.0,,2180.0,1144.0,149.0,1190.0,1144.0,0.0,0.0,898.0,1.008938150413046,48.0,24347.291268422,5774.0
1789944673.7,34.0,1.0,69.0,45.0,1.0,736.0,,2184.0,1149.0,149.0,1194.0,1149.0,0.0,0.0,902.0,0.9885071344276365,48.0,25090.980215228,5792.0
1789944679.5,38.0,3.0,63.0,45.0,1.0,740.0,,2186.0,1156.0,149.0,1201.0,1156.0,0.0,0.0,906.0,0.9690014483424525,44.0,25138.601901736,5810.0
1789944684.9,13.0,0.0,91.0,45.0,1.0,745.0,,2190.0,1163.0,149.0,1208.0,1163.0,0.0,0.0,912.0,0.9718283982405321,40.0,25344.410526178,5832.0
1789944690.5,14.0,0.0,86.0,49.0,1.0,747.0,,2190.0,1167.0,149.0,1216.0,1167.0,0.0,0.0,914.0,0.9774577119765404,50.0,25356.842513892,5840.0
1789944696.3,18.0,2.0,83.0,46.0,1.0,749.0,,2190.0,1173.0,149.0,1219.0,1173.0,0.0,0.0,916.0,1.0119327325394272,50.0,25372.909953828,5852.0
1789944701.9,16.0,1.0,85.0,47.0,1.0,752.0,,2194.0,1180.0,149.0,1227.0,1180.0,0.0,0.0,919.0,1.025549386689554,52.0,25425.259041562,5874.0
1789944707.9,24.0,1.0,76.0,49.0,1.0,759.0,,2196.0,1189.0,150.0,1238.0,1189.0,0.0,0.0,926.0,0.9836668097128348,46.0,25753.309633506,5898.0
1789944714.0,16.0,1.0,84.0,49.0,1.0,761.0,,2200.0,1194.0,150.0,1243.0,1194.0,0.0,0.0,928.0,1.0002699996423845,48.0,25810.163889442,5916.0
1789944720.2,17.0,0.0,85.0,48.0,1.0,767.0,,2202.0,1203.0,150.0,1251.0,1203.0,0.0,0.0,934.0,0.9933613167399779,48.0,25901.117384064,5938.0
1789944726.0,21.0,1.0,78.0,50.0,1.0,771.0,,2202.0,1209.0,150.0,1259.0,1209.0,0.0,0.0,938.0,0.9654109895218682,50.0,25992.382246862,5950.0
1789944731.6,27.0,0.0,74.0,49.0,1.0,778.0,,2206.0,1216.0,150.0,1265.0,1216.0,0.0,0.0,945.0,1.0133958266280443,44.0,26100.709432342,5972.0
1789944737.0,24.0,0.0,76.0,50.0,1.0,780.0,,2207.0,1220.0,150.0,1270.0,1220.0,0.0,0.0,947.0,1.013476290097629,50.0,26116.899635662,5982.0
1789944742.3,28.0,1.0,72.0,49.0,1.0,785.0,,2210.0,1225.0,150.0,1274.0,1225.0,0.0,0.0,952.0,0.9863744054643636,54.0,26184.316801574,5998.0
1789944747.7,35.0,2.0,65.0,50.0,1.0,791.0,,2212.0,1232.0,152.0,1282.0,1232.0,0.0,0.0,959.0,0.994752440725244,48.0,26267.109082382,6020.0
1789944753.9,34.0,3.0,65.0,50.0,1.0,796.0,,2215.0,1238.0,152.0,1288.0,1238.0,0.0,0.0,965.0,0.993877624003147,48.0,26457.179458184,6038.0
1789944759.3,40.0,0.0,62.0,50.0,1.0,799.0,,2220.0,1242.0,152.0,1292.0,1242.0,0.0,0.0,968.0,0.9939670278582412,48.0,26511.873348766,6056.0
1789944764.8,42.0,0.0,61.0,49.0,1.0,801.0,,2228.0,1244.0,152.0,1293.0,1244.0,0.0,0.0,970.0,0.9808774094338948,50.0,26576.48488062,6076.0
1789944770.9,14.0,0.0,88.0,50.0,1.0,805.0,,2229.0,1251.0,152.0,1301.0,1251.0,0.0,0.0,974.0,0.9855375853806816,50.0,26647.833017624,6092.0
1789944776.5,24.0,2.0,76.0,50.0,1.0,810.0,,2233.0,1263.0,152.0,1313.0,1263.0,0.0,0.0,980.0,1.0240509780781748,52.0,26689.909462944,6124.0
1789944782.8,30.0,0.0,68.0,54.0,1.0,814.0,,2234.0,1271.0,152.0,1325.0,1271.0,0.0,0.0,984.0,0.9961082501877481,50.0,26980.482948074,6142.0
1789944788.7,38.0,0.0,64.0,50.0,1.0,817.0,,2238.0,1279.0,152.0,1329.0,1279.0,0.0,0.0,989.0,0.9957667274612881,52.0,27050.32194423,6166.0
1789944795.3,19.0,1.0,82.0,50.0,1.0,821.0,,2242.0,1284.0,152.0,1334.0,1284.0,0.0,0.0,992.0,0.9965431999427815,50.0,27135.375856802,6184.0
1789944801.3,28.0,0.0,73.0,51.0,1.0,824.0,,2245.0,1292.0,152.0,1343.0,1292.0,0.0,0.0,997.0,0.9991582627042878,48.0,27168.32507736,6206.0
1789944807.2,32.0,1.0,70.0,49.0,1.0,828.0,,2251.0,1298.0,152.0,1347.0,1298.0,0.0,0.0,1000.0,0.9950689303722776,46.0,27636.605425182,6230.0
1789944812.9,23.0,0.0,80.0,49.0,1.0,829.0,,2259.0,1299.0,152.0,1348.0,1299.0,0.0,0.0,1001.0,0.9955016450309337,50.0,27687.980444198,6248.0
1789944818.3,26.0,1.0,76.0,49.0,1.0,830.0,,2262.0,1303.0,152.0,1352.0,1303.0,0.0,0.0,1002.0,0.9932316811500912,50.0,27699.153042214,6262.0
1789944824.2,32.0,0.0,70.0,50.0,1.0,833.0,,2267.0,1308.0,152.0,1358.0,1308.0,0.0,0.0,1005.0,0.9977564102564103,46.0,27769.17323703,6282.0
1789944829.5,29.0,0.0,73.0,51.0,1.0,839.0,,2270.0,1317.0,153.0,1368.0,1317.0,0.0,0.0,1011.0,0.982593069413153,42.0,28222.906507388,6308.0
1789944835.0,22.0,1.0,79.0,51.0,1.0,839.0,,2274.0,1317.0,153.0,1368.0,1317.0,0.0,0.0,1011.0,0.9827539963523227,52.0,28222.90959497,6316.0
1789944840.6,31.0,1.0,69.0,52.0,1.0,846.0,,2276.0,1326.0,153.0,1378.0,1326.0,0.0,0.0,1017.0,0.9690944283517505,50.0,28396.120788232,6338.0
1789944845.9,28.0,0.0,74.0,51.0,1.0,852.0,,2278.0,1337.0,153.0,1388.0,1337.0,0.0,0.0,1023.0,0.9806038336373064,46.0,28488.595402072,6364.0
1789944851.3,28.0,1.0,73.0,51.0,1.0,852.0,,2281.0,1338.0,153.0,1389.0,1338.0,0.0,0.0,1023.0,0.9808094625040231,52.0,28488.597461252,6372.0
1789944856.8,35.0,0.0,67.0,51.0,1.0,855.0,,2283.0,1344.0,153.0,1395.0,1344.0,0.0,0.0,1026.0,0.9899197153381254,52.0,28543.802630449998,6388.0
1789944862.2,33.0,1.0,67.0,52.0,1.0,857.0,,2286.0,1347.0,153.0,1399.0,1347.0,0.0,0.0,1028.0,0.986190680542145,50.0,28600.436658169998,6400.0
1789944867.5,37.0,0.0,63.0,53.0,1.0,861.0,,2288.0,1352.0,153.0,1405.0,1352.0,0.0,0.0,1032.0,0.9724148875299503,56.0,28874.588949206,6414.0
1789944873.0,39.0,0.0,61.0,53.0,1.0,864.0,,2289.0,1356.0,153.0,1409.0,1356.0,0.0,0.0,1035.0,0.9725132317705539,54.0,28909.010328424,6424.0
1789944879.1,36.0,2.0,65.0,50.0,1.0,870.0,,2292.0,1364.0,153.0,1414.0,1364.0,0.0,0.0,1041.0,0.9883113399849801,48.0,29056.972367719998,6446.0
1789944884.4,43.0,0.0,58.0,52.0,1.0,875.0,,2292.0,1371.0,153.0,1423.0,1371.0,0.0,0.0,1045.0,0.9848438114651504,54.0,29091.475727732,6460.0
1789944889.8,20.0,1.0,79.0,53.0,1.0,879.0,,2295.0,1375.0,153.0,1428.0,1375.0,0.0,0.0,1049.0,0.9832260487072203,48.0,29122.872202546,6474.0
1789944895.2,24.0,0.0,76.0,53.0,1.0,883.0,,2297.0,1382.0,153.0,1435.0,1382.0,0.0,0.0,1053.0,0.9746374673675929,56.0,29233.617067444,6492.0
1789944900.5,14.0,0.0,86.0,53.0,1.0,888.0,,2300.0,1387.0,153.0,1440.0,1387.0,0.0,0.0,1057.0,1.0003728140757429,54.0,29265.347941256,6508.0
1789944906.0,18.0,1.0,80.0,54.0,1.0,892.0,,2300.0,1392.0,153.0,1446.0,1392.0,0.0,0.0,1062.0,0.9648352286950613,56.0,29294.882973764,6518.0
1789944911.7,25.0,1.0,73.0,54.0,1.0,898.0,,2302.0,1401.0,153.0,1455.0,1401.0,0.0,0.0,1068.0,0.9836216607660122,54.0,27978.79959177,5912.0
1789944917.1,21.0,1.0,78.0,53.0,1.0,903.0,,2307.0,1410.0,153.0,1463.0,1410.0,0.0,0.0,1074.0,0.9954842112791904,54.0,28039.007032296,5940.0
1789944922.4,19.0,0.0,84.0,50.0,1.0,909.0,,2308.0,1420.0,153.0,1470.0,1420.0,0.0,0.0,1082.0,0.9899595000536423,46.0,28073.91607977,5962.0
1789944927.6,24.0,0.0,78.0,51.0,1.0,912.0,,2312.0,1425.0,153.0,1476.0,1425.0,0.0,0.0,1085.0,0.994288434717305,52.0,28203.914474226,5980.0
1789944932.7,20.0,0.0,81.0,52.0,1.0,916.0,,2312.0,1430.0,153.0,1482.0,1430.0,0.0,0.0,1089.0,0.9919040339019418,54.0,28378.428523026,5990.0
1789944937.9,22.0,0.0,79.0,52.0,1.0,917.0,,2315.0,1432.0,153.0,1484.0,1432.0,0.0,0.0,1089.0,0.9982602009798662,52.0,28388.649561116,6000.0
1789944943.2,26.0,0.0,74.0,53.0,1.0,919.0,,2316.0,1436.0,153.0,1489.0,1436.0,0.0,0.0,1091.0,0.9986200514966206,54.0,28743.174741794,6010.0
1789944948.4,30.0,0.0,68.0,55.0,1.0,922.0,,2317.0,1440.0,153.0,1495.0,1440.0,0.0,0.0,1094.0,1.0349560133032936,54.0,28927.871508866,6020.0
1789944953.7,22.0,1.0,75.0,55.0,1.0,924.0,,2318.0,1445.0,153.0,1500.0,1445.0,0.0,0.0,1096.0,0.9825260165218325,58.0,28993.743154294,6032.0
1789944959.0,8.0,1.0,89.0,55.0,1.0,926.0,,2320.0,1448.0,153.0,1503.0,1448.0,0.0,0.0,1098.0,0.9826064799914173,60.0,29538.902702741998,6042.0
1789944964.2,13.0,1.0,85.0,54.0,1.0,930.0,,2320.0,1453.0,153.0,1507.0,1453.0,0.0,0.0,1101.0,0.9748346028680757,58.0,29603.383142378,6052.0
1789944969.4,12.0,0.0,87.0,54.0,1.0,935.0,,2323.0,1459.0,153.0,1513.0,1459.0,0.0,0.0,1106.0,0.962407019990702,54.0,29735.62608571,6070.0
1789944974.8,18.0,0.0,81.0,54.0,1.0,938.0,,2323.0,1465.0,153.0,1519.0,1465.0,0.0,0.0,1109.0,0.9952472910631907,58.0,29834.741207496,6082.0
1789944980.3,16.0,0.0,81.0,56.0,1.0,942.0,,2325.0,1471.0,153.0,1527.0,1471.0,0.0,0.0,1114.0,1.0224944569609842,58.0,30272.992967102,6098.0
1789944985.8,19.0,0.0,79.0,55.0,1.0,945.0,,2328.0,1474.0,153.0,1529.0,1474.0,0.0,0.0,1116.0,1.0225480992740408,56.0,30310.655198744,6110.0
1789944991.2,12.0,0.0,85.0,56.0,1.0,947.0,,2330.0,1477.0,153.0,1533.0,1477.0,0.0,0.0,1117.0,0.9869810106211779,58.0,30323.051170476,6120.0
1789944996.7,15.0,1.0,82.0,55.0,1.0,951.0,,2330.0,1481.0,153.0,1536.0,1481.0,0.0,0.0,1120.0,0.9945195436827236,60.0,30402.970305078,6128.0
1789945002.8,20.0,0.0,76.0,57.0,1.0,953.0,,2330.0,1486.0,153.0,1543.0,1486.0,0.0,0.0,1121.0,0.9946487322533347,62.0,30416.382632713998,6138.0
1789945008.0,29.0,0.0,66.0,58.0,1.0,960.0,,2332.0,1495.0,153.0,1553.0,1495.0,0.0,0.0,1130.0,0.9976656653434897,64.0,30549.03250165,6160.0
1789945013.3,32.0,1.0,63.0,57.0,1.0,963.0,,2332.0,1499.0,153.0,1556.0,1499.0,0.0,0.0,1133.0,0.9977550691985838,64.0,30571.698346156,6168.0
1789945018.6,18.0,1.0,78.0,56.0,1.0,968.0,,2335.0,1504.0,153.0,1560.0,1504.0,0.0,0.0,1138.0,1.0271202124235597,62.0,30616.76489014,6184.0
1789945023.9,18.0,1.0,78.0,56.0,1.0,973.0,,2335.0,1514.0,153.0,1570.0,1514.0,0.0,0.0,1146.0,1.0296074276722813,54.0,30808.853357684,6204.0
1789945029.1,13.0,1.0,83.0,56.0,1.0,974.0,,2336.0,1516.0,153.0,1572.0,1516.0,0.0,0.0,1146.0,1.0302860029324465,58.0,30817.561455154,6210.0
1789945034.4,16.0,0.0,81.0,56.0,1.0,976.0,,2338.0,1519.0,153.0,1575.0,1519.0,0.0,0.0,1148.0,1.030509512570182,60.0,30963.616523972,6220.0
1789945039.7,18.0,0.0,78.0,57.0,1.0,978.0,,2340.0,1521.0,153.0,1578.0,1521.0,0.0,0.0,1150.0,0.9884964059650252,64.0,31055.98786529,6228.0
1789945045.0,21.0,0.0,75.0,57.0,1.0,981.0,,2340.0,1524.0,153.0,1581.0,1524.0,0.0,0.0,1153.0,0.9940394449808676,62.0,31100.818547016,6234.0
1789945050.4,28.0,1.0,68.0,57.0,1.0,986.0,,2345.0,1532.0,154.0,1589.0,1532.0,0.0,0.0,1158.0,0.9975494403318671,60.0,33601.048550454,6262.0
1789945055.7,6.0,0.0,91.0,57.0,1.0,989.0,,2349.0,1535.0,154.0,1592.0,1535.0,0.0,0.0,1160.0,0.9980988270214212,62.0,33682.181825198,6276.0
1789945061.0,7.0,0.0,88.0,59.0,1.0,990.0,,2349.0,1536.0,154.0,1595.0,1536.0,0.0,0.0,1161.0,0.9982061116475343,66.0,33688.970621346,6278.0
1789945066.4,10.0,0.0,87.0,57.0,1.0,997.0,,2350.0,1546.0,154.0,1603.0,1546.0,0.0,0.0,1169.0,1.0316570110503165,58.0,34203.990142692,6300.0
1789945071.8,17.0,0.0,79.0,58.0,1.0,1001.0,,2350.0,1553.0,154.0,1611.0,1553.0,0.0,0.0,1173.0,0.9984036941672925,56.0,34318.819277194,6314.0
1789945077.2,18.0,2.0,77.0,57.0,1.0,1002.0,,2350.0,1556.0,154.0,1613.0,1556.0,0.0,0.0,1173.0,0.9886121839573723,60.0,34322.258855296,6320.0
1789945082.5,16.0,0.0,81.0,57.0,1.0,1005.0,,2353.0,1559.0,154.0,1616.0,1559.0,0.0,0.0,1175.0,0.9886926474269571,62.0,34360.259371698,6332.0
1789945087.8,12.0,1.0,85.0,56.0,1.0,1011.0,,2355.0,1566.0,154.0,1621.0,1566.0,0.0,0.0,1181.0,0.9986428494796695,58.0,34462.76357913,6348.0
1789945093.1,9.0,0.0,90.0,56.0,1.0,1013.0,,2355.0,1570.0,155.0,1626.0,1570.0,0.0,0.0,1183.0,0.9893350141258092,58.0,34480.489292112,6360.0
1789945098.5,11.0,0.0,86.0,58.0,1.0,1018.0,,2357.0,1576.0,155.0,1634.0,1576.0,0.0,0.0,1187.0,0.9899291027429102,60.0,34811.349063826,6376.0
1789945103.8,13.0,1.0,84.0,57.0,1.0,1021.0,,2357.0,1579.0,155.0,1636.0,1579.0,0.0,0.0,1190.0,1.034238100346887,60.0,35102.62462746,6382.0
1789945108.9,16.0,1.0,82.0,57.0,1.0,1024.0,,2358.0,1582.0,156.0,1639.0,1582.0,0.0,0.0,1193.0,0.9861629653470657,56.0,35375.765508111996,6392.0
1789945114.3,17.0,0.0,81.0,58.0,1.0,1026.0,,2361.0,1585.0,156.0,1643.0,1585.0,0.0,0.0,1195.0,0.9867561599256159,60.0,35406.236081769996,6404.0
1789945119.5,23.0,1.0,75.0,57.0,1.0,1030.0,,2362.0,1592.0,156.0,1649.0,1592.0,0.0,0.0,1199.0,0.988685942137825,58.0,35470.056090558,6420.0
1789945124.8,28.0,1.0,69.0,58.0,1.0,1033.0,,2363.0,1598.0,156.0,1656.0,1598.0,0.0,0.0,1202.0,0.9896497156957408,58.0,35509.375448018,6434.0
1789945130.3,32.0,1.0,65.0,58.0,1.0,1039.0,,2364.0,1605.0,156.0,1663.0,1605.0,0.0,0.0,1208.0,0.9914167828916783,56.0,35971.328709297995,6450.0
1789945135.7,26.0,0.0,73.0,57.0,1.0,1041.0,,2365.0,1608.0,156.0,1665.0,1608.0,0.0,0.0,1210.0,0.9919768980438437,58.0,36002.892671352,6458.0
1789945141.1,13.0,2.0,84.0,57.0,1.0,1043.0,,2367.0,1611.0,156.0,1668.0,1611.0,0.0,0.0,1212.0,0.992901333905518,58.0,36030.016533058,6468.0
1789945146.6,9.0,0.0,88.0,59.0,1.0,1046.0,,2371.0,1614.0,156.0,1673.0,1614.0,0.0,0.0,1215.0,1.0026266852626686,58.0,36096.498212548,6482.0
1789945151.9,14.0,0.0,82.0,60.0,1.0,1050.0,,2372.0,1619.0,156.0,1679.0,1619.0,0.0,0.0,1219.0,0.9713617101169403,66.0,36767.11292603,6494.0
1789945157.3,16.0,1.0,80.0,59.0,2.0,1053.0,,2373.0,1622.0,156.0,1681.0,1622.0,0.0,0.0,1222.0,0.9716486964917928,62.0,36806.959091536,6502.0
1789945162.6,21.0,0.0,74.0,61.0,2.0,1055.0,,2378.0,1626.0,156.0,1687.0,1626.0,0.0,0.0,1224.0,0.972667900439867,64.0,36854.591473987995,6520.0
1789945167.9,22.0,2.0,71.0,61.0,2.0,1059.0,,2378.0,1630.0,156.0,1691.0,1630.0,0.0,0.0,1228.0,0.9915289847298215,62.0,37028.302243602,6528.0
1789945173.4,19.0,1.0,76.0,60.0,2.0,1065.0,,2383.0,1636.0,156.0,1696.0,1636.0,0.0,0.0,1234.0,0.9735270714873225,62.0,37108.330916488,6550.0
1789945178.8,11.0,0.0,84.0,61.0,2.0,1066.0,,2384.0,1638.0,156.0,1699.0,1638.0,0.0,0.0,1236.0,0.9966670242820871,64.0,37116.134012038,6556.0
1789945184.3,17.0,2.0,76.0,61.0,2.0,1074.0,,2385.0,1646.0,156.0,1707.0,1646.0,0.0,0.0,1243.0,0.9939348424704073,62.0,37267.189879902,6574.0
1789945189.6,19.0,0.0,75.0,62.0,2.0,1075.0,,2386.0,1648.0,156.0,1710.0,1648.0,0.0,0.0,1244.0,0.9942566963487466,68.0,37293.830065452,6580.0
1789945195.2,26.0,0.0,69.0,62.0,2.0,1082.0,,2389.0,1656.0,157.0,1718.0,1656.0,0.0,0.0,1251.0,0.9941552229732146,64.0,37583.306597894,6604.0
1789945200.5,21.0,0.0,74.0,62.0,2.0,1085.0,,2393.0,1659.0,157.0,1721.0,1659.0,0.0,0.0,1252.0,1.018087293924114,68.0,37625.62059112,6618.0
1789945205.9,17.0,1.0,77.0,62.0,2.0,1086.0,,2395.0,1662.0,157.0,1724.0,1662.0,0.0,0.0,1254.0,1.0181766977792082,68.0,37642.6862545,6628.0
1789945211.1,11.0,0.0,84.0,62.0,3.0,1090.0,,2398.0,1666.0,157.0,1728.0,1666.0,0.0,0.0,1258.0,1.0183108035618496,60.0,35518.692156498,5894.0
1789945216.4,14.0,0.0,81.0,62.0,3.0,1091.0,,2398.0,1669.0,157.0,1731.0,1669.0,0.0,0.0,1259.0,1.019148070664807,66.0,35530.245911412,5900.0
1789945221.7,18.0,0.0,76.0,63.0,3.0,1093.0,,2398.0,1673.0,157.0,1736.0,1673.0,0.0,0.0,1261.0,1.0200564138325645,66.0,35590.229195166,5908.0
1789945227.1,22.0,2.0,71.0,63.0,3.0,1099.0,,2399.0,1679.0,158.0,1742.0,1679.0,0.0,0.0,1267.0,0.9727112613095876,64.0,35692.552445864,5924.0
1789945232.4,24.0,1.0,70.0,63.0,3.0,1102.0,,2400.0,1682.0,158.0,1745.0,1682.0,0.0,0.0,1270.0,0.9917484711940779,62.0,35737.243602096,5932.0
1789945237.9,26.0,1.0,70.0,62.0,3.0,1106.0,,2404.0,1686.0,159.0,1748.0,1686.0,0.0,0.0,1274.0,0.979424149769338,60.0,35921.055030628,5950.0
1789945243.6,13.0,0.0,81.0,65.0,3.0,1106.0,,2406.0,1688.0,159.0,1753.0,1688.0,0.0,0.0,1274.0,0.980594893251797,68.0,35921.058829067995,5958.0
1789945249.4,18.0,0.0,76.0,65.0,3.0,1110.0,,2407.0,1693.0,159.0,1758.0,1693.0,0.0,0.0,1278.0,0.9770643350141258,66.0,36019.731750122,5970.0
1789945254.7,13.0,0.0,80.0,66.0,3.0,1114.0,,2411.0,1697.0,159.0,1763.0,1697.0,0.0,0.0,1281.0,0.9752695526231091,70.0,36077.441080045995,5986.0
1789945260.4,18.0,0.0,75.0,66.0,3.0,1118.0,,2413.0,1702.0,159.0,1768.0,1702.0,0.0,0.0,1285.0,0.9754304795622787,68.0,36114.131522284,6000.0
1789945266.5,21.0,1.0,73.0,64.0,3.0,1124.0,,2416.0,1711.0,159.0,1775.0,1711.0,0.0,0.0,1293.0,0.9725194900404105,66.0,36198.95616542,6024.0
1789945272.4,25.0,2.0,67.0,65.0,3.0,1129.0,,2418.0,1717.0,159.0,1782.0,1717.0,0.0,0.0,1297.0,0.9756039230411615,66.0,36297.884842492,6040.0
1789945278.4,32.0,0.0,63.0,65.0,3.0,1133.0,,2423.0,1723.0,160.0,1788.0,1723.0,0.0,1.0,1302.0,1.0302940492794048,66.0,39945.829872776,6064.0
1789945284.3,11.0,0.0,83.0,66.0,3.0,1134.0,,2425.0,1724.0,160.0,1790.0,1724.0,0.0,1.0,1303.0,1.0451221256660588,66.0,40079.753404846,6070.0
1789945290.0,16.0,0.0,76.0,68.0,3.0,1138.0,,2426.0,1729.0,160.0,1797.0,1729.0,0.0,1.0,1306.0,0.9785730250688409,72.0,40151.702258696,6082.0
1789945295.7,20.0,0.0,72.0,68.0,3.0,1142.0,,2427.0,1733.0,160.0,1801.0,1733.0,0.0,1.0,1310.0,0.9676961520580768,72.0,40205.660341516,6092.0
1789945302.6,11.0,0.0,84.0,66.0,3.0,1146.0,,2431.0,1737.0,161.0,1803.0,1737.0,0.0,1.0,1314.0,0.9741908951113972,66.0,40277.804812616,6110.0
1789945309.9,15.0,0.0,77.0,69.0,3.0,1152.0,,2435.0,1745.0,161.0,1814.0,1745.0,0.0,2.0,1321.0,0.9715539284053928,70.0,44044.963961012,6134.0
1789945316.1,14.0,1.0,79.0,67.0,3.0,1156.0,,2437.0,1750.0,161.0,1817.0,1750.0,0.0,2.0,1325.0,0.9774921324607517,66.0,44090.217917026,6148.0
1789945322.5,20.0,0.0,73.0,68.0,3.0,1162.0,,2437.0,1756.0,161.0,1824.0,1756.0,0.0,2.0,1331.0,0.995675535529092,66.0,44189.50965989,6160.0
1789945329.3,25.0,1.0,68.0,68.0,3.0,1167.0,,2440.0,1764.0,162.0,1832.0,1764.0,0.0,2.0,1337.0,0.9982168401101456,64.0,44285.126865958,6184.0
1789945335.0,27.0,0.0,67.0,68.0,3.0,1172.0,,2441.0,1771.0,162.0,1839.0,1771.0,0.0,2.0,1342.0,0.9709973894074313,66.0,44348.302076144,6200.0
1789945340.7,28.0,0.0,66.0,68.0,3.0,1175.0,,2442.0,1774.0,162.0,1842.0,1774.0,0.0,3.0,1345.0,0.9757027143010406,60.0,48911.183849306,6208.0
1789945346.5,23.0,0.0,70.0,69.0,3.0,1177.0,,2442.0,1777.0,162.0,1846.0,1777.0,0.0,3.0,1346.0,0.9922585201873905,68.0,48946.307597442,6214.0
1789945352.2,24.0,1.0,68.0,69.0,3.0,1181.0,,2444.0,1781.0,162.0,1850.0,1781.0,0.0,3.0,1350.0,0.9923568644279941,66.0,49040.97777777,6226.0
1789945358.0,14.0,0.0,78.0,70.0,3.0,1183.0,,2446.0,1784.0,162.0,1854.0,1784.0,0.0,3.0,1352.0,0.9938002896684905,70.0,49088.735975671996,6236.0
1789945363.8,20.0,0.0,72.0,70.0,3.0,1187.0,,2447.0,1790.0,162.0,1860.0,1790.0,0.0,3.0,1357.0,0.9981739262597004,72.0,49166.102789114,6250.0
1789945369.9,25.0,0.0,68.0,69.0,3.0,1191.0,,2448.0,1796.0,162.0,1865.0,1796.0,0.0,3.0,1360.0,0.9927354897543182,66.0,49254.860845028,6264.0
1789945375.5,27.0,1.0,66.0,68.0,3.0,1193.0,,2449.0,1799.0,162.0,1867.0,1799.0,0.0,3.0,1362.0,0.9948454207345421,68.0,49321.459481368,6272.0
1789945381.6,30.0,2.0,63.0,67.0,3.0,1195.0,,2452.0,1803.0,162.0,1870.0,1803.0,0.0,3.0,1364.0,0.9903493008618531,66.0,49355.787980889996,6286.0
1789945387.7,16.0,0.0,80.0,66.0,3.0,1200.0,,2456.0,1808.0,162.0,1874.0,1808.0,0.0,3.0,1368.0,1.0206549726424203,64.0,49478.65785353,6304.0
1789945394.0,10.0,0.0,83.0,69.0,3.0,1202.0,,2458.0,1813.0,162.0,1882.0,1813.0,0.0,3.0,1371.0,1.0052055394628616,68.0,50461.76098896,6318.0
1789945400.0,18.0,1.0,77.0,66.0,3.0,1207.0,,2458.0,1822.0,162.0,1888.0,1822.0,0.0,3.0,1375.0,0.9946460501376819,64.0,50515.717158768,6336.0
1789945406.4,25.0,0.0,71.0,66.0,3.0,1211.0,,2461.0,1828.0,162.0,1894.0,1828.0,0.0,3.0,1378.0,0.994056878732611,62.0,50561.405137541995,6354.0
1789945411.9,20.0,1.0,77.0,64.0,3.0,1216.0,,2464.0,1834.0,162.0,1898.0,1834.0,0.0,3.0,1383.0,0.9957077209169259,60.0,50629.375511006,6372.0
1789945417.5,7.0,1.0,88.0,66.0,3.0,1217.0,,2466.0,1837.0,162.0,1903.0,1837.0,0.0,3.0,1383.0,0.9962615777992347,60.0,50636.993003316,6382.0
1789945423.2,13.0,2.0,81.0,66.0,3.0,1219.0,,2469.0,1844.0,162.0,1910.0,1844.0,0.0,3.0,1386.0,1.047216410971641,64.0,51405.920729154,6402.0
1789945428.8,10.0,2.0,85.0,66.0,3.0,1222.0,,2472.0,1849.0,163.0,1915.0,1849.0,0.0,3.0,1389.0,1.0475919071630369,60.0,51828.488923066,6420.0
1789945434.5,14.0,0.0,82.0,67.0,3.0,1224.0,,2474.0,1853.0,163.0,1920.0,1853.0,0.0,3.0,1391.0,1.0177819797589671,60.0,51966.193088938,6432.0
1789945440.3,11.0,0.0,85.0,67.0,3.0,1226.0,,2474.0,1855.0,163.0,1922.0,1855.0,0.0,3.0,1392.0,0.997814969781497,64.0,51981.365188838,6436.0
1789945446.0,2.0,0.0,95.0,66.0,3.0,1229.0,,2476.0,1858.0,163.0,1924.0,1858.0,0.0,3.0,1394.0,0.9981502342381003,60.0,52029.91306519,6446.0
1789945451.7,8.0,0.0,87.0,68.0,3.0,1232.0,,2476.0,1864.0,163.0,1932.0,1864.0,0.0,3.0,1397.0,0.9995029145656761,60.0,52067.365408982,6458.0
1789945457.6,13.0,1.0,80.0,69.0,3.0,1236.0,,2476.0,1870.0,163.0,1939.0,1870.0,0.0,3.0,1401.0,0.9673300432714659,64.0,52407.052686842,6470.0
1789945463.5,20.0,0.0,73.0,71.0,4.0,1240.0,,2478.0,1876.0,164.0,1947.0,1876.0,0.0,3.0,1404.0,0.9937707863963094,66.0,52473.403765698,6488.0
1789945469.4,22.0,1.0,71.0,70.0,4.0,1243.0,,2479.0,1880.0,164.0,1950.0,1880.0,0.0,3.0,1406.0,1.0106113435611344,64.0,52501.357743608,6498.0
1789945475.1,23.0,0.0,72.0,69.0,4.0,1248.0,,2487.0,1887.0,164.0,1956.0,1887.0,0.0,3.0,1411.0,0.9859595715767264,64.0,53658.563762222,6528.0
1789945480.5,14.0,0.0,81.0,69.0,4.0,1248.0,,2489.0,1887.0,164.0,1956.0,1887.0,0.0,3.0,1411.0,0.9868603154168007,66.0,53658.564757562,6532.0
1789945486.4,18.0,1.0,73.0,72.0,4.0,1253.0,,2491.0,1894.0,164.0,1966.0,1894.0,0.0,3.0,1417.0,0.9709906841182991,64.0,53733.804040058,6550.0
1789945492.4,19.0,2.0,73.0,70.0,4.0,1261.0,,2492.0,1905.0,164.0,1975.0,1905.0,0.0,3.0,1427.0,0.9616001501984766,64.0,54530.211901001996,6574.0
1789945498.4,20.0,1.0,71.0,72.0,4.0,1264.0,,2494.0,1910.0,164.0,1982.0,1910.0,0.0,3.0,1430.0,0.974209669920967,62.0,55477.661882809996,6588.0
1789945504.0,26.0,0.0,66.0,72.0,4.0,1268.0,,2494.0,1916.0,164.0,1988.0,1916.0,0.0,3.0,1433.0,0.9730277509566212,70.0,55497.499493835996,6600.0
1789945509.7,29.0,1.0,62.0,72.0,4.0,1272.0,,2496.0,1920.0,164.0,1992.0,1920.0,0.0,3.0,1437.0,0.9741591567428387,72.0,48428.465453366,6148.0
1789945515.2,21.0,1.0,74.0,68.0,4.0,1278.0,,2500.0,1926.0,164.0,1994.0,1926.0,0.0,3.0,1443.0,0.9753071022422487,64.0,48521.341327942,6168.0
1789945520.8,7.0,0.0,87.0,70.0,4.0,1281.0,,2503.0,1929.0,164.0,1999.0,1929.0,0.0,3.0,1445.0,1.0160734720881164,62.0,48571.846975828,6180.0
1789945526.3,11.0,0.0,81.0,72.0,4.0,1284.0,,2505.0,1933.0,164.0,2005.0,1933.0,0.0,3.0,1448.0,0.9642348818081036,72.0,48656.630510766,6192.0
1789945531.9,17.0,2.0,74.0,71.0,4.0,1290.0,,2505.0,1941.0,164.0,2012.0,1941.0,0.0,3.0,1454.0,0.9851942745771197,68.0,48812.749063523996,6208.0
1789945537.4,16.0,0.0,77.0,71.0,4.0,1295.0,,2507.0,1946.0,164.0,2016.0,1946.0,0.0,4.0,1459.0,1.0214502199334836,66.0,52464.015918526,6222.0
1789945543.3,12.0,0.0,82.0,70.0,4.0,1301.0,,2508.0,1952.0,164.0,2022.0,1952.0,0.0,4.0,1464.0,0.9706290455244431,68.0,52539.535590624,6236.0
1789945548.7,15.0,0.0,78.0,71.0,4.0,1303.0,,2509.0,1955.0,164.0,2026.0,1955.0,0.0,4.0,1466.0,0.9706469262954619,68.0,52555.072909684,6244.0
1789945554.1,21.0,1.0,73.0,69.0,4.0,1308.0,,2511.0,1962.0,164.0,2031.0,1962.0,0.0,4.0,1470.0,0.9888124485927833,60.0,52720.740407448,6262.0
1789945559.5,20.0,0.0,74.0,70.0,4.0,1310.0,,2513.0,1964.0,164.0,2034.0,1964.0,0.0,4.0,1472.0,0.9889554947609341,62.0,53006.883402674,6270.0
1789945565.8,24.0,0.0,70.0,70.0,4.0,1311.0,,2516.0,1968.0,164.0,2038.0,1968.0,0.0,4.0,1473.0,0.9931056217144083,68.0,53011.91992588,6284.0
1789945571.7,29.0,0.0,63.0,72.0,4.0,1315.0,,2519.0,1973.0,164.0,2045.0,1973.0,0.0,4.0,1476.0,0.9807804062511175,66.0,53083.902932168,6300.0
1789945577.2,32.0,0.0,61.0,71.0,4.0,1316.0,,2521.0,1976.0,164.0,2047.0,1976.0,0.0,4.0,1477.0,0.9815953223903015,70.0,53093.003646678,6310.0
1789945582.8,34.0,1.0,58.0,71.0,4.0,1319.0,,2524.0,1980.0,164.0,2051.0,1980.0,0.0,5.0,1480.0,0.9825832349890927,70.0,56734.45698659,6324.0
1789945588.3,31.0,1.0,63.0,69.0,4.0,1321.0,,2528.0,1983.0,164.0,2052.0,1983.0,0.0,5.0,1481.0,1.0148763544684047,66.0,56775.971032704,6338.0
1789945593.7,23.0,0.0,72.0,70.0,4.0,1325.0,,2531.0,1988.0,165.0,2058.0,1988.0,0.0,5.0,1485.0,0.9952307513499982,64.0,56851.607717631996,6356.0
1789945599.1,8.0,0.0,85.0,72.0,4.0,1327.0,,2532.0,1993.0,165.0,2065.0,1993.0,0.0,5.0,1488.0,0.9913993491399349,66.0,56973.665637392,6368.0
1789945604.4,14.0,0.0,78.0,73.0,4.0,1331.0,,2533.0,1999.0,165.0,2072.0,1999.0,0.0,5.0,1491.0,0.992644297822122,68.0,57100.632665584,6382.0
1789945609.9,19.0,0.0,75.0,71.0,4.0,1335.0,,2535.0,2004.0,165.0,2075.0,2004.0,0.0,5.0,1495.0,0.9944194113650181,68.0,57128.42816794,6396.0
1789945615.4,14.0,0.0,79.0,72.0,4.0,1340.0,,2540.0,2010.0,165.0,2082.0,2010.0,0.0,5.0,1500.0,0.9998730465257661,68.0,58204.563005708,6418.0
1789945620.9,16.0,0.0,78.0,71.0,4.0,1343.0,,2541.0,2013.0,165.0,2084.0,2013.0,0.0,5.0,1503.0,0.9999803311518792,68.0,58335.98282778,6426.0
1789945626.4,21.0,0.0,72.0,72.0,4.0,1347.0,,2542.0,2018.0,165.0,2090.0,2018.0,0.0,5.0,1507.0,0.969536083395916,70.0,60725.173954408,6438.0
1789945631.9,27.0,1.0,66.0,71.0,4.0,1353.0,,2544.0,2026.0,165.0,2097.0,2026.0,0.0,5.0,1512.0,0.9628848835961806,60.0,61056.941305722,6458.0
1789945637.4,27.0,1.0,64.0,73.0,4.0,1355.0,,2545.0,2028.0,165.0,2101.0,2028.0,0.0,5.0,1513.0,0.9708033830418767,66.0,61080.077181725996,6464.0
1789945642.8,20.0,0.0,73.0,73.0,4.0,1359.0,,2548.0,2034.0,166.0,2106.0,2034.0,0.0,5.0,1518.0,0.9654767013553625,64.0,61141.912526962,6482.0
1789945648.4,25.0,0.0,69.0,72.0,4.0,1363.0,,2549.0,2039.0,166.0,2111.0,2039.0,0.0,5.0,1522.0,0.999992400672317,64.0,61199.029231016,6496.0
1789945653.8,12.0,0.0,82.0,72.0,4.0,1365.0,,2553.0,2041.0,166.0,2113.0,2041.0,0.0,5.0,1524.0,1.000549386689554,66.0,61247.60044479,6508.0
1789945659.3,14.0,0.0,79.0,73.0,4.0,1371.0,,2554.0,2047.0,166.0,2120.0,2047.0,0.0,5.0,1530.0,0.9956800057218467,66.0,61555.863655818,6522.0
1789945664.8,17.0,1.0,75.0,73.0,4.0,1375.0,,2556.0,2051.0,166.0,2124.0,2051.0,0.0,5.0,1534.0,0.9785466509315882,68.0,62412.667900554,6534.0
1789945670.4,12.0,0.0,80.0,74.0,4.0,1377.0,,2559.0,2055.0,166.0,2129.0,2055.0,0.0,5.0,1535.0,0.9839184815649251,72.0,62421.274385786,6548.0
1789945675.9,11.0,1.0,82.0,72.0,4.0,1382.0,,2561.0,2060.0,166.0,2132.0,2060.0,0.0,5.0,1540.0,0.9841187462003361,62.0,62537.581494956,6562.0
1789945681.4,16.0,0.0,79.0,72.0,4.0,1386.0,,2562.0,2064.0,167.0,2136.0,2064.0,0.0,5.0,1543.0,0.9716384150484569,62.0,63880.97127524,6574.0
1789945686.8,19.0,1.0,76.0,71.0,4.0,1390.0,,2564.0,2068.0,167.0,2139.0,2068.0,0.0,5.0,1546.0,1.0123068876729964,64.0,63954.502637542,6586.0
1789945692.2,14.0,1.0,81.0,71.0,4.0,1395.0,,2567.0,2073.0,167.0,2144.0,2073.0,0.0,6.0,1550.0,1.0686067303222115,62.0,67662.710196342,6602.0
1789945697.8,16.0,0.0,78.0,73.0,4.0,1397.0,,2568.0,2075.0,167.0,2148.0,2075.0,0.0,6.0,1552.0,1.030194363980975,64.0,67760.656047206,6608.0
1789945703.2,22.0,0.0,72.0,73.0,4.0,1402.0,,2569.0,2081.0,167.0,2154.0,2081.0,0.0,6.0,1557.0,0.9999441225905661,66.0,67817.505591992,6622.0
1789945708.7,20.0,0.0,73.0,74.0,4.0,1405.0,,2569.0,2084.0,167.0,2158.0,2084.0,0.0,6.0,1560.0,0.9999709437470944,70.0,67854.684840444,6628.0
1789945714.4,21.0,0.0,72.0,74.0,4.0,1406.0,,2571.0,2085.0,167.0,2159.0,2085.0,0.0,6.0,1560.0,1.0001139899152451,70.0,67864.427445636,6634.0
1789945719.8,27.0,1.0,66.0,73.0,4.0,1414.0,,2572.0,2093.0,167.0,2166.0,2093.0,0.0,6.0,1568.0,0.9604159961377534,68.0,68041.914647816,6652.0
1789945725.4,28.0,0.0,64.0,75.0,4.0,1417.0,,2575.0,2097.0,167.0,2172.0,2097.0,0.0,6.0,1571.0,0.9778193505703966,66.0,68157.460766108,6666.0
1789945731.0,31.0,1.0,62.0,73.0,4.0,1420.0,,2576.0,2101.0,167.0,2174.0,2101.0,0.0,6.0,1574.0,1.0015203125558774,66.0,68187.92850288,6676.0
1789945736.5,35.0,1.0,58.0,73.0,4.0,1423.0,,2580.0,2105.0,167.0,2178.0,2105.0,0.0,6.0,1578.0,0.9713402531917176,66.0,68234.11210986,6692.0
1789945741.9,24.0,0.0,72.0,71.0,4.0,1425.0,,2581.0,2109.0,167.0,2180.0,2109.0,0.0,6.0,1580.0,0.9968333154525623,64.0,68434.08034838599,6702.0
1789945747.3,28.0,0.0,66.0,73.0,4.0,1428.0,,2583.0,2113.0,167.0,2186.0,2113.0,0.0,6.0,1583.0,0.9823302220791761,66.0,68472.044250092,6714.0
1789945752.9,13.0,0.0,80.0,74.0,4.0,1431.0,,2585.0,2116.0,167.0,2190.0,2116.0,0.0,6.0,1585.0,0.9651910560383363,70.0,69620.1944449,6724.0
1789945758.4,19.0,0.0,75.0,73.0,4.0,1436.0,,2587.0,2122.0,167.0,2195.0,2122.0,0.0,6.0,1590.0,0.9604754497013911,66.0,69801.438962156,6740.0
1789945763.8,21.0,4.0,73.0,69.0,4.0,1441.0,,2587.0,2128.0,167.0,2197.0,2128.0,0.0,6.0,1596.0,1.0547071129707113,58.0,69873.527664656,6752.0
1789945769.3,23.0,1.0,71.0,72.0,4.0,1443.0,,2587.0,2131.0,167.0,2203.0,2131.0,0.0,6.0,1599.0,0.9613149519007259,66.0,71007.362572046,6758.0
1789945774.8,28.0,2.0,66.0,71.0,4.0,1447.0,,2589.0,2139.0,167.0,2210.0,2139.0,0.0,6.0,1604.0,0.975177466652362,64.0,71168.79050919799,6778.0
1789945780.2,32.0,0.0,62.0,73.0,4.0,1450.0,,2589.0,2143.0,167.0,2216.0,2143.0,0.0,6.0,1608.0,0.9778287379751814,66.0,71372.484841062,6786.0
1789945785.6,26.0,1.0,68.0,72.0,4.0,1452.0,,2590.0,2145.0,167.0,2217.0,2145.0,0.0,6.0,1610.0,0.9775632085255517,68.0,71397.176747746,6792.0
1789945791.2,30.0,1.0,64.0,72.0,4.0,1458.0,,2593.0,2151.0,167.0,2223.0,2151.0,0.0,6.0,1615.0,0.9838125379966384,64.0,72827.59032860599,6810.0
1789945796.6,33.0,0.0,62.0,72.0,4.0,1460.0,,2596.0,2154.0,167.0,2226.0,2154.0,0.0,6.0,1617.0,0.9839555841647892,66.0,72849.038225286,6822.0
1789945802.2,31.0,1.0,63.0,72.0,5.0,1465.0,,2598.0,2160.0,167.0,2232.0,2160.0,0.0,6.0,1622.0,0.984346279011551,64.0,74240.789319146,6838.0
1789945807.6,34.0,0.0,61.0,72.0,5.0,1467.0,,2601.0,2163.0,167.0,2235.0,2163.0,0.0,6.0,1624.0,0.98549333047241,66.0,74281.714534996,6850.0
1789945813.1,36.0,2.0,58.0,71.0,5.0,1470.0,,2605.0,2167.0,167.0,2238.0,2167.0,0.0,6.0,1625.0,0.9856658799127418,62.0,58935.195384007995,6118.0
1789945818.6,6.0,1.0,87.0,73.0,5.0,1474.0,,2608.0,2173.0,167.0,2246.0,2173.0,0.0,7.0,1629.0,0.9795537853592247,66.0,62618.534131577995,6136.0
1789945824.1,1.0,0.0,93.0,73.0,5.0,1475.0,,2609.0,2174.0,167.0,2247.0,2174.0,0.0,7.0,1630.0,0.9815841469084147,68.0,62627.455823635995,6140.0
1789945829.3,1.0,0.0,91.0,75.0,5.0,1475.0,,2609.0,2174.0,167.0,2249.0,2174.0,0.0,7.0,1630.0,0.9819149411722633,70.0,62627.455823635995,6140.0
1789945835.1,9.0,0.0,83.0,75.0,5.0,1480.0,,2609.0,2182.0,167.0,2257.0,2182.0,0.0,7.0,1635.0,0.9951815792296964,70.0,62704.306097738,6156.0
1789945840.8,13.0,1.0,79.0,74.0,5.0,1483.0,,2610.0,2187.0,167.0,2261.0,2187.0,0.0,7.0,1636.0,0.9953849730000358,68.0,62783.406308239995,6168.0
1789945846.2,18.0,0.0,75.0,74.0,5.0,1487.0,,2612.0,2192.0,167.0,2266.0,2192.0,0.0,7.0,1640.0,0.9845930336516111,64.0,62967.638853318,6182.0
1789945851.5,24.0,0.0,70.0,74.0,5.0,1489.0,,2612.0,2198.0,168.0,2272.0,2198.0,0.0,7.0,1642.0,0.9681065157529593,66.0,63137.085962512,6196.0
1789945857.0,27.0,1.0,65.0,75.0,5.0,1492.0,,2615.0,2202.0,168.0,2277.0,2202.0,0.0,7.0,1646.0,0.9600248542717162,68.0,63663.754856071995,6210.0
1789945863.2,18.0,4.0,72.0,74.0,5.0,1493.0,,2618.0,2204.0,168.0,2278.0,2204.0,0.0,7.0,1647.0,1.0026360726674535,68.0,63674.818573212,6220.0
1789945868.6,25.0,0.0,69.0,74.0,5.0,1498.0,,2623.0,2209.0,168.0,2283.0,2209.0,0.0,7.0,1652.0,0.9793427922612024,66.0,63843.587230323996,6240.0
1789945874.1,11.0,2.0,81.0,74.0,5.0,1501.0,,2624.0,2215.0,168.0,2289.0,2215.0,0.0,7.0,1655.0,0.9864731967242427,66.0,63906.727785194,6254.0
1789945879.5,16.0,0.0,75.0,77.0,5.0,1505.0,,2626.0,2220.0,168.0,2297.0,2220.0,0.0,7.0,1660.0,0.967946929871616,70.0,63952.736183206,6268.0
1789945885.1,20.0,0.0,72.0,76.0,5.0,1508.0,,2629.0,2224.0,168.0,2300.0,2224.0,0.0,7.0,1663.0,0.9805707542109215,66.0,63983.91156168,6282.0
1789945890.5,21.0,2.0,68.0,77.0,5.0,1511.0,,2631.0,2228.0,168.0,2305.0,2228.0,0.0,7.0,1666.0,0.9609412437864321,68.0,64020.04590125,6294.0
1789945895.9,19.0,0.0,73.0,76.0,5.0,1515.0,,2635.0,2233.0,168.0,2309.0,2233.0,0.0,7.0,1670.0,1.0124173014340379,66.0,64114.093460582,6312.0
1789945901.2,24.0,0.0,68.0,76.0,5.0,1519.0,,2635.0,2238.0,168.0,2314.0,2238.0,0.0,7.0,1674.0,0.9692490970210635,72.0,64158.410530384,6322.0
1789945906.8,26.0,0.0,66.0,76.0,5.0,1521.0,,2639.0,2240.0,168.0,2316.0,2240.0,0.0,7.0,1676.0,0.9890878124664736,72.0,64181.405175856,6334.0
1789945912.3,21.0,0.0,71.0,76.0,5.0,1526.0,,2640.0,2247.0,168.0,2323.0,2247.0,0.0,7.0,1681.0,0.9673649107749526,70.0,64363.383502676,6350.0
1789945918.2,29.0,0.0,64.0,76.0,5.0,1532.0,,2642.0,2255.0,169.0,2331.0,2255.0,0.0,7.0,1689.0,0.9556932374924006,64.0,65080.084686258,6372.0
1789945923.6,20.0,0.0,73.0,76.0,5.0,1532.0,,2643.0,2255.0,169.0,2331.0,2255.0,0.0,7.0,1689.0,0.9561134356113435,70.0,65080.085577736,6374.0
1789945929.2,25.0,0.0,67.0,77.0,5.0,1535.0,,2645.0,2260.0,169.0,2337.0,2260.0,0.0,7.0,1692.0,0.9670269642026964,70.0,65139.664916133996,6388.0
1789945934.6,27.0,2.0,63.0,77.0,5.0,1539.0,,2645.0,2264.0,169.0,2341.0,2264.0,0.0,7.0,1696.0,0.9803995458284162,66.0,65252.855358331995,6396.0
1789945940.0,32.0,3.0,58.0,76.0,5.0,1544.0,,2646.0,2272.0,169.0,2348.0,2272.0,0.0,7.0,1701.0,0.9900167185209027,64.0,65555.507426986,6414.0
1789945945.3,16.0,1.0,79.0,73.0,5.0,1549.0,,2650.0,2278.0,169.0,2351.0,2278.0,0.0,7.0,1705.0,1.047719307656546,64.0,65889.923402362,6434.0
1789945950.9,18.0,0.0,76.0,75.0,5.0,1550.0,,2655.0,2279.0,169.0,2354.0,2279.0,0.0,7.0,1706.0,0.9905437542466832,68.0,65902.628267516,6446.0
1789945956.5,13.0,0.0,80.0,76.0,5.0,1554.0,,2659.0,2284.0,169.0,2360.0,2284.0,0.0,7.0,1708.0,0.990731502342381,66.0,65986.424532904,6464.0
1789945962.0,19.0,1.0,74.0,75.0,5.0,1560.0,,2661.0,2291.0,169.0,2366.0,2291.0,0.0,7.0,1714.0,0.9914123126989236,62.0,66326.535723752,6482.0
1789945967.4,9.0,1.0,82.0,77.0,5.0,1563.0,,2661.0,2295.0,169.0,2372.0,2295.0,0.0,7.0,1715.0,1.0076985659621642,70.0,66630.99833852799,6490.0
1789945972.9,11.0,0.0,80.0,78.0,5.0,1565.0,,2662.0,2297.0,169.0,2375.0,2297.0,0.0,7.0,1717.0,0.9824263312234024,72.0,66639.452317212,6496.0
1789945978.4,18.0,1.0,74.0,76.0,5.0,1572.0,,2663.0,2307.0,169.0,2383.0,2307.0,0.0,7.0,1724.0,0.9785086542931731,68.0,66727.408436132,6518.0
1789945983.9,23.0,2.0,70.0,75.0,5.0,1577.0,,2664.0,2313.0,170.0,2388.0,2313.0,0.0,7.0,1729.0,0.9792328255194364,68.0,66870.638457026,6534.0
1789945989.3,23.0,0.0,70.0,77.0,5.0,1581.0,,2665.0,2317.0,170.0,2394.0,2317.0,0.0,7.0,1732.0,0.9887842863784286,68.0,67066.796426142,6544.0
1789945994.7,27.0,1.0,66.0,76.0,5.0,1584.0,,2665.0,2322.0,170.0,2398.0,2322.0,0.0,7.0,1737.0,1.0230331151879268,68.0,67106.006567846,6554.0
1789946000.3,20.0,1.0,72.0,77.0,5.0,1586.0,,2666.0,2324.0,170.0,2401.0,2324.0,0.0,7.0,1739.0,0.9985668562028395,70.0,67157.396114328,6560.0
1789946005.9,12.0,0.0,82.0,76.0,5.0,1591.0,,2669.0,2331.0,170.0,2407.0,2331.0,0.0,7.0,1744.0,0.9979526517183421,68.0,67274.319135602,6580.0
1789946011.5,6.0,0.0,87.0,78.0,5.0,1596.0,,2672.0,2337.0,171.0,2415.0,2337.0,0.0,7.0,1750.0,1.03639943854379,68.0,68103.156285276,6600.0
1789946017.0,9.0,0.0,83.0,79.0,5.0,1599.0,,2673.0,2340.0,171.0,2419.0,2340.0,0.0,7.0,1753.0,0.9828018274147982,66.0,68166.465751374,6608.0
1789946022.7,10.0,0.0,83.0,78.0,5.0,1603.0,,2675.0,2345.0,171.0,2423.0,2345.0,0.0,7.0,1757.0,0.983114740907628,66.0,68572.974220032,6622.0
1789946028.3,12.0,1.0,80.0,78.0,5.0,1606.0,,2676.0,2350.0,171.0,2428.0,2350.0,0.0,7.0,1760.0,0.9994157458069592,68.0,68615.491106412,6634.0
1789946034.0,17.0,1.0,74.0,79.0,5.0,1609.0,,2676.0,2356.0,171.0,2435.0,2356.0,0.0,7.0,1764.0,0.9916796302256553,72.0,68653.961291414,6646.0
1789946039.8,21.0,0.0,71.0,79.0,5.0,1612.0,,2678.0,2360.0,171.0,2439.0,2360.0,0.0,7.0,1766.0,0.9941145442191467,72.0,68707.575385618,6658.0
1789946045.4,25.0,0.0,67.0,79.0,5.0,1615.0,,2679.0,2364.0,171.0,2443.0,2364.0,0.0,7.0,1769.0,0.9747380467045739,74.0,68762.070284532,6668.0
1789946051.2,5.0,0.0,90.0,76.0,5.0,1620.0,,2685.0,2370.0,171.0,2446.0,2370.0,0.0,7.0,1773.0,1.0047406394163716,66.0,68871.16783515,6692.0
1789946056.8,8.0,0.0,84.0,79.0,6.0,1622.0,,2687.0,2373.0,171.0,2452.0,2373.0,0.0,7.0,1774.0,1.0047889174981226,72.0,69031.093718458,6702.0
1789946062.5,13.0,0.0,79.0,79.0,6.0,1627.0,,2687.0,2378.0,171.0,2457.0,2378.0,0.0,7.0,1777.0,1.0056114329649894,70.0,69105.74072108,6712.0
1789946068.4,21.0,1.0,71.0,78.0,6.0,1636.0,,2687.0,2387.0,171.0,2465.0,2387.0,0.0,7.0,1786.0,0.9871727818903551,64.0,70664.97082793599,6730.0
1789946074.3,25.0,0.0,67.0,79.0,6.0,1639.0,,2688.0,2391.0,171.0,2470.0,2391.0,0.0,7.0,1788.0,0.9805528734399027,70.0,73760.15822636,6740.0
1789946080.2,25.0,0.0,67.0,79.0,6.0,1639.0,,2689.0,2391.0,171.0,2470.0,2391.0,0.0,7.0,1788.0,0.9807638665379251,72.0,73760.15897956,6742.0
1789946086.0,29.0,1.0,63.0,78.0,6.0,1642.0,,2691.0,2396.0,171.0,2474.0,2396.0,0.0,7.0,1791.0,0.9815738654650789,69.0,73858.655134455,6757.0
1789946091.5,25.0,0.0,68.0,79.0,6.0,1646.0,,2694.0,2400.0,172.0,2479.0,2400.0,0.0,7.0,1795.0,0.9816543289346636,68.0,73930.28290260599,6772.0
1789946097.3,28.0,0.0,65.0,79.0,6.0,1649.0,,2696.0,2403.0,172.0,2482.0,2403.0,0.0,7.0,1798.0,0.997590119085935,70.0,74020.381973076,6782.0
1789946102.9,34.0,0.0,59.0,79.0,6.0,1653.0,,2698.0,2409.0,172.0,2488.0,2409.0,0.0,7.0,1801.0,1.0092363122697852,70.0,74056.564533078,6798.0
1789946108.5,33.0,4.0,58.0,77.0,6.0,1656.0,,2698.0,2413.0,172.0,2490.0,2413.0,0.0,7.0,1804.0,0.9897900797482387,64.0,74083.926559858,6806.0
1789946114.2,36.0,1.0,57.0,78.0,6.0,1657.0,,2702.0,2416.0,172.0,2494.0,2416.0,0.0,7.0,1805.0,0.9903475127847513,68.0,61228.705500296,6054.0
1789946119.9,16.0,3.0,75.0,78.0,6.0,1660.0,,2707.0,2420.0,172.0,2498.0,2420.0,0.0,7.0,1807.0,1.0193724743410937,66.0,61308.375980068,6072.0
1789946125.6,5.0,1.0,88.0,78.0,6.0,1665.0,,2709.0,2427.0,172.0,2505.0,2427.0,0.0,7.0,1811.0,1.035091907163037,66.0,61350.846594266,6090.0
1789946131.2,10.0,0.0,83.0,79.0,6.0,1668.0,,2709.0,2432.0,172.0,2511.0,2432.0,0.0,7.0,1814.0,1.0351813110181312,66.0,61561.873959173994,6100.0
1789946136.8,7.0,0.0,86.0,79.0,6.0,1669.0,,2709.0,2434.0,172.0,2513.0,2434.0,0.0,8.0,1815.0,0.9931427243142724,70.0,65161.874916526,6104.0
1789946142.6,11.0,0.0,81.0,80.0,6.0,1671.0,,2710.0,2439.0,172.0,2519.0,2439.0,0.0,9.0,1817.0,1.01154650788542,70.0,68777.714256632,6116.0
1789946148.2,14.0,2.0,77.0,79.0,6.0,1675.0,,2712.0,2444.0,172.0,2523.0,2444.0,0.0,9.0,1821.0,0.983719110968065,70.0,69209.848332544,6130.0
1789946153.6,12.0,0.0,79.0,81.0,6.0,1679.0,,2712.0,2448.0,172.0,2529.0,2448.0,0.0,9.0,1824.0,0.9837727532811215,70.0,69281.963521004,6138.0
1789946159.1,15.0,0.0,75.0,82.0,6.0,1682.0,,2712.0,2451.0,172.0,2533.0,2451.0,0.0,9.0,1826.0,0.9843717591102529,74.0,69303.720435808,6144.0
1789946164.6,16.0,0.0,74.0,82.0,6.0,1683.0,,2713.0,2452.0,172.0,2534.0,2452.0,0.0,9.0,1827.0,0.9766892858420055,76.0,69377.332255326,6148.0
1789946170.3,19.0,2.0,69.0,82.0,6.0,1687.0,,2713.0,2457.0,172.0,2539.0,2457.0,0.0,9.0,1830.0,0.9784858563101241,74.0,69486.325597292,6158.0
1789946175.9,17.0,0.0,75.0,80.0,6.0,1692.0,,2717.0,2464.0,172.0,2544.0,2464.0,0.0,9.0,1835.0,0.989490576833673,68.0,69593.849650378,6180.0
1789946181.6,19.0,1.0,71.0,81.0,6.0,1694.0,,2719.0,2467.0,172.0,2548.0,2467.0,0.0,9.0,1837.0,0.9900833243929478,74.0,69657.190296254,6190.0
1789946187.2,22.0,0.0,69.0,81.0,6.0,1698.0,,2720.0,2471.0,172.0,2552.0,2471.0,0.0,9.0,1841.0,0.9805631548832385,70.0,69939.502246466,6200.0
1789946192.8,27.0,0.0,63.0,82.0,6.0,1700.0,,2722.0,2476.0,172.0,2558.0,2476.0,0.0,9.0,1842.0,0.9632536744984443,70.0,69974.708082964,6214.0
1789946198.5,28.0,0.0,62.0,82.0,6.0,1701.0,,2726.0,2477.0,172.0,2559.0,2477.0,0.0,9.0,1843.0,0.9635308264492365,74.0,70000.038572554,6224.0
1789946204.4,30.0,2.0,60.0,80.0,6.0,1704.0,,2728.0,2481.0,172.0,2561.0,2481.0,0.0,9.0,1846.0,0.980897525301291,72.0,70059.229620152,6236.0
1789946210.2,30.0,1.0,62.0,79.0,6.0,1710.0,,2732.0,2487.0,172.0,2566.0,2487.0,0.0,9.0,1852.0,0.9960505847012123,68.0,70660.90824823,6256.0
1789946215.7,31.0,1.0,60.0,80.0,6.0,1711.0,,2732.0,2488.0,172.0,2568.0,2488.0,0.0,9.0,1853.0,0.996256213567929,72.0,70674.528067974,6258.0
1789946221.4,26.0,1.0,65.0,80.0,6.0,1712.0,,2737.0,2490.0,172.0,2570.0,2490.0,0.0,9.0,1853.0,0.9959182669956729,72.0,70680.31201169999,6272.0
1789946228.2,32.0,1.0,59.0,80.0,6.0,1717.0,,2742.0,2496.0,172.0,2576.0,2496.0,0.0,9.0,1858.0,1.0536923792153918,70.0,70975.888898514,6294.0
1789946234.0,20.0,0.0,72.0,80.0,6.0,1718.0,,2747.0,2497.0,172.0,2577.0,2497.0,0.0,9.0,1859.0,1.0558675750098345,72.0,71019.098673696,6306.0
1789946239.6,6.0,1.0,85.0,80.0,6.0,1722.0,,2747.0,2501.0,172.0,2581.0,2501.0,0.0,9.0,1862.0,1.001573954868934,70.0,71078.341740852,6314.0
1789946245.3,7.0,0.0,82.0,83.0,6.0,1723.0,,2747.0,2502.0,172.0,2585.0,2502.0,0.0,9.0,1862.0,0.9676434037835712,76.0,71083.57074657,6316.0
1789946251.0,8.0,0.0,82.0,82.0,6.0,1730.0,,2750.0,2511.0,172.0,2593.0,2511.0,0.0,9.0,1868.0,0.9803262346672389,72.0,71365.011930954,6340.0
1789946257.1,11.0,0.0,79.0,82.0,6.0,1732.0,,2750.0,2514.0,172.0,2596.0,2514.0,0.0,9.0,1870.0,0.9809967635804456,74.0,72043.077515828,6346.0
1789946263.0,16.0,0.0,73.0,83.0,6.0,1735.0,,2750.0,2519.0,172.0,2601.0,2519.0,0.0,9.0,1873.0,0.9655526946321925,76.0,72115.88389365,6354.0
1789946269.0,21.0,0.0,70.0,81.0,6.0,1739.0,,2752.0,2524.0,172.0,2605.0,2524.0,0.0,9.0,1877.0,1.0039346636626971,74.0,72428.387279154,6370.0
1789946274.9,23.0,2.0,66.0,81.0,6.0,1745.0,,2753.0,2532.0,172.0,2613.0,2532.0,0.0,9.0,1885.0,0.9696970103350856,70.0,72594.658337222,6388.0
1789946280.4,28.0,0.0,62.0,82.0,6.0,1748.0,,2755.0,2536.0,172.0,2618.0,2536.0,0.0,9.0,1888.0,0.9698132353467082,74.0,72711.28455567399,6400.0
1789946286.4,30.0,0.0,60.0,82.0,6.0,1750.0,,2755.0,2538.0,172.0,2620.0,2538.0,0.0,9.0,1889.0,0.969893698816293,76.0,72728.576011178,6404.0
1789946292.3,21.0,2.0,68.0,81.0,6.0,1755.0,,2757.0,2545.0,172.0,2626.0,2545.0,0.0,9.0,1895.0,1.0138951471587454,72.0,72998.525111758,6422.0
1789946298.0,20.0,1.0,70.0,81.0,6.0,1758.0,,2757.0,2549.0,172.0,2630.0,2549.0,0.0,9.0,1898.0,1.014395808747273,72.0,73071.209156848,6430.0
1789946303.9,26.0,0.0,64.0,82.0,6.0,1762.0,,2759.0,2554.0,172.0,2636.0,2554.0,0.0,9.0,1902.0,0.9845282158566677,74.0,73151.481958384,6444.0
1789946309.6,31.0,1.0,60.0,80.0,6.0,1767.0,,2764.0,2560.0,172.0,2640.0,2560.0,0.0,9.0,1907.0,0.9803418803418803,70.0,73238.000403428,6466.0
1789946315.1,14.0,0.0,77.0,81.0,6.0,1772.0,,2764.0,2565.0,172.0,2646.0,2565.0,0.0,9.0,1910.0,0.9649259736079819,68.0,73284.049409036,6476.0
1789946321.0,15.0,1.0,75.0,81.0,6.0,1773.0,,2765.0,2567.0,172.0,2648.0,2567.0,0.0,9.0,1910.0,0.9752404963702035,72.0,73293.93826754,6482.0
1789946326.7,12.0,0.0,78.0,82.0,6.0,1777.0,,2768.0,2573.0,172.0,2655.0,2573.0,0.0,9.0,1914.0,0.9667042162858063,72.0,73440.088524578,6500.0
1789946332.4,19.0,0.0,72.0,81.0,6.0,1781.0,,2771.0,2580.0,172.0,2661.0,2580.0,0.0,9.0,1917.0,1.007222937453063,72.0,73586.91073798,6520.0
1789946338.0,13.0,0.0,78.0,81.0,6.0,1783.0,,2773.0,2584.0,172.0,2665.0,2584.0,0.0,9.0,1918.0,1.0072944605371383,74.0,73721.618342858,6532.0
1789946343.7,17.0,1.0,72.0,82.0,6.0,1786.0,,2774.0,2589.0,172.0,2671.0,2589.0,0.0,9.0,1922.0,0.9595760469191431,74.0,75686.286672772,6544.0
1789946349.5,21.0,0.0,68.0,83.0,6.0,1790.0,,2774.0,2593.0,172.0,2676.0,2593.0,0.0,9.0,1925.0,0.9607521546329078,80.0,75728.617110604,6552.0
1789946355.4,29.0,0.0,59.0,84.0,6.0,1794.0,,2775.0,2601.0,172.0,2685.0,2601.0,0.0,9.0,1931.0,0.9762252798340665,78.0,76373.32248003,6570.0
1789946361.1,15.0,0.0,76.0,81.0,6.0,1797.0,,2780.0,2606.0,172.0,2687.0,2606.0,0.0,9.0,1935.0,0.9990903157744162,74.0,76474.73300109399,6590.0
1789946366.7,21.0,0.0,69.0,82.0,7.0,1800.0,,2782.0,2612.0,172.0,2694.0,2612.0,0.0,9.0,1938.0,0.9816436004720523,72.0,76914.142783662,6606.0
1789946372.4,24.0,1.0,66.0,81.0,7.0,1803.0,,2783.0,2616.0,172.0,2697.0,2616.0,0.0,9.0,1940.0,1.0248837749883775,74.0,76949.106377908,6616.0
1789946378.0,15.0,1.0,76.0,80.0,7.0,1810.0,,2785.0,2627.0,172.0,2707.0,2627.0,0.0,9.0,1949.0,1.0211909487537103,68.0,78508.47568802,6642.0
1789946383.6,20.0,0.0,70.0,82.0,7.0,1813.0,,2786.0,2632.0,172.0,2714.0,2632.0,0.0,9.0,1953.0,1.0212803526088046,68.0,82735.78567712799,6654.0
1789946389.1,23.0,2.0,65.0,82.0,7.0,1817.0,,2786.0,2637.0,172.0,2719.0,2637.0,0.0,9.0,1957.0,0.9981032972141759,74.0,82773.821063616,6664.0
1789946394.9,26.0,1.0,63.0,82.0,7.0,1818.0,,2791.0,2640.0,172.0,2722.0,2640.0,0.0,9.0,1958.0,0.9834057504559597,76.0,82784.12044928,6680.0
1789946400.6,21.0,0.0,69.0,82.0,7.0,1822.0,,2794.0,2647.0,172.0,2729.0,2647.0,0.0,9.0,1962.0,0.9677605228337446,74.0,82985.094890028,6700.0
1789946406.1,23.0,0.0,67.0,82.0,7.0,1824.0,,2796.0,2649.0,172.0,2731.0,2649.0,0.0,9.0,1964.0,0.98725324535994,76.0,83077.443998748,6708.0
1789946411.9,25.0,1.0,63.0,83.0,7.0,1826.0,,2796.0,2652.0,172.0,2735.0,2652.0,0.0,9.0,1965.0,0.9659827271751958,78.0,66521.83702699,5930.0
1789946417.5,20.0,1.0,70.0,81.0,7.0,1830.0,,2802.0,2658.0,172.0,2739.0,2658.0,0.0,9.0,1969.0,1.0222445731859957,74.0,66664.102143212,5954.0
1789946423.0,20.0,1.0,68.0,83.0,7.0,1831.0,,2805.0,2659.0,172.0,2742.0,2659.0,0.0,9.0,1969.0,0.9954864463755677,74.0,66675.14891039,5962.0
1789946428.6,14.0,0.0,75.0,83.0,7.0,1836.0,,2808.0,2665.0,172.0,2748.0,2665.0,0.0,9.0,1974.0,0.9775198476558309,74.0,66774.61817725199,5980.0
1789946434.0,15.0,0.0,75.0,82.0,7.0,1839.0,,2811.0,2668.0,172.0,2750.0,2668.0,0.0,9.0,1975.0,1.0240339913457068,74.0,66804.309078842,5992.0
1789946439.7,6.0,0.0,82.0,84.0,7.0,1840.0,,2812.0,2669.0,172.0,2753.0,2669.0,0.0,9.0,1975.0,0.9809042305904231,78.0,66813.188787322,5996.0
1789946445.4,16.0,0.0,72.0,84.0,7.0,1846.0,,2813.0,2679.0,172.0,2763.0,2679.0,0.0,9.0,1981.0,0.9912589850874369,74.0,66908.613686712,6018.0
1789946451.0,21.0,0.0,67.0,84.0,7.0,1848.0,,2813.0,2684.0,172.0,2768.0,2684.0,0.0,9.0,1984.0,0.9992463255015557,78.0,66922.111890682,6028.0
1789946456.5,25.0,1.0,60.0,86.0,7.0,1851.0,,2813.0,2690.0,172.0,2776.0,2690.0,0.0,9.0,1988.0,0.9756414726603011,80.0,67122.274792994,6040.0
1789946462.1,7.0,0.0,80.0,85.0,7.0,1856.0,,2816.0,2695.0,172.0,2780.0,2695.0,0.0,9.0,1993.0,0.9886618030969495,82.0,67181.500379162,6056.0
1789946467.8,4.0,0.0,85.0,83.0,7.0,1862.0,,2818.0,2701.0,172.0,2784.0,2701.0,0.0,9.0,1998.0,0.9711583163466009,74.0,67552.482952834,6072.0
1789946473.6,2.0,1.0,86.0,83.0,7.0,1863.0,,2818.0,2702.0,172.0,2785.0,2702.0,0.0,10.0,1999.0,0.9712968923219969,76.0,71152.484423482,6074.0
1789946479.4,6.0,0.0,82.0,84.0,7.0,1866.0,,2820.0,2706.0,172.0,2790.0,2706.0,0.0,10.0,2002.0,0.9722883810749919,78.0,71385.829571116,6086.0
1789946485.4,3.0,1.0,83.0,85.0,7.0,1868.0,,2822.0,2708.0,172.0,2793.0,2708.0,0.0,10.0,2004.0,0.9853082644923649,82.0,71596.87012059,6094.0
1789946490.9,6.0,1.0,79.0,86.0,7.0,1871.0,,2822.0,2712.0,172.0,2798.0,2712.0,0.0,10.0,2007.0,0.9594531166183886,80.0,71643.11677900799,6102.0
1789946496.3,13.0,0.0,74.0,85.0,7.0,1876.0,,2822.0,2719.0,172.0,2804.0,2719.0,0.0,10.0,2013.0,0.9882733433465651,80.0,71786.44008517,6116.0
1789946501.9,15.0,0.0,72.0,85.0,7.0,1878.0,,2823.0,2721.0,172.0,2806.0,2721.0,0.0,10.0,2015.0,0.9883180452741123,82.0,71827.918071698,6122.0
1789946507.5,19.0,1.0,67.0,85.0,7.0,1883.0,,2824.0,2726.0,172.0,2811.0,2726.0,0.0,10.0,2020.0,0.9763236240746701,80.0,71975.158926076,6134.0
1789946513.0,16.0,0.0,71.0,85.0,7.0,1886.0,,2825.0,2729.0,172.0,2814.0,2729.0,0.0,10.0,2023.0,0.9771367521367521,80.0,72136.23210204,6142.0
1789946518.5,20.0,0.0,67.0,85.0,7.0,1890.0,,2825.0,2733.0,172.0,2818.0,2733.0,0.0,10.0,2027.0,0.987166970639774,80.0,72277.810188508,6150.0
1789946524.1,24.0,1.0,62.0,85.0,7.0,1894.0,,2825.0,2738.0,172.0,2823.0,2738.0,0.0,10.0,2031.0,0.9825805528734399,82.0,73282.2753656,6160.0
1789946529.8,33.0,0.0,58.0,81.0,7.0,1901.0,,2829.0,2746.0,172.0,2827.0,2746.0,0.0,10.0,2038.0,1.0347293745306299,74.0,73509.358463308,6184.0
1789946535.4,24.0,0.0,66.0,82.0,7.0,1901.0,,2829.0,2747.0,172.0,2829.0,2747.0,0.0,10.0,2038.0,0.9902518506598005,76.0,73509.795734966,6186.0
1789946540.8,19.0,0.0,72.0,81.0,7.0,1903.0,,2830.0,2749.0,172.0,2830.0,2749.0,0.0,10.0,2039.0,0.9769302292314844,72.0,73550.17239171799,6192.0
1789946546.3,20.0,0.0,71.0,81.0,7.0,1905.0,,2832.0,2751.0,172.0,2832.0,2751.0,0.0,10.0,2041.0,0.977108142903122,72.0,73635.696852896,6200.0
1789946552.1,21.0,1.0,68.0,82.0,7.0,1907.0,,2835.0,2754.0,172.0,2836.0,2754.0,0.0,11.0,2044.0,0.9730679826914137,76.0,77244.86623225,6212.0
1789946557.6,24.0,0.0,66.0,82.0,7.0,1909.0,,2836.0,2759.0,172.0,2841.0,2759.0,0.0,11.0,2045.0,0.9893993849014769,74.0,77267.66221046,6224.0
1789946563.1,29.0,1.0,61.0,81.0,7.0,1912.0,,2838.0,2765.0,172.0,2846.0,2765.0,0.0,11.0,2048.0,0.9904919000107285,74.0,77922.457857918,6240.0
1789946568.7,21.0,0.0,68.0,83.0,7.0,1915.0,,2838.0,2771.0,172.0,2854.0,2771.0,0.0,11.0,2052.0,0.9986643064048922,72.0,78030.1620082,6252.0
1789946574.2,25.0,0.0,64.0,84.0,7.0,1918.0,,2838.0,2774.0,173.0,2858.0,2774.0,0.0,11.0,2054.0,0.9546570468118585,76.0,78051.081062158,6260.0
1789946579.7,29.0,1.0,60.0,83.0,7.0,1923.0,,2840.0,2779.0,173.0,2862.0,2779.0,0.0,11.0,2058.0,1.0332282838035975,76.0,79361.89734184,6274.0
1789946585.3,10.0,1.0,79.0,83.0,7.0,1926.0,,2843.0,2782.0,173.0,2865.0,2782.0,0.0,11.0,2060.0,1.0332667274612881,74.0,79526.04286499,6286.0
1789946590.8,14.0,0.0,75.0,84.0,7.0,1929.0,,2844.0,2785.0,173.0,2869.0,2785.0,0.0,11.0,2063.0,1.0333293101598542,74.0,79561.267879674,6294.0
1789946597.5,21.0,0.0,69.0,83.0,7.0,1932.0,,2844.0,2792.0,173.0,2875.0,2792.0,0.0,11.0,2067.0,1.0335528197975896,76.0,79587.595330338,6308.0
1789946603.1,26.0,0.0,63.0,84.0,7.0,1937.0,,2844.0,2797.0,173.0,2881.0,2797.0,0.0,11.0,2072.0,1.0071804706218932,76.0,79723.077404836,6318.0
1789946608.6,29.0,1.0,62.0,82.0,7.0,1939.0,,2846.0,2800.0,174.0,2882.0,2800.0,0.0,11.0,2074.0,0.9800888674319637,74.0,79742.251724354,6330.0
1789946614.2,30.0,2.0,59.0,84.0,7.0,1941.0,,2848.0,2803.0,175.0,2887.0,2803.0,0.0,11.0,2076.0,0.9921463183492473,74.0,79982.964549046,6342.0
1789946620.0,33.0,4.0,55.0,83.0,7.0,1946.0,,2851.0,2808.0,175.0,2891.0,2808.0,0.0,11.0,2081.0,0.9835836641275972,74.0,80099.423890152,6358.0
1789946625.4,29.0,3.0,60.0,83.0,7.0,1949.0,,2853.0,2812.0,175.0,2895.0,2812.0,0.0,11.0,2084.0,0.9788997961592104,72.0,80329.249932492,6370.0
1789946631.2,34.0,2.0,55.0,84.0,7.0,1952.0,,2855.0,2817.0,175.0,2901.0,2817.0,0.0,11.0,2087.0,0.9804044630404463,72.0,80473.166876258,6384.0
1789946636.7,36.0,0.0,53.0,86.0,7.0,1955.0,,2855.0,2821.0,175.0,2907.0,2821.0,0.0,11.0,2089.0,0.9765931766977792,72.0,80520.193447178,6392.0
1789946642.3,24.0,0.0,65.0,86.0,7.0,1958.0,,2856.0,2824.0,175.0,2910.0,2824.0,0.0,11.0,2091.0,0.9954538139684583,78.0,80786.230710722,6400.0
1789946648.2,16.0,0.0,74.0,85.0,7.0,1961.0,,2858.0,2829.0,175.0,2914.0,2829.0,0.0,11.0,2094.0,0.9710599721059973,76.0,80819.872459176,6414.0
1789946654.0,17.0,1.0,71.0,86.0,7.0,1963.0,,2861.0,2831.0,175.0,2917.0,2831.0,0.0,11.0,2096.0,1.0165271966527196,76.0,80876.770096416,6424.0
1789946659.6,16.0,1.0,71.0,87.0,7.0,1969.0,,2861.0,2837.0,175.0,2924.0,2837.0,0.0,11.0,2102.0,0.9699835496906627,78.0,81008.281226718,6436.0
1789946665.3,22.0,0.0,66.0,87.0,7.0,1974.0,,2863.0,2843.0,175.0,2930.0,2843.0,0.0,11.0,2108.0,0.962243857955155,78.0,81060.334975044,6452.0
1789946671.0,22.0,0.0,65.0,88.0,7.0,1974.0,,2864.0,2843.0,175.0,2931.0,2843.0,0.0,11.0,2108.0,0.9631772342023388,82.0,81060.335785224,6454.0
1789946676.7,27.0,2.0,60.0,86.0,7.0,1980.0,,2865.0,2852.0,175.0,2938.0,2852.0,0.0,11.0,2114.0,1.0183309194292458,76.0,81196.778092048,6474.0
1789946682.3,23.0,1.0,65.0,86.0,7.0,1986.0,,2867.0,2860.0,175.0,2946.0,2860.0,0.0,11.0,2120.0,1.0188579551550263,74.0,81392.37167645,6494.0
1789946687.8,25.0,0.0,63.0,87.0,7.0,1988.0,,2867.0,2862.0,175.0,2949.0,2862.0,0.0,11.0,2121.0,1.01895629939563,74.0,81409.417123754,6498.0
1789946693.4,27.0,2.0,61.0,85.0,7.0,1991.0,,2871.0,2866.0,175.0,2951.0,2866.0,0.0,11.0,2123.0,1.0192423917319315,74.0,81434.035891962,6514.0
1789946699.1,18.0,0.0,71.0,86.0,7.0,1993.0,,2876.0,2868.0,175.0,2954.0,2868.0,0.0,11.0,2125.0,0.976069270106927,76.0,81840.058883206,6528.0
1789946704.7,22.0,0.0,67.0,86.0,7.0,1997.0,,2876.0,2873.0,175.0,2959.0,2873.0,0.0,11.0,2129.0,0.9868925008046346,74.0,81892.008082534,6538.0
1789946710.4,19.0,0.0,71.0,85.0,7.0,2001.0,,2880.0,2879.0,175.0,2964.0,2879.0,0.0,11.0,2134.0,0.9745257125487251,74.0,78299.262295228,6048.0
1789946716.0,22.0,0.0,68.0,85.0,7.0,2005.0,,2881.0,2883.0,175.0,2968.0,2883.0,0.0,11.0,2138.0,0.9748654471980832,72.0,79032.735547662,6058.0
1789946721.7,18.0,1.0,73.0,83.0,7.0,2008.0,,2885.0,2887.0,175.0,2970.0,2887.0,0.0,11.0,2141.0,1.0359162107070057,72.0,79161.27494491,6074.0
1789946727.1,23.0,2.0,66.0,84.0,7.0,2012.0,,2887.0,2893.0,175.0,2977.0,2893.0,0.0,11.0,2145.0,0.9576815792296964,70.0,79998.59965902,6090.0
1789946732.6,33.0,2.0,58.0,82.0,7.0,2020.0,,2889.0,2905.0,175.0,2987.0,2905.0,0.0,11.0,2153.0,0.9614839251868541,66.0,80095.345217724,6118.0
1789946738.2,24.0,0.0,68.0,83.0,7.0,2023.0,,2890.0,2910.0,175.0,2993.0,2910.0,0.0,11.0,2156.0,0.9661977434466974,68.0,80647.283901808,6130.0
1789946743.8,15.0,2.0,74.0,84.0,7.0,2024.0,,2890.0,2915.0,175.0,2999.0,2915.0,0.0,11.0,2157.0,0.9664507563566141,74.0,80651.989618898,6140.0
1789946749.7,22.0,3.0,67.0,84.0,7.0,2028.0,,2895.0,2923.0,176.0,3007.0,2923.0,0.0,11.0,2161.0,0.9636524156921646,70.0,82062.08329933,6168.0
1789946755.2,31.0,1.0,59.0,85.0,7.0,2030.0,,2895.0,2933.0,176.0,3018.0,2933.0,0.0,11.0,2164.0,0.9809176411686872,72.0,82921.050955902,6188.0
1789946760.8,36.0,1.0,55.0,84.0,7.0,2033.0,,2898.0,2938.0,176.0,3022.0,2938.0,0.0,11.0,2167.0,0.987073096591925,70.0,82965.693594428,6204.0
1789946766.6,30.0,0.0,60.0,86.0,7.0,2035.0,,2899.0,2941.0,176.0,3027.0,2941.0,0.0,11.0,2170.0,0.9872787254586418,74.0,84425.359115634,6212.0
1789946772.1,33.0,1.0,57.0,85.0,7.0,2037.0,,2900.0,2945.0,176.0,3030.0,2945.0,0.0,11.0,2173.0,1.033098648213711,74.0,84452.680849558,6222.0
1789946777.7,32.0,1.0,57.0,86.0,7.0,2039.0,,2903.0,2947.0,176.0,3033.0,2947.0,0.0,11.0,2174.0,0.9780231913600115,74.0,84474.004610774,6232.0
1789946783.4,36.0,1.0,54.0,85.0,7.0,2042.0,,2907.0,2951.0,176.0,3036.0,2951.0,0.0,11.0,2178.0,0.9773513213889783,72.0,84546.55564126,6248.0
1789946789.0,38.0,2.0,51.0,85.0,7.0,2044.0,,2909.0,2955.0,176.0,3040.0,2955.0,0.0,11.0,2179.0,0.9777446983513929,74.0,84556.344126322,6260.0
1789946794.7,42.0,1.0,48.0,85.0,7.0,2049.0,,2913.0,2960.0,176.0,3045.0,2960.0,0.0,11.0,2184.0,0.9779074133676644,74.0,84841.65566233,6278.0
1789946800.1,44.0,2.0,43.0,87.0,7.0,2052.0,,2914.0,2965.0,176.0,3052.0,2965.0,0.0,11.0,2187.0,0.9937095447555698,76.0,84865.253474664,6290.0
1789946805.6,34.0,0.0,56.0,86.0,7.0,2054.0,,2919.0,2968.0,176.0,3054.0,2968.0,0.0,11.0,2189.0,1.0432857704824232,76.0,84888.860337956,6306.0
1789946811.2,30.0,0.0,60.0,86.0,7.0,2060.0,,2923.0,2977.0,176.0,3063.0,2977.0,0.0,11.0,2194.0,0.9884105782641347,66.0,85109.67769081,6332.0
1789946816.8,31.0,1.0,59.0,85.0,7.0,2061.0,,2926.0,2979.0,176.0,3064.0,2979.0,0.0,11.0,2195.0,0.9885983263598327,72.0,85145.74304866,6342.0
1789946822.3,34.0,1.0,55.0,86.0,7.0,2063.0,,2930.0,2982.0,176.0,3068.0,2982.0,0.0,11.0,2197.0,0.9887105281979759,76.0,85162.5184003,6356.0
1789946827.9,35.0,4.0,50.0,87.0,7.0,2065.0,,2933.0,2986.0,176.0,3073.0,2986.0,0.0,11.0,2199.0,1.0158919822622752,76.0,85233.733822676,6370.0
1789946833.5,38.0,2.0,49.0,87.0,7.0,2068.0,,2935.0,2990.0,176.0,3077.0,2990.0,0.0,11.0,2202.0,1.014251421521296,78.0,85265.65999463,6382.0
1789946839.5,39.0,3.0,47.0,87.0,7.0,2071.0,,2940.0,2994.0,176.0,3081.0,2994.0,0.0,11.0,2206.0,0.9939728391088224,76.0,85298.081849382,6400.0
1789946845.2,43.0,0.0,45.0,88.0,7.0,2074.0,,2947.0,2998.0,176.0,3086.0,2998.0,0.0,11.0,2208.0,0.9889049815828058,76.0,85393.941531494,6422.0
1789946850.7,26.0,1.0,62.0,87.0,7.0,2078.0,,2951.0,3002.0,176.0,3089.0,3002.0,0.0,11.0,2212.0,0.9894646497156957,72.0,85461.77551012,6438.0
1789946856.5,29.0,1.0,58.0,88.0,7.0,2081.0,,2951.0,3008.0,176.0,3096.0,3008.0,0.0,11.0,2214.0,0.9904391517362229,76.0,88127.40702878199,6450.0
1789946862.2,30.0,0.0,56.0,90.0,7.0,2082.0,,2952.0,3010.0,176.0,3100.0,3010.0,0.0,11.0,2216.0,0.9908977935128562,78.0,88161.664994166,6456.0
1789946867.9,35.0,1.0,53.0,87.0,7.0,2086.0,,2952.0,3017.0,176.0,3104.0,3017.0,0.0,11.0,2220.0,0.9922348281657906,76.0,88222.212619188,6470.0
1789946873.7,41.0,1.0,49.0,85.0,7.0,2091.0,,2957.0,3023.0,176.0,3108.0,3023.0,0.0,11.0,2225.0,0.9968494081464793,74.0,88583.559138426,6492.0
1789946879.2,30.0,1.0,60.0,85.0,7.0,2092.0,,2958.0,3024.0,176.0,3109.0,3024.0,0.0,11.0,2225.0,0.9968440439151737,74.0,88600.400346266,6496.0
1789946884.8,16.0,2.0,72.0,86.0,7.0,2095.0,,2960.0,3027.0,176.0,3113.0,3027.0,0.0,11.0,2228.0,1.0006133104459465,72.0,88638.39014132,6506.0
1789946890.5,12.0,0.0,78.0,86.0,7.0,2097.0,,2962.0,3033.0,176.0,3119.0,3033.0,0.0,11.0,2230.0,0.997061742302328,74.0,91341.400574546,6522.0
1789946896.1,16.0,0.0,75.0,85.0,7.0,2099.0,,2962.0,3037.0,176.0,3122.0,3037.0,0.0,11.0,2230.0,0.9973925365661768,74.0,91347.353074672,6530.0
1789946901.9,20.0,0.0,72.0,84.0,7.0,2104.0,,2964.0,3043.0,176.0,3127.0,3043.0,0.0,13.0,2236.0,0.9978838107499195,72.0,98653.849077958,6546.0
1789946907.5,20.0,0.0,70.0,86.0,7.0,2104.0,,2966.0,3043.0,176.0,3129.0,3043.0,0.0,13.0,2236.0,1.000162267996996,76.0,98653.851220078,6550.0
1789946913.1,39.0,1.0,66.0,90.0,7.0,2104.0,1.0,2977.0,3043.0,196.0,3133.0,3043.0,0.0,13.0,2236.0,1.0066561170117656,86.0,98658.289132722,6614.0
1789946919.0,37.0,0.0,88.0,93.0,7.0,2105.0,2.0,2987.0,3044.0,218.0,3137.0,3044.0,0.0,13.0,2236.0,0.9982432142473984,96.0,98679.602112636,6678.0
1789946925.4,0.0,0.0,128.0,100.0,7.0,2106.0,2.0,3014.0,3045.0,228.0,3145.0,3045.0,0.0,13.0,2236.0,1.1671320137324321,132.0,98681.908631948,6754.0
1789946932.5,28.0,0.0,122.0,105.0,7.0,2107.0,21.0,3016.0,3046.0,255.0,3151.0,3046.0,0.0,13.0,2237.0,1.1536485713263955,124.0,98913.396805476,6814.0
1789946939.6,2.0,0.0,140.0,115.0,7.0,2107.0,23.0,3038.0,3046.0,257.0,3161.0,3046.0,0.0,13.0,2237.0,1.0621835103529664,142.0,98931.489461398,6862.0
1789946947.0,6.0,0.0,124.0,128.0,7.0,2109.0,24.0,3040.0,3049.0,258.0,3177.0,3049.0,0.0,13.0,2238.0,0.9958758001645031,158.0,99005.05899663799,6874.0
1789946954.5,21.0,1.0,113.0,125.0,7.0,2121.0,26.0,3041.0,3063.0,260.0,3188.0,3063.0,0.0,13.0,2249.0,0.9941677395129278,142.0,99469.190509226,6908.0
1789946962.0,18.0,1.0,117.0,125.0,7.0,2127.0,27.0,3044.0,3072.0,261.0,3197.0,3072.0,0.0,13.0,2255.0,0.9841728355326682,134.0,99818.903312014,6934.0
1789946969.5,33.0,0.0,103.0,127.0,7.0,2134.0,29.0,3048.0,3084.0,263.0,3211.0,3084.0,0.0,13.0,2263.0,0.9844808318134678,134.0,100202.130605506,6970.0
1789946977.2,41.0,0.0,90.0,133.0,7.0,2140.0,30.0,3051.0,3095.0,264.0,3228.0,3095.0,0.0,13.0,2270.0,0.9729732146050137,130.0,100632.45027536,7000.0
1789946984.8,46.0,3.0,81.0,135.0,7.0,2145.0,31.0,3054.0,3102.0,265.0,3237.0,3102.0,0.0,13.0,2274.0,0.977331205521582,130.0,100944.923278378,7022.0
1789946992.3,17.0,0.0,111.0,137.0,7.0,2152.0,31.0,3059.0,3110.0,265.0,3247.0,3110.0,0.0,13.0,2280.0,0.9903153273969173,132.0,101110.112601878,7048.0
1789946999.8,37.0,0.0,97.0,131.0,7.0,2171.0,31.0,3060.0,3130.0,265.0,3261.0,3130.0,0.0,13.0,2298.0,0.9676644136895183,114.0,101800.60857896,7090.0
1789947007.4,47.0,2.0,86.0,130.0,7.0,2179.0,31.0,3063.0,3143.0,265.0,3273.0,3143.0,0.0,13.0,2307.0,0.9998721524872153,110.0,102368.558752734,7122.0
1789947014.9,62.0,2.0,70.0,131.0,7.0,2191.0,31.0,3070.0,3161.0,265.0,3292.0,3161.0,0.0,13.0,2320.0,0.9646903944498086,104.0,84993.26097887,6504.0
1789947022.5,71.0,2.0,62.0,130.0,7.0,2196.0,31.0,3085.0,3172.0,265.0,3302.0,3172.0,0.0,13.0,2326.0,1.0035372635268032,104.0,85164.625292843,6557.0
1789947030.0,34.0,1.0,96.0,134.0,7.0,2201.0,31.0,3090.0,3179.0,265.0,3313.0,3179.0,0.0,13.0,2331.0,1.0168821299574438,102.0,85642.499777,6580.0
1789947037.3,44.0,1.0,85.0,135.0,7.0,2210.0,31.0,3090.0,3190.0,265.0,3325.0,3190.0,0.0,13.0,2339.0,0.9856184958695419,106.0,85895.148547262,6602.0
1789947044.8,59.0,3.0,73.0,130.0,7.0,2224.0,31.0,3102.0,3208.0,265.0,3338.0,3208.0,0.0,13.0,2353.0,1.0176930229231484,96.0,86210.711833074,6662.0
1789947052.1,69.0,1.0,63.0,132.0,7.0,2232.0,31.0,3107.0,3219.0,265.0,3351.0,3219.0,0.0,13.0,2362.0,0.9570351893573651,92.0,86801.452424252,6694.0
1789947059.4,50.0,1.0,84.0,130.0,7.0,2237.0,31.0,3114.0,3224.0,265.0,3354.0,3224.0,0.0,13.0,2367.0,1.018343435968959,88.0,87765.159365728,6718.0
1789947066.8,9.0,0.0,121.0,135.0,7.0,2245.0,31.0,3116.0,3237.0,265.0,3372.0,3237.0,0.0,13.0,2375.0,0.9831277044666166,92.0,89325.595899846,6748.0
1789947074.1,17.0,1.0,111.0,136.0,7.0,2251.0,31.0,3116.0,3246.0,265.0,3382.0,3246.0,0.0,13.0,2381.0,0.9838702034831742,94.0,89718.717843376,6766.0
1789947081.6,23.0,0.0,105.0,137.0,7.0,2261.0,31.0,3118.0,3259.0,265.0,3396.0,3259.0,0.0,14.0,2391.0,0.9747590566105211,94.0,93478.189740324,6796.0
1789947089.2,32.0,1.0,97.0,135.0,7.0,2269.0,31.0,3121.0,3269.0,265.0,3404.0,3269.0,0.0,14.0,2399.0,0.9740348853842578,90.0,93647.495739946,6822.0
1789947096.7,42.0,0.0,86.0,137.0,7.0,2275.0,31.0,3123.0,3280.0,265.0,3417.0,3280.0,0.0,14.0,2408.0,0.9772203447412653,98.0,93700.279176348,6848.0
1789947104.0,52.0,2.0,76.0,135.0,7.0,2284.0,31.0,3131.0,3292.0,265.0,3427.0,3292.0,0.0,14.0,2418.0,1.004572113149519,92.0,94839.703997744,6888.0
1789947111.5,60.0,1.0,68.0,136.0,7.0,2291.0,31.0,3137.0,3303.0,265.0,3439.0,3303.0,0.0,14.0,2424.0,0.9868294710867933,90.0,95707.885052366,6922.0
1789947118.7,61.0,0.0,64.0,140.0,7.0,2293.0,31.0,3141.0,3305.0,265.0,3445.0,3305.0,0.0,14.0,2426.0,1.0221502521188714,96.0,95803.885482038,6934.0
1789947126.1,38.0,1.0,88.0,138.0,7.0,2307.0,31.0,3146.0,3319.0,265.0,3457.0,3319.0,0.0,14.0,2439.0,0.9992794049279405,84.0,96085.46699869599,6972.0
1789947133.6,24.0,2.0,101.0,138.0,7.0,2313.0,31.0,3149.0,3327.0,265.0,3464.0,3327.0,0.0,14.0,2443.0,0.9852327182348103,82.0,96151.96617817,6992.0
1789947140.9,39.0,1.0,87.0,138.0,7.0,2324.0,31.0,3154.0,3343.0,265.0,3481.0,3343.0,0.0,14.0,2458.0,0.9975650860065086,76.0,97078.708399494,7036.0
1789947148.3,35.0,2.0,89.0,139.0,7.0,2326.0,31.0,3158.0,3349.0,265.0,3488.0,3349.0,0.0,14.0,2460.0,0.9831554196616958,82.0,97963.613688254,7056.0
1789947155.5,25.0,0.0,100.0,140.0,7.0,2330.0,31.0,3161.0,3353.0,265.0,3493.0,3353.0,0.0,14.0,2464.0,0.9866430640489218,84.0,98167.651486462,7069.0
1789947163.1,37.0,0.0,88.0,140.0,7.0,2340.0,31.0,3164.0,3366.0,265.0,3506.0,3366.0,0.0,14.0,2474.0,0.9857356149197153,80.0,98320.45350660999,7102.0
1789947170.7,32.0,4.0,89.0,140.0,7.0,2350.0,31.0,3168.0,3382.0,265.0,3522.0,3382.0,0.0,15.0,2484.0,1.032408897471659,74.0,102070.265005332,7142.0
1789947178.0,35.0,0.0,90.0,140.0,7.0,2353.0,31.0,3175.0,3390.0,265.0,3530.0,3390.0,0.0,15.0,2490.0,1.0343207989128491,78.0,102105.387063912,7172.0
1789947185.4,14.0,0.0,111.0,140.0,7.0,2358.0,31.0,3176.0,3398.0,265.0,3538.0,3398.0,0.0,15.0,2495.0,1.0350986124521688,76.0,102180.41354691,7190.0
1789947192.9,25.0,1.0,100.0,140.0,7.0,2364.0,31.0,3181.0,3409.0,266.0,3549.0,3409.0,0.0,15.0,2501.0,1.0361468726531489,70.0,105380.452887426,7224.0
1789947200.4,19.0,0.0,104.0,144.0,7.0,2370.0,31.0,3182.0,3415.0,267.0,3559.0,3415.0,0.0,15.0,2507.0,1.036424024603941,78.0,105604.212810032,7240.0
1789947207.9,29.0,0.0,94.0,144.0,7.0,2376.0,31.0,3188.0,3425.0,267.0,3569.0,3425.0,0.0,15.0,2514.0,1.021139541537031,78.0,105671.35657318399,7272.0
1789947215.4,39.0,1.0,83.0,144.0,7.0,2383.0,31.0,3191.0,3437.0,267.0,3581.0,3437.0,0.0,15.0,2523.0,0.9900243178485856,78.0,105923.417155648,7302.0
1789947222.7,37.0,2.0,86.0,142.0,7.0,2390.0,31.0,3196.0,3444.0,267.0,3586.0,3444.0,0.0,15.0,2529.0,0.9870400171655401,76.0,106207.37449339,7326.0
1789947230.1,18.0,1.0,104.0,144.0,7.0,2394.0,31.0,3201.0,3449.0,267.0,3593.0,3449.0,0.0,15.0,2534.0,0.9876747845367092,78.0,106293.476033122,7346.0
1789947237.7,27.0,0.0,94.0,146.0,7.0,2401.0,31.0,3203.0,3458.0,267.0,3604.0,3458.0,0.0,15.0,2541.0,0.9665879912741837,76.0,106551.463452638,7368.0
1789947245.2,17.0,0.0,107.0,143.0,7.0,2407.0,31.0,3207.0,3466.0,267.0,3609.0,3466.0,0.0,15.0,2548.0,0.9989964417265672,74.0,106707.629285744,7392.0
1789947252.6,25.0,0.0,98.0,144.0,7.0,2412.0,31.0,3209.0,3474.0,267.0,3618.0,3474.0,0.0,15.0,2553.0,0.9808528233737439,72.0,106761.086262426,7412.0
1789947260.2,17.0,3.0,103.0,144.0,7.0,2416.0,31.0,3217.0,3483.0,267.0,3627.0,3483.0,0.0,15.0,2557.0,1.0263620677323606,70.0,106845.934873578,7446.0
1789947268.0,14.0,0.0,108.0,145.0,7.0,2420.0,31.0,3219.0,3494.0,267.0,3639.0,3494.0,0.0,15.0,2561.0,0.9870681793798949,70.0,106955.430624382,7472.0
1789947275.3,24.0,0.0,98.0,145.0,7.0,2425.0,31.0,3221.0,3505.0,267.0,3650.0,3505.0,0.0,15.0,2565.0,0.993924114007796,70.0,107759.652121124,7498.0
1789947282.8,21.0,0.0,102.0,144.0,7.0,2429.0,31.0,3228.0,3513.0,267.0,3657.0,3513.0,0.0,15.0,2569.0,0.9800964667596467,68.0,108578.731934371,7527.0
1789947290.4,22.0,0.0,100.0,145.0,7.0,2434.0,31.0,3230.0,3522.0,267.0,3667.0,3522.0,0.0,15.0,2574.0,0.9990983621213747,68.0,108651.884482784,7550.0
1789947298.1,22.0,0.0,98.0,147.0,7.0,2443.0,31.0,3232.0,3538.0,267.0,3685.0,3538.0,0.0,15.0,2585.0,0.9624548510531774,68.0,109470.367466112,7586.0
1789947305.8,24.0,0.0,98.0,145.0,7.0,2451.0,31.0,3236.0,3549.0,267.0,3694.0,3549.0,0.0,15.0,2592.0,0.983446876229303,72.0,110402.363127682,7616.0
1789947313.5,33.0,1.0,89.0,142.0,7.0,2459.0,31.0,3239.0,3559.0,267.0,3703.0,3559.0,0.0,15.0,2601.0,0.9985547866824017,68.0,54851.597875808,3500.0
1789947320.5,27.0,0.0,94.0,144.0,7.0,2461.0,31.0,3240.0,3567.0,267.0,3713.0,3567.0,0.0,15.0,2602.0,0.9773987054321782,68.0,54887.217434305996,3518.0
1789947328.8,32.0,4.0,87.0,142.0,7.0,2466.0,31.0,3243.0,3577.0,267.0,3721.0,3577.0,0.0,15.0,2606.0,1.002309301577084,68.0,54984.859977972,3544.0
1789947336.3,41.0,3.0,77.0,144.0,7.0,2474.0,31.0,3248.0,3589.0,267.0,3735.0,3589.0,0.0,15.0,2614.0,1.008879590887959,68.0,55870.094553582,3578.0
1789947343.5,53.0,1.0,67.0,144.0,7.0,2480.0,31.0,3256.0,3600.0,267.0,3746.0,3600.0,0.0,15.0,2622.0,0.9887909916675607,62.0,55950.68846501,3616.0
1789947350.6,41.0,0.0,78.0,147.0,7.0,2486.0,31.0,3263.0,3610.0,268.0,3759.0,3610.0,0.0,15.0,2627.0,0.9859953331187641,62.0,56172.823427812,3652.0
1789947357.8,44.0,2.0,72.0,148.0,7.0,2490.0,31.0,3269.0,3616.0,268.0,3766.0,3616.0,0.0,15.0,2631.0,0.988996173515002,72.0,57048.092514738,3676.0
1789947364.9,52.0,2.0,66.0,147.0,7.0,2497.0,31.0,3274.0,3626.0,269.0,3775.0,3626.0,0.0,15.0,2638.0,0.9865684118299181,68.0,57143.881360892,3708.0
1789947372.1,34.0,1.0,87.0,145.0,7.0,2506.0,31.0,3281.0,3635.0,269.0,3782.0,3635.0,0.0,15.0,2646.0,0.9799511854951185,58.0,57330.419176136,3740.0
1789947379.4,43.0,3.0,79.0,143.0,7.0,2510.0,31.0,3284.0,3646.0,270.0,3791.0,3646.0,0.0,15.0,2653.0,1.013336820083682,56.0,57374.11924842,3770.0
1789947386.6,52.0,1.0,69.0,146.0,7.0,2514.0,31.0,3290.0,3657.0,270.0,3805.0,3657.0,0.0,15.0,2657.0,0.9914279583735651,56.0,57415.038576994,3804.0
1789947393.9,41.0,2.0,80.0,145.0,7.0,2518.0,31.0,3294.0,3665.0,270.0,3812.0,3665.0,0.0,15.0,2662.0,0.9967483817902228,58.0,57431.912832342,3828.0
1789947401.5,30.0,0.0,90.0,148.0,7.0,2522.0,31.0,3299.0,3670.0,270.0,3820.0,3670.0,0.0,15.0,2666.0,0.9984327504201981,64.0,59831.495993828,3848.0
1789947409.0,34.0,1.0,84.0,149.0,7.0,2524.0,31.0,3303.0,3676.0,270.0,3827.0,3676.0,0.0,15.0,2668.0,0.9986294389014054,64.0,59851.312502708,3868.0
1789947416.5,30.0,1.0,89.0,148.0,7.0,2533.0,31.0,3306.0,3687.0,270.0,3837.0,3687.0,0.0,15.0,2676.0,0.9927202910989522,58.0,60127.213173262,3896.0
1789947423.7,18.0,0.0,103.0,147.0,7.0,2536.0,31.0,3307.0,3695.0,270.0,3844.0,3695.0,0.0,15.0,2679.0,0.9341951864964417,58.0,60183.139047198,3914.0
1789947430.8,22.0,1.0,96.0,149.0,7.0,2539.0,31.0,3311.0,3700.0,270.0,3851.0,3700.0,0.0,15.0,2682.0,0.9995525337052533,62.0,60289.09965451,3932.0
1789947438.0,30.0,1.0,87.0,150.0,7.0,2544.0,31.0,3313.0,3709.0,270.0,3861.0,3709.0,0.0,15.0,2687.0,0.9998028644995173,64.0,60360.55697402,3954.0
1789947445.5,10.0,0.0,108.0,150.0,7.0,2551.0,31.0,3317.0,3718.0,270.0,3870.0,3718.0,0.0,15.0,2695.0,0.9960385151807746,66.0,63763.893647998004,3980.0
1789947452.7,18.0,1.0,98.0,151.0,7.0,2556.0,31.0,3317.0,3727.0,270.0,3880.0,3727.0,0.0,15.0,2699.0,0.9961905017344348,66.0,63868.270602354,3998.0
1789947460.0,25.0,1.0,90.0,152.0,7.0,2561.0,31.0,3319.0,3735.0,270.0,3889.0,3735.0,0.0,15.0,2703.0,0.9969817258520187,68.0,63989.385343094,4018.0
1789947468.0,38.0,1.0,79.0,150.0,7.0,2568.0,31.0,3325.0,3748.0,270.0,3900.0,3748.0,0.0,15.0,2713.0,0.9987340414118657,62.0,64105.911820048,4056.0
1789947476.3,44.0,0.0,72.0,153.0,7.0,2575.0,31.0,3331.0,3760.0,271.0,3915.0,3760.0,0.0,15.0,2721.0,0.9858938597432322,62.0,64256.396469744,4094.0
1789947484.6,47.0,6.0,67.0,149.0,7.0,2583.0,31.0,3337.0,3771.0,271.0,3922.0,3771.0,0.0,15.0,2730.0,0.9830789793655903,60.0,64459.456973224,4128.0
1789947492.7,48.0,1.0,69.0,151.0,7.0,2590.0,31.0,3339.0,3780.0,271.0,3933.0,3780.0,0.0,15.0,2736.0,0.99982923863677,62.0,64637.225156366,4150.0
1789947500.7,47.0,1.0,68.0,153.0,7.0,2597.0,31.0,3343.0,3789.0,271.0,3944.0,3789.0,0.0,15.0,2744.0,0.9787576440296105,58.0,64742.69418362,4176.0
1789947509.0,20.0,0.0,94.0,155.0,7.0,2600.0,31.0,3351.0,3793.0,271.0,3950.0,3793.0,0.0,15.0,2747.0,0.9806990487429817,68.0,64863.240340654,4200.0
1789947516.9,27.0,2.0,86.0,154.0,7.0,2611.0,31.0,3352.0,3808.0,271.0,3964.0,3808.0,0.0,15.0,2758.0,0.9784456245753317,64.0,65013.201117636,4232.0
1789947524.8,40.0,0.0,75.0,154.0,7.0,2619.0,31.0,3354.0,3820.0,271.0,3976.0,3820.0,0.0,15.0,2767.0,0.9424328577048242,60.0,65135.456901738,4260.0
1789947532.4,45.0,0.0,69.0,155.0,7.0,2623.0,31.0,3357.0,3827.0,271.0,3984.0,3827.0,0.0,15.0,2770.0,0.9986370382290884,66.0,65217.707781948004,4280.0
1789947540.8,20.0,0.0,94.0,155.0,7.0,2628.0,31.0,3359.0,3834.0,271.0,3991.0,3834.0,0.0,16.0,2774.0,0.9773236061938991,66.0,68913.89017234,4298.0
1789947549.1,31.0,1.0,82.0,155.0,8.0,2636.0,31.0,3362.0,3848.0,271.0,4005.0,3848.0,0.0,16.0,2783.0,0.9903072810499589,64.0,69061.27348276,4332.0
1789947557.7,40.0,1.0,75.0,153.0,8.0,2644.0,31.0,3365.0,3858.0,271.0,4013.0,3858.0,0.0,16.0,2791.0,0.9702593605836284,60.0,69165.350184692,4358.0
1789947566.1,37.0,1.0,77.0,155.0,8.0,2649.0,32.0,3371.0,3864.0,272.0,4021.0,3864.0,0.0,16.0,2796.0,0.9831594428351751,58.0,70527.00701381,4384.0
1789947574.1,32.0,2.0,82.0,155.0,8.0,2654.0,32.0,3375.0,3869.0,273.0,4026.0,3869.0,0.0,17.0,2801.0,0.9832488466902692,62.0,74209.300442568,4404.0
1789947581.8,33.0,2.0,81.0,156.0,8.0,2657.0,32.0,3379.0,3873.0,274.0,4031.0,3873.0,0.0,17.0,2804.0,0.9850025033079426,60.0,74270.222663728,4422.0
1789947590.2,28.0,0.0,87.0,157.0,8.0,2662.0,32.0,3385.0,3881.0,274.0,4040.0,3881.0,0.0,17.0,2808.0,0.9875679469298716,62.0,74342.052737364,4450.0
1789947599.6,36.0,2.0,79.0,155.0,8.0,2669.0,32.0,3392.0,3892.0,274.0,4049.0,3892.0,0.0,17.0,2816.0,0.9913032399957086,56.0,74496.257621514,4486.0
1789947607.9,31.0,2.0,81.0,158.0,8.0,2671.0,32.0,3398.0,3899.0,274.0,4058.0,3899.0,0.0,17.0,2818.0,0.9935003397346494,60.0,74513.656849124,4512.0
1789947616.8,41.0,0.0,73.0,153.0,8.0,2677.0,32.0,3407.0,3909.0,274.0,4069.0,3909.0,0.0,17.0,2823.0,0.9963572399241856,60.0,44545.187491912,4088.0
1789947625.8,48.0,0.0,65.0,154.0,8.0,2680.0,32.0,3414.0,3916.0,274.0,4077.0,3916.0,0.0,17.0,2827.0,0.9991904480921218,64.0,44609.52024887,4116.0
1789947633.5,35.0,1.0,77.0,154.0,8.0,2683.0,32.0,3420.0,3926.0,274.0,4088.0,3926.0,0.0,17.0,2830.0,0.9637145513714551,66.0,44666.69178622,4148.0
1789947641.2,39.0,0.0,74.0,154.0,8.0,2689.0,32.0,3422.0,3938.0,274.0,4099.0,3938.0,0.0,17.0,2836.0,0.9722740764581769,60.0,44980.676632032,4176.0
1789947648.7,45.0,2.0,68.0,152.0,8.0,2692.0,32.0,3426.0,3946.0,274.0,4105.0,3946.0,0.0,17.0,2839.0,0.9744680470621894,58.0,45152.418662882,4200.0
1789947656.7,25.0,1.0,85.0,156.0,8.0,2695.0,32.0,3432.0,3955.0,274.0,4118.0,3955.0,0.0,17.0,2843.0,0.9800665164681901,62.0,45455.15802971,4230.0
1789947664.1,42.0,0.0,71.0,154.0,8.0,2703.0,32.0,3436.0,3971.0,274.0,4132.0,3971.0,0.0,17.0,2852.0,0.9846448878875658,60.0,45625.098551796,4270.0
1789947671.6,47.0,1.0,65.0,154.0,8.0,2705.0,32.0,3440.0,3977.0,274.0,4138.0,3977.0,0.0,17.0,2855.0,0.9885840217430175,62.0,45644.028072154,4290.0
1789947679.0,55.0,0.0,57.0,155.0,8.0,2710.0,32.0,3448.0,3986.0,274.0,4148.0,3986.0,0.0,17.0,2861.0,0.9969102027679434,62.0,45714.258230858,4324.0
1789947686.6,26.0,0.0,88.0,154.0,8.0,2713.0,32.0,3454.0,3991.0,275.0,4152.0,3991.0,0.0,17.0,2864.0,0.9848080499231127,62.0,45864.379998571996,4348.0
1789947694.4,31.0,1.0,82.0,154.0,8.0,2719.0,32.0,3457.0,3998.0,275.0,4159.0,3998.0,0.0,17.0,2868.0,0.9699679040160212,62.0,45941.197631078,4368.0
1789947702.0,26.0,0.0,83.0,159.0,8.0,2726.0,32.0,3458.0,4009.0,275.0,4175.0,4009.0,0.0,17.0,2878.0,0.9591004184100418,66.0,46075.170639407996,4392.0
1789947709.5,38.0,0.0,75.0,155.0,8.0,2735.0,32.0,3460.0,4021.0,275.0,4183.0,4021.0,0.0,17.0,2887.0,0.9921928083538962,64.0,46169.460179448,4420.0
1789947717.0,19.0,1.0,93.0,155.0,8.0,2740.0,32.0,3463.0,4026.0,275.0,4188.0,4026.0,0.0,17.0,2892.0,0.9967421235203662,62.0,46246.783233094,4436.0
1789947724.4,24.0,2.0,85.0,157.0,8.0,2742.0,32.0,3464.0,4033.0,275.0,4197.0,4033.0,0.0,17.0,2895.0,0.9856332475056324,64.0,46290.673869972,4452.0
1789947731.9,34.0,0.0,76.0,158.0,8.0,2748.0,32.0,3467.0,4043.0,275.0,4208.0,4043.0,0.0,17.0,2899.0,0.9822640632264064,66.0,46418.888340584,4478.0
1789947739.3,42.0,3.0,67.0,156.0,8.0,2755.0,32.0,3471.0,4057.0,275.0,4220.0,4057.0,0.0,18.0,2906.0,1.0137024818510174,60.0,50144.990671332,4514.0
1789947746.7,22.0,0.0,86.0,160.0,8.0,2758.0,32.0,3476.0,4063.0,275.0,4230.0,4063.0,0.0,18.0,2910.0,0.9921440832528698,70.0,50196.959950852,4536.0
1789947754.2,18.0,0.0,91.0,160.0,8.0,2764.0,32.0,3481.0,4074.0,276.0,4241.0,4074.0,0.0,18.0,2917.0,0.9152692844115439,66.0,50299.086424302,4570.0
1789947761.6,16.0,1.0,91.0,161.0,8.0,2768.0,32.0,3482.0,4082.0,276.0,4250.0,4082.0,0.0,18.0,2921.0,0.9366144548152916,68.0,50393.930234888,4588.0
1789947769.1,32.0,0.0,77.0,160.0,8.0,2775.0,32.0,3487.0,4097.0,276.0,4264.0,4097.0,0.0,18.0,2928.0,0.9847535135715052,66.0,50462.952106474,4628.0
1789947776.5,39.0,1.0,70.0,159.0,8.0,2779.0,32.0,3490.0,4105.0,276.0,4271.0,4105.0,0.0,18.0,2932.0,0.9870771197654042,70.0,50531.919765754,4650.0
1789947784.2,45.0,5.0,63.0,156.0,8.0,2786.0,32.0,3499.0,4117.0,276.0,4280.0,4117.0,0.0,18.0,2939.0,0.9903323141293853,64.0,50780.529221272,4690.0
1789947791.6,40.0,0.0,72.0,157.0,8.0,2791.0,32.0,3505.0,4123.0,276.0,4287.0,4123.0,0.0,18.0,2944.0,0.9932441976898044,62.0,51068.68814886,4716.0
1789947799.0,44.0,1.0,67.0,158.0,8.0,2793.0,32.0,3509.0,4127.0,277.0,4292.0,4127.0,0.0,18.0,2947.0,0.9965288953259664,64.0,51102.442914944,4734.0
1789947806.4,37.0,1.0,74.0,158.0,8.0,2798.0,32.0,3514.0,4137.0,277.0,4302.0,4137.0,0.0,18.0,2955.0,0.9983786610878661,62.0,51205.633527432,4764.0
1789947813.9,40.0,4.0,68.0,158.0,8.0,2803.0,32.0,3523.0,4145.0,277.0,4310.0,4145.0,0.0,18.0,2960.0,1.0045533383399492,62.0,51291.66065972,4798.0
1789947821.4,35.0,1.0,75.0,159.0,8.0,2807.0,32.0,3528.0,4152.0,277.0,4318.0,4152.0,0.0,18.0,2965.0,1.007810320781032,58.0,51423.754983822,4822.0
1789947828.9,35.0,1.0,72.0,162.0,8.0,2808.0,32.0,3530.0,4155.0,277.0,4324.0,4155.0,0.0,18.0,2966.0,0.9715677860029325,66.0,51446.67511895,4832.0
1789947836.5,30.0,0.0,80.0,160.0,9.0,2817.0,32.0,3537.0,4166.0,277.0,4333.0,4166.0,0.0,18.0,2976.0,0.976060776740693,60.0,51632.298993006,4868.0
1789947844.0,40.0,2.0,68.0,161.0,9.0,2823.0,32.0,3541.0,4177.0,278.0,4345.0,4177.0,0.0,18.0,2985.0,0.9905433072274077,62.0,51782.063869202,4900.0
1789947851.3,45.0,1.0,63.0,162.0,9.0,2826.0,32.0,3547.0,4182.0,278.0,4351.0,4182.0,0.0,18.0,2988.0,0.9935816972427851,64.0,51831.329716891996,4922.0
1789947858.7,54.0,0.0,56.0,162.0,9.0,2832.0,32.0,3553.0,4192.0,279.0,4361.0,4192.0,0.0,18.0,2995.0,0.9810553231055323,62.0,51940.414957704,4956.0
1789947866.2,43.0,5.0,62.0,162.0,9.0,2836.0,32.0,3558.0,4196.0,279.0,4365.0,4196.0,0.0,18.0,2998.0,0.9851455494760935,62.0,51971.600812534,4974.0
1789947873.7,27.0,0.0,83.0,162.0,9.0,2841.0,32.0,3569.0,4204.0,279.0,4373.0,4204.0,0.0,18.0,3003.0,0.9875581125058113,62.0,52479.947919813996,5012.0
1789947881.1,35.0,2.0,72.0,163.0,9.0,2849.0,32.0,3572.0,4214.0,279.0,4384.0,4214.0,0.0,18.0,3012.0,0.9937090977362943,62.0,53122.52010514,5038.0
1789947888.5,19.0,1.0,89.0,163.0,9.0,2854.0,32.0,3578.0,4221.0,279.0,4391.0,4221.0,0.0,18.0,3016.0,1.0122286592997891,60.0,53227.996840738,5064.0
1789947895.9,27.0,0.0,80.0,165.0,9.0,2862.0,32.0,3580.0,4230.0,279.0,4402.0,4230.0,0.0,18.0,3023.0,0.9828997246361263,64.0,53324.968261172,5086.0
1789947903.5,40.0,1.0,68.0,163.0,9.0,2873.0,32.0,3582.0,4244.0,279.0,4414.0,4244.0,0.0,18.0,3035.0,0.9632898830597575,64.0,53466.124510019996,5118.0
1789947911.1,28.0,0.0,81.0,158.0,9.0,2878.0,32.0,3588.0,4255.0,279.0,4425.0,4255.0,0.0,18.0,3041.0,0.9681570289310875,60.0,45338.549709712,4642.0
1789947918.3,15.0,0.0,90.0,162.0,9.0,2881.0,32.0,3590.0,4261.0,279.0,4435.0,4261.0,0.0,18.0,3045.0,0.9918745306297607,68.0,45392.18385019,4658.0
1789947925.6,19.0,0.0,88.0,160.0,9.0,2887.0,32.0,3594.0,4270.0,279.0,4442.0,4270.0,0.0,18.0,3052.0,0.9948521260236741,68.0,45457.646846558,4684.0
1789947933.1,30.0,0.0,76.0,161.0,9.0,2894.0,32.0,3595.0,4282.0,279.0,4455.0,4282.0,0.0,18.0,3059.0,0.9896908414690841,64.0,45558.594596844,4710.0
1789947940.8,24.0,0.0,85.0,158.0,9.0,2901.0,32.0,3599.0,4291.0,279.0,4461.0,4291.0,0.0,18.0,3064.0,1.0565461502699995,64.0,45703.140145912,4736.0
1789947948.1,16.0,1.0,91.0,159.0,9.0,2905.0,32.0,3601.0,4297.0,279.0,4468.0,4297.0,0.0,18.0,3068.0,0.9924967814612166,66.0,45826.374809772,4752.0
1789947955.6,27.0,1.0,80.0,160.0,9.0,2913.0,32.0,3604.0,4309.0,280.0,4481.0,4309.0,0.0,18.0,3078.0,0.9720831992275507,62.0,45914.43363331,4784.0
1789947963.1,38.0,2.0,70.0,158.0,9.0,2921.0,32.0,3612.0,4323.0,280.0,4493.0,4323.0,0.0,19.0,3086.0,1.0142929943139147,62.0,49602.062712171995,4828.0
1789947970.3,20.0,0.0,86.0,162.0,9.0,2924.0,32.0,3618.0,4327.0,280.0,4501.0,4327.0,0.0,19.0,3089.0,0.9840083324392948,68.0,49632.785366981996,4848.0
1789947977.7,31.0,1.0,77.0,159.0,9.0,2933.0,32.0,3625.0,4339.0,280.0,4510.0,4339.0,0.0,19.0,3098.0,0.9969929013339055,60.0,49792.661318,4886.0
1789947985.0,29.0,1.0,80.0,158.0,9.0,2937.0,32.0,3628.0,4350.0,280.0,4520.0,4350.0,0.0,19.0,3102.0,0.9854463934484855,58.0,49857.839569799995,4914.0
1789947992.3,29.0,1.0,77.0,162.0,9.0,2941.0,32.0,3629.0,4357.0,281.0,4531.0,4357.0,0.0,19.0,3106.0,0.9795148946822587,64.0,49904.018416078,4932.0
1789947999.4,34.0,0.0,75.0,160.0,9.0,2947.0,32.0,3631.0,4364.0,281.0,4536.0,4364.0,0.0,19.0,3112.0,0.9984850516754282,64.0,50084.54132561,4950.0
1789948007.0,38.0,3.0,68.0,160.0,9.0,2951.0,32.0,3635.0,4372.0,281.0,4543.0,4372.0,0.0,19.0,3116.0,1.0002007116546865,64.0,50567.249365694,4974.0
1789948014.5,25.0,1.0,83.0,160.0,9.0,2954.0,32.0,3641.0,4379.0,281.0,4551.0,4379.0,0.0,19.0,3119.0,0.9608925186854057,64.0,50635.390530758,5000.0
1789948021.8,29.0,0.0,80.0,160.0,9.0,2961.0,32.0,3645.0,4389.0,281.0,4561.0,4389.0,0.0,19.0,3126.0,0.9943733683796445,64.0,50792.953528829996,5028.0
1789948029.1,14.0,2.0,93.0,160.0,9.0,2963.0,32.0,3646.0,4394.0,281.0,4566.0,4394.0,0.0,19.0,3128.0,1.0357821049243643,64.0,50818.836294672,5040.0
1789948036.6,22.0,0.0,83.0,164.0,10.0,2968.0,32.0,3648.0,4402.0,281.0,4578.0,4402.0,0.0,19.0,3133.0,0.9770021993348353,66.0,50982.798621456,5060.0
1789948044.0,28.0,2.0,77.0,162.0,10.0,2974.0,32.0,3650.0,4410.0,281.0,4584.0,4410.0,0.0,19.0,3139.0,0.9912455745091728,66.0,51065.487411956,5080.0
1789948051.4,24.0,1.0,80.0,164.0,10.0,2977.0,32.0,3652.0,4420.0,281.0,4596.0,4420.0,0.0,19.0,3143.0,0.9672831062475414,70.0,51119.656411856,5104.0
1789948058.8,32.0,2.0,73.0,163.0,10.0,2985.0,32.0,3655.0,4429.0,282.0,4604.0,4429.0,0.0,19.0,3151.0,0.9780155920323285,68.0,51282.461071437996,5130.0
1789948066.5,30.0,1.0,74.0,165.0,10.0,2989.0,32.0,3659.0,4436.0,282.0,4613.0,4436.0,0.0,19.0,3154.0,0.9930841647891857,68.0,51309.308701024,5152.0
1789948074.0,31.0,2.0,70.0,167.0,10.0,2995.0,32.0,3663.0,4445.0,282.0,4624.0,4445.0,0.0,19.0,3160.0,0.9819064478060294,70.0,51376.459707736,5178.0
1789948081.5,3.0,0.0,102.0,165.0,10.0,3003.0,32.0,3668.0,4457.0,282.0,4634.0,4457.0,0.0,19.0,3165.0,1.0221734971211958,72.0,51506.132660063995,5212.0
1789948089.2,14.0,0.0,91.0,165.0,10.0,3013.0,32.0,3669.0,4468.0,282.0,4645.0,4468.0,0.0,19.0,3174.0,0.9738516074813146,72.0,51742.815441552,5236.0
1789948096.6,16.0,1.0,89.0,164.0,10.0,3019.0,32.0,3670.0,4478.0,282.0,4654.0,4478.0,0.0,19.0,3181.0,0.9748556127740228,70.0,51865.936268098,5258.0
1789948104.1,24.0,0.0,81.0,165.0,10.0,3026.0,32.0,3672.0,4486.0,282.0,4663.0,4486.0,0.0,19.0,3188.0,0.9966527196652719,72.0,53541.766656497995,5278.0
1789948111.5,31.0,0.0,74.0,165.0,10.0,3032.0,32.0,3673.0,4494.0,282.0,4671.0,4494.0,0.0,19.0,3194.0,0.98896577620427,66.0,53665.62666586,5296.0
1789948118.9,37.0,0.0,70.0,164.0,10.0,3040.0,32.0,3675.0,4506.0,283.0,4682.0,4506.0,0.0,19.0,3202.0,0.9843856167077925,64.0,53913.971600572,5326.0
1789948126.4,27.0,0.0,81.0,163.0,10.0,3044.0,32.0,3679.0,4511.0,283.0,4686.0,4511.0,0.0,20.0,3206.0,0.99919357722705,60.0,57563.335860524,5344.0
1789948133.9,30.0,1.0,78.0,162.0,10.0,3047.0,32.0,3684.0,4517.0,283.0,4691.0,4517.0,0.0,21.0,3209.0,0.9880422343811465,62.0,61283.411444474,5366.0
1789948141.3,23.0,1.0,82.0,165.0,10.0,3050.0,32.0,3686.0,4522.0,283.0,4698.0,4522.0,0.0,21.0,3212.0,0.9669894145835568,66.0,61332.647883371,5379.0
1789948149.1,36.0,1.0,70.0,165.0,10.0,3057.0,32.0,3690.0,4535.0,284.0,4712.0,4535.0,0.0,21.0,3220.0,0.9875545363516075,66.0,61470.448328364,5416.0
1789948156.9,33.0,0.0,69.0,170.0,10.0,3065.0,32.0,3695.0,4546.0,284.0,4728.0,4546.0,0.0,22.0,3228.0,0.9885706111647534,68.0,67608.986333998,5448.0
1789948164.1,30.0,0.0,73.0,169.0,10.0,3068.0,32.0,3697.0,4552.0,284.0,4733.0,4552.0,0.0,22.0,3231.0,0.988668955405357,76.0,67641.35216347,5464.0
1789948171.4,28.0,1.0,75.0,168.0,10.0,3074.0,32.0,3698.0,4561.0,284.0,4741.0,4561.0,0.0,22.0,3237.0,0.9876202481851017,70.0,67833.079604912,5484.0
1789948178.9,35.0,1.0,68.0,168.0,10.0,3079.0,32.0,3701.0,4568.0,284.0,4748.0,4568.0,0.0,23.0,3243.0,0.9697135500482781,76.0,71510.183325452,5504.0
1789948187.3,28.0,0.0,76.0,168.0,10.0,3085.0,32.0,3705.0,4575.0,284.0,4755.0,4575.0,0.0,23.0,3249.0,0.9949974072882023,74.0,71624.077073476,5526.0
1789948194.9,35.0,0.0,68.0,169.0,11.0,3090.0,32.0,3709.0,4583.0,284.0,4764.0,4583.0,0.0,23.0,3255.0,0.9964131173336195,76.0,71710.349063988,5550.0
1789948202.6,25.0,1.0,77.0,170.0,11.0,3097.0,32.0,3713.0,4594.0,285.0,4776.0,4594.0,0.0,23.0,3261.0,0.9906716017594679,76.0,71872.621755648,5582.0
1789948210.1,38.0,0.0,66.0,163.0,11.0,3108.0,32.0,3718.0,4606.0,286.0,4788.0,4606.0,0.0,23.0,3272.0,1.0068224081822408,70.0,39507.833113158,4914.0
1789948217.4,37.0,3.0,65.0,163.0,11.0,3112.0,32.0,3724.0,4612.0,287.0,4794.0,4612.0,0.0,23.0,3276.0,0.9956218932160354,70.0,39622.146807792,4940.0
1789948224.9,32.0,2.0,71.0,163.0,11.0,3118.0,32.0,3732.0,4618.0,287.0,4800.0,4618.0,0.0,23.0,3281.0,0.9958096413117333,66.0,39779.288386506,4968.0
1789948232.2,41.0,0.0,63.0,165.0,11.0,3125.0,32.0,3735.0,4628.0,288.0,4812.0,4628.0,0.0,23.0,3288.0,0.994303633372671,70.0,40282.741635854,4996.0
1789948239.6,45.0,1.0,60.0,164.0,11.0,3129.0,32.0,3742.0,4634.0,289.0,4817.0,4634.0,0.0,23.0,3292.0,0.9783437041805243,70.0,40323.778444065996,5024.0
1789948247.1,20.0,1.0,85.0,165.0,11.0,3135.0,32.0,3747.0,4643.0,290.0,4827.0,4643.0,0.0,24.0,3299.0,1.013362300182384,62.0,44042.200261816,5054.0
1789948254.7,23.0,1.0,81.0,166.0,11.0,3139.0,32.0,3753.0,4650.0,290.0,4835.0,4650.0,0.0,24.0,3303.0,0.9814326073740299,66.0,44064.332748741996,5080.0
1789948262.2,17.0,0.0,87.0,167.0,11.0,3144.0,32.0,3757.0,4655.0,290.0,4841.0,4655.0,0.0,24.0,3308.0,0.972179308371777,70.0,44186.039736192,5098.0
1789948270.0,19.0,0.0,87.0,165.0,11.0,3153.0,32.0,3762.0,4670.0,290.0,4854.0,4670.0,0.0,24.0,3321.0,0.9633877802810857,66.0,44391.739520026,5138.0
1789948277.9,18.0,0.0,88.0,165.0,11.0,3158.0,32.0,3762.0,4681.0,290.0,4865.0,4681.0,0.0,24.0,3327.0,0.9714913457068268,64.0,44445.739800336,5160.0
1789948285.5,24.0,2.0,82.0,163.0,11.0,3167.0,32.0,3767.0,4691.0,290.0,4873.0,4691.0,0.0,24.0,3336.0,1.0336399885563066,60.0,47701.36811569,5190.0
1789948292.8,12.0,0.0,96.0,163.0,11.0,3170.0,32.0,3774.0,4695.0,290.0,4877.0,4695.0,0.0,24.0,3338.0,1.072091245574509,60.0,47981.124983398,5212.0
1789948300.3,19.0,1.0,84.0,167.0,11.0,3173.0,32.0,3777.0,4704.0,290.0,4890.0,4704.0,0.0,24.0,3341.0,0.9855568072095269,68.0,48004.778587346,5236.0
1789948307.8,31.0,0.0,76.0,165.0,11.0,3180.0,32.0,3779.0,4715.0,291.0,4899.0,4715.0,0.0,24.0,3347.0,0.9955655687873262,66.0,48072.262315156,5264.0
1789948315.3,29.0,0.0,77.0,166.0,11.0,3187.0,32.0,3784.0,4723.0,291.0,4908.0,4723.0,0.0,24.0,3353.0,0.991010442370275,64.0,48221.73028217,5290.0
1789948323.3,29.0,1.0,76.0,166.0,11.0,3192.0,32.0,3791.0,4731.0,291.0,4916.0,4731.0,0.0,24.0,3358.0,0.9784599291921467,64.0,48284.640792218,5320.0
1789948330.9,27.0,0.0,78.0,167.0,11.0,3196.0,32.0,3796.0,4736.0,291.0,4922.0,4736.0,0.0,24.0,3360.0,0.9949415298787684,66.0,48326.40439987,5340.0
1789948338.4,34.0,1.0,70.0,168.0,11.0,3202.0,32.0,3801.0,4746.0,292.0,4933.0,4746.0,0.0,24.0,3366.0,0.9987693559346279,66.0,48733.078188266,5372.0
1789948345.9,43.0,0.0,62.0,168.0,11.0,3209.0,32.0,3803.0,4756.0,292.0,4943.0,4756.0,0.0,24.0,3373.0,0.9974014769516861,66.0,48876.016997442,5396.0
1789948353.4,50.0,3.0,57.0,165.0,11.0,3215.0,32.0,3810.0,4764.0,294.0,4948.0,4764.0,0.0,24.0,3378.0,1.0006294031398635,62.0,49032.341923042,5430.0
1789948360.8,8.0,0.0,99.0,169.0,11.0,3221.0,32.0,3813.0,4771.0,295.0,4959.0,4771.0,0.0,24.0,3384.0,1.000790330079033,64.0,49267.740227901995,5452.0
1789948368.3,15.0,0.0,93.0,168.0,11.0,3226.0,32.0,3815.0,4778.0,295.0,4965.0,4778.0,0.0,25.0,3389.0,0.99970586131674,66.0,53126.621670472,5470.0
1789948375.9,11.0,0.0,94.0,171.0,11.0,3233.0,32.0,3818.0,4785.0,295.0,4975.0,4785.0,0.0,25.0,3394.0,0.9755547509208597,66.0,53234.933984058,5490.0
1789948383.6,18.0,0.0,90.0,168.0,11.0,3237.0,32.0,3820.0,4792.0,295.0,4979.0,4792.0,0.0,26.0,3400.0,0.9988167399778278,64.0,56878.129553142,5508.0
1789948391.2,19.0,1.0,86.0,170.0,11.0,3240.0,32.0,3823.0,4797.0,295.0,4986.0,4797.0,0.0,26.0,3403.0,0.9799708543432393,68.0,56952.99494408,5524.0
1789948398.8,15.0,0.0,90.0,171.0,11.0,3246.0,32.0,3826.0,4803.0,295.0,4993.0,4803.0,0.0,27.0,3409.0,0.9801112183957372,70.0,60666.528925162,5542.0
1789948406.4,12.0,0.0,91.0,173.0,11.0,3253.0,32.0,3829.0,4813.0,295.0,5005.0,4813.0,0.0,27.0,3416.0,1.0269195007688732,72.0,60822.494311769995,5568.0
1789948414.0,21.0,2.0,83.0,170.0,11.0,3261.0,32.0,3831.0,4824.0,295.0,5013.0,4824.0,0.0,27.0,3425.0,0.9843292922790831,66.0,61037.978501036,5594.0
1789948421.6,20.0,0.0,87.0,169.0,11.0,3267.0,32.0,3838.0,4831.0,295.0,5019.0,4831.0,0.0,27.0,3431.0,0.9993366233952008,64.0,61163.134901136,5622.0
1789948429.4,26.0,0.0,82.0,169.0,11.0,3270.0,32.0,3843.0,4837.0,296.0,5025.0,4837.0,0.0,27.0,3434.0,1.0015024317848586,64.0,61206.326022718,5646.0
1789948437.5,15.0,0.0,89.0,173.0,11.0,3275.0,32.0,3846.0,4846.0,296.0,5038.0,4846.0,0.0,27.0,3440.0,0.9601071058184029,72.0,61942.592757078,5670.0
1789948445.1,28.0,1.0,77.0,171.0,11.0,3282.0,32.0,3848.0,4860.0,296.0,5050.0,4860.0,0.0,27.0,3454.0,1.0107391910739192,68.0,62082.059822156,5702.0
1789948452.6,26.0,1.0,79.0,172.0,11.0,3290.0,32.0,3848.0,4869.0,297.0,5060.0,4869.0,0.0,27.0,3460.0,0.972302685691807,70.0,62156.572691492,5722.0
1789948460.2,33.0,0.0,74.0,171.0,11.0,3295.0,32.0,3851.0,4877.0,297.0,5067.0,4877.0,0.0,27.0,3467.0,1.0167560705217609,64.0,62405.19850514,5744.0
1789948468.0,23.0,2.0,83.0,171.0,11.0,3302.0,32.0,3852.0,4886.0,298.0,5076.0,4886.0,0.0,27.0,3474.0,0.9850315595608483,68.0,62531.199467859995,5766.0
1789948475.7,19.0,0.0,86.0,174.0,11.0,3307.0,32.0,3856.0,4896.0,298.0,5089.0,4896.0,0.0,27.0,3480.0,0.9660479919894146,68.0,63065.099179648,5794.0
1789948483.4,21.0,3.0,82.0,173.0,11.0,3310.0,32.0,3859.0,4902.0,298.0,5094.0,4902.0,0.0,27.0,3484.0,1.008472356328005,66.0,63104.30853984,5812.0
1789948491.3,26.0,1.0,80.0,172.0,11.0,3318.0,32.0,3862.0,4915.0,298.0,5106.0,4915.0,0.0,27.0,3491.0,1.0113739584450883,62.0,63465.277836402,5844.0
1789948499.1,19.0,0.0,84.0,176.0,11.0,3323.0,32.0,3865.0,4922.0,298.0,5117.0,4922.0,0.0,27.0,3496.0,0.9767947823910167,66.0,63740.475423224,5864.0
1789948507.0,24.0,2.0,79.0,174.0,11.0,3329.0,32.0,3869.0,4930.0,298.0,5123.0,4930.0,0.0,27.0,3503.0,0.9699366126667381,68.0,63814.679371622,5888.0
1789948515.0,26.0,0.0,80.0,167.0,11.0,3333.0,32.0,3874.0,4935.0,298.0,5127.0,4935.0,0.0,27.0,3508.0,0.9710805349926689,64.0,35638.851198304,5404.0
1789948522.5,32.0,1.0,73.0,168.0,11.0,3337.0,32.0,3877.0,4941.0,299.0,5134.0,4941.0,0.0,27.0,3511.0,0.9813204055358867,68.0,35704.954289976,5424.0
1789948530.0,18.0,1.0,86.0,169.0,11.0,3342.0,32.0,3879.0,4949.0,299.0,5143.0,4949.0,0.0,27.0,3515.0,0.9969043915173622,64.0,35761.636604479994,5444.0
1789948537.6,6.0,0.0,101.0,168.0,11.0,3348.0,32.0,3881.0,4955.0,300.0,5148.0,4955.0,0.0,28.0,3520.0,1.0372702320924079,64.0,39662.710281476,5462.0
1789948545.1,9.0,0.0,96.0,170.0,11.0,3350.0,32.0,3884.0,4958.0,300.0,5153.0,4958.0,0.0,28.0,3522.0,0.9899885563065479,68.0,39796.423303956,5474.0
1789948552.6,15.0,0.0,90.0,170.0,11.0,3355.0,32.0,3886.0,4964.0,300.0,5159.0,4964.0,0.0,28.0,3526.0,0.9948874405464364,64.0,39885.035276787996,5490.0
1789948560.4,6.0,0.0,98.0,171.0,11.0,3362.0,32.0,3888.0,4973.0,300.0,5169.0,4973.0,0.0,29.0,3532.0,1.0006074991953653,66.0,43635.520053592,5512.0
1789948567.9,12.0,0.0,91.0,172.0,11.0,3367.0,32.0,3889.0,4979.0,300.0,5176.0,4979.0,0.0,29.0,3537.0,0.971248614240246,68.0,43730.233657649995,5526.0
1789948575.6,22.0,0.0,82.0,171.0,11.0,3375.0,32.0,3892.0,4989.0,300.0,5185.0,4989.0,0.0,29.0,3544.0,0.9806512176805063,62.0,43833.957102894,5552.0
1789948583.1,22.0,3.0,82.0,168.0,11.0,3380.0,32.0,3895.0,4996.0,300.0,5189.0,4996.0,0.0,29.0,3550.0,0.9959602868075671,60.0,44058.15670504,5572.0
1789948590.6,29.0,0.0,76.0,170.0,11.0,3384.0,32.0,3898.0,5001.0,300.0,5196.0,5001.0,0.0,29.0,3555.0,0.9951395594178021,62.0,44190.18592405,5588.0
1789948598.2,18.0,1.0,87.0,169.0,11.0,3388.0,32.0,3903.0,5005.0,300.0,5199.0,5005.0,0.0,29.0,3558.0,0.9959343596895898,60.0,44608.728346767995,5606.0
1789948605.8,22.0,0.0,81.0,172.0,11.0,3391.0,32.0,3906.0,5010.0,300.0,5207.0,5010.0,0.0,29.0,3563.0,0.9707215785144655,62.0,44676.189637428,5622.0
1789948613.6,16.0,1.0,86.0,172.0,11.0,3394.0,32.0,3910.0,5016.0,300.0,5213.0,5016.0,0.0,29.0,3567.0,0.9715852197546758,62.0,46176.840262702,5642.0
1789948621.1,26.0,2.0,74.0,173.0,11.0,3400.0,32.0,3910.0,5028.0,300.0,5226.0,5028.0,0.0,30.0,3575.0,0.9711498229803669,62.0,49873.520121274,5666.0
1789948628.7,23.0,0.0,81.0,171.0,11.0,3406.0,32.0,3914.0,5036.0,300.0,5232.0,5036.0,0.0,30.0,3581.0,0.98798859206809,62.0,49945.111996039996,5690.0
1789948636.3,22.0,2.0,82.0,169.0,11.0,3415.0,32.0,3915.0,5046.0,300.0,5240.0,5046.0,0.0,30.0,3588.0,0.9857405321317455,56.0,50107.298127784,5712.0
1789948643.9,29.0,2.0,75.0,169.0,11.0,3417.0,32.0,3919.0,5053.0,300.0,5247.0,5053.0,0.0,30.0,3589.0,0.9852501519865536,56.0,50127.192921707996,5734.0
1789948651.7,20.0,1.0,85.0,169.0,11.0,3420.0,32.0,3925.0,5061.0,300.0,5255.0,5061.0,0.0,30.0,3591.0,1.039499964238458,56.0,50664.485354852,5762.0
1789948659.2,14.0,1.0,88.0,172.0,11.0,3424.0,32.0,3926.0,5070.0,300.0,5267.0,5070.0,0.0,30.0,3597.0,0.9912661373958445,62.0,50935.223969578,5782.0
1789948666.7,22.0,1.0,82.0,171.0,11.0,3429.0,32.0,3929.0,5079.0,301.0,5275.0,5079.0,0.0,30.0,3603.0,0.9991220541429746,54.0,51273.371066462,5808.0
1789948674.2,17.0,0.0,88.0,172.0,11.0,3433.0,32.0,3931.0,5087.0,302.0,5284.0,5087.0,0.0,30.0,3607.0,0.9959772735400351,58.0,51354.324933172,5830.0
1789948681.9,11.0,0.0,93.0,173.0,11.0,3435.0,32.0,3933.0,5093.0,302.0,5291.0,5093.0,0.0,30.0,3609.0,0.9983133962736473,56.0,51389.320799704,5846.0
1789948689.5,19.0,1.0,82.0,175.0,11.0,3443.0,32.0,3934.0,5102.0,302.0,5302.0,5102.0,0.0,31.0,3616.0,0.9992329149232915,56.0,55057.404600363996,5866.0
1789948697.2,19.0,0.0,84.0,174.0,11.0,3449.0,32.0,3935.0,5111.0,302.0,5310.0,5111.0,0.0,31.0,3621.0,0.9568233022207918,56.0,55183.04662504,5886.0
1789948704.9,23.0,1.0,80.0,173.0,11.0,3451.0,32.0,3938.0,5116.0,302.0,5314.0,5116.0,0.0,31.0,3624.0,1.0003021850302185,58.0,55234.045213517995,5902.0
1789948712.6,29.0,2.0,72.0,174.0,11.0,3457.0,32.0,3939.0,5124.0,302.0,5323.0,5124.0,0.0,31.0,3629.0,0.9855979329828702,46.0,55402.343454402,5920.0
1789948720.0,34.0,0.0,67.0,176.0,11.0,3462.0,32.0,3939.0,5129.0,302.0,5330.0,5129.0,0.0,31.0,3634.0,0.9918387690877231,36.0,59643.059020818,5930.0
1789948727.5,34.0,3.0,62.0,178.0,11.0,3465.0,32.0,3939.0,5132.0,302.0,5335.0,5132.0,0.0,31.0,3637.0,0.9956053535028431,30.0,60887.04106792,5936.0
1789948735.1,33.0,5.0,58.0,181.0,11.0,3469.0,32.0,3939.0,5136.0,302.0,5342.0,5136.0,0.0,31.0,3641.0,0.9914726603011121,22.0,66943.3765204,5944.0
1789948742.6,33.0,1.0,58.0,185.0,11.0,3470.0,32.0,3939.0,5137.0,302.0,5347.0,5137.0,0.0,31.0,3642.0,0.9915441833851876,20.0,67159.129399086,5946.0
1789948750.1,32.0,4.0,58.0,183.0,11.0,3472.0,32.0,3939.0,5139.0,302.0,5347.0,5139.0,0.0,31.0,3644.0,1.0767254944033187,16.0,70813.313484428,5950.0
1789948757.6,30.0,1.0,53.0,193.0,11.0,3473.0,32.0,3939.0,5140.0,302.0,5358.0,5140.0,0.0,31.0,3645.0,0.8844446232521547,14.0,72049.58902143,5952.0
1789948765.2,29.0,3.0,47.0,198.0,11.0,3474.0,32.0,3939.0,5141.0,302.0,5364.0,5141.0,0.0,31.0,3646.0,0.8313280048635697,12.0,73584.353191326,5954.0
1789948772.8,24.0,7.0,44.0,202.0,11.0,3475.0,32.0,3939.0,5142.0,302.0,5369.0,5142.0,0.0,31.0,3647.0,0.7805488502664235,10.0,75016.774592512,5956.0
1789948780.6,22.0,9.0,40.0,206.0,11.0,3476.0,32.0,3939.0,5143.0,302.0,5374.0,5143.0,0.0,31.0,3648.0,0.7086690448092122,8.0,77270.003988434,5958.0
1789948788.1,22.0,11.0,34.0,210.0,11.0,3478.0,32.0,3939.0,5145.0,302.0,5380.0,5145.0,0.0,31.0,3650.0,0.6610449522583414,4.0,82265.11380234,5962.0
1789948796.0,20.0,14.0,25.0,218.0,11.0,3479.0,32.0,3939.0,5146.0,302.0,5389.0,5146.0,0.0,31.0,3651.0,0.6353364267067196,2.0,83479.277129618,5964.0
1789948803.7,17.0,18.0,22.0,220.0,11.0,3480.0,32.0,3939.0,5147.0,302.0,5392.0,5147.0,0.0,31.0,3652.0,0.5818916961699389,,86996.127001426,5966.0
1789948811.3,16.0,18.0,19.0,220.0,11.0,3480.0,32.0,3939.0,5147.0,302.0,5396.0,5147.0,0.0,31.0,3652.0,0.5825362979651683,,19696.025482816,4064.0
1789948818.9,14.0,20.0,19.0,220.0,11.0,3480.0,32.0,3939.0,5147.0,302.0,5396.0,5147.0,0.0,31.0,3652.0,0.5836002038407896,,19696.025482816,4064.0
1789948826.2,12.0,22.0,17.0,222.0,11.0,3480.0,32.0,3939.0,5147.0,302.0,5398.0,5147.0,0.0,31.0,3652.0,0.5846194077888639,,19696.025482816,4064.0
1789948833.6,0.0,34.0,0.0,239.0,11.0,3480.0,32.0,3939.0,5147.0,302.0,5415.0,5147.0,0.0,31.0,3652.0,0.4977559632371348,,19696.025482816,4064.0
1789948840.9,0.0,34.0,0.0,239.0,11.0,3480.0,32.0,3939.0,5147.0,302.0,5415.0,5147.0,0.0,31.0,3652.0,0.4977559632371348,,19696.025482816,4064.0
1789948848.1,0.0,34.0,0.0,239.0,11.0,3480.0,32.0,3939.0,5147.0,302.0,5415.0,5147.0,0.0,31.0,3652.0,0.4977559632371348,,19696.025482816,4064.0
1789948855.3,0.0,34.0,0.0,239.0,11.0,3480.0,32.0,3939.0,5147.0,302.0,5415.0,5147.0,0.0,31.0,3652.0,0.4977559632371348,,19696.025482816,4064.0
1789948862.5,0.0,34.0,0.0,239.0,11.0,3480.0,32.0,3939.0,5147.0,302.0,5415.0,5147.0,0.0,31.0,3652.0,0.4977559632371348,,19696.025482816,4064.0
1789948869.7,0.0,34.0,0.0,239.0,11.0,3480.0,32.0,3939.0,5147.0,302.0,5415.0,5147.0,0.0,31.0,3652.0,0.4977559632371348,,19696.025482816,4064.0
1789948876.8,0.0,34.0,0.0,239.0,11.0,3480.0,32.0,3939.0,5147.0,302.0,5415.0,5147.0,0.0,31.0,3652.0,0.4977559632371348,,19696.025482816,4064.0
1789948884.0,0.0,34.0,0.0,239.0,11.0,3480.0,32.0,3939.0,5147.0,302.0,5415.0,5147.0,0.0,31.0,3652.0,0.4977559632371348,,19696.025482816,4064.0
1789948891.2,0.0,34.0,0.0,239.0,11.0,3480.0,32.0,3939.0,5147.0,302.0,5415.0,5147.0,0.0,31.0,3652.0,0.4977559632371348,,19696.025482816,4064.0
1789948898.3,0.0,34.0,0.0,239.0,11.0,3480.0,32.0,3939.0,5147.0,302.0,5415.0,5147.0,0.0,31.0,3652.0,0.4977559632371348,,19696.025482816,4064.0
1789948905.5,0.0,34.0,0.0,239.0,11.0,3480.0,32.0,3939.0,5147.0,302.0,5415.0,5147.0,0.0,31.0,3652.0,0.4977559632371348,,19696.025482816,4064.0
1789948912.7,0.0,34.0,0.0,239.0,11.0,3480.0,32.0,3939.0,5147.0,302.0,5415.0,5147.0,0.0,31.0,3652.0,0.4977559632371348,,19696.025482816,4064.0
1789948920.1,0.0,34.0,0.0,239.0,11.0,3480.0,32.0,3939.0,5147.0,302.0,5415.0,5147.0,0.0,31.0,3652.0,0.4977559632371348,,19696.025482816,4064.0
1789948927.4,0.0,34.0,0.0,239.0,11.0,3480.0,32.0,3939.0,5147.0,302.0,5415.0,5147.0,0.0,31.0,3652.0,0.4977559632371348,,19696.025482816,4064.0
1789948934.8,0.0,34.0,0.0,239.0,11.0,3480.0,32.0,3939.0,5147.0,302.0,5415.0,5147.0,0.0,31.0,3652.0,0.4977559632371348,,19696.025482816,4064.0
1789948942.2,0.0,34.0,0.0,239.0,11.0,3480.0,32.0,3939.0,5147.0,302.0,5415.0,5147.0,0.0,31.0,3652.0,0.4977559632371348,,19696.025482816,4064.0
1789948949.9,0.0,34.0,0.0,239.0,11.0,3480.0,32.0,3939.0,5147.0,302.0,5415.0,5147.0,0.0,31.0,3652.0,0.4977559632371348,,19696.025482816,4064.0
1789948957.4,0.0,34.0,0.0,239.0,11.0,3480.0,32.0,3939.0,5147.0,302.0,5415.0,5147.0,0.0,31.0,3652.0,0.4977559632371348,,19696.025482816,4064.0
1789948965.5,0.0,34.0,0.0,239.0,11.0,3480.0,32.0,3939.0,5147.0,302.0,5415.0,5147.0,0.0,31.0,3652.0,0.4977559632371348,,19696.025482816,4064.0
1789948973.3,0.0,34.0,0.0,239.0,11.0,3480.0,32.0,3939.0,5147.0,302.0,5415.0,5147.0,0.0,31.0,3652.0,0.4977559632371348,,19696.025482816,4064.0
1789948981.2,0.0,34.0,0.0,239.0,11.0,3480.0,32.0,3939.0,5147.0,302.0,5415.0,5147.0,0.0,31.0,3652.0,0.4977559632371348,,19696.025482816,4064.0
1789948988.8,0.0,34.0,0.0,239.0,11.0,3480.0,32.0,3939.0,5147.0,302.0,5415.0,5147.0,0.0,31.0,3652.0,0.4977559632371348,,19696.025482816,4064.0
1789948996.1,0.0,34.0,0.0,239.0,11.0,3480.0,32.0,3939.0,5147.0,302.0,5415.0,5147.0,0.0,31.0,3652.0,0.4977559632371348,,19696.025482816,4064.0
1789949003.4,0.0,34.0,0.0,239.0,11.0,3480.0,32.0,3939.0,5147.0,302.0,5415.0,5147.0,0.0,31.0,3652.0,0.4977559632371348,,19696.025482816,4064.0
1789949010.6,0.0,34.0,0.0,239.0,11.0,3480.0,32.0,3939.0,5147.0,302.0,5415.0,5147.0,0.0,31.0,3652.0,0.4977559632371348,,19696.025482816,4064.0
1789949018.1,0.0,34.0,0.0,239.0,11.0,3480.0,32.0,3939.0,5147.0,302.0,5415.0,5147.0,0.0,31.0,3652.0,0.4977559632371348,,19696.025482816,4064.0
1789949025.4,0.0,34.0,0.0,239.0,11.0,3480.0,32.0,3939.0,5147.0,302.0,5415.0,5147.0,0.0,31.0,3652.0,0.4977559632371348,,19696.025482816,4064.0
1789949032.6,0.0,34.0,0.0,239.0,11.0,3480.0,32.0,3939.0,5147.0,302.0,5415.0,5147.0,0.0,31.0,3652.0,0.4977559632371348,,19696.025482816,4064.0
1789949040.1,0.0,34.0,0.0,239.0,11.0,3480.0,32.0,3939.0,5147.0,302.0,5415.0,5147.0,0.0,31.0,3652.0,0.4977559632371348,,19696.025482816,4064.0
1789949047.6,0.0,34.0,0.0,239.0,11.0,3480.0,32.0,3939.0,5147.0,302.0,5415.0,5147.0,0.0,31.0,3652.0,0.4977559632371348,,19696.025482816,4064.0
1789949055.0,0.0,34.0,0.0,239.0,11.0,3480.0,32.0,3939.0,5147.0,302.0,5415.0,5147.0,0.0,31.0,3652.0,0.4977559632371348,,19696.025482816,4064.0
1789949062.4,0.0,34.0,0.0,239.0,11.0,3480.0,32.0,3939.0,5147.0,302.0,5415.0,5147.0,0.0,31.0,3652.0,0.4977559632371348,,19696.025482816,4064.0
1789949069.6,0.0,34.0,0.0,239.0,11.0,3480.0,32.0,3939.0,5147.0,302.0,5415.0,5147.0,0.0,31.0,3652.0,0.4977559632371348,,19696.025482816,4064.0
1789949076.8,0.0,34.0,0.0,239.0,11.0,3480.0,32.0,3939.0,5147.0,302.0,5415.0,5147.0,0.0,31.0,3652.0,0.4977559632371348,,19696.025482816,4064.0
1789949084.1,0.0,34.0,0.0,239.0,11.0,3480.0,32.0,3939.0,5147.0,302.0,5415.0,5147.0,0.0,31.0,3652.0,0.4977559632371348,,19696.025482816,4064.0
1789949091.2,0.0,34.0,0.0,239.0,11.0,3480.0,32.0,3939.0,5147.0,302.0,5415.0,5147.0,0.0,31.0,3652.0,0.4977559632371348,,19696.025482816,4064.0
1789949098.5,0.0,34.0,0.0,239.0,11.0,3480.0,32.0,3939.0,5147.0,302.0,5415.0,5147.0,0.0,31.0,3652.0,0.4977559632371348,,19696.025482816,4064.0
1789949105.8,0.0,34.0,0.0,239.0,11.0,3480.0,32.0,3939.0,5147.0,302.0,5415.0,5147.0,0.0,31.0,3652.0,0.4977559632371348,,19696.025482816,4064.0
1789949113.0,0.0,34.0,0.0,232.0,11.0,3480.0,32.0,3939.0,5147.0,302.0,5415.0,5147.0,0.0,31.0,3652.0,0.4977559632371348,,,
1789949119.8,0.0,34.0,0.0,232.0,11.0,3480.0,32.0,3939.0,5147.0,302.0,5415.0,5147.0,0.0,31.0,3652.0,0.4977559632371348,,,
1789949126.5,0.0,34.0,0.0,232.0,11.0,3480.0,32.0,3939.0,5147.0,302.0,5415.0,5147.0,0.0,31.0,3652.0,0.4977559632371348,,,
1789949133.1,0.0,34.0,0.0,232.0,11.0,3480.0,32.0,3939.0,5147.0,302.0,5415.0,5147.0,0.0,31.0,3652.0,0.4977559632371348,,,
1789949139.8,0.0,34.0,0.0,232.0,11.0,3480.0,32.0,3939.0,5147.0,302.0,5415.0,5147.0,0.0,31.0,3652.0,0.4977559632371348,,,
1789949146.4,0.0,34.0,0.0,232.0,11.0,3480.0,32.0,3939.0,5147.0,302.0,5415.0,5147.0,0.0,31.0,3652.0,0.4977559632371348,,,
1789949153.1,0.0,34.0,0.0,232.0,11.0,3480.0,32.0,3939.0,5147.0,302.0,5415.0,5147.0,0.0,31.0,3652.0,0.4977559632371348,,,
1789949159.8,0.0,34.0,0.0,232.0,11.0,3480.0,32.0,3939.0,5147.0,302.0,5415.0,5147.0,0.0,31.0,3652.0,0.4977559632371348,,,
1789949166.5,0.0,34.0,0.0,232.0,11.0,3480.0,32.0,3939.0,5147.0,302.0,5415.0,5147.0,0.0,31.0,3652.0,0.4977559632371348,,,
1789949173.2,0.0,34.0,0.0,232.0,11.0,3480.0,32.0,3939.0,5147.0,302.0,5415.0,5147.0,0.0,31.0,3652.0,0.4977559632371348,,,
1789949179.8,0.0,34.0,0.0,232.0,11.0,3480.0,32.0,3939.0,5147.0,302.0,5415.0,5147.0,0.0,31.0,3652.0,0.4977559632371348,,,
1789949186.5,0.0,34.0,0.0,232.0,11.0,3480.0,32.0,3939.0,5147.0,302.0,5415.0,5147.0,0.0,31.0,3652.0,0.4977559632371348,,,
1789949193.1,0.0,34.0,0.0,232.0,11.0,3480.0,32.0,3939.0,5147.0,302.0,5415.0,5147.0,0.0,31.0,3652.0,0.4977559632371348,,,
1789949199.8,0.0,34.0,0.0,232.0,11.0,3480.0,32.0,3939.0,5147.0,302.0,5415.0,5147.0,0.0,31.0,3652.0,0.4977559632371348,,,
1789949206.5,0.0,34.0,0.0,232.0,11.0,3480.0,32.0,3939.0,5147.0,302.0,5415.0,5147.0,0.0,31.0,3652.0,0.4977559632371348,,,
1789949213.1,0.0,34.0,0.0,232.0,11.0,3480.0,32.0,3939.0,5147.0,302.0,5415.0,5147.0,0.0,31.0,3652.0,0.4977559632371348,,,
1789949219.8,0.0,34.0,0.0,232.0,11.0,3480.0,32.0,3939.0,5147.0,302.0,5415.0,5147.0,0.0,31.0,3652.0,0.4977559632371348,,,
1789949226.5,0.0,34.0,0.0,232.0,11.0,3480.0,32.0,3939.0,5147.0,302.0,5415.0,5147.0,0.0,31.0,3652.0,0.4977559632371348,,,
1789949233.1,0.0,34.0,0.0,232.0,11.0,3480.0,32.0,3939.0,5147.0,302.0,5415.0,5147.0,0.0,31.0,3652.0,0.4977559632371348,,,
1789949239.8,0.0,34.0,0.0,232.0,11.0,3480.0,32.0,3939.0,5147.0,302.0,5415.0,5147.0,0.0,31.0,3652.0,0.4977559632371348,,,
1789949246.5,0.0,34.0,0.0,232.0,11.0,3480.0,32.0,3939.0,5147.0,302.0,5415.0,5147.0,0.0,31.0,3652.0,0.4977559632371348,,,
1789949253.2,0.0,34.0,0.0,232.0,11.0,3480.0,32.0,3939.0,5147.0,302.0,5415.0,5147.0,0.0,31.0,3652.0,0.4977559632371348,,,
1789949259.8,0.0,34.0,0.0,232.0,11.0,3480.0,32.0,3939.0,5147.0,302.0,5415.0,5147.0,0.0,31.0,3652.0,0.4977559632371348,,,
1789949266.5,0.0,34.0,0.0,232.0,11.0,3480.0,32.0,3939.0,5147.0,302.0,5415.0,5147.0,0.0,31.0,3652.0,0.4977559632371348,,,
1789949273.2,0.0,34.0,0.0,232.0,11.0,3480.0,32.0,3939.0,5147.0,302.0,5415.0,5147.0,0.0,31.0,3652.0,0.4977559632371348,,,
1789949279.8,0.0,34.0,0.0,232.0,11.0,3480.0,32.0,3939.0,5147.0,302.0,5415.0,5147.0,0.0,31.0,3652.0,0.4977559632371348,,,
1789949287.4,0.0,34.0,0.0,232.0,11.0,3480.0,32.0,3939.0,5147.0,302.0,5415.0,5147.0,0.0,31.0,3652.0,0.4977559632371348,,,
1789949294.1,0.0,34.0,0.0,232.0,11.0,3480.0,32.0,3939.0,5147.0,302.0,5415.0,5147.0,0.0,31.0,3652.0,0.4977559632371348,,,
1789949300.8,0.0,34.0,0.0,232.0,11.0,3480.0,32.0,3939.0,5147.0,302.0,5415.0,5147.0,0.0,31.0,3652.0,0.4977559632371348,,,
1789949307.4,0.0,34.0,0.0,232.0,11.0,3480.0,32.0,3939.0,5147.0,302.0,5415.0,5147.0,0.0,31.0,3652.0,0.4977559632371348,,,
1789949314.1,0.0,34.0,0.0,232.0,11.0,3480.0,32.0,3939.0,5147.0,302.0,5415.0,5147.0,0.0,31.0,3652.0,0.4977559632371348,,,
1789949320.8,0.0,34.0,0.0,232.0,11.0,3480.0,32.0,3939.0,5147.0,302.0,5415.0,5147.0,0.0,31.0,3652.0,0.4977559632371348,,,
1789949327.4,0.0,34.0,0.0,232.0,11.0,3480.0,32.0,3939.0,5147.0,302.0,5415.0,5147.0,0.0,31.0,3652.0,0.4977559632371348,,,
1789949334.2,0.0,34.0,0.0,232.0,11.0,3480.0,32.0,3939.0,5147.0,302.0,5415.0,5147.0,0.0,31.0,3652.0,0.4977559632371348,,,
1789949340.9,0.0,34.0,0.0,232.0,11.0,3480.0,32.0,3939.0,5147.0,302.0,5415.0,5147.0,0.0,31.0,3652.0,0.4977559632371348,,,
1789949347.5,0.0,34.0,0.0,232.0,11.0,3480.0,32.0,3939.0,5147.0,302.0,5415.0,5147.0,0.0,31.0,3652.0,0.4977559632371348,,,
1789949354.2,0.0,34.0,0.0,232.0,11.0,3480.0,32.0,3939.0,5147.0,302.0,5415.0,5147.0,0.0,31.0,3652.0,0.4977559632371348,,,
1789949360.9,0.0,34.0,0.0,232.0,11.0,3480.0,32.0,3939.0,5147.0,302.0,5415.0,5147.0,0.0,31.0,3652.0,0.4977559632371348,,,
1789949367.6,0.0,34.0,0.0,232.0,11.0,3480.0,32.0,3939.0,5147.0,302.0,5415.0,5147.0,0.0,31.0,3652.0,0.4977559632371348,,,
1789949374.2,0.0,34.0,0.0,232.0,11.0,3480.0,32.0,3939.0,5147.0,302.0,5415.0,5147.0,0.0,31.0,3652.0,0.4977559632371348,,,
1789949380.9,0.0,34.0,0.0,232.0,11.0,3480.0,32.0,3939.0,5147.0,302.0,5415.0,5147.0,0.0,31.0,3652.0,0.4977559632371348,,,
1789949387.6,0.0,34.0,0.0,232.0,11.0,3480.0,32.0,3939.0,5147.0,302.0,5415.0,5147.0,0.0,31.0,3652.0,0.4977559632371348,,,
1789949394.3,0.0,34.0,0.0,232.0,11.0,3480.0,32.0,3939.0,5147.0,302.0,5415.0,5147.0,0.0,31.0,3652.0,0.4977559632371348,,,
1789949400.9,0.0,34.0,0.0,232.0,11.0,3480.0,32.0,3939.0,5147.0,302.0,5415.0,5147.0,0.0,31.0,3652.0,0.4977559632371348,,,
1789949407.6,0.0,34.0,0.0,232.0,11.0,3480.0,32.0,3939.0,5147.0,302.0,5415.0,5147.0,0.0,31.0,3652.0,0.4977559632371348,,,
1789949414.3,0.0,34.0,0.0,229.0,11.0,3480.0,32.0,3939.0,5147.0,302.0,5415.0,5147.0,0.0,31.0,3652.0,0.4977559632371348,,,
1789949420.9,0.0,34.0,0.0,229.0,11.0,3480.0,32.0,3939.0,5147.0,302.0,5415.0,5147.0,0.0,31.0,3652.0,0.4977559632371348,,,
1789949427.6,0.0,34.0,0.0,229.0,11.0,3480.0,32.0,3939.0,5147.0,302.0,5415.0,5147.0,0.0,31.0,3652.0,0.4977559632371348,,,
1789949434.3,0.0,34.0,0.0,229.0,11.0,3480.0,32.0,3939.0,5147.0,302.0,5415.0,5147.0,0.0,31.0,3652.0,0.4977559632371348,,,
1789949441.0,0.0,34.0,0.0,229.0,11.0,3480.0,32.0,3939.0,5147.0,302.0,5415.0,5147.0,0.0,31.0,3652.0,0.4977559632371348,,,
1789949447.7,0.0,34.0,0.0,229.0,11.0,3480.0,32.0,3939.0,5147.0,302.0,5415.0,5147.0,0.0,31.0,3652.0,0.4977559632371348,,,
1789949454.3,0.0,34.0,0.0,229.0,11.0,3480.0,32.0,3939.0,5147.0,302.0,5415.0,5147.0,0.0,31.0,3652.0,0.4977559632371348,,,
1789949461.0,0.0,34.0,0.0,229.0,11.0,3480.0,32.0,3939.0,5147.0,302.0,5415.0,5147.0,0.0,31.0,3652.0,0.4977559632371348,,,
1789949467.7,0.0,34.0,0.0,229.0,11.0,3480.0,32.0,3939.0,5147.0,302.0,5415.0,5147.0,0.0,31.0,3652.0,0.4977559632371348,,,
1789949474.4,0.0,34.0,0.0,229.0,11.0,3480.0,32.0,3939.0,5147.0,302.0,5415.0,5147.0,0.0,31.0,3652.0,0.4977559632371348,,,
1789949481.1,0.0,34.0,0.0,229.0,11.0,3480.0,32.0,3939.0,5147.0,302.0,5415.0,5147.0,0.0,31.0,3652.0,0.4977559632371348,,,
1789949487.8,0.0,34.0,0.0,229.0,11.0,3480.0,32.0,3939.0,5147.0,302.0,5415.0,5147.0,0.0,31.0,3652.0,0.4977559632371348,,,
1789949494.4,0.0,34.0,0.0,229.0,11.0,3480.0,32.0,3939.0,5147.0,302.0,5415.0,5147.0,0.0,31.0,3652.0,0.4977559632371348,,,
1789949501.0,0.0,34.0,0.0,229.0,11.0,3480.0,32.0,3939.0,5147.0,302.0,5415.0,5147.0,0.0,31.0,3652.0,0.4977559632371348,,,
1789949507.7,0.0,34.0,0.0,229.0,11.0,3480.0,32.0,3939.0,5147.0,302.0,5415.0,5147.0,0.0,31.0,3652.0,0.4977559632371348,,,
1789949514.4,0.0,34.0,0.0,229.0,11.0,3480.0,32.0,3939.0,5147.0,302.0,5415.0,5147.0,0.0,31.0,3652.0,0.4977559632371348,,,
1789949521.0,0.0,34.0,0.0,229.0,11.0,3480.0,32.0,3939.0,5147.0,302.0,5415.0,5147.0,0.0,31.0,3652.0,0.4977559632371348,,,
1789949527.9,0.0,34.0,0.0,229.0,11.0,3480.0,32.0,3939.0,5147.0,302.0,5415.0,5147.0,0.0,31.0,3652.0,0.4977559632371348,,,
1789949534.5,0.0,34.0,0.0,229.0,11.0,3480.0,32.0,3939.0,5147.0,302.0,5415.0,5147.0,0.0,31.0,3652.0,0.4977559632371348,,,
1789949541.2,0.0,34.0,0.0,229.0,11.0,3480.0,32.0,3939.0,5147.0,302.0,5415.0,5147.0,0.0,31.0,3652.0,0.4977559632371348,,,
1789949547.9,0.0,34.0,0.0,229.0,11.0,3480.0,32.0,3939.0,5147.0,302.0,5415.0,5147.0,0.0,31.0,3652.0,0.4977559632371348,,,
1789949554.6,0.0,34.0,0.0,229.0,11.0,3480.0,32.0,3939.0,5147.0,302.0,5415.0,5147.0,0.0,31.0,3652.0,0.4977559632371348,,,
1789949561.3,0.0,34.0,0.0,229.0,11.0,3480.0,32.0,3939.0,5147.0,302.0,5415.0,5147.0,0.0,31.0,3652.0,0.4977559632371348,,,
1789949568.0,0.0,34.0,0.0,229.0,11.0,3480.0,32.0,3939.0,5147.0,302.0,5415.0,5147.0,0.0,31.0,3652.0,0.4977559632371348,,,
1789949574.6,0.0,34.0,0.0,229.0,11.0,3480.0,32.0,3939.0,5147.0,302.0,5415.0,5147.0,0.0,31.0,3652.0,0.4977559632371348,,,
1789949581.4,0.0,34.0,0.0,229.0,11.0,3480.0,32.0,3939.0,5147.0,302.0,5415.0,5147.0,0.0,31.0,3652.0,0.4977559632371348,,,
1789949588.0,0.0,34.0,0.0,229.0,11.0,3480.0,32.0,3939.0,5147.0,302.0,5415.0,5147.0,0.0,31.0,3652.0,0.4977559632371348,,,
1789949594.7,0.0,34.0,0.0,229.0,11.0,3480.0,32.0,3939.0,5147.0,302.0,5415.0,5147.0,0.0,31.0,3652.0,0.4977559632371348,,,
1789949601.5,0.0,34.0,0.0,229.0,11.0,3480.0,32.0,3939.0,5147.0,302.0,5415.0,5147.0,0.0,31.0,3652.0,0.4977559632371348,,,
1789949608.1,0.0,34.0,0.0,229.0,11.0,3480.0,32.0,3939.0,5147.0,302.0,5415.0,5147.0,0.0,31.0,3652.0,0.4977559632371348,,,
1789949614.8,0.0,34.0,0.0,229.0,11.0,3480.0,32.0,3939.0,5147.0,302.0,5415.0,5147.0,0.0,31.0,3652.0,0.4977559632371348,,,
1789949621.4,0.0,34.0,0.0,229.0,11.0,3480.0,32.0,3939.0,5147.0,302.0,5415.0,5147.0,0.0,31.0,3652.0,0.4977559632371348,,,
1789949628.1,0.0,34.0,0.0,229.0,11.0,3480.0,32.0,3939.0,5147.0,302.0,5415.0,5147.0,0.0,31.0,3652.0,0.4977559632371348,,,
1789949634.7,0.0,34.0,0.0,229.0,11.0,3480.0,32.0,3939.0,5147.0,302.0,5415.0,5147.0,0.0,31.0,3652.0,0.4977559632371348,,,
1789949641.4,0.0,34.0,0.0,229.0,11.0,3480.0,32.0,3939.0,5147.0,302.0,5415.0,5147.0,0.0,31.0,3652.0,0.4977559632371348,,,
1789949648.8,0.0,34.0,0.0,229.0,11.0,3480.0,32.0,3939.0,5147.0,302.0,5415.0,5147.0,0.0,31.0,3652.0,0.4977559632371348,,,
1789949655.5,0.0,34.0,0.0,229.0,11.0,3480.0,32.0,3939.0,5147.0,302.0,5415.0,5147.0,0.0,31.0,3652.0,0.4977559632371348,,,
1789949662.1,0.0,34.0,0.0,229.0,11.0,3480.0,32.0,3939.0,5147.0,302.0,5415.0,5147.0,0.0,31.0,3652.0,0.4977559632371348,,,
1789949668.8,0.0,34.0,0.0,229.0,11.0,3480.0,32.0,3939.0,5147.0,302.0,5415.0,5147.0,0.0,31.0,3652.0,0.4977559632371348,,,
1789949675.5,0.0,34.0,0.0,229.0,11.0,3480.0,32.0,3939.0,5147.0,302.0,5415.0,5147.0,0.0,31.0,3652.0,0.4977559632371348,,,
1789949682.1,0.0,34.0,0.0,229.0,11.0,3480.0,32.0,3939.0,5147.0,302.0,5415.0,5147.0,0.0,31.0,3652.0,0.4977559632371348,,,
1789949688.8,0.0,34.0,0.0,229.0,11.0,3480.0,32.0,3939.0,5147.0,302.0,5415.0,5147.0,0.0,31.0,3652.0,0.4977559632371348,,,
1789949695.6,0.0,34.0,0.0,229.0,11.0,3480.0,32.0,3939.0,5147.0,302.0,5415.0,5147.0,0.0,31.0,3652.0,0.4977559632371348,,,
1789949703.2,0.0,34.0,0.0,229.0,11.0,3480.0,32.0,3939.0,5147.0,302.0,5415.0,5147.0,0.0,31.0,3652.0,0.4977559632371348,,,
1789949710.4,0.0,34.0,0.0,224.0,11.0,3480.0,32.0,3939.0,5147.0,302.0,5415.0,5147.0,0.0,31.0,3652.0,0.4977559632371348,,,
1789949717.1,0.0,34.0,0.0,224.0,11.0,3480.0,32.0,3939.0,5147.0,302.0,5415.0,5147.0,0.0,31.0,3652.0,0.4977559632371348,,,
1789949723.8,0.0,34.0,0.0,224.0,11.0,3480.0,32.0,3939.0,5147.0,302.0,5415.0,5147.0,0.0,31.0,3652.0,0.4977559632371348,,,
1789949730.4,0.0,34.0,0.0,224.0,11.0,3480.0,32.0,3939.0,5147.0,302.0,5415.0,5147.0,0.0,31.0,3652.0,0.4977559632371348,,,
1789949737.2,0.0,34.0,0.0,224.0,11.0,3480.0,32.0,3939.0,5147.0,302.0,5415.0,5147.0,0.0,31.0,3652.0,0.4977559632371348,,,
1789949743.9,0.0,34.0,0.0,224.0,11.0,3480.0,32.0,3939.0,5147.0,302.0,5415.0,5147.0,0.0,31.0,3652.0,0.4977559632371348,,,
1789949750.6,0.0,34.0,0.0,224.0,11.0,3480.0,32.0,3939.0,5147.0,302.0,5415.0,5147.0,0.0,31.0,3652.0,0.4977559632371348,,,
1789949757.2,0.0,34.0,0.0,224.0,11.0,3480.0,32.0,3939.0,5147.0,302.0,5415.0,5147.0,0.0,31.0,3652.0,0.4977559632371348,,,
1789949763.9,0.0,34.0,0.0,224.0,11.0,3480.0,32.0,3939.0,5147.0,302.0,5415.0,5147.0,0.0,31.0,3652.0,0.4977559632371348,,,
1789949770.8,0.0,34.0,0.0,224.0,11.0,3480.0,32.0,3939.0,5147.0,302.0,5415.0,5147.0,0.0,31.0,3652.0,0.4977559632371348,,,
1789949777.7,0.0,34.0,0.0,224.0,11.0,3480.0,32.0,3939.0,5147.0,302.0,5415.0,5147.0,0.0,31.0,3652.0,0.4977559632371348,,,
1789949784.4,0.0,34.0,0.0,224.0,11.0,3480.0,32.0,3939.0,5147.0,302.0,5415.0,5147.0,0.0,31.0,3652.0,0.4977559632371348,,,
1789949791.0,0.0,34.0,0.0,224.0,11.0,3480.0,32.0,3939.0,5147.0,302.0,5415.0,5147.0,0.0,31.0,3652.0,0.4977559632371348,,,
1789949797.7,0.0,34.0,0.0,224.0,11.0,3480.0,32.0,3939.0,5147.0,302.0,5415.0,5147.0,0.0,31.0,3652.0,0.4977559632371348,,,
1789949804.4,0.0,34.0,0.0,224.0,11.0,3480.0,32.0,3939.0,5147.0,302.0,5415.0,5147.0,0.0,31.0,3652.0,0.4977559632371348,,,
1789949811.2,0.0,34.0,0.0,224.0,11.0,3480.0,32.0,3939.0,5147.0,302.0,5415.0,5147.0,0.0,31.0,3652.0,0.4977559632371348,,,
1789949817.9,0.0,34.0,0.0,224.0,11.0,3480.0,32.0,3939.0,5147.0,302.0,5415.0,5147.0,0.0,31.0,3652.0,0.4977559632371348,,,
1789949824.6,0.0,34.0,0.0,224.0,11.0,3480.0,32.0,3939.0,5147.0,302.0,5415.0,5147.0,0.0,31.0,3652.0,0.4977559632371348,,,
1789949831.3,0.0,34.0,0.0,224.0,11.0,3480.0,32.0,3939.0,5147.0,302.0,5415.0,5147.0,0.0,31.0,3652.0,0.4977559632371348,,,
1789949838.0,0.0,34.0,0.0,224.0,11.0,3480.0,32.0,3939.0,5147.0,302.0,5415.0,5147.0,0.0,31.0,3652.0,0.4977559632371348,,,
1789949844.6,0.0,34.0,0.0,224.0,11.0,3480.0,32.0,3939.0,5147.0,302.0,5415.0,5147.0,0.0,31.0,3652.0,0.4977559632371348,,,
1789949851.3,0.0,34.0,0.0,224.0,11.0,3480.0,32.0,3939.0,5147.0,302.0,5415.0,5147.0,0.0,31.0,3652.0,0.4977559632371348,,,
1789949857.9,0.0,34.0,0.0,224.0,11.0,3480.0,32.0,3939.0,5147.0,302.0,5415.0,5147.0,0.0,31.0,3652.0,0.4977559632371348,,,
1789949864.5,0.0,34.0,0.0,224.0,11.0,3480.0,32.0,3939.0,5147.0,302.0,5415.0,5147.0,0.0,31.0,3652.0,0.4977559632371348,,,
1789949871.2,0.0,34.0,0.0,224.0,11.0,3480.0,32.0,3939.0,5147.0,302.0,5415.0,5147.0,0.0,31.0,3652.0,0.4977559632371348,,,
1789949877.8,0.0,34.0,0.0,224.0,11.0,3480.0,32.0,3939.0,5147.0,302.0,5415.0,5147.0,0.0,31.0,3652.0,0.4977559632371348,,,
1789949884.5,0.0,34.0,0.0,224.0,11.0,3480.0,32.0,3939.0,5147.0,302.0,5415.0,5147.0,0.0,31.0,3652.0,0.4977559632371348,,,
1789949891.1,0.0,34.0,0.0,224.0,11.0,3480.0,32.0,3939.0,5147.0,302.0,5415.0,5147.0,0.0,31.0,3652.0,0.4977559632371348,,,
1789949897.8,0.0,34.0,0.0,224.0,11.0,3480.0,32.0,3939.0,5147.0,302.0,5415.0,5147.0,0.0,31.0,3652.0,0.4977559632371348,,,
1789949904.4,0.0,34.0,0.0,224.0,11.0,3480.0,32.0,3939.0,5147.0,302.0,5415.0,5147.0,0.0,31.0,3652.0,0.4977559632371348,,,
1789949911.1,0.0,34.0,0.0,224.0,11.0,3480.0,32.0,3939.0,5147.0,302.0,5415.0,5147.0,0.0,31.0,3652.0,0.4977559632371348,,,
1789949917.7,0.0,34.0,0.0,224.0,11.0,3480.0,32.0,3939.0,5147.0,302.0,5415.0,5147.0,0.0,31.0,3652.0,0.4977559632371348,,,
1789949924.4,0.0,34.0,0.0,224.0,11.0,3480.0,32.0,3939.0,5147.0,302.0,5415.0,5147.0,0.0,31.0,3652.0,0.4977559632371348,,,
1789949931.0,0.0,34.0,0.0,224.0,11.0,3480.0,32.0,3939.0,5147.0,302.0,5415.0,5147.0,0.0,31.0,3652.0,0.4977559632371348,,,
1789949937.7,0.0,34.0,0.0,224.0,11.0,3480.0,32.0,3939.0,5147.0,302.0,5415.0,5147.0,0.0,31.0,3652.0,0.4977559632371348,,,
1789949944.4,0.0,34.0,0.0,224.0,11.0,3480.0,32.0,3939.0,5147.0,302.0,5415.0,5147.0,0.0,31.0,3652.0,0.4977559632371348,,,
1789949951.0,0.0,34.0,0.0,224.0,11.0,3480.0,32.0,3939.0,5147.0,302.0,5415.0,5147.0,0.0,31.0,3652.0,0.4977559632371348,,,
1789949957.7,0.0,34.0,0.0,224.0,11.0,3480.0,32.0,3939.0,5147.0,302.0,5415.0,5147.0,0.0,31.0,3652.0,0.4977559632371348,,,
1789949964.4,0.0,34.0,0.0,224.0,11.0,3480.0,32.0,3939.0,5147.0,302.0,5415.0,5147.0,0.0,31.0,3652.0,0.4977559632371348,,,
1789949971.0,0.0,34.0,0.0,224.0,11.0,3480.0,32.0,3939.0,5147.0,302.0,5415.0,5147.0,0.0,31.0,3652.0,0.4977559632371348,,,
1789949977.7,0.0,34.0,0.0,224.0,11.0,3480.0,32.0,3939.0,5147.0,302.0,5415.0,5147.0,0.0,31.0,3652.0,0.4977559632371348,,,
1789949984.4,0.0,34.0,0.0,224.0,11.0,3480.0,32.0,3939.0,5147.0,302.0,5415.0,5147.0,0.0,31.0,3652.0,0.4977559632371348,,,
1789949991.1,0.0,34.0,0.0,224.0,11.0,3480.0,32.0,3939.0,5147.0,302.0,5415.0,5147.0,0.0,31.0,3652.0,0.4977559632371348,,,
1789949997.8,0.0,34.0,0.0,224.0,11.0,3480.0,32.0,3939.0,5147.0,302.0,5415.0,5147.0,0.0,31.0,3652.0,0.4977559632371348,,,
1789950004.5,0.0,34.0,0.0,224.0,11.0,3480.0,32.0,3939.0,5147.0,302.0,5415.0,5147.0,0.0,31.0,3652.0,0.4977559632371348,,,
1789950011.2,0.0,34.0,0.0,224.0,11.0,3480.0,32.0,3939.0,5147.0,302.0,5415.0,5147.0,0.0,31.0,3652.0,0.4977559632371348,,,
1789950017.9,0.0,34.0,0.0,224.0,11.0,3480.0,32.0,3939.0,5147.0,302.0,5415.0,5147.0,0.0,31.0,3652.0,0.4977559632371348,,,
1789950024.8,0.0,34.0,0.0,224.0,11.0,3480.0,32.0,3939.0,5147.0,302.0,5415.0,5147.0,0.0,31.0,3652.0,0.4977559632371348,,,
1789950031.5,0.0,34.0,0.0,224.0,11.0,3480.0,32.0,3939.0,5147.0,302.0,5415.0,5147.0,0.0,31.0,3652.0,0.4977559632371348,,,
1789950038.2,0.0,34.0,0.0,224.0,11.0,3480.0,32.0,3939.0,5147.0,302.0,5415.0,5147.0,0.0,31.0,3652.0,0.4977559632371348,,,
1789950044.9,0.0,34.0,0.0,224.0,11.0,3480.0,32.0,3939.0,5147.0,302.0,5415.0,5147.0,0.0,31.0,3652.0,0.4977559632371348,,,
1789950051.6,0.0,34.0,0.0,224.0,11.0,3480.0,32.0,3939.0,5147.0,302.0,5415.0,5147.0,0.0,31.0,3652.0,0.4977559632371348,,,
1789950058.4,0.0,34.0,0.0,224.0,11.0,3480.0,32.0,3939.0,5147.0,302.0,5415.0,5147.0,0.0,31.0,3652.0,0.4977559632371348,,,
1789950065.1,0.0,34.0,0.0,224.0,11.0,3480.0,32.0,3939.0,5147.0,302.0,5415.0,5147.0,0.0,31.0,3652.0,0.4977559632371348,,,
1789950071.9,0.0,34.0,0.0,224.0,11.0,3480.0,32.0,3939.0,5147.0,302.0,5415.0,5147.0,0.0,31.0,3652.0,0.4977559632371348,,,
1789950078.6,0.0,34.0,0.0,224.0,11.0,3480.0,32.0,3939.0,5147.0,302.0,5415.0,5147.0,0.0,31.0,3652.0,0.4977559632371348,,,
1789950085.3,0.0,34.0,0.0,224.0,11.0,3480.0,32.0,3939.0,5147.0,302.0,5415.0,5147.0,0.0,31.0,3652.0,0.4977559632371348,,,
1789950092.1,0.0,34.0,0.0,224.0,11.0,3480.0,32.0,3939.0,5147.0,302.0,5415.0,5147.0,0.0,31.0,3652.0,0.4977559632371348,,,
1789950098.7,0.0,34.0,0.0,224.0,11.0,3480.0,32.0,3939.0,5147.0,302.0,5415.0,5147.0,0.0,31.0,3652.0,0.4977559632371348,,,
1789950105.4,0.0,34.0,0.0,224.0,11.0,3480.0,32.0,3939.0,5147.0,302.0,5415.0,5147.0,0.0,31.0,3652.0,0.4977559632371348,,,
1789950112.1,0.0,34.0,0.0,224.0,11.0,3480.0,32.0,3939.0,5147.0,302.0,5415.0,5147.0,0.0,31.0,3652.0,0.4977559632371348,,,
1789950118.8,0.0,34.0,0.0,224.0,11.0,3480.0,32.0,3939.0,5147.0,302.0,5415.0,5147.0,0.0,31.0,3652.0,0.4977559632371348,,,
1789950125.5,0.0,34.0,0.0,224.0,11.0,3480.0,32.0,3939.0,5147.0,302.0,5415.0,5147.0,0.0,31.0,3652.0,0.4977559632371348,,,
1789950132.1,0.0,34.0,0.0,224.0,11.0,3480.0,32.0,3939.0,5147.0,302.0,5415.0,5147.0,0.0,31.0,3652.0,0.4977559632371348,,,
1789950139.4,0.0,34.0,0.0,224.0,11.0,3480.0,32.0,3939.0,5147.0,302.0,5415.0,5147.0,0.0,31.0,3652.0,0.4977559632371348,,,
1789950146.1,0.0,34.0,0.0,224.0,11.0,3480.0,32.0,3939.0,5147.0,302.0,5415.0,5147.0,0.0,31.0,3652.0,0.4977559632371348,,,
1789950152.8,0.0,34.0,0.0,224.0,11.0,3480.0,32.0,3939.0,5147.0,302.0,5415.0,5147.0,0.0,31.0,3652.0,0.4977559632371348,,,
1789950159.5,0.0,34.0,0.0,224.0,11.0,3480.0,32.0,3939.0,5147.0,302.0,5415.0,5147.0,0.0,31.0,3652.0,0.4977559632371348,,,
1789950166.2,0.0,34.0,0.0,224.0,11.0,3480.0,32.0,3939.0,5147.0,302.0,5415.0,5147.0,0.0,31.0,3652.0,0.4977559632371348,,,
1789950172.9,0.0,34.0,0.0,224.0,11.0,3480.0,32.0,3939.0,5147.0,302.0,5415.0,5147.0,0.0,31.0,3652.0,0.4977559632371348,,,
1789950179.5,0.0,34.0,0.0,224.0,11.0,3480.0,32.0,3939.0,5147.0,302.0,5415.0,5147.0,0.0,31.0,3652.0,0.4977559632371348,,,
1789950186.3,0.0,34.0,0.0,224.0,11.0,3480.0,32.0,3939.0,5147.0,302.0,5415.0,5147.0,0.0,31.0,3652.0,0.4977559632371348,,,
1789950193.1,0.0,34.0,0.0,224.0,11.0,3480.0,32.0,3939.0,5147.0,302.0,5415.0,5147.0,0.0,31.0,3652.0,0.4977559632371348,,,
1789950199.9,0.0,34.0,0.0,224.0,11.0,3480.0,32.0,3939.0,5147.0,302.0,5415.0,5147.0,0.0,31.0,3652.0,0.4977559632371348,,,
1789950206.7,0.0,34.0,0.0,224.0,11.0,3480.0,32.0,3939.0,5147.0,302.0,5415.0,5147.0,0.0,31.0,3652.0,0.4977559632371348,,,
1789950213.5,0.0,34.0,0.0,224.0,11.0,3480.0,32.0,3939.0,5147.0,302.0,5415.0,5147.0,0.0,31.0,3652.0,0.4977559632371348,,,
1789950220.2,0.0,34.0,0.0,224.0,11.0,3480.0,32.0,3939.0,5147.0,302.0,5415.0,5147.0,0.0,31.0,3652.0,0.4977559632371348,,,
1789950226.8,0.0,34.0,0.0,224.0,11.0,3480.0,32.0,3939.0,5147.0,302.0,5415.0,5147.0,0.0,31.0,3652.0,0.4977559632371348,,,
1789950233.5,0.0,34.0,0.0,224.0,11.0,3480.0,32.0,3939.0,5147.0,302.0,5415.0,5147.0,0.0,31.0,3652.0,0.4977559632371348,,,
1789950240.3,0.0,34.0,0.0,224.0,11.0,3480.0,32.0,3939.0,5147.0,302.0,5415.0,5147.0,0.0,31.0,3652.0,0.4977559632371348,,,
1789950247.0,0.0,34.0,0.0,224.0,11.0,3480.0,32.0,3939.0,5147.0,302.0,5415.0,5147.0,0.0,31.0,3652.0,0.4977559632371348,,,
1789950253.7,0.0,34.0,0.0,224.0,11.0,3480.0,32.0,3939.0,5147.0,302.0,5415.0,5147.0,0.0,31.0,3652.0,0.4977559632371348,,,
1789950261.4,0.0,34.0,0.0,224.0,11.0,3480.0,32.0,3939.0,5147.0,302.0,5415.0,5147.0,0.0,31.0,3652.0,0.4977559632371348,,,
1789950268.1,0.0,34.0,0.0,224.0,11.0,3480.0,32.0,3939.0,5147.0,302.0,5415.0,5147.0,0.0,31.0,3652.0,0.4977559632371348,,,
1789950274.8,0.0,34.0,0.0,224.0,11.0,3480.0,32.0,3939.0,5147.0,302.0,5415.0,5147.0,0.0,31.0,3652.0,0.4977559632371348,,,
1789950281.5,0.0,34.0,0.0,224.0,11.0,3480.0,32.0,3939.0,5147.0,302.0,5415.0,5147.0,0.0,31.0,3652.0,0.4977559632371348,,,
1789950288.2,0.0,34.0,0.0,224.0,11.0,3480.0,32.0,3939.0,5147.0,302.0,5415.0,5147.0,0.0,31.0,3652.0,0.4977559632371348,,,
1789950294.9,0.0,34.0,0.0,224.0,11.0,3480.0,32.0,3939.0,5147.0,302.0,5415.0,5147.0,0.0,31.0,3652.0,0.4977559632371348,,,
1789950301.6,0.0,34.0,0.0,224.0,11.0,3480.0,32.0,3939.0,5147.0,302.0,5415.0,5147.0,0.0,31.0,3652.0,0.4977559632371348,,,
1789950308.4,0.0,34.0,0.0,224.0,11.0,3480.0,32.0,3939.0,5147.0,302.0,5415.0,5147.0,0.0,31.0,3652.0,0.4977559632371348,,,
1789950315.2,0.0,34.0,0.0,221.0,11.0,3480.0,32.0,3939.0,5147.0,302.0,5415.0,5147.0,0.0,31.0,3652.0,0.4977559632371348,,,
1789950322.0,0.0,34.0,0.0,221.0,11.0,3480.0,32.0,3939.0,5147.0,302.0,5415.0,5147.0,0.0,31.0,3652.0,0.4977559632371348,,,
1789950328.6,0.0,34.0,0.0,221.0,11.0,3480.0,32.0,3939.0,5147.0,302.0,5415.0,5147.0,0.0,31.0,3652.0,0.4977559632371348,,,
1789950335.4,0.0,34.0,0.0,221.0,11.0,3480.0,32.0,3939.0,5147.0,302.0,5415.0,5147.0,0.0,31.0,3652.0,0.4977559632371348,,,
1789950342.0,0.0,34.0,0.0,221.0,11.0,3480.0,32.0,3939.0,5147.0,302.0,5415.0,5147.0,0.0,31.0,3652.0,0.4977559632371348,,,
1789950348.7,0.0,34.0,0.0,221.0,11.0,3480.0,32.0,3939.0,5147.0,302.0,5415.0,5147.0,0.0,31.0,3652.0,0.4977559632371348,,,
1789950355.4,0.0,34.0,0.0,221.0,11.0,3480.0,32.0,3939.0,5147.0,302.0,5415.0,5147.0,0.0,31.0,3652.0,0.4977559632371348,,,
1789950362.0,0.0,34.0,0.0,221.0,11.0,3480.0,32.0,3939.0,5147.0,302.0,5415.0,5147.0,0.0,31.0,3652.0,0.4977559632371348,,,
1789950366.8,0.0,34.0,0.0,221.0,11.0,3480.0,32.0,3939.0,5147.0,302.0,5415.0,5147.0,0.0,31.0,3652.0,0.4977559632371348,,,
