ts,kv_cache_usage_perc,num_requests_running,num_requests_waiting,num_preemptions_total,cum_prefix_cache_queries,cum_prefix_cache_hits,interval_queries,interval_hits,interval_hit_rate
1789730087.9,0.0,0.0,0.0,81.0,971290733,291923664,0,0,
1789730090.0,0.0,0.0,0.0,81.0,971290733,291923664,0,0,
1789730092.1,0.0,0.0,0.0,81.0,971290733,291923664,0,0,
1789730094.1,0.0,0.0,0.0,81.0,971290733,291923664,0,0,
1789730096.1,0.0,0.0,0.0,81.0,971290733,291923664,0,0,
1789730098.2,0.0,0.0,0.0,81.0,971290733,291923664,0,0,
1789730100.2,0.0,0.0,0.0,81.0,971290733,291923664,0,0,
1789730102.3,0.0,0.0,0.0,81.0,971290733,291923664,0,0,
1789730104.3,0.0,0.0,0.0,81.0,971290733,291923664,0,0,
1789730106.4,0.0,0.0,0.0,81.0,971290733,291923664,0,0,
1789730108.4,0.0,0.0,0.0,81.0,971290733,291923664,0,0,
1789730110.4,0.0,0.0,0.0,81.0,971290733,291923664,0,0,
1789730112.5,0.0,0.0,0.0,81.0,971290733,291923664,0,0,
1789730114.6,0.0,0.0,0.0,81.0,971290733,291923664,0,0,
1789730116.6,0.0,0.0,0.0,81.0,971290733,291923664,0,0,
1789730118.6,0.0,0.0,0.0,81.0,971290733,291923664,0,0,
1789730120.7,0.0,0.0,0.0,81.0,971290733,291923664,0,0,
1789730122.7,0.0,0.0,0.0,81.0,971290733,291923664,0,0,
1789730124.8,0.0,0.0,0.0,81.0,971290733,291923664,0,0,
1789730126.8,0.0,0.0,0.0,81.0,971290733,291923664,0,0,
1789730128.9,0.0,0.0,0.0,81.0,971290733,291923664,0,0,
1789730130.9,0.0,0.0,0.0,81.0,971290733,291923664,0,0,
1789730133.0,0.0,0.0,0.0,81.0,971290733,291923664,0,0,
1789730135.0,0.0,0.0,0.0,81.0,971290733,291923664,0,0,
1789730137.1,0.0,0.0,0.0,81.0,971290733,291923664,0,0,
1789730139.1,0.0,0.0,0.0,81.0,971290733,291923664,0,0,
1789730141.1,0.0,0.0,0.0,81.0,971290733,291923664,0,0,
1789730143.2,0.0,0.0,0.0,81.0,971290733,291923664,0,0,
1789730145.2,0.0,0.0,0.0,81.0,971290733,291923664,0,0,
1789730147.3,0.0,0.0,0.0,81.0,971290733,291923664,0,0,
1789730149.3,0.0,0.0,0.0,81.0,971290733,291923664,0,0,
1789730151.4,0.0,0.0,0.0,81.0,971290733,291923664,0,0,
1789730153.4,0.0,0.0,0.0,81.0,971290733,291923664,0,0,
1789730155.5,0.011815697998769803,3.0,1.0,81.0,971357300,291923664,66567,0,0.0
1789730157.6,0.04028924142074475,3.0,12.0,81.0,971443406,291923664,86106,0,0.0
1789730159.6,0.06591614573647842,3.0,30.0,81.0,971443406,291923664,0,0,
1789730161.7,0.10149198220492939,11.0,37.0,81.0,971586492,291923664,143086,0,0.0
1789730163.8,0.12692577281245088,10.0,46.0,81.0,971586492,291923664,0,0,
1789730165.9,0.15604302859513353,13.0,57.0,81.0,971684421,291923664,97929,0,0.0
1789730168.0,0.19567425293604357,18.0,58.0,81.0,971751797,291923664,67376,0,0.0
1789730170.0,0.233267054801379,19.0,57.0,81.0,971831955,291923664,80158,0,0.0
1789730172.1,0.2709528373410388,35.0,44.0,81.0,971915702,291923664,83747,0,0.0
1789730174.2,0.3053771439197791,50.0,30.0,81.0,972010139,291924048,94437,384,0.0041
1789730176.3,0.3339651250947687,34.0,47.0,81.0,972071279,291924048,61140,0,0.0
1789730178.3,0.359241563791895,21.0,58.0,81.0,972170299,291924048,99020,0,0.0
1789730180.4,0.373174360221437,18.0,64.0,81.0,972170299,291924048,0,0,
1789730182.5,0.4024632726336418,19.0,67.0,81.0,972258048,291924048,87749,0,0.0
1789730184.6,0.424213598066002,19.0,66.0,81.0,972311385,291924048,53337,0,0.0
1789730186.7,0.4535025104782068,23.0,64.0,81.0,972360181,291924048,48796,0,0.0
1789730188.7,0.4901440485216073,26.0,61.0,81.0,972430397,291924048,70216,0,0.0
1789730190.8,0.5194401132933755,28.0,59.0,81.0,972513691,291924048,83294,0,0.0
1789730192.9,0.5253122004949433,29.0,57.0,81.0,972598761,291924048,85070,0,0.0
1789730195.0,0.5543793897606821,29.0,57.0,81.0,972677114,291924048,78353,0,0.0
1789730197.0,0.5797917232895132,29.0,58.0,81.0,972725896,291924064,48782,16,0.0003
1789730199.1,0.616232995265138,31.0,56.0,81.0,972826067,291924096,100171,32,0.0003
1789730201.2,0.6491839157738137,32.0,55.0,81.0,972910564,291924096,84497,0,0.0
1789730203.3,0.6675082609752958,33.0,54.0,81.0,972935863,291924096,25299,0,0.0
1789730205.3,0.6659204371522165,33.0,53.0,81.0,972988786,291924096,52923,0,0.0
1789730207.4,0.7025548228360536,35.0,52.0,81.0,973074444,291924096,85658,0,0.0
1789730209.5,0.7318222781695681,36.0,51.0,81.0,973148829,291924096,74385,0,0.0
1789730211.6,0.7574992490022459,38.0,50.0,81.0,973213727,291924096,64898,0,0.0
1789730213.7,0.7576351438339508,38.0,49.0,81.0,973291919,291924096,78192,0,0.0
1789730215.7,0.7870027322013532,39.0,49.0,81.0,973352801,291924096,60882,0,0.0
1789730217.8,0.8199250432717754,41.0,47.0,81.0,973410444,291924096,57643,0,0.0
1789730219.9,0.8565880383938661,43.0,45.0,81.0,973494327,291924096,83883,0,0.0
1789730221.9,0.8641552348119644,43.0,44.0,81.0,973646317,291924096,151990,0,0.0
1789730224.0,0.8824938847325733,43.0,45.0,81.0,973646317,291924096,0,0,
1789730226.1,0.8934870613815498,43.0,45.0,81.0,973646317,291924096,0,0,
1789730228.2,0.9044659333113995,43.0,45.0,81.0,973646317,291924096,0,0,
1789730230.2,0.9227545167150643,44.0,44.0,81.0,973678030,291924096,31713,0,0.0
1789730232.3,0.9323744403278642,44.0,43.0,81.0,973735645,291924096,57615,0,0.0
1789730234.4,0.9210522551389704,45.0,42.0,81.0,973844274,291924096,108629,0,0.0
1789730236.5,0.9577152502610611,47.0,41.0,81.0,973919248,291924096,74974,0,0.0
1789730238.5,0.9861816413234726,48.0,40.0,81.0,973952552,291924096,33304,0,0.0
1789730240.6,0.9953867280815941,50.0,38.0,81.0,974040340,291924112,87788,16,0.0002
1789730242.7,0.9987626417955283,49.0,39.0,81.0,974040340,291924112,0,0,
1789730244.8,0.9823193671592259,49.0,37.0,81.0,974145205,291924112,104865,0,0.0
1789730246.8,0.9998927146065487,49.0,38.0,81.0,974145205,291924112,0,0,
1789730248.9,0.9676641824137783,47.0,37.0,81.0,974199884,291924112,54679,0,0.0
1789730251.0,0.9721487118600426,48.0,37.0,81.0,974291641,291924112,91757,0,0.0
1789730253.0,0.9671206030869584,46.0,40.0,81.0,974291641,291924112,0,0,
1789730255.2,0.9284692520062369,46.0,41.0,81.0,974371352,291924128,79711,16,0.0002
1789730257.3,0.954103308681534,48.0,40.0,81.0,974445204,291924144,73852,16,0.0002
1789730259.3,0.9291487261647617,45.0,42.0,81.0,974493546,291924144,48342,0,0.0
1789730261.4,0.927467921667358,45.0,41.0,81.0,974551357,291924160,57811,16,0.0003
1789730263.5,0.9356216115696568,46.0,40.0,81.0,974659681,291924176,108324,16,0.0001
1789730265.5,0.9426523810204986,46.0,40.0,81.0,974725877,291924176,66196,0,0.0
1789730267.6,0.9422089347275666,44.0,43.0,81.0,974725877,291924176,0,0,
1789730269.7,0.9526084655327792,44.0,44.0,81.0,974815429,291924192,89552,16,0.0002
1789730271.8,0.9567711387986897,43.0,44.0,81.0,974815429,291924192,0,0,
1789730273.8,0.9464359792295478,42.0,45.0,81.0,974897684,291924208,82255,16,0.0002
1789730275.9,0.954153375198478,43.0,44.0,81.0,974956399,291924208,58715,0,0.0
1789730278.0,0.9834351352511194,44.0,44.0,81.0,974999245,291924224,42846,16,0.0004
1789730280.1,0.9781352368146251,42.0,45.0,81.0,975055338,291924224,56093,0,0.0
1789730282.1,0.9782782840058936,42.0,45.0,81.0,975079407,291924224,24069,0,0.0
1789730284.2,0.9676784871329052,42.0,45.0,81.0,975139083,291924224,59676,0,0.0
1789730286.3,0.9797373653568312,43.0,44.0,81.0,975197480,291924224,58397,0,0.0
1789730288.4,0.9764615846767849,43.0,43.0,81.0,975255100,291924224,57620,0,0.0
1789730290.4,0.980910352325232,43.0,43.0,81.0,975296990,291924224,41890,0,0.0
1789730292.5,0.9762112520920652,42.0,44.0,81.0,975380860,291924224,83870,0,0.0
1789730294.6,0.9945355972935471,42.0,46.0,81.0,975380860,291924224,0,0,
1789730296.6,0.978507159511923,42.0,45.0,82.0,975453104,291924224,72244,0,0.0
1789730298.7,0.9989557555037407,43.0,44.0,82.0,975507659,291924224,54555,0,0.0
1789730300.8,0.9286981275122663,41.0,44.0,82.0,975584775,291924224,77116,0,0.0
1789730302.9,0.9506558713719656,41.0,47.0,82.0,975584775,291924224,0,0,
1789730304.9,0.958666514082996,41.0,46.0,82.0,975632699,291924224,47924,0,0.0
1789730307.0,0.9618922282460984,42.0,45.0,82.0,975712447,291924224,79748,0,0.0
1789730309.1,0.9610697068963051,43.0,42.0,82.0,975801608,291924224,89161,0,0.0
1789730311.2,0.9459996852961792,43.0,42.0,82.0,975864659,291924224,63051,0,0.0
1789730313.2,0.9662194057819675,43.0,43.0,82.0,975904037,291924224,39378,0,0.0
1789730315.3,0.9878052269443689,43.0,43.0,82.0,975956469,291924224,52432,0,0.0
1789730317.4,0.9951077860586207,43.0,44.0,82.0,976003487,291924224,47018,0,0.0
1789730319.4,0.9930192970661021,42.0,46.0,82.0,976058320,291924224,54833,0,0.0
1789730321.5,0.9851230921080865,42.0,46.0,82.0,976128963,291924224,70643,0,0.0
1789730323.6,0.9756676727652452,41.0,47.0,82.0,976128963,291924224,0,0,
1789730325.7,0.984808388287296,41.0,46.0,82.0,976184251,291924224,55288,0,0.0
1789730327.7,0.9486246012559544,40.0,46.0,82.0,976218871,291924224,34620,0,0.0
1789730329.8,0.9323601356087373,39.0,47.0,82.0,976380456,291924224,161585,0,0.0
1789730331.9,0.9210594074985338,38.0,47.0,82.0,976380456,291924224,0,0,
1789730334.0,0.9185918434491539,37.0,49.0,82.0,976380456,291924224,0,0,
1789730336.0,0.9259230120016594,37.0,50.0,82.0,976380456,291924224,0,0,
1789730338.1,0.9369233410101993,38.0,50.0,82.0,976385531,291924224,5075,0,0.0
1789730340.2,0.966212253422404,40.0,48.0,82.0,976463639,291924224,78108,0,0.0
1789730342.3,0.9649033716222982,41.0,46.0,82.0,976524038,291924224,60399,0,0.0
1789730344.4,0.9701818129801021,41.0,45.0,82.0,976585366,291924224,61328,0,0.0
1789730346.5,0.926223411103323,39.0,47.0,82.0,976641364,291924224,55998,0,0.0
1789730348.5,0.910402391749038,38.0,49.0,82.0,976674993,291924224,33629,0,0.0
1789730350.6,0.950663023731529,41.0,47.0,82.0,976775070,291924224,100077,0,0.0
1789730352.7,0.9057104438754345,42.0,46.0,82.0,976885958,291924224,110888,0,0.0
1789730354.7,0.9349850515685124,43.0,45.0,82.0,976920169,291924224,34211,0,0.0
1789730356.8,0.948789105525913,43.0,45.0,82.0,976974908,291924224,54739,0,0.0
1789730358.9,0.9517072682277884,44.0,44.0,82.0,977050969,291924240,76061,16,0.0002
1789730361.0,0.9353641266253737,44.0,43.0,82.0,977145335,291924240,94366,0,0.0
1789730363.0,0.9572932610468193,45.0,42.0,82.0,977180865,291924240,35530,0,0.0
1789730365.1,0.990294248072439,46.0,41.0,82.0,977228874,291924240,48009,0,0.0
1789730367.2,0.9782282174889496,46.0,42.0,82.0,977304166,291924240,75292,0,0.0
1789730369.3,0.9763686040024604,46.0,41.0,82.0,977362160,291924240,57994,0,0.0
1789730371.3,0.9822979100805356,47.0,40.0,82.0,977391980,291924256,29820,16,0.0005
1789730373.4,0.9622641509433962,46.0,41.0,82.0,977465585,291924272,73605,16,0.0002
1789730375.5,0.963894888923856,46.0,41.0,82.0,977522521,291924288,56936,16,0.0003
1789730377.5,0.9679502767963151,45.0,43.0,82.0,977616680,291924304,94159,16,0.0002
1789730379.6,0.9825840044630724,45.0,43.0,82.0,977616680,291924304,0,0,
1789730381.7,0.9821262534510135,45.0,43.0,82.0,977657707,291924304,41027,0,0.0
1789730383.8,0.8977927818387286,43.0,43.0,82.0,977756866,291924304,99159,0,0.0
1789730385.8,0.9160813652423935,43.0,45.0,82.0,977756866,291924304,0,0,
1789730387.9,0.9380677185403464,44.0,44.0,82.0,977812212,291924304,55346,0,0.0
1789730390.0,0.9556553707067962,46.0,42.0,82.0,977899716,291924320,87504,16,0.0002
1789730392.1,0.9886420530132891,47.0,41.0,82.0,977959796,291924320,60080,0,0.0
1789730394.1,0.9627362066745819,47.0,40.0,82.0,978034266,291924336,74470,16,0.0002
1789730396.2,0.9633298525183458,48.0,39.0,82.0,978090247,291924336,55981,0,0.0
1789730398.3,0.9799090219863533,49.0,38.0,82.0,978177132,291924336,86885,0,0.0
1789730400.3,0.988334501552062,50.0,38.0,82.0,978255306,291924336,78174,0,0.0
1789730402.4,0.9708755918577539,48.0,39.0,83.0,978255306,291924336,0,0,
1789730404.5,0.9477877751870342,47.0,40.0,83.0,978330069,291924336,74763,0,0.0
1789730406.6,0.9480023459739368,47.0,40.0,83.0,978379906,291924352,49837,16,0.0003
1789730408.6,0.9773270201839587,48.0,39.0,83.0,978445883,291924352,65977,0,0.0
1789730410.7,0.9826054615417626,48.0,39.0,84.0,978484967,291924352,39084,0,0.0
1789730412.8,0.9767047649019411,48.0,39.0,84.0,978484967,291924352,0,0,
1789730414.9,0.9685868367974595,47.0,40.0,84.0,978543031,291924352,58064,0,0.0
1789730416.9,0.9709185060151344,48.0,39.0,84.0,978635370,291924352,92339,0,0.0
1789730419.0,0.8949103809346703,46.0,40.0,84.0,978707691,291924352,72321,0,0.0
1789730421.1,0.8995093481339493,46.0,41.0,84.0,978760804,291924352,53113,0,0.0
1789730423.1,0.9324888780808789,47.0,40.0,84.0,978822072,291924352,61268,0,0.0
1789730425.2,0.9293275351538473,46.0,41.0,84.0,978854713,291924352,32641,0,0.0
1789730427.3,0.9586450570043057,48.0,40.0,84.0,978945185,291924368,90472,16,0.0002
1789730429.4,0.9715193042184617,48.0,40.0,84.0,978945185,291924368,0,0,
1789730431.4,0.9715908278140959,47.0,41.0,84.0,979029506,291924368,84321,0,0.0
1789730433.5,0.9840573905331369,47.0,41.0,84.0,979029506,291924368,0,0,
1789730435.6,0.978285436365457,48.0,39.0,84.0,979124388,291924368,94882,0,0.0
1789730437.7,0.9865392593016437,47.0,40.0,84.0,979124388,291924368,0,0,
1789730439.7,0.9976468737036348,47.0,39.0,84.0,979183848,291924368,59460,0,0.0
1789730441.8,0.9694236628663796,45.0,40.0,84.0,979245313,291924368,61465,0,0.0
1789730443.9,0.9913814067260789,46.0,41.0,84.0,979281466,291924368,36153,0,0.0
1789730445.9,0.9748523037750154,45.0,42.0,84.0,979345122,291924368,63656,0,0.0
1789730448.0,0.9523938947458767,45.0,42.0,84.0,979381401,291924368,36279,0,0.0
1789730450.1,0.9646816484758322,46.0,40.0,84.0,979471228,291924368,89827,0,0.0
1789730452.2,0.936765989099804,46.0,39.0,84.0,979530932,291924368,59704,0,0.0
1789730454.3,0.9661192727480796,47.0,38.0,84.0,979592643,291924368,61711,0,0.0
1789730456.3,0.9264308295306621,46.0,38.0,84.0,979647195,291924368,54552,0,0.0
1789730458.4,0.9557483513811207,47.0,41.0,84.0,979698048,291924368,50853,0,0.0
1789730460.5,0.9884346345859499,49.0,39.0,84.0,979758620,291924368,60572,0,0.0
1789730462.6,0.9328464960590499,46.0,39.0,84.0,979920785,291924368,162165,0,0.0
1789730464.7,0.9226329266024862,45.0,43.0,84.0,979920785,291924368,0,0,
1789730466.7,0.9335831890940821,45.0,43.0,84.0,979920785,291924368,0,0,
1789730468.8,0.9445620610239318,45.0,43.0,84.0,979920785,291924368,0,0,
1789730470.9,0.9393408385426352,44.0,43.0,84.0,979920785,291924368,0,0,
1789730473.0,0.9576651837441172,45.0,43.0,84.0,979984810,291924368,64025,0,0.0
1789730475.0,0.9832777833407241,46.0,42.0,84.0,980045241,291924384,60431,16,0.0003
1789730477.1,0.9796086228846896,47.0,41.0,84.0,980103523,291924400,58282,16,0.0003
1789730479.2,0.9993562876392922,47.0,41.0,84.0,980103523,291924400,0,0,
1789730481.2,0.9833636116554851,45.0,43.0,84.0,980160148,291924400,56625,0,0.0
1789730483.3,0.9870685339093367,46.0,41.0,84.0,980216734,291924400,56586,0,0.0
1789730485.4,0.9802523352453975,45.0,41.0,84.0,980265333,291924400,48599,0,0.0
1789730487.5,0.9700959846653411,44.0,42.0,84.0,980324482,291924400,59149,0,0.0
1789730489.5,0.9845938175003934,44.0,42.0,84.0,980383258,291924400,58776,0,0.0
1789730491.6,0.9636302516200095,43.0,42.0,84.0,980437547,291924416,54289,16,0.0003
1789730493.7,0.9869397914371951,44.0,44.0,84.0,980483891,291924416,46344,0,0.0
1789730495.8,0.9182127683922926,42.0,46.0,84.0,980583442,291924416,99551,0,0.0
1789730497.8,0.9438182156293361,43.0,45.0,84.0,980661175,291924416,77733,0,0.0
1789730499.9,0.9482455261990931,42.0,46.0,84.0,980661175,291924416,0,0,
1789730502.0,0.9295635630194401,41.0,45.0,84.0,980724196,291924416,63021,0,0.0
1789730504.1,0.9405209778705995,41.0,44.0,84.0,980783398,291924416,59202,0,0.0
1789730506.1,0.9616275909422518,41.0,47.0,84.0,980822199,291924416,38801,0,0.0
1789730508.2,0.9449053742829759,41.0,47.0,84.0,980921578,291924416,99379,0,0.0
1789730510.3,0.9460282947344328,40.0,47.0,84.0,980921578,291924416,0,0,
1789730512.3,0.9753100547870742,42.0,46.0,84.0,980988909,291924416,67331,0,0.0
1789730514.4,0.9813466462586007,42.0,46.0,84.0,980988909,291924416,0,0,
1789730516.5,0.9532736349721773,41.0,46.0,84.0,981044225,291924416,55316,0,0.0
1789730518.6,0.9563706066631381,41.0,46.0,84.0,981101693,291924416,57468,0,0.0
1789730520.7,0.9820046633384354,43.0,45.0,84.0,981157821,291924416,56128,0,0.0
1789730522.8,0.9928762498748337,43.0,45.0,84.0,981195289,291924416,37468,0,0.0
1789730524.8,0.9594961877923527,43.0,44.0,84.0,981349376,291924416,154087,0,0.0
1789730526.9,0.9777847711960176,43.0,45.0,84.0,981349376,291924416,0,0,
1789730529.0,0.9924471083010286,43.0,45.0,84.0,981349376,291924416,0,0,
1789730531.1,0.9994421159540532,43.0,45.0,84.0,981349376,291924416,0,0,
1789730533.1,0.9961234211166263,42.0,45.0,84.0,981398869,291924416,49493,0,0.0
1789730535.2,0.9988127083124723,41.0,46.0,84.0,981434426,291924416,35557,0,0.0
1789730537.3,0.8863776159755103,38.0,46.0,84.0,981527030,291924432,92604,16,0.0002
1789730539.4,0.8031384553764287,36.0,49.0,84.0,981618099,291924432,91069,0,0.0
1789730541.5,0.8251176563148183,36.0,50.0,84.0,981618099,291924432,0,0,
1789730543.5,0.8507302559114251,37.0,51.0,84.0,981702818,291924432,84719,0,0.0
1789730545.6,0.8690832105511608,37.0,51.0,84.0,981702818,291924432,0,0,
1789730547.7,0.8947101148668946,38.0,50.0,84.0,981764462,291924432,61644,0,0.0
1789730549.8,0.8937445463258329,38.0,50.0,84.0,981830778,291924432,66316,0,0.0
1789730551.8,0.9230549158167279,39.0,49.0,84.0,981892530,291924432,61752,0,0.0
1789730553.9,0.9220535854778491,39.0,48.0,84.0,981935782,291924432,43252,0,0.0
1789730556.0,0.9550474201439054,41.0,47.0,84.0,982028356,291924432,92574,0,0.0
1789730558.1,0.956027293404094,41.0,46.0,84.0,982093924,291924432,65568,0,0.0
1789730560.2,0.9816828071580814,42.0,45.0,84.0,982136043,291924432,42119,0,0.0
1789730562.2,0.9805670390661879,42.0,45.0,84.0,982173718,291924432,37675,0,0.0
1789730564.3,0.9773985437795929,42.0,45.0,84.0,982231387,291924432,57669,0,0.0
1789730566.4,0.9957228889810749,43.0,44.0,84.0,982262737,291924432,31350,0,0.0
1789730568.4,0.9369734075271432,42.0,42.0,84.0,982342683,291924432,79946,0,0.0
1789730570.5,0.9238631324473944,42.0,44.0,84.0,982384052,291924448,41369,16,0.0004
1789730572.6,0.8627247628992805,41.0,44.0,84.0,982458377,291924448,74325,0,0.0
1789730574.7,0.8956685310483928,43.0,44.0,84.0,982541358,291924448,82981,0,0.0
1789730576.7,0.9250003576179782,46.0,42.0,84.0,982626090,291924448,84732,0,0.0
1789730578.8,0.9614916961105469,47.0,40.0,84.0,982712911,291924464,86821,16,0.0002
1789730580.9,0.9659547684781209,47.0,40.0,84.0,982819117,291924464,106206,0,0.0
1789730583.0,0.9842361995222224,47.0,41.0,84.0,982819117,291924464,0,0,
1789730585.0,0.9989128413463602,47.0,41.0,84.0,982819117,291924464,0,0,
1789730587.1,0.9763042327663897,47.0,40.0,84.0,982907333,291924464,88216,0,0.0
1789730589.2,0.963809060609095,45.0,40.0,84.0,982965972,291924464,58639,0,0.0
1789730591.3,0.9631224340910066,45.0,41.0,84.0,983003476,291924464,37504,0,0.0
1789730593.3,0.9836354013188952,46.0,41.0,84.0,983041930,291924464,38454,0,0.0
1789730595.4,0.9570071666642825,45.0,40.0,84.0,983178442,291924480,136512,16,0.0001
1789730597.5,0.9826340709800163,45.0,43.0,84.0,983178442,291924480,0,0,
1789730599.6,0.9959231550488507,45.0,43.0,84.0,983178442,291924480,0,0,
1789730601.7,0.9745232952350981,45.0,41.0,84.0,983261297,291924496,82855,16,0.0002
1789730603.7,0.9563920637418284,44.0,42.0,84.0,983320737,291924512,59440,16,0.0003
1789730605.8,0.9640808502725049,44.0,43.0,84.0,983364657,291924512,43920,0,0.0
1789730607.9,0.9817185689558986,45.0,42.0,84.0,983471190,291924512,106533,0,0.0
1789730609.9,0.9855164718840745,45.0,41.0,84.0,983497988,291924512,26798,0,0.0
1789730612.0,0.9814610840116155,44.0,41.0,84.0,983558970,291924512,60982,0,0.0
1789730614.1,0.9262162587437596,43.0,42.0,84.0,983609335,291924512,50365,0,0.0
1789730616.2,0.959195788690689,45.0,43.0,84.0,983721913,291924512,112578,0,0.0
1789730618.2,0.9793439855808431,45.0,43.0,84.0,983721913,291924512,0,0,
1789730620.3,0.9272032843635115,43.0,42.0,84.0,983843036,291924512,121123,0,0.0
1789730622.4,0.9314732430228733,43.0,44.0,84.0,983898501,291924512,55465,0,0.0
1789730624.5,0.9388187162945055,42.0,44.0,84.0,983898501,291924512,0,0,
1789730626.6,0.9107099432102651,41.0,46.0,84.0,984063881,291924512,165380,0,0.0
1789730628.6,0.9290128313330568,41.0,47.0,84.0,984063881,291924512,0,0,
1789730630.7,0.9133634686082939,40.0,47.0,84.0,984063881,291924512,0,0,
1789730632.8,0.9243280358190167,40.0,47.0,84.0,984063881,291924512,0,0,
1789730634.9,0.9353140601084298,40.0,47.0,84.0,984063881,291924512,0,0,
1789730636.9,0.953659862388602,42.0,46.0,84.0,984129533,291924512,65652,0,0.0
1789730639.0,0.9347490237029196,42.0,45.0,84.0,984229586,291924512,100053,0,0.0
1789730641.1,0.9567711387986897,42.0,45.0,84.0,984229586,291924512,0,0,
1789730643.2,0.971404866465447,43.0,44.0,84.0,984263930,291924512,34344,0,0.0
1789730645.3,0.9706681734304147,43.0,45.0,84.0,984323677,291924512,59747,0,0.0
1789730647.3,0.9842361995222224,43.0,45.0,84.0,984383194,291924512,59517,0,0.0
1789730649.4,0.9966598480838829,43.0,45.0,84.0,984383194,291924512,0,0,
1789730651.5,0.9531520448595991,41.0,47.0,84.0,984461571,291924512,78377,0,0.0
1789730653.5,0.9677786201667931,41.0,47.0,84.0,984461571,291924512,0,0,
1789730655.6,0.9685367702805155,41.0,46.0,84.0,984517194,291924512,55623,0,0.0
1789730657.7,0.9294777347046791,40.0,45.0,84.0,984637423,291924512,120229,0,0.0
1789730659.8,0.9478378417039781,40.0,47.0,84.0,984637423,291924512,0,0,
1789730661.8,0.9697741284849872,41.0,47.0,84.0,984709267,291924512,71844,0,0.0
1789730663.9,0.9889853662723332,41.0,47.0,84.0,984709267,291924512,0,0,
1789730666.0,0.9458208763070937,39.0,48.0,84.0,984795615,291924512,86348,0,0.0
1789730668.1,0.9714763900610811,39.0,49.0,84.0,984795615,291924512,0,0,
1789730670.1,0.9776631810834394,39.0,49.0,84.0,984795615,291924512,0,0,
1789730672.2,0.986596478178151,39.0,49.0,84.0,984874805,291924512,79190,0,0.0
1789730674.3,0.9585020098130373,38.0,48.0,84.0,984975458,291924528,100653,16,0.0002
1789730676.4,0.9804526013131732,38.0,50.0,84.0,984975458,291924528,0,0,
1789730678.5,0.9682935900553593,37.0,50.0,84.0,984975458,291924528,0,0,
1789730680.5,0.9976182642653811,38.0,50.0,84.0,985039756,291924528,64298,0,0.0
1789730682.6,0.9775415909708612,37.0,51.0,84.0,985105573,291924528,65817,0,0.0
1789730684.7,0.9766189365871801,37.0,50.0,84.0,985153854,291924528,48281,0,0.0
1789730686.8,0.969752671406297,36.0,51.0,84.0,985153854,291924528,0,0,
1789730688.8,0.9256512223382494,35.0,50.0,84.0,985235689,291924528,81835,0,0.0
1789730690.9,0.9439469581014777,36.0,50.0,84.0,985295872,291924528,60183,0,0.0
1789730693.0,0.9484958587838128,36.0,51.0,84.0,985338342,291924528,42470,0,0.0
1789730695.1,0.9814110174946715,37.0,51.0,84.0,985381470,291924528,43128,0,0.0
1789730697.2,0.9854950148053843,37.0,51.0,84.0,985417316,291924528,35846,0,0.0
1789730699.2,0.9565565680117871,36.0,52.0,84.0,985477296,291924528,59980,0,0.0
1789730701.3,0.9858526327835553,38.0,50.0,84.0,985537705,291924528,60409,0,0.0
1789730703.4,0.9660978156693893,38.0,49.0,84.0,985609736,291924528,72031,0,0.0
1789730705.5,0.9917104152659962,38.0,50.0,84.0,985609736,291924528,0,0,
1789730707.5,0.919786287496245,37.0,49.0,84.0,985663765,291924528,54029,0,0.0
1789730709.6,0.9454418012502325,38.0,49.0,84.0,985737579,291924528,73814,0,0.0
1789730711.7,0.9673995451099318,39.0,48.0,84.0,985788889,291924528,51310,0,0.0
1789730713.8,0.9744517716394638,39.0,47.0,84.0,985844794,291924544,55905,16,0.0003
1789730715.8,0.9605690417268657,38.0,48.0,84.0,985879423,291924544,34629,0,0.0
1789730717.9,0.9898436494199436,39.0,49.0,84.0,985935023,291924544,55600,0,0.0
1789730720.0,0.9997854292130974,39.0,49.0,84.0,985967690,291924544,32667,0,0.0
1789730722.0,0.9860314417726408,38.0,50.0,85.0,985967690,291924544,0,0,
1789730724.1,0.9531878066574163,38.0,47.0,85.0,986054183,291924560,86493,16,0.0002
1789730726.2,0.9861673366043457,40.0,46.0,85.0,986125501,291924560,71318,0,0.0
1789730728.3,0.9462571702404623,38.0,48.0,85.0,986125501,291924560,0,0,
1789730730.3,0.9407427010170655,38.0,49.0,85.0,986249585,291924560,124084,0,0.0
1789730732.4,0.955397885762513,38.0,50.0,85.0,986249585,291924560,0,0,
1789730734.5,0.9700101563505801,38.0,50.0,85.0,986249585,291924560,0,0,
1789730736.6,0.9883917204285694,39.0,49.0,85.0,986288489,291924560,38904,0,0.0
1789730738.6,0.9865321069420802,41.0,46.0,85.0,986361359,291924560,72870,0,0.0
1789730740.7,0.9767405266997582,41.0,46.0,85.0,986410420,291924560,49061,0,0.0
1789730742.8,0.9814825410903056,41.0,47.0,85.0,986448585,291924560,38165,0,0.0
1789730744.8,0.9899223253751412,41.0,46.0,85.0,986527506,291924560,78921,0,0.0
1789730746.9,0.9832634786215972,39.0,46.0,85.0,986527506,291924560,0,0,
1789730749.0,0.9772554965883244,40.0,45.0,85.0,986620291,291924560,92785,0,0.0
1789730751.1,0.9756819774843721,40.0,45.0,85.0,986679777,291924560,59486,0,0.0
1789730753.2,0.9620567325160571,40.0,46.0,85.0,986775200,291924576,95423,16,0.0002
1789730755.2,0.9840716952522637,40.0,46.0,85.0,986775200,291924576,0,0,
1789730757.3,0.9721057977026621,39.0,48.0,85.0,986775200,291924576,0,0,
1789730759.4,0.9846152745790836,39.0,49.0,85.0,986850123,291924576,74923,0,0.0
1789730761.5,0.9294991917833694,39.0,48.0,85.0,986884389,291924576,34266,0,0.0
1789730763.5,0.9588238659933912,40.0,48.0,85.0,986975564,291924576,91175,0,0.0
1789730765.6,0.941329194501266,40.0,47.0,85.0,987013910,291924576,38346,0,0.0
1789730767.7,0.9354642596592616,39.0,48.0,85.0,987054508,291924576,40598,0,0.0
1789730769.8,0.9648246956671006,41.0,47.0,85.0,987162997,291924576,108489,0,0.0
1789730771.8,0.9847154076129715,41.0,47.0,85.0,987162997,291924576,0,0,
1789730773.9,0.974215743773871,41.0,46.0,85.0,987265505,291924592,102508,16,0.0002
1789730776.0,0.9746377329881127,41.0,45.0,85.0,987300926,291924592,35421,0,0.0
1789730778.0,0.9826769851373969,41.0,44.0,85.0,987326789,291924592,25863,0,0.0
1789730780.1,0.9567139199221824,40.0,45.0,85.0,987391653,291924608,64864,16,0.0002
1789730782.2,0.9654970174660621,41.0,44.0,85.0,987508786,291924608,117133,0,0.0
1789730784.3,0.9911739882987397,41.0,45.0,85.0,987508786,291924608,0,0,
1789730786.3,0.9824481096313674,40.0,47.0,85.0,987508786,291924608,0,0,
1789730788.4,0.9679574291558786,40.0,46.0,85.0,987551147,291924608,42361,0,0.0
1789730790.5,0.9575507459911025,40.0,46.0,85.0,987611814,291924608,60667,0,0.0
1789730792.6,0.9543178794684366,40.0,47.0,85.0,987656627,291924608,44813,0,0.0
1789730794.6,0.9836067918806414,42.0,45.0,85.0,987747566,291924608,90939,0,0.0
1789730796.7,0.9741871343356173,40.0,47.0,85.0,987747566,291924608,0,0,
1789730798.8,0.9222323944669346,38.0,47.0,85.0,987841598,291924608,94032,0,0.0
1789730800.8,0.9368732744932553,38.0,47.0,85.0,987841598,291924608,0,0,
1789730802.9,0.9624858740898623,39.0,47.0,85.0,987904634,291924608,63036,0,0.0
1789730805.0,0.9909379604331469,40.0,47.0,85.0,987957619,291924608,52985,0,0.0
1789730807.1,0.9867395253694193,41.0,46.0,85.0,988033748,291924608,76129,0,0.0
1789730809.1,0.983020298396441,40.0,47.0,85.0,988105711,291924608,71963,0,0.0
1789730811.2,0.9972391892085198,40.0,47.0,85.0,988105711,291924608,0,0,
1789730813.3,0.9467149212525212,38.0,48.0,85.0,988154682,291924608,48971,0,0.0
1789730815.3,0.9760324431029797,39.0,47.0,85.0,988226628,291924624,71946,16,0.0002
1789730817.4,0.9696310812937188,38.0,48.0,85.0,988226628,291924624,0,0,
1789730819.5,0.9759823765860357,38.0,48.0,85.0,988327537,291924624,100909,0,0.0
1789730821.6,0.9942852647088274,38.0,49.0,85.0,988327537,291924624,0,0,
1789730823.6,0.9443331855179024,37.0,48.0,85.0,988428497,291924640,100960,16,0.0002
1789730825.7,0.9313015863933511,35.0,50.0,85.0,988428497,291924640,0,0,
1789730827.8,0.900832534653182,34.0,50.0,85.0,988428497,291924640,0,0,
1789730829.9,0.9337763028022945,37.0,49.0,85.0,988545477,291924640,116980,0,0.0
1789730832.0,0.9521221050824668,37.0,49.0,85.0,988545477,291924640,0,0,
1789730834.0,0.9638734318451657,38.0,49.0,85.0,988651301,291924656,105824,16,0.0002
1789730836.1,0.922919020985023,37.0,49.0,85.0,988708838,291924656,57537,0,0.0
1789730838.2,0.9275680547012459,36.0,51.0,85.0,988708838,291924656,0,0,
1789730840.3,0.9604832134121046,38.0,49.0,85.0,988824252,291924656,115414,0,0.0
1789730842.3,0.9550974866608494,38.0,48.0,85.0,988889965,291924656,65713,0,0.0
1789730844.4,0.9807315433361465,38.0,49.0,85.0,988889965,291924656,0,0,
1789730846.5,0.9800806786158753,38.0,48.0,85.0,988934511,291924656,44546,0,0.0
1789730848.6,0.9652895990387229,38.0,48.0,85.0,988991476,291924656,56965,0,0.0
1789730850.6,0.9753029024275108,38.0,49.0,85.0,989084321,291924656,92845,0,0.0
1789730852.7,0.9899652395325218,38.0,49.0,85.0,989084321,291924656,0,0,
1789730854.8,0.9747807801793812,37.0,48.0,85.0,989122251,291924656,37930,0,0.0
1789730856.9,0.9623356745390305,36.0,50.0,85.0,989122251,291924656,0,0,
1789730858.9,0.9429670848412891,36.0,49.0,85.0,989217690,291924656,95439,0,0.0
1789730861.0,0.9575865077889195,36.0,49.0,85.0,989217690,291924656,0,0,
1789730863.1,0.9905731900954124,38.0,48.0,85.0,989289925,291924656,72235,0,0.0
1789730865.1,0.9659976826355015,37.0,49.0,85.0,989289925,291924656,0,0,
1789730867.2,0.9599253293661579,37.0,49.0,85.0,989364467,291924656,74542,0,0.0
1789730869.3,0.9855593860414551,38.0,48.0,85.0,989442861,291924656,78394,0,0.0
1789730871.4,0.9993848970775459,38.0,49.0,85.0,989442861,291924656,0,0,
1789730873.4,0.9638805842047291,36.0,49.0,85.0,989519288,291924656,76427,0,0.0
1789730875.5,0.9858383280644285,36.0,50.0,85.0,989519288,291924656,0,0,
1789730877.6,0.9850372637933255,36.0,51.0,85.0,989557618,291924656,38330,0,0.0
1789730879.6,0.990751999084498,36.0,51.0,85.0,989607760,291924656,50142,0,0.0
1789730881.7,0.9378245383151902,33.0,52.0,85.0,989607760,291924656,0,0,
1789730883.8,0.937667186404795,33.0,54.0,85.0,989776287,291924656,168527,0,0.0
1789730885.9,0.9559629221680233,33.0,54.0,85.0,989776287,291924656,0,0,
1789730887.9,0.9669274893787461,33.0,54.0,85.0,989776287,291924656,0,0,
1789730890.0,0.9779063613085957,33.0,54.0,85.0,989776287,291924656,0,0,
1789730892.1,0.9852589869397914,33.0,54.0,85.0,989776287,291924656,0,0,
1789730894.2,0.9914243208834594,33.0,54.0,85.0,989776287,291924656,0,0,
1789730896.3,0.9916961105468695,33.0,54.0,85.0,989847914,291924656,71627,0,0.0
1789730898.3,0.9986482040425136,33.0,54.0,85.0,989847914,291924656,0,0,
1789730900.5,0.9697741284849872,32.0,54.0,85.0,989847914,291924656,0,0,
1789730902.5,0.9731643469180483,32.0,55.0,85.0,989942298,291924656,94384,0,0.0
1789730904.6,0.9862245554808531,32.0,55.0,85.0,989942298,291924656,0,0,
1789730906.7,0.9608837455476562,32.0,55.0,85.0,990067442,291924656,125144,0,0.0
1789730908.7,0.9865678687398973,32.0,56.0,85.0,990067442,291924656,0,0,
1789730910.8,0.9988270130315992,32.0,56.0,85.0,990067442,291924656,0,0,
1789730912.9,0.9813394938990373,32.0,56.0,85.0,990123787,291924672,56345,16,0.0003
1789730915.0,0.9681863046619079,32.0,55.0,85.0,990179702,291924672,55915,0,0.0
1789730917.1,0.9897149069478021,32.0,56.0,85.0,990179702,291924672,0,0,
1789730919.2,0.9408142246126997,31.0,55.0,85.0,990239883,291924672,60181,0,0.0
1789730921.2,0.9627862731915259,32.0,56.0,85.0,990282699,291924672,42816,0,0.0
1789730923.3,0.9938990372924028,33.0,55.0,85.0,990322440,291924672,39741,0,0.0
1789730925.4,0.981725721315462,33.0,55.0,85.0,990350090,291924672,27650,0,0.0
1789730927.5,0.9816255882815741,34.0,53.0,85.0,990423807,291924672,73717,0,0.0
1789730929.6,0.9766117842276167,34.0,54.0,85.0,990517541,291924672,93734,0,0.0
1789730931.6,0.9912383595348105,34.0,54.0,85.0,990517541,291924672,0,0,
1789730933.7,0.9430886749538673,33.0,55.0,85.0,990583034,291924672,65493,0,0.0
1789730935.8,0.9650535711731301,35.0,53.0,85.0,990622724,291924672,39690,0,0.0
1789730937.9,0.9571788232938047,35.0,52.0,85.0,990667142,291924672,44418,0,0.0
1789730939.9,0.9279542821176706,35.0,51.0,85.0,990765639,291924688,98497,16,0.0002
1789730942.0,0.9425951621439913,35.0,52.0,85.0,990765639,291924688,0,0,
1789730944.1,0.9682363711788519,36.0,51.0,85.0,990841090,291924688,75451,0,0.0
1789730946.2,0.9934484386399073,37.0,50.0,85.0,990870133,291924688,29043,0,0.0
1789730948.2,0.97743430557741,37.0,48.0,85.0,990938508,291924688,68375,0,0.0
1789730950.3,0.9627433590341453,36.0,49.0,85.0,991012955,291924688,74447,0,0.0
1789730952.4,0.9847082552534081,37.0,49.0,85.0,991055883,291924688,42928,0,0.0
1789730954.5,0.9549472871100176,36.0,48.0,85.0,991094347,291924688,38464,0,0.0
1789730956.5,0.9846367316577739,37.0,50.0,85.0,991129977,291924688,35630,0,0.0
1789730958.7,0.9854878624458209,37.0,50.0,85.0,991129977,291924688,0,0,
1789730960.8,0.9492182470997182,36.0,49.0,85.0,991205776,291924688,75799,0,0.0
1789730962.8,0.9675354399416367,37.0,49.0,85.0,991251788,291924688,46012,0,0.0
1789730964.9,0.9628721015062869,37.0,49.0,85.0,991352269,291924688,100481,0,0.0
1789730967.0,0.9848369977255497,37.0,50.0,85.0,991352269,291924688,0,0,
1789730969.1,0.9970317707811807,37.0,50.0,85.0,991352269,291924688,0,0,
1789730971.1,0.9869827055945757,37.0,50.0,85.0,991412499,291924688,60230,0,0.0
1789730973.2,0.9973321698828443,37.0,50.0,85.0,991454463,291924688,41964,0,0.0
1789730975.3,0.9912812736921911,37.0,50.0,85.0,991493786,291924688,39323,0,0.0
1789730977.4,0.9569499477877752,36.0,51.0,85.0,991603501,291924688,109715,0,0.0
1789730979.4,0.9752742929892572,36.0,51.0,85.0,991603501,291924688,0,0,
1789730981.5,0.9862460125595434,36.0,51.0,85.0,991603501,291924688,0,0,
1789730983.6,0.9770266210822951,36.0,50.0,85.0,991652718,291924688,49217,0,0.0
1789730985.7,0.9811892943482055,36.0,50.0,85.0,991692327,291924688,39609,0,0.0
1789730987.7,0.9880555595290886,36.0,50.0,85.0,991753531,291924688,61204,0,0.0
1789730989.8,0.9757034345630624,36.0,50.0,85.0,991804048,291924704,50517,16,0.0003
1789730991.9,0.9806957815383295,36.0,51.0,85.0,991804048,291924704,0,0,
1789730994.0,0.9643526399359148,36.0,50.0,85.0,991908703,291924704,104655,0,0.0
1789730996.1,0.9789935199622355,36.0,51.0,85.0,991908703,291924704,0,0,
1789730998.1,0.9573862417211438,35.0,50.0,85.0,991945458,291924704,36755,0,0.0
1789731000.2,0.9329466290929378,34.0,52.0,85.0,992015525,291924704,70067,0,0.0
1789731002.3,0.9585878381277984,36.0,50.0,85.0,992093399,291924704,77874,0,0.0
1789731004.4,0.9565851774500408,34.0,51.0,85.0,992093399,291924704,0,0,
1789731006.5,0.964867609824481,34.0,52.0,85.0,992194621,291924704,101222,0,0.0
1789731008.5,0.9561059693592916,33.0,52.0,85.0,992194621,291924704,0,0,
1789731010.6,0.9781066273763714,34.0,53.0,85.0,992255982,291924704,61361,0,0.0
1789731012.7,0.9699672421931995,34.0,52.0,85.0,992335943,291924720,79961,16,0.0002
1789731014.8,0.9911596835796129,34.0,53.0,85.0,992335943,291924720,0,0,
1789731016.8,0.9770981446779292,34.0,52.0,85.0,992404541,291924720,68598,0,0.0
1789731018.9,0.9879840359334544,34.0,51.0,85.0,992449448,291924720,44907,0,0.0
1789731021.0,0.9572646516085657,34.0,51.0,85.0,992493518,291924720,44070,0,0.0
1789731023.1,0.9676141158968343,35.0,49.0,85.0,992577689,291924720,84171,0,0.0
1789731025.2,0.9849156736807473,35.0,52.0,85.0,992577689,291924720,0,0,
1789731027.2,0.9274893787460483,35.0,52.0,85.0,992660755,291924720,83066,0,0.0
1789731029.3,0.9604331468951607,36.0,51.0,85.0,992712199,291924720,51444,0,0.0
1789731031.4,0.970997181970332,36.0,51.0,85.0,992769010,291924720,56811,0,0.0
1789731033.5,0.9681934570214714,37.0,49.0,85.0,992863192,291924720,94182,0,0.0
1789731035.5,0.9711974480381078,36.0,51.0,85.0,992863192,291924720,0,0,
1789731037.6,0.9748093896176349,36.0,50.0,85.0,992921263,291924720,58071,0,0.0
1789731039.7,0.9971962750511394,37.0,49.0,85.0,992961911,291924720,40648,0,0.0
1789731041.7,0.9380677185403464,35.0,49.0,85.0,993020092,291924720,58181,0,0.0
1789731043.8,0.9465718740612528,35.0,50.0,85.0,993116537,291924720,96445,0,0.0
1789731045.9,0.9648604574649177,35.0,52.0,85.0,993116537,291924720,0,0,
1789731048.0,0.9860600512108945,36.0,51.0,85.0,993155866,291924720,39329,0,0.0
1789731050.0,0.971848312758379,35.0,51.0,85.0,993235143,291924720,79277,0,0.0
1789731052.1,0.9891284134636017,35.0,51.0,85.0,993235143,291924720,0,0,
1789731054.2,0.9152946056904172,34.0,51.0,85.0,993349730,291924720,114587,0,0.0
1789731056.3,0.9409000529274608,34.0,51.0,85.0,993349730,291924720,0,0,
1789731058.4,0.9702247271374826,35.0,50.0,85.0,993417599,291924736,67869,16,0.0002
1789731060.4,0.938332355844193,34.0,51.0,85.0,993509465,291924736,91866,0,0.0
1789731062.5,0.9603115567825826,34.0,52.0,85.0,993509465,291924736,0,0,
1789731064.6,0.982254995923155,35.0,52.0,85.0,993550208,291924736,40743,0,0.0
1789731066.7,0.967914514998498,34.0,52.0,85.0,993550208,291924736,0,0,
1789731068.7,0.9279757391963609,33.0,52.0,85.0,993657671,291924736,107463,0,0.0
1789731070.8,0.9426023145035547,33.0,53.0,85.0,993657671,291924736,0,0,
1789731072.9,0.9507416996867266,33.0,54.0,85.0,993657671,291924736,0,0,
1789731075.0,0.9182056160327292,32.0,55.0,85.0,993789117,291924736,131446,0,0.0
1789731077.0,0.932832191339923,32.0,55.0,85.0,993789117,291924736,0,0,
1789731079.1,0.9474587666471169,32.0,55.0,85.0,993789117,291924736,0,0,
1789731081.2,0.9657974165677257,34.0,53.0,85.0,993877652,291924736,88535,0,0.0
1789731083.3,0.9912669689730642,34.0,53.0,85.0,993877652,291924736,0,0,
1789731085.4,0.9645743630823809,33.0,53.0,85.0,993938175,291924736,60523,0,0.0
1789731087.4,0.9142718182728482,33.0,53.0,85.0,993981657,291924736,43482,0,0.0
1789731089.5,0.9435464259659262,35.0,52.0,85.0,994075497,291924752,93840,16,0.0002
1789731091.6,0.9540746992432804,35.0,51.0,85.0,994129041,291924752,53544,0,0.0
1789731093.7,0.9797016035590141,36.0,50.0,85.0,994207768,291924752,78727,0,0.0
1789731095.7,0.9961091163974995,36.0,51.0,85.0,994207768,291924752,0,0,
1789731097.8,0.9648604574649177,34.0,51.0,85.0,994207768,291924752,0,0,
1789731099.9,0.9110961706266898,32.0,53.0,85.0,994292489,291924752,84721,0,0.0
1789731101.9,0.9257871171699543,32.0,55.0,85.0,994292489,291924752,0,0,
1789731104.0,0.9550617248630323,33.0,55.0,85.0,994366462,291924752,73973,0,0.0
1789731106.1,0.9843863990730543,35.0,53.0,85.0,994452241,291924752,85779,0,0.0
1789731108.2,0.9997711244939705,36.0,52.0,85.0,994453683,291924752,1442,0,0.0
1789731110.2,0.9998998669661121,35.0,53.0,85.0,994453683,291924752,0,0,
1789731112.3,0.9703320125309339,35.0,53.0,85.0,994577001,291924752,123318,0,0.0
1789731114.4,0.9886277482941622,35.0,53.0,85.0,994577001,291924752,0,0,
1789731116.5,0.957185975653368,34.0,52.0,85.0,994635223,291924752,58222,0,0.0
1789731118.5,0.935113794040654,33.0,53.0,85.0,994728622,291924768,93399,16,0.0002
1789731120.6,0.9570643855407899,33.0,55.0,85.0,994728622,291924768,0,0,
1789731122.7,0.9790221294004893,34.0,54.0,85.0,994767968,291924768,39346,0,0.0
1789731124.7,0.9285264708827442,32.0,53.0,85.0,994898280,291924768,130312,0,0.0
1789731126.8,0.950527128899824,32.0,54.0,85.0,994898280,291924768,0,0,
1789731128.9,0.9614916961105469,32.0,55.0,85.0,994898280,291924768,0,0,
1789731131.0,0.9761540332155578,33.0,55.0,85.0,994938077,291924768,39797,0,0.0
1789731133.0,0.9939920179667272,33.0,55.0,85.0,994938077,291924768,0,0,
1789731135.1,0.9947287110017595,33.0,57.0,85.0,994938077,291924768,0,0,
1789731137.2,0.9784499406354156,33.0,56.0,85.0,994991009,291924768,52932,0,0.0
1789731139.2,0.9807816098530905,32.0,58.0,85.0,994991009,291924768,0,0,
1789731141.3,0.9614559343127298,32.0,58.0,85.0,995048443,291924768,57434,0,0.0
1789731143.4,0.9892571559357431,34.0,56.0,85.0,995093716,291924768,45273,0,0.0
1789731145.5,0.946421674510421,34.0,55.0,85.0,995126251,291924768,32535,0,0.0
1789731147.5,0.9794012044573505,35.0,54.0,85.0,995187391,291924768,61140,0,0.0
1789731149.6,0.9340981589826484,34.0,55.0,85.0,995247916,291924768,60525,0,0.0
1789731151.7,0.9333972277454332,34.0,54.0,85.0,995323245,291924768,75329,0,0.0
1789731153.8,0.9553549716051325,35.0,53.0,85.0,995362178,291924768,38933,0,0.0
1789731155.8,0.9842147424435321,36.0,53.0,85.0,995398347,291924768,36169,0,0.0
1789731157.9,0.9847154076129715,36.0,54.0,85.0,995439977,291924768,41630,0,0.0
1789731160.0,0.9685582273592058,35.0,55.0,85.0,995439977,291924768,0,0,
1789731162.1,0.95817300127312,34.0,55.0,85.0,995439977,291924768,0,0,
1789731164.1,0.9305791980774457,33.0,57.0,85.0,995540860,291924768,100883,0,0.0
1789731166.2,0.9452057733846396,33.0,57.0,85.0,995540860,291924768,0,0,
1789731168.3,0.968815712303489,34.0,56.0,85.0,995582222,291924768,41362,0,0.0
1789731170.4,0.9619852089204228,34.0,56.0,85.0,995658632,291924768,76410,0,0.0
1789731172.4,0.984007324016193,34.0,56.0,85.0,995658632,291924768,0,0,
1789731174.5,0.9244496259315949,33.0,56.0,85.0,995776832,291924768,118200,0,0.0
1789731176.6,0.9464073697912941,33.0,57.0,85.0,995776832,291924768,0,0,
1789731178.7,0.9611054686941222,33.0,57.0,85.0,995776832,291924768,0,0,
1789731180.8,0.9793868997382237,34.0,56.0,85.0,995811103,291924768,34271,0,0.0
1789731182.8,0.9874189995279443,35.0,55.0,85.0,995900801,291924768,89698,0,0.0
1789731184.9,0.9787932538944598,35.0,55.0,85.0,995957129,291924768,56328,0,0.0
1789731187.0,0.9850086543550718,34.0,55.0,85.0,995964525,291924768,7396,0,0.0
1789731189.0,0.9855951478392722,34.0,55.0,85.0,996001273,291924768,36748,0,0.0
1789731191.1,0.962550245325933,34.0,54.0,85.0,996090732,291924784,89459,16,0.0002
1789731193.3,0.9489464574363082,35.0,54.0,85.0,996166840,291924784,76108,0,0.0
1789731195.3,0.9387686497775616,35.0,54.0,85.0,996266140,291924800,99300,16,0.0002
1789731197.4,0.9607550030755146,35.0,55.0,85.0,996266140,291924800,0,0,
1789731199.5,0.9790936529961234,36.0,54.0,85.0,996312837,291924800,46697,0,0.0
1789731201.6,0.9756247586078647,36.0,53.0,85.0,996337782,291924800,24945,0,0.0
1789731203.7,0.9822764530018453,36.0,54.0,85.0,996416690,291924800,78908,0,0.0
1789731205.8,0.9771267541161829,36.0,53.0,85.0,996455735,291924800,39045,0,0.0
1789731207.9,0.989321527171814,36.0,52.0,85.0,996499514,291924800,43779,0,0.0
1789731210.0,0.9631581958888237,35.0,52.0,85.0,996549673,291924800,50159,0,0.0
1789731212.1,0.8809060609094941,33.0,54.0,85.0,996664655,291924816,114982,16,0.0001
1789731214.1,0.902892414207447,33.0,55.0,85.0,996664655,291924816,0,0,
1789731216.2,0.9175475989528945,33.0,55.0,85.0,996664655,291924816,0,0,
1789731218.3,0.9395053428125939,34.0,55.0,85.0,996755769,291924816,91114,0,0.0
1789731220.4,0.9578225356545125,34.0,56.0,85.0,996755769,291924816,0,0,
1789731222.4,0.9870971433475904,36.0,54.0,85.0,996832137,291924816,76368,0,0.0
1789731224.5,0.9860242894130774,35.0,55.0,85.0,996832137,291924816,0,0,
1789731226.6,0.973636402649234,34.0,55.0,85.0,996888930,291924816,56793,0,0.0
1789731228.7,0.9548757635143834,33.0,55.0,85.0,996888930,291924816,0,0,
1789731230.8,0.9220106713204687,31.0,58.0,85.0,997058898,291924816,169968,0,0.0
1789731232.9,0.9403278641623871,31.0,59.0,85.0,997058898,291924816,0,0,
1789731234.9,0.9347919378603001,30.0,59.0,85.0,997058898,291924816,0,0,
1789731237.0,0.9457565050710229,30.0,59.0,85.0,997058898,291924816,0,0,
1789731239.1,0.9567282246413091,30.0,60.0,85.0,997058898,291924816,0,0,
1789731241.2,0.9640665455533781,31.0,59.0,85.0,997075223,291924816,16325,0,0.0
1789731243.2,0.9933912197634,32.0,58.0,85.0,997137180,291924816,61957,0,0.0
1789731245.3,0.9652180754430887,34.0,55.0,85.0,997212947,291924816,75767,0,0.0
1789731247.4,0.9883130444733718,34.0,55.0,85.0,997212947,291924816,0,0,
1789731249.4,0.9520863432846496,32.0,56.0,85.0,997271509,291924816,58562,0,0.0
1789731251.5,0.9500550731686384,32.0,56.0,85.0,997311756,291924816,40247,0,0.0
1789731253.6,0.9793225285021528,33.0,55.0,85.0,997392926,291924816,81170,0,0.0
1789731255.7,0.9605976511651194,32.0,56.0,85.0,997392926,291924816,0,0,
1789731257.7,0.9540031756476461,31.0,58.0,85.0,997392926,291924816,0,0,
1789731259.8,0.9519862102507617,31.0,58.0,85.0,997497554,291924816,104628,0,0.0
1789731261.9,0.9665913284792653,31.0,58.0,85.0,997497554,291924816,0,0,
1789731264.0,0.9922539945928162,32.0,57.0,85.0,997542150,291924816,44596,0,0.0
1789731266.0,0.9669990129743803,32.0,56.0,85.0,997580399,291924816,38249,0,0.0
1789731268.1,0.9773127154648319,32.0,57.0,85.0,997580399,291924816,0,0,
1789731270.2,0.9392120960704936,32.0,56.0,85.0,997641321,291924816,60922,0,0.0
1789731272.3,0.9685510749996424,33.0,56.0,85.0,997710981,291924832,69660,16,0.0002
1789731274.4,0.9832849357002875,33.0,56.0,85.0,997710981,291924832,0,0,
1789731276.5,0.9840645428927003,33.0,56.0,85.0,997710981,291924832,0,0,
1789731278.5,0.9607478507159511,33.0,55.0,85.0,997798338,291924832,87357,0,0.0
1789731280.6,0.9888137096428111,34.0,54.0,85.0,997838542,291924832,40204,0,0.0
1789731282.7,0.9723704350065087,33.0,54.0,85.0,997838542,291924832,0,0,
1789731284.8,0.9718268556796887,32.0,56.0,85.0,997838542,291924832,0,0,
1789731286.8,0.9494971891226915,32.0,56.0,85.0,997909303,291924832,70761,0,0.0
1789731288.9,0.9751312457979887,35.0,53.0,85.0,997990383,291944464,81080,19632,0.2421
1789731291.0,0.9907376943653712,35.0,53.0,85.0,997990383,291944464,0,0,
1789731293.1,0.9591743316119988,35.0,52.0,85.0,998115224,291944464,124841,0,0.0
1789731295.2,0.9811463801908249,35.0,53.0,85.0,998115224,291944464,0,0,
1789731297.2,0.993426981561217,35.0,53.0,85.0,998115224,291944464,0,0,
1789731299.3,0.9042656672436237,34.0,52.0,85.0,998220915,291944464,105691,0,0.0
1789731301.4,0.908392578711717,33.0,53.0,85.0,998220915,291944464,0,0,
1789731303.4,0.9227402119959375,33.0,55.0,85.0,998317843,291944464,96928,0,0.0
1789731305.5,0.9483742686712346,33.0,55.0,85.0,998317843,291944464,0,0,
1789731307.6,0.9630509104953724,33.0,55.0,85.0,998317843,291944464,0,0,
1789731309.6,0.9886563577324159,34.0,54.0,85.0,998374924,291944464,57081,0,0.0
1789731311.7,0.992354127626704,34.0,54.0,85.0,998374924,291944464,0,0,
1789731313.8,0.9906876278484272,34.0,53.0,85.0,998433803,291944464,58879,0,0.0
1789731315.9,0.9805956485044416,34.0,52.0,85.0,998514807,291944464,81004,0,0.0
1789731318.0,0.9614130201553492,34.0,52.0,85.0,998597423,291944464,82616,0,0.0
1789731320.0,0.987039924471083,34.0,53.0,85.0,998597423,291944464,0,0,
1789731322.1,0.9363797616833793,32.0,53.0,85.0,998679816,291944464,82393,0,0.0
1789731324.2,0.9620281230778034,32.0,54.0,85.0,998679816,291944464,0,0,
1789731326.2,0.9876621797531006,33.0,53.0,85.0,998723991,291944464,44175,0,0.0
1789731328.3,0.9901798103194244,33.0,53.0,85.0,998723991,291944464,0,0,
1789731330.4,0.9509705751927561,33.0,53.0,85.0,998844831,291944464,120840,0,0.0
1789731332.5,0.9729569284907091,33.0,54.0,85.0,998844831,291944464,0,0,
1789731334.6,0.978321198163274,33.0,54.0,85.0,998922708,291944464,77877,0,0.0
1789731336.6,0.9512995837326734,33.0,53.0,85.0,998976498,291944464,53790,0,0.0
1789731338.7,0.9515570686769566,33.0,53.0,85.0,999068252,291944464,91754,0,0.0
1789731340.8,0.9735148125366558,33.0,53.0,85.0,999068252,291944464,0,0,
1789731342.9,0.9557411990215572,33.0,52.0,85.0,999170975,291944464,102723,0,0.0
1789731344.9,0.949590169797016,32.0,53.0,85.0,999170975,291944464,0,0,
1789731347.0,0.9605761940864291,32.0,53.0,85.0,999170975,291944464,0,0,
1789731349.1,0.9647102579140858,32.0,54.0,85.0,999236007,291944464,65032,0,0.0
1789731351.2,0.9869254867180683,33.0,54.0,85.0,999272510,291944464,36503,0,0.0
1789731353.2,0.9441615288883802,32.0,54.0,85.0,999272510,291944464,0,0,
1789731355.3,0.9771410588353098,34.0,53.0,85.0,999390872,291944464,118362,0,0.0
1789731357.4,0.9658474830846696,33.0,54.0,85.0,999390872,291944464,0,0,
1789731359.5,0.9575292889124122,33.0,54.0,85.0,999497320,291944480,106448,16,0.0002
1789731361.5,0.9758321770352039,33.0,54.0,85.0,999497320,291944480,0,0,
1789731363.6,0.9585091621726007,32.0,55.0,85.0,999497320,291944480,0,0,
1789731365.7,0.9581873059922469,32.0,55.0,85.0,999604816,291944480,107496,0,0.0
1789731367.8,0.9728281860185676,32.0,55.0,85.0,999604816,291944480,0,0,
1789731369.8,0.955090334301286,32.0,54.0,85.0,999661821,291944496,57005,16,0.0003
1789731371.9,0.9843720943539274,33.0,53.0,85.0,999702619,291944496,40798,0,0.0
1789731374.0,0.9830489078346947,32.0,55.0,85.0,999702619,291944496,0,0,
1789731376.0,0.9833707640150485,33.0,54.0,85.0,999784424,291944496,81805,0,0.0
1789731378.1,0.9879339694165105,33.0,53.0,85.0,999822218,291944496,37794,0,0.0
1789731380.2,0.9356645257270373,31.0,53.0,85.0,999899552,291944496,77334,0,0.0
1789731382.3,0.9539817185689559,32.0,54.0,85.0,999938316,291944496,38764,0,0.0
1789731384.3,0.9697812808445506,32.0,54.0,85.0,999938316,291944496,0,0,
1789731386.4,0.946729225971648,31.0,54.0,85.0,1000039561,291944496,101245,0,0.0
1789731388.5,0.9686869698313474,31.0,56.0,85.0,1000039561,291944496,0,0,
1789731390.6,0.9648246956671006,31.0,56.0,85.0,1000118535,291944496,78974,0,0.0
1789731392.6,0.9904659047019612,31.0,56.0,85.0,1000118535,291944496,0,0,
1789731394.7,0.9983335002217232,31.0,56.0,85.0,1000118535,291944496,0,0,
1789731396.8,0.9718125509605618,31.0,55.0,85.0,1000224467,291944496,105932,0,0.0
1789731398.9,0.9897792781838729,31.0,55.0,85.0,1000224467,291944496,0,0,
1789731401.0,0.9476232709170755,30.0,55.0,85.0,1000315062,291944496,90595,0,0.0
1789731403.1,0.9805741914257513,32.0,55.0,85.0,1000390687,291944496,75625,0,0.0
1789731405.2,0.9557054372237401,31.0,55.0,85.0,1000390687,291944496,0,0,
1789731407.2,0.9695595576980846,32.0,55.0,85.0,1000470512,291944496,79825,0,0.0
1789731409.3,0.9911811406583032,33.0,54.0,85.0,1000511852,291944496,41340,0,0.0
1789731411.4,0.9655399316234425,32.0,54.0,85.0,1000556499,291944496,44647,0,0.0
1789731413.5,0.920723246599053,32.0,55.0,85.0,1000658626,291944512,102127,16,0.0002
1789731415.6,0.9426738380991889,32.0,55.0,85.0,1000658626,291944512,0,0,
1789731417.7,0.9573290228446365,33.0,54.0,85.0,1000734272,291944512,75646,0,0.0
1789731419.7,0.9829702318794971,33.0,54.0,85.0,1000734272,291944512,0,0,
1789731421.8,0.9855164718840745,33.0,54.0,85.0,1000796402,291944512,62130,0,0.0
1789731423.9,0.9954510993176648,33.0,54.0,85.0,1000796402,291944512,0,0,
1789731426.0,0.9841146094096442,33.0,54.0,85.0,1000813313,291944512,16911,0,0.0
1789731428.0,0.9530304547470211,33.0,53.0,85.0,1000877157,291944512,63844,0,0.0
1789731430.1,0.9780494084998641,33.0,53.0,85.0,1000877157,291944512,0,0,
1789731432.3,0.9184344915387587,32.0,53.0,85.0,1000955319,291944512,78162,0,0.0
1789731434.3,0.9440757005736192,32.0,55.0,85.0,1000955319,291944512,0,0,
1789731436.4,0.950169510921653,32.0,55.0,85.0,1000955319,291944512,0,0,
1789731438.5,0.9490179810319425,31.0,55.0,85.0,1000955319,291944512,0,0,
1789731440.6,0.9546182785701003,31.0,54.0,85.0,1001074239,291944512,118920,0,0.0
1789731442.6,0.9189566137868883,29.0,56.0,85.0,1001074239,291944512,0,0,
1789731444.7,0.9299712475145551,30.0,56.0,85.0,1001136173,291944512,61934,0,0.0
1789731446.8,0.9555909994707253,30.0,56.0,85.0,1001136173,291944512,0,0,
1789731448.8,0.9885633770580915,32.0,54.0,85.0,1001228971,291944512,92798,0,0.0
1789731450.9,0.9724777203999599,31.0,54.0,85.0,1001228971,291944512,0,0,
1789731453.0,0.9188350236743101,30.0,54.0,85.0,1001321388,291944512,92417,0,0.0
1789731455.1,0.9195073454732716,29.0,55.0,85.0,1001321388,291944512,0,0,
1789731457.2,0.9378245383151902,30.0,55.0,85.0,1001402038,291944512,80650,0,0.0
1789731459.3,0.9598037392535798,30.0,56.0,85.0,1001402038,291944512,0,0,
1789731461.3,0.97770609524082,30.0,56.0,85.0,1001482569,291944512,80531,0,0.0
1789731463.4,0.9926688314474945,30.0,56.0,85.0,1001482569,291944512,0,0,
1789731465.5,0.9703034030926803,29.0,57.0,85.0,1001482569,291944512,0,0,
1789731467.6,0.9345559099947073,28.0,57.0,85.0,1001482569,291944512,0,0,
1789731469.6,0.9418227073111419,28.0,58.0,85.0,1001654692,291944512,172123,0,0.0
1789731471.7,0.9564850444161529,28.0,58.0,85.0,1001654692,291944512,0,0,
1789731473.8,0.946114123049194,27.0,58.0,85.0,1001654692,291944512,0,0,
1789731475.9,0.957100147338607,27.0,59.0,85.0,1001654692,291944512,0,0,
1789731477.9,0.9680790192684566,27.0,59.0,85.0,1001654692,291944512,0,0,
1789731480.0,0.9753958831018353,28.0,58.0,85.0,1001694792,291944512,40100,0,0.0
1789731482.1,0.9903586193085099,28.0,58.0,85.0,1001694792,291944512,0,0,
1789731484.2,0.9753243595062011,27.0,59.0,85.0,1001694792,291944512,0,0,
1789731486.2,0.9684580943253179,28.0,57.0,85.0,1001780297,291964144,85505,19632,0.2296
1789731488.3,0.9941279127984322,29.0,56.0,85.0,1001846028,291964144,65731,0,0.0
1789731490.4,0.998655356402077,29.0,56.0,85.0,1001846028,291964144,0,0,
1789731492.5,0.9531806542978528,29.0,56.0,85.0,1001886558,291964144,40530,0,0.0
1789731494.5,0.9861101177278384,30.0,56.0,85.0,1001947801,291964144,61243,0,0.0
1789731496.6,0.9918892242550817,30.0,56.0,85.0,1001947801,291964144,0,0,
1789731498.7,0.9925615460540432,30.0,56.0,85.0,1001947801,291964144,0,0,
1789731500.8,0.982133405810577,31.0,54.0,85.0,1002028773,291964144,80972,0,0.0
1789731502.8,0.9529875405896405,29.0,54.0,85.0,1002028773,291964144,0,0,
1789731504.9,0.9528731028366259,28.0,56.0,85.0,1002028773,291964144,0,0,
1789731507.0,0.9603973850973436,28.0,55.0,85.0,1002144601,291964160,115828,16,0.0001
1789731509.1,0.9750382651236643,28.0,57.0,85.0,1002144601,291964160,0,0,
1789731511.1,0.9543965554236342,28.0,57.0,85.0,1002202805,291964160,58204,0,0.0
1789731513.2,0.9800520691776217,29.0,57.0,85.0,1002219140,291964160,16335,0,0.0
1789731515.3,0.9776345716451857,29.0,57.0,85.0,1002267260,291964160,48120,0,0.0
1789731517.4,0.9495544079991989,28.0,57.0,85.0,1002373656,291964160,106396,0,0.0
1789731519.4,0.9715336089375886,28.0,57.0,85.0,1002373656,291964160,0,0,
1789731521.5,0.9825339379461284,28.0,57.0,85.0,1002373656,291964160,0,0,
1789731523.6,0.9832134121046533,28.0,58.0,85.0,1002373656,291964160,0,0,
1789731525.7,0.9637732988112778,28.0,58.0,85.0,1002469731,291964160,96075,0,0.0
1789731527.8,0.9820904916531964,28.0,58.0,85.0,1002469731,291964160,0,0,
1789731529.8,0.9852303775015377,28.0,58.0,85.0,1002469731,291964160,0,0,
1789731531.9,0.9713190381506859,28.0,57.0,85.0,1002541290,291964160,71559,0,0.0
1789731534.0,0.9887707954854307,28.0,57.0,85.0,1002541290,291964160,0,0,
1789731536.1,0.9528659504770624,28.0,56.0,85.0,1002643036,291964160,101746,0,0.0
1789731538.1,0.9730356044459068,28.0,57.0,85.0,1002643036,291964160,0,0,
1789731540.2,0.9561560358762355,28.0,57.0,85.0,1002740642,291964160,97606,0,0.0
1789731542.3,0.9497475217074113,28.0,56.0,85.0,1002811001,291964176,70359,16,0.0002
1789731544.4,0.9753744260231451,28.0,58.0,85.0,1002811001,291964176,0,0,
1789731546.4,0.9713691046676298,28.0,58.0,85.0,1002885339,291964176,74338,0,0.0
1789731548.5,0.9428025805713305,27.0,58.0,85.0,1002885339,291964176,0,0,
1789731550.6,0.9757535010800062,29.0,57.0,85.0,1003004823,291964176,119484,0,0.0
1789731552.7,0.9964166678587266,29.0,57.0,85.0,1003004823,291964176,0,0,
1789731554.7,0.9697955855636775,29.0,57.0,85.0,1003086470,291964176,81647,0,0.0
1789731556.8,0.9845008368260689,29.0,57.0,85.0,1003086470,291964176,0,0,
1789731558.9,0.9841861330052785,31.0,54.0,85.0,1003173298,291964176,86828,0,0.0
1789731561.0,0.9978614444905374,31.0,55.0,85.0,1003173298,291964176,0,0,
1789731563.1,0.9834422876106828,31.0,55.0,85.0,1003232078,291964176,58780,0,0.0
1789731565.2,0.9899580871729584,31.0,54.0,85.0,1003277381,291964176,45303,0,0.0
1789731567.2,0.9914028638047692,31.0,54.0,85.0,1003334881,291964176,57500,0,0.0
1789731569.3,0.9880341024503984,32.0,54.0,85.0,1003416870,291964176,81989,0,0.0
1789731571.4,0.9924757177392822,32.0,54.0,85.0,1003416870,291964176,0,0,
1789731573.4,0.9363368475259988,31.0,53.0,85.0,1003459645,291964176,42775,0,0.0
1789731575.5,0.9656114552190768,32.0,54.0,85.0,1003543518,291964176,83873,0,0.0
1789731577.6,0.9821834723275209,32.0,54.0,85.0,1003543518,291964176,0,0,
1789731579.7,0.9601756619508776,33.0,52.0,85.0,1003634611,291964176,91093,0,0.0
1789731581.7,0.9220249760395954,32.0,53.0,85.0,1003696188,291964176,61577,0,0.0
1789731583.8,0.9513281931709271,33.0,53.0,85.0,1003737340,291964176,41152,0,0.0
1789731585.9,0.9769694022057877,34.0,52.0,85.0,1003832253,291964176,94913,0,0.0
1789731588.0,0.9677142489307222,33.0,52.0,85.0,1003832253,291964176,0,0,
1789731590.0,0.9655756934212597,34.0,50.0,85.0,1003901208,291964176,68955,0,0.0
1789731592.1,0.9732859370306264,34.0,50.0,85.0,1003940346,291964176,39138,0,0.0
1789731594.2,0.9550116583460884,33.0,51.0,85.0,1003940346,291964176,0,0,
1789731596.3,0.944447623270917,32.0,53.0,85.0,1003940346,291964176,0,0,
1789731598.4,0.9206445706438554,32.0,54.0,85.0,1004074566,291964176,134220,0,0.0
1789731600.4,0.938961763485774,32.0,54.0,85.0,1004074566,291964176,0,0,
1789731602.5,0.9536169482312215,32.0,54.0,85.0,1004074566,291964176,0,0,
1789731604.6,0.9645958201610711,33.0,53.0,85.0,1004116688,291964176,42122,0,0.0
1789731606.6,0.9816899595176449,33.0,53.0,85.0,1004116688,291964176,0,0,
1789731608.7,0.9824409572718039,33.0,53.0,85.0,1004116688,291964176,0,0,
1789731610.8,0.9832491739024705,33.0,53.0,85.0,1004116688,291964176,0,0,
1789731612.9,0.9050023602786559,33.0,52.0,85.0,1004239838,291964176,123150,0,0.0
1789731614.9,0.9306149598752629,33.0,53.0,85.0,1004239838,291964176,0,0,
1789731617.0,0.9308152259430386,33.0,52.0,85.0,1004341886,291964176,102048,0,0.0
1789731619.1,0.9491252664253937,33.0,52.0,85.0,1004341886,291964176,0,0,
1789731621.2,0.9637661464517144,34.0,51.0,85.0,1004384923,291964176,43037,0,0.0
1789731623.2,0.9734075271432046,34.0,52.0,85.0,1004430056,291964176,45133,0,0.0
1789731625.3,0.9527944268814281,33.0,52.0,85.0,1004551412,291964176,121356,0,0.0
1789731627.4,0.9784284835567254,33.0,52.0,85.0,1004551412,291964176,0,0,
1789731629.4,0.9870113150328294,33.0,52.0,85.0,1004551412,291964176,0,0,
1789731631.5,0.9932839343699487,33.0,52.0,85.0,1004609141,291964192,57729,16,0.0003
1789731633.6,0.9929048593130874,32.0,54.0,85.0,1004609141,291964192,0,0,
1789731635.7,0.9600898336361166,31.0,54.0,85.0,1004716440,291964192,107299,0,0.0
1789731637.7,0.9784070264780351,31.0,55.0,85.0,1004716440,291964192,0,0,
1789731639.8,0.950984879911883,31.0,54.0,85.0,1004754887,291964192,38447,0,0.0
1789731641.9,0.9839286480609953,32.0,54.0,85.0,1004802785,291964192,47898,0,0.0
1789731644.0,0.9893143748122506,33.0,52.0,85.0,1004852082,291964192,49297,0,0.0
1789731646.1,0.9901011343642268,33.0,52.0,85.0,1004852082,291964192,0,0,
1789731648.2,0.9648246956671006,32.0,52.0,85.0,1004937737,291964192,85655,0,0.0
1789731650.2,0.9831418885090191,32.0,53.0,85.0,1004937737,291964192,0,0,
1789731652.3,0.9881771496416668,33.0,53.0,85.0,1005027084,291964208,89347,16,0.0002
1789731654.4,0.9993705923584191,33.0,53.0,85.0,1005027084,291964208,0,0,
1789731656.5,0.9787789491753329,32.0,54.0,86.0,1005027084,291964208,0,0,
1789731658.5,0.9641881356659562,33.0,51.0,86.0,1005101639,291964208,74555,0,0.0
1789731660.6,0.9261161257098717,33.0,51.0,86.0,1005225313,291964208,123674,0,0.0
1789731662.7,0.9480881742886978,33.0,52.0,86.0,1005225313,291964208,0,0,
1789731664.8,0.9627290543150185,33.0,53.0,86.0,1005225313,291964208,0,0,
1789731666.8,0.9559629221680233,34.0,51.0,86.0,1005331510,291983840,106197,19632,0.1849
1789731668.9,0.9815826741241935,34.0,51.0,86.0,1005331510,291983840,0,0,
1789731671.0,0.9816828071580814,34.0,50.0,86.0,1005373841,291983840,42331,0,0.0
1789731673.1,0.9865893258185876,34.0,50.0,86.0,1005431849,291983840,58008,0,0.0
1789731675.1,0.9738152116383195,33.0,51.0,86.0,1005431849,291983840,0,0,
1789731677.2,0.981725721315462,33.0,51.0,86.0,1005510850,291983840,79001,0,0.0
1789731679.3,0.9917390247042499,33.0,53.0,86.0,1005510850,291983840,0,0,
1789731681.4,0.9765474129915459,33.0,52.0,86.0,1005558607,291983840,47757,0,0.0
1789731683.4,0.9946142732487447,33.0,53.0,86.0,1005558607,291983840,0,0,
1789731685.5,0.9763686040024604,32.0,54.0,86.0,1005558607,291983840,0,0,
1789731687.6,0.9365800277511551,30.0,55.0,86.0,1005623689,291983840,65082,0,0.0
1789731689.7,0.9231622012101792,30.0,54.0,86.0,1005657625,291983840,33936,0,0.0
1789731691.8,0.918627605246971,30.0,55.0,86.0,1005720903,291983840,63278,0,0.0
1789731693.9,0.947937974737866,31.0,54.0,86.0,1005816147,291983840,95244,0,0.0
1789731695.9,0.9420730398958617,30.0,55.0,86.0,1005816147,291983840,0,0,
1789731698.0,0.9677428583689759,31.0,54.0,86.0,1005881577,291983840,65430,0,0.0
1789731700.1,0.9520934956442131,30.0,55.0,86.0,1005947830,291983840,66253,0,0.0
1789731702.1,0.9673280215142975,30.0,55.0,86.0,1005947830,291983840,0,0,
1789731704.2,0.9457207432732059,29.0,55.0,86.0,1006051189,291983840,103359,0,0.0
1789731706.3,0.9603973850973436,29.0,56.0,86.0,1006051189,291983840,0,0,
1789731708.4,0.9823622813166063,30.0,55.0,86.0,1006103447,291983840,52258,0,0.0
1789731710.4,0.9727995765803138,30.0,54.0,86.0,1006175828,291983840,72381,0,0.0
1789731712.5,0.9942995694279543,30.0,54.0,86.0,1006175828,291983840,0,0,
1789731714.6,0.976039595462543,30.0,53.0,86.0,1006238237,291983840,62409,0,0.0
1789731716.7,0.9967599811177708,30.0,54.0,86.0,1006238237,291983840,0,0,
1789731718.7,0.9721630165791695,29.0,55.0,86.0,1006335195,291983840,96958,0,0.0
1789731720.8,0.990480209421088,29.0,56.0,86.0,1006335195,291983840,0,0,
1789731722.9,0.9680933239875835,27.0,57.0,86.0,1006335195,291983840,0,0,
1789731725.0,0.9534381392421359,26.0,59.0,86.0,1006335195,291983840,0,0,
1789731727.0,0.9297280672893988,25.0,60.0,86.0,1006470100,291983840,134905,0,0.0
1789731729.1,0.9443689473157194,25.0,60.0,86.0,1006470100,291983840,0,0,
1789731731.2,0.9590098273420401,25.0,60.0,86.0,1006470100,291983840,0,0,
1789731733.3,0.952229390475918,25.0,59.0,86.0,1006528944,291983840,58844,0,0.0
1789731735.3,0.9172400474916675,25.0,60.0,86.0,1006609355,291983840,80411,0,0.0
1789731737.4,0.9428741041669647,25.0,60.0,86.0,1006609355,291983840,0,0,
1789731739.5,0.9685153132018253,26.0,59.0,86.0,1006661799,291983856,52444,16,0.0003
1789731741.6,0.994142217517559,27.0,58.0,86.0,1006702710,291983856,40911,0,0.0
1789731743.6,0.9947859298782669,27.0,58.0,86.0,1006702710,291983856,0,0,
1789731745.7,0.9954439469581015,27.0,58.0,86.0,1006702710,291983856,0,0,
1789731747.8,0.9379961949447122,26.0,58.0,86.0,1006797012,291983856,94302,0,0.0
1789731749.9,0.9138140672607893,25.0,59.0,86.0,1006797012,291983856,0,0,
1789731751.9,0.9321241077431445,26.0,59.0,86.0,1006908372,291983856,111360,0,0.0
1789731754.0,0.954103308681534,26.0,59.0,86.0,1006908372,291983856,0,0,
1789731756.1,0.9687441887078547,26.0,59.0,86.0,1006908372,291983856,0,0,
1789731758.2,0.961255668244954,26.0,59.0,86.0,1006948008,291983856,39636,0,0.0
1789731760.3,0.9371450641566653,26.0,58.0,86.0,1007055020,291983856,107012,0,0.0
1789731762.3,0.9518074012616762,26.0,58.0,86.0,1007055020,291983856,0,0,
1789731764.4,0.9632154147653311,26.0,59.0,86.0,1007055020,291983856,0,0,
1789731766.5,0.8860414550760296,24.0,60.0,86.0,1007162185,291983856,107165,0,0.0
1789731768.6,0.8656143161629022,23.0,61.0,86.0,1007162185,291983856,0,0,
1789731770.6,0.8765931880927518,24.0,61.0,86.0,1007205611,291983856,43426,0,0.0
1789731772.7,0.8814782496745677,24.0,60.0,86.0,1007260107,291983856,54496,0,0.0
1789731774.8,0.9107671620867724,26.0,59.0,86.0,1007373923,291983856,113816,0,0.0
1789731776.9,0.8942952780122162,24.0,59.0,86.0,1007373923,291983856,0,0,
1789731778.9,0.9235913427839845,26.0,58.0,86.0,1007460165,291983856,86242,0,0.0
1789731781.0,0.9112749796157753,26.0,58.0,86.0,1007554857,291983856,94692,0,0.0
1789731783.1,0.8893386928347662,25.0,58.0,86.0,1007554857,291983856,0,0,
1789731785.2,0.9113321984922826,26.0,59.0,86.0,1007619948,291983856,65091,0,0.0
1789731787.3,0.926666857396255,26.0,59.0,86.0,1007619948,291983856,0,0,
1789731789.3,0.9272676555995822,26.0,59.0,86.0,1007619948,291983856,0,0,
1789731791.4,0.9380963279786001,26.0,59.0,86.0,1007793369,291983856,173421,0,0.0
1789731793.5,0.9527586650836111,26.0,59.0,86.0,1007793369,291983856,0,0,
1789731795.6,0.9674281545481854,26.0,59.0,86.0,1007793369,291983856,0,0,
1789731797.6,0.9783927217589082,26.0,59.0,86.0,1007793369,291983856,0,0,
1789731799.7,0.9857095855922869,26.0,59.0,86.0,1007793369,291983856,0,0,
1789731801.8,0.9930264494256655,26.0,59.0,86.0,1007793369,291983856,0,0,
1789731803.8,0.9951721572946916,26.0,58.0,86.0,1007842367,291983856,48998,0,0.0
1789731805.9,0.9469437967585507,26.0,59.0,86.0,1007937618,291983856,95251,0,0.0
1789731808.0,0.976225556811192,27.0,58.0,86.0,1007976362,291983856,38744,0,0.0
1789731810.1,0.9855093195245112,27.0,58.0,86.0,1007976362,291983856,0,0,
1789731812.1,0.9433962264150944,27.0,58.0,86.0,1008019940,291983856,43578,0,0.0
1789731814.2,0.972699443546426,30.0,55.0,86.0,1008141100,291983872,121160,16,0.0001
1789731816.3,0.99834780494085,30.0,55.0,86.0,1008141100,291983872,0,0,
1789731818.4,0.9704679073626389,29.0,54.0,86.0,1008185178,291983872,44078,0,0.0
1789731820.4,0.9623642839772841,29.0,55.0,86.0,1008281680,291983872,96502,0,0.0
1789731822.5,0.9806671721000758,29.0,55.0,86.0,1008281680,291983872,0,0,
1789731824.6,0.9540603945241535,30.0,53.0,86.0,1008364472,291983872,82792,0,0.0
1789731826.6,0.9870542291902098,31.0,54.0,86.0,1008422899,291983872,58427,0,0.0
1789731828.7,0.9993848970775459,31.0,54.0,86.0,1008422899,291983872,0,0,
1789731830.8,0.9739654111891513,30.0,55.0,87.0,1008422899,291983872,0,0,
1789731832.9,0.982748508733031,30.0,55.0,87.0,1008422899,291983872,0,0,
1789731834.9,0.9898364970603802,30.0,54.0,87.0,1008480705,291983872,57806,0,0.0
1789731837.0,0.9908306750396956,30.0,54.0,87.0,1008480705,291983872,0,0,
1789731839.1,0.9677142489307222,29.0,55.0,87.0,1008480705,291983872,0,0,
1789731841.2,0.9375527486517802,29.0,56.0,87.0,1008664701,291983872,183996,0,0.0
1789731843.3,0.9521936286781009,29.0,56.0,87.0,1008664701,291983872,0,0,
1789731845.3,0.9668702705022387,29.0,56.0,87.0,1008664701,291983872,0,0,
1789731847.4,0.9311013203255754,28.0,56.0,87.0,1008664701,291983872,0,0,
1789731849.5,0.942080192255425,28.0,57.0,87.0,1008664701,291983872,0,0,
1789731851.5,0.9493899037292403,28.0,57.0,87.0,1008664701,291983872,0,0,
1789731853.6,0.9515856781152102,28.0,57.0,87.0,1008664701,291983872,0,0,
1789731855.7,0.9408142246126997,28.0,57.0,87.0,1008782059,291983872,117358,0,0.0
1789731857.8,0.9627791208319625,28.0,57.0,87.0,1008782059,291983872,0,0,
1789731859.8,0.9774700673752271,28.0,57.0,87.0,1008782059,291983872,0,0,
1789731861.9,0.891276982276453,27.0,56.0,87.0,1008823906,291983872,41847,0,0.0
1789731864.0,0.9205801994077847,28.0,56.0,87.0,1008873319,291983872,49413,0,0.0
1789731866.1,0.9498762641795528,29.0,55.0,87.0,1008921566,291983888,48247,16,0.0003
1789731868.1,0.9755317779335403,30.0,54.0,87.0,1008999642,291983888,78076,0,0.0
1789731870.2,0.9385326219119687,29.0,53.0,87.0,1009038423,291983888,38781,0,0.0
1789731872.3,0.9641595262277025,30.0,54.0,87.0,1009091159,291983888,52736,0,0.0
1789731874.4,0.9892285464974895,31.0,54.0,87.0,1009137018,291983888,45859,0,0.0
1789731876.4,0.9896219262734777,31.0,53.0,87.0,1009179915,291983888,42897,0,0.0
1789731878.5,0.9943853977427153,31.0,53.0,87.0,1009232994,291983888,53079,0,0.0
1789731880.6,0.9763256898450798,30.0,53.0,87.0,1009232994,291983888,0,0,
1789731882.7,0.9243065787403264,30.0,53.0,87.0,1009313264,291983888,80270,0,0.0
1789731884.8,0.942623771582245,31.0,53.0,87.0,1009392565,291983888,79301,0,0.0
1789731886.8,0.9682435235384154,31.0,54.0,87.0,1009392565,291983888,0,0,
1789731888.9,0.9514712403621954,30.0,54.0,87.0,1009467216,291983888,74651,0,0.0
1789731891.0,0.9528731028366259,30.0,54.0,87.0,1009514973,291983888,47757,0,0.0
1789731893.1,0.9600040053213555,30.0,53.0,87.0,1009560988,291983888,46015,0,0.0
1789731895.2,0.9694665770237602,30.0,53.0,87.0,1009619130,291983888,58142,0,0.0
1789731897.2,0.9244496259315949,29.0,55.0,87.0,1009619130,291983888,0,0,
1789731899.3,0.9277182542520778,30.0,53.0,87.0,1009726501,291983888,107371,0,0.0
1789731901.4,0.9606906318394438,31.0,53.0,87.0,1009784880,291983888,58379,0,0.0
1789731903.5,0.8978786101534897,31.0,52.0,87.0,1009848141,291983888,63261,0,0.0
1789731905.5,0.9021128070150343,32.0,51.0,87.0,1009903965,291983888,55824,0,0.0
1789731907.6,0.8963909193642983,32.0,51.0,87.0,1009936187,291983888,32222,0,0.0
1789731909.7,0.9293561445921009,34.0,50.0,87.0,1010016396,291983888,80209,0,0.0
1789731911.8,0.9364512852790136,35.0,48.0,87.0,1010120675,291983888,104279,0,0.0
1789731913.9,0.9584233338578397,36.0,48.0,87.0,1010202289,291983888,81614,0,0.0
1789731915.9,0.9579584304862174,35.0,49.0,87.0,1010202289,291983888,0,0,
1789731918.0,0.9662408628606577,35.0,49.0,87.0,1010202289,291983888,0,0,
1789731920.1,0.959875262849214,35.0,49.0,87.0,1010333111,291983888,130822,0,0.0
1789731922.2,0.9468508160842262,34.0,50.0,87.0,1010333111,291983888,0,0,
1789731924.2,0.9578368403736393,34.0,51.0,87.0,1010333111,291983888,0,0,
1789731926.3,0.9405781967471069,34.0,50.0,87.0,1010406109,291983888,72998,0,0.0
1789731928.4,0.9589168466677157,35.0,50.0,87.0,1010487652,291983888,81543,0,0.0
1789731930.4,0.9555766947515986,34.0,50.0,87.0,1010487652,291983888,0,0,
1789731932.5,0.9605690417268657,34.0,50.0,87.0,1010591011,291983888,103359,0,0.0
1789731934.6,0.9551904673351739,33.0,50.0,87.0,1010591011,291983888,0,0,
1789731936.7,0.9698027379232409,34.0,49.0,87.0,1010657502,291983888,66491,0,0.0
1789731938.7,0.9954654040367917,34.0,50.0,87.0,1010657502,291983888,0,0,
1789731940.8,0.9517072682277884,33.0,50.0,87.0,1010761231,291983904,103729,16,0.0002
1789731942.9,0.973686469166178,33.0,51.0,87.0,1010761231,291983904,0,0,
1789731945.0,0.9287553463887737,32.0,52.0,87.0,1010761231,291983904,0,0,
1789731947.0,0.9580442588009784,33.0,51.0,87.0,1010858869,291983904,97638,0,0.0
1789731949.1,0.9727065959059894,34.0,50.0,87.0,1010919376,291983904,60507,0,0.0
1789731951.2,0.9983406525812866,34.0,50.0,87.0,1010919376,291983904,0,0,
1789731953.3,0.9817471783941523,34.0,50.0,87.0,1010985086,291983904,65710,0,0.0
1789731955.3,0.9861101177278384,34.0,51.0,87.0,1010985086,291983904,0,0,
1789731957.4,0.9716695037692935,33.0,50.0,87.0,1011088174,291983904,103088,0,0.0
1789731959.5,0.9863103837956142,33.0,52.0,87.0,1011088174,291983904,0,0,
1789731961.6,0.9683508089318666,32.0,52.0,87.0,1011088174,291983904,0,0,
1789731963.6,0.9559915316062769,32.0,52.0,87.0,1011168796,291983904,80622,0,0.0
1789731965.7,0.9634228331926703,31.0,54.0,87.0,1011168796,291983904,0,0,
1789731967.8,0.9884489393050767,32.0,53.0,87.0,1011209226,291983904,40430,0,0.0
1789731969.9,0.9769765545653512,32.0,53.0,87.0,1011304616,291983904,95390,0,0.0
1789731971.9,0.9916102822321083,32.0,53.0,87.0,1011304616,291983904,0,0,
1789731974.0,0.9361079720199694,30.0,53.0,87.0,1011304616,291983904,0,0,
1789731976.1,0.965411189151301,31.0,53.0,87.0,1011401082,291983904,96466,0,0.0
1789731978.2,0.9794083568169138,31.0,54.0,87.0,1011401082,291983904,0,0,
1789731980.2,0.9834065258128657,31.0,54.0,87.0,1011454779,291983904,53697,0,0.0
1789731982.3,0.9645815154419443,32.0,52.0,87.0,1011531234,291983904,76455,0,0.0
1789731984.4,0.9837999055888538,32.0,52.0,87.0,1011531234,291983904,0,0,
1789731986.5,0.9341982920165363,31.0,52.0,87.0,1011637015,291983904,105781,0,0.0
1789731988.5,0.9598538057705237,31.0,53.0,87.0,1011637015,291983904,0,0,
1789731990.6,0.9744946857968444,31.0,54.0,87.0,1011637015,291983904,0,0,
1789731992.7,0.9848155406468594,31.0,54.0,87.0,1011699699,291983904,62684,0,0.0
1789731994.8,0.9708255253408099,30.0,54.0,87.0,1011699699,291983904,0,0,
1789731996.9,0.9715550660162787,30.0,55.0,87.0,1011699699,291983904,0,0,
1789731998.9,0.955040267784342,29.0,56.0,87.0,1011699699,291983904,0,0,
1789732001.0,0.9260732115524912,28.0,57.0,87.0,1011699699,291983904,0,0,
1789732003.1,0.9052097787059951,28.0,57.0,87.0,1011866956,291983904,167257,0,0.0
1789732005.1,0.9198864205301329,28.0,57.0,87.0,1011866956,291983904,0,0,
1789732007.2,0.934534452916017,28.0,57.0,87.0,1011866956,291983904,0,0,
1789732009.3,0.9418441643898322,28.0,57.0,87.0,1011866956,291983904,0,0,
1789732011.4,0.9054386542120245,27.0,57.0,87.0,1011866956,291983904,0,0,
1789732013.4,0.9237486946943797,28.0,57.0,87.0,1011925478,291983904,58522,0,0.0
1789732015.5,0.9290056789734934,28.0,56.0,87.0,1011999845,291983904,74367,0,0.0
1789732017.6,0.9110747135479995,28.0,56.0,87.0,1012048779,291983904,48934,0,0.0
1789732019.6,0.944054243494929,29.0,56.0,87.0,1012156200,291983904,107421,0,0.0
1789732021.7,0.9623571316177206,29.0,56.0,87.0,1012156200,291983904,0,0,
1789732023.8,0.9769908592844779,30.0,55.0,87.0,1012198787,291983904,42587,0,0.0
1789732025.9,0.9566638534052384,30.0,54.0,87.0,1012252012,291983920,53225,16,0.0003
1789732028.0,0.9734003747836412,30.0,55.0,87.0,1012252012,291983920,0,0,
1789732030.0,0.9740941536612928,30.0,55.0,87.0,1012252012,291983920,0,0,
1789732032.1,0.9747664754602543,30.0,55.0,87.0,1012252012,291983920,0,0,
1789732034.2,0.945177163946386,29.0,56.0,87.0,1012313990,291983920,61978,0,0.0
1789732036.2,0.9395124951721573,29.0,56.0,87.0,1012439599,291983920,125609,0,0.0
1789732038.3,0.9614773913914201,29.0,56.0,87.0,1012439599,291983920,0,0,
1789732040.4,0.9724777203999599,29.0,56.0,87.0,1012439599,291983920,0,0,
1789732042.5,0.9812679703034031,29.0,56.0,87.0,1012439599,291983920,0,0,
1789732044.5,0.932746363025162,28.0,56.0,87.0,1012537351,291983920,97752,0,0.0
1789732046.6,0.9473943954110461,28.0,57.0,87.0,1012537351,291983920,0,0,
1789732048.7,0.9729998426480896,29.0,56.0,87.0,1012615865,291983920,78514,0,0.0
1789732050.8,0.9862889267169239,29.0,56.0,87.0,1012615865,291983920,0,0,
1789732052.8,0.9457636574305863,28.0,56.0,87.0,1012736020,291983920,120155,0,0.0
1789732054.9,0.9603830803782167,28.0,57.0,87.0,1012736020,291983920,0,0,
1789732057.0,0.9740297824252221,28.0,57.0,87.0,1012736020,291983920,0,0,
1789732059.0,0.9745232952350981,28.0,57.0,87.0,1012736020,291983920,0,0,
1789732061.1,0.9530018453087674,27.0,57.0,87.0,1012736020,291983920,0,0,
1789732063.2,0.9536384053099117,27.0,58.0,87.0,1012736020,291983920,0,0,
1789732065.3,0.9340552448252679,26.0,58.0,87.0,1012853154,291983936,117134,16,0.0001
1789732067.4,0.9486889724920251,26.0,59.0,87.0,1012853154,291983936,0,0,
1789732069.4,0.9633227001587824,27.0,58.0,87.0,1012898181,291983936,45027,0,0.0
1789732071.5,0.9366873131446064,27.0,57.0,87.0,1012982952,291983936,84771,0,0.0
1789732073.6,0.9623428268985939,27.0,57.0,87.0,1012982952,291983936,0,0,
1789732075.6,0.9879697312143276,28.0,56.0,87.0,1013026035,291983936,43083,0,0.0
1789732077.7,0.9919679002102794,29.0,55.0,87.0,1013028359,291983936,2324,0,0.0
1789732079.8,0.9866179352568413,29.0,56.0,87.0,1013070502,291983936,42143,0,0.0
1789732081.9,0.9914386256025863,29.0,56.0,87.0,1013070502,291983936,0,0,
1789732083.9,0.992132404480238,29.0,56.0,87.0,1013070502,291983936,0,0,
1789732086.0,0.9936558570672465,30.0,54.0,87.0,1013115374,291983936,44872,0,0.0
1789732088.1,0.9775988098473687,30.0,54.0,87.0,1013162225,291983936,46851,0,0.0
1789732090.2,0.9880197977312716,30.0,54.0,87.0,1013162225,291983936,0,0,
1789732092.2,0.967471068705566,30.0,54.0,87.0,1013217156,291983936,54931,0,0.0
1789732094.3,0.9586736664425594,30.0,55.0,87.0,1013261504,291983936,44348,0,0.0
1789732096.4,0.9657044358934013,30.0,54.0,87.0,1013341685,291983936,80181,0,0.0
1789732098.5,0.9833493069363584,30.0,55.0,87.0,1013341685,291983936,0,0,
1789732100.5,0.9455419342841204,30.0,54.0,87.0,1013450332,291983936,108647,0,0.0
1789732102.6,0.9638519747664754,30.0,54.0,87.0,1013450332,291983936,0,0,
1789732104.7,0.9168895818730599,30.0,54.0,87.0,1013509297,291983936,58965,0,0.0
1789732106.8,0.9408213769722632,30.0,55.0,87.0,1013509297,291983936,0,0,
1789732108.8,0.9120259773699343,29.0,55.0,87.0,1013707115,291983936,197818,0,0.0
1789732110.9,0.9303217131331626,29.0,55.0,87.0,1013707115,291983936,0,0,
1789732113.0,0.9449697455190468,29.0,55.0,87.0,1013707115,291983936,0,0,
1789732115.1,0.9259158596420959,28.0,56.0,87.0,1013707115,291983936,0,0,
1789732117.2,0.9369090362910725,28.0,57.0,87.0,1013707115,291983936,0,0,
1789732119.3,0.9442330524840145,28.0,57.0,87.0,1013707115,291983936,0,0,
1789732121.3,0.951549916317393,28.0,57.0,87.0,1013707115,291983936,0,0,
1789732123.4,0.9452558399015836,28.0,57.0,87.0,1013746508,291983936,39393,0,0.0
1789732125.5,0.9745590570329151,29.0,56.0,87.0,1013812583,291983936,66075,0,0.0
1789732127.6,0.9791794813108845,29.0,56.0,87.0,1013812583,291983936,0,0,
1789732129.7,0.9278398443646559,29.0,55.0,87.0,1013940054,291983936,127471,0,0.0
1789732131.7,0.915358976926488,28.0,55.0,87.0,1013940054,291983936,0,0,
1789732133.8,0.9409858812422218,29.0,55.0,87.0,1014001839,291983936,61785,0,0.0
1789732135.9,0.9666270902770824,30.0,54.0,87.0,1014060270,291983936,58431,0,0.0
1789732137.9,0.9628864062254138,30.0,54.0,87.0,1014141450,291983936,81180,0,0.0
1789732140.0,0.9846867981747178,30.0,54.0,87.0,1014141450,291983936,0,0,
1789732142.1,0.9702390318566095,30.0,53.0,87.0,1014180916,291983936,39466,0,0.0
1789732144.2,0.9958802408914701,31.0,53.0,87.0,1014234081,291983936,53165,0,0.0
1789732146.3,0.9452916016994006,30.0,52.0,87.0,1014306472,291983936,72391,0,0.0
1789732148.4,0.9406497203427411,30.0,55.0,87.0,1014376541,291983936,70069,0,0.0
1789732150.5,0.9626146165620038,31.0,54.0,87.0,1014443300,291983936,66759,0,0.0
1789732152.5,0.9882629779564278,31.0,54.0,87.0,1014443300,291983936,0,0,
1789732154.6,0.9439255010227874,29.0,55.0,87.0,1014577158,291983936,133858,0,0.0
1789732156.7,0.9622212367860157,29.0,56.0,87.0,1014577158,291983936,0,0,
1789732158.7,0.9768692691718998,29.0,56.0,87.0,1014577158,291983936,0,0,
1789732160.8,0.9841789806457151,29.0,56.0,87.0,1014577158,291983936,0,0,
1789732162.9,0.9599396340852847,29.0,55.0,87.0,1014674460,291983936,97302,0,0.0
1789732165.0,0.9855522336818917,29.0,55.0,87.0,1014674460,291983936,0,0,
1789732167.1,0.9999284764043658,29.0,56.0,87.0,1014674460,291983936,0,0,
1789732169.2,0.9741799819760539,29.0,56.0,88.0,1014733161,291983936,58701,0,0.0
1789732171.3,0.9999856952808731,30.0,55.0,88.0,1014772442,291983936,39281,0,0.0
1789732173.3,0.9970889896576881,30.0,55.0,89.0,1014819788,291983936,47346,0,0.0
1789732175.4,0.9918534624572647,30.0,54.0,89.0,1014864774,291983936,44986,0,0.0
1789732177.5,0.9491252664253937,29.0,53.0,89.0,1015025360,291983936,160586,0,0.0
1789732179.6,0.9747736278198178,29.0,54.0,89.0,1015025360,291983936,0,0,
1789732181.6,0.9894216602057019,29.0,54.0,89.0,1015025360,291983936,0,0,
1789732183.7,0.9956942795428212,29.0,55.0,89.0,1015025360,291983936,0,0,
1789732185.8,0.9590956556568012,27.0,57.0,89.0,1015025360,291983936,0,0,
1789732187.9,0.9406211109044874,27.0,56.0,89.0,1015127269,291983936,101909,0,0.0
1789732189.9,0.9411146237143634,26.0,59.0,89.0,1015127269,291983936,0,0,
1789732192.0,0.9557698084598109,26.0,59.0,89.0,1015127269,291983936,0,0,
1789732194.1,0.9850801779507059,28.0,57.0,89.0,1015211310,291983936,84041,0,0.0
1789732196.1,0.995622755947187,28.0,57.0,89.0,1015211310,291983936,0,0,
1789732198.2,0.9821047963723233,28.0,56.0,89.0,1015250702,291983936,39392,0,0.0
1789732200.3,0.9823622813166063,28.0,56.0,89.0,1015304383,291983936,53681,0,0.0
1789732202.4,0.9918677671763915,28.0,56.0,89.0,1015373755,291983936,69372,0,0.0
1789732204.4,0.9820547298553793,28.0,56.0,89.0,1015400390,291983936,26635,0,0.0
1789732206.5,0.9821763199679574,28.0,56.0,89.0,1015454940,291983936,54550,0,0.0
1789732208.6,0.9901655056002976,28.0,56.0,89.0,1015502144,291983936,47204,0,0.0
1789732210.7,0.9781924556911326,28.0,57.0,89.0,1015571321,291983936,69177,0,0.0
1789732212.7,0.9910953123435421,28.0,57.0,89.0,1015571321,291983936,0,0,
1789732214.8,0.9350994893215272,27.0,56.0,89.0,1015676657,291983952,105336,16,0.0002
1789732216.9,0.9308152259430386,25.0,59.0,89.0,1015676657,291983952,0,0,
1789732219.0,0.9454847154076129,25.0,59.0,89.0,1015676657,291983952,0,0,
1789732221.0,0.9674496116268757,26.0,59.0,89.0,1015788172,291983952,111515,0,0.0
1789732223.1,0.985745347390104,26.0,59.0,89.0,1015788172,291983952,0,0,
1789732225.2,0.9967671334773341,26.0,59.0,89.0,1015788172,291983952,0,0,
1789732227.3,0.9992203928075872,26.0,59.0,89.0,1015788172,291983952,0,0,
1789732229.3,0.9997854292130974,26.0,59.0,89.0,1015788172,291983952,0,0,
1789732231.4,0.9504556053041898,25.0,60.0,90.0,1015788172,291983952,0,0,
1789732233.5,0.9510778605862074,25.0,60.0,90.0,1015788172,291983952,0,0,
1789732235.6,0.9577939262162587,24.0,61.0,90.0,1015841945,291983952,53773,0,0.0
1789732237.7,0.9478378417039781,24.0,61.0,90.0,1015923019,291983952,81074,0,0.0
1789732239.7,0.9658689401633599,24.0,61.0,90.0,1015923019,291983952,0,0,
1789732241.8,0.966348148254109,24.0,61.0,90.0,1015923019,291983952,0,0,
1789732243.9,0.9669274893787461,24.0,61.0,90.0,1015923019,291983952,0,0,
1789732246.0,0.9578010785758222,24.0,60.0,90.0,1016027395,291983952,104376,0,0.0
1789732248.0,0.9761111190581773,24.0,60.0,90.0,1016027395,291983952,0,0,
1789732250.1,0.929799590885033,23.0,61.0,90.0,1016027395,291983952,0,0,
1789732252.2,0.9325246398786959,23.0,61.0,90.0,1016104999,291983952,77604,0,0.0
1789732254.3,0.9544823837383953,24.0,60.0,90.0,1016154606,291983952,49607,0,0.0
1789732256.4,0.9438468250675898,25.0,59.0,90.0,1016284337,291983952,129731,0,0.0
1789732258.4,0.9694737293833235,25.0,60.0,90.0,1016284337,291983952,0,0,
1789732260.5,0.9513496502496174,26.0,59.0,90.0,1016396499,291983952,112162,0,0.0
1789732262.6,0.9733431559071337,26.0,59.0,90.0,1016396499,291983952,0,0,
1789732264.6,0.98431487547742,26.0,59.0,90.0,1016396499,291983952,0,0,
1789732266.7,0.9855164718840745,26.0,59.0,90.0,1016396499,291983952,0,0,
1789732268.8,0.9549758965482713,26.0,58.0,90.0,1016440904,291983952,44405,0,0.0
1789732270.9,0.9879053599782568,27.0,58.0,90.0,1016490940,291983968,50036,16,0.0003
1789732272.9,0.9724205015234526,27.0,58.0,90.0,1016493873,291983968,2933,0,0.0
1789732275.0,0.969666843091536,26.0,58.0,90.0,1016493873,291983968,0,0,
1789732277.1,0.9658403307251062,26.0,57.0,90.0,1016590727,291983968,96854,0,0.0
1789732279.1,0.9841646759265882,26.0,58.0,90.0,1016590727,291983968,0,0,
1789732281.2,0.9542892700301829,25.0,60.0,90.0,1016590727,291983968,0,0,
1789732283.3,0.9557483513811207,25.0,59.0,90.0,1016698629,291983968,107902,0,0.0
1789732285.4,0.9740440871443489,25.0,59.0,90.0,1016698629,291983968,0,0,
1789732287.4,0.9923469752671407,26.0,58.0,90.0,1016744271,291983968,45642,0,0.0
1789732289.5,0.9426380763013719,25.0,60.0,90.0,1016787233,291983968,42962,0,0.0
1789732291.6,0.9683078947744861,26.0,59.0,90.0,1016849043,291983968,61810,0,0.0
1789732293.7,0.9385898407884761,26.0,58.0,90.0,1016913964,291983968,64921,0,0.0
1789732295.7,0.9642167451042098,27.0,58.0,90.0,1016996096,291983968,82132,0,0.0
1789732297.8,0.9898436494199436,27.0,58.0,90.0,1016996096,291983968,0,0,
1789732299.9,0.972699443546426,27.0,57.0,90.0,1017041500,291983968,45404,0,0.0
1789732302.0,0.9523938947458767,27.0,58.0,90.0,1017177152,291983968,135652,0,0.0
1789732304.0,0.9706824781495416,27.0,58.0,90.0,1017177152,291983968,0,0,
1789732306.1,0.9370306264036505,26.0,58.0,90.0,1017177152,291983968,0,0,
1789732308.2,0.9480309554121905,26.0,59.0,90.0,1017177152,291983968,0,0,
1789732310.3,0.950612957214585,26.0,59.0,90.0,1017177152,291983968,0,0,
1789732312.3,0.9512423648561661,26.0,59.0,90.0,1017177152,291983968,0,0,
1789732314.4,0.9505700430572046,26.0,58.0,90.0,1017303406,291983968,126254,0,0.0
1789732316.5,0.9688657788204329,26.0,58.0,90.0,1017303406,291983968,0,0,
1789732318.6,0.9798303460311557,26.0,59.0,90.0,1017303406,291983968,0,0,
1789732320.6,0.9889496044745162,26.0,59.0,90.0,1017303406,291983968,0,0,
1789732322.7,0.9517358776660421,26.0,58.0,90.0,1017429318,291983968,125912,0,0.0
1789732324.8,0.9773627819817758,26.0,59.0,90.0,1017429318,291983968,0,0,
1789732326.9,0.9652466848813424,25.0,59.0,90.0,1017429318,291983968,0,0,
1789732329.0,0.9474587666471169,25.0,60.0,90.0,1017497040,291983968,67722,0,0.0
1789732331.0,0.9731214327606678,26.0,59.0,90.0,1017557089,291983968,60049,0,0.0
1789732333.1,0.9534238345230092,25.0,59.0,90.0,1017557089,291983968,0,0,
1789732335.2,0.9237272376156894,24.0,60.0,90.0,1017557089,291983968,0,0,
1789732337.3,0.9243137310998899,24.0,60.0,90.0,1017557089,291983968,0,0,
1789732339.3,0.9098087459052742,24.0,61.0,90.0,1017732413,291983968,175324,0,0.0
1789732341.4,0.9281402434663195,24.0,61.0,90.0,1017732413,291983968,0,0,
1789732343.5,0.9391191153961692,24.0,61.0,90.0,1017732413,291983968,0,0,
1789732345.5,0.950083682606892,24.0,61.0,90.0,1017732413,291983968,0,0,
1789732347.6,0.9574005464402706,24.0,61.0,90.0,1017732413,291983968,0,0,
1789732349.7,0.9647388673523395,24.0,61.0,90.0,1017732413,291983968,0,0,
1789732351.8,0.9240419414364799,23.0,60.0,90.0,1017901117,291983968,168704,0,0.0
1789732353.8,0.9496616933926503,23.0,61.0,90.0,1017901117,291983968,0,0,
1789732355.9,0.9172901140086114,22.0,61.0,90.0,1017901117,291983968,0,0,
1789732358.0,0.9282618335788977,22.0,62.0,90.0,1017901117,291983968,0,0,
1789732360.1,0.9392407055087474,22.0,63.0,90.0,1017901117,291983968,0,0,
1789732362.1,0.946557569342126,22.0,63.0,90.0,1017901117,291983968,0,0,
1789732364.2,0.9685296179209522,23.0,62.0,90.0,1017986801,291983968,85684,0,0.0
1789732366.3,0.9868539631224341,23.0,62.0,90.0,1017986801,291983968,0,0,
1789732368.4,0.9527944268814281,23.0,61.0,90.0,1018052289,291983968,65488,0,0.0
1789732370.4,0.9784284835567254,24.0,60.0,90.0,1018113188,291983968,60899,0,0.0
1789732372.5,0.9522222381163545,23.0,60.0,90.0,1018113188,291983968,0,0,
1789732374.6,0.9501981203599067,23.0,60.0,90.0,1018243296,291983968,130108,0,0.0
1789732376.7,0.9685296179209522,23.0,61.0,90.0,1018243296,291983968,0,0,
1789732378.8,0.9461856466448282,22.0,61.0,90.0,1018243296,291983968,0,0,
1789732380.8,0.9571716709342412,23.0,61.0,90.0,1018288229,291983968,44933,0,0.0
1789732382.9,0.9901512008811707,24.0,61.0,90.0,1018347453,291983968,59224,0,0.0
1789732385.0,0.9596320826240576,24.0,60.0,91.0,1018424070,291983968,76617,0,0.0
1789732387.1,0.985251834580228,24.0,61.0,91.0,1018424070,291983968,0,0,
1789732389.2,0.9566710057648018,25.0,60.0,91.0,1018493860,291983968,69790,0,0.0
1789732391.2,0.9823122147996624,26.0,59.0,91.0,1018561081,291983968,67221,0,0.0
1789732393.3,0.9987840988742186,26.0,59.0,91.0,1018561081,291983968,0,0,
1789732395.4,0.9993848970775459,26.0,59.0,91.0,1018561081,291983968,0,0,
1789732397.4,0.9999785429213097,26.0,59.0,91.0,1018561081,291983968,0,0,
1789732399.5,0.9753601213040182,25.0,59.0,92.0,1018661925,291983968,100844,0,0.0
1789732401.6,0.9900224584090291,25.0,59.0,92.0,1018661925,291983968,0,0,
1789732403.7,0.9952293761711989,25.0,60.0,92.0,1018661925,291983968,0,0,
1789732405.7,0.9533451585678115,24.0,61.0,92.0,1018716907,291983984,54982,16,0.0003
1789732407.8,0.9816828071580814,25.0,60.0,92.0,1018757810,291983984,40903,0,0.0
1789732409.9,0.9827771181712847,25.0,59.0,92.0,1018830840,291983984,73030,0,0.0
1789732412.0,0.9901512008811707,25.0,59.0,92.0,1018830840,291983984,0,0,
1789732414.1,0.9867824395267999,25.0,58.0,92.0,1018884203,291983984,53363,0,0.0
1789732416.2,0.9317736421245368,24.0,59.0,92.0,1018928133,291983984,43930,0,0.0
1789732418.3,0.9610554021771782,25.0,60.0,92.0,1018972612,291983984,44479,0,0.0
1789732420.4,0.9867180682907291,26.0,59.0,92.0,1019031571,291983984,58959,0,0.0
1789732422.5,0.9818544637876035,26.0,59.0,92.0,1019071248,291983984,39677,0,0.0
1789732424.6,0.9435249688872359,25.0,59.0,92.0,1019121405,291983984,50157,0,0.0
1789732426.6,0.9728138812994407,27.0,57.0,92.0,1019209951,291983984,88546,0,0.0
1789732428.7,0.9125624043371908,27.0,56.0,92.0,1019280462,291983984,70511,0,0.0
1789732430.8,0.9345201481968901,28.0,57.0,92.0,1019329409,291983984,48947,0,0.0
1789732432.9,0.9674925257842563,29.0,56.0,92.0,1019411026,291983984,81617,0,0.0
1789732434.9,0.985795413907048,29.0,56.0,92.0,1019411026,291983984,0,0,
1789732437.0,0.9482526785586565,29.0,55.0,92.0,1019493063,291983984,82037,0,0.0
1789732439.1,0.8827728267555467,27.0,57.0,92.0,1019493063,291983984,0,0,
1789732441.2,0.9120760438868782,29.0,55.0,92.0,1019559710,291983984,66647,0,0.0
1789732443.2,0.9486889724920251,31.0,54.0,92.0,1019665021,291983984,105311,0,0.0
1789732445.3,0.9670133176935071,32.0,53.0,92.0,1019718209,291983984,53188,0,0.0
1789732447.4,0.9631081293718797,32.0,52.0,92.0,1019766861,291983984,48652,0,0.0
1789732449.5,0.9735720314131632,32.0,52.0,92.0,1019809084,291983984,42223,0,0.0
1789732451.6,0.9314732430228733,31.0,53.0,92.0,1019891109,291983984,82025,0,0.0
1789732453.6,0.9497904358647918,31.0,54.0,92.0,1019891109,291983984,0,0,
1789732455.7,0.9754387972592158,32.0,53.0,92.0,1019971970,291983984,80861,0,0.0
1789732457.8,0.9864963451442631,32.0,53.0,92.0,1019971970,291983984,0,0,
1789732459.9,0.9602543379060752,31.0,52.0,92.0,1020041862,291983984,69892,0,0.0
1789732461.9,0.8902470424993205,28.0,54.0,92.0,1020160949,291983984,119087,0,0.0
1789732464.0,0.9122262434377101,28.0,56.0,92.0,1020160949,291983984,0,0,
1789732466.1,0.9040510964567211,27.0,58.0,92.0,1020160949,291983984,0,0,
1789732468.2,0.9150371207461342,28.0,57.0,92.0,1020219952,291983984,59003,0,0.0
1789732470.2,0.940699786859685,29.0,56.0,92.0,1020307940,291983984,87988,0,0.0
1789732472.3,0.9663195388158553,29.0,56.0,92.0,1020307940,291983984,0,0,
1789732474.4,0.9582802866665713,29.0,55.0,92.0,1020410671,291983984,102731,0,0.0
1789732476.5,0.9838857339036148,29.0,55.0,92.0,1020410671,291983984,0,0,
1789732478.5,0.9985266139299355,29.0,55.0,92.0,1020410671,291983984,0,0,
1789732480.6,0.9996924485387729,29.0,56.0,92.0,1020410671,291983984,0,0,
1789732482.7,0.9671206030869584,28.0,56.0,92.0,1020490138,291983984,79467,0,0.0
1789732484.7,0.9808602858082881,28.0,57.0,92.0,1020490138,291983984,0,0,
1789732486.8,0.9417940978728883,28.0,56.0,92.0,1020591855,291983984,101717,0,0.0
1789732488.9,0.9112177607392679,28.0,55.0,92.0,1020690106,291983984,98251,0,0.0
1789732491.0,0.9170111719856381,27.0,56.0,92.0,1020690106,291983984,0,0,
1789732493.1,0.9316806614502124,27.0,57.0,92.0,1020690106,291983984,0,0,
1789732495.1,0.9003318694837427,27.0,56.0,92.0,1020772594,291983984,82488,0,0.0
1789732497.2,0.9186419099660978,28.0,57.0,92.0,1020827136,291983984,54542,0,0.0
1789732499.3,0.9479451270974294,29.0,56.0,92.0,1020945846,291984000,118710,16,0.0001
1789732501.4,0.969924328035819,29.0,56.0,92.0,1020945846,291984000,0,0,
1789732503.4,0.9604832134121046,28.0,56.0,92.0,1020945846,291984000,0,0,
1789732505.5,0.9788075586135866,29.0,55.0,92.0,1021013497,291984000,67651,0,0.0
1789732507.6,0.9994564206731801,29.0,55.0,92.0,1021013497,291984000,0,0,
1789732509.7,0.9378817571916975,27.0,56.0,92.0,1021111886,291984000,98389,0,0.0
1789732511.7,0.9122190910781467,26.0,58.0,92.0,1021111886,291984000,0,0,
1789732513.8,0.9305362839200653,27.0,57.0,92.0,1021167511,291984000,55625,0,0.0
1789732515.9,0.9598323486918334,28.0,56.0,92.0,1021281175,291984000,113664,0,0.0
1789732518.0,0.9818187019897864,28.0,56.0,92.0,1021281175,291984000,0,0,
1789732520.1,0.9964452772969803,28.0,57.0,92.0,1021281175,291984000,0,0,
1789732522.1,0.9682292188192885,27.0,57.0,92.0,1021281175,291984000,0,0,
1789732524.2,0.9500121590112578,27.0,56.0,92.0,1021389193,291984000,108018,0,0.0
1789732526.3,0.9756390633269916,27.0,56.0,92.0,1021389193,291984000,0,0,
1789732528.3,0.9902870957128757,27.0,57.0,92.0,1021389193,291984000,0,0,
1789732530.4,0.9514354785643784,27.0,56.0,92.0,1021434101,291984000,44908,0,0.0
1789732532.5,0.9843935514326176,28.0,56.0,92.0,1021500577,291984000,66476,0,0.0
1789732534.6,0.9646172772397614,28.0,55.0,92.0,1021570796,291984000,70219,0,0.0
1789732536.6,0.9382751369676856,27.0,56.0,92.0,1021570796,291984000,0,0,
1789732538.7,0.9357718111204887,27.0,56.0,92.0,1021615665,291984000,44869,0,0.0
1789732540.8,0.92680275222796,27.0,57.0,92.0,1021801950,291984000,186285,0,0.0
1789732542.8,0.908342512194773,26.0,58.0,92.0,1021801950,291984000,0,0,
1789732544.9,0.9229976969402206,26.0,59.0,92.0,1021801950,291984000,0,0,
1789732547.0,0.9339622641509434,26.0,59.0,92.0,1021801950,291984000,0,0,
1789732549.1,0.9412862803438855,26.0,59.0,92.0,1021801950,291984000,0,0,
1789732551.1,0.9522937617119888,26.0,59.0,92.0,1021801950,291984000,0,0,
1789732553.2,0.9596177779049309,27.0,58.0,92.0,1021877230,291984000,75280,0,0.0
1789732555.3,0.9815969788433204,27.0,58.0,92.0,1021877230,291984000,0,0,
1789732557.4,0.9929191640322143,27.0,58.0,92.0,1021877230,291984000,0,0,
1789732559.4,0.9742729626503783,27.0,58.0,92.0,1021927467,291984000,50237,0,0.0
1789732561.5,0.9840216287353197,27.0,58.0,92.0,1022009456,291984000,81989,0,0.0
1789732563.6,0.9986768134807673,27.0,58.0,92.0,1022009456,291984000,0,0,
1789732565.7,0.9742586579312515,27.0,57.0,92.0,1022070251,291984000,60795,0,0.0
1789732567.8,0.9167679917604817,26.0,58.0,92.0,1022176202,291984000,105951,0,0.0
1789732569.9,0.9424163531549058,26.0,58.0,92.0,1022176202,291984000,0,0,
1789732571.9,0.9570572331812265,26.0,58.0,92.0,1022176202,291984000,0,0,
1789732574.0,0.9802666399645243,27.0,58.0,92.0,1022220006,291984000,43804,0,0.0
1789732576.1,0.9839286480609953,27.0,57.0,92.0,1022301685,291984000,81679,0,0.0
1789732578.2,0.9717267226458008,26.0,57.0,92.0,1022301685,291984000,0,0,
1789732580.2,0.9442044430457608,26.0,57.0,92.0,1022428411,291984000,126726,0,0.0
1789732582.3,0.9588453230720815,26.0,58.0,92.0,1022428411,291984000,0,0,
1789732584.4,0.9734790507388388,26.0,59.0,92.0,1022428411,291984000,0,0,
1789732586.5,0.9756605204056819,26.0,59.0,92.0,1022428411,291984000,0,0,
1789732588.5,0.9785500736693035,26.0,59.0,92.0,1022511776,291984000,83365,0,0.0
1789732590.6,0.976361451642897,26.0,58.0,92.0,1022557724,291984000,45948,0,0.0
1789732592.7,0.9568927289112679,26.0,58.0,92.0,1022664439,291984000,106715,0,0.0
1789732594.7,0.9788719298496574,26.0,59.0,92.0,1022664439,291984000,0,0,
1789732596.8,0.989850801779507,26.0,59.0,92.0,1022664439,291984000,0,0,
1789732598.9,0.9610410974580514,24.0,60.0,92.0,1022664439,291984000,0,0,
1789732601.0,0.9615846767848714,24.0,61.0,92.0,1022664439,291984000,0,0,
1789732603.0,0.962156865549945,24.0,61.0,92.0,1022664439,291984000,0,0,
1789732605.1,0.8993877580213713,23.0,60.0,92.0,1022775274,291984000,110835,0,0.0
1789732607.2,0.8345158567811521,21.0,63.0,92.0,1022775274,291984000,0,0,
1789732609.3,0.845516185789692,21.0,63.0,92.0,1022775274,291984000,0,0,
1789732611.3,0.8711430901054258,22.0,63.0,92.0,1022843207,291984000,67933,0,0.0
1789732613.4,0.8967842991402863,23.0,62.0,92.0,1022888703,291984000,45496,0,0.0
1789732615.5,0.9297423720085256,25.0,60.0,92.0,1023015970,291984000,127267,0,0.0
1789732617.5,0.9517144205873518,25.0,60.0,92.0,1023015970,291984000,0,0,
1789732619.6,0.9773556296222123,26.0,59.0,92.0,1023070371,291984000,54401,0,0.0
1789732621.7,0.981725721315462,26.0,58.0,92.0,1023131596,291984000,61225,0,0.0
1789732623.8,0.9669417940978728,25.0,58.0,92.0,1023131596,291984000,0,0,
1789732625.8,0.9544251648618879,25.0,58.0,92.0,1023210316,291984000,78720,0,0.0
1789732627.9,0.9763972134407141,25.0,59.0,92.0,1023210316,291984000,0,0,
1789732630.0,0.9816541977198278,25.0,59.0,92.0,1023289330,291984000,79014,0,0.0
1789732632.1,0.9974752170741128,25.0,60.0,92.0,1023289330,291984000,0,0,
1789732634.1,0.9649605904988056,24.0,61.0,92.0,1023348930,291984016,59600,16,0.0003
1789732636.2,0.9906089518932296,25.0,60.0,92.0,1023390447,291984016,41517,0,0.0
1789732638.3,0.9161886506358448,25.0,59.0,92.0,1023590774,291984032,200327,16,0.0001
1789732640.4,0.9418155549515785,25.0,60.0,92.0,1023590774,291984032,0,0,
1789732642.4,0.9527944268814281,25.0,60.0,92.0,1023590774,291984032,0,0,
1789732644.5,0.9637804511708412,25.0,60.0,92.0,1023590774,291984032,0,0,
1789732646.6,0.9747807801793812,25.0,60.0,92.0,1023590774,291984032,0,0,
1789732648.7,0.9821047963723233,25.0,60.0,92.0,1023590774,291984032,0,0,
1789732650.7,0.9894359649248287,25.0,60.0,92.0,1023590774,291984032,0,0,
1789732652.8,0.9967456763986439,25.0,60.0,92.0,1023590774,291984032,0,0,
1789732654.9,0.9990201267398114,25.0,60.0,92.0,1023590774,291984032,0,0,
1789732656.9,0.9768120502953924,25.0,59.0,92.0,1023677810,291984032,87036,0,0.0
1789732659.0,0.9902227244768049,25.0,60.0,92.0,1023677810,291984032,0,0,
1789732661.1,0.9341839872974094,23.0,60.0,92.0,1023785977,291984032,108167,0,0.0
1789732663.2,0.9525154848584548,23.0,61.0,92.0,1023785977,291984032,0,0,
1789732665.2,0.960762155435078,23.0,62.0,92.0,1023785977,291984032,0,0,
1789732667.3,0.9526156178923427,23.0,62.0,92.0,1023929782,291984032,143805,0,0.0
1789732669.4,0.940749853376629,22.0,62.0,92.0,1023929782,291984032,0,0,
1789732671.5,0.9517430300256055,22.0,63.0,92.0,1023929782,291984032,0,0,
1789732673.5,0.9627362066745819,22.0,63.0,92.0,1023929782,291984032,0,0,
1789732675.6,0.9687370363482913,22.0,63.0,92.0,1023929782,291984032,0,0,
1789732677.7,0.9793797473786602,22.0,63.0,92.0,1024020115,291984032,90333,0,0.0
1789732679.8,0.990616104252793,22.0,63.0,92.0,1024020115,291984032,0,0,
1789732681.8,0.9852089204228475,22.0,62.0,92.0,1024083472,291984032,63357,0,0.0
1789732683.9,0.9918963766146451,22.0,62.0,92.0,1024083472,291984032,0,0,
1789732686.0,0.9923755847053943,22.0,62.0,92.0,1024083472,291984032,0,0,
1789732688.0,0.9928547927961434,22.0,63.0,92.0,1024083472,291984032,0,0,
1789732690.1,0.9847869312086057,23.0,62.0,92.0,1024174879,291984032,91407,0,0.0
1789732692.2,0.9647960862288469,22.0,63.0,92.0,1024174879,291984032,0,0,
1789732694.3,0.9652895990387229,22.0,63.0,92.0,1024174879,291984032,0,0,
1789732696.4,0.9684580943253179,22.0,63.0,92.0,1024272336,291984032,97457,0,0.0
1789732698.4,0.9867538300885462,22.0,63.0,92.0,1024272336,291984032,0,0,
1789732700.5,0.9904229905445806,22.0,63.0,92.0,1024272336,291984032,0,0,
1789732702.6,0.9150728825439512,22.0,62.0,92.0,1024353383,291984032,81047,0,0.0
1789732704.6,0.9407427010170655,22.0,63.0,92.0,1024353383,291984032,0,0,
1789732706.7,0.9663624529732359,24.0,61.0,92.0,1024395054,291984032,41671,0,0.0
1789732708.8,0.9669560988169997,24.0,61.0,92.0,1024395054,291984032,0,0,
1789732710.9,0.9520005149698886,24.0,61.0,92.0,1024498839,291984032,103785,0,0.0
1789732712.9,0.9703320125309339,24.0,61.0,92.0,1024498839,291984032,0,0,
1789732715.0,0.9767405266997582,24.0,61.0,92.0,1024498839,291984032,0,0,
1789732717.1,0.9285264708827442,23.0,61.0,92.0,1024561908,291984032,63069,0,0.0
1789732719.2,0.9541390704793511,24.0,61.0,92.0,1024633266,291984032,71358,0,0.0
1789732721.2,0.9761468808559944,25.0,60.0,92.0,1024692487,291984032,59221,0,0.0
1789732723.3,0.9899080206560145,25.0,60.0,92.0,1024692487,291984032,0,0,
1789732725.4,0.9904444476232709,25.0,60.0,92.0,1024692487,291984032,0,0,
1789732727.5,0.9909808745905274,25.0,60.0,92.0,1024692487,291984032,0,0,
1789732729.5,0.9450055073168638,25.0,59.0,92.0,1024750931,291984032,58444,0,0.0
1789732731.6,0.9742944197290686,27.0,58.0,92.0,1024834821,291984032,83890,0,0.0
1789732733.7,0.9659619208376844,26.0,59.0,92.0,1024834821,291984032,0,0,
1789732735.7,0.9669704035361266,26.0,59.0,92.0,1024917767,291984032,82946,0,0.0
1789732737.9,0.975066874561918,26.0,59.0,92.0,1024917767,291984032,0,0,
1789732740.0,0.9687227316291644,26.0,59.0,92.0,1025030522,291984032,112755,0,0.0
1789732742.1,0.9834136781724291,26.0,59.0,92.0,1025030522,291984032,0,0,
1789732744.1,0.9937345330224441,26.0,59.0,92.0,1025030522,291984032,0,0,
1789732746.2,0.9802022687284535,26.0,58.0,92.0,1025101410,291984032,70888,0,0.0
1789732748.3,0.9866894588524754,26.0,58.0,92.0,1025101410,291984032,0,0,
1789732750.4,0.9204872187334602,25.0,58.0,92.0,1025221811,291984032,120401,0,0.0
1789732752.4,0.9461355801278842,25.0,60.0,92.0,1025221811,291984032,0,0,
1789732754.5,0.9608050695924586,25.0,60.0,92.0,1025221811,291984032,0,0,
1789732756.7,0.9717839415223082,26.0,60.0,92.0,1025266358,291984032,44547,0,0.0
1789732758.7,0.9909308080735835,26.0,60.0,92.0,1025266358,291984032,0,0,
1789732760.8,0.991553063355601,26.0,60.0,92.0,1025266358,291984032,0,0,
1789732762.9,0.9639020412834194,25.0,59.0,92.0,1025323819,291984032,57461,0,0.0
1789732764.9,0.9895861644756605,26.0,58.0,92.0,1025377693,291984032,53874,0,0.0
1789732767.0,0.9959374597679774,26.0,59.0,92.0,1025377693,291984032,0,0,
1789732769.1,0.9815326076072496,26.0,59.0,92.0,1025459725,291984032,82032,0,0.0
1789732771.2,0.9624071981346646,26.0,59.0,92.0,1025502328,291984032,42603,0,0.0
1789732773.2,0.9399487891055259,25.0,59.0,92.0,1025601122,291984032,98794,0,0.0
1789732775.3,0.965547083983006,25.0,60.0,92.0,1025601122,291984032,0,0,
1789732777.4,0.9801808116497632,25.0,61.0,92.0,1025601122,291984032,0,0,
1789732779.5,0.9520148196890154,25.0,61.0,92.0,1025651487,291984048,50365,16,0.0003
1789732781.5,0.9454418012502325,25.0,60.0,92.0,1025726491,291984048,75004,0,0.0
1789732783.6,0.9506415666528387,25.0,61.0,92.0,1025726491,291984048,0,0,
1789732785.7,0.9199293346875134,24.0,60.0,92.0,1025839563,291984048,113072,0,0.0
1789732787.7,0.9382036133720515,24.0,61.0,92.0,1025839563,291984048,0,0,
1789732789.8,0.9491896376614645,24.0,61.0,92.0,1025839563,291984048,0,0,
1789732791.9,0.9711902956785443,25.0,61.0,92.0,1025924943,291984048,85380,0,0.0
1789732794.0,0.9485959918177007,24.0,61.0,92.0,1025924943,291984048,0,0,
1789732796.0,0.9705894974752171,25.0,60.0,92.0,1025981054,291984048,56111,0,0.0
1789732798.1,0.9431387414708112,25.0,60.0,92.0,1025983351,291984048,2297,0,0.0
1789732800.2,0.9437538443932654,25.0,61.0,92.0,1025983351,291984048,0,0,
1789732802.3,0.9374240061796386,24.0,61.0,92.0,1025983351,291984048,0,0,
1789732804.3,0.9380462614616562,24.0,62.0,92.0,1025983351,291984048,0,0,
1789732806.4,0.8976783440857139,23.0,62.0,92.0,1026133743,291984048,150392,0,0.0
1789732808.5,0.912362138269415,23.0,63.0,92.0,1026133743,291984048,0,0,
1789732810.6,0.9233410101992647,23.0,63.0,92.0,1026133743,291984048,0,0,
1789732812.7,0.9343198821291144,23.0,63.0,92.0,1026133743,291984048,0,0,
1789732814.8,0.9489607621554351,24.0,62.0,92.0,1026241774,291984048,108031,0,0.0
1789732816.9,0.9709542678129515,24.0,62.0,92.0,1026241774,291984048,0,0,
1789732819.0,0.9855951478392722,24.0,62.0,92.0,1026241774,291984048,0,0,
1789732821.0,0.958037106441415,24.0,61.0,92.0,1026321208,291984048,79434,0,0.0
1789732823.1,0.9836854678358391,24.0,62.0,92.0,1026321208,291984048,0,0,
1789732825.2,0.9867109159311657,24.0,62.0,92.0,1026321208,291984048,0,0,
1789732827.3,0.9616919621783226,24.0,60.0,92.0,1026455451,291984048,134243,0,0.0
1789732829.3,0.9836354013188952,24.0,62.0,92.0,1026455451,291984048,0,0,
1789732831.4,0.9660262920737551,24.0,61.0,92.0,1026524382,291984048,68931,0,0.0
1789732833.5,0.9895790121160971,24.0,61.0,92.0,1026524382,291984048,0,0,
1789732835.5,0.9597751298153261,24.0,60.0,92.0,1026623133,291984048,98751,0,0.0
1789732837.6,0.978063713218991,24.0,61.0,92.0,1026623133,291984048,0,0,
1789732839.7,0.985881242221809,24.0,62.0,92.0,1026623133,291984048,0,0,
1789732841.8,0.9524225041841303,23.0,63.0,92.0,1026672651,291984048,49518,0,0.0
1789732843.8,0.9817543307537157,24.0,62.0,92.0,1026724804,291984048,52153,0,0.0
1789732845.9,0.9837927532292904,24.0,62.0,92.0,1026724804,291984048,0,0,
1789732848.0,0.9844078561517444,24.0,62.0,92.0,1026724804,291984048,0,0,
1789732850.1,0.9849657401976912,24.0,62.0,92.0,1026724804,291984048,0,0,
1789732852.1,0.9855093195245112,24.0,62.0,92.0,1026724804,291984048,0,0,
1789732854.2,0.9405996538257971,23.0,62.0,92.0,1026844051,291984048,119247,0,0.0
1789732856.3,0.9625287882472428,23.0,63.0,92.0,1026844051,291984048,0,0,
1789732858.3,0.9772411918691977,23.0,63.0,92.0,1026844051,291984048,0,0,
1789732860.4,0.9681719999427811,23.0,62.0,92.0,1026892812,291984048,48761,0,0.0
1789732862.5,0.9829273177221165,23.0,62.0,92.0,1026892812,291984048,0,0,
1789732864.6,0.9598967199279043,23.0,61.0,92.0,1026940458,291984048,47646,0,0.0
1789732866.6,0.9447623270917076,23.0,60.0,92.0,1027047486,291984048,107028,0,0.0
1789732868.7,0.9703820790478779,23.0,60.0,92.0,1027047486,291984048,0,0,
1789732870.8,0.9813466462586007,23.0,60.0,92.0,1027047486,291984048,0,0,
1789732872.9,0.98569528087316,23.0,60.0,92.0,1027047486,291984048,0,0,
1789732874.9,0.9491038093467035,23.0,59.0,92.0,1027095129,291984048,47643,0,0.0
1789732877.0,0.9820189680575622,24.0,58.0,92.0,1027160338,291984048,65209,0,0.0
1789732879.1,0.9925472413349163,24.0,58.0,92.0,1027160338,291984048,0,0,
1789732881.1,0.9930908206617363,24.0,58.0,92.0,1027160338,291984048,0,0,
1789732883.2,0.9936200952694294,24.0,58.0,92.0,1027160338,291984048,0,0,
1789732885.3,0.9705680403965268,23.0,58.0,92.0,1027160338,291984048,0,0,
1789732887.3,0.9418656214685225,22.0,58.0,92.0,1027160338,291984048,0,0,
1789732889.4,0.9424092007953424,22.0,58.0,92.0,1027160338,291984048,0,0,
1789732891.5,0.9429098659647818,22.0,58.0,92.0,1027160338,291984048,0,0,
1789732893.6,0.9434391405724749,22.0,58.0,92.0,1027160338,291984048,0,0,
1789732895.6,0.8975853634113894,22.0,57.0,92.0,1027304629,291984048,144291,0,0.0
1789732897.7,0.9232694866036305,22.0,57.0,92.0,1027304629,291984048,0,0,
1789732899.8,0.9342412061739168,22.0,57.0,92.0,1027304629,291984048,0,0,
1789732901.9,0.945212925744203,22.0,57.0,92.0,1027304629,291984048,0,0,
1789732903.9,0.9561846453144892,23.0,56.0,92.0,1027348785,291984048,44156,0,0.0
1789732906.0,0.9809675712017395,24.0,55.0,92.0,1027362504,291984048,13719,0,0.0
1789732908.1,0.9814825410903056,24.0,55.0,92.0,1027362504,291984048,0,0,
1789732910.1,0.9433318551790235,23.0,54.0,92.0,1027489475,291984048,126971,0,0.0
1789732912.2,0.968937302416067,23.0,54.0,92.0,1027489475,291984048,0,0,
1789732914.3,0.9835781824423877,23.0,54.0,92.0,1027489475,291984048,0,0,
1789732916.4,0.9945570543722374,23.0,54.0,92.0,1027489475,291984048,0,0,
1789732918.4,0.8914844007037922,21.0,53.0,92.0,1027535699,291984048,46224,0,0.0
1789732920.5,0.9170898479408357,23.0,51.0,92.0,1027626578,291984048,90879,0,0.0
1789732922.6,0.950083682606892,25.0,49.0,92.0,1027687657,291984048,61079,0,0.0
1789732924.7,0.9793654426595334,26.0,48.0,92.0,1027757979,291984048,70322,0,0.0
1789732926.7,0.9736435550087974,25.0,48.0,92.0,1027757979,291984048,0,0,
1789732928.8,0.9544180125023245,24.0,48.0,92.0,1027757979,291984048,0,0,
1789732930.9,0.930464760324431,24.0,47.0,92.0,1027945277,291984048,187298,0,0.0
1789732932.9,0.9488177149641667,24.0,47.0,92.0,1027945277,291984048,0,0,
1789732935.0,0.9598037392535798,24.0,47.0,92.0,1027945277,291984048,0,0,
1789732937.1,0.967113450727395,24.0,47.0,92.0,1027945277,291984048,0,0,
1789732939.1,0.9780923226572447,24.0,47.0,92.0,1027945277,291984048,0,0,
1789732941.2,0.9854091864906233,24.0,47.0,92.0,1027945277,291984048,0,0,
1789732943.3,0.9889496044745162,24.0,47.0,92.0,1027945277,291984048,0,0,
1789732945.4,0.9895003361608995,24.0,47.0,92.0,1027945277,291984048,0,0,
1789732947.4,0.9901082867237901,24.0,47.0,92.0,1027945277,291984048,0,0,
1789732949.5,0.9906590184101736,24.0,47.0,92.0,1027945277,291984048,0,0,
1789732951.6,0.9523509805884961,23.0,47.0,92.0,1027945277,291984048,0,0,
1789732953.6,0.9557555037406841,23.0,46.0,92.0,1028054207,291984064,108930,16,0.0001
1789732955.7,0.9703892314074413,23.0,46.0,92.0,1028054207,291984064,0,0,
1789732957.8,0.9790793482769966,23.0,46.0,92.0,1028054207,291984064,0,0,
1789732959.8,0.9946500350465619,23.0,45.0,92.0,1028105411,291984064,51204,0,0.0
1789732961.9,0.9392621625874376,22.0,44.0,92.0,1028174121,291984064,68710,0,0.0
1789732964.0,0.9612699729640809,23.0,43.0,92.0,1028229730,291984064,55609,0,0.0
1789732966.1,0.9768692691718998,23.0,43.0,92.0,1028229730,291984064,0,0,
1789732968.1,0.9817114165963351,23.0,42.0,92.0,1028289581,291984080,59851,16,0.0003
1789732970.2,0.978557226028867,23.0,41.0,92.0,1028357070,291984080,67489,0,0.0
1789732972.3,0.9393980574191426,23.0,40.0,92.0,1028400145,291984080,43075,0,0.0
1789732974.3,0.9686941221909108,24.0,39.0,92.0,1028461736,291984080,61591,0,0.0
1789732976.4,0.0,0.0,0.0,92.0,1028461736,291984080,0,0,
1789732978.5,0.0,0.0,0.0,92.0,1028461736,291984080,0,0,
1789732980.6,0.0,0.0,0.0,92.0,1028461736,291984080,0,0,
1789732982.6,0.0,0.0,0.0,92.0,1028461736,291984080,0,0,
1789732984.7,0.0,0.0,0.0,92.0,1028461736,291984080,0,0,
1789732986.8,0.0,0.0,0.0,92.0,1028461736,291984080,0,0,
1789732988.8,0.0,0.0,0.0,92.0,1028461736,291984080,0,0,
1789732990.9,0.0,0.0,0.0,92.0,1028461736,291984080,0,0,
1789732992.9,0.0,0.0,0.0,92.0,1028461736,291984080,0,0,
1789732995.0,0.0,0.0,0.0,92.0,1028461736,291984080,0,0,
1789732997.1,0.0,0.0,0.0,92.0,1028461736,291984080,0,0,
1789732999.2,0.0,0.0,0.0,92.0,1028461736,291984080,0,0,
1789733001.2,0.0,0.0,0.0,92.0,1028461736,291984080,0,0,
1789733003.3,0.0,0.0,0.0,92.0,1028461736,291984080,0,0,
1789733005.3,0.0,0.0,0.0,92.0,1028461736,291984080,0,0,
1789733007.4,0.0,0.0,0.0,92.0,1028461736,291984080,0,0,
1789733009.5,0.0,0.0,0.0,92.0,1028461736,291984080,0,0,
1789733011.6,0.0,0.0,0.0,92.0,1028461736,291984080,0,0,
1789733013.6,0.0,0.0,0.0,92.0,1028461736,291984080,0,0,
1789733015.7,0.0,0.0,0.0,92.0,1028461736,291984080,0,0,
1789733017.7,0.0,0.0,0.0,92.0,1028461736,291984080,0,0,
1789733019.8,0.0,0.0,0.0,92.0,1028461736,291984080,0,0,
1789733021.9,0.0,0.0,0.0,92.0,1028461736,291984080,0,0,
1789733023.9,0.0,0.0,0.0,92.0,1028461736,291984080,0,0,
1789733026.0,0.0,0.0,0.0,92.0,1028461736,291984080,0,0,
1789733028.1,0.0,0.0,0.0,92.0,1028461736,291984080,0,0,
1789733030.1,0.0,0.0,0.0,92.0,1028461736,291984080,0,0,
1789733032.2,0.0,0.0,0.0,92.0,1028461736,291984080,0,0,
1789733034.3,0.0,0.0,0.0,92.0,1028461736,291984080,0,0,
1789733036.3,0.0,0.0,0.0,92.0,1028461736,291984080,0,0,
1789733038.4,0.0,0.0,0.0,92.0,1028461736,291984080,0,0,
1789733040.5,0.0,0.0,0.0,92.0,1028461736,291984080,0,0,
1789733042.6,0.0,0.0,0.0,92.0,1028461736,291984080,0,0,
1789733044.6,0.0,0.0,0.0,92.0,1028461736,291984080,0,0,
1789733046.7,0.0,0.0,0.0,92.0,1028461736,291984080,0,0,
1789733048.8,0.0,0.0,0.0,92.0,1028461736,291984080,0,0,
1789733050.8,0.0,0.0,0.0,92.0,1028461736,291984080,0,0,
1789733052.9,0.0,0.0,0.0,92.0,1028461736,291984080,0,0,
1789733055.0,0.0,0.0,0.0,92.0,1028461736,291984080,0,0,
1789733057.0,0.0,0.0,0.0,92.0,1028461736,291984080,0,0,
1789733059.1,0.0,0.0,0.0,92.0,1028461736,291984080,0,0,
1789733061.1,0.0,0.0,0.0,92.0,1028461736,291984080,0,0,
1789733063.2,0.0,0.0,0.0,92.0,1028461736,291984080,0,0,
1789733065.3,0.0,0.0,0.0,92.0,1028461736,291984080,0,0,
1789733067.3,0.0,0.0,0.0,92.0,1028461736,291984080,0,0,
1789733069.4,0.0,0.0,0.0,92.0,1028461736,291984080,0,0,
1789733071.5,0.0,0.0,0.0,92.0,1028461736,291984080,0,0,
1789733073.5,0.0,0.0,0.0,92.0,1028461736,291984080,0,0,
1789733075.6,0.0,0.0,0.0,92.0,1028461736,291984080,0,0,
1789733077.7,0.0,0.0,0.0,92.0,1028461736,291984080,0,0,
1789733079.8,0.0,0.0,0.0,92.0,1028461736,291984080,0,0,
1789733081.8,0.0,0.0,0.0,92.0,1028461736,291984080,0,0,
1789733083.9,0.0,0.0,0.0,92.0,1028461736,291984080,0,0,
1789733086.0,0.0,0.0,0.0,92.0,1028461736,291984080,0,0,
1789733088.0,0.0,0.0,0.0,92.0,1028461736,291984080,0,0,
1789733090.1,0.0,0.0,0.0,92.0,1028461736,291984080,0,0,
1789733092.2,0.0,0.0,0.0,92.0,1028461736,291984080,0,0,
1789733094.2,0.0,0.0,0.0,92.0,1028461736,291984080,0,0,
1789733096.3,0.0,0.0,0.0,92.0,1028461736,291984080,0,0,
1789733098.4,0.0,0.0,0.0,92.0,1028461736,291984080,0,0,
1789733100.4,0.0,0.0,0.0,92.0,1028461736,291984080,0,0,
1789733102.5,0.0,0.0,0.0,92.0,1028461736,291984080,0,0,
1789733104.6,0.0,0.0,0.0,92.0,1028461736,291984080,0,0,
1789733106.6,0.0,0.0,0.0,92.0,1028461736,291984080,0,0,
1789733108.7,0.0,0.0,0.0,92.0,1028461736,291984080,0,0,
1789733110.8,0.0,0.0,0.0,92.0,1028461736,291984080,0,0,
1789733112.8,0.0,0.0,0.0,92.0,1028461736,291984080,0,0,
1789733114.9,0.0,0.0,0.0,92.0,1028461736,291984080,0,0,
1789733117.0,0.0,0.0,0.0,92.0,1028461736,291984080,0,0,
1789733119.0,0.0,0.0,0.0,92.0,1028461736,291984080,0,0,
1789733121.1,0.0,0.0,0.0,92.0,1028461736,291984080,0,0,
1789733123.2,0.0,0.0,0.0,92.0,1028461736,291984080,0,0,
1789733125.2,0.0,0.0,0.0,92.0,1028461736,291984080,0,0,
1789733127.3,0.0,0.0,0.0,92.0,1028461736,291984080,0,0,
1789733129.4,0.0,0.0,0.0,92.0,1028461736,291984080,0,0,
1789733131.4,0.0,0.0,0.0,92.0,1028461736,291984080,0,0,
1789733133.5,0.0,0.0,0.0,92.0,1028461736,291984080,0,0,
1789733135.6,0.0,0.0,0.0,92.0,1028461736,291984080,0,0,
1789733137.7,0.0,0.0,0.0,92.0,1028461736,291984080,0,0,
1789733139.7,0.0,0.0,0.0,92.0,1028461736,291984080,0,0,
1789733141.8,0.0,0.0,0.0,92.0,1028461736,291984080,0,0,
1789733143.8,0.0,0.0,0.0,92.0,1028461736,291984080,0,0,
1789733145.9,0.0,0.0,0.0,92.0,1028461736,291984080,0,0,
1789733148.0,0.0,0.0,0.0,92.0,1028461736,291984080,0,0,
1789733150.0,0.0,0.0,0.0,92.0,1028461736,291984080,0,0,
1789733152.1,0.0,0.0,0.0,92.0,1028461736,291984080,0,0,
1789733154.2,0.0,0.0,0.0,92.0,1028461736,291984080,0,0,
1789733156.2,0.0,0.0,0.0,92.0,1028461736,291984080,0,0,
1789733158.3,0.0,0.0,0.0,92.0,1028461736,291984080,0,0,
1789733160.4,0.0,0.0,0.0,92.0,1028461736,291984080,0,0,
1789733162.5,0.0,0.0,0.0,92.0,1028461736,291984080,0,0,
1789733164.5,0.0,0.0,0.0,92.0,1028461736,291984080,0,0,
1789733166.6,0.0,0.0,0.0,92.0,1028461736,291984080,0,0,
1789733168.7,0.0,0.0,0.0,92.0,1028461736,291984080,0,0,
1789733170.7,0.0,0.0,0.0,92.0,1028461736,291984080,0,0,
1789733172.8,0.0,0.0,0.0,92.0,1028461736,291984080,0,0,
1789733174.9,0.0,0.0,0.0,92.0,1028461736,291984080,0,0,
1789733176.9,0.0,0.0,0.0,92.0,1028461736,291984080,0,0,
1789733179.0,0.0,0.0,0.0,92.0,1028461736,291984080,0,0,
1789733181.1,0.0,0.0,0.0,92.0,1028461736,291984080,0,0,
1789733183.2,0.0,0.0,0.0,92.0,1028461736,291984080,0,0,
1789733185.2,0.0,0.0,0.0,92.0,1028461736,291984080,0,0,
1789733187.3,0.0,0.0,0.0,92.0,1028461736,291984080,0,0,
1789733189.4,0.0,0.0,0.0,92.0,1028461736,291984080,0,0,
1789733191.4,0.0,0.0,0.0,92.0,1028461736,291984080,0,0,
1789733193.5,0.0,0.0,0.0,92.0,1028461736,291984080,0,0,
1789733195.6,0.0,0.0,0.0,92.0,1028461736,291984080,0,0,
1789733197.6,0.0,0.0,0.0,92.0,1028461736,291984080,0,0,
1789733199.7,0.0,0.0,0.0,92.0,1028461736,291984080,0,0,
1789733201.8,0.0,0.0,0.0,92.0,1028461736,291984080,0,0,
1789733203.8,0.0,0.0,0.0,92.0,1028461736,291984080,0,0,
1789733205.9,0.0,0.0,0.0,92.0,1028461736,291984080,0,0,
1789733208.0,0.0,0.0,0.0,92.0,1028461736,291984080,0,0,
1789733210.0,0.0,0.0,0.0,92.0,1028461736,291984080,0,0,
1789733212.1,0.0,0.0,0.0,92.0,1028461736,291984080,0,0,
1789733214.2,0.0,0.0,0.0,92.0,1028461736,291984080,0,0,
1789733216.2,0.0,0.0,0.0,92.0,1028461736,291984080,0,0,
1789733218.3,0.0,0.0,0.0,92.0,1028461736,291984080,0,0,
1789733220.4,0.0,0.0,0.0,92.0,1028461736,291984080,0,0,
1789733222.4,0.0,0.0,0.0,92.0,1028461736,291984080,0,0,
1789733224.5,0.0,0.0,0.0,92.0,1028461736,291984080,0,0,
1789733226.6,0.0,0.0,0.0,92.0,1028461736,291984080,0,0,
1789733228.6,0.0,0.0,0.0,92.0,1028461736,291984080,0,0,
1789733230.7,0.0,0.0,0.0,92.0,1028461736,291984080,0,0,
1789733232.8,0.0,0.0,0.0,92.0,1028461736,291984080,0,0,
1789733234.8,0.0,0.0,0.0,92.0,1028461736,291984080,0,0,
1789733236.9,0.0,0.0,0.0,92.0,1028461736,291984080,0,0,
1789733239.0,0.0,0.0,0.0,92.0,1028461736,291984080,0,0,
1789733239.1,0.0,0.0,0.0,92.0,1028461736,291984080,0,0,
