ts,kv_cache_usage_perc,num_requests_running,num_requests_waiting,num_preemptions_total,cum_prefix_cache_queries,cum_prefix_cache_hits,interval_queries,interval_hits,interval_hit_rate
1789730087.9,0.0,0.0,0.0,212.0,2992644639,891525728,0,0,
1789730090.0,0.0,0.0,0.0,212.0,2992644639,891525728,0,0,
1789730092.1,0.0,0.0,0.0,212.0,2992644639,891525728,0,0,
1789730094.1,0.0,0.0,0.0,212.0,2992644639,891525728,0,0,
1789730096.1,0.0,0.0,0.0,212.0,2992644639,891525728,0,0,
1789730098.2,0.0,0.0,0.0,212.0,2992644639,891525728,0,0,
1789730100.2,0.0,0.0,0.0,212.0,2992644639,891525728,0,0,
1789730102.3,0.0,0.0,0.0,212.0,2992644639,891525728,0,0,
1789730104.3,0.0,0.0,0.0,212.0,2992644639,891525728,0,0,
1789730106.4,0.0,0.0,0.0,212.0,2992644639,891525728,0,0,
1789730108.4,0.0,0.0,0.0,212.0,2992644639,891525728,0,0,
1789730110.4,0.0,0.0,0.0,212.0,2992644639,891525728,0,0,
1789730112.5,0.0,0.0,0.0,212.0,2992644639,891525728,0,0,
1789730114.6,0.0,0.0,0.0,212.0,2992644639,891525728,0,0,
1789730116.6,0.0,0.0,0.0,212.0,2992644639,891525728,0,0,
1789730118.6,0.0,0.0,0.0,212.0,2992644639,891525728,0,0,
1789730120.7,0.0,0.0,0.0,212.0,2992644639,891525728,0,0,
1789730122.7,0.0,0.0,0.0,212.0,2992644639,891525728,0,0,
1789730124.8,0.0,0.0,0.0,212.0,2992644639,891525728,0,0,
1789730126.8,0.0,0.0,0.0,212.0,2992644639,891525728,0,0,
1789730128.9,0.0,0.0,0.0,212.0,2992644639,891525728,0,0,
1789730130.9,0.0,0.0,0.0,212.0,2992644639,891525728,0,0,
1789730133.0,0.0,0.0,0.0,212.0,2992644639,891525728,0,0,
1789730135.0,0.0,0.0,0.0,212.0,2992644639,891525728,0,0,
1789730137.1,0.0,0.0,0.0,212.0,2992644639,891525728,0,0,
1789730139.1,0.0,0.0,0.0,212.0,2992644639,891525728,0,0,
1789730141.1,0.0,0.0,0.0,212.0,2992644639,891525728,0,0,
1789730143.2,0.0,0.0,0.0,212.0,2992644639,891525728,0,0,
1789730145.2,0.0,0.0,0.0,212.0,2992644639,891525728,0,0,
1789730147.3,0.0,0.0,0.0,212.0,2992644639,891525728,0,0,
1789730149.3,0.0,0.0,0.0,212.0,2992644639,891525728,0,0,
1789730151.4,0.0,0.0,0.0,212.0,2992644639,891525728,0,0,
1789730153.4,0.0,0.0,0.0,212.0,2992644639,891525728,0,0,
1789730155.5,0.0095,8.0,1.0,212.0,2992848520,891525728,203881,0,0.0
1789730157.6,0.0454,30.0,35.0,212.0,2993203707,891525728,355187,0,0.0
1789730159.6,0.0792,43.0,85.0,212.0,2993433636,891525728,229929,0,0.0
1789730161.7,0.1161,55.0,132.0,212.0,2993833856,891525728,400220,0,0.0
1789730163.8,0.152,66.0,169.0,212.0,2994136391,891525728,302535,0,0.0
1789730165.9,0.1818,66.0,214.0,212.0,2994394226,891525728,257835,0,0.0
1789730168.0,0.2147,92.0,209.0,212.0,2994889807,891525728,495581,0,0.0
1789730170.0,0.2433,86.0,223.0,212.0,2995069288,891525728,179481,0,0.0
1789730172.1,0.2654,95.0,220.0,212.0,2995200899,891525728,131611,0,0.0
1789730174.2,0.2883,111.0,208.0,212.0,2995382545,891526112,181646,384,0.0021
1789730176.3,0.3087,91.0,232.0,212.0,2995558077,891526112,175532,0,0.0
1789730178.3,0.33,78.0,247.0,212.0,2995831285,891526576,273208,464,0.0017
1789730180.4,0.3608,78.0,256.0,212.0,2995997472,891526576,166187,0,0.0
1789730182.5,0.3835,85.0,252.0,212.0,2996273344,891526592,275872,16,0.0001
1789730184.6,0.4106,88.0,248.0,212.0,2996524272,891526608,250928,16,0.0001
1789730186.7,0.4441,101.0,237.0,212.0,2996964551,891526608,440279,0,0.0
1789730188.7,0.4732,103.0,234.0,212.0,2997073972,891526624,109421,16,0.0001
1789730190.8,0.5005,110.0,227.0,212.0,2997322930,891526640,248958,16,0.0001
1789730192.9,0.5241,114.0,224.0,212.0,2997664141,891526640,341211,0,0.0
1789730195.0,0.5524,120.0,217.0,212.0,2997980197,891526640,316056,0,0.0
1789730197.0,0.5802,121.0,217.0,212.0,2998191019,891526688,210822,48,0.0002
1789730199.1,0.6108,129.0,210.0,212.0,2998566136,891526720,375117,32,0.0001
1789730201.2,0.6412,138.0,202.0,212.0,2998842277,891527168,276141,448,0.0016
1789730203.3,0.6695,144.0,197.0,212.0,2999025485,891527168,183208,0,0.0
1789730205.3,0.6934,159.0,180.0,212.0,2999381244,891527184,355759,16,0.0
1789730207.4,0.7203,157.0,181.0,212.0,2999625114,891527200,243870,16,0.0001
1789730209.5,0.7476,156.0,182.0,212.0,2999868994,891527216,243880,16,0.0001
1789730211.6,0.7772,158.0,182.0,212.0,3000127050,891527600,258056,384,0.0015
1789730213.7,0.7951,156.0,182.0,212.0,3000480607,891527600,353557,0,0.0
1789730215.7,0.8189,159.0,182.0,212.0,3000682291,891527600,201684,0,0.0
1789730217.8,0.849,163.0,179.0,212.0,3000869252,891527616,186961,16,0.0001
1789730219.9,0.8557,174.0,165.0,212.0,3001227755,891527616,358503,0,0.0
1789730221.9,0.8717,178.0,163.0,212.0,3001578382,891527616,350627,0,0.0
1789730224.0,0.8972,178.0,161.0,212.0,3001770156,891527616,191774,0,0.0
1789730226.1,0.9167,177.0,164.0,212.0,3002020598,891527632,250442,16,0.0001
1789730228.2,0.9319,178.0,164.0,212.0,3002161722,891527632,141124,0,0.0
1789730230.2,0.9541,182.0,161.0,212.0,3002289267,891527632,127545,0,0.0
1789730232.3,0.9569,182.0,156.0,212.0,3002532576,891527648,243309,16,0.0001
1789730234.4,0.9443,181.0,156.0,212.0,3002840142,891527664,307566,16,0.0001
1789730236.5,0.9628,186.0,152.0,212.0,3003116034,891527664,275892,0,0.0
1789730238.5,0.958,182.0,152.0,212.0,3003421521,891527680,305487,16,0.0001
1789730240.6,0.9619,183.0,153.0,212.0,3003605156,891527696,183635,16,0.0001
1789730242.7,0.9669,181.0,157.0,212.0,3003711325,891527696,106169,0,0.0
1789730244.8,0.9734,182.0,157.0,212.0,3003886896,891527696,175571,0,0.0
1789730246.8,0.9717,179.0,160.0,212.0,3003984603,891527712,97707,16,0.0002
1789730248.9,0.955,178.0,153.0,212.0,3004262570,891527744,277967,32,0.0001
1789730251.0,0.9751,182.0,153.0,212.0,3004550972,891527744,288402,0,0.0
1789730253.0,0.9726,179.0,156.0,212.0,3004753687,891527760,202715,16,0.0001
1789730255.2,0.9711,180.0,162.0,212.0,3004969699,891527792,216012,32,0.0001
1789730257.3,0.9603,182.0,157.0,212.0,3005262422,891527840,292723,48,0.0002
1789730259.3,0.9653,180.0,160.0,212.0,3005498885,891527856,236463,16,0.0001
1789730261.4,0.9609,180.0,159.0,212.0,3005677091,891527872,178206,16,0.0001
1789730263.5,0.9668,184.0,155.0,212.0,3005998105,891527888,321014,16,0.0
1789730265.5,0.9641,183.0,153.0,212.0,3006225442,891527904,227337,16,0.0001
1789730267.6,0.9659,182.0,155.0,212.0,3006372694,891527920,147252,16,0.0001
1789730269.7,0.967,181.0,156.0,212.0,3006635329,891527936,262635,16,0.0001
1789730271.8,0.9832,182.0,158.0,212.0,3006783318,891527952,147989,16,0.0001
1789730273.8,0.9693,180.0,158.0,212.0,3007088009,891528016,304691,64,0.0002
1789730275.9,0.9628,179.0,156.0,212.0,3007324906,891528032,236897,16,0.0001
1789730278.0,0.9734,181.0,156.0,212.0,3007541606,891528048,216700,16,0.0001
1789730280.1,0.9752,177.0,160.0,212.0,3007688312,891528048,146706,0,0.0
1789730282.1,0.9677,175.0,161.0,212.0,3007845510,891528048,157198,0,0.0
1789730284.2,0.9743,177.0,162.0,212.0,3008113478,891528048,267968,0,0.0
1789730286.3,0.9823,181.0,160.0,212.0,3008331662,891528080,218184,32,0.0001
1789730288.4,0.9749,179.0,160.0,212.0,3008577009,891528080,245347,0,0.0
1789730290.4,0.9701,176.0,161.0,212.0,3008821452,891528096,244443,16,0.0001
1789730292.5,0.9779,176.0,161.0,212.0,3009033689,891528096,212237,0,0.0
1789730294.6,0.9822,177.0,161.0,212.0,3009156875,891528112,123186,16,0.0001
1789730296.6,0.9766,179.0,160.0,213.0,3009443976,891528112,287101,0,0.0
1789730298.7,0.9907,180.0,160.0,213.0,3009592886,891528112,148910,0,0.0
1789730300.8,0.9627,175.0,162.0,213.0,3009825371,891528128,232485,16,0.0001
1789730302.9,0.9689,176.0,164.0,213.0,3010052724,891528128,227353,0,0.0
1789730304.9,0.964,177.0,159.0,213.0,3010313812,891528160,261088,32,0.0001
1789730307.0,0.9681,178.0,162.0,213.0,3010563808,891528176,249996,16,0.0001
1789730309.1,0.9746,180.0,157.0,213.0,3010759486,891528176,195678,0,0.0
1789730311.2,0.954,177.0,157.0,213.0,3011079797,891528192,320311,16,0.0
1789730313.2,0.9538,176.0,160.0,213.0,3011281941,891528192,202144,0,0.0
1789730315.3,0.946,176.0,158.0,213.0,3011537328,891528224,255387,32,0.0001
1789730317.4,0.9522,178.0,158.0,213.0,3011733788,891528224,196460,0,0.0
1789730319.4,0.9523,177.0,163.0,213.0,3012087018,891528240,353230,16,0.0
1789730321.5,0.9538,177.0,164.0,213.0,3012306151,891528240,219133,0,0.0
1789730323.6,0.959,176.0,165.0,213.0,3012416395,891528240,110244,0,0.0
1789730325.7,0.9754,177.0,164.0,213.0,3012511605,891528240,95210,0,0.0
1789730327.7,0.9663,176.0,164.0,213.0,3012661990,891528240,150385,0,0.0
1789730329.8,0.9543,174.0,165.0,213.0,3012997114,891528240,335124,0,0.0
1789730331.9,0.9636,177.0,162.0,213.0,3013262748,891528240,265634,0,0.0
1789730334.0,0.9575,174.0,162.0,213.0,3013395136,891528256,132388,16,0.0001
1789730336.0,0.9631,174.0,165.0,213.0,3013538946,891528256,143810,0,0.0
1789730338.1,0.9738,175.0,165.0,213.0,3013703872,891528256,164926,0,0.0
1789730340.2,0.9849,177.0,164.0,213.0,3013924267,891528272,220395,16,0.0001
1789730342.3,0.9708,175.0,163.0,213.0,3014187706,891528288,263439,16,0.0001
1789730344.4,0.9712,176.0,163.0,213.0,3014364305,891528288,176599,0,0.0
1789730346.5,0.9392,172.0,163.0,213.0,3014775982,891528288,411677,0,0.0
1789730348.5,0.9461,172.0,168.0,213.0,3014964020,891528304,188038,16,0.0001
1789730350.6,0.9577,173.0,168.0,213.0,3015097699,891528304,133679,0,0.0
1789730352.7,0.9437,173.0,167.0,213.0,3015343512,891528320,245813,16,0.0001
1789730354.7,0.9465,172.0,166.0,213.0,3015509511,891528320,165999,0,0.0
1789730356.8,0.9446,173.0,166.0,213.0,3015697159,891528336,187648,16,0.0001
1789730358.9,0.9451,173.0,166.0,213.0,3015891688,891528352,194529,16,0.0001
1789730361.0,0.9504,174.0,166.0,213.0,3016085585,891528368,193897,16,0.0001
1789730363.0,0.9642,178.0,163.0,213.0,3016370311,891528368,284726,0,0.0
1789730365.1,0.953,177.0,160.0,213.0,3016674712,891528416,304401,48,0.0002
1789730367.2,0.9692,181.0,160.0,213.0,3016922009,891528416,247297,0,0.0
1789730369.3,0.9726,183.0,158.0,213.0,3017123782,891528416,201773,0,0.0
1789730371.3,0.9868,184.0,156.0,213.0,3017303540,891528432,179758,16,0.0001
1789730373.4,0.965,180.0,157.0,213.0,3017589490,891528448,285950,16,0.0001
1789730375.5,0.9353,178.0,160.0,213.0,3017799092,891528480,209602,32,0.0002
1789730377.5,0.9491,180.0,163.0,213.0,3018126748,891528496,327656,16,0.0
1789730379.6,0.9551,183.0,157.0,213.0,3018301112,891528496,174364,0,0.0
1789730381.7,0.9515,186.0,154.0,213.0,3018605540,891528496,304428,0,0.0
1789730383.8,0.9483,185.0,154.0,213.0,3018817225,891528496,211685,0,0.0
1789730385.8,0.95,185.0,154.0,213.0,3019016292,891528512,199067,16,0.0001
1789730387.9,0.9738,189.0,150.0,213.0,3019245878,891528528,229586,16,0.0001
1789730390.0,0.9655,190.0,146.0,213.0,3019571802,891528560,325924,32,0.0001
1789730392.1,0.9741,193.0,146.0,213.0,3019782610,891528560,210808,0,0.0
1789730394.1,0.9655,192.0,147.0,213.0,3020013329,891528576,230719,16,0.0001
1789730396.2,0.9559,190.0,148.0,213.0,3020219289,891528608,205960,32,0.0002
1789730398.3,0.9717,192.0,150.0,213.0,3020396109,891528608,176820,0,0.0
1789730400.3,0.9675,193.0,148.0,213.0,3020664811,891528624,268702,16,0.0001
1789730402.4,0.9707,190.0,150.0,214.0,3020759480,891528624,94669,0,0.0
1789730404.5,0.9606,190.0,148.0,214.0,3021070717,891528672,311237,48,0.0002
1789730406.6,0.9717,193.0,147.0,214.0,3021292387,891528704,221670,32,0.0001
1789730408.6,0.968,192.0,147.0,214.0,3021584641,891528736,292254,32,0.0001
1789730410.7,0.9607,188.0,150.0,215.0,3021836919,891528736,252278,0,0.0
1789730412.8,0.9637,188.0,153.0,215.0,3021960625,891528752,123706,16,0.0001
1789730414.9,0.9438,184.0,155.0,215.0,3022149510,891528752,188885,0,0.0
1789730416.9,0.9534,188.0,151.0,215.0,3022423481,891528752,273971,0,0.0
1789730419.0,0.9291,183.0,153.0,215.0,3022551180,891528752,127699,0,0.0
1789730421.1,0.9306,185.0,154.0,215.0,3022776712,891528752,225532,0,0.0
1789730423.1,0.9465,188.0,153.0,215.0,3023058596,891528752,281884,0,0.0
1789730425.2,0.956,189.0,154.0,215.0,3023265729,891528768,207133,16,0.0001
1789730427.3,0.9596,189.0,151.0,215.0,3023547833,891528800,282104,32,0.0001
1789730429.4,0.9514,188.0,152.0,215.0,3023700064,891528800,152231,0,0.0
1789730431.4,0.9391,184.0,156.0,215.0,3024001390,891528816,301326,16,0.0001
1789730433.5,0.9422,183.0,156.0,215.0,3024186084,891528832,184694,16,0.0001
1789730435.6,0.9499,184.0,158.0,215.0,3024324099,891528832,138015,0,0.0
1789730437.7,0.9576,184.0,159.0,215.0,3024410938,891528832,86839,0,0.0
1789730439.7,0.9597,183.0,159.0,215.0,3024623117,891528832,212179,0,0.0
1789730441.8,0.9547,181.0,158.0,215.0,3024775664,891528832,152547,0,0.0
1789730443.9,0.9784,185.0,156.0,215.0,3025039388,891528832,263724,0,0.0
1789730445.9,0.9761,184.0,155.0,215.0,3025227142,891528848,187754,16,0.0001
1789730448.0,0.9559,184.0,157.0,215.0,3025513180,891528896,286038,48,0.0002
1789730450.1,0.9654,184.0,155.0,215.0,3025769575,891528896,256395,0,0.0
1789730452.2,0.9617,183.0,158.0,215.0,3025890951,891528896,121376,0,0.0
1789730454.3,0.9638,184.0,156.0,215.0,3026175869,891528896,284918,0,0.0
1789730456.3,0.9594,184.0,154.0,215.0,3026397791,891528896,221922,0,0.0
1789730458.4,0.9669,184.0,158.0,215.0,3026628673,891528896,230882,0,0.0
1789730460.5,0.9773,187.0,155.0,215.0,3026817794,891528896,189121,0,0.0
1789730462.6,0.9582,182.0,156.0,215.0,3027145320,891528896,327526,0,0.0
1789730464.7,0.964,182.0,162.0,215.0,3027274829,891528896,129509,0,0.0
1789730466.7,0.9667,181.0,161.0,215.0,3027430364,891528912,155535,16,0.0001
1789730468.8,0.9649,180.0,164.0,215.0,3027613451,891528928,183087,16,0.0001
1789730470.9,0.9579,179.0,162.0,215.0,3027779167,891528928,165716,0,0.0
1789730473.0,0.9463,179.0,163.0,215.0,3028035940,891528928,256773,0,0.0
1789730475.0,0.9656,182.0,163.0,215.0,3028207126,891528960,171186,32,0.0002
1789730477.1,0.9623,183.0,161.0,215.0,3028380639,891528976,173513,16,0.0001
1789730479.2,0.9558,184.0,159.0,215.0,3028663847,891529008,283208,32,0.0001
1789730481.2,0.9506,179.0,166.0,215.0,3028786420,891529008,122573,0,0.0
1789730483.3,0.9567,182.0,161.0,215.0,3029058401,891529024,271981,16,0.0001
1789730485.4,0.9551,182.0,158.0,215.0,3029303846,891529024,245445,0,0.0
1789730487.5,0.9404,179.0,156.0,215.0,3029560825,891529040,256979,16,0.0001
1789730489.5,0.952,179.0,157.0,215.0,3029726901,891529040,166076,0,0.0
1789730491.6,0.9491,178.0,160.0,215.0,3029887111,891529056,160210,16,0.0001
1789730493.7,0.9574,179.0,164.0,215.0,3030109070,891529072,221959,16,0.0001
1789730495.8,0.9467,177.0,166.0,215.0,3030388640,891529072,279570,0,0.0
1789730497.8,0.9602,177.0,165.0,215.0,3030553640,891529072,165000,0,0.0
1789730499.9,0.9676,176.0,166.0,215.0,3030753708,891529072,200068,0,0.0
1789730502.0,0.9574,175.0,164.0,215.0,3030990087,891529088,236379,16,0.0001
1789730504.1,0.9568,174.0,164.0,215.0,3031187970,891529088,197883,0,0.0
1789730506.1,0.9634,172.0,168.0,215.0,3031425885,891529104,237915,16,0.0001
1789730508.2,0.9547,171.0,170.0,215.0,3031627351,891529104,201466,0,0.0
1789730510.3,0.9748,172.0,172.0,215.0,3031826911,891529104,199560,0,0.0
1789730512.3,0.9756,174.0,171.0,215.0,3031969134,891529104,142223,0,0.0
1789730514.4,0.9832,175.0,170.0,215.0,3032105893,891529104,136759,0,0.0
1789730516.5,0.9543,176.0,166.0,215.0,3032445807,891529120,339914,16,0.0
1789730518.6,0.974,178.0,166.0,215.0,3032630098,891529136,184291,16,0.0001
1789730520.7,0.9814,180.0,163.0,215.0,3032866993,891529136,236895,0,0.0
1789730522.8,0.9833,181.0,163.0,215.0,3033132207,891529152,265214,16,0.0001
1789730524.8,0.9732,180.0,162.0,215.0,3033416576,891529152,284369,0,0.0
1789730526.9,0.9872,181.0,162.0,215.0,3033555079,891529168,138503,16,0.0001
1789730529.0,0.9897,181.0,163.0,215.0,3033693588,891529168,138509,0,0.0
1789730531.1,0.9854,181.0,162.0,215.0,3033869021,891529184,175433,16,0.0001
1789730533.1,0.9804,182.0,161.0,215.0,3034104535,891529200,235514,16,0.0001
1789730535.2,0.9777,180.0,160.0,215.0,3034442903,891529200,338368,0,0.0
1789730537.3,0.9452,175.0,161.0,215.0,3034669854,891529232,226951,32,0.0001
1789730539.4,0.9313,173.0,166.0,215.0,3034852162,891529248,182308,16,0.0001
1789730541.5,0.9075,168.0,168.0,215.0,3035128899,891529248,276737,0,0.0
1789730543.5,0.9131,167.0,174.0,215.0,3035418382,891529248,289483,0,0.0
1789730545.6,0.9266,167.0,179.0,215.0,3035482133,891529248,63751,0,0.0
1789730547.7,0.9393,170.0,175.0,215.0,3035640041,891529248,157908,0,0.0
1789730549.8,0.9412,168.0,175.0,215.0,3035706357,891529248,66316,0,0.0
1789730551.8,0.9535,169.0,176.0,215.0,3035826539,891529248,120182,0,0.0
1789730553.9,0.9612,171.0,173.0,215.0,3036016036,891529248,189497,0,0.0
1789730556.0,0.9625,172.0,172.0,215.0,3036224494,891529248,208458,0,0.0
1789730558.1,0.9666,173.0,168.0,215.0,3036538831,891529264,314337,16,0.0001
1789730560.2,0.9684,173.0,169.0,215.0,3036692472,891529280,153641,16,0.0001
1789730562.2,0.9709,172.0,171.0,215.0,3036824608,891529280,132136,0,0.0
1789730564.3,0.9676,171.0,169.0,215.0,3037070940,891529296,246332,16,0.0001
1789730566.4,0.9784,174.0,165.0,215.0,3037294635,891529296,223695,0,0.0
1789730568.4,0.974,174.0,163.0,215.0,3037599723,891529312,305088,16,0.0001
1789730570.5,0.9534,172.0,168.0,215.0,3037799750,891529328,200027,16,0.0001
1789730572.6,0.9438,171.0,170.0,215.0,3037965013,891529328,165263,0,0.0
1789730574.7,0.9579,173.0,169.0,215.0,3038207176,891529344,242163,16,0.0001
1789730576.7,0.9624,174.0,167.0,215.0,3038439686,891529360,232510,16,0.0001
1789730578.8,0.9716,176.0,167.0,215.0,3038679137,891529376,239451,16,0.0001
1789730580.9,0.968,176.0,163.0,215.0,3039031883,891529376,352746,0,0.0
1789730583.0,0.98,176.0,165.0,215.0,3039125194,891529376,93311,0,0.0
1789730585.0,0.9688,175.0,166.0,215.0,3039386785,891529392,261591,16,0.0001
1789730587.1,0.9665,175.0,166.0,215.0,3039590197,891529392,203412,0,0.0
1789730589.2,0.9667,173.0,167.0,215.0,3039767720,891529392,177523,0,0.0
1789730591.3,0.9529,171.0,167.0,215.0,3039934662,891529392,166942,0,0.0
1789730593.3,0.9563,173.0,165.0,215.0,3040158026,891529392,223364,0,0.0
1789730595.4,0.9469,171.0,166.0,215.0,3040618025,891529408,459999,16,0.0
1789730597.5,0.9627,171.0,171.0,215.0,3040618025,891529408,0,0,
1789730599.6,0.9705,170.0,171.0,215.0,3040711518,891529408,93493,0,0.0
1789730601.7,0.949,169.0,170.0,215.0,3040973519,891529424,262001,16,0.0001
1789730603.7,0.9528,168.0,173.0,215.0,3041032959,891529440,59440,16,0.0003
1789730605.8,0.9534,167.0,175.0,215.0,3041149229,891529440,116270,0,0.0
1789730607.9,0.9664,168.0,175.0,215.0,3041319002,891529440,169773,0,0.0
1789730609.9,0.9708,169.0,172.0,215.0,3041457807,891529440,138805,0,0.0
1789730612.0,0.9739,169.0,170.0,215.0,3041701299,891529440,243492,0,0.0
1789730614.1,0.96,167.0,171.0,215.0,3041882478,891529440,181179,0,0.0
1789730616.2,0.9608,169.0,171.0,215.0,3042208232,891529440,325754,0,0.0
1789730618.2,0.9821,170.0,172.0,215.0,3042348252,891529440,140020,0,0.0
1789730620.3,0.9704,168.0,171.0,215.0,3042571663,891529456,223411,16,0.0001
1789730622.4,0.9686,167.0,175.0,215.0,3042666506,891529472,94843,16,0.0002
1789730624.5,0.9692,166.0,174.0,215.0,3042903783,891529488,237277,16,0.0001
1789730626.6,0.941,163.0,177.0,215.0,3043119131,891529488,215348,0,0.0
1789730628.6,0.9468,163.0,181.0,215.0,3043413856,891529504,294725,16,0.0001
1789730630.7,0.9576,163.0,180.0,215.0,3043479368,891529504,65512,0,0.0
1789730632.8,0.9647,164.0,177.0,215.0,3043659336,891529504,179968,0,0.0
1789730634.9,0.9513,163.0,178.0,215.0,3043818853,891529520,159517,16,0.0001
1789730636.9,0.9546,164.0,178.0,215.0,3044066630,891529520,247777,0,0.0
1789730639.0,0.9601,165.0,176.0,215.0,3044309583,891529536,242953,16,0.0001
1789730641.1,0.9641,167.0,173.0,215.0,3044496748,891529536,187165,0,0.0
1789730643.2,0.9689,169.0,169.0,215.0,3044697700,891529552,200952,16,0.0001
1789730645.3,0.9686,169.0,169.0,215.0,3044907877,891529568,210177,16,0.0001
1789730647.3,0.9614,168.0,166.0,215.0,3045163819,891529568,255942,0,0.0
1789730649.4,0.9578,167.0,171.0,215.0,3045345838,891529600,182019,32,0.0002
1789730651.5,0.955,167.0,171.0,215.0,3045593671,891529600,247833,0,0.0
1789730653.5,0.9572,165.0,173.0,215.0,3045770324,891529600,176653,0,0.0
1789730655.6,0.9636,165.0,175.0,215.0,3045914014,891529600,143690,0,0.0
1789730657.7,0.9595,167.0,169.0,215.0,3046294398,891529616,380384,16,0.0
1789730659.8,0.9539,164.0,174.0,215.0,3046385165,891529616,90767,0,0.0
1789730661.8,0.9591,164.0,176.0,215.0,3046540581,891529648,155416,32,0.0002
1789730663.9,0.9641,167.0,173.0,215.0,3046840627,891529664,300046,16,0.0001
1789730666.0,0.9671,167.0,173.0,215.0,3047047803,891529664,207176,0,0.0
1789730668.1,0.9787,167.0,172.0,215.0,3047196401,891529664,148598,0,0.0
1789730670.1,0.9871,167.0,173.0,215.0,3047328309,891529664,131908,0,0.0
1789730672.2,0.9744,165.0,173.0,215.0,3047496071,891529664,167762,0,0.0
1789730674.3,0.9681,165.0,174.0,215.0,3047774277,891529696,278206,32,0.0001
1789730676.4,0.9402,161.0,176.0,215.0,3047979722,891529696,205445,0,0.0
1789730678.5,0.949,160.0,177.0,215.0,3048187454,891529696,207732,0,0.0
1789730680.5,0.9663,163.0,178.0,215.0,3048354445,891529696,166991,0,0.0
1789730682.6,0.9663,165.0,177.0,215.0,3048562578,891529696,208133,0,0.0
1789730684.7,0.9689,164.0,176.0,215.0,3048739444,891529696,176866,0,0.0
1789730686.8,0.976,165.0,176.0,215.0,3048895023,891529696,155579,0,0.0
1789730688.8,0.9745,164.0,175.0,215.0,3049034889,891529696,139866,0,0.0
1789730690.9,0.9493,162.0,175.0,215.0,3049367898,891529696,333009,0,0.0
1789730693.0,0.961,162.0,177.0,215.0,3049461212,891529696,93314,0,0.0
1789730695.1,0.9765,165.0,175.0,215.0,3049703606,891529712,242394,16,0.0001
1789730697.2,0.9749,163.0,177.0,215.0,3049844934,891529712,141328,0,0.0
1789730699.2,0.9595,164.0,174.0,215.0,3050186447,891529712,341513,0,0.0
1789730701.3,0.9512,162.0,177.0,215.0,3050276007,891529712,89560,0,0.0
1789730703.4,0.9402,162.0,174.0,215.0,3050621787,891529728,345780,16,0.0
1789730705.5,0.9596,163.0,174.0,215.0,3050747370,891529728,125583,0,0.0
1789730707.5,0.9458,161.0,178.0,215.0,3050857328,891529728,109958,0,0.0
1789730709.6,0.9588,162.0,179.0,215.0,3051097431,891529744,240103,16,0.0001
1789730711.7,0.9783,164.0,179.0,215.0,3051180938,891529744,83507,0,0.0
1789730713.8,0.9668,162.0,179.0,216.0,3051363771,891529776,182833,32,0.0002
1789730715.8,0.9812,164.0,178.0,216.0,3051546332,891529776,182561,0,0.0
1789730717.9,0.9757,164.0,178.0,216.0,3051804397,891529776,258065,0,0.0
1789730720.0,0.9894,165.0,178.0,216.0,3051957717,891529776,153320,0,0.0
1789730722.0,0.9819,162.0,180.0,217.0,3052111945,891529792,154228,16,0.0001
1789730724.1,0.962,160.0,176.0,217.0,3052351371,891529808,239426,16,0.0001
1789730726.2,0.9542,161.0,176.0,217.0,3052647634,891529808,296263,0,0.0
1789730728.3,0.9531,159.0,180.0,217.0,3052750887,891529808,103253,0,0.0
1789730730.3,0.9563,160.0,180.0,217.0,3053030647,891529808,279760,0,0.0
1789730732.4,0.9653,161.0,181.0,217.0,3053149629,891529808,118982,0,0.0
1789730734.5,0.9588,160.0,180.0,217.0,3053378812,891529808,229183,0,0.0
1789730736.6,0.9571,160.0,180.0,217.0,3053501446,891529808,122634,0,0.0
1789730738.6,0.9676,163.0,178.0,217.0,3053765549,891529808,264103,0,0.0
1789730740.7,0.9684,163.0,178.0,217.0,3053884440,891529808,118891,0,0.0
1789730742.8,0.9786,165.0,177.0,217.0,3054034369,891529808,149929,0,0.0
1789730744.8,0.9594,165.0,174.0,217.0,3054298011,891529824,263642,16,0.0001
1789730746.9,0.9668,165.0,173.0,217.0,3054485790,891529824,187779,0,0.0
1789730749.0,0.9574,164.0,172.0,217.0,3054725008,891529824,239218,0,0.0
1789730751.1,0.9621,163.0,176.0,217.0,3054906823,891529840,181815,16,0.0001
1789730753.2,0.9693,164.0,176.0,217.0,3055173230,891529856,266407,16,0.0001
1789730755.2,0.973,164.0,173.0,217.0,3055299452,891529872,126222,16,0.0001
1789730757.3,0.9679,163.0,176.0,217.0,3055444386,891529872,144934,0,0.0
1789730759.4,0.9707,163.0,176.0,218.0,3055701165,891529888,256779,16,0.0001
1789730761.5,0.9495,161.0,180.0,218.0,3055854862,891529888,153697,0,0.0
1789730763.5,0.958,162.0,180.0,218.0,3056265492,891529888,410630,0,0.0
1789730765.6,0.9522,162.0,179.0,219.0,3056339990,891529888,74498,0,0.0
1789730767.7,0.9528,162.0,179.0,219.0,3056491162,891529888,151172,0,0.0
1789730769.8,0.9603,164.0,177.0,219.0,3056722325,891529888,231163,0,0.0
1789730771.8,0.9666,164.0,179.0,219.0,3056812679,891529888,90354,0,0.0
1789730773.9,0.9526,161.0,178.0,219.0,3056981067,891529904,168388,16,0.0001
1789730776.0,0.961,162.0,178.0,219.0,3057169678,891529904,188611,0,0.0
1789730778.0,0.9751,164.0,176.0,219.0,3057260749,891529904,91071,0,0.0
1789730780.1,0.9694,165.0,174.0,219.0,3057464336,891529920,203587,16,0.0001
1789730782.2,0.9617,166.0,170.0,219.0,3057840779,891529936,376443,16,0.0
1789730784.3,0.9609,163.0,175.0,219.0,3057873021,891529936,32242,0,0.0
1789730786.3,0.9744,165.0,177.0,219.0,3058076431,891529936,203410,0,0.0
1789730788.4,0.9746,165.0,174.0,219.0,3058212731,891529936,136300,0,0.0
1789730790.5,0.9651,163.0,177.0,219.0,3058432943,891529952,220212,16,0.0001
1789730792.6,0.9541,162.0,177.0,219.0,3058696968,891529952,264025,0,0.0
1789730794.6,0.9624,164.0,175.0,219.0,3058882294,891529952,185326,0,0.0
1789730796.7,0.9603,161.0,177.0,219.0,3059065896,891529984,183602,32,0.0002
1789730798.8,0.9539,159.0,179.0,219.0,3059255099,891530016,189203,32,0.0002
1789730800.8,0.9553,158.0,182.0,219.0,3059499869,891530016,244770,0,0.0
1789730802.9,0.9364,160.0,178.0,219.0,3059768098,891530016,268229,0,0.0
1789730805.0,0.9488,161.0,180.0,219.0,3059906434,891530016,138336,0,0.0
1789730807.1,0.9554,164.0,175.0,219.0,3060171856,891530016,265422,0,0.0
1789730809.1,0.9685,164.0,176.0,219.0,3060321331,891530016,149475,0,0.0
1789730811.2,0.9802,167.0,172.0,219.0,3060542203,891530032,220872,16,0.0001
1789730813.3,0.9686,164.0,175.0,219.0,3060693587,891530032,151384,0,0.0
1789730815.3,0.9672,163.0,174.0,219.0,3060906861,891530064,213274,32,0.0002
1789730817.4,0.9473,159.0,175.0,219.0,3061109765,891530064,202904,0,0.0
1789730819.5,0.9581,160.0,177.0,219.0,3061343912,891530064,234147,0,0.0
1789730821.6,0.9788,162.0,180.0,219.0,3061471800,891530064,127888,0,0.0
1789730823.6,0.967,159.0,179.0,219.0,3061702514,891530096,230714,32,0.0001
1789730825.7,0.9563,156.0,183.0,219.0,3061882100,891530096,179586,0,0.0
1789730827.8,0.957,155.0,183.0,219.0,3061941542,891530096,59442,0,0.0
1789730829.9,0.9633,159.0,179.0,219.0,3062179289,891530112,237747,16,0.0001
1789730832.0,0.96,158.0,182.0,219.0,3062504997,891530112,325708,0,0.0
1789730834.0,0.9776,159.0,182.0,219.0,3062610821,891530128,105824,16,0.0002
1789730836.1,0.9632,158.0,180.0,219.0,3062815721,891530128,204900,0,0.0
1789730838.2,0.9634,156.0,182.0,219.0,3062959718,891530144,143997,16,0.0001
1789730840.3,0.9721,158.0,183.0,219.0,3063119625,891530144,159907,0,0.0
1789730842.3,0.971,158.0,181.0,219.0,3063359082,891530160,239457,16,0.0001
1789730844.4,0.9629,156.0,183.0,219.0,3063646060,891530160,286978,0,0.0
1789730846.5,0.9766,157.0,183.0,219.0,3063714550,891530160,68490,0,0.0
1789730848.6,0.9741,156.0,184.0,219.0,3063921027,891530160,206477,0,0.0
1789730850.6,0.9847,156.0,185.0,219.0,3064066319,891530160,145292,0,0.0
1789730852.7,0.962,156.0,184.0,219.0,3064295958,891530160,229639,0,0.0
1789730854.8,0.9673,156.0,183.0,219.0,3064496134,891530176,200176,16,0.0001
1789730856.9,0.9537,154.0,184.0,219.0,3064615661,891530176,119527,0,0.0
1789730858.9,0.9618,156.0,183.0,219.0,3064875849,891530176,260188,0,0.0
1789730861.0,0.9612,158.0,181.0,219.0,3065015534,891530192,139685,16,0.0001
1789730863.1,0.976,161.0,180.0,219.0,3065286016,891530192,270482,0,0.0
1789730865.1,0.9775,160.0,180.0,219.0,3065398598,891530208,112582,16,0.0001
1789730867.2,0.9701,160.0,179.0,219.0,3065642363,891530208,243765,0,0.0
1789730869.3,0.9621,159.0,179.0,219.0,3065883229,891530224,240866,16,0.0001
1789730871.4,0.9812,160.0,180.0,219.0,3065998421,891530224,115192,0,0.0
1789730873.4,0.9578,156.0,183.0,219.0,3066248248,891530224,249827,0,0.0
1789730875.5,0.9672,157.0,183.0,219.0,3066447994,891530224,199746,0,0.0
1789730877.6,0.9582,156.0,185.0,219.0,3066740005,891530240,292011,16,0.0001
1789730879.6,0.9757,156.0,186.0,219.0,3066790147,891530240,50142,0,0.0
1789730881.7,0.9557,152.0,186.0,219.0,3066927030,891530240,136883,0,0.0
1789730883.8,0.9682,155.0,186.0,219.0,3067341981,891530256,414951,16,0.0
1789730885.9,0.9674,154.0,186.0,220.0,3067439857,891530256,97876,0,0.0
1789730887.9,0.9733,154.0,187.0,220.0,3067663769,891530256,223912,0,0.0
1789730890.0,0.9718,154.0,186.0,220.0,3067776854,891530256,113085,0,0.0
1789730892.1,0.9796,154.0,187.0,220.0,3067844994,891530256,68140,0,0.0
1789730894.2,0.9492,151.0,188.0,220.0,3068097124,891530256,252130,0,0.0
1789730896.3,0.9654,156.0,185.0,220.0,3068421832,891530272,324708,16,0.0
1789730898.3,0.9642,155.0,185.0,220.0,3068503611,891530272,81779,0,0.0
1789730900.5,0.9622,154.0,184.0,220.0,3068794319,891530272,290708,0,0.0
1789730902.5,0.9617,154.0,184.0,220.0,3069072364,891530272,278045,0,0.0
1789730904.6,0.9677,154.0,188.0,220.0,3069171497,891530272,99133,0,0.0
1789730906.7,0.9687,154.0,187.0,220.0,3069336259,891530272,164762,0,0.0
1789730908.7,0.9674,153.0,186.0,220.0,3069444694,891530272,108435,0,0.0
1789730910.8,0.9747,153.0,187.0,220.0,3069510500,891530272,65806,0,0.0
1789730912.9,0.9675,153.0,187.0,220.0,3069828566,891530288,318066,16,0.0001
1789730915.0,0.9707,153.0,187.0,220.0,3069969835,891530288,141269,0,0.0
1789730917.1,0.9844,153.0,190.0,220.0,3070031306,891530288,61471,0,0.0
1789730919.2,0.9422,152.0,186.0,220.0,3070287602,891530288,256296,0,0.0
1789730921.2,0.9715,156.0,187.0,220.0,3070515439,891530288,227837,0,0.0
1789730923.3,0.9808,156.0,185.0,220.0,3070667271,891530288,151832,0,0.0
1789730925.4,0.9655,156.0,185.0,220.0,3070819764,891530288,152493,0,0.0
1789730927.5,0.9557,155.0,185.0,220.0,3071042355,891530288,222591,0,0.0
1789730929.6,0.9612,155.0,186.0,220.0,3071182563,891530288,140208,0,0.0
1789730931.6,0.9799,157.0,186.0,220.0,3071408299,891530288,225736,0,0.0
1789730933.7,0.9703,155.0,187.0,220.0,3071588242,891530288,179943,0,0.0
1789730935.8,0.9541,154.0,185.0,220.0,3071840764,891530304,252522,16,0.0001
1789730937.9,0.9551,154.0,185.0,220.0,3071998073,891530320,157309,16,0.0001
1789730939.9,0.9618,156.0,184.0,220.0,3072237430,891530336,239357,16,0.0001
1789730942.0,0.9524,154.0,186.0,220.0,3072551415,891530336,313985,0,0.0
1789730944.1,0.9644,155.0,186.0,220.0,3072701379,891530336,149964,0,0.0
1789730946.2,0.9578,155.0,186.0,220.0,3072898069,891530352,196690,16,0.0001
1789730948.2,0.9531,154.0,184.0,220.0,3073006066,891530352,107997,0,0.0
1789730950.3,0.9666,156.0,185.0,220.0,3073256002,891530368,249936,16,0.0001
1789730952.4,0.9794,157.0,184.0,220.0,3073350727,891530368,94725,0,0.0
1789730954.5,0.9717,156.0,182.0,220.0,3073464926,891530368,114199,0,0.0
1789730956.5,0.9602,155.0,183.0,220.0,3073768372,891530368,303446,0,0.0
1789730958.7,0.9664,155.0,183.0,220.0,3073847582,891530368,79210,0,0.0
1789730960.8,0.9486,153.0,182.0,220.0,3074023509,891530368,175927,0,0.0
1789730962.8,0.9651,156.0,184.0,220.0,3074220601,891530368,197092,0,0.0
1789730964.9,0.9641,156.0,184.0,220.0,3074451076,891530368,230475,0,0.0
1789730967.0,0.9741,155.0,187.0,220.0,3074554688,891530368,103612,0,0.0
1789730969.1,0.973,153.0,190.0,220.0,3074694931,891530368,140243,0,0.0
1789730971.1,0.9784,154.0,190.0,220.0,3074831122,891530368,136191,0,0.0
1789730973.2,0.9907,155.0,188.0,221.0,3075008990,891530368,177868,0,0.0
1789730975.3,0.9831,154.0,188.0,221.0,3075186434,891530368,177444,0,0.0
1789730977.4,0.9786,153.0,190.0,221.0,3075393621,891530384,207187,16,0.0001
1789730979.4,0.9786,154.0,189.0,221.0,3075460599,891530400,66978,16,0.0002
1789730981.5,0.9858,155.0,189.0,221.0,3075625523,891530400,164924,0,0.0
1789730983.6,0.9806,154.0,189.0,221.0,3075810259,891530400,184736,0,0.0
1789730985.7,0.979,154.0,187.0,222.0,3076018499,891530416,208240,16,0.0001
1789730987.7,0.9901,154.0,188.0,222.0,3076116113,891530416,97614,0,0.0
1789730989.8,0.9716,153.0,186.0,222.0,3076398534,891530432,282421,16,0.0001
1789730991.9,0.9794,153.0,188.0,222.0,3076462752,891530432,64218,0,0.0
1789730994.0,0.9693,151.0,186.0,222.0,3076720547,891530448,257795,16,0.0001
1789730996.1,0.976,151.0,191.0,222.0,3076913521,891530464,192974,16,0.0001
1789730998.1,0.9698,151.0,189.0,222.0,3077098904,891530464,185383,0,0.0
1789731000.2,0.9667,149.0,194.0,222.0,3077283297,891530464,184393,0,0.0
1789731002.3,0.9703,150.0,194.0,222.0,3077490522,891530480,207225,16,0.0001
1789731004.4,0.9629,147.0,193.0,222.0,3077610349,891530480,119827,0,0.0
1789731006.5,0.9641,147.0,195.0,222.0,3077904154,891530480,293805,0,0.0
1789731008.5,0.9669,146.0,196.0,222.0,3078019399,891530480,115245,0,0.0
1789731010.6,0.9766,147.0,198.0,222.0,3078234856,891530496,215457,16,0.0001
1789731012.7,0.9746,146.0,197.0,222.0,3078474593,891530512,239737,16,0.0001
1789731014.8,0.9812,145.0,198.0,222.0,3078518645,891530528,44052,16,0.0004
1789731016.8,0.9777,145.0,197.0,222.0,3078696104,891530528,177459,0,0.0
1789731018.9,0.9699,143.0,200.0,222.0,3078929173,891530544,233069,16,0.0001
1789731021.0,0.9694,143.0,199.0,222.0,3079113970,891530544,184797,0,0.0
1789731023.1,0.9744,145.0,196.0,222.0,3079326677,891530560,212707,16,0.0001
1789731025.2,0.965,143.0,198.0,222.0,3079485444,891530560,158767,0,0.0
1789731027.2,0.9429,141.0,203.0,222.0,3079657797,891530560,172353,0,0.0
1789731029.3,0.95,141.0,202.0,222.0,3079849719,891530560,191922,0,0.0
1789731031.4,0.9616,143.0,199.0,222.0,3080187782,891530560,338063,0,0.0
1789731033.5,0.9802,146.0,199.0,222.0,3080391476,891530576,203694,16,0.0001
1789731035.5,0.9655,143.0,200.0,222.0,3080487609,891530576,96133,0,0.0
1789731037.6,0.9614,144.0,198.0,222.0,3080786760,891530576,299151,0,0.0
1789731039.7,0.9631,144.0,199.0,222.0,3080882033,891530576,95273,0,0.0
1789731041.7,0.9585,143.0,200.0,222.0,3080983149,891530576,101116,0,0.0
1789731043.8,0.9581,142.0,201.0,222.0,3081217383,891530592,234234,16,0.0001
1789731045.9,0.9539,141.0,202.0,222.0,3081393045,891530592,175662,0,0.0
1789731048.0,0.9724,142.0,203.0,222.0,3081432374,891530592,39329,0,0.0
1789731050.0,0.9679,141.0,203.0,222.0,3081571051,891530592,138677,0,0.0
1789731052.1,0.9702,141.0,202.0,222.0,3081650698,891530592,79647,0,0.0
1789731054.2,0.9303,136.0,205.0,222.0,3082030440,891530592,379742,0,0.0
1789731056.3,0.9437,135.0,206.0,222.0,3082070199,891530592,39759,0,0.0
1789731058.4,0.9622,137.0,206.0,222.0,3082185717,891530608,115518,16,0.0001
1789731060.4,0.9563,137.0,205.0,222.0,3082420261,891530608,234544,0,0.0
1789731062.5,0.9717,138.0,205.0,222.0,3082589167,891530608,168906,0,0.0
1789731064.6,0.9637,139.0,203.0,222.0,3082851163,891530608,261996,0,0.0
1789731066.7,0.9743,139.0,204.0,222.0,3082905745,891530608,54582,0,0.0
1789731068.7,0.9677,138.0,205.0,222.0,3083103251,891530608,197506,0,0.0
1789731070.8,0.9649,139.0,204.0,222.0,3083255801,891530608,152550,0,0.0
1789731072.9,0.9643,140.0,202.0,222.0,3083412861,891530608,157060,0,0.0
1789731075.0,0.9644,139.0,206.0,222.0,3083605641,891530608,192780,0,0.0
1789731077.0,0.9409,136.0,206.0,222.0,3083775029,891530608,169388,0,0.0
1789731079.1,0.9588,137.0,208.0,222.0,3083842207,891530608,67178,0,0.0
1789731081.2,0.9656,140.0,203.0,222.0,3084181200,891530608,338993,0,0.0
1789731083.3,0.9744,140.0,203.0,222.0,3084280895,891530608,99695,0,0.0
1789731085.4,0.9836,141.0,204.0,222.0,3084452623,891530608,171728,0,0.0
1789731087.4,0.9719,140.0,204.0,222.0,3084533021,891530608,80398,0,0.0
1789731089.5,0.946,139.0,202.0,222.0,3084835668,891530624,302647,16,0.0001
1789731091.6,0.9386,136.0,205.0,222.0,3084975880,891530624,140212,0,0.0
1789731093.7,0.9352,135.0,208.0,223.0,3085131338,891530624,155458,0,0.0
1789731095.7,0.9576,139.0,207.0,223.0,3085349974,891530640,218636,16,0.0001
1789731097.8,0.9541,137.0,205.0,223.0,3085590298,891530656,240324,16,0.0001
1789731099.9,0.9512,135.0,208.0,223.0,3085718685,891530672,128387,16,0.0001
1789731101.9,0.9491,132.0,212.0,223.0,3085807129,891530672,88444,0,0.0
1789731104.0,0.9546,133.0,212.0,223.0,3086070284,891530672,263155,0,0.0
1789731106.1,0.9712,137.0,208.0,223.0,3086329124,891530688,258840,16,0.0001
1789731108.2,0.9829,139.0,205.0,223.0,3086399240,891530688,70116,0,0.0
1789731110.2,0.949,136.0,204.0,223.0,3086655109,891530688,255869,0,0.0
1789731112.3,0.96,139.0,204.0,223.0,3086900012,891530688,244903,0,0.0
1789731114.4,0.9653,141.0,202.0,223.0,3087170394,891530704,270382,16,0.0001
1789731116.5,0.9694,141.0,201.0,223.0,3087274271,891530704,103877,0,0.0
1789731118.5,0.9485,142.0,198.0,223.0,3087571720,891530720,297449,16,0.0001
1789731120.6,0.9535,142.0,201.0,223.0,3087722157,891530720,150437,0,0.0
1789731122.7,0.9668,145.0,198.0,223.0,3087920257,891530720,198100,0,0.0
1789731124.7,0.9625,143.0,198.0,223.0,3088118506,891530720,198249,0,0.0
1789731126.8,0.9755,144.0,199.0,223.0,3088306584,891530720,188078,0,0.0
1789731128.9,0.9738,142.0,203.0,223.0,3088366977,891530720,60393,0,0.0
1789731131.0,0.9767,144.0,201.0,223.0,3088569586,891530720,202609,0,0.0
1789731133.0,0.9835,144.0,200.0,223.0,3088711813,891530720,142227,0,0.0
1789731135.1,0.9794,144.0,202.0,223.0,3088811138,891530720,99325,0,0.0
1789731137.2,0.9672,143.0,199.0,223.0,3089021928,891530720,210790,0,0.0
1789731139.2,0.9788,144.0,203.0,223.0,3089180985,891530720,159057,0,0.0
1789731141.3,0.9698,143.0,205.0,223.0,3089355345,891530720,174360,0,0.0
1789731143.4,0.9774,146.0,202.0,223.0,3089506382,891530720,151037,0,0.0
1789731145.5,0.9621,145.0,201.0,223.0,3089616708,891530720,110326,0,0.0
1789731147.5,0.9756,146.0,202.0,224.0,3089805254,891530720,188546,0,0.0
1789731149.6,0.9628,145.0,202.0,224.0,3089987618,891530736,182364,16,0.0001
1789731151.7,0.9602,143.0,202.0,224.0,3090132995,891530736,145377,0,0.0
1789731153.8,0.9614,145.0,202.0,224.0,3090380932,891530752,247937,16,0.0001
1789731155.8,0.9719,148.0,199.0,224.0,3090536684,891530752,155752,0,0.0
1789731157.9,0.9705,150.0,199.0,224.0,3090796225,891530768,259541,16,0.0001
1789731160.0,0.9847,150.0,199.0,224.0,3090840507,891530784,44282,16,0.0004
1789731162.1,0.9817,148.0,200.0,224.0,3090993584,891530784,153077,0,0.0
1789731164.1,0.9429,144.0,201.0,224.0,3091191640,891530800,198056,16,0.0001
1789731166.2,0.9528,146.0,202.0,224.0,3091454454,891530800,262814,0,0.0
1789731168.3,0.9729,147.0,203.0,224.0,3091495816,891530800,41362,0,0.0
1789731170.4,0.9702,147.0,202.0,224.0,3091781715,891530800,285899,0,0.0
1789731172.4,0.9841,147.0,203.0,224.0,3091823473,891530800,41758,0,0.0
1789731174.5,0.9619,146.0,202.0,224.0,3092190786,891530800,367313,0,0.0
1789731176.6,0.9523,143.0,204.0,224.0,3092291709,891530800,100923,0,0.0
1789731178.7,0.9663,146.0,204.0,224.0,3092545142,891530800,253433,0,0.0
1789731180.8,0.9845,147.0,203.0,224.0,3092646417,891530800,101275,0,0.0
1789731182.8,0.9682,147.0,201.0,224.0,3092931553,891530800,285136,0,0.0
1789731184.9,0.9722,147.0,203.0,224.0,3093053286,891530800,121733,0,0.0
1789731187.0,0.9787,146.0,202.0,224.0,3093121339,891530800,68053,0,0.0
1789731189.0,0.9754,145.0,202.0,224.0,3093296310,891530800,174971,0,0.0
1789731191.1,0.9487,144.0,202.0,224.0,3093584295,891530816,287985,16,0.0001
1789731193.3,0.9143,141.0,205.0,224.0,3093913274,891530816,328979,0,0.0
1789731195.3,0.9214,141.0,205.0,224.0,3094122109,891530832,208835,16,0.0001
1789731197.4,0.9397,143.0,206.0,224.0,3094187027,891530832,64918,0,0.0
1789731199.5,0.9562,145.0,205.0,224.0,3094252573,891530832,65546,0,0.0
1789731201.6,0.9647,144.0,204.0,224.0,3094381112,891530832,128539,0,0.0
1789731203.7,0.9732,146.0,203.0,224.0,3094688005,891530848,306893,16,0.0001
1789731205.8,0.9848,148.0,202.0,225.0,3094813842,891530864,125837,16,0.0001
1789731207.9,0.9937,149.0,199.0,225.0,3094989752,891530896,175910,32,0.0002
1789731210.0,0.9593,144.0,200.0,225.0,3095200827,891530912,211075,16,0.0001
1789731212.1,0.9483,143.0,204.0,225.0,3095533718,891530928,332891,16,0.0
1789731214.1,0.9496,141.0,205.0,225.0,3095585352,891530928,51634,0,0.0
1789731216.2,0.9631,143.0,205.0,225.0,3095742784,891530928,157432,0,0.0
1789731218.3,0.9705,143.0,205.0,225.0,3095978022,891530928,235238,0,0.0
1789731220.4,0.9584,139.0,208.0,225.0,3096037610,891530944,59588,16,0.0003
1789731222.4,0.9665,142.0,206.0,225.0,3096313691,891530944,276081,0,0.0
1789731224.5,0.984,143.0,205.0,225.0,3096413637,891530944,99946,0,0.0
1789731226.6,0.9825,142.0,205.0,225.0,3096563744,891530960,150107,16,0.0001
1789731228.7,0.9598,140.0,204.0,225.0,3096846707,891530960,282963,0,0.0
1789731230.8,0.9593,137.0,210.0,226.0,3097016675,891530960,169968,0,0.0
1789731232.9,0.9684,138.0,210.0,226.0,3097179187,891530960,162512,0,0.0
1789731234.9,0.9616,137.0,210.0,226.0,3097338694,891530960,159507,0,0.0
1789731237.0,0.9699,137.0,212.0,226.0,3097452087,891530960,113393,0,0.0
1789731239.1,0.9831,138.0,213.0,226.0,3097500155,891530960,48068,0,0.0
1789731241.2,0.9424,133.0,212.0,226.0,3097926262,891530960,426107,0,0.0
1789731243.2,0.953,133.0,212.0,226.0,3098055467,891530976,129205,16,0.0001
1789731245.3,0.959,137.0,209.0,226.0,3098214355,891530976,158888,0,0.0
1789731247.4,0.9711,137.0,211.0,226.0,3098367054,891530976,152699,0,0.0
1789731249.4,0.9728,135.0,213.0,226.0,3098425616,891530976,58562,0,0.0
1789731251.5,0.966,134.0,213.0,226.0,3098580119,891530976,154503,0,0.0
1789731253.6,0.9793,135.0,212.0,226.0,3098815765,891530976,235646,0,0.0
1789731255.7,0.9826,134.0,215.0,226.0,3098815765,891530976,0,0,
1789731257.7,0.9778,132.0,218.0,226.0,3098883339,891530976,67574,0,0.0
1789731259.8,0.9788,133.0,216.0,226.0,3099105439,891530976,222100,0,0.0
1789731261.9,0.974,132.0,217.0,226.0,3099197790,891530976,92351,0,0.0
1789731264.0,0.9809,134.0,213.0,226.0,3099426117,891530992,228327,16,0.0001
1789731266.0,0.9592,131.0,215.0,227.0,3099521211,891530992,95094,0,0.0
1789731268.1,0.9795,135.0,213.0,227.0,3099730871,891530992,209660,0,0.0
1789731270.2,0.9627,136.0,207.0,227.0,3099892858,891531008,161987,16,0.0001
1789731272.3,0.9777,138.0,207.0,227.0,3100097226,891531024,204368,16,0.0001
1789731274.4,0.9834,138.0,207.0,227.0,3100241242,891531024,144016,0,0.0
1789731276.5,0.9719,136.0,210.0,227.0,3100413659,891531040,172417,16,0.0001
1789731278.5,0.9682,136.0,210.0,227.0,3100592186,891531040,178527,0,0.0
1789731280.6,0.981,138.0,209.0,227.0,3100738478,891542560,146292,11520,0.0787
1789731282.7,0.973,137.0,209.0,227.0,3100824247,891542560,85769,0,0.0
1789731284.8,0.9754,136.0,212.0,227.0,3100902488,891542560,78241,0,0.0
1789731286.8,0.9689,136.0,210.0,227.0,3101212153,891542560,309665,0,0.0
1789731288.9,0.9844,140.0,206.0,227.0,3101417702,891562192,205549,19632,0.0955
1789731291.0,0.9866,139.0,206.0,227.0,3101490463,891562192,72761,0,0.0
1789731293.1,0.974,138.0,205.0,227.0,3101688669,891562192,198206,0,0.0
1789731295.2,0.9794,137.0,209.0,227.0,3101734628,891562208,45959,16,0.0003
1789731297.2,0.9775,137.0,211.0,227.0,3101913071,891562208,178443,0,0.0
1789731299.3,0.9563,136.0,209.0,227.0,3102127787,891562208,214716,0,0.0
1789731301.4,0.9558,135.0,210.0,227.0,3102264532,891562208,136745,0,0.0
1789731303.4,0.9593,134.0,212.0,227.0,3102466576,891562208,202044,0,0.0
1789731305.5,0.9684,135.0,211.0,227.0,3102645067,891562208,178491,0,0.0
1789731307.6,0.9726,134.0,212.0,227.0,3102712428,891562208,67361,0,0.0
1789731309.6,0.9729,134.0,212.0,227.0,3102895296,891562208,182868,0,0.0
1789731311.7,0.9817,136.0,211.0,227.0,3103024569,891562208,129273,0,0.0
1789731313.8,0.9798,136.0,210.0,227.0,3103196499,891562208,171930,0,0.0
1789731315.9,0.9579,134.0,207.0,227.0,3103453016,891562208,256517,0,0.0
1789731318.0,0.9528,133.0,210.0,227.0,3103706862,891562208,253846,0,0.0
1789731320.0,0.9598,133.0,211.0,227.0,3103823444,891562208,116582,0,0.0
1789731322.1,0.9486,130.0,212.0,227.0,3103905837,891562208,82393,0,0.0
1789731324.2,0.951,129.0,213.0,227.0,3104014100,891562208,108263,0,0.0
1789731326.2,0.958,132.0,211.0,227.0,3104307464,891562224,293364,16,0.0001
1789731328.3,0.958,131.0,211.0,227.0,3104411049,891562224,103585,0,0.0
1789731330.4,0.9685,133.0,214.0,227.0,3104639661,891562224,228612,0,0.0
1789731332.5,0.9667,133.0,213.0,227.0,3104871942,891562224,232281,0,0.0
1789731334.6,0.9716,133.0,211.0,227.0,3105069644,891562224,197702,0,0.0
1789731336.6,0.9695,133.0,212.0,228.0,3105180828,891562224,111184,0,0.0
1789731338.7,0.9685,134.0,210.0,228.0,3105424147,891562224,243319,0,0.0
1789731340.8,0.973,132.0,213.0,228.0,3105424147,891562224,0,0,
1789731342.9,0.9593,131.0,212.0,228.0,3105782667,891562224,358520,0,0.0
1789731344.9,0.9654,130.0,214.0,228.0,3105876356,891562224,93689,0,0.0
1789731347.0,0.972,129.0,215.0,228.0,3105918215,891562224,41859,0,0.0
1789731349.1,0.9443,129.0,214.0,228.0,3106163780,891562240,245565,16,0.0001
1789731351.2,0.9481,130.0,214.0,228.0,3106251645,891562240,87865,0,0.0
1789731353.2,0.953,131.0,213.0,228.0,3106330233,891562240,78588,0,0.0
1789731355.3,0.9683,135.0,209.0,228.0,3106631421,891562240,301188,0,0.0
1789731357.4,0.9661,133.0,209.0,228.0,3106754958,891562256,123537,16,0.0001
1789731359.5,0.9642,134.0,207.0,228.0,3107003590,891562272,248632,16,0.0001
1789731361.5,0.9498,134.0,207.0,228.0,3107226131,891562272,222541,0,0.0
1789731363.6,0.9574,133.0,209.0,228.0,3107295423,891562272,69292,0,0.0
1789731365.7,0.9629,135.0,208.0,228.0,3107496913,891562272,201490,0,0.0
1789731367.8,0.9534,135.0,204.0,228.0,3107787177,891562288,290264,16,0.0001
1789731369.8,0.9664,135.0,205.0,228.0,3107844182,891562304,57005,16,0.0003
1789731371.9,0.9741,138.0,202.0,228.0,3108084447,891562304,240265,0,0.0
1789731374.0,0.9641,137.0,204.0,228.0,3108265374,891562304,180927,0,0.0
1789731376.0,0.9732,140.0,203.0,228.0,3108539196,891562320,273822,16,0.0001
1789731378.1,0.9744,139.0,202.0,228.0,3108693611,891562320,154415,0,0.0
1789731380.2,0.9575,136.0,201.0,228.0,3108869821,891562320,176210,0,0.0
1789731382.3,0.962,136.0,204.0,228.0,3108964530,891562320,94709,0,0.0
1789731384.3,0.9558,135.0,202.0,228.0,3109123040,891562336,158510,16,0.0001
1789731386.4,0.9546,137.0,202.0,228.0,3109492657,891562336,369617,0,0.0
1789731388.5,0.9624,136.0,202.0,228.0,3109598791,891562336,106134,0,0.0
1789731390.6,0.9699,136.0,204.0,228.0,3109823076,891562336,224285,0,0.0
1789731392.6,0.965,133.0,206.0,228.0,3109956713,891562336,133637,0,0.0
1789731394.7,0.9727,134.0,206.0,228.0,3110041682,891562336,84969,0,0.0
1789731396.8,0.959,134.0,205.0,228.0,3110327446,891562336,285764,0,0.0
1789731398.9,0.9783,135.0,205.0,228.0,3110467366,891562336,139920,0,0.0
1789731401.0,0.97,134.0,206.0,228.0,3110624634,891562336,157268,0,0.0
1789731403.1,0.9584,134.0,205.0,228.0,3110912298,891562352,287664,16,0.0001
1789731405.2,0.9702,135.0,207.0,228.0,3111014824,891562352,102526,0,0.0
1789731407.2,0.9797,136.0,206.0,228.0,3111221927,891562352,207103,0,0.0
1789731409.3,0.9852,137.0,206.0,228.0,3111300974,891562352,79047,0,0.0
1789731411.4,0.9826,136.0,207.0,228.0,3111434662,891562352,133688,0,0.0
1789731413.5,0.9546,135.0,209.0,228.0,3111694187,891562384,259525,32,0.0001
1789731415.6,0.9621,136.0,207.0,228.0,3111860414,891562384,166227,0,0.0
1789731417.7,0.9475,134.0,206.0,228.0,3112134694,891562384,274280,0,0.0
1789731419.7,0.9634,135.0,207.0,228.0,3112217917,891562384,83223,0,0.0
1789731421.8,0.9671,135.0,206.0,228.0,3112375358,891562384,157441,0,0.0
1789731423.9,0.9719,136.0,206.0,228.0,3112522381,891562384,147023,0,0.0
1789731426.0,0.9514,133.0,206.0,228.0,3112665803,891562384,143422,0,0.0
1789731428.0,0.9507,135.0,207.0,228.0,3112849502,891562384,183699,0,0.0
1789731430.1,0.9683,136.0,206.0,228.0,3112970282,891562384,120780,0,0.0
1789731432.3,0.9606,135.0,207.0,228.0,3113101232,891562384,130950,0,0.0
1789731434.3,0.9609,133.0,209.0,228.0,3113303269,891562384,202037,0,0.0
1789731436.4,0.9571,134.0,209.0,228.0,3113445133,891562384,141864,0,0.0
1789731438.5,0.9618,134.0,208.0,228.0,3113580424,891562400,135291,16,0.0001
1789731440.6,0.9769,135.0,207.0,228.0,3113833150,891562400,252726,0,0.0
1789731442.6,0.9651,133.0,207.0,228.0,3113945301,891562400,112151,0,0.0
1789731444.7,0.9777,134.0,209.0,228.0,3114007235,891562400,61934,0,0.0
1789731446.8,0.969,131.0,210.0,228.0,3114080547,891562400,73312,0,0.0
1789731448.8,0.9719,133.0,206.0,228.0,3114327846,891562400,247299,0,0.0
1789731450.9,0.9666,132.0,207.0,228.0,3114452616,891562400,124770,0,0.0
1789731453.0,0.9513,131.0,209.0,228.0,3114662594,891562400,209978,0,0.0
1789731455.1,0.9558,131.0,210.0,228.0,3114735162,891573920,72568,11520,0.1587
1789731457.2,0.9507,132.0,209.0,228.0,3115094182,891573936,359020,16,0.0
1789731459.3,0.9566,132.0,211.0,228.0,3115218482,891573936,124300,0,0.0
1789731461.3,0.9729,132.0,211.0,228.0,3115299013,891573936,80531,0,0.0
1789731463.4,0.9709,133.0,209.0,228.0,3115500598,891573952,201585,16,0.0001
1789731465.5,0.9699,131.0,210.0,228.0,3115594407,891573952,93809,0,0.0
1789731467.6,0.9665,131.0,210.0,228.0,3115718128,891573952,123721,0,0.0
1789731469.6,0.972,131.0,212.0,228.0,3115952290,891573968,234162,16,0.0001
1789731471.7,0.98,131.0,211.0,228.0,3116021175,891573984,68885,16,0.0002
1789731473.8,0.9584,127.0,214.0,228.0,3116221722,891573984,200547,0,0.0
1789731475.9,0.9561,127.0,213.0,228.0,3116395575,891573984,173853,0,0.0
1789731477.9,0.9662,127.0,215.0,228.0,3116494031,891573984,98456,0,0.0
1789731480.0,0.9631,128.0,214.0,228.0,3116778340,891573984,284309,0,0.0
1789731482.1,0.9651,127.0,215.0,228.0,3116863579,891573984,85239,0,0.0
1789731484.2,0.9583,125.0,215.0,228.0,3116952442,891573984,88863,0,0.0
1789731486.2,0.9561,125.0,213.0,228.0,3117270139,891593616,317697,19632,0.0618
1789731488.3,0.952,124.0,215.0,229.0,3117335870,891593616,65731,0,0.0
1789731490.4,0.9489,123.0,216.0,229.0,3117456209,891593616,120339,0,0.0
1789731492.5,0.9495,125.0,216.0,229.0,3117594795,891593616,138586,0,0.0
1789731494.5,0.9677,126.0,217.0,229.0,3117721106,891593616,126311,0,0.0
1789731496.6,0.9539,124.0,218.0,229.0,3117779137,891593616,58031,0,0.0
1789731498.7,0.947,123.0,218.0,229.0,3117938601,891593616,159464,0,0.0
1789731500.8,0.9552,125.0,217.0,229.0,3118066021,891593616,127420,0,0.0
1789731502.8,0.9489,123.0,215.0,229.0,3118187694,891593616,121673,0,0.0
1789731504.9,0.9574,123.0,217.0,229.0,3118332134,891593616,144440,0,0.0
1789731507.0,0.9665,124.0,215.0,229.0,3118567142,891593632,235008,16,0.0001
1789731509.1,0.9749,125.0,217.0,230.0,3118648512,891593632,81370,0,0.0
1789731511.1,0.9601,124.0,216.0,230.0,3118918102,891593632,269590,0,0.0
1789731513.2,0.9738,125.0,217.0,230.0,3118976026,891593648,57924,16,0.0003
1789731515.3,0.9683,125.0,217.0,230.0,3119114973,891593648,138947,0,0.0
1789731517.4,0.9597,124.0,216.0,230.0,3119370890,891593664,255917,16,0.0001
1789731519.4,0.9707,126.0,214.0,230.0,3119491712,891593664,120822,0,0.0
1789731521.5,0.9789,126.0,215.0,230.0,3119555629,891593664,63917,0,0.0
1789731523.6,0.9849,126.0,216.0,230.0,3119613302,891593664,57673,0,0.0
1789731525.7,0.9762,125.0,217.0,230.0,3119787679,891593664,174377,0,0.0
1789731527.8,0.9859,126.0,216.0,230.0,3119808558,891593664,20879,0,0.0
1789731529.8,0.9738,124.0,215.0,230.0,3119966096,891593664,157538,0,0.0
1789731531.9,0.9616,124.0,215.0,230.0,3120274476,891593664,308380,0,0.0
1789731534.0,0.9714,124.0,216.0,230.0,3120315506,891593664,41030,0,0.0
1789731536.1,0.9537,123.0,216.0,230.0,3120542845,891593680,227339,16,0.0001
1789731538.1,0.9628,123.0,217.0,231.0,3120611101,891593680,68256,0,0.0
1789731540.2,0.9723,125.0,217.0,231.0,3120816001,891593680,204900,0,0.0
1789731542.3,0.9739,126.0,214.0,231.0,3120991608,891593712,175607,32,0.0002
1789731544.4,0.9702,124.0,218.0,231.0,3121058658,891593712,67050,0,0.0
1789731546.4,0.9559,123.0,215.0,231.0,3121377256,891593712,318598,0,0.0
1789731548.5,0.9662,124.0,215.0,231.0,3121462526,891593712,85270,0,0.0
1789731550.6,0.9892,128.0,213.0,231.0,3121635518,891593712,172992,0,0.0
1789731552.7,0.9737,127.0,212.0,231.0,3121841283,891593712,205765,0,0.0
1789731554.7,0.9752,127.0,214.0,231.0,3121965721,891593712,124438,0,0.0
1789731556.8,0.977,128.0,212.0,231.0,3122105242,891593728,139521,16,0.0001
1789731558.9,0.9728,129.0,211.0,231.0,3122285398,891593744,180156,16,0.0001
1789731561.0,0.978,130.0,211.0,231.0,3122516090,891593760,230692,16,0.0001
1789731563.1,0.9736,129.0,213.0,231.0,3122636451,891593760,120361,0,0.0
1789731565.2,0.9701,129.0,211.0,231.0,3122833769,891593760,197318,0,0.0
1789731567.2,0.9803,130.0,210.0,231.0,3123049368,891593760,215599,0,0.0
1789731569.3,0.9734,132.0,208.0,231.0,3123281199,891593760,231831,0,0.0
1789731571.4,0.9607,130.0,208.0,231.0,3123392676,891593760,111477,0,0.0
1789731573.4,0.9555,131.0,208.0,231.0,3123578018,891593760,185342,0,0.0
1789731575.5,0.9712,136.0,206.0,231.0,3123862001,891593760,283983,0,0.0
1789731577.6,0.9712,134.0,207.0,231.0,3123906812,891593760,44811,0,0.0
1789731579.7,0.9594,132.0,207.0,231.0,3124199873,891593760,293061,0,0.0
1789731581.7,0.9444,129.0,211.0,231.0,3124358724,891593760,158851,0,0.0
1789731583.8,0.9573,130.0,212.0,231.0,3124466512,891593760,107788,0,0.0
1789731585.9,0.9756,133.0,210.0,231.0,3124679087,891593760,212575,0,0.0
1789731588.0,0.9824,133.0,209.0,231.0,3124763394,891593760,84307,0,0.0
1789731590.0,0.9668,132.0,210.0,231.0,3124972651,891593760,209257,0,0.0
1789731592.1,0.9731,133.0,209.0,231.0,3125169744,891593760,197093,0,0.0
1789731594.2,0.9723,133.0,209.0,231.0,3125224925,891593760,55181,0,0.0
1789731596.3,0.9637,130.0,211.0,231.0,3125352667,891593776,127742,16,0.0001
1789731598.4,0.9546,130.0,212.0,231.0,3125681087,891593776,328420,0,0.0
1789731600.4,0.9656,128.0,213.0,231.0,3125757911,891593776,76824,0,0.0
1789731602.5,0.9604,126.0,215.0,231.0,3125875407,891593776,117496,0,0.0
1789731604.6,0.9553,127.0,213.0,231.0,3126075757,891593776,200350,0,0.0
1789731606.6,0.9616,127.0,215.0,231.0,3126127598,891593776,51841,0,0.0
1789731608.7,0.9807,130.0,214.0,231.0,3126263486,891593776,135888,0,0.0
1789731610.8,0.9522,129.0,213.0,231.0,3126456758,891593776,193272,0,0.0
1789731612.9,0.9412,130.0,211.0,231.0,3126695256,891593792,238498,16,0.0001
1789731614.9,0.9338,131.0,212.0,231.0,3126896322,891593808,201066,16,0.0001
1789731617.0,0.9361,133.0,207.0,231.0,3127236621,891593808,340299,0,0.0
1789731619.1,0.9527,133.0,208.0,231.0,3127367343,891593808,130722,0,0.0
1789731621.2,0.9645,134.0,209.0,231.0,3127470200,891593808,102857,0,0.0
1789731623.2,0.9634,133.0,210.0,231.0,3127664526,891593808,194326,0,0.0
1789731625.3,0.9686,132.0,211.0,231.0,3127785882,891593808,121356,0,0.0
1789731627.4,0.983,133.0,211.0,231.0,3127958316,891593808,172434,0,0.0
1789731629.4,0.9729,132.0,209.0,231.0,3128089749,891593808,131433,0,0.0
1789731631.5,0.9719,131.0,211.0,231.0,3128294544,891593824,204795,16,0.0001
1789731633.6,0.9759,130.0,213.0,231.0,3128428147,891593824,133603,0,0.0
1789731635.7,0.9699,129.0,213.0,231.0,3128708933,891593824,280786,0,0.0
1789731637.7,0.9741,129.0,214.0,231.0,3128752252,891593824,43319,0,0.0
1789731639.8,0.9502,127.0,214.0,232.0,3128919322,891593824,167070,0,0.0
1789731641.9,0.9641,128.0,215.0,232.0,3129119923,891593824,200601,0,0.0
1789731644.0,0.9568,128.0,215.0,232.0,3129343067,891593824,223144,0,0.0
1789731646.1,0.9665,129.0,215.0,232.0,3129405028,891593824,61961,0,0.0
1789731648.2,0.95,129.0,212.0,232.0,3129636954,891593824,231926,0,0.0
1789731650.2,0.9622,129.0,215.0,232.0,3129701182,891593824,64228,0,0.0
1789731652.3,0.9643,131.0,214.0,232.0,3129904375,891593840,203193,16,0.0001
1789731654.4,0.9505,133.0,212.0,232.0,3130175146,891593856,270771,16,0.0001
1789731656.5,0.9553,132.0,214.0,233.0,3130237273,891593856,62127,0,0.0
1789731658.5,0.9571,134.0,210.0,233.0,3130491455,891593856,254182,0,0.0
1789731660.6,0.9663,136.0,209.0,233.0,3130750301,891593856,258846,0,0.0
1789731662.7,0.9789,136.0,210.0,233.0,3130800719,891593856,50418,0,0.0
1789731664.8,0.9506,134.0,211.0,233.0,3130968903,891593856,168184,0,0.0
1789731666.8,0.964,137.0,208.0,233.0,3131302568,891613504,333665,19648,0.0589
1789731668.9,0.9706,136.0,208.0,233.0,3131341762,891613504,39194,0,0.0
1789731671.0,0.9605,136.0,206.0,233.0,3131623677,891613520,281915,16,0.0001
1789731673.1,0.9764,136.0,207.0,233.0,3131753801,891613520,130124,0,0.0
1789731675.1,0.9697,134.0,207.0,233.0,3131834156,891613520,80355,0,0.0
1789731677.2,0.9626,133.0,207.0,233.0,3132023137,891613536,188981,16,0.0001
1789731679.3,0.9641,132.0,211.0,233.0,3132204754,891613536,181617,0,0.0
1789731681.4,0.9575,131.0,211.0,233.0,3132402627,891613552,197873,16,0.0001
1789731683.4,0.9745,133.0,210.0,233.0,3132540582,891613552,137955,0,0.0
1789731685.5,0.9794,132.0,213.0,233.0,3132611174,891613568,70592,16,0.0002
1789731687.6,0.9626,130.0,215.0,233.0,3132741496,891613568,130322,0,0.0
1789731689.7,0.945,129.0,215.0,233.0,3132930397,891613568,188901,0,0.0
1789731691.8,0.9486,130.0,214.0,233.0,3133175362,891613568,244965,0,0.0
1789731693.9,0.9606,132.0,213.0,233.0,3133427008,891637360,251646,23792,0.0945
1789731695.9,0.9591,131.0,214.0,233.0,3133591575,891637360,164567,0,0.0
1789731698.0,0.9598,131.0,212.0,233.0,3133849125,891637376,257550,16,0.0001
1789731700.1,0.9735,132.0,214.0,233.0,3134026334,891637392,177209,16,0.0001
1789731702.1,0.9806,133.0,211.0,233.0,3134167844,891637392,141510,0,0.0
1789731704.2,0.9735,132.0,211.0,233.0,3134431426,891637392,263582,0,0.0
1789731706.3,0.9725,131.0,213.0,234.0,3134554215,891637392,122789,0,0.0
1789731708.4,0.9727,131.0,212.0,234.0,3134713449,891637408,159234,16,0.0001
1789731710.4,0.9604,130.0,213.0,234.0,3134929162,891637408,215713,0,0.0
1789731712.5,0.972,131.0,214.0,234.0,3135042011,891637424,112849,16,0.0001
1789731714.6,0.9693,131.0,212.0,234.0,3135162812,891637424,120801,0,0.0
1789731716.7,0.9706,132.0,212.0,234.0,3135378083,891637424,215271,0,0.0
1789731718.7,0.978,132.0,213.0,234.0,3135542331,891637424,164248,0,0.0
1789731720.8,0.9656,131.0,212.0,234.0,3135727449,891637424,185118,0,0.0
1789731722.9,0.9795,130.0,213.0,234.0,3135834459,891637440,107010,16,0.0001
1789731725.0,0.9634,128.0,214.0,234.0,3135939414,891637456,104955,16,0.0002
1789731727.0,0.9627,128.0,217.0,234.0,3136278699,891637456,339285,0,0.0
1789731729.1,0.9586,128.0,217.0,234.0,3136469253,891637456,190554,0,0.0
1789731731.2,0.962,127.0,217.0,234.0,3136556596,891637456,87343,0,0.0
1789731733.3,0.9653,127.0,217.0,234.0,3136734820,891637456,178224,0,0.0
1789731735.3,0.9616,127.0,218.0,234.0,3136988426,891637456,253606,0,0.0
1789731737.4,0.9768,127.0,220.0,234.0,3137034288,891637456,45862,0,0.0
1789731739.5,0.9865,128.0,219.0,234.0,3137216443,891637472,182155,16,0.0001
1789731741.6,0.9685,127.0,217.0,234.0,3137467705,891637488,251262,16,0.0001
1789731743.6,0.978,127.0,217.0,234.0,3137504505,891637488,36800,0,0.0
1789731745.7,0.9839,128.0,216.0,234.0,3137614767,891637488,110262,0,0.0
1789731747.8,0.9712,128.0,217.0,234.0,3137812721,891637488,197954,0,0.0
1789731749.9,0.9377,123.0,219.0,234.0,3137881178,891637504,68457,16,0.0002
1789731751.9,0.941,125.0,220.0,234.0,3138315495,891637504,434317,0,0.0
1789731754.0,0.963,126.0,219.0,234.0,3138374859,891637504,59364,0,0.0
1789731756.1,0.9732,126.0,218.0,234.0,3138429535,891637504,54676,0,0.0
1789731758.2,0.9536,125.0,218.0,234.0,3138585153,891637504,155618,0,0.0
1789731760.3,0.9577,125.0,220.0,234.0,3138819904,891637504,234751,0,0.0
1789731762.3,0.9699,126.0,218.0,234.0,3138928992,891637504,109088,0,0.0
1789731764.4,0.965,124.0,219.0,234.0,3139037957,891637504,108965,0,0.0
1789731766.5,0.9484,122.0,222.0,234.0,3139217923,891637504,179966,0,0.0
1789731768.6,0.928,120.0,222.0,234.0,3139329822,891637504,111899,0,0.0
1789731770.6,0.9498,124.0,222.0,234.0,3139508597,891637504,178775,0,0.0
1789731772.7,0.9375,123.0,220.0,234.0,3139716680,891637504,208083,0,0.0
1789731774.8,0.9561,127.0,217.0,234.0,3139927726,891637504,211046,0,0.0
1789731776.9,0.9468,124.0,216.0,234.0,3140020281,891637504,92555,0,0.0
1789731778.9,0.955,126.0,216.0,234.0,3140336332,891637520,316051,16,0.0001
1789731781.0,0.9512,126.0,215.0,234.0,3140556010,891637520,219678,0,0.0
1789731783.1,0.9552,125.0,216.0,234.0,3140601966,891637520,45956,0,0.0
1789731785.2,0.9588,126.0,216.0,234.0,3140835283,891637520,233317,0,0.0
1789731787.3,0.9622,126.0,216.0,234.0,3140897501,891637520,62218,0,0.0
1789731789.3,0.966,125.0,218.0,234.0,3140941413,891637520,43912,0,0.0
1789731791.4,0.9626,124.0,218.0,234.0,3141221943,891637520,280530,0,0.0
1789731793.5,0.9654,124.0,219.0,234.0,3141478822,891637536,256879,16,0.0001
1789731795.6,0.9795,124.0,220.0,234.0,3141588891,891637536,110069,0,0.0
1789731797.6,0.9748,125.0,216.0,234.0,3141787031,891637536,198140,0,0.0
1789731799.7,0.9673,123.0,220.0,234.0,3141803855,891637536,16824,0,0.0
1789731801.8,0.9607,122.0,220.0,234.0,3142145605,891637552,341750,16,0.0
1789731803.8,0.9704,122.0,219.0,234.0,3142258425,891637552,112820,0,0.0
1789731805.9,0.9668,123.0,220.0,234.0,3142387680,891637552,129255,0,0.0
1789731808.0,0.9609,122.0,220.0,235.0,3142509539,891637552,121859,0,0.0
1789731810.1,0.9566,120.0,224.0,235.0,3142697041,891637552,187502,0,0.0
1789731812.1,0.9536,120.0,225.0,235.0,3142740619,891637552,43578,0,0.0
1789731814.2,0.9602,122.0,222.0,235.0,3142927425,891637568,186806,16,0.0001
1789731816.3,0.9655,122.0,221.0,235.0,3142978079,891637568,50654,0,0.0
1789731818.4,0.9635,121.0,221.0,235.0,3143022157,891637568,44078,0,0.0
1789731820.4,0.9653,121.0,223.0,235.0,3143118659,891637568,96502,0,0.0
1789731822.5,0.9657,122.0,220.0,235.0,3143302937,891637568,184278,0,0.0
1789731824.6,0.9618,123.0,218.0,235.0,3143462827,891637568,159890,0,0.0
1789731826.6,0.9705,124.0,220.0,235.0,3143619840,891637568,157013,0,0.0
1789731828.7,0.981,122.0,221.0,235.0,3143685239,891637568,65399,0,0.0
1789731830.8,0.965,120.0,222.0,236.0,3143864379,891637584,179140,16,0.0001
1789731832.9,0.9671,119.0,224.0,236.0,3143956141,891637584,91762,0,0.0
1789731834.9,0.9759,119.0,224.0,237.0,3144046850,891637584,90709,0,0.0
1789731837.0,0.9635,118.0,223.0,237.0,3144182132,891637584,135282,0,0.0
1789731839.1,0.9749,119.0,224.0,237.0,3144338676,891637584,156544,0,0.0
1789731841.2,0.9624,118.0,227.0,237.0,3144716973,891637584,378297,0,0.0
1789731843.3,0.9664,118.0,226.0,237.0,3144794664,891637584,77691,0,0.0
1789731845.3,0.976,118.0,226.0,237.0,3144848209,891637584,53545,0,0.0
1789731847.4,0.968,117.0,225.0,237.0,3144891257,891637584,43048,0,0.0
1789731849.5,0.9506,117.0,226.0,237.0,3145021567,891637584,130310,0,0.0
1789731851.5,0.9607,119.0,224.0,237.0,3145199912,891637584,178345,0,0.0
1789731853.6,0.9768,120.0,224.0,237.0,3145255874,891637584,55962,0,0.0
1789731855.7,0.9765,121.0,223.0,237.0,3145461100,891637584,205226,0,0.0
1789731857.8,0.9655,120.0,222.0,237.0,3145620290,891637584,159190,0,0.0
1789731859.8,0.9719,121.0,223.0,237.0,3145790497,891637584,170207,0,0.0
1789731861.9,0.9607,121.0,220.0,237.0,3145944461,891637584,153964,0,0.0
1789731864.0,0.9544,121.0,220.0,237.0,3146076322,891637600,131861,16,0.0001
1789731866.1,0.9519,122.0,219.0,237.0,3146205452,891637616,129130,16,0.0001
1789731868.1,0.9546,123.0,217.0,237.0,3146611205,891637616,405753,0,0.0
1789731870.2,0.947,121.0,217.0,237.0,3146730640,891637616,119435,0,0.0
1789731872.3,0.9674,123.0,220.0,237.0,3146865773,891637616,135133,0,0.0
1789731874.4,0.9804,124.0,220.0,237.0,3146995690,891637616,129917,0,0.0
1789731876.4,0.9877,125.0,219.0,237.0,3147041485,891637616,45795,0,0.0
1789731878.5,0.9744,125.0,218.0,237.0,3147267150,891637616,225665,0,0.0
1789731880.6,0.9762,124.0,218.0,237.0,3147420382,891637616,153232,0,0.0
1789731882.7,0.9673,124.0,218.0,237.0,3147584161,891637616,163779,0,0.0
1789731884.8,0.9669,124.0,220.0,237.0,3147704218,891637632,120057,16,0.0001
1789731886.8,0.9722,124.0,220.0,237.0,3147838000,891637648,133782,16,0.0001
1789731888.9,0.9735,124.0,219.0,237.0,3148077798,891637648,239798,0,0.0
1789731891.0,0.9713,123.0,221.0,237.0,3148125555,891637648,47757,0,0.0
1789731893.1,0.9632,125.0,216.0,237.0,3148471665,891637648,346110,0,0.0
1789731895.2,0.9665,123.0,220.0,237.0,3148529807,891637648,58142,0,0.0
1789731897.2,0.9582,123.0,220.0,237.0,3148784483,891637648,254676,0,0.0
1789731899.3,0.9652,124.0,218.0,237.0,3148953160,891637648,168677,0,0.0
1789731901.4,0.9699,124.0,218.0,237.0,3149136566,891637648,183406,0,0.0
1789731903.5,0.9479,124.0,216.0,237.0,3149302304,891637648,165738,0,0.0
1789731905.5,0.9573,126.0,216.0,237.0,3149524613,891637648,222309,0,0.0
1789731907.6,0.9416,124.0,217.0,237.0,3149674800,891637648,150187,0,0.0
1789731909.7,0.9654,128.0,214.0,237.0,3149889750,891637648,214950,0,0.0
1789731911.8,0.9574,131.0,210.0,237.0,3150110376,891637664,220626,16,0.0001
1789731913.9,0.9462,129.0,213.0,237.0,3150314348,891637664,203972,0,0.0
1789731915.9,0.9471,126.0,216.0,237.0,3150386969,891637664,72621,0,0.0
1789731918.0,0.9422,125.0,215.0,237.0,3150723622,891637664,336653,0,0.0
1789731920.1,0.9474,125.0,217.0,237.0,3150931492,891637664,207870,0,0.0
1789731922.2,0.9564,124.0,219.0,237.0,3150931492,891637664,0,0,
1789731924.2,0.9651,125.0,218.0,237.0,3151035122,891637664,103630,0,0.0
1789731926.3,0.9665,127.0,216.0,237.0,3151273327,891727760,238205,90096,0.3782
1789731928.4,0.9565,126.0,215.0,237.0,3151440322,891727760,166995,0,0.0
1789731930.4,0.967,126.0,216.0,237.0,3151518549,891727760,78227,0,0.0
1789731932.5,0.9758,127.0,215.0,237.0,3151671734,891727760,153185,0,0.0
1789731934.6,0.9771,126.0,215.0,237.0,3151711219,891727760,39485,0,0.0
1789731936.7,0.9761,128.0,214.0,237.0,3151946287,891727760,235068,0,0.0
1789731938.7,0.9889,129.0,213.0,237.0,3152066655,891727776,120368,16,0.0001
1789731940.8,0.9743,127.0,214.0,237.0,3152217746,891727792,151091,16,0.0001
1789731942.9,0.9662,125.0,214.0,237.0,3152304926,891727808,87180,16,0.0002
1789731945.0,0.9432,124.0,214.0,237.0,3152578671,891727808,273745,0,0.0
1789731947.0,0.9605,124.0,216.0,237.0,3152676309,891727808,97638,0,0.0
1789731949.1,0.9705,126.0,216.0,237.0,3152859643,891727808,183334,0,0.0
1789731951.2,0.9721,126.0,216.0,237.0,3153036423,891727824,176780,16,0.0001
1789731953.3,0.9635,126.0,214.0,237.0,3153307787,891727824,271364,0,0.0
1789731955.3,0.9766,126.0,217.0,237.0,3153350009,891727824,42222,0,0.0
1789731957.4,0.9548,123.0,216.0,237.0,3153621866,891727824,271857,0,0.0
1789731959.5,0.9662,125.0,217.0,237.0,3153720937,891751616,99071,23792,0.2402
1789731961.6,0.9686,125.0,217.0,237.0,3153843848,891751616,122911,0,0.0
1789731963.6,0.9703,126.0,216.0,237.0,3154064779,891751616,220931,0,0.0
1789731965.7,0.9723,125.0,217.0,237.0,3154139428,891751616,74649,0,0.0
1789731967.8,0.9703,125.0,214.0,237.0,3154297150,891751616,157722,0,0.0
1789731969.9,0.9866,127.0,214.0,237.0,3154501425,891751616,204275,0,0.0
1789731971.9,0.9816,126.0,217.0,237.0,3154567762,891751616,66337,0,0.0
1789731974.0,0.9689,124.0,217.0,238.0,3154625889,891751616,58127,0,0.0
1789731976.1,0.9741,123.0,219.0,238.0,3154722355,891751616,96466,0,0.0
1789731978.2,0.9631,122.0,219.0,238.0,3155012336,891751616,289981,0,0.0
1789731980.2,0.968,122.0,221.0,238.0,3155125608,891751616,113272,0,0.0
1789731982.3,0.94,120.0,219.0,238.0,3155366407,891751616,240799,0,0.0
1789731984.4,0.9586,120.0,222.0,238.0,3155419992,891751616,53585,0,0.0
1789731986.5,0.9464,119.0,222.0,238.0,3155568928,891751616,148936,0,0.0
1789731988.5,0.9584,120.0,223.0,238.0,3155710215,891751616,141287,0,0.0
1789731990.6,0.9561,119.0,223.0,238.0,3155780931,891751616,70716,0,0.0
1789731992.7,0.9677,121.0,223.0,238.0,3155971004,891751616,190073,0,0.0
1789731994.8,0.9679,119.0,224.0,238.0,3155971004,891751616,0,0,
1789731996.9,0.9721,119.0,225.0,238.0,3155971004,891751616,0,0,
1789731998.9,0.971,118.0,224.0,238.0,3156072042,891751616,101038,0,0.0
1789732001.0,0.9409,115.0,228.0,238.0,3156222436,891751632,150394,16,0.0001
1789732003.1,0.9356,115.0,227.0,239.0,3156510022,891751632,287586,0,0.0
1789732005.1,0.9471,116.0,227.0,239.0,3156636912,891751632,126890,0,0.0
1789732007.2,0.9659,118.0,225.0,239.0,3156760571,891751632,123659,0,0.0
1789732009.3,0.9655,117.0,223.0,239.0,3156925102,891751648,164531,16,0.0001
1789732011.4,0.9657,116.0,226.0,239.0,3156925102,891751648,0,0,
1789732013.4,0.9472,116.0,225.0,239.0,3157121155,891751648,196053,0,0.0
1789732015.5,0.9351,114.0,225.0,239.0,3157346961,891751648,225806,0,0.0
1789732017.6,0.9378,116.0,224.0,239.0,3157629768,891751648,282807,0,0.0
1789732019.6,0.9662,118.0,223.0,239.0,3157801134,891751648,171366,0,0.0
1789732021.7,0.9738,118.0,223.0,239.0,3157861920,891751648,60786,0,0.0
1789732023.8,0.9664,118.0,223.0,239.0,3158022092,891751648,160172,0,0.0
1789732025.9,0.9572,117.0,222.0,239.0,3158247579,891751664,225487,16,0.0001
1789732028.0,0.9757,119.0,222.0,239.0,3158334018,891751664,86439,0,0.0
1789732030.0,0.9591,120.0,220.0,239.0,3158534809,891751664,200791,0,0.0
1789732032.1,0.9568,118.0,222.0,239.0,3158618172,891751664,83363,0,0.0
1789732034.2,0.9561,119.0,223.0,239.0,3158869807,891751664,251635,0,0.0
1789732036.2,0.964,120.0,221.0,239.0,3159072543,891751680,202736,16,0.0001
1789732038.3,0.9453,119.0,219.0,239.0,3159262541,891751680,189998,0,0.0
1789732040.4,0.9334,118.0,222.0,239.0,3159352300,891751696,89759,16,0.0002
1789732042.5,0.9393,120.0,220.0,239.0,3159509678,891751696,157378,0,0.0
1789732044.5,0.9149,119.0,220.0,239.0,3159747739,891751696,238061,0,0.0
1789732046.6,0.9332,122.0,219.0,239.0,3159891247,891751696,143508,0,0.0
1789732048.7,0.9463,125.0,215.0,239.0,3160136762,891751696,245515,0,0.0
1789732050.8,0.9712,127.0,214.0,239.0,3160325156,891751696,188394,0,0.0
1789732052.8,0.9723,127.0,213.0,239.0,3160526511,891751696,201355,0,0.0
1789732054.9,0.9811,127.0,214.0,239.0,3160649220,891751696,122709,0,0.0
1789732057.0,0.9767,127.0,212.0,239.0,3160832089,891751696,182869,0,0.0
1789732059.0,0.978,127.0,211.0,239.0,3160977503,891751712,145414,16,0.0001
1789732061.1,0.9815,128.0,211.0,239.0,3161012215,891751712,34712,0,0.0
1789732063.2,0.9775,127.0,213.0,240.0,3161145048,891751712,132833,0,0.0
1789732065.3,0.9544,127.0,209.0,240.0,3161487684,891751728,342636,16,0.0
1789732067.4,0.9749,128.0,210.0,240.0,3161578336,891751744,90652,16,0.0002
1789732069.4,0.9813,128.0,212.0,240.0,3161673794,891751744,95458,0,0.0
1789732071.5,0.9675,128.0,210.0,240.0,3161883043,891751744,209249,0,0.0
1789732073.6,0.9693,127.0,210.0,240.0,3161988716,891751744,105673,0,0.0
1789732075.6,0.9758,128.0,209.0,240.0,3162150573,891751744,161857,0,0.0
1789732077.7,0.9668,129.0,208.0,240.0,3162368801,891751744,218228,0,0.0
1789732079.8,0.9615,129.0,208.0,240.0,3162569097,891751744,200296,0,0.0
1789732081.9,0.9785,130.0,208.0,240.0,3162634541,891751744,65444,0,0.0
1789732083.9,0.9736,129.0,211.0,240.0,3162730750,891751760,96209,16,0.0002
1789732086.0,0.9745,131.0,207.0,240.0,3162984856,891751776,254106,16,0.0001
1789732088.1,0.9793,132.0,206.0,240.0,3163147754,891751776,162898,0,0.0
1789732090.2,0.9835,132.0,208.0,240.0,3163269611,891751776,121857,0,0.0
1789732092.2,0.9751,130.0,210.0,240.0,3163406294,891751776,136683,0,0.0
1789732094.3,0.9796,130.0,210.0,240.0,3163510194,891751792,103900,16,0.0002
1789732096.4,0.9692,127.0,210.0,240.0,3163653005,891751792,142811,0,0.0
1789732098.5,0.967,127.0,212.0,240.0,3163755680,891751792,102675,0,0.0
1789732100.5,0.9452,126.0,210.0,240.0,3164052063,891751792,296383,0,0.0
1789732102.6,0.969,128.0,211.0,240.0,3164142474,891751792,90411,0,0.0
1789732104.7,0.9651,129.0,212.0,240.0,3164291209,891751808,148735,16,0.0001
1789732106.8,0.9512,127.0,211.0,240.0,3164445996,891751808,154787,0,0.0
1789732108.8,0.9467,126.0,214.0,240.0,3164761535,891751808,315539,0,0.0
1789732110.9,0.9538,127.0,212.0,240.0,3164920250,891751824,158715,16,0.0001
1789732113.0,0.951,126.0,212.0,240.0,3165154135,891751824,233885,0,0.0
1789732115.1,0.9597,125.0,215.0,240.0,3165154135,891751824,0,0,
1789732117.2,0.962,127.0,213.0,240.0,3165431453,891751840,277318,16,0.0001
1789732119.3,0.9768,127.0,213.0,240.0,3165479225,891751840,47772,0,0.0
1789732121.3,0.9587,125.0,211.0,240.0,3165667258,891751840,188033,0,0.0
1789732123.4,0.9608,125.0,214.0,240.0,3165750371,891751840,83113,0,0.0
1789732125.5,0.9563,126.0,214.0,240.0,3166112710,891751840,362339,0,0.0
1789732127.6,0.9699,126.0,215.0,240.0,3166112710,891751840,0,0,
1789732129.7,0.9599,126.0,214.0,240.0,3166340269,891751840,227559,0,0.0
1789732131.7,0.9526,124.0,214.0,240.0,3166483839,891751840,143570,0,0.0
1789732133.8,0.9663,125.0,214.0,240.0,3166545624,891751840,61785,0,0.0
1789732135.9,0.9578,125.0,213.0,240.0,3166820700,891751840,275076,0,0.0
1789732137.9,0.9631,124.0,214.0,240.0,3167034525,891751840,213825,0,0.0
1789732140.0,0.9599,123.0,215.0,240.0,3167205627,891751856,171102,16,0.0001
1789732142.1,0.9656,123.0,214.0,240.0,3167312322,891751856,106695,0,0.0
1789732144.2,0.9835,125.0,214.0,240.0,3167410057,891751856,97735,0,0.0
1789732146.3,0.9605,122.0,214.0,240.0,3167620406,891751856,210349,0,0.0
1789732148.4,0.951,121.0,218.0,240.0,3167738010,891751856,117604,0,0.0
1789732150.5,0.9676,124.0,217.0,240.0,3168042358,891751856,304348,0,0.0
1789732152.5,0.9667,124.0,216.0,240.0,3168191341,891751856,148983,0,0.0
1789732154.6,0.9683,123.0,218.0,240.0,3168442409,891751856,251068,0,0.0
1789732156.7,0.9813,124.0,218.0,240.0,3168444745,891751856,2336,0,0.0
1789732158.7,0.9665,123.0,217.0,240.0,3168640846,891751856,196101,0,0.0
1789732160.8,0.9579,123.0,215.0,240.0,3168775537,891751856,134691,0,0.0
1789732162.9,0.9544,122.0,216.0,241.0,3168935391,891751856,159854,0,0.0
1789732165.0,0.9632,123.0,215.0,241.0,3169235162,891751856,299771,0,0.0
1789732167.1,0.968,123.0,216.0,241.0,3169283008,891751856,47846,0,0.0
1789732169.2,0.9602,122.0,216.0,242.0,3169400852,891751856,117844,0,0.0
1789732171.3,0.962,122.0,216.0,242.0,3169597163,891751856,196311,0,0.0
1789732173.3,0.9706,122.0,218.0,243.0,3169644509,891751856,47346,0,0.0
1789732175.4,0.9652,121.0,218.0,243.0,3169689495,891751856,44986,0,0.0
1789732177.5,0.9558,119.0,217.0,243.0,3169940459,891751856,250964,0,0.0
1789732179.6,0.959,118.0,219.0,243.0,3170009207,891751872,68748,16,0.0002
1789732181.6,0.9637,119.0,218.0,243.0,3170111138,891751888,101931,16,0.0002
1789732183.7,0.9558,117.0,221.0,243.0,3170111138,891751888,0,0,
1789732185.8,0.9539,117.0,222.0,243.0,3170401311,891751888,290173,0,0.0
1789732187.9,0.9621,117.0,221.0,243.0,3170503220,891751888,101909,0,0.0
1789732189.9,0.9636,117.0,221.0,243.0,3170651693,891751888,148473,0,0.0
1789732192.0,0.9759,117.0,220.0,243.0,3170735659,891751888,83966,0,0.0
1789732194.1,0.9767,119.0,217.0,243.0,3170925032,891751888,189373,0,0.0
1789732196.1,0.9762,118.0,221.0,243.0,3171094346,891751904,169314,16,0.0001
1789732198.2,0.9786,118.0,220.0,243.0,3171224742,891751904,130396,0,0.0
1789732200.3,0.9826,118.0,220.0,243.0,3171278423,891751904,53681,0,0.0
1789732202.4,0.9741,117.0,220.0,243.0,3171437997,891751904,159574,0,0.0
1789732204.4,0.9653,117.0,220.0,243.0,3171645168,891751904,207171,0,0.0
1789732206.5,0.9629,115.0,220.0,243.0,3171699718,891751904,54550,0,0.0
1789732208.6,0.9655,115.0,222.0,243.0,3172063874,891751904,364156,0,0.0
1789732210.7,0.9781,116.0,222.0,243.0,3172183252,891751904,119378,0,0.0
1789732212.7,0.9895,116.0,223.0,243.0,3172183252,891751904,0,0,
1789732214.8,0.9784,115.0,222.0,243.0,3172342207,891751936,158955,32,0.0002
1789732216.9,0.933,112.0,224.0,244.0,3172465269,891751936,123062,0,0.0
1789732219.0,0.963,113.0,225.0,244.0,3172540391,891751936,75122,0,0.0
1789732221.0,0.9708,115.0,223.0,244.0,3172744044,891751968,203653,32,0.0002
1789732223.1,0.9826,116.0,223.0,244.0,3172789344,891751968,45300,0,0.0
1789732225.2,0.9742,115.0,222.0,244.0,3172942034,891751968,152690,0,0.0
1789732227.3,0.9692,115.0,222.0,244.0,3173086421,891751968,144387,0,0.0
1789732229.3,0.971,114.0,223.0,244.0,3173171563,891751968,85142,0,0.0
1789732231.4,0.9669,115.0,223.0,245.0,3173331016,891751968,159453,0,0.0
1789732233.5,0.9802,116.0,223.0,245.0,3173385162,891751968,54146,0,0.0
1789732235.6,0.9591,114.0,222.0,245.0,3173592481,891751968,207319,0,0.0
1789732237.7,0.9585,113.0,224.0,245.0,3173756049,891751968,163568,0,0.0
1789732239.7,0.9595,114.0,224.0,245.0,3173956947,891751968,200898,0,0.0
1789732241.8,0.9714,114.0,225.0,245.0,3174017157,891751968,60210,0,0.0
1789732243.9,0.9778,115.0,224.0,245.0,3174138501,891751984,121344,16,0.0001
1789732246.0,0.9671,113.0,225.0,245.0,3174296942,891751984,158441,0,0.0
1789732248.0,0.9505,111.0,225.0,245.0,3174576933,891751984,279991,0,0.0
1789732250.1,0.9381,109.0,229.0,245.0,3174648868,891751984,71935,0,0.0
1789732252.2,0.9418,109.0,230.0,245.0,3174767838,891751984,118970,0,0.0
1789732254.3,0.9321,109.0,227.0,245.0,3175137807,891751984,369969,0,0.0
1789732256.4,0.9405,110.0,228.0,245.0,3175267538,891751984,129731,0,0.0
1789732258.4,0.9541,111.0,230.0,245.0,3175384742,891751984,117204,0,0.0
1789732260.5,0.962,115.0,226.0,245.0,3175566592,891752000,181850,16,0.0001
1789732262.6,0.9728,115.0,225.0,245.0,3175590605,891752000,24013,0,0.0
1789732264.6,0.942,112.0,226.0,245.0,3175730839,891752000,140234,0,0.0
1789732266.7,0.9399,110.0,227.0,245.0,3175730839,891752000,0,0,
1789732268.8,0.9419,112.0,225.0,245.0,3175912470,891752000,181631,0,0.0
1789732270.9,0.9516,112.0,227.0,245.0,3176038697,891752016,126227,16,0.0001
1789732272.9,0.9529,114.0,227.0,245.0,3176232484,891752016,193787,0,0.0
1789732275.0,0.9603,114.0,226.0,245.0,3176404958,891752016,172474,0,0.0
1789732277.1,0.9692,114.0,224.0,246.0,3176556141,891752016,151183,0,0.0
1789732279.1,0.9803,115.0,224.0,246.0,3176648374,891752016,92233,0,0.0
1789732281.2,0.9703,113.0,227.0,246.0,3176690705,891752016,42331,0,0.0
1789732283.3,0.9676,115.0,223.0,246.0,3176979490,891752016,288785,0,0.0
1789732285.4,0.9811,115.0,225.0,246.0,3177033690,891752016,54200,0,0.0
1789732287.4,0.9736,116.0,224.0,246.0,3177183620,891752016,149930,0,0.0
1789732289.5,0.9421,113.0,226.0,246.0,3177323344,891752016,139724,0,0.0
1789732291.6,0.9628,116.0,224.0,246.0,3177593824,891752016,270480,0,0.0
1789732293.7,0.9507,115.0,223.0,246.0,3177731347,891752016,137523,0,0.0
1789732295.7,0.9628,117.0,223.0,246.0,3177953404,891752016,222057,0,0.0
1789732297.8,0.9422,115.0,223.0,246.0,3178148018,891752016,194614,0,0.0
1789732299.9,0.9535,115.0,224.0,246.0,3178193422,891752016,45404,0,0.0
1789732302.0,0.9585,116.0,225.0,246.0,3178405066,891752016,211644,0,0.0
1789732304.0,0.9698,117.0,224.0,246.0,3178455498,891752032,50432,16,0.0003
1789732306.1,0.9603,118.0,220.0,246.0,3178694616,891752064,239118,32,0.0001
1789732308.2,0.9624,117.0,221.0,246.0,3178788029,891752064,93413,0,0.0
1789732310.3,0.954,117.0,220.0,246.0,3178913508,891752064,125479,0,0.0
1789732312.3,0.9725,119.0,219.0,246.0,3178998656,891752064,85148,0,0.0
1789732314.4,0.9635,118.0,219.0,246.0,3179306586,891752064,307930,0,0.0
1789732316.5,0.9722,119.0,219.0,246.0,3179416328,891752064,109742,0,0.0
1789732318.6,0.9777,119.0,220.0,246.0,3179568344,891752064,152016,0,0.0
1789732320.6,0.9728,118.0,222.0,247.0,3179754277,891752064,185933,0,0.0
1789732322.7,0.9762,120.0,219.0,247.0,3179932903,891784752,178626,32688,0.183
1789732324.8,0.981,119.0,219.0,247.0,3180041865,891784752,108962,0,0.0
1789732326.9,0.9859,118.0,222.0,247.0,3180041865,891784752,0,0,
1789732329.0,0.9686,117.0,222.0,247.0,3180305098,891784752,263233,0,0.0
1789732331.0,0.9808,117.0,223.0,247.0,3180365147,891784752,60049,0,0.0
1789732333.1,0.9641,114.0,223.0,247.0,3180480681,891784752,115534,0,0.0
1789732335.2,0.9502,112.0,224.0,247.0,3180605343,891784752,124662,0,0.0
1789732337.3,0.9509,113.0,226.0,247.0,3180701656,891784752,96313,0,0.0
1789732339.3,0.9439,112.0,227.0,247.0,3181034948,891784768,333292,16,0.0
1789732341.4,0.9626,114.0,227.0,247.0,3181183978,891784784,149030,16,0.0001
1789732343.5,0.9658,113.0,227.0,247.0,3181232354,891784784,48376,0,0.0
1789732345.5,0.9526,112.0,227.0,247.0,3181362593,891784784,130239,0,0.0
1789732347.6,0.9409,110.0,227.0,247.0,3181482312,891784784,119719,0,0.0
1789732349.7,0.9517,111.0,228.0,247.0,3181586664,891784816,104352,32,0.0003
1789732351.8,0.95,111.0,227.0,247.0,3181903817,891784816,317153,0,0.0
1789732353.8,0.9435,110.0,226.0,247.0,3182196909,891784816,293092,0,0.0
1789732355.9,0.9414,108.0,229.0,247.0,3182196909,891784816,0,0,
1789732358.0,0.9574,109.0,230.0,247.0,3182239993,891784816,43084,0,0.0
1789732360.1,0.9573,109.0,231.0,247.0,3182311548,891784832,71555,16,0.0002
1789732362.1,0.9413,108.0,229.0,247.0,3182591398,891784832,279850,0,0.0
1789732364.2,0.9644,110.0,229.0,247.0,3182722030,891784832,130632,0,0.0
1789732366.3,0.9757,110.0,229.0,247.0,3182722030,891784832,0,0,
1789732368.4,0.9494,109.0,228.0,247.0,3183084068,891784832,362038,0,0.0
1789732370.4,0.9587,111.0,226.0,247.0,3183225571,891784832,141503,0,0.0
1789732372.5,0.9408,110.0,225.0,247.0,3183343248,891784832,117677,0,0.0
1789732374.6,0.9365,110.0,227.0,247.0,3183636950,891784848,293702,16,0.0001
1789732376.7,0.9566,111.0,228.0,247.0,3183706322,891784848,69372,0,0.0
1789732378.8,0.962,110.0,228.0,247.0,3183706322,891784848,0,0,
1789732380.8,0.9605,111.0,228.0,247.0,3183834941,891784848,128619,0,0.0
1789732382.9,0.9772,112.0,229.0,247.0,3183894165,891784848,59224,0,0.0
1789732385.0,0.946,108.0,232.0,248.0,3183970782,891784848,76617,0,0.0
1789732387.1,0.9617,109.0,232.0,248.0,3184174301,891784848,203519,0,0.0
1789732389.2,0.9621,111.0,230.0,248.0,3184305567,891784848,131266,0,0.0
1789732391.2,0.9765,112.0,230.0,248.0,3184372788,891784848,67221,0,0.0
1789732393.3,0.9789,111.0,230.0,248.0,3184532506,891784848,159718,0,0.0
1789732395.4,0.986,111.0,231.0,248.0,3184595866,891784864,63360,16,0.0003
1789732397.4,0.986,111.0,230.0,248.0,3184723044,891784864,127178,0,0.0
1789732399.5,0.9822,110.0,229.0,249.0,3184947245,891784864,224201,0,0.0
1789732401.6,0.9879,110.0,229.0,249.0,3184951432,891784864,4187,0,0.0
1789732403.7,0.9475,109.0,228.0,249.0,3185155671,891784864,204239,0,0.0
1789732405.7,0.9482,108.0,232.0,249.0,3185210653,891784880,54982,16,0.0003
1789732407.8,0.9517,110.0,231.0,249.0,3185531546,891784880,320893,0,0.0
1789732409.9,0.9675,111.0,229.0,249.0,3185678073,891784880,146527,0,0.0
1789732412.0,0.9838,112.0,228.0,249.0,3185795823,891784880,117750,0,0.0
1789732414.1,0.9877,112.0,227.0,249.0,3185894115,891784880,98292,0,0.0
1789732416.2,0.9669,111.0,227.0,249.0,3185992717,891784880,98602,0,0.0
1789732418.3,0.9549,111.0,227.0,249.0,3186192142,891784880,199425,0,0.0
1789732420.4,0.9735,113.0,226.0,249.0,3186406771,891784880,214629,0,0.0
1789732422.5,0.9784,114.0,225.0,249.0,3186510982,891784880,104211,0,0.0
1789732424.6,0.9657,113.0,225.0,249.0,3186637119,891784880,126137,0,0.0
1789732426.6,0.968,115.0,222.0,249.0,3186920888,891784896,283769,16,0.0001
1789732428.7,0.9558,115.0,223.0,249.0,3187039503,891784896,118615,0,0.0
1789732430.8,0.9689,118.0,223.0,249.0,3187186304,891784896,146801,0,0.0
1789732432.9,0.9679,117.0,224.0,249.0,3187393288,891784896,206984,0,0.0
1789732434.9,0.9672,117.0,224.0,249.0,3187535403,891784912,142115,16,0.0001
1789732437.0,0.9594,117.0,223.0,249.0,3187677925,891784912,142522,0,0.0
1789732439.1,0.9472,116.0,224.0,249.0,3187761786,891784912,83861,0,0.0
1789732441.2,0.9528,119.0,222.0,249.0,3187918127,891784912,156341,0,0.0
1789732443.2,0.9724,122.0,219.0,249.0,3188193388,891784912,275261,0,0.0
1789732445.3,0.9777,122.0,218.0,249.0,3188406371,891784912,212983,0,0.0
1789732447.4,0.9862,123.0,217.0,249.0,3188476099,891784912,69728,0,0.0
1789732449.5,0.9843,122.0,217.0,249.0,3188518322,891784912,42223,0,0.0
1789732451.6,0.9564,121.0,217.0,249.0,3188805103,891784912,286781,0,0.0
1789732453.6,0.9771,123.0,218.0,249.0,3188873948,891784912,68845,0,0.0
1789732455.7,0.9811,124.0,217.0,249.0,3188996760,891784928,122812,16,0.0001
1789732457.8,0.98,124.0,217.0,249.0,3189205205,891784928,208445,0,0.0
1789732459.9,0.9784,123.0,216.0,249.0,3189319965,891784928,114760,0,0.0
1789732461.9,0.9543,120.0,217.0,249.0,3189573600,891784928,253635,0,0.0
1789732464.0,0.9648,121.0,219.0,249.0,3189647950,891784928,74350,0,0.0
1789732466.1,0.9508,118.0,222.0,249.0,3189779526,891784928,131576,0,0.0
1789732468.2,0.9617,120.0,221.0,249.0,3189971868,891784928,192342,0,0.0
1789732470.2,0.9597,120.0,219.0,249.0,3190207688,891784928,235820,0,0.0
1789732472.3,0.9676,120.0,220.0,249.0,3190276227,891784928,68539,0,0.0
1789732474.4,0.9578,118.0,219.0,249.0,3190553830,891784928,277603,0,0.0
1789732476.5,0.9767,118.0,222.0,249.0,3190553830,891784928,0,0,
1789732478.5,0.9703,117.0,223.0,249.0,3190713592,891784928,159762,0,0.0
1789732480.6,0.9837,118.0,223.0,249.0,3190773232,891784928,59640,0,0.0
1789732482.7,0.9657,117.0,222.0,249.0,3190985627,891784928,212395,0,0.0
1789732484.7,0.9713,116.0,225.0,249.0,3191084722,891784928,99095,0,0.0
1789732486.8,0.9476,114.0,226.0,249.0,3191359381,891784928,274659,0,0.0
1789732488.9,0.943,114.0,225.0,249.0,3191522051,891784928,162670,0,0.0
1789732491.0,0.9608,114.0,226.0,249.0,3191633292,891784928,111241,0,0.0
1789732493.1,0.9651,114.0,227.0,249.0,3191691373,891784928,58081,0,0.0
1789732495.1,0.9587,114.0,225.0,249.0,3191804465,891784928,113092,0,0.0
1789732497.2,0.9703,116.0,225.0,249.0,3191961722,891784944,157257,16,0.0001
1789732499.3,0.9742,117.0,225.0,249.0,3192157086,891784960,195364,16,0.0001
1789732501.4,0.9649,117.0,224.0,249.0,3192304332,891784960,147246,0,0.0
1789732503.4,0.9544,116.0,224.0,249.0,3192426922,891784960,122590,0,0.0
1789732505.5,0.9668,118.0,222.0,249.0,3192624469,891784960,197547,0,0.0
1789732507.6,0.9817,119.0,223.0,249.0,3192679881,891784960,55412,0,0.0
1789732509.7,0.9514,116.0,223.0,249.0,3192869067,891784960,189186,0,0.0
1789732511.7,0.951,115.0,227.0,249.0,3193113207,891784960,244140,0,0.0
1789732513.8,0.9468,113.0,226.0,249.0,3193168832,891784960,55625,0,0.0
1789732515.9,0.9594,116.0,223.0,249.0,3193436119,891784960,267287,0,0.0
1789732518.0,0.977,117.0,224.0,249.0,3193524723,891784960,88604,0,0.0
1789732520.1,0.9626,116.0,224.0,249.0,3193718965,891784976,194242,16,0.0001
1789732522.1,0.9739,116.0,226.0,249.0,3193774185,891784976,55220,0,0.0
1789732524.2,0.9613,115.0,224.0,249.0,3194017775,891784992,243590,16,0.0001
1789732526.3,0.9702,114.0,225.0,249.0,3194017775,891784992,0,0,
1789732528.3,0.9524,115.0,225.0,249.0,3194377558,891784992,359783,0,0.0
1789732530.4,0.9355,113.0,226.0,249.0,3194472589,891784992,95031,0,0.0
1789732532.5,0.9565,115.0,225.0,249.0,3194593609,891784992,121020,0,0.0
1789732534.6,0.9589,115.0,226.0,249.0,3194663828,891784992,70219,0,0.0
1789732536.6,0.9451,114.0,226.0,249.0,3194742619,891784992,78791,0,0.0
1789732538.7,0.9527,115.0,224.0,249.0,3195014015,891784992,271396,0,0.0
1789732540.8,0.9621,115.0,226.0,249.0,3195200300,891784992,186285,0,0.0
1789732542.8,0.9461,113.0,226.0,249.0,3195328941,891785008,128641,16,0.0001
1789732544.9,0.9479,112.0,228.0,249.0,3195433506,891785008,104565,0,0.0
1789732547.0,0.9635,113.0,231.0,249.0,3195504293,891785008,70787,0,0.0
1789732549.1,0.9745,114.0,229.0,249.0,3195642787,891785024,138494,16,0.0001
1789732551.1,0.9842,114.0,230.0,249.0,3195696830,891785024,54043,0,0.0
1789732553.2,0.965,114.0,227.0,249.0,3195891678,891785024,194848,0,0.0
1789732555.3,0.9573,112.0,229.0,249.0,3196040994,891785024,149316,0,0.0
1789732557.4,0.958,113.0,229.0,249.0,3196143880,891785024,102886,0,0.0
1789732559.4,0.9575,115.0,228.0,249.0,3196397642,891785024,253762,0,0.0
1789732561.5,0.9668,114.0,227.0,249.0,3196562890,891785024,165248,0,0.0
1789732563.6,0.9782,115.0,228.0,249.0,3196691616,891785024,128726,0,0.0
1789732565.7,0.9647,114.0,225.0,249.0,3196898081,891785024,206465,0,0.0
1789732567.8,0.9355,112.0,226.0,249.0,3197178875,891785024,280794,0,0.0
1789732569.9,0.9449,111.0,229.0,249.0,3197178875,891785024,0,0,
1789732571.9,0.9559,112.0,228.0,249.0,3197371309,891785024,192434,0,0.0
1789732574.0,0.9562,113.0,227.0,249.0,3197583813,891785024,212504,0,0.0
1789732576.1,0.9414,111.0,225.0,249.0,3197789247,891785024,205434,0,0.0
1789732578.2,0.9407,111.0,227.0,249.0,3197905604,891785024,116357,0,0.0
1789732580.2,0.9467,113.0,227.0,249.0,3198184022,891785024,278418,0,0.0
1789732582.3,0.9618,114.0,227.0,249.0,3198332441,891785040,148419,16,0.0001
1789732584.4,0.9732,116.0,225.0,249.0,3198470432,891785040,137991,0,0.0
1789732586.5,0.9763,117.0,224.0,249.0,3198603231,891785040,132799,0,0.0
1789732588.5,0.9721,116.0,224.0,249.0,3198748797,891785040,145566,0,0.0
1789732590.6,0.9703,115.0,223.0,249.0,3198905121,891785040,156324,0,0.0
1789732592.7,0.9669,114.0,224.0,249.0,3199076842,891785040,171721,0,0.0
1789732594.7,0.9585,115.0,227.0,249.0,3199402739,891785040,325897,0,0.0
1789732596.8,0.9565,114.0,226.0,249.0,3199465436,891785040,62697,0,0.0
1789732598.9,0.9617,113.0,227.0,249.0,3199519144,891785040,53708,0,0.0
1789732601.0,0.9654,114.0,228.0,249.0,3199646114,891785056,126970,16,0.0001
1789732603.0,0.9653,113.0,230.0,249.0,3199706134,891785056,60020,0,0.0
1789732605.1,0.9277,110.0,227.0,249.0,3199964504,891785056,258370,0,0.0
1789732607.2,0.9147,108.0,232.0,249.0,3200101477,891785072,136973,16,0.0001
1789732609.3,0.9269,109.0,232.0,249.0,3200165493,891785088,64016,16,0.0002
1789732611.3,0.9328,110.0,231.0,249.0,3200377928,891785088,212435,0,0.0
1789732613.4,0.9407,111.0,229.0,249.0,3200508096,891785088,130168,0,0.0
1789732615.5,0.9422,112.0,228.0,249.0,3200838652,891785088,330556,0,0.0
1789732617.5,0.955,113.0,228.0,249.0,3200944861,891785088,106209,0,0.0
1789732619.6,0.9643,115.0,226.0,249.0,3201152882,891785088,208021,0,0.0
1789732621.7,0.9835,116.0,225.0,249.0,3201278221,891785088,125339,0,0.0
1789732623.8,0.9707,113.0,226.0,249.0,3201278221,891785088,0,0,
1789732625.8,0.9611,112.0,226.0,249.0,3201531992,891785088,253771,0,0.0
1789732627.9,0.9559,111.0,229.0,249.0,3201618133,891785088,86141,0,0.0
1789732630.0,0.9647,111.0,232.0,249.0,3201760766,891785088,142633,0,0.0
1789732632.1,0.9879,114.0,230.0,249.0,3201916658,891785088,155892,0,0.0
1789732634.1,0.9549,111.0,231.0,249.0,3202024905,891785120,108247,32,0.0003
1789732636.2,0.9545,111.0,231.0,249.0,3202325958,891785120,301053,0,0.0
1789732638.3,0.9319,109.0,232.0,249.0,3202526285,891785136,200327,16,0.0001
1789732640.4,0.9468,112.0,232.0,249.0,3202685949,891785136,159664,0,0.0
1789732642.4,0.9609,112.0,232.0,249.0,3202762785,891785136,76836,0,0.0
1789732644.5,0.9536,113.0,230.0,249.0,3203004404,891785152,241619,16,0.0001
1789732646.6,0.9542,113.0,230.0,249.0,3203062463,891785152,58059,0,0.0
1789732648.7,0.9519,114.0,229.0,249.0,3203300604,891785152,238141,0,0.0
1789732650.7,0.9701,116.0,228.0,249.0,3203432453,891785152,131849,0,0.0
1789732652.8,0.9737,116.0,226.0,249.0,3203536025,891785152,103572,0,0.0
1789732654.9,0.9772,116.0,225.0,249.0,3203635869,891817840,99844,32688,0.3274
1789732656.9,0.9752,116.0,224.0,249.0,3203913473,891817840,277604,0,0.0
1789732659.0,0.9588,113.0,227.0,249.0,3203913473,891817840,0,0,
1789732661.1,0.9407,112.0,228.0,249.0,3204325226,891817840,411753,0,0.0
1789732663.2,0.9519,112.0,231.0,249.0,3204419784,891817840,94558,0,0.0
1789732665.2,0.9641,112.0,232.0,249.0,3204419784,891817840,0,0,
1789732667.3,0.9598,112.0,231.0,249.0,3204608942,891817840,189158,0,0.0
1789732669.4,0.9609,112.0,228.0,249.0,3204825021,891817840,216079,0,0.0
1789732671.5,0.9466,110.0,230.0,249.0,3205025411,891817840,200390,0,0.0
1789732673.5,0.9559,111.0,231.0,249.0,3205133894,891850528,108483,32688,0.3013
1789732675.6,0.9536,110.0,231.0,249.0,3205208600,891850528,74706,0,0.0
1789732677.7,0.9602,110.0,232.0,249.0,3205363456,891850528,154856,0,0.0
1789732679.8,0.9582,109.0,233.0,249.0,3205616054,891850528,252598,0,0.0
1789732681.8,0.9658,109.0,233.0,249.0,3205679411,891850528,63357,0,0.0
1789732683.9,0.9509,108.0,233.0,249.0,3205844343,891850528,164932,0,0.0
1789732686.0,0.9665,110.0,231.0,249.0,3205950754,891850544,106411,16,0.0002
1789732688.0,0.9778,112.0,230.0,249.0,3206099215,891850560,148461,16,0.0001
1789732690.1,0.9852,114.0,230.0,249.0,3206255683,891850560,156468,0,0.0
1789732692.2,0.9808,113.0,230.0,249.0,3206306136,891850560,50453,0,0.0
1789732694.3,0.9735,114.0,229.0,249.0,3206493809,891850576,187673,16,0.0001
1789732696.4,0.969,115.0,226.0,249.0,3206738788,891850576,244979,0,0.0
1789732698.4,0.9819,116.0,227.0,249.0,3206878599,891850576,139811,0,0.0
1789732700.5,0.9864,117.0,225.0,249.0,3207016416,891850576,137817,0,0.0
1789732702.6,0.9607,116.0,224.0,249.0,3207282261,891850576,265845,0,0.0
1789732704.6,0.9668,116.0,225.0,249.0,3207373391,891850576,91130,0,0.0
1789732706.7,0.9664,118.0,222.0,249.0,3207502053,891850576,128662,0,0.0
1789732708.8,0.9741,119.0,221.0,249.0,3207656943,891850576,154890,0,0.0
1789732710.9,0.9819,120.0,221.0,249.0,3207822696,891850576,165753,0,0.0
1789732712.9,0.9723,121.0,222.0,250.0,3208074666,891850576,251970,0,0.0
1789732715.0,0.9766,120.0,221.0,250.0,3208137448,891850576,62782,0,0.0
1789732717.1,0.9623,120.0,218.0,250.0,3208402077,891850576,264629,0,0.0
1789732719.2,0.9813,121.0,219.0,250.0,3208473435,891850576,71358,0,0.0
1789732721.2,0.9716,122.0,216.0,250.0,3208722064,891850576,248629,0,0.0
1789732723.3,0.9806,122.0,221.0,250.0,3208803314,891850576,81250,0,0.0
1789732725.4,0.9688,120.0,221.0,250.0,3208971703,891850576,168389,0,0.0
1789732727.5,0.9776,120.0,222.0,250.0,3209118565,891850576,146862,0,0.0
1789732729.5,0.9536,118.0,222.0,250.0,3209323424,891850576,204859,0,0.0
1789732731.6,0.9566,118.0,221.0,250.0,3209456815,891850576,133391,0,0.0
1789732733.7,0.9569,116.0,226.0,250.0,3209456815,891850576,0,0,
1789732735.7,0.9616,117.0,225.0,250.0,3209643335,891850576,186520,0,0.0
1789732737.9,0.9588,117.0,225.0,250.0,3209864004,891850576,220669,0,0.0
1789732740.0,0.9699,117.0,224.0,250.0,3210063165,891850576,199161,0,0.0
1789732742.1,0.9847,118.0,223.0,250.0,3210114543,891850592,51378,16,0.0003
1789732744.1,0.9872,119.0,222.0,250.0,3210192413,891850592,77870,0,0.0
1789732746.2,0.9807,118.0,222.0,251.0,3210349161,891850608,156748,16,0.0001
1789732748.3,0.9815,119.0,219.0,251.0,3210529365,891850608,180204,0,0.0
1789732750.4,0.9594,117.0,220.0,251.0,3210814536,891850608,285171,0,0.0
1789732752.4,0.9806,118.0,223.0,251.0,3210882355,891850608,67819,0,0.0
1789732754.5,0.9614,117.0,224.0,251.0,3210988612,891850608,106257,0,0.0
1789732756.7,0.9459,117.0,223.0,251.0,3211384154,891850608,395542,0,0.0
1789732758.7,0.9441,117.0,222.0,251.0,3211492601,891850608,108447,0,0.0
1789732760.8,0.9501,116.0,226.0,251.0,3211598817,891850608,106216,0,0.0
1789732762.9,0.9551,116.0,225.0,251.0,3211689393,891850608,90576,0,0.0
1789732764.9,0.9752,118.0,224.0,251.0,3211821417,891850608,132024,0,0.0
1789732767.0,0.9828,118.0,225.0,251.0,3211882301,891850608,60884,0,0.0
1789732769.1,0.9734,118.0,224.0,251.0,3212133278,891850608,250977,0,0.0
1789732771.2,0.9791,118.0,224.0,251.0,3212175881,891850608,42603,0,0.0
1789732773.2,0.9758,116.0,226.0,251.0,3212274675,891850608,98794,0,0.0
1789732775.3,0.9556,113.0,226.0,252.0,3212457617,891850608,182942,0,0.0
1789732777.4,0.9702,113.0,229.0,252.0,3212457617,891850608,0,0,
1789732779.5,0.9641,113.0,230.0,252.0,3212572897,891850624,115280,16,0.0001
1789732781.5,0.9687,114.0,228.0,252.0,3212698986,891850624,126089,0,0.0
1789732783.6,0.9498,113.0,228.0,252.0,3213005435,891850640,306449,16,0.0001
1789732785.7,0.957,113.0,228.0,252.0,3213180379,891850640,174944,0,0.0
1789732787.7,0.9482,111.0,230.0,252.0,3213265417,891850640,85038,0,0.0
1789732789.8,0.9536,111.0,231.0,252.0,3213440284,891850640,174867,0,0.0
1789732791.9,0.9665,112.0,232.0,252.0,3213525664,891850640,85380,0,0.0
1789732794.0,0.9652,110.0,233.0,252.0,3213525664,891850640,0,0,
1789732796.0,0.9706,110.0,231.0,252.0,3213652101,891850640,126437,0,0.0
1789732798.1,0.9569,110.0,233.0,252.0,3213710903,891850640,58802,0,0.0
1789732800.2,0.9646,111.0,232.0,252.0,3213832451,891850640,121548,0,0.0
1789732802.3,0.9743,111.0,232.0,252.0,3213876135,891850656,43684,16,0.0004
1789732804.3,0.9586,110.0,232.0,252.0,3214020397,891850672,144262,16,0.0001
1789732806.4,0.9371,109.0,231.0,252.0,3214359567,891850672,339170,0,0.0
1789732808.5,0.9522,110.0,232.0,252.0,3214458440,891850672,98873,0,0.0
1789732810.6,0.9598,110.0,234.0,252.0,3214599404,891850672,140964,0,0.0
1789732812.7,0.9652,110.0,233.0,252.0,3214740377,891850672,140973,0,0.0
1789732814.8,0.9751,110.0,233.0,252.0,3214848408,891850672,108031,0,0.0
1789732816.9,0.9731,110.0,231.0,252.0,3214896402,891850672,47994,0,0.0
1789732819.0,0.9625,109.0,231.0,252.0,3215118153,891850688,221751,16,0.0001
1789732821.0,0.9654,109.0,232.0,252.0,3215310182,891850688,192029,0,0.0
1789732823.1,0.9803,109.0,234.0,252.0,3215310182,891850688,0,0,
1789732825.2,0.9817,110.0,234.0,252.0,3215423546,891850688,113364,0,0.0
1789732827.3,0.9808,111.0,230.0,252.0,3215611916,891850688,188370,0,0.0
1789732829.3,0.9762,111.0,231.0,252.0,3215808760,891850704,196844,16,0.0001
1789732831.4,0.97,110.0,231.0,252.0,3215965012,891850704,156252,0,0.0
1789732833.5,0.9787,111.0,232.0,252.0,3216092548,891850704,127536,0,0.0
1789732835.5,0.9799,110.0,233.0,252.0,3216191299,891850704,98751,0,0.0
1789732837.6,0.9849,109.0,235.0,252.0,3216191299,891850704,0,0,
1789732839.7,0.9734,108.0,235.0,252.0,3216390006,891850704,198707,0,0.0
1789732841.8,0.9546,106.0,236.0,252.0,3216501352,891850704,111346,0,0.0
1789732843.8,0.9543,105.0,237.0,252.0,3216642430,891850704,141078,0,0.0
1789732845.9,0.9588,105.0,239.0,252.0,3216642430,891850704,0,0,
1789732848.0,0.9595,106.0,238.0,252.0,3216820022,891850704,177592,0,0.0
1789732850.1,0.9695,106.0,239.0,252.0,3216820022,891850704,0,0,
1789732852.1,0.962,107.0,235.0,252.0,3217105085,891850720,285063,16,0.0001
1789732854.2,0.9576,106.0,236.0,252.0,3217281041,891850720,175956,0,0.0
1789732856.3,0.9667,106.0,238.0,252.0,3217348994,891850720,67953,0,0.0
1789732858.3,0.97,106.0,237.0,252.0,3217391873,891850720,42879,0,0.0
1789732860.4,0.9659,106.0,235.0,252.0,3217540913,891850736,149040,16,0.0001
1789732862.5,0.9594,105.0,233.0,252.0,3217753412,891850736,212499,0,0.0
1789732864.6,0.9659,106.0,231.0,252.0,3217851901,891850736,98489,0,0.0
1789732866.6,0.9535,105.0,229.0,252.0,3218076855,891850736,224954,0,0.0
1789732868.7,0.9455,103.0,228.0,252.0,3218126265,891850736,49410,0,0.0
1789732870.8,0.9647,105.0,226.0,252.0,3218296142,891850736,169877,0,0.0
1789732872.9,0.9753,106.0,225.0,252.0,3218312917,891850736,16775,0,0.0
1789732874.9,0.9604,106.0,222.0,252.0,3218510124,891850736,197207,0,0.0
1789732877.0,0.9661,106.0,220.0,252.0,3218647056,891850736,136932,0,0.0
1789732879.1,0.9707,107.0,217.0,252.0,3218851302,891850736,204246,0,0.0
1789732881.1,0.9847,108.0,216.0,252.0,3218893943,891850736,42641,0,0.0
1789732883.2,0.9858,108.0,214.0,252.0,3219013889,891850736,119946,0,0.0
1789732885.3,0.9745,107.0,212.0,252.0,3219093511,891850736,79622,0,0.0
1789732887.3,0.9579,105.0,209.0,252.0,3219286353,891850736,192842,0,0.0
1789732889.4,0.9583,104.0,208.0,252.0,3219386160,891850736,99807,0,0.0
1789732891.5,0.9507,103.0,207.0,252.0,3219442827,891850736,56667,0,0.0
1789732893.6,0.9556,104.0,204.0,252.0,3219707398,891850736,264571,0,0.0
1789732895.6,0.9555,105.0,202.0,252.0,3219879602,891850736,172204,0,0.0
1789732897.7,0.9673,105.0,201.0,252.0,3219972030,891850736,92428,0,0.0
1789732899.8,0.9687,105.0,200.0,252.0,3220039668,891850736,67638,0,0.0
1789732901.9,0.9674,105.0,198.0,252.0,3220167209,891850736,127541,0,0.0
1789732903.9,0.964,105.0,195.0,252.0,3220246959,891850736,79750,0,0.0
1789732906.0,0.9653,106.0,192.0,252.0,3220421591,891850752,174632,16,0.0001
1789732908.1,0.978,107.0,190.0,252.0,3220573013,891850752,151422,0,0.0
1789732910.1,0.9586,106.0,187.0,252.0,3220790494,891850752,217481,0,0.0
1789732912.2,0.9698,106.0,185.0,252.0,3220949900,891850752,159406,0,0.0
1789732914.3,0.9801,106.0,184.0,252.0,3220996533,891850752,46633,0,0.0
1789732916.4,0.9756,105.0,182.0,252.0,3221161714,891850752,165181,0,0.0
1789732918.4,0.9568,103.0,180.0,252.0,3221257371,891850752,95657,0,0.0
1789732920.5,0.962,105.0,177.0,252.0,3221412413,891850752,155042,0,0.0
1789732922.6,0.9556,106.0,173.0,252.0,3221632557,891850752,220144,0,0.0
1789732924.7,0.9752,108.0,171.0,252.0,3221753683,891850752,121126,0,0.0
1789732926.7,0.9662,106.0,170.0,252.0,3221831366,891850768,77683,16,0.0002
1789732928.8,0.9688,105.0,170.0,252.0,3221831366,891850768,0,0,
1789732930.9,0.9459,104.0,168.0,252.0,3222166566,891850768,335200,0,0.0
1789732932.9,0.9491,103.0,168.0,252.0,3222166566,891850768,0,0,
1789732935.0,0.9495,103.0,167.0,252.0,3222358985,891850768,192419,0,0.0
1789732937.1,0.9517,103.0,166.0,252.0,3222441413,891850768,82428,0,0.0
1789732939.1,0.9664,103.0,166.0,252.0,3222441413,891850768,0,0,
1789732941.2,0.9714,103.0,165.0,252.0,3222495175,891850768,53762,0,0.0
1789732943.3,0.9633,101.0,165.0,252.0,3222495175,891850768,0,0,
1789732945.4,0.9656,101.0,165.0,252.0,3222495175,891850768,0,0,
1789732947.4,0.969,101.0,164.0,252.0,3222569283,891850768,74108,0,0.0
1789732949.5,0.9558,100.0,163.0,252.0,3222624888,891850768,55605,0,0.0
1789732951.6,0.9341,99.0,160.0,252.0,3222973193,891850784,348305,16,0.0
1789732953.6,0.9524,100.0,158.0,252.0,3223145107,891850800,171914,16,0.0001
1789732955.7,0.9656,100.0,158.0,252.0,3223145107,891850800,0,0,
1789732957.8,0.9752,101.0,157.0,252.0,3223202228,891850800,57121,0,0.0
1789732959.8,0.9843,100.0,156.0,252.0,3223253432,891850800,51204,0,0.0
1789732961.9,0.9609,100.0,153.0,252.0,3223454625,891850800,201193,0,0.0
1789732964.0,0.9318,100.0,149.0,252.0,3223802001,891850800,347376,0,0.0
1789732966.1,0.9465,99.0,149.0,252.0,3223802001,891850800,0,0,
1789732968.1,0.9615,101.0,146.0,252.0,3224025936,891850816,223935,16,0.0001
1789732970.2,0.9642,100.0,145.0,252.0,3224093425,891850816,67489,0,0.0
1789732972.3,0.9486,99.0,141.0,252.0,3224343746,891850816,250321,0,0.0
1789732974.3,0.9609,102.0,137.0,252.0,3224561977,891850816,218231,0,0.0
1789732976.4,0.0,0.0,0.0,252.0,3224820193,891850832,258216,16,0.0001
1789732978.5,0.0,0.0,0.0,252.0,3224820193,891850832,0,0,
1789732980.6,0.0,0.0,0.0,252.0,3224820193,891850832,0,0,
1789732982.6,0.0,0.0,0.0,252.0,3224820193,891850832,0,0,
1789732984.7,0.0,0.0,0.0,252.0,3224820193,891850832,0,0,
1789732986.8,0.0,0.0,0.0,252.0,3224820193,891850832,0,0,
1789732988.8,0.0,0.0,0.0,252.0,3224820193,891850832,0,0,
1789732990.9,0.0,0.0,0.0,252.0,3224820193,891850832,0,0,
1789732992.9,0.0,0.0,0.0,252.0,3224820193,891850832,0,0,
1789732995.0,0.0,0.0,0.0,252.0,3224820193,891850832,0,0,
1789732997.1,0.0,0.0,0.0,252.0,3224820193,891850832,0,0,
1789732999.2,0.0,0.0,0.0,252.0,3224820193,891850832,0,0,
1789733001.2,0.0,0.0,0.0,252.0,3224820193,891850832,0,0,
1789733003.3,0.0,0.0,0.0,252.0,3224820193,891850832,0,0,
1789733005.3,0.0,0.0,0.0,252.0,3224820193,891850832,0,0,
1789733007.4,0.0,0.0,0.0,252.0,3224820193,891850832,0,0,
1789733009.5,0.0,0.0,0.0,252.0,3224820193,891850832,0,0,
1789733011.6,0.0,0.0,0.0,252.0,3224820193,891850832,0,0,
1789733013.6,0.0,0.0,0.0,252.0,3224820193,891850832,0,0,
1789733015.7,0.0,0.0,0.0,252.0,3224820193,891850832,0,0,
1789733017.7,0.0,0.0,0.0,252.0,3224820193,891850832,0,0,
1789733019.8,0.0,0.0,0.0,252.0,3224820193,891850832,0,0,
1789733021.9,0.0,0.0,0.0,252.0,3224820193,891850832,0,0,
1789733023.9,0.0,0.0,0.0,252.0,3224820193,891850832,0,0,
1789733026.0,0.0,0.0,0.0,252.0,3224820193,891850832,0,0,
1789733028.1,0.0,0.0,0.0,252.0,3224820193,891850832,0,0,
1789733030.1,0.0,0.0,0.0,252.0,3224820193,891850832,0,0,
1789733032.2,0.0,0.0,0.0,252.0,3224820193,891850832,0,0,
1789733034.3,0.0,0.0,0.0,252.0,3224820193,891850832,0,0,
1789733036.3,0.0,0.0,0.0,252.0,3224820193,891850832,0,0,
1789733038.4,0.0,0.0,0.0,252.0,3224820193,891850832,0,0,
1789733040.5,0.0,0.0,0.0,252.0,3224820193,891850832,0,0,
1789733042.6,0.0,0.0,0.0,252.0,3224820193,891850832,0,0,
1789733044.6,0.0,0.0,0.0,252.0,3224820193,891850832,0,0,
1789733046.7,0.0,0.0,0.0,252.0,3224820193,891850832,0,0,
1789733048.8,0.0,0.0,0.0,252.0,3224820193,891850832,0,0,
1789733050.8,0.0,0.0,0.0,252.0,3224820193,891850832,0,0,
1789733052.9,0.0,0.0,0.0,252.0,3224820193,891850832,0,0,
1789733055.0,0.0,0.0,0.0,252.0,3224820193,891850832,0,0,
1789733057.0,0.0,0.0,0.0,252.0,3224820193,891850832,0,0,
1789733059.1,0.0,0.0,0.0,252.0,3224820193,891850832,0,0,
1789733061.1,0.0,0.0,0.0,252.0,3224820193,891850832,0,0,
1789733063.2,0.0,0.0,0.0,252.0,3224820193,891850832,0,0,
1789733065.3,0.0,0.0,0.0,252.0,3224820193,891850832,0,0,
1789733067.3,0.0,0.0,0.0,252.0,3224820193,891850832,0,0,
1789733069.4,0.0,0.0,0.0,252.0,3224820193,891850832,0,0,
1789733071.5,0.0,0.0,0.0,252.0,3224820193,891850832,0,0,
1789733073.5,0.0,0.0,0.0,252.0,3224820193,891850832,0,0,
1789733075.6,0.0,0.0,0.0,252.0,3224820193,891850832,0,0,
1789733077.7,0.0,0.0,0.0,252.0,3224820193,891850832,0,0,
1789733079.8,0.0,0.0,0.0,252.0,3224820193,891850832,0,0,
1789733081.8,0.0,0.0,0.0,252.0,3224820193,891850832,0,0,
1789733083.9,0.0,0.0,0.0,252.0,3224820193,891850832,0,0,
1789733086.0,0.0,0.0,0.0,252.0,3224820193,891850832,0,0,
1789733088.0,0.0,0.0,0.0,252.0,3224820193,891850832,0,0,
1789733090.1,0.0,0.0,0.0,252.0,3224820193,891850832,0,0,
1789733092.2,0.0,0.0,0.0,252.0,3224820193,891850832,0,0,
1789733094.2,0.0,0.0,0.0,252.0,3224820193,891850832,0,0,
1789733096.3,0.0,0.0,0.0,252.0,3224820193,891850832,0,0,
1789733098.4,0.0,0.0,0.0,252.0,3224820193,891850832,0,0,
1789733100.4,0.0,0.0,0.0,252.0,3224820193,891850832,0,0,
1789733102.5,0.0,0.0,0.0,252.0,3224820193,891850832,0,0,
1789733104.6,0.0,0.0,0.0,252.0,3224820193,891850832,0,0,
1789733106.6,0.0,0.0,0.0,252.0,3224820193,891850832,0,0,
1789733108.7,0.0,0.0,0.0,252.0,3224820193,891850832,0,0,
1789733110.8,0.0,0.0,0.0,252.0,3224820193,891850832,0,0,
1789733112.8,0.0,0.0,0.0,252.0,3224820193,891850832,0,0,
1789733114.9,0.0,0.0,0.0,252.0,3224820193,891850832,0,0,
1789733117.0,0.0,0.0,0.0,252.0,3224820193,891850832,0,0,
1789733119.0,0.0,0.0,0.0,252.0,3224820193,891850832,0,0,
1789733121.1,0.0,0.0,0.0,252.0,3224820193,891850832,0,0,
1789733123.2,0.0,0.0,0.0,252.0,3224820193,891850832,0,0,
1789733125.2,0.0,0.0,0.0,252.0,3224820193,891850832,0,0,
1789733127.3,0.0,0.0,0.0,252.0,3224820193,891850832,0,0,
1789733129.4,0.0,0.0,0.0,252.0,3224820193,891850832,0,0,
1789733131.4,0.0,0.0,0.0,252.0,3224820193,891850832,0,0,
1789733133.5,0.0,0.0,0.0,252.0,3224820193,891850832,0,0,
1789733135.6,0.0,0.0,0.0,252.0,3224820193,891850832,0,0,
1789733137.7,0.0,0.0,0.0,252.0,3224820193,891850832,0,0,
1789733139.7,0.0,0.0,0.0,252.0,3224820193,891850832,0,0,
1789733141.8,0.0,0.0,0.0,252.0,3224820193,891850832,0,0,
1789733143.8,0.0,0.0,0.0,252.0,3224820193,891850832,0,0,
1789733145.9,0.0,0.0,0.0,252.0,3224820193,891850832,0,0,
1789733148.0,0.0,0.0,0.0,252.0,3224820193,891850832,0,0,
1789733150.0,0.0,0.0,0.0,252.0,3224820193,891850832,0,0,
1789733152.1,0.0,0.0,0.0,252.0,3224820193,891850832,0,0,
1789733154.2,0.0,0.0,0.0,252.0,3224820193,891850832,0,0,
1789733156.2,0.0,0.0,0.0,252.0,3224820193,891850832,0,0,
1789733158.3,0.0,0.0,0.0,252.0,3224820193,891850832,0,0,
1789733160.4,0.0,0.0,0.0,252.0,3224820193,891850832,0,0,
1789733162.5,0.0,0.0,0.0,252.0,3224820193,891850832,0,0,
1789733164.5,0.0,0.0,0.0,252.0,3224820193,891850832,0,0,
1789733166.6,0.0,0.0,0.0,252.0,3224820193,891850832,0,0,
1789733168.7,0.0,0.0,0.0,252.0,3224820193,891850832,0,0,
1789733170.7,0.0,0.0,0.0,252.0,3224820193,891850832,0,0,
1789733172.8,0.0,0.0,0.0,252.0,3224820193,891850832,0,0,
1789733174.9,0.0,0.0,0.0,252.0,3224820193,891850832,0,0,
1789733176.9,0.0,0.0,0.0,252.0,3224820193,891850832,0,0,
1789733179.0,0.0,0.0,0.0,252.0,3224820193,891850832,0,0,
1789733181.1,0.0,0.0,0.0,252.0,3224820193,891850832,0,0,
1789733183.2,0.0,0.0,0.0,252.0,3224820193,891850832,0,0,
1789733185.2,0.0,0.0,0.0,252.0,3224820193,891850832,0,0,
1789733187.3,0.0,0.0,0.0,252.0,3224820193,891850832,0,0,
1789733189.4,0.0,0.0,0.0,252.0,3224820193,891850832,0,0,
1789733191.4,0.0,0.0,0.0,252.0,3224820193,891850832,0,0,
1789733193.5,0.0,0.0,0.0,252.0,3224820193,891850832,0,0,
1789733195.6,0.0,0.0,0.0,252.0,3224820193,891850832,0,0,
1789733197.6,0.0,0.0,0.0,252.0,3224820193,891850832,0,0,
1789733199.7,0.0,0.0,0.0,252.0,3224820193,891850832,0,0,
1789733201.8,0.0,0.0,0.0,252.0,3224820193,891850832,0,0,
1789733203.8,0.0,0.0,0.0,252.0,3224820193,891850832,0,0,
1789733205.9,0.0,0.0,0.0,252.0,3224820193,891850832,0,0,
1789733208.0,0.0,0.0,0.0,252.0,3224820193,891850832,0,0,
1789733210.0,0.0,0.0,0.0,252.0,3224820193,891850832,0,0,
1789733212.1,0.0,0.0,0.0,252.0,3224820193,891850832,0,0,
1789733214.2,0.0,0.0,0.0,252.0,3224820193,891850832,0,0,
1789733216.2,0.0,0.0,0.0,252.0,3224820193,891850832,0,0,
1789733218.3,0.0,0.0,0.0,252.0,3224820193,891850832,0,0,
1789733220.4,0.0,0.0,0.0,252.0,3224820193,891850832,0,0,
1789733222.4,0.0,0.0,0.0,252.0,3224820193,891850832,0,0,
1789733224.5,0.0,0.0,0.0,252.0,3224820193,891850832,0,0,
1789733226.6,0.0,0.0,0.0,252.0,3224820193,891850832,0,0,
1789733228.6,0.0,0.0,0.0,252.0,3224820193,891850832,0,0,
1789733230.7,0.0,0.0,0.0,252.0,3224820193,891850832,0,0,
1789733232.8,0.0,0.0,0.0,252.0,3224820193,891850832,0,0,
1789733234.8,0.0,0.0,0.0,252.0,3224820193,891850832,0,0,
1789733236.9,0.0,0.0,0.0,252.0,3224820193,891850832,0,0,
1789733239.0,0.0,0.0,0.0,252.0,3224820193,891850832,0,0,
1789733239.1,0.0,0.0,0.0,252.0,3224820193,891850832,0,0,
