ts,programs_running,programs_idle,programs_marked,programs_paused,holds_reasoning,holds_paused,holds_new,releases_reasoning,releases_paused,releases_new,pauses_total,resumes_total,rebinds_total,starvation_promotions_total,pod_utilization,fc_queue_size,fc_queue_wait_sum,fc_queue_wait_count
1789711900.1,0.0,0.0,0.0,0.0,,,,,,,0.0,0.0,0.0,0.0,0.0,,,
1789711902.1,0.0,0.0,0.0,0.0,,,,,,,0.0,0.0,0.0,0.0,0.0,,,
1789711904.2,0.0,0.0,0.0,0.0,,,,,,,0.0,0.0,0.0,0.0,0.0,,,
1789711906.2,0.0,0.0,0.0,0.0,,,,,,,0.0,0.0,0.0,0.0,0.0,,,
1789711908.2,0.0,0.0,0.0,0.0,,,,,,,0.0,0.0,0.0,0.0,0.0,,,
1789711910.2,0.0,0.0,0.0,0.0,,,,,,,0.0,0.0,0.0,0.0,0.0,,,
1789711912.3,0.0,0.0,0.0,0.0,,,,,,,0.0,0.0,0.0,0.0,0.0,,,
1789711914.3,0.0,0.0,0.0,0.0,,,,,,,0.0,0.0,0.0,0.0,0.0,,,
1789711916.3,0.0,0.0,0.0,0.0,,,,,,,0.0,0.0,0.0,0.0,0.0,,,
1789711918.3,0.0,0.0,0.0,0.0,,,,,,,0.0,0.0,0.0,0.0,0.0,,,
1789711920.4,0.0,0.0,0.0,0.0,,,,,,,0.0,0.0,0.0,0.0,0.0,,,
1789711922.4,0.0,0.0,0.0,0.0,,,,,,,0.0,0.0,0.0,0.0,0.0,,,
1789711924.4,0.0,0.0,0.0,0.0,,,,,,,0.0,0.0,0.0,0.0,0.0,,,
1789711926.4,0.0,0.0,0.0,0.0,,,,,,,0.0,0.0,0.0,0.0,0.0,,,
1789711928.5,0.0,0.0,0.0,0.0,,,,,,,0.0,0.0,0.0,0.0,0.0,,,
1789711930.5,0.0,0.0,0.0,0.0,,,,,,,0.0,0.0,0.0,0.0,0.0,,,
1789711932.5,0.0,0.0,0.0,0.0,,,,,,,0.0,0.0,0.0,0.0,0.0,,,
1789711934.5,0.0,0.0,0.0,0.0,,,,,,,0.0,0.0,0.0,0.0,0.0,,,
1789711936.6,0.0,0.0,0.0,0.0,,,,,,,0.0,0.0,0.0,0.0,0.0,,,
1789711938.6,0.0,0.0,0.0,0.0,,,,,,,0.0,0.0,0.0,0.0,0.0,,,
1789711940.6,0.0,0.0,0.0,0.0,,,,,,,0.0,0.0,0.0,0.0,0.0,,,
1789711942.6,0.0,0.0,0.0,0.0,,,,,,,0.0,0.0,0.0,0.0,0.0,,,
1789711944.7,0.0,0.0,0.0,0.0,,,,,,,0.0,0.0,0.0,0.0,0.0,,,
1789711946.7,0.0,0.0,0.0,0.0,,,,,,,0.0,0.0,0.0,0.0,0.0,,,
1789711948.7,0.0,0.0,0.0,0.0,,,,,,,0.0,0.0,0.0,0.0,0.0,,,
1789711950.7,0.0,0.0,0.0,0.0,,,,,,,0.0,0.0,0.0,0.0,0.0,,,
1789711952.8,0.0,0.0,0.0,0.0,,,,,,,0.0,0.0,0.0,0.0,0.0,,,
1789711954.8,0.0,0.0,0.0,0.0,,,,,,,0.0,0.0,0.0,0.0,0.0,,,
1789711956.8,0.0,0.0,0.0,0.0,,,,,,,0.0,0.0,0.0,0.0,0.0,,,
1789711958.8,0.0,0.0,0.0,0.0,,,,,,,0.0,0.0,0.0,0.0,0.0,,,
1789711960.9,0.0,0.0,0.0,0.0,,,,,,,0.0,0.0,0.0,0.0,0.0,,,
1789711962.9,0.0,0.0,0.0,0.0,,,,,,,0.0,0.0,0.0,0.0,0.0,,,
1789711964.9,0.0,0.0,0.0,0.0,,,,,,,0.0,0.0,0.0,0.0,0.0,,,
1789711966.9,0.0,0.0,0.0,0.0,,,,,,,0.0,0.0,0.0,0.0,0.0,,,
1789711969.0,0.0,0.0,0.0,0.0,,,,,,,0.0,0.0,0.0,0.0,0.0,,,
1789711971.0,43.0,0.0,0.0,0.0,,,,,,43.0,0.0,0.0,0.0,0.0,0.1634002968207989,,0.012127864,86.0
1789711973.2,45.0,0.0,0.0,0.0,,,,4.0,,45.0,0.0,0.0,0.0,0.0,0.2535976111289919,,0.013688382,98.0
1789711975.5,46.0,0.0,0.0,0.0,,,,10.0,,46.0,0.0,0.0,0.0,0.0,0.354192593784644,,0.01566106,112.0
1789711977.8,46.0,0.0,0.0,0.0,,,,12.0,,46.0,0.0,0.0,0.0,0.0,0.3895643350141258,,0.01607584,116.0
1789711980.1,46.0,0.0,0.0,0.0,,,,14.0,,46.0,0.0,0.0,0.0,0.0,0.4181588170081894,,0.0164633,120.0
1789711982.5,46.0,0.0,0.0,0.0,,,,31.0,,46.0,0.0,0.0,0.0,0.0,0.7209812967135143,,0.02014642,154.0
1789711985.0,46.0,0.0,0.0,0.0,,,,35.0,,46.0,0.0,0.0,0.0,0.0,0.767707774559239,,0.02113446,162.0
1789711987.5,46.0,0.0,0.0,0.0,,,,37.0,,46.0,0.0,0.0,0.0,0.0,0.8074674569967457,,0.021582862,166.0
1789711990.1,46.0,0.0,0.0,0.0,,,,37.0,,46.0,0.0,0.0,0.0,0.0,0.80755686085184,,0.021582862,166.0
1789711992.7,46.0,0.0,0.0,0.0,,,,38.0,,46.0,0.0,0.0,0.0,0.0,0.8226884633265387,,0.021841362,168.0
1789711995.2,46.0,0.0,0.0,0.0,,,,38.0,,46.0,0.0,0.0,0.0,0.0,0.8227868075671423,,0.021841362,168.0
1789711997.8,46.0,0.0,0.0,0.0,,,,38.0,,46.0,0.0,0.0,0.0,0.0,0.8229119729642742,,0.021841362,168.0
1789712000.3,46.0,0.0,0.0,0.0,,,,38.0,,46.0,0.0,0.0,0.0,0.0,0.8230192575903873,,0.021841362,168.0
1789712002.9,46.0,0.0,0.0,0.0,,,,38.0,,46.0,0.0,0.0,0.0,0.0,0.8231801845295569,,0.021841362,168.0
1789712005.4,46.0,0.0,0.0,0.0,,,,38.0,,46.0,0.0,0.0,0.0,0.0,0.8233053499266888,,0.021841362,168.0
1789712008.0,46.0,0.0,0.0,0.0,,,,38.0,,46.0,0.0,0.0,0.0,0.0,0.8234305153238207,,0.021841362,168.0
1789712010.6,46.0,0.0,0.0,0.0,,,,38.0,,46.0,0.0,0.0,0.0,0.0,0.8235735614919716,,0.021841362,168.0
1789712013.1,46.0,0.0,0.0,0.0,,,,38.0,,46.0,0.0,0.0,0.0,0.0,0.8237702499731788,,0.021841362,168.0
1789712015.7,45.0,1.0,0.0,0.0,,,,38.0,,46.0,0.0,0.0,0.0,0.0,0.8242208454028538,,0.021841362,168.0
1789712018.2,45.0,1.0,0.0,0.0,,,,39.0,,46.0,0.0,0.0,0.0,0.0,0.8247161427600758,,0.022129182,170.0
1789712020.8,44.0,2.0,0.0,0.0,,,,39.0,,46.0,0.0,0.0,0.0,0.0,0.8252753638736903,,0.022129182,170.0
1789712023.4,45.0,1.0,0.0,0.0,,,,41.0,,46.0,0.0,0.0,0.0,0.0,0.8426809534027108,,0.02282332,174.0
1789712026.0,46.0,0.0,0.0,0.0,,,,42.0,,46.0,0.0,0.0,0.0,0.0,0.8432978400028609,,0.02313914,176.0
1789712028.6,43.0,3.0,0.0,0.0,,,,43.0,,46.0,0.0,0.0,0.0,0.0,0.8501032614526338,,0.02362596,178.0
1789712031.2,40.0,6.0,0.0,0.0,,,,48.0,,46.0,0.0,0.0,0.0,0.0,0.8642764546007223,,0.02497296,188.0
1789712033.8,43.0,4.0,0.0,0.0,,,,56.0,,47.0,0.0,0.0,0.0,0.0,0.8966115938919286,,0.027254002,206.0
1789712036.5,45.0,2.0,0.0,0.0,,,,59.0,,47.0,0.0,0.0,0.0,0.0,0.8986061938990809,,0.028039902,212.0
1789712039.1,46.0,2.0,0.0,0.0,,,,65.0,,48.0,0.0,0.0,0.0,0.0,0.9246665236204985,,0.030277224,226.0
1789712041.8,46.0,2.0,0.0,0.0,,,,69.0,,48.0,0.0,0.0,0.0,0.0,0.9416295640668025,,0.031611448,234.0
1789712044.4,43.0,5.0,0.0,0.0,,,,72.0,,48.0,0.0,0.0,0.0,0.0,0.9514729285126775,,0.03236913,240.0
1789712047.1,40.0,8.0,0.0,0.0,,,,79.0,,48.0,0.0,0.0,0.0,0.0,0.9634235418231234,,0.034726096,254.0
1789712049.7,42.0,6.0,0.0,0.0,,,,84.0,,48.0,0.0,0.0,0.0,0.0,0.967940224582484,,0.035945852,264.0
1789712052.4,43.0,5.0,0.0,0.0,,,,89.0,,48.0,0.0,0.0,0.0,0.0,0.9718999213246076,,0.037206792,274.0
1789712055.0,45.0,3.0,0.0,0.0,,,,99.0,,48.0,0.0,0.0,0.0,0.0,0.9867029646318349,,0.039954254,294.0
1789712057.6,45.0,3.0,0.0,0.0,,,,103.0,,48.0,0.0,0.0,0.0,0.0,0.98730554661517,,0.040847994,302.0
1789712060.3,45.0,3.0,0.0,0.0,,,,112.0,,48.0,0.0,0.0,0.0,0.0,0.9816735507635089,,0.043177296,320.0
1789712062.9,48.0,0.0,0.0,0.0,,,,116.0,,48.0,0.0,0.0,0.0,0.0,0.9842023388048493,,0.044407796,328.0
1789712065.6,44.0,4.0,0.0,0.0,,,,121.0,,48.0,0.0,0.0,0.0,0.0,0.9910077602546222,,0.045614676,338.0
1789712068.3,46.0,3.0,0.0,0.0,,,,125.0,,49.0,0.0,0.0,0.0,0.0,0.9935892965704681,,0.047409378,348.0
1789712070.9,47.0,2.0,0.0,0.0,,,,132.0,,49.0,0.0,0.0,0.0,0.0,1.0094271895004112,,0.049377138,362.0
1789712073.6,0.0,0.0,47.0,2.0,,,,135.0,,49.0,2.0,0.0,0.0,0.0,0.9858120552158209,,0.050345958,368.0
1789712076.3,2.0,0.0,42.0,5.0,,,,135.0,2.0,49.0,7.0,2.0,0.0,0.0,0.9270124807781711,,0.050938438,372.0
1789712079.0,6.0,1.0,38.0,4.0,,,,135.0,7.0,49.0,11.0,7.0,0.0,0.0,0.9773499803311518,,0.052455316,382.0
1789712081.7,7.0,1.0,37.0,4.0,,,,135.0,8.0,49.0,12.0,8.0,0.0,0.0,0.9786557236348031,,0.052671076,384.0
1789712084.3,10.0,1.0,36.0,2.0,,,,135.0,11.0,49.0,13.0,11.0,0.0,0.0,1.013136555448271,2.0,0.053369176,390.0
1789712087.0,13.0,1.0,32.0,4.0,,1.0,,136.0,13.0,50.0,17.0,13.0,0.0,0.0,1.0015837892929944,,4.688900324,398.0
1789712089.7,3.0,0.0,43.0,4.0,,2.0,,137.0,17.0,50.0,21.0,17.0,0.0,0.0,0.9866743553982048,4.0,9.334657454,408.0
1789712092.3,4.0,0.0,41.0,5.0,,2.0,,137.0,18.0,50.0,23.0,18.0,0.0,0.0,0.9883730286449952,10.0,9.697519408,410.0
1789712095.1,7.0,0.0,38.0,5.0,,5.0,,137.0,21.0,50.0,26.0,21.0,0.0,0.0,0.9859367735936774,6.0,25.685086912,416.0
1789712097.9,11.0,0.0,34.0,5.0,,7.0,,137.0,25.0,50.0,30.0,25.0,0.0,0.0,0.990831187640811,2.0,46.92730405,424.0
1789712100.6,14.0,0.0,31.0,5.0,,8.0,,137.0,28.0,50.0,33.0,28.0,0.0,0.0,0.9948579372742553,8.0,50.50773696,430.0
1789712103.2,15.0,0.0,30.0,5.0,,9.0,,137.0,29.0,50.0,34.0,29.0,0.0,0.0,0.9961900547151593,8.0,56.259034204,432.0
1789712105.9,18.0,0.0,27.0,5.0,,12.0,,137.0,32.0,50.0,37.0,32.0,0.0,0.0,0.9882062904552444,4.0,77.68180986,438.0
1789712108.7,18.0,1.0,26.0,5.0,,13.0,,137.0,33.0,50.0,38.0,33.0,0.0,0.0,0.9976227514930444,8.0,92.301157192,440.0
1789712111.4,18.0,2.0,25.0,5.0,,14.0,,138.0,34.0,50.0,39.0,34.0,0.0,0.0,1.0031711547401925,10.0,101.083519878,444.0
1789712114.1,19.0,3.0,23.0,5.0,,15.0,,140.0,37.0,50.0,42.0,37.0,0.0,0.0,0.9961989951006688,8.0,105.448159332,454.0
1789712116.8,24.0,3.0,20.0,3.0,,17.0,,141.0,42.0,50.0,45.0,42.0,0.0,0.0,1.0400860065086006,4.0,130.085995104,466.0
1789712119.5,24.0,1.0,20.0,5.0,,17.0,,141.0,42.0,50.0,47.0,42.0,0.0,0.0,0.997814969781497,6.0,130.085995104,466.0
1789712122.3,25.0,1.0,19.0,5.0,,18.0,,142.0,43.0,50.0,48.0,43.0,0.0,0.0,1.008827289632729,4.0,191.48993005,470.0
1789712125.0,26.0,0.0,19.0,5.0,,19.0,,143.0,44.0,50.0,49.0,44.0,0.0,0.0,1.0083239459285485,6.0,193.556277048,474.0
1789712127.8,26.0,0.0,18.0,6.0,,19.0,,146.0,44.0,50.0,50.0,44.0,0.0,0.0,0.9876877480956979,10.0,193.557394186,480.0
1789712130.5,28.0,0.0,17.0,5.0,,20.0,,147.0,46.0,50.0,51.0,46.0,0.0,0.0,0.9944332689625577,10.0,200.51734607,486.0
1789712133.2,30.0,0.0,15.0,5.0,,22.0,,147.0,48.0,50.0,53.0,48.0,0.0,0.0,0.9877266387726639,8.0,220.597463432,490.0
1789712135.9,31.0,1.0,14.0,4.0,,24.0,,147.0,50.0,50.0,54.0,50.0,0.0,0.0,1.006690537495977,8.0,285.093861978,494.0
1789712138.6,31.0,0.0,14.0,5.0,,24.0,,147.0,50.0,50.0,55.0,50.0,0.0,0.0,0.9876046025104602,8.0,285.093861978,494.0
1789712141.3,30.0,2.0,14.0,4.0,,24.0,,150.0,51.0,50.0,55.0,51.0,0.0,0.0,1.0096028680756715,8.0,285.09509148,502.0
1789712144.0,28.0,4.0,14.0,4.0,,24.0,,151.0,52.0,50.0,56.0,52.0,0.0,0.0,1.0111862103493903,10.0,285.09561588,506.0
1789712146.8,31.0,2.0,13.0,4.0,,25.0,,156.0,53.0,50.0,57.0,53.0,0.0,0.0,1.0423202088474055,8.0,304.040876726,518.0
1789712149.5,3.0,0.0,41.0,6.0,,27.0,,157.0,56.0,50.0,62.0,56.0,0.0,0.0,1.0114673854736616,6.0,351.724269882,526.0
1789712152.2,4.0,0.0,39.0,7.0,,27.0,,157.0,57.0,50.0,64.0,57.0,0.0,0.0,0.986112899188213,12.0,352.683950284,528.0
1789712154.9,3.0,1.0,39.0,7.0,,27.0,,157.0,57.0,50.0,64.0,57.0,0.0,0.0,0.9863824518113221,14.0,352.683950284,528.0
1789712157.6,8.0,0.0,35.0,7.0,,31.0,,157.0,62.0,50.0,69.0,62.0,0.0,0.0,0.9873015234416908,8.0,400.524195898,538.0
1789712160.3,8.0,0.0,35.0,7.0,,31.0,,157.0,62.0,50.0,69.0,62.0,0.0,0.0,0.9875250330794264,12.0,400.524195898,538.0
1789712162.9,8.0,0.0,35.0,7.0,,31.0,,157.0,62.0,50.0,69.0,62.0,0.0,0.0,0.9876323177055395,12.0,400.524195898,538.0
1789712165.6,12.0,0.0,31.0,7.0,,33.0,,157.0,66.0,50.0,73.0,66.0,0.0,0.0,0.9768873153810392,12.0,422.6336884,546.0
1789712168.3,15.0,0.0,28.0,7.0,,34.0,,157.0,69.0,50.0,76.0,69.0,0.0,0.0,0.9783839359153167,10.0,443.739055682,552.0
1789712171.0,16.0,0.0,27.0,7.0,,35.0,,157.0,70.0,50.0,77.0,70.0,0.0,0.0,0.9857673532882738,10.0,446.244351854,554.0
1789712173.7,18.0,0.0,25.0,7.0,,35.0,,159.0,72.0,50.0,79.0,72.0,0.0,0.0,0.9899116689911669,10.0,447.608966324,562.0
1789712176.4,20.0,0.0,24.0,6.0,,36.0,,161.0,74.0,50.0,80.0,74.0,0.0,0.0,1.014691735507635,10.0,499.299419704,570.0
1789712179.1,3.0,0.0,42.0,5.0,,38.0,,161.0,77.0,50.0,82.0,77.0,0.0,0.0,0.9926331223402353,8.0,511.617763922,576.0
1789712181.8,4.0,0.0,41.0,5.0,,38.0,,161.0,78.0,50.0,83.0,78.0,0.0,0.0,0.9929308371776991,10.0,511.618103264,578.0
1789712184.4,5.0,0.0,39.0,6.0,,39.0,,161.0,79.0,50.0,85.0,79.0,0.0,0.0,0.9823874405464363,10.0,517.210678294,580.0
1789712187.1,7.0,0.0,37.0,6.0,,41.0,,161.0,81.0,50.0,87.0,81.0,0.0,0.0,0.9789346636626971,8.0,523.657678928,584.0
1789712189.8,8.0,0.0,36.0,6.0,,42.0,,161.0,82.0,50.0,88.0,82.0,0.0,0.0,0.9912612201838144,8.0,569.17484495,586.0
1789712192.5,8.0,1.0,35.0,6.0,,43.0,,161.0,83.0,50.0,89.0,83.0,0.0,0.0,0.986190680542145,10.0,577.736567542,588.0
1789712195.2,11.0,1.0,33.0,5.0,,45.0,,161.0,86.0,50.0,91.0,86.0,0.0,0.0,1.0177636519686728,6.0,590.795327546,594.0
1789712198.0,0.0,0.0,44.0,6.0,,45.0,,162.0,87.0,50.0,93.0,87.0,0.0,0.0,1.0013280942674248,10.0,592.460460236,598.0
1789712200.6,1.0,0.0,42.0,7.0,,46.0,,162.0,88.0,50.0,95.0,88.0,0.0,0.0,0.9808429889496835,14.0,595.86774855,600.0
1789712203.3,4.0,0.0,39.0,7.0,,49.0,,162.0,91.0,50.0,98.0,91.0,0.0,0.0,0.9761443693452062,10.0,606.428629304,606.0
1789712206.0,8.0,0.0,35.0,7.0,,52.0,,163.0,95.0,50.0,102.0,95.0,0.0,0.0,0.9932562672102421,6.0,634.200493416,616.0
1789712208.7,8.0,0.0,35.0,7.0,,52.0,,163.0,95.0,50.0,102.0,95.0,0.0,0.0,0.9934797768479777,10.0,634.200493416,616.0
1789712211.3,9.0,0.0,34.0,7.0,,53.0,,163.0,96.0,50.0,103.0,96.0,0.0,0.0,0.9919125272681758,12.0,636.53423063,618.0
1789712214.0,9.0,1.0,34.0,6.0,,54.0,,163.0,97.0,50.0,103.0,97.0,0.0,0.0,1.0117329149232914,12.0,648.182863262,620.0
1789712216.7,10.0,1.0,33.0,6.0,,55.0,,163.0,98.0,50.0,104.0,98.0,0.0,0.0,1.004764778457247,10.0,660.343413422,622.0
1789712219.4,12.0,0.0,32.0,6.0,,57.0,,163.0,100.0,50.0,106.0,100.0,0.0,0.0,0.9925535529092014,10.0,694.429666034,626.0
1789712222.1,13.0,0.0,31.0,6.0,,57.0,,164.0,101.0,50.0,107.0,101.0,0.0,0.0,0.9896823481028502,12.0,696.16169358,630.0
1789712224.7,12.0,1.0,31.0,6.0,,57.0,,164.0,101.0,50.0,107.0,101.0,0.0,0.0,0.9897601294567822,12.0,696.16169358,630.0
1789712227.4,14.0,0.0,30.0,6.0,,58.0,,165.0,103.0,50.0,109.0,103.0,0.0,0.0,0.999752351321389,10.0,705.8811151900001,636.0
1789712230.2,14.0,1.0,28.0,7.0,,58.0,,166.0,104.0,50.0,111.0,104.0,0.0,0.0,0.9836994421199442,10.0,705.881783228,640.0
1789712232.9,0.0,0.0,44.0,6.0,,59.0,,167.0,107.0,50.0,113.0,107.0,0.0,0.0,1.0148839537960876,8.0,842.048396984,648.0
1789712235.5,0.0,0.0,44.0,6.0,,59.0,,167.0,107.0,50.0,113.0,107.0,0.0,0.0,1.0150538211207667,8.0,842.048396984,648.0
1789712238.2,0.0,0.0,44.0,6.0,,59.0,,167.0,107.0,50.0,113.0,107.0,0.0,0.0,1.0155276615527662,12.0,842.048396984,648.0
1789712240.9,3.0,0.0,40.0,7.0,,60.0,,167.0,110.0,50.0,117.0,110.0,0.0,0.0,0.9952857347208811,14.0,846.522689018,654.0
1789712243.6,5.0,0.0,38.0,7.0,,61.0,,167.0,112.0,50.0,119.0,112.0,0.0,0.0,0.997923148446161,12.0,851.85070007,658.0
1789712246.3,7.0,0.0,35.0,8.0,,62.0,,167.0,114.0,50.0,122.0,114.0,0.0,0.0,0.999047401923971,12.0,856.753249494,662.0
1789712249.0,9.0,0.0,33.0,8.0,,64.0,,167.0,116.0,50.0,124.0,116.0,0.0,0.0,0.9921302256553303,14.0,873.78501012,666.0
1789712251.7,12.0,0.0,32.0,6.0,,67.0,,168.0,119.0,50.0,125.0,119.0,0.0,0.0,1.020142241533455,10.0,886.55106249,674.0
1789712254.4,2.0,0.0,40.0,8.0,,67.0,,168.0,121.0,50.0,129.0,121.0,0.0,0.0,0.9809806708865286,14.0,887.286506534,678.0
1789712257.1,5.0,0.0,37.0,8.0,,68.0,,168.0,124.0,50.0,132.0,124.0,0.0,0.0,0.9870556628401816,14.0,892.243846316,684.0
1789712259.8,8.0,0.0,34.0,8.0,,70.0,,168.0,127.0,50.0,135.0,127.0,0.0,0.0,0.9917207559989987,10.0,937.70944244,690.0
1789712262.5,10.0,0.0,32.0,8.0,,71.0,,168.0,129.0,50.0,137.0,129.0,0.0,0.0,0.998992418553088,16.0,945.097153956,694.0
1789712265.1,10.0,0.0,32.0,8.0,,71.0,,168.0,129.0,50.0,137.0,129.0,0.0,0.0,0.999224868576333,16.0,945.097153956,694.0
1789712267.8,12.0,0.0,30.0,8.0,,72.0,,168.0,131.0,50.0,139.0,131.0,0.0,0.0,0.9859899688874584,14.0,954.515109968,698.0
1789712270.5,14.0,0.0,29.0,7.0,,74.0,,168.0,133.0,50.0,140.0,133.0,0.0,0.0,0.9999320530701283,14.0,981.678834688,702.0
1789712273.3,1.0,0.0,41.0,8.0,,75.0,,168.0,134.0,50.0,142.0,134.0,0.0,0.0,0.9912746307620784,12.0,987.889972562,704.0
1789712275.9,3.0,0.0,39.0,8.0,,76.0,,168.0,136.0,50.0,144.0,136.0,0.0,0.0,0.976666040839681,14.0,1003.8605016,708.0
1789712278.6,5.0,0.0,37.0,8.0,,76.0,,168.0,138.0,50.0,146.0,138.0,0.0,0.0,0.9804049100597217,14.0,1006.8501326,712.0
1789712281.3,6.0,0.0,36.0,8.0,,76.0,,168.0,139.0,50.0,147.0,139.0,0.0,0.0,0.9756226978507313,14.0,1007.052337236,714.0
1789712284.0,7.0,0.0,35.0,8.0,,76.0,,168.0,140.0,50.0,148.0,140.0,0.0,0.0,0.975681257375818,16.0,1008.650389904,716.0
1789712286.7,11.0,0.0,32.0,7.0,,78.0,,169.0,144.0,50.0,151.0,144.0,0.0,0.0,1.0185647105103173,12.0,1031.393449162,726.0
1789712289.3,0.0,0.0,42.0,8.0,,78.0,,169.0,144.0,50.0,152.0,144.0,0.0,0.0,0.9985708793763187,16.0,1031.393449162,726.0
1789712292.0,2.0,0.0,39.0,9.0,,80.0,,169.0,146.0,50.0,155.0,146.0,0.0,0.0,0.9720957157672638,12.0,1042.549740536,730.0
1789712294.7,4.0,0.0,38.0,8.0,,80.0,,169.0,148.0,50.0,156.0,148.0,0.0,0.0,0.9871325501555627,16.0,1043.291351282,734.0
1789712297.4,7.0,0.0,34.0,9.0,,82.0,,169.0,151.0,50.0,160.0,151.0,0.0,0.0,0.9687497764903623,12.0,1201.741882564,740.0
1789712300.1,8.0,0.0,34.0,8.0,,82.0,,169.0,152.0,50.0,160.0,152.0,0.0,0.0,0.9997380467045739,14.0,1201.742162784,742.0
1789712302.8,9.0,0.0,33.0,8.0,,83.0,,169.0,153.0,50.0,161.0,153.0,0.0,0.0,0.9952137646175303,16.0,1204.659247704,744.0
1789712305.5,10.0,0.0,32.0,8.0,,83.0,,171.0,154.0,50.0,162.0,154.0,0.0,0.0,0.9992458784822802,16.0,1204.660096942,750.0
1789712308.2,11.0,0.0,30.0,9.0,,84.0,,171.0,155.0,50.0,164.0,155.0,0.0,0.0,0.9827294102921718,16.0,1214.120927092,752.0
1789712310.9,14.0,0.0,27.0,9.0,,85.0,,173.0,158.0,50.0,167.0,158.0,0.0,0.0,0.9786253263240711,16.0,1218.020466096,762.0
1789712313.5,16.0,0.0,25.0,9.0,,87.0,,173.0,161.0,50.0,170.0,161.0,0.0,0.0,0.9708807173765333,14.0,1242.163305538,768.0
1789712316.2,18.0,0.0,23.0,9.0,,87.0,,173.0,163.0,50.0,172.0,163.0,0.0,0.0,0.9966227693738154,16.0,1242.163889418,772.0
1789712318.9,20.0,0.0,21.0,9.0,,88.0,,173.0,165.0,50.0,174.0,165.0,0.0,0.0,0.9960823230697707,16.0,1245.7502920919999,776.0
1789712321.6,19.0,1.0,21.0,9.0,,88.0,,175.0,165.0,50.0,174.0,165.0,0.0,0.0,1.012044487358295,18.0,1245.750888354,780.0
1789712324.3,2.0,0.0,38.0,10.0,,88.0,,176.0,167.0,50.0,177.0,167.0,0.0,0.0,0.9938767299645961,18.0,1245.838649914,786.0
1789712327.0,4.0,0.0,36.0,10.0,,89.0,,176.0,169.0,50.0,179.0,169.0,0.0,0.0,0.9917860208132174,20.0,1264.329284038,790.0
1789712329.8,8.0,0.0,32.0,10.0,,91.0,,176.0,173.0,50.0,183.0,173.0,0.0,0.0,0.9969669742159282,16.0,1278.81250414,798.0
1789712332.5,9.0,0.0,31.0,10.0,,91.0,,176.0,174.0,50.0,184.0,174.0,0.0,0.0,0.9895907091513786,20.0,1280.33322313,800.0
1789712335.2,10.0,0.0,30.0,10.0,,92.0,,176.0,175.0,50.0,185.0,175.0,0.0,0.0,0.9849636126309766,18.0,1285.8738963,802.0
1789712337.9,10.0,1.0,29.0,10.0,,93.0,,177.0,176.0,50.0,186.0,176.0,0.0,0.0,0.9940014483424525,18.0,1298.16832293,806.0
1789712340.6,15.0,0.0,25.0,10.0,,94.0,,179.0,180.0,50.0,190.0,180.0,0.0,0.0,0.9965566105210457,18.0,1304.17873359,818.0
1789712343.3,15.0,0.0,24.0,11.0,,95.0,,179.0,181.0,50.0,192.0,181.0,0.0,0.0,0.9854557808532703,20.0,1364.96271512,820.0
1789712346.0,17.0,1.0,22.0,10.0,,97.0,,180.0,184.0,50.0,194.0,184.0,0.0,0.0,1.0008046346958481,18.0,1375.9275622979999,828.0
1789712348.7,16.0,4.0,20.0,10.0,,99.0,,180.0,187.0,50.0,197.0,187.0,0.0,0.0,1.0277840360476345,16.0,1381.716844482,834.0
1789712351.4,19.0,2.0,20.0,9.0,,100.0,,182.0,188.0,50.0,197.0,188.0,0.0,0.0,1.0639085577370095,18.0,1438.42970483,840.0
1789712354.1,0.0,0.0,39.0,11.0,,100.0,,182.0,188.0,50.0,199.0,188.0,0.0,0.0,1.0239638093194579,18.0,1438.42970483,840.0
1789712356.9,0.0,0.0,37.0,13.0,,100.0,,182.0,188.0,50.0,201.0,188.0,0.0,0.0,0.9891392196831528,26.0,1438.42970483,840.0
1789712359.6,5.0,0.0,33.0,12.0,,105.0,,182.0,193.0,50.0,205.0,193.0,0.0,0.0,0.9949831026713872,20.0,1489.299141778,850.0
1789712362.4,6.0,0.0,32.0,12.0,,106.0,,182.0,194.0,50.0,206.0,194.0,0.0,0.0,0.9900618674677252,24.0,1492.860637066,852.0
1789712365.0,6.0,0.0,32.0,12.0,,106.0,,182.0,194.0,50.0,206.0,194.0,0.0,0.0,0.9909916675607052,24.0,1492.860637066,852.0
1789712367.7,0.0,0.0,39.0,11.0,,108.0,,183.0,196.0,50.0,207.0,196.0,0.0,0.0,1.0071067124414406,20.0,1522.120707074,858.0
1789712370.4,3.0,0.0,35.0,12.0,,110.0,,183.0,199.0,50.0,211.0,199.0,0.0,0.0,0.9857633301147946,22.0,1559.214302784,864.0
1789712373.1,5.0,0.0,33.0,12.0,,112.0,,183.0,201.0,50.0,213.0,201.0,0.0,0.0,0.9851947215963952,18.0,1569.424353136,868.0
1789712375.8,6.0,1.0,32.0,11.0,,113.0,,183.0,203.0,50.0,214.0,203.0,0.0,0.0,0.984920251761256,20.0,1573.050497884,872.0
1789712378.5,10.0,1.0,29.0,10.0,,116.0,,183.0,207.0,50.0,217.0,207.0,0.0,0.0,1.0210175052748274,14.0,1633.544131256,880.0
1789712381.2,14.0,0.0,26.0,10.0,,116.0,,184.0,210.0,50.0,220.0,210.0,0.0,0.0,1.0223607981976184,14.0,1633.5458497959999,888.0
1789712383.9,0.0,0.0,40.0,10.0,,116.0,,184.0,210.0,50.0,220.0,210.0,0.0,0.0,1.0224949039802596,18.0,1633.5458497959999,888.0
1789712386.5,2.0,0.0,37.0,11.0,,117.0,,184.0,212.0,50.0,223.0,212.0,0.0,0.0,0.9982964095411794,20.0,1640.039671404,892.0
1789712389.2,4.0,0.0,35.0,11.0,,119.0,,184.0,214.0,50.0,225.0,214.0,0.0,0.0,0.9959200550727747,22.0,1656.629754968,896.0
1789712391.9,5.0,0.0,34.0,11.0,,119.0,,184.0,215.0,50.0,226.0,215.0,0.0,0.0,0.9897055931051747,22.0,1658.245160834,898.0
1789712394.6,6.0,0.0,33.0,11.0,,120.0,,184.0,216.0,50.0,227.0,216.0,0.0,0.0,0.9902312877731287,22.0,1670.837757258,900.0
1789712397.3,5.0,2.0,32.0,11.0,,121.0,,184.0,217.0,50.0,228.0,217.0,0.0,0.0,0.9866050674105067,22.0,1676.052070872,902.0
1789712400.0,9.0,1.0,30.0,10.0,,123.0,,185.0,220.0,50.0,230.0,220.0,0.0,0.0,1.0215619747523512,20.0,1711.5640641539999,910.0
1789712402.7,9.0,0.0,29.0,12.0,,123.0,,185.0,220.0,50.0,232.0,220.0,0.0,0.0,0.9807786181740157,22.0,1711.5640641539999,910.0
1789712405.4,11.0,0.0,27.0,12.0,,125.0,,186.0,222.0,50.0,234.0,222.0,0.0,0.0,0.9815421270965204,22.0,1724.649037148,916.0
1789712408.1,13.0,0.0,25.0,12.0,,127.0,,187.0,225.0,50.0,237.0,225.0,0.0,0.0,0.9855804992311269,20.0,1736.4771018679999,924.0
1789712410.8,13.0,0.0,25.0,12.0,,127.0,,187.0,225.0,50.0,237.0,225.0,0.0,0.0,0.985964935808032,20.0,1736.4771018679999,924.0
1789712413.5,15.0,0.0,24.0,11.0,,128.0,,189.0,227.0,50.0,238.0,227.0,0.0,0.0,0.9926286521474806,20.0,1744.81567558,932.0
1789712416.2,14.0,3.0,22.0,11.0,,128.0,,190.0,229.0,50.0,240.0,229.0,0.0,0.0,1.0160627436255052,19.0,1787.617093456,940.0
1789712418.9,17.0,0.0,21.0,12.0,,130.0,,191.0,231.0,50.0,243.0,231.0,0.0,0.0,0.9808000750992383,20.0,1851.956827472,944.0
1789712421.7,17.0,0.0,21.0,12.0,,130.0,,191.0,231.0,50.0,243.0,231.0,0.0,0.0,0.9809341808818797,22.0,1851.956827472,944.0
1789712424.4,17.0,4.0,19.0,10.0,,133.0,,191.0,235.0,50.0,245.0,235.0,0.0,0.0,1.0254966384150486,18.0,1873.776087992,952.0
1789712427.1,20.0,3.0,18.0,9.0,,133.0,,192.0,237.0,50.0,246.0,237.0,0.0,0.0,1.0517938883524658,18.0,1875.50798322,958.0
1789712429.8,20.0,1.0,18.0,11.0,,134.0,,192.0,238.0,50.0,249.0,238.0,0.0,0.0,1.0261939884847835,18.0,1891.816005468,960.0
1789712432.5,0.0,0.0,40.0,10.0,,135.0,,194.0,240.0,50.0,250.0,240.0,0.0,0.0,1.0352631155455423,16.0,1897.919690966,968.0
1789712435.1,0.0,0.0,38.0,12.0,,135.0,,195.0,240.0,50.0,252.0,240.0,0.0,0.0,0.9964877695526231,22.0,1897.919972106,970.0
1789712437.8,4.0,0.0,34.0,12.0,,138.0,,195.0,244.0,50.0,256.0,244.0,0.0,0.0,0.9820038980080821,20.0,1911.167156934,978.0
1789712440.5,5.0,0.0,33.0,12.0,,139.0,,195.0,245.0,50.0,257.0,245.0,0.0,0.0,0.9875438078889962,22.0,1960.25648602,980.0
1789712443.2,5.0,0.0,33.0,12.0,,139.0,,195.0,245.0,50.0,257.0,245.0,0.0,0.0,0.9876510925151093,22.0,1960.25648602,980.0
1789712445.9,8.0,0.0,30.0,12.0,,140.0,,195.0,248.0,50.0,260.0,248.0,0.0,0.0,0.9892652791188355,20.0,1969.298360432,986.0
1789712448.6,10.0,0.0,28.0,12.0,,140.0,,195.0,250.0,50.0,262.0,250.0,0.0,0.0,0.9983840253191718,20.0,1971.294231192,990.0
1789712451.3,11.0,0.0,26.0,13.0,,140.0,,195.0,251.0,50.0,264.0,251.0,0.0,0.0,0.9767250473840432,24.0,1971.294487492,992.0
1789712454.0,13.0,0.0,24.0,13.0,,142.0,,195.0,253.0,50.0,266.0,253.0,0.0,0.0,0.9878652147480599,20.0,2001.47626,996.0
1789712456.7,16.0,0.0,21.0,13.0,,142.0,,195.0,256.0,50.0,269.0,256.0,0.0,0.0,0.997218199048743,24.0,2002.827905374,1002.0
1789712459.4,16.0,1.0,20.0,13.0,,143.0,,195.0,257.0,50.0,270.0,257.0,0.0,0.0,0.9850641919679577,24.0,2006.565157618,1004.0
1789712462.1,19.0,1.0,18.0,12.0,,145.0,,197.0,260.0,50.0,272.0,260.0,0.0,0.0,1.0168432392804778,22.0,2065.454407384,1014.0
1789712464.8,18.0,1.0,18.0,13.0,,145.0,,197.0,260.0,50.0,273.0,260.0,0.0,0.0,0.9878987411937202,22.0,2065.454407384,1014.0
1789712467.5,22.0,0.0,15.0,13.0,,147.0,,197.0,264.0,50.0,277.0,264.0,0.0,0.0,0.993465919250438,18.0,2331.47048293,1022.0
1789712470.2,22.0,0.0,15.0,13.0,,147.0,,198.0,264.0,50.0,277.0,264.0,0.0,0.0,0.9938145942853056,22.0,2331.47079733,1024.0
1789712472.9,22.0,0.0,14.0,14.0,,147.0,,200.0,264.0,50.0,278.0,264.0,0.0,0.0,0.9774040696634839,24.0,2331.47203851,1028.0
1789712475.6,23.0,1.0,13.0,13.0,,149.0,,200.0,266.0,50.0,279.0,266.0,0.0,0.0,0.997072023745664,22.0,2348.665051544,1032.0
1789712478.2,23.0,2.0,13.0,12.0,,150.0,,200.0,267.0,50.0,279.0,267.0,0.0,0.0,1.0297683546114509,20.0,2367.512178222,1034.0
1789712480.9,25.0,0.0,13.0,12.0,,150.0,,202.0,267.0,50.0,279.0,267.0,0.0,0.0,1.0304102742910275,22.0,2367.512914062,1038.0
1789712483.6,0.0,0.0,38.0,12.0,,150.0,,202.0,267.0,50.0,279.0,267.0,0.0,0.0,1.0310092801201587,22.0,2367.512914062,1038.0
1789712486.3,1.0,0.0,35.0,14.0,,151.0,,202.0,268.0,50.0,282.0,268.0,0.0,0.0,0.9902254765225477,26.0,2370.372229704,1040.0
1789712489.0,5.0,0.0,32.0,13.0,,153.0,,203.0,272.0,50.0,285.0,272.0,0.0,0.0,1.0156420984872867,22.0,2381.416924778,1050.0
1789712491.6,7.0,0.0,29.0,14.0,,154.0,,203.0,274.0,50.0,288.0,274.0,0.0,0.0,0.9918830239959947,24.0,2402.874658282,1054.0
1789712494.4,9.0,0.0,27.0,14.0,,155.0,,203.0,276.0,50.0,290.0,276.0,0.0,0.0,0.9743853484962272,24.0,2409.691150222,1058.0
1789712497.1,11.0,0.0,25.0,14.0,,156.0,,203.0,278.0,50.0,292.0,278.0,0.0,0.0,0.9757728963272896,24.0,2418.831441278,1062.0
1789712499.8,11.0,0.0,25.0,14.0,,156.0,,203.0,278.0,50.0,292.0,278.0,0.0,0.0,0.9767478453670922,24.0,2418.831441278,1062.0
1789712502.5,13.0,0.0,24.0,13.0,,156.0,,203.0,280.0,50.0,293.0,280.0,0.0,0.0,0.9995042556235025,24.0,2418.83202,1066.0
1789712505.2,12.0,2.0,23.0,13.0,,157.0,,204.0,281.0,50.0,294.0,281.0,0.0,0.0,1.0155428602081322,24.0,2434.039428494,1070.0
1789712507.9,14.0,1.0,22.0,13.0,,159.0,,207.0,283.0,50.0,296.0,283.0,0.0,0.0,1.0273191360011444,20.0,2470.71029473,1080.0
1789712510.5,15.0,0.0,22.0,13.0,,159.0,,208.0,283.0,50.0,296.0,283.0,0.0,0.0,1.027435361012767,24.0,2470.71067569,1082.0
1789712513.2,15.0,0.0,20.0,15.0,,159.0,,208.0,283.0,50.0,298.0,283.0,0.0,0.0,0.9808863498194043,28.0,2470.71067569,1082.0
1789712516.0,17.0,1.0,18.0,14.0,,162.0,,208.0,286.0,50.0,300.0,286.0,0.0,0.0,0.9839385974323213,24.0,2488.422204772,1088.0
1789712518.7,1.0,0.0,35.0,14.0,,165.0,,209.0,289.0,50.0,303.0,289.0,0.0,0.0,0.9970036297965168,22.0,2509.625838964,1096.0
1789712521.3,1.0,0.0,35.0,14.0,,165.0,,209.0,289.0,50.0,303.0,289.0,0.0,0.0,0.9971109144226299,22.0,2509.625838964,1096.0
1789712524.0,1.0,1.0,34.0,14.0,,165.0,,211.0,290.0,50.0,304.0,290.0,0.0,0.0,0.9946272753281121,22.0,2510.538978446,1102.0
1789712526.7,2.0,1.0,33.0,14.0,,166.0,,211.0,291.0,50.0,305.0,291.0,0.0,0.0,0.9953112148195831,26.0,2514.082231014,1104.0
1789712529.4,4.0,1.0,32.0,13.0,,168.0,,211.0,293.0,50.0,306.0,293.0,0.0,0.0,1.0072354539927761,22.0,2529.218351786,1108.0
1789712532.1,5.0,1.0,31.0,13.0,,169.0,,211.0,294.0,50.0,307.0,294.0,0.0,0.0,1.0158790187032865,24.0,2638.767215088,1110.0
1789712534.7,0.0,0.0,36.0,14.0,,169.0,,212.0,294.0,50.0,308.0,294.0,0.0,0.0,0.9827995923184207,24.0,2638.767496068,1112.0
1789712537.4,2.0,0.0,34.0,14.0,,170.0,,212.0,296.0,50.0,310.0,296.0,0.0,0.0,0.9740505310588993,26.0,2647.805785304,1116.0
1789712540.1,7.0,0.0,29.0,14.0,,174.0,,212.0,301.0,50.0,315.0,301.0,0.0,0.0,0.9942477559632371,20.0,2899.657961646,1126.0
1789712542.8,7.0,0.0,29.0,14.0,,174.0,,212.0,301.0,50.0,315.0,301.0,0.0,0.0,0.9943908021313879,22.0,2899.657961646,1126.0
1789712545.5,7.0,0.0,29.0,14.0,,174.0,,212.0,301.0,50.0,315.0,301.0,0.0,0.0,0.9944891463719916,24.0,2899.657961646,1126.0
1789712548.2,7.0,0.0,29.0,14.0,,174.0,,212.0,301.0,50.0,315.0,301.0,0.0,0.0,0.994962986803991,26.0,2899.657961646,1126.0
1789712550.9,9.0,0.0,28.0,13.0,,175.0,,212.0,303.0,50.0,316.0,303.0,0.0,0.0,1.0003848835961806,26.0,2914.823514018,1130.0
1789712553.7,10.0,0.0,26.0,14.0,1.0,176.0,,214.0,304.0,50.0,318.0,304.0,0.0,0.0,0.9973759968529843,26.0,2944.968708408,1136.0
1789712556.3,11.0,0.0,25.0,14.0,1.0,177.0,,215.0,305.0,50.0,319.0,305.0,0.0,0.0,0.9906193005042377,26.0,2949.955429786,1140.0
1789712559.0,11.0,0.0,25.0,14.0,1.0,177.0,,215.0,305.0,50.0,319.0,305.0,0.0,0.0,0.9912384222007653,26.0,2949.955429786,1140.0
1789712561.7,11.0,1.0,24.0,14.0,1.0,178.0,,215.0,306.0,50.0,320.0,306.0,0.0,0.0,0.9949625397847155,24.0,2970.290527654,1142.0
1789712564.4,11.0,1.0,24.0,14.0,1.0,178.0,,216.0,306.0,50.0,320.0,306.0,0.0,0.0,0.9954055358867074,26.0,2970.290909634,1144.0
1789712567.1,16.0,0.0,21.0,13.0,1.0,180.0,,218.0,310.0,50.0,323.0,310.0,0.0,0.0,1.0219759146014376,24.0,3017.856117972,1156.0
1789712569.8,0.0,0.0,36.0,14.0,1.0,180.0,,218.0,310.0,50.0,324.0,310.0,0.0,0.0,0.9985601509137074,24.0,3017.856117972,1156.0
1789712572.6,1.0,0.0,34.0,15.0,1.0,180.0,,220.0,311.0,50.0,326.0,311.0,0.0,0.0,0.9711207667274613,24.0,3019.691040494,1162.0
1789712575.3,2.0,0.0,34.0,14.0,1.0,180.0,,220.0,312.0,50.0,326.0,312.0,0.0,0.0,0.9932723599041591,24.0,3019.691306354,1164.0
1789712578.1,3.0,0.0,33.0,14.0,1.0,181.0,,220.0,313.0,50.0,327.0,313.0,0.0,0.0,0.9947443943782855,24.0,3040.17617946,1166.0
1789712580.8,4.0,0.0,33.0,13.0,1.0,182.0,,221.0,314.0,50.0,327.0,314.0,0.0,0.0,1.027210510317205,24.0,3045.898439466,1170.0
1789712583.6,2.0,0.0,34.0,14.0,1.0,184.0,,221.0,316.0,50.0,330.0,316.0,0.0,0.0,0.992668883882273,24.0,3053.371720314,1174.0
1789712586.2,4.0,0.0,32.0,14.0,1.0,185.0,,221.0,318.0,50.0,332.0,318.0,0.0,0.0,0.9976991917891499,22.0,3136.120740958,1178.0
1789712589.0,5.0,0.0,32.0,13.0,1.0,186.0,,222.0,319.0,50.0,332.0,319.0,0.0,0.0,1.0251130958766943,24.0,3139.736941524,1182.0
1789712591.6,5.0,0.0,31.0,14.0,1.0,186.0,,222.0,319.0,50.0,333.0,319.0,0.0,0.0,1.0035234059292637,24.0,3139.736941524,1182.0
1789712594.3,6.0,0.0,29.0,15.0,1.0,187.0,,223.0,320.0,50.0,335.0,320.0,0.0,0.0,0.9864870543217824,26.0,3150.705174262,1186.0
1789712597.0,8.0,0.0,28.0,14.0,1.0,189.0,,223.0,322.0,50.0,336.0,322.0,0.0,0.0,0.9946532024460895,26.0,3158.68081666,1190.0
1789712599.7,8.0,1.0,27.0,14.0,1.0,190.0,,223.0,323.0,50.0,337.0,323.0,0.0,0.0,0.9984314093623717,24.0,3244.481623004,1192.0
1789712602.4,8.0,1.0,27.0,14.0,1.0,190.0,,223.0,323.0,50.0,337.0,323.0,0.0,0.0,0.9985923363015413,26.0,3244.481623004,1192.0
1789712605.1,13.0,1.0,23.0,14.0,1.0,192.0,,223.0,327.0,51.0,341.0,327.0,0.0,0.0,1.0068881200157351,24.0,3553.127953356,1202.0
1789712607.7,13.0,0.0,23.0,15.0,1.0,192.0,,223.0,327.0,51.0,342.0,327.0,0.0,0.0,0.984997139076637,26.0,3553.127953356,1202.0
1789712610.4,13.0,1.0,22.0,15.0,1.0,193.0,,224.0,328.0,51.0,343.0,328.0,0.0,0.0,1.00134731609627,28.0,3557.035266,1206.0
1789712613.1,0.0,0.0,35.0,16.0,1.0,194.0,,225.0,329.0,51.0,345.0,329.0,0.0,0.0,0.9792860208132175,26.0,3559.0810095799998,1210.0
1789712615.8,2.0,0.0,33.0,16.0,1.0,195.0,,225.0,331.0,51.0,347.0,331.0,0.0,0.0,0.9804576583342274,28.0,3577.9077421399998,1214.0
1789712618.5,4.0,0.0,33.0,14.0,1.0,197.0,,226.0,333.0,51.0,347.0,333.0,0.0,0.0,1.0306029395987555,26.0,3590.960809098,1220.0
1789712621.2,4.0,0.0,32.0,15.0,1.0,197.0,,227.0,333.0,51.0,348.0,333.0,0.0,0.0,1.0080007509923827,28.0,3590.961141158,1222.0
1789712623.9,5.0,0.0,29.0,17.0,1.0,197.0,,227.0,334.0,51.0,351.0,334.0,0.0,0.0,0.9869863748524836,30.0,3591.792932502,1224.0
1789712626.6,7.0,1.0,27.0,16.0,1.0,200.0,,227.0,337.0,51.0,353.0,337.0,0.0,0.0,1.0026016521832422,28.0,3619.626630998,1230.0
1789712629.3,9.0,0.0,27.0,15.0,1.0,202.0,,227.0,339.0,51.0,354.0,339.0,0.0,0.0,0.9920882058434359,24.0,3669.416484152,1234.0
1789712632.0,10.0,0.0,26.0,15.0,1.0,203.0,,227.0,340.0,51.0,355.0,340.0,0.0,0.0,0.9880668204412975,24.0,3672.396365472,1236.0
1789712634.7,11.0,0.0,25.0,15.0,1.0,204.0,,228.0,341.0,51.0,356.0,341.0,0.0,0.0,0.9937354718735472,26.0,3675.012416638,1240.0
1789712637.4,11.0,1.0,25.0,14.0,1.0,205.0,,228.0,342.0,51.0,357.0,342.0,0.0,0.0,0.993909809390981,26.0,3678.469419208,1242.0
1789712640.1,13.0,0.0,23.0,15.0,1.0,206.0,,230.0,344.0,51.0,359.0,344.0,0.0,0.0,0.9953313306869792,28.0,3694.6973385779997,1250.0
1789712642.8,14.0,0.0,22.0,15.0,1.0,207.0,,230.0,345.0,51.0,360.0,345.0,0.0,0.0,0.9772717519579445,28.0,3699.980122272,1252.0
1789712645.5,16.0,1.0,20.0,14.0,1.0,209.0,,230.0,348.0,51.0,362.0,348.0,0.0,0.0,1.000645048814505,24.0,3747.637423068,1258.0
1789712648.2,0.0,0.0,37.0,14.0,1.0,209.0,,231.0,348.0,51.0,362.0,348.0,0.0,0.0,1.0007702142116368,26.0,3747.637724608,1260.0
1789712650.9,1.0,0.0,35.0,15.0,1.0,209.0,,232.0,349.0,51.0,364.0,349.0,0.0,0.0,0.9778707577870758,28.0,3749.007110284,1264.0
1789712653.6,0.0,0.0,37.0,14.0,1.0,210.0,,233.0,351.0,51.0,365.0,351.0,0.0,0.0,1.009462057003898,26.0,3760.370970554,1270.0
1789712656.3,0.0,0.0,36.0,15.0,1.0,210.0,,233.0,351.0,51.0,366.0,351.0,0.0,0.0,0.9860029324464471,26.0,3760.370970554,1270.0
1789712659.0,3.0,0.0,32.0,16.0,1.0,211.0,,233.0,354.0,51.0,370.0,354.0,0.0,0.0,0.9704144762722169,26.0,3764.680071068,1276.0
1789712661.7,3.0,0.0,32.0,16.0,1.0,211.0,,233.0,354.0,51.0,370.0,354.0,0.0,0.0,0.9707452705360655,30.0,3764.680071068,1276.0
1789712664.4,6.0,0.0,29.0,16.0,1.0,213.0,,233.0,357.0,51.0,373.0,357.0,0.0,0.0,0.9861070879376319,28.0,3791.768260344,1282.0
1789712667.1,7.0,0.0,28.0,16.0,1.0,214.0,,233.0,358.0,51.0,374.0,358.0,0.0,0.0,0.9891450309337338,28.0,3799.959996818,1284.0
1789712669.8,7.0,0.0,28.0,16.0,1.0,214.0,,233.0,358.0,51.0,374.0,358.0,0.0,0.0,0.9899228444730537,30.0,3799.959996818,1284.0
1789712672.5,0.0,0.0,36.0,15.0,1.0,217.0,,234.0,361.0,51.0,376.0,361.0,0.0,0.0,1.0255712906340522,26.0,3873.329929992,1292.0
1789712675.2,0.0,0.0,36.0,15.0,1.0,217.0,,234.0,361.0,51.0,376.0,361.0,0.0,0.0,1.0256875156456746,26.0,3873.329929992,1292.0
1789712677.9,0.0,0.0,35.0,16.0,1.0,218.0,,235.0,362.0,51.0,378.0,362.0,0.0,0.0,1.0033910882237242,30.0,3881.817074524,1296.0
1789712680.6,1.0,0.0,34.0,16.0,1.0,219.0,,236.0,363.0,51.0,379.0,363.0,0.0,0.0,0.9970903515359583,30.0,3886.54015605,1300.0
1789712683.3,3.0,0.0,32.0,16.0,1.0,221.0,,236.0,365.0,51.0,381.0,365.0,0.0,0.0,0.9896108250187748,30.0,3910.4964544619997,1304.0
1789712686.0,4.0,0.0,32.0,15.0,1.0,221.0,,236.0,366.0,51.0,381.0,366.0,0.0,0.0,0.9904369166398455,28.0,3911.216549826,1306.0
1789712688.7,5.0,0.0,31.0,15.0,1.0,222.0,,236.0,367.0,51.0,382.0,367.0,0.0,0.0,0.9848442584844258,28.0,3926.129499246,1308.0
1789712691.4,6.0,0.0,30.0,15.0,1.0,223.0,,236.0,368.0,51.0,383.0,368.0,0.0,0.0,0.9951221256660587,28.0,3942.556773898,1310.0
1789712694.1,7.0,0.0,29.0,15.0,1.0,224.0,,236.0,369.0,51.0,384.0,369.0,0.0,0.0,0.9993276830096913,28.0,3950.3946096,1312.0
1789712696.8,7.0,1.0,28.0,15.0,1.0,225.0,,237.0,370.0,51.0,385.0,370.0,0.0,0.0,0.985212602367414,28.0,3953.092752786,1316.0
1789712699.5,8.0,2.0,27.0,14.0,1.0,227.0,,238.0,372.0,51.0,386.0,372.0,0.0,0.0,1.0314379716053357,26.0,4312.145155766,1322.0
1789712702.2,9.0,1.0,27.0,14.0,1.0,227.0,,239.0,372.0,51.0,386.0,372.0,0.0,0.0,1.0319578550227086,26.0,4312.145507066,1324.0
1789712704.9,0.0,0.0,36.0,15.0,1.0,227.0,,239.0,372.0,51.0,387.0,372.0,0.0,0.0,1.0103037942996103,26.0,4312.145507066,1324.0
1789712707.6,2.0,0.0,34.0,15.0,1.0,228.0,,239.0,374.0,51.0,389.0,374.0,0.0,0.0,0.9880350820727389,26.0,4327.849050338,1328.0
1789712710.3,2.0,0.0,34.0,15.0,1.0,228.0,,239.0,374.0,51.0,389.0,374.0,0.0,0.0,0.9885178628902478,26.0,4327.849050338,1328.0
1789712713.0,3.0,0.0,33.0,15.0,1.0,229.0,,239.0,375.0,51.0,390.0,375.0,0.0,0.0,0.9889152630261416,28.0,4555.551527718,1330.0
1789712715.7,4.0,0.0,32.0,15.0,1.0,230.0,,239.0,376.0,51.0,391.0,376.0,0.0,0.0,0.9919661695812323,26.0,4663.607834202,1332.0
1789712718.4,5.0,0.0,30.0,16.0,1.0,231.0,,239.0,377.0,51.0,393.0,377.0,0.0,0.0,0.9669657225619569,24.0,5888.063838136,1336.0
1789712721.1,5.0,0.0,30.0,16.0,1.0,231.0,,239.0,377.0,51.0,393.0,377.0,0.0,0.0,0.9670908879590888,26.0,5888.063838136,1336.0
1789712723.8,6.0,0.0,29.0,16.0,1.0,232.0,,239.0,379.0,51.0,395.0,379.0,0.0,0.0,0.9782221149375961,26.0,5890.814738742,1340.0
1789712726.6,8.0,0.0,28.0,15.0,1.0,233.0,,239.0,381.0,51.0,396.0,381.0,0.0,0.0,0.9913917498122519,26.0,5897.4869702080005,1344.0
1789712729.3,8.0,1.0,27.0,15.0,1.0,234.0,,239.0,382.0,51.0,397.0,382.0,0.0,0.0,1.008129939562994,24.0,5903.505833506,1346.0
1789712732.0,9.0,0.0,27.0,15.0,1.0,234.0,,240.0,382.0,51.0,397.0,382.0,0.0,0.0,1.0086484819225405,26.0,5903.506236666,1348.0
1789712734.7,1.0,0.0,35.0,15.0,1.0,235.0,,241.0,383.0,51.0,398.0,383.0,0.0,0.0,1.0067763651968673,26.0,5910.369930466,1352.0
1789712737.4,5.0,0.0,33.0,15.0,1.0,236.0,,241.0,385.0,53.0,400.0,385.0,0.0,0.0,0.9879438901405428,22.0,7158.2378208,1362.0
1789712740.1,5.0,0.0,33.0,15.0,1.0,236.0,,242.0,385.0,53.0,400.0,385.0,0.0,0.0,0.998488627829632,22.0,7158.23818198,1364.0
1789712742.8,6.0,0.0,31.0,16.0,1.0,236.0,,243.0,386.0,53.0,402.0,386.0,0.0,0.0,0.9849135464721239,24.0,7160.17344174,1368.0
1789712745.6,8.0,0.0,29.0,16.0,1.0,237.0,,243.0,388.0,53.0,404.0,388.0,0.0,0.0,0.9846533812537996,24.0,7164.313680718,1372.0
1789712748.3,9.0,0.0,28.0,16.0,1.0,238.0,,243.0,389.0,53.0,405.0,389.0,0.0,0.0,0.9981520223152023,26.0,7265.662533314,1374.0
1789712751.0,11.0,0.0,26.0,16.0,1.0,240.0,,243.0,391.0,53.0,407.0,391.0,0.0,0.0,0.9882867539248292,24.0,7275.858319768,1378.0
1789712753.8,12.0,0.0,25.0,16.0,1.0,241.0,,243.0,392.0,53.0,408.0,392.0,0.0,0.0,0.9967260308264493,24.0,7278.391211758,1380.0
1789712756.5,13.0,1.0,24.0,15.0,1.0,242.0,,244.0,394.0,53.0,409.0,394.0,0.0,0.0,1.0187529056252906,24.0,7280.5059442540005,1386.0
1789712759.2,15.0,0.0,23.0,16.0,1.0,243.0,,244.0,395.0,54.0,411.0,395.0,0.0,0.0,0.979284679755391,22.0,7286.22944234,1390.0
1789712761.9,14.0,2.0,22.0,16.0,1.0,244.0,,245.0,396.0,54.0,412.0,396.0,0.0,0.0,1.0003361584951542,20.0,8258.549728548,1394.0
1789712764.7,15.0,1.0,22.0,16.0,1.0,244.0,,245.0,397.0,54.0,413.0,397.0,0.0,0.0,1.0112881307441977,26.0,4574.234647936,1258.0
1789712767.4,0.0,0.0,38.0,16.0,1.0,246.0,,246.0,399.0,54.0,415.0,399.0,0.0,0.0,1.0043655902442514,22.0,4585.786423264,1264.0
1789712770.1,1.0,0.0,37.0,16.0,1.0,246.0,,246.0,400.0,54.0,416.0,400.0,0.0,0.0,0.9900466688123591,24.0,4586.846325524,1266.0
1789712772.9,2.0,0.0,36.0,16.0,1.0,247.0,,246.0,401.0,54.0,417.0,401.0,0.0,0.0,0.9988645710403032,22.0,4589.769511246,1268.0
1789712775.6,2.0,0.0,35.0,17.0,1.0,247.0,,246.0,401.0,54.0,418.0,401.0,0.0,0.0,0.9804339663126274,26.0,4589.769511246,1268.0
1789712778.3,5.0,0.0,32.0,17.0,1.0,248.0,,248.0,404.0,54.0,421.0,404.0,0.0,0.0,0.9776906090190609,26.0,4599.45038357,1278.0
1789712781.0,6.0,0.0,31.0,17.0,1.0,249.0,,249.0,405.0,54.0,422.0,405.0,0.0,0.0,0.9972888280942674,26.0,4602.770692142,1282.0
1789712783.8,7.0,0.0,29.0,18.0,1.0,249.0,,249.0,406.0,54.0,424.0,406.0,0.0,0.0,0.9863855809462504,28.0,4604.126125356,1284.0
1789712786.5,8.0,0.0,28.0,18.0,1.0,250.0,,249.0,407.0,54.0,425.0,407.0,0.0,0.0,0.9831312806208203,30.0,4607.712756324,1286.0
1789712789.2,10.0,0.0,26.0,18.0,1.0,251.0,,249.0,409.0,54.0,427.0,409.0,0.0,0.0,0.9869613417730573,28.0,4618.662657022,1290.0
1789712792.0,12.0,0.0,24.0,18.0,1.0,252.0,,249.0,411.0,54.0,429.0,411.0,0.0,0.0,0.9822242785108893,28.0,4630.018127992,1294.0
1789712794.7,15.0,0.0,21.0,18.0,1.0,253.0,,250.0,414.0,54.0,432.0,414.0,0.0,0.0,0.992195490469549,28.0,4634.980850274,1302.0
1789712797.4,15.0,0.0,21.0,18.0,1.0,253.0,,251.0,414.0,54.0,432.0,414.0,0.0,0.0,0.9800307549261524,28.0,4634.981222534,1304.0
1789712800.2,16.0,0.0,21.0,17.0,1.0,254.0,,252.0,415.0,54.0,432.0,415.0,0.0,0.0,1.0029284232736115,28.0,4640.507294162,1308.0
1789712802.9,16.0,0.0,21.0,17.0,1.0,255.0,,252.0,416.0,54.0,433.0,416.0,0.0,0.0,0.9978516253620856,26.0,4649.978126108,1310.0
1789712805.7,17.0,0.0,20.0,17.0,1.0,256.0,,252.0,417.0,54.0,434.0,417.0,0.0,0.0,0.9995865071701892,28.0,4684.089016676,1312.0
1789712808.4,17.0,1.0,19.0,17.0,1.0,257.0,,253.0,418.0,54.0,435.0,418.0,0.0,0.0,0.9977309301577084,28.0,4692.940305596,1316.0
1789712811.1,18.0,0.0,19.0,17.0,1.0,257.0,,254.0,418.0,54.0,435.0,418.0,0.0,0.0,0.9978650359403497,28.0,4692.940655376,1318.0
1789712813.9,17.0,1.0,18.0,18.0,1.0,258.0,,255.0,419.0,54.0,437.0,419.0,0.0,0.0,0.9881642706433501,30.0,4711.414650544,1322.0
1789712816.6,19.0,0.0,18.0,17.0,1.0,258.0,,256.0,420.0,54.0,437.0,420.0,0.0,0.0,1.0202455029860888,28.0,4712.822884256,1326.0
1789712819.4,2.0,0.0,35.0,18.0,1.0,259.0,,256.0,421.0,55.0,439.0,421.0,0.0,0.0,0.9886175481886779,26.0,5925.662216418,1332.0
1789712822.1,2.0,0.0,35.0,18.0,1.0,259.0,,257.0,421.0,55.0,439.0,421.0,0.0,0.0,1.0050526588706505,26.0,5925.662502856,1334.0
1789712824.9,2.0,0.0,34.0,19.0,1.0,261.0,,257.0,423.0,55.0,442.0,423.0,0.0,0.0,0.9834799556556879,28.0,6050.33680659,1338.0
1789712827.7,3.0,0.0,33.0,19.0,1.0,262.0,,257.0,424.0,55.0,443.0,424.0,0.0,0.0,0.9783316346600865,28.0,6058.984714274,1340.0
1789712830.4,3.0,0.0,33.0,19.0,1.0,262.0,,257.0,424.0,55.0,443.0,424.0,0.0,0.0,0.9789306404892179,30.0,6058.984714274,1340.0
1789712833.2,6.0,0.0,30.0,19.0,1.0,264.0,,258.0,427.0,55.0,446.0,427.0,0.0,0.0,0.9884673497121196,28.0,6082.73503789,1348.0
1789712836.0,9.0,0.0,28.0,18.0,1.0,266.0,,258.0,430.0,55.0,448.0,430.0,0.0,0.0,0.9899465364946537,28.0,6092.57362483,1354.0
1789712838.7,10.0,1.0,27.0,17.0,1.0,266.0,,259.0,432.0,55.0,449.0,432.0,0.0,0.0,0.9888920180238172,26.0,6094.07570654,1360.0
1789712841.6,11.0,1.0,26.0,17.0,1.0,267.0,,260.0,433.0,55.0,450.0,433.0,0.0,0.0,0.9942772592354182,26.0,6227.72615391,1364.0
1789712844.3,11.0,1.0,26.0,17.0,1.0,267.0,,260.0,433.0,55.0,450.0,433.0,0.0,0.0,0.9944113650180596,26.0,6227.72615391,1364.0
1789712847.1,14.0,1.0,24.0,16.0,1.0,269.0,,261.0,436.0,55.0,452.0,436.0,0.0,0.0,1.0392415870972356,22.0,6275.410729902,1372.0
1789712849.8,0.0,0.0,37.0,18.0,1.0,269.0,,261.0,436.0,55.0,454.0,436.0,0.0,0.0,0.9843440439151736,24.0,6275.410729902,1372.0
1789712852.6,3.0,0.0,34.0,18.0,1.0,271.0,,261.0,439.0,55.0,457.0,439.0,0.0,0.0,0.9988904981582806,22.0,7066.368866588,1378.0
1789712855.3,3.0,0.0,34.0,18.0,1.0,271.0,,261.0,439.0,55.0,457.0,439.0,0.0,0.0,0.998962021242356,24.0,7066.368866588,1378.0
1789712858.0,5.0,0.0,32.0,18.0,1.0,273.0,,261.0,441.0,55.0,459.0,441.0,0.0,0.0,0.9889452133175982,26.0,7080.5530658239995,1382.0
1789712860.8,9.0,0.0,30.0,17.0,1.0,274.0,,263.0,444.0,56.0,461.0,444.0,0.0,0.0,1.0314236669885206,24.0,7086.075244274,1394.0
1789712863.7,3.0,0.0,37.0,18.0,1.0,274.0,,263.0,445.0,58.0,463.0,445.0,0.0,0.0,0.9966607660122304,24.0,8288.284764106,1402.0
1789712866.4,3.0,0.0,36.0,19.0,1.0,274.0,,265.0,445.0,58.0,464.0,445.0,0.0,0.0,0.9990286271144012,24.0,8288.285518308,1406.0
1789712869.2,0.0,0.0,38.0,20.0,1.0,274.0,,266.0,445.0,58.0,465.0,445.0,0.0,0.0,0.983788398955763,28.0,8288.285979708,1408.0
1789712872.0,2.0,0.0,36.0,20.0,1.0,275.0,,266.0,447.0,58.0,467.0,447.0,0.0,0.0,0.9725852018739048,28.0,8295.61535068,1412.0
1789712874.8,2.0,0.0,36.0,20.0,1.0,275.0,,266.0,447.0,58.0,467.0,447.0,0.0,0.0,0.9735150019668848,28.0,8295.61535068,1412.0
1789712877.6,3.0,0.0,35.0,20.0,1.0,276.0,,266.0,448.0,58.0,468.0,448.0,0.0,0.0,0.9790651932911347,26.0,8313.204090484,1414.0
1789712880.4,6.0,0.0,32.0,20.0,1.0,278.0,,266.0,451.0,58.0,471.0,451.0,0.0,0.0,0.9967899545828416,26.0,8369.677683419999,1420.0
1789712883.2,7.0,0.0,31.0,20.0,1.0,279.0,,266.0,452.0,58.0,472.0,452.0,0.0,0.0,0.9876519865536602,26.0,8375.261721846,1422.0
1789712886.0,9.0,0.0,29.0,20.0,1.0,281.0,,266.0,454.0,58.0,474.0,454.0,0.0,0.0,0.9970903515359583,26.0,8388.646167918,1426.0
1789712888.7,10.0,0.0,27.0,21.0,1.0,282.0,,268.0,455.0,58.0,476.0,455.0,0.0,0.0,0.976434484854987,26.0,8391.48774436,1432.0
1789712891.6,12.0,0.0,26.0,20.0,1.0,283.0,,268.0,457.0,58.0,477.0,457.0,0.0,0.0,0.9924158709723563,26.0,8410.137037182,1436.0
1789712894.3,14.0,1.0,25.0,19.0,1.0,284.0,,268.0,459.0,59.0,478.0,459.0,0.0,0.0,1.0115903157744162,24.0,9623.362787422,1444.0
1789712897.1,15.0,1.0,24.0,19.0,1.0,285.0,,268.0,460.0,59.0,479.0,460.0,0.0,0.0,1.0108925186854056,24.0,9698.728304036,1446.0
1789712899.9,16.0,0.0,24.0,19.0,1.0,285.0,,269.0,461.0,59.0,480.0,461.0,0.0,0.0,0.998473429174266,24.0,9700.52408976,1450.0
1789712902.7,0.0,0.0,40.0,19.0,1.0,285.0,,270.0,461.0,59.0,480.0,461.0,0.0,0.0,1.0152536387369024,24.0,9700.52468406,1452.0
1789712905.5,2.0,0.0,36.0,21.0,1.0,287.0,,270.0,463.0,59.0,484.0,463.0,0.0,0.0,0.9847271394342524,26.0,9708.053920228,1456.0
1789712908.2,2.0,0.0,36.0,21.0,1.0,287.0,,270.0,463.0,59.0,484.0,463.0,0.0,0.0,0.9848523048313843,28.0,9708.053920228,1456.0
1789712911.0,3.0,0.0,35.0,21.0,1.0,288.0,,270.0,464.0,59.0,485.0,464.0,0.0,0.0,0.9807160354754497,28.0,9714.968463168,1458.0
1789712913.9,4.0,0.0,33.0,22.0,1.0,288.0,,271.0,465.0,59.0,487.0,465.0,0.0,0.0,0.9838974716589779,30.0,9716.018417186,1462.0
1789712916.7,6.0,0.0,32.0,21.0,1.0,290.0,,271.0,467.0,59.0,488.0,467.0,0.0,0.0,0.988197350069735,26.0,9725.078884999999,1466.0
1789712919.5,7.0,0.0,31.0,21.0,1.0,290.0,,271.0,468.0,59.0,489.0,468.0,0.0,0.0,0.9898128777312878,28.0,9725.07932426,1468.0
1789712922.2,9.0,0.0,28.0,22.0,1.0,291.0,,272.0,470.0,59.0,492.0,470.0,0.0,0.0,0.9755695025569503,28.0,9729.257667816,1474.0
1789712925.1,12.0,0.0,26.0,21.0,1.0,292.0,,272.0,473.0,59.0,494.0,473.0,0.0,0.0,0.9953045095304509,26.0,9732.588450648,1480.0
1789712927.9,13.0,0.0,24.0,22.0,1.0,292.0,,272.0,474.0,59.0,496.0,474.0,0.0,0.0,0.9875183277902944,28.0,9732.724722784,1482.0
1789712930.7,15.0,0.0,22.0,22.0,1.0,294.0,,272.0,476.0,59.0,498.0,476.0,0.0,0.0,0.9952271751957944,28.0,9805.732732561999,1486.0
1789712933.5,0.0,0.0,37.0,22.0,1.0,294.0,,273.0,477.0,59.0,499.0,477.0,0.0,0.0,0.9890752959267604,28.0,9805.929265738,1490.0
1789712936.2,4.0,0.0,33.0,22.0,1.0,296.0,,273.0,481.0,59.0,503.0,481.0,0.0,0.0,0.976681239495047,28.0,9822.867053674,1498.0
1789712939.0,5.0,0.0,32.0,22.0,1.0,297.0,,273.0,482.0,59.0,504.0,482.0,0.0,0.0,0.9834558166148124,26.0,9828.415934642,1500.0
1789712941.9,6.0,0.0,31.0,22.0,1.0,298.0,,274.0,483.0,59.0,505.0,483.0,0.0,0.0,0.9994215570575403,26.0,9839.006492148,1504.0
1789712944.8,6.0,0.0,31.0,22.0,1.0,298.0,,274.0,483.0,59.0,505.0,483.0,0.0,0.0,0.9999579801881057,30.0,9839.006492148,1504.0
1789712947.6,8.0,0.0,29.0,22.0,1.0,299.0,,274.0,485.0,59.0,507.0,485.0,0.0,0.0,0.9846489110610449,28.0,9843.948947928,1508.0
1789712950.4,8.0,1.0,28.0,22.0,1.0,300.0,,274.0,486.0,59.0,508.0,486.0,0.0,0.0,0.9912487036441011,28.0,9856.65222973,1510.0
1789712953.2,0.0,0.0,37.0,22.0,1.0,300.0,,275.0,487.0,59.0,509.0,487.0,0.0,0.0,0.9895804277080428,28.0,9856.658076592,1514.0
1789712956.0,2.0,0.0,36.0,21.0,1.0,302.0,,276.0,489.0,59.0,510.0,489.0,0.0,0.0,1.0255601151521654,28.0,9889.720250084,1520.0
1789712958.8,0.0,0.0,38.0,21.0,1.0,302.0,,276.0,489.0,59.0,510.0,489.0,0.0,0.0,1.0256584593927691,28.0,9889.720250084,1520.0
1789712961.5,1.0,0.0,35.0,23.0,1.0,302.0,,276.0,490.0,59.0,513.0,490.0,0.0,0.0,0.9828724564603226,30.0,9890.753452724,1522.0
1789712964.3,5.0,0.0,32.0,22.0,1.0,303.0,,276.0,494.0,59.0,516.0,494.0,0.0,0.0,0.9968297392983585,28.0,9908.25606299,1530.0
1789712967.1,5.0,0.0,31.0,23.0,1.0,304.0,,276.0,495.0,59.0,517.0,494.0,0.0,0.0,0.997303579730358,29.0,9912.950175136,1532.0
1789712969.9,7.0,0.0,30.0,22.0,1.0,305.0,,277.0,496.0,59.0,518.0,496.0,0.0,0.0,0.9918562028394664,30.0,9923.918975234,1536.0
1789712972.7,7.0,0.0,30.0,22.0,1.0,305.0,,277.0,496.0,59.0,518.0,496.0,0.0,0.0,0.9919277259235418,30.0,9923.918975234,1536.0
1789712975.5,8.0,0.0,30.0,21.0,1.0,306.0,,278.0,497.0,59.0,518.0,497.0,0.0,0.0,1.0206858169724278,28.0,9931.52265198,1540.0
1789712978.3,0.0,0.0,37.0,22.0,1.0,306.0,,279.0,497.0,59.0,519.0,497.0,0.0,0.0,1.0022064871437257,30.0,9931.52340678,1542.0
1789712981.1,1.0,0.0,35.0,23.0,1.0,307.0,,279.0,498.0,59.0,521.0,498.0,0.0,0.0,0.9896801130064729,30.0,9933.703342054,1544.0
1789712983.9,3.0,0.0,32.0,24.0,1.0,308.0,,279.0,500.0,59.0,524.0,500.0,0.0,0.0,0.9769199477881486,30.0,9939.880669406,1548.0
1789712986.7,5.0,0.0,31.0,23.0,1.0,309.0,,279.0,502.0,59.0,525.0,502.0,0.0,0.0,0.9963165611701177,30.0,10475.341156622,1552.0
1789712989.4,5.0,0.0,31.0,23.0,1.0,309.0,,279.0,502.0,59.0,525.0,502.0,0.0,0.0,0.9964685477237778,32.0,10475.341156622,1552.0
1789712992.3,7.0,0.0,29.0,23.0,1.0,311.0,,279.0,504.0,59.0,527.0,504.0,0.0,0.0,0.979379447841791,30.0,10492.516844332,1556.0
1789712995.1,10.0,1.0,27.0,21.0,1.0,313.0,,280.0,508.0,59.0,529.0,508.0,0.0,0.0,1.033167042162858,26.0,10761.880610774,1566.0
1789712997.8,10.0,0.0,27.0,22.0,1.0,313.0,,280.0,508.0,59.0,530.0,508.0,0.0,0.0,0.9973232485784786,28.0,10761.880610774,1566.0
1789713000.7,11.0,0.0,25.0,23.0,1.0,314.0,,281.0,509.0,59.0,532.0,509.0,0.0,0.0,0.9846712620248185,26.0,10767.02543041,1570.0
1789713003.5,11.0,0.0,25.0,23.0,1.0,314.0,,281.0,509.0,59.0,532.0,509.0,0.0,0.0,0.9848947716625541,32.0,10767.02543041,1570.0
1789713006.3,11.0,0.0,25.0,23.0,1.0,314.0,,281.0,509.0,59.0,532.0,509.0,0.0,0.0,0.9858670385867039,32.0,10767.02543041,1570.0
1789713009.1,15.0,0.0,24.0,20.0,1.0,317.0,,284.0,513.0,59.0,533.0,513.0,0.0,0.0,1.026562779387047,26.0,10799.025009164,1584.0
1789713011.9,15.0,0.0,24.0,20.0,1.0,317.0,,284.0,513.0,59.0,533.0,513.0,0.0,0.0,1.0266611236276508,26.0,10799.025009164,1584.0
1789713014.7,0.0,0.0,39.0,20.0,1.0,317.0,,284.0,513.0,59.0,533.0,513.0,0.0,0.0,1.0268412723956657,26.0,10799.025009164,1584.0
1789713017.5,0.0,0.0,38.0,21.0,1.0,317.0,,284.0,513.0,59.0,534.0,513.0,0.0,0.0,1.007348996888746,28.0,10799.025009164,1584.0
1789713020.3,2.0,0.0,35.0,22.0,1.0,319.0,,284.0,515.0,59.0,537.0,515.0,0.0,0.0,0.9731497872188248,28.0,10808.0413178,1588.0
1789713023.1,2.0,0.0,35.0,22.0,1.0,319.0,,284.0,515.0,59.0,537.0,515.0,0.0,0.0,0.974186871937918,28.0,10808.0413178,1588.0
1789713025.9,5.0,0.0,32.0,22.0,1.0,320.0,,284.0,518.0,59.0,540.0,518.0,0.0,0.0,0.9917444480205987,26.0,10819.41604813,1594.0
1789713028.7,5.0,0.0,32.0,22.0,1.0,320.0,,285.0,518.0,59.0,540.0,518.0,0.0,0.0,0.9924198941458355,30.0,10819.41664953,1596.0
1789713031.5,8.0,0.0,30.0,21.0,1.0,323.0,,285.0,521.0,59.0,542.0,521.0,0.0,0.0,0.9991645209741444,26.0,10834.569873366,1602.0
1789713034.3,9.0,0.0,28.0,22.0,1.0,323.0,,285.0,522.0,59.0,544.0,522.0,0.0,0.0,0.9751296355898866,28.0,10835.84371604,1604.0
1789713037.1,9.0,2.0,27.0,21.0,1.0,324.0,,286.0,524.0,59.0,545.0,524.0,0.0,0.0,1.0029749132782606,28.0,10840.584526602,1610.0
1789713039.9,11.0,1.0,26.0,21.0,1.0,326.0,,286.0,526.0,59.0,547.0,526.0,0.0,0.0,1.0154775953939135,24.0,11495.664656718,1614.0
1789713042.7,0.0,0.0,38.0,21.0,1.0,326.0,,287.0,526.0,59.0,547.0,526.0,0.0,0.0,1.0155848800200264,28.0,11495.665033778,1616.0
1789713045.5,0.0,0.0,37.0,22.0,1.0,326.0,,287.0,526.0,59.0,548.0,526.0,0.0,0.0,0.9949388477631156,30.0,11495.665033778,1616.0
1789713048.3,1.0,0.0,36.0,22.0,1.0,326.0,,287.0,527.0,59.0,549.0,527.0,0.0,0.0,0.995335800879734,30.0,11495.66536562,1618.0
1789713051.1,3.0,0.0,34.0,22.0,1.0,328.0,,287.0,529.0,59.0,551.0,529.0,0.0,0.0,0.9975932482208633,30.0,11514.990665088,1622.0
1789713053.9,3.0,0.0,33.0,23.0,1.0,328.0,,287.0,529.0,59.0,552.0,529.0,0.0,0.0,0.9812381539892,30.0,11514.990665088,1622.0
1789713056.7,5.0,0.0,32.0,22.0,1.0,330.0,,287.0,531.0,59.0,553.0,531.0,0.0,0.0,0.9954815291635375,28.0,11550.663265346,1626.0
1789713059.5,5.0,0.0,32.0,22.0,1.0,330.0,,287.0,531.0,59.0,553.0,531.0,0.0,0.0,0.9956871580302543,30.0,11550.663265346,1626.0
1789713062.3,7.0,1.0,30.0,21.0,1.0,333.0,,287.0,534.0,59.0,555.0,534.0,0.0,0.0,1.0068393949147088,26.0,6909.820210748,1502.0
1789713065.1,7.0,0.0,30.0,22.0,1.0,333.0,,287.0,534.0,59.0,556.0,534.0,0.0,0.0,0.9808496942388156,28.0,6909.820210748,1502.0
1789713067.9,7.0,0.0,30.0,22.0,1.0,333.0,,287.0,534.0,59.0,556.0,534.0,0.0,0.0,0.981153667346136,28.0,6909.820210748,1502.0
1789713070.7,8.0,0.0,29.0,22.0,1.0,334.0,,287.0,535.0,59.0,557.0,535.0,0.0,0.0,0.999620480635125,28.0,7136.17661041,1504.0
1789713073.5,9.0,0.0,28.0,22.0,1.0,334.0,,287.0,536.0,59.0,558.0,536.0,0.0,0.0,1.0001229303007546,28.0,7136.17699707,1506.0
1789713076.3,12.0,0.0,25.0,22.0,1.0,335.0,,288.0,539.0,59.0,561.0,539.0,0.0,0.0,0.9830378535922469,28.0,7146.141605806,1514.0
1789713079.1,12.0,0.0,25.0,22.0,1.0,335.0,,288.0,539.0,59.0,561.0,539.0,0.0,0.0,0.9832256016879448,28.0,7146.141605806,1514.0
1789713081.9,16.0,0.0,21.0,22.0,1.0,337.0,,289.0,543.0,59.0,565.0,543.0,0.0,0.0,1.001969566927726,26.0,7385.841928964,1524.0
1789713084.7,0.0,0.0,37.0,22.0,1.0,337.0,,290.0,543.0,59.0,565.0,543.0,0.0,0.0,1.0171834209491113,28.0,7385.842288264,1526.0
1789713087.4,1.0,0.0,35.0,23.0,1.0,338.0,,290.0,544.0,59.0,567.0,544.0,0.0,0.0,0.9894096663448128,26.0,7395.207187218,1528.0
1789713090.2,2.0,0.0,34.0,23.0,1.0,338.0,,290.0,545.0,59.0,568.0,545.0,0.0,0.0,0.9898553445624575,28.0,7395.20762056,1530.0
1789713093.0,3.0,0.0,33.0,23.0,1.0,339.0,,290.0,546.0,59.0,569.0,546.0,0.0,0.0,0.9928678074598577,28.0,7413.2061213,1532.0
1789713095.7,3.0,0.0,33.0,23.0,1.0,339.0,,290.0,546.0,59.0,569.0,546.0,0.0,0.0,0.9936098594571398,30.0,7413.2061213,1532.0
1789713098.5,4.0,0.0,32.0,23.0,1.0,340.0,,291.0,547.0,59.0,570.0,547.0,0.0,0.0,0.9925763508922505,28.0,7421.182850002,1536.0
1789713101.3,7.0,0.0,29.0,23.0,1.0,342.0,,291.0,550.0,59.0,573.0,550.0,0.0,0.0,0.9971605335622072,28.0,7457.951062816,1542.0
1789713104.1,7.0,0.0,29.0,23.0,1.0,342.0,,291.0,550.0,59.0,573.0,550.0,0.0,0.0,0.997240997031792,30.0,7457.951062816,1542.0
1789713106.8,7.0,0.0,29.0,23.0,1.0,342.0,,291.0,550.0,59.0,573.0,550.0,0.0,0.0,0.9977398705432178,30.0,7457.951062816,1542.0
1789713109.6,8.0,0.0,28.0,23.0,1.0,343.0,,293.0,551.0,59.0,574.0,551.0,0.0,0.0,1.0039038193326897,30.0,7472.90100377,1548.0
1789713112.5,0.0,0.0,36.0,23.0,1.0,344.0,,294.0,553.0,59.0,576.0,553.0,0.0,0.0,1.005300754568537,30.0,7479.581270482,1554.0
1789713115.3,3.0,0.0,32.0,24.0,1.0,347.0,,294.0,556.0,59.0,580.0,556.0,0.0,0.0,0.9868174015663556,30.0,7515.522473356,1560.0
1789713118.0,5.0,0.0,31.0,23.0,1.0,349.0,,294.0,558.0,59.0,581.0,558.0,0.0,0.0,0.9972557486678826,26.0,7527.714952366,1564.0
1789713120.8,5.0,0.0,31.0,23.0,1.0,349.0,,294.0,558.0,59.0,581.0,558.0,0.0,0.0,0.9973809140650145,28.0,7527.714952366,1564.0
1789713123.6,6.0,0.0,30.0,23.0,1.0,350.0,,294.0,559.0,59.0,582.0,559.0,0.0,0.0,0.98574008511247,30.0,7536.617169048,1566.0
1789713126.3,7.0,0.0,29.0,23.0,1.0,351.0,,294.0,560.0,59.0,583.0,560.0,0.0,0.0,0.9866953653041519,28.0,7543.609774806,1568.0
1789713129.1,9.0,0.0,27.0,23.0,1.0,352.0,,295.0,562.0,59.0,585.0,562.0,0.0,0.0,0.9934994456960984,28.0,7547.79739058,1574.0
1789713131.9,9.0,0.0,27.0,23.0,1.0,352.0,,295.0,562.0,59.0,585.0,562.0,0.0,0.0,0.9942146765368522,30.0,7547.79739058,1574.0
1789713134.7,10.0,0.0,26.0,23.0,1.0,353.0,,295.0,563.0,59.0,586.0,563.0,0.0,0.0,0.9905754926152416,30.0,7553.015989034,1576.0
1789713137.5,11.0,0.0,25.0,23.0,1.0,354.0,,295.0,564.0,59.0,587.0,564.0,0.0,0.0,0.9941516468190108,30.0,8207.071454156,1578.0
1789713140.3,12.0,1.0,23.0,23.0,1.0,356.0,,295.0,566.0,59.0,589.0,566.0,0.0,0.0,1.000071970103351,26.0,8249.806477786,1582.0
1789713143.1,0.0,0.0,36.0,23.0,1.0,356.0,,296.0,566.0,59.0,589.0,566.0,0.0,0.0,1.0001434931874262,30.0,8249.806915886,1584.0
1789713145.8,1.0,0.0,35.0,23.0,1.0,357.0,,297.0,567.0,59.0,590.0,567.0,0.0,0.0,1.0030973965597396,28.0,8259.375990392,1588.0
1789713148.6,2.0,0.0,34.0,23.0,1.0,357.0,,297.0,568.0,59.0,591.0,568.0,0.0,0.0,0.9996531130422344,30.0,8260.203601054,1590.0
1789713151.4,3.0,0.0,33.0,23.0,1.0,358.0,,297.0,569.0,59.0,592.0,569.0,0.0,0.0,0.9977076851553839,30.0,8276.111861192,1592.0
1789713154.2,5.0,1.0,29.0,24.0,1.0,360.0,,298.0,572.0,59.0,596.0,572.0,0.0,0.0,0.9784943496763581,26.0,9120.020458244,1600.0
1789713157.0,7.0,1.0,28.0,23.0,1.0,361.0,,298.0,574.0,59.0,597.0,574.0,0.0,0.0,1.0162236705646748,28.0,10265.044149646,1604.0
1789713159.8,8.0,0.0,27.0,24.0,1.0,361.0,,298.0,575.0,59.0,599.0,575.0,0.0,0.0,0.9813052068805207,32.0,10266.315072200001,1606.0
1789713162.5,10.0,0.0,26.0,23.0,1.0,363.0,,298.0,577.0,59.0,600.0,577.0,0.0,0.0,0.9953550227085792,28.0,10284.95243668,1610.0
1789713165.3,10.0,0.0,26.0,23.0,1.0,363.0,,298.0,577.0,59.0,600.0,577.0,0.0,0.0,0.9958020419840503,30.0,10284.95243668,1610.0
1789713168.1,9.0,2.0,25.0,23.0,1.0,364.0,,299.0,578.0,59.0,601.0,578.0,0.0,0.0,0.9962575546257555,30.0,10290.769438344,1614.0
1789713170.9,11.0,2.0,24.0,22.0,1.0,366.0,,299.0,580.0,59.0,602.0,580.0,0.0,0.0,1.0312023924471623,28.0,10317.526627964,1618.0
1789713173.7,11.0,0.0,24.0,24.0,1.0,366.0,,299.0,580.0,59.0,604.0,580.0,0.0,0.0,0.9749061259521511,30.0,10317.526627964,1618.0
1789713176.5,14.0,0.0,21.0,24.0,1.0,367.0,,299.0,583.0,59.0,607.0,583.0,0.0,0.0,0.9642044844973715,30.0,10330.215656944,1624.0
1789713179.3,17.0,0.0,19.0,23.0,1.0,368.0,,300.0,586.0,59.0,609.0,586.0,0.0,0.0,0.998822551228409,30.0,10416.251483958,1632.0
1789713182.2,18.0,0.0,19.0,22.0,1.0,369.0,,301.0,587.0,59.0,609.0,587.0,0.0,0.0,1.0245324178378572,28.0,10424.715709286,1636.0
1789713185.0,2.0,0.0,33.0,24.0,1.0,370.0,,301.0,589.0,59.0,613.0,589.0,0.0,0.0,0.9690689482530487,30.0,10428.42342637,1640.0
1789713187.8,3.0,0.0,32.0,24.0,1.0,371.0,,301.0,590.0,59.0,614.0,590.0,0.0,0.0,0.9727394235239424,28.0,10456.319917866,1642.0
1789713190.6,4.0,0.0,31.0,24.0,1.0,372.0,,301.0,591.0,59.0,615.0,591.0,0.0,0.0,0.9779972642420341,32.0,11053.093631548,1644.0
1789713193.4,5.0,0.0,31.0,24.0,1.0,372.0,,301.0,591.0,60.0,615.0,591.0,0.0,0.0,0.9783964524550298,30.0,12253.490434284,1648.0
1789713196.1,7.0,0.0,29.0,24.0,1.0,373.0,,304.0,593.0,60.0,617.0,593.0,0.0,0.0,1.0062037335049887,28.0,12264.816467176,1658.0
1789713198.9,1.0,0.0,35.0,24.0,1.0,373.0,,304.0,594.0,60.0,618.0,594.0,0.0,0.0,0.9939911668991167,28.0,12264.816867358,1660.0
1789713201.8,2.0,0.0,33.0,25.0,1.0,374.0,,304.0,595.0,60.0,620.0,595.0,0.0,0.0,0.9708869756463899,26.0,12285.249926464001,1662.0
1789713204.5,3.0,0.0,33.0,24.0,1.0,374.0,,304.0,596.0,60.0,620.0,596.0,0.0,0.0,0.9936608196545436,28.0,12285.250227144,1664.0
1789713207.3,6.0,0.0,30.0,24.0,1.0,375.0,,304.0,599.0,60.0,623.0,599.0,0.0,0.0,0.9990062761506276,30.0,12288.524657516,1670.0
1789713210.1,5.0,1.0,29.0,25.0,1.0,375.0,,304.0,599.0,60.0,624.0,599.0,0.0,0.0,0.9745869541894646,30.0,12288.524657516,1670.0
1789713212.9,0.0,0.0,39.0,24.0,1.0,376.0,,305.0,600.0,63.0,624.0,600.0,0.0,0.0,1.0082805850588277,28.0,12297.163977962,1680.0
1789713215.7,2.0,0.0,35.0,26.0,1.0,377.0,,306.0,602.0,63.0,628.0,602.0,0.0,0.0,0.9971359475020563,30.0,12300.782000186,1686.0
1789713218.6,4.0,0.0,32.0,27.0,1.0,378.0,,306.0,603.0,63.0,631.0,603.0,0.0,0.0,0.9860006973500698,30.0,12309.717790204,1690.0
1789713221.4,7.0,0.0,30.0,26.0,1.0,379.0,,306.0,607.0,63.0,633.0,607.0,0.0,0.0,0.9887623824339306,32.0,12312.91908102,1696.0
1789713224.2,9.0,0.0,28.0,26.0,1.0,381.0,,306.0,609.0,63.0,635.0,609.0,0.0,0.0,0.9998828809498266,28.0,12361.199479782,1700.0
1789713227.0,10.0,0.0,27.0,26.0,1.0,382.0,,306.0,610.0,63.0,636.0,610.0,0.0,0.0,0.9978426849765762,30.0,12364.063946104001,1702.0
1789713229.8,11.0,0.0,26.0,26.0,1.0,382.0,,306.0,611.0,63.0,637.0,611.0,0.0,0.0,0.9884932768300969,30.0,12365.848261148,1704.0
1789713232.6,13.0,0.0,24.0,26.0,1.0,383.0,,306.0,613.0,63.0,639.0,613.0,0.0,0.0,0.9913497300003576,30.0,12368.252739138,1708.0
1789713235.5,15.0,0.0,21.0,27.0,1.0,385.0,,307.0,615.0,63.0,642.0,615.0,0.0,0.0,0.9750970031827773,28.0,12542.559999066,1714.0
1789713238.3,16.0,0.0,20.0,27.0,1.0,385.0,,307.0,616.0,63.0,643.0,616.0,0.0,0.0,0.9734358795551264,28.0,12543.148601494,1716.0
1789713241.1,17.0,0.0,19.0,27.0,1.0,386.0,,307.0,617.0,63.0,644.0,617.0,0.0,0.0,0.9735574687980546,28.0,12582.578575874,1718.0
1789713243.9,17.0,0.0,19.0,27.0,1.0,386.0,,307.0,617.0,63.0,644.0,617.0,0.0,0.0,0.9737630976647713,30.0,12582.578575874,1718.0
1789713246.7,19.0,0.0,18.0,26.0,1.0,388.0,,309.0,619.0,63.0,645.0,619.0,0.0,0.0,1.0232025354933305,28.0,13058.905633128,1726.0
1789713249.5,0.0,0.0,37.0,26.0,1.0,388.0,,309.0,619.0,63.0,645.0,619.0,0.0,0.0,1.0232999856953833,28.0,13058.905633128,1726.0
1789713252.3,0.0,0.0,36.0,27.0,1.0,388.0,,309.0,619.0,63.0,646.0,619.0,0.0,0.0,0.9909348961127203,28.0,13058.905633128,1726.0
1789713255.1,4.0,0.0,32.0,27.0,1.0,390.0,,309.0,623.0,63.0,650.0,623.0,0.0,0.0,0.9975999535099953,26.0,13212.970062582,1734.0
1789713257.9,4.0,0.0,32.0,27.0,1.0,390.0,,309.0,623.0,63.0,650.0,623.0,0.0,0.0,0.9978055823767121,28.0,13212.970062582,1734.0
1789713260.8,6.0,0.0,29.0,28.0,1.0,391.0,,309.0,625.0,63.0,653.0,625.0,0.0,0.0,0.9750607946214641,28.0,13225.532596628,1738.0
1789713263.6,8.0,0.0,28.0,27.0,1.0,391.0,,309.0,627.0,63.0,654.0,627.0,0.0,0.0,0.9988395379608769,28.0,13225.533298488,1742.0
1789713266.4,8.0,0.0,28.0,27.0,1.0,391.0,,309.0,627.0,63.0,654.0,627.0,0.0,0.0,0.9997872188248758,28.0,13225.533298488,1742.0
1789713269.3,0.0,1.0,35.0,27.0,1.0,392.0,,310.0,628.0,63.0,655.0,628.0,0.0,0.0,0.9998489074848907,28.0,13250.65700166,1746.0
1789713272.1,0.0,1.0,35.0,27.0,1.0,392.0,,310.0,628.0,63.0,655.0,628.0,0.0,0.0,1.0009038729750026,28.0,13250.65700166,1746.0
1789713274.9,2.0,1.0,33.0,27.0,1.0,393.0,,310.0,630.0,63.0,657.0,630.0,0.0,0.0,1.0148799306226084,26.0,13276.156684124,1750.0
1789713277.8,0.0,0.0,37.0,27.0,1.0,394.0,,311.0,631.0,64.0,658.0,631.0,0.0,0.0,1.02698297750599,28.0,14035.698889868001,1756.0
1789713280.6,0.0,0.0,35.0,29.0,1.0,394.0,,311.0,631.0,64.0,660.0,631.0,0.0,0.0,1.0251609269391697,32.0,14035.698889868001,1756.0
1789713283.4,2.0,0.0,33.0,29.0,1.0,395.0,,312.0,633.0,64.0,662.0,633.0,0.0,0.0,1.0247957121911098,32.0,14041.882067884,1762.0
1789713286.3,4.0,0.0,31.0,29.0,1.0,397.0,,312.0,635.0,64.0,664.0,635.0,0.0,0.0,0.9999870364410114,30.0,14061.667502724,1766.0
1789713289.1,3.0,0.0,32.0,29.0,1.0,399.0,,312.0,638.0,64.0,667.0,638.0,0.0,0.0,0.9864535278761221,32.0,14109.113268024,1772.0
1789713291.9,5.0,0.0,30.0,29.0,1.0,400.0,,312.0,640.0,64.0,669.0,640.0,0.0,0.0,0.9952213639452133,32.0,14114.991231026,1776.0
1789713294.8,7.0,0.0,28.0,29.0,1.0,402.0,,312.0,642.0,64.0,671.0,642.0,0.0,0.0,0.9807446447090798,32.0,14132.825718586,1780.0
1789713297.6,10.0,0.0,25.0,29.0,1.0,404.0,,312.0,645.0,64.0,674.0,645.0,0.0,0.0,0.9811661838858492,30.0,14144.199838074,1786.0
1789713300.4,12.0,1.0,23.0,29.0,1.0,405.0,,313.0,647.0,65.0,676.0,647.0,0.0,0.0,0.9882813896935236,32.0,14146.93362684,1794.0
1789713303.3,0.0,0.0,36.0,29.0,1.0,407.0,,315.0,649.0,65.0,678.0,649.0,0.0,0.0,1.0030893502127811,30.0,14155.509496308001,1802.0
1789713306.2,2.0,0.0,33.0,30.0,1.0,408.0,,315.0,651.0,65.0,681.0,651.0,0.0,0.0,0.9890524979437113,32.0,14557.400856286,1806.0
1789713309.0,5.0,0.0,30.0,30.0,1.0,411.0,,315.0,654.0,65.0,684.0,654.0,0.0,0.0,0.9678374101491256,32.0,14579.314306936,1812.0
1789713311.9,8.0,0.0,27.0,30.0,1.0,413.0,,315.0,657.0,65.0,687.0,657.0,0.0,0.0,0.9971596395236563,34.0,14776.565057212001,1818.0
1789713314.7,8.0,0.0,27.0,30.0,1.0,413.0,,315.0,657.0,65.0,687.0,657.0,0.0,0.0,0.997302685691807,34.0,14776.565057212001,1818.0
1789713317.6,7.0,1.0,27.0,30.0,1.0,413.0,,315.0,657.0,65.0,687.0,657.0,0.0,0.0,0.9984077173407717,36.0,14776.565057212001,1818.0
1789713320.5,10.0,1.0,25.0,29.0,1.0,415.0,,316.0,660.0,65.0,689.0,660.0,0.0,0.0,1.0217577691950077,34.0,14799.842999772,1826.0
1789713323.3,13.0,0.0,22.0,30.0,1.0,417.0,,316.0,663.0,65.0,693.0,663.0,0.0,0.0,0.9970376032614526,34.0,14824.301351914,1832.0
1789713326.3,14.0,1.0,21.0,29.0,1.0,419.0,,316.0,665.0,65.0,694.0,665.0,0.0,0.0,1.0245771197654043,32.0,14835.2959193,1836.0
1789713329.2,0.0,0.0,36.0,29.0,1.0,419.0,,318.0,666.0,65.0,695.0,666.0,0.0,0.0,1.0389326967778851,32.0,14835.83130797,1842.0
1789713332.1,2.0,0.0,33.0,30.0,1.0,419.0,,318.0,668.0,65.0,698.0,668.0,0.0,0.0,0.9954104530987377,34.0,14837.98737785,1846.0
1789713335.0,5.0,0.0,30.0,30.0,2.0,420.0,,319.0,671.0,65.0,701.0,671.0,0.0,0.0,1.0115089582662804,32.0,14936.283893168,1854.0
1789713337.8,0.0,0.0,34.0,31.0,2.0,420.0,,319.0,671.0,65.0,702.0,671.0,0.0,0.0,0.9943657690519615,34.0,14936.283893168,1854.0
1789713340.7,3.0,0.0,31.0,31.0,2.0,422.0,,319.0,674.0,65.0,705.0,674.0,0.0,0.0,0.9904570325072417,34.0,14952.857581086,1860.0
1789713343.6,4.0,1.0,30.0,30.0,2.0,424.0,,319.0,676.0,65.0,706.0,676.0,0.0,0.0,0.9763678789829418,32.0,14961.34072834,1864.0
1789713346.5,9.0,0.0,28.0,30.0,2.0,426.0,,320.0,678.0,67.0,708.0,678.0,0.0,0.0,0.9914976933805386,32.0,16316.979509218001,1876.0
1789713349.3,9.0,0.0,28.0,30.0,2.0,426.0,,322.0,678.0,67.0,708.0,678.0,0.0,0.0,1.0299167650109073,32.0,16316.98033982,1880.0
1789713352.2,9.0,0.0,27.0,31.0,2.0,426.0,,323.0,679.0,67.0,709.0,678.0,0.0,0.0,0.9907802274434073,34.0,16324.845746026,1883.0
1789713355.1,11.0,0.0,25.0,31.0,2.0,427.0,,324.0,680.0,67.0,711.0,680.0,0.0,0.0,0.9967153023638379,34.0,16332.711387432,1888.0
1789713358.0,14.0,0.0,22.0,31.0,2.0,429.0,,324.0,684.0,67.0,715.0,684.0,0.0,0.0,0.97771340700211,30.0,16361.511269528,1896.0
1789713360.9,13.0,1.0,22.0,31.0,2.0,429.0,,327.0,684.0,67.0,715.0,684.0,0.0,0.0,0.9813963988127168,30.0,16361.51235099,1902.0
1789713363.8,14.0,1.0,22.0,30.0,2.0,430.0,,328.0,685.0,67.0,715.0,685.0,0.0,0.0,1.0205990952329864,30.0,12211.366714456,1730.0
1789713366.6,15.0,1.0,21.0,30.0,2.0,430.0,,328.0,686.0,67.0,716.0,686.0,0.0,0.0,1.0218887458427208,30.0,12211.367080596001,1732.0
1789713369.5,17.0,0.0,19.0,31.0,2.0,431.0,,331.0,688.0,67.0,719.0,688.0,0.0,0.0,1.017807459857669,30.0,12219.730153032,1742.0
1789713372.4,19.0,0.0,16.0,32.0,2.0,432.0,,331.0,690.0,67.0,722.0,690.0,0.0,0.0,0.9732651181918964,30.0,12227.60268324,1746.0
1789713375.2,22.0,1.0,14.0,30.0,2.0,435.0,,332.0,694.0,67.0,724.0,694.0,0.0,0.0,0.9873024174802417,30.0,12235.14224477,1756.0
1789713378.1,22.0,2.0,12.0,31.0,2.0,436.0,,334.0,695.0,67.0,726.0,695.0,0.0,0.0,0.9805868469048385,28.0,12695.749081346,1762.0
1789713380.9,25.0,0.0,12.0,30.0,2.0,437.0,,337.0,696.0,67.0,726.0,696.0,0.0,0.0,1.0203429531881414,30.0,12759.817277856,1770.0
1789713383.8,0.0,0.0,37.0,30.0,2.0,437.0,,337.0,696.0,67.0,726.0,696.0,0.0,0.0,1.0204323570432356,30.0,12759.817277856,1770.0
1789713386.6,0.0,0.0,37.0,30.0,2.0,437.0,,337.0,696.0,67.0,726.0,696.0,0.0,0.0,1.0206111647534242,30.0,12759.817277856,1770.0
1789713389.5,1.0,0.0,34.0,32.0,2.0,438.0,,337.0,697.0,67.0,729.0,697.0,0.0,0.0,0.9719602689267961,30.0,12774.157011098001,1772.0
1789713392.4,4.0,0.0,32.0,31.0,2.0,439.0,,337.0,700.0,67.0,731.0,700.0,0.0,0.0,0.9920376926653077,30.0,12779.998106302,1778.0
1789713395.2,4.0,0.0,31.0,32.0,2.0,439.0,,337.0,700.0,67.0,732.0,700.0,0.0,0.0,0.9767357758466545,32.0,12779.998106302,1778.0
1789713398.1,7.0,0.0,28.0,32.0,2.0,441.0,,338.0,703.0,67.0,735.0,703.0,0.0,0.0,0.9855836283660552,32.0,12824.106345344,1786.0
1789713400.9,8.0,0.0,27.0,32.0,2.0,442.0,,338.0,704.0,67.0,736.0,704.0,0.0,0.0,0.977581536315846,34.0,12828.579238976,1788.0
1789713403.8,8.0,0.0,27.0,32.0,2.0,442.0,,338.0,704.0,67.0,736.0,704.0,0.0,0.0,0.9777603440260344,34.0,12828.579238976,1788.0
1789713406.7,8.0,1.0,26.0,32.0,2.0,443.0,,338.0,705.0,67.0,737.0,705.0,0.0,0.0,0.984787487036441,32.0,12842.654735282,1790.0
1789713409.6,0.0,0.0,34.0,33.0,2.0,443.0,,339.0,706.0,67.0,739.0,706.0,0.0,0.0,0.9669067160175947,32.0,12843.110814894,1794.0
1789713412.4,1.0,0.0,33.0,33.0,2.0,444.0,,339.0,707.0,67.0,740.0,707.0,0.0,0.0,0.9875746522190036,36.0,12868.154289006,1796.0
1789713415.3,4.0,0.0,31.0,32.0,2.0,446.0,,339.0,710.0,67.0,742.0,710.0,0.0,0.0,0.9901834567106533,32.0,12882.268568474,1802.0
1789713418.1,5.0,0.0,30.0,32.0,2.0,447.0,,339.0,711.0,67.0,743.0,711.0,0.0,0.0,0.9775256589064121,32.0,12891.886143088,1804.0
1789713421.0,6.0,0.0,29.0,32.0,2.0,447.0,,341.0,712.0,67.0,744.0,712.0,0.0,0.0,0.9819618781961879,34.0,12891.88709449,1810.0
1789713423.9,8.0,0.0,27.0,32.0,2.0,448.0,,341.0,714.0,67.0,746.0,714.0,0.0,0.0,0.993079694596431,32.0,14453.449232614,1816.0
1789713426.8,9.0,0.0,27.0,32.0,2.0,448.0,,342.0,714.0,68.0,746.0,714.0,0.0,0.0,1.0189035511211244,32.0,14453.449996654,1820.0
1789713429.6,0.0,0.0,35.0,33.0,2.0,448.0,,342.0,714.0,68.0,747.0,714.0,0.0,0.0,0.9763991703322247,34.0,14453.449996654,1820.0
1789713432.5,4.0,0.0,32.0,32.0,2.0,449.0,,342.0,718.0,68.0,750.0,718.0,0.0,0.0,0.996775202946751,32.0,14474.75558216,1828.0
1789713435.4,7.0,0.0,28.0,33.0,2.0,451.0,,343.0,721.0,68.0,754.0,721.0,0.0,0.0,0.9934565318456532,30.0,14865.960015032,1836.0
1789713438.3,8.0,0.0,27.0,33.0,2.0,451.0,,343.0,722.0,68.0,755.0,722.0,0.0,0.0,0.9902826949898079,32.0,14867.58837452,1838.0
1789713441.1,9.0,0.0,26.0,33.0,2.0,451.0,,344.0,723.0,68.0,756.0,723.0,0.0,0.0,0.9802676751421522,32.0,14868.439276704,1842.0
1789713444.0,10.0,1.0,25.0,32.0,2.0,452.0,,344.0,725.0,68.0,757.0,725.0,0.0,0.0,1.0093297392983585,30.0,14879.940612800001,1846.0
1789713447.0,10.0,1.0,25.0,32.0,2.0,452.0,,345.0,725.0,68.0,757.0,725.0,0.0,0.0,1.010470532489361,32.0,14879.94092186,1848.0
1789713449.9,11.0,1.0,24.0,32.0,2.0,454.0,,345.0,727.0,68.0,759.0,727.0,0.0,0.0,1.022248596359475,30.0,15189.244716248,1852.0
1789713452.7,11.0,0.0,24.0,33.0,2.0,454.0,,345.0,727.0,68.0,760.0,727.0,0.0,0.0,0.9916916997460931,32.0,15189.244716248,1852.0
1789713455.6,11.0,0.0,24.0,33.0,2.0,454.0,,345.0,727.0,68.0,760.0,727.0,0.0,0.0,0.9917900439866967,34.0,15189.244716248,1852.0
1789713458.5,14.0,0.0,21.0,33.0,2.0,456.0,,347.0,730.0,68.0,763.0,730.0,0.0,0.0,0.9987559453563638,32.0,15217.499182498,1862.0
1789713461.4,15.0,0.0,20.0,33.0,2.0,456.0,,347.0,731.0,68.0,764.0,731.0,0.0,0.0,0.999410828594929,34.0,15217.499684378,1864.0
1789713464.2,15.0,1.0,20.0,32.0,2.0,457.0,,348.0,732.0,68.0,764.0,732.0,0.0,0.0,1.02079220755999,32.0,15228.974994998,1868.0
1789713467.1,16.0,0.0,19.0,33.0,2.0,457.0,,349.0,732.0,68.0,765.0,732.0,0.0,0.0,0.9897485069556199,34.0,15228.975204898,1870.0
1789713470.0,16.0,1.0,19.0,32.0,2.0,458.0,,350.0,733.0,68.0,765.0,733.0,0.0,0.0,1.0080794263848658,32.0,15232.43553889,1874.0
1789713472.8,17.0,0.0,18.0,33.0,2.0,459.0,,351.0,734.0,68.0,767.0,734.0,0.0,0.0,0.9878728140757429,32.0,15267.126798174,1878.0
1789713475.7,18.0,0.0,18.0,32.0,2.0,460.0,,352.0,735.0,68.0,767.0,735.0,0.0,0.0,1.0194319279047312,30.0,15271.748991804001,1882.0
1789713478.6,18.0,0.0,17.0,33.0,2.0,460.0,,353.0,736.0,68.0,769.0,736.0,0.0,0.0,0.9912853592246897,32.0,15271.749831084,1886.0
1789713481.5,19.0,2.0,15.0,33.0,2.0,461.0,,354.0,738.0,69.0,771.0,738.0,0.0,0.0,1.0111415084218431,32.0,15274.387906834,1894.0
1789713484.4,21.0,0.0,14.0,34.0,2.0,462.0,,355.0,739.0,69.0,773.0,739.0,0.0,0.0,0.989786503594035,34.0,15284.596297776001,1898.0
1789713487.3,22.0,2.0,13.0,32.0,2.0,464.0,,355.0,742.0,69.0,774.0,742.0,0.0,0.0,1.0415245145370668,32.0,15291.265895326,1904.0
1789713490.2,22.0,0.0,13.0,34.0,2.0,464.0,,356.0,742.0,69.0,776.0,742.0,0.0,0.0,0.9856269892357759,32.0,15291.266109746,1906.0
1789713493.1,23.0,0.0,12.0,34.0,2.0,465.0,,358.0,743.0,69.0,777.0,743.0,0.0,0.0,0.9928459035153596,34.0,15308.767016744001,1912.0
1789713495.9,24.0,0.0,12.0,33.0,2.0,466.0,,360.0,744.0,69.0,777.0,744.0,0.0,0.0,1.0205307012838394,32.0,15316.86856165,1918.0
1789713498.9,0.0,0.0,36.0,33.0,2.0,466.0,,360.0,744.0,69.0,777.0,744.0,0.0,0.0,1.0214783821478381,32.0,15316.86856165,1918.0
1789713501.8,1.0,0.0,34.0,34.0,2.0,466.0,,360.0,745.0,69.0,779.0,745.0,0.0,0.0,0.995955369595537,34.0,15317.127039046,1920.0
1789713504.6,4.0,0.0,31.0,34.0,2.0,467.0,,360.0,748.0,69.0,782.0,748.0,0.0,0.0,0.9794040339019419,32.0,15320.660777202,1926.0
1789713507.5,6.0,0.0,29.0,34.0,2.0,469.0,,360.0,750.0,69.0,784.0,750.0,0.0,0.0,0.9809779887708758,32.0,16957.720842278,1932.0
1789713510.4,6.0,0.0,29.0,34.0,2.0,469.0,,360.0,750.0,69.0,784.0,750.0,0.0,0.0,0.9811120945535171,32.0,16957.720842278,1932.0
1789713513.3,7.0,0.0,28.0,34.0,2.0,470.0,,360.0,751.0,69.0,785.0,751.0,0.0,0.0,0.9930747773844009,32.0,16967.816226806,1934.0
1789713516.2,9.0,0.0,27.0,33.0,2.0,472.0,,361.0,753.0,69.0,786.0,753.0,0.0,0.0,1.020878482280156,28.0,16993.934059162002,1940.0
1789713519.0,0.0,0.0,35.0,34.0,2.0,472.0,,361.0,753.0,69.0,787.0,753.0,0.0,0.0,1.0163461538461538,30.0,16993.934059162002,1940.0
1789713521.9,4.0,0.0,30.0,35.0,2.0,475.0,,361.0,757.0,69.0,792.0,757.0,0.0,0.0,0.9931775918177592,28.0,17007.94815449,1948.0
1789713524.8,4.0,0.0,30.0,35.0,2.0,475.0,,361.0,757.0,69.0,792.0,757.0,0.0,0.0,0.9932938168293817,34.0,17007.94815449,1948.0
1789713527.7,4.0,0.0,30.0,35.0,2.0,475.0,,361.0,757.0,69.0,792.0,757.0,0.0,0.0,0.9934189822265136,34.0,17007.94815449,1948.0
1789713530.6,5.0,0.0,29.0,35.0,2.0,476.0,,361.0,758.0,69.0,793.0,758.0,0.0,0.0,0.9769458749061259,34.0,17022.429622348,1950.0
1789713533.5,6.0,0.0,28.0,35.0,2.0,477.0,,361.0,759.0,69.0,794.0,759.0,0.0,0.0,0.9964984980152344,34.0,17039.79430533,1952.0
1789713536.4,9.0,0.0,25.0,35.0,2.0,479.0,,361.0,762.0,69.0,797.0,762.0,0.0,0.0,0.9950537317169116,34.0,17053.527819522,1958.0
1789713539.3,10.0,0.0,24.0,35.0,2.0,479.0,,361.0,763.0,69.0,798.0,763.0,0.0,0.0,0.9815202231520224,34.0,17053.528077222,1960.0
1789713542.1,13.0,0.0,22.0,34.0,2.0,482.0,,361.0,766.0,69.0,800.0,766.0,0.0,0.0,0.9936044952258342,30.0,17323.009522844,1966.0
1789713545.0,13.0,0.0,22.0,34.0,2.0,482.0,,361.0,766.0,69.0,800.0,766.0,0.0,0.0,0.9937028394664378,32.0,17323.009522844,1966.0
1789713547.9,13.0,1.0,21.0,34.0,2.0,483.0,,361.0,767.0,69.0,801.0,767.0,0.0,0.0,0.9995297357222044,32.0,17325.096011102,1968.0
1789713550.8,16.0,0.0,19.0,34.0,2.0,484.0,,362.0,769.0,69.0,803.0,769.0,0.0,0.0,0.9974654007080785,30.0,17334.191766926,1974.0
1789713553.7,15.0,1.0,19.0,34.0,2.0,484.0,,362.0,769.0,69.0,803.0,769.0,0.0,0.0,0.9979244895039874,32.0,17334.191766926,1974.0
1789713556.6,17.0,0.0,18.0,34.0,2.0,485.0,,365.0,770.0,69.0,804.0,770.0,0.0,0.0,1.02020393019347,32.0,17343.578961362,1982.0
1789713559.5,0.0,0.0,35.0,34.0,2.0,485.0,,365.0,770.0,69.0,804.0,770.0,0.0,0.0,1.0204663305081716,32.0,17343.578961362,1982.0
1789713562.5,0.0,0.0,34.0,35.0,2.0,485.0,,365.0,770.0,69.0,805.0,770.0,0.0,0.0,0.9899438543790008,32.0,17343.578961362,1982.0
1789713565.4,2.0,0.0,32.0,35.0,2.0,486.0,,365.0,772.0,69.0,807.0,772.0,0.0,0.0,0.9955199728212281,30.0,17357.321953874,1986.0
1789713568.3,4.0,0.0,30.0,35.0,2.0,487.0,,365.0,774.0,69.0,809.0,774.0,0.0,0.0,0.9852264599649537,32.0,17360.56520043,1990.0
1789713571.1,7.0,0.0,27.0,35.0,2.0,489.0,,365.0,777.0,69.0,812.0,777.0,0.0,0.0,0.9926487680148768,32.0,17521.504199214,1996.0
1789713574.0,9.0,0.0,25.0,35.0,2.0,490.0,,365.0,779.0,69.0,814.0,779.0,0.0,0.0,0.9916393984908629,32.0,17525.417853458,2000.0
1789713576.9,9.0,0.0,25.0,35.0,2.0,490.0,,365.0,779.0,69.0,814.0,779.0,0.0,0.0,0.9917824446590137,34.0,17525.417853458,2000.0
1789713579.8,9.0,0.0,25.0,35.0,2.0,490.0,,365.0,779.0,69.0,814.0,779.0,0.0,0.0,0.9918629081285985,34.0,17525.417853458,2000.0
1789713582.6,10.0,0.0,24.0,35.0,2.0,491.0,,365.0,780.0,69.0,815.0,780.0,0.0,0.0,0.982051282051282,32.0,17549.742321504,2002.0
1789713585.6,10.0,0.0,24.0,35.0,2.0,491.0,,365.0,780.0,69.0,815.0,780.0,0.0,0.0,0.9823731359296213,34.0,17549.742321504,2002.0
1789713588.5,12.0,0.0,22.0,35.0,2.0,493.0,,366.0,783.0,69.0,818.0,783.0,0.0,0.0,0.9793669313020777,32.0,17578.65833356,2010.0
1789713591.4,13.0,0.0,21.0,35.0,2.0,494.0,,367.0,784.0,69.0,819.0,784.0,0.0,0.0,0.9952244930801416,32.0,17581.672967802002,2014.0
1789713594.3,15.0,1.0,19.0,34.0,2.0,495.0,,367.0,787.0,69.0,821.0,787.0,0.0,0.0,1.0210327039301934,32.0,17591.655715966,2020.0
1789713597.2,16.0,1.0,18.0,34.0,2.0,495.0,,367.0,788.0,69.0,822.0,788.0,0.0,0.0,1.0217515109251512,32.0,17591.655941326,2022.0
1789713600.1,15.0,1.0,18.0,35.0,2.0,495.0,,369.0,788.0,69.0,823.0,788.0,0.0,0.0,0.9977309301577084,34.0,17591.656434604,2026.0
1789713603.0,18.0,0.0,16.0,35.0,2.0,497.0,,371.0,790.0,69.0,825.0,790.0,0.0,0.0,0.9980103172048779,34.0,17649.067562902,2034.0
1789713605.9,18.0,0.0,16.0,35.0,2.0,497.0,,371.0,790.0,69.0,825.0,790.0,0.0,0.0,0.9984743232128169,34.0,17649.067562902,2034.0
1789713608.8,18.0,1.0,15.0,35.0,2.0,497.0,,373.0,791.0,69.0,826.0,791.0,0.0,0.0,1.000657565354218,34.0,17649.068550202002,2040.0
1789713611.7,19.0,1.0,14.0,35.0,2.0,498.0,,377.0,792.0,69.0,827.0,792.0,0.0,0.0,1.0321563315810178,34.0,17662.190594862,2050.0
1789713614.6,0.0,0.0,32.0,37.0,2.0,498.0,,377.0,792.0,69.0,829.0,792.0,0.0,0.0,0.984477255659264,34.0,17662.190594862,2050.0
1789713617.5,3.0,0.0,29.0,37.0,2.0,500.0,,377.0,795.0,69.0,832.0,795.0,0.0,0.0,0.9815868290240675,34.0,17677.197361928,2056.0
1789713620.4,6.0,0.0,27.0,36.0,2.0,501.0,,377.0,798.0,69.0,834.0,798.0,0.0,0.0,0.9857883631942209,34.0,17683.7819763,2062.0
1789713623.3,9.0,0.0,24.0,36.0,2.0,502.0,,377.0,801.0,69.0,837.0,801.0,0.0,0.0,0.9846967421235203,34.0,17690.757141726,2068.0
1789713626.2,8.0,1.0,24.0,36.0,2.0,502.0,,377.0,801.0,69.0,837.0,801.0,0.0,0.0,0.9847253513571506,34.0,17690.757141726,2068.0
1789713629.1,10.0,0.0,23.0,36.0,2.0,503.0,,377.0,803.0,69.0,839.0,803.0,0.0,0.0,0.9934900582913135,32.0,18199.365586218002,2072.0
1789713631.9,10.0,0.0,23.0,36.0,2.0,503.0,,378.0,803.0,69.0,839.0,803.0,0.0,0.0,0.9950251224832815,34.0,18199.365813218,2074.0
1789713634.8,11.0,0.0,22.0,36.0,2.0,503.0,,378.0,804.0,69.0,840.0,804.0,0.0,0.0,0.9958816114150842,34.0,18199.366126258,2076.0
1789713637.7,0.0,0.0,33.0,36.0,2.0,503.0,,380.0,804.0,69.0,840.0,804.0,0.0,0.0,1.0011600150198476,34.0,18199.366608378,2080.0
1789713640.6,2.0,0.0,31.0,36.0,2.0,504.0,,380.0,806.0,69.0,842.0,806.0,0.0,0.0,0.9920215999713907,32.0,18221.18920279,2084.0
1789713643.5,3.0,0.0,30.0,36.0,2.0,505.0,,380.0,807.0,69.0,843.0,807.0,0.0,0.0,0.9992043056896613,32.0,18319.697822202,2086.0
1789713646.4,3.0,0.0,30.0,36.0,2.0,505.0,,380.0,807.0,69.0,843.0,807.0,0.0,0.0,0.999409934556378,32.0,18319.697822202,2086.0
1789713649.3,3.0,0.0,28.0,38.0,2.0,505.0,,381.0,807.0,69.0,845.0,807.0,0.0,0.0,0.9817151235561278,34.0,18319.698190602,2088.0
1789713652.2,3.0,0.0,28.0,38.0,2.0,505.0,,381.0,807.0,69.0,845.0,807.0,0.0,0.0,0.9826628044201265,38.0,18319.698190602,2088.0
1789713655.1,3.0,1.0,28.0,37.0,2.0,506.0,,382.0,808.0,69.0,845.0,808.0,0.0,0.0,1.005005721846726,36.0,18324.098809238,2092.0
1789713658.1,5.0,0.0,26.0,38.0,2.0,508.0,,383.0,810.0,69.0,848.0,810.0,0.0,0.0,0.9757237242069878,36.0,18357.269940252,2098.0
1789713660.9,5.0,0.0,26.0,38.0,2.0,508.0,,383.0,810.0,69.0,848.0,810.0,0.0,0.0,0.9758041876765726,36.0,19558.5269679,2100.0
1789713663.8,8.0,0.0,24.0,37.0,2.0,511.0,,383.0,814.0,69.0,851.0,814.0,0.0,0.0,0.9984770053284697,30.0,13318.059136762,1864.0
1789713666.7,8.0,0.0,24.0,37.0,2.0,511.0,,383.0,814.0,69.0,851.0,814.0,0.0,0.0,0.9986200514966206,32.0,13318.059136762,1864.0
1789713669.6,9.0,1.0,22.0,37.0,2.0,511.0,,383.0,816.0,69.0,853.0,816.0,0.0,0.0,0.9974229338769087,34.0,13318.059946082001,1868.0
1789713672.4,10.0,1.0,21.0,37.0,2.0,512.0,,383.0,817.0,69.0,854.0,817.0,0.0,0.0,1.0190573257518865,34.0,13327.2960679,1870.0
1789713675.3,10.0,0.0,21.0,38.0,2.0,512.0,,383.0,817.0,69.0,855.0,817.0,0.0,0.0,0.9860538926438508,34.0,13327.2960679,1870.0
1789713678.2,12.0,0.0,19.0,38.0,2.0,514.0,,384.0,819.0,69.0,857.0,819.0,0.0,0.0,0.9816891964381504,32.0,13335.958437790001,1876.0
1789713681.1,13.0,0.0,18.0,38.0,2.0,514.0,,386.0,820.0,69.0,858.0,820.0,0.0,0.0,0.9847168579909166,32.0,13335.95951835,1882.0
1789713684.0,12.0,1.0,18.0,38.0,2.0,514.0,,386.0,820.0,69.0,858.0,820.0,0.0,0.0,0.9854481815255873,34.0,13335.95951835,1882.0
1789713686.9,13.0,1.0,18.0,37.0,2.0,515.0,,387.0,821.0,69.0,858.0,821.0,0.0,0.0,1.0119081464792763,32.0,13340.7387952,1886.0
1789713689.8,12.0,1.0,18.0,38.0,2.0,515.0,,388.0,821.0,69.0,859.0,821.0,0.0,0.0,0.9901847977684798,32.0,13340.73923818,1888.0
1789713692.6,0.0,0.0,31.0,38.0,2.0,516.0,,389.0,822.0,69.0,860.0,822.0,0.0,0.0,1.0091075707184494,32.0,13924.00957005,1892.0
1789713695.5,0.0,0.0,31.0,38.0,2.0,516.0,,389.0,822.0,69.0,860.0,822.0,0.0,0.0,1.0092327361155813,32.0,13924.00957005,1892.0
1789713698.4,1.0,0.0,29.0,39.0,2.0,517.0,,389.0,823.0,69.0,862.0,823.0,0.0,0.0,0.9804840324714802,34.0,13932.460426604,1894.0
1789713701.3,3.0,0.0,28.0,38.0,2.0,519.0,,389.0,825.0,69.0,863.0,825.0,0.0,0.0,0.9973558809855881,34.0,13948.455454712,1898.0
1789713704.2,3.0,0.0,28.0,38.0,2.0,519.0,,389.0,825.0,69.0,863.0,825.0,0.0,0.0,0.9978118406465687,34.0,13948.455454712,1898.0
1789713707.1,5.0,0.0,26.0,38.0,2.0,521.0,,389.0,827.0,69.0,865.0,827.0,0.0,0.0,0.9865022529771483,32.0,13961.26892262,1902.0
1789713709.9,0.0,0.0,31.0,38.0,2.0,522.0,,389.0,828.0,69.0,866.0,828.0,0.0,0.0,1.0002521188713658,34.0,15024.100996992,1904.0
1789713712.8,2.0,0.0,29.0,38.0,2.0,523.0,,389.0,830.0,69.0,868.0,830.0,0.0,0.0,0.9946576726388442,34.0,15030.088599196,1908.0
1789713715.7,5.0,0.0,25.0,39.0,2.0,525.0,,389.0,833.0,69.0,872.0,833.0,0.0,0.0,0.9671279905589529,34.0,15036.651752686,1914.0
1789713718.5,0.0,0.0,31.0,38.0,2.0,526.0,,390.0,835.0,69.0,873.0,835.0,0.0,0.0,1.0064987662267997,34.0,15053.696967354,1920.0
1789713721.4,0.0,0.0,30.0,39.0,2.0,526.0,,390.0,835.0,69.0,874.0,835.0,0.0,0.0,0.9813132532274792,36.0,15053.696967354,1920.0
1789713724.3,2.0,0.0,29.0,38.0,2.0,528.0,,390.0,837.0,69.0,875.0,837.0,0.0,0.0,0.9972575367449844,34.0,15068.835962118,1924.0
1789713727.2,3.0,0.0,27.0,39.0,2.0,529.0,,390.0,838.0,69.0,877.0,838.0,0.0,0.0,0.9901409898794836,34.0,15077.799706964,1926.0
1789713730.2,4.0,0.0,26.0,39.0,2.0,530.0,,390.0,839.0,69.0,878.0,839.0,0.0,0.0,0.9889318027393341,36.0,15081.017546402001,1928.0
1789713733.0,7.0,0.0,24.0,39.0,2.0,530.0,1.0,390.0,841.0,70.0,880.0,841.0,0.0,0.0,0.9907601115760112,32.0,15093.154682966,1934.0
1789713735.9,8.0,0.0,23.0,39.0,2.0,531.0,1.0,390.0,842.0,70.0,881.0,842.0,0.0,0.0,0.9925052748274505,34.0,15131.535596716001,1936.0
1789713738.8,8.0,0.0,23.0,39.0,2.0,531.0,1.0,390.0,842.0,70.0,881.0,842.0,0.0,0.0,0.9926751421521296,36.0,15131.535596716001,1936.0
1789713741.7,7.0,1.0,23.0,39.0,2.0,531.0,1.0,390.0,842.0,70.0,881.0,842.0,0.0,0.0,0.9931051746951328,36.0,15131.535596716001,1936.0
1789713744.6,9.0,0.0,21.0,40.0,2.0,532.0,1.0,391.0,843.0,70.0,883.0,843.0,0.0,0.0,0.9853771054607875,38.0,15149.289780308001,1940.0
1789713747.4,9.0,0.0,21.0,40.0,2.0,532.0,1.0,392.0,843.0,70.0,883.0,843.0,0.0,0.0,0.9861066409183564,38.0,15149.290193868,1942.0
1789713750.3,9.0,0.0,21.0,40.0,2.0,532.0,1.0,393.0,843.0,70.0,883.0,843.0,0.0,0.0,0.9870377820691628,38.0,15149.290502428,1944.0
1789713753.2,10.0,0.0,20.0,40.0,2.0,533.0,1.0,394.0,844.0,70.0,884.0,844.0,0.0,0.0,0.9930725422880234,38.0,15162.587903186,1948.0
1789713756.1,11.0,0.0,19.0,40.0,2.0,534.0,1.0,394.0,845.0,70.0,885.0,845.0,0.0,0.0,0.9975919071630369,38.0,15185.033778208,1950.0
1789713759.0,12.0,0.0,19.0,39.0,2.0,535.0,1.0,395.0,846.0,70.0,885.0,846.0,0.0,0.0,1.0077607016414547,36.0,15191.56848188,1954.0
1789713761.8,12.0,0.0,18.0,40.0,2.0,535.0,1.0,397.0,846.0,70.0,886.0,846.0,0.0,0.0,0.9759624325000894,36.0,15191.56903876,1958.0
1789713764.7,14.0,0.0,17.0,39.0,2.0,536.0,1.0,398.0,848.0,70.0,887.0,848.0,0.0,0.0,1.015296999606623,36.0,15217.514508916001,1964.0
1789713767.6,0.0,0.0,31.0,39.0,2.0,536.0,1.0,398.0,848.0,70.0,887.0,848.0,0.0,0.0,1.0155115688588492,36.0,15217.514508916001,1964.0
1789713770.5,2.0,0.0,28.0,40.0,2.0,537.0,1.0,399.0,850.0,70.0,890.0,850.0,0.0,0.0,0.9910587204520259,38.0,15227.272190944,1970.0
1789713773.3,3.0,0.0,27.0,40.0,2.0,538.0,1.0,399.0,851.0,70.0,891.0,851.0,0.0,0.0,0.990104334298895,38.0,15234.313386928,1972.0
1789713776.2,4.0,0.0,26.0,40.0,2.0,539.0,1.0,399.0,852.0,70.0,892.0,852.0,0.0,0.0,0.9899514537066838,36.0,15236.82569188,1974.0
1789713779.1,7.0,0.0,24.0,40.0,2.0,541.0,1.0,399.0,854.0,71.0,894.0,854.0,0.0,0.0,0.9952231520223151,34.0,15333.228049058001,1980.0
1789713782.0,8.0,0.0,23.0,40.0,2.0,542.0,1.0,399.0,855.0,71.0,895.0,855.0,0.0,0.0,0.9914798126095197,36.0,15337.520911756,1982.0
1789713784.8,9.0,0.0,22.0,40.0,2.0,543.0,1.0,400.0,856.0,71.0,896.0,856.0,0.0,0.0,1.0358876014733756,36.0,15344.338267984002,1986.0
1789713787.7,0.0,0.0,30.0,41.0,2.0,543.0,1.0,400.0,856.0,71.0,897.0,856.0,0.0,0.0,1.0064817794943317,36.0,15344.338267984002,1986.0
1789713790.6,0.0,0.0,29.0,42.0,2.0,543.0,1.0,400.0,856.0,71.0,898.0,856.0,0.0,0.0,0.985135715052033,40.0,15344.338267984002,1986.0
1789713793.5,0.0,0.0,30.0,41.0,2.0,544.0,1.0,401.0,857.0,71.0,898.0,857.0,0.0,0.0,1.0090794085040946,38.0,15360.007817798001,1990.0
1789713796.4,1.0,0.0,29.0,41.0,2.0,545.0,1.0,401.0,858.0,71.0,899.0,858.0,0.0,0.0,0.9975597217752029,38.0,15371.186770982,1992.0
1789713799.3,2.0,0.0,27.0,42.0,2.0,546.0,1.0,401.0,859.0,71.0,901.0,859.0,0.0,0.0,0.9752337910810714,38.0,15405.150123262001,1994.0
1789713802.2,4.0,0.0,26.0,41.0,2.0,548.0,1.0,401.0,861.0,71.0,902.0,861.0,0.0,0.0,0.995800700926224,36.0,15427.515329324,1998.0
1789713805.1,4.0,0.0,25.0,42.0,2.0,548.0,1.0,402.0,861.0,71.0,903.0,861.0,0.0,0.0,0.9736164753424168,36.0,15427.515517244,2000.0
1789713808.0,6.0,0.0,24.0,41.0,2.0,548.0,1.0,403.0,863.0,71.0,904.0,863.0,0.0,0.0,0.9853100525694668,38.0,15429.23911117,2006.0
1789713810.9,8.0,0.0,23.0,40.0,2.0,549.0,1.0,405.0,865.0,71.0,905.0,865.0,0.0,0.0,0.9932517970174874,36.0,15457.930096352,2014.0
1789713813.8,8.0,0.0,23.0,40.0,2.0,549.0,1.0,407.0,865.0,71.0,905.0,865.0,0.0,0.0,0.9953389300146622,36.0,15457.930817392,2018.0
1789713816.7,8.0,0.0,23.0,40.0,2.0,549.0,1.0,407.0,865.0,71.0,905.0,865.0,0.0,0.0,0.9962150877945857,36.0,15457.930817392,2018.0
1789713819.6,8.0,1.0,22.0,40.0,2.0,550.0,1.0,409.0,866.0,71.0,906.0,866.0,0.0,0.0,1.0176206058005222,36.0,15491.982788270001,2024.0
1789713822.5,9.0,0.0,22.0,40.0,2.0,550.0,1.0,410.0,866.0,71.0,906.0,866.0,0.0,0.0,1.0184359689589815,36.0,15491.98316927,2026.0
1789713825.5,1.0,0.0,29.0,41.0,2.0,551.0,1.0,410.0,867.0,71.0,908.0,867.0,0.0,0.0,0.9853417909380252,36.0,15507.430695688001,2028.0
1789713828.4,0.0,0.0,30.0,41.0,2.0,552.0,1.0,411.0,868.0,71.0,909.0,868.0,0.0,0.0,0.979224779172478,34.0,15514.146839816001,2032.0
1789713831.3,1.0,0.0,29.0,41.0,2.0,553.0,1.0,411.0,869.0,71.0,910.0,869.0,0.0,0.0,0.999249454636484,36.0,15888.554326206,2034.0
1789713834.2,3.0,0.0,27.0,41.0,2.0,554.0,1.0,412.0,871.0,71.0,912.0,871.0,0.0,0.0,0.9925709866609448,38.0,15897.888026544,2040.0
1789713837.1,5.0,0.0,25.0,41.0,2.0,556.0,1.0,412.0,872.0,71.0,914.0,873.0,0.0,0.0,0.9796253084433001,36.0,15907.461577756001,2044.0
1789713840.0,5.0,0.0,25.0,41.0,2.0,556.0,1.0,412.0,873.0,71.0,914.0,873.0,0.0,0.0,0.9800186854057147,38.0,15907.461577756001,2044.0
1789713842.9,6.0,0.0,24.0,41.0,2.0,557.0,1.0,412.0,874.0,71.0,915.0,874.0,0.0,0.0,0.9759101312448593,38.0,15919.47198494,2046.0
1789713845.8,8.0,0.0,23.0,40.0,2.0,559.0,1.0,413.0,876.0,71.0,916.0,876.0,0.0,0.0,1.0256285091013124,36.0,15959.608142142,2052.0
1789713848.7,0.0,0.0,31.0,40.0,2.0,559.0,1.0,413.0,876.0,71.0,916.0,876.0,0.0,0.0,1.0256732110288596,36.0,15959.608142142,2052.0
1789713851.5,0.0,0.0,30.0,41.0,2.0,559.0,1.0,413.0,876.0,71.0,917.0,876.0,0.0,0.0,0.9997237420877588,38.0,15959.608142142,2052.0
1789713854.4,1.0,0.0,29.0,41.0,2.0,560.0,1.0,413.0,877.0,71.0,918.0,877.0,0.0,0.0,0.9918494975503344,38.0,15964.725056582001,2054.0
1789713857.3,3.0,0.0,27.0,41.0,2.0,561.0,1.0,413.0,879.0,71.0,920.0,879.0,0.0,0.0,0.9904154597146229,36.0,15987.939675746,2058.0
1789713860.3,4.0,0.0,26.0,41.0,2.0,561.0,1.0,414.0,880.0,71.0,921.0,880.0,0.0,0.0,0.9655205092443586,36.0,15989.667977334,2062.0
1789713863.2,5.0,0.0,25.0,41.0,2.0,562.0,1.0,415.0,881.0,71.0,922.0,881.0,0.0,0.0,0.9897359904159068,36.0,16005.557884244,2066.0
1789713866.1,6.0,0.0,24.0,41.0,2.0,563.0,1.0,415.0,882.0,71.0,923.0,882.0,0.0,0.0,0.9907435718628187,38.0,16010.84325216,2068.0
1789713869.0,8.0,0.0,23.0,40.0,2.0,565.0,1.0,415.0,884.0,71.0,924.0,884.0,0.0,0.0,0.9959102206487144,36.0,16072.712247718,2072.0
1789713871.9,9.0,0.0,22.0,40.0,2.0,565.0,1.0,416.0,885.0,71.0,925.0,885.0,0.0,0.0,0.9819994278153273,34.0,16074.329635968,2076.0
1789713874.8,9.0,1.0,22.0,39.0,2.0,566.0,1.0,417.0,886.0,71.0,925.0,886.0,0.0,0.0,1.0206420090834316,34.0,16076.896381578,2080.0
1789713877.7,10.0,0.0,21.0,40.0,2.0,566.0,1.0,418.0,886.0,71.0,926.0,886.0,0.0,0.0,0.964219236133462,34.0,16076.896748558001,2082.0
1789713880.6,9.0,2.0,20.0,40.0,2.0,566.0,1.0,419.0,887.0,71.0,927.0,887.0,0.0,0.0,0.993018899974967,36.0,16076.897515018001,2086.0
1789713883.6,0.0,0.0,31.0,40.0,2.0,568.0,1.0,420.0,890.0,71.0,930.0,890.0,0.0,0.0,1.0154422808711512,34.0,16834.203090454,2094.0
1789713886.5,0.0,0.0,31.0,40.0,2.0,568.0,1.0,420.0,890.0,71.0,930.0,890.0,0.0,0.0,1.0154959231842078,36.0,16834.203090454,2094.0
1789713889.4,1.0,0.0,31.0,39.0,2.0,569.0,1.0,420.0,891.0,71.0,930.0,891.0,0.0,0.0,0.9832117440904051,32.0,18045.617220356,2098.0
1789713892.3,2.0,0.0,30.0,39.0,2.0,570.0,1.0,420.0,892.0,71.0,931.0,892.0,0.0,0.0,0.9840923720630833,32.0,18057.309219296,2100.0
1789713895.2,4.0,0.0,28.0,39.0,2.0,572.0,1.0,420.0,894.0,71.0,933.0,894.0,0.0,0.0,0.9723469406000786,32.0,18064.985267258002,2104.0
1789713898.2,6.0,0.0,26.0,39.0,2.0,574.0,1.0,420.0,896.0,71.0,935.0,896.0,0.0,0.0,0.986113793226764,30.0,19462.500135158,2108.0
1789713901.1,7.0,0.0,25.0,39.0,2.0,575.0,1.0,421.0,897.0,71.0,936.0,897.0,0.0,0.0,0.9928020956263635,30.0,19467.82053322,2112.0
1789713903.9,7.0,0.0,24.0,40.0,2.0,575.0,1.0,421.0,897.0,71.0,937.0,897.0,0.0,0.0,0.9912026606587276,34.0,19467.82053322,2112.0
1789713906.9,8.0,0.0,23.0,40.0,2.0,576.0,1.0,422.0,898.0,71.0,938.0,898.0,0.0,0.0,0.994744841397561,34.0,19470.608412228,2116.0
1789713909.8,13.0,0.0,20.0,40.0,2.0,579.0,1.0,423.0,901.0,73.0,941.0,901.0,0.0,0.0,0.9868169545470801,30.0,20697.538182704,2130.0
1789713912.7,13.0,0.0,20.0,40.0,2.0,579.0,1.0,423.0,901.0,73.0,941.0,901.0,0.0,0.0,0.986879537245646,30.0,20697.538182704,2130.0
1789713915.6,13.0,0.0,20.0,40.0,2.0,579.0,1.0,424.0,901.0,73.0,941.0,901.0,0.0,0.0,1.0138356935951078,30.0,20697.538545844,2132.0
1789713918.5,0.0,0.0,33.0,40.0,2.0,579.0,1.0,426.0,901.0,73.0,941.0,901.0,0.0,0.0,1.0285649787218825,30.0,20697.539330002,2136.0
1789713921.4,2.0,0.0,30.0,41.0,2.0,580.0,1.0,426.0,903.0,73.0,944.0,903.0,0.0,0.0,0.9998515896005435,30.0,20700.628730222,2140.0
1789713924.3,4.0,0.0,28.0,41.0,2.0,580.0,1.0,426.0,905.0,73.0,946.0,905.0,0.0,0.0,0.996977255659264,32.0,20702.062605814,2144.0
1789713927.3,8.0,0.0,26.0,42.0,2.0,581.0,1.0,426.0,906.0,76.0,948.0,906.0,0.0,0.0,0.9989584450881522,30.0,21938.277564758002,2154.0
1789713930.2,8.0,0.0,26.0,42.0,2.0,581.0,1.0,427.0,906.0,76.0,948.0,906.0,0.0,0.0,1.0205570754210922,32.0,21938.277914258,2156.0
1789713933.1,0.0,0.0,33.0,43.0,2.0,581.0,1.0,428.0,906.0,76.0,949.0,906.0,0.0,0.0,1.0105822873082286,34.0,21938.278259998002,2158.0
1789713936.1,1.0,0.0,32.0,43.0,2.0,582.0,1.0,428.0,907.0,76.0,950.0,907.0,0.0,0.0,0.9955619926331224,34.0,21952.103085148003,2160.0
1789713939.1,4.0,0.0,29.0,43.0,2.0,584.0,1.0,428.0,910.0,76.0,953.0,910.0,0.0,0.0,0.9995798018810571,34.0,21981.17652304,2166.0
1789713942.0,4.0,0.0,29.0,43.0,2.0,584.0,1.0,428.0,910.0,76.0,953.0,910.0,0.0,0.0,0.9998033115187926,34.0,21981.17652304,2166.0
1789713945.0,6.0,0.0,27.0,43.0,2.0,585.0,1.0,428.0,912.0,76.0,955.0,912.0,0.0,0.0,0.9942137824983013,34.0,21988.546700734,2170.0
1789713947.9,8.0,1.0,24.0,43.0,2.0,587.0,1.0,430.0,915.0,76.0,958.0,915.0,0.0,0.0,0.9835747237420878,34.0,22012.158091716003,2180.0
1789713950.9,8.0,2.0,24.0,42.0,2.0,588.0,1.0,431.0,916.0,76.0,958.0,916.0,0.0,0.0,1.006535868826664,32.0,22018.62875363,2184.0
1789713953.9,0.0,0.0,33.0,43.0,2.0,588.0,1.0,432.0,916.0,76.0,959.0,916.0,0.0,0.0,1.0041362693559346,36.0,23218.908338978003,2188.0
1789713956.9,1.0,0.0,32.0,43.0,2.0,589.0,1.0,432.0,917.0,76.0,960.0,917.0,0.0,0.0,0.9928476915924614,36.0,23223.558575328,2190.0
1789713959.8,4.0,0.0,30.0,44.0,2.0,589.0,3.0,432.0,918.0,78.0,962.0,918.0,0.0,0.0,0.9921722454672246,34.0,23248.126243828,2196.0
1789713962.8,6.0,0.0,28.0,44.0,2.0,590.0,3.0,432.0,920.0,78.0,964.0,920.0,0.0,0.0,0.998186889818689,32.0,11854.571649762001,1730.0
1789713965.7,7.0,0.0,27.0,44.0,2.0,590.0,3.0,432.0,921.0,78.0,965.0,921.0,0.0,0.0,0.9991493223187784,34.0,11854.571994124,1732.0
1789713968.7,7.0,1.0,25.0,45.0,2.0,591.0,3.0,432.0,922.0,78.0,967.0,922.0,0.0,0.0,0.9852814433358367,34.0,11864.43569571,1734.0
1789713971.6,9.0,2.0,23.0,44.0,2.0,591.0,3.0,433.0,925.0,78.0,969.0,925.0,0.0,0.0,1.0187158030254264,32.0,11866.948839280001,1742.0
1789713974.6,10.0,1.0,22.0,45.0,2.0,592.0,3.0,433.0,926.0,78.0,971.0,926.0,0.0,0.0,0.99879975324536,32.0,11965.748388988,1744.0
1789713977.5,11.0,1.0,22.0,44.0,2.0,592.0,3.0,433.0,927.0,78.0,971.0,927.0,0.0,0.0,1.022891857096878,34.0,11965.748654568,1746.0
1789713980.5,13.0,0.0,21.0,44.0,2.0,593.0,3.0,433.0,929.0,78.0,973.0,929.0,0.0,0.0,0.9967363122697851,34.0,11970.431447196,1750.0
1789713983.4,2.0,0.0,30.0,46.0,2.0,594.0,3.0,434.0,931.0,78.0,977.0,931.0,0.0,0.0,0.9694104709795086,34.0,11979.975861848001,1756.0
1789713986.3,4.0,0.0,29.0,45.0,2.0,595.0,3.0,434.0,933.0,78.0,978.0,933.0,0.0,0.0,0.9939183027572149,36.0,11984.811793552,1760.0
1789713989.3,5.0,0.0,28.0,45.0,2.0,596.0,3.0,434.0,934.0,78.0,979.0,934.0,0.0,0.0,0.990824482351679,36.0,11989.292390404002,1762.0
1789713992.2,6.0,0.0,26.0,46.0,2.0,597.0,3.0,434.0,935.0,78.0,981.0,935.0,0.0,0.0,0.9856497872188249,36.0,11991.875976632002,1764.0
1789713995.2,2.0,0.0,31.0,45.0,2.0,600.0,3.0,434.0,940.0,78.0,985.0,940.0,0.0,0.0,0.9945651396488217,36.0,12042.334966064001,1774.0
1789713998.2,2.0,0.0,31.0,45.0,2.0,600.0,3.0,435.0,940.0,78.0,985.0,940.0,0.0,0.0,0.995046579408504,36.0,12042.335266982001,1776.0
1789714001.1,6.0,0.0,26.0,46.0,2.0,601.0,3.0,435.0,944.0,78.0,990.0,944.0,0.0,0.0,0.9825868111432965,36.0,12051.689541158,1784.0
1789714004.1,8.0,1.0,24.0,45.0,2.0,603.0,3.0,435.0,947.0,78.0,992.0,947.0,0.0,0.0,1.0133582770089047,36.0,12282.836011058002,1790.0
1789714007.1,8.0,1.0,24.0,45.0,2.0,603.0,3.0,435.0,947.0,78.0,992.0,947.0,0.0,0.0,1.0134387404784895,36.0,12282.836011058002,1790.0
1789714010.1,8.0,1.0,24.0,45.0,2.0,604.0,3.0,435.0,948.0,78.0,993.0,948.0,0.0,0.0,1.0080324893609411,36.0,12295.865647844,1792.0
1789714013.0,7.0,1.0,24.0,46.0,2.0,605.0,3.0,436.0,949.0,78.0,995.0,949.0,0.0,0.0,0.975595876694203,34.0,12300.594242052,1796.0
1789714016.0,8.0,1.0,24.0,45.0,2.0,606.0,3.0,439.0,950.0,78.0,995.0,950.0,0.0,0.0,1.0161324786324786,32.0,12321.486313602001,1804.0
1789714019.1,8.0,0.0,23.0,47.0,2.0,606.0,3.0,440.0,950.0,78.0,997.0,950.0,0.0,0.0,0.9622492221864607,34.0,12321.48661146,1806.0
1789714022.1,10.0,0.0,22.0,46.0,2.0,607.0,3.0,440.0,952.0,78.0,998.0,952.0,0.0,0.0,0.9971842255838071,34.0,13669.204282014001,1812.0
1789714025.0,10.0,0.0,22.0,46.0,2.0,607.0,3.0,440.0,952.0,78.0,998.0,952.0,0.0,0.0,0.9973809140650145,36.0,13669.204282014001,1812.0
1789714028.0,0.0,0.0,32.0,46.0,2.0,608.0,3.0,441.0,954.0,78.0,1000.0,954.0,0.0,0.0,1.0040656403104102,34.0,13676.614243868002,1818.0
1789714030.9,1.0,0.0,31.0,46.0,2.0,609.0,3.0,441.0,955.0,78.0,1001.0,955.0,0.0,0.0,0.9957403533240353,36.0,13694.92810289,1820.0
1789714033.9,4.0,0.0,29.0,45.0,2.0,611.0,3.0,442.0,958.0,78.0,1003.0,958.0,0.0,0.0,1.0173497121195867,34.0,13726.285445936,1828.0
1789714036.8,4.0,0.0,29.0,45.0,2.0,611.0,3.0,442.0,958.0,78.0,1003.0,958.0,0.0,0.0,1.0174569967456997,34.0,13726.285445936,1828.0
1789714039.8,0.0,0.0,33.0,45.0,2.0,611.0,3.0,442.0,958.0,78.0,1003.0,958.0,0.0,0.0,1.0178056717805672,34.0,13726.285445936,1828.0
1789714042.8,0.0,0.0,33.0,45.0,2.0,611.0,3.0,442.0,958.0,78.0,1003.0,958.0,0.0,0.0,1.0186371276329436,34.0,13726.285445936,1828.0
1789714045.7,1.0,0.0,31.0,46.0,2.0,612.0,3.0,442.0,959.0,78.0,1005.0,959.0,0.0,0.0,0.9890153953438472,36.0,13749.905037834002,1830.0
1789714048.7,2.0,0.0,29.0,47.0,2.0,614.0,3.0,442.0,961.0,78.0,1008.0,961.0,0.0,0.0,0.9664816006866216,30.0,14960.26652893,1836.0
1789714051.7,4.0,0.0,27.0,47.0,2.0,615.0,3.0,442.0,963.0,78.0,1010.0,963.0,0.0,0.0,0.974286557236348,32.0,15003.637548622,1840.0
1789714054.7,5.0,0.0,27.0,46.0,2.0,615.0,3.0,442.0,964.0,78.0,1010.0,964.0,0.0,0.0,0.9998404141186568,32.0,15003.637680102001,1842.0
1789714057.7,0.0,0.0,32.0,46.0,2.0,616.0,3.0,443.0,966.0,78.0,1012.0,966.0,0.0,0.0,1.0037661373958444,30.0,15012.628713926,1848.0
1789714060.6,0.0,0.0,32.0,46.0,2.0,616.0,3.0,443.0,966.0,78.0,1012.0,966.0,0.0,0.0,1.0042489182133534,30.0,15012.628713926,1848.0
1789714063.6,3.0,0.0,28.0,47.0,2.0,618.0,3.0,443.0,969.0,78.0,1016.0,969.0,0.0,0.0,0.9807473268247326,36.0,15040.710701014,1854.0
1789714066.5,3.0,0.0,28.0,47.0,2.0,618.0,3.0,443.0,969.0,78.0,1016.0,969.0,0.0,0.0,0.9808546114508457,36.0,15040.710701014,1854.0
1789714069.5,4.0,0.0,27.0,47.0,2.0,619.0,3.0,443.0,970.0,78.0,1017.0,970.0,0.0,0.0,0.9799896291528091,34.0,15049.765183856001,1856.0
1789714072.4,5.0,0.0,26.0,47.0,2.0,620.0,3.0,443.0,971.0,78.0,1018.0,971.0,0.0,0.0,0.9746137753459929,34.0,15064.651700704,1858.0
1789714075.4,7.0,0.0,24.0,47.0,2.0,622.0,3.0,443.0,973.0,78.0,1020.0,973.0,0.0,0.0,0.9708673067982692,32.0,15092.117575748001,1862.0
1789714078.3,8.0,0.0,24.0,46.0,2.0,622.0,3.0,443.0,974.0,78.0,1020.0,974.0,0.0,0.0,0.9951771090369417,32.0,15092.117814808002,1864.0
1789714081.2,9.0,0.0,23.0,46.0,2.0,622.0,3.0,443.0,975.0,78.0,1021.0,975.0,0.0,0.0,0.9955566284018167,34.0,15092.118136268002,1866.0
1789714084.2,10.0,1.0,21.0,46.0,2.0,624.0,3.0,443.0,977.0,78.0,1023.0,977.0,0.0,0.0,0.9952759002968208,34.0,15115.313851914001,1870.0
1789714087.1,9.0,2.0,21.0,46.0,2.0,624.0,3.0,444.0,977.0,78.0,1023.0,977.0,0.0,0.0,0.9956750885098166,34.0,15115.314262334,1872.0
1789714090.1,10.0,2.0,20.0,46.0,2.0,626.0,3.0,444.0,980.0,78.0,1026.0,980.0,0.0,0.0,1.006015985409291,32.0,15177.50315856,1878.0
1789714093.0,11.0,0.0,20.0,47.0,2.0,626.0,3.0,446.0,980.0,78.0,1027.0,980.0,0.0,0.0,0.9724926688838823,32.0,15177.503794382,1882.0
1789714096.0,12.0,0.0,19.0,47.0,2.0,627.0,3.0,446.0,981.0,78.0,1028.0,981.0,0.0,0.0,0.9791635375317383,32.0,15180.105467450001,1884.0
1789714098.9,12.0,0.0,19.0,47.0,2.0,627.0,3.0,446.0,981.0,78.0,1028.0,981.0,0.0,0.0,0.9794675106390588,36.0,15180.105467450001,1884.0
1789714101.9,14.0,0.0,17.0,47.0,2.0,629.0,3.0,447.0,983.0,78.0,1030.0,983.0,0.0,0.0,0.98407493831134,36.0,15187.72606534,1890.0
1789714104.9,13.0,1.0,17.0,47.0,2.0,629.0,3.0,450.0,983.0,78.0,1030.0,983.0,0.0,0.0,0.9874114901834568,36.0,15187.7271299,1896.0
1789714107.9,18.0,0.0,16.0,46.0,2.0,631.0,3.0,453.0,985.0,80.0,1031.0,985.0,0.0,0.0,0.9977421056395952,32.0,15229.744319140002,1910.0
1789714110.9,18.0,0.0,16.0,46.0,2.0,631.0,3.0,454.0,985.0,80.0,1031.0,985.0,0.0,0.0,1.030495207953367,32.0,15229.744623740002,1912.0
1789714113.9,0.0,0.0,33.0,47.0,2.0,631.0,3.0,455.0,985.0,80.0,1032.0,985.0,0.0,0.0,1.0343941100740264,34.0,15229.74503394,1914.0
1789714116.8,0.0,0.0,32.0,48.0,2.0,631.0,3.0,455.0,985.0,80.0,1033.0,985.0,0.0,0.0,0.999164073954869,34.0,15229.74503394,1914.0
1789714119.8,0.0,0.0,32.0,48.0,2.0,631.0,3.0,455.0,985.0,80.0,1033.0,985.0,0.0,0.0,0.9993071201230197,36.0,15229.74503394,1914.0
1789714122.9,0.0,0.0,31.0,49.0,2.0,631.0,3.0,456.0,985.0,80.0,1034.0,985.0,0.0,0.0,0.9780678932875586,36.0,15229.74551638,1916.0
1789714125.9,3.0,0.0,28.0,50.0,2.0,633.0,3.0,456.0,987.0,81.0,1037.0,987.0,0.0,0.0,0.9904306583699889,34.0,16463.609537054002,1924.0
1789714128.9,4.0,0.0,27.0,50.0,2.0,634.0,3.0,456.0,988.0,81.0,1038.0,988.0,0.0,0.0,0.9903171154740192,34.0,16472.851462934002,1926.0
1789714131.9,5.0,0.0,26.0,50.0,2.0,635.0,3.0,457.0,989.0,81.0,1039.0,989.0,0.0,0.0,1.0051889997496692,36.0,16478.147566752003,1930.0
1789714134.9,0.0,0.0,30.0,51.0,2.0,635.0,3.0,457.0,989.0,81.0,1040.0,989.0,0.0,0.0,0.981244859278332,36.0,16478.147566752003,1930.0
1789714137.9,2.0,0.0,29.0,50.0,2.0,636.0,3.0,457.0,991.0,81.0,1041.0,991.0,0.0,0.0,0.9971533812537997,38.0,16490.024425658,1934.0
1789714140.9,3.0,0.0,28.0,50.0,2.0,637.0,3.0,457.0,992.0,81.0,1042.0,992.0,0.0,0.0,0.9839958158995816,38.0,16498.071061282,1936.0
1789714143.9,4.0,0.0,27.0,50.0,2.0,638.0,3.0,458.0,993.0,81.0,1043.0,993.0,0.0,0.0,1.0025632085255516,36.0,17724.917976974,1942.0
1789714146.9,5.0,0.0,26.0,50.0,2.0,639.0,3.0,458.0,994.0,81.0,1044.0,994.0,0.0,0.0,0.9959142438221936,36.0,17731.963900676,1944.0
1789714149.9,6.0,0.0,25.0,50.0,2.0,640.0,3.0,459.0,995.0,81.0,1045.0,995.0,0.0,0.0,1.0079560490648356,34.0,17736.173118834,1948.0
1789714153.0,6.0,0.0,24.0,51.0,2.0,640.0,3.0,459.0,995.0,81.0,1046.0,995.0,0.0,0.0,0.9778081750885098,36.0,17736.173118834,1948.0
1789714156.1,11.0,0.0,20.0,50.0,2.0,641.0,3.0,460.0,1000.0,81.0,1050.0,1000.0,0.0,0.0,0.9979048206558667,36.0,17739.021658338002,1960.0
1789714159.2,12.0,0.0,20.0,49.0,2.0,641.0,3.0,461.0,1001.0,81.0,1050.0,1001.0,0.0,0.0,0.9964676536852269,34.0,17740.850815384,1964.0
1789714162.2,13.0,0.0,19.0,49.0,2.0,641.0,3.0,461.0,1002.0,81.0,1051.0,1002.0,0.0,0.0,0.9932540321138648,34.0,17740.851178124,1966.0
1789714165.3,12.0,1.0,19.0,49.0,2.0,641.0,3.0,461.0,1002.0,81.0,1051.0,1002.0,0.0,0.0,0.9937484354325359,34.0,17740.851178124,1966.0
1789714168.3,0.0,0.0,31.0,50.0,2.0,641.0,3.0,462.0,1002.0,81.0,1052.0,1002.0,0.0,0.0,1.004214497729142,34.0,17740.851611882,1968.0
1789714171.3,0.0,0.0,31.0,50.0,2.0,641.0,3.0,462.0,1002.0,81.0,1052.0,1002.0,0.0,0.0,1.0048492651003111,36.0,17740.851611882,1968.0
1789714174.4,4.0,0.0,28.0,50.0,2.0,643.0,3.0,464.0,1005.0,82.0,1055.0,1005.0,0.0,0.0,1.0351276687050746,34.0,17815.633594622002,1980.0
1789714177.4,4.0,0.0,28.0,50.0,2.0,643.0,3.0,464.0,1005.0,82.0,1055.0,1005.0,0.0,0.0,1.0352260129456783,36.0,17815.633594622002,1980.0
1789714180.5,0.0,0.0,31.0,51.0,2.0,643.0,3.0,464.0,1005.0,82.0,1056.0,1005.0,0.0,0.0,1.009625219039445,36.0,17815.633594622002,1980.0
1789714183.5,0.0,0.0,30.0,52.0,2.0,643.0,3.0,464.0,1005.0,82.0,1057.0,1005.0,0.0,0.0,0.9773504273504273,38.0,17815.633594622002,1980.0
1789714186.6,1.0,0.0,29.0,52.0,2.0,644.0,3.0,464.0,1006.0,82.0,1058.0,1006.0,0.0,0.0,0.98561670779244,40.0,17821.40970841,1982.0
1789714189.7,4.0,0.0,27.0,51.0,2.0,646.0,3.0,464.0,1009.0,82.0,1060.0,1009.0,0.0,0.0,0.9861602832314129,38.0,17832.096753882,1988.0
1789714192.7,4.0,0.0,27.0,51.0,2.0,646.0,3.0,465.0,1009.0,82.0,1060.0,1009.0,0.0,0.0,0.9897288381074992,38.0,17832.097120720002,1990.0
1789714195.7,5.0,0.0,26.0,51.0,2.0,647.0,3.0,465.0,1010.0,82.0,1061.0,1010.0,0.0,0.0,0.9968212459321246,38.0,17844.425597100002,1992.0
1789714198.8,7.0,0.0,24.0,51.0,2.0,648.0,3.0,465.0,1012.0,82.0,1063.0,1012.0,0.0,0.0,0.9894235239423524,38.0,17851.245286826,1996.0
1789714201.8,8.0,0.0,23.0,51.0,2.0,648.0,3.0,466.0,1013.0,82.0,1064.0,1013.0,0.0,0.0,0.997318778385724,36.0,19052.154396244,2002.0
1789714204.9,9.0,0.0,21.0,52.0,2.0,648.0,3.0,467.0,1014.0,82.0,1066.0,1014.0,0.0,0.0,0.9645661230912277,36.0,19052.155178184003,2006.0
1789714207.9,9.0,1.0,21.0,51.0,2.0,649.0,3.0,467.0,1015.0,82.0,1066.0,1015.0,0.0,0.0,0.9986048528412546,36.0,19214.998950544003,2008.0
1789714211.0,10.0,1.0,20.0,51.0,2.0,650.0,3.0,467.0,1016.0,82.0,1067.0,1016.0,0.0,0.0,1.000062582698566,36.0,19435.466209158,2010.0
1789714214.0,0.0,0.0,31.0,51.0,2.0,650.0,3.0,469.0,1016.0,82.0,1067.0,1016.0,0.0,0.0,1.0055841647891857,36.0,19435.466988098,2014.0
1789714217.0,1.0,0.0,28.0,53.0,2.0,650.0,3.0,469.0,1017.0,82.0,1070.0,1017.0,0.0,0.0,0.9821889639881272,38.0,19436.310527460002,2016.0
1789714220.0,3.0,0.0,27.0,52.0,2.0,652.0,3.0,469.0,1019.0,82.0,1071.0,1019.0,0.0,0.0,0.9996267389049815,36.0,19445.163515066,2020.0
1789714223.1,4.0,0.0,27.0,51.0,2.0,653.0,3.0,469.0,1020.0,82.0,1071.0,1020.0,0.0,0.0,0.9990290741336767,36.0,19467.142505336,2022.0
1789714226.1,4.0,0.0,26.0,52.0,2.0,653.0,3.0,471.0,1020.0,82.0,1072.0,1020.0,0.0,0.0,1.0088362300182383,36.0,20668.67164297,2028.0
1789714229.1,0.0,0.0,30.0,52.0,2.0,653.0,3.0,471.0,1020.0,82.0,1072.0,1020.0,0.0,0.0,1.008952455029861,38.0,20668.67164297,2028.0
1789714232.1,1.0,0.0,30.0,52.0,2.0,653.0,4.0,472.0,1020.0,83.0,1072.0,1020.0,0.0,0.0,1.009541626434932,36.0,20678.882245012002,2032.0
1789714235.1,0.0,0.0,30.0,53.0,2.0,653.0,4.0,473.0,1020.0,83.0,1073.0,1020.0,0.0,0.0,1.0163394485570219,38.0,20678.882497772,2034.0
1789714238.2,1.0,0.0,28.0,54.0,2.0,654.0,4.0,473.0,1021.0,83.0,1075.0,1021.0,0.0,0.0,0.986648875299503,36.0,20685.430220104,2036.0
1789714241.2,1.0,0.0,28.0,54.0,2.0,654.0,4.0,473.0,1021.0,83.0,1075.0,1021.0,0.0,0.0,0.9868008618531631,40.0,20685.430220104,2036.0
1789714244.4,3.0,0.0,26.0,54.0,2.0,656.0,4.0,474.0,1023.0,83.0,1077.0,1023.0,0.0,0.0,0.979284679755391,40.0,20717.376071284,2042.0
1789714247.4,4.0,0.0,26.0,53.0,2.0,657.0,4.0,475.0,1024.0,83.0,1077.0,1024.0,0.0,0.0,1.008842488288095,38.0,20765.44805835,2046.0
1789714250.4,0.0,0.0,29.0,54.0,2.0,657.0,4.0,475.0,1024.0,83.0,1078.0,1024.0,0.0,0.0,0.9753062082036977,40.0,20765.44805835,2046.0
1789714253.5,1.0,0.0,28.0,54.0,2.0,658.0,4.0,475.0,1025.0,83.0,1079.0,1025.0,0.0,0.0,0.9828903372313414,38.0,20769.307920014002,2048.0
1789714256.6,3.0,0.0,26.0,54.0,2.0,660.0,4.0,476.0,1027.0,83.0,1081.0,1027.0,0.0,0.0,0.9978382147838215,40.0,20794.986073474,2054.0
1789714259.6,5.0,0.0,24.0,54.0,2.0,661.0,4.0,476.0,1029.0,83.0,1083.0,1029.0,0.0,0.0,0.9829694596430998,40.0,20797.826202178,2058.0
1789714262.6,5.0,0.0,24.0,54.0,2.0,661.0,4.0,476.0,1029.0,83.0,1083.0,1029.0,0.0,0.0,0.9831303865822695,40.0,10107.391330934,1772.0
1789714265.6,7.0,0.0,22.0,54.0,2.0,663.0,4.0,476.0,1031.0,83.0,1085.0,1031.0,0.0,0.0,0.9835264456603369,34.0,11339.233518332001,1778.0
1789714268.6,7.0,0.0,22.0,54.0,2.0,663.0,4.0,476.0,1031.0,83.0,1085.0,1031.0,0.0,0.0,0.9836408825948575,38.0,11339.233518332001,1778.0
1789714271.6,9.0,0.0,20.0,54.0,2.0,664.0,4.0,477.0,1033.0,83.0,1087.0,1033.0,0.0,0.0,0.9776691520938383,38.0,11346.630256032002,1784.0
1789714274.6,10.0,0.0,20.0,53.0,2.0,665.0,4.0,479.0,1034.0,83.0,1087.0,1034.0,0.0,0.0,0.9643104280656581,36.0,11360.918417596002,1790.0
1789714277.5,10.0,0.0,19.0,54.0,2.0,665.0,4.0,480.0,1034.0,83.0,1088.0,1034.0,0.0,0.0,0.9743688087830348,38.0,11360.918832856001,1792.0
1789714280.5,10.0,1.0,19.0,53.0,2.0,666.0,4.0,481.0,1035.0,83.0,1088.0,1035.0,0.0,0.0,1.0045747952651718,36.0,11367.251765236,1796.0
1789714283.5,11.0,0.0,18.0,54.0,2.0,667.0,4.0,482.0,1036.0,83.0,1090.0,1036.0,0.0,0.0,0.9795850767085077,36.0,11444.5689237,1800.0
1789714286.5,11.0,0.0,18.0,54.0,2.0,667.0,4.0,484.0,1036.0,83.0,1090.0,1036.0,0.0,0.0,1.0007787075778707,36.0,11444.56958232,1804.0
1789714289.5,1.0,0.0,28.0,54.0,2.0,668.0,4.0,485.0,1037.0,83.0,1091.0,1037.0,0.0,0.0,0.9949254371848514,36.0,11448.424929512,1808.0
1789714292.5,4.0,0.0,25.0,54.0,2.0,669.0,4.0,485.0,1040.0,83.0,1094.0,1040.0,0.0,0.0,0.9976638772663877,36.0,11450.560496312,1814.0
1789714295.5,4.0,0.0,25.0,54.0,2.0,669.0,4.0,485.0,1040.0,83.0,1094.0,1040.0,0.0,0.0,0.9981734792404249,36.0,11450.560496312,1814.0
1789714298.6,0.0,0.0,29.0,54.0,2.0,670.0,4.0,486.0,1041.0,83.0,1095.0,1041.0,0.0,0.0,1.0039967993419876,36.0,11502.776842664001,1818.0
1789714301.5,0.0,0.0,28.0,55.0,2.0,670.0,4.0,487.0,1041.0,83.0,1096.0,1041.0,0.0,0.0,0.9716209812967135,40.0,11502.777070404001,1820.0
1789714304.5,2.0,0.0,26.0,55.0,2.0,672.0,4.0,487.0,1043.0,83.0,1098.0,1043.0,0.0,0.0,0.9701355362443228,40.0,11517.259251284002,1824.0
1789714307.5,2.0,0.0,26.0,55.0,2.0,672.0,4.0,487.0,1043.0,83.0,1098.0,1043.0,0.0,0.0,0.9704037478096056,40.0,11517.259251284002,1824.0
1789714310.5,3.0,0.0,25.0,55.0,2.0,673.0,4.0,487.0,1044.0,83.0,1099.0,1044.0,0.0,0.0,0.9714412795479741,40.0,11527.988712774,1826.0
1789714313.5,5.0,0.0,24.0,54.0,2.0,675.0,4.0,488.0,1046.0,83.0,1100.0,1046.0,0.0,0.0,0.9816748918213354,36.0,11557.838807192002,1832.0
1789714316.5,6.0,0.0,22.0,55.0,2.0,676.0,4.0,489.0,1047.0,83.0,1102.0,1047.0,0.0,0.0,0.9881937739155312,36.0,11585.397890092001,1836.0
1789714319.5,7.0,0.0,21.0,55.0,2.0,677.0,4.0,489.0,1048.0,83.0,1103.0,1048.0,0.0,0.0,0.9923023280763866,38.0,11590.798380486001,1838.0
1789714322.5,7.0,0.0,21.0,55.0,2.0,677.0,4.0,489.0,1048.0,83.0,1103.0,1048.0,0.0,0.0,0.9924721954010657,38.0,11590.798380486001,1838.0
1789714325.4,9.0,0.0,19.0,55.0,2.0,678.0,4.0,490.0,1050.0,83.0,1105.0,1050.0,0.0,0.0,1.0025252118871366,38.0,11604.625458574,1844.0
1789714328.4,1.0,0.0,27.0,55.0,2.0,679.0,4.0,490.0,1051.0,83.0,1106.0,1051.0,0.0,0.0,0.9911052104566749,40.0,11607.391129720001,1846.0
1789714331.4,2.0,0.0,26.0,55.0,2.0,680.0,4.0,490.0,1052.0,83.0,1107.0,1052.0,0.0,0.0,0.9884624325000894,40.0,11619.800852198001,1848.0
1789714334.4,2.0,0.0,26.0,55.0,2.0,680.0,4.0,490.0,1052.0,83.0,1107.0,1052.0,0.0,0.0,0.9891240210277867,40.0,11619.800852198001,1848.0
1789714337.4,4.0,0.0,24.0,55.0,2.0,681.0,4.0,491.0,1054.0,83.0,1109.0,1054.0,0.0,0.0,0.9853207810320781,38.0,12830.213748068001,1856.0
1789714340.4,4.0,0.0,24.0,55.0,2.0,681.0,4.0,492.0,1054.0,83.0,1109.0,1054.0,0.0,0.0,0.9940050244966563,38.0,12830.213963450002,1858.0
1789714343.4,6.0,0.0,22.0,55.0,2.0,682.0,4.0,493.0,1056.0,83.0,1111.0,1056.0,0.0,0.0,1.0132290884382935,38.0,12876.27043027,1864.0
1789714346.4,6.0,0.0,22.0,55.0,2.0,682.0,4.0,493.0,1056.0,83.0,1111.0,1056.0,0.0,0.0,1.0134615384615384,38.0,12876.27043027,1864.0
1789714349.4,7.0,0.0,21.0,55.0,2.0,683.0,4.0,496.0,1057.0,83.0,1112.0,1057.0,0.0,0.0,1.0277196652719665,38.0,12886.821030144001,1872.0
1789714352.4,7.0,0.0,21.0,55.0,2.0,683.0,4.0,496.0,1057.0,83.0,1112.0,1057.0,0.0,0.0,1.0278269498980797,38.0,12886.821030144001,1872.0
1789714355.3,0.0,0.0,27.0,56.0,2.0,683.0,4.0,496.0,1057.0,83.0,1113.0,1057.0,0.0,0.0,0.9958954690126238,38.0,12886.821030144001,1872.0
1789714358.3,0.0,0.0,27.0,56.0,2.0,683.0,4.0,497.0,1057.0,83.0,1113.0,1057.0,0.0,0.0,1.0247398347816759,40.0,12886.821448324,1874.0
1789714361.3,0.0,0.0,26.0,57.0,2.0,683.0,4.0,497.0,1057.0,83.0,1114.0,1057.0,0.0,0.0,0.9891387726638773,42.0,12886.821448324,1874.0
1789714364.4,2.0,0.0,25.0,56.0,2.0,685.0,4.0,498.0,1059.0,83.0,1115.0,1059.0,0.0,0.0,1.0147829274398312,38.0,12924.488730530002,1880.0
1789714367.4,2.0,0.0,25.0,56.0,2.0,685.0,4.0,498.0,1059.0,83.0,1115.0,1059.0,0.0,0.0,1.0148544505239065,38.0,12924.488730530002,1880.0
1789714370.4,0.0,0.0,26.0,57.0,2.0,685.0,4.0,498.0,1059.0,83.0,1116.0,1059.0,0.0,0.0,0.9854937774916854,40.0,12924.488730530002,1880.0
1789714373.5,1.0,0.0,26.0,56.0,2.0,686.0,4.0,499.0,1060.0,83.0,1116.0,1060.0,0.0,0.0,0.9798148446160998,38.0,13011.365438600002,1884.0
1789714376.4,2.0,0.0,25.0,56.0,2.0,686.0,4.0,500.0,1061.0,83.0,1117.0,1061.0,0.0,0.0,1.0025386224654007,40.0,13011.974167768001,1888.0
1789714379.4,3.0,0.0,24.0,56.0,2.0,687.0,4.0,500.0,1062.0,83.0,1118.0,1062.0,0.0,0.0,0.9983455816614812,40.0,13014.726505294002,1890.0
1789714382.4,3.0,0.0,24.0,56.0,2.0,687.0,4.0,501.0,1062.0,83.0,1118.0,1062.0,0.0,0.0,0.9738136108428995,40.0,13014.726810614002,1892.0
1789714385.4,3.0,0.0,24.0,56.0,2.0,687.0,4.0,501.0,1062.0,83.0,1118.0,1062.0,0.0,0.0,0.974627185924257,40.0,13014.726810614002,1892.0
1789714388.4,5.0,0.0,22.0,56.0,2.0,689.0,4.0,501.0,1064.0,83.0,1120.0,1064.0,0.0,0.0,0.9823373743875836,38.0,13146.771224408001,1896.0
1789714391.3,6.0,0.0,21.0,56.0,2.0,690.0,4.0,501.0,1065.0,83.0,1121.0,1065.0,0.0,0.0,0.9833373565068125,38.0,13155.074593928,1898.0
1789714394.3,7.0,0.0,20.0,56.0,2.0,691.0,4.0,501.0,1066.0,83.0,1122.0,1066.0,0.0,0.0,0.9829421914672961,40.0,13157.98171591,1900.0
1789714397.3,9.0,0.0,18.0,56.0,2.0,693.0,4.0,502.0,1068.0,83.0,1124.0,1068.0,0.0,0.0,0.983509458927869,38.0,13165.479604264001,1906.0
1789714400.3,11.0,0.0,16.0,56.0,2.0,693.0,4.0,504.0,1070.0,83.0,1126.0,1070.0,0.0,0.0,0.9795671959374889,38.0,13168.405434586,1914.0
1789714403.3,11.0,0.0,16.0,56.0,2.0,694.0,4.0,505.0,1071.0,83.0,1127.0,1071.0,0.0,0.0,0.9907744161928262,36.0,13246.737659422,1918.0
1789714406.2,10.0,1.0,16.0,56.0,2.0,694.0,4.0,506.0,1071.0,83.0,1127.0,1071.0,0.0,0.0,0.9905276615527662,36.0,13246.738033042002,1920.0
1789714409.3,13.0,0.0,15.0,55.0,2.0,696.0,4.0,509.0,1073.0,83.0,1128.0,1073.0,0.0,0.0,1.026153756749991,36.0,14488.879252926,1932.0
1789714412.3,13.0,0.0,15.0,55.0,2.0,696.0,4.0,510.0,1073.0,83.0,1128.0,1073.0,0.0,0.0,1.0278698637485248,36.0,14488.879770326,1934.0
1789714415.3,0.0,0.0,28.0,55.0,2.0,696.0,4.0,510.0,1073.0,83.0,1128.0,1073.0,0.0,0.0,1.0280486714587134,36.0,14488.879770326,1934.0
1789714418.3,0.0,0.0,27.0,56.0,2.0,696.0,4.0,510.0,1073.0,83.0,1129.0,1073.0,0.0,0.0,0.9948118942888817,36.0,14488.879770326,1934.0
1789714421.3,2.0,0.0,25.0,57.0,2.0,697.0,5.0,510.0,1074.0,84.0,1131.0,1074.0,0.0,0.0,0.987631870686264,36.0,14532.202443342001,1938.0
1789714424.2,2.0,0.0,25.0,57.0,2.0,697.0,5.0,510.0,1074.0,84.0,1131.0,1074.0,0.0,0.0,0.988096770732754,38.0,14532.202443342001,1938.0
1789714427.2,4.0,0.0,24.0,56.0,2.0,699.0,5.0,511.0,1076.0,84.0,1132.0,1076.0,0.0,0.0,1.0143707756678468,34.0,14546.527449064,1944.0
1789714430.2,1.0,0.0,26.0,57.0,2.0,699.0,5.0,511.0,1077.0,84.0,1134.0,1077.0,0.0,0.0,0.9855724528841684,36.0,14547.453036546001,1946.0
1789714433.2,3.0,0.0,24.0,57.0,2.0,699.0,5.0,511.0,1079.0,84.0,1136.0,1079.0,0.0,0.0,0.9985369059113829,36.0,14549.361339688001,1950.0
1789714436.2,4.0,0.0,23.0,57.0,2.0,700.0,5.0,511.0,1080.0,84.0,1137.0,1080.0,0.0,0.0,0.9973862782963201,34.0,14557.972491300001,1952.0
1789714439.2,5.0,0.0,22.0,57.0,2.0,700.0,5.0,511.0,1081.0,84.0,1138.0,1081.0,0.0,0.0,0.9977184136179952,36.0,14557.972826160001,1954.0
1789714442.2,8.0,1.0,20.0,56.0,2.0,703.0,5.0,513.0,1084.0,85.0,1140.0,1084.0,0.0,0.0,1.046620534277438,30.0,15495.600144096,1966.0
1789714445.2,0.0,0.0,28.0,57.0,2.0,703.0,5.0,513.0,1084.0,85.0,1141.0,1084.0,0.0,0.0,1.01235293065837,34.0,15495.600144096,1966.0
1789714448.2,0.0,0.0,28.0,57.0,2.0,703.0,5.0,513.0,1084.0,85.0,1141.0,1084.0,0.0,0.0,1.012460215284483,34.0,15495.600144096,1966.0
1789714451.2,0.0,0.0,28.0,57.0,2.0,703.0,5.0,514.0,1084.0,85.0,1141.0,1084.0,0.0,0.0,1.0269016199978542,36.0,15495.600433556001,1968.0
1789714454.2,0.0,0.0,27.0,58.0,2.0,703.0,5.0,514.0,1084.0,85.0,1142.0,1084.0,0.0,0.0,0.9949603046883382,38.0,15495.600433556001,1968.0
1789714457.2,1.0,0.0,26.0,58.0,2.0,704.0,5.0,514.0,1085.0,85.0,1143.0,1085.0,0.0,0.0,0.9931834030683403,38.0,15520.168675776002,1970.0
1789714460.2,3.0,0.0,24.0,58.0,2.0,706.0,5.0,514.0,1087.0,85.0,1145.0,1087.0,0.0,0.0,0.9944480205986482,36.0,15550.935592296,1974.0
1789714463.3,3.0,0.0,24.0,58.0,2.0,706.0,5.0,514.0,1087.0,85.0,1145.0,1087.0,0.0,0.0,0.9947430533204592,36.0,15550.935592296,1974.0
1789714466.3,7.0,0.0,21.0,58.0,2.0,709.0,5.0,514.0,1090.0,86.0,1148.0,1090.0,0.0,0.0,0.9923193148088546,36.0,16820.200274934003,1984.0
1789714469.3,7.0,0.0,21.0,58.0,2.0,709.0,5.0,514.0,1090.0,86.0,1148.0,1090.0,0.0,0.0,0.9924087186639488,38.0,16820.200274934003,1984.0
1789714472.3,9.0,0.0,20.0,58.0,2.0,710.0,6.0,514.0,1091.0,87.0,1149.0,1091.0,0.0,0.0,0.9972995565568787,36.0,16839.718479054,1988.0
1789714475.4,9.0,0.0,20.0,58.0,2.0,710.0,6.0,515.0,1091.0,87.0,1149.0,1091.0,0.0,0.0,1.0644422987519222,36.0,16839.718790054,1990.0
1789714478.5,0.0,0.0,28.0,59.0,2.0,710.0,6.0,515.0,1091.0,87.0,1150.0,1091.0,0.0,0.0,1.0474716589779351,36.0,16839.718790054,1990.0
1789714481.5,0.0,0.0,26.0,61.0,2.0,710.0,6.0,515.0,1091.0,87.0,1152.0,1091.0,0.0,0.0,0.9891714050709867,42.0,16839.718790054,1990.0
1789714484.5,0.0,0.0,26.0,61.0,2.0,710.0,6.0,515.0,1091.0,87.0,1152.0,1091.0,0.0,0.0,0.9892250473840432,42.0,16839.718790054,1990.0
1789714487.6,0.0,0.0,26.0,61.0,2.0,710.0,6.0,515.0,1091.0,87.0,1152.0,1091.0,0.0,0.0,0.9892608089260809,42.0,16839.718790054,1990.0
1789714490.6,2.0,0.0,25.0,60.0,2.0,712.0,6.0,515.0,1093.0,87.0,1153.0,1093.0,0.0,0.0,0.9902455923899438,40.0,16882.529818360003,1994.0
1789714493.6,2.0,0.0,25.0,60.0,2.0,712.0,6.0,515.0,1093.0,87.0,1153.0,1093.0,0.0,0.0,0.9904512212566606,40.0,16882.529818360003,1994.0
1789714496.6,3.0,0.0,24.0,60.0,2.0,713.0,6.0,516.0,1094.0,87.0,1154.0,1094.0,0.0,0.0,1.000002682115653,36.0,18093.680892332002,2000.0
1789714499.6,0.0,0.0,26.0,61.0,2.0,713.0,6.0,516.0,1094.0,87.0,1155.0,1094.0,0.0,0.0,0.9719575868111433,36.0,18093.680892332002,2000.0
1789714502.7,1.0,0.0,25.0,61.0,2.0,714.0,6.0,516.0,1095.0,87.0,1156.0,1095.0,0.0,0.0,0.9719330007509924,40.0,18134.921789008,2002.0
1789714505.7,4.0,0.0,24.0,59.0,2.0,716.0,6.0,517.0,1098.0,87.0,1157.0,1098.0,0.0,0.0,0.9931235024854271,34.0,18274.734779550003,2010.0
1789714508.8,8.0,0.0,23.0,59.0,2.0,717.0,6.0,517.0,1099.0,90.0,1158.0,1099.0,0.0,0.0,0.9998202982512606,32.0,18286.204003788,2018.0
1789714511.8,8.0,0.0,23.0,59.0,2.0,717.0,6.0,517.0,1099.0,90.0,1158.0,1099.0,0.0,0.0,0.999937417301434,34.0,18286.204003788,2018.0
1789714514.9,8.0,0.0,23.0,59.0,2.0,717.0,6.0,517.0,1099.0,90.0,1158.0,1099.0,0.0,0.0,1.0000268211565282,34.0,18286.204003788,2018.0
1789714517.9,9.0,1.0,20.0,60.0,2.0,719.0,6.0,519.0,1101.0,90.0,1161.0,1101.0,0.0,0.0,0.9993679147444838,32.0,18335.88980996,2026.0
1789714521.0,11.0,0.0,19.0,60.0,2.0,719.0,6.0,520.0,1102.0,90.0,1162.0,1102.0,0.0,0.0,1.0092072560168794,34.0,18335.89065248,2030.0
1789714524.1,1.0,0.0,29.0,60.0,2.0,720.0,6.0,520.0,1103.0,90.0,1163.0,1103.0,0.0,0.0,0.989816900904767,34.0,18339.319135234,2032.0
1789714527.2,4.0,0.0,28.0,59.0,2.0,721.0,6.0,521.0,1105.0,91.0,1164.0,1105.0,0.0,0.0,1.0231153667346136,34.0,18351.228330402002,2040.0
1789714530.2,1.0,0.0,30.0,61.0,2.0,721.0,7.0,521.0,1105.0,92.0,1166.0,1105.0,0.0,0.0,0.9901311554554232,36.0,18359.279679866002,2042.0
1789714533.3,0.0,0.0,31.0,61.0,2.0,722.0,7.0,522.0,1106.0,92.0,1167.0,1106.0,0.0,0.0,1.0141374316060507,34.0,18362.155621288002,2046.0
1789714536.4,2.0,0.0,29.0,62.0,2.0,723.0,7.0,523.0,1107.0,93.0,1169.0,1107.0,0.0,0.0,0.9924082716446733,32.0,19599.707130922,2054.0
1789714539.6,2.0,0.0,29.0,62.0,2.0,723.0,7.0,523.0,1107.0,93.0,1169.0,1107.0,0.0,0.0,0.9925423774273147,34.0,19599.707130922,2054.0
1789714542.7,0.0,0.0,30.0,63.0,2.0,723.0,7.0,524.0,1107.0,93.0,1170.0,1107.0,0.0,0.0,0.9772225798376426,36.0,19599.707523922003,2056.0
1789714545.9,2.0,0.0,29.0,62.0,2.0,725.0,7.0,524.0,1109.0,93.0,1171.0,1109.0,0.0,0.0,0.9985887601473376,34.0,19623.170225644,2060.0
1789714549.0,0.0,0.0,31.0,62.0,2.0,725.0,7.0,525.0,1109.0,93.0,1171.0,1109.0,0.0,0.0,1.0059922933876908,36.0,19623.170537684,2062.0
1789714552.1,1.0,0.0,29.0,63.0,2.0,726.0,7.0,525.0,1110.0,93.0,1173.0,1110.0,0.0,0.0,0.9798018810571112,36.0,19625.390359942,2064.0
1789714555.2,2.0,0.0,28.0,63.0,2.0,727.0,7.0,526.0,1111.0,93.0,1174.0,1111.0,0.0,0.0,1.0025895826628044,38.0,19639.017384038,2068.0
1789714558.4,2.0,0.0,27.0,64.0,2.0,727.0,7.0,526.0,1111.0,93.0,1175.0,1111.0,0.0,0.0,0.9823020598648213,38.0,19639.017384038,2068.0
1789714561.5,5.0,0.0,26.0,62.0,2.0,729.0,7.0,527.0,1114.0,93.0,1176.0,1114.0,0.0,0.0,0.9932397274970497,34.0,20859.659687258,2078.0
1789714564.6,0.0,0.0,31.0,62.0,2.0,729.0,7.0,528.0,1114.0,93.0,1176.0,1114.0,0.0,0.0,0.9958127704466616,34.0,8002.241618916001,1672.0
1789714567.7,0.0,0.0,31.0,62.0,2.0,731.0,7.0,530.0,1117.0,93.0,1179.0,1117.0,0.0,0.0,1.0273428280227443,32.0,8077.7403799660015,1682.0
1789714570.8,0.0,0.0,31.0,62.0,2.0,731.0,7.0,530.0,1117.0,93.0,1179.0,1117.0,0.0,0.0,1.0274769338053857,32.0,8077.7403799660015,1682.0
1789714573.9,0.0,0.0,31.0,62.0,2.0,731.0,7.0,530.0,1117.0,93.0,1179.0,1117.0,0.0,0.0,1.0275573972749705,34.0,8077.7403799660015,1682.0
1789714577.0,0.0,0.0,29.0,64.0,2.0,731.0,7.0,531.0,1117.0,93.0,1181.0,1117.0,0.0,0.0,0.9759517040374781,34.0,8077.7407185460015,1684.0
1789714580.1,2.0,0.0,28.0,63.0,2.0,731.0,7.0,532.0,1119.0,93.0,1182.0,1119.0,0.0,0.0,0.9966706004362909,36.0,8078.890892222002,1690.0
1789714583.2,4.0,0.0,26.0,63.0,2.0,732.0,7.0,532.0,1121.0,93.0,1184.0,1121.0,0.0,0.0,0.9939339484318563,34.0,8106.779624740001,1694.0
1789714586.2,5.0,0.0,26.0,62.0,2.0,733.0,7.0,534.0,1122.0,93.0,1184.0,1122.0,0.0,0.0,1.0292860208132175,32.0,8119.121883720001,1700.0
1789714589.4,0.0,0.0,31.0,62.0,2.0,733.0,7.0,535.0,1122.0,93.0,1184.0,1122.0,0.0,0.0,1.0300374602152844,32.0,8119.122330840001,1702.0
1789714592.5,3.0,0.0,26.0,64.0,2.0,735.0,7.0,535.0,1125.0,93.0,1189.0,1125.0,0.0,0.0,0.9785685548760863,30.0,8572.841653152002,1708.0
1789714595.6,4.0,0.0,26.0,64.0,2.0,735.0,7.0,535.0,1125.0,94.0,1189.0,1125.0,0.0,0.0,0.9789731073203877,30.0,9773.198034438,1712.0
1789714598.7,5.0,0.0,25.0,64.0,2.0,736.0,7.0,535.0,1126.0,94.0,1190.0,1126.0,0.0,0.0,0.9752919035868827,32.0,9780.84856385,1714.0
1789714601.8,6.0,0.0,25.0,63.0,2.0,737.0,7.0,537.0,1127.0,94.0,1190.0,1127.0,0.0,0.0,1.018768551299932,32.0,9784.925686710001,1720.0
1789714605.0,1.0,0.0,30.0,64.0,2.0,737.0,7.0,538.0,1127.0,95.0,1191.0,1127.0,0.0,0.0,0.9972834638629617,30.0,10986.193149042001,1726.0
1789714608.1,0.0,0.0,31.0,64.0,2.0,738.0,7.0,539.0,1128.0,95.0,1192.0,1128.0,0.0,0.0,1.0050763508922504,30.0,11000.689771404,1730.0
1789714611.3,2.0,0.0,29.0,64.0,2.0,739.0,7.0,539.0,1130.0,95.0,1194.0,1130.0,0.0,0.0,0.9998663412366341,30.0,11007.640704870002,1734.0
1789714614.4,3.0,0.0,28.0,64.0,2.0,739.0,7.0,540.0,1131.0,95.0,1195.0,1131.0,0.0,0.0,0.993863319386332,30.0,11007.641382812002,1738.0
1789714617.6,4.0,0.0,27.0,64.0,2.0,739.0,7.0,540.0,1132.0,95.0,1196.0,1132.0,0.0,0.0,0.9697175732217573,30.0,11008.474897096,1740.0
1789714620.7,5.0,0.0,27.0,63.0,2.0,739.0,7.0,541.0,1133.0,95.0,1196.0,1133.0,0.0,0.0,1.0229870722025534,30.0,12210.035737330001,1746.0
1789714623.8,6.0,0.0,26.0,64.0,2.0,739.0,8.0,542.0,1133.0,96.0,1197.0,1133.0,0.0,0.0,1.0176827414798126,30.0,12214.132346490002,1750.0
1789714626.9,7.0,0.0,23.0,66.0,2.0,740.0,8.0,542.0,1134.0,96.0,1200.0,1134.0,0.0,0.0,0.9740724350033974,30.0,12219.215415252002,1752.0
1789714630.1,0.0,0.0,31.0,65.0,2.0,741.0,8.0,544.0,1135.0,96.0,1200.0,1135.0,0.0,0.0,1.0151155097807818,32.0,12230.413089116002,1758.0
1789714633.2,2.0,0.0,29.0,65.0,2.0,743.0,8.0,544.0,1137.0,96.0,1202.0,1137.0,0.0,0.0,0.9958141115044881,32.0,12238.545048540002,1762.0
1789714636.3,3.0,0.0,28.0,65.0,2.0,743.0,8.0,544.0,1138.0,96.0,1203.0,1138.0,0.0,0.0,0.9976473375531953,32.0,12238.545425260001,1764.0
1789714639.5,3.0,0.0,28.0,65.0,2.0,743.0,8.0,545.0,1138.0,96.0,1203.0,1138.0,0.0,0.0,1.0001765726138112,32.0,12238.54565852,1766.0
1789714642.6,3.0,0.0,27.0,66.0,2.0,743.0,8.0,547.0,1138.0,96.0,1204.0,1138.0,0.0,0.0,0.9889626470693417,34.0,12238.546138078002,1770.0
1789714645.8,6.0,0.0,26.0,64.0,2.0,744.0,8.0,549.0,1141.0,96.0,1205.0,1141.0,0.0,0.0,1.010912634552802,30.0,12275.718279780001,1780.0
1789714648.9,6.0,0.0,25.0,65.0,2.0,744.0,8.0,549.0,1141.0,96.0,1206.0,1141.0,0.0,0.0,0.9815944283517505,32.0,12275.718279780001,1780.0
1789714652.0,8.0,0.0,22.0,66.0,2.0,746.0,8.0,550.0,1143.0,96.0,1209.0,1143.0,0.0,0.0,0.9737858956478204,30.0,12386.942606990002,1786.0
1789714655.2,9.0,0.0,22.0,65.0,2.0,746.0,8.0,550.0,1144.0,96.0,1209.0,1144.0,0.0,0.0,0.9972566427064335,32.0,12386.943042370001,1788.0
1789714658.3,10.0,0.0,22.0,64.0,2.0,747.0,8.0,552.0,1145.0,96.0,1209.0,1145.0,0.0,0.0,0.991212495082788,30.0,12393.73071422,1794.0
1789714661.4,10.0,0.0,22.0,64.0,2.0,747.0,8.0,555.0,1145.0,96.0,1209.0,1145.0,0.0,0.0,1.0396640203125558,30.0,12393.731785896001,1800.0
1789714664.6,0.0,0.0,31.0,65.0,2.0,747.0,8.0,555.0,1145.0,96.0,1210.0,1145.0,0.0,0.0,1.0149009405285556,32.0,12393.731785896001,1800.0
1789714667.7,4.0,0.0,26.0,67.0,2.0,749.0,8.0,555.0,1148.0,97.0,1215.0,1148.0,0.0,0.0,0.9787719486464256,30.0,12407.214310952002,1808.0
1789714670.8,5.0,1.0,25.0,66.0,2.0,751.0,8.0,555.0,1150.0,97.0,1216.0,1150.0,0.0,0.0,0.9810664985874191,26.0,12598.029184602,1812.0
1789714674.0,5.0,1.0,25.0,66.0,2.0,751.0,8.0,555.0,1150.0,97.0,1216.0,1150.0,0.0,0.0,0.9812363659120982,26.0,12598.029184602,1812.0
1789714677.2,6.0,1.0,24.0,66.0,2.0,752.0,8.0,555.0,1151.0,97.0,1217.0,1151.0,0.0,0.0,0.9950903872975003,24.0,12681.661444004001,1814.0
1789714680.3,8.0,1.0,21.0,67.0,2.0,754.0,8.0,555.0,1153.0,97.0,1220.0,1153.0,0.0,0.0,0.9915334549225763,20.0,13769.928837792002,1818.0
1789714683.5,8.0,1.0,21.0,67.0,2.0,754.0,8.0,555.0,1153.0,97.0,1220.0,1153.0,0.0,0.0,0.9916049780066516,18.0,14970.265331222,1820.0
1789714686.6,8.0,1.0,21.0,67.0,2.0,754.0,8.0,555.0,1153.0,97.0,1220.0,1153.0,0.0,0.0,0.9917748453313306,18.0,14970.265331222,1820.0
1789714689.7,10.0,1.0,20.0,66.0,2.0,756.0,8.0,555.0,1155.0,97.0,1221.0,1155.0,0.0,0.0,0.9988815577727712,14.0,16044.367377706001,1824.0
1789714692.9,9.0,2.0,20.0,66.0,2.0,756.0,8.0,555.0,1155.0,97.0,1221.0,1155.0,0.0,0.0,0.9992311268461896,14.0,16044.367377706001,1824.0
1789714696.0,9.0,2.0,20.0,66.0,2.0,756.0,8.0,555.0,1155.0,97.0,1221.0,1155.0,0.0,0.0,0.9993384114723027,14.0,16044.367377706001,1824.0
1789714699.1,10.0,3.0,19.0,65.0,2.0,758.0,8.0,555.0,1157.0,97.0,1222.0,1157.0,0.0,0.0,1.0234828165790508,10.0,16763.990769578002,1828.0
1789714702.3,11.0,3.0,19.0,64.0,2.0,759.0,8.0,555.0,1158.0,97.0,1222.0,1158.0,0.0,0.0,1.063411919321961,8.0,17884.560993766,1830.0
1789714705.4,11.0,0.0,19.0,67.0,2.0,759.0,8.0,555.0,1158.0,97.0,1225.0,1158.0,0.0,0.0,0.9903877445195437,8.0,17884.560993766,1830.0
1789714708.5,10.0,1.0,19.0,67.0,2.0,759.0,8.0,555.0,1158.0,97.0,1225.0,1158.0,0.0,0.0,0.9776226620891892,8.0,17884.560993766,1830.0
1789714711.7,11.0,1.0,18.0,67.0,2.0,760.0,8.0,555.0,1159.0,97.0,1226.0,1159.0,0.0,0.0,1.002512248328148,6.0,18913.736815080003,1832.0
1789714714.8,11.0,1.0,17.0,68.0,2.0,761.0,8.0,555.0,1160.0,97.0,1228.0,1160.0,0.0,0.0,0.9998283445982191,4.0,19776.232289348,1834.0
1789714717.9,11.0,1.0,17.0,68.0,2.0,761.0,8.0,555.0,1160.0,97.0,1228.0,1160.0,0.0,0.0,0.9998998676822944,4.0,19776.232289348,1834.0
1789714721.1,12.0,1.0,17.0,67.0,2.0,762.0,8.0,555.0,1161.0,97.0,1228.0,1161.0,0.0,0.0,1.0113261273826126,2.0,20872.022048722,1836.0
1789714724.2,12.0,0.0,17.0,68.0,2.0,762.0,8.0,555.0,1161.0,97.0,1229.0,1161.0,0.0,0.0,0.9992105639595179,2.0,20872.022048722,1836.0
1789714727.3,12.0,0.0,16.0,69.0,2.0,762.0,8.0,555.0,1161.0,97.0,1230.0,1161.0,0.0,0.0,0.9711601044237027,2.0,20872.022048722,1836.0
1789714730.5,12.0,0.0,15.0,70.0,2.0,762.0,8.0,555.0,1161.0,97.0,1231.0,1161.0,0.0,0.0,0.9695713979186783,2.0,20872.022048722,1836.0
1789714733.7,11.0,1.0,15.0,70.0,2.0,763.0,8.0,555.0,1162.0,97.0,1232.0,1162.0,0.0,0.0,0.9765650144834245,,21277.355911682,1838.0
1789714736.8,11.0,1.0,15.0,70.0,2.0,763.0,8.0,555.0,1162.0,97.0,1232.0,1162.0,0.0,0.0,0.9766007760254622,,21277.355911682,1838.0
1789714739.9,10.0,2.0,14.0,71.0,2.0,763.0,8.0,555.0,1162.0,97.0,1233.0,1162.0,0.0,0.0,0.9475771555269463,,21277.355911682,1838.0
1789714743.1,10.0,2.0,13.0,72.0,2.0,763.0,8.0,555.0,1162.0,97.0,1234.0,1162.0,0.0,0.0,0.9321353216750706,,21277.355911682,1838.0
1789714746.2,9.0,3.0,13.0,72.0,2.0,763.0,8.0,555.0,1162.0,97.0,1234.0,1162.0,0.0,0.0,0.9335841111468727,,21277.355911682,1838.0
1789714749.4,8.0,4.0,13.0,72.0,2.0,763.0,8.0,555.0,1162.0,97.0,1234.0,1162.0,0.0,0.0,0.9348366591567429,,21277.355911682,1838.0
1789714752.5,8.0,4.0,11.0,74.0,2.0,763.0,8.0,555.0,1162.0,97.0,1236.0,1162.0,0.0,0.0,0.8856149197153381,,21277.355911682,1838.0
1789714755.7,8.0,4.0,11.0,74.0,2.0,763.0,8.0,555.0,1162.0,97.0,1236.0,1162.0,0.0,0.0,0.8864195544111863,,21277.355911682,1838.0
1789714758.9,7.0,5.0,10.0,75.0,2.0,763.0,8.0,555.0,1162.0,97.0,1237.0,1162.0,0.0,0.0,0.8064044451596752,,21277.355911682,1838.0
1789714762.1,7.0,5.0,9.0,76.0,2.0,763.0,8.0,555.0,1162.0,97.0,1238.0,1162.0,0.0,0.0,0.7687090977362944,,21277.355911682,1838.0
1789714765.3,6.0,6.0,9.0,76.0,2.0,763.0,8.0,555.0,1162.0,97.0,1238.0,1162.0,0.0,0.0,0.7701976719236133,,21277.355911682,1838.0
1789714768.5,4.0,8.0,7.0,78.0,2.0,763.0,8.0,555.0,1162.0,97.0,1240.0,1162.0,0.0,0.0,0.697714390444516,,21277.355911682,1838.0
1789714771.6,2.0,10.0,6.0,79.0,2.0,763.0,8.0,555.0,1162.0,97.0,1241.0,1162.0,0.0,0.0,0.6680202410327933,,21277.355911682,1838.0
1789714774.8,1.0,11.0,4.0,81.0,2.0,763.0,8.0,555.0,1162.0,97.0,1243.0,1162.0,0.0,0.0,0.6158893001466224,,21277.355911682,1838.0
1789714778.0,0.0,12.0,4.0,81.0,2.0,763.0,8.0,555.0,1162.0,97.0,1243.0,1162.0,0.0,0.0,0.6150551621785931,,21277.355911682,1838.0
1789714781.1,0.0,12.0,4.0,81.0,2.0,763.0,8.0,555.0,1162.0,97.0,1243.0,1162.0,0.0,0.0,0.6154843006830455,,21277.355911682,1838.0
1789714784.3,0.0,12.0,4.0,81.0,2.0,763.0,8.0,555.0,1162.0,97.0,1243.0,1162.0,0.0,0.0,0.6159134391874977,,21277.355911682,1838.0
1789714787.4,0.0,12.0,3.0,82.0,2.0,763.0,8.0,555.0,1162.0,97.0,1244.0,1162.0,0.0,0.0,0.5469316596931659,,21277.355911682,1838.0
1789714790.5,0.0,12.0,0.0,85.0,2.0,763.0,8.0,555.0,1162.0,97.0,1247.0,1162.0,0.0,0.0,0.44803579730357973,,21277.355911682,1838.0
1789714793.7,0.0,12.0,0.0,85.0,2.0,763.0,8.0,555.0,1162.0,97.0,1247.0,1162.0,0.0,0.0,0.44803579730357973,,21277.355911682,1838.0
1789714796.8,0.0,12.0,0.0,85.0,2.0,763.0,8.0,555.0,1162.0,97.0,1247.0,1162.0,0.0,0.0,0.44803579730357973,,21277.355911682,1838.0
1789714800.0,0.0,12.0,0.0,85.0,2.0,763.0,8.0,555.0,1162.0,97.0,1247.0,1162.0,0.0,0.0,0.44803579730357973,,21277.355911682,1838.0
1789714803.1,0.0,12.0,0.0,85.0,2.0,763.0,8.0,555.0,1162.0,97.0,1247.0,1162.0,0.0,0.0,0.44803579730357973,,21277.355911682,1838.0
1789714806.3,0.0,12.0,0.0,85.0,2.0,763.0,8.0,555.0,1162.0,97.0,1247.0,1162.0,0.0,0.0,0.44803579730357973,,21277.355911682,1838.0
1789714809.4,0.0,12.0,0.0,85.0,2.0,763.0,8.0,555.0,1162.0,97.0,1247.0,1162.0,0.0,0.0,0.44803579730357973,,21277.355911682,1838.0
1789714812.6,0.0,12.0,0.0,85.0,2.0,763.0,8.0,555.0,1162.0,97.0,1247.0,1162.0,0.0,0.0,0.44803579730357973,,21277.355911682,1838.0
1789714815.8,0.0,12.0,0.0,85.0,2.0,763.0,8.0,555.0,1162.0,97.0,1247.0,1162.0,0.0,0.0,0.44803579730357973,,21277.355911682,1838.0
1789714818.9,0.0,12.0,0.0,85.0,2.0,763.0,8.0,555.0,1162.0,97.0,1247.0,1162.0,0.0,0.0,0.44803579730357973,,21277.355911682,1838.0
1789714822.0,0.0,12.0,0.0,85.0,2.0,763.0,8.0,555.0,1162.0,97.0,1247.0,1162.0,0.0,0.0,0.44803579730357973,,21277.355911682,1838.0
1789714825.2,0.0,12.0,0.0,85.0,2.0,763.0,8.0,555.0,1162.0,97.0,1247.0,1162.0,0.0,0.0,0.44803579730357973,,21277.355911682,1838.0
1789714828.3,0.0,12.0,0.0,85.0,2.0,763.0,8.0,555.0,1162.0,97.0,1247.0,1162.0,0.0,0.0,0.44803579730357973,,21277.355911682,1838.0
1789714831.5,0.0,12.0,0.0,85.0,2.0,763.0,8.0,555.0,1162.0,97.0,1247.0,1162.0,0.0,0.0,0.44803579730357973,,21277.355911682,1838.0
1789714834.6,0.0,12.0,0.0,85.0,2.0,763.0,8.0,555.0,1162.0,97.0,1247.0,1162.0,0.0,0.0,0.44803579730357973,,21277.355911682,1838.0
1789714837.8,0.0,12.0,0.0,85.0,2.0,763.0,8.0,555.0,1162.0,97.0,1247.0,1162.0,0.0,0.0,0.44803579730357973,,21277.355911682,1838.0
1789714840.9,0.0,12.0,0.0,85.0,2.0,763.0,8.0,555.0,1162.0,97.0,1247.0,1162.0,0.0,0.0,0.44803579730357973,,21277.355911682,1838.0
1789714844.1,0.0,12.0,0.0,85.0,2.0,763.0,8.0,555.0,1162.0,97.0,1247.0,1162.0,0.0,0.0,0.44803579730357973,,21277.355911682,1838.0
1789714847.2,0.0,12.0,0.0,85.0,2.0,763.0,8.0,555.0,1162.0,97.0,1247.0,1162.0,0.0,0.0,0.44803579730357973,,21277.355911682,1838.0
1789714850.3,0.0,12.0,0.0,85.0,2.0,763.0,8.0,555.0,1162.0,97.0,1247.0,1162.0,0.0,0.0,0.44803579730357973,,21277.355911682,1838.0
1789714853.4,0.0,12.0,0.0,85.0,2.0,763.0,8.0,555.0,1162.0,97.0,1247.0,1162.0,0.0,0.0,0.44803579730357973,,21277.355911682,1838.0
1789714856.5,0.0,12.0,0.0,85.0,2.0,763.0,8.0,555.0,1162.0,97.0,1247.0,1162.0,0.0,0.0,0.44803579730357973,,21277.355911682,1838.0
1789714859.6,0.0,12.0,0.0,85.0,2.0,763.0,8.0,555.0,1162.0,97.0,1247.0,1162.0,0.0,0.0,0.44803579730357973,,21277.355911682,1838.0
1789714862.7,0.0,12.0,0.0,85.0,2.0,763.0,8.0,555.0,1162.0,97.0,1247.0,1162.0,0.0,0.0,0.44803579730357973,,3095.3050325260006,974.0
1789714865.8,0.0,12.0,0.0,85.0,2.0,763.0,8.0,555.0,1162.0,97.0,1247.0,1162.0,0.0,0.0,0.44803579730357973,,3095.3050325260006,974.0
1789714868.8,0.0,12.0,0.0,85.0,2.0,763.0,8.0,555.0,1162.0,97.0,1247.0,1162.0,0.0,0.0,0.44803579730357973,,3095.3050325260006,974.0
1789714871.9,0.0,12.0,0.0,85.0,2.0,763.0,8.0,555.0,1162.0,97.0,1247.0,1162.0,0.0,0.0,0.44803579730357973,,3095.3050325260006,974.0
1789714874.9,0.0,12.0,0.0,85.0,2.0,763.0,8.0,555.0,1162.0,97.0,1247.0,1162.0,0.0,0.0,0.44803579730357973,,3095.3050325260006,974.0
1789714877.9,0.0,12.0,0.0,85.0,2.0,763.0,8.0,555.0,1162.0,97.0,1247.0,1162.0,0.0,0.0,0.44803579730357973,,3095.3050325260006,974.0
1789714881.0,0.0,12.0,0.0,85.0,2.0,763.0,8.0,555.0,1162.0,97.0,1247.0,1162.0,0.0,0.0,0.44803579730357973,,3095.3050325260006,974.0
1789714884.0,0.0,12.0,0.0,85.0,2.0,763.0,8.0,555.0,1162.0,97.0,1247.0,1162.0,0.0,0.0,0.44803579730357973,,3095.3050325260006,974.0
1789714887.0,0.0,12.0,0.0,85.0,2.0,763.0,8.0,555.0,1162.0,97.0,1247.0,1162.0,0.0,0.0,0.44803579730357973,,3095.3050325260006,974.0
1789714890.1,0.0,12.0,0.0,85.0,2.0,763.0,8.0,555.0,1162.0,97.0,1247.0,1162.0,0.0,0.0,0.44803579730357973,,3095.3050325260006,974.0
1789714893.1,0.0,12.0,0.0,85.0,2.0,763.0,8.0,555.0,1162.0,97.0,1247.0,1162.0,0.0,0.0,0.44803579730357973,,3095.3050325260006,974.0
1789714896.1,0.0,12.0,0.0,85.0,2.0,763.0,8.0,555.0,1162.0,97.0,1247.0,1162.0,0.0,0.0,0.44803579730357973,,3095.3050325260006,974.0
1789714899.2,0.0,12.0,0.0,85.0,2.0,763.0,8.0,555.0,1162.0,97.0,1247.0,1162.0,0.0,0.0,0.44803579730357973,,3095.3050325260006,974.0
1789714902.2,0.0,12.0,0.0,85.0,2.0,763.0,8.0,555.0,1162.0,97.0,1247.0,1162.0,0.0,0.0,0.44803579730357973,,3095.3050325260006,974.0
1789714905.2,0.0,12.0,0.0,85.0,2.0,763.0,8.0,555.0,1162.0,97.0,1247.0,1162.0,0.0,0.0,0.44803579730357973,,3095.3050325260006,974.0
1789714908.3,0.0,12.0,0.0,85.0,2.0,763.0,8.0,555.0,1162.0,97.0,1247.0,1162.0,0.0,0.0,0.44803579730357973,,3095.3050325260006,974.0
1789714911.3,0.0,12.0,0.0,85.0,2.0,763.0,8.0,555.0,1162.0,97.0,1247.0,1162.0,0.0,0.0,0.44803579730357973,,3095.3050325260006,974.0
1789714914.3,0.0,12.0,0.0,85.0,2.0,763.0,8.0,555.0,1162.0,97.0,1247.0,1162.0,0.0,0.0,0.44803579730357973,,3095.3050325260006,974.0
1789714917.3,0.0,12.0,0.0,85.0,2.0,763.0,8.0,555.0,1162.0,97.0,1247.0,1162.0,0.0,0.0,0.44803579730357973,,3095.3050325260006,974.0
1789714920.4,0.0,12.0,0.0,85.0,2.0,763.0,8.0,555.0,1162.0,97.0,1247.0,1162.0,0.0,0.0,0.44803579730357973,,3095.3050325260006,974.0
1789714921.4,0.0,12.0,0.0,85.0,2.0,763.0,8.0,555.0,1162.0,97.0,1247.0,1162.0,0.0,0.0,0.44803579730357973,,3095.3050325260006,974.0
