ts,kv_cache_usage_perc,num_requests_running,num_requests_waiting,num_preemptions_total,cum_prefix_cache_queries,cum_prefix_cache_hits,interval_queries,interval_hits,interval_hit_rate
1789643171.7,0.0,0.0,0.0,13.0,281493327,110533056,0,0,
1789643173.7,0.0,0.0,0.0,13.0,281493327,110533056,0,0,
1789643175.8,0.0,0.0,0.0,13.0,281493327,110533056,0,0,
1789643177.8,0.0,0.0,0.0,13.0,281493327,110533056,0,0,
1789643179.8,0.0,0.0,0.0,13.0,281493327,110533056,0,0,
1789643181.8,0.0,0.0,0.0,13.0,281493327,110533056,0,0,
1789643183.8,0.0,0.0,0.0,13.0,281493327,110533056,0,0,
1789643185.8,0.0,0.0,0.0,13.0,281493327,110533056,0,0,
1789643187.8,0.0,0.0,0.0,13.0,281493327,110533056,0,0,
1789643189.9,0.0,0.0,0.0,13.0,281493327,110533056,0,0,
1789643191.9,0.0,0.0,0.0,13.0,281493327,110533056,0,0,
1789643193.9,0.0,0.0,0.0,13.0,281493327,110533056,0,0,
1789643195.9,0.0,0.0,0.0,13.0,281493327,110533056,0,0,
1789643197.9,0.0,0.0,0.0,13.0,281493327,110533056,0,0,
1789643199.9,0.0,0.0,0.0,13.0,281493327,110533056,0,0,
1789643202.0,0.0,0.0,0.0,13.0,281493327,110533056,0,0,
1789643204.0,0.0,0.0,0.0,13.0,281493327,110533056,0,0,
1789643206.0,0.0,0.0,0.0,13.0,281493327,110533056,0,0,
1789643208.0,0.0,0.0,0.0,13.0,281493327,110533056,0,0,
1789643210.0,0.0,0.0,0.0,13.0,281493327,110533056,0,0,
1789643212.0,0.0,0.0,0.0,13.0,281493327,110533056,0,0,
1789643214.0,0.0,0.0,0.0,13.0,281493327,110533056,0,0,
1789643216.1,0.0,0.0,0.0,13.0,281493327,110533056,0,0,
1789643218.1,0.0,0.0,0.0,13.0,281493327,110533056,0,0,
1789643220.1,0.0,0.0,0.0,13.0,281493327,110533056,0,0,
1789643222.1,0.0,0.0,0.0,13.0,281493327,110533056,0,0,
1789643224.1,0.0,0.0,0.0,13.0,281493327,110533056,0,0,
1789643226.1,0.0,0.0,0.0,13.0,281493327,110533056,0,0,
1789643228.1,0.0,0.0,0.0,13.0,281493327,110533056,0,0,
1789643230.2,0.0,0.0,0.0,13.0,281493327,110533056,0,0,
1789643232.2,0.0,0.0,0.0,13.0,281493327,110533056,0,0,
1789643234.2,0.0,0.0,0.0,13.0,281493327,110533056,0,0,
1789643236.2,0.0,0.0,0.0,13.0,281493327,110533056,0,0,
1789643238.2,0.0,0.0,0.0,13.0,281493327,110533056,0,0,
1789643240.2,0.0,0.0,0.0,13.0,281493327,110533056,0,0,
1789643242.2,0.01653625531062697,8.0,8.0,13.0,281546433,110533056,53106,0,0.0
1789643244.3,0.049236843234583105,13.0,31.0,13.0,281613080,110533056,66647,0,0.0
1789643246.3,0.07323300956985712,8.0,33.0,13.0,281663441,110533056,50361,0,0.0
1789643248.3,0.11242078761783514,15.0,30.0,13.0,281754974,110533056,91533,0,0.0
1789643250.3,0.14419156879854667,30.0,14.0,13.0,281850059,110533056,95085,0,0.0
1789643252.3,0.18086886863976426,22.0,20.0,13.0,281939306,110533056,89247,0,0.0
1789643254.4,0.2085914143075801,17.0,25.0,13.0,282010141,110533056,70835,0,0.0
1789643256.4,0.2442173172929749,15.0,31.0,13.0,282089059,110533056,78918,0,0.0
1789643258.4,0.280629979830346,15.0,31.0,13.0,282146049,110533056,56990,0,0.0
1789643260.4,0.3097114738152117,15.0,30.0,13.0,282229780,110533056,83731,0,0.0
1789643262.4,0.33169067475360126,16.0,30.0,13.0,282262065,110533056,32285,0,0.0
1789643264.4,0.3683107557183115,18.0,28.0,13.0,282349157,110533056,87092,0,0.0
1789643266.5,0.40493083668302177,21.0,25.0,13.0,282455148,110533056,105991,0,0.0
1789643268.5,0.4415437652881685,22.0,24.0,13.0,282615909,110533056,160761,0,0.0
1789643270.5,0.4598681104896505,22.0,24.0,13.0,282615909,110533056,0,0,
1789643272.5,0.47086128713862707,22.0,24.0,13.0,282615909,110533056,0,0,
1789643274.5,0.48184731142804016,22.0,24.0,13.0,282615909,110533056,0,0,
1789643276.5,0.48917132762098214,22.0,24.0,13.0,282615909,110533056,0,0,
1789643278.5,0.5111433761998083,23.0,23.0,13.0,282658489,110533056,42580,0,0.0
1789643280.6,0.547770609524082,25.0,21.0,13.0,282750060,110533072,91571,16,0.0002
1789643282.6,0.5807358347518847,27.0,19.0,13.0,282817060,110533072,67000,0,0.0
1789643284.6,0.6100318995236529,29.0,17.0,13.0,282904208,110533072,87148,0,0.0
1789643286.6,0.6429971247514554,32.0,14.0,13.0,282962826,110533072,58618,0,0.0
1789643288.6,0.6796315104352926,34.0,12.0,13.0,283082278,110533072,119452,0,0.0
1789643290.6,0.6979343985580844,34.0,12.0,13.0,283082278,110533072,0,0,
1789643292.7,0.7234039509634229,34.0,12.0,13.0,283180778,110533072,98500,0,0.0
1789643294.7,0.7380376786301801,34.0,12.0,13.0,283180778,110533072,0,0,
1789643296.7,0.7600168795685697,35.0,11.0,13.0,283283062,110533072,102284,0,0.0
1789643298.7,0.7819960805069592,35.0,11.0,13.0,283283062,110533072,0,0,
1789643300.7,0.792960647717682,36.0,10.0,13.0,283311314,110533072,28252,0,0.0
1789643302.7,0.7588224355214785,35.0,9.0,13.0,283367073,110533088,55759,16,0.0003
1789643304.8,0.788089890854993,36.0,9.0,13.0,283469616,110533088,102543,0,0.0
1789643306.8,0.802752227960004,36.0,9.0,13.0,283469616,110533088,0,0,
1789643308.8,0.8247457336175205,37.0,9.0,13.0,283502922,110533088,33306,0,0.0
1789643310.8,0.854048950748852,39.0,7.0,13.0,283593210,110533088,90288,0,0.0
1789643312.8,0.8870070236170913,41.0,5.0,13.0,283682871,110533088,89661,0,0.0
1789643314.8,0.919957944125767,42.0,4.0,13.0,283720282,110533088,37411,0,0.0
1789643316.9,0.9529303217131332,44.0,2.0,13.0,283815746,110533104,95464,16,0.0002
1789643318.9,0.9674066974694951,44.0,2.0,13.0,283815746,110533104,0,0,
1789643320.9,0.9816255882815741,44.0,0.0,13.0,283958055,110605808,142309,72704,0.5109
1789643322.9,0.9762899280472628,43.0,2.0,13.0,284035456,110628592,77401,22784,0.2944
1789643324.9,0.9935342669546684,43.0,3.0,13.0,284035456,110628592,0,0,
1789643327.0,0.9961162687570629,43.0,2.0,13.0,284073237,110628592,37781,0,0.0
1789643329.0,0.9715979801736593,42.0,1.0,13.0,284146158,110628592,72921,0,0.0
1789643331.0,0.9928333357174531,44.0,0.0,13.0,284189798,110660656,43640,32064,0.7347
1789643333.0,0.9738438210765732,43.0,0.0,13.0,284247374,110660672,57576,16,0.0003
1789643335.0,0.9509491181140658,41.0,0.0,13.0,284275932,110685872,28558,25200,0.8824
1789643337.0,0.9715121518588983,43.0,1.0,13.0,284434938,110756080,159006,70208,0.4415
1789643339.0,0.9900081536899022,43.0,2.0,13.0,284434938,110756080,0,0,
1789643341.1,0.9621497131903816,42.0,1.0,13.0,284549607,110797520,114669,41440,0.3614
1789643343.1,0.9559271603702061,42.0,3.0,13.0,284643744,110797536,94137,16,0.0002
1789643345.1,0.9757892628778234,42.0,3.0,13.0,284729236,110824848,85492,27312,0.3195
1789643347.1,0.982612613901326,41.0,5.0,13.0,284729236,110824848,0,0,
1789643349.1,0.9868038966054902,43.0,2.0,13.0,284802404,110824864,73168,16,0.0002
1789643351.1,0.991824853019011,43.0,2.0,13.0,284840788,110824864,38384,0,0.0
1789643353.2,0.9883774157094426,43.0,2.0,13.0,284904356,110824864,63568,0,0.0
1789643355.2,0.9281831576237001,41.0,2.0,13.0,284972823,110824864,68467,0,0.0
1789643357.2,0.9574649176763415,42.0,4.0,13.0,285031625,110824864,58802,0,0.0
1789643359.2,0.9854091864906233,45.0,1.0,13.0,285088737,110824864,57112,0,0.0
1789643361.2,0.9903657716680733,45.0,0.0,13.0,285153308,110824864,64571,0,0.0
1789643363.2,0.9956012988684967,45.0,0.0,13.0,285191954,110829984,38646,5120,0.1325
1789643365.3,0.9526942938475403,43.0,0.0,13.0,285227817,110830464,35863,480,0.0134
1789643367.3,0.9470653868711287,44.0,0.0,13.0,285403642,110925872,175825,95408,0.5426
1789643369.3,0.977348477262649,44.0,0.0,13.0,285487974,111010128,84332,84256,0.9991
1789643371.3,0.8972992690288526,39.0,0.0,13.0,285593049,111107424,105075,97296,0.926
1789643373.3,0.9769765545653512,43.0,0.0,13.0,285852876,111290688,259827,183264,0.7053
1789643375.3,0.988556224698528,44.0,0.0,13.0,285853273,111290688,397,0,0.0
1789643377.4,0.9852446822206646,43.0,1.0,13.0,285912086,111290688,58813,0,0.0
1789643379.4,0.9948431487547742,43.0,2.0,13.0,285977686,111321104,65600,30416,0.4637
1789643381.4,0.9580228017222882,42.0,1.0,13.0,286053884,111321104,76198,0,0.0
1789643383.4,0.9297209149298353,40.0,2.0,13.0,286107071,111321104,53187,0,0.0
1789643385.4,0.9382393751698686,40.0,4.0,13.0,286156117,111321104,49046,0,0.0
1789643387.4,0.9519647531720714,40.0,3.0,13.0,286210350,111335200,54233,14096,0.2599
1789643389.5,0.9851588539059035,42.0,3.0,13.0,286302593,111352032,92243,16832,0.1825
1789643391.5,0.9803024017623414,44.0,0.0,13.0,286397585,111352048,94992,16,0.0002
1789643393.5,0.985251834580228,42.0,2.0,13.0,286397585,111352048,0,0,
1789643395.5,0.9678429914028638,42.0,1.0,13.0,286482315,111354688,84730,2640,0.0312
1789643397.5,0.9897721258243094,43.0,0.0,13.0,286519393,111354688,37078,0,0.0
1789643399.5,0.9878552934613128,43.0,2.0,13.0,286577303,111354704,57910,16,0.0003
1789643401.6,0.9619136853247886,42.0,1.0,13.0,286623793,111354704,46490,0,0.0
1789643403.6,0.9426881428183158,42.0,0.0,13.0,286653642,111354704,29849,0,0.0
1789643405.6,0.9500693778877651,43.0,2.0,13.0,286723115,111354704,69473,0,0.0
1789643407.6,0.9793368332212797,45.0,0.0,13.0,286817176,111354704,94061,0,0.0
1789643409.6,0.9946714921252521,45.0,1.0,13.0,286817176,111354704,0,0,
1789643411.6,0.9706538687112879,43.0,0.0,13.0,286867303,111366048,50127,11344,0.2263
1789643413.6,0.8202182900138756,37.0,0.0,13.0,286867303,111366048,0,0,
1789643415.7,0.8495215071452072,38.0,6.0,13.0,286966311,111366064,99008,16,0.0002
1789643417.7,0.8278140958702276,37.0,6.0,13.0,286966311,111366064,0,0,
1789643419.7,0.8273563448581687,37.0,7.0,13.0,287015550,111366064,49239,0,0.0
1789643421.7,0.8602929606477177,39.0,6.0,13.0,287095864,111366064,80314,0,0.0
1789643423.7,0.8708140815655084,40.0,4.0,13.0,287172340,111366064,76476,0,0.0
1789643425.7,0.8964338335216788,41.0,4.0,13.0,287244816,111366064,72476,0,0.0
1789643427.8,0.9114037220879168,41.0,3.0,13.0,287308766,111388928,63950,22864,0.3575
1789643429.8,0.9370234740440871,42.0,2.0,13.0,287393833,111388944,85067,16,0.0002
1789643431.8,0.9388902398901398,41.0,2.0,13.0,287393833,111388944,0,0,
1789643433.8,0.9454632583289228,41.0,1.0,13.0,287445262,111393696,51429,4752,0.0924
1789643435.8,0.9452701446207104,41.0,2.0,13.0,287517503,111397040,72241,3344,0.0463
1789643437.8,0.9247643297523853,40.0,1.0,13.0,287557172,111403280,39669,6240,0.1573
1789643439.9,0.9743802480438296,42.0,1.0,13.0,287667548,111463264,110376,59984,0.5435
1789643441.9,0.9621282561116913,42.0,0.0,13.0,287731660,111463264,64112,0,0.0
1789643443.9,0.9872974094153661,43.0,0.0,13.0,287775164,111463280,43504,16,0.0004
1789643445.9,0.9265381149241134,40.0,0.0,13.0,287775164,111463280,0,0,
1789643447.9,0.9384467935972077,40.0,0.0,13.0,287878236,111556288,103072,93008,0.9024
1789643449.9,0.9184988627748294,40.0,1.0,13.0,288001753,111615072,123517,58784,0.4759
1789643452.0,0.9478163846252878,41.0,0.0,13.0,288065547,111615072,63794,0,0.0
1789643454.0,0.929084354928691,40.0,1.0,13.0,288101064,111615072,35517,0,0.0
1789643456.0,0.9620352754373668,42.0,2.0,13.0,288179013,111615072,77949,0,0.0
1789643458.0,0.9890139757105869,43.0,1.0,13.0,288217926,111615072,38913,0,0.0
1789643460.0,0.9909808745905274,44.0,0.0,13.0,288315646,111639520,97720,24448,0.2502
1789643462.1,0.9581300871157394,42.0,1.0,13.0,288409693,111650768,94047,11248,0.1196
1789643464.1,0.9727566624229333,42.0,1.0,13.0,288409693,111650768,0,0,
1789643466.1,0.9960518975209922,43.0,2.0,13.0,288452103,111650768,42410,0,0.0
1789643468.1,0.9797659747950849,42.0,2.0,13.0,288452103,111650768,0,0,
1789643470.1,0.9709542678129515,42.0,0.0,13.0,288547580,111650768,95477,0,0.0
1789643472.1,0.9334043801049966,40.0,0.0,13.0,288586203,111650768,38623,0,0.0
1789643474.1,0.954682649806171,41.0,2.0,13.0,288627780,111650768,41577,0,0.0
1789643476.2,0.9651250947687642,42.0,0.0,13.0,288749918,111650768,122138,0,0.0
1789643478.2,0.9734718983792753,41.0,2.0,13.0,288749918,111650768,0,0,
1789643480.2,0.9829201653625531,41.0,3.0,13.0,288749918,111650768,0,0,
1789643482.2,0.9644885347676199,42.0,0.0,13.0,288864790,111658464,114872,7696,0.067
1789643484.2,0.9711902956785443,42.0,1.0,13.0,288931565,111703296,66775,44832,0.6714
1789643486.2,0.9710758579255296,42.0,2.0,13.0,288978592,111703296,47027,0,0.0
1789643488.3,0.962071037235184,41.0,2.0,13.0,289064976,111706288,86384,2992,0.0346
1789643490.3,0.9803739253579756,41.0,2.0,13.0,289064976,111706288,0,0,
1789643492.3,0.9744231622012102,40.0,1.0,13.0,289123741,111706288,58765,0,0.0
1789643494.3,0.9797588224355215,40.0,2.0,13.0,289164288,111706288,40547,0,0.0
1789643496.3,0.9760467478221065,39.0,2.0,13.0,289207293,111706288,43005,0,0.0
1789643498.3,0.9918177006594475,40.0,1.0,13.0,289239325,111706288,32032,0,0.0
1789643500.4,0.9613844107170956,40.0,2.0,13.0,289318126,111706288,78801,0,0.0
1789643502.4,0.9650178093753129,40.0,2.0,13.0,289450167,111750976,132041,44688,0.3384
1789643504.4,0.9636660134178265,39.0,2.0,13.0,289450167,111750976,0,0,
1789643506.4,0.9559986839658403,39.0,3.0,13.0,289489832,111750976,39665,0,0.0
1789643508.4,0.9655756934212597,40.0,2.0,13.0,289529697,111750976,39865,0,0.0
1789643510.4,0.9854592530075672,42.0,0.0,13.0,289643521,111786832,113824,35856,0.315
1789643512.5,0.9807816098530905,40.0,2.0,13.0,289731814,111812352,88293,25520,0.289
1789643514.5,0.9907663038036248,40.0,2.0,13.0,289731814,111812352,0,0,
1789643516.5,0.967556897020327,40.0,1.0,13.0,289769908,111812352,38094,0,0.0
1789643518.5,0.9881485402034131,41.0,1.0,13.0,289809610,111812352,39702,0,0.0
1789643520.5,0.9717481797244911,40.0,0.0,13.0,289895625,111837824,86015,25472,0.2961
1789643522.5,0.9842791136796029,40.0,0.0,13.0,289895625,111837824,0,0,
1789643524.6,0.987004162673266,40.0,2.0,13.0,289939830,111872896,44205,35072,0.7934
1789643526.6,0.987669332112664,40.0,0.0,13.0,290028563,111901664,88733,28768,0.3242
1789643528.6,0.986546411661207,40.0,1.0,13.0,290071890,111901664,43327,0,0.0
1789643530.6,0.9931551918978071,40.0,2.0,13.0,290112383,111901664,40493,0,0.0
1789643532.6,0.979172328951321,39.0,1.0,13.0,290154387,111901664,42004,0,0.0
1789643534.6,0.9948216916760839,40.0,2.0,13.0,290228186,111908368,73799,6704,0.0908
1789643536.7,0.9723060637704378,40.0,1.0,13.0,290303388,111908368,75202,0,0.0
1789643538.7,0.9778205329938346,40.0,1.0,13.0,290349780,111908368,46392,0,0.0
1789643540.7,0.9769837069249145,40.0,0.0,13.0,290416979,111908384,67199,16,0.0002
1789643542.7,0.9593173788032672,39.0,2.0,13.0,290474010,111933072,57031,24688,0.4329
1789643544.7,0.9705465833178366,39.0,2.0,13.0,290474010,111933072,0,0,
1789643546.7,0.9592387028480696,39.0,1.0,13.0,290578330,111933072,104320,0,0.0
1789643548.8,0.9812465132247128,39.0,2.0,13.0,290578330,111933072,0,0,
1789643550.8,0.9914600826812765,39.0,2.0,13.0,290578330,111933072,0,0,
1789643552.8,0.9613772583575322,39.0,0.0,13.0,290683190,111933072,104860,0,0.0
1789643554.8,0.9869040296393781,39.0,2.0,13.0,290683190,111933072,0,0,
1789643556.8,0.9876979415509176,39.0,2.0,13.0,290683190,111933072,0,0,
1789643558.8,0.9919178336933354,39.0,1.0,13.0,290730343,111933072,47153,0,0.0
1789643560.9,0.9745232952350981,38.0,0.0,13.0,290790179,111933072,59836,0,0.0
1789643562.9,0.9345058434777633,36.0,0.0,13.0,290790179,111933072,0,0,
1789643564.9,0.8789105525912999,35.0,3.0,13.0,290892606,111979728,102427,46656,0.4555
1789643566.9,0.9118543207404123,37.0,1.0,13.0,290971982,111979728,79376,0,0.0
1789643568.9,0.9235770380648576,37.0,0.0,13.0,291011815,111979728,39833,0,0.0
1789643570.9,0.9230191540189109,37.0,3.0,13.0,291095850,111979728,84035,0,0.0
1789643573.0,0.9068834308438354,36.0,3.0,13.0,291095850,111979728,0,0,
1789643575.0,0.8858125795700001,36.0,5.0,13.0,291155067,111979744,59217,16,0.0003
1789643577.0,0.9075557526427969,37.0,3.0,13.0,291247295,112006800,92228,27056,0.2934
1789643579.0,0.8718869355000215,36.0,2.0,13.0,291341796,112006800,94501,0,0.0
1789643581.0,0.89020412834194,36.0,4.0,13.0,291341796,112006800,0,0,
1789643583.0,0.9121618722016394,37.0,3.0,13.0,291401980,112006800,60184,0,0.0
1789643585.1,0.9414936987712246,38.0,4.0,13.0,291452218,112006800,50238,0,0.0
1789643587.1,0.967113450727395,39.0,3.0,13.0,291523454,112006816,71236,16,0.0002
1789643589.1,0.9707039352282318,39.0,2.0,13.0,291552806,112006816,29352,0,0.0
1789643591.1,0.9662265581415309,39.0,1.0,13.0,291622425,112006816,69619,0,0.0
1789643593.1,0.9864105168295021,40.0,0.0,13.0,291638391,112006816,15966,0,0.0
1789643595.1,0.9771482111948732,40.0,0.0,13.0,291682827,112006816,44436,0,0.0
1789643597.2,0.9496974551904673,38.0,0.0,13.0,291682827,112006816,0,0,
1789643599.2,0.9542177464345487,39.0,0.0,13.0,291746126,112006816,63299,0,0.0
1789643601.2,0.9623070651007768,39.0,0.0,13.0,291785750,112006816,39624,0,0.0
1789643603.2,0.9631725006079506,39.0,0.0,13.0,291835094,112006816,49344,0,0.0
1789643605.2,0.9961377258357532,40.0,1.0,13.0,291875584,112006816,40490,0,0.0
1789643607.2,0.9912383595348105,40.0,1.0,13.0,291914868,112006816,39284,0,0.0
1789643609.3,0.9678930579198077,39.0,1.0,13.0,291982058,112025184,67190,18368,0.2734
1789643611.3,0.9935199622355415,40.0,1.0,13.0,292020868,112025184,38810,0,0.0
1789643613.3,0.9595677113879869,39.0,1.0,13.0,292098112,112025184,77244,0,0.0
1789643615.3,0.9482812879969101,37.0,2.0,13.0,292098112,112025184,0,0,
1789643617.3,0.9481668502438955,37.0,2.0,13.0,292158832,112025184,60720,0,0.0
1789643619.4,0.9763829087215873,39.0,0.0,13.0,292206051,112025184,47219,0,0.0
1789643621.4,0.975424492540089,40.0,1.0,13.0,292288361,112025200,82310,16,0.0002
1789643623.4,0.9800020026606777,39.0,2.0,13.0,292288361,112025200,0,0,
1789643625.4,0.9558699414936987,39.0,1.0,13.0,292387246,112053472,98885,28272,0.2859
1789643627.4,0.9841074570500808,40.0,0.0,13.0,292428310,112053472,41064,0,0.0
1789643629.4,0.9850086543550718,40.0,2.0,13.0,292476355,112101376,48045,47904,0.9971
1789643631.5,0.9417297266368175,40.0,0.0,13.0,292523443,112101376,47088,0,0.0
1789643633.5,0.963930650721673,40.0,0.0,13.0,292696440,112185904,172997,84528,0.4886
1789643635.5,0.981232208505586,40.0,1.0,13.0,292696440,112185904,0,0,
1789643637.5,0.9742085914143076,40.0,0.0,13.0,292754050,112185904,57610,0,0.0
1789643639.5,0.9729068619737652,40.0,1.0,13.0,292794002,112185904,39952,0,0.0
1789643641.5,0.9986338993233868,41.0,1.0,13.0,292835638,112185904,41636,0,0.0
1789643643.6,0.9862317078404166,41.0,0.0,13.0,292897278,112188000,61640,2096,0.034
1789643645.6,0.9534953581186434,39.0,0.0,13.0,292969798,112199504,72520,11504,0.1586
1789643647.6,0.9717910938818717,39.0,1.0,13.0,292969798,112199504,0,0,
1789643649.6,0.9673208691547341,40.0,1.0,13.0,293067761,112199504,97963,0,0.0
1789643651.6,0.9911167694222324,40.0,2.0,13.0,293067761,112199504,0,0,
1789643653.6,0.9888351667215014,40.0,1.0,13.0,293110118,112199504,42357,0,0.0
1789643655.7,0.9926187649305506,40.0,1.0,13.0,293170323,112199504,60205,0,0.0
1789643657.7,0.9538458237372509,38.0,0.0,13.0,293256965,112266928,86642,67424,0.7782
1789643659.7,0.9287052798718297,37.0,2.0,13.0,293346541,112266928,89576,0,0.0
1789643661.7,0.9494042084483671,36.0,4.0,13.0,293346541,112266928,0,0,
1789643663.7,0.9285264708827442,36.0,3.0,13.0,293395832,112266928,49291,0,0.0
1789643665.7,0.9541676799176049,37.0,3.0,13.0,293428997,112266928,33165,0,0.0
1789643667.7,0.9848727595233667,39.0,1.0,13.0,293496600,112266928,67603,0,0.0
1789643669.8,0.9888566238001917,39.0,0.0,13.0,293592606,112300688,96006,33760,0.3516
1789643671.8,0.9638662794856023,39.0,1.0,13.0,293633156,112300688,40550,0,0.0
1789643673.8,0.9952293761711989,40.0,1.0,13.0,293670511,112300688,37355,0,0.0
1789643675.8,0.9908592844779492,39.0,1.0,13.0,293756519,112311296,86008,10608,0.1233
1789643677.8,0.9993634399988556,39.0,1.0,13.0,293756519,112311296,0,0,
1789643679.8,0.9814896934498691,38.0,2.0,13.0,293804581,112311296,48062,0,0.0
1789643681.9,0.9851731586250304,38.0,1.0,13.0,293875668,112311296,71087,0,0.0
1789643683.9,0.9989986696611212,38.0,1.0,13.0,293875668,112311296,0,0,
1789643685.9,0.9442259001244511,37.0,0.0,13.0,293916421,112311296,40753,0,0.0
1789643687.9,0.8831089876550274,35.0,0.0,13.0,294041293,112430752,124872,119456,0.9566
1789643689.9,0.898565236671578,36.0,5.0,13.0,294196263,112516912,154970,86160,0.556
1789643691.9,0.9205444376099675,37.0,5.0,13.0,294262167,112516912,65904,0,0.0
1789643694.0,0.9461784942852647,38.0,4.0,13.0,294305464,112516912,43297,0,0.0
1789643696.0,0.9791508718726307,40.0,2.0,13.0,294347605,112516912,42141,0,0.0
1789643698.0,0.969788433204114,41.0,1.0,13.0,294437198,112516912,89593,0,0.0
1789643700.0,0.9688586264608694,39.0,3.0,13.0,294437198,112516912,0,0,
1789643702.0,0.9475016808044974,38.0,3.0,13.0,294520333,112542880,83135,25968,0.3124
1789643704.0,0.9694594246641968,39.0,3.0,13.0,294562456,112542880,42123,0,0.0
1789643706.1,0.9180196546840803,37.0,2.0,13.0,294652561,112542880,90105,0,0.0
1789643708.1,0.932660534710401,37.0,2.0,13.0,294652561,112542880,0,0,
1789643710.1,0.9546325832892271,38.0,2.0,13.0,294731731,112542880,79170,0,0.0
1789643712.1,0.9729640808502725,38.0,2.0,13.0,294731731,112542880,0,0,
1789643714.1,0.9597179109388188,39.0,0.0,13.0,294843726,112542880,111995,0,0.0
1789643716.1,0.9444261661922269,38.0,1.0,13.0,294843726,112542880,0,0,
1789643718.2,0.9628864062254138,39.0,0.0,13.0,294884198,112542880,40472,0,0.0
1789643720.2,0.9303717796501065,38.0,1.0,13.0,294958892,112542880,74694,0,0.0
1789643722.2,0.9523724376671864,39.0,0.0,13.0,295031777,112542896,72885,16,0.0002
1789643724.2,0.959467578354099,38.0,0.0,13.0,295031777,112542896,0,0,
1789643726.2,0.9518932295764373,38.0,1.0,13.0,295118702,112542896,86925,0,0.0
1789643728.2,0.9702104224183559,38.0,1.0,13.0,295118702,112542896,0,0,
1789643730.3,0.9569499477877752,38.0,1.0,13.0,295178217,112542896,59515,0,0.0
1789643732.3,0.9825911568226358,39.0,0.0,13.0,295226642,112542896,48425,0,0.0
1789643734.3,0.9559128556510793,38.0,0.0,13.0,295226642,112542896,0,0,
1789643736.3,0.985216072782411,39.0,1.0,13.0,295293886,112542896,67244,0,0.0
1789643738.3,0.9561202740784185,38.0,0.0,13.0,295335859,112542896,41973,0,0.0
1789643740.3,0.9752742929892572,39.0,2.0,13.0,295397751,112542896,61892,0,0.0
1789643742.4,0.9851517015463401,39.0,2.0,13.0,295397751,112542896,0,0,
1789643744.4,0.9431959603473186,38.0,1.0,13.0,295441493,112542896,43742,0,0.0
1789643746.4,0.9703105554522437,40.0,1.0,13.0,295529105,112542896,87612,0,0.0
1789643748.4,0.9839429527801221,40.0,1.0,13.0,295529105,112542896,0,0,
1789643750.4,0.9697383666871701,38.0,2.0,13.0,295606476,112542896,77371,0,0.0
1789643752.5,0.9917247199851231,39.0,2.0,13.0,295650446,112542896,43970,0,0.0
1789643754.5,0.987004162673266,39.0,2.0,13.0,295691489,112542896,41043,0,0.0
1789643756.5,0.9724133491638892,38.0,1.0,13.0,295778157,112542896,86668,0,0.0
1789643758.5,0.9893429842505043,38.0,1.0,13.0,295778157,112542896,0,0,
1789643760.5,0.9798088889524654,38.0,2.0,13.0,295845919,112542896,67762,0,0.0
1789643762.5,0.9457350479923327,37.0,1.0,13.0,295898998,112542896,53079,0,0.0
1789643764.6,0.9750382651236643,38.0,0.0,13.0,295947596,112542896,48598,0,0.0
1789643766.6,0.9881342354842862,38.0,1.0,13.0,295947596,112542896,0,0,
1789643768.6,0.9891284134636017,38.0,0.0,13.0,295989560,112542896,41964,0,0.0
1789643770.6,0.9897435163860557,38.0,3.0,13.0,296060557,112542896,70997,0,0.0
1789643772.6,0.9860242894130774,38.0,2.0,13.0,296101219,112542896,40662,0,0.0
1789643774.6,0.9620138183586765,37.0,1.0,13.0,296183016,112542896,81797,0,0.0
1789643776.7,0.9803095541219048,37.0,4.0,13.0,296183016,112542896,0,0,
1789643778.7,0.985831175704865,38.0,3.0,13.0,296267562,112566704,84546,23808,0.2816
1789643780.7,0.9711759909594175,39.0,1.0,13.0,296356641,112566704,89079,0,0.0
1789643782.7,0.98954325031828,39.0,1.0,13.0,296356641,112566704,0,0,
1789643784.7,0.9930765159426095,39.0,0.0,13.0,296405355,112566704,48714,0,0.0
1789643786.7,0.9471941293432703,37.0,1.0,13.0,296474087,112566704,68732,0,0.0
1789643788.8,0.9728067289398773,38.0,0.0,13.0,296517705,112566704,43618,0,0.0
1789643790.8,0.9755389302931037,38.0,2.0,13.0,296580268,112611920,62563,45216,0.7227
1789643792.8,0.958888237229462,37.0,1.0,13.0,296626654,112611920,46386,0,0.0
1789643794.8,0.9698528044401848,39.0,1.0,13.0,296757257,112656864,130603,44944,0.3441
1789643796.8,0.978321198163274,39.0,0.0,13.0,296820076,112656864,62819,0,0.0
1789643798.8,0.9617134192570129,38.0,0.0,13.0,296820076,112656864,0,0,
1789643800.9,0.949232551818845,38.0,2.0,13.0,296909121,112656864,89045,0,0.0
1789643802.9,0.955312057447752,37.0,2.0,13.0,296909121,112656864,0,0,
1789643804.9,0.9149226829931194,36.0,3.0,13.0,296952276,112656864,43155,0,0.0
1789643806.9,0.924349492897707,36.0,3.0,13.0,297036668,112656864,84392,0,0.0
1789643808.9,0.9426666857396255,36.0,3.0,13.0,297036668,112656864,0,0,
1789643810.9,0.9683007424149227,38.0,2.0,13.0,297122882,112656864,86214,0,0.0
1789643813.0,0.9662837770180382,38.0,1.0,13.0,297191847,112656864,68965,0,0.0
1789643815.0,0.9671849743230292,38.0,1.0,13.0,297238835,112656864,46988,0,0.0
1789643817.0,0.9796014705251262,37.0,2.0,13.0,297238835,112656864,0,0,
1789643819.0,0.9588310183529546,36.0,3.0,13.0,297301331,112656864,62496,0,0.0
1789643821.0,0.9865893258185876,38.0,2.0,13.0,297381537,112680656,80206,23792,0.2966
1789643823.0,0.9389045446092666,37.0,1.0,13.0,297446243,112680656,64706,0,0.0
1789643825.1,0.9398772655098917,37.0,1.0,13.0,297514775,112680656,68532,0,0.0
1789643827.1,0.9692019397199136,37.0,4.0,13.0,297514775,112680656,0,0,
1789643829.1,0.9646530390375785,38.0,2.0,13.0,297628917,112716384,114142,35728,0.313
1789643831.1,0.9877694651465518,39.0,2.0,13.0,297640153,112716384,11236,0,0.0
1789643833.1,0.947852146423105,38.0,2.0,13.0,297711794,112716384,71641,0,0.0
1789643835.1,0.9698027379232409,38.0,3.0,13.0,297711794,112716384,0,0,
1789643837.2,0.9594747307136624,37.0,2.0,13.0,297790673,112716384,78879,0,0.0
1789643839.2,0.9473872430514827,37.0,1.0,13.0,297807008,112716384,16335,0,0.0
1789643841.2,0.9766833078232509,38.0,3.0,13.0,297876334,112716384,69326,0,0.0
1789643843.2,0.9637375370134608,38.0,2.0,13.0,297938627,112750032,62293,33648,0.5402
1789643845.2,0.9929906876278485,39.0,1.0,13.0,297983328,112750032,44701,0,0.0
1789643847.2,0.9635015091478679,38.0,1.0,13.0,298017788,112750032,34460,0,0.0
1789643849.3,0.9565708727309139,38.0,1.0,13.0,298108245,112750032,90457,0,0.0
1789643851.3,0.9748666084941422,38.0,2.0,13.0,298108245,112750032,0,0,
1789643853.3,0.886985566538401,36.0,2.0,13.0,298171076,112750032,62831,0,0.0
1789643855.3,0.912598166135008,37.0,2.0,13.0,298211038,112750032,39962,0,0.0
1789643857.3,0.9779492754659762,40.0,0.0,13.0,298351141,112837936,140103,87904,0.6274
1789643859.4,0.9150871872630781,38.0,0.0,13.0,298448481,112935248,97340,97312,0.9997
1789643861.4,0.9408571387700803,39.0,0.0,13.0,298535862,112935248,87381,0,0.0
1789643863.4,0.9565637203713505,39.0,0.0,13.0,298625292,113019872,89430,84624,0.9463
1789643865.4,0.921130931094168,38.0,0.0,13.0,298669421,113057392,44129,37520,0.8502
1789643867.4,0.8792467134907807,36.0,0.0,13.0,298669421,113057392,0,0,
1789643869.4,0.8803410245039839,36.0,0.0,13.0,298761968,113149392,92547,92000,0.9941
1789643871.5,0.8898250532850788,36.0,2.0,13.0,298835315,113164960,73347,15568,0.2123
1789643873.5,0.9378817571916975,38.0,1.0,13.0,298948417,113215120,113102,50160,0.4435
1789643875.5,0.8851617148497289,36.0,0.0,13.0,298992276,113258832,43859,43712,0.9966
1789643877.5,0.9223110704221322,38.0,0.0,13.0,299192034,113457088,199758,198256,0.9925
1789643879.5,0.9040868582545382,37.0,0.0,13.0,299192034,113457088,0,0,
1789643881.6,0.8192241120345602,33.0,0.0,13.0,299287970,113550752,95936,93664,0.9763
1789643883.6,0.9087931108472685,38.0,0.0,13.0,299607790,113864128,319820,313376,0.9799
1789643885.6,0.9266382479580013,39.0,1.0,13.0,299695197,113870176,87407,6048,0.0692
1789643887.6,0.9449625931594833,39.0,1.0,13.0,299695197,113870176,0,0,
1789643889.6,0.9749738938875935,40.0,0.0,13.0,299818952,113985680,123755,115504,0.9333
1789643891.6,0.9565351109330968,39.0,0.0,13.0,299899836,114059232,80884,73552,0.9094
1789643893.7,0.9813394938990373,40.0,0.0,13.0,300047411,114202608,147575,143376,0.9715
1789643895.7,0.8893887593517101,36.0,0.0,13.0,300112986,114267760,65575,65152,0.9935
1789643897.7,0.8693120860571902,35.0,0.0,13.0,300234117,114388752,121131,120992,0.9989
1789643899.7,0.8859484744017051,36.0,0.0,13.0,300269461,114423888,35344,35136,0.9941
1789643901.7,0.9221966326691176,37.0,0.0,13.0,300434854,114546560,165393,122672,0.7417
1789643903.8,0.9008039252149284,36.0,0.0,13.0,300434854,114546560,0,0,
1789643905.8,0.899809747235613,36.0,1.0,13.0,300541103,114546560,106249,0,0.0
1789643907.8,0.9181627018753487,36.0,1.0,13.0,300541103,114546560,0,0,
1789643909.8,0.9291201167265081,36.0,1.0,13.0,300541103,114546560,0,0,
1789643911.8,0.9763042327663897,38.0,0.0,13.0,300671775,114590688,130672,44128,0.3377
1789643913.8,0.9831347361494557,38.0,0.0,13.0,300716850,114635216,45075,44528,0.9879
1789643915.9,0.9815469123263765,39.0,0.0,13.0,300766130,114635216,49280,0,0.0
1789643917.9,0.9664268242093067,38.0,0.0,13.0,300766130,114635216,0,0,
1789643919.9,0.9843720943539274,39.0,0.0,13.0,300852943,114719104,86813,83888,0.9663
1789643921.9,0.9894788790822092,39.0,0.0,13.0,301014673,114849920,161730,130816,0.8089
1789643923.9,0.9531520448595991,37.0,0.0,13.0,301014673,114849920,0,0,
1789643925.9,0.9363869140429427,37.0,0.0,13.0,301212324,115028800,197651,178880,0.905
1789643928.0,0.9285336232423076,36.0,0.0,13.0,301298183,115072016,85859,43216,0.5033
1789643930.0,0.9369376457293261,37.0,0.0,13.0,301594285,115312624,296102,240608,0.8126
1789643932.0,0.9526013131732158,37.0,0.0,13.0,301594285,115312624,0,0,
1789643934.0,0.97551032085485,38.0,0.0,13.0,301717094,115433040,122809,120416,0.9805
1789643936.0,0.8977570200409115,35.0,0.0,13.0,301807889,115523744,90795,90704,0.999
1789643938.1,0.9343842533651852,35.0,0.0,13.0,301935759,115593904,127870,70160,0.5487
1789643940.1,0.8872144420444305,33.0,0.0,13.0,302033002,115639152,97243,45248,0.4653
1789643942.1,0.9040010299397772,34.0,0.0,13.0,302177396,115778912,144394,139760,0.9679
1789643944.1,0.9597036062196919,36.0,0.0,13.0,302391372,115976720,213976,197808,0.9244
1789643946.1,0.9813824080564179,37.0,0.0,13.0,302438071,116023024,46699,46304,0.9915
1789643948.2,0.982219234125338,37.0,0.0,13.0,302438071,116023024,0,0,
1789643950.2,0.9897578211051826,38.0,0.0,13.0,302522814,116092384,84743,69360,0.8185
1789643952.2,0.9905731900954124,38.0,0.0,13.0,302522814,116092384,0,0,
1789643954.2,0.950133749123836,37.0,0.0,13.0,302764832,116328128,242018,235744,0.9741
1789643956.2,0.8667086271761054,34.0,0.0,13.0,302764832,116328128,0,0,
1789643958.3,0.9495687127183258,36.0,0.0,13.0,303001165,116558592,236333,230464,0.9752
1789643960.3,0.91854177693221,37.0,1.0,13.0,303171557,116673008,170392,114416,0.6715
1789643962.3,0.9478306893444147,38.0,0.0,13.0,303222815,116673008,51258,0,0.0
1789643964.3,0.9913957114452058,39.0,0.0,13.0,303354605,116768432,131790,95424,0.7241
1789643966.3,0.976225556811192,39.0,1.0,13.0,303441037,116792224,86432,23792,0.2753
1789643968.3,0.9940635415623614,39.0,0.0,13.0,303513142,116831584,72105,39360,0.5459
1789643970.4,0.9825053285078748,39.0,0.0,13.0,303561042,116831584,47900,0,0.0
1789643972.4,0.987483370764015,39.0,0.0,13.0,303612775,116846800,51733,15216,0.2941
1789643974.4,0.9887350336876135,39.0,0.0,13.0,303665489,116861920,52714,15120,0.2868
1789643976.4,0.9715693707354056,39.0,0.0,13.0,303716809,116873504,51320,11584,0.2257
1789643978.4,0.9337047792066603,37.0,0.0,13.0,303716809,116873504,0,0,
1789643980.4,0.9484243351881786,38.0,1.0,13.0,303825021,116913968,108212,40464,0.3739
1789643982.5,0.9740440871443489,39.0,1.0,13.0,303871014,116913968,45993,0,0.0
1789643984.5,0.9846867981747178,39.0,0.0,13.0,303910069,116941136,39055,27168,0.6956
1789643986.5,0.9841575235670248,39.0,0.0,13.0,303952954,116970704,42885,29568,0.6895
1789643988.5,0.9058749481453932,36.0,0.0,13.0,303996576,117012208,43622,41504,0.9514
1789643990.5,0.8843248887808088,36.0,2.0,13.0,304086681,117012208,90105,0,0.0
1789643992.6,0.8847611827141774,35.0,2.0,13.0,304086681,117012208,0,0,
1789643994.6,0.9030855279156593,36.0,3.0,13.0,304159275,117012208,72594,0,0.0
1789643996.6,0.9040725535354113,36.0,3.0,13.0,304216343,117012208,57068,0,0.0
1789643998.6,0.9577009455419343,37.0,3.0,13.0,304291099,117074832,74756,62624,0.8377
1789644000.6,0.9565851774500408,37.0,1.0,13.0,304390449,117110784,99350,35952,0.3619
1789644002.6,0.972341825568255,37.0,1.0,13.0,304390449,117110784,0,0,
1789644004.7,0.9487533437280959,35.0,1.0,13.0,304390449,117110784,0,0,
1789644006.7,0.9437180825954482,35.0,2.0,13.0,304470865,117110784,80416,0,0.0
1789644008.7,0.9657044358934013,36.0,1.0,13.0,304527527,117110784,56662,0,0.0
1789644010.7,0.9709256583746978,37.0,1.0,13.0,304612318,117134576,84791,23792,0.2806
1789644012.7,0.9744946857968444,37.0,0.0,13.0,304664054,117134576,51736,0,0.0
1789644014.7,0.9871042957071537,37.0,0.0,13.0,304664054,117134576,0,0,
1789644016.8,0.992761812121819,38.0,0.0,13.0,304753752,117134576,89698,0,0.0
1789644018.8,0.9830131460368776,37.0,0.0,14.0,304753752,117134576,0,0,
1789644020.8,0.9792796143447723,38.0,0.0,14.0,304852459,117171504,98707,36928,0.3741
1789644022.8,0.9332470281946014,36.0,0.0,14.0,304852459,117171504,0,0,
1789644024.8,0.8513310541147525,33.0,0.0,14.0,304897487,117213952,45028,42448,0.9427
1789644026.8,0.8578253965983378,33.0,4.0,14.0,304975185,117213952,77698,0,0.0
1789644028.9,0.8762355701145808,35.0,2.0,14.0,305117927,117286656,142742,72704,0.5093
1789644030.9,0.8982147710529704,36.0,3.0,14.0,305180298,117286656,62371,0,0.0
1789644032.9,0.9258657931251519,37.0,1.0,14.0,305295245,117335376,114947,48720,0.4238
1789644034.9,0.9512852790135465,37.0,1.0,14.0,305346760,117335376,51515,0,0.0
1789644036.9,0.9806099532235685,38.0,0.0,14.0,305386846,117335376,40086,0,0.0
1789644038.9,0.9924685653797187,38.0,0.0,14.0,305386846,117335376,0,0,
1789644041.0,0.9793010714234626,38.0,0.0,14.0,305433167,117350928,46321,15552,0.3357
1789644043.0,0.9273677886334701,36.0,0.0,14.0,305433167,117350928,0,0,
1789644045.0,0.9024060537571345,36.0,0.0,14.0,305615382,117448976,182215,98048,0.5381
1789644047.1,0.9280401104324316,36.0,2.0,14.0,305615382,117448976,0,0,
1789644049.1,0.9604188421760339,37.0,1.0,14.0,305688418,117480448,73036,31472,0.4309
1789644051.1,0.9859313087387529,38.0,0.0,14.0,305732968,117483744,44550,3296,0.074
1789644053.1,0.9332184187563477,36.0,0.0,14.0,305732968,117483744,0,0,
1789644055.1,0.8885590856423534,35.0,0.0,14.0,305906442,117648320,173474,164576,0.9487
1789644057.1,0.919071051539903,36.0,0.0,14.0,305979412,117667424,72970,19104,0.2618
1789644059.2,0.9577224026206246,37.0,0.0,14.0,306078285,117707696,98873,40272,0.4073
1789644061.2,0.9870756862689001,38.0,0.0,14.0,306125083,117754416,46798,46720,0.9983
1789644063.2,0.9516715064299712,37.0,0.0,14.0,306125083,117754416,0,0,
1789644065.2,0.8562018109774414,33.0,0.0,14.0,306188904,117807728,63821,53312,0.8353
1789644067.2,0.8865921867624129,34.0,3.0,14.0,306270946,117807728,82042,0,0.0
1789644069.3,0.9085356259029854,35.0,2.0,14.0,306322920,117807728,51974,0,0.0
1789644071.3,0.9245855207632998,35.0,2.0,14.0,306399722,117807728,76802,0,0.0
1789644073.3,0.9874261518875077,37.0,0.0,14.0,306532609,117934320,132887,126592,0.9526
1789644075.3,0.9203370191826283,35.0,0.0,14.0,306532609,117934320,0,0,
1789644077.4,0.9289270030182958,35.0,0.0,14.0,306601865,118000864,69256,66544,0.9608
1789644079.4,0.9095584133205544,34.0,0.0,14.0,306601865,118000864,0,0,
1789644081.4,0.9033716222981962,35.0,1.0,14.0,306752835,118071936,150970,71072,0.4708
1789644083.4,0.9572217374511851,36.0,0.0,14.0,306946903,118258208,194068,186272,0.9598
1789644085.4,0.9839787145779393,37.0,0.0,14.0,307045960,118348976,99057,90768,0.9163
1789644087.4,0.8373267340895761,32.0,0.0,14.0,307192558,118494192,146598,145216,0.9906
1789644089.5,0.8947887908220922,34.0,0.0,14.0,307319304,118620432,126746,126240,0.996
1789644091.5,0.7864090863575894,31.0,4.0,14.0,307438552,118684544,119248,64112,0.5376
1789644093.5,0.8269415080034903,34.0,2.0,14.0,307571440,118709664,132888,25120,0.189
1789644095.5,0.7918091178279715,32.0,2.0,14.0,307571440,118709664,0,0,
1789644097.5,0.8349521507145208,35.0,3.0,14.0,307887095,118835264,315655,125600,0.3979
1789644099.6,0.8567310855851346,34.0,4.0,14.0,307887095,118835264,0,0,
1789644101.6,0.8713934226901454,34.0,5.0,14.0,307887095,118835264,0,0,
1789644103.6,0.8823579899008683,34.0,5.0,14.0,307887095,118835264,0,0,
1789644105.6,0.8933583189094082,34.0,5.0,14.0,307887095,118835264,0,0,
1789644107.6,0.9687584934269815,38.0,1.0,14.0,308098732,118978560,211637,143296,0.6771
1789644109.6,0.9584018767791495,37.0,0.0,14.0,308099069,118978560,337,0,0.0
1789644111.7,0.9869111819989415,38.0,0.0,14.0,308216026,119032048,116957,53488,0.4573
1789644113.7,0.9635015091478679,37.0,0.0,14.0,308216026,119032048,0,0,
1789644115.7,0.9866107828972778,38.0,0.0,14.0,308366441,119149504,150415,117456,0.7809
1789644117.7,0.9548042399187492,37.0,0.0,14.0,308366441,119149504,0,0,
1789644119.8,0.9344271675225657,36.0,0.0,14.0,308496376,119279344,129935,129840,0.9993
1789644121.8,0.9520434291272691,37.0,0.0,14.0,308627279,119326336,130903,46992,0.359
1789644123.8,0.9675139828629464,37.0,0.0,14.0,308627279,119326336,0,0,
1789644125.8,0.9171256097386528,35.0,1.0,14.0,308680789,119326336,53510,0,0.0
1789644127.8,0.9372308924714263,36.0,0.0,14.0,308930630,119531072,249841,204736,0.8195
1789644129.8,0.9491610282232108,36.0,0.0,14.0,308930630,119531072,0,0,
1789644131.9,0.9741585248973637,37.0,0.0,14.0,308985972,119533760,55342,2688,0.0486
1789644133.9,0.8936658703706353,34.0,0.0,14.0,309038663,119586368,52691,52608,0.9984
1789644135.9,0.8626675440227731,34.0,2.0,14.0,309243272,119713712,204609,127344,0.6224
1789644137.9,0.8809990415838185,34.0,3.0,14.0,309243272,119713712,0,0,
1789644139.9,0.8852904573218705,34.0,3.0,14.0,309303477,119713712,60205,0,0.0
1789644142.0,0.949318380133606,37.0,1.0,14.0,309452010,119791392,148533,77680,0.523
1789644144.0,0.9417797931537615,37.0,1.0,14.0,309536042,119791408,84032,16,0.0002
1789644146.0,0.9900939820046634,37.0,2.0,14.0,309621142,119873472,85100,82064,0.9643
1789644148.0,0.9819045303045475,37.0,1.0,14.0,309653469,119873472,32327,0,0.0
1789644150.0,0.9568426623943239,37.0,0.0,14.0,309701103,119873472,47634,0,0.0
1789644152.0,0.9861315748065287,38.0,1.0,14.0,309752984,119873472,51881,0,0.0
1789644154.1,0.9854020341310599,38.0,0.0,14.0,309800798,119873472,47814,0,0.0
1789644156.1,0.9474230048492998,37.0,0.0,14.0,309926066,119944480,125268,71008,0.5668
1789644158.1,0.9905088188593417,38.0,0.0,14.0,310010734,119991824,84668,47344,0.5592
1789644160.1,0.9173330281659919,36.0,0.0,14.0,310063609,119991824,52875,0,0.0
1789644162.1,0.9730499091650335,37.0,0.0,14.0,310207492,120075456,143883,83632,0.5813
1789644164.1,0.9840573905331369,37.0,1.0,14.0,310207492,120075456,0,0,
1789644166.2,0.9945427496531105,37.0,1.0,14.0,310207492,120075456,0,0,
1789644168.2,0.9939991703262906,37.0,0.0,14.0,310267932,120087136,60440,11680,0.1932
1789644170.2,0.9906733231293003,37.0,0.0,14.0,310322296,120092048,54364,4912,0.0904
1789644172.2,0.9634800520691776,35.0,0.0,14.0,310393180,120160992,70884,68944,0.9726
1789644174.2,0.9105597436594333,34.0,1.0,14.0,310440395,120160992,47215,0,0.0
1789644176.3,0.9474301572088633,35.0,3.0,14.0,310513571,120194192,73176,33200,0.4537
1789644178.3,0.9654827127469352,36.0,1.0,14.0,310637397,120297376,123826,103184,0.8333
1789644180.3,0.9581157823966127,35.0,0.0,14.0,310691786,120297376,54389,0,0.0
1789644182.3,0.9315876807758879,35.0,2.0,14.0,310804512,120297376,112726,0,0.0
1789644184.3,0.9533380062082482,37.0,0.0,14.0,310805295,120297376,783,0,0.0
1789644186.3,0.96478178150972,36.0,2.0,14.0,310964030,120367456,158735,70080,0.4415
1789644188.4,0.9659833779163746,36.0,2.0,14.0,311035453,120367456,71423,0,0.0
1789644190.4,0.9916675011086157,36.0,2.0,14.0,311035453,120367456,0,0,
1789644192.4,0.9917962435807572,36.0,1.0,14.0,311096960,120367456,61507,0,0.0
1789644194.4,0.9979830346031155,36.0,1.0,14.0,311096960,120367456,0,0,
1789644196.4,0.9468079019268456,34.0,1.0,14.0,311096960,120367456,0,0,
1789644198.5,0.9301357517845137,33.0,0.0,14.0,311248950,120367456,151990,0,0.0
1789644200.5,0.9447337176534538,33.0,0.0,14.0,311248950,120367456,0,0,
1789644202.5,0.9557483513811207,33.0,2.0,14.0,311248950,120367456,0,0,
1789644204.5,0.963093824652753,33.0,2.0,14.0,311248950,120367456,0,0,
1789644206.5,0.9569714048664655,33.0,2.0,14.0,311295035,120367456,46085,0,0.0
1789644208.5,0.961663352740069,34.0,0.0,14.0,311378607,120367456,83572,0,0.0
1789644210.6,0.9703677743287511,34.0,0.0,14.0,311433954,120367456,55347,0,0.0
1789644212.6,0.9880555595290886,34.0,0.0,14.0,311433954,120367456,0,0,
1789644214.6,0.9564063684609553,33.0,0.0,14.0,311433954,120367456,0,0,
1789644216.6,0.9787217302988256,34.0,1.0,14.0,311488868,120367456,54914,0,0.0
1789644218.6,0.9956012988684967,34.0,0.0,14.0,311522730,120367456,33862,0,0.0
1789644220.7,0.8893744546325832,32.0,1.0,14.0,311596729,120367456,73999,0,0.0
1789644222.7,0.9113536555709729,32.0,4.0,14.0,311596729,120367456,0,0,
1789644224.7,0.9406425679831777,34.0,2.0,14.0,311660077,120367456,63348,0,0.0
1789644226.7,0.9662837770180382,35.0,1.0,14.0,311715064,120367456,54987,0,0.0
1789644228.7,0.9749953509662838,35.0,0.0,14.0,311763539,120367456,48475,0,0.0
1789644230.7,0.9679574291558786,35.0,1.0,14.0,311800950,120401392,37411,33936,0.9071
1789644232.8,0.9425808574248644,34.0,0.0,14.0,311873643,120401392,72693,0,0.0
1789644234.8,0.9498333500221723,34.0,0.0,14.0,311873643,120401392,0,0,
1789644236.8,0.9625430929663696,36.0,0.0,14.0,311995223,120506224,121580,104832,0.8622
1789644238.8,0.9879125123378203,35.0,1.0,14.0,312053224,120506240,58001,16,0.0003
1789644240.8,0.9852375298611011,35.0,1.0,14.0,312099396,120506240,46172,0,0.0
1789644242.8,0.9860457464917677,35.0,1.0,14.0,312099396,120506240,0,0,
1789644244.9,0.9868253536841805,35.0,1.0,14.0,312099396,120506240,0,0,
1789644246.9,0.9321098030240176,33.0,0.0,14.0,312139169,120506240,39773,0,0.0
1789644248.9,0.9257370506530105,33.0,0.0,14.0,312251800,120617104,112631,110864,0.9843
1789644250.9,0.8823007710243609,32.0,1.0,14.0,312382057,120691472,130257,74368,0.5709
1789644252.9,0.9394981904530304,34.0,0.0,14.0,312480557,120773760,98500,82288,0.8354
1789644255.0,0.8797116168624028,31.0,0.0,14.0,312571836,120828976,91279,55216,0.6049
1789644257.0,0.9055101778076587,33.0,2.0,14.0,312683390,120828976,111554,0,0.0
1789644259.0,0.9449697455190468,34.0,2.0,14.0,312728481,120860000,45091,31024,0.688
1789644261.0,0.9743230291673223,35.0,1.0,14.0,312784343,120860000,55862,0,0.0
1789644263.0,0.9971962750511394,36.0,0.0,14.0,312833216,120860000,48873,0,0.0
1789644265.1,0.9778562947916518,35.0,0.0,14.0,312833216,120860000,0,0,
1789644267.1,0.9801235927732559,35.0,0.0,14.0,312892614,120915920,59398,55920,0.9414
1789644269.1,0.8264837569914315,30.0,0.0,14.0,312892614,120915920,0,0,
1789644271.1,0.8644985480710086,32.0,2.0,14.0,313104770,121046656,212156,130736,0.6162
1789644273.1,0.886456291930708,32.0,3.0,14.0,313104770,121046656,0,0,
1789644275.2,0.8068290729111534,31.0,2.0,14.0,313180262,121046656,75492,0,0.0
1789644277.2,0.8324345201481969,33.0,4.0,14.0,313286674,121046656,106412,0,0.0
1789644279.2,0.8346875134106742,32.0,4.0,14.0,313286674,121046656,0,0,
1789644281.2,0.8393293947673337,32.0,7.0,14.0,313371546,121046672,84872,16,0.0002
1789644283.2,0.8576108258114352,33.0,6.0,14.0,313450395,121046672,78849,0,0.0
1789644285.2,0.8832877966441128,33.0,6.0,14.0,313450395,121046672,0,0,
1789644287.3,0.9052312357846853,34.0,5.0,14.0,313492922,121046672,42527,0,0.0
1789644289.3,0.9590169797016036,38.0,1.0,14.0,313700514,121116928,207592,70256,0.3384
1789644291.3,0.9846009698599568,38.0,1.0,14.0,313700514,121116928,0,0,
1789644293.3,0.9707540017451757,38.0,0.0,14.0,313747530,121116928,47016,0,0.0
1789644295.3,0.9884847011028939,38.0,0.0,14.0,313747530,121116928,0,0,
1789644297.3,0.9925758507731701,38.0,0.0,14.0,313801600,121116928,54070,0,0.0
1789644299.4,0.9817400260345888,37.0,1.0,14.0,313888121,121201888,86521,84960,0.982
1789644301.4,0.9919321384124623,37.0,2.0,14.0,313947267,121201888,59146,0,0.0
1789644303.4,0.9629865392593017,37.0,0.0,14.0,313990392,121201888,43125,0,0.0
1789644305.4,0.9291916403221423,36.0,0.0,14.0,314047299,121229744,56907,27856,0.4895
1789644307.4,0.9548972205930737,37.0,2.0,14.0,314108830,121229744,61531,0,0.0
1789644309.5,0.9813895604159812,38.0,1.0,14.0,314163232,121229744,54402,0,0.0
1789644311.5,0.976854964452773,37.0,2.0,14.0,314163232,121229744,0,0,
1789644313.6,0.9873117141344929,37.0,2.0,14.0,314256545,121269168,93313,39424,0.4225
1789644315.6,0.9787145779392622,38.0,1.0,14.0,314354237,121294352,97692,25184,0.2578
1789644317.6,0.9989700602228675,38.0,1.0,14.0,314354237,121294352,0,0,
1789644319.6,0.9755460826526671,37.0,1.0,14.0,314354237,121294352,0,0,
1789644321.6,0.9581873059922469,37.0,1.0,14.0,314422378,121294352,68141,0,0.0
1789644323.7,0.8699915602157151,34.0,0.0,14.0,314422770,121294352,392,0,0.0
1789644325.7,0.8931866622798861,34.0,0.0,14.0,314474383,121294352,51613,0,0.0
1789644327.7,0.9579655828457808,37.0,2.0,14.0,314665585,121373552,191202,79200,0.4142
1789644329.7,0.9526942938475403,36.0,2.0,14.0,314665585,121373552,0,0,
1789644331.7,0.9856738237944698,38.0,2.0,14.0,314755695,121373552,90110,0,0.0
1789644333.8,0.9851946157037207,38.0,1.0,14.0,314813579,121373568,57884,16,0.0003
1789644335.8,0.9350494228045833,36.0,0.0,14.0,314873335,121428000,59756,54432,0.9109
1789644337.8,0.8803910910209278,34.0,0.0,14.0,314915288,121465712,41953,37712,0.8989
1789644339.8,0.8297452329523509,32.0,0.0,14.0,314967160,121517440,51872,51728,0.9972
1789644341.8,0.859155735477134,33.0,5.0,14.0,315044234,121549632,77074,32192,0.4177
1789644343.8,0.881585535068019,36.0,0.0,14.0,315270286,121662720,226052,113088,0.5003
1789644345.9,0.9071981346646258,36.0,0.0,14.0,315270286,121662720,0,0,
1789644347.9,0.9035289742085915,36.0,1.0,14.0,315318565,121662720,48279,0,0.0
1789644349.9,0.9328393436994864,37.0,0.0,14.0,315405806,121662720,87241,0,0.0
1789644351.9,0.9730141473672165,39.0,0.0,14.0,315463373,121719840,57567,57120,0.9922
1789644353.9,0.9670919936487047,38.0,0.0,14.0,315522021,121719840,58648,0,0.0
1789644356.0,0.9755675397313573,38.0,0.0,14.0,315522021,121719840,0,0,
1789644358.0,0.9828700988456092,38.0,0.0,14.0,315540903,121719840,18882,0,0.0
1789644360.0,0.9447623270917076,37.0,0.0,14.0,315540903,121719840,0,0,
1789644362.0,0.9413434992203928,37.0,1.0,14.0,315592838,121719840,51935,0,0.0
1789644364.0,0.9714620853419543,38.0,0.0,14.0,315698077,121819488,105239,99648,0.9469
1789644366.0,0.9456706767562619,38.0,0.0,14.0,315786413,121838512,88336,19024,0.2154
1789644368.1,0.9453273634972177,37.0,1.0,14.0,315786413,121838512,0,0,
1789644370.1,0.9403850830388946,37.0,0.0,14.0,315848170,121838512,61757,0,0.0
1789644372.1,0.9401991216902457,37.0,0.0,14.0,315898187,121887808,50017,49296,0.9856
1789644374.1,0.9658045689272892,38.0,0.0,14.0,315994704,121939840,96517,52032,0.5391
1789644376.1,0.9718554651179424,38.0,1.0,14.0,315994704,121939840,0,0,
1789644378.2,0.9851087873889596,38.0,1.0,14.0,316068149,121939840,73445,0,0.0
1789644380.2,0.9707897635429928,38.0,0.0,14.0,316095083,121947936,26934,8096,0.3006
1789644382.2,0.9079133706209679,35.0,0.0,14.0,316095083,121947936,0,0,
1789644384.2,0.9177836268184875,35.0,0.0,14.0,316205996,122047984,110913,100048,0.902
1789644386.2,0.939812894273821,36.0,0.0,14.0,316403597,122206848,197601,158864,0.804
1789644388.2,0.9556482183472328,36.0,0.0,14.0,316449780,122216416,46183,9568,0.2072
1789644390.3,0.9198005922153718,35.0,0.0,14.0,316500072,122263552,50292,47136,0.9372
1789644392.3,0.9226901454789935,35.0,1.0,14.0,316563692,122270592,63620,7040,0.1107
1789644394.3,0.948345659232981,36.0,0.0,14.0,316619663,122270592,55971,0,0.0
1789644396.3,0.9431244367516843,36.0,0.0,14.0,316669830,122318512,50167,47920,0.9552
1789644398.3,0.8161414450627262,31.0,0.0,14.0,316669830,122318512,0,0,
1789644400.4,0.8720872015677972,33.0,0.0,14.0,316961394,122602624,291564,284112,0.9744
1789644402.4,0.9254581086300371,36.0,0.0,14.0,317116806,122672400,155412,69776,0.449
1789644404.4,0.9628077302702162,37.0,0.0,14.0,317200105,122751936,83299,79536,0.9548
1789644406.4,0.8947101148668946,34.0,2.0,14.0,317336517,122827632,136412,75696,0.5549
1789644408.4,0.977348477262649,37.0,0.0,14.0,317519134,122997792,182617,170160,0.9318
1789644410.4,0.95541219048164,37.0,0.0,14.0,317572668,123031536,53534,33744,0.6303
1789644412.5,0.9458566381049108,37.0,0.0,14.0,317614844,123060544,42176,29008,0.6878
1789644414.5,0.8929863962121104,35.0,0.0,14.0,317750249,123195024,135405,134480,0.9932
1789644416.5,0.9103594775916575,36.0,0.0,14.0,317934932,123255664,184683,60640,0.3283
1789644418.5,0.8826655413620954,33.0,2.0,14.0,317934932,123255664,0,0,
1789644420.5,0.8936730227301987,33.0,3.0,14.0,317934932,123255664,0,0,
1789644422.5,0.9192641652481154,34.0,3.0,14.0,317996890,123312096,61958,56432,0.9108
1789644424.6,0.9650178093753129,36.0,0.0,14.0,318127843,123441008,130953,128912,0.9844
1789644426.6,0.96697755589569,37.0,0.0,14.0,318225821,123513408,97978,72400,0.7389
1789644428.6,0.9677214012902857,37.0,0.0,14.0,318281410,123568960,55589,55552,0.9993
1789644430.6,0.865085041555209,34.0,0.0,14.0,318400742,123686592,119332,117632,0.9858
1789644432.7,0.9138712861372967,36.0,2.0,14.0,318528847,123737440,128105,50848,0.3969
1789644434.7,0.939541104610411,37.0,1.0,14.0,318604800,123737440,75953,0,0.0
1789644436.7,0.9400346174202869,37.0,0.0,14.0,318628440,123757920,23640,20480,0.8663
1789644438.7,0.928862631782225,36.0,0.0,14.0,318729296,123797744,100856,39824,0.3949
1789644440.7,0.9891498705422919,38.0,0.0,14.0,318843683,123904496,114387,106752,0.9333
1789644442.8,0.9656615217360207,37.0,0.0,14.0,318949892,124006320,106209,101824,0.9587
1789644444.8,0.9399416367459625,36.0,0.0,14.0,319063812,124119200,113920,112880,0.9909
1789644446.8,0.8885590856423534,34.0,1.0,14.0,319166950,124171728,103138,52528,0.5093
1789644448.8,0.9338263693192385,35.0,0.0,14.0,319250271,124251696,83321,79968,0.9598
1789644450.8,0.926888580542721,35.0,0.0,14.0,319316132,124265232,65861,13536,0.2055
1789644452.9,0.9562418641909967,37.0,0.0,14.0,319393256,124265232,77124,0,0.0
1789644454.9,0.9674782210651294,37.0,0.0,14.0,319543581,124414048,150325,148816,0.99
1789644456.9,0.9590885032972377,37.0,0.0,14.0,319602563,124414480,58982,432,0.0073
1789644458.9,0.967506830503383,37.0,0.0,14.0,319602563,124414480,0,0,
1789644460.9,0.9981976053900181,38.0,0.0,14.0,319775049,124580896,172486,166416,0.9648
1789644462.9,0.9692806156751113,37.0,0.0,14.0,319775049,124580896,0,0,
1789644465.0,0.9046733517387386,34.0,0.0,14.0,319775049,124580896,0,0,
1789644467.0,0.8853262191196876,33.0,4.0,14.0,319847094,124580896,72045,0,0.0
1789644469.0,0.9297566767276525,35.0,2.0,14.0,319949192,124623008,102098,42112,0.4125
1789644471.0,0.972291759051311,37.0,0.0,14.0,320058820,124660800,109628,37792,0.3447
1789644473.0,0.9386613643841103,35.0,0.0,14.0,320058820,124660800,0,0,
1789644475.1,0.8789749238273706,33.0,0.0,14.0,320058820,124660800,0,0,
1789644477.1,0.8833879296780007,33.0,4.0,14.0,320119706,124671184,60886,10384,0.1705
1789644479.1,0.9076987998340653,33.0,3.0,14.0,320181171,124671184,61465,0,0.0
1789644481.1,0.9779850372637934,37.0,0.0,14.0,320327194,124765104,146023,93920,0.6432
1789644483.1,0.901018496001831,35.0,0.0,14.0,320329591,124765120,2397,16,0.0067
1789644485.1,0.8766289498905689,34.0,0.0,14.0,320420550,124850672,90959,85552,0.9406
1789644487.2,0.8508518460240033,33.0,2.0,14.0,320496936,124850672,76386,0,0.0
1789644489.2,0.8691761912254853,34.0,2.0,14.0,320566591,124874464,69655,23792,0.3416
1789644491.2,0.9013188951034946,35.0,2.0,14.0,320624949,124905472,58358,31008,0.5313
1789644493.2,0.9847082552534081,37.0,0.0,14.0,320795949,125074560,171000,169088,0.9888
1789644495.2,0.9902298768363683,37.0,0.0,14.0,320847499,125115088,51550,40528,0.7862
1789644497.2,0.9568498147538873,36.0,1.0,14.0,320847499,125115088,0,0,
1789644499.3,0.9794226615360407,36.0,1.0,14.0,320944602,125191568,97103,76480,0.7876
1789644501.3,0.9978757492096643,36.0,1.0,14.0,321048503,125281376,103901,89808,0.8644
1789644503.3,0.948073869569571,35.0,0.0,14.0,321089127,125281376,40624,0,0.0
1789644505.3,0.8898751198020227,33.0,0.0,14.0,321089127,125281376,0,0,
1789644507.3,0.8889882272161587,33.0,2.0,14.0,321158084,125281376,68957,0,0.0
1789644509.4,0.9095083468036105,34.0,0.0,14.0,321254457,125331328,96373,49952,0.5183
1789644511.4,0.8937373939662695,34.0,0.0,14.0,321330570,125331328,76113,0,0.0
1789644513.4,0.9144434749023703,33.0,2.0,14.0,321330570,125331328,0,0,
1789644515.4,0.9768192026549559,35.0,0.0,14.0,321458715,125444880,128145,113552,0.8861
1789644517.4,0.8480767305133964,30.0,0.0,14.0,321458715,125444880,0,0,
1789644519.5,0.8487991188293018,30.0,0.0,14.0,321458715,125444880,0,0,
1789644521.5,0.8408170855565251,30.0,1.0,14.0,321575156,125499328,116441,54448,0.4676
1789644523.5,0.8824009040582488,31.0,2.0,14.0,321635331,125543136,60175,43808,0.728
1789644525.5,0.9032929463429986,32.0,0.0,14.0,321737277,125621696,101946,78560,0.7706
1789644527.5,0.8477906361308596,31.0,0.0,14.0,321781791,125666128,44514,44432,0.9982
1789644529.6,0.80132175604732,29.0,0.0,14.0,321840015,125724336,58224,58208,0.9997
1789644531.6,0.7891055259129987,29.0,1.0,14.0,322020070,125823680,180055,99344,0.5517
1789644533.6,0.8110775744918248,29.0,3.0,14.0,322020070,125823680,0,0,
1789644535.6,0.8726736950519977,31.0,1.0,14.0,322158382,125920480,138312,96800,0.6999
1789644537.6,0.9033215557812523,33.0,0.0,14.0,322220681,125940832,62299,20352,0.3267
1789644539.7,0.8774586235999257,32.0,0.0,14.0,322279528,125999152,58847,58320,0.991
1789644541.7,0.8747979458423334,32.0,0.0,14.0,322329922,126049392,50394,50240,0.9969
1789644543.7,0.7819603187091422,28.0,0.0,14.0,322448747,126165760,118825,116368,0.9793
1789644545.7,0.8057276095383867,29.0,0.0,14.0,322562558,126270448,113811,104688,0.9198
1789644547.7,0.8002775115510607,29.0,0.0,14.0,322847103,126549040,284545,278592,0.9791
1789644549.8,0.8298954325031828,30.0,0.0,14.0,322911952,126608944,64849,59904,0.9237
1789644551.8,0.919071051539903,33.0,0.0,14.0,323169415,126860640,257463,251696,0.9776
1789644553.8,0.9032071180282375,32.0,0.0,14.0,323198861,126860640,29446,0,0.0
1789644555.8,0.909637089275752,32.0,0.0,14.0,323273452,126934928,74591,74288,0.9959
1789644557.9,0.9176191225485287,33.0,0.0,14.0,323337441,126934928,63989,0,0.0
1789644559.9,0.9390189823622813,33.0,0.0,14.0,323337441,126934928,0,0,
1789644561.9,0.9092294047806371,32.0,0.0,14.0,323337441,126934928,0,0,
1789644563.9,0.8661507431301586,30.0,0.0,14.0,323337441,126934928,0,0,
1789644566.0,0.8603215700859713,30.0,0.0,14.0,323382770,126979760,45329,44832,0.989
1789644568.0,0.8839529660835109,32.0,0.0,14.0,323510588,127080240,127818,100480,0.7861
1789644570.0,0.8387214442044431,30.0,0.0,14.0,323510588,127080240,0,0,
1789644572.0,0.858512023116426,32.0,2.0,14.0,323591754,127080240,81166,0,0.0
1789644574.1,0.9081207890483071,33.0,1.0,14.0,323667988,127150224,76234,69984,0.918
1789644576.1,0.9337476933640408,34.0,0.0,14.0,323727703,127150224,59715,0,0.0
1789644578.1,0.9370306264036505,34.0,0.0,14.0,323727703,127150224,0,0,
1789644580.1,0.8779378316906747,32.0,0.0,14.0,323727703,127150224,0,0,
1789644582.1,0.8954682649806172,33.0,0.0,14.0,323895270,127283808,167567,133584,0.7972
1789644584.1,0.9344271675225657,34.0,0.0,14.0,324037271,127423136,142001,139328,0.9812
1789644586.2,0.9000886892585864,33.0,0.0,14.0,324174945,127560272,137674,137136,0.9961
1789644588.2,0.8773370334873475,32.0,0.0,14.0,324248680,127600320,73735,40048,0.5431
1789644590.2,0.9098659647817815,33.0,0.0,14.0,324382292,127727840,133612,127520,0.9544
1789644592.2,0.866429685153132,31.0,0.0,14.0,324547306,127848144,165014,120304,0.7291
1789644594.2,0.899402062740498,32.0,1.0,14.0,324601976,127848144,54670,0,0.0
1789644596.3,0.960232880827385,34.0,0.0,14.0,324727878,127972064,125902,123920,0.9843
1789644598.3,0.962071037235184,34.0,0.0,14.0,324843736,128085392,115858,113328,0.9782
1789644600.3,0.8760138469681148,31.0,0.0,14.0,324843736,128085392,0,0,
1789644602.3,0.9169897149069478,33.0,1.0,14.0,325023569,128188160,179833,102768,0.5715
1789644604.3,0.9396412376442989,34.0,0.0,14.0,325069374,128189680,45805,1520,0.0332
1789644606.4,0.953302244410431,34.0,0.0,14.0,325069374,128189680,0,0,
1789644608.4,0.9275680547012459,33.0,0.0,14.0,325189180,128300240,119806,110560,0.9228
1789644610.4,0.9592816170054501,34.0,0.0,14.0,325402353,128511008,213173,210768,0.9887
1789644612.4,0.947580356759695,34.0,1.0,14.0,325464144,128515648,61791,4640,0.0751
1789644614.5,0.9626074642024404,35.0,0.0,14.0,325496629,128515648,32485,0,0.0
1789644616.5,0.9601828143104411,34.0,0.0,14.0,325570248,128587072,73619,71424,0.9702
1789644618.5,0.9144148654641167,33.0,0.0,14.0,325572645,128587072,2397,0,0.0
1789644620.5,0.8663724662766247,31.0,0.0,14.0,325768549,128781584,195904,194512,0.9929
1789644622.5,0.8552076329981261,31.0,1.0,14.0,325952987,128883568,184438,101984,0.5529
1789644624.6,0.9080206560144192,32.0,0.0,14.0,326027183,128957296,74196,73728,0.9937
1789644626.6,0.8700487790922226,31.0,0.0,14.0,326167396,129081872,140213,124576,0.8885
1789644628.6,0.9306650263922068,33.0,0.0,14.0,326295184,129201552,127788,119680,0.9366
1789644630.6,0.8957472070035905,32.0,0.0,14.0,326451258,129356320,156074,154768,0.9916
1789644632.6,0.8646558999814038,31.0,0.0,14.0,326497518,129402432,46260,46112,0.9968
1789644634.7,0.8426766990430143,30.0,0.0,14.0,326617233,129519552,119715,117120,0.9783
1789644636.7,0.8911339350851846,32.0,0.0,14.0,326910498,129766896,293265,247344,0.8434
1789644638.7,0.9288197176248445,33.0,0.0,14.0,326959550,129815360,49052,48464,0.988
1789644640.7,0.8958974065544223,32.0,0.0,14.0,327028854,129884256,69304,68896,0.9941
1789644642.7,0.8836597193414107,32.0,0.0,14.0,327154718,130006112,125864,121856,0.9682
1789644644.7,0.8705136824638449,31.0,1.0,14.0,327262934,130059648,108216,53536,0.4947
1789644646.8,0.9160312987254495,32.0,0.0,14.0,327476824,130265296,213890,205648,0.9615
1789644648.8,0.9101878209621355,32.0,0.0,14.0,327579705,130364848,102881,99552,0.9676
1789644650.8,0.8765574262949347,31.0,0.0,14.0,327579705,130364848,0,0,
1789644652.8,0.849006537256641,30.0,0.0,14.0,327731895,130441728,152190,76880,0.5052
1789644654.8,0.8326562432946629,30.0,0.0,14.0,327820082,130528912,88187,87184,0.9886
1789644656.9,0.822149427095999,30.0,1.0,14.0,327899097,130528912,79015,0,0.0
1789644658.9,0.8440928662365714,30.0,3.0,14.0,327899097,130528912,0,0,
1789644660.9,0.8349521507145208,30.0,2.0,14.0,327976432,130528912,77335,0,0.0
1789644662.9,0.861423033458738,31.0,2.0,14.0,328030879,130547152,54447,18240,0.335
1789644664.9,0.9286122991975052,33.0,0.0,14.0,328159040,130674384,128161,127232,0.9928
1789644666.9,0.9035075171299012,31.0,0.0,14.0,328221552,130736320,62512,61936,0.9908
1789644669.0,0.9354141931423177,32.0,0.0,14.0,328438618,130953072,217066,216752,0.9986
1789644671.0,0.9010399530805213,31.0,0.0,14.0,328517916,131032224,79298,79152,0.9982
1789644673.0,0.9184201868196318,33.0,0.0,14.0,328620358,131130880,102442,98656,0.963
1789644675.0,0.8883445148554509,32.0,0.0,14.0,328620358,131130880,0,0,
1789644677.0,0.9106169625359406,33.0,0.0,14.0,328889464,131397904,269106,267024,0.9923
1789644679.1,0.91138941736879,33.0,0.0,14.0,328968609,131476672,79145,78768,0.9952
1789644681.1,0.9184631009770123,32.0,0.0,14.0,329169714,131671056,201105,194384,0.9666
1789644683.1,0.8892957786773856,32.0,0.0,14.0,329201143,131692352,31429,21296,0.6776
1789644685.1,0.900832534653182,32.0,0.0,14.0,329372083,131835968,170940,143616,0.8402
1789644687.2,0.8990444447623271,32.0,0.0,14.0,329583769,132045904,211686,209936,0.9917
1789644689.2,0.936816055616748,33.0,0.0,14.0,329745980,132207440,162211,161536,0.9958
1789644691.2,0.8861415881099175,31.0,0.0,14.0,329758809,132207840,12829,400,0.0312
1789644693.2,0.8452372437667186,30.0,0.0,14.0,329884996,132329968,126187,122128,0.9678
1789644695.2,0.9153160627691075,32.0,0.0,14.0,330040209,132483664,155213,153696,0.9902
1789644697.2,0.9443117284392121,32.0,0.0,14.0,330116579,132558480,76370,74816,0.9797
1789644699.3,0.8049909165033544,28.0,0.0,14.0,330116579,132558480,0,0,
1789644701.3,0.7472141559500479,26.0,0.0,14.0,330116579,132558480,0,0,
1789644703.3,0.9075056861258529,36.0,0.0,14.0,330522582,132878832,406003,320352,0.789
1789644705.3,0.8577467206431402,33.0,0.0,14.0,330522582,132878832,0,0,
1789644707.4,0.8845251548485845,32.0,1.0,14.0,330607632,132878848,85050,16,0.0002
1789644709.4,0.9260159926759838,33.0,0.0,14.0,330687798,132958816,80166,79968,0.9975
1789644711.4,0.8346732086915474,30.0,0.0,14.0,330741569,132993760,53771,34944,0.6499
1789644713.4,0.8639978829015692,32.0,0.0,14.0,330837725,132993760,96156,0,0.0
1789644715.4,0.8786459152874533,32.0,1.0,14.0,330837725,132993760,0,0,
1789644717.5,0.9284120331297295,33.0,0.0,14.0,330954518,133062960,116793,69200,0.5925
1789644719.5,0.8780665741628163,31.0,0.0,14.0,330954518,133062960,0,0,
1789644721.5,0.843642267584076,30.0,0.0,14.0,330954518,133062960,0,0,
1789644723.5,0.8813280501237358,31.0,0.0,14.0,331145248,133197616,190730,134656,0.706
1789644725.5,0.8767934541605276,30.0,0.0,14.0,331202420,133251504,57172,53888,0.9426
1789644727.5,0.8670018739182056,30.0,3.0,14.0,331272414,133251504,69994,0,0.0
1789644729.6,0.9345487576351439,33.0,0.0,14.0,331421065,133345200,148651,93696,0.6303
1789644731.6,0.9469366443989873,33.0,0.0,14.0,331421065,133345200,0,0,
1789644733.6,0.9086786730942538,31.0,0.0,14.0,331421065,133345200,0,0,
1789644735.6,0.8591843449153875,29.0,0.0,14.0,331421065,133345200,0,0,
1789644737.6,0.9148654641166121,32.0,0.0,14.0,331564593,133449760,143528,104560,0.7285
1789644739.7,0.7786630809504056,27.0,0.0,14.0,331564593,133449760,0,0,
1789644741.7,0.7691790521693107,27.0,0.0,14.0,331692348,133547008,127755,97248,0.7612
1789644743.7,0.843456306235427,30.0,0.0,14.0,331836631,133672192,144283,125184,0.8676
1789644745.8,0.7566695752928891,27.0,0.0,14.0,331899066,133734608,62435,62416,0.9997
1789644747.8,0.7249202511908679,26.0,3.0,14.0,332048829,133811232,149763,76624,0.5116
1789644749.8,0.7468922997696941,27.0,3.0,14.0,332111830,133811232,63001,0,0.0
1789644751.8,0.772540661164118,28.0,2.0,14.0,332182332,133811232,70502,0,0.0
1789644753.8,0.7981747178394152,28.0,4.0,14.0,332182332,133811232,0,0,
1789644755.9,0.8499935628763929,31.0,0.0,14.0,332382603,133932272,200271,121040,0.6044
1789644757.9,0.8893673022730199,32.0,0.0,14.0,332446488,133994800,63885,62528,0.9788
1789644759.9,0.8586836797459482,31.0,0.0,14.0,332446488,133994800,0,0,
1789644761.9,0.8925930164361223,32.0,0.0,14.0,332520814,134065136,74326,70336,0.9463
1789644763.9,0.8313187520563033,30.0,0.0,14.0,332659776,134203488,138962,138352,0.9956
1789644766.0,0.7457479222395469,28.0,0.0,14.0,332727244,134267760,67468,64272,0.9526
1789644768.0,0.798374983907191,30.0,3.0,14.0,332879309,134331840,152065,64080,0.4214
1789644770.0,0.8166921767491095,31.0,2.0,14.0,332959849,134331840,80540,0,0.0
1789644772.0,0.8423405381435336,31.0,2.0,14.0,332959849,134331840,0,0,
1789644774.0,0.8988298739754245,33.0,0.0,14.0,333091516,134400912,131667,69072,0.5246
1789644776.1,0.8760353040468051,32.0,0.0,14.0,333162479,134465328,70963,64416,0.9077
1789644778.1,0.8441429327535154,31.0,0.0,14.0,333224054,134524320,61575,58992,0.9581
1789644780.1,0.8067289398772655,30.0,0.0,14.0,333278773,134578896,54719,54576,0.9974
1789644782.1,0.8455018810705652,31.0,0.0,14.0,333574156,134858400,295383,279504,0.9462
1789644784.1,0.9086286065773098,33.0,0.0,14.0,333794910,135075424,220754,217024,0.9831
1789644786.2,0.8661149813323415,32.0,0.0,14.0,333794910,135075424,0,0,
1789644788.2,0.8692334101019926,33.0,0.0,14.0,334080650,135349568,285740,274144,0.9594
1789644790.2,0.8330853848684681,32.0,0.0,14.0,334080650,135349568,0,0,
1789644792.2,0.7512552391033802,30.0,1.0,14.0,334250500,135434160,169850,84592,0.498
1789644794.3,0.7732201353226429,30.0,3.0,14.0,334250500,135434160,0,0,
1789644796.3,0.8025662666113551,31.0,1.0,14.0,334411071,135539408,160571,105248,0.6555
1789644798.3,0.8731314460640566,33.0,0.0,14.0,334545126,135667472,134055,128064,0.9553
1789644800.3,0.8755060294391119,33.0,0.0,14.0,334625951,135744576,80825,77104,0.954
1789644802.3,0.8541133219849228,33.0,0.0,14.0,334780203,135846096,154252,101520,0.6581
1789644804.4,0.8839100519261305,33.0,0.0,14.0,334934807,135993568,154604,147472,0.9539
1789644806.4,0.8325632626203384,31.0,0.0,14.0,334934807,135993568,0,0,
1789644808.4,0.8613801193013575,32.0,0.0,14.0,335130701,136189344,195894,195776,0.9994
1789644810.4,0.7992332670548014,30.0,0.0,14.0,335188604,136245776,57903,56432,0.9746
1789644812.4,0.9194858883945813,34.0,0.0,14.0,335491851,136536176,303247,290400,0.9576
1789644814.4,0.906060909494042,34.0,0.0,14.0,335576252,136617344,84401,81168,0.9617
1789644816.5,0.9071623728668088,34.0,0.0,14.0,335658819,136698688,82567,81344,0.9852
1789644818.5,0.8255181884503697,32.0,0.0,14.0,335708593,136748432,49774,49744,0.9994
1789644820.5,0.8337076401504857,32.0,0.0,14.0,335874403,136913632,165810,165200,0.9963
1789644822.5,0.6976626088946744,28.0,3.0,14.0,336023715,136977952,149312,64320,0.4308
1789644824.5,0.7159798017365929,28.0,6.0,14.0,336023715,136977952,0,0,
1789644826.6,0.7204643311828572,28.0,5.0,14.0,336105521,137010128,81806,32176,0.3933
1789644828.6,0.7448252678558657,29.0,6.0,14.0,336189635,137010128,84114,0,0.0
1789644830.6,0.763156765416911,29.0,6.0,14.0,336189635,137010128,0,0,
1789644832.6,0.8330424707110876,31.0,5.0,14.0,336356306,137133712,166671,123584,0.7415
1789644834.6,0.9406211109044874,36.0,0.0,14.0,336617404,137325184,261098,191472,0.7333
1789644836.7,0.957371937002017,36.0,0.0,14.0,336617404,137325184,0,0,
1789644838.7,0.8725378002202927,31.0,0.0,14.0,336617404,137325184,0,0,
1789644840.7,0.7928104481668503,28.0,0.0,14.0,336617404,137325184,0,0,
1789644842.7,0.8144248787675055,29.0,2.0,14.0,336689516,137347968,72112,22784,0.316
1789644844.7,0.840066087802366,30.0,5.0,14.0,336758090,137347968,68574,0,0.0
1789644846.8,0.8681891656057333,32.0,3.0,14.0,336864120,137385520,106030,37552,0.3542
1789644848.8,0.8938160699214671,33.0,2.0,14.0,336866515,137385520,2395,0,0.0
1789644850.8,0.8716437552748652,33.0,0.0,14.0,336951015,137385520,84500,0,0.0
1789644852.8,0.8582545381721429,33.0,3.0,14.0,337033879,137385520,82864,0,0.0
1789644854.8,0.8765502739353713,33.0,3.0,14.0,337033879,137385520,0,0,
1789644856.9,0.9194000600798203,35.0,1.0,14.0,337130052,137423984,96173,38464,0.3999
1789644858.9,0.9389403064070837,36.0,0.0,14.0,337181021,137423984,50969,0,0.0
1789644860.9,0.9151014919822049,35.0,0.0,14.0,337181021,137423984,0,0,
1789644862.9,0.8522107943410531,33.0,0.0,14.0,337231654,137474528,50633,50544,0.9982
1789644864.9,0.8165777389960949,31.0,0.0,14.0,337367273,137608192,135619,133664,0.9856
1789644867.0,0.8224069120402822,31.0,0.0,14.0,337610829,137845952,243556,237760,0.9762
1789644869.0,0.8514240347890769,32.0,1.0,14.0,337751439,137905600,140610,59648,0.4242
1789644871.0,0.8823794469795585,33.0,0.0,14.0,337863626,138014384,112187,108784,0.9697
1789644873.0,0.9139714191711845,34.0,0.0,14.0,338056898,138202688,193272,188304,0.9743
1789644875.0,0.8837026334987912,33.0,0.0,14.0,338059217,138202704,2319,16,0.0069
1789644877.1,0.8595705723318123,32.0,0.0,14.0,338128811,138271632,69594,68928,0.9904
1789644879.1,0.7972091492983535,30.0,0.0,14.0,338181918,138324240,53107,52608,0.9906
1789644881.1,0.7959932481725721,30.0,0.0,14.0,338323710,138458560,141792,134320,0.9473
1789644883.1,0.8424192140987312,32.0,2.0,14.0,338461957,138511008,138247,52448,0.3794
1789644885.1,0.8319338549787575,31.0,2.0,14.0,338461957,138511008,0,0,
1789644887.1,0.9211809976111119,34.0,0.0,14.0,338657751,138702592,195794,191584,0.9785
1789644889.2,0.8193886163045189,30.0,0.0,14.0,338722268,138767088,64517,64496,0.9997
1789644891.2,0.8520248329924042,32.0,0.0,14.0,338871158,138893488,148890,126400,0.8489
1789644893.2,0.8982004663338435,34.0,1.0,14.0,339007814,138946800,136656,53312,0.3901
1789644895.2,0.93753129157309,35.0,0.0,14.0,339061357,138996928,53543,50128,0.9362
1789644897.2,0.9076844951149384,33.0,0.0,14.0,339126485,139061520,65128,64592,0.9918
1789644899.3,0.8718440213426409,32.0,0.0,14.0,339126485,139061520,0,0,
1789644901.3,0.8432488878080879,31.0,0.0,14.0,339216283,139150400,89798,88880,0.9898
1789644903.3,0.8480838828729598,32.0,0.0,14.0,339430837,139358208,214554,207808,0.9686
1789644905.3,0.8252964653039038,31.0,2.0,14.0,339527580,139416704,96743,58496,0.6047
1789644907.3,0.8974351638605575,33.0,0.0,14.0,339802352,139687504,274772,270800,0.9855
1789644909.4,0.822864663052341,31.0,0.0,14.0,339802352,139687504,0,0,
1789644911.4,0.8860128456377759,33.0,0.0,14.0,339941990,139825040,139638,137536,0.9849
1789644913.4,0.8867352339536814,33.0,0.0,14.0,340067549,139948272,125559,123232,0.9815
1789644915.4,0.7574777919235556,29.0,0.0,14.0,340127709,140007072,60160,58800,0.9774
1789644917.4,0.7438024804382966,29.0,1.0,14.0,340301751,140092800,174042,85728,0.4926
1789644919.4,0.7658031384553764,29.0,3.0,14.0,340301751,140092800,0,0,
1789644921.5,0.7864520005149699,29.0,3.0,14.0,340385293,140092800,83542,0,0.0
1789644923.5,0.8047763457164518,29.0,5.0,14.0,340385293,140092800,0,0,
1789644925.5,0.9332827899924185,34.0,0.0,14.0,340667181,140368032,281888,275232,0.9764
1789644927.5,0.8851617148497289,33.0,0.0,14.0,340798552,140495936,131371,127904,0.9736
1789644929.5,0.8861630451886078,33.0,0.0,14.0,340964510,140652880,165958,156944,0.9457
1789644931.6,0.8844679359720772,33.0,0.0,14.0,341024223,140712160,59713,59280,0.9927
1789644933.6,0.9102736492768965,34.0,0.0,14.0,341098408,140712160,74185,0,0.0
1789644935.6,0.8539988842319082,32.0,0.0,14.0,341098408,140712160,0,0,
1789644937.6,0.827685353398086,31.0,2.0,14.0,341171100,140712160,72692,0,0.0
1789644939.7,0.9067689930908207,33.0,0.0,14.0,341366096,140902560,194996,190400,0.9764
1789644941.7,0.9075557526427969,33.0,0.0,14.0,341366096,140902560,0,0,
1789644943.7,0.8798475116941079,32.0,0.0,14.0,341458031,140974112,91935,71552,0.7783
1789644945.7,0.8384782639792867,31.0,0.0,14.0,341611719,141125072,153688,150960,0.9822
1789644947.7,0.9006179638662795,32.0,1.0,14.0,341830313,141303248,218594,178176,0.8151
1789644949.8,0.8496931637747293,30.0,0.0,14.0,341870297,141303248,39984,0,0.0
1789644951.8,0.8680246613357747,31.0,0.0,14.0,341984189,141415712,113892,112464,0.9875
1789644953.8,0.9304433032457408,33.0,0.0,14.0,342122273,141550000,138084,134288,0.9725
1789644955.8,0.8750840402248702,31.0,0.0,14.0,342213994,141641568,91721,91568,0.9983
1789644957.8,0.9286909751527028,33.0,0.0,14.0,342332255,141758848,118261,117280,0.9917
1789644959.8,0.8883230577767606,32.0,0.0,14.0,342367843,141792896,35588,34048,0.9567
1789644961.9,0.9304218461670505,33.0,0.0,14.0,342460278,141884736,92435,91840,0.9936
1789644963.9,0.9156736807472785,32.0,0.0,14.0,342515209,141939296,54931,54560,0.9932
1789644965.9,0.9165391162544524,32.0,0.0,14.0,342571088,141993904,55879,54608,0.9773
1789644967.9,0.86517086986997,30.0,0.0,14.0,342637343,141993904,66255,0,0.0
1789644969.9,0.9266525526771282,33.0,0.0,14.0,342809638,142094560,172295,100656,0.5842
1789644972.0,0.9522651522737351,33.0,0.0,14.0,342809638,142094560,0,0,
1789644974.0,0.9707039352282318,34.0,0.0,14.0,342987779,142247056,178141,152496,0.856
1789644976.0,0.9460497518131231,33.0,0.0,14.0,342987779,142247056,0,0,
1789644978.0,0.9343556439269315,33.0,0.0,14.0,343157243,142415904,169464,168848,0.9964
1789644980.0,0.953795757220307,33.0,0.0,14.0,343426957,142670544,269714,254640,0.9441
1789644982.1,0.921710272218805,32.0,0.0,14.0,343480107,142723680,53150,53136,0.9997
1789644984.1,0.9524868754202012,34.0,0.0,14.0,343571728,142792976,91621,69296,0.7563
1789644986.1,0.9532307208147968,34.0,0.0,14.0,343640446,142861376,68718,68400,0.9954
1789644988.1,0.9719198363540131,35.0,0.0,14.0,343708713,142861376,68267,0,0.0
1789644990.1,0.9876049608765932,35.0,1.0,14.0,343744299,142885168,35586,23792,0.6686
1789644992.2,0.9618564664482813,34.0,1.0,14.0,343853831,142885168,109532,0,0.0
1789644994.2,0.9765188035532922,34.0,1.0,14.0,343853831,142885168,0,0,
1789644996.2,0.9854664053671306,34.0,1.0,14.0,343853831,142885168,0,0,
1789644998.2,0.9883988727881328,34.0,0.0,14.0,343907902,142916528,54071,31360,0.58
1789645000.2,0.9800663738967486,34.0,0.0,14.0,343950350,142935280,42448,18752,0.4418
1789645002.3,0.9693378345516186,34.0,0.0,14.0,344067204,142993856,116854,58576,0.5013
1789645004.3,0.990580342454976,34.0,1.0,14.0,344067204,142993856,0,0,
1789645006.3,0.9682506758979788,34.0,0.0,14.0,344102725,142993856,35521,0,0.0
1789645008.3,0.9879911882930179,35.0,0.0,14.0,344181794,143029632,79069,35776,0.4525
1789645010.3,0.9632082624057676,34.0,0.0,14.0,344315175,143161504,133381,131872,0.9887
1789645012.4,0.9693664439898723,35.0,0.0,14.0,344417429,143197344,102254,35840,0.3505
1789645014.4,0.9938418184158954,35.0,0.0,14.0,344473762,143253280,56333,55936,0.993
1789645016.4,0.9566352439669847,34.0,0.0,14.0,344516428,143295936,42666,42656,0.9998
1789645018.4,0.9952436808903257,35.0,1.0,14.0,344601556,143379632,85128,83696,0.9832
1789645020.4,0.984007324016193,35.0,1.0,14.0,344667910,143379632,66354,0,0.0
1789645022.5,0.9956942795428212,35.0,1.0,14.0,344667910,143379632,0,0,
1789645024.5,0.9886205959345988,34.0,2.0,14.0,344667910,143379632,0,0,
1789645026.5,0.9893501366100677,34.0,2.0,14.0,344667910,143379632,0,0,
1789645028.5,0.9514998498004492,33.0,2.0,14.0,344709487,143379632,41577,0,0.0
1789645030.5,0.9807959145722174,35.0,1.0,14.0,344799565,143427216,90078,47584,0.5283
1789645032.6,0.9591385698141817,34.0,1.0,14.0,344885500,143466480,85935,39264,0.4569
1789645034.6,0.944361794956156,34.0,2.0,14.0,344928438,143466480,42938,0,0.0
1789645036.6,0.939848656071638,34.0,2.0,14.0,344986442,143476112,58004,9632,0.1661
1789645038.6,0.9732358705136824,35.0,1.0,14.0,345060190,143501584,73748,25472,0.3454
1789645040.6,0.9838428197462343,35.0,1.0,14.0,345060190,143501584,0,0,
1789645042.7,0.9710758579255296,35.0,1.0,14.0,345146043,143537408,85853,35824,0.4173
1789645044.7,0.9594747307136624,34.0,1.0,14.0,345146043,143537408,0,0,
1789645046.7,0.9636731657773899,34.0,1.0,14.0,345251516,143590752,105473,53344,0.5058
1789645048.7,0.9783283505228375,34.0,2.0,14.0,345251516,143590752,0,0,
1789645050.8,0.9973536269615346,35.0,1.0,14.0,345290598,143590752,39082,0,0.0
1789645052.8,0.9786931208605719,34.0,0.0,14.0,345352213,143595760,61615,5008,0.0813
1789645054.8,0.9897935829029997,34.0,1.0,14.0,345352213,143595760,0,0,
1789645056.8,0.9970532278598709,34.0,1.0,14.0,345394657,143617232,42444,21472,0.5059
1789645058.8,0.9722273878152402,34.0,1.0,14.0,345436623,143617232,41966,0,0.0
1789645060.9,0.9998354957300414,35.0,0.0,14.0,345488103,143641024,51480,23792,0.4622
1789645062.9,0.9720128170283376,34.0,0.0,14.0,345491043,143641024,2940,0,0.0
1789645064.9,0.8579326819917891,30.0,0.0,14.0,345491043,143641024,0,0,
1789645066.9,0.8180868868639765,28.0,0.0,14.0,345491043,143641024,0,0,
1789645068.9,0.7816170054500979,27.0,6.0,14.0,345563909,143641024,72866,0,0.0
1789645071.0,0.8036105111076144,28.0,5.0,14.0,345633576,143641024,69667,0,0.0
1789645073.0,0.8222567124894502,29.0,6.0,14.0,345752168,143692592,118592,51568,0.4348
1789645075.0,0.8253751412591014,29.0,5.0,14.0,345824797,143692592,72629,0,0.0
1789645077.0,0.8510235026535253,29.0,5.0,14.0,345824797,143692592,0,0,
1789645079.0,0.8797044645028395,31.0,4.0,14.0,345933737,143723200,108940,30608,0.281
1789645081.1,0.9099446407369791,32.0,3.0,14.0,345998135,143733472,64398,10272,0.1595
1789645083.1,0.9355715450527129,33.0,3.0,14.0,346060159,143733472,62024,0,0.0
1789645085.1,0.9648747621840446,34.0,2.0,14.0,346122342,143733472,62183,0,0.0
1789645087.1,0.9920751856037306,35.0,1.0,14.0,346165867,143736976,43525,3504,0.0805
1789645089.1,0.952808731600555,34.0,0.0,14.0,346208097,143737936,42230,960,0.0227
1789645091.1,0.9680146480323859,34.0,0.0,14.0,346208097,143737936,0,0,
1789645093.2,0.970060222867524,34.0,2.0,14.0,346262754,143789632,54657,51696,0.9458
1789645095.2,0.9183415108644342,33.0,0.0,14.0,346378935,143855344,116181,65712,0.5656
1789645097.2,0.9575650507102293,34.0,1.0,14.0,346451879,143877536,72944,22192,0.3042
1789645099.2,0.9937702948202612,35.0,0.0,14.0,346512655,143937008,60776,59472,0.9785
1789645101.3,0.9513925644069978,33.0,0.0,14.0,346512655,143937008,0,0,
1789645103.3,0.9645099918463101,34.0,0.0,14.0,346635983,143991712,123328,54704,0.4436
1789645105.3,0.9778491424320883,34.0,1.0,14.0,346635983,143991712,0,0,
1789645107.3,0.9708684394981905,34.0,0.0,14.0,346747034,144086256,111051,94544,0.8514
1789645109.4,0.9008826011701261,32.0,0.0,14.0,346820248,144150384,73214,64128,0.8759
1789645111.4,0.9331611998798404,33.0,0.0,14.0,346890478,144211216,70230,60832,0.8662
1789645113.4,0.8866207962006666,32.0,2.0,14.0,346974487,144211216,84009,0,0.0
1789645115.4,0.9049236843234583,32.0,2.0,14.0,346974487,144211216,0,0,
1789645117.4,0.9025705580270932,32.0,2.0,14.0,347044826,144211216,70339,0,0.0
1789645119.5,0.8980574191425752,32.0,2.0,14.0,347121456,144211216,76630,0,0.0
1789645121.5,0.916381764344057,33.0,1.0,14.0,347194637,144211216,73181,0,0.0
1789645123.5,0.9420015163002274,33.0,2.0,14.0,347194637,144211216,0,0,
1789645125.5,0.9179052169310655,32.0,1.0,14.0,347274982,144263056,80345,51840,0.6452
1789645127.5,0.971576523094969,35.0,0.0,14.0,347447707,144321664,172725,58608,0.3393
1789645129.6,0.9972177321298297,35.0,0.0,14.0,347447707,144321664,0,0,
1789645131.6,0.931401719427239,33.0,0.0,14.0,347447707,144321664,0,0,
1789645133.6,0.9509062039566853,34.0,2.0,14.0,347523037,144323488,75330,1824,0.0242
1789645135.6,0.9728782525355114,35.0,1.0,14.0,347584043,144323488,61006,0,0.0
1789645137.6,0.9932338678530047,36.0,0.0,14.0,347584435,144323488,392,0,0.0
1789645139.7,0.9635515756648119,34.0,0.0,14.0,347669520,144367568,85085,44080,0.5181
1789645141.7,0.9873546282918735,35.0,0.0,14.0,347842467,144499632,172947,132064,0.7636
1789645143.7,0.9906089518932296,35.0,0.0,14.0,347902596,144522992,60129,23360,0.3885
1789645145.7,0.9755460826526671,35.0,0.0,15.0,347966131,144546784,63535,23792,0.3745
1789645147.7,0.9292130974008326,34.0,0.0,15.0,348051698,144546784,85567,0,0.0
1789645149.8,0.9232980960418842,33.0,0.0,15.0,348051698,144546784,0,0,
1789645151.8,0.9585234668917276,34.0,1.0,15.0,348195718,144626992,144020,80208,0.5569
1789645153.8,0.974301572088632,34.0,2.0,15.0,348195718,144626992,0,0,
1789645155.8,0.9750311127641009,34.0,2.0,15.0,348195718,144626992,0,0,
1789645157.9,0.9616347433018153,34.0,2.0,15.0,348266389,144631824,70671,4832,0.0684
1789645159.9,0.9661693392650236,34.0,1.0,15.0,348320150,144631824,53761,0,0.0
1789645161.9,0.9726851388272991,34.0,1.0,15.0,348320150,144631824,0,0,
1789645163.9,0.9828343370477921,34.0,1.0,15.0,348405146,144645552,84996,13728,0.1615
1789645166.0,0.973192956356302,34.0,0.0,15.0,348452816,144645552,47670,0,0.0
1789645168.0,0.9734432889410216,34.0,0.0,15.0,348496721,144645552,43905,0,0.0
1789645170.0,0.982612613901326,34.0,0.0,15.0,348496721,144645552,0,0,
1789645172.0,0.9143004277111019,32.0,0.0,15.0,348496721,144645552,0,0,
1789645174.0,0.9227974308724448,33.0,3.0,15.0,348646233,144726256,149512,80704,0.5398
1789645176.1,0.9484529446264323,34.0,2.0,15.0,348731881,144726256,85648,0,0.0
1789645178.1,0.9667772898279142,34.0,2.0,15.0,348731881,144726256,0,0,
1789645180.1,0.9745018381564078,35.0,1.0,15.0,348797667,144726256,65786,0,0.0
1789645182.1,0.9697741284849872,35.0,0.0,15.0,348844738,144726256,47071,0,0.0
1789645184.1,0.9500050066516944,35.0,0.0,15.0,348976642,144811200,131904,84944,0.644
1789645186.2,0.8838385283304963,33.0,0.0,15.0,348976642,144811200,0,0,
1789645188.2,0.90258486274622,34.0,0.0,15.0,349050484,144835376,73842,24176,0.3274
1789645190.2,0.9049809031999657,34.0,1.0,15.0,349124074,144835376,73590,0,0.0
1789645192.2,0.9269314947001016,34.0,1.0,15.0,349124074,144835376,0,0,
1789645194.2,0.95624901655056,35.0,1.0,15.0,349194986,144835376,70912,0,0.0
1789645196.2,0.961341496559715,36.0,0.0,15.0,349306823,144877872,111837,42496,0.38
1789645198.3,0.9666270902770824,35.0,1.0,15.0,349306823,144877872,0,0,
1789645200.3,0.9508704421588682,35.0,0.0,15.0,349353509,144923392,46686,45520,0.975
1789645202.3,0.918713433561732,34.0,0.0,15.0,349353509,144923392,0,0,
1789645204.3,0.8919206946371608,33.0,0.0,15.0,349409743,144945472,56234,22080,0.3926
1789645206.4,0.8508661507431301,31.0,0.0,15.0,349484528,145019472,74785,74000,0.9895
1789645208.4,0.8327277668902971,31.0,3.0,15.0,349642566,145083280,158038,63808,0.4038
1789645210.4,0.8201467664182414,30.0,4.0,15.0,349642566,145083280,0,0,
1789645212.4,0.8457665183744117,31.0,4.0,15.0,349728733,145083280,86167,0,0.0
1789645214.4,0.8428984221894803,30.0,4.0,15.0,349728733,145083280,0,0,
1789645216.5,0.9369304933697626,34.0,0.0,15.0,350009530,145359584,280797,276304,0.984
1789645218.5,0.9393265338235084,34.0,0.0,15.0,350069710,145415968,60180,56384,0.9369
1789645220.5,0.8708856051611427,32.0,0.0,15.0,350140960,145487168,71250,71200,0.9993
1789645222.5,0.9119401490551733,33.0,0.0,15.0,350231293,145573456,90333,86288,0.9552
1789645224.6,0.9412648232651952,34.0,0.0,15.0,350299086,145573456,67793,0,0.0
1789645226.6,0.8880584204729141,32.0,0.0,15.0,350299086,145573456,0,0,
1789645228.6,0.8902541948588839,33.0,1.0,15.0,350580544,145766208,281458,192752,0.6848
1789645230.6,0.908528473543422,33.0,1.0,15.0,350580544,145766208,0,0,
1789645232.6,0.8388001201596407,31.0,0.0,15.0,350670303,145766208,89759,0,0.0
1789645234.7,0.8644484815540647,31.0,1.0,15.0,350670303,145766208,0,0,
1789645236.7,0.896555423634257,32.0,0.0,15.0,350717630,145813392,47327,47184,0.997
1789645238.7,0.8801407584362081,32.0,0.0,15.0,350759424,145849760,41794,36368,0.8702
1789645240.7,0.8364469938632755,30.0,0.0,15.0,350759424,145849760,0,0,
1789645242.7,0.8246956671005765,30.0,1.0,15.0,350808951,145849760,49527,0,0.0
1789645244.8,0.8602071323329566,31.0,1.0,15.0,350935076,145904496,126125,54736,0.434
1789645246.8,0.8858841031656344,32.0,1.0,15.0,350984259,145904496,49183,0,0.0
1789645248.8,0.8664869040296393,32.0,0.0,15.0,351045308,145964704,61049,60208,0.9862
1789645250.8,0.8697483799905589,32.0,0.0,15.0,351208892,146121808,163584,157104,0.9604
1789645252.8,0.8711931566223697,35.0,0.0,15.0,351210324,146121808,1432,0,0.0
1789645254.9,0.8629178766074928,33.0,0.0,15.0,351290433,146121808,80109,0,0.0
1789645256.9,0.9224112034560201,35.0,0.0,15.0,351432657,146229264,142224,107456,0.7555
1789645258.9,0.884210451027794,34.0,0.0,15.0,351432657,146229264,0,0,
1789645260.9,0.8849471440628264,34.0,0.0,15.0,351432657,146229264,0,0,
1789645262.9,0.771381978914844,30.0,0.0,15.0,351432657,146229264,0,0,
1789645265.0,0.733882157723833,28.0,0.0,15.0,351432657,146229264,0,0,
1789645267.0,0.5975724891641753,23.0,0.0,15.0,351432657,146229264,0,0,
1789645269.0,0.6312028838313759,24.0,5.0,15.0,351597051,146311952,164394,82688,0.503
1789645271.0,0.6494843148754774,24.0,6.0,15.0,351597051,146311952,0,0,
1789645273.1,0.7872101506286924,30.0,0.0,15.0,351946985,146578240,349934,266288,0.761
1789645275.1,0.7796501065701575,30.0,0.0,15.0,351987589,146611856,40604,33616,0.8279
1789645277.1,0.7804225614030069,30.0,0.0,15.0,351987589,146611856,0,0,
1789645279.1,0.7825468121933425,30.0,0.0,15.0,352116379,146734576,128790,122720,0.9529
1789645281.2,0.8056131717853721,31.0,0.0,15.0,352166234,146784416,49855,49840,0.9997
1789645283.2,0.8034102450398386,31.0,0.0,15.0,352307340,146924640,141106,140224,0.9937
1789645285.2,0.7753586908321055,30.0,0.0,15.0,352307340,146924640,0,0,
1789645287.2,0.7020613100261777,26.0,0.0,15.0,352401859,147013696,94519,89056,0.9422
1789645289.2,0.7655241964324031,28.0,1.0,15.0,352588290,147152800,186431,139104,0.7461
1789645291.3,0.6880784470796916,26.0,0.0,15.0,352633466,147193760,45176,40960,0.9067
1789645293.3,0.6967399545109931,27.0,0.0,15.0,352768038,147304752,134572,110992,0.8248
1789645295.3,0.6830074241492268,27.0,0.0,15.0,352917574,147405216,149536,100464,0.6718
1789645297.3,0.6225056146022573,25.0,0.0,15.0,352917574,147405216,0,0,
1789645299.3,0.6953667014748166,28.0,0.0,15.0,353143074,147591248,225500,186032,0.825
1789645301.4,0.6965754502410345,28.0,0.0,15.0,353189279,147636480,46205,45232,0.9789
1789645303.4,0.7282532507474215,29.0,0.0,15.0,353258362,147705504,69083,69024,0.9991
1789645305.4,0.7299984264808961,29.0,0.0,15.0,353355659,147800416,97297,94912,0.9755
1789645307.4,0.6820776174059822,27.0,0.0,15.0,353355659,147800416,0,0,
1789645309.4,0.6787160084111749,27.0,0.0,15.0,353418316,147861184,62657,60768,0.9699
1789645311.5,0.5735691704693378,24.0,0.0,15.0,353420732,147861200,2416,16,0.0066
1789645313.5,0.6880498376414379,29.0,0.0,15.0,353725980,148149424,305248,288224,0.9442
1789645315.5,0.7006737522708741,29.0,0.0,15.0,353833309,148199568,107329,50144,0.4672
1789645317.5,0.6562146852246555,27.0,0.0,15.0,353833309,148199568,0,0,
1789645319.5,0.7113450727394968,30.0,1.0,15.0,353984644,148264608,151335,65040,0.4298
1789645321.6,0.7241621010771453,30.0,0.0,15.0,353984969,148264624,325,16,0.0492
1789645323.6,0.7293117999628077,30.0,0.0,15.0,354057861,148264624,72892,0,0.0
1789645325.6,0.6981060551876064,29.0,0.0,15.0,354173787,148380448,115926,115824,0.9991
1789645327.6,0.6712203355887107,28.0,0.0,15.0,354375873,148580560,202086,200112,0.9902
1789645329.6,0.6788948174002604,28.0,0.0,15.0,354637649,148839200,261776,258640,0.988
1789645331.7,0.5935600154490966,25.0,0.0,15.0,354678046,148879008,40397,39808,0.9854
1789645333.7,0.7459696453860128,30.0,0.0,15.0,355063345,149260656,385299,381648,0.9905
1789645335.7,0.705694708684395,29.0,1.0,15.0,355134780,149260704,71435,48,0.0007
1789645337.8,0.7286966970403537,28.0,0.0,15.0,355233970,149359808,99190,99104,0.9991
1789645339.8,0.6802966798746907,26.0,0.0,15.0,355233970,149359808,0,0,
1789645341.8,0.6463587337462628,25.0,0.0,15.0,355275204,149400384,41234,40576,0.984
1789645343.8,0.7096142017251491,27.0,0.0,15.0,355460375,149511088,185171,110704,0.5978
1789645345.8,0.7279099374883774,28.0,1.0,15.0,355576142,149511088,115767,0,0.0
1789645347.9,0.7572417640579627,28.0,1.0,15.0,355576142,149511088,0,0,
1789645349.9,0.7438310898765503,27.0,1.0,15.0,355576142,149511088,0,0,
1789645351.9,0.758471969902871,28.0,0.0,15.0,355651624,149511088,75482,0,0.0
1789645354.0,0.7841346360164219,28.0,2.0,15.0,355651624,149511088,0,0,
1789645356.0,0.7745218647631854,29.0,0.0,15.0,355738941,149511088,87317,0,0.0
1789645358.0,0.7979529946929492,29.0,0.0,15.0,355738941,149511088,0,0,
1789645360.0,0.6776646115553522,25.0,0.0,15.0,355738941,149511088,0,0,
1789645362.0,0.6246441701117198,23.0,0.0,15.0,355738941,149511088,0,0,
1789645364.1,0.6849099517930965,27.0,0.0,15.0,356129137,149879664,390196,368576,0.9446
1789645366.1,0.7333957972735206,29.0,0.0,15.0,356235317,149967248,106180,87584,0.8249
1789645368.1,0.7365356831218619,29.0,0.0,15.0,356312203,149967264,76886,16,0.0002
1789645370.1,0.742736778863347,28.0,2.0,15.0,356312203,149967264,0,0,
1789645372.1,0.7685782539659833,29.0,1.0,15.0,356368845,149967776,56642,512,0.009
1789645374.2,0.7938046261461656,30.0,0.0,15.0,356454317,150052064,85472,84288,0.9861
1789645376.2,0.7946843663724663,30.0,0.0,15.0,356511803,150109152,57486,57088,0.9931
1789645378.2,0.7458051411160542,28.0,0.0,15.0,356511803,150109152,0,0,
1789645380.2,0.6465947616118557,24.0,0.0,15.0,356577731,150175072,65928,65920,0.9999
1789645382.2,0.6439054744160098,24.0,0.0,15.0,356864199,150457680,286468,282608,0.9865
1789645384.3,0.6605132533222711,25.0,0.0,15.0,357013622,150606928,149423,149248,0.9988
1789645386.3,0.5657874032643369,22.0,0.0,15.0,357016011,150606928,2389,0,0.0
1789645388.3,0.628256111691247,24.0,0.0,15.0,357155573,150684208,139562,77280,0.5537
1789645390.3,0.6402506186791022,25.0,0.0,15.0,357307238,150794752,151665,110544,0.7289
1789645392.3,0.5746706338421045,23.0,0.0,15.0,357307238,150794752,0,0,
1789645394.4,0.5388087029911168,22.0,3.0,15.0,357407397,150794752,100159,0,0.0
1789645396.4,0.6339636946228561,25.0,0.0,15.0,357653327,151037136,245930,242384,0.9856
1789645398.4,0.630265924728568,26.0,1.0,15.0,357870830,151170256,217503,133120,0.612
1789645400.5,0.6899952794426881,28.0,0.0,15.0,357948612,151247600,77782,77344,0.9944
1789645402.5,0.7120817657745291,28.0,0.0,15.0,358003291,151247600,54679,0,0.0
1789645404.5,0.7151787374654899,28.0,0.0,15.0,358003291,151247600,0,0,
1789645406.5,0.7159511922983393,28.0,0.0,15.0,358003291,151247600,0,0,
1789645408.5,0.6906318394438324,27.0,0.0,15.0,358003291,151247600,0,0,
1789645410.6,0.6372752371007195,25.0,0.0,15.0,358003291,151247600,0,0,
1789645412.6,0.6081651336776002,23.0,0.0,15.0,358003291,151247600,0,0,
1789645414.6,0.6542334816255884,26.0,0.0,15.0,358169072,151393264,165781,145664,0.8787
1789645416.6,0.6185360550445592,24.0,0.0,15.0,358169072,151393264,0,0,
1789645418.6,0.6345787975453102,24.0,0.0,15.0,358418525,151579056,249453,185792,0.7448
1789645420.7,0.6589182771396284,24.0,0.0,15.0,358418525,151579056,0,0,
1789645422.7,0.6596049036577167,24.0,0.0,15.0,358418525,151579056,0,0,
1789645424.7,0.6143519246999585,23.0,0.0,15.0,358549798,151707776,131273,128720,0.9806
1789645426.7,0.6279342555108931,23.0,0.0,15.0,358629785,151772512,79987,64736,0.8093
1789645428.7,0.5885032972377587,21.0,1.0,15.0,358689097,151772512,59312,0,0.0
1789645430.8,0.617799362009527,22.0,3.0,15.0,358761330,151772512,72233,0,0.0
1789645432.8,0.6302230105711875,23.0,0.0,15.0,358901647,151910240,140317,137728,0.9815
1789645434.8,0.5774028351953309,21.0,0.0,15.0,358984265,151989232,82618,78992,0.9561
1789645436.8,0.58007781767205,21.0,0.0,15.0,359221120,152214736,236855,225504,0.9521
1789645438.8,0.6115410473915345,23.0,0.0,15.0,359422398,152395760,201278,181024,0.8994
1789645440.9,0.620660305834895,23.0,0.0,15.0,359488596,152461568,66198,65808,0.9941
1789645442.9,0.6169267741427897,23.0,0.0,15.0,359539550,152512368,50954,50800,0.997
1789645444.9,0.6267898779807459,23.0,0.0,15.0,359744996,152673472,205446,161104,0.7842
1789645446.9,0.6597837126468022,25.0,0.0,15.0,359860134,152780816,115138,107344,0.9323
1789645449.0,0.6750468479551404,25.0,0.0,15.0,360057329,152976688,197195,195872,0.9933
1789645451.0,0.6238645629193071,23.0,0.0,15.0,360122783,153042048,65454,65360,0.9986
1789645453.0,0.5999184631009771,22.0,0.0,15.0,360198136,153114512,75353,72464,0.9617
1789645455.0,0.6400789620495801,24.0,0.0,15.0,360415982,153320816,217846,206304,0.947
1789645457.1,0.6703119859241564,25.0,0.0,15.0,360482003,153386368,66021,65552,0.9929
1789645459.1,0.5859284477949276,22.0,5.0,15.0,360532208,153386368,50205,0,0.0
1789645461.1,0.678394152230821,27.0,0.0,15.0,360779207,153623616,246999,237248,0.9605
1789645463.1,0.6218833593202397,25.0,0.0,15.0,360779207,153623616,0,0,
1789645465.2,0.6829859670705365,27.0,0.0,15.0,360942455,153780352,163248,156736,0.9601
1789645467.2,0.6837584219033859,27.0,0.0,15.0,360942455,153780352,0,0,
1789645469.2,0.6838299454990202,26.0,0.0,15.0,361045666,153879168,103211,98816,0.9574
1789645471.2,0.6886935500021457,27.0,0.0,15.0,361054970,153879440,9304,272,0.0292
1789645473.2,0.6904315733760568,27.0,0.0,15.0,361204496,154026560,149526,147120,0.9839
1789645475.3,0.6911968758493428,27.0,0.0,15.0,361270136,154092192,65640,65632,0.9999
1789645477.3,0.662523066359592,26.0,0.0,15.0,361348913,154170416,78777,78224,0.993
1789645479.3,0.6610639850086544,26.0,0.0,15.0,361489269,154310688,140356,140272,0.9994
1789645481.3,0.6782797144778062,26.0,0.0,15.0,361619441,154404960,130172,94272,0.7242
1789645483.4,0.7107800363339866,27.0,0.0,15.0,361840376,154616688,220935,211728,0.9583
1789645485.4,0.6458080020598795,24.0,0.0,15.0,361840376,154616688,0,0,
1789645487.4,0.5926588181441057,21.0,0.0,15.0,361840376,154616688,0,0,
1789645489.4,0.6552634214027208,25.0,0.0,15.0,362051736,154816096,211360,199408,0.9435
1789645491.4,0.5753000414836855,22.0,0.0,15.0,362051736,154816096,0,0,
1789645493.5,0.5799276181212182,21.0,0.0,15.0,362219154,154971840,167418,155744,0.9303
1789645495.5,0.6820132461699114,26.0,0.0,15.0,362447198,155143216,228044,171376,0.7515
1789645497.5,0.6386198806986425,25.0,0.0,15.0,362536511,155213680,89313,70464,0.789
1789645499.5,0.6339708469824195,25.0,1.0,15.0,362606570,155226704,70059,13024,0.1859
1789645501.6,0.659626360736407,26.0,0.0,15.0,362673006,155226704,66436,0,0.0
1789645503.6,0.6321469952937474,24.0,0.0,15.0,362673006,155226704,0,0,
1789645505.6,0.617663467177822,23.0,0.0,15.0,362734628,155274096,61622,47392,0.7691
1789645507.6,0.5707869025991674,22.0,0.0,15.0,362776731,155316192,42103,42096,0.9998
1789645509.6,0.5930092837627133,23.0,3.0,15.0,362913686,155381824,136955,65632,0.4792
1789645511.7,0.6729798160413121,26.0,0.0,15.0,363070863,155527600,157177,145776,0.9275
1789645513.7,0.6746105540217717,26.0,0.0,15.0,363176848,155631552,105985,103952,0.9808
1789645515.7,0.5581701403292947,22.0,0.0,15.0,363176848,155631552,0,0,
1789645517.7,0.5800205987955427,22.0,0.0,15.0,363252442,155632016,75594,464,0.0061
1789645519.8,0.5693921924843006,21.0,0.0,15.0,363323205,155702640,70763,70624,0.998
1789645521.8,0.5900553592630209,22.0,0.0,15.0,363434719,155808928,111514,106288,0.9531
1789645523.8,0.5130602085628049,19.0,0.0,15.0,363434719,155808928,0,0,
1789645525.8,0.5615675111219192,21.0,0.0,15.0,363612610,155986784,177891,177856,0.9998
1789645527.9,0.5329294634299855,20.0,0.0,15.0,363678611,156051104,66001,64320,0.9745
1789645529.9,0.5766232280029182,22.0,0.0,15.0,364000972,156274368,322361,223264,0.6926
1789645531.9,0.6012702590584633,22.0,0.0,15.0,364071570,156344416,70598,70048,0.9922
1789645533.9,0.5724033358605004,21.0,0.0,15.0,364138789,156411408,67219,66992,0.9966
1789645535.9,0.5416124279399774,20.0,0.0,15.0,364190333,156462608,51544,51200,0.9933
1789645538.0,0.5118514597965869,19.0,0.0,15.0,364325419,156596064,135086,133456,0.9879
1789645540.0,0.539101949733217,20.0,0.0,15.0,364434767,156704992,109348,108928,0.9962
1789645542.0,0.541655342097358,20.0,0.0,15.0,364505511,156771360,70744,66368,0.9381
1789645544.0,0.5324216459009827,20.0,0.0,15.0,364689383,156954672,183872,183312,0.997
1789645546.0,0.4910881599839787,18.0,0.0,15.0,364764728,157025504,75345,70832,0.9401
1789645548.1,0.5286523524110605,20.0,0.0,15.0,364920247,157180416,155519,154912,0.9961
1789645550.1,0.5060652009097801,19.0,0.0,15.0,364920247,157180416,0,0,
1789645552.1,0.4488963909193643,18.0,0.0,15.0,365129671,157369392,209424,188976,0.9024
1789645554.1,0.4938275136967686,19.0,0.0,15.0,365339555,157574736,209884,205344,0.9784
1789645556.2,0.41152531220049493,16.0,0.0,15.0,365446660,157638832,107105,64096,0.5984
1789645558.2,0.43859699314803957,16.0,0.0,15.0,365522216,157713856,75556,75024,0.993
1789645560.2,0.45532636216687883,17.0,0.0,15.0,365701927,157890080,179711,176224,0.9806
1789645562.2,0.4902513339150586,18.0,0.0,15.0,365860517,158045952,158590,155872,0.9829
1789645564.2,0.5360121304018195,20.0,0.0,15.0,366165888,158344512,305371,298560,0.9777
1789645566.3,0.5074885204629007,19.0,0.0,15.0,366191891,158367680,26003,23168,0.891
1789645568.3,0.519618922282461,19.0,0.0,15.0,366392556,158566384,200665,198704,0.9902
1789645570.3,0.47536727366358167,18.0,0.0,15.0,366502293,158672512,109737,106128,0.9671
1789645572.3,0.5317421717424579,20.0,0.0,15.0,366744470,158889088,242177,216576,0.8943
1789645574.3,0.5374926688314474,20.0,0.0,15.0,366775874,158917984,31404,28896,0.9201
1789645576.4,0.4639664125194902,17.0,0.0,15.0,366855829,158997792,79955,79808,0.9982
1789645578.4,0.4100304690517401,15.0,0.0,15.0,366934983,159066160,79154,68368,0.8637
1789645580.4,0.47696940220578765,17.0,0.0,15.0,367191915,159313408,256932,247248,0.9623
1789645582.4,0.5277153933082523,19.0,0.0,15.0,367304016,159421648,112101,108240,0.9656
1789645584.5,0.48083167637003443,18.0,0.0,15.0,367476909,159586688,172893,165040,0.9546
1789645586.5,0.4709399630938247,18.0,0.0,15.0,367546868,159654320,69959,67632,0.9667
1789645588.5,0.4547041068848613,17.0,0.0,15.0,367737596,159842400,190728,188080,0.9861
1789645590.5,0.5029968386570729,19.0,0.0,15.0,367973792,160073520,236196,231120,0.9785
1789645592.5,0.4623142174603402,17.0,0.0,15.0,368063557,160120560,89765,47040,0.524
1789645594.6,0.42587294548471544,16.0,0.0,15.0,368168064,160222368,104507,101808,0.9742
1789645596.6,0.4295421059407498,16.0,0.0,15.0,368349389,160396928,181325,174560,0.9627
1789645598.6,0.48916417526141875,18.0,0.0,15.0,368481551,160524528,132162,127600,0.9655
1789645600.6,0.49149584447909367,18.0,0.0,15.0,368732107,160769760,250556,245232,0.9788
1789645602.7,0.460726393637261,16.0,0.0,15.0,368907639,160939328,175532,169568,0.966
1789645604.7,0.5438439641237645,20.0,0.0,15.0,369150476,161176528,242837,237200,0.9768
1789645606.7,0.520555881385269,19.0,0.0,15.0,369281069,161303120,130593,126592,0.9694
1789645608.7,0.543665155134679,20.0,0.0,15.0,369392517,161409504,111448,106384,0.9546
1789645610.7,0.5443732387314575,20.0,0.0,15.0,369466414,161483040,73897,73536,0.9951
1789645612.8,0.5166292359849514,19.0,0.0,15.0,369538941,161553568,72527,70528,0.9724
1789645614.8,0.521492840488077,19.0,0.0,15.0,369597334,161610976,58393,57408,0.9831
1789645616.8,0.5443875434505843,20.0,0.0,15.0,369647052,161659840,49718,48864,0.9828
1789645618.8,0.5118514597965869,19.0,0.0,15.0,369719659,161729536,72607,69696,0.9599
1789645620.8,0.512516629235985,19.0,0.0,15.0,369719659,161729536,0,0,
1789645622.9,0.45794412576709054,17.0,0.0,15.0,369790234,161800096,70575,70560,0.9998
1789645624.9,0.4901368961620438,18.0,0.0,15.0,370041023,162043744,250789,243648,0.9715
1789645626.9,0.5237386813909909,19.0,0.0,15.0,370114794,162116992,73771,73248,0.9929
1789645628.9,0.47576780579913314,18.0,0.0,15.0,370221446,162205568,106652,88576,0.8305
1789645631.0,0.39443117284392126,15.0,0.0,15.0,370221446,162205568,0,0,
1789645633.0,0.43375484572360423,16.0,0.0,15.0,370423709,162399760,202263,194192,0.9601
1789645635.0,0.4768263550145193,18.0,0.0,15.0,370649766,162590016,226057,190256,0.8416
1789645637.0,0.48139671277554463,18.0,0.0,15.0,370719269,162658816,69503,68800,0.9899
1789645639.0,0.5168509591314174,20.0,0.0,15.0,370873330,162811696,154061,152880,0.9923
1789645641.1,0.5267998912841346,20.0,0.0,15.0,371020974,162955344,147644,143648,0.9729
1789645643.1,0.5098631038379562,20.0,0.0,15.0,371173107,163102768,152133,147424,0.969
1789645645.1,0.4752671406296938,19.0,0.0,15.0,371297271,163210480,124164,107712,0.8675
1789645647.1,0.4858240233453016,19.0,0.0,15.0,371441487,163353072,144216,142592,0.9887
1789645649.2,0.4681219334258372,18.0,0.0,15.0,371715441,163614944,273954,261872,0.9559
1789645651.2,0.5159640665455534,19.0,0.0,15.0,371862055,163753328,146614,138384,0.9439
1789645653.2,0.5236457007166664,19.0,0.0,15.0,372163286,164051088,301231,297760,0.9885
1789645655.2,0.43807487089990993,17.0,0.0,15.0,372198868,164084816,35582,33728,0.9479
1789645657.2,0.39256440699786854,15.0,0.0,15.0,372276561,164162368,77693,77552,0.9982
1789645659.3,0.5249188207189552,20.0,0.0,15.0,372571329,164448080,294768,285712,0.9693
1789645661.3,0.45972506329838214,18.0,0.0,15.0,372571329,164448080,0,0,
1789645663.3,0.45398171856895586,18.0,0.0,15.0,372746010,164596464,174681,148384,0.8495
1789645665.3,0.4899580871729584,19.0,0.0,15.0,372876050,164724976,130040,128512,0.9882
1789645667.4,0.4651966183643984,18.0,0.0,15.0,373058025,164903184,181975,178208,0.9793
1789645669.4,0.49778276853533976,19.0,0.0,15.0,373266994,165111456,208969,208272,0.9967
1789645671.4,0.5558885376285636,21.0,0.0,15.0,373396650,165182128,129656,70672,0.5451
1789645673.5,0.556711058978357,21.0,0.0,15.0,373477592,165262800,80942,80672,0.9967
1789645675.5,0.5287739425236386,20.0,0.0,15.0,373477592,165262800,0,0,
1789645677.5,0.4998927146065487,19.0,0.0,15.0,373595286,165376512,117694,113712,0.9662
1789645679.5,0.4742228961334344,18.0,0.0,15.0,373724704,165497216,129418,120704,0.9327
1789645681.6,0.43306821920551586,17.0,0.0,15.0,373786962,165556880,62258,59664,0.9583
1789645683.6,0.4377244052813023,16.0,0.0,15.0,373848807,165616464,61845,59584,0.9634
1789645685.6,0.4881056260460326,18.0,0.0,15.0,374011941,165773968,163134,157504,0.9655
1789645687.7,0.43533551718712005,16.0,0.0,15.0,374085358,165847376,73417,73408,0.9999
1789645689.7,0.4729783855693993,17.0,0.0,15.0,374372195,166123936,286837,276560,0.9642
1789645691.7,0.4725420916360308,16.0,0.0,15.0,374581425,166332320,209230,208384,0.996
1789645693.7,0.49415652223668594,17.0,0.0,15.0,374628571,166371712,47146,39392,0.8355
1789645695.7,0.4630223010571187,16.0,0.0,15.0,374731417,166471472,102846,99760,0.97
1789645697.8,0.49655971504999497,17.0,0.0,15.0,374805149,166545184,73732,73712,0.9997
1789645699.8,0.48447222738781526,17.0,0.0,15.0,374977017,166713040,171868,167856,0.9767
1789645701.8,0.4565637203713505,16.0,0.0,15.0,375021452,166756560,44435,43520,0.9794
1789645703.8,0.43448438639907305,16.0,0.0,15.0,375223870,166955760,202418,199200,0.9841
1789645705.8,0.43579326819917896,16.0,1.0,15.0,375302909,166955760,79039,0,0.0
1789645707.9,0.46533966555566686,17.0,0.0,15.0,375354698,167007184,51789,51424,0.993
1789645709.9,0.4938918849328393,18.0,0.0,15.0,375461856,167113632,107158,106448,0.9934
1789645711.9,0.494549902012674,18.0,0.0,15.0,375461856,167113632,0,0,
1789645713.9,0.43345444662194055,19.0,0.0,15.0,375523267,167173792,61411,60160,0.9796
1789645716.0,0.508175146980989,19.0,1.0,15.0,375737071,167321312,213804,147520,0.69
1789645718.0,0.5374926688314474,20.0,1.0,15.0,375802956,167321312,65885,0,0.0
1789645720.0,0.5695066302373153,21.0,0.0,15.0,375936208,167428928,133252,107616,0.8076
1789645722.0,0.5691919264165248,20.0,0.0,15.0,375936208,167428928,0,0,
1789645724.0,0.5790621826140443,21.0,0.0,15.0,375957008,167428928,20800,0,0.0
1789645726.1,0.5797273520534425,21.0,0.0,15.0,375957008,167428928,0,0,
1789645728.1,0.4377101005621754,16.0,0.0,15.0,375957008,167428928,0,0,
1789645730.1,0.5460254337906075,21.0,0.0,15.0,376219356,167670192,262348,241264,0.9196
1789645732.1,0.5263707497103294,20.0,0.0,15.0,376219356,167670192,0,0,
1789645734.2,0.5561174131345932,21.0,0.0,15.0,376348060,167782352,128704,112160,0.8715
1789645736.2,0.4921109474015478,19.0,0.0,15.0,376369599,167803744,21539,21392,0.9932
1789645738.2,0.4547827828400589,17.0,0.0,15.0,376369599,167803744,0,0,
1789645740.2,0.5116583460883746,20.0,0.0,15.0,376586323,167986368,216724,182624,0.8427
1789645742.2,0.5635701717996767,21.0,0.0,15.0,376708563,168102304,122240,115936,0.9484
1789645744.3,0.5291244081422461,20.0,0.0,15.0,376708563,168102304,0,0,
1789645746.3,0.5199622355415052,19.0,0.0,15.0,376708563,168102304,0,0,
1789645748.3,0.4890211280701503,18.0,0.0,15.0,376751498,168124336,42935,22032,0.5131
1789645750.3,0.4348133949389904,17.0,0.0,15.0,376806532,168176752,55034,52416,0.9524
1789645752.4,0.3891455791265539,15.0,0.0,15.0,376842658,168186736,36126,9984,0.2764
1789645754.4,0.42718897964438474,19.0,0.0,15.0,377164595,168408048,321937,221312,0.6874
1789645756.4,0.4528158839601184,19.0,2.0,15.0,377164595,168408048,0,0,
1789645758.4,0.4758965482712747,20.0,0.0,15.0,377330111,168571248,165516,163200,0.986
1789645760.4,0.5027965725892972,21.0,0.0,15.0,377434999,168670144,104888,98896,0.9429
1789645762.5,0.4843363325561103,20.0,0.0,15.0,377434999,168670144,0,0,
1789645764.5,0.5047062525927304,21.0,0.0,15.0,377531257,168764432,96258,94288,0.9795
1789645766.5,0.4570715379003534,19.0,0.0,15.0,377727093,168952496,195836,188064,0.9603
1789645768.5,0.3768649777561618,16.0,1.0,15.0,377759228,168952496,32135,0,0.0
1789645770.5,0.41938575536069345,18.0,0.0,15.0,377914473,169100608,155245,148112,0.9541
1789645772.6,0.4509491181140658,19.0,0.0,15.0,377983378,169169360,68905,68752,0.9978
1789645774.6,0.4525583990158353,19.0,0.0,15.0,378044006,169228112,60628,58752,0.9691
1789645776.6,0.420365628620882,18.0,0.0,15.0,378046348,169228112,2342,0,0.0
1789645778.6,0.3330424707110876,15.0,0.0,15.0,378046348,169228112,0,0,
1789645780.6,0.4279399773985437,19.0,0.0,15.0,378380268,169509664,333920,281552,0.8432
1789645782.7,0.4325675540360765,19.0,0.0,15.0,378491695,169620224,111427,110560,0.9922
1789645784.7,0.4338835881957458,19.0,0.0,15.0,378563642,169691024,71947,70800,0.9841
1789645786.7,0.3546497489521794,16.0,0.0,15.0,378563642,169691024,0,0,
1789645788.7,0.332112663967843,13.0,0.0,15.0,378563642,169691024,0,0,
1789645790.8,0.3579183772726623,14.0,4.0,15.0,378644430,169691024,80788,0,0.0
1789645792.8,0.4504556053041898,18.0,0.0,15.0,378827764,169861216,183334,170192,0.9283
1789645794.9,0.40842118814997064,16.0,0.0,15.0,378888674,169922112,60910,60896,0.9998
1789645796.9,0.40924370949976396,16.0,0.0,15.0,378958958,169992192,70284,70080,0.9971
1789645798.9,0.3302530504813538,13.0,0.0,15.0,379030193,170062576,71235,70384,0.9881
1789645800.9,0.38787961148382855,15.0,0.0,15.0,379240418,170266480,210225,203904,0.9699
1789645802.9,0.35879811749896295,14.0,0.0,15.0,379313144,170337840,72726,71360,0.9812
1789645805.0,0.36893301100032905,15.0,0.0,15.0,379545309,170522896,232165,185056,0.7971
1789645807.0,0.4065043557869741,16.0,0.0,15.0,379683386,170656832,138077,133936,0.97
1789645809.0,0.37838127798360677,15.0,0.0,15.0,379757047,170730352,73661,73520,0.9981
1789645811.0,0.415137253780022,17.0,0.0,15.0,379912081,170847088,155034,116736,0.753
1789645813.0,0.4193356888437495,17.0,0.0,15.0,379990239,170920816,78158,73728,0.9433
1789645815.1,0.45175733474473234,18.0,0.0,15.0,380181876,171110016,191637,189200,0.9873
1789645817.1,0.4171899809747236,15.0,0.0,15.0,380181876,171110016,0,0,
1789645819.1,0.43362610325146267,17.0,0.0,15.0,380297726,171159776,115850,49760,0.4295
1789645821.1,0.4006036591471527,16.0,0.0,15.0,380297726,171159776,0,0,
1789645823.2,0.3662365714449197,14.0,0.0,15.0,380297726,171159776,0,0,
1789645825.2,0.4093939090505958,16.0,0.0,15.0,380447809,171305632,150083,145856,0.9718
1789645827.2,0.3001487690789192,12.0,0.0,15.0,380458645,171305648,10836,16,0.0015
1789645829.2,0.30300971290428713,12.0,0.0,15.0,380531615,171376032,72970,70384,0.9646
1789645831.2,0.3604646172772398,15.0,1.0,15.0,380661691,171438928,130076,62896,0.4835
1789645833.3,0.38001201596406653,16.0,0.0,15.0,380702238,171479456,40547,40528,0.9995
1789645835.3,0.35431358805269864,15.0,0.0,15.0,380816007,171592256,113769,112800,0.9915
1789645837.3,0.36910466762985106,15.0,0.0,15.0,380901694,171632832,85687,40576,0.4735
1789645839.3,0.40100419128270415,17.0,0.0,15.0,380960113,171673568,58419,40736,0.6973
1789645841.4,0.3874361651908965,16.0,0.0,15.0,380997536,171673584,37423,16,0.0004
1789645843.4,0.3258257399115968,14.0,0.0,15.0,381094906,171769376,97370,95792,0.9838
1789645845.4,0.3687685067303703,16.0,1.0,15.0,381280570,171892528,185664,123152,0.6633
1789645847.4,0.3833378631610568,16.0,0.0,15.0,381362807,171964784,82237,72256,0.8786
1789645849.4,0.37868167708527045,16.0,0.0,15.0,381547835,172148672,185028,183888,0.9938
1789645851.5,0.3415108644341769,15.0,0.0,15.0,381567258,172148688,19423,16,0.0008
1789645853.5,0.32248558799547966,14.0,0.0,15.0,381652889,172232224,85631,83536,0.9755
1789645855.5,0.3372480581343785,15.0,0.0,15.0,381800884,172378736,147995,146512,0.99
1789645857.5,0.3066717210007581,13.0,0.0,15.0,381841276,172415664,40392,36928,0.9142
1789645859.6,0.3524611269257728,15.0,0.0,15.0,382013691,172581488,172415,165824,0.9618
1789645861.6,0.38601284563777594,16.0,0.0,15.0,382105998,172671696,92307,90208,0.9773
1789645863.6,0.361473099975682,15.0,0.0,15.0,382154199,172716928,48201,45232,0.9384
1789645865.6,0.37428297595376714,15.0,0.0,15.0,382321678,172836240,167479,119312,0.7124
1789645867.6,0.4070693921924843,16.0,0.0,15.0,382408804,172917568,87126,81328,0.9335
1789645869.7,0.390561746320111,16.0,0.0,15.0,382411157,172917680,2353,112,0.0476
1789645871.7,0.37378946314389117,16.0,0.0,15.0,382480461,172976912,69304,59232,0.8547
1789645873.7,0.3007209578439928,13.0,0.0,15.0,382509507,173002992,29046,26080,0.8979
1789645875.7,0.34995780107857577,15.0,0.0,15.0,382665361,173156240,155854,153248,0.9833
1789645877.8,0.3780808788819432,16.0,0.0,15.0,382869417,173343008,204056,186768,0.9153
1789645879.8,0.3514168824295135,15.0,0.0,15.0,382936092,173407952,66675,64944,0.974
1789645881.8,0.33395082037564194,15.0,0.0,15.0,383004265,173455632,68173,47680,0.6994
1789645883.9,0.33495930307408417,15.0,0.0,15.0,383098802,173549008,94537,93376,0.9877
1789645885.9,0.33101835295463977,14.0,0.0,15.0,383226672,173670368,127870,121360,0.9491
1789645887.9,0.388365971934141,15.0,0.0,15.0,383392814,173788560,166142,118192,0.7114
1789645889.9,0.40514540746992433,16.0,0.0,15.0,383425958,173821232,33144,32672,0.9858
1789645892.0,0.3467535439941637,13.0,0.0,15.0,383425958,173821232,0,0,
1789645894.0,0.22466991860614816,8.0,0.0,15.0,383425958,173821232,0,0,
1789645896.0,0.2958072868239232,13.0,0.0,15.0,383652688,174039840,226730,218608,0.9642
1789645898.0,0.25599010113436427,11.0,0.0,15.0,383652688,174039840,0,0,
1789645900.0,0.27083124722846064,11.0,0.0,15.0,383763339,174143552,110651,103712,0.9373
1789645902.1,0.18454518145536214,8.0,0.0,15.0,383763339,174143552,0,0,
1789645904.1,0.18521750325432362,8.0,0.0,15.0,383763339,174143552,0,0,
1789645906.1,0.22213798332069745,11.0,0.0,15.0,383930439,174302224,167100,158672,0.9496
1789645908.1,0.19360722102221528,9.0,0.0,15.0,383971345,174341888,40906,39664,0.9696
1789645910.1,0.21990644713691043,10.0,2.0,15.0,384094027,174408992,122682,67104,0.547
1789645912.2,0.22629350422704453,11.0,0.0,15.0,384156997,174471280,62970,62288,0.9892
1789645914.2,0.21781795814439187,10.0,0.0,15.0,384205287,174513008,48290,41728,0.8641
1789645916.2,0.27251205172586435,13.0,0.0,15.0,384327076,174597296,121789,84288,0.6921
1789645918.2,0.26339279328250387,12.0,0.0,15.0,384442908,174665712,115832,68416,0.5906
1789645920.3,0.19709757248916415,9.0,0.0,15.0,384477236,174699184,34328,33472,0.9751
1789645922.3,0.1808259544823837,9.0,0.0,15.0,384599610,174803936,122374,104752,0.856
1789645924.3,0.15459109960375927,8.0,0.0,15.0,384690856,174892912,91246,88976,0.9751
1789645926.3,0.1868267841560931,10.0,0.0,15.0,384875376,175071904,184520,178992,0.97
1789645928.4,0.1643254609695739,9.0,0.0,15.0,384875376,175071904,0,0,
1789645930.4,0.2369147581787232,12.0,0.0,15.0,385054892,175221872,179516,149968,0.8354
1789645932.4,0.24662766246584744,13.0,0.0,15.0,385132465,175284832,77573,62960,0.8116
1789645934.4,0.2476146880855994,13.0,0.0,15.0,385232329,175381424,99864,96592,0.9672
1789645936.4,0.2774328751054973,14.0,0.0,15.0,385342046,175485168,109717,103744,0.9456
1789645938.5,0.2788561946586179,14.0,0.0,15.0,385358036,175499392,15990,14224,0.8896
1789645940.5,0.25234955011658344,13.0,0.0,15.0,385449542,175586176,91506,86784,0.9484
1789645942.5,0.25056861258529184,12.0,0.0,15.0,385498583,175630016,49041,43840,0.8939
1789645944.5,0.2771253236442702,13.0,0.0,15.0,385556152,175683664,57569,53648,0.9319
1789645946.5,0.2558399015835324,12.0,0.0,15.0,385556152,175683664,0,0,
1789645948.6,0.24916675011086153,11.0,0.0,15.0,385556152,175683664,0,0,
1789645950.6,0.2800720957843993,12.0,0.0,15.0,385623691,175750976,67539,67312,0.9966
1789645952.6,0.25479565708727314,11.0,0.0,15.0,385623691,175750976,0,0,
1789645954.6,0.26219119687584935,11.0,0.0,15.0,385692816,175818720,69125,67744,0.98
1789645956.6,0.26292788991088156,11.0,0.0,15.0,385692816,175818720,0,0,
1789645958.7,0.20363482913012998,8.0,0.0,15.0,385692816,175818720,0,0,
1789645960.7,0.20847697655456532,8.0,0.0,15.0,385770135,175818720,77319,0,0.0
1789645962.7,0.22118671949876267,8.0,0.0,15.0,385770135,175818720,0,0,
1789645964.7,0.23688614874046943,8.0,0.0,15.0,385842412,175890640,72277,71920,0.9951
1789645966.8,0.205115367559758,7.0,0.0,15.0,385842412,175890640,0,0,
1789645968.8,0.18122648661793528,6.0,0.0,15.0,385842412,175890640,0,0,
1789645970.8,0.17259358862488738,6.0,1.0,15.0,385917447,175890640,75035,0,0.0
1789645972.8,0.19822764530018455,7.0,0.0,15.0,385990237,175890640,72790,0,0.0
1789645974.8,0.2240762727623843,8.0,0.0,15.0,386065396,175890640,75159,0,0.0
1789645976.9,0.21715994106455716,7.0,0.0,15.0,386065396,175890640,0,0,
1789645978.9,0.21826855679688728,7.0,0.0,15.0,386065396,175890640,0,0,
1789645980.9,0.24408142246126996,8.0,0.0,15.0,386140029,175890640,74633,0,0.0
1789645982.9,0.21839014690946545,7.0,0.0,15.0,386140029,175890640,0,0,
1789645985.0,0.16896018996666995,5.0,0.0,15.0,386220115,175963856,80086,73216,0.9142
1789645987.0,0.1358090033902184,4.0,0.0,15.0,386293332,176037056,73217,73200,0.9998
1789645989.0,0.13623099260446025,4.0,0.0,15.0,386293332,176037056,0,0,
1789645991.0,0.16198663939233549,5.0,2.0,15.0,386367901,176037056,74569,0,0.0
1789645993.0,0.18762784842719615,6.0,1.0,15.0,386441896,176037072,73995,16,0.0002
1789645995.1,0.23668588267269375,7.0,0.0,15.0,386517565,176110560,75669,73488,0.9712
1789645997.1,0.20188250103709215,6.0,0.0,15.0,386517565,176110560,0,0,
1789645999.1,0.20236170912784124,6.0,0.0,15.0,386517565,176110560,0,0,
1789646001.1,0.20284806957815382,6.0,0.0,15.0,386517565,176110560,0,0,
1789646003.1,0.17349478592987821,5.0,0.0,15.0,386517565,176110560,0,0,
1789646005.2,0.18846467449611626,6.0,0.0,15.0,386591289,176110560,73724,0,0.0
1789646007.2,0.2068104767762885,6.0,0.0,15.0,386591289,176110560,0,0,
1789646009.2,0.20730398958616447,6.0,0.0,15.0,386591289,176110560,0,0,
1789646011.3,0.10471054400846835,3.0,0.0,15.0,386591289,176110560,0,0,
1789646013.3,0.07129472012817029,2.0,0.0,15.0,386591289,176110560,0,0,
1789646015.3,0.08613586622226677,3.0,2.0,15.0,386671292,176110560,80003,0,0.0
1789646017.3,0.10810791480109283,4.0,2.0,15.0,386746240,176110560,74948,0,0.0
1789646019.3,0.1374111319324245,4.0,2.0,15.0,386746240,176110560,0,0,
1789646021.4,0.16304518860772166,5.0,1.0,15.0,386823063,176110560,76823,0,0.0
1789646023.4,0.18867924528301883,6.0,0.0,15.0,386899774,176110560,76711,0,0.0
1789646025.4,0.2094496974551905,6.0,0.0,15.0,386899774,176110560,0,0,
1789646027.4,0.2099002961076859,6.0,0.0,15.0,386899774,176110560,0,0,
1789646029.4,0.21039380891756188,6.0,0.0,15.0,386899774,176110560,0,0,
1789646031.5,0.21086586464874757,6.0,0.0,15.0,386899774,176110560,0,0,
1789646033.5,0.1418098330639278,4.0,0.0,15.0,386899774,176110560,0,0,
1789646035.5,0.10493941951449781,3.0,0.0,15.0,386899774,176110560,0,0,
1789646037.5,0.10526127569485177,3.0,0.0,15.0,386899774,176110560,0,0,
1789646039.6,0.06919192641652483,2.0,0.0,15.0,386899774,176110560,0,0,
1789646041.6,0.09850944826698327,3.0,1.0,15.0,386976715,176110560,76941,0,0.0
1789646043.6,0.12781266539831493,4.0,0.0,15.0,387054164,176110560,77449,0,0.0
1789646045.6,0.1383480910352325,4.0,0.0,15.0,387054164,176110560,0,0,
1789646047.6,0.10424564063684605,3.0,0.0,15.0,387054164,176110560,0,0,
1789646049.7,0.10458180153632679,3.0,0.0,15.0,387054164,176110560,0,0,
1789646051.7,0.10491081007624414,3.0,0.0,15.0,387054164,176110560,0,0,
1789646053.7,0.03469609624215031,1.0,0.0,15.0,387054164,176110560,0,0,
1789646055.7,0.053084812679703,2.0,0.0,15.0,387137951,176110560,83787,0,0.0
1789646057.7,0.07223883159054167,2.0,0.0,15.0,387137951,176110560,0,0,
1789646059.8,0.0724963165348248,2.0,0.0,15.0,387137951,176110560,0,0,
1789646061.8,0.07276810619823482,2.0,0.0,15.0,387137951,176110560,0,0,
1789646063.8,0.0,0.0,0.0,15.0,387137951,176110560,0,0,
1789646065.8,0.0,0.0,0.0,15.0,387137951,176110560,0,0,
1789646067.9,0.0,0.0,0.0,15.0,387137951,176110560,0,0,
1789646069.9,0.0,0.0,0.0,15.0,387312549,176110560,174598,0,0.0
1789646071.9,0.0,0.0,0.0,15.0,387312549,176110560,0,0,
1789646073.9,0.0,0.0,0.0,15.0,387312549,176110560,0,0,
1789646075.9,0.0,0.0,0.0,15.0,387312549,176110560,0,0,
1789646078.0,0.0,0.0,0.0,15.0,387312549,176110560,0,0,
1789646080.0,0.0,0.0,0.0,15.0,387312549,176110560,0,0,
1789646082.0,0.0,0.0,0.0,15.0,387312549,176110560,0,0,
1789646084.0,0.0,0.0,0.0,15.0,387312549,176110560,0,0,
1789646086.0,0.0,0.0,0.0,15.0,387312549,176110560,0,0,
1789646088.1,0.0,0.0,0.0,15.0,387312549,176110560,0,0,
1789646090.1,0.0,0.0,0.0,15.0,387312549,176110560,0,0,
1789646092.1,0.0,0.0,0.0,15.0,387312549,176110560,0,0,
1789646094.1,0.0,0.0,0.0,15.0,387312549,176110560,0,0,
1789646096.1,0.0,0.0,0.0,15.0,387312549,176110560,0,0,
1789646098.2,0.0,0.0,0.0,15.0,387312549,176110560,0,0,
1789646100.2,0.0,0.0,0.0,15.0,387312549,176110560,0,0,
1789646102.2,0.0,0.0,0.0,15.0,387312549,176110560,0,0,
1789646104.2,0.0,0.0,0.0,15.0,387312549,176110560,0,0,
1789646106.2,0.0,0.0,0.0,15.0,387312549,176110560,0,0,
1789646108.3,0.0,0.0,0.0,15.0,387312549,176110560,0,0,
1789646110.3,0.0,0.0,0.0,15.0,387312549,176110560,0,0,
1789646112.3,0.0,0.0,0.0,15.0,387312549,176110560,0,0,
1789646114.3,0.0,0.0,0.0,15.0,387312549,176110560,0,0,
1789646116.3,0.0,0.0,0.0,15.0,387312549,176110560,0,0,
1789646118.4,0.0,0.0,0.0,15.0,387312549,176110560,0,0,
1789646120.4,0.0,0.0,0.0,15.0,387312549,176110560,0,0,
1789646122.4,0.0,0.0,0.0,15.0,387312549,176110560,0,0,
1789646124.4,0.0,0.0,0.0,15.0,387312549,176110560,0,0,
1789646126.5,0.0,0.0,0.0,15.0,387312549,176110560,0,0,
1789646128.5,0.0,0.0,0.0,15.0,387312549,176110560,0,0,
1789646130.5,0.0,0.0,0.0,15.0,387312549,176110560,0,0,
1789646132.5,0.0,0.0,0.0,15.0,387312549,176110560,0,0,
1789646134.5,0.0,0.0,0.0,15.0,387312549,176110560,0,0,
1789646136.5,0.0,0.0,0.0,15.0,387312549,176110560,0,0,
1789646138.6,0.0,0.0,0.0,15.0,387312549,176110560,0,0,
1789646140.6,0.0,0.0,0.0,15.0,387312549,176110560,0,0,
1789646142.6,0.0,0.0,0.0,15.0,387312549,176110560,0,0,
1789646144.6,0.0,0.0,0.0,15.0,387312549,176110560,0,0,
1789646146.7,0.0,0.0,0.0,15.0,387312549,176110560,0,0,
1789646148.7,0.0,0.0,0.0,15.0,387312549,176110560,0,0,
1789646150.7,0.0,0.0,0.0,15.0,387312549,176110560,0,0,
1789646152.7,0.0,0.0,0.0,15.0,387312549,176110560,0,0,
1789646154.7,0.0,0.0,0.0,15.0,387312549,176110560,0,0,
1789646156.8,0.0,0.0,0.0,15.0,387312549,176110560,0,0,
1789646158.8,0.0,0.0,0.0,15.0,387312549,176110560,0,0,
1789646160.8,0.0,0.0,0.0,15.0,387399542,176110560,86993,0,0.0
1789646162.8,0.0,0.0,0.0,15.0,387399542,176110560,0,0,
1789646164.8,0.0,0.0,0.0,15.0,387399542,176110560,0,0,
1789646166.9,0.0,0.0,0.0,15.0,387399542,176110560,0,0,
1789646168.9,0.0,0.0,0.0,15.0,387399542,176110560,0,0,
1789646170.9,0.0,0.0,0.0,15.0,387399542,176110560,0,0,
1789646172.9,0.0,0.0,0.0,15.0,387399542,176110560,0,0,
1789646175.0,0.0,0.0,0.0,15.0,387399542,176110560,0,0,
1789646177.0,0.0,0.0,0.0,15.0,387399542,176110560,0,0,
1789646179.0,0.0,0.0,0.0,15.0,387399542,176110560,0,0,
1789646181.0,0.0,0.0,0.0,15.0,387399542,176110560,0,0,
1789646183.0,0.0,0.0,0.0,15.0,387399542,176110560,0,0,
1789646185.1,0.0,0.0,0.0,15.0,387399542,176110560,0,0,
1789646187.1,0.0,0.0,0.0,15.0,387399542,176110560,0,0,
1789646189.1,0.0,0.0,0.0,15.0,387399542,176110560,0,0,
1789646191.1,0.0,0.0,0.0,15.0,387399542,176110560,0,0,
1789646193.1,0.0,0.0,0.0,15.0,387399542,176110560,0,0,
1789646195.2,0.0,0.0,0.0,15.0,387399542,176110560,0,0,
1789646197.2,0.0,0.0,0.0,15.0,387399542,176110560,0,0,
1789646199.2,0.0,0.0,0.0,15.0,387399542,176110560,0,0,
1789646201.2,0.0,0.0,0.0,15.0,387399542,176110560,0,0,
1789646203.3,0.0,0.0,0.0,15.0,387399542,176110560,0,0,
1789646205.3,0.0,0.0,0.0,15.0,387399542,176110560,0,0,
1789646207.3,0.0,0.0,0.0,15.0,387399542,176110560,0,0,
1789646209.3,0.0,0.0,0.0,15.0,387399542,176110560,0,0,
1789646211.3,0.0,0.0,0.0,15.0,387399542,176110560,0,0,
1789646213.4,0.0,0.0,0.0,15.0,387399542,176110560,0,0,
1789646215.4,0.0,0.0,0.0,15.0,387399542,176110560,0,0,
1789646217.4,0.0,0.0,0.0,15.0,387399542,176110560,0,0,
1789646217.4,0.0,0.0,0.0,15.0,387399542,176110560,0,0,
