2026-10-09 15:15:59.992 - aiperf.cli_runner._single_run - INFO - Starting AIPerf System
2026-10-09 15:16:00.027 - aiperf.common.scenario.validator - INFO - Scenario 'agentx': setting profiling-phase timing_mode=agentic_replay.
2026-10-09 15:16:00.027 - aiperf.common.scenario.validator - INFO - Scenario 'agentx': injecting extra_inputs.ignore_eos=true (was absent).
2026-10-09 15:16:00.027 - aiperf.common.scenario.validator - INFO - Scenario 'agentx': auto-set --cache-bust=first_turn_prefix (was at default none).
2026-10-09 15:16:00.027 - aiperf.common.scenario.validator - INFO - Scenario 'agentx': auto-set --system-idle-gap-cap-seconds=10.0 (was unset).
2026-10-09 15:16:00.943 - system_controller - INFO - GPU telemetry disabled via --no-gpu-telemetry
2026-10-09 15:16:01.064 - system_controller - INFO - Registered Worker Manager (id: 'worker_manager')
2026-10-09 15:16:01.065 - server_metrics_manager - INFO - Server Metrics: Discovered 1 endpoints: ['http://agentx-lane-b:8000/metrics']
2026-10-09 15:16:01.274 - OTelMetricsResultsProcessor_5008cd2f - INFO - Telemetry streaming is disabled (set --otel-url and/or --mlflow-tracking-uri to enable)
2026-10-09 15:16:01.278 - RecordExportJSONLWriter_49a210f9 - INFO - Record metrics export enabled: /data/results/offload-baseline-60m/c128/aiperf_artifacts/profile_export.jsonl
2026-10-09 15:16:01.362 - system_controller - INFO - Registered Server Metrics Manager (id: 'server_metrics_manager')
2026-10-09 15:16:01.364 - system_controller - INFO - Registered Dataset Manager (id: 'dataset_manager')
2026-10-09 15:16:01.443 - system_controller - INFO - Registered Records Manager (id: 'records_manager')
2026-10-09 15:16:01.447 - system_controller - INFO - Registered Record Processor (id: 'record_processor_55fa71b8')
2026-10-09 15:16:01.449 - system_controller - INFO - Registered Record Processor (id: 'record_processor_60dd3516')
2026-10-09 15:16:01.545 - system_controller - INFO - Registered Record Processor (id: 'record_processor_0267f295')
2026-10-09 15:16:01.547 - system_controller - INFO - Registered Record Processor (id: 'record_processor_9fdec5bc')
2026-10-09 15:16:01.548 - system_controller - INFO - Registered Record Processor (id: 'record_processor_ad3c4afc')
2026-10-09 15:16:01.625 - system_controller - INFO - Registered Timing Manager (id: 'timing_manager')
2026-10-09 15:16:01.688 - system_controller - INFO - Registered Worker (id: 'worker_cd232a57')
2026-10-09 15:16:01.690 - system_controller - INFO - Registered Worker (id: 'worker_43f4f718')
2026-10-09 15:16:01.702 - system_controller - INFO - Registered Worker (id: 'worker_712536f9')
2026-10-09 15:16:01.735 - system_controller - INFO - Registered Worker (id: 'worker_3292df8a')
2026-10-09 15:16:01.748 - system_controller - INFO - Registered Worker (id: 'worker_cb1ce0fd')
2026-10-09 15:16:01.759 - system_controller - INFO - Registered Worker (id: 'worker_ff80b2a3')
2026-10-09 15:16:01.759 - system_controller - INFO - Registered Worker (id: 'worker_56245695')
2026-10-09 15:16:01.766 - system_controller - INFO - Registered Worker (id: 'worker_a975e2c6')
2026-10-09 15:16:01.778 - system_controller - INFO - Registered Worker (id: 'worker_990f3c82')
2026-10-09 15:16:01.798 - system_controller - INFO - Registered Worker (id: 'worker_3349b26b')
2026-10-09 15:16:01.800 - system_controller - INFO - Registered Worker (id: 'worker_da07fddd')
2026-10-09 15:16:01.809 - system_controller - INFO - Registered Worker (id: 'worker_a27a3ac0')
2026-10-09 15:16:01.825 - system_controller - INFO - Registered Worker (id: 'worker_dfb5d0c7')
2026-10-09 15:16:01.875 - system_controller - INFO - Registered Worker (id: 'worker_6fa6a901')
2026-10-09 15:16:01.875 - system_controller - INFO - Registered Worker (id: 'worker_8dc567b5')
2026-10-09 15:16:01.897 - system_controller - INFO - Registered Worker (id: 'worker_8eda0e15')
2026-10-09 15:16:01.910 - system_controller - INFO - Registered Worker (id: 'worker_05b50db6')
2026-10-09 15:16:01.915 - system_controller - INFO - Registered Worker (id: 'worker_7bca4b7a')
2026-10-09 15:16:01.928 - system_controller - INFO - Registered Worker (id: 'worker_2d2eb68c')
2026-10-09 15:16:01.932 - system_controller - INFO - Registered Worker (id: 'worker_edc7392e')
2026-10-09 15:16:01.932 - system_controller - INFO - Registered Worker (id: 'worker_596cce3f')
2026-10-09 15:16:01.951 - system_controller - INFO - AIPerf System is CONFIGURING
2026-10-09 15:16:01.952 - system_controller - INFO - Configuring all services to start profiling
2026-10-09 15:16:01.956 - InferenceResultParser_02199c86 - INFO - Tokenization is disabled for this endpoint, skipping tokenizer configuration
2026-10-09 15:16:01.956 - timing_manager - INFO - Waiting for dataset to be configured before configuring timing
2026-10-09 15:16:01.956 - InferenceResultParser_03161c2f - INFO - Tokenization is disabled for this endpoint, skipping tokenizer configuration
2026-10-09 15:16:01.956 - InferenceResultParser_199ec607 - INFO - Tokenization is disabled for this endpoint, skipping tokenizer configuration
2026-10-09 15:16:01.956 - InferenceResultParser_3a1b36c7 - INFO - Tokenization is disabled for this endpoint, skipping tokenizer configuration
2026-10-09 15:16:01.956 - InferenceResultParser_b15c9e9c - INFO - Tokenization is disabled for this endpoint, skipping tokenizer configuration
2026-10-09 15:16:01.970 - system_controller - INFO - Registered Worker (id: 'worker_59c429be')
2026-10-09 15:16:01.992 - server_metrics_manager - INFO - Server Metrics: Capturing baseline metrics...
2026-10-09 15:16:02.026 - http://agentx-lane-b:8000/metrics - INFO - Skipping unsupported summary metric: http_request_size_bytes
2026-10-09 15:16:02.026 - http://agentx-lane-b:8000/metrics - INFO - Skipping unsupported summary metric: http_response_size_bytes
2026-10-09 15:16:02.051 - http://10.100.9.14:8000/metrics - INFO - Skipping unsupported summary metric: http_request_size_bytes
2026-10-09 15:16:02.051 - http://10.100.9.14:8000/metrics - INFO - Skipping unsupported summary metric: http_response_size_bytes
2026-10-09 15:16:02.055 - system_controller - INFO - Server metrics enabled - 2/2 endpoint(s) reachable.
2026-10-09 15:16:02.056 - system_controller - INFO - Waiting for result domains: profile, server_metrics
2026-10-09 15:16:02.057 - system_controller - INFO - Registered Worker (id: 'worker_4be56cc2')
2026-10-09 15:16:02.738 - dataset_manager - INFO - Memory-mapped dataset cache HIT (key=42113ff9400ba23b2007a3f65002eb0d); skipping tokenizer + composer.
2026-10-09 15:16:23.881 - aiperf.dataset.mmap_cache - INFO - Restored mmap cache file dataset.dat via copy in 21.143s (2.26 GiB)
2026-10-09 15:16:23.897 - aiperf.dataset.mmap_cache - INFO - Restored mmap cache file index.dat via copy in 0.015s (0.00 GiB)
2026-10-09 15:16:23.897 - aiperf.dataset.mmap_cache - INFO - Restored mmap cache files in 21.159s via dataset=copy index=copy (dataset=2.26 GiB, index=0.00 GiB)
2026-10-09 15:16:26.504 - dataset_manager - INFO - sampling strategy: sequential, unique conversations: 9602, unique turn count: 68266
2026-10-09 15:16:28.226 - dataset_manager - INFO - Dataset client initialized and freed 0 conversations from memory
2026-10-09 15:16:31.829 - system_controller - WARNING - Received command response for service we were not expecting: worker_4be56cc2. Ignoring.
2026-10-09 15:16:31.904 - aiperf.timing.trajectory_source - INFO - TrajectorySource: built 128 trajectories from 393 traces
2026-10-09 15:16:31.904 - aiperf.timing.trajectory_source - INFO -   range cfg=[0.25, 0.75]  observed sample pct: min= 26% median= 51% max= 75%
2026-10-09 15:16:31.904 - aiperf.timing.trajectory_source - INFO -     lane=00  sample_time= 53%  root_next= 45/61  ( 74% turns)  live=1 ready=1  trace_id=002001296e8a8c38ad9d7cc436d691afc602
2026-10-09 15:16:31.904 - aiperf.timing.trajectory_source - INFO -     lane=01  sample_time= 49%  root_next=  5/33  ( 15% turns)  live=1 ready=1  trace_id=006c98de37d819e95b0840e25426bb7ca99d
2026-10-09 15:16:31.904 - aiperf.timing.trajectory_source - INFO -     lane=02  sample_time= 67%  root_next= 24/29  ( 83% turns)  live=1 ready=1  trace_id=00ca01c4aaeccee751ae6285beb54dea262f
2026-10-09 15:16:31.905 - aiperf.timing.trajectory_source - INFO -     lane=03  sample_time= 56%  root_next=  0/16  (  0% turns)  live=1 ready=1  trace_id=0196085d85d2075a50b74cd8795ffbdcea9a
2026-10-09 15:16:31.905 - aiperf.timing.trajectory_source - INFO -     lane=04  sample_time= 47%  root_next=  0/13  (  0% turns)  live=2 ready=2  trace_id=02bc0afb13f7a2d9efa86c28511261d85c0e
2026-10-09 15:16:31.905 - aiperf.timing.trajectory_source - INFO -     lane=05  sample_time= 47%  root_next= 17/28  ( 61% turns)  live=1 ready=1  trace_id=03e110ac6921c2fe9ac7772a9654314a2beb
2026-10-09 15:16:31.905 - aiperf.timing.trajectory_source - INFO -     lane=06  sample_time= 74%  root_next=  0/54  (  0% turns)  live=13 ready=13  trace_id=0470d446a4514dfe0c6ad0be92853bd13287
2026-10-09 15:16:31.905 - aiperf.timing.trajectory_source - INFO -     lane=07  sample_time= 35%  root_next=  3/7   ( 43% turns)  live=1 ready=1  trace_id=04dba6fe621301a1d01fd63b8d02c9645c48
2026-10-09 15:16:31.905 - aiperf.timing.trajectory_source - INFO -     lane=08  sample_time= 75%  root_next= 32/34  ( 94% turns)  live=1 ready=1  trace_id=05c249572509162371b7b82339674db64b5d
2026-10-09 15:16:31.905 - aiperf.timing.trajectory_source - INFO -     lane=09  sample_time= 42%  root_next= 49/52  ( 94% turns)  live=1 ready=1  trace_id=05f72f78a037cfa5cd4e4541960a574701d9
2026-10-09 15:16:31.905 - aiperf.timing.trajectory_source - INFO -     lane=10  sample_time= 66%  root_next=  0/1   (  0% turns)  live=1 ready=1  trace_id=063179eb93f4337a662e859c5a2c5638e03f
2026-10-09 15:16:31.905 - aiperf.timing.trajectory_source - INFO -     lane=11  sample_time= 49%  root_next= 27/39  ( 69% turns)  live=1 ready=1  trace_id=069d7bf5f1efb4e76e3c84510367e6af78a5
2026-10-09 15:16:31.905 - aiperf.timing.trajectory_source - INFO -     lane=12  sample_time= 43%  root_next= 25/34  ( 74% turns)  live=1 ready=1  trace_id=077ea9e6554f45bbad9c24a8462bae9a8512
2026-10-09 15:16:31.906 - aiperf.timing.trajectory_source - INFO -     lane=13  sample_time= 68%  root_next=  8/9   ( 89% turns)  live=3 ready=2  trace_id=07dd40536557a1d6440a923557c3129dc929
2026-10-09 15:16:31.906 - aiperf.timing.trajectory_source - INFO -     lane=14  sample_time= 62%  root_next=  6/19  ( 32% turns)  live=2 ready=2  trace_id=085411a4cc4b15108dd9b50007261a2efb65
2026-10-09 15:16:31.906 - aiperf.timing.trajectory_source - INFO -     lane=15  sample_time= 59%  root_next=  0/49  (  0% turns)  live=4 ready=4  trace_id=085aacf44ac5428ad3c6b4f6cd431e083832
2026-10-09 15:16:31.906 - aiperf.timing.trajectory_source - INFO -     lane=16  sample_time= 34%  root_next= 13/33  ( 39% turns)  live=1 ready=1  trace_id=0a279af1bec84c6ab033bb03f5d8bfd6b08d
2026-10-09 15:16:31.906 - aiperf.timing.trajectory_source - INFO -     lane=17  sample_time= 68%  root_next= 21/31  ( 68% turns)  live=1 ready=1  trace_id=0a688303b1ae62a97607af8021f2130c2caf
2026-10-09 15:16:31.906 - aiperf.timing.trajectory_source - INFO -     lane=18  sample_time= 69%  root_next=  0/138 (  0% turns)  live=1 ready=1  trace_id=0b7f3ca692f15ae2651a310d9411d70794aa
2026-10-09 15:16:31.906 - aiperf.timing.trajectory_source - INFO -     lane=19  sample_time= 42%  root_next=  7/16  ( 44% turns)  live=1 ready=1  trace_id=0bc9c4f798d321286bf39f2543c0c4e4c059
2026-10-09 15:16:31.906 - aiperf.timing.trajectory_source - INFO -     lane=20  sample_time= 50%  root_next= 19/24  ( 79% turns)  live=1 ready=1  trace_id=0bcd99353218b9a386b1c4aec13d77abecdb
2026-10-09 15:16:31.907 - aiperf.timing.trajectory_source - INFO -     lane=21  sample_time= 67%  root_next= 25/46  ( 54% turns)  live=1 ready=1  trace_id=0bed163ac9566086e14ffd85c7481096d49d
2026-10-09 15:16:31.907 - aiperf.timing.trajectory_source - INFO -     lane=22  sample_time= 70%  root_next=  6/32  ( 19% turns)  live=1 ready=1  trace_id=0d41be2aa98333f3662682210647e5971c7b
2026-10-09 15:16:31.907 - aiperf.timing.trajectory_source - INFO -     lane=23  sample_time= 48%  root_next= 16/28  ( 57% turns)  live=1 ready=1  trace_id=0d8a816e4819b765d81ff748da94d463f3b2
2026-10-09 15:16:31.907 - aiperf.timing.trajectory_source - INFO -     lane=24  sample_time= 67%  root_next=  4/49  (  8% turns)  live=1 ready=1  trace_id=0db32e2f852a2ea24ed616b31975a84da5e4
2026-10-09 15:16:31.907 - aiperf.timing.trajectory_source - INFO -     lane=25  sample_time= 72%  root_next= 42/43  ( 98% turns)  live=1 ready=1  trace_id=0dedb07b5e4362b028db9d8ab90fff7fd4ad
2026-10-09 15:16:31.907 - aiperf.timing.trajectory_source - INFO -     lane=26  sample_time= 34%  root_next=  9/26  ( 35% turns)  live=1 ready=1  trace_id=0e4206535a79f980e2b1091181202ea987fe
2026-10-09 15:16:31.907 - aiperf.timing.trajectory_source - INFO -     lane=27  sample_time= 56%  root_next=  4/19  ( 21% turns)  live=1 ready=1  trace_id=0ede42538334da8586bc60008762abfc0ab7
2026-10-09 15:16:31.907 - aiperf.timing.trajectory_source - INFO -     lane=28  sample_time= 62%  root_next=  0/2   (  0% turns)  live=1 ready=1  trace_id=0f909e7d63c0d5e1f060d727ada25d910d89
2026-10-09 15:16:31.907 - aiperf.timing.trajectory_source - INFO -     lane=29  sample_time= 37%  root_next= 66/84  ( 79% turns)  live=1 ready=1  trace_id=1007f04d2c64580308858bb42f292992929d
2026-10-09 15:16:31.907 - aiperf.timing.trajectory_source - INFO -     lane=30  sample_time= 35%  root_next=  0/55  (  0% turns)  live=13 ready=13  trace_id=11310dce936f02050cadaeae295bcdd1ce7f
2026-10-09 15:16:31.907 - aiperf.timing.trajectory_source - INFO -     lane=31  sample_time= 31%  root_next= 15/23  ( 65% turns)  live=1 ready=1  trace_id=117ebe75819d050f308a0a81647893abd02d
2026-10-09 15:16:31.907 - aiperf.timing.trajectory_source - INFO -     lane=32  sample_time= 64%  root_next=  3/5   ( 60% turns)  live=4 ready=3  trace_id=12bd4c7c82ae413b035253cb800fc5312111
2026-10-09 15:16:31.907 - aiperf.timing.trajectory_source - INFO -     lane=33  sample_time= 74%  root_next= 19/20  ( 95% turns)  live=1 ready=1  trace_id=12cfecf98c158ab54fb65980602421f00d69
2026-10-09 15:16:31.907 - aiperf.timing.trajectory_source - INFO -     lane=34  sample_time= 68%  root_next= 54/93  ( 58% turns)  live=1 ready=1  trace_id=12e6fd87f4d3d1f93f96bd7bb6a520043805
2026-10-09 15:16:31.907 - aiperf.timing.trajectory_source - INFO -     lane=35  sample_time= 60%  root_next= 52/75  ( 69% turns)  live=1 ready=1  trace_id=13b532ee3aaa0a52b05c3bcc472355ab62b4
2026-10-09 15:16:31.907 - aiperf.timing.trajectory_source - INFO -     lane=36  sample_time= 27%  root_next= 36/50  ( 72% turns)  live=1 ready=1  trace_id=13e0b7038bafff59abfdc31aad12dbcd4a2f
2026-10-09 15:16:31.907 - aiperf.timing.trajectory_source - INFO -     lane=37  sample_time= 51%  root_next= 14/27  ( 52% turns)  live=1 ready=1  trace_id=14129d470e508b236be22188aa78548ef805
2026-10-09 15:16:31.907 - aiperf.timing.trajectory_source - INFO -     lane=38  sample_time= 75%  root_next=  4/5   ( 80% turns)  live=1 ready=1  trace_id=1493faffdc8942e99daa22277f44871a40b8
2026-10-09 15:16:31.908 - aiperf.timing.trajectory_source - INFO -     lane=39  sample_time= 53%  root_next=  0/11  (  0% turns)  live=1 ready=1  trace_id=1499c406c828e8fe6b6af697e7799c6a715b
2026-10-09 15:16:31.908 - aiperf.timing.trajectory_source - INFO -     lane=40  sample_time= 33%  root_next=  0/87  (  0% turns)  live=1 ready=1  trace_id=15ab8fdb8831965bb01e45ac51829cb4e3e3
2026-10-09 15:16:31.908 - aiperf.timing.trajectory_source - INFO -     lane=41  sample_time= 71%  root_next=  0/70  (  0% turns)  live=9 ready=9  trace_id=162d6f4f741a1cf3ce98acb5e3718c3bc0c7
2026-10-09 15:16:31.908 - aiperf.timing.trajectory_source - INFO -     lane=42  sample_time= 55%  root_next=  0/70  (  0% turns)  live=1 ready=1  trace_id=16b968359e79eda8a61415fa7ad536f6cda5
2026-10-09 15:16:31.908 - aiperf.timing.trajectory_source - INFO -     lane=43  sample_time= 43%  root_next= 37/51  ( 73% turns)  live=1 ready=1  trace_id=16c18d979235980e8021cfb0a0b3b386305a
2026-10-09 15:16:31.908 - aiperf.timing.trajectory_source - INFO -     lane=44  sample_time= 40%  root_next= 28/75  ( 37% turns)  live=2 ready=1  trace_id=16e46bc4d9e121ffbd67ada51cb3f965342f
2026-10-09 15:16:31.908 - aiperf.timing.trajectory_source - INFO -     lane=45  sample_time= 38%  root_next=  9/27  ( 33% turns)  live=1 ready=1  trace_id=17808bf55e26681520f3f11f47b5e1260108
2026-10-09 15:16:31.908 - aiperf.timing.trajectory_source - INFO -     lane=46  sample_time= 70%  root_next=  0/2   (  0% turns)  live=3 ready=3  trace_id=18bf3ef42c109a28326d8384f1bcc8dfae37
2026-10-09 15:16:31.908 - aiperf.timing.trajectory_source - INFO -     lane=47  sample_time= 33%  root_next= 69/74  ( 93% turns)  live=1 ready=1  trace_id=1a271af3dedd40be2efd413ef35fe7f0f53b
2026-10-09 15:16:31.908 - aiperf.timing.trajectory_source - INFO -     lane=48  sample_time= 73%  root_next= 25/27  ( 93% turns)  live=1 ready=1  trace_id=1b5229e3aa8893ca2f4d07d248f9cd9752fb
2026-10-09 15:16:31.908 - aiperf.timing.trajectory_source - INFO -     lane=49  sample_time= 59%  root_next=  0/46  (  0% turns)  live=3 ready=3  trace_id=1b577bfa02cd2c421c0b59c5cac702b3c287
2026-10-09 15:16:31.908 - aiperf.timing.trajectory_source - INFO -     lane=50  sample_time= 34%  root_next= 11/21  ( 52% turns)  live=1 ready=1  trace_id=1b57efe98ed202c35114d97e01ec25e8420b
2026-10-09 15:16:31.908 - aiperf.timing.trajectory_source - INFO -     lane=51  sample_time= 47%  root_next=  0/31  (  0% turns)  live=2 ready=2  trace_id=1c4f3018d336b1bf78434d328001bc7bbe49
2026-10-09 15:16:31.908 - aiperf.timing.trajectory_source - INFO -     lane=52  sample_time= 71%  root_next= 22/29  ( 76% turns)  live=1 ready=1  trace_id=1cdb6c60ce49f7b74ab6cf59051bab7591e6
2026-10-09 15:16:31.908 - aiperf.timing.trajectory_source - INFO -     lane=53  sample_time= 66%  root_next= 13/35  ( 37% turns)  live=2 ready=1  trace_id=1d8a2c1d4dc1f585337036c6ad60e1ce5eb3
2026-10-09 15:16:31.908 - aiperf.timing.trajectory_source - INFO -     lane=54  sample_time= 70%  root_next= 64/80  ( 80% turns)  live=1 ready=1  trace_id=1f5f21559e4b79c6d2480796c7218206047f
2026-10-09 15:16:31.909 - aiperf.timing.trajectory_source - INFO -     lane=55  sample_time= 64%  root_next=  0/74  (  0% turns)  live=3 ready=3  trace_id=1fc68c514c7fb89dbc498ae9da77d5476cec
2026-10-09 15:16:31.909 - aiperf.timing.trajectory_source - INFO -     lane=56  sample_time= 46%  root_next= 14/34  ( 41% turns)  live=1 ready=1  trace_id=203147a7ad6c355f99290d8ac7811e6de5be
2026-10-09 15:16:31.909 - aiperf.timing.trajectory_source - INFO -     lane=57  sample_time= 53%  root_next=  0/43  (  0% turns)  live=11 ready=11  trace_id=208d6e28928b0b3d3b33db3c690173d15be3
2026-10-09 15:16:31.909 - aiperf.timing.trajectory_source - INFO -     lane=58  sample_time= 35%  root_next= 36/38  ( 95% turns)  live=1 ready=1  trace_id=20c87b0b00ac5895cc4528c971b71cce3960
2026-10-09 15:16:31.909 - aiperf.timing.trajectory_source - INFO -     lane=59  sample_time= 33%  root_next= 55/95  ( 58% turns)  live=1 ready=1  trace_id=212e46e294bd09113e425ebc8a430cc528a6
2026-10-09 15:16:31.909 - aiperf.timing.trajectory_source - INFO -     lane=60  sample_time= 69%  root_next=  0/52  (  0% turns)  live=1 ready=1  trace_id=21cde366f5bd2f0ff2031b0538496c7e2a05
2026-10-09 15:16:31.909 - aiperf.timing.trajectory_source - INFO -     lane=61  sample_time= 38%  root_next= 50/71  ( 70% turns)  live=1 ready=1  trace_id=22a380be2e4f6293f24e32fd637ccc876d73
2026-10-09 15:16:31.909 - aiperf.timing.trajectory_source - INFO -     lane=62  sample_time= 52%  root_next= 11/17  ( 65% turns)  live=1 ready=1  trace_id=23074f92872cd4f8212d04cd87e71a2ced7b
2026-10-09 15:16:31.910 - aiperf.timing.trajectory_source - INFO -     lane=63  sample_time= 51%  root_next= 41/67  ( 61% turns)  live=1 ready=1  trace_id=23a576b18cd4bacef3d1aa138b060b9407ce
2026-10-09 15:16:31.910 - aiperf.timing.trajectory_source - INFO -     lane=64  sample_time= 58%  root_next=  7/19  ( 37% turns)  live=1 ready=1  trace_id=240cd2e1b10e5b738ac6fee166b2aca7eff2
2026-10-09 15:16:31.910 - aiperf.timing.trajectory_source - INFO -     lane=65  sample_time= 42%  root_next= 28/29  ( 97% turns)  live=1 ready=1  trace_id=24f457bf9e42d6ffb1cc4bbd279c650bb8b6
2026-10-09 15:16:31.910 - aiperf.timing.trajectory_source - INFO -     lane=66  sample_time= 66%  root_next= 16/29  ( 55% turns)  live=1 ready=1  trace_id=259d1cc35e11b72660b8d6a33867cbb93759
2026-10-09 15:16:31.910 - aiperf.timing.trajectory_source - INFO -     lane=67  sample_time= 65%  root_next= 31/38  ( 82% turns)  live=1 ready=1  trace_id=2617aab5bca86e337183bf3bfed8812d1acf
2026-10-09 15:16:31.910 - aiperf.timing.trajectory_source - INFO -     lane=68  sample_time= 36%  root_next= 29/106 ( 27% turns)  live=1 ready=1  trace_id=264478eebbb2068593da2293ea8b67b31d4e
2026-10-09 15:16:31.910 - aiperf.timing.trajectory_source - INFO -     lane=69  sample_time= 55%  root_next=  0/71  (  0% turns)  live=89 ready=89  trace_id=2654d8b687d9c22001c25155ff2a69840acc
2026-10-09 15:16:31.910 - aiperf.timing.trajectory_source - INFO -     lane=70  sample_time= 47%  root_next=  0/68  (  0% turns)  live=1 ready=1  trace_id=279424d0e53192cde462be8d39c23b52b977
2026-10-09 15:16:31.911 - aiperf.timing.trajectory_source - INFO -     lane=71  sample_time= 58%  root_next=  0/73  (  0% turns)  live=9 ready=9  trace_id=27de9ca964aa7905c2f5438db8bdd72d8b02
2026-10-09 15:16:31.911 - aiperf.timing.trajectory_source - INFO -     lane=72  sample_time= 61%  root_next= 27/30  ( 90% turns)  live=1 ready=1  trace_id=2954a6a9181ba856596885f176e08404f2d6
2026-10-09 15:16:31.911 - aiperf.timing.trajectory_source - INFO -     lane=73  sample_time= 64%  root_next=  4/5   ( 80% turns)  live=1 ready=1  trace_id=2a2da059b7425d9dc1f999fca1177bc1cdb9
2026-10-09 15:16:31.911 - aiperf.timing.trajectory_source - INFO -     lane=74  sample_time= 32%  root_next= 18/49  ( 37% turns)  live=1 ready=1  trace_id=2a4f3506ac5efa421d361390686f34c038e7
2026-10-09 15:16:31.911 - aiperf.timing.trajectory_source - INFO -     lane=75  sample_time= 64%  root_next= 30/57  ( 53% turns)  live=1 ready=1  trace_id=2af7f718cc9974b522a7e4864aac085e5288
2026-10-09 15:16:31.911 - aiperf.timing.trajectory_source - INFO -     lane=76  sample_time= 72%  root_next= 30/31  ( 97% turns)  live=1 ready=1  trace_id=2b7f327fac593e81c0cf38cedd90b744b753
2026-10-09 15:16:31.911 - aiperf.timing.trajectory_source - INFO -     lane=77  sample_time= 64%  root_next= 31/34  ( 91% turns)  live=1 ready=1  trace_id=2d5f050bf77e34d6650e4af92c61bb82a1c9
2026-10-09 15:16:31.912 - aiperf.timing.trajectory_source - INFO -     lane=78  sample_time= 49%  root_next= 49/64  ( 77% turns)  live=1 ready=1  trace_id=30aa41167f1a7700bef4c286e83a9f517abb
2026-10-09 15:16:31.912 - aiperf.timing.trajectory_source - INFO -     lane=79  sample_time= 65%  root_next= 21/51  ( 41% turns)  live=1 ready=1  trace_id=3107040f1d498b9c8b61bd74f2da2a514e37
2026-10-09 15:16:31.912 - aiperf.timing.trajectory_source - INFO -     lane=80  sample_time= 53%  root_next= 14/104 ( 13% turns)  live=1 ready=1  trace_id=31dd54e63bd3605ad9ab96003ab1ae8f39f3
2026-10-09 15:16:31.912 - aiperf.timing.trajectory_source - INFO -     lane=81  sample_time= 70%  root_next=  5/63  (  8% turns)  live=1 ready=1  trace_id=3317a925c2a7f40e9eafe5f5532793a23c67
2026-10-09 15:16:31.912 - aiperf.timing.trajectory_source - INFO -     lane=82  sample_time= 41%  root_next= 32/58  ( 55% turns)  live=1 ready=1  trace_id=33c12a75f9b49c1983a8d4d1dacb21ff90fe
2026-10-09 15:16:31.912 - aiperf.timing.trajectory_source - INFO -     lane=83  sample_time= 53%  root_next=  6/20  ( 30% turns)  live=1 ready=1  trace_id=3531533f1f293048fc9691b112feafc44e62
2026-10-09 15:16:31.912 - aiperf.timing.trajectory_source - INFO -     lane=84  sample_time= 60%  root_next= 35/60  ( 58% turns)  live=1 ready=1  trace_id=35de830dbe1dbe90e6eaa36bc4814c7410ec
2026-10-09 15:16:31.912 - aiperf.timing.trajectory_source - INFO -     lane=85  sample_time= 60%  root_next= 22/27  ( 81% turns)  live=1 ready=1  trace_id=3735de09df4f9ac454aee913e2a00633ad0d
2026-10-09 15:16:31.913 - aiperf.timing.trajectory_source - INFO -     lane=86  sample_time= 33%  root_next= 33/34  ( 97% turns)  live=1 ready=1  trace_id=37c8d244d81e01d3b70c9f7fe619d9392a24
2026-10-09 15:16:31.913 - aiperf.timing.trajectory_source - INFO -     lane=87  sample_time= 52%  root_next=  0/27  (  0% turns)  live=2 ready=2  trace_id=38f9148d19708a1c29ed7c8505f1b82083aa
2026-10-09 15:16:31.913 - aiperf.timing.trajectory_source - INFO -     lane=88  sample_time= 53%  root_next= 13/38  ( 34% turns)  live=1 ready=1  trace_id=3a066e6ad705e8792dec8c84610bbee401cb
2026-10-09 15:16:31.913 - aiperf.timing.trajectory_source - INFO -     lane=89  sample_time= 66%  root_next= 25/33  ( 76% turns)  live=1 ready=1  trace_id=3a67ec0b534b4e3e386c7e018b4b99ef06c2
2026-10-09 15:16:31.913 - aiperf.timing.trajectory_source - INFO -     lane=90  sample_time= 27%  root_next=  0/29  (  0% turns)  live=2 ready=2  trace_id=3b1ee678c29a1a23e4a74d67354731cc27f3
2026-10-09 15:16:31.913 - aiperf.timing.trajectory_source - INFO -     lane=91  sample_time= 29%  root_next= 25/30  ( 83% turns)  live=1 ready=1  trace_id=3c1fbf5cf98484c7f9ef07f2d4b00e65d829
2026-10-09 15:16:31.913 - aiperf.timing.trajectory_source - INFO -     lane=92  sample_time= 37%  root_next= 17/44  ( 39% turns)  live=1 ready=1  trace_id=3c49da29dedf8ccfa4ee310634b4b8af275a
2026-10-09 15:16:31.913 - aiperf.timing.trajectory_source - INFO -     lane=93  sample_time= 50%  root_next=  0/39  (  0% turns)  live=3 ready=3  trace_id=3cb1c6dc71a21714587287306ebe52748568
2026-10-09 15:16:31.913 - aiperf.timing.trajectory_source - INFO -     lane=94  sample_time= 28%  root_next= 11/23  ( 48% turns)  live=1 ready=1  trace_id=3d8fcda6a4decdb4d4f56839db6eba041e60
2026-10-09 15:16:31.914 - aiperf.timing.trajectory_source - INFO -     lane=95  sample_time= 29%  root_next= 42/55  ( 76% turns)  live=1 ready=1  trace_id=3e119fc3136975fe98cfc7fa73500d6574a0
2026-10-09 15:16:31.914 - aiperf.timing.trajectory_source - INFO -     lane=96  sample_time= 26%  root_next= 28/57  ( 49% turns)  live=1 ready=1  trace_id=3e38b72653e23622c6b15d8ca43aeb167917
2026-10-09 15:16:31.914 - aiperf.timing.trajectory_source - INFO -     lane=97  sample_time= 46%  root_next=  9/21  ( 43% turns)  live=1 ready=1  trace_id=3e573575f7a9f0d647460e769c0a64e71d59
2026-10-09 15:16:31.914 - aiperf.timing.trajectory_source - INFO -     lane=98  sample_time= 42%  root_next=  7/9   ( 78% turns)  live=12 ready=11  trace_id=3e8b931fd474375ea08ae58872aea7a8e0f5
2026-10-09 15:16:31.914 - aiperf.timing.trajectory_source - INFO -     lane=99  sample_time= 41%  root_next= 44/59  ( 75% turns)  live=1 ready=1  trace_id=421c59c8640de974ad4d7644b9ea88738998
2026-10-09 15:16:31.914 - aiperf.timing.trajectory_source - INFO -     lane=100  sample_time= 26%  root_next=  8/12  ( 67% turns)  live=36 ready=35  trace_id=439e5f9ed3159bd826529d8ae5bd1536903f
2026-10-09 15:16:31.914 - aiperf.timing.trajectory_source - INFO -     lane=101  sample_time= 33%  root_next=  0/70  (  0% turns)  live=2 ready=2  trace_id=43d1f727aec4d8b3f2aec42f816e7fabe193
2026-10-09 15:16:31.914 - aiperf.timing.trajectory_source - INFO -     lane=102  sample_time= 53%  root_next= 16/23  ( 70% turns)  live=1 ready=1  trace_id=43eb23b676fb4a9f9bccbc568dbca0d6b352
2026-10-09 15:16:31.915 - aiperf.timing.trajectory_source - INFO -     lane=103  sample_time= 27%  root_next=  8/23  ( 35% turns)  live=1 ready=1  trace_id=457a7bf22f9e6961870d5b356ab2bd780fff
2026-10-09 15:16:31.915 - aiperf.timing.trajectory_source - INFO -     lane=104  sample_time= 41%  root_next= 29/72  ( 40% turns)  live=1 ready=1  trace_id=458bc16a2a50e993cc97c108d4d19cb9f453
2026-10-09 15:16:31.915 - aiperf.timing.trajectory_source - INFO -     lane=105  sample_time= 69%  root_next= 72/107 ( 67% turns)  live=1 ready=1  trace_id=46350c0355fa3f1922abb20cf7f5724bd7cd
2026-10-09 15:16:31.915 - aiperf.timing.trajectory_source - INFO -     lane=106  sample_time= 73%  root_next= 18/25  ( 72% turns)  live=1 ready=1  trace_id=46c7f09048fc482e94f4552b0a99a4ca5e30
2026-10-09 15:16:31.915 - aiperf.timing.trajectory_source - INFO -     lane=107  sample_time= 55%  root_next= 13/31  ( 42% turns)  live=1 ready=1  trace_id=471e3ed9d7e44080765f4950172ec9443476
2026-10-09 15:16:31.915 - aiperf.timing.trajectory_source - INFO -     lane=108  sample_time= 39%  root_next= 17/33  ( 52% turns)  live=1 ready=1  trace_id=476c26ca73449a2c6bf284d0082765620665
2026-10-09 15:16:31.915 - aiperf.timing.trajectory_source - INFO -     lane=109  sample_time= 58%  root_next= 12/20  ( 60% turns)  live=1 ready=1  trace_id=47a89e30bcdf1bc8002a026ad7ebfc914766
2026-10-09 15:16:31.915 - aiperf.timing.trajectory_source - INFO -     lane=110  sample_time= 38%  root_next=  8/23  ( 35% turns)  live=2 ready=1  trace_id=48f9644a9b17cade09142b3d8f964bea35be
2026-10-09 15:16:31.915 - aiperf.timing.trajectory_source - INFO -     lane=111  sample_time= 32%  root_next=  0/94  (  0% turns)  live=27 ready=27  trace_id=4b433e21f63822412e0f27d5473da9ea1322
2026-10-09 15:16:31.916 - aiperf.timing.trajectory_source - INFO -     lane=112  sample_time= 41%  root_next= 27/62  ( 44% turns)  live=1 ready=1  trace_id=4b5b64c7c1aa215a5177db1a78083cccce9d
2026-10-09 15:16:31.916 - aiperf.timing.trajectory_source - INFO -     lane=113  sample_time= 63%  root_next= 34/38  ( 89% turns)  live=1 ready=1  trace_id=4b88101f5ed7507b73138a73dfbf55f972de
2026-10-09 15:16:31.916 - aiperf.timing.trajectory_source - INFO -     lane=114  sample_time= 35%  root_next=  0/76  (  0% turns)  live=10 ready=10  trace_id=4ba38d0b213f0aeab695e16da9c91635a817
2026-10-09 15:16:31.916 - aiperf.timing.trajectory_source - INFO -     lane=115  sample_time= 41%  root_next= 19/35  ( 54% turns)  live=1 ready=1  trace_id=4c7288cfa9373e0a49308bb974b43d422ab5
2026-10-09 15:16:31.916 - aiperf.timing.trajectory_source - INFO -     lane=116  sample_time= 45%  root_next=  3/5   ( 60% turns)  live=2 ready=1  trace_id=4cb074e3cbf03d1709e2b44cbe575807813b
2026-10-09 15:16:31.916 - aiperf.timing.trajectory_source - INFO -     lane=117  sample_time= 45%  root_next= 37/59  ( 63% turns)  live=1 ready=1  trace_id=4cccee1943ddca3e762d4425fd9fbd3a858a
2026-10-09 15:16:31.916 - aiperf.timing.trajectory_source - INFO -     lane=118  sample_time= 64%  root_next= 29/35  ( 83% turns)  live=1 ready=1  trace_id=4dbd24a9e3ac2103166bac86017ffb696394
2026-10-09 15:16:31.916 - aiperf.timing.trajectory_source - INFO -     lane=119  sample_time= 73%  root_next= 32/46  ( 70% turns)  live=1 ready=1  trace_id=4dcd9742e24aa2939887e7b24aaa58e4215a
2026-10-09 15:16:31.916 - aiperf.timing.trajectory_source - INFO -     lane=120  sample_time= 51%  root_next=  0/63  (  0% turns)  live=37 ready=37  trace_id=4dcf5b2627786f87d5f1badf0ccd6e0f6848
2026-10-09 15:16:31.916 - aiperf.timing.trajectory_source - INFO -     lane=121  sample_time= 38%  root_next=  0/14  (  0% turns)  live=5 ready=5  trace_id=4e687509d3c9c0afa7cc8b884d120eeb0d79
2026-10-09 15:16:31.916 - aiperf.timing.trajectory_source - INFO -     lane=122  sample_time= 36%  root_next=  0/75  (  0% turns)  live=3 ready=3  trace_id=4f6988943c04756b546e21ca5be6bed67991
2026-10-09 15:16:31.916 - aiperf.timing.trajectory_source - INFO -     lane=123  sample_time= 54%  root_next=  0/23  (  0% turns)  live=2 ready=2  trace_id=4f982e145c75a42e31f669f1b91a4617ee50
2026-10-09 15:16:31.916 - aiperf.timing.trajectory_source - INFO -     lane=124  sample_time= 50%  root_next= 30/47  ( 64% turns)  live=1 ready=1  trace_id=509ad65c576a007df9c0cf1e9863874da21d
2026-10-09 15:16:31.916 - aiperf.timing.trajectory_source - INFO -     lane=125  sample_time= 26%  root_next= 18/25  ( 72% turns)  live=1 ready=1  trace_id=515e43cbf9a646bb3e6489bd78f1bf1b361a
2026-10-09 15:16:31.916 - aiperf.timing.trajectory_source - INFO -     lane=126  sample_time= 43%  root_next= 11/19  ( 58% turns)  live=2 ready=2  trace_id=524727c36b5459a9c58418e4db0ce22c2661
2026-10-09 15:16:31.916 - aiperf.timing.trajectory_source - INFO -     lane=127  sample_time= 74%  root_next=  0/31  (  0% turns)  live=1 ready=1  trace_id=526f242b0f14fa34da24eb7346123c5025cd
2026-10-09 15:16:31.917 - PhaseOrchestrator_7432403b - INFO - Initialized 2 phase(s): ['Warmup', 'Profiling']
2026-10-09 15:16:32.088 - system_controller - INFO - All services configured in 30.14 seconds
2026-10-09 15:16:32.089 - system_controller - INFO - AIPerf System is CONFIGURED
2026-10-09 15:16:32.090 - server_metrics_manager - INFO - Server Metrics: Started 2 collector(s) successfully
2026-10-09 15:16:32.286 - PhaseRunner - NOTICE - Phase warmup (warmup) started | target: 1,406 requests
2026-10-09 15:16:32.287 - AgenticReplayTiming - INFO - WARMUP execute: dispatching 126 trajectory credits
2026-10-09 15:16:32.290 - AgenticReplayTiming - INFO - WARMUP count budget: 10 additional requests per lane after 126 mandatory snapshot primers
2026-10-09 15:16:32.291 - AgenticReplayTiming - INFO - WARMUP spread: 9.9s ramp aligning 126 request(s) on t* (earliest fires at 0, last at 9.9s)
2026-10-09 15:16:32.355 - EventLoopMonitor - WARNING - Event loop for worker_4be56cc2 is taking too long to run. Overhead: 26.66ms
2026-10-09 15:16:32.363 - EventLoopMonitor - WARNING - Event loop for worker_56245695 is taking too long to run. Overhead: 27.22ms
2026-10-09 15:16:32.448 - EventLoopMonitor - WARNING - Event loop for worker_a27a3ac0 is taking too long to run. Overhead: 80.27ms
2026-10-09 15:16:32.484 - EventLoopMonitor - WARNING - Event loop for worker_cd232a57 is taking too long to run. Overhead: 30.30ms
2026-10-09 15:16:32.512 - EventLoopMonitor - WARNING - Event loop for worker_cb1ce0fd is taking too long to run. Overhead: 29.92ms
2026-10-09 15:16:33.341 - records_manager - INFO - Credit phase start: warmup
2026-10-09 15:16:33.342 - system_controller - INFO - All services started profiling successfully
2026-10-09 15:16:33.342 - system_controller - INFO - AIPerf System is PROFILING
2026-10-09 15:17:02.297 - PhaseRunner - INFO - Phase warmup progress | returned=10/1,406 | sent=126 | in_flight=116 | errors=0 | elapsed=30.0s
2026-10-09 15:17:32.308 - PhaseRunner - INFO - Phase warmup progress | returned=21/1,406 | sent=126 | in_flight=105 | errors=0 | elapsed=60.0s
2026-10-09 15:18:02.317 - PhaseRunner - INFO - Phase warmup progress | returned=25/1,406 | sent=126 | in_flight=101 | errors=0 | elapsed=90.0s
2026-10-09 15:18:32.324 - PhaseRunner - INFO - Phase warmup progress | returned=31/1,406 | sent=126 | in_flight=95 | errors=0 | elapsed=120.0s
2026-10-09 15:19:02.336 - PhaseRunner - INFO - Phase warmup progress | returned=34/1,406 | sent=126 | in_flight=92 | errors=0 | elapsed=150.0s
2026-10-09 15:19:32.342 - PhaseRunner - INFO - Phase warmup progress | returned=39/1,406 | sent=126 | in_flight=87 | errors=0 | elapsed=180.1s
2026-10-09 15:20:02.354 - PhaseRunner - INFO - Phase warmup progress | returned=44/1,406 | sent=126 | in_flight=82 | errors=0 | elapsed=210.1s
2026-10-09 15:20:32.362 - PhaseRunner - INFO - Phase warmup progress | returned=48/1,406 | sent=126 | in_flight=78 | errors=0 | elapsed=240.1s
2026-10-09 15:21:02.374 - PhaseRunner - INFO - Phase warmup progress | returned=51/1,406 | sent=126 | in_flight=75 | errors=0 | elapsed=270.1s
2026-10-09 15:21:32.386 - PhaseRunner - INFO - Phase warmup progress | returned=54/1,406 | sent=126 | in_flight=72 | errors=0 | elapsed=300.1s
2026-10-09 15:22:02.396 - PhaseRunner - INFO - Phase warmup progress | returned=57/1,406 | sent=126 | in_flight=69 | errors=0 | elapsed=330.1s
2026-10-09 15:22:32.407 - PhaseRunner - INFO - Phase warmup progress | returned=60/1,406 | sent=126 | in_flight=66 | errors=0 | elapsed=360.1s
2026-10-09 15:23:02.416 - PhaseRunner - INFO - Phase warmup progress | returned=63/1,406 | sent=126 | in_flight=63 | errors=0 | elapsed=390.1s
2026-10-09 15:23:32.426 - PhaseRunner - INFO - Phase warmup progress | returned=66/1,406 | sent=126 | in_flight=60 | errors=0 | elapsed=420.1s
2026-10-09 15:24:02.436 - PhaseRunner - INFO - Phase warmup progress | returned=73/1,406 | sent=126 | in_flight=53 | errors=0 | elapsed=450.2s
2026-10-09 15:24:32.444 - PhaseRunner - INFO - Phase warmup progress | returned=77/1,406 | sent=126 | in_flight=49 | errors=0 | elapsed=480.2s
2026-10-09 15:25:02.456 - PhaseRunner - INFO - Phase warmup progress | returned=80/1,406 | sent=126 | in_flight=46 | errors=0 | elapsed=510.2s
2026-10-09 15:25:32.466 - PhaseRunner - INFO - Phase warmup progress | returned=84/1,406 | sent=126 | in_flight=42 | errors=0 | elapsed=540.2s
2026-10-09 15:26:02.479 - PhaseRunner - INFO - Phase warmup progress | returned=90/1,406 | sent=126 | in_flight=36 | errors=0 | elapsed=570.2s
2026-10-09 15:26:32.487 - PhaseRunner - INFO - Phase warmup progress | returned=95/1,406 | sent=126 | in_flight=31 | errors=0 | elapsed=600.2s
2026-10-09 15:27:02.495 - PhaseRunner - INFO - Phase warmup progress | returned=99/1,406 | sent=126 | in_flight=27 | errors=0 | elapsed=630.2s
2026-10-09 15:27:32.504 - PhaseRunner - INFO - Phase warmup progress | returned=102/1,406 | sent=126 | in_flight=24 | errors=0 | elapsed=660.2s
2026-10-09 15:28:02.516 - PhaseRunner - INFO - Phase warmup progress | returned=106/1,406 | sent=126 | in_flight=20 | errors=0 | elapsed=690.2s
2026-10-09 15:28:32.525 - PhaseRunner - INFO - Phase warmup progress | returned=109/1,406 | sent=126 | in_flight=17 | errors=0 | elapsed=720.2s
2026-10-09 15:29:02.534 - PhaseRunner - INFO - Phase warmup progress | returned=111/1,406 | sent=126 | in_flight=15 | errors=0 | elapsed=750.2s
2026-10-09 15:29:32.543 - PhaseRunner - INFO - Phase warmup progress | returned=113/1,406 | sent=126 | in_flight=13 | errors=0 | elapsed=780.3s
2026-10-09 15:30:02.551 - PhaseRunner - INFO - Phase warmup progress | returned=118/1,406 | sent=126 | in_flight=8 | errors=0 | elapsed=810.3s
2026-10-09 15:30:32.562 - PhaseRunner - INFO - Phase warmup progress | returned=125/1,406 | sent=126 | in_flight=1 | errors=0 | elapsed=840.3s
2026-10-09 15:30:34.189 - aiperf.timing.replay_dependencies - INFO - Replay interval barriers active: 68266 requests, 34015 gated turns, join-widths={1: 26371, 2: 5215, 3: 1416, 4: 473, 5: 151, 6: 80, 7: 62, 8: 91, 9: 72, 10: 51, 11: 20, 12: 9, 13: 2, 14: 2}
2026-10-09 15:30:34.190 - AgenticReplayTiming - INFO - WARMUP cache pressure: replaying live trajectories until each lane reaches 10 additional requests with zero idle delay and max_tokens=1
2026-10-09 15:31:02.572 - PhaseRunner - INFO - Phase warmup progress | returned=146/1,406 | sent=352 | in_flight=206 | errors=0 | elapsed=870.3s
2026-10-09 15:31:32.583 - PhaseRunner - INFO - Phase warmup progress | returned=158/1,406 | sent=364 | in_flight=206 | errors=0 | elapsed=900.3s
2026-10-09 15:32:02.592 - PhaseRunner - INFO - Phase warmup progress | returned=175/1,406 | sent=376 | in_flight=201 | errors=0 | elapsed=930.3s
2026-10-09 15:32:32.598 - PhaseRunner - INFO - Phase warmup progress | returned=189/1,406 | sent=387 | in_flight=198 | errors=0 | elapsed=960.3s
2026-10-09 15:33:02.607 - PhaseRunner - INFO - Phase warmup progress | returned=196/1,406 | sent=393 | in_flight=197 | errors=0 | elapsed=990.3s
2026-10-09 15:33:32.619 - PhaseRunner - INFO - Phase warmup progress | returned=202/1,406 | sent=397 | in_flight=195 | errors=0 | elapsed=1020.3s
2026-10-09 15:34:02.630 - PhaseRunner - INFO - Phase warmup progress | returned=207/1,406 | sent=403 | in_flight=196 | errors=0 | elapsed=1050.3s
2026-10-09 15:34:32.638 - PhaseRunner - INFO - Phase warmup progress | returned=219/1,406 | sent=415 | in_flight=196 | errors=0 | elapsed=1080.4s
2026-10-09 15:35:02.646 - PhaseRunner - INFO - Phase warmup progress | returned=224/1,406 | sent=418 | in_flight=194 | errors=0 | elapsed=1110.4s
2026-10-09 15:35:32.661 - PhaseRunner - INFO - Phase warmup progress | returned=241/1,406 | sent=428 | in_flight=187 | errors=0 | elapsed=1140.4s
2026-10-09 15:36:02.670 - PhaseRunner - INFO - Phase warmup progress | returned=253/1,406 | sent=431 | in_flight=178 | errors=0 | elapsed=1170.4s
2026-10-09 15:36:32.682 - PhaseRunner - INFO - Phase warmup progress | returned=265/1,406 | sent=442 | in_flight=177 | errors=0 | elapsed=1200.4s
2026-10-09 15:37:02.690 - PhaseRunner - INFO - Phase warmup progress | returned=270/1,406 | sent=446 | in_flight=176 | errors=0 | elapsed=1230.4s
2026-10-09 15:37:32.698 - PhaseRunner - INFO - Phase warmup progress | returned=274/1,406 | sent=448 | in_flight=174 | errors=0 | elapsed=1260.4s
2026-10-09 15:38:02.708 - PhaseRunner - INFO - Phase warmup progress | returned=285/1,406 | sent=456 | in_flight=171 | errors=0 | elapsed=1290.4s
2026-10-09 15:38:32.714 - PhaseRunner - INFO - Phase warmup progress | returned=295/1,406 | sent=463 | in_flight=168 | errors=0 | elapsed=1320.4s
2026-10-09 15:39:02.723 - PhaseRunner - INFO - Phase warmup progress | returned=300/1,406 | sent=466 | in_flight=166 | errors=0 | elapsed=1350.4s
2026-10-09 15:39:32.733 - PhaseRunner - INFO - Phase warmup progress | returned=301/1,406 | sent=467 | in_flight=166 | errors=0 | elapsed=1380.4s
2026-10-09 15:40:02.743 - PhaseRunner - INFO - Phase warmup progress | returned=306/1,406 | sent=473 | in_flight=167 | errors=0 | elapsed=1410.5s
2026-10-09 15:40:32.752 - PhaseRunner - INFO - Phase warmup progress | returned=314/1,406 | sent=478 | in_flight=164 | errors=0 | elapsed=1440.5s
2026-10-09 15:41:02.760 - PhaseRunner - INFO - Phase warmup progress | returned=321/1,406 | sent=484 | in_flight=163 | errors=0 | elapsed=1470.5s
2026-10-09 15:41:32.767 - PhaseRunner - INFO - Phase warmup progress | returned=324/1,406 | sent=487 | in_flight=163 | errors=0 | elapsed=1500.5s
2026-10-09 15:42:02.780 - PhaseRunner - INFO - Phase warmup progress | returned=329/1,406 | sent=491 | in_flight=162 | errors=0 | elapsed=1530.5s
2026-10-09 15:42:32.788 - PhaseRunner - INFO - Phase warmup progress | returned=336/1,406 | sent=497 | in_flight=161 | errors=0 | elapsed=1560.5s
2026-10-09 15:43:02.797 - PhaseRunner - INFO - Phase warmup progress | returned=342/1,406 | sent=501 | in_flight=159 | errors=0 | elapsed=1590.5s
2026-10-09 15:43:32.807 - PhaseRunner - INFO - Phase warmup progress | returned=348/1,406 | sent=505 | in_flight=157 | errors=0 | elapsed=1620.5s
2026-10-09 15:44:02.819 - PhaseRunner - INFO - Phase warmup progress | returned=353/1,406 | sent=510 | in_flight=157 | errors=0 | elapsed=1650.5s
2026-10-09 15:44:32.829 - PhaseRunner - INFO - Phase warmup progress | returned=360/1,406 | sent=515 | in_flight=155 | errors=0 | elapsed=1680.5s
2026-10-09 15:45:02.839 - PhaseRunner - INFO - Phase warmup progress | returned=368/1,406 | sent=522 | in_flight=154 | errors=0 | elapsed=1710.6s
2026-10-09 15:45:32.848 - PhaseRunner - INFO - Phase warmup progress | returned=375/1,406 | sent=529 | in_flight=154 | errors=0 | elapsed=1740.6s
2026-10-09 15:46:02.858 - PhaseRunner - INFO - Phase warmup progress | returned=380/1,406 | sent=534 | in_flight=154 | errors=0 | elapsed=1770.6s
2026-10-09 15:46:32.870 - PhaseRunner - INFO - Phase warmup progress | returned=387/1,406 | sent=547 | in_flight=160 | errors=0 | elapsed=1800.6s
2026-10-09 15:47:02.877 - PhaseRunner - INFO - Phase warmup progress | returned=390/1,406 | sent=550 | in_flight=160 | errors=0 | elapsed=1830.6s
2026-10-09 15:47:32.888 - PhaseRunner - INFO - Phase warmup progress | returned=394/1,406 | sent=553 | in_flight=159 | errors=0 | elapsed=1860.6s
2026-10-09 15:48:02.900 - PhaseRunner - INFO - Phase warmup progress | returned=396/1,406 | sent=558 | in_flight=162 | errors=0 | elapsed=1890.6s
2026-10-09 15:48:32.912 - PhaseRunner - INFO - Phase warmup progress | returned=406/1,406 | sent=564 | in_flight=158 | errors=0 | elapsed=1920.6s
2026-10-09 15:49:02.922 - PhaseRunner - INFO - Phase warmup progress | returned=415/1,406 | sent=572 | in_flight=157 | errors=0 | elapsed=1950.6s
2026-10-09 15:49:32.930 - PhaseRunner - INFO - Phase warmup progress | returned=418/1,406 | sent=575 | in_flight=157 | errors=0 | elapsed=1980.6s
2026-10-09 15:50:02.939 - PhaseRunner - INFO - Phase warmup progress | returned=427/1,406 | sent=582 | in_flight=155 | errors=0 | elapsed=2010.7s
2026-10-09 15:50:32.951 - PhaseRunner - INFO - Phase warmup progress | returned=432/1,406 | sent=587 | in_flight=155 | errors=0 | elapsed=2040.7s
2026-10-09 15:51:02.961 - PhaseRunner - INFO - Phase warmup progress | returned=438/1,406 | sent=590 | in_flight=152 | errors=0 | elapsed=2070.7s
2026-10-09 15:51:32.973 - PhaseRunner - INFO - Phase warmup progress | returned=445/1,406 | sent=595 | in_flight=150 | errors=0 | elapsed=2100.7s
2026-10-09 15:52:02.981 - PhaseRunner - INFO - Phase warmup progress | returned=454/1,406 | sent=604 | in_flight=150 | errors=0 | elapsed=2130.7s
2026-10-09 15:52:32.989 - PhaseRunner - INFO - Phase warmup progress | returned=458/1,406 | sent=608 | in_flight=150 | errors=0 | elapsed=2160.7s
2026-10-09 15:53:02.999 - PhaseRunner - INFO - Phase warmup progress | returned=463/1,406 | sent=610 | in_flight=147 | errors=0 | elapsed=2190.7s
2026-10-09 15:53:33.010 - PhaseRunner - INFO - Phase warmup progress | returned=466/1,406 | sent=613 | in_flight=147 | errors=0 | elapsed=2220.7s
2026-10-09 15:54:03.023 - PhaseRunner - INFO - Phase warmup progress | returned=468/1,406 | sent=615 | in_flight=147 | errors=0 | elapsed=2250.7s
2026-10-09 15:54:33.029 - PhaseRunner - INFO - Phase warmup progress | returned=473/1,406 | sent=618 | in_flight=145 | errors=0 | elapsed=2280.7s
2026-10-09 15:55:03.040 - PhaseRunner - INFO - Phase warmup progress | returned=479/1,406 | sent=630 | in_flight=151 | errors=0 | elapsed=2310.8s
2026-10-09 15:55:33.049 - PhaseRunner - INFO - Phase warmup progress | returned=485/1,406 | sent=632 | in_flight=147 | errors=0 | elapsed=2340.8s
2026-10-09 15:56:03.057 - PhaseRunner - INFO - Phase warmup progress | returned=489/1,406 | sent=635 | in_flight=146 | errors=0 | elapsed=2370.8s
2026-10-09 15:56:33.064 - PhaseRunner - INFO - Phase warmup progress | returned=493/1,406 | sent=639 | in_flight=146 | errors=0 | elapsed=2400.8s
2026-10-09 15:57:03.076 - PhaseRunner - INFO - Phase warmup progress | returned=501/1,406 | sent=647 | in_flight=146 | errors=0 | elapsed=2430.8s
2026-10-09 15:57:33.084 - PhaseRunner - INFO - Phase warmup progress | returned=505/1,406 | sent=651 | in_flight=146 | errors=0 | elapsed=2460.8s
2026-10-09 15:58:03.093 - PhaseRunner - INFO - Phase warmup progress | returned=511/1,406 | sent=657 | in_flight=146 | errors=0 | elapsed=2490.8s
2026-10-09 15:58:33.103 - PhaseRunner - INFO - Phase warmup progress | returned=516/1,406 | sent=662 | in_flight=146 | errors=0 | elapsed=2520.8s
2026-10-09 15:59:03.112 - PhaseRunner - INFO - Phase warmup progress | returned=522/1,406 | sent=668 | in_flight=146 | errors=0 | elapsed=2550.8s
2026-10-09 15:59:33.122 - PhaseRunner - INFO - Phase warmup progress | returned=526/1,406 | sent=673 | in_flight=147 | errors=0 | elapsed=2580.8s
2026-10-09 16:00:03.135 - PhaseRunner - INFO - Phase warmup progress | returned=533/1,406 | sent=680 | in_flight=147 | errors=0 | elapsed=2610.8s
2026-10-09 16:00:33.144 - PhaseRunner - INFO - Phase warmup progress | returned=544/1,406 | sent=683 | in_flight=139 | errors=0 | elapsed=2640.9s
2026-10-09 16:01:03.154 - PhaseRunner - INFO - Phase warmup progress | returned=548/1,406 | sent=687 | in_flight=139 | errors=0 | elapsed=2670.9s
2026-10-09 16:01:33.163 - PhaseRunner - INFO - Phase warmup progress | returned=552/1,406 | sent=691 | in_flight=139 | errors=0 | elapsed=2700.9s
2026-10-09 16:02:03.174 - PhaseRunner - INFO - Phase warmup progress | returned=555/1,406 | sent=693 | in_flight=138 | errors=0 | elapsed=2730.9s
2026-10-09 16:02:33.185 - PhaseRunner - INFO - Phase warmup progress | returned=561/1,406 | sent=701 | in_flight=140 | errors=0 | elapsed=2760.9s
2026-10-09 16:03:03.196 - PhaseRunner - INFO - Phase warmup progress | returned=568/1,406 | sent=708 | in_flight=140 | errors=0 | elapsed=2790.9s
2026-10-09 16:03:33.203 - PhaseRunner - INFO - Phase warmup progress | returned=574/1,406 | sent=715 | in_flight=141 | errors=0 | elapsed=2820.9s
2026-10-09 16:04:03.217 - PhaseRunner - INFO - Phase warmup progress | returned=578/1,406 | sent=719 | in_flight=141 | errors=0 | elapsed=2850.9s
2026-10-09 16:04:33.226 - PhaseRunner - INFO - Phase warmup progress | returned=585/1,406 | sent=726 | in_flight=141 | errors=0 | elapsed=2880.9s
2026-10-09 16:05:03.237 - PhaseRunner - INFO - Phase warmup progress | returned=588/1,406 | sent=731 | in_flight=143 | errors=0 | elapsed=2911.0s
2026-10-09 16:05:33.248 - PhaseRunner - INFO - Phase warmup progress | returned=592/1,406 | sent=736 | in_flight=144 | errors=0 | elapsed=2941.0s
2026-10-09 16:06:03.257 - PhaseRunner - INFO - Phase warmup progress | returned=601/1,406 | sent=741 | in_flight=140 | errors=0 | elapsed=2971.0s
2026-10-09 16:06:33.268 - PhaseRunner - INFO - Phase warmup progress | returned=605/1,406 | sent=745 | in_flight=140 | errors=0 | elapsed=3001.0s
2026-10-09 16:07:03.277 - PhaseRunner - INFO - Phase warmup progress | returned=610/1,406 | sent=749 | in_flight=139 | errors=0 | elapsed=3031.0s
2026-10-09 16:07:33.289 - PhaseRunner - INFO - Phase warmup progress | returned=612/1,406 | sent=751 | in_flight=139 | errors=0 | elapsed=3061.0s
2026-10-09 16:08:03.301 - PhaseRunner - INFO - Phase warmup progress | returned=614/1,406 | sent=753 | in_flight=139 | errors=0 | elapsed=3091.0s
2026-10-09 16:08:33.312 - PhaseRunner - INFO - Phase warmup progress | returned=616/1,406 | sent=755 | in_flight=139 | errors=0 | elapsed=3121.0s
2026-10-09 16:09:03.323 - PhaseRunner - INFO - Phase warmup progress | returned=627/1,406 | sent=758 | in_flight=131 | errors=0 | elapsed=3151.0s
2026-10-09 16:09:33.334 - PhaseRunner - INFO - Phase warmup progress | returned=631/1,406 | sent=761 | in_flight=130 | errors=0 | elapsed=3181.0s
2026-10-09 16:10:03.345 - PhaseRunner - INFO - Phase warmup progress | returned=635/1,406 | sent=763 | in_flight=128 | errors=0 | elapsed=3211.1s
2026-10-09 16:10:33.353 - PhaseRunner - INFO - Phase warmup progress | returned=637/1,406 | sent=765 | in_flight=128 | errors=0 | elapsed=3241.1s
2026-10-09 16:11:03.365 - PhaseRunner - INFO - Phase warmup progress | returned=643/1,406 | sent=770 | in_flight=127 | errors=0 | elapsed=3271.1s
2026-10-09 16:11:33.377 - PhaseRunner - INFO - Phase warmup progress | returned=647/1,406 | sent=773 | in_flight=126 | errors=0 | elapsed=3301.1s
2026-10-09 16:12:03.388 - PhaseRunner - INFO - Phase warmup progress | returned=652/1,406 | sent=778 | in_flight=126 | errors=0 | elapsed=3331.1s
2026-10-09 16:12:33.399 - PhaseRunner - INFO - Phase warmup progress | returned=658/1,406 | sent=783 | in_flight=125 | errors=0 | elapsed=3361.1s
2026-10-09 16:13:03.406 - PhaseRunner - INFO - Phase warmup progress | returned=662/1,406 | sent=788 | in_flight=126 | errors=0 | elapsed=3391.1s
2026-10-09 16:13:33.415 - PhaseRunner - INFO - Phase warmup progress | returned=669/1,406 | sent=794 | in_flight=125 | errors=0 | elapsed=3421.1s
2026-10-09 16:14:03.425 - PhaseRunner - INFO - Phase warmup progress | returned=677/1,406 | sent=802 | in_flight=125 | errors=0 | elapsed=3451.1s
2026-10-09 16:14:33.435 - PhaseRunner - INFO - Phase warmup progress | returned=682/1,406 | sent=807 | in_flight=125 | errors=0 | elapsed=3481.1s
2026-10-09 16:15:03.443 - PhaseRunner - INFO - Phase warmup progress | returned=687/1,406 | sent=812 | in_flight=125 | errors=0 | elapsed=3511.2s
2026-10-09 16:15:33.454 - PhaseRunner - INFO - Phase warmup progress | returned=691/1,406 | sent=816 | in_flight=125 | errors=0 | elapsed=3541.2s
2026-10-09 16:16:03.465 - PhaseRunner - INFO - Phase warmup progress | returned=696/1,406 | sent=819 | in_flight=123 | errors=0 | elapsed=3571.2s
2026-10-09 16:16:33.476 - PhaseRunner - INFO - Phase warmup progress | returned=703/1,406 | sent=825 | in_flight=122 | errors=0 | elapsed=3601.2s
2026-10-09 16:17:03.487 - PhaseRunner - INFO - Phase warmup progress | returned=709/1,406 | sent=831 | in_flight=122 | errors=0 | elapsed=3631.2s
2026-10-09 16:17:33.497 - PhaseRunner - INFO - Phase warmup progress | returned=715/1,406 | sent=836 | in_flight=121 | errors=0 | elapsed=3661.2s
2026-10-09 16:18:03.506 - PhaseRunner - INFO - Phase warmup progress | returned=721/1,406 | sent=841 | in_flight=120 | errors=0 | elapsed=3691.2s
2026-10-09 16:18:33.515 - PhaseRunner - INFO - Phase warmup progress | returned=730/1,406 | sent=851 | in_flight=121 | errors=0 | elapsed=3721.2s
2026-10-09 16:19:03.523 - PhaseRunner - INFO - Phase warmup progress | returned=734/1,406 | sent=854 | in_flight=120 | errors=0 | elapsed=3751.2s
2026-10-09 16:19:33.536 - PhaseRunner - INFO - Phase warmup progress | returned=737/1,406 | sent=857 | in_flight=120 | errors=0 | elapsed=3781.3s
2026-10-09 16:20:03.546 - PhaseRunner - INFO - Phase warmup progress | returned=743/1,406 | sent=863 | in_flight=120 | errors=0 | elapsed=3811.3s
2026-10-09 16:20:33.555 - PhaseRunner - INFO - Phase warmup progress | returned=745/1,406 | sent=865 | in_flight=120 | errors=0 | elapsed=3841.3s
2026-10-09 16:21:03.564 - PhaseRunner - INFO - Phase warmup progress | returned=749/1,406 | sent=869 | in_flight=120 | errors=0 | elapsed=3871.3s
2026-10-09 16:21:33.571 - PhaseRunner - INFO - Phase warmup progress | returned=752/1,406 | sent=871 | in_flight=119 | errors=0 | elapsed=3901.3s
2026-10-09 16:22:03.579 - PhaseRunner - INFO - Phase warmup progress | returned=753/1,406 | sent=872 | in_flight=119 | errors=0 | elapsed=3931.3s
2026-10-09 16:22:33.589 - PhaseRunner - INFO - Phase warmup progress | returned=757/1,406 | sent=876 | in_flight=119 | errors=0 | elapsed=3961.3s
2026-10-09 16:23:03.599 - PhaseRunner - INFO - Phase warmup progress | returned=761/1,406 | sent=880 | in_flight=119 | errors=0 | elapsed=3991.3s
2026-10-09 16:23:33.610 - PhaseRunner - INFO - Phase warmup progress | returned=762/1,406 | sent=881 | in_flight=119 | errors=0 | elapsed=4021.3s
2026-10-09 16:24:03.618 - PhaseRunner - INFO - Phase warmup progress | returned=764/1,406 | sent=884 | in_flight=120 | errors=0 | elapsed=4051.3s
2026-10-09 16:24:33.627 - PhaseRunner - INFO - Phase warmup progress | returned=769/1,406 | sent=889 | in_flight=120 | errors=0 | elapsed=4081.3s
2026-10-09 16:25:03.638 - PhaseRunner - INFO - Phase warmup progress | returned=773/1,406 | sent=893 | in_flight=120 | errors=0 | elapsed=4111.4s
2026-10-09 16:25:33.648 - PhaseRunner - INFO - Phase warmup progress | returned=778/1,406 | sent=896 | in_flight=118 | errors=0 | elapsed=4141.4s
2026-10-09 16:26:03.659 - PhaseRunner - INFO - Phase warmup progress | returned=783/1,406 | sent=901 | in_flight=118 | errors=0 | elapsed=4171.4s
2026-10-09 16:26:33.670 - PhaseRunner - INFO - Phase warmup progress | returned=788/1,406 | sent=905 | in_flight=117 | errors=0 | elapsed=4201.4s
2026-10-09 16:27:03.680 - PhaseRunner - INFO - Phase warmup progress | returned=794/1,406 | sent=911 | in_flight=117 | errors=0 | elapsed=4231.4s
2026-10-09 16:27:33.692 - PhaseRunner - INFO - Phase warmup progress | returned=799/1,406 | sent=916 | in_flight=117 | errors=0 | elapsed=4261.4s
2026-10-09 16:28:03.699 - PhaseRunner - INFO - Phase warmup progress | returned=804/1,406 | sent=923 | in_flight=119 | errors=0 | elapsed=4291.4s
2026-10-09 16:28:33.711 - PhaseRunner - INFO - Phase warmup progress | returned=809/1,406 | sent=928 | in_flight=119 | errors=0 | elapsed=4321.4s
2026-10-09 16:29:03.723 - PhaseRunner - INFO - Phase warmup progress | returned=812/1,406 | sent=931 | in_flight=119 | errors=0 | elapsed=4351.4s
2026-10-09 16:29:33.734 - PhaseRunner - INFO - Phase warmup progress | returned=816/1,406 | sent=935 | in_flight=119 | errors=0 | elapsed=4381.4s
2026-10-09 16:30:03.742 - PhaseRunner - INFO - Phase warmup progress | returned=821/1,406 | sent=939 | in_flight=118 | errors=0 | elapsed=4411.5s
2026-10-09 16:30:33.752 - PhaseRunner - INFO - Phase warmup progress | returned=828/1,406 | sent=946 | in_flight=118 | errors=0 | elapsed=4441.5s
2026-10-09 16:31:03.765 - PhaseRunner - INFO - Phase warmup progress | returned=835/1,406 | sent=953 | in_flight=118 | errors=0 | elapsed=4471.5s
2026-10-09 16:31:33.776 - PhaseRunner - INFO - Phase warmup progress | returned=837/1,406 | sent=954 | in_flight=117 | errors=0 | elapsed=4501.5s
2026-10-09 16:32:03.786 - PhaseRunner - INFO - Phase warmup progress | returned=844/1,406 | sent=961 | in_flight=117 | errors=0 | elapsed=4531.5s
2026-10-09 16:32:33.796 - PhaseRunner - INFO - Phase warmup progress | returned=851/1,406 | sent=964 | in_flight=113 | errors=0 | elapsed=4561.5s
2026-10-09 16:33:03.804 - PhaseRunner - INFO - Phase warmup progress | returned=856/1,406 | sent=970 | in_flight=114 | errors=0 | elapsed=4591.5s
2026-10-09 16:33:33.814 - PhaseRunner - INFO - Phase warmup progress | returned=860/1,406 | sent=974 | in_flight=114 | errors=0 | elapsed=4621.5s
2026-10-09 16:34:03.824 - PhaseRunner - INFO - Phase warmup progress | returned=866/1,406 | sent=980 | in_flight=114 | errors=0 | elapsed=4651.5s
2026-10-09 16:34:33.833 - PhaseRunner - INFO - Phase warmup progress | returned=868/1,406 | sent=982 | in_flight=114 | errors=0 | elapsed=4681.5s
2026-10-09 16:35:03.845 - PhaseRunner - INFO - Phase warmup progress | returned=870/1,406 | sent=984 | in_flight=114 | errors=0 | elapsed=4711.6s
2026-10-09 16:35:33.853 - PhaseRunner - INFO - Phase warmup progress | returned=872/1,406 | sent=986 | in_flight=114 | errors=0 | elapsed=4741.6s
2026-10-09 16:36:03.864 - PhaseRunner - INFO - Phase warmup progress | returned=874/1,406 | sent=988 | in_flight=114 | errors=0 | elapsed=4771.6s
2026-10-09 16:36:33.875 - PhaseRunner - INFO - Phase warmup progress | returned=878/1,406 | sent=992 | in_flight=114 | errors=0 | elapsed=4801.6s
2026-10-09 16:37:03.888 - PhaseRunner - INFO - Phase warmup progress | returned=880/1,406 | sent=994 | in_flight=114 | errors=0 | elapsed=4831.6s
2026-10-09 16:37:33.896 - PhaseRunner - INFO - Phase warmup progress | returned=885/1,406 | sent=999 | in_flight=114 | errors=0 | elapsed=4861.6s
2026-10-09 16:38:03.906 - PhaseRunner - INFO - Phase warmup progress | returned=891/1,406 | sent=1,005 | in_flight=114 | errors=0 | elapsed=4891.6s
2026-10-09 16:38:33.913 - PhaseRunner - INFO - Phase warmup progress | returned=895/1,406 | sent=1,009 | in_flight=114 | errors=0 | elapsed=4921.6s
2026-10-09 16:39:03.925 - PhaseRunner - INFO - Phase warmup progress | returned=898/1,406 | sent=1,012 | in_flight=114 | errors=0 | elapsed=4951.6s
2026-10-09 16:39:33.937 - PhaseRunner - INFO - Phase warmup progress | returned=903/1,406 | sent=1,017 | in_flight=114 | errors=0 | elapsed=4981.7s
2026-10-09 16:40:03.947 - PhaseRunner - INFO - Phase warmup progress | returned=907/1,406 | sent=1,024 | in_flight=117 | errors=0 | elapsed=5011.7s
2026-10-09 16:40:33.957 - PhaseRunner - INFO - Phase warmup progress | returned=915/1,406 | sent=1,031 | in_flight=116 | errors=0 | elapsed=5041.7s
2026-10-09 16:41:03.964 - PhaseRunner - INFO - Phase warmup progress | returned=921/1,406 | sent=1,035 | in_flight=114 | errors=0 | elapsed=5071.7s
2026-10-09 16:41:33.973 - PhaseRunner - INFO - Phase warmup progress | returned=925/1,406 | sent=1,039 | in_flight=114 | errors=0 | elapsed=5101.7s
2026-10-09 16:42:03.982 - PhaseRunner - INFO - Phase warmup progress | returned=930/1,406 | sent=1,044 | in_flight=114 | errors=0 | elapsed=5131.7s
2026-10-09 16:42:33.994 - PhaseRunner - INFO - Phase warmup progress | returned=933/1,406 | sent=1,047 | in_flight=114 | errors=0 | elapsed=5161.7s
2026-10-09 16:43:04.003 - PhaseRunner - INFO - Phase warmup progress | returned=939/1,406 | sent=1,051 | in_flight=112 | errors=0 | elapsed=5191.7s
2026-10-09 16:43:34.012 - PhaseRunner - INFO - Phase warmup progress | returned=944/1,406 | sent=1,056 | in_flight=112 | errors=0 | elapsed=5221.7s
2026-10-09 16:44:04.021 - PhaseRunner - INFO - Phase warmup progress | returned=950/1,406 | sent=1,062 | in_flight=112 | errors=0 | elapsed=5251.7s
2026-10-09 16:44:34.031 - PhaseRunner - INFO - Phase warmup progress | returned=953/1,406 | sent=1,065 | in_flight=112 | errors=0 | elapsed=5281.7s
2026-10-09 16:45:04.043 - PhaseRunner - INFO - Phase warmup progress | returned=958/1,406 | sent=1,071 | in_flight=113 | errors=0 | elapsed=5311.8s
2026-10-09 16:45:34.054 - PhaseRunner - INFO - Phase warmup progress | returned=964/1,406 | sent=1,077 | in_flight=113 | errors=0 | elapsed=5341.8s
2026-10-09 16:46:04.068 - PhaseRunner - INFO - Phase warmup progress | returned=968/1,406 | sent=1,081 | in_flight=113 | errors=0 | elapsed=5371.8s
2026-10-09 16:46:34.076 - PhaseRunner - INFO - Phase warmup progress | returned=972/1,406 | sent=1,086 | in_flight=114 | errors=0 | elapsed=5401.8s
2026-10-09 16:47:04.084 - PhaseRunner - INFO - Phase warmup progress | returned=977/1,406 | sent=1,091 | in_flight=114 | errors=0 | elapsed=5431.8s
2026-10-09 16:47:34.093 - PhaseRunner - INFO - Phase warmup progress | returned=980/1,406 | sent=1,094 | in_flight=114 | errors=0 | elapsed=5461.8s
2026-10-09 16:48:04.102 - PhaseRunner - INFO - Phase warmup progress | returned=983/1,406 | sent=1,097 | in_flight=114 | errors=0 | elapsed=5491.8s
2026-10-09 16:48:34.111 - PhaseRunner - INFO - Phase warmup progress | returned=985/1,406 | sent=1,099 | in_flight=114 | errors=0 | elapsed=5521.8s
2026-10-09 16:49:04.118 - PhaseRunner - INFO - Phase warmup progress | returned=986/1,406 | sent=1,100 | in_flight=114 | errors=0 | elapsed=5551.8s
2026-10-09 16:49:34.130 - PhaseRunner - INFO - Phase warmup progress | returned=988/1,406 | sent=1,102 | in_flight=114 | errors=0 | elapsed=5581.8s
2026-10-09 16:50:04.138 - PhaseRunner - INFO - Phase warmup progress | returned=993/1,406 | sent=1,107 | in_flight=114 | errors=0 | elapsed=5611.9s
2026-10-09 16:50:34.146 - PhaseRunner - INFO - Phase warmup progress | returned=996/1,406 | sent=1,109 | in_flight=113 | errors=0 | elapsed=5641.9s
2026-10-09 16:51:04.156 - PhaseRunner - INFO - Phase warmup progress | returned=999/1,406 | sent=1,112 | in_flight=113 | errors=0 | elapsed=5671.9s
2026-10-09 16:51:34.168 - PhaseRunner - INFO - Phase warmup progress | returned=1,007/1,406 | sent=1,120 | in_flight=113 | errors=0 | elapsed=5701.9s
2026-10-09 16:52:04.178 - PhaseRunner - INFO - Phase warmup progress | returned=1,009/1,406 | sent=1,122 | in_flight=113 | errors=0 | elapsed=5731.9s
2026-10-09 16:52:34.185 - PhaseRunner - INFO - Phase warmup progress | returned=1,012/1,406 | sent=1,125 | in_flight=113 | errors=0 | elapsed=5761.9s
2026-10-09 16:53:04.196 - PhaseRunner - INFO - Phase warmup progress | returned=1,019/1,406 | sent=1,134 | in_flight=115 | errors=0 | elapsed=5791.9s
2026-10-09 16:53:34.206 - PhaseRunner - INFO - Phase warmup progress | returned=1,026/1,406 | sent=1,137 | in_flight=111 | errors=0 | elapsed=5821.9s
2026-10-09 16:54:04.214 - PhaseRunner - INFO - Phase warmup progress | returned=1,032/1,406 | sent=1,143 | in_flight=111 | errors=0 | elapsed=5851.9s
2026-10-09 16:54:34.225 - PhaseRunner - INFO - Phase warmup progress | returned=1,038/1,406 | sent=1,149 | in_flight=111 | errors=0 | elapsed=5881.9s
2026-10-09 16:55:04.236 - PhaseRunner - INFO - Phase warmup progress | returned=1,044/1,406 | sent=1,155 | in_flight=111 | errors=0 | elapsed=5911.9s
2026-10-09 16:55:34.247 - PhaseRunner - INFO - Phase warmup progress | returned=1,045/1,406 | sent=1,156 | in_flight=111 | errors=0 | elapsed=5942.0s
2026-10-09 16:56:04.257 - PhaseRunner - INFO - Phase warmup progress | returned=1,049/1,406 | sent=1,160 | in_flight=111 | errors=0 | elapsed=5972.0s
2026-10-09 16:56:34.265 - PhaseRunner - INFO - Phase warmup progress | returned=1,055/1,406 | sent=1,166 | in_flight=111 | errors=0 | elapsed=6002.0s
2026-10-09 16:57:04.275 - PhaseRunner - INFO - Phase warmup progress | returned=1,060/1,406 | sent=1,171 | in_flight=111 | errors=0 | elapsed=6032.0s
2026-10-09 16:57:34.285 - PhaseRunner - INFO - Phase warmup progress | returned=1,065/1,406 | sent=1,176 | in_flight=111 | errors=0 | elapsed=6062.0s
2026-10-09 16:58:04.293 - PhaseRunner - INFO - Phase warmup progress | returned=1,071/1,406 | sent=1,181 | in_flight=110 | errors=0 | elapsed=6092.0s
2026-10-09 16:58:34.299 - PhaseRunner - INFO - Phase warmup progress | returned=1,077/1,406 | sent=1,187 | in_flight=110 | errors=0 | elapsed=6122.0s
2026-10-09 16:59:04.308 - PhaseRunner - INFO - Phase warmup progress | returned=1,083/1,406 | sent=1,190 | in_flight=107 | errors=0 | elapsed=6152.0s
2026-10-09 16:59:34.321 - PhaseRunner - INFO - Phase warmup progress | returned=1,087/1,406 | sent=1,194 | in_flight=107 | errors=0 | elapsed=6182.0s
2026-10-09 17:00:04.331 - PhaseRunner - INFO - Phase warmup progress | returned=1,092/1,406 | sent=1,199 | in_flight=107 | errors=0 | elapsed=6212.0s
2026-10-09 17:00:34.340 - PhaseRunner - INFO - Phase warmup progress | returned=1,095/1,406 | sent=1,202 | in_flight=107 | errors=0 | elapsed=6242.1s
2026-10-09 17:01:04.348 - PhaseRunner - INFO - Phase warmup progress | returned=1,097/1,406 | sent=1,204 | in_flight=107 | errors=0 | elapsed=6272.1s
2026-10-09 17:01:34.355 - PhaseRunner - INFO - Phase warmup progress | returned=1,099/1,406 | sent=1,206 | in_flight=107 | errors=0 | elapsed=6302.1s
2026-10-09 17:02:04.362 - PhaseRunner - INFO - Phase warmup progress | returned=1,100/1,406 | sent=1,207 | in_flight=107 | errors=0 | elapsed=6332.1s
2026-10-09 17:02:34.372 - PhaseRunner - INFO - Phase warmup progress | returned=1,103/1,406 | sent=1,210 | in_flight=107 | errors=0 | elapsed=6362.1s
2026-10-09 17:03:04.381 - PhaseRunner - INFO - Phase warmup progress | returned=1,107/1,406 | sent=1,215 | in_flight=108 | errors=0 | elapsed=6392.1s
2026-10-09 17:03:34.389 - PhaseRunner - INFO - Phase warmup progress | returned=1,109/1,406 | sent=1,217 | in_flight=108 | errors=0 | elapsed=6422.1s
2026-10-09 17:04:04.397 - PhaseRunner - INFO - Phase warmup progress | returned=1,112/1,406 | sent=1,220 | in_flight=108 | errors=0 | elapsed=6452.1s
2026-10-09 17:04:34.404 - PhaseRunner - INFO - Phase warmup progress | returned=1,120/1,406 | sent=1,229 | in_flight=109 | errors=0 | elapsed=6482.1s
2026-10-09 17:05:04.415 - PhaseRunner - INFO - Phase warmup progress | returned=1,122/1,406 | sent=1,232 | in_flight=110 | errors=0 | elapsed=6512.1s
2026-10-09 17:05:34.426 - PhaseRunner - INFO - Phase warmup progress | returned=1,125/1,406 | sent=1,235 | in_flight=110 | errors=0 | elapsed=6542.1s
2026-10-09 17:06:04.438 - PhaseRunner - INFO - Phase warmup progress | returned=1,134/1,406 | sent=1,241 | in_flight=107 | errors=0 | elapsed=6572.2s
2026-10-09 17:06:34.447 - PhaseRunner - INFO - Phase warmup progress | returned=1,140/1,406 | sent=1,246 | in_flight=106 | errors=0 | elapsed=6602.2s
2026-10-09 17:07:04.457 - PhaseRunner - INFO - Phase warmup progress | returned=1,147/1,406 | sent=1,252 | in_flight=105 | errors=0 | elapsed=6632.2s
2026-10-09 17:07:34.466 - PhaseRunner - INFO - Phase warmup progress | returned=1,151/1,406 | sent=1,256 | in_flight=105 | errors=0 | elapsed=6662.2s
2026-10-09 17:08:04.478 - PhaseRunner - INFO - Phase warmup progress | returned=1,155/1,406 | sent=1,260 | in_flight=105 | errors=0 | elapsed=6692.2s
2026-10-09 17:08:34.486 - PhaseRunner - INFO - Phase warmup progress | returned=1,159/1,406 | sent=1,264 | in_flight=105 | errors=0 | elapsed=6722.2s
2026-10-09 17:09:04.496 - PhaseRunner - INFO - Phase warmup progress | returned=1,162/1,406 | sent=1,267 | in_flight=105 | errors=0 | elapsed=6752.2s
2026-10-09 17:09:34.505 - PhaseRunner - INFO - Phase warmup progress | returned=1,167/1,406 | sent=1,271 | in_flight=104 | errors=0 | elapsed=6782.2s
2026-10-09 17:10:04.518 - PhaseRunner - INFO - Phase warmup progress | returned=1,173/1,406 | sent=1,277 | in_flight=104 | errors=0 | elapsed=6812.2s
2026-10-09 17:10:34.533 - PhaseRunner - INFO - Phase warmup progress | returned=1,176/1,406 | sent=1,280 | in_flight=104 | errors=0 | elapsed=6842.2s
2026-10-09 17:11:04.545 - PhaseRunner - INFO - Phase warmup progress | returned=1,179/1,406 | sent=1,283 | in_flight=104 | errors=0 | elapsed=6872.3s
2026-10-09 17:11:34.553 - PhaseRunner - INFO - Phase warmup progress | returned=1,187/1,406 | sent=1,291 | in_flight=104 | errors=0 | elapsed=6902.3s
2026-10-09 17:12:04.564 - PhaseRunner - INFO - Phase warmup progress | returned=1,189/1,406 | sent=1,293 | in_flight=104 | errors=0 | elapsed=6932.3s
2026-10-09 17:12:34.572 - PhaseRunner - INFO - Phase warmup progress | returned=1,192/1,406 | sent=1,295 | in_flight=103 | errors=0 | elapsed=6962.3s
2026-10-09 17:13:04.581 - PhaseRunner - INFO - Phase warmup progress | returned=1,198/1,406 | sent=1,301 | in_flight=103 | errors=0 | elapsed=6992.3s
2026-10-09 17:13:34.590 - PhaseRunner - INFO - Phase warmup progress | returned=1,201/1,406 | sent=1,305 | in_flight=104 | errors=0 | elapsed=7022.3s
2026-10-09 17:14:04.600 - PhaseRunner - INFO - Phase warmup progress | returned=1,204/1,406 | sent=1,308 | in_flight=104 | errors=0 | elapsed=7052.3s
2026-10-09 17:14:34.612 - PhaseRunner - INFO - Phase warmup progress | returned=1,206/1,406 | sent=1,310 | in_flight=104 | errors=0 | elapsed=7082.3s
2026-10-09 17:15:04.622 - PhaseRunner - INFO - Phase warmup progress | returned=1,209/1,406 | sent=1,314 | in_flight=105 | errors=0 | elapsed=7112.3s
2026-10-09 17:15:34.632 - PhaseRunner - INFO - Phase warmup progress | returned=1,215/1,406 | sent=1,319 | in_flight=104 | errors=0 | elapsed=7142.3s
2026-10-09 17:16:04.643 - PhaseRunner - INFO - Phase warmup progress | returned=1,217/1,406 | sent=1,321 | in_flight=104 | errors=0 | elapsed=7172.4s
2026-10-09 17:16:34.651 - PhaseRunner - INFO - Phase warmup progress | returned=1,220/1,406 | sent=1,323 | in_flight=103 | errors=0 | elapsed=7202.4s
2026-10-09 17:17:04.660 - PhaseRunner - INFO - Phase warmup progress | returned=1,232/1,406 | sent=1,331 | in_flight=99 | errors=0 | elapsed=7232.4s
2026-10-09 17:17:34.670 - PhaseRunner - INFO - Phase warmup progress | returned=1,233/1,406 | sent=1,332 | in_flight=99 | errors=0 | elapsed=7262.4s
2026-10-09 17:18:04.681 - PhaseRunner - INFO - Phase warmup progress | returned=1,238/1,406 | sent=1,337 | in_flight=99 | errors=0 | elapsed=7292.4s
2026-10-09 17:18:34.690 - PhaseRunner - INFO - Phase warmup progress | returned=1,245/1,406 | sent=1,343 | in_flight=98 | errors=0 | elapsed=7322.4s
2026-10-09 17:19:04.696 - PhaseRunner - INFO - Phase warmup progress | returned=1,250/1,406 | sent=1,347 | in_flight=97 | errors=0 | elapsed=7352.4s
2026-10-09 17:19:34.704 - PhaseRunner - INFO - Phase warmup progress | returned=1,254/1,406 | sent=1,351 | in_flight=97 | errors=0 | elapsed=7382.4s
2026-10-09 17:20:04.714 - PhaseRunner - INFO - Phase warmup progress | returned=1,260/1,406 | sent=1,356 | in_flight=96 | errors=0 | elapsed=7412.4s
2026-10-09 17:20:34.722 - PhaseRunner - INFO - Phase warmup progress | returned=1,264/1,406 | sent=1,360 | in_flight=96 | errors=0 | elapsed=7442.4s
2026-10-09 17:21:04.729 - PhaseRunner - INFO - Phase warmup progress | returned=1,267/1,406 | sent=1,363 | in_flight=96 | errors=0 | elapsed=7472.4s
2026-10-09 17:21:34.738 - PhaseRunner - INFO - Phase warmup progress | returned=1,272/1,406 | sent=1,367 | in_flight=95 | errors=0 | elapsed=7502.5s
2026-10-09 17:22:04.748 - PhaseRunner - INFO - Phase warmup progress | returned=1,277/1,406 | sent=1,372 | in_flight=95 | errors=0 | elapsed=7532.5s
2026-10-09 17:22:34.760 - PhaseRunner - INFO - Phase warmup progress | returned=1,280/1,406 | sent=1,374 | in_flight=94 | errors=0 | elapsed=7562.5s
2026-10-09 17:23:04.767 - PhaseRunner - INFO - Phase warmup progress | returned=1,284/1,406 | sent=1,377 | in_flight=93 | errors=0 | elapsed=7592.5s
2026-10-09 17:23:34.777 - PhaseRunner - INFO - Phase warmup progress | returned=1,291/1,406 | sent=1,382 | in_flight=91 | errors=0 | elapsed=7622.5s
2026-10-09 17:24:04.787 - PhaseRunner - INFO - Phase warmup progress | returned=1,293/1,406 | sent=1,383 | in_flight=90 | errors=0 | elapsed=7652.5s
2026-10-09 17:24:34.799 - PhaseRunner - INFO - Phase warmup progress | returned=1,297/1,406 | sent=1,387 | in_flight=90 | errors=0 | elapsed=7682.5s
2026-10-09 17:25:04.811 - PhaseRunner - INFO - Phase warmup progress | returned=1,303/1,406 | sent=1,392 | in_flight=89 | errors=0 | elapsed=7712.5s
2026-10-09 17:25:34.823 - PhaseRunner - INFO - Phase warmup progress | returned=1,308/1,406 | sent=1,394 | in_flight=86 | errors=0 | elapsed=7742.5s
2026-10-09 17:26:04.834 - PhaseRunner - INFO - Phase warmup progress | returned=1,309/1,406 | sent=1,395 | in_flight=86 | errors=0 | elapsed=7772.5s
2026-10-09 17:26:34.845 - PhaseRunner - INFO - Phase warmup progress | returned=1,314/1,406 | sent=1,398 | in_flight=84 | errors=0 | elapsed=7802.6s
2026-10-09 17:27:04.853 - PhaseRunner - INFO - Phase warmup progress | returned=1,319/1,406 | sent=1,402 | in_flight=83 | errors=0 | elapsed=7832.6s
2026-10-09 17:27:34.862 - PhaseRunner - INFO - Phase warmup progress | returned=1,321/1,406 | sent=1,404 | in_flight=83 | errors=0 | elapsed=7862.6s
2026-10-09 17:28:04.873 - PhaseRunner - INFO - Phase warmup progress | returned=1,323/1,406 | sent=1,405 | in_flight=82 | errors=0 | elapsed=7892.6s
2026-10-09 17:28:16.998 - AgenticReplayTiming - INFO - WARMUP cache pressure request budget reached: 10 additional requests on each of 128 lanes; draining requests
2026-10-09 17:28:17.000 - PhaseRunner - NOTICE - Phase warmup (warmup) sending complete | sent=1,406, completed=1,325, in_flight=81 | sessions: sent=127, completed=37
2026-10-09 17:28:34.881 - PhaseRunner - INFO - Phase warmup progress | returned=1,331/1,406 | sent=1,406 | in_flight=75 | errors=0 | elapsed=7922.6s
2026-10-09 17:29:04.892 - PhaseRunner - INFO - Phase warmup progress | returned=1,332/1,406 | sent=1,406 | in_flight=74 | errors=0 | elapsed=7952.6s
2026-10-09 17:29:34.904 - PhaseRunner - INFO - Phase warmup progress | returned=1,337/1,406 | sent=1,406 | in_flight=69 | errors=0 | elapsed=7982.6s
2026-10-09 17:30:04.907 - PhaseRunner - INFO - Phase warmup progress | returned=1,343/1,406 | sent=1,406 | in_flight=63 | errors=0 | elapsed=8012.6s
2026-10-09 17:30:34.919 - PhaseRunner - INFO - Phase warmup progress | returned=1,351/1,406 | sent=1,406 | in_flight=55 | errors=0 | elapsed=8042.6s
2026-10-09 17:31:04.928 - PhaseRunner - INFO - Phase warmup progress | returned=1,357/1,406 | sent=1,406 | in_flight=49 | errors=0 | elapsed=8072.6s
2026-10-09 17:31:34.938 - PhaseRunner - INFO - Phase warmup progress | returned=1,359/1,406 | sent=1,406 | in_flight=47 | errors=0 | elapsed=8102.7s
2026-10-09 17:32:04.944 - PhaseRunner - INFO - Phase warmup progress | returned=1,363/1,406 | sent=1,406 | in_flight=43 | errors=0 | elapsed=8132.7s
2026-10-09 17:32:34.952 - PhaseRunner - INFO - Phase warmup progress | returned=1,366/1,406 | sent=1,406 | in_flight=40 | errors=0 | elapsed=8162.7s
2026-10-09 17:33:04.962 - PhaseRunner - INFO - Phase warmup progress | returned=1,372/1,406 | sent=1,406 | in_flight=34 | errors=0 | elapsed=8192.7s
2026-10-09 17:33:34.973 - PhaseRunner - INFO - Phase warmup progress | returned=1,374/1,406 | sent=1,406 | in_flight=32 | errors=0 | elapsed=8222.7s
2026-10-09 17:34:04.979 - PhaseRunner - INFO - Phase warmup progress | returned=1,380/1,406 | sent=1,406 | in_flight=26 | errors=0 | elapsed=8252.7s
2026-10-09 17:34:34.993 - PhaseRunner - INFO - Phase warmup progress | returned=1,384/1,406 | sent=1,406 | in_flight=22 | errors=0 | elapsed=8282.7s
2026-10-09 17:35:05.004 - PhaseRunner - INFO - Phase warmup progress | returned=1,387/1,406 | sent=1,406 | in_flight=19 | errors=0 | elapsed=8312.7s
2026-10-09 17:35:35.015 - PhaseRunner - INFO - Phase warmup progress | returned=1,394/1,406 | sent=1,406 | in_flight=12 | errors=0 | elapsed=8342.7s
2026-10-09 17:36:05.026 - PhaseRunner - INFO - Phase warmup progress | returned=1,395/1,406 | sent=1,406 | in_flight=11 | errors=0 | elapsed=8372.7s
2026-10-09 17:36:35.036 - PhaseRunner - INFO - Phase warmup progress | returned=1,398/1,406 | sent=1,406 | in_flight=8 | errors=0 | elapsed=8402.8s
2026-10-09 17:37:05.045 - PhaseRunner - INFO - Phase warmup progress | returned=1,402/1,406 | sent=1,406 | in_flight=4 | errors=0 | elapsed=8432.8s
2026-10-09 17:37:35.053 - PhaseRunner - INFO - Phase warmup progress | returned=1,404/1,406 | sent=1,406 | in_flight=2 | errors=0 | elapsed=8462.8s
2026-10-09 17:37:46.400 - PhaseRunner - INFO - All accelerated-warmup wire requests returned; preserving paused DAG work for profiling handoff.
2026-10-09 17:37:46.402 - PhaseRunner - NOTICE - Phase warmup (warmup) complete | completed=1,406, cancelled=0, errors=0 | sessions: completed=39, cancelled=0 | elapsed=8474.11s
2026-10-09 17:37:46.404 - AgenticReplayTiming - INFO - Global system-idle cap summary: limit=10s, jumps=0, skipped=0.000s
2026-10-09 17:37:46.405 - server_metrics_manager - INFO - Server Metrics: Warmup complete, capturing final warmup metrics...
2026-10-09 17:37:46.450 - AgenticReplayTiming - INFO - WARMUP cache pressure handoff: persisted 683 live streams
2026-10-09 17:37:46.452 - aiperf.timing.branch_orchestrator - INFO - BranchOrchestrator stats: spawned=687 completed=94 errored=0 suspended=35 resumed=14 parents_failed_due_to_child_error=0 joins_suppressed=0 delayed=0
2026-10-09 17:37:46.453 - PhaseRunner - INFO - Session-tree slots for phase warmup: peak_open=128 (target concurrency 128); released 123 still-open at teardown; late_events=0
2026-10-09 17:37:46.937 - aiperf.timing.replay_dependencies - INFO - Replay interval barriers active: 68266 requests, 34015 gated turns, join-widths={1: 26371, 2: 5215, 3: 1416, 4: 473, 5: 151, 6: 80, 7: 62, 8: 91, 9: 72, 10: 51, 11: 20, 12: 9, 13: 2, 14: 2}
2026-10-09 17:37:46.938 - AgenticReplayTiming - INFO - PROFILING setup: 128 trajectory lanes; recycle draws roots from the dataset sampler
2026-10-09 17:37:46.938 - AgenticReplayTiming - INFO - PROFILING: 35 rootless + 21 gated-parent lanes of 128 dispatch no root credit at start and hold a lane credit instead (so they still count toward concurrency); rootless lanes recycle into a fresh root once their background subagents drain
2026-10-09 17:37:46.939 - PhaseRunner - NOTICE - Phase profiling (profiling) started | phase_index=0 | profiling_index=0 | target: 3600.0s duration
2026-10-09 17:37:46.946 - PhaseRunner - INFO - Waiting for event 'profiling phase sending' with timeout of 3599.99325057s
2026-10-09 17:37:46.947 - AgenticReplayTiming - INFO - PROFILING execute: resuming 128 trajectory sessions (spread; first-request spread 109864.2s)
2026-10-09 17:37:46.946 - records_manager - INFO - Credit phase start: profiling
2026-10-09 17:37:46.948 - EventLoopMonitor - WARNING - Event loop for timing_manager is taking too long to run. Overhead: 417.52ms
2026-10-09 17:38:04.170 - records_manager - INFO - [realtime 00:17 profiling]
2026-10-09 17:38:04.170 - records_manager - INFO -   rps=0.3 (avg 0.3)  tput_in=3,498/s  tput_out=17/s  done=5 ok=5 err=0
2026-10-09 17:38:04.170 - records_manager - INFO -   ttft    p50=1,418ms  p75=1,426ms  p95= 1,439ms  p99= 1,441ms
2026-10-09 17:38:04.170 - records_manager - INFO -   itl     p50=  212ms  p75=  215ms  p95=   217ms  p99=   218ms
2026-10-09 17:38:04.170 - records_manager - INFO -   e2e     p50=4,888ms  p75=5,236ms  p95=13,898ms  p99=15,630ms
2026-10-09 17:38:04.170 - records_manager - INFO -   intvty  p50=      5  p75=      5  p95=      12  p99=      13  (1/tpot tok/s)
2026-10-09 17:38:04.170 - records_manager - INFO -   isl     p50=  1,368  p75=  6,801  p90=  31,025  p99=  45,560  (tokens)
2026-10-09 17:38:04.170 - records_manager - INFO -   osl     p50=     20  p75=     24  p90=     128  p99=     190  (tokens)
2026-10-09 17:38:04.170 - records_manager - INFO -   tot     in=56,222  out=277
2026-10-09 17:38:04.170 - records_manager - INFO -   trace  theoretical_prefix_cache_hit=94.9%
2026-10-09 17:38:04.170 - records_manager - INFO -   srv    prefix_cache_hit=0.0% unique_in_srv=1,246,058 ext_cache_hit=17.3% kv_usage=25.4% queue=12r/0w tput_in_srv=77,166/s tput_out_srv=262/s
2026-10-09 17:38:34.264 - records_manager - INFO - [realtime 00:47 profiling]
2026-10-09 17:38:34.264 - records_manager - INFO -   rps=0.7 (avg 0.6)  tput_in=22,043/s  tput_out=124/s  done=25 ok=25 err=0
2026-10-09 17:38:34.264 - records_manager - INFO -   ttft    p50= 1,418ms  p75= 1,745ms  p95= 5,511ms  p99= 6,247ms
2026-10-09 17:38:34.265 - records_manager - INFO -   itl     p50=    47ms  p75=    75ms  p95=   214ms  p99=   217ms
2026-10-09 17:38:34.265 - records_manager - INFO -   e2e     p50=10,995ms  p75=15,989ms  p95=22,571ms  p99=28,525ms
2026-10-09 17:38:34.265 - records_manager - INFO -   intvty  p50=      21  p75=      30  p95=      37  p99=      50  (1/tpot tok/s)
2026-10-09 17:38:34.265 - records_manager - INFO -   isl     p50=  41,296  p75=  49,925  p90=  64,844  p99=  80,016  (tokens)
2026-10-09 17:38:34.265 - records_manager - INFO -   osl     p50=     197  p75=     329  p90=     410  p99=     566  (tokens)
2026-10-09 17:38:34.265 - records_manager - INFO -   tot     in=972,588  out=5,491
2026-10-09 17:38:34.265 - records_manager - INFO -   trace  theoretical_prefix_cache_hit=94.8%
2026-10-09 17:38:34.265 - records_manager - INFO -   srv    prefix_cache_hit=39.4% unique_in_srv=2,879,252 ext_cache_hit=15.9% kv_usage=55.5% queue=41r/6w tput_in_srv=96,075/s tput_out_srv=538/s
2026-10-09 17:39:04.488 - records_manager - INFO - [realtime 01:17 profiling]
2026-10-09 17:39:04.488 - records_manager - INFO -   rps=1.0 (avg 0.7)  tput_in=27,713/s  tput_out=158/s  done=54 ok=54 err=0
2026-10-09 17:39:04.488 - records_manager - INFO -   ttft    p50= 1,472ms  p75= 2,789ms  p95= 5,791ms  p99= 6,184ms
2026-10-09 17:39:04.488 - records_manager - INFO -   itl     p50=    73ms  p75=    96ms  p95=   208ms  p99=   216ms
2026-10-09 17:39:04.488 - records_manager - INFO -   e2e     p50=15,735ms  p75=24,251ms  p95=34,563ms  p99=44,088ms
2026-10-09 17:39:04.488 - records_manager - INFO -   intvty  p50=      14  p75=      22  p95=      36  p99=      45  (1/tpot tok/s)
2026-10-09 17:39:04.488 - records_manager - INFO -   isl     p50=  34,966  p75=  50,554  p90=  64,973  p99=  94,800  (tokens)
2026-10-09 17:39:04.488 - records_manager - INFO -   osl     p50=     196  p75=     306  p90=     403  p99=     630  (tokens)
2026-10-09 17:39:04.488 - records_manager - INFO -   tot     in=2,120,282  out=12,118
2026-10-09 17:39:04.489 - records_manager - INFO -   trace  theoretical_prefix_cache_hit=94.8%
2026-10-09 17:39:04.489 - records_manager - INFO -   srv    prefix_cache_hit=52.4% unique_in_srv=3,991,346 ext_cache_hit=17.8% kv_usage=83.4% queue=65r/0w tput_in_srv=108,665/s tput_out_srv=936/s
2026-10-09 17:39:34.793 - records_manager - INFO - [realtime 01:47 profiling]
2026-10-09 17:39:34.793 - records_manager - INFO -   rps=0.7 (avg 0.7)  tput_in=30,689/s  tput_out=187/s  done=75 ok=75 err=0
2026-10-09 17:39:34.793 - records_manager - INFO -   ttft    p50= 1,420ms  p75= 2,504ms  p95= 5,176ms  p99= 6,138ms
2026-10-09 17:39:34.793 - records_manager - INFO -   itl     p50=    82ms  p75=   100ms  p95=   181ms  p99=   216ms
2026-10-09 17:39:34.793 - records_manager - INFO -   e2e     p50=18,656ms  p75=31,361ms  p95=51,601ms  p99=67,968ms
2026-10-09 17:39:34.793 - records_manager - INFO -   intvty  p50=      12  p75=      19  p95=      34  p99=      42  (1/tpot tok/s)
2026-10-09 17:39:34.793 - records_manager - INFO -   isl     p50=  41,296  p75=  53,589  p90=  72,004  p99= 110,305  (tokens)
2026-10-09 17:39:34.793 - records_manager - INFO -   osl     p50=     243  p75=     348  p90=     520  p99=     718  (tokens)
2026-10-09 17:39:34.793 - records_manager - INFO -   tot     in=3,287,213  out=20,079
2026-10-09 17:39:34.793 - records_manager - INFO -   trace  theoretical_prefix_cache_hit=94.7%
2026-10-09 17:39:34.793 - records_manager - INFO -   srv    prefix_cache_hit=50.9% unique_in_srv=5,510,014 ext_cache_hit=21.3% kv_usage=97.8% queue=68r/1w tput_in_srv=104,573/s tput_out_srv=922/s
2026-10-09 17:40:05.147 - records_manager - INFO - [realtime 02:18 profiling]
2026-10-09 17:40:05.147 - records_manager - INFO -   rps=0.7 (avg 0.7)  tput_in=30,460/s  tput_out=219/s  done=95 ok=95 err=0
2026-10-09 17:40:05.147 - records_manager - INFO -   ttft    p50= 1,437ms  p75= 2,818ms  p95= 6,147ms  p99= 8,026ms
2026-10-09 17:40:05.147 - records_manager - INFO -   itl     p50=    89ms  p75=   106ms  p95=   145ms  p99=   215ms
2026-10-09 17:40:05.147 - records_manager - INFO -   e2e     p50=22,619ms  p75=36,063ms  p95=82,761ms  p99=98,565ms
2026-10-09 17:40:05.147 - records_manager - INFO -   intvty  p50=      11  p75=      17  p95=      33  p99=      39  (1/tpot tok/s)
2026-10-09 17:40:05.147 - records_manager - INFO -   isl     p50=  41,687  p75=  53,589  p90=  72,447  p99= 108,091  (tokens)
2026-10-09 17:40:05.147 - records_manager - INFO -   osl     p50=     256  p75=     403  p90=     661  p99=     948  (tokens)
2026-10-09 17:40:05.147 - records_manager - INFO -   tot     in=4,164,666  out=29,892
2026-10-09 17:40:05.147 - records_manager - INFO -   trace  theoretical_prefix_cache_hit=94.7%
2026-10-09 17:40:05.147 - records_manager - INFO -   srv    prefix_cache_hit=45.5% unique_in_srv=6,951,782 ext_cache_hit=21.6% kv_usage=90.3% queue=57r/22w tput_in_srv=90,407/s tput_out_srv=953/s
2026-10-09 17:40:35.546 - records_manager - INFO - [realtime 02:48 profiling]
2026-10-09 17:40:35.546 - records_manager - INFO -   rps=0.4 (avg 0.6)  tput_in=29,739/s  tput_out=215/s  done=107 ok=107 err=0
2026-10-09 17:40:35.546 - records_manager - INFO -   ttft    p50= 1,575ms  p75= 3,216ms  p95= 7,733ms  p99= 19,914ms
2026-10-09 17:40:35.546 - records_manager - INFO -   itl     p50=    91ms  p75=   115ms  p95=   195ms  p99=    218ms
2026-10-09 17:40:35.546 - records_manager - INFO -   e2e     p50=24,767ms  p75=45,573ms  p95=95,540ms  p99=116,663ms
2026-10-09 17:40:35.546 - records_manager - INFO -   intvty  p50=      11  p75=      16  p95=      32  p99=       38  (1/tpot tok/s)
2026-10-09 17:40:35.546 - records_manager - INFO -   isl     p50=  44,820  p75=  54,892  p90=  77,848  p99=  138,215  (tokens)
2026-10-09 17:40:35.546 - records_manager - INFO -   osl     p50=     264  p75=     426  p90=     684  p99=    1,032  (tokens)
2026-10-09 17:40:35.546 - records_manager - INFO -   tot     in=4,929,548  out=35,665
2026-10-09 17:40:35.546 - records_manager - INFO -   trace  theoretical_prefix_cache_hit=94.7%
2026-10-09 17:40:35.546 - records_manager - INFO -   srv    prefix_cache_hit=42.5% unique_in_srv=8,051,148 ext_cache_hit=24.6% kv_usage=88.9% queue=53r/32w tput_in_srv=82,755/s tput_out_srv=879/s
2026-10-09 17:41:05.983 - records_manager - INFO - [realtime 03:19 profiling]
2026-10-09 17:41:05.983 - records_manager - INFO -   rps=0.6 (avg 0.6)  tput_in=28,781/s  tput_out=229/s  done=124 ok=124 err=0
2026-10-09 17:41:05.983 - records_manager - INFO -   ttft    p50= 1,659ms  p75= 4,741ms  p95= 45,025ms  p99= 49,128ms
2026-10-09 17:41:05.983 - records_manager - INFO -   itl     p50=    94ms  p75=   121ms  p95=    169ms  p99=    218ms
2026-10-09 17:41:05.983 - records_manager - INFO -   e2e     p50=31,500ms  p75=62,490ms  p95=127,365ms  p99=142,245ms
2026-10-09 17:41:05.983 - records_manager - INFO -   intvty  p50=      11  p75=      15  p95=       30  p99=       37  (1/tpot tok/s)
2026-10-09 17:41:05.983 - records_manager - INFO -   isl     p50=  44,945  p75=  56,771  p90=   84,407  p99=  134,649  (tokens)
2026-10-09 17:41:05.983 - records_manager - INFO -   osl     p50=     270  p75=     482  p90=      894  p99=    1,160  (tokens)
2026-10-09 17:41:05.983 - records_manager - INFO -   tot     in=5,713,880  out=45,375
2026-10-09 17:41:05.983 - records_manager - INFO -   trace  theoretical_prefix_cache_hit=94.6%
2026-10-09 17:41:05.983 - records_manager - INFO -   srv    prefix_cache_hit=38.2% unique_in_srv=9,800,370 ext_cache_hit=30.9% kv_usage=98.0% queue=52r/39w tput_in_srv=79,947/s tput_out_srv=855/s
2026-10-09 17:41:36.455 - records_manager - INFO - [realtime 03:49 profiling]
2026-10-09 17:41:36.456 - records_manager - INFO -   rps=0.4 (avg 0.6)  tput_in=28,646/s  tput_out=246/s  done=137 ok=137 err=0
2026-10-09 17:41:36.456 - records_manager - INFO -   ttft    p50= 1,839ms  p75= 4,969ms  p95= 48,663ms  p99= 60,531ms
2026-10-09 17:41:36.456 - records_manager - INFO -   itl     p50=    97ms  p75=   123ms  p95=    166ms  p99=    217ms
2026-10-09 17:41:36.456 - records_manager - INFO -   e2e     p50=34,515ms  p75=69,477ms  p95=131,531ms  p99=151,821ms
2026-10-09 17:41:36.456 - records_manager - INFO -   intvty  p50=      10  p75=      14  p95=       29  p99=       37  (1/tpot tok/s)
2026-10-09 17:41:36.456 - records_manager - INFO -   isl     p50=  44,820  p75=  59,871  p90=   84,723  p99=  137,337  (tokens)
2026-10-09 17:41:36.456 - records_manager - INFO -   osl     p50=     280  p75=     515  p90=      933  p99=    1,257  (tokens)
2026-10-09 17:41:36.456 - records_manager - INFO -   tot     in=6,276,745  out=53,944
2026-10-09 17:41:36.456 - records_manager - INFO -   trace  theoretical_prefix_cache_hit=94.6%
2026-10-09 17:41:36.456 - records_manager - INFO -   srv    prefix_cache_hit=35.9% unique_in_srv=10,919,064 ext_cache_hit=30.9% kv_usage=97.1% queue=46r/44w tput_in_srv=73,066/s tput_out_srv=857/s
2026-10-09 17:42:07.028 - records_manager - INFO - [realtime 04:20 profiling]
2026-10-09 17:42:07.028 - records_manager - INFO -   rps=0.8 (avg 0.6)  tput_in=30,055/s  tput_out=307/s  done=162 ok=162 err=0
2026-10-09 17:42:07.028 - records_manager - INFO -   ttft    p50= 2,253ms  p75= 6,188ms  p95= 60,757ms  p99= 71,402ms
2026-10-09 17:42:07.028 - records_manager - INFO -   itl     p50=   101ms  p75=   126ms  p95=    155ms  p99=    217ms
2026-10-09 17:42:07.028 - records_manager - INFO -   e2e     p50=46,562ms  p75=94,867ms  p95=170,591ms  p99=204,496ms
2026-10-09 17:42:07.028 - records_manager - INFO -   intvty  p50=      10  p75=      13  p95=       27  p99=       36  (1/tpot tok/s)
2026-10-09 17:42:07.028 - records_manager - INFO -   isl     p50=  44,170  p75=  61,834  p90=   86,394  p99=  173,770  (tokens)
2026-10-09 17:42:07.028 - records_manager - INFO -   osl     p50=     322  p75=     636  p90=    1,120  p99=    1,726  (tokens)
2026-10-09 17:42:07.028 - records_manager - INFO -   tot     in=7,524,393  out=76,902
2026-10-09 17:42:07.028 - records_manager - INFO -   trace  theoretical_prefix_cache_hit=94.4%
2026-10-09 17:42:07.028 - records_manager - INFO -   srv    prefix_cache_hit=32.6% unique_in_srv=13,231,686 ext_cache_hit=38.8% kv_usage=97.9% queue=38r/60w tput_in_srv=75,437/s tput_out_srv=849/s
2026-10-09 17:42:37.735 - records_manager - INFO - [realtime 04:50 profiling]
2026-10-09 17:42:37.735 - records_manager - INFO -   rps=0.9 (avg 0.7)  tput_in=32,118/s  tput_out=342/s  done=191 ok=191 err=0
2026-10-09 17:42:37.736 - records_manager - INFO -   ttft    p50= 2,747ms  p75= 23,387ms  p95= 76,577ms  p99= 85,726ms
2026-10-09 17:42:37.736 - records_manager - INFO -   itl     p50=    99ms  p75=    124ms  p95=    154ms  p99=    216ms
2026-10-09 17:42:37.736 - records_manager - INFO -   e2e     p50=64,256ms  p75=104,914ms  p95=195,068ms  p99=220,108ms
2026-10-09 17:42:37.736 - records_manager - INFO -   intvty  p50=      10  p75=       13  p95=       23  p99=       36  (1/tpot tok/s)
2026-10-09 17:42:37.736 - records_manager - INFO -   isl     p50=  45,194  p75=   68,180  p90=   96,675  p99=  172,933  (tokens)
2026-10-09 17:42:37.736 - records_manager - INFO -   osl     p50=     329  p75=      670  p90=    1,266  p99=    1,957  (tokens)
2026-10-09 17:42:37.736 - records_manager - INFO -   tot     in=9,277,710  out=98,817
2026-10-09 17:42:37.736 - records_manager - INFO -   trace  theoretical_prefix_cache_hit=94.3%
2026-10-09 17:42:37.736 - records_manager - INFO -   srv    prefix_cache_hit=29.7% unique_in_srv=16,587,692 ext_cache_hit=48.2% kv_usage=99.8% queue=44r/54w tput_in_srv=80,391/s tput_out_srv=863/s
2026-10-09 17:42:46.950 - aiperf.timing.replay_dependencies - INFO - Per-trace idle cap advanced replay root 06f1eb6c-8647-406d-bd15-4237963e454c by 36318.947s
2026-10-09 17:42:46.950 - aiperf.timing.replay_dependencies - INFO - Per-trace idle cap advanced replay root 62f8751a-b227-4238-b9be-43dfc5388068 by 1366.816s
2026-10-09 17:42:46.950 - aiperf.timing.replay_dependencies - INFO - Per-trace idle cap advanced replay root c19da9c9-e80b-4e07-9bb0-90fb75765c5a by 31.072s
2026-10-09 17:42:46.951 - aiperf.timing.replay_dependencies - INFO - Per-trace idle cap advanced replay root 4a9d96fb-25a6-4ace-b319-a47867a69787 by 52367.234s
2026-10-09 17:42:46.951 - aiperf.timing.replay_dependencies - INFO - Per-trace idle cap advanced replay root 87fa7457-c922-4fc5-a5f6-01f5e3fc0b0b by 544.430s
2026-10-09 17:42:46.951 - aiperf.timing.replay_dependencies - INFO - Per-trace idle cap advanced replay root ee62539d-175c-47b3-929d-9ae4651ac74f by 4828.101s
2026-10-09 17:42:46.952 - aiperf.timing.replay_dependencies - INFO - Per-trace idle cap advanced replay root 17890523-89d6-42e4-b104-f341e6367467 by 904.387s
2026-10-09 17:42:46.952 - aiperf.timing.replay_dependencies - INFO - Per-trace idle cap advanced replay root 33a4d89b-97cc-469d-89cb-aa5387f2d706 by 1956.564s
2026-10-09 17:42:46.953 - aiperf.timing.replay_dependencies - INFO - Per-trace idle cap advanced replay root 3fa90825-f05d-41f7-929b-ab859b9a7726 by 1484.144s
2026-10-09 17:42:46.953 - aiperf.timing.replay_dependencies - INFO - Per-trace idle cap advanced replay root 22845ecb-10c8-442f-a4cc-27c540ebc6d7 by 15423.417s
2026-10-09 17:42:46.953 - aiperf.timing.replay_dependencies - INFO - Per-trace idle cap advanced replay root 5f43b857-e711-4a12-83b1-4df905fd5d66 by 2080.289s
2026-10-09 17:42:46.954 - aiperf.timing.replay_dependencies - INFO - Per-trace idle cap advanced replay root 2b7d4941-c3ed-4459-918c-46ca0b0f9023 by 260.854s
2026-10-09 17:42:46.954 - aiperf.timing.replay_dependencies - INFO - Per-trace idle cap advanced replay root 6ec93cd4-0678-4dca-bae8-835e961928cf by 22615.902s
2026-10-09 17:42:46.955 - aiperf.timing.replay_dependencies - INFO - Per-trace idle cap advanced replay root 2bcda847-be41-412c-b5d6-a25f6e39add0 by 3993.791s
2026-10-09 17:42:46.955 - aiperf.timing.replay_dependencies - INFO - Per-trace idle cap advanced replay root f7972e52-821f-442b-8942-37175693d29a by 821.953s
2026-10-09 17:42:46.955 - aiperf.timing.replay_dependencies - INFO - Per-trace idle cap advanced replay root 0037f1f4-561b-48e1-9811-896d71fb761e by 230.647s
2026-10-09 17:42:46.955 - aiperf.timing.replay_dependencies - INFO - Per-trace idle cap advanced replay root 87eeda58-e82c-4c3a-b32d-96341fae8934 by 1563.823s
2026-10-09 17:42:46.955 - aiperf.timing.replay_dependencies - INFO - Per-trace idle cap advanced replay root 8bcbe1dc-4218-45f5-a879-8c5f4ee55b9f by 1364.594s
2026-10-09 17:42:46.956 - aiperf.timing.replay_dependencies - INFO - Per-trace idle cap advanced replay root cf8e0b2a-eb0b-4854-95b6-81c4214a252c by 33715.062s
2026-10-09 17:42:46.956 - aiperf.timing.replay_dependencies - INFO - Per-trace idle cap advanced replay root 43a1a74b-f57d-459a-acd9-9c83bfe3a570 by 17.080s
2026-10-09 17:42:46.956 - aiperf.timing.replay_dependencies - INFO - Per-trace idle cap advanced replay root 981b755b-055f-4ae5-85af-81af5504abfe by 726.501s
2026-10-09 17:42:46.956 - aiperf.timing.replay_dependencies - INFO - Per-trace idle cap advanced replay root 3091a63d-3bcc-441e-bcf0-9f7c9e80646e by 33312.138s
2026-10-09 17:42:46.956 - aiperf.timing.replay_dependencies - INFO - Per-trace idle cap advanced replay root a5052f26-f73e-41c2-98c1-32666e571b35 by 31708.625s
2026-10-09 17:42:46.957 - aiperf.timing.replay_dependencies - INFO - Per-trace idle cap advanced replay root cae89fe4-bebc-424a-b854-dfd4f9c8c719 by 53744.005s
2026-10-09 17:42:46.957 - aiperf.timing.replay_dependencies - INFO - Per-trace idle cap advanced replay root 63dca261-a079-4d34-b016-8a17dd66197d by 5659.317s
2026-10-09 17:42:46.957 - aiperf.timing.replay_dependencies - INFO - Per-trace idle cap advanced replay root 44eb950a-3c28-4a21-8d03-ec6e2bde142f by 34724.992s
2026-10-09 17:42:46.957 - aiperf.timing.replay_dependencies - INFO - Per-trace idle cap advanced replay root 05d2df44-49fd-4d78-9c33-91a709754429 by 4964.283s
2026-10-09 17:42:46.957 - aiperf.timing.replay_dependencies - INFO - Per-trace idle cap advanced replay root d4692dc6-b339-46bb-9f71-57250f2498d4 by 23.405s
2026-10-09 17:42:46.958 - aiperf.timing.replay_dependencies - INFO - Per-trace idle cap advanced replay root 502e6e4c-8cd8-4726-ac90-95f8890fb68d by 1047.357s
2026-10-09 17:42:46.958 - aiperf.timing.replay_dependencies - INFO - Per-trace idle cap advanced replay root 4bc54dd2-f5a1-470b-ba18-c8a121a62514 by 732.353s
2026-10-09 17:42:46.958 - aiperf.timing.replay_dependencies - INFO - Per-trace idle cap advanced replay root 47367f12-37e2-4cda-b56f-701f8d9a3fab by 7959.895s
2026-10-09 17:42:46.958 - aiperf.timing.replay_dependencies - INFO - Per-trace idle cap advanced replay root 4a15037e-cb5a-4966-b1a2-24ccf52d5066 by 4228.217s
2026-10-09 17:42:46.958 - aiperf.timing.replay_dependencies - INFO - Per-trace idle cap advanced replay root 6fe6a258-0eef-4984-aaa3-1e4cf2335c4e by 5489.582s
2026-10-09 17:42:46.958 - aiperf.timing.replay_dependencies - INFO - Per-trace idle cap advanced replay root 37161631-5aa7-43b8-bd8a-ef0dc62d17f3 by 19690.983s
2026-10-09 17:42:46.959 - aiperf.timing.replay_dependencies - INFO - Per-trace idle cap advanced replay root b18c0a9a-2e6a-4a5d-8424-3fb034e21754 by 12190.889s
2026-10-09 17:42:46.959 - aiperf.timing.replay_dependencies - INFO - Per-trace idle cap advanced replay root 474ebb4c-e3f6-4bba-8b37-8fceced101b8 by 963.901s
2026-10-09 17:42:46.961 - aiperf.timing.replay_dependencies - INFO - Per-trace idle cap advanced replay root 2ceb9396-cd44-4d1a-9d52-4e9d9ded0987 by 965.539s
2026-10-09 17:42:46.961 - aiperf.timing.replay_dependencies - INFO - Per-trace idle cap advanced replay root 9d83924c-3b82-4435-9fda-893138432d70 by 7764.000s
2026-10-09 17:42:46.961 - aiperf.timing.replay_dependencies - INFO - Per-trace idle cap advanced replay root 81b794b7-bd98-42a0-b10e-94af075c9811 by 134.879s
2026-10-09 17:42:46.961 - aiperf.timing.replay_dependencies - INFO - Per-trace idle cap advanced replay root 45b1d7a2-3874-426d-abfb-c75b75e4e18f by 15847.329s
2026-10-09 17:42:46.961 - aiperf.timing.replay_dependencies - INFO - Per-trace idle cap advanced replay root d0c55e58-1221-43d3-920c-5466912fe748 by 53.855s
2026-10-09 17:42:46.962 - aiperf.timing.replay_dependencies - INFO - Per-trace idle cap advanced replay root 88e7ff14-f1d8-4092-b609-3ad22d04bb62 by 1421.035s
2026-10-09 17:42:46.962 - aiperf.timing.replay_dependencies - INFO - Per-trace idle cap advanced replay root 628d9e06-ae82-4e3c-937b-c3a68ee18627 by 6722.930s
2026-10-09 17:42:46.962 - aiperf.timing.replay_dependencies - INFO - Per-trace idle cap advanced replay root d81c4b32-a9bd-4d25-b382-d1fb312adb2e by 1570.263s
2026-10-09 17:42:46.963 - aiperf.timing.replay_dependencies - INFO - Per-trace idle cap advanced replay root 14e37b87-454a-4627-bda6-c81fee4b248a by 276.140s
2026-10-09 17:42:46.963 - aiperf.timing.replay_dependencies - INFO - Per-trace idle cap advanced replay root 7d344df1-4731-4bce-9913-4eb13a13a0ac by 501.167s
2026-10-09 17:42:46.963 - aiperf.timing.replay_dependencies - INFO - Per-trace idle cap advanced replay root 9434e1d1-fd88-4837-b0f2-b219a7d1ff04 by 1178.653s
2026-10-09 17:42:46.963 - aiperf.timing.replay_dependencies - INFO - Per-trace idle cap advanced replay root efaf9bcb-886e-4140-a08a-940f0445e280 by 18598.842s
2026-10-09 17:42:46.963 - aiperf.timing.replay_dependencies - INFO - Per-trace idle cap advanced replay root 454cc346-bff2-4d8e-87b1-7c9c5e0c430b by 102532.795s
2026-10-09 17:42:46.963 - aiperf.timing.replay_dependencies - INFO - Per-trace idle cap advanced replay root 27f6f6ee-75dd-4fd3-badd-e07ce6dda7fa by 1890.954s
2026-10-09 17:42:46.964 - aiperf.timing.replay_dependencies - INFO - Per-trace idle cap advanced replay root 44be2a16-3b42-46d9-bca2-6e318ef568b8 by 1243.523s
2026-10-09 17:42:46.964 - aiperf.timing.replay_dependencies - INFO - Per-trace idle cap advanced replay root 60bb676d-059b-411d-b305-17d1aa040cbc by 3142.981s
2026-10-09 17:42:46.964 - aiperf.timing.replay_dependencies - INFO - Per-trace idle cap advanced replay root b82439ac-76a3-43b2-ae6d-7f34638a4c0e by 184.893s
2026-10-09 17:42:46.964 - aiperf.timing.replay_dependencies - INFO - Per-trace idle cap advanced replay root b04269ce-1fbe-41f5-9be0-57294bf1c1b4 by 177.446s
2026-10-09 17:42:46.964 - aiperf.timing.replay_dependencies - INFO - Per-trace idle cap advanced replay root 1e228feb-fd95-4f4b-9b6e-7b3023da365b by 9455.464s
2026-10-09 17:42:46.965 - aiperf.timing.replay_dependencies - INFO - Per-trace idle cap advanced replay root 9b154916-5b24-4b38-b516-34381118a268 by 17593.456s
2026-10-09 17:42:46.965 - aiperf.timing.replay_dependencies - INFO - Per-trace idle cap advanced replay root 2a4454dc-7d63-47d5-9fd1-d8c6e65d4400 by 42865.847s
2026-10-09 17:42:46.965 - aiperf.timing.replay_dependencies - INFO - Per-trace idle cap advanced replay root 8e2f3590-5401-48ef-ab97-9e6b1fb00fc8 by 690.874s
2026-10-09 17:42:46.965 - aiperf.timing.replay_dependencies - INFO - Per-trace idle cap advanced replay root 213b2e0f-e8f4-4d78-a036-ab8c273a9bb0 by 15143.737s
2026-10-09 17:42:46.967 - aiperf.timing.replay_dependencies - INFO - Per-trace idle cap advanced replay root 865ba57d-61c2-4028-a338-b2f28446f5b3 by 1104.014s
2026-10-09 17:42:46.968 - aiperf.timing.replay_dependencies - INFO - Per-trace idle cap advanced replay root 1e137ccf-0fe3-4f99-9875-608c36d89d82 by 416.751s
2026-10-09 17:42:46.968 - aiperf.timing.replay_dependencies - INFO - Per-trace idle cap advanced replay root 3f85e600-7393-49ca-a275-e3d8e48dab9f by 417.732s
2026-10-09 17:42:46.968 - aiperf.timing.replay_dependencies - INFO - Per-trace idle cap advanced replay root 2f376228-1bf8-477d-abcc-4a3820cca58e by 983.367s
2026-10-09 17:42:46.969 - aiperf.timing.replay_dependencies - INFO - Per-trace idle cap advanced replay root 1f0288aa-dc31-44eb-be58-b8a21d6eca93 by 209.839s
2026-10-09 17:42:46.969 - aiperf.timing.replay_dependencies - INFO - Per-trace idle cap advanced replay root 83af563d-fb22-4e0c-9920-ba7223ae14b3 by 816.823s
2026-10-09 17:42:46.969 - aiperf.timing.replay_dependencies - INFO - Per-trace idle cap advanced replay root 79b187c6-e0f5-44c3-8614-fca7082040d7 by 78.292s
2026-10-09 17:42:46.969 - aiperf.timing.replay_dependencies - INFO - Per-trace idle cap advanced replay root 2eae310b-f3da-4440-9d3f-4637d1fb823b by 223.145s
2026-10-09 17:42:46.969 - aiperf.timing.replay_dependencies - INFO - Per-trace idle cap advanced replay root ff148e41-77eb-4d7f-9fdc-8325b85c79a1 by 109564.212s
2026-10-09 17:42:46.970 - aiperf.timing.replay_dependencies - INFO - Per-trace idle cap advanced replay root 718b3870-61dc-41b8-8035-a71a22a0158a by 15742.914s
2026-10-09 17:42:46.970 - aiperf.timing.replay_dependencies - INFO - Per-trace idle cap advanced replay root 3b515549-4cc7-4f61-85de-6300fccda19e by 188.585s
2026-10-09 17:42:46.970 - aiperf.timing.replay_dependencies - INFO - Per-trace idle cap advanced replay root 83ed16c5-1768-4e2c-bd1b-9c922377b6fb by 2132.677s
2026-10-09 17:42:46.970 - aiperf.timing.replay_dependencies - INFO - Per-trace idle cap advanced replay root 79846498-d614-4cd6-ac8d-edaa64a8279e by 42856.286s
2026-10-09 17:42:46.971 - aiperf.timing.replay_dependencies - INFO - Per-trace idle cap advanced replay root c76813b0-0a55-4216-a16a-77fdea623dcd by 4600.998s
2026-10-09 17:42:46.971 - aiperf.timing.replay_dependencies - INFO - Per-trace idle cap advanced replay root 6860516e-a482-4b18-ba2b-735d63180c38 by 1905.370s
2026-10-09 17:42:46.971 - aiperf.timing.replay_dependencies - INFO - Per-trace idle cap advanced replay root 5e3283b3-dc84-403c-815a-5ac0a941059f by 20850.710s
2026-10-09 17:42:47.110 - EventLoopMonitor - WARNING - Event loop for worker_990f3c82 is taking too long to run. Overhead: 31.12ms
2026-10-09 17:42:47.127 - EventLoopMonitor - WARNING - Event loop for worker_8dc567b5 is taking too long to run. Overhead: 46.65ms
2026-10-09 17:43:08.607 - records_manager - INFO - [realtime 05:21 profiling]
2026-10-09 17:43:08.607 - records_manager - INFO -   rps=0.8 (avg 0.7)  tput_in=33,027/s  tput_out=367/s  done=217 ok=217 err=0
2026-10-09 17:43:08.607 - records_manager - INFO -   ttft    p50= 3,377ms  p75= 48,749ms  p95= 81,330ms  p99= 87,884ms
2026-10-09 17:43:08.607 - records_manager - INFO -   itl     p50=    97ms  p75=    121ms  p95=    154ms  p99=    216ms
2026-10-09 17:43:08.607 - records_manager - INFO -   e2e     p50=69,477ms  p75=108,043ms  p95=202,266ms  p99=238,844ms
2026-10-09 17:43:08.607 - records_manager - INFO -   intvty  p50=      10  p75=       15  p95=       23  p99=       36  (1/tpot tok/s)
2026-10-09 17:43:08.607 - records_manager - INFO -   isl     p50=  44,820  p75=   69,135  p90=   98,536  p99=  175,285  (tokens)
2026-10-09 17:43:08.607 - records_manager - INFO -   osl     p50=     323  p75=      702  p90=    1,337  p99=    2,282  (tokens)
2026-10-09 17:43:08.607 - records_manager - INFO -   tot     in=10,579,965  out=117,411
2026-10-09 17:43:08.607 - records_manager - INFO -   trace  theoretical_prefix_cache_hit=94.3%
2026-10-09 17:43:08.607 - records_manager - INFO -   srv    prefix_cache_hit=28.5% unique_in_srv=18,549,378 ext_cache_hit=50.1% kv_usage=91.8% queue=42r/153w tput_in_srv=79,501/s tput_out_srv=908/s
2026-10-09 17:43:39.482 - records_manager - INFO - [realtime 05:52 profiling]
2026-10-09 17:43:39.483 - records_manager - INFO -   rps=0.3 (avg 0.7)  tput_in=32,452/s  tput_out=353/s  done=226 ok=226 err=0
2026-10-09 17:43:39.483 - records_manager - INFO -   ttft    p50= 3,787ms  p75= 54,578ms  p95= 81,877ms  p99= 87,680ms
2026-10-09 17:43:39.483 - records_manager - INFO -   itl     p50=    96ms  p75=    121ms  p95=    154ms  p99=    216ms
2026-10-09 17:43:39.483 - records_manager - INFO -   e2e     p50=73,546ms  p75=109,329ms  p95=200,961ms  p99=238,558ms
2026-10-09 17:43:39.483 - records_manager - INFO -   intvty  p50=      10  p75=       15  p95=       23  p99=       36  (1/tpot tok/s)
2026-10-09 17:43:39.483 - records_manager - INFO -   isl     p50=  44,945  p75=   68,750  p90=  101,862  p99=  175,944  (tokens)
2026-10-09 17:43:39.483 - records_manager - INFO -   osl     p50=     329  p75=      703  p90=    1,308  p99=    2,278  (tokens)
2026-10-09 17:43:39.483 - records_manager - INFO -   tot     in=11,184,795  out=121,503
2026-10-09 17:43:39.483 - records_manager - INFO -   trace  theoretical_prefix_cache_hit=94.3%
2026-10-09 17:43:39.483 - records_manager - INFO -   srv    prefix_cache_hit=27.9% unique_in_srv=19,479,096 ext_cache_hit=50.3% kv_usage=96.3% queue=40r/159w tput_in_srv=76,075/s tput_out_srv=876/s
2026-10-09 17:44:10.711 - records_manager - INFO - [realtime 06:23 profiling]
2026-10-09 17:44:10.711 - records_manager - INFO -   rps=0.4 (avg 0.6)  tput_in=31,881/s  tput_out=345/s  done=240 ok=240 err=0
2026-10-09 17:44:10.711 - records_manager - INFO -   ttft    p50= 4,633ms  p75= 57,951ms  p95= 84,576ms  p99= 90,187ms
2026-10-09 17:44:10.711 - records_manager - INFO -   itl     p50=    95ms  p75=    120ms  p95=    154ms  p99=    216ms
2026-10-09 17:44:10.711 - records_manager - INFO -   e2e     p50=82,321ms  p75=113,160ms  p95=197,976ms  p99=238,113ms
2026-10-09 17:44:10.711 - records_manager - INFO -   intvty  p50=      11  p75=       14  p95=       23  p99=       36  (1/tpot tok/s)
2026-10-09 17:44:10.711 - records_manager - INFO -   isl     p50=  45,064  p75=   70,052  p90=  102,435  p99=  175,916  (tokens)
2026-10-09 17:44:10.711 - records_manager - INFO -   osl     p50=     340  p75=      710  p90=    1,302  p99=    2,270  (tokens)
2026-10-09 17:44:10.711 - records_manager - INFO -   tot     in=11,959,752  out=129,261
2026-10-09 17:44:10.711 - records_manager - INFO -   trace  theoretical_prefix_cache_hit=94.3%
2026-10-09 17:44:10.712 - records_manager - INFO -   srv    prefix_cache_hit=26.9% unique_in_srv=20,934,058 ext_cache_hit=51.1% kv_usage=99.6% queue=37r/165w tput_in_srv=75,023/s tput_out_srv=877/s
2026-10-09 17:44:41.730 - records_manager - INFO - [realtime 06:54 profiling]
2026-10-09 17:44:41.730 - records_manager - INFO -   rps=0.7 (avg 0.6)  tput_in=33,146/s  tput_out=358/s  done=263 ok=263 err=0
2026-10-09 17:44:41.730 - records_manager - INFO -   ttft    p50= 6,082ms  p75= 61,971ms  p95= 88,768ms  p99=110,470ms
2026-10-09 17:44:41.730 - records_manager - INFO -   itl     p50=    91ms  p75=    119ms  p95=    151ms  p99=    215ms
2026-10-09 17:44:41.730 - records_manager - INFO -   e2e     p50=87,207ms  p75=124,910ms  p95=198,663ms  p99=237,382ms
2026-10-09 17:44:41.731 - records_manager - INFO -   intvty  p50=      11  p75=       14  p95=       23  p99=       36  (1/tpot tok/s)
2026-10-09 17:44:41.731 - records_manager - INFO -   isl     p50=  44,999  p75=   70,928  p90=  107,348  p99=  184,731  (tokens)
2026-10-09 17:44:41.731 - records_manager - INFO -   osl     p50=     356  p75=      824  p90=    1,298  p99=    2,259  (tokens)
2026-10-09 17:44:41.731 - records_manager - INFO -   tot     in=13,632,769  out=147,335
2026-10-09 17:44:41.731 - records_manager - INFO -   trace  theoretical_prefix_cache_hit=94.3%
2026-10-09 17:44:41.731 - records_manager - INFO -   srv    prefix_cache_hit=24.9% unique_in_srv=23,777,242 ext_cache_hit=52.7% kv_usage=90.0% queue=39r/160w tput_in_srv=75,611/s tput_out_srv=878/s
2026-10-09 17:45:12.799 - records_manager - INFO - [realtime 07:25 profiling]
2026-10-09 17:45:12.799 - records_manager - INFO -   rps=0.2 (avg 0.6)  tput_in=32,115/s  tput_out=346/s  done=269 ok=269 err=0
2026-10-09 17:45:12.799 - records_manager - INFO -   ttft    p50= 6,409ms  p75= 63,657ms  p95= 91,356ms  p99=110,468ms
2026-10-09 17:45:12.799 - records_manager - INFO -   itl     p50=    93ms  p75=    120ms  p95=    155ms  p99=    239ms
2026-10-09 17:45:12.799 - records_manager - INFO -   e2e     p50=89,420ms  p75=127,863ms  p95=198,363ms  p99=237,192ms
2026-10-09 17:45:12.799 - records_manager - INFO -   intvty  p50=      11  p75=       14  p95=       22  p99=       36  (1/tpot tok/s)
2026-10-09 17:45:12.799 - records_manager - INFO -   isl     p50=  44,820  p75=   70,922  p90=  107,443  p99=  183,377  (tokens)
2026-10-09 17:45:12.799 - records_manager - INFO -   osl     p50=     351  p75=      815  p90=    1,303  p99=    2,256  (tokens)
2026-10-09 17:45:12.799 - records_manager - INFO -   tot     in=13,869,129  out=149,545
2026-10-09 17:45:12.799 - records_manager - INFO -   trace  theoretical_prefix_cache_hit=94.3%
2026-10-09 17:45:12.799 - records_manager - INFO -   srv    prefix_cache_hit=24.5% unique_in_srv=24,271,056 ext_cache_hit=51.6% kv_usage=94.9% queue=34r/164w tput_in_srv=71,180/s tput_out_srv=826/s
2026-10-09 17:45:43.888 - records_manager - INFO - [realtime 07:56 profiling]
2026-10-09 17:45:43.888 - records_manager - INFO -   rps=0.2 (avg 0.6)  tput_in=30,233/s  tput_out=324/s  done=276 ok=276 err=0
2026-10-09 17:45:43.889 - records_manager - INFO -   ttft    p50= 7,671ms  p75= 68,190ms  p95=104,752ms  p99=110,744ms
2026-10-09 17:45:43.889 - records_manager - INFO -   itl     p50=    93ms  p75=    120ms  p95=    166ms  p99=    279ms
2026-10-09 17:45:43.889 - records_manager - INFO -   e2e     p50=90,631ms  p75=130,508ms  p95=198,866ms  p99=236,969ms
2026-10-09 17:45:43.890 - records_manager - INFO -   intvty  p50=      11  p75=       14  p95=       22  p99=       36  (1/tpot tok/s)
2026-10-09 17:45:43.890 - records_manager - INFO -   isl     p50=  44,856  p75=   70,925  p90=  107,230  p99=  181,798  (tokens)
2026-10-09 17:45:43.890 - records_manager - INFO -   osl     p50=     342  p75=      794  p90=    1,308  p99=    2,252  (tokens)
2026-10-09 17:45:43.890 - records_manager - INFO -   tot     in=14,226,583  out=152,458
2026-10-09 17:45:43.890 - records_manager - INFO -   trace  theoretical_prefix_cache_hit=94.3%
2026-10-09 17:45:43.890 - records_manager - INFO -   srv    prefix_cache_hit=24.0% unique_in_srv=24,905,084 ext_cache_hit=50.3% kv_usage=94.6% queue=30r/168w tput_in_srv=67,844/s tput_out_srv=792/s
2026-10-09 17:46:14.978 - records_manager - INFO - [realtime 08:28 profiling]
2026-10-09 17:46:14.978 - records_manager - INFO -   rps=0.3 (avg 0.6)  tput_in=28,756/s  tput_out=312/s  done=286 ok=286 err=0
2026-10-09 17:46:14.978 - records_manager - INFO -   ttft    p50=16,188ms  p75= 70,449ms  p95=107,854ms  p99=111,092ms
2026-10-09 17:46:14.978 - records_manager - INFO -   itl     p50=    95ms  p75=    123ms  p95=    214ms  p99=    303ms
2026-10-09 17:46:14.978 - records_manager - INFO -   e2e     p50=95,330ms  p75=138,788ms  p95=203,855ms  p99=239,692ms
2026-10-09 17:46:14.978 - records_manager - INFO -   intvty  p50=      11  p75=       14  p95=       22  p99=       36  (1/tpot tok/s)
2026-10-09 17:46:14.978 - records_manager - INFO -   isl     p50=  42,604  p75=   70,766  p90=  106,913  p99=  179,541  (tokens)
2026-10-09 17:46:14.978 - records_manager - INFO -   osl     p50=     347  p75=      783  p90=    1,308  p99=    2,247  (tokens)
2026-10-09 17:46:14.978 - records_manager - INFO -   tot     in=14,569,697  out=158,285
2026-10-09 17:46:14.978 - records_manager - INFO -   trace  theoretical_prefix_cache_hit=94.3%
2026-10-09 17:46:14.978 - records_manager - INFO -   srv    prefix_cache_hit=23.7% unique_in_srv=25,379,134 ext_cache_hit=49.4% kv_usage=90.9% queue=22r/175w tput_in_srv=65,620/s tput_out_srv=784/s
2026-10-09 17:46:43.800 - aiperf.timing.replay_dependencies - INFO - Per-trace idle cap advanced replay root 82481113-8daa-4f30-a051-71dd06b9031a by 301.275s
2026-10-09 17:46:46.060 - records_manager - INFO - [realtime 08:59 profiling]
2026-10-09 17:46:46.060 - records_manager - INFO -   rps=0.1 (avg 0.5)  tput_in=28,237/s  tput_out=303/s  done=290 ok=290 err=0
2026-10-09 17:46:46.060 - records_manager - INFO -   ttft    p50=18,729ms  p75= 71,496ms  p95=108,729ms  p99=148,070ms
2026-10-09 17:46:46.061 - records_manager - INFO -   itl     p50=    95ms  p75=    123ms  p95=    214ms  p99=    303ms
2026-10-09 17:46:46.061 - records_manager - INFO -   e2e     p50=95,587ms  p75=140,550ms  p95=206,343ms  p99=246,187ms
2026-10-09 17:46:46.061 - records_manager - INFO -   intvty  p50=      11  p75=       14  p95=       22  p99=       36  (1/tpot tok/s)
2026-10-09 17:46:46.061 - records_manager - INFO -   isl     p50=  44,856  p75=   70,931  p90=  107,435  p99=  225,313  (tokens)
2026-10-09 17:46:46.061 - records_manager - INFO -   osl     p50=     354  p75=      808  p90=    1,334  p99=    2,295  (tokens)
2026-10-09 17:46:46.061 - records_manager - INFO -   tot     in=15,185,567  out=162,947
2026-10-09 17:46:46.061 - records_manager - INFO -   trace  theoretical_prefix_cache_hit=94.3%
2026-10-09 17:46:46.061 - records_manager - INFO -   srv    prefix_cache_hit=23.0% unique_in_srv=26,422,032 ext_cache_hit=48.8% kv_usage=97.3% queue=22r/177w tput_in_srv=63,772/s tput_out_srv=753/s
2026-10-09 17:47:17.337 - records_manager - INFO - [realtime 09:30 profiling]
2026-10-09 17:47:17.337 - records_manager - INFO -   rps=0.1 (avg 0.5)  tput_in=27,660/s  tput_out=297/s  done=293 ok=293 err=0
2026-10-09 17:47:17.337 - records_manager - INFO -   ttft    p50=19,992ms  p75= 72,074ms  p95=109,244ms  p99=151,113ms
2026-10-09 17:47:17.337 - records_manager - INFO -   itl     p50=    96ms  p75=    124ms  p95=    213ms  p99=    303ms
2026-10-09 17:47:17.337 - records_manager - INFO -   e2e     p50=95,746ms  p75=143,181ms  p95=214,009ms  p99=270,571ms
2026-10-09 17:47:17.337 - records_manager - INFO -   intvty  p50=      10  p75=       14  p95=       22  p99=       36  (1/tpot tok/s)
2026-10-09 17:47:17.337 - records_manager - INFO -   isl     p50=  44,999  p75=   71,392  p90=  107,348  p99=  225,061  (tokens)
2026-10-09 17:47:17.337 - records_manager - INFO -   osl     p50=     356  p75=      832  p90=    1,358  p99=    2,294  (tokens)
2026-10-09 17:47:17.337 - records_manager - INFO -   tot     in=15,444,000  out=165,916
2026-10-09 17:47:17.337 - records_manager - INFO -   trace  theoretical_prefix_cache_hit=94.3%
2026-10-09 17:47:17.337 - records_manager - INFO -   srv    prefix_cache_hit=22.3% unique_in_srv=27,446,946 ext_cache_hit=47.0% kv_usage=97.0% queue=22r/178w tput_in_srv=61,671/s tput_out_srv=721/s
2026-10-09 17:47:48.393 - records_manager - INFO - [realtime 10:01 profiling]
2026-10-09 17:47:48.393 - records_manager - INFO -   rps=0.2 (avg 0.5)  tput_in=27,012/s  tput_out=281/s  done=298 ok=298 err=0
2026-10-09 17:47:48.393 - records_manager - INFO -   ttft    p50=38,901ms  p75= 73,990ms  p95=109,915ms  p99=236,119ms
2026-10-09 17:47:48.393 - records_manager - INFO -   itl     p50=    96ms  p75=    124ms  p95=    213ms  p99=    303ms
2026-10-09 17:47:48.393 - records_manager - INFO -   e2e     p50=96,855ms  p75=149,724ms  p95=237,916ms  p99=298,462ms
2026-10-09 17:47:48.393 - records_manager - INFO -   intvty  p50=      10  p75=       14  p95=       22  p99=       36  (1/tpot tok/s)
2026-10-09 17:47:48.393 - records_manager - INFO -   isl     p50=  45,210  p75=   72,473  p90=  108,703  p99=  232,950  (tokens)
2026-10-09 17:47:48.393 - records_manager - INFO -   osl     p50=     354  p75=      838  p90=    1,357  p99=    2,291  (tokens)
2026-10-09 17:47:48.393 - records_manager - INFO -   tot     in=16,185,776  out=168,571
2026-10-09 17:47:48.393 - records_manager - INFO -   trace  theoretical_prefix_cache_hit=94.3%
2026-10-09 17:47:48.393 - records_manager - INFO -   srv    prefix_cache_hit=21.6% unique_in_srv=28,614,068 ext_cache_hit=45.1% kv_usage=82.6% queue=22r/178w tput_in_srv=60,117/s tput_out_srv=703/s
2026-10-09 17:48:19.492 - records_manager - INFO - [realtime 10:32 profiling]
2026-10-09 17:48:19.492 - records_manager - INFO -   rps=0.1 (avg 0.5)  tput_in=25,972/s  tput_out=268/s  done=300 ok=300 err=0
2026-10-09 17:48:19.492 - records_manager - INFO -   ttft    p50=39,066ms  p75= 74,550ms  p95=110,495ms  p99=250,155ms
2026-10-09 17:48:19.492 - records_manager - INFO -   itl     p50=    96ms  p75=    124ms  p95=    212ms  p99=    303ms
2026-10-09 17:48:19.492 - records_manager - INFO -   e2e     p50=97,336ms  p75=150,158ms  p95=239,466ms  p99=302,203ms
2026-10-09 17:48:19.493 - records_manager - INFO -   intvty  p50=      10  p75=       14  p95=       23  p99=       36  (1/tpot tok/s)
2026-10-09 17:48:19.493 - records_manager - INFO -   isl     p50=  45,210  p75=   72,528  p90=  108,967  p99=  232,842  (tokens)
2026-10-09 17:48:19.493 - records_manager - INFO -   osl     p50=     354  p75=      834  p90=    1,355  p99=    2,290  (tokens)
2026-10-09 17:48:19.493 - records_manager - INFO -   tot     in=16,398,908  out=169,162
2026-10-09 17:48:19.493 - records_manager - INFO -   trace  theoretical_prefix_cache_hit=94.3%
2026-10-09 17:48:19.493 - records_manager - INFO -   srv    prefix_cache_hit=21.3% unique_in_srv=29,102,600 ext_cache_hit=44.3% kv_usage=93.5% queue=24r/178w tput_in_srv=58,610/s tput_out_srv=677/s
2026-10-09 17:48:50.554 - records_manager - INFO - [realtime 11:03 profiling]
2026-10-09 17:48:50.554 - records_manager - INFO -   rps=0.1 (avg 0.5)  tput_in=25,352/s  tput_out=261/s  done=302 ok=302 err=0
2026-10-09 17:48:50.554 - records_manager - INFO -   ttft    p50=40,485ms  p75= 75,545ms  p95=110,705ms  p99=264,547ms
2026-10-09 17:48:50.554 - records_manager - INFO -   itl     p50=    96ms  p75=    124ms  p95=    212ms  p99=    302ms
2026-10-09 17:48:50.554 - records_manager - INFO -   e2e     p50=97,838ms  p75=151,102ms  p95=244,035ms  p99=331,250ms
2026-10-09 17:48:50.554 - records_manager - INFO -   intvty  p50=      10  p75=       14  p95=       23  p99=       36  (1/tpot tok/s)
2026-10-09 17:48:50.554 - records_manager - INFO -   isl     p50=  45,690  p75=   72,693  p90=  109,102  p99=  232,704  (tokens)
2026-10-09 17:48:50.554 - records_manager - INFO -   osl     p50=     356  p75=      838  p90=    1,352  p99=    2,290  (tokens)
2026-10-09 17:48:50.554 - records_manager - INFO -   tot     in=16,615,430  out=170,883
2026-10-09 17:48:50.554 - records_manager - INFO -   trace  theoretical_prefix_cache_hit=94.3%
2026-10-09 17:48:50.554 - records_manager - INFO -   srv    prefix_cache_hit=20.9% unique_in_srv=29,789,068 ext_cache_hit=43.3% kv_usage=97.8% queue=23r/180w tput_in_srv=56,493/s tput_out_srv=661/s
2026-10-09 17:49:21.436 - aiperf.timing.replay_dependencies - INFO - Per-trace idle cap advanced replay root 9a64ecad-5890-49ae-abb8-00f2b0dc456e by 982.026s
2026-10-09 17:49:21.661 - records_manager - INFO - [realtime 11:34 profiling]
2026-10-09 17:49:21.661 - records_manager - INFO -   rps=0.2 (avg 0.4)  tput_in=25,049/s  tput_out=265/s  done=307 ok=307 err=0
2026-10-09 17:49:21.661 - records_manager - INFO -   ttft    p50=42,865ms  p75= 76,416ms  p95=136,708ms  p99=288,463ms
2026-10-09 17:49:21.661 - records_manager - INFO -   itl     p50=    97ms  p75=    124ms  p95=    210ms  p99=    302ms
2026-10-09 17:49:21.662 - records_manager - INFO -   e2e     p50=98,276ms  p75=152,762ms  p95=272,112ms  p99=373,535ms
2026-10-09 17:49:21.662 - records_manager - INFO -   intvty  p50=      10  p75=       14  p95=       23  p99=       35  (1/tpot tok/s)
2026-10-09 17:49:21.662 - records_manager - INFO -   isl     p50=  46,746  p75=   73,477  p90=  115,147  p99=  232,284  (tokens)
2026-10-09 17:49:21.662 - records_manager - INFO -   osl     p50=     363  p75=      842  p90=    1,366  p99=    2,623  (tokens)
2026-10-09 17:49:21.662 - records_manager - INFO -   tot     in=17,147,608  out=181,307
2026-10-09 17:49:21.662 - records_manager - INFO -   trace  theoretical_prefix_cache_hit=94.3%
2026-10-09 17:49:21.662 - records_manager - INFO -   srv    prefix_cache_hit=20.4% unique_in_srv=30,732,282 ext_cache_hit=42.0% kv_usage=91.2% queue=22r/180w tput_in_srv=55,007/s tput_out_srv=651/s
2026-10-09 17:49:52.841 - records_manager - INFO - [realtime 12:05 profiling]
2026-10-09 17:49:52.841 - records_manager - INFO -   rps=0.1 (avg 0.4)  tput_in=24,159/s  tput_out=261/s  done=311 ok=311 err=0
2026-10-09 17:49:52.841 - records_manager - INFO -   ttft    p50=43,232ms  p75= 76,827ms  p95=162,951ms  p99=327,962ms
2026-10-09 17:49:52.841 - records_manager - INFO -   itl     p50=    97ms  p75=    124ms  p95=    209ms  p99=    301ms
2026-10-09 17:49:52.841 - records_manager - INFO -   e2e     p50=99,701ms  p75=158,812ms  p95=298,825ms  p99=423,523ms
2026-10-09 17:49:52.841 - records_manager - INFO -   intvty  p50=      10  p75=       14  p95=       23  p99=       35  (1/tpot tok/s)
2026-10-09 17:49:52.841 - records_manager - INFO -   isl     p50=  46,954  p75=   73,870  p90=  116,189  p99=  231,948  (tokens)
2026-10-09 17:49:52.841 - records_manager - INFO -   osl     p50=     363  p75=      846  p90=    1,368  p99=    2,717  (tokens)
2026-10-09 17:49:52.841 - records_manager - INFO -   tot     in=17,484,712  out=189,205
2026-10-09 17:49:52.841 - records_manager - INFO -   trace  theoretical_prefix_cache_hit=94.2%
2026-10-09 17:49:52.841 - records_manager - INFO -   srv    prefix_cache_hit=20.0% unique_in_srv=31,458,058 ext_cache_hit=41.0% kv_usage=86.6% queue=20r/180w tput_in_srv=53,688/s tput_out_srv=639/s
2026-10-09 17:50:24.114 - records_manager - INFO - [realtime 12:37 profiling]
2026-10-09 17:50:24.114 - records_manager - INFO -   rps=0.1 (avg 0.4)  tput_in=23,275/s  tput_out=252/s  done=313 ok=313 err=0
2026-10-09 17:50:24.115 - records_manager - INFO -   ttft    p50= 44,950ms  p75= 77,067ms  p95=207,054ms  p99=380,444ms
2026-10-09 17:50:24.115 - records_manager - INFO -   itl     p50=     97ms  p75=    124ms  p95=    208ms  p99=    300ms
2026-10-09 17:50:24.115 - records_manager - INFO -   e2e     p50=100,090ms  p75=160,029ms  p95=307,625ms  p99=446,902ms
2026-10-09 17:50:24.115 - records_manager - INFO -   intvty  p50=       10  p75=       14  p95=       23  p99=       35  (1/tpot tok/s)
2026-10-09 17:50:24.115 - records_manager - INFO -   isl     p50=   46,954  p75=   73,649  p90=  115,842  p99=  231,780  (tokens)
2026-10-09 17:50:24.115 - records_manager - INFO -   osl     p50=      363  p75=      844  p90=    1,367  p99=    2,715  (tokens)
2026-10-09 17:50:24.115 - records_manager - INFO -   tot     in=17,546,130  out=189,826
2026-10-09 17:50:24.115 - records_manager - INFO -   trace  theoretical_prefix_cache_hit=94.2%
2026-10-09 17:50:24.115 - records_manager - INFO -   srv    prefix_cache_hit=19.9% unique_in_srv=31,649,424 ext_cache_hit=40.8% kv_usage=98.3% queue=21r/181w tput_in_srv=52,345/s tput_out_srv=627/s
2026-10-09 17:50:55.274 - records_manager - INFO - [realtime 13:08 profiling]
2026-10-09 17:50:55.274 - records_manager - INFO -   rps=0.2 (avg 0.4)  tput_in=22,988/s  tput_out=248/s  done=318 ok=318 err=0
2026-10-09 17:50:55.274 - records_manager - INFO -   ttft    p50= 45,640ms  p75= 78,200ms  p95=250,793ms  p99=439,518ms
2026-10-09 17:50:55.274 - records_manager - INFO -   itl     p50=     97ms  p75=    124ms  p95=    207ms  p99=    300ms
2026-10-09 17:50:55.274 - records_manager - INFO -   e2e     p50=101,781ms  p75=165,757ms  p95=365,777ms  p99=469,317ms
2026-10-09 17:50:55.274 - records_manager - INFO -   intvty  p50=       10  p75=       14  p95=       23  p99=       35  (1/tpot tok/s)
2026-10-09 17:50:55.274 - records_manager - INFO -   isl     p50=   47,064  p75=   74,316  p90=  116,271  p99=  232,405  (tokens)
2026-10-09 17:50:55.274 - records_manager - INFO -   osl     p50=      368  p75=      848  p90=    1,370  p99=    2,711  (tokens)
2026-10-09 17:50:55.274 - records_manager - INFO -   tot     in=18,048,380  out=194,781
2026-10-09 17:50:55.274 - records_manager - INFO -   trace  theoretical_prefix_cache_hit=94.3%
2026-10-09 17:50:55.274 - records_manager - INFO -   srv    prefix_cache_hit=19.6% unique_in_srv=32,386,048 ext_cache_hit=39.8% kv_usage=90.1% queue=19r/182w tput_in_srv=50,902/s tput_out_srv=614/s
2026-10-09 17:51:26.396 - records_manager - INFO - [realtime 13:39 profiling]
2026-10-09 17:51:26.396 - records_manager - INFO -   rps=0.1 (avg 0.4)  tput_in=22,705/s  tput_out=242/s  done=322 ok=322 err=0
2026-10-09 17:51:26.396 - records_manager - INFO -   ttft    p50= 47,051ms  p75= 79,480ms  p95=282,223ms  p99=450,319ms
2026-10-09 17:51:26.396 - records_manager - INFO -   itl     p50=     97ms  p75=    124ms  p95=    205ms  p99=    299ms
2026-10-09 17:51:26.396 - records_manager - INFO -   e2e     p50=103,308ms  p75=166,942ms  p95=419,478ms  p99=507,788ms
2026-10-09 17:51:26.396 - records_manager - INFO -   intvty  p50=       10  p75=       14  p95=       23  p99=       35  (1/tpot tok/s)
2026-10-09 17:51:26.396 - records_manager - INFO -   isl     p50=   47,190  p75=   74,316  p90=  116,435  p99=  237,049  (tokens)
2026-10-09 17:51:26.396 - records_manager - INFO -   osl     p50=      365  p75=      848  p90=    1,368  p99=    2,707  (tokens)
2026-10-09 17:51:26.396 - records_manager - INFO -   tot     in=18,432,014  out=196,194
2026-10-09 17:51:26.396 - records_manager - INFO -   trace  theoretical_prefix_cache_hit=94.3%
2026-10-09 17:51:26.397 - records_manager - INFO -   srv    prefix_cache_hit=19.0% unique_in_srv=33,468,246 ext_cache_hit=38.6% kv_usage=94.8% queue=21r/180w tput_in_srv=49,974/s tput_out_srv=605/s
2026-10-09 17:51:57.547 - records_manager - INFO - [realtime 14:10 profiling]
2026-10-09 17:51:57.547 - records_manager - INFO -   rps=0.1 (avg 0.4)  tput_in=22,282/s  tput_out=242/s  done=326 ok=326 err=0
2026-10-09 17:51:57.547 - records_manager - INFO -   ttft    p50= 48,620ms  p75= 81,877ms  p95=292,888ms  p99=477,438ms
2026-10-09 17:51:57.547 - records_manager - INFO -   itl     p50=     98ms  p75=    125ms  p95=    204ms  p99=    298ms
2026-10-09 17:51:57.547 - records_manager - INFO -   e2e     p50=104,512ms  p75=170,126ms  p95=443,479ms  p99=536,240ms
2026-10-09 17:51:57.547 - records_manager - INFO -   intvty  p50=       10  p75=       14  p95=       23  p99=       35  (1/tpot tok/s)
2026-10-09 17:51:57.547 - records_manager - INFO -   isl     p50=   47,190  p75=   74,316  p90=  117,480  p99=  236,834  (tokens)
2026-10-09 17:51:57.547 - records_manager - INFO -   osl     p50=      368  p75=      878  p90=    1,450  p99=    2,778  (tokens)
2026-10-09 17:51:57.547 - records_manager - INFO -   tot     in=18,736,050  out=203,489
2026-10-09 17:51:57.547 - records_manager - INFO -   trace  theoretical_prefix_cache_hit=94.3%
2026-10-09 17:51:57.547 - records_manager - INFO -   srv    prefix_cache_hit=18.8% unique_in_srv=33,952,324 ext_cache_hit=38.0% kv_usage=92.6% queue=19r/187w tput_in_srv=48,693/s tput_out_srv=595/s
2026-10-09 17:52:28.701 - records_manager - INFO - [realtime 14:41 profiling]
2026-10-09 17:52:28.701 - records_manager - INFO -   rps=0.1 (avg 0.4)  tput_in=21,900/s  tput_out=241/s  done=328 ok=328 err=0
2026-10-09 17:52:28.701 - records_manager - INFO -   ttft    p50= 48,695ms  p75= 82,440ms  p95=313,672ms  p99=489,376ms
2026-10-09 17:52:28.701 - records_manager - INFO -   itl     p50=     98ms  p75=    125ms  p95=    204ms  p99=    298ms
2026-10-09 17:52:28.701 - records_manager - INFO -   e2e     p50=104,636ms  p75=171,191ms  p95=458,477ms  p99=558,143ms
2026-10-09 17:52:28.701 - records_manager - INFO -   intvty  p50=       10  p75=       13  p95=       23  p99=       35  (1/tpot tok/s)
2026-10-09 17:52:28.701 - records_manager - INFO -   isl     p50=   47,293  p75=   76,740  p90=  117,073  p99=  236,726  (tokens)
2026-10-09 17:52:28.701 - records_manager - INFO -   osl     p50=      372  p75=      879  p90=    1,459  p99=    3,005  (tokens)
2026-10-09 17:52:28.701 - records_manager - INFO -   tot     in=18,934,018  out=208,764
2026-10-09 17:52:28.701 - records_manager - INFO -   trace  theoretical_prefix_cache_hit=94.3%
2026-10-09 17:52:28.701 - records_manager - INFO -   srv    prefix_cache_hit=18.6% unique_in_srv=34,481,700 ext_cache_hit=37.4% kv_usage=99.6% queue=20r/186w tput_in_srv=48,121/s tput_out_srv=581/s
2026-10-09 17:52:59.874 - records_manager - INFO - [realtime 15:12 profiling]
2026-10-09 17:52:59.875 - records_manager - INFO -   rps=0.1 (avg 0.4)  tput_in=21,313/s  tput_out=240/s  done=332 ok=332 err=0
2026-10-09 17:52:59.875 - records_manager - INFO -   ttft    p50= 48,788ms  p75= 84,067ms  p95=344,042ms  p99=503,086ms
2026-10-09 17:52:59.875 - records_manager - INFO -   itl     p50=     98ms  p75=    124ms  p95=    203ms  p99=    297ms
2026-10-09 17:52:59.875 - records_manager - INFO -   e2e     p50=104,914ms  p75=175,564ms  p95=476,750ms  p99=641,416ms
2026-10-09 17:52:59.875 - records_manager - INFO -   intvty  p50=       10  p75=       14  p95=       23  p99=       35  (1/tpot tok/s)
2026-10-09 17:52:59.875 - records_manager - INFO -   isl     p50=   47,390  p75=   78,190  p90=  119,049  p99=  236,510  (tokens)
2026-10-09 17:52:59.875 - records_manager - INFO -   osl     p50=      372  p75=      879  p90=    1,461  p99=    4,184  (tokens)
2026-10-09 17:52:59.875 - records_manager - INFO -   tot     in=19,263,734  out=216,767
2026-10-09 17:52:59.875 - records_manager - INFO -   trace  theoretical_prefix_cache_hit=94.3%
2026-10-09 17:52:59.875 - records_manager - INFO -   srv    prefix_cache_hit=18.3% unique_in_srv=35,093,492 ext_cache_hit=36.8% kv_usage=95.2% queue=19r/188w tput_in_srv=46,931/s tput_out_srv=582/s
2026-10-09 17:53:31.057 - records_manager - INFO - [realtime 15:44 profiling]
2026-10-09 17:53:31.057 - records_manager - INFO -   rps=0.1 (avg 0.4)  tput_in=21,095/s  tput_out=238/s  done=334 ok=334 err=0
2026-10-09 17:53:31.057 - records_manager - INFO -   ttft    p50= 49,034ms  p75= 84,803ms  p95=382,246ms  p99=507,385ms
2026-10-09 17:53:31.057 - records_manager - INFO -   itl     p50=     98ms  p75=    124ms  p95=    203ms  p99=    297ms
2026-10-09 17:53:31.057 - records_manager - INFO -   e2e     p50=105,008ms  p75=177,368ms  p95=499,102ms  p99=647,346ms
2026-10-09 17:53:31.057 - records_manager - INFO -   intvty  p50=       10  p75=       14  p95=       23  p99=       35  (1/tpot tok/s)
2026-10-09 17:53:31.057 - records_manager - INFO -   isl     p50=   47,627  p75=   78,611  p90=  119,543  p99=  236,402  (tokens)
2026-10-09 17:53:31.057 - records_manager - INFO -   osl     p50=      380  p75=      880  p90=    1,469  p99=    4,152  (tokens)
2026-10-09 17:53:31.057 - records_manager - INFO -   tot     in=19,514,588  out=219,823
2026-10-09 17:53:31.057 - records_manager - INFO -   trace  theoretical_prefix_cache_hit=94.3%
2026-10-09 17:53:31.057 - records_manager - INFO -   srv    prefix_cache_hit=18.2% unique_in_srv=35,362,486 ext_cache_hit=36.5% kv_usage=93.6% queue=18r/189w tput_in_srv=45,885/s tput_out_srv=582/s
2026-10-09 17:54:02.355 - records_manager - INFO - [realtime 16:15 profiling]
2026-10-09 17:54:02.355 - records_manager - INFO -   rps=0.1 (avg 0.3)  tput_in=20,349/s  tput_out=229/s  done=337 ok=337 err=0
2026-10-09 17:54:02.355 - records_manager - INFO -   ttft    p50= 50,865ms  p75= 85,698ms  p95=409,036ms  p99=571,444ms
2026-10-09 17:54:02.355 - records_manager - INFO -   itl     p50=     98ms  p75=    124ms  p95=    202ms  p99=    296ms
2026-10-09 17:54:02.355 - records_manager - INFO -   e2e     p50=107,197ms  p75=178,193ms  p95=516,467ms  p99=667,485ms
2026-10-09 17:54:02.355 - records_manager - INFO -   intvty  p50=       10  p75=       14  p95=       23  p99=       35  (1/tpot tok/s)
2026-10-09 17:54:02.355 - records_manager - INFO -   isl     p50=   47,399  p75=   78,750  p90=  120,221  p99=  238,754  (tokens)
2026-10-09 17:54:02.355 - records_manager - INFO -   osl     p50=      383  p75=      883  p90=    1,466  p99=    4,104  (tokens)
2026-10-09 17:54:02.355 - records_manager - INFO -   tot     in=19,792,858  out=222,820
2026-10-09 17:54:02.355 - records_manager - INFO -   trace  theoretical_prefix_cache_hit=94.3%
2026-10-09 17:54:02.355 - records_manager - INFO -   srv    prefix_cache_hit=18.0% unique_in_srv=35,926,362 ext_cache_hit=35.9% kv_usage=94.0% queue=18r/187w tput_in_srv=45,001/s tput_out_srv=580/s
2026-10-09 17:54:33.535 - records_manager - INFO - [realtime 16:46 profiling]
2026-10-09 17:54:33.535 - records_manager - INFO -   rps=0.1 (avg 0.3)  tput_in=20,387/s  tput_out=229/s  done=340 ok=340 err=0
2026-10-09 17:54:33.535 - records_manager - INFO -   ttft    p50= 51,210ms  p75= 85,734ms  p95=443,943ms  p99=584,550ms
2026-10-09 17:54:33.535 - records_manager - INFO -   itl     p50=     97ms  p75=    124ms  p95=    202ms  p99=    296ms
2026-10-09 17:54:33.536 - records_manager - INFO -   e2e     p50=107,767ms  p75=183,156ms  p95=536,678ms  p99=686,919ms
2026-10-09 17:54:33.536 - records_manager - INFO -   intvty  p50=       10  p75=       14  p95=       23  p99=       35  (1/tpot tok/s)
2026-10-09 17:54:33.536 - records_manager - INFO -   isl     p50=   48,084  p75=   80,544  p90=  125,553  p99=  238,727  (tokens)
2026-10-09 17:54:33.536 - records_manager - INFO -   osl     p50=      391  p75=      886  p90=    1,475  p99=    4,204  (tokens)
2026-10-09 17:54:33.536 - records_manager - INFO -   tot     in=20,289,466  out=227,524
2026-10-09 17:54:33.536 - records_manager - INFO -   trace  theoretical_prefix_cache_hit=94.3%
2026-10-09 17:54:33.536 - records_manager - INFO -   srv    prefix_cache_hit=17.6% unique_in_srv=36,978,866 ext_cache_hit=34.9% kv_usage=90.4% queue=18r/187w tput_in_srv=44,237/s tput_out_srv=568/s
2026-10-09 17:55:04.712 - records_manager - INFO - [realtime 17:17 profiling]
2026-10-09 17:55:04.712 - records_manager - INFO -   rps=0.1 (avg 0.3)  tput_in=19,981/s  tput_out=227/s  done=342 ok=342 err=0
2026-10-09 17:55:04.712 - records_manager - INFO -   ttft    p50= 51,476ms  p75= 85,849ms  p95=445,011ms  p99=615,673ms
2026-10-09 17:55:04.712 - records_manager - INFO -   itl     p50=     97ms  p75=    124ms  p95=    201ms  p99=    295ms
2026-10-09 17:55:04.712 - records_manager - INFO -   e2e     p50=108,389ms  p75=188,228ms  p95=563,352ms  p99=701,361ms
2026-10-09 17:55:04.712 - records_manager - INFO -   intvty  p50=       10  p75=       14  p95=       23  p99=       35  (1/tpot tok/s)
2026-10-09 17:55:04.713 - records_manager - INFO -   isl     p50=   48,388  p75=   82,570  p90=  125,714  p99=  238,709  (tokens)
2026-10-09 17:55:04.713 - records_manager - INFO -   osl     p50=      392  p75=      894  p90=    1,494  p99=    4,746  (tokens)
2026-10-09 17:55:04.713 - records_manager - INFO -   tot     in=20,508,080  out=232,756
2026-10-09 17:55:04.713 - records_manager - INFO -   trace  theoretical_prefix_cache_hit=94.3%
2026-10-09 17:55:04.713 - records_manager - INFO -   srv    prefix_cache_hit=17.3% unique_in_srv=37,620,536 ext_cache_hit=34.3% kv_usage=99.1% queue=19r/187w tput_in_srv=43,554/s tput_out_srv=556/s
2026-10-09 17:55:35.910 - records_manager - INFO - [realtime 17:48 profiling]
2026-10-09 17:55:35.910 - records_manager - INFO -   rps=0.2 (avg 0.3)  tput_in=19,872/s  tput_out=223/s  done=347 ok=347 err=0
2026-10-09 17:55:35.910 - records_manager - INFO -   ttft    p50= 52,516ms  p75= 88,967ms  p95=492,053ms  p99=662,819ms
2026-10-09 17:55:35.910 - records_manager - INFO -   itl     p50=     98ms  p75=    124ms  p95=    201ms  p99=    295ms
2026-10-09 17:55:35.910 - records_manager - INFO -   e2e     p50=109,163ms  p75=190,895ms  p95=625,060ms  p99=748,556ms
2026-10-09 17:55:35.910 - records_manager - INFO -   intvty  p50=       10  p75=       14  p95=       23  p99=       35  (1/tpot tok/s)
2026-10-09 17:55:35.910 - records_manager - INFO -   isl     p50=   48,683  p75=   84,276  p90=  128,546  p99=  238,664  (tokens)
2026-10-09 17:55:35.910 - records_manager - INFO -   osl     p50=      391  p75=      900  p90=    1,507  p99=    4,740  (tokens)
2026-10-09 17:55:35.910 - records_manager - INFO -   tot     in=21,113,975  out=237,277
2026-10-09 17:55:35.910 - records_manager - INFO -   trace  theoretical_prefix_cache_hit=94.3%
2026-10-09 17:55:35.910 - records_manager - INFO -   srv    prefix_cache_hit=16.9% unique_in_srv=38,677,972 ext_cache_hit=33.4% kv_usage=91.4% queue=18r/185w tput_in_srv=43,206/s tput_out_srv=547/s
2026-10-09 17:55:50.491 - EventLoopMonitor - WARNING - Event loop for worker_a27a3ac0 is taking too long to run. Overhead: 42.46ms
2026-10-09 17:56:07.123 - records_manager - INFO - [realtime 18:20 profiling]
2026-10-09 17:56:07.123 - records_manager - INFO -   rps=0.0 (avg 0.3)  tput_in=19,516/s  tput_out=225/s  done=348 ok=348 err=0
2026-10-09 17:56:07.123 - records_manager - INFO -   ttft    p50= 52,543ms  p75= 89,133ms  p95=491,950ms  p99=662,779ms
2026-10-09 17:56:07.123 - records_manager - INFO -   itl     p50=     98ms  p75=    124ms  p95=    201ms  p99=    294ms
2026-10-09 17:56:07.123 - records_manager - INFO -   e2e     p50=109,173ms  p75=192,197ms  p95=637,585ms  p99=758,322ms
2026-10-09 17:56:07.123 - records_manager - INFO -   intvty  p50=       10  p75=       14  p95=       23  p99=       35  (1/tpot tok/s)
2026-10-09 17:56:07.123 - records_manager - INFO -   isl     p50=   48,672  p75=   84,114  p90=  127,912  p99=  238,655  (tokens)
2026-10-09 17:56:07.123 - records_manager - INFO -   osl     p50=      392  p75=      906  p90=    1,527  p99=    5,424  (tokens)
2026-10-09 17:56:07.124 - records_manager - INFO -   tot     in=21,145,107  out=243,261
2026-10-09 17:56:07.124 - records_manager - INFO -   trace  theoretical_prefix_cache_hit=94.3%
2026-10-09 17:56:07.124 - records_manager - INFO -   srv    prefix_cache_hit=16.9% unique_in_srv=38,677,972 ext_cache_hit=33.4% kv_usage=95.5% queue=17r/188w tput_in_srv=42,379/s tput_out_srv=547/s
2026-10-09 17:56:38.747 - records_manager - INFO - [realtime 18:51 profiling]
2026-10-09 17:56:38.747 - records_manager - INFO -   rps=0.0 (avg 0.3)  tput_in=19,261/s  tput_out=222/s  done=349 ok=349 err=0
2026-10-09 17:56:38.747 - records_manager - INFO -   ttft    p50= 52,569ms  p75= 89,207ms  p95=493,616ms  p99=684,296ms
2026-10-09 17:56:38.747 - records_manager - INFO -   itl     p50=     98ms  p75=    124ms  p95=    201ms  p99=    294ms
2026-10-09 17:56:38.747 - records_manager - INFO -   e2e     p50=109,183ms  p75=194,620ms  p95=647,585ms  p99=762,384ms
2026-10-09 17:56:38.748 - records_manager - INFO -   intvty  p50=       10  p75=       14  p95=       23  p99=       35  (1/tpot tok/s)
2026-10-09 17:56:38.748 - records_manager - INFO -   isl     p50=   48,662  p75=   83,951  p90=  127,277  p99=  238,646  (tokens)
2026-10-09 17:56:38.748 - records_manager - INFO -   osl     p50=      392  p75=      903  p90=    1,526  p99=    5,412  (tokens)
2026-10-09 17:56:38.748 - records_manager - INFO -   tot     in=21,176,882  out=244,071
2026-10-09 17:56:38.748 - records_manager - INFO -   trace  theoretical_prefix_cache_hit=94.3%
2026-10-09 17:56:38.748 - records_manager - INFO -   srv    prefix_cache_hit=16.9% unique_in_srv=38,677,972 ext_cache_hit=33.4% kv_usage=94.6% queue=16r/188w tput_in_srv=41,215/s tput_out_srv=553/s
2026-10-09 17:57:09.977 - records_manager - INFO - [realtime 19:23 profiling]
2026-10-09 17:57:09.977 - records_manager - INFO -   rps=0.1 (avg 0.3)  tput_in=18,761/s  tput_out=220/s  done=352 ok=352 err=0
2026-10-09 17:57:09.977 - records_manager - INFO -   ttft    p50= 53,135ms  p75= 89,922ms  p95=507,277ms  p99=709,212ms
2026-10-09 17:57:09.977 - records_manager - INFO -   itl     p50=     97ms  p75=    124ms  p95=    201ms  p99=    294ms
2026-10-09 17:57:09.977 - records_manager - INFO -   e2e     p50=110,046ms  p75=197,669ms  p95=675,313ms  p99=812,935ms
2026-10-09 17:57:09.977 - records_manager - INFO -   intvty  p50=       10  p75=       14  p95=       23  p99=       35  (1/tpot tok/s)
2026-10-09 17:57:09.977 - records_manager - INFO -   isl     p50=   48,872  p75=   84,678  p90=  131,719  p99=  238,620  (tokens)
2026-10-09 17:57:09.977 - records_manager - INFO -   osl     p50=      398  p75=      932  p90=    1,558  p99=    5,377  (tokens)
2026-10-09 17:57:09.977 - records_manager - INFO -   tot     in=21,593,181  out=253,255
2026-10-09 17:57:09.977 - records_manager - INFO -   trace  theoretical_prefix_cache_hit=94.3%
2026-10-09 17:57:09.977 - records_manager - INFO -   srv    prefix_cache_hit=16.7% unique_in_srv=39,350,384 ext_cache_hit=32.8% kv_usage=89.0% queue=15r/190w tput_in_srv=40,449/s tput_out_srv=547/s
2026-10-09 17:57:11.541 - aiperf.timing.replay_dependencies - INFO - Per-trace idle cap advanced replay root fe5c6321-0253-4112-bec2-ee94d7b17c7e by 50.216s
2026-10-09 17:57:41.180 - records_manager - INFO - [realtime 19:54 profiling]
2026-10-09 17:57:41.180 - records_manager - INFO -   rps=0.0 (avg 0.3)  tput_in=18,328/s  tput_out=214/s  done=353 ok=353 err=0
2026-10-09 17:57:41.180 - records_manager - INFO -   ttft    p50= 53,578ms  p75= 90,433ms  p95=517,149ms  p99=719,642ms
2026-10-09 17:57:41.181 - records_manager - INFO -   itl     p50=     97ms  p75=    124ms  p95=    201ms  p99=    293ms
2026-10-09 17:57:41.181 - records_manager - INFO -   e2e     p50=110,336ms  p75=197,761ms  p95=680,367ms  p99=826,099ms
2026-10-09 17:57:41.181 - records_manager - INFO -   intvty  p50=       10  p75=       14  p95=       23  p99=       35  (1/tpot tok/s)
2026-10-09 17:57:41.181 - records_manager - INFO -   isl     p50=   49,060  p75=   84,904  p90=  131,085  p99=  238,611  (tokens)
2026-10-09 17:57:41.181 - records_manager - INFO -   osl     p50=      399  p75=      931  p90=    1,558  p99=    5,365  (tokens)
2026-10-09 17:57:41.181 - records_manager - INFO -   tot     in=21,713,645  out=253,763
2026-10-09 17:57:41.181 - records_manager - INFO -   trace  theoretical_prefix_cache_hit=94.3%
2026-10-09 17:57:41.181 - records_manager - INFO -   srv    prefix_cache_hit=16.5% unique_in_srv=39,806,416 ext_cache_hit=32.4% kv_usage=92.0% queue=15r/190w tput_in_srv=39,599/s tput_out_srv=546/s
2026-10-09 17:58:12.403 - records_manager - INFO - [realtime 20:25 profiling]
2026-10-09 17:58:12.403 - records_manager - INFO -   rps=0.0 (avg 0.3)  tput_in=18,075/s  tput_out=212/s  done=354 ok=354 err=0
2026-10-09 17:58:12.403 - records_manager - INFO -   ttft    p50= 54,209ms  p75= 90,490ms  p95=531,588ms  p99=719,572ms
2026-10-09 17:58:12.403 - records_manager - INFO -   itl     p50=     97ms  p75=    124ms  p95=    201ms  p99=    293ms
2026-10-09 17:58:12.403 - records_manager - INFO -   e2e     p50=110,522ms  p75=198,513ms  p95=685,271ms  p99=840,685ms
2026-10-09 17:58:12.403 - records_manager - INFO -   intvty  p50=       10  p75=       14  p95=       23  p99=       35  (1/tpot tok/s)
2026-10-09 17:58:12.403 - records_manager - INFO -   isl     p50=   49,228  p75=   85,076  p90=  132,531  p99=  238,602  (tokens)
2026-10-09 17:58:12.403 - records_manager - INFO -   osl     p50=      400  p75=      936  p90=    1,579  p99=    5,353  (tokens)
2026-10-09 17:58:12.403 - records_manager - INFO -   tot     in=21,906,816  out=256,436
2026-10-09 17:58:12.403 - records_manager - INFO -   trace  theoretical_prefix_cache_hit=94.3%
2026-10-09 17:58:12.403 - records_manager - INFO -   srv    prefix_cache_hit=16.3% unique_in_srv=40,326,296 ext_cache_hit=32.0% kv_usage=96.5% queue=16r/189w tput_in_srv=39,226/s tput_out_srv=538/s
2026-10-09 17:58:43.643 - records_manager - INFO - [realtime 20:56 profiling]
2026-10-09 17:58:43.644 - records_manager - INFO -   rps=0.1 (avg 0.3)  tput_in=17,751/s  tput_out=207/s  done=357 ok=357 err=0
2026-10-09 17:58:43.644 - records_manager - INFO -   ttft    p50= 54,841ms  p75= 91,428ms  p95=572,076ms  p99=762,976ms
2026-10-09 17:58:43.644 - records_manager - INFO -   itl     p50=     97ms  p75=    124ms  p95=    200ms  p99=    293ms
2026-10-09 17:58:43.644 - records_manager - INFO -   e2e     p50=110,886ms  p75=201,172ms  p95=707,851ms  p99=896,624ms
2026-10-09 17:58:43.644 - records_manager - INFO -   intvty  p50=       10  p75=       14  p95=       23  p99=       35  (1/tpot tok/s)
2026-10-09 17:58:43.644 - records_manager - INFO -   isl     p50=   49,397  p75=   86,213  p90=  132,979  p99=  238,575  (tokens)
2026-10-09 17:58:43.644 - records_manager - INFO -   osl     p50=      399  p75=      937  p90=    1,589  p99=    5,317  (tokens)
2026-10-09 17:58:43.644 - records_manager - INFO -   tot     in=22,249,272  out=259,314
2026-10-09 17:58:43.644 - records_manager - INFO -   trace  theoretical_prefix_cache_hit=94.3%
2026-10-09 17:58:43.644 - records_manager - INFO -   srv    prefix_cache_hit=16.2% unique_in_srv=40,783,672 ext_cache_hit=31.6% kv_usage=94.2% queue=17r/187w tput_in_srv=38,782/s tput_out_srv=538/s
2026-10-09 17:59:14.866 - records_manager - INFO - [realtime 21:27 profiling]
2026-10-09 17:59:14.866 - records_manager - INFO -   rps=0.1 (avg 0.3)  tput_in=17,712/s  tput_out=209/s  done=361 ok=361 err=0
2026-10-09 17:59:14.866 - records_manager - INFO -   ttft    p50= 55,164ms  p75= 96,991ms  p95=589,077ms  p99=928,864ms
2026-10-09 17:59:14.866 - records_manager - INFO -   itl     p50=     96ms  p75=    124ms  p95=    200ms  p99=    292ms
2026-10-09 17:59:14.866 - records_manager - INFO -   e2e     p50=112,691ms  p75=203,060ms  p95=742,403ms  p99=958,123ms
2026-10-09 17:59:14.866 - records_manager - INFO -   intvty  p50=       10  p75=       14  p95=       23  p99=       35  (1/tpot tok/s)
2026-10-09 17:59:14.866 - records_manager - INFO -   isl     p50=   49,431  p75=   86,786  p90=  134,217  p99=  238,539  (tokens)
2026-10-09 17:59:14.866 - records_manager - INFO -   osl     p50=      399  p75=      937  p90=    1,591  p99=    6,035  (tokens)
2026-10-09 17:59:14.866 - records_manager - INFO -   tot     in=22,734,330  out=267,760
2026-10-09 17:59:14.866 - records_manager - INFO -   trace  theoretical_prefix_cache_hit=94.3%
2026-10-09 17:59:14.866 - records_manager - INFO -   srv    prefix_cache_hit=16.0% unique_in_srv=41,346,676 ext_cache_hit=31.4% kv_usage=82.6% queue=18r/185w tput_in_srv=38,120/s tput_out_srv=540/s
2026-10-09 17:59:46.266 - records_manager - INFO - [realtime 21:59 profiling]
2026-10-09 17:59:46.266 - records_manager - INFO -   rps=0.2 (avg 0.3)  tput_in=17,570/s  tput_out=206/s  done=368 ok=368 err=0
2026-10-09 17:59:46.266 - records_manager - INFO -   ttft    p50= 55,376ms  p75=106,874ms  p95=699,182ms  p99=  988,951ms
2026-10-09 17:59:46.266 - records_manager - INFO -   itl     p50=     95ms  p75=    124ms  p95=    201ms  p99=      303ms
2026-10-09 17:59:46.266 - records_manager - INFO -   e2e     p50=117,192ms  p75=208,156ms  p95=830,755ms  p99=1,001,926ms
2026-10-09 17:59:46.267 - records_manager - INFO -   intvty  p50=       11  p75=       14  p95=       23  p99=         35  (1/tpot tok/s)
2026-10-09 17:59:46.267 - records_manager - INFO -   isl     p50=   49,414  p75=   86,507  p90=  134,219  p99=    238,477  (tokens)
2026-10-09 17:59:46.267 - records_manager - INFO -   osl     p50=      395  p75=      938  p90=    1,588  p99=      6,026  (tokens)
2026-10-09 17:59:46.267 - records_manager - INFO -   tot     in=23,122,276  out=270,626
2026-10-09 17:59:46.267 - records_manager - INFO -   trace  theoretical_prefix_cache_hit=94.3%
2026-10-09 17:59:46.267 - records_manager - INFO -   srv    prefix_cache_hit=15.9% unique_in_srv=42,600,056 ext_cache_hit=30.8% kv_usage=99.2% queue=36r/170w tput_in_srv=38,291/s tput_out_srv=542/s
2026-10-09 18:00:09.403 - aiperf.timing.replay_dependencies - INFO - Per-trace idle cap advanced replay root 6860516e-a482-4b18-ba2b-735d63180c38 by 138.679s
2026-10-09 18:00:17.573 - records_manager - INFO - [realtime 22:30 profiling]
2026-10-09 18:00:17.573 - records_manager - INFO -   rps=0.4 (avg 0.3)  tput_in=17,794/s  tput_out=207/s  done=379 ok=379 err=0
2026-10-09 18:00:17.573 - records_manager - INFO -   ttft    p50= 56,687ms  p75=109,181ms  p95=932,057ms  p99=  998,186ms
2026-10-09 18:00:17.573 - records_manager - INFO -   itl     p50=     95ms  p75=    123ms  p95=    200ms  p99=      303ms
2026-10-09 18:00:17.573 - records_manager - INFO -   e2e     p50=120,335ms  p75=238,990ms  p95=982,946ms  p99=1,022,213ms
2026-10-09 18:00:17.573 - records_manager - INFO -   intvty  p50=       11  p75=       14  p95=       23  p99=         34  (1/tpot tok/s)
2026-10-09 18:00:17.573 - records_manager - INFO -   isl     p50=   49,397  p75=   86,314  p90=  134,218  p99=    238,378  (tokens)
2026-10-09 18:00:17.573 - records_manager - INFO -   osl     p50=      391  p75=      924  p90=    1,588  p99=      6,012  (tokens)
2026-10-09 18:00:17.573 - records_manager - INFO -   tot     in=23,817,847  out=276,989
2026-10-09 18:00:17.573 - records_manager - INFO -   trace  theoretical_prefix_cache_hit=94.3%
2026-10-09 18:00:17.573 - records_manager - INFO -   srv    prefix_cache_hit=15.8% unique_in_srv=43,698,750 ext_cache_hit=30.3% kv_usage=95.2% queue=33r/174w tput_in_srv=38,221/s tput_out_srv=539/s
2026-10-09 18:00:48.900 - records_manager - INFO - [realtime 23:01 profiling]
2026-10-09 18:00:48.900 - records_manager - INFO -   rps=0.2 (avg 0.3)  tput_in=17,629/s  tput_out=202/s  done=384 ok=384 err=0
2026-10-09 18:00:48.901 - records_manager - INFO -   ttft    p50= 57,518ms  p75=109,789ms  p95=  985,147ms  p99=1,014,044ms
2026-10-09 18:00:48.901 - records_manager - INFO -   itl     p50=     95ms  p75=    124ms  p95=      198ms  p99=      303ms
2026-10-09 18:00:48.901 - records_manager - INFO -   e2e     p50=121,082ms  p75=259,370ms  p95=1,004,399ms  p99=1,043,138ms
2026-10-09 18:00:48.901 - records_manager - INFO -   intvty  p50=       11  p75=       14  p95=         23  p99=         34  (1/tpot tok/s)
2026-10-09 18:00:48.901 - records_manager - INFO -   isl     p50=   49,481  p75=   86,263  p90=    134,222  p99=    238,334  (tokens)
2026-10-09 18:00:48.901 - records_manager - INFO -   osl     p50=      387  p75=      906  p90=      1,579  p99=      6,006  (tokens)
2026-10-09 18:00:48.901 - records_manager - INFO -   tot     in=24,267,864  out=278,292
2026-10-09 18:00:48.901 - records_manager - INFO -   trace  theoretical_prefix_cache_hit=94.3%
2026-10-09 18:00:48.901 - records_manager - INFO -   srv    prefix_cache_hit=15.5% unique_in_srv=44,681,594 ext_cache_hit=29.8% kv_usage=93.4% queue=33r/173w tput_in_srv=38,070/s tput_out_srv=535/s
2026-10-09 18:01:20.282 - records_manager - INFO - [realtime 23:33 profiling]
2026-10-09 18:01:20.282 - records_manager - INFO -   rps=0.2 (avg 0.3)  tput_in=17,599/s  tput_out=201/s  done=389 ok=389 err=0
2026-10-09 18:01:20.282 - records_manager - INFO -   ttft    p50= 58,303ms  p75=110,490ms  p95=  992,139ms  p99=1,019,977ms
2026-10-09 18:01:20.282 - records_manager - INFO -   itl     p50=     95ms  p75=    124ms  p95=      195ms  p99=      303ms
2026-10-09 18:01:20.282 - records_manager - INFO -   e2e     p50=123,582ms  p75=272,114ms  p95=1,017,949ms  p99=1,068,415ms
2026-10-09 18:01:20.282 - records_manager - INFO -   intvty  p50=       11  p75=       14  p95=         23  p99=         34  (1/tpot tok/s)
2026-10-09 18:01:20.282 - records_manager - INFO -   isl     p50=   49,531  p75=   86,786  p90=    134,279  p99=    238,289  (tokens)
2026-10-09 18:01:20.282 - records_manager - INFO -   osl     p50=      383  p75=      903  p90=      1,588  p99=      5,999  (tokens)
2026-10-09 18:01:20.283 - records_manager - INFO -   tot     in=24,766,641  out=282,350
2026-10-09 18:01:20.283 - records_manager - INFO -   trace  theoretical_prefix_cache_hit=94.3%
2026-10-09 18:01:20.283 - records_manager - INFO -   srv    prefix_cache_hit=15.5% unique_in_srv=45,342,380 ext_cache_hit=29.4% kv_usage=91.4% queue=36r/171w tput_in_srv=37,902/s tput_out_srv=535/s
2026-10-09 18:01:51.666 - records_manager - INFO - [realtime 24:04 profiling]
2026-10-09 18:01:51.666 - records_manager - INFO -   rps=0.4 (avg 0.3)  tput_in=17,505/s  tput_out=200/s  done=400 ok=400 err=0
2026-10-09 18:01:51.666 - records_manager - INFO -   ttft    p50= 60,848ms  p75=155,905ms  p95=  996,548ms  p99=1,059,529ms
2026-10-09 18:01:51.666 - records_manager - INFO -   itl     p50=     97ms  p75=    124ms  p95=      200ms  p99=      303ms
2026-10-09 18:01:51.666 - records_manager - INFO -   e2e     p50=126,817ms  p75=339,416ms  p95=1,042,818ms  p99=1,105,907ms
2026-10-09 18:01:51.666 - records_manager - INFO -   intvty  p50=       10  p75=       13  p95=         23  p99=         34  (1/tpot tok/s)
2026-10-09 18:01:51.666 - records_manager - INFO -   isl     p50=   48,872  p75=   86,263  p90=    134,251  p99=    238,191  (tokens)
2026-10-09 18:01:51.666 - records_manager - INFO -   osl     p50=      372  p75=      906  p90=      1,562  p99=      5,985  (tokens)
2026-10-09 18:01:51.666 - records_manager - INFO -   tot     in=25,180,256  out=287,965
2026-10-09 18:01:51.666 - records_manager - INFO -   trace  theoretical_prefix_cache_hit=94.3%
2026-10-09 18:01:51.666 - records_manager - INFO -   srv    prefix_cache_hit=15.3% unique_in_srv=46,332,070 ext_cache_hit=28.8% kv_usage=94.2% queue=32r/173w tput_in_srv=37,634/s tput_out_srv=535/s
2026-10-09 18:02:23.149 - records_manager - INFO - [realtime 24:36 profiling]
2026-10-09 18:02:23.149 - records_manager - INFO -   rps=0.3 (avg 0.3)  tput_in=17,346/s  tput_out=203/s  done=409 ok=409 err=0
2026-10-09 18:02:23.149 - records_manager - INFO -   ttft    p50= 63,395ms  p75=249,943ms  p95=1,007,094ms  p99=1,059,837ms
2026-10-09 18:02:23.149 - records_manager - INFO -   itl     p50=     98ms  p75=    126ms  p95=      195ms  p99=      301ms
2026-10-09 18:02:23.149 - records_manager - INFO -   e2e     p50=129,691ms  p75=423,255ms  p95=1,085,398ms  p99=1,149,981ms
2026-10-09 18:02:23.149 - records_manager - INFO -   intvty  p50=       10  p75=       13  p95=         23  p99=         34  (1/tpot tok/s)
2026-10-09 18:02:23.149 - records_manager - INFO -   isl     p50=   48,662  p75=   86,213  p90=    134,279  p99=    237,750  (tokens)
2026-10-09 18:02:23.149 - records_manager - INFO -   osl     p50=      383  p75=      943  p90=      1,565  p99=      5,891  (tokens)
2026-10-09 18:02:23.149 - records_manager - INFO -   tot     in=25,554,801  out=299,586
2026-10-09 18:02:23.149 - records_manager - INFO -   trace  theoretical_prefix_cache_hit=94.3%
2026-10-09 18:02:23.149 - records_manager - INFO -   srv    prefix_cache_hit=15.1% unique_in_srv=47,145,554 ext_cache_hit=28.4% kv_usage=99.0% queue=28r/173w tput_in_srv=37,666/s tput_out_srv=531/s
2026-10-09 18:02:54.777 - records_manager - INFO - [realtime 25:07 profiling]
2026-10-09 18:02:54.777 - records_manager - INFO -   rps=0.4 (avg 0.3)  tput_in=17,400/s  tput_out=205/s  done=422 ok=422 err=0
2026-10-09 18:02:54.778 - records_manager - INFO -   ttft    p50= 66,676ms  p75=326,982ms  p95=1,033,879ms  p99=1,093,181ms
2026-10-09 18:02:54.778 - records_manager - INFO -   itl     p50=     99ms  p75=    126ms  p95=      188ms  p99=      299ms
2026-10-09 18:02:54.779 - records_manager - INFO -   e2e     p50=135,481ms  p75=495,196ms  p95=1,109,452ms  p99=1,169,192ms
2026-10-09 18:02:54.779 - records_manager - INFO -   intvty  p50=       10  p75=       13  p95=         23  p99=         34  (1/tpot tok/s)
2026-10-09 18:02:54.779 - records_manager - INFO -   isl     p50=   48,562  p75=   86,364  p90=    134,149  p99=    237,049  (tokens)
2026-10-09 18:02:54.779 - records_manager - INFO -   osl     p50=      387  p75=      944  p90=      1,558  p99=      5,740  (tokens)
2026-10-09 18:02:54.779 - records_manager - INFO -   tot     in=26,206,348  out=308,159
2026-10-09 18:02:54.779 - records_manager - INFO -   trace  theoretical_prefix_cache_hit=94.3%
2026-10-09 18:02:54.779 - records_manager - INFO -   srv    prefix_cache_hit=15.1% unique_in_srv=47,793,128 ext_cache_hit=28.1% kv_usage=93.0% queue=23r/187w tput_in_srv=37,398/s tput_out_srv=536/s
2026-10-09 18:03:20.074 - EventLoopMonitor - WARNING - Event loop for worker_56245695 is taking too long to run. Overhead: 97.34ms
2026-10-09 18:03:26.305 - records_manager - INFO - [realtime 25:39 profiling]
2026-10-09 18:03:26.305 - records_manager - INFO -   rps=0.1 (avg 0.3)  tput_in=17,248/s  tput_out=212/s  done=426 ok=426 err=0
2026-10-09 18:03:26.305 - records_manager - INFO -   ttft    p50= 69,033ms  p75=345,293ms  p95=1,046,004ms  p99=1,093,121ms
2026-10-09 18:03:26.305 - records_manager - INFO -   itl     p50=     99ms  p75=    126ms  p95=      188ms  p99=      298ms
2026-10-09 18:03:26.305 - records_manager - INFO -   e2e     p50=137,597ms  p75=511,311ms  p95=1,117,779ms  p99=1,189,992ms
2026-10-09 18:03:26.305 - records_manager - INFO -   intvty  p50=       10  p75=       13  p95=         23  p99=         34  (1/tpot tok/s)
2026-10-09 18:03:26.305 - records_manager - INFO -   isl     p50=   48,672  p75=   86,364  p90=    133,877  p99=    236,834  (tokens)
2026-10-09 18:03:26.305 - records_manager - INFO -   osl     p50=      391  p75=      964  p90=      1,589  p99=      6,080  (tokens)
2026-10-09 18:03:26.305 - records_manager - INFO -   tot     in=26,440,532  out=325,078
2026-10-09 18:03:26.305 - records_manager - INFO -   trace  theoretical_prefix_cache_hit=94.2%
2026-10-09 18:03:26.305 - records_manager - INFO -   srv    prefix_cache_hit=14.9% unique_in_srv=48,543,150 ext_cache_hit=27.7% kv_usage=94.0% queue=20r/188w tput_in_srv=36,948/s tput_out_srv=529/s
2026-10-09 18:03:57.872 - records_manager - INFO - [realtime 26:10 profiling]
2026-10-09 18:03:57.872 - records_manager - INFO -   rps=0.1 (avg 0.3)  tput_in=17,123/s  tput_out=217/s  done=430 ok=430 err=0
2026-10-09 18:03:57.872 - records_manager - INFO -   ttft    p50= 69,397ms  p75=377,255ms  p95=1,054,283ms  p99=1,096,028ms
2026-10-09 18:03:57.872 - records_manager - INFO -   itl     p50=     99ms  p75=    126ms  p95=      188ms  p99=      297ms
2026-10-09 18:03:57.872 - records_manager - INFO -   e2e     p50=139,211ms  p75=536,240ms  p95=1,129,410ms  p99=1,196,386ms
2026-10-09 18:03:57.872 - records_manager - INFO -   intvty  p50=       10  p75=       13  p95=         23  p99=         34  (1/tpot tok/s)
2026-10-09 18:03:57.872 - records_manager - INFO -   isl     p50=   48,872  p75=   86,693  p90=    134,251  p99=    236,618  (tokens)
2026-10-09 18:03:57.872 - records_manager - INFO -   osl     p50=      392  p75=      982  p90=      1,594  p99=      6,190  (tokens)
2026-10-09 18:03:57.872 - records_manager - INFO -   tot     in=26,839,972  out=339,522
2026-10-09 18:03:57.872 - records_manager - INFO -   trace  theoretical_prefix_cache_hit=94.3%
2026-10-09 18:03:57.872 - records_manager - INFO -   srv    prefix_cache_hit=14.8% unique_in_srv=49,388,546 ext_cache_hit=27.3% kv_usage=94.1% queue=22r/187w tput_in_srv=36,845/s tput_out_srv=525/s
2026-10-09 18:04:29.469 - records_manager - INFO - [realtime 26:42 profiling]
2026-10-09 18:04:29.469 - records_manager - INFO -   rps=0.1 (avg 0.3)  tput_in=17,153/s  tput_out=217/s  done=434 ok=434 err=0
2026-10-09 18:04:29.469 - records_manager - INFO -   ttft    p50= 69,916ms  p75=401,189ms  p95=1,057,337ms  p99=1,101,751ms
2026-10-09 18:04:29.469 - records_manager - INFO -   itl     p50=    100ms  p75=    126ms  p95=      188ms  p99=      297ms
2026-10-09 18:04:29.469 - records_manager - INFO -   e2e     p50=140,295ms  p75=577,247ms  p95=1,140,842ms  p99=1,211,180ms
2026-10-09 18:04:29.469 - records_manager - INFO -   intvty  p50=       10  p75=       13  p95=         23  p99=         33  (1/tpot tok/s)
2026-10-09 18:04:29.469 - records_manager - INFO -   isl     p50=   48,872  p75=   87,946  p90=    134,415  p99=    236,849  (tokens)
2026-10-09 18:04:29.469 - records_manager - INFO -   osl     p50=      392  p75=      982  p90=      1,608  p99=      6,186  (tokens)
2026-10-09 18:04:29.469 - records_manager - INFO -   tot     in=27,225,708  out=343,965
2026-10-09 18:04:29.469 - records_manager - INFO -   trace  theoretical_prefix_cache_hit=94.3%
2026-10-09 18:04:29.469 - records_manager - INFO -   srv    prefix_cache_hit=14.7% unique_in_srv=50,279,760 ext_cache_hit=27.0% kv_usage=97.0% queue=28r/181w tput_in_srv=36,528/s tput_out_srv=523/s
2026-10-09 18:05:01.091 - records_manager - INFO - [realtime 27:14 profiling]
2026-10-09 18:05:01.091 - records_manager - INFO -   rps=0.2 (avg 0.3)  tput_in=16,944/s  tput_out=213/s  done=439 ok=439 err=0
2026-10-09 18:05:01.091 - records_manager - INFO -   ttft    p50= 71,002ms  p75=445,154ms  p95=1,060,240ms  p99=1,145,680ms
2026-10-09 18:05:01.091 - records_manager - INFO -   itl     p50=    100ms  p75=    126ms  p95=      188ms  p99=      296ms
2026-10-09 18:05:01.092 - records_manager - INFO -   e2e     p50=143,181ms  p75=625,049ms  p95=1,166,071ms  p99=1,227,849ms
2026-10-09 18:05:01.092 - records_manager - INFO -   intvty  p50=       10  p75=       13  p95=         23  p99=         33  (1/tpot tok/s)
2026-10-09 18:05:01.092 - records_manager - INFO -   isl     p50=   48,683  p75=   88,817  p90=    134,520  p99=    236,647  (tokens)
2026-10-09 18:05:01.092 - records_manager - INFO -   osl     p50=      398  p75=      976  p90=      1,619  p99=      6,180  (tokens)
2026-10-09 18:05:01.092 - records_manager - INFO -   tot     in=27,603,452  out=347,662
2026-10-09 18:05:01.092 - records_manager - INFO -   trace  theoretical_prefix_cache_hit=94.3%
2026-10-09 18:05:01.092 - records_manager - INFO -   srv    prefix_cache_hit=14.5% unique_in_srv=50,915,972 ext_cache_hit=26.7% kv_usage=95.3% queue=27r/181w tput_in_srv=36,312/s tput_out_srv=524/s
2026-10-09 18:05:32.919 - records_manager - INFO - [realtime 27:45 profiling]
2026-10-09 18:05:32.919 - records_manager - INFO -   rps=0.2 (avg 0.3)  tput_in=16,921/s  tput_out=214/s  done=446 ok=446 err=0
2026-10-09 18:05:32.919 - records_manager - INFO -   ttft    p50= 71,937ms  p75=493,853ms  p95=1,066,514ms  p99=1,167,406ms
2026-10-09 18:05:32.919 - records_manager - INFO -   itl     p50=    101ms  p75=    126ms  p95=      187ms  p99=      295ms
2026-10-09 18:05:32.919 - records_manager - INFO -   e2e     p50=149,638ms  p75=677,093ms  p95=1,185,924ms  p99=1,286,886ms
2026-10-09 18:05:32.919 - records_manager - INFO -   intvty  p50=       10  p75=       13  p95=         23  p99=         33  (1/tpot tok/s)
2026-10-09 18:05:32.919 - records_manager - INFO -   isl     p50=   48,672  p75=   89,060  p90=    134,555  p99=    236,364  (tokens)
2026-10-09 18:05:32.919 - records_manager - INFO -   osl     p50=      400  p75=      994  p90=      1,633  p99=      6,173  (tokens)
2026-10-09 18:05:32.919 - records_manager - INFO -   tot     in=28,032,619  out=354,443
2026-10-09 18:05:32.919 - records_manager - INFO -   trace  theoretical_prefix_cache_hit=94.3%
2026-10-09 18:05:32.919 - records_manager - INFO -   srv    prefix_cache_hit=14.3% unique_in_srv=51,790,736 ext_cache_hit=26.4% kv_usage=98.6% queue=27r/182w tput_in_srv=36,346/s tput_out_srv=524/s
2026-10-09 18:06:04.660 - records_manager - INFO - [realtime 28:17 profiling]
2026-10-09 18:06:04.660 - records_manager - INFO -   rps=0.4 (avg 0.3)  tput_in=16,946/s  tput_out=213/s  done=458 ok=458 err=0
2026-10-09 18:06:04.660 - records_manager - INFO -   ttft    p50= 74,553ms  p75=577,247ms  p95=1,138,942ms  p99=1,200,366ms
2026-10-09 18:06:04.660 - records_manager - INFO -   itl     p50=     99ms  p75=    126ms  p95=      186ms  p99=      293ms
2026-10-09 18:06:04.660 - records_manager - INFO -   e2e     p50=152,283ms  p75=750,950ms  p95=1,213,086ms  p99=1,286,764ms
2026-10-09 18:06:04.660 - records_manager - INFO -   intvty  p50=       10  p75=       13  p95=         23  p99=         33  (1/tpot tok/s)
2026-10-09 18:06:04.661 - records_manager - INFO -   isl     p50=   48,872  p75=   87,946  p90=    134,532  p99=    235,880  (tokens)
2026-10-09 18:06:04.661 - records_manager - INFO -   osl     p50=      392  p75=      994  p90=      1,621  p99=      6,159  (tokens)
2026-10-09 18:06:04.661 - records_manager - INFO -   tot     in=28,714,545  out=360,185
2026-10-09 18:06:04.661 - records_manager - INFO -   trace  theoretical_prefix_cache_hit=94.3%
2026-10-09 18:06:04.661 - records_manager - INFO -   srv    prefix_cache_hit=14.1% unique_in_srv=52,796,714 ext_cache_hit=26.4% kv_usage=90.9% queue=26r/182w tput_in_srv=36,273/s tput_out_srv=530/s
2026-10-09 18:06:36.514 - records_manager - INFO - [realtime 28:49 profiling]
2026-10-09 18:06:36.514 - records_manager - INFO -   rps=0.1 (avg 0.3)  tput_in=16,770/s  tput_out=211/s  done=461 ok=461 err=0
2026-10-09 18:06:36.514 - records_manager - INFO -   ttft    p50= 75,874ms  p75=615,428ms  p95=1,145,343ms  p99=1,200,303ms
2026-10-09 18:06:36.514 - records_manager - INFO -   itl     p50=     99ms  p75=    125ms  p95=      185ms  p99=      292ms
2026-10-09 18:06:36.514 - records_manager - INFO -   e2e     p50=153,146ms  p75=762,430ms  p95=1,214,093ms  p99=1,288,535ms
2026-10-09 18:06:36.514 - records_manager - INFO -   intvty  p50=       10  p75=       13  p95=         23  p99=         33  (1/tpot tok/s)
2026-10-09 18:06:36.514 - records_manager - INFO -   isl     p50=   49,060  p75=   86,786  p90=    134,497  p99=    235,759  (tokens)
2026-10-09 18:06:36.515 - records_manager - INFO -   osl     p50=      392  p75=      996  p90=      1,631  p99=      6,156  (tokens)
2026-10-09 18:06:36.515 - records_manager - INFO -   tot     in=28,915,354  out=363,299
2026-10-09 18:06:36.515 - records_manager - INFO -   trace  theoretical_prefix_cache_hit=94.3%
2026-10-09 18:06:36.515 - records_manager - INFO -   srv    prefix_cache_hit=14.0% unique_in_srv=53,532,868 ext_cache_hit=26.1% kv_usage=96.3% queue=26r/186w tput_in_srv=35,958/s tput_out_srv=525/s
2026-10-09 18:07:08.317 - records_manager - INFO - [realtime 29:21 profiling]
2026-10-09 18:07:08.317 - records_manager - INFO -   rps=0.3 (avg 0.3)  tput_in=16,802/s  tput_out=212/s  done=469 ok=469 err=0
2026-10-09 18:07:08.317 - records_manager - INFO -   ttft    p50= 76,901ms  p75=702,409ms  p95=1,168,343ms  p99=1,201,767ms
2026-10-09 18:07:08.318 - records_manager - INFO -   itl     p50=     99ms  p75=    124ms  p95=      184ms  p99=      291ms
2026-10-09 18:07:08.318 - records_manager - INFO -   e2e     p50=160,029ms  p75=850,960ms  p95=1,228,874ms  p99=1,326,198ms
2026-10-09 18:07:08.318 - records_manager - INFO -   intvty  p50=       10  p75=       13  p95=         22  p99=         33  (1/tpot tok/s)
2026-10-09 18:07:08.318 - records_manager - INFO -   isl     p50=   48,463  p75=   86,414  p90=    134,520  p99=    238,468  (tokens)
2026-10-09 18:07:08.318 - records_manager - INFO -   osl     p50=      400  p75=    1,002  p90=      1,632  p99=      6,147  (tokens)
2026-10-09 18:07:08.318 - records_manager - INFO -   tot     in=29,318,350  out=370,667
2026-10-09 18:07:08.318 - records_manager - INFO -   trace  theoretical_prefix_cache_hit=94.3%
2026-10-09 18:07:08.318 - records_manager - INFO -   srv    prefix_cache_hit=13.8% unique_in_srv=54,301,548 ext_cache_hit=25.7% kv_usage=96.5% queue=21r/192w tput_in_srv=35,535/s tput_out_srv=523/s
2026-10-09 18:07:40.249 - records_manager - INFO - [realtime 29:53 profiling]
2026-10-09 18:07:40.249 - records_manager - INFO -   rps=0.2 (avg 0.3)  tput_in=16,703/s  tput_out=211/s  done=476 ok=476 err=0
2026-10-09 18:07:40.249 - records_manager - INFO -   ttft    p50= 77,181ms  p75=744,398ms  p95=1,174,330ms  p99=1,206,996ms
2026-10-09 18:07:40.249 - records_manager - INFO -   itl     p50=     99ms  p75=    124ms  p95=      186ms  p99=      303ms
2026-10-09 18:07:40.249 - records_manager - INFO -   e2e     p50=165,678ms  p75=956,198ms  p95=1,235,093ms  p99=1,333,360ms
2026-10-09 18:07:40.249 - records_manager - INFO -   intvty  p50=       10  p75=       13  p95=         23  p99=         33  (1/tpot tok/s)
2026-10-09 18:07:40.249 - records_manager - INFO -   isl     p50=   48,672  p75=   87,172  p90=    134,360  p99=    238,405  (tokens)
2026-10-09 18:07:40.249 - records_manager - INFO -   osl     p50=      398  p75=    1,004  p90=      1,642  p99=      6,140  (tokens)
2026-10-09 18:07:40.249 - records_manager - INFO -   tot     in=29,829,532  out=376,076
2026-10-09 18:07:40.250 - records_manager - INFO -   trace  theoretical_prefix_cache_hit=94.3%
2026-10-09 18:07:40.250 - records_manager - INFO -   srv    prefix_cache_hit=13.6% unique_in_srv=55,217,892 ext_cache_hit=25.3% kv_usage=94.7% queue=18r/193w tput_in_srv=35,486/s tput_out_srv=518/s
2026-10-09 18:08:12.121 - records_manager - INFO - [realtime 30:25 profiling]
2026-10-09 18:08:12.121 - records_manager - INFO -   rps=0.1 (avg 0.3)  tput_in=16,700/s  tput_out=211/s  done=480 ok=480 err=0
2026-10-09 18:08:12.121 - records_manager - INFO -   ttft    p50= 77,877ms  p75=860,268ms  p95=1,184,842ms  p99=1,212,480ms
2026-10-09 18:08:12.121 - records_manager - INFO -   itl     p50=    100ms  p75=    124ms  p95=      188ms  p99=      303ms
2026-10-09 18:08:12.121 - records_manager - INFO -   e2e     p50=166,306ms  p75=983,046ms  p95=1,239,635ms  p99=1,343,748ms
2026-10-09 18:08:12.122 - records_manager - INFO -   intvty  p50=       10  p75=       13  p95=         23  p99=         33  (1/tpot tok/s)
2026-10-09 18:08:12.122 - records_manager - INFO -   isl     p50=   48,672  p75=   88,574  p90=    135,019  p99=    239,293  (tokens)
2026-10-09 18:08:12.122 - records_manager - INFO -   osl     p50=      400  p75=    1,004  p90=      1,652  p99=      6,135  (tokens)
2026-10-09 18:08:12.122 - records_manager - INFO -   tot     in=30,346,569  out=383,147
2026-10-09 18:08:12.122 - records_manager - INFO -   trace  theoretical_prefix_cache_hit=94.3%
2026-10-09 18:08:12.122 - records_manager - INFO -   srv    prefix_cache_hit=13.6% unique_in_srv=55,899,104 ext_cache_hit=25.0% kv_usage=86.6% queue=20r/190w tput_in_srv=35,300/s tput_out_srv=515/s
2026-10-09 18:08:43.964 - records_manager - INFO - [realtime 30:57 profiling]
2026-10-09 18:08:43.964 - records_manager - INFO -   rps=0.1 (avg 0.3)  tput_in=16,471/s  tput_out=207/s  done=484 ok=484 err=0
2026-10-09 18:08:43.965 - records_manager - INFO -   ttft    p50= 78,700ms  p75=923,520ms  p95=1,190,247ms  p99=1,216,165ms
2026-10-09 18:08:43.965 - records_manager - INFO -   itl     p50=    100ms  p75=    126ms  p95=      193ms  p99=      303ms
2026-10-09 18:08:43.965 - records_manager - INFO -   e2e     p50=167,858ms  p75=995,392ms  p95=1,243,462ms  p99=1,343,145ms
2026-10-09 18:08:43.965 - records_manager - INFO -   intvty  p50=       10  p75=       13  p95=         23  p99=         33  (1/tpot tok/s)
2026-10-09 18:08:43.965 - records_manager - INFO -   isl     p50=   48,582  p75=   88,574  p90=    134,578  p99=    239,251  (tokens)
2026-10-09 18:08:43.965 - records_manager - INFO -   osl     p50=      395  p75=      998  p90=      1,645  p99=      6,131  (tokens)
2026-10-09 18:08:43.965 - records_manager - INFO -   tot     in=30,545,254  out=383,766
2026-10-09 18:08:43.965 - records_manager - INFO -   trace  theoretical_prefix_cache_hit=94.3%
2026-10-09 18:08:43.965 - records_manager - INFO -   srv    prefix_cache_hit=13.5% unique_in_srv=56,598,996 ext_cache_hit=24.6% kv_usage=99.0% queue=21r/188w tput_in_srv=35,274/s tput_out_srv=511/s
2026-10-09 18:08:50.018 - EventLoopMonitor - WARNING - Event loop for worker_ff80b2a3 is taking too long to run. Overhead: 27.00ms
2026-10-09 18:09:15.924 - records_manager - INFO - [realtime 31:28 profiling]
2026-10-09 18:09:15.924 - records_manager - INFO -   rps=0.1 (avg 0.3)  tput_in=16,397/s  tput_out=214/s  done=488 ok=488 err=0
2026-10-09 18:09:15.924 - records_manager - INFO -   ttft    p50= 79,362ms  p75=  928,179ms  p95=1,191,570ms  p99=1,216,165ms
2026-10-09 18:09:15.924 - records_manager - INFO -   itl     p50=    100ms  p75=      125ms  p95=      191ms  p99=      303ms
2026-10-09 18:09:15.924 - records_manager - INFO -   e2e     p50=169,827ms  p75=1,007,844ms  p95=1,248,896ms  p99=1,377,613ms
2026-10-09 18:09:15.924 - records_manager - INFO -   intvty  p50=       10  p75=         13  p95=         23  p99=         33  (1/tpot tok/s)
2026-10-09 18:09:15.924 - records_manager - INFO -   isl     p50=   48,750  p75=     89,474  p90=    135,831  p99=    239,210  (tokens)
2026-10-09 18:09:15.924 - records_manager - INFO -   osl     p50=      398  p75=      1,013  p90=      1,686  p99=      6,937  (tokens)
2026-10-09 18:09:15.924 - records_manager - INFO -   tot     in=30,931,504  out=403,188
2026-10-09 18:09:15.924 - records_manager - INFO -   trace  theoretical_prefix_cache_hit=94.2%
2026-10-09 18:09:15.924 - records_manager - INFO -   srv    prefix_cache_hit=13.4% unique_in_srv=57,178,560 ext_cache_hit=24.5% kv_usage=94.2% queue=19r/188w tput_in_srv=34,983/s tput_out_srv=512/s
2026-10-09 18:09:47.984 - records_manager - INFO - [realtime 32:01 profiling]
2026-10-09 18:09:47.985 - records_manager - INFO -   rps=0.2 (avg 0.3)  tput_in=16,450/s  tput_out=213/s  done=493 ok=493 err=0
2026-10-09 18:09:47.985 - records_manager - INFO -   ttft    p50= 81,131ms  p75=  936,891ms  p95=1,195,944ms  p99=1,216,669ms
2026-10-09 18:09:47.985 - records_manager - INFO -   itl     p50=    100ms  p75=      124ms  p95=      190ms  p99=      303ms
2026-10-09 18:09:47.985 - records_manager - INFO -   e2e     p50=172,431ms  p75=1,019,120ms  p95=1,265,033ms  p99=1,377,590ms
2026-10-09 18:09:47.985 - records_manager - INFO -   intvty  p50=       10  p75=         13  p95=         23  p99=         33  (1/tpot tok/s)
2026-10-09 18:09:47.985 - records_manager - INFO -   isl     p50=   49,060  p75=     90,739  p90=    137,899  p99=    239,158  (tokens)
2026-10-09 18:09:47.985 - records_manager - INFO -   osl     p50=      400  p75=      1,009  p90=      1,674  p99=      6,912  (tokens)
2026-10-09 18:09:47.985 - records_manager - INFO -   tot     in=31,445,048  out=407,312
2026-10-09 18:09:47.985 - records_manager - INFO -   trace  theoretical_prefix_cache_hit=94.2%
2026-10-09 18:09:47.985 - records_manager - INFO -   srv    prefix_cache_hit=13.1% unique_in_srv=58,228,948 ext_cache_hit=24.0% kv_usage=94.6% queue=20r/187w tput_in_srv=34,807/s tput_out_srv=508/s
2026-10-09 18:10:05.027 - EventLoopMonitor - WARNING - Event loop for worker_cd232a57 is taking too long to run. Overhead: 144.81ms
2026-10-09 18:10:20.065 - records_manager - INFO - [realtime 32:33 profiling]
2026-10-09 18:10:20.065 - records_manager - INFO -   rps=0.2 (avg 0.3)  tput_in=16,527/s  tput_out=221/s  done=499 ok=499 err=0
2026-10-09 18:10:20.065 - records_manager - INFO -   ttft    p50= 82,540ms  p75=  973,203ms  p95=1,197,764ms  p99=1,216,638ms
2026-10-09 18:10:20.065 - records_manager - INFO -   itl     p50=    100ms  p75=      124ms  p95=      188ms  p99=      303ms
2026-10-09 18:10:20.065 - records_manager - INFO -   e2e     p50=176,491ms  p75=1,021,932ms  p95=1,280,314ms  p99=1,398,614ms
2026-10-09 18:10:20.065 - records_manager - INFO -   intvty  p50=       10  p75=         13  p95=         23  p99=         32  (1/tpot tok/s)
2026-10-09 18:10:20.066 - records_manager - INFO -   isl     p50=   49,397  p75=     91,598  p90=    138,828  p99=    239,096  (tokens)
2026-10-09 18:10:20.066 - records_manager - INFO -   osl     p50=      403  p75=      1,017  p90=      1,712  p99=      7,396  (tokens)
2026-10-09 18:10:20.066 - records_manager - INFO -   tot     in=32,084,770  out=429,253
2026-10-09 18:10:20.066 - records_manager - INFO -   trace  theoretical_prefix_cache_hit=94.2%
2026-10-09 18:10:20.066 - records_manager - INFO -   srv    prefix_cache_hit=12.9% unique_in_srv=59,361,252 ext_cache_hit=23.6% kv_usage=85.9% queue=19r/187w tput_in_srv=34,712/s tput_out_srv=505/s
2026-10-09 18:10:52.091 - records_manager - INFO - [realtime 33:05 profiling]
2026-10-09 18:10:52.092 - records_manager - INFO -   rps=0.1 (avg 0.3)  tput_in=16,303/s  tput_out=217/s  done=501 ok=501 err=0
2026-10-09 18:10:52.092 - records_manager - INFO -   ttft    p50= 83,384ms  p75=  987,241ms  p95=1,197,677ms  p99=1,216,628ms
2026-10-09 18:10:52.092 - records_manager - INFO -   itl     p50=    100ms  p75=      124ms  p95=      188ms  p99=      303ms
2026-10-09 18:10:52.092 - records_manager - INFO -   e2e     p50=177,661ms  p75=1,022,999ms  p95=1,279,688ms  p99=1,396,377ms
2026-10-09 18:10:52.092 - records_manager - INFO -   intvty  p50=       10  p75=         13  p95=         23  p99=         32  (1/tpot tok/s)
2026-10-09 18:10:52.092 - records_manager - INFO -   isl     p50=   49,397  p75=     91,739  p90=    138,672  p99=    239,075  (tokens)
2026-10-09 18:10:52.092 - records_manager - INFO -   osl     p50=      400  p75=      1,010  p90=      1,699  p99=      7,378  (tokens)
2026-10-09 18:10:52.092 - records_manager - INFO -   tot     in=32,225,469  out=429,785
2026-10-09 18:10:52.092 - records_manager - INFO -   trace  theoretical_prefix_cache_hit=94.2%
2026-10-09 18:10:52.092 - records_manager - INFO -   srv    prefix_cache_hit=12.8% unique_in_srv=59,934,972 ext_cache_hit=23.4% kv_usage=92.2% queue=20r/186w tput_in_srv=34,431/s tput_out_srv=503/s
2026-10-09 18:11:24.147 - records_manager - INFO - [realtime 33:37 profiling]
2026-10-09 18:11:24.148 - records_manager - INFO -   rps=0.1 (avg 0.3)  tput_in=16,228/s  tput_out=215/s  done=504 ok=504 err=0
2026-10-09 18:11:24.148 - records_manager - INFO -   ttft    p50= 84,231ms  p75=  988,207ms  p95=1,198,418ms  p99=1,216,614ms
2026-10-09 18:11:24.148 - records_manager - INFO -   itl     p50=    100ms  p75=      124ms  p95=      188ms  p99=      302ms
2026-10-09 18:11:24.148 - records_manager - INFO -   e2e     p50=178,110ms  p75=1,033,922ms  p95=1,285,004ms  p99=1,426,423ms
2026-10-09 18:11:24.148 - records_manager - INFO -   intvty  p50=       10  p75=         13  p95=         23  p99=         32  (1/tpot tok/s)
2026-10-09 18:11:24.148 - records_manager - INFO -   isl     p50=   49,481  p75=     92,218  p90=    139,467  p99=    240,080  (tokens)
2026-10-09 18:11:24.148 - records_manager - INFO -   osl     p50=      400  p75=      1,014  p90=      1,746  p99=      7,363  (tokens)
2026-10-09 18:11:24.148 - records_manager - INFO -   tot     in=32,697,399  out=432,297
2026-10-09 18:11:24.148 - records_manager - INFO -   trace  theoretical_prefix_cache_hit=94.2%
2026-10-09 18:11:24.148 - records_manager - INFO -   srv    prefix_cache_hit=12.7% unique_in_srv=60,385,068 ext_cache_hit=23.3% kv_usage=94.9% queue=22r/184w tput_in_srv=34,349/s tput_out_srv=499/s
2026-10-09 18:11:56.296 - records_manager - INFO - [realtime 34:09 profiling]
2026-10-09 18:11:56.297 - records_manager - INFO -   rps=0.2 (avg 0.3)  tput_in=16,325/s  tput_out=213/s  done=510 ok=510 err=0
2026-10-09 18:11:56.297 - records_manager - INFO -   ttft    p50= 85,354ms  p75=  991,168ms  p95=1,199,432ms  p99=1,216,587ms
2026-10-09 18:11:56.297 - records_manager - INFO -   itl     p50=    100ms  p75=      124ms  p95=      197ms  p99=      304ms
2026-10-09 18:11:56.297 - records_manager - INFO -   e2e     p50=184,122ms  p75=1,055,988ms  p95=1,286,872ms  p99=1,424,565ms
2026-10-09 18:11:56.297 - records_manager - INFO -   intvty  p50=       10  p75=         13  p95=         23  p99=         32  (1/tpot tok/s)
2026-10-09 18:11:56.297 - records_manager - INFO -   isl     p50=   49,642  p75=     92,435  p90=    139,940  p99=    240,018  (tokens)
2026-10-09 18:11:56.297 - records_manager - INFO -   osl     p50=      400  p75=      1,010  p90=      1,706  p99=      7,332  (tokens)
2026-10-09 18:11:56.297 - records_manager - INFO -   tot     in=33,294,206  out=435,205
2026-10-09 18:11:56.297 - records_manager - INFO -   trace  theoretical_prefix_cache_hit=94.3%
2026-10-09 18:11:56.297 - records_manager - INFO -   srv    prefix_cache_hit=12.5% unique_in_srv=61,505,848 ext_cache_hit=22.8% kv_usage=83.7% queue=23r/183w tput_in_srv=34,201/s tput_out_srv=493/s
2026-10-09 18:12:14.327 - aiperf.timing.replay_dependencies - INFO - Per-trace idle cap advanced replay root 14870cfd-3ab6-4400-801a-1fb14c8eea8b by 5584.498s
2026-10-09 18:12:23.181 - aiperf.timing.replay_dependencies - INFO - Per-trace idle cap advanced replay root deb2df12-81e0-4f4e-b73d-76b2dd5e05d8 by 663.360s
2026-10-09 18:12:28.327 - records_manager - INFO - [realtime 34:41 profiling]
2026-10-09 18:12:28.327 - records_manager - INFO -   rps=0.1 (avg 0.2)  tput_in=16,255/s  tput_out=212/s  done=513 ok=513 err=0
2026-10-09 18:12:28.328 - records_manager - INFO -   ttft    p50= 85,705ms  p75=  992,709ms  p95=1,199,426ms  p99=1,216,573ms
2026-10-09 18:12:28.328 - records_manager - INFO -   itl     p50=    100ms  p75=      125ms  p95=      201ms  p99=      307ms
2026-10-09 18:12:28.328 - records_manager - INFO -   e2e     p50=188,952ms  p75=1,067,761ms  p95=1,287,592ms  p99=1,498,498ms
2026-10-09 18:12:28.328 - records_manager - INFO -   intvty  p50=       10  p75=         13  p95=         23  p99=         32  (1/tpot tok/s)
2026-10-09 18:12:28.328 - records_manager - INFO -   isl     p50=   49,925  p75=     93,595  p90=    140,007  p99=    239,987  (tokens)
2026-10-09 18:12:28.329 - records_manager - INFO -   osl     p50=      400  p75=      1,010  p90=      1,753  p99=      7,317  (tokens)
2026-10-09 18:12:28.329 - records_manager - INFO -   tot     in=33,659,452  out=439,429
2026-10-09 18:12:28.329 - records_manager - INFO -   trace  theoretical_prefix_cache_hit=94.2%
2026-10-09 18:12:28.329 - records_manager - INFO -   srv    prefix_cache_hit=12.6% unique_in_srv=62,679,202 ext_cache_hit=22.4% kv_usage=97.8% queue=27r/182w tput_in_srv=34,375/s tput_out_srv=487/s
2026-10-09 18:13:00.525 - records_manager - INFO - [realtime 35:13 profiling]
2026-10-09 18:13:00.526 - records_manager - INFO -   rps=0.1 (avg 0.2)  tput_in=16,287/s  tput_out=210/s  done=517 ok=517 err=0
2026-10-09 18:13:00.526 - records_manager - INFO -   ttft    p50= 85,811ms  p75=  993,888ms  p95=1,199,419ms  p99=1,216,554ms
2026-10-09 18:13:00.526 - records_manager - INFO -   itl     p50=    101ms  p75=      126ms  p95=      215ms  p99=      315ms
2026-10-09 18:13:00.526 - records_manager - INFO -   e2e     p50=190,295ms  p75=1,083,932ms  p95=1,287,468ms  p99=1,495,264ms
2026-10-09 18:13:00.526 - records_manager - INFO -   intvty  p50=       10  p75=         13  p95=         23  p99=         32  (1/tpot tok/s)
2026-10-09 18:13:00.526 - records_manager - INFO -   isl     p50=   50,131  p75=     93,672  p90=    140,703  p99=    239,945  (tokens)
2026-10-09 18:13:00.526 - records_manager - INFO -   osl     p50=      398  p75=      1,009  p90=      1,726  p99=      7,297  (tokens)
2026-10-09 18:13:00.526 - records_manager - INFO -   tot     in=34,119,827  out=440,015
2026-10-09 18:13:00.526 - records_manager - INFO -   trace  theoretical_prefix_cache_hit=94.2%
2026-10-09 18:13:00.526 - records_manager - INFO -   srv    prefix_cache_hit=12.4% unique_in_srv=63,448,688 ext_cache_hit=22.1% kv_usage=94.5% queue=25r/184w tput_in_srv=34,098/s tput_out_srv=484/s
2026-10-09 18:13:32.717 - records_manager - INFO - [realtime 35:45 profiling]
2026-10-09 18:13:32.717 - records_manager - INFO -   rps=0.2 (avg 0.2)  tput_in=16,079/s  tput_out=206/s  done=522 ok=522 err=0
2026-10-09 18:13:32.717 - records_manager - INFO -   ttft    p50= 87,112ms  p75=  994,973ms  p95=1,199,401ms  p99=1,216,531ms
2026-10-09 18:13:32.717 - records_manager - INFO -   itl     p50=    101ms  p75=      126ms  p95=      218ms  p99=      315ms
2026-10-09 18:13:32.717 - records_manager - INFO -   e2e     p50=193,005ms  p75=1,091,105ms  p95=1,290,204ms  p99=1,491,222ms
2026-10-09 18:13:32.717 - records_manager - INFO -   intvty  p50=       10  p75=         13  p95=         23  p99=         32  (1/tpot tok/s)
2026-10-09 18:13:32.717 - records_manager - INFO -   isl     p50=   50,218  p75=     93,773  p90=    140,536  p99=    239,893  (tokens)
2026-10-09 18:13:32.718 - records_manager - INFO -   osl     p50=      392  p75=      1,000  p90=      1,697  p99=      7,272  (tokens)
2026-10-09 18:13:32.718 - records_manager - INFO -   tot     in=34,464,129  out=441,613
2026-10-09 18:13:32.718 - records_manager - INFO -   trace  theoretical_prefix_cache_hit=94.2%
2026-10-09 18:13:32.718 - records_manager - INFO -   srv    prefix_cache_hit=12.3% unique_in_srv=64,110,744 ext_cache_hit=21.9% kv_usage=97.5% queue=24r/185w tput_in_srv=34,123/s tput_out_srv=481/s
2026-10-09 18:14:05.053 - records_manager - INFO - [realtime 36:18 profiling]
2026-10-09 18:14:05.053 - records_manager - INFO -   rps=0.2 (avg 0.2)  tput_in=16,149/s  tput_out=211/s  done=529 ok=529 err=0
2026-10-09 18:14:05.053 - records_manager - INFO -   ttft    p50= 89,207ms  p75=  995,521ms  p95=1,200,553ms  p99=1,216,499ms
2026-10-09 18:14:05.053 - records_manager - INFO -   itl     p50=    102ms  p75=      127ms  p95=      218ms  p99=      314ms
2026-10-09 18:14:05.053 - records_manager - INFO -   e2e     p50=197,761ms  p75=1,095,716ms  p95=1,296,975ms  p99=1,523,316ms
2026-10-09 18:14:05.053 - records_manager - INFO -   intvty  p50=       10  p75=         13  p95=         23  p99=         32  (1/tpot tok/s)
2026-10-09 18:14:05.053 - records_manager - INFO -   isl     p50=   50,306  p75=     94,472  p90=    140,932  p99=    241,043  (tokens)
2026-10-09 18:14:05.053 - records_manager - INFO -   osl     p50=      398  p75=      1,010  p90=      1,712  p99=      8,042  (tokens)
2026-10-09 18:14:05.053 - records_manager - INFO -   tot     in=35,105,503  out=459,626
2026-10-09 18:14:05.053 - records_manager - INFO -   trace  theoretical_prefix_cache_hit=94.2%
2026-10-09 18:14:05.053 - records_manager - INFO -   srv    prefix_cache_hit=12.2% unique_in_srv=64,977,696 ext_cache_hit=21.6% kv_usage=81.7% queue=19r/187w tput_in_srv=33,901/s tput_out_srv=479/s
2026-10-09 18:14:37.317 - records_manager - INFO - [realtime 36:50 profiling]
2026-10-09 18:14:37.317 - records_manager - INFO -   rps=0.1 (avg 0.2)  tput_in=15,962/s  tput_out=209/s  done=531 ok=531 err=0
2026-10-09 18:14:37.317 - records_manager - INFO -   ttft    p50= 89,685ms  p75=  996,338ms  p95=1,200,369ms  p99=1,216,489ms
2026-10-09 18:14:37.317 - records_manager - INFO -   itl     p50=    102ms  p75=      127ms  p95=      217ms  p99=      314ms
2026-10-09 18:14:37.317 - records_manager - INFO -   e2e     p50=198,764ms  p75=1,102,118ms  p95=1,297,938ms  p99=1,522,896ms
2026-10-09 18:14:37.317 - records_manager - INFO -   intvty  p50=       10  p75=         13  p95=         23  p99=         32  (1/tpot tok/s)
2026-10-09 18:14:37.317 - records_manager - INFO -   isl     p50=   50,306  p75=     94,848  p90=    140,868  p99=    241,017  (tokens)
2026-10-09 18:14:37.317 - records_manager - INFO -   osl     p50=      398  p75=      1,010  p90=      1,699  p99=      8,023  (tokens)
2026-10-09 18:14:37.318 - records_manager - INFO -   tot     in=35,210,889  out=460,606
2026-10-09 18:14:37.318 - records_manager - INFO -   trace  theoretical_prefix_cache_hit=94.2%
2026-10-09 18:14:37.318 - records_manager - INFO -   srv    prefix_cache_hit=12.1% unique_in_srv=65,604,468 ext_cache_hit=21.4% kv_usage=95.4% queue=21r/187w tput_in_srv=33,805/s tput_out_srv=476/s
2026-10-09 18:15:09.642 - records_manager - INFO - [realtime 37:22 profiling]
2026-10-09 18:15:09.642 - records_manager - INFO -   rps=0.2 (avg 0.2)  tput_in=15,909/s  tput_out=208/s  done=537 ok=537 err=0
2026-10-09 18:15:09.642 - records_manager - INFO -   ttft    p50= 90,509ms  p75=1,009,796ms  p95=1,199,818ms  p99=1,216,462ms
2026-10-09 18:15:09.642 - records_manager - INFO -   itl     p50=    102ms  p75=      128ms  p95=      217ms  p99=      314ms
2026-10-09 18:15:09.642 - records_manager - INFO -   e2e     p50=202,068ms  p75=1,113,804ms  p95=1,312,081ms  p99=1,521,636ms
2026-10-09 18:15:09.642 - records_manager - INFO -   intvty  p50=       10  p75=         13  p95=         23  p99=         31  (1/tpot tok/s)
2026-10-09 18:15:09.642 - records_manager - INFO -   isl     p50=   50,306  p75=     95,263  p90=    140,703  p99=    240,939  (tokens)
2026-10-09 18:15:09.642 - records_manager - INFO -   osl     p50=      400  p75=      1,010  p90=      1,688  p99=      7,968  (tokens)
2026-10-09 18:15:09.642 - records_manager - INFO -   tot     in=35,627,481  out=465,365
2026-10-09 18:15:09.642 - records_manager - INFO -   trace  theoretical_prefix_cache_hit=94.2%
2026-10-09 18:15:09.642 - records_manager - INFO -   srv    prefix_cache_hit=12.0% unique_in_srv=66,513,824 ext_cache_hit=21.1% kv_usage=97.5% queue=19r/187w tput_in_srv=33,522/s tput_out_srv=472/s
2026-10-09 18:15:42.128 - records_manager - INFO - [realtime 37:55 profiling]
2026-10-09 18:15:42.128 - records_manager - INFO -   rps=0.2 (avg 0.2)  tput_in=15,875/s  tput_out=208/s  done=542 ok=542 err=0
2026-10-09 18:15:42.128 - records_manager - INFO -   ttft    p50= 91,496ms  p75=1,018,132ms  p95=1,201,196ms  p99=1,216,438ms
2026-10-09 18:15:42.128 - records_manager - INFO -   itl     p50=    102ms  p75=      129ms  p95=      218ms  p99=      314ms
2026-10-09 18:15:42.128 - records_manager - INFO -   e2e     p50=203,590ms  p75=1,120,046ms  p95=1,329,891ms  p99=1,549,089ms
2026-10-09 18:15:42.128 - records_manager - INFO -   intvty  p50=       10  p75=         13  p95=         23  p99=         31  (1/tpot tok/s)
2026-10-09 18:15:42.129 - records_manager - INFO -   isl     p50=   50,356  p75=     95,263  p90=    140,536  p99=    240,874  (tokens)
2026-10-09 18:15:42.129 - records_manager - INFO -   osl     p50=      406  p75=      1,020  p90=      1,697  p99=      7,922  (tokens)
2026-10-09 18:15:42.129 - records_manager - INFO -   tot     in=35,990,597  out=470,933
2026-10-09 18:15:42.129 - records_manager - INFO -   trace  theoretical_prefix_cache_hit=94.2%
2026-10-09 18:15:42.129 - records_manager - INFO -   srv    prefix_cache_hit=11.8% unique_in_srv=67,206,426 ext_cache_hit=20.9% kv_usage=96.2% queue=17r/189w tput_in_srv=33,450/s tput_out_srv=471/s
2026-10-09 18:16:14.508 - records_manager - INFO - [realtime 38:27 profiling]
2026-10-09 18:16:14.509 - records_manager - INFO -   rps=0.1 (avg 0.2)  tput_in=15,838/s  tput_out=206/s  done=545 ok=545 err=0
2026-10-09 18:16:14.509 - records_manager - INFO -   ttft    p50= 91,741ms  p75=1,020,902ms  p95=1,200,920ms  p99=1,216,425ms
2026-10-09 18:16:14.509 - records_manager - INFO -   itl     p50=    103ms  p75=      129ms  p95=      218ms  p99=      318ms
2026-10-09 18:16:14.509 - records_manager - INFO -   e2e     p50=204,554ms  p75=1,125,650ms  p95=1,330,219ms  p99=1,556,477ms
2026-10-09 18:16:14.509 - records_manager - INFO -   intvty  p50=       10  p75=         13  p95=         23  p99=         31  (1/tpot tok/s)
2026-10-09 18:16:14.509 - records_manager - INFO -   isl     p50=   50,636  p75=     95,601  p90=    140,758  p99=    241,370  (tokens)
2026-10-09 18:16:14.509 - records_manager - INFO -   osl     p50=      408  p75=      1,026  p90=      1,739  p99=      7,894  (tokens)
2026-10-09 18:16:14.509 - records_manager - INFO -   tot     in=36,467,937  out=474,555
2026-10-09 18:16:14.509 - records_manager - INFO -   trace  theoretical_prefix_cache_hit=94.2%
2026-10-09 18:16:14.509 - records_manager - INFO -   srv    prefix_cache_hit=11.8% unique_in_srv=68,107,118 ext_cache_hit=20.7% kv_usage=95.6% queue=19r/187w tput_in_srv=33,496/s tput_out_srv=467/s
2026-10-09 18:16:46.813 - records_manager - INFO - [realtime 38:59 profiling]
2026-10-09 18:16:46.813 - records_manager - INFO -   rps=0.2 (avg 0.2)  tput_in=15,786/s  tput_out=206/s  done=550 ok=550 err=0
2026-10-09 18:16:46.813 - records_manager - INFO -   ttft    p50=101,553ms  p75=1,033,447ms  p95=1,200,461ms  p99=1,216,401ms
2026-10-09 18:16:46.813 - records_manager - INFO -   itl     p50=    102ms  p75=      129ms  p95=      218ms  p99=      317ms
2026-10-09 18:16:46.813 - records_manager - INFO -   e2e     p50=206,229ms  p75=1,127,737ms  p95=1,330,626ms  p99=1,566,185ms
2026-10-09 18:16:46.813 - records_manager - INFO -   intvty  p50=       10  p75=         13  p95=         23  p99=         31  (1/tpot tok/s)
2026-10-09 18:16:46.814 - records_manager - INFO -   isl     p50=   50,705  p75=     96,406  p90=    140,620  p99=    241,366  (tokens)
2026-10-09 18:16:46.814 - records_manager - INFO -   osl     p50=      408  p75=      1,026  p90=      1,766  p99=      7,848  (tokens)
2026-10-09 18:16:46.814 - records_manager - INFO -   tot     in=36,882,911  out=481,973
2026-10-09 18:16:46.814 - records_manager - INFO -   trace  theoretical_prefix_cache_hit=94.3%
2026-10-09 18:16:46.814 - records_manager - INFO -   srv    prefix_cache_hit=11.7% unique_in_srv=68,700,090 ext_cache_hit=20.5% kv_usage=91.6% queue=16r/189w tput_in_srv=33,153/s tput_out_srv=467/s
2026-10-09 18:17:19.380 - records_manager - INFO - [realtime 39:32 profiling]
2026-10-09 18:17:19.381 - records_manager - INFO -   rps=0.1 (avg 0.2)  tput_in=15,817/s  tput_out=205/s  done=553 ok=553 err=0
2026-10-09 18:17:19.381 - records_manager - INFO -   ttft    p50=105,053ms  p75=1,040,431ms  p95=1,200,185ms  p99=1,216,388ms
2026-10-09 18:17:19.381 - records_manager - INFO -   itl     p50=    103ms  p75=      129ms  p95=      222ms  p99=      317ms
2026-10-09 18:17:19.381 - records_manager - INFO -   e2e     p50=210,501ms  p75=1,130,210ms  p95=1,331,953ms  p99=1,565,993ms
2026-10-09 18:17:19.381 - records_manager - INFO -   intvty  p50=       10  p75=         13  p95=         23  p99=         31  (1/tpot tok/s)
2026-10-09 18:17:19.381 - records_manager - INFO -   isl     p50=   50,898  p75=     97,313  p90=    141,124  p99=    241,364  (tokens)
2026-10-09 18:17:19.381 - records_manager - INFO -   osl     p50=      409  p75=      1,026  p90=      1,768  p99=      7,821  (tokens)
2026-10-09 18:17:19.381 - records_manager - INFO -   tot     in=37,373,609  out=485,574
2026-10-09 18:17:19.381 - records_manager - INFO -   trace  theoretical_prefix_cache_hit=94.3%
2026-10-09 18:17:19.381 - records_manager - INFO -   srv    prefix_cache_hit=11.6% unique_in_srv=69,822,996 ext_cache_hit=20.3% kv_usage=94.9% queue=24r/182w tput_in_srv=33,343/s tput_out_srv=462/s
2026-10-09 18:17:51.947 - records_manager - INFO - [realtime 40:05 profiling]
2026-10-09 18:17:51.947 - records_manager - INFO -   rps=0.2 (avg 0.2)  tput_in=15,794/s  tput_out=204/s  done=561 ok=561 err=0
2026-10-09 18:17:51.948 - records_manager - INFO -   ttft    p50=107,075ms  p75=1,052,310ms  p95=1,199,450ms  p99=1,216,351ms
2026-10-09 18:17:51.949 - records_manager - INFO -   itl     p50=    103ms  p75=      129ms  p95=      218ms  p99=      317ms
2026-10-09 18:17:51.949 - records_manager - INFO -   e2e     p50=232,206ms  p75=1,130,210ms  p95=1,333,453ms  p99=1,565,479ms
2026-10-09 18:17:51.949 - records_manager - INFO -   intvty  p50=       10  p75=         13  p95=         23  p99=         31  (1/tpot tok/s)
2026-10-09 18:17:51.949 - records_manager - INFO -   isl     p50=   50,898  p75=     97,313  p90=    140,868  p99=    241,358  (tokens)
2026-10-09 18:17:51.949 - records_manager - INFO -   osl     p50=      403  p75=      1,026  p90=      1,766  p99=      7,747  (tokens)
2026-10-09 18:17:51.949 - records_manager - INFO -   tot     in=37,887,702  out=488,853
2026-10-09 18:17:51.949 - records_manager - INFO -   trace  theoretical_prefix_cache_hit=94.3%
2026-10-09 18:17:51.949 - records_manager - INFO -   srv    prefix_cache_hit=11.5% unique_in_srv=70,892,472 ext_cache_hit=20.2% kv_usage=98.6% queue=26r/182w tput_in_srv=33,315/s tput_out_srv=461/s
2026-10-09 18:17:52.540 - EventLoopMonitor - WARNING - Event loop for worker_05b50db6 is taking too long to run. Overhead: 70.77ms
2026-10-09 18:18:24.508 - records_manager - INFO - [realtime 40:37 profiling]
2026-10-09 18:18:24.508 - records_manager - INFO -   rps=0.2 (avg 0.2)  tput_in=15,800/s  tput_out=205/s  done=569 ok=569 err=0
2026-10-09 18:18:24.508 - records_manager - INFO -   ttft    p50=108,194ms  p75=1,052,355ms  p95=1,199,434ms  p99=1,216,314ms
2026-10-09 18:18:24.509 - records_manager - INFO -   itl     p50=    103ms  p75=      129ms  p95=      218ms  p99=      317ms
2026-10-09 18:18:24.510 - records_manager - INFO -   e2e     p50=239,353ms  p75=1,128,433ms  p95=1,337,730ms  p99=1,579,683ms
2026-10-09 18:18:24.510 - records_manager - INFO -   intvty  p50=       10  p75=         12  p95=         23  p99=         31  (1/tpot tok/s)
2026-10-09 18:18:24.510 - records_manager - INFO -   isl     p50=   50,774  p75=     97,313  p90=    140,932  p99=    241,351  (tokens)
2026-10-09 18:18:24.510 - records_manager - INFO -   osl     p50=      408  p75=      1,024  p90=      1,767  p99=      7,673  (tokens)
2026-10-09 18:18:24.510 - records_manager - INFO -   tot     in=38,411,486  out=499,002
2026-10-09 18:18:24.510 - records_manager - INFO -   trace  theoretical_prefix_cache_hit=94.2%
2026-10-09 18:18:24.510 - records_manager - INFO -   srv    prefix_cache_hit=11.4% unique_in_srv=71,850,648 ext_cache_hit=20.0% kv_usage=96.2% queue=23r/186w tput_in_srv=33,254/s tput_out_srv=460/s
2026-10-09 18:18:31.023 - aiperf.timing.replay_dependencies - INFO - Per-trace idle cap advanced replay root 9a64ecad-5890-49ae-abb8-00f2b0dc456e by 463.547s
2026-10-09 18:18:57.084 - records_manager - INFO - [realtime 41:10 profiling]
2026-10-09 18:18:57.084 - records_manager - INFO -   rps=0.2 (avg 0.2)  tput_in=15,821/s  tput_out=203/s  done=574 ok=574 err=0
2026-10-09 18:18:57.085 - records_manager - INFO -   ttft    p50=109,181ms  p75=1,052,598ms  p95=1,199,424ms  p99=1,216,290ms
2026-10-09 18:18:57.085 - records_manager - INFO -   itl     p50=    103ms  p75=      129ms  p95=      218ms  p99=      317ms
2026-10-09 18:18:57.085 - records_manager - INFO -   e2e     p50=251,234ms  p75=1,124,924ms  p95=1,335,948ms  p99=1,578,065ms
2026-10-09 18:18:57.085 - records_manager - INFO -   intvty  p50=       10  p75=         12  p95=         23  p99=         31  (1/tpot tok/s)
2026-10-09 18:18:57.085 - records_manager - INFO -   isl     p50=   50,996  p75=     97,202  p90=    141,092  p99=    241,347  (tokens)
2026-10-09 18:18:57.085 - records_manager - INFO -   osl     p50=      402  p75=      1,010  p90=      1,746  p99=      7,627  (tokens)
2026-10-09 18:18:57.085 - records_manager - INFO -   tot     in=38,921,205  out=500,247
2026-10-09 18:18:57.085 - records_manager - INFO -   trace  theoretical_prefix_cache_hit=94.2%
2026-10-09 18:18:57.085 - records_manager - INFO -   srv    prefix_cache_hit=11.3% unique_in_srv=72,952,926 ext_cache_hit=19.9% kv_usage=97.8% queue=24r/187w tput_in_srv=33,218/s tput_out_srv=457/s
2026-10-09 18:19:29.779 - records_manager - INFO - [realtime 41:42 profiling]
2026-10-09 18:19:29.779 - records_manager - INFO -   rps=0.1 (avg 0.2)  tput_in=15,800/s  tput_out=202/s  done=578 ok=578 err=0
2026-10-09 18:19:29.779 - records_manager - INFO -   ttft    p50=109,402ms  p75=1,053,463ms  p95=1,199,417ms  p99=1,216,272ms
2026-10-09 18:19:29.779 - records_manager - INFO -   itl     p50=    103ms  p75=      129ms  p95=      218ms  p99=      316ms
2026-10-09 18:19:29.780 - records_manager - INFO -   e2e     p50=266,246ms  p75=1,124,924ms  p95=1,334,523ms  p99=1,576,771ms
2026-10-09 18:19:29.780 - records_manager - INFO -   intvty  p50=       10  p75=         13  p95=         23  p99=         30  (1/tpot tok/s)
2026-10-09 18:19:29.780 - records_manager - INFO -   isl     p50=   51,448  p75=     97,202  p90=    140,964  p99=    241,344  (tokens)
2026-10-09 18:19:29.780 - records_manager - INFO -   osl     p50=      400  p75=      1,007  p90=      1,719  p99=      7,590  (tokens)
2026-10-09 18:19:29.780 - records_manager - INFO -   tot     in=39,223,738  out=501,838
2026-10-09 18:19:29.780 - records_manager - INFO -   trace  theoretical_prefix_cache_hit=94.2%
2026-10-09 18:19:29.780 - records_manager - INFO -   srv    prefix_cache_hit=11.3% unique_in_srv=73,416,368 ext_cache_hit=19.8% kv_usage=94.7% queue=23r/188w tput_in_srv=32,876/s tput_out_srv=459/s
2026-10-09 18:20:02.666 - records_manager - INFO - [realtime 42:15 profiling]
2026-10-09 18:20:02.666 - records_manager - INFO -   rps=0.1 (avg 0.2)  tput_in=15,765/s  tput_out=201/s  done=582 ok=582 err=0
2026-10-09 18:20:02.666 - records_manager - INFO -   ttft    p50=109,798ms  p75=1,054,784ms  p95=1,199,401ms  p99=1,216,253ms
2026-10-09 18:20:02.666 - records_manager - INFO -   itl     p50=    104ms  p75=      129ms  p95=      218ms  p99=      316ms
2026-10-09 18:20:02.666 - records_manager - INFO -   e2e     p50=272,111ms  p75=1,129,475ms  p95=1,340,226ms  p99=1,575,476ms
2026-10-09 18:20:02.666 - records_manager - INFO -   intvty  p50=       10  p75=         12  p95=         23  p99=         30  (1/tpot tok/s)
2026-10-09 18:20:02.666 - records_manager - INFO -   isl     p50=   51,738  p75=     98,077  p90=    142,469  p99=    241,341  (tokens)
2026-10-09 18:20:02.666 - records_manager - INFO -   osl     p50=      406  p75=      1,020  p90=      1,769  p99=      7,553  (tokens)
2026-10-09 18:20:02.666 - records_manager - INFO -   tot     in=39,891,873  out=507,976
2026-10-09 18:20:02.666 - records_manager - INFO -   trace  theoretical_prefix_cache_hit=94.2%
2026-10-09 18:20:02.666 - records_manager - INFO -   srv    prefix_cache_hit=11.2% unique_in_srv=74,634,404 ext_cache_hit=19.5% kv_usage=92.1% queue=29r/180w tput_in_srv=33,085/s tput_out_srv=457/s
2026-10-09 18:20:35.308 - records_manager - INFO - [realtime 42:48 profiling]
2026-10-09 18:20:35.308 - records_manager - INFO -   rps=0.2 (avg 0.2)  tput_in=15,787/s  tput_out=201/s  done=588 ok=588 err=0
2026-10-09 18:20:35.308 - records_manager - INFO -   ttft    p50=110,474ms  p75=1,054,621ms  p95=1,199,345ms  p99=1,216,226ms
2026-10-09 18:20:35.308 - records_manager - INFO -   itl     p50=    104ms  p75=      130ms  p95=      218ms  p99=      316ms
2026-10-09 18:20:35.308 - records_manager - INFO -   e2e     p50=294,932ms  p75=1,129,919ms  p95=1,338,087ms  p99=1,573,535ms
2026-10-09 18:20:35.308 - records_manager - INFO -   intvty  p50=       10  p75=         12  p95=         23  p99=         30  (1/tpot tok/s)
2026-10-09 18:20:35.308 - records_manager - INFO -   isl     p50=   51,122  p75=     98,060  p90=    142,761  p99=    241,336  (tokens)
2026-10-09 18:20:35.308 - records_manager - INFO -   osl     p50=      414  p75=      1,024  p90=      1,767  p99=      7,498  (tokens)
2026-10-09 18:20:35.308 - records_manager - INFO -   tot     in=40,260,612  out=512,742
2026-10-09 18:20:35.308 - records_manager - INFO -   trace  theoretical_prefix_cache_hit=94.2%
2026-10-09 18:20:35.308 - records_manager - INFO -   srv    prefix_cache_hit=11.2% unique_in_srv=75,546,504 ext_cache_hit=19.2% kv_usage=96.7% queue=28r/181w tput_in_srv=33,090/s tput_out_srv=454/s
2026-10-09 18:21:08.113 - records_manager - INFO - [realtime 43:21 profiling]
2026-10-09 18:21:08.113 - records_manager - INFO -   rps=0.4 (avg 0.2)  tput_in=15,810/s  tput_out=201/s  done=600 ok=600 err=0
2026-10-09 18:21:08.113 - records_manager - INFO -   ttft    p50=135,353ms  p75=1,058,086ms  p95=1,199,231ms  p99=1,216,170ms
2026-10-09 18:21:08.113 - records_manager - INFO -   itl     p50=    105ms  p75=      131ms  p95=      218ms  p99=      316ms
2026-10-09 18:21:08.113 - records_manager - INFO -   e2e     p50=344,737ms  p75=1,132,756ms  p95=1,341,013ms  p99=1,569,651ms
2026-10-09 18:21:08.113 - records_manager - INFO -   intvty  p50=       10  p75=         12  p95=         23  p99=         30  (1/tpot tok/s)
2026-10-09 18:21:08.113 - records_manager - INFO -   isl     p50=   51,122  p75=     98,060  p90=    142,209  p99=    241,327  (tokens)
2026-10-09 18:21:08.113 - records_manager - INFO -   osl     p50=      408  p75=      1,014  p90=      1,766  p99=      7,387  (tokens)
2026-10-09 18:21:08.113 - records_manager - INFO -   tot     in=40,964,607  out=519,860
2026-10-09 18:21:08.113 - records_manager - INFO -   trace  theoretical_prefix_cache_hit=94.2%
2026-10-09 18:21:08.113 - records_manager - INFO -   srv    prefix_cache_hit=11.2% unique_in_srv=76,743,784 ext_cache_hit=19.0% kv_usage=96.4% queue=39r/171w tput_in_srv=33,111/s tput_out_srv=456/s
2026-10-09 18:21:40.903 - records_manager - INFO - [realtime 43:53 profiling]
2026-10-09 18:21:40.903 - records_manager - INFO -   rps=0.2 (avg 0.2)  tput_in=15,796/s  tput_out=200/s  done=608 ok=608 err=0
2026-10-09 18:21:40.903 - records_manager - INFO -   ttft    p50=181,416ms  p75=1,059,177ms  p95=1,198,986ms  p99=1,216,165ms
2026-10-09 18:21:40.903 - records_manager - INFO -   itl     p50=    106ms  p75=      133ms  p95=      218ms  p99=      315ms
2026-10-09 18:21:40.903 - records_manager - INFO -   e2e     p50=379,058ms  p75=1,132,640ms  p95=1,338,087ms  p99=1,568,879ms
2026-10-09 18:21:40.903 - records_manager - INFO -   intvty  p50=        9  p75=         12  p95=         23  p99=         30  (1/tpot tok/s)
2026-10-09 18:21:40.903 - records_manager - INFO -   isl     p50=   50,996  p75=     97,498  p90=    141,492  p99=    241,241  (tokens)
2026-10-09 18:21:40.903 - records_manager - INFO -   osl     p50=      406  p75=      1,009  p90=      1,719  p99=      7,370  (tokens)
2026-10-09 18:21:40.903 - records_manager - INFO -   tot     in=41,383,351  out=523,451
2026-10-09 18:21:40.904 - records_manager - INFO -   trace  theoretical_prefix_cache_hit=94.2%
2026-10-09 18:21:40.904 - records_manager - INFO -   srv    prefix_cache_hit=11.1% unique_in_srv=77,497,684 ext_cache_hit=18.8% kv_usage=96.5% queue=33r/185w tput_in_srv=32,968/s tput_out_srv=455/s
2026-10-09 18:22:13.847 - records_manager - INFO - [realtime 44:26 profiling]
2026-10-09 18:22:13.847 - records_manager - INFO -   rps=0.2 (avg 0.2)  tput_in=15,741/s  tput_out=199/s  done=615 ok=615 err=0
2026-10-09 18:22:13.847 - records_manager - INFO -   ttft    p50=229,222ms  p75=1,059,556ms  p95=1,198,751ms  p99=1,216,165ms
2026-10-09 18:22:13.848 - records_manager - INFO -   itl     p50=    106ms  p75=      134ms  p95=      217ms  p99=      315ms
2026-10-09 18:22:13.848 - records_manager - INFO -   e2e     p50=423,552ms  p75=1,133,570ms  p95=1,335,592ms  p99=1,568,430ms
2026-10-09 18:22:13.848 - records_manager - INFO -   intvty  p50=        9  p75=         12  p95=         23  p99=         30  (1/tpot tok/s)
2026-10-09 18:22:13.848 - records_manager - INFO -   isl     p50=   50,957  p75=     97,092  p90=    141,785  p99=    241,156  (tokens)
2026-10-09 18:22:13.848 - records_manager - INFO -   osl     p50=      408  p75=      1,006  p90=      1,691  p99=      7,362  (tokens)
2026-10-09 18:22:13.848 - records_manager - INFO -   tot     in=41,847,905  out=527,810
2026-10-09 18:22:13.848 - records_manager - INFO -   trace  theoretical_prefix_cache_hit=94.2%
2026-10-09 18:22:13.848 - records_manager - INFO -   srv    prefix_cache_hit=11.1% unique_in_srv=78,056,844 ext_cache_hit=18.8% kv_usage=92.6% queue=32r/185w tput_in_srv=32,860/s tput_out_srv=457/s
2026-10-09 18:22:46.698 - records_manager - INFO - [realtime 44:59 profiling]
2026-10-09 18:22:46.698 - records_manager - INFO -   rps=0.1 (avg 0.2)  tput_in=15,732/s  tput_out=198/s  done=618 ok=618 err=0
2026-10-09 18:22:46.698 - records_manager - INFO -   ttft    p50=242,817ms  p75=1,059,572ms  p95=1,198,650ms  p99=1,216,165ms
2026-10-09 18:22:46.698 - records_manager - INFO -   itl     p50=    106ms  p75=      134ms  p95=      217ms  p99=      315ms
2026-10-09 18:22:46.698 - records_manager - INFO -   e2e     p50=436,895ms  p75=1,133,862ms  p95=1,341,876ms  p99=1,568,237ms
2026-10-09 18:22:46.698 - records_manager - INFO -   intvty  p50=        9  p75=         12  p95=         23  p99=         30  (1/tpot tok/s)
2026-10-09 18:22:46.698 - records_manager - INFO -   isl     p50=   50,996  p75=     97,866  p90=    142,274  p99=    241,119  (tokens)
2026-10-09 18:22:46.698 - records_manager - INFO -   osl     p50=      407  p75=      1,007  p90=      1,719  p99=      7,358  (tokens)
2026-10-09 18:22:46.698 - records_manager - INFO -   tot     in=42,246,442  out=531,267
2026-10-09 18:22:46.698 - records_manager - INFO -   trace  theoretical_prefix_cache_hit=94.2%
2026-10-09 18:22:46.698 - records_manager - INFO -   srv    prefix_cache_hit=11.0% unique_in_srv=79,060,142 ext_cache_hit=18.7% kv_usage=98.1% queue=35r/183w tput_in_srv=32,793/s tput_out_srv=456/s
2026-10-09 18:23:19.572 - records_manager - INFO - [realtime 45:32 profiling]
2026-10-09 18:23:19.572 - records_manager - INFO -   rps=0.4 (avg 0.2)  tput_in=15,660/s  tput_out=199/s  done=631 ok=631 err=0
2026-10-09 18:23:19.572 - records_manager - INFO -   ttft    p50=288,824ms  p75=1,059,723ms  p95=1,198,113ms  p99=1,216,165ms
2026-10-09 18:23:19.572 - records_manager - INFO -   itl     p50=    107ms  p75=      135ms  p95=      217ms  p99=      314ms
2026-10-09 18:23:19.572 - records_manager - INFO -   e2e     p50=485,104ms  p75=1,136,510ms  p95=1,344,895ms  p99=1,567,404ms
2026-10-09 18:23:19.572 - records_manager - INFO -   intvty  p50=        9  p75=         12  p95=         23  p99=         29  (1/tpot tok/s)
2026-10-09 18:23:19.572 - records_manager - INFO -   isl     p50=   50,406  p75=     97,092  p90=    142,177  p99=    240,962  (tokens)
2026-10-09 18:23:19.572 - records_manager - INFO -   osl     p50=      412  p75=      1,006  p90=      1,699  p99=      7,343  (tokens)
2026-10-09 18:23:19.573 - records_manager - INFO -   tot     in=42,692,799  out=541,550
2026-10-09 18:23:19.573 - records_manager - INFO -   trace  theoretical_prefix_cache_hit=94.2%
2026-10-09 18:23:19.573 - records_manager - INFO -   srv    prefix_cache_hit=10.8% unique_in_srv=79,963,514 ext_cache_hit=18.5% kv_usage=97.7% queue=26r/189w tput_in_srv=32,783/s tput_out_srv=457/s
2026-10-09 18:23:52.694 - records_manager - INFO - [realtime 46:05 profiling]
2026-10-09 18:23:52.694 - records_manager - INFO -   rps=0.3 (avg 0.2)  tput_in=15,639/s  tput_out=200/s  done=642 ok=642 err=0
2026-10-09 18:23:52.694 - records_manager - INFO -   ttft    p50=339,658ms  p75=1,059,885ms  p95=1,197,673ms  p99=1,216,165ms
2026-10-09 18:23:52.694 - records_manager - INFO -   itl     p50=    108ms  p75=      134ms  p95=      216ms  p99=      314ms
2026-10-09 18:23:52.694 - records_manager - INFO -   e2e     p50=535,350ms  p75=1,146,654ms  p95=1,340,226ms  p99=1,566,698ms
2026-10-09 18:23:52.694 - records_manager - INFO -   intvty  p50=        9  p75=         12  p95=         23  p99=         29  (1/tpot tok/s)
2026-10-09 18:23:52.694 - records_manager - INFO -   isl     p50=   50,028  p75=     97,202  p90=    142,079  p99=    240,828  (tokens)
2026-10-09 18:23:52.694 - records_manager - INFO -   osl     p50=      422  p75=      1,026  p90=      1,678  p99=      7,330  (tokens)
2026-10-09 18:23:52.694 - records_manager - INFO -   tot     in=43,179,375  out=553,371
2026-10-09 18:23:52.694 - records_manager - INFO -   trace  theoretical_prefix_cache_hit=94.2%
2026-10-09 18:23:52.694 - records_manager - INFO -   srv    prefix_cache_hit=10.7% unique_in_srv=80,991,220 ext_cache_hit=18.5% kv_usage=99.9% queue=27r/184w tput_in_srv=32,839/s tput_out_srv=459/s
2026-10-09 18:24:26.463 - records_manager - INFO - [realtime 46:39 profiling]
2026-10-09 18:24:26.463 - records_manager - INFO -   rps=0.4 (avg 0.2)  tput_in=15,751/s  tput_out=201/s  done=656 ok=656 err=0
2026-10-09 18:24:26.463 - records_manager - INFO -   ttft    p50=431,045ms  p75=1,060,397ms  p95=1,197,617ms  p99=1,216,165ms
2026-10-09 18:24:26.463 - records_manager - INFO -   itl     p50=    108ms  p75=      134ms  p95=      216ms  p99=      313ms
2026-10-09 18:24:26.463 - records_manager - INFO -   e2e     p50=614,414ms  p75=1,146,543ms  p95=1,350,821ms  p99=1,565,800ms
2026-10-09 18:24:26.463 - records_manager - INFO -   intvty  p50=        9  p75=         12  p95=         23  p99=         29  (1/tpot tok/s)
2026-10-09 18:24:26.463 - records_manager - INFO -   isl     p50=   49,642  p75=     97,498  p90=    142,762  p99=    240,658  (tokens)
2026-10-09 18:24:26.463 - records_manager - INFO -   osl     p50=      420  p75=      1,026  p90=      1,732  p99=      7,314  (tokens)
2026-10-09 18:24:26.463 - records_manager - INFO -   tot     in=44,034,618  out=563,138
2026-10-09 18:24:26.463 - records_manager - INFO -   trace  theoretical_prefix_cache_hit=94.3%
2026-10-09 18:24:26.463 - records_manager - INFO -   srv    prefix_cache_hit=10.7% unique_in_srv=82,469,010 ext_cache_hit=18.3% kv_usage=92.8% queue=34r/177w tput_in_srv=32,869/s tput_out_srv=460/s
2026-10-09 18:24:59.474 - records_manager - INFO - [realtime 47:12 profiling]
2026-10-09 18:24:59.474 - records_manager - INFO -   rps=0.2 (avg 0.2)  tput_in=15,649/s  tput_out=200/s  done=662 ok=662 err=0
2026-10-09 18:24:59.474 - records_manager - INFO -   ttft    p50=448,453ms  p75=1,060,424ms  p95=1,197,551ms  p99=1,216,165ms
2026-10-09 18:24:59.474 - records_manager - INFO -   itl     p50=    108ms  p75=      134ms  p95=      216ms  p99=      313ms
2026-10-09 18:24:59.474 - records_manager - INFO -   e2e     p50=647,041ms  p75=1,146,456ms  p95=1,348,777ms  p99=1,565,415ms
2026-10-09 18:24:59.474 - records_manager - INFO -   intvty  p50=        9  p75=         12  p95=         23  p99=         29  (1/tpot tok/s)
2026-10-09 18:24:59.474 - records_manager - INFO -   isl     p50=   49,502  p75=     96,822  p90=    142,469  p99=    240,585  (tokens)
2026-10-09 18:24:59.474 - records_manager - INFO -   osl     p50=      420  p75=      1,026  p90=      1,697  p99=      7,307  (tokens)
2026-10-09 18:24:59.474 - records_manager - INFO -   tot     in=44,278,382  out=566,646
2026-10-09 18:24:59.474 - records_manager - INFO -   trace  theoretical_prefix_cache_hit=94.2%
2026-10-09 18:24:59.474 - records_manager - INFO -   srv    prefix_cache_hit=10.6% unique_in_srv=82,950,146 ext_cache_hit=18.2% kv_usage=94.6% queue=29r/184w tput_in_srv=32,647/s tput_out_srv=459/s
2026-10-09 18:25:32.789 - records_manager - INFO - [realtime 47:45 profiling]
2026-10-09 18:25:32.789 - records_manager - INFO -   rps=0.2 (avg 0.2)  tput_in=15,676/s  tput_out=200/s  done=669 ok=669 err=0
2026-10-09 18:25:32.789 - records_manager - INFO -   ttft    p50=490,615ms  p75=1,059,925ms  p95=1,197,231ms  p99=1,216,165ms
2026-10-09 18:25:32.789 - records_manager - INFO -   itl     p50=    108ms  p75=      134ms  p95=      216ms  p99=      313ms
2026-10-09 18:25:32.789 - records_manager - INFO -   e2e     p50=678,576ms  p75=1,146,362ms  p95=1,345,758ms  p99=1,564,966ms
2026-10-09 18:25:32.789 - records_manager - INFO -   intvty  p50=        9  p75=         12  p95=         23  p99=         29  (1/tpot tok/s)
2026-10-09 18:25:32.789 - records_manager - INFO -   isl     p50=   49,531  p75=     96,871  p90=    142,605  p99=    240,500  (tokens)
2026-10-09 18:25:32.789 - records_manager - INFO -   osl     p50=      421  p75=      1,024  p90=      1,684  p99=      7,299  (tokens)
2026-10-09 18:25:32.790 - records_manager - INFO -   tot     in=44,755,744  out=570,046
2026-10-09 18:25:32.790 - records_manager - INFO -   trace  theoretical_prefix_cache_hit=94.2%
2026-10-09 18:25:32.790 - records_manager - INFO -   srv    prefix_cache_hit=10.7% unique_in_srv=83,839,714 ext_cache_hit=18.0% kv_usage=92.3% queue=29r/184w tput_in_srv=32,657/s tput_out_srv=459/s
2026-10-09 18:26:05.905 - records_manager - INFO - [realtime 48:18 profiling]
2026-10-09 18:26:05.906 - records_manager - INFO -   rps=0.2 (avg 0.2)  tput_in=15,586/s  tput_out=198/s  done=675 ok=675 err=0
2026-10-09 18:26:05.906 - records_manager - INFO -   ttft    p50=496,086ms  p75=1,059,878ms  p95=1,196,957ms  p99=1,216,165ms
2026-10-09 18:26:05.906 - records_manager - INFO -   itl     p50=    108ms  p75=      135ms  p95=      215ms  p99=      312ms
2026-10-09 18:26:05.906 - records_manager - INFO -   e2e     p50=695,188ms  p75=1,140,005ms  p95=1,343,170ms  p99=1,564,582ms
2026-10-09 18:26:05.906 - records_manager - INFO -   intvty  p50=        9  p75=         12  p95=         23  p99=         29  (1/tpot tok/s)
2026-10-09 18:26:05.906 - records_manager - INFO -   isl     p50=   49,431  p75=     96,773  p90=    142,814  p99=    240,765  (tokens)
2026-10-09 18:26:05.906 - records_manager - INFO -   osl     p50=      420  p75=      1,010  p90=      1,673  p99=      7,292  (tokens)
2026-10-09 18:26:05.906 - records_manager - INFO -   tot     in=45,127,792  out=572,497
2026-10-09 18:26:05.906 - records_manager - INFO -   trace  theoretical_prefix_cache_hit=94.2%
2026-10-09 18:26:05.906 - records_manager - INFO -   srv    prefix_cache_hit=10.6% unique_in_srv=84,563,090 ext_cache_hit=17.9% kv_usage=97.8% queue=28r/184w tput_in_srv=32,656/s tput_out_srv=458/s
2026-10-09 18:26:39.191 - records_manager - INFO - [realtime 48:52 profiling]
2026-10-09 18:26:39.192 - records_manager - INFO -   rps=0.1 (avg 0.2)  tput_in=15,607/s  tput_out=198/s  done=679 ok=679 err=0
2026-10-09 18:26:39.192 - records_manager - INFO -   ttft    p50=507,546ms  p75=1,059,794ms  p95=1,196,775ms  p99=1,216,165ms
2026-10-09 18:26:39.192 - records_manager - INFO -   itl     p50=    108ms  p75=      135ms  p95=      215ms  p99=      312ms
2026-10-09 18:26:39.192 - records_manager - INFO -   e2e     p50=716,651ms  p75=1,144,345ms  p95=1,341,445ms  p99=1,564,325ms
2026-10-09 18:26:39.192 - records_manager - INFO -   intvty  p50=        9  p75=         12  p95=         23  p99=         29  (1/tpot tok/s)
2026-10-09 18:26:39.192 - records_manager - INFO -   isl     p50=   49,431  p75=     97,092  p90=    142,605  p99=    240,735  (tokens)
2026-10-09 18:26:39.192 - records_manager - INFO -   osl     p50=      420  p75=      1,017  p90=      1,666  p99=      7,288  (tokens)
2026-10-09 18:26:39.192 - records_manager - INFO -   tot     in=45,376,434  out=575,343
2026-10-09 18:26:39.192 - records_manager - INFO -   trace  theoretical_prefix_cache_hit=94.2%
2026-10-09 18:26:39.192 - records_manager - INFO -   srv    prefix_cache_hit=10.5% unique_in_srv=85,033,740 ext_cache_hit=17.8% kv_usage=97.5% queue=25r/192w tput_in_srv=32,449/s tput_out_srv=458/s
2026-10-09 18:27:12.380 - records_manager - INFO - [realtime 49:25 profiling]
2026-10-09 18:27:12.380 - records_manager - INFO -   rps=0.2 (avg 0.2)  tput_in=15,663/s  tput_out=198/s  done=685 ok=685 err=0
2026-10-09 18:27:12.380 - records_manager - INFO -   ttft    p50=562,312ms  p75=1,059,723ms  p95=1,196,602ms  p99=1,216,165ms
2026-10-09 18:27:12.380 - records_manager - INFO -   itl     p50=    108ms  p75=      134ms  p95=      214ms  p99=      312ms
2026-10-09 18:27:12.380 - records_manager - INFO -   e2e     p50=742,403ms  p75=1,146,710ms  p95=1,339,156ms  p99=1,563,940ms
2026-10-09 18:27:12.380 - records_manager - INFO -   intvty  p50=        9  p75=         12  p95=         23  p99=         29  (1/tpot tok/s)
2026-10-09 18:27:12.380 - records_manager - INFO -   isl     p50=   49,431  p75=     97,313  p90=    143,228  p99=    240,689  (tokens)
2026-10-09 18:27:12.380 - records_manager - INFO -   osl     p50=      422  p75=      1,026  p90=      1,673  p99=      7,281  (tokens)
2026-10-09 18:27:12.380 - records_manager - INFO -   tot     in=45,934,204  out=581,803
2026-10-09 18:27:12.380 - records_manager - INFO -   trace  theoretical_prefix_cache_hit=94.2%
2026-10-09 18:27:12.380 - records_manager - INFO -   srv    prefix_cache_hit=10.4% unique_in_srv=86,150,040 ext_cache_hit=17.6% kv_usage=97.2% queue=24r/193w tput_in_srv=32,298/s tput_out_srv=455/s
2026-10-09 18:27:45.727 - records_manager - INFO - [realtime 49:58 profiling]
2026-10-09 18:27:45.728 - records_manager - INFO -   rps=0.2 (avg 0.2)  tput_in=15,466/s  tput_out=197/s  done=691 ok=691 err=0
2026-10-09 18:27:45.728 - records_manager - INFO -   ttft    p50=577,469ms  p75=1,059,556ms  p95=1,196,479ms  p99=1,216,165ms
2026-10-09 18:27:45.728 - records_manager - INFO -   itl     p50=    108ms  p75=      134ms  p95=      213ms  p99=      312ms
2026-10-09 18:27:45.728 - records_manager - INFO -   e2e     p50=762,430ms  p75=1,148,488ms  p95=1,337,018ms  p99=1,563,555ms
2026-10-09 18:27:45.728 - records_manager - INFO -   intvty  p50=        9  p75=         12  p95=         23  p99=         29  (1/tpot tok/s)
2026-10-09 18:27:45.728 - records_manager - INFO -   isl     p50=   49,397  p75=     97,682  p90=    143,022  p99=    240,644  (tokens)
2026-10-09 18:27:45.728 - records_manager - INFO -   osl     p50=      423  p75=      1,029  p90=      1,663  p99=      7,274  (tokens)
2026-10-09 18:27:45.728 - records_manager - INFO -   tot     in=46,202,438  out=587,094
2026-10-09 18:27:45.728 - records_manager - INFO -   trace  theoretical_prefix_cache_hit=94.3%
2026-10-09 18:27:45.728 - records_manager - INFO -   srv    prefix_cache_hit=10.3% unique_in_srv=86,720,024 ext_cache_hit=17.5% kv_usage=95.1% queue=20r/205w tput_in_srv=32,140/s tput_out_srv=457/s
2026-10-09 18:28:15.329 - EventLoopMonitor - WARNING - Event loop for worker_a975e2c6 is taking too long to run. Overhead: 44.76ms
2026-10-09 18:28:19.167 - records_manager - INFO - [realtime 50:32 profiling]
2026-10-09 18:28:19.167 - records_manager - INFO -   rps=0.1 (avg 0.2)  tput_in=15,429/s  tput_out=197/s  done=694 ok=694 err=0
2026-10-09 18:28:19.167 - records_manager - INFO -   ttft    p50=599,828ms  p75=1,059,572ms  p95=1,196,418ms  p99=1,216,165ms
2026-10-09 18:28:19.167 - records_manager - INFO -   itl     p50=    108ms  p75=      134ms  p95=      213ms  p99=      312ms
2026-10-09 18:28:19.167 - records_manager - INFO -   e2e     p50=806,158ms  p75=1,151,752ms  p95=1,343,601ms  p99=1,571,593ms
2026-10-09 18:28:19.167 - records_manager - INFO -   intvty  p50=        9  p75=         12  p95=         23  p99=         29  (1/tpot tok/s)
2026-10-09 18:28:19.167 - records_manager - INFO -   isl     p50=   49,452  p75=     98,077  p90=    143,402  p99=    241,332  (tokens)
2026-10-09 18:28:19.167 - records_manager - INFO -   osl     p50=      426  p75=      1,034  p90=      1,693  p99=      7,270  (tokens)
2026-10-09 18:28:19.167 - records_manager - INFO -   tot     in=46,723,113  out=596,200
2026-10-09 18:28:19.167 - records_manager - INFO -   trace  theoretical_prefix_cache_hit=94.3%
2026-10-09 18:28:19.167 - records_manager - INFO -   srv    prefix_cache_hit=10.3% unique_in_srv=87,199,154 ext_cache_hit=17.4% kv_usage=95.6% queue=20r/212w tput_in_srv=32,102/s tput_out_srv=454/s
2026-10-09 18:28:52.556 - records_manager - INFO - [realtime 51:05 profiling]
2026-10-09 18:28:52.557 - records_manager - INFO -   rps=0.1 (avg 0.2)  tput_in=15,439/s  tput_out=197/s  done=699 ok=699 err=0
2026-10-09 18:28:52.557 - records_manager - INFO -   ttft    p50=634,155ms  p75=1,059,364ms  p95=1,196,316ms  p99=1,216,165ms
2026-10-09 18:28:52.557 - records_manager - INFO -   itl     p50=    108ms  p75=      134ms  p95=      212ms  p99=      311ms
2026-10-09 18:28:52.557 - records_manager - INFO -   e2e     p50=840,343ms  p75=1,153,350ms  p95=1,349,854ms  p99=1,569,975ms
2026-10-09 18:28:52.557 - records_manager - INFO -   intvty  p50=        9  p75=         12  p95=         23  p99=         29  (1/tpot tok/s)
2026-10-09 18:28:52.557 - records_manager - INFO -   isl     p50=   49,472  p75=     98,068  p90=    143,445  p99=    241,328  (tokens)
2026-10-09 18:28:52.557 - records_manager - INFO -   osl     p50=      428  p75=      1,034  p90=      1,767  p99=      7,264  (tokens)
2026-10-09 18:28:52.557 - records_manager - INFO -   tot     in=47,134,358  out=602,552
2026-10-09 18:28:52.557 - records_manager - INFO -   trace  theoretical_prefix_cache_hit=94.3%
2026-10-09 18:28:52.557 - records_manager - INFO -   srv    prefix_cache_hit=10.2% unique_in_srv=88,386,758 ext_cache_hit=17.2% kv_usage=92.4% queue=21r/210w tput_in_srv=32,072/s tput_out_srv=452/s
2026-10-09 18:29:26.151 - records_manager - INFO - [realtime 51:39 profiling]
2026-10-09 18:29:26.151 - records_manager - INFO -   rps=0.2 (avg 0.2)  tput_in=15,467/s  tput_out=196/s  done=707 ok=707 err=0
2026-10-09 18:29:26.151 - records_manager - INFO -   ttft    p50=693,189ms  p75=1,058,969ms  p95=1,196,268ms  p99=1,216,129ms
2026-10-09 18:29:26.151 - records_manager - INFO -   itl     p50=    109ms  p75=      135ms  p95=      211ms  p99=      311ms
2026-10-09 18:29:26.152 - records_manager - INFO -   e2e     p50=911,966ms  p75=1,148,664ms  p95=1,346,621ms  p99=1,568,943ms
2026-10-09 18:29:26.152 - records_manager - INFO -   intvty  p50=        9  p75=         12  p95=         23  p99=         29  (1/tpot tok/s)
2026-10-09 18:29:26.152 - records_manager - INFO -   isl     p50=   49,925  p75=     98,234  p90=    146,258  p99=    241,281  (tokens)
2026-10-09 18:29:26.152 - records_manager - INFO -   osl     p50=      423  p75=      1,029  p90=      1,726  p99=      7,239  (tokens)
2026-10-09 18:29:26.152 - records_manager - INFO -   tot     in=47,808,610  out=605,322
2026-10-09 18:29:26.152 - records_manager - INFO -   trace  theoretical_prefix_cache_hit=94.3%
2026-10-09 18:29:26.152 - records_manager - INFO -   srv    prefix_cache_hit=10.1% unique_in_srv=89,678,150 ext_cache_hit=16.9% kv_usage=94.2% queue=23r/209w tput_in_srv=32,147/s tput_out_srv=449/s
2026-10-09 18:29:59.556 - records_manager - INFO - [realtime 52:12 profiling]
2026-10-09 18:29:59.556 - records_manager - INFO -   rps=0.2 (avg 0.2)  tput_in=15,442/s  tput_out=194/s  done=713 ok=713 err=0
2026-10-09 18:29:59.556 - records_manager - INFO -   ttft    p50=722,381ms  p75=1,058,365ms  p95=1,196,260ms  p99=1,216,093ms
2026-10-09 18:29:59.556 - records_manager - INFO -   itl     p50=    110ms  p75=      135ms  p95=      211ms  p99=      311ms
2026-10-09 18:29:59.556 - records_manager - INFO -   e2e     p50=952,989ms  p75=1,146,710ms  p95=1,344,033ms  p99=1,568,558ms
2026-10-09 18:29:59.556 - records_manager - INFO -   intvty  p50=        9  p75=         12  p95=         23  p99=         28  (1/tpot tok/s)
2026-10-09 18:29:59.556 - records_manager - INFO -   isl     p50=   49,925  p75=     98,086  p90=    148,961  p99=    241,235  (tokens)
2026-10-09 18:29:59.556 - records_manager - INFO -   osl     p50=      422  p75=      1,026  p90=      1,695  p99=      7,215  (tokens)
2026-10-09 18:29:59.556 - records_manager - INFO -   tot     in=48,318,727  out=607,289
2026-10-09 18:29:59.557 - records_manager - INFO -   trace  theoretical_prefix_cache_hit=94.3%
2026-10-09 18:29:59.557 - records_manager - INFO -   srv    prefix_cache_hit=10.0% unique_in_srv=90,574,986 ext_cache_hit=16.8% kv_usage=96.6% queue=24r/211w tput_in_srv=32,165/s tput_out_srv=449/s
2026-10-09 18:30:33.205 - records_manager - INFO - [realtime 52:46 profiling]
2026-10-09 18:30:33.205 - records_manager - INFO -   rps=0.1 (avg 0.2)  tput_in=15,399/s  tput_out=194/s  done=717 ok=717 err=0
2026-10-09 18:30:33.205 - records_manager - INFO -   ttft    p50=738,990ms  p75=1,058,237ms  p95=1,196,255ms  p99=1,216,070ms
2026-10-09 18:30:33.205 - records_manager - INFO -   itl     p50=    110ms  p75=      136ms  p95=      210ms  p99=      311ms
2026-10-09 18:30:33.205 - records_manager - INFO -   e2e     p50=960,710ms  p75=1,146,710ms  p95=1,350,499ms  p99=1,568,301ms
2026-10-09 18:30:33.205 - records_manager - INFO -   intvty  p50=        9  p75=         12  p95=         23  p99=         28  (1/tpot tok/s)
2026-10-09 18:30:33.205 - records_manager - INFO -   isl     p50=   50,306  p75=     98,086  p90=    146,258  p99=    241,205  (tokens)
2026-10-09 18:30:33.206 - records_manager - INFO -   osl     p50=      422  p75=      1,026  p90=      1,726  p99=      7,199  (tokens)
2026-10-09 18:30:33.206 - records_manager - INFO -   tot     in=48,624,238  out=611,503
2026-10-09 18:30:33.206 - records_manager - INFO -   trace  theoretical_prefix_cache_hit=94.3%
2026-10-09 18:30:33.206 - records_manager - INFO -   srv    prefix_cache_hit=9.9% unique_in_srv=91,452,512 ext_cache_hit=16.6% kv_usage=94.4% queue=21r/214w tput_in_srv=31,984/s tput_out_srv=447/s
2026-10-09 18:31:06.772 - records_manager - INFO - [realtime 53:19 profiling]
2026-10-09 18:31:06.772 - records_manager - INFO -   rps=0.1 (avg 0.2)  tput_in=15,385/s  tput_out=192/s  done=721 ok=721 err=0
2026-10-09 18:31:06.773 - records_manager - INFO -   ttft    p50=749,682ms  p75=1,058,232ms  p95=1,196,250ms  p99=1,216,046ms
2026-10-09 18:31:06.773 - records_manager - INFO -   itl     p50=    110ms  p75=      136ms  p95=      210ms  p99=      310ms
2026-10-09 18:31:06.773 - records_manager - INFO -   e2e     p50=977,565ms  p75=1,146,487ms  p95=1,349,209ms  p99=1,568,045ms
2026-10-09 18:31:06.773 - records_manager - INFO -   intvty  p50=        9  p75=         12  p95=         23  p99=         28  (1/tpot tok/s)
2026-10-09 18:31:06.773 - records_manager - INFO -   isl     p50=   50,636  p75=     98,086  p90=    150,313  p99=    241,389  (tokens)
2026-10-09 18:31:06.773 - records_manager - INFO -   osl     p50=      422  p75=      1,024  p90=      1,699  p99=      7,184  (tokens)
2026-10-09 18:31:06.773 - records_manager - INFO -   tot     in=49,129,083  out=613,644
2026-10-09 18:31:06.773 - records_manager - INFO -   trace  theoretical_prefix_cache_hit=94.3%
2026-10-09 18:31:06.774 - records_manager - INFO -   srv    prefix_cache_hit=9.9% unique_in_srv=92,228,298 ext_cache_hit=16.5% kv_usage=93.0% queue=21r/217w tput_in_srv=31,926/s tput_out_srv=445/s
2026-10-09 18:31:40.295 - records_manager - INFO - [realtime 53:53 profiling]
2026-10-09 18:31:40.295 - records_manager - INFO -   rps=0.1 (avg 0.2)  tput_in=15,360/s  tput_out=192/s  done=726 ok=726 err=0
2026-10-09 18:31:40.295 - records_manager - INFO -   ttft    p50=819,294ms  p75=1,058,124ms  p95=1,196,118ms  p99=1,216,016ms
2026-10-09 18:31:40.295 - records_manager - INFO -   itl     p50=    111ms  p75=      136ms  p95=      210ms  p99=      310ms
2026-10-09 18:31:40.295 - records_manager - INFO -   e2e     p50=980,000ms  p75=1,146,456ms  p95=1,354,046ms  p99=1,567,724ms
2026-10-09 18:31:40.295 - records_manager - INFO -   intvty  p50=        9  p75=         12  p95=         23  p99=         28  (1/tpot tok/s)
2026-10-09 18:31:40.295 - records_manager - INFO -   isl     p50=   50,521  p75=     98,307  p90=    146,934  p99=    241,385  (tokens)
2026-10-09 18:31:40.295 - records_manager - INFO -   osl     p50=      422  p75=      1,023  p90=      1,732  p99=      7,164  (tokens)
2026-10-09 18:31:40.295 - records_manager - INFO -   tot     in=49,469,176  out=617,722
2026-10-09 18:31:40.295 - records_manager - INFO -   trace  theoretical_prefix_cache_hit=94.3%
2026-10-09 18:31:40.295 - records_manager - INFO -   srv    prefix_cache_hit=9.8% unique_in_srv=93,163,092 ext_cache_hit=16.3% kv_usage=99.7% queue=21r/218w tput_in_srv=31,885/s tput_out_srv=444/s
2026-10-09 18:32:14.039 - records_manager - INFO - [realtime 54:27 profiling]
2026-10-09 18:32:14.039 - records_manager - INFO -   rps=0.1 (avg 0.2)  tput_in=15,263/s  tput_out=190/s  done=730 ok=730 err=0
2026-10-09 18:32:14.039 - records_manager - INFO -   ttft    p50=884,533ms  p75=1,057,994ms  p95=1,196,013ms  p99=1,215,992ms
2026-10-09 18:32:14.040 - records_manager - INFO -   itl     p50=    110ms  p75=      136ms  p95=      209ms  p99=      310ms
2026-10-09 18:32:14.040 - records_manager - INFO -   e2e     p50=982,837ms  p75=1,145,353ms  p95=1,352,756ms  p99=1,567,468ms
2026-10-09 18:32:14.040 - records_manager - INFO -   intvty  p50=        9  p75=         12  p95=         23  p99=         28  (1/tpot tok/s)
2026-10-09 18:32:14.040 - records_manager - INFO -   isl     p50=   50,521  p75=     98,389  p90=    147,114  p99=    241,382  (tokens)
2026-10-09 18:32:14.040 - records_manager - INFO -   osl     p50=      422  p75=      1,023  p90=      1,706  p99=      7,149  (tokens)
2026-10-09 18:32:14.040 - records_manager - INFO -   tot     in=49,769,722  out=620,636
2026-10-09 18:32:14.040 - records_manager - INFO -   trace  theoretical_prefix_cache_hit=94.3%
2026-10-09 18:32:14.040 - records_manager - INFO -   srv    prefix_cache_hit=9.7% unique_in_srv=93,594,576 ext_cache_hit=16.3% kv_usage=95.2% queue=19r/223w tput_in_srv=31,719/s tput_out_srv=447/s
2026-10-09 18:32:47.617 - records_manager - INFO - [realtime 55:00 profiling]
2026-10-09 18:32:47.617 - records_manager - INFO -   rps=0.1 (avg 0.2)  tput_in=15,294/s  tput_out=192/s  done=733 ok=733 err=0
2026-10-09 18:32:47.617 - records_manager - INFO -   ttft    p50=922,348ms  p75=1,057,775ms  p95=1,195,934ms  p99=1,215,974ms
2026-10-09 18:32:47.617 - records_manager - INFO -   itl     p50=    110ms  p75=      136ms  p95=      209ms  p99=      310ms
2026-10-09 18:32:47.617 - records_manager - INFO -   e2e     p50=983,547ms  p75=1,146,487ms  p95=1,357,348ms  p99=1,567,275ms
2026-10-09 18:32:47.617 - records_manager - INFO -   intvty  p50=        9  p75=         12  p95=         23  p99=         28  (1/tpot tok/s)
2026-10-09 18:32:47.617 - records_manager - INFO -   isl     p50=   50,774  p75=     98,392  p90=    149,602  p99=    241,380  (tokens)
2026-10-09 18:32:47.617 - records_manager - INFO -   osl     p50=      424  p75=      1,026  p90=      1,768  p99=      7,137  (tokens)
2026-10-09 18:32:47.617 - records_manager - INFO -   tot     in=50,153,665  out=629,658
2026-10-09 18:32:47.617 - records_manager - INFO -   trace  theoretical_prefix_cache_hit=94.3%
2026-10-09 18:32:47.617 - records_manager - INFO -   srv    prefix_cache_hit=9.7% unique_in_srv=94,352,882 ext_cache_hit=16.1% kv_usage=94.5% queue=18r/225w tput_in_srv=31,539/s tput_out_srv=444/s
2026-10-09 18:33:21.398 - records_manager - INFO - [realtime 55:34 profiling]
2026-10-09 18:33:21.398 - records_manager - INFO -   rps=0.2 (avg 0.2)  tput_in=15,272/s  tput_out=192/s  done=739 ok=739 err=0
2026-10-09 18:33:21.398 - records_manager - INFO -   ttft    p50=936,123ms  p75=1,057,126ms  p95=1,195,776ms  p99=1,215,939ms
2026-10-09 18:33:21.398 - records_manager - INFO -   itl     p50=    110ms  p75=      135ms  p95=      208ms  p99=      310ms
2026-10-09 18:33:21.398 - records_manager - INFO -   e2e     p50=990,969ms  p75=1,146,598ms  p95=1,357,895ms  p99=1,566,890ms
2026-10-09 18:33:21.398 - records_manager - INFO -   intvty  p50=        9  p75=         12  p95=         23  p99=         28  (1/tpot tok/s)
2026-10-09 18:33:21.398 - records_manager - INFO -   isl     p50=   50,957  p75=     99,820  p90=    147,470  p99=    241,375  (tokens)
2026-10-09 18:33:21.398 - records_manager - INFO -   osl     p50=      424  p75=      1,029  p90=      1,769  p99=      7,113  (tokens)
2026-10-09 18:33:21.398 - records_manager - INFO -   tot     in=50,696,001  out=636,662
2026-10-09 18:33:21.398 - records_manager - INFO -   trace  theoretical_prefix_cache_hit=94.3%
2026-10-09 18:33:21.398 - records_manager - INFO -   srv    prefix_cache_hit=9.6% unique_in_srv=95,344,384 ext_cache_hit=16.0% kv_usage=92.8% queue=17r/230w tput_in_srv=31,551/s tput_out_srv=442/s
2026-10-09 18:33:55.061 - records_manager - INFO - [realtime 56:08 profiling]
2026-10-09 18:33:55.061 - records_manager - INFO -   rps=0.1 (avg 0.2)  tput_in=15,193/s  tput_out=190/s  done=742 ok=742 err=0
2026-10-09 18:33:55.061 - records_manager - INFO -   ttft    p50=936,510ms  p75=1,057,004ms  p95=1,195,719ms  p99=1,215,921ms
2026-10-09 18:33:55.061 - records_manager - INFO -   itl     p50=    110ms  p75=      135ms  p95=      208ms  p99=      310ms
2026-10-09 18:33:55.061 - records_manager - INFO -   e2e     p50=991,755ms  p75=1,146,654ms  p95=1,357,740ms  p99=1,566,698ms
2026-10-09 18:33:55.062 - records_manager - INFO -   intvty  p50=        9  p75=         12  p95=         23  p99=         28  (1/tpot tok/s)
2026-10-09 18:33:55.062 - records_manager - INFO -   isl     p50=   51,122  p75=     99,851  p90=    149,958  p99=    241,373  (tokens)
2026-10-09 18:33:55.062 - records_manager - INFO -   osl     p50=      426  p75=      1,030  p90=      1,771  p99=      7,102  (tokens)
2026-10-09 18:33:55.062 - records_manager - INFO -   tot     in=51,036,423  out=639,418
2026-10-09 18:33:55.062 - records_manager - INFO -   trace  theoretical_prefix_cache_hit=94.3%
2026-10-09 18:33:55.062 - records_manager - INFO -   srv    prefix_cache_hit=9.6% unique_in_srv=96,094,160 ext_cache_hit=15.9% kv_usage=95.1% queue=17r/231w tput_in_srv=31,497/s tput_out_srv=441/s
2026-10-09 18:34:28.945 - records_manager - INFO - [realtime 56:42 profiling]
2026-10-09 18:34:28.945 - records_manager - INFO -   rps=0.2 (avg 0.2)  tput_in=15,179/s  tput_out=189/s  done=748 ok=748 err=0
2026-10-09 18:34:28.946 - records_manager - INFO -   ttft    p50=942,393ms  p75=1,056,826ms  p95=1,195,698ms  p99=1,215,885ms
2026-10-09 18:34:28.947 - records_manager - INFO -   itl     p50=    110ms  p75=      135ms  p95=      207ms  p99=      309ms
2026-10-09 18:34:28.947 - records_manager - INFO -   e2e     p50=993,897ms  p75=1,146,393ms  p95=1,357,526ms  p99=1,566,313ms
2026-10-09 18:34:28.947 - records_manager - INFO -   intvty  p50=        9  p75=         12  p95=         22  p99=         28  (1/tpot tok/s)
2026-10-09 18:34:28.947 - records_manager - INFO -   isl     p50=   51,292  p75=    100,606  p90=    147,825  p99=    241,368  (tokens)
2026-10-09 18:34:28.947 - records_manager - INFO -   osl     p50=      422  p75=      1,026  p90=      1,770  p99=      7,078  (tokens)
2026-10-09 18:34:28.947 - records_manager - INFO -   tot     in=51,545,737  out=640,921
2026-10-09 18:34:28.947 - records_manager - INFO -   trace  theoretical_prefix_cache_hit=94.3%
2026-10-09 18:34:28.947 - records_manager - INFO -   srv    prefix_cache_hit=9.6% unique_in_srv=97,207,252 ext_cache_hit=15.9% kv_usage=99.1% queue=25r/225w tput_in_srv=31,618/s tput_out_srv=439/s
2026-10-09 18:35:03.136 - records_manager - INFO - [realtime 57:16 profiling]
2026-10-09 18:35:03.136 - records_manager - INFO -   rps=0.3 (avg 0.2)  tput_in=15,213/s  tput_out=190/s  done=757 ok=757 err=0
2026-10-09 18:35:03.136 - records_manager - INFO -   ttft    p50=953,955ms  p75=1,056,752ms  p95=1,195,666ms  p99=1,215,832ms
2026-10-09 18:35:03.136 - records_manager - INFO -   itl     p50=    110ms  p75=      135ms  p95=      206ms  p99=      309ms
2026-10-09 18:35:03.136 - records_manager - INFO -   e2e     p50=995,855ms  p75=1,146,362ms  p95=1,358,013ms  p99=1,583,567ms
2026-10-09 18:35:03.136 - records_manager - INFO -   intvty  p50=        9  p75=         12  p95=         22  p99=         28  (1/tpot tok/s)
2026-10-09 18:35:03.136 - records_manager - INFO -   isl     p50=   51,209  p75=    100,855  p90=    148,181  p99=    241,361  (tokens)
2026-10-09 18:35:03.136 - records_manager - INFO -   osl     p50=      422  p75=      1,026  p90=      1,770  p99=      7,043  (tokens)
2026-10-09 18:35:03.136 - records_manager - INFO -   tot     in=52,198,325  out=651,057
2026-10-09 18:35:03.136 - records_manager - INFO -   trace  theoretical_prefix_cache_hit=94.3%
2026-10-09 18:35:03.136 - records_manager - INFO -   srv    prefix_cache_hit=9.6% unique_in_srv=98,213,342 ext_cache_hit=15.8% kv_usage=97.2% queue=22r/228w tput_in_srv=31,647/s tput_out_srv=439/s
2026-10-09 18:35:37.058 - records_manager - INFO - [realtime 57:50 profiling]
2026-10-09 18:35:37.058 - records_manager - INFO -   rps=0.2 (avg 0.2)  tput_in=15,232/s  tput_out=189/s  done=764 ok=764 err=0
2026-10-09 18:35:37.058 - records_manager - INFO -   ttft    p50=956,696ms  p75=1,056,224ms  p95=1,195,639ms  p99=1,215,790ms
2026-10-09 18:35:37.058 - records_manager - INFO -   itl     p50=    110ms  p75=      135ms  p95=      208ms  p99=      309ms
2026-10-09 18:35:37.058 - records_manager - INFO -   e2e     p50=999,252ms  p75=1,138,844ms  p95=1,357,669ms  p99=1,581,302ms
2026-10-09 18:35:37.058 - records_manager - INFO -   intvty  p50=        9  p75=         12  p95=         22  p99=         28  (1/tpot tok/s)
2026-10-09 18:35:37.058 - records_manager - INFO -   isl     p50=   51,122  p75=    100,907  p90=    152,265  p99=    241,355  (tokens)
2026-10-09 18:35:37.058 - records_manager - INFO -   osl     p50=      422  p75=      1,024  p90=      1,768  p99=      7,016  (tokens)
2026-10-09 18:35:37.058 - records_manager - INFO -   tot     in=52,756,107  out=652,977
2026-10-09 18:35:37.058 - records_manager - INFO -   trace  theoretical_prefix_cache_hit=94.3%
2026-10-09 18:35:37.058 - records_manager - INFO -   srv    prefix_cache_hit=9.5% unique_in_srv=99,551,704 ext_cache_hit=15.8% kv_usage=96.8% queue=23r/229w tput_in_srv=31,577/s tput_out_srv=438/s
2026-10-09 18:36:10.866 - records_manager - INFO - [realtime 58:23 profiling]
2026-10-09 18:36:10.867 - records_manager - INFO -   rps=0.2 (avg 0.2)  tput_in=15,265/s  tput_out=188/s  done=771 ok=771 err=0
2026-10-09 18:36:10.867 - records_manager - INFO -   ttft    p50=  959,823ms  p75=1,055,818ms  p95=1,195,610ms  p99=1,215,748ms
2026-10-09 18:36:10.867 - records_manager - INFO -   itl     p50=      110ms  p75=      135ms  p95=      207ms  p99=      308ms
2026-10-09 18:36:10.867 - records_manager - INFO -   e2e     p50=1,000,357ms  p75=1,137,126ms  p95=1,357,419ms  p99=1,579,036ms
2026-10-09 18:36:10.867 - records_manager - INFO -   intvty  p50=          9  p75=         12  p95=         22  p99=         28  (1/tpot tok/s)
2026-10-09 18:36:10.867 - records_manager - INFO -   isl     p50=     51,375  p75=    100,960  p90=    150,313  p99=    241,350  (tokens)
2026-10-09 18:36:10.867 - records_manager - INFO -   osl     p50=        421  p75=      1,022  p90=      1,769  p99=      6,988  (tokens)
2026-10-09 18:36:10.867 - records_manager - INFO -   tot     in=53,255,301  out=657,461
2026-10-09 18:36:10.867 - records_manager - INFO -   trace  theoretical_prefix_cache_hit=94.3%
2026-10-09 18:36:10.867 - records_manager - INFO -   srv    prefix_cache_hit=9.4% unique_in_srv=100,237,434 ext_cache_hit=15.7% kv_usage=93.5% queue=19r/238w tput_in_srv=31,492/s tput_out_srv=438/s
2026-10-09 18:36:44.935 - records_manager - INFO - [realtime 58:57 profiling]
2026-10-09 18:36:44.936 - records_manager - INFO -   rps=0.1 (avg 0.2)  tput_in=15,142/s  tput_out=187/s  done=774 ok=774 err=0
2026-10-09 18:36:44.936 - records_manager - INFO -   ttft    p50=  960,396ms  p75=1,055,687ms  p95=1,195,597ms  p99=1,215,730ms
2026-10-09 18:36:44.936 - records_manager - INFO -   itl     p50=      110ms  p75=      135ms  p95=      206ms  p99=      308ms
2026-10-09 18:36:44.936 - records_manager - INFO -   e2e     p50=1,001,232ms  p75=1,137,404ms  p95=1,357,312ms  p99=1,578,065ms
2026-10-09 18:36:44.936 - records_manager - INFO -   intvty  p50=          9  p75=         12  p95=         22  p99=         28  (1/tpot tok/s)
2026-10-09 18:36:44.936 - records_manager - INFO -   isl     p50=     51,444  p75=    101,079  p90=    149,247  p99=    241,347  (tokens)
2026-10-09 18:36:44.936 - records_manager - INFO -   osl     p50=        422  p75=      1,023  p90=      1,770  p99=      6,977  (tokens)
2026-10-09 18:36:44.936 - records_manager - INFO -   tot     in=53,501,899  out=661,077
2026-10-09 18:36:44.936 - records_manager - INFO -   trace  theoretical_prefix_cache_hit=94.3%
2026-10-09 18:36:44.936 - records_manager - INFO -   srv    prefix_cache_hit=9.4% unique_in_srv=100,802,590 ext_cache_hit=15.6% kv_usage=98.2% queue=20r/238w tput_in_srv=31,480/s tput_out_srv=435/s
2026-10-09 18:37:18.865 - records_manager - INFO - [realtime 59:31 profiling]
2026-10-09 18:37:18.865 - records_manager - INFO -   rps=0.1 (avg 0.2)  tput_in=15,153/s  tput_out=186/s  done=777 ok=777 err=0
2026-10-09 18:37:18.865 - records_manager - INFO -   ttft    p50=  961,803ms  p75=1,055,596ms  p95=1,195,584ms  p99=1,215,713ms
2026-10-09 18:37:18.865 - records_manager - INFO -   itl     p50=      110ms  p75=      135ms  p95=      206ms  p99=      308ms
2026-10-09 18:37:18.866 - records_manager - INFO -   e2e     p50=1,002,381ms  p75=1,136,571ms  p95=1,357,205ms  p99=1,577,094ms
2026-10-09 18:37:18.866 - records_manager - INFO -   intvty  p50=          9  p75=         12  p95=         22  p99=         28  (1/tpot tok/s)
2026-10-09 18:37:18.866 - records_manager - INFO -   isl     p50=     51,686  p75=    101,327  p90=    153,631  p99=    241,345  (tokens)
2026-10-09 18:37:18.866 - records_manager - INFO -   osl     p50=        421  p75=      1,020  p90=      1,770  p99=      6,965  (tokens)
2026-10-09 18:37:18.866 - records_manager - INFO -   tot     in=54,040,487  out=662,146
2026-10-09 18:37:18.866 - records_manager - INFO -   trace  theoretical_prefix_cache_hit=94.3%
2026-10-09 18:37:18.866 - records_manager - INFO -   srv    prefix_cache_hit=9.3% unique_in_srv=101,707,110 ext_cache_hit=15.5% kv_usage=92.6% queue=23r/237w tput_in_srv=31,396/s tput_out_srv=433/s
2026-10-09 18:37:46.939 - PhaseRunner - INFO - Timeout of 3599.99325057s elapsed for event 'profiling phase sending'
2026-10-09 18:37:46.946 - PhaseRunner - NOTICE - Phase profiling (profiling) sending complete | sent=1,040, completed=780, in_flight=260 | sessions: sent=102, completed=9 | timeout_triggered=True
2026-10-09 18:37:46.947 - PhaseRunner - INFO - Waiting for event 'profiling phase credits returned' with timeout of 29.99217593200001s
2026-10-09 18:37:46.948 - records_manager - INFO - Sent 1,040 requests. Waiting for all to complete...
2026-10-09 18:37:52.963 - records_manager - INFO - [realtime 1:00:06 profiling]
2026-10-09 18:37:52.963 - records_manager - INFO -   rps=0.1 (avg 0.2)  tput_in=15,139/s  tput_out=184/s  done=780 ok=780 err=0
2026-10-09 18:37:52.963 - records_manager - INFO -   ttft    p50=  964,984ms  p75=1,055,568ms  p95=1,195,571ms  p99=1,215,695ms
2026-10-09 18:37:52.963 - records_manager - INFO -   itl     p50=      111ms  p75=      135ms  p95=      206ms  p99=      308ms
2026-10-09 18:37:52.963 - records_manager - INFO -   e2e     p50=1,002,881ms  p75=1,136,480ms  p95=1,357,098ms  p99=1,576,124ms
2026-10-09 18:37:52.963 - records_manager - INFO -   intvty  p50=          9  p75=         12  p95=         22  p99=         28  (1/tpot tok/s)
2026-10-09 18:37:52.963 - records_manager - INFO -   isl     p50=     51,738  p75=    101,764  p90=    154,448  p99=    241,343  (tokens)
2026-10-09 18:37:52.963 - records_manager - INFO -   osl     p50=        420  p75=      1,012  p90=      1,769  p99=      6,953  (tokens)
2026-10-09 18:37:52.963 - records_manager - INFO -   tot     in=54,437,622  out=663,306
2026-10-09 18:37:52.963 - records_manager - INFO -   trace  theoretical_prefix_cache_hit=94.3%
2026-10-09 18:37:52.963 - records_manager - INFO -   srv    prefix_cache_hit=9.3% unique_in_srv=102,620,032 ext_cache_hit=15.4% kv_usage=96.2% queue=26r/234w tput_in_srv=31,340/s tput_out_srv=431/s
2026-10-09 18:38:08.616 - EventLoopMonitor - WARNING - Event loop for worker_56245695 is taking too long to run. Overhead: 28.86ms
2026-10-09 18:38:16.938 - PhaseRunner - INFO - Timeout of 29.99217593200001s elapsed for event 'profiling phase credits returned'
2026-10-09 18:38:16.939 - PhaseRunner - WARNING - Phase profiling timed out, cancelling all credits. Stats: sent=1040, completed=785, cancelled=0, in_flight=255
2026-10-09 18:38:16.941 - StickyCreditRouter_4a03add5 - INFO - Sent cancellation requests for 255 in-flight credits across 23 workers
2026-10-09 18:38:16.941 - PhaseRunner - INFO - Waiting for all cancelled credits to be returned for phase profiling. Need 255 more credits.
2026-10-09 18:38:26.942 - PhaseRunner - ERROR - Timeout waiting 10.0s for cancelled credits to return. Some credits may be stuck. Forcing phase completion.
2026-10-09 18:38:26.942 - PhaseRunner - WARNING - Released stuck slots for phase profiling: session=110, prefill=0
2026-10-09 18:38:26.943 - PhaseRunner - NOTICE - Phase profiling (profiling) complete | completed=785, cancelled=255, errors=0 | sessions: completed=9, cancelled=2 | elapsed=3640.00s | grace_period_timeout=True
2026-10-09 18:38:26.944 - AgenticReplayTiming - INFO - Global system-idle cap summary: limit=10s, jumps=1, skipped=175.164s
2026-10-09 18:38:26.944 - aiperf.timing.branch_orchestrator - INFO - BranchOrchestrator stats: spawned=945 completed=190 errored=0 suspended=32 resumed=11 parents_failed_due_to_child_error=0 joins_suppressed=15 delayed=344
2026-10-09 18:38:26.944 - aiperf.timing.branch_orchestrator - WARNING - BranchOrchestrator leaked state at cleanup: 6 active_joins, 2 future_joins, 425 tracked children, 27 parents with descendants
2026-10-09 18:38:26.945 - aiperf.timing.branch_orchestrator - WARNING - Abandoned pending join for parent 2ceb9396-cd44-4d1a-9d52-4e9d9ded0987 (outstanding=22, gated_turn_index=58, age_ms=3639990)
2026-10-09 18:38:26.945 - aiperf.timing.branch_orchestrator - WARNING - Abandoned pending join for parent 215694be-bb37-4e1e-b228-3eb4a034dfb1 (outstanding=12, gated_turn_index=3, age_ms=3639984)
2026-10-09 18:38:26.945 - aiperf.timing.branch_orchestrator - WARNING - Abandoned pending join for parent 3f85e600-7393-49ca-a275-e3d8e48dab9f (outstanding=46, gated_turn_index=75, age_ms=3639982)
2026-10-09 18:38:26.945 - aiperf.timing.branch_orchestrator - WARNING - Abandoned pending join for parent 5e3283b3-dc84-403c-815a-5ac0a941059f (outstanding=6, gated_turn_index=31, age_ms=3639979)
2026-10-09 18:38:26.945 - aiperf.timing.branch_orchestrator - WARNING - Abandoned pending join for parent bcce63b8-f8ab-453b-8ca9-c269ce06e3a7 (outstanding=69, gated_turn_index=9, age_ms=3639985)
2026-10-09 18:38:26.945 - aiperf.timing.branch_orchestrator - WARNING - Abandoned pending join for parent 0037f1f4-561b-48e1-9811-896d71fb761e (outstanding=0, gated_turn_index=17, age_ms=1239416)
2026-10-09 18:38:26.945 - aiperf.timing.branch_orchestrator - WARNING - Abandoned pending join for parent 215694be-bb37-4e1e-b228-3eb4a034dfb1 (outstanding=11, gated_turn_index=4, age_ms=3639984)
2026-10-09 18:38:26.945 - aiperf.timing.branch_orchestrator - WARNING - Abandoned pending join for parent 5e3283b3-dc84-403c-815a-5ac0a941059f (outstanding=20, gated_turn_index=36, age_ms=3639979)
2026-10-09 18:38:26.946 - PhaseRunner - INFO - Session-tree slots for phase profiling: peak_open=128 (target concurrency 128); released 110 still-open at teardown; late_events=0
2026-10-09 18:38:26.946 - PhaseOrchestrator_7432403b - NOTICE - All credits completed
2026-10-09 18:38:26.950 - system_controller - INFO - Received credits complete from 'timing_manager'
2026-10-09 18:38:26.986 - records_manager - INFO - Received CREDIT_PHASE_COMPLETE message, Phase complete: PhaseRecordsStats(phase=CreditPhase.PROFILING, phase_index=0, profiling_index=0, phase_name='profiling', phase_kind='profiling', start_ns=1791567466939153003, sent_end_ns=1791571066940575791, requests_end_ns=1791571106943029851, baseline_start_ns=1791567466939080483, baseline_end_ns=1791571106943063071, total_expected_requests=None, expected_duration_sec=None, expected_num_sessions=None, expected_grace_period_sec=None, final_requests_sent=None, final_requests_completed=785, final_requests_cancelled=255, final_request_errors=0, final_sent_sessions=None, final_completed_sessions=None, final_cancelled_sessions=None, timeout_triggered=True, grace_period_timeout_triggered=True, was_cancelled=False, records_end_ns=None, success_records=785, error_records=0)
2026-10-09 18:38:26.986 - records_manager - NOTICE - All requests have completed, please wait for the results to be processed (currently 785 of 785 records processed)...
2026-10-09 18:38:26.986 - records_manager - INFO - Processed 785 valid requests and 0 errors (785 total).
2026-10-09 18:38:26.986 - records_manager - INFO - Received all records, processing now...
2026-10-09 18:38:26.987 - records_manager - INFO - All credits complete, please wait for the results to be processed...
2026-10-09 18:38:26.989 - records_manager - INFO - [realtime 1:00:40 profiling]
2026-10-09 18:38:26.989 - records_manager - INFO -   rps=0.1 (avg 0.2)  tput_in=15,170/s  tput_out=186/s  done=785 ok=785 err=0
2026-10-09 18:38:26.989 - records_manager - INFO -   ttft    p50=  965,796ms  p75=1,055,559ms  p95=1,195,493ms  p99=1,215,665ms
2026-10-09 18:38:26.989 - records_manager - INFO -   itl     p50=      111ms  p75=      136ms  p95=      207ms  p99=      308ms
2026-10-09 18:38:26.989 - records_manager - INFO -   e2e     p50=1,003,292ms  p75=1,136,571ms  p95=1,357,633ms  p99=1,604,390ms
2026-10-09 18:38:26.989 - records_manager - INFO -   intvty  p50=          9  p75=         12  p95=         22  p99=         28  (1/tpot tok/s)
2026-10-09 18:38:26.989 - records_manager - INFO -   isl     p50=     52,188  p75=    101,987  p90=    154,559  p99=    241,691  (tokens)
2026-10-09 18:38:26.989 - records_manager - INFO -   osl     p50=        420  p75=      1,020  p90=      1,780  p99=      7,281  (tokens)
2026-10-09 18:38:26.989 - records_manager - INFO -   tot     in=54,945,529  out=674,828
2026-10-09 18:38:26.989 - records_manager - INFO -   trace  theoretical_prefix_cache_hit=94.3%
2026-10-09 18:38:26.989 - records_manager - INFO -   srv    prefix_cache_hit=9.6% unique_in_srv=103,500,602 ext_cache_hit=15.3% kv_usage=0.0% queue=0r/0w tput_in_srv=31,472/s tput_out_srv=432/s
2026-10-09 18:38:27.037 - server_metrics_manager - INFO - Server Metrics: Profiling complete, capturing final metrics...
2026-10-09 18:38:27.040 - records_manager - INFO - Waiting 1.9s for server metrics flush period...
2026-10-09 18:38:28.944 - records_manager - INFO - Processing records results...
2026-10-09 18:38:38.701 - records_manager - INFO - Profiling metric coverage passed for 'profiling': TTFT=99.8%, inter-token latency=100.0% (required=95.0%).
2026-10-09 18:38:39.637 - system_controller - INFO - Waiting for result domains: server_metrics
2026-10-09 18:40:33.658 - ServerMetricsParquetExporter - INFO - Parquet export complete: /data/results/offload-baseline-60m/c128/aiperf_artifacts/server_metrics_export.parquet, 3,282,378 rows.
2026-10-09 18:40:33.673 - ServerMetricsAccumulator_728879be - INFO - Exported server metrics to Parquet: /data/results/offload-baseline-60m/c128/aiperf_artifacts/server_metrics_export.parquet
2026-10-09 18:40:43.732 - records_manager - INFO - _finalize_and_process_results completed
2026-10-09 18:40:47.732 - records_manager - INFO - [realtime 1:00:40 profiling]
2026-10-09 18:40:47.732 - records_manager - INFO -   rps=0.0 (avg 0.2)  tput_in=15,170/s  tput_out=186/s  done=785 ok=785 err=0
2026-10-09 18:40:47.732 - records_manager - INFO -   ttft    p50=  965,796ms  p75=1,055,559ms  p95=1,195,493ms  p99=1,215,665ms
2026-10-09 18:40:47.732 - records_manager - INFO -   itl     p50=      111ms  p75=      136ms  p95=      207ms  p99=      308ms
2026-10-09 18:40:47.733 - records_manager - INFO -   e2e     p50=1,003,292ms  p75=1,136,571ms  p95=1,357,633ms  p99=1,604,390ms
2026-10-09 18:40:47.733 - records_manager - INFO -   intvty  p50=          9  p75=         12  p95=         22  p99=         28  (1/tpot tok/s)
2026-10-09 18:40:47.733 - records_manager - INFO -   isl     p50=     52,188  p75=    101,987  p90=    154,559  p99=    241,691  (tokens)
2026-10-09 18:40:47.733 - records_manager - INFO -   osl     p50=        420  p75=      1,020  p90=      1,780  p99=      7,281  (tokens)
2026-10-09 18:40:47.733 - records_manager - INFO -   tot     in=54,945,529  out=674,828
2026-10-09 18:40:47.733 - records_manager - INFO -   trace  theoretical_prefix_cache_hit=94.3%
2026-10-09 18:40:47.733 - records_manager - INFO -   srv    prefix_cache_hit=9.6% unique_in_srv=103,500,602 ext_cache_hit=15.3% kv_usage=0.0% queue=0r/0w tput_in_srv=31,432/s tput_out_srv=431/s
2026-10-09 18:41:13.971 - system_controller - INFO - All results received, initiating shutdown
2026-10-09 18:41:16.669 - ExporterManager - INFO - Exporting all records
2026-10-09 18:41:59.612 - ExporterManager - INFO - Exporting console data
