ts,kv_cache_usage_perc,num_requests_running,num_requests_waiting,num_preemptions_total,cum_prefix_cache_queries,cum_prefix_cache_hits,interval_queries,interval_hits,interval_hit_rate
1789723187.9,0.0,0.0,0.0,164.0,2444159312,819303760,0,0,
1789723190.0,0.0,0.0,0.0,164.0,2444159312,819303760,0,0,
1789723192.0,0.0,0.0,0.0,164.0,2444159312,819303760,0,0,
1789723194.1,0.0,0.0,0.0,164.0,2444159312,819303760,0,0,
1789723196.1,0.0,0.0,0.0,164.0,2444159312,819303760,0,0,
1789723198.1,0.0,0.0,0.0,164.0,2444159312,819303760,0,0,
1789723200.2,0.0,0.0,0.0,164.0,2444159312,819303760,0,0,
1789723202.3,0.0,0.0,0.0,164.0,2444159312,819303760,0,0,
1789723204.3,0.0,0.0,0.0,164.0,2444159312,819303760,0,0,
1789723206.4,0.0,0.0,0.0,164.0,2444159312,819303760,0,0,
1789723208.4,0.0,0.0,0.0,164.0,2444159312,819303760,0,0,
1789723210.4,0.0,0.0,0.0,164.0,2444159312,819303760,0,0,
1789723212.5,0.0,0.0,0.0,164.0,2444159312,819303760,0,0,
1789723214.5,0.0,0.0,0.0,164.0,2444159312,819303760,0,0,
1789723216.6,0.0,0.0,0.0,164.0,2444159312,819303760,0,0,
1789723218.6,0.0,0.0,0.0,164.0,2444159312,819303760,0,0,
1789723220.7,0.0,0.0,0.0,164.0,2444159312,819303760,0,0,
1789723222.7,0.0,0.0,0.0,164.0,2444159312,819303760,0,0,
1789723224.8,0.0,0.0,0.0,164.0,2444159312,819303760,0,0,
1789723226.8,0.0,0.0,0.0,164.0,2444159312,819303760,0,0,
1789723228.8,0.0,0.0,0.0,164.0,2444159312,819303760,0,0,
1789723230.9,0.0,0.0,0.0,164.0,2444159312,819303760,0,0,
1789723232.9,0.0,0.0,0.0,164.0,2444159312,819303760,0,0,
1789723235.0,0.0,0.0,0.0,164.0,2444159312,819303760,0,0,
1789723237.0,0.0,0.0,0.0,164.0,2444159312,819303760,0,0,
1789723239.1,0.0,0.0,0.0,164.0,2444159312,819303760,0,0,
1789723241.1,0.0,0.0,0.0,164.0,2444159312,819303760,0,0,
1789723243.2,0.0,0.0,0.0,164.0,2444159312,819303760,0,0,
1789723245.2,0.0,0.0,0.0,164.0,2444159312,819303760,0,0,
1789723247.2,0.0,0.0,0.0,164.0,2444159312,819303760,0,0,
1789723249.3,0.0,0.0,0.0,164.0,2444159312,819303760,0,0,
1789723251.3,0.0,0.0,0.0,164.0,2444159312,819303760,0,0,
1789723253.4,0.0,0.0,0.0,164.0,2444159312,819303760,0,0,
1789723255.4,0.0023,4.0,1.0,164.0,2444222286,819303760,62974,0,0.0
1789723257.5,0.0433,18.0,41.0,164.0,2444608223,819303760,385937,0,0.0
1789723259.6,0.0815,43.0,63.0,164.0,2445085462,819303760,477239,0,0.0
1789723261.7,0.1138,39.0,129.0,164.0,2445298794,819303760,213332,0,0.0
1789723263.7,0.1509,72.0,156.0,164.0,2445603099,819303760,304305,0,0.0
1789723265.8,0.1867,98.0,175.0,164.0,2445981030,819303760,377931,0,0.0
1789723267.9,0.2173,84.0,206.0,164.0,2446200813,819303760,219783,0,0.0
1789723270.0,0.249,79.0,231.0,164.0,2446516104,819303760,315291,0,0.0
1789723272.1,0.2824,120.0,214.0,164.0,2446835791,819303760,319687,0,0.0
1789723274.2,0.315,128.0,208.0,164.0,2447121064,819303760,285273,0,0.0
1789723276.2,0.3434,118.0,209.0,164.0,2447411973,819304144,290909,384,0.0013
1789723278.3,0.3743,105.0,224.0,164.0,2447749852,819304160,337879,16,0.0
1789723280.4,0.4028,98.0,236.0,164.0,2448000033,819304192,250181,32,0.0001
1789723282.5,0.4298,98.0,238.0,164.0,2448206348,819304208,206315,16,0.0001
1789723284.6,0.4606,104.0,236.0,164.0,2448502166,819304208,295818,0,0.0
1789723286.7,0.495,118.0,220.0,164.0,2448915899,819304208,413733,0,0.0
1789723288.7,0.5231,120.0,219.0,164.0,2449250780,819304208,334881,0,0.0
1789723290.8,0.5484,117.0,224.0,164.0,2449417517,819304208,166737,0,0.0
1789723292.9,0.5659,110.0,229.0,164.0,2449554438,819304224,136921,16,0.0001
1789723295.0,0.5823,110.0,232.0,164.0,2449619838,819304224,65400,0,0.0
1789723297.0,0.6088,118.0,225.0,164.0,2449872337,819304240,252499,16,0.0001
1789723299.1,0.6324,129.0,213.0,164.0,2450135447,819304272,263110,32,0.0001
1789723301.2,0.6554,137.0,204.0,164.0,2450464705,819304288,329258,16,0.0
1789723303.3,0.6853,137.0,203.0,164.0,2450764229,819304304,299524,16,0.0001
1789723305.4,0.6987,136.0,203.0,164.0,2451116505,819304336,352276,32,0.0001
1789723307.4,0.714,147.0,192.0,164.0,2451278081,819304336,161576,0,0.0
1789723309.5,0.7329,150.0,188.0,164.0,2451487396,819304336,209315,0,0.0
1789723311.6,0.7473,149.0,188.0,164.0,2451733148,819304336,245752,0,0.0
1789723313.7,0.7667,150.0,189.0,164.0,2451994886,819304336,261738,0,0.0
1789723315.7,0.7835,153.0,188.0,164.0,2452173582,819304336,178696,0,0.0
1789723317.8,0.795,158.0,182.0,164.0,2452374559,819305200,200977,864,0.0043
1789723319.9,0.8288,168.0,173.0,164.0,2452701306,819305600,326747,400,0.0012
1789723322.0,0.8614,169.0,172.0,164.0,2452969471,819305632,268165,32,0.0001
1789723324.1,0.87,171.0,169.0,164.0,2453253854,819305648,284383,16,0.0001
1789723326.1,0.8926,174.0,166.0,164.0,2453519440,819305680,265586,32,0.0001
1789723328.2,0.9154,179.0,161.0,164.0,2453650266,819305680,130826,0,0.0
1789723330.3,0.9269,180.0,158.0,164.0,2453920791,819305696,270525,16,0.0001
1789723332.3,0.941,183.0,159.0,164.0,2454137357,819305696,216566,0,0.0
1789723334.4,0.9416,180.0,159.0,164.0,2454373015,819305712,235658,16,0.0001
1789723336.5,0.9495,184.0,157.0,164.0,2454658187,819305744,285172,32,0.0001
1789723338.6,0.9719,186.0,156.0,164.0,2454853901,819305744,195714,0,0.0
1789723340.6,0.9613,183.0,153.0,164.0,2455170436,819305744,316535,0,0.0
1789723342.7,0.9513,182.0,157.0,164.0,2455311815,819305760,141379,16,0.0001
1789723344.8,0.9595,184.0,155.0,164.0,2455605968,819305792,294153,32,0.0001
1789723346.8,0.9543,183.0,153.0,164.0,2455870788,819305792,264820,0,0.0
1789723348.9,0.9723,186.0,151.0,164.0,2455983214,819305808,112426,16,0.0001
1789723351.0,0.9635,184.0,152.0,164.0,2456254664,819305840,271450,32,0.0001
1789723353.1,0.9701,186.0,154.0,164.0,2456499360,819305840,244696,0,0.0
1789723355.1,0.9714,185.0,154.0,164.0,2456703182,819305872,203822,32,0.0002
1789723357.2,0.9652,185.0,151.0,164.0,2456942282,819305888,239100,16,0.0001
1789723359.3,0.9615,182.0,156.0,164.0,2457282971,819305904,340689,16,0.0
1789723361.3,0.9651,183.0,156.0,164.0,2457529402,819305920,246431,16,0.0001
1789723363.4,0.9834,184.0,158.0,164.0,2457562964,819305920,33562,0,0.0
1789723365.5,0.9741,182.0,158.0,164.0,2457671031,819305920,108067,0,0.0
1789723367.6,0.9789,183.0,157.0,164.0,2457907507,819305952,236476,32,0.0001
1789723369.7,0.9827,181.0,161.0,164.0,2458104825,819306000,197318,48,0.0002
1789723371.8,0.9749,181.0,157.0,164.0,2458359269,819306000,254444,0,0.0
1789723373.8,0.9645,177.0,159.0,164.0,2458501472,819306000,142203,0,0.0
1789723375.9,0.9695,179.0,160.0,164.0,2458799971,819306032,298499,32,0.0001
1789723378.0,0.9602,176.0,160.0,164.0,2459059701,819306048,259730,16,0.0001
1789723380.1,0.9702,175.0,163.0,164.0,2459145227,819306048,85526,0,0.0
1789723382.1,0.9558,174.0,163.0,164.0,2459464065,819306080,318838,32,0.0001
1789723384.2,0.9492,173.0,164.0,164.0,2459662356,819306096,198291,16,0.0001
1789723386.3,0.9382,169.0,165.0,164.0,2459854790,819306096,192434,0,0.0
1789723388.3,0.9515,171.0,167.0,164.0,2460077973,819306096,223183,0,0.0
1789723390.4,0.9579,176.0,162.0,164.0,2460389928,819306096,311955,0,0.0
1789723392.5,0.9701,176.0,165.0,164.0,2460531143,819306112,141215,16,0.0001
1789723394.6,0.9702,177.0,161.0,164.0,2460864924,819306128,333781,16,0.0
1789723396.7,0.9759,175.0,162.0,164.0,2460977710,819306128,112786,0,0.0
1789723398.8,0.9535,170.0,167.0,164.0,2461225233,819306144,247523,16,0.0001
1789723400.8,0.9558,172.0,164.0,164.0,2461404319,819306160,179086,16,0.0001
1789723402.9,0.9485,171.0,164.0,164.0,2461769088,819306176,364769,16,0.0
1789723405.0,0.9575,171.0,168.0,164.0,2461900725,819306176,131637,0,0.0
1789723407.1,0.9553,171.0,170.0,164.0,2462101535,819306176,200810,0,0.0
1789723409.2,0.9737,175.0,167.0,164.0,2462344767,819306208,243232,32,0.0001
1789723411.3,0.9753,176.0,165.0,164.0,2462456121,819306208,111354,0,0.0
1789723413.3,0.9816,176.0,164.0,164.0,2462660540,819306208,204419,0,0.0
1789723415.4,0.9761,175.0,162.0,164.0,2462858581,819306224,198041,16,0.0001
1789723417.5,0.9679,177.0,161.0,164.0,2463188874,819306240,330293,16,0.0
1789723419.5,0.9707,176.0,161.0,164.0,2463353160,819306256,164286,16,0.0001
1789723421.6,0.9742,173.0,162.0,164.0,2463528612,819306288,175452,32,0.0002
1789723423.7,0.9923,177.0,164.0,164.0,2463715679,819306304,187067,16,0.0001
1789723425.8,0.9796,176.0,162.0,164.0,2464007258,819306320,291579,16,0.0001
1789723427.8,0.9755,174.0,163.0,164.0,2464120889,819306320,113631,0,0.0
1789723429.9,0.9639,176.0,162.0,164.0,2464371674,819306320,250785,0,0.0
1789723432.0,0.947,175.0,160.0,164.0,2464665349,819306336,293675,16,0.0001
1789723434.1,0.9568,176.0,162.0,164.0,2464885091,819306352,219742,16,0.0001
1789723436.2,0.9668,177.0,161.0,164.0,2465138378,819306368,253287,16,0.0001
1789723438.2,0.9662,181.0,157.0,164.0,2465400324,819306384,261946,16,0.0001
1789723440.3,0.981,185.0,153.0,164.0,2465651075,819306384,250751,0,0.0
1789723442.4,0.961,185.0,153.0,164.0,2465938166,819306400,287091,16,0.0001
1789723444.5,0.9588,185.0,153.0,164.0,2466149767,819306400,211601,0,0.0
1789723446.5,0.9501,183.0,153.0,164.0,2466351705,819306416,201938,16,0.0001
1789723448.6,0.957,185.0,153.0,164.0,2466749695,819306416,397990,0,0.0
1789723450.7,0.963,185.0,153.0,164.0,2466846191,819306416,96496,0,0.0
1789723452.7,0.9541,182.0,155.0,164.0,2467014117,819306432,167926,16,0.0001
1789723454.8,0.9537,181.0,158.0,164.0,2467138114,819306432,123997,0,0.0
1789723456.9,0.906,176.0,159.0,164.0,2467384948,819306432,246834,0,0.0
1789723459.0,0.9183,177.0,164.0,164.0,2467564470,819306448,179522,16,0.0001
1789723461.0,0.9313,180.0,160.0,164.0,2467811148,819306448,246678,0,0.0
1789723463.1,0.9348,180.0,157.0,164.0,2468059697,819306480,248549,32,0.0001
1789723465.2,0.942,181.0,156.0,164.0,2468243871,819306496,184174,16,0.0001
1789723467.3,0.9404,178.0,161.0,164.0,2468500918,819306512,257047,16,0.0001
1789723469.3,0.9399,178.0,160.0,164.0,2468721290,819306528,220372,16,0.0001
1789723471.4,0.9265,183.0,153.0,164.0,2469007928,819306528,286638,0,0.0
1789723473.5,0.928,184.0,154.0,164.0,2469232381,819306544,224453,16,0.0001
1789723475.5,0.9333,183.0,154.0,164.0,2469480921,819306544,248540,0,0.0
1789723477.6,0.9476,187.0,154.0,164.0,2469711905,819306576,230984,32,0.0001
1789723479.7,0.943,189.0,150.0,164.0,2470030155,819306576,318250,0,0.0
1789723481.8,0.9542,191.0,150.0,164.0,2470243008,819306592,212853,16,0.0001
1789723483.8,0.9568,196.0,142.0,164.0,2470581840,819306624,338832,32,0.0001
1789723485.9,0.951,192.0,145.0,164.0,2470785619,819306640,203779,16,0.0001
1789723488.0,0.9534,190.0,147.0,164.0,2471001210,819306656,215591,16,0.0001
1789723490.1,0.9619,189.0,151.0,164.0,2471205548,819306672,204338,16,0.0001
1789723492.2,0.9771,193.0,148.0,164.0,2471459519,819306688,253971,16,0.0001
1789723494.2,0.9739,191.0,148.0,164.0,2471718580,819306704,259061,16,0.0001
1789723496.3,0.9828,192.0,149.0,164.0,2471884155,819306704,165575,0,0.0
1789723498.4,0.9672,190.0,149.0,164.0,2472123841,819306720,239686,16,0.0001
1789723500.5,0.9674,189.0,152.0,164.0,2472349871,819306736,226030,16,0.0001
1789723502.5,0.962,187.0,152.0,164.0,2472583161,819306736,233290,0,0.0
1789723504.6,0.9779,188.0,151.0,164.0,2472725827,819306736,142666,0,0.0
1789723506.7,0.974,187.0,154.0,164.0,2472873026,819306736,147199,0,0.0
1789723508.8,0.9637,185.0,153.0,164.0,2473142604,819306752,269578,16,0.0001
1789723510.8,0.9651,187.0,152.0,164.0,2473401958,819306768,259354,16,0.0001
1789723512.9,0.9645,189.0,150.0,164.0,2473606609,819306768,204651,0,0.0
1789723515.0,0.9479,189.0,151.0,164.0,2473817610,819306784,211001,16,0.0001
1789723517.1,0.9352,188.0,148.0,164.0,2474083192,819306784,265582,0,0.0
1789723519.1,0.9466,189.0,150.0,164.0,2474346223,819306800,263031,16,0.0001
1789723521.2,0.9434,191.0,147.0,164.0,2474706212,819306800,359989,0,0.0
1789723523.3,0.9501,192.0,149.0,164.0,2474837408,819306800,131196,0,0.0
1789723525.3,0.9601,195.0,146.0,164.0,2475075186,819306800,237778,0,0.0
1789723527.4,0.965,195.0,147.0,164.0,2475258413,819306800,183227,0,0.0
1789723529.5,0.9599,193.0,148.0,164.0,2475450165,819306816,191752,16,0.0001
1789723531.6,0.9493,189.0,153.0,164.0,2475684291,819306816,234126,0,0.0
1789723533.6,0.9685,191.0,153.0,164.0,2475874768,819306816,190477,0,0.0
1789723535.7,0.9552,187.0,157.0,164.0,2476009142,819306816,134374,0,0.0
1789723537.8,0.9397,184.0,154.0,164.0,2476369062,819306816,359920,0,0.0
1789723539.9,0.9513,184.0,157.0,164.0,2476450144,819306816,81082,0,0.0
1789723542.0,0.9414,182.0,161.0,164.0,2476631467,819306848,181323,32,0.0002
1789723544.1,0.9453,184.0,159.0,164.0,2476877360,819306848,245893,0,0.0
1789723546.1,0.9533,183.0,162.0,164.0,2476991990,819306848,114630,0,0.0
1789723548.2,0.953,181.0,162.0,164.0,2477108510,819306848,116520,0,0.0
1789723550.3,0.9576,180.0,164.0,164.0,2477345319,819306848,236809,0,0.0
1789723552.4,0.9622,181.0,165.0,164.0,2477466675,819306848,121356,0,0.0
1789723554.4,0.9649,180.0,165.0,164.0,2477582826,819306864,116151,16,0.0001
1789723556.5,0.9347,175.0,166.0,164.0,2477837356,819306864,254530,0,0.0
1789723558.6,0.9457,177.0,166.0,164.0,2478036801,819306864,199445,0,0.0
1789723560.6,0.9471,176.0,165.0,164.0,2478241650,819306896,204849,32,0.0002
1789723562.7,0.9403,175.0,166.0,164.0,2478504883,819306928,263233,32,0.0001
1789723564.8,0.9547,177.0,165.0,164.0,2478646352,819306944,141469,16,0.0001
1789723566.9,0.9572,178.0,164.0,164.0,2478954044,819306976,307692,32,0.0001
1789723568.9,0.9598,178.0,161.0,164.0,2479140098,819306992,186054,16,0.0001
1789723571.0,0.9694,179.0,162.0,164.0,2479455568,819306992,315470,0,0.0
1789723573.1,0.9651,178.0,164.0,164.0,2479659960,819307008,204392,16,0.0001
1789723575.2,0.9813,178.0,164.0,164.0,2479782357,819307008,122397,0,0.0
1789723577.2,0.9733,176.0,163.0,164.0,2480050947,819307008,268590,0,0.0
1789723579.3,0.9659,174.0,166.0,164.0,2480217836,819307008,166889,0,0.0
1789723581.4,0.9619,175.0,167.0,164.0,2480507269,819307008,289433,0,0.0
1789723583.5,0.9661,178.0,162.0,164.0,2480712193,819307024,204924,16,0.0001
1789723585.6,0.9618,177.0,164.0,164.0,2480946190,819307056,233997,32,0.0001
1789723587.6,0.968,177.0,164.0,164.0,2481179687,819307056,233497,0,0.0
1789723589.7,0.9726,176.0,166.0,164.0,2481313272,819307072,133585,16,0.0001
1789723591.8,0.9745,176.0,165.0,164.0,2481465749,819307088,152477,16,0.0001
1789723593.9,0.9755,177.0,164.0,165.0,2481759489,819307088,293740,0,0.0
1789723595.9,0.9895,178.0,165.0,165.0,2481840009,819307088,80520,0,0.0
1789723598.0,0.9719,175.0,167.0,165.0,2482040018,819307088,200009,0,0.0
1789723600.1,0.9703,174.0,169.0,165.0,2482271126,819307104,231108,16,0.0001
1789723602.2,0.9826,176.0,165.0,166.0,2482438233,819307120,167107,16,0.0001
1789723604.2,0.9668,174.0,163.0,166.0,2482774009,819307136,335776,16,0.0
1789723606.3,0.9685,173.0,164.0,166.0,2482991774,819307152,217765,16,0.0001
1789723608.4,0.9614,172.0,162.0,167.0,2483106438,819307152,114664,0,0.0
1789723610.4,0.9698,174.0,166.0,167.0,2483305058,819307152,198620,0,0.0
1789723612.5,0.9447,170.0,167.0,167.0,2483556615,819307168,251557,16,0.0001
1789723614.6,0.9497,170.0,172.0,167.0,2483704017,819307168,147402,0,0.0
1789723616.7,0.9528,174.0,169.0,167.0,2483973289,819307168,269272,0,0.0
1789723618.7,0.9625,177.0,165.0,167.0,2484240278,819307168,266989,0,0.0
1789723620.8,0.9766,180.0,164.0,167.0,2484415571,819307168,175293,0,0.0
1789723622.9,0.9667,179.0,161.0,167.0,2484676645,819307184,261074,16,0.0001
1789723625.0,0.9626,180.0,159.0,167.0,2484937093,819307200,260448,16,0.0001
1789723627.0,0.9817,184.0,157.0,167.0,2485129744,819307200,192651,0,0.0
1789723629.1,0.9855,185.0,156.0,167.0,2485336516,819307200,206772,0,0.0
1789723631.2,0.9515,178.0,160.0,167.0,2485522496,819307200,185980,0,0.0
1789723633.3,0.9465,177.0,160.0,168.0,2485815750,819307200,293254,0,0.0
1789723635.3,0.9647,179.0,161.0,168.0,2485973086,819307200,157336,0,0.0
1789723637.4,0.9628,180.0,159.0,168.0,2486297289,819307216,324203,16,0.0
1789723639.5,0.9641,179.0,163.0,168.0,2486419551,819307216,122262,0,0.0
1789723641.6,0.9746,181.0,163.0,168.0,2486631015,819307216,211464,0,0.0
1789723643.6,0.9751,182.0,160.0,168.0,2486825902,819307232,194887,16,0.0001
1789723645.7,0.9769,183.0,159.0,168.0,2487011012,819307232,185110,0,0.0
1789723647.8,0.9831,183.0,161.0,168.0,2487181484,819307248,170472,16,0.0001
1789723649.8,0.9673,181.0,159.0,168.0,2487434778,819307248,253294,0,0.0
1789723651.9,0.985,182.0,161.0,168.0,2487573760,819307248,138982,0,0.0
1789723654.0,0.957,178.0,160.0,168.0,2487806229,819307248,232469,0,0.0
1789723656.1,0.9604,177.0,162.0,168.0,2488041125,819307248,234896,0,0.0
1789723658.1,0.9592,176.0,164.0,168.0,2488308465,819307248,267340,0,0.0
1789723660.2,0.9561,173.0,166.0,168.0,2488466409,819307248,157944,0,0.0
1789723662.3,0.9802,176.0,165.0,168.0,2488657125,819307248,190716,0,0.0
1789723664.3,0.98,177.0,162.0,168.0,2488915885,819307280,258760,32,0.0001
1789723666.4,0.9635,175.0,164.0,168.0,2489141304,819307296,225419,16,0.0001
1789723668.5,0.9618,174.0,167.0,168.0,2489373037,819307296,231733,0,0.0
1789723670.6,0.9695,174.0,166.0,168.0,2489525922,819307296,152885,0,0.0
1789723672.6,0.9641,173.0,166.0,168.0,2489707395,819307296,181473,0,0.0
1789723674.7,0.9515,171.0,171.0,169.0,2489833574,819307296,126179,0,0.0
1789723676.8,0.9571,173.0,169.0,169.0,2490050859,819307296,217285,0,0.0
1789723678.9,0.9451,171.0,166.0,169.0,2490270759,819307328,219900,32,0.0001
1789723680.9,0.9539,170.0,172.0,169.0,2490446467,819307344,175708,16,0.0001
1789723683.0,0.9601,170.0,171.0,169.0,2490630062,819307360,183595,16,0.0001
1789723685.1,0.9598,169.0,169.0,169.0,2490866735,819307376,236673,16,0.0001
1789723687.2,0.9731,169.0,173.0,169.0,2491083593,819307392,216858,16,0.0001
1789723689.2,0.989,171.0,171.0,170.0,2491225540,819307408,141947,16,0.0001
1789723691.3,0.9756,169.0,172.0,170.0,2491447543,819307408,222003,0,0.0
1789723693.4,0.981,169.0,168.0,170.0,2491632221,819307408,184678,0,0.0
1789723695.5,0.9858,168.0,175.0,170.0,2491715065,819307424,82844,16,0.0002
1789723697.5,0.9512,163.0,172.0,170.0,2492066202,819307424,351137,0,0.0
1789723699.6,0.9404,159.0,180.0,170.0,2492130786,819307424,64584,0,0.0
1789723701.7,0.9386,159.0,182.0,170.0,2492458511,819307424,327725,0,0.0
1789723703.8,0.9558,161.0,181.0,170.0,2492723746,819307440,265235,16,0.0001
1789723705.8,0.9737,163.0,181.0,170.0,2492862911,819307456,139165,16,0.0001
1789723707.9,0.968,160.0,180.0,170.0,2492947093,819307456,84182,0,0.0
1789723710.0,0.974,159.0,182.0,170.0,2493009111,819307456,62018,0,0.0
1789723712.0,0.9745,159.0,182.0,170.0,2493126839,819307488,117728,32,0.0003
1789723714.1,0.9292,154.0,182.0,170.0,2493293267,819307504,166428,16,0.0001
1789723716.2,0.9446,155.0,184.0,170.0,2493529872,819307504,236605,0,0.0
1789723718.2,0.9436,157.0,182.0,170.0,2493825253,819307520,295381,16,0.0001
1789723720.3,0.9461,158.0,182.0,170.0,2494020548,819307536,195295,16,0.0001
1789723722.4,0.9275,157.0,182.0,170.0,2494221586,819307536,201038,0,0.0
1789723724.5,0.9401,160.0,180.0,170.0,2494453706,819307536,232120,0,0.0
1789723726.6,0.9374,158.0,181.0,171.0,2494601312,819307552,147606,16,0.0001
1789723728.6,0.9357,159.0,181.0,171.0,2494946433,819307552,345121,0,0.0
1789723730.7,0.9548,160.0,182.0,171.0,2495040848,819307552,94415,0,0.0
1789723732.8,0.9632,161.0,180.0,171.0,2495163835,819307552,122987,0,0.0
1789723734.9,0.9554,161.0,178.0,171.0,2495449207,819307552,285372,0,0.0
1789723737.0,0.9827,166.0,175.0,171.0,2495629156,819307552,179949,0,0.0
1789723739.0,0.9741,167.0,171.0,171.0,2495904945,819307552,275789,0,0.0
1789723741.1,0.9546,165.0,170.0,171.0,2496257813,819307568,352868,16,0.0
1789723743.2,0.9595,162.0,174.0,171.0,2496354553,819307584,96740,16,0.0002
1789723745.3,0.9579,162.0,176.0,171.0,2496451756,819307584,97203,0,0.0
1789723747.3,0.9606,162.0,177.0,172.0,2496619543,819307584,167787,0,0.0
1789723749.4,0.9555,163.0,176.0,172.0,2497022467,819307584,402924,0,0.0
1789723751.5,0.9577,163.0,174.0,172.0,2497115523,819307616,93056,32,0.0003
1789723753.5,0.9596,163.0,174.0,172.0,2497293992,819307616,178469,0,0.0
1789723755.6,0.9739,165.0,173.0,172.0,2497528446,819307632,234454,16,0.0001
1789723757.7,0.9734,163.0,174.0,172.0,2497685051,819307648,156605,16,0.0001
1789723759.8,0.9661,162.0,174.0,172.0,2497769288,819307648,84237,0,0.0
1789723761.8,0.9676,162.0,176.0,172.0,2498014263,819307648,244975,0,0.0
1789723763.9,0.9718,163.0,177.0,172.0,2498250501,819307648,236238,0,0.0
1789723766.0,0.9713,161.0,178.0,172.0,2498361136,819307648,110635,0,0.0
1789723768.0,0.953,161.0,177.0,172.0,2498604210,819307648,243074,0,0.0
1789723770.1,0.9696,165.0,175.0,172.0,2498819120,819307648,214910,0,0.0
1789723772.2,0.9686,167.0,172.0,172.0,2499083982,819307648,264862,0,0.0
1789723774.3,0.9643,167.0,169.0,172.0,2499273835,819307680,189853,32,0.0002
1789723776.4,0.9541,166.0,174.0,172.0,2499447309,819307680,173474,0,0.0
1789723778.4,0.9627,168.0,171.0,172.0,2499729065,819307680,281756,0,0.0
1789723780.5,0.9694,168.0,171.0,172.0,2499906156,819307680,177091,0,0.0
1789723782.6,0.9696,165.0,177.0,173.0,2500084408,819307696,178252,16,0.0001
1789723784.7,0.9755,165.0,176.0,173.0,2500224288,819307712,139880,16,0.0001
1789723786.7,0.9624,163.0,176.0,174.0,2500459566,819307712,235278,0,0.0
1789723788.8,0.9682,165.0,174.0,174.0,2500662396,819307728,202830,16,0.0001
1789723790.9,0.9787,167.0,173.0,174.0,2500902506,819307744,240110,16,0.0001
1789723792.9,0.9799,167.0,171.0,174.0,2501116524,819307744,214018,0,0.0
1789723795.0,0.977,166.0,170.0,174.0,2501346906,819307744,230382,0,0.0
1789723797.1,0.9766,166.0,172.0,174.0,2501488715,819307744,141809,0,0.0
1789723799.2,0.9666,165.0,174.0,174.0,2501811941,819307744,323226,0,0.0
1789723801.2,0.9769,166.0,175.0,174.0,2501897638,819307744,85697,0,0.0
1789723803.3,0.9736,165.0,173.0,174.0,2502114552,819307760,216914,16,0.0001
1789723805.4,0.9678,164.0,173.0,174.0,2502288898,819307776,174346,16,0.0001
1789723807.5,0.9736,165.0,172.0,174.0,2502497628,819307792,208730,16,0.0001
1789723809.5,0.969,162.0,176.0,174.0,2502650737,819307792,153109,0,0.0
1789723811.6,0.9737,163.0,175.0,174.0,2502735140,819307792,84403,0,0.0
1789723813.7,0.9716,162.0,175.0,174.0,2503034373,819307824,299233,32,0.0001
1789723815.7,0.9622,160.0,176.0,174.0,2503157748,819307824,123375,0,0.0
1789723817.8,0.966,160.0,179.0,174.0,2503386697,819307824,228949,0,0.0
1789723819.9,0.9768,161.0,179.0,174.0,2503511766,819307824,125069,0,0.0
1789723822.0,0.965,158.0,182.0,174.0,2503742784,819307840,231018,16,0.0001
1789723824.0,0.9572,157.0,181.0,174.0,2503903877,819307856,161093,16,0.0001
1789723826.1,0.9575,156.0,183.0,174.0,2504002652,819307872,98775,16,0.0002
1789723828.2,0.965,158.0,180.0,174.0,2504188061,819307872,185409,0,0.0
1789723830.2,0.946,156.0,180.0,174.0,2504496370,819307904,308309,32,0.0001
1789723832.3,0.9398,156.0,181.0,174.0,2504773606,819307904,277236,0,0.0
1789723834.4,0.9597,157.0,185.0,174.0,2504862976,819307904,89370,0,0.0
1789723836.5,0.9583,157.0,182.0,174.0,2505101090,819307904,238114,0,0.0
1789723838.5,0.9647,159.0,181.0,174.0,2505276361,819307904,175271,0,0.0
1789723840.6,0.9491,159.0,177.0,174.0,2505590595,819307904,314234,0,0.0
1789723842.7,0.954,159.0,181.0,174.0,2505793439,819307904,202844,0,0.0
1789723844.8,0.9707,162.0,179.0,174.0,2505975771,819307904,182332,0,0.0
1789723846.8,0.9614,161.0,180.0,174.0,2506171340,819307920,195569,16,0.0001
1789723848.9,0.9568,160.0,181.0,174.0,2506491956,819307936,320616,16,0.0
1789723851.0,0.9701,160.0,182.0,174.0,2506601392,819307936,109436,0,0.0
1789723853.0,0.975,159.0,181.0,174.0,2506738597,819307952,137205,16,0.0001
1789723855.1,0.9309,160.0,176.0,174.0,2506964589,819307968,225992,16,0.0001
1789723857.2,0.9208,161.0,175.0,174.0,2507174836,819307984,210247,16,0.0001
1789723859.3,0.9415,166.0,172.0,174.0,2507526418,819307984,351582,0,0.0
1789723861.3,0.9611,168.0,170.0,174.0,2507759045,819308000,232627,16,0.0001
1789723863.4,0.9645,170.0,168.0,174.0,2507951731,819308016,192686,16,0.0001
1789723865.5,0.946,167.0,170.0,174.0,2508270410,819308016,318679,0,0.0
1789723867.5,0.9308,168.0,169.0,174.0,2508497074,819308016,226664,0,0.0
1789723869.6,0.9292,169.0,168.0,174.0,2508779333,819308032,282259,16,0.0001
1789723871.7,0.9512,170.0,169.0,174.0,2508833405,819308032,54072,0,0.0
1789723873.7,0.9506,169.0,169.0,174.0,2508930851,819308032,97446,0,0.0
1789723875.8,0.9473,168.0,170.0,174.0,2509180502,819308048,249651,16,0.0001
1789723877.9,0.9457,166.0,174.0,174.0,2509222639,819308048,42137,0,0.0
1789723880.0,0.9351,164.0,175.0,174.0,2509455422,819308048,232783,0,0.0
1789723882.0,0.9517,166.0,174.0,174.0,2509619727,819308048,164305,0,0.0
1789723884.1,0.9637,167.0,173.0,174.0,2509814733,819308064,195006,16,0.0001
1789723886.2,0.9735,169.0,170.0,174.0,2510076333,819308064,261600,0,0.0
1789723888.3,0.9711,168.0,170.0,175.0,2510286459,819308064,210126,0,0.0
1789723890.3,0.9629,166.0,175.0,175.0,2510428144,819308064,141685,0,0.0
1789723892.4,0.9688,169.0,170.0,175.0,2510751703,819308064,323559,0,0.0
1789723894.5,0.9795,169.0,173.0,175.0,2510813824,819308064,62121,0,0.0
1789723896.6,0.9849,170.0,171.0,175.0,2511015575,819308064,201751,0,0.0
1789723898.6,0.9624,164.0,172.0,175.0,2511296660,819308080,281085,16,0.0001
1789723900.7,0.9738,165.0,175.0,175.0,2511422590,819308080,125930,0,0.0
1789723902.8,0.9861,166.0,174.0,175.0,2511610156,819308080,187566,0,0.0
1789723904.9,0.9646,162.0,175.0,175.0,2511778409,819308080,168253,0,0.0
1789723906.9,0.9817,164.0,176.0,175.0,2511956837,819308080,178428,0,0.0
1789723909.0,0.972,163.0,175.0,175.0,2512167129,819308080,210292,0,0.0
1789723911.1,0.9835,163.0,178.0,175.0,2512283702,819308080,116573,0,0.0
1789723913.1,0.9744,162.0,179.0,175.0,2512544523,819308080,260821,0,0.0
1789723915.2,0.9728,162.0,178.0,175.0,2512756717,819308080,212194,0,0.0
1789723917.3,0.9826,161.0,179.0,175.0,2512855216,819308080,98499,0,0.0
1789723919.4,0.9715,158.0,179.0,175.0,2512976190,819308080,120974,0,0.0
1789723921.4,0.9753,159.0,180.0,175.0,2513265246,819308128,289056,48,0.0002
1789723923.5,0.975,159.0,182.0,176.0,2513413999,819308128,148753,0,0.0
1789723925.6,0.968,157.0,184.0,177.0,2513603337,819308128,189338,0,0.0
1789723927.7,0.9666,156.0,185.0,177.0,2513726063,819308144,122726,16,0.0001
1789723929.7,0.9767,158.0,184.0,177.0,2513944616,819308144,218553,0,0.0
1789723931.8,0.955,156.0,182.0,177.0,2514268853,819308144,324237,0,0.0
1789723933.9,0.9716,156.0,186.0,177.0,2514311633,819308144,42780,0,0.0
1789723936.0,0.9646,155.0,187.0,177.0,2514536691,819308160,225058,16,0.0001
1789723938.0,0.967,155.0,186.0,177.0,2514732974,819308160,196283,0,0.0
1789723940.1,0.9708,157.0,185.0,177.0,2514954008,819308176,221034,16,0.0001
1789723942.2,0.9684,158.0,181.0,177.0,2515151505,819308176,197497,0,0.0
1789723944.2,0.9738,159.0,181.0,177.0,2515328475,819308176,176970,0,0.0
1789723946.3,0.9576,156.0,181.0,177.0,2515636820,819308176,308345,0,0.0
1789723948.4,0.9571,156.0,183.0,177.0,2515741290,819308176,104470,0,0.0
1789723950.4,0.9474,154.0,185.0,177.0,2515949498,819308208,208208,32,0.0002
1789723952.5,0.9632,155.0,184.0,177.0,2516219469,819308240,269971,32,0.0001
1789723954.6,0.9601,153.0,188.0,177.0,2516279595,819308240,60126,0,0.0
1789723956.7,0.9645,153.0,188.0,177.0,2516497513,819308256,217918,16,0.0001
1789723958.7,0.9315,150.0,188.0,177.0,2516651362,819308272,153849,16,0.0001
1789723960.8,0.9307,150.0,189.0,177.0,2516777437,819308272,126075,0,0.0
1789723962.9,0.9264,151.0,188.0,177.0,2517120836,819308272,343399,0,0.0
1789723965.0,0.9259,150.0,189.0,177.0,2517510443,819308272,389607,0,0.0
1789723967.0,0.9316,148.0,194.0,177.0,2517510443,819308272,0,0,
1789723969.1,0.9378,148.0,195.0,177.0,2517553291,819308272,42848,0,0.0
1789723971.2,0.9369,146.0,197.0,177.0,2517811267,819308272,257976,0,0.0
1789723973.2,0.9476,147.0,196.0,177.0,2517971931,819308272,160664,0,0.0
1789723975.3,0.9561,147.0,194.0,177.0,2518083605,819308272,111674,0,0.0
1789723977.4,0.9497,147.0,194.0,177.0,2518280107,819308288,196502,16,0.0001
1789723979.5,0.9644,148.0,194.0,177.0,2518383136,819308288,103029,0,0.0
1789723981.5,0.969,149.0,193.0,177.0,2518527804,819308288,144668,0,0.0
1789723983.6,0.9718,148.0,194.0,177.0,2518719653,819308288,191849,0,0.0
1789723985.7,0.9708,149.0,192.0,177.0,2518995412,819308288,275759,0,0.0
1789723987.8,0.9682,148.0,192.0,177.0,2519076111,819308288,80699,0,0.0
1789723989.8,0.9649,148.0,194.0,177.0,2519324137,819308304,248026,16,0.0001
1789723991.9,0.9632,147.0,194.0,177.0,2519594930,819308304,270793,0,0.0
1789723994.0,0.9704,147.0,195.0,177.0,2519597861,819308304,2931,0,0.0
1789723996.0,0.9673,147.0,195.0,177.0,2519782989,819308320,185128,16,0.0001
1789723998.1,0.9586,145.0,196.0,177.0,2519887642,819308320,104653,0,0.0
1789724000.2,0.9363,143.0,198.0,177.0,2520028518,819308320,140876,0,0.0
1789724002.3,0.9358,144.0,197.0,177.0,2520233111,819308336,204593,16,0.0001
1789724004.3,0.9549,147.0,196.0,177.0,2520488465,819308336,255354,0,0.0
1789724006.4,0.9532,150.0,194.0,177.0,2520787304,819308336,298839,0,0.0
1789724008.5,0.9655,151.0,194.0,177.0,2520961533,819308336,174229,0,0.0
1789724010.5,0.9765,153.0,192.0,177.0,2521238220,819308368,276687,32,0.0001
1789724012.6,0.9713,154.0,191.0,177.0,2521404625,819308368,166405,0,0.0
1789724014.7,0.9827,155.0,189.0,177.0,2521531411,819308384,126786,16,0.0001
1789724016.8,0.9735,156.0,188.0,177.0,2521710511,819308384,179100,0,0.0
1789724018.8,0.9579,155.0,188.0,178.0,2521948337,819308400,237826,16,0.0001
1789724020.9,0.9682,159.0,185.0,178.0,2522164242,819308416,215905,16,0.0001
1789724023.0,0.9889,161.0,185.0,178.0,2522380902,819308416,216660,0,0.0
1789724025.1,0.9638,159.0,185.0,179.0,2522587452,819308416,206550,0,0.0
1789724027.2,0.9735,159.0,185.0,179.0,2522801844,819308416,214392,0,0.0
1789724029.2,0.9718,158.0,184.0,179.0,2522934889,819308416,133045,0,0.0
1789724031.3,0.9759,158.0,186.0,179.0,2523165380,819308416,230491,0,0.0
1789724033.4,0.9696,159.0,184.0,179.0,2523397295,819308432,231915,16,0.0001
1789724035.5,0.9682,159.0,183.0,179.0,2523602799,819308432,205504,0,0.0
1789724037.5,0.9787,160.0,185.0,179.0,2523803507,819308432,200708,0,0.0
1789724039.6,0.9792,159.0,184.0,180.0,2523935184,819308432,131677,0,0.0
1789724041.7,0.9833,160.0,182.0,180.0,2524189648,819308432,254464,0,0.0
1789724043.8,0.9657,154.0,184.0,181.0,2524299497,819308432,109849,0,0.0
1789724045.8,0.9747,156.0,186.0,181.0,2524501285,819308432,201788,0,0.0
1789724047.9,0.9758,156.0,187.0,181.0,2524739507,819308432,238222,0,0.0
1789724050.0,0.9671,154.0,189.0,181.0,2525065443,819308448,325936,16,0.0
1789724052.0,0.9808,154.0,191.0,181.0,2525095849,819308448,30406,0,0.0
1789724054.1,0.9569,154.0,189.0,181.0,2525352219,819308448,256370,0,0.0
1789724056.2,0.9758,155.0,189.0,181.0,2525426253,819308464,74034,16,0.0002
1789724058.3,0.9579,153.0,190.0,181.0,2525568107,819308464,141854,0,0.0
1789724060.3,0.9643,154.0,191.0,181.0,2525872916,819308464,304809,0,0.0
1789724062.4,0.9712,154.0,191.0,181.0,2525955059,819308464,82143,0,0.0
1789724064.5,0.9343,150.0,189.0,181.0,2526149510,819308464,194451,0,0.0
1789724066.5,0.9463,151.0,192.0,181.0,2526419987,819308480,270477,16,0.0001
1789724068.6,0.9604,152.0,192.0,181.0,2526550383,819308480,130396,0,0.0
1789724070.7,0.9762,153.0,191.0,181.0,2526806296,819308480,255913,0,0.0
1789724072.8,0.9623,152.0,192.0,181.0,2527012567,819308496,206271,16,0.0001
1789724074.9,0.968,155.0,187.0,181.0,2527334799,819308544,322232,48,0.0001
1789724076.9,0.9462,153.0,187.0,181.0,2527528773,819308544,193974,0,0.0
1789724079.0,0.9633,156.0,187.0,181.0,2527717650,819308544,188877,0,0.0
1789724081.1,0.9722,157.0,186.0,181.0,2527911677,819308560,194027,16,0.0001
1789724083.2,0.973,155.0,188.0,181.0,2528064704,819308592,153027,32,0.0002
1789724085.2,0.9587,152.0,191.0,181.0,2528299801,819308592,235097,0,0.0
1789724087.3,0.9509,149.0,193.0,181.0,2528356123,819308592,56322,0,0.0
1789724089.4,0.9467,147.0,195.0,181.0,2528667920,819308592,311797,0,0.0
1789724091.5,0.9627,148.0,195.0,181.0,2528823662,819308592,155742,0,0.0
1789724093.6,0.9568,151.0,191.0,181.0,2529127725,819308592,304063,0,0.0
1789724095.7,0.9713,151.0,192.0,181.0,2529185763,819308592,58038,0,0.0
1789724097.8,0.9737,151.0,194.0,181.0,2529359369,819308592,173606,0,0.0
1789724099.9,0.9792,152.0,194.0,181.0,2529502933,819308608,143564,16,0.0001
1789724101.9,0.9699,151.0,192.0,181.0,2529746630,819308608,243697,0,0.0
1789724104.1,0.9831,152.0,193.0,181.0,2529871712,819308608,125082,0,0.0
1789724106.2,0.9835,151.0,191.0,181.0,2530010965,819308608,139253,0,0.0
1789724108.2,0.9693,153.0,190.0,181.0,2530266712,819328240,255747,19632,0.0768
1789724110.3,0.9649,152.0,193.0,181.0,2530431188,819328240,164476,0,0.0
1789724112.4,0.9503,151.0,193.0,181.0,2530709334,819328240,278146,0,0.0
1789724114.5,0.9616,152.0,193.0,181.0,2530866307,819328240,156973,0,0.0
1789724116.5,0.9668,151.0,194.0,181.0,2531024716,819328256,158409,16,0.0001
1789724118.6,0.9616,151.0,193.0,181.0,2531236428,819328256,211712,0,0.0
1789724120.7,0.9749,151.0,195.0,181.0,2531398440,819328256,162012,0,0.0
1789724122.8,0.961,149.0,196.0,181.0,2531463677,819328256,65237,0,0.0
1789724124.8,0.9665,149.0,199.0,181.0,2531679175,819328272,215498,16,0.0001
1789724126.9,0.9751,150.0,197.0,181.0,2531764905,819328288,85730,16,0.0002
1789724129.0,0.9599,148.0,198.0,181.0,2531873225,819328288,108320,0,0.0
1789724131.1,0.9699,149.0,198.0,181.0,2532038170,819328288,164945,0,0.0
1789724133.1,0.9737,149.0,198.0,181.0,2532207015,819328288,168845,0,0.0
1789724135.2,0.9682,148.0,198.0,181.0,2532457268,819328320,250253,32,0.0001
1789724137.3,0.9823,148.0,200.0,181.0,2532457268,819328320,0,0,
1789724139.3,0.9741,148.0,199.0,181.0,2532652736,819328320,195468,0,0.0
1789724141.4,0.9722,147.0,197.0,181.0,2532779168,819328320,126432,0,0.0
1789724143.5,0.9524,144.0,197.0,181.0,2533082658,819328320,303490,0,0.0
1789724145.6,0.9527,143.0,201.0,181.0,2533245280,819328320,162622,0,0.0
1789724147.7,0.9639,144.0,203.0,181.0,2533401350,819328320,156070,0,0.0
1789724149.7,0.9701,146.0,201.0,181.0,2533576621,819328320,175271,0,0.0
1789724151.8,0.9669,146.0,199.0,181.0,2533779990,819328320,203369,0,0.0
1789724153.9,0.9674,147.0,198.0,181.0,2533961866,819328320,181876,0,0.0
1789724156.0,0.9712,147.0,199.0,181.0,2534154214,819328336,192348,16,0.0001
1789724158.1,0.9827,150.0,197.0,181.0,2534405939,819328336,251725,0,0.0
1789724160.1,0.9731,148.0,199.0,181.0,2534511146,819328336,105207,0,0.0
1789724162.2,0.9537,146.0,199.0,181.0,2534756996,819328352,245850,16,0.0001
1789724164.3,0.9433,146.0,200.0,181.0,2534881036,819328352,124040,0,0.0
1789724166.4,0.9487,145.0,201.0,181.0,2535020150,819328352,139114,0,0.0
1789724168.4,0.9535,145.0,202.0,181.0,2535134258,819328352,114108,0,0.0
1789724170.5,0.9609,146.0,201.0,181.0,2535493847,819328352,359589,0,0.0
1789724172.6,0.9783,147.0,201.0,181.0,2535538818,819328368,44971,16,0.0004
1789724174.6,0.9852,147.0,200.0,181.0,2535683704,819328368,144886,0,0.0
1789724176.7,0.9858,147.0,199.0,181.0,2535818318,819328368,134614,0,0.0
1789724178.8,0.987,149.0,198.0,181.0,2536015054,819328368,196736,0,0.0
1789724180.9,0.9674,147.0,198.0,181.0,2536173119,819328368,158065,0,0.0
1789724183.0,0.9649,148.0,199.0,181.0,2536425595,819328400,252476,32,0.0001
1789724185.0,0.967,149.0,197.0,181.0,2536586543,819328400,160948,0,0.0
1789724187.1,0.9682,148.0,200.0,181.0,2536786264,819328400,199721,0,0.0
1789724189.2,0.9613,149.0,199.0,181.0,2536980145,819328400,193881,0,0.0
1789724191.3,0.9535,147.0,200.0,181.0,2537154961,819328400,174816,0,0.0
1789724193.3,0.9455,146.0,201.0,181.0,2537411836,819328400,256875,0,0.0
1789724195.4,0.9569,145.0,202.0,181.0,2537494962,819328416,83126,16,0.0002
1789724197.5,0.9642,146.0,201.0,181.0,2537630078,819328416,135116,0,0.0
1789724199.5,0.9653,145.0,202.0,181.0,2537739481,819328416,109403,0,0.0
1789724201.6,0.971,147.0,199.0,181.0,2537975396,819328416,235915,0,0.0
1789724203.7,0.9699,147.0,197.0,181.0,2538145205,819328416,169809,0,0.0
1789724205.8,0.9651,146.0,201.0,182.0,2538259790,819328416,114585,0,0.0
1789724207.8,0.9612,145.0,199.0,182.0,2538382535,819328416,122745,0,0.0
1789724209.9,0.9474,141.0,202.0,182.0,2538674959,819328432,292424,16,0.0001
1789724212.0,0.9462,143.0,204.0,182.0,2538853937,819328432,178978,0,0.0
1789724214.1,0.9683,145.0,202.0,182.0,2539019409,819328432,165472,0,0.0
1789724216.1,0.97,144.0,203.0,182.0,2539079820,819328432,60411,0,0.0
1789724218.2,0.964,141.0,206.0,182.0,2539189344,819328448,109524,16,0.0001
1789724220.3,0.9683,142.0,204.0,182.0,2539340569,819328448,151225,0,0.0
1789724222.4,0.9798,144.0,205.0,182.0,2539484197,819328448,143628,0,0.0
1789724224.4,0.9659,144.0,202.0,182.0,2539783368,819328464,299171,16,0.0001
1789724226.5,0.9616,144.0,202.0,182.0,2539898050,819339984,114682,11520,0.1005
1789724228.6,0.9777,145.0,202.0,182.0,2540007801,819339984,109751,0,0.0
1789724230.7,0.9692,145.0,202.0,182.0,2540341424,819339984,333623,0,0.0
1789724232.7,0.9672,143.0,202.0,182.0,2540446020,819339984,104596,0,0.0
1789724234.8,0.9649,145.0,201.0,182.0,2540650328,819339984,204308,0,0.0
1789724236.9,0.9759,149.0,199.0,182.0,2540918369,819339984,268041,0,0.0
1789724239.0,0.9736,149.0,197.0,182.0,2541080768,819359632,162399,19648,0.121
1789724241.0,0.9513,147.0,198.0,182.0,2541393003,819359632,312235,0,0.0
1789724243.1,0.9662,148.0,199.0,182.0,2541575637,819359648,182634,16,0.0001
1789724245.2,0.9592,146.0,198.0,182.0,2541694497,819359648,118860,0,0.0
1789724247.2,0.9517,146.0,197.0,182.0,2541941814,819359664,247317,16,0.0001
1789724249.3,0.9597,147.0,200.0,182.0,2542045542,819359664,103728,0,0.0
1789724251.4,0.9692,150.0,197.0,182.0,2542275813,819359664,230271,0,0.0
1789724253.5,0.986,152.0,196.0,182.0,2542435017,819359680,159204,16,0.0001
1789724255.5,0.9746,152.0,193.0,182.0,2542654656,819359680,219639,0,0.0
1789724257.6,0.9898,153.0,195.0,182.0,2542830316,819359680,175660,0,0.0
1789724259.7,0.9805,151.0,195.0,182.0,2542959858,819359680,129542,0,0.0
1789724261.8,0.9885,151.0,195.0,182.0,2543097835,819359680,137977,0,0.0
1789724263.9,0.9675,150.0,196.0,182.0,2543370823,819359712,272988,32,0.0001
1789724266.0,0.9758,150.0,195.0,182.0,2543589967,819359712,219144,0,0.0
1789724268.0,0.9791,150.0,196.0,182.0,2543696040,819359712,106073,0,0.0
1789724270.1,0.9693,148.0,197.0,182.0,2543877224,819359712,181184,0,0.0
1789724272.2,0.9738,147.0,198.0,182.0,2544061265,819359728,184041,16,0.0001
1789724274.3,0.9638,146.0,197.0,182.0,2544302912,819359744,241647,16,0.0001
1789724276.3,0.9594,146.0,197.0,182.0,2544479573,819359744,176661,0,0.0
1789724278.4,0.9607,146.0,197.0,182.0,2544595387,819359760,115814,16,0.0001
1789724280.5,0.9461,144.0,200.0,182.0,2544840794,819359776,245407,16,0.0001
1789724282.6,0.9566,144.0,198.0,182.0,2544954342,819359776,113548,0,0.0
1789724284.6,0.954,145.0,198.0,182.0,2545356514,819359792,402172,16,0.0
1789724286.7,0.9747,146.0,200.0,182.0,2545402852,819359792,46338,0,0.0
1789724288.8,0.9652,144.0,200.0,182.0,2545618252,819359808,215400,16,0.0001
1789724290.8,0.9703,143.0,201.0,182.0,2545669968,819359808,51716,0,0.0
1789724292.9,0.9447,139.0,204.0,182.0,2545900754,819359808,230786,0,0.0
1789724295.0,0.9501,139.0,205.0,182.0,2546189082,819359808,288328,0,0.0
1789724297.1,0.9522,137.0,206.0,182.0,2546349111,819359808,160029,0,0.0
1789724299.1,0.9583,139.0,206.0,182.0,2546540359,819359808,191248,0,0.0
1789724301.2,0.9675,138.0,208.0,182.0,2546633531,819359808,93172,0,0.0
1789724303.3,0.9658,137.0,208.0,182.0,2546754283,819359808,120752,0,0.0
1789724305.4,0.959,136.0,208.0,182.0,2546846686,819359808,92403,0,0.0
1789724307.4,0.9704,138.0,206.0,182.0,2547058780,819359808,212094,0,0.0
1789724309.5,0.9811,139.0,207.0,182.0,2547148070,819359808,89290,0,0.0
1789724311.6,0.9506,135.0,211.0,182.0,2547408230,819359824,260160,16,0.0001
1789724313.6,0.9679,138.0,209.0,182.0,2547664576,819359824,256346,0,0.0
1789724315.7,0.946,134.0,209.0,182.0,2547837887,819359824,173311,0,0.0
1789724317.8,0.9613,136.0,211.0,182.0,2548017340,819359840,179453,16,0.0001
1789724319.9,0.9732,137.0,210.0,182.0,2548157887,819359840,140547,0,0.0
1789724321.9,0.9748,137.0,211.0,182.0,2548266283,819359856,108396,16,0.0001
1789724324.0,0.9753,138.0,209.0,182.0,2548480819,819359856,214536,0,0.0
1789724326.1,0.9786,137.0,208.0,182.0,2548524065,819359856,43246,0,0.0
1789724328.2,0.9574,136.0,208.0,182.0,2548857595,819359856,333530,0,0.0
1789724330.2,0.9736,137.0,210.0,182.0,2548913256,819359856,55661,0,0.0
1789724332.3,0.951,134.0,210.0,182.0,2549147165,819359856,233909,0,0.0
1789724334.4,0.9571,135.0,210.0,182.0,2549272461,819359856,125296,0,0.0
1789724336.4,0.9753,136.0,211.0,182.0,2549311549,819359856,39088,0,0.0
1789724338.5,0.9467,134.0,210.0,182.0,2549495920,819359856,184371,0,0.0
1789724340.6,0.9681,138.0,209.0,182.0,2549808211,819359856,312291,0,0.0
1789724342.7,0.9841,139.0,209.0,182.0,2549905654,819359856,97443,0,0.0
1789724344.7,0.9751,138.0,209.0,182.0,2550128665,819359856,223011,0,0.0
1789724346.8,0.9703,138.0,208.0,182.0,2550342693,819359872,214028,16,0.0001
1789724348.9,0.9712,137.0,210.0,182.0,2550459230,819359872,116537,0,0.0
1789724351.0,0.9673,135.0,212.0,182.0,2550535655,819359872,76425,0,0.0
1789724353.1,0.9659,135.0,212.0,182.0,2550677541,819359872,141886,0,0.0
1789724355.2,0.9639,136.0,210.0,182.0,2550863842,819359872,186301,0,0.0
1789724357.3,0.9645,136.0,211.0,182.0,2551054749,819359872,190907,0,0.0
1789724359.4,0.9644,137.0,210.0,182.0,2551221557,819359872,166808,0,0.0
1789724361.4,0.9765,139.0,207.0,182.0,2551380796,819359872,159239,0,0.0
1789724363.5,0.9759,139.0,205.0,182.0,2551636921,819359888,256125,16,0.0001
1789724365.6,0.9807,138.0,210.0,182.0,2551636921,819359888,0,0,
1789724367.7,0.9656,137.0,208.0,182.0,2551942826,819359904,305905,16,0.0001
1789724369.8,0.9856,139.0,208.0,182.0,2552067841,819359904,125015,0,0.0
1789724371.8,0.9751,136.0,209.0,182.0,2552239691,819359904,171850,0,0.0
1789724373.9,0.9734,136.0,209.0,182.0,2552366444,819359904,126753,0,0.0
1789724376.0,0.9632,135.0,211.0,182.0,2552573463,819359920,207019,16,0.0001
1789724378.1,0.971,137.0,207.0,182.0,2552750647,819359920,177184,0,0.0
1789724380.1,0.979,137.0,210.0,182.0,2552862379,819359920,111732,0,0.0
1789724382.2,0.9825,138.0,210.0,182.0,2553063103,819359920,200724,0,0.0
1789724384.3,0.9736,138.0,207.0,182.0,2553283097,819359920,219994,0,0.0
1789724386.3,0.9795,137.0,210.0,182.0,2553283097,819359920,0,0,
1789724388.4,0.9655,135.0,211.0,182.0,2553553144,819359936,270047,16,0.0001
1789724390.5,0.9747,136.0,210.0,182.0,2553627974,819359936,74830,0,0.0
1789724392.6,0.9691,135.0,209.0,182.0,2553968708,819359936,340734,0,0.0
1789724394.7,0.9593,134.0,210.0,182.0,2554068102,819359936,99394,0,0.0
1789724396.7,0.956,133.0,212.0,182.0,2554251468,819359936,183366,0,0.0
1789724398.8,0.9517,132.0,213.0,182.0,2554399529,819359936,148061,0,0.0
1789724400.9,0.9533,131.0,216.0,182.0,2554465872,819359936,66343,0,0.0
1789724403.0,0.9643,132.0,215.0,182.0,2554590635,819359936,124763,0,0.0
1789724405.0,0.974,134.0,213.0,182.0,2554721129,819379568,130494,19632,0.1504
1789724407.1,0.975,135.0,209.0,182.0,2554916841,819379568,195712,0,0.0
1789724409.2,0.9655,133.0,211.0,183.0,2555073882,819379568,157041,0,0.0
1789724411.3,0.9762,134.0,211.0,183.0,2555117876,819379568,43994,0,0.0
1789724413.4,0.9579,131.0,213.0,183.0,2555327840,819379584,209964,16,0.0001
1789724415.4,0.9649,131.0,214.0,183.0,2555389306,819379584,61466,0,0.0
1789724417.5,0.9716,131.0,214.0,183.0,2555470097,819391120,80791,11536,0.1428
1789724419.6,0.9556,132.0,214.0,183.0,2555725986,819391136,255889,16,0.0001
1789724421.6,0.9575,132.0,214.0,183.0,2555900438,819391136,174452,0,0.0
1789724423.7,0.9607,134.0,212.0,183.0,2556099535,819391152,199097,16,0.0001
1789724425.8,0.9715,135.0,213.0,183.0,2556138661,819391152,39126,0,0.0
1789724427.9,0.966,136.0,209.0,183.0,2556490262,819391168,351601,16,0.0
1789724430.0,0.9818,137.0,209.0,183.0,2556605998,819391184,115736,16,0.0001
1789724432.0,0.9707,136.0,208.0,183.0,2556768973,819391184,162975,0,0.0
1789724434.1,0.9739,137.0,209.0,183.0,2556901730,819391200,132757,16,0.0001
1789724436.2,0.9495,133.0,208.0,183.0,2557064392,819391216,162662,16,0.0001
1789724438.2,0.9591,134.0,209.0,183.0,2557270858,819391216,206466,0,0.0
1789724440.3,0.9679,135.0,209.0,183.0,2557414844,819391216,143986,0,0.0
1789724442.4,0.9574,137.0,206.0,183.0,2557662342,819391216,247498,0,0.0
1789724444.4,0.9656,138.0,206.0,183.0,2557814813,819391232,152471,16,0.0001
1789724446.5,0.9659,139.0,205.0,183.0,2558040603,819391232,225790,0,0.0
1789724448.6,0.9778,140.0,205.0,183.0,2558124892,819391232,84289,0,0.0
1789724450.7,0.9584,136.0,206.0,183.0,2558474540,819391232,349648,0,0.0
1789724452.7,0.9449,132.0,210.0,183.0,2558541373,819391232,66833,0,0.0
1789724454.8,0.9548,133.0,211.0,183.0,2558639577,819391232,98204,0,0.0
1789724456.9,0.9782,138.0,208.0,183.0,2558886588,819391232,247011,0,0.0
1789724459.0,0.9708,137.0,207.0,184.0,2558966402,819391232,79814,0,0.0
1789724461.1,0.9715,139.0,205.0,184.0,2559263075,819391232,296673,0,0.0
1789724463.1,0.9598,136.0,208.0,184.0,2559384006,819391232,120931,0,0.0
1789724465.2,0.9561,136.0,208.0,184.0,2559462361,819391232,78355,0,0.0
1789724467.3,0.95,136.0,208.0,184.0,2559786772,819391248,324411,16,0.0
1789724469.4,0.9629,137.0,208.0,184.0,2559886252,819391248,99480,0,0.0
1789724471.4,0.9689,136.0,206.0,184.0,2560036099,819391248,149847,0,0.0
1789724473.5,0.9696,136.0,207.0,184.0,2560272753,819391248,236654,0,0.0
1789724475.6,0.9692,135.0,207.0,184.0,2560354151,819391248,81398,0,0.0
1789724477.6,0.9732,135.0,205.0,184.0,2560513664,819391248,159513,0,0.0
1789724479.7,0.9694,135.0,205.0,184.0,2560732838,819391248,219174,0,0.0
1789724481.8,0.97,138.0,202.0,184.0,2561096287,819391264,363449,16,0.0
1789724483.9,0.9908,139.0,203.0,184.0,2561137806,819391264,41519,0,0.0
1789724485.9,0.983,137.0,202.0,184.0,2561245164,819391264,107358,0,0.0
1789724488.0,0.9878,138.0,202.0,184.0,2561390586,819391264,145422,0,0.0
1789724490.1,0.9863,138.0,200.0,184.0,2561561265,819391264,170679,0,0.0
1789724492.1,0.9818,139.0,199.0,184.0,2561707665,819391264,146400,0,0.0
1789724494.2,0.9685,137.0,198.0,184.0,2561976757,819391280,269092,16,0.0001
1789724496.3,0.9689,135.0,200.0,184.0,2562094406,819391280,117649,0,0.0
1789724498.4,0.9717,135.0,203.0,184.0,2562230431,819391280,136025,0,0.0
1789724500.4,0.959,132.0,204.0,184.0,2562422555,819391280,192124,0,0.0
1789724502.5,0.9753,133.0,206.0,184.0,2562611476,819391296,188921,16,0.0001
1789724504.6,0.979,132.0,207.0,184.0,2562611476,819391296,0,0,
1789724506.7,0.9609,130.0,209.0,184.0,2562846821,819391296,235345,0,0.0
1789724508.7,0.975,132.0,209.0,184.0,2562948850,819391312,102029,16,0.0002
1789724510.8,0.9735,130.0,210.0,184.0,2563098696,819391312,149846,0,0.0
1789724512.9,0.9539,129.0,209.0,184.0,2563284623,819391312,185927,0,0.0
1789724515.0,0.957,129.0,209.0,184.0,2563518139,819391312,233516,0,0.0
1789724517.0,0.9703,131.0,209.0,184.0,2563690671,819391312,172532,0,0.0
1789724519.1,0.9735,132.0,206.0,184.0,2563872953,819391312,182282,0,0.0
1789724521.2,0.9556,130.0,207.0,184.0,2564123472,819391312,250519,0,0.0
1789724523.3,0.966,129.0,208.0,184.0,2564220308,819391312,96836,0,0.0
1789724525.3,0.9678,128.0,208.0,184.0,2564282603,819391312,62295,0,0.0
1789724527.4,0.9615,127.0,211.0,184.0,2564414329,819391312,131726,0,0.0
1789724529.5,0.9764,130.0,210.0,184.0,2564706318,819391312,291989,0,0.0
1789724531.5,0.983,130.0,210.0,184.0,2564814156,819391312,107838,0,0.0
1789724533.6,0.9879,129.0,212.0,184.0,2564855496,819391312,41340,0,0.0
1789724535.7,0.9561,128.0,210.0,184.0,2565048815,819391312,193319,0,0.0
1789724537.8,0.9543,126.0,212.0,184.0,2565120410,819391312,71595,0,0.0
1789724539.8,0.9572,126.0,214.0,184.0,2565289722,819391312,169312,0,0.0
1789724541.9,0.9575,126.0,213.0,184.0,2565441466,819391312,151744,0,0.0
1789724544.0,0.9747,128.0,211.0,184.0,2565596892,819391312,155426,0,0.0
1789724546.1,0.9552,130.0,207.0,184.0,2565864491,819391312,267599,0,0.0
1789724548.1,0.9763,133.0,207.0,184.0,2566049039,819391312,184548,0,0.0
1789724550.2,0.9867,134.0,204.0,184.0,2566225132,819391312,176093,0,0.0
1789724552.3,0.9531,130.0,204.0,184.0,2566398473,819391328,173341,16,0.0001
1789724554.3,0.9469,130.0,203.0,184.0,2566634326,819391344,235853,16,0.0001
1789724556.4,0.943,131.0,207.0,184.0,2566882497,819391344,248171,0,0.0
1789724558.5,0.9627,132.0,208.0,184.0,2566985671,819391344,103174,0,0.0
1789724560.6,0.9626,133.0,206.0,184.0,2567252658,819391344,266987,0,0.0
1789724562.6,0.9653,133.0,206.0,185.0,2567388414,819391344,135756,0,0.0
1789724564.7,0.9465,131.0,204.0,185.0,2567639021,819391344,250607,0,0.0
1789724566.8,0.972,133.0,206.0,185.0,2567770340,819391360,131319,16,0.0001
1789724568.8,0.9673,132.0,208.0,185.0,2567877800,819391360,107460,0,0.0
1789724570.9,0.944,131.0,206.0,185.0,2568162444,819391360,284644,0,0.0
1789724573.0,0.9448,132.0,208.0,185.0,2568312110,819391376,149666,16,0.0001
1789724575.1,0.9375,132.0,208.0,185.0,2568625473,819391376,313363,0,0.0
1789724577.1,0.952,134.0,206.0,185.0,2568896395,819391376,270922,0,0.0
1789724579.2,0.9608,133.0,207.0,185.0,2568956949,819391376,60554,0,0.0
1789724581.3,0.9537,133.0,206.0,185.0,2569107428,819391376,150479,0,0.0
1789724583.4,0.953,132.0,208.0,185.0,2569207499,819391376,100071,0,0.0
1789724585.4,0.9579,132.0,209.0,185.0,2569340389,819391376,132890,0,0.0
1789724587.5,0.9553,132.0,208.0,185.0,2569527348,819391376,186959,0,0.0
1789724589.6,0.9533,133.0,207.0,185.0,2569693565,819391376,166217,0,0.0
1789724591.6,0.9618,134.0,205.0,185.0,2569940174,819391392,246609,16,0.0001
1789724593.7,0.9698,135.0,206.0,185.0,2570169267,819391424,229093,32,0.0001
1789724595.8,0.9717,135.0,204.0,185.0,2570365678,819391424,196411,0,0.0
1789724597.9,0.9724,133.0,207.0,186.0,2570420264,819391424,54586,0,0.0
1789724600.0,0.9515,131.0,208.0,186.0,2570770349,819391440,350085,16,0.0
1789724602.0,0.9527,130.0,209.0,186.0,2570841095,819391440,70746,0,0.0
1789724604.1,0.9627,132.0,207.0,186.0,2571058403,819391440,217308,0,0.0
1789724606.2,0.952,130.0,207.0,186.0,2571122353,819391440,63950,0,0.0
1789724608.2,0.9486,129.0,210.0,186.0,2571269813,819391456,147460,16,0.0001
1789724610.3,0.9684,130.0,211.0,186.0,2571352394,819391456,82581,0,0.0
1789724612.4,0.961,132.0,209.0,186.0,2571532100,819391472,179706,16,0.0001
1789724614.5,0.9587,132.0,208.0,186.0,2571754954,819391488,222854,16,0.0001
1789724616.5,0.9611,131.0,209.0,186.0,2571822041,819391488,67087,0,0.0
1789724618.6,0.9585,130.0,208.0,186.0,2572028800,819391488,206759,0,0.0
1789724620.7,0.9715,131.0,208.0,186.0,2572190238,819391488,161438,0,0.0
1789724622.8,0.985,133.0,207.0,186.0,2572364928,819391488,174690,0,0.0
1789724624.8,0.9753,132.0,205.0,187.0,2572522906,819391488,157978,0,0.0
1789724626.9,0.9698,132.0,207.0,187.0,2572672548,819391488,149642,0,0.0
1789724629.0,0.9521,131.0,205.0,187.0,2573043567,819391504,371019,16,0.0
1789724631.0,0.9548,129.0,209.0,187.0,2573096376,819391504,52809,0,0.0
1789724633.1,0.9658,131.0,208.0,187.0,2573308337,819391504,211961,0,0.0
1789724635.2,0.9716,131.0,208.0,187.0,2573417724,819391504,109387,0,0.0
1789724637.3,0.9712,131.0,209.0,187.0,2573636657,819391504,218933,0,0.0
1789724639.3,0.9683,130.0,208.0,187.0,2573777876,819391504,141219,0,0.0
1789724641.4,0.976,133.0,205.0,187.0,2573981937,819391504,204061,0,0.0
1789724643.5,0.9609,130.0,206.0,187.0,2574212617,819391520,230680,16,0.0001
1789724645.6,0.9656,129.0,206.0,187.0,2574330274,819391520,117657,0,0.0
1789724647.7,0.9612,128.0,211.0,187.0,2574461363,819391520,131089,0,0.0
1789724649.7,0.9483,127.0,211.0,187.0,2574614870,819391520,153507,0,0.0
1789724651.8,0.9548,128.0,210.0,187.0,2574789106,819391536,174236,16,0.0001
1789724653.9,0.9736,130.0,209.0,187.0,2574930039,819391552,140933,16,0.0001
1789724655.9,0.9666,129.0,210.0,187.0,2575235311,819391552,305272,0,0.0
1789724658.0,0.9779,129.0,210.0,187.0,2575349221,819391552,113910,0,0.0
1789724660.1,0.9804,128.0,212.0,187.0,2575404348,819391552,55127,0,0.0
1789724662.2,0.9713,128.0,208.0,187.0,2575703700,819391568,299352,16,0.0001
1789724664.3,0.9729,128.0,208.0,187.0,2575822800,819391568,119100,0,0.0
1789724666.3,0.9628,127.0,209.0,187.0,2576048964,819391568,226164,0,0.0
1789724668.4,0.974,127.0,211.0,187.0,2576092645,819391568,43681,0,0.0
1789724670.5,0.9603,124.0,214.0,187.0,2576189235,819391568,96590,0,0.0
1789724672.6,0.9552,124.0,213.0,187.0,2576538769,819391584,349534,16,0.0
1789724674.6,0.9655,124.0,214.0,187.0,2576585370,819391584,46601,0,0.0
1789724676.7,0.9658,124.0,214.0,187.0,2576847086,819391584,261716,0,0.0
1789724678.8,0.9599,123.0,216.0,187.0,2576944645,819391584,97559,0,0.0
1789724680.8,0.9495,124.0,215.0,187.0,2577185869,819391584,241224,0,0.0
1789724682.9,0.9696,125.0,216.0,187.0,2577316200,819391584,130331,0,0.0
1789724685.0,0.9642,124.0,214.0,188.0,2577432587,819391584,116387,0,0.0
1789724687.1,0.9611,123.0,216.0,188.0,2577498345,819391584,65758,0,0.0
1789724689.1,0.969,125.0,215.0,188.0,2577708830,819391584,210485,0,0.0
1789724691.2,0.9644,123.0,216.0,188.0,2577761477,819391584,52647,0,0.0
1789724693.3,0.965,123.0,216.0,188.0,2577979480,819391584,218003,0,0.0
1789724695.4,0.9722,122.0,218.0,188.0,2577979480,819391584,0,0,
1789724697.4,0.9668,120.0,220.0,188.0,2578214783,819391600,235303,16,0.0001
1789724699.5,0.9743,120.0,220.0,188.0,2578321416,819391600,106633,0,0.0
1789724701.6,0.9794,119.0,221.0,188.0,2578415602,819391600,94186,0,0.0
1789724703.7,0.9718,120.0,220.0,188.0,2578535583,819415392,119981,23792,0.1983
1789724705.8,0.9553,118.0,221.0,188.0,2578672070,819415392,136487,0,0.0
1789724707.8,0.9709,120.0,220.0,188.0,2578861649,819415392,189579,0,0.0
1789724709.9,0.9749,121.0,220.0,188.0,2579015917,819415392,154268,0,0.0
1789724712.0,0.9518,119.0,217.0,188.0,2579257566,819415392,241649,0,0.0
1789724714.1,0.9475,119.0,218.0,188.0,2579456663,819415392,199097,0,0.0
1789724716.1,0.9689,121.0,220.0,188.0,2579578823,819415392,122160,0,0.0
1789724718.2,0.9676,122.0,217.0,188.0,2579770734,819415392,191911,0,0.0
1789724720.3,0.9659,122.0,217.0,188.0,2579850490,819415392,79756,0,0.0
1789724722.4,0.9391,122.0,215.0,188.0,2580136043,819415392,285553,0,0.0
1789724724.4,0.9364,121.0,216.0,188.0,2580340170,819415408,204127,16,0.0001
1789724726.5,0.9486,121.0,217.0,188.0,2580399928,819415408,59758,0,0.0
1789724728.6,0.9204,117.0,221.0,188.0,2580632955,819415424,233027,16,0.0001
1789724730.7,0.9164,116.0,220.0,188.0,2580716893,819415424,83938,0,0.0
1789724732.7,0.9286,116.0,223.0,188.0,2580716893,819415424,0,0,
1789724734.8,0.9425,120.0,219.0,188.0,2580955738,819415424,238845,0,0.0
1789724736.9,0.9313,120.0,219.0,188.0,2581175903,819415424,220165,0,0.0
1789724738.9,0.9569,123.0,216.0,188.0,2581369548,819415424,193645,0,0.0
1789724741.0,0.9709,126.0,213.0,188.0,2581555198,819415440,185650,16,0.0001
1789724743.1,0.9743,127.0,212.0,188.0,2581784622,819415440,229424,0,0.0
1789724745.2,0.9699,125.0,215.0,188.0,2581784622,819415440,0,0,
1789724747.2,0.9648,124.0,216.0,189.0,2582059981,819415440,275359,0,0.0
1789724749.3,0.9648,122.0,217.0,189.0,2582106703,819415440,46722,0,0.0
1789724751.4,0.9544,122.0,216.0,189.0,2582345251,819415456,238548,16,0.0001
1789724753.4,0.9468,121.0,215.0,189.0,2582448822,819415456,103571,0,0.0
1789724755.5,0.9532,124.0,212.0,189.0,2582714308,819415456,265486,0,0.0
1789724757.6,0.9558,125.0,211.0,189.0,2582941868,819415456,227560,0,0.0
1789724759.7,0.9628,125.0,214.0,189.0,2583138619,819415456,196751,0,0.0
1789724761.7,0.9666,125.0,214.0,190.0,2583231627,819415456,93008,0,0.0
1789724763.8,0.9685,126.0,212.0,190.0,2583423695,819415472,192068,16,0.0001
1789724765.9,0.9626,125.0,211.0,190.0,2583658404,819415472,234709,0,0.0
1789724768.0,0.975,125.0,213.0,190.0,2583719580,819415472,61176,0,0.0
1789724770.0,0.9673,125.0,213.0,191.0,2583820797,819415472,101217,0,0.0
1789724772.1,0.9791,126.0,214.0,191.0,2583947375,819415488,126578,16,0.0001
1789724774.2,0.9786,126.0,214.0,191.0,2583990125,819415488,42750,0,0.0
1789724776.3,0.9765,125.0,215.0,191.0,2584226842,819415488,236717,0,0.0
1789724778.3,0.9686,124.0,216.0,191.0,2584307176,819415488,80334,0,0.0
1789724780.4,0.9596,125.0,216.0,191.0,2584423076,819415488,115900,0,0.0
1789724782.5,0.9619,124.0,216.0,191.0,2584531717,819415488,108641,0,0.0
1789724784.5,0.957,125.0,214.0,191.0,2584791708,819415488,259991,0,0.0
1789724786.6,0.9658,124.0,215.0,191.0,2584916061,819415488,124353,0,0.0
1789724788.7,0.9708,124.0,217.0,191.0,2584986566,819415488,70505,0,0.0
1789724790.8,0.9671,123.0,216.0,191.0,2585112401,819415488,125835,0,0.0
1789724792.8,0.9559,121.0,218.0,191.0,2585336316,819415488,223915,0,0.0
1789724794.9,0.967,120.0,218.0,191.0,2585463885,819415488,127569,0,0.0
1789724797.0,0.968,121.0,216.0,191.0,2585636254,819415488,172369,0,0.0
1789724799.1,0.9589,121.0,217.0,191.0,2585756190,819415504,119936,16,0.0001
1789724801.2,0.9572,121.0,216.0,191.0,2586079325,819415520,323135,16,0.0
1789724803.2,0.9687,122.0,217.0,191.0,2586202501,819415520,123176,0,0.0
1789724805.3,0.9697,122.0,217.0,191.0,2586283468,819415520,80967,0,0.0
1789724807.4,0.9744,123.0,215.0,191.0,2586360671,819415520,77203,0,0.0
1789724809.5,0.9668,123.0,214.0,191.0,2586573020,819415536,212349,16,0.0001
1789724811.5,0.9624,123.0,213.0,191.0,2586784201,819415536,211181,0,0.0
1789724813.6,0.9663,122.0,217.0,191.0,2586822033,819415536,37832,0,0.0
1789724815.7,0.9703,125.0,214.0,191.0,2587110405,819415552,288372,16,0.0001
1789724817.7,0.9851,126.0,213.0,191.0,2587184817,819415552,74412,0,0.0
1789724819.8,0.95,122.0,215.0,191.0,2587386774,819415568,201957,16,0.0001
1789724821.9,0.9535,122.0,216.0,191.0,2587597851,819415568,211077,0,0.0
1789724824.0,0.9586,122.0,217.0,191.0,2587744661,819415568,146810,0,0.0
1789724826.0,0.9655,122.0,218.0,191.0,2587787579,819415568,42918,0,0.0
1789724828.1,0.9611,123.0,217.0,191.0,2588027006,819415568,239427,0,0.0
1789724830.2,0.9667,125.0,217.0,191.0,2588240866,819415584,213860,16,0.0001
1789724832.3,0.9702,125.0,215.0,191.0,2588352344,819415584,111478,0,0.0
1789724834.3,0.9735,125.0,214.0,191.0,2588596104,819415584,243760,0,0.0
1789724836.4,0.9813,126.0,214.0,191.0,2588745902,819415600,149798,16,0.0001
1789724838.5,0.969,126.0,213.0,191.0,2588931778,819415600,185876,0,0.0
1789724840.6,0.9587,125.0,214.0,191.0,2589077871,819415616,146093,16,0.0001
1789724842.7,0.9456,125.0,213.0,191.0,2589269443,819415616,191572,0,0.0
1789724844.8,0.9491,124.0,215.0,191.0,2589444293,819415616,174850,0,0.0
1789724846.8,0.9561,125.0,215.0,191.0,2589597161,819415632,152868,16,0.0001
1789724848.9,0.9792,130.0,211.0,191.0,2589906875,819415648,309714,16,0.0001
1789724851.0,0.9853,130.0,212.0,191.0,2589970908,819415648,64033,0,0.0
1789724853.1,0.9627,126.0,214.0,191.0,2590036489,819415664,65581,16,0.0002
1789724855.2,0.9774,128.0,215.0,191.0,2590296970,819415664,260481,0,0.0
1789724857.2,0.9555,127.0,214.0,191.0,2590543117,819415664,246147,0,0.0
1789724859.3,0.9623,128.0,216.0,191.0,2590724597,819415664,181480,0,0.0
1789724861.4,0.9651,127.0,214.0,191.0,2590814830,819415664,90233,0,0.0
1789724863.5,0.9665,128.0,213.0,191.0,2591085256,819415664,270426,0,0.0
1789724865.5,0.9637,129.0,212.0,191.0,2591380673,819415664,295417,0,0.0
1789724867.6,0.9498,127.0,212.0,191.0,2591429222,819415664,48549,0,0.0
1789724869.7,0.9476,128.0,212.0,191.0,2591777590,819415664,348368,0,0.0
1789724871.8,0.9604,128.0,213.0,191.0,2591825846,819415664,48256,0,0.0
1789724873.8,0.9653,129.0,215.0,191.0,2592018342,819415664,192496,0,0.0
1789724875.9,0.9719,128.0,215.0,191.0,2592083640,819415664,65298,0,0.0
1789724878.0,0.9604,127.0,215.0,191.0,2592185652,819415664,102012,0,0.0
1789724880.1,0.9672,129.0,212.0,191.0,2592450924,819415680,265272,16,0.0001
1789724882.1,0.9745,129.0,213.0,191.0,2592538348,819415680,87424,0,0.0
1789724884.2,0.9787,130.0,212.0,191.0,2592705726,819415680,167378,0,0.0
1789724886.3,0.9738,131.0,212.0,191.0,2592908244,819415680,202518,0,0.0
1789724888.4,0.9692,131.0,210.0,191.0,2593063975,819415680,155731,0,0.0
1789724890.4,0.968,130.0,212.0,192.0,2593220499,819415680,156524,0,0.0
1789724892.5,0.9549,128.0,213.0,192.0,2593329224,819415680,108725,0,0.0
1789724894.6,0.9857,134.0,208.0,192.0,2593616926,819415680,287702,0,0.0
1789724896.6,0.9738,133.0,206.0,192.0,2593851974,819415696,235048,16,0.0001
1789724898.7,0.9862,133.0,209.0,192.0,2593851974,819415696,0,0,
1789724900.8,0.9474,129.0,209.0,192.0,2594182394,819415696,330420,0,0.0
1789724902.9,0.9513,127.0,215.0,192.0,2594415241,819415696,232847,0,0.0
1789724904.9,0.9376,126.0,217.0,192.0,2594621479,819415696,206238,0,0.0
1789724907.0,0.9382,124.0,219.0,192.0,2594621479,819415696,0,0,
1789724909.1,0.9354,125.0,218.0,192.0,2594828109,819415696,206630,0,0.0
1789724911.1,0.9342,123.0,218.0,192.0,2594828109,819415696,0,0,
1789724913.2,0.9479,125.0,220.0,192.0,2595044892,819439488,216783,23792,0.1098
1789724915.3,0.94,124.0,219.0,192.0,2595146767,819439488,101875,0,0.0
1789724917.4,0.9283,125.0,218.0,192.0,2595480846,819439488,334079,0,0.0
1789724919.4,0.9418,124.0,219.0,192.0,2595480846,819439488,0,0,
1789724921.5,0.9491,125.0,218.0,192.0,2595613696,819439488,132850,0,0.0
1789724923.6,0.9681,128.0,217.0,192.0,2595867100,819439488,253404,0,0.0
1789724925.7,0.9834,130.0,215.0,192.0,2595950263,819439488,83163,0,0.0
1789724927.8,0.9855,129.0,216.0,192.0,2596011144,819439488,60881,0,0.0
1789724929.8,0.9631,128.0,212.0,192.0,2596271414,819439488,260270,0,0.0
1789724931.9,0.9595,128.0,211.0,192.0,2596490811,819439504,219397,16,0.0001
1789724934.0,0.9611,126.0,215.0,192.0,2596664142,819439504,173331,0,0.0
1789724936.0,0.9639,126.0,217.0,192.0,2596770231,819439504,106089,0,0.0
1789724938.1,0.9436,124.0,217.0,192.0,2597101952,819439504,331721,0,0.0
1789724940.2,0.9475,125.0,217.0,192.0,2597205097,819439504,103145,0,0.0
1789724942.3,0.9615,126.0,218.0,192.0,2597246198,819439504,41101,0,0.0
1789724944.4,0.9612,125.0,217.0,192.0,2597379227,819439504,133029,0,0.0
1789724946.5,0.9622,125.0,216.0,192.0,2597553658,819439504,174431,0,0.0
1789724948.6,0.96,125.0,216.0,192.0,2597632814,819439504,79156,0,0.0
1789724950.7,0.9592,125.0,215.0,192.0,2597979927,819439520,347113,16,0.0
1789724952.7,0.9758,125.0,218.0,192.0,2597979927,819439520,0,0,
1789724954.8,0.9672,123.0,219.0,192.0,2598047346,819439520,67419,0,0.0
1789724956.9,0.9633,124.0,218.0,192.0,2598241351,819439536,194005,16,0.0001
1789724959.0,0.9766,124.0,220.0,192.0,2598241351,819439536,0,0,
1789724961.1,0.9783,126.0,219.0,192.0,2598353466,819439536,112115,0,0.0
1789724963.1,0.9761,124.0,221.0,192.0,2598353466,819439536,0,0,
1789724965.2,0.9605,123.0,220.0,192.0,2598729017,819439552,375551,16,0.0
1789724967.3,0.9621,123.0,220.0,192.0,2598788902,819439552,59885,0,0.0
1789724969.3,0.9724,125.0,218.0,192.0,2599038149,819439552,249247,0,0.0
1789724971.4,0.9803,124.0,219.0,193.0,2599038149,819439552,0,0,
1789724973.5,0.9708,122.0,219.0,193.0,2599103029,819439552,64880,0,0.0
1789724975.6,0.9652,122.0,221.0,193.0,2599379201,819439552,276172,0,0.0
1789724977.6,0.9809,123.0,222.0,193.0,2599411841,819439552,32640,0,0.0
1789724979.7,0.9879,124.0,221.0,193.0,2599495093,819439552,83252,0,0.0
1789724981.8,0.9742,123.0,220.0,193.0,2599674094,819439552,179001,0,0.0
1789724983.9,0.9636,122.0,219.0,193.0,2599852885,819439568,178791,16,0.0001
1789724985.9,0.9562,122.0,218.0,193.0,2599979071,819439568,126186,0,0.0
1789724988.0,0.9527,121.0,220.0,193.0,2600127394,819439568,148323,0,0.0
1789724990.1,0.955,122.0,221.0,193.0,2600332412,819439568,205018,0,0.0
1789724992.2,0.9679,124.0,220.0,193.0,2600508166,819439568,175754,0,0.0
1789724994.2,0.9755,125.0,217.0,193.0,2600695935,819439568,187769,0,0.0
1789724996.3,0.9635,123.0,218.0,193.0,2600796118,819439568,100183,0,0.0
1789724998.4,0.9582,124.0,217.0,193.0,2601010284,819439584,214166,16,0.0001
1789725000.5,0.9513,123.0,220.0,193.0,2601088451,819439584,78167,0,0.0
1789725002.6,0.9631,123.0,221.0,193.0,2601207334,819439584,118883,0,0.0
1789725004.6,0.9579,123.0,220.0,193.0,2601503886,819439584,296552,0,0.0
1789725006.7,0.9537,121.0,222.0,193.0,2601579007,819439584,75121,0,0.0
1789725008.8,0.9635,121.0,224.0,193.0,2601627764,819439584,48757,0,0.0
1789725010.9,0.9508,120.0,223.0,193.0,2601857416,819439584,229652,0,0.0
1789725012.9,0.9647,122.0,222.0,193.0,2602016613,819439600,159197,16,0.0001
1789725015.0,0.9696,121.0,224.0,193.0,2602167706,819439600,151093,0,0.0
1789725017.1,0.9739,122.0,223.0,193.0,2602337654,819439600,169948,0,0.0
1789725019.2,0.9724,124.0,220.0,193.0,2602549590,819439616,211936,16,0.0001
1789725021.2,0.9653,124.0,220.0,193.0,2602677600,819439616,128010,0,0.0
1789725023.3,0.9658,124.0,219.0,193.0,2602895759,819439616,218159,0,0.0
1789725025.4,0.966,123.0,219.0,193.0,2603076865,819439616,181106,0,0.0
1789725027.5,0.9671,122.0,221.0,193.0,2603122875,819439616,46010,0,0.0
1789725029.5,0.9373,120.0,222.0,193.0,2603390129,819439616,267254,0,0.0
1789725031.6,0.9425,121.0,222.0,193.0,2603654012,819439616,263883,0,0.0
1789725033.7,0.9606,122.0,221.0,193.0,2603692203,819439616,38191,0,0.0
1789725035.8,0.9549,120.0,224.0,193.0,2603784072,819439616,91869,0,0.0
1789725037.9,0.963,121.0,223.0,193.0,2604011202,819529712,227130,90096,0.3967
1789725039.9,0.9552,123.0,221.0,193.0,2604177277,819529712,166075,0,0.0
1789725042.0,0.9652,124.0,219.0,193.0,2604346884,819529712,169607,0,0.0
1789725044.1,0.9679,122.0,220.0,193.0,2604425982,819529712,79098,0,0.0
1789725046.2,0.975,123.0,221.0,193.0,2604661875,819529712,235893,0,0.0
1789725048.3,0.9793,122.0,221.0,194.0,2604723610,819529712,61735,0,0.0
1789725050.4,0.9496,122.0,220.0,194.0,2604964994,819529712,241384,0,0.0
1789725052.5,0.9661,122.0,223.0,194.0,2604964994,819529712,0,0,
1789725054.5,0.9622,122.0,221.0,194.0,2605148321,819529712,183327,0,0.0
1789725056.6,0.9777,124.0,221.0,194.0,2605307554,819529712,159233,0,0.0
1789725058.7,0.9587,125.0,216.0,194.0,2605619818,819529712,312264,0,0.0
1789725060.7,0.9709,125.0,218.0,194.0,2605685750,819529728,65932,16,0.0002
1789725062.8,0.9668,125.0,216.0,194.0,2606015357,819529744,329607,16,0.0
1789725064.9,0.9682,123.0,221.0,194.0,2606015357,819529744,0,0,
1789725067.0,0.9675,123.0,220.0,194.0,2606198300,819529760,182943,16,0.0001
1789725069.0,0.9716,122.0,222.0,194.0,2606261385,819529760,63085,0,0.0
1789725071.1,0.9721,122.0,221.0,194.0,2606394819,819529776,133434,16,0.0001
1789725073.2,0.9712,121.0,222.0,194.0,2606394819,819529776,0,0,
1789725075.3,0.9547,120.0,222.0,194.0,2606633883,819529776,239064,0,0.0
1789725077.3,0.9436,121.0,224.0,194.0,2606768331,819529776,134448,0,0.0
1789725079.4,0.9511,121.0,224.0,194.0,2606918234,819529776,149903,0,0.0
1789725081.5,0.9577,122.0,222.0,194.0,2607048739,819562464,130505,32688,0.2505
1789725083.6,0.9712,124.0,221.0,194.0,2607227018,819562464,178279,0,0.0
1789725085.6,0.9841,126.0,218.0,194.0,2607432474,819562480,205456,16,0.0001
1789725087.7,0.9718,125.0,218.0,194.0,2607535501,819562480,103027,0,0.0
1789725089.8,0.9494,124.0,218.0,194.0,2607847869,819562480,312368,0,0.0
1789725091.9,0.9547,125.0,215.0,194.0,2608038018,819562480,190149,0,0.0
1789725093.9,0.9486,123.0,217.0,194.0,2608085213,819562480,47195,0,0.0
1789725096.0,0.9437,122.0,220.0,194.0,2608163011,819562480,77798,0,0.0
1789725098.1,0.9477,122.0,221.0,194.0,2608359616,819562480,196605,0,0.0
1789725100.2,0.9415,121.0,221.0,194.0,2608529818,819562512,170202,32,0.0002
1789725102.2,0.9444,120.0,221.0,194.0,2608595220,819562512,65402,0,0.0
1789725104.3,0.9596,121.0,222.0,194.0,2608712391,819562512,117171,0,0.0
1789725106.4,0.9407,121.0,219.0,194.0,2609062852,819562512,350461,0,0.0
1789725108.4,0.9564,122.0,220.0,194.0,2609152257,819562512,89405,0,0.0
1789725110.5,0.9673,122.0,221.0,194.0,2609255164,819562528,102907,16,0.0002
1789725112.6,0.9723,123.0,221.0,194.0,2609472930,819562544,217766,16,0.0001
1789725114.7,0.9805,123.0,220.0,194.0,2609517073,819586336,44143,23792,0.539
1789725116.7,0.9586,124.0,220.0,194.0,2609735023,819586336,217950,0,0.0
1789725118.8,0.9747,125.0,217.0,194.0,2609928907,819586336,193884,0,0.0
1789725120.9,0.9743,124.0,217.0,194.0,2610093556,819586352,164649,16,0.0001
1789725123.0,0.9727,124.0,217.0,194.0,2610272122,819586352,178566,0,0.0
1789725125.0,0.9708,124.0,219.0,194.0,2610477591,819586368,205469,16,0.0001
1789725127.1,0.9806,124.0,221.0,194.0,2610605153,819586368,127562,0,0.0
1789725129.2,0.9831,124.0,220.0,194.0,2610696555,819586368,91402,0,0.0
1789725131.3,0.968,122.0,218.0,194.0,2610828622,819586384,132067,16,0.0001
1789725133.4,0.956,124.0,217.0,194.0,2611179299,819586384,350677,0,0.0
1789725135.4,0.971,124.0,218.0,194.0,2611248911,819586400,69612,16,0.0002
1789725137.5,0.9675,125.0,216.0,194.0,2611524953,819586400,276042,0,0.0
1789725139.6,0.98,125.0,216.0,194.0,2611586369,819586400,61416,0,0.0
1789725141.7,0.9581,124.0,214.0,194.0,2611854186,819586400,267817,0,0.0
1789725143.7,0.9717,125.0,216.0,194.0,2612025036,819586400,170850,0,0.0
1789725145.8,0.9761,124.0,218.0,194.0,2612104625,819586400,79589,0,0.0
1789725147.9,0.9727,123.0,218.0,194.0,2612193392,819586400,88767,0,0.0
1789725149.9,0.976,125.0,216.0,194.0,2612521387,819586400,327995,0,0.0
1789725152.0,0.965,122.0,218.0,194.0,2612564689,819586400,43302,0,0.0
1789725154.1,0.9647,123.0,216.0,194.0,2612801577,819586400,236888,0,0.0
1789725156.2,0.9733,123.0,220.0,194.0,2612895637,819586400,94060,0,0.0
1789725158.2,0.9711,122.0,220.0,194.0,2613001745,819586400,106108,0,0.0
1789725160.3,0.969,121.0,221.0,194.0,2613047828,819586400,46083,0,0.0
1789725162.4,0.9544,120.0,221.0,194.0,2613435271,819586416,387443,16,0.0
1789725164.5,0.9675,120.0,222.0,194.0,2613475502,819586416,40231,0,0.0
1789725166.5,0.9839,121.0,223.0,194.0,2613546511,819586416,71009,0,0.0
1789725168.6,0.9673,119.0,222.0,194.0,2613765256,819586416,218745,0,0.0
1789725170.7,0.9714,118.0,223.0,194.0,2613930246,819586416,164990,0,0.0
1789725172.8,0.9799,119.0,222.0,194.0,2614052725,819586416,122479,0,0.0
1789725174.8,0.9754,119.0,221.0,194.0,2614212770,819586416,160045,0,0.0
1789725176.9,0.9574,119.0,219.0,195.0,2614461827,819586416,249057,0,0.0
1789725179.0,0.9642,118.0,222.0,195.0,2614559367,819586416,97540,0,0.0
1789725181.1,0.9586,117.0,222.0,195.0,2614705091,819586416,145724,0,0.0
1789725183.1,0.9559,118.0,221.0,195.0,2614826075,819586432,120984,16,0.0001
1789725185.2,0.9563,119.0,220.0,195.0,2615100770,819586432,274695,0,0.0
1789725187.3,0.9631,117.0,225.0,196.0,2615226288,819586432,125518,0,0.0
1789725189.3,0.9681,118.0,223.0,196.0,2615354872,819586432,128584,0,0.0
1789725191.4,0.976,118.0,222.0,196.0,2615448132,819586432,93260,0,0.0
1789725193.5,0.9803,119.0,224.0,196.0,2615649717,819586432,201585,0,0.0
1789725195.6,0.9685,117.0,221.0,196.0,2615933162,819586432,283445,0,0.0
1789725197.6,0.9777,116.0,224.0,196.0,2616021811,819586432,88649,0,0.0
1789725199.7,0.9901,116.0,225.0,196.0,2616102892,819586432,81081,0,0.0
1789725201.8,0.9805,114.0,227.0,196.0,2616149091,819586432,46199,0,0.0
1789725203.9,0.9576,110.0,230.0,196.0,2616387042,819586432,237951,0,0.0
1789725205.9,0.9772,113.0,230.0,196.0,2616536614,819586432,149572,0,0.0
1789725208.0,0.9676,114.0,228.0,196.0,2616668933,819586432,132319,0,0.0
1789725210.1,0.9677,116.0,226.0,196.0,2616981186,819586432,312253,0,0.0
1789725212.1,0.9678,116.0,224.0,196.0,2617052674,819605040,71488,18608,0.2603
1789725214.2,0.9781,118.0,224.0,196.0,2617285484,819605040,232810,0,0.0
1789725216.3,0.9833,119.0,222.0,196.0,2617356815,819605040,71331,0,0.0
1789725218.4,0.9669,118.0,223.0,196.0,2617605678,819605056,248863,16,0.0001
1789725220.4,0.9662,116.0,225.0,196.0,2617671169,819605056,65491,0,0.0
1789725222.5,0.9652,116.0,226.0,196.0,2617768685,819605056,97516,0,0.0
1789725224.6,0.9545,115.0,226.0,196.0,2617846903,819605056,78218,0,0.0
1789725226.7,0.9697,117.0,227.0,196.0,2617961594,819605056,114691,0,0.0
1789725228.7,0.9415,117.0,225.0,196.0,2618245432,819605056,283838,0,0.0
1789725230.8,0.9518,118.0,226.0,196.0,2618351908,819605056,106476,0,0.0
1789725232.9,0.962,121.0,223.0,196.0,2618562349,819605056,210441,0,0.0
1789725235.0,0.956,120.0,222.0,196.0,2618666422,819605056,104073,0,0.0
1789725237.1,0.961,120.0,220.0,196.0,2618821290,819605056,154868,0,0.0
1789725239.1,0.9512,118.0,224.0,196.0,2618878745,819605056,57455,0,0.0
1789725241.2,0.9441,118.0,222.0,196.0,2619251004,819605056,372259,0,0.0
1789725243.3,0.9603,119.0,223.0,196.0,2619296510,819605056,45506,0,0.0
1789725245.4,0.9621,120.0,221.0,196.0,2619370338,819605056,73828,0,0.0
1789725247.4,0.97,121.0,222.0,196.0,2619518166,819605056,147828,0,0.0
1789725249.5,0.9641,121.0,220.0,196.0,2619634830,819605056,116664,0,0.0
1789725251.6,0.9783,122.0,221.0,196.0,2619691048,819605056,56218,0,0.0
1789725253.6,0.9712,122.0,220.0,196.0,2619853814,819605056,162766,0,0.0
1789725255.8,0.9414,118.0,219.0,196.0,2620169390,819605056,315576,0,0.0
1789725257.9,0.9502,119.0,223.0,196.0,2620288077,819605072,118687,16,0.0001
1789725259.9,0.9449,120.0,219.0,196.0,2620550512,819605072,262435,0,0.0
1789725262.0,0.9613,119.0,221.0,196.0,2620550512,819605072,0,0,
1789725264.1,0.942,117.0,220.0,196.0,2620841713,819605072,291201,0,0.0
1789725266.2,0.9452,116.0,224.0,196.0,2620918446,819605072,76733,0,0.0
1789725268.2,0.9489,115.0,225.0,196.0,2620972187,819605072,53741,0,0.0
1789725270.3,0.9614,116.0,226.0,196.0,2621058228,819605072,86041,0,0.0
1789725272.4,0.9544,115.0,226.0,196.0,2621169874,819605072,111646,0,0.0
1789725274.4,0.959,115.0,225.0,196.0,2621315795,819605072,145921,0,0.0
1789725276.5,0.9683,116.0,227.0,196.0,2621425092,819605072,109297,0,0.0
1789725278.6,0.9459,115.0,224.0,196.0,2621689401,819605072,264309,0,0.0
1789725280.7,0.9603,117.0,224.0,196.0,2621890370,819605072,200969,0,0.0
1789725282.7,0.9771,118.0,224.0,196.0,2621971350,819605088,80980,16,0.0002
1789725284.8,0.9661,116.0,225.0,196.0,2622056125,819605088,84775,0,0.0
1789725286.9,0.952,113.0,227.0,196.0,2622222662,819605104,166537,16,0.0001
1789725289.0,0.9644,116.0,225.0,196.0,2622475379,819605104,252717,0,0.0
1789725291.0,0.9748,115.0,225.0,196.0,2622534404,819605104,59025,0,0.0
1789725293.1,0.9824,116.0,225.0,196.0,2622636022,819605104,101618,0,0.0
1789725295.2,0.9613,115.0,223.0,196.0,2622831634,819605104,195612,0,0.0
1789725297.2,0.9581,114.0,225.0,196.0,2623013898,819605104,182264,0,0.0
1789725299.3,0.9642,115.0,225.0,196.0,2623157126,819605104,143228,0,0.0
1789725301.4,0.9413,115.0,223.0,196.0,2623311033,819605120,153907,16,0.0001
1789725303.5,0.9597,117.0,224.0,196.0,2623460442,819605120,149409,0,0.0
1789725305.6,0.9484,114.0,225.0,196.0,2623526951,819605120,66509,0,0.0
1789725307.7,0.93,112.0,227.0,196.0,2623848924,819605120,321973,0,0.0
1789725309.7,0.9352,111.0,230.0,196.0,2623968183,819605136,119259,16,0.0001
1789725311.8,0.9452,112.0,230.0,196.0,2624109400,819605136,141217,0,0.0
1789725313.9,0.9597,112.0,231.0,196.0,2624109400,819605136,0,0,
1789725316.0,0.955,112.0,228.0,196.0,2624356519,819605136,247119,0,0.0
1789725318.0,0.9576,112.0,230.0,196.0,2624467553,819605136,111034,0,0.0
1789725320.1,0.9658,112.0,229.0,196.0,2624549671,819605136,82118,0,0.0
1789725322.2,0.9621,112.0,229.0,196.0,2624710339,819605136,160668,0,0.0
1789725324.2,0.9398,110.0,232.0,196.0,2624975536,819605152,265197,16,0.0001
1789725326.3,0.9575,111.0,231.0,196.0,2625052424,819605152,76888,0,0.0
1789725328.4,0.9531,110.0,232.0,196.0,2625110350,819605152,57926,0,0.0
1789725330.5,0.9464,110.0,231.0,196.0,2625371854,819605168,261504,16,0.0001
1789725332.6,0.9489,109.0,230.0,196.0,2625585614,819605168,213760,0,0.0
1789725334.7,0.956,110.0,231.0,196.0,2625675316,819605168,89702,0,0.0
1789725336.8,0.9546,109.0,233.0,196.0,2625757209,819605168,81893,0,0.0
1789725338.9,0.9402,109.0,231.0,196.0,2625934384,819605168,177175,0,0.0
1789725340.9,0.9525,110.0,232.0,196.0,2625990495,819605168,56111,0,0.0
1789725343.0,0.952,111.0,231.0,196.0,2626214147,819605168,223652,0,0.0
1789725345.1,0.9684,113.0,230.0,196.0,2626406030,819605168,191883,0,0.0
1789725347.2,0.9732,114.0,228.0,196.0,2626562489,819605184,156459,16,0.0001
1789725349.2,0.9807,114.0,230.0,196.0,2626626816,819605184,64327,0,0.0
1789725351.3,0.9709,113.0,229.0,196.0,2626806960,819605200,180144,16,0.0001
1789725353.4,0.9679,114.0,228.0,196.0,2626960851,819605216,153891,16,0.0001
1789725355.5,0.9632,115.0,226.0,196.0,2627147460,819605216,186609,0,0.0
1789725357.5,0.9665,116.0,224.0,196.0,2627286316,819605216,138856,0,0.0
1789725359.6,0.9317,116.0,224.0,196.0,2627533563,819605216,247247,0,0.0
1789725361.7,0.9396,118.0,224.0,196.0,2627713266,819605248,179703,32,0.0002
1789725363.8,0.944,118.0,224.0,196.0,2627891179,819605248,177913,0,0.0
1789725365.8,0.9499,119.0,225.0,196.0,2628082617,819605248,191438,0,0.0
1789725367.9,0.9497,119.0,222.0,196.0,2628277187,819605264,194570,16,0.0001
1789725370.0,0.9657,121.0,222.0,196.0,2628386622,819605264,109435,0,0.0
1789725372.1,0.9442,117.0,224.0,196.0,2628571862,819605264,185240,0,0.0
1789725374.1,0.9612,120.0,225.0,196.0,2628806021,819605264,234159,0,0.0
1789725376.2,0.9614,120.0,222.0,196.0,2629000686,819605264,194665,0,0.0
1789725378.3,0.9737,122.0,223.0,196.0,2629196637,819605264,195951,0,0.0
1789725380.4,0.9834,124.0,220.0,196.0,2629321242,819605264,124605,0,0.0
1789725382.4,0.9568,124.0,215.0,196.0,2629631725,819605264,310483,0,0.0
1789725384.5,0.9594,125.0,216.0,196.0,2629753280,819605264,121555,0,0.0
1789725386.6,0.9708,126.0,215.0,196.0,2629990714,819605264,237434,0,0.0
1789725388.7,0.9722,126.0,217.0,196.0,2630109050,819605264,118336,0,0.0
1789725390.8,0.9719,127.0,215.0,196.0,2630331854,819605264,222804,0,0.0
1789725392.8,0.9891,128.0,216.0,196.0,2630459339,819605264,127485,0,0.0
1789725394.9,0.9631,124.0,216.0,196.0,2630652524,819605296,193185,32,0.0002
1789725397.0,0.9617,121.0,222.0,197.0,2630713724,819605296,61200,0,0.0
1789725399.1,0.9774,123.0,221.0,197.0,2630903442,819605312,189718,16,0.0001
1789725401.1,0.9798,124.0,219.0,197.0,2631010067,819605312,106625,0,0.0
1789725403.2,0.964,122.0,218.0,197.0,2631089282,819605312,79215,0,0.0
1789725405.3,0.9486,121.0,218.0,197.0,2631398769,819605312,309487,0,0.0
1789725407.3,0.9641,122.0,222.0,197.0,2631486232,819605312,87463,0,0.0
1789725409.4,0.9734,123.0,222.0,197.0,2631588402,819605312,102170,0,0.0
1789725411.5,0.9567,120.0,223.0,197.0,2631731286,819605312,142884,0,0.0
1789725413.6,0.968,120.0,223.0,197.0,2631879347,819605312,148061,0,0.0
1789725415.6,0.9578,119.0,222.0,197.0,2631934838,819605328,55491,16,0.0003
1789725417.7,0.9573,120.0,223.0,197.0,2632088972,819605328,154134,0,0.0
1789725419.8,0.96,120.0,223.0,197.0,2632279099,819605328,190127,0,0.0
1789725421.8,0.9713,121.0,222.0,197.0,2632403602,819605328,124503,0,0.0
1789725423.9,0.9776,121.0,221.0,197.0,2632481200,819605328,77598,0,0.0
1789725426.0,0.9728,120.0,222.0,197.0,2632680074,819638016,198874,32688,0.1644
1789725428.1,0.9785,120.0,222.0,197.0,2632772855,819638016,92781,0,0.0
1789725430.1,0.9728,119.0,224.0,197.0,2632899552,819638016,126697,0,0.0
1789725432.2,0.9639,117.0,225.0,197.0,2633196726,819638016,297174,0,0.0
1789725434.3,0.9761,116.0,227.0,197.0,2633196726,819638016,0,0,
1789725436.4,0.9813,116.0,228.0,197.0,2633265776,819638016,69050,0,0.0
1789725438.4,0.9672,114.0,229.0,197.0,2633319829,819638016,54053,0,0.0
1789725440.5,0.9679,114.0,229.0,197.0,2633583480,819638016,263651,0,0.0
1789725442.6,0.9401,112.0,229.0,197.0,2633649364,819638016,65884,0,0.0
1789725444.7,0.9389,113.0,228.0,197.0,2633927154,819670704,277790,32688,0.1177
1789725446.8,0.9654,116.0,227.0,197.0,2634145033,819670720,217879,16,0.0001
1789725448.9,0.9753,116.0,227.0,197.0,2634193141,819670720,48108,0,0.0
1789725450.9,0.9735,118.0,222.0,197.0,2634477583,819670720,284442,0,0.0
1789725453.0,0.9892,119.0,224.0,197.0,2634550041,819670720,72458,0,0.0
1789725455.1,0.9829,121.0,220.0,197.0,2634797627,819670720,247586,0,0.0
1789725457.1,0.9893,121.0,220.0,197.0,2634934556,819670720,136929,0,0.0
1789725459.2,0.9801,121.0,219.0,198.0,2635042148,819670720,107592,0,0.0
1789725461.3,0.9803,120.0,220.0,198.0,2635164116,819670720,121968,0,0.0
1789725463.4,0.9659,120.0,220.0,198.0,2635345967,819670720,181851,0,0.0
1789725465.4,0.9694,119.0,222.0,198.0,2635416024,819670720,70057,0,0.0
1789725467.5,0.9735,119.0,223.0,198.0,2635647848,819670720,231824,0,0.0
1789725469.6,0.9839,118.0,225.0,198.0,2635647848,819670720,0,0,
1789725471.7,0.971,117.0,225.0,198.0,2635821480,819670720,173632,0,0.0
1789725473.7,0.9717,116.0,224.0,198.0,2635891750,819670720,70270,0,0.0
1789725475.8,0.9596,116.0,225.0,198.0,2636123621,819670720,231871,0,0.0
1789725477.9,0.9615,116.0,227.0,198.0,2636398267,819670720,274646,0,0.0
1789725480.0,0.97,115.0,228.0,198.0,2636398267,819670720,0,0,
1789725482.0,0.9732,115.0,228.0,198.0,2636475590,819670720,77323,0,0.0
1789725484.1,0.9518,114.0,227.0,198.0,2636700642,819670720,225052,0,0.0
1789725486.2,0.9448,113.0,229.0,198.0,2636841132,819670720,140490,0,0.0
1789725488.3,0.9391,113.0,228.0,198.0,2637170887,819670720,329755,0,0.0
1789725490.3,0.9451,111.0,231.0,198.0,2637170887,819670720,0,0,
1789725492.4,0.9528,113.0,231.0,198.0,2637391362,819670720,220475,0,0.0
1789725494.5,0.9639,114.0,230.0,198.0,2637395543,819670720,4181,0,0.0
1789725496.6,0.9692,115.0,228.0,198.0,2637528629,819670720,133086,0,0.0
1789725498.6,0.968,114.0,228.0,198.0,2637723704,819670720,195075,0,0.0
1789725500.7,0.9648,114.0,228.0,198.0,2637951809,819670720,228105,0,0.0
1789725502.8,0.9748,115.0,227.0,198.0,2638056025,819670720,104216,0,0.0
1789725504.9,0.9494,114.0,229.0,199.0,2638164657,819670720,108632,0,0.0
1789725507.0,0.9519,115.0,228.0,199.0,2638385365,819670720,220708,0,0.0
1789725509.1,0.9725,118.0,224.0,199.0,2638547080,819670720,161715,0,0.0
1789725511.1,0.9607,117.0,225.0,199.0,2638633938,819670720,86858,0,0.0
1789725513.2,0.9502,116.0,223.0,199.0,2638838077,819670720,204139,0,0.0
1789725515.3,0.9363,114.0,225.0,199.0,2639001186,819670720,163109,0,0.0
1789725517.3,0.946,114.0,227.0,199.0,2639238503,819670720,237317,0,0.0
1789725519.4,0.9509,114.0,226.0,199.0,2639284535,819670720,46032,0,0.0
1789725521.5,0.956,115.0,226.0,199.0,2639402081,819670720,117546,0,0.0
1789725523.6,0.9464,115.0,225.0,199.0,2639633816,819670720,231735,0,0.0
1789725525.6,0.957,115.0,227.0,199.0,2639751568,819670720,117752,0,0.0
1789725527.7,0.9649,115.0,227.0,199.0,2639805961,819670720,54393,0,0.0
1789725529.8,0.9661,114.0,228.0,199.0,2639904720,819670720,98759,0,0.0
1789725531.9,0.9723,114.0,227.0,199.0,2640001536,819670720,96816,0,0.0
1789725533.9,0.967,113.0,227.0,199.0,2640128204,819670720,126668,0,0.0
1789725536.0,0.9596,112.0,228.0,199.0,2640196908,819670720,68704,0,0.0
1789725538.1,0.9605,112.0,228.0,199.0,2640386980,819670720,190072,0,0.0
1789725540.2,0.9712,114.0,227.0,199.0,2640634665,819670720,247685,0,0.0
1789725542.2,0.9713,114.0,224.0,199.0,2640862200,819670736,227535,16,0.0001
1789725544.3,0.9754,113.0,228.0,199.0,2640914758,819670736,52558,0,0.0
1789725546.4,0.9747,113.0,226.0,199.0,2641175323,819670752,260565,16,0.0001
1789725548.5,0.9781,114.0,225.0,199.0,2641261289,819670752,85966,0,0.0
1789725550.5,0.9668,113.0,225.0,199.0,2641395948,819670752,134659,0,0.0
1789725552.6,0.9583,113.0,223.0,199.0,2641613953,819670752,218005,0,0.0
1789725554.7,0.9536,111.0,228.0,199.0,2641703868,819670752,89915,0,0.0
1789725556.8,0.939,111.0,228.0,200.0,2642005798,819670752,301930,0,0.0
1789725558.8,0.9521,111.0,228.0,200.0,2642069898,819670768,64100,16,0.0002
1789725560.9,0.9457,110.0,230.0,200.0,2642160650,819670768,90752,0,0.0
1789725563.0,0.9316,108.0,232.0,200.0,2642505590,819670768,344940,0,0.0
1789725565.1,0.949,109.0,233.0,200.0,2642557764,819670768,52174,0,0.0
1789725567.1,0.9526,108.0,233.0,200.0,2642557764,819670768,0,0,
1789725569.2,0.9569,108.0,234.0,200.0,2642668591,819670784,110827,16,0.0001
1789725571.3,0.9603,108.0,233.0,200.0,2642742085,819670800,73494,16,0.0002
1789725573.4,0.9651,109.0,232.0,200.0,2642868862,819670800,126777,0,0.0
1789725575.4,0.9703,106.0,232.0,200.0,2642868862,819670800,0,0,
1789725577.5,0.9709,106.0,233.0,200.0,2642951835,819670800,82973,0,0.0
1789725579.6,0.9588,104.0,233.0,200.0,2643133279,819670800,181444,0,0.0
1789725581.7,0.9607,104.0,234.0,200.0,2643360936,819670800,227657,0,0.0
1789725583.8,0.9565,103.0,235.0,200.0,2643420579,819670800,59643,0,0.0
1789725585.8,0.9677,105.0,237.0,200.0,2643610772,819670800,190193,0,0.0
1789725587.9,0.9794,106.0,237.0,200.0,2643613111,819670800,2339,0,0.0
1789725590.0,0.9706,105.0,236.0,200.0,2643732910,819670816,119799,16,0.0001
1789725592.1,0.9658,104.0,238.0,200.0,2643899383,819670832,166473,16,0.0001
1789725594.2,0.9362,101.0,239.0,200.0,2643968658,819670832,69275,0,0.0
1789725596.2,0.9477,104.0,239.0,200.0,2644192164,819670832,223506,0,0.0
1789725598.3,0.9679,105.0,238.0,200.0,2644245020,819670832,52856,0,0.0
1789725600.4,0.9759,107.0,236.0,200.0,2644452662,819670832,207642,0,0.0
1789725602.4,0.9786,108.0,234.0,200.0,2644591936,819670832,139274,0,0.0
1789725604.5,0.9668,108.0,233.0,200.0,2644689472,819670832,97536,0,0.0
1789725606.6,0.9703,109.0,232.0,200.0,2644825697,819670832,136225,0,0.0
1789725608.7,0.9768,110.0,230.0,200.0,2644980024,819670848,154327,16,0.0001
1789725610.7,0.9701,110.0,229.0,200.0,2645282827,819670848,302803,0,0.0
1789725612.8,0.9632,110.0,231.0,200.0,2645390771,819670848,107944,0,0.0
1789725614.9,0.963,111.0,230.0,200.0,2645539965,819670864,149194,16,0.0001
1789725617.0,0.9616,110.0,229.0,200.0,2645674988,819670864,135023,0,0.0
1789725619.0,0.9773,112.0,231.0,200.0,2645704003,819670864,29015,0,0.0
1789725621.1,0.9772,112.0,230.0,201.0,2645818419,819670864,114416,0,0.0
1789725623.2,0.9795,112.0,231.0,201.0,2645939138,819670864,120719,0,0.0
1789725625.3,0.9788,112.0,230.0,201.0,2646035362,819670864,96224,0,0.0
1789725627.3,0.9833,112.0,230.0,201.0,2646163746,819670864,128384,0,0.0
1789725629.4,0.9704,112.0,230.0,201.0,2646399768,819670880,236022,16,0.0001
1789725631.5,0.9846,114.0,230.0,201.0,2646546437,819670880,146669,0,0.0
1789725633.6,0.9776,113.0,230.0,201.0,2646616274,819670880,69837,0,0.0
1789725635.7,0.9717,112.0,230.0,201.0,2646816938,819670880,200664,0,0.0
1789725637.8,0.98,113.0,230.0,201.0,2646965642,819670880,148704,0,0.0
1789725639.8,0.9554,113.0,228.0,201.0,2647164136,819670880,198494,0,0.0
1789725641.9,0.9715,114.0,226.0,201.0,2647275832,819670880,111696,0,0.0
1789725644.0,0.9776,116.0,226.0,201.0,2647485403,819670880,209571,0,0.0
1789725646.0,0.9673,115.0,224.0,201.0,2647660179,819670880,174776,0,0.0
1789725648.1,0.9645,115.0,227.0,201.0,2647991108,819670880,330929,0,0.0
1789725650.2,0.9752,114.0,229.0,201.0,2647991108,819670880,0,0,
1789725652.3,0.9564,112.0,230.0,201.0,2648184985,819670880,193877,0,0.0
1789725654.4,0.9537,112.0,230.0,201.0,2648317300,819670880,132315,0,0.0
1789725656.5,0.9482,112.0,230.0,201.0,2648396929,819670880,79629,0,0.0
1789725658.6,0.9609,114.0,229.0,201.0,2648556678,819670880,159749,0,0.0
1789725660.6,0.9621,115.0,228.0,201.0,2648744377,819670880,187699,0,0.0
1789725662.7,0.9711,115.0,229.0,201.0,2648945914,819670880,201537,0,0.0
1789725664.8,0.9749,114.0,231.0,201.0,2648945914,819670880,0,0,
1789725666.8,0.9507,111.0,230.0,201.0,2649272510,819670880,326596,0,0.0
1789725668.9,0.9611,110.0,234.0,201.0,2649272510,819670880,0,0,
1789725671.0,0.969,110.0,234.0,201.0,2649328273,819670880,55763,0,0.0
1789725673.1,0.9527,109.0,231.0,201.0,2649628362,819670880,300089,0,0.0
1789725675.2,0.9664,110.0,231.0,201.0,2649760226,819670880,131864,0,0.0
1789725677.2,0.9773,110.0,231.0,201.0,2649815235,819670896,55009,16,0.0003
1789725679.3,0.969,108.0,231.0,201.0,2649971121,819670912,155886,16,0.0001
1789725681.4,0.9735,108.0,234.0,201.0,2650129988,819670912,158867,0,0.0
1789725683.5,0.9784,109.0,235.0,201.0,2650229897,819670912,99909,0,0.0
1789725685.5,0.9675,109.0,234.0,201.0,2650444724,819670912,214827,0,0.0
1789725687.6,0.9669,109.0,233.0,201.0,2650573292,819670912,128568,0,0.0
1789725689.7,0.9715,111.0,231.0,201.0,2650760525,819670912,187233,0,0.0
1789725691.8,0.973,111.0,231.0,201.0,2650878387,819670912,117862,0,0.0
1789725693.8,0.9674,109.0,233.0,201.0,2651006338,819670912,127951,0,0.0
1789725695.9,0.9509,108.0,233.0,201.0,2651288170,819670912,281832,0,0.0
1789725698.0,0.9716,110.0,231.0,201.0,2651434719,819670912,146549,0,0.0
1789725700.1,0.9609,108.0,231.0,201.0,2651697785,819670912,263066,0,0.0
1789725702.1,0.9496,106.0,231.0,201.0,2651844156,819670912,146371,0,0.0
1789725704.2,0.9624,106.0,235.0,201.0,2651844156,819670912,0,0,
1789725706.3,0.9578,106.0,235.0,201.0,2652077541,819670912,233385,0,0.0
1789725708.4,0.9682,107.0,236.0,201.0,2652129686,819670912,52145,0,0.0
1789725710.4,0.9569,107.0,235.0,201.0,2652440603,819670912,310917,0,0.0
1789725712.5,0.9682,107.0,237.0,201.0,2652487600,819670912,46997,0,0.0
1789725714.6,0.9442,105.0,237.0,201.0,2652719053,819670912,231453,0,0.0
1789725716.7,0.9634,107.0,236.0,201.0,2652863489,819670912,144436,0,0.0
1789725718.8,0.9673,106.0,237.0,201.0,2652863489,819670912,0,0,
1789725720.9,0.9581,106.0,236.0,201.0,2653113962,819670912,250473,0,0.0
1789725722.9,0.9713,107.0,234.0,201.0,2653256397,819670912,142435,0,0.0
1789725725.0,0.9723,106.0,234.0,201.0,2653316706,819670912,60309,0,0.0
1789725727.1,0.9643,105.0,236.0,201.0,2653423090,819670912,106384,0,0.0
1789725729.1,0.9628,106.0,235.0,201.0,2653777009,819670912,353919,0,0.0
1789725731.2,0.9662,105.0,235.0,201.0,2653843239,819670912,66230,0,0.0
1789725733.3,0.976,106.0,235.0,201.0,2653978522,819670912,135283,0,0.0
1789725735.4,0.9737,107.0,235.0,201.0,2654154440,819670912,175918,0,0.0
1789725737.4,0.9757,107.0,234.0,201.0,2654226973,819670912,72533,0,0.0
1789725739.5,0.9694,107.0,233.0,201.0,2654463003,819670928,236030,16,0.0001
1789725741.6,0.9709,107.0,233.0,201.0,2654579413,819670928,116410,0,0.0
1789725743.6,0.9607,106.0,233.0,201.0,2654678774,819670928,99361,0,0.0
1789725745.7,0.9403,104.0,238.0,201.0,2654864941,819670928,186167,0,0.0
1789725747.8,0.9569,106.0,236.0,201.0,2655022321,819670928,157380,0,0.0
1789725749.9,0.956,105.0,236.0,201.0,2655138216,819670928,115895,0,0.0
1789725751.9,0.9681,106.0,235.0,201.0,2655330613,819670928,192397,0,0.0
1789725754.0,0.9724,106.0,236.0,201.0,2655394872,819670928,64259,0,0.0
1789725756.1,0.9682,105.0,237.0,201.0,2655478714,819670928,83842,0,0.0
1789725758.2,0.9647,105.0,237.0,201.0,2655757187,819670928,278473,0,0.0
1789725760.2,0.9825,106.0,236.0,201.0,2655803198,819670944,46011,16,0.0003
1789725762.3,0.9842,105.0,236.0,201.0,2655862951,819670944,59753,0,0.0
1789725764.4,0.971,105.0,236.0,201.0,2656024200,819670960,161249,16,0.0001
1789725766.4,0.9568,103.0,236.0,201.0,2656232576,819670960,208376,0,0.0
1789725768.5,0.9694,104.0,237.0,201.0,2656375096,819670960,142520,0,0.0
1789725770.6,0.9847,105.0,236.0,201.0,2656449030,819670976,73934,16,0.0002
1789725772.7,0.9732,107.0,235.0,201.0,2656599546,819670976,150516,0,0.0
1789725774.7,0.9624,107.0,235.0,201.0,2656804195,819670976,204649,0,0.0
1789725776.8,0.9664,107.0,235.0,201.0,2656905980,819670992,101785,16,0.0002
1789725778.9,0.9715,108.0,235.0,201.0,2657083622,819670992,177642,0,0.0
1789725781.0,0.9376,107.0,234.0,201.0,2657355862,819671008,272240,16,0.0001
1789725783.0,0.956,107.0,236.0,201.0,2657355862,819671008,0,0,
1789725785.1,0.9549,107.0,234.0,201.0,2657612436,819671024,256574,16,0.0001
1789725787.2,0.9569,106.0,236.0,201.0,2657612436,819671024,0,0,
1789725789.3,0.9652,108.0,232.0,201.0,2657866129,819671024,253693,0,0.0
1789725791.3,0.9455,107.0,233.0,201.0,2658019064,819671024,152935,0,0.0
1789725793.4,0.9548,107.0,233.0,201.0,2658138048,819671024,118984,0,0.0
1789725795.5,0.9698,110.0,230.0,201.0,2658409422,819671024,271374,0,0.0
1789725797.6,0.9707,110.0,230.0,201.0,2658521253,819671024,111831,0,0.0
1789725799.7,0.9781,110.0,229.0,201.0,2658662596,819671024,141343,0,0.0
1789725801.7,0.981,110.0,231.0,201.0,2658883521,819671024,220925,0,0.0
1789725803.8,0.9922,110.0,232.0,201.0,2658935578,819671024,52057,0,0.0
1789725805.9,0.9443,106.0,230.0,201.0,2659105186,819671024,169608,0,0.0
1789725808.0,0.954,108.0,231.0,201.0,2659472763,819671024,367577,0,0.0
1789725810.0,0.9652,108.0,233.0,201.0,2659472763,819671024,0,0,
1789725812.1,0.945,105.0,236.0,201.0,2659523171,819671024,50408,0,0.0
1789725814.2,0.9474,105.0,236.0,201.0,2659610930,819671024,87759,0,0.0
1789725816.3,0.9458,104.0,238.0,201.0,2659755391,819671024,144461,0,0.0
1789725818.3,0.9526,105.0,238.0,201.0,2659828003,819671024,72612,0,0.0
1789725820.4,0.959,105.0,237.0,201.0,2659886737,819671040,58734,16,0.0003
1789725822.5,0.9643,106.0,236.0,201.0,2660028020,819671040,141283,0,0.0
1789725824.6,0.942,104.0,237.0,201.0,2660353583,819671040,325563,0,0.0
1789725826.6,0.9433,103.0,236.0,201.0,2660561726,819671040,208143,0,0.0
1789725828.7,0.9396,102.0,239.0,201.0,2660612301,819671040,50575,0,0.0
1789725830.8,0.9414,102.0,239.0,201.0,2660839357,819671040,227056,0,0.0
1789725832.8,0.9504,103.0,238.0,201.0,2660899609,819671040,60252,0,0.0
1789725834.9,0.95,101.0,239.0,201.0,2660899609,819671040,0,0,
1789725837.0,0.9533,101.0,238.0,201.0,2660998877,819671040,99268,0,0.0
1789725839.1,0.9594,100.0,240.0,201.0,2660998877,819671040,0,0,
1789725841.1,0.9569,101.0,240.0,201.0,2661101903,819671040,103026,0,0.0
1789725843.2,0.9632,101.0,242.0,201.0,2661248756,819671040,146853,0,0.0
1789725845.3,0.9651,102.0,241.0,201.0,2661381489,819671056,132733,16,0.0001
1789725847.4,0.9611,101.0,242.0,201.0,2661512554,819671056,131065,0,0.0
1789725849.4,0.9655,102.0,242.0,201.0,2661613680,819671056,101126,0,0.0
1789725851.5,0.9317,102.0,240.0,201.0,2661899265,819671056,285585,0,0.0
1789725853.6,0.9402,103.0,238.0,201.0,2662107497,819671072,208232,16,0.0001
1789725855.7,0.9477,103.0,239.0,201.0,2662134229,819671072,26732,0,0.0
1789725857.7,0.9452,104.0,238.0,201.0,2662261292,819671072,127063,0,0.0
1789725859.8,0.9588,108.0,233.0,201.0,2662544753,819671104,283461,32,0.0001
1789725861.9,0.9694,108.0,234.0,201.0,2662653385,819671120,108632,16,0.0001
1789725863.9,0.9722,108.0,234.0,201.0,2662700067,819671120,46682,0,0.0
1789725866.0,0.9759,110.0,232.0,201.0,2662936614,819671120,236547,0,0.0
1789725868.1,0.9842,110.0,234.0,201.0,2662936614,819671120,0,0,
1789725870.2,0.9813,110.0,232.0,201.0,2663059778,819671120,123164,0,0.0
1789725872.2,0.9546,108.0,231.0,201.0,2663348074,819671136,288296,16,0.0001
1789725874.3,0.9616,110.0,231.0,201.0,2663465306,819671136,117232,0,0.0
1789725876.4,0.9579,111.0,231.0,201.0,2663671429,819671136,206123,0,0.0
1789725878.4,0.9638,111.0,232.0,201.0,2663793370,819671136,121941,0,0.0
1789725880.5,0.9668,112.0,231.0,201.0,2663972948,819671152,179578,16,0.0001
1789725882.6,0.9783,113.0,230.0,201.0,2664077132,819671152,104184,0,0.0
1789725884.7,0.9784,112.0,231.0,202.0,2664141501,819671152,64369,0,0.0
1789725886.7,0.9704,113.0,231.0,202.0,2664302062,819671168,160561,16,0.0001
1789725888.8,0.9706,113.0,230.0,202.0,2664496685,819671168,194623,0,0.0
1789725890.9,0.9315,110.0,230.0,202.0,2664681399,819671168,184714,0,0.0
1789725893.0,0.9369,110.0,232.0,202.0,2664889167,819671168,207768,0,0.0
1789725895.0,0.9268,111.0,232.0,202.0,2665090234,819671168,201067,0,0.0
1789725897.1,0.9389,112.0,232.0,202.0,2665180951,819694960,90717,23792,0.2623
1789725899.2,0.9433,114.0,231.0,202.0,2665490604,819694976,309653,16,0.0001
1789725901.3,0.955,114.0,231.0,202.0,2665551540,819694976,60936,0,0.0
1789725903.3,0.9517,114.0,229.0,202.0,2665722500,819694976,170960,0,0.0
1789725905.4,0.9534,116.0,228.0,202.0,2666055615,819694976,333115,0,0.0
1789725907.5,0.9736,118.0,227.0,202.0,2666178501,819694976,122886,0,0.0
1789725909.6,0.9852,118.0,226.0,202.0,2666223484,819694976,44983,0,0.0
1789725911.6,0.9862,118.0,224.0,202.0,2666400297,819694976,176813,0,0.0
1789725913.7,0.966,118.0,224.0,202.0,2666504064,819694976,103767,0,0.0
1789725915.8,0.9752,120.0,221.0,202.0,2666792286,819694976,288222,0,0.0
1789725917.9,0.9851,120.0,222.0,202.0,2666850866,819694976,58580,0,0.0
1789725919.9,0.9722,118.0,226.0,202.0,2667046650,819694976,195784,0,0.0
1789725922.0,0.9767,119.0,224.0,202.0,2667090090,819694976,43440,0,0.0
1789725924.1,0.9671,119.0,221.0,202.0,2667329173,819694976,239083,0,0.0
1789725926.2,0.9703,119.0,224.0,202.0,2667494187,819694976,165014,0,0.0
1789725928.2,0.9687,118.0,224.0,202.0,2667650307,819694976,156120,0,0.0
1789725930.3,0.9701,118.0,225.0,202.0,2667856198,819694976,205891,0,0.0
1789725932.4,0.9812,120.0,225.0,202.0,2667942547,819694976,86349,0,0.0
1789725934.4,0.9703,117.0,226.0,202.0,2668126467,819694976,183920,0,0.0
1789725936.5,0.9655,116.0,226.0,202.0,2668239644,819694976,113177,0,0.0
1789725938.6,0.9694,118.0,226.0,202.0,2668488462,819694976,248818,0,0.0
1789725940.7,0.9814,120.0,223.0,202.0,2668606041,819694976,117579,0,0.0
1789725942.8,0.9734,118.0,223.0,202.0,2668793454,819694976,187413,0,0.0
1789725944.8,0.9826,119.0,224.0,202.0,2668902493,819694976,109039,0,0.0
1789725946.9,0.9572,117.0,225.0,202.0,2669157362,819694976,254869,0,0.0
1789725949.0,0.9309,116.0,226.0,202.0,2669314175,819694976,156813,0,0.0
1789725951.0,0.9489,118.0,225.0,202.0,2669466456,819694976,152281,0,0.0
1789725953.1,0.9673,120.0,223.0,202.0,2669696291,819694976,229835,0,0.0
1789725955.2,0.9692,119.0,222.0,202.0,2669892822,819694976,196531,0,0.0
1789725957.3,0.9266,115.0,220.0,202.0,2670179044,819694976,286222,0,0.0
1789725959.3,0.9431,116.0,218.0,202.0,2670362521,819694976,183477,0,0.0
1789725961.4,0.9577,117.0,217.0,202.0,2670413725,819694976,51204,0,0.0
1789725963.5,0.9632,119.0,213.0,202.0,2670597877,819694976,184152,0,0.0
1789725965.6,0.9435,117.0,210.0,202.0,2670790832,819694976,192955,0,0.0
1789725967.7,0.9513,119.0,206.0,202.0,2671097909,819694976,307077,0,0.0
1789725969.7,0.9573,119.0,204.0,202.0,2671227856,819694976,129947,0,0.0
1789725971.8,0.9735,121.0,201.0,202.0,2671464293,819694976,236437,0,0.0
1789725973.9,0.969,121.0,199.0,202.0,2671614296,819695008,150003,32,0.0002
1789725976.0,0.9702,120.0,198.0,202.0,2671730246,819695008,115950,0,0.0
1789725978.0,0.9701,119.0,196.0,202.0,2671890221,819695024,159975,16,0.0001
1789725980.1,0.9727,118.0,194.0,202.0,2672028928,819695040,138707,16,0.0001
1789725982.2,0.9745,118.0,193.0,202.0,2672117581,819695040,88653,0,0.0
1789725984.3,0.9535,116.0,190.0,202.0,2672381156,819695040,263575,0,0.0
1789725986.3,0.9499,114.0,188.0,202.0,2672488537,819695040,107381,0,0.0
1789725988.4,0.9671,116.0,186.0,202.0,2672558971,819695040,70434,0,0.0
1789725990.5,0.962,116.0,183.0,202.0,2672766963,819695056,207992,16,0.0001
1789725992.5,0.9528,114.0,182.0,202.0,2672888859,819695056,121896,0,0.0
1789725994.6,0.9464,113.0,179.0,202.0,2673200127,819695056,311268,0,0.0
1789725996.7,0.9466,111.0,179.0,202.0,2673200127,819695056,0,0,
1789725998.7,0.9452,111.0,176.0,202.0,2673446584,819695056,246457,0,0.0
1789726000.8,0.9558,111.0,175.0,202.0,2673529985,819695056,83401,0,0.0
1789726002.9,0.9497,110.0,175.0,203.0,2673642695,819695056,112710,0,0.0
1789726005.0,0.9598,111.0,172.0,203.0,2673798214,819695056,155519,0,0.0
1789726007.0,0.9689,112.0,170.0,203.0,2673910203,819695056,111989,0,0.0
1789726009.1,0.9701,112.0,168.0,203.0,2674022182,819695056,111979,0,0.0
1789726011.2,0.9635,110.0,167.0,203.0,2674095418,819695056,73236,0,0.0
1789726013.2,0.959,111.0,163.0,203.0,2674369617,819695056,274199,0,0.0
1789726015.3,0.9727,112.0,161.0,203.0,2674477885,819695056,108268,0,0.0
1789726017.4,0.9602,110.0,160.0,203.0,2674555428,819695056,77543,0,0.0
1789726019.5,0.9408,107.0,158.0,203.0,2674846727,819695056,291299,0,0.0
1789726021.5,0.9457,107.0,157.0,203.0,2674915388,819695056,68661,0,0.0
1789726023.6,0.9434,108.0,154.0,203.0,2675107788,819695072,192400,16,0.0001
1789726025.7,0.9645,110.0,152.0,203.0,2675240626,819695072,132838,0,0.0
1789726027.7,0.9664,109.0,151.0,203.0,2675318251,819695088,77625,16,0.0002
1789726029.8,0.9813,110.0,150.0,203.0,2675366508,819695088,48257,0,0.0
1789726031.9,0.9824,110.0,149.0,203.0,2675438292,819695088,71784,0,0.0
1789726034.0,0.9539,108.0,145.0,203.0,2675709853,819695088,271561,0,0.0
1789726036.0,0.9597,109.0,143.0,203.0,2675864199,819695088,154346,0,0.0
1789726038.1,0.9531,108.0,140.0,203.0,2676137811,819695088,273612,0,0.0
1789726040.2,0.9598,109.0,138.0,203.0,2676229132,819695088,91321,0,0.0
1789726042.2,0.9689,110.0,135.0,203.0,2676426293,819695088,197161,0,0.0
1789726044.3,0.9652,110.0,134.0,203.0,2676515073,819695088,88780,0,0.0
1789726046.4,0.954,110.0,131.0,203.0,2676639004,819695088,123931,0,0.0
1789726048.4,0.9572,111.0,129.0,203.0,2676779761,819695104,140757,16,0.0001
1789726050.5,0.9518,112.0,125.0,203.0,2676982946,819695104,203185,0,0.0
1789726052.6,0.9627,112.0,125.0,203.0,2676982946,819695104,0,0,
1789726054.6,0.9448,112.0,121.0,203.0,2677307516,819695104,324570,0,0.0
1789726056.7,0.948,112.0,120.0,203.0,2677454380,819695104,146864,0,0.0
1789726058.8,0.9351,110.0,119.0,203.0,2677562491,819695120,108111,16,0.0001
1789726060.8,0.9373,109.0,119.0,203.0,2677562491,819695120,0,0,
1789726062.9,0.9412,110.0,116.0,203.0,2677733894,819695120,171403,0,0.0
1789726065.0,0.9554,111.0,115.0,203.0,2677811842,819695120,77948,0,0.0
1789726067.1,0.9646,112.0,114.0,203.0,2677868129,819695120,56287,0,0.0
1789726069.1,0.9402,111.0,110.0,203.0,2678281054,819695120,412925,0,0.0
1789726071.2,0.9534,111.0,109.0,203.0,2678344881,819695120,63827,0,0.0
1789726073.3,0.9473,112.0,107.0,203.0,2678529086,819695120,184205,0,0.0
1789726075.3,0.7418,84.0,76.0,203.0,2678650550,819695120,121464,0,0.0
1789726077.4,0.0,0.0,0.0,203.0,2678650550,819695120,0,0,
1789726079.5,0.0,0.0,0.0,203.0,2678650550,819695120,0,0,
1789726081.5,0.0,0.0,0.0,203.0,2678650550,819695120,0,0,
1789726083.6,0.0,0.0,0.0,203.0,2678650550,819695120,0,0,
1789726085.7,0.0,0.0,0.0,203.0,2678650550,819695120,0,0,
1789726087.7,0.0,0.0,0.0,203.0,2678650550,819695120,0,0,
1789726089.8,0.0,0.0,0.0,203.0,2678650550,819695120,0,0,
1789726091.9,0.0,0.0,0.0,203.0,2678650550,819695120,0,0,
1789726093.9,0.0,0.0,0.0,203.0,2678650550,819695120,0,0,
1789726096.0,0.0,0.0,0.0,203.0,2678650550,819695120,0,0,
1789726098.1,0.0,0.0,0.0,203.0,2678650550,819695120,0,0,
1789726100.1,0.0,0.0,0.0,203.0,2678650550,819695120,0,0,
1789726102.2,0.0,0.0,0.0,203.0,2678650550,819695120,0,0,
1789726104.3,0.0,0.0,0.0,203.0,2678650550,819695120,0,0,
1789726106.4,0.0,0.0,0.0,203.0,2678650550,819695120,0,0,
1789726108.4,0.0,0.0,0.0,203.0,2678650550,819695120,0,0,
1789726110.5,0.0,0.0,0.0,203.0,2678650550,819695120,0,0,
1789726112.5,0.0,0.0,0.0,203.0,2678650550,819695120,0,0,
1789726114.6,0.0,0.0,0.0,203.0,2678650550,819695120,0,0,
1789726116.7,0.0,0.0,0.0,203.0,2678650550,819695120,0,0,
1789726118.7,0.0,0.0,0.0,203.0,2678650550,819695120,0,0,
1789726120.8,0.0,0.0,0.0,203.0,2678650550,819695120,0,0,
1789726122.9,0.0,0.0,0.0,203.0,2678650550,819695120,0,0,
1789726124.9,0.0,0.0,0.0,203.0,2678650550,819695120,0,0,
1789726127.0,0.0,0.0,0.0,203.0,2678650550,819695120,0,0,
1789726129.1,0.0,0.0,0.0,203.0,2678650550,819695120,0,0,
1789726131.2,0.0,0.0,0.0,203.0,2678650550,819695120,0,0,
1789726133.2,0.0,0.0,0.0,203.0,2678650550,819695120,0,0,
1789726135.3,0.0,0.0,0.0,203.0,2678650550,819695120,0,0,
1789726137.4,0.0,0.0,0.0,203.0,2678650550,819695120,0,0,
1789726139.4,0.0,0.0,0.0,203.0,2678650550,819695120,0,0,
1789726141.5,0.0,0.0,0.0,203.0,2678650550,819695120,0,0,
1789726143.6,0.0,0.0,0.0,203.0,2678650550,819695120,0,0,
1789726145.6,0.0,0.0,0.0,203.0,2678650550,819695120,0,0,
1789726147.7,0.0,0.0,0.0,203.0,2678650550,819695120,0,0,
1789726149.8,0.0,0.0,0.0,203.0,2678650550,819695120,0,0,
1789726151.8,0.0,0.0,0.0,203.0,2678650550,819695120,0,0,
1789726153.9,0.0,0.0,0.0,203.0,2678650550,819695120,0,0,
1789726156.0,0.0,0.0,0.0,203.0,2678650550,819695120,0,0,
1789726158.0,0.0,0.0,0.0,203.0,2678650550,819695120,0,0,
1789726160.1,0.0,0.0,0.0,203.0,2678650550,819695120,0,0,
1789726162.2,0.0,0.0,0.0,203.0,2678650550,819695120,0,0,
1789726164.2,0.0,0.0,0.0,203.0,2678650550,819695120,0,0,
1789726166.3,0.0,0.0,0.0,203.0,2678650550,819695120,0,0,
1789726168.4,0.0,0.0,0.0,203.0,2678650550,819695120,0,0,
1789726170.4,0.0,0.0,0.0,203.0,2678650550,819695120,0,0,
1789726172.5,0.0,0.0,0.0,203.0,2678650550,819695120,0,0,
1789726174.6,0.0,0.0,0.0,203.0,2678650550,819695120,0,0,
1789726176.6,0.0,0.0,0.0,203.0,2678650550,819695120,0,0,
1789726178.7,0.0,0.0,0.0,203.0,2678650550,819695120,0,0,
1789726180.8,0.0,0.0,0.0,203.0,2678650550,819695120,0,0,
1789726182.8,0.0,0.0,0.0,203.0,2678650550,819695120,0,0,
1789726184.9,0.0,0.0,0.0,203.0,2678650550,819695120,0,0,
1789726187.0,0.0,0.0,0.0,203.0,2678650550,819695120,0,0,
1789726189.0,0.0,0.0,0.0,203.0,2678650550,819695120,0,0,
1789726191.1,0.0,0.0,0.0,203.0,2678650550,819695120,0,0,
1789726193.2,0.0,0.0,0.0,203.0,2678650550,819695120,0,0,
1789726195.2,0.0,0.0,0.0,203.0,2678650550,819695120,0,0,
1789726197.3,0.0,0.0,0.0,203.0,2678650550,819695120,0,0,
1789726199.4,0.0,0.0,0.0,203.0,2678650550,819695120,0,0,
1789726201.4,0.0,0.0,0.0,203.0,2678650550,819695120,0,0,
1789726203.5,0.0,0.0,0.0,203.0,2678650550,819695120,0,0,
1789726205.6,0.0,0.0,0.0,203.0,2678650550,819695120,0,0,
1789726207.6,0.0,0.0,0.0,203.0,2678650550,819695120,0,0,
1789726209.7,0.0,0.0,0.0,203.0,2678650550,819695120,0,0,
1789726211.8,0.0,0.0,0.0,203.0,2678650550,819695120,0,0,
1789726213.8,0.0,0.0,0.0,203.0,2678650550,819695120,0,0,
1789726215.9,0.0,0.0,0.0,203.0,2678650550,819695120,0,0,
1789726218.0,0.0,0.0,0.0,203.0,2678650550,819695120,0,0,
1789726220.0,0.0,0.0,0.0,203.0,2678650550,819695120,0,0,
1789726222.1,0.0,0.0,0.0,203.0,2678650550,819695120,0,0,
1789726224.2,0.0,0.0,0.0,203.0,2678650550,819695120,0,0,
1789726226.2,0.0,0.0,0.0,203.0,2678650550,819695120,0,0,
1789726228.3,0.0,0.0,0.0,203.0,2678650550,819695120,0,0,
1789726230.4,0.0,0.0,0.0,203.0,2678650550,819695120,0,0,
1789726232.4,0.0,0.0,0.0,203.0,2678650550,819695120,0,0,
1789726234.5,0.0,0.0,0.0,203.0,2678650550,819695120,0,0,
1789726236.6,0.0,0.0,0.0,203.0,2678650550,819695120,0,0,
1789726238.6,0.0,0.0,0.0,203.0,2678650550,819695120,0,0,
1789726240.7,0.0,0.0,0.0,203.0,2678650550,819695120,0,0,
1789726242.8,0.0,0.0,0.0,203.0,2678650550,819695120,0,0,
1789726244.8,0.0,0.0,0.0,203.0,2678650550,819695120,0,0,
1789726246.9,0.0,0.0,0.0,203.0,2678650550,819695120,0,0,
1789726249.0,0.0,0.0,0.0,203.0,2678650550,819695120,0,0,
1789726251.0,0.0,0.0,0.0,203.0,2678650550,819695120,0,0,
1789726253.1,0.0,0.0,0.0,203.0,2678650550,819695120,0,0,
1789726255.2,0.0,0.0,0.0,203.0,2678650550,819695120,0,0,
1789726257.2,0.0,0.0,0.0,203.0,2678650550,819695120,0,0,
1789726259.3,0.0,0.0,0.0,203.0,2678650550,819695120,0,0,
1789726261.4,0.0,0.0,0.0,203.0,2678650550,819695120,0,0,
1789726263.4,0.0,0.0,0.0,203.0,2678650550,819695120,0,0,
1789726265.5,0.0,0.0,0.0,203.0,2678650550,819695120,0,0,
1789726267.6,0.0,0.0,0.0,203.0,2678650550,819695120,0,0,
1789726269.7,0.0,0.0,0.0,203.0,2678650550,819695120,0,0,
1789726271.7,0.0,0.0,0.0,203.0,2678650550,819695120,0,0,
1789726273.8,0.0,0.0,0.0,203.0,2678650550,819695120,0,0,
1789726275.9,0.0,0.0,0.0,203.0,2678650550,819695120,0,0,
1789726277.9,0.0,0.0,0.0,203.0,2678650550,819695120,0,0,
1789726280.0,0.0,0.0,0.0,203.0,2678650550,819695120,0,0,
1789726282.1,0.0,0.0,0.0,203.0,2678650550,819695120,0,0,
1789726284.1,0.0,0.0,0.0,203.0,2678650550,819695120,0,0,
1789726286.2,0.0,0.0,0.0,203.0,2678650550,819695120,0,0,
1789726288.3,0.0,0.0,0.0,203.0,2678650550,819695120,0,0,
1789726290.3,0.0,0.0,0.0,203.0,2678650550,819695120,0,0,
1789726292.4,0.0,0.0,0.0,203.0,2678650550,819695120,0,0,
1789726294.5,0.0,0.0,0.0,203.0,2678650550,819695120,0,0,
1789726296.5,0.0,0.0,0.0,203.0,2678650550,819695120,0,0,
1789726298.6,0.0,0.0,0.0,203.0,2678650550,819695120,0,0,
1789726300.7,0.0,0.0,0.0,203.0,2678650550,819695120,0,0,
1789726302.7,0.0,0.0,0.0,203.0,2678650550,819695120,0,0,
1789726304.8,0.0,0.0,0.0,203.0,2678650550,819695120,0,0,
1789726306.9,0.0,0.0,0.0,203.0,2678650550,819695120,0,0,
1789726308.9,0.0,0.0,0.0,203.0,2678650550,819695120,0,0,
1789726311.0,0.0,0.0,0.0,203.0,2678650550,819695120,0,0,
1789726313.1,0.0,0.0,0.0,203.0,2678650550,819695120,0,0,
1789726315.1,0.0,0.0,0.0,203.0,2678650550,819695120,0,0,
1789726317.2,0.0,0.0,0.0,203.0,2678650550,819695120,0,0,
1789726319.3,0.0,0.0,0.0,203.0,2678650550,819695120,0,0,
1789726321.3,0.0,0.0,0.0,203.0,2678650550,819695120,0,0,
1789726323.4,0.0,0.0,0.0,203.0,2678650550,819695120,0,0,
1789726325.4,0.0,0.0,0.0,203.0,2678650550,819695120,0,0,
1789726327.5,0.0,0.0,0.0,203.0,2678650550,819695120,0,0,
1789726329.6,0.0,0.0,0.0,203.0,2678650550,819695120,0,0,
1789726331.7,0.0,0.0,0.0,203.0,2678650550,819695120,0,0,
1789726333.7,0.0,0.0,0.0,203.0,2678650550,819695120,0,0,
1789726335.8,0.0,0.0,0.0,203.0,2678650550,819695120,0,0,
1789726337.9,0.0,0.0,0.0,203.0,2678650550,819695120,0,0,
1789726339.9,0.0,0.0,0.0,203.0,2678650550,819695120,0,0,
1789726342.0,0.0,0.0,0.0,203.0,2678650550,819695120,0,0,
1789726344.0,0.0,0.0,0.0,203.0,2678650550,819695120,0,0,
1789726346.1,0.0,0.0,0.0,203.0,2678650550,819695120,0,0,
1789726348.2,0.0,0.0,0.0,203.0,2678650550,819695120,0,0,
1789726348.3,0.0,0.0,0.0,203.0,2678650550,819695120,0,0,
