ts,kv_cache_usage_perc,num_requests_running,num_requests_waiting,num_preemptions_total,cum_prefix_cache_queries,cum_prefix_cache_hits,interval_queries,interval_hits,interval_hit_rate
1789723187.9,0.0,0.0,0.0,45.0,773408362,282870752,0,0,
1789723190.0,0.0,0.0,0.0,45.0,773408362,282870752,0,0,
1789723192.0,0.0,0.0,0.0,45.0,773408362,282870752,0,0,
1789723194.1,0.0,0.0,0.0,45.0,773408362,282870752,0,0,
1789723196.1,0.0,0.0,0.0,45.0,773408362,282870752,0,0,
1789723198.1,0.0,0.0,0.0,45.0,773408362,282870752,0,0,
1789723200.2,0.0,0.0,0.0,45.0,773408362,282870752,0,0,
1789723202.3,0.0,0.0,0.0,45.0,773408362,282870752,0,0,
1789723204.3,0.0,0.0,0.0,45.0,773408362,282870752,0,0,
1789723206.4,0.0,0.0,0.0,45.0,773408362,282870752,0,0,
1789723208.4,0.0,0.0,0.0,45.0,773408362,282870752,0,0,
1789723210.4,0.0,0.0,0.0,45.0,773408362,282870752,0,0,
1789723212.5,0.0,0.0,0.0,45.0,773408362,282870752,0,0,
1789723214.5,0.0,0.0,0.0,45.0,773408362,282870752,0,0,
1789723216.6,0.0,0.0,0.0,45.0,773408362,282870752,0,0,
1789723218.6,0.0,0.0,0.0,45.0,773408362,282870752,0,0,
1789723220.7,0.0,0.0,0.0,45.0,773408362,282870752,0,0,
1789723222.7,0.0,0.0,0.0,45.0,773408362,282870752,0,0,
1789723224.8,0.0,0.0,0.0,45.0,773408362,282870752,0,0,
1789723226.8,0.0,0.0,0.0,45.0,773408362,282870752,0,0,
1789723228.8,0.0,0.0,0.0,45.0,773408362,282870752,0,0,
1789723230.9,0.0,0.0,0.0,45.0,773408362,282870752,0,0,
1789723232.9,0.0,0.0,0.0,45.0,773408362,282870752,0,0,
1789723235.0,0.0,0.0,0.0,45.0,773408362,282870752,0,0,
1789723237.0,0.0,0.0,0.0,45.0,773408362,282870752,0,0,
1789723239.1,0.0,0.0,0.0,45.0,773408362,282870752,0,0,
1789723241.1,0.0,0.0,0.0,45.0,773408362,282870752,0,0,
1789723243.2,0.0,0.0,0.0,45.0,773408362,282870752,0,0,
1789723245.2,0.0,0.0,0.0,45.0,773408362,282870752,0,0,
1789723247.2,0.0,0.0,0.0,45.0,773408362,282870752,0,0,
1789723249.3,0.0,0.0,0.0,45.0,773408362,282870752,0,0,
1789723251.3,0.0,0.0,0.0,45.0,773408362,282870752,0,0,
1789723253.4,0.0,0.0,0.0,45.0,773408362,282870752,0,0,
1789723255.4,0.0,0.0,0.0,45.0,773412041,282870752,3679,0,0.0
1789723257.5,0.04028924142074475,4.0,10.0,45.0,773526975,282870752,114934,0,0.0
1789723259.6,0.08407598666800176,9.0,17.0,45.0,773644116,282870752,117141,0,0.0
1789723261.7,0.1207103723518389,10.0,31.0,45.0,773708419,282870752,64303,0,0.0
1789723263.7,0.15696568297881475,23.0,33.0,45.0,773787055,282870752,78636,0,0.0
1789723265.8,0.19221251090734837,26.0,42.0,45.0,773847657,282870752,60602,0,0.0
1789723267.9,0.22690860714949856,25.0,47.0,45.0,773949141,282870752,101484,0,0.0
1789723270.0,0.2576566009126411,20.0,56.0,45.0,774025172,282870752,76031,0,0.0
1789723272.1,0.2823250890468766,19.0,63.0,45.0,774058798,282870752,33626,0,0.0
1789723274.2,0.3224498261976626,26.0,59.0,45.0,774168464,282870752,109666,0,0.0
1789723276.2,0.3537628563663152,27.0,57.0,45.0,774267138,282870752,98674,0,0.0
1789723278.3,0.38065572832477435,28.0,56.0,45.0,774320473,282870752,53335,0,0.0
1789723280.4,0.41254809961806405,25.0,61.0,45.0,774367795,282870768,47322,16,0.0003
1789723282.5,0.4414936987712246,26.0,59.0,45.0,774428232,282870768,60437,0,0.0
1789723284.6,0.47048221208176577,29.0,57.0,45.0,774527604,282870768,99372,0,0.0
1789723286.7,0.5103637690073956,33.0,52.0,45.0,774597508,282870768,69904,0,0.0
1789723288.7,0.5431501852461127,35.0,50.0,45.0,774708977,282870768,111469,0,0.0
1789723290.8,0.5719527372080049,34.0,52.0,45.0,774765315,282870768,56338,0,0.0
1789723292.9,0.6043243165920438,32.0,54.0,45.0,774839563,282870784,74248,16,0.0002
1789723295.0,0.6261175561817844,32.0,55.0,45.0,774871590,282870784,32027,0,0.0
1789723297.0,0.6627447895060581,34.0,53.0,45.0,774954000,282870784,82410,0,0.0
1789723299.1,0.6993505657516415,38.0,49.0,45.0,775051210,282870800,97210,16,0.0002
1789723301.2,0.7286823923212268,39.0,48.0,45.0,775087975,282870800,36765,0,0.0
1789723303.3,0.7428083024589812,38.0,48.0,45.0,775147451,282870800,59476,0,0.0
1789723305.4,0.7596807186690889,37.0,49.0,45.0,775207437,282870816,59986,16,0.0003
1789723307.4,0.7659604903657716,41.0,45.0,45.0,775286562,282870816,79125,0,0.0
1789723309.5,0.8026377902069892,46.0,41.0,45.0,775362660,282870816,76098,0,0.0
1789723311.6,0.8244381821562934,45.0,40.0,45.0,775484102,282870816,121442,0,0.0
1789723313.7,0.8526470882744217,46.0,40.0,45.0,775574117,282870816,90015,0,0.0
1789723315.7,0.8744546325832893,45.0,41.0,45.0,775574117,282870816,0,0,
1789723317.8,0.8962192627347763,47.0,40.0,45.0,775652873,282870816,78756,0,0.0
1789723319.9,0.9325460969573862,49.0,38.0,45.0,775720254,282870816,67381,0,0.0
1789723322.0,0.9689730642138842,50.0,37.0,45.0,775777709,282870832,57455,16,0.0003
1789723324.1,0.973500507817529,50.0,35.0,45.0,775867029,282870848,89320,16,0.0002
1789723326.1,0.9797302129972678,50.0,35.0,45.0,775925550,282870864,58521,16,0.0003
1789723328.2,0.9941994363940664,50.0,36.0,45.0,775963598,282870864,38048,0,0.0
1789723330.3,0.997189122691576,50.0,36.0,45.0,775997233,282870864,33635,0,0.0
1789723332.3,0.9900439154877194,51.0,35.0,45.0,776068012,282870864,70779,0,0.0
1789723334.4,0.9650535711731301,50.0,37.0,45.0,776146365,282870880,78353,16,0.0002
1789723336.5,0.9668488134235484,50.0,36.0,45.0,776175131,282870896,28766,16,0.0006
1789723338.6,0.9957443460597651,51.0,36.0,45.0,776213308,282870896,38177,0,0.0
1789723340.6,0.9614559343127298,49.0,35.0,45.0,776310693,282870896,97385,0,0.0
1789723342.7,0.9663266911754188,49.0,37.0,45.0,776351107,282870896,40414,0,0.0
1789723344.8,0.9848298453659863,50.0,37.0,45.0,776421849,282870912,70742,16,0.0002
1789723346.8,0.984400703792181,50.0,36.0,45.0,776521470,282870912,99621,0,0.0
1789723348.9,0.9846009698599568,50.0,36.0,45.0,776522088,282870912,618,0,0.0
1789723351.0,0.9208376843520678,46.0,38.0,45.0,776601799,282870928,79711,16,0.0002
1789723353.1,0.9281044816685025,46.0,40.0,45.0,776659614,282870928,57815,0,0.0
1789723355.1,0.9574220035189609,47.0,40.0,45.0,776704692,282870928,45078,0,0.0
1789723357.2,0.9549115253122005,47.0,39.0,45.0,776744390,282870928,39698,0,0.0
1789723359.3,0.932424506844808,45.0,41.0,45.0,776904000,282870928,159610,0,0.0
1789723361.3,0.9470725392306922,45.0,41.0,45.0,776904000,282870928,0,0,
1789723363.4,0.9580728682392321,45.0,41.0,45.0,776904000,282870928,0,0,
1789723365.5,0.9690588925286452,45.0,42.0,45.0,776904000,282870928,0,0,
1789723367.6,0.9800306120989314,46.0,41.0,45.0,776937368,282870928,33368,0,0.0
1789723369.7,0.9875835037979029,46.0,42.0,45.0,776956944,282870928,19576,0,0.0
1789723371.8,0.9806171055831319,46.0,41.0,45.0,776998910,282870928,41966,0,0.0
1789723373.8,0.9336404079705896,44.0,41.0,45.0,777058542,282870928,59632,0,0.0
1789723375.9,0.9460712088918134,46.0,41.0,45.0,777155134,282870928,96592,0,0.0
1789723378.0,0.979036434119616,48.0,39.0,45.0,777251748,282870944,96614,16,0.0002
1789723380.1,0.9805312772683709,47.0,39.0,45.0,777251748,282870944,0,0,
1789723382.1,0.9727423577038065,46.0,39.0,45.0,777345178,282870944,93430,0,0.0
1789723384.2,0.9753672736635817,47.0,40.0,45.0,777396478,282870944,51300,0,0.0
1789723386.3,0.9862531649191069,45.0,41.0,45.0,777396478,282870944,0,0,
1789723388.3,0.9710758579255296,45.0,41.0,45.0,777488179,282870944,91701,0,0.0
1789723390.4,0.9488463244024203,45.0,42.0,45.0,777538779,282870944,50600,0,0.0
1789723392.5,0.9672564979186634,45.0,43.0,45.0,777571826,282870960,33047,16,0.0005
1789723394.6,0.9749452844493398,46.0,41.0,45.0,777677401,282870976,105575,16,0.0002
1789723396.7,0.9815254552476862,45.0,41.0,45.0,777677401,282870976,0,0,
1789723398.8,0.9595247972306064,44.0,42.0,45.0,777728574,282870976,51173,0,0.0
1789723400.8,0.9567282246413091,46.0,39.0,45.0,777802079,282870992,73505,16,0.0002
1789723402.9,0.9464002174317308,46.0,38.0,45.0,777880112,282870992,78033,0,0.0
1789723405.0,0.9578082309353856,46.0,38.0,45.0,777937062,282870992,56950,0,0.0
1789723407.1,0.9855522336818917,47.0,39.0,45.0,777983522,282870992,46460,0,0.0
1789723409.2,0.9938561231350223,48.0,38.0,45.0,778057405,282871024,73883,32,0.0004
1789723411.3,0.9996996008983363,49.0,38.0,45.0,778067995,282871024,10590,0,0.0
1789723413.3,0.9555409329537814,46.0,40.0,45.0,778137824,282871024,69829,0,0.0
1789723415.4,0.9610410974580514,46.0,40.0,45.0,778187065,282871024,49241,0,0.0
1789723417.5,0.9788790822092208,47.0,40.0,45.0,778255270,282871024,68205,0,0.0
1789723419.5,0.9564778920565895,46.0,40.0,45.0,778312200,282871024,56930,0,0.0
1789723421.6,0.9821119487318867,47.0,40.0,45.0,778359901,282871040,47701,16,0.0003
1789723423.7,0.9947930822378303,48.0,39.0,45.0,778401768,282871040,41867,0,0.0
1789723425.8,0.9825339379461284,47.0,40.0,45.0,778487269,282871040,85501,0,0.0
1789723427.8,0.9557340466619938,45.0,41.0,45.0,778487269,282871040,0,0,
1789723429.9,0.9565780250904774,46.0,41.0,45.0,778571695,282871040,84426,0,0.0
1789723432.0,0.9635444233052484,46.0,40.0,45.0,778645991,282871040,74296,0,0.0
1789723434.1,0.9514354785643784,45.0,41.0,45.0,778705435,282871056,59444,16,0.0003
1789723436.2,0.9770480781609853,46.0,41.0,45.0,778765884,282871072,60449,16,0.0003
1789723438.2,0.9766260889467435,46.0,40.0,45.0,778811384,282871072,45500,0,0.0
1789723440.3,0.9887493384067404,47.0,39.0,45.0,778848826,282871072,37442,0,0.0
1789723442.4,0.9526013131732158,46.0,39.0,45.0,778892300,282871072,43474,0,0.0
1789723444.5,0.9723203684895647,48.0,36.0,45.0,778999686,282871072,107386,0,0.0
1789723446.5,0.9431816556281918,47.0,36.0,45.0,779027627,282871072,27941,0,0.0
1789723448.6,0.9505915001358949,48.0,38.0,45.0,779122990,282871072,95363,0,0.0
1789723450.7,0.9771839729926903,49.0,37.0,45.0,779159406,282871072,36416,0,0.0
1789723452.7,0.9773341725435221,49.0,36.0,45.0,779219596,282871072,60190,0,0.0
1789723454.8,0.9892643082953066,50.0,37.0,45.0,779241338,282871072,21742,0,0.0
1789723456.9,0.9244281688529046,47.0,37.0,45.0,779333849,282871072,92511,0,0.0
1789723459.0,0.9427525140543865,47.0,40.0,45.0,779333849,282871072,0,0,
1789723461.0,0.9647174102736493,49.0,38.0,45.0,779390042,282871072,56193,0,0.0
1789723463.1,0.9789076916474745,49.0,37.0,45.0,779437048,282871088,47006,16,0.0003
1789723465.2,0.9387614974179982,47.0,38.0,45.0,779437048,282871088,0,0,
1789723467.3,0.934584519432961,46.0,39.0,45.0,779531207,282871104,94159,16,0.0002
1789723469.3,0.9492468565379719,46.0,40.0,45.0,779531207,282871104,0,0,
1789723471.4,0.8826440842834051,46.0,38.0,45.0,779606094,282871104,74887,0,0.0
1789723473.5,0.8847826397928676,46.0,40.0,45.0,779657988,282871104,51894,0,0.0
1789723475.5,0.8853476761983778,45.0,40.0,45.0,779755595,282871104,97607,0,0.0
1789723477.6,0.8991088159983979,46.0,40.0,45.0,779803999,282871104,48404,0,0.0
1789723479.7,0.939405209778706,49.0,38.0,45.0,779903538,282871104,99539,0,0.0
1789723481.8,0.8928218919421517,49.0,35.0,45.0,779996971,282871120,93433,16,0.0002
1789723483.8,0.9055173301672221,50.0,35.0,45.0,780064403,282871152,67432,32,0.0005
1789723485.9,0.8998812708312472,49.0,34.0,45.0,780159467,282871168,95064,16,0.0002
1789723488.0,0.908256683880012,49.0,35.0,45.0,780216096,282871168,56629,0,0.0
1789723490.1,0.9176191225485287,48.0,36.0,45.0,780252615,282871168,36519,0,0.0
1789723492.2,0.954239203513239,51.0,34.0,45.0,780328396,282871168,75781,0,0.0
1789723494.2,0.9834780494084998,52.0,33.0,45.0,780390017,282871168,61621,0,0.0
1789723496.3,0.9873045617749295,52.0,34.0,45.0,780439546,282871168,49529,0,0.0
1789723498.4,0.948739039008969,50.0,35.0,45.0,780503571,282871168,64025,0,0.0
1789723500.5,0.9743945527629565,51.0,35.0,45.0,780550587,282871168,47016,0,0.0
1789723502.5,0.9650535711731301,50.0,36.0,45.0,780623058,282871168,72471,0,0.0
1789723504.6,0.9906947802079906,50.0,36.0,45.0,780623058,282871168,0,0,
1789723506.7,0.9823765860357332,49.0,36.0,45.0,780623058,282871168,0,0,
1789723508.8,0.9254867180682907,46.0,37.0,45.0,780680550,282871168,57492,0,0.0
1789723510.8,0.9547756304804955,47.0,38.0,45.0,780759148,282871184,78598,16,0.0002
1789723512.9,0.9382822893272491,47.0,38.0,45.0,780816707,282871184,57559,0,0.0
1789723515.0,0.9466934641738309,47.0,39.0,45.0,780874068,282871200,57361,16,0.0003
1789723517.1,0.9457350479923327,48.0,37.0,45.0,780935761,282871200,61693,0,0.0
1789723519.1,0.93037893200967,47.0,38.0,45.0,781029974,282871200,94213,0,0.0
1789723521.2,0.8938804411575378,46.0,39.0,45.0,781065067,282871200,35093,0,0.0
1789723523.3,0.9014476375756362,46.0,39.0,45.0,781127290,282871200,62223,0,0.0
1789723525.3,0.9307365499878409,48.0,38.0,45.0,781194832,282871200,67542,0,0.0
1789723527.4,0.9488677814811106,49.0,37.0,45.0,781283639,282871200,88807,0,0.0
1789723529.5,0.9349349850515685,47.0,39.0,45.0,781283639,282871200,0,0,
1789723531.6,0.9309082066173631,46.0,42.0,45.0,781443512,282871200,159873,0,0.0
1789723533.6,0.9455347819245569,46.0,42.0,45.0,781443512,282871200,0,0,
1789723535.7,0.924263664582946,44.0,43.0,45.0,781443512,282871200,0,0,
1789723537.8,0.9352782983106127,44.0,43.0,45.0,781443512,282871200,0,0,
1789723539.9,0.9313230434720414,44.0,42.0,45.0,781461186,282871200,17674,0,0.0
1789723542.0,0.9605833464459925,45.0,42.0,45.0,781524330,282871216,63144,16,0.0003
1789723544.1,0.9740941536612928,46.0,42.0,45.0,781637911,282871216,113581,0,0.0
1789723546.1,0.9775415909708612,45.0,43.0,45.0,781637911,282871216,0,0,
1789723548.2,0.9413148897821392,43.0,43.0,45.0,781697059,282871216,59148,0,0.0
1789723550.3,0.9424735720314131,43.0,44.0,45.0,781798981,282871216,101922,0,0.0
1789723552.4,0.9607979172328951,43.0,45.0,45.0,781798981,282871216,0,0,
1789723554.4,0.9709042012960075,43.0,45.0,45.0,781798981,282871216,0,0,
1789723556.5,0.9481596978843321,42.0,44.0,45.0,781880815,282871216,81834,0,0.0
1789723558.6,0.9664911954453774,42.0,45.0,45.0,781880815,282871216,0,0,
1789723560.6,0.9976969402205788,44.0,43.0,45.0,781949886,282871232,69071,16,0.0002
1789723562.7,0.9510492511479537,42.0,43.0,45.0,782010985,282871248,61099,16,0.0003
1789723564.8,0.9548829158739468,42.0,43.0,45.0,782046730,282871248,35745,0,0.0
1789723566.9,0.9915029968386571,44.0,43.0,45.0,782123241,282871248,76511,0,0.0
1789723568.9,0.9885490723389646,44.0,43.0,45.0,782159586,282871248,36345,0,0.0
1789723571.0,0.9810104853591199,43.0,43.0,45.0,782214710,282871248,55124,0,0.0
1789723573.1,0.9759895289455992,43.0,44.0,45.0,782304586,282871248,89876,0,0.0
1789723575.2,0.9898794112177607,43.0,44.0,45.0,782329810,282871248,25224,0,0.0
1789723577.2,0.9434892070894187,41.0,43.0,45.0,782422525,282871248,92715,0,0.0
1789723579.3,0.9447122605747637,41.0,44.0,45.0,782443742,282871248,21217,0,0.0
1789723581.4,0.9693521392707454,42.0,44.0,45.0,782526776,282871248,83034,0,0.0
1789723583.5,0.9694093581472528,43.0,42.0,45.0,782622198,282871264,95422,16,0.0002
1789723585.6,0.9537242336246727,42.0,43.0,45.0,782663147,282871264,40949,0,0.0
1789723587.6,0.9379461284277684,42.0,43.0,45.0,782752732,282871264,89585,0,0.0
1789723589.7,0.9599324817257213,42.0,43.0,45.0,782752732,282871264,0,0,
1789723591.8,0.9818902255854206,43.0,42.0,45.0,782799972,282871264,47240,0,0.0
1789723593.9,0.9746806471454933,42.0,44.0,45.0,782849635,282871264,49663,0,0.0
1789723595.9,0.9922897563906332,43.0,44.0,45.0,782887017,282871264,37382,0,0.0
1789723598.0,0.9400918362967943,42.0,44.0,45.0,782952550,282871264,65533,0,0.0
1789723600.1,0.9592959217245769,43.0,43.0,45.0,783050337,282871264,97787,0,0.0
1789723602.2,0.9738938875935171,43.0,43.0,45.0,783107194,282871264,56857,0,0.0
1789723604.2,0.9775916574878052,43.0,43.0,45.0,783150611,282871264,43417,0,0.0
1789723606.3,0.9871972763814783,43.0,42.0,45.0,783216783,282871280,66172,16,0.0002
1789723608.4,0.9479451270974294,43.0,41.0,45.0,783296384,282871280,79601,0,0.0
1789723610.4,0.9845437509834495,46.0,40.0,45.0,783362348,282871280,65964,0,0.0
1789723612.5,0.9891570229018554,45.0,40.0,45.0,783425887,282871296,63539,16,0.0003
1789723614.6,0.9652824466791594,45.0,41.0,45.0,783511937,282871296,86050,0,0.0
1789723616.7,0.9770623828801122,46.0,39.0,45.0,783613308,282871296,101371,0,0.0
1789723618.7,0.9681576952236542,46.0,39.0,45.0,783659086,282871296,45778,0,0.0
1789723620.8,0.9676212682563978,47.0,38.0,45.0,783729150,282871296,70064,0,0.0
1789723622.9,0.9795943181655629,47.0,38.0,45.0,783792225,282871296,63075,0,0.0
1789723625.0,0.9630509104953724,46.0,38.0,45.0,783819693,282871296,27468,0,0.0
1789723627.0,0.9923684323458309,47.0,38.0,45.0,783887133,282871296,67440,0,0.0
1789723629.1,0.9950720242608037,47.0,38.0,45.0,783928367,282871296,41234,0,0.0
1789723631.2,0.8893529975538931,43.0,40.0,45.0,783998225,282871296,69858,0,0.0
1789723633.3,0.9032357274664912,43.0,39.0,45.0,784059729,282871296,61504,0,0.0
1789723635.3,0.928862631782225,44.0,40.0,45.0,784120830,282871296,61101,0,0.0
1789723637.4,0.961835009369591,46.0,39.0,45.0,784241032,282871296,120202,0,0.0
1789723639.5,0.9707826111834295,45.0,42.0,45.0,784241032,282871296,0,0,
1789723641.6,0.9874333042470711,46.0,40.0,45.0,784302260,282871296,61228,0,0.0
1789723643.6,0.9852661392993548,46.0,40.0,45.0,784334289,282871296,32029,0,0.0
1789723645.7,0.9584590956556568,45.0,39.0,45.0,784389231,282871296,54942,0,0.0
1789723647.8,0.9860385941322042,46.0,41.0,45.0,784444558,282871312,55327,16,0.0003
1789723649.8,0.9591314174546183,46.0,40.0,45.0,784545693,282871312,101135,0,0.0
1789723651.9,0.9669060323000558,46.0,40.0,45.0,784593974,282871312,48281,0,0.0
1789723654.0,0.9721344071409158,45.0,42.0,45.0,784625889,282871312,31915,0,0.0
1789723656.1,0.957679488463244,44.0,42.0,45.0,784728303,282871312,102414,0,0.0
1789723658.1,0.95982519633227,43.0,44.0,45.0,784728303,282871312,0,0,
1789723660.2,0.978149541533752,44.0,43.0,45.0,784780436,282871312,52133,0,0.0
1789723662.3,0.9939848656071638,44.0,42.0,45.0,784818104,282871312,37668,0,0.0
1789723664.3,0.9819832062597451,45.0,40.0,45.0,784895646,282871312,77542,0,0.0
1789723666.4,0.9586808188021229,43.0,42.0,45.0,784895646,282871312,0,0,
1789723668.5,0.9322385454961591,42.0,44.0,45.0,785055872,282871312,160226,0,0.0
1789723670.6,0.933189809318094,41.0,45.0,45.0,785055872,282871312,0,0,
1789723672.6,0.9478378417039781,41.0,45.0,45.0,785055872,282871312,0,0,
1789723674.7,0.9254938704278541,40.0,47.0,45.0,785055872,282871312,0,0,
1789723676.8,0.9328035819016693,40.0,47.0,45.0,785055872,282871312,0,0,
1789723678.9,0.9412076043886878,40.0,46.0,45.0,785091704,282871312,35832,0,0.0
1789723680.9,0.9355143261762056,39.0,48.0,45.0,785151245,282871312,59541,0,0.0
1789723683.0,0.9648461527457909,40.0,47.0,45.0,785246040,282871328,94795,16,0.0002
1789723685.1,0.9794512709742944,40.0,47.0,45.0,785246040,282871328,0,0,
1789723687.2,0.9733073941093167,39.0,47.0,45.0,785305556,282871328,59516,0,0.0
1789723689.2,0.982576852103509,39.0,47.0,45.0,785346606,282871328,41050,0,0.0
1789723691.3,0.982254995923155,39.0,47.0,45.0,785382472,282871328,35866,0,0.0
1789723693.4,0.9765903271489265,39.0,45.0,45.0,785468440,282871328,85968,0,0.0
1789723695.5,0.9839358004205587,39.0,48.0,45.0,785508632,282871344,40192,16,0.0004
1789723697.5,0.9545825167722832,38.0,47.0,45.0,785600359,282871344,91727,0,0.0
1789723699.6,0.9228260403106985,36.0,48.0,45.0,785600359,282871344,0,0,
1789723701.7,0.9411360807930537,37.0,50.0,45.0,785647831,282871344,47472,0,0.0
1789723703.8,0.9401490551733017,37.0,49.0,45.0,785787774,282871344,139943,0,0.0
1789723705.8,0.9657831118485989,37.0,50.0,45.0,785787774,282871344,0,0,
1789723707.9,0.9583589626217689,36.0,50.0,45.0,785787774,282871344,0,0,
1789723710.0,0.973006995007653,36.0,50.0,45.0,785787774,282871344,0,0,
1789723712.0,0.960726393637261,36.0,49.0,45.0,785817657,282871360,29883,16,0.0005
1789723714.1,0.8866422532793569,35.0,49.0,45.0,785902089,282871376,84432,16,0.0002
1789723716.2,0.9086429112964367,35.0,50.0,45.0,785902089,282871376,0,0,
1789723718.2,0.9093223854549616,36.0,49.0,45.0,786004274,282871392,102185,16,0.0002
1789723720.3,0.9349564421302587,37.0,50.0,45.0,786044935,282871408,40661,16,0.0004
1789723722.4,0.8427768320769022,35.0,51.0,45.0,786091297,282871408,46362,0,0.0
1789723724.5,0.875777819102522,37.0,50.0,45.0,786168987,282871408,77690,0,0.0
1789723726.6,0.8625244968315047,36.0,49.0,45.0,786234758,282871424,65771,16,0.0002
1789723728.6,0.8918634757606534,37.0,50.0,45.0,786293939,282871424,59181,0,0.0
1789723730.7,0.8912841346360164,37.0,49.0,45.0,786340993,282871424,47054,0,0.0
1789723732.8,0.9008468393723089,38.0,48.0,45.0,786427531,282871424,86538,0,0.0
1789723734.9,0.9374526156178924,40.0,47.0,45.0,786506980,282871424,79449,0,0.0
1789723737.0,0.9704321455648218,41.0,46.0,45.0,786570211,282871424,63231,0,0.0
1789723739.0,0.9960518975209922,42.0,45.0,45.0,786617253,282871424,47042,0,0.0
1789723741.1,0.9499763972134407,41.0,43.0,45.0,786725674,282871440,108421,16,0.0001
1789723743.2,0.9198792681705694,38.0,46.0,45.0,786725674,282871440,0,0,
1789723745.3,0.9418584691089591,39.0,46.0,45.0,786782545,282871440,56871,0,0.0
1789723747.3,0.9711759909594175,40.0,46.0,45.0,786826379,282871440,43834,0,0.0
1789723749.4,0.9548256969974395,41.0,45.0,45.0,786914798,282871440,88419,0,0.0
1789723751.5,0.9878052269443689,43.0,43.0,45.0,786964733,282871456,49935,16,0.0003
1789723753.5,0.9873689330110004,43.0,43.0,45.0,787004990,282871456,40257,0,0.0
1789723755.6,0.9786859685010085,43.0,43.0,45.0,787102253,282871456,97263,0,0.0
1789723757.7,0.9892428512166164,43.0,43.0,45.0,787132555,282871456,30302,0,0.0
1789723759.8,0.9744303145607736,43.0,43.0,45.0,787166409,282871456,33854,0,0.0
1789723761.8,0.9877265509891713,44.0,42.0,45.0,787225170,282871456,58761,0,0.0
1789723763.9,0.995708584261948,44.0,43.0,45.0,787289151,282871456,63981,0,0.0
1789723766.0,0.9490465904701961,42.0,44.0,45.0,787363733,282871456,74582,0,0.0
1789723768.0,0.9710400961277126,43.0,44.0,45.0,787410800,282871456,47067,0,0.0
1789723770.1,0.987483370764015,44.0,43.0,45.0,787472307,282871456,61507,0,0.0
1789723772.2,0.9926759838070579,45.0,41.0,45.0,787523769,282871456,51462,0,0.0
1789723774.3,0.9714120188250104,45.0,40.0,45.0,787559205,282871456,35436,0,0.0
1789723776.4,0.9315519189780709,44.0,42.0,45.0,787657488,282871456,98283,0,0.0
1789723778.4,0.9535454246355872,45.0,42.0,45.0,787719912,282871456,62424,0,0.0
1789723780.5,0.963315547799219,45.0,42.0,45.0,787780148,282871456,60236,0,0.0
1789723782.6,0.9831848026663996,45.0,43.0,45.0,787780148,282871456,0,0,
1789723784.7,0.9729354714120189,45.0,42.0,45.0,787876363,282871456,96215,0,0.0
1789723786.7,0.9560487504827843,44.0,44.0,45.0,787928691,282871456,52328,0,0.0
1789723788.8,0.9608622884689659,43.0,44.0,45.0,787967308,282871456,38617,0,0.0
1789723790.9,0.9938203613372052,44.0,43.0,45.0,788027328,282871456,60020,0,0.0
1789723792.9,0.9758321770352039,43.0,43.0,45.0,788081117,282871456,53789,0,0.0
1789723795.0,0.9871186004262806,43.0,44.0,45.0,788142000,282871456,60883,0,0.0
1789723797.1,0.971526456578025,43.0,44.0,45.0,788183306,282871456,41306,0,0.0
1789723799.2,0.9500193113708212,42.0,44.0,45.0,788286149,282871456,102843,0,0.0
1789723801.2,0.9719985123092109,42.0,45.0,45.0,788286149,282871456,0,0,
1789723803.3,0.9852446822206646,42.0,45.0,45.0,788286149,282871456,0,0,
1789723805.4,0.981403865135108,42.0,46.0,45.0,788341982,282871472,55833,16,0.0003
1789723807.5,0.973500507817529,42.0,45.0,45.0,788437427,282871488,95445,16,0.0002
1789723809.5,0.9917962435807572,42.0,45.0,45.0,788437427,282871488,0,0,
1789723811.6,0.9724419586021429,42.0,45.0,45.0,788440354,282871488,2927,0,0.0
1789723813.7,0.9703034030926803,42.0,45.0,45.0,788519767,282871488,79413,0,0.0
1789723815.7,0.9555552376729083,41.0,45.0,45.0,788519767,282871488,0,0,
1789723817.8,0.9414364798947172,40.0,47.0,45.0,788680243,282871488,160476,0,0.0
1789723819.9,0.9561059693592916,40.0,47.0,45.0,788680243,282871488,0,0,
1789723822.0,0.9707325446664855,40.0,48.0,45.0,788680243,282871488,0,0,
1789723824.0,0.9591600268928719,39.0,48.0,45.0,788680243,282871488,0,0,
1789723826.1,0.9701388988227216,40.0,48.0,45.0,788737812,282871488,57569,0,0.0
1789723828.2,0.9948717581930279,40.0,48.0,45.0,788737812,282871488,0,0,
1789723830.2,0.9241706839086214,38.0,47.0,45.0,788839227,282871504,101415,16,0.0002
1789723832.3,0.9497904358647918,39.0,47.0,45.0,788912289,282871504,73062,0,0.0
1789723834.4,0.9791079577152503,39.0,48.0,45.0,788912289,282871504,0,0,
1789723836.5,0.9996638391005193,40.0,47.0,45.0,788954632,282871504,42343,0,0.0
1789723838.5,0.9516643540704078,39.0,46.0,45.0,789004162,282871504,49530,0,0.0
1789723840.6,0.9314303288654927,39.0,45.0,45.0,789089882,282871504,85720,0,0.0
1789723842.7,0.947408700130173,39.0,47.0,45.0,789153508,282871504,63626,0,0.0
1789723844.8,0.9766904601828144,40.0,46.0,45.0,789211955,282871504,58447,0,0.0
1789723846.8,0.9657330453316549,39.0,49.0,45.0,789211955,282871504,0,0,
1789723848.9,0.9616919621783226,39.0,49.0,45.0,789307184,282871520,95229,16,0.0002
1789723851.0,0.9751598552362425,39.0,49.0,45.0,789307184,282871520,0,0,
1789723853.0,0.9833421545767949,39.0,49.0,45.0,789372424,282871520,65240,0,0.0
1789723855.1,0.8600354757034345,38.0,48.0,45.0,789413606,282871520,41182,0,0.0
1789723857.2,0.8930221580099275,40.0,47.0,45.0,789483015,282871520,69409,0,0.0
1789723859.3,0.9082995980373926,41.0,45.0,45.0,789585107,282871520,102092,0,0.0
1789723861.3,0.9376314246069778,42.0,45.0,45.0,789635951,282871520,50844,0,0.0
1789723863.4,0.94468365113651,42.0,44.0,45.0,789689435,282871520,53484,0,0.0
1789723865.5,0.9564778920565895,42.0,44.0,45.0,789761591,282871520,72156,0,0.0
1789723867.5,0.9356144592100935,42.0,44.0,45.0,789817786,282871520,56195,0,0.0
1789723869.6,0.9529732358705136,43.0,44.0,45.0,789899378,282871536,81592,16,0.0002
1789723871.7,0.9858883945813723,44.0,43.0,45.0,789953450,282871536,54072,0,0.0
1789723873.7,0.9867109159311657,44.0,43.0,45.0,789985133,282871536,31683,0,0.0
1789723875.8,0.9870971433475904,44.0,43.0,45.0,790050994,282871552,65861,16,0.0002
1789723877.9,0.9986696611212039,44.0,44.0,45.0,790050994,282871552,0,0,
1789723880.0,0.952772969802738,42.0,45.0,45.0,790149436,282871552,98442,0,0.0
1789723882.0,0.9710687055659663,42.0,45.0,45.0,790149436,282871552,0,0,
1789723884.1,0.9789577581644184,42.0,46.0,45.0,790149436,282871552,0,0,
1789723886.2,0.9816470453602644,43.0,45.0,45.0,790255540,282871552,106104,0,0.0
1789723888.3,0.9814896934498691,43.0,44.0,46.0,790314699,282871552,59159,0,0.0
1789723890.3,0.9975252835910567,43.0,45.0,46.0,790314699,282871552,0,0,
1789723892.4,0.9938060566180783,44.0,43.0,46.0,790372913,282871552,58214,0,0.0
1789723894.5,0.9639735648790536,42.0,45.0,46.0,790372913,282871552,0,0,
1789723896.6,0.9932481725721315,43.0,45.0,46.0,790444384,282871552,71471,0,0.0
1789723898.6,0.9546182785701003,42.0,44.0,46.0,790516832,282871552,72448,0,0.0
1789723900.7,0.948703277211152,41.0,46.0,46.0,790540529,282871552,23697,0,0.0
1789723902.8,0.9853090534567354,43.0,45.0,46.0,790616385,282871552,75856,0,0.0
1789723904.9,0.9686225985952766,42.0,45.0,46.0,790682916,282871552,66531,0,0.0
1789723906.9,0.9840287810948832,42.0,46.0,46.0,790682916,282871552,0,0,
1789723909.0,0.9631438911696969,41.0,45.0,46.0,790756695,282871552,73779,0,0.0
1789723911.1,0.9887564907663038,42.0,46.0,46.0,790816292,282871552,59597,0,0.0
1789723913.1,0.9746019711902957,41.0,45.0,46.0,790854492,282871552,38200,0,0.0
1789723915.2,0.9525226372180182,40.0,46.0,46.0,790921460,282871552,66968,0,0.0
1789723917.3,0.9744803810777175,40.0,46.0,46.0,790921460,282871552,0,0,
1789723919.4,0.9712332098359249,39.0,46.0,46.0,790982596,282871552,61136,0,0.0
1789723921.4,0.9997425150557169,40.0,48.0,46.0,791041965,282871568,59369,16,0.0003
1789723923.5,0.9887707954854307,40.0,47.0,47.0,791081624,282871568,39659,0,0.0
1789723925.6,0.973994020627405,40.0,47.0,48.0,791132053,282871568,50429,0,0.0
1789723927.7,0.9500693778877651,38.0,48.0,48.0,791132053,282871568,0,0,
1789723929.7,0.9793797473786602,40.0,47.0,48.0,791236315,282871568,104262,0,0.0
1789723931.8,0.9539960232880828,39.0,46.0,48.0,791331900,282871568,95585,0,0.0
1789723933.9,0.9759823765860357,39.0,48.0,48.0,791331900,282871568,0,0,
1789723936.0,0.9374812250561461,38.0,48.0,48.0,791400182,282871568,68282,0,0.0
1789723938.0,0.9631224340910066,38.0,49.0,48.0,791400182,282871568,0,0,
1789723940.1,0.964338335216788,39.0,47.0,48.0,791477418,282871568,77236,0,0.0
1789723942.2,0.9625860071237501,40.0,45.0,48.0,791570529,282871568,93111,0,0.0
1789723944.2,0.9955512323515527,41.0,46.0,48.0,791601033,282871568,30504,0,0.0
1789723946.3,0.9251791666070637,38.0,47.0,48.0,791704408,282871568,103375,0,0.0
1789723948.4,0.9042442101649334,37.0,49.0,48.0,791704408,282871568,0,0,
1789723950.4,0.9188850901912541,38.0,48.0,48.0,791735447,282871584,31039,16,0.0005
1789723952.5,0.9518646201381836,39.0,49.0,48.0,791817091,282871600,81644,16,0.0002
1789723954.6,0.9682935900553593,39.0,49.0,48.0,791817091,282871600,0,0,
1789723956.7,0.9801951163688901,39.0,48.0,48.0,791891780,282871600,74689,0,0.0
1789723958.7,0.9536527100290386,38.0,47.0,48.0,791930801,282871616,39021,16,0.0004
1789723960.8,0.9643740970146051,38.0,49.0,48.0,791930801,282871616,0,0,
1789723962.9,0.9439755675397313,38.0,49.0,48.0,792071652,282871616,140851,0,0.0
1789723965.0,0.9374383108987655,37.0,50.0,48.0,792071652,282871616,0,0,
1789723967.0,0.9520863432846496,37.0,51.0,48.0,792071652,282871616,0,0,
1789723969.1,0.9594175118371551,37.0,51.0,48.0,792071652,282871616,0,0,
1789723971.2,0.9173044187277383,34.0,53.0,48.0,792232646,282871616,160994,0,0.0
1789723973.2,0.9356216115696568,34.0,53.0,48.0,792232646,282871616,0,0,
1789723975.3,0.9502696439555409,34.0,53.0,48.0,792232646,282871616,0,0,
1789723977.4,0.9612413635258271,34.0,53.0,48.0,792232646,282871616,0,0,
1789723979.5,0.9722416925343671,34.0,54.0,48.0,792232646,282871616,0,0,
1789723981.5,0.990530275938032,35.0,53.0,48.0,792283747,282871616,51101,0,0.0
1789723983.6,0.9775773527686784,33.0,54.0,48.0,792283747,282871616,0,0,
1789723985.7,0.967592658818144,33.0,54.0,48.0,792348397,282871616,64650,0,0.0
1789723987.8,0.965189466004835,33.0,53.0,48.0,792395465,282871616,47068,0,0.0
1789723989.8,0.9804382965940464,34.0,53.0,48.0,792422964,282871616,27499,0,0.0
1789723991.9,0.9614773913914201,33.0,54.0,48.0,792521486,282871616,98522,0,0.0
1789723994.0,0.9797731271546484,33.0,54.0,48.0,792521486,282871616,0,0,
1789723996.0,0.9840359334544466,33.0,55.0,48.0,792521486,282871616,0,0,
1789723998.1,0.9847654741299154,33.0,55.0,48.0,792521486,282871616,0,0,
1789724000.2,0.9625717024046233,33.0,54.0,48.0,792578760,282871616,57274,0,0.0
1789724002.3,0.9918677671763915,35.0,52.0,48.0,792652103,282871616,73343,0,0.0
1789724004.3,0.99780422561403,35.0,52.0,48.0,792705889,282871616,53786,0,0.0
1789724006.4,0.9284907090849271,34.0,51.0,48.0,792766948,282871616,61059,0,0.0
1789724008.5,0.9541104610410974,35.0,52.0,48.0,792826703,282871616,59755,0,0.0
1789724010.5,0.9834065258128657,36.0,51.0,48.0,792904375,282871632,77672,16,0.0002
1789724012.6,0.9922110804354356,36.0,52.0,48.0,792904375,282871632,0,0,
1789724014.7,0.9929906876278485,36.0,51.0,48.0,792962966,282871648,58591,16,0.0003
1789724016.8,0.9510277940692634,36.0,50.0,48.0,793034534,282871648,71568,0,0.0
1789724018.8,0.9229261733445864,35.0,53.0,48.0,793079388,282871664,44854,16,0.0004
1789724020.9,0.9558842462128256,37.0,51.0,48.0,793154397,282871664,75009,0,0.0
1789724023.0,0.9888709285193186,39.0,49.0,48.0,793237210,282871664,82813,0,0.0
1789724025.1,0.930872444819546,39.0,48.0,48.0,793316033,282871664,78823,0,0.0
1789724027.2,0.963844822406912,40.0,47.0,48.0,793369146,282871664,53113,0,0.0
1789724029.2,0.9894645743630823,41.0,46.0,48.0,793421593,282871664,52447,0,0.0
1789724031.3,0.9831490408685826,42.0,46.0,48.0,793482793,282871664,61200,0,0.0
1789724033.4,0.9718554651179424,42.0,45.0,48.0,793570003,282871664,87210,0,0.0
1789724035.5,0.9730212997267799,43.0,44.0,48.0,793667706,282871664,97703,0,0.0
1789724037.5,0.9912669689730642,43.0,45.0,48.0,793709501,282871664,41795,0,0.0
1789724039.6,0.9808817428869784,42.0,45.0,49.0,793709501,282871664,0,0,
1789724041.7,0.9946929492039424,42.0,45.0,49.0,793778162,282871664,68661,0,0.0
1789724043.8,0.968272132976669,40.0,45.0,49.0,793818778,282871664,40616,0,0.0
1789724045.8,0.9676927918520319,40.0,46.0,49.0,793879353,282871664,60575,0,0.0
1789724047.9,0.9491538758636474,39.0,47.0,49.0,793947841,282871664,68488,0,0.0
1789724050.0,0.9711473815211639,40.0,47.0,49.0,794013708,282871664,65867,0,0.0
1789724052.0,0.9912669689730642,40.0,48.0,49.0,794013708,282871664,0,0,
1789724054.1,0.9657759594890354,39.0,48.0,49.0,794074971,282871664,61263,0,0.0
1789724056.2,0.9860958130087116,39.0,49.0,49.0,794074971,282871664,0,0,
1789724058.3,0.9631438911696969,38.0,50.0,49.0,794074971,282871664,0,0,
1789724060.3,0.9232837913227574,37.0,51.0,49.0,794189490,282871664,114519,0,0.0
1789724062.4,0.9379389760682049,37.0,51.0,49.0,794189490,282871664,0,0,
1789724064.5,0.9224970317707812,37.0,50.0,49.0,794261810,282871664,72320,0,0.0
1789724066.5,0.9444833850687342,38.0,49.0,49.0,794303977,282871664,42167,0,0.0
1789724068.6,0.9626074642024404,38.0,50.0,49.0,794344735,282871664,40758,0,0.0
1789724070.7,0.9644813824080565,38.0,49.0,49.0,794404185,282871664,59450,0,0.0
1789724072.8,0.9901154390833536,39.0,48.0,49.0,794466975,282871664,62790,0,0.0
1789724074.9,0.9488248673237301,38.0,47.0,49.0,794562871,282871680,95896,16,0.0002
1789724076.9,0.9399773985437796,37.0,48.0,49.0,794562871,282871680,0,0,
1789724079.0,0.9619422947630423,38.0,48.0,49.0,794612215,282871680,49344,0,0.0
1789724081.1,0.9575507459911025,38.0,47.0,49.0,794693767,282871680,81552,0,0.0
1789724083.2,0.9832062597450899,38.0,49.0,49.0,794693767,282871680,0,0,
1789724085.2,0.9235627333457308,37.0,48.0,49.0,794836862,282871680,143095,0,0.0
1789724087.3,0.9528516457579356,37.0,48.0,49.0,794836862,282871680,0,0,
1789724089.4,0.967506830503383,37.0,50.0,49.0,794836862,282871680,0,0,
1789724091.5,0.9835424206445706,38.0,49.0,49.0,794867546,282871680,30684,0,0.0
1789724093.6,0.9689229976969402,39.0,48.0,49.0,794955681,282871680,88135,0,0.0
1789724095.7,0.9671921266825926,39.0,47.0,49.0,795013719,282871680,58038,0,0.0
1789724097.8,0.9707325446664855,39.0,48.0,49.0,795085997,282871680,72278,0,0.0
1789724099.9,0.978063713218991,40.0,47.0,49.0,795127909,282871696,41912,16,0.0004
1789724101.9,0.9757535010800062,40.0,47.0,49.0,795201913,282871696,74004,0,0.0
1789724104.1,0.9772554965883244,40.0,47.0,49.0,795266574,282871696,64661,0,0.0
1789724106.2,0.9990201267398114,40.0,47.0,49.0,795266574,282871696,0,0,
1789724108.2,0.9663266911754188,40.0,46.0,49.0,795308761,282871696,42187,0,0.0
1789724110.3,0.953302244410431,39.0,47.0,49.0,795363771,282871696,55010,0,0.0
1789724112.4,0.9593173788032672,39.0,49.0,49.0,795401554,282871696,37783,0,0.0
1789724114.5,0.959739368017509,39.0,48.0,49.0,795500918,282871696,99364,0,0.0
1789724116.5,0.9780708655785544,39.0,49.0,49.0,795500918,282871696,0,0,
1789724118.6,0.9329609338120646,38.0,49.0,49.0,795552588,282871696,51670,0,0.0
1789724120.7,0.9292488591986496,38.0,49.0,49.0,795714600,282871696,162012,0,0.0
1789724122.8,0.9512352124966026,38.0,49.0,49.0,795714600,282871696,0,0,
1789724124.8,0.9658474830846696,38.0,51.0,49.0,795714600,282871696,0,0,
1789724126.9,0.9603258615017094,37.0,51.0,49.0,795714600,282871696,0,0,
1789724129.0,0.9365657230320282,36.0,52.0,49.0,795714600,282871696,0,0,
1789724131.1,0.9512209077774758,37.0,52.0,49.0,795771505,282871696,56905,0,0.0
1789724133.1,0.9544466219405782,37.0,52.0,49.0,795860792,282871696,89287,0,0.0
1789724135.2,0.9764329752385312,37.0,52.0,49.0,795860792,282871696,0,0,
1789724137.3,0.9833278498576681,37.0,52.0,49.0,795860792,282871696,0,0,
1789724139.3,0.9394195144978328,36.0,52.0,49.0,795948788,282871696,87996,0,0.0
1789724141.4,0.9387829544966885,36.0,51.0,49.0,795996699,282871696,47911,0,0.0
1789724143.5,0.9365371135937746,36.0,50.0,49.0,796095213,282871696,98514,0,0.0
1789724145.6,0.9621997797073254,36.0,51.0,49.0,796095213,282871696,0,0,
1789724147.7,0.9768478120932096,36.0,52.0,49.0,796095213,282871696,0,0,
1789724149.7,0.964746019711903,36.0,52.0,49.0,796152811,282871696,57598,0,0.0
1789724151.8,0.9594389689158453,36.0,52.0,49.0,796214991,282871696,62180,0,0.0
1789724153.9,0.984400703792181,37.0,51.0,49.0,796216482,282871696,1491,0,0.0
1789724156.0,0.9630723675740627,35.0,52.0,49.0,796216482,282871696,0,0,
1789724158.1,0.9488320196832936,35.0,52.0,49.0,796357737,282871696,141255,0,0.0
1789724160.1,0.9634943567883044,35.0,53.0,49.0,796357737,282871696,0,0,
1789724162.2,0.9534023774443189,34.0,54.0,49.0,796357737,282871696,0,0,
1789724164.3,0.9607406983563878,34.0,55.0,49.0,796357737,282871696,0,0,
1789724166.4,0.988828014361938,35.0,54.0,49.0,796417834,282871696,60097,0,0.0
1789724168.4,0.9923684323458309,35.0,53.0,49.0,796465378,282871696,47544,0,0.0
1789724170.5,0.988828014361938,35.0,54.0,49.0,796523976,282871696,58598,0,0.0
1789724172.6,0.9937059235841904,35.0,54.0,49.0,796523976,282871696,0,0,
1789724174.6,0.9898007352625631,35.0,54.0,49.0,796566339,282871696,42363,0,0.0
1789724176.7,0.995079176620367,36.0,53.0,49.0,796620465,282871696,54126,0,0.0
1789724178.8,0.9690374354499549,36.0,52.0,49.0,796693433,282871696,72968,0,0.0
1789724180.9,0.9677428583689759,36.0,51.0,49.0,796737479,282871696,44046,0,0.0
1789724183.0,0.9546182785701003,36.0,51.0,49.0,796796351,282871712,58872,16,0.0003
1789724185.0,0.9835066588467536,37.0,51.0,49.0,796834467,282871712,38116,0,0.0
1789724187.1,0.9721344071409158,36.0,52.0,49.0,796906839,282871712,72372,0,0.0
1789724189.2,0.9939061896519662,37.0,52.0,49.0,796939976,282871712,33137,0,0.0
1789724191.3,0.9764186705194043,36.0,52.0,49.0,796984471,282871712,44495,0,0.0
1789724193.3,0.9673566309525512,36.0,51.0,49.0,797038172,282871712,53701,0,0.0
1789724195.4,0.9655113221851889,35.0,52.0,49.0,797121298,282871728,83126,16,0.0002
1789724197.5,0.9688800835395597,35.0,51.0,49.0,797197969,282871728,76671,0,0.0
1789724199.5,0.9871972763814783,35.0,52.0,49.0,797197969,282871728,0,0,
1789724201.6,0.9643955540932954,35.0,52.0,49.0,797276843,282871728,78874,0,0.0
1789724203.7,0.9826912898565237,36.0,51.0,49.0,797309992,282871728,33149,0,0.0
1789724205.8,0.9500193113708212,35.0,52.0,49.0,797382621,282871728,72629,0,0.0
1789724207.8,0.9756533680461185,35.0,53.0,49.0,797382621,282871728,0,0,
1789724209.9,0.9718053986009985,35.0,53.0,49.0,797443820,282871728,61199,0,0.0
1789724212.0,0.9807530004148368,35.0,53.0,49.0,797488824,282871728,45004,0,0.0
1789724214.1,0.992132404480238,35.0,53.0,49.0,797547288,282871728,58464,0,0.0
1789724216.1,0.9952365285307623,35.0,53.0,49.0,797547288,282871728,0,0,
1789724218.2,0.9663624529732359,34.0,54.0,49.0,797615748,282871744,68460,16,0.0002
1789724220.3,0.9824981761483114,34.0,54.0,49.0,797615748,282871744,0,0,
1789724222.4,0.977656028723876,34.0,53.0,49.0,797677408,282871744,61660,0,0.0
1789724224.4,0.9654898651064986,34.0,53.0,49.0,797730457,282871744,53049,0,0.0
1789724226.5,0.9536813194672923,33.0,53.0,49.0,797730457,282871744,0,0,
1789724228.6,0.9544680790192684,33.0,54.0,49.0,797730457,282871744,0,0,
1789724230.7,0.9404923684323458,33.0,54.0,49.0,797854600,282871744,124143,0,0.0
1789724232.7,0.93891169696883,32.0,55.0,49.0,797854600,282871744,0,0,
1789724234.8,0.9499048736178065,32.0,55.0,49.0,797854600,282871744,0,0,
1789724236.9,0.9755532350122306,34.0,54.0,49.0,797926339,282871744,71739,0,0.0
1789724239.0,0.9593745976797745,34.0,53.0,49.0,797968450,282871744,42111,0,0.0
1789724241.0,0.9479308223783026,34.0,53.0,49.0,798032117,282871744,63667,0,0.0
1789724243.1,0.9735791837727267,35.0,52.0,49.0,798096566,282871760,64449,16,0.0002
1789724245.2,0.984364941994364,35.0,52.0,49.0,798096566,282871760,0,0,
1789724247.2,0.9132061166978986,34.0,51.0,49.0,798195815,282871776,99249,16,0.0002
1789724249.3,0.9278541490837827,34.0,53.0,49.0,798195815,282871776,0,0,
1789724251.4,0.9608265266711488,37.0,51.0,49.0,798294346,282871776,98531,0,0.0
1789724253.5,0.9884560916646402,38.0,50.0,49.0,798329120,282871776,34774,0,0.0
1789724255.5,0.9712332098359249,38.0,49.0,49.0,798441410,282871776,112290,0,0.0
1789724257.6,0.9887493384067404,38.0,50.0,49.0,798441410,282871776,0,0,
1789724259.7,0.9896505357117313,38.0,50.0,49.0,798441410,282871776,0,0,
1789724261.8,0.9944354642596592,38.0,50.0,49.0,798481658,282871776,40248,0,0.0
1789724263.9,0.9622140844264523,37.0,51.0,49.0,798481658,282871776,0,0,
1789724266.0,0.9590741985781109,37.0,51.0,49.0,798585737,282871776,104079,0,0.0
1789724268.0,0.973722230963995,37.0,51.0,49.0,798585737,282871776,0,0,
1789724270.1,0.9805741914257513,37.0,51.0,49.0,798585737,282871776,0,0,
1789724272.2,0.9861244224469653,37.0,51.0,49.0,798646460,282871792,60723,16,0.0003
1789724274.3,0.9900725249259731,36.0,52.0,49.0,798646460,282871792,0,0,
1789724276.3,0.9699314803953825,36.0,52.0,49.0,798754485,282871792,108025,0,0.0
1789724278.4,0.9855593860414551,36.0,52.0,49.0,798754485,282871792,0,0,
1789724280.5,0.9269457994192284,35.0,52.0,49.0,798816016,282871792,61531,0,0.0
1789724282.6,0.931044101449068,34.0,52.0,49.0,798865598,282871792,49582,0,0.0
1789724284.6,0.96036877565909,36.0,50.0,49.0,798926271,282871792,60673,0,0.0
1789724286.7,0.9814753887307422,37.0,51.0,49.0,798972609,282871792,46338,0,0.0
1789724288.8,0.9655041698256255,36.0,51.0,49.0,799041950,282871792,69341,0,0.0
1789724290.8,0.9820475774958158,36.0,51.0,49.0,799041950,282871792,0,0,
1789724292.9,0.9920108143676599,36.0,51.0,49.0,799123120,282871792,81170,0,0.0
1789724295.0,0.9828772512051726,35.0,51.0,49.0,799123120,282871792,0,0,
1789724297.1,0.9555766947515986,33.0,53.0,49.0,799212675,282871792,89555,0,0.0
1789724299.1,0.970231879497046,34.0,53.0,49.0,799250700,282871792,38025,0,0.0
1789724301.2,0.9873832377301272,34.0,53.0,49.0,799300453,282871792,49753,0,0.0
1789724303.3,0.9850444161528888,34.0,53.0,49.0,799355990,282871792,55537,0,0.0
1789724305.4,0.9857381950305406,34.0,53.0,49.0,799355990,282871792,0,0,
1789724307.4,0.9652323801622155,34.0,52.0,49.0,799456479,282871792,100489,0,0.0
1789724309.5,0.9851230921080865,34.0,54.0,49.0,799456479,282871792,0,0,
1789724311.6,0.9348133949389904,33.0,55.0,49.0,799510942,282871792,54463,0,0.0
1789724313.6,0.9641023073511952,35.0,53.0,49.0,799597210,282871792,86268,0,0.0
1789724315.7,0.9720771882644085,35.0,52.0,49.0,799680932,282871792,83722,0,0.0
1789724317.8,0.9940492368432345,35.0,53.0,49.0,799680932,282871792,0,0,
1789724319.9,0.9955869941493699,35.0,53.0,49.0,799680932,282871792,0,0,
1789724321.9,0.9943997024618422,35.0,53.0,49.0,799741341,282871792,60409,0,0.0
1789724324.0,0.9627362066745819,35.0,52.0,49.0,799819102,282871792,77761,0,0.0
1789724326.1,0.9856309096370893,35.0,52.0,49.0,799819102,282871792,0,0,
1789724328.2,0.9776917905216931,35.0,52.0,49.0,799887124,282871792,68022,0,0.0
1789724330.2,0.9972606462872101,35.0,53.0,49.0,799887124,282871792,0,0,
1789724332.3,0.9895647073969702,34.0,54.0,49.0,799887124,282871792,0,0,
1789724334.4,0.9869040296393781,35.0,52.0,49.0,799962962,282871792,75838,0,0.0
1789724336.4,0.9994349635944898,35.0,53.0,49.0,799962962,282871792,0,0,
1789724338.5,0.9366730084254795,34.0,52.0,49.0,799998388,282871792,35426,0,0.0
1789724340.6,0.9520362767677056,35.0,52.0,49.0,800146071,282871792,147683,0,0.0
1789724342.7,0.9739868682678415,35.0,53.0,49.0,800146071,282871792,0,0,
1789724344.7,0.9886563577324159,35.0,53.0,49.0,800146071,282871792,0,0,
1789724346.8,0.9898937159368876,35.0,52.0,49.0,800187882,282871792,41811,0,0.0
1789724348.9,0.9695524053385212,34.0,53.0,49.0,800225562,282871792,37680,0,0.0
1789724351.0,0.9417082695581273,33.0,54.0,49.0,800301987,282871792,76425,0,0.0
1789724353.1,0.9350851846024003,33.0,54.0,49.0,800361731,282871792,59744,0,0.0
1789724355.2,0.960726393637261,34.0,53.0,49.0,800397650,282871792,35919,0,0.0
1789724357.3,0.9596463873431845,34.0,54.0,49.0,800437914,282871792,40264,0,0.0
1789724359.4,0.964252506902027,35.0,52.0,49.0,800538910,282871792,100996,0,0.0
1789724361.4,0.9705179738795828,36.0,50.0,49.0,800582764,282871792,43854,0,0.0
1789724363.5,0.9669274893787461,36.0,51.0,49.0,800650778,282871808,68014,16,0.0002
1789724365.6,0.9829845365986238,36.0,52.0,49.0,800650778,282871808,0,0,
1789724367.7,0.9602042713891312,36.0,50.0,49.0,800785519,282871824,134741,16,0.0001
1789724369.8,0.9858240233453016,36.0,50.0,49.0,800785519,282871824,0,0,
1789724371.8,0.9952722903285794,36.0,52.0,49.0,800785519,282871824,0,0,
1789724373.9,0.9780708655785544,35.0,52.0,49.0,800785519,282871824,0,0,
1789724376.0,0.9609624215028538,34.0,53.0,49.0,800900004,282871824,114485,0,0.0
1789724378.1,0.9793082237830261,34.0,53.0,49.0,800900004,282871824,0,0,
1789724380.1,0.9902656386341854,34.0,54.0,49.0,800900004,282871824,0,0,
1789724382.2,0.974709256583747,34.0,54.0,49.0,800961999,282871824,61995,0,0.0
1789724384.3,0.9917533294233768,34.0,54.0,49.0,800961999,282871824,0,0,
1789724386.3,0.9703677743287511,33.0,54.0,49.0,800961999,282871824,0,0,
1789724388.4,0.9656472170168938,33.0,55.0,49.0,801031280,282871824,69281,0,0.0
1789724390.5,0.9715336089375886,33.0,55.0,49.0,801031280,282871824,0,0,
1789724392.6,0.9179409787288827,31.0,55.0,49.0,801194067,282871824,162787,0,0.0
1789724394.7,0.936236714492111,31.0,56.0,49.0,801194067,282871824,0,0,
1789724396.7,0.9111462371436336,30.0,57.0,49.0,801194067,282871824,0,0,
1789724398.8,0.9221608708713005,30.0,58.0,49.0,801194067,282871824,0,0,
1789724400.9,0.9295063441429328,30.0,58.0,49.0,801194067,282871824,0,0,
1789724403.0,0.9514569356430687,31.0,57.0,49.0,801266070,282871824,72003,0,0.0
1789724405.0,0.9734075271432046,32.0,56.0,49.0,801315380,282871824,49310,0,0.0
1789724407.1,0.9742586579312515,32.0,55.0,49.0,801346700,282871824,31320,0,0.0
1789724409.2,0.9585377716108544,31.0,55.0,49.0,801419620,282871824,72920,0,0.0
1789724411.3,0.9765903271489265,31.0,56.0,49.0,801419620,282871824,0,0,
1789724413.4,0.9772411918691977,31.0,56.0,49.0,801419620,282871824,0,0,
1789724415.4,0.9779135136681592,31.0,56.0,49.0,801419620,282871824,0,0,
1789724417.5,0.9786001401862474,31.0,57.0,49.0,801419620,282871824,0,0,
1789724419.6,0.9682077617405982,31.0,57.0,49.0,801487046,282871840,67426,16,0.0002
1789724421.6,0.962278455662523,31.0,56.0,49.0,801528671,282871840,41625,0,0.0
1789724423.7,0.9229118686254596,32.0,55.0,49.0,801615441,282871856,86770,16,0.0002
1789724425.8,0.941243366186505,32.0,56.0,49.0,801615441,282871856,0,0,
1789724427.9,0.9705537356774,34.0,54.0,49.0,801729369,282871856,113928,0,0.0
1789724430.0,0.9925257842562262,34.0,54.0,49.0,801729369,282871856,0,0,
1789724432.0,0.9598395010513968,33.0,54.0,49.0,801780916,282871856,51547,0,0.0
1789724434.1,0.9228117355915717,32.0,54.0,49.0,801882995,282871872,102079,16,0.0002
1789724436.2,0.9374311585392021,32.0,54.0,49.0,801882995,282871872,0,0,
1789724438.2,0.9520934956442131,33.0,53.0,49.0,801938169,282871872,55174,0,0.0
1789724440.3,0.9750954840001717,33.0,54.0,49.0,801938169,282871872,0,0,
1789724442.4,0.9661979487032772,33.0,53.0,49.0,802037317,282871872,99148,0,0.0
1789724444.4,0.9845151415451958,33.0,54.0,49.0,802037317,282871872,0,0,
1789724446.5,0.9527157509262305,33.0,53.0,49.0,802083791,282871872,46474,0,0.0
1789724448.6,0.98569528087316,34.0,53.0,49.0,802126517,282871872,42726,0,0.0
1789724450.7,0.9585592286895447,33.0,52.0,49.0,802199299,282871872,72782,0,0.0
1789724452.7,0.9228761068276424,31.0,55.0,49.0,802199299,282871872,0,0,
1789724454.8,0.9109960375928019,31.0,55.0,49.0,802259087,282871872,59788,0,0.0
1789724456.9,0.9402706452858798,33.0,54.0,49.0,802340859,282871872,81772,0,0.0
1789724459.0,0.9696024718554651,34.0,53.0,49.0,802381439,282871872,40580,0,0.0
1789724461.1,0.9983263478621597,35.0,52.0,49.0,802443557,282871872,62118,0,0.0
1789724463.1,0.9990773456163188,35.0,52.0,49.0,802443557,282871872,0,0,
1789724465.2,0.9760610525412333,35.0,51.0,49.0,802484901,282871872,41344,0,0.0
1789724467.3,0.9820761869340695,35.0,52.0,49.0,802547090,282871872,62189,0,0.0
1789724469.4,0.9676498776946515,34.0,53.0,49.0,802547090,282871872,0,0,
1789724471.4,0.9738223639978829,34.0,52.0,49.0,802652061,282871872,104971,0,0.0
1789724473.5,0.9884560916646402,34.0,52.0,49.0,802652061,282871872,0,0,
1789724475.6,0.9956156035876236,34.0,52.0,49.0,802652061,282871872,0,0,
1789724477.6,0.9655184745447523,33.0,52.0,49.0,802709173,282871872,57112,0,0.0
1789724479.7,0.9840216287353197,33.0,53.0,49.0,802709173,282871872,0,0,
1789724481.8,0.9569141859899581,34.0,51.0,49.0,802821071,282871872,111898,0,0.0
1789724483.9,0.9862317078404166,35.0,50.0,49.0,802862590,282871872,41519,0,0.0
1789724485.9,0.9969745519046733,35.0,50.0,49.0,802862590,282871872,0,0,
1789724488.0,0.991688958187306,35.0,50.0,49.0,802923321,282871872,60731,0,0.0
1789724490.1,0.9964595820161071,35.0,50.0,49.0,802971459,282871872,48138,0,0.0
1789724492.1,0.9789148440070379,36.0,48.0,49.0,803046828,282871872,75369,0,0.0
1789724494.2,0.957457765316778,35.0,47.0,49.0,803131865,282871872,85037,0,0.0
1789724496.3,0.9830632125538215,35.0,49.0,49.0,803131865,282871872,0,0,
1789724498.4,0.9886635100919794,35.0,49.0,49.0,803131865,282871872,0,0,
1789724500.4,0.9894645743630823,35.0,50.0,49.0,803131865,282871872,0,0,
1789724502.5,0.9781209320954983,34.0,50.0,49.0,803229678,282871872,97813,0,0.0
1789724504.6,0.9517573347447323,33.0,50.0,49.0,803229678,282871872,0,0,
1789724506.7,0.9565279585735335,34.0,50.0,49.0,803304071,282871872,74393,0,0.0
1789724508.7,0.9719484457922669,34.0,51.0,49.0,803304071,282871872,0,0,
1789724510.8,0.970775458823866,33.0,52.0,49.0,803304071,282871872,0,0,
1789724512.9,0.8906547269944355,32.0,52.0,49.0,803379778,282871872,75707,0,0.0
1789724515.0,0.9089790721959174,33.0,51.0,49.0,803396113,282871872,16335,0,0.0
1789724517.0,0.9455991531606277,35.0,50.0,49.0,803502890,282871872,106777,0,0.0
1789724519.1,0.9675783540990173,36.0,49.0,49.0,803577467,282871872,74577,0,0.0
1789724521.2,0.9932195631338778,36.0,49.0,49.0,803577467,282871872,0,0,
1789724523.3,0.9762684709685725,35.0,50.0,49.0,803577467,282871872,0,0,
1789724525.3,0.9426666857396255,34.0,49.0,49.0,803639762,282871872,62295,0,0.0
1789724527.4,0.9719555981518303,35.0,50.0,49.0,803692061,282871872,52299,0,0.0
1789724529.5,0.9961234211166263,36.0,49.0,49.0,803745425,282871872,53364,0,0.0
1789724531.5,0.9695953194959017,35.0,49.0,49.0,803819998,282871872,74573,0,0.0
1789724533.6,0.9952293761711989,35.0,50.0,49.0,803819998,282871872,0,0,
1789724535.7,0.9963737537013461,35.0,50.0,49.0,803819998,282871872,0,0,
1789724537.8,0.9751956170340595,34.0,49.0,49.0,803891593,282871872,71595,0,0.0
1789724539.8,0.9855808431201454,34.0,51.0,49.0,803891593,282871872,0,0,
1789724541.9,0.9863318408743045,34.0,51.0,49.0,803891593,282871872,0,0,
1789724544.0,0.9820761869340695,34.0,50.0,49.0,803933735,282871872,42142,0,0.0
1789724546.1,0.9345916717925243,35.0,49.0,49.0,804026698,282871872,92963,0,0.0
1789724548.1,0.9675640493798904,36.0,49.0,49.0,804068006,282871872,41308,0,0.0
1789724550.2,0.996473886735234,37.0,48.0,49.0,804128636,282871872,60630,0,0.0
1789724552.3,0.9297423720085256,36.0,47.0,49.0,804197423,282871888,68787,16,0.0002
1789724554.3,0.9553907334029497,36.0,48.0,49.0,804197423,282871888,0,0,
1789724556.4,0.9563205401461943,37.0,46.0,49.0,804293455,282871888,96032,0,0.0
1789724558.5,0.9890139757105869,38.0,46.0,49.0,804336181,282871888,42726,0,0.0
1789724560.6,0.9889066903171356,38.0,46.0,49.0,804417824,282871888,81643,0,0.0
1789724562.6,0.9635515756648119,37.0,48.0,50.0,804417824,282871888,0,0,
1789724564.7,0.9398057419142575,37.0,46.0,50.0,804498499,282871888,80675,0,0.0
1789724566.8,0.9654469509491181,37.0,47.0,50.0,804498499,282871888,0,0,
1789724568.8,0.9723632826469453,37.0,48.0,50.0,804539362,282871888,40863,0,0.0
1789724570.9,0.93891169696883,36.0,48.0,50.0,804601248,282871888,61886,0,0.0
1789724573.0,0.9399487891055259,37.0,47.0,50.0,804709346,282871904,108098,16,0.0001
1789724575.1,0.9396483900038622,36.0,48.0,50.0,804709346,282871904,0,0,
1789724577.1,0.9169468007495672,35.0,48.0,50.0,804852980,282871904,143634,0,0.0
1789724579.2,0.9352782983106127,35.0,49.0,50.0,804852980,282871904,0,0,
1789724581.3,0.9462571702404623,35.0,49.0,50.0,804852980,282871904,0,0,
1789724583.4,0.9572431945298754,35.0,49.0,50.0,804852980,282871904,0,0,
1789724585.4,0.9755389302931037,36.0,49.0,50.0,804916841,282871904,63861,0,0.0
1789724587.5,0.9683078947744861,36.0,48.0,50.0,804971393,282871904,54552,0,0.0
1789724589.6,0.9800663738967486,36.0,49.0,50.0,804971393,282871904,0,0,
1789724591.6,0.978557226028867,36.0,49.0,50.0,805031891,282871904,60498,0,0.0
1789724593.7,0.9334830560601942,34.0,50.0,50.0,805106926,282871904,75035,0,0.0
1789724595.8,0.955447952279457,35.0,49.0,50.0,805176831,282871904,69905,0,0.0
1789724597.9,0.9729926902885262,35.0,50.0,50.0,805176831,282871904,0,0,
1789724600.0,0.9636803181369534,35.0,49.0,50.0,805266167,282871920,89336,16,0.0002
1789724602.0,0.9856380619966527,35.0,49.0,50.0,805266167,282871920,0,0,
1789724604.1,0.9893143748122506,35.0,48.0,50.0,805323031,282871920,56864,0,0.0
1789724606.2,0.9979901869626789,36.0,47.0,50.0,805325367,282871920,2336,0,0.0
1789724608.2,0.9532450255339237,35.0,49.0,50.0,805403205,282871920,77838,0,0.0
1789724610.3,0.9715836754545325,35.0,50.0,50.0,805403205,282871920,0,0,
1789724612.4,0.9327678201038523,36.0,48.0,50.0,805532429,282871936,129224,16,0.0001
1789724614.5,0.9583804197004592,36.0,48.0,50.0,805532429,282871936,0,0,
1789724616.5,0.9677428583689759,36.0,48.0,50.0,805532429,282871936,0,0,
1789724618.6,0.9643311828572246,35.0,48.0,50.0,805609861,282871936,77432,0,0.0
1789724620.7,0.9899652395325218,36.0,49.0,50.0,805651154,282871936,41293,0,0.0
1789724622.8,0.9863676026721215,36.0,48.0,50.0,805715189,282871936,64035,0,0.0
1789724624.8,0.990036763128156,36.0,49.0,50.0,805715189,282871936,0,0,
1789724626.9,0.9526442273305964,36.0,48.0,50.0,805817267,282871936,102078,0,0.0
1789724629.0,0.9819545968214914,37.0,47.0,50.0,805886714,282871936,69447,0,0.0
1789724631.0,0.9711187720829102,36.0,47.0,50.0,805886714,282871936,0,0,
1789724633.1,0.9576294219463001,36.0,47.0,50.0,805994664,282871936,107950,0,0.0
1789724635.2,0.9470296250733117,36.0,47.0,50.0,806043242,282871936,48578,0,0.0
1789724637.3,0.9453130587780909,36.0,47.0,50.0,806116986,282871936,73744,0,0.0
1789724639.3,0.9672994120760439,37.0,46.0,50.0,806136510,282871936,19524,0,0.0
1789724641.4,0.9774700673752271,39.0,45.0,50.0,806232150,282871936,95640,0,0.0
1789724643.5,0.9632869383609652,38.0,45.0,50.0,806308240,282871936,76090,0,0.0
1789724645.6,0.9888852332384453,38.0,46.0,50.0,806308240,282871936,0,0,
1789724647.7,0.994278112349264,38.0,47.0,50.0,806308240,282871936,0,0,
1789724649.7,0.9662837770180382,37.0,48.0,50.0,806308240,282871936,0,0,
1789724651.8,0.9473729383323558,36.0,48.0,50.0,806308240,282871936,0,0,
1789724653.9,0.9469509491181141,35.0,48.0,50.0,806308240,282871936,0,0,
1789724655.9,0.9388330210136324,34.0,49.0,50.0,806438441,282871936,130201,0,0.0
1789724658.0,0.9571287567768607,34.0,50.0,50.0,806438441,282871936,0,0,
1789724660.1,0.9681076287067103,34.0,51.0,50.0,806438441,282871936,0,0,
1789724662.2,0.9609123549859099,34.0,50.0,50.0,806544951,282871936,106510,0,0.0
1789724664.3,0.9828915559242994,34.0,51.0,50.0,806544951,282871936,0,0,
1789724666.3,0.9975324359506201,34.0,51.0,50.0,806544951,282871936,0,0,
1789724668.4,0.9928690975152703,34.0,50.0,50.0,806588632,282871936,43681,0,0.0
1789724670.5,0.9580800205987956,32.0,52.0,50.0,806645692,282871936,57060,0,0.0
1789724672.6,0.9548471540761297,32.0,52.0,50.0,806714189,282871952,68497,16,0.0002
1789724674.6,0.9543679459853806,32.0,51.0,50.0,806760790,282871952,46601,0,0.0
1789724676.7,0.9595033401519161,32.0,52.0,50.0,806891283,282871952,130493,0,0.0
1789724678.8,0.9778205329938346,32.0,53.0,50.0,806891283,282871952,0,0,
1789724680.8,0.9888137096428111,32.0,53.0,50.0,806891283,282871952,0,0,
1789724682.9,0.9997711244939705,32.0,53.0,50.0,806891283,282871952,0,0,
1789724685.0,0.9840216287353197,32.0,52.0,51.0,806926056,282871952,34773,0,0.0
1789724687.1,0.976769136138012,32.0,52.0,51.0,806991814,282871952,65758,0,0.0
1789724689.1,0.9812035990673323,32.0,52.0,51.0,806991814,282871952,0,0,
1789724691.2,0.9415008511307881,31.0,52.0,51.0,807044461,282871952,52647,0,0.0
1789724693.3,0.9508346803610511,31.0,53.0,51.0,807044461,282871952,0,0,
1789724695.4,0.9321598695409615,30.0,55.0,51.0,807044461,282871952,0,0,
1789724697.4,0.930157208863204,30.0,55.0,51.0,807209416,282871952,164955,0,0.0
1789724699.5,0.9447980888895247,30.0,55.0,51.0,807209416,282871952,0,0,
1789724701.6,0.9557984178980645,30.0,55.0,51.0,807209416,282871952,0,0,
1789724703.7,0.9378531477534439,29.0,56.0,51.0,807209416,282871952,0,0,
1789724705.8,0.9488534767619837,29.0,56.0,51.0,807209416,282871952,0,0,
1789724707.8,0.9707897635429928,30.0,55.0,51.0,807307752,282871952,98336,0,0.0
1789724709.9,0.9854664053671306,30.0,55.0,51.0,807307752,282871952,0,0,
1789724712.0,0.9355357832548958,29.0,54.0,51.0,807376563,282871952,68811,0,0.0
1789724714.1,0.9611197734132491,29.0,55.0,51.0,807376563,282871952,0,0,
1789724716.1,0.9867824395267999,30.0,55.0,51.0,807436679,282871952,60116,0,0.0
1789724718.2,0.9516428969917176,29.0,54.0,51.0,807494823,282871952,58144,0,0.0
1789724720.3,0.9633083954396555,29.0,55.0,51.0,807494823,282871952,0,0,
1789724722.4,0.9640021743173073,29.0,55.0,51.0,807494823,282871952,0,0,
1789724724.4,0.9740512395039124,29.0,54.0,51.0,807597978,282871968,103155,16,0.0002
1789724726.5,0.9886921195302331,29.0,55.0,51.0,807597978,282871968,0,0,
1789724728.6,0.9949647388673524,29.0,56.0,51.0,807597978,282871968,0,0,
1789724730.7,0.975152702876679,29.0,54.0,51.0,807681916,282871968,83938,0,0.0
1789724732.7,0.9873832377301272,29.0,55.0,51.0,807681916,282871968,0,0,
1789724734.8,0.9880341024503984,29.0,55.0,51.0,807681916,282871968,0,0,
1789724736.9,0.9440685482140558,29.0,55.0,51.0,807819706,282871968,137790,0,0.0
1789724738.9,0.9696739954510993,29.0,55.0,51.0,807819706,282871968,0,0,
1789724741.0,0.9916603487490523,30.0,54.0,51.0,807869558,282871968,49852,0,0.0
1789724743.1,0.958258829587881,30.0,54.0,51.0,807922116,282871968,52558,0,0.0
1789724745.2,0.9748022372580715,30.0,55.0,51.0,807922116,282871968,0,0,
1789724747.2,0.9640736979129415,30.0,55.0,51.0,807985452,282871968,63336,0,0.0
1789724749.3,0.969788433204114,30.0,55.0,51.0,808032174,282871968,46722,0,0.0
1789724751.4,0.9676141158968343,30.0,55.0,51.0,808126472,282871968,94298,0,0.0
1789724753.4,0.985881242221809,30.0,55.0,51.0,808126472,282871968,0,0,
1789724755.5,0.9900582202068462,30.0,55.0,51.0,808126472,282871968,0,0,
1789724757.6,0.9660048349950648,30.0,54.0,51.0,808210215,282871968,83743,0,0.0
1789724759.7,0.9916245869512352,30.0,54.0,51.0,808210215,282871968,0,0,
1789724761.7,0.9627576637532722,29.0,55.0,52.0,808210215,282871968,0,0,
1789724763.8,0.979887564907663,29.0,55.0,52.0,808210215,282871968,0,0,
1789724765.9,0.9483170497947273,28.0,55.0,52.0,808259596,282871968,49381,0,0.0
1789724768.0,0.9739797159082781,29.0,56.0,52.0,808320772,282871968,61176,0,0.0
1789724770.0,0.9532807873317407,30.0,54.0,52.0,808421989,282871968,101217,0,0.0
1789724772.1,0.9751813123149327,30.0,55.0,52.0,808421989,282871968,0,0,
1789724774.2,0.9758822435521478,30.0,55.0,52.0,808421989,282871968,0,0,
1789724776.3,0.9765545653511093,30.0,55.0,52.0,808421989,282871968,0,0,
1789724778.3,0.9045016951092165,29.0,55.0,52.0,808502323,282871968,80334,0,0.0
1789724780.4,0.9191497274951006,30.0,55.0,52.0,808557104,282871968,54781,0,0.0
1789724782.5,0.9484672493455591,31.0,54.0,52.0,808597861,282871968,40757,0,0.0
1789724784.5,0.9814396269329252,33.0,52.0,52.0,808661555,282871968,63694,0,0.0
1789724786.6,0.9904301429041441,33.0,51.0,52.0,808661913,282871968,358,0,0.0
1789724788.7,0.9734647460197119,33.0,52.0,52.0,808732418,282871968,70505,0,0.0
1789724790.8,0.9687727981461084,32.0,53.0,52.0,808732418,282871968,0,0,
1789724792.8,0.9652681419600326,32.0,53.0,52.0,808816124,282871968,83706,0,0.0
1789724794.9,0.9773699343413392,32.0,53.0,52.0,808816124,282871968,0,0,
1789724797.0,0.9319524511136223,31.0,52.0,52.0,808879177,282871968,63053,0,0.0
1789724799.1,0.961255668244954,32.0,53.0,52.0,808917920,282871968,38743,0,0.0
1789724801.2,0.9743444862460126,32.0,53.0,52.0,808917920,282871968,0,0,
1789724803.2,0.9605976511651194,32.0,53.0,52.0,808997395,282871968,79475,0,0.0
1789724805.3,0.9743516386055759,32.0,53.0,52.0,808997395,282871968,0,0,
1789724807.4,0.9751240934384253,32.0,53.0,52.0,808997395,282871968,0,0,
1789724809.5,0.9818830732258572,32.0,53.0,52.0,809067889,282871968,70494,0,0.0
1789724811.5,0.9695953194959017,32.0,52.0,52.0,809151247,282871968,83358,0,0.0
1789724813.6,0.9705894974752171,31.0,53.0,52.0,809151247,282871968,0,0,
1789724815.7,0.9630795199336261,31.0,53.0,52.0,809242057,282871984,90810,16,0.0002
1789724817.7,0.9850587208720156,31.0,54.0,52.0,809242057,282871984,0,0,
1789724819.8,0.9614130201553492,30.0,54.0,52.0,809242057,282871984,0,0,
1789724821.9,0.9621425608308181,30.0,55.0,52.0,809242057,282871984,0,0,
1789724824.0,0.9226400789620496,29.0,55.0,52.0,809341896,282871984,99839,0,0.0
1789724826.0,0.9373095684266239,29.0,56.0,52.0,809341896,282871984,0,0,
1789724828.1,0.9592959217245769,30.0,55.0,52.0,809385275,282871984,43379,0,0.0
1789724830.2,0.9885776817772183,31.0,54.0,52.0,809458161,282871984,72886,0,0.0
1789724832.3,0.9711616862402906,31.0,53.0,52.0,809527497,282871984,69336,0,0.0
1789724834.3,0.9600540718382995,31.0,53.0,52.0,809580576,282871984,53079,0,0.0
1789724836.4,0.9925686984136066,32.0,53.0,52.0,809608151,282871984,27575,0,0.0
1789724838.5,0.9611984493684467,32.0,52.0,52.0,809653457,282871984,45306,0,0.0
1789724840.6,0.9781853033315691,32.0,52.0,52.0,809653457,282871984,0,0,
1789724842.7,0.9101663638834452,32.0,51.0,52.0,809758931,282871984,105474,0,0.0
1789724844.8,0.9084211881499706,32.0,52.0,52.0,809804654,282871984,45723,0,0.0
1789724846.8,0.9413792610182099,33.0,52.0,52.0,809849736,282871984,45082,0,0.0
1789724848.9,0.9706967828686683,36.0,49.0,52.0,809965867,282871984,116131,0,0.0
1789724851.0,0.9937989042585149,36.0,49.0,52.0,809965867,282871984,0,0,
1789724853.1,0.9946786444848156,36.0,49.0,52.0,809965867,282871984,0,0,
1789724855.2,0.9953509662837771,36.0,50.0,52.0,810030548,282871984,64681,0,0.0
1789724857.2,0.9509276610353756,36.0,48.0,52.0,810145098,282871984,114550,0,0.0
1789724859.3,0.9765402606319825,36.0,50.0,52.0,810145098,282871984,0,0,
1789724861.4,0.9534381392421359,35.0,49.0,52.0,810192038,282871984,46940,0,0.0
1789724863.5,0.9666628520748995,35.0,50.0,52.0,810260794,282871984,68756,0,0.0
1789724865.5,0.9573433275637633,35.0,50.0,52.0,810336843,282871984,76049,0,0.0
1789724867.6,0.9756533680461185,36.0,49.0,52.0,810385392,282871984,48549,0,0.0
1789724869.7,0.9815111505285594,36.0,50.0,52.0,810447124,282871984,61732,0,0.0
1789724871.8,0.9984121761769208,36.0,50.0,52.0,810447124,282871984,0,0,
1789724873.8,0.999234697526714,36.0,50.0,52.0,810447124,282871984,0,0,
1789724875.9,0.9672207361208462,35.0,50.0,52.0,810512422,282871984,65298,0,0.0
1789724878.0,0.9820547298553793,35.0,51.0,52.0,810512422,282871984,0,0,
1789724880.1,0.9770409258014219,35.0,50.0,52.0,810598565,282872000,86143,16,0.0002
1789724882.1,0.9901082867237901,35.0,51.0,52.0,810598565,282872000,0,0,
1789724884.2,0.9900653725664097,35.0,50.0,52.0,810660826,282872000,62261,0,0.0
1789724886.3,0.9965311056117413,35.0,51.0,52.0,810660826,282872000,0,0,
1789724888.4,0.9716909608479838,35.0,50.0,52.0,810705505,282872000,44679,0,0.0
1789724890.4,0.9723060637704378,35.0,50.0,52.0,810779971,282872000,74466,0,0.0
1789724892.5,0.9627791208319625,34.0,51.0,52.0,810779971,282872000,0,0,
1789724894.6,0.9976468737036348,36.0,49.0,52.0,810857625,282872000,77654,0,0.0
1789724896.6,0.981318036820347,36.0,49.0,52.0,810918346,282872016,60721,16,0.0003
1789724898.7,0.9870971433475904,36.0,49.0,52.0,810918346,282872016,0,0,
1789724900.8,0.9698885662380019,35.0,49.0,52.0,811016968,282872016,98622,0,0.0
1789724902.9,0.9881914543607936,35.0,51.0,52.0,811016968,282872016,0,0,
1789724904.9,0.9704607550030755,35.0,51.0,52.0,811083418,282872016,66450,0,0.0
1789724907.0,0.9531234354213455,34.0,51.0,52.0,811083418,282872016,0,0,
1789724909.1,0.9506844808102193,34.0,50.0,52.0,811191224,282872016,107806,0,0.0
1789724911.1,0.9454775630480495,33.0,50.0,52.0,811191224,282872016,0,0,
1789724913.2,0.9564635873374626,33.0,53.0,52.0,811191224,282872016,0,0,
1789724915.3,0.9820904916531964,34.0,52.0,52.0,811249658,282872016,58434,0,0.0
1789724917.4,0.939083353598352,34.0,52.0,52.0,811366579,282872016,116921,0,0.0
1789724919.4,0.9647245626332127,34.0,52.0,52.0,811366579,282872016,0,0,
1789724921.5,0.9536455576694751,34.0,51.0,52.0,811459456,282872016,92877,0,0.0
1789724923.6,0.9829416224412434,35.0,51.0,52.0,811522776,282872016,63320,0,0.0
1789724925.7,0.9959517644871043,35.0,51.0,52.0,811522776,282872016,0,0,
1789724927.8,0.980788762212654,34.0,52.0,52.0,811522776,282872016,0,0,
1789724929.8,0.9212024546898021,32.0,51.0,52.0,811602111,282872016,79335,0,0.0
1789724931.9,0.9468365113650994,33.0,51.0,52.0,811705718,282872032,103607,16,0.0002
1789724934.0,0.9651537042070178,33.0,52.0,52.0,811705718,282872032,0,0,
1789724936.0,0.9740726965826026,33.0,53.0,52.0,811705718,282872032,0,0,
1789724938.1,0.8996023288082738,31.0,54.0,52.0,811930108,282872032,224390,0,0.0
1789724940.2,0.9252435378431345,31.0,55.0,52.0,811930108,282872032,0,0,
1789724942.3,0.9398772655098917,31.0,55.0,52.0,811930108,282872032,0,0,
1789724944.4,0.9508632897993048,31.0,55.0,52.0,811930108,282872032,0,0,
1789724946.5,0.9581944583518103,31.0,55.0,52.0,811930108,282872032,0,0,
1789724948.6,0.96917333028166,31.0,55.0,52.0,811930108,282872032,0,0,
1789724950.7,0.976497346474602,31.0,55.0,52.0,811930108,282872032,0,0,
1789724952.7,0.9838356673866708,31.0,55.0,52.0,811930108,282872032,0,0,
1789724954.8,0.9874976754831419,31.0,55.0,52.0,811930108,282872032,0,0,
1789724956.9,0.9503197104724849,31.0,54.0,52.0,812009740,282872032,79632,0,0.0
1789724959.0,0.975953767147782,31.0,55.0,52.0,812009740,282872032,0,0,
1789724961.1,0.9827198992947773,31.0,55.0,52.0,812009740,282872032,0,0,
1789724963.1,0.983427982891556,31.0,55.0,52.0,812009740,282872032,0,0,
1789724965.2,0.9411217760739268,30.0,55.0,52.0,812151761,282872032,142021,0,0.0
1789724967.3,0.9594532736349721,30.0,55.0,52.0,812151761,282872032,0,0,
1789724969.3,0.9704249932052584,30.0,55.0,52.0,812151761,282872032,0,0,
1789724971.4,0.9814181698542349,30.0,55.0,52.0,812151761,282872032,0,0,
1789724973.5,0.9832706309811606,30.0,56.0,52.0,812151761,282872032,0,0,
1789724975.6,0.9642167451042098,30.0,55.0,52.0,812238921,282872032,87160,0,0.0
1789724977.6,0.9825339379461284,31.0,55.0,52.0,812271561,282872032,32640,0,0.0
1789724979.7,0.9891713276209821,31.0,55.0,52.0,812271561,282872032,0,0,
1789724981.8,0.9879339694165105,31.0,55.0,52.0,812336659,282872032,65098,0,0.0
1789724983.9,0.9345487576351439,29.0,55.0,52.0,812389346,282872032,52687,0,0.0
1789724985.9,0.9565279585735335,30.0,55.0,52.0,812450729,282872032,61383,0,0.0
1789724988.0,0.9500336160899481,30.0,55.0,52.0,812531365,282872032,80636,0,0.0
1789724990.1,0.9329966956098817,29.0,55.0,52.0,812531365,282872032,0,0,
1789724992.2,0.9549902012673981,31.0,54.0,52.0,812634155,282872032,102790,0,0.0
1789724994.2,0.9806242579426953,31.0,54.0,52.0,812634155,282872032,0,0,
1789724996.3,0.971404866465447,31.0,53.0,52.0,812689271,282872032,55116,0,0.0
1789724998.4,0.9626575307193843,31.0,53.0,52.0,812741022,282872032,51751,0,0.0
1789725000.5,0.9335831890940821,31.0,53.0,52.0,812819189,282872032,78167,0,0.0
1789725002.6,0.959195788690689,31.0,54.0,52.0,812819189,282872032,0,0,
1789725004.6,0.98485845480424,32.0,54.0,52.0,812869765,282872032,50576,0,0.0
1789725006.7,0.98431487547742,30.0,55.0,52.0,812869765,282872032,0,0,
1789725008.8,0.9850515685124522,30.0,56.0,52.0,812869765,282872032,0,0,
1789725010.9,0.9375742057304705,29.0,56.0,52.0,812990228,282872032,120463,0,0.0
1789725012.9,0.9595677113879869,29.0,56.0,52.0,812990228,282872032,0,0,
1789725015.0,0.9742228961334344,29.0,57.0,52.0,812990228,282872032,0,0,
1789725017.1,0.980788762212654,29.0,57.0,52.0,812990228,282872032,0,0,
1789725019.2,0.9598895675683408,29.0,57.0,52.0,813075525,282872032,85297,0,0.0
1789725021.2,0.9726493770294821,29.0,57.0,52.0,813075525,282872032,0,0,
1789725023.3,0.9874046948088174,29.0,57.0,52.0,813146898,282872032,71373,0,0.0
1789725025.4,0.9941207604388688,29.0,57.0,52.0,813146898,282872032,0,0,
1789725027.5,0.9536741671077289,28.0,57.0,52.0,813192908,282872032,46010,0,0.0
1789725029.5,0.9543464889066903,28.0,57.0,52.0,813192908,282872032,0,0,
1789725031.6,0.905581701403293,27.0,58.0,52.0,813360235,282872032,167327,0,0.0
1789725033.7,0.920229733789177,27.0,58.0,52.0,813360235,282872032,0,0,
1789725035.8,0.9311943009998999,27.0,58.0,52.0,813360235,282872032,0,0,
1789725037.9,0.9421588682106227,27.0,59.0,52.0,813360235,282872032,0,0,
1789725039.9,0.9494971891226915,27.0,59.0,52.0,813360235,282872032,0,0,
1789725042.0,0.9605046704907949,28.0,58.0,52.0,813430259,282872032,70024,0,0.0
1789725044.1,0.9505056718211338,27.0,58.0,52.0,813430259,282872032,0,0,
1789725046.2,0.9687871028652353,28.0,58.0,52.0,813510496,282872032,80237,0,0.0
1789725048.3,0.9907877608823151,28.0,58.0,52.0,813510496,282872032,0,0,
1789725050.4,0.9705108215200194,28.0,57.0,52.0,813549307,282872032,38811,0,0.0
1789725052.5,0.9845723604217032,28.0,58.0,52.0,813549307,282872032,0,0,
1789725054.5,0.9852232251419744,28.0,58.0,52.0,813549307,282872032,0,0,
1789725056.6,0.9867538300885462,28.0,58.0,52.0,813605448,282872032,56141,0,0.0
1789725058.7,0.9652681419600326,28.0,57.0,52.0,813669031,282872032,63583,0,0.0
1789725060.7,0.9829201653625531,28.0,57.0,52.0,813669031,282872032,0,0,
1789725062.8,0.9691804826412234,28.0,56.0,52.0,813760172,282872032,91141,0,0.0
1789725064.9,0.99119544537743,28.0,58.0,52.0,813760172,282872032,0,0,
1789725067.0,0.9993276782010385,28.0,58.0,52.0,813760172,282872032,0,0,
1789725069.0,0.9719484457922669,27.0,59.0,52.0,813823257,282872032,63085,0,0.0
1789725071.1,0.985745347390104,27.0,59.0,52.0,813823257,282872032,0,0,
1789725073.2,0.9863676026721215,27.0,59.0,52.0,813823257,282872032,0,0,
1789725075.3,0.9761397284964309,28.0,58.0,52.0,813860537,282872032,37280,0,0.0
1789725077.3,0.8939805741914257,28.0,58.0,52.0,813922364,282872032,61827,0,0.0
1789725079.4,0.8812064600111577,28.0,58.0,52.0,813978186,282872032,55822,0,0.0
1789725081.5,0.9068834308438354,29.0,57.0,52.0,814026725,282872032,48539,0,0.0
1789725083.6,0.9361437338177865,30.0,56.0,52.0,814085488,282872032,58763,0,0.0
1789725085.6,0.9654827127469352,31.0,55.0,52.0,814154794,282872032,69306,0,0.0
1789725087.7,0.9910738552648519,32.0,54.0,52.0,814204704,282872032,49910,0,0.0
1789725089.8,0.9922897563906332,32.0,54.0,52.0,814204704,282872032,0,0,
1789725091.9,0.9894717267226458,32.0,53.0,52.0,814272839,282872032,68135,0,0.0
1789725093.9,0.9766833078232509,31.0,53.0,52.0,814272839,282872032,0,0,
1789725096.0,0.9739725635487148,31.0,54.0,52.0,814350637,282872032,77798,0,0.0
1789725098.1,0.9870685339093367,31.0,54.0,52.0,814350637,282872032,0,0,
1789725100.2,0.9363368475259988,30.0,55.0,52.0,814437007,282872048,86370,16,0.0002
1789725102.2,0.9546182785701003,30.0,55.0,52.0,814437007,282872048,0,0,
1789725104.3,0.9611626875706295,30.0,55.0,52.0,814492674,282872048,55667,0,0.0
1789725106.4,0.9098802695009084,30.0,54.0,52.0,814582953,282872048,90279,0,0.0
1789725108.4,0.9355500879740226,31.0,54.0,52.0,814672358,282872048,89405,0,0.0
1789725110.5,0.961169839930193,31.0,55.0,52.0,814672358,282872048,0,0,
1789725112.6,0.9831275837898923,32.0,54.0,52.0,814734371,282872064,62013,16,0.0003
1789725114.7,0.9979544251648619,32.0,54.0,52.0,814734371,282872064,0,0,
1789725116.7,0.9633942237544166,33.0,53.0,52.0,814838876,282872064,104505,0,0.0
1789725118.8,0.9810820089547542,33.0,53.0,52.0,814838876,282872064,0,0,
1789725120.9,0.9569928619451558,32.0,52.0,52.0,814937445,282872080,98569,16,0.0002
1789725123.0,0.975288597708384,32.0,52.0,52.0,814937445,282872080,0,0,
1789725125.0,0.983156193228146,32.0,53.0,52.0,814937445,282872080,0,0,
1789725127.1,0.9839000386227417,32.0,54.0,52.0,814991262,282872080,53817,0,0.0
1789725129.2,0.9767619837784485,33.0,53.0,52.0,815082664,282872080,91402,0,0.0
1789725131.3,0.9711473815211639,32.0,53.0,52.0,815082664,282872080,0,0,
1789725133.4,0.9621139513925644,33.0,52.0,52.0,815193008,282872080,110344,0,0.0
1789725135.4,0.9841003046905175,33.0,53.0,52.0,815193008,282872080,0,0,
1789725137.5,0.968408027808374,33.0,52.0,52.0,815259971,282872080,66963,0,0.0
1789725139.6,0.9554837140772741,32.0,52.0,52.0,815259971,282872080,0,0,
1789725141.7,0.982698442216087,33.0,52.0,52.0,815318982,282872080,59011,0,0.0
1789725143.7,0.9618779235269715,33.0,52.0,52.0,815390471,282872080,71489,0,0.0
1789725145.8,0.9866465446950949,33.0,52.0,52.0,815390471,282872080,0,0,
1789725147.9,0.9569141859899581,32.0,53.0,52.0,815439897,282872080,49426,0,0.0
1789725149.9,0.9861816413234726,33.0,53.0,52.0,815510025,282872080,70128,0,0.0
1789725152.0,0.9680718669088932,32.0,53.0,52.0,815510025,282872080,0,0,
1789725154.1,0.9552977527286252,32.0,52.0,52.0,815610422,282872080,100397,0,0.0
1789725156.2,0.9772340395096343,32.0,54.0,52.0,815610422,282872080,0,0,
1789725158.2,0.9857739568283577,32.0,54.0,52.0,815610422,282872080,0,0,
1789725160.3,0.9579584304862174,31.0,54.0,52.0,815610422,282872080,0,0,
1789725162.4,0.9504055387872459,31.0,55.0,52.0,815709512,282872080,99090,0,0.0
1789725164.5,0.9723990444447623,31.0,55.0,52.0,815709512,282872080,0,0,
1789725166.5,0.9803238588410317,31.0,55.0,52.0,815709512,282872080,0,0,
1789725168.6,0.9525798560945256,31.0,53.0,52.0,815867431,282872080,157919,0,0.0
1789725170.7,0.9782139127698227,31.0,54.0,52.0,815867431,282872080,0,0,
1789725172.8,0.9928333357174531,31.0,54.0,52.0,815867431,282872080,0,0,
1789725174.8,0.9472084340623972,30.0,54.0,52.0,815927897,282872080,60466,0,0.0
1789725176.9,0.9476804897935829,30.0,53.0,52.0,815988633,282872080,60736,0,0.0
1789725179.0,0.9727995765803138,30.0,56.0,52.0,815988633,282872080,0,0,
1789725181.1,0.9784213311971619,30.0,55.0,52.0,816051863,282872080,63230,0,0.0
1789725183.1,0.9677357060094125,30.0,54.0,52.0,816123277,282872096,71414,16,0.0002
1789725185.2,0.9897578211051826,31.0,54.0,52.0,816156122,282872096,32845,0,0.0
1789725187.3,0.9856738237944698,30.0,55.0,53.0,816156122,282872096,0,0,
1789725189.3,0.9544966884575221,30.0,54.0,53.0,816241253,282872096,85131,0,0.0
1789725191.4,0.9764401275980946,30.0,54.0,53.0,816241253,282872096,0,0,
1789725193.5,0.9679216673580614,30.0,55.0,53.0,816291076,282872096,49823,0,0.0
1789725195.6,0.9584376385769665,29.0,54.0,53.0,816391964,282872096,100888,0,0.0
1789725197.6,0.9803882300771024,29.0,56.0,53.0,816391964,282872096,0,0,
1789725199.7,0.9913814067260789,29.0,56.0,53.0,816391964,282872096,0,0,
1789725201.8,0.9726279199507918,28.0,56.0,53.0,816391964,282872096,0,0,
1789725203.9,0.9781566938933154,28.0,57.0,53.0,816468340,282872096,76376,0,0.0
1789725205.9,0.9870542291902098,28.0,58.0,53.0,816468340,282872096,0,0,
1789725208.0,0.9721057977026621,29.0,56.0,53.0,816511027,282872096,42687,0,0.0
1789725210.1,0.9946929492039424,30.0,56.0,53.0,816559350,282872096,48323,0,0.0
1789725212.1,0.9730356044459068,29.0,56.0,53.0,816559350,282872096,0,0,
1789725214.2,0.9728281860185676,29.0,56.0,53.0,816644262,282872096,84912,0,0.0
1789725216.3,0.9911239217817958,29.0,56.0,53.0,816644262,282872096,0,0,
1789725218.4,0.9323458308896104,28.0,57.0,53.0,816749473,282872112,105211,16,0.0002
1789725220.4,0.9579870399244711,28.0,57.0,53.0,816749473,282872112,0,0,
1789725222.5,0.9726350723103552,28.0,58.0,53.0,816749473,282872112,0,0,
1789725224.6,0.9868825725606878,29.0,57.0,53.0,816773618,282872112,24145,0,0.0
1789725226.7,0.987533437280959,29.0,57.0,53.0,816773618,282872112,0,0,
1789725228.7,0.8895031971047248,28.0,57.0,53.0,816859594,282872112,85976,0,0.0
1789725230.8,0.9078346946657703,29.0,57.0,53.0,816910471,282872112,50877,0,0.0
1789725232.9,0.9371021499992848,30.0,56.0,53.0,816990436,282872112,79965,0,0.0
1789725235.0,0.959109960375928,30.0,56.0,53.0,816990436,282872112,0,0,
1789725237.1,0.965239532521779,30.0,56.0,53.0,816990436,282872112,0,0,
1789725239.1,0.965904701961177,30.0,56.0,53.0,816990436,282872112,0,0,
1789725241.2,0.9595462543092966,30.0,55.0,53.0,817075188,282872112,84752,0,0.0
1789725243.3,0.9720342741070279,30.0,55.0,53.0,817075188,282872112,0,0,
1789725245.4,0.9594532736349721,30.0,54.0,53.0,817147104,282872112,71916,0,0.0
1789725247.4,0.9887493384067404,31.0,54.0,53.0,817209790,282872112,62686,0,0.0
1789725249.5,0.9514211738452516,31.0,53.0,53.0,817258669,282872112,48879,0,0.0
1789725251.6,0.9843720943539274,32.0,53.0,53.0,817314887,282872112,56218,0,0.0
1789725253.6,0.973808059278756,32.0,52.0,53.0,817396003,282872112,81116,0,0.0
1789725255.8,0.9918820718955184,32.0,52.0,53.0,817396003,282872112,0,0,
1789725257.9,0.9925329366157896,32.0,53.0,53.0,817396003,282872112,0,0,
1789725259.9,0.9734432889410216,32.0,52.0,53.0,817452033,282872112,56030,0,0.0
1789725262.0,0.9804454489536097,31.0,53.0,53.0,817452033,282872112,0,0,
1789725264.1,0.9398057419142575,31.0,52.0,53.0,817553542,282872112,101509,0,0.0
1789725266.2,0.8979715908278141,30.0,53.0,53.0,817630275,282872112,76733,0,0.0
1789725268.2,0.9236199522222381,30.0,54.0,53.0,817630275,282872112,0,0,
1789725270.3,0.9492611612570987,31.0,54.0,53.0,817716316,282872112,86041,0,0.0
1789725272.4,0.9675497446607636,31.0,54.0,53.0,817716316,282872112,0,0,
1789725274.4,0.967964581515442,31.0,53.0,53.0,817771245,282872112,54929,0,0.0
1789725276.5,0.9930550588639192,32.0,53.0,53.0,817826769,282872112,55524,0,0.0
1789725278.6,0.9426309239418084,31.0,52.0,53.0,817881097,282872112,54328,0,0.0
1789725280.7,0.9682935900553593,32.0,52.0,53.0,817958754,282872112,77657,0,0.0
1789725282.7,0.9801522022115096,32.0,52.0,53.0,817958754,282872112,0,0,
1789725284.8,0.9809175046847955,32.0,53.0,53.0,817958754,282872112,0,0,
1789725286.9,0.92707454189137,30.0,55.0,53.0,818045627,282872128,86873,16,0.0002
1789725289.0,0.9417654884346346,31.0,54.0,53.0,818085975,282872128,40348,0,0.0
1789725291.0,0.9500979873260189,31.0,54.0,53.0,818145000,282872128,59025,0,0.0
1789725293.1,0.9607120889181341,31.0,54.0,53.0,818145000,282872128,0,0,
1789725295.2,0.9614416295936029,31.0,54.0,53.0,818145000,282872128,0,0,
1789725297.2,0.9448481554064686,31.0,53.0,53.0,818275679,282872128,130679,0,0.0
1789725299.3,0.9631725006079506,31.0,54.0,53.0,818275679,282872128,0,0,
1789725301.4,0.9741370678186734,31.0,54.0,53.0,818275679,282872128,0,0,
1789725303.5,0.9815826741241935,31.0,54.0,53.0,818275679,282872128,0,0,
1789725305.6,0.9822907577209722,31.0,54.0,53.0,818275679,282872128,0,0,
1789725307.7,0.8887450469910023,28.0,55.0,53.0,818418837,282872128,143158,0,0.0
1789725309.7,0.9070407827542306,28.0,56.0,53.0,818418837,282872128,0,0,
1789725311.8,0.9180411117627705,28.0,57.0,53.0,818418837,282872128,0,0,
1789725313.9,0.9290128313330568,28.0,57.0,53.0,818418837,282872128,0,0,
1789725316.0,0.9473371765345387,29.0,56.0,53.0,818472742,282872128,53905,0,0.0
1789725318.0,0.9472012817028338,29.0,56.0,53.0,818520719,282872128,47977,0,0.0
1789725320.1,0.9546969545252979,29.0,55.0,53.0,818602837,282872128,82118,0,0.0
1789725322.2,0.9693235298324917,29.0,56.0,53.0,818602837,282872128,0,0,
1789725324.2,0.9617277239761397,29.0,56.0,53.0,818689822,282872144,86985,16,0.0002
1789725326.3,0.9800449168180583,29.0,56.0,53.0,818689822,282872144,0,0,
1789725328.4,0.9828772512051726,29.0,56.0,53.0,818689822,282872144,0,0,
1789725330.5,0.9835066588467536,29.0,56.0,53.0,818689822,282872144,0,0,
1789725332.6,0.9668774228618021,29.0,55.0,53.0,818770935,282872144,81113,0,0.0
1789725334.7,0.9888494714406283,30.0,55.0,53.0,818810702,282872144,39767,0,0.0
1789725336.8,0.9497403693478479,29.0,55.0,53.0,818892595,282872144,81893,0,0.0
1789725338.9,0.9531806542978528,28.0,56.0,53.0,818892595,282872144,0,0,
1789725340.9,0.975152702876679,29.0,56.0,53.0,818945783,282872144,53188,0,0.0
1789725343.0,0.9507631567654169,29.0,56.0,53.0,818982318,282872144,36535,0,0.0
1789725345.1,0.9800377644584949,30.0,56.0,53.0,819064382,282872144,82064,0,0.0
1789725347.2,0.9930979730212998,30.0,56.0,53.0,819064382,282872144,0,0,
1789725349.2,0.9870470768306464,30.0,56.0,53.0,819128709,282872144,64327,0,0.0
1789725351.3,0.9780851702976812,30.0,56.0,53.0,819191095,282872160,62386,16,0.0003
1789725353.4,0.9809532664826126,30.0,56.0,53.0,819191095,282872160,0,0,
1789725355.5,0.9573004134063827,30.0,55.0,53.0,819238255,282872160,47160,0,0.0
1789725357.5,0.9750382651236643,30.0,55.0,53.0,819238255,282872160,0,0,
1789725359.6,0.9457708097901498,31.0,54.0,53.0,819352692,282872160,114437,0,0.0
1789725361.7,0.9750382651236643,32.0,54.0,53.0,819410497,282872160,57805,0,0.0
1789725363.8,0.9938775802137125,32.0,54.0,53.0,819410497,282872160,0,0,
1789725365.8,0.9472799576580314,31.0,54.0,53.0,819492829,282872160,82332,0,0.0
1789725367.9,0.965547083983006,31.0,54.0,53.0,819492829,282872160,0,0,
1789725370.0,0.9875405896405224,32.0,54.0,53.0,819540868,282872160,48039,0,0.0
1789725372.1,0.9370091693249603,31.0,53.0,53.0,819609194,282872160,68326,0,0.0
1789725374.1,0.9589597608250962,31.0,55.0,53.0,819609194,282872160,0,0,
1789725376.2,0.9469366443989873,30.0,55.0,53.0,819678514,282872160,69320,0,0.0
1789725378.3,0.9725563963551576,31.0,55.0,53.0,819723793,282872160,45279,0,0.0
1789725380.4,0.9989629078633041,32.0,54.0,53.0,819779210,282872160,55417,0,0.0
1789725382.4,0.9269529517787918,31.0,53.0,53.0,819841864,282872160,62654,0,0.0
1789725384.5,0.9562561689101234,32.0,54.0,53.0,819868617,282872160,26753,0,0.0
1789725386.6,0.989235698857053,33.0,53.0,53.0,819948043,282872160,79426,0,0.0
1789725388.7,0.9992275451671506,33.0,53.0,53.0,819948043,282872160,0,0,
1789725390.8,0.9666413949962093,32.0,52.0,53.0,820018613,282872160,70570,0,0.0
1789725392.8,0.9922897563906332,33.0,52.0,53.0,820078162,282872160,59549,0,0.0
1789725394.9,0.9998569528087315,33.0,52.0,53.0,820078162,282872160,0,0,
1789725397.0,0.9739081923126439,32.0,54.0,54.0,820078162,282872160,0,0,
1789725399.1,0.9746091235498591,32.0,54.0,54.0,820078162,282872160,0,0,
1789725401.1,0.9689516071351939,33.0,52.0,54.0,820167945,282872160,89783,0,0.0
1789725403.2,0.9890282804297138,33.0,52.0,54.0,820167945,282872160,0,0,
1789725405.3,0.9504627576637533,33.0,52.0,54.0,820243823,282872160,75878,0,0.0
1789725407.3,0.9760753572603602,34.0,52.0,54.0,820283691,282872160,39868,0,0.0
1789725409.4,0.9993705923584191,35.0,51.0,54.0,820333753,282872160,50062,0,0.0
1789725411.5,0.9582731343070079,34.0,51.0,54.0,820476637,282872160,142884,0,0.0
1789725413.6,0.9838857339036148,34.0,51.0,54.0,820476637,282872160,0,0,
1789725415.6,0.9968458094325318,34.0,51.0,54.0,820476637,282872160,0,0,
1789725417.7,0.9768335073740827,33.0,52.0,54.0,820476637,282872160,0,0,
1789725419.8,0.9291773356030154,32.0,52.0,54.0,820645688,282872160,169051,0,0.0
1789725421.8,0.9474730713662437,32.0,52.0,54.0,820645688,282872160,0,0,
1789725423.9,0.962106799033001,32.0,52.0,54.0,820645688,282872160,0,0,
1789725426.0,0.9730785186032872,32.0,54.0,54.0,820645688,282872160,0,0,
1789725428.1,0.984093152330954,32.0,54.0,54.0,820645688,282872160,0,0,
1789725430.1,0.9903872287467635,32.0,54.0,54.0,820645688,282872160,0,0,
1789725432.2,0.947530290242751,31.0,54.0,54.0,820745356,282872160,99668,0,0.0
1789725434.3,0.973142889839358,31.0,54.0,54.0,820745356,282872160,0,0,
1789725436.4,0.9878266840230592,31.0,55.0,54.0,820745356,282872160,0,0,
1789725438.4,0.9427453616948231,29.0,56.0,54.0,820745356,282872160,0,0,
1789725440.5,0.9488463244024203,29.0,57.0,54.0,820831369,282872160,86013,0,0.0
1789725442.6,0.9618278570100276,29.0,57.0,54.0,820831369,282872160,0,0,
1789725444.7,0.9481453931652052,29.0,56.0,54.0,820944250,282872160,112881,0,0.0
1789725446.8,0.9737937545596292,29.0,56.0,54.0,820944250,282872160,0,0,
1789725448.9,0.9884346345859499,29.0,57.0,54.0,820944250,282872160,0,0,
1789725450.9,0.9643168781380977,29.0,56.0,54.0,821025098,282872160,80848,0,0.0
1789725453.0,0.9862674696382336,29.0,57.0,54.0,821025098,282872160,0,0,
1789725455.1,0.9820046633384354,31.0,55.0,54.0,821126993,282872160,101895,0,0.0
1789725457.1,0.9981403865135108,31.0,55.0,54.0,821126993,282872160,0,0,
1789725459.2,0.9988127083124723,31.0,55.0,54.0,821126993,282872160,0,0,
1789725461.3,0.9971962750511394,30.0,56.0,54.0,821126993,282872160,0,0,
1789725463.4,0.9715049994993348,30.0,55.0,54.0,821182127,282872160,55134,0,0.0
1789725465.4,0.9855236242436379,30.0,55.0,54.0,821182127,282872160,0,0,
1789725467.5,0.9571788232938047,30.0,54.0,54.0,821267155,282872160,85028,0,0.0
1789725469.6,0.9828486417669189,30.0,56.0,54.0,821267155,282872160,0,0,
1789725471.7,0.9883130444733718,30.0,56.0,54.0,821267155,282872160,0,0,
1789725473.7,0.9890139757105869,30.0,56.0,54.0,821267155,282872160,0,0,
1789725475.8,0.9359363153904473,29.0,55.0,54.0,821350841,282872160,83686,0,0.0
1789725477.9,0.954239203513239,30.0,55.0,54.0,821407304,282872160,56463,0,0.0
1789725480.0,0.9387972592158152,29.0,56.0,54.0,821407304,282872160,0,0,
1789725482.0,0.9275680547012459,29.0,56.0,54.0,821484627,282872160,77323,0,0.0
1789725484.1,0.9222109373882443,29.0,56.0,54.0,821570452,282872160,85825,0,0.0
1789725486.2,0.9405281302301629,29.0,57.0,54.0,821570452,282872160,0,0,
1789725488.3,0.9661907963437137,30.0,56.0,54.0,821626148,282872160,55696,0,0.0
1789725490.3,0.9658617878037965,29.0,57.0,54.0,821626148,282872160,0,0,
1789725492.4,0.9417583360750712,29.0,57.0,54.0,821713670,282872160,87522,0,0.0
1789725494.5,0.9600826812765532,30.0,56.0,54.0,821717851,282872160,4181,0,0.0
1789725496.6,0.9857238903114137,31.0,55.0,54.0,821775933,282872160,58082,0,0.0
1789725498.6,0.9512352124966026,29.0,56.0,54.0,821875402,282872160,99469,0,0.0
1789725500.7,0.9658903972420502,29.0,57.0,54.0,821875402,282872160,0,0,
1789725502.8,0.98789105525913,30.0,56.0,54.0,821935257,282872160,59855,0,0.0
1789725504.9,0.9974179981976053,30.0,56.0,54.0,821935257,282872160,0,0,
1789725507.0,0.9482526785586565,29.0,57.0,54.0,822026107,282872160,90850,0,0.0
1789725509.1,0.9702390318566095,29.0,57.0,54.0,822026107,282872160,0,0,
1789725511.1,0.9922039280758722,30.0,56.0,54.0,822068306,282872160,42199,0,0.0
1789725513.2,0.9451628592272591,29.0,55.0,54.0,822127185,282872160,58879,0,0.0
1789725515.3,0.9708326777003734,30.0,55.0,54.0,822191909,282872160,64724,0,0.0
1789725517.3,0.9861315748065287,30.0,55.0,54.0,822191909,282872160,0,0,
1789725519.4,0.9690302830903915,30.0,54.0,54.0,822237941,282872160,46032,0,0.0
1789725521.5,0.9791151100748137,30.0,55.0,54.0,822237941,282872160,0,0,
1789725523.6,0.9616776574591958,30.0,55.0,54.0,822297228,282872160,59287,0,0.0
1789725525.6,0.9489679145149985,30.0,55.0,54.0,822414980,282872160,117752,0,0.0
1789725527.7,0.9709042012960075,30.0,56.0,54.0,822414980,282872160,0,0,
1789725529.8,0.9855450813223282,30.0,56.0,54.0,822414980,282872160,0,0,
1789725531.9,0.994549902012674,30.0,56.0,54.0,822414980,282872160,0,0,
1789725533.9,0.9952365285307623,30.0,56.0,54.0,822414980,282872160,0,0,
1789725536.0,0.9959875262849214,30.0,56.0,54.0,822414980,282872160,0,0,
1789725538.1,0.9820690345745061,29.0,57.0,54.0,822478417,282872160,63437,0,0.0
1789725540.2,0.9683150471340495,29.0,56.0,54.0,822534490,282872160,56073,0,0.0
1789725542.2,0.9938561231350223,30.0,55.0,54.0,822584310,282872160,49820,0,0.0
1789725544.3,0.9945284449339837,30.0,56.0,54.0,822584310,282872160,0,0,
1789725546.4,0.9491109617062669,29.0,56.0,54.0,822700325,282872176,116015,16,0.0001
1789725548.5,0.9747307136624372,29.0,57.0,54.0,822700325,282872176,0,0,
1789725550.5,0.989357288969631,29.0,57.0,54.0,822700325,282872176,0,0,
1789725552.6,0.9297852861659062,29.0,55.0,54.0,822798570,282872176,98245,0,0.0
1789725554.7,0.9205587423290944,28.0,56.0,54.0,822798570,282872176,0,0,
1789725556.8,0.9425093338292303,29.0,56.0,54.0,822861431,282872176,62861,0,0.0
1789725558.8,0.9535883387929678,29.0,56.0,54.0,822861431,282872176,0,0,
1789725560.9,0.9542821176706195,29.0,57.0,54.0,822861431,282872176,0,0,
1789725563.0,0.9366944655041698,28.0,58.0,54.0,823005970,282872176,144539,0,0.0
1789725565.1,0.9550331154247786,28.0,58.0,54.0,823005970,282872176,0,0,
1789725567.1,0.9415008511307881,27.0,58.0,54.0,823005970,282872176,0,0,
1789725569.2,0.9488248673237301,27.0,59.0,54.0,823005970,282872176,0,0,
1789725571.3,0.929663696053328,27.0,58.0,54.0,823079464,282872192,73494,16,0.0002
1789725573.4,0.9516572017108444,28.0,58.0,54.0,823152398,282872192,72934,0,0.0
1789725575.4,0.9772698013074513,28.0,58.0,54.0,823152398,282872192,0,0,
1789725577.5,0.9687441887078547,28.0,57.0,54.0,823235371,282872192,82973,0,0.0
1789725579.6,0.960318709142146,27.0,57.0,54.0,823235371,282872192,0,0,
1789725581.7,0.9832706309811606,28.0,57.0,54.0,823285066,282872192,49695,0,0.0
1789725583.8,0.9621139513925644,28.0,56.0,54.0,823344709,282872192,59643,0,0.0
1789725585.8,0.9914100161643327,29.0,57.0,54.0,823378998,282872192,34289,0,0.0
1789725587.9,0.9938418184158954,29.0,57.0,54.0,823378998,282872192,0,0,
1789725590.0,0.9692233967986038,28.0,57.0,54.0,823378998,282872192,0,0,
1789725592.1,0.9649248287009885,28.0,58.0,54.0,823485415,282872208,106417,16,0.0002
1789725594.2,0.9383538129228832,27.0,58.0,54.0,823485415,282872208,0,0,
1789725596.2,0.9530018453087674,28.0,58.0,54.0,823549467,282872208,64052,0,0.0
1789725598.3,0.978199608050696,28.0,58.0,54.0,823549467,282872208,0,0,
1789725600.4,0.9536455576694751,28.0,58.0,54.0,823633119,282872208,83652,0,0.0
1789725602.4,0.9719412934327034,29.0,57.0,54.0,823681320,282872208,48201,0,0.0
1789725604.5,0.9920751856037306,30.0,56.0,54.0,823683682,282872208,2362,0,0.0
1789725606.6,0.9928047262791995,30.0,56.0,54.0,823683682,282872208,0,0,
1789725608.7,0.9705322785987097,30.0,55.0,54.0,823748786,282872208,65104,0,0.0
1789725610.7,0.9258872502038422,29.0,55.0,54.0,823892898,282872208,144112,0,0.0
1789725612.8,0.9514998498004492,29.0,56.0,54.0,823892898,282872208,0,0,
1789725614.9,0.966176491624587,29.0,57.0,54.0,823892898,282872208,0,0,
1789725617.0,0.9771768206331268,29.0,57.0,54.0,823892898,282872208,0,0,
1789725619.0,0.9881270831247229,31.0,55.0,54.0,823921913,282872208,29015,0,0.0
1789725621.1,0.9786144449053743,30.0,56.0,55.0,823921913,282872208,0,0,
1789725623.2,0.9653325131961034,30.0,57.0,55.0,823981585,282872208,59672,0,0.0
1789725625.3,0.9946428826869984,31.0,56.0,55.0,824028778,282872208,47193,0,0.0
1789725627.3,0.9956370606663139,31.0,56.0,55.0,824028778,282872208,0,0,
1789725629.4,0.9821620152488306,31.0,56.0,55.0,824099728,282872208,70950,0,0.0
1789725631.5,0.9887493384067404,31.0,56.0,55.0,824099728,282872208,0,0,
1789725633.6,0.9704106884861315,31.0,55.0,55.0,824169565,282872208,69837,0,0.0
1789725635.7,0.9923898894245211,31.0,56.0,55.0,824169565,282872208,0,0,
1789725637.8,0.9917032629064328,31.0,56.0,55.0,824219994,282872208,50429,0,0.0
1789725639.8,0.9132704879339695,30.0,56.0,55.0,824274914,282872208,54920,0,0.0
1789725641.9,0.9389188493283934,31.0,55.0,55.0,824332467,282872208,57553,0,0.0
1789725644.0,0.9682077617405982,33.0,53.0,55.0,824425235,282872208,92768,0,0.0
1789725646.0,0.932610468193457,33.0,52.0,55.0,824465483,282872208,40248,0,0.0
1789725648.1,0.9606548700416268,33.0,54.0,55.0,824559115,282872208,93632,0,0.0
1789725650.2,0.9789863676026721,33.0,55.0,55.0,824559115,282872208,0,0,
1789725652.3,0.9325317922382594,32.0,55.0,55.0,824684800,282872208,125685,0,0.0
1789725654.4,0.9544966884575221,32.0,55.0,55.0,824684800,282872208,0,0,
1789725656.5,0.9315447666185075,31.0,56.0,55.0,824684800,282872208,0,0,
1789725658.6,0.9425093338292303,32.0,56.0,55.0,824732420,282872208,47620,0,0.0
1789725660.6,0.9618707711674082,32.0,56.0,55.0,824732420,282872208,0,0,
1789725662.7,0.9502624915959775,32.0,56.0,55.0,824822602,282872208,90182,0,0.0
1789725664.8,0.9648962192627348,32.0,56.0,55.0,824822602,282872208,0,0,
1789725666.8,0.9839358004205587,32.0,56.0,55.0,824907394,282872208,84792,0,0.0
1789725668.9,0.975152702876679,31.0,56.0,55.0,824907394,282872208,0,0,
1789725671.0,0.9805312772683709,31.0,56.0,55.0,824963157,282872208,55763,0,0.0
1789725673.1,0.9438039109102093,30.0,55.0,55.0,825076326,282872208,113169,0,0.0
1789725675.2,0.9621211037521278,30.0,55.0,55.0,825076326,282872208,0,0,
1789725677.2,0.9767905932167021,30.0,56.0,55.0,825076326,282872208,0,0,
1789725679.3,0.968408027808374,30.0,55.0,55.0,825158796,282872208,82470,0,0.0
1789725681.4,0.9940492368432345,30.0,58.0,55.0,825158796,282872208,0,0,
1789725683.5,0.9984622426938647,30.0,58.0,55.0,825158796,282872208,0,0,
1789725685.5,0.9341410731400289,28.0,58.0,55.0,825244142,282872208,85346,0,0.0
1789725687.6,0.9488105626046033,28.0,58.0,55.0,825244142,282872208,0,0,
1789725689.7,0.9781066273763714,29.0,57.0,55.0,825314638,282872208,70496,0,0.0
1789725691.8,0.9703606219691876,29.0,57.0,55.0,825372935,282872208,58297,0,0.0
1789725693.8,0.9669990129743803,28.0,59.0,55.0,825372935,282872208,0,0,
1789725695.9,0.9507345473271632,28.0,59.0,55.0,825476149,282872208,103214,0,0.0
1789725698.0,0.9653968844321742,28.0,59.0,55.0,825476149,282872208,0,0,
1789725700.1,0.961305734761898,29.0,57.0,55.0,825554930,282872208,78781,0,0.0
1789725702.1,0.9460783612513768,28.0,56.0,55.0,825612736,282872208,57806,0,0.0
1789725704.2,0.9672207361208462,28.0,58.0,55.0,825612736,282872208,0,0,
1789725706.3,0.9512066030583489,28.0,58.0,55.0,825700306,282872208,87570,0,0.0
1789725708.4,0.9694951864620138,29.0,58.0,55.0,825752451,282872208,52145,0,0.0
1789725710.4,0.9575793554293561,29.0,57.0,55.0,825813484,282872208,61033,0,0.0
1789725712.5,0.9813108844607836,29.0,58.0,55.0,825813484,282872208,0,0,
1789725714.6,0.9319882129114395,28.0,59.0,55.0,825877938,282872208,64454,0,0.0
1789725716.7,0.9612842776832077,29.0,58.0,55.0,825968268,282872208,90330,0,0.0
1789725718.8,0.9758035675969502,29.0,58.0,55.0,825968268,282872208,0,0,
1789725720.9,0.9690302830903915,29.0,57.0,55.0,826057057,282872208,88789,0,0.0
1789725722.9,0.9869111819989415,29.0,57.0,55.0,826057057,282872208,0,0,
1789725725.0,0.9874976754831419,29.0,57.0,55.0,826057057,282872208,0,0,
1789725727.1,0.9799519361437338,29.0,57.0,55.0,826113691,282872208,56634,0,0.0
1789725729.1,0.9801378974923828,29.0,57.0,55.0,826157475,282872208,43784,0,0.0
1789725731.2,0.9405495873088532,28.0,57.0,55.0,826223705,282872208,66230,0,0.0
1789725733.3,0.9661979487032772,29.0,56.0,55.0,826310882,282872208,87177,0,0.0
1789725735.4,0.984536598623886,30.0,56.0,55.0,826322723,282872208,11841,0,0.0
1789725737.4,0.9476518803553292,30.0,55.0,55.0,826395256,282872208,72533,0,0.0
1789725739.5,0.9733002417497533,31.0,54.0,55.0,826459935,282872208,64679,0,0.0
1789725741.6,0.9346989571859756,30.0,53.0,55.0,826561015,282872208,101080,0,0.0
1789725743.6,0.903915201625016,29.0,54.0,55.0,826561015,282872208,0,0,
1789725745.7,0.9185274722130831,29.0,57.0,55.0,826561015,282872208,0,0,
1789725747.8,0.9441686812479437,30.0,56.0,55.0,826643046,282872208,82031,0,0.0
1789725749.9,0.962514483528116,31.0,55.0,55.0,826660690,282872208,17644,0,0.0
1789725751.9,0.9918105482998841,32.0,55.0,55.0,826724783,282872208,64093,0,0.0
1789725754.0,0.9686154462357132,32.0,54.0,55.0,826789042,282872208,64259,0,0.0
1789725756.1,0.9605976511651194,32.0,54.0,55.0,826872884,282872208,83842,0,0.0
1789725758.2,0.9825482426652553,32.0,55.0,55.0,826872884,282872208,0,0,
1789725760.2,0.9912312071752472,32.0,55.0,55.0,826872884,282872208,0,0,
1789725762.3,0.9952579856094526,32.0,55.0,55.0,826932637,282872208,59753,0,0.0
1789725764.4,0.9959446121275409,32.0,55.0,55.0,826932637,282872208,0,0,
1789725766.4,0.9600111576809189,30.0,56.0,55.0,827007243,282872208,74606,0,0.0
1789725768.5,0.9407713104553193,29.0,58.0,55.0,827007243,282872208,0,0,
1789725770.6,0.9664411289284335,30.0,57.0,55.0,827081177,282872224,73934,16,0.0002
1789725772.7,0.9821191010914501,31.0,56.0,55.0,827097798,282872224,16621,0,0.0
1789725774.7,0.957679488463244,31.0,55.0,55.0,827149008,282872224,51210,0,0.0
1789725776.8,0.9771553635544367,31.0,55.0,55.0,827149008,282872224,0,0,
1789725778.9,0.9779564278255396,31.0,56.0,55.0,827149008,282872224,0,0,
1789725781.0,0.9512066030583489,31.0,55.0,55.0,827249963,282872224,100955,0,0.0
1789725783.0,0.9768263550145193,31.0,56.0,55.0,827249963,282872224,0,0,
1789725785.1,0.9914958444790937,31.0,56.0,55.0,827249963,282872224,0,0,
1789725787.2,0.9482312214799662,30.0,56.0,55.0,827249963,282872224,0,0,
1789725789.3,0.9332684852732916,30.0,55.0,55.0,827367999,282872224,118036,0,0.0
1789725791.3,0.9478950605804854,30.0,56.0,55.0,827367999,282872224,0,0,
1789725793.4,0.9625430929663696,30.0,56.0,55.0,827367999,282872224,0,0,
1789725795.5,0.9556625230663596,30.0,56.0,55.0,827428970,282872224,60971,0,0.0
1789725797.6,0.9812751226629665,31.0,56.0,55.0,827493308,282872224,64338,0,0.0
1789725799.7,0.9843434849156737,30.0,56.0,55.0,827493308,282872224,0,0,
1789725801.7,0.970146051182285,29.0,57.0,55.0,827592726,282872224,99418,0,0.0
1789725803.8,0.9884632440242036,29.0,58.0,55.0,827592726,282872224,0,0,
1789725805.9,0.949232551818845,29.0,57.0,55.0,827619611,282872224,26885,0,0.0
1789725808.0,0.9822049294062111,30.0,57.0,55.0,827690862,282872224,71251,0,0.0
1789725810.0,0.9898794112177607,30.0,57.0,55.0,827690862,282872224,0,0,
1789725812.1,0.9997139056174632,29.0,58.0,55.0,827741270,282872224,50408,0,0.0
1789725814.2,0.9882415208777375,29.0,57.0,55.0,827829029,282872224,87759,0,0.0
1789725816.3,0.9983835667386671,29.0,57.0,55.0,827829029,282872224,0,0,
1789725818.3,0.999063040897192,29.0,58.0,55.0,827829029,282872224,0,0,
1789725820.4,0.9877265509891713,29.0,57.0,55.0,827887763,282872240,58734,16,0.0003
1789725822.5,0.9751169410788619,29.0,57.0,55.0,827935454,282872240,47691,0,0.0
1789725824.6,0.9610625545367417,29.0,57.0,55.0,828017622,282872240,82168,0,0.0
1789725826.6,0.9756891298439355,29.0,57.0,55.0,828017622,282872240,0,0,
1789725828.7,0.9372237401118629,28.0,57.0,55.0,828017622,282872240,0,0,
1789725830.8,0.9412648232651952,28.0,58.0,55.0,828163974,282872240,146352,0,0.0
1789725832.8,0.9558770938532621,28.0,58.0,55.0,828163974,282872240,0,0,
1789725834.9,0.949196790021028,27.0,59.0,55.0,828163974,282872240,0,0,
1789725837.0,0.9601756619508776,27.0,59.0,55.0,828163974,282872240,0,0,
1789725839.1,0.9515856781152102,26.0,61.0,55.0,828163974,282872240,0,0,
1789725841.1,0.9521507145207204,26.0,61.0,55.0,828163974,282872240,0,0,
1789725843.2,0.9328965625759938,26.0,61.0,55.0,828310827,282872240,146853,0,0.0
1789725845.3,0.9548757635143834,26.0,62.0,55.0,828310827,282872240,0,0,
1789725847.4,0.9344057104438754,25.0,63.0,55.0,828310827,282872240,0,0,
1789725849.4,0.9453988870928519,25.0,63.0,55.0,828310827,282872240,0,0,
1789725851.5,0.9564135208205187,26.0,62.0,55.0,828365893,282872240,55066,0,0.0
1789725853.6,0.9820475774958158,27.0,61.0,55.0,828393416,282872240,27523,0,0.0
1789725855.7,0.9608551361094025,27.0,60.0,55.0,828420148,282872240,26732,0,0.0
1789725857.7,0.9614416295936029,27.0,60.0,55.0,828420148,282872240,0,0,
1789725859.8,0.96202097071824,27.0,60.0,55.0,828420148,282872240,0,0,
1789725861.9,0.9506344142932753,27.0,61.0,55.0,828528780,282872256,108632,16,0.0001
1789725863.9,0.9726064628721015,27.0,61.0,55.0,828528780,282872256,0,0,
1789725866.0,0.9836067918806414,27.0,61.0,55.0,828528780,282872256,0,0,
1789725868.1,0.9851588539059035,27.0,61.0,55.0,828528780,282872256,0,0,
1789725870.2,0.9857381950305406,27.0,61.0,55.0,828528780,282872256,0,0,
1789725872.2,0.9541962893558585,26.0,61.0,55.0,828622562,282872256,93782,0,0.0
1789725874.3,0.902534796229276,25.0,61.0,55.0,828622562,282872256,0,0,
1789725876.4,0.9171828286151601,26.0,61.0,55.0,828766470,282872256,143908,0,0.0
1789725878.4,0.9428311900095842,26.0,62.0,55.0,828766470,282872256,0,0,
1789725880.5,0.9574720700359048,26.0,62.0,55.0,828766470,282872256,0,0,
1789725882.6,0.9684723990444448,26.0,62.0,55.0,828766470,282872256,0,0,
1789725884.7,0.9794226615360407,26.0,62.0,55.0,828766470,282872256,0,0,
1789725886.7,0.9802809446836511,26.0,62.0,55.0,828766470,282872256,0,0,
1789725888.8,0.9688800835395597,26.0,62.0,55.0,828843344,282872256,76874,0,0.0
1789725890.9,0.9229047162658961,26.0,61.0,55.0,828889648,282872256,46304,0,0.0
1789725893.0,0.9558627891341354,27.0,61.0,55.0,828937552,282872256,47904,0,0.0
1789725895.0,0.9771482111948732,28.0,60.0,55.0,828980331,282872256,42779,0,0.0
1789725897.1,0.9745304475946615,28.0,60.0,55.0,829035728,282872256,55397,0,0.0
1789725899.2,0.9778992089490323,28.0,60.0,55.0,829035728,282872256,0,0,
1789725901.3,0.9734790507388388,28.0,60.0,55.0,829096664,282872256,60936,0,0.0
1789725903.3,0.9975181312314932,29.0,59.0,55.0,829146220,282872256,49556,0,0.0
1789725905.4,0.9893429842505043,29.0,58.0,55.0,829219891,282872256,73671,0,0.0
1789725907.5,0.9970246184216173,29.0,59.0,55.0,829219891,282872256,0,0,
1789725909.6,0.9976611784227617,29.0,59.0,55.0,829219891,282872256,0,0,
1789725911.6,0.9911525312200495,29.0,58.0,55.0,829254755,282872256,34864,0,0.0
1789725913.7,0.9441043100118729,29.0,58.0,55.0,829315643,282872256,60888,0,0.0
1789725915.8,0.9734146795027679,30.0,57.0,55.0,829409578,282872256,93935,0,0.0
1789725917.9,0.9917461770638134,30.0,57.0,55.0,829409578,282872256,0,0,
1789725919.9,0.9740870013017294,30.0,58.0,55.0,829466526,282872256,56948,0,0.0
1789725922.0,0.9746520377072396,30.0,57.0,55.0,829507048,282872256,40522,0,0.0
1789725924.1,0.9846510363769008,30.0,56.0,55.0,829558176,282872256,51128,0,0.0
1789725926.2,0.979887564907663,30.0,56.0,55.0,829643892,282872256,85716,0,0.0
1789725928.2,0.9963522966226558,30.0,56.0,55.0,829643892,282872256,0,0,
1789725930.3,0.9725492439955942,30.0,57.0,55.0,829731846,282872256,87954,0,0.0
1789725932.4,0.9871901240219149,30.0,58.0,55.0,829731846,282872256,0,0,
1789725934.4,0.9430958273134307,29.0,57.0,55.0,829820812,282872256,88966,0,0.0
1789725936.5,0.9614058677957859,29.0,58.0,55.0,829820812,282872256,0,0,
1789725938.6,0.9488463244024203,29.0,59.0,55.0,829898973,282872256,78161,0,0.0
1789725940.7,0.967149212525212,30.0,58.0,55.0,829914930,282872256,15957,0,0.0
1789725942.8,0.9520648862059593,29.0,58.0,55.0,829979664,282872256,64734,0,0.0
1789725944.8,0.97770609524082,30.0,58.0,55.0,830042440,282872256,62776,0,0.0
1789725946.9,0.9983263478621597,30.0,58.0,55.0,830042440,282872256,0,0,
1789725949.0,0.9315090048206903,29.0,58.0,55.0,830133827,282872256,91387,0,0.0
1789725951.0,0.9268814281831577,28.0,58.0,55.0,830133827,282872256,0,0,
1789725953.1,0.9525369419371451,29.0,58.0,55.0,830190026,282872256,56199,0,0.0
1789725955.2,0.9818187019897864,30.0,57.0,55.0,830252486,282872256,62460,0,0.0
1789725957.3,0.9171685238960333,29.0,56.0,55.0,830379543,282872256,127057,0,0.0
1789725959.3,0.9428240376500208,29.0,56.0,55.0,830379543,282872256,0,0,
1789725961.4,0.9574863747550317,29.0,56.0,55.0,830379543,282872256,0,0,
1789725963.5,0.9684509419657545,30.0,55.0,55.0,830437194,282872256,57651,0,0.0
1789725965.6,0.9927260503240019,30.0,55.0,55.0,830437194,282872256,0,0,
1789725967.7,0.9433461598981504,29.0,54.0,55.0,830527499,282872256,90305,0,0.0
1789725969.7,0.961663352740069,29.0,54.0,55.0,830527499,282872256,0,0,
1789725971.8,0.9873117141344929,30.0,53.0,55.0,830591602,282872256,64103,0,0.0
1789725973.9,0.9625073311685525,30.0,52.0,55.0,830680916,282872272,89314,16,0.0002
1789725976.0,0.984486532106942,30.0,52.0,55.0,830680916,282872272,0,0,
1789725978.0,0.9954224898794112,30.0,52.0,55.0,830680916,282872272,0,0,
1789725980.1,0.9805241249088075,29.0,51.0,55.0,830747332,282872272,66416,0,0.0
1789725982.2,0.9850587208720156,29.0,51.0,55.0,830747332,282872272,0,0,
1789725984.3,0.9797874318737751,29.0,50.0,55.0,830798537,282872272,51205,0,0.0
1789725986.3,0.9243566452572703,28.0,49.0,55.0,830843582,282872272,45045,0,0.0
1789725988.4,0.9536527100290386,30.0,47.0,55.0,830914016,282872272,70434,0,0.0
1789725990.5,0.9555194758750912,30.0,46.0,55.0,831006055,282872272,92039,0,0.0
1789725992.5,0.9738295163574463,30.0,46.0,55.0,831006055,282872272,0,0,
1789725994.6,0.9865392593016437,30.0,45.0,55.0,831070872,282872272,64817,0,0.0
1789725996.7,0.975066874561918,29.0,45.0,55.0,831070872,282872272,0,0,
1789725998.7,0.9729712332098359,28.0,44.0,55.0,831143877,282872272,73005,0,0.0
1789726000.8,0.9688443217417426,28.0,43.0,55.0,831227278,282872272,83401,0,0.0
1789726002.9,0.9871472098645343,28.0,43.0,55.0,831227278,282872272,0,0,
1789726005.0,0.9686726651122205,28.0,42.0,55.0,831327801,282872272,100523,0,0.0
1789726007.0,0.9869827055945757,28.0,42.0,55.0,831327801,282872272,0,0,
1789726009.1,0.9789219963666014,28.0,41.0,55.0,831392440,282872272,64639,0,0.0
1789726011.2,0.9969960089833636,28.0,41.0,55.0,831392440,282872272,0,0,
1789726013.2,0.9549902012673981,28.0,39.0,55.0,831474216,282872272,81776,0,0.0
1789726015.3,0.9843005707582931,29.0,38.0,55.0,831535317,282872272,61101,0,0.0
1789726017.4,0.9630580628549359,28.0,38.0,55.0,831535317,282872272,0,0,
1789726019.5,0.9014190281373825,26.0,37.0,55.0,831648843,282872272,113526,0,0.0
1789726021.5,0.9160527558041398,26.0,37.0,55.0,831648843,282872272,0,0,
1789726023.6,0.9307007881900239,27.0,36.0,55.0,831651735,282872272,2892,0,0.0
1789726025.7,0.9600183100404823,29.0,34.0,55.0,831784573,282872272,132838,0,0.0
1789726027.7,0.9783140458037106,29.0,34.0,55.0,831784573,282872272,0,0,
1789726029.8,0.9912240548156837,29.0,34.0,55.0,831784573,282872272,0,0,
1789726031.9,0.9895360979587166,29.0,33.0,55.0,831856357,282872272,71784,0,0.0
1789726034.0,0.9504985194615704,28.0,32.0,55.0,831940560,282872272,84203,0,0.0
1789726036.0,0.9724777203999599,28.0,32.0,55.0,831940560,282872272,0,0,
1789726038.1,0.917640579627219,27.0,31.0,55.0,832026685,282872272,86125,0,0.0
1789726040.2,0.9395983234869183,27.0,31.0,55.0,832026685,282872272,0,0,
1789726042.2,0.9615989815039981,28.0,30.0,55.0,832067384,282872272,40699,0,0.0
1789726044.3,0.9136638677099576,28.0,29.0,55.0,832156164,282872272,88780,0,0.0
1789726046.4,0.9028852618478836,27.0,29.0,55.0,832156164,282872272,0,0,
1789726048.4,0.9248573104267097,28.0,28.0,55.0,832190470,282872272,34306,0,0.0
1789726050.5,0.9578296880140759,31.0,25.0,55.0,832302254,282872272,111784,0,0.0
1789726052.6,0.9753958831018353,31.0,25.0,55.0,832302254,282872272,0,0,
1789726054.6,0.9554837140772741,31.0,24.0,55.0,832380731,282872272,78477,0,0.0
1789726056.7,0.9723990444447623,31.0,24.0,55.0,832380731,282872272,0,0,
1789726058.8,0.9279542821176706,30.0,23.0,55.0,832488842,282872288,108111,16,0.0001
1789726060.8,0.9425951621439913,30.0,23.0,55.0,832488842,282872288,0,0,
1789726062.9,0.9645672107228175,32.0,21.0,55.0,832564412,282872288,75570,0,0.0
1789726065.0,0.9849013689616204,32.0,21.0,55.0,832564412,282872288,0,0,
1789726067.1,0.9856166049179624,32.0,21.0,55.0,832564412,282872288,0,0,
1789726069.1,0.9110961706266898,31.0,20.0,55.0,832735415,282872288,171003,0,0.0
1789726071.2,0.9330682192055159,31.0,20.0,55.0,832735415,282872288,0,0,
1789726073.3,0.9477019468722732,31.0,20.0,55.0,832735415,282872288,0,0,
1789726075.3,0.42753229290342887,12.0,9.0,55.0,832735415,282872288,0,0,
1789726077.4,0.0,0.0,0.0,55.0,832735415,282872288,0,0,
1789726079.5,0.0,0.0,0.0,55.0,832735415,282872288,0,0,
1789726081.5,0.0,0.0,0.0,55.0,832735415,282872288,0,0,
1789726083.6,0.0,0.0,0.0,55.0,832735415,282872288,0,0,
1789726085.7,0.0,0.0,0.0,55.0,832735415,282872288,0,0,
1789726087.7,0.0,0.0,0.0,55.0,832735415,282872288,0,0,
1789726089.8,0.0,0.0,0.0,55.0,832735415,282872288,0,0,
1789726091.9,0.0,0.0,0.0,55.0,832735415,282872288,0,0,
1789726093.9,0.0,0.0,0.0,55.0,832735415,282872288,0,0,
1789726096.0,0.0,0.0,0.0,55.0,832735415,282872288,0,0,
1789726098.1,0.0,0.0,0.0,55.0,832735415,282872288,0,0,
1789726100.1,0.0,0.0,0.0,55.0,832735415,282872288,0,0,
1789726102.2,0.0,0.0,0.0,55.0,832735415,282872288,0,0,
1789726104.3,0.0,0.0,0.0,55.0,832735415,282872288,0,0,
1789726106.4,0.0,0.0,0.0,55.0,832735415,282872288,0,0,
1789726108.4,0.0,0.0,0.0,55.0,832735415,282872288,0,0,
1789726110.5,0.0,0.0,0.0,55.0,832735415,282872288,0,0,
1789726112.5,0.0,0.0,0.0,55.0,832735415,282872288,0,0,
1789726114.6,0.0,0.0,0.0,55.0,832735415,282872288,0,0,
1789726116.7,0.0,0.0,0.0,55.0,832735415,282872288,0,0,
1789726118.7,0.0,0.0,0.0,55.0,832735415,282872288,0,0,
1789726120.8,0.0,0.0,0.0,55.0,832735415,282872288,0,0,
1789726122.9,0.0,0.0,0.0,55.0,832735415,282872288,0,0,
1789726124.9,0.0,0.0,0.0,55.0,832735415,282872288,0,0,
1789726127.0,0.0,0.0,0.0,55.0,832735415,282872288,0,0,
1789726129.1,0.0,0.0,0.0,55.0,832735415,282872288,0,0,
1789726131.2,0.0,0.0,0.0,55.0,832735415,282872288,0,0,
1789726133.2,0.0,0.0,0.0,55.0,832735415,282872288,0,0,
1789726135.3,0.0,0.0,0.0,55.0,832735415,282872288,0,0,
1789726137.4,0.0,0.0,0.0,55.0,832735415,282872288,0,0,
1789726139.4,0.0,0.0,0.0,55.0,832735415,282872288,0,0,
1789726141.5,0.0,0.0,0.0,55.0,832735415,282872288,0,0,
1789726143.6,0.0,0.0,0.0,55.0,832735415,282872288,0,0,
1789726145.6,0.0,0.0,0.0,55.0,832735415,282872288,0,0,
1789726147.7,0.0,0.0,0.0,55.0,832735415,282872288,0,0,
1789726149.8,0.0,0.0,0.0,55.0,832735415,282872288,0,0,
1789726151.8,0.0,0.0,0.0,55.0,832735415,282872288,0,0,
1789726153.9,0.0,0.0,0.0,55.0,832735415,282872288,0,0,
1789726156.0,0.0,0.0,0.0,55.0,832735415,282872288,0,0,
1789726158.0,0.0,0.0,0.0,55.0,832735415,282872288,0,0,
1789726160.1,0.0,0.0,0.0,55.0,832735415,282872288,0,0,
1789726162.2,0.0,0.0,0.0,55.0,832735415,282872288,0,0,
1789726164.2,0.0,0.0,0.0,55.0,832735415,282872288,0,0,
1789726166.3,0.0,0.0,0.0,55.0,832735415,282872288,0,0,
1789726168.4,0.0,0.0,0.0,55.0,832735415,282872288,0,0,
1789726170.4,0.0,0.0,0.0,55.0,832735415,282872288,0,0,
1789726172.5,0.0,0.0,0.0,55.0,832735415,282872288,0,0,
1789726174.6,0.0,0.0,0.0,55.0,832735415,282872288,0,0,
1789726176.6,0.0,0.0,0.0,55.0,832735415,282872288,0,0,
1789726178.7,0.0,0.0,0.0,55.0,832735415,282872288,0,0,
1789726180.8,0.0,0.0,0.0,55.0,832735415,282872288,0,0,
1789726182.8,0.0,0.0,0.0,55.0,832735415,282872288,0,0,
1789726184.9,0.0,0.0,0.0,55.0,832735415,282872288,0,0,
1789726187.0,0.0,0.0,0.0,55.0,832735415,282872288,0,0,
1789726189.0,0.0,0.0,0.0,55.0,832735415,282872288,0,0,
1789726191.1,0.0,0.0,0.0,55.0,832735415,282872288,0,0,
1789726193.2,0.0,0.0,0.0,55.0,832735415,282872288,0,0,
1789726195.2,0.0,0.0,0.0,55.0,832735415,282872288,0,0,
1789726197.3,0.0,0.0,0.0,55.0,832735415,282872288,0,0,
1789726199.4,0.0,0.0,0.0,55.0,832735415,282872288,0,0,
1789726201.4,0.0,0.0,0.0,55.0,832735415,282872288,0,0,
1789726203.5,0.0,0.0,0.0,55.0,832735415,282872288,0,0,
1789726205.6,0.0,0.0,0.0,55.0,832735415,282872288,0,0,
1789726207.6,0.0,0.0,0.0,55.0,832735415,282872288,0,0,
1789726209.7,0.0,0.0,0.0,55.0,832735415,282872288,0,0,
1789726211.8,0.0,0.0,0.0,55.0,832735415,282872288,0,0,
1789726213.8,0.0,0.0,0.0,55.0,832735415,282872288,0,0,
1789726215.9,0.0,0.0,0.0,55.0,832735415,282872288,0,0,
1789726218.0,0.0,0.0,0.0,55.0,832735415,282872288,0,0,
1789726220.0,0.0,0.0,0.0,55.0,832735415,282872288,0,0,
1789726222.1,0.0,0.0,0.0,55.0,832735415,282872288,0,0,
1789726224.2,0.0,0.0,0.0,55.0,832735415,282872288,0,0,
1789726226.2,0.0,0.0,0.0,55.0,832735415,282872288,0,0,
1789726228.3,0.0,0.0,0.0,55.0,832735415,282872288,0,0,
1789726230.4,0.0,0.0,0.0,55.0,832735415,282872288,0,0,
1789726232.4,0.0,0.0,0.0,55.0,832735415,282872288,0,0,
1789726234.5,0.0,0.0,0.0,55.0,832735415,282872288,0,0,
1789726236.6,0.0,0.0,0.0,55.0,832735415,282872288,0,0,
1789726238.6,0.0,0.0,0.0,55.0,832735415,282872288,0,0,
1789726240.7,0.0,0.0,0.0,55.0,832735415,282872288,0,0,
1789726242.8,0.0,0.0,0.0,55.0,832735415,282872288,0,0,
1789726244.8,0.0,0.0,0.0,55.0,832735415,282872288,0,0,
1789726246.9,0.0,0.0,0.0,55.0,832735415,282872288,0,0,
1789726249.0,0.0,0.0,0.0,55.0,832735415,282872288,0,0,
1789726251.0,0.0,0.0,0.0,55.0,832735415,282872288,0,0,
1789726253.1,0.0,0.0,0.0,55.0,832735415,282872288,0,0,
1789726255.2,0.0,0.0,0.0,55.0,832735415,282872288,0,0,
1789726257.2,0.0,0.0,0.0,55.0,832735415,282872288,0,0,
1789726259.3,0.0,0.0,0.0,55.0,832735415,282872288,0,0,
1789726261.4,0.0,0.0,0.0,55.0,832735415,282872288,0,0,
1789726263.4,0.0,0.0,0.0,55.0,832735415,282872288,0,0,
1789726265.5,0.0,0.0,0.0,55.0,832735415,282872288,0,0,
1789726267.6,0.0,0.0,0.0,55.0,832735415,282872288,0,0,
1789726269.7,0.0,0.0,0.0,55.0,832735415,282872288,0,0,
1789726271.7,0.0,0.0,0.0,55.0,832735415,282872288,0,0,
1789726273.8,0.0,0.0,0.0,55.0,832735415,282872288,0,0,
1789726275.9,0.0,0.0,0.0,55.0,832735415,282872288,0,0,
1789726277.9,0.0,0.0,0.0,55.0,832735415,282872288,0,0,
1789726280.0,0.0,0.0,0.0,55.0,832735415,282872288,0,0,
1789726282.1,0.0,0.0,0.0,55.0,832735415,282872288,0,0,
1789726284.1,0.0,0.0,0.0,55.0,832735415,282872288,0,0,
1789726286.2,0.0,0.0,0.0,55.0,832735415,282872288,0,0,
1789726288.3,0.0,0.0,0.0,55.0,832735415,282872288,0,0,
1789726290.3,0.0,0.0,0.0,55.0,832735415,282872288,0,0,
1789726292.4,0.0,0.0,0.0,55.0,832735415,282872288,0,0,
1789726294.5,0.0,0.0,0.0,55.0,832735415,282872288,0,0,
1789726296.5,0.0,0.0,0.0,55.0,832735415,282872288,0,0,
1789726298.6,0.0,0.0,0.0,55.0,832735415,282872288,0,0,
1789726300.7,0.0,0.0,0.0,55.0,832735415,282872288,0,0,
1789726302.7,0.0,0.0,0.0,55.0,832735415,282872288,0,0,
1789726304.8,0.0,0.0,0.0,55.0,832735415,282872288,0,0,
1789726306.9,0.0,0.0,0.0,55.0,832735415,282872288,0,0,
1789726308.9,0.0,0.0,0.0,55.0,832735415,282872288,0,0,
1789726311.0,0.0,0.0,0.0,55.0,832735415,282872288,0,0,
1789726313.1,0.0,0.0,0.0,55.0,832735415,282872288,0,0,
1789726315.1,0.0,0.0,0.0,55.0,832735415,282872288,0,0,
1789726317.2,0.0,0.0,0.0,55.0,832735415,282872288,0,0,
1789726319.3,0.0,0.0,0.0,55.0,832735415,282872288,0,0,
1789726321.3,0.0,0.0,0.0,55.0,832735415,282872288,0,0,
1789726323.4,0.0,0.0,0.0,55.0,832735415,282872288,0,0,
1789726325.4,0.0,0.0,0.0,55.0,832735415,282872288,0,0,
1789726327.5,0.0,0.0,0.0,55.0,832735415,282872288,0,0,
1789726329.6,0.0,0.0,0.0,55.0,832735415,282872288,0,0,
1789726331.7,0.0,0.0,0.0,55.0,832735415,282872288,0,0,
1789726333.7,0.0,0.0,0.0,55.0,832735415,282872288,0,0,
1789726335.8,0.0,0.0,0.0,55.0,832735415,282872288,0,0,
1789726337.9,0.0,0.0,0.0,55.0,832735415,282872288,0,0,
1789726339.9,0.0,0.0,0.0,55.0,832735415,282872288,0,0,
1789726342.0,0.0,0.0,0.0,55.0,832735415,282872288,0,0,
1789726344.0,0.0,0.0,0.0,55.0,832735415,282872288,0,0,
1789726346.1,0.0,0.0,0.0,55.0,832735415,282872288,0,0,
1789726348.2,0.0,0.0,0.0,55.0,832735415,282872288,0,0,
1789726348.3,0.0,0.0,0.0,55.0,832735415,282872288,0,0,
