12:56:53.139 INFO     Starting AIPerf System (_single_run.py:64)
12:56:53.170 INFO     Scenario 'agentx': setting profiling-phase timing_mode=agentic_replay. (validator.py:226)
12:56:53.170 INFO     Scenario 'agentx': injecting extra_inputs.ignore_eos=true (was absent). (validator.py:285)
12:56:53.170 INFO     Scenario 'agentx': auto-set --cache-bust=first_turn_prefix (was at default none). (validator.py:538)
12:56:53.171 INFO     Scenario 'agentx': auto-set --system-idle-gap-cap-seconds=10.0 (was unset). (validator.py:779)
12:56:53.962 INFO     GPU telemetry disabled via --no-gpu-telemetry (system_controller.py:269)
12:56:54.074 INFO     Server Metrics: Discovered 1 endpoints: ['http://agentx-epp-a-epp:80/metrics'] (manager.py:97)
12:56:54.086 INFO     Registered Worker Manager (id: 'worker_manager') (system_controller.py:413)
12:56:54.221 INFO     Telemetry streaming is disabled (set --otel-url and/or --mlflow-tracking-uri to enable) (otel_metrics_results_processor.py:127)
12:56:54.223 INFO     Record metrics export enabled: /data/results/offload-thunder-60m/c192/aiperf_artifacts/profile_export.jsonl (record_export_jsonl_writer.py:62)
12:56:54.298 INFO     Registered Server Metrics Manager (id: 'server_metrics_manager') (system_controller.py:413)
12:56:54.299 INFO     Registered Dataset Manager (id: 'dataset_manager') (system_controller.py:413)
12:56:54.351 INFO     Registered Records Manager (id: 'records_manager') (system_controller.py:413)
12:56:54.353 INFO     Registered Record Processor (id: 'record_processor_78f9c670') (system_controller.py:413)
12:56:54.437 INFO     Registered Record Processor (id: 'record_processor_37325253') (system_controller.py:413)
12:56:54.439 INFO     Registered Record Processor (id: 'record_processor_1e502b70') (system_controller.py:413)
12:56:54.440 INFO     Registered Record Processor (id: 'record_processor_93586167') (system_controller.py:413)
12:56:54.453 INFO     Registered Record Processor (id: 'record_processor_dce3e896') (system_controller.py:413)
12:56:54.550 INFO     Registered Timing Manager (id: 'timing_manager') (system_controller.py:413)
12:56:54.586 INFO     Registered Worker (id: 'worker_6ad64447') (system_controller.py:413)
12:56:54.599 INFO     Registered Worker (id: 'worker_9698251a') (system_controller.py:413)
12:56:54.604 INFO     Registered Worker (id: 'worker_1c1c98e4') (system_controller.py:413)
12:56:54.616 INFO     Registered Worker (id: 'worker_6d662069') (system_controller.py:413)
12:56:54.617 INFO     Registered Worker (id: 'worker_988d597b') (system_controller.py:413)
12:56:54.647 INFO     Registered Worker (id: 'worker_d592e30e') (system_controller.py:413)
12:56:54.671 INFO     Registered Worker (id: 'worker_73cb3a22') (system_controller.py:413)
12:56:54.672 INFO     Registered Worker (id: 'worker_32ff5940') (system_controller.py:413)
12:56:54.673 INFO     Registered Worker (id: 'worker_f8aae73a') (system_controller.py:413)
12:56:54.729 INFO     Registered Worker (id: 'worker_d345c500') (system_controller.py:413)
12:56:54.730 INFO     Registered Worker (id: 'worker_02c746b1') (system_controller.py:413)
12:56:54.732 INFO     Registered Worker (id: 'worker_0307faa8') (system_controller.py:413)
12:56:54.747 INFO     Registered Worker (id: 'worker_d6956c39') (system_controller.py:413)
12:56:54.761 INFO     Registered Worker (id: 'worker_2eeb3eda') (system_controller.py:413)
12:56:54.770 INFO     Registered Worker (id: 'worker_a9c53cc2') (system_controller.py:413)
12:56:54.776 INFO     Registered Worker (id: 'worker_58f4dd21') (system_controller.py:413)
12:56:54.789 INFO     Registered Worker (id: 'worker_e8a7bfce') (system_controller.py:413)
12:56:54.796 INFO     Registered Worker (id: 'worker_04025563') (system_controller.py:413)
12:56:54.797 INFO     Registered Worker (id: 'worker_4a6b730d') (system_controller.py:413)
12:56:54.803 INFO     Registered Worker (id: 'worker_c041db4c') (system_controller.py:413)
12:56:54.803 INFO     Registered Worker (id: 'worker_965d93dd') (system_controller.py:413)
12:56:54.805 INFO     Registered Worker (id: 'worker_c8bd76cf') (system_controller.py:413)
12:56:54.815 INFO     Registered Worker (id: 'worker_637f2a67') (system_controller.py:413)
12:56:54.968 INFO     AIPerf System is CONFIGURING (system_controller.py:294)
12:56:54.968 INFO     Configuring all services to start profiling (system_controller.py:307)
12:56:54.969 INFO     Waiting for dataset to be configured before configuring timing (manager.py:124)
12:56:54.970 INFO     Tokenization is disabled for this endpoint, skipping tokenizer configuration (inference_result_parser.py:80)
12:56:54.970 INFO     Tokenization is disabled for this endpoint, skipping tokenizer configuration (inference_result_parser.py:80)
12:56:54.970 INFO     Tokenization is disabled for this endpoint, skipping tokenizer configuration (inference_result_parser.py:80)
12:56:54.970 INFO     Tokenization is disabled for this endpoint, skipping tokenizer configuration (inference_result_parser.py:80)
12:56:54.970 INFO     Tokenization is disabled for this endpoint, skipping tokenizer configuration (inference_result_parser.py:80)
12:56:55.010 INFO     Server Metrics: Capturing baseline metrics... (manager.py:191)
12:56:55.044 INFO     Skipping unsupported summary metric: http_request_size_bytes (data_collector.py:308)
12:56:55.044 INFO     Skipping unsupported summary metric: http_response_size_bytes (data_collector.py:308)
12:56:55.075 INFO     Skipping unsupported summary metric: http_request_size_bytes (data_collector.py:308)
12:56:55.075 INFO     Skipping unsupported summary metric: http_response_size_bytes (data_collector.py:308)
12:56:55.077 INFO     Server metrics enabled - 2/2 endpoint(s) reachable. (system_controller.py:592)
12:56:55.078 INFO     Waiting for result domains: profile, server_metrics (system_controller.py:869)
12:56:55.398 INFO     Memory-mapped dataset cache HIT (key=42113ff9400ba23b2007a3f65002eb0d); skipping tokenizer + composer. (dataset_manager.py:194)
12:57:09.970 INFO     Restored mmap cache file dataset.dat via copy in 14.570s (2.26 GiB) (mmap_cache.py:506)
12:57:09.979 INFO     Restored mmap cache file index.dat via copy in 0.009s (0.00 GiB) (mmap_cache.py:506)
12:57:09.979 INFO     Restored mmap cache files in 14.581s via dataset=copy index=copy (dataset=2.26 GiB, index=0.00 GiB) (mmap_cache.py:550)
12:57:11.386 INFO     sampling strategy: sequential, unique conversations: 9602, unique turn count: 68266 (dataset_manager.py:848)
12:57:12.914 INFO     Dataset client initialized and freed 0 conversations from memory (dataset_manager.py:327)
12:57:13.670 INFO     TrajectorySource: built 192 trajectories from 393 traces (trajectory_source.py:413)
12:57:13.671 INFO       range cfg=[0.25, 0.75]  observed sample pct: min= 26% median= 52% max= 75% (trajectory_source.py:418)
12:57:13.671 INFO         lane=00  sample_time= 53%  root_next= 45/61  ( 74% turns)  live=1 ready=1  trace_id=002001296e8a8c38ad9d7cc436d691afc602 (trajectory_source.py:420)
12:57:13.671 INFO         lane=01  sample_time= 49%  root_next=  5/33  ( 15% turns)  live=1 ready=1  trace_id=006c98de37d819e95b0840e25426bb7ca99d (trajectory_source.py:420)
12:57:13.671 INFO         lane=02  sample_time= 67%  root_next= 24/29  ( 83% turns)  live=1 ready=1  trace_id=00ca01c4aaeccee751ae6285beb54dea262f (trajectory_source.py:420)
12:57:13.671 INFO         lane=03  sample_time= 56%  root_next=  0/16  (  0% turns)  live=1 ready=1  trace_id=0196085d85d2075a50b74cd8795ffbdcea9a (trajectory_source.py:420)
12:57:13.671 INFO         lane=04  sample_time= 47%  root_next=  0/13  (  0% turns)  live=2 ready=2  trace_id=02bc0afb13f7a2d9efa86c28511261d85c0e (trajectory_source.py:420)
12:57:13.671 INFO         lane=05  sample_time= 47%  root_next= 17/28  ( 61% turns)  live=1 ready=1  trace_id=03e110ac6921c2fe9ac7772a9654314a2beb (trajectory_source.py:420)
12:57:13.671 INFO         lane=06  sample_time= 74%  root_next=  0/54  (  0% turns)  live=13 ready=13  trace_id=0470d446a4514dfe0c6ad0be92853bd13287 (trajectory_source.py:420)
12:57:13.671 INFO         lane=07  sample_time= 35%  root_next=  3/7   ( 43% turns)  live=1 ready=1  trace_id=04dba6fe621301a1d01fd63b8d02c9645c48 (trajectory_source.py:420)
12:57:13.672 INFO         lane=08  sample_time= 75%  root_next= 32/34  ( 94% turns)  live=1 ready=1  trace_id=05c249572509162371b7b82339674db64b5d (trajectory_source.py:420)
12:57:13.672 INFO         lane=09  sample_time= 42%  root_next= 49/52  ( 94% turns)  live=1 ready=1  trace_id=05f72f78a037cfa5cd4e4541960a574701d9 (trajectory_source.py:420)
12:57:13.672 INFO         lane=10  sample_time= 66%  root_next=  0/1   (  0% turns)  live=1 ready=1  trace_id=063179eb93f4337a662e859c5a2c5638e03f (trajectory_source.py:420)
12:57:13.672 INFO         lane=11  sample_time= 49%  root_next= 27/39  ( 69% turns)  live=1 ready=1  trace_id=069d7bf5f1efb4e76e3c84510367e6af78a5 (trajectory_source.py:420)
12:57:13.672 INFO         lane=12  sample_time= 43%  root_next= 25/34  ( 74% turns)  live=1 ready=1  trace_id=077ea9e6554f45bbad9c24a8462bae9a8512 (trajectory_source.py:420)
12:57:13.672 INFO         lane=13  sample_time= 68%  root_next=  8/9   ( 89% turns)  live=3 ready=2  trace_id=07dd40536557a1d6440a923557c3129dc929 (trajectory_source.py:420)
12:57:13.672 INFO         lane=14  sample_time= 62%  root_next=  6/19  ( 32% turns)  live=2 ready=2  trace_id=085411a4cc4b15108dd9b50007261a2efb65 (trajectory_source.py:420)
12:57:13.672 INFO         lane=15  sample_time= 59%  root_next=  0/49  (  0% turns)  live=4 ready=4  trace_id=085aacf44ac5428ad3c6b4f6cd431e083832 (trajectory_source.py:420)
12:57:13.672 INFO         lane=16  sample_time= 34%  root_next= 13/33  ( 39% turns)  live=1 ready=1  trace_id=0a279af1bec84c6ab033bb03f5d8bfd6b08d (trajectory_source.py:420)
12:57:13.673 INFO         lane=17  sample_time= 68%  root_next= 21/31  ( 68% turns)  live=1 ready=1  trace_id=0a688303b1ae62a97607af8021f2130c2caf (trajectory_source.py:420)
12:57:13.673 INFO         lane=18  sample_time= 69%  root_next=  0/138 (  0% turns)  live=1 ready=1  trace_id=0b7f3ca692f15ae2651a310d9411d70794aa (trajectory_source.py:420)
12:57:13.673 INFO         lane=19  sample_time= 42%  root_next=  7/16  ( 44% turns)  live=1 ready=1  trace_id=0bc9c4f798d321286bf39f2543c0c4e4c059 (trajectory_source.py:420)
12:57:13.673 INFO         lane=20  sample_time= 50%  root_next= 19/24  ( 79% turns)  live=1 ready=1  trace_id=0bcd99353218b9a386b1c4aec13d77abecdb (trajectory_source.py:420)
12:57:13.673 INFO         lane=21  sample_time= 67%  root_next= 25/46  ( 54% turns)  live=1 ready=1  trace_id=0bed163ac9566086e14ffd85c7481096d49d (trajectory_source.py:420)
12:57:13.673 INFO         lane=22  sample_time= 70%  root_next=  6/32  ( 19% turns)  live=1 ready=1  trace_id=0d41be2aa98333f3662682210647e5971c7b (trajectory_source.py:420)
12:57:13.673 INFO         lane=23  sample_time= 48%  root_next= 16/28  ( 57% turns)  live=1 ready=1  trace_id=0d8a816e4819b765d81ff748da94d463f3b2 (trajectory_source.py:420)
12:57:13.673 INFO         lane=24  sample_time= 67%  root_next=  4/49  (  8% turns)  live=1 ready=1  trace_id=0db32e2f852a2ea24ed616b31975a84da5e4 (trajectory_source.py:420)
12:57:13.673 INFO         lane=25  sample_time= 72%  root_next= 42/43  ( 98% turns)  live=1 ready=1  trace_id=0dedb07b5e4362b028db9d8ab90fff7fd4ad (trajectory_source.py:420)
12:57:13.673 INFO         lane=26  sample_time= 34%  root_next=  9/26  ( 35% turns)  live=1 ready=1  trace_id=0e4206535a79f980e2b1091181202ea987fe (trajectory_source.py:420)
12:57:13.674 INFO         lane=27  sample_time= 56%  root_next=  4/19  ( 21% turns)  live=1 ready=1  trace_id=0ede42538334da8586bc60008762abfc0ab7 (trajectory_source.py:420)
12:57:13.674 INFO         lane=28  sample_time= 62%  root_next=  0/2   (  0% turns)  live=1 ready=1  trace_id=0f909e7d63c0d5e1f060d727ada25d910d89 (trajectory_source.py:420)
12:57:13.674 INFO         lane=29  sample_time= 37%  root_next= 66/84  ( 79% turns)  live=1 ready=1  trace_id=1007f04d2c64580308858bb42f292992929d (trajectory_source.py:420)
12:57:13.674 INFO         lane=30  sample_time= 35%  root_next=  0/55  (  0% turns)  live=13 ready=13  trace_id=11310dce936f02050cadaeae295bcdd1ce7f (trajectory_source.py:420)
12:57:13.674 INFO         lane=31  sample_time= 31%  root_next= 15/23  ( 65% turns)  live=1 ready=1  trace_id=117ebe75819d050f308a0a81647893abd02d (trajectory_source.py:420)
12:57:13.674 INFO         lane=32  sample_time= 64%  root_next=  3/5   ( 60% turns)  live=4 ready=3  trace_id=12bd4c7c82ae413b035253cb800fc5312111 (trajectory_source.py:420)
12:57:13.674 INFO         lane=33  sample_time= 74%  root_next= 19/20  ( 95% turns)  live=1 ready=1  trace_id=12cfecf98c158ab54fb65980602421f00d69 (trajectory_source.py:420)
12:57:13.674 INFO         lane=34  sample_time= 68%  root_next= 54/93  ( 58% turns)  live=1 ready=1  trace_id=12e6fd87f4d3d1f93f96bd7bb6a520043805 (trajectory_source.py:420)
12:57:13.674 INFO         lane=35  sample_time= 60%  root_next= 52/75  ( 69% turns)  live=1 ready=1  trace_id=13b532ee3aaa0a52b05c3bcc472355ab62b4 (trajectory_source.py:420)
12:57:13.675 INFO         lane=36  sample_time= 27%  root_next= 36/50  ( 72% turns)  live=1 ready=1  trace_id=13e0b7038bafff59abfdc31aad12dbcd4a2f (trajectory_source.py:420)
12:57:13.675 INFO         lane=37  sample_time= 51%  root_next= 14/27  ( 52% turns)  live=1 ready=1  trace_id=14129d470e508b236be22188aa78548ef805 (trajectory_source.py:420)
12:57:13.675 INFO         lane=38  sample_time= 75%  root_next=  4/5   ( 80% turns)  live=1 ready=1  trace_id=1493faffdc8942e99daa22277f44871a40b8 (trajectory_source.py:420)
12:57:13.675 INFO         lane=39  sample_time= 53%  root_next=  0/11  (  0% turns)  live=1 ready=1  trace_id=1499c406c828e8fe6b6af697e7799c6a715b (trajectory_source.py:420)
12:57:13.675 INFO         lane=40  sample_time= 33%  root_next=  0/87  (  0% turns)  live=1 ready=1  trace_id=15ab8fdb8831965bb01e45ac51829cb4e3e3 (trajectory_source.py:420)
12:57:13.675 INFO         lane=41  sample_time= 71%  root_next=  0/70  (  0% turns)  live=9 ready=9  trace_id=162d6f4f741a1cf3ce98acb5e3718c3bc0c7 (trajectory_source.py:420)
12:57:13.675 INFO         lane=42  sample_time= 55%  root_next=  0/70  (  0% turns)  live=1 ready=1  trace_id=16b968359e79eda8a61415fa7ad536f6cda5 (trajectory_source.py:420)
12:57:13.675 INFO         lane=43  sample_time= 43%  root_next= 37/51  ( 73% turns)  live=1 ready=1  trace_id=16c18d979235980e8021cfb0a0b3b386305a (trajectory_source.py:420)
12:57:13.676 INFO         lane=44  sample_time= 40%  root_next= 28/75  ( 37% turns)  live=2 ready=1  trace_id=16e46bc4d9e121ffbd67ada51cb3f965342f (trajectory_source.py:420)
12:57:13.676 INFO         lane=45  sample_time= 38%  root_next=  9/27  ( 33% turns)  live=1 ready=1  trace_id=17808bf55e26681520f3f11f47b5e1260108 (trajectory_source.py:420)
12:57:13.676 INFO         lane=46  sample_time= 70%  root_next=  0/2   (  0% turns)  live=3 ready=3  trace_id=18bf3ef42c109a28326d8384f1bcc8dfae37 (trajectory_source.py:420)
12:57:13.676 INFO         lane=47  sample_time= 33%  root_next= 69/74  ( 93% turns)  live=1 ready=1  trace_id=1a271af3dedd40be2efd413ef35fe7f0f53b (trajectory_source.py:420)
12:57:13.676 INFO         lane=48  sample_time= 73%  root_next= 25/27  ( 93% turns)  live=1 ready=1  trace_id=1b5229e3aa8893ca2f4d07d248f9cd9752fb (trajectory_source.py:420)
12:57:13.676 INFO         lane=49  sample_time= 59%  root_next=  0/46  (  0% turns)  live=3 ready=3  trace_id=1b577bfa02cd2c421c0b59c5cac702b3c287 (trajectory_source.py:420)
12:57:13.676 INFO         lane=50  sample_time= 34%  root_next= 11/21  ( 52% turns)  live=1 ready=1  trace_id=1b57efe98ed202c35114d97e01ec25e8420b (trajectory_source.py:420)
12:57:13.676 INFO         lane=51  sample_time= 47%  root_next=  0/31  (  0% turns)  live=2 ready=2  trace_id=1c4f3018d336b1bf78434d328001bc7bbe49 (trajectory_source.py:420)
12:57:13.676 INFO         lane=52  sample_time= 71%  root_next= 22/29  ( 76% turns)  live=1 ready=1  trace_id=1cdb6c60ce49f7b74ab6cf59051bab7591e6 (trajectory_source.py:420)
12:57:13.677 INFO         lane=53  sample_time= 66%  root_next= 13/35  ( 37% turns)  live=2 ready=1  trace_id=1d8a2c1d4dc1f585337036c6ad60e1ce5eb3 (trajectory_source.py:420)
12:57:13.677 INFO         lane=54  sample_time= 70%  root_next= 64/80  ( 80% turns)  live=1 ready=1  trace_id=1f5f21559e4b79c6d2480796c7218206047f (trajectory_source.py:420)
12:57:13.677 INFO         lane=55  sample_time= 64%  root_next=  0/74  (  0% turns)  live=3 ready=3  trace_id=1fc68c514c7fb89dbc498ae9da77d5476cec (trajectory_source.py:420)
12:57:13.677 INFO         lane=56  sample_time= 46%  root_next= 14/34  ( 41% turns)  live=1 ready=1  trace_id=203147a7ad6c355f99290d8ac7811e6de5be (trajectory_source.py:420)
12:57:13.677 INFO         lane=57  sample_time= 53%  root_next=  0/43  (  0% turns)  live=11 ready=11  trace_id=208d6e28928b0b3d3b33db3c690173d15be3 (trajectory_source.py:420)
12:57:13.677 INFO         lane=58  sample_time= 35%  root_next= 36/38  ( 95% turns)  live=1 ready=1  trace_id=20c87b0b00ac5895cc4528c971b71cce3960 (trajectory_source.py:420)
12:57:13.677 INFO         lane=59  sample_time= 33%  root_next= 55/95  ( 58% turns)  live=1 ready=1  trace_id=212e46e294bd09113e425ebc8a430cc528a6 (trajectory_source.py:420)
12:57:13.677 INFO         lane=60  sample_time= 69%  root_next=  0/52  (  0% turns)  live=1 ready=1  trace_id=21cde366f5bd2f0ff2031b0538496c7e2a05 (trajectory_source.py:420)
12:57:13.677 INFO         lane=61  sample_time= 38%  root_next= 50/71  ( 70% turns)  live=1 ready=1  trace_id=22a380be2e4f6293f24e32fd637ccc876d73 (trajectory_source.py:420)
12:57:13.677 INFO         lane=62  sample_time= 52%  root_next= 11/17  ( 65% turns)  live=1 ready=1  trace_id=23074f92872cd4f8212d04cd87e71a2ced7b (trajectory_source.py:420)
12:57:13.678 INFO         lane=63  sample_time= 51%  root_next= 41/67  ( 61% turns)  live=1 ready=1  trace_id=23a576b18cd4bacef3d1aa138b060b9407ce (trajectory_source.py:420)
12:57:13.678 INFO         lane=64  sample_time= 58%  root_next=  7/19  ( 37% turns)  live=1 ready=1  trace_id=240cd2e1b10e5b738ac6fee166b2aca7eff2 (trajectory_source.py:420)
12:57:13.678 INFO         lane=65  sample_time= 42%  root_next= 28/29  ( 97% turns)  live=1 ready=1  trace_id=24f457bf9e42d6ffb1cc4bbd279c650bb8b6 (trajectory_source.py:420)
12:57:13.678 INFO         lane=66  sample_time= 66%  root_next= 16/29  ( 55% turns)  live=1 ready=1  trace_id=259d1cc35e11b72660b8d6a33867cbb93759 (trajectory_source.py:420)
12:57:13.678 INFO         lane=67  sample_time= 65%  root_next= 31/38  ( 82% turns)  live=1 ready=1  trace_id=2617aab5bca86e337183bf3bfed8812d1acf (trajectory_source.py:420)
12:57:13.678 INFO         lane=68  sample_time= 36%  root_next= 29/106 ( 27% turns)  live=1 ready=1  trace_id=264478eebbb2068593da2293ea8b67b31d4e (trajectory_source.py:420)
12:57:13.678 INFO         lane=69  sample_time= 55%  root_next=  0/71  (  0% turns)  live=89 ready=89  trace_id=2654d8b687d9c22001c25155ff2a69840acc (trajectory_source.py:420)
12:57:13.678 INFO         lane=70  sample_time= 47%  root_next=  0/68  (  0% turns)  live=1 ready=1  trace_id=279424d0e53192cde462be8d39c23b52b977 (trajectory_source.py:420)
12:57:13.678 INFO         lane=71  sample_time= 58%  root_next=  0/73  (  0% turns)  live=9 ready=9  trace_id=27de9ca964aa7905c2f5438db8bdd72d8b02 (trajectory_source.py:420)
12:57:13.678 INFO         lane=72  sample_time= 61%  root_next= 27/30  ( 90% turns)  live=1 ready=1  trace_id=2954a6a9181ba856596885f176e08404f2d6 (trajectory_source.py:420)
12:57:13.679 INFO         lane=73  sample_time= 64%  root_next=  4/5   ( 80% turns)  live=1 ready=1  trace_id=2a2da059b7425d9dc1f999fca1177bc1cdb9 (trajectory_source.py:420)
12:57:13.679 INFO         lane=74  sample_time= 32%  root_next= 18/49  ( 37% turns)  live=1 ready=1  trace_id=2a4f3506ac5efa421d361390686f34c038e7 (trajectory_source.py:420)
12:57:13.679 INFO         lane=75  sample_time= 64%  root_next= 30/57  ( 53% turns)  live=1 ready=1  trace_id=2af7f718cc9974b522a7e4864aac085e5288 (trajectory_source.py:420)
12:57:13.679 INFO         lane=76  sample_time= 72%  root_next= 30/31  ( 97% turns)  live=1 ready=1  trace_id=2b7f327fac593e81c0cf38cedd90b744b753 (trajectory_source.py:420)
12:57:13.679 INFO         lane=77  sample_time= 64%  root_next= 31/34  ( 91% turns)  live=1 ready=1  trace_id=2d5f050bf77e34d6650e4af92c61bb82a1c9 (trajectory_source.py:420)
12:57:13.679 INFO         lane=78  sample_time= 49%  root_next= 49/64  ( 77% turns)  live=1 ready=1  trace_id=30aa41167f1a7700bef4c286e83a9f517abb (trajectory_source.py:420)
12:57:13.679 INFO         lane=79  sample_time= 65%  root_next= 21/51  ( 41% turns)  live=1 ready=1  trace_id=3107040f1d498b9c8b61bd74f2da2a514e37 (trajectory_source.py:420)
12:57:13.680 INFO         lane=80  sample_time= 53%  root_next= 14/104 ( 13% turns)  live=1 ready=1  trace_id=31dd54e63bd3605ad9ab96003ab1ae8f39f3 (trajectory_source.py:420)
12:57:13.680 INFO         lane=81  sample_time= 70%  root_next=  5/63  (  8% turns)  live=1 ready=1  trace_id=3317a925c2a7f40e9eafe5f5532793a23c67 (trajectory_source.py:420)
12:57:13.680 INFO         lane=82  sample_time= 41%  root_next= 32/58  ( 55% turns)  live=1 ready=1  trace_id=33c12a75f9b49c1983a8d4d1dacb21ff90fe (trajectory_source.py:420)
12:57:13.680 INFO         lane=83  sample_time= 53%  root_next=  6/20  ( 30% turns)  live=1 ready=1  trace_id=3531533f1f293048fc9691b112feafc44e62 (trajectory_source.py:420)
12:57:13.680 INFO         lane=84  sample_time= 60%  root_next= 35/60  ( 58% turns)  live=1 ready=1  trace_id=35de830dbe1dbe90e6eaa36bc4814c7410ec (trajectory_source.py:420)
12:57:13.680 INFO         lane=85  sample_time= 60%  root_next= 22/27  ( 81% turns)  live=1 ready=1  trace_id=3735de09df4f9ac454aee913e2a00633ad0d (trajectory_source.py:420)
12:57:13.680 INFO         lane=86  sample_time= 33%  root_next= 33/34  ( 97% turns)  live=1 ready=1  trace_id=37c8d244d81e01d3b70c9f7fe619d9392a24 (trajectory_source.py:420)
12:57:13.681 INFO         lane=87  sample_time= 52%  root_next=  0/27  (  0% turns)  live=2 ready=2  trace_id=38f9148d19708a1c29ed7c8505f1b82083aa (trajectory_source.py:420)
12:57:13.681 INFO         lane=88  sample_time= 53%  root_next= 13/38  ( 34% turns)  live=1 ready=1  trace_id=3a066e6ad705e8792dec8c84610bbee401cb (trajectory_source.py:420)
12:57:13.681 INFO         lane=89  sample_time= 66%  root_next= 25/33  ( 76% turns)  live=1 ready=1  trace_id=3a67ec0b534b4e3e386c7e018b4b99ef06c2 (trajectory_source.py:420)
12:57:13.681 INFO         lane=90  sample_time= 27%  root_next=  0/29  (  0% turns)  live=2 ready=2  trace_id=3b1ee678c29a1a23e4a74d67354731cc27f3 (trajectory_source.py:420)
12:57:13.681 INFO         lane=91  sample_time= 29%  root_next= 25/30  ( 83% turns)  live=1 ready=1  trace_id=3c1fbf5cf98484c7f9ef07f2d4b00e65d829 (trajectory_source.py:420)
12:57:13.681 INFO         lane=92  sample_time= 37%  root_next= 17/44  ( 39% turns)  live=1 ready=1  trace_id=3c49da29dedf8ccfa4ee310634b4b8af275a (trajectory_source.py:420)
12:57:13.682 INFO         lane=93  sample_time= 50%  root_next=  0/39  (  0% turns)  live=3 ready=3  trace_id=3cb1c6dc71a21714587287306ebe52748568 (trajectory_source.py:420)
12:57:13.682 INFO         lane=94  sample_time= 28%  root_next= 11/23  ( 48% turns)  live=1 ready=1  trace_id=3d8fcda6a4decdb4d4f56839db6eba041e60 (trajectory_source.py:420)
12:57:13.682 INFO         lane=95  sample_time= 29%  root_next= 42/55  ( 76% turns)  live=1 ready=1  trace_id=3e119fc3136975fe98cfc7fa73500d6574a0 (trajectory_source.py:420)
12:57:13.682 INFO         lane=96  sample_time= 26%  root_next= 28/57  ( 49% turns)  live=1 ready=1  trace_id=3e38b72653e23622c6b15d8ca43aeb167917 (trajectory_source.py:420)
12:57:13.682 INFO         lane=97  sample_time= 46%  root_next=  9/21  ( 43% turns)  live=1 ready=1  trace_id=3e573575f7a9f0d647460e769c0a64e71d59 (trajectory_source.py:420)
12:57:13.682 INFO         lane=98  sample_time= 42%  root_next=  7/9   ( 78% turns)  live=12 ready=11  trace_id=3e8b931fd474375ea08ae58872aea7a8e0f5 (trajectory_source.py:420)
12:57:13.682 INFO         lane=99  sample_time= 41%  root_next= 44/59  ( 75% turns)  live=1 ready=1  trace_id=421c59c8640de974ad4d7644b9ea88738998 (trajectory_source.py:420)
12:57:13.683 INFO         lane=100  sample_time= 26%  root_next=  8/12  ( 67% turns)  live=36 ready=35  trace_id=439e5f9ed3159bd826529d8ae5bd1536903f (trajectory_source.py:420)
12:57:13.683 INFO         lane=101  sample_time= 33%  root_next=  0/70  (  0% turns)  live=2 ready=2  trace_id=43d1f727aec4d8b3f2aec42f816e7fabe193 (trajectory_source.py:420)
12:57:13.683 INFO         lane=102  sample_time= 53%  root_next= 16/23  ( 70% turns)  live=1 ready=1  trace_id=43eb23b676fb4a9f9bccbc568dbca0d6b352 (trajectory_source.py:420)
12:57:13.683 INFO         lane=103  sample_time= 27%  root_next=  8/23  ( 35% turns)  live=1 ready=1  trace_id=457a7bf22f9e6961870d5b356ab2bd780fff (trajectory_source.py:420)
12:57:13.683 INFO         lane=104  sample_time= 41%  root_next= 29/72  ( 40% turns)  live=1 ready=1  trace_id=458bc16a2a50e993cc97c108d4d19cb9f453 (trajectory_source.py:420)
12:57:13.683 INFO         lane=105  sample_time= 69%  root_next= 72/107 ( 67% turns)  live=1 ready=1  trace_id=46350c0355fa3f1922abb20cf7f5724bd7cd (trajectory_source.py:420)
12:57:13.683 INFO         lane=106  sample_time= 73%  root_next= 18/25  ( 72% turns)  live=1 ready=1  trace_id=46c7f09048fc482e94f4552b0a99a4ca5e30 (trajectory_source.py:420)
12:57:13.684 INFO         lane=107  sample_time= 55%  root_next= 13/31  ( 42% turns)  live=1 ready=1  trace_id=471e3ed9d7e44080765f4950172ec9443476 (trajectory_source.py:420)
12:57:13.684 INFO         lane=108  sample_time= 39%  root_next= 17/33  ( 52% turns)  live=1 ready=1  trace_id=476c26ca73449a2c6bf284d0082765620665 (trajectory_source.py:420)
12:57:13.684 INFO         lane=109  sample_time= 58%  root_next= 12/20  ( 60% turns)  live=1 ready=1  trace_id=47a89e30bcdf1bc8002a026ad7ebfc914766 (trajectory_source.py:420)
12:57:13.684 INFO         lane=110  sample_time= 38%  root_next=  8/23  ( 35% turns)  live=2 ready=1  trace_id=48f9644a9b17cade09142b3d8f964bea35be (trajectory_source.py:420)
12:57:13.684 INFO         lane=111  sample_time= 32%  root_next=  0/94  (  0% turns)  live=27 ready=27  trace_id=4b433e21f63822412e0f27d5473da9ea1322 (trajectory_source.py:420)
12:57:13.684 INFO         lane=112  sample_time= 41%  root_next= 27/62  ( 44% turns)  live=1 ready=1  trace_id=4b5b64c7c1aa215a5177db1a78083cccce9d (trajectory_source.py:420)
12:57:13.684 INFO         lane=113  sample_time= 63%  root_next= 34/38  ( 89% turns)  live=1 ready=1  trace_id=4b88101f5ed7507b73138a73dfbf55f972de (trajectory_source.py:420)
12:57:13.684 INFO         lane=114  sample_time= 35%  root_next=  0/76  (  0% turns)  live=10 ready=10  trace_id=4ba38d0b213f0aeab695e16da9c91635a817 (trajectory_source.py:420)
12:57:13.684 INFO         lane=115  sample_time= 41%  root_next= 19/35  ( 54% turns)  live=1 ready=1  trace_id=4c7288cfa9373e0a49308bb974b43d422ab5 (trajectory_source.py:420)
12:57:13.684 INFO         lane=116  sample_time= 45%  root_next=  3/5   ( 60% turns)  live=2 ready=1  trace_id=4cb074e3cbf03d1709e2b44cbe575807813b (trajectory_source.py:420)
12:57:13.684 INFO         lane=117  sample_time= 45%  root_next= 37/59  ( 63% turns)  live=1 ready=1  trace_id=4cccee1943ddca3e762d4425fd9fbd3a858a (trajectory_source.py:420)
12:57:13.684 INFO         lane=118  sample_time= 64%  root_next= 29/35  ( 83% turns)  live=1 ready=1  trace_id=4dbd24a9e3ac2103166bac86017ffb696394 (trajectory_source.py:420)
12:57:13.684 INFO         lane=119  sample_time= 73%  root_next= 32/46  ( 70% turns)  live=1 ready=1  trace_id=4dcd9742e24aa2939887e7b24aaa58e4215a (trajectory_source.py:420)
12:57:13.684 INFO         lane=120  sample_time= 51%  root_next=  0/63  (  0% turns)  live=37 ready=37  trace_id=4dcf5b2627786f87d5f1badf0ccd6e0f6848 (trajectory_source.py:420)
12:57:13.684 INFO         lane=121  sample_time= 38%  root_next=  0/14  (  0% turns)  live=5 ready=5  trace_id=4e687509d3c9c0afa7cc8b884d120eeb0d79 (trajectory_source.py:420)
12:57:13.684 INFO         lane=122  sample_time= 36%  root_next=  0/75  (  0% turns)  live=3 ready=3  trace_id=4f6988943c04756b546e21ca5be6bed67991 (trajectory_source.py:420)
12:57:13.684 INFO         lane=123  sample_time= 54%  root_next=  0/23  (  0% turns)  live=2 ready=2  trace_id=4f982e145c75a42e31f669f1b91a4617ee50 (trajectory_source.py:420)
12:57:13.684 INFO         lane=124  sample_time= 50%  root_next= 30/47  ( 64% turns)  live=1 ready=1  trace_id=509ad65c576a007df9c0cf1e9863874da21d (trajectory_source.py:420)
12:57:13.684 INFO         lane=125  sample_time= 26%  root_next= 18/25  ( 72% turns)  live=1 ready=1  trace_id=515e43cbf9a646bb3e6489bd78f1bf1b361a (trajectory_source.py:420)
12:57:13.684 INFO         lane=126  sample_time= 43%  root_next= 11/19  ( 58% turns)  live=2 ready=2  trace_id=524727c36b5459a9c58418e4db0ce22c2661 (trajectory_source.py:420)
12:57:13.684 INFO         lane=127  sample_time= 74%  root_next=  0/31  (  0% turns)  live=1 ready=1  trace_id=526f242b0f14fa34da24eb7346123c5025cd (trajectory_source.py:420)
12:57:13.684 INFO         lane=128  sample_time= 68%  root_next= 18/23  ( 78% turns)  live=1 ready=1  trace_id=528995cdde1ebf15ccf0b79aec42dba31ce2 (trajectory_source.py:420)
12:57:13.684 INFO         lane=129  sample_time= 51%  root_next= 18/24  ( 75% turns)  live=1 ready=1  trace_id=5362c8854cfcd4e9b8a816230195741db50b (trajectory_source.py:420)
12:57:13.684 INFO         lane=130  sample_time= 46%  root_next= 12/24  ( 50% turns)  live=1 ready=1  trace_id=53caf6ae9c459b2fd1933358f4e418bde61b (trajectory_source.py:420)
12:57:13.684 INFO         lane=131  sample_time= 27%  root_next=  0/1   (  0% turns)  live=1 ready=1  trace_id=55585e80d717eb04ce0a145395cbcaa15f27 (trajectory_source.py:420)
12:57:13.685 INFO         lane=132  sample_time= 60%  root_next=  0/1   (  0% turns)  live=1 ready=1  trace_id=5574c0b4f3781f347f747d6d0a85441d51ba (trajectory_source.py:420)
12:57:13.685 INFO         lane=133  sample_time= 64%  root_next= 19/20  ( 95% turns)  live=1 ready=1  trace_id=557810b129b9cb3e7402235470567c4e4dc0 (trajectory_source.py:420)
12:57:13.685 INFO         lane=134  sample_time= 32%  root_next= 27/28  ( 96% turns)  live=1 ready=1  trace_id=557f96e1c557baa7724b7bdfd13c48cce434 (trajectory_source.py:420)
12:57:13.685 INFO         lane=135  sample_time= 34%  root_next= 18/32  ( 56% turns)  live=1 ready=1  trace_id=55a0906aeb5c8d3b40e7ddc4c61999d1eac4 (trajectory_source.py:420)
12:57:13.685 INFO         lane=136  sample_time= 31%  root_next= 40/55  ( 73% turns)  live=70 ready=69  trace_id=578354185933aedcdc6c17fbfbfcfb48876b (trajectory_source.py:420)
12:57:13.685 INFO         lane=137  sample_time= 50%  root_next=  0/1   (  0% turns)  live=31 ready=31  trace_id=57f2a77e2d331c0bd73b6fcf3157d48b4190 (trajectory_source.py:420)
12:57:13.685 INFO         lane=138  sample_time= 69%  root_next= 47/67  ( 70% turns)  live=1 ready=1  trace_id=58df1d60a757e733f6a572d720e17dabd505 (trajectory_source.py:420)
12:57:13.685 INFO         lane=139  sample_time= 72%  root_next=  0/51  (  0% turns)  live=3 ready=3  trace_id=5a9a76f59fdf426aa787299972bd5241209e (trajectory_source.py:420)
12:57:13.685 INFO         lane=140  sample_time= 35%  root_next=  0/104 (  0% turns)  live=78 ready=78  trace_id=5b6e131844fbcb4a57f8cf516831dc679004 (trajectory_source.py:420)
12:57:13.685 INFO         lane=141  sample_time= 53%  root_next= 50/83  ( 60% turns)  live=2 ready=2  trace_id=5bb55882afb8a5ef18dea87812024f0cf441 (trajectory_source.py:420)
12:57:13.685 INFO         lane=142  sample_time= 53%  root_next= 14/24  ( 58% turns)  live=1 ready=1  trace_id=5c5e408b76e5e22747853915f67be3c491a4 (trajectory_source.py:420)
12:57:13.685 INFO         lane=143  sample_time= 55%  root_next= 41/67  ( 61% turns)  live=1 ready=1  trace_id=5ca97cc975a39a898d775b63881b22fe178e (trajectory_source.py:420)
12:57:13.685 INFO         lane=144  sample_time= 69%  root_next= 37/57  ( 65% turns)  live=1 ready=1  trace_id=5cbd632dae8626a5743d4a3ce38bd74ff9dc (trajectory_source.py:420)
12:57:13.685 INFO         lane=145  sample_time= 56%  root_next= 16/25  ( 64% turns)  live=1 ready=1  trace_id=5d0050ea4e9604db7d3244237a8065e15def (trajectory_source.py:420)
12:57:13.685 INFO         lane=146  sample_time= 63%  root_next= 42/62  ( 68% turns)  live=1 ready=1  trace_id=5d69b5bc9f47a348d1bcea4e584466876ba1 (trajectory_source.py:420)
12:57:13.685 INFO         lane=147  sample_time= 51%  root_next=  0/81  (  0% turns)  live=7 ready=7  trace_id=5d7e313e1d6839e48cc1f27d00f3ce9bae96 (trajectory_source.py:420)
12:57:13.685 INFO         lane=148  sample_time= 28%  root_next=  0/5   (  0% turns)  live=2 ready=2  trace_id=5df1df5ca50cef4a3c01d7b3e281e2c852f1 (trajectory_source.py:420)
12:57:13.686 INFO         lane=149  sample_time= 48%  root_next= 33/52  ( 63% turns)  live=9 ready=8  trace_id=5ed3de2b572d237576f034af300c1a1f65d3 (trajectory_source.py:420)
12:57:13.686 INFO         lane=150  sample_time= 46%  root_next=  0/25  (  0% turns)  live=226 ready=226  trace_id=5fc70a9165e6a1fd4bfd1add7ef5452205b2 (trajectory_source.py:420)
12:57:13.686 INFO         lane=151  sample_time= 52%  root_next=  0/34  (  0% turns)  live=179 ready=179  trace_id=5fc8495d01a2ad301e8ca7879579f2529029 (trajectory_source.py:420)
12:57:13.686 INFO         lane=152  sample_time= 63%  root_next= 12/24  ( 50% turns)  live=1 ready=1  trace_id=61234a522253a302eb1df61c3a128797693a (trajectory_source.py:420)
12:57:13.686 INFO         lane=153  sample_time= 65%  root_next=  0/2   (  0% turns)  live=3 ready=3  trace_id=61962299108912449a53f411ed3cf2d1c013 (trajectory_source.py:420)
12:57:13.686 INFO         lane=154  sample_time= 62%  root_next=  0/1   (  0% turns)  live=4 ready=4  trace_id=61c4d4d16f2ff84b31dc5970560c55d07dc7 (trajectory_source.py:420)
12:57:13.686 INFO         lane=155  sample_time= 50%  root_next=  0/9   (  0% turns)  live=6 ready=6  trace_id=61e3eb63c3a5bb497d6857c036d11e1d225d (trajectory_source.py:420)
12:57:13.686 INFO         lane=156  sample_time= 64%  root_next= 27/61  ( 44% turns)  live=1 ready=1  trace_id=62378a8a0d0bdde1ebd85f5dd60a43cd8110 (trajectory_source.py:420)
12:57:13.686 INFO         lane=157  sample_time= 53%  root_next= 29/38  ( 76% turns)  live=1 ready=1  trace_id=6290f01dc7b4d93637bbb1da2a7130a9efd2 (trajectory_source.py:420)
12:57:13.686 INFO         lane=158  sample_time= 46%  root_next=  0/82  (  0% turns)  live=148 ready=148  trace_id=631738ac31321409f3a8de750fd5cd0ea334 (trajectory_source.py:420)
12:57:13.686 INFO         lane=159  sample_time= 51%  root_next=  0/85  (  0% turns)  live=1 ready=1  trace_id=6359dd402eb0e2361bf439699c52f5cfea38 (trajectory_source.py:420)
12:57:13.686 INFO         lane=160  sample_time= 63%  root_next=  0/20  (  0% turns)  live=1 ready=1  trace_id=63d3960fcc384388d5e7e4df8287cd1be081 (trajectory_source.py:420)
12:57:13.686 INFO         lane=161  sample_time= 60%  root_next= 16/43  ( 37% turns)  live=1 ready=1  trace_id=6461675d6680680544f3a15eff53f5de2fdb (trajectory_source.py:420)
12:57:13.686 INFO         lane=162  sample_time= 69%  root_next=  0/39  (  0% turns)  live=1 ready=1  trace_id=650af4de4067473b06ccc7b612b6e46d0251 (trajectory_source.py:420)
12:57:13.686 INFO         lane=163  sample_time= 30%  root_next=  0/34  (  0% turns)  live=4 ready=4  trace_id=65c7b96990e2e7f206a2c01ed90474f56c57 (trajectory_source.py:420)
12:57:13.686 INFO         lane=164  sample_time= 57%  root_next= 32/52  ( 62% turns)  live=2 ready=1  trace_id=65e68541af1a7d2427b660ff82d4e100583d (trajectory_source.py:420)
12:57:13.686 INFO         lane=165  sample_time= 67%  root_next=  0/2   (  0% turns)  live=1 ready=1  trace_id=6657d5450178b53a85dc1ce60641bc6a289d (trajectory_source.py:420)
12:57:13.687 INFO         lane=166  sample_time= 57%  root_next=  0/51  (  0% turns)  live=3 ready=3  trace_id=68156cf21f13cdb9f9caef5fbb95cafef6c5 (trajectory_source.py:420)
12:57:13.687 INFO         lane=167  sample_time= 52%  root_next= 37/93  ( 40% turns)  live=1 ready=1  trace_id=68264e5ae56c9fc98128957cc5905b525b02 (trajectory_source.py:420)
12:57:13.687 INFO         lane=168  sample_time= 51%  root_next=  0/38  (  0% turns)  live=1 ready=1  trace_id=68309c98b493f2ec4584da82f72709bc4f4e (trajectory_source.py:420)
12:57:13.687 INFO         lane=169  sample_time= 62%  root_next= 19/70  ( 27% turns)  live=1 ready=1  trace_id=6a24d0277a28e652b9e10c05478a314fa2c2 (trajectory_source.py:420)
12:57:13.687 INFO         lane=170  sample_time= 32%  root_next=  0/20  (  0% turns)  live=2 ready=2  trace_id=6a66ece7b14e61912eb266be794a6bf62faf (trajectory_source.py:420)
12:57:13.687 INFO         lane=171  sample_time= 69%  root_next= 34/50  ( 68% turns)  live=1 ready=1  trace_id=6aebbf9d43cbcbc83ed16e1959c7cc16bff4 (trajectory_source.py:420)
12:57:13.687 INFO         lane=172  sample_time= 61%  root_next= 44/46  ( 96% turns)  live=1 ready=1  trace_id=6c6be4bc5a49a5d1062b8becdbf188480843 (trajectory_source.py:420)
12:57:13.687 INFO         lane=173  sample_time= 72%  root_next= 29/36  ( 81% turns)  live=1 ready=1  trace_id=6d5c6b957d5f634a7f820ddff7389e161def (trajectory_source.py:420)
12:57:13.687 INFO         lane=174  sample_time= 34%  root_next=  0/40  (  0% turns)  live=3 ready=3  trace_id=6ec3296ff5a1f4f0ed4507093863aa53a4cc (trajectory_source.py:420)
12:57:13.687 INFO         lane=175  sample_time= 68%  root_next= 55/79  ( 70% turns)  live=1 ready=1  trace_id=6ec364366536cd218cfa078d299cf8846a18 (trajectory_source.py:420)
12:57:13.687 INFO         lane=176  sample_time= 31%  root_next=  0/7   (  0% turns)  live=3 ready=3  trace_id=6ee1a1c04de8195b46317d1c135db805ce1f (trajectory_source.py:420)
12:57:13.687 INFO         lane=177  sample_time= 70%  root_next= 31/62  ( 50% turns)  live=1 ready=1  trace_id=6f1e16774e85dcceb24661f4767c28659a78 (trajectory_source.py:420)
12:57:13.687 INFO         lane=178  sample_time= 30%  root_next=  0/137 (  0% turns)  live=1 ready=1  trace_id=706c0abaae61a8e9c2b182672a4527222b02 (trajectory_source.py:420)
12:57:13.687 INFO         lane=179  sample_time= 28%  root_next= 13/60  ( 22% turns)  live=1 ready=1  trace_id=716b713429c25abc906c9fe185ebb4a7d60c (trajectory_source.py:420)
12:57:13.687 INFO         lane=180  sample_time= 43%  root_next= 12/29  ( 41% turns)  live=1 ready=1  trace_id=719e271b50ec1443c53027511e386dc068dc (trajectory_source.py:420)
12:57:13.687 INFO         lane=181  sample_time= 71%  root_next=  0/4   (  0% turns)  live=1 ready=1  trace_id=72d021d543c045e303c44b3c478f626cd21b (trajectory_source.py:420)
12:57:13.688 INFO         lane=182  sample_time= 52%  root_next=  0/76  (  0% turns)  live=12 ready=12  trace_id=748b75ff61b2e460c3a0da7db15be271afa0 (trajectory_source.py:420)
12:57:13.688 INFO         lane=183  sample_time= 53%  root_next=  0/24  (  0% turns)  live=3 ready=3  trace_id=7498029bdea4c18e5572e1e616fa9dff6068 (trajectory_source.py:420)
12:57:13.688 INFO         lane=184  sample_time= 45%  root_next= 41/46  ( 89% turns)  live=1 ready=1  trace_id=751372c9b44c0c709e564dc0c77c7942b841 (trajectory_source.py:420)
12:57:13.688 INFO         lane=185  sample_time= 50%  root_next= 11/19  ( 58% turns)  live=1 ready=1  trace_id=751fbb2089c7c4303f3ed241f3a7a27a3f2c (trajectory_source.py:420)
12:57:13.688 INFO         lane=186  sample_time= 53%  root_next= 46/47  ( 98% turns)  live=1 ready=1  trace_id=7577f2dd2a138934eb22250db3db75dfd622 (trajectory_source.py:420)
12:57:13.688 INFO         lane=187  sample_time= 47%  root_next=  7/21  ( 33% turns)  live=1 ready=1  trace_id=768086c44de172b3719b40f29aec56303892 (trajectory_source.py:420)
12:57:13.688 INFO         lane=188  sample_time= 52%  root_next= 20/34  ( 59% turns)  live=2 ready=1  trace_id=7754cd1191c469354df23c7d4e9de242f7cb (trajectory_source.py:420)
12:57:13.688 INFO         lane=189  sample_time= 34%  root_next=  0/22  (  0% turns)  live=2 ready=2  trace_id=77cfef0760bda37fb6f8829cebd9a7871aa5 (trajectory_source.py:420)
12:57:13.688 INFO         lane=190  sample_time= 71%  root_next= 32/44  ( 73% turns)  live=1 ready=1  trace_id=785073384dac6cfe57bb3c8338f6c6b9a534 (trajectory_source.py:420)
12:57:13.688 INFO         lane=191  sample_time= 56%  root_next= 59/69  ( 86% turns)  live=1 ready=1  trace_id=786fc2864e590a1a8f57c01636868c677919 (trajectory_source.py:420)
12:57:13.689 INFO     Initialized 2 phase(s): ['Warmup', 'Profiling'] (phase_orchestrator.py:228)
12:57:13.818 INFO     All services configured in 18.85 seconds (system_controller.py:318)
12:57:13.818 INFO     AIPerf System is CONFIGURED (system_controller.py:296)
12:57:13.820 INFO     Server Metrics: Started 2 collector(s) successfully (manager.py:281)
12:57:14.016 NOTICE   Phase warmup (warmup) started | target: 2,105 requests (runner.py:593)
12:57:14.016 INFO     WARMUP execute: dispatching 185 trajectory credits (agentic_replay.py:654)
12:57:14.020 INFO     WARMUP count budget: 10 additional requests per lane after 185 mandatory snapshot primers (agentic_replay.py:713)
12:57:14.021 INFO     WARMUP spread: 9.9s ramp aligning 185 request(s) on t* (earliest fires at 0, last at 9.9s) (agentic_replay.py:752)
12:57:14.072 WARNING  Event loop for worker_965d93dd is taking too long to run. Overhead: 25.00ms (event_loop_monitor.py:89)
12:57:14.076 WARNING  Event loop for worker_c041db4c is taking too long to run. Overhead: 48.79ms (event_loop_monitor.py:89)
12:57:14.102 WARNING  Event loop for worker_d592e30e is taking too long to run. Overhead: 55.52ms (event_loop_monitor.py:89)
12:57:14.110 WARNING  Event loop for worker_0307faa8 is taking too long to run. Overhead: 59.11ms (event_loop_monitor.py:89)
12:57:14.111 WARNING  Event loop for worker_e8a7bfce is taking too long to run. Overhead: 43.55ms (event_loop_monitor.py:89)
12:57:14.159 WARNING  Event loop for worker_6ad64447 is taking too long to run. Overhead: 109.07ms (event_loop_monitor.py:89)
12:57:14.202 WARNING  Event loop for worker_988d597b is taking too long to run. Overhead: 168.42ms (event_loop_monitor.py:89)
12:57:14.887 INFO     Credit phase start: warmup (records_manager.py:998)
12:57:14.971 INFO     All services started profiling successfully (system_controller.py:340)
12:57:14.971 INFO     AIPerf System is PROFILING (system_controller.py:298)
12:57:44.025 INFO     Phase warmup progress | returned=22/2,105 | sent=185 | in_flight=163 | errors=0 | elapsed=30.0s (runner.py:1254)
12:58:14.034 INFO     Phase warmup progress | returned=30/2,105 | sent=185 | in_flight=155 | errors=0 | elapsed=60.0s (runner.py:1254)
12:58:44.042 INFO     Phase warmup progress | returned=43/2,105 | sent=185 | in_flight=142 | errors=0 | elapsed=90.0s (runner.py:1254)
12:59:14.049 INFO     Phase warmup progress | returned=59/2,105 | sent=185 | in_flight=126 | errors=0 | elapsed=120.0s (runner.py:1254)
12:59:44.060 INFO     Phase warmup progress | returned=69/2,105 | sent=185 | in_flight=116 | errors=0 | elapsed=150.0s (runner.py:1254)
13:00:14.072 INFO     Phase warmup progress | returned=77/2,105 | sent=185 | in_flight=108 | errors=0 | elapsed=180.1s (runner.py:1254)
13:00:44.081 INFO     Phase warmup progress | returned=84/2,105 | sent=185 | in_flight=101 | errors=0 | elapsed=210.1s (runner.py:1254)
13:01:14.093 INFO     Phase warmup progress | returned=91/2,105 | sent=185 | in_flight=94 | errors=0 | elapsed=240.1s (runner.py:1254)
13:01:44.101 INFO     Phase warmup progress | returned=97/2,105 | sent=185 | in_flight=88 | errors=0 | elapsed=270.1s (runner.py:1254)
13:02:14.110 INFO     Phase warmup progress | returned=102/2,105 | sent=185 | in_flight=83 | errors=0 | elapsed=300.1s (runner.py:1254)
13:02:44.117 INFO     Phase warmup progress | returned=107/2,105 | sent=185 | in_flight=78 | errors=0 | elapsed=330.1s (runner.py:1254)
13:03:14.122 INFO     Phase warmup progress | returned=111/2,105 | sent=185 | in_flight=74 | errors=0 | elapsed=360.1s (runner.py:1254)
13:03:20.166 WARNING  Event loop for worker_4a6b730d is taking too long to run. Overhead: 102.12ms (event_loop_monitor.py:89)
13:03:20.166 WARNING  Event loop for worker_c8bd76cf is taking too long to run. Overhead: 81.45ms (event_loop_monitor.py:89)
13:03:20.166 WARNING  Event loop for worker_58f4dd21 is taking too long to run. Overhead: 109.19ms (event_loop_monitor.py:89)
13:03:20.166 WARNING  Event loop for worker_637f2a67 is taking too long to run. Overhead: 95.54ms (event_loop_monitor.py:89)
13:03:20.166 WARNING  Event loop for worker_32ff5940 is taking too long to run. Overhead: 52.65ms (event_loop_monitor.py:89)
13:03:20.166 WARNING  Event loop for worker_73cb3a22 is taking too long to run. Overhead: 32.60ms (event_loop_monitor.py:89)
13:03:20.166 WARNING  Event loop for worker_6d662069 is taking too long to run. Overhead: 32.38ms (event_loop_monitor.py:89)
13:03:20.166 WARNING  Event loop for worker_f8aae73a is taking too long to run. Overhead: 102.99ms (event_loop_monitor.py:89)
13:03:20.166 WARNING  Event loop for worker_04025563 is taking too long to run. Overhead: 93.98ms (event_loop_monitor.py:89)
13:03:20.166 WARNING  Event loop for worker_1c1c98e4 is taking too long to run. Overhead: 56.43ms (event_loop_monitor.py:89)
13:03:20.168 WARNING  Event loop for worker_2eeb3eda is taking too long to run. Overhead: 33.79ms (event_loop_monitor.py:89)
13:03:20.168 WARNING  Event loop for worker_988d597b is taking too long to run. Overhead: 112.49ms (event_loop_monitor.py:89)
13:03:20.170 WARNING  Event loop for timing_manager is taking too long to run. Overhead: 36.57ms (event_loop_monitor.py:89)
13:03:44.178 INFO     Phase warmup progress | returned=116/2,105 | sent=185 | in_flight=69 | errors=0 | elapsed=390.2s (runner.py:1254)
13:04:14.189 INFO     Phase warmup progress | returned=119/2,105 | sent=185 | in_flight=66 | errors=0 | elapsed=420.2s (runner.py:1254)
13:04:44.199 INFO     Phase warmup progress | returned=123/2,105 | sent=185 | in_flight=62 | errors=0 | elapsed=450.2s (runner.py:1254)
13:05:14.208 INFO     Phase warmup progress | returned=126/2,105 | sent=185 | in_flight=59 | errors=0 | elapsed=480.2s (runner.py:1254)
13:05:44.219 INFO     Phase warmup progress | returned=130/2,105 | sent=185 | in_flight=55 | errors=0 | elapsed=510.2s (runner.py:1254)
13:06:14.230 INFO     Phase warmup progress | returned=133/2,105 | sent=185 | in_flight=52 | errors=0 | elapsed=540.2s (runner.py:1254)
13:06:44.242 INFO     Phase warmup progress | returned=136/2,105 | sent=185 | in_flight=49 | errors=0 | elapsed=570.2s (runner.py:1254)
13:07:14.252 INFO     Phase warmup progress | returned=139/2,105 | sent=185 | in_flight=46 | errors=0 | elapsed=600.2s (runner.py:1254)
13:07:44.263 INFO     Phase warmup progress | returned=142/2,105 | sent=185 | in_flight=43 | errors=0 | elapsed=630.2s (runner.py:1254)
13:08:14.272 INFO     Phase warmup progress | returned=144/2,105 | sent=185 | in_flight=41 | errors=0 | elapsed=660.3s (runner.py:1254)
13:08:44.281 INFO     Phase warmup progress | returned=147/2,105 | sent=185 | in_flight=38 | errors=0 | elapsed=690.3s (runner.py:1254)
13:09:14.290 INFO     Phase warmup progress | returned=150/2,105 | sent=185 | in_flight=35 | errors=0 | elapsed=720.3s (runner.py:1254)
13:09:44.300 INFO     Phase warmup progress | returned=152/2,105 | sent=185 | in_flight=33 | errors=0 | elapsed=750.3s (runner.py:1254)
13:10:14.306 INFO     Phase warmup progress | returned=154/2,105 | sent=185 | in_flight=31 | errors=0 | elapsed=780.3s (runner.py:1254)
13:10:44.314 INFO     Phase warmup progress | returned=156/2,105 | sent=185 | in_flight=29 | errors=0 | elapsed=810.3s (runner.py:1254)
13:11:14.321 INFO     Phase warmup progress | returned=159/2,105 | sent=185 | in_flight=26 | errors=0 | elapsed=840.3s (runner.py:1254)
13:11:44.330 INFO     Phase warmup progress | returned=161/2,105 | sent=185 | in_flight=24 | errors=0 | elapsed=870.3s (runner.py:1254)
13:12:14.341 INFO     Phase warmup progress | returned=162/2,105 | sent=185 | in_flight=23 | errors=0 | elapsed=900.3s (runner.py:1254)
13:12:44.350 INFO     Phase warmup progress | returned=164/2,105 | sent=185 | in_flight=21 | errors=0 | elapsed=930.3s (runner.py:1254)
13:13:14.358 INFO     Phase warmup progress | returned=166/2,105 | sent=185 | in_flight=19 | errors=0 | elapsed=960.3s (runner.py:1254)
13:13:44.367 INFO     Phase warmup progress | returned=168/2,105 | sent=185 | in_flight=17 | errors=0 | elapsed=990.4s (runner.py:1254)
13:14:14.377 INFO     Phase warmup progress | returned=170/2,105 | sent=185 | in_flight=15 | errors=0 | elapsed=1020.4s (runner.py:1254)
13:14:44.386 INFO     Phase warmup progress | returned=172/2,105 | sent=185 | in_flight=13 | errors=0 | elapsed=1050.4s (runner.py:1254)
13:15:14.392 INFO     Phase warmup progress | returned=173/2,105 | sent=185 | in_flight=12 | errors=0 | elapsed=1080.4s (runner.py:1254)
13:15:44.400 INFO     Phase warmup progress | returned=175/2,105 | sent=185 | in_flight=10 | errors=0 | elapsed=1110.4s (runner.py:1254)
13:16:14.406 INFO     Phase warmup progress | returned=177/2,105 | sent=185 | in_flight=8 | errors=0 | elapsed=1140.4s (runner.py:1254)
13:16:44.416 INFO     Phase warmup progress | returned=178/2,105 | sent=185 | in_flight=7 | errors=0 | elapsed=1170.4s (runner.py:1254)
13:17:14.426 INFO     Phase warmup progress | returned=180/2,105 | sent=185 | in_flight=5 | errors=0 | elapsed=1200.4s (runner.py:1254)
13:17:44.432 INFO     Phase warmup progress | returned=181/2,105 | sent=185 | in_flight=4 | errors=0 | elapsed=1230.4s (runner.py:1254)
13:18:14.440 INFO     Phase warmup progress | returned=183/2,105 | sent=185 | in_flight=2 | errors=0 | elapsed=1260.4s (runner.py:1254)
13:18:44.452 INFO     Phase warmup progress | returned=184/2,105 | sent=185 | in_flight=1 | errors=0 | elapsed=1290.4s (runner.py:1254)
13:18:54.540 INFO     Replay interval barriers active: 68266 requests, 34015 gated turns, join-widths={1: 26371, 2: 5215, 3: 1416, 4: 473, 5: 151, 6: 80, 7: 62, 8: 91, 9: 72, 10: 51, 11: 20, 12: 9, 13: 2, 14: 2} (replay_dependencies.py:231)
13:18:54.541 INFO     WARMUP cache pressure: replaying live trajectories until each lane reaches 10 additional requests with zero idle delay and max_tokens=1 (agentic_replay.py:803)
13:18:54.681 WARNING  Event loop for worker_c8bd76cf is taking too long to run. Overhead: 26.23ms (event_loop_monitor.py:89)
13:19:14.462 INFO     Phase warmup progress | returned=231/2,105 | sent=556 | in_flight=325 | errors=0 | elapsed=1320.4s (runner.py:1254)
13:19:44.474 INFO     Phase warmup progress | returned=306/2,105 | sent=610 | in_flight=304 | errors=0 | elapsed=1350.5s (runner.py:1254)
13:20:14.484 INFO     Phase warmup progress | returned=398/2,105 | sent=694 | in_flight=296 | errors=0 | elapsed=1380.5s (runner.py:1254)
13:20:44.494 INFO     Phase warmup progress | returned=461/2,105 | sent=735 | in_flight=274 | errors=0 | elapsed=1410.5s (runner.py:1254)
13:21:14.503 INFO     Phase warmup progress | returned=533/2,105 | sent=776 | in_flight=243 | errors=0 | elapsed=1440.5s (runner.py:1254)
13:21:44.511 INFO     Phase warmup progress | returned=675/2,105 | sent=886 | in_flight=211 | errors=0 | elapsed=1470.5s (runner.py:1254)
13:22:14.519 INFO     Phase warmup progress | returned=736/2,105 | sent=925 | in_flight=189 | errors=0 | elapsed=1500.5s (runner.py:1254)
13:22:44.527 INFO     Phase warmup progress | returned=760/2,105 | sent=944 | in_flight=184 | errors=0 | elapsed=1530.5s (runner.py:1254)
13:23:14.540 INFO     Phase warmup progress | returned=795/2,105 | sent=971 | in_flight=176 | errors=0 | elapsed=1560.5s (runner.py:1254)
13:23:44.552 INFO     Phase warmup progress | returned=913/2,105 | sent=1,071 | in_flight=158 | errors=0 | elapsed=1590.5s (runner.py:1254)
13:24:14.563 INFO     Phase warmup progress | returned=947/2,105 | sent=1,092 | in_flight=145 | errors=0 | elapsed=1620.5s (runner.py:1254)
13:24:44.570 INFO     Phase warmup progress | returned=953/2,105 | sent=1,098 | in_flight=145 | errors=0 | elapsed=1650.6s (runner.py:1254)
13:25:14.577 INFO     Phase warmup progress | returned=971/2,105 | sent=1,113 | in_flight=142 | errors=0 | elapsed=1680.6s (runner.py:1254)
13:25:36.441 WARNING  Event loop for worker_2eeb3eda is taking too long to run. Overhead: 72.90ms (event_loop_monitor.py:89)
13:25:36.441 WARNING  Event loop for worker_1c1c98e4 is taking too long to run. Overhead: 96.66ms (event_loop_monitor.py:89)
13:25:36.441 WARNING  Event loop for worker_637f2a67 is taking too long to run. Overhead: 95.47ms (event_loop_monitor.py:89)
13:25:36.441 WARNING  Event loop for worker_32ff5940 is taking too long to run. Overhead: 99.32ms (event_loop_monitor.py:89)
13:25:36.441 WARNING  Event loop for worker_f8aae73a is taking too long to run. Overhead: 116.50ms (event_loop_monitor.py:89)
13:25:36.441 WARNING  Event loop for worker_988d597b is taking too long to run. Overhead: 100.52ms (event_loop_monitor.py:89)
13:25:36.442 WARNING  Event loop for worker_73cb3a22 is taking too long to run. Overhead: 93.96ms (event_loop_monitor.py:89)
13:25:36.442 WARNING  Event loop for worker_c8bd76cf is taking too long to run. Overhead: 98.62ms (event_loop_monitor.py:89)
13:25:36.442 WARNING  Event loop for worker_6d662069 is taking too long to run. Overhead: 114.14ms (event_loop_monitor.py:89)
13:25:36.442 WARNING  Event loop for worker_965d93dd is taking too long to run. Overhead: 71.22ms (event_loop_monitor.py:89)
13:25:36.442 WARNING  Event loop for worker_e8a7bfce is taking too long to run. Overhead: 27.58ms (event_loop_monitor.py:89)
13:25:36.442 WARNING  Event loop for worker_c041db4c is taking too long to run. Overhead: 109.70ms (event_loop_monitor.py:89)
13:25:36.442 WARNING  Event loop for worker_d345c500 is taking too long to run. Overhead: 31.64ms (event_loop_monitor.py:89)
13:25:36.441 WARNING  Event loop for worker_04025563 is taking too long to run. Overhead: 116.35ms (event_loop_monitor.py:89)
13:25:36.441 WARNING  Event loop for worker_58f4dd21 is taking too long to run. Overhead: 117.19ms (event_loop_monitor.py:89)
13:25:36.442 WARNING  Event loop for worker_4a6b730d is taking too long to run. Overhead: 110.62ms (event_loop_monitor.py:89)
13:25:44.585 INFO     Phase warmup progress | returned=1,046/2,105 | sent=1,182 | in_flight=136 | errors=0 | elapsed=1710.6s (runner.py:1254)
13:26:14.598 INFO     Phase warmup progress | returned=1,115/2,105 | sent=1,238 | in_flight=123 | errors=0 | elapsed=1740.6s (runner.py:1254)
13:26:44.607 INFO     Phase warmup progress | returned=1,128/2,105 | sent=1,248 | in_flight=120 | errors=0 | elapsed=1770.6s (runner.py:1254)
13:27:14.614 INFO     Phase warmup progress | returned=1,134/2,105 | sent=1,252 | in_flight=118 | errors=0 | elapsed=1800.6s (runner.py:1254)
13:27:44.623 INFO     Phase warmup progress | returned=1,139/2,105 | sent=1,256 | in_flight=117 | errors=0 | elapsed=1830.6s (runner.py:1254)
13:28:14.629 INFO     Phase warmup progress | returned=1,153/2,105 | sent=1,268 | in_flight=115 | errors=0 | elapsed=1860.6s (runner.py:1254)
13:28:44.639 INFO     Phase warmup progress | returned=1,195/2,105 | sent=1,310 | in_flight=115 | errors=0 | elapsed=1890.6s (runner.py:1254)
13:29:14.651 INFO     Phase warmup progress | returned=1,250/2,105 | sent=1,363 | in_flight=113 | errors=0 | elapsed=1920.6s (runner.py:1254)
13:29:44.660 INFO     Phase warmup progress | returned=1,316/2,105 | sent=1,410 | in_flight=94 | errors=0 | elapsed=1950.6s (runner.py:1254)
13:30:14.672 INFO     Phase warmup progress | returned=1,323/2,105 | sent=1,416 | in_flight=93 | errors=0 | elapsed=1980.7s (runner.py:1254)
13:30:44.683 INFO     Phase warmup progress | returned=1,327/2,105 | sent=1,420 | in_flight=93 | errors=0 | elapsed=2010.7s (runner.py:1254)
13:31:14.693 INFO     Phase warmup progress | returned=1,334/2,105 | sent=1,425 | in_flight=91 | errors=0 | elapsed=2040.7s (runner.py:1254)
13:31:44.702 INFO     Phase warmup progress | returned=1,352/2,105 | sent=1,444 | in_flight=92 | errors=0 | elapsed=2070.7s (runner.py:1254)
13:32:14.711 INFO     Phase warmup progress | returned=1,417/2,105 | sent=1,508 | in_flight=91 | errors=0 | elapsed=2100.7s (runner.py:1254)
13:32:44.724 INFO     Phase warmup progress | returned=1,471/2,105 | sent=1,548 | in_flight=77 | errors=0 | elapsed=2130.7s (runner.py:1254)
13:33:14.734 INFO     Phase warmup progress | returned=1,486/2,105 | sent=1,559 | in_flight=73 | errors=0 | elapsed=2160.7s (runner.py:1254)
13:33:44.742 INFO     Phase warmup progress | returned=1,490/2,105 | sent=1,562 | in_flight=72 | errors=0 | elapsed=2190.7s (runner.py:1254)
13:34:14.747 INFO     Phase warmup progress | returned=1,493/2,105 | sent=1,565 | in_flight=72 | errors=0 | elapsed=2220.7s (runner.py:1254)
13:34:44.756 INFO     Phase warmup progress | returned=1,504/2,105 | sent=1,582 | in_flight=78 | errors=0 | elapsed=2250.7s (runner.py:1254)
13:35:14.764 INFO     Phase warmup progress | returned=1,563/2,105 | sent=1,631 | in_flight=68 | errors=0 | elapsed=2280.7s (runner.py:1254)
13:35:44.772 INFO     Phase warmup progress | returned=1,625/2,105 | sent=1,681 | in_flight=56 | errors=0 | elapsed=2310.8s (runner.py:1254)
13:36:14.785 INFO     Phase warmup progress | returned=1,630/2,105 | sent=1,686 | in_flight=56 | errors=0 | elapsed=2340.8s (runner.py:1254)
13:36:44.793 INFO     Phase warmup progress | returned=1,636/2,105 | sent=1,692 | in_flight=56 | errors=0 | elapsed=2370.8s (runner.py:1254)
13:37:14.803 INFO     Phase warmup progress | returned=1,638/2,105 | sent=1,694 | in_flight=56 | errors=0 | elapsed=2400.8s (runner.py:1254)
13:37:44.813 INFO     Phase warmup progress | returned=1,641/2,105 | sent=1,697 | in_flight=56 | errors=0 | elapsed=2430.8s (runner.py:1254)
13:38:14.821 INFO     Phase warmup progress | returned=1,697/2,105 | sent=1,753 | in_flight=56 | errors=0 | elapsed=2460.8s (runner.py:1254)
13:38:44.829 INFO     Phase warmup progress | returned=1,733/2,105 | sent=1,778 | in_flight=45 | errors=0 | elapsed=2490.8s (runner.py:1254)
13:39:14.836 INFO     Phase warmup progress | returned=1,740/2,105 | sent=1,784 | in_flight=44 | errors=0 | elapsed=2520.8s (runner.py:1254)
13:39:44.846 INFO     Phase warmup progress | returned=1,743/2,105 | sent=1,787 | in_flight=44 | errors=0 | elapsed=2550.8s (runner.py:1254)
13:40:14.856 INFO     Phase warmup progress | returned=1,745/2,105 | sent=1,788 | in_flight=43 | errors=0 | elapsed=2580.8s (runner.py:1254)
13:40:44.867 INFO     Phase warmup progress | returned=1,751/2,105 | sent=1,793 | in_flight=42 | errors=0 | elapsed=2610.9s (runner.py:1254)
13:41:14.878 INFO     Phase warmup progress | returned=1,762/2,105 | sent=1,811 | in_flight=49 | errors=0 | elapsed=2640.9s (runner.py:1254)
13:41:44.891 INFO     Phase warmup progress | returned=1,802/2,105 | sent=1,842 | in_flight=40 | errors=0 | elapsed=2670.9s (runner.py:1254)
13:42:14.897 INFO     Phase warmup progress | returned=1,845/2,105 | sent=1,874 | in_flight=29 | errors=0 | elapsed=2700.9s (runner.py:1254)
13:42:44.904 INFO     Phase warmup progress | returned=1,847/2,105 | sent=1,876 | in_flight=29 | errors=0 | elapsed=2730.9s (runner.py:1254)
13:43:14.913 INFO     Phase warmup progress | returned=1,850/2,105 | sent=1,879 | in_flight=29 | errors=0 | elapsed=2760.9s (runner.py:1254)
13:43:44.919 INFO     Phase warmup progress | returned=1,852/2,105 | sent=1,881 | in_flight=29 | errors=0 | elapsed=2790.9s (runner.py:1254)
13:44:14.930 INFO     Phase warmup progress | returned=1,854/2,105 | sent=1,883 | in_flight=29 | errors=0 | elapsed=2820.9s (runner.py:1254)
13:44:44.940 INFO     Phase warmup progress | returned=1,859/2,105 | sent=1,889 | in_flight=30 | errors=0 | elapsed=2850.9s (runner.py:1254)
13:45:14.950 INFO     Phase warmup progress | returned=1,922/2,105 | sent=1,947 | in_flight=25 | errors=0 | elapsed=2880.9s (runner.py:1254)
13:45:44.959 INFO     Phase warmup progress | returned=1,934/2,105 | sent=1,956 | in_flight=22 | errors=0 | elapsed=2910.9s (runner.py:1254)
13:46:14.968 INFO     Phase warmup progress | returned=1,936/2,105 | sent=1,958 | in_flight=22 | errors=0 | elapsed=2941.0s (runner.py:1254)
13:46:44.979 INFO     Phase warmup progress | returned=1,937/2,105 | sent=1,959 | in_flight=22 | errors=0 | elapsed=2971.0s (runner.py:1254)
13:47:14.986 INFO     Phase warmup progress | returned=1,939/2,105 | sent=1,961 | in_flight=22 | errors=0 | elapsed=3001.0s (runner.py:1254)
13:47:44.996 INFO     Phase warmup progress | returned=1,947/2,105 | sent=1,968 | in_flight=21 | errors=0 | elapsed=3031.0s (runner.py:1254)
13:48:15.006 INFO     Phase warmup progress | returned=1,962/2,105 | sent=1,982 | in_flight=20 | errors=0 | elapsed=3061.0s (runner.py:1254)
13:48:45.015 INFO     Phase warmup progress | returned=2,021/2,105 | sent=2,032 | in_flight=11 | errors=0 | elapsed=3091.0s (runner.py:1254)
13:49:15.026 INFO     Phase warmup progress | returned=2,022/2,105 | sent=2,033 | in_flight=11 | errors=0 | elapsed=3121.0s (runner.py:1254)
13:49:45.034 INFO     Phase warmup progress | returned=2,024/2,105 | sent=2,035 | in_flight=11 | errors=0 | elapsed=3151.0s (runner.py:1254)
13:50:15.044 INFO     Phase warmup progress | returned=2,025/2,105 | sent=2,035 | in_flight=10 | errors=0 | elapsed=3181.0s (runner.py:1254)
13:50:45.049 INFO     Phase warmup progress | returned=2,027/2,105 | sent=2,037 | in_flight=10 | errors=0 | elapsed=3211.0s (runner.py:1254)
13:51:15.059 INFO     Phase warmup progress | returned=2,028/2,105 | sent=2,038 | in_flight=10 | errors=0 | elapsed=3241.0s (runner.py:1254)
13:51:45.068 INFO     Phase warmup progress | returned=2,030/2,105 | sent=2,040 | in_flight=10 | errors=0 | elapsed=3271.1s (runner.py:1254)
13:52:15.078 INFO     Phase warmup progress | returned=2,066/2,105 | sent=2,077 | in_flight=11 | errors=0 | elapsed=3301.1s (runner.py:1254)
13:52:45.085 INFO     Phase warmup progress | returned=2,102/2,105 | sent=2,103 | in_flight=1 | errors=0 | elapsed=3331.1s (runner.py:1254)
13:52:49.429 INFO     WARMUP cache pressure request budget reached: 10 additional requests on each of 192 lanes; draining requests (agentic_replay.py:494)
13:52:49.430 NOTICE   Phase warmup (warmup) sending complete | sent=2,105, completed=2,104, in_flight=1 | sessions: sent=176, completed=48 (runner.py:1039)
13:52:49.632 INFO     All accelerated-warmup wire requests returned; preserving paused DAG work for profiling handoff. (runner.py:989)
13:52:49.633 NOTICE   Phase warmup (warmup) complete | completed=2,105, cancelled=0, errors=0 | sessions: completed=48, cancelled=0 | elapsed=3335.62s (runner.py:1162)
13:52:49.634 INFO     Global system-idle cap summary: limit=10s, jumps=0, skipped=0.000s (agentic_replay.py:956)
13:52:49.635 INFO     Server Metrics: Warmup complete, capturing final warmup metrics... (manager.py:304)
13:52:49.686 INFO     WARMUP cache pressure handoff: persisted 1420 live streams (agentic_replay.py:972)
13:52:49.687 INFO     BranchOrchestrator stats: spawned=1427 completed=144 errored=0 suspended=47 resumed=21 parents_failed_due_to_child_error=0 joins_suppressed=1 delayed=0 (branch_orchestrator.py:1782)
13:52:49.688 INFO     Session-tree slots for phase warmup: peak_open=192 (target concurrency 192); released 183 still-open at teardown; late_events=0 (runner.py:551)
13:52:49.947 INFO     Replay interval barriers active: 68266 requests, 34015 gated turns, join-widths={1: 26371, 2: 5215, 3: 1416, 4: 473, 5: 151, 6: 80, 7: 62, 8: 91, 9: 72, 10: 51, 11: 20, 12: 9, 13: 2, 14: 2} (replay_dependencies.py:231)
13:52:49.947 INFO     PROFILING setup: 192 trajectory lanes; recycle draws roots from the dataset sampler (agentic_replay.py:429)
13:52:49.948 INFO     PROFILING: 55 rootless + 25 gated-parent lanes of 192 dispatch no root credit at start and hold a lane credit instead (so they still count toward concurrency); rootless lanes recycle into a fresh root once their background subagents drain (agentic_replay.py:435)
13:52:49.948 NOTICE   Phase profiling (profiling) started | phase_index=0 | profiling_index=0 | target: 3600.0s duration (runner.py:593)
13:52:49.950 INFO     Credit phase start: profiling (records_manager.py:998)
13:52:49.953 INFO     Waiting for event 'profiling phase sending' with timeout of 3599.99517789s (runner.py:1220)
13:52:49.954 INFO     PROFILING execute: resuming 192 trajectory sessions (spread; first-request spread 335809.6s) (agentic_replay.py:1328)
13:52:49.955 WARNING  Event loop for timing_manager is taking too long to run. Overhead: 284.34ms (event_loop_monitor.py:89)
13:52:50.047 WARNING  Event loop for worker_d345c500 is taking too long to run. Overhead: 60.87ms (event_loop_monitor.py:89)
13:52:54.552 INFO     [realtime 00:04 profiling] (records_manager.py:1345)
13:52:54.552 INFO       rps=1.2 (avg 1.2)  tput_in=1,183/s  tput_out=23/s  done=5 ok=5 err=0 (records_manager.py:1345)
13:52:54.552 INFO       ttft    p50=  151ms  p75=  158ms  p95=  161ms  p99=  162ms (records_manager.py:1345)
13:52:54.552 INFO       itl     p50=  188ms  p75=  196ms  p95=  196ms  p99=  196ms (records_manager.py:1345)
13:52:54.552 INFO       e2e     p50=3,731ms  p75=4,079ms  p95=4,084ms  p99=4,085ms (records_manager.py:1345)
13:52:54.552 INFO       intvty  p50=      5  p75=      6  p95=      6  p99=      6  (1/tpot tok/s) (records_manager.py:1345)
13:52:54.552 INFO       isl     p50=    470  p75=    790  p90=  1,943  p99=  2,635  (tokens) (records_manager.py:1345)
13:52:54.552 INFO       osl     p50=     20  p75=     21  p90=     21  p99=     21  (tokens) (records_manager.py:1345)
13:52:54.552 INFO       tot     in=4,846  out=96 (records_manager.py:1345)
13:52:54.552 INFO       trace  theoretical_prefix_cache_hit=94.5% (records_manager.py:1345)
13:52:54.552 INFO       srv    prefix_cache_hit=0.0% unique_in_srv=382,078 ext_cache_hit=0.0% kv_usage=6.3% queue=9r/2w tput_in_srv=50,988/s tput_out_srv=81/s (records_manager.py:1345)
13:53:24.566 INFO     [realtime 00:34 profiling] (records_manager.py:1345)
13:53:24.567 INFO       rps=0.1 (avg 1.1)  tput_in=868/s  tput_out=23/s  done=8 ok=8 err=0 (records_manager.py:1345)
13:53:24.567 INFO       ttft    p50=  155ms  p75=  430ms  p95=1,899ms  p99=2,185ms (records_manager.py:1345)
13:53:24.567 INFO       itl     p50=  196ms  p75=  262ms  p95=  293ms  p99=  297ms (records_manager.py:1345)
13:53:24.567 INFO       e2e     p50=4,082ms  p75=6,641ms  p95=6,926ms  p99=7,013ms (records_manager.py:1345)
13:53:24.567 INFO       intvty  p50=      5  p75=      5  p95=      6  p99=      6  (1/tpot tok/s) (records_manager.py:1345)
13:53:24.567 INFO       isl     p50=    469  p75=    550  p90=  1,367  p99=  2,577  (tokens) (records_manager.py:1345)
13:53:24.567 INFO       osl     p50=     20  p75=     21  p90=     23  p99=     28  (tokens) (records_manager.py:1345)
13:53:24.567 INFO       tot     in=6,129  out=160 (records_manager.py:1345)
13:53:24.567 INFO       trace  theoretical_prefix_cache_hit=94.5% (records_manager.py:1345)
13:53:24.567 INFO       srv    prefix_cache_hit=3.0% unique_in_srv=2,224,266 ext_cache_hit=7.7% kv_usage=51.0% queue=24r/22w tput_in_srv=62,442/s tput_out_srv=69/s (records_manager.py:1345)
13:53:54.591 INFO     [realtime 01:04 profiling] (records_manager.py:1345)
13:53:54.592 INFO       rps=0.1 (avg 0.2)  tput_in=693/s  tput_out=5/s  done=10 ok=10 err=0 (records_manager.py:1345)
13:53:54.592 INFO       ttft    p50=  160ms  p75=2,001ms  p95=24,606ms  p99=27,294ms (records_manager.py:1345)
13:53:54.592 INFO       itl     p50=  226ms  p75=  287ms  p95=   303ms  p99=   307ms (records_manager.py:1345)
13:53:54.592 INFO       e2e     p50=5,349ms  p75=6,957ms  p95=40,370ms  p99=43,111ms (records_manager.py:1345)
13:53:54.592 INFO       intvty  p50=      5  p75=      5  p95=       6  p99=       6  (1/tpot tok/s) (records_manager.py:1345)
13:53:54.592 INFO       isl     p50=    469  p75=    710  p90=   5,899  p99=  31,717  (tokens) (records_manager.py:1345)
13:53:54.592 INFO       osl     p50=     20  p75=     26  p90=      52  p99=      56  (tokens) (records_manager.py:1345)
13:53:54.592 INFO       tot     in=40,867  out=268 (records_manager.py:1345)
13:53:54.592 INFO       trace  theoretical_prefix_cache_hit=94.5% (records_manager.py:1345)
13:53:54.592 INFO       srv    prefix_cache_hit=4.9% unique_in_srv=3,828,090 ext_cache_hit=4.5% kv_usage=87.3% queue=44r/9w tput_in_srv=60,655/s tput_out_srv=134/s (records_manager.py:1345)
13:54:24.730 INFO     [realtime 01:34 profiling] (records_manager.py:1345)
13:54:24.730 INFO       rps=1.0 (avg 0.4)  tput_in=19,259/s  tput_out=92/s  done=41 ok=41 err=0 (records_manager.py:1345)
13:54:24.730 INFO       ttft    p50=15,335ms  p75=27,323ms  p95=31,317ms  p99=34,622ms (records_manager.py:1345)
13:54:24.730 INFO       itl     p50=   169ms  p75=   255ms  p95=   304ms  p99=   317ms (records_manager.py:1345)
13:54:24.730 INFO       e2e     p50=51,832ms  p75=69,641ms  p95=87,559ms  p99=90,004ms (records_manager.py:1345)
13:54:24.730 INFO       intvty  p50=       6  p75=       8  p95=      23  p99=      24  (1/tpot tok/s) (records_manager.py:1345)
13:54:24.730 INFO       isl     p50=  41,761  p75=  58,244  p90=  97,902  p99= 126,579  (tokens) (records_manager.py:1345)
13:54:24.730 INFO       osl     p50=     183  p75=     307  p90=     437  p99=     524  (tokens) (records_manager.py:1345)
13:54:24.730 INFO       tot     in=1,770,393  out=8,469 (records_manager.py:1345)
13:54:24.730 INFO       trace  theoretical_prefix_cache_hit=94.2% (records_manager.py:1345)
13:54:24.730 INFO       srv    prefix_cache_hit=29.1% unique_in_srv=4,776,090 ext_cache_hit=5.8% kv_usage=70.9% queue=42r/1w tput_in_srv=68,617/s tput_out_srv=481/s (records_manager.py:1345)
13:54:55.045 INFO     [realtime 02:05 profiling] (records_manager.py:1345)
13:54:55.045 INFO       rps=1.5 (avg 0.7)  tput_in=30,382/s  tput_out=208/s  done=85 ok=85 err=0 (records_manager.py:1345)
13:54:55.047 INFO       ttft    p50= 5,787ms  p75=24,421ms  p95=31,316ms  p99= 33,123ms (records_manager.py:1345)
13:54:55.047 INFO       itl     p50=    79ms  p75=   167ms  p95=   295ms  p99=    310ms (records_manager.py:1345)
13:54:55.047 INFO       e2e     p50=34,353ms  p75=76,009ms  p95=98,149ms  p99=115,882ms (records_manager.py:1345)
13:54:55.047 INFO       intvty  p50=      13  p75=      18  p95=      26  p99=       27  (1/tpot tok/s) (records_manager.py:1345)
13:54:55.048 INFO       isl     p50=  45,568  p75=  61,263  p90=  83,846  p99=  120,385  (tokens) (records_manager.py:1345)
13:54:55.048 INFO       osl     p50=     218  p75=     437  p90=     689  p99=    1,023  (tokens) (records_manager.py:1345)
13:54:55.048 INFO       tot     in=3,772,388  out=25,862 (records_manager.py:1345)
13:54:55.048 INFO       trace  theoretical_prefix_cache_hit=94.1% (records_manager.py:1345)
13:54:55.048 INFO       srv    prefix_cache_hit=53.7% unique_in_srv=5,303,782 ext_cache_hit=7.0% kv_usage=85.6% queue=49r/0w tput_in_srv=92,488/s tput_out_srv=705/s (records_manager.py:1345)
13:55:25.533 INFO     [realtime 02:35 profiling] (records_manager.py:1345)
13:55:25.534 INFO       rps=1.9 (avg 0.9)  tput_in=41,774/s  tput_out=342/s  done=144 ok=144 err=0 (records_manager.py:1345)
13:55:25.534 INFO       ttft    p50= 1,183ms  p75=20,720ms  p95= 31,741ms  p99= 47,188ms (records_manager.py:1345)
13:55:25.534 INFO       itl     p50=    55ms  p75=    95ms  p95=    283ms  p99=    306ms (records_manager.py:1345)
13:55:25.534 INFO       e2e     p50=21,638ms  p75=68,224ms  p95=112,569ms  p99=121,399ms (records_manager.py:1345)
13:55:25.534 INFO       intvty  p50=      18  p75=      22  p95=       26  p99=       30  (1/tpot tok/s) (records_manager.py:1345)
13:55:25.534 INFO       isl     p50=  42,658  p75=  63,902  p90=   84,819  p99=  118,066  (tokens) (records_manager.py:1345)
13:55:25.534 INFO       osl     p50=     218  p75=     508  p90=      900  p99=    1,577  (tokens) (records_manager.py:1345)
13:55:25.534 INFO       tot     in=6,452,024  out=52,863 (records_manager.py:1345)
13:55:25.534 INFO       trace  theoretical_prefix_cache_hit=94.1% (records_manager.py:1345)
13:55:25.534 INFO       srv    prefix_cache_hit=64.9% unique_in_srv=5,633,958 ext_cache_hit=6.6% kv_usage=65.1% queue=34r/1w tput_in_srv=103,310/s tput_out_srv=932/s (records_manager.py:1345)
13:55:56.144 INFO     [realtime 03:06 profiling] (records_manager.py:1345)
13:55:56.144 INFO       rps=1.2 (avg 1.0)  tput_in=42,707/s  tput_out=384/s  done=180 ok=180 err=0 (records_manager.py:1345)
13:55:56.144 INFO       ttft    p50= 1,241ms  p75=20,720ms  p95= 36,852ms  p99= 94,280ms (records_manager.py:1345)
13:55:56.144 INFO       itl     p50=    54ms  p75=    78ms  p95=    259ms  p99=    305ms (records_manager.py:1345)
13:55:56.144 INFO       e2e     p50=20,865ms  p75=73,765ms  p95=114,775ms  p99=125,706ms (records_manager.py:1345)
13:55:56.144 INFO       intvty  p50=      19  p75=      22  p95=       26  p99=       30  (1/tpot tok/s) (records_manager.py:1345)
13:55:56.144 INFO       isl     p50=  41,411  p75=  61,328  p90=   84,648  p99=  121,089  (tokens) (records_manager.py:1345)
13:55:56.144 INFO       osl     p50=     223  p75=     508  p90=      984  p99=    1,750  (tokens) (records_manager.py:1345)
13:55:56.144 INFO       tot     in=7,875,902  out=70,742 (records_manager.py:1345)
13:55:56.144 INFO       trace  theoretical_prefix_cache_hit=94.1% (records_manager.py:1345)
13:55:56.144 INFO       srv    prefix_cache_hit=67.8% unique_in_srv=6,225,024 ext_cache_hit=6.0% kv_usage=72.2% queue=37r/0w tput_in_srv=104,461/s tput_out_srv=1,028/s (records_manager.py:1345)
13:56:26.950 INFO     [realtime 03:37 profiling] (records_manager.py:1345)
13:56:26.950 INFO       rps=1.7 (avg 1.1)  tput_in=46,141/s  tput_out=450/s  done=231 ok=231 err=0 (records_manager.py:1345)
13:56:26.950 INFO       ttft    p50=   912ms  p75=18,901ms  p95= 37,124ms  p99=100,748ms (records_manager.py:1345)
13:56:26.950 INFO       itl     p50=    49ms  p75=    67ms  p95=    214ms  p99=    302ms (records_manager.py:1345)
13:56:26.950 INFO       e2e     p50=19,899ms  p75=65,753ms  p95=114,575ms  p99=134,117ms (records_manager.py:1345)
13:56:26.950 INFO       intvty  p50=      21  p75=      24  p95=       27  p99=       31  (1/tpot tok/s) (records_manager.py:1345)
13:56:26.950 INFO       isl     p50=  41,462  p75=  59,334  p90=   83,686  p99=  118,086  (tokens) (records_manager.py:1345)
13:56:26.950 INFO       osl     p50=     242  p75=     558  p90=    1,042  p99=    1,839  (tokens) (records_manager.py:1345)
13:56:26.950 INFO       tot     in=9,957,633  out=97,023 (records_manager.py:1345)
13:56:26.950 INFO       trace  theoretical_prefix_cache_hit=94.1% (records_manager.py:1345)
13:56:26.950 INFO       srv    prefix_cache_hit=71.4% unique_in_srv=6,547,006 ext_cache_hit=5.8% kv_usage=64.1% queue=34r/0w tput_in_srv=106,147/s tput_out_srv=1,141/s (records_manager.py:1345)
13:56:57.863 INFO     [realtime 04:07 profiling] (records_manager.py:1345)
13:56:57.863 INFO       rps=1.1 (avg 1.1)  tput_in=46,337/s  tput_out=451/s  done=266 ok=266 err=0 (records_manager.py:1345)
13:56:57.863 INFO       ttft    p50=   950ms  p75=18,818ms  p95= 71,022ms  p99=124,106ms (records_manager.py:1345)
13:56:57.863 INFO       itl     p50=    49ms  p75=    65ms  p95=    195ms  p99=    300ms (records_manager.py:1345)
13:56:57.863 INFO       e2e     p50=19,906ms  p75=65,567ms  p95=116,738ms  p99=166,918ms (records_manager.py:1345)
13:56:57.863 INFO       intvty  p50=      21  p75=      24  p95=       26  p99=       31  (1/tpot tok/s) (records_manager.py:1345)
13:56:57.863 INFO       isl     p50=  41,897  p75=  59,517  p90=   80,878  p99=  118,032  (tokens) (records_manager.py:1345)
13:56:57.863 INFO       osl     p50=     238  p75=     535  p90=    1,032  p99=    1,879  (tokens) (records_manager.py:1345)
13:56:57.863 INFO       tot     in=11,441,381  out=111,446 (records_manager.py:1345)
13:56:57.863 INFO       trace  theoretical_prefix_cache_hit=94.0% (records_manager.py:1345)
13:56:57.863 INFO       srv    prefix_cache_hit=72.0% unique_in_srv=7,329,272 ext_cache_hit=6.6% kv_usage=69.9% queue=43r/0w tput_in_srv=105,911/s tput_out_srv=1,189/s (records_manager.py:1345)
13:57:28.971 INFO     [realtime 04:39 profiling] (records_manager.py:1345)
13:57:28.971 INFO       rps=1.2 (avg 1.1)  tput_in=46,750/s  tput_out=473/s  done=303 ok=303 err=0 (records_manager.py:1345)
13:57:28.973 INFO       ttft    p50=   796ms  p75=15,432ms  p95= 65,885ms  p99=149,637ms (records_manager.py:1345)
13:57:28.973 INFO       itl     p50=    49ms  p75=    63ms  p95=    187ms  p99=    298ms (records_manager.py:1345)
13:57:28.973 INFO       e2e     p50=19,250ms  p75=63,500ms  p95=115,512ms  p99=170,368ms (records_manager.py:1345)
13:57:28.973 INFO       intvty  p50=      21  p75=      23  p95=       26  p99=       30  (1/tpot tok/s) (records_manager.py:1345)
13:57:28.973 INFO       isl     p50=  41,575  p75=  59,599  p90=   81,825  p99=  117,511  (tokens) (records_manager.py:1345)
13:57:28.973 INFO       osl     p50=     252  p75=     572  p90=    1,089  p99=    1,866  (tokens) (records_manager.py:1345)
13:57:28.973 INFO       tot     in=12,990,872  out=131,515 (records_manager.py:1345)
13:57:28.973 INFO       trace  theoretical_prefix_cache_hit=94.0% (records_manager.py:1345)
13:57:28.973 INFO       srv    prefix_cache_hit=73.8% unique_in_srv=7,876,308 ext_cache_hit=7.1% kv_usage=85.3% queue=45r/0w tput_in_srv=107,778/s tput_out_srv=1,234/s (records_manager.py:1345)
13:57:49.956 INFO     Per-trace idle cap advanced replay root 6792c95a-d167-499e-b856-b1ba94544550 by 36315.925s (replay_dependencies.py:324)
13:57:49.957 INFO     Per-trace idle cap advanced replay root 6ec142e1-7a89-4143-aa88-7642ed9295bc by 1366.816s (replay_dependencies.py:324)
13:57:49.958 INFO     Per-trace idle cap advanced replay root c5ee93ef-6137-4e2e-a0cc-960f53981b80 by 52367.233s (replay_dependencies.py:324)
13:57:49.958 INFO     Per-trace idle cap advanced replay root b6ea1613-4037-4014-a476-bd1ff959890f by 544.428s (replay_dependencies.py:324)
13:57:49.959 INFO     Per-trace idle cap advanced replay root b88433f8-e77d-4ce4-a5a8-4954d8bbfdc4 by 4828.099s (replay_dependencies.py:324)
13:57:49.959 INFO     Per-trace idle cap advanced replay root da462899-453f-4b31-bf85-6a8991ce801a by 844.811s (replay_dependencies.py:324)
13:57:49.959 INFO     Per-trace idle cap advanced replay root 13a2aac5-43a5-475a-89fa-262662243467 by 904.384s (replay_dependencies.py:324)
13:57:49.960 INFO     Per-trace idle cap advanced replay root 3d1cba92-0995-454c-890b-100a177c5bb2 by 1956.562s (replay_dependencies.py:324)
13:57:49.960 INFO     Per-trace idle cap advanced replay root 6a7659b0-9dc4-468b-905e-b2b204d4b1b1 by 1483.531s (replay_dependencies.py:324)
13:57:49.960 INFO     Per-trace idle cap advanced replay root 946bf210-5b8a-4937-834f-40dec671e6b8 by 15423.416s (replay_dependencies.py:324)
13:57:49.961 INFO     Per-trace idle cap advanced replay root 28ef747f-7e6c-41f5-87f4-f1e88656876c by 2080.288s (replay_dependencies.py:324)
13:57:49.961 INFO     Per-trace idle cap advanced replay root b7708d79-5f39-49a5-a089-b6ed5734fef6 by 260.853s (replay_dependencies.py:324)
13:57:49.961 INFO     Per-trace idle cap advanced replay root b03e4a81-cb22-4702-8901-a7c58c3133a1 by 22615.901s (replay_dependencies.py:324)
13:57:49.961 INFO     Per-trace idle cap advanced replay root a4f258e8-079d-4115-a942-1c79a60864cc by 3993.790s (replay_dependencies.py:324)
13:57:49.962 INFO     Per-trace idle cap advanced replay root f67d4f72-42e5-4529-888a-2633182281a2 by 821.951s (replay_dependencies.py:324)
13:57:49.962 INFO     Per-trace idle cap advanced replay root a16f0f63-8053-4e77-9d03-a650e7cd1e0f by 461.140s (replay_dependencies.py:324)
13:57:49.962 INFO     Per-trace idle cap advanced replay root 9f54c10e-8e14-468a-9b12-b84ad26bf832 by 230.645s (replay_dependencies.py:324)
13:57:49.962 INFO     Per-trace idle cap advanced replay root c6799810-d489-42d9-9490-f6cb913cafe7 by 1563.822s (replay_dependencies.py:324)
13:57:49.962 INFO     Per-trace idle cap advanced replay root 784b9741-00df-46b5-a264-7881f78144dd by 1364.593s (replay_dependencies.py:324)
13:57:49.963 INFO     Per-trace idle cap advanced replay root 4cf1e1ea-5825-4b44-8c3b-a91b0d985ea7 by 33715.060s (replay_dependencies.py:324)
13:57:49.963 INFO     Per-trace idle cap advanced replay root 1ac2c0b5-6fd8-43e0-b3c0-a8c883ce9c6e by 17.078s (replay_dependencies.py:324)
13:57:49.963 INFO     Per-trace idle cap advanced replay root 77e3719d-ae03-49be-a755-94ce445267d8 by 726.499s (replay_dependencies.py:324)
13:57:49.963 INFO     Per-trace idle cap advanced replay root 9bfbcf4d-14ab-48b9-9033-e7ce8133746e by 33310.316s (replay_dependencies.py:324)
13:57:49.963 INFO     Per-trace idle cap advanced replay root 6164cd9c-c17c-425a-811c-28e5eff2bfdc by 31708.623s (replay_dependencies.py:324)
13:57:49.964 INFO     Per-trace idle cap advanced replay root 358db93a-b676-410e-b8e9-f87619b76e95 by 53744.003s (replay_dependencies.py:324)
13:57:49.964 INFO     Per-trace idle cap advanced replay root ad77c4d7-6a06-4baa-ab26-73527fe2e924 by 5663.663s (replay_dependencies.py:324)
13:57:49.964 INFO     Per-trace idle cap advanced replay root 482392be-6f3c-42c0-9275-b452bd76ccb7 by 34724.989s (replay_dependencies.py:324)
13:57:49.964 INFO     Per-trace idle cap advanced replay root 82597a93-a076-46c6-8c25-9d98edd9c78e by 4964.280s (replay_dependencies.py:324)
13:57:49.965 INFO     Per-trace idle cap advanced replay root 8c5cab23-8a97-424c-a23c-aa971ab14730 by 23.403s (replay_dependencies.py:324)
13:57:49.965 INFO     Per-trace idle cap advanced replay root a4c39018-f31c-402b-89a9-01f6eb6f5f38 by 1047.355s (replay_dependencies.py:324)
13:57:49.965 INFO     Per-trace idle cap advanced replay root b0b9d7b3-f24e-4add-978d-9f0997297c32 by 732.351s (replay_dependencies.py:324)
13:57:49.965 INFO     Per-trace idle cap advanced replay root ca0fb934-bad4-4675-ae4f-e4cd99a00c57 by 7959.893s (replay_dependencies.py:324)
13:57:49.966 INFO     Per-trace idle cap advanced replay root 8e125880-51b1-447e-87ec-3d53e8c2fd5a by 4228.214s (replay_dependencies.py:324)
13:57:49.966 INFO     Per-trace idle cap advanced replay root 0fc1f315-5722-49fb-a007-c95e60bdc9b0 by 5489.579s (replay_dependencies.py:324)
13:57:49.966 INFO     Per-trace idle cap advanced replay root 6a037dc0-8759-4f8d-a0e7-c6f08cd1a563 by 19628.453s (replay_dependencies.py:324)
13:57:49.966 INFO     Per-trace idle cap advanced replay root 77aefade-0b46-467d-a8b9-e4b72408f1d1 by 12190.885s (replay_dependencies.py:324)
13:57:49.967 INFO     Per-trace idle cap advanced replay root 12e56658-393c-49e3-8082-d8542c6c8ad4 by 963.897s (replay_dependencies.py:324)
13:57:49.967 INFO     Per-trace idle cap advanced replay root 14bc8086-e458-4bab-a885-cce501d4c00a by 965.537s (replay_dependencies.py:324)
13:57:49.967 INFO     Per-trace idle cap advanced replay root b37f418a-6247-4754-bcd4-89a66251d3c6 by 7763.997s (replay_dependencies.py:324)
13:57:49.969 INFO     Per-trace idle cap advanced replay root 279cec55-f5cf-4ff1-bb14-e9269da4a762 by 134.877s (replay_dependencies.py:324)
13:57:49.969 INFO     Per-trace idle cap advanced replay root b0a58366-ea43-4ecc-949c-9d05daaef134 by 15847.327s (replay_dependencies.py:324)
13:57:49.969 INFO     Per-trace idle cap advanced replay root 77a63078-1a46-4e51-ab21-22f6bb74ff53 by 53.853s (replay_dependencies.py:324)
13:57:49.970 INFO     Per-trace idle cap advanced replay root 7a854d20-2014-4ff3-a2d4-d845c057d008 by 1421.031s (replay_dependencies.py:324)
13:57:49.970 INFO     Per-trace idle cap advanced replay root 5c80c4f9-3743-4ace-934a-d3a34fc17399 by 6722.927s (replay_dependencies.py:324)
13:57:49.970 INFO     Per-trace idle cap advanced replay root ad7a34f2-3578-439b-b3e5-5c5ddd553019 by 1570.260s (replay_dependencies.py:324)
13:57:49.971 INFO     Per-trace idle cap advanced replay root fb81fdbe-1747-4931-9907-44073ccfd921 by 276.136s (replay_dependencies.py:324)
13:57:49.971 INFO     Per-trace idle cap advanced replay root 122b8867-ef31-4a59-a06b-a1f7163c7036 by 1178.649s (replay_dependencies.py:324)
13:57:49.971 INFO     Per-trace idle cap advanced replay root abf3aa76-a4b5-4615-8257-1fab2b907dd0 by 18598.839s (replay_dependencies.py:324)
13:57:49.971 INFO     Per-trace idle cap advanced replay root 016a9d80-cd93-4003-9c19-07bf4a279a70 by 102532.792s (replay_dependencies.py:324)
13:57:49.971 INFO     Per-trace idle cap advanced replay root 5fdb32f9-1d0c-4b63-9ad8-9bd676c97a22 by 1890.951s (replay_dependencies.py:324)
13:57:49.971 INFO     Per-trace idle cap advanced replay root 64fc5b21-4e48-4d82-942a-2368fbf80396 by 0.589s (replay_dependencies.py:324)
13:57:49.972 INFO     Per-trace idle cap advanced replay root c4c4c398-8120-4a10-af5e-9eb03621dbdd by 1243.519s (replay_dependencies.py:324)
13:57:49.972 INFO     Per-trace idle cap advanced replay root 44a90e57-3ae0-4a7c-90ad-5aff31fbd2f1 by 362.871s (replay_dependencies.py:324)
13:57:49.972 INFO     Per-trace idle cap advanced replay root 95f5a9ff-4c8f-47d6-8c85-7db39ba57a78 by 3142.977s (replay_dependencies.py:324)
13:57:49.972 INFO     Per-trace idle cap advanced replay root cd12023e-e8ca-4621-a509-9112cb86efe3 by 177.443s (replay_dependencies.py:324)
13:57:49.973 INFO     Per-trace idle cap advanced replay root 93027942-9159-401d-9fcf-f27cf3580603 by 9455.460s (replay_dependencies.py:324)
13:57:49.973 INFO     Per-trace idle cap advanced replay root b1de0423-5fa1-4f18-a6f6-278e68567324 by 17593.452s (replay_dependencies.py:324)
13:57:49.973 INFO     Per-trace idle cap advanced replay root 89a84993-5592-4b90-96c6-2f1661ed900a by 42865.843s (replay_dependencies.py:324)
13:57:49.973 INFO     Per-trace idle cap advanced replay root 400f4d19-cfdb-416a-b0ee-eb28b6b931b3 by 690.870s (replay_dependencies.py:324)
13:57:49.974 INFO     Per-trace idle cap advanced replay root 5e38ca2d-124a-4df3-97ce-c923763c3326 by 15143.733s (replay_dependencies.py:324)
13:57:49.974 INFO     Per-trace idle cap advanced replay root 6e3404b6-310c-4eea-a945-1abd488a4db2 by 1104.011s (replay_dependencies.py:324)
13:57:49.974 INFO     Per-trace idle cap advanced replay root d5cb2d80-1ed1-4edd-9ed0-128b574fc610 by 416.748s (replay_dependencies.py:324)
13:57:49.975 INFO     Per-trace idle cap advanced replay root 0ba445b5-2c8d-4858-9abf-1928f8a4afea by 417.728s (replay_dependencies.py:324)
13:57:49.975 INFO     Per-trace idle cap advanced replay root 20a4f0dd-37fa-4efe-a700-d1aa6411ec19 by 983.363s (replay_dependencies.py:324)
13:57:49.975 INFO     Per-trace idle cap advanced replay root 18144595-2f26-4af0-920d-56aa557c0edf by 209.835s (replay_dependencies.py:324)
13:57:49.976 INFO     Per-trace idle cap advanced replay root a3d1014c-116b-45ca-8cab-b7b81422fe04 by 816.818s (replay_dependencies.py:324)
13:57:49.976 INFO     Per-trace idle cap advanced replay root 23d84bbd-8a8f-4e7b-980b-227fd1ae840e by 78.288s (replay_dependencies.py:324)
13:57:49.977 INFO     Per-trace idle cap advanced replay root 475ebf11-4489-4ab4-9c72-ca0fcc408e55 by 109564.207s (replay_dependencies.py:324)
13:57:49.978 INFO     Per-trace idle cap advanced replay root cfbce818-d61e-4a6b-9223-f5d2f33de9e2 by 15742.908s (replay_dependencies.py:324)
13:57:49.978 INFO     Per-trace idle cap advanced replay root c9581976-a0de-444c-a00e-91694d87d966 by 188.579s (replay_dependencies.py:324)
13:57:49.979 INFO     Per-trace idle cap advanced replay root b545cce3-d158-4007-8422-031441632564 by 42856.280s (replay_dependencies.py:324)
13:57:49.979 INFO     Per-trace idle cap advanced replay root 5208eafc-857b-4e1f-bf53-3208bf8b1ffa by 4571.487s (replay_dependencies.py:324)
13:57:49.980 INFO     Per-trace idle cap advanced replay root 10228322-26ca-4a8a-ae97-ac3a51169dc6 by 1905.363s (replay_dependencies.py:324)
13:57:49.980 INFO     Per-trace idle cap advanced replay root a7694aa0-ec22-4e89-8616-91537b4ae683 by 20853.310s (replay_dependencies.py:324)
13:57:49.980 INFO     Per-trace idle cap advanced replay root 5c580376-9f23-4db4-8ece-d6a4dd83bf40 by 1770.883s (replay_dependencies.py:324)
13:57:49.981 INFO     Per-trace idle cap advanced replay root fb3148a5-005a-40df-b55c-d167d9a5c5a7 by 41.939s (replay_dependencies.py:324)
13:57:49.981 INFO     Per-trace idle cap advanced replay root f120a966-147d-4b0e-a880-e231ab15bb74 by 209.544s (replay_dependencies.py:324)
13:57:49.985 INFO     Per-trace idle cap advanced replay root 2b1e0926-5ae1-4d93-9c5d-75675d15db74 by 166622.088s (replay_dependencies.py:324)
13:57:49.986 INFO     Per-trace idle cap advanced replay root 3dc4e17b-49ea-43be-a1fd-1ccdbc20900a by 12726.235s (replay_dependencies.py:324)
13:57:49.987 INFO     Per-trace idle cap advanced replay root 37227ece-20d6-45fa-963f-5db19ed7f45e by 335509.624s (replay_dependencies.py:324)
13:57:49.987 INFO     Per-trace idle cap advanced replay root c889b7ee-855a-49b7-8676-ea381e3d4f39 by 2841.368s (replay_dependencies.py:324)
13:57:49.988 INFO     Per-trace idle cap advanced replay root 8eea9e02-0e17-4871-8bc1-9a30b56a6d35 by 129.675s (replay_dependencies.py:324)
13:57:49.988 INFO     Per-trace idle cap advanced replay root d0f2d4b7-0417-421d-b900-f5db8567beec by 4457.656s (replay_dependencies.py:324)
13:57:49.989 INFO     Per-trace idle cap advanced replay root d96ab286-deb9-4525-8f78-bbcc8c77c86d by 480.279s (replay_dependencies.py:324)
13:57:49.989 INFO     Per-trace idle cap advanced replay root d1b1a44c-109a-4953-ba0b-1882056690f7 by 17035.508s (replay_dependencies.py:324)
13:57:49.990 INFO     Per-trace idle cap advanced replay root de6ffc66-25b7-437e-9d06-0e52370032ae by 973.273s (replay_dependencies.py:324)
13:57:49.991 INFO     Per-trace idle cap advanced replay root d48cefb1-04a7-4ebd-9d71-cab1326eb628 by 114698.424s (replay_dependencies.py:324)
13:57:49.991 INFO     Per-trace idle cap advanced replay root 33ada4eb-72fa-49f9-829e-8996429435e1 by 45519.417s (replay_dependencies.py:324)
13:57:49.992 INFO     Per-trace idle cap advanced replay root e4c0377d-0c66-4b5d-a47e-a4cd140efd72 by 232.357s (replay_dependencies.py:324)
13:57:49.994 INFO     Per-trace idle cap advanced replay root 13f7f8b3-333e-4a9a-b9a4-38a90caeab87 by 14083.931s (replay_dependencies.py:324)
13:57:49.995 INFO     Per-trace idle cap advanced replay root d499e878-eecf-43b0-9b5b-b78c1ed98c12 by 95.746s (replay_dependencies.py:324)
13:57:49.996 INFO     Per-trace idle cap advanced replay root 0c48288a-fee7-4f67-8dbb-2cb7edbb767b by 6005.996s (replay_dependencies.py:324)
13:57:49.996 INFO     Per-trace idle cap advanced replay root 73d3b91f-b663-4fa5-86c2-dc5b5b2235b8 by 2582.169s (replay_dependencies.py:324)
13:57:49.996 INFO     Per-trace idle cap advanced replay root d553cb82-520f-460b-8bd1-e7697c98cfd9 by 276.661s (replay_dependencies.py:324)
13:57:49.997 INFO     Per-trace idle cap advanced replay root 88fbecef-541c-440a-83c5-5a834de73b6c by 508.401s (replay_dependencies.py:324)
13:57:49.997 INFO     Per-trace idle cap advanced replay root ea0fa407-a85f-49ef-88ac-862c96431843 by 13320.780s (replay_dependencies.py:324)
13:57:49.997 INFO     Per-trace idle cap advanced replay root 476ec8ad-71e5-403e-a7e3-715c538ec390 by 3116.654s (replay_dependencies.py:324)
13:57:49.998 INFO     Per-trace idle cap advanced replay root e6f88705-b8d6-4472-81da-5998391465ef by 74284.350s (replay_dependencies.py:324)
13:57:49.998 INFO     Per-trace idle cap advanced replay root ed112479-96e2-4b31-aade-3bb79a2219e4 by 118.022s (replay_dependencies.py:324)
13:57:49.998 INFO     Per-trace idle cap advanced replay root 8883a776-6583-4fe3-8c09-6ef7a563b1b3 by 2240.747s (replay_dependencies.py:324)
13:57:49.999 INFO     Per-trace idle cap advanced replay root 5281c09d-aaf8-422b-a2eb-5d49c6d8a685 by 202.366s (replay_dependencies.py:324)
13:57:49.999 INFO     Per-trace idle cap advanced replay root 1c670461-6d64-442d-adf8-4d11b2d99f0f by 2055.305s (replay_dependencies.py:324)
13:57:49.999 INFO     Per-trace idle cap advanced replay root e9c0c877-0d70-457d-96a9-f97132a20d28 by 1384.611s (replay_dependencies.py:324)
13:57:50.000 INFO     Per-trace idle cap advanced replay root 7c996bde-9597-4abf-bc56-993edcb01dd7 by 13773.534s (replay_dependencies.py:324)
13:57:50.000 INFO     Per-trace idle cap advanced replay root 4097b569-1831-4241-8200-25a6c9aca708 by 3192.713s (replay_dependencies.py:324)
13:57:50.001 INFO     Per-trace idle cap advanced replay root 587d9fc2-657c-46e0-9467-be0deef3e6ab by 57191.334s (replay_dependencies.py:324)
13:57:50.002 INFO     Per-trace idle cap advanced replay root 37bc77d8-6f19-46c5-aadf-fb7ad6a21f59 by 1385.140s (replay_dependencies.py:324)
13:57:50.003 INFO     Per-trace idle cap advanced replay root 33d1e608-17b7-4caa-8cb1-674f5009fb8d by 28459.358s (replay_dependencies.py:324)
13:57:50.003 INFO     Per-trace idle cap advanced replay root 99a440e9-d774-4bf8-9ddb-dff2a701e101 by 104295.709s (replay_dependencies.py:324)
13:57:50.004 INFO     Per-trace idle cap advanced replay root e3b4e138-594b-4aee-b09c-0ef3c5f9e16e by 9290.978s (replay_dependencies.py:324)
13:57:50.005 INFO     Per-trace idle cap advanced replay root 4722b512-4fd6-43b8-ae95-d98c50b69ee0 by 4391.968s (replay_dependencies.py:324)
13:57:50.005 INFO     Per-trace idle cap advanced replay root ce574d7a-68e3-498e-a192-afd8d4a9eab5 by 90.416s (replay_dependencies.py:324)
13:57:50.005 INFO     Per-trace idle cap advanced replay root f2846108-7e3e-40c9-b292-3facec88c4e0 by 140709.107s (replay_dependencies.py:324)
13:57:50.006 INFO     Per-trace idle cap advanced replay root 71aae534-c25f-48b4-90b6-9514bc7bc0ca by 11074.801s (replay_dependencies.py:324)
13:58:00.282 INFO     [realtime 05:10 profiling] (records_manager.py:1345)
13:58:00.282 INFO       rps=1.4 (avg 1.1)  tput_in=48,567/s  tput_out=529/s  done=346 ok=346 err=0 (records_manager.py:1345)
13:58:00.282 INFO       ttft    p50=   704ms  p75=11,505ms  p95= 57,725ms  p99=151,929ms (records_manager.py:1345)
13:58:00.282 INFO       itl     p50=    48ms  p75=    60ms  p95=    177ms  p99=    298ms (records_manager.py:1345)
13:58:00.282 INFO       e2e     p50=19,622ms  p75=60,536ms  p95=119,521ms  p99=185,679ms (records_manager.py:1345)
13:58:00.282 INFO       intvty  p50=      21  p75=      24  p95=       26  p99=       30  (1/tpot tok/s) (records_manager.py:1345)
13:58:00.282 INFO       isl     p50=  41,411  p75=  59,684  p90=   83,125  p99=  110,972  (tokens) (records_manager.py:1345)
13:58:00.282 INFO       osl     p50=     273  p75=     589  p90=    1,094  p99=    2,669  (tokens) (records_manager.py:1345)
13:58:00.282 INFO       tot     in=14,801,211  out=161,212 (records_manager.py:1345)
13:58:00.282 INFO       trace  theoretical_prefix_cache_hit=94.0% (records_manager.py:1345)
13:58:00.282 INFO       srv    prefix_cache_hit=75.3% unique_in_srv=8,141,947 ext_cache_hit=7.0% kv_usage=70.7% queue=44r/9w tput_in_srv=106,727/s tput_out_srv=1,298/s (records_manager.py:1345)
13:58:31.920 INFO     [realtime 05:41 profiling] (records_manager.py:1345)
13:58:31.920 INFO       rps=1.5 (avg 1.2)  tput_in=48,321/s  tput_out=547/s  done=393 ok=393 err=0 (records_manager.py:1345)
13:58:31.920 INFO       ttft    p50=   706ms  p75=10,220ms  p95= 42,696ms  p99=151,026ms (records_manager.py:1345)
13:58:31.920 INFO       itl     p50=    49ms  p75=    60ms  p95=    169ms  p99=    297ms (records_manager.py:1345)
13:58:31.920 INFO       e2e     p50=19,289ms  p75=54,644ms  p95=118,392ms  p99=175,755ms (records_manager.py:1345)
13:58:31.920 INFO       intvty  p50=      20  p75=      23  p95=       26  p99=       29  (1/tpot tok/s) (records_manager.py:1345)
13:58:31.920 INFO       isl     p50=  39,408  p75=  59,246  p90=   81,330  p99=  117,990  (tokens) (records_manager.py:1345)
13:58:31.920 INFO       osl     p50=     268  p75=     609  p90=    1,095  p99=    2,974  (tokens) (records_manager.py:1345)
13:58:31.920 INFO       tot     in=16,432,254  out=186,119 (records_manager.py:1345)
13:58:31.920 INFO       trace  theoretical_prefix_cache_hit=94.0% (records_manager.py:1345)
13:58:31.920 INFO       srv    prefix_cache_hit=75.3% unique_in_srv=9,036,130 ext_cache_hit=6.4% kv_usage=75.6% queue=64r/0w tput_in_srv=107,508/s tput_out_srv=1,366/s (records_manager.py:1345)
13:59:03.556 INFO     [realtime 06:13 profiling] (records_manager.py:1345)
13:59:03.556 INFO       rps=1.8 (avg 1.2)  tput_in=50,411/s  tput_out=554/s  done=451 ok=451 err=0 (records_manager.py:1345)
13:59:03.556 INFO       ttft    p50=   667ms  p75= 8,458ms  p95= 51,526ms  p99=151,833ms (records_manager.py:1345)
13:59:03.556 INFO       itl     p50=    50ms  p75=    59ms  p95=    165ms  p99=    293ms (records_manager.py:1345)
13:59:03.557 INFO       e2e     p50=18,721ms  p75=52,444ms  p95=116,376ms  p99=191,981ms (records_manager.py:1345)
13:59:03.557 INFO       intvty  p50=      20  p75=      23  p95=       26  p99=       29  (1/tpot tok/s) (records_manager.py:1345)
13:59:03.557 INFO       isl     p50=  37,483  p75=  58,304  p90=   79,061  p99=  110,194  (tokens) (records_manager.py:1345)
13:59:03.557 INFO       osl     p50=     244  p75=     530  p90=    1,092  p99=    2,794  (tokens) (records_manager.py:1345)
13:59:03.557 INFO       tot     in=18,729,615  out=205,833 (records_manager.py:1345)
13:59:03.557 INFO       trace  theoretical_prefix_cache_hit=93.9% (records_manager.py:1345)
13:59:03.557 INFO       srv    prefix_cache_hit=76.8% unique_in_srv=9,594,336 ext_cache_hit=6.0% kv_usage=80.0% queue=64r/0w tput_in_srv=111,240/s tput_out_srv=1,443/s (records_manager.py:1345)
13:59:35.471 INFO     [realtime 06:45 profiling] (records_manager.py:1345)
13:59:35.471 INFO       rps=2.5 (avg 1.3)  tput_in=53,649/s  tput_out=629/s  done=532 ok=532 err=0 (records_manager.py:1345)
13:59:35.471 INFO       ttft    p50=   613ms  p75= 6,403ms  p95= 40,104ms  p99=138,107ms (records_manager.py:1345)
13:59:35.471 INFO       itl     p50=    50ms  p75=    57ms  p95=    146ms  p99=    288ms (records_manager.py:1345)
13:59:35.471 INFO       e2e     p50=18,304ms  p75=53,633ms  p95=114,091ms  p99=184,220ms (records_manager.py:1345)
13:59:35.471 INFO       intvty  p50=      20  p75=      22  p95=       26  p99=       29  (1/tpot tok/s) (records_manager.py:1345)
13:59:35.471 INFO       isl     p50=  37,408  p75=  57,256  p90=   76,921  p99=  101,841  (tokens) (records_manager.py:1345)
13:59:35.471 INFO       osl     p50=     261  p75=     614  p90=    1,189  p99=    2,629  (tokens) (records_manager.py:1345)
13:59:35.471 INFO       tot     in=21,647,177  out=253,916 (records_manager.py:1345)
13:59:35.471 INFO       trace  theoretical_prefix_cache_hit=93.9% (records_manager.py:1345)
13:59:35.471 INFO       srv    prefix_cache_hit=78.7% unique_in_srv=9,975,706 ext_cache_hit=6.2% kv_usage=77.0% queue=49r/0w tput_in_srv=116,270/s tput_out_srv=1,495/s (records_manager.py:1345)
14:00:07.656 INFO     [realtime 07:17 profiling] (records_manager.py:1345)
14:00:07.656 INFO       rps=1.8 (avg 1.4)  tput_in=56,101/s  tput_out=651/s  done=590 ok=590 err=0 (records_manager.py:1345)
14:00:07.656 INFO       ttft    p50=   569ms  p75= 5,821ms  p95= 37,154ms  p99=114,222ms (records_manager.py:1345)
14:00:07.656 INFO       itl     p50=    49ms  p75=    57ms  p95=    133ms  p99=    288ms (records_manager.py:1345)
14:00:07.656 INFO       e2e     p50=17,946ms  p75=52,296ms  p95=115,236ms  p99=189,485ms (records_manager.py:1345)
14:00:07.656 INFO       intvty  p50=      21  p75=      23  p95=       26  p99=       29  (1/tpot tok/s) (records_manager.py:1345)
14:00:07.656 INFO       isl     p50=  37,999  p75=  57,918  p90=   78,922  p99=  102,849  (tokens) (records_manager.py:1345)
14:00:07.656 INFO       osl     p50=     265  p75=     589  p90=    1,191  p99=    2,675  (tokens) (records_manager.py:1345)
14:00:07.656 INFO       tot     in=24,407,859  out=283,032 (records_manager.py:1345)
14:00:07.656 INFO       trace  theoretical_prefix_cache_hit=93.9% (records_manager.py:1345)
14:00:07.656 INFO       srv    prefix_cache_hit=80.2% unique_in_srv=10,362,740 ext_cache_hit=6.6% kv_usage=70.9% queue=50r/0w tput_in_srv=119,807/s tput_out_srv=1,550/s (records_manager.py:1345)
14:00:40.088 INFO     [realtime 07:50 profiling] (records_manager.py:1345)
14:00:40.088 INFO       rps=2.0 (avg 1.4)  tput_in=58,131/s  tput_out=682/s  done=655 ok=655 err=0 (records_manager.py:1345)
14:00:40.088 INFO       ttft    p50=   558ms  p75= 5,668ms  p95= 44,364ms  p99=145,747ms (records_manager.py:1345)
14:00:40.088 INFO       itl     p50=    49ms  p75=    56ms  p95=    113ms  p99=    285ms (records_manager.py:1345)
14:00:40.088 INFO       e2e     p50=17,564ms  p75=52,353ms  p95=115,969ms  p99=191,725ms (records_manager.py:1345)
14:00:40.088 INFO       intvty  p50=      21  p75=      22  p95=       26  p99=       29  (1/tpot tok/s) (records_manager.py:1345)
14:00:40.088 INFO       isl     p50=  38,237  p75=  57,851  p90=   80,226  p99=  104,247  (tokens) (records_manager.py:1345)
14:00:40.088 INFO       osl     p50=     258  p75=     612  p90=    1,211  p99=    2,781  (tokens) (records_manager.py:1345)
14:00:40.088 INFO       tot     in=27,175,980  out=318,744 (records_manager.py:1345)
14:00:40.088 INFO       trace  theoretical_prefix_cache_hit=93.9% (records_manager.py:1345)
14:00:40.088 INFO       srv    prefix_cache_hit=81.2% unique_in_srv=10,914,916 ext_cache_hit=6.9% kv_usage=72.9% queue=45r/0w tput_in_srv=123,620/s tput_out_srv=1,579/s (records_manager.py:1345)
14:01:12.734 INFO     [realtime 08:22 profiling] (records_manager.py:1345)
14:01:12.734 INFO       rps=2.0 (avg 1.4)  tput_in=60,058/s  tput_out=705/s  done=719 ok=719 err=0 (records_manager.py:1345)
14:01:12.734 INFO       ttft    p50=   535ms  p75= 5,032ms  p95= 46,734ms  p99=150,745ms (records_manager.py:1345)
14:01:12.734 INFO       itl     p50=    48ms  p75=    55ms  p95=     99ms  p99=    283ms (records_manager.py:1345)
14:01:12.734 INFO       e2e     p50=17,198ms  p75=51,879ms  p95=116,722ms  p99=209,017ms (records_manager.py:1345)
14:01:12.734 INFO       intvty  p50=      21  p75=      23  p95=       26  p99=       29  (1/tpot tok/s) (records_manager.py:1345)
14:01:12.734 INFO       isl     p50=  38,412  p75=  57,851  p90=   79,871  p99=  113,733  (tokens) (records_manager.py:1345)
14:01:12.734 INFO       osl     p50=     258  p75=     606  p90=    1,197  p99=    2,891  (tokens) (records_manager.py:1345)
14:01:12.734 INFO       tot     in=30,012,635  out=352,407 (records_manager.py:1345)
14:01:12.734 INFO       trace  theoretical_prefix_cache_hit=93.9% (records_manager.py:1345)
14:01:12.734 INFO       srv    prefix_cache_hit=82.2% unique_in_srv=11,287,194 ext_cache_hit=7.0% kv_usage=76.0% queue=49r/0w tput_in_srv=127,161/s tput_out_srv=1,595/s (records_manager.py:1345)
14:01:40.158 INFO     Per-trace idle cap advanced replay root d944b3da-a01e-4c24-a379-edd106a30290 by 46.617s (replay_dependencies.py:324)
14:01:45.474 INFO     [realtime 08:55 profiling] (records_manager.py:1345)
14:01:45.474 INFO       rps=1.7 (avg 1.5)  tput_in=61,371/s  tput_out=720/s  done=775 ok=775 err=0 (records_manager.py:1345)
14:01:45.474 INFO       ttft    p50=   511ms  p75= 4,401ms  p95= 44,364ms  p99=151,372ms (records_manager.py:1345)
14:01:45.475 INFO       itl     p50=    48ms  p75=    54ms  p95=     94ms  p99=    283ms (records_manager.py:1345)
14:01:45.475 INFO       e2e     p50=17,145ms  p75=50,010ms  p95=116,740ms  p99=210,417ms (records_manager.py:1345)
14:01:45.475 INFO       intvty  p50=      21  p75=      22  p95=       26  p99=       29  (1/tpot tok/s) (records_manager.py:1345)
14:01:45.475 INFO       isl     p50=  38,873  p75=  58,090  p90=   79,461  p99=  115,913  (tokens) (records_manager.py:1345)
14:01:45.475 INFO       osl     p50=     266  p75=     596  p90=    1,187  p99=    3,038  (tokens) (records_manager.py:1345)
14:01:45.475 INFO       tot     in=32,615,853  out=382,457 (records_manager.py:1345)
14:01:45.475 INFO       trace  theoretical_prefix_cache_hit=94.0% (records_manager.py:1345)
14:01:45.475 INFO       srv    prefix_cache_hit=83.4% unique_in_srv=11,491,164 ext_cache_hit=6.9% kv_usage=75.4% queue=42r/0w tput_in_srv=129,914/s tput_out_srv=1,623/s (records_manager.py:1345)
14:02:18.509 INFO     [realtime 09:28 profiling] (records_manager.py:1345)
14:02:18.509 INFO       rps=1.6 (avg 1.5)  tput_in=62,525/s  tput_out=718/s  done=828 ok=828 err=0 (records_manager.py:1345)
14:02:18.509 INFO       ttft    p50=   492ms  p75= 3,208ms  p95= 36,657ms  p99=150,681ms (records_manager.py:1345)
14:02:18.509 INFO       itl     p50=    47ms  p75=    53ms  p95=     88ms  p99=    276ms (records_manager.py:1345)
14:02:18.509 INFO       e2e     p50=16,201ms  p75=48,387ms  p95=114,621ms  p99=208,824ms (records_manager.py:1345)
14:02:18.509 INFO       intvty  p50=      21  p75=      23  p95=       26  p99=       29  (1/tpot tok/s) (records_manager.py:1345)
14:02:18.509 INFO       isl     p50=  39,362  p75=  59,454  p90=   80,608  p99=  118,091  (tokens) (records_manager.py:1345)
14:02:18.510 INFO       osl     p50=     263  p75=     594  p90=    1,188  p99=    2,867  (tokens) (records_manager.py:1345)
14:02:18.510 INFO       tot     in=35,320,412  out=405,638 (records_manager.py:1345)
14:02:18.510 INFO       trace  theoretical_prefix_cache_hit=94.0% (records_manager.py:1345)
14:02:18.510 INFO       srv    prefix_cache_hit=84.2% unique_in_srv=11,786,116 ext_cache_hit=6.7% kv_usage=80.0% queue=40r/0w tput_in_srv=132,093/s tput_out_srv=1,613/s (records_manager.py:1345)
14:02:36.233 INFO     Per-trace idle cap advanced replay root cf293017-0d24-4fe2-96b3-88bd431eafe0 by 143.958s (replay_dependencies.py:324)
14:02:51.778 INFO     [realtime 10:01 profiling] (records_manager.py:1345)
14:02:51.778 INFO       rps=1.4 (avg 1.5)  tput_in=63,327/s  tput_out=706/s  done=874 ok=874 err=0 (records_manager.py:1345)
14:02:51.778 INFO       ttft    p50=   492ms  p75= 2,855ms  p95= 44,172ms  p99=151,902ms (records_manager.py:1345)
14:02:51.778 INFO       itl     p50=    48ms  p75=    53ms  p95=     84ms  p99=    264ms (records_manager.py:1345)
14:02:51.778 INFO       e2e     p50=15,854ms  p75=48,110ms  p95=115,051ms  p99=210,456ms (records_manager.py:1345)
14:02:51.778 INFO       intvty  p50=      21  p75=      23  p95=       26  p99=       29  (1/tpot tok/s) (records_manager.py:1345)
14:02:51.778 INFO       isl     p50=  39,709  p75=  60,746  p90=   80,704  p99=  121,273  (tokens) (records_manager.py:1345)
14:02:51.778 INFO       osl     p50=     255  p75=     578  p90=    1,181  p99=    2,733  (tokens) (records_manager.py:1345)
14:02:51.778 INFO       tot     in=37,893,131  out=422,441 (records_manager.py:1345)
14:02:51.778 INFO       trace  theoretical_prefix_cache_hit=94.0% (records_manager.py:1345)
14:02:51.778 INFO       srv    prefix_cache_hit=84.8% unique_in_srv=12,114,158 ext_cache_hit=7.0% kv_usage=74.0% queue=36r/0w tput_in_srv=132,931/s tput_out_srv=1,611/s (records_manager.py:1345)
14:03:25.376 INFO     [realtime 10:35 profiling] (records_manager.py:1345)
14:03:25.377 INFO       rps=1.4 (avg 1.5)  tput_in=64,123/s  tput_out=707/s  done=921 ok=921 err=0 (records_manager.py:1345)
14:03:25.377 INFO       ttft    p50=   489ms  p75= 2,306ms  p95= 39,656ms  p99=151,432ms (records_manager.py:1345)
14:03:25.377 INFO       itl     p50=    47ms  p75=    53ms  p95=     81ms  p99=    257ms (records_manager.py:1345)
14:03:25.377 INFO       e2e     p50=15,265ms  p75=48,100ms  p95=115,650ms  p99=208,974ms (records_manager.py:1345)
14:03:25.377 INFO       intvty  p50=      21  p75=      23  p95=       26  p99=       29  (1/tpot tok/s) (records_manager.py:1345)
14:03:25.377 INFO       isl     p50=  39,852  p75=  61,263  p90=   81,390  p99=  121,826  (tokens) (records_manager.py:1345)
14:03:25.377 INFO       osl     p50=     249  p75=     577  p90=    1,168  p99=    2,895  (tokens) (records_manager.py:1345)
14:03:25.377 INFO       tot     in=40,466,690  out=446,305 (records_manager.py:1345)
14:03:25.377 INFO       trace  theoretical_prefix_cache_hit=94.0% (records_manager.py:1345)
14:03:25.377 INFO       srv    prefix_cache_hit=85.4% unique_in_srv=12,319,200 ext_cache_hit=6.9% kv_usage=71.9% queue=26r/0w tput_in_srv=133,659/s tput_out_srv=1,598/s (records_manager.py:1345)
14:03:58.802 INFO     [realtime 11:08 profiling] (records_manager.py:1345)
14:03:58.802 INFO       rps=0.9 (avg 1.4)  tput_in=63,841/s  tput_out=683/s  done=951 ok=951 err=0 (records_manager.py:1345)
14:03:58.802 INFO       ttft    p50=   489ms  p75= 2,169ms  p95= 41,587ms  p99=155,363ms (records_manager.py:1345)
14:03:58.802 INFO       itl     p50=    48ms  p75=    53ms  p95=     78ms  p99=    256ms (records_manager.py:1345)
14:03:58.802 INFO       e2e     p50=15,246ms  p75=47,693ms  p95=116,182ms  p99=220,298ms (records_manager.py:1345)
14:03:58.802 INFO       intvty  p50=      21  p75=      23  p95=       26  p99=       29  (1/tpot tok/s) (records_manager.py:1345)
14:03:58.802 INFO       isl     p50=  40,127  p75=  61,890  p90=   83,017  p99=  128,698  (tokens) (records_manager.py:1345)
14:03:58.802 INFO       osl     p50=     249  p75=     562  p90=    1,160  p99=    2,818  (tokens) (records_manager.py:1345)
14:03:58.802 INFO       tot     in=42,453,376  out=454,365 (records_manager.py:1345)
14:03:58.802 INFO       trace  theoretical_prefix_cache_hit=94.0% (records_manager.py:1345)
14:03:58.802 INFO       srv    prefix_cache_hit=85.7% unique_in_srv=12,690,574 ext_cache_hit=6.7% kv_usage=81.9% queue=37r/0w tput_in_srv=133,812/s tput_out_srv=1,594/s (records_manager.py:1345)
14:04:03.662 WARNING  Event loop for worker_a9c53cc2 is taking too long to run. Overhead: 35.50ms (event_loop_monitor.py:89)
14:04:23.945 INFO     Per-trace idle cap advanced replay root 37227ece-20d6-45fa-963f-5db19ed7f45e by 15824.015s (replay_dependencies.py:324)
14:04:32.558 INFO     [realtime 11:42 profiling] (records_manager.py:1345)
14:04:32.558 INFO       rps=1.1 (avg 1.4)  tput_in=63,689/s  tput_out=699/s  done=988 ok=988 err=0 (records_manager.py:1345)
14:04:32.558 INFO       ttft    p50=   490ms  p75= 2,081ms  p95= 46,311ms  p99=153,461ms (records_manager.py:1345)
14:04:32.558 INFO       itl     p50=    47ms  p75=    52ms  p95=     77ms  p99=    255ms (records_manager.py:1345)
14:04:32.558 INFO       e2e     p50=15,210ms  p75=47,899ms  p95=116,996ms  p99=229,999ms (records_manager.py:1345)
14:04:32.558 INFO       intvty  p50=      21  p75=      23  p95=       26  p99=       29  (1/tpot tok/s) (records_manager.py:1345)
14:04:32.558 INFO       isl     p50=  40,356  p75=  62,640  p90=   83,319  p99=  135,319  (tokens) (records_manager.py:1345)
14:04:32.558 INFO       osl     p50=     248  p75=     574  p90=    1,187  p99=    3,302  (tokens) (records_manager.py:1345)
14:04:32.558 INFO       tot     in=44,485,851  out=488,249 (records_manager.py:1345)
14:04:32.558 INFO       trace  theoretical_prefix_cache_hit=94.0% (records_manager.py:1345)
14:04:32.558 INFO       srv    prefix_cache_hit=86.1% unique_in_srv=12,882,430 ext_cache_hit=6.6% kv_usage=74.4% queue=31r/0w tput_in_srv=132,373/s tput_out_srv=1,588/s (records_manager.py:1345)
14:04:34.906 INFO     Per-trace idle cap advanced replay root 5a1130cf-3e8f-417c-a85e-b777c2d8cb06 by 340.422s (replay_dependencies.py:324)
14:05:06.403 INFO     [realtime 12:16 profiling] (records_manager.py:1345)
14:05:06.403 INFO       rps=0.6 (avg 1.4)  tput_in=62,577/s  tput_out=682/s  done=1,007 ok=1,007 err=0 (records_manager.py:1345)
14:05:06.403 INFO       ttft    p50=   499ms  p75= 2,128ms  p95= 48,629ms  p99=185,658ms (records_manager.py:1345)
14:05:06.403 INFO       itl     p50=    47ms  p75=    52ms  p95=     77ms  p99=    254ms (records_manager.py:1345)
14:05:06.403 INFO       e2e     p50=15,256ms  p75=48,103ms  p95=118,716ms  p99=268,365ms (records_manager.py:1345)
14:05:06.403 INFO       intvty  p50=      21  p75=      23  p95=       26  p99=       29  (1/tpot tok/s) (records_manager.py:1345)
14:05:06.403 INFO       isl     p50=  40,421  p75=  62,882  p90=   83,764  p99=  138,510  (tokens) (records_manager.py:1345)
14:05:06.403 INFO       osl     p50=     251  p75=     573  p90=    1,185  p99=    3,280  (tokens) (records_manager.py:1345)
14:05:06.403 INFO       tot     in=45,713,211  out=498,183 (records_manager.py:1345)
14:05:06.403 INFO       trace  theoretical_prefix_cache_hit=94.0% (records_manager.py:1345)
14:05:06.404 INFO       srv    prefix_cache_hit=85.9% unique_in_srv=13,489,738 ext_cache_hit=7.8% kv_usage=83.1% queue=38r/0w tput_in_srv=130,426/s tput_out_srv=1,578/s (records_manager.py:1345)
14:05:40.436 INFO     [realtime 12:50 profiling] (records_manager.py:1345)
14:05:40.436 INFO       rps=0.7 (avg 1.3)  tput_in=61,777/s  tput_out=672/s  done=1,032 ok=1,032 err=0 (records_manager.py:1345)
14:05:40.436 INFO       ttft    p50=   504ms  p75= 2,154ms  p95= 49,621ms  p99=212,385ms (records_manager.py:1345)
14:05:40.436 INFO       itl     p50=    47ms  p75=    52ms  p95=     77ms  p99=    248ms (records_manager.py:1345)
14:05:40.436 INFO       e2e     p50=15,464ms  p75=48,387ms  p95=120,845ms  p99=273,197ms (records_manager.py:1345)
14:05:40.436 INFO       intvty  p50=      21  p75=      23  p95=       26  p99=       29  (1/tpot tok/s) (records_manager.py:1345)
14:05:40.436 INFO       isl     p50=  40,628  p75=  63,197  p90=   83,992  p99=  142,171  (tokens) (records_manager.py:1345)
14:05:40.436 INFO       osl     p50=     260  p75=     576  p90=    1,186  p99=    3,196  (tokens) (records_manager.py:1345)
14:05:40.436 INFO       tot     in=47,260,573  out=514,276 (records_manager.py:1345)
14:05:40.436 INFO       trace  theoretical_prefix_cache_hit=94.0% (records_manager.py:1345)
14:05:40.436 INFO       srv    prefix_cache_hit=86.2% unique_in_srv=13,614,046 ext_cache_hit=7.7% kv_usage=79.2% queue=30r/0w tput_in_srv=128,595/s tput_out_srv=1,573/s (records_manager.py:1345)
14:05:48.905 WARNING  Event loop for worker_73cb3a22 is taking too long to run. Overhead: 29.13ms (event_loop_monitor.py:89)
14:06:14.550 INFO     [realtime 13:24 profiling] (records_manager.py:1345)
14:06:14.550 INFO       rps=1.1 (avg 1.3)  tput_in=61,758/s  tput_out=677/s  done=1,069 ok=1,069 err=0 (records_manager.py:1345)
14:06:14.550 INFO       ttft    p50=   506ms  p75= 2,163ms  p95= 49,321ms  p99=204,361ms (records_manager.py:1345)
14:06:14.550 INFO       itl     p50=    47ms  p75=    52ms  p95=     75ms  p99=    239ms (records_manager.py:1345)
14:06:14.550 INFO       e2e     p50=15,799ms  p75=48,372ms  p95=120,931ms  p99=272,914ms (records_manager.py:1345)
14:06:14.550 INFO       intvty  p50=      21  p75=      23  p95=       26  p99=       29  (1/tpot tok/s) (records_manager.py:1345)
14:06:14.550 INFO       isl     p50=  40,681  p75=  63,668  p90=   84,683  p99=  144,002  (tokens) (records_manager.py:1345)
14:06:14.550 INFO       osl     p50=     266  p75=     578  p90=    1,194  p99=    3,322  (tokens) (records_manager.py:1345)
14:06:14.550 INFO       tot     in=49,434,373  out=541,560 (records_manager.py:1345)
14:06:14.550 INFO       trace  theoretical_prefix_cache_hit=94.0% (records_manager.py:1345)
14:06:14.550 INFO       srv    prefix_cache_hit=86.5% unique_in_srv=13,832,918 ext_cache_hit=7.8% kv_usage=77.1% queue=30r/0w tput_in_srv=128,217/s tput_out_srv=1,569/s (records_manager.py:1345)
14:06:48.966 INFO     [realtime 13:59 profiling] (records_manager.py:1345)
14:06:48.967 INFO       rps=0.6 (avg 1.3)  tput_in=60,970/s  tput_out=677/s  done=1,089 ok=1,089 err=0 (records_manager.py:1345)
14:06:48.967 INFO       ttft    p50=   514ms  p75= 2,104ms  p95= 49,266ms  p99=200,024ms (records_manager.py:1345)
14:06:48.967 INFO       itl     p50=    47ms  p75=    52ms  p95=     75ms  p99=    234ms (records_manager.py:1345)
14:06:48.967 INFO       e2e     p50=15,862ms  p75=48,372ms  p95=121,407ms  p99=275,623ms (records_manager.py:1345)
14:06:48.967 INFO       intvty  p50=      21  p75=      23  p95=       26  p99=       29  (1/tpot tok/s) (records_manager.py:1345)
14:06:48.967 INFO       isl     p50=  40,821  p75=  64,442  p90=   85,281  p99=  144,322  (tokens) (records_manager.py:1345)
14:06:48.967 INFO       osl     p50=     268  p75=     584  p90=    1,197  p99=    3,631  (tokens) (records_manager.py:1345)
14:06:48.967 INFO       tot     in=50,777,191  out=563,813 (records_manager.py:1345)
14:06:48.967 INFO       trace  theoretical_prefix_cache_hit=94.0% (records_manager.py:1345)
14:06:48.967 INFO       srv    prefix_cache_hit=86.5% unique_in_srv=14,191,244 ext_cache_hit=8.6% kv_usage=76.3% queue=35r/0w tput_in_srv=126,184/s tput_out_srv=1,559/s (records_manager.py:1345)
14:07:23.720 INFO     [realtime 14:33 profiling] (records_manager.py:1345)
14:07:23.720 INFO       rps=1.1 (avg 1.3)  tput_in=60,429/s  tput_out=677/s  done=1,128 ok=1,128 err=0 (records_manager.py:1345)
14:07:23.720 INFO       ttft    p50=   516ms  p75= 2,166ms  p95= 50,386ms  p99=229,306ms (records_manager.py:1345)
14:07:23.720 INFO       itl     p50=    47ms  p75=    52ms  p95=     73ms  p99=    222ms (records_manager.py:1345)
14:07:23.720 INFO       e2e     p50=15,854ms  p75=49,074ms  p95=123,293ms  p99=293,539ms (records_manager.py:1345)
14:07:23.720 INFO       intvty  p50=      21  p75=      23  p95=       26  p99=       29  (1/tpot tok/s) (records_manager.py:1345)
14:07:23.721 INFO       isl     p50=  40,870  p75=  63,600  p90=   85,227  p99=  145,214  (tokens) (records_manager.py:1345)
14:07:23.721 INFO       osl     p50=     268  p75=     589  p90=    1,210  p99=    3,664  (tokens) (records_manager.py:1345)
14:07:23.721 INFO       tot     in=52,496,584  out=587,782 (records_manager.py:1345)
14:07:23.721 INFO       trace  theoretical_prefix_cache_hit=94.0% (records_manager.py:1345)
14:07:23.721 INFO       srv    prefix_cache_hit=86.6% unique_in_srv=14,574,700 ext_cache_hit=9.5% kv_usage=76.2% queue=30r/0w tput_in_srv=125,017/s tput_out_srv=1,559/s (records_manager.py:1345)
14:07:58.734 INFO     [realtime 15:08 profiling] (records_manager.py:1345)
14:07:58.735 INFO       rps=1.0 (avg 1.3)  tput_in=59,629/s  tput_out=671/s  done=1,162 ok=1,162 err=0 (records_manager.py:1345)
14:07:58.735 INFO       ttft    p50=   519ms  p75= 2,306ms  p95= 52,359ms  p99=238,388ms (records_manager.py:1345)
14:07:58.735 INFO       itl     p50=    47ms  p75=    51ms  p95=     73ms  p99=    210ms (records_manager.py:1345)
14:07:58.735 INFO       e2e     p50=15,926ms  p75=48,782ms  p95=123,907ms  p99=294,390ms (records_manager.py:1345)
14:07:58.735 INFO       intvty  p50=      21  p75=      23  p95=       26  p99=       29  (1/tpot tok/s) (records_manager.py:1345)
14:07:58.735 INFO       isl     p50=  41,057  p75=  63,212  p90=   85,191  p99=  145,091  (tokens) (records_manager.py:1345)
14:07:58.735 INFO       osl     p50=     268  p75=     599  p90=    1,209  p99=    3,646  (tokens) (records_manager.py:1345)
14:07:58.735 INFO       tot     in=53,871,809  out=605,843 (records_manager.py:1345)
14:07:58.735 INFO       trace  theoretical_prefix_cache_hit=94.0% (records_manager.py:1345)
14:07:58.735 INFO       srv    prefix_cache_hit=86.4% unique_in_srv=15,127,004 ext_cache_hit=10.0% kv_usage=72.5% queue=41r/0w tput_in_srv=123,120/s tput_out_srv=1,567/s (records_manager.py:1345)
14:08:34.015 INFO     [realtime 15:44 profiling] (records_manager.py:1345)
14:08:34.015 INFO       rps=1.1 (avg 1.3)  tput_in=58,880/s  tput_out=671/s  done=1,201 ok=1,201 err=0 (records_manager.py:1345)
14:08:34.015 INFO       ttft    p50=   521ms  p75= 2,402ms  p95= 52,451ms  p99=246,693ms (records_manager.py:1345)
14:08:34.015 INFO       itl     p50=    47ms  p75=    51ms  p95=     73ms  p99=    196ms (records_manager.py:1345)
14:08:34.015 INFO       e2e     p50=16,042ms  p75=49,084ms  p95=123,922ms  p99=294,641ms (records_manager.py:1345)
14:08:34.015 INFO       intvty  p50=      21  p75=      23  p95=       26  p99=       29  (1/tpot tok/s) (records_manager.py:1345)
14:08:34.015 INFO       isl     p50=  41,054  p75=  62,633  p90=   84,988  p99=  144,950  (tokens) (records_manager.py:1345)
14:08:34.015 INFO       osl     p50=     271  p75=     618  p90=    1,211  p99=    3,625  (tokens) (records_manager.py:1345)
14:08:34.015 INFO       tot     in=55,272,575  out=630,053 (records_manager.py:1345)
14:08:34.015 INFO       trace  theoretical_prefix_cache_hit=94.0% (records_manager.py:1345)
14:08:34.015 INFO       srv    prefix_cache_hit=86.3% unique_in_srv=15,728,352 ext_cache_hit=11.2% kv_usage=88.1% queue=40r/0w tput_in_srv=122,005/s tput_out_srv=1,567/s (records_manager.py:1345)
14:09:09.600 INFO     [realtime 16:19 profiling] (records_manager.py:1345)
14:09:09.600 INFO       rps=1.1 (avg 1.3)  tput_in=58,734/s  tput_out=667/s  done=1,240 ok=1,240 err=0 (records_manager.py:1345)
14:09:09.600 INFO       ttft    p50=   521ms  p75= 2,395ms  p95= 52,525ms  p99=269,351ms (records_manager.py:1345)
14:09:09.600 INFO       itl     p50=    47ms  p75=    51ms  p95=     73ms  p99=    196ms (records_manager.py:1345)
14:09:09.600 INFO       e2e     p50=16,226ms  p75=48,839ms  p95=123,960ms  p99=312,109ms (records_manager.py:1345)
14:09:09.600 INFO       intvty  p50=      21  p75=      23  p95=       26  p99=       29  (1/tpot tok/s) (records_manager.py:1345)
14:09:09.600 INFO       isl     p50=  41,366  p75=  61,992  p90=   85,270  p99=  144,672  (tokens) (records_manager.py:1345)
14:09:09.600 INFO       osl     p50=     272  p75=     620  p90=    1,212  p99=    3,621  (tokens) (records_manager.py:1345)
14:09:09.600 INFO       tot     in=57,191,376  out=649,722 (records_manager.py:1345)
14:09:09.600 INFO       trace  theoretical_prefix_cache_hit=94.0% (records_manager.py:1345)
14:09:09.601 INFO       srv    prefix_cache_hit=86.4% unique_in_srv=16,032,718 ext_cache_hit=11.2% kv_usage=82.2% queue=39r/0w tput_in_srv=121,417/s tput_out_srv=1,564/s (records_manager.py:1345)
14:09:45.159 INFO     [realtime 16:55 profiling] (records_manager.py:1345)
14:09:45.159 INFO       rps=0.8 (avg 1.3)  tput_in=58,027/s  tput_out=663/s  done=1,269 ok=1,269 err=0 (records_manager.py:1345)
14:09:45.159 INFO       ttft    p50=   521ms  p75= 2,536ms  p95= 51,820ms  p99=260,908ms (records_manager.py:1345)
14:09:45.159 INFO       itl     p50=    47ms  p75=    51ms  p95=     73ms  p99=    196ms (records_manager.py:1345)
14:09:45.159 INFO       e2e     p50=16,672ms  p75=48,873ms  p95=124,376ms  p99=309,028ms (records_manager.py:1345)
14:09:45.159 INFO       intvty  p50=      21  p75=      23  p95=       26  p99=       29  (1/tpot tok/s) (records_manager.py:1345)
14:09:45.159 INFO       isl     p50=  41,533  p75=  61,678  p90=   85,222  p99=  145,066  (tokens) (records_manager.py:1345)
14:09:45.159 INFO       osl     p50=     274  p75=     619  p90=    1,212  p99=    3,642  (tokens) (records_manager.py:1345)
14:09:45.159 INFO       tot     in=58,571,568  out=668,994 (records_manager.py:1345)
14:09:45.159 INFO       trace  theoretical_prefix_cache_hit=94.0% (records_manager.py:1345)
14:09:45.159 INFO       srv    prefix_cache_hit=86.5% unique_in_srv=16,383,134 ext_cache_hit=12.0% kv_usage=78.7% queue=41r/0w tput_in_srv=119,911/s tput_out_srv=1,563/s (records_manager.py:1345)
14:10:20.986 INFO     [realtime 17:31 profiling] (records_manager.py:1345)
14:10:20.986 INFO       rps=0.8 (avg 1.2)  tput_in=57,049/s  tput_out=664/s  done=1,297 ok=1,297 err=0 (records_manager.py:1345)
14:10:20.986 INFO       ttft    p50=   524ms  p75= 2,887ms  p95= 53,924ms  p99=280,906ms (records_manager.py:1345)
14:10:20.986 INFO       itl     p50=    47ms  p75=    51ms  p95=     73ms  p99=    196ms (records_manager.py:1345)
14:10:20.986 INFO       e2e     p50=16,745ms  p75=49,969ms  p95=126,698ms  p99=344,403ms (records_manager.py:1345)
14:10:20.986 INFO       intvty  p50=      21  p75=      23  p95=       26  p99=       29  (1/tpot tok/s) (records_manager.py:1345)
14:10:20.986 INFO       isl     p50=  41,462  p75=  61,768  p90=   85,078  p99=  144,964  (tokens) (records_manager.py:1345)
14:10:20.986 INFO       osl     p50=     277  p75=     640  p90=    1,218  p99=    3,689  (tokens) (records_manager.py:1345)
14:10:20.986 INFO       tot     in=59,580,810  out=693,834 (records_manager.py:1345)
14:10:20.986 INFO       trace  theoretical_prefix_cache_hit=94.0% (records_manager.py:1345)
14:10:20.986 INFO       srv    prefix_cache_hit=86.5% unique_in_srv=16,617,434 ext_cache_hit=12.3% kv_usage=84.6% queue=35r/0w tput_in_srv=118,061/s tput_out_srv=1,567/s (records_manager.py:1345)
14:10:57.017 INFO     [realtime 18:07 profiling] (records_manager.py:1345)
14:10:57.017 INFO       rps=1.1 (avg 1.2)  tput_in=56,746/s  tput_out=688/s  done=1,336 ok=1,336 err=0 (records_manager.py:1345)
14:10:57.017 INFO       ttft    p50=   517ms  p75= 2,561ms  p95= 53,924ms  p99=270,516ms (records_manager.py:1345)
14:10:57.018 INFO       itl     p50=    47ms  p75=    51ms  p95=     71ms  p99=    194ms (records_manager.py:1345)
14:10:57.018 INFO       e2e     p50=17,035ms  p75=50,601ms  p95=128,231ms  p99=353,272ms (records_manager.py:1345)
14:10:57.018 INFO       intvty  p50=      21  p75=      23  p95=       26  p99=       29  (1/tpot tok/s) (records_manager.py:1345)
14:10:57.018 INFO       isl     p50=  41,340  p75=  61,824  p90=   84,950  p99=  144,700  (tokens) (records_manager.py:1345)
14:10:57.018 INFO       osl     p50=     281  p75=     654  p90=    1,247  p99=    4,059  (tokens) (records_manager.py:1345)
14:10:57.018 INFO       tot     in=61,251,080  out=742,833 (records_manager.py:1345)
14:10:57.018 INFO       trace  theoretical_prefix_cache_hit=94.0% (records_manager.py:1345)
14:10:57.018 INFO       srv    prefix_cache_hit=86.5% unique_in_srv=17,033,050 ext_cache_hit=12.5% kv_usage=66.4% queue=30r/2w tput_in_srv=116,248/s tput_out_srv=1,560/s (records_manager.py:1345)
14:11:26.944 WARNING  Event loop for worker_2eeb3eda is taking too long to run. Overhead: 28.47ms (event_loop_monitor.py:89)
14:11:33.127 INFO     [realtime 18:43 profiling] (records_manager.py:1345)
14:11:33.127 INFO       rps=0.8 (avg 1.2)  tput_in=56,057/s  tput_out=674/s  done=1,364 ok=1,364 err=0 (records_manager.py:1345)
14:11:33.127 INFO       ttft    p50=   519ms  p75= 2,912ms  p95= 57,152ms  p99=326,884ms (records_manager.py:1345)
14:11:33.127 INFO       itl     p50=    47ms  p75=    51ms  p95=     71ms  p99=    192ms (records_manager.py:1345)
14:11:33.127 INFO       e2e     p50=17,035ms  p75=50,690ms  p95=133,079ms  p99=380,024ms (records_manager.py:1345)
14:11:33.127 INFO       intvty  p50=      21  p75=      23  p95=       26  p99=       29  (1/tpot tok/s) (records_manager.py:1345)
14:11:33.127 INFO       isl     p50=  41,417  p75=  61,700  p90=   84,646  p99=  144,500  (tokens) (records_manager.py:1345)
14:11:33.127 INFO       osl     p50=     277  p75=     645  p90=    1,243  p99=    4,009  (tokens) (records_manager.py:1345)
14:11:33.127 INFO       tot     in=62,486,794  out=751,107 (records_manager.py:1345)
14:11:33.127 INFO       trace  theoretical_prefix_cache_hit=94.0% (records_manager.py:1345)
14:11:33.127 INFO       srv    prefix_cache_hit=86.3% unique_in_srv=17,659,254 ext_cache_hit=14.4% kv_usage=78.3% queue=36r/0w tput_in_srv=115,197/s tput_out_srv=1,561/s (records_manager.py:1345)
14:12:09.492 INFO     [realtime 19:19 profiling] (records_manager.py:1345)
14:12:09.492 INFO       rps=1.0 (avg 1.2)  tput_in=55,353/s  tput_out=690/s  done=1,401 ok=1,401 err=0 (records_manager.py:1345)
14:12:09.492 INFO       ttft    p50=   521ms  p75= 3,043ms  p95= 57,528ms  p99=329,833ms (records_manager.py:1345)
14:12:09.492 INFO       itl     p50=    47ms  p75=    51ms  p95=     71ms  p99=    189ms (records_manager.py:1345)
14:12:09.492 INFO       e2e     p50=17,149ms  p75=51,766ms  p95=139,392ms  p99=388,616ms (records_manager.py:1345)
14:12:09.492 INFO       intvty  p50=      21  p75=      23  p95=       26  p99=       29  (1/tpot tok/s) (records_manager.py:1345)
14:12:09.492 INFO       isl     p50=  41,203  p75=  61,344  p90=   84,604  p99=  144,950  (tokens) (records_manager.py:1345)
14:12:09.492 INFO       osl     p50=     283  p75=     656  p90=    1,256  p99=    4,218  (tokens) (records_manager.py:1345)
14:12:09.492 INFO       tot     in=63,807,275  out=794,825 (records_manager.py:1345)
14:12:09.492 INFO       trace  theoretical_prefix_cache_hit=94.0% (records_manager.py:1345)
14:12:09.492 INFO       srv    prefix_cache_hit=86.1% unique_in_srv=18,239,706 ext_cache_hit=15.5% kv_usage=79.2% queue=41r/0w tput_in_srv=113,920/s tput_out_srv=1,566/s (records_manager.py:1345)
14:12:46.328 INFO     [realtime 19:56 profiling] (records_manager.py:1345)
14:12:46.328 INFO       rps=1.1 (avg 1.2)  tput_in=55,169/s  tput_out=694/s  done=1,441 ok=1,441 err=0 (records_manager.py:1345)
14:12:46.328 INFO       ttft    p50=   524ms  p75= 3,207ms  p95= 59,674ms  p99=345,779ms (records_manager.py:1345)
14:12:46.328 INFO       itl     p50=    47ms  p75=    50ms  p95=     69ms  p99=    189ms (records_manager.py:1345)
14:12:46.328 INFO       e2e     p50=17,373ms  p75=51,903ms  p95=153,039ms  p99=389,660ms (records_manager.py:1345)
14:12:46.329 INFO       intvty  p50=      21  p75=      23  p95=       26  p99=       29  (1/tpot tok/s) (records_manager.py:1345)
14:12:46.329 INFO       isl     p50=  41,203  p75=  61,239  p90=   84,619  p99=  145,167  (tokens) (records_manager.py:1345)
14:12:46.329 INFO       osl     p50=     284  p75=     668  p90=    1,256  p99=    4,287  (tokens) (records_manager.py:1345)
14:12:46.329 INFO       tot     in=65,515,427  out=824,075 (records_manager.py:1345)
14:12:46.329 INFO       trace  theoretical_prefix_cache_hit=94.0% (records_manager.py:1345)
14:12:46.329 INFO       srv    prefix_cache_hit=85.9% unique_in_srv=18,932,944 ext_cache_hit=16.6% kv_usage=76.0% queue=45r/0w tput_in_srv=113,278/s tput_out_srv=1,572/s (records_manager.py:1345)
14:13:23.413 INFO     [realtime 20:33 profiling] (records_manager.py:1345)
14:13:23.413 INFO       rps=1.1 (avg 1.2)  tput_in=54,782/s  tput_out=702/s  done=1,481 ok=1,481 err=0 (records_manager.py:1345)
14:13:23.413 INFO       ttft    p50=   524ms  p75= 3,281ms  p95= 64,812ms  p99=350,556ms (records_manager.py:1345)
14:13:23.413 INFO       itl     p50=    47ms  p75=    50ms  p95=     68ms  p99=    189ms (records_manager.py:1345)
14:13:23.413 INFO       e2e     p50=17,764ms  p75=52,364ms  p95=156,053ms  p99=407,158ms (records_manager.py:1345)
14:13:23.413 INFO       intvty  p50=      21  p75=      23  p95=       26  p99=       29  (1/tpot tok/s) (records_manager.py:1345)
14:13:23.413 INFO       isl     p50=  41,048  p75=  60,999  p90=   84,786  p99=  145,022  (tokens) (records_manager.py:1345)
14:13:23.413 INFO       osl     p50=     293  p75=     674  p90=    1,267  p99=    4,423  (tokens) (records_manager.py:1345)
14:13:23.413 INFO       tot     in=67,046,508  out=859,560 (records_manager.py:1345)
14:13:23.413 INFO       trace  theoretical_prefix_cache_hit=93.9% (records_manager.py:1345)
14:13:23.413 INFO       srv    prefix_cache_hit=85.8% unique_in_srv=19,594,834 ext_cache_hit=17.4% kv_usage=77.9% queue=41r/0w tput_in_srv=112,205/s tput_out_srv=1,582/s (records_manager.py:1345)
14:14:00.509 INFO     [realtime 21:10 profiling] (records_manager.py:1345)
14:14:00.509 INFO       rps=1.2 (avg 1.2)  tput_in=54,644/s  tput_out=704/s  done=1,525 ok=1,525 err=0 (records_manager.py:1345)
14:14:00.509 INFO       ttft    p50=   526ms  p75= 3,281ms  p95= 71,281ms  p99=400,584ms (records_manager.py:1345)
14:14:00.509 INFO       itl     p50=    46ms  p75=    50ms  p95=     67ms  p99=    186ms (records_manager.py:1345)
14:14:00.509 INFO       e2e     p50=18,147ms  p75=52,364ms  p95=169,826ms  p99=487,200ms (records_manager.py:1345)
14:14:00.509 INFO       intvty  p50=      22  p75=      23  p95=       26  p99=       29  (1/tpot tok/s) (records_manager.py:1345)
14:14:00.509 INFO       isl     p50=  41,054  p75=  60,758  p90=   84,957  p99=  144,779  (tokens) (records_manager.py:1345)
14:14:00.509 INFO       osl     p50=     298  p75=     671  p90=    1,267  p99=    4,388  (tokens) (records_manager.py:1345)
14:14:00.509 INFO       tot     in=68,982,736  out=888,355 (records_manager.py:1345)
14:14:00.509 INFO       trace  theoretical_prefix_cache_hit=93.9% (records_manager.py:1345)
14:14:00.509 INFO       srv    prefix_cache_hit=85.7% unique_in_srv=20,233,064 ext_cache_hit=18.9% kv_usage=70.2% queue=36r/0w tput_in_srv=111,612/s tput_out_srv=1,592/s (records_manager.py:1345)
14:14:38.083 INFO     [realtime 21:48 profiling] (records_manager.py:1345)
14:14:38.083 INFO       rps=0.9 (avg 1.2)  tput_in=53,951/s  tput_out=702/s  done=1,558 ok=1,558 err=0 (records_manager.py:1345)
14:14:38.083 INFO       ttft    p50=   524ms  p75= 3,278ms  p95= 65,609ms  p99=394,575ms (records_manager.py:1345)
14:14:38.083 INFO       itl     p50=    46ms  p75=    50ms  p95=     67ms  p99=    184ms (records_manager.py:1345)
14:14:38.083 INFO       e2e     p50=18,278ms  p75=52,296ms  p95=166,898ms  p99=460,975ms (records_manager.py:1345)
14:14:38.083 INFO       intvty  p50=      22  p75=      23  p95=       26  p99=       29  (1/tpot tok/s) (records_manager.py:1345)
14:14:38.083 INFO       isl     p50=  40,844  p75=  60,519  p90=   84,824  p99=  144,543  (tokens) (records_manager.py:1345)
14:14:38.083 INFO       osl     p50=     299  p75=     678  p90=    1,299  p99=    4,364  (tokens) (records_manager.py:1345)
14:14:38.083 INFO       tot     in=70,060,109  out=911,993 (records_manager.py:1345)
14:14:38.083 INFO       trace  theoretical_prefix_cache_hit=93.9% (records_manager.py:1345)
14:14:38.083 INFO       srv    prefix_cache_hit=85.6% unique_in_srv=20,780,068 ext_cache_hit=19.4% kv_usage=83.1% queue=44r/0w tput_in_srv=111,010/s tput_out_srv=1,594/s (records_manager.py:1345)
14:15:15.935 INFO     [realtime 22:25 profiling] (records_manager.py:1345)
14:15:15.935 INFO       rps=1.1 (avg 1.2)  tput_in=53,703/s  tput_out=707/s  done=1,598 ok=1,598 err=0 (records_manager.py:1345)
14:15:15.935 INFO       ttft    p50=   528ms  p75= 3,685ms  p95= 88,010ms  p99=516,953ms (records_manager.py:1345)
14:15:15.935 INFO       itl     p50=    46ms  p75=    50ms  p95=     67ms  p99=    180ms (records_manager.py:1345)
14:15:15.935 INFO       e2e     p50=18,513ms  p75=52,731ms  p95=171,427ms  p99=596,604ms (records_manager.py:1345)
14:15:15.935 INFO       intvty  p50=      22  p75=      23  p95=       26  p99=       29  (1/tpot tok/s) (records_manager.py:1345)
14:15:15.935 INFO       isl     p50=  40,717  p75=  60,326  p90=   85,055  p99=  144,257  (tokens) (records_manager.py:1345)
14:15:15.935 INFO       osl     p50=     304  p75=     685  p90=    1,305  p99=    4,417  (tokens) (records_manager.py:1345)
14:15:15.935 INFO       tot     in=71,816,626  out=945,660 (records_manager.py:1345)
14:15:15.935 INFO       trace  theoretical_prefix_cache_hit=93.9% (records_manager.py:1345)
14:15:15.935 INFO       srv    prefix_cache_hit=85.7% unique_in_srv=21,032,834 ext_cache_hit=19.3% kv_usage=68.6% queue=42r/0w tput_in_srv=109,634/s tput_out_srv=1,600/s (records_manager.py:1345)
14:15:54.266 INFO     [realtime 23:04 profiling] (records_manager.py:1345)
14:15:54.266 INFO       rps=0.9 (avg 1.2)  tput_in=53,230/s  tput_out=707/s  done=1,632 ok=1,632 err=0 (records_manager.py:1345)
14:15:54.266 INFO       ttft    p50=   531ms  p75= 3,679ms  p95= 85,719ms  p99=511,259ms (records_manager.py:1345)
14:15:54.266 INFO       itl     p50=    46ms  p75=    50ms  p95=     66ms  p99=    180ms (records_manager.py:1345)
14:15:54.266 INFO       e2e     p50=18,756ms  p75=52,631ms  p95=171,509ms  p99=584,770ms (records_manager.py:1345)
14:15:54.266 INFO       intvty  p50=      22  p75=      23  p95=       26  p99=       29  (1/tpot tok/s) (records_manager.py:1345)
14:15:54.266 INFO       isl     p50=  40,695  p75=  60,036  p90=   84,899  p99=  144,129  (tokens) (records_manager.py:1345)
14:15:54.266 INFO       osl     p50=     307  p75=     688  p90=    1,305  p99=    4,596  (tokens) (records_manager.py:1345)
14:15:54.266 INFO       tot     in=73,217,071  out=973,077 (records_manager.py:1345)
14:15:54.266 INFO       trace  theoretical_prefix_cache_hit=93.9% (records_manager.py:1345)
14:15:54.267 INFO       srv    prefix_cache_hit=85.5% unique_in_srv=21,742,054 ext_cache_hit=20.1% kv_usage=72.7% queue=46r/0w tput_in_srv=108,687/s tput_out_srv=1,609/s (records_manager.py:1345)
14:16:32.747 INFO     [realtime 23:42 profiling] (records_manager.py:1345)
14:16:32.748 INFO       rps=1.1 (avg 1.2)  tput_in=52,825/s  tput_out=720/s  done=1,675 ok=1,675 err=0 (records_manager.py:1345)
14:16:32.748 INFO       ttft    p50=   545ms  p75= 3,887ms  p95= 90,695ms  p99=547,322ms (records_manager.py:1345)
14:16:32.748 INFO       itl     p50=    46ms  p75=    50ms  p95=     66ms  p99=    179ms (records_manager.py:1345)
14:16:32.748 INFO       e2e     p50=19,167ms  p75=53,638ms  p95=179,334ms  p99=600,145ms (records_manager.py:1345)
14:16:32.748 INFO       intvty  p50=      22  p75=      23  p95=       26  p99=       29  (1/tpot tok/s) (records_manager.py:1345)
14:16:32.748 INFO       isl     p50=  40,626  p75=  59,616  p90=   84,613  p99=  144,422  (tokens) (records_manager.py:1345)
14:16:32.748 INFO       osl     p50=     312  p75=     706  p90=    1,334  p99=    4,788  (tokens) (records_manager.py:1345)
14:16:32.748 INFO       tot     in=74,704,938  out=1,018,199 (records_manager.py:1345)
14:16:32.748 INFO       trace  theoretical_prefix_cache_hit=93.9% (records_manager.py:1345)
14:16:32.748 INFO       srv    prefix_cache_hit=85.3% unique_in_srv=22,424,922 ext_cache_hit=20.8% kv_usage=66.8% queue=42r/0w tput_in_srv=108,045/s tput_out_srv=1,617/s (records_manager.py:1345)
14:16:33.683 WARNING  Event loop for worker_2eeb3eda is taking too long to run. Overhead: 51.44ms (event_loop_monitor.py:89)
14:17:11.777 INFO     [realtime 24:21 profiling] (records_manager.py:1345)
14:17:11.777 INFO       rps=1.4 (avg 1.2)  tput_in=52,961/s  tput_out=740/s  done=1,731 ok=1,731 err=0 (records_manager.py:1345)
14:17:11.778 INFO       ttft    p50=   529ms  p75= 3,664ms  p95= 89,943ms  p99=570,156ms (records_manager.py:1345)
14:17:11.778 INFO       itl     p50=    46ms  p75=    50ms  p95=     65ms  p99=    177ms (records_manager.py:1345)
14:17:11.778 INFO       e2e     p50=19,199ms  p75=53,638ms  p95=182,029ms  p99=615,098ms (records_manager.py:1345)
14:17:11.778 INFO       intvty  p50=      22  p75=      23  p95=       26  p99=       29  (1/tpot tok/s) (records_manager.py:1345)
14:17:11.778 INFO       isl     p50=  40,444  p75=  59,176  p90=   84,258  p99=  144,736  (tokens) (records_manager.py:1345)
14:17:11.778 INFO       osl     p50=     319  p75=     711  p90=    1,350  p99=    4,793  (tokens) (records_manager.py:1345)
14:17:11.778 INFO       tot     in=76,906,935  out=1,074,845 (records_manager.py:1345)
14:17:11.778 INFO       trace  theoretical_prefix_cache_hit=93.9% (records_manager.py:1345)
14:17:11.778 INFO       srv    prefix_cache_hit=85.4% unique_in_srv=22,915,804 ext_cache_hit=21.1% kv_usage=58.2% queue=37r/0w tput_in_srv=107,975/s tput_out_srv=1,625/s (records_manager.py:1345)
14:17:51.106 INFO     [realtime 25:01 profiling] (records_manager.py:1345)
14:17:51.106 INFO       rps=1.3 (avg 1.2)  tput_in=53,129/s  tput_out=741/s  done=1,782 ok=1,782 err=0 (records_manager.py:1345)
14:17:51.106 INFO       ttft    p50=   528ms  p75= 3,685ms  p95= 96,428ms  p99=631,382ms (records_manager.py:1345)
14:17:51.106 INFO       itl     p50=    46ms  p75=    50ms  p95=     65ms  p99=    174ms (records_manager.py:1345)
14:17:51.106 INFO       e2e     p50=19,169ms  p75=53,659ms  p95=188,679ms  p99=697,018ms (records_manager.py:1345)
14:17:51.106 INFO       intvty  p50=      22  p75=      23  p95=       26  p99=       29  (1/tpot tok/s) (records_manager.py:1345)
14:17:51.106 INFO       isl     p50=  40,584  p75=  59,053  p90=   83,992  p99=  144,372  (tokens) (records_manager.py:1345)
14:17:51.106 INFO       osl     p50=     317  p75=     710  p90=    1,349  p99=    4,787  (tokens) (records_manager.py:1345)
14:17:51.106 INFO       tot     in=79,191,436  out=1,104,080 (records_manager.py:1345)
14:17:51.106 INFO       trace  theoretical_prefix_cache_hit=93.9% (records_manager.py:1345)
14:17:51.106 INFO       srv    prefix_cache_hit=85.3% unique_in_srv=23,708,810 ext_cache_hit=21.8% kv_usage=51.9% queue=44r/0w tput_in_srv=108,189/s tput_out_srv=1,633/s (records_manager.py:1345)
14:17:54.525 INFO     Per-trace idle cap advanced replay root 12e56658-393c-49e3-8082-d8542c6c8ad4 by 3340.976s (replay_dependencies.py:324)
14:18:30.945 INFO     [realtime 25:40 profiling] (records_manager.py:1345)
14:18:30.945 INFO       rps=1.5 (avg 1.2)  tput_in=53,058/s  tput_out=744/s  done=1,842 ok=1,842 err=0 (records_manager.py:1345)
14:18:30.945 INFO       ttft    p50=   540ms  p75= 3,781ms  p95= 96,743ms  p99=687,842ms (records_manager.py:1345)
14:18:30.945 INFO       itl     p50=    46ms  p75=    49ms  p95=     65ms  p99=    172ms (records_manager.py:1345)
14:18:30.945 INFO       e2e     p50=19,250ms  p75=53,643ms  p95=195,073ms  p99=721,953ms (records_manager.py:1345)
14:18:30.945 INFO       intvty  p50=      22  p75=      23  p95=       26  p99=       29  (1/tpot tok/s) (records_manager.py:1345)
14:18:30.945 INFO       isl     p50=  40,282  p75=  58,466  p90=   83,672  p99=  144,095  (tokens) (records_manager.py:1345)
14:18:30.945 INFO       osl     p50=     320  p75=     711  p90=    1,348  p99=    4,742  (tokens) (records_manager.py:1345)
14:18:30.945 INFO       tot     in=81,212,988  out=1,138,061 (records_manager.py:1345)
14:18:30.945 INFO       trace  theoretical_prefix_cache_hit=93.9% (records_manager.py:1345)
14:18:30.945 INFO       srv    prefix_cache_hit=85.2% unique_in_srv=24,576,838 ext_cache_hit=22.6% kv_usage=63.9% queue=50r/0w tput_in_srv=108,395/s tput_out_srv=1,645/s (records_manager.py:1345)
14:18:31.701 INFO     Per-trace idle cap advanced replay root 99a440e9-d774-4bf8-9ddb-dff2a701e101 by 42038.956s (replay_dependencies.py:324)
14:19:11.228 INFO     [realtime 26:21 profiling] (records_manager.py:1345)
14:19:11.228 INFO       rps=1.2 (avg 1.2)  tput_in=53,072/s  tput_out=744/s  done=1,891 ok=1,891 err=0 (records_manager.py:1345)
14:19:11.228 INFO       ttft    p50=   543ms  p75= 3,893ms  p95= 97,677ms  p99=703,707ms (records_manager.py:1345)
14:19:11.229 INFO       itl     p50=    46ms  p75=    49ms  p95=     65ms  p99=    170ms (records_manager.py:1345)
14:19:11.229 INFO       e2e     p50=19,316ms  p75=54,197ms  p95=195,236ms  p99=735,604ms (records_manager.py:1345)
14:19:11.229 INFO       intvty  p50=      22  p75=      23  p95=       26  p99=       29  (1/tpot tok/s) (records_manager.py:1345)
14:19:11.230 INFO       isl     p50=  40,207  p75=  58,421  p90=   83,428  p99=  143,926  (tokens) (records_manager.py:1345)
14:19:11.230 INFO       osl     p50=     320  p75=     717  p90=    1,349  p99=    4,691  (tokens) (records_manager.py:1345)
14:19:11.230 INFO       tot     in=83,266,676  out=1,168,025 (records_manager.py:1345)
14:19:11.230 INFO       trace  theoretical_prefix_cache_hit=93.8% (records_manager.py:1345)
14:19:11.230 INFO       srv    prefix_cache_hit=85.1% unique_in_srv=25,364,771 ext_cache_hit=22.4% kv_usage=77.8% queue=54r/0w tput_in_srv=108,720/s tput_out_srv=1,638/s (records_manager.py:1345)
14:19:51.579 INFO     [realtime 27:01 profiling] (records_manager.py:1345)
14:19:51.579 INFO       rps=1.9 (avg 1.2)  tput_in=53,523/s  tput_out=744/s  done=1,968 ok=1,968 err=0 (records_manager.py:1345)
14:19:51.579 INFO       ttft    p50=   542ms  p75= 3,794ms  p95= 96,252ms  p99=704,177ms (records_manager.py:1345)
14:19:51.579 INFO       itl     p50=    46ms  p75=    50ms  p95=     66ms  p99=    169ms (records_manager.py:1345)
14:19:51.579 INFO       e2e     p50=19,155ms  p75=53,031ms  p95=188,825ms  p99=741,728ms (records_manager.py:1345)
14:19:51.579 INFO       intvty  p50=      22  p75=      23  p95=       26  p99=       29  (1/tpot tok/s) (records_manager.py:1345)
14:19:51.579 INFO       isl     p50=  39,832  p75=  58,447  p90=   83,238  p99=  144,472  (tokens) (records_manager.py:1345)
14:19:51.579 INFO       osl     p50=     315  p75=     708  p90=    1,342  p99=    4,622  (tokens) (records_manager.py:1345)
14:19:51.579 INFO       tot     in=86,232,354  out=1,198,790 (records_manager.py:1345)
14:19:51.579 INFO       trace  theoretical_prefix_cache_hit=93.8% (records_manager.py:1345)
14:19:51.579 INFO       srv    prefix_cache_hit=85.5% unique_in_srv=25,631,162 ext_cache_hit=22.2% kv_usage=77.6% queue=42r/0w tput_in_srv=109,668/s tput_out_srv=1,641/s (records_manager.py:1345)
14:20:32.552 INFO     [realtime 27:42 profiling] (records_manager.py:1345)
14:20:32.553 INFO       rps=1.3 (avg 1.2)  tput_in=53,740/s  tput_out=739/s  done=2,023 ok=2,023 err=0 (records_manager.py:1345)
14:20:32.553 INFO       ttft    p50=   530ms  p75= 3,664ms  p95= 93,173ms  p99=702,185ms (records_manager.py:1345)
14:20:32.553 INFO       itl     p50=    46ms  p75=    50ms  p95=     66ms  p99=    168ms (records_manager.py:1345)
14:20:32.553 INFO       e2e     p50=18,919ms  p75=52,341ms  p95=185,010ms  p99=731,794ms (records_manager.py:1345)
14:20:32.553 INFO       intvty  p50=      22  p75=      23  p95=       26  p99=       29  (1/tpot tok/s) (records_manager.py:1345)
14:20:32.553 INFO       isl     p50=  39,588  p75=  58,382  p90=   83,214  p99=  144,793  (tokens) (records_manager.py:1345)
14:20:32.553 INFO       osl     p50=     312  p75=     700  p90=    1,324  p99=    4,579  (tokens) (records_manager.py:1345)
14:20:32.553 INFO       tot     in=88,634,569  out=1,219,378 (records_manager.py:1345)
14:20:32.553 INFO       trace  theoretical_prefix_cache_hit=93.8% (records_manager.py:1345)
14:20:32.553 INFO       srv    prefix_cache_hit=85.8% unique_in_srv=25,864,650 ext_cache_hit=22.0% kv_usage=80.4% queue=40r/0w tput_in_srv=109,947/s tput_out_srv=1,642/s (records_manager.py:1345)
14:21:13.763 INFO     [realtime 28:23 profiling] (records_manager.py:1345)
14:21:13.763 INFO       rps=1.5 (avg 1.2)  tput_in=54,074/s  tput_out=739/s  done=2,083 ok=2,083 err=0 (records_manager.py:1345)
14:21:13.763 INFO       ttft    p50=   519ms  p75= 3,207ms  p95= 89,359ms  p99=698,588ms (records_manager.py:1345)
14:21:13.763 INFO       itl     p50=    46ms  p75=    50ms  p95=     65ms  p99=    167ms (records_manager.py:1345)
14:21:13.763 INFO       e2e     p50=18,388ms  p75=51,907ms  p95=182,687ms  p99=728,662ms (records_manager.py:1345)
14:21:13.763 INFO       intvty  p50=      22  p75=      23  p95=       26  p99=       29  (1/tpot tok/s) (records_manager.py:1345)
14:21:13.763 INFO       isl     p50=  39,667  p75=  58,252  p90=   83,133  p99=  145,351  (tokens) (records_manager.py:1345)
14:21:13.763 INFO       osl     p50=     310  p75=     699  p90=    1,324  p99=    4,609  (tokens) (records_manager.py:1345)
14:21:13.763 INFO       tot     in=91,507,697  out=1,250,551 (records_manager.py:1345)
14:21:13.763 INFO       trace  theoretical_prefix_cache_hit=93.9% (records_manager.py:1345)
14:21:13.763 INFO       srv    prefix_cache_hit=86.1% unique_in_srv=26,033,230 ext_cache_hit=21.9% kv_usage=74.0% queue=31r/0w tput_in_srv=110,297/s tput_out_srv=1,639/s (records_manager.py:1345)
14:21:45.496 INFO     Per-trace idle cap advanced replay root 33d1e608-17b7-4caa-8cb1-674f5009fb8d by 4109.176s (replay_dependencies.py:324)
14:21:48.156 WARNING  Event loop for worker_d6956c39 is taking too long to run. Overhead: 31.88ms (event_loop_monitor.py:89)
14:21:55.472 INFO     [realtime 29:05 profiling] (records_manager.py:1345)
14:21:55.472 INFO       rps=1.3 (avg 1.2)  tput_in=54,431/s  tput_out=743/s  done=2,137 ok=2,137 err=0 (records_manager.py:1345)
14:21:55.472 INFO       ttft    p50=   514ms  p75= 3,035ms  p95= 88,100ms  p99=689,021ms (records_manager.py:1345)
14:21:55.472 INFO       itl     p50=    46ms  p75=    50ms  p95=     65ms  p99=    167ms (records_manager.py:1345)
14:21:55.472 INFO       e2e     p50=18,306ms  p75=51,832ms  p95=181,535ms  p99=722,656ms (records_manager.py:1345)
14:21:55.472 INFO       intvty  p50=      22  p75=      23  p95=       26  p99=       29  (1/tpot tok/s) (records_manager.py:1345)
14:21:55.472 INFO       isl     p50=  39,812  p75=  58,399  p90=   83,329  p99=  145,455  (tokens) (records_manager.py:1345)
14:21:55.472 INFO       osl     p50=     308  p75=     699  p90=    1,334  p99=    4,670  (tokens) (records_manager.py:1345)
14:21:55.472 INFO       tot     in=94,349,754  out=1,288,279 (records_manager.py:1345)
14:21:55.472 INFO       trace  theoretical_prefix_cache_hit=93.9% (records_manager.py:1345)
14:21:55.472 INFO       srv    prefix_cache_hit=86.2% unique_in_srv=26,507,720 ext_cache_hit=22.5% kv_usage=57.3% queue=28r/0w tput_in_srv=110,522/s tput_out_srv=1,637/s (records_manager.py:1345)
14:22:13.202 WARNING  Event loop for worker_1c1c98e4 is taking too long to run. Overhead: 37.89ms (event_loop_monitor.py:89)
14:22:34.086 INFO     Per-trace idle cap advanced replay root 4722b512-4fd6-43b8-ae95-d98c50b69ee0 by 95.628s (replay_dependencies.py:324)
14:22:37.396 INFO     [realtime 29:47 profiling] (records_manager.py:1345)
14:22:37.396 INFO       rps=1.1 (avg 1.2)  tput_in=54,530/s  tput_out=744/s  done=2,185 ok=2,185 err=0 (records_manager.py:1345)
14:22:37.396 INFO       ttft    p50=   511ms  p75= 3,035ms  p95= 90,185ms  p99=698,469ms (records_manager.py:1345)
14:22:37.396 INFO       itl     p50=    46ms  p75=    50ms  p95=     65ms  p99=    166ms (records_manager.py:1345)
14:22:37.396 INFO       e2e     p50=18,360ms  p75=51,675ms  p95=184,795ms  p99=728,558ms (records_manager.py:1345)
14:22:37.396 INFO       intvty  p50=      22  p75=      23  p95=       26  p99=       29  (1/tpot tok/s) (records_manager.py:1345)
14:22:37.396 INFO       isl     p50=  39,870  p75=  58,583  p90=   83,396  p99=  146,808  (tokens) (records_manager.py:1345)
14:22:37.396 INFO       osl     p50=     310  p75=     693  p90=    1,336  p99=    4,698  (tokens) (records_manager.py:1345)
14:22:37.396 INFO       tot     in=96,793,939  out=1,320,834 (records_manager.py:1345)
14:22:37.396 INFO       trace  theoretical_prefix_cache_hit=93.9% (records_manager.py:1345)
14:22:37.396 INFO       srv    prefix_cache_hit=86.1% unique_in_srv=27,339,164 ext_cache_hit=23.2% kv_usage=58.5% queue=39r/0w tput_in_srv=110,765/s tput_out_srv=1,634/s (records_manager.py:1345)
14:23:19.890 INFO     [realtime 30:29 profiling] (records_manager.py:1345)
14:23:19.890 INFO       rps=1.3 (avg 1.2)  tput_in=54,489/s  tput_out=749/s  done=2,239 ok=2,239 err=0 (records_manager.py:1345)
14:23:19.890 INFO       ttft    p50=   514ms  p75= 3,068ms  p95= 96,937ms  p99=768,138ms (records_manager.py:1345)
14:23:19.890 INFO       itl     p50=    46ms  p75=    50ms  p95=     65ms  p99=    165ms (records_manager.py:1345)
14:23:19.890 INFO       e2e     p50=18,416ms  p75=52,035ms  p95=195,319ms  p99=781,492ms (records_manager.py:1345)
14:23:19.890 INFO       intvty  p50=      22  p75=      23  p95=       26  p99=       29  (1/tpot tok/s) (records_manager.py:1345)
14:23:19.890 INFO       isl     p50=  39,870  p75=  58,520  p90=   83,391  p99=  148,137  (tokens) (records_manager.py:1345)
14:23:19.890 INFO       osl     p50=     312  p75=     698  p90=    1,341  p99=    4,745  (tokens) (records_manager.py:1345)
14:23:19.890 INFO       tot     in=99,029,086  out=1,361,726 (records_manager.py:1345)
14:23:19.890 INFO       trace  theoretical_prefix_cache_hit=93.9% (records_manager.py:1345)
14:23:19.890 INFO       srv    prefix_cache_hit=85.9% unique_in_srv=28,392,326 ext_cache_hit=24.3% kv_usage=71.5% queue=46r/0w tput_in_srv=111,014/s tput_out_srv=1,636/s (records_manager.py:1345)
14:24:02.570 INFO     [realtime 31:12 profiling] (records_manager.py:1345)
14:24:02.570 INFO       rps=0.9 (avg 1.2)  tput_in=54,571/s  tput_out=749/s  done=2,279 ok=2,279 err=0 (records_manager.py:1345)
14:24:02.570 INFO       ttft    p50=   511ms  p75= 3,208ms  p95=107,084ms  p99=848,973ms (records_manager.py:1345)
14:24:02.570 INFO       itl     p50=    46ms  p75=    50ms  p95=     65ms  p99=    164ms (records_manager.py:1345)
14:24:02.570 INFO       e2e     p50=18,695ms  p75=52,274ms  p95=204,983ms  p99=872,859ms (records_manager.py:1345)
14:24:02.570 INFO       intvty  p50=      22  p75=      23  p95=       26  p99=       29  (1/tpot tok/s) (records_manager.py:1345)
14:24:02.570 INFO       isl     p50=  39,870  p75=  58,574  p90=   83,414  p99=  149,306  (tokens) (records_manager.py:1345)
14:24:02.570 INFO       osl     p50=     315  p75=     699  p90=    1,332  p99=    4,704  (tokens) (records_manager.py:1345)
14:24:02.570 INFO       tot     in=100,827,504  out=1,384,323 (records_manager.py:1345)
14:24:02.570 INFO       trace  theoretical_prefix_cache_hit=93.9% (records_manager.py:1345)
14:24:02.570 INFO       srv    prefix_cache_hit=85.8% unique_in_srv=29,297,378 ext_cache_hit=24.3% kv_usage=85.6% queue=49r/0w tput_in_srv=110,620/s tput_out_srv=1,633/s (records_manager.py:1345)
14:24:45.323 INFO     [realtime 31:55 profiling] (records_manager.py:1345)
14:24:45.323 INFO       rps=0.8 (avg 1.2)  tput_in=53,842/s  tput_out=739/s  done=2,313 ok=2,313 err=0 (records_manager.py:1345)
14:24:45.323 INFO       ttft    p50=   515ms  p75= 3,270ms  p95=121,649ms  p99=  983,307ms (records_manager.py:1345)
14:24:45.323 INFO       itl     p50=    46ms  p75=    50ms  p95=     66ms  p99=      163ms (records_manager.py:1345)
14:24:45.323 INFO       e2e     p50=19,009ms  p75=52,501ms  p95=211,188ms  p99=1,028,502ms (records_manager.py:1345)
14:24:45.323 INFO       intvty  p50=      22  p75=      23  p95=       26  p99=         29  (1/tpot tok/s) (records_manager.py:1345)
14:24:45.323 INFO       isl     p50=  39,839  p75=  58,768  p90=   83,525  p99=    149,524  (tokens) (records_manager.py:1345)
14:24:45.323 INFO       osl     p50=     317  p75=     699  p90=    1,329  p99=      4,677  (tokens) (records_manager.py:1345)
14:24:45.323 INFO       tot     in=102,350,558  out=1,404,754 (records_manager.py:1345)
14:24:45.323 INFO       trace  theoretical_prefix_cache_hit=93.9% (records_manager.py:1345)
14:24:45.324 INFO       srv    prefix_cache_hit=85.5% unique_in_srv=30,366,376 ext_cache_hit=23.8% kv_usage=96.8% queue=46r/5w tput_in_srv=109,989/s tput_out_srv=1,627/s (records_manager.py:1345)
14:25:28.118 INFO     [realtime 32:38 profiling] (records_manager.py:1345)
14:25:28.118 INFO       rps=0.5 (avg 1.2)  tput_in=53,294/s  tput_out=730/s  done=2,336 ok=2,336 err=0 (records_manager.py:1345)
14:25:28.118 INFO       ttft    p50=   520ms  p75= 3,340ms  p95=136,212ms  p99=1,070,097ms (records_manager.py:1345)
14:25:28.118 INFO       itl     p50=    46ms  p75=    50ms  p95=     70ms  p99=      162ms (records_manager.py:1345)
14:25:28.119 INFO       e2e     p50=19,330ms  p75=53,269ms  p95=222,183ms  p99=1,094,697ms (records_manager.py:1345)
14:25:28.119 INFO       intvty  p50=      22  p75=      23  p95=       26  p99=         29  (1/tpot tok/s) (records_manager.py:1345)
14:25:28.119 INFO       isl     p50=  39,845  p75=  58,988  p90=   83,970  p99=    149,608  (tokens) (records_manager.py:1345)
14:25:28.119 INFO       osl     p50=     320  p75=     702  p90=    1,335  p99=      4,670  (tokens) (records_manager.py:1345)
14:25:28.119 INFO       tot     in=103,673,892  out=1,420,605 (records_manager.py:1345)
14:25:28.119 INFO       trace  theoretical_prefix_cache_hit=93.9% (records_manager.py:1345)
14:25:28.119 INFO       srv    prefix_cache_hit=84.7% unique_in_srv=32,303,922 ext_cache_hit=25.2% kv_usage=96.8% queue=39r/12w tput_in_srv=108,772/s tput_out_srv=1,604/s (records_manager.py:1345)
14:26:10.969 INFO     [realtime 33:21 profiling] (records_manager.py:1345)
14:26:10.969 INFO       rps=0.3 (avg 1.2)  tput_in=52,573/s  tput_out=718/s  done=2,348 ok=2,348 err=0 (records_manager.py:1345)
14:26:10.969 INFO       ttft    p50=   522ms  p75= 3,662ms  p95=143,197ms  p99=1,196,269ms (records_manager.py:1345)
14:26:10.969 INFO       itl     p50=    46ms  p75=    50ms  p95=     72ms  p99=      165ms (records_manager.py:1345)
14:26:10.969 INFO       e2e     p50=19,603ms  p75=54,301ms  p95=234,271ms  p99=1,205,633ms (records_manager.py:1345)
14:26:10.969 INFO       intvty  p50=      22  p75=      23  p95=       26  p99=         29  (1/tpot tok/s) (records_manager.py:1345)
14:26:10.969 INFO       isl     p50=  39,861  p75=  59,084  p90=   84,000  p99=    149,600  (tokens) (records_manager.py:1345)
14:26:10.969 INFO       osl     p50=     320  p75=     700  p90=    1,327  p99=      4,666  (tokens) (records_manager.py:1345)
14:26:10.969 INFO       tot     in=104,461,882  out=1,426,297 (records_manager.py:1345)
14:26:10.969 INFO       trace  theoretical_prefix_cache_hit=93.9% (records_manager.py:1345)
14:26:10.969 INFO       srv    prefix_cache_hit=84.1% unique_in_srv=33,989,300 ext_cache_hit=26.1% kv_usage=93.8% queue=35r/31w tput_in_srv=107,308/s tput_out_srv=1,584/s (records_manager.py:1345)
14:26:54.244 INFO     [realtime 34:04 profiling] (records_manager.py:1345)
14:26:54.244 INFO       rps=0.5 (avg 1.2)  tput_in=52,078/s  tput_out=714/s  done=2,370 ok=2,370 err=0 (records_manager.py:1345)
14:26:54.244 INFO       ttft    p50=   526ms  p75= 3,889ms  p95=149,500ms  p99=1,344,192ms (records_manager.py:1345)
14:26:54.244 INFO       itl     p50=    46ms  p75=    50ms  p95=     77ms  p99=      164ms (records_manager.py:1345)
14:26:54.244 INFO       e2e     p50=19,973ms  p75=55,459ms  p95=251,621ms  p99=1,381,803ms (records_manager.py:1345)
14:26:54.244 INFO       intvty  p50=      22  p75=      23  p95=       26  p99=         29  (1/tpot tok/s) (records_manager.py:1345)
14:26:54.244 INFO       isl     p50=  40,006  p75=  59,198  p90=   84,023  p99=    149,584  (tokens) (records_manager.py:1345)
14:26:54.244 INFO       osl     p50=     323  p75=     711  p90=    1,347  p99=      4,660  (tokens) (records_manager.py:1345)
14:26:54.244 INFO       tot     in=105,708,039  out=1,449,495 (records_manager.py:1345)
14:26:54.244 INFO       trace  theoretical_prefix_cache_hit=93.9% (records_manager.py:1345)
14:26:54.244 INFO       srv    prefix_cache_hit=83.3% unique_in_srv=36,061,360 ext_cache_hit=27.9% kv_usage=93.3% queue=24r/42w tput_in_srv=106,101/s tput_out_srv=1,562/s (records_manager.py:1345)
14:27:37.776 INFO     [realtime 34:47 profiling] (records_manager.py:1345)
14:27:37.776 INFO       rps=0.2 (avg 1.1)  tput_in=51,440/s  tput_out=702/s  done=2,377 ok=2,377 err=0 (records_manager.py:1345)
14:27:37.776 INFO       ttft    p50=   528ms  p75= 4,169ms  p95=150,693ms  p99=1,381,402ms (records_manager.py:1345)
14:27:37.776 INFO       itl     p50=    46ms  p75=    50ms  p95=     78ms  p99=      164ms (records_manager.py:1345)
14:27:37.776 INFO       e2e     p50=20,146ms  p75=56,002ms  p95=255,295ms  p99=1,428,359ms (records_manager.py:1345)
14:27:37.776 INFO       intvty  p50=      22  p75=      23  p95=       26  p99=         29  (1/tpot tok/s) (records_manager.py:1345)
14:27:37.776 INFO       isl     p50=  40,058  p75=  59,265  p90=   84,296  p99=    150,900  (tokens) (records_manager.py:1345)
14:27:37.776 INFO       osl     p50=     323  p75=     711  p90=    1,346  p99=      4,657  (tokens) (records_manager.py:1345)
14:27:37.776 INFO       tot     in=106,425,751  out=1,452,667 (records_manager.py:1345)
14:27:37.776 INFO       trace  theoretical_prefix_cache_hit=93.9% (records_manager.py:1345)
14:27:37.776 INFO       srv    prefix_cache_hit=82.6% unique_in_srv=37,720,484 ext_cache_hit=28.1% kv_usage=99.4% queue=27r/49w tput_in_srv=104,801/s tput_out_srv=1,535/s (records_manager.py:1345)
14:28:21.050 INFO     [realtime 35:31 profiling] (records_manager.py:1345)
14:28:21.050 INFO       rps=0.3 (avg 1.1)  tput_in=50,721/s  tput_out=691/s  done=2,388 ok=2,388 err=0 (records_manager.py:1345)
14:28:21.050 INFO       ttft    p50=   530ms  p75= 4,542ms  p95=167,976ms  p99=1,802,972ms (records_manager.py:1345)
14:28:21.050 INFO       itl     p50=    46ms  p75=    50ms  p95=     82ms  p99=      174ms (records_manager.py:1345)
14:28:21.050 INFO       e2e     p50=20,255ms  p75=56,570ms  p95=273,167ms  p99=1,814,836ms (records_manager.py:1345)
14:28:21.050 INFO       intvty  p50=      22  p75=      23  p95=       26  p99=         29  (1/tpot tok/s) (records_manager.py:1345)
14:28:21.050 INFO       isl     p50=  40,146  p75=  59,398  p90=   84,404  p99=    152,964  (tokens) (records_manager.py:1345)
14:28:21.050 INFO       osl     p50=     323  p75=     710  p90=    1,347  p99=      4,654  (tokens) (records_manager.py:1345)
14:28:21.050 INFO       tot     in=107,241,963  out=1,460,516 (records_manager.py:1345)
14:28:21.050 INFO       trace  theoretical_prefix_cache_hit=93.9% (records_manager.py:1345)
14:28:21.050 INFO       srv    prefix_cache_hit=82.2% unique_in_srv=39,001,002 ext_cache_hit=27.5% kv_usage=98.8% queue=22r/123w tput_in_srv=103,307/s tput_out_srv=1,510/s (records_manager.py:1345)
14:29:04.138 INFO     [realtime 36:14 profiling] (records_manager.py:1345)
14:29:04.138 INFO       rps=0.2 (avg 1.1)  tput_in=50,041/s  tput_out=680/s  done=2,396 ok=2,396 err=0 (records_manager.py:1345)
14:29:04.138 INFO       ttft    p50=   534ms  p75= 4,639ms  p95=184,558ms  p99=1,806,612ms (records_manager.py:1345)
14:29:04.138 INFO       itl     p50=    46ms  p75=    50ms  p95=     88ms  p99=      173ms (records_manager.py:1345)
14:29:04.138 INFO       e2e     p50=20,329ms  p75=57,112ms  p95=289,756ms  p99=1,837,165ms (records_manager.py:1345)
14:29:04.138 INFO       intvty  p50=      22  p75=      23  p95=       26  p99=         29  (1/tpot tok/s) (records_manager.py:1345)
14:29:04.138 INFO       isl     p50=  40,208  p75=  59,527  p90=   84,612  p99=    155,334  (tokens) (records_manager.py:1345)
14:29:04.138 INFO       osl     p50=     324  p75=     710  p90=    1,348  p99=      4,652  (tokens) (records_manager.py:1345)
14:29:04.138 INFO       tot     in=108,095,906  out=1,468,172 (records_manager.py:1345)
14:29:04.139 INFO       trace  theoretical_prefix_cache_hit=93.9% (records_manager.py:1345)
14:29:04.139 INFO       srv    prefix_cache_hit=81.7% unique_in_srv=40,373,067 ext_cache_hit=27.5% kv_usage=98.2% queue=22r/158w tput_in_srv=101,779/s tput_out_srv=1,487/s (records_manager.py:1345)
14:29:47.700 INFO     [realtime 36:57 profiling] (records_manager.py:1345)
14:29:47.700 INFO       rps=0.2 (avg 1.1)  tput_in=49,469/s  tput_out=669/s  done=2,405 ok=2,405 err=0 (records_manager.py:1345)
14:29:47.700 INFO       ttft    p50=   540ms  p75= 4,749ms  p95=187,868ms  p99=1,813,689ms (records_manager.py:1345)
14:29:47.700 INFO       itl     p50=    46ms  p75=    51ms  p95=     91ms  p99=      173ms (records_manager.py:1345)
14:29:47.700 INFO       e2e     p50=20,384ms  p75=58,284ms  p95=293,337ms  p99=1,865,894ms (records_manager.py:1345)
14:29:47.700 INFO       intvty  p50=      22  p75=      23  p95=       26  p99=         29  (1/tpot tok/s) (records_manager.py:1345)
14:29:47.700 INFO       isl     p50=  40,240  p75=  59,675  p90=   84,914  p99=    156,668  (tokens) (records_manager.py:1345)
14:29:47.700 INFO       osl     p50=     324  p75=     711  p90=    1,349  p99=      4,648  (tokens) (records_manager.py:1345)
14:29:47.700 INFO       tot     in=108,955,522  out=1,474,375 (records_manager.py:1345)
14:29:47.700 INFO       trace  theoretical_prefix_cache_hit=93.8% (records_manager.py:1345)
14:29:47.700 INFO       srv    prefix_cache_hit=81.0% unique_in_srv=42,314,922 ext_cache_hit=28.5% kv_usage=98.5% queue=24r/159w tput_in_srv=100,811/s tput_out_srv=1,465/s (records_manager.py:1345)
14:30:31.228 INFO     [realtime 37:41 profiling] (records_manager.py:1345)
14:30:31.228 INFO       rps=0.3 (avg 1.1)  tput_in=49,174/s  tput_out=663/s  done=2,418 ok=2,418 err=0 (records_manager.py:1345)
14:30:31.229 INFO       ttft    p50=   546ms  p75= 5,131ms  p95=212,209ms  p99=1,836,865ms (records_manager.py:1345)
14:30:31.229 INFO       itl     p50=    46ms  p75=    51ms  p95=     93ms  p99=      173ms (records_manager.py:1345)
14:30:31.229 INFO       e2e     p50=20,534ms  p75=59,113ms  p95=306,989ms  p99=1,886,723ms (records_manager.py:1345)
14:30:31.229 INFO       intvty  p50=      22  p75=      23  p95=       26  p99=         29  (1/tpot tok/s) (records_manager.py:1345)
14:30:31.229 INFO       isl     p50=  40,328  p75=  59,811  p90=   85,209  p99=    156,478  (tokens) (records_manager.py:1345)
14:30:31.230 INFO       osl     p50=     324  p75=     710  p90=    1,348  p99=      4,640  (tokens) (records_manager.py:1345)
14:30:31.230 INFO       tot     in=109,925,841  out=1,481,643 (records_manager.py:1345)
14:30:31.230 INFO       trace  theoretical_prefix_cache_hit=93.8% (records_manager.py:1345)
14:30:31.230 INFO       srv    prefix_cache_hit=80.3% unique_in_srv=44,097,794 ext_cache_hit=28.8% kv_usage=99.8% queue=27r/158w tput_in_srv=99,762/s tput_out_srv=1,447/s (records_manager.py:1345)
14:31:15.120 INFO     [realtime 38:25 profiling] (records_manager.py:1345)
14:31:15.120 INFO       rps=0.2 (avg 1.1)  tput_in=48,821/s  tput_out=656/s  done=2,425 ok=2,425 err=0 (records_manager.py:1345)
14:31:15.120 INFO       ttft    p50=   548ms  p75= 5,180ms  p95=233,552ms  p99=1,869,294ms (records_manager.py:1345)
14:31:15.120 INFO       itl     p50=    46ms  p75=    51ms  p95=     94ms  p99=      172ms (records_manager.py:1345)
14:31:15.120 INFO       e2e     p50=20,677ms  p75=59,695ms  p95=341,345ms  p99=1,924,012ms (records_manager.py:1345)
14:31:15.121 INFO       intvty  p50=      22  p75=      23  p95=       26  p99=         29  (1/tpot tok/s) (records_manager.py:1345)
14:31:15.121 INFO       isl     p50=  40,379  p75=  59,959  p90=   85,326  p99=    157,998  (tokens) (records_manager.py:1345)
14:31:15.121 INFO       osl     p50=     324  p75=     710  p90=    1,349  p99=      4,636  (tokens) (records_manager.py:1345)
14:31:15.121 INFO       tot     in=110,639,757  out=1,486,422 (records_manager.py:1345)
14:31:15.121 INFO       trace  theoretical_prefix_cache_hit=93.8% (records_manager.py:1345)
14:31:15.121 INFO       srv    prefix_cache_hit=79.9% unique_in_srv=45,395,534 ext_cache_hit=28.8% kv_usage=98.3% queue=25r/162w tput_in_srv=98,377/s tput_out_srv=1,426/s (records_manager.py:1345)
14:31:18.874 INFO     Per-trace idle cap advanced replay root b3b572e6-31f2-4c2b-975b-d5747af2da9c by 742.126s (replay_dependencies.py:324)
14:31:59.458 INFO     [realtime 39:09 profiling] (records_manager.py:1345)
14:31:59.458 INFO       rps=0.3 (avg 1.0)  tput_in=48,021/s  tput_out=643/s  done=2,437 ok=2,437 err=0 (records_manager.py:1345)
14:31:59.458 INFO       ttft    p50=   551ms  p75= 5,317ms  p95=270,379ms  p99=1,896,896ms (records_manager.py:1345)
14:31:59.458 INFO       itl     p50=    46ms  p75=    51ms  p95=     97ms  p99=      175ms (records_manager.py:1345)
14:31:59.458 INFO       e2e     p50=20,846ms  p75=60,151ms  p95=368,100ms  p99=1,956,593ms (records_manager.py:1345)
14:31:59.458 INFO       intvty  p50=      22  p75=      23  p95=       26  p99=         29  (1/tpot tok/s) (records_manager.py:1345)
14:31:59.459 INFO       isl     p50=  40,430  p75=  60,346  p90=   85,728  p99=    160,620  (tokens) (records_manager.py:1345)
14:31:59.459 INFO       osl     p50=     325  p75=     710  p90=    1,348  p99=      4,629  (tokens) (records_manager.py:1345)
14:31:59.459 INFO       tot     in=111,702,729  out=1,495,294 (records_manager.py:1345)
14:31:59.459 INFO       trace  theoretical_prefix_cache_hit=93.8% (records_manager.py:1345)
14:31:59.459 INFO       srv    prefix_cache_hit=79.1% unique_in_srv=47,506,518 ext_cache_hit=29.0% kv_usage=97.0% queue=22r/171w tput_in_srv=97,474/s tput_out_srv=1,405/s (records_manager.py:1345)
14:32:43.231 INFO     [realtime 39:53 profiling] (records_manager.py:1345)
14:32:43.231 INFO       rps=0.2 (avg 1.0)  tput_in=47,504/s  tput_out=632/s  done=2,446 ok=2,446 err=0 (records_manager.py:1345)
14:32:43.231 INFO       ttft    p50=   554ms  p75= 5,728ms  p95=279,675ms  p99=1,914,367ms (records_manager.py:1345)
14:32:43.231 INFO       itl     p50=    46ms  p75=    51ms  p95=    101ms  p99=      180ms (records_manager.py:1345)
14:32:43.232 INFO       e2e     p50=20,914ms  p75=60,476ms  p95=377,937ms  p99=1,980,420ms (records_manager.py:1345)
14:32:43.232 INFO       intvty  p50=      22  p75=      23  p95=       26  p99=         29  (1/tpot tok/s) (records_manager.py:1345)
14:32:43.232 INFO       isl     p50=  40,522  p75=  60,499  p90=   86,116  p99=    161,950  (tokens) (records_manager.py:1345)
14:32:43.232 INFO       osl     p50=     324  p75=     710  p90=    1,348  p99=      4,624  (tokens) (records_manager.py:1345)
14:32:43.232 INFO       tot     in=112,577,360  out=1,498,638 (records_manager.py:1345)
14:32:43.232 INFO       trace  theoretical_prefix_cache_hit=93.8% (records_manager.py:1345)
14:32:43.232 INFO       srv    prefix_cache_hit=78.6% unique_in_srv=49,198,730 ext_cache_hit=28.8% kv_usage=99.9% queue=24r/165w tput_in_srv=96,374/s tput_out_srv=1,383/s (records_manager.py:1345)
14:33:27.291 INFO     [realtime 40:37 profiling] (records_manager.py:1345)
14:33:27.291 INFO       rps=0.2 (avg 1.0)  tput_in=46,828/s  tput_out=620/s  done=2,454 ok=2,454 err=0 (records_manager.py:1345)
14:33:27.291 INFO       ttft    p50=   558ms  p75= 5,802ms  p95=342,246ms  p99=1,979,511ms (records_manager.py:1345)
14:33:27.291 INFO       itl     p50=    46ms  p75=    51ms  p95=    104ms  p99=      179ms (records_manager.py:1345)
14:33:27.291 INFO       e2e     p50=21,044ms  p75=60,841ms  p95=389,225ms  p99=2,001,604ms (records_manager.py:1345)
14:33:27.291 INFO       intvty  p50=      22  p75=      23  p95=       26  p99=         29  (1/tpot tok/s) (records_manager.py:1345)
14:33:27.291 INFO       isl     p50=  40,646  p75=  60,606  p90=   86,251  p99=    162,883  (tokens) (records_manager.py:1345)
14:33:27.291 INFO       osl     p50=     324  p75=     709  p90=    1,347  p99=      4,620  (tokens) (records_manager.py:1345)
14:33:27.291 INFO       tot     in=113,467,191  out=1,501,644 (records_manager.py:1345)
14:33:27.292 INFO       trace  theoretical_prefix_cache_hit=93.8% (records_manager.py:1345)
14:33:27.292 INFO       srv    prefix_cache_hit=78.3% unique_in_srv=50,058,328 ext_cache_hit=28.3% kv_usage=95.3% queue=21r/168w tput_in_srv=95,097/s tput_out_srv=1,365/s (records_manager.py:1345)
14:34:11.807 INFO     [realtime 41:21 profiling] (records_manager.py:1345)
14:34:11.807 INFO       rps=0.1 (avg 1.0)  tput_in=46,191/s  tput_out=611/s  done=2,457 ok=2,457 err=0 (records_manager.py:1345)
14:34:11.807 INFO       ttft    p50=   559ms  p75= 5,901ms  p95=347,480ms  p99=1,984,729ms (records_manager.py:1345)
14:34:11.807 INFO       itl     p50=    46ms  p75=    51ms  p95=    105ms  p99=      181ms (records_manager.py:1345)
14:34:11.807 INFO       e2e     p50=21,071ms  p75=60,993ms  p95=409,687ms  p99=2,019,199ms (records_manager.py:1345)
14:34:11.807 INFO       intvty  p50=      22  p75=      23  p95=       26  p99=         29  (1/tpot tok/s) (records_manager.py:1345)
14:34:11.807 INFO       isl     p50=  40,679  p75=  60,653  p90=   86,278  p99=    162,862  (tokens) (records_manager.py:1345)
14:34:11.807 INFO       osl     p50=     324  p75=     709  p90=    1,347  p99=      4,618  (tokens) (records_manager.py:1345)
14:34:11.807 INFO       tot     in=113,709,933  out=1,504,965 (records_manager.py:1345)
14:34:11.808 INFO       trace  theoretical_prefix_cache_hit=93.8% (records_manager.py:1345)
14:34:11.808 INFO       srv    prefix_cache_hit=77.9% unique_in_srv=51,253,002 ext_cache_hit=27.6% kv_usage=95.8% queue=20r/168w tput_in_srv=93,781/s tput_out_srv=1,344/s (records_manager.py:1345)
14:34:55.639 INFO     [realtime 42:05 profiling] (records_manager.py:1345)
14:34:55.639 INFO       rps=0.1 (avg 1.0)  tput_in=46,065/s  tput_out=609/s  done=2,461 ok=2,461 err=0 (records_manager.py:1345)
14:34:55.639 INFO       ttft    p50=   560ms  p75= 5,949ms  p95=350,419ms  p99=1,989,112ms (records_manager.py:1345)
14:34:55.640 INFO       itl     p50=    46ms  p75=    51ms  p95=    107ms  p99=      181ms (records_manager.py:1345)
14:34:55.640 INFO       e2e     p50=21,235ms  p75=61,184ms  p95=416,682ms  p99=2,030,455ms (records_manager.py:1345)
14:34:55.640 INFO       intvty  p50=      22  p75=      23  p95=       26  p99=         29  (1/tpot tok/s) (records_manager.py:1345)
14:34:55.640 INFO       isl     p50=  40,709  p75=  60,739  p90=   86,351  p99=    163,342  (tokens) (records_manager.py:1345)
14:34:55.640 INFO       osl     p50=     325  p75=     710  p90=    1,348  p99=      4,616  (tokens) (records_manager.py:1345)
14:34:55.640 INFO       tot     in=114,205,610  out=1,509,659 (records_manager.py:1345)
14:34:55.640 INFO       trace  theoretical_prefix_cache_hit=93.8% (records_manager.py:1345)
14:34:55.640 INFO       srv    prefix_cache_hit=77.5% unique_in_srv=52,197,586 ext_cache_hit=27.1% kv_usage=96.0% queue=19r/171w tput_in_srv=92,575/s tput_out_srv=1,325/s (records_manager.py:1345)
14:35:39.475 INFO     [realtime 42:49 profiling] (records_manager.py:1345)
14:35:39.475 INFO       rps=0.1 (avg 1.0)  tput_in=44,952/s  tput_out=594/s  done=2,466 ok=2,466 err=0 (records_manager.py:1345)
14:35:39.475 INFO       ttft    p50=   562ms  p75= 6,011ms  p95=359,310ms  p99=1,992,642ms (records_manager.py:1345)
14:35:39.475 INFO       itl     p50=    46ms  p75=    51ms  p95=    108ms  p99=      181ms (records_manager.py:1345)
14:35:39.475 INFO       e2e     p50=21,268ms  p75=61,461ms  p95=468,836ms  p99=2,041,355ms (records_manager.py:1345)
14:35:39.475 INFO       intvty  p50=      22  p75=      23  p95=       26  p99=         29  (1/tpot tok/s) (records_manager.py:1345)
14:35:39.475 INFO       isl     p50=  40,727  p75=  60,786  p90=   86,598  p99=    164,635  (tokens) (records_manager.py:1345)
14:35:39.475 INFO       osl     p50=     325  p75=     711  p90=    1,348  p99=      4,661  (tokens) (records_manager.py:1345)
14:35:39.475 INFO       tot     in=114,815,961  out=1,517,364 (records_manager.py:1345)
14:35:39.475 INFO       trace  theoretical_prefix_cache_hit=93.8% (records_manager.py:1345)
14:35:39.475 INFO       srv    prefix_cache_hit=77.2% unique_in_srv=53,269,048 ext_cache_hit=26.6% kv_usage=90.9% queue=18r/172w tput_in_srv=91,329/s tput_out_srv=1,307/s (records_manager.py:1345)
14:36:23.325 INFO     [realtime 43:33 profiling] (records_manager.py:1345)
14:36:23.326 INFO       rps=0.1 (avg 1.0)  tput_in=44,735/s  tput_out=591/s  done=2,469 ok=2,469 err=0 (records_manager.py:1345)
14:36:23.326 INFO       ttft    p50=   564ms  p75= 6,119ms  p95=364,331ms  p99=1,993,968ms (records_manager.py:1345)
14:36:23.326 INFO       itl     p50=    46ms  p75=    51ms  p95=    110ms  p99=      181ms (records_manager.py:1345)
14:36:23.326 INFO       e2e     p50=21,305ms  p75=61,720ms  p95=500,891ms  p99=2,045,395ms (records_manager.py:1345)
14:36:23.326 INFO       intvty  p50=      22  p75=      23  p95=       26  p99=         29  (1/tpot tok/s) (records_manager.py:1345)
14:36:23.326 INFO       isl     p50=  40,735  p75=  60,999  p90=   86,759  p99=    165,868  (tokens) (records_manager.py:1345)
14:36:23.326 INFO       osl     p50=     325  p75=     711  p90=    1,349  p99=      4,660  (tokens) (records_manager.py:1345)
14:36:23.326 INFO       tot     in=115,265,255  out=1,521,673 (records_manager.py:1345)
14:36:23.326 INFO       trace  theoretical_prefix_cache_hit=93.8% (records_manager.py:1345)
14:36:23.326 INFO       srv    prefix_cache_hit=76.8% unique_in_srv=54,439,546 ext_cache_hit=26.0% kv_usage=96.1% queue=20r/169w tput_in_srv=90,245/s tput_out_srv=1,289/s (records_manager.py:1345)
14:36:49.444 INFO     Per-trace idle cap advanced replay root 4b970a20-6261-4d70-a5de-605b052f41a9 by 672.393s (replay_dependencies.py:324)
14:37:07.254 INFO     [realtime 44:17 profiling] (records_manager.py:1345)
14:37:07.254 INFO       rps=0.1 (avg 0.9)  tput_in=44,067/s  tput_out=580/s  done=2,474 ok=2,474 err=0 (records_manager.py:1345)
14:37:07.254 INFO       ttft    p50=   569ms  p75= 6,168ms  p95=420,720ms  p99=2,030,376ms (records_manager.py:1345)
14:37:07.254 INFO       itl     p50=    46ms  p75=    51ms  p95=    112ms  p99=      183ms (records_manager.py:1345)
14:37:07.254 INFO       e2e     p50=21,413ms  p75=62,346ms  p95=545,180ms  p99=2,066,251ms (records_manager.py:1345)
14:37:07.254 INFO       intvty  p50=      22  p75=      23  p95=       26  p99=         29  (1/tpot tok/s) (records_manager.py:1345)
14:37:07.254 INFO       isl     p50=  40,769  p75=  61,066  p90=   87,338  p99=    168,012  (tokens) (records_manager.py:1345)
14:37:07.254 INFO       osl     p50=     325  p75=     712  p90=    1,349  p99=      4,658  (tokens) (records_manager.py:1345)
14:37:07.254 INFO       tot     in=115,880,276  out=1,524,466 (records_manager.py:1345)
14:37:07.254 INFO       trace  theoretical_prefix_cache_hit=93.8% (records_manager.py:1345)
14:37:07.254 INFO       srv    prefix_cache_hit=76.4% unique_in_srv=55,568,312 ext_cache_hit=25.5% kv_usage=96.0% queue=19r/171w tput_in_srv=89,071/s tput_out_srv=1,270/s (records_manager.py:1345)
14:37:51.918 INFO     [realtime 45:01 profiling] (records_manager.py:1345)
14:37:51.918 INFO       rps=0.1 (avg 0.9)  tput_in=43,397/s  tput_out=569/s  done=2,477 ok=2,477 err=0 (records_manager.py:1345)
14:37:51.918 INFO       ttft    p50=   570ms  p75= 6,206ms  p95=500,418ms  p99=2,037,396ms (records_manager.py:1345)
14:37:51.918 INFO       itl     p50=    46ms  p75=    51ms  p95=    113ms  p99=      188ms (records_manager.py:1345)
14:37:51.918 INFO       e2e     p50=21,441ms  p75=62,435ms  p95=574,010ms  p99=2,084,213ms (records_manager.py:1345)
14:37:51.918 INFO       intvty  p50=      22  p75=      23  p95=       26  p99=         29  (1/tpot tok/s) (records_manager.py:1345)
14:37:51.919 INFO       isl     p50=  40,803  p75=  61,101  p90=   87,486  p99=    169,893  (tokens) (records_manager.py:1345)
14:37:51.919 INFO       osl     p50=     325  p75=     713  p90=    1,348  p99=      4,657  (tokens) (records_manager.py:1345)
14:37:51.919 INFO       tot     in=116,256,496  out=1,525,587 (records_manager.py:1345)
14:37:51.919 INFO       trace  theoretical_prefix_cache_hit=93.8% (records_manager.py:1345)
14:37:51.919 INFO       srv    prefix_cache_hit=76.2% unique_in_srv=56,383,308 ext_cache_hit=25.1% kv_usage=98.6% queue=19r/172w tput_in_srv=88,027/s tput_out_srv=1,254/s (records_manager.py:1345)
14:38:35.715 INFO     [realtime 45:45 profiling] (records_manager.py:1345)
14:38:35.715 INFO       rps=0.1 (avg 0.9)  tput_in=42,948/s  tput_out=566/s  done=2,482 ok=2,482 err=0 (records_manager.py:1345)
14:38:35.715 INFO       ttft    p50=   571ms  p75= 6,220ms  p95=545,373ms  p99=2,043,938ms (records_manager.py:1345)
14:38:35.715 INFO       itl     p50=    46ms  p75=    51ms  p95=    114ms  p99=      188ms (records_manager.py:1345)
14:38:35.715 INFO       e2e     p50=21,499ms  p75=63,398ms  p95=628,528ms  p99=2,112,821ms (records_manager.py:1345)
14:38:35.715 INFO       intvty  p50=      22  p75=      23  p95=       26  p99=         29  (1/tpot tok/s) (records_manager.py:1345)
14:38:35.715 INFO       isl     p50=  40,860  p75=  61,202  p90=   87,851  p99=    170,990  (tokens) (records_manager.py:1345)
14:38:35.715 INFO       osl     p50=     325  p75=     715  p90=    1,350  p99=      4,701  (tokens) (records_manager.py:1345)
14:38:35.715 INFO       tot     in=116,858,795  out=1,538,960 (records_manager.py:1345)
14:38:35.715 INFO       trace  theoretical_prefix_cache_hit=93.8% (records_manager.py:1345)
14:38:35.715 INFO       srv    prefix_cache_hit=75.9% unique_in_srv=57,279,766 ext_cache_hit=24.7% kv_usage=88.8% queue=17r/174w tput_in_srv=86,796/s tput_out_srv=1,241/s (records_manager.py:1345)
14:39:19.778 INFO     [realtime 46:29 profiling] (records_manager.py:1345)
14:39:19.778 INFO       rps=0.0 (avg 0.9)  tput_in=42,354/s  tput_out=557/s  done=2,484 ok=2,484 err=0 (records_manager.py:1345)
14:39:19.778 INFO       ttft    p50=   571ms  p75= 6,286ms  p95=574,803ms  p99=2,051,749ms (records_manager.py:1345)
14:39:19.778 INFO       itl     p50=    46ms  p75=    51ms  p95=    115ms  p99=      188ms (records_manager.py:1345)
14:39:19.779 INFO       e2e     p50=21,514ms  p75=63,640ms  p95=678,447ms  p99=2,124,132ms (records_manager.py:1345)
14:39:19.779 INFO       intvty  p50=      22  p75=      23  p95=       26  p99=         29  (1/tpot tok/s) (records_manager.py:1345)
14:39:19.779 INFO       isl     p50=  40,870  p75=  61,245  p90=   88,297  p99=    170,986  (tokens) (records_manager.py:1345)
14:39:19.779 INFO       osl     p50=     325  p75=     716  p90=    1,350  p99=      4,699  (tokens) (records_manager.py:1345)
14:39:19.779 INFO       tot     in=117,068,083  out=1,540,309 (records_manager.py:1345)
14:39:19.779 INFO       trace  theoretical_prefix_cache_hit=93.8% (records_manager.py:1345)
14:39:19.779 INFO       srv    prefix_cache_hit=75.6% unique_in_srv=58,048,970 ext_cache_hit=24.4% kv_usage=94.5% queue=17r/172w tput_in_srv=85,806/s tput_out_srv=1,226/s (records_manager.py:1345)
14:40:04.055 INFO     [realtime 47:14 profiling] (records_manager.py:1345)
14:40:04.055 INFO       rps=0.2 (avg 0.9)  tput_in=41,810/s  tput_out=551/s  done=2,491 ok=2,491 err=0 (records_manager.py:1345)
14:40:04.055 INFO       ttft    p50=   572ms  p75= 6,559ms  p95=700,506ms  p99=2,113,382ms (records_manager.py:1345)
14:40:04.055 INFO       itl     p50=    46ms  p75=    51ms  p95=    116ms  p99=      189ms (records_manager.py:1345)
14:40:04.055 INFO       e2e     p50=21,596ms  p75=64,118ms  p95=740,960ms  p99=2,230,780ms (records_manager.py:1345)
14:40:04.055 INFO       intvty  p50=      22  p75=      23  p95=       26  p99=         29  (1/tpot tok/s) (records_manager.py:1345)
14:40:04.055 INFO       isl     p50=  41,006  p75=  61,436  p90=   88,608  p99=    170,970  (tokens) (records_manager.py:1345)
14:40:04.055 INFO       osl     p50=     325  p75=     720  p90=    1,359  p99=      4,691  (tokens) (records_manager.py:1345)
14:40:04.055 INFO       tot     in=117,797,838  out=1,551,771 (records_manager.py:1345)
14:40:04.055 INFO       trace  theoretical_prefix_cache_hit=93.8% (records_manager.py:1345)
14:40:04.055 INFO       srv    prefix_cache_hit=75.4% unique_in_srv=58,791,042 ext_cache_hit=24.1% kv_usage=82.4% queue=13r/182w tput_in_srv=84,655/s tput_out_srv=1,213/s (records_manager.py:1345)
14:40:48.516 INFO     [realtime 47:58 profiling] (records_manager.py:1345)
14:40:48.516 INFO       rps=0.0 (avg 0.9)  tput_in=41,316/s  tput_out=543/s  done=2,493 ok=2,493 err=0 (records_manager.py:1345)
14:40:48.516 INFO       ttft    p50=   572ms  p75= 6,664ms  p95=715,125ms  p99=2,146,420ms (records_manager.py:1345)
14:40:48.516 INFO       itl     p50=    46ms  p75=    51ms  p95=    116ms  p99=      189ms (records_manager.py:1345)
14:40:48.516 INFO       e2e     p50=21,712ms  p75=64,195ms  p95=761,278ms  p99=2,255,572ms (records_manager.py:1345)
14:40:48.516 INFO       intvty  p50=      22  p75=      23  p95=       26  p99=         29  (1/tpot tok/s) (records_manager.py:1345)
14:40:48.516 INFO       isl     p50=  41,030  p75=  61,514  p90=   88,706  p99=    171,201  (tokens) (records_manager.py:1345)
14:40:48.516 INFO       osl     p50=     326  p75=     722  p90=    1,359  p99=      4,689  (tokens) (records_manager.py:1345)
14:40:48.516 INFO       tot     in=118,155,221  out=1,553,491 (records_manager.py:1345)
14:40:48.516 INFO       trace  theoretical_prefix_cache_hit=93.8% (records_manager.py:1345)
14:40:48.516 INFO       srv    prefix_cache_hit=75.0% unique_in_srv=59,964,668 ext_cache_hit=23.6% kv_usage=88.8% queue=15r/185w tput_in_srv=83,737/s tput_out_srv=1,199/s (records_manager.py:1345)
14:41:32.752 INFO     [realtime 48:42 profiling] (records_manager.py:1345)
14:41:32.752 INFO       rps=0.0 (avg 0.9)  tput_in=40,841/s  tput_out=537/s  done=2,495 ok=2,495 err=0 (records_manager.py:1345)
14:41:32.752 INFO       ttft    p50=   573ms  p75= 6,743ms  p95=742,119ms  p99=2,159,189ms (records_manager.py:1345)
14:41:32.752 INFO       itl     p50=    46ms  p75=    52ms  p95=    116ms  p99=      189ms (records_manager.py:1345)
14:41:32.752 INFO       e2e     p50=21,713ms  p75=64,282ms  p95=772,527ms  p99=2,272,499ms (records_manager.py:1345)
14:41:32.752 INFO       intvty  p50=      22  p75=      23  p95=       26  p99=         29  (1/tpot tok/s) (records_manager.py:1345)
14:41:32.752 INFO       isl     p50=  41,048  p75=  61,532  p90=   88,860  p99=    171,193  (tokens) (records_manager.py:1345)
14:41:32.752 INFO       osl     p50=     326  p75=     724  p90=    1,360  p99=      4,687  (tokens) (records_manager.py:1345)
14:41:32.752 INFO       tot     in=118,412,166  out=1,557,312 (records_manager.py:1345)
14:41:32.752 INFO       trace  theoretical_prefix_cache_hit=93.8% (records_manager.py:1345)
14:41:32.752 INFO       srv    prefix_cache_hit=74.8% unique_in_srv=60,643,952 ext_cache_hit=23.3% kv_usage=97.8% queue=16r/185w tput_in_srv=82,821/s tput_out_srv=1,184/s (records_manager.py:1345)
14:42:16.733 INFO     [realtime 49:26 profiling] (records_manager.py:1345)
14:42:16.733 INFO       rps=0.0 (avg 0.8)  tput_in=40,187/s  tput_out=530/s  done=2,497 ok=2,497 err=0 (records_manager.py:1345)
14:42:16.733 INFO       ttft    p50=   573ms  p75= 6,843ms  p95=790,038ms  p99=2,186,025ms (records_manager.py:1345)
14:42:16.733 INFO       itl     p50=    46ms  p75=    52ms  p95=    116ms  p99=      189ms (records_manager.py:1345)
14:42:16.733 INFO       e2e     p50=21,740ms  p75=64,464ms  p95=853,865ms  p99=2,303,780ms (records_manager.py:1345)
14:42:16.733 INFO       intvty  p50=      22  p75=      23  p95=       26  p99=         29  (1/tpot tok/s) (records_manager.py:1345)
14:42:16.733 INFO       isl     p50=  41,054  p75=  61,573  p90=   89,035  p99=    171,185  (tokens) (records_manager.py:1345)
14:42:16.733 INFO       osl     p50=     327  p75=     725  p90=    1,364  p99=      4,785  (tokens) (records_manager.py:1345)
14:42:16.733 INFO       tot     in=118,601,346  out=1,564,554 (records_manager.py:1345)
14:42:16.733 INFO       trace  theoretical_prefix_cache_hit=93.8% (records_manager.py:1345)
14:42:16.733 INFO       srv    prefix_cache_hit=74.7% unique_in_srv=61,020,438 ext_cache_hit=23.2% kv_usage=91.4% queue=15r/185w tput_in_srv=81,622/s tput_out_srv=1,177/s (records_manager.py:1345)
14:42:57.594 WARNING  Event loop for worker_2eeb3eda is taking too long to run. Overhead: 55.16ms (event_loop_monitor.py:89)
14:43:00.757 INFO     [realtime 50:10 profiling] (records_manager.py:1345)
14:43:00.757 INFO       rps=0.0 (avg 0.8)  tput_in=40,187/s  tput_out=530/s  done=2,497 ok=2,497 err=0 (records_manager.py:1345)
14:43:00.757 INFO       ttft    p50=   573ms  p75= 6,843ms  p95=790,038ms  p99=2,186,025ms (records_manager.py:1345)
14:43:00.757 INFO       itl     p50=    46ms  p75=    52ms  p95=    116ms  p99=      189ms (records_manager.py:1345)
14:43:00.757 INFO       e2e     p50=21,740ms  p75=64,464ms  p95=853,865ms  p99=2,303,780ms (records_manager.py:1345)
14:43:00.757 INFO       intvty  p50=      22  p75=      23  p95=       26  p99=         29  (1/tpot tok/s) (records_manager.py:1345)
14:43:00.757 INFO       isl     p50=  41,054  p75=  61,573  p90=   89,035  p99=    171,185  (tokens) (records_manager.py:1345)
14:43:00.757 INFO       osl     p50=     327  p75=     725  p90=    1,364  p99=      4,785  (tokens) (records_manager.py:1345)
14:43:00.757 INFO       tot     in=118,601,346  out=1,564,554 (records_manager.py:1345)
14:43:00.757 INFO       trace  theoretical_prefix_cache_hit=93.8% (records_manager.py:1345)
14:43:00.757 INFO       srv    prefix_cache_hit=74.7% unique_in_srv=61,020,438 ext_cache_hit=23.2% kv_usage=99.2% queue=15r/188w tput_in_srv=80,548/s tput_out_srv=1,167/s (records_manager.py:1345)
14:43:45.085 INFO     [realtime 50:55 profiling] (records_manager.py:1345)
14:43:45.085 INFO       rps=0.1 (avg 0.8)  tput_in=39,309/s  tput_out=523/s  done=2,501 ok=2,501 err=0 (records_manager.py:1345)
14:43:45.085 INFO       ttft    p50=   576ms  p75= 6,872ms  p95=845,679ms  p99=2,202,356ms (records_manager.py:1345)
14:43:45.085 INFO       itl     p50=    47ms  p75=    52ms  p95=    116ms  p99=      189ms (records_manager.py:1345)
14:43:45.086 INFO       e2e     p50=21,894ms  p75=64,692ms  p95=906,574ms  p99=2,316,604ms (records_manager.py:1345)
14:43:45.086 INFO       intvty  p50=      21  p75=      23  p95=       26  p99=         29  (1/tpot tok/s) (records_manager.py:1345)
14:43:45.086 INFO       isl     p50=  41,075  p75=  61,768  p90=   89,769  p99=    172,479  (tokens) (records_manager.py:1345)
14:43:45.086 INFO       osl     p50=     327  p75=     732  p90=    1,366  p99=      4,797  (tokens) (records_manager.py:1345)
14:43:45.086 INFO       tot     in=119,204,653  out=1,586,607 (records_manager.py:1345)
14:43:45.086 INFO       trace  theoretical_prefix_cache_hit=93.8% (records_manager.py:1345)
14:43:45.086 INFO       srv    prefix_cache_hit=74.4% unique_in_srv=62,030,668 ext_cache_hit=22.8% kv_usage=93.7% queue=15r/187w tput_in_srv=79,615/s tput_out_srv=1,155/s (records_manager.py:1345)
14:44:29.171 INFO     [realtime 51:39 profiling] (records_manager.py:1345)
14:44:29.171 INFO       rps=0.1 (avg 0.8)  tput_in=38,771/s  tput_out=516/s  done=2,504 ok=2,504 err=0 (records_manager.py:1345)
14:44:29.172 INFO       ttft    p50=   578ms  p75= 6,927ms  p95=883,224ms  p99=2,252,349ms (records_manager.py:1345)
14:44:29.172 INFO       itl     p50=    47ms  p75=    52ms  p95=    116ms  p99=      189ms (records_manager.py:1345)
14:44:29.172 INFO       e2e     p50=21,951ms  p75=65,189ms  p95=981,296ms  p99=2,353,877ms (records_manager.py:1345)
14:44:29.172 INFO       intvty  p50=      21  p75=      23  p95=       26  p99=         29  (1/tpot tok/s) (records_manager.py:1345)
14:44:29.172 INFO       isl     p50=  41,138  p75=  61,796  p90=   89,830  p99=    172,452  (tokens) (records_manager.py:1345)
14:44:29.172 INFO       osl     p50=     328  p75=     733  p90=    1,371  p99=      4,797  (tokens) (records_manager.py:1345)
14:44:29.172 INFO       tot     in=119,532,143  out=1,592,227 (records_manager.py:1345)
14:44:29.172 INFO       trace  theoretical_prefix_cache_hit=93.8% (records_manager.py:1345)
14:44:29.172 INFO       srv    prefix_cache_hit=74.2% unique_in_srv=62,795,664 ext_cache_hit=22.5% kv_usage=92.7% queue=14r/189w tput_in_srv=78,698/s tput_out_srv=1,144/s (records_manager.py:1345)
14:45:14.055 INFO     [realtime 52:24 profiling] (records_manager.py:1345)
14:45:14.055 INFO       rps=0.0 (avg 0.8)  tput_in=38,598/s  tput_out=514/s  done=2,506 ok=2,506 err=0 (records_manager.py:1345)
14:45:14.056 INFO       ttft    p50=   578ms  p75= 7,018ms  p95=  956,436ms  p99=2,264,770ms (records_manager.py:1345)
14:45:14.056 INFO       itl     p50=    47ms  p75=    52ms  p95=      116ms  p99=      189ms (records_manager.py:1345)
14:45:14.056 INFO       e2e     p50=21,988ms  p75=65,229ms  p95=1,025,223ms  p99=2,392,994ms (records_manager.py:1345)
14:45:14.056 INFO       intvty  p50=      21  p75=      23  p95=         26  p99=         29  (1/tpot tok/s) (records_manager.py:1345)
14:45:14.056 INFO       isl     p50=  41,186  p75=  61,846  p90=     90,400  p99=    172,615  (tokens) (records_manager.py:1345)
14:45:14.056 INFO       osl     p50=     329  p75=     733  p90=      1,374  p99=      4,797  (tokens) (records_manager.py:1345)
14:45:14.056 INFO       tot     in=119,938,081  out=1,596,718 (records_manager.py:1345)
14:45:14.056 INFO       trace  theoretical_prefix_cache_hit=93.8% (records_manager.py:1345)
14:45:14.056 INFO       srv    prefix_cache_hit=73.9% unique_in_srv=63,558,236 ext_cache_hit=22.3% kv_usage=95.5% queue=14r/194w tput_in_srv=77,932/s tput_out_srv=1,130/s (records_manager.py:1345)
14:45:58.363 INFO     [realtime 53:08 profiling] (records_manager.py:1345)
14:45:58.363 INFO       rps=0.1 (avg 0.8)  tput_in=38,114/s  tput_out=506/s  done=2,509 ok=2,509 err=0 (records_manager.py:1345)
14:45:58.363 INFO       ttft    p50=   579ms  p75= 7,125ms  p95=  993,058ms  p99=2,296,225ms (records_manager.py:1345)
14:45:58.363 INFO       itl     p50=    47ms  p75=    52ms  p95=      116ms  p99=      189ms (records_manager.py:1345)
14:45:58.363 INFO       e2e     p50=22,051ms  p75=65,738ms  p95=1,079,675ms  p99=2,434,904ms (records_manager.py:1345)
14:45:58.363 INFO       intvty  p50=      21  p75=      23  p95=         26  p99=         29  (1/tpot tok/s) (records_manager.py:1345)
14:45:58.363 INFO       isl     p50=  41,319  p75=  61,905  p90=     90,630  p99=    174,039  (tokens) (records_manager.py:1345)
14:45:58.363 INFO       osl     p50=     329  p75=     733  p90=      1,373  p99=      4,797  (tokens) (records_manager.py:1345)
14:45:58.363 INFO       tot     in=120,441,147  out=1,598,772 (records_manager.py:1345)
14:45:58.363 INFO       trace  theoretical_prefix_cache_hit=93.9% (records_manager.py:1345)
14:45:58.363 INFO       srv    prefix_cache_hit=73.6% unique_in_srv=64,660,830 ext_cache_hit=21.9% kv_usage=95.2% queue=15r/195w tput_in_srv=77,112/s tput_out_srv=1,118/s (records_manager.py:1345)
14:46:33.045 INFO     Per-trace idle cap advanced replay root e3b4e138-594b-4aee-b09c-0ef3c5f9e16e by 945.085s (replay_dependencies.py:324)
14:46:42.593 INFO     [realtime 53:52 profiling] (records_manager.py:1345)
14:46:42.593 INFO       rps=0.1 (avg 0.8)  tput_in=37,703/s  tput_out=500/s  done=2,512 ok=2,512 err=0 (records_manager.py:1345)
14:46:42.593 INFO       ttft    p50=   580ms  p75= 7,233ms  p95=1,083,542ms  p99=2,322,724ms (records_manager.py:1345)
14:46:42.593 INFO       itl     p50=    47ms  p75=    52ms  p95=      116ms  p99=      189ms (records_manager.py:1345)
14:46:42.593 INFO       e2e     p50=22,094ms  p75=65,845ms  p95=1,120,028ms  p99=2,493,373ms (records_manager.py:1345)
14:46:42.593 INFO       intvty  p50=      21  p75=      23  p95=         26  p99=         29  (1/tpot tok/s) (records_manager.py:1345)
14:46:42.593 INFO       isl     p50=  41,366  p75=  61,930  p90=     91,120  p99=    175,073  (tokens) (records_manager.py:1345)
14:46:42.593 INFO       osl     p50=     330  p75=     735  p90=      1,375  p99=      4,797  (tokens) (records_manager.py:1345)
14:46:42.593 INFO       tot     in=120,929,478  out=1,604,377 (records_manager.py:1345)
14:46:42.594 INFO       trace  theoretical_prefix_cache_hit=93.9% (records_manager.py:1345)
14:46:42.594 INFO       srv    prefix_cache_hit=73.4% unique_in_srv=65,457,990 ext_cache_hit=21.6% kv_usage=93.9% queue=15r/195w tput_in_srv=76,364/s tput_out_srv=1,106/s (records_manager.py:1345)
14:47:27.124 INFO     [realtime 54:37 profiling] (records_manager.py:1345)
14:47:27.124 INFO       rps=0.1 (avg 0.8)  tput_in=37,402/s  tput_out=496/s  done=2,516 ok=2,516 err=0 (records_manager.py:1345)
14:47:27.124 INFO       ttft    p50=   582ms  p75= 7,298ms  p95=1,189,396ms  p99=2,387,346ms (records_manager.py:1345)
14:47:27.124 INFO       itl     p50=    47ms  p75=    52ms  p95=      116ms  p99=      189ms (records_manager.py:1345)
14:47:27.124 INFO       e2e     p50=22,217ms  p75=66,420ms  p95=1,198,427ms  p99=2,510,651ms (records_manager.py:1345)
14:47:27.124 INFO       intvty  p50=      21  p75=      23  p95=         26  p99=         29  (1/tpot tok/s) (records_manager.py:1345)
14:47:27.124 INFO       isl     p50=  41,451  p75=  62,014  p90=     91,598  p99=    175,701  (tokens) (records_manager.py:1345)
14:47:27.124 INFO       osl     p50=     330  p75=     736  p90=      1,378  p99=      4,796  (tokens) (records_manager.py:1345)
14:47:27.124 INFO       tot     in=121,464,940  out=1,609,405 (records_manager.py:1345)
14:47:27.124 INFO       trace  theoretical_prefix_cache_hit=93.9% (records_manager.py:1345)
14:47:27.124 INFO       srv    prefix_cache_hit=73.0% unique_in_srv=66,552,280 ext_cache_hit=21.3% kv_usage=94.2% queue=15r/196w tput_in_srv=75,607/s tput_out_srv=1,094/s (records_manager.py:1345)
14:48:11.344 INFO     [realtime 55:21 profiling] (records_manager.py:1345)
14:48:11.344 INFO       rps=0.0 (avg 0.8)  tput_in=36,984/s  tput_out=489/s  done=2,518 ok=2,518 err=0 (records_manager.py:1345)
14:48:11.344 INFO       ttft    p50=   582ms  p75= 7,341ms  p95=1,231,277ms  p99=2,412,767ms (records_manager.py:1345)
14:48:11.344 INFO       itl     p50=    47ms  p75=    52ms  p95=      116ms  p99=      189ms (records_manager.py:1345)
14:48:11.344 INFO       e2e     p50=22,273ms  p75=66,537ms  p95=1,255,881ms  p99=2,545,173ms (records_manager.py:1345)
14:48:11.344 INFO       intvty  p50=      21  p75=      23  p95=         26  p99=         29  (1/tpot tok/s) (records_manager.py:1345)
14:48:11.344 INFO       isl     p50=  41,469  p75=  62,162  p90=     91,930  p99=    175,689  (tokens) (records_manager.py:1345)
14:48:11.344 INFO       osl     p50=     330  p75=     736  p90=      1,377  p99=      4,796  (tokens) (records_manager.py:1345)
14:48:11.345 INFO       tot     in=121,797,786  out=1,610,593 (records_manager.py:1345)
14:48:11.345 INFO       trace  theoretical_prefix_cache_hit=93.9% (records_manager.py:1345)
14:48:11.345 INFO       srv    prefix_cache_hit=72.8% unique_in_srv=67,401,784 ext_cache_hit=21.0% kv_usage=97.5% queue=15r/202w tput_in_srv=74,787/s tput_out_srv=1,083/s (records_manager.py:1345)
14:48:55.471 INFO     [realtime 56:05 profiling] (records_manager.py:1345)
14:48:55.471 INFO       rps=0.1 (avg 0.8)  tput_in=36,570/s  tput_out=486/s  done=2,521 ok=2,521 err=0 (records_manager.py:1345)
14:48:55.471 INFO       ttft    p50=   583ms  p75= 7,440ms  p95=1,345,090ms  p99=2,448,640ms (records_manager.py:1345)
14:48:55.471 INFO       itl     p50=    47ms  p75=    52ms  p95=      116ms  p99=      189ms (records_manager.py:1345)
14:48:55.471 INFO       e2e     p50=22,296ms  p75=66,597ms  p95=1,396,468ms  p99=2,596,752ms (records_manager.py:1345)
14:48:55.471 INFO       intvty  p50=      21  p75=      23  p95=         26  p99=         29  (1/tpot tok/s) (records_manager.py:1345)
14:48:55.471 INFO       isl     p50=  41,533  p75=  62,226  p90=     92,124  p99=    175,954  (tokens) (records_manager.py:1345)
14:48:55.471 INFO       osl     p50=     331  p75=     737  p90=      1,384  p99=      5,384  (tokens) (records_manager.py:1345)
14:48:55.471 INFO       tot     in=122,221,254  out=1,624,133 (records_manager.py:1345)
14:48:55.471 INFO       trace  theoretical_prefix_cache_hit=93.9% (records_manager.py:1345)
14:48:55.471 INFO       srv    prefix_cache_hit=72.5% unique_in_srv=68,324,104 ext_cache_hit=20.7% kv_usage=98.3% queue=15r/204w tput_in_srv=74,129/s tput_out_srv=1,071/s (records_manager.py:1345)
14:48:57.143 INFO     Per-trace idle cap advanced replay root 10228322-26ca-4a8a-ae97-ac3a51169dc6 by 138.678s (replay_dependencies.py:324)
14:49:39.681 INFO     [realtime 56:49 profiling] (records_manager.py:1345)
14:49:39.681 INFO       rps=0.1 (avg 0.7)  tput_in=36,150/s  tput_out=479/s  done=2,525 ok=2,525 err=0 (records_manager.py:1345)
14:49:39.681 INFO       ttft    p50=   584ms  p75= 7,503ms  p95=1,498,781ms  p99=2,520,603ms (records_manager.py:1345)
14:49:39.681 INFO       itl     p50=    47ms  p75=    52ms  p95=      117ms  p99=      189ms (records_manager.py:1345)
14:49:39.681 INFO       e2e     p50=22,404ms  p75=66,810ms  p95=1,517,309ms  p99=2,723,241ms (records_manager.py:1345)
14:49:39.681 INFO       intvty  p50=      21  p75=      23  p95=         26  p99=         29  (1/tpot tok/s) (records_manager.py:1345)
14:49:39.681 INFO       isl     p50=  41,544  p75=  62,618  p90=     92,369  p99=    175,946  (tokens) (records_manager.py:1345)
14:49:39.681 INFO       osl     p50=     332  p75=     738  p90=      1,382  p99=      5,377  (tokens) (records_manager.py:1345)
14:49:39.682 INFO       tot     in=122,711,714  out=1,626,429 (records_manager.py:1345)
14:49:39.682 INFO       trace  theoretical_prefix_cache_hit=93.9% (records_manager.py:1345)
14:49:39.682 INFO       srv    prefix_cache_hit=72.3% unique_in_srv=69,035,494 ext_cache_hit=20.5% kv_usage=94.1% queue=13r/207w tput_in_srv=73,433/s tput_out_srv=1,061/s (records_manager.py:1345)
14:50:24.190 INFO     [realtime 57:34 profiling] (records_manager.py:1345)
14:50:24.191 INFO       rps=0.0 (avg 0.7)  tput_in=35,784/s  tput_out=474/s  done=2,527 ok=2,527 err=0 (records_manager.py:1345)
14:50:24.191 INFO       ttft    p50=   585ms  p75= 7,530ms  p95=1,643,648ms  p99=2,534,088ms (records_manager.py:1345)
14:50:24.191 INFO       itl     p50=    47ms  p75=    52ms  p95=      117ms  p99=      189ms (records_manager.py:1345)
14:50:24.191 INFO       e2e     p50=22,672ms  p75=67,008ms  p95=1,689,270ms  p99=2,760,714ms (records_manager.py:1345)
14:50:24.191 INFO       intvty  p50=      21  p75=      23  p95=         26  p99=         29  (1/tpot tok/s) (records_manager.py:1345)
14:50:24.191 INFO       isl     p50=  41,552  p75=  62,646  p90=     92,552  p99=    175,941  (tokens) (records_manager.py:1345)
14:50:24.191 INFO       osl     p50=     332  p75=     738  p90=      1,384  p99=      5,373  (tokens) (records_manager.py:1345)
14:50:24.191 INFO       tot     in=122,958,474  out=1,628,731 (records_manager.py:1345)
14:50:24.191 INFO       trace  theoretical_prefix_cache_hit=93.9% (records_manager.py:1345)
14:50:24.191 INFO       srv    prefix_cache_hit=72.2% unique_in_srv=69,498,448 ext_cache_hit=20.4% kv_usage=93.7% queue=12r/209w tput_in_srv=72,627/s tput_out_srv=1,052/s (records_manager.py:1345)
14:51:03.412 INFO     Per-trace idle cap advanced replay root f2846108-7e3e-40c9-b292-3facec88c4e0 by 12592.972s (replay_dependencies.py:324)
14:51:03.413 INFO     Per-trace idle cap advanced replay root f2846108-7e3e-40c9-b292-3facec88c4e0 by 2860.173s (replay_dependencies.py:324)
14:51:08.834 INFO     [realtime 58:18 profiling] (records_manager.py:1345)
14:51:08.834 INFO       rps=0.0 (avg 0.7)  tput_in=35,653/s  tput_out=472/s  done=2,528 ok=2,528 err=0 (records_manager.py:1345)
14:51:08.834 INFO       ttft    p50=   585ms  p75= 7,603ms  p95=1,695,367ms  p99=2,552,775ms (records_manager.py:1345)
14:51:08.834 INFO       itl     p50=    47ms  p75=    52ms  p95=      117ms  p99=      189ms (records_manager.py:1345)
14:51:08.834 INFO       e2e     p50=22,690ms  p75=67,137ms  p95=1,729,868ms  p99=2,778,653ms (records_manager.py:1345)
14:51:08.834 INFO       intvty  p50=      21  p75=      23  p95=         26  p99=         29  (1/tpot tok/s) (records_manager.py:1345)
14:51:08.834 INFO       isl     p50=  41,574  p75=  62,675  p90=     92,579  p99=    176,112  (tokens) (records_manager.py:1345)
14:51:08.834 INFO       osl     p50=     332  p75=     740  p90=      1,384  p99=      5,371  (tokens) (records_manager.py:1345)
14:51:08.834 INFO       tot     in=123,189,951  out=1,629,794 (records_manager.py:1345)
14:51:08.834 INFO       trace  theoretical_prefix_cache_hit=93.9% (records_manager.py:1345)
14:51:08.834 INFO       srv    prefix_cache_hit=72.0% unique_in_srv=69,996,320 ext_cache_hit=20.2% kv_usage=95.0% queue=13r/209w tput_in_srv=71,851/s tput_out_srv=1,045/s (records_manager.py:1345)
14:51:53.396 INFO     [realtime 59:03 profiling] (records_manager.py:1345)
14:51:53.396 INFO       rps=0.1 (avg 0.7)  tput_in=35,126/s  tput_out=464/s  done=2,531 ok=2,531 err=0 (records_manager.py:1345)
14:51:53.396 INFO       ttft    p50=   585ms  p75= 7,778ms  p95=1,803,471ms  p99=2,607,924ms (records_manager.py:1345)
14:51:53.396 INFO       itl     p50=    47ms  p75=    52ms  p95=      117ms  p99=      189ms (records_manager.py:1345)
14:51:53.396 INFO       e2e     p50=22,713ms  p75=67,383ms  p95=1,819,142ms  p99=2,824,889ms (records_manager.py:1345)
14:51:53.397 INFO       intvty  p50=      21  p75=      23  p95=         26  p99=         29  (1/tpot tok/s) (records_manager.py:1345)
14:51:53.397 INFO       isl     p50=  41,609  p75=  62,797  p90=     93,003  p99=    177,354  (tokens) (records_manager.py:1345)
14:51:53.397 INFO       osl     p50=     332  p75=     740  p90=      1,384  p99=      5,366  (tokens) (records_manager.py:1345)
14:51:53.397 INFO       tot     in=123,654,629  out=1,633,517 (records_manager.py:1345)
14:51:53.397 INFO       trace  theoretical_prefix_cache_hit=93.9% (records_manager.py:1345)
14:51:53.397 INFO       srv    prefix_cache_hit=71.7% unique_in_srv=71,019,188 ext_cache_hit=19.9% kv_usage=94.8% queue=13r/211w tput_in_srv=71,155/s tput_out_srv=1,034/s (records_manager.py:1345)
14:52:37.918 INFO     [realtime 59:47 profiling] (records_manager.py:1345)
14:52:37.918 INFO       rps=0.0 (avg 0.7)  tput_in=35,062/s  tput_out=462/s  done=2,533 ok=2,533 err=0 (records_manager.py:1345)
14:52:37.918 INFO       ttft    p50=   586ms  p75= 7,795ms  p95=1,805,723ms  p99=2,691,572ms (records_manager.py:1345)
14:52:37.918 INFO       itl     p50=    47ms  p75=    52ms  p95=      117ms  p99=      189ms (records_manager.py:1345)
14:52:37.918 INFO       e2e     p50=22,717ms  p75=67,898ms  p95=1,827,151ms  p99=2,851,482ms (records_manager.py:1345)
14:52:37.918 INFO       intvty  p50=      21  p75=      23  p95=         26  p99=         29  (1/tpot tok/s) (records_manager.py:1345)
14:52:37.918 INFO       isl     p50=  41,688  p75=  62,847  p90=     93,241  p99=    181,215  (tokens) (records_manager.py:1345)
14:52:37.918 INFO       osl     p50=     333  p75=     741  p90=      1,390  p99=      5,362  (tokens) (records_manager.py:1345)
14:52:37.918 INFO       tot     in=124,099,212  out=1,636,268 (records_manager.py:1345)
14:52:37.918 INFO       trace  theoretical_prefix_cache_hit=93.9% (records_manager.py:1345)
14:52:37.918 INFO       srv    prefix_cache_hit=71.5% unique_in_srv=71,941,504 ext_cache_hit=19.7% kv_usage=95.5% queue=13r/215w tput_in_srv=70,481/s tput_out_srv=1,023/s (records_manager.py:1345)
14:52:49.948 INFO     Timeout of 3599.99517789s elapsed for event 'profiling phase sending' (runner.py:1208)
14:52:49.952 NOTICE   Phase profiling (profiling) sending complete | sent=2,840, completed=2,534, in_flight=306 | sessions: sent=139, completed=3 | timeout_triggered=True (runner.py:1039)
14:52:49.953 INFO     Waiting for event 'profiling phase credits returned' with timeout of 29.994950668s (runner.py:1220)
14:52:49.954 INFO     Sent 2,840 requests. Waiting for all to complete... (records_manager.py:1014)
14:53:19.949 INFO     Timeout of 29.994950668s elapsed for event 'profiling phase credits returned' (runner.py:1208)
14:53:19.950 WARNING  Phase profiling timed out, cancelling all credits. Stats: sent=2840, completed=2536, cancelled=0, in_flight=304 (runner.py:1103)
14:53:19.951 INFO     Sent cancellation requests for 304 in-flight credits across 23 workers (sticky_router.py:489)
14:53:19.951 INFO     Waiting for all cancelled credits to be returned for phase profiling. Need 304 more credits. (runner.py:1117)
14:53:22.422 INFO     [realtime 1:00:32 profiling] (records_manager.py:1345)
14:53:22.422 INFO       rps=0.1 (avg 0.7)  tput_in=34,491/s  tput_out=455/s  done=2,536 ok=2,536 err=0 (records_manager.py:1345)
14:53:22.422 INFO       ttft    p50=   586ms  p75= 7,897ms  p95=1,809,585ms  p99=2,735,242ms (records_manager.py:1345)
14:53:22.422 INFO       itl     p50=    47ms  p75=    52ms  p95=      117ms  p99=      189ms (records_manager.py:1345)
14:53:22.422 INFO       e2e     p50=22,732ms  p75=68,032ms  p95=1,860,201ms  p99=2,889,080ms (records_manager.py:1345)
14:53:22.422 INFO       intvty  p50=      21  p75=      23  p95=         26  p99=         29  (1/tpot tok/s) (records_manager.py:1345)
14:53:22.422 INFO       isl     p50=  41,728  p75=  62,977  p90=     93,567  p99=    183,049  (tokens) (records_manager.py:1345)
14:53:22.422 INFO       osl     p50=     333  p75=     741  p90=      1,398  p99=      5,356  (tokens) (records_manager.py:1345)
14:53:22.422 INFO       tot     in=124,664,884  out=1,643,089 (records_manager.py:1345)
14:53:22.422 INFO       trace  theoretical_prefix_cache_hit=93.9% (records_manager.py:1345)
14:53:22.422 INFO       srv    prefix_cache_hit=71.2% unique_in_srv=72,940,336 ext_cache_hit=19.4% kv_usage=87.3% queue=12r/218w tput_in_srv=69,864/s tput_out_srv=1,013/s (records_manager.py:1345)
14:53:29.953 ERROR    Timeout waiting 10.0s for cancelled credits to return. Some credits may be stuck. Forcing phase completion. (runner.py:1140)
14:53:29.953 WARNING  Released stuck slots for phase profiling: session=160, prefill=0 (runner.py:1174)
14:53:29.954 NOTICE   Phase profiling (profiling) complete | completed=2,536, cancelled=304, errors=0 | sessions: completed=3, cancelled=9 | elapsed=3640.01s | grace_period_timeout=True (runner.py:1162)
14:53:29.955 INFO     Global system-idle cap summary: limit=10s, jumps=1, skipped=14.598s (agentic_replay.py:956)
14:53:29.955 INFO     BranchOrchestrator stats: spawned=1693 completed=612 errored=0 suspended=45 resumed=26 parents_failed_due_to_child_error=0 joins_suppressed=11 delayed=397 (branch_orchestrator.py:1782)
14:53:29.955 WARNING  BranchOrchestrator leaked state at cleanup: 8 active_joins, 4 future_joins, 790 tracked children, 45 parents with descendants (branch_orchestrator.py:1799)
14:53:29.955 WARNING  Abandoned pending join for parent 14bc8086-e458-4bab-a885-cce501d4c00a (outstanding=10, gated_turn_index=58, age_ms=3639995) (branch_orchestrator.py:1811)
14:53:29.955 WARNING  Abandoned pending join for parent dc495aa9-38fa-446e-b6f4-e0c051e5bde2 (outstanding=26, gated_turn_index=40, age_ms=3639986) (branch_orchestrator.py:1811)
14:53:29.955 WARNING  Abandoned pending join for parent d0f2d4b7-0417-421d-b900-f5db8567beec (outstanding=5, gated_turn_index=40, age_ms=3639983) (branch_orchestrator.py:1811)
14:53:29.955 WARNING  Abandoned pending join for parent c0099f2e-bf5b-4b20-b0c5-3638905f5b6f (outstanding=1, gated_turn_index=33, age_ms=3639982) (branch_orchestrator.py:1811)
14:53:29.955 WARNING  Abandoned pending join for parent 35e900f3-f51a-45ee-89b9-0af55d45efc8 (outstanding=0, gated_turn_index=5, age_ms=3318136) (branch_orchestrator.py:1811)
14:53:29.955 WARNING  Abandoned pending join for parent d33f145c-f55e-4d90-88f1-efc3d2e6b1a6 (outstanding=0, gated_turn_index=6, age_ms=3345135) (branch_orchestrator.py:1811)
14:53:29.955 WARNING  Abandoned pending join for parent e3b4e138-594b-4aee-b09c-0ef3c5f9e16e (outstanding=0, gated_turn_index=17, age_ms=416909) (branch_orchestrator.py:1811)
14:53:29.955 WARNING  Abandoned pending join for parent d944b3da-a01e-4c24-a379-edd106a30290 (outstanding=2, gated_turn_index=3, age_ms=9980) (branch_orchestrator.py:1811)
14:53:29.955 INFO     Received CREDIT_PHASE_COMPLETE message, Phase complete: PhaseRecordsStats(phase=CreditPhase.PROFILING, phase_index=0, profiling_index=0, phase_name='profiling', phase_kind='profiling', start_ns=1791553969948529483, sent_end_ns=1791557569949195785, requests_end_ns=1791557609954002832, baseline_start_ns=1791553969948492573, baseline_end_ns=1791557609954089022, total_expected_requests=None, expected_duration_sec=None, expected_num_sessions=None, expected_grace_period_sec=None, final_requests_sent=None, final_requests_completed=2536, final_requests_cancelled=304, final_request_errors=0, final_sent_sessions=None, final_completed_sessions=None, final_cancelled_sessions=None, timeout_triggered=True, grace_period_timeout_triggered=True, was_cancelled=False, records_end_ns=None, success_records=2536, error_records=0) (records_manager.py:1040)
14:53:29.956 WARNING  Abandoned pending join for parent a7694aa0-ec22-4e89-8616-91537b4ae683 (outstanding=23, gated_turn_index=36, age_ms=3639987) (branch_orchestrator.py:1811)
14:53:29.956 WARNING  Abandoned pending join for parent dc495aa9-38fa-446e-b6f4-e0c051e5bde2 (outstanding=13, gated_turn_index=51, age_ms=3639986) (branch_orchestrator.py:1811)
14:53:29.956 NOTICE   All requests have completed, please wait for the results to be processed (currently 2,536 of 2,536 records processed)... (records_manager.py:1051)
14:53:29.956 WARNING  Abandoned pending join for parent a7551eec-983c-47a7-9afd-1dbc3e02c38b (outstanding=0, gated_turn_index=4, age_ms=3549411) (branch_orchestrator.py:1811)
14:53:29.956 WARNING  Abandoned pending join for parent 9c1c5aed-086b-471f-8d5a-ff6a9eb8b557 (outstanding=0, gated_turn_index=10, age_ms=607444) (branch_orchestrator.py:1811)
14:53:29.956 INFO     Processed 2536 valid requests and 0 errors (2536 total). (records_manager.py:913)
14:53:29.956 INFO     Received all records, processing now... (records_manager.py:919)
14:53:29.957 INFO     Session-tree slots for phase profiling: peak_open=192 (target concurrency 192); released 160 still-open at teardown; late_events=0 (runner.py:551)
14:53:29.957 NOTICE   All credits completed (phase_orchestrator.py:245)
14:53:29.957 INFO     Server Metrics: Profiling complete, capturing final metrics... (manager.py:355)
14:53:29.958 INFO     All credits complete, please wait for the results to be processed... (records_manager.py:1077)
14:53:29.959 INFO     Waiting 2.0s for server metrics flush period... (records_manager.py:973)
14:53:29.960 INFO     Received credits complete from 'timing_manager' (system_controller.py:448)
14:53:31.955 INFO     Processing records results... (records_manager.py:2083)
14:53:51.377 INFO     Profiling metric coverage passed for 'profiling': TTFT=98.1%, inter-token latency=100.0% (required=95.0%). (records_manager.py:1814)
14:53:53.343 INFO     Waiting for result domains: server_metrics (system_controller.py:869)
14:55:10.825 INFO     Parquet export complete: /data/results/offload-thunder-60m/c192/aiperf_artifacts/server_metrics_export.parquet, 3,282,378 rows. (parquet_exporter.py:239)
14:55:10.836 INFO     Exported server metrics to Parquet: /data/results/offload-thunder-60m/c192/aiperf_artifacts/server_metrics_export.parquet (accumulator.py:620)
14:55:16.560 INFO     _finalize_and_process_results completed (records_manager.py:980)
14:55:31.362 INFO     All results received, initiating shutdown (system_controller.py:864)
14:55:31.576 INFO     [realtime 1:00:40 profiling] (records_manager.py:1345)
14:55:31.576 INFO       rps=0.0 (avg 0.7)  tput_in=34,491/s  tput_out=455/s  done=2,536 ok=2,536 err=0 (records_manager.py:1345)
14:55:31.577 INFO       ttft    p50=   586ms  p75= 7,897ms  p95=1,809,585ms  p99=2,735,242ms (records_manager.py:1345)
14:55:31.577 INFO       itl     p50=    47ms  p75=    52ms  p95=      117ms  p99=      189ms (records_manager.py:1345)
14:55:31.577 INFO       e2e     p50=22,732ms  p75=68,032ms  p95=1,860,201ms  p99=2,889,080ms (records_manager.py:1345)
14:55:31.578 INFO       intvty  p50=      21  p75=      23  p95=         26  p99=         29  (1/tpot tok/s) (records_manager.py:1345)
14:55:31.578 INFO       isl     p50=  41,728  p75=  62,977  p90=     93,567  p99=    183,049  (tokens) (records_manager.py:1345)
14:55:31.578 INFO       osl     p50=     333  p75=     741  p90=      1,398  p99=      5,356  (tokens) (records_manager.py:1345)
14:55:31.578 INFO       tot     in=124,664,884  out=1,643,089 (records_manager.py:1345)
14:55:31.578 INFO       trace  theoretical_prefix_cache_hit=93.9% (records_manager.py:1345)
14:55:31.579 INFO       srv    prefix_cache_hit=71.2% unique_in_srv=72,940,336 ext_cache_hit=19.4% kv_usage=0.0% queue=0r/0w tput_in_srv=69,435/s tput_out_srv=1,006/s (records_manager.py:1345)
14:55:32.202 WARNING  Service worker process (pid: 81) still alive after bus shutdown grace; killing (SIGKILL / TerminateProcess — children ignore SIGTERM) (multiprocess_service_manager.py:277)
14:55:32.343 INFO     Exporting all records (exporter_manager.py:69)
14:55:55.258 INFO     Exporting console data (exporter_manager.py:326)


                                                   NVIDIA AIPerf | LLM Metrics: Effective                                                   
┏━━━━━━━━━━━━━━━━━━━━━━━━━━━━━━━━━━┳━━━━━━━━━━━━━━━┳━━━━━━━━┳━━━━━━━━━━━━━━━┳━━━━━━━━━━━━━━━┳━━━━━━━━━━━━━━━┳━━━━━━━━━━━━━━━┳━━━━━━━━━━━━━━┓
┃                           Metric ┃           avg ┃    min ┃           max ┃           p99 ┃           p90 ┃           p50 ┃          std ┃
┡━━━━━━━━━━━━━━━━━━━━━━━━━━━━━━━━━━╇━━━━━━━━━━━━━━━╇━━━━━━━━╇━━━━━━━━━━━━━━━╇━━━━━━━━━━━━━━━╇━━━━━━━━━━━━━━━╇━━━━━━━━━━━━━━━╇━━━━━━━━━━━━━━┩
│ Effective Concurrency (requests) │        131.39 │   0.00 │        235.00 │        232.00 │        224.00 │        148.00 │        81.53 │
│      Effective Decode Throughput │        450.70 │   0.00 │     35,923.19 │      1,557.39 │      1,104.60 │        220.48 │       514.05 │
│                     (tokens/sec) │               │        │               │               │               │               │              │
│     Effective Prefill Throughput │     34,248.54 │   0.00 │    598,658.29 │    295,526.64 │    132,835.28 │     11,853.38 │    64,859.20 │
│                     (tokens/sec) │               │        │               │               │               │               │              │
│     Effective Decode Concurrency │         25.46 │   0.00 │         65.00 │         59.00 │         43.00 │         28.00 │        14.29 │
│                       (requests) │               │        │               │               │               │               │              │
│    Effective Prefill Concurrency │        105.92 │   0.00 │        206.00 │        196.00 │        189.00 │        128.00 │        70.16 │
│                       (requests) │               │        │               │               │               │               │              │
│       Effective Total Throughput │     34,699.24 │   0.00 │    599,108.55 │    296,123.54 │    133,582.53 │     12,636.05 │    64,998.64 │
│                     (tokens/sec) │               │        │               │               │               │               │              │
│  Effective Decode Throughput Per │         15.03 │   0.00 │      1,515.89 │         36.51 │         28.84 │         20.57 │        14.14 │
│                             User │               │        │               │               │               │               │              │
│                (tokens/sec/user) │               │        │               │               │               │               │              │
│ Effective Prefill Throughput Per │        320.78 │   0.00 │     17,244.53 │      3,693.22 │        908.81 │         74.35 │       818.33 │
│                             User │               │        │               │               │               │               │              │
│                (tokens/sec/user) │               │        │               │               │               │               │              │
│        Tokens In Flight (tokens) │ 13,366,629.78 │   0.00 │ 21,204,985.44 │ 21,118,663.83 │ 20,824,256.40 │ 17,445,059.84 │ 7,332,129.01 │
│     Effective Latency (CO-aware) │    188,589.96 │ 294.65 │  3,314,320.32 │  2,889,110.66 │    261,119.59 │     22,733.85 │   549,613.87 │
│                             (ms) │               │        │               │               │               │               │              │
└──────────────────────────────────┴───────────────┴────────┴───────────────┴───────────────┴───────────────┴───────────────┴──────────────┘
                                             NVIDIA AIPerf | LLM Metrics: Active                                             
┏━━━━━━━━━━━━━━━━━━━━━━━━━━━━━━━━━━━━━━━━┳━━━━━━━━━━━┳━━━━━━━┳━━━━━━━━━━━━┳━━━━━━━━━━━━┳━━━━━━━━━━━━┳━━━━━━━━━━━┳━━━━━━━━━━━┓
┃                                 Metric ┃       avg ┃   min ┃        max ┃        p99 ┃        p90 ┃       p50 ┃       std ┃
┡━━━━━━━━━━━━━━━━━━━━━━━━━━━━━━━━━━━━━━━━╇━━━━━━━━━━━╇━━━━━━━╇━━━━━━━━━━━━╇━━━━━━━━━━━━╇━━━━━━━━━━━━╇━━━━━━━━━━━╇━━━━━━━━━━━┩
│  Active Decode Throughput (tokens/sec) │    453.90 │  0.00 │  35,923.19 │   1,558.51 │   1,105.60 │    225.90 │    514.46 │
│ Active Prefill Throughput (tokens/sec) │ 35,286.63 │ 37.26 │ 598,658.29 │ 298,308.59 │ 136,001.68 │ 12,166.85 │ 65,556.03 │
│      Active Decode Throughput Per User │     15.13 │  0.00 │   1,515.89 │      36.54 │      28.86 │     21.01 │     14.13 │
│                      (tokens/sec/user) │           │       │            │            │            │           │           │
│     Active Prefill Throughput Per User │    330.50 │ 37.26 │  17,244.53 │   3,800.39 │     926.30 │     76.41 │    828.70 │
│                      (tokens/sec/user) │           │       │            │            │            │           │           │
│   Active Total Throughput (tokens/sec) │ 34,945.38 │  6.22 │ 599,108.55 │ 297,653.56 │ 134,166.39 │ 12,695.86 │ 65,162.79 │
└────────────────────────────────────────┴───────────┴───────┴────────────┴────────────┴────────────┴───────────┴───────────┘
                                                NVIDIA AIPerf | LLM Metrics: Usage                                                 
┏━━━━━━━━━━━━━━━━━━━━━━━━━━━━━━━━━━━━━━━━━┳━━━━━━━━━━━━━━━━┳━━━━━━━━┳━━━━━━━━━━━━┳━━━━━━━━━━━━┳━━━━━━━━━━━┳━━━━━━━━━━━┳━━━━━━━━━━━┓
┃                                  Metric ┃            avg ┃    min ┃        max ┃        p99 ┃       p90 ┃       p50 ┃       std ┃
┡━━━━━━━━━━━━━━━━━━━━━━━━━━━━━━━━━━━━━━━━━╇━━━━━━━━━━━━━━━━╇━━━━━━━━╇━━━━━━━━━━━━╇━━━━━━━━━━━━╇━━━━━━━━━━━╇━━━━━━━━━━━╇━━━━━━━━━━━┩
│            Usage Prompt Tokens (tokens) │      49,158.08 │ 150.00 │ 252,882.00 │ 183,049.10 │ 93,567.00 │ 41,727.50 │ 38,259.76 │
│ Usage Prompt Cache Read Tokens (tokens) │      38,302.37 │   0.00 │ 183,520.00 │ 144,692.00 │ 79,888.00 │ 34,120.00 │ 32,768.15 │
│        Usage Completion Tokens (tokens) │         647.91 │   2.00 │  13,370.00 │   5,356.20 │  1,397.50 │    333.00 │  1,011.83 │
│             Usage Total Tokens (tokens) │      49,805.98 │ 208.00 │ 253,316.00 │ 187,724.45 │ 94,121.50 │ 42,128.00 │ 38,374.68 │
│      Total Usage Prompt Tokens (tokens) │ 124,664,884.00 │    N/A │        N/A │        N/A │       N/A │       N/A │       N/A │
│    Total Usage Prompt Cache Read Tokens │  97,134,816.00 │    N/A │        N/A │        N/A │       N/A │       N/A │       N/A │
│                                (tokens) │                │        │            │            │           │           │           │
│       Overall Usage Prompt Cache Read % │          77.92 │    N/A │        N/A │        N/A │       N/A │       N/A │       N/A │
│                                     (%) │                │        │            │            │           │           │           │
│  Total Usage Completion Tokens (tokens) │   1,643,089.00 │    N/A │        N/A │        N/A │       N/A │       N/A │       N/A │
│       Total Usage Total Tokens (tokens) │ 126,307,973.00 │    N/A │        N/A │        N/A │       N/A │       N/A │       N/A │
└─────────────────────────────────────────┴────────────────┴────────┴────────────┴────────────┴───────────┴───────────┴───────────┘
                                                        NVIDIA AIPerf | LLM Metrics                                                         
┏━━━━━━━━━━━━━━━━━━━━━━━━━━━━━━━━━━━━━━━━━━━━━━━━┳━━━━━━━━━━━━┳━━━━━━━━┳━━━━━━━━━━━━━━┳━━━━━━━━━━━━━━┳━━━━━━━━━━━━┳━━━━━━━━━━━┳━━━━━━━━━━━━┓
┃                                         Metric ┃        avg ┃    min ┃          max ┃          p99 ┃        p90 ┃       p50 ┃        std ┃
┡━━━━━━━━━━━━━━━━━━━━━━━━━━━━━━━━━━━━━━━━━━━━━━━━╇━━━━━━━━━━━━╇━━━━━━━━╇━━━━━━━━━━━━━━╇━━━━━━━━━━━━━━╇━━━━━━━━━━━━╇━━━━━━━━━━━╇━━━━━━━━━━━━┩
│                       Time to First Token (ms) │ 152,037.30 │  36.46 │ 3,232,793.98 │ 2,735,241.56 │ 166,994.12 │    585.98 │ 531,316.77 │
│                      Time to Second Token (ms) │      49.31 │   0.35 │     1,015.60 │       358.35 │     167.36 │     20.82 │      78.83 │
│                Time to First Output Token (ms) │ 152,037.30 │  36.46 │ 3,232,793.98 │ 2,735,241.56 │ 166,994.12 │    585.98 │ 531,316.77 │
│                           Request Latency (ms) │ 188,586.54 │ 293.19 │ 3,314,240.79 │ 2,889,079.68 │ 261,117.70 │ 22,731.54 │ 549,611.87 │
│                           Decode Duration (ms) │  36,549.24 │   8.64 │ 1,139,133.11 │   320,955.93 │  78,286.15 │ 16,965.91 │  66,638.85 │
│                      Full Decode Duration (ms) │  36,549.80 │   8.89 │ 1,139,133.63 │   320,956.22 │  78,286.19 │ 16,965.98 │  66,639.25 │
│                       Inter Token Latency (ms) │      55.24 │   8.64 │       324.15 │       188.51 │      76.65 │     46.58 │      29.55 │
│              Full-Response Inter Token Latency │      55.24 │   8.89 │       324.15 │       188.51 │      76.65 │     46.58 │      29.55 │
│                                           (ms) │            │        │              │              │            │           │            │
│               Output Token Throughput Per User │      20.38 │   3.08 │       115.73 │        28.84 │      24.67 │     21.47 │       5.21 │
│                              (tokens/sec/user) │            │        │              │              │            │           │            │
│  E2E Output Token Throughput (tokens/sec/user) │      16.61 │   0.00 │        30.32 │        26.31 │      23.22 │     19.51 │       7.42 │
│ Full-Response Output Token Throughput Per User │      20.38 │   3.08 │       112.43 │        28.84 │      24.67 │     21.47 │       5.18 │
│                              (tokens/sec/user) │            │        │              │              │            │           │            │
│                Output Sequence Length (tokens) │     647.91 │   2.00 │    13,370.00 │     5,356.20 │   1,397.50 │    333.00 │   1,011.83 │
│                 Input Sequence Length (tokens) │  49,158.08 │ 150.00 │   252,882.00 │   183,049.10 │  93,567.00 │ 41,727.50 │  38,259.76 │
│           Output Token Throughput (tokens/sec) │     451.40 │    N/A │          N/A │          N/A │        N/A │       N/A │        N/A │
│            Input Token Throughput (tokens/sec) │  34,248.54 │    N/A │          N/A │          N/A │        N/A │       N/A │        N/A │
│              Request Throughput (requests/sec) │       0.70 │    N/A │          N/A │          N/A │        N/A │       N/A │        N/A │
│                       Request Count (requests) │   2,536.00 │    N/A │          N/A │          N/A │        N/A │       N/A │        N/A │
│               Theoretical Prefix Cache Hit (%) │      92.73 │    N/A │          N/A │          N/A │        N/A │       N/A │        N/A │
└────────────────────────────────────────────────┴────────────┴────────┴──────────────┴──────────────┴────────────┴───────────┴────────────┘

CLI Command: aiperf profile --scenario 'agentx' --url 'http://agentx-epp-a-epp:80' --model 
'Qwen/Qwen3-Coder-30B-A3B-Instruct-FP8' --tokenizer 'Qwen/Qwen3-Coder-30B-A3B-Instruct-FP8' 
--concurrency 192 --public-dataset 'semianalysis_cc_traces_weka_062126_256k' --server-metrics 
'http://10.100.3.13:8000/metrics' --server-metrics-formats 'json' 'csv' 'parquet' 
--output-artifact-dir '/data/results/offload-thunder-60m/c192/aiperf_artifacts'
Benchmark Duration: 3614.37 sec
CSV Export: /data/results/offload-thunder-60m/c192/aiperf_artifacts/profile_export_aiperf.csv
JSON Export: /data/results/offload-thunder-60m/c192/aiperf_artifacts/profile_export_aiperf.json
Server Metrics CSV Export: 
/data/results/offload-thunder-60m/c192/aiperf_artifacts/server_metrics_export.csv
Server Metrics JSON Export: 
/data/results/offload-thunder-60m/c192/aiperf_artifacts/server_metrics_export.json
Timeslice CSV Export: 
/data/results/offload-thunder-60m/c192/aiperf_artifacts/profile_export_aiperf_timeslices.csv
Timeslice JSON Export: 
/data/results/offload-thunder-60m/c192/aiperf_artifacts/profile_export_aiperf_timeslices.json
Log File: /data/results/offload-thunder-60m/c192/aiperf_artifacts/logs/aiperf.log

saved /data/results/offload-thunder-60m/c192/aiperf_artifacts/swim_lane.png
saved /data/results/offload-thunder-60m/c192/aiperf_artifacts/swim_lane.html
