[transformers] PyTorch was not found. Models won't be available and only tokenizers, configuration and file/data utilities can be used.
2026-10-02 03:57:23,382 - inference_perf.config.config - INFO - Using configuration from: /etc/config/config.yml
2026-10-02 03:57:23,395 - inference_perf.config.config - INFO - Benchmarking with the following config:

api:
  type: chat
  streaming: true
  headers: null
  slo_unit: null
  slo_tpot_header: null
  slo_ttft_header: null
  response_format: null
  session_id_header_key: x-session-id
  session_token_header_key: null
data:
  type: weka_trace_replay
  path: null
  corpus_file_path: null
  input_distribution: null
  output_distribution: null
  shared_prefix: null
  multimodal: null
  trace: null
  otel_trace_replay: null
  weka_trace_replay:
    trace_directory: /data/traces
    num_dataset_entries: 400
    use_static_model: true
    static_model_name: Qwen/Qwen3-Coder-30B-A3B-Instruct-FP8
    default_block_size: 64
    skip_invalid_files: true
    trace_idle_gap_cap_seconds: 10.0
    max_wait_ms: 10000
    datagen_workers: 8
  conversation_replay: null
  visionarena: null
  synthetic_agentic: null
  use_chat_template: false
load:
  type: trace_session_replay
  interval: 1.0
  stages:
  - !!python/object:inference_perf.config.loadgen.config.TraceSessionReplayLoadStage
    __dict__:
      concurrent_sessions: 192
      session_rate: null
      num_sessions: null
      timeout: 2700.0
    __pydantic_extra__: null
    __pydantic_fields_set__: !!set
      concurrent_sessions: null
      timeout: null
    __pydantic_private__: null
  sweep: null
  num_workers: 24
  worker_max_concurrency: 100
  worker_max_tcp_connections: 2500
  trace: null
  circuit_breakers: []
  request_timeout: 1900
  request_retries: 0
  request_retry_backoff_sec: 0.5
  stage_teardown_grace_seconds: 120.0
  lora_traffic_split: null
  base_seed: 20260915
metrics: null
report:
  request_lifecycle:
    summary: true
    per_stage: true
    per_request: true
    per_request_fields:
      request: false
      response: false
      info: true
      response_chunks: false
      computed_metrics: true
    per_adapter: true
    per_adapter_stage: false
    percentiles:
    - 0.1
    - 1.0
    - 5.0
    - 10.0
    - 25.0
    - 50.0
    - 75.0
    - 90.0
    - 95.0
    - 99.0
    - 99.9
    use_server_output_tokens: true
    max_error_messages: 100
  prometheus:
    summary: true
    per_stage: false
  session_lifecycle:
    summary: true
    per_stage: true
    per_session: false
  goodput: null
storage:
  local_storage:
    path: /results/report
    report_file_prefix: null
  google_cloud_storage: null
  simple_storage_service: null
server:
  type: vllm
  model_name: Qwen/Qwen3-Coder-30B-A3B-Instruct-FP8
  base_url: http://thunder-lane-c-epp:80
tokenizer:
  pretrained_model_name_or_path: Qwen/Qwen3-Coder-30B-A3B-Instruct-FP8
circuit_breakers: null


2026-10-02 03:57:23,396 - inference_perf.client.filestorage.local - INFO - Report files will be stored at: /results/report
2026-10-02 03:57:23,397 - inference_perf.utils.custom_tokenizer - INFO - Loading tokenizer 'Qwen/Qwen3-Coder-30B-A3B-Instruct-FP8'
2026-10-02 03:57:23,504 - httpx - INFO - HTTP Request: GET https://huggingface.co/api/agent-harnesses "HTTP/1.1 200 OK"
2026-10-02 03:57:23,554 - httpx - INFO - HTTP Request: HEAD https://huggingface.co/Qwen/Qwen3-Coder-30B-A3B-Instruct-FP8/resolve/main/config.json "HTTP/1.1 307 Temporary Redirect"
2026-10-02 03:57:23,572 - httpx - INFO - HTTP Request: HEAD https://huggingface.co/api/resolve-cache/models/Qwen/Qwen3-Coder-30B-A3B-Instruct-FP8/dcaee4d4dfc5ee71ad501f01f530e5652438fde0/config.json "HTTP/1.1 200 OK"
2026-10-02 03:57:23,594 - httpx - INFO - HTTP Request: GET https://huggingface.co/api/resolve-cache/models/Qwen/Qwen3-Coder-30B-A3B-Instruct-FP8/dcaee4d4dfc5ee71ad501f01f530e5652438fde0/config.json "HTTP/1.1 200 OK"
2026-10-02 03:57:23,657 - httpx - INFO - HTTP Request: HEAD https://huggingface.co/Qwen/Qwen3-Coder-30B-A3B-Instruct-FP8/resolve/main/tokenizer_config.json "HTTP/1.1 307 Temporary Redirect"
2026-10-02 03:57:23,674 - httpx - INFO - HTTP Request: HEAD https://huggingface.co/api/resolve-cache/models/Qwen/Qwen3-Coder-30B-A3B-Instruct-FP8/dcaee4d4dfc5ee71ad501f01f530e5652438fde0/tokenizer_config.json "HTTP/1.1 200 OK"
2026-10-02 03:57:23,692 - httpx - INFO - HTTP Request: GET https://huggingface.co/api/resolve-cache/models/Qwen/Qwen3-Coder-30B-A3B-Instruct-FP8/dcaee4d4dfc5ee71ad501f01f530e5652438fde0/tokenizer_config.json "HTTP/1.1 200 OK"
2026-10-02 03:57:23,751 - httpx - INFO - HTTP Request: GET https://huggingface.co/api/models/Qwen/Qwen3-Coder-30B-A3B-Instruct-FP8/tree/main/additional_chat_templates?recursive=false&expand=false "HTTP/1.1 404 Not Found"
2026-10-02 03:57:23,804 - httpx - INFO - HTTP Request: GET https://huggingface.co/api/models/Qwen/Qwen3-Coder-30B-A3B-Instruct-FP8/tree/main?recursive=true&expand=false "HTTP/1.1 200 OK"
2026-10-02 03:57:23,869 - httpx - INFO - HTTP Request: HEAD https://huggingface.co/Qwen/Qwen3-Coder-30B-A3B-Instruct-FP8/resolve/main/vocab.json "HTTP/1.1 307 Temporary Redirect"
2026-10-02 03:57:23,886 - httpx - INFO - HTTP Request: HEAD https://huggingface.co/api/resolve-cache/models/Qwen/Qwen3-Coder-30B-A3B-Instruct-FP8/dcaee4d4dfc5ee71ad501f01f530e5652438fde0/vocab.json "HTTP/1.1 200 OK"
2026-10-02 03:57:23,904 - httpx - INFO - HTTP Request: GET https://huggingface.co/api/resolve-cache/models/Qwen/Qwen3-Coder-30B-A3B-Instruct-FP8/dcaee4d4dfc5ee71ad501f01f530e5652438fde0/vocab.json "HTTP/1.1 200 OK"
2026-10-02 03:57:24,038 - httpx - INFO - HTTP Request: HEAD https://huggingface.co/Qwen/Qwen3-Coder-30B-A3B-Instruct-FP8/resolve/main/merges.txt "HTTP/1.1 307 Temporary Redirect"
2026-10-02 03:57:24,055 - httpx - INFO - HTTP Request: HEAD https://huggingface.co/api/resolve-cache/models/Qwen/Qwen3-Coder-30B-A3B-Instruct-FP8/dcaee4d4dfc5ee71ad501f01f530e5652438fde0/merges.txt "HTTP/1.1 200 OK"
2026-10-02 03:57:24,073 - httpx - INFO - HTTP Request: GET https://huggingface.co/api/resolve-cache/models/Qwen/Qwen3-Coder-30B-A3B-Instruct-FP8/dcaee4d4dfc5ee71ad501f01f530e5652438fde0/merges.txt "HTTP/1.1 200 OK"
2026-10-02 03:57:24,144 - httpx - INFO - HTTP Request: HEAD https://huggingface.co/Qwen/Qwen3-Coder-30B-A3B-Instruct-FP8/resolve/main/tokenizer.json "HTTP/1.1 302 Found"
2026-10-02 03:57:24,798 - httpx - INFO - HTTP Request: HEAD https://huggingface.co/Qwen/Qwen3-Coder-30B-A3B-Instruct-FP8/resolve/main/added_tokens.json "HTTP/1.1 404 Not Found"
2026-10-02 03:57:24,847 - httpx - INFO - HTTP Request: HEAD https://huggingface.co/Qwen/Qwen3-Coder-30B-A3B-Instruct-FP8/resolve/main/special_tokens_map.json "HTTP/1.1 404 Not Found"
2026-10-02 03:57:24,901 - httpx - INFO - HTTP Request: HEAD https://huggingface.co/Qwen/Qwen3-Coder-30B-A3B-Instruct-FP8/resolve/main/chat_template.jinja "HTTP/1.1 307 Temporary Redirect"
2026-10-02 03:57:24,919 - httpx - INFO - HTTP Request: HEAD https://huggingface.co/api/resolve-cache/models/Qwen/Qwen3-Coder-30B-A3B-Instruct-FP8/dcaee4d4dfc5ee71ad501f01f530e5652438fde0/chat_template.jinja "HTTP/1.1 200 OK"
2026-10-02 03:57:24,936 - httpx - INFO - HTTP Request: GET https://huggingface.co/api/resolve-cache/models/Qwen/Qwen3-Coder-30B-A3B-Instruct-FP8/dcaee4d4dfc5ee71ad501f01f530e5652438fde0/chat_template.jinja "HTTP/1.1 200 OK"
2026-10-02 03:57:25,705 - httpx - INFO - HTTP Request: GET https://huggingface.co/api/models/Qwen/Qwen3-Coder-30B-A3B-Instruct-FP8 "HTTP/1.1 200 OK"
2026-10-02 03:57:25,708 - inference_perf.utils.custom_tokenizer - INFO - Loading tokenizer 'Qwen/Qwen3-Coder-30B-A3B-Instruct-FP8'
2026-10-02 03:57:25,760 - httpx - INFO - HTTP Request: HEAD https://huggingface.co/Qwen/Qwen3-Coder-30B-A3B-Instruct-FP8/resolve/main/config.json "HTTP/1.1 307 Temporary Redirect"
2026-10-02 03:57:25,778 - httpx - INFO - HTTP Request: HEAD https://huggingface.co/api/resolve-cache/models/Qwen/Qwen3-Coder-30B-A3B-Instruct-FP8/dcaee4d4dfc5ee71ad501f01f530e5652438fde0/config.json "HTTP/1.1 200 OK"
2026-10-02 03:57:25,830 - httpx - INFO - HTTP Request: HEAD https://huggingface.co/Qwen/Qwen3-Coder-30B-A3B-Instruct-FP8/resolve/main/tokenizer_config.json "HTTP/1.1 307 Temporary Redirect"
2026-10-02 03:57:25,849 - httpx - INFO - HTTP Request: HEAD https://huggingface.co/api/resolve-cache/models/Qwen/Qwen3-Coder-30B-A3B-Instruct-FP8/dcaee4d4dfc5ee71ad501f01f530e5652438fde0/tokenizer_config.json "HTTP/1.1 200 OK"
2026-10-02 03:57:25,897 - httpx - INFO - HTTP Request: GET https://huggingface.co/api/models/Qwen/Qwen3-Coder-30B-A3B-Instruct-FP8/tree/main/additional_chat_templates?recursive=false&expand=false "HTTP/1.1 404 Not Found"
2026-10-02 03:57:25,950 - httpx - INFO - HTTP Request: GET https://huggingface.co/api/models/Qwen/Qwen3-Coder-30B-A3B-Instruct-FP8/tree/main?recursive=true&expand=false "HTTP/1.1 200 OK"
2026-10-02 03:57:26,708 - httpx - INFO - HTTP Request: GET https://huggingface.co/api/models/Qwen/Qwen3-Coder-30B-A3B-Instruct-FP8 "HTTP/1.1 200 OK"
2026-10-02 03:57:26,793 - inference_perf.datagen.replay.weka_trace_replay_datagen - INFO - Loaded prompt corpus from: /workspace/inference_perf/assets/shakespeare.txt (5020475 chars)
[transformers] Token indices sequence length is longer than the specified maximum sequence length for this model (1306158 > 1048576). Running this sequence through the model will result in indexing errors
2026-10-02 03:57:43,399 - inference_perf.datagen.replay.weka_trace_replay_datagen - INFO - Building replay sessions for 338 traces with 8 processes
2026-10-02 03:58:47,950 - inference_perf.datagen.replay.weka_trace_replay_datagen - INFO - Built 338 replay sessions from 338 traces in 64.6s
2026-10-02 03:58:49,157 - inference_perf.datagen.replay.replay_graph_session_datagen - INFO - Built replay schedule: 31527 events across 338 sessions (eager)
2026-10-02 03:58:51,315 - inference_perf.loadgen.load_generator - INFO - Stage 0 - session-based run started
2026-10-02 03:58:51,317 - inference_perf.loadgen.load_generator - INFO - Session pool: concurrent_sessions=192, session_rate=None, timeout=2700.0, num_sessions=338 (corpus offset 0), total_sessions=338
2026-10-02 03:58:51,318 - inference_perf.datagen.replay.replay_graph_session_datagen - INFO - Dispatching session wekatrace174_924cdbd835a5567b0cca1484ce60e90e9f4f: 37 events
2026-10-02 03:58:51,322 - inference_perf.datagen.replay.replay_graph_session_datagen - INFO - Dispatching session wekatrace64_3607a64644d8b639c63ffcccc098344759e6: 46 events
2026-10-02 03:58:51,324 - inference_perf.datagen.replay.replay_graph_session_datagen - INFO - Dispatching session wekatrace147_80559b9e10b09ee2d9303acaecceb4d99895: 128 events
2026-10-02 03:58:51,337 - inference_perf.datagen.replay.replay_graph_session_datagen - INFO - Dispatching session wekatrace116_6601daa3865dae62024a519b66636afcc03e: 71 events
2026-10-02 03:58:51,344 - inference_perf.datagen.replay.replay_graph_session_datagen - INFO - Dispatching session wekatrace231_b86fab2bba76fbd063c04296cdd2eeee453e: 365 events
2026-10-02 03:58:51,361 - inference_perf.datagen.replay.replay_graph_session_datagen - INFO - Dispatching session wekatrace132_76ef82400a03738d4f138b163f1890a881c9: 266 events
2026-10-02 03:58:51,377 - inference_perf.datagen.replay.replay_graph_session_datagen - INFO - Dispatching session wekatrace319_f17d741a05b67f9d50934ca8468d18aa7922: 168 events
2026-10-02 03:58:51,389 - inference_perf.datagen.replay.replay_graph_session_datagen - INFO - Dispatching session wekatrace2_03be8f1eb1e9e620f46bd07068d6ab1aaae3: 27 events
2026-10-02 03:58:51,390 - inference_perf.datagen.replay.replay_graph_session_datagen - INFO - Dispatching session wekatrace24_14933d8a4190c45ac8fbd21183bba9469140: 27 events
2026-10-02 03:58:51,392 - inference_perf.datagen.replay.replay_graph_session_datagen - INFO - Dispatching session wekatrace191_a0edf077d076924c775d4da6377c2c4dc73a: 151 events
2026-10-02 03:58:51,406 - inference_perf.datagen.replay.replay_graph_session_datagen - INFO - Dispatching session wekatrace197_a3508fe56ade726a9b9118414362d2ead56d: 93 events
2026-10-02 03:58:51,409 - inference_perf.datagen.replay.replay_graph_session_datagen - INFO - Dispatching session wekatrace278_d4bd5e4015963744e0e1ea592da1594a9d13: 25 events
2026-10-02 03:58:51,412 - inference_perf.datagen.replay.replay_graph_session_datagen - INFO - Dispatching session wekatrace205_a8579208ea25d6f401207257139b163ec48d: 100 events
2026-10-02 03:58:51,415 - inference_perf.datagen.replay.replay_graph_session_datagen - INFO - Dispatching session wekatrace323_f33eebc1ce22a17f6d2bf9641b31547eb762: 33 events
2026-10-02 03:58:51,416 - inference_perf.datagen.replay.replay_graph_session_datagen - INFO - Dispatching session wekatrace257_ca33d363f81e07f21c193285db6d0ad9e4a6: 133 events
2026-10-02 03:58:51,431 - inference_perf.datagen.replay.replay_graph_session_datagen - INFO - Dispatching session wekatrace213_ac368b0d9027e56c38e5f55b9895dfc01abd: 24 events
2026-10-02 03:58:51,433 - inference_perf.datagen.replay.replay_graph_session_datagen - INFO - Dispatching session wekatrace83_47f2ae8a81c8db82b4cd4883b8dd4c531c93: 78 events
2026-10-02 03:58:51,436 - inference_perf.datagen.replay.replay_graph_session_datagen - INFO - Dispatching session wekatrace149_840ebb479056e12a852d3b7f827b8e09db55: 34 events
2026-10-02 03:58:51,443 - inference_perf.datagen.replay.replay_graph_session_datagen - INFO - Dispatching session wekatrace18_0da3a3bea6f3559a2eff4114839b328dad53: 18 events
2026-10-02 03:58:51,445 - inference_perf.datagen.replay.replay_graph_session_datagen - INFO - Dispatching session wekatrace181_999eea8a292a67475f955dd8f074dd4e413e: 81 events
2026-10-02 03:58:51,449 - inference_perf.datagen.replay.replay_graph_session_datagen - INFO - Dispatching session wekatrace118_663eae6f100daddf13cdf54c8e5f9622151d: 104 events
2026-10-02 03:58:51,455 - inference_perf.datagen.replay.replay_graph_session_datagen - INFO - Dispatching session wekatrace198_a42188fc362bde2410050ff0e6a8b267ed8a: 34 events
2026-10-02 03:58:51,456 - inference_perf.datagen.replay.replay_graph_session_datagen - INFO - Dispatching session wekatrace250_c3724708e826240f49026f58025d3829dcba: 117 events
2026-10-02 03:58:51,458 - inference_perf.datagen.replay.replay_graph_session_datagen - INFO - Dispatching session wekatrace333_fabd95c42f988d51e6c96ae9472bc7f69860: 170 events
2026-10-02 03:58:51,461 - inference_perf.datagen.replay.replay_graph_session_datagen - INFO - Dispatching session wekatrace220_af60ae862f19d091b7d8a3e5fa8b570abe2a: 69 events
2026-10-02 03:58:51,462 - inference_perf.datagen.replay.replay_graph_session_datagen - INFO - Dispatching session wekatrace55_2df1b153c477169c8ab4ecd9e917ccaa3dba: 324 events
2026-10-02 03:58:51,474 - inference_perf.datagen.replay.replay_graph_session_datagen - INFO - Dispatching session wekatrace17_0d9c99c3f96c2bcac0f9dec0987d5f411bcd: 83 events
2026-10-02 03:58:51,487 - inference_perf.datagen.replay.replay_graph_session_datagen - INFO - Dispatching session wekatrace37_217743dd65170f329ffbd58d974e6ef6ef83: 23 events
2026-10-02 03:58:51,487 - inference_perf.datagen.replay.replay_graph_session_datagen - INFO - Dispatching session wekatrace185_9df3a40cb25de2b1dd07169a4b117fe17e0e: 139 events
2026-10-02 03:58:51,490 - inference_perf.datagen.replay.replay_graph_session_datagen - INFO - Dispatching session wekatrace86_49ffa26d794d34ba3c66358e1d781b9f3c9c: 25 events
2026-10-02 03:58:51,491 - inference_perf.datagen.replay.replay_graph_session_datagen - INFO - Dispatching session wekatrace194_a1fc1985dc2bfdfc6b1a28b15e7eba9f8773: 23 events
2026-10-02 03:58:51,491 - inference_perf.datagen.replay.replay_graph_session_datagen - INFO - Dispatching session wekatrace239_bdbbd8a7870c5771cbf80d8c2b576e3a2526: 27 events
2026-10-02 03:58:51,496 - inference_perf.datagen.replay.replay_graph_session_datagen - INFO - Dispatching session wekatrace203_a69c007390941a32982d30eaa04e2d9da18c: 225 events
2026-10-02 03:58:51,500 - inference_perf.datagen.replay.replay_graph_session_datagen - INFO - Dispatching session wekatrace54_2de8538029066d95b4ff113d5750eb403cb7: 221 events
2026-10-02 03:58:51,505 - inference_perf.datagen.replay.replay_graph_session_datagen - INFO - Dispatching session wekatrace26_1770548ae8e30555e62d6d6296c0166d6074: 38 events
2026-10-02 03:58:51,506 - inference_perf.datagen.replay.replay_graph_session_datagen - INFO - Dispatching session wekatrace139_7ae0ab568310f5459008be618a9f711bc2be: 55 events
2026-10-02 03:58:51,508 - inference_perf.datagen.replay.replay_graph_session_datagen - INFO - Dispatching session wekatrace146_8044cd33fd7815ac1a4f0aaeae9e2eaa7509: 21 events
2026-10-02 03:58:51,512 - inference_perf.datagen.replay.replay_graph_session_datagen - INFO - Dispatching session wekatrace240_bdf8b214663bf985becdb49d48c7d002b62b: 41 events
2026-10-02 03:58:51,513 - inference_perf.datagen.replay.replay_graph_session_datagen - INFO - Dispatching session wekatrace306_e8621fca4d3bf2379a245fa0e50013d4d863: 22 events
2026-10-02 03:58:51,514 - inference_perf.datagen.replay.replay_graph_session_datagen - INFO - Dispatching session wekatrace224_b179aeed059d7652622a64954d0331ce68fd: 33 events
2026-10-02 03:58:51,515 - inference_perf.datagen.replay.replay_graph_session_datagen - INFO - Dispatching session wekatrace163_8e1a61685e99ae7d274a5b2b23ee761076d7: 73 events
2026-10-02 03:58:51,516 - inference_perf.datagen.replay.replay_graph_session_datagen - INFO - Dispatching session wekatrace283_d7f31968de8975996048824bdc2a097eb6cb: 181 events
2026-10-02 03:58:51,519 - inference_perf.datagen.replay.replay_graph_session_datagen - INFO - Dispatching session wekatrace39_263134ce70d475337deb473aadc255479210: 63 events
2026-10-02 03:58:51,521 - inference_perf.datagen.replay.replay_graph_session_datagen - INFO - Dispatching session wekatrace10_095a5152ab8fc1cdc847612872a01525cd1b: 91 events
2026-10-02 03:58:51,531 - inference_perf.datagen.replay.replay_graph_session_datagen - INFO - Dispatching session wekatrace183_9b3bbac0341e3f179e66e73a1f84f26b62b6: 57 events
2026-10-02 03:58:51,535 - inference_perf.datagen.replay.replay_graph_session_datagen - INFO - Dispatching session wekatrace120_66eca77264acd8d1c1e95da8065f3e726e8c: 40 events
2026-10-02 03:58:51,536 - inference_perf.datagen.replay.replay_graph_session_datagen - INFO - Dispatching session wekatrace334_fe1aaa31badf4f218622e630f7c002dcbc18: 131 events
2026-10-02 03:58:51,545 - inference_perf.datagen.replay.replay_graph_session_datagen - INFO - Dispatching session wekatrace193_a1bfbc403e0ae7ae35051047b2230c978e1f: 352 events
2026-10-02 03:58:51,552 - inference_perf.datagen.replay.replay_graph_session_datagen - INFO - Dispatching session wekatrace324_f3852e8ca1ac3887151243be3467e483d725: 63 events
2026-10-02 03:58:51,554 - inference_perf.datagen.replay.replay_graph_session_datagen - INFO - Dispatching session wekatrace247_c0e1ecfc9e7108c799ebc6558042d892b1a5: 50 events
2026-10-02 03:58:51,555 - inference_perf.datagen.replay.replay_graph_session_datagen - INFO - Dispatching session wekatrace44_27bf77bcaaf2b6d2210bdbdab4934348f322: 30 events
2026-10-02 03:58:51,556 - inference_perf.datagen.replay.replay_graph_session_datagen - INFO - Dispatching session wekatrace57_300134008d4cc98f288179ea9dd9314f140c: 57 events
2026-10-02 03:58:51,557 - inference_perf.datagen.replay.replay_graph_session_datagen - INFO - Dispatching session wekatrace280_d4ecfcf5989d3eee18eec421184389148aa4: 31 events
2026-10-02 03:58:51,557 - inference_perf.datagen.replay.replay_graph_session_datagen - INFO - Dispatching session wekatrace315_f00e5dd80060aadcdd51f987a767800dab73: 253 events
2026-10-02 03:58:51,566 - inference_perf.datagen.replay.replay_graph_session_datagen - INFO - Dispatching session wekatrace305_e6d72440992899f6329ab4974985e3a43db4: 139 events
2026-10-02 03:58:51,569 - inference_perf.datagen.replay.replay_graph_session_datagen - INFO - Dispatching session wekatrace131_760634f36fb9e0e04dd81f3355ce8738c842: 33 events
2026-10-02 03:58:51,569 - inference_perf.datagen.replay.replay_graph_session_datagen - INFO - Dispatching session wekatrace88_4b5b583d4736a4399d3e5222be38f78d80c8: 160 events
2026-10-02 03:58:51,574 - inference_perf.datagen.replay.replay_graph_session_datagen - INFO - Dispatching session wekatrace259_caab1fdac91bcd159e3abb0606dd85c97f41: 24 events
2026-10-02 03:58:51,582 - inference_perf.datagen.replay.replay_graph_session_datagen - INFO - Dispatching session wekatrace331_f81ed47b5437c65860a614f86695c35ba363: 27 events
2026-10-02 03:58:51,583 - inference_perf.datagen.replay.replay_graph_session_datagen - INFO - Dispatching session wekatrace89_4b5c653bebf2b1a49753fd5919f8c14a29ae: 137 events
2026-10-02 03:58:51,587 - inference_perf.datagen.replay.replay_graph_session_datagen - INFO - Dispatching session wekatrace218_ae38ae775e168171b2d7513c1c7dee412a2b: 69 events
2026-10-02 03:58:51,588 - inference_perf.datagen.replay.replay_graph_session_datagen - INFO - Dispatching session wekatrace133_76f66f1802d3f394d05477f8decd4386f512: 49 events
2026-10-02 03:58:51,589 - inference_perf.datagen.replay.replay_graph_session_datagen - INFO - Dispatching session wekatrace189_9f20e7ac308c284e5218e06abb1e59c04c2e: 72 events
2026-10-02 03:58:51,591 - inference_perf.datagen.replay.replay_graph_session_datagen - INFO - Dispatching session wekatrace173_91ad17460dcb2ac7c54ef37a45507e8d5e4e: 139 events
2026-10-02 03:58:51,594 - inference_perf.datagen.replay.replay_graph_session_datagen - INFO - Dispatching session wekatrace321_f25cdaf2290264e23187558d177f96ca00dd: 146 events
2026-10-02 03:58:51,600 - inference_perf.datagen.replay.replay_graph_session_datagen - INFO - Dispatching session wekatrace112_5f0d3b0b3bf6d4954364ce0991f77e473a42: 108 events
2026-10-02 03:58:51,602 - inference_perf.datagen.replay.replay_graph_session_datagen - INFO - Dispatching session wekatrace97_5205240fa8f546d231b220f7b82e394dcd79: 35 events
2026-10-02 03:58:51,602 - inference_perf.datagen.replay.replay_graph_session_datagen - INFO - Dispatching session wekatrace227_b3975a6a874ca7e6789ac3364731e500146f: 121 events
2026-10-02 03:58:51,605 - inference_perf.datagen.replay.replay_graph_session_datagen - INFO - Dispatching session wekatrace294_e29f4e0501d4d5060c0594fc09175936ba1f: 66 events
2026-10-02 03:58:51,606 - inference_perf.datagen.replay.replay_graph_session_datagen - INFO - Dispatching session wekatrace175_95779044cc58023c929e52070a6df2cf2b91: 97 events
2026-10-02 03:58:51,608 - inference_perf.datagen.replay.replay_graph_session_datagen - INFO - Dispatching session wekatrace60_331adc4fafe640bd88b0f985d795b2a401fc: 100 events
2026-10-02 03:58:51,610 - inference_perf.datagen.replay.replay_graph_session_datagen - INFO - Dispatching session wekatrace145_7f7d606bf00e14f644cdbd3f018b3f69378d: 143 events
2026-10-02 03:58:51,613 - inference_perf.datagen.replay.replay_graph_session_datagen - INFO - Dispatching session wekatrace71_3eaabf7d2b95305a97f5da28d76bd8703c70: 30 events
2026-10-02 03:58:51,618 - inference_perf.datagen.replay.replay_graph_session_datagen - INFO - Dispatching session wekatrace248_c14d470c05bfa470de9004b38c3d34eb9267: 128 events
2026-10-02 03:58:51,620 - inference_perf.datagen.replay.replay_graph_session_datagen - INFO - Dispatching session wekatrace245_c03e35003893d05b83ddec10c77f479d5f04: 42 events
2026-10-02 03:58:51,621 - inference_perf.datagen.replay.replay_graph_session_datagen - INFO - Dispatching session wekatrace268_d1148414f9bc0a6280b42d3e4ba2dc9b53a3: 129 events
2026-10-02 03:58:51,624 - inference_perf.datagen.replay.replay_graph_session_datagen - INFO - Dispatching session wekatrace12_09c188c8b9201ec2046cc2df702623fef33e: 60 events
2026-10-02 03:58:51,633 - inference_perf.datagen.replay.replay_graph_session_datagen - INFO - Dispatching session wekatrace79_4478fb9a56bffd5bbd98ff44475608113f41: 122 events
2026-10-02 03:58:51,635 - inference_perf.datagen.replay.replay_graph_session_datagen - INFO - Dispatching session wekatrace21_116cb8d945f9d0810e788e51e3744adaab74: 23 events
2026-10-02 03:58:51,635 - inference_perf.datagen.replay.replay_graph_session_datagen - INFO - Dispatching session wekatrace98_52e8a29ecc05a5bc74fec73a49fa0ea0c6e5: 106 events
2026-10-02 03:58:51,638 - inference_perf.datagen.replay.replay_graph_session_datagen - INFO - Dispatching session wekatrace265_cf870339ff35290d4c4df5bc5cc4d9431b92: 77 events
2026-10-02 03:58:51,639 - inference_perf.datagen.replay.replay_graph_session_datagen - INFO - Dispatching session wekatrace236_b9952b717179fe28e9e3fa258c531e5d05ef: 285 events
2026-10-02 03:58:51,652 - inference_perf.datagen.replay.replay_graph_session_datagen - INFO - Dispatching session wekatrace136_79195953f2b41ecedb809ab4eb5ad2559a16: 244 events
2026-10-02 03:58:51,661 - inference_perf.datagen.replay.replay_graph_session_datagen - INFO - Dispatching session wekatrace258_ca8c494fa282db0e4bb1bc59b339e8071a85: 21 events
2026-10-02 03:58:51,662 - inference_perf.datagen.replay.replay_graph_session_datagen - INFO - Dispatching session wekatrace269_d1e9dc549473defa20175f9d1a8375b098c9: 25 events
2026-10-02 03:58:51,663 - inference_perf.datagen.replay.replay_graph_session_datagen - INFO - Dispatching session wekatrace96_50a90c78c331d870bee11b87bb240f00d9ee: 73 events
2026-10-02 03:58:51,665 - inference_perf.datagen.replay.replay_graph_session_datagen - INFO - Dispatching session wekatrace171_912f15fcd1728b9686d342f07571b5c833a6: 321 events
2026-10-02 03:58:51,675 - inference_perf.datagen.replay.replay_graph_session_datagen - INFO - Dispatching session wekatrace159_8a40e1e0fd4408fd008f69ba3169f079912b: 78 events
2026-10-02 03:58:51,678 - inference_perf.datagen.replay.replay_graph_session_datagen - INFO - Dispatching session wekatrace219_ae61ad714c0dbc6eee31ebd673bddd3e6f6f: 322 events
2026-10-02 03:58:51,690 - inference_perf.datagen.replay.replay_graph_session_datagen - INFO - Dispatching session wekatrace87_4ab6db64fcc354375b87b219764a9cbc5aa3: 32 events
2026-10-02 03:58:51,691 - inference_perf.datagen.replay.replay_graph_session_datagen - INFO - Dispatching session wekatrace201_a51cdf5df5c9687d77a573b19a228728e45b: 41 events
2026-10-02 03:58:51,693 - inference_perf.datagen.replay.replay_graph_session_datagen - INFO - Dispatching session wekatrace138_792a769fe13dd05abd68d240f774472e5340: 28 events
2026-10-02 03:58:51,693 - inference_perf.datagen.replay.replay_graph_session_datagen - INFO - Dispatching session wekatrace316_f02519b0a1c78d3e61c31d06b41c518d827e: 116 events
2026-10-02 03:58:51,695 - inference_perf.datagen.replay.replay_graph_session_datagen - INFO - Dispatching session wekatrace15_0c70490e175492606971b6979cfbef9c094f: 47 events
2026-10-02 03:58:51,696 - inference_perf.datagen.replay.replay_graph_session_datagen - INFO - Dispatching session wekatrace67_3b87c0e23861fdc2e2351fbe9c7f69668069: 113 events
2026-10-02 03:58:51,698 - inference_perf.datagen.replay.replay_graph_session_datagen - INFO - Dispatching session wekatrace184_9caaf8d22b815d8ec8e90b120f057906a81d: 28 events
2026-10-02 03:58:51,699 - inference_perf.datagen.replay.replay_graph_session_datagen - INFO - Dispatching session wekatrace182_9a47a25e8bb87492c599e8f1139c3333956e: 43 events
2026-10-02 03:58:51,700 - inference_perf.datagen.replay.replay_graph_session_datagen - INFO - Dispatching session wekatrace273_d2cb3ab225bf904aad72203cf7e904b90432: 23 events
2026-10-02 03:58:51,701 - inference_perf.datagen.replay.replay_graph_session_datagen - INFO - Dispatching session wekatrace195_a258646b7b14707796583cb63732cb145d23: 360 events
2026-10-02 03:58:51,710 - inference_perf.datagen.replay.replay_graph_session_datagen - INFO - Dispatching session wekatrace70_3d3bd73c61922b4c3c9833ee94391f3a728a: 58 events
2026-10-02 03:58:51,720 - inference_perf.datagen.replay.replay_graph_session_datagen - INFO - Dispatching session wekatrace124_7053adfcfbb77d730e5790ff46de93c461eb: 97 events
2026-10-02 03:58:51,722 - inference_perf.datagen.replay.replay_graph_session_datagen - INFO - Dispatching session wekatrace187_9e74ad6f4f9be07727dd4586eb936301298a: 49 events
2026-10-02 03:58:51,723 - inference_perf.datagen.replay.replay_graph_session_datagen - INFO - Dispatching session wekatrace289_de9c8c5feff1c38c78bc80a3bca9ba153f1a: 63 events
2026-10-02 03:58:51,724 - inference_perf.datagen.replay.replay_graph_session_datagen - INFO - Dispatching session wekatrace119_6655cd019b86440a42e54d1024c79673c919: 94 events
2026-10-02 03:58:51,726 - inference_perf.datagen.replay.replay_graph_session_datagen - INFO - Dispatching session wekatrace242_be8cbe86fa39534cb8534bf53f4d79fec596: 27 events
2026-10-02 03:58:51,726 - inference_perf.datagen.replay.replay_graph_session_datagen - INFO - Dispatching session wekatrace103_56d419682c5e52c26fe72210877eabb70359: 300 events
2026-10-02 03:58:51,742 - inference_perf.datagen.replay.replay_graph_session_datagen - INFO - Dispatching session wekatrace113_60f80e6bffe54ed25eb7eea307649a8fdf06: 31 events
2026-10-02 03:58:51,744 - inference_perf.datagen.replay.replay_graph_session_datagen - INFO - Dispatching session wekatrace16_0d75185d4e958ad360c16451eaa95d508edf: 210 events
2026-10-02 03:58:51,751 - inference_perf.datagen.replay.replay_graph_session_datagen - INFO - Dispatching session wekatrace92_4d9a5d6076d2e738ba1c7531c8405acffb2a: 86 events
2026-10-02 03:58:51,754 - inference_perf.datagen.replay.replay_graph_session_datagen - INFO - Dispatching session wekatrace1_01fece675b92efe07620225cd69c3884f774: 28 events
2026-10-02 03:58:51,755 - inference_perf.datagen.replay.replay_graph_session_datagen - INFO - Dispatching session wekatrace223_b0d0355c29b9b267314c792b9555936f01d6: 48 events
2026-10-02 03:58:51,756 - inference_perf.datagen.replay.replay_graph_session_datagen - INFO - Dispatching session wekatrace274_d32116118ad8f4cb101915fe12a273e6e13a: 25 events
2026-10-02 03:58:51,757 - inference_perf.datagen.replay.replay_graph_session_datagen - INFO - Dispatching session wekatrace93_4de7af6e9af97b3da8ebcf2817362fbfebc0: 102 events
2026-10-02 03:58:51,760 - inference_perf.datagen.replay.replay_graph_session_datagen - INFO - Dispatching session wekatrace11_09a5d415a7157ed48a5a6fa2711f2d8565c1: 243 events
2026-10-02 03:58:51,767 - inference_perf.datagen.replay.replay_graph_session_datagen - INFO - Dispatching session wekatrace91_4d31a8c14c39af1c31a386144a00b042397d: 37 events
2026-10-02 03:58:51,772 - inference_perf.datagen.replay.replay_graph_session_datagen - INFO - Dispatching session wekatrace179_994eeb65edeb127ae7995d0817105c91c361: 24 events
2026-10-02 03:58:51,773 - inference_perf.datagen.replay.replay_graph_session_datagen - INFO - Dispatching session wekatrace255_c8ad4fa8b80abe7fe8c9ad94541541e5f30f: 36 events
2026-10-02 03:58:51,775 - inference_perf.datagen.replay.replay_graph_session_datagen - INFO - Dispatching session wekatrace176_965b5be429f249d627b6c01870beab5eb252: 55 events
2026-10-02 03:58:51,776 - inference_perf.datagen.replay.replay_graph_session_datagen - INFO - Dispatching session wekatrace110_5b63c2aa30f153add9bf20ba1a7fcbb78a7c: 33 events
2026-10-02 03:58:51,781 - inference_perf.datagen.replay.replay_graph_session_datagen - INFO - Dispatching session wekatrace49_2b971773e1889a7692523d5cc0a78a0361cb: 43 events
2026-10-02 03:58:51,783 - inference_perf.datagen.replay.replay_graph_session_datagen - INFO - Dispatching session wekatrace100_5513272a824aa3ac37c175bb4b8e4ccf821f: 161 events
2026-10-02 03:58:51,787 - inference_perf.datagen.replay.replay_graph_session_datagen - INFO - Dispatching session wekatrace266_d0ba3f3cf4f0f42e6087d3a6d3569fd4a3ba: 48 events
2026-10-02 03:58:51,789 - inference_perf.datagen.replay.replay_graph_session_datagen - INFO - Dispatching session wekatrace126_72ecc38f835b767dffb42e14f1e35159520b: 235 events
2026-10-02 03:58:51,798 - inference_perf.datagen.replay.replay_graph_session_datagen - INFO - Dispatching session wekatrace314_ef1c394f9e17da77dcb5bd5e36ed4db0c6a2: 253 events
2026-10-02 03:58:51,806 - inference_perf.datagen.replay.replay_graph_session_datagen - INFO - Dispatching session wekatrace277_d4658b2f25092064e10cb5bbe11b34cc0ea7: 173 events
2026-10-02 03:58:51,813 - inference_perf.datagen.replay.replay_graph_session_datagen - INFO - Dispatching session wekatrace296_e32037bc5e6b0e117006be07e3e6736ff7b3: 42 events
2026-10-02 03:58:51,815 - inference_perf.datagen.replay.replay_graph_session_datagen - INFO - Dispatching session wekatrace166_8f2283fae5c7f00025b1bb01bad3f14e65c2: 31 events
2026-10-02 03:58:51,816 - inference_perf.datagen.replay.replay_graph_session_datagen - INFO - Dispatching session wekatrace221_afd3f3a1ccdb67fcb1022499a9a507842fad: 32 events
2026-10-02 03:58:51,818 - inference_perf.datagen.replay.replay_graph_session_datagen - INFO - Dispatching session wekatrace254_c77dd8cc2226e8008cadf79ab79b3b3299c6: 22 events
2026-10-02 03:58:51,820 - inference_perf.datagen.replay.replay_graph_session_datagen - INFO - Dispatching session wekatrace180_999cd8f2bf5389b17a4cd0b67dce25046859: 48 events
2026-10-02 03:58:51,822 - inference_perf.datagen.replay.replay_graph_session_datagen - INFO - Dispatching session wekatrace287_dcdb91dea85c2e3a900d5372ead832a944ee: 69 events
2026-10-02 03:58:51,824 - inference_perf.datagen.replay.replay_graph_session_datagen - INFO - Dispatching session wekatrace178_98487e95da7b7251318a1bf4ed04f9c83922: 45 events
2026-10-02 03:58:51,826 - inference_perf.datagen.replay.replay_graph_session_datagen - INFO - Dispatching session wekatrace215_ad2d0707607579ecd99018884c833228434a: 25 events
2026-10-02 03:58:51,827 - inference_perf.datagen.replay.replay_graph_session_datagen - INFO - Dispatching session wekatrace148_814ae6ec34943383bc8ed49ecf99c6816da9: 38 events
2026-10-02 03:58:51,829 - inference_perf.datagen.replay.replay_graph_session_datagen - INFO - Dispatching session wekatrace307_e94b7664aeaa513924f1e5426608b8e88977: 53 events
2026-10-02 03:58:51,831 - inference_perf.datagen.replay.replay_graph_session_datagen - INFO - Dispatching session wekatrace335_fe5ce39a5dc42b851ce91a792d3d628d92c1: 24 events
2026-10-02 03:58:51,831 - inference_perf.datagen.replay.replay_graph_session_datagen - INFO - Dispatching session wekatrace47_2a33d976372a63da5f0fdfe4705e9f7e2a01: 25 events
2026-10-02 03:58:51,832 - inference_perf.datagen.replay.replay_graph_session_datagen - INFO - Dispatching session wekatrace318_f11a8e5c3b44a6345acfabf160e8fc29bb14: 90 events
2026-10-02 03:58:51,838 - inference_perf.datagen.replay.replay_graph_session_datagen - INFO - Dispatching session wekatrace74_40b9e8d2a8419b1139f7cd0fda216cce1387: 31 events
2026-10-02 03:58:51,840 - inference_perf.datagen.replay.replay_graph_session_datagen - INFO - Dispatching session wekatrace291_e084564d4f5a400f78f55a670403189f9118: 21 events
2026-10-02 03:58:51,841 - inference_perf.datagen.replay.replay_graph_session_datagen - INFO - Dispatching session wekatrace23_13762df76dba635a268bf3acbb30bfffed63: 26 events
2026-10-02 03:58:51,842 - inference_perf.datagen.replay.replay_graph_session_datagen - INFO - Dispatching session wekatrace292_e16bc3f555ee6d5e54115256b7a90c9f3377: 32 events
2026-10-02 03:58:51,843 - inference_perf.datagen.replay.replay_graph_session_datagen - INFO - Dispatching session wekatrace311_ecee504cf3f4290c08c5ab163a2cbbad9342: 107 events
2026-10-02 03:58:51,845 - inference_perf.datagen.replay.replay_graph_session_datagen - INFO - Dispatching session wekatrace232_b8d5094dca420ca207f4dcfbcc7b5567f69e: 173 events
2026-10-02 03:58:51,852 - inference_perf.datagen.replay.replay_graph_session_datagen - INFO - Dispatching session wekatrace329_f778fed7b3253560bde80305144b6e81a7ee: 21 events
2026-10-02 03:58:51,853 - inference_perf.datagen.replay.replay_graph_session_datagen - INFO - Dispatching session wekatrace125_7181d2c7411c3b52dddd3926690a0a292ce9: 55 events
2026-10-02 03:58:51,855 - inference_perf.datagen.replay.replay_graph_session_datagen - INFO - Dispatching session wekatrace190_a0e492862f175caaeeb035530a09b57c2a05: 301 events
2026-10-02 03:58:51,862 - inference_perf.datagen.replay.replay_graph_session_datagen - INFO - Dispatching session wekatrace38_219331470ffaa5388ff9d7d8da92f5dc575b: 55 events
2026-10-02 03:58:51,864 - inference_perf.datagen.replay.replay_graph_session_datagen - INFO - Dispatching session wekatrace161_8af31f7082eeb02716b62ab9966e5afc37da: 66 events
2026-10-02 03:58:51,866 - inference_perf.datagen.replay.replay_graph_session_datagen - INFO - Dispatching session wekatrace263_cddb45cf3e7d11a7dfd906159ae64f7d7eb4: 369 events
2026-10-02 03:58:51,876 - inference_perf.datagen.replay.replay_graph_session_datagen - INFO - Dispatching session wekatrace282_d7af8566af906ea3643ae2adaef536c1b243: 250 events
2026-10-02 03:58:51,885 - inference_perf.datagen.replay.replay_graph_session_datagen - INFO - Dispatching session wekatrace249_c29d444bd1308da90ed0801376dc3af67ad6: 96 events
2026-10-02 03:58:51,889 - inference_perf.datagen.replay.replay_graph_session_datagen - INFO - Dispatching session wekatrace106_5807d9900a9a0640057729b4f096a836c329: 286 events
2026-10-02 03:58:51,897 - inference_perf.datagen.replay.replay_graph_session_datagen - INFO - Dispatching session wekatrace69_3cca189d2bde3942c589dd39724f2eae7479: 24 events
2026-10-02 03:58:51,899 - inference_perf.datagen.replay.replay_graph_session_datagen - INFO - Dispatching session wekatrace36_20821cf092022b08be8c97d438b5f8003ee7: 175 events
2026-10-02 03:58:51,904 - inference_perf.datagen.replay.replay_graph_session_datagen - INFO - Dispatching session wekatrace115_62cca00b06fb53edeb2df4b2365681932291: 67 events
2026-10-02 03:58:51,908 - inference_perf.datagen.replay.replay_graph_session_datagen - INFO - Dispatching session wekatrace94_4e7e9da6007f4fdebede92e497cafdc8362b: 23 events
2026-10-02 03:58:51,910 - inference_perf.datagen.replay.replay_graph_session_datagen - INFO - Dispatching session wekatrace137_791fc77464d5445a3f9e9cb14970a399a12e: 47 events
2026-10-02 03:58:51,912 - inference_perf.datagen.replay.replay_graph_session_datagen - INFO - Dispatching session wekatrace211_aba22d57224dd0adf249d20c46de840afd75: 64 events
2026-10-02 03:58:51,913 - inference_perf.datagen.replay.replay_graph_session_datagen - INFO - Dispatching session wekatrace177_96afe650c6da22ce32b05d3579c2fa028461: 36 events
2026-10-02 03:58:51,915 - inference_perf.datagen.replay.replay_graph_session_datagen - INFO - Dispatching session wekatrace42_277f03fe965658e3e16abec6ca7b11f894b7: 86 events
2026-10-02 03:58:51,917 - inference_perf.datagen.replay.replay_graph_session_datagen - INFO - Dispatching session wekatrace290_df6314449cba6dd7bb1de04f7aadb86328d0: 88 events
2026-10-02 03:58:51,920 - inference_perf.datagen.replay.replay_graph_session_datagen - INFO - Dispatching session wekatrace169_90b3445b5fec003346fb49dac092a3614e35: 28 events
2026-10-02 03:58:51,920 - inference_perf.datagen.replay.replay_graph_session_datagen - INFO - Dispatching session wekatrace225_b283484d4fbd0c43f195bf6fe0a6c8dd28a6: 88 events
2026-10-02 03:58:51,923 - inference_perf.datagen.replay.replay_graph_session_datagen - INFO - Dispatching session wekatrace243_bea7dc50de14489cd502c85c419f46aa7c88: 84 events
2026-10-02 03:58:51,925 - inference_perf.datagen.replay.replay_graph_session_datagen - INFO - Dispatching session wekatrace309_ebbf282a2f398b574516c0e3f3e4f59b54ab: 119 events
2026-10-02 03:58:51,929 - inference_perf.datagen.replay.replay_graph_session_datagen - INFO - Dispatching session wekatrace32_1d52c891bba8f47980ab604cb293e91056ef: 143 events
2026-10-02 03:58:51,933 - inference_perf.datagen.replay.replay_graph_session_datagen - INFO - Dispatching session wekatrace19_0f9870e68e496146a60b68dd3f0aba9aced2: 80 events
2026-10-02 03:58:51,935 - inference_perf.datagen.replay.replay_graph_session_datagen - INFO - Dispatching session wekatrace256_c8f877295ddac513c8f34519f4aa7c9ba7c2: 322 events
2026-10-02 03:58:51,946 - inference_perf.datagen.replay.replay_graph_session_datagen - INFO - Dispatching session wekatrace50_2c3e52bf4e687293e9fb70cba1c1786dceea: 21 events
2026-10-02 03:58:51,946 - inference_perf.datagen.replay.replay_graph_session_datagen - INFO - Dispatching session wekatrace209_aa6c46e7d866043082756fb2fa396dba1523: 176 events
2026-10-02 03:58:51,953 - inference_perf.datagen.replay.replay_graph_session_datagen - INFO - Dispatching session wekatrace264_cec8ee955fd0c9d2fe7931d8da7da2757f28: 21 events
2026-10-02 03:58:51,954 - inference_perf.datagen.replay.replay_graph_session_datagen - INFO - Dispatching session wekatrace45_27cf2ada39b896fea5580c895bfbd4119490: 84 events
2026-10-02 03:58:51,956 - inference_perf.datagen.replay.replay_graph_session_datagen - INFO - Dispatching session wekatrace216_ad33eb12484f8a683db9db76ac4dacc40809: 149 events
2026-10-02 03:58:51,961 - inference_perf.datagen.replay.replay_graph_session_datagen - INFO - Dispatching session wekatrace41_2724a8458d82a2ce14824ac577ef48297397: 64 events
2026-10-02 03:58:51,963 - inference_perf.datagen.replay.replay_graph_session_datagen - INFO - Dispatching session wekatrace214_acbce458d2237f6e569c5e7bd386d226f466: 53 events
2026-10-02 03:58:51,966 - inference_perf.datagen.replay.replay_graph_session_datagen - INFO - Dispatching session wekatrace130_7535c4f09c83c2e8d9ffa273cfca76b53871: 84 events
2026-10-02 03:58:51,970 - inference_perf.datagen.replay.replay_graph_session_datagen - INFO - Dispatching session wekatrace151_85464920f1ce7d1c5c4e35dce6c8125020b7: 36 events
2026-10-02 03:58:51,971 - inference_perf.datagen.replay.replay_graph_session_datagen - INFO - Dispatching session wekatrace192_a13d6d6e2e237d2f54d9d9e60a813bf9b660: 287 events
2026-10-02 03:58:51,981 - inference_perf.datagen.replay.replay_graph_session_datagen - INFO - Dispatching session wekatrace75_40f6b0a41facc7166110ec6f649e0d93567d: 28 events
2026-10-02 03:58:51,982 - inference_perf.datagen.replay.replay_graph_session_datagen - INFO - Dispatching session wekatrace43_2781d1fa9a22e982996948283bbcd3136c44: 21 events
2026-10-02 03:58:51,983 - inference_perf.datagen.replay.replay_graph_session_datagen - INFO - Dispatching session wekatrace4_04b25fe5b2ffa5e7ec9890426cce59838a05: 138 events
2026-10-02 03:58:51,987 - inference_perf.datagen.replay.replay_graph_session_datagen - INFO - Dispatching session wekatrace156_887b20cf4054809c33bc947d99188af08149: 70 events
2026-10-02 03:58:51,991 - inference_perf.datagen.replay.replay_graph_session_datagen - INFO - Dispatching session wekatrace168_905c177e85c26620cde0957e45af6d8ae1bd: 21 events
2026-10-02 03:58:51,992 - inference_perf.datagen.replay.replay_graph_session_datagen - INFO - Dispatching session wekatrace303_e5fbd6dfd130daf14f0059747c5481e7503e: 172 events
2026-10-02 03:58:51,996 - inference_perf.datagen.replay.replay_graph_session_datagen - INFO - Dispatching session wekatrace135_7914626c2fc4027b8c3006f4a05e63c8d395: 33 events
2026-10-02 03:58:51,997 - inference_perf.datagen.replay.replay_graph_session_datagen - INFO - Dispatching session wekatrace122_6b47c7b9791176dede513203e7c5fe2cdd43: 192 events
2026-10-02 03:58:52,002 - inference_perf.datagen.replay.replay_graph_session_datagen - INFO - Dispatching session wekatrace246_c0aa708812050845e793abe7de5d4a727aee: 93 events
2026-10-02 03:58:52,006 - inference_perf.datagen.replay.replay_graph_session_datagen - INFO - Dispatching session wekatrace241_be3393ba8b54e311b15ee6bfd0de19f2acff: 189 events
2026-10-02 03:58:52,011 - inference_perf.datagen.replay.replay_graph_session_datagen - INFO - Dispatching session wekatrace30_1bcc4b9e1b6ea6ea9f516669e92ab788f1e4: 60 events
2026-10-02 03:58:52,013 - inference_perf.datagen.replay.replay_graph_session_datagen - INFO - Dispatching session wekatrace114_61008926cac879d7ac099f873f3edb3c75ee: 20 events
2026-10-02 03:58:52,014 - inference_perf.datagen.replay.replay_graph_session_datagen - INFO - Dispatching session wekatrace134_77bae5d739432ad05f38c2af34a0daefe457: 286 events
2026-10-02 04:18:13,635 - inference_perf.datagen.replay.replay_graph_session_datagen - INFO - Dispatching session wekatrace270_d20b03f2967a012b850a6d88e7d424dbc5f4: 142 events
2026-10-02 04:19:46,704 - inference_perf.datagen.replay.replay_graph_session_datagen - INFO - Dispatching session wekatrace267_d0f5ca871a0d9e4c0a9b885516838476915b: 29 events
2026-10-02 04:30:07,729 - inference_perf.datagen.replay.replay_graph_session_datagen - INFO - Dispatching session wekatrace207_a98b66bae9c7947cf5c5d3400f8004997521: 184 events
2026-10-02 04:30:46,233 - inference_perf.datagen.replay.replay_graph_session_datagen - ERROR - Request failed for event wekatrace97_5205240fa8f546d231b220f7b82e394dcd79:event_001_parent_turn_1: TimeoutError: 
2026-10-02 04:30:46,235 - inference_perf.datagen.replay.replay_graph_session_datagen - INFO - Session wekatrace97_5205240fa8f546d231b220f7b82e394dcd79 failure notification sent to main process (cancelled_events=33)
2026-10-02 04:30:46,235 - inference_perf.client.modelserver.openai_client - ERROR - 
Traceback (most recent call last):
  File "/workspace/.venv/lib/python3.12/site-packages/aiohttp/streams.py", line 365, in _wait
    await waiter
asyncio.exceptions.CancelledError

The above exception was the direct cause of the following exception:

Traceback (most recent call last):
  File "/workspace/inference_perf/apis/streaming_parser.py", line 84, in parse_sse_stream
    async for chunk in response.content.iter_any():
  File "/workspace/.venv/lib/python3.12/site-packages/aiohttp/streams.py", line 46, in __anext__
    rv = await self.read_func()
         ^^^^^^^^^^^^^^^^^^^^^^
  File "/workspace/.venv/lib/python3.12/site-packages/aiohttp/streams.py", line 460, in readany
    await self._wait("readany")
  File "/workspace/.venv/lib/python3.12/site-packages/aiohttp/streams.py", line 364, in _wait
    with self._timer:
         ^^^^^^^^^^^
  File "/workspace/.venv/lib/python3.12/site-packages/aiohttp/helpers.py", line 759, in __exit__
    raise asyncio.TimeoutError from exc_val
TimeoutError

The above exception was the direct cause of the following exception:

Traceback (most recent call last):
  File "/workspace/inference_perf/client/modelserver/openai_client.py", line 557, in process_request
    info = await data.process_response(
           ^^^^^^^^^^^^^^^^^^^^^^^^^^^^
  File "/workspace/inference_perf/datagen/replay/replay_graph_session_datagen.py", line 1039, in process_response
    text_content, chunk_times, raw_content, response_chunks, server_usage = await parse_sse_stream(
                                                                            ^^^^^^^^^^^^^^^^^^^^^^^
  File "/workspace/inference_perf/apis/streaming_parser.py", line 119, in parse_sse_stream
    raise StreamInterruptedError(e, raw_content.decode("utf-8", errors="ignore")) from e
inference_perf.apis.streaming_parser.StreamInterruptedError
2026-10-02 04:30:46,244 - inference_perf.datagen.replay.replay_graph_session_datagen - INFO - Event wekatrace97_5205240fa8f546d231b220f7b82e394dcd79:event_002_parent_turn_2 skipping — predecessor failed
2026-10-02 04:30:46,244 - inference_perf.datagen.replay.replay_graph_session_datagen - INFO - Event wekatrace97_5205240fa8f546d231b220f7b82e394dcd79:event_003_parent_turn_3 skipping — predecessor failed
2026-10-02 04:30:46,244 - inference_perf.datagen.replay.replay_graph_session_datagen - INFO - Event wekatrace97_5205240fa8f546d231b220f7b82e394dcd79:event_004_parent_turn_4 skipping — predecessor failed
2026-10-02 04:30:46,244 - inference_perf.datagen.replay.replay_graph_session_datagen - INFO - Event wekatrace97_5205240fa8f546d231b220f7b82e394dcd79:event_005_parent_turn_5 skipping — predecessor failed
2026-10-02 04:30:46,245 - inference_perf.datagen.replay.replay_graph_session_datagen - INFO - Event wekatrace97_5205240fa8f546d231b220f7b82e394dcd79:event_006_parent_turn_6 skipping — predecessor failed
2026-10-02 04:30:46,245 - inference_perf.datagen.replay.replay_graph_session_datagen - INFO - Event wekatrace97_5205240fa8f546d231b220f7b82e394dcd79:event_007_parent_turn_7 skipping — predecessor failed
2026-10-02 04:30:46,245 - inference_perf.datagen.replay.replay_graph_session_datagen - INFO - Event wekatrace97_5205240fa8f546d231b220f7b82e394dcd79:event_008_parent_turn_8 skipping — predecessor failed
2026-10-02 04:30:46,245 - inference_perf.datagen.replay.replay_graph_session_datagen - INFO - Event wekatrace97_5205240fa8f546d231b220f7b82e394dcd79:event_009_parent_turn_9 skipping — predecessor failed
2026-10-02 04:30:46,245 - inference_perf.datagen.replay.replay_graph_session_datagen - INFO - Event wekatrace97_5205240fa8f546d231b220f7b82e394dcd79:event_010_parent_turn_10 skipping — predecessor failed
2026-10-02 04:30:46,245 - inference_perf.datagen.replay.replay_graph_session_datagen - INFO - Event wekatrace97_5205240fa8f546d231b220f7b82e394dcd79:event_011_parent_turn_11 skipping — predecessor failed
2026-10-02 04:30:46,245 - inference_perf.datagen.replay.replay_graph_session_datagen - INFO - Event wekatrace97_5205240fa8f546d231b220f7b82e394dcd79:event_012_parent_turn_12 skipping — predecessor failed
2026-10-02 04:30:46,246 - inference_perf.datagen.replay.replay_graph_session_datagen - INFO - Event wekatrace97_5205240fa8f546d231b220f7b82e394dcd79:event_013_parent_turn_13 skipping — predecessor failed
2026-10-02 04:30:46,246 - inference_perf.datagen.replay.replay_graph_session_datagen - INFO - Event wekatrace97_5205240fa8f546d231b220f7b82e394dcd79:event_014_parent_turn_14 skipping — predecessor failed
2026-10-02 04:30:46,246 - inference_perf.datagen.replay.replay_graph_session_datagen - INFO - Event wekatrace97_5205240fa8f546d231b220f7b82e394dcd79:event_015_parent_turn_15 skipping — predecessor failed
2026-10-02 04:30:46,246 - inference_perf.datagen.replay.replay_graph_session_datagen - INFO - Event wekatrace97_5205240fa8f546d231b220f7b82e394dcd79:event_016_parent_turn_16 skipping — predecessor failed
2026-10-02 04:30:46,246 - inference_perf.datagen.replay.replay_graph_session_datagen - INFO - Event wekatrace97_5205240fa8f546d231b220f7b82e394dcd79:event_017_parent_turn_17 skipping — predecessor failed
2026-10-02 04:30:46,246 - inference_perf.datagen.replay.replay_graph_session_datagen - INFO - Event wekatrace97_5205240fa8f546d231b220f7b82e394dcd79:event_018_parent_turn_18 skipping — predecessor failed
2026-10-02 04:30:46,247 - inference_perf.datagen.replay.replay_graph_session_datagen - INFO - Event wekatrace97_5205240fa8f546d231b220f7b82e394dcd79:event_019_parent_turn_19 skipping — predecessor failed
2026-10-02 04:30:46,247 - inference_perf.datagen.replay.replay_graph_session_datagen - INFO - Event wekatrace97_5205240fa8f546d231b220f7b82e394dcd79:event_020_parent_turn_20 skipping — predecessor failed
2026-10-02 04:30:46,248 - inference_perf.datagen.replay.replay_graph_session_datagen - INFO - Event wekatrace97_5205240fa8f546d231b220f7b82e394dcd79:event_021_parent_turn_21 skipping — predecessor failed
2026-10-02 04:30:46,248 - inference_perf.datagen.replay.replay_graph_session_datagen - INFO - Event wekatrace97_5205240fa8f546d231b220f7b82e394dcd79:event_022_parent_turn_22 skipping — predecessor failed
2026-10-02 04:30:46,248 - inference_perf.datagen.replay.replay_graph_session_datagen - INFO - Event wekatrace97_5205240fa8f546d231b220f7b82e394dcd79:event_023_parent_turn_23 skipping — predecessor failed
2026-10-02 04:30:46,248 - inference_perf.datagen.replay.replay_graph_session_datagen - INFO - Event wekatrace97_5205240fa8f546d231b220f7b82e394dcd79:event_024_parent_turn_24 skipping — predecessor failed
2026-10-02 04:30:46,248 - inference_perf.datagen.replay.replay_graph_session_datagen - INFO - Event wekatrace97_5205240fa8f546d231b220f7b82e394dcd79:event_025_parent_turn_25 skipping — predecessor failed
2026-10-02 04:30:46,249 - inference_perf.datagen.replay.replay_graph_session_datagen - INFO - Event wekatrace97_5205240fa8f546d231b220f7b82e394dcd79:event_026_parent_turn_26 skipping — predecessor failed
2026-10-02 04:30:46,249 - inference_perf.datagen.replay.replay_graph_session_datagen - INFO - Event wekatrace97_5205240fa8f546d231b220f7b82e394dcd79:event_027_parent_turn_27 skipping — predecessor failed
2026-10-02 04:30:46,249 - inference_perf.datagen.replay.replay_graph_session_datagen - INFO - Event wekatrace97_5205240fa8f546d231b220f7b82e394dcd79:event_028_parent_turn_28 skipping — predecessor failed
2026-10-02 04:30:46,249 - inference_perf.datagen.replay.replay_graph_session_datagen - INFO - Event wekatrace97_5205240fa8f546d231b220f7b82e394dcd79:event_029_parent_turn_29 skipping — predecessor failed
2026-10-02 04:30:46,250 - inference_perf.datagen.replay.replay_graph_session_datagen - INFO - Event wekatrace97_5205240fa8f546d231b220f7b82e394dcd79:event_030_parent_turn_30 skipping — predecessor failed
2026-10-02 04:30:46,250 - inference_perf.datagen.replay.replay_graph_session_datagen - INFO - Event wekatrace97_5205240fa8f546d231b220f7b82e394dcd79:event_031_parent_turn_31 skipping — predecessor failed
2026-10-02 04:30:46,250 - inference_perf.datagen.replay.replay_graph_session_datagen - INFO - Event wekatrace97_5205240fa8f546d231b220f7b82e394dcd79:event_032_parent_turn_32 skipping — predecessor failed
2026-10-02 04:30:46,250 - inference_perf.datagen.replay.replay_graph_session_datagen - INFO - Event wekatrace97_5205240fa8f546d231b220f7b82e394dcd79:event_033_parent_turn_33 skipping — predecessor failed
2026-10-02 04:30:46,251 - inference_perf.datagen.replay.replay_graph_session_datagen - INFO - Event wekatrace97_5205240fa8f546d231b220f7b82e394dcd79:event_034_parent_turn_34 skipping — predecessor failed
2026-10-02 04:30:46,258 - inference_perf.datagen.replay.replay_graph_session_datagen - INFO - Dispatching session wekatrace235_b973093aabfe96c2e77e0c64fa0a9d085457: 82 events
2026-10-02 04:30:47,233 - inference_perf.datagen.replay.replay_graph_session_datagen - ERROR - Request failed for event wekatrace12_09c188c8b9201ec2046cc2df702623fef33e:event_001_parent_turn_1: TimeoutError: 
2026-10-02 04:30:47,235 - inference_perf.datagen.replay.replay_graph_session_datagen - INFO - Session wekatrace12_09c188c8b9201ec2046cc2df702623fef33e failure notification sent to main process (cancelled_events=58)
2026-10-02 04:30:47,235 - inference_perf.client.modelserver.openai_client - ERROR - 
Traceback (most recent call last):
  File "/workspace/.venv/lib/python3.12/site-packages/aiohttp/streams.py", line 365, in _wait
    await waiter
asyncio.exceptions.CancelledError

The above exception was the direct cause of the following exception:

Traceback (most recent call last):
  File "/workspace/inference_perf/apis/streaming_parser.py", line 84, in parse_sse_stream
    async for chunk in response.content.iter_any():
  File "/workspace/.venv/lib/python3.12/site-packages/aiohttp/streams.py", line 46, in __anext__
    rv = await self.read_func()
         ^^^^^^^^^^^^^^^^^^^^^^
  File "/workspace/.venv/lib/python3.12/site-packages/aiohttp/streams.py", line 460, in readany
    await self._wait("readany")
  File "/workspace/.venv/lib/python3.12/site-packages/aiohttp/streams.py", line 364, in _wait
    with self._timer:
         ^^^^^^^^^^^
  File "/workspace/.venv/lib/python3.12/site-packages/aiohttp/helpers.py", line 759, in __exit__
    raise asyncio.TimeoutError from exc_val
TimeoutError

The above exception was the direct cause of the following exception:

Traceback (most recent call last):
  File "/workspace/inference_perf/client/modelserver/openai_client.py", line 557, in process_request
    info = await data.process_response(
           ^^^^^^^^^^^^^^^^^^^^^^^^^^^^
  File "/workspace/inference_perf/datagen/replay/replay_graph_session_datagen.py", line 1039, in process_response
    text_content, chunk_times, raw_content, response_chunks, server_usage = await parse_sse_stream(
                                                                            ^^^^^^^^^^^^^^^^^^^^^^^
  File "/workspace/inference_perf/apis/streaming_parser.py", line 119, in parse_sse_stream
    raise StreamInterruptedError(e, raw_content.decode("utf-8", errors="ignore")) from e
inference_perf.apis.streaming_parser.StreamInterruptedError
2026-10-02 04:30:47,239 - inference_perf.datagen.replay.replay_graph_session_datagen - INFO - Event wekatrace12_09c188c8b9201ec2046cc2df702623fef33e:event_002_parent_turn_2 skipping — predecessor failed
2026-10-02 04:30:47,239 - inference_perf.datagen.replay.replay_graph_session_datagen - INFO - Event wekatrace12_09c188c8b9201ec2046cc2df702623fef33e:event_003_parent_turn_3 skipping — predecessor failed
2026-10-02 04:30:47,239 - inference_perf.datagen.replay.replay_graph_session_datagen - INFO - Event wekatrace12_09c188c8b9201ec2046cc2df702623fef33e:event_004_parent_turn_4 skipping — predecessor failed
2026-10-02 04:30:47,240 - inference_perf.datagen.replay.replay_graph_session_datagen - INFO - Event wekatrace12_09c188c8b9201ec2046cc2df702623fef33e:event_005_parent_turn_5 skipping — predecessor failed
2026-10-02 04:30:47,240 - inference_perf.datagen.replay.replay_graph_session_datagen - INFO - Event wekatrace12_09c188c8b9201ec2046cc2df702623fef33e:event_006_parent_turn_6 skipping — predecessor failed
2026-10-02 04:30:47,241 - inference_perf.datagen.replay.replay_graph_session_datagen - INFO - Event wekatrace12_09c188c8b9201ec2046cc2df702623fef33e:event_007_parent_turn_7 skipping — predecessor failed
2026-10-02 04:30:47,241 - inference_perf.datagen.replay.replay_graph_session_datagen - INFO - Event wekatrace12_09c188c8b9201ec2046cc2df702623fef33e:event_008_parent_turn_8 skipping — predecessor failed
2026-10-02 04:30:47,241 - inference_perf.datagen.replay.replay_graph_session_datagen - INFO - Event wekatrace12_09c188c8b9201ec2046cc2df702623fef33e:event_009_parent_turn_9 skipping — predecessor failed
2026-10-02 04:30:47,242 - inference_perf.datagen.replay.replay_graph_session_datagen - INFO - Event wekatrace12_09c188c8b9201ec2046cc2df702623fef33e:event_010_parent_turn_10 skipping — predecessor failed
2026-10-02 04:30:47,242 - inference_perf.datagen.replay.replay_graph_session_datagen - INFO - Event wekatrace12_09c188c8b9201ec2046cc2df702623fef33e:event_011_parent_turn_11 skipping — predecessor failed
2026-10-02 04:30:47,242 - inference_perf.datagen.replay.replay_graph_session_datagen - INFO - Event wekatrace12_09c188c8b9201ec2046cc2df702623fef33e:event_012_parent_turn_12 skipping — predecessor failed
2026-10-02 04:30:47,242 - inference_perf.datagen.replay.replay_graph_session_datagen - INFO - Event wekatrace12_09c188c8b9201ec2046cc2df702623fef33e:event_013_parent_turn_13 skipping — predecessor failed
2026-10-02 04:30:47,242 - inference_perf.datagen.replay.replay_graph_session_datagen - INFO - Event wekatrace12_09c188c8b9201ec2046cc2df702623fef33e:event_014_parent_turn_14 skipping — predecessor failed
2026-10-02 04:30:47,242 - inference_perf.datagen.replay.replay_graph_session_datagen - INFO - Event wekatrace12_09c188c8b9201ec2046cc2df702623fef33e:event_015_parent_turn_15 skipping — predecessor failed
2026-10-02 04:30:47,242 - inference_perf.datagen.replay.replay_graph_session_datagen - INFO - Event wekatrace12_09c188c8b9201ec2046cc2df702623fef33e:event_016_parent_turn_16 skipping — predecessor failed
2026-10-02 04:30:47,243 - inference_perf.datagen.replay.replay_graph_session_datagen - INFO - Event wekatrace12_09c188c8b9201ec2046cc2df702623fef33e:event_017_parent_turn_17 skipping — predecessor failed
2026-10-02 04:30:47,243 - inference_perf.datagen.replay.replay_graph_session_datagen - INFO - Event wekatrace12_09c188c8b9201ec2046cc2df702623fef33e:event_018_parent_turn_18 skipping — predecessor failed
2026-10-02 04:30:47,243 - inference_perf.datagen.replay.replay_graph_session_datagen - INFO - Event wekatrace12_09c188c8b9201ec2046cc2df702623fef33e:event_019_parent_turn_19 skipping — predecessor failed
2026-10-02 04:30:47,243 - inference_perf.datagen.replay.replay_graph_session_datagen - INFO - Event wekatrace12_09c188c8b9201ec2046cc2df702623fef33e:event_020_parent_turn_20 skipping — predecessor failed
2026-10-02 04:30:47,243 - inference_perf.datagen.replay.replay_graph_session_datagen - INFO - Event wekatrace12_09c188c8b9201ec2046cc2df702623fef33e:event_021_parent_turn_21 skipping — predecessor failed
2026-10-02 04:30:47,243 - inference_perf.datagen.replay.replay_graph_session_datagen - INFO - Event wekatrace12_09c188c8b9201ec2046cc2df702623fef33e:event_022_parent_turn_22 skipping — predecessor failed
2026-10-02 04:30:47,243 - inference_perf.datagen.replay.replay_graph_session_datagen - INFO - Event wekatrace12_09c188c8b9201ec2046cc2df702623fef33e:event_023_parent_turn_23 skipping — predecessor failed
2026-10-02 04:30:47,243 - inference_perf.datagen.replay.replay_graph_session_datagen - INFO - Event wekatrace12_09c188c8b9201ec2046cc2df702623fef33e:event_024_parent_turn_24 skipping — predecessor failed
2026-10-02 04:30:47,243 - inference_perf.datagen.replay.replay_graph_session_datagen - INFO - Event wekatrace12_09c188c8b9201ec2046cc2df702623fef33e:event_025_parent_turn_25 skipping — predecessor failed
2026-10-02 04:30:47,243 - inference_perf.datagen.replay.replay_graph_session_datagen - INFO - Event wekatrace12_09c188c8b9201ec2046cc2df702623fef33e:event_026_parent_turn_26 skipping — predecessor failed
2026-10-02 04:30:47,244 - inference_perf.datagen.replay.replay_graph_session_datagen - INFO - Event wekatrace12_09c188c8b9201ec2046cc2df702623fef33e:event_027_parent_turn_27 skipping — predecessor failed
2026-10-02 04:30:47,244 - inference_perf.datagen.replay.replay_graph_session_datagen - INFO - Event wekatrace12_09c188c8b9201ec2046cc2df702623fef33e:event_028_parent_turn_28 skipping — predecessor failed
2026-10-02 04:30:47,244 - inference_perf.datagen.replay.replay_graph_session_datagen - INFO - Event wekatrace12_09c188c8b9201ec2046cc2df702623fef33e:event_029_parent_turn_29 skipping — predecessor failed
2026-10-02 04:30:47,244 - inference_perf.datagen.replay.replay_graph_session_datagen - INFO - Event wekatrace12_09c188c8b9201ec2046cc2df702623fef33e:event_030_parent_turn_30 skipping — predecessor failed
2026-10-02 04:30:47,244 - inference_perf.datagen.replay.replay_graph_session_datagen - INFO - Event wekatrace12_09c188c8b9201ec2046cc2df702623fef33e:event_031_parent_turn_31 skipping — predecessor failed
2026-10-02 04:30:47,244 - inference_perf.datagen.replay.replay_graph_session_datagen - INFO - Event wekatrace12_09c188c8b9201ec2046cc2df702623fef33e:event_032_parent_turn_32 skipping — predecessor failed
2026-10-02 04:30:47,244 - inference_perf.datagen.replay.replay_graph_session_datagen - INFO - Event wekatrace12_09c188c8b9201ec2046cc2df702623fef33e:event_033_parent_turn_33 skipping — predecessor failed
2026-10-02 04:30:47,244 - inference_perf.datagen.replay.replay_graph_session_datagen - INFO - Event wekatrace12_09c188c8b9201ec2046cc2df702623fef33e:event_034_parent_turn_34 skipping — predecessor failed
2026-10-02 04:30:47,245 - inference_perf.datagen.replay.replay_graph_session_datagen - INFO - Event wekatrace12_09c188c8b9201ec2046cc2df702623fef33e:event_035_parent_turn_35 skipping — predecessor failed
2026-10-02 04:30:47,245 - inference_perf.datagen.replay.replay_graph_session_datagen - INFO - Event wekatrace12_09c188c8b9201ec2046cc2df702623fef33e:event_036_parent_turn_36 skipping — predecessor failed
2026-10-02 04:30:47,245 - inference_perf.datagen.replay.replay_graph_session_datagen - INFO - Event wekatrace12_09c188c8b9201ec2046cc2df702623fef33e:event_037_parent_turn_37 skipping — predecessor failed
2026-10-02 04:30:47,245 - inference_perf.datagen.replay.replay_graph_session_datagen - INFO - Event wekatrace12_09c188c8b9201ec2046cc2df702623fef33e:event_038_parent_turn_38 skipping — predecessor failed
2026-10-02 04:30:47,245 - inference_perf.datagen.replay.replay_graph_session_datagen - INFO - Event wekatrace12_09c188c8b9201ec2046cc2df702623fef33e:event_039_parent_turn_39 skipping — predecessor failed
2026-10-02 04:30:47,245 - inference_perf.datagen.replay.replay_graph_session_datagen - INFO - Event wekatrace12_09c188c8b9201ec2046cc2df702623fef33e:event_040_parent_turn_40 skipping — predecessor failed
2026-10-02 04:30:47,245 - inference_perf.datagen.replay.replay_graph_session_datagen - INFO - Event wekatrace12_09c188c8b9201ec2046cc2df702623fef33e:event_041_parent_turn_41 skipping — predecessor failed
2026-10-02 04:30:47,245 - inference_perf.datagen.replay.replay_graph_session_datagen - INFO - Event wekatrace12_09c188c8b9201ec2046cc2df702623fef33e:event_042_parent_turn_42 skipping — predecessor failed
2026-10-02 04:30:47,246 - inference_perf.datagen.replay.replay_graph_session_datagen - INFO - Event wekatrace12_09c188c8b9201ec2046cc2df702623fef33e:event_043_parent_turn_43 skipping — predecessor failed
2026-10-02 04:30:47,246 - inference_perf.datagen.replay.replay_graph_session_datagen - INFO - Event wekatrace12_09c188c8b9201ec2046cc2df702623fef33e:event_044_parent_turn_44 skipping — predecessor failed
2026-10-02 04:30:47,246 - inference_perf.datagen.replay.replay_graph_session_datagen - INFO - Event wekatrace12_09c188c8b9201ec2046cc2df702623fef33e:event_045_parent_turn_45 skipping — predecessor failed
2026-10-02 04:30:47,246 - inference_perf.datagen.replay.replay_graph_session_datagen - INFO - Event wekatrace12_09c188c8b9201ec2046cc2df702623fef33e:event_046_parent_turn_46 skipping — predecessor failed
2026-10-02 04:30:47,246 - inference_perf.datagen.replay.replay_graph_session_datagen - INFO - Event wekatrace12_09c188c8b9201ec2046cc2df702623fef33e:event_047_parent_turn_47 skipping — predecessor failed
2026-10-02 04:30:47,246 - inference_perf.datagen.replay.replay_graph_session_datagen - INFO - Event wekatrace12_09c188c8b9201ec2046cc2df702623fef33e:event_048_parent_turn_48 skipping — predecessor failed
2026-10-02 04:30:47,246 - inference_perf.datagen.replay.replay_graph_session_datagen - INFO - Event wekatrace12_09c188c8b9201ec2046cc2df702623fef33e:event_049_parent_turn_49 skipping — predecessor failed
2026-10-02 04:30:47,246 - inference_perf.datagen.replay.replay_graph_session_datagen - INFO - Event wekatrace12_09c188c8b9201ec2046cc2df702623fef33e:event_050_parent_turn_50 skipping — predecessor failed
2026-10-02 04:30:47,246 - inference_perf.datagen.replay.replay_graph_session_datagen - INFO - Event wekatrace12_09c188c8b9201ec2046cc2df702623fef33e:event_051_parent_turn_51 skipping — predecessor failed
2026-10-02 04:30:47,246 - inference_perf.datagen.replay.replay_graph_session_datagen - INFO - Event wekatrace12_09c188c8b9201ec2046cc2df702623fef33e:event_052_parent_turn_52 skipping — predecessor failed
2026-10-02 04:30:47,247 - inference_perf.datagen.replay.replay_graph_session_datagen - INFO - Event wekatrace12_09c188c8b9201ec2046cc2df702623fef33e:event_053_parent_turn_53 skipping — predecessor failed
2026-10-02 04:30:47,247 - inference_perf.datagen.replay.replay_graph_session_datagen - INFO - Event wekatrace12_09c188c8b9201ec2046cc2df702623fef33e:event_054_parent_turn_54 skipping — predecessor failed
2026-10-02 04:30:47,247 - inference_perf.datagen.replay.replay_graph_session_datagen - INFO - Event wekatrace12_09c188c8b9201ec2046cc2df702623fef33e:event_055_parent_turn_55 skipping — predecessor failed
2026-10-02 04:30:47,247 - inference_perf.datagen.replay.replay_graph_session_datagen - INFO - Event wekatrace12_09c188c8b9201ec2046cc2df702623fef33e:event_056_parent_turn_56 skipping — predecessor failed
2026-10-02 04:30:47,247 - inference_perf.datagen.replay.replay_graph_session_datagen - INFO - Event wekatrace12_09c188c8b9201ec2046cc2df702623fef33e:event_057_parent_turn_57 skipping — predecessor failed
2026-10-02 04:30:47,247 - inference_perf.datagen.replay.replay_graph_session_datagen - INFO - Event wekatrace12_09c188c8b9201ec2046cc2df702623fef33e:event_058_parent_turn_58 skipping — predecessor failed
2026-10-02 04:30:47,247 - inference_perf.datagen.replay.replay_graph_session_datagen - INFO - Event wekatrace12_09c188c8b9201ec2046cc2df702623fef33e:event_059_parent_turn_59 skipping — predecessor failed
2026-10-02 04:30:47,253 - inference_perf.datagen.replay.replay_graph_session_datagen - INFO - Dispatching session wekatrace228_b3c8cf42d9ed741942c61fdbd709b3e60f77: 105 events
2026-10-02 04:30:48,233 - inference_perf.datagen.replay.replay_graph_session_datagen - ERROR - Request failed for event wekatrace124_7053adfcfbb77d730e5790ff46de93c461eb:event_001_parent_turn_1: TimeoutError: 
2026-10-02 04:30:48,234 - inference_perf.datagen.replay.replay_graph_session_datagen - INFO - Session wekatrace124_7053adfcfbb77d730e5790ff46de93c461eb failure notification sent to main process (cancelled_events=95)
2026-10-02 04:30:48,235 - inference_perf.client.modelserver.openai_client - ERROR - 
Traceback (most recent call last):
  File "/workspace/.venv/lib/python3.12/site-packages/aiohttp/streams.py", line 365, in _wait
    await waiter
asyncio.exceptions.CancelledError

The above exception was the direct cause of the following exception:

Traceback (most recent call last):
  File "/workspace/inference_perf/apis/streaming_parser.py", line 84, in parse_sse_stream
    async for chunk in response.content.iter_any():
  File "/workspace/.venv/lib/python3.12/site-packages/aiohttp/streams.py", line 46, in __anext__
    rv = await self.read_func()
         ^^^^^^^^^^^^^^^^^^^^^^
  File "/workspace/.venv/lib/python3.12/site-packages/aiohttp/streams.py", line 460, in readany
    await self._wait("readany")
  File "/workspace/.venv/lib/python3.12/site-packages/aiohttp/streams.py", line 364, in _wait
    with self._timer:
         ^^^^^^^^^^^
  File "/workspace/.venv/lib/python3.12/site-packages/aiohttp/helpers.py", line 759, in __exit__
    raise asyncio.TimeoutError from exc_val
TimeoutError

The above exception was the direct cause of the following exception:

Traceback (most recent call last):
  File "/workspace/inference_perf/client/modelserver/openai_client.py", line 557, in process_request
    info = await data.process_response(
           ^^^^^^^^^^^^^^^^^^^^^^^^^^^^
  File "/workspace/inference_perf/datagen/replay/replay_graph_session_datagen.py", line 1039, in process_response
    text_content, chunk_times, raw_content, response_chunks, server_usage = await parse_sse_stream(
                                                                            ^^^^^^^^^^^^^^^^^^^^^^^
  File "/workspace/inference_perf/apis/streaming_parser.py", line 119, in parse_sse_stream
    raise StreamInterruptedError(e, raw_content.decode("utf-8", errors="ignore")) from e
inference_perf.apis.streaming_parser.StreamInterruptedError
2026-10-02 04:30:48,239 - inference_perf.datagen.replay.replay_graph_session_datagen - INFO - Event wekatrace124_7053adfcfbb77d730e5790ff46de93c461eb:event_002_parent_turn_2 skipping — predecessor failed
2026-10-02 04:30:48,240 - inference_perf.datagen.replay.replay_graph_session_datagen - INFO - Event wekatrace124_7053adfcfbb77d730e5790ff46de93c461eb:event_003_parent_turn_3 skipping — predecessor failed
2026-10-02 04:30:48,241 - inference_perf.datagen.replay.replay_graph_session_datagen - INFO - Event wekatrace124_7053adfcfbb77d730e5790ff46de93c461eb:event_004_parent_turn_4 skipping — predecessor failed
2026-10-02 04:30:48,241 - inference_perf.datagen.replay.replay_graph_session_datagen - INFO - Event wekatrace124_7053adfcfbb77d730e5790ff46de93c461eb:event_005_parent_turn_5 skipping — predecessor failed
2026-10-02 04:30:48,241 - inference_perf.datagen.replay.replay_graph_session_datagen - INFO - Event wekatrace124_7053adfcfbb77d730e5790ff46de93c461eb:event_006_parent_turn_6 skipping — predecessor failed
2026-10-02 04:30:48,241 - inference_perf.datagen.replay.replay_graph_session_datagen - INFO - Event wekatrace124_7053adfcfbb77d730e5790ff46de93c461eb:event_007_parent_turn_7 skipping — predecessor failed
2026-10-02 04:30:48,241 - inference_perf.datagen.replay.replay_graph_session_datagen - INFO - Event wekatrace124_7053adfcfbb77d730e5790ff46de93c461eb:event_008_parent_turn_8 skipping — predecessor failed
2026-10-02 04:30:48,241 - inference_perf.datagen.replay.replay_graph_session_datagen - INFO - Event wekatrace124_7053adfcfbb77d730e5790ff46de93c461eb:event_009_parent_turn_9 skipping — predecessor failed
2026-10-02 04:30:48,241 - inference_perf.datagen.replay.replay_graph_session_datagen - INFO - Event wekatrace124_7053adfcfbb77d730e5790ff46de93c461eb:event_010_parent_turn_10 skipping — predecessor failed
2026-10-02 04:30:48,241 - inference_perf.datagen.replay.replay_graph_session_datagen - INFO - Event wekatrace124_7053adfcfbb77d730e5790ff46de93c461eb:event_011_parent_turn_11 skipping — predecessor failed
2026-10-02 04:30:48,242 - inference_perf.datagen.replay.replay_graph_session_datagen - INFO - Event wekatrace124_7053adfcfbb77d730e5790ff46de93c461eb:event_012_parent_turn_12 skipping — predecessor failed
2026-10-02 04:30:48,242 - inference_perf.datagen.replay.replay_graph_session_datagen - INFO - Event wekatrace124_7053adfcfbb77d730e5790ff46de93c461eb:event_013_parent_turn_13 skipping — predecessor failed
2026-10-02 04:30:48,242 - inference_perf.datagen.replay.replay_graph_session_datagen - INFO - Event wekatrace124_7053adfcfbb77d730e5790ff46de93c461eb:event_014_parent_turn_14 skipping — predecessor failed
2026-10-02 04:30:48,242 - inference_perf.datagen.replay.replay_graph_session_datagen - INFO - Event wekatrace124_7053adfcfbb77d730e5790ff46de93c461eb:event_015_parent_turn_15 skipping — predecessor failed
2026-10-02 04:30:48,242 - inference_perf.datagen.replay.replay_graph_session_datagen - INFO - Event wekatrace124_7053adfcfbb77d730e5790ff46de93c461eb:event_016_parent_turn_16 skipping — predecessor failed
2026-10-02 04:30:48,242 - inference_perf.datagen.replay.replay_graph_session_datagen - INFO - Event wekatrace124_7053adfcfbb77d730e5790ff46de93c461eb:event_017_parent_turn_17 skipping — predecessor failed
2026-10-02 04:30:48,242 - inference_perf.datagen.replay.replay_graph_session_datagen - INFO - Event wekatrace124_7053adfcfbb77d730e5790ff46de93c461eb:event_018_parent_turn_18 skipping — predecessor failed
2026-10-02 04:30:48,242 - inference_perf.datagen.replay.replay_graph_session_datagen - INFO - Event wekatrace124_7053adfcfbb77d730e5790ff46de93c461eb:event_019_parent_turn_19 skipping — predecessor failed
2026-10-02 04:30:48,242 - inference_perf.datagen.replay.replay_graph_session_datagen - INFO - Event wekatrace124_7053adfcfbb77d730e5790ff46de93c461eb:event_020_parent_turn_20 skipping — predecessor failed
2026-10-02 04:30:48,243 - inference_perf.datagen.replay.replay_graph_session_datagen - INFO - Event wekatrace124_7053adfcfbb77d730e5790ff46de93c461eb:event_021_parent_turn_21 skipping — predecessor failed
2026-10-02 04:30:48,243 - inference_perf.datagen.replay.replay_graph_session_datagen - INFO - Event wekatrace124_7053adfcfbb77d730e5790ff46de93c461eb:event_022_parent_turn_22 skipping — predecessor failed
2026-10-02 04:30:48,243 - inference_perf.datagen.replay.replay_graph_session_datagen - INFO - Event wekatrace124_7053adfcfbb77d730e5790ff46de93c461eb:event_023_parent_turn_23 skipping — predecessor failed
2026-10-02 04:30:48,243 - inference_perf.datagen.replay.replay_graph_session_datagen - INFO - Event wekatrace124_7053adfcfbb77d730e5790ff46de93c461eb:event_024_parent_turn_24 skipping — predecessor failed
2026-10-02 04:30:48,243 - inference_perf.datagen.replay.replay_graph_session_datagen - INFO - Event wekatrace124_7053adfcfbb77d730e5790ff46de93c461eb:event_025_parent_turn_25 skipping — predecessor failed
2026-10-02 04:30:48,243 - inference_perf.datagen.replay.replay_graph_session_datagen - INFO - Event wekatrace124_7053adfcfbb77d730e5790ff46de93c461eb:event_026_parent_turn_26 skipping — predecessor failed
2026-10-02 04:30:48,243 - inference_perf.datagen.replay.replay_graph_session_datagen - INFO - Event wekatrace124_7053adfcfbb77d730e5790ff46de93c461eb:event_027_parent_turn_27 skipping — predecessor failed
2026-10-02 04:30:48,243 - inference_perf.datagen.replay.replay_graph_session_datagen - INFO - Event wekatrace124_7053adfcfbb77d730e5790ff46de93c461eb:event_028_parent_turn_28 skipping — predecessor failed
2026-10-02 04:30:48,243 - inference_perf.datagen.replay.replay_graph_session_datagen - INFO - Event wekatrace124_7053adfcfbb77d730e5790ff46de93c461eb:event_029_parent_turn_29 skipping — predecessor failed
2026-10-02 04:30:48,243 - inference_perf.datagen.replay.replay_graph_session_datagen - INFO - Event wekatrace124_7053adfcfbb77d730e5790ff46de93c461eb:event_030_parent_turn_30 skipping — predecessor failed
2026-10-02 04:30:48,243 - inference_perf.datagen.replay.replay_graph_session_datagen - INFO - Event wekatrace124_7053adfcfbb77d730e5790ff46de93c461eb:event_031_parent_turn_31 skipping — predecessor failed
2026-10-02 04:30:48,244 - inference_perf.datagen.replay.replay_graph_session_datagen - INFO - Event wekatrace124_7053adfcfbb77d730e5790ff46de93c461eb:event_032_parent_turn_32 skipping — predecessor failed
2026-10-02 04:30:48,244 - inference_perf.datagen.replay.replay_graph_session_datagen - INFO - Event wekatrace124_7053adfcfbb77d730e5790ff46de93c461eb:event_033_parent_turn_33 skipping — predecessor failed
2026-10-02 04:30:48,244 - inference_perf.datagen.replay.replay_graph_session_datagen - INFO - Event wekatrace124_7053adfcfbb77d730e5790ff46de93c461eb:event_034_parent_turn_34 skipping — predecessor failed
2026-10-02 04:30:48,244 - inference_perf.datagen.replay.replay_graph_session_datagen - INFO - Event wekatrace124_7053adfcfbb77d730e5790ff46de93c461eb:event_035_parent_turn_35 skipping — predecessor failed
2026-10-02 04:30:48,244 - inference_perf.datagen.replay.replay_graph_session_datagen - INFO - Event wekatrace124_7053adfcfbb77d730e5790ff46de93c461eb:event_036_parent_turn_36 skipping — predecessor failed
2026-10-02 04:30:48,244 - inference_perf.datagen.replay.replay_graph_session_datagen - INFO - Event wekatrace124_7053adfcfbb77d730e5790ff46de93c461eb:event_037_parent_turn_37 skipping — predecessor failed
2026-10-02 04:30:48,244 - inference_perf.datagen.replay.replay_graph_session_datagen - INFO - Event wekatrace124_7053adfcfbb77d730e5790ff46de93c461eb:event_038_parent_turn_38 skipping — predecessor failed
2026-10-02 04:30:48,244 - inference_perf.datagen.replay.replay_graph_session_datagen - INFO - Event wekatrace124_7053adfcfbb77d730e5790ff46de93c461eb:event_039_parent_turn_39 skipping — predecessor failed
2026-10-02 04:30:48,244 - inference_perf.datagen.replay.replay_graph_session_datagen - INFO - Event wekatrace124_7053adfcfbb77d730e5790ff46de93c461eb:event_040_parent_turn_40 skipping — predecessor failed
2026-10-02 04:30:48,245 - inference_perf.datagen.replay.replay_graph_session_datagen - INFO - Event wekatrace124_7053adfcfbb77d730e5790ff46de93c461eb:event_041_parent_turn_41 skipping — predecessor failed
2026-10-02 04:30:48,245 - inference_perf.datagen.replay.replay_graph_session_datagen - INFO - Event wekatrace124_7053adfcfbb77d730e5790ff46de93c461eb:event_042_parent_turn_42 skipping — predecessor failed
2026-10-02 04:30:48,245 - inference_perf.datagen.replay.replay_graph_session_datagen - INFO - Event wekatrace124_7053adfcfbb77d730e5790ff46de93c461eb:event_043_parent_turn_43 skipping — predecessor failed
2026-10-02 04:30:48,245 - inference_perf.datagen.replay.replay_graph_session_datagen - INFO - Event wekatrace124_7053adfcfbb77d730e5790ff46de93c461eb:event_044_parent_turn_44 skipping — predecessor failed
2026-10-02 04:30:48,245 - inference_perf.datagen.replay.replay_graph_session_datagen - INFO - Event wekatrace124_7053adfcfbb77d730e5790ff46de93c461eb:event_045_parent_turn_45 skipping — predecessor failed
2026-10-02 04:30:48,245 - inference_perf.datagen.replay.replay_graph_session_datagen - INFO - Event wekatrace124_7053adfcfbb77d730e5790ff46de93c461eb:event_046_parent_turn_46 skipping — predecessor failed
2026-10-02 04:30:48,245 - inference_perf.datagen.replay.replay_graph_session_datagen - INFO - Event wekatrace124_7053adfcfbb77d730e5790ff46de93c461eb:event_047_parent_turn_47 skipping — predecessor failed
2026-10-02 04:30:48,245 - inference_perf.datagen.replay.replay_graph_session_datagen - INFO - Event wekatrace124_7053adfcfbb77d730e5790ff46de93c461eb:event_048_parent_turn_48 skipping — predecessor failed
2026-10-02 04:30:48,245 - inference_perf.datagen.replay.replay_graph_session_datagen - INFO - Event wekatrace124_7053adfcfbb77d730e5790ff46de93c461eb:event_049_parent_turn_49 skipping — predecessor failed
2026-10-02 04:30:48,246 - inference_perf.datagen.replay.replay_graph_session_datagen - INFO - Event wekatrace124_7053adfcfbb77d730e5790ff46de93c461eb:event_050_parent_turn_50 skipping — predecessor failed
2026-10-02 04:30:48,246 - inference_perf.datagen.replay.replay_graph_session_datagen - INFO - Event wekatrace124_7053adfcfbb77d730e5790ff46de93c461eb:event_051_parent_turn_51 skipping — predecessor failed
2026-10-02 04:30:48,246 - inference_perf.datagen.replay.replay_graph_session_datagen - INFO - Event wekatrace124_7053adfcfbb77d730e5790ff46de93c461eb:event_052_parent_turn_52 skipping — predecessor failed
2026-10-02 04:30:48,246 - inference_perf.datagen.replay.replay_graph_session_datagen - INFO - Event wekatrace124_7053adfcfbb77d730e5790ff46de93c461eb:event_053_parent_turn_53 skipping — predecessor failed
2026-10-02 04:30:48,246 - inference_perf.datagen.replay.replay_graph_session_datagen - INFO - Event wekatrace124_7053adfcfbb77d730e5790ff46de93c461eb:event_054_parent_turn_54 skipping — predecessor failed
2026-10-02 04:30:48,246 - inference_perf.datagen.replay.replay_graph_session_datagen - INFO - Event wekatrace124_7053adfcfbb77d730e5790ff46de93c461eb:event_055_parent_turn_55 skipping — predecessor failed
2026-10-02 04:30:48,246 - inference_perf.datagen.replay.replay_graph_session_datagen - INFO - Event wekatrace124_7053adfcfbb77d730e5790ff46de93c461eb:event_056_parent_turn_56 skipping — predecessor failed
2026-10-02 04:30:48,246 - inference_perf.datagen.replay.replay_graph_session_datagen - INFO - Event wekatrace124_7053adfcfbb77d730e5790ff46de93c461eb:event_057_parent_turn_57 skipping — predecessor failed
2026-10-02 04:30:48,246 - inference_perf.datagen.replay.replay_graph_session_datagen - INFO - Event wekatrace124_7053adfcfbb77d730e5790ff46de93c461eb:event_058_parent_turn_58 skipping — predecessor failed
2026-10-02 04:30:48,246 - inference_perf.datagen.replay.replay_graph_session_datagen - INFO - Dispatching session wekatrace297_e36c8b4fb2d497f13946c968eaa8b40e77e3: 83 events
2026-10-02 04:30:48,247 - inference_perf.datagen.replay.replay_graph_session_datagen - INFO - Event wekatrace124_7053adfcfbb77d730e5790ff46de93c461eb:event_059_parent_turn_59 skipping — predecessor failed
2026-10-02 04:30:48,247 - inference_perf.datagen.replay.replay_graph_session_datagen - INFO - Event wekatrace124_7053adfcfbb77d730e5790ff46de93c461eb:event_060_parent_turn_60 skipping — predecessor failed
2026-10-02 04:30:48,247 - inference_perf.datagen.replay.replay_graph_session_datagen - INFO - Event wekatrace124_7053adfcfbb77d730e5790ff46de93c461eb:event_061_parent_turn_61 skipping — predecessor failed
2026-10-02 04:30:48,247 - inference_perf.datagen.replay.replay_graph_session_datagen - INFO - Event wekatrace124_7053adfcfbb77d730e5790ff46de93c461eb:event_062_parent_turn_62 skipping — predecessor failed
2026-10-02 04:30:48,247 - inference_perf.datagen.replay.replay_graph_session_datagen - INFO - Event wekatrace124_7053adfcfbb77d730e5790ff46de93c461eb:event_063_parent_turn_63 skipping — predecessor failed
2026-10-02 04:30:48,247 - inference_perf.datagen.replay.replay_graph_session_datagen - INFO - Event wekatrace124_7053adfcfbb77d730e5790ff46de93c461eb:event_064_parent_turn_64 skipping — predecessor failed
2026-10-02 04:30:48,247 - inference_perf.datagen.replay.replay_graph_session_datagen - INFO - Event wekatrace124_7053adfcfbb77d730e5790ff46de93c461eb:event_065_parent_turn_65 skipping — predecessor failed
2026-10-02 04:30:48,248 - inference_perf.datagen.replay.replay_graph_session_datagen - INFO - Event wekatrace124_7053adfcfbb77d730e5790ff46de93c461eb:event_066_parent_turn_66 skipping — predecessor failed
2026-10-02 04:30:48,248 - inference_perf.datagen.replay.replay_graph_session_datagen - INFO - Event wekatrace124_7053adfcfbb77d730e5790ff46de93c461eb:event_067_parent_turn_67 skipping — predecessor failed
2026-10-02 04:30:48,248 - inference_perf.datagen.replay.replay_graph_session_datagen - INFO - Event wekatrace124_7053adfcfbb77d730e5790ff46de93c461eb:event_068_parent_turn_68 skipping — predecessor failed
2026-10-02 04:30:48,248 - inference_perf.datagen.replay.replay_graph_session_datagen - INFO - Event wekatrace124_7053adfcfbb77d730e5790ff46de93c461eb:event_069_parent_turn_69 skipping — predecessor failed
2026-10-02 04:30:48,248 - inference_perf.datagen.replay.replay_graph_session_datagen - INFO - Event wekatrace124_7053adfcfbb77d730e5790ff46de93c461eb:event_070_parent_turn_70 skipping — predecessor failed
2026-10-02 04:30:48,248 - inference_perf.datagen.replay.replay_graph_session_datagen - INFO - Event wekatrace124_7053adfcfbb77d730e5790ff46de93c461eb:event_071_parent_turn_71 skipping — predecessor failed
2026-10-02 04:30:48,248 - inference_perf.datagen.replay.replay_graph_session_datagen - INFO - Event wekatrace124_7053adfcfbb77d730e5790ff46de93c461eb:event_072_parent_turn_72 skipping — predecessor failed
2026-10-02 04:30:48,249 - inference_perf.datagen.replay.replay_graph_session_datagen - INFO - Event wekatrace124_7053adfcfbb77d730e5790ff46de93c461eb:event_073_parent_turn_73 skipping — predecessor failed
2026-10-02 04:30:48,249 - inference_perf.datagen.replay.replay_graph_session_datagen - INFO - Event wekatrace124_7053adfcfbb77d730e5790ff46de93c461eb:event_074_parent_turn_74 skipping — predecessor failed
2026-10-02 04:30:48,249 - inference_perf.datagen.replay.replay_graph_session_datagen - INFO - Event wekatrace124_7053adfcfbb77d730e5790ff46de93c461eb:event_075_parent_turn_75 skipping — predecessor failed
2026-10-02 04:30:48,249 - inference_perf.datagen.replay.replay_graph_session_datagen - INFO - Event wekatrace124_7053adfcfbb77d730e5790ff46de93c461eb:event_076_parent_turn_76 skipping — predecessor failed
2026-10-02 04:30:48,249 - inference_perf.datagen.replay.replay_graph_session_datagen - INFO - Event wekatrace124_7053adfcfbb77d730e5790ff46de93c461eb:event_077_parent_turn_77 skipping — predecessor failed
2026-10-02 04:30:48,249 - inference_perf.datagen.replay.replay_graph_session_datagen - INFO - Event wekatrace124_7053adfcfbb77d730e5790ff46de93c461eb:event_078_parent_turn_78 skipping — predecessor failed
2026-10-02 04:30:48,249 - inference_perf.datagen.replay.replay_graph_session_datagen - INFO - Event wekatrace124_7053adfcfbb77d730e5790ff46de93c461eb:event_079_parent_turn_79 skipping — predecessor failed
2026-10-02 04:30:48,249 - inference_perf.datagen.replay.replay_graph_session_datagen - INFO - Event wekatrace124_7053adfcfbb77d730e5790ff46de93c461eb:event_080_parent_turn_80 skipping — predecessor failed
2026-10-02 04:30:48,250 - inference_perf.datagen.replay.replay_graph_session_datagen - INFO - Event wekatrace124_7053adfcfbb77d730e5790ff46de93c461eb:event_081_parent_turn_81 skipping — predecessor failed
2026-10-02 04:30:48,250 - inference_perf.datagen.replay.replay_graph_session_datagen - INFO - Event wekatrace124_7053adfcfbb77d730e5790ff46de93c461eb:event_082_parent_turn_82 skipping — predecessor failed
2026-10-02 04:30:48,250 - inference_perf.datagen.replay.replay_graph_session_datagen - INFO - Event wekatrace124_7053adfcfbb77d730e5790ff46de93c461eb:event_083_parent_turn_83 skipping — predecessor failed
2026-10-02 04:30:48,250 - inference_perf.datagen.replay.replay_graph_session_datagen - INFO - Event wekatrace124_7053adfcfbb77d730e5790ff46de93c461eb:event_084_parent_turn_84 skipping — predecessor failed
2026-10-02 04:30:48,250 - inference_perf.datagen.replay.replay_graph_session_datagen - INFO - Event wekatrace124_7053adfcfbb77d730e5790ff46de93c461eb:event_085_parent_turn_85 skipping — predecessor failed
2026-10-02 04:30:48,250 - inference_perf.datagen.replay.replay_graph_session_datagen - INFO - Event wekatrace124_7053adfcfbb77d730e5790ff46de93c461eb:event_086_parent_turn_86 skipping — predecessor failed
2026-10-02 04:30:48,251 - inference_perf.datagen.replay.replay_graph_session_datagen - INFO - Event wekatrace124_7053adfcfbb77d730e5790ff46de93c461eb:event_087_parent_turn_87 skipping — predecessor failed
2026-10-02 04:30:48,251 - inference_perf.datagen.replay.replay_graph_session_datagen - INFO - Event wekatrace124_7053adfcfbb77d730e5790ff46de93c461eb:event_088_parent_turn_88 skipping — predecessor failed
2026-10-02 04:30:48,251 - inference_perf.datagen.replay.replay_graph_session_datagen - INFO - Event wekatrace124_7053adfcfbb77d730e5790ff46de93c461eb:event_089_parent_turn_89 skipping — predecessor failed
2026-10-02 04:30:48,251 - inference_perf.datagen.replay.replay_graph_session_datagen - INFO - Event wekatrace124_7053adfcfbb77d730e5790ff46de93c461eb:event_090_parent_turn_90 skipping — predecessor failed
2026-10-02 04:30:48,251 - inference_perf.datagen.replay.replay_graph_session_datagen - INFO - Event wekatrace124_7053adfcfbb77d730e5790ff46de93c461eb:event_091_parent_turn_91 skipping — predecessor failed
2026-10-02 04:30:48,251 - inference_perf.datagen.replay.replay_graph_session_datagen - INFO - Event wekatrace124_7053adfcfbb77d730e5790ff46de93c461eb:event_092_parent_turn_92 skipping — predecessor failed
2026-10-02 04:30:48,252 - inference_perf.datagen.replay.replay_graph_session_datagen - INFO - Event wekatrace124_7053adfcfbb77d730e5790ff46de93c461eb:event_093_parent_turn_93 skipping — predecessor failed
2026-10-02 04:30:48,252 - inference_perf.datagen.replay.replay_graph_session_datagen - INFO - Event wekatrace124_7053adfcfbb77d730e5790ff46de93c461eb:event_094_parent_turn_94 skipping — predecessor failed
2026-10-02 04:30:48,252 - inference_perf.datagen.replay.replay_graph_session_datagen - INFO - Event wekatrace124_7053adfcfbb77d730e5790ff46de93c461eb:event_095_parent_turn_95 skipping — predecessor failed
2026-10-02 04:30:48,252 - inference_perf.datagen.replay.replay_graph_session_datagen - INFO - Event wekatrace124_7053adfcfbb77d730e5790ff46de93c461eb:event_096_parent_turn_96 skipping — predecessor failed
2026-10-02 04:30:59,233 - inference_perf.datagen.replay.replay_graph_session_datagen - ERROR - Request failed for event wekatrace242_be8cbe86fa39534cb8534bf53f4d79fec596:event_001_parent_turn_1: TimeoutError: 
2026-10-02 04:30:59,235 - inference_perf.datagen.replay.replay_graph_session_datagen - INFO - Session wekatrace242_be8cbe86fa39534cb8534bf53f4d79fec596 failure notification sent to main process (cancelled_events=25)
2026-10-02 04:30:59,235 - inference_perf.client.modelserver.openai_client - ERROR - 
Traceback (most recent call last):
  File "/workspace/.venv/lib/python3.12/site-packages/aiohttp/streams.py", line 365, in _wait
    await waiter
asyncio.exceptions.CancelledError

The above exception was the direct cause of the following exception:

Traceback (most recent call last):
  File "/workspace/inference_perf/apis/streaming_parser.py", line 84, in parse_sse_stream
    async for chunk in response.content.iter_any():
  File "/workspace/.venv/lib/python3.12/site-packages/aiohttp/streams.py", line 46, in __anext__
    rv = await self.read_func()
         ^^^^^^^^^^^^^^^^^^^^^^
  File "/workspace/.venv/lib/python3.12/site-packages/aiohttp/streams.py", line 460, in readany
    await self._wait("readany")
  File "/workspace/.venv/lib/python3.12/site-packages/aiohttp/streams.py", line 364, in _wait
    with self._timer:
         ^^^^^^^^^^^
  File "/workspace/.venv/lib/python3.12/site-packages/aiohttp/helpers.py", line 759, in __exit__
    raise asyncio.TimeoutError from exc_val
TimeoutError

The above exception was the direct cause of the following exception:

Traceback (most recent call last):
  File "/workspace/inference_perf/client/modelserver/openai_client.py", line 557, in process_request
    info = await data.process_response(
           ^^^^^^^^^^^^^^^^^^^^^^^^^^^^
  File "/workspace/inference_perf/datagen/replay/replay_graph_session_datagen.py", line 1039, in process_response
    text_content, chunk_times, raw_content, response_chunks, server_usage = await parse_sse_stream(
                                                                            ^^^^^^^^^^^^^^^^^^^^^^^
  File "/workspace/inference_perf/apis/streaming_parser.py", line 119, in parse_sse_stream
    raise StreamInterruptedError(e, raw_content.decode("utf-8", errors="ignore")) from e
inference_perf.apis.streaming_parser.StreamInterruptedError
2026-10-02 04:30:59,241 - inference_perf.datagen.replay.replay_graph_session_datagen - INFO - Event wekatrace242_be8cbe86fa39534cb8534bf53f4d79fec596:event_002_parent_turn_2 skipping — predecessor failed
2026-10-02 04:30:59,242 - inference_perf.datagen.replay.replay_graph_session_datagen - INFO - Event wekatrace242_be8cbe86fa39534cb8534bf53f4d79fec596:event_003_parent_turn_3 skipping — predecessor failed
2026-10-02 04:30:59,242 - inference_perf.datagen.replay.replay_graph_session_datagen - INFO - Event wekatrace242_be8cbe86fa39534cb8534bf53f4d79fec596:event_004_parent_turn_4 skipping — predecessor failed
2026-10-02 04:30:59,242 - inference_perf.datagen.replay.replay_graph_session_datagen - INFO - Event wekatrace242_be8cbe86fa39534cb8534bf53f4d79fec596:event_005_parent_turn_5 skipping — predecessor failed
2026-10-02 04:30:59,243 - inference_perf.datagen.replay.replay_graph_session_datagen - INFO - Event wekatrace242_be8cbe86fa39534cb8534bf53f4d79fec596:event_006_parent_turn_6 skipping — predecessor failed
2026-10-02 04:30:59,243 - inference_perf.datagen.replay.replay_graph_session_datagen - INFO - Event wekatrace242_be8cbe86fa39534cb8534bf53f4d79fec596:event_007_parent_turn_7 skipping — predecessor failed
2026-10-02 04:30:59,243 - inference_perf.datagen.replay.replay_graph_session_datagen - INFO - Event wekatrace242_be8cbe86fa39534cb8534bf53f4d79fec596:event_008_parent_turn_8 skipping — predecessor failed
2026-10-02 04:30:59,243 - inference_perf.datagen.replay.replay_graph_session_datagen - INFO - Event wekatrace242_be8cbe86fa39534cb8534bf53f4d79fec596:event_009_parent_turn_9 skipping — predecessor failed
2026-10-02 04:30:59,243 - inference_perf.datagen.replay.replay_graph_session_datagen - INFO - Event wekatrace242_be8cbe86fa39534cb8534bf53f4d79fec596:event_010_parent_turn_10 skipping — predecessor failed
2026-10-02 04:30:59,243 - inference_perf.datagen.replay.replay_graph_session_datagen - INFO - Event wekatrace242_be8cbe86fa39534cb8534bf53f4d79fec596:event_011_parent_turn_11 skipping — predecessor failed
2026-10-02 04:30:59,243 - inference_perf.datagen.replay.replay_graph_session_datagen - INFO - Event wekatrace242_be8cbe86fa39534cb8534bf53f4d79fec596:event_012_parent_turn_12 skipping — predecessor failed
2026-10-02 04:30:59,243 - inference_perf.datagen.replay.replay_graph_session_datagen - INFO - Event wekatrace242_be8cbe86fa39534cb8534bf53f4d79fec596:event_013_parent_turn_13 skipping — predecessor failed
2026-10-02 04:30:59,244 - inference_perf.datagen.replay.replay_graph_session_datagen - INFO - Event wekatrace242_be8cbe86fa39534cb8534bf53f4d79fec596:event_014_parent_turn_14 skipping — predecessor failed
2026-10-02 04:30:59,244 - inference_perf.datagen.replay.replay_graph_session_datagen - INFO - Event wekatrace242_be8cbe86fa39534cb8534bf53f4d79fec596:event_015_parent_turn_15 skipping — predecessor failed
2026-10-02 04:30:59,244 - inference_perf.datagen.replay.replay_graph_session_datagen - INFO - Event wekatrace242_be8cbe86fa39534cb8534bf53f4d79fec596:event_016_parent_turn_16 skipping — predecessor failed
2026-10-02 04:30:59,244 - inference_perf.datagen.replay.replay_graph_session_datagen - INFO - Event wekatrace242_be8cbe86fa39534cb8534bf53f4d79fec596:event_017_parent_turn_17 skipping — predecessor failed
2026-10-02 04:30:59,244 - inference_perf.datagen.replay.replay_graph_session_datagen - INFO - Event wekatrace242_be8cbe86fa39534cb8534bf53f4d79fec596:event_018_parent_turn_18 skipping — predecessor failed
2026-10-02 04:30:59,244 - inference_perf.datagen.replay.replay_graph_session_datagen - INFO - Event wekatrace242_be8cbe86fa39534cb8534bf53f4d79fec596:event_019_parent_turn_19 skipping — predecessor failed
2026-10-02 04:30:59,244 - inference_perf.datagen.replay.replay_graph_session_datagen - INFO - Event wekatrace242_be8cbe86fa39534cb8534bf53f4d79fec596:event_020_parent_turn_20 skipping — predecessor failed
2026-10-02 04:30:59,245 - inference_perf.datagen.replay.replay_graph_session_datagen - INFO - Event wekatrace242_be8cbe86fa39534cb8534bf53f4d79fec596:event_021_parent_turn_21 skipping — predecessor failed
2026-10-02 04:30:59,245 - inference_perf.datagen.replay.replay_graph_session_datagen - INFO - Event wekatrace242_be8cbe86fa39534cb8534bf53f4d79fec596:event_022_parent_turn_22 skipping — predecessor failed
2026-10-02 04:30:59,245 - inference_perf.datagen.replay.replay_graph_session_datagen - INFO - Event wekatrace242_be8cbe86fa39534cb8534bf53f4d79fec596:event_023_parent_turn_23 skipping — predecessor failed
2026-10-02 04:30:59,245 - inference_perf.datagen.replay.replay_graph_session_datagen - INFO - Event wekatrace242_be8cbe86fa39534cb8534bf53f4d79fec596:event_024_parent_turn_24 skipping — predecessor failed
2026-10-02 04:30:59,245 - inference_perf.datagen.replay.replay_graph_session_datagen - INFO - Event wekatrace242_be8cbe86fa39534cb8534bf53f4d79fec596:event_025_parent_turn_25 skipping — predecessor failed
2026-10-02 04:30:59,245 - inference_perf.datagen.replay.replay_graph_session_datagen - INFO - Event wekatrace242_be8cbe86fa39534cb8534bf53f4d79fec596:event_026_parent_turn_26 skipping — predecessor failed
2026-10-02 04:30:59,249 - inference_perf.datagen.replay.replay_graph_session_datagen - INFO - Dispatching session wekatrace237_bb09362fe3a016c1b20f92d0e29cfdf97722: 12 events
2026-10-02 04:31:02,233 - inference_perf.datagen.replay.replay_graph_session_datagen - ERROR - Request failed for event wekatrace187_9e74ad6f4f9be07727dd4586eb936301298a:event_001_parent_turn_1: TimeoutError: 
2026-10-02 04:31:02,233 - inference_perf.datagen.replay.replay_graph_session_datagen - ERROR - Request failed for event wekatrace321_f25cdaf2290264e23187558d177f96ca00dd:event_001_parent_turn_1: TimeoutError: 
2026-10-02 04:31:02,234 - inference_perf.datagen.replay.replay_graph_session_datagen - INFO - Session wekatrace187_9e74ad6f4f9be07727dd4586eb936301298a failure notification sent to main process (cancelled_events=46)
2026-10-02 04:31:02,235 - inference_perf.datagen.replay.replay_graph_session_datagen - INFO - Session wekatrace321_f25cdaf2290264e23187558d177f96ca00dd failure notification sent to main process (cancelled_events=144)
2026-10-02 04:31:02,235 - inference_perf.client.modelserver.openai_client - ERROR - 
Traceback (most recent call last):
  File "/workspace/.venv/lib/python3.12/site-packages/aiohttp/streams.py", line 365, in _wait
    await waiter
asyncio.exceptions.CancelledError

The above exception was the direct cause of the following exception:

Traceback (most recent call last):
  File "/workspace/inference_perf/apis/streaming_parser.py", line 84, in parse_sse_stream
    async for chunk in response.content.iter_any():
  File "/workspace/.venv/lib/python3.12/site-packages/aiohttp/streams.py", line 46, in __anext__
    rv = await self.read_func()
         ^^^^^^^^^^^^^^^^^^^^^^
  File "/workspace/.venv/lib/python3.12/site-packages/aiohttp/streams.py", line 460, in readany
    await self._wait("readany")
  File "/workspace/.venv/lib/python3.12/site-packages/aiohttp/streams.py", line 364, in _wait
    with self._timer:
         ^^^^^^^^^^^
  File "/workspace/.venv/lib/python3.12/site-packages/aiohttp/helpers.py", line 759, in __exit__
    raise asyncio.TimeoutError from exc_val
TimeoutError

The above exception was the direct cause of the following exception:

Traceback (most recent call last):
  File "/workspace/inference_perf/client/modelserver/openai_client.py", line 557, in process_request
    info = await data.process_response(
           ^^^^^^^^^^^^^^^^^^^^^^^^^^^^
  File "/workspace/inference_perf/datagen/replay/replay_graph_session_datagen.py", line 1039, in process_response
    text_content, chunk_times, raw_content, response_chunks, server_usage = await parse_sse_stream(
                                                                            ^^^^^^^^^^^^^^^^^^^^^^^
  File "/workspace/inference_perf/apis/streaming_parser.py", line 119, in parse_sse_stream
    raise StreamInterruptedError(e, raw_content.decode("utf-8", errors="ignore")) from e
inference_perf.apis.streaming_parser.StreamInterruptedError
2026-10-02 04:31:02,236 - inference_perf.client.modelserver.openai_client - ERROR - 
Traceback (most recent call last):
  File "/workspace/.venv/lib/python3.12/site-packages/aiohttp/streams.py", line 365, in _wait
    await waiter
asyncio.exceptions.CancelledError

The above exception was the direct cause of the following exception:

Traceback (most recent call last):
  File "/workspace/inference_perf/apis/streaming_parser.py", line 84, in parse_sse_stream
    async for chunk in response.content.iter_any():
  File "/workspace/.venv/lib/python3.12/site-packages/aiohttp/streams.py", line 46, in __anext__
    rv = await self.read_func()
         ^^^^^^^^^^^^^^^^^^^^^^
  File "/workspace/.venv/lib/python3.12/site-packages/aiohttp/streams.py", line 460, in readany
    await self._wait("readany")
  File "/workspace/.venv/lib/python3.12/site-packages/aiohttp/streams.py", line 364, in _wait
    with self._timer:
         ^^^^^^^^^^^
  File "/workspace/.venv/lib/python3.12/site-packages/aiohttp/helpers.py", line 759, in __exit__
    raise asyncio.TimeoutError from exc_val
TimeoutError

The above exception was the direct cause of the following exception:

Traceback (most recent call last):
  File "/workspace/inference_perf/client/modelserver/openai_client.py", line 557, in process_request
    info = await data.process_response(
           ^^^^^^^^^^^^^^^^^^^^^^^^^^^^
  File "/workspace/inference_perf/datagen/replay/replay_graph_session_datagen.py", line 1039, in process_response
    text_content, chunk_times, raw_content, response_chunks, server_usage = await parse_sse_stream(
                                                                            ^^^^^^^^^^^^^^^^^^^^^^^
  File "/workspace/inference_perf/apis/streaming_parser.py", line 119, in parse_sse_stream
    raise StreamInterruptedError(e, raw_content.decode("utf-8", errors="ignore")) from e
inference_perf.apis.streaming_parser.StreamInterruptedError
2026-10-02 04:31:02,242 - inference_perf.datagen.replay.replay_graph_session_datagen - INFO - Event wekatrace187_9e74ad6f4f9be07727dd4586eb936301298a:event_027_parent_turn_2 skipping — predecessor failed
2026-10-02 04:31:02,243 - inference_perf.datagen.replay.replay_graph_session_datagen - INFO - Event wekatrace187_9e74ad6f4f9be07727dd4586eb936301298a:event_028_parent_turn_3 skipping — predecessor failed
2026-10-02 04:31:02,243 - inference_perf.datagen.replay.replay_graph_session_datagen - INFO - Event wekatrace321_f25cdaf2290264e23187558d177f96ca00dd:event_002_parent_turn_2 skipping — predecessor failed
2026-10-02 04:31:02,243 - inference_perf.datagen.replay.replay_graph_session_datagen - INFO - Event wekatrace321_f25cdaf2290264e23187558d177f96ca00dd:event_003_sa_subagent_001_b0b7e5ae_s0_turn_0 skipping — predecessor failed
2026-10-02 04:31:02,243 - inference_perf.datagen.replay.replay_graph_session_datagen - INFO - Event wekatrace187_9e74ad6f4f9be07727dd4586eb936301298a:event_029_parent_turn_4 skipping — predecessor failed
2026-10-02 04:31:02,244 - inference_perf.datagen.replay.replay_graph_session_datagen - INFO - Event wekatrace321_f25cdaf2290264e23187558d177f96ca00dd:event_052_parent_turn_3 skipping — predecessor failed
2026-10-02 04:31:02,244 - inference_perf.datagen.replay.replay_graph_session_datagen - INFO - Event wekatrace187_9e74ad6f4f9be07727dd4586eb936301298a:event_030_parent_turn_5 skipping — predecessor failed
2026-10-02 04:31:02,244 - inference_perf.datagen.replay.replay_graph_session_datagen - INFO - Event wekatrace321_f25cdaf2290264e23187558d177f96ca00dd:event_004_sa_subagent_001_b0b7e5ae_s0_turn_1 skipping — predecessor failed
2026-10-02 04:31:02,244 - inference_perf.datagen.replay.replay_graph_session_datagen - INFO - Event wekatrace187_9e74ad6f4f9be07727dd4586eb936301298a:event_031_parent_turn_6 skipping — predecessor failed
2026-10-02 04:31:02,244 - inference_perf.datagen.replay.replay_graph_session_datagen - INFO - Event wekatrace321_f25cdaf2290264e23187558d177f96ca00dd:event_053_parent_turn_4 skipping — predecessor failed
2026-10-02 04:31:02,244 - inference_perf.datagen.replay.replay_graph_session_datagen - INFO - Event wekatrace187_9e74ad6f4f9be07727dd4586eb936301298a:event_032_parent_turn_7 skipping — predecessor failed
2026-10-02 04:31:02,244 - inference_perf.datagen.replay.replay_graph_session_datagen - INFO - Event wekatrace321_f25cdaf2290264e23187558d177f96ca00dd:event_005_sa_subagent_001_b0b7e5ae_s0_turn_2 skipping — predecessor failed
2026-10-02 04:31:02,245 - inference_perf.datagen.replay.replay_graph_session_datagen - INFO - Event wekatrace321_f25cdaf2290264e23187558d177f96ca00dd:event_072_parent_turn_5 skipping — predecessor failed
2026-10-02 04:31:02,245 - inference_perf.datagen.replay.replay_graph_session_datagen - INFO - Event wekatrace187_9e74ad6f4f9be07727dd4586eb936301298a:event_033_parent_turn_8 skipping — predecessor failed
2026-10-02 04:31:02,245 - inference_perf.datagen.replay.replay_graph_session_datagen - INFO - Event wekatrace321_f25cdaf2290264e23187558d177f96ca00dd:event_006_sa_subagent_001_b0b7e5ae_s0_turn_3 skipping — predecessor failed
2026-10-02 04:31:02,245 - inference_perf.datagen.replay.replay_graph_session_datagen - INFO - Event wekatrace321_f25cdaf2290264e23187558d177f96ca00dd:event_073_parent_turn_6 skipping — predecessor failed
2026-10-02 04:31:02,245 - inference_perf.datagen.replay.replay_graph_session_datagen - INFO - Event wekatrace187_9e74ad6f4f9be07727dd4586eb936301298a:event_034_parent_turn_9 skipping — predecessor failed
2026-10-02 04:31:02,245 - inference_perf.datagen.replay.replay_graph_session_datagen - INFO - Event wekatrace321_f25cdaf2290264e23187558d177f96ca00dd:event_074_parent_turn_7 skipping — predecessor failed
2026-10-02 04:31:02,245 - inference_perf.datagen.replay.replay_graph_session_datagen - INFO - Event wekatrace187_9e74ad6f4f9be07727dd4586eb936301298a:event_035_parent_turn_10 skipping — predecessor failed
2026-10-02 04:31:02,245 - inference_perf.datagen.replay.replay_graph_session_datagen - INFO - Event wekatrace321_f25cdaf2290264e23187558d177f96ca00dd:event_007_sa_subagent_001_b0b7e5ae_s0_turn_4 skipping — predecessor failed
2026-10-02 04:31:02,245 - inference_perf.datagen.replay.replay_graph_session_datagen - INFO - Event wekatrace321_f25cdaf2290264e23187558d177f96ca00dd:event_075_parent_turn_8 skipping — predecessor failed
2026-10-02 04:31:02,245 - inference_perf.datagen.replay.replay_graph_session_datagen - INFO - Event wekatrace321_f25cdaf2290264e23187558d177f96ca00dd:event_076_parent_turn_9 skipping — predecessor failed
2026-10-02 04:31:02,245 - inference_perf.datagen.replay.replay_graph_session_datagen - INFO - Event wekatrace187_9e74ad6f4f9be07727dd4586eb936301298a:event_036_parent_turn_11 skipping — predecessor failed
2026-10-02 04:31:02,245 - inference_perf.datagen.replay.replay_graph_session_datagen - INFO - Event wekatrace321_f25cdaf2290264e23187558d177f96ca00dd:event_077_parent_turn_10 skipping — predecessor failed
2026-10-02 04:31:02,245 - inference_perf.datagen.replay.replay_graph_session_datagen - INFO - Event wekatrace187_9e74ad6f4f9be07727dd4586eb936301298a:event_037_parent_turn_12 skipping — predecessor failed
2026-10-02 04:31:02,245 - inference_perf.datagen.replay.replay_graph_session_datagen - INFO - Event wekatrace321_f25cdaf2290264e23187558d177f96ca00dd:event_008_sa_subagent_001_b0b7e5ae_s0_turn_5 skipping — predecessor failed
2026-10-02 04:31:02,245 - inference_perf.datagen.replay.replay_graph_session_datagen - INFO - Event wekatrace321_f25cdaf2290264e23187558d177f96ca00dd:event_078_parent_turn_11 skipping — predecessor failed
2026-10-02 04:31:02,246 - inference_perf.datagen.replay.replay_graph_session_datagen - INFO - Event wekatrace187_9e74ad6f4f9be07727dd4586eb936301298a:event_038_parent_turn_13 skipping — predecessor failed
2026-10-02 04:31:02,246 - inference_perf.datagen.replay.replay_graph_session_datagen - INFO - Event wekatrace321_f25cdaf2290264e23187558d177f96ca00dd:event_009_sa_subagent_001_b0b7e5ae_s0_turn_6 skipping — predecessor failed
2026-10-02 04:31:02,246 - inference_perf.datagen.replay.replay_graph_session_datagen - INFO - Event wekatrace321_f25cdaf2290264e23187558d177f96ca00dd:event_079_parent_turn_12 skipping — predecessor failed
2026-10-02 04:31:02,246 - inference_perf.datagen.replay.replay_graph_session_datagen - INFO - Event wekatrace187_9e74ad6f4f9be07727dd4586eb936301298a:event_039_parent_turn_14 skipping — predecessor failed
2026-10-02 04:31:02,246 - inference_perf.datagen.replay.replay_graph_session_datagen - INFO - Event wekatrace321_f25cdaf2290264e23187558d177f96ca00dd:event_010_sa_subagent_001_b0b7e5ae_s0_turn_7 skipping — predecessor failed
2026-10-02 04:31:02,246 - inference_perf.datagen.replay.replay_graph_session_datagen - INFO - Event wekatrace321_f25cdaf2290264e23187558d177f96ca00dd:event_080_parent_turn_13 skipping — predecessor failed
2026-10-02 04:31:02,246 - inference_perf.datagen.replay.replay_graph_session_datagen - INFO - Event wekatrace187_9e74ad6f4f9be07727dd4586eb936301298a:event_040_parent_turn_15 skipping — predecessor failed
2026-10-02 04:31:02,246 - inference_perf.datagen.replay.replay_graph_session_datagen - INFO - Event wekatrace321_f25cdaf2290264e23187558d177f96ca00dd:event_011_sa_subagent_001_b0b7e5ae_s0_turn_8 skipping — predecessor failed
2026-10-02 04:31:02,246 - inference_perf.datagen.replay.replay_graph_session_datagen - INFO - Event wekatrace321_f25cdaf2290264e23187558d177f96ca00dd:event_081_parent_turn_14 skipping — predecessor failed
2026-10-02 04:31:02,246 - inference_perf.datagen.replay.replay_graph_session_datagen - INFO - Event wekatrace187_9e74ad6f4f9be07727dd4586eb936301298a:event_041_parent_turn_16 skipping — predecessor failed
2026-10-02 04:31:02,246 - inference_perf.datagen.replay.replay_graph_session_datagen - INFO - Event wekatrace321_f25cdaf2290264e23187558d177f96ca00dd:event_012_sa_subagent_001_b0b7e5ae_s0_turn_9 skipping — predecessor failed
2026-10-02 04:31:02,246 - inference_perf.datagen.replay.replay_graph_session_datagen - INFO - Event wekatrace321_f25cdaf2290264e23187558d177f96ca00dd:event_082_parent_turn_15 skipping — predecessor failed
2026-10-02 04:31:02,246 - inference_perf.datagen.replay.replay_graph_session_datagen - INFO - Event wekatrace187_9e74ad6f4f9be07727dd4586eb936301298a:event_042_parent_turn_17 skipping — predecessor failed
2026-10-02 04:31:02,246 - inference_perf.datagen.replay.replay_graph_session_datagen - INFO - Event wekatrace321_f25cdaf2290264e23187558d177f96ca00dd:event_013_sa_subagent_001_b0b7e5ae_s0_turn_10 skipping — predecessor failed
2026-10-02 04:31:02,246 - inference_perf.datagen.replay.replay_graph_session_datagen - INFO - Event wekatrace321_f25cdaf2290264e23187558d177f96ca00dd:event_083_parent_turn_16 skipping — predecessor failed
2026-10-02 04:31:02,246 - inference_perf.datagen.replay.replay_graph_session_datagen - INFO - Event wekatrace187_9e74ad6f4f9be07727dd4586eb936301298a:event_043_parent_turn_18 skipping — predecessor failed
2026-10-02 04:31:02,247 - inference_perf.datagen.replay.replay_graph_session_datagen - INFO - Event wekatrace321_f25cdaf2290264e23187558d177f96ca00dd:event_014_sa_subagent_001_b0b7e5ae_s0_turn_11 skipping — predecessor failed
2026-10-02 04:31:02,247 - inference_perf.datagen.replay.replay_graph_session_datagen - INFO - Event wekatrace321_f25cdaf2290264e23187558d177f96ca00dd:event_084_parent_turn_17 skipping — predecessor failed
2026-10-02 04:31:02,247 - inference_perf.datagen.replay.replay_graph_session_datagen - INFO - Event wekatrace187_9e74ad6f4f9be07727dd4586eb936301298a:event_044_parent_turn_19 skipping — predecessor failed
2026-10-02 04:31:02,247 - inference_perf.datagen.replay.replay_graph_session_datagen - INFO - Event wekatrace321_f25cdaf2290264e23187558d177f96ca00dd:event_015_sa_subagent_001_b0b7e5ae_s0_turn_12 skipping — predecessor failed
2026-10-02 04:31:02,247 - inference_perf.datagen.replay.replay_graph_session_datagen - INFO - Event wekatrace321_f25cdaf2290264e23187558d177f96ca00dd:event_085_parent_turn_18 skipping — predecessor failed
2026-10-02 04:31:02,247 - inference_perf.datagen.replay.replay_graph_session_datagen - INFO - Event wekatrace187_9e74ad6f4f9be07727dd4586eb936301298a:event_045_parent_turn_20 skipping — predecessor failed
2026-10-02 04:31:02,247 - inference_perf.datagen.replay.replay_graph_session_datagen - INFO - Event wekatrace321_f25cdaf2290264e23187558d177f96ca00dd:event_016_sa_subagent_001_b0b7e5ae_s0_turn_13 skipping — predecessor failed
2026-10-02 04:31:02,247 - inference_perf.datagen.replay.replay_graph_session_datagen - INFO - Event wekatrace321_f25cdaf2290264e23187558d177f96ca00dd:event_086_parent_turn_19 skipping — predecessor failed
2026-10-02 04:31:02,247 - inference_perf.datagen.replay.replay_graph_session_datagen - INFO - Event wekatrace187_9e74ad6f4f9be07727dd4586eb936301298a:event_046_parent_turn_21 skipping — predecessor failed
2026-10-02 04:31:02,247 - inference_perf.datagen.replay.replay_graph_session_datagen - INFO - Event wekatrace321_f25cdaf2290264e23187558d177f96ca00dd:event_017_sa_subagent_001_b0b7e5ae_s0_turn_14 skipping — predecessor failed
2026-10-02 04:31:02,247 - inference_perf.datagen.replay.replay_graph_session_datagen - INFO - Event wekatrace187_9e74ad6f4f9be07727dd4586eb936301298a:event_047_parent_turn_22 skipping — predecessor failed
2026-10-02 04:31:02,247 - inference_perf.datagen.replay.replay_graph_session_datagen - INFO - Event wekatrace321_f25cdaf2290264e23187558d177f96ca00dd:event_087_parent_turn_20 skipping — predecessor failed
2026-10-02 04:31:02,247 - inference_perf.datagen.replay.replay_graph_session_datagen - INFO - Event wekatrace187_9e74ad6f4f9be07727dd4586eb936301298a:event_048_parent_turn_23 skipping — predecessor failed
2026-10-02 04:31:02,247 - inference_perf.datagen.replay.replay_graph_session_datagen - INFO - Event wekatrace321_f25cdaf2290264e23187558d177f96ca00dd:event_018_sa_subagent_001_b0b7e5ae_s0_turn_15 skipping — predecessor failed
2026-10-02 04:31:02,247 - inference_perf.datagen.replay.replay_graph_session_datagen - INFO - Event wekatrace321_f25cdaf2290264e23187558d177f96ca00dd:event_088_parent_turn_21 skipping — predecessor failed
2026-10-02 04:31:02,248 - inference_perf.datagen.replay.replay_graph_session_datagen - INFO - Event wekatrace321_f25cdaf2290264e23187558d177f96ca00dd:event_019_sa_subagent_001_b0b7e5ae_s0_turn_16 skipping — predecessor failed
2026-10-02 04:31:02,248 - inference_perf.datagen.replay.replay_graph_session_datagen - INFO - Event wekatrace321_f25cdaf2290264e23187558d177f96ca00dd:event_089_parent_turn_22 skipping — predecessor failed
2026-10-02 04:31:02,248 - inference_perf.datagen.replay.replay_graph_session_datagen - INFO - Event wekatrace321_f25cdaf2290264e23187558d177f96ca00dd:event_020_sa_subagent_001_b0b7e5ae_s0_turn_17 skipping — predecessor failed
2026-10-02 04:31:02,248 - inference_perf.datagen.replay.replay_graph_session_datagen - INFO - Event wekatrace321_f25cdaf2290264e23187558d177f96ca00dd:event_090_parent_turn_23 skipping — predecessor failed
2026-10-02 04:31:02,248 - inference_perf.datagen.replay.replay_graph_session_datagen - INFO - Event wekatrace321_f25cdaf2290264e23187558d177f96ca00dd:event_021_sa_subagent_001_b0b7e5ae_s0_turn_18 skipping — predecessor failed
2026-10-02 04:31:02,248 - inference_perf.datagen.replay.replay_graph_session_datagen - INFO - Event wekatrace321_f25cdaf2290264e23187558d177f96ca00dd:event_091_parent_turn_24 skipping — predecessor failed
2026-10-02 04:31:02,248 - inference_perf.datagen.replay.replay_graph_session_datagen - INFO - Event wekatrace321_f25cdaf2290264e23187558d177f96ca00dd:event_022_sa_subagent_001_b0b7e5ae_s0_turn_19 skipping — predecessor failed
2026-10-02 04:31:02,248 - inference_perf.datagen.replay.replay_graph_session_datagen - INFO - Event wekatrace321_f25cdaf2290264e23187558d177f96ca00dd:event_092_parent_turn_25 skipping — predecessor failed
2026-10-02 04:31:02,248 - inference_perf.datagen.replay.replay_graph_session_datagen - INFO - Event wekatrace321_f25cdaf2290264e23187558d177f96ca00dd:event_023_sa_subagent_001_b0b7e5ae_s0_turn_20 skipping — predecessor failed
2026-10-02 04:31:02,248 - inference_perf.datagen.replay.replay_graph_session_datagen - INFO - Event wekatrace321_f25cdaf2290264e23187558d177f96ca00dd:event_093_parent_turn_26 skipping — predecessor failed
2026-10-02 04:31:02,249 - inference_perf.datagen.replay.replay_graph_session_datagen - INFO - Event wekatrace321_f25cdaf2290264e23187558d177f96ca00dd:event_024_sa_subagent_001_b0b7e5ae_s0_turn_21 skipping — predecessor failed
2026-10-02 04:31:02,249 - inference_perf.datagen.replay.replay_graph_session_datagen - INFO - Event wekatrace321_f25cdaf2290264e23187558d177f96ca00dd:event_094_parent_turn_27 skipping — predecessor failed
2026-10-02 04:31:02,249 - inference_perf.datagen.replay.replay_graph_session_datagen - INFO - Event wekatrace321_f25cdaf2290264e23187558d177f96ca00dd:event_025_sa_subagent_001_b0b7e5ae_s0_turn_22 skipping — predecessor failed
2026-10-02 04:31:02,249 - inference_perf.datagen.replay.replay_graph_session_datagen - INFO - Event wekatrace321_f25cdaf2290264e23187558d177f96ca00dd:event_095_parent_turn_28 skipping — predecessor failed
2026-10-02 04:31:02,249 - inference_perf.datagen.replay.replay_graph_session_datagen - INFO - Event wekatrace321_f25cdaf2290264e23187558d177f96ca00dd:event_026_sa_subagent_001_b0b7e5ae_s0_turn_23 skipping — predecessor failed
2026-10-02 04:31:02,249 - inference_perf.datagen.replay.replay_graph_session_datagen - INFO - Event wekatrace321_f25cdaf2290264e23187558d177f96ca00dd:event_096_parent_turn_29 skipping — predecessor failed
2026-10-02 04:31:02,249 - inference_perf.datagen.replay.replay_graph_session_datagen - INFO - Event wekatrace321_f25cdaf2290264e23187558d177f96ca00dd:event_027_sa_subagent_001_b0b7e5ae_s0_turn_24 skipping — predecessor failed
2026-10-02 04:31:02,249 - inference_perf.datagen.replay.replay_graph_session_datagen - INFO - Event wekatrace321_f25cdaf2290264e23187558d177f96ca00dd:event_097_parent_turn_30 skipping — predecessor failed
2026-10-02 04:31:02,249 - inference_perf.datagen.replay.replay_graph_session_datagen - INFO - Event wekatrace321_f25cdaf2290264e23187558d177f96ca00dd:event_028_sa_subagent_001_b0b7e5ae_s0_turn_25 skipping — predecessor failed
2026-10-02 04:31:02,250 - inference_perf.datagen.replay.replay_graph_session_datagen - INFO - Event wekatrace321_f25cdaf2290264e23187558d177f96ca00dd:event_098_parent_turn_31 skipping — predecessor failed
2026-10-02 04:31:02,250 - inference_perf.datagen.replay.replay_graph_session_datagen - INFO - Event wekatrace321_f25cdaf2290264e23187558d177f96ca00dd:event_029_sa_subagent_001_b0b7e5ae_s0_turn_26 skipping — predecessor failed
2026-10-02 04:31:02,250 - inference_perf.datagen.replay.replay_graph_session_datagen - INFO - Event wekatrace321_f25cdaf2290264e23187558d177f96ca00dd:event_099_parent_turn_32 skipping — predecessor failed
2026-10-02 04:31:02,250 - inference_perf.datagen.replay.replay_graph_session_datagen - INFO - Event wekatrace321_f25cdaf2290264e23187558d177f96ca00dd:event_030_sa_subagent_001_b0b7e5ae_s0_turn_27 skipping — predecessor failed
2026-10-02 04:31:02,250 - inference_perf.datagen.replay.replay_graph_session_datagen - INFO - Event wekatrace321_f25cdaf2290264e23187558d177f96ca00dd:event_100_parent_turn_33 skipping — predecessor failed
2026-10-02 04:31:02,250 - inference_perf.datagen.replay.replay_graph_session_datagen - INFO - Event wekatrace321_f25cdaf2290264e23187558d177f96ca00dd:event_031_sa_subagent_001_b0b7e5ae_s0_turn_28 skipping — predecessor failed
2026-10-02 04:31:02,250 - inference_perf.datagen.replay.replay_graph_session_datagen - INFO - Event wekatrace321_f25cdaf2290264e23187558d177f96ca00dd:event_101_parent_turn_34 skipping — predecessor failed
2026-10-02 04:31:02,250 - inference_perf.datagen.replay.replay_graph_session_datagen - INFO - Event wekatrace321_f25cdaf2290264e23187558d177f96ca00dd:event_032_sa_subagent_001_b0b7e5ae_s0_turn_29 skipping — predecessor failed
2026-10-02 04:31:02,251 - inference_perf.datagen.replay.replay_graph_session_datagen - INFO - Event wekatrace321_f25cdaf2290264e23187558d177f96ca00dd:event_102_parent_turn_35 skipping — predecessor failed
2026-10-02 04:31:02,251 - inference_perf.datagen.replay.replay_graph_session_datagen - INFO - Event wekatrace321_f25cdaf2290264e23187558d177f96ca00dd:event_033_sa_subagent_001_b0b7e5ae_s0_turn_30 skipping — predecessor failed
2026-10-02 04:31:02,251 - inference_perf.datagen.replay.replay_graph_session_datagen - INFO - Event wekatrace321_f25cdaf2290264e23187558d177f96ca00dd:event_103_parent_turn_36 skipping — predecessor failed
2026-10-02 04:31:02,251 - inference_perf.datagen.replay.replay_graph_session_datagen - INFO - Event wekatrace321_f25cdaf2290264e23187558d177f96ca00dd:event_034_sa_subagent_001_b0b7e5ae_s0_turn_31 skipping — predecessor failed
2026-10-02 04:31:02,251 - inference_perf.datagen.replay.replay_graph_session_datagen - INFO - Event wekatrace321_f25cdaf2290264e23187558d177f96ca00dd:event_104_parent_turn_37 skipping — predecessor failed
2026-10-02 04:31:02,251 - inference_perf.datagen.replay.replay_graph_session_datagen - INFO - Event wekatrace321_f25cdaf2290264e23187558d177f96ca00dd:event_035_sa_subagent_001_b0b7e5ae_s0_turn_32 skipping — predecessor failed
2026-10-02 04:31:02,251 - inference_perf.datagen.replay.replay_graph_session_datagen - INFO - Event wekatrace321_f25cdaf2290264e23187558d177f96ca00dd:event_105_parent_turn_38 skipping — predecessor failed
2026-10-02 04:31:02,251 - inference_perf.datagen.replay.replay_graph_session_datagen - INFO - Event wekatrace321_f25cdaf2290264e23187558d177f96ca00dd:event_036_sa_subagent_001_b0b7e5ae_s0_turn_33 skipping — predecessor failed
2026-10-02 04:31:02,252 - inference_perf.datagen.replay.replay_graph_session_datagen - INFO - Event wekatrace321_f25cdaf2290264e23187558d177f96ca00dd:event_106_parent_turn_39 skipping — predecessor failed
2026-10-02 04:31:02,252 - inference_perf.datagen.replay.replay_graph_session_datagen - INFO - Event wekatrace321_f25cdaf2290264e23187558d177f96ca00dd:event_037_sa_subagent_001_b0b7e5ae_s0_turn_34 skipping — predecessor failed
2026-10-02 04:31:02,252 - inference_perf.datagen.replay.replay_graph_session_datagen - INFO - Event wekatrace321_f25cdaf2290264e23187558d177f96ca00dd:event_107_parent_turn_40 skipping — predecessor failed
2026-10-02 04:31:02,252 - inference_perf.datagen.replay.replay_graph_session_datagen - INFO - Event wekatrace321_f25cdaf2290264e23187558d177f96ca00dd:event_038_sa_subagent_001_b0b7e5ae_s0_turn_35 skipping — predecessor failed
2026-10-02 04:31:02,252 - inference_perf.datagen.replay.replay_graph_session_datagen - INFO - Event wekatrace321_f25cdaf2290264e23187558d177f96ca00dd:event_108_parent_turn_41 skipping — predecessor failed
2026-10-02 04:31:02,252 - inference_perf.datagen.replay.replay_graph_session_datagen - INFO - Event wekatrace321_f25cdaf2290264e23187558d177f96ca00dd:event_039_sa_subagent_001_b0b7e5ae_s0_turn_36 skipping — predecessor failed
2026-10-02 04:31:02,252 - inference_perf.datagen.replay.replay_graph_session_datagen - INFO - Event wekatrace321_f25cdaf2290264e23187558d177f96ca00dd:event_109_parent_turn_42 skipping — predecessor failed
2026-10-02 04:31:02,252 - inference_perf.datagen.replay.replay_graph_session_datagen - INFO - Event wekatrace321_f25cdaf2290264e23187558d177f96ca00dd:event_040_sa_subagent_001_b0b7e5ae_s0_turn_37 skipping — predecessor failed
2026-10-02 04:31:02,253 - inference_perf.datagen.replay.replay_graph_session_datagen - INFO - Event wekatrace321_f25cdaf2290264e23187558d177f96ca00dd:event_110_parent_turn_43 skipping — predecessor failed
2026-10-02 04:31:02,253 - inference_perf.datagen.replay.replay_graph_session_datagen - INFO - Event wekatrace321_f25cdaf2290264e23187558d177f96ca00dd:event_041_sa_subagent_001_b0b7e5ae_s0_turn_38 skipping — predecessor failed
2026-10-02 04:31:02,253 - inference_perf.datagen.replay.replay_graph_session_datagen - INFO - Event wekatrace321_f25cdaf2290264e23187558d177f96ca00dd:event_111_parent_turn_44 skipping — predecessor failed
2026-10-02 04:31:02,253 - inference_perf.datagen.replay.replay_graph_session_datagen - INFO - Event wekatrace321_f25cdaf2290264e23187558d177f96ca00dd:event_042_sa_subagent_001_b0b7e5ae_s0_turn_39 skipping — predecessor failed
2026-10-02 04:31:02,253 - inference_perf.datagen.replay.replay_graph_session_datagen - INFO - Event wekatrace321_f25cdaf2290264e23187558d177f96ca00dd:event_112_parent_turn_45 skipping — predecessor failed
2026-10-02 04:31:02,254 - inference_perf.datagen.replay.replay_graph_session_datagen - INFO - Event wekatrace321_f25cdaf2290264e23187558d177f96ca00dd:event_043_sa_subagent_001_b0b7e5ae_s0_turn_40 skipping — predecessor failed
2026-10-02 04:31:02,254 - inference_perf.datagen.replay.replay_graph_session_datagen - INFO - Event wekatrace321_f25cdaf2290264e23187558d177f96ca00dd:event_113_parent_turn_46 skipping — predecessor failed
2026-10-02 04:31:02,254 - inference_perf.datagen.replay.replay_graph_session_datagen - INFO - Event wekatrace321_f25cdaf2290264e23187558d177f96ca00dd:event_044_sa_subagent_001_b0b7e5ae_s0_turn_41 skipping — predecessor failed
2026-10-02 04:31:02,254 - inference_perf.datagen.replay.replay_graph_session_datagen - INFO - Event wekatrace321_f25cdaf2290264e23187558d177f96ca00dd:event_114_parent_turn_47 skipping — predecessor failed
2026-10-02 04:31:02,254 - inference_perf.datagen.replay.replay_graph_session_datagen - INFO - Event wekatrace321_f25cdaf2290264e23187558d177f96ca00dd:event_045_sa_subagent_001_b0b7e5ae_s0_turn_42 skipping — predecessor failed
2026-10-02 04:31:02,254 - inference_perf.datagen.replay.replay_graph_session_datagen - INFO - Event wekatrace321_f25cdaf2290264e23187558d177f96ca00dd:event_115_parent_turn_48 skipping — predecessor failed
2026-10-02 04:31:02,254 - inference_perf.datagen.replay.replay_graph_session_datagen - INFO - Event wekatrace321_f25cdaf2290264e23187558d177f96ca00dd:event_046_sa_subagent_001_b0b7e5ae_s0_turn_43 skipping — predecessor failed
2026-10-02 04:31:02,255 - inference_perf.datagen.replay.replay_graph_session_datagen - INFO - Event wekatrace321_f25cdaf2290264e23187558d177f96ca00dd:event_116_parent_turn_49 skipping — predecessor failed
2026-10-02 04:31:02,255 - inference_perf.datagen.replay.replay_graph_session_datagen - INFO - Event wekatrace321_f25cdaf2290264e23187558d177f96ca00dd:event_047_sa_subagent_001_b0b7e5ae_s0_turn_44 skipping — predecessor failed
2026-10-02 04:31:02,255 - inference_perf.datagen.replay.replay_graph_session_datagen - INFO - Event wekatrace321_f25cdaf2290264e23187558d177f96ca00dd:event_117_parent_turn_50 skipping — predecessor failed
2026-10-02 04:31:02,255 - inference_perf.datagen.replay.replay_graph_session_datagen - INFO - Event wekatrace321_f25cdaf2290264e23187558d177f96ca00dd:event_048_sa_subagent_001_b0b7e5ae_s0_turn_45 skipping — predecessor failed
2026-10-02 04:31:02,255 - inference_perf.datagen.replay.replay_graph_session_datagen - INFO - Event wekatrace321_f25cdaf2290264e23187558d177f96ca00dd:event_118_parent_turn_51 skipping — predecessor failed
2026-10-02 04:31:02,255 - inference_perf.datagen.replay.replay_graph_session_datagen - INFO - Dispatching session wekatrace121_6a35a34a2321ec9b90e4b55a419baa835703: 66 events
2026-10-02 04:31:02,255 - inference_perf.datagen.replay.replay_graph_session_datagen - INFO - Event wekatrace321_f25cdaf2290264e23187558d177f96ca00dd:event_119_parent_turn_52 skipping — predecessor failed
2026-10-02 04:31:02,256 - inference_perf.datagen.replay.replay_graph_session_datagen - INFO - Event wekatrace321_f25cdaf2290264e23187558d177f96ca00dd:event_049_sa_subagent_001_b0b7e5ae_s0_turn_46 skipping — predecessor failed
2026-10-02 04:31:02,256 - inference_perf.datagen.replay.replay_graph_session_datagen - INFO - Event wekatrace321_f25cdaf2290264e23187558d177f96ca00dd:event_120_parent_turn_53 skipping — predecessor failed
2026-10-02 04:31:02,256 - inference_perf.datagen.replay.replay_graph_session_datagen - INFO - Event wekatrace321_f25cdaf2290264e23187558d177f96ca00dd:event_121_parent_turn_54 skipping — predecessor failed
2026-10-02 04:31:02,256 - inference_perf.datagen.replay.replay_graph_session_datagen - INFO - Event wekatrace321_f25cdaf2290264e23187558d177f96ca00dd:event_050_sa_subagent_001_b0b7e5ae_s0_turn_47 skipping — predecessor failed
2026-10-02 04:31:02,256 - inference_perf.datagen.replay.replay_graph_session_datagen - INFO - Event wekatrace321_f25cdaf2290264e23187558d177f96ca00dd:event_122_parent_turn_55 skipping — predecessor failed
2026-10-02 04:31:02,256 - inference_perf.datagen.replay.replay_graph_session_datagen - INFO - Dispatching session wekatrace200_a515e6e90e823bf899cfa4f24731ca801bd6: 383 events
2026-10-02 04:31:02,256 - inference_perf.datagen.replay.replay_graph_session_datagen - INFO - Event wekatrace321_f25cdaf2290264e23187558d177f96ca00dd:event_123_parent_turn_56 skipping — predecessor failed
2026-10-02 04:31:02,256 - inference_perf.datagen.replay.replay_graph_session_datagen - INFO - Event wekatrace321_f25cdaf2290264e23187558d177f96ca00dd:event_124_parent_turn_57 skipping — predecessor failed
2026-10-02 04:31:02,257 - inference_perf.datagen.replay.replay_graph_session_datagen - INFO - Event wekatrace321_f25cdaf2290264e23187558d177f96ca00dd:event_051_sa_subagent_001_b0b7e5ae_s0_turn_48 skipping — predecessor failed
2026-10-02 04:31:02,257 - inference_perf.datagen.replay.replay_graph_session_datagen - INFO - Event wekatrace321_f25cdaf2290264e23187558d177f96ca00dd:event_054_sa_subagent_002_783634dc_s0_turn_0 skipping — predecessor failed
2026-10-02 04:31:02,257 - inference_perf.datagen.replay.replay_graph_session_datagen - INFO - Event wekatrace321_f25cdaf2290264e23187558d177f96ca00dd:event_125_parent_turn_58 skipping — predecessor failed
2026-10-02 04:31:02,257 - inference_perf.datagen.replay.replay_graph_session_datagen - INFO - Event wekatrace321_f25cdaf2290264e23187558d177f96ca00dd:event_055_sa_subagent_002_783634dc_s0_turn_1 skipping — predecessor failed
2026-10-02 04:31:02,257 - inference_perf.datagen.replay.replay_graph_session_datagen - INFO - Event wekatrace321_f25cdaf2290264e23187558d177f96ca00dd:event_126_parent_turn_59 skipping — predecessor failed
2026-10-02 04:31:02,257 - inference_perf.datagen.replay.replay_graph_session_datagen - INFO - Event wekatrace321_f25cdaf2290264e23187558d177f96ca00dd:event_056_sa_subagent_002_783634dc_s0_turn_2 skipping — predecessor failed
2026-10-02 04:31:02,257 - inference_perf.datagen.replay.replay_graph_session_datagen - INFO - Event wekatrace321_f25cdaf2290264e23187558d177f96ca00dd:event_127_parent_turn_60 skipping — predecessor failed
2026-10-02 04:31:02,257 - inference_perf.datagen.replay.replay_graph_session_datagen - INFO - Event wekatrace321_f25cdaf2290264e23187558d177f96ca00dd:event_057_sa_subagent_002_783634dc_s0_turn_3 skipping — predecessor failed
2026-10-02 04:31:02,258 - inference_perf.datagen.replay.replay_graph_session_datagen - INFO - Event wekatrace321_f25cdaf2290264e23187558d177f96ca00dd:event_128_parent_turn_61 skipping — predecessor failed
2026-10-02 04:31:02,258 - inference_perf.datagen.replay.replay_graph_session_datagen - INFO - Event wekatrace321_f25cdaf2290264e23187558d177f96ca00dd:event_058_sa_subagent_002_783634dc_s0_turn_4 skipping — predecessor failed
2026-10-02 04:31:02,258 - inference_perf.datagen.replay.replay_graph_session_datagen - INFO - Event wekatrace321_f25cdaf2290264e23187558d177f96ca00dd:event_129_parent_turn_62 skipping — predecessor failed
2026-10-02 04:31:02,258 - inference_perf.datagen.replay.replay_graph_session_datagen - INFO - Event wekatrace321_f25cdaf2290264e23187558d177f96ca00dd:event_059_sa_subagent_002_783634dc_s0_turn_5 skipping — predecessor failed
2026-10-02 04:31:02,258 - inference_perf.datagen.replay.replay_graph_session_datagen - INFO - Event wekatrace321_f25cdaf2290264e23187558d177f96ca00dd:event_130_parent_turn_63 skipping — predecessor failed
2026-10-02 04:31:02,258 - inference_perf.datagen.replay.replay_graph_session_datagen - INFO - Event wekatrace321_f25cdaf2290264e23187558d177f96ca00dd:event_060_sa_subagent_002_783634dc_s0_turn_6 skipping — predecessor failed
2026-10-02 04:31:02,258 - inference_perf.datagen.replay.replay_graph_session_datagen - INFO - Event wekatrace321_f25cdaf2290264e23187558d177f96ca00dd:event_131_parent_turn_64 skipping — predecessor failed
2026-10-02 04:31:02,258 - inference_perf.datagen.replay.replay_graph_session_datagen - INFO - Event wekatrace321_f25cdaf2290264e23187558d177f96ca00dd:event_061_sa_subagent_002_783634dc_s0_turn_7 skipping — predecessor failed
2026-10-02 04:31:02,258 - inference_perf.datagen.replay.replay_graph_session_datagen - INFO - Event wekatrace321_f25cdaf2290264e23187558d177f96ca00dd:event_132_parent_turn_65 skipping — predecessor failed
2026-10-02 04:31:02,258 - inference_perf.datagen.replay.replay_graph_session_datagen - INFO - Event wekatrace321_f25cdaf2290264e23187558d177f96ca00dd:event_133_parent_turn_66 skipping — predecessor failed
2026-10-02 04:31:02,259 - inference_perf.datagen.replay.replay_graph_session_datagen - INFO - Event wekatrace321_f25cdaf2290264e23187558d177f96ca00dd:event_062_sa_subagent_002_783634dc_s0_turn_8 skipping — predecessor failed
2026-10-02 04:31:02,259 - inference_perf.datagen.replay.replay_graph_session_datagen - INFO - Event wekatrace321_f25cdaf2290264e23187558d177f96ca00dd:event_134_parent_turn_67 skipping — predecessor failed
2026-10-02 04:31:02,259 - inference_perf.datagen.replay.replay_graph_session_datagen - INFO - Event wekatrace321_f25cdaf2290264e23187558d177f96ca00dd:event_063_sa_subagent_002_783634dc_s0_turn_9 skipping — predecessor failed
2026-10-02 04:31:02,259 - inference_perf.datagen.replay.replay_graph_session_datagen - INFO - Event wekatrace321_f25cdaf2290264e23187558d177f96ca00dd:event_135_parent_turn_68 skipping — predecessor failed
2026-10-02 04:31:02,259 - inference_perf.datagen.replay.replay_graph_session_datagen - INFO - Event wekatrace321_f25cdaf2290264e23187558d177f96ca00dd:event_064_sa_subagent_002_783634dc_s0_turn_10 skipping — predecessor failed
2026-10-02 04:31:02,259 - inference_perf.datagen.replay.replay_graph_session_datagen - INFO - Event wekatrace321_f25cdaf2290264e23187558d177f96ca00dd:event_136_parent_turn_69 skipping — predecessor failed
2026-10-02 04:31:02,259 - inference_perf.datagen.replay.replay_graph_session_datagen - INFO - Event wekatrace321_f25cdaf2290264e23187558d177f96ca00dd:event_065_sa_subagent_002_783634dc_s0_turn_11 skipping — predecessor failed
2026-10-02 04:31:02,259 - inference_perf.datagen.replay.replay_graph_session_datagen - INFO - Event wekatrace321_f25cdaf2290264e23187558d177f96ca00dd:event_137_parent_turn_70 skipping — predecessor failed
2026-10-02 04:31:02,259 - inference_perf.datagen.replay.replay_graph_session_datagen - INFO - Event wekatrace321_f25cdaf2290264e23187558d177f96ca00dd:event_066_sa_subagent_002_783634dc_s0_turn_12 skipping — predecessor failed
2026-10-02 04:31:02,260 - inference_perf.datagen.replay.replay_graph_session_datagen - INFO - Event wekatrace321_f25cdaf2290264e23187558d177f96ca00dd:event_138_parent_turn_71 skipping — predecessor failed
2026-10-02 04:31:02,260 - inference_perf.datagen.replay.replay_graph_session_datagen - INFO - Event wekatrace321_f25cdaf2290264e23187558d177f96ca00dd:event_067_sa_subagent_002_783634dc_s0_turn_13 skipping — predecessor failed
2026-10-02 04:31:02,260 - inference_perf.datagen.replay.replay_graph_session_datagen - INFO - Event wekatrace321_f25cdaf2290264e23187558d177f96ca00dd:event_139_parent_turn_72 skipping — predecessor failed
2026-10-02 04:31:02,260 - inference_perf.datagen.replay.replay_graph_session_datagen - INFO - Event wekatrace321_f25cdaf2290264e23187558d177f96ca00dd:event_068_sa_subagent_002_783634dc_s0_turn_14 skipping — predecessor failed
2026-10-02 04:31:02,260 - inference_perf.datagen.replay.replay_graph_session_datagen - INFO - Event wekatrace321_f25cdaf2290264e23187558d177f96ca00dd:event_140_parent_turn_73 skipping — predecessor failed
2026-10-02 04:31:02,260 - inference_perf.datagen.replay.replay_graph_session_datagen - INFO - Event wekatrace321_f25cdaf2290264e23187558d177f96ca00dd:event_069_sa_subagent_002_783634dc_s0_turn_15 skipping — predecessor failed
2026-10-02 04:31:02,260 - inference_perf.datagen.replay.replay_graph_session_datagen - INFO - Event wekatrace321_f25cdaf2290264e23187558d177f96ca00dd:event_141_parent_turn_74 skipping — predecessor failed
2026-10-02 04:31:02,260 - inference_perf.datagen.replay.replay_graph_session_datagen - INFO - Event wekatrace321_f25cdaf2290264e23187558d177f96ca00dd:event_070_sa_subagent_002_783634dc_s0_turn_16 skipping — predecessor failed
2026-10-02 04:31:02,261 - inference_perf.datagen.replay.replay_graph_session_datagen - INFO - Event wekatrace321_f25cdaf2290264e23187558d177f96ca00dd:event_142_parent_turn_75 skipping — predecessor failed
2026-10-02 04:31:02,261 - inference_perf.datagen.replay.replay_graph_session_datagen - INFO - Event wekatrace321_f25cdaf2290264e23187558d177f96ca00dd:event_071_sa_subagent_002_783634dc_s0_turn_17 skipping — predecessor failed
2026-10-02 04:31:02,261 - inference_perf.datagen.replay.replay_graph_session_datagen - INFO - Event wekatrace321_f25cdaf2290264e23187558d177f96ca00dd:event_143_parent_turn_76 skipping — predecessor failed
2026-10-02 04:31:02,261 - inference_perf.datagen.replay.replay_graph_session_datagen - INFO - Event wekatrace321_f25cdaf2290264e23187558d177f96ca00dd:event_144_parent_turn_77 skipping — predecessor failed
2026-10-02 04:31:02,261 - inference_perf.datagen.replay.replay_graph_session_datagen - INFO - Event wekatrace321_f25cdaf2290264e23187558d177f96ca00dd:event_145_parent_turn_78 skipping — predecessor failed
2026-10-02 04:31:05,233 - inference_perf.datagen.replay.replay_graph_session_datagen - ERROR - Request failed for event wekatrace329_f778fed7b3253560bde80305144b6e81a7ee:event_001_parent_turn_1: TimeoutError: 
2026-10-02 04:31:05,233 - inference_perf.datagen.replay.replay_graph_session_datagen - INFO - Session wekatrace329_f778fed7b3253560bde80305144b6e81a7ee failure notification sent to main process (cancelled_events=19)
2026-10-02 04:31:05,234 - inference_perf.client.modelserver.openai_client - ERROR - 
Traceback (most recent call last):
  File "/workspace/.venv/lib/python3.12/site-packages/aiohttp/streams.py", line 365, in _wait
    await waiter
asyncio.exceptions.CancelledError

The above exception was the direct cause of the following exception:

Traceback (most recent call last):
  File "/workspace/inference_perf/apis/streaming_parser.py", line 84, in parse_sse_stream
    async for chunk in response.content.iter_any():
  File "/workspace/.venv/lib/python3.12/site-packages/aiohttp/streams.py", line 46, in __anext__
    rv = await self.read_func()
         ^^^^^^^^^^^^^^^^^^^^^^
  File "/workspace/.venv/lib/python3.12/site-packages/aiohttp/streams.py", line 460, in readany
    await self._wait("readany")
  File "/workspace/.venv/lib/python3.12/site-packages/aiohttp/streams.py", line 364, in _wait
    with self._timer:
         ^^^^^^^^^^^
  File "/workspace/.venv/lib/python3.12/site-packages/aiohttp/helpers.py", line 759, in __exit__
    raise asyncio.TimeoutError from exc_val
TimeoutError

The above exception was the direct cause of the following exception:

Traceback (most recent call last):
  File "/workspace/inference_perf/client/modelserver/openai_client.py", line 557, in process_request
    info = await data.process_response(
           ^^^^^^^^^^^^^^^^^^^^^^^^^^^^
  File "/workspace/inference_perf/datagen/replay/replay_graph_session_datagen.py", line 1039, in process_response
    text_content, chunk_times, raw_content, response_chunks, server_usage = await parse_sse_stream(
                                                                            ^^^^^^^^^^^^^^^^^^^^^^^
  File "/workspace/inference_perf/apis/streaming_parser.py", line 119, in parse_sse_stream
    raise StreamInterruptedError(e, raw_content.decode("utf-8", errors="ignore")) from e
inference_perf.apis.streaming_parser.StreamInterruptedError
2026-10-02 04:31:05,239 - inference_perf.datagen.replay.replay_graph_session_datagen - INFO - Event wekatrace329_f778fed7b3253560bde80305144b6e81a7ee:event_002_parent_turn_2 skipping — predecessor failed
2026-10-02 04:31:05,239 - inference_perf.datagen.replay.replay_graph_session_datagen - INFO - Event wekatrace329_f778fed7b3253560bde80305144b6e81a7ee:event_003_parent_turn_3 skipping — predecessor failed
2026-10-02 04:31:05,240 - inference_perf.datagen.replay.replay_graph_session_datagen - INFO - Event wekatrace329_f778fed7b3253560bde80305144b6e81a7ee:event_004_parent_turn_4 skipping — predecessor failed
2026-10-02 04:31:05,240 - inference_perf.datagen.replay.replay_graph_session_datagen - INFO - Event wekatrace329_f778fed7b3253560bde80305144b6e81a7ee:event_005_parent_turn_5 skipping — predecessor failed
2026-10-02 04:31:05,240 - inference_perf.datagen.replay.replay_graph_session_datagen - INFO - Event wekatrace329_f778fed7b3253560bde80305144b6e81a7ee:event_006_parent_turn_6 skipping — predecessor failed
2026-10-02 04:31:05,240 - inference_perf.datagen.replay.replay_graph_session_datagen - INFO - Event wekatrace329_f778fed7b3253560bde80305144b6e81a7ee:event_007_parent_turn_7 skipping — predecessor failed
2026-10-02 04:31:05,240 - inference_perf.datagen.replay.replay_graph_session_datagen - INFO - Event wekatrace329_f778fed7b3253560bde80305144b6e81a7ee:event_008_parent_turn_8 skipping — predecessor failed
2026-10-02 04:31:05,240 - inference_perf.datagen.replay.replay_graph_session_datagen - INFO - Event wekatrace329_f778fed7b3253560bde80305144b6e81a7ee:event_009_parent_turn_9 skipping — predecessor failed
2026-10-02 04:31:05,240 - inference_perf.datagen.replay.replay_graph_session_datagen - INFO - Event wekatrace329_f778fed7b3253560bde80305144b6e81a7ee:event_010_parent_turn_10 skipping — predecessor failed
2026-10-02 04:31:05,240 - inference_perf.datagen.replay.replay_graph_session_datagen - INFO - Event wekatrace329_f778fed7b3253560bde80305144b6e81a7ee:event_011_parent_turn_11 skipping — predecessor failed
2026-10-02 04:31:05,240 - inference_perf.datagen.replay.replay_graph_session_datagen - INFO - Event wekatrace329_f778fed7b3253560bde80305144b6e81a7ee:event_012_parent_turn_12 skipping — predecessor failed
2026-10-02 04:31:05,241 - inference_perf.datagen.replay.replay_graph_session_datagen - INFO - Event wekatrace329_f778fed7b3253560bde80305144b6e81a7ee:event_013_parent_turn_13 skipping — predecessor failed
2026-10-02 04:31:05,241 - inference_perf.datagen.replay.replay_graph_session_datagen - INFO - Event wekatrace329_f778fed7b3253560bde80305144b6e81a7ee:event_014_parent_turn_14 skipping — predecessor failed
2026-10-02 04:31:05,241 - inference_perf.datagen.replay.replay_graph_session_datagen - INFO - Event wekatrace329_f778fed7b3253560bde80305144b6e81a7ee:event_015_parent_turn_15 skipping — predecessor failed
2026-10-02 04:31:05,241 - inference_perf.datagen.replay.replay_graph_session_datagen - INFO - Event wekatrace329_f778fed7b3253560bde80305144b6e81a7ee:event_016_parent_turn_16 skipping — predecessor failed
2026-10-02 04:31:05,241 - inference_perf.datagen.replay.replay_graph_session_datagen - INFO - Event wekatrace329_f778fed7b3253560bde80305144b6e81a7ee:event_017_parent_turn_17 skipping — predecessor failed
2026-10-02 04:31:05,241 - inference_perf.datagen.replay.replay_graph_session_datagen - INFO - Event wekatrace329_f778fed7b3253560bde80305144b6e81a7ee:event_018_parent_turn_18 skipping — predecessor failed
2026-10-02 04:31:05,241 - inference_perf.datagen.replay.replay_graph_session_datagen - INFO - Event wekatrace329_f778fed7b3253560bde80305144b6e81a7ee:event_019_parent_turn_19 skipping — predecessor failed
2026-10-02 04:31:05,241 - inference_perf.datagen.replay.replay_graph_session_datagen - INFO - Event wekatrace329_f778fed7b3253560bde80305144b6e81a7ee:event_020_parent_turn_20 skipping — predecessor failed
2026-10-02 04:31:05,246 - inference_perf.datagen.replay.replay_graph_session_datagen - INFO - Dispatching session wekatrace72_3eefc2fb6e4bdeebad369385b447811a1820: 106 events
2026-10-02 04:31:07,233 - inference_perf.datagen.replay.replay_graph_session_datagen - ERROR - Request failed for event wekatrace178_98487e95da7b7251318a1bf4ed04f9c83922:event_001_parent_turn_1: TimeoutError: 
2026-10-02 04:31:07,234 - inference_perf.datagen.replay.replay_graph_session_datagen - INFO - Session wekatrace178_98487e95da7b7251318a1bf4ed04f9c83922 failure notification sent to main process (cancelled_events=43)
2026-10-02 04:31:07,234 - inference_perf.client.modelserver.openai_client - ERROR - 
Traceback (most recent call last):
  File "/workspace/.venv/lib/python3.12/site-packages/aiohttp/streams.py", line 365, in _wait
    await waiter
asyncio.exceptions.CancelledError

The above exception was the direct cause of the following exception:

Traceback (most recent call last):
  File "/workspace/inference_perf/apis/streaming_parser.py", line 84, in parse_sse_stream
    async for chunk in response.content.iter_any():
  File "/workspace/.venv/lib/python3.12/site-packages/aiohttp/streams.py", line 46, in __anext__
    rv = await self.read_func()
         ^^^^^^^^^^^^^^^^^^^^^^
  File "/workspace/.venv/lib/python3.12/site-packages/aiohttp/streams.py", line 460, in readany
    await self._wait("readany")
  File "/workspace/.venv/lib/python3.12/site-packages/aiohttp/streams.py", line 364, in _wait
    with self._timer:
         ^^^^^^^^^^^
  File "/workspace/.venv/lib/python3.12/site-packages/aiohttp/helpers.py", line 759, in __exit__
    raise asyncio.TimeoutError from exc_val
TimeoutError

The above exception was the direct cause of the following exception:

Traceback (most recent call last):
  File "/workspace/inference_perf/client/modelserver/openai_client.py", line 557, in process_request
    info = await data.process_response(
           ^^^^^^^^^^^^^^^^^^^^^^^^^^^^
  File "/workspace/inference_perf/datagen/replay/replay_graph_session_datagen.py", line 1039, in process_response
    text_content, chunk_times, raw_content, response_chunks, server_usage = await parse_sse_stream(
                                                                            ^^^^^^^^^^^^^^^^^^^^^^^
  File "/workspace/inference_perf/apis/streaming_parser.py", line 119, in parse_sse_stream
    raise StreamInterruptedError(e, raw_content.decode("utf-8", errors="ignore")) from e
inference_perf.apis.streaming_parser.StreamInterruptedError
2026-10-02 04:31:07,240 - inference_perf.datagen.replay.replay_graph_session_datagen - INFO - Event wekatrace178_98487e95da7b7251318a1bf4ed04f9c83922:event_002_parent_turn_2 skipping — predecessor failed
2026-10-02 04:31:07,240 - inference_perf.datagen.replay.replay_graph_session_datagen - INFO - Event wekatrace178_98487e95da7b7251318a1bf4ed04f9c83922:event_003_parent_turn_3 skipping — predecessor failed
2026-10-02 04:31:07,241 - inference_perf.datagen.replay.replay_graph_session_datagen - INFO - Event wekatrace178_98487e95da7b7251318a1bf4ed04f9c83922:event_004_parent_turn_4 skipping — predecessor failed
2026-10-02 04:31:07,241 - inference_perf.datagen.replay.replay_graph_session_datagen - INFO - Event wekatrace178_98487e95da7b7251318a1bf4ed04f9c83922:event_005_parent_turn_5 skipping — predecessor failed
2026-10-02 04:31:07,241 - inference_perf.datagen.replay.replay_graph_session_datagen - INFO - Event wekatrace178_98487e95da7b7251318a1bf4ed04f9c83922:event_006_parent_turn_6 skipping — predecessor failed
2026-10-02 04:31:07,241 - inference_perf.datagen.replay.replay_graph_session_datagen - INFO - Event wekatrace178_98487e95da7b7251318a1bf4ed04f9c83922:event_007_parent_turn_7 skipping — predecessor failed
2026-10-02 04:31:07,241 - inference_perf.datagen.replay.replay_graph_session_datagen - INFO - Event wekatrace178_98487e95da7b7251318a1bf4ed04f9c83922:event_008_parent_turn_8 skipping — predecessor failed
2026-10-02 04:31:07,241 - inference_perf.datagen.replay.replay_graph_session_datagen - INFO - Event wekatrace178_98487e95da7b7251318a1bf4ed04f9c83922:event_009_parent_turn_9 skipping — predecessor failed
2026-10-02 04:31:07,242 - inference_perf.datagen.replay.replay_graph_session_datagen - INFO - Event wekatrace178_98487e95da7b7251318a1bf4ed04f9c83922:event_010_parent_turn_10 skipping — predecessor failed
2026-10-02 04:31:07,242 - inference_perf.datagen.replay.replay_graph_session_datagen - INFO - Event wekatrace178_98487e95da7b7251318a1bf4ed04f9c83922:event_011_parent_turn_11 skipping — predecessor failed
2026-10-02 04:31:07,242 - inference_perf.datagen.replay.replay_graph_session_datagen - INFO - Event wekatrace178_98487e95da7b7251318a1bf4ed04f9c83922:event_012_parent_turn_12 skipping — predecessor failed
2026-10-02 04:31:07,242 - inference_perf.datagen.replay.replay_graph_session_datagen - INFO - Event wekatrace178_98487e95da7b7251318a1bf4ed04f9c83922:event_013_parent_turn_13 skipping — predecessor failed
2026-10-02 04:31:07,242 - inference_perf.datagen.replay.replay_graph_session_datagen - INFO - Event wekatrace178_98487e95da7b7251318a1bf4ed04f9c83922:event_014_parent_turn_14 skipping — predecessor failed
2026-10-02 04:31:07,242 - inference_perf.datagen.replay.replay_graph_session_datagen - INFO - Event wekatrace178_98487e95da7b7251318a1bf4ed04f9c83922:event_015_parent_turn_15 skipping — predecessor failed
2026-10-02 04:31:07,242 - inference_perf.datagen.replay.replay_graph_session_datagen - INFO - Event wekatrace178_98487e95da7b7251318a1bf4ed04f9c83922:event_016_parent_turn_16 skipping — predecessor failed
2026-10-02 04:31:07,242 - inference_perf.datagen.replay.replay_graph_session_datagen - INFO - Event wekatrace178_98487e95da7b7251318a1bf4ed04f9c83922:event_017_parent_turn_17 skipping — predecessor failed
2026-10-02 04:31:07,243 - inference_perf.datagen.replay.replay_graph_session_datagen - INFO - Event wekatrace178_98487e95da7b7251318a1bf4ed04f9c83922:event_018_parent_turn_18 skipping — predecessor failed
2026-10-02 04:31:07,243 - inference_perf.datagen.replay.replay_graph_session_datagen - INFO - Event wekatrace178_98487e95da7b7251318a1bf4ed04f9c83922:event_019_parent_turn_19 skipping — predecessor failed
2026-10-02 04:31:07,243 - inference_perf.datagen.replay.replay_graph_session_datagen - INFO - Event wekatrace178_98487e95da7b7251318a1bf4ed04f9c83922:event_020_parent_turn_20 skipping — predecessor failed
2026-10-02 04:31:07,243 - inference_perf.datagen.replay.replay_graph_session_datagen - INFO - Event wekatrace178_98487e95da7b7251318a1bf4ed04f9c83922:event_021_parent_turn_21 skipping — predecessor failed
2026-10-02 04:31:07,243 - inference_perf.datagen.replay.replay_graph_session_datagen - INFO - Dispatching session wekatrace313_eed87953f930a90bd7970475ec32f01afe0a: 23 events
2026-10-02 04:31:07,243 - inference_perf.datagen.replay.replay_graph_session_datagen - INFO - Event wekatrace178_98487e95da7b7251318a1bf4ed04f9c83922:event_022_parent_turn_22 skipping — predecessor failed
2026-10-02 04:31:07,243 - inference_perf.datagen.replay.replay_graph_session_datagen - INFO - Event wekatrace178_98487e95da7b7251318a1bf4ed04f9c83922:event_023_parent_turn_23 skipping — predecessor failed
2026-10-02 04:31:07,243 - inference_perf.datagen.replay.replay_graph_session_datagen - INFO - Event wekatrace178_98487e95da7b7251318a1bf4ed04f9c83922:event_024_parent_turn_24 skipping — predecessor failed
2026-10-02 04:31:07,243 - inference_perf.datagen.replay.replay_graph_session_datagen - INFO - Event wekatrace178_98487e95da7b7251318a1bf4ed04f9c83922:event_025_parent_turn_25 skipping — predecessor failed
2026-10-02 04:31:07,243 - inference_perf.datagen.replay.replay_graph_session_datagen - INFO - Event wekatrace178_98487e95da7b7251318a1bf4ed04f9c83922:event_026_parent_turn_26 skipping — predecessor failed
2026-10-02 04:31:07,243 - inference_perf.datagen.replay.replay_graph_session_datagen - INFO - Event wekatrace178_98487e95da7b7251318a1bf4ed04f9c83922:event_027_parent_turn_27 skipping — predecessor failed
2026-10-02 04:31:07,244 - inference_perf.datagen.replay.replay_graph_session_datagen - INFO - Event wekatrace178_98487e95da7b7251318a1bf4ed04f9c83922:event_028_parent_turn_28 skipping — predecessor failed
2026-10-02 04:31:07,244 - inference_perf.datagen.replay.replay_graph_session_datagen - INFO - Event wekatrace178_98487e95da7b7251318a1bf4ed04f9c83922:event_029_parent_turn_29 skipping — predecessor failed
2026-10-02 04:31:07,244 - inference_perf.datagen.replay.replay_graph_session_datagen - INFO - Event wekatrace178_98487e95da7b7251318a1bf4ed04f9c83922:event_030_parent_turn_30 skipping — predecessor failed
2026-10-02 04:31:07,244 - inference_perf.datagen.replay.replay_graph_session_datagen - INFO - Event wekatrace178_98487e95da7b7251318a1bf4ed04f9c83922:event_031_parent_turn_31 skipping — predecessor failed
2026-10-02 04:31:07,244 - inference_perf.datagen.replay.replay_graph_session_datagen - INFO - Event wekatrace178_98487e95da7b7251318a1bf4ed04f9c83922:event_032_parent_turn_32 skipping — predecessor failed
2026-10-02 04:31:07,244 - inference_perf.datagen.replay.replay_graph_session_datagen - INFO - Event wekatrace178_98487e95da7b7251318a1bf4ed04f9c83922:event_033_parent_turn_33 skipping — predecessor failed
2026-10-02 04:31:07,244 - inference_perf.datagen.replay.replay_graph_session_datagen - INFO - Event wekatrace178_98487e95da7b7251318a1bf4ed04f9c83922:event_034_parent_turn_34 skipping — predecessor failed
2026-10-02 04:31:07,244 - inference_perf.datagen.replay.replay_graph_session_datagen - INFO - Event wekatrace178_98487e95da7b7251318a1bf4ed04f9c83922:event_035_parent_turn_35 skipping — predecessor failed
2026-10-02 04:31:07,244 - inference_perf.datagen.replay.replay_graph_session_datagen - INFO - Event wekatrace178_98487e95da7b7251318a1bf4ed04f9c83922:event_036_parent_turn_36 skipping — predecessor failed
2026-10-02 04:31:07,244 - inference_perf.datagen.replay.replay_graph_session_datagen - INFO - Event wekatrace178_98487e95da7b7251318a1bf4ed04f9c83922:event_037_parent_turn_37 skipping — predecessor failed
2026-10-02 04:31:07,245 - inference_perf.datagen.replay.replay_graph_session_datagen - INFO - Event wekatrace178_98487e95da7b7251318a1bf4ed04f9c83922:event_038_parent_turn_38 skipping — predecessor failed
2026-10-02 04:31:07,245 - inference_perf.datagen.replay.replay_graph_session_datagen - INFO - Event wekatrace178_98487e95da7b7251318a1bf4ed04f9c83922:event_039_parent_turn_39 skipping — predecessor failed
2026-10-02 04:31:07,245 - inference_perf.datagen.replay.replay_graph_session_datagen - INFO - Event wekatrace178_98487e95da7b7251318a1bf4ed04f9c83922:event_040_parent_turn_40 skipping — predecessor failed
2026-10-02 04:31:07,245 - inference_perf.datagen.replay.replay_graph_session_datagen - INFO - Event wekatrace178_98487e95da7b7251318a1bf4ed04f9c83922:event_041_parent_turn_41 skipping — predecessor failed
2026-10-02 04:31:07,245 - inference_perf.datagen.replay.replay_graph_session_datagen - INFO - Event wekatrace178_98487e95da7b7251318a1bf4ed04f9c83922:event_042_parent_turn_42 skipping — predecessor failed
2026-10-02 04:31:07,245 - inference_perf.datagen.replay.replay_graph_session_datagen - INFO - Event wekatrace178_98487e95da7b7251318a1bf4ed04f9c83922:event_043_parent_turn_43 skipping — predecessor failed
2026-10-02 04:31:07,245 - inference_perf.datagen.replay.replay_graph_session_datagen - INFO - Event wekatrace178_98487e95da7b7251318a1bf4ed04f9c83922:event_044_parent_turn_44 skipping — predecessor failed
2026-10-02 04:31:08,233 - inference_perf.datagen.replay.replay_graph_session_datagen - ERROR - Request failed for event wekatrace16_0d75185d4e958ad360c16451eaa95d508edf:event_001_parent_turn_1: TimeoutError: 
2026-10-02 04:31:08,233 - inference_perf.datagen.replay.replay_graph_session_datagen - ERROR - Request failed for event wekatrace54_2de8538029066d95b4ff113d5750eb403cb7:event_001_parent_turn_1: TimeoutError: 
2026-10-02 04:31:08,234 - inference_perf.datagen.replay.replay_graph_session_datagen - INFO - Session wekatrace54_2de8538029066d95b4ff113d5750eb403cb7 failure notification sent to main process (cancelled_events=219)
2026-10-02 04:31:08,235 - inference_perf.datagen.replay.replay_graph_session_datagen - INFO - Session wekatrace16_0d75185d4e958ad360c16451eaa95d508edf failure notification sent to main process (cancelled_events=208)
2026-10-02 04:31:08,235 - inference_perf.client.modelserver.openai_client - ERROR - 
Traceback (most recent call last):
  File "/workspace/.venv/lib/python3.12/site-packages/aiohttp/streams.py", line 365, in _wait
    await waiter
asyncio.exceptions.CancelledError

The above exception was the direct cause of the following exception:

Traceback (most recent call last):
  File "/workspace/inference_perf/apis/streaming_parser.py", line 84, in parse_sse_stream
    async for chunk in response.content.iter_any():
  File "/workspace/.venv/lib/python3.12/site-packages/aiohttp/streams.py", line 46, in __anext__
    rv = await self.read_func()
         ^^^^^^^^^^^^^^^^^^^^^^
  File "/workspace/.venv/lib/python3.12/site-packages/aiohttp/streams.py", line 460, in readany
    await self._wait("readany")
  File "/workspace/.venv/lib/python3.12/site-packages/aiohttp/streams.py", line 364, in _wait
    with self._timer:
         ^^^^^^^^^^^
  File "/workspace/.venv/lib/python3.12/site-packages/aiohttp/helpers.py", line 759, in __exit__
    raise asyncio.TimeoutError from exc_val
TimeoutError

The above exception was the direct cause of the following exception:

Traceback (most recent call last):
  File "/workspace/inference_perf/client/modelserver/openai_client.py", line 557, in process_request
    info = await data.process_response(
           ^^^^^^^^^^^^^^^^^^^^^^^^^^^^
  File "/workspace/inference_perf/datagen/replay/replay_graph_session_datagen.py", line 1039, in process_response
    text_content, chunk_times, raw_content, response_chunks, server_usage = await parse_sse_stream(
                                                                            ^^^^^^^^^^^^^^^^^^^^^^^
  File "/workspace/inference_perf/apis/streaming_parser.py", line 119, in parse_sse_stream
    raise StreamInterruptedError(e, raw_content.decode("utf-8", errors="ignore")) from e
inference_perf.apis.streaming_parser.StreamInterruptedError
2026-10-02 04:31:08,235 - inference_perf.client.modelserver.openai_client - ERROR - 
Traceback (most recent call last):
  File "/workspace/.venv/lib/python3.12/site-packages/aiohttp/streams.py", line 365, in _wait
    await waiter
asyncio.exceptions.CancelledError

The above exception was the direct cause of the following exception:

Traceback (most recent call last):
  File "/workspace/inference_perf/apis/streaming_parser.py", line 84, in parse_sse_stream
    async for chunk in response.content.iter_any():
  File "/workspace/.venv/lib/python3.12/site-packages/aiohttp/streams.py", line 46, in __anext__
    rv = await self.read_func()
         ^^^^^^^^^^^^^^^^^^^^^^
  File "/workspace/.venv/lib/python3.12/site-packages/aiohttp/streams.py", line 460, in readany
    await self._wait("readany")
  File "/workspace/.venv/lib/python3.12/site-packages/aiohttp/streams.py", line 364, in _wait
    with self._timer:
         ^^^^^^^^^^^
  File "/workspace/.venv/lib/python3.12/site-packages/aiohttp/helpers.py", line 759, in __exit__
    raise asyncio.TimeoutError from exc_val
TimeoutError

The above exception was the direct cause of the following exception:

Traceback (most recent call last):
  File "/workspace/inference_perf/client/modelserver/openai_client.py", line 557, in process_request
    info = await data.process_response(
           ^^^^^^^^^^^^^^^^^^^^^^^^^^^^
  File "/workspace/inference_perf/datagen/replay/replay_graph_session_datagen.py", line 1039, in process_response
    text_content, chunk_times, raw_content, response_chunks, server_usage = await parse_sse_stream(
                                                                            ^^^^^^^^^^^^^^^^^^^^^^^
  File "/workspace/inference_perf/apis/streaming_parser.py", line 119, in parse_sse_stream
    raise StreamInterruptedError(e, raw_content.decode("utf-8", errors="ignore")) from e
inference_perf.apis.streaming_parser.StreamInterruptedError
2026-10-02 04:31:08,239 - inference_perf.datagen.replay.replay_graph_session_datagen - INFO - Event wekatrace54_2de8538029066d95b4ff113d5750eb403cb7:event_002_parent_turn_2 skipping — predecessor failed
2026-10-02 04:31:08,239 - inference_perf.datagen.replay.replay_graph_session_datagen - INFO - Event wekatrace54_2de8538029066d95b4ff113d5750eb403cb7:event_003_parent_turn_3 skipping — predecessor failed
2026-10-02 04:31:08,239 - inference_perf.datagen.replay.replay_graph_session_datagen - INFO - Event wekatrace54_2de8538029066d95b4ff113d5750eb403cb7:event_004_sa_subagent_001_f147c231_s0_turn_0 skipping — predecessor failed
2026-10-02 04:31:08,240 - inference_perf.datagen.replay.replay_graph_session_datagen - INFO - Event wekatrace16_0d75185d4e958ad360c16451eaa95d508edf:event_002_parent_turn_2 skipping — predecessor failed
2026-10-02 04:31:08,240 - inference_perf.datagen.replay.replay_graph_session_datagen - INFO - Event wekatrace16_0d75185d4e958ad360c16451eaa95d508edf:event_003_parent_turn_3 skipping — predecessor failed
2026-10-02 04:31:08,240 - inference_perf.datagen.replay.replay_graph_session_datagen - INFO - Event wekatrace16_0d75185d4e958ad360c16451eaa95d508edf:event_004_parent_turn_4 skipping — predecessor failed
2026-10-02 04:31:08,240 - inference_perf.datagen.replay.replay_graph_session_datagen - INFO - Event wekatrace54_2de8538029066d95b4ff113d5750eb403cb7:event_071_parent_turn_4 skipping — predecessor failed
2026-10-02 04:31:08,240 - inference_perf.datagen.replay.replay_graph_session_datagen - INFO - Event wekatrace54_2de8538029066d95b4ff113d5750eb403cb7:event_005_sa_subagent_001_f147c231_s0_turn_1 skipping — predecessor failed
2026-10-02 04:31:08,240 - inference_perf.datagen.replay.replay_graph_session_datagen - INFO - Event wekatrace16_0d75185d4e958ad360c16451eaa95d508edf:event_005_parent_turn_5 skipping — predecessor failed
2026-10-02 04:31:08,241 - inference_perf.datagen.replay.replay_graph_session_datagen - INFO - Event wekatrace54_2de8538029066d95b4ff113d5750eb403cb7:event_072_parent_turn_5 skipping — predecessor failed
2026-10-02 04:31:08,241 - inference_perf.datagen.replay.replay_graph_session_datagen - INFO - Event wekatrace16_0d75185d4e958ad360c16451eaa95d508edf:event_006_parent_turn_6 skipping — predecessor failed
2026-10-02 04:31:08,241 - inference_perf.datagen.replay.replay_graph_session_datagen - INFO - Event wekatrace54_2de8538029066d95b4ff113d5750eb403cb7:event_006_sa_subagent_001_f147c231_s0_turn_2 skipping — predecessor failed
2026-10-02 04:31:08,241 - inference_perf.datagen.replay.replay_graph_session_datagen - INFO - Event wekatrace16_0d75185d4e958ad360c16451eaa95d508edf:event_007_parent_turn_7 skipping — predecessor failed
2026-10-02 04:31:08,241 - inference_perf.datagen.replay.replay_graph_session_datagen - INFO - Event wekatrace54_2de8538029066d95b4ff113d5750eb403cb7:event_073_parent_turn_6 skipping — predecessor failed
2026-10-02 04:31:08,241 - inference_perf.datagen.replay.replay_graph_session_datagen - INFO - Event wekatrace16_0d75185d4e958ad360c16451eaa95d508edf:event_008_parent_turn_8 skipping — predecessor failed
2026-10-02 04:31:08,241 - inference_perf.datagen.replay.replay_graph_session_datagen - INFO - Event wekatrace54_2de8538029066d95b4ff113d5750eb403cb7:event_007_sa_subagent_001_f147c231_s0_turn_3 skipping — predecessor failed
2026-10-02 04:31:08,241 - inference_perf.datagen.replay.replay_graph_session_datagen - INFO - Event wekatrace16_0d75185d4e958ad360c16451eaa95d508edf:event_009_parent_turn_9 skipping — predecessor failed
2026-10-02 04:31:08,241 - inference_perf.datagen.replay.replay_graph_session_datagen - INFO - Event wekatrace54_2de8538029066d95b4ff113d5750eb403cb7:event_074_parent_turn_7 skipping — predecessor failed
2026-10-02 04:31:08,241 - inference_perf.datagen.replay.replay_graph_session_datagen - INFO - Event wekatrace16_0d75185d4e958ad360c16451eaa95d508edf:event_010_parent_turn_10 skipping — predecessor failed
2026-10-02 04:31:08,241 - inference_perf.datagen.replay.replay_graph_session_datagen - INFO - Event wekatrace54_2de8538029066d95b4ff113d5750eb403cb7:event_008_sa_subagent_001_f147c231_s0_turn_4 skipping — predecessor failed
2026-10-02 04:31:08,241 - inference_perf.datagen.replay.replay_graph_session_datagen - INFO - Event wekatrace16_0d75185d4e958ad360c16451eaa95d508edf:event_011_parent_turn_11 skipping — predecessor failed
2026-10-02 04:31:08,241 - inference_perf.datagen.replay.replay_graph_session_datagen - INFO - Event wekatrace54_2de8538029066d95b4ff113d5750eb403cb7:event_075_parent_turn_8 skipping — predecessor failed
2026-10-02 04:31:08,241 - inference_perf.datagen.replay.replay_graph_session_datagen - INFO - Event wekatrace16_0d75185d4e958ad360c16451eaa95d508edf:event_012_parent_turn_12 skipping — predecessor failed
2026-10-02 04:31:08,241 - inference_perf.datagen.replay.replay_graph_session_datagen - INFO - Event wekatrace54_2de8538029066d95b4ff113d5750eb403cb7:event_009_sa_subagent_001_f147c231_s0_turn_5 skipping — predecessor failed
2026-10-02 04:31:08,241 - inference_perf.datagen.replay.replay_graph_session_datagen - INFO - Event wekatrace16_0d75185d4e958ad360c16451eaa95d508edf:event_013_parent_turn_13 skipping — predecessor failed
2026-10-02 04:31:08,241 - inference_perf.datagen.replay.replay_graph_session_datagen - INFO - Event wekatrace54_2de8538029066d95b4ff113d5750eb403cb7:event_076_parent_turn_9 skipping — predecessor failed
2026-10-02 04:31:08,241 - inference_perf.datagen.replay.replay_graph_session_datagen - INFO - Event wekatrace16_0d75185d4e958ad360c16451eaa95d508edf:event_014_parent_turn_14 skipping — predecessor failed
2026-10-02 04:31:08,241 - inference_perf.datagen.replay.replay_graph_session_datagen - INFO - Event wekatrace54_2de8538029066d95b4ff113d5750eb403cb7:event_077_parent_turn_10 skipping — predecessor failed
2026-10-02 04:31:08,241 - inference_perf.datagen.replay.replay_graph_session_datagen - INFO - Event wekatrace16_0d75185d4e958ad360c16451eaa95d508edf:event_015_parent_turn_15 skipping — predecessor failed
2026-10-02 04:31:08,242 - inference_perf.datagen.replay.replay_graph_session_datagen - INFO - Event wekatrace54_2de8538029066d95b4ff113d5750eb403cb7:event_010_sa_subagent_001_f147c231_s0_turn_6 skipping — predecessor failed
2026-10-02 04:31:08,242 - inference_perf.datagen.replay.replay_graph_session_datagen - INFO - Event wekatrace16_0d75185d4e958ad360c16451eaa95d508edf:event_016_parent_turn_16 skipping — predecessor failed
2026-10-02 04:31:08,242 - inference_perf.datagen.replay.replay_graph_session_datagen - INFO - Event wekatrace54_2de8538029066d95b4ff113d5750eb403cb7:event_078_parent_turn_11 skipping — predecessor failed
2026-10-02 04:31:08,242 - inference_perf.datagen.replay.replay_graph_session_datagen - INFO - Event wekatrace16_0d75185d4e958ad360c16451eaa95d508edf:event_017_parent_turn_17 skipping — predecessor failed
2026-10-02 04:31:08,242 - inference_perf.datagen.replay.replay_graph_session_datagen - INFO - Event wekatrace54_2de8538029066d95b4ff113d5750eb403cb7:event_079_parent_turn_12 skipping — predecessor failed
2026-10-02 04:31:08,242 - inference_perf.datagen.replay.replay_graph_session_datagen - INFO - Event wekatrace16_0d75185d4e958ad360c16451eaa95d508edf:event_018_parent_turn_18 skipping — predecessor failed
2026-10-02 04:31:08,242 - inference_perf.datagen.replay.replay_graph_session_datagen - INFO - Event wekatrace54_2de8538029066d95b4ff113d5750eb403cb7:event_011_sa_subagent_001_f147c231_s0_turn_7 skipping — predecessor failed
2026-10-02 04:31:08,242 - inference_perf.datagen.replay.replay_graph_session_datagen - INFO - Event wekatrace16_0d75185d4e958ad360c16451eaa95d508edf:event_019_parent_turn_19 skipping — predecessor failed
2026-10-02 04:31:08,242 - inference_perf.datagen.replay.replay_graph_session_datagen - INFO - Event wekatrace54_2de8538029066d95b4ff113d5750eb403cb7:event_012_sa_subagent_002_4656ea8e_s0_turn_0 skipping — predecessor failed
2026-10-02 04:31:08,242 - inference_perf.datagen.replay.replay_graph_session_datagen - INFO - Event wekatrace16_0d75185d4e958ad360c16451eaa95d508edf:event_020_parent_turn_20 skipping — predecessor failed
2026-10-02 04:31:08,242 - inference_perf.datagen.replay.replay_graph_session_datagen - INFO - Event wekatrace54_2de8538029066d95b4ff113d5750eb403cb7:event_080_parent_turn_13 skipping — predecessor failed
2026-10-02 04:31:08,242 - inference_perf.datagen.replay.replay_graph_session_datagen - INFO - Event wekatrace16_0d75185d4e958ad360c16451eaa95d508edf:event_021_parent_turn_21 skipping — predecessor failed
2026-10-02 04:31:08,242 - inference_perf.datagen.replay.replay_graph_session_datagen - INFO - Event wekatrace54_2de8538029066d95b4ff113d5750eb403cb7:event_013_sa_subagent_002_4656ea8e_s0_turn_1 skipping — predecessor failed
2026-10-02 04:31:08,242 - inference_perf.datagen.replay.replay_graph_session_datagen - INFO - Event wekatrace16_0d75185d4e958ad360c16451eaa95d508edf:event_022_parent_turn_22 skipping — predecessor failed
2026-10-02 04:31:08,242 - inference_perf.datagen.replay.replay_graph_session_datagen - INFO - Event wekatrace54_2de8538029066d95b4ff113d5750eb403cb7:event_081_parent_turn_14 skipping — predecessor failed
2026-10-02 04:31:08,242 - inference_perf.datagen.replay.replay_graph_session_datagen - INFO - Event wekatrace16_0d75185d4e958ad360c16451eaa95d508edf:event_023_parent_turn_23 skipping — predecessor failed
2026-10-02 04:31:08,242 - inference_perf.datagen.replay.replay_graph_session_datagen - INFO - Event wekatrace54_2de8538029066d95b4ff113d5750eb403cb7:event_014_sa_subagent_002_4656ea8e_s0_turn_2 skipping — predecessor failed
2026-10-02 04:31:08,243 - inference_perf.datagen.replay.replay_graph_session_datagen - INFO - Event wekatrace16_0d75185d4e958ad360c16451eaa95d508edf:event_024_parent_turn_24 skipping — predecessor failed
2026-10-02 04:31:08,243 - inference_perf.datagen.replay.replay_graph_session_datagen - INFO - Event wekatrace54_2de8538029066d95b4ff113d5750eb403cb7:event_082_parent_turn_15 skipping — predecessor failed
2026-10-02 04:31:08,243 - inference_perf.datagen.replay.replay_graph_session_datagen - INFO - Event wekatrace16_0d75185d4e958ad360c16451eaa95d508edf:event_025_parent_turn_25 skipping — predecessor failed
2026-10-02 04:31:08,243 - inference_perf.datagen.replay.replay_graph_session_datagen - INFO - Event wekatrace54_2de8538029066d95b4ff113d5750eb403cb7:event_015_sa_subagent_002_4656ea8e_s0_turn_3 skipping — predecessor failed
2026-10-02 04:31:08,243 - inference_perf.datagen.replay.replay_graph_session_datagen - INFO - Event wekatrace16_0d75185d4e958ad360c16451eaa95d508edf:event_026_parent_turn_26 skipping — predecessor failed
2026-10-02 04:31:08,243 - inference_perf.datagen.replay.replay_graph_session_datagen - INFO - Event wekatrace54_2de8538029066d95b4ff113d5750eb403cb7:event_083_parent_turn_16 skipping — predecessor failed
2026-10-02 04:31:08,243 - inference_perf.datagen.replay.replay_graph_session_datagen - INFO - Event wekatrace54_2de8538029066d95b4ff113d5750eb403cb7:event_016_sa_subagent_002_4656ea8e_s0_turn_4 skipping — predecessor failed
2026-10-02 04:31:08,243 - inference_perf.datagen.replay.replay_graph_session_datagen - INFO - Event wekatrace16_0d75185d4e958ad360c16451eaa95d508edf:event_027_parent_turn_27 skipping — predecessor failed
2026-10-02 04:31:08,243 - inference_perf.datagen.replay.replay_graph_session_datagen - INFO - Event wekatrace54_2de8538029066d95b4ff113d5750eb403cb7:event_084_parent_turn_17 skipping — predecessor failed
2026-10-02 04:31:08,243 - inference_perf.datagen.replay.replay_graph_session_datagen - INFO - Event wekatrace16_0d75185d4e958ad360c16451eaa95d508edf:event_028_parent_turn_28 skipping — predecessor failed
2026-10-02 04:31:08,243 - inference_perf.datagen.replay.replay_graph_session_datagen - INFO - Event wekatrace54_2de8538029066d95b4ff113d5750eb403cb7:event_017_sa_subagent_002_4656ea8e_s0_turn_5 skipping — predecessor failed
2026-10-02 04:31:08,243 - inference_perf.datagen.replay.replay_graph_session_datagen - INFO - Event wekatrace16_0d75185d4e958ad360c16451eaa95d508edf:event_029_parent_turn_29 skipping — predecessor failed
2026-10-02 04:31:08,243 - inference_perf.datagen.replay.replay_graph_session_datagen - INFO - Event wekatrace54_2de8538029066d95b4ff113d5750eb403cb7:event_018_sa_subagent_003_93867d6d_s0_turn_0 skipping — predecessor failed
2026-10-02 04:31:08,243 - inference_perf.datagen.replay.replay_graph_session_datagen - INFO - Event wekatrace16_0d75185d4e958ad360c16451eaa95d508edf:event_030_parent_turn_30 skipping — predecessor failed
2026-10-02 04:31:08,243 - inference_perf.datagen.replay.replay_graph_session_datagen - INFO - Event wekatrace54_2de8538029066d95b4ff113d5750eb403cb7:event_085_parent_turn_18 skipping — predecessor failed
2026-10-02 04:31:08,243 - inference_perf.datagen.replay.replay_graph_session_datagen - INFO - Event wekatrace16_0d75185d4e958ad360c16451eaa95d508edf:event_031_parent_turn_31 skipping — predecessor failed
2026-10-02 04:31:08,243 - inference_perf.datagen.replay.replay_graph_session_datagen - INFO - Event wekatrace54_2de8538029066d95b4ff113d5750eb403cb7:event_019_sa_subagent_003_93867d6d_s0_turn_1 skipping — predecessor failed
2026-10-02 04:31:08,243 - inference_perf.datagen.replay.replay_graph_session_datagen - INFO - Event wekatrace16_0d75185d4e958ad360c16451eaa95d508edf:event_032_parent_turn_32 skipping — predecessor failed
2026-10-02 04:31:08,243 - inference_perf.datagen.replay.replay_graph_session_datagen - INFO - Event wekatrace54_2de8538029066d95b4ff113d5750eb403cb7:event_086_parent_turn_19 skipping — predecessor failed
2026-10-02 04:31:08,243 - inference_perf.datagen.replay.replay_graph_session_datagen - INFO - Event wekatrace16_0d75185d4e958ad360c16451eaa95d508edf:event_033_parent_turn_33 skipping — predecessor failed
2026-10-02 04:31:08,243 - inference_perf.datagen.replay.replay_graph_session_datagen - INFO - Event wekatrace54_2de8538029066d95b4ff113d5750eb403cb7:event_020_sa_subagent_003_93867d6d_s0_turn_2 skipping — predecessor failed
2026-10-02 04:31:08,243 - inference_perf.datagen.replay.replay_graph_session_datagen - INFO - Event wekatrace16_0d75185d4e958ad360c16451eaa95d508edf:event_034_parent_turn_34 skipping — predecessor failed
2026-10-02 04:31:08,243 - inference_perf.datagen.replay.replay_graph_session_datagen - INFO - Event wekatrace54_2de8538029066d95b4ff113d5750eb403cb7:event_087_parent_turn_20 skipping — predecessor failed
2026-10-02 04:31:08,244 - inference_perf.datagen.replay.replay_graph_session_datagen - INFO - Event wekatrace16_0d75185d4e958ad360c16451eaa95d508edf:event_035_parent_turn_35 skipping — predecessor failed
2026-10-02 04:31:08,244 - inference_perf.datagen.replay.replay_graph_session_datagen - INFO - Event wekatrace54_2de8538029066d95b4ff113d5750eb403cb7:event_088_parent_turn_21 skipping — predecessor failed
2026-10-02 04:31:08,244 - inference_perf.datagen.replay.replay_graph_session_datagen - INFO - Event wekatrace54_2de8538029066d95b4ff113d5750eb403cb7:event_021_sa_subagent_003_93867d6d_s0_turn_3 skipping — predecessor failed
2026-10-02 04:31:08,244 - inference_perf.datagen.replay.replay_graph_session_datagen - INFO - Event wekatrace16_0d75185d4e958ad360c16451eaa95d508edf:event_036_parent_turn_36 skipping — predecessor failed
2026-10-02 04:31:08,244 - inference_perf.datagen.replay.replay_graph_session_datagen - INFO - Event wekatrace16_0d75185d4e958ad360c16451eaa95d508edf:event_037_parent_turn_37 skipping — predecessor failed
2026-10-02 04:31:08,244 - inference_perf.datagen.replay.replay_graph_session_datagen - INFO - Event wekatrace16_0d75185d4e958ad360c16451eaa95d508edf:event_038_parent_turn_38 skipping — predecessor failed
2026-10-02 04:31:08,244 - inference_perf.datagen.replay.replay_graph_session_datagen - INFO - Event wekatrace54_2de8538029066d95b4ff113d5750eb403cb7:event_089_parent_turn_22 skipping — predecessor failed
2026-10-02 04:31:08,244 - inference_perf.datagen.replay.replay_graph_session_datagen - INFO - Event wekatrace54_2de8538029066d95b4ff113d5750eb403cb7:event_090_parent_turn_23 skipping — predecessor failed
2026-10-02 04:31:08,244 - inference_perf.datagen.replay.replay_graph_session_datagen - INFO - Event wekatrace16_0d75185d4e958ad360c16451eaa95d508edf:event_039_parent_turn_39 skipping — predecessor failed
2026-10-02 04:31:08,244 - inference_perf.datagen.replay.replay_graph_session_datagen - INFO - Event wekatrace54_2de8538029066d95b4ff113d5750eb403cb7:event_022_sa_subagent_003_93867d6d_s0_turn_4 skipping — predecessor failed
2026-10-02 04:31:08,244 - inference_perf.datagen.replay.replay_graph_session_datagen - INFO - Event wekatrace16_0d75185d4e958ad360c16451eaa95d508edf:event_040_parent_turn_40 skipping — predecessor failed
2026-10-02 04:31:08,244 - inference_perf.datagen.replay.replay_graph_session_datagen - INFO - Event wekatrace54_2de8538029066d95b4ff113d5750eb403cb7:event_091_parent_turn_24 skipping — predecessor failed
2026-10-02 04:31:08,244 - inference_perf.datagen.replay.replay_graph_session_datagen - INFO - Event wekatrace16_0d75185d4e958ad360c16451eaa95d508edf:event_041_parent_turn_41 skipping — predecessor failed
2026-10-02 04:31:08,244 - inference_perf.datagen.replay.replay_graph_session_datagen - INFO - Event wekatrace54_2de8538029066d95b4ff113d5750eb403cb7:event_023_sa_subagent_003_93867d6d_s0_turn_5 skipping — predecessor failed
2026-10-02 04:31:08,244 - inference_perf.datagen.replay.replay_graph_session_datagen - INFO - Event wekatrace16_0d75185d4e958ad360c16451eaa95d508edf:event_042_parent_turn_42 skipping — predecessor failed
2026-10-02 04:31:08,244 - inference_perf.datagen.replay.replay_graph_session_datagen - INFO - Event wekatrace54_2de8538029066d95b4ff113d5750eb403cb7:event_092_parent_turn_25 skipping — predecessor failed
2026-10-02 04:31:08,244 - inference_perf.datagen.replay.replay_graph_session_datagen - INFO - Event wekatrace16_0d75185d4e958ad360c16451eaa95d508edf:event_043_parent_turn_43 skipping — predecessor failed
2026-10-02 04:31:08,244 - inference_perf.datagen.replay.replay_graph_session_datagen - INFO - Event wekatrace16_0d75185d4e958ad360c16451eaa95d508edf:event_044_parent_turn_44 skipping — predecessor failed
2026-10-02 04:31:08,244 - inference_perf.datagen.replay.replay_graph_session_datagen - INFO - Event wekatrace54_2de8538029066d95b4ff113d5750eb403cb7:event_024_sa_subagent_003_93867d6d_s0_turn_6 skipping — predecessor failed
2026-10-02 04:31:08,244 - inference_perf.datagen.replay.replay_graph_session_datagen - INFO - Event wekatrace16_0d75185d4e958ad360c16451eaa95d508edf:event_045_parent_turn_45 skipping — predecessor failed
2026-10-02 04:31:08,244 - inference_perf.datagen.replay.replay_graph_session_datagen - INFO - Event wekatrace54_2de8538029066d95b4ff113d5750eb403cb7:event_093_parent_turn_26 skipping — predecessor failed
2026-10-02 04:31:08,245 - inference_perf.datagen.replay.replay_graph_session_datagen - INFO - Event wekatrace16_0d75185d4e958ad360c16451eaa95d508edf:event_046_parent_turn_46 skipping — predecessor failed
2026-10-02 04:31:08,245 - inference_perf.datagen.replay.replay_graph_session_datagen - INFO - Event wekatrace16_0d75185d4e958ad360c16451eaa95d508edf:event_047_parent_turn_47 skipping — predecessor failed
2026-10-02 04:31:08,245 - inference_perf.datagen.replay.replay_graph_session_datagen - INFO - Event wekatrace54_2de8538029066d95b4ff113d5750eb403cb7:event_025_sa_subagent_003_93867d6d_s0_turn_7 skipping — predecessor failed
2026-10-02 04:31:08,245 - inference_perf.datagen.replay.replay_graph_session_datagen - INFO - Event wekatrace16_0d75185d4e958ad360c16451eaa95d508edf:event_048_parent_turn_48 skipping — predecessor failed
2026-10-02 04:31:08,245 - inference_perf.datagen.replay.replay_graph_session_datagen - INFO - Event wekatrace54_2de8538029066d95b4ff113d5750eb403cb7:event_094_parent_turn_27 skipping — predecessor failed
2026-10-02 04:31:08,245 - inference_perf.datagen.replay.replay_graph_session_datagen - INFO - Event wekatrace16_0d75185d4e958ad360c16451eaa95d508edf:event_049_parent_turn_49 skipping — predecessor failed
2026-10-02 04:31:08,245 - inference_perf.datagen.replay.replay_graph_session_datagen - INFO - Event wekatrace54_2de8538029066d95b4ff113d5750eb403cb7:event_026_sa_subagent_003_93867d6d_s0_turn_8 skipping — predecessor failed
2026-10-02 04:31:08,245 - inference_perf.datagen.replay.replay_graph_session_datagen - INFO - Event wekatrace16_0d75185d4e958ad360c16451eaa95d508edf:event_050_parent_turn_50 skipping — predecessor failed
2026-10-02 04:31:08,245 - inference_perf.datagen.replay.replay_graph_session_datagen - INFO - Event wekatrace54_2de8538029066d95b4ff113d5750eb403cb7:event_095_parent_turn_28 skipping — predecessor failed
2026-10-02 04:31:08,245 - inference_perf.datagen.replay.replay_graph_session_datagen - INFO - Event wekatrace16_0d75185d4e958ad360c16451eaa95d508edf:event_051_parent_turn_51 skipping — predecessor failed
2026-10-02 04:31:08,245 - inference_perf.datagen.replay.replay_graph_session_datagen - INFO - Event wekatrace54_2de8538029066d95b4ff113d5750eb403cb7:event_027_sa_subagent_003_93867d6d_s0_turn_9 skipping — predecessor failed
2026-10-02 04:31:08,245 - inference_perf.datagen.replay.replay_graph_session_datagen - INFO - Event wekatrace16_0d75185d4e958ad360c16451eaa95d508edf:event_052_parent_turn_52 skipping — predecessor failed
2026-10-02 04:31:08,245 - inference_perf.datagen.replay.replay_graph_session_datagen - INFO - Event wekatrace16_0d75185d4e958ad360c16451eaa95d508edf:event_053_parent_turn_53 skipping — predecessor failed
2026-10-02 04:31:08,245 - inference_perf.datagen.replay.replay_graph_session_datagen - INFO - Event wekatrace16_0d75185d4e958ad360c16451eaa95d508edf:event_054_parent_turn_54 skipping — predecessor failed
2026-10-02 04:31:08,246 - inference_perf.datagen.replay.replay_graph_session_datagen - INFO - Event wekatrace54_2de8538029066d95b4ff113d5750eb403cb7:event_096_parent_turn_29 skipping — predecessor failed
2026-10-02 04:31:08,246 - inference_perf.datagen.replay.replay_graph_session_datagen - INFO - Event wekatrace16_0d75185d4e958ad360c16451eaa95d508edf:event_055_parent_turn_55 skipping — predecessor failed
2026-10-02 04:31:08,246 - inference_perf.datagen.replay.replay_graph_session_datagen - INFO - Event wekatrace16_0d75185d4e958ad360c16451eaa95d508edf:event_056_parent_turn_56 skipping — predecessor failed
2026-10-02 04:31:08,246 - inference_perf.datagen.replay.replay_graph_session_datagen - INFO - Event wekatrace54_2de8538029066d95b4ff113d5750eb403cb7:event_028_sa_subagent_003_93867d6d_s0_turn_10 skipping — predecessor failed
2026-10-02 04:31:08,246 - inference_perf.datagen.replay.replay_graph_session_datagen - INFO - Event wekatrace16_0d75185d4e958ad360c16451eaa95d508edf:event_057_parent_turn_57 skipping — predecessor failed
2026-10-02 04:31:08,246 - inference_perf.datagen.replay.replay_graph_session_datagen - INFO - Event wekatrace54_2de8538029066d95b4ff113d5750eb403cb7:event_097_parent_turn_30 skipping — predecessor failed
2026-10-02 04:31:08,246 - inference_perf.datagen.replay.replay_graph_session_datagen - INFO - Event wekatrace16_0d75185d4e958ad360c16451eaa95d508edf:event_058_parent_turn_58 skipping — predecessor failed
2026-10-02 04:31:08,246 - inference_perf.datagen.replay.replay_graph_session_datagen - INFO - Event wekatrace16_0d75185d4e958ad360c16451eaa95d508edf:event_059_parent_turn_59 skipping — predecessor failed
2026-10-02 04:31:08,246 - inference_perf.datagen.replay.replay_graph_session_datagen - INFO - Event wekatrace54_2de8538029066d95b4ff113d5750eb403cb7:event_029_sa_subagent_003_93867d6d_s0_turn_11 skipping — predecessor failed
2026-10-02 04:31:08,246 - inference_perf.datagen.replay.replay_graph_session_datagen - INFO - Event wekatrace16_0d75185d4e958ad360c16451eaa95d508edf:event_060_parent_turn_60 skipping — predecessor failed
2026-10-02 04:31:08,246 - inference_perf.datagen.replay.replay_graph_session_datagen - INFO - Event wekatrace16_0d75185d4e958ad360c16451eaa95d508edf:event_061_parent_turn_61 skipping — predecessor failed
2026-10-02 04:31:08,246 - inference_perf.datagen.replay.replay_graph_session_datagen - INFO - Event wekatrace54_2de8538029066d95b4ff113d5750eb403cb7:event_098_parent_turn_31 skipping — predecessor failed
2026-10-02 04:31:08,246 - inference_perf.datagen.replay.replay_graph_session_datagen - INFO - Event wekatrace16_0d75185d4e958ad360c16451eaa95d508edf:event_062_parent_turn_62 skipping — predecessor failed
2026-10-02 04:31:08,246 - inference_perf.datagen.replay.replay_graph_session_datagen - INFO - Event wekatrace54_2de8538029066d95b4ff113d5750eb403cb7:event_030_sa_subagent_003_93867d6d_s0_turn_12 skipping — predecessor failed
2026-10-02 04:31:08,246 - inference_perf.datagen.replay.replay_graph_session_datagen - INFO - Event wekatrace16_0d75185d4e958ad360c16451eaa95d508edf:event_063_parent_turn_63 skipping — predecessor failed
2026-10-02 04:31:08,246 - inference_perf.datagen.replay.replay_graph_session_datagen - INFO - Event wekatrace54_2de8538029066d95b4ff113d5750eb403cb7:event_099_parent_turn_32 skipping — predecessor failed
2026-10-02 04:31:08,246 - inference_perf.datagen.replay.replay_graph_session_datagen - INFO - Event wekatrace54_2de8538029066d95b4ff113d5750eb403cb7:event_031_sa_subagent_003_93867d6d_s0_turn_13 skipping — predecessor failed
2026-10-02 04:31:08,246 - inference_perf.datagen.replay.replay_graph_session_datagen - INFO - Event wekatrace16_0d75185d4e958ad360c16451eaa95d508edf:event_064_parent_turn_64 skipping — predecessor failed
2026-10-02 04:31:08,246 - inference_perf.datagen.replay.replay_graph_session_datagen - INFO - Event wekatrace16_0d75185d4e958ad360c16451eaa95d508edf:event_065_parent_turn_65 skipping — predecessor failed
2026-10-02 04:31:08,246 - inference_perf.datagen.replay.replay_graph_session_datagen - INFO - Event wekatrace54_2de8538029066d95b4ff113d5750eb403cb7:event_100_parent_turn_33 skipping — predecessor failed
2026-10-02 04:31:08,247 - inference_perf.datagen.replay.replay_graph_session_datagen - INFO - Event wekatrace16_0d75185d4e958ad360c16451eaa95d508edf:event_066_parent_turn_66 skipping — predecessor failed
2026-10-02 04:31:08,247 - inference_perf.datagen.replay.replay_graph_session_datagen - INFO - Event wekatrace54_2de8538029066d95b4ff113d5750eb403cb7:event_032_sa_subagent_003_93867d6d_s0_turn_14 skipping — predecessor failed
2026-10-02 04:31:08,247 - inference_perf.datagen.replay.replay_graph_session_datagen - INFO - Event wekatrace16_0d75185d4e958ad360c16451eaa95d508edf:event_067_parent_turn_67 skipping — predecessor failed
2026-10-02 04:31:08,247 - inference_perf.datagen.replay.replay_graph_session_datagen - INFO - Event wekatrace54_2de8538029066d95b4ff113d5750eb403cb7:event_101_parent_turn_34 skipping — predecessor failed
2026-10-02 04:31:08,247 - inference_perf.datagen.replay.replay_graph_session_datagen - INFO - Event wekatrace16_0d75185d4e958ad360c16451eaa95d508edf:event_068_parent_turn_68 skipping — predecessor failed
2026-10-02 04:31:08,247 - inference_perf.datagen.replay.replay_graph_session_datagen - INFO - Event wekatrace54_2de8538029066d95b4ff113d5750eb403cb7:event_033_sa_subagent_003_93867d6d_s0_turn_15 skipping — predecessor failed
2026-10-02 04:31:08,247 - inference_perf.datagen.replay.replay_graph_session_datagen - INFO - Event wekatrace16_0d75185d4e958ad360c16451eaa95d508edf:event_069_parent_turn_69 skipping — predecessor failed
2026-10-02 04:31:08,247 - inference_perf.datagen.replay.replay_graph_session_datagen - INFO - Event wekatrace54_2de8538029066d95b4ff113d5750eb403cb7:event_102_parent_turn_35 skipping — predecessor failed
2026-10-02 04:31:08,247 - inference_perf.datagen.replay.replay_graph_session_datagen - INFO - Event wekatrace16_0d75185d4e958ad360c16451eaa95d508edf:event_070_parent_turn_70 skipping — predecessor failed
2026-10-02 04:31:08,247 - inference_perf.datagen.replay.replay_graph_session_datagen - INFO - Event wekatrace54_2de8538029066d95b4ff113d5750eb403cb7:event_034_sa_subagent_003_93867d6d_s0_turn_16 skipping — predecessor failed
2026-10-02 04:31:08,247 - inference_perf.datagen.replay.replay_graph_session_datagen - INFO - Event wekatrace54_2de8538029066d95b4ff113d5750eb403cb7:event_035_sa_subagent_004_1483a2c1_s0_turn_0 skipping — predecessor failed
2026-10-02 04:31:08,247 - inference_perf.datagen.replay.replay_graph_session_datagen - INFO - Event wekatrace16_0d75185d4e958ad360c16451eaa95d508edf:event_071_parent_turn_71 skipping — predecessor failed
2026-10-02 04:31:08,247 - inference_perf.datagen.replay.replay_graph_session_datagen - INFO - Event wekatrace16_0d75185d4e958ad360c16451eaa95d508edf:event_072_parent_turn_72 skipping — predecessor failed
2026-10-02 04:31:08,247 - inference_perf.datagen.replay.replay_graph_session_datagen - INFO - Event wekatrace54_2de8538029066d95b4ff113d5750eb403cb7:event_103_parent_turn_36 skipping — predecessor failed
2026-10-02 04:31:08,247 - inference_perf.datagen.replay.replay_graph_session_datagen - INFO - Event wekatrace16_0d75185d4e958ad360c16451eaa95d508edf:event_073_parent_turn_73 skipping — predecessor failed
2026-10-02 04:31:08,247 - inference_perf.datagen.replay.replay_graph_session_datagen - INFO - Event wekatrace16_0d75185d4e958ad360c16451eaa95d508edf:event_074_parent_turn_74 skipping — predecessor failed
2026-10-02 04:31:08,247 - inference_perf.datagen.replay.replay_graph_session_datagen - INFO - Event wekatrace54_2de8538029066d95b4ff113d5750eb403cb7:event_036_sa_subagent_004_1483a2c1_s0_turn_1 skipping — predecessor failed
2026-10-02 04:31:08,247 - inference_perf.datagen.replay.replay_graph_session_datagen - INFO - Event wekatrace16_0d75185d4e958ad360c16451eaa95d508edf:event_075_parent_turn_75 skipping — predecessor failed
2026-10-02 04:31:08,247 - inference_perf.datagen.replay.replay_graph_session_datagen - INFO - Event wekatrace54_2de8538029066d95b4ff113d5750eb403cb7:event_104_parent_turn_37 skipping — predecessor failed
2026-10-02 04:31:08,247 - inference_perf.datagen.replay.replay_graph_session_datagen - INFO - Event wekatrace54_2de8538029066d95b4ff113d5750eb403cb7:event_037_sa_subagent_004_1483a2c1_s0_turn_2 skipping — predecessor failed
2026-10-02 04:31:08,247 - inference_perf.datagen.replay.replay_graph_session_datagen - INFO - Event wekatrace16_0d75185d4e958ad360c16451eaa95d508edf:event_076_parent_turn_76 skipping — predecessor failed
2026-10-02 04:31:08,248 - inference_perf.datagen.replay.replay_graph_session_datagen - INFO - Event wekatrace54_2de8538029066d95b4ff113d5750eb403cb7:event_105_parent_turn_38 skipping — predecessor failed
2026-10-02 04:31:08,248 - inference_perf.datagen.replay.replay_graph_session_datagen - INFO - Event wekatrace16_0d75185d4e958ad360c16451eaa95d508edf:event_077_parent_turn_77 skipping — predecessor failed
2026-10-02 04:31:08,248 - inference_perf.datagen.replay.replay_graph_session_datagen - INFO - Event wekatrace54_2de8538029066d95b4ff113d5750eb403cb7:event_038_sa_subagent_004_1483a2c1_s0_turn_3 skipping — predecessor failed
2026-10-02 04:31:08,248 - inference_perf.datagen.replay.replay_graph_session_datagen - INFO - Event wekatrace16_0d75185d4e958ad360c16451eaa95d508edf:event_078_parent_turn_78 skipping — predecessor failed
2026-10-02 04:31:08,248 - inference_perf.datagen.replay.replay_graph_session_datagen - INFO - Event wekatrace16_0d75185d4e958ad360c16451eaa95d508edf:event_079_parent_turn_79 skipping — predecessor failed
2026-10-02 04:31:08,248 - inference_perf.datagen.replay.replay_graph_session_datagen - INFO - Event wekatrace54_2de8538029066d95b4ff113d5750eb403cb7:event_106_parent_turn_39 skipping — predecessor failed
2026-10-02 04:31:08,248 - inference_perf.datagen.replay.replay_graph_session_datagen - INFO - Event wekatrace54_2de8538029066d95b4ff113d5750eb403cb7:event_039_sa_subagent_004_1483a2c1_s0_turn_4 skipping — predecessor failed
2026-10-02 04:31:08,248 - inference_perf.datagen.replay.replay_graph_session_datagen - INFO - Event wekatrace16_0d75185d4e958ad360c16451eaa95d508edf:event_080_parent_turn_80 skipping — predecessor failed
2026-10-02 04:31:08,248 - inference_perf.datagen.replay.replay_graph_session_datagen - INFO - Event wekatrace16_0d75185d4e958ad360c16451eaa95d508edf:event_081_parent_turn_81 skipping — predecessor failed
2026-10-02 04:31:08,248 - inference_perf.datagen.replay.replay_graph_session_datagen - INFO - Event wekatrace54_2de8538029066d95b4ff113d5750eb403cb7:event_107_parent_turn_40 skipping — predecessor failed
2026-10-02 04:31:08,248 - inference_perf.datagen.replay.replay_graph_session_datagen - INFO - Event wekatrace54_2de8538029066d95b4ff113d5750eb403cb7:event_040_sa_subagent_004_1483a2c1_s0_turn_5 skipping — predecessor failed
2026-10-02 04:31:08,248 - inference_perf.datagen.replay.replay_graph_session_datagen - INFO - Event wekatrace16_0d75185d4e958ad360c16451eaa95d508edf:event_082_parent_turn_82 skipping — predecessor failed
2026-10-02 04:31:08,248 - inference_perf.datagen.replay.replay_graph_session_datagen - INFO - Event wekatrace16_0d75185d4e958ad360c16451eaa95d508edf:event_083_parent_turn_83 skipping — predecessor failed
2026-10-02 04:31:08,248 - inference_perf.datagen.replay.replay_graph_session_datagen - INFO - Event wekatrace54_2de8538029066d95b4ff113d5750eb403cb7:event_108_parent_turn_41 skipping — predecessor failed
2026-10-02 04:31:08,248 - inference_perf.datagen.replay.replay_graph_session_datagen - INFO - Event wekatrace16_0d75185d4e958ad360c16451eaa95d508edf:event_084_parent_turn_84 skipping — predecessor failed
2026-10-02 04:31:08,248 - inference_perf.datagen.replay.replay_graph_session_datagen - INFO - Event wekatrace54_2de8538029066d95b4ff113d5750eb403cb7:event_041_sa_subagent_004_1483a2c1_s0_turn_6 skipping — predecessor failed
2026-10-02 04:31:08,248 - inference_perf.datagen.replay.replay_graph_session_datagen - INFO - Event wekatrace16_0d75185d4e958ad360c16451eaa95d508edf:event_085_parent_turn_85 skipping — predecessor failed
2026-10-02 04:31:08,248 - inference_perf.datagen.replay.replay_graph_session_datagen - INFO - Event wekatrace54_2de8538029066d95b4ff113d5750eb403cb7:event_109_parent_turn_42 skipping — predecessor failed
2026-10-02 04:31:08,248 - inference_perf.datagen.replay.replay_graph_session_datagen - INFO - Event wekatrace16_0d75185d4e958ad360c16451eaa95d508edf:event_086_parent_turn_86 skipping — predecessor failed
2026-10-02 04:31:08,248 - inference_perf.datagen.replay.replay_graph_session_datagen - INFO - Event wekatrace54_2de8538029066d95b4ff113d5750eb403cb7:event_042_sa_subagent_004_1483a2c1_s0_turn_7 skipping — predecessor failed
2026-10-02 04:31:08,248 - inference_perf.datagen.replay.replay_graph_session_datagen - INFO - Event wekatrace16_0d75185d4e958ad360c16451eaa95d508edf:event_087_parent_turn_87 skipping — predecessor failed
2026-10-02 04:31:08,249 - inference_perf.datagen.replay.replay_graph_session_datagen - INFO - Event wekatrace16_0d75185d4e958ad360c16451eaa95d508edf:event_088_parent_turn_88 skipping — predecessor failed
2026-10-02 04:31:08,249 - inference_perf.datagen.replay.replay_graph_session_datagen - INFO - Event wekatrace54_2de8538029066d95b4ff113d5750eb403cb7:event_110_parent_turn_43 skipping — predecessor failed
2026-10-02 04:31:08,249 - inference_perf.datagen.replay.replay_graph_session_datagen - INFO - Event wekatrace16_0d75185d4e958ad360c16451eaa95d508edf:event_089_parent_turn_89 skipping — predecessor failed
2026-10-02 04:31:08,249 - inference_perf.datagen.replay.replay_graph_session_datagen - INFO - Event wekatrace54_2de8538029066d95b4ff113d5750eb403cb7:event_111_parent_turn_44 skipping — predecessor failed
2026-10-02 04:31:08,249 - inference_perf.datagen.replay.replay_graph_session_datagen - INFO - Event wekatrace54_2de8538029066d95b4ff113d5750eb403cb7:event_043_sa_subagent_004_1483a2c1_s0_turn_8 skipping — predecessor failed
2026-10-02 04:31:08,249 - inference_perf.datagen.replay.replay_graph_session_datagen - INFO - Event wekatrace16_0d75185d4e958ad360c16451eaa95d508edf:event_090_parent_turn_90 skipping — predecessor failed
2026-10-02 04:31:08,249 - inference_perf.datagen.replay.replay_graph_session_datagen - INFO - Event wekatrace16_0d75185d4e958ad360c16451eaa95d508edf:event_091_parent_turn_91 skipping — predecessor failed
2026-10-02 04:31:08,249 - inference_perf.datagen.replay.replay_graph_session_datagen - INFO - Event wekatrace54_2de8538029066d95b4ff113d5750eb403cb7:event_112_parent_turn_45 skipping — predecessor failed
2026-10-02 04:31:08,249 - inference_perf.datagen.replay.replay_graph_session_datagen - INFO - Event wekatrace16_0d75185d4e958ad360c16451eaa95d508edf:event_092_parent_turn_92 skipping — predecessor failed
2026-10-02 04:31:08,249 - inference_perf.datagen.replay.replay_graph_session_datagen - INFO - Event wekatrace54_2de8538029066d95b4ff113d5750eb403cb7:event_044_sa_subagent_004_1483a2c1_s0_turn_9 skipping — predecessor failed
2026-10-02 04:31:08,249 - inference_perf.datagen.replay.replay_graph_session_datagen - INFO - Event wekatrace16_0d75185d4e958ad360c16451eaa95d508edf:event_093_parent_turn_93 skipping — predecessor failed
2026-10-02 04:31:08,249 - inference_perf.datagen.replay.replay_graph_session_datagen - INFO - Event wekatrace54_2de8538029066d95b4ff113d5750eb403cb7:event_045_sa_subagent_005_77568a31_s0_turn_0 skipping — predecessor failed
2026-10-02 04:31:08,249 - inference_perf.datagen.replay.replay_graph_session_datagen - INFO - Event wekatrace16_0d75185d4e958ad360c16451eaa95d508edf:event_094_parent_turn_94 skipping — predecessor failed
2026-10-02 04:31:08,249 - inference_perf.datagen.replay.replay_graph_session_datagen - INFO - Event wekatrace16_0d75185d4e958ad360c16451eaa95d508edf:event_095_parent_turn_95 skipping — predecessor failed
2026-10-02 04:31:08,249 - inference_perf.datagen.replay.replay_graph_session_datagen - INFO - Event wekatrace54_2de8538029066d95b4ff113d5750eb403cb7:event_113_parent_turn_46 skipping — predecessor failed
2026-10-02 04:31:08,249 - inference_perf.datagen.replay.replay_graph_session_datagen - INFO - Event wekatrace16_0d75185d4e958ad360c16451eaa95d508edf:event_096_parent_turn_96 skipping — predecessor failed
2026-10-02 04:31:08,249 - inference_perf.datagen.replay.replay_graph_session_datagen - INFO - Event wekatrace54_2de8538029066d95b4ff113d5750eb403cb7:event_046_sa_subagent_005_77568a31_s0_turn_1 skipping — predecessor failed
2026-10-02 04:31:08,249 - inference_perf.datagen.replay.replay_graph_session_datagen - INFO - Event wekatrace16_0d75185d4e958ad360c16451eaa95d508edf:event_097_parent_turn_97 skipping — predecessor failed
2026-10-02 04:31:08,249 - inference_perf.datagen.replay.replay_graph_session_datagen - INFO - Event wekatrace54_2de8538029066d95b4ff113d5750eb403cb7:event_114_parent_turn_47 skipping — predecessor failed
2026-10-02 04:31:08,249 - inference_perf.datagen.replay.replay_graph_session_datagen - INFO - Event wekatrace16_0d75185d4e958ad360c16451eaa95d508edf:event_098_parent_turn_98 skipping — predecessor failed
2026-10-02 04:31:08,249 - inference_perf.datagen.replay.replay_graph_session_datagen - INFO - Event wekatrace54_2de8538029066d95b4ff113d5750eb403cb7:event_047_sa_subagent_005_77568a31_s0_turn_2 skipping — predecessor failed
2026-10-02 04:31:08,249 - inference_perf.datagen.replay.replay_graph_session_datagen - INFO - Event wekatrace16_0d75185d4e958ad360c16451eaa95d508edf:event_099_parent_turn_99 skipping — predecessor failed
2026-10-02 04:31:08,250 - inference_perf.datagen.replay.replay_graph_session_datagen - INFO - Event wekatrace54_2de8538029066d95b4ff113d5750eb403cb7:event_115_parent_turn_48 skipping — predecessor failed
2026-10-02 04:31:08,250 - inference_perf.datagen.replay.replay_graph_session_datagen - INFO - Event wekatrace16_0d75185d4e958ad360c16451eaa95d508edf:event_100_parent_turn_100 skipping — predecessor failed
2026-10-02 04:31:08,250 - inference_perf.datagen.replay.replay_graph_session_datagen - INFO - Event wekatrace54_2de8538029066d95b4ff113d5750eb403cb7:event_048_sa_subagent_005_77568a31_s0_turn_3 skipping — predecessor failed
2026-10-02 04:31:08,250 - inference_perf.datagen.replay.replay_graph_session_datagen - INFO - Event wekatrace16_0d75185d4e958ad360c16451eaa95d508edf:event_101_parent_turn_101 skipping — predecessor failed
2026-10-02 04:31:08,250 - inference_perf.datagen.replay.replay_graph_session_datagen - INFO - Event wekatrace54_2de8538029066d95b4ff113d5750eb403cb7:event_116_parent_turn_49 skipping — predecessor failed
2026-10-02 04:31:08,250 - inference_perf.datagen.replay.replay_graph_session_datagen - INFO - Event wekatrace16_0d75185d4e958ad360c16451eaa95d508edf:event_102_parent_turn_102 skipping — predecessor failed
2026-10-02 04:31:08,250 - inference_perf.datagen.replay.replay_graph_session_datagen - INFO - Event wekatrace54_2de8538029066d95b4ff113d5750eb403cb7:event_117_parent_turn_50 skipping — predecessor failed
2026-10-02 04:31:08,250 - inference_perf.datagen.replay.replay_graph_session_datagen - INFO - Event wekatrace16_0d75185d4e958ad360c16451eaa95d508edf:event_103_parent_turn_103 skipping — predecessor failed
2026-10-02 04:31:08,250 - inference_perf.datagen.replay.replay_graph_session_datagen - INFO - Event wekatrace54_2de8538029066d95b4ff113d5750eb403cb7:event_049_sa_subagent_005_77568a31_s0_turn_4 skipping — predecessor failed
2026-10-02 04:31:08,250 - inference_perf.datagen.replay.replay_graph_session_datagen - INFO - Event wekatrace54_2de8538029066d95b4ff113d5750eb403cb7:event_050_sa_subagent_005_77568a31_s0_turn_5 skipping — predecessor failed
2026-10-02 04:31:08,250 - inference_perf.datagen.replay.replay_graph_session_datagen - INFO - Event wekatrace16_0d75185d4e958ad360c16451eaa95d508edf:event_104_parent_turn_104 skipping — predecessor failed
2026-10-02 04:31:08,250 - inference_perf.datagen.replay.replay_graph_session_datagen - INFO - Event wekatrace54_2de8538029066d95b4ff113d5750eb403cb7:event_118_parent_turn_51 skipping — predecessor failed
2026-10-02 04:31:08,250 - inference_perf.datagen.replay.replay_graph_session_datagen - INFO - Event wekatrace54_2de8538029066d95b4ff113d5750eb403cb7:event_051_sa_subagent_005_77568a31_s0_turn_6 skipping — predecessor failed
2026-10-02 04:31:08,250 - inference_perf.datagen.replay.replay_graph_session_datagen - INFO - Event wekatrace16_0d75185d4e958ad360c16451eaa95d508edf:event_105_parent_turn_105 skipping — predecessor failed
2026-10-02 04:31:08,250 - inference_perf.datagen.replay.replay_graph_session_datagen - INFO - Event wekatrace16_0d75185d4e958ad360c16451eaa95d508edf:event_106_parent_turn_106 skipping — predecessor failed
2026-10-02 04:31:08,250 - inference_perf.datagen.replay.replay_graph_session_datagen - INFO - Event wekatrace54_2de8538029066d95b4ff113d5750eb403cb7:event_119_parent_turn_52 skipping — predecessor failed
2026-10-02 04:31:08,250 - inference_perf.datagen.replay.replay_graph_session_datagen - INFO - Event wekatrace54_2de8538029066d95b4ff113d5750eb403cb7:event_052_sa_subagent_005_77568a31_s0_turn_7 skipping — predecessor failed
2026-10-02 04:31:08,250 - inference_perf.datagen.replay.replay_graph_session_datagen - INFO - Event wekatrace16_0d75185d4e958ad360c16451eaa95d508edf:event_107_parent_turn_107 skipping — predecessor failed
2026-10-02 04:31:08,250 - inference_perf.datagen.replay.replay_graph_session_datagen - INFO - Event wekatrace54_2de8538029066d95b4ff113d5750eb403cb7:event_120_parent_turn_53 skipping — predecessor failed
2026-10-02 04:31:08,251 - inference_perf.datagen.replay.replay_graph_session_datagen - INFO - Event wekatrace16_0d75185d4e958ad360c16451eaa95d508edf:event_108_parent_turn_108 skipping — predecessor failed
2026-10-02 04:31:08,251 - inference_perf.datagen.replay.replay_graph_session_datagen - INFO - Event wekatrace54_2de8538029066d95b4ff113d5750eb403cb7:event_053_sa_subagent_005_77568a31_s0_turn_8 skipping — predecessor failed
2026-10-02 04:31:08,251 - inference_perf.datagen.replay.replay_graph_session_datagen - INFO - Event wekatrace16_0d75185d4e958ad360c16451eaa95d508edf:event_109_parent_turn_109 skipping — predecessor failed
2026-10-02 04:31:08,251 - inference_perf.datagen.replay.replay_graph_session_datagen - INFO - Event wekatrace54_2de8538029066d95b4ff113d5750eb403cb7:event_121_parent_turn_54 skipping — predecessor failed
2026-10-02 04:31:08,251 - inference_perf.datagen.replay.replay_graph_session_datagen - INFO - Event wekatrace16_0d75185d4e958ad360c16451eaa95d508edf:event_110_parent_turn_110 skipping — predecessor failed
2026-10-02 04:31:08,251 - inference_perf.datagen.replay.replay_graph_session_datagen - INFO - Event wekatrace54_2de8538029066d95b4ff113d5750eb403cb7:event_054_sa_subagent_005_77568a31_s0_turn_9 skipping — predecessor failed
2026-10-02 04:31:08,251 - inference_perf.datagen.replay.replay_graph_session_datagen - INFO - Event wekatrace16_0d75185d4e958ad360c16451eaa95d508edf:event_111_parent_turn_111 skipping — predecessor failed
2026-10-02 04:31:08,251 - inference_perf.datagen.replay.replay_graph_session_datagen - INFO - Event wekatrace54_2de8538029066d95b4ff113d5750eb403cb7:event_122_parent_turn_55 skipping — predecessor failed
2026-10-02 04:31:08,251 - inference_perf.datagen.replay.replay_graph_session_datagen - INFO - Event wekatrace16_0d75185d4e958ad360c16451eaa95d508edf:event_112_parent_turn_112 skipping — predecessor failed
2026-10-02 04:31:08,251 - inference_perf.datagen.replay.replay_graph_session_datagen - INFO - Event wekatrace16_0d75185d4e958ad360c16451eaa95d508edf:event_113_parent_turn_113 skipping — predecessor failed
2026-10-02 04:31:08,251 - inference_perf.datagen.replay.replay_graph_session_datagen - INFO - Event wekatrace54_2de8538029066d95b4ff113d5750eb403cb7:event_055_sa_subagent_005_77568a31_s0_turn_10 skipping — predecessor failed
2026-10-02 04:31:08,251 - inference_perf.datagen.replay.replay_graph_session_datagen - INFO - Event wekatrace54_2de8538029066d95b4ff113d5750eb403cb7:event_123_parent_turn_56 skipping — predecessor failed
2026-10-02 04:31:08,251 - inference_perf.datagen.replay.replay_graph_session_datagen - INFO - Event wekatrace16_0d75185d4e958ad360c16451eaa95d508edf:event_114_parent_turn_114 skipping — predecessor failed
2026-10-02 04:31:08,251 - inference_perf.datagen.replay.replay_graph_session_datagen - INFO - Event wekatrace54_2de8538029066d95b4ff113d5750eb403cb7:event_056_sa_subagent_005_77568a31_s0_turn_11 skipping — predecessor failed
2026-10-02 04:31:08,251 - inference_perf.datagen.replay.replay_graph_session_datagen - INFO - Event wekatrace16_0d75185d4e958ad360c16451eaa95d508edf:event_115_parent_turn_115 skipping — predecessor failed
2026-10-02 04:31:08,251 - inference_perf.datagen.replay.replay_graph_session_datagen - INFO - Event wekatrace54_2de8538029066d95b4ff113d5750eb403cb7:event_124_parent_turn_57 skipping — predecessor failed
2026-10-02 04:31:08,251 - inference_perf.datagen.replay.replay_graph_session_datagen - INFO - Event wekatrace16_0d75185d4e958ad360c16451eaa95d508edf:event_116_parent_turn_116 skipping — predecessor failed
2026-10-02 04:31:08,251 - inference_perf.datagen.replay.replay_graph_session_datagen - INFO - Event wekatrace16_0d75185d4e958ad360c16451eaa95d508edf:event_117_parent_turn_117 skipping — predecessor failed
2026-10-02 04:31:08,251 - inference_perf.datagen.replay.replay_graph_session_datagen - INFO - Event wekatrace54_2de8538029066d95b4ff113d5750eb403cb7:event_057_sa_subagent_005_77568a31_s0_turn_12 skipping — predecessor failed
2026-10-02 04:31:08,251 - inference_perf.datagen.replay.replay_graph_session_datagen - INFO - Event wekatrace16_0d75185d4e958ad360c16451eaa95d508edf:event_118_parent_turn_118 skipping — predecessor failed
2026-10-02 04:31:08,252 - inference_perf.datagen.replay.replay_graph_session_datagen - INFO - Event wekatrace54_2de8538029066d95b4ff113d5750eb403cb7:event_125_parent_turn_58 skipping — predecessor failed
2026-10-02 04:31:08,252 - inference_perf.datagen.replay.replay_graph_session_datagen - INFO - Event wekatrace16_0d75185d4e958ad360c16451eaa95d508edf:event_119_parent_turn_119 skipping — predecessor failed
2026-10-02 04:31:08,252 - inference_perf.datagen.replay.replay_graph_session_datagen - INFO - Event wekatrace54_2de8538029066d95b4ff113d5750eb403cb7:event_058_sa_subagent_005_77568a31_s0_turn_13 skipping — predecessor failed
2026-10-02 04:31:08,252 - inference_perf.datagen.replay.replay_graph_session_datagen - INFO - Event wekatrace16_0d75185d4e958ad360c16451eaa95d508edf:event_120_parent_turn_120 skipping — predecessor failed
2026-10-02 04:31:08,252 - inference_perf.datagen.replay.replay_graph_session_datagen - INFO - Event wekatrace54_2de8538029066d95b4ff113d5750eb403cb7:event_126_parent_turn_59 skipping — predecessor failed
2026-10-02 04:31:08,252 - inference_perf.datagen.replay.replay_graph_session_datagen - INFO - Event wekatrace16_0d75185d4e958ad360c16451eaa95d508edf:event_121_parent_turn_121 skipping — predecessor failed
2026-10-02 04:31:08,252 - inference_perf.datagen.replay.replay_graph_session_datagen - INFO - Event wekatrace54_2de8538029066d95b4ff113d5750eb403cb7:event_059_sa_subagent_005_77568a31_s0_turn_14 skipping — predecessor failed
2026-10-02 04:31:08,252 - inference_perf.datagen.replay.replay_graph_session_datagen - INFO - Event wekatrace54_2de8538029066d95b4ff113d5750eb403cb7:event_127_parent_turn_60 skipping — predecessor failed
2026-10-02 04:31:08,252 - inference_perf.datagen.replay.replay_graph_session_datagen - INFO - Event wekatrace16_0d75185d4e958ad360c16451eaa95d508edf:event_122_parent_turn_122 skipping — predecessor failed
2026-10-02 04:31:08,252 - inference_perf.datagen.replay.replay_graph_session_datagen - INFO - Event wekatrace54_2de8538029066d95b4ff113d5750eb403cb7:event_060_sa_subagent_005_77568a31_s0_turn_15 skipping — predecessor failed
2026-10-02 04:31:08,252 - inference_perf.datagen.replay.replay_graph_session_datagen - INFO - Event wekatrace16_0d75185d4e958ad360c16451eaa95d508edf:event_123_parent_turn_123 skipping — predecessor failed
2026-10-02 04:31:08,252 - inference_perf.datagen.replay.replay_graph_session_datagen - INFO - Event wekatrace16_0d75185d4e958ad360c16451eaa95d508edf:event_124_parent_turn_124 skipping — predecessor failed
2026-10-02 04:31:08,252 - inference_perf.datagen.replay.replay_graph_session_datagen - INFO - Event wekatrace54_2de8538029066d95b4ff113d5750eb403cb7:event_128_parent_turn_61 skipping — predecessor failed
2026-10-02 04:31:08,252 - inference_perf.datagen.replay.replay_graph_session_datagen - INFO - Event wekatrace16_0d75185d4e958ad360c16451eaa95d508edf:event_125_parent_turn_125 skipping — predecessor failed
2026-10-02 04:31:08,252 - inference_perf.datagen.replay.replay_graph_session_datagen - INFO - Event wekatrace54_2de8538029066d95b4ff113d5750eb403cb7:event_129_parent_turn_62 skipping — predecessor failed
2026-10-02 04:31:08,252 - inference_perf.datagen.replay.replay_graph_session_datagen - INFO - Event wekatrace54_2de8538029066d95b4ff113d5750eb403cb7:event_061_sa_subagent_005_77568a31_s0_turn_16 skipping — predecessor failed
2026-10-02 04:31:08,252 - inference_perf.datagen.replay.replay_graph_session_datagen - INFO - Event wekatrace16_0d75185d4e958ad360c16451eaa95d508edf:event_126_parent_turn_126 skipping — predecessor failed
2026-10-02 04:31:08,252 - inference_perf.datagen.replay.replay_graph_session_datagen - INFO - Event wekatrace16_0d75185d4e958ad360c16451eaa95d508edf:event_127_parent_turn_127 skipping — predecessor failed
2026-10-02 04:31:08,253 - inference_perf.datagen.replay.replay_graph_session_datagen - INFO - Event wekatrace54_2de8538029066d95b4ff113d5750eb403cb7:event_130_parent_turn_63 skipping — predecessor failed
2026-10-02 04:31:08,253 - inference_perf.datagen.replay.replay_graph_session_datagen - INFO - Event wekatrace16_0d75185d4e958ad360c16451eaa95d508edf:event_128_parent_turn_128 skipping — predecessor failed
2026-10-02 04:31:08,253 - inference_perf.datagen.replay.replay_graph_session_datagen - INFO - Event wekatrace16_0d75185d4e958ad360c16451eaa95d508edf:event_129_parent_turn_129 skipping — predecessor failed
2026-10-02 04:31:08,253 - inference_perf.datagen.replay.replay_graph_session_datagen - INFO - Event wekatrace54_2de8538029066d95b4ff113d5750eb403cb7:event_131_parent_turn_64 skipping — predecessor failed
2026-10-02 04:31:08,253 - inference_perf.datagen.replay.replay_graph_session_datagen - INFO - Event wekatrace54_2de8538029066d95b4ff113d5750eb403cb7:event_132_parent_turn_65 skipping — predecessor failed
2026-10-02 04:31:08,253 - inference_perf.datagen.replay.replay_graph_session_datagen - INFO - Event wekatrace16_0d75185d4e958ad360c16451eaa95d508edf:event_130_parent_turn_130 skipping — predecessor failed
2026-10-02 04:31:08,253 - inference_perf.datagen.replay.replay_graph_session_datagen - INFO - Event wekatrace54_2de8538029066d95b4ff113d5750eb403cb7:event_062_sa_subagent_005_77568a31_s0_turn_17 skipping — predecessor failed
2026-10-02 04:31:08,253 - inference_perf.datagen.replay.replay_graph_session_datagen - INFO - Event wekatrace16_0d75185d4e958ad360c16451eaa95d508edf:event_131_parent_turn_131 skipping — predecessor failed
2026-10-02 04:31:08,253 - inference_perf.datagen.replay.replay_graph_session_datagen - INFO - Event wekatrace54_2de8538029066d95b4ff113d5750eb403cb7:event_133_parent_turn_66 skipping — predecessor failed
2026-10-02 04:31:08,253 - inference_perf.datagen.replay.replay_graph_session_datagen - INFO - Event wekatrace16_0d75185d4e958ad360c16451eaa95d508edf:event_132_parent_turn_132 skipping — predecessor failed
2026-10-02 04:31:08,253 - inference_perf.datagen.replay.replay_graph_session_datagen - INFO - Event wekatrace54_2de8538029066d95b4ff113d5750eb403cb7:event_063_sa_subagent_005_77568a31_s0_turn_18 skipping — predecessor failed
2026-10-02 04:31:08,253 - inference_perf.datagen.replay.replay_graph_session_datagen - INFO - Event wekatrace16_0d75185d4e958ad360c16451eaa95d508edf:event_133_parent_turn_133 skipping — predecessor failed
2026-10-02 04:31:08,253 - inference_perf.datagen.replay.replay_graph_session_datagen - INFO - Event wekatrace54_2de8538029066d95b4ff113d5750eb403cb7:event_134_parent_turn_67 skipping — predecessor failed
2026-10-02 04:31:08,254 - inference_perf.datagen.replay.replay_graph_session_datagen - INFO - Event wekatrace16_0d75185d4e958ad360c16451eaa95d508edf:event_134_parent_turn_134 skipping — predecessor failed
2026-10-02 04:31:08,254 - inference_perf.datagen.replay.replay_graph_session_datagen - INFO - Event wekatrace54_2de8538029066d95b4ff113d5750eb403cb7:event_064_sa_subagent_005_77568a31_s0_turn_19 skipping — predecessor failed
2026-10-02 04:31:08,254 - inference_perf.datagen.replay.replay_graph_session_datagen - INFO - Event wekatrace16_0d75185d4e958ad360c16451eaa95d508edf:event_135_parent_turn_135 skipping — predecessor failed
2026-10-02 04:31:08,254 - inference_perf.datagen.replay.replay_graph_session_datagen - INFO - Event wekatrace16_0d75185d4e958ad360c16451eaa95d508edf:event_136_parent_turn_136 skipping — predecessor failed
2026-10-02 04:31:08,254 - inference_perf.datagen.replay.replay_graph_session_datagen - INFO - Event wekatrace54_2de8538029066d95b4ff113d5750eb403cb7:event_135_parent_turn_68 skipping — predecessor failed
2026-10-02 04:31:08,254 - inference_perf.datagen.replay.replay_graph_session_datagen - INFO - Event wekatrace16_0d75185d4e958ad360c16451eaa95d508edf:event_137_parent_turn_137 skipping — predecessor failed
2026-10-02 04:31:08,254 - inference_perf.datagen.replay.replay_graph_session_datagen - INFO - Event wekatrace54_2de8538029066d95b4ff113d5750eb403cb7:event_065_sa_subagent_005_77568a31_s0_turn_20 skipping — predecessor failed
2026-10-02 04:31:08,254 - inference_perf.datagen.replay.replay_graph_session_datagen - INFO - Event wekatrace16_0d75185d4e958ad360c16451eaa95d508edf:event_138_parent_turn_138 skipping — predecessor failed
2026-10-02 04:31:08,254 - inference_perf.datagen.replay.replay_graph_session_datagen - INFO - Event wekatrace54_2de8538029066d95b4ff113d5750eb403cb7:event_136_parent_turn_69 skipping — predecessor failed
2026-10-02 04:31:08,254 - inference_perf.datagen.replay.replay_graph_session_datagen - INFO - Event wekatrace16_0d75185d4e958ad360c16451eaa95d508edf:event_139_parent_turn_139 skipping — predecessor failed
2026-10-02 04:31:08,254 - inference_perf.datagen.replay.replay_graph_session_datagen - INFO - Event wekatrace54_2de8538029066d95b4ff113d5750eb403cb7:event_066_sa_subagent_005_77568a31_s0_turn_21 skipping — predecessor failed
2026-10-02 04:31:08,254 - inference_perf.datagen.replay.replay_graph_session_datagen - INFO - Event wekatrace16_0d75185d4e958ad360c16451eaa95d508edf:event_140_parent_turn_140 skipping — predecessor failed
2026-10-02 04:31:08,254 - inference_perf.datagen.replay.replay_graph_session_datagen - INFO - Event wekatrace16_0d75185d4e958ad360c16451eaa95d508edf:event_141_parent_turn_141 skipping — predecessor failed
2026-10-02 04:31:08,254 - inference_perf.datagen.replay.replay_graph_session_datagen - INFO - Event wekatrace54_2de8538029066d95b4ff113d5750eb403cb7:event_137_parent_turn_70 skipping — predecessor failed
2026-10-02 04:31:08,254 - inference_perf.datagen.replay.replay_graph_session_datagen - INFO - Event wekatrace16_0d75185d4e958ad360c16451eaa95d508edf:event_142_parent_turn_142 skipping — predecessor failed
2026-10-02 04:31:08,254 - inference_perf.datagen.replay.replay_graph_session_datagen - INFO - Event wekatrace16_0d75185d4e958ad360c16451eaa95d508edf:event_143_parent_turn_143 skipping — predecessor failed
2026-10-02 04:31:08,254 - inference_perf.datagen.replay.replay_graph_session_datagen - INFO - Event wekatrace54_2de8538029066d95b4ff113d5750eb403cb7:event_067_sa_subagent_005_77568a31_s0_turn_22 skipping — predecessor failed
2026-10-02 04:31:08,254 - inference_perf.datagen.replay.replay_graph_session_datagen - INFO - Event wekatrace54_2de8538029066d95b4ff113d5750eb403cb7:event_068_sa_subagent_005_77568a31_s0_turn_23 skipping — predecessor failed
2026-10-02 04:31:08,254 - inference_perf.datagen.replay.replay_graph_session_datagen - INFO - Event wekatrace16_0d75185d4e958ad360c16451eaa95d508edf:event_144_parent_turn_144 skipping — predecessor failed
2026-10-02 04:31:08,255 - inference_perf.datagen.replay.replay_graph_session_datagen - INFO - Event wekatrace16_0d75185d4e958ad360c16451eaa95d508edf:event_145_parent_turn_145 skipping — predecessor failed
2026-10-02 04:31:08,255 - inference_perf.datagen.replay.replay_graph_session_datagen - INFO - Event wekatrace54_2de8538029066d95b4ff113d5750eb403cb7:event_138_parent_turn_71 skipping — predecessor failed
2026-10-02 04:31:08,255 - inference_perf.datagen.replay.replay_graph_session_datagen - INFO - Event wekatrace16_0d75185d4e958ad360c16451eaa95d508edf:event_146_parent_turn_146 skipping — predecessor failed
2026-10-02 04:31:08,255 - inference_perf.datagen.replay.replay_graph_session_datagen - INFO - Dispatching session wekatrace304_e68419cc646966c3be35ebb082d0abe36ae6: 116 events
2026-10-02 04:31:08,255 - inference_perf.datagen.replay.replay_graph_session_datagen - INFO - Event wekatrace54_2de8538029066d95b4ff113d5750eb403cb7:event_069_sa_subagent_005_77568a31_s0_turn_24 skipping — predecessor failed
2026-10-02 04:31:08,255 - inference_perf.datagen.replay.replay_graph_session_datagen - INFO - Event wekatrace16_0d75185d4e958ad360c16451eaa95d508edf:event_147_parent_turn_147 skipping — predecessor failed
2026-10-02 04:31:08,255 - inference_perf.datagen.replay.replay_graph_session_datagen - INFO - Event wekatrace16_0d75185d4e958ad360c16451eaa95d508edf:event_148_parent_turn_148 skipping — predecessor failed
2026-10-02 04:31:08,255 - inference_perf.datagen.replay.replay_graph_session_datagen - INFO - Event wekatrace54_2de8538029066d95b4ff113d5750eb403cb7:event_139_parent_turn_72 skipping — predecessor failed
2026-10-02 04:31:08,255 - inference_perf.datagen.replay.replay_graph_session_datagen - INFO - Event wekatrace16_0d75185d4e958ad360c16451eaa95d508edf:event_149_parent_turn_149 skipping — predecessor failed
2026-10-02 04:31:08,255 - inference_perf.datagen.replay.replay_graph_session_datagen - INFO - Event wekatrace16_0d75185d4e958ad360c16451eaa95d508edf:event_150_parent_turn_150 skipping — predecessor failed
2026-10-02 04:31:08,255 - inference_perf.datagen.replay.replay_graph_session_datagen - INFO - Event wekatrace54_2de8538029066d95b4ff113d5750eb403cb7:event_140_parent_turn_73 skipping — predecessor failed
2026-10-02 04:31:08,255 - inference_perf.datagen.replay.replay_graph_session_datagen - INFO - Event wekatrace16_0d75185d4e958ad360c16451eaa95d508edf:event_151_parent_turn_151 skipping — predecessor failed
2026-10-02 04:31:08,255 - inference_perf.datagen.replay.replay_graph_session_datagen - INFO - Event wekatrace54_2de8538029066d95b4ff113d5750eb403cb7:event_070_sa_subagent_005_77568a31_s0_turn_25 skipping — predecessor failed
2026-10-02 04:31:08,255 - inference_perf.datagen.replay.replay_graph_session_datagen - INFO - Event wekatrace16_0d75185d4e958ad360c16451eaa95d508edf:event_152_sa_subagent_001_a0cde3b2_s0_turn_0 skipping — predecessor failed
2026-10-02 04:31:08,255 - inference_perf.datagen.replay.replay_graph_session_datagen - INFO - Event wekatrace16_0d75185d4e958ad360c16451eaa95d508edf:event_178_parent_turn_152 skipping — predecessor failed
2026-10-02 04:31:08,255 - inference_perf.datagen.replay.replay_graph_session_datagen - INFO - Event wekatrace54_2de8538029066d95b4ff113d5750eb403cb7:event_141_parent_turn_74 skipping — predecessor failed
2026-10-02 04:31:08,255 - inference_perf.datagen.replay.replay_graph_session_datagen - INFO - Event wekatrace16_0d75185d4e958ad360c16451eaa95d508edf:event_153_sa_subagent_001_a0cde3b2_s0_turn_1 skipping — predecessor failed
2026-10-02 04:31:08,255 - inference_perf.datagen.replay.replay_graph_session_datagen - INFO - Event wekatrace16_0d75185d4e958ad360c16451eaa95d508edf:event_179_parent_turn_153 skipping — predecessor failed
2026-10-02 04:31:08,255 - inference_perf.datagen.replay.replay_graph_session_datagen - INFO - Event wekatrace54_2de8538029066d95b4ff113d5750eb403cb7:event_142_parent_turn_75 skipping — predecessor failed
2026-10-02 04:31:08,255 - inference_perf.datagen.replay.replay_graph_session_datagen - INFO - Event wekatrace16_0d75185d4e958ad360c16451eaa95d508edf:event_154_sa_subagent_001_a0cde3b2_s0_turn_2 skipping — predecessor failed
2026-10-02 04:31:08,256 - inference_perf.datagen.replay.replay_graph_session_datagen - INFO - Event wekatrace54_2de8538029066d95b4ff113d5750eb403cb7:event_143_parent_turn_76 skipping — predecessor failed
2026-10-02 04:31:08,256 - inference_perf.datagen.replay.replay_graph_session_datagen - INFO - Event wekatrace16_0d75185d4e958ad360c16451eaa95d508edf:event_180_parent_turn_154 skipping — predecessor failed
2026-10-02 04:31:08,256 - inference_perf.datagen.replay.replay_graph_session_datagen - INFO - Event wekatrace54_2de8538029066d95b4ff113d5750eb403cb7:event_144_parent_turn_77 skipping — predecessor failed
2026-10-02 04:31:08,256 - inference_perf.datagen.replay.replay_graph_session_datagen - INFO - Event wekatrace16_0d75185d4e958ad360c16451eaa95d508edf:event_155_sa_subagent_001_a0cde3b2_s0_turn_3 skipping — predecessor failed
2026-10-02 04:31:08,256 - inference_perf.datagen.replay.replay_graph_session_datagen - INFO - Event wekatrace16_0d75185d4e958ad360c16451eaa95d508edf:event_181_parent_turn_155 skipping — predecessor failed
2026-10-02 04:31:08,256 - inference_perf.datagen.replay.replay_graph_session_datagen - INFO - Event wekatrace54_2de8538029066d95b4ff113d5750eb403cb7:event_145_parent_turn_78 skipping — predecessor failed
2026-10-02 04:31:08,256 - inference_perf.datagen.replay.replay_graph_session_datagen - INFO - Event wekatrace16_0d75185d4e958ad360c16451eaa95d508edf:event_156_sa_subagent_001_a0cde3b2_s0_turn_4 skipping — predecessor failed
2026-10-02 04:31:08,256 - inference_perf.datagen.replay.replay_graph_session_datagen - INFO - Event wekatrace54_2de8538029066d95b4ff113d5750eb403cb7:event_146_parent_turn_79 skipping — predecessor failed
2026-10-02 04:31:08,256 - inference_perf.datagen.replay.replay_graph_session_datagen - INFO - Event wekatrace16_0d75185d4e958ad360c16451eaa95d508edf:event_182_parent_turn_156 skipping — predecessor failed
2026-10-02 04:31:08,256 - inference_perf.datagen.replay.replay_graph_session_datagen - INFO - Event wekatrace16_0d75185d4e958ad360c16451eaa95d508edf:event_183_parent_turn_157 skipping — predecessor failed
2026-10-02 04:31:08,256 - inference_perf.datagen.replay.replay_graph_session_datagen - INFO - Event wekatrace54_2de8538029066d95b4ff113d5750eb403cb7:event_147_parent_turn_80 skipping — predecessor failed
2026-10-02 04:31:08,256 - inference_perf.datagen.replay.replay_graph_session_datagen - INFO - Event wekatrace16_0d75185d4e958ad360c16451eaa95d508edf:event_157_sa_subagent_001_a0cde3b2_s0_turn_5 skipping — predecessor failed
2026-10-02 04:31:08,256 - inference_perf.datagen.replay.replay_graph_session_datagen - INFO - Event wekatrace16_0d75185d4e958ad360c16451eaa95d508edf:event_184_parent_turn_158 skipping — predecessor failed
2026-10-02 04:31:08,256 - inference_perf.datagen.replay.replay_graph_session_datagen - INFO - Event wekatrace54_2de8538029066d95b4ff113d5750eb403cb7:event_148_parent_turn_81 skipping — predecessor failed
2026-10-02 04:31:08,256 - inference_perf.datagen.replay.replay_graph_session_datagen - INFO - Event wekatrace16_0d75185d4e958ad360c16451eaa95d508edf:event_158_sa_subagent_001_a0cde3b2_s0_turn_6 skipping — predecessor failed
2026-10-02 04:31:08,256 - inference_perf.datagen.replay.replay_graph_session_datagen - INFO - Event wekatrace16_0d75185d4e958ad360c16451eaa95d508edf:event_185_parent_turn_159 skipping — predecessor failed
2026-10-02 04:31:08,256 - inference_perf.datagen.replay.replay_graph_session_datagen - INFO - Event wekatrace54_2de8538029066d95b4ff113d5750eb403cb7:event_149_parent_turn_82 skipping — predecessor failed
2026-10-02 04:31:08,257 - inference_perf.datagen.replay.replay_graph_session_datagen - INFO - Event wekatrace16_0d75185d4e958ad360c16451eaa95d508edf:event_159_sa_subagent_001_a0cde3b2_s0_turn_7 skipping — predecessor failed
2026-10-02 04:31:08,257 - inference_perf.datagen.replay.replay_graph_session_datagen - INFO - Event wekatrace54_2de8538029066d95b4ff113d5750eb403cb7:event_150_parent_turn_83 skipping — predecessor failed
2026-10-02 04:31:08,257 - inference_perf.datagen.replay.replay_graph_session_datagen - INFO - Event wekatrace16_0d75185d4e958ad360c16451eaa95d508edf:event_186_parent_turn_160 skipping — predecessor failed
2026-10-02 04:31:08,257 - inference_perf.datagen.replay.replay_graph_session_datagen - INFO - Event wekatrace54_2de8538029066d95b4ff113d5750eb403cb7:event_151_parent_turn_84 skipping — predecessor failed
2026-10-02 04:31:08,257 - inference_perf.datagen.replay.replay_graph_session_datagen - INFO - Event wekatrace16_0d75185d4e958ad360c16451eaa95d508edf:event_160_sa_subagent_001_a0cde3b2_s0_turn_8 skipping — predecessor failed
2026-10-02 04:31:08,257 - inference_perf.datagen.replay.replay_graph_session_datagen - INFO - Event wekatrace16_0d75185d4e958ad360c16451eaa95d508edf:event_187_parent_turn_161 skipping — predecessor failed
2026-10-02 04:31:08,257 - inference_perf.datagen.replay.replay_graph_session_datagen - INFO - Event wekatrace54_2de8538029066d95b4ff113d5750eb403cb7:event_152_parent_turn_85 skipping — predecessor failed
2026-10-02 04:31:08,257 - inference_perf.datagen.replay.replay_graph_session_datagen - INFO - Event wekatrace54_2de8538029066d95b4ff113d5750eb403cb7:event_153_parent_turn_86 skipping — predecessor failed
2026-10-02 04:31:08,257 - inference_perf.datagen.replay.replay_graph_session_datagen - INFO - Event wekatrace16_0d75185d4e958ad360c16451eaa95d508edf:event_161_sa_subagent_001_a0cde3b2_s0_turn_9 skipping — predecessor failed
2026-10-02 04:31:08,257 - inference_perf.datagen.replay.replay_graph_session_datagen - INFO - Event wekatrace16_0d75185d4e958ad360c16451eaa95d508edf:event_188_parent_turn_162 skipping — predecessor failed
2026-10-02 04:31:08,257 - inference_perf.datagen.replay.replay_graph_session_datagen - INFO - Event wekatrace54_2de8538029066d95b4ff113d5750eb403cb7:event_154_parent_turn_87 skipping — predecessor failed
2026-10-02 04:31:08,257 - inference_perf.datagen.replay.replay_graph_session_datagen - INFO - Event wekatrace16_0d75185d4e958ad360c16451eaa95d508edf:event_189_parent_turn_163 skipping — predecessor failed
2026-10-02 04:31:08,257 - inference_perf.datagen.replay.replay_graph_session_datagen - INFO - Event wekatrace54_2de8538029066d95b4ff113d5750eb403cb7:event_155_parent_turn_88 skipping — predecessor failed
2026-10-02 04:31:08,257 - inference_perf.datagen.replay.replay_graph_session_datagen - INFO - Event wekatrace16_0d75185d4e958ad360c16451eaa95d508edf:event_162_sa_subagent_001_a0cde3b2_s0_turn_10 skipping — predecessor failed
2026-10-02 04:31:08,257 - inference_perf.datagen.replay.replay_graph_session_datagen - INFO - Event wekatrace16_0d75185d4e958ad360c16451eaa95d508edf:event_190_parent_turn_164 skipping — predecessor failed
2026-10-02 04:31:08,257 - inference_perf.datagen.replay.replay_graph_session_datagen - INFO - Dispatching session wekatrace167_900d9257ccf827cbcc1fdc136531935772fe: 156 events
2026-10-02 04:31:08,257 - inference_perf.datagen.replay.replay_graph_session_datagen - INFO - Event wekatrace54_2de8538029066d95b4ff113d5750eb403cb7:event_156_parent_turn_89 skipping — predecessor failed
2026-10-02 04:31:08,257 - inference_perf.datagen.replay.replay_graph_session_datagen - INFO - Event wekatrace16_0d75185d4e958ad360c16451eaa95d508edf:event_191_parent_turn_165 skipping — predecessor failed
2026-10-02 04:31:08,257 - inference_perf.datagen.replay.replay_graph_session_datagen - INFO - Event wekatrace54_2de8538029066d95b4ff113d5750eb403cb7:event_157_parent_turn_90 skipping — predecessor failed
2026-10-02 04:31:08,257 - inference_perf.datagen.replay.replay_graph_session_datagen - INFO - Event wekatrace16_0d75185d4e958ad360c16451eaa95d508edf:event_163_sa_subagent_001_a0cde3b2_s0_turn_11 skipping — predecessor failed
2026-10-02 04:31:08,258 - inference_perf.datagen.replay.replay_graph_session_datagen - INFO - Event wekatrace16_0d75185d4e958ad360c16451eaa95d508edf:event_192_parent_turn_166 skipping — predecessor failed
2026-10-02 04:31:08,258 - inference_perf.datagen.replay.replay_graph_session_datagen - INFO - Event wekatrace54_2de8538029066d95b4ff113d5750eb403cb7:event_158_parent_turn_91 skipping — predecessor failed
2026-10-02 04:31:08,258 - inference_perf.datagen.replay.replay_graph_session_datagen - INFO - Event wekatrace16_0d75185d4e958ad360c16451eaa95d508edf:event_193_parent_turn_167 skipping — predecessor failed
2026-10-02 04:31:08,258 - inference_perf.datagen.replay.replay_graph_session_datagen - INFO - Event wekatrace16_0d75185d4e958ad360c16451eaa95d508edf:event_194_parent_turn_168 skipping — predecessor failed
2026-10-02 04:31:08,258 - inference_perf.datagen.replay.replay_graph_session_datagen - INFO - Event wekatrace54_2de8538029066d95b4ff113d5750eb403cb7:event_159_parent_turn_92 skipping — predecessor failed
2026-10-02 04:31:08,258 - inference_perf.datagen.replay.replay_graph_session_datagen - INFO - Event wekatrace16_0d75185d4e958ad360c16451eaa95d508edf:event_164_sa_subagent_001_a0cde3b2_s0_turn_12 skipping — predecessor failed
2026-10-02 04:31:08,258 - inference_perf.datagen.replay.replay_graph_session_datagen - INFO - Event wekatrace54_2de8538029066d95b4ff113d5750eb403cb7:event_160_parent_turn_93 skipping — predecessor failed
2026-10-02 04:31:08,258 - inference_perf.datagen.replay.replay_graph_session_datagen - INFO - Event wekatrace16_0d75185d4e958ad360c16451eaa95d508edf:event_195_parent_turn_169 skipping — predecessor failed
2026-10-02 04:31:08,258 - inference_perf.datagen.replay.replay_graph_session_datagen - INFO - Event wekatrace16_0d75185d4e958ad360c16451eaa95d508edf:event_196_parent_turn_170 skipping — predecessor failed
2026-10-02 04:31:08,258 - inference_perf.datagen.replay.replay_graph_session_datagen - INFO - Event wekatrace54_2de8538029066d95b4ff113d5750eb403cb7:event_161_parent_turn_94 skipping — predecessor failed
2026-10-02 04:31:08,258 - inference_perf.datagen.replay.replay_graph_session_datagen - INFO - Event wekatrace16_0d75185d4e958ad360c16451eaa95d508edf:event_165_sa_subagent_001_a0cde3b2_s0_turn_13 skipping — predecessor failed
2026-10-02 04:31:08,258 - inference_perf.datagen.replay.replay_graph_session_datagen - INFO - Event wekatrace54_2de8538029066d95b4ff113d5750eb403cb7:event_162_parent_turn_95 skipping — predecessor failed
2026-10-02 04:31:08,258 - inference_perf.datagen.replay.replay_graph_session_datagen - INFO - Event wekatrace16_0d75185d4e958ad360c16451eaa95d508edf:event_197_parent_turn_171 skipping — predecessor failed
2026-10-02 04:31:08,258 - inference_perf.datagen.replay.replay_graph_session_datagen - INFO - Event wekatrace16_0d75185d4e958ad360c16451eaa95d508edf:event_198_parent_turn_172 skipping — predecessor failed
2026-10-02 04:31:08,258 - inference_perf.datagen.replay.replay_graph_session_datagen - INFO - Event wekatrace54_2de8538029066d95b4ff113d5750eb403cb7:event_163_parent_turn_96 skipping — predecessor failed
2026-10-02 04:31:08,258 - inference_perf.datagen.replay.replay_graph_session_datagen - INFO - Event wekatrace16_0d75185d4e958ad360c16451eaa95d508edf:event_166_sa_subagent_001_a0cde3b2_s0_turn_14 skipping — predecessor failed
2026-10-02 04:31:08,258 - inference_perf.datagen.replay.replay_graph_session_datagen - INFO - Event wekatrace16_0d75185d4e958ad360c16451eaa95d508edf:event_199_parent_turn_173 skipping — predecessor failed
2026-10-02 04:31:08,259 - inference_perf.datagen.replay.replay_graph_session_datagen - INFO - Event wekatrace16_0d75185d4e958ad360c16451eaa95d508edf:event_200_parent_turn_174 skipping — predecessor failed
2026-10-02 04:31:08,259 - inference_perf.datagen.replay.replay_graph_session_datagen - INFO - Event wekatrace54_2de8538029066d95b4ff113d5750eb403cb7:event_164_parent_turn_97 skipping — predecessor failed
2026-10-02 04:31:08,259 - inference_perf.datagen.replay.replay_graph_session_datagen - INFO - Event wekatrace16_0d75185d4e958ad360c16451eaa95d508edf:event_167_sa_subagent_001_a0cde3b2_s0_turn_15 skipping — predecessor failed
2026-10-02 04:31:08,259 - inference_perf.datagen.replay.replay_graph_session_datagen - INFO - Event wekatrace16_0d75185d4e958ad360c16451eaa95d508edf:event_201_parent_turn_175 skipping — predecessor failed
2026-10-02 04:31:08,259 - inference_perf.datagen.replay.replay_graph_session_datagen - INFO - Event wekatrace16_0d75185d4e958ad360c16451eaa95d508edf:event_202_parent_turn_176 skipping — predecessor failed
2026-10-02 04:31:08,259 - inference_perf.datagen.replay.replay_graph_session_datagen - INFO - Event wekatrace54_2de8538029066d95b4ff113d5750eb403cb7:event_165_parent_turn_98 skipping — predecessor failed
2026-10-02 04:31:08,259 - inference_perf.datagen.replay.replay_graph_session_datagen - INFO - Event wekatrace16_0d75185d4e958ad360c16451eaa95d508edf:event_168_sa_subagent_001_a0cde3b2_s0_turn_16 skipping — predecessor failed
2026-10-02 04:31:08,259 - inference_perf.datagen.replay.replay_graph_session_datagen - INFO - Event wekatrace54_2de8538029066d95b4ff113d5750eb403cb7:event_166_parent_turn_99 skipping — predecessor failed
2026-10-02 04:31:08,259 - inference_perf.datagen.replay.replay_graph_session_datagen - INFO - Event wekatrace16_0d75185d4e958ad360c16451eaa95d508edf:event_203_parent_turn_177 skipping — predecessor failed
2026-10-02 04:31:08,259 - inference_perf.datagen.replay.replay_graph_session_datagen - INFO - Event wekatrace16_0d75185d4e958ad360c16451eaa95d508edf:event_169_sa_subagent_001_a0cde3b2_s0_turn_17 skipping — predecessor failed
2026-10-02 04:31:08,259 - inference_perf.datagen.replay.replay_graph_session_datagen - INFO - Event wekatrace54_2de8538029066d95b4ff113d5750eb403cb7:event_167_parent_turn_100 skipping — predecessor failed
2026-10-02 04:31:08,259 - inference_perf.datagen.replay.replay_graph_session_datagen - INFO - Event wekatrace16_0d75185d4e958ad360c16451eaa95d508edf:event_204_parent_turn_178 skipping — predecessor failed
2026-10-02 04:31:08,259 - inference_perf.datagen.replay.replay_graph_session_datagen - INFO - Event wekatrace16_0d75185d4e958ad360c16451eaa95d508edf:event_205_parent_turn_179 skipping — predecessor failed
2026-10-02 04:31:08,259 - inference_perf.datagen.replay.replay_graph_session_datagen - INFO - Event wekatrace54_2de8538029066d95b4ff113d5750eb403cb7:event_168_parent_turn_101 skipping — predecessor failed
2026-10-02 04:31:08,259 - inference_perf.datagen.replay.replay_graph_session_datagen - INFO - Event wekatrace16_0d75185d4e958ad360c16451eaa95d508edf:event_170_sa_subagent_001_a0cde3b2_s0_turn_18 skipping — predecessor failed
2026-10-02 04:31:08,259 - inference_perf.datagen.replay.replay_graph_session_datagen - INFO - Event wekatrace54_2de8538029066d95b4ff113d5750eb403cb7:event_169_parent_turn_102 skipping — predecessor failed
2026-10-02 04:31:08,259 - inference_perf.datagen.replay.replay_graph_session_datagen - INFO - Event wekatrace16_0d75185d4e958ad360c16451eaa95d508edf:event_206_parent_turn_180 skipping — predecessor failed
2026-10-02 04:31:08,259 - inference_perf.datagen.replay.replay_graph_session_datagen - INFO - Event wekatrace16_0d75185d4e958ad360c16451eaa95d508edf:event_207_parent_turn_181 skipping — predecessor failed
2026-10-02 04:31:08,260 - inference_perf.datagen.replay.replay_graph_session_datagen - INFO - Event wekatrace54_2de8538029066d95b4ff113d5750eb403cb7:event_170_parent_turn_103 skipping — predecessor failed
2026-10-02 04:31:08,260 - inference_perf.datagen.replay.replay_graph_session_datagen - INFO - Event wekatrace16_0d75185d4e958ad360c16451eaa95d508edf:event_171_sa_subagent_001_a0cde3b2_s0_turn_19 skipping — predecessor failed
2026-10-02 04:31:08,260 - inference_perf.datagen.replay.replay_graph_session_datagen - INFO - Event wekatrace16_0d75185d4e958ad360c16451eaa95d508edf:event_208_parent_turn_182 skipping — predecessor failed
2026-10-02 04:31:08,260 - inference_perf.datagen.replay.replay_graph_session_datagen - INFO - Event wekatrace54_2de8538029066d95b4ff113d5750eb403cb7:event_171_parent_turn_104 skipping — predecessor failed
2026-10-02 04:31:08,260 - inference_perf.datagen.replay.replay_graph_session_datagen - INFO - Event wekatrace16_0d75185d4e958ad360c16451eaa95d508edf:event_172_sa_subagent_001_a0cde3b2_s0_turn_20 skipping — predecessor failed
2026-10-02 04:31:08,260 - inference_perf.datagen.replay.replay_graph_session_datagen - INFO - Event wekatrace54_2de8538029066d95b4ff113d5750eb403cb7:event_172_parent_turn_105 skipping — predecessor failed
2026-10-02 04:31:08,260 - inference_perf.datagen.replay.replay_graph_session_datagen - INFO - Event wekatrace16_0d75185d4e958ad360c16451eaa95d508edf:event_209_parent_turn_183 skipping — predecessor failed
2026-10-02 04:31:08,260 - inference_perf.datagen.replay.replay_graph_session_datagen - INFO - Event wekatrace16_0d75185d4e958ad360c16451eaa95d508edf:event_173_sa_subagent_001_a0cde3b2_s0_turn_21 skipping — predecessor failed
2026-10-02 04:31:08,260 - inference_perf.datagen.replay.replay_graph_session_datagen - INFO - Event wekatrace54_2de8538029066d95b4ff113d5750eb403cb7:event_173_parent_turn_106 skipping — predecessor failed
2026-10-02 04:31:08,260 - inference_perf.datagen.replay.replay_graph_session_datagen - INFO - Event wekatrace54_2de8538029066d95b4ff113d5750eb403cb7:event_174_parent_turn_107 skipping — predecessor failed
2026-10-02 04:31:08,260 - inference_perf.datagen.replay.replay_graph_session_datagen - INFO - Event wekatrace54_2de8538029066d95b4ff113d5750eb403cb7:event_175_parent_turn_108 skipping — predecessor failed
2026-10-02 04:31:08,260 - inference_perf.datagen.replay.replay_graph_session_datagen - INFO - Event wekatrace16_0d75185d4e958ad360c16451eaa95d508edf:event_174_sa_subagent_001_a0cde3b2_s0_turn_22 skipping — predecessor failed
2026-10-02 04:31:08,260 - inference_perf.datagen.replay.replay_graph_session_datagen - INFO - Event wekatrace54_2de8538029066d95b4ff113d5750eb403cb7:event_176_parent_turn_109 skipping — predecessor failed
2026-10-02 04:31:08,260 - inference_perf.datagen.replay.replay_graph_session_datagen - INFO - Event wekatrace16_0d75185d4e958ad360c16451eaa95d508edf:event_175_sa_subagent_001_a0cde3b2_s0_turn_23 skipping — predecessor failed
2026-10-02 04:31:08,261 - inference_perf.datagen.replay.replay_graph_session_datagen - INFO - Event wekatrace54_2de8538029066d95b4ff113d5750eb403cb7:event_177_parent_turn_110 skipping — predecessor failed
2026-10-02 04:31:08,261 - inference_perf.datagen.replay.replay_graph_session_datagen - INFO - Event wekatrace16_0d75185d4e958ad360c16451eaa95d508edf:event_176_sa_subagent_001_a0cde3b2_s0_turn_24 skipping — predecessor failed
2026-10-02 04:31:08,261 - inference_perf.datagen.replay.replay_graph_session_datagen - INFO - Event wekatrace54_2de8538029066d95b4ff113d5750eb403cb7:event_178_parent_turn_111 skipping — predecessor failed
2026-10-02 04:31:08,261 - inference_perf.datagen.replay.replay_graph_session_datagen - INFO - Event wekatrace16_0d75185d4e958ad360c16451eaa95d508edf:event_177_sa_subagent_001_a0cde3b2_s0_turn_25 skipping — predecessor failed
2026-10-02 04:31:08,261 - inference_perf.datagen.replay.replay_graph_session_datagen - INFO - Event wekatrace54_2de8538029066d95b4ff113d5750eb403cb7:event_179_parent_turn_112 skipping — predecessor failed
2026-10-02 04:31:08,261 - inference_perf.datagen.replay.replay_graph_session_datagen - INFO - Event wekatrace54_2de8538029066d95b4ff113d5750eb403cb7:event_180_parent_turn_113 skipping — predecessor failed
2026-10-02 04:31:08,261 - inference_perf.datagen.replay.replay_graph_session_datagen - INFO - Event wekatrace54_2de8538029066d95b4ff113d5750eb403cb7:event_181_parent_turn_114 skipping — predecessor failed
2026-10-02 04:31:08,261 - inference_perf.datagen.replay.replay_graph_session_datagen - INFO - Event wekatrace54_2de8538029066d95b4ff113d5750eb403cb7:event_182_parent_turn_115 skipping — predecessor failed
2026-10-02 04:31:08,261 - inference_perf.datagen.replay.replay_graph_session_datagen - INFO - Event wekatrace54_2de8538029066d95b4ff113d5750eb403cb7:event_183_parent_turn_116 skipping — predecessor failed
2026-10-02 04:31:08,262 - inference_perf.datagen.replay.replay_graph_session_datagen - INFO - Event wekatrace54_2de8538029066d95b4ff113d5750eb403cb7:event_184_parent_turn_117 skipping — predecessor failed
2026-10-02 04:31:08,262 - inference_perf.datagen.replay.replay_graph_session_datagen - INFO - Event wekatrace54_2de8538029066d95b4ff113d5750eb403cb7:event_185_parent_turn_118 skipping — predecessor failed
2026-10-02 04:31:08,262 - inference_perf.datagen.replay.replay_graph_session_datagen - INFO - Event wekatrace54_2de8538029066d95b4ff113d5750eb403cb7:event_186_parent_turn_119 skipping — predecessor failed
2026-10-02 04:31:08,262 - inference_perf.datagen.replay.replay_graph_session_datagen - INFO - Event wekatrace54_2de8538029066d95b4ff113d5750eb403cb7:event_187_parent_turn_120 skipping — predecessor failed
2026-10-02 04:31:08,262 - inference_perf.datagen.replay.replay_graph_session_datagen - INFO - Event wekatrace54_2de8538029066d95b4ff113d5750eb403cb7:event_188_parent_turn_121 skipping — predecessor failed
2026-10-02 04:31:08,262 - inference_perf.datagen.replay.replay_graph_session_datagen - INFO - Event wekatrace54_2de8538029066d95b4ff113d5750eb403cb7:event_189_parent_turn_122 skipping — predecessor failed
2026-10-02 04:31:08,263 - inference_perf.datagen.replay.replay_graph_session_datagen - INFO - Event wekatrace54_2de8538029066d95b4ff113d5750eb403cb7:event_190_parent_turn_123 skipping — predecessor failed
2026-10-02 04:31:08,263 - inference_perf.datagen.replay.replay_graph_session_datagen - INFO - Event wekatrace54_2de8538029066d95b4ff113d5750eb403cb7:event_191_parent_turn_124 skipping — predecessor failed
2026-10-02 04:31:08,263 - inference_perf.datagen.replay.replay_graph_session_datagen - INFO - Event wekatrace54_2de8538029066d95b4ff113d5750eb403cb7:event_192_parent_turn_125 skipping — predecessor failed
2026-10-02 04:31:08,263 - inference_perf.datagen.replay.replay_graph_session_datagen - INFO - Event wekatrace54_2de8538029066d95b4ff113d5750eb403cb7:event_193_parent_turn_126 skipping — predecessor failed
2026-10-02 04:31:08,263 - inference_perf.datagen.replay.replay_graph_session_datagen - INFO - Event wekatrace54_2de8538029066d95b4ff113d5750eb403cb7:event_194_parent_turn_127 skipping — predecessor failed
2026-10-02 04:31:08,263 - inference_perf.datagen.replay.replay_graph_session_datagen - INFO - Event wekatrace54_2de8538029066d95b4ff113d5750eb403cb7:event_195_parent_turn_128 skipping — predecessor failed
2026-10-02 04:31:08,264 - inference_perf.datagen.replay.replay_graph_session_datagen - INFO - Event wekatrace54_2de8538029066d95b4ff113d5750eb403cb7:event_196_parent_turn_129 skipping — predecessor failed
2026-10-02 04:31:08,264 - inference_perf.datagen.replay.replay_graph_session_datagen - INFO - Event wekatrace54_2de8538029066d95b4ff113d5750eb403cb7:event_197_parent_turn_130 skipping — predecessor failed
2026-10-02 04:31:08,264 - inference_perf.datagen.replay.replay_graph_session_datagen - INFO - Event wekatrace54_2de8538029066d95b4ff113d5750eb403cb7:event_198_parent_turn_131 skipping — predecessor failed
2026-10-02 04:31:08,264 - inference_perf.datagen.replay.replay_graph_session_datagen - INFO - Event wekatrace54_2de8538029066d95b4ff113d5750eb403cb7:event_199_parent_turn_132 skipping — predecessor failed
2026-10-02 04:31:08,264 - inference_perf.datagen.replay.replay_graph_session_datagen - INFO - Event wekatrace54_2de8538029066d95b4ff113d5750eb403cb7:event_200_parent_turn_133 skipping — predecessor failed
2026-10-02 04:31:08,264 - inference_perf.datagen.replay.replay_graph_session_datagen - INFO - Event wekatrace54_2de8538029066d95b4ff113d5750eb403cb7:event_201_parent_turn_134 skipping — predecessor failed
2026-10-02 04:31:08,265 - inference_perf.datagen.replay.replay_graph_session_datagen - INFO - Event wekatrace54_2de8538029066d95b4ff113d5750eb403cb7:event_202_parent_turn_135 skipping — predecessor failed
2026-10-02 04:31:08,265 - inference_perf.datagen.replay.replay_graph_session_datagen - INFO - Event wekatrace54_2de8538029066d95b4ff113d5750eb403cb7:event_203_parent_turn_136 skipping — predecessor failed
2026-10-02 04:31:08,265 - inference_perf.datagen.replay.replay_graph_session_datagen - INFO - Event wekatrace54_2de8538029066d95b4ff113d5750eb403cb7:event_204_parent_turn_137 skipping — predecessor failed
2026-10-02 04:31:08,265 - inference_perf.datagen.replay.replay_graph_session_datagen - INFO - Event wekatrace54_2de8538029066d95b4ff113d5750eb403cb7:event_205_parent_turn_138 skipping — predecessor failed
2026-10-02 04:31:08,265 - inference_perf.datagen.replay.replay_graph_session_datagen - INFO - Event wekatrace54_2de8538029066d95b4ff113d5750eb403cb7:event_206_parent_turn_139 skipping — predecessor failed
2026-10-02 04:31:08,266 - inference_perf.datagen.replay.replay_graph_session_datagen - INFO - Event wekatrace54_2de8538029066d95b4ff113d5750eb403cb7:event_207_parent_turn_140 skipping — predecessor failed
2026-10-02 04:31:08,266 - inference_perf.datagen.replay.replay_graph_session_datagen - INFO - Event wekatrace54_2de8538029066d95b4ff113d5750eb403cb7:event_208_parent_turn_141 skipping — predecessor failed
2026-10-02 04:31:08,266 - inference_perf.datagen.replay.replay_graph_session_datagen - INFO - Event wekatrace54_2de8538029066d95b4ff113d5750eb403cb7:event_209_parent_turn_142 skipping — predecessor failed
2026-10-02 04:31:08,266 - inference_perf.datagen.replay.replay_graph_session_datagen - INFO - Event wekatrace54_2de8538029066d95b4ff113d5750eb403cb7:event_210_parent_turn_143 skipping — predecessor failed
2026-10-02 04:31:08,267 - inference_perf.datagen.replay.replay_graph_session_datagen - INFO - Event wekatrace54_2de8538029066d95b4ff113d5750eb403cb7:event_211_parent_turn_144 skipping — predecessor failed
2026-10-02 04:31:08,267 - inference_perf.datagen.replay.replay_graph_session_datagen - INFO - Event wekatrace54_2de8538029066d95b4ff113d5750eb403cb7:event_212_parent_turn_145 skipping — predecessor failed
2026-10-02 04:31:08,267 - inference_perf.datagen.replay.replay_graph_session_datagen - INFO - Event wekatrace54_2de8538029066d95b4ff113d5750eb403cb7:event_213_parent_turn_146 skipping — predecessor failed
2026-10-02 04:31:08,267 - inference_perf.datagen.replay.replay_graph_session_datagen - INFO - Event wekatrace54_2de8538029066d95b4ff113d5750eb403cb7:event_214_parent_turn_147 skipping — predecessor failed
2026-10-02 04:31:08,268 - inference_perf.datagen.replay.replay_graph_session_datagen - INFO - Event wekatrace54_2de8538029066d95b4ff113d5750eb403cb7:event_215_parent_turn_148 skipping — predecessor failed
2026-10-02 04:31:08,268 - inference_perf.datagen.replay.replay_graph_session_datagen - INFO - Event wekatrace54_2de8538029066d95b4ff113d5750eb403cb7:event_216_parent_turn_149 skipping — predecessor failed
2026-10-02 04:31:08,268 - inference_perf.datagen.replay.replay_graph_session_datagen - INFO - Event wekatrace54_2de8538029066d95b4ff113d5750eb403cb7:event_217_parent_turn_150 skipping — predecessor failed
2026-10-02 04:31:08,268 - inference_perf.datagen.replay.replay_graph_session_datagen - INFO - Event wekatrace54_2de8538029066d95b4ff113d5750eb403cb7:event_218_parent_turn_151 skipping — predecessor failed
2026-10-02 04:31:08,269 - inference_perf.datagen.replay.replay_graph_session_datagen - INFO - Event wekatrace54_2de8538029066d95b4ff113d5750eb403cb7:event_219_parent_turn_152 skipping — predecessor failed
2026-10-02 04:31:08,269 - inference_perf.datagen.replay.replay_graph_session_datagen - INFO - Event wekatrace54_2de8538029066d95b4ff113d5750eb403cb7:event_220_parent_turn_153 skipping — predecessor failed
2026-10-02 04:31:34,233 - inference_perf.datagen.replay.replay_graph_session_datagen - ERROR - Request failed for event wekatrace220_af60ae862f19d091b7d8a3e5fa8b570abe2a:event_001_parent_turn_1: TimeoutError: 
2026-10-02 04:31:34,235 - inference_perf.datagen.replay.replay_graph_session_datagen - INFO - Session wekatrace220_af60ae862f19d091b7d8a3e5fa8b570abe2a failure notification sent to main process (cancelled_events=67)
2026-10-02 04:31:34,235 - inference_perf.client.modelserver.openai_client - ERROR - 
Traceback (most recent call last):
  File "/workspace/.venv/lib/python3.12/site-packages/aiohttp/streams.py", line 365, in _wait
    await waiter
asyncio.exceptions.CancelledError

The above exception was the direct cause of the following exception:

Traceback (most recent call last):
  File "/workspace/inference_perf/apis/streaming_parser.py", line 84, in parse_sse_stream
    async for chunk in response.content.iter_any():
  File "/workspace/.venv/lib/python3.12/site-packages/aiohttp/streams.py", line 46, in __anext__
    rv = await self.read_func()
         ^^^^^^^^^^^^^^^^^^^^^^
  File "/workspace/.venv/lib/python3.12/site-packages/aiohttp/streams.py", line 460, in readany
    await self._wait("readany")
  File "/workspace/.venv/lib/python3.12/site-packages/aiohttp/streams.py", line 364, in _wait
    with self._timer:
         ^^^^^^^^^^^
  File "/workspace/.venv/lib/python3.12/site-packages/aiohttp/helpers.py", line 759, in __exit__
    raise asyncio.TimeoutError from exc_val
TimeoutError

The above exception was the direct cause of the following exception:

Traceback (most recent call last):
  File "/workspace/inference_perf/client/modelserver/openai_client.py", line 557, in process_request
    info = await data.process_response(
           ^^^^^^^^^^^^^^^^^^^^^^^^^^^^
  File "/workspace/inference_perf/datagen/replay/replay_graph_session_datagen.py", line 1039, in process_response
    text_content, chunk_times, raw_content, response_chunks, server_usage = await parse_sse_stream(
                                                                            ^^^^^^^^^^^^^^^^^^^^^^^
  File "/workspace/inference_perf/apis/streaming_parser.py", line 119, in parse_sse_stream
    raise StreamInterruptedError(e, raw_content.decode("utf-8", errors="ignore")) from e
inference_perf.apis.streaming_parser.StreamInterruptedError
2026-10-02 04:31:34,240 - inference_perf.datagen.replay.replay_graph_session_datagen - INFO - Event wekatrace220_af60ae862f19d091b7d8a3e5fa8b570abe2a:event_002_parent_turn_2 skipping — predecessor failed
2026-10-02 04:31:34,241 - inference_perf.datagen.replay.replay_graph_session_datagen - INFO - Event wekatrace220_af60ae862f19d091b7d8a3e5fa8b570abe2a:event_003_parent_turn_3 skipping — predecessor failed
2026-10-02 04:31:34,241 - inference_perf.datagen.replay.replay_graph_session_datagen - INFO - Event wekatrace220_af60ae862f19d091b7d8a3e5fa8b570abe2a:event_004_parent_turn_4 skipping — predecessor failed
2026-10-02 04:31:34,241 - inference_perf.datagen.replay.replay_graph_session_datagen - INFO - Event wekatrace220_af60ae862f19d091b7d8a3e5fa8b570abe2a:event_005_parent_turn_5 skipping — predecessor failed
2026-10-02 04:31:34,242 - inference_perf.datagen.replay.replay_graph_session_datagen - INFO - Event wekatrace220_af60ae862f19d091b7d8a3e5fa8b570abe2a:event_006_parent_turn_6 skipping — predecessor failed
2026-10-02 04:31:34,242 - inference_perf.datagen.replay.replay_graph_session_datagen - INFO - Event wekatrace220_af60ae862f19d091b7d8a3e5fa8b570abe2a:event_007_parent_turn_7 skipping — predecessor failed
2026-10-02 04:31:34,242 - inference_perf.datagen.replay.replay_graph_session_datagen - INFO - Event wekatrace220_af60ae862f19d091b7d8a3e5fa8b570abe2a:event_008_parent_turn_8 skipping — predecessor failed
2026-10-02 04:31:34,242 - inference_perf.datagen.replay.replay_graph_session_datagen - INFO - Event wekatrace220_af60ae862f19d091b7d8a3e5fa8b570abe2a:event_009_parent_turn_9 skipping — predecessor failed
2026-10-02 04:31:34,242 - inference_perf.datagen.replay.replay_graph_session_datagen - INFO - Event wekatrace220_af60ae862f19d091b7d8a3e5fa8b570abe2a:event_010_parent_turn_10 skipping — predecessor failed
2026-10-02 04:31:34,242 - inference_perf.datagen.replay.replay_graph_session_datagen - INFO - Event wekatrace220_af60ae862f19d091b7d8a3e5fa8b570abe2a:event_011_parent_turn_11 skipping — predecessor failed
2026-10-02 04:31:34,243 - inference_perf.datagen.replay.replay_graph_session_datagen - INFO - Event wekatrace220_af60ae862f19d091b7d8a3e5fa8b570abe2a:event_012_parent_turn_12 skipping — predecessor failed
2026-10-02 04:31:34,243 - inference_perf.datagen.replay.replay_graph_session_datagen - INFO - Event wekatrace220_af60ae862f19d091b7d8a3e5fa8b570abe2a:event_013_parent_turn_13 skipping — predecessor failed
2026-10-02 04:31:34,243 - inference_perf.datagen.replay.replay_graph_session_datagen - INFO - Event wekatrace220_af60ae862f19d091b7d8a3e5fa8b570abe2a:event_014_parent_turn_14 skipping — predecessor failed
2026-10-02 04:31:34,243 - inference_perf.datagen.replay.replay_graph_session_datagen - INFO - Event wekatrace220_af60ae862f19d091b7d8a3e5fa8b570abe2a:event_015_parent_turn_15 skipping — predecessor failed
2026-10-02 04:31:34,243 - inference_perf.datagen.replay.replay_graph_session_datagen - INFO - Event wekatrace220_af60ae862f19d091b7d8a3e5fa8b570abe2a:event_016_parent_turn_16 skipping — predecessor failed
2026-10-02 04:31:34,243 - inference_perf.datagen.replay.replay_graph_session_datagen - INFO - Event wekatrace220_af60ae862f19d091b7d8a3e5fa8b570abe2a:event_017_parent_turn_17 skipping — predecessor failed
2026-10-02 04:31:34,243 - inference_perf.datagen.replay.replay_graph_session_datagen - INFO - Event wekatrace220_af60ae862f19d091b7d8a3e5fa8b570abe2a:event_018_parent_turn_18 skipping — predecessor failed
2026-10-02 04:31:34,243 - inference_perf.datagen.replay.replay_graph_session_datagen - INFO - Event wekatrace220_af60ae862f19d091b7d8a3e5fa8b570abe2a:event_019_parent_turn_19 skipping — predecessor failed
2026-10-02 04:31:34,244 - inference_perf.datagen.replay.replay_graph_session_datagen - INFO - Event wekatrace220_af60ae862f19d091b7d8a3e5fa8b570abe2a:event_020_parent_turn_20 skipping — predecessor failed
2026-10-02 04:31:34,244 - inference_perf.datagen.replay.replay_graph_session_datagen - INFO - Event wekatrace220_af60ae862f19d091b7d8a3e5fa8b570abe2a:event_021_parent_turn_21 skipping — predecessor failed
2026-10-02 04:31:34,244 - inference_perf.datagen.replay.replay_graph_session_datagen - INFO - Event wekatrace220_af60ae862f19d091b7d8a3e5fa8b570abe2a:event_022_parent_turn_22 skipping — predecessor failed
2026-10-02 04:31:34,244 - inference_perf.datagen.replay.replay_graph_session_datagen - INFO - Event wekatrace220_af60ae862f19d091b7d8a3e5fa8b570abe2a:event_023_parent_turn_23 skipping — predecessor failed
2026-10-02 04:31:34,244 - inference_perf.datagen.replay.replay_graph_session_datagen - INFO - Event wekatrace220_af60ae862f19d091b7d8a3e5fa8b570abe2a:event_024_parent_turn_24 skipping — predecessor failed
2026-10-02 04:31:34,244 - inference_perf.datagen.replay.replay_graph_session_datagen - INFO - Event wekatrace220_af60ae862f19d091b7d8a3e5fa8b570abe2a:event_025_parent_turn_25 skipping — predecessor failed
2026-10-02 04:31:34,244 - inference_perf.datagen.replay.replay_graph_session_datagen - INFO - Event wekatrace220_af60ae862f19d091b7d8a3e5fa8b570abe2a:event_026_parent_turn_26 skipping — predecessor failed
2026-10-02 04:31:34,244 - inference_perf.datagen.replay.replay_graph_session_datagen - INFO - Event wekatrace220_af60ae862f19d091b7d8a3e5fa8b570abe2a:event_027_parent_turn_27 skipping — predecessor failed
2026-10-02 04:31:34,244 - inference_perf.datagen.replay.replay_graph_session_datagen - INFO - Event wekatrace220_af60ae862f19d091b7d8a3e5fa8b570abe2a:event_028_parent_turn_28 skipping — predecessor failed
2026-10-02 04:31:34,245 - inference_perf.datagen.replay.replay_graph_session_datagen - INFO - Event wekatrace220_af60ae862f19d091b7d8a3e5fa8b570abe2a:event_029_parent_turn_29 skipping — predecessor failed
2026-10-02 04:31:34,245 - inference_perf.datagen.replay.replay_graph_session_datagen - INFO - Event wekatrace220_af60ae862f19d091b7d8a3e5fa8b570abe2a:event_030_parent_turn_30 skipping — predecessor failed
2026-10-02 04:31:34,245 - inference_perf.datagen.replay.replay_graph_session_datagen - INFO - Event wekatrace220_af60ae862f19d091b7d8a3e5fa8b570abe2a:event_031_parent_turn_31 skipping — predecessor failed
2026-10-02 04:31:34,245 - inference_perf.datagen.replay.replay_graph_session_datagen - INFO - Event wekatrace220_af60ae862f19d091b7d8a3e5fa8b570abe2a:event_032_parent_turn_32 skipping — predecessor failed
2026-10-02 04:31:34,245 - inference_perf.datagen.replay.replay_graph_session_datagen - INFO - Event wekatrace220_af60ae862f19d091b7d8a3e5fa8b570abe2a:event_033_parent_turn_33 skipping — predecessor failed
2026-10-02 04:31:34,245 - inference_perf.datagen.replay.replay_graph_session_datagen - INFO - Event wekatrace220_af60ae862f19d091b7d8a3e5fa8b570abe2a:event_034_parent_turn_34 skipping — predecessor failed
2026-10-02 04:31:34,246 - inference_perf.datagen.replay.replay_graph_session_datagen - INFO - Event wekatrace220_af60ae862f19d091b7d8a3e5fa8b570abe2a:event_035_parent_turn_35 skipping — predecessor failed
2026-10-02 04:31:34,246 - inference_perf.datagen.replay.replay_graph_session_datagen - INFO - Event wekatrace220_af60ae862f19d091b7d8a3e5fa8b570abe2a:event_036_parent_turn_36 skipping — predecessor failed
2026-10-02 04:31:34,246 - inference_perf.datagen.replay.replay_graph_session_datagen - INFO - Event wekatrace220_af60ae862f19d091b7d8a3e5fa8b570abe2a:event_037_parent_turn_37 skipping — predecessor failed
2026-10-02 04:31:34,246 - inference_perf.datagen.replay.replay_graph_session_datagen - INFO - Event wekatrace220_af60ae862f19d091b7d8a3e5fa8b570abe2a:event_038_parent_turn_38 skipping — predecessor failed
2026-10-02 04:31:34,246 - inference_perf.datagen.replay.replay_graph_session_datagen - INFO - Event wekatrace220_af60ae862f19d091b7d8a3e5fa8b570abe2a:event_039_parent_turn_39 skipping — predecessor failed
2026-10-02 04:31:34,246 - inference_perf.datagen.replay.replay_graph_session_datagen - INFO - Event wekatrace220_af60ae862f19d091b7d8a3e5fa8b570abe2a:event_040_parent_turn_40 skipping — predecessor failed
2026-10-02 04:31:34,246 - inference_perf.datagen.replay.replay_graph_session_datagen - INFO - Event wekatrace220_af60ae862f19d091b7d8a3e5fa8b570abe2a:event_041_parent_turn_41 skipping — predecessor failed
2026-10-02 04:31:34,246 - inference_perf.datagen.replay.replay_graph_session_datagen - INFO - Event wekatrace220_af60ae862f19d091b7d8a3e5fa8b570abe2a:event_042_parent_turn_42 skipping — predecessor failed
2026-10-02 04:31:34,247 - inference_perf.datagen.replay.replay_graph_session_datagen - INFO - Event wekatrace220_af60ae862f19d091b7d8a3e5fa8b570abe2a:event_043_parent_turn_43 skipping — predecessor failed
2026-10-02 04:31:34,247 - inference_perf.datagen.replay.replay_graph_session_datagen - INFO - Event wekatrace220_af60ae862f19d091b7d8a3e5fa8b570abe2a:event_044_parent_turn_44 skipping — predecessor failed
2026-10-02 04:31:34,247 - inference_perf.datagen.replay.replay_graph_session_datagen - INFO - Event wekatrace220_af60ae862f19d091b7d8a3e5fa8b570abe2a:event_045_parent_turn_45 skipping — predecessor failed
2026-10-02 04:31:34,247 - inference_perf.datagen.replay.replay_graph_session_datagen - INFO - Event wekatrace220_af60ae862f19d091b7d8a3e5fa8b570abe2a:event_046_parent_turn_46 skipping — predecessor failed
2026-10-02 04:31:34,247 - inference_perf.datagen.replay.replay_graph_session_datagen - INFO - Event wekatrace220_af60ae862f19d091b7d8a3e5fa8b570abe2a:event_047_parent_turn_47 skipping — predecessor failed
2026-10-02 04:31:34,247 - inference_perf.datagen.replay.replay_graph_session_datagen - INFO - Event wekatrace220_af60ae862f19d091b7d8a3e5fa8b570abe2a:event_048_parent_turn_48 skipping — predecessor failed
2026-10-02 04:31:34,247 - inference_perf.datagen.replay.replay_graph_session_datagen - INFO - Event wekatrace220_af60ae862f19d091b7d8a3e5fa8b570abe2a:event_049_parent_turn_49 skipping — predecessor failed
2026-10-02 04:31:34,247 - inference_perf.datagen.replay.replay_graph_session_datagen - INFO - Event wekatrace220_af60ae862f19d091b7d8a3e5fa8b570abe2a:event_050_parent_turn_50 skipping — predecessor failed
2026-10-02 04:31:34,247 - inference_perf.datagen.replay.replay_graph_session_datagen - INFO - Event wekatrace220_af60ae862f19d091b7d8a3e5fa8b570abe2a:event_051_parent_turn_51 skipping — predecessor failed
2026-10-02 04:31:34,248 - inference_perf.datagen.replay.replay_graph_session_datagen - INFO - Event wekatrace220_af60ae862f19d091b7d8a3e5fa8b570abe2a:event_052_parent_turn_52 skipping — predecessor failed
2026-10-02 04:31:34,248 - inference_perf.datagen.replay.replay_graph_session_datagen - INFO - Event wekatrace220_af60ae862f19d091b7d8a3e5fa8b570abe2a:event_053_parent_turn_53 skipping — predecessor failed
2026-10-02 04:31:34,248 - inference_perf.datagen.replay.replay_graph_session_datagen - INFO - Event wekatrace220_af60ae862f19d091b7d8a3e5fa8b570abe2a:event_054_parent_turn_54 skipping — predecessor failed
2026-10-02 04:31:34,248 - inference_perf.datagen.replay.replay_graph_session_datagen - INFO - Event wekatrace220_af60ae862f19d091b7d8a3e5fa8b570abe2a:event_055_parent_turn_55 skipping — predecessor failed
2026-10-02 04:31:34,248 - inference_perf.datagen.replay.replay_graph_session_datagen - INFO - Event wekatrace220_af60ae862f19d091b7d8a3e5fa8b570abe2a:event_056_parent_turn_56 skipping — predecessor failed
2026-10-02 04:31:34,248 - inference_perf.datagen.replay.replay_graph_session_datagen - INFO - Event wekatrace220_af60ae862f19d091b7d8a3e5fa8b570abe2a:event_057_parent_turn_57 skipping — predecessor failed
2026-10-02 04:31:34,248 - inference_perf.datagen.replay.replay_graph_session_datagen - INFO - Event wekatrace220_af60ae862f19d091b7d8a3e5fa8b570abe2a:event_058_parent_turn_58 skipping — predecessor failed
2026-10-02 04:31:34,248 - inference_perf.datagen.replay.replay_graph_session_datagen - INFO - Event wekatrace220_af60ae862f19d091b7d8a3e5fa8b570abe2a:event_059_parent_turn_59 skipping — predecessor failed
2026-10-02 04:31:34,248 - inference_perf.datagen.replay.replay_graph_session_datagen - INFO - Event wekatrace220_af60ae862f19d091b7d8a3e5fa8b570abe2a:event_060_parent_turn_60 skipping — predecessor failed
2026-10-02 04:31:34,249 - inference_perf.datagen.replay.replay_graph_session_datagen - INFO - Event wekatrace220_af60ae862f19d091b7d8a3e5fa8b570abe2a:event_061_parent_turn_61 skipping — predecessor failed
2026-10-02 04:31:34,249 - inference_perf.datagen.replay.replay_graph_session_datagen - INFO - Event wekatrace220_af60ae862f19d091b7d8a3e5fa8b570abe2a:event_062_parent_turn_62 skipping — predecessor failed
2026-10-02 04:31:34,249 - inference_perf.datagen.replay.replay_graph_session_datagen - INFO - Event wekatrace220_af60ae862f19d091b7d8a3e5fa8b570abe2a:event_063_parent_turn_63 skipping — predecessor failed
2026-10-02 04:31:34,249 - inference_perf.datagen.replay.replay_graph_session_datagen - INFO - Event wekatrace220_af60ae862f19d091b7d8a3e5fa8b570abe2a:event_064_parent_turn_64 skipping — predecessor failed
2026-10-02 04:31:34,249 - inference_perf.datagen.replay.replay_graph_session_datagen - INFO - Event wekatrace220_af60ae862f19d091b7d8a3e5fa8b570abe2a:event_065_parent_turn_65 skipping — predecessor failed
2026-10-02 04:31:34,249 - inference_perf.datagen.replay.replay_graph_session_datagen - INFO - Event wekatrace220_af60ae862f19d091b7d8a3e5fa8b570abe2a:event_066_parent_turn_66 skipping — predecessor failed
2026-10-02 04:31:34,249 - inference_perf.datagen.replay.replay_graph_session_datagen - INFO - Event wekatrace220_af60ae862f19d091b7d8a3e5fa8b570abe2a:event_067_parent_turn_67 skipping — predecessor failed
2026-10-02 04:31:34,249 - inference_perf.datagen.replay.replay_graph_session_datagen - INFO - Event wekatrace220_af60ae862f19d091b7d8a3e5fa8b570abe2a:event_068_parent_turn_68 skipping — predecessor failed
2026-10-02 04:31:34,259 - inference_perf.datagen.replay.replay_graph_session_datagen - INFO - Dispatching session wekatrace157_888c5a8d8a4440adc2d0402a9a52af4075df: 64 events
2026-10-02 04:31:52,233 - inference_perf.datagen.replay.replay_graph_session_datagen - ERROR - Request failed for event wekatrace319_f17d741a05b67f9d50934ca8468d18aa7922:event_002_parent_turn_2: TimeoutError: 
2026-10-02 04:31:52,234 - inference_perf.datagen.replay.replay_graph_session_datagen - INFO - Session wekatrace319_f17d741a05b67f9d50934ca8468d18aa7922 failure notification sent to main process (cancelled_events=165)
2026-10-02 04:31:52,234 - inference_perf.client.modelserver.openai_client - ERROR - 
Traceback (most recent call last):
  File "/workspace/.venv/lib/python3.12/site-packages/aiohttp/streams.py", line 365, in _wait
    await waiter
asyncio.exceptions.CancelledError

The above exception was the direct cause of the following exception:

Traceback (most recent call last):
  File "/workspace/inference_perf/apis/streaming_parser.py", line 84, in parse_sse_stream
    async for chunk in response.content.iter_any():
  File "/workspace/.venv/lib/python3.12/site-packages/aiohttp/streams.py", line 46, in __anext__
    rv = await self.read_func()
         ^^^^^^^^^^^^^^^^^^^^^^
  File "/workspace/.venv/lib/python3.12/site-packages/aiohttp/streams.py", line 460, in readany
    await self._wait("readany")
  File "/workspace/.venv/lib/python3.12/site-packages/aiohttp/streams.py", line 364, in _wait
    with self._timer:
         ^^^^^^^^^^^
  File "/workspace/.venv/lib/python3.12/site-packages/aiohttp/helpers.py", line 759, in __exit__
    raise asyncio.TimeoutError from exc_val
TimeoutError

The above exception was the direct cause of the following exception:

Traceback (most recent call last):
  File "/workspace/inference_perf/client/modelserver/openai_client.py", line 557, in process_request
    info = await data.process_response(
           ^^^^^^^^^^^^^^^^^^^^^^^^^^^^
  File "/workspace/inference_perf/datagen/replay/replay_graph_session_datagen.py", line 1039, in process_response
    text_content, chunk_times, raw_content, response_chunks, server_usage = await parse_sse_stream(
                                                                            ^^^^^^^^^^^^^^^^^^^^^^^
  File "/workspace/inference_perf/apis/streaming_parser.py", line 119, in parse_sse_stream
    raise StreamInterruptedError(e, raw_content.decode("utf-8", errors="ignore")) from e
inference_perf.apis.streaming_parser.StreamInterruptedError
2026-10-02 04:31:52,239 - inference_perf.datagen.replay.replay_graph_session_datagen - INFO - Event wekatrace319_f17d741a05b67f9d50934ca8468d18aa7922:event_003_parent_turn_3 skipping — predecessor failed
2026-10-02 04:31:52,239 - inference_perf.datagen.replay.replay_graph_session_datagen - INFO - Event wekatrace319_f17d741a05b67f9d50934ca8468d18aa7922:event_004_parent_turn_4 skipping — predecessor failed
2026-10-02 04:31:52,239 - inference_perf.datagen.replay.replay_graph_session_datagen - INFO - Event wekatrace319_f17d741a05b67f9d50934ca8468d18aa7922:event_005_parent_turn_5 skipping — predecessor failed
2026-10-02 04:31:52,239 - inference_perf.datagen.replay.replay_graph_session_datagen - INFO - Event wekatrace319_f17d741a05b67f9d50934ca8468d18aa7922:event_006_parent_turn_6 skipping — predecessor failed
2026-10-02 04:31:52,240 - inference_perf.datagen.replay.replay_graph_session_datagen - INFO - Event wekatrace319_f17d741a05b67f9d50934ca8468d18aa7922:event_007_parent_turn_7 skipping — predecessor failed
2026-10-02 04:31:52,240 - inference_perf.datagen.replay.replay_graph_session_datagen - INFO - Event wekatrace319_f17d741a05b67f9d50934ca8468d18aa7922:event_008_parent_turn_8 skipping — predecessor failed
2026-10-02 04:31:52,240 - inference_perf.datagen.replay.replay_graph_session_datagen - INFO - Event wekatrace319_f17d741a05b67f9d50934ca8468d18aa7922:event_009_parent_turn_9 skipping — predecessor failed
2026-10-02 04:31:52,240 - inference_perf.datagen.replay.replay_graph_session_datagen - INFO - Event wekatrace319_f17d741a05b67f9d50934ca8468d18aa7922:event_010_parent_turn_10 skipping — predecessor failed
2026-10-02 04:31:52,240 - inference_perf.datagen.replay.replay_graph_session_datagen - INFO - Event wekatrace319_f17d741a05b67f9d50934ca8468d18aa7922:event_011_parent_turn_11 skipping — predecessor failed
2026-10-02 04:31:52,240 - inference_perf.datagen.replay.replay_graph_session_datagen - INFO - Event wekatrace319_f17d741a05b67f9d50934ca8468d18aa7922:event_012_parent_turn_12 skipping — predecessor failed
2026-10-02 04:31:52,240 - inference_perf.datagen.replay.replay_graph_session_datagen - INFO - Event wekatrace319_f17d741a05b67f9d50934ca8468d18aa7922:event_013_parent_turn_13 skipping — predecessor failed
2026-10-02 04:31:52,240 - inference_perf.datagen.replay.replay_graph_session_datagen - INFO - Event wekatrace319_f17d741a05b67f9d50934ca8468d18aa7922:event_014_parent_turn_14 skipping — predecessor failed
2026-10-02 04:31:52,241 - inference_perf.datagen.replay.replay_graph_session_datagen - INFO - Event wekatrace319_f17d741a05b67f9d50934ca8468d18aa7922:event_015_parent_turn_15 skipping — predecessor failed
2026-10-02 04:31:52,241 - inference_perf.datagen.replay.replay_graph_session_datagen - INFO - Event wekatrace319_f17d741a05b67f9d50934ca8468d18aa7922:event_016_parent_turn_16 skipping — predecessor failed
2026-10-02 04:31:52,241 - inference_perf.datagen.replay.replay_graph_session_datagen - INFO - Event wekatrace319_f17d741a05b67f9d50934ca8468d18aa7922:event_017_parent_turn_17 skipping — predecessor failed
2026-10-02 04:31:52,241 - inference_perf.datagen.replay.replay_graph_session_datagen - INFO - Event wekatrace319_f17d741a05b67f9d50934ca8468d18aa7922:event_018_parent_turn_18 skipping — predecessor failed
2026-10-02 04:31:52,241 - inference_perf.datagen.replay.replay_graph_session_datagen - INFO - Event wekatrace319_f17d741a05b67f9d50934ca8468d18aa7922:event_019_parent_turn_19 skipping — predecessor failed
2026-10-02 04:31:52,241 - inference_perf.datagen.replay.replay_graph_session_datagen - INFO - Event wekatrace319_f17d741a05b67f9d50934ca8468d18aa7922:event_020_parent_turn_20 skipping — predecessor failed
2026-10-02 04:31:52,241 - inference_perf.datagen.replay.replay_graph_session_datagen - INFO - Event wekatrace319_f17d741a05b67f9d50934ca8468d18aa7922:event_021_parent_turn_21 skipping — predecessor failed
2026-10-02 04:31:52,241 - inference_perf.datagen.replay.replay_graph_session_datagen - INFO - Event wekatrace319_f17d741a05b67f9d50934ca8468d18aa7922:event_022_parent_turn_22 skipping — predecessor failed
2026-10-02 04:31:52,241 - inference_perf.datagen.replay.replay_graph_session_datagen - INFO - Event wekatrace319_f17d741a05b67f9d50934ca8468d18aa7922:event_023_parent_turn_23 skipping — predecessor failed
2026-10-02 04:31:52,241 - inference_perf.datagen.replay.replay_graph_session_datagen - INFO - Event wekatrace319_f17d741a05b67f9d50934ca8468d18aa7922:event_024_parent_turn_24 skipping — predecessor failed
2026-10-02 04:31:52,242 - inference_perf.datagen.replay.replay_graph_session_datagen - INFO - Event wekatrace319_f17d741a05b67f9d50934ca8468d18aa7922:event_025_parent_turn_25 skipping — predecessor failed
2026-10-02 04:31:52,242 - inference_perf.datagen.replay.replay_graph_session_datagen - INFO - Event wekatrace319_f17d741a05b67f9d50934ca8468d18aa7922:event_026_parent_turn_26 skipping — predecessor failed
2026-10-02 04:31:52,242 - inference_perf.datagen.replay.replay_graph_session_datagen - INFO - Event wekatrace319_f17d741a05b67f9d50934ca8468d18aa7922:event_027_parent_turn_27 skipping — predecessor failed
2026-10-02 04:31:52,242 - inference_perf.datagen.replay.replay_graph_session_datagen - INFO - Event wekatrace319_f17d741a05b67f9d50934ca8468d18aa7922:event_028_parent_turn_28 skipping — predecessor failed
2026-10-02 04:31:52,242 - inference_perf.datagen.replay.replay_graph_session_datagen - INFO - Event wekatrace319_f17d741a05b67f9d50934ca8468d18aa7922:event_029_parent_turn_29 skipping — predecessor failed
2026-10-02 04:31:52,242 - inference_perf.datagen.replay.replay_graph_session_datagen - INFO - Event wekatrace319_f17d741a05b67f9d50934ca8468d18aa7922:event_030_parent_turn_30 skipping — predecessor failed
2026-10-02 04:31:52,242 - inference_perf.datagen.replay.replay_graph_session_datagen - INFO - Event wekatrace319_f17d741a05b67f9d50934ca8468d18aa7922:event_031_parent_turn_31 skipping — predecessor failed
2026-10-02 04:31:52,242 - inference_perf.datagen.replay.replay_graph_session_datagen - INFO - Event wekatrace319_f17d741a05b67f9d50934ca8468d18aa7922:event_032_parent_turn_32 skipping — predecessor failed
2026-10-02 04:31:52,242 - inference_perf.datagen.replay.replay_graph_session_datagen - INFO - Event wekatrace319_f17d741a05b67f9d50934ca8468d18aa7922:event_033_parent_turn_33 skipping — predecessor failed
2026-10-02 04:31:52,243 - inference_perf.datagen.replay.replay_graph_session_datagen - INFO - Event wekatrace319_f17d741a05b67f9d50934ca8468d18aa7922:event_034_parent_turn_34 skipping — predecessor failed
2026-10-02 04:31:52,243 - inference_perf.datagen.replay.replay_graph_session_datagen - INFO - Event wekatrace319_f17d741a05b67f9d50934ca8468d18aa7922:event_035_parent_turn_35 skipping — predecessor failed
2026-10-02 04:31:52,243 - inference_perf.datagen.replay.replay_graph_session_datagen - INFO - Event wekatrace319_f17d741a05b67f9d50934ca8468d18aa7922:event_036_parent_turn_36 skipping — predecessor failed
2026-10-02 04:31:52,243 - inference_perf.datagen.replay.replay_graph_session_datagen - INFO - Event wekatrace319_f17d741a05b67f9d50934ca8468d18aa7922:event_037_parent_turn_37 skipping — predecessor failed
2026-10-02 04:31:52,243 - inference_perf.datagen.replay.replay_graph_session_datagen - INFO - Event wekatrace319_f17d741a05b67f9d50934ca8468d18aa7922:event_038_parent_turn_38 skipping — predecessor failed
2026-10-02 04:31:52,243 - inference_perf.datagen.replay.replay_graph_session_datagen - INFO - Event wekatrace319_f17d741a05b67f9d50934ca8468d18aa7922:event_039_parent_turn_39 skipping — predecessor failed
2026-10-02 04:31:52,244 - inference_perf.datagen.replay.replay_graph_session_datagen - INFO - Event wekatrace319_f17d741a05b67f9d50934ca8468d18aa7922:event_040_parent_turn_40 skipping — predecessor failed
2026-10-02 04:31:52,244 - inference_perf.datagen.replay.replay_graph_session_datagen - INFO - Event wekatrace319_f17d741a05b67f9d50934ca8468d18aa7922:event_041_parent_turn_41 skipping — predecessor failed
2026-10-02 04:31:52,244 - inference_perf.datagen.replay.replay_graph_session_datagen - INFO - Event wekatrace319_f17d741a05b67f9d50934ca8468d18aa7922:event_042_parent_turn_42 skipping — predecessor failed
2026-10-02 04:31:52,244 - inference_perf.datagen.replay.replay_graph_session_datagen - INFO - Event wekatrace319_f17d741a05b67f9d50934ca8468d18aa7922:event_043_parent_turn_43 skipping — predecessor failed
2026-10-02 04:31:52,244 - inference_perf.datagen.replay.replay_graph_session_datagen - INFO - Event wekatrace319_f17d741a05b67f9d50934ca8468d18aa7922:event_044_parent_turn_44 skipping — predecessor failed
2026-10-02 04:31:52,244 - inference_perf.datagen.replay.replay_graph_session_datagen - INFO - Event wekatrace319_f17d741a05b67f9d50934ca8468d18aa7922:event_045_parent_turn_45 skipping — predecessor failed
2026-10-02 04:31:52,244 - inference_perf.datagen.replay.replay_graph_session_datagen - INFO - Event wekatrace319_f17d741a05b67f9d50934ca8468d18aa7922:event_046_parent_turn_46 skipping — predecessor failed
2026-10-02 04:31:52,244 - inference_perf.datagen.replay.replay_graph_session_datagen - INFO - Event wekatrace319_f17d741a05b67f9d50934ca8468d18aa7922:event_047_parent_turn_47 skipping — predecessor failed
2026-10-02 04:31:52,245 - inference_perf.datagen.replay.replay_graph_session_datagen - INFO - Event wekatrace319_f17d741a05b67f9d50934ca8468d18aa7922:event_048_parent_turn_48 skipping — predecessor failed
2026-10-02 04:31:52,245 - inference_perf.datagen.replay.replay_graph_session_datagen - INFO - Event wekatrace319_f17d741a05b67f9d50934ca8468d18aa7922:event_049_parent_turn_49 skipping — predecessor failed
2026-10-02 04:31:52,245 - inference_perf.datagen.replay.replay_graph_session_datagen - INFO - Event wekatrace319_f17d741a05b67f9d50934ca8468d18aa7922:event_050_parent_turn_50 skipping — predecessor failed
2026-10-02 04:31:52,245 - inference_perf.datagen.replay.replay_graph_session_datagen - INFO - Event wekatrace319_f17d741a05b67f9d50934ca8468d18aa7922:event_051_parent_turn_51 skipping — predecessor failed
2026-10-02 04:31:52,245 - inference_perf.datagen.replay.replay_graph_session_datagen - INFO - Event wekatrace319_f17d741a05b67f9d50934ca8468d18aa7922:event_052_parent_turn_52 skipping — predecessor failed
2026-10-02 04:31:52,245 - inference_perf.datagen.replay.replay_graph_session_datagen - INFO - Event wekatrace319_f17d741a05b67f9d50934ca8468d18aa7922:event_053_parent_turn_53 skipping — predecessor failed
2026-10-02 04:31:52,245 - inference_perf.datagen.replay.replay_graph_session_datagen - INFO - Event wekatrace319_f17d741a05b67f9d50934ca8468d18aa7922:event_054_parent_turn_54 skipping — predecessor failed
2026-10-02 04:31:52,245 - inference_perf.datagen.replay.replay_graph_session_datagen - INFO - Event wekatrace319_f17d741a05b67f9d50934ca8468d18aa7922:event_055_parent_turn_55 skipping — predecessor failed
2026-10-02 04:31:52,246 - inference_perf.datagen.replay.replay_graph_session_datagen - INFO - Event wekatrace319_f17d741a05b67f9d50934ca8468d18aa7922:event_056_parent_turn_56 skipping — predecessor failed
2026-10-02 04:31:52,246 - inference_perf.datagen.replay.replay_graph_session_datagen - INFO - Event wekatrace319_f17d741a05b67f9d50934ca8468d18aa7922:event_057_parent_turn_57 skipping — predecessor failed
2026-10-02 04:31:52,246 - inference_perf.datagen.replay.replay_graph_session_datagen - INFO - Event wekatrace319_f17d741a05b67f9d50934ca8468d18aa7922:event_058_parent_turn_58 skipping — predecessor failed
2026-10-02 04:31:52,246 - inference_perf.datagen.replay.replay_graph_session_datagen - INFO - Event wekatrace319_f17d741a05b67f9d50934ca8468d18aa7922:event_059_parent_turn_59 skipping — predecessor failed
2026-10-02 04:31:52,246 - inference_perf.datagen.replay.replay_graph_session_datagen - INFO - Event wekatrace319_f17d741a05b67f9d50934ca8468d18aa7922:event_060_parent_turn_60 skipping — predecessor failed
2026-10-02 04:31:52,246 - inference_perf.datagen.replay.replay_graph_session_datagen - INFO - Event wekatrace319_f17d741a05b67f9d50934ca8468d18aa7922:event_061_parent_turn_61 skipping — predecessor failed
2026-10-02 04:31:52,246 - inference_perf.datagen.replay.replay_graph_session_datagen - INFO - Event wekatrace319_f17d741a05b67f9d50934ca8468d18aa7922:event_062_parent_turn_62 skipping — predecessor failed
2026-10-02 04:31:52,247 - inference_perf.datagen.replay.replay_graph_session_datagen - INFO - Event wekatrace319_f17d741a05b67f9d50934ca8468d18aa7922:event_063_parent_turn_63 skipping — predecessor failed
2026-10-02 04:31:52,247 - inference_perf.datagen.replay.replay_graph_session_datagen - INFO - Event wekatrace319_f17d741a05b67f9d50934ca8468d18aa7922:event_064_parent_turn_64 skipping — predecessor failed
2026-10-02 04:31:52,247 - inference_perf.datagen.replay.replay_graph_session_datagen - INFO - Event wekatrace319_f17d741a05b67f9d50934ca8468d18aa7922:event_065_parent_turn_65 skipping — predecessor failed
2026-10-02 04:31:52,247 - inference_perf.datagen.replay.replay_graph_session_datagen - INFO - Event wekatrace319_f17d741a05b67f9d50934ca8468d18aa7922:event_066_parent_turn_66 skipping — predecessor failed
2026-10-02 04:31:52,247 - inference_perf.datagen.replay.replay_graph_session_datagen - INFO - Event wekatrace319_f17d741a05b67f9d50934ca8468d18aa7922:event_067_parent_turn_67 skipping — predecessor failed
2026-10-02 04:31:52,247 - inference_perf.datagen.replay.replay_graph_session_datagen - INFO - Event wekatrace319_f17d741a05b67f9d50934ca8468d18aa7922:event_068_parent_turn_68 skipping — predecessor failed
2026-10-02 04:31:52,247 - inference_perf.datagen.replay.replay_graph_session_datagen - INFO - Event wekatrace319_f17d741a05b67f9d50934ca8468d18aa7922:event_069_parent_turn_69 skipping — predecessor failed
2026-10-02 04:31:52,247 - inference_perf.datagen.replay.replay_graph_session_datagen - INFO - Event wekatrace319_f17d741a05b67f9d50934ca8468d18aa7922:event_070_parent_turn_70 skipping — predecessor failed
2026-10-02 04:31:52,248 - inference_perf.datagen.replay.replay_graph_session_datagen - INFO - Event wekatrace319_f17d741a05b67f9d50934ca8468d18aa7922:event_071_parent_turn_71 skipping — predecessor failed
2026-10-02 04:31:52,248 - inference_perf.datagen.replay.replay_graph_session_datagen - INFO - Event wekatrace319_f17d741a05b67f9d50934ca8468d18aa7922:event_072_parent_turn_72 skipping — predecessor failed
2026-10-02 04:31:52,248 - inference_perf.datagen.replay.replay_graph_session_datagen - INFO - Event wekatrace319_f17d741a05b67f9d50934ca8468d18aa7922:event_073_parent_turn_73 skipping — predecessor failed
2026-10-02 04:31:52,248 - inference_perf.datagen.replay.replay_graph_session_datagen - INFO - Event wekatrace319_f17d741a05b67f9d50934ca8468d18aa7922:event_074_parent_turn_74 skipping — predecessor failed
2026-10-02 04:31:52,248 - inference_perf.datagen.replay.replay_graph_session_datagen - INFO - Event wekatrace319_f17d741a05b67f9d50934ca8468d18aa7922:event_075_parent_turn_75 skipping — predecessor failed
2026-10-02 04:31:52,248 - inference_perf.datagen.replay.replay_graph_session_datagen - INFO - Event wekatrace319_f17d741a05b67f9d50934ca8468d18aa7922:event_076_parent_turn_76 skipping — predecessor failed
2026-10-02 04:31:52,248 - inference_perf.datagen.replay.replay_graph_session_datagen - INFO - Event wekatrace319_f17d741a05b67f9d50934ca8468d18aa7922:event_077_parent_turn_77 skipping — predecessor failed
2026-10-02 04:31:52,248 - inference_perf.datagen.replay.replay_graph_session_datagen - INFO - Event wekatrace319_f17d741a05b67f9d50934ca8468d18aa7922:event_078_parent_turn_78 skipping — predecessor failed
2026-10-02 04:31:52,249 - inference_perf.datagen.replay.replay_graph_session_datagen - INFO - Event wekatrace319_f17d741a05b67f9d50934ca8468d18aa7922:event_079_parent_turn_79 skipping — predecessor failed
2026-10-02 04:31:52,249 - inference_perf.datagen.replay.replay_graph_session_datagen - INFO - Event wekatrace319_f17d741a05b67f9d50934ca8468d18aa7922:event_080_parent_turn_80 skipping — predecessor failed
2026-10-02 04:31:52,249 - inference_perf.datagen.replay.replay_graph_session_datagen - INFO - Event wekatrace319_f17d741a05b67f9d50934ca8468d18aa7922:event_081_parent_turn_81 skipping — predecessor failed
2026-10-02 04:31:52,249 - inference_perf.datagen.replay.replay_graph_session_datagen - INFO - Event wekatrace319_f17d741a05b67f9d50934ca8468d18aa7922:event_082_parent_turn_82 skipping — predecessor failed
2026-10-02 04:31:52,249 - inference_perf.datagen.replay.replay_graph_session_datagen - INFO - Event wekatrace319_f17d741a05b67f9d50934ca8468d18aa7922:event_083_parent_turn_83 skipping — predecessor failed
2026-10-02 04:31:52,249 - inference_perf.datagen.replay.replay_graph_session_datagen - INFO - Event wekatrace319_f17d741a05b67f9d50934ca8468d18aa7922:event_084_parent_turn_84 skipping — predecessor failed
2026-10-02 04:31:52,249 - inference_perf.datagen.replay.replay_graph_session_datagen - INFO - Event wekatrace319_f17d741a05b67f9d50934ca8468d18aa7922:event_085_parent_turn_85 skipping — predecessor failed
2026-10-02 04:31:52,249 - inference_perf.datagen.replay.replay_graph_session_datagen - INFO - Event wekatrace319_f17d741a05b67f9d50934ca8468d18aa7922:event_086_parent_turn_86 skipping — predecessor failed
2026-10-02 04:31:52,249 - inference_perf.datagen.replay.replay_graph_session_datagen - INFO - Event wekatrace319_f17d741a05b67f9d50934ca8468d18aa7922:event_087_parent_turn_87 skipping — predecessor failed
2026-10-02 04:31:52,249 - inference_perf.datagen.replay.replay_graph_session_datagen - INFO - Event wekatrace319_f17d741a05b67f9d50934ca8468d18aa7922:event_088_parent_turn_88 skipping — predecessor failed
2026-10-02 04:31:52,249 - inference_perf.datagen.replay.replay_graph_session_datagen - INFO - Event wekatrace319_f17d741a05b67f9d50934ca8468d18aa7922:event_089_parent_turn_89 skipping — predecessor failed
2026-10-02 04:31:52,250 - inference_perf.datagen.replay.replay_graph_session_datagen - INFO - Event wekatrace319_f17d741a05b67f9d50934ca8468d18aa7922:event_090_parent_turn_90 skipping — predecessor failed
2026-10-02 04:31:52,250 - inference_perf.datagen.replay.replay_graph_session_datagen - INFO - Event wekatrace319_f17d741a05b67f9d50934ca8468d18aa7922:event_091_parent_turn_91 skipping — predecessor failed
2026-10-02 04:31:52,250 - inference_perf.datagen.replay.replay_graph_session_datagen - INFO - Event wekatrace319_f17d741a05b67f9d50934ca8468d18aa7922:event_092_parent_turn_92 skipping — predecessor failed
2026-10-02 04:31:52,250 - inference_perf.datagen.replay.replay_graph_session_datagen - INFO - Event wekatrace319_f17d741a05b67f9d50934ca8468d18aa7922:event_093_parent_turn_93 skipping — predecessor failed
2026-10-02 04:31:52,250 - inference_perf.datagen.replay.replay_graph_session_datagen - INFO - Event wekatrace319_f17d741a05b67f9d50934ca8468d18aa7922:event_094_parent_turn_94 skipping — predecessor failed
2026-10-02 04:31:52,250 - inference_perf.datagen.replay.replay_graph_session_datagen - INFO - Event wekatrace319_f17d741a05b67f9d50934ca8468d18aa7922:event_095_parent_turn_95 skipping — predecessor failed
2026-10-02 04:31:52,250 - inference_perf.datagen.replay.replay_graph_session_datagen - INFO - Dispatching session wekatrace95_4f60b686dd3201db253ac68c460bf2fb1d47: 30 events
2026-10-02 04:31:52,250 - inference_perf.datagen.replay.replay_graph_session_datagen - INFO - Event wekatrace319_f17d741a05b67f9d50934ca8468d18aa7922:event_096_parent_turn_96 skipping — predecessor failed
2026-10-02 04:31:52,250 - inference_perf.datagen.replay.replay_graph_session_datagen - INFO - Event wekatrace319_f17d741a05b67f9d50934ca8468d18aa7922:event_097_parent_turn_97 skipping — predecessor failed
2026-10-02 04:31:52,250 - inference_perf.datagen.replay.replay_graph_session_datagen - INFO - Event wekatrace319_f17d741a05b67f9d50934ca8468d18aa7922:event_098_parent_turn_98 skipping — predecessor failed
2026-10-02 04:31:52,250 - inference_perf.datagen.replay.replay_graph_session_datagen - INFO - Event wekatrace319_f17d741a05b67f9d50934ca8468d18aa7922:event_099_parent_turn_99 skipping — predecessor failed
2026-10-02 04:31:52,250 - inference_perf.datagen.replay.replay_graph_session_datagen - INFO - Event wekatrace319_f17d741a05b67f9d50934ca8468d18aa7922:event_100_parent_turn_100 skipping — predecessor failed
2026-10-02 04:31:52,251 - inference_perf.datagen.replay.replay_graph_session_datagen - INFO - Event wekatrace319_f17d741a05b67f9d50934ca8468d18aa7922:event_101_parent_turn_101 skipping — predecessor failed
2026-10-02 04:31:52,251 - inference_perf.datagen.replay.replay_graph_session_datagen - INFO - Event wekatrace319_f17d741a05b67f9d50934ca8468d18aa7922:event_102_parent_turn_102 skipping — predecessor failed
2026-10-02 04:31:52,251 - inference_perf.datagen.replay.replay_graph_session_datagen - INFO - Event wekatrace319_f17d741a05b67f9d50934ca8468d18aa7922:event_103_parent_turn_103 skipping — predecessor failed
2026-10-02 04:31:52,251 - inference_perf.datagen.replay.replay_graph_session_datagen - INFO - Event wekatrace319_f17d741a05b67f9d50934ca8468d18aa7922:event_104_parent_turn_104 skipping — predecessor failed
2026-10-02 04:31:52,251 - inference_perf.datagen.replay.replay_graph_session_datagen - INFO - Event wekatrace319_f17d741a05b67f9d50934ca8468d18aa7922:event_105_parent_turn_105 skipping — predecessor failed
2026-10-02 04:31:52,251 - inference_perf.datagen.replay.replay_graph_session_datagen - INFO - Event wekatrace319_f17d741a05b67f9d50934ca8468d18aa7922:event_106_parent_turn_106 skipping — predecessor failed
2026-10-02 04:31:52,251 - inference_perf.datagen.replay.replay_graph_session_datagen - INFO - Event wekatrace319_f17d741a05b67f9d50934ca8468d18aa7922:event_107_parent_turn_107 skipping — predecessor failed
2026-10-02 04:31:52,251 - inference_perf.datagen.replay.replay_graph_session_datagen - INFO - Event wekatrace319_f17d741a05b67f9d50934ca8468d18aa7922:event_108_parent_turn_108 skipping — predecessor failed
2026-10-02 04:31:52,251 - inference_perf.datagen.replay.replay_graph_session_datagen - INFO - Event wekatrace319_f17d741a05b67f9d50934ca8468d18aa7922:event_109_parent_turn_109 skipping — predecessor failed
2026-10-02 04:31:52,251 - inference_perf.datagen.replay.replay_graph_session_datagen - INFO - Event wekatrace319_f17d741a05b67f9d50934ca8468d18aa7922:event_110_parent_turn_110 skipping — predecessor failed
2026-10-02 04:31:52,252 - inference_perf.datagen.replay.replay_graph_session_datagen - INFO - Event wekatrace319_f17d741a05b67f9d50934ca8468d18aa7922:event_111_parent_turn_111 skipping — predecessor failed
2026-10-02 04:31:52,252 - inference_perf.datagen.replay.replay_graph_session_datagen - INFO - Event wekatrace319_f17d741a05b67f9d50934ca8468d18aa7922:event_112_parent_turn_112 skipping — predecessor failed
2026-10-02 04:31:52,252 - inference_perf.datagen.replay.replay_graph_session_datagen - INFO - Event wekatrace319_f17d741a05b67f9d50934ca8468d18aa7922:event_113_parent_turn_113 skipping — predecessor failed
2026-10-02 04:31:52,252 - inference_perf.datagen.replay.replay_graph_session_datagen - INFO - Event wekatrace319_f17d741a05b67f9d50934ca8468d18aa7922:event_114_parent_turn_114 skipping — predecessor failed
2026-10-02 04:31:52,252 - inference_perf.datagen.replay.replay_graph_session_datagen - INFO - Event wekatrace319_f17d741a05b67f9d50934ca8468d18aa7922:event_115_parent_turn_115 skipping — predecessor failed
2026-10-02 04:31:52,252 - inference_perf.datagen.replay.replay_graph_session_datagen - INFO - Event wekatrace319_f17d741a05b67f9d50934ca8468d18aa7922:event_116_parent_turn_116 skipping — predecessor failed
2026-10-02 04:31:52,252 - inference_perf.datagen.replay.replay_graph_session_datagen - INFO - Event wekatrace319_f17d741a05b67f9d50934ca8468d18aa7922:event_117_parent_turn_117 skipping — predecessor failed
2026-10-02 04:31:52,252 - inference_perf.datagen.replay.replay_graph_session_datagen - INFO - Event wekatrace319_f17d741a05b67f9d50934ca8468d18aa7922:event_118_parent_turn_118 skipping — predecessor failed
2026-10-02 04:31:52,252 - inference_perf.datagen.replay.replay_graph_session_datagen - INFO - Event wekatrace319_f17d741a05b67f9d50934ca8468d18aa7922:event_119_parent_turn_119 skipping — predecessor failed
2026-10-02 04:31:52,253 - inference_perf.datagen.replay.replay_graph_session_datagen - INFO - Event wekatrace319_f17d741a05b67f9d50934ca8468d18aa7922:event_120_parent_turn_120 skipping — predecessor failed
2026-10-02 04:31:52,253 - inference_perf.datagen.replay.replay_graph_session_datagen - INFO - Event wekatrace319_f17d741a05b67f9d50934ca8468d18aa7922:event_121_parent_turn_121 skipping — predecessor failed
2026-10-02 04:31:52,253 - inference_perf.datagen.replay.replay_graph_session_datagen - INFO - Event wekatrace319_f17d741a05b67f9d50934ca8468d18aa7922:event_122_parent_turn_122 skipping — predecessor failed
2026-10-02 04:31:52,253 - inference_perf.datagen.replay.replay_graph_session_datagen - INFO - Event wekatrace319_f17d741a05b67f9d50934ca8468d18aa7922:event_123_parent_turn_123 skipping — predecessor failed
2026-10-02 04:31:52,253 - inference_perf.datagen.replay.replay_graph_session_datagen - INFO - Event wekatrace319_f17d741a05b67f9d50934ca8468d18aa7922:event_124_parent_turn_124 skipping — predecessor failed
2026-10-02 04:31:52,253 - inference_perf.datagen.replay.replay_graph_session_datagen - INFO - Event wekatrace319_f17d741a05b67f9d50934ca8468d18aa7922:event_125_parent_turn_125 skipping — predecessor failed
2026-10-02 04:31:52,253 - inference_perf.datagen.replay.replay_graph_session_datagen - INFO - Event wekatrace319_f17d741a05b67f9d50934ca8468d18aa7922:event_126_parent_turn_126 skipping — predecessor failed
2026-10-02 04:31:52,253 - inference_perf.datagen.replay.replay_graph_session_datagen - INFO - Event wekatrace319_f17d741a05b67f9d50934ca8468d18aa7922:event_127_parent_turn_127 skipping — predecessor failed
2026-10-02 04:31:52,253 - inference_perf.datagen.replay.replay_graph_session_datagen - INFO - Event wekatrace319_f17d741a05b67f9d50934ca8468d18aa7922:event_128_parent_turn_128 skipping — predecessor failed
2026-10-02 04:31:52,253 - inference_perf.datagen.replay.replay_graph_session_datagen - INFO - Event wekatrace319_f17d741a05b67f9d50934ca8468d18aa7922:event_129_parent_turn_129 skipping — predecessor failed
2026-10-02 04:31:52,253 - inference_perf.datagen.replay.replay_graph_session_datagen - INFO - Event wekatrace319_f17d741a05b67f9d50934ca8468d18aa7922:event_130_parent_turn_130 skipping — predecessor failed
2026-10-02 04:31:52,254 - inference_perf.datagen.replay.replay_graph_session_datagen - INFO - Event wekatrace319_f17d741a05b67f9d50934ca8468d18aa7922:event_131_parent_turn_131 skipping — predecessor failed
2026-10-02 04:31:52,254 - inference_perf.datagen.replay.replay_graph_session_datagen - INFO - Event wekatrace319_f17d741a05b67f9d50934ca8468d18aa7922:event_132_parent_turn_132 skipping — predecessor failed
2026-10-02 04:31:52,254 - inference_perf.datagen.replay.replay_graph_session_datagen - INFO - Event wekatrace319_f17d741a05b67f9d50934ca8468d18aa7922:event_133_parent_turn_133 skipping — predecessor failed
2026-10-02 04:31:52,254 - inference_perf.datagen.replay.replay_graph_session_datagen - INFO - Event wekatrace319_f17d741a05b67f9d50934ca8468d18aa7922:event_134_parent_turn_134 skipping — predecessor failed
2026-10-02 04:31:52,254 - inference_perf.datagen.replay.replay_graph_session_datagen - INFO - Event wekatrace319_f17d741a05b67f9d50934ca8468d18aa7922:event_135_parent_turn_135 skipping — predecessor failed
2026-10-02 04:31:52,254 - inference_perf.datagen.replay.replay_graph_session_datagen - INFO - Event wekatrace319_f17d741a05b67f9d50934ca8468d18aa7922:event_136_parent_turn_136 skipping — predecessor failed
2026-10-02 04:31:52,254 - inference_perf.datagen.replay.replay_graph_session_datagen - INFO - Event wekatrace319_f17d741a05b67f9d50934ca8468d18aa7922:event_137_parent_turn_137 skipping — predecessor failed
2026-10-02 04:31:52,254 - inference_perf.datagen.replay.replay_graph_session_datagen - INFO - Event wekatrace319_f17d741a05b67f9d50934ca8468d18aa7922:event_138_parent_turn_138 skipping — predecessor failed
2026-10-02 04:31:52,254 - inference_perf.datagen.replay.replay_graph_session_datagen - INFO - Event wekatrace319_f17d741a05b67f9d50934ca8468d18aa7922:event_139_parent_turn_139 skipping — predecessor failed
2026-10-02 04:31:52,254 - inference_perf.datagen.replay.replay_graph_session_datagen - INFO - Event wekatrace319_f17d741a05b67f9d50934ca8468d18aa7922:event_140_parent_turn_140 skipping — predecessor failed
2026-10-02 04:31:52,255 - inference_perf.datagen.replay.replay_graph_session_datagen - INFO - Event wekatrace319_f17d741a05b67f9d50934ca8468d18aa7922:event_141_parent_turn_141 skipping — predecessor failed
2026-10-02 04:31:52,255 - inference_perf.datagen.replay.replay_graph_session_datagen - INFO - Event wekatrace319_f17d741a05b67f9d50934ca8468d18aa7922:event_142_parent_turn_142 skipping — predecessor failed
2026-10-02 04:31:52,255 - inference_perf.datagen.replay.replay_graph_session_datagen - INFO - Event wekatrace319_f17d741a05b67f9d50934ca8468d18aa7922:event_143_parent_turn_143 skipping — predecessor failed
2026-10-02 04:31:52,255 - inference_perf.datagen.replay.replay_graph_session_datagen - INFO - Event wekatrace319_f17d741a05b67f9d50934ca8468d18aa7922:event_144_parent_turn_144 skipping — predecessor failed
2026-10-02 04:31:52,255 - inference_perf.datagen.replay.replay_graph_session_datagen - INFO - Event wekatrace319_f17d741a05b67f9d50934ca8468d18aa7922:event_145_parent_turn_145 skipping — predecessor failed
2026-10-02 04:31:52,255 - inference_perf.datagen.replay.replay_graph_session_datagen - INFO - Event wekatrace319_f17d741a05b67f9d50934ca8468d18aa7922:event_146_parent_turn_146 skipping — predecessor failed
2026-10-02 04:31:52,255 - inference_perf.datagen.replay.replay_graph_session_datagen - INFO - Event wekatrace319_f17d741a05b67f9d50934ca8468d18aa7922:event_147_parent_turn_147 skipping — predecessor failed
2026-10-02 04:31:52,255 - inference_perf.datagen.replay.replay_graph_session_datagen - INFO - Event wekatrace319_f17d741a05b67f9d50934ca8468d18aa7922:event_148_parent_turn_148 skipping — predecessor failed
2026-10-02 04:31:52,255 - inference_perf.datagen.replay.replay_graph_session_datagen - INFO - Event wekatrace319_f17d741a05b67f9d50934ca8468d18aa7922:event_149_parent_turn_149 skipping — predecessor failed
2026-10-02 04:31:52,255 - inference_perf.datagen.replay.replay_graph_session_datagen - INFO - Event wekatrace319_f17d741a05b67f9d50934ca8468d18aa7922:event_150_parent_turn_150 skipping — predecessor failed
2026-10-02 04:31:52,255 - inference_perf.datagen.replay.replay_graph_session_datagen - INFO - Event wekatrace319_f17d741a05b67f9d50934ca8468d18aa7922:event_151_parent_turn_151 skipping — predecessor failed
2026-10-02 04:31:52,256 - inference_perf.datagen.replay.replay_graph_session_datagen - INFO - Event wekatrace319_f17d741a05b67f9d50934ca8468d18aa7922:event_152_parent_turn_152 skipping — predecessor failed
2026-10-02 04:31:52,256 - inference_perf.datagen.replay.replay_graph_session_datagen - INFO - Event wekatrace319_f17d741a05b67f9d50934ca8468d18aa7922:event_153_parent_turn_153 skipping — predecessor failed
2026-10-02 04:31:52,256 - inference_perf.datagen.replay.replay_graph_session_datagen - INFO - Event wekatrace319_f17d741a05b67f9d50934ca8468d18aa7922:event_154_parent_turn_154 skipping — predecessor failed
2026-10-02 04:31:52,256 - inference_perf.datagen.replay.replay_graph_session_datagen - INFO - Event wekatrace319_f17d741a05b67f9d50934ca8468d18aa7922:event_155_parent_turn_155 skipping — predecessor failed
2026-10-02 04:31:52,256 - inference_perf.datagen.replay.replay_graph_session_datagen - INFO - Event wekatrace319_f17d741a05b67f9d50934ca8468d18aa7922:event_156_parent_turn_156 skipping — predecessor failed
2026-10-02 04:31:52,256 - inference_perf.datagen.replay.replay_graph_session_datagen - INFO - Event wekatrace319_f17d741a05b67f9d50934ca8468d18aa7922:event_157_parent_turn_157 skipping — predecessor failed
2026-10-02 04:31:52,256 - inference_perf.datagen.replay.replay_graph_session_datagen - INFO - Event wekatrace319_f17d741a05b67f9d50934ca8468d18aa7922:event_158_parent_turn_158 skipping — predecessor failed
2026-10-02 04:31:52,256 - inference_perf.datagen.replay.replay_graph_session_datagen - INFO - Event wekatrace319_f17d741a05b67f9d50934ca8468d18aa7922:event_159_parent_turn_159 skipping — predecessor failed
2026-10-02 04:31:52,256 - inference_perf.datagen.replay.replay_graph_session_datagen - INFO - Event wekatrace319_f17d741a05b67f9d50934ca8468d18aa7922:event_160_parent_turn_160 skipping — predecessor failed
2026-10-02 04:31:52,256 - inference_perf.datagen.replay.replay_graph_session_datagen - INFO - Event wekatrace319_f17d741a05b67f9d50934ca8468d18aa7922:event_161_parent_turn_161 skipping — predecessor failed
2026-10-02 04:31:52,256 - inference_perf.datagen.replay.replay_graph_session_datagen - INFO - Event wekatrace319_f17d741a05b67f9d50934ca8468d18aa7922:event_162_parent_turn_162 skipping — predecessor failed
2026-10-02 04:31:52,257 - inference_perf.datagen.replay.replay_graph_session_datagen - INFO - Event wekatrace319_f17d741a05b67f9d50934ca8468d18aa7922:event_163_parent_turn_163 skipping — predecessor failed
2026-10-02 04:31:52,257 - inference_perf.datagen.replay.replay_graph_session_datagen - INFO - Event wekatrace319_f17d741a05b67f9d50934ca8468d18aa7922:event_164_parent_turn_164 skipping — predecessor failed
2026-10-02 04:31:52,257 - inference_perf.datagen.replay.replay_graph_session_datagen - INFO - Event wekatrace319_f17d741a05b67f9d50934ca8468d18aa7922:event_165_parent_turn_165 skipping — predecessor failed
2026-10-02 04:31:52,257 - inference_perf.datagen.replay.replay_graph_session_datagen - INFO - Event wekatrace319_f17d741a05b67f9d50934ca8468d18aa7922:event_166_parent_turn_166 skipping — predecessor failed
2026-10-02 04:31:52,257 - inference_perf.datagen.replay.replay_graph_session_datagen - INFO - Event wekatrace319_f17d741a05b67f9d50934ca8468d18aa7922:event_167_parent_turn_167 skipping — predecessor failed
2026-10-02 04:33:48,233 - inference_perf.datagen.replay.replay_graph_session_datagen - ERROR - Request failed for event wekatrace266_d0ba3f3cf4f0f42e6087d3a6d3569fd4a3ba:event_002_parent_turn_2: TimeoutError: 
2026-10-02 04:33:48,233 - inference_perf.datagen.replay.replay_graph_session_datagen - INFO - Session wekatrace266_d0ba3f3cf4f0f42e6087d3a6d3569fd4a3ba failure notification sent to main process (cancelled_events=45)
2026-10-02 04:33:48,234 - inference_perf.client.modelserver.openai_client - ERROR - 
Traceback (most recent call last):
  File "/workspace/.venv/lib/python3.12/site-packages/aiohttp/streams.py", line 365, in _wait
    await waiter
asyncio.exceptions.CancelledError

The above exception was the direct cause of the following exception:

Traceback (most recent call last):
  File "/workspace/inference_perf/apis/streaming_parser.py", line 84, in parse_sse_stream
    async for chunk in response.content.iter_any():
  File "/workspace/.venv/lib/python3.12/site-packages/aiohttp/streams.py", line 46, in __anext__
    rv = await self.read_func()
         ^^^^^^^^^^^^^^^^^^^^^^
  File "/workspace/.venv/lib/python3.12/site-packages/aiohttp/streams.py", line 460, in readany
    await self._wait("readany")
  File "/workspace/.venv/lib/python3.12/site-packages/aiohttp/streams.py", line 364, in _wait
    with self._timer:
         ^^^^^^^^^^^
  File "/workspace/.venv/lib/python3.12/site-packages/aiohttp/helpers.py", line 759, in __exit__
    raise asyncio.TimeoutError from exc_val
TimeoutError

The above exception was the direct cause of the following exception:

Traceback (most recent call last):
  File "/workspace/inference_perf/client/modelserver/openai_client.py", line 557, in process_request
    info = await data.process_response(
           ^^^^^^^^^^^^^^^^^^^^^^^^^^^^
  File "/workspace/inference_perf/datagen/replay/replay_graph_session_datagen.py", line 1039, in process_response
    text_content, chunk_times, raw_content, response_chunks, server_usage = await parse_sse_stream(
                                                                            ^^^^^^^^^^^^^^^^^^^^^^^
  File "/workspace/inference_perf/apis/streaming_parser.py", line 119, in parse_sse_stream
    raise StreamInterruptedError(e, raw_content.decode("utf-8", errors="ignore")) from e
inference_perf.apis.streaming_parser.StreamInterruptedError
2026-10-02 04:33:48,235 - inference_perf.datagen.replay.replay_graph_session_datagen - INFO - Event wekatrace266_d0ba3f3cf4f0f42e6087d3a6d3569fd4a3ba:event_003_parent_turn_3 skipping — predecessor failed
2026-10-02 04:33:48,236 - inference_perf.datagen.replay.replay_graph_session_datagen - INFO - Event wekatrace266_d0ba3f3cf4f0f42e6087d3a6d3569fd4a3ba:event_004_parent_turn_4 skipping — predecessor failed
2026-10-02 04:33:48,236 - inference_perf.datagen.replay.replay_graph_session_datagen - INFO - Event wekatrace266_d0ba3f3cf4f0f42e6087d3a6d3569fd4a3ba:event_005_parent_turn_5 skipping — predecessor failed
2026-10-02 04:33:48,236 - inference_perf.datagen.replay.replay_graph_session_datagen - INFO - Event wekatrace266_d0ba3f3cf4f0f42e6087d3a6d3569fd4a3ba:event_006_parent_turn_6 skipping — predecessor failed
2026-10-02 04:33:48,236 - inference_perf.datagen.replay.replay_graph_session_datagen - INFO - Event wekatrace266_d0ba3f3cf4f0f42e6087d3a6d3569fd4a3ba:event_007_parent_turn_7 skipping — predecessor failed
2026-10-02 04:33:48,236 - inference_perf.datagen.replay.replay_graph_session_datagen - INFO - Event wekatrace266_d0ba3f3cf4f0f42e6087d3a6d3569fd4a3ba:event_008_parent_turn_8 skipping — predecessor failed
2026-10-02 04:33:48,237 - inference_perf.datagen.replay.replay_graph_session_datagen - INFO - Event wekatrace266_d0ba3f3cf4f0f42e6087d3a6d3569fd4a3ba:event_009_parent_turn_9 skipping — predecessor failed
2026-10-02 04:33:48,237 - inference_perf.datagen.replay.replay_graph_session_datagen - INFO - Event wekatrace266_d0ba3f3cf4f0f42e6087d3a6d3569fd4a3ba:event_010_parent_turn_10 skipping — predecessor failed
2026-10-02 04:33:48,238 - inference_perf.datagen.replay.replay_graph_session_datagen - INFO - Event wekatrace266_d0ba3f3cf4f0f42e6087d3a6d3569fd4a3ba:event_011_parent_turn_11 skipping — predecessor failed
2026-10-02 04:33:48,238 - inference_perf.datagen.replay.replay_graph_session_datagen - INFO - Event wekatrace266_d0ba3f3cf4f0f42e6087d3a6d3569fd4a3ba:event_012_parent_turn_12 skipping — predecessor failed
2026-10-02 04:33:48,238 - inference_perf.datagen.replay.replay_graph_session_datagen - INFO - Event wekatrace266_d0ba3f3cf4f0f42e6087d3a6d3569fd4a3ba:event_013_parent_turn_13 skipping — predecessor failed
2026-10-02 04:33:48,238 - inference_perf.datagen.replay.replay_graph_session_datagen - INFO - Event wekatrace266_d0ba3f3cf4f0f42e6087d3a6d3569fd4a3ba:event_014_parent_turn_14 skipping — predecessor failed
2026-10-02 04:33:48,238 - inference_perf.datagen.replay.replay_graph_session_datagen - INFO - Event wekatrace266_d0ba3f3cf4f0f42e6087d3a6d3569fd4a3ba:event_015_parent_turn_15 skipping — predecessor failed
2026-10-02 04:33:48,238 - inference_perf.datagen.replay.replay_graph_session_datagen - INFO - Event wekatrace266_d0ba3f3cf4f0f42e6087d3a6d3569fd4a3ba:event_016_parent_turn_16 skipping — predecessor failed
2026-10-02 04:33:48,238 - inference_perf.datagen.replay.replay_graph_session_datagen - INFO - Event wekatrace266_d0ba3f3cf4f0f42e6087d3a6d3569fd4a3ba:event_017_parent_turn_17 skipping — predecessor failed
2026-10-02 04:33:48,238 - inference_perf.datagen.replay.replay_graph_session_datagen - INFO - Event wekatrace266_d0ba3f3cf4f0f42e6087d3a6d3569fd4a3ba:event_018_parent_turn_18 skipping — predecessor failed
2026-10-02 04:33:48,238 - inference_perf.datagen.replay.replay_graph_session_datagen - INFO - Event wekatrace266_d0ba3f3cf4f0f42e6087d3a6d3569fd4a3ba:event_019_parent_turn_19 skipping — predecessor failed
2026-10-02 04:33:48,238 - inference_perf.datagen.replay.replay_graph_session_datagen - INFO - Event wekatrace266_d0ba3f3cf4f0f42e6087d3a6d3569fd4a3ba:event_020_parent_turn_20 skipping — predecessor failed
2026-10-02 04:33:48,239 - inference_perf.datagen.replay.replay_graph_session_datagen - INFO - Event wekatrace266_d0ba3f3cf4f0f42e6087d3a6d3569fd4a3ba:event_021_parent_turn_21 skipping — predecessor failed
2026-10-02 04:33:48,239 - inference_perf.datagen.replay.replay_graph_session_datagen - INFO - Event wekatrace266_d0ba3f3cf4f0f42e6087d3a6d3569fd4a3ba:event_022_parent_turn_22 skipping — predecessor failed
2026-10-02 04:33:48,239 - inference_perf.datagen.replay.replay_graph_session_datagen - INFO - Event wekatrace266_d0ba3f3cf4f0f42e6087d3a6d3569fd4a3ba:event_023_parent_turn_23 skipping — predecessor failed
2026-10-02 04:33:48,239 - inference_perf.datagen.replay.replay_graph_session_datagen - INFO - Event wekatrace266_d0ba3f3cf4f0f42e6087d3a6d3569fd4a3ba:event_024_parent_turn_24 skipping — predecessor failed
2026-10-02 04:33:48,239 - inference_perf.datagen.replay.replay_graph_session_datagen - INFO - Event wekatrace266_d0ba3f3cf4f0f42e6087d3a6d3569fd4a3ba:event_025_parent_turn_25 skipping — predecessor failed
2026-10-02 04:33:48,239 - inference_perf.datagen.replay.replay_graph_session_datagen - INFO - Event wekatrace266_d0ba3f3cf4f0f42e6087d3a6d3569fd4a3ba:event_026_parent_turn_26 skipping — predecessor failed
2026-10-02 04:33:48,239 - inference_perf.datagen.replay.replay_graph_session_datagen - INFO - Event wekatrace266_d0ba3f3cf4f0f42e6087d3a6d3569fd4a3ba:event_027_parent_turn_27 skipping — predecessor failed
2026-10-02 04:33:48,240 - inference_perf.datagen.replay.replay_graph_session_datagen - INFO - Event wekatrace266_d0ba3f3cf4f0f42e6087d3a6d3569fd4a3ba:event_028_parent_turn_28 skipping — predecessor failed
2026-10-02 04:33:48,240 - inference_perf.datagen.replay.replay_graph_session_datagen - INFO - Event wekatrace266_d0ba3f3cf4f0f42e6087d3a6d3569fd4a3ba:event_029_parent_turn_29 skipping — predecessor failed
2026-10-02 04:33:48,240 - inference_perf.datagen.replay.replay_graph_session_datagen - INFO - Event wekatrace266_d0ba3f3cf4f0f42e6087d3a6d3569fd4a3ba:event_030_parent_turn_30 skipping — predecessor failed
2026-10-02 04:33:48,240 - inference_perf.datagen.replay.replay_graph_session_datagen - INFO - Event wekatrace266_d0ba3f3cf4f0f42e6087d3a6d3569fd4a3ba:event_031_parent_turn_31 skipping — predecessor failed
2026-10-02 04:33:48,240 - inference_perf.datagen.replay.replay_graph_session_datagen - INFO - Event wekatrace266_d0ba3f3cf4f0f42e6087d3a6d3569fd4a3ba:event_032_parent_turn_32 skipping — predecessor failed
2026-10-02 04:33:48,240 - inference_perf.datagen.replay.replay_graph_session_datagen - INFO - Event wekatrace266_d0ba3f3cf4f0f42e6087d3a6d3569fd4a3ba:event_033_parent_turn_33 skipping — predecessor failed
2026-10-02 04:33:48,240 - inference_perf.datagen.replay.replay_graph_session_datagen - INFO - Event wekatrace266_d0ba3f3cf4f0f42e6087d3a6d3569fd4a3ba:event_034_parent_turn_34 skipping — predecessor failed
2026-10-02 04:33:48,240 - inference_perf.datagen.replay.replay_graph_session_datagen - INFO - Event wekatrace266_d0ba3f3cf4f0f42e6087d3a6d3569fd4a3ba:event_035_parent_turn_35 skipping — predecessor failed
2026-10-02 04:33:48,241 - inference_perf.datagen.replay.replay_graph_session_datagen - INFO - Event wekatrace266_d0ba3f3cf4f0f42e6087d3a6d3569fd4a3ba:event_036_parent_turn_36 skipping — predecessor failed
2026-10-02 04:33:48,241 - inference_perf.datagen.replay.replay_graph_session_datagen - INFO - Event wekatrace266_d0ba3f3cf4f0f42e6087d3a6d3569fd4a3ba:event_037_parent_turn_37 skipping — predecessor failed
2026-10-02 04:33:48,241 - inference_perf.datagen.replay.replay_graph_session_datagen - INFO - Event wekatrace266_d0ba3f3cf4f0f42e6087d3a6d3569fd4a3ba:event_038_parent_turn_38 skipping — predecessor failed
2026-10-02 04:33:48,241 - inference_perf.datagen.replay.replay_graph_session_datagen - INFO - Event wekatrace266_d0ba3f3cf4f0f42e6087d3a6d3569fd4a3ba:event_039_parent_turn_39 skipping — predecessor failed
2026-10-02 04:33:48,241 - inference_perf.datagen.replay.replay_graph_session_datagen - INFO - Event wekatrace266_d0ba3f3cf4f0f42e6087d3a6d3569fd4a3ba:event_040_parent_turn_40 skipping — predecessor failed
2026-10-02 04:33:48,241 - inference_perf.datagen.replay.replay_graph_session_datagen - INFO - Event wekatrace266_d0ba3f3cf4f0f42e6087d3a6d3569fd4a3ba:event_041_parent_turn_41 skipping — predecessor failed
2026-10-02 04:33:48,241 - inference_perf.datagen.replay.replay_graph_session_datagen - INFO - Dispatching session wekatrace325_f412405d4427e39c327dd9f228f49ba8ecd1: 20 events
2026-10-02 04:33:48,243 - inference_perf.datagen.replay.replay_graph_session_datagen - INFO - Event wekatrace266_d0ba3f3cf4f0f42e6087d3a6d3569fd4a3ba:event_042_parent_turn_42 skipping — predecessor failed
2026-10-02 04:33:48,244 - inference_perf.datagen.replay.replay_graph_session_datagen - INFO - Event wekatrace266_d0ba3f3cf4f0f42e6087d3a6d3569fd4a3ba:event_043_parent_turn_43 skipping — predecessor failed
2026-10-02 04:33:48,244 - inference_perf.datagen.replay.replay_graph_session_datagen - INFO - Event wekatrace266_d0ba3f3cf4f0f42e6087d3a6d3569fd4a3ba:event_044_parent_turn_44 skipping — predecessor failed
2026-10-02 04:33:48,244 - inference_perf.datagen.replay.replay_graph_session_datagen - INFO - Event wekatrace266_d0ba3f3cf4f0f42e6087d3a6d3569fd4a3ba:event_045_parent_turn_45 skipping — predecessor failed
2026-10-02 04:33:48,244 - inference_perf.datagen.replay.replay_graph_session_datagen - INFO - Event wekatrace266_d0ba3f3cf4f0f42e6087d3a6d3569fd4a3ba:event_046_parent_turn_46 skipping — predecessor failed
2026-10-02 04:33:48,244 - inference_perf.datagen.replay.replay_graph_session_datagen - INFO - Event wekatrace266_d0ba3f3cf4f0f42e6087d3a6d3569fd4a3ba:event_047_parent_turn_47 skipping — predecessor failed
2026-10-02 04:33:55,233 - inference_perf.datagen.replay.replay_graph_session_datagen - ERROR - Request failed for event wekatrace221_afd3f3a1ccdb67fcb1022499a9a507842fad:event_002_parent_turn_2: TimeoutError: 
2026-10-02 04:33:55,233 - inference_perf.datagen.replay.replay_graph_session_datagen - INFO - Session wekatrace221_afd3f3a1ccdb67fcb1022499a9a507842fad failure notification sent to main process (cancelled_events=29)
2026-10-02 04:33:55,234 - inference_perf.client.modelserver.openai_client - ERROR - 
Traceback (most recent call last):
  File "/workspace/.venv/lib/python3.12/site-packages/aiohttp/streams.py", line 365, in _wait
    await waiter
asyncio.exceptions.CancelledError

The above exception was the direct cause of the following exception:

Traceback (most recent call last):
  File "/workspace/inference_perf/apis/streaming_parser.py", line 84, in parse_sse_stream
    async for chunk in response.content.iter_any():
  File "/workspace/.venv/lib/python3.12/site-packages/aiohttp/streams.py", line 46, in __anext__
    rv = await self.read_func()
         ^^^^^^^^^^^^^^^^^^^^^^
  File "/workspace/.venv/lib/python3.12/site-packages/aiohttp/streams.py", line 460, in readany
    await self._wait("readany")
  File "/workspace/.venv/lib/python3.12/site-packages/aiohttp/streams.py", line 364, in _wait
    with self._timer:
         ^^^^^^^^^^^
  File "/workspace/.venv/lib/python3.12/site-packages/aiohttp/helpers.py", line 759, in __exit__
    raise asyncio.TimeoutError from exc_val
TimeoutError

The above exception was the direct cause of the following exception:

Traceback (most recent call last):
  File "/workspace/inference_perf/client/modelserver/openai_client.py", line 557, in process_request
    info = await data.process_response(
           ^^^^^^^^^^^^^^^^^^^^^^^^^^^^
  File "/workspace/inference_perf/datagen/replay/replay_graph_session_datagen.py", line 1039, in process_response
    text_content, chunk_times, raw_content, response_chunks, server_usage = await parse_sse_stream(
                                                                            ^^^^^^^^^^^^^^^^^^^^^^^
  File "/workspace/inference_perf/apis/streaming_parser.py", line 119, in parse_sse_stream
    raise StreamInterruptedError(e, raw_content.decode("utf-8", errors="ignore")) from e
inference_perf.apis.streaming_parser.StreamInterruptedError
2026-10-02 04:33:55,236 - inference_perf.datagen.replay.replay_graph_session_datagen - INFO - Event wekatrace221_afd3f3a1ccdb67fcb1022499a9a507842fad:event_003_parent_turn_3 skipping — predecessor failed
2026-10-02 04:33:55,236 - inference_perf.datagen.replay.replay_graph_session_datagen - INFO - Event wekatrace221_afd3f3a1ccdb67fcb1022499a9a507842fad:event_004_parent_turn_4 skipping — predecessor failed
2026-10-02 04:33:55,236 - inference_perf.datagen.replay.replay_graph_session_datagen - INFO - Event wekatrace221_afd3f3a1ccdb67fcb1022499a9a507842fad:event_005_parent_turn_5 skipping — predecessor failed
2026-10-02 04:33:55,237 - inference_perf.datagen.replay.replay_graph_session_datagen - INFO - Event wekatrace221_afd3f3a1ccdb67fcb1022499a9a507842fad:event_006_parent_turn_6 skipping — predecessor failed
2026-10-02 04:33:55,237 - inference_perf.datagen.replay.replay_graph_session_datagen - INFO - Event wekatrace221_afd3f3a1ccdb67fcb1022499a9a507842fad:event_007_parent_turn_7 skipping — predecessor failed
2026-10-02 04:33:55,237 - inference_perf.datagen.replay.replay_graph_session_datagen - INFO - Event wekatrace221_afd3f3a1ccdb67fcb1022499a9a507842fad:event_008_parent_turn_8 skipping — predecessor failed
2026-10-02 04:33:55,237 - inference_perf.datagen.replay.replay_graph_session_datagen - INFO - Event wekatrace221_afd3f3a1ccdb67fcb1022499a9a507842fad:event_009_parent_turn_9 skipping — predecessor failed
2026-10-02 04:33:55,237 - inference_perf.datagen.replay.replay_graph_session_datagen - INFO - Event wekatrace221_afd3f3a1ccdb67fcb1022499a9a507842fad:event_010_parent_turn_10 skipping — predecessor failed
2026-10-02 04:33:55,237 - inference_perf.datagen.replay.replay_graph_session_datagen - INFO - Event wekatrace221_afd3f3a1ccdb67fcb1022499a9a507842fad:event_011_parent_turn_11 skipping — predecessor failed
2026-10-02 04:33:55,237 - inference_perf.datagen.replay.replay_graph_session_datagen - INFO - Event wekatrace221_afd3f3a1ccdb67fcb1022499a9a507842fad:event_012_parent_turn_12 skipping — predecessor failed
2026-10-02 04:33:55,237 - inference_perf.datagen.replay.replay_graph_session_datagen - INFO - Event wekatrace221_afd3f3a1ccdb67fcb1022499a9a507842fad:event_013_parent_turn_13 skipping — predecessor failed
2026-10-02 04:33:55,238 - inference_perf.datagen.replay.replay_graph_session_datagen - INFO - Event wekatrace221_afd3f3a1ccdb67fcb1022499a9a507842fad:event_014_parent_turn_14 skipping — predecessor failed
2026-10-02 04:33:55,238 - inference_perf.datagen.replay.replay_graph_session_datagen - INFO - Event wekatrace221_afd3f3a1ccdb67fcb1022499a9a507842fad:event_015_parent_turn_15 skipping — predecessor failed
2026-10-02 04:33:55,238 - inference_perf.datagen.replay.replay_graph_session_datagen - INFO - Event wekatrace221_afd3f3a1ccdb67fcb1022499a9a507842fad:event_016_parent_turn_16 skipping — predecessor failed
2026-10-02 04:33:55,238 - inference_perf.datagen.replay.replay_graph_session_datagen - INFO - Event wekatrace221_afd3f3a1ccdb67fcb1022499a9a507842fad:event_017_parent_turn_17 skipping — predecessor failed
2026-10-02 04:33:55,238 - inference_perf.datagen.replay.replay_graph_session_datagen - INFO - Event wekatrace221_afd3f3a1ccdb67fcb1022499a9a507842fad:event_018_parent_turn_18 skipping — predecessor failed
2026-10-02 04:33:55,239 - inference_perf.datagen.replay.replay_graph_session_datagen - INFO - Event wekatrace221_afd3f3a1ccdb67fcb1022499a9a507842fad:event_019_parent_turn_19 skipping — predecessor failed
2026-10-02 04:33:55,239 - inference_perf.datagen.replay.replay_graph_session_datagen - INFO - Event wekatrace221_afd3f3a1ccdb67fcb1022499a9a507842fad:event_020_parent_turn_20 skipping — predecessor failed
2026-10-02 04:33:55,239 - inference_perf.datagen.replay.replay_graph_session_datagen - INFO - Event wekatrace221_afd3f3a1ccdb67fcb1022499a9a507842fad:event_021_parent_turn_21 skipping — predecessor failed
2026-10-02 04:33:55,239 - inference_perf.datagen.replay.replay_graph_session_datagen - INFO - Event wekatrace221_afd3f3a1ccdb67fcb1022499a9a507842fad:event_022_parent_turn_22 skipping — predecessor failed
2026-10-02 04:33:55,239 - inference_perf.datagen.replay.replay_graph_session_datagen - INFO - Event wekatrace221_afd3f3a1ccdb67fcb1022499a9a507842fad:event_023_parent_turn_23 skipping — predecessor failed
2026-10-02 04:33:55,239 - inference_perf.datagen.replay.replay_graph_session_datagen - INFO - Event wekatrace221_afd3f3a1ccdb67fcb1022499a9a507842fad:event_024_parent_turn_24 skipping — predecessor failed
2026-10-02 04:33:55,239 - inference_perf.datagen.replay.replay_graph_session_datagen - INFO - Event wekatrace221_afd3f3a1ccdb67fcb1022499a9a507842fad:event_025_parent_turn_25 skipping — predecessor failed
2026-10-02 04:33:55,240 - inference_perf.datagen.replay.replay_graph_session_datagen - INFO - Event wekatrace221_afd3f3a1ccdb67fcb1022499a9a507842fad:event_026_parent_turn_26 skipping — predecessor failed
2026-10-02 04:33:55,240 - inference_perf.datagen.replay.replay_graph_session_datagen - INFO - Event wekatrace221_afd3f3a1ccdb67fcb1022499a9a507842fad:event_027_parent_turn_27 skipping — predecessor failed
2026-10-02 04:33:55,240 - inference_perf.datagen.replay.replay_graph_session_datagen - INFO - Event wekatrace221_afd3f3a1ccdb67fcb1022499a9a507842fad:event_028_parent_turn_28 skipping — predecessor failed
2026-10-02 04:33:55,240 - inference_perf.datagen.replay.replay_graph_session_datagen - INFO - Event wekatrace221_afd3f3a1ccdb67fcb1022499a9a507842fad:event_029_parent_turn_29 skipping — predecessor failed
2026-10-02 04:33:55,240 - inference_perf.datagen.replay.replay_graph_session_datagen - INFO - Event wekatrace221_afd3f3a1ccdb67fcb1022499a9a507842fad:event_030_parent_turn_30 skipping — predecessor failed
2026-10-02 04:33:55,240 - inference_perf.datagen.replay.replay_graph_session_datagen - INFO - Event wekatrace221_afd3f3a1ccdb67fcb1022499a9a507842fad:event_031_parent_turn_31 skipping — predecessor failed
2026-10-02 04:33:55,251 - inference_perf.datagen.replay.replay_graph_session_datagen - INFO - Dispatching session wekatrace7_06385769df23204ac35c53ad431cf42f7c02: 20 events
2026-10-02 04:34:13,233 - inference_perf.datagen.replay.replay_graph_session_datagen - ERROR - Request failed for event wekatrace205_a8579208ea25d6f401207257139b163ec48d:event_002_parent_turn_2: TimeoutError: 
2026-10-02 04:34:13,233 - inference_perf.datagen.replay.replay_graph_session_datagen - INFO - Session wekatrace205_a8579208ea25d6f401207257139b163ec48d failure notification sent to main process (cancelled_events=97)
2026-10-02 04:34:13,233 - inference_perf.client.modelserver.openai_client - ERROR - 
Traceback (most recent call last):
  File "/workspace/.venv/lib/python3.12/site-packages/aiohttp/streams.py", line 365, in _wait
    await waiter
asyncio.exceptions.CancelledError

The above exception was the direct cause of the following exception:

Traceback (most recent call last):
  File "/workspace/inference_perf/apis/streaming_parser.py", line 84, in parse_sse_stream
    async for chunk in response.content.iter_any():
  File "/workspace/.venv/lib/python3.12/site-packages/aiohttp/streams.py", line 46, in __anext__
    rv = await self.read_func()
         ^^^^^^^^^^^^^^^^^^^^^^
  File "/workspace/.venv/lib/python3.12/site-packages/aiohttp/streams.py", line 460, in readany
    await self._wait("readany")
  File "/workspace/.venv/lib/python3.12/site-packages/aiohttp/streams.py", line 364, in _wait
    with self._timer:
         ^^^^^^^^^^^
  File "/workspace/.venv/lib/python3.12/site-packages/aiohttp/helpers.py", line 759, in __exit__
    raise asyncio.TimeoutError from exc_val
TimeoutError

The above exception was the direct cause of the following exception:

Traceback (most recent call last):
  File "/workspace/inference_perf/client/modelserver/openai_client.py", line 557, in process_request
    info = await data.process_response(
           ^^^^^^^^^^^^^^^^^^^^^^^^^^^^
  File "/workspace/inference_perf/datagen/replay/replay_graph_session_datagen.py", line 1039, in process_response
    text_content, chunk_times, raw_content, response_chunks, server_usage = await parse_sse_stream(
                                                                            ^^^^^^^^^^^^^^^^^^^^^^^
  File "/workspace/inference_perf/apis/streaming_parser.py", line 119, in parse_sse_stream
    raise StreamInterruptedError(e, raw_content.decode("utf-8", errors="ignore")) from e
inference_perf.apis.streaming_parser.StreamInterruptedError
2026-10-02 04:34:13,236 - inference_perf.datagen.replay.replay_graph_session_datagen - INFO - Event wekatrace205_a8579208ea25d6f401207257139b163ec48d:event_003_parent_turn_3 skipping — predecessor failed
2026-10-02 04:34:13,236 - inference_perf.datagen.replay.replay_graph_session_datagen - INFO - Event wekatrace205_a8579208ea25d6f401207257139b163ec48d:event_004_parent_turn_4 skipping — predecessor failed
2026-10-02 04:34:13,236 - inference_perf.datagen.replay.replay_graph_session_datagen - INFO - Event wekatrace205_a8579208ea25d6f401207257139b163ec48d:event_005_parent_turn_5 skipping — predecessor failed
2026-10-02 04:34:13,236 - inference_perf.datagen.replay.replay_graph_session_datagen - INFO - Event wekatrace205_a8579208ea25d6f401207257139b163ec48d:event_006_parent_turn_6 skipping — predecessor failed
2026-10-02 04:34:13,236 - inference_perf.datagen.replay.replay_graph_session_datagen - INFO - Event wekatrace205_a8579208ea25d6f401207257139b163ec48d:event_007_parent_turn_7 skipping — predecessor failed
2026-10-02 04:34:13,236 - inference_perf.datagen.replay.replay_graph_session_datagen - INFO - Event wekatrace205_a8579208ea25d6f401207257139b163ec48d:event_008_parent_turn_8 skipping — predecessor failed
2026-10-02 04:34:13,236 - inference_perf.datagen.replay.replay_graph_session_datagen - INFO - Event wekatrace205_a8579208ea25d6f401207257139b163ec48d:event_009_parent_turn_9 skipping — predecessor failed
2026-10-02 04:34:13,236 - inference_perf.datagen.replay.replay_graph_session_datagen - INFO - Event wekatrace205_a8579208ea25d6f401207257139b163ec48d:event_010_parent_turn_10 skipping — predecessor failed
2026-10-02 04:34:13,236 - inference_perf.datagen.replay.replay_graph_session_datagen - INFO - Event wekatrace205_a8579208ea25d6f401207257139b163ec48d:event_011_parent_turn_11 skipping — predecessor failed
2026-10-02 04:34:13,237 - inference_perf.datagen.replay.replay_graph_session_datagen - INFO - Event wekatrace205_a8579208ea25d6f401207257139b163ec48d:event_012_parent_turn_12 skipping — predecessor failed
2026-10-02 04:34:13,237 - inference_perf.datagen.replay.replay_graph_session_datagen - INFO - Event wekatrace205_a8579208ea25d6f401207257139b163ec48d:event_013_parent_turn_13 skipping — predecessor failed
2026-10-02 04:34:13,237 - inference_perf.datagen.replay.replay_graph_session_datagen - INFO - Event wekatrace205_a8579208ea25d6f401207257139b163ec48d:event_014_parent_turn_14 skipping — predecessor failed
2026-10-02 04:34:13,237 - inference_perf.datagen.replay.replay_graph_session_datagen - INFO - Event wekatrace205_a8579208ea25d6f401207257139b163ec48d:event_015_parent_turn_15 skipping — predecessor failed
2026-10-02 04:34:13,237 - inference_perf.datagen.replay.replay_graph_session_datagen - INFO - Event wekatrace205_a8579208ea25d6f401207257139b163ec48d:event_016_parent_turn_16 skipping — predecessor failed
2026-10-02 04:34:13,237 - inference_perf.datagen.replay.replay_graph_session_datagen - INFO - Event wekatrace205_a8579208ea25d6f401207257139b163ec48d:event_017_parent_turn_17 skipping — predecessor failed
2026-10-02 04:34:13,237 - inference_perf.datagen.replay.replay_graph_session_datagen - INFO - Event wekatrace205_a8579208ea25d6f401207257139b163ec48d:event_018_parent_turn_18 skipping — predecessor failed
2026-10-02 04:34:13,237 - inference_perf.datagen.replay.replay_graph_session_datagen - INFO - Event wekatrace205_a8579208ea25d6f401207257139b163ec48d:event_019_parent_turn_19 skipping — predecessor failed
2026-10-02 04:34:13,238 - inference_perf.datagen.replay.replay_graph_session_datagen - INFO - Event wekatrace205_a8579208ea25d6f401207257139b163ec48d:event_020_parent_turn_20 skipping — predecessor failed
2026-10-02 04:34:13,238 - inference_perf.datagen.replay.replay_graph_session_datagen - INFO - Event wekatrace205_a8579208ea25d6f401207257139b163ec48d:event_021_parent_turn_21 skipping — predecessor failed
2026-10-02 04:34:13,238 - inference_perf.datagen.replay.replay_graph_session_datagen - INFO - Event wekatrace205_a8579208ea25d6f401207257139b163ec48d:event_022_parent_turn_22 skipping — predecessor failed
2026-10-02 04:34:13,238 - inference_perf.datagen.replay.replay_graph_session_datagen - INFO - Event wekatrace205_a8579208ea25d6f401207257139b163ec48d:event_023_parent_turn_23 skipping — predecessor failed
2026-10-02 04:34:13,238 - inference_perf.datagen.replay.replay_graph_session_datagen - INFO - Event wekatrace205_a8579208ea25d6f401207257139b163ec48d:event_024_parent_turn_24 skipping — predecessor failed
2026-10-02 04:34:13,239 - inference_perf.datagen.replay.replay_graph_session_datagen - INFO - Event wekatrace205_a8579208ea25d6f401207257139b163ec48d:event_025_parent_turn_25 skipping — predecessor failed
2026-10-02 04:34:13,239 - inference_perf.datagen.replay.replay_graph_session_datagen - INFO - Event wekatrace205_a8579208ea25d6f401207257139b163ec48d:event_026_parent_turn_26 skipping — predecessor failed
2026-10-02 04:34:13,239 - inference_perf.datagen.replay.replay_graph_session_datagen - INFO - Event wekatrace205_a8579208ea25d6f401207257139b163ec48d:event_027_parent_turn_27 skipping — predecessor failed
2026-10-02 04:34:13,239 - inference_perf.datagen.replay.replay_graph_session_datagen - INFO - Event wekatrace205_a8579208ea25d6f401207257139b163ec48d:event_028_parent_turn_28 skipping — predecessor failed
2026-10-02 04:34:13,239 - inference_perf.datagen.replay.replay_graph_session_datagen - INFO - Event wekatrace205_a8579208ea25d6f401207257139b163ec48d:event_029_parent_turn_29 skipping — predecessor failed
2026-10-02 04:34:13,239 - inference_perf.datagen.replay.replay_graph_session_datagen - INFO - Event wekatrace205_a8579208ea25d6f401207257139b163ec48d:event_030_parent_turn_30 skipping — predecessor failed
2026-10-02 04:34:13,240 - inference_perf.datagen.replay.replay_graph_session_datagen - INFO - Event wekatrace205_a8579208ea25d6f401207257139b163ec48d:event_031_parent_turn_31 skipping — predecessor failed
2026-10-02 04:34:13,240 - inference_perf.datagen.replay.replay_graph_session_datagen - INFO - Event wekatrace205_a8579208ea25d6f401207257139b163ec48d:event_032_parent_turn_32 skipping — predecessor failed
2026-10-02 04:34:13,240 - inference_perf.datagen.replay.replay_graph_session_datagen - INFO - Event wekatrace205_a8579208ea25d6f401207257139b163ec48d:event_033_parent_turn_33 skipping — predecessor failed
2026-10-02 04:34:13,240 - inference_perf.datagen.replay.replay_graph_session_datagen - INFO - Event wekatrace205_a8579208ea25d6f401207257139b163ec48d:event_034_parent_turn_34 skipping — predecessor failed
2026-10-02 04:34:13,240 - inference_perf.datagen.replay.replay_graph_session_datagen - INFO - Event wekatrace205_a8579208ea25d6f401207257139b163ec48d:event_035_parent_turn_35 skipping — predecessor failed
2026-10-02 04:34:13,240 - inference_perf.datagen.replay.replay_graph_session_datagen - INFO - Event wekatrace205_a8579208ea25d6f401207257139b163ec48d:event_036_parent_turn_36 skipping — predecessor failed
2026-10-02 04:34:13,240 - inference_perf.datagen.replay.replay_graph_session_datagen - INFO - Event wekatrace205_a8579208ea25d6f401207257139b163ec48d:event_037_parent_turn_37 skipping — predecessor failed
2026-10-02 04:34:13,240 - inference_perf.datagen.replay.replay_graph_session_datagen - INFO - Event wekatrace205_a8579208ea25d6f401207257139b163ec48d:event_038_parent_turn_38 skipping — predecessor failed
2026-10-02 04:34:13,240 - inference_perf.datagen.replay.replay_graph_session_datagen - INFO - Event wekatrace205_a8579208ea25d6f401207257139b163ec48d:event_039_parent_turn_39 skipping — predecessor failed
2026-10-02 04:34:13,241 - inference_perf.datagen.replay.replay_graph_session_datagen - INFO - Event wekatrace205_a8579208ea25d6f401207257139b163ec48d:event_040_parent_turn_40 skipping — predecessor failed
2026-10-02 04:34:13,241 - inference_perf.datagen.replay.replay_graph_session_datagen - INFO - Event wekatrace205_a8579208ea25d6f401207257139b163ec48d:event_041_parent_turn_41 skipping — predecessor failed
2026-10-02 04:34:13,241 - inference_perf.datagen.replay.replay_graph_session_datagen - INFO - Event wekatrace205_a8579208ea25d6f401207257139b163ec48d:event_042_parent_turn_42 skipping — predecessor failed
2026-10-02 04:34:13,241 - inference_perf.datagen.replay.replay_graph_session_datagen - INFO - Event wekatrace205_a8579208ea25d6f401207257139b163ec48d:event_043_parent_turn_43 skipping — predecessor failed
2026-10-02 04:34:13,241 - inference_perf.datagen.replay.replay_graph_session_datagen - INFO - Event wekatrace205_a8579208ea25d6f401207257139b163ec48d:event_044_parent_turn_44 skipping — predecessor failed
2026-10-02 04:34:13,241 - inference_perf.datagen.replay.replay_graph_session_datagen - INFO - Event wekatrace205_a8579208ea25d6f401207257139b163ec48d:event_045_parent_turn_45 skipping — predecessor failed
2026-10-02 04:34:13,241 - inference_perf.datagen.replay.replay_graph_session_datagen - INFO - Event wekatrace205_a8579208ea25d6f401207257139b163ec48d:event_046_parent_turn_46 skipping — predecessor failed
2026-10-02 04:34:13,241 - inference_perf.datagen.replay.replay_graph_session_datagen - INFO - Event wekatrace205_a8579208ea25d6f401207257139b163ec48d:event_047_parent_turn_47 skipping — predecessor failed
2026-10-02 04:34:13,242 - inference_perf.datagen.replay.replay_graph_session_datagen - INFO - Event wekatrace205_a8579208ea25d6f401207257139b163ec48d:event_048_parent_turn_48 skipping — predecessor failed
2026-10-02 04:34:13,242 - inference_perf.datagen.replay.replay_graph_session_datagen - INFO - Event wekatrace205_a8579208ea25d6f401207257139b163ec48d:event_049_parent_turn_49 skipping — predecessor failed
2026-10-02 04:34:13,242 - inference_perf.datagen.replay.replay_graph_session_datagen - INFO - Event wekatrace205_a8579208ea25d6f401207257139b163ec48d:event_050_parent_turn_50 skipping — predecessor failed
2026-10-02 04:34:13,242 - inference_perf.datagen.replay.replay_graph_session_datagen - INFO - Event wekatrace205_a8579208ea25d6f401207257139b163ec48d:event_051_parent_turn_51 skipping — predecessor failed
2026-10-02 04:34:13,242 - inference_perf.datagen.replay.replay_graph_session_datagen - INFO - Event wekatrace205_a8579208ea25d6f401207257139b163ec48d:event_052_parent_turn_52 skipping — predecessor failed
2026-10-02 04:34:13,242 - inference_perf.datagen.replay.replay_graph_session_datagen - INFO - Event wekatrace205_a8579208ea25d6f401207257139b163ec48d:event_053_parent_turn_53 skipping — predecessor failed
2026-10-02 04:34:13,242 - inference_perf.datagen.replay.replay_graph_session_datagen - INFO - Event wekatrace205_a8579208ea25d6f401207257139b163ec48d:event_054_parent_turn_54 skipping — predecessor failed
2026-10-02 04:34:13,242 - inference_perf.datagen.replay.replay_graph_session_datagen - INFO - Event wekatrace205_a8579208ea25d6f401207257139b163ec48d:event_055_parent_turn_55 skipping — predecessor failed
2026-10-02 04:34:13,242 - inference_perf.datagen.replay.replay_graph_session_datagen - INFO - Event wekatrace205_a8579208ea25d6f401207257139b163ec48d:event_056_parent_turn_56 skipping — predecessor failed
2026-10-02 04:34:13,243 - inference_perf.datagen.replay.replay_graph_session_datagen - INFO - Event wekatrace205_a8579208ea25d6f401207257139b163ec48d:event_057_parent_turn_57 skipping — predecessor failed
2026-10-02 04:34:13,243 - inference_perf.datagen.replay.replay_graph_session_datagen - INFO - Event wekatrace205_a8579208ea25d6f401207257139b163ec48d:event_058_parent_turn_58 skipping — predecessor failed
2026-10-02 04:34:13,243 - inference_perf.datagen.replay.replay_graph_session_datagen - INFO - Event wekatrace205_a8579208ea25d6f401207257139b163ec48d:event_059_parent_turn_59 skipping — predecessor failed
2026-10-02 04:34:13,243 - inference_perf.datagen.replay.replay_graph_session_datagen - INFO - Event wekatrace205_a8579208ea25d6f401207257139b163ec48d:event_060_parent_turn_60 skipping — predecessor failed
2026-10-02 04:34:13,243 - inference_perf.datagen.replay.replay_graph_session_datagen - INFO - Event wekatrace205_a8579208ea25d6f401207257139b163ec48d:event_061_parent_turn_61 skipping — predecessor failed
2026-10-02 04:34:13,243 - inference_perf.datagen.replay.replay_graph_session_datagen - INFO - Event wekatrace205_a8579208ea25d6f401207257139b163ec48d:event_062_parent_turn_62 skipping — predecessor failed
2026-10-02 04:34:13,244 - inference_perf.datagen.replay.replay_graph_session_datagen - INFO - Event wekatrace205_a8579208ea25d6f401207257139b163ec48d:event_063_parent_turn_63 skipping — predecessor failed
2026-10-02 04:34:13,244 - inference_perf.datagen.replay.replay_graph_session_datagen - INFO - Event wekatrace205_a8579208ea25d6f401207257139b163ec48d:event_064_parent_turn_64 skipping — predecessor failed
2026-10-02 04:34:13,244 - inference_perf.datagen.replay.replay_graph_session_datagen - INFO - Event wekatrace205_a8579208ea25d6f401207257139b163ec48d:event_065_parent_turn_65 skipping — predecessor failed
2026-10-02 04:34:13,244 - inference_perf.datagen.replay.replay_graph_session_datagen - INFO - Event wekatrace205_a8579208ea25d6f401207257139b163ec48d:event_066_parent_turn_66 skipping — predecessor failed
2026-10-02 04:34:13,244 - inference_perf.datagen.replay.replay_graph_session_datagen - INFO - Event wekatrace205_a8579208ea25d6f401207257139b163ec48d:event_067_parent_turn_67 skipping — predecessor failed
2026-10-02 04:34:13,244 - inference_perf.datagen.replay.replay_graph_session_datagen - INFO - Event wekatrace205_a8579208ea25d6f401207257139b163ec48d:event_068_parent_turn_68 skipping — predecessor failed
2026-10-02 04:34:13,244 - inference_perf.datagen.replay.replay_graph_session_datagen - INFO - Event wekatrace205_a8579208ea25d6f401207257139b163ec48d:event_069_parent_turn_69 skipping — predecessor failed
2026-10-02 04:34:13,244 - inference_perf.datagen.replay.replay_graph_session_datagen - INFO - Event wekatrace205_a8579208ea25d6f401207257139b163ec48d:event_070_parent_turn_70 skipping — predecessor failed
2026-10-02 04:34:13,245 - inference_perf.datagen.replay.replay_graph_session_datagen - INFO - Event wekatrace205_a8579208ea25d6f401207257139b163ec48d:event_071_parent_turn_71 skipping — predecessor failed
2026-10-02 04:34:13,245 - inference_perf.datagen.replay.replay_graph_session_datagen - INFO - Event wekatrace205_a8579208ea25d6f401207257139b163ec48d:event_072_parent_turn_72 skipping — predecessor failed
2026-10-02 04:34:13,245 - inference_perf.datagen.replay.replay_graph_session_datagen - INFO - Event wekatrace205_a8579208ea25d6f401207257139b163ec48d:event_073_parent_turn_73 skipping — predecessor failed
2026-10-02 04:34:13,245 - inference_perf.datagen.replay.replay_graph_session_datagen - INFO - Event wekatrace205_a8579208ea25d6f401207257139b163ec48d:event_074_parent_turn_74 skipping — predecessor failed
2026-10-02 04:34:13,245 - inference_perf.datagen.replay.replay_graph_session_datagen - INFO - Event wekatrace205_a8579208ea25d6f401207257139b163ec48d:event_075_parent_turn_75 skipping — predecessor failed
2026-10-02 04:34:13,245 - inference_perf.datagen.replay.replay_graph_session_datagen - INFO - Event wekatrace205_a8579208ea25d6f401207257139b163ec48d:event_076_parent_turn_76 skipping — predecessor failed
2026-10-02 04:34:13,245 - inference_perf.datagen.replay.replay_graph_session_datagen - INFO - Event wekatrace205_a8579208ea25d6f401207257139b163ec48d:event_077_parent_turn_77 skipping — predecessor failed
2026-10-02 04:34:13,245 - inference_perf.datagen.replay.replay_graph_session_datagen - INFO - Event wekatrace205_a8579208ea25d6f401207257139b163ec48d:event_078_parent_turn_78 skipping — predecessor failed
2026-10-02 04:34:13,246 - inference_perf.datagen.replay.replay_graph_session_datagen - INFO - Event wekatrace205_a8579208ea25d6f401207257139b163ec48d:event_079_parent_turn_79 skipping — predecessor failed
2026-10-02 04:34:13,246 - inference_perf.datagen.replay.replay_graph_session_datagen - INFO - Event wekatrace205_a8579208ea25d6f401207257139b163ec48d:event_080_parent_turn_80 skipping — predecessor failed
2026-10-02 04:34:13,246 - inference_perf.datagen.replay.replay_graph_session_datagen - INFO - Event wekatrace205_a8579208ea25d6f401207257139b163ec48d:event_081_parent_turn_81 skipping — predecessor failed
2026-10-02 04:34:13,246 - inference_perf.datagen.replay.replay_graph_session_datagen - INFO - Event wekatrace205_a8579208ea25d6f401207257139b163ec48d:event_082_parent_turn_82 skipping — predecessor failed
2026-10-02 04:34:13,246 - inference_perf.datagen.replay.replay_graph_session_datagen - INFO - Event wekatrace205_a8579208ea25d6f401207257139b163ec48d:event_083_parent_turn_83 skipping — predecessor failed
2026-10-02 04:34:13,246 - inference_perf.datagen.replay.replay_graph_session_datagen - INFO - Event wekatrace205_a8579208ea25d6f401207257139b163ec48d:event_084_parent_turn_84 skipping — predecessor failed
2026-10-02 04:34:13,246 - inference_perf.datagen.replay.replay_graph_session_datagen - INFO - Event wekatrace205_a8579208ea25d6f401207257139b163ec48d:event_085_parent_turn_85 skipping — predecessor failed
2026-10-02 04:34:13,247 - inference_perf.datagen.replay.replay_graph_session_datagen - INFO - Event wekatrace205_a8579208ea25d6f401207257139b163ec48d:event_086_parent_turn_86 skipping — predecessor failed
2026-10-02 04:34:13,247 - inference_perf.datagen.replay.replay_graph_session_datagen - INFO - Event wekatrace205_a8579208ea25d6f401207257139b163ec48d:event_087_parent_turn_87 skipping — predecessor failed
2026-10-02 04:34:13,247 - inference_perf.datagen.replay.replay_graph_session_datagen - INFO - Event wekatrace205_a8579208ea25d6f401207257139b163ec48d:event_088_parent_turn_88 skipping — predecessor failed
2026-10-02 04:34:13,247 - inference_perf.datagen.replay.replay_graph_session_datagen - INFO - Event wekatrace205_a8579208ea25d6f401207257139b163ec48d:event_089_parent_turn_89 skipping — predecessor failed
2026-10-02 04:34:13,247 - inference_perf.datagen.replay.replay_graph_session_datagen - INFO - Event wekatrace205_a8579208ea25d6f401207257139b163ec48d:event_090_parent_turn_90 skipping — predecessor failed
2026-10-02 04:34:13,247 - inference_perf.datagen.replay.replay_graph_session_datagen - INFO - Event wekatrace205_a8579208ea25d6f401207257139b163ec48d:event_091_parent_turn_91 skipping — predecessor failed
2026-10-02 04:34:13,248 - inference_perf.datagen.replay.replay_graph_session_datagen - INFO - Event wekatrace205_a8579208ea25d6f401207257139b163ec48d:event_092_parent_turn_92 skipping — predecessor failed
2026-10-02 04:34:13,248 - inference_perf.datagen.replay.replay_graph_session_datagen - INFO - Event wekatrace205_a8579208ea25d6f401207257139b163ec48d:event_093_parent_turn_93 skipping — predecessor failed
2026-10-02 04:34:13,248 - inference_perf.datagen.replay.replay_graph_session_datagen - INFO - Event wekatrace205_a8579208ea25d6f401207257139b163ec48d:event_094_parent_turn_94 skipping — predecessor failed
2026-10-02 04:34:13,248 - inference_perf.datagen.replay.replay_graph_session_datagen - INFO - Event wekatrace205_a8579208ea25d6f401207257139b163ec48d:event_095_parent_turn_95 skipping — predecessor failed
2026-10-02 04:34:13,248 - inference_perf.datagen.replay.replay_graph_session_datagen - INFO - Event wekatrace205_a8579208ea25d6f401207257139b163ec48d:event_096_parent_turn_96 skipping — predecessor failed
2026-10-02 04:34:13,248 - inference_perf.datagen.replay.replay_graph_session_datagen - INFO - Event wekatrace205_a8579208ea25d6f401207257139b163ec48d:event_097_parent_turn_97 skipping — predecessor failed
2026-10-02 04:34:13,248 - inference_perf.datagen.replay.replay_graph_session_datagen - INFO - Event wekatrace205_a8579208ea25d6f401207257139b163ec48d:event_098_parent_turn_98 skipping — predecessor failed
2026-10-02 04:34:13,248 - inference_perf.datagen.replay.replay_graph_session_datagen - INFO - Event wekatrace205_a8579208ea25d6f401207257139b163ec48d:event_099_parent_turn_99 skipping — predecessor failed
2026-10-02 04:34:13,262 - inference_perf.datagen.replay.replay_graph_session_datagen - INFO - Dispatching session wekatrace271_d2308c65d14d00591cd2208354d382e1d7f9: 98 events
2026-10-02 04:34:16,233 - inference_perf.datagen.replay.replay_graph_session_datagen - ERROR - Request failed for event wekatrace331_f81ed47b5437c65860a614f86695c35ba363:event_003_parent_turn_3: TimeoutError: 
2026-10-02 04:34:16,235 - inference_perf.datagen.replay.replay_graph_session_datagen - INFO - Session wekatrace331_f81ed47b5437c65860a614f86695c35ba363 failure notification sent to main process (cancelled_events=23)
2026-10-02 04:34:16,235 - inference_perf.client.modelserver.openai_client - ERROR - 
Traceback (most recent call last):
  File "/workspace/.venv/lib/python3.12/site-packages/aiohttp/streams.py", line 365, in _wait
    await waiter
asyncio.exceptions.CancelledError

The above exception was the direct cause of the following exception:

Traceback (most recent call last):
  File "/workspace/inference_perf/apis/streaming_parser.py", line 84, in parse_sse_stream
    async for chunk in response.content.iter_any():
  File "/workspace/.venv/lib/python3.12/site-packages/aiohttp/streams.py", line 46, in __anext__
    rv = await self.read_func()
         ^^^^^^^^^^^^^^^^^^^^^^
  File "/workspace/.venv/lib/python3.12/site-packages/aiohttp/streams.py", line 460, in readany
    await self._wait("readany")
  File "/workspace/.venv/lib/python3.12/site-packages/aiohttp/streams.py", line 364, in _wait
    with self._timer:
         ^^^^^^^^^^^
  File "/workspace/.venv/lib/python3.12/site-packages/aiohttp/helpers.py", line 759, in __exit__
    raise asyncio.TimeoutError from exc_val
TimeoutError

The above exception was the direct cause of the following exception:

Traceback (most recent call last):
  File "/workspace/inference_perf/client/modelserver/openai_client.py", line 557, in process_request
    info = await data.process_response(
           ^^^^^^^^^^^^^^^^^^^^^^^^^^^^
  File "/workspace/inference_perf/datagen/replay/replay_graph_session_datagen.py", line 1039, in process_response
    text_content, chunk_times, raw_content, response_chunks, server_usage = await parse_sse_stream(
                                                                            ^^^^^^^^^^^^^^^^^^^^^^^
  File "/workspace/inference_perf/apis/streaming_parser.py", line 119, in parse_sse_stream
    raise StreamInterruptedError(e, raw_content.decode("utf-8", errors="ignore")) from e
inference_perf.apis.streaming_parser.StreamInterruptedError
2026-10-02 04:34:16,242 - inference_perf.datagen.replay.replay_graph_session_datagen - INFO - Event wekatrace331_f81ed47b5437c65860a614f86695c35ba363:event_004_parent_turn_4 skipping — predecessor failed
2026-10-02 04:34:16,242 - inference_perf.datagen.replay.replay_graph_session_datagen - INFO - Event wekatrace331_f81ed47b5437c65860a614f86695c35ba363:event_005_parent_turn_5 skipping — predecessor failed
2026-10-02 04:34:16,242 - inference_perf.datagen.replay.replay_graph_session_datagen - INFO - Event wekatrace331_f81ed47b5437c65860a614f86695c35ba363:event_006_parent_turn_6 skipping — predecessor failed
2026-10-02 04:34:16,242 - inference_perf.datagen.replay.replay_graph_session_datagen - INFO - Event wekatrace331_f81ed47b5437c65860a614f86695c35ba363:event_007_parent_turn_7 skipping — predecessor failed
2026-10-02 04:34:16,243 - inference_perf.datagen.replay.replay_graph_session_datagen - INFO - Event wekatrace331_f81ed47b5437c65860a614f86695c35ba363:event_008_parent_turn_8 skipping — predecessor failed
2026-10-02 04:34:16,243 - inference_perf.datagen.replay.replay_graph_session_datagen - INFO - Event wekatrace331_f81ed47b5437c65860a614f86695c35ba363:event_009_parent_turn_9 skipping — predecessor failed
2026-10-02 04:34:16,243 - inference_perf.datagen.replay.replay_graph_session_datagen - INFO - Event wekatrace331_f81ed47b5437c65860a614f86695c35ba363:event_010_parent_turn_10 skipping — predecessor failed
2026-10-02 04:34:16,243 - inference_perf.datagen.replay.replay_graph_session_datagen - INFO - Event wekatrace331_f81ed47b5437c65860a614f86695c35ba363:event_011_parent_turn_11 skipping — predecessor failed
2026-10-02 04:34:16,243 - inference_perf.datagen.replay.replay_graph_session_datagen - INFO - Event wekatrace331_f81ed47b5437c65860a614f86695c35ba363:event_012_parent_turn_12 skipping — predecessor failed
2026-10-02 04:34:16,243 - inference_perf.datagen.replay.replay_graph_session_datagen - INFO - Event wekatrace331_f81ed47b5437c65860a614f86695c35ba363:event_013_parent_turn_13 skipping — predecessor failed
2026-10-02 04:34:16,243 - inference_perf.datagen.replay.replay_graph_session_datagen - INFO - Event wekatrace331_f81ed47b5437c65860a614f86695c35ba363:event_014_parent_turn_14 skipping — predecessor failed
2026-10-02 04:34:16,243 - inference_perf.datagen.replay.replay_graph_session_datagen - INFO - Event wekatrace331_f81ed47b5437c65860a614f86695c35ba363:event_015_parent_turn_15 skipping — predecessor failed
2026-10-02 04:34:16,243 - inference_perf.datagen.replay.replay_graph_session_datagen - INFO - Event wekatrace331_f81ed47b5437c65860a614f86695c35ba363:event_016_parent_turn_16 skipping — predecessor failed
2026-10-02 04:34:16,244 - inference_perf.datagen.replay.replay_graph_session_datagen - INFO - Event wekatrace331_f81ed47b5437c65860a614f86695c35ba363:event_017_parent_turn_17 skipping — predecessor failed
2026-10-02 04:34:16,244 - inference_perf.datagen.replay.replay_graph_session_datagen - INFO - Event wekatrace331_f81ed47b5437c65860a614f86695c35ba363:event_018_parent_turn_18 skipping — predecessor failed
2026-10-02 04:34:16,244 - inference_perf.datagen.replay.replay_graph_session_datagen - INFO - Event wekatrace331_f81ed47b5437c65860a614f86695c35ba363:event_019_parent_turn_19 skipping — predecessor failed
2026-10-02 04:34:16,244 - inference_perf.datagen.replay.replay_graph_session_datagen - INFO - Event wekatrace331_f81ed47b5437c65860a614f86695c35ba363:event_020_parent_turn_20 skipping — predecessor failed
2026-10-02 04:34:16,244 - inference_perf.datagen.replay.replay_graph_session_datagen - INFO - Event wekatrace331_f81ed47b5437c65860a614f86695c35ba363:event_021_parent_turn_21 skipping — predecessor failed
2026-10-02 04:34:16,244 - inference_perf.datagen.replay.replay_graph_session_datagen - INFO - Event wekatrace331_f81ed47b5437c65860a614f86695c35ba363:event_022_parent_turn_22 skipping — predecessor failed
2026-10-02 04:34:16,244 - inference_perf.datagen.replay.replay_graph_session_datagen - INFO - Event wekatrace331_f81ed47b5437c65860a614f86695c35ba363:event_023_parent_turn_23 skipping — predecessor failed
2026-10-02 04:34:16,244 - inference_perf.datagen.replay.replay_graph_session_datagen - INFO - Event wekatrace331_f81ed47b5437c65860a614f86695c35ba363:event_024_parent_turn_24 skipping — predecessor failed
2026-10-02 04:34:16,245 - inference_perf.datagen.replay.replay_graph_session_datagen - INFO - Event wekatrace331_f81ed47b5437c65860a614f86695c35ba363:event_025_parent_turn_25 skipping — predecessor failed
2026-10-02 04:34:16,245 - inference_perf.datagen.replay.replay_graph_session_datagen - INFO - Event wekatrace331_f81ed47b5437c65860a614f86695c35ba363:event_026_parent_turn_26 skipping — predecessor failed
2026-10-02 04:34:16,253 - inference_perf.datagen.replay.replay_graph_session_datagen - INFO - Dispatching session wekatrace234_b943983209c9b79202718ef0683553304b97: 89 events
2026-10-02 04:34:19,233 - inference_perf.datagen.replay.replay_graph_session_datagen - ERROR - Request failed for event wekatrace176_965b5be429f249d627b6c01870beab5eb252:event_002_parent_turn_2: TimeoutError: 
2026-10-02 04:34:19,234 - inference_perf.datagen.replay.replay_graph_session_datagen - INFO - Session wekatrace176_965b5be429f249d627b6c01870beab5eb252 failure notification sent to main process (cancelled_events=52)
2026-10-02 04:34:19,235 - inference_perf.client.modelserver.openai_client - ERROR - 
Traceback (most recent call last):
  File "/workspace/.venv/lib/python3.12/site-packages/aiohttp/streams.py", line 365, in _wait
    await waiter
asyncio.exceptions.CancelledError

The above exception was the direct cause of the following exception:

Traceback (most recent call last):
  File "/workspace/inference_perf/apis/streaming_parser.py", line 84, in parse_sse_stream
    async for chunk in response.content.iter_any():
  File "/workspace/.venv/lib/python3.12/site-packages/aiohttp/streams.py", line 46, in __anext__
    rv = await self.read_func()
         ^^^^^^^^^^^^^^^^^^^^^^
  File "/workspace/.venv/lib/python3.12/site-packages/aiohttp/streams.py", line 460, in readany
    await self._wait("readany")
  File "/workspace/.venv/lib/python3.12/site-packages/aiohttp/streams.py", line 364, in _wait
    with self._timer:
         ^^^^^^^^^^^
  File "/workspace/.venv/lib/python3.12/site-packages/aiohttp/helpers.py", line 759, in __exit__
    raise asyncio.TimeoutError from exc_val
TimeoutError

The above exception was the direct cause of the following exception:

Traceback (most recent call last):
  File "/workspace/inference_perf/client/modelserver/openai_client.py", line 557, in process_request
    info = await data.process_response(
           ^^^^^^^^^^^^^^^^^^^^^^^^^^^^
  File "/workspace/inference_perf/datagen/replay/replay_graph_session_datagen.py", line 1039, in process_response
    text_content, chunk_times, raw_content, response_chunks, server_usage = await parse_sse_stream(
                                                                            ^^^^^^^^^^^^^^^^^^^^^^^
  File "/workspace/inference_perf/apis/streaming_parser.py", line 119, in parse_sse_stream
    raise StreamInterruptedError(e, raw_content.decode("utf-8", errors="ignore")) from e
inference_perf.apis.streaming_parser.StreamInterruptedError
2026-10-02 04:34:19,237 - inference_perf.datagen.replay.replay_graph_session_datagen - INFO - Event wekatrace176_965b5be429f249d627b6c01870beab5eb252:event_003_parent_turn_3 skipping — predecessor failed
2026-10-02 04:34:19,238 - inference_perf.datagen.replay.replay_graph_session_datagen - INFO - Event wekatrace176_965b5be429f249d627b6c01870beab5eb252:event_004_parent_turn_4 skipping — predecessor failed
2026-10-02 04:34:19,239 - inference_perf.datagen.replay.replay_graph_session_datagen - INFO - Event wekatrace176_965b5be429f249d627b6c01870beab5eb252:event_005_parent_turn_5 skipping — predecessor failed
2026-10-02 04:34:19,239 - inference_perf.datagen.replay.replay_graph_session_datagen - INFO - Event wekatrace176_965b5be429f249d627b6c01870beab5eb252:event_006_parent_turn_6 skipping — predecessor failed
2026-10-02 04:34:19,239 - inference_perf.datagen.replay.replay_graph_session_datagen - INFO - Event wekatrace176_965b5be429f249d627b6c01870beab5eb252:event_007_parent_turn_7 skipping — predecessor failed
2026-10-02 04:34:19,239 - inference_perf.datagen.replay.replay_graph_session_datagen - INFO - Event wekatrace176_965b5be429f249d627b6c01870beab5eb252:event_008_parent_turn_8 skipping — predecessor failed
2026-10-02 04:34:19,239 - inference_perf.datagen.replay.replay_graph_session_datagen - INFO - Event wekatrace176_965b5be429f249d627b6c01870beab5eb252:event_009_parent_turn_9 skipping — predecessor failed
2026-10-02 04:34:19,239 - inference_perf.datagen.replay.replay_graph_session_datagen - INFO - Event wekatrace176_965b5be429f249d627b6c01870beab5eb252:event_010_parent_turn_10 skipping — predecessor failed
2026-10-02 04:34:19,240 - inference_perf.datagen.replay.replay_graph_session_datagen - INFO - Event wekatrace176_965b5be429f249d627b6c01870beab5eb252:event_011_parent_turn_11 skipping — predecessor failed
2026-10-02 04:34:19,240 - inference_perf.datagen.replay.replay_graph_session_datagen - INFO - Event wekatrace176_965b5be429f249d627b6c01870beab5eb252:event_012_parent_turn_12 skipping — predecessor failed
2026-10-02 04:34:19,240 - inference_perf.datagen.replay.replay_graph_session_datagen - INFO - Event wekatrace176_965b5be429f249d627b6c01870beab5eb252:event_013_parent_turn_13 skipping — predecessor failed
2026-10-02 04:34:19,240 - inference_perf.datagen.replay.replay_graph_session_datagen - INFO - Event wekatrace176_965b5be429f249d627b6c01870beab5eb252:event_014_parent_turn_14 skipping — predecessor failed
2026-10-02 04:34:19,240 - inference_perf.datagen.replay.replay_graph_session_datagen - INFO - Event wekatrace176_965b5be429f249d627b6c01870beab5eb252:event_015_parent_turn_15 skipping — predecessor failed
2026-10-02 04:34:19,241 - inference_perf.datagen.replay.replay_graph_session_datagen - INFO - Event wekatrace176_965b5be429f249d627b6c01870beab5eb252:event_016_parent_turn_16 skipping — predecessor failed
2026-10-02 04:34:19,241 - inference_perf.datagen.replay.replay_graph_session_datagen - INFO - Event wekatrace176_965b5be429f249d627b6c01870beab5eb252:event_017_parent_turn_17 skipping — predecessor failed
2026-10-02 04:34:19,241 - inference_perf.datagen.replay.replay_graph_session_datagen - INFO - Event wekatrace176_965b5be429f249d627b6c01870beab5eb252:event_018_parent_turn_18 skipping — predecessor failed
2026-10-02 04:34:19,241 - inference_perf.datagen.replay.replay_graph_session_datagen - INFO - Event wekatrace176_965b5be429f249d627b6c01870beab5eb252:event_019_parent_turn_19 skipping — predecessor failed
2026-10-02 04:34:19,241 - inference_perf.datagen.replay.replay_graph_session_datagen - INFO - Event wekatrace176_965b5be429f249d627b6c01870beab5eb252:event_020_parent_turn_20 skipping — predecessor failed
2026-10-02 04:34:19,242 - inference_perf.datagen.replay.replay_graph_session_datagen - INFO - Event wekatrace176_965b5be429f249d627b6c01870beab5eb252:event_021_parent_turn_21 skipping — predecessor failed
2026-10-02 04:34:19,242 - inference_perf.datagen.replay.replay_graph_session_datagen - INFO - Event wekatrace176_965b5be429f249d627b6c01870beab5eb252:event_022_parent_turn_22 skipping — predecessor failed
2026-10-02 04:34:19,242 - inference_perf.datagen.replay.replay_graph_session_datagen - INFO - Event wekatrace176_965b5be429f249d627b6c01870beab5eb252:event_023_parent_turn_23 skipping — predecessor failed
2026-10-02 04:34:19,242 - inference_perf.datagen.replay.replay_graph_session_datagen - INFO - Event wekatrace176_965b5be429f249d627b6c01870beab5eb252:event_024_parent_turn_24 skipping — predecessor failed
2026-10-02 04:34:19,243 - inference_perf.datagen.replay.replay_graph_session_datagen - INFO - Event wekatrace176_965b5be429f249d627b6c01870beab5eb252:event_025_parent_turn_25 skipping — predecessor failed
2026-10-02 04:34:19,243 - inference_perf.datagen.replay.replay_graph_session_datagen - INFO - Event wekatrace176_965b5be429f249d627b6c01870beab5eb252:event_026_parent_turn_26 skipping — predecessor failed
2026-10-02 04:34:19,243 - inference_perf.datagen.replay.replay_graph_session_datagen - INFO - Event wekatrace176_965b5be429f249d627b6c01870beab5eb252:event_027_parent_turn_27 skipping — predecessor failed
2026-10-02 04:34:19,243 - inference_perf.datagen.replay.replay_graph_session_datagen - INFO - Event wekatrace176_965b5be429f249d627b6c01870beab5eb252:event_028_parent_turn_28 skipping — predecessor failed
2026-10-02 04:34:19,243 - inference_perf.datagen.replay.replay_graph_session_datagen - INFO - Event wekatrace176_965b5be429f249d627b6c01870beab5eb252:event_029_parent_turn_29 skipping — predecessor failed
2026-10-02 04:34:19,244 - inference_perf.datagen.replay.replay_graph_session_datagen - INFO - Event wekatrace176_965b5be429f249d627b6c01870beab5eb252:event_030_parent_turn_30 skipping — predecessor failed
2026-10-02 04:34:19,244 - inference_perf.datagen.replay.replay_graph_session_datagen - INFO - Event wekatrace176_965b5be429f249d627b6c01870beab5eb252:event_031_parent_turn_31 skipping — predecessor failed
2026-10-02 04:34:19,244 - inference_perf.datagen.replay.replay_graph_session_datagen - INFO - Event wekatrace176_965b5be429f249d627b6c01870beab5eb252:event_032_parent_turn_32 skipping — predecessor failed
2026-10-02 04:34:19,244 - inference_perf.datagen.replay.replay_graph_session_datagen - INFO - Event wekatrace176_965b5be429f249d627b6c01870beab5eb252:event_033_parent_turn_33 skipping — predecessor failed
2026-10-02 04:34:19,245 - inference_perf.datagen.replay.replay_graph_session_datagen - INFO - Event wekatrace176_965b5be429f249d627b6c01870beab5eb252:event_034_parent_turn_34 skipping — predecessor failed
2026-10-02 04:34:19,245 - inference_perf.datagen.replay.replay_graph_session_datagen - INFO - Event wekatrace176_965b5be429f249d627b6c01870beab5eb252:event_035_parent_turn_35 skipping — predecessor failed
2026-10-02 04:34:19,245 - inference_perf.datagen.replay.replay_graph_session_datagen - INFO - Event wekatrace176_965b5be429f249d627b6c01870beab5eb252:event_036_parent_turn_36 skipping — predecessor failed
2026-10-02 04:34:19,245 - inference_perf.datagen.replay.replay_graph_session_datagen - INFO - Event wekatrace176_965b5be429f249d627b6c01870beab5eb252:event_037_parent_turn_37 skipping — predecessor failed
2026-10-02 04:34:19,246 - inference_perf.datagen.replay.replay_graph_session_datagen - INFO - Event wekatrace176_965b5be429f249d627b6c01870beab5eb252:event_038_parent_turn_38 skipping — predecessor failed
2026-10-02 04:34:19,246 - inference_perf.datagen.replay.replay_graph_session_datagen - INFO - Event wekatrace176_965b5be429f249d627b6c01870beab5eb252:event_039_parent_turn_39 skipping — predecessor failed
2026-10-02 04:34:19,246 - inference_perf.datagen.replay.replay_graph_session_datagen - INFO - Event wekatrace176_965b5be429f249d627b6c01870beab5eb252:event_040_parent_turn_40 skipping — predecessor failed
2026-10-02 04:34:19,246 - inference_perf.datagen.replay.replay_graph_session_datagen - INFO - Event wekatrace176_965b5be429f249d627b6c01870beab5eb252:event_041_parent_turn_41 skipping — predecessor failed
2026-10-02 04:34:19,247 - inference_perf.datagen.replay.replay_graph_session_datagen - INFO - Event wekatrace176_965b5be429f249d627b6c01870beab5eb252:event_042_parent_turn_42 skipping — predecessor failed
2026-10-02 04:34:19,247 - inference_perf.datagen.replay.replay_graph_session_datagen - INFO - Event wekatrace176_965b5be429f249d627b6c01870beab5eb252:event_043_parent_turn_43 skipping — predecessor failed
2026-10-02 04:34:19,248 - inference_perf.datagen.replay.replay_graph_session_datagen - INFO - Event wekatrace176_965b5be429f249d627b6c01870beab5eb252:event_044_parent_turn_44 skipping — predecessor failed
2026-10-02 04:34:19,248 - inference_perf.datagen.replay.replay_graph_session_datagen - INFO - Event wekatrace176_965b5be429f249d627b6c01870beab5eb252:event_045_parent_turn_45 skipping — predecessor failed
2026-10-02 04:34:19,248 - inference_perf.datagen.replay.replay_graph_session_datagen - INFO - Event wekatrace176_965b5be429f249d627b6c01870beab5eb252:event_046_parent_turn_46 skipping — predecessor failed
2026-10-02 04:34:19,248 - inference_perf.datagen.replay.replay_graph_session_datagen - INFO - Event wekatrace176_965b5be429f249d627b6c01870beab5eb252:event_047_parent_turn_47 skipping — predecessor failed
2026-10-02 04:34:19,248 - inference_perf.datagen.replay.replay_graph_session_datagen - INFO - Event wekatrace176_965b5be429f249d627b6c01870beab5eb252:event_048_parent_turn_48 skipping — predecessor failed
2026-10-02 04:34:19,249 - inference_perf.datagen.replay.replay_graph_session_datagen - INFO - Event wekatrace176_965b5be429f249d627b6c01870beab5eb252:event_049_parent_turn_49 skipping — predecessor failed
2026-10-02 04:34:19,249 - inference_perf.datagen.replay.replay_graph_session_datagen - INFO - Event wekatrace176_965b5be429f249d627b6c01870beab5eb252:event_050_parent_turn_50 skipping — predecessor failed
2026-10-02 04:34:19,249 - inference_perf.datagen.replay.replay_graph_session_datagen - INFO - Event wekatrace176_965b5be429f249d627b6c01870beab5eb252:event_051_parent_turn_51 skipping — predecessor failed
2026-10-02 04:34:19,249 - inference_perf.datagen.replay.replay_graph_session_datagen - INFO - Event wekatrace176_965b5be429f249d627b6c01870beab5eb252:event_052_parent_turn_52 skipping — predecessor failed
2026-10-02 04:34:19,250 - inference_perf.datagen.replay.replay_graph_session_datagen - INFO - Event wekatrace176_965b5be429f249d627b6c01870beab5eb252:event_053_parent_turn_53 skipping — predecessor failed
2026-10-02 04:34:19,250 - inference_perf.datagen.replay.replay_graph_session_datagen - INFO - Event wekatrace176_965b5be429f249d627b6c01870beab5eb252:event_054_parent_turn_54 skipping — predecessor failed
2026-10-02 04:34:19,259 - inference_perf.datagen.replay.replay_graph_session_datagen - INFO - Dispatching session wekatrace164_8e7ba33cefd66ca8d2eb5c0420182e971748: 63 events
2026-10-02 04:34:20,233 - inference_perf.datagen.replay.replay_graph_session_datagen - ERROR - Request failed for event wekatrace36_20821cf092022b08be8c97d438b5f8003ee7:event_002_parent_turn_2: TimeoutError: 
2026-10-02 04:34:20,234 - inference_perf.datagen.replay.replay_graph_session_datagen - INFO - Session wekatrace36_20821cf092022b08be8c97d438b5f8003ee7 failure notification sent to main process (cancelled_events=172)
2026-10-02 04:34:20,235 - inference_perf.client.modelserver.openai_client - ERROR - 
Traceback (most recent call last):
  File "/workspace/.venv/lib/python3.12/site-packages/aiohttp/streams.py", line 365, in _wait
    await waiter
asyncio.exceptions.CancelledError

The above exception was the direct cause of the following exception:

Traceback (most recent call last):
  File "/workspace/inference_perf/apis/streaming_parser.py", line 84, in parse_sse_stream
    async for chunk in response.content.iter_any():
  File "/workspace/.venv/lib/python3.12/site-packages/aiohttp/streams.py", line 46, in __anext__
    rv = await self.read_func()
         ^^^^^^^^^^^^^^^^^^^^^^
  File "/workspace/.venv/lib/python3.12/site-packages/aiohttp/streams.py", line 460, in readany
    await self._wait("readany")
  File "/workspace/.venv/lib/python3.12/site-packages/aiohttp/streams.py", line 364, in _wait
    with self._timer:
         ^^^^^^^^^^^
  File "/workspace/.venv/lib/python3.12/site-packages/aiohttp/helpers.py", line 759, in __exit__
    raise asyncio.TimeoutError from exc_val
TimeoutError

The above exception was the direct cause of the following exception:

Traceback (most recent call last):
  File "/workspace/inference_perf/client/modelserver/openai_client.py", line 557, in process_request
    info = await data.process_response(
           ^^^^^^^^^^^^^^^^^^^^^^^^^^^^
  File "/workspace/inference_perf/datagen/replay/replay_graph_session_datagen.py", line 1039, in process_response
    text_content, chunk_times, raw_content, response_chunks, server_usage = await parse_sse_stream(
                                                                            ^^^^^^^^^^^^^^^^^^^^^^^
  File "/workspace/inference_perf/apis/streaming_parser.py", line 119, in parse_sse_stream
    raise StreamInterruptedError(e, raw_content.decode("utf-8", errors="ignore")) from e
inference_perf.apis.streaming_parser.StreamInterruptedError
2026-10-02 04:34:20,240 - inference_perf.datagen.replay.replay_graph_session_datagen - INFO - Event wekatrace36_20821cf092022b08be8c97d438b5f8003ee7:event_003_parent_turn_3 skipping — predecessor failed
2026-10-02 04:34:20,240 - inference_perf.datagen.replay.replay_graph_session_datagen - INFO - Event wekatrace36_20821cf092022b08be8c97d438b5f8003ee7:event_004_parent_turn_4 skipping — predecessor failed
2026-10-02 04:34:20,240 - inference_perf.datagen.replay.replay_graph_session_datagen - INFO - Event wekatrace36_20821cf092022b08be8c97d438b5f8003ee7:event_005_parent_turn_5 skipping — predecessor failed
2026-10-02 04:34:20,240 - inference_perf.datagen.replay.replay_graph_session_datagen - INFO - Event wekatrace36_20821cf092022b08be8c97d438b5f8003ee7:event_006_parent_turn_6 skipping — predecessor failed
2026-10-02 04:34:20,240 - inference_perf.datagen.replay.replay_graph_session_datagen - INFO - Event wekatrace36_20821cf092022b08be8c97d438b5f8003ee7:event_007_parent_turn_7 skipping — predecessor failed
2026-10-02 04:34:20,240 - inference_perf.datagen.replay.replay_graph_session_datagen - INFO - Event wekatrace36_20821cf092022b08be8c97d438b5f8003ee7:event_008_parent_turn_8 skipping — predecessor failed
2026-10-02 04:34:20,241 - inference_perf.datagen.replay.replay_graph_session_datagen - INFO - Event wekatrace36_20821cf092022b08be8c97d438b5f8003ee7:event_009_parent_turn_9 skipping — predecessor failed
2026-10-02 04:34:20,242 - inference_perf.datagen.replay.replay_graph_session_datagen - INFO - Event wekatrace36_20821cf092022b08be8c97d438b5f8003ee7:event_010_parent_turn_10 skipping — predecessor failed
2026-10-02 04:34:20,242 - inference_perf.datagen.replay.replay_graph_session_datagen - INFO - Event wekatrace36_20821cf092022b08be8c97d438b5f8003ee7:event_011_parent_turn_11 skipping — predecessor failed
2026-10-02 04:34:20,242 - inference_perf.datagen.replay.replay_graph_session_datagen - INFO - Event wekatrace36_20821cf092022b08be8c97d438b5f8003ee7:event_012_parent_turn_12 skipping — predecessor failed
2026-10-02 04:34:20,242 - inference_perf.datagen.replay.replay_graph_session_datagen - INFO - Event wekatrace36_20821cf092022b08be8c97d438b5f8003ee7:event_013_parent_turn_13 skipping — predecessor failed
2026-10-02 04:34:20,242 - inference_perf.datagen.replay.replay_graph_session_datagen - INFO - Event wekatrace36_20821cf092022b08be8c97d438b5f8003ee7:event_014_parent_turn_14 skipping — predecessor failed
2026-10-02 04:34:20,242 - inference_perf.datagen.replay.replay_graph_session_datagen - INFO - Event wekatrace36_20821cf092022b08be8c97d438b5f8003ee7:event_015_parent_turn_15 skipping — predecessor failed
2026-10-02 04:34:20,242 - inference_perf.datagen.replay.replay_graph_session_datagen - INFO - Event wekatrace36_20821cf092022b08be8c97d438b5f8003ee7:event_016_parent_turn_16 skipping — predecessor failed
2026-10-02 04:34:20,242 - inference_perf.datagen.replay.replay_graph_session_datagen - INFO - Event wekatrace36_20821cf092022b08be8c97d438b5f8003ee7:event_017_parent_turn_17 skipping — predecessor failed
2026-10-02 04:34:20,242 - inference_perf.datagen.replay.replay_graph_session_datagen - INFO - Event wekatrace36_20821cf092022b08be8c97d438b5f8003ee7:event_018_parent_turn_18 skipping — predecessor failed
2026-10-02 04:34:20,242 - inference_perf.datagen.replay.replay_graph_session_datagen - INFO - Event wekatrace36_20821cf092022b08be8c97d438b5f8003ee7:event_019_parent_turn_19 skipping — predecessor failed
2026-10-02 04:34:20,242 - inference_perf.datagen.replay.replay_graph_session_datagen - INFO - Event wekatrace36_20821cf092022b08be8c97d438b5f8003ee7:event_020_parent_turn_20 skipping — predecessor failed
2026-10-02 04:34:20,243 - inference_perf.datagen.replay.replay_graph_session_datagen - INFO - Event wekatrace36_20821cf092022b08be8c97d438b5f8003ee7:event_021_parent_turn_21 skipping — predecessor failed
2026-10-02 04:34:20,243 - inference_perf.datagen.replay.replay_graph_session_datagen - INFO - Event wekatrace36_20821cf092022b08be8c97d438b5f8003ee7:event_022_parent_turn_22 skipping — predecessor failed
2026-10-02 04:34:20,243 - inference_perf.datagen.replay.replay_graph_session_datagen - INFO - Event wekatrace36_20821cf092022b08be8c97d438b5f8003ee7:event_023_parent_turn_23 skipping — predecessor failed
2026-10-02 04:34:20,243 - inference_perf.datagen.replay.replay_graph_session_datagen - INFO - Event wekatrace36_20821cf092022b08be8c97d438b5f8003ee7:event_024_parent_turn_24 skipping — predecessor failed
2026-10-02 04:34:20,243 - inference_perf.datagen.replay.replay_graph_session_datagen - INFO - Event wekatrace36_20821cf092022b08be8c97d438b5f8003ee7:event_025_parent_turn_25 skipping — predecessor failed
2026-10-02 04:34:20,243 - inference_perf.datagen.replay.replay_graph_session_datagen - INFO - Event wekatrace36_20821cf092022b08be8c97d438b5f8003ee7:event_026_parent_turn_26 skipping — predecessor failed
2026-10-02 04:34:20,243 - inference_perf.datagen.replay.replay_graph_session_datagen - INFO - Event wekatrace36_20821cf092022b08be8c97d438b5f8003ee7:event_027_parent_turn_27 skipping — predecessor failed
2026-10-02 04:34:20,243 - inference_perf.datagen.replay.replay_graph_session_datagen - INFO - Event wekatrace36_20821cf092022b08be8c97d438b5f8003ee7:event_028_parent_turn_28 skipping — predecessor failed
2026-10-02 04:34:20,244 - inference_perf.datagen.replay.replay_graph_session_datagen - INFO - Event wekatrace36_20821cf092022b08be8c97d438b5f8003ee7:event_029_parent_turn_29 skipping — predecessor failed
2026-10-02 04:34:20,244 - inference_perf.datagen.replay.replay_graph_session_datagen - INFO - Event wekatrace36_20821cf092022b08be8c97d438b5f8003ee7:event_030_parent_turn_30 skipping — predecessor failed
2026-10-02 04:34:20,244 - inference_perf.datagen.replay.replay_graph_session_datagen - INFO - Event wekatrace36_20821cf092022b08be8c97d438b5f8003ee7:event_031_parent_turn_31 skipping — predecessor failed
2026-10-02 04:34:20,244 - inference_perf.datagen.replay.replay_graph_session_datagen - INFO - Event wekatrace36_20821cf092022b08be8c97d438b5f8003ee7:event_032_parent_turn_32 skipping — predecessor failed
2026-10-02 04:34:20,244 - inference_perf.datagen.replay.replay_graph_session_datagen - INFO - Event wekatrace36_20821cf092022b08be8c97d438b5f8003ee7:event_033_parent_turn_33 skipping — predecessor failed
2026-10-02 04:34:20,244 - inference_perf.datagen.replay.replay_graph_session_datagen - INFO - Event wekatrace36_20821cf092022b08be8c97d438b5f8003ee7:event_034_parent_turn_34 skipping — predecessor failed
2026-10-02 04:34:20,244 - inference_perf.datagen.replay.replay_graph_session_datagen - INFO - Event wekatrace36_20821cf092022b08be8c97d438b5f8003ee7:event_035_parent_turn_35 skipping — predecessor failed
2026-10-02 04:34:20,245 - inference_perf.datagen.replay.replay_graph_session_datagen - INFO - Event wekatrace36_20821cf092022b08be8c97d438b5f8003ee7:event_036_parent_turn_36 skipping — predecessor failed
2026-10-02 04:34:20,245 - inference_perf.datagen.replay.replay_graph_session_datagen - INFO - Event wekatrace36_20821cf092022b08be8c97d438b5f8003ee7:event_037_parent_turn_37 skipping — predecessor failed
2026-10-02 04:34:20,245 - inference_perf.datagen.replay.replay_graph_session_datagen - INFO - Event wekatrace36_20821cf092022b08be8c97d438b5f8003ee7:event_038_parent_turn_38 skipping — predecessor failed
2026-10-02 04:34:20,245 - inference_perf.datagen.replay.replay_graph_session_datagen - INFO - Event wekatrace36_20821cf092022b08be8c97d438b5f8003ee7:event_039_parent_turn_39 skipping — predecessor failed
2026-10-02 04:34:20,245 - inference_perf.datagen.replay.replay_graph_session_datagen - INFO - Event wekatrace36_20821cf092022b08be8c97d438b5f8003ee7:event_040_parent_turn_40 skipping — predecessor failed
2026-10-02 04:34:20,245 - inference_perf.datagen.replay.replay_graph_session_datagen - INFO - Event wekatrace36_20821cf092022b08be8c97d438b5f8003ee7:event_041_parent_turn_41 skipping — predecessor failed
2026-10-02 04:34:20,245 - inference_perf.datagen.replay.replay_graph_session_datagen - INFO - Event wekatrace36_20821cf092022b08be8c97d438b5f8003ee7:event_042_parent_turn_42 skipping — predecessor failed
2026-10-02 04:34:20,245 - inference_perf.datagen.replay.replay_graph_session_datagen - INFO - Event wekatrace36_20821cf092022b08be8c97d438b5f8003ee7:event_043_parent_turn_43 skipping — predecessor failed
2026-10-02 04:34:20,245 - inference_perf.datagen.replay.replay_graph_session_datagen - INFO - Event wekatrace36_20821cf092022b08be8c97d438b5f8003ee7:event_044_parent_turn_44 skipping — predecessor failed
2026-10-02 04:34:20,246 - inference_perf.datagen.replay.replay_graph_session_datagen - INFO - Event wekatrace36_20821cf092022b08be8c97d438b5f8003ee7:event_045_parent_turn_45 skipping — predecessor failed
2026-10-02 04:34:20,246 - inference_perf.datagen.replay.replay_graph_session_datagen - INFO - Event wekatrace36_20821cf092022b08be8c97d438b5f8003ee7:event_046_parent_turn_46 skipping — predecessor failed
2026-10-02 04:34:20,246 - inference_perf.datagen.replay.replay_graph_session_datagen - INFO - Event wekatrace36_20821cf092022b08be8c97d438b5f8003ee7:event_047_parent_turn_47 skipping — predecessor failed
2026-10-02 04:34:20,246 - inference_perf.datagen.replay.replay_graph_session_datagen - INFO - Event wekatrace36_20821cf092022b08be8c97d438b5f8003ee7:event_048_parent_turn_48 skipping — predecessor failed
2026-10-02 04:34:20,246 - inference_perf.datagen.replay.replay_graph_session_datagen - INFO - Event wekatrace36_20821cf092022b08be8c97d438b5f8003ee7:event_049_parent_turn_49 skipping — predecessor failed
2026-10-02 04:34:20,246 - inference_perf.datagen.replay.replay_graph_session_datagen - INFO - Event wekatrace36_20821cf092022b08be8c97d438b5f8003ee7:event_050_parent_turn_50 skipping — predecessor failed
2026-10-02 04:34:20,247 - inference_perf.datagen.replay.replay_graph_session_datagen - INFO - Event wekatrace36_20821cf092022b08be8c97d438b5f8003ee7:event_051_parent_turn_51 skipping — predecessor failed
2026-10-02 04:34:20,247 - inference_perf.datagen.replay.replay_graph_session_datagen - INFO - Event wekatrace36_20821cf092022b08be8c97d438b5f8003ee7:event_052_parent_turn_52 skipping — predecessor failed
2026-10-02 04:34:20,247 - inference_perf.datagen.replay.replay_graph_session_datagen - INFO - Event wekatrace36_20821cf092022b08be8c97d438b5f8003ee7:event_053_parent_turn_53 skipping — predecessor failed
2026-10-02 04:34:20,247 - inference_perf.datagen.replay.replay_graph_session_datagen - INFO - Event wekatrace36_20821cf092022b08be8c97d438b5f8003ee7:event_054_parent_turn_54 skipping — predecessor failed
2026-10-02 04:34:20,247 - inference_perf.datagen.replay.replay_graph_session_datagen - INFO - Event wekatrace36_20821cf092022b08be8c97d438b5f8003ee7:event_055_parent_turn_55 skipping — predecessor failed
2026-10-02 04:34:20,248 - inference_perf.datagen.replay.replay_graph_session_datagen - INFO - Event wekatrace36_20821cf092022b08be8c97d438b5f8003ee7:event_056_parent_turn_56 skipping — predecessor failed
2026-10-02 04:34:20,248 - inference_perf.datagen.replay.replay_graph_session_datagen - INFO - Event wekatrace36_20821cf092022b08be8c97d438b5f8003ee7:event_057_parent_turn_57 skipping — predecessor failed
2026-10-02 04:34:20,248 - inference_perf.datagen.replay.replay_graph_session_datagen - INFO - Event wekatrace36_20821cf092022b08be8c97d438b5f8003ee7:event_058_parent_turn_58 skipping — predecessor failed
2026-10-02 04:34:20,248 - inference_perf.datagen.replay.replay_graph_session_datagen - INFO - Event wekatrace36_20821cf092022b08be8c97d438b5f8003ee7:event_059_parent_turn_59 skipping — predecessor failed
2026-10-02 04:34:20,248 - inference_perf.datagen.replay.replay_graph_session_datagen - INFO - Event wekatrace36_20821cf092022b08be8c97d438b5f8003ee7:event_060_parent_turn_60 skipping — predecessor failed
2026-10-02 04:34:20,248 - inference_perf.datagen.replay.replay_graph_session_datagen - INFO - Event wekatrace36_20821cf092022b08be8c97d438b5f8003ee7:event_061_parent_turn_61 skipping — predecessor failed
2026-10-02 04:34:20,248 - inference_perf.datagen.replay.replay_graph_session_datagen - INFO - Event wekatrace36_20821cf092022b08be8c97d438b5f8003ee7:event_062_parent_turn_62 skipping — predecessor failed
2026-10-02 04:34:20,248 - inference_perf.datagen.replay.replay_graph_session_datagen - INFO - Event wekatrace36_20821cf092022b08be8c97d438b5f8003ee7:event_063_parent_turn_63 skipping — predecessor failed
2026-10-02 04:34:20,248 - inference_perf.datagen.replay.replay_graph_session_datagen - INFO - Event wekatrace36_20821cf092022b08be8c97d438b5f8003ee7:event_064_parent_turn_64 skipping — predecessor failed
2026-10-02 04:34:20,249 - inference_perf.datagen.replay.replay_graph_session_datagen - INFO - Event wekatrace36_20821cf092022b08be8c97d438b5f8003ee7:event_065_parent_turn_65 skipping — predecessor failed
2026-10-02 04:34:20,249 - inference_perf.datagen.replay.replay_graph_session_datagen - INFO - Event wekatrace36_20821cf092022b08be8c97d438b5f8003ee7:event_066_parent_turn_66 skipping — predecessor failed
2026-10-02 04:34:20,249 - inference_perf.datagen.replay.replay_graph_session_datagen - INFO - Event wekatrace36_20821cf092022b08be8c97d438b5f8003ee7:event_067_parent_turn_67 skipping — predecessor failed
2026-10-02 04:34:20,249 - inference_perf.datagen.replay.replay_graph_session_datagen - INFO - Event wekatrace36_20821cf092022b08be8c97d438b5f8003ee7:event_068_parent_turn_68 skipping — predecessor failed
2026-10-02 04:34:20,249 - inference_perf.datagen.replay.replay_graph_session_datagen - INFO - Event wekatrace36_20821cf092022b08be8c97d438b5f8003ee7:event_069_parent_turn_69 skipping — predecessor failed
2026-10-02 04:34:20,249 - inference_perf.datagen.replay.replay_graph_session_datagen - INFO - Event wekatrace36_20821cf092022b08be8c97d438b5f8003ee7:event_070_parent_turn_70 skipping — predecessor failed
2026-10-02 04:34:20,249 - inference_perf.datagen.replay.replay_graph_session_datagen - INFO - Event wekatrace36_20821cf092022b08be8c97d438b5f8003ee7:event_071_parent_turn_71 skipping — predecessor failed
2026-10-02 04:34:20,249 - inference_perf.datagen.replay.replay_graph_session_datagen - INFO - Dispatching session wekatrace196_a32d778551b30bfd546d254c646f27f8d665: 148 events
2026-10-02 04:34:20,250 - inference_perf.datagen.replay.replay_graph_session_datagen - INFO - Event wekatrace36_20821cf092022b08be8c97d438b5f8003ee7:event_072_parent_turn_72 skipping — predecessor failed
2026-10-02 04:34:20,250 - inference_perf.datagen.replay.replay_graph_session_datagen - INFO - Event wekatrace36_20821cf092022b08be8c97d438b5f8003ee7:event_073_parent_turn_73 skipping — predecessor failed
2026-10-02 04:34:20,250 - inference_perf.datagen.replay.replay_graph_session_datagen - INFO - Event wekatrace36_20821cf092022b08be8c97d438b5f8003ee7:event_074_parent_turn_74 skipping — predecessor failed
2026-10-02 04:34:20,250 - inference_perf.datagen.replay.replay_graph_session_datagen - INFO - Event wekatrace36_20821cf092022b08be8c97d438b5f8003ee7:event_075_parent_turn_75 skipping — predecessor failed
2026-10-02 04:34:20,250 - inference_perf.datagen.replay.replay_graph_session_datagen - INFO - Event wekatrace36_20821cf092022b08be8c97d438b5f8003ee7:event_076_parent_turn_76 skipping — predecessor failed
2026-10-02 04:34:20,251 - inference_perf.datagen.replay.replay_graph_session_datagen - INFO - Event wekatrace36_20821cf092022b08be8c97d438b5f8003ee7:event_077_parent_turn_77 skipping — predecessor failed
2026-10-02 04:34:20,251 - inference_perf.datagen.replay.replay_graph_session_datagen - INFO - Event wekatrace36_20821cf092022b08be8c97d438b5f8003ee7:event_078_parent_turn_78 skipping — predecessor failed
2026-10-02 04:34:20,251 - inference_perf.datagen.replay.replay_graph_session_datagen - INFO - Event wekatrace36_20821cf092022b08be8c97d438b5f8003ee7:event_079_parent_turn_79 skipping — predecessor failed
2026-10-02 04:34:20,251 - inference_perf.datagen.replay.replay_graph_session_datagen - INFO - Event wekatrace36_20821cf092022b08be8c97d438b5f8003ee7:event_080_parent_turn_80 skipping — predecessor failed
2026-10-02 04:34:20,251 - inference_perf.datagen.replay.replay_graph_session_datagen - INFO - Event wekatrace36_20821cf092022b08be8c97d438b5f8003ee7:event_081_parent_turn_81 skipping — predecessor failed
2026-10-02 04:34:20,251 - inference_perf.datagen.replay.replay_graph_session_datagen - INFO - Event wekatrace36_20821cf092022b08be8c97d438b5f8003ee7:event_082_parent_turn_82 skipping — predecessor failed
2026-10-02 04:34:20,251 - inference_perf.datagen.replay.replay_graph_session_datagen - INFO - Event wekatrace36_20821cf092022b08be8c97d438b5f8003ee7:event_083_parent_turn_83 skipping — predecessor failed
2026-10-02 04:34:20,252 - inference_perf.datagen.replay.replay_graph_session_datagen - INFO - Event wekatrace36_20821cf092022b08be8c97d438b5f8003ee7:event_084_parent_turn_84 skipping — predecessor failed
2026-10-02 04:34:20,252 - inference_perf.datagen.replay.replay_graph_session_datagen - INFO - Event wekatrace36_20821cf092022b08be8c97d438b5f8003ee7:event_085_parent_turn_85 skipping — predecessor failed
2026-10-02 04:34:20,252 - inference_perf.datagen.replay.replay_graph_session_datagen - INFO - Event wekatrace36_20821cf092022b08be8c97d438b5f8003ee7:event_086_parent_turn_86 skipping — predecessor failed
2026-10-02 04:34:20,252 - inference_perf.datagen.replay.replay_graph_session_datagen - INFO - Event wekatrace36_20821cf092022b08be8c97d438b5f8003ee7:event_087_parent_turn_87 skipping — predecessor failed
2026-10-02 04:34:20,252 - inference_perf.datagen.replay.replay_graph_session_datagen - INFO - Event wekatrace36_20821cf092022b08be8c97d438b5f8003ee7:event_088_parent_turn_88 skipping — predecessor failed
2026-10-02 04:34:20,252 - inference_perf.datagen.replay.replay_graph_session_datagen - INFO - Event wekatrace36_20821cf092022b08be8c97d438b5f8003ee7:event_089_parent_turn_89 skipping — predecessor failed
2026-10-02 04:34:20,252 - inference_perf.datagen.replay.replay_graph_session_datagen - INFO - Event wekatrace36_20821cf092022b08be8c97d438b5f8003ee7:event_090_parent_turn_90 skipping — predecessor failed
2026-10-02 04:34:20,253 - inference_perf.datagen.replay.replay_graph_session_datagen - INFO - Event wekatrace36_20821cf092022b08be8c97d438b5f8003ee7:event_091_parent_turn_91 skipping — predecessor failed
2026-10-02 04:34:20,253 - inference_perf.datagen.replay.replay_graph_session_datagen - INFO - Event wekatrace36_20821cf092022b08be8c97d438b5f8003ee7:event_092_parent_turn_92 skipping — predecessor failed
2026-10-02 04:34:20,253 - inference_perf.datagen.replay.replay_graph_session_datagen - INFO - Event wekatrace36_20821cf092022b08be8c97d438b5f8003ee7:event_093_parent_turn_93 skipping — predecessor failed
2026-10-02 04:34:20,253 - inference_perf.datagen.replay.replay_graph_session_datagen - INFO - Event wekatrace36_20821cf092022b08be8c97d438b5f8003ee7:event_094_parent_turn_94 skipping — predecessor failed
2026-10-02 04:34:20,253 - inference_perf.datagen.replay.replay_graph_session_datagen - INFO - Event wekatrace36_20821cf092022b08be8c97d438b5f8003ee7:event_095_parent_turn_95 skipping — predecessor failed
2026-10-02 04:34:20,253 - inference_perf.datagen.replay.replay_graph_session_datagen - INFO - Event wekatrace36_20821cf092022b08be8c97d438b5f8003ee7:event_096_parent_turn_96 skipping — predecessor failed
2026-10-02 04:34:20,253 - inference_perf.datagen.replay.replay_graph_session_datagen - INFO - Event wekatrace36_20821cf092022b08be8c97d438b5f8003ee7:event_097_parent_turn_97 skipping — predecessor failed
2026-10-02 04:34:20,253 - inference_perf.datagen.replay.replay_graph_session_datagen - INFO - Event wekatrace36_20821cf092022b08be8c97d438b5f8003ee7:event_098_parent_turn_98 skipping — predecessor failed
2026-10-02 04:34:20,254 - inference_perf.datagen.replay.replay_graph_session_datagen - INFO - Event wekatrace36_20821cf092022b08be8c97d438b5f8003ee7:event_099_parent_turn_99 skipping — predecessor failed
2026-10-02 04:34:20,254 - inference_perf.datagen.replay.replay_graph_session_datagen - INFO - Event wekatrace36_20821cf092022b08be8c97d438b5f8003ee7:event_100_parent_turn_100 skipping — predecessor failed
2026-10-02 04:34:20,254 - inference_perf.datagen.replay.replay_graph_session_datagen - INFO - Event wekatrace36_20821cf092022b08be8c97d438b5f8003ee7:event_101_parent_turn_101 skipping — predecessor failed
2026-10-02 04:34:20,254 - inference_perf.datagen.replay.replay_graph_session_datagen - INFO - Event wekatrace36_20821cf092022b08be8c97d438b5f8003ee7:event_102_parent_turn_102 skipping — predecessor failed
2026-10-02 04:34:20,254 - inference_perf.datagen.replay.replay_graph_session_datagen - INFO - Event wekatrace36_20821cf092022b08be8c97d438b5f8003ee7:event_103_parent_turn_103 skipping — predecessor failed
2026-10-02 04:34:20,254 - inference_perf.datagen.replay.replay_graph_session_datagen - INFO - Event wekatrace36_20821cf092022b08be8c97d438b5f8003ee7:event_104_parent_turn_104 skipping — predecessor failed
2026-10-02 04:34:20,254 - inference_perf.datagen.replay.replay_graph_session_datagen - INFO - Event wekatrace36_20821cf092022b08be8c97d438b5f8003ee7:event_105_parent_turn_105 skipping — predecessor failed
2026-10-02 04:34:20,255 - inference_perf.datagen.replay.replay_graph_session_datagen - INFO - Event wekatrace36_20821cf092022b08be8c97d438b5f8003ee7:event_106_parent_turn_106 skipping — predecessor failed
2026-10-02 04:34:20,255 - inference_perf.datagen.replay.replay_graph_session_datagen - INFO - Event wekatrace36_20821cf092022b08be8c97d438b5f8003ee7:event_107_parent_turn_107 skipping — predecessor failed
2026-10-02 04:34:20,255 - inference_perf.datagen.replay.replay_graph_session_datagen - INFO - Event wekatrace36_20821cf092022b08be8c97d438b5f8003ee7:event_108_parent_turn_108 skipping — predecessor failed
2026-10-02 04:34:20,255 - inference_perf.datagen.replay.replay_graph_session_datagen - INFO - Event wekatrace36_20821cf092022b08be8c97d438b5f8003ee7:event_109_parent_turn_109 skipping — predecessor failed
2026-10-02 04:34:20,255 - inference_perf.datagen.replay.replay_graph_session_datagen - INFO - Event wekatrace36_20821cf092022b08be8c97d438b5f8003ee7:event_110_parent_turn_110 skipping — predecessor failed
2026-10-02 04:34:20,255 - inference_perf.datagen.replay.replay_graph_session_datagen - INFO - Event wekatrace36_20821cf092022b08be8c97d438b5f8003ee7:event_111_parent_turn_111 skipping — predecessor failed
2026-10-02 04:34:20,255 - inference_perf.datagen.replay.replay_graph_session_datagen - INFO - Event wekatrace36_20821cf092022b08be8c97d438b5f8003ee7:event_112_parent_turn_112 skipping — predecessor failed
2026-10-02 04:34:20,256 - inference_perf.datagen.replay.replay_graph_session_datagen - INFO - Event wekatrace36_20821cf092022b08be8c97d438b5f8003ee7:event_113_parent_turn_113 skipping — predecessor failed
2026-10-02 04:34:20,256 - inference_perf.datagen.replay.replay_graph_session_datagen - INFO - Event wekatrace36_20821cf092022b08be8c97d438b5f8003ee7:event_114_parent_turn_114 skipping — predecessor failed
2026-10-02 04:34:20,256 - inference_perf.datagen.replay.replay_graph_session_datagen - INFO - Event wekatrace36_20821cf092022b08be8c97d438b5f8003ee7:event_115_parent_turn_115 skipping — predecessor failed
2026-10-02 04:34:20,256 - inference_perf.datagen.replay.replay_graph_session_datagen - INFO - Event wekatrace36_20821cf092022b08be8c97d438b5f8003ee7:event_116_parent_turn_116 skipping — predecessor failed
2026-10-02 04:34:20,256 - inference_perf.datagen.replay.replay_graph_session_datagen - INFO - Event wekatrace36_20821cf092022b08be8c97d438b5f8003ee7:event_117_parent_turn_117 skipping — predecessor failed
2026-10-02 04:34:20,256 - inference_perf.datagen.replay.replay_graph_session_datagen - INFO - Event wekatrace36_20821cf092022b08be8c97d438b5f8003ee7:event_118_parent_turn_118 skipping — predecessor failed
2026-10-02 04:34:20,256 - inference_perf.datagen.replay.replay_graph_session_datagen - INFO - Event wekatrace36_20821cf092022b08be8c97d438b5f8003ee7:event_119_parent_turn_119 skipping — predecessor failed
2026-10-02 04:34:20,257 - inference_perf.datagen.replay.replay_graph_session_datagen - INFO - Event wekatrace36_20821cf092022b08be8c97d438b5f8003ee7:event_120_parent_turn_120 skipping — predecessor failed
2026-10-02 04:34:20,257 - inference_perf.datagen.replay.replay_graph_session_datagen - INFO - Event wekatrace36_20821cf092022b08be8c97d438b5f8003ee7:event_121_parent_turn_121 skipping — predecessor failed
2026-10-02 04:34:20,257 - inference_perf.datagen.replay.replay_graph_session_datagen - INFO - Event wekatrace36_20821cf092022b08be8c97d438b5f8003ee7:event_122_parent_turn_122 skipping — predecessor failed
2026-10-02 04:34:20,257 - inference_perf.datagen.replay.replay_graph_session_datagen - INFO - Event wekatrace36_20821cf092022b08be8c97d438b5f8003ee7:event_123_parent_turn_123 skipping — predecessor failed
2026-10-02 04:34:20,257 - inference_perf.datagen.replay.replay_graph_session_datagen - INFO - Event wekatrace36_20821cf092022b08be8c97d438b5f8003ee7:event_124_parent_turn_124 skipping — predecessor failed
2026-10-02 04:34:20,257 - inference_perf.datagen.replay.replay_graph_session_datagen - INFO - Event wekatrace36_20821cf092022b08be8c97d438b5f8003ee7:event_125_parent_turn_125 skipping — predecessor failed
2026-10-02 04:34:20,257 - inference_perf.datagen.replay.replay_graph_session_datagen - INFO - Event wekatrace36_20821cf092022b08be8c97d438b5f8003ee7:event_126_parent_turn_126 skipping — predecessor failed
2026-10-02 04:34:20,257 - inference_perf.datagen.replay.replay_graph_session_datagen - INFO - Event wekatrace36_20821cf092022b08be8c97d438b5f8003ee7:event_127_parent_turn_127 skipping — predecessor failed
2026-10-02 04:34:20,257 - inference_perf.datagen.replay.replay_graph_session_datagen - INFO - Event wekatrace36_20821cf092022b08be8c97d438b5f8003ee7:event_128_parent_turn_128 skipping — predecessor failed
2026-10-02 04:34:20,258 - inference_perf.datagen.replay.replay_graph_session_datagen - INFO - Event wekatrace36_20821cf092022b08be8c97d438b5f8003ee7:event_129_parent_turn_129 skipping — predecessor failed
2026-10-02 04:34:20,258 - inference_perf.datagen.replay.replay_graph_session_datagen - INFO - Event wekatrace36_20821cf092022b08be8c97d438b5f8003ee7:event_130_parent_turn_130 skipping — predecessor failed
2026-10-02 04:34:20,258 - inference_perf.datagen.replay.replay_graph_session_datagen - INFO - Event wekatrace36_20821cf092022b08be8c97d438b5f8003ee7:event_131_parent_turn_131 skipping — predecessor failed
2026-10-02 04:34:20,258 - inference_perf.datagen.replay.replay_graph_session_datagen - INFO - Event wekatrace36_20821cf092022b08be8c97d438b5f8003ee7:event_132_parent_turn_132 skipping — predecessor failed
2026-10-02 04:34:20,258 - inference_perf.datagen.replay.replay_graph_session_datagen - INFO - Event wekatrace36_20821cf092022b08be8c97d438b5f8003ee7:event_133_parent_turn_133 skipping — predecessor failed
2026-10-02 04:34:20,258 - inference_perf.datagen.replay.replay_graph_session_datagen - INFO - Event wekatrace36_20821cf092022b08be8c97d438b5f8003ee7:event_134_parent_turn_134 skipping — predecessor failed
2026-10-02 04:34:20,258 - inference_perf.datagen.replay.replay_graph_session_datagen - INFO - Event wekatrace36_20821cf092022b08be8c97d438b5f8003ee7:event_135_parent_turn_135 skipping — predecessor failed
2026-10-02 04:34:20,258 - inference_perf.datagen.replay.replay_graph_session_datagen - INFO - Event wekatrace36_20821cf092022b08be8c97d438b5f8003ee7:event_136_parent_turn_136 skipping — predecessor failed
2026-10-02 04:34:20,258 - inference_perf.datagen.replay.replay_graph_session_datagen - INFO - Event wekatrace36_20821cf092022b08be8c97d438b5f8003ee7:event_137_parent_turn_137 skipping — predecessor failed
2026-10-02 04:34:20,259 - inference_perf.datagen.replay.replay_graph_session_datagen - INFO - Event wekatrace36_20821cf092022b08be8c97d438b5f8003ee7:event_138_parent_turn_138 skipping — predecessor failed
2026-10-02 04:34:20,259 - inference_perf.datagen.replay.replay_graph_session_datagen - INFO - Event wekatrace36_20821cf092022b08be8c97d438b5f8003ee7:event_139_parent_turn_139 skipping — predecessor failed
2026-10-02 04:34:20,259 - inference_perf.datagen.replay.replay_graph_session_datagen - INFO - Event wekatrace36_20821cf092022b08be8c97d438b5f8003ee7:event_140_parent_turn_140 skipping — predecessor failed
2026-10-02 04:34:20,259 - inference_perf.datagen.replay.replay_graph_session_datagen - INFO - Event wekatrace36_20821cf092022b08be8c97d438b5f8003ee7:event_141_parent_turn_141 skipping — predecessor failed
2026-10-02 04:34:20,259 - inference_perf.datagen.replay.replay_graph_session_datagen - INFO - Event wekatrace36_20821cf092022b08be8c97d438b5f8003ee7:event_142_parent_turn_142 skipping — predecessor failed
2026-10-02 04:34:20,259 - inference_perf.datagen.replay.replay_graph_session_datagen - INFO - Event wekatrace36_20821cf092022b08be8c97d438b5f8003ee7:event_143_parent_turn_143 skipping — predecessor failed
2026-10-02 04:34:20,259 - inference_perf.datagen.replay.replay_graph_session_datagen - INFO - Event wekatrace36_20821cf092022b08be8c97d438b5f8003ee7:event_144_parent_turn_144 skipping — predecessor failed
2026-10-02 04:34:20,259 - inference_perf.datagen.replay.replay_graph_session_datagen - INFO - Event wekatrace36_20821cf092022b08be8c97d438b5f8003ee7:event_145_parent_turn_145 skipping — predecessor failed
2026-10-02 04:34:20,259 - inference_perf.datagen.replay.replay_graph_session_datagen - INFO - Event wekatrace36_20821cf092022b08be8c97d438b5f8003ee7:event_146_parent_turn_146 skipping — predecessor failed
2026-10-02 04:34:20,259 - inference_perf.datagen.replay.replay_graph_session_datagen - INFO - Event wekatrace36_20821cf092022b08be8c97d438b5f8003ee7:event_147_parent_turn_147 skipping — predecessor failed
2026-10-02 04:34:20,259 - inference_perf.datagen.replay.replay_graph_session_datagen - INFO - Event wekatrace36_20821cf092022b08be8c97d438b5f8003ee7:event_148_parent_turn_148 skipping — predecessor failed
2026-10-02 04:34:20,260 - inference_perf.datagen.replay.replay_graph_session_datagen - INFO - Event wekatrace36_20821cf092022b08be8c97d438b5f8003ee7:event_149_parent_turn_149 skipping — predecessor failed
2026-10-02 04:34:20,260 - inference_perf.datagen.replay.replay_graph_session_datagen - INFO - Event wekatrace36_20821cf092022b08be8c97d438b5f8003ee7:event_150_parent_turn_150 skipping — predecessor failed
2026-10-02 04:34:20,260 - inference_perf.datagen.replay.replay_graph_session_datagen - INFO - Event wekatrace36_20821cf092022b08be8c97d438b5f8003ee7:event_151_parent_turn_151 skipping — predecessor failed
2026-10-02 04:34:20,260 - inference_perf.datagen.replay.replay_graph_session_datagen - INFO - Event wekatrace36_20821cf092022b08be8c97d438b5f8003ee7:event_152_parent_turn_152 skipping — predecessor failed
2026-10-02 04:34:20,260 - inference_perf.datagen.replay.replay_graph_session_datagen - INFO - Event wekatrace36_20821cf092022b08be8c97d438b5f8003ee7:event_153_parent_turn_153 skipping — predecessor failed
2026-10-02 04:34:20,260 - inference_perf.datagen.replay.replay_graph_session_datagen - INFO - Event wekatrace36_20821cf092022b08be8c97d438b5f8003ee7:event_154_parent_turn_154 skipping — predecessor failed
2026-10-02 04:34:20,261 - inference_perf.datagen.replay.replay_graph_session_datagen - INFO - Event wekatrace36_20821cf092022b08be8c97d438b5f8003ee7:event_155_parent_turn_155 skipping — predecessor failed
2026-10-02 04:34:20,261 - inference_perf.datagen.replay.replay_graph_session_datagen - INFO - Event wekatrace36_20821cf092022b08be8c97d438b5f8003ee7:event_156_parent_turn_156 skipping — predecessor failed
2026-10-02 04:34:20,261 - inference_perf.datagen.replay.replay_graph_session_datagen - INFO - Event wekatrace36_20821cf092022b08be8c97d438b5f8003ee7:event_157_parent_turn_157 skipping — predecessor failed
2026-10-02 04:34:20,261 - inference_perf.datagen.replay.replay_graph_session_datagen - INFO - Event wekatrace36_20821cf092022b08be8c97d438b5f8003ee7:event_158_parent_turn_158 skipping — predecessor failed
2026-10-02 04:34:20,261 - inference_perf.datagen.replay.replay_graph_session_datagen - INFO - Event wekatrace36_20821cf092022b08be8c97d438b5f8003ee7:event_159_parent_turn_159 skipping — predecessor failed
2026-10-02 04:34:20,261 - inference_perf.datagen.replay.replay_graph_session_datagen - INFO - Event wekatrace36_20821cf092022b08be8c97d438b5f8003ee7:event_160_parent_turn_160 skipping — predecessor failed
2026-10-02 04:34:20,261 - inference_perf.datagen.replay.replay_graph_session_datagen - INFO - Event wekatrace36_20821cf092022b08be8c97d438b5f8003ee7:event_161_parent_turn_161 skipping — predecessor failed
2026-10-02 04:34:20,261 - inference_perf.datagen.replay.replay_graph_session_datagen - INFO - Event wekatrace36_20821cf092022b08be8c97d438b5f8003ee7:event_162_parent_turn_162 skipping — predecessor failed
2026-10-02 04:34:20,262 - inference_perf.datagen.replay.replay_graph_session_datagen - INFO - Event wekatrace36_20821cf092022b08be8c97d438b5f8003ee7:event_163_parent_turn_163 skipping — predecessor failed
2026-10-02 04:34:20,262 - inference_perf.datagen.replay.replay_graph_session_datagen - INFO - Event wekatrace36_20821cf092022b08be8c97d438b5f8003ee7:event_164_parent_turn_164 skipping — predecessor failed
2026-10-02 04:34:20,262 - inference_perf.datagen.replay.replay_graph_session_datagen - INFO - Event wekatrace36_20821cf092022b08be8c97d438b5f8003ee7:event_165_parent_turn_165 skipping — predecessor failed
2026-10-02 04:34:20,262 - inference_perf.datagen.replay.replay_graph_session_datagen - INFO - Event wekatrace36_20821cf092022b08be8c97d438b5f8003ee7:event_166_parent_turn_166 skipping — predecessor failed
2026-10-02 04:34:20,262 - inference_perf.datagen.replay.replay_graph_session_datagen - INFO - Event wekatrace36_20821cf092022b08be8c97d438b5f8003ee7:event_167_parent_turn_167 skipping — predecessor failed
2026-10-02 04:34:20,262 - inference_perf.datagen.replay.replay_graph_session_datagen - INFO - Event wekatrace36_20821cf092022b08be8c97d438b5f8003ee7:event_168_parent_turn_168 skipping — predecessor failed
2026-10-02 04:34:20,262 - inference_perf.datagen.replay.replay_graph_session_datagen - INFO - Event wekatrace36_20821cf092022b08be8c97d438b5f8003ee7:event_169_parent_turn_169 skipping — predecessor failed
2026-10-02 04:34:20,262 - inference_perf.datagen.replay.replay_graph_session_datagen - INFO - Event wekatrace36_20821cf092022b08be8c97d438b5f8003ee7:event_170_parent_turn_170 skipping — predecessor failed
2026-10-02 04:34:20,262 - inference_perf.datagen.replay.replay_graph_session_datagen - INFO - Event wekatrace36_20821cf092022b08be8c97d438b5f8003ee7:event_171_parent_turn_171 skipping — predecessor failed
2026-10-02 04:34:20,263 - inference_perf.datagen.replay.replay_graph_session_datagen - INFO - Event wekatrace36_20821cf092022b08be8c97d438b5f8003ee7:event_172_parent_turn_172 skipping — predecessor failed
2026-10-02 04:34:20,263 - inference_perf.datagen.replay.replay_graph_session_datagen - INFO - Event wekatrace36_20821cf092022b08be8c97d438b5f8003ee7:event_173_parent_turn_173 skipping — predecessor failed
2026-10-02 04:34:20,263 - inference_perf.datagen.replay.replay_graph_session_datagen - INFO - Event wekatrace36_20821cf092022b08be8c97d438b5f8003ee7:event_174_parent_turn_174 skipping — predecessor failed
2026-10-02 04:34:36,233 - inference_perf.datagen.replay.replay_graph_session_datagen - ERROR - Request failed for event wekatrace324_f3852e8ca1ac3887151243be3467e483d725:event_003_parent_turn_3: TimeoutError: 
2026-10-02 04:34:36,233 - inference_perf.datagen.replay.replay_graph_session_datagen - INFO - Session wekatrace324_f3852e8ca1ac3887151243be3467e483d725 failure notification sent to main process (cancelled_events=59)
2026-10-02 04:34:36,234 - inference_perf.client.modelserver.openai_client - ERROR - 
Traceback (most recent call last):
  File "/workspace/.venv/lib/python3.12/site-packages/aiohttp/streams.py", line 365, in _wait
    await waiter
asyncio.exceptions.CancelledError

The above exception was the direct cause of the following exception:

Traceback (most recent call last):
  File "/workspace/inference_perf/apis/streaming_parser.py", line 84, in parse_sse_stream
    async for chunk in response.content.iter_any():
  File "/workspace/.venv/lib/python3.12/site-packages/aiohttp/streams.py", line 46, in __anext__
    rv = await self.read_func()
         ^^^^^^^^^^^^^^^^^^^^^^
  File "/workspace/.venv/lib/python3.12/site-packages/aiohttp/streams.py", line 460, in readany
    await self._wait("readany")
  File "/workspace/.venv/lib/python3.12/site-packages/aiohttp/streams.py", line 364, in _wait
    with self._timer:
         ^^^^^^^^^^^
  File "/workspace/.venv/lib/python3.12/site-packages/aiohttp/helpers.py", line 759, in __exit__
    raise asyncio.TimeoutError from exc_val
TimeoutError

The above exception was the direct cause of the following exception:

Traceback (most recent call last):
  File "/workspace/inference_perf/client/modelserver/openai_client.py", line 557, in process_request
    info = await data.process_response(
           ^^^^^^^^^^^^^^^^^^^^^^^^^^^^
  File "/workspace/inference_perf/datagen/replay/replay_graph_session_datagen.py", line 1039, in process_response
    text_content, chunk_times, raw_content, response_chunks, server_usage = await parse_sse_stream(
                                                                            ^^^^^^^^^^^^^^^^^^^^^^^
  File "/workspace/inference_perf/apis/streaming_parser.py", line 119, in parse_sse_stream
    raise StreamInterruptedError(e, raw_content.decode("utf-8", errors="ignore")) from e
inference_perf.apis.streaming_parser.StreamInterruptedError
2026-10-02 04:34:36,236 - inference_perf.datagen.replay.replay_graph_session_datagen - INFO - Event wekatrace324_f3852e8ca1ac3887151243be3467e483d725:event_004_parent_turn_4 skipping — predecessor failed
2026-10-02 04:34:36,236 - inference_perf.datagen.replay.replay_graph_session_datagen - INFO - Event wekatrace324_f3852e8ca1ac3887151243be3467e483d725:event_005_parent_turn_5 skipping — predecessor failed
2026-10-02 04:34:36,237 - inference_perf.datagen.replay.replay_graph_session_datagen - INFO - Event wekatrace324_f3852e8ca1ac3887151243be3467e483d725:event_006_parent_turn_6 skipping — predecessor failed
2026-10-02 04:34:36,237 - inference_perf.datagen.replay.replay_graph_session_datagen - INFO - Event wekatrace324_f3852e8ca1ac3887151243be3467e483d725:event_007_parent_turn_7 skipping — predecessor failed
2026-10-02 04:34:36,237 - inference_perf.datagen.replay.replay_graph_session_datagen - INFO - Event wekatrace324_f3852e8ca1ac3887151243be3467e483d725:event_008_parent_turn_8 skipping — predecessor failed
2026-10-02 04:34:36,237 - inference_perf.datagen.replay.replay_graph_session_datagen - INFO - Event wekatrace324_f3852e8ca1ac3887151243be3467e483d725:event_009_parent_turn_9 skipping — predecessor failed
2026-10-02 04:34:36,237 - inference_perf.datagen.replay.replay_graph_session_datagen - INFO - Event wekatrace324_f3852e8ca1ac3887151243be3467e483d725:event_010_parent_turn_10 skipping — predecessor failed
2026-10-02 04:34:36,237 - inference_perf.datagen.replay.replay_graph_session_datagen - INFO - Event wekatrace324_f3852e8ca1ac3887151243be3467e483d725:event_011_parent_turn_11 skipping — predecessor failed
2026-10-02 04:34:36,237 - inference_perf.datagen.replay.replay_graph_session_datagen - INFO - Event wekatrace324_f3852e8ca1ac3887151243be3467e483d725:event_012_parent_turn_12 skipping — predecessor failed
2026-10-02 04:34:36,238 - inference_perf.datagen.replay.replay_graph_session_datagen - INFO - Event wekatrace324_f3852e8ca1ac3887151243be3467e483d725:event_013_parent_turn_13 skipping — predecessor failed
2026-10-02 04:34:36,238 - inference_perf.datagen.replay.replay_graph_session_datagen - INFO - Event wekatrace324_f3852e8ca1ac3887151243be3467e483d725:event_014_parent_turn_14 skipping — predecessor failed
2026-10-02 04:34:36,238 - inference_perf.datagen.replay.replay_graph_session_datagen - INFO - Event wekatrace324_f3852e8ca1ac3887151243be3467e483d725:event_015_parent_turn_15 skipping — predecessor failed
2026-10-02 04:34:36,238 - inference_perf.datagen.replay.replay_graph_session_datagen - INFO - Event wekatrace324_f3852e8ca1ac3887151243be3467e483d725:event_016_parent_turn_16 skipping — predecessor failed
2026-10-02 04:34:36,238 - inference_perf.datagen.replay.replay_graph_session_datagen - INFO - Event wekatrace324_f3852e8ca1ac3887151243be3467e483d725:event_017_parent_turn_17 skipping — predecessor failed
2026-10-02 04:34:36,238 - inference_perf.datagen.replay.replay_graph_session_datagen - INFO - Event wekatrace324_f3852e8ca1ac3887151243be3467e483d725:event_018_parent_turn_18 skipping — predecessor failed
2026-10-02 04:34:36,238 - inference_perf.datagen.replay.replay_graph_session_datagen - INFO - Event wekatrace324_f3852e8ca1ac3887151243be3467e483d725:event_019_parent_turn_19 skipping — predecessor failed
2026-10-02 04:34:36,238 - inference_perf.datagen.replay.replay_graph_session_datagen - INFO - Event wekatrace324_f3852e8ca1ac3887151243be3467e483d725:event_020_parent_turn_20 skipping — predecessor failed
2026-10-02 04:34:36,238 - inference_perf.datagen.replay.replay_graph_session_datagen - INFO - Event wekatrace324_f3852e8ca1ac3887151243be3467e483d725:event_021_parent_turn_21 skipping — predecessor failed
2026-10-02 04:34:36,239 - inference_perf.datagen.replay.replay_graph_session_datagen - INFO - Event wekatrace324_f3852e8ca1ac3887151243be3467e483d725:event_022_parent_turn_22 skipping — predecessor failed
2026-10-02 04:34:36,239 - inference_perf.datagen.replay.replay_graph_session_datagen - INFO - Event wekatrace324_f3852e8ca1ac3887151243be3467e483d725:event_023_parent_turn_23 skipping — predecessor failed
2026-10-02 04:34:36,239 - inference_perf.datagen.replay.replay_graph_session_datagen - INFO - Event wekatrace324_f3852e8ca1ac3887151243be3467e483d725:event_024_parent_turn_24 skipping — predecessor failed
2026-10-02 04:34:36,239 - inference_perf.datagen.replay.replay_graph_session_datagen - INFO - Event wekatrace324_f3852e8ca1ac3887151243be3467e483d725:event_025_parent_turn_25 skipping — predecessor failed
2026-10-02 04:34:36,239 - inference_perf.datagen.replay.replay_graph_session_datagen - INFO - Event wekatrace324_f3852e8ca1ac3887151243be3467e483d725:event_026_parent_turn_26 skipping — predecessor failed
2026-10-02 04:34:36,239 - inference_perf.datagen.replay.replay_graph_session_datagen - INFO - Event wekatrace324_f3852e8ca1ac3887151243be3467e483d725:event_027_parent_turn_27 skipping — predecessor failed
2026-10-02 04:34:36,239 - inference_perf.datagen.replay.replay_graph_session_datagen - INFO - Event wekatrace324_f3852e8ca1ac3887151243be3467e483d725:event_028_parent_turn_28 skipping — predecessor failed
2026-10-02 04:34:36,239 - inference_perf.datagen.replay.replay_graph_session_datagen - INFO - Event wekatrace324_f3852e8ca1ac3887151243be3467e483d725:event_029_parent_turn_29 skipping — predecessor failed
2026-10-02 04:34:36,239 - inference_perf.datagen.replay.replay_graph_session_datagen - INFO - Event wekatrace324_f3852e8ca1ac3887151243be3467e483d725:event_030_parent_turn_30 skipping — predecessor failed
2026-10-02 04:34:36,239 - inference_perf.datagen.replay.replay_graph_session_datagen - INFO - Event wekatrace324_f3852e8ca1ac3887151243be3467e483d725:event_031_parent_turn_31 skipping — predecessor failed
2026-10-02 04:34:36,240 - inference_perf.datagen.replay.replay_graph_session_datagen - INFO - Event wekatrace324_f3852e8ca1ac3887151243be3467e483d725:event_032_parent_turn_32 skipping — predecessor failed
2026-10-02 04:34:36,240 - inference_perf.datagen.replay.replay_graph_session_datagen - INFO - Event wekatrace324_f3852e8ca1ac3887151243be3467e483d725:event_033_parent_turn_33 skipping — predecessor failed
2026-10-02 04:34:36,240 - inference_perf.datagen.replay.replay_graph_session_datagen - INFO - Event wekatrace324_f3852e8ca1ac3887151243be3467e483d725:event_034_parent_turn_34 skipping — predecessor failed
2026-10-02 04:34:36,240 - inference_perf.datagen.replay.replay_graph_session_datagen - INFO - Event wekatrace324_f3852e8ca1ac3887151243be3467e483d725:event_035_parent_turn_35 skipping — predecessor failed
2026-10-02 04:34:36,240 - inference_perf.datagen.replay.replay_graph_session_datagen - INFO - Event wekatrace324_f3852e8ca1ac3887151243be3467e483d725:event_036_parent_turn_36 skipping — predecessor failed
2026-10-02 04:34:36,240 - inference_perf.datagen.replay.replay_graph_session_datagen - INFO - Event wekatrace324_f3852e8ca1ac3887151243be3467e483d725:event_037_parent_turn_37 skipping — predecessor failed
2026-10-02 04:34:36,240 - inference_perf.datagen.replay.replay_graph_session_datagen - INFO - Event wekatrace324_f3852e8ca1ac3887151243be3467e483d725:event_038_parent_turn_38 skipping — predecessor failed
2026-10-02 04:34:36,240 - inference_perf.datagen.replay.replay_graph_session_datagen - INFO - Event wekatrace324_f3852e8ca1ac3887151243be3467e483d725:event_039_parent_turn_39 skipping — predecessor failed
2026-10-02 04:34:36,241 - inference_perf.datagen.replay.replay_graph_session_datagen - INFO - Event wekatrace324_f3852e8ca1ac3887151243be3467e483d725:event_040_parent_turn_40 skipping — predecessor failed
2026-10-02 04:34:36,241 - inference_perf.datagen.replay.replay_graph_session_datagen - INFO - Event wekatrace324_f3852e8ca1ac3887151243be3467e483d725:event_041_parent_turn_41 skipping — predecessor failed
2026-10-02 04:34:36,241 - inference_perf.datagen.replay.replay_graph_session_datagen - INFO - Event wekatrace324_f3852e8ca1ac3887151243be3467e483d725:event_042_parent_turn_42 skipping — predecessor failed
2026-10-02 04:34:36,241 - inference_perf.datagen.replay.replay_graph_session_datagen - INFO - Event wekatrace324_f3852e8ca1ac3887151243be3467e483d725:event_043_parent_turn_43 skipping — predecessor failed
2026-10-02 04:34:36,241 - inference_perf.datagen.replay.replay_graph_session_datagen - INFO - Event wekatrace324_f3852e8ca1ac3887151243be3467e483d725:event_044_parent_turn_44 skipping — predecessor failed
2026-10-02 04:34:36,242 - inference_perf.datagen.replay.replay_graph_session_datagen - INFO - Event wekatrace324_f3852e8ca1ac3887151243be3467e483d725:event_045_parent_turn_45 skipping — predecessor failed
2026-10-02 04:34:36,242 - inference_perf.datagen.replay.replay_graph_session_datagen - INFO - Event wekatrace324_f3852e8ca1ac3887151243be3467e483d725:event_046_parent_turn_46 skipping — predecessor failed
2026-10-02 04:34:36,242 - inference_perf.datagen.replay.replay_graph_session_datagen - INFO - Event wekatrace324_f3852e8ca1ac3887151243be3467e483d725:event_047_parent_turn_47 skipping — predecessor failed
2026-10-02 04:34:36,242 - inference_perf.datagen.replay.replay_graph_session_datagen - INFO - Event wekatrace324_f3852e8ca1ac3887151243be3467e483d725:event_048_parent_turn_48 skipping — predecessor failed
2026-10-02 04:34:36,242 - inference_perf.datagen.replay.replay_graph_session_datagen - INFO - Event wekatrace324_f3852e8ca1ac3887151243be3467e483d725:event_049_parent_turn_49 skipping — predecessor failed
2026-10-02 04:34:36,242 - inference_perf.datagen.replay.replay_graph_session_datagen - INFO - Event wekatrace324_f3852e8ca1ac3887151243be3467e483d725:event_050_parent_turn_50 skipping — predecessor failed
2026-10-02 04:34:36,243 - inference_perf.datagen.replay.replay_graph_session_datagen - INFO - Event wekatrace324_f3852e8ca1ac3887151243be3467e483d725:event_051_parent_turn_51 skipping — predecessor failed
2026-10-02 04:34:36,243 - inference_perf.datagen.replay.replay_graph_session_datagen - INFO - Event wekatrace324_f3852e8ca1ac3887151243be3467e483d725:event_052_parent_turn_52 skipping — predecessor failed
2026-10-02 04:34:36,243 - inference_perf.datagen.replay.replay_graph_session_datagen - INFO - Event wekatrace324_f3852e8ca1ac3887151243be3467e483d725:event_053_parent_turn_53 skipping — predecessor failed
2026-10-02 04:34:36,243 - inference_perf.datagen.replay.replay_graph_session_datagen - INFO - Event wekatrace324_f3852e8ca1ac3887151243be3467e483d725:event_054_parent_turn_54 skipping — predecessor failed
2026-10-02 04:34:36,243 - inference_perf.datagen.replay.replay_graph_session_datagen - INFO - Event wekatrace324_f3852e8ca1ac3887151243be3467e483d725:event_055_parent_turn_55 skipping — predecessor failed
2026-10-02 04:34:36,243 - inference_perf.datagen.replay.replay_graph_session_datagen - INFO - Event wekatrace324_f3852e8ca1ac3887151243be3467e483d725:event_056_parent_turn_56 skipping — predecessor failed
2026-10-02 04:34:36,244 - inference_perf.datagen.replay.replay_graph_session_datagen - INFO - Event wekatrace324_f3852e8ca1ac3887151243be3467e483d725:event_057_parent_turn_57 skipping — predecessor failed
2026-10-02 04:34:36,244 - inference_perf.datagen.replay.replay_graph_session_datagen - INFO - Event wekatrace324_f3852e8ca1ac3887151243be3467e483d725:event_058_parent_turn_58 skipping — predecessor failed
2026-10-02 04:34:36,244 - inference_perf.datagen.replay.replay_graph_session_datagen - INFO - Event wekatrace324_f3852e8ca1ac3887151243be3467e483d725:event_059_parent_turn_59 skipping — predecessor failed
2026-10-02 04:34:36,244 - inference_perf.datagen.replay.replay_graph_session_datagen - INFO - Event wekatrace324_f3852e8ca1ac3887151243be3467e483d725:event_060_parent_turn_60 skipping — predecessor failed
2026-10-02 04:34:36,244 - inference_perf.datagen.replay.replay_graph_session_datagen - INFO - Event wekatrace324_f3852e8ca1ac3887151243be3467e483d725:event_061_parent_turn_61 skipping — predecessor failed
2026-10-02 04:34:36,244 - inference_perf.datagen.replay.replay_graph_session_datagen - INFO - Event wekatrace324_f3852e8ca1ac3887151243be3467e483d725:event_062_parent_turn_62 skipping — predecessor failed
2026-10-02 04:34:36,255 - inference_perf.datagen.replay.replay_graph_session_datagen - INFO - Dispatching session wekatrace22_1186d32070428ea303de493d61ee3effd467: 39 events
2026-10-02 04:34:37,233 - inference_perf.datagen.replay.replay_graph_session_datagen - ERROR - Request failed for event wekatrace138_792a769fe13dd05abd68d240f774472e5340:event_003_parent_turn_3: TimeoutError: 
2026-10-02 04:34:37,233 - inference_perf.datagen.replay.replay_graph_session_datagen - INFO - Session wekatrace138_792a769fe13dd05abd68d240f774472e5340 failure notification sent to main process (cancelled_events=24)
2026-10-02 04:34:37,234 - inference_perf.client.modelserver.openai_client - ERROR - 
Traceback (most recent call last):
  File "/workspace/.venv/lib/python3.12/site-packages/aiohttp/streams.py", line 365, in _wait
    await waiter
asyncio.exceptions.CancelledError

The above exception was the direct cause of the following exception:

Traceback (most recent call last):
  File "/workspace/inference_perf/apis/streaming_parser.py", line 84, in parse_sse_stream
    async for chunk in response.content.iter_any():
  File "/workspace/.venv/lib/python3.12/site-packages/aiohttp/streams.py", line 46, in __anext__
    rv = await self.read_func()
         ^^^^^^^^^^^^^^^^^^^^^^
  File "/workspace/.venv/lib/python3.12/site-packages/aiohttp/streams.py", line 460, in readany
    await self._wait("readany")
  File "/workspace/.venv/lib/python3.12/site-packages/aiohttp/streams.py", line 364, in _wait
    with self._timer:
         ^^^^^^^^^^^
  File "/workspace/.venv/lib/python3.12/site-packages/aiohttp/helpers.py", line 759, in __exit__
    raise asyncio.TimeoutError from exc_val
TimeoutError

The above exception was the direct cause of the following exception:

Traceback (most recent call last):
  File "/workspace/inference_perf/client/modelserver/openai_client.py", line 557, in process_request
    info = await data.process_response(
           ^^^^^^^^^^^^^^^^^^^^^^^^^^^^
  File "/workspace/inference_perf/datagen/replay/replay_graph_session_datagen.py", line 1039, in process_response
    text_content, chunk_times, raw_content, response_chunks, server_usage = await parse_sse_stream(
                                                                            ^^^^^^^^^^^^^^^^^^^^^^^
  File "/workspace/inference_perf/apis/streaming_parser.py", line 119, in parse_sse_stream
    raise StreamInterruptedError(e, raw_content.decode("utf-8", errors="ignore")) from e
inference_perf.apis.streaming_parser.StreamInterruptedError
2026-10-02 04:34:37,236 - inference_perf.datagen.replay.replay_graph_session_datagen - INFO - Event wekatrace138_792a769fe13dd05abd68d240f774472e5340:event_004_parent_turn_4 skipping — predecessor failed
2026-10-02 04:34:37,236 - inference_perf.datagen.replay.replay_graph_session_datagen - INFO - Event wekatrace138_792a769fe13dd05abd68d240f774472e5340:event_005_parent_turn_5 skipping — predecessor failed
2026-10-02 04:34:37,237 - inference_perf.datagen.replay.replay_graph_session_datagen - INFO - Event wekatrace138_792a769fe13dd05abd68d240f774472e5340:event_006_parent_turn_6 skipping — predecessor failed
2026-10-02 04:34:37,237 - inference_perf.datagen.replay.replay_graph_session_datagen - INFO - Event wekatrace138_792a769fe13dd05abd68d240f774472e5340:event_007_parent_turn_7 skipping — predecessor failed
2026-10-02 04:34:37,237 - inference_perf.datagen.replay.replay_graph_session_datagen - INFO - Event wekatrace138_792a769fe13dd05abd68d240f774472e5340:event_008_parent_turn_8 skipping — predecessor failed
2026-10-02 04:34:37,237 - inference_perf.datagen.replay.replay_graph_session_datagen - INFO - Event wekatrace138_792a769fe13dd05abd68d240f774472e5340:event_009_parent_turn_9 skipping — predecessor failed
2026-10-02 04:34:37,237 - inference_perf.datagen.replay.replay_graph_session_datagen - INFO - Event wekatrace138_792a769fe13dd05abd68d240f774472e5340:event_010_parent_turn_10 skipping — predecessor failed
2026-10-02 04:34:37,237 - inference_perf.datagen.replay.replay_graph_session_datagen - INFO - Event wekatrace138_792a769fe13dd05abd68d240f774472e5340:event_011_parent_turn_11 skipping — predecessor failed
2026-10-02 04:34:37,237 - inference_perf.datagen.replay.replay_graph_session_datagen - INFO - Event wekatrace138_792a769fe13dd05abd68d240f774472e5340:event_012_parent_turn_12 skipping — predecessor failed
2026-10-02 04:34:37,237 - inference_perf.datagen.replay.replay_graph_session_datagen - INFO - Event wekatrace138_792a769fe13dd05abd68d240f774472e5340:event_013_parent_turn_13 skipping — predecessor failed
2026-10-02 04:34:37,238 - inference_perf.datagen.replay.replay_graph_session_datagen - INFO - Event wekatrace138_792a769fe13dd05abd68d240f774472e5340:event_014_parent_turn_14 skipping — predecessor failed
2026-10-02 04:34:37,238 - inference_perf.datagen.replay.replay_graph_session_datagen - INFO - Event wekatrace138_792a769fe13dd05abd68d240f774472e5340:event_015_parent_turn_15 skipping — predecessor failed
2026-10-02 04:34:37,238 - inference_perf.datagen.replay.replay_graph_session_datagen - INFO - Event wekatrace138_792a769fe13dd05abd68d240f774472e5340:event_016_parent_turn_16 skipping — predecessor failed
2026-10-02 04:34:37,238 - inference_perf.datagen.replay.replay_graph_session_datagen - INFO - Event wekatrace138_792a769fe13dd05abd68d240f774472e5340:event_017_parent_turn_17 skipping — predecessor failed
2026-10-02 04:34:37,238 - inference_perf.datagen.replay.replay_graph_session_datagen - INFO - Event wekatrace138_792a769fe13dd05abd68d240f774472e5340:event_018_parent_turn_18 skipping — predecessor failed
2026-10-02 04:34:37,238 - inference_perf.datagen.replay.replay_graph_session_datagen - INFO - Event wekatrace138_792a769fe13dd05abd68d240f774472e5340:event_019_parent_turn_19 skipping — predecessor failed
2026-10-02 04:34:37,238 - inference_perf.datagen.replay.replay_graph_session_datagen - INFO - Event wekatrace138_792a769fe13dd05abd68d240f774472e5340:event_020_parent_turn_20 skipping — predecessor failed
2026-10-02 04:34:37,238 - inference_perf.datagen.replay.replay_graph_session_datagen - INFO - Event wekatrace138_792a769fe13dd05abd68d240f774472e5340:event_021_parent_turn_21 skipping — predecessor failed
2026-10-02 04:34:37,238 - inference_perf.datagen.replay.replay_graph_session_datagen - INFO - Event wekatrace138_792a769fe13dd05abd68d240f774472e5340:event_022_parent_turn_22 skipping — predecessor failed
2026-10-02 04:34:37,239 - inference_perf.datagen.replay.replay_graph_session_datagen - INFO - Event wekatrace138_792a769fe13dd05abd68d240f774472e5340:event_023_parent_turn_23 skipping — predecessor failed
2026-10-02 04:34:37,239 - inference_perf.datagen.replay.replay_graph_session_datagen - INFO - Event wekatrace138_792a769fe13dd05abd68d240f774472e5340:event_024_parent_turn_24 skipping — predecessor failed
2026-10-02 04:34:37,239 - inference_perf.datagen.replay.replay_graph_session_datagen - INFO - Event wekatrace138_792a769fe13dd05abd68d240f774472e5340:event_025_parent_turn_25 skipping — predecessor failed
2026-10-02 04:34:37,239 - inference_perf.datagen.replay.replay_graph_session_datagen - INFO - Event wekatrace138_792a769fe13dd05abd68d240f774472e5340:event_026_parent_turn_26 skipping — predecessor failed
2026-10-02 04:34:37,239 - inference_perf.datagen.replay.replay_graph_session_datagen - INFO - Event wekatrace138_792a769fe13dd05abd68d240f774472e5340:event_027_parent_turn_27 skipping — predecessor failed
2026-10-02 04:34:37,263 - inference_perf.datagen.replay.replay_graph_session_datagen - INFO - Dispatching session wekatrace279_d4d2051c560f2bc26535d53381b05cefd934: 40 events
2026-10-02 04:35:00,233 - inference_perf.datagen.replay.replay_graph_session_datagen - ERROR - Request failed for event wekatrace214_acbce458d2237f6e569c5e7bd386d226f466:event_001_parent_turn_1: TimeoutError: 
2026-10-02 04:35:00,233 - inference_perf.datagen.replay.replay_graph_session_datagen - ERROR - Request failed for event wekatrace163_8e1a61685e99ae7d274a5b2b23ee761076d7:event_003_parent_turn_3: TimeoutError: 
2026-10-02 04:35:00,233 - inference_perf.datagen.replay.replay_graph_session_datagen - ERROR - Request failed for event wekatrace1_01fece675b92efe07620225cd69c3884f774:event_001_parent_turn_1: TimeoutError: 
2026-10-02 04:35:00,233 - inference_perf.datagen.replay.replay_graph_session_datagen - ERROR - Request failed for event wekatrace243_bea7dc50de14489cd502c85c419f46aa7c88:event_001_parent_turn_1: TimeoutError: 
2026-10-02 04:35:00,233 - inference_perf.datagen.replay.replay_graph_session_datagen - INFO - Session wekatrace214_acbce458d2237f6e569c5e7bd386d226f466 failure notification sent to main process (cancelled_events=51)
2026-10-02 04:35:00,233 - inference_perf.datagen.replay.replay_graph_session_datagen - INFO - Session wekatrace243_bea7dc50de14489cd502c85c419f46aa7c88 failure notification sent to main process (cancelled_events=82)
2026-10-02 04:35:00,234 - inference_perf.datagen.replay.replay_graph_session_datagen - INFO - Session wekatrace163_8e1a61685e99ae7d274a5b2b23ee761076d7 failure notification sent to main process (cancelled_events=69)
2026-10-02 04:35:00,233 - inference_perf.client.modelserver.openai_client - ERROR - 
Traceback (most recent call last):
  File "/workspace/.venv/lib/python3.12/site-packages/aiohttp/streams.py", line 365, in _wait
    await waiter
asyncio.exceptions.CancelledError

The above exception was the direct cause of the following exception:

Traceback (most recent call last):
  File "/workspace/inference_perf/apis/streaming_parser.py", line 84, in parse_sse_stream
    async for chunk in response.content.iter_any():
  File "/workspace/.venv/lib/python3.12/site-packages/aiohttp/streams.py", line 46, in __anext__
    rv = await self.read_func()
         ^^^^^^^^^^^^^^^^^^^^^^
  File "/workspace/.venv/lib/python3.12/site-packages/aiohttp/streams.py", line 460, in readany
    await self._wait("readany")
  File "/workspace/.venv/lib/python3.12/site-packages/aiohttp/streams.py", line 364, in _wait
    with self._timer:
         ^^^^^^^^^^^
  File "/workspace/.venv/lib/python3.12/site-packages/aiohttp/helpers.py", line 759, in __exit__
    raise asyncio.TimeoutError from exc_val
TimeoutError

The above exception was the direct cause of the following exception:

Traceback (most recent call last):
  File "/workspace/inference_perf/client/modelserver/openai_client.py", line 557, in process_request
    info = await data.process_response(
           ^^^^^^^^^^^^^^^^^^^^^^^^^^^^
  File "/workspace/inference_perf/datagen/replay/replay_graph_session_datagen.py", line 1039, in process_response
    text_content, chunk_times, raw_content, response_chunks, server_usage = await parse_sse_stream(
                                                                            ^^^^^^^^^^^^^^^^^^^^^^^
  File "/workspace/inference_perf/apis/streaming_parser.py", line 119, in parse_sse_stream
    raise StreamInterruptedError(e, raw_content.decode("utf-8", errors="ignore")) from e
inference_perf.apis.streaming_parser.StreamInterruptedError
2026-10-02 04:35:00,235 - inference_perf.datagen.replay.replay_graph_session_datagen - INFO - Session wekatrace1_01fece675b92efe07620225cd69c3884f774 failure notification sent to main process (cancelled_events=26)
2026-10-02 04:35:00,234 - inference_perf.client.modelserver.openai_client - ERROR - 
Traceback (most recent call last):
  File "/workspace/.venv/lib/python3.12/site-packages/aiohttp/streams.py", line 365, in _wait
    await waiter
asyncio.exceptions.CancelledError

The above exception was the direct cause of the following exception:

Traceback (most recent call last):
  File "/workspace/inference_perf/apis/streaming_parser.py", line 84, in parse_sse_stream
    async for chunk in response.content.iter_any():
  File "/workspace/.venv/lib/python3.12/site-packages/aiohttp/streams.py", line 46, in __anext__
    rv = await self.read_func()
         ^^^^^^^^^^^^^^^^^^^^^^
  File "/workspace/.venv/lib/python3.12/site-packages/aiohttp/streams.py", line 460, in readany
    await self._wait("readany")
  File "/workspace/.venv/lib/python3.12/site-packages/aiohttp/streams.py", line 364, in _wait
    with self._timer:
         ^^^^^^^^^^^
  File "/workspace/.venv/lib/python3.12/site-packages/aiohttp/helpers.py", line 759, in __exit__
    raise asyncio.TimeoutError from exc_val
TimeoutError

The above exception was the direct cause of the following exception:

Traceback (most recent call last):
  File "/workspace/inference_perf/client/modelserver/openai_client.py", line 557, in process_request
    info = await data.process_response(
           ^^^^^^^^^^^^^^^^^^^^^^^^^^^^
  File "/workspace/inference_perf/datagen/replay/replay_graph_session_datagen.py", line 1039, in process_response
    text_content, chunk_times, raw_content, response_chunks, server_usage = await parse_sse_stream(
                                                                            ^^^^^^^^^^^^^^^^^^^^^^^
  File "/workspace/inference_perf/apis/streaming_parser.py", line 119, in parse_sse_stream
    raise StreamInterruptedError(e, raw_content.decode("utf-8", errors="ignore")) from e
inference_perf.apis.streaming_parser.StreamInterruptedError
2026-10-02 04:35:00,234 - inference_perf.client.modelserver.openai_client - ERROR - 
Traceback (most recent call last):
  File "/workspace/.venv/lib/python3.12/site-packages/aiohttp/streams.py", line 365, in _wait
    await waiter
asyncio.exceptions.CancelledError

The above exception was the direct cause of the following exception:

Traceback (most recent call last):
  File "/workspace/inference_perf/apis/streaming_parser.py", line 84, in parse_sse_stream
    async for chunk in response.content.iter_any():
  File "/workspace/.venv/lib/python3.12/site-packages/aiohttp/streams.py", line 46, in __anext__
    rv = await self.read_func()
         ^^^^^^^^^^^^^^^^^^^^^^
  File "/workspace/.venv/lib/python3.12/site-packages/aiohttp/streams.py", line 460, in readany
    await self._wait("readany")
  File "/workspace/.venv/lib/python3.12/site-packages/aiohttp/streams.py", line 364, in _wait
    with self._timer:
         ^^^^^^^^^^^
  File "/workspace/.venv/lib/python3.12/site-packages/aiohttp/helpers.py", line 759, in __exit__
    raise asyncio.TimeoutError from exc_val
TimeoutError

The above exception was the direct cause of the following exception:

Traceback (most recent call last):
  File "/workspace/inference_perf/client/modelserver/openai_client.py", line 557, in process_request
    info = await data.process_response(
           ^^^^^^^^^^^^^^^^^^^^^^^^^^^^
  File "/workspace/inference_perf/datagen/replay/replay_graph_session_datagen.py", line 1039, in process_response
    text_content, chunk_times, raw_content, response_chunks, server_usage = await parse_sse_stream(
                                                                            ^^^^^^^^^^^^^^^^^^^^^^^
  File "/workspace/inference_perf/apis/streaming_parser.py", line 119, in parse_sse_stream
    raise StreamInterruptedError(e, raw_content.decode("utf-8", errors="ignore")) from e
inference_perf.apis.streaming_parser.StreamInterruptedError
2026-10-02 04:35:00,236 - inference_perf.datagen.replay.replay_graph_session_datagen - INFO - Event wekatrace163_8e1a61685e99ae7d274a5b2b23ee761076d7:event_004_parent_turn_4 skipping — predecessor failed
2026-10-02 04:35:00,236 - inference_perf.datagen.replay.replay_graph_session_datagen - INFO - Event wekatrace163_8e1a61685e99ae7d274a5b2b23ee761076d7:event_005_parent_turn_5 skipping — predecessor failed
2026-10-02 04:35:00,236 - inference_perf.datagen.replay.replay_graph_session_datagen - INFO - Event wekatrace163_8e1a61685e99ae7d274a5b2b23ee761076d7:event_006_parent_turn_6 skipping — predecessor failed
2026-10-02 04:35:00,236 - inference_perf.datagen.replay.replay_graph_session_datagen - INFO - Event wekatrace163_8e1a61685e99ae7d274a5b2b23ee761076d7:event_007_parent_turn_7 skipping — predecessor failed
2026-10-02 04:35:00,236 - inference_perf.datagen.replay.replay_graph_session_datagen - INFO - Event wekatrace214_acbce458d2237f6e569c5e7bd386d226f466:event_002_parent_turn_2 skipping — predecessor failed
2026-10-02 04:35:00,236 - inference_perf.datagen.replay.replay_graph_session_datagen - INFO - Event wekatrace163_8e1a61685e99ae7d274a5b2b23ee761076d7:event_008_parent_turn_8 skipping — predecessor failed
2026-10-02 04:35:00,236 - inference_perf.datagen.replay.replay_graph_session_datagen - INFO - Event wekatrace214_acbce458d2237f6e569c5e7bd386d226f466:event_003_parent_turn_3 skipping — predecessor failed
2026-10-02 04:35:00,236 - inference_perf.datagen.replay.replay_graph_session_datagen - INFO - Event wekatrace214_acbce458d2237f6e569c5e7bd386d226f466:event_004_parent_turn_4 skipping — predecessor failed
2026-10-02 04:35:00,236 - inference_perf.datagen.replay.replay_graph_session_datagen - INFO - Event wekatrace214_acbce458d2237f6e569c5e7bd386d226f466:event_005_parent_turn_5 skipping — predecessor failed
2026-10-02 04:35:00,236 - inference_perf.datagen.replay.replay_graph_session_datagen - INFO - Event wekatrace243_bea7dc50de14489cd502c85c419f46aa7c88:event_002_sa_subagent_001_eb4bc368_s0_turn_0 skipping — predecessor failed
2026-10-02 04:35:00,237 - inference_perf.datagen.replay.replay_graph_session_datagen - INFO - Event wekatrace214_acbce458d2237f6e569c5e7bd386d226f466:event_006_parent_turn_6 skipping — predecessor failed
2026-10-02 04:35:00,237 - inference_perf.datagen.replay.replay_graph_session_datagen - INFO - Event wekatrace243_bea7dc50de14489cd502c85c419f46aa7c88:event_029_parent_turn_2 skipping — predecessor failed
2026-10-02 04:35:00,237 - inference_perf.datagen.replay.replay_graph_session_datagen - INFO - Event wekatrace214_acbce458d2237f6e569c5e7bd386d226f466:event_007_parent_turn_7 skipping — predecessor failed
2026-10-02 04:35:00,237 - inference_perf.datagen.replay.replay_graph_session_datagen - INFO - Event wekatrace243_bea7dc50de14489cd502c85c419f46aa7c88:event_003_sa_subagent_001_eb4bc368_s0_turn_1 skipping — predecessor failed
2026-10-02 04:35:00,237 - inference_perf.datagen.replay.replay_graph_session_datagen - INFO - Event wekatrace214_acbce458d2237f6e569c5e7bd386d226f466:event_008_parent_turn_8 skipping — predecessor failed
2026-10-02 04:35:00,237 - inference_perf.datagen.replay.replay_graph_session_datagen - INFO - Event wekatrace163_8e1a61685e99ae7d274a5b2b23ee761076d7:event_009_parent_turn_9 skipping — predecessor failed
2026-10-02 04:35:00,237 - inference_perf.datagen.replay.replay_graph_session_datagen - INFO - Event wekatrace243_bea7dc50de14489cd502c85c419f46aa7c88:event_030_parent_turn_3 skipping — predecessor failed
2026-10-02 04:35:00,237 - inference_perf.datagen.replay.replay_graph_session_datagen - INFO - Event wekatrace214_acbce458d2237f6e569c5e7bd386d226f466:event_009_parent_turn_9 skipping — predecessor failed
2026-10-02 04:35:00,237 - inference_perf.datagen.replay.replay_graph_session_datagen - INFO - Event wekatrace163_8e1a61685e99ae7d274a5b2b23ee761076d7:event_010_parent_turn_10 skipping — predecessor failed
2026-10-02 04:35:00,237 - inference_perf.datagen.replay.replay_graph_session_datagen - INFO - Event wekatrace214_acbce458d2237f6e569c5e7bd386d226f466:event_010_parent_turn_10 skipping — predecessor failed
2026-10-02 04:35:00,237 - inference_perf.datagen.replay.replay_graph_session_datagen - INFO - Event wekatrace243_bea7dc50de14489cd502c85c419f46aa7c88:event_004_sa_subagent_001_eb4bc368_s0_turn_2 skipping — predecessor failed
2026-10-02 04:35:00,237 - inference_perf.datagen.replay.replay_graph_session_datagen - INFO - Event wekatrace163_8e1a61685e99ae7d274a5b2b23ee761076d7:event_011_parent_turn_11 skipping — predecessor failed
2026-10-02 04:35:00,237 - inference_perf.datagen.replay.replay_graph_session_datagen - INFO - Event wekatrace214_acbce458d2237f6e569c5e7bd386d226f466:event_011_parent_turn_11 skipping — predecessor failed
2026-10-02 04:35:00,237 - inference_perf.datagen.replay.replay_graph_session_datagen - INFO - Event wekatrace163_8e1a61685e99ae7d274a5b2b23ee761076d7:event_012_parent_turn_12 skipping — predecessor failed
2026-10-02 04:35:00,237 - inference_perf.datagen.replay.replay_graph_session_datagen - INFO - Event wekatrace243_bea7dc50de14489cd502c85c419f46aa7c88:event_031_parent_turn_4 skipping — predecessor failed
2026-10-02 04:35:00,237 - inference_perf.datagen.replay.replay_graph_session_datagen - INFO - Event wekatrace214_acbce458d2237f6e569c5e7bd386d226f466:event_012_parent_turn_12 skipping — predecessor failed
2026-10-02 04:35:00,237 - inference_perf.datagen.replay.replay_graph_session_datagen - INFO - Event wekatrace163_8e1a61685e99ae7d274a5b2b23ee761076d7:event_013_parent_turn_13 skipping — predecessor failed
2026-10-02 04:35:00,237 - inference_perf.datagen.replay.replay_graph_session_datagen - INFO - Event wekatrace163_8e1a61685e99ae7d274a5b2b23ee761076d7:event_014_parent_turn_14 skipping — predecessor failed
2026-10-02 04:35:00,237 - inference_perf.datagen.replay.replay_graph_session_datagen - INFO - Event wekatrace214_acbce458d2237f6e569c5e7bd386d226f466:event_013_parent_turn_13 skipping — predecessor failed
2026-10-02 04:35:00,237 - inference_perf.datagen.replay.replay_graph_session_datagen - INFO - Event wekatrace214_acbce458d2237f6e569c5e7bd386d226f466:event_014_parent_turn_14 skipping — predecessor failed
2026-10-02 04:35:00,237 - inference_perf.datagen.replay.replay_graph_session_datagen - INFO - Event wekatrace163_8e1a61685e99ae7d274a5b2b23ee761076d7:event_015_parent_turn_15 skipping — predecessor failed
2026-10-02 04:35:00,238 - inference_perf.datagen.replay.replay_graph_session_datagen - INFO - Event wekatrace163_8e1a61685e99ae7d274a5b2b23ee761076d7:event_016_parent_turn_16 skipping — predecessor failed
2026-10-02 04:35:00,238 - inference_perf.datagen.replay.replay_graph_session_datagen - INFO - Event wekatrace214_acbce458d2237f6e569c5e7bd386d226f466:event_015_parent_turn_15 skipping — predecessor failed
2026-10-02 04:35:00,238 - inference_perf.datagen.replay.replay_graph_session_datagen - INFO - Event wekatrace214_acbce458d2237f6e569c5e7bd386d226f466:event_016_parent_turn_16 skipping — predecessor failed
2026-10-02 04:35:00,238 - inference_perf.datagen.replay.replay_graph_session_datagen - INFO - Event wekatrace163_8e1a61685e99ae7d274a5b2b23ee761076d7:event_017_parent_turn_17 skipping — predecessor failed
2026-10-02 04:35:00,238 - inference_perf.datagen.replay.replay_graph_session_datagen - INFO - Event wekatrace214_acbce458d2237f6e569c5e7bd386d226f466:event_017_parent_turn_17 skipping — predecessor failed
2026-10-02 04:35:00,238 - inference_perf.datagen.replay.replay_graph_session_datagen - INFO - Event wekatrace243_bea7dc50de14489cd502c85c419f46aa7c88:event_005_sa_subagent_001_eb4bc368_s0_turn_3 skipping — predecessor failed
2026-10-02 04:35:00,238 - inference_perf.datagen.replay.replay_graph_session_datagen - INFO - Event wekatrace163_8e1a61685e99ae7d274a5b2b23ee761076d7:event_018_parent_turn_18 skipping — predecessor failed
2026-10-02 04:35:00,238 - inference_perf.datagen.replay.replay_graph_session_datagen - INFO - Event wekatrace214_acbce458d2237f6e569c5e7bd386d226f466:event_018_parent_turn_18 skipping — predecessor failed
2026-10-02 04:35:00,238 - inference_perf.datagen.replay.replay_graph_session_datagen - INFO - Event wekatrace243_bea7dc50de14489cd502c85c419f46aa7c88:event_032_parent_turn_5 skipping — predecessor failed
2026-10-02 04:35:00,238 - inference_perf.datagen.replay.replay_graph_session_datagen - INFO - Event wekatrace163_8e1a61685e99ae7d274a5b2b23ee761076d7:event_019_parent_turn_19 skipping — predecessor failed
2026-10-02 04:35:00,238 - inference_perf.datagen.replay.replay_graph_session_datagen - INFO - Event wekatrace214_acbce458d2237f6e569c5e7bd386d226f466:event_019_parent_turn_19 skipping — predecessor failed
2026-10-02 04:35:00,238 - inference_perf.datagen.replay.replay_graph_session_datagen - INFO - Event wekatrace163_8e1a61685e99ae7d274a5b2b23ee761076d7:event_020_parent_turn_20 skipping — predecessor failed
2026-10-02 04:35:00,238 - inference_perf.datagen.replay.replay_graph_session_datagen - INFO - Event wekatrace214_acbce458d2237f6e569c5e7bd386d226f466:event_020_parent_turn_20 skipping — predecessor failed
2026-10-02 04:35:00,238 - inference_perf.datagen.replay.replay_graph_session_datagen - INFO - Event wekatrace243_bea7dc50de14489cd502c85c419f46aa7c88:event_006_sa_subagent_001_eb4bc368_s0_turn_4 skipping — predecessor failed
2026-10-02 04:35:00,235 - inference_perf.client.modelserver.openai_client - ERROR - 
Traceback (most recent call last):
  File "/workspace/.venv/lib/python3.12/site-packages/aiohttp/streams.py", line 365, in _wait
    await waiter
asyncio.exceptions.CancelledError

The above exception was the direct cause of the following exception:

Traceback (most recent call last):
  File "/workspace/inference_perf/apis/streaming_parser.py", line 84, in parse_sse_stream
    async for chunk in response.content.iter_any():
  File "/workspace/.venv/lib/python3.12/site-packages/aiohttp/streams.py", line 46, in __anext__
    rv = await self.read_func()
         ^^^^^^^^^^^^^^^^^^^^^^
  File "/workspace/.venv/lib/python3.12/site-packages/aiohttp/streams.py", line 460, in readany
    await self._wait("readany")
  File "/workspace/.venv/lib/python3.12/site-packages/aiohttp/streams.py", line 364, in _wait
    with self._timer:
         ^^^^^^^^^^^
  File "/workspace/.venv/lib/python3.12/site-packages/aiohttp/helpers.py", line 759, in __exit__
    raise asyncio.TimeoutError from exc_val
TimeoutError

The above exception was the direct cause of the following exception:

Traceback (most recent call last):
  File "/workspace/inference_perf/client/modelserver/openai_client.py", line 557, in process_request
    info = await data.process_response(
           ^^^^^^^^^^^^^^^^^^^^^^^^^^^^
  File "/workspace/inference_perf/datagen/replay/replay_graph_session_datagen.py", line 1039, in process_response
    text_content, chunk_times, raw_content, response_chunks, server_usage = await parse_sse_stream(
                                                                            ^^^^^^^^^^^^^^^^^^^^^^^
  File "/workspace/inference_perf/apis/streaming_parser.py", line 119, in parse_sse_stream
    raise StreamInterruptedError(e, raw_content.decode("utf-8", errors="ignore")) from e
inference_perf.apis.streaming_parser.StreamInterruptedError
2026-10-02 04:35:00,239 - inference_perf.datagen.replay.replay_graph_session_datagen - INFO - Event wekatrace163_8e1a61685e99ae7d274a5b2b23ee761076d7:event_021_parent_turn_21 skipping — predecessor failed
2026-10-02 04:35:00,239 - inference_perf.datagen.replay.replay_graph_session_datagen - INFO - Event wekatrace214_acbce458d2237f6e569c5e7bd386d226f466:event_021_parent_turn_21 skipping — predecessor failed
2026-10-02 04:35:00,239 - inference_perf.datagen.replay.replay_graph_session_datagen - INFO - Event wekatrace243_bea7dc50de14489cd502c85c419f46aa7c88:event_033_parent_turn_6 skipping — predecessor failed
2026-10-02 04:35:00,239 - inference_perf.datagen.replay.replay_graph_session_datagen - INFO - Event wekatrace163_8e1a61685e99ae7d274a5b2b23ee761076d7:event_022_parent_turn_22 skipping — predecessor failed
2026-10-02 04:35:00,239 - inference_perf.datagen.replay.replay_graph_session_datagen - INFO - Event wekatrace214_acbce458d2237f6e569c5e7bd386d226f466:event_022_parent_turn_22 skipping — predecessor failed
2026-10-02 04:35:00,239 - inference_perf.datagen.replay.replay_graph_session_datagen - ERROR - Request failed for event wekatrace303_e5fbd6dfd130daf14f0059747c5481e7503e:event_001_parent_turn_1: TimeoutError: 
2026-10-02 04:35:00,239 - inference_perf.datagen.replay.replay_graph_session_datagen - INFO - Event wekatrace214_acbce458d2237f6e569c5e7bd386d226f466:event_023_parent_turn_23 skipping — predecessor failed
2026-10-02 04:35:00,239 - inference_perf.datagen.replay.replay_graph_session_datagen - INFO - Event wekatrace243_bea7dc50de14489cd502c85c419f46aa7c88:event_007_sa_subagent_001_eb4bc368_s0_turn_5 skipping — predecessor failed
2026-10-02 04:35:00,239 - inference_perf.datagen.replay.replay_graph_session_datagen - INFO - Event wekatrace163_8e1a61685e99ae7d274a5b2b23ee761076d7:event_023_parent_turn_23 skipping — predecessor failed
2026-10-02 04:35:00,239 - inference_perf.datagen.replay.replay_graph_session_datagen - INFO - Event wekatrace214_acbce458d2237f6e569c5e7bd386d226f466:event_024_parent_turn_24 skipping — predecessor failed
2026-10-02 04:35:00,239 - inference_perf.datagen.replay.replay_graph_session_datagen - INFO - Event wekatrace163_8e1a61685e99ae7d274a5b2b23ee761076d7:event_024_parent_turn_24 skipping — predecessor failed
2026-10-02 04:35:00,239 - inference_perf.datagen.replay.replay_graph_session_datagen - INFO - Event wekatrace243_bea7dc50de14489cd502c85c419f46aa7c88:event_034_parent_turn_7 skipping — predecessor failed
2026-10-02 04:35:00,239 - inference_perf.datagen.replay.replay_graph_session_datagen - INFO - Event wekatrace163_8e1a61685e99ae7d274a5b2b23ee761076d7:event_025_parent_turn_25 skipping — predecessor failed
2026-10-02 04:35:00,239 - inference_perf.datagen.replay.replay_graph_session_datagen - INFO - Event wekatrace214_acbce458d2237f6e569c5e7bd386d226f466:event_025_parent_turn_25 skipping — predecessor failed
2026-10-02 04:35:00,239 - inference_perf.datagen.replay.replay_graph_session_datagen - INFO - Event wekatrace163_8e1a61685e99ae7d274a5b2b23ee761076d7:event_026_parent_turn_26 skipping — predecessor failed
2026-10-02 04:35:00,239 - inference_perf.datagen.replay.replay_graph_session_datagen - INFO - Event wekatrace214_acbce458d2237f6e569c5e7bd386d226f466:event_026_parent_turn_26 skipping — predecessor failed
2026-10-02 04:35:00,239 - inference_perf.datagen.replay.replay_graph_session_datagen - INFO - Event wekatrace163_8e1a61685e99ae7d274a5b2b23ee761076d7:event_027_parent_turn_27 skipping — predecessor failed
2026-10-02 04:35:00,239 - inference_perf.datagen.replay.replay_graph_session_datagen - INFO - Event wekatrace243_bea7dc50de14489cd502c85c419f46aa7c88:event_008_sa_subagent_001_eb4bc368_s0_turn_6 skipping — predecessor failed
2026-10-02 04:35:00,239 - inference_perf.datagen.replay.replay_graph_session_datagen - INFO - Event wekatrace214_acbce458d2237f6e569c5e7bd386d226f466:event_027_parent_turn_27 skipping — predecessor failed
2026-10-02 04:35:00,240 - inference_perf.datagen.replay.replay_graph_session_datagen - INFO - Event wekatrace243_bea7dc50de14489cd502c85c419f46aa7c88:event_035_parent_turn_8 skipping — predecessor failed
2026-10-02 04:35:00,240 - inference_perf.datagen.replay.replay_graph_session_datagen - INFO - Event wekatrace214_acbce458d2237f6e569c5e7bd386d226f466:event_028_parent_turn_28 skipping — predecessor failed
2026-10-02 04:35:00,240 - inference_perf.datagen.replay.replay_graph_session_datagen - INFO - Event wekatrace163_8e1a61685e99ae7d274a5b2b23ee761076d7:event_028_parent_turn_28 skipping — predecessor failed
2026-10-02 04:35:00,240 - inference_perf.datagen.replay.replay_graph_session_datagen - INFO - Event wekatrace214_acbce458d2237f6e569c5e7bd386d226f466:event_029_parent_turn_29 skipping — predecessor failed
2026-10-02 04:35:00,240 - inference_perf.datagen.replay.replay_graph_session_datagen - INFO - Event wekatrace163_8e1a61685e99ae7d274a5b2b23ee761076d7:event_029_parent_turn_29 skipping — predecessor failed
2026-10-02 04:35:00,240 - inference_perf.datagen.replay.replay_graph_session_datagen - INFO - Event wekatrace214_acbce458d2237f6e569c5e7bd386d226f466:event_030_parent_turn_30 skipping — predecessor failed
2026-10-02 04:35:00,240 - inference_perf.datagen.replay.replay_graph_session_datagen - INFO - Event wekatrace243_bea7dc50de14489cd502c85c419f46aa7c88:event_009_sa_subagent_001_eb4bc368_s0_turn_7 skipping — predecessor failed
2026-10-02 04:35:00,240 - inference_perf.datagen.replay.replay_graph_session_datagen - INFO - Event wekatrace163_8e1a61685e99ae7d274a5b2b23ee761076d7:event_030_parent_turn_30 skipping — predecessor failed
2026-10-02 04:35:00,240 - inference_perf.datagen.replay.replay_graph_session_datagen - INFO - Event wekatrace163_8e1a61685e99ae7d274a5b2b23ee761076d7:event_031_parent_turn_31 skipping — predecessor failed
2026-10-02 04:35:00,240 - inference_perf.datagen.replay.replay_graph_session_datagen - INFO - Session wekatrace303_e5fbd6dfd130daf14f0059747c5481e7503e failure notification sent to main process (cancelled_events=170)
2026-10-02 04:35:00,240 - inference_perf.datagen.replay.replay_graph_session_datagen - INFO - Event wekatrace214_acbce458d2237f6e569c5e7bd386d226f466:event_031_parent_turn_31 skipping — predecessor failed
2026-10-02 04:35:00,240 - inference_perf.datagen.replay.replay_graph_session_datagen - INFO - Event wekatrace163_8e1a61685e99ae7d274a5b2b23ee761076d7:event_032_parent_turn_32 skipping — predecessor failed
2026-10-02 04:35:00,240 - inference_perf.datagen.replay.replay_graph_session_datagen - INFO - Event wekatrace243_bea7dc50de14489cd502c85c419f46aa7c88:event_036_parent_turn_9 skipping — predecessor failed
2026-10-02 04:35:00,240 - inference_perf.datagen.replay.replay_graph_session_datagen - INFO - Event wekatrace214_acbce458d2237f6e569c5e7bd386d226f466:event_032_parent_turn_32 skipping — predecessor failed
2026-10-02 04:35:00,240 - inference_perf.datagen.replay.replay_graph_session_datagen - INFO - Event wekatrace243_bea7dc50de14489cd502c85c419f46aa7c88:event_010_sa_subagent_001_eb4bc368_s0_turn_8 skipping — predecessor failed
2026-10-02 04:35:00,240 - inference_perf.datagen.replay.replay_graph_session_datagen - INFO - Event wekatrace163_8e1a61685e99ae7d274a5b2b23ee761076d7:event_033_parent_turn_33 skipping — predecessor failed
2026-10-02 04:35:00,240 - inference_perf.datagen.replay.replay_graph_session_datagen - INFO - Event wekatrace243_bea7dc50de14489cd502c85c419f46aa7c88:event_037_parent_turn_10 skipping — predecessor failed
2026-10-02 04:35:00,240 - inference_perf.datagen.replay.replay_graph_session_datagen - INFO - Event wekatrace214_acbce458d2237f6e569c5e7bd386d226f466:event_033_parent_turn_33 skipping — predecessor failed
2026-10-02 04:35:00,240 - inference_perf.datagen.replay.replay_graph_session_datagen - INFO - Event wekatrace163_8e1a61685e99ae7d274a5b2b23ee761076d7:event_034_parent_turn_34 skipping — predecessor failed
2026-10-02 04:35:00,241 - inference_perf.datagen.replay.replay_graph_session_datagen - INFO - Event wekatrace163_8e1a61685e99ae7d274a5b2b23ee761076d7:event_035_parent_turn_35 skipping — predecessor failed
2026-10-02 04:35:00,241 - inference_perf.datagen.replay.replay_graph_session_datagen - INFO - Event wekatrace214_acbce458d2237f6e569c5e7bd386d226f466:event_034_parent_turn_34 skipping — predecessor failed
2026-10-02 04:35:00,241 - inference_perf.datagen.replay.replay_graph_session_datagen - INFO - Event wekatrace163_8e1a61685e99ae7d274a5b2b23ee761076d7:event_036_parent_turn_36 skipping — predecessor failed
2026-10-02 04:35:00,241 - inference_perf.datagen.replay.replay_graph_session_datagen - INFO - Event wekatrace163_8e1a61685e99ae7d274a5b2b23ee761076d7:event_037_parent_turn_37 skipping — predecessor failed
2026-10-02 04:35:00,241 - inference_perf.datagen.replay.replay_graph_session_datagen - INFO - Event wekatrace243_bea7dc50de14489cd502c85c419f46aa7c88:event_011_sa_subagent_001_eb4bc368_s0_turn_9 skipping — predecessor failed
2026-10-02 04:35:00,241 - inference_perf.datagen.replay.replay_graph_session_datagen - INFO - Event wekatrace214_acbce458d2237f6e569c5e7bd386d226f466:event_035_parent_turn_35 skipping — predecessor failed
2026-10-02 04:35:00,241 - inference_perf.datagen.replay.replay_graph_session_datagen - INFO - Event wekatrace214_acbce458d2237f6e569c5e7bd386d226f466:event_036_parent_turn_36 skipping — predecessor failed
2026-10-02 04:35:00,241 - inference_perf.datagen.replay.replay_graph_session_datagen - INFO - Event wekatrace243_bea7dc50de14489cd502c85c419f46aa7c88:event_038_parent_turn_11 skipping — predecessor failed
2026-10-02 04:35:00,241 - inference_perf.datagen.replay.replay_graph_session_datagen - INFO - Event wekatrace214_acbce458d2237f6e569c5e7bd386d226f466:event_037_parent_turn_37 skipping — predecessor failed
2026-10-02 04:35:00,241 - inference_perf.datagen.replay.replay_graph_session_datagen - INFO - Event wekatrace163_8e1a61685e99ae7d274a5b2b23ee761076d7:event_038_parent_turn_38 skipping — predecessor failed
2026-10-02 04:35:00,240 - inference_perf.client.modelserver.openai_client - ERROR - 
Traceback (most recent call last):
  File "/workspace/.venv/lib/python3.12/site-packages/aiohttp/streams.py", line 365, in _wait
    await waiter
asyncio.exceptions.CancelledError

The above exception was the direct cause of the following exception:

Traceback (most recent call last):
  File "/workspace/inference_perf/apis/streaming_parser.py", line 84, in parse_sse_stream
    async for chunk in response.content.iter_any():
  File "/workspace/.venv/lib/python3.12/site-packages/aiohttp/streams.py", line 46, in __anext__
    rv = await self.read_func()
         ^^^^^^^^^^^^^^^^^^^^^^
  File "/workspace/.venv/lib/python3.12/site-packages/aiohttp/streams.py", line 460, in readany
    await self._wait("readany")
  File "/workspace/.venv/lib/python3.12/site-packages/aiohttp/streams.py", line 364, in _wait
    with self._timer:
         ^^^^^^^^^^^
  File "/workspace/.venv/lib/python3.12/site-packages/aiohttp/helpers.py", line 759, in __exit__
    raise asyncio.TimeoutError from exc_val
TimeoutError

The above exception was the direct cause of the following exception:

Traceback (most recent call last):
  File "/workspace/inference_perf/client/modelserver/openai_client.py", line 557, in process_request
    info = await data.process_response(
           ^^^^^^^^^^^^^^^^^^^^^^^^^^^^
  File "/workspace/inference_perf/datagen/replay/replay_graph_session_datagen.py", line 1039, in process_response
    text_content, chunk_times, raw_content, response_chunks, server_usage = await parse_sse_stream(
                                                                            ^^^^^^^^^^^^^^^^^^^^^^^
  File "/workspace/inference_perf/apis/streaming_parser.py", line 119, in parse_sse_stream
    raise StreamInterruptedError(e, raw_content.decode("utf-8", errors="ignore")) from e
inference_perf.apis.streaming_parser.StreamInterruptedError
2026-10-02 04:35:00,241 - inference_perf.datagen.replay.replay_graph_session_datagen - INFO - Event wekatrace214_acbce458d2237f6e569c5e7bd386d226f466:event_038_parent_turn_38 skipping — predecessor failed
2026-10-02 04:35:00,241 - inference_perf.datagen.replay.replay_graph_session_datagen - INFO - Event wekatrace243_bea7dc50de14489cd502c85c419f46aa7c88:event_012_sa_subagent_001_eb4bc368_s0_turn_10 skipping — predecessor failed
2026-10-02 04:35:00,241 - inference_perf.datagen.replay.replay_graph_session_datagen - INFO - Event wekatrace163_8e1a61685e99ae7d274a5b2b23ee761076d7:event_039_parent_turn_39 skipping — predecessor failed
2026-10-02 04:35:00,241 - inference_perf.datagen.replay.replay_graph_session_datagen - INFO - Event wekatrace163_8e1a61685e99ae7d274a5b2b23ee761076d7:event_040_parent_turn_40 skipping — predecessor failed
2026-10-02 04:35:00,241 - inference_perf.datagen.replay.replay_graph_session_datagen - INFO - Event wekatrace214_acbce458d2237f6e569c5e7bd386d226f466:event_039_parent_turn_39 skipping — predecessor failed
2026-10-02 04:35:00,241 - inference_perf.datagen.replay.replay_graph_session_datagen - INFO - Event wekatrace243_bea7dc50de14489cd502c85c419f46aa7c88:event_039_parent_turn_12 skipping — predecessor failed
2026-10-02 04:35:00,241 - inference_perf.datagen.replay.replay_graph_session_datagen - INFO - Event wekatrace163_8e1a61685e99ae7d274a5b2b23ee761076d7:event_041_parent_turn_41 skipping — predecessor failed
2026-10-02 04:35:00,241 - inference_perf.datagen.replay.replay_graph_session_datagen - INFO - Event wekatrace163_8e1a61685e99ae7d274a5b2b23ee761076d7:event_042_parent_turn_42 skipping — predecessor failed
2026-10-02 04:35:00,241 - inference_perf.datagen.replay.replay_graph_session_datagen - INFO - Event wekatrace214_acbce458d2237f6e569c5e7bd386d226f466:event_040_parent_turn_40 skipping — predecessor failed
2026-10-02 04:35:00,241 - inference_perf.datagen.replay.replay_graph_session_datagen - INFO - Event wekatrace243_bea7dc50de14489cd502c85c419f46aa7c88:event_013_sa_subagent_001_eb4bc368_s0_turn_11 skipping — predecessor failed
2026-10-02 04:35:00,241 - inference_perf.datagen.replay.replay_graph_session_datagen - INFO - Event wekatrace163_8e1a61685e99ae7d274a5b2b23ee761076d7:event_043_parent_turn_43 skipping — predecessor failed
2026-10-02 04:35:00,241 - inference_perf.datagen.replay.replay_graph_session_datagen - INFO - Event wekatrace214_acbce458d2237f6e569c5e7bd386d226f466:event_041_parent_turn_41 skipping — predecessor failed
2026-10-02 04:35:00,241 - inference_perf.datagen.replay.replay_graph_session_datagen - INFO - Event wekatrace1_01fece675b92efe07620225cd69c3884f774:event_002_parent_turn_2 skipping — predecessor failed
2026-10-02 04:35:00,242 - inference_perf.datagen.replay.replay_graph_session_datagen - INFO - Event wekatrace163_8e1a61685e99ae7d274a5b2b23ee761076d7:event_044_parent_turn_44 skipping — predecessor failed
2026-10-02 04:35:00,242 - inference_perf.datagen.replay.replay_graph_session_datagen - INFO - Event wekatrace163_8e1a61685e99ae7d274a5b2b23ee761076d7:event_045_parent_turn_45 skipping — predecessor failed
2026-10-02 04:35:00,242 - inference_perf.datagen.replay.replay_graph_session_datagen - INFO - Event wekatrace243_bea7dc50de14489cd502c85c419f46aa7c88:event_040_parent_turn_13 skipping — predecessor failed
2026-10-02 04:35:00,242 - inference_perf.datagen.replay.replay_graph_session_datagen - INFO - Event wekatrace214_acbce458d2237f6e569c5e7bd386d226f466:event_042_parent_turn_42 skipping — predecessor failed
2026-10-02 04:35:00,242 - inference_perf.datagen.replay.replay_graph_session_datagen - INFO - Event wekatrace303_e5fbd6dfd130daf14f0059747c5481e7503e:event_002_parent_turn_2 skipping — predecessor failed
2026-10-02 04:35:00,242 - inference_perf.datagen.replay.replay_graph_session_datagen - INFO - Event wekatrace163_8e1a61685e99ae7d274a5b2b23ee761076d7:event_046_parent_turn_46 skipping — predecessor failed
2026-10-02 04:35:00,242 - inference_perf.datagen.replay.replay_graph_session_datagen - INFO - Event wekatrace163_8e1a61685e99ae7d274a5b2b23ee761076d7:event_047_parent_turn_47 skipping — predecessor failed
2026-10-02 04:35:00,242 - inference_perf.datagen.replay.replay_graph_session_datagen - INFO - Event wekatrace214_acbce458d2237f6e569c5e7bd386d226f466:event_043_parent_turn_43 skipping — predecessor failed
2026-10-02 04:35:00,242 - inference_perf.datagen.replay.replay_graph_session_datagen - INFO - Event wekatrace1_01fece675b92efe07620225cd69c3884f774:event_003_parent_turn_3 skipping — predecessor failed
2026-10-02 04:35:00,242 - inference_perf.datagen.replay.replay_graph_session_datagen - INFO - Event wekatrace243_bea7dc50de14489cd502c85c419f46aa7c88:event_014_sa_subagent_001_eb4bc368_s0_turn_12 skipping — predecessor failed
2026-10-02 04:35:00,242 - inference_perf.datagen.replay.replay_graph_session_datagen - INFO - Event wekatrace303_e5fbd6dfd130daf14f0059747c5481e7503e:event_003_parent_turn_3 skipping — predecessor failed
2026-10-02 04:35:00,242 - inference_perf.datagen.replay.replay_graph_session_datagen - INFO - Event wekatrace163_8e1a61685e99ae7d274a5b2b23ee761076d7:event_048_parent_turn_48 skipping — predecessor failed
2026-10-02 04:35:00,242 - inference_perf.datagen.replay.replay_graph_session_datagen - INFO - Event wekatrace214_acbce458d2237f6e569c5e7bd386d226f466:event_044_parent_turn_44 skipping — predecessor failed
2026-10-02 04:35:00,242 - inference_perf.datagen.replay.replay_graph_session_datagen - INFO - Event wekatrace1_01fece675b92efe07620225cd69c3884f774:event_004_parent_turn_4 skipping — predecessor failed
2026-10-02 04:35:00,242 - inference_perf.datagen.replay.replay_graph_session_datagen - INFO - Event wekatrace163_8e1a61685e99ae7d274a5b2b23ee761076d7:event_049_parent_turn_49 skipping — predecessor failed
2026-10-02 04:35:00,242 - inference_perf.datagen.replay.replay_graph_session_datagen - INFO - Event wekatrace243_bea7dc50de14489cd502c85c419f46aa7c88:event_041_parent_turn_14 skipping — predecessor failed
2026-10-02 04:35:00,242 - inference_perf.datagen.replay.replay_graph_session_datagen - INFO - Event wekatrace214_acbce458d2237f6e569c5e7bd386d226f466:event_045_parent_turn_45 skipping — predecessor failed
2026-10-02 04:35:00,242 - inference_perf.datagen.replay.replay_graph_session_datagen - INFO - Event wekatrace163_8e1a61685e99ae7d274a5b2b23ee761076d7:event_050_parent_turn_50 skipping — predecessor failed
2026-10-02 04:35:00,242 - inference_perf.datagen.replay.replay_graph_session_datagen - INFO - Event wekatrace1_01fece675b92efe07620225cd69c3884f774:event_005_parent_turn_5 skipping — predecessor failed
2026-10-02 04:35:00,242 - inference_perf.datagen.replay.replay_graph_session_datagen - INFO - Event wekatrace214_acbce458d2237f6e569c5e7bd386d226f466:event_046_parent_turn_46 skipping — predecessor failed
2026-10-02 04:35:00,242 - inference_perf.datagen.replay.replay_graph_session_datagen - INFO - Event wekatrace303_e5fbd6dfd130daf14f0059747c5481e7503e:event_004_parent_turn_4 skipping — predecessor failed
2026-10-02 04:35:00,242 - inference_perf.datagen.replay.replay_graph_session_datagen - INFO - Event wekatrace163_8e1a61685e99ae7d274a5b2b23ee761076d7:event_051_parent_turn_51 skipping — predecessor failed
2026-10-02 04:35:00,242 - inference_perf.datagen.replay.replay_graph_session_datagen - INFO - Event wekatrace214_acbce458d2237f6e569c5e7bd386d226f466:event_047_parent_turn_47 skipping — predecessor failed
2026-10-02 04:35:00,242 - inference_perf.datagen.replay.replay_graph_session_datagen - INFO - Event wekatrace243_bea7dc50de14489cd502c85c419f46aa7c88:event_015_sa_subagent_001_eb4bc368_s0_turn_13 skipping — predecessor failed
2026-10-02 04:35:00,242 - inference_perf.datagen.replay.replay_graph_session_datagen - INFO - Event wekatrace1_01fece675b92efe07620225cd69c3884f774:event_006_parent_turn_6 skipping — predecessor failed
2026-10-02 04:35:00,242 - inference_perf.datagen.replay.replay_graph_session_datagen - INFO - Event wekatrace163_8e1a61685e99ae7d274a5b2b23ee761076d7:event_052_parent_turn_52 skipping — predecessor failed
2026-10-02 04:35:00,242 - inference_perf.datagen.replay.replay_graph_session_datagen - INFO - Event wekatrace303_e5fbd6dfd130daf14f0059747c5481e7503e:event_005_parent_turn_5 skipping — predecessor failed
2026-10-02 04:35:00,242 - inference_perf.datagen.replay.replay_graph_session_datagen - INFO - Event wekatrace243_bea7dc50de14489cd502c85c419f46aa7c88:event_042_parent_turn_15 skipping — predecessor failed
2026-10-02 04:35:00,242 - inference_perf.datagen.replay.replay_graph_session_datagen - INFO - Event wekatrace163_8e1a61685e99ae7d274a5b2b23ee761076d7:event_053_parent_turn_53 skipping — predecessor failed
2026-10-02 04:35:00,242 - inference_perf.datagen.replay.replay_graph_session_datagen - INFO - Event wekatrace303_e5fbd6dfd130daf14f0059747c5481e7503e:event_006_parent_turn_6 skipping — predecessor failed
2026-10-02 04:35:00,242 - inference_perf.datagen.replay.replay_graph_session_datagen - INFO - Event wekatrace214_acbce458d2237f6e569c5e7bd386d226f466:event_048_parent_turn_48 skipping — predecessor failed
2026-10-02 04:35:00,242 - inference_perf.datagen.replay.replay_graph_session_datagen - INFO - Event wekatrace163_8e1a61685e99ae7d274a5b2b23ee761076d7:event_054_parent_turn_54 skipping — predecessor failed
2026-10-02 04:35:00,243 - inference_perf.datagen.replay.replay_graph_session_datagen - INFO - Event wekatrace1_01fece675b92efe07620225cd69c3884f774:event_007_parent_turn_7 skipping — predecessor failed
2026-10-02 04:35:00,243 - inference_perf.datagen.replay.replay_graph_session_datagen - INFO - Event wekatrace214_acbce458d2237f6e569c5e7bd386d226f466:event_049_parent_turn_49 skipping — predecessor failed
2026-10-02 04:35:00,243 - inference_perf.datagen.replay.replay_graph_session_datagen - INFO - Event wekatrace163_8e1a61685e99ae7d274a5b2b23ee761076d7:event_055_parent_turn_55 skipping — predecessor failed
2026-10-02 04:35:00,243 - inference_perf.datagen.replay.replay_graph_session_datagen - INFO - Event wekatrace243_bea7dc50de14489cd502c85c419f46aa7c88:event_016_sa_subagent_001_eb4bc368_s0_turn_14 skipping — predecessor failed
2026-10-02 04:35:00,243 - inference_perf.datagen.replay.replay_graph_session_datagen - INFO - Event wekatrace303_e5fbd6dfd130daf14f0059747c5481e7503e:event_007_parent_turn_7 skipping — predecessor failed
2026-10-02 04:35:00,243 - inference_perf.datagen.replay.replay_graph_session_datagen - INFO - Event wekatrace214_acbce458d2237f6e569c5e7bd386d226f466:event_050_parent_turn_50 skipping — predecessor failed
2026-10-02 04:35:00,243 - inference_perf.datagen.replay.replay_graph_session_datagen - INFO - Event wekatrace163_8e1a61685e99ae7d274a5b2b23ee761076d7:event_056_parent_turn_56 skipping — predecessor failed
2026-10-02 04:35:00,243 - inference_perf.datagen.replay.replay_graph_session_datagen - INFO - Event wekatrace303_e5fbd6dfd130daf14f0059747c5481e7503e:event_008_parent_turn_8 skipping — predecessor failed
2026-10-02 04:35:00,243 - inference_perf.datagen.replay.replay_graph_session_datagen - INFO - Event wekatrace163_8e1a61685e99ae7d274a5b2b23ee761076d7:event_057_parent_turn_57 skipping — predecessor failed
2026-10-02 04:35:00,243 - inference_perf.datagen.replay.replay_graph_session_datagen - INFO - Event wekatrace243_bea7dc50de14489cd502c85c419f46aa7c88:event_043_parent_turn_16 skipping — predecessor failed
2026-10-02 04:35:00,243 - inference_perf.datagen.replay.replay_graph_session_datagen - INFO - Event wekatrace1_01fece675b92efe07620225cd69c3884f774:event_008_parent_turn_8 skipping — predecessor failed
2026-10-02 04:35:00,243 - inference_perf.datagen.replay.replay_graph_session_datagen - INFO - Event wekatrace214_acbce458d2237f6e569c5e7bd386d226f466:event_051_parent_turn_51 skipping — predecessor failed
2026-10-02 04:35:00,243 - inference_perf.datagen.replay.replay_graph_session_datagen - INFO - Event wekatrace163_8e1a61685e99ae7d274a5b2b23ee761076d7:event_058_parent_turn_58 skipping — predecessor failed
2026-10-02 04:35:00,243 - inference_perf.datagen.replay.replay_graph_session_datagen - INFO - Event wekatrace303_e5fbd6dfd130daf14f0059747c5481e7503e:event_009_parent_turn_9 skipping — predecessor failed
2026-10-02 04:35:00,243 - inference_perf.datagen.replay.replay_graph_session_datagen - INFO - Event wekatrace163_8e1a61685e99ae7d274a5b2b23ee761076d7:event_059_parent_turn_59 skipping — predecessor failed
2026-10-02 04:35:00,243 - inference_perf.datagen.replay.replay_graph_session_datagen - INFO - Event wekatrace303_e5fbd6dfd130daf14f0059747c5481e7503e:event_010_parent_turn_10 skipping — predecessor failed
2026-10-02 04:35:00,243 - inference_perf.datagen.replay.replay_graph_session_datagen - INFO - Event wekatrace214_acbce458d2237f6e569c5e7bd386d226f466:event_052_parent_turn_52 skipping — predecessor failed
2026-10-02 04:35:00,243 - inference_perf.datagen.replay.replay_graph_session_datagen - INFO - Event wekatrace243_bea7dc50de14489cd502c85c419f46aa7c88:event_017_sa_subagent_001_eb4bc368_s0_turn_15 skipping — predecessor failed
2026-10-02 04:35:00,243 - inference_perf.datagen.replay.replay_graph_session_datagen - INFO - Event wekatrace163_8e1a61685e99ae7d274a5b2b23ee761076d7:event_060_parent_turn_60 skipping — predecessor failed
2026-10-02 04:35:00,243 - inference_perf.datagen.replay.replay_graph_session_datagen - INFO - Event wekatrace1_01fece675b92efe07620225cd69c3884f774:event_009_parent_turn_9 skipping — predecessor failed
2026-10-02 04:35:00,243 - inference_perf.datagen.replay.replay_graph_session_datagen - INFO - Event wekatrace303_e5fbd6dfd130daf14f0059747c5481e7503e:event_011_parent_turn_11 skipping — predecessor failed
2026-10-02 04:35:00,243 - inference_perf.datagen.replay.replay_graph_session_datagen - INFO - Event wekatrace243_bea7dc50de14489cd502c85c419f46aa7c88:event_044_parent_turn_17 skipping — predecessor failed
2026-10-02 04:35:00,243 - inference_perf.datagen.replay.replay_graph_session_datagen - INFO - Event wekatrace1_01fece675b92efe07620225cd69c3884f774:event_010_parent_turn_10 skipping — predecessor failed
2026-10-02 04:35:00,243 - inference_perf.datagen.replay.replay_graph_session_datagen - INFO - Event wekatrace163_8e1a61685e99ae7d274a5b2b23ee761076d7:event_061_parent_turn_61 skipping — predecessor failed
2026-10-02 04:35:00,243 - inference_perf.datagen.replay.replay_graph_session_datagen - INFO - Event wekatrace243_bea7dc50de14489cd502c85c419f46aa7c88:event_045_parent_turn_18 skipping — predecessor failed
2026-10-02 04:35:00,243 - inference_perf.datagen.replay.replay_graph_session_datagen - INFO - Event wekatrace303_e5fbd6dfd130daf14f0059747c5481e7503e:event_012_parent_turn_12 skipping — predecessor failed
2026-10-02 04:35:00,243 - inference_perf.datagen.replay.replay_graph_session_datagen - INFO - Event wekatrace163_8e1a61685e99ae7d274a5b2b23ee761076d7:event_062_parent_turn_62 skipping — predecessor failed
2026-10-02 04:35:00,243 - inference_perf.datagen.replay.replay_graph_session_datagen - INFO - Event wekatrace303_e5fbd6dfd130daf14f0059747c5481e7503e:event_013_parent_turn_13 skipping — predecessor failed
2026-10-02 04:35:00,244 - inference_perf.datagen.replay.replay_graph_session_datagen - INFO - Event wekatrace163_8e1a61685e99ae7d274a5b2b23ee761076d7:event_063_parent_turn_63 skipping — predecessor failed
2026-10-02 04:35:00,244 - inference_perf.datagen.replay.replay_graph_session_datagen - INFO - Event wekatrace1_01fece675b92efe07620225cd69c3884f774:event_011_parent_turn_11 skipping — predecessor failed
2026-10-02 04:35:00,244 - inference_perf.datagen.replay.replay_graph_session_datagen - INFO - Event wekatrace243_bea7dc50de14489cd502c85c419f46aa7c88:event_018_sa_subagent_001_eb4bc368_s0_turn_16 skipping — predecessor failed
2026-10-02 04:35:00,244 - inference_perf.datagen.replay.replay_graph_session_datagen - INFO - Event wekatrace303_e5fbd6dfd130daf14f0059747c5481e7503e:event_014_parent_turn_14 skipping — predecessor failed
2026-10-02 04:35:00,244 - inference_perf.datagen.replay.replay_graph_session_datagen - INFO - Event wekatrace303_e5fbd6dfd130daf14f0059747c5481e7503e:event_015_parent_turn_15 skipping — predecessor failed
2026-10-02 04:35:00,244 - inference_perf.datagen.replay.replay_graph_session_datagen - INFO - Event wekatrace243_bea7dc50de14489cd502c85c419f46aa7c88:event_046_parent_turn_19 skipping — predecessor failed
2026-10-02 04:35:00,244 - inference_perf.datagen.replay.replay_graph_session_datagen - INFO - Event wekatrace1_01fece675b92efe07620225cd69c3884f774:event_012_parent_turn_12 skipping — predecessor failed
2026-10-02 04:35:00,244 - inference_perf.datagen.replay.replay_graph_session_datagen - INFO - Event wekatrace163_8e1a61685e99ae7d274a5b2b23ee761076d7:event_064_parent_turn_64 skipping — predecessor failed
2026-10-02 04:35:00,244 - inference_perf.datagen.replay.replay_graph_session_datagen - INFO - Event wekatrace303_e5fbd6dfd130daf14f0059747c5481e7503e:event_016_parent_turn_16 skipping — predecessor failed
2026-10-02 04:35:00,244 - inference_perf.datagen.replay.replay_graph_session_datagen - INFO - Event wekatrace243_bea7dc50de14489cd502c85c419f46aa7c88:event_019_sa_subagent_001_eb4bc368_s0_turn_17 skipping — predecessor failed
2026-10-02 04:35:00,244 - inference_perf.datagen.replay.replay_graph_session_datagen - INFO - Event wekatrace163_8e1a61685e99ae7d274a5b2b23ee761076d7:event_065_parent_turn_65 skipping — predecessor failed
2026-10-02 04:35:00,244 - inference_perf.datagen.replay.replay_graph_session_datagen - INFO - Event wekatrace303_e5fbd6dfd130daf14f0059747c5481e7503e:event_017_parent_turn_17 skipping — predecessor failed
2026-10-02 04:35:00,244 - inference_perf.datagen.replay.replay_graph_session_datagen - INFO - Event wekatrace303_e5fbd6dfd130daf14f0059747c5481e7503e:event_018_parent_turn_18 skipping — predecessor failed
2026-10-02 04:35:00,244 - inference_perf.datagen.replay.replay_graph_session_datagen - INFO - Event wekatrace163_8e1a61685e99ae7d274a5b2b23ee761076d7:event_066_parent_turn_66 skipping — predecessor failed
2026-10-02 04:35:00,244 - inference_perf.datagen.replay.replay_graph_session_datagen - INFO - Event wekatrace243_bea7dc50de14489cd502c85c419f46aa7c88:event_047_parent_turn_20 skipping — predecessor failed
2026-10-02 04:35:00,244 - inference_perf.datagen.replay.replay_graph_session_datagen - INFO - Event wekatrace163_8e1a61685e99ae7d274a5b2b23ee761076d7:event_067_parent_turn_67 skipping — predecessor failed
2026-10-02 04:35:00,244 - inference_perf.datagen.replay.replay_graph_session_datagen - INFO - Event wekatrace1_01fece675b92efe07620225cd69c3884f774:event_013_parent_turn_13 skipping — predecessor failed
2026-10-02 04:35:00,244 - inference_perf.datagen.replay.replay_graph_session_datagen - INFO - Event wekatrace163_8e1a61685e99ae7d274a5b2b23ee761076d7:event_068_parent_turn_68 skipping — predecessor failed
2026-10-02 04:35:00,244 - inference_perf.datagen.replay.replay_graph_session_datagen - INFO - Event wekatrace303_e5fbd6dfd130daf14f0059747c5481e7503e:event_019_parent_turn_19 skipping — predecessor failed
2026-10-02 04:35:00,244 - inference_perf.datagen.replay.replay_graph_session_datagen - INFO - Event wekatrace303_e5fbd6dfd130daf14f0059747c5481e7503e:event_020_parent_turn_20 skipping — predecessor failed
2026-10-02 04:35:00,244 - inference_perf.datagen.replay.replay_graph_session_datagen - INFO - Event wekatrace243_bea7dc50de14489cd502c85c419f46aa7c88:event_020_sa_subagent_001_eb4bc368_s0_turn_18 skipping — predecessor failed
2026-10-02 04:35:00,244 - inference_perf.datagen.replay.replay_graph_session_datagen - INFO - Event wekatrace163_8e1a61685e99ae7d274a5b2b23ee761076d7:event_069_parent_turn_69 skipping — predecessor failed
2026-10-02 04:35:00,245 - inference_perf.datagen.replay.replay_graph_session_datagen - INFO - Event wekatrace1_01fece675b92efe07620225cd69c3884f774:event_014_parent_turn_14 skipping — predecessor failed
2026-10-02 04:35:00,245 - inference_perf.datagen.replay.replay_graph_session_datagen - INFO - Event wekatrace243_bea7dc50de14489cd502c85c419f46aa7c88:event_048_parent_turn_21 skipping — predecessor failed
2026-10-02 04:35:00,245 - inference_perf.datagen.replay.replay_graph_session_datagen - INFO - Event wekatrace163_8e1a61685e99ae7d274a5b2b23ee761076d7:event_070_parent_turn_70 skipping — predecessor failed
2026-10-02 04:35:00,245 - inference_perf.datagen.replay.replay_graph_session_datagen - INFO - Event wekatrace303_e5fbd6dfd130daf14f0059747c5481e7503e:event_021_parent_turn_21 skipping — predecessor failed
2026-10-02 04:35:00,245 - inference_perf.datagen.replay.replay_graph_session_datagen - INFO - Event wekatrace303_e5fbd6dfd130daf14f0059747c5481e7503e:event_022_parent_turn_22 skipping — predecessor failed
2026-10-02 04:35:00,245 - inference_perf.datagen.replay.replay_graph_session_datagen - INFO - Event wekatrace163_8e1a61685e99ae7d274a5b2b23ee761076d7:event_071_parent_turn_71 skipping — predecessor failed
2026-10-02 04:35:00,245 - inference_perf.datagen.replay.replay_graph_session_datagen - INFO - Event wekatrace163_8e1a61685e99ae7d274a5b2b23ee761076d7:event_072_parent_turn_72 skipping — predecessor failed
2026-10-02 04:35:00,245 - inference_perf.datagen.replay.replay_graph_session_datagen - INFO - Event wekatrace1_01fece675b92efe07620225cd69c3884f774:event_015_parent_turn_15 skipping — predecessor failed
2026-10-02 04:35:00,245 - inference_perf.datagen.replay.replay_graph_session_datagen - INFO - Event wekatrace243_bea7dc50de14489cd502c85c419f46aa7c88:event_021_sa_subagent_001_eb4bc368_s0_turn_19 skipping — predecessor failed
2026-10-02 04:35:00,245 - inference_perf.datagen.replay.replay_graph_session_datagen - INFO - Event wekatrace303_e5fbd6dfd130daf14f0059747c5481e7503e:event_023_parent_turn_23 skipping — predecessor failed
2026-10-02 04:35:00,245 - inference_perf.datagen.replay.replay_graph_session_datagen - INFO - Event wekatrace1_01fece675b92efe07620225cd69c3884f774:event_016_parent_turn_16 skipping — predecessor failed
2026-10-02 04:35:00,245 - inference_perf.datagen.replay.replay_graph_session_datagen - INFO - Event wekatrace243_bea7dc50de14489cd502c85c419f46aa7c88:event_049_parent_turn_22 skipping — predecessor failed
2026-10-02 04:35:00,245 - inference_perf.datagen.replay.replay_graph_session_datagen - INFO - Event wekatrace303_e5fbd6dfd130daf14f0059747c5481e7503e:event_024_parent_turn_24 skipping — predecessor failed
2026-10-02 04:35:00,245 - inference_perf.datagen.replay.replay_graph_session_datagen - INFO - Event wekatrace243_bea7dc50de14489cd502c85c419f46aa7c88:event_022_sa_subagent_001_eb4bc368_s0_turn_20 skipping — predecessor failed
2026-10-02 04:35:00,245 - inference_perf.datagen.replay.replay_graph_session_datagen - INFO - Event wekatrace1_01fece675b92efe07620225cd69c3884f774:event_017_parent_turn_17 skipping — predecessor failed
2026-10-02 04:35:00,245 - inference_perf.datagen.replay.replay_graph_session_datagen - INFO - Event wekatrace243_bea7dc50de14489cd502c85c419f46aa7c88:event_050_parent_turn_23 skipping — predecessor failed
2026-10-02 04:35:00,245 - inference_perf.datagen.replay.replay_graph_session_datagen - INFO - Event wekatrace303_e5fbd6dfd130daf14f0059747c5481e7503e:event_025_parent_turn_25 skipping — predecessor failed
2026-10-02 04:35:00,246 - inference_perf.datagen.replay.replay_graph_session_datagen - INFO - Event wekatrace243_bea7dc50de14489cd502c85c419f46aa7c88:event_023_sa_subagent_001_eb4bc368_s0_turn_21 skipping — predecessor failed
2026-10-02 04:35:00,246 - inference_perf.datagen.replay.replay_graph_session_datagen - INFO - Event wekatrace1_01fece675b92efe07620225cd69c3884f774:event_018_parent_turn_18 skipping — predecessor failed
2026-10-02 04:35:00,246 - inference_perf.datagen.replay.replay_graph_session_datagen - INFO - Event wekatrace303_e5fbd6dfd130daf14f0059747c5481e7503e:event_026_parent_turn_26 skipping — predecessor failed
2026-10-02 04:35:00,246 - inference_perf.datagen.replay.replay_graph_session_datagen - INFO - Event wekatrace243_bea7dc50de14489cd502c85c419f46aa7c88:event_051_parent_turn_24 skipping — predecessor failed
2026-10-02 04:35:00,246 - inference_perf.datagen.replay.replay_graph_session_datagen - INFO - Event wekatrace1_01fece675b92efe07620225cd69c3884f774:event_019_parent_turn_19 skipping — predecessor failed
2026-10-02 04:35:00,246 - inference_perf.datagen.replay.replay_graph_session_datagen - INFO - Event wekatrace303_e5fbd6dfd130daf14f0059747c5481e7503e:event_027_parent_turn_27 skipping — predecessor failed
2026-10-02 04:35:00,246 - inference_perf.datagen.replay.replay_graph_session_datagen - INFO - Event wekatrace243_bea7dc50de14489cd502c85c419f46aa7c88:event_024_sa_subagent_001_eb4bc368_s0_turn_22 skipping — predecessor failed
2026-10-02 04:35:00,246 - inference_perf.datagen.replay.replay_graph_session_datagen - INFO - Event wekatrace1_01fece675b92efe07620225cd69c3884f774:event_020_parent_turn_20 skipping — predecessor failed
2026-10-02 04:35:00,246 - inference_perf.datagen.replay.replay_graph_session_datagen - INFO - Event wekatrace243_bea7dc50de14489cd502c85c419f46aa7c88:event_052_parent_turn_25 skipping — predecessor failed
2026-10-02 04:35:00,246 - inference_perf.datagen.replay.replay_graph_session_datagen - INFO - Event wekatrace303_e5fbd6dfd130daf14f0059747c5481e7503e:event_028_parent_turn_28 skipping — predecessor failed
2026-10-02 04:35:00,246 - inference_perf.datagen.replay.replay_graph_session_datagen - INFO - Event wekatrace1_01fece675b92efe07620225cd69c3884f774:event_021_parent_turn_21 skipping — predecessor failed
2026-10-02 04:35:00,246 - inference_perf.datagen.replay.replay_graph_session_datagen - INFO - Event wekatrace303_e5fbd6dfd130daf14f0059747c5481e7503e:event_029_parent_turn_29 skipping — predecessor failed
2026-10-02 04:35:00,246 - inference_perf.datagen.replay.replay_graph_session_datagen - INFO - Event wekatrace243_bea7dc50de14489cd502c85c419f46aa7c88:event_025_sa_subagent_001_eb4bc368_s0_turn_23 skipping — predecessor failed
2026-10-02 04:35:00,246 - inference_perf.datagen.replay.replay_graph_session_datagen - INFO - Event wekatrace1_01fece675b92efe07620225cd69c3884f774:event_022_parent_turn_22 skipping — predecessor failed
2026-10-02 04:35:00,247 - inference_perf.datagen.replay.replay_graph_session_datagen - INFO - Event wekatrace303_e5fbd6dfd130daf14f0059747c5481e7503e:event_030_parent_turn_30 skipping — predecessor failed
2026-10-02 04:35:00,247 - inference_perf.datagen.replay.replay_graph_session_datagen - INFO - Event wekatrace243_bea7dc50de14489cd502c85c419f46aa7c88:event_053_parent_turn_26 skipping — predecessor failed
2026-10-02 04:35:00,247 - inference_perf.datagen.replay.replay_graph_session_datagen - INFO - Event wekatrace1_01fece675b92efe07620225cd69c3884f774:event_023_parent_turn_23 skipping — predecessor failed
2026-10-02 04:35:00,247 - inference_perf.datagen.replay.replay_graph_session_datagen - INFO - Event wekatrace303_e5fbd6dfd130daf14f0059747c5481e7503e:event_031_parent_turn_31 skipping — predecessor failed
2026-10-02 04:35:00,247 - inference_perf.datagen.replay.replay_graph_session_datagen - INFO - Event wekatrace303_e5fbd6dfd130daf14f0059747c5481e7503e:event_032_parent_turn_32 skipping — predecessor failed
2026-10-02 04:35:00,247 - inference_perf.datagen.replay.replay_graph_session_datagen - INFO - Event wekatrace243_bea7dc50de14489cd502c85c419f46aa7c88:event_026_sa_subagent_001_eb4bc368_s0_turn_24 skipping — predecessor failed
2026-10-02 04:35:00,247 - inference_perf.datagen.replay.replay_graph_session_datagen - INFO - Event wekatrace1_01fece675b92efe07620225cd69c3884f774:event_024_parent_turn_24 skipping — predecessor failed
2026-10-02 04:35:00,247 - inference_perf.datagen.replay.replay_graph_session_datagen - INFO - Event wekatrace303_e5fbd6dfd130daf14f0059747c5481e7503e:event_033_parent_turn_33 skipping — predecessor failed
2026-10-02 04:35:00,247 - inference_perf.datagen.replay.replay_graph_session_datagen - INFO - Event wekatrace243_bea7dc50de14489cd502c85c419f46aa7c88:event_054_parent_turn_27 skipping — predecessor failed
2026-10-02 04:35:00,247 - inference_perf.datagen.replay.replay_graph_session_datagen - INFO - Event wekatrace1_01fece675b92efe07620225cd69c3884f774:event_025_parent_turn_25 skipping — predecessor failed
2026-10-02 04:35:00,247 - inference_perf.datagen.replay.replay_graph_session_datagen - INFO - Event wekatrace303_e5fbd6dfd130daf14f0059747c5481e7503e:event_034_parent_turn_34 skipping — predecessor failed
2026-10-02 04:35:00,247 - inference_perf.datagen.replay.replay_graph_session_datagen - INFO - Event wekatrace243_bea7dc50de14489cd502c85c419f46aa7c88:event_027_sa_subagent_001_eb4bc368_s0_turn_25 skipping — predecessor failed
2026-10-02 04:35:00,247 - inference_perf.datagen.replay.replay_graph_session_datagen - INFO - Event wekatrace1_01fece675b92efe07620225cd69c3884f774:event_026_parent_turn_26 skipping — predecessor failed
2026-10-02 04:35:00,247 - inference_perf.datagen.replay.replay_graph_session_datagen - INFO - Event wekatrace303_e5fbd6dfd130daf14f0059747c5481e7503e:event_035_parent_turn_35 skipping — predecessor failed
2026-10-02 04:35:00,247 - inference_perf.datagen.replay.replay_graph_session_datagen - INFO - Event wekatrace243_bea7dc50de14489cd502c85c419f46aa7c88:event_055_parent_turn_28 skipping — predecessor failed
2026-10-02 04:35:00,248 - inference_perf.datagen.replay.replay_graph_session_datagen - INFO - Event wekatrace1_01fece675b92efe07620225cd69c3884f774:event_027_parent_turn_27 skipping — predecessor failed
2026-10-02 04:35:00,248 - inference_perf.datagen.replay.replay_graph_session_datagen - INFO - Event wekatrace243_bea7dc50de14489cd502c85c419f46aa7c88:event_028_sa_subagent_001_eb4bc368_s0_turn_26 skipping — predecessor failed
2026-10-02 04:35:00,248 - inference_perf.datagen.replay.replay_graph_session_datagen - INFO - Event wekatrace303_e5fbd6dfd130daf14f0059747c5481e7503e:event_036_parent_turn_36 skipping — predecessor failed
2026-10-02 04:35:00,248 - inference_perf.datagen.replay.replay_graph_session_datagen - INFO - Event wekatrace243_bea7dc50de14489cd502c85c419f46aa7c88:event_056_parent_turn_29 skipping — predecessor failed
2026-10-02 04:35:00,248 - inference_perf.datagen.replay.replay_graph_session_datagen - INFO - Event wekatrace303_e5fbd6dfd130daf14f0059747c5481e7503e:event_037_parent_turn_37 skipping — predecessor failed
2026-10-02 04:35:00,248 - inference_perf.datagen.replay.replay_graph_session_datagen - INFO - Event wekatrace243_bea7dc50de14489cd502c85c419f46aa7c88:event_057_parent_turn_30 skipping — predecessor failed
2026-10-02 04:35:00,248 - inference_perf.datagen.replay.replay_graph_session_datagen - INFO - Event wekatrace303_e5fbd6dfd130daf14f0059747c5481e7503e:event_038_parent_turn_38 skipping — predecessor failed
2026-10-02 04:35:00,248 - inference_perf.datagen.replay.replay_graph_session_datagen - INFO - Event wekatrace303_e5fbd6dfd130daf14f0059747c5481e7503e:event_039_parent_turn_39 skipping — predecessor failed
2026-10-02 04:35:00,248 - inference_perf.datagen.replay.replay_graph_session_datagen - INFO - Event wekatrace243_bea7dc50de14489cd502c85c419f46aa7c88:event_058_parent_turn_31 skipping — predecessor failed
2026-10-02 04:35:00,249 - inference_perf.datagen.replay.replay_graph_session_datagen - INFO - Event wekatrace303_e5fbd6dfd130daf14f0059747c5481e7503e:event_040_parent_turn_40 skipping — predecessor failed
2026-10-02 04:35:00,249 - inference_perf.datagen.replay.replay_graph_session_datagen - INFO - Event wekatrace303_e5fbd6dfd130daf14f0059747c5481e7503e:event_041_parent_turn_41 skipping — predecessor failed
2026-10-02 04:35:00,249 - inference_perf.datagen.replay.replay_graph_session_datagen - INFO - Event wekatrace243_bea7dc50de14489cd502c85c419f46aa7c88:event_059_parent_turn_32 skipping — predecessor failed
2026-10-02 04:35:00,249 - inference_perf.datagen.replay.replay_graph_session_datagen - INFO - Event wekatrace303_e5fbd6dfd130daf14f0059747c5481e7503e:event_042_parent_turn_42 skipping — predecessor failed
2026-10-02 04:35:00,249 - inference_perf.datagen.replay.replay_graph_session_datagen - INFO - Event wekatrace303_e5fbd6dfd130daf14f0059747c5481e7503e:event_043_parent_turn_43 skipping — predecessor failed
2026-10-02 04:35:00,249 - inference_perf.datagen.replay.replay_graph_session_datagen - INFO - Event wekatrace303_e5fbd6dfd130daf14f0059747c5481e7503e:event_044_parent_turn_44 skipping — predecessor failed
2026-10-02 04:35:00,249 - inference_perf.datagen.replay.replay_graph_session_datagen - INFO - Event wekatrace243_bea7dc50de14489cd502c85c419f46aa7c88:event_060_parent_turn_33 skipping — predecessor failed
2026-10-02 04:35:00,249 - inference_perf.datagen.replay.replay_graph_session_datagen - INFO - Event wekatrace303_e5fbd6dfd130daf14f0059747c5481e7503e:event_045_parent_turn_45 skipping — predecessor failed
2026-10-02 04:35:00,249 - inference_perf.datagen.replay.replay_graph_session_datagen - INFO - Event wekatrace303_e5fbd6dfd130daf14f0059747c5481e7503e:event_046_parent_turn_46 skipping — predecessor failed
2026-10-02 04:35:00,249 - inference_perf.datagen.replay.replay_graph_session_datagen - INFO - Event wekatrace243_bea7dc50de14489cd502c85c419f46aa7c88:event_061_parent_turn_34 skipping — predecessor failed
2026-10-02 04:35:00,249 - inference_perf.datagen.replay.replay_graph_session_datagen - INFO - Event wekatrace303_e5fbd6dfd130daf14f0059747c5481e7503e:event_047_parent_turn_47 skipping — predecessor failed
2026-10-02 04:35:00,249 - inference_perf.datagen.replay.replay_graph_session_datagen - INFO - Event wekatrace303_e5fbd6dfd130daf14f0059747c5481e7503e:event_048_parent_turn_48 skipping — predecessor failed
2026-10-02 04:35:00,249 - inference_perf.datagen.replay.replay_graph_session_datagen - INFO - Event wekatrace243_bea7dc50de14489cd502c85c419f46aa7c88:event_062_parent_turn_35 skipping — predecessor failed
2026-10-02 04:35:00,249 - inference_perf.datagen.replay.replay_graph_session_datagen - INFO - Event wekatrace303_e5fbd6dfd130daf14f0059747c5481e7503e:event_049_parent_turn_49 skipping — predecessor failed
2026-10-02 04:35:00,250 - inference_perf.datagen.replay.replay_graph_session_datagen - INFO - Event wekatrace303_e5fbd6dfd130daf14f0059747c5481e7503e:event_050_parent_turn_50 skipping — predecessor failed
2026-10-02 04:35:00,250 - inference_perf.datagen.replay.replay_graph_session_datagen - INFO - Event wekatrace243_bea7dc50de14489cd502c85c419f46aa7c88:event_063_parent_turn_36 skipping — predecessor failed
2026-10-02 04:35:00,250 - inference_perf.datagen.replay.replay_graph_session_datagen - INFO - Event wekatrace303_e5fbd6dfd130daf14f0059747c5481e7503e:event_051_parent_turn_51 skipping — predecessor failed
2026-10-02 04:35:00,250 - inference_perf.datagen.replay.replay_graph_session_datagen - INFO - Event wekatrace243_bea7dc50de14489cd502c85c419f46aa7c88:event_064_parent_turn_37 skipping — predecessor failed
2026-10-02 04:35:00,250 - inference_perf.datagen.replay.replay_graph_session_datagen - INFO - Event wekatrace303_e5fbd6dfd130daf14f0059747c5481e7503e:event_052_parent_turn_52 skipping — predecessor failed
2026-10-02 04:35:00,250 - inference_perf.datagen.replay.replay_graph_session_datagen - INFO - Event wekatrace303_e5fbd6dfd130daf14f0059747c5481e7503e:event_053_parent_turn_53 skipping — predecessor failed
2026-10-02 04:35:00,250 - inference_perf.datagen.replay.replay_graph_session_datagen - INFO - Event wekatrace243_bea7dc50de14489cd502c85c419f46aa7c88:event_065_parent_turn_38 skipping — predecessor failed
2026-10-02 04:35:00,250 - inference_perf.datagen.replay.replay_graph_session_datagen - INFO - Event wekatrace303_e5fbd6dfd130daf14f0059747c5481e7503e:event_054_parent_turn_54 skipping — predecessor failed
2026-10-02 04:35:00,250 - inference_perf.datagen.replay.replay_graph_session_datagen - INFO - Event wekatrace243_bea7dc50de14489cd502c85c419f46aa7c88:event_066_parent_turn_39 skipping — predecessor failed
2026-10-02 04:35:00,250 - inference_perf.datagen.replay.replay_graph_session_datagen - INFO - Event wekatrace303_e5fbd6dfd130daf14f0059747c5481e7503e:event_055_parent_turn_55 skipping — predecessor failed
2026-10-02 04:35:00,250 - inference_perf.datagen.replay.replay_graph_session_datagen - INFO - Event wekatrace303_e5fbd6dfd130daf14f0059747c5481e7503e:event_056_parent_turn_56 skipping — predecessor failed
2026-10-02 04:35:00,250 - inference_perf.datagen.replay.replay_graph_session_datagen - INFO - Event wekatrace243_bea7dc50de14489cd502c85c419f46aa7c88:event_067_parent_turn_40 skipping — predecessor failed
2026-10-02 04:35:00,251 - inference_perf.datagen.replay.replay_graph_session_datagen - INFO - Event wekatrace303_e5fbd6dfd130daf14f0059747c5481e7503e:event_057_parent_turn_57 skipping — predecessor failed
2026-10-02 04:35:00,251 - inference_perf.datagen.replay.replay_graph_session_datagen - INFO - Event wekatrace303_e5fbd6dfd130daf14f0059747c5481e7503e:event_058_parent_turn_58 skipping — predecessor failed
2026-10-02 04:35:00,251 - inference_perf.datagen.replay.replay_graph_session_datagen - INFO - Event wekatrace243_bea7dc50de14489cd502c85c419f46aa7c88:event_068_parent_turn_41 skipping — predecessor failed
2026-10-02 04:35:00,251 - inference_perf.datagen.replay.replay_graph_session_datagen - INFO - Event wekatrace303_e5fbd6dfd130daf14f0059747c5481e7503e:event_059_parent_turn_59 skipping — predecessor failed
2026-10-02 04:35:00,251 - inference_perf.datagen.replay.replay_graph_session_datagen - INFO - Event wekatrace303_e5fbd6dfd130daf14f0059747c5481e7503e:event_060_parent_turn_60 skipping — predecessor failed
2026-10-02 04:35:00,251 - inference_perf.datagen.replay.replay_graph_session_datagen - INFO - Event wekatrace303_e5fbd6dfd130daf14f0059747c5481e7503e:event_061_parent_turn_61 skipping — predecessor failed
2026-10-02 04:35:00,251 - inference_perf.datagen.replay.replay_graph_session_datagen - INFO - Event wekatrace243_bea7dc50de14489cd502c85c419f46aa7c88:event_069_parent_turn_42 skipping — predecessor failed
2026-10-02 04:35:00,251 - inference_perf.datagen.replay.replay_graph_session_datagen - INFO - Event wekatrace303_e5fbd6dfd130daf14f0059747c5481e7503e:event_062_parent_turn_62 skipping — predecessor failed
2026-10-02 04:35:00,251 - inference_perf.datagen.replay.replay_graph_session_datagen - INFO - Event wekatrace303_e5fbd6dfd130daf14f0059747c5481e7503e:event_063_parent_turn_63 skipping — predecessor failed
2026-10-02 04:35:00,251 - inference_perf.datagen.replay.replay_graph_session_datagen - INFO - Event wekatrace243_bea7dc50de14489cd502c85c419f46aa7c88:event_070_parent_turn_43 skipping — predecessor failed
2026-10-02 04:35:00,251 - inference_perf.datagen.replay.replay_graph_session_datagen - INFO - Event wekatrace303_e5fbd6dfd130daf14f0059747c5481e7503e:event_064_parent_turn_64 skipping — predecessor failed
2026-10-02 04:35:00,251 - inference_perf.datagen.replay.replay_graph_session_datagen - INFO - Event wekatrace303_e5fbd6dfd130daf14f0059747c5481e7503e:event_065_parent_turn_65 skipping — predecessor failed
2026-10-02 04:35:00,251 - inference_perf.datagen.replay.replay_graph_session_datagen - INFO - Event wekatrace243_bea7dc50de14489cd502c85c419f46aa7c88:event_071_parent_turn_44 skipping — predecessor failed
2026-10-02 04:35:00,251 - inference_perf.datagen.replay.replay_graph_session_datagen - INFO - Event wekatrace303_e5fbd6dfd130daf14f0059747c5481e7503e:event_066_parent_turn_66 skipping — predecessor failed
2026-10-02 04:35:00,252 - inference_perf.datagen.replay.replay_graph_session_datagen - INFO - Event wekatrace303_e5fbd6dfd130daf14f0059747c5481e7503e:event_067_parent_turn_67 skipping — predecessor failed
2026-10-02 04:35:00,252 - inference_perf.datagen.replay.replay_graph_session_datagen - INFO - Event wekatrace303_e5fbd6dfd130daf14f0059747c5481e7503e:event_068_parent_turn_68 skipping — predecessor failed
2026-10-02 04:35:00,252 - inference_perf.datagen.replay.replay_graph_session_datagen - INFO - Event wekatrace243_bea7dc50de14489cd502c85c419f46aa7c88:event_072_parent_turn_45 skipping — predecessor failed
2026-10-02 04:35:00,252 - inference_perf.datagen.replay.replay_graph_session_datagen - INFO - Event wekatrace303_e5fbd6dfd130daf14f0059747c5481e7503e:event_069_parent_turn_69 skipping — predecessor failed
2026-10-02 04:35:00,252 - inference_perf.datagen.replay.replay_graph_session_datagen - INFO - Event wekatrace303_e5fbd6dfd130daf14f0059747c5481e7503e:event_070_parent_turn_70 skipping — predecessor failed
2026-10-02 04:35:00,252 - inference_perf.datagen.replay.replay_graph_session_datagen - INFO - Event wekatrace303_e5fbd6dfd130daf14f0059747c5481e7503e:event_071_parent_turn_71 skipping — predecessor failed
2026-10-02 04:35:00,252 - inference_perf.datagen.replay.replay_graph_session_datagen - INFO - Event wekatrace243_bea7dc50de14489cd502c85c419f46aa7c88:event_073_parent_turn_46 skipping — predecessor failed
2026-10-02 04:35:00,252 - inference_perf.datagen.replay.replay_graph_session_datagen - INFO - Event wekatrace303_e5fbd6dfd130daf14f0059747c5481e7503e:event_072_parent_turn_72 skipping — predecessor failed
2026-10-02 04:35:00,252 - inference_perf.datagen.replay.replay_graph_session_datagen - INFO - Event wekatrace303_e5fbd6dfd130daf14f0059747c5481e7503e:event_073_parent_turn_73 skipping — predecessor failed
2026-10-02 04:35:00,252 - inference_perf.datagen.replay.replay_graph_session_datagen - INFO - Event wekatrace243_bea7dc50de14489cd502c85c419f46aa7c88:event_074_parent_turn_47 skipping — predecessor failed
2026-10-02 04:35:00,252 - inference_perf.datagen.replay.replay_graph_session_datagen - INFO - Event wekatrace303_e5fbd6dfd130daf14f0059747c5481e7503e:event_074_parent_turn_74 skipping — predecessor failed
2026-10-02 04:35:00,252 - inference_perf.datagen.replay.replay_graph_session_datagen - INFO - Event wekatrace303_e5fbd6dfd130daf14f0059747c5481e7503e:event_075_parent_turn_75 skipping — predecessor failed
2026-10-02 04:35:00,252 - inference_perf.datagen.replay.replay_graph_session_datagen - INFO - Event wekatrace303_e5fbd6dfd130daf14f0059747c5481e7503e:event_076_parent_turn_76 skipping — predecessor failed
2026-10-02 04:35:00,252 - inference_perf.datagen.replay.replay_graph_session_datagen - INFO - Event wekatrace243_bea7dc50de14489cd502c85c419f46aa7c88:event_075_parent_turn_48 skipping — predecessor failed
2026-10-02 04:35:00,252 - inference_perf.datagen.replay.replay_graph_session_datagen - INFO - Event wekatrace303_e5fbd6dfd130daf14f0059747c5481e7503e:event_077_parent_turn_77 skipping — predecessor failed
2026-10-02 04:35:00,253 - inference_perf.datagen.replay.replay_graph_session_datagen - INFO - Event wekatrace303_e5fbd6dfd130daf14f0059747c5481e7503e:event_078_parent_turn_78 skipping — predecessor failed
2026-10-02 04:35:00,253 - inference_perf.datagen.replay.replay_graph_session_datagen - INFO - Event wekatrace303_e5fbd6dfd130daf14f0059747c5481e7503e:event_079_parent_turn_79 skipping — predecessor failed
2026-10-02 04:35:00,253 - inference_perf.datagen.replay.replay_graph_session_datagen - INFO - Event wekatrace243_bea7dc50de14489cd502c85c419f46aa7c88:event_076_parent_turn_49 skipping — predecessor failed
2026-10-02 04:35:00,253 - inference_perf.datagen.replay.replay_graph_session_datagen - INFO - Event wekatrace303_e5fbd6dfd130daf14f0059747c5481e7503e:event_080_parent_turn_80 skipping — predecessor failed
2026-10-02 04:35:00,253 - inference_perf.datagen.replay.replay_graph_session_datagen - INFO - Event wekatrace303_e5fbd6dfd130daf14f0059747c5481e7503e:event_081_parent_turn_81 skipping — predecessor failed
2026-10-02 04:35:00,253 - inference_perf.datagen.replay.replay_graph_session_datagen - INFO - Event wekatrace243_bea7dc50de14489cd502c85c419f46aa7c88:event_077_parent_turn_50 skipping — predecessor failed
2026-10-02 04:35:00,253 - inference_perf.datagen.replay.replay_graph_session_datagen - INFO - Event wekatrace303_e5fbd6dfd130daf14f0059747c5481e7503e:event_082_parent_turn_82 skipping — predecessor failed
2026-10-02 04:35:00,253 - inference_perf.datagen.replay.replay_graph_session_datagen - INFO - Event wekatrace303_e5fbd6dfd130daf14f0059747c5481e7503e:event_083_parent_turn_83 skipping — predecessor failed
2026-10-02 04:35:00,253 - inference_perf.datagen.replay.replay_graph_session_datagen - INFO - Event wekatrace243_bea7dc50de14489cd502c85c419f46aa7c88:event_078_parent_turn_51 skipping — predecessor failed
2026-10-02 04:35:00,253 - inference_perf.datagen.replay.replay_graph_session_datagen - INFO - Event wekatrace303_e5fbd6dfd130daf14f0059747c5481e7503e:event_084_parent_turn_84 skipping — predecessor failed
2026-10-02 04:35:00,253 - inference_perf.datagen.replay.replay_graph_session_datagen - INFO - Event wekatrace303_e5fbd6dfd130daf14f0059747c5481e7503e:event_085_parent_turn_85 skipping — predecessor failed
2026-10-02 04:35:00,253 - inference_perf.datagen.replay.replay_graph_session_datagen - INFO - Event wekatrace303_e5fbd6dfd130daf14f0059747c5481e7503e:event_086_parent_turn_86 skipping — predecessor failed
2026-10-02 04:35:00,253 - inference_perf.datagen.replay.replay_graph_session_datagen - INFO - Event wekatrace243_bea7dc50de14489cd502c85c419f46aa7c88:event_079_parent_turn_52 skipping — predecessor failed
2026-10-02 04:35:00,254 - inference_perf.datagen.replay.replay_graph_session_datagen - INFO - Event wekatrace303_e5fbd6dfd130daf14f0059747c5481e7503e:event_087_parent_turn_87 skipping — predecessor failed
2026-10-02 04:35:00,254 - inference_perf.datagen.replay.replay_graph_session_datagen - INFO - Event wekatrace303_e5fbd6dfd130daf14f0059747c5481e7503e:event_088_parent_turn_88 skipping — predecessor failed
2026-10-02 04:35:00,254 - inference_perf.datagen.replay.replay_graph_session_datagen - INFO - Event wekatrace243_bea7dc50de14489cd502c85c419f46aa7c88:event_080_parent_turn_53 skipping — predecessor failed
2026-10-02 04:35:00,254 - inference_perf.datagen.replay.replay_graph_session_datagen - INFO - Event wekatrace303_e5fbd6dfd130daf14f0059747c5481e7503e:event_089_parent_turn_89 skipping — predecessor failed
2026-10-02 04:35:00,254 - inference_perf.datagen.replay.replay_graph_session_datagen - INFO - Event wekatrace303_e5fbd6dfd130daf14f0059747c5481e7503e:event_090_parent_turn_90 skipping — predecessor failed
2026-10-02 04:35:00,254 - inference_perf.datagen.replay.replay_graph_session_datagen - INFO - Event wekatrace243_bea7dc50de14489cd502c85c419f46aa7c88:event_081_parent_turn_54 skipping — predecessor failed
2026-10-02 04:35:00,254 - inference_perf.datagen.replay.replay_graph_session_datagen - INFO - Event wekatrace303_e5fbd6dfd130daf14f0059747c5481e7503e:event_091_parent_turn_91 skipping — predecessor failed
2026-10-02 04:35:00,254 - inference_perf.datagen.replay.replay_graph_session_datagen - INFO - Event wekatrace243_bea7dc50de14489cd502c85c419f46aa7c88:event_082_parent_turn_55 skipping — predecessor failed
2026-10-02 04:35:00,254 - inference_perf.datagen.replay.replay_graph_session_datagen - INFO - Event wekatrace303_e5fbd6dfd130daf14f0059747c5481e7503e:event_092_parent_turn_92 skipping — predecessor failed
2026-10-02 04:35:00,254 - inference_perf.datagen.replay.replay_graph_session_datagen - INFO - Event wekatrace243_bea7dc50de14489cd502c85c419f46aa7c88:event_083_parent_turn_56 skipping — predecessor failed
2026-10-02 04:35:00,254 - inference_perf.datagen.replay.replay_graph_session_datagen - INFO - Event wekatrace303_e5fbd6dfd130daf14f0059747c5481e7503e:event_093_parent_turn_93 skipping — predecessor failed
2026-10-02 04:35:00,254 - inference_perf.datagen.replay.replay_graph_session_datagen - INFO - Event wekatrace303_e5fbd6dfd130daf14f0059747c5481e7503e:event_094_parent_turn_94 skipping — predecessor failed
2026-10-02 04:35:00,254 - inference_perf.datagen.replay.replay_graph_session_datagen - INFO - Event wekatrace303_e5fbd6dfd130daf14f0059747c5481e7503e:event_095_parent_turn_95 skipping — predecessor failed
2026-10-02 04:35:00,254 - inference_perf.datagen.replay.replay_graph_session_datagen - INFO - Event wekatrace303_e5fbd6dfd130daf14f0059747c5481e7503e:event_096_parent_turn_96 skipping — predecessor failed
2026-10-02 04:35:00,254 - inference_perf.datagen.replay.replay_graph_session_datagen - INFO - Dispatching session wekatrace48_2b20926f86d488b237e65d296a4bf642270e: 35 events
2026-10-02 04:35:00,255 - inference_perf.datagen.replay.replay_graph_session_datagen - INFO - Event wekatrace303_e5fbd6dfd130daf14f0059747c5481e7503e:event_097_parent_turn_97 skipping — predecessor failed
2026-10-02 04:35:00,255 - inference_perf.datagen.replay.replay_graph_session_datagen - INFO - Event wekatrace303_e5fbd6dfd130daf14f0059747c5481e7503e:event_098_parent_turn_98 skipping — predecessor failed
2026-10-02 04:35:00,255 - inference_perf.datagen.replay.replay_graph_session_datagen - INFO - Event wekatrace303_e5fbd6dfd130daf14f0059747c5481e7503e:event_099_parent_turn_99 skipping — predecessor failed
2026-10-02 04:35:00,255 - inference_perf.datagen.replay.replay_graph_session_datagen - INFO - Event wekatrace303_e5fbd6dfd130daf14f0059747c5481e7503e:event_100_parent_turn_100 skipping — predecessor failed
2026-10-02 04:35:00,255 - inference_perf.datagen.replay.replay_graph_session_datagen - INFO - Event wekatrace303_e5fbd6dfd130daf14f0059747c5481e7503e:event_101_parent_turn_101 skipping — predecessor failed
2026-10-02 04:35:00,255 - inference_perf.datagen.replay.replay_graph_session_datagen - INFO - Dispatching session wekatrace101_5567965ff6abfaa6f40b6a51212c45d7587b: 148 events
2026-10-02 04:35:00,255 - inference_perf.datagen.replay.replay_graph_session_datagen - INFO - Event wekatrace303_e5fbd6dfd130daf14f0059747c5481e7503e:event_102_parent_turn_102 skipping — predecessor failed
2026-10-02 04:35:00,255 - inference_perf.datagen.replay.replay_graph_session_datagen - INFO - Event wekatrace303_e5fbd6dfd130daf14f0059747c5481e7503e:event_103_parent_turn_103 skipping — predecessor failed
2026-10-02 04:35:00,255 - inference_perf.datagen.replay.replay_graph_session_datagen - INFO - Event wekatrace303_e5fbd6dfd130daf14f0059747c5481e7503e:event_104_parent_turn_104 skipping — predecessor failed
2026-10-02 04:35:00,255 - inference_perf.datagen.replay.replay_graph_session_datagen - INFO - Event wekatrace303_e5fbd6dfd130daf14f0059747c5481e7503e:event_105_parent_turn_105 skipping — predecessor failed
2026-10-02 04:35:00,255 - inference_perf.datagen.replay.replay_graph_session_datagen - INFO - Event wekatrace303_e5fbd6dfd130daf14f0059747c5481e7503e:event_106_parent_turn_106 skipping — predecessor failed
2026-10-02 04:35:00,255 - inference_perf.datagen.replay.replay_graph_session_datagen - INFO - Event wekatrace303_e5fbd6dfd130daf14f0059747c5481e7503e:event_107_parent_turn_107 skipping — predecessor failed
2026-10-02 04:35:00,256 - inference_perf.datagen.replay.replay_graph_session_datagen - INFO - Event wekatrace303_e5fbd6dfd130daf14f0059747c5481e7503e:event_108_parent_turn_108 skipping — predecessor failed
2026-10-02 04:35:00,256 - inference_perf.datagen.replay.replay_graph_session_datagen - INFO - Event wekatrace303_e5fbd6dfd130daf14f0059747c5481e7503e:event_109_parent_turn_109 skipping — predecessor failed
2026-10-02 04:35:00,256 - inference_perf.datagen.replay.replay_graph_session_datagen - INFO - Event wekatrace303_e5fbd6dfd130daf14f0059747c5481e7503e:event_110_parent_turn_110 skipping — predecessor failed
2026-10-02 04:35:00,256 - inference_perf.datagen.replay.replay_graph_session_datagen - INFO - Event wekatrace303_e5fbd6dfd130daf14f0059747c5481e7503e:event_111_parent_turn_111 skipping — predecessor failed
2026-10-02 04:35:00,256 - inference_perf.datagen.replay.replay_graph_session_datagen - INFO - Event wekatrace303_e5fbd6dfd130daf14f0059747c5481e7503e:event_112_parent_turn_112 skipping — predecessor failed
2026-10-02 04:35:00,256 - inference_perf.datagen.replay.replay_graph_session_datagen - INFO - Event wekatrace303_e5fbd6dfd130daf14f0059747c5481e7503e:event_113_parent_turn_113 skipping — predecessor failed
2026-10-02 04:35:00,256 - inference_perf.datagen.replay.replay_graph_session_datagen - INFO - Event wekatrace303_e5fbd6dfd130daf14f0059747c5481e7503e:event_114_parent_turn_114 skipping — predecessor failed
2026-10-02 04:35:00,256 - inference_perf.datagen.replay.replay_graph_session_datagen - INFO - Event wekatrace303_e5fbd6dfd130daf14f0059747c5481e7503e:event_115_parent_turn_115 skipping — predecessor failed
2026-10-02 04:35:00,256 - inference_perf.datagen.replay.replay_graph_session_datagen - INFO - Event wekatrace303_e5fbd6dfd130daf14f0059747c5481e7503e:event_116_parent_turn_116 skipping — predecessor failed
2026-10-02 04:35:00,257 - inference_perf.datagen.replay.replay_graph_session_datagen - INFO - Event wekatrace303_e5fbd6dfd130daf14f0059747c5481e7503e:event_117_parent_turn_117 skipping — predecessor failed
2026-10-02 04:35:00,257 - inference_perf.datagen.replay.replay_graph_session_datagen - INFO - Event wekatrace303_e5fbd6dfd130daf14f0059747c5481e7503e:event_118_parent_turn_118 skipping — predecessor failed
2026-10-02 04:35:00,257 - inference_perf.datagen.replay.replay_graph_session_datagen - INFO - Event wekatrace303_e5fbd6dfd130daf14f0059747c5481e7503e:event_119_parent_turn_119 skipping — predecessor failed
2026-10-02 04:35:00,257 - inference_perf.datagen.replay.replay_graph_session_datagen - INFO - Dispatching session wekatrace3_0475b786230f3f2e24220d28e247eaee2dae: 192 events
2026-10-02 04:35:00,257 - inference_perf.datagen.replay.replay_graph_session_datagen - INFO - Event wekatrace303_e5fbd6dfd130daf14f0059747c5481e7503e:event_120_parent_turn_120 skipping — predecessor failed
2026-10-02 04:35:00,257 - inference_perf.datagen.replay.replay_graph_session_datagen - INFO - Event wekatrace303_e5fbd6dfd130daf14f0059747c5481e7503e:event_121_parent_turn_121 skipping — predecessor failed
2026-10-02 04:35:00,257 - inference_perf.datagen.replay.replay_graph_session_datagen - INFO - Event wekatrace303_e5fbd6dfd130daf14f0059747c5481e7503e:event_122_parent_turn_122 skipping — predecessor failed
2026-10-02 04:35:00,257 - inference_perf.datagen.replay.replay_graph_session_datagen - INFO - Event wekatrace303_e5fbd6dfd130daf14f0059747c5481e7503e:event_123_parent_turn_123 skipping — predecessor failed
2026-10-02 04:35:00,257 - inference_perf.datagen.replay.replay_graph_session_datagen - INFO - Event wekatrace303_e5fbd6dfd130daf14f0059747c5481e7503e:event_124_parent_turn_124 skipping — predecessor failed
2026-10-02 04:35:00,258 - inference_perf.datagen.replay.replay_graph_session_datagen - INFO - Event wekatrace303_e5fbd6dfd130daf14f0059747c5481e7503e:event_125_parent_turn_125 skipping — predecessor failed
2026-10-02 04:35:00,258 - inference_perf.datagen.replay.replay_graph_session_datagen - INFO - Event wekatrace303_e5fbd6dfd130daf14f0059747c5481e7503e:event_126_parent_turn_126 skipping — predecessor failed
2026-10-02 04:35:00,258 - inference_perf.datagen.replay.replay_graph_session_datagen - INFO - Event wekatrace303_e5fbd6dfd130daf14f0059747c5481e7503e:event_127_parent_turn_127 skipping — predecessor failed
2026-10-02 04:35:00,258 - inference_perf.datagen.replay.replay_graph_session_datagen - INFO - Event wekatrace303_e5fbd6dfd130daf14f0059747c5481e7503e:event_128_parent_turn_128 skipping — predecessor failed
2026-10-02 04:35:00,258 - inference_perf.datagen.replay.replay_graph_session_datagen - INFO - Event wekatrace303_e5fbd6dfd130daf14f0059747c5481e7503e:event_129_parent_turn_129 skipping — predecessor failed
2026-10-02 04:35:00,258 - inference_perf.datagen.replay.replay_graph_session_datagen - INFO - Event wekatrace303_e5fbd6dfd130daf14f0059747c5481e7503e:event_130_parent_turn_130 skipping — predecessor failed
2026-10-02 04:35:00,258 - inference_perf.datagen.replay.replay_graph_session_datagen - INFO - Event wekatrace303_e5fbd6dfd130daf14f0059747c5481e7503e:event_131_parent_turn_131 skipping — predecessor failed
2026-10-02 04:35:00,259 - inference_perf.datagen.replay.replay_graph_session_datagen - INFO - Dispatching session wekatrace65_37a398bc6ba21656e326b2e5faa699ac0267: 42 events
2026-10-02 04:35:00,259 - inference_perf.datagen.replay.replay_graph_session_datagen - INFO - Event wekatrace303_e5fbd6dfd130daf14f0059747c5481e7503e:event_132_parent_turn_132 skipping — predecessor failed
2026-10-02 04:35:00,260 - inference_perf.datagen.replay.replay_graph_session_datagen - INFO - Event wekatrace303_e5fbd6dfd130daf14f0059747c5481e7503e:event_133_parent_turn_133 skipping — predecessor failed
2026-10-02 04:35:00,260 - inference_perf.datagen.replay.replay_graph_session_datagen - INFO - Event wekatrace303_e5fbd6dfd130daf14f0059747c5481e7503e:event_134_parent_turn_134 skipping — predecessor failed
2026-10-02 04:35:00,260 - inference_perf.datagen.replay.replay_graph_session_datagen - INFO - Dispatching session wekatrace162_8d25e460f8af6ce0b8dd531f9d471a6f4628: 36 events
2026-10-02 04:35:00,260 - inference_perf.datagen.replay.replay_graph_session_datagen - INFO - Event wekatrace303_e5fbd6dfd130daf14f0059747c5481e7503e:event_135_parent_turn_135 skipping — predecessor failed
2026-10-02 04:35:00,260 - inference_perf.datagen.replay.replay_graph_session_datagen - INFO - Event wekatrace303_e5fbd6dfd130daf14f0059747c5481e7503e:event_136_parent_turn_136 skipping — predecessor failed
2026-10-02 04:35:00,260 - inference_perf.datagen.replay.replay_graph_session_datagen - INFO - Event wekatrace303_e5fbd6dfd130daf14f0059747c5481e7503e:event_137_parent_turn_137 skipping — predecessor failed
2026-10-02 04:35:00,260 - inference_perf.datagen.replay.replay_graph_session_datagen - INFO - Event wekatrace303_e5fbd6dfd130daf14f0059747c5481e7503e:event_138_parent_turn_138 skipping — predecessor failed
2026-10-02 04:35:00,260 - inference_perf.datagen.replay.replay_graph_session_datagen - INFO - Event wekatrace303_e5fbd6dfd130daf14f0059747c5481e7503e:event_139_parent_turn_139 skipping — predecessor failed
2026-10-02 04:35:00,260 - inference_perf.datagen.replay.replay_graph_session_datagen - INFO - Event wekatrace303_e5fbd6dfd130daf14f0059747c5481e7503e:event_140_parent_turn_140 skipping — predecessor failed
2026-10-02 04:35:00,260 - inference_perf.datagen.replay.replay_graph_session_datagen - INFO - Event wekatrace303_e5fbd6dfd130daf14f0059747c5481e7503e:event_141_parent_turn_141 skipping — predecessor failed
2026-10-02 04:35:00,261 - inference_perf.datagen.replay.replay_graph_session_datagen - INFO - Event wekatrace303_e5fbd6dfd130daf14f0059747c5481e7503e:event_142_parent_turn_142 skipping — predecessor failed
2026-10-02 04:35:00,261 - inference_perf.datagen.replay.replay_graph_session_datagen - INFO - Event wekatrace303_e5fbd6dfd130daf14f0059747c5481e7503e:event_143_parent_turn_143 skipping — predecessor failed
2026-10-02 04:35:00,261 - inference_perf.datagen.replay.replay_graph_session_datagen - INFO - Event wekatrace303_e5fbd6dfd130daf14f0059747c5481e7503e:event_144_parent_turn_144 skipping — predecessor failed
2026-10-02 04:35:00,261 - inference_perf.datagen.replay.replay_graph_session_datagen - INFO - Event wekatrace303_e5fbd6dfd130daf14f0059747c5481e7503e:event_145_parent_turn_145 skipping — predecessor failed
2026-10-02 04:35:00,261 - inference_perf.datagen.replay.replay_graph_session_datagen - INFO - Event wekatrace303_e5fbd6dfd130daf14f0059747c5481e7503e:event_146_parent_turn_146 skipping — predecessor failed
2026-10-02 04:35:00,261 - inference_perf.datagen.replay.replay_graph_session_datagen - INFO - Event wekatrace303_e5fbd6dfd130daf14f0059747c5481e7503e:event_147_parent_turn_147 skipping — predecessor failed
2026-10-02 04:35:00,261 - inference_perf.datagen.replay.replay_graph_session_datagen - INFO - Event wekatrace303_e5fbd6dfd130daf14f0059747c5481e7503e:event_148_parent_turn_148 skipping — predecessor failed
2026-10-02 04:35:00,261 - inference_perf.datagen.replay.replay_graph_session_datagen - INFO - Event wekatrace303_e5fbd6dfd130daf14f0059747c5481e7503e:event_149_parent_turn_149 skipping — predecessor failed
2026-10-02 04:35:00,262 - inference_perf.datagen.replay.replay_graph_session_datagen - INFO - Event wekatrace303_e5fbd6dfd130daf14f0059747c5481e7503e:event_150_parent_turn_150 skipping — predecessor failed
2026-10-02 04:35:00,262 - inference_perf.datagen.replay.replay_graph_session_datagen - INFO - Event wekatrace303_e5fbd6dfd130daf14f0059747c5481e7503e:event_151_parent_turn_151 skipping — predecessor failed
2026-10-02 04:35:00,262 - inference_perf.datagen.replay.replay_graph_session_datagen - INFO - Event wekatrace303_e5fbd6dfd130daf14f0059747c5481e7503e:event_152_parent_turn_152 skipping — predecessor failed
2026-10-02 04:35:00,262 - inference_perf.datagen.replay.replay_graph_session_datagen - INFO - Event wekatrace303_e5fbd6dfd130daf14f0059747c5481e7503e:event_153_parent_turn_153 skipping — predecessor failed
2026-10-02 04:35:00,262 - inference_perf.datagen.replay.replay_graph_session_datagen - INFO - Event wekatrace303_e5fbd6dfd130daf14f0059747c5481e7503e:event_154_parent_turn_154 skipping — predecessor failed
2026-10-02 04:35:00,262 - inference_perf.datagen.replay.replay_graph_session_datagen - INFO - Event wekatrace303_e5fbd6dfd130daf14f0059747c5481e7503e:event_155_parent_turn_155 skipping — predecessor failed
2026-10-02 04:35:00,262 - inference_perf.datagen.replay.replay_graph_session_datagen - INFO - Event wekatrace303_e5fbd6dfd130daf14f0059747c5481e7503e:event_156_parent_turn_156 skipping — predecessor failed
2026-10-02 04:35:00,262 - inference_perf.datagen.replay.replay_graph_session_datagen - INFO - Event wekatrace303_e5fbd6dfd130daf14f0059747c5481e7503e:event_157_parent_turn_157 skipping — predecessor failed
2026-10-02 04:35:00,263 - inference_perf.datagen.replay.replay_graph_session_datagen - INFO - Event wekatrace303_e5fbd6dfd130daf14f0059747c5481e7503e:event_158_parent_turn_158 skipping — predecessor failed
2026-10-02 04:35:00,263 - inference_perf.datagen.replay.replay_graph_session_datagen - INFO - Event wekatrace303_e5fbd6dfd130daf14f0059747c5481e7503e:event_159_parent_turn_159 skipping — predecessor failed
2026-10-02 04:35:00,263 - inference_perf.datagen.replay.replay_graph_session_datagen - INFO - Event wekatrace303_e5fbd6dfd130daf14f0059747c5481e7503e:event_160_parent_turn_160 skipping — predecessor failed
2026-10-02 04:35:00,263 - inference_perf.datagen.replay.replay_graph_session_datagen - INFO - Event wekatrace303_e5fbd6dfd130daf14f0059747c5481e7503e:event_161_parent_turn_161 skipping — predecessor failed
2026-10-02 04:35:00,263 - inference_perf.datagen.replay.replay_graph_session_datagen - INFO - Event wekatrace303_e5fbd6dfd130daf14f0059747c5481e7503e:event_162_parent_turn_162 skipping — predecessor failed
2026-10-02 04:35:00,263 - inference_perf.datagen.replay.replay_graph_session_datagen - INFO - Event wekatrace303_e5fbd6dfd130daf14f0059747c5481e7503e:event_163_parent_turn_163 skipping — predecessor failed
2026-10-02 04:35:00,263 - inference_perf.datagen.replay.replay_graph_session_datagen - INFO - Event wekatrace303_e5fbd6dfd130daf14f0059747c5481e7503e:event_164_parent_turn_164 skipping — predecessor failed
2026-10-02 04:35:00,263 - inference_perf.datagen.replay.replay_graph_session_datagen - INFO - Event wekatrace303_e5fbd6dfd130daf14f0059747c5481e7503e:event_165_parent_turn_165 skipping — predecessor failed
2026-10-02 04:35:00,264 - inference_perf.datagen.replay.replay_graph_session_datagen - INFO - Event wekatrace303_e5fbd6dfd130daf14f0059747c5481e7503e:event_166_parent_turn_166 skipping — predecessor failed
2026-10-02 04:35:00,264 - inference_perf.datagen.replay.replay_graph_session_datagen - INFO - Event wekatrace303_e5fbd6dfd130daf14f0059747c5481e7503e:event_167_parent_turn_167 skipping — predecessor failed
2026-10-02 04:35:00,264 - inference_perf.datagen.replay.replay_graph_session_datagen - INFO - Event wekatrace303_e5fbd6dfd130daf14f0059747c5481e7503e:event_168_parent_turn_168 skipping — predecessor failed
2026-10-02 04:35:00,264 - inference_perf.datagen.replay.replay_graph_session_datagen - INFO - Event wekatrace303_e5fbd6dfd130daf14f0059747c5481e7503e:event_169_parent_turn_169 skipping — predecessor failed
2026-10-02 04:35:00,264 - inference_perf.datagen.replay.replay_graph_session_datagen - INFO - Event wekatrace303_e5fbd6dfd130daf14f0059747c5481e7503e:event_170_parent_turn_170 skipping — predecessor failed
2026-10-02 04:35:00,264 - inference_perf.datagen.replay.replay_graph_session_datagen - INFO - Event wekatrace303_e5fbd6dfd130daf14f0059747c5481e7503e:event_171_parent_turn_171 skipping — predecessor failed
2026-10-02 04:35:01,233 - inference_perf.datagen.replay.replay_graph_session_datagen - ERROR - Request failed for event wekatrace215_ad2d0707607579ecd99018884c833228434a:event_001_parent_turn_1: TimeoutError: 
2026-10-02 04:35:01,233 - inference_perf.datagen.replay.replay_graph_session_datagen - INFO - Session wekatrace215_ad2d0707607579ecd99018884c833228434a failure notification sent to main process (cancelled_events=23)
2026-10-02 04:35:01,233 - inference_perf.client.modelserver.openai_client - ERROR - 
Traceback (most recent call last):
  File "/workspace/.venv/lib/python3.12/site-packages/aiohttp/streams.py", line 365, in _wait
    await waiter
asyncio.exceptions.CancelledError

The above exception was the direct cause of the following exception:

Traceback (most recent call last):
  File "/workspace/inference_perf/apis/streaming_parser.py", line 84, in parse_sse_stream
    async for chunk in response.content.iter_any():
  File "/workspace/.venv/lib/python3.12/site-packages/aiohttp/streams.py", line 46, in __anext__
    rv = await self.read_func()
         ^^^^^^^^^^^^^^^^^^^^^^
  File "/workspace/.venv/lib/python3.12/site-packages/aiohttp/streams.py", line 460, in readany
    await self._wait("readany")
  File "/workspace/.venv/lib/python3.12/site-packages/aiohttp/streams.py", line 364, in _wait
    with self._timer:
         ^^^^^^^^^^^
  File "/workspace/.venv/lib/python3.12/site-packages/aiohttp/helpers.py", line 759, in __exit__
    raise asyncio.TimeoutError from exc_val
TimeoutError

The above exception was the direct cause of the following exception:

Traceback (most recent call last):
  File "/workspace/inference_perf/client/modelserver/openai_client.py", line 557, in process_request
    info = await data.process_response(
           ^^^^^^^^^^^^^^^^^^^^^^^^^^^^
  File "/workspace/inference_perf/datagen/replay/replay_graph_session_datagen.py", line 1039, in process_response
    text_content, chunk_times, raw_content, response_chunks, server_usage = await parse_sse_stream(
                                                                            ^^^^^^^^^^^^^^^^^^^^^^^
  File "/workspace/inference_perf/apis/streaming_parser.py", line 119, in parse_sse_stream
    raise StreamInterruptedError(e, raw_content.decode("utf-8", errors="ignore")) from e
inference_perf.apis.streaming_parser.StreamInterruptedError
2026-10-02 04:35:01,236 - inference_perf.datagen.replay.replay_graph_session_datagen - INFO - Event wekatrace215_ad2d0707607579ecd99018884c833228434a:event_002_parent_turn_2 skipping — predecessor failed
2026-10-02 04:35:01,236 - inference_perf.datagen.replay.replay_graph_session_datagen - INFO - Event wekatrace215_ad2d0707607579ecd99018884c833228434a:event_003_parent_turn_3 skipping — predecessor failed
2026-10-02 04:35:01,236 - inference_perf.datagen.replay.replay_graph_session_datagen - INFO - Event wekatrace215_ad2d0707607579ecd99018884c833228434a:event_004_parent_turn_4 skipping — predecessor failed
2026-10-02 04:35:01,236 - inference_perf.datagen.replay.replay_graph_session_datagen - INFO - Event wekatrace215_ad2d0707607579ecd99018884c833228434a:event_005_parent_turn_5 skipping — predecessor failed
2026-10-02 04:35:01,236 - inference_perf.datagen.replay.replay_graph_session_datagen - INFO - Event wekatrace215_ad2d0707607579ecd99018884c833228434a:event_006_parent_turn_6 skipping — predecessor failed
2026-10-02 04:35:01,236 - inference_perf.datagen.replay.replay_graph_session_datagen - INFO - Event wekatrace215_ad2d0707607579ecd99018884c833228434a:event_007_parent_turn_7 skipping — predecessor failed
2026-10-02 04:35:01,237 - inference_perf.datagen.replay.replay_graph_session_datagen - INFO - Event wekatrace215_ad2d0707607579ecd99018884c833228434a:event_008_parent_turn_8 skipping — predecessor failed
2026-10-02 04:35:01,237 - inference_perf.datagen.replay.replay_graph_session_datagen - INFO - Event wekatrace215_ad2d0707607579ecd99018884c833228434a:event_009_parent_turn_9 skipping — predecessor failed
2026-10-02 04:35:01,237 - inference_perf.datagen.replay.replay_graph_session_datagen - INFO - Event wekatrace215_ad2d0707607579ecd99018884c833228434a:event_010_parent_turn_10 skipping — predecessor failed
2026-10-02 04:35:01,237 - inference_perf.datagen.replay.replay_graph_session_datagen - INFO - Event wekatrace215_ad2d0707607579ecd99018884c833228434a:event_011_parent_turn_11 skipping — predecessor failed
2026-10-02 04:35:01,237 - inference_perf.datagen.replay.replay_graph_session_datagen - INFO - Event wekatrace215_ad2d0707607579ecd99018884c833228434a:event_012_parent_turn_12 skipping — predecessor failed
2026-10-02 04:35:01,237 - inference_perf.datagen.replay.replay_graph_session_datagen - INFO - Event wekatrace215_ad2d0707607579ecd99018884c833228434a:event_013_parent_turn_13 skipping — predecessor failed
2026-10-02 04:35:01,237 - inference_perf.datagen.replay.replay_graph_session_datagen - INFO - Event wekatrace215_ad2d0707607579ecd99018884c833228434a:event_014_parent_turn_14 skipping — predecessor failed
2026-10-02 04:35:01,237 - inference_perf.datagen.replay.replay_graph_session_datagen - INFO - Event wekatrace215_ad2d0707607579ecd99018884c833228434a:event_015_parent_turn_15 skipping — predecessor failed
2026-10-02 04:35:01,237 - inference_perf.datagen.replay.replay_graph_session_datagen - INFO - Event wekatrace215_ad2d0707607579ecd99018884c833228434a:event_016_parent_turn_16 skipping — predecessor failed
2026-10-02 04:35:01,238 - inference_perf.datagen.replay.replay_graph_session_datagen - INFO - Event wekatrace215_ad2d0707607579ecd99018884c833228434a:event_017_parent_turn_17 skipping — predecessor failed
2026-10-02 04:35:01,238 - inference_perf.datagen.replay.replay_graph_session_datagen - INFO - Event wekatrace215_ad2d0707607579ecd99018884c833228434a:event_018_parent_turn_18 skipping — predecessor failed
2026-10-02 04:35:01,238 - inference_perf.datagen.replay.replay_graph_session_datagen - INFO - Event wekatrace215_ad2d0707607579ecd99018884c833228434a:event_019_parent_turn_19 skipping — predecessor failed
2026-10-02 04:35:01,238 - inference_perf.datagen.replay.replay_graph_session_datagen - INFO - Event wekatrace215_ad2d0707607579ecd99018884c833228434a:event_020_parent_turn_20 skipping — predecessor failed
2026-10-02 04:35:01,238 - inference_perf.datagen.replay.replay_graph_session_datagen - INFO - Event wekatrace215_ad2d0707607579ecd99018884c833228434a:event_021_parent_turn_21 skipping — predecessor failed
2026-10-02 04:35:01,238 - inference_perf.datagen.replay.replay_graph_session_datagen - INFO - Event wekatrace215_ad2d0707607579ecd99018884c833228434a:event_022_parent_turn_22 skipping — predecessor failed
2026-10-02 04:35:01,238 - inference_perf.datagen.replay.replay_graph_session_datagen - INFO - Event wekatrace215_ad2d0707607579ecd99018884c833228434a:event_023_parent_turn_23 skipping — predecessor failed
2026-10-02 04:35:01,238 - inference_perf.datagen.replay.replay_graph_session_datagen - INFO - Event wekatrace215_ad2d0707607579ecd99018884c833228434a:event_024_parent_turn_24 skipping — predecessor failed
2026-10-02 04:35:01,254 - inference_perf.datagen.replay.replay_graph_session_datagen - INFO - Dispatching session wekatrace326_f53aede62a31cb25abc2f19f21f610885758: 26 events
2026-10-02 04:35:09,234 - inference_perf.datagen.replay.replay_graph_session_datagen - ERROR - Request failed for event wekatrace23_13762df76dba635a268bf3acbb30bfffed63:event_001_parent_turn_1: TimeoutError: 
2026-10-02 04:35:09,234 - inference_perf.datagen.replay.replay_graph_session_datagen - INFO - Session wekatrace23_13762df76dba635a268bf3acbb30bfffed63 failure notification sent to main process (cancelled_events=24)
2026-10-02 04:35:09,234 - inference_perf.client.modelserver.openai_client - ERROR - 
Traceback (most recent call last):
  File "/workspace/.venv/lib/python3.12/site-packages/aiohttp/streams.py", line 365, in _wait
    await waiter
asyncio.exceptions.CancelledError

The above exception was the direct cause of the following exception:

Traceback (most recent call last):
  File "/workspace/inference_perf/apis/streaming_parser.py", line 84, in parse_sse_stream
    async for chunk in response.content.iter_any():
  File "/workspace/.venv/lib/python3.12/site-packages/aiohttp/streams.py", line 46, in __anext__
    rv = await self.read_func()
         ^^^^^^^^^^^^^^^^^^^^^^
  File "/workspace/.venv/lib/python3.12/site-packages/aiohttp/streams.py", line 460, in readany
    await self._wait("readany")
  File "/workspace/.venv/lib/python3.12/site-packages/aiohttp/streams.py", line 364, in _wait
    with self._timer:
         ^^^^^^^^^^^
  File "/workspace/.venv/lib/python3.12/site-packages/aiohttp/helpers.py", line 759, in __exit__
    raise asyncio.TimeoutError from exc_val
TimeoutError

The above exception was the direct cause of the following exception:

Traceback (most recent call last):
  File "/workspace/inference_perf/client/modelserver/openai_client.py", line 557, in process_request
    info = await data.process_response(
           ^^^^^^^^^^^^^^^^^^^^^^^^^^^^
  File "/workspace/inference_perf/datagen/replay/replay_graph_session_datagen.py", line 1039, in process_response
    text_content, chunk_times, raw_content, response_chunks, server_usage = await parse_sse_stream(
                                                                            ^^^^^^^^^^^^^^^^^^^^^^^
  File "/workspace/inference_perf/apis/streaming_parser.py", line 119, in parse_sse_stream
    raise StreamInterruptedError(e, raw_content.decode("utf-8", errors="ignore")) from e
inference_perf.apis.streaming_parser.StreamInterruptedError
2026-10-02 04:35:09,237 - inference_perf.datagen.replay.replay_graph_session_datagen - INFO - Event wekatrace23_13762df76dba635a268bf3acbb30bfffed63:event_002_parent_turn_2 skipping — predecessor failed
2026-10-02 04:35:09,237 - inference_perf.datagen.replay.replay_graph_session_datagen - INFO - Event wekatrace23_13762df76dba635a268bf3acbb30bfffed63:event_003_parent_turn_3 skipping — predecessor failed
2026-10-02 04:35:09,237 - inference_perf.datagen.replay.replay_graph_session_datagen - INFO - Event wekatrace23_13762df76dba635a268bf3acbb30bfffed63:event_004_parent_turn_4 skipping — predecessor failed
2026-10-02 04:35:09,238 - inference_perf.datagen.replay.replay_graph_session_datagen - INFO - Event wekatrace23_13762df76dba635a268bf3acbb30bfffed63:event_005_parent_turn_5 skipping — predecessor failed
2026-10-02 04:35:09,238 - inference_perf.datagen.replay.replay_graph_session_datagen - INFO - Event wekatrace23_13762df76dba635a268bf3acbb30bfffed63:event_006_parent_turn_6 skipping — predecessor failed
2026-10-02 04:35:09,238 - inference_perf.datagen.replay.replay_graph_session_datagen - INFO - Event wekatrace23_13762df76dba635a268bf3acbb30bfffed63:event_007_parent_turn_7 skipping — predecessor failed
2026-10-02 04:35:09,238 - inference_perf.datagen.replay.replay_graph_session_datagen - INFO - Event wekatrace23_13762df76dba635a268bf3acbb30bfffed63:event_008_parent_turn_8 skipping — predecessor failed
2026-10-02 04:35:09,238 - inference_perf.datagen.replay.replay_graph_session_datagen - INFO - Event wekatrace23_13762df76dba635a268bf3acbb30bfffed63:event_009_parent_turn_9 skipping — predecessor failed
2026-10-02 04:35:09,238 - inference_perf.datagen.replay.replay_graph_session_datagen - INFO - Event wekatrace23_13762df76dba635a268bf3acbb30bfffed63:event_010_parent_turn_10 skipping — predecessor failed
2026-10-02 04:35:09,238 - inference_perf.datagen.replay.replay_graph_session_datagen - INFO - Event wekatrace23_13762df76dba635a268bf3acbb30bfffed63:event_011_parent_turn_11 skipping — predecessor failed
2026-10-02 04:35:09,238 - inference_perf.datagen.replay.replay_graph_session_datagen - INFO - Event wekatrace23_13762df76dba635a268bf3acbb30bfffed63:event_012_parent_turn_12 skipping — predecessor failed
2026-10-02 04:35:09,239 - inference_perf.datagen.replay.replay_graph_session_datagen - INFO - Event wekatrace23_13762df76dba635a268bf3acbb30bfffed63:event_013_parent_turn_13 skipping — predecessor failed
2026-10-02 04:35:09,239 - inference_perf.datagen.replay.replay_graph_session_datagen - INFO - Event wekatrace23_13762df76dba635a268bf3acbb30bfffed63:event_014_parent_turn_14 skipping — predecessor failed
2026-10-02 04:35:09,239 - inference_perf.datagen.replay.replay_graph_session_datagen - INFO - Event wekatrace23_13762df76dba635a268bf3acbb30bfffed63:event_015_parent_turn_15 skipping — predecessor failed
2026-10-02 04:35:09,239 - inference_perf.datagen.replay.replay_graph_session_datagen - INFO - Event wekatrace23_13762df76dba635a268bf3acbb30bfffed63:event_016_parent_turn_16 skipping — predecessor failed
2026-10-02 04:35:09,239 - inference_perf.datagen.replay.replay_graph_session_datagen - INFO - Event wekatrace23_13762df76dba635a268bf3acbb30bfffed63:event_017_parent_turn_17 skipping — predecessor failed
2026-10-02 04:35:09,239 - inference_perf.datagen.replay.replay_graph_session_datagen - INFO - Event wekatrace23_13762df76dba635a268bf3acbb30bfffed63:event_018_parent_turn_18 skipping — predecessor failed
2026-10-02 04:35:09,239 - inference_perf.datagen.replay.replay_graph_session_datagen - INFO - Event wekatrace23_13762df76dba635a268bf3acbb30bfffed63:event_019_parent_turn_19 skipping — predecessor failed
2026-10-02 04:35:09,239 - inference_perf.datagen.replay.replay_graph_session_datagen - INFO - Event wekatrace23_13762df76dba635a268bf3acbb30bfffed63:event_020_parent_turn_20 skipping — predecessor failed
2026-10-02 04:35:09,239 - inference_perf.datagen.replay.replay_graph_session_datagen - INFO - Event wekatrace23_13762df76dba635a268bf3acbb30bfffed63:event_021_parent_turn_21 skipping — predecessor failed
2026-10-02 04:35:09,239 - inference_perf.datagen.replay.replay_graph_session_datagen - INFO - Event wekatrace23_13762df76dba635a268bf3acbb30bfffed63:event_022_parent_turn_22 skipping — predecessor failed
2026-10-02 04:35:09,240 - inference_perf.datagen.replay.replay_graph_session_datagen - INFO - Event wekatrace23_13762df76dba635a268bf3acbb30bfffed63:event_023_parent_turn_23 skipping — predecessor failed
2026-10-02 04:35:09,240 - inference_perf.datagen.replay.replay_graph_session_datagen - INFO - Event wekatrace23_13762df76dba635a268bf3acbb30bfffed63:event_024_parent_turn_24 skipping — predecessor failed
2026-10-02 04:35:09,240 - inference_perf.datagen.replay.replay_graph_session_datagen - INFO - Event wekatrace23_13762df76dba635a268bf3acbb30bfffed63:event_025_parent_turn_25 skipping — predecessor failed
2026-10-02 04:35:09,246 - inference_perf.datagen.replay.replay_graph_session_datagen - INFO - Dispatching session wekatrace308_e96832ba16e92ee7b955738ae37813181e63: 255 events
2026-10-02 04:35:11,155 - inference_perf.datagen.replay.replay_graph_session_datagen - INFO - Dispatching session wekatrace199_a475e564996f40c6bb19e7241cc9162dc69c: 22 events
2026-10-02 04:35:17,233 - inference_perf.datagen.replay.replay_graph_session_datagen - ERROR - Request failed for event wekatrace245_c03e35003893d05b83ddec10c77f479d5f04:event_003_parent_turn_3: TimeoutError: 
2026-10-02 04:35:17,234 - inference_perf.datagen.replay.replay_graph_session_datagen - INFO - Session wekatrace245_c03e35003893d05b83ddec10c77f479d5f04 failure notification sent to main process (cancelled_events=38)
2026-10-02 04:35:17,234 - inference_perf.client.modelserver.openai_client - ERROR - 
Traceback (most recent call last):
  File "/workspace/.venv/lib/python3.12/site-packages/aiohttp/streams.py", line 365, in _wait
    await waiter
asyncio.exceptions.CancelledError

The above exception was the direct cause of the following exception:

Traceback (most recent call last):
  File "/workspace/inference_perf/apis/streaming_parser.py", line 84, in parse_sse_stream
    async for chunk in response.content.iter_any():
  File "/workspace/.venv/lib/python3.12/site-packages/aiohttp/streams.py", line 46, in __anext__
    rv = await self.read_func()
         ^^^^^^^^^^^^^^^^^^^^^^
  File "/workspace/.venv/lib/python3.12/site-packages/aiohttp/streams.py", line 460, in readany
    await self._wait("readany")
  File "/workspace/.venv/lib/python3.12/site-packages/aiohttp/streams.py", line 364, in _wait
    with self._timer:
         ^^^^^^^^^^^
  File "/workspace/.venv/lib/python3.12/site-packages/aiohttp/helpers.py", line 759, in __exit__
    raise asyncio.TimeoutError from exc_val
TimeoutError

The above exception was the direct cause of the following exception:

Traceback (most recent call last):
  File "/workspace/inference_perf/client/modelserver/openai_client.py", line 557, in process_request
    info = await data.process_response(
           ^^^^^^^^^^^^^^^^^^^^^^^^^^^^
  File "/workspace/inference_perf/datagen/replay/replay_graph_session_datagen.py", line 1039, in process_response
    text_content, chunk_times, raw_content, response_chunks, server_usage = await parse_sse_stream(
                                                                            ^^^^^^^^^^^^^^^^^^^^^^^
  File "/workspace/inference_perf/apis/streaming_parser.py", line 119, in parse_sse_stream
    raise StreamInterruptedError(e, raw_content.decode("utf-8", errors="ignore")) from e
inference_perf.apis.streaming_parser.StreamInterruptedError
2026-10-02 04:35:17,237 - inference_perf.datagen.replay.replay_graph_session_datagen - INFO - Event wekatrace245_c03e35003893d05b83ddec10c77f479d5f04:event_004_parent_turn_4 skipping — predecessor failed
2026-10-02 04:35:17,237 - inference_perf.datagen.replay.replay_graph_session_datagen - INFO - Event wekatrace245_c03e35003893d05b83ddec10c77f479d5f04:event_005_parent_turn_5 skipping — predecessor failed
2026-10-02 04:35:17,237 - inference_perf.datagen.replay.replay_graph_session_datagen - INFO - Event wekatrace245_c03e35003893d05b83ddec10c77f479d5f04:event_006_parent_turn_6 skipping — predecessor failed
2026-10-02 04:35:17,237 - inference_perf.datagen.replay.replay_graph_session_datagen - INFO - Event wekatrace245_c03e35003893d05b83ddec10c77f479d5f04:event_007_parent_turn_7 skipping — predecessor failed
2026-10-02 04:35:17,237 - inference_perf.datagen.replay.replay_graph_session_datagen - INFO - Event wekatrace245_c03e35003893d05b83ddec10c77f479d5f04:event_008_parent_turn_8 skipping — predecessor failed
2026-10-02 04:35:17,237 - inference_perf.datagen.replay.replay_graph_session_datagen - INFO - Event wekatrace245_c03e35003893d05b83ddec10c77f479d5f04:event_009_parent_turn_9 skipping — predecessor failed
2026-10-02 04:35:17,237 - inference_perf.datagen.replay.replay_graph_session_datagen - INFO - Event wekatrace245_c03e35003893d05b83ddec10c77f479d5f04:event_010_parent_turn_10 skipping — predecessor failed
2026-10-02 04:35:17,237 - inference_perf.datagen.replay.replay_graph_session_datagen - INFO - Event wekatrace245_c03e35003893d05b83ddec10c77f479d5f04:event_011_parent_turn_11 skipping — predecessor failed
2026-10-02 04:35:17,238 - inference_perf.datagen.replay.replay_graph_session_datagen - INFO - Event wekatrace245_c03e35003893d05b83ddec10c77f479d5f04:event_012_parent_turn_12 skipping — predecessor failed
2026-10-02 04:35:17,238 - inference_perf.datagen.replay.replay_graph_session_datagen - INFO - Event wekatrace245_c03e35003893d05b83ddec10c77f479d5f04:event_013_parent_turn_13 skipping — predecessor failed
2026-10-02 04:35:17,238 - inference_perf.datagen.replay.replay_graph_session_datagen - INFO - Event wekatrace245_c03e35003893d05b83ddec10c77f479d5f04:event_014_parent_turn_14 skipping — predecessor failed
2026-10-02 04:35:17,238 - inference_perf.datagen.replay.replay_graph_session_datagen - INFO - Event wekatrace245_c03e35003893d05b83ddec10c77f479d5f04:event_015_parent_turn_15 skipping — predecessor failed
2026-10-02 04:35:17,238 - inference_perf.datagen.replay.replay_graph_session_datagen - INFO - Event wekatrace245_c03e35003893d05b83ddec10c77f479d5f04:event_016_parent_turn_16 skipping — predecessor failed
2026-10-02 04:35:17,238 - inference_perf.datagen.replay.replay_graph_session_datagen - INFO - Event wekatrace245_c03e35003893d05b83ddec10c77f479d5f04:event_017_parent_turn_17 skipping — predecessor failed
2026-10-02 04:35:17,239 - inference_perf.datagen.replay.replay_graph_session_datagen - INFO - Event wekatrace245_c03e35003893d05b83ddec10c77f479d5f04:event_018_parent_turn_18 skipping — predecessor failed
2026-10-02 04:35:17,239 - inference_perf.datagen.replay.replay_graph_session_datagen - INFO - Event wekatrace245_c03e35003893d05b83ddec10c77f479d5f04:event_019_parent_turn_19 skipping — predecessor failed
2026-10-02 04:35:17,239 - inference_perf.datagen.replay.replay_graph_session_datagen - INFO - Event wekatrace245_c03e35003893d05b83ddec10c77f479d5f04:event_020_parent_turn_20 skipping — predecessor failed
2026-10-02 04:35:17,239 - inference_perf.datagen.replay.replay_graph_session_datagen - INFO - Event wekatrace245_c03e35003893d05b83ddec10c77f479d5f04:event_021_parent_turn_21 skipping — predecessor failed
2026-10-02 04:35:17,239 - inference_perf.datagen.replay.replay_graph_session_datagen - INFO - Event wekatrace245_c03e35003893d05b83ddec10c77f479d5f04:event_022_parent_turn_22 skipping — predecessor failed
2026-10-02 04:35:17,239 - inference_perf.datagen.replay.replay_graph_session_datagen - INFO - Event wekatrace245_c03e35003893d05b83ddec10c77f479d5f04:event_023_parent_turn_23 skipping — predecessor failed
2026-10-02 04:35:17,239 - inference_perf.datagen.replay.replay_graph_session_datagen - INFO - Event wekatrace245_c03e35003893d05b83ddec10c77f479d5f04:event_024_parent_turn_24 skipping — predecessor failed
2026-10-02 04:35:17,239 - inference_perf.datagen.replay.replay_graph_session_datagen - INFO - Event wekatrace245_c03e35003893d05b83ddec10c77f479d5f04:event_025_parent_turn_25 skipping — predecessor failed
2026-10-02 04:35:17,239 - inference_perf.datagen.replay.replay_graph_session_datagen - INFO - Event wekatrace245_c03e35003893d05b83ddec10c77f479d5f04:event_026_parent_turn_26 skipping — predecessor failed
2026-10-02 04:35:17,239 - inference_perf.datagen.replay.replay_graph_session_datagen - INFO - Event wekatrace245_c03e35003893d05b83ddec10c77f479d5f04:event_027_parent_turn_27 skipping — predecessor failed
2026-10-02 04:35:17,240 - inference_perf.datagen.replay.replay_graph_session_datagen - INFO - Event wekatrace245_c03e35003893d05b83ddec10c77f479d5f04:event_028_parent_turn_28 skipping — predecessor failed
2026-10-02 04:35:17,240 - inference_perf.datagen.replay.replay_graph_session_datagen - INFO - Event wekatrace245_c03e35003893d05b83ddec10c77f479d5f04:event_029_parent_turn_29 skipping — predecessor failed
2026-10-02 04:35:17,240 - inference_perf.datagen.replay.replay_graph_session_datagen - INFO - Event wekatrace245_c03e35003893d05b83ddec10c77f479d5f04:event_030_parent_turn_30 skipping — predecessor failed
2026-10-02 04:35:17,240 - inference_perf.datagen.replay.replay_graph_session_datagen - INFO - Event wekatrace245_c03e35003893d05b83ddec10c77f479d5f04:event_031_parent_turn_31 skipping — predecessor failed
2026-10-02 04:35:17,240 - inference_perf.datagen.replay.replay_graph_session_datagen - INFO - Event wekatrace245_c03e35003893d05b83ddec10c77f479d5f04:event_032_parent_turn_32 skipping — predecessor failed
2026-10-02 04:35:17,240 - inference_perf.datagen.replay.replay_graph_session_datagen - INFO - Event wekatrace245_c03e35003893d05b83ddec10c77f479d5f04:event_033_parent_turn_33 skipping — predecessor failed
2026-10-02 04:35:17,240 - inference_perf.datagen.replay.replay_graph_session_datagen - INFO - Event wekatrace245_c03e35003893d05b83ddec10c77f479d5f04:event_034_parent_turn_34 skipping — predecessor failed
2026-10-02 04:35:17,241 - inference_perf.datagen.replay.replay_graph_session_datagen - INFO - Event wekatrace245_c03e35003893d05b83ddec10c77f479d5f04:event_035_parent_turn_35 skipping — predecessor failed
2026-10-02 04:35:17,241 - inference_perf.datagen.replay.replay_graph_session_datagen - INFO - Event wekatrace245_c03e35003893d05b83ddec10c77f479d5f04:event_036_parent_turn_36 skipping — predecessor failed
2026-10-02 04:35:17,241 - inference_perf.datagen.replay.replay_graph_session_datagen - INFO - Event wekatrace245_c03e35003893d05b83ddec10c77f479d5f04:event_037_parent_turn_37 skipping — predecessor failed
2026-10-02 04:35:17,241 - inference_perf.datagen.replay.replay_graph_session_datagen - INFO - Event wekatrace245_c03e35003893d05b83ddec10c77f479d5f04:event_038_parent_turn_38 skipping — predecessor failed
2026-10-02 04:35:17,241 - inference_perf.datagen.replay.replay_graph_session_datagen - INFO - Event wekatrace245_c03e35003893d05b83ddec10c77f479d5f04:event_039_parent_turn_39 skipping — predecessor failed
2026-10-02 04:35:17,241 - inference_perf.datagen.replay.replay_graph_session_datagen - INFO - Event wekatrace245_c03e35003893d05b83ddec10c77f479d5f04:event_040_parent_turn_40 skipping — predecessor failed
2026-10-02 04:35:17,241 - inference_perf.datagen.replay.replay_graph_session_datagen - INFO - Event wekatrace245_c03e35003893d05b83ddec10c77f479d5f04:event_041_parent_turn_41 skipping — predecessor failed
2026-10-02 04:35:17,246 - inference_perf.datagen.replay.replay_graph_session_datagen - INFO - Dispatching session wekatrace9_0767e712d9e187634174712ce484b8bb7526: 68 events
2026-10-02 04:35:21,233 - inference_perf.datagen.replay.replay_graph_session_datagen - ERROR - Request failed for event wekatrace113_60f80e6bffe54ed25eb7eea307649a8fdf06:event_007_sa_subagent_001_bef31e34_s0_turn_4: TimeoutError: 
2026-10-02 04:35:21,234 - inference_perf.datagen.replay.replay_graph_session_datagen - INFO - Session wekatrace113_60f80e6bffe54ed25eb7eea307649a8fdf06 failure notification sent to main process (cancelled_events=23)
2026-10-02 04:35:21,235 - inference_perf.client.modelserver.openai_client - ERROR - 
Traceback (most recent call last):
  File "/workspace/.venv/lib/python3.12/site-packages/aiohttp/streams.py", line 365, in _wait
    await waiter
asyncio.exceptions.CancelledError

The above exception was the direct cause of the following exception:

Traceback (most recent call last):
  File "/workspace/inference_perf/apis/streaming_parser.py", line 84, in parse_sse_stream
    async for chunk in response.content.iter_any():
  File "/workspace/.venv/lib/python3.12/site-packages/aiohttp/streams.py", line 46, in __anext__
    rv = await self.read_func()
         ^^^^^^^^^^^^^^^^^^^^^^
  File "/workspace/.venv/lib/python3.12/site-packages/aiohttp/streams.py", line 460, in readany
    await self._wait("readany")
  File "/workspace/.venv/lib/python3.12/site-packages/aiohttp/streams.py", line 364, in _wait
    with self._timer:
         ^^^^^^^^^^^
  File "/workspace/.venv/lib/python3.12/site-packages/aiohttp/helpers.py", line 759, in __exit__
    raise asyncio.TimeoutError from exc_val
TimeoutError

The above exception was the direct cause of the following exception:

Traceback (most recent call last):
  File "/workspace/inference_perf/client/modelserver/openai_client.py", line 557, in process_request
    info = await data.process_response(
           ^^^^^^^^^^^^^^^^^^^^^^^^^^^^
  File "/workspace/inference_perf/datagen/replay/replay_graph_session_datagen.py", line 1039, in process_response
    text_content, chunk_times, raw_content, response_chunks, server_usage = await parse_sse_stream(
                                                                            ^^^^^^^^^^^^^^^^^^^^^^^
  File "/workspace/inference_perf/apis/streaming_parser.py", line 119, in parse_sse_stream
    raise StreamInterruptedError(e, raw_content.decode("utf-8", errors="ignore")) from e
inference_perf.apis.streaming_parser.StreamInterruptedError
2026-10-02 04:35:21,244 - inference_perf.datagen.replay.replay_graph_session_datagen - INFO - Dispatching session wekatrace204_a6b5ab2531fe4fa22ad233fc407948017150: 206 events
2026-10-02 04:35:30,232 - inference_perf.datagen.replay.replay_graph_session_datagen - ERROR - Request failed for event wekatrace113_60f80e6bffe54ed25eb7eea307649a8fdf06:event_008_parent_turn_3: TimeoutError: 
2026-10-02 04:35:30,233 - inference_perf.client.modelserver.openai_client - ERROR - 
Traceback (most recent call last):
  File "/workspace/.venv/lib/python3.12/site-packages/aiohttp/streams.py", line 365, in _wait
    await waiter
asyncio.exceptions.CancelledError

The above exception was the direct cause of the following exception:

Traceback (most recent call last):
  File "/workspace/inference_perf/apis/streaming_parser.py", line 84, in parse_sse_stream
    async for chunk in response.content.iter_any():
  File "/workspace/.venv/lib/python3.12/site-packages/aiohttp/streams.py", line 46, in __anext__
    rv = await self.read_func()
         ^^^^^^^^^^^^^^^^^^^^^^
  File "/workspace/.venv/lib/python3.12/site-packages/aiohttp/streams.py", line 460, in readany
    await self._wait("readany")
  File "/workspace/.venv/lib/python3.12/site-packages/aiohttp/streams.py", line 364, in _wait
    with self._timer:
         ^^^^^^^^^^^
  File "/workspace/.venv/lib/python3.12/site-packages/aiohttp/helpers.py", line 759, in __exit__
    raise asyncio.TimeoutError from exc_val
TimeoutError

The above exception was the direct cause of the following exception:

Traceback (most recent call last):
  File "/workspace/inference_perf/client/modelserver/openai_client.py", line 557, in process_request
    info = await data.process_response(
           ^^^^^^^^^^^^^^^^^^^^^^^^^^^^
  File "/workspace/inference_perf/datagen/replay/replay_graph_session_datagen.py", line 1039, in process_response
    text_content, chunk_times, raw_content, response_chunks, server_usage = await parse_sse_stream(
                                                                            ^^^^^^^^^^^^^^^^^^^^^^^
  File "/workspace/inference_perf/apis/streaming_parser.py", line 119, in parse_sse_stream
    raise StreamInterruptedError(e, raw_content.decode("utf-8", errors="ignore")) from e
inference_perf.apis.streaming_parser.StreamInterruptedError
2026-10-02 04:35:30,235 - inference_perf.datagen.replay.replay_graph_session_datagen - INFO - Event wekatrace113_60f80e6bffe54ed25eb7eea307649a8fdf06:event_009_parent_turn_4 skipping — predecessor failed
2026-10-02 04:35:30,236 - inference_perf.datagen.replay.replay_graph_session_datagen - INFO - Event wekatrace113_60f80e6bffe54ed25eb7eea307649a8fdf06:event_010_parent_turn_5 skipping — predecessor failed
2026-10-02 04:35:30,236 - inference_perf.datagen.replay.replay_graph_session_datagen - INFO - Event wekatrace113_60f80e6bffe54ed25eb7eea307649a8fdf06:event_011_parent_turn_6 skipping — predecessor failed
2026-10-02 04:35:30,236 - inference_perf.datagen.replay.replay_graph_session_datagen - INFO - Event wekatrace113_60f80e6bffe54ed25eb7eea307649a8fdf06:event_012_parent_turn_7 skipping — predecessor failed
2026-10-02 04:35:30,236 - inference_perf.datagen.replay.replay_graph_session_datagen - INFO - Event wekatrace113_60f80e6bffe54ed25eb7eea307649a8fdf06:event_013_parent_turn_8 skipping — predecessor failed
2026-10-02 04:35:30,236 - inference_perf.datagen.replay.replay_graph_session_datagen - INFO - Event wekatrace113_60f80e6bffe54ed25eb7eea307649a8fdf06:event_014_parent_turn_9 skipping — predecessor failed
2026-10-02 04:35:30,236 - inference_perf.datagen.replay.replay_graph_session_datagen - INFO - Event wekatrace113_60f80e6bffe54ed25eb7eea307649a8fdf06:event_015_parent_turn_10 skipping — predecessor failed
2026-10-02 04:35:30,236 - inference_perf.datagen.replay.replay_graph_session_datagen - INFO - Event wekatrace113_60f80e6bffe54ed25eb7eea307649a8fdf06:event_016_parent_turn_11 skipping — predecessor failed
2026-10-02 04:35:30,236 - inference_perf.datagen.replay.replay_graph_session_datagen - INFO - Event wekatrace113_60f80e6bffe54ed25eb7eea307649a8fdf06:event_017_parent_turn_12 skipping — predecessor failed
2026-10-02 04:35:30,236 - inference_perf.datagen.replay.replay_graph_session_datagen - INFO - Event wekatrace113_60f80e6bffe54ed25eb7eea307649a8fdf06:event_018_parent_turn_13 skipping — predecessor failed
2026-10-02 04:35:30,237 - inference_perf.datagen.replay.replay_graph_session_datagen - INFO - Event wekatrace113_60f80e6bffe54ed25eb7eea307649a8fdf06:event_019_parent_turn_14 skipping — predecessor failed
2026-10-02 04:35:30,237 - inference_perf.datagen.replay.replay_graph_session_datagen - INFO - Event wekatrace113_60f80e6bffe54ed25eb7eea307649a8fdf06:event_020_parent_turn_15 skipping — predecessor failed
2026-10-02 04:35:30,237 - inference_perf.datagen.replay.replay_graph_session_datagen - INFO - Event wekatrace113_60f80e6bffe54ed25eb7eea307649a8fdf06:event_021_parent_turn_16 skipping — predecessor failed
2026-10-02 04:35:30,237 - inference_perf.datagen.replay.replay_graph_session_datagen - INFO - Event wekatrace113_60f80e6bffe54ed25eb7eea307649a8fdf06:event_022_parent_turn_17 skipping — predecessor failed
2026-10-02 04:35:30,237 - inference_perf.datagen.replay.replay_graph_session_datagen - INFO - Event wekatrace113_60f80e6bffe54ed25eb7eea307649a8fdf06:event_023_parent_turn_18 skipping — predecessor failed
2026-10-02 04:35:30,237 - inference_perf.datagen.replay.replay_graph_session_datagen - INFO - Event wekatrace113_60f80e6bffe54ed25eb7eea307649a8fdf06:event_024_parent_turn_19 skipping — predecessor failed
2026-10-02 04:35:30,237 - inference_perf.datagen.replay.replay_graph_session_datagen - INFO - Event wekatrace113_60f80e6bffe54ed25eb7eea307649a8fdf06:event_025_parent_turn_20 skipping — predecessor failed
2026-10-02 04:35:30,237 - inference_perf.datagen.replay.replay_graph_session_datagen - INFO - Event wekatrace113_60f80e6bffe54ed25eb7eea307649a8fdf06:event_026_parent_turn_21 skipping — predecessor failed
2026-10-02 04:35:30,237 - inference_perf.datagen.replay.replay_graph_session_datagen - INFO - Event wekatrace113_60f80e6bffe54ed25eb7eea307649a8fdf06:event_027_parent_turn_22 skipping — predecessor failed
2026-10-02 04:35:30,238 - inference_perf.datagen.replay.replay_graph_session_datagen - INFO - Event wekatrace113_60f80e6bffe54ed25eb7eea307649a8fdf06:event_028_parent_turn_23 skipping — predecessor failed
2026-10-02 04:35:30,238 - inference_perf.datagen.replay.replay_graph_session_datagen - INFO - Event wekatrace113_60f80e6bffe54ed25eb7eea307649a8fdf06:event_029_parent_turn_24 skipping — predecessor failed
2026-10-02 04:35:30,238 - inference_perf.datagen.replay.replay_graph_session_datagen - INFO - Event wekatrace113_60f80e6bffe54ed25eb7eea307649a8fdf06:event_030_parent_turn_25 skipping — predecessor failed
2026-10-02 04:35:36,233 - inference_perf.datagen.replay.replay_graph_session_datagen - ERROR - Request failed for event wekatrace45_27cf2ada39b896fea5580c895bfbd4119490:event_002_parent_turn_2: TimeoutError: 
2026-10-02 04:35:36,234 - inference_perf.datagen.replay.replay_graph_session_datagen - INFO - Session wekatrace45_27cf2ada39b896fea5580c895bfbd4119490 failure notification sent to main process (cancelled_events=81)
2026-10-02 04:35:36,234 - inference_perf.client.modelserver.openai_client - ERROR - 
Traceback (most recent call last):
  File "/workspace/.venv/lib/python3.12/site-packages/aiohttp/streams.py", line 365, in _wait
    await waiter
asyncio.exceptions.CancelledError

The above exception was the direct cause of the following exception:

Traceback (most recent call last):
  File "/workspace/inference_perf/apis/streaming_parser.py", line 84, in parse_sse_stream
    async for chunk in response.content.iter_any():
  File "/workspace/.venv/lib/python3.12/site-packages/aiohttp/streams.py", line 46, in __anext__
    rv = await self.read_func()
         ^^^^^^^^^^^^^^^^^^^^^^
  File "/workspace/.venv/lib/python3.12/site-packages/aiohttp/streams.py", line 460, in readany
    await self._wait("readany")
  File "/workspace/.venv/lib/python3.12/site-packages/aiohttp/streams.py", line 364, in _wait
    with self._timer:
         ^^^^^^^^^^^
  File "/workspace/.venv/lib/python3.12/site-packages/aiohttp/helpers.py", line 759, in __exit__
    raise asyncio.TimeoutError from exc_val
TimeoutError

The above exception was the direct cause of the following exception:

Traceback (most recent call last):
  File "/workspace/inference_perf/client/modelserver/openai_client.py", line 557, in process_request
    info = await data.process_response(
           ^^^^^^^^^^^^^^^^^^^^^^^^^^^^
  File "/workspace/inference_perf/datagen/replay/replay_graph_session_datagen.py", line 1039, in process_response
    text_content, chunk_times, raw_content, response_chunks, server_usage = await parse_sse_stream(
                                                                            ^^^^^^^^^^^^^^^^^^^^^^^
  File "/workspace/inference_perf/apis/streaming_parser.py", line 119, in parse_sse_stream
    raise StreamInterruptedError(e, raw_content.decode("utf-8", errors="ignore")) from e
inference_perf.apis.streaming_parser.StreamInterruptedError
2026-10-02 04:35:36,236 - inference_perf.datagen.replay.replay_graph_session_datagen - INFO - Event wekatrace45_27cf2ada39b896fea5580c895bfbd4119490:event_003_parent_turn_3 skipping — predecessor failed
2026-10-02 04:35:36,237 - inference_perf.datagen.replay.replay_graph_session_datagen - INFO - Event wekatrace45_27cf2ada39b896fea5580c895bfbd4119490:event_004_parent_turn_4 skipping — predecessor failed
2026-10-02 04:35:36,237 - inference_perf.datagen.replay.replay_graph_session_datagen - INFO - Event wekatrace45_27cf2ada39b896fea5580c895bfbd4119490:event_005_parent_turn_5 skipping — predecessor failed
2026-10-02 04:35:36,237 - inference_perf.datagen.replay.replay_graph_session_datagen - INFO - Event wekatrace45_27cf2ada39b896fea5580c895bfbd4119490:event_006_parent_turn_6 skipping — predecessor failed
2026-10-02 04:35:36,237 - inference_perf.datagen.replay.replay_graph_session_datagen - INFO - Event wekatrace45_27cf2ada39b896fea5580c895bfbd4119490:event_007_parent_turn_7 skipping — predecessor failed
2026-10-02 04:35:36,237 - inference_perf.datagen.replay.replay_graph_session_datagen - INFO - Event wekatrace45_27cf2ada39b896fea5580c895bfbd4119490:event_008_parent_turn_8 skipping — predecessor failed
2026-10-02 04:35:36,237 - inference_perf.datagen.replay.replay_graph_session_datagen - INFO - Event wekatrace45_27cf2ada39b896fea5580c895bfbd4119490:event_009_parent_turn_9 skipping — predecessor failed
2026-10-02 04:35:36,238 - inference_perf.datagen.replay.replay_graph_session_datagen - INFO - Event wekatrace45_27cf2ada39b896fea5580c895bfbd4119490:event_010_parent_turn_10 skipping — predecessor failed
2026-10-02 04:35:36,238 - inference_perf.datagen.replay.replay_graph_session_datagen - INFO - Event wekatrace45_27cf2ada39b896fea5580c895bfbd4119490:event_011_parent_turn_11 skipping — predecessor failed
2026-10-02 04:35:36,238 - inference_perf.datagen.replay.replay_graph_session_datagen - INFO - Event wekatrace45_27cf2ada39b896fea5580c895bfbd4119490:event_012_parent_turn_12 skipping — predecessor failed
2026-10-02 04:35:36,238 - inference_perf.datagen.replay.replay_graph_session_datagen - INFO - Event wekatrace45_27cf2ada39b896fea5580c895bfbd4119490:event_013_parent_turn_13 skipping — predecessor failed
2026-10-02 04:35:36,238 - inference_perf.datagen.replay.replay_graph_session_datagen - INFO - Event wekatrace45_27cf2ada39b896fea5580c895bfbd4119490:event_014_parent_turn_14 skipping — predecessor failed
2026-10-02 04:35:36,238 - inference_perf.datagen.replay.replay_graph_session_datagen - INFO - Event wekatrace45_27cf2ada39b896fea5580c895bfbd4119490:event_015_parent_turn_15 skipping — predecessor failed
2026-10-02 04:35:36,238 - inference_perf.datagen.replay.replay_graph_session_datagen - INFO - Event wekatrace45_27cf2ada39b896fea5580c895bfbd4119490:event_016_parent_turn_16 skipping — predecessor failed
2026-10-02 04:35:36,238 - inference_perf.datagen.replay.replay_graph_session_datagen - INFO - Event wekatrace45_27cf2ada39b896fea5580c895bfbd4119490:event_017_parent_turn_17 skipping — predecessor failed
2026-10-02 04:35:36,238 - inference_perf.datagen.replay.replay_graph_session_datagen - INFO - Event wekatrace45_27cf2ada39b896fea5580c895bfbd4119490:event_018_parent_turn_18 skipping — predecessor failed
2026-10-02 04:35:36,238 - inference_perf.datagen.replay.replay_graph_session_datagen - INFO - Event wekatrace45_27cf2ada39b896fea5580c895bfbd4119490:event_019_parent_turn_19 skipping — predecessor failed
2026-10-02 04:35:36,239 - inference_perf.datagen.replay.replay_graph_session_datagen - INFO - Event wekatrace45_27cf2ada39b896fea5580c895bfbd4119490:event_020_parent_turn_20 skipping — predecessor failed
2026-10-02 04:35:36,239 - inference_perf.datagen.replay.replay_graph_session_datagen - INFO - Event wekatrace45_27cf2ada39b896fea5580c895bfbd4119490:event_021_parent_turn_21 skipping — predecessor failed
2026-10-02 04:35:36,239 - inference_perf.datagen.replay.replay_graph_session_datagen - INFO - Event wekatrace45_27cf2ada39b896fea5580c895bfbd4119490:event_022_parent_turn_22 skipping — predecessor failed
2026-10-02 04:35:36,239 - inference_perf.datagen.replay.replay_graph_session_datagen - INFO - Event wekatrace45_27cf2ada39b896fea5580c895bfbd4119490:event_023_parent_turn_23 skipping — predecessor failed
2026-10-02 04:35:36,239 - inference_perf.datagen.replay.replay_graph_session_datagen - INFO - Event wekatrace45_27cf2ada39b896fea5580c895bfbd4119490:event_024_parent_turn_24 skipping — predecessor failed
2026-10-02 04:35:36,239 - inference_perf.datagen.replay.replay_graph_session_datagen - INFO - Event wekatrace45_27cf2ada39b896fea5580c895bfbd4119490:event_025_parent_turn_25 skipping — predecessor failed
2026-10-02 04:35:36,239 - inference_perf.datagen.replay.replay_graph_session_datagen - INFO - Event wekatrace45_27cf2ada39b896fea5580c895bfbd4119490:event_026_parent_turn_26 skipping — predecessor failed
2026-10-02 04:35:36,239 - inference_perf.datagen.replay.replay_graph_session_datagen - INFO - Event wekatrace45_27cf2ada39b896fea5580c895bfbd4119490:event_027_parent_turn_27 skipping — predecessor failed
2026-10-02 04:35:36,239 - inference_perf.datagen.replay.replay_graph_session_datagen - INFO - Event wekatrace45_27cf2ada39b896fea5580c895bfbd4119490:event_028_parent_turn_28 skipping — predecessor failed
2026-10-02 04:35:36,239 - inference_perf.datagen.replay.replay_graph_session_datagen - INFO - Event wekatrace45_27cf2ada39b896fea5580c895bfbd4119490:event_029_parent_turn_29 skipping — predecessor failed
2026-10-02 04:35:36,240 - inference_perf.datagen.replay.replay_graph_session_datagen - INFO - Event wekatrace45_27cf2ada39b896fea5580c895bfbd4119490:event_030_parent_turn_30 skipping — predecessor failed
2026-10-02 04:35:36,240 - inference_perf.datagen.replay.replay_graph_session_datagen - INFO - Event wekatrace45_27cf2ada39b896fea5580c895bfbd4119490:event_031_parent_turn_31 skipping — predecessor failed
2026-10-02 04:35:36,240 - inference_perf.datagen.replay.replay_graph_session_datagen - INFO - Event wekatrace45_27cf2ada39b896fea5580c895bfbd4119490:event_032_parent_turn_32 skipping — predecessor failed
2026-10-02 04:35:36,240 - inference_perf.datagen.replay.replay_graph_session_datagen - INFO - Event wekatrace45_27cf2ada39b896fea5580c895bfbd4119490:event_033_parent_turn_33 skipping — predecessor failed
2026-10-02 04:35:36,240 - inference_perf.datagen.replay.replay_graph_session_datagen - INFO - Event wekatrace45_27cf2ada39b896fea5580c895bfbd4119490:event_034_parent_turn_34 skipping — predecessor failed
2026-10-02 04:35:36,240 - inference_perf.datagen.replay.replay_graph_session_datagen - INFO - Event wekatrace45_27cf2ada39b896fea5580c895bfbd4119490:event_035_parent_turn_35 skipping — predecessor failed
2026-10-02 04:35:36,240 - inference_perf.datagen.replay.replay_graph_session_datagen - INFO - Event wekatrace45_27cf2ada39b896fea5580c895bfbd4119490:event_036_parent_turn_36 skipping — predecessor failed
2026-10-02 04:35:36,240 - inference_perf.datagen.replay.replay_graph_session_datagen - INFO - Event wekatrace45_27cf2ada39b896fea5580c895bfbd4119490:event_037_parent_turn_37 skipping — predecessor failed
2026-10-02 04:35:36,240 - inference_perf.datagen.replay.replay_graph_session_datagen - INFO - Event wekatrace45_27cf2ada39b896fea5580c895bfbd4119490:event_038_parent_turn_38 skipping — predecessor failed
2026-10-02 04:35:36,240 - inference_perf.datagen.replay.replay_graph_session_datagen - INFO - Event wekatrace45_27cf2ada39b896fea5580c895bfbd4119490:event_039_parent_turn_39 skipping — predecessor failed
2026-10-02 04:35:36,241 - inference_perf.datagen.replay.replay_graph_session_datagen - INFO - Event wekatrace45_27cf2ada39b896fea5580c895bfbd4119490:event_040_parent_turn_40 skipping — predecessor failed
2026-10-02 04:35:36,241 - inference_perf.datagen.replay.replay_graph_session_datagen - INFO - Event wekatrace45_27cf2ada39b896fea5580c895bfbd4119490:event_041_parent_turn_41 skipping — predecessor failed
2026-10-02 04:35:36,241 - inference_perf.datagen.replay.replay_graph_session_datagen - INFO - Event wekatrace45_27cf2ada39b896fea5580c895bfbd4119490:event_042_parent_turn_42 skipping — predecessor failed
2026-10-02 04:35:36,241 - inference_perf.datagen.replay.replay_graph_session_datagen - INFO - Event wekatrace45_27cf2ada39b896fea5580c895bfbd4119490:event_043_parent_turn_43 skipping — predecessor failed
2026-10-02 04:35:36,241 - inference_perf.datagen.replay.replay_graph_session_datagen - INFO - Event wekatrace45_27cf2ada39b896fea5580c895bfbd4119490:event_044_parent_turn_44 skipping — predecessor failed
2026-10-02 04:35:36,241 - inference_perf.datagen.replay.replay_graph_session_datagen - INFO - Event wekatrace45_27cf2ada39b896fea5580c895bfbd4119490:event_045_parent_turn_45 skipping — predecessor failed
2026-10-02 04:35:36,242 - inference_perf.datagen.replay.replay_graph_session_datagen - INFO - Event wekatrace45_27cf2ada39b896fea5580c895bfbd4119490:event_046_parent_turn_46 skipping — predecessor failed
2026-10-02 04:35:36,242 - inference_perf.datagen.replay.replay_graph_session_datagen - INFO - Event wekatrace45_27cf2ada39b896fea5580c895bfbd4119490:event_047_parent_turn_47 skipping — predecessor failed
2026-10-02 04:35:36,242 - inference_perf.datagen.replay.replay_graph_session_datagen - INFO - Event wekatrace45_27cf2ada39b896fea5580c895bfbd4119490:event_048_parent_turn_48 skipping — predecessor failed
2026-10-02 04:35:36,242 - inference_perf.datagen.replay.replay_graph_session_datagen - INFO - Event wekatrace45_27cf2ada39b896fea5580c895bfbd4119490:event_049_parent_turn_49 skipping — predecessor failed
2026-10-02 04:35:36,242 - inference_perf.datagen.replay.replay_graph_session_datagen - INFO - Event wekatrace45_27cf2ada39b896fea5580c895bfbd4119490:event_050_parent_turn_50 skipping — predecessor failed
2026-10-02 04:35:36,242 - inference_perf.datagen.replay.replay_graph_session_datagen - INFO - Event wekatrace45_27cf2ada39b896fea5580c895bfbd4119490:event_051_parent_turn_51 skipping — predecessor failed
2026-10-02 04:35:36,242 - inference_perf.datagen.replay.replay_graph_session_datagen - INFO - Event wekatrace45_27cf2ada39b896fea5580c895bfbd4119490:event_052_parent_turn_52 skipping — predecessor failed
2026-10-02 04:35:36,243 - inference_perf.datagen.replay.replay_graph_session_datagen - INFO - Event wekatrace45_27cf2ada39b896fea5580c895bfbd4119490:event_053_parent_turn_53 skipping — predecessor failed
2026-10-02 04:35:36,243 - inference_perf.datagen.replay.replay_graph_session_datagen - INFO - Event wekatrace45_27cf2ada39b896fea5580c895bfbd4119490:event_054_parent_turn_54 skipping — predecessor failed
2026-10-02 04:35:36,243 - inference_perf.datagen.replay.replay_graph_session_datagen - INFO - Event wekatrace45_27cf2ada39b896fea5580c895bfbd4119490:event_055_parent_turn_55 skipping — predecessor failed
2026-10-02 04:35:36,243 - inference_perf.datagen.replay.replay_graph_session_datagen - INFO - Event wekatrace45_27cf2ada39b896fea5580c895bfbd4119490:event_056_parent_turn_56 skipping — predecessor failed
2026-10-02 04:35:36,243 - inference_perf.datagen.replay.replay_graph_session_datagen - INFO - Event wekatrace45_27cf2ada39b896fea5580c895bfbd4119490:event_057_parent_turn_57 skipping — predecessor failed
2026-10-02 04:35:36,243 - inference_perf.datagen.replay.replay_graph_session_datagen - INFO - Event wekatrace45_27cf2ada39b896fea5580c895bfbd4119490:event_058_parent_turn_58 skipping — predecessor failed
2026-10-02 04:35:36,243 - inference_perf.datagen.replay.replay_graph_session_datagen - INFO - Event wekatrace45_27cf2ada39b896fea5580c895bfbd4119490:event_059_parent_turn_59 skipping — predecessor failed
2026-10-02 04:35:36,243 - inference_perf.datagen.replay.replay_graph_session_datagen - INFO - Event wekatrace45_27cf2ada39b896fea5580c895bfbd4119490:event_060_parent_turn_60 skipping — predecessor failed
2026-10-02 04:35:36,244 - inference_perf.datagen.replay.replay_graph_session_datagen - INFO - Event wekatrace45_27cf2ada39b896fea5580c895bfbd4119490:event_061_parent_turn_61 skipping — predecessor failed
2026-10-02 04:35:36,244 - inference_perf.datagen.replay.replay_graph_session_datagen - INFO - Event wekatrace45_27cf2ada39b896fea5580c895bfbd4119490:event_062_parent_turn_62 skipping — predecessor failed
2026-10-02 04:35:36,244 - inference_perf.datagen.replay.replay_graph_session_datagen - INFO - Event wekatrace45_27cf2ada39b896fea5580c895bfbd4119490:event_063_parent_turn_63 skipping — predecessor failed
2026-10-02 04:35:36,244 - inference_perf.datagen.replay.replay_graph_session_datagen - INFO - Event wekatrace45_27cf2ada39b896fea5580c895bfbd4119490:event_064_parent_turn_64 skipping — predecessor failed
2026-10-02 04:35:36,244 - inference_perf.datagen.replay.replay_graph_session_datagen - INFO - Event wekatrace45_27cf2ada39b896fea5580c895bfbd4119490:event_065_parent_turn_65 skipping — predecessor failed
2026-10-02 04:35:36,244 - inference_perf.datagen.replay.replay_graph_session_datagen - INFO - Event wekatrace45_27cf2ada39b896fea5580c895bfbd4119490:event_066_parent_turn_66 skipping — predecessor failed
2026-10-02 04:35:36,244 - inference_perf.datagen.replay.replay_graph_session_datagen - INFO - Event wekatrace45_27cf2ada39b896fea5580c895bfbd4119490:event_067_parent_turn_67 skipping — predecessor failed
2026-10-02 04:35:36,244 - inference_perf.datagen.replay.replay_graph_session_datagen - INFO - Event wekatrace45_27cf2ada39b896fea5580c895bfbd4119490:event_068_parent_turn_68 skipping — predecessor failed
2026-10-02 04:35:36,244 - inference_perf.datagen.replay.replay_graph_session_datagen - INFO - Event wekatrace45_27cf2ada39b896fea5580c895bfbd4119490:event_069_parent_turn_69 skipping — predecessor failed
2026-10-02 04:35:36,245 - inference_perf.datagen.replay.replay_graph_session_datagen - INFO - Event wekatrace45_27cf2ada39b896fea5580c895bfbd4119490:event_070_parent_turn_70 skipping — predecessor failed
2026-10-02 04:35:36,245 - inference_perf.datagen.replay.replay_graph_session_datagen - INFO - Event wekatrace45_27cf2ada39b896fea5580c895bfbd4119490:event_071_parent_turn_71 skipping — predecessor failed
2026-10-02 04:35:36,245 - inference_perf.datagen.replay.replay_graph_session_datagen - INFO - Event wekatrace45_27cf2ada39b896fea5580c895bfbd4119490:event_072_parent_turn_72 skipping — predecessor failed
2026-10-02 04:35:36,245 - inference_perf.datagen.replay.replay_graph_session_datagen - INFO - Event wekatrace45_27cf2ada39b896fea5580c895bfbd4119490:event_073_parent_turn_73 skipping — predecessor failed
2026-10-02 04:35:36,245 - inference_perf.datagen.replay.replay_graph_session_datagen - INFO - Event wekatrace45_27cf2ada39b896fea5580c895bfbd4119490:event_074_parent_turn_74 skipping — predecessor failed
2026-10-02 04:35:36,245 - inference_perf.datagen.replay.replay_graph_session_datagen - INFO - Event wekatrace45_27cf2ada39b896fea5580c895bfbd4119490:event_075_parent_turn_75 skipping — predecessor failed
2026-10-02 04:35:36,245 - inference_perf.datagen.replay.replay_graph_session_datagen - INFO - Event wekatrace45_27cf2ada39b896fea5580c895bfbd4119490:event_076_parent_turn_76 skipping — predecessor failed
2026-10-02 04:35:36,245 - inference_perf.datagen.replay.replay_graph_session_datagen - INFO - Event wekatrace45_27cf2ada39b896fea5580c895bfbd4119490:event_077_parent_turn_77 skipping — predecessor failed
2026-10-02 04:35:36,246 - inference_perf.datagen.replay.replay_graph_session_datagen - INFO - Event wekatrace45_27cf2ada39b896fea5580c895bfbd4119490:event_078_parent_turn_78 skipping — predecessor failed
2026-10-02 04:35:36,246 - inference_perf.datagen.replay.replay_graph_session_datagen - INFO - Event wekatrace45_27cf2ada39b896fea5580c895bfbd4119490:event_079_parent_turn_79 skipping — predecessor failed
2026-10-02 04:35:36,246 - inference_perf.datagen.replay.replay_graph_session_datagen - INFO - Event wekatrace45_27cf2ada39b896fea5580c895bfbd4119490:event_080_parent_turn_80 skipping — predecessor failed
2026-10-02 04:35:36,246 - inference_perf.datagen.replay.replay_graph_session_datagen - INFO - Event wekatrace45_27cf2ada39b896fea5580c895bfbd4119490:event_081_parent_turn_81 skipping — predecessor failed
2026-10-02 04:35:36,246 - inference_perf.datagen.replay.replay_graph_session_datagen - INFO - Event wekatrace45_27cf2ada39b896fea5580c895bfbd4119490:event_082_parent_turn_82 skipping — predecessor failed
2026-10-02 04:35:36,246 - inference_perf.datagen.replay.replay_graph_session_datagen - INFO - Event wekatrace45_27cf2ada39b896fea5580c895bfbd4119490:event_083_parent_turn_83 skipping — predecessor failed
2026-10-02 04:35:36,248 - inference_perf.datagen.replay.replay_graph_session_datagen - INFO - Dispatching session wekatrace317_f0ad64c3918ef2672b6c117db1abcb1b0745: 50 events
2026-10-02 04:35:48,232 - inference_perf.datagen.replay.replay_graph_session_datagen - ERROR - Request failed for event wekatrace88_4b5b583d4736a4399d3e5222be38f78d80c8:event_005_parent_turn_5: TimeoutError: 
2026-10-02 04:35:48,233 - inference_perf.datagen.replay.replay_graph_session_datagen - INFO - Session wekatrace88_4b5b583d4736a4399d3e5222be38f78d80c8 failure notification sent to main process (cancelled_events=154)
2026-10-02 04:35:48,233 - inference_perf.client.modelserver.openai_client - ERROR - 
Traceback (most recent call last):
  File "/workspace/.venv/lib/python3.12/site-packages/aiohttp/streams.py", line 365, in _wait
    await waiter
asyncio.exceptions.CancelledError

The above exception was the direct cause of the following exception:

Traceback (most recent call last):
  File "/workspace/inference_perf/apis/streaming_parser.py", line 84, in parse_sse_stream
    async for chunk in response.content.iter_any():
  File "/workspace/.venv/lib/python3.12/site-packages/aiohttp/streams.py", line 46, in __anext__
    rv = await self.read_func()
         ^^^^^^^^^^^^^^^^^^^^^^
  File "/workspace/.venv/lib/python3.12/site-packages/aiohttp/streams.py", line 460, in readany
    await self._wait("readany")
  File "/workspace/.venv/lib/python3.12/site-packages/aiohttp/streams.py", line 364, in _wait
    with self._timer:
         ^^^^^^^^^^^
  File "/workspace/.venv/lib/python3.12/site-packages/aiohttp/helpers.py", line 759, in __exit__
    raise asyncio.TimeoutError from exc_val
TimeoutError

The above exception was the direct cause of the following exception:

Traceback (most recent call last):
  File "/workspace/inference_perf/client/modelserver/openai_client.py", line 557, in process_request
    info = await data.process_response(
           ^^^^^^^^^^^^^^^^^^^^^^^^^^^^
  File "/workspace/inference_perf/datagen/replay/replay_graph_session_datagen.py", line 1039, in process_response
    text_content, chunk_times, raw_content, response_chunks, server_usage = await parse_sse_stream(
                                                                            ^^^^^^^^^^^^^^^^^^^^^^^
  File "/workspace/inference_perf/apis/streaming_parser.py", line 119, in parse_sse_stream
    raise StreamInterruptedError(e, raw_content.decode("utf-8", errors="ignore")) from e
inference_perf.apis.streaming_parser.StreamInterruptedError
2026-10-02 04:35:48,236 - inference_perf.datagen.replay.replay_graph_session_datagen - INFO - Event wekatrace88_4b5b583d4736a4399d3e5222be38f78d80c8:event_006_parent_turn_6 skipping — predecessor failed
2026-10-02 04:35:48,237 - inference_perf.datagen.replay.replay_graph_session_datagen - INFO - Event wekatrace88_4b5b583d4736a4399d3e5222be38f78d80c8:event_007_parent_turn_7 skipping — predecessor failed
2026-10-02 04:35:48,237 - inference_perf.datagen.replay.replay_graph_session_datagen - INFO - Event wekatrace88_4b5b583d4736a4399d3e5222be38f78d80c8:event_008_parent_turn_8 skipping — predecessor failed
2026-10-02 04:35:48,238 - inference_perf.datagen.replay.replay_graph_session_datagen - INFO - Event wekatrace88_4b5b583d4736a4399d3e5222be38f78d80c8:event_009_parent_turn_9 skipping — predecessor failed
2026-10-02 04:35:48,238 - inference_perf.datagen.replay.replay_graph_session_datagen - INFO - Event wekatrace88_4b5b583d4736a4399d3e5222be38f78d80c8:event_010_parent_turn_10 skipping — predecessor failed
2026-10-02 04:35:48,238 - inference_perf.datagen.replay.replay_graph_session_datagen - INFO - Event wekatrace88_4b5b583d4736a4399d3e5222be38f78d80c8:event_011_parent_turn_11 skipping — predecessor failed
2026-10-02 04:35:48,238 - inference_perf.datagen.replay.replay_graph_session_datagen - INFO - Event wekatrace88_4b5b583d4736a4399d3e5222be38f78d80c8:event_012_parent_turn_12 skipping — predecessor failed
2026-10-02 04:35:48,238 - inference_perf.datagen.replay.replay_graph_session_datagen - INFO - Event wekatrace88_4b5b583d4736a4399d3e5222be38f78d80c8:event_013_parent_turn_13 skipping — predecessor failed
2026-10-02 04:35:48,239 - inference_perf.datagen.replay.replay_graph_session_datagen - INFO - Event wekatrace88_4b5b583d4736a4399d3e5222be38f78d80c8:event_014_parent_turn_14 skipping — predecessor failed
2026-10-02 04:35:48,239 - inference_perf.datagen.replay.replay_graph_session_datagen - INFO - Event wekatrace88_4b5b583d4736a4399d3e5222be38f78d80c8:event_015_parent_turn_15 skipping — predecessor failed
2026-10-02 04:35:48,239 - inference_perf.datagen.replay.replay_graph_session_datagen - INFO - Event wekatrace88_4b5b583d4736a4399d3e5222be38f78d80c8:event_016_parent_turn_16 skipping — predecessor failed
2026-10-02 04:35:48,239 - inference_perf.datagen.replay.replay_graph_session_datagen - INFO - Event wekatrace88_4b5b583d4736a4399d3e5222be38f78d80c8:event_017_parent_turn_17 skipping — predecessor failed
2026-10-02 04:35:48,239 - inference_perf.datagen.replay.replay_graph_session_datagen - INFO - Event wekatrace88_4b5b583d4736a4399d3e5222be38f78d80c8:event_018_parent_turn_18 skipping — predecessor failed
2026-10-02 04:35:48,239 - inference_perf.datagen.replay.replay_graph_session_datagen - INFO - Event wekatrace88_4b5b583d4736a4399d3e5222be38f78d80c8:event_019_parent_turn_19 skipping — predecessor failed
2026-10-02 04:35:48,240 - inference_perf.datagen.replay.replay_graph_session_datagen - INFO - Event wekatrace88_4b5b583d4736a4399d3e5222be38f78d80c8:event_020_parent_turn_20 skipping — predecessor failed
2026-10-02 04:35:48,240 - inference_perf.datagen.replay.replay_graph_session_datagen - INFO - Event wekatrace88_4b5b583d4736a4399d3e5222be38f78d80c8:event_021_parent_turn_21 skipping — predecessor failed
2026-10-02 04:35:48,240 - inference_perf.datagen.replay.replay_graph_session_datagen - INFO - Event wekatrace88_4b5b583d4736a4399d3e5222be38f78d80c8:event_022_parent_turn_22 skipping — predecessor failed
2026-10-02 04:35:48,240 - inference_perf.datagen.replay.replay_graph_session_datagen - INFO - Event wekatrace88_4b5b583d4736a4399d3e5222be38f78d80c8:event_023_parent_turn_23 skipping — predecessor failed
2026-10-02 04:35:48,240 - inference_perf.datagen.replay.replay_graph_session_datagen - INFO - Event wekatrace88_4b5b583d4736a4399d3e5222be38f78d80c8:event_024_parent_turn_24 skipping — predecessor failed
2026-10-02 04:35:48,240 - inference_perf.datagen.replay.replay_graph_session_datagen - INFO - Event wekatrace88_4b5b583d4736a4399d3e5222be38f78d80c8:event_025_parent_turn_25 skipping — predecessor failed
2026-10-02 04:35:48,241 - inference_perf.datagen.replay.replay_graph_session_datagen - INFO - Event wekatrace88_4b5b583d4736a4399d3e5222be38f78d80c8:event_026_parent_turn_26 skipping — predecessor failed
2026-10-02 04:35:48,241 - inference_perf.datagen.replay.replay_graph_session_datagen - INFO - Event wekatrace88_4b5b583d4736a4399d3e5222be38f78d80c8:event_027_parent_turn_27 skipping — predecessor failed
2026-10-02 04:35:48,241 - inference_perf.datagen.replay.replay_graph_session_datagen - INFO - Event wekatrace88_4b5b583d4736a4399d3e5222be38f78d80c8:event_028_parent_turn_28 skipping — predecessor failed
2026-10-02 04:35:48,241 - inference_perf.datagen.replay.replay_graph_session_datagen - INFO - Event wekatrace88_4b5b583d4736a4399d3e5222be38f78d80c8:event_029_parent_turn_29 skipping — predecessor failed
2026-10-02 04:35:48,241 - inference_perf.datagen.replay.replay_graph_session_datagen - INFO - Event wekatrace88_4b5b583d4736a4399d3e5222be38f78d80c8:event_030_parent_turn_30 skipping — predecessor failed
2026-10-02 04:35:48,241 - inference_perf.datagen.replay.replay_graph_session_datagen - INFO - Event wekatrace88_4b5b583d4736a4399d3e5222be38f78d80c8:event_031_parent_turn_31 skipping — predecessor failed
2026-10-02 04:35:48,242 - inference_perf.datagen.replay.replay_graph_session_datagen - INFO - Event wekatrace88_4b5b583d4736a4399d3e5222be38f78d80c8:event_032_parent_turn_32 skipping — predecessor failed
2026-10-02 04:35:48,242 - inference_perf.datagen.replay.replay_graph_session_datagen - INFO - Event wekatrace88_4b5b583d4736a4399d3e5222be38f78d80c8:event_033_parent_turn_33 skipping — predecessor failed
2026-10-02 04:35:48,242 - inference_perf.datagen.replay.replay_graph_session_datagen - INFO - Event wekatrace88_4b5b583d4736a4399d3e5222be38f78d80c8:event_034_parent_turn_34 skipping — predecessor failed
2026-10-02 04:35:48,242 - inference_perf.datagen.replay.replay_graph_session_datagen - INFO - Event wekatrace88_4b5b583d4736a4399d3e5222be38f78d80c8:event_035_parent_turn_35 skipping — predecessor failed
2026-10-02 04:35:48,242 - inference_perf.datagen.replay.replay_graph_session_datagen - INFO - Event wekatrace88_4b5b583d4736a4399d3e5222be38f78d80c8:event_036_parent_turn_36 skipping — predecessor failed
2026-10-02 04:35:48,242 - inference_perf.datagen.replay.replay_graph_session_datagen - INFO - Event wekatrace88_4b5b583d4736a4399d3e5222be38f78d80c8:event_037_parent_turn_37 skipping — predecessor failed
2026-10-02 04:35:48,243 - inference_perf.datagen.replay.replay_graph_session_datagen - INFO - Event wekatrace88_4b5b583d4736a4399d3e5222be38f78d80c8:event_038_parent_turn_38 skipping — predecessor failed
2026-10-02 04:35:48,243 - inference_perf.datagen.replay.replay_graph_session_datagen - INFO - Event wekatrace88_4b5b583d4736a4399d3e5222be38f78d80c8:event_039_parent_turn_39 skipping — predecessor failed
2026-10-02 04:35:48,243 - inference_perf.datagen.replay.replay_graph_session_datagen - INFO - Event wekatrace88_4b5b583d4736a4399d3e5222be38f78d80c8:event_040_parent_turn_40 skipping — predecessor failed
2026-10-02 04:35:48,243 - inference_perf.datagen.replay.replay_graph_session_datagen - INFO - Event wekatrace88_4b5b583d4736a4399d3e5222be38f78d80c8:event_041_parent_turn_41 skipping — predecessor failed
2026-10-02 04:35:48,243 - inference_perf.datagen.replay.replay_graph_session_datagen - INFO - Event wekatrace88_4b5b583d4736a4399d3e5222be38f78d80c8:event_042_parent_turn_42 skipping — predecessor failed
2026-10-02 04:35:48,243 - inference_perf.datagen.replay.replay_graph_session_datagen - INFO - Event wekatrace88_4b5b583d4736a4399d3e5222be38f78d80c8:event_043_parent_turn_43 skipping — predecessor failed
2026-10-02 04:35:48,244 - inference_perf.datagen.replay.replay_graph_session_datagen - INFO - Event wekatrace88_4b5b583d4736a4399d3e5222be38f78d80c8:event_044_parent_turn_44 skipping — predecessor failed
2026-10-02 04:35:48,244 - inference_perf.datagen.replay.replay_graph_session_datagen - INFO - Event wekatrace88_4b5b583d4736a4399d3e5222be38f78d80c8:event_045_parent_turn_45 skipping — predecessor failed
2026-10-02 04:35:48,244 - inference_perf.datagen.replay.replay_graph_session_datagen - INFO - Event wekatrace88_4b5b583d4736a4399d3e5222be38f78d80c8:event_046_parent_turn_46 skipping — predecessor failed
2026-10-02 04:35:48,244 - inference_perf.datagen.replay.replay_graph_session_datagen - INFO - Event wekatrace88_4b5b583d4736a4399d3e5222be38f78d80c8:event_047_parent_turn_47 skipping — predecessor failed
2026-10-02 04:35:48,244 - inference_perf.datagen.replay.replay_graph_session_datagen - INFO - Event wekatrace88_4b5b583d4736a4399d3e5222be38f78d80c8:event_048_parent_turn_48 skipping — predecessor failed
2026-10-02 04:35:48,245 - inference_perf.datagen.replay.replay_graph_session_datagen - INFO - Event wekatrace88_4b5b583d4736a4399d3e5222be38f78d80c8:event_049_parent_turn_49 skipping — predecessor failed
2026-10-02 04:35:48,245 - inference_perf.datagen.replay.replay_graph_session_datagen - INFO - Event wekatrace88_4b5b583d4736a4399d3e5222be38f78d80c8:event_050_parent_turn_50 skipping — predecessor failed
2026-10-02 04:35:48,245 - inference_perf.datagen.replay.replay_graph_session_datagen - INFO - Event wekatrace88_4b5b583d4736a4399d3e5222be38f78d80c8:event_051_parent_turn_51 skipping — predecessor failed
2026-10-02 04:35:48,245 - inference_perf.datagen.replay.replay_graph_session_datagen - INFO - Event wekatrace88_4b5b583d4736a4399d3e5222be38f78d80c8:event_052_parent_turn_52 skipping — predecessor failed
2026-10-02 04:35:48,245 - inference_perf.datagen.replay.replay_graph_session_datagen - INFO - Event wekatrace88_4b5b583d4736a4399d3e5222be38f78d80c8:event_053_parent_turn_53 skipping — predecessor failed
2026-10-02 04:35:48,245 - inference_perf.datagen.replay.replay_graph_session_datagen - INFO - Event wekatrace88_4b5b583d4736a4399d3e5222be38f78d80c8:event_054_parent_turn_54 skipping — predecessor failed
2026-10-02 04:35:48,245 - inference_perf.datagen.replay.replay_graph_session_datagen - INFO - Event wekatrace88_4b5b583d4736a4399d3e5222be38f78d80c8:event_055_parent_turn_55 skipping — predecessor failed
2026-10-02 04:35:48,246 - inference_perf.datagen.replay.replay_graph_session_datagen - INFO - Event wekatrace88_4b5b583d4736a4399d3e5222be38f78d80c8:event_056_parent_turn_56 skipping — predecessor failed
2026-10-02 04:35:48,246 - inference_perf.datagen.replay.replay_graph_session_datagen - INFO - Event wekatrace88_4b5b583d4736a4399d3e5222be38f78d80c8:event_057_parent_turn_57 skipping — predecessor failed
2026-10-02 04:35:48,246 - inference_perf.datagen.replay.replay_graph_session_datagen - INFO - Event wekatrace88_4b5b583d4736a4399d3e5222be38f78d80c8:event_058_parent_turn_58 skipping — predecessor failed
2026-10-02 04:35:48,246 - inference_perf.datagen.replay.replay_graph_session_datagen - INFO - Event wekatrace88_4b5b583d4736a4399d3e5222be38f78d80c8:event_059_parent_turn_59 skipping — predecessor failed
2026-10-02 04:35:48,246 - inference_perf.datagen.replay.replay_graph_session_datagen - INFO - Event wekatrace88_4b5b583d4736a4399d3e5222be38f78d80c8:event_060_parent_turn_60 skipping — predecessor failed
2026-10-02 04:35:48,246 - inference_perf.datagen.replay.replay_graph_session_datagen - INFO - Event wekatrace88_4b5b583d4736a4399d3e5222be38f78d80c8:event_061_parent_turn_61 skipping — predecessor failed
2026-10-02 04:35:48,247 - inference_perf.datagen.replay.replay_graph_session_datagen - INFO - Event wekatrace88_4b5b583d4736a4399d3e5222be38f78d80c8:event_062_parent_turn_62 skipping — predecessor failed
2026-10-02 04:35:48,247 - inference_perf.datagen.replay.replay_graph_session_datagen - INFO - Event wekatrace88_4b5b583d4736a4399d3e5222be38f78d80c8:event_063_parent_turn_63 skipping — predecessor failed
2026-10-02 04:35:48,247 - inference_perf.datagen.replay.replay_graph_session_datagen - INFO - Event wekatrace88_4b5b583d4736a4399d3e5222be38f78d80c8:event_064_parent_turn_64 skipping — predecessor failed
2026-10-02 04:35:48,247 - inference_perf.datagen.replay.replay_graph_session_datagen - INFO - Dispatching session wekatrace144_7e954605c7632063029ceabaefff139bafda: 76 events
2026-10-02 04:35:48,247 - inference_perf.datagen.replay.replay_graph_session_datagen - INFO - Event wekatrace88_4b5b583d4736a4399d3e5222be38f78d80c8:event_065_parent_turn_65 skipping — predecessor failed
2026-10-02 04:35:48,247 - inference_perf.datagen.replay.replay_graph_session_datagen - INFO - Event wekatrace88_4b5b583d4736a4399d3e5222be38f78d80c8:event_066_parent_turn_66 skipping — predecessor failed
2026-10-02 04:35:48,248 - inference_perf.datagen.replay.replay_graph_session_datagen - INFO - Event wekatrace88_4b5b583d4736a4399d3e5222be38f78d80c8:event_067_parent_turn_67 skipping — predecessor failed
2026-10-02 04:35:48,248 - inference_perf.datagen.replay.replay_graph_session_datagen - INFO - Event wekatrace88_4b5b583d4736a4399d3e5222be38f78d80c8:event_068_parent_turn_68 skipping — predecessor failed
2026-10-02 04:35:48,248 - inference_perf.datagen.replay.replay_graph_session_datagen - INFO - Event wekatrace88_4b5b583d4736a4399d3e5222be38f78d80c8:event_069_parent_turn_69 skipping — predecessor failed
2026-10-02 04:35:48,248 - inference_perf.datagen.replay.replay_graph_session_datagen - INFO - Event wekatrace88_4b5b583d4736a4399d3e5222be38f78d80c8:event_070_parent_turn_70 skipping — predecessor failed
2026-10-02 04:35:48,248 - inference_perf.datagen.replay.replay_graph_session_datagen - INFO - Event wekatrace88_4b5b583d4736a4399d3e5222be38f78d80c8:event_071_parent_turn_71 skipping — predecessor failed
2026-10-02 04:35:48,248 - inference_perf.datagen.replay.replay_graph_session_datagen - INFO - Event wekatrace88_4b5b583d4736a4399d3e5222be38f78d80c8:event_072_parent_turn_72 skipping — predecessor failed
2026-10-02 04:35:48,249 - inference_perf.datagen.replay.replay_graph_session_datagen - INFO - Event wekatrace88_4b5b583d4736a4399d3e5222be38f78d80c8:event_073_parent_turn_73 skipping — predecessor failed
2026-10-02 04:35:48,249 - inference_perf.datagen.replay.replay_graph_session_datagen - INFO - Event wekatrace88_4b5b583d4736a4399d3e5222be38f78d80c8:event_074_parent_turn_74 skipping — predecessor failed
2026-10-02 04:35:48,249 - inference_perf.datagen.replay.replay_graph_session_datagen - INFO - Event wekatrace88_4b5b583d4736a4399d3e5222be38f78d80c8:event_075_parent_turn_75 skipping — predecessor failed
2026-10-02 04:35:48,249 - inference_perf.datagen.replay.replay_graph_session_datagen - INFO - Event wekatrace88_4b5b583d4736a4399d3e5222be38f78d80c8:event_076_parent_turn_76 skipping — predecessor failed
2026-10-02 04:35:48,249 - inference_perf.datagen.replay.replay_graph_session_datagen - INFO - Event wekatrace88_4b5b583d4736a4399d3e5222be38f78d80c8:event_077_parent_turn_77 skipping — predecessor failed
2026-10-02 04:35:48,249 - inference_perf.datagen.replay.replay_graph_session_datagen - INFO - Event wekatrace88_4b5b583d4736a4399d3e5222be38f78d80c8:event_078_parent_turn_78 skipping — predecessor failed
2026-10-02 04:35:48,249 - inference_perf.datagen.replay.replay_graph_session_datagen - INFO - Event wekatrace88_4b5b583d4736a4399d3e5222be38f78d80c8:event_079_parent_turn_79 skipping — predecessor failed
2026-10-02 04:35:48,250 - inference_perf.datagen.replay.replay_graph_session_datagen - INFO - Event wekatrace88_4b5b583d4736a4399d3e5222be38f78d80c8:event_080_parent_turn_80 skipping — predecessor failed
2026-10-02 04:35:48,250 - inference_perf.datagen.replay.replay_graph_session_datagen - INFO - Event wekatrace88_4b5b583d4736a4399d3e5222be38f78d80c8:event_081_parent_turn_81 skipping — predecessor failed
2026-10-02 04:35:48,250 - inference_perf.datagen.replay.replay_graph_session_datagen - INFO - Event wekatrace88_4b5b583d4736a4399d3e5222be38f78d80c8:event_082_parent_turn_82 skipping — predecessor failed
2026-10-02 04:35:48,250 - inference_perf.datagen.replay.replay_graph_session_datagen - INFO - Event wekatrace88_4b5b583d4736a4399d3e5222be38f78d80c8:event_083_parent_turn_83 skipping — predecessor failed
2026-10-02 04:35:48,250 - inference_perf.datagen.replay.replay_graph_session_datagen - INFO - Event wekatrace88_4b5b583d4736a4399d3e5222be38f78d80c8:event_084_parent_turn_84 skipping — predecessor failed
2026-10-02 04:35:48,250 - inference_perf.datagen.replay.replay_graph_session_datagen - INFO - Event wekatrace88_4b5b583d4736a4399d3e5222be38f78d80c8:event_085_parent_turn_85 skipping — predecessor failed
2026-10-02 04:35:48,251 - inference_perf.datagen.replay.replay_graph_session_datagen - INFO - Event wekatrace88_4b5b583d4736a4399d3e5222be38f78d80c8:event_086_parent_turn_86 skipping — predecessor failed
2026-10-02 04:35:48,251 - inference_perf.datagen.replay.replay_graph_session_datagen - INFO - Event wekatrace88_4b5b583d4736a4399d3e5222be38f78d80c8:event_087_parent_turn_87 skipping — predecessor failed
2026-10-02 04:35:48,251 - inference_perf.datagen.replay.replay_graph_session_datagen - INFO - Event wekatrace88_4b5b583d4736a4399d3e5222be38f78d80c8:event_088_parent_turn_88 skipping — predecessor failed
2026-10-02 04:35:48,251 - inference_perf.datagen.replay.replay_graph_session_datagen - INFO - Event wekatrace88_4b5b583d4736a4399d3e5222be38f78d80c8:event_089_parent_turn_89 skipping — predecessor failed
2026-10-02 04:35:48,251 - inference_perf.datagen.replay.replay_graph_session_datagen - INFO - Event wekatrace88_4b5b583d4736a4399d3e5222be38f78d80c8:event_090_parent_turn_90 skipping — predecessor failed
2026-10-02 04:35:48,252 - inference_perf.datagen.replay.replay_graph_session_datagen - INFO - Event wekatrace88_4b5b583d4736a4399d3e5222be38f78d80c8:event_091_parent_turn_91 skipping — predecessor failed
2026-10-02 04:35:48,252 - inference_perf.datagen.replay.replay_graph_session_datagen - INFO - Event wekatrace88_4b5b583d4736a4399d3e5222be38f78d80c8:event_092_parent_turn_92 skipping — predecessor failed
2026-10-02 04:35:48,252 - inference_perf.datagen.replay.replay_graph_session_datagen - INFO - Event wekatrace88_4b5b583d4736a4399d3e5222be38f78d80c8:event_093_parent_turn_93 skipping — predecessor failed
2026-10-02 04:35:48,252 - inference_perf.datagen.replay.replay_graph_session_datagen - INFO - Event wekatrace88_4b5b583d4736a4399d3e5222be38f78d80c8:event_094_parent_turn_94 skipping — predecessor failed
2026-10-02 04:35:48,252 - inference_perf.datagen.replay.replay_graph_session_datagen - INFO - Event wekatrace88_4b5b583d4736a4399d3e5222be38f78d80c8:event_095_parent_turn_95 skipping — predecessor failed
2026-10-02 04:35:48,252 - inference_perf.datagen.replay.replay_graph_session_datagen - INFO - Event wekatrace88_4b5b583d4736a4399d3e5222be38f78d80c8:event_096_parent_turn_96 skipping — predecessor failed
2026-10-02 04:35:48,253 - inference_perf.datagen.replay.replay_graph_session_datagen - INFO - Event wekatrace88_4b5b583d4736a4399d3e5222be38f78d80c8:event_097_parent_turn_97 skipping — predecessor failed
2026-10-02 04:35:48,253 - inference_perf.datagen.replay.replay_graph_session_datagen - INFO - Event wekatrace88_4b5b583d4736a4399d3e5222be38f78d80c8:event_098_parent_turn_98 skipping — predecessor failed
2026-10-02 04:35:48,253 - inference_perf.datagen.replay.replay_graph_session_datagen - INFO - Event wekatrace88_4b5b583d4736a4399d3e5222be38f78d80c8:event_099_parent_turn_99 skipping — predecessor failed
2026-10-02 04:35:48,253 - inference_perf.datagen.replay.replay_graph_session_datagen - INFO - Event wekatrace88_4b5b583d4736a4399d3e5222be38f78d80c8:event_100_parent_turn_100 skipping — predecessor failed
2026-10-02 04:35:48,253 - inference_perf.datagen.replay.replay_graph_session_datagen - INFO - Event wekatrace88_4b5b583d4736a4399d3e5222be38f78d80c8:event_101_parent_turn_101 skipping — predecessor failed
2026-10-02 04:35:48,253 - inference_perf.datagen.replay.replay_graph_session_datagen - INFO - Event wekatrace88_4b5b583d4736a4399d3e5222be38f78d80c8:event_102_parent_turn_102 skipping — predecessor failed
2026-10-02 04:35:48,254 - inference_perf.datagen.replay.replay_graph_session_datagen - INFO - Event wekatrace88_4b5b583d4736a4399d3e5222be38f78d80c8:event_103_parent_turn_103 skipping — predecessor failed
2026-10-02 04:35:48,254 - inference_perf.datagen.replay.replay_graph_session_datagen - INFO - Event wekatrace88_4b5b583d4736a4399d3e5222be38f78d80c8:event_104_parent_turn_104 skipping — predecessor failed
2026-10-02 04:35:48,254 - inference_perf.datagen.replay.replay_graph_session_datagen - INFO - Event wekatrace88_4b5b583d4736a4399d3e5222be38f78d80c8:event_105_parent_turn_105 skipping — predecessor failed
2026-10-02 04:35:48,254 - inference_perf.datagen.replay.replay_graph_session_datagen - INFO - Event wekatrace88_4b5b583d4736a4399d3e5222be38f78d80c8:event_106_parent_turn_106 skipping — predecessor failed
2026-10-02 04:35:48,254 - inference_perf.datagen.replay.replay_graph_session_datagen - INFO - Event wekatrace88_4b5b583d4736a4399d3e5222be38f78d80c8:event_107_parent_turn_107 skipping — predecessor failed
2026-10-02 04:35:48,255 - inference_perf.datagen.replay.replay_graph_session_datagen - INFO - Event wekatrace88_4b5b583d4736a4399d3e5222be38f78d80c8:event_108_parent_turn_108 skipping — predecessor failed
2026-10-02 04:35:48,255 - inference_perf.datagen.replay.replay_graph_session_datagen - INFO - Event wekatrace88_4b5b583d4736a4399d3e5222be38f78d80c8:event_109_parent_turn_109 skipping — predecessor failed
2026-10-02 04:35:48,255 - inference_perf.datagen.replay.replay_graph_session_datagen - INFO - Event wekatrace88_4b5b583d4736a4399d3e5222be38f78d80c8:event_110_parent_turn_110 skipping — predecessor failed
2026-10-02 04:35:48,255 - inference_perf.datagen.replay.replay_graph_session_datagen - INFO - Event wekatrace88_4b5b583d4736a4399d3e5222be38f78d80c8:event_111_parent_turn_111 skipping — predecessor failed
2026-10-02 04:35:48,255 - inference_perf.datagen.replay.replay_graph_session_datagen - INFO - Event wekatrace88_4b5b583d4736a4399d3e5222be38f78d80c8:event_112_parent_turn_112 skipping — predecessor failed
2026-10-02 04:35:48,256 - inference_perf.datagen.replay.replay_graph_session_datagen - INFO - Event wekatrace88_4b5b583d4736a4399d3e5222be38f78d80c8:event_113_parent_turn_113 skipping — predecessor failed
2026-10-02 04:35:48,256 - inference_perf.datagen.replay.replay_graph_session_datagen - INFO - Event wekatrace88_4b5b583d4736a4399d3e5222be38f78d80c8:event_114_parent_turn_114 skipping — predecessor failed
2026-10-02 04:35:48,256 - inference_perf.datagen.replay.replay_graph_session_datagen - INFO - Event wekatrace88_4b5b583d4736a4399d3e5222be38f78d80c8:event_115_parent_turn_115 skipping — predecessor failed
2026-10-02 04:35:48,256 - inference_perf.datagen.replay.replay_graph_session_datagen - INFO - Event wekatrace88_4b5b583d4736a4399d3e5222be38f78d80c8:event_116_parent_turn_116 skipping — predecessor failed
2026-10-02 04:35:48,262 - inference_perf.datagen.replay.replay_graph_session_datagen - INFO - Event wekatrace88_4b5b583d4736a4399d3e5222be38f78d80c8:event_117_parent_turn_117 skipping — predecessor failed
2026-10-02 04:35:48,263 - inference_perf.datagen.replay.replay_graph_session_datagen - INFO - Event wekatrace88_4b5b583d4736a4399d3e5222be38f78d80c8:event_118_parent_turn_118 skipping — predecessor failed
2026-10-02 04:35:48,266 - inference_perf.datagen.replay.replay_graph_session_datagen - INFO - Event wekatrace88_4b5b583d4736a4399d3e5222be38f78d80c8:event_119_parent_turn_119 skipping — predecessor failed
2026-10-02 04:35:48,266 - inference_perf.datagen.replay.replay_graph_session_datagen - INFO - Event wekatrace88_4b5b583d4736a4399d3e5222be38f78d80c8:event_120_parent_turn_120 skipping — predecessor failed
2026-10-02 04:35:48,273 - inference_perf.datagen.replay.replay_graph_session_datagen - INFO - Event wekatrace88_4b5b583d4736a4399d3e5222be38f78d80c8:event_121_parent_turn_121 skipping — predecessor failed
2026-10-02 04:35:48,273 - inference_perf.datagen.replay.replay_graph_session_datagen - INFO - Event wekatrace88_4b5b583d4736a4399d3e5222be38f78d80c8:event_122_parent_turn_122 skipping — predecessor failed
2026-10-02 04:35:48,285 - inference_perf.datagen.replay.replay_graph_session_datagen - INFO - Event wekatrace88_4b5b583d4736a4399d3e5222be38f78d80c8:event_123_parent_turn_123 skipping — predecessor failed
2026-10-02 04:35:48,286 - inference_perf.datagen.replay.replay_graph_session_datagen - INFO - Event wekatrace88_4b5b583d4736a4399d3e5222be38f78d80c8:event_124_parent_turn_124 skipping — predecessor failed
2026-10-02 04:35:48,297 - inference_perf.datagen.replay.replay_graph_session_datagen - INFO - Event wekatrace88_4b5b583d4736a4399d3e5222be38f78d80c8:event_125_parent_turn_125 skipping — predecessor failed
2026-10-02 04:35:48,313 - inference_perf.datagen.replay.replay_graph_session_datagen - INFO - Event wekatrace88_4b5b583d4736a4399d3e5222be38f78d80c8:event_126_parent_turn_126 skipping — predecessor failed
2026-10-02 04:35:48,314 - inference_perf.datagen.replay.replay_graph_session_datagen - INFO - Event wekatrace88_4b5b583d4736a4399d3e5222be38f78d80c8:event_127_parent_turn_127 skipping — predecessor failed
2026-10-02 04:35:48,314 - inference_perf.datagen.replay.replay_graph_session_datagen - INFO - Event wekatrace88_4b5b583d4736a4399d3e5222be38f78d80c8:event_128_parent_turn_128 skipping — predecessor failed
2026-10-02 04:35:48,315 - inference_perf.datagen.replay.replay_graph_session_datagen - INFO - Event wekatrace88_4b5b583d4736a4399d3e5222be38f78d80c8:event_129_parent_turn_129 skipping — predecessor failed
2026-10-02 04:35:48,315 - inference_perf.datagen.replay.replay_graph_session_datagen - INFO - Event wekatrace88_4b5b583d4736a4399d3e5222be38f78d80c8:event_130_parent_turn_130 skipping — predecessor failed
2026-10-02 04:35:48,316 - inference_perf.datagen.replay.replay_graph_session_datagen - INFO - Event wekatrace88_4b5b583d4736a4399d3e5222be38f78d80c8:event_131_parent_turn_131 skipping — predecessor failed
2026-10-02 04:35:48,327 - inference_perf.datagen.replay.replay_graph_session_datagen - INFO - Event wekatrace88_4b5b583d4736a4399d3e5222be38f78d80c8:event_132_parent_turn_132 skipping — predecessor failed
2026-10-02 04:35:48,337 - inference_perf.datagen.replay.replay_graph_session_datagen - INFO - Event wekatrace88_4b5b583d4736a4399d3e5222be38f78d80c8:event_133_parent_turn_133 skipping — predecessor failed
2026-10-02 04:35:48,337 - inference_perf.datagen.replay.replay_graph_session_datagen - INFO - Event wekatrace88_4b5b583d4736a4399d3e5222be38f78d80c8:event_134_parent_turn_134 skipping — predecessor failed
2026-10-02 04:35:48,354 - inference_perf.datagen.replay.replay_graph_session_datagen - INFO - Event wekatrace88_4b5b583d4736a4399d3e5222be38f78d80c8:event_135_parent_turn_135 skipping — predecessor failed
2026-10-02 04:35:48,368 - inference_perf.datagen.replay.replay_graph_session_datagen - INFO - Event wekatrace88_4b5b583d4736a4399d3e5222be38f78d80c8:event_136_parent_turn_136 skipping — predecessor failed
2026-10-02 04:35:48,368 - inference_perf.datagen.replay.replay_graph_session_datagen - INFO - Event wekatrace88_4b5b583d4736a4399d3e5222be38f78d80c8:event_137_parent_turn_137 skipping — predecessor failed
2026-10-02 04:35:48,368 - inference_perf.datagen.replay.replay_graph_session_datagen - INFO - Event wekatrace88_4b5b583d4736a4399d3e5222be38f78d80c8:event_138_parent_turn_138 skipping — predecessor failed
2026-10-02 04:35:48,368 - inference_perf.datagen.replay.replay_graph_session_datagen - INFO - Event wekatrace88_4b5b583d4736a4399d3e5222be38f78d80c8:event_139_parent_turn_139 skipping — predecessor failed
2026-10-02 04:35:48,383 - inference_perf.datagen.replay.replay_graph_session_datagen - INFO - Event wekatrace88_4b5b583d4736a4399d3e5222be38f78d80c8:event_140_parent_turn_140 skipping — predecessor failed
2026-10-02 04:35:48,383 - inference_perf.datagen.replay.replay_graph_session_datagen - INFO - Event wekatrace88_4b5b583d4736a4399d3e5222be38f78d80c8:event_141_parent_turn_141 skipping — predecessor failed
2026-10-02 04:35:48,383 - inference_perf.datagen.replay.replay_graph_session_datagen - INFO - Event wekatrace88_4b5b583d4736a4399d3e5222be38f78d80c8:event_142_parent_turn_142 skipping — predecessor failed
2026-10-02 04:35:48,384 - inference_perf.datagen.replay.replay_graph_session_datagen - INFO - Event wekatrace88_4b5b583d4736a4399d3e5222be38f78d80c8:event_143_parent_turn_143 skipping — predecessor failed
2026-10-02 04:35:48,384 - inference_perf.datagen.replay.replay_graph_session_datagen - INFO - Event wekatrace88_4b5b583d4736a4399d3e5222be38f78d80c8:event_144_parent_turn_144 skipping — predecessor failed
2026-10-02 04:35:48,384 - inference_perf.datagen.replay.replay_graph_session_datagen - INFO - Event wekatrace88_4b5b583d4736a4399d3e5222be38f78d80c8:event_145_parent_turn_145 skipping — predecessor failed
2026-10-02 04:35:48,400 - inference_perf.datagen.replay.replay_graph_session_datagen - INFO - Event wekatrace88_4b5b583d4736a4399d3e5222be38f78d80c8:event_146_parent_turn_146 skipping — predecessor failed
2026-10-02 04:35:48,400 - inference_perf.datagen.replay.replay_graph_session_datagen - INFO - Event wekatrace88_4b5b583d4736a4399d3e5222be38f78d80c8:event_147_parent_turn_147 skipping — predecessor failed
2026-10-02 04:35:48,400 - inference_perf.datagen.replay.replay_graph_session_datagen - INFO - Event wekatrace88_4b5b583d4736a4399d3e5222be38f78d80c8:event_148_parent_turn_148 skipping — predecessor failed
2026-10-02 04:35:48,416 - inference_perf.datagen.replay.replay_graph_session_datagen - INFO - Event wekatrace88_4b5b583d4736a4399d3e5222be38f78d80c8:event_149_parent_turn_149 skipping — predecessor failed
2026-10-02 04:35:48,417 - inference_perf.datagen.replay.replay_graph_session_datagen - INFO - Event wekatrace88_4b5b583d4736a4399d3e5222be38f78d80c8:event_150_parent_turn_150 skipping — predecessor failed
2026-10-02 04:35:48,433 - inference_perf.datagen.replay.replay_graph_session_datagen - INFO - Event wekatrace88_4b5b583d4736a4399d3e5222be38f78d80c8:event_151_parent_turn_151 skipping — predecessor failed
2026-10-02 04:35:48,433 - inference_perf.datagen.replay.replay_graph_session_datagen - INFO - Event wekatrace88_4b5b583d4736a4399d3e5222be38f78d80c8:event_152_parent_turn_152 skipping — predecessor failed
2026-10-02 04:35:48,434 - inference_perf.datagen.replay.replay_graph_session_datagen - INFO - Event wekatrace88_4b5b583d4736a4399d3e5222be38f78d80c8:event_153_parent_turn_153 skipping — predecessor failed
2026-10-02 04:35:48,434 - inference_perf.datagen.replay.replay_graph_session_datagen - INFO - Event wekatrace88_4b5b583d4736a4399d3e5222be38f78d80c8:event_154_parent_turn_154 skipping — predecessor failed
2026-10-02 04:35:48,434 - inference_perf.datagen.replay.replay_graph_session_datagen - INFO - Event wekatrace88_4b5b583d4736a4399d3e5222be38f78d80c8:event_155_parent_turn_155 skipping — predecessor failed
2026-10-02 04:35:48,434 - inference_perf.datagen.replay.replay_graph_session_datagen - INFO - Event wekatrace88_4b5b583d4736a4399d3e5222be38f78d80c8:event_156_parent_turn_156 skipping — predecessor failed
2026-10-02 04:35:48,451 - inference_perf.datagen.replay.replay_graph_session_datagen - INFO - Event wekatrace88_4b5b583d4736a4399d3e5222be38f78d80c8:event_157_parent_turn_157 skipping — predecessor failed
2026-10-02 04:35:48,451 - inference_perf.datagen.replay.replay_graph_session_datagen - INFO - Event wekatrace88_4b5b583d4736a4399d3e5222be38f78d80c8:event_158_parent_turn_158 skipping — predecessor failed
2026-10-02 04:35:48,452 - inference_perf.datagen.replay.replay_graph_session_datagen - INFO - Event wekatrace88_4b5b583d4736a4399d3e5222be38f78d80c8:event_159_parent_turn_159 skipping — predecessor failed
2026-10-02 04:36:30,233 - inference_perf.datagen.replay.replay_graph_session_datagen - ERROR - Request failed for event wekatrace132_76ef82400a03738d4f138b163f1890a881c9:event_012_sa_subagent_001_2c38c75f_s0_turn_10: TimeoutError: 
2026-10-02 04:36:30,233 - inference_perf.datagen.replay.replay_graph_session_datagen - INFO - Session wekatrace132_76ef82400a03738d4f138b163f1890a881c9 failure notification sent to main process (cancelled_events=253)
2026-10-02 04:36:30,234 - inference_perf.client.modelserver.openai_client - ERROR - 
Traceback (most recent call last):
  File "/workspace/.venv/lib/python3.12/site-packages/aiohttp/streams.py", line 365, in _wait
    await waiter
asyncio.exceptions.CancelledError

The above exception was the direct cause of the following exception:

Traceback (most recent call last):
  File "/workspace/inference_perf/apis/streaming_parser.py", line 84, in parse_sse_stream
    async for chunk in response.content.iter_any():
  File "/workspace/.venv/lib/python3.12/site-packages/aiohttp/streams.py", line 46, in __anext__
    rv = await self.read_func()
         ^^^^^^^^^^^^^^^^^^^^^^
  File "/workspace/.venv/lib/python3.12/site-packages/aiohttp/streams.py", line 460, in readany
    await self._wait("readany")
  File "/workspace/.venv/lib/python3.12/site-packages/aiohttp/streams.py", line 364, in _wait
    with self._timer:
         ^^^^^^^^^^^
  File "/workspace/.venv/lib/python3.12/site-packages/aiohttp/helpers.py", line 759, in __exit__
    raise asyncio.TimeoutError from exc_val
TimeoutError

The above exception was the direct cause of the following exception:

Traceback (most recent call last):
  File "/workspace/inference_perf/client/modelserver/openai_client.py", line 557, in process_request
    info = await data.process_response(
           ^^^^^^^^^^^^^^^^^^^^^^^^^^^^
  File "/workspace/inference_perf/datagen/replay/replay_graph_session_datagen.py", line 1039, in process_response
    text_content, chunk_times, raw_content, response_chunks, server_usage = await parse_sse_stream(
                                                                            ^^^^^^^^^^^^^^^^^^^^^^^
  File "/workspace/inference_perf/apis/streaming_parser.py", line 119, in parse_sse_stream
    raise StreamInterruptedError(e, raw_content.decode("utf-8", errors="ignore")) from e
inference_perf.apis.streaming_parser.StreamInterruptedError
2026-10-02 04:36:30,270 - inference_perf.datagen.replay.replay_graph_session_datagen - INFO - Dispatching session wekatrace28_1ac9d045056424d98ec4b5725460ca2b6120: 72 events
2026-10-02 04:36:39,233 - inference_perf.datagen.replay.replay_graph_session_datagen - ERROR - Request failed for event wekatrace132_76ef82400a03738d4f138b163f1890a881c9:event_013_parent_turn_2: TimeoutError: 
2026-10-02 04:36:39,234 - inference_perf.client.modelserver.openai_client - ERROR - 
Traceback (most recent call last):
  File "/workspace/.venv/lib/python3.12/site-packages/aiohttp/streams.py", line 365, in _wait
    await waiter
asyncio.exceptions.CancelledError

The above exception was the direct cause of the following exception:

Traceback (most recent call last):
  File "/workspace/inference_perf/apis/streaming_parser.py", line 84, in parse_sse_stream
    async for chunk in response.content.iter_any():
  File "/workspace/.venv/lib/python3.12/site-packages/aiohttp/streams.py", line 46, in __anext__
    rv = await self.read_func()
         ^^^^^^^^^^^^^^^^^^^^^^
  File "/workspace/.venv/lib/python3.12/site-packages/aiohttp/streams.py", line 460, in readany
    await self._wait("readany")
  File "/workspace/.venv/lib/python3.12/site-packages/aiohttp/streams.py", line 364, in _wait
    with self._timer:
         ^^^^^^^^^^^
  File "/workspace/.venv/lib/python3.12/site-packages/aiohttp/helpers.py", line 759, in __exit__
    raise asyncio.TimeoutError from exc_val
TimeoutError

The above exception was the direct cause of the following exception:

Traceback (most recent call last):
  File "/workspace/inference_perf/client/modelserver/openai_client.py", line 557, in process_request
    info = await data.process_response(
           ^^^^^^^^^^^^^^^^^^^^^^^^^^^^
  File "/workspace/inference_perf/datagen/replay/replay_graph_session_datagen.py", line 1039, in process_response
    text_content, chunk_times, raw_content, response_chunks, server_usage = await parse_sse_stream(
                                                                            ^^^^^^^^^^^^^^^^^^^^^^^
  File "/workspace/inference_perf/apis/streaming_parser.py", line 119, in parse_sse_stream
    raise StreamInterruptedError(e, raw_content.decode("utf-8", errors="ignore")) from e
inference_perf.apis.streaming_parser.StreamInterruptedError
2026-10-02 04:36:39,236 - inference_perf.datagen.replay.replay_graph_session_datagen - INFO - Event wekatrace132_76ef82400a03738d4f138b163f1890a881c9:event_014_sa_subagent_002_26e227cd_s0_turn_0 skipping — predecessor failed
2026-10-02 04:36:39,236 - inference_perf.datagen.replay.replay_graph_session_datagen - INFO - Event wekatrace132_76ef82400a03738d4f138b163f1890a881c9:event_040_parent_turn_3 skipping — predecessor failed
2026-10-02 04:36:39,236 - inference_perf.datagen.replay.replay_graph_session_datagen - INFO - Event wekatrace132_76ef82400a03738d4f138b163f1890a881c9:event_015_sa_subagent_002_26e227cd_s0_turn_1 skipping — predecessor failed
2026-10-02 04:36:39,236 - inference_perf.datagen.replay.replay_graph_session_datagen - INFO - Event wekatrace132_76ef82400a03738d4f138b163f1890a881c9:event_041_parent_turn_4 skipping — predecessor failed
2026-10-02 04:36:39,236 - inference_perf.datagen.replay.replay_graph_session_datagen - INFO - Event wekatrace132_76ef82400a03738d4f138b163f1890a881c9:event_016_sa_subagent_002_26e227cd_s0_turn_2 skipping — predecessor failed
2026-10-02 04:36:39,236 - inference_perf.datagen.replay.replay_graph_session_datagen - INFO - Event wekatrace132_76ef82400a03738d4f138b163f1890a881c9:event_042_parent_turn_5 skipping — predecessor failed
2026-10-02 04:36:39,236 - inference_perf.datagen.replay.replay_graph_session_datagen - INFO - Event wekatrace132_76ef82400a03738d4f138b163f1890a881c9:event_043_parent_turn_6 skipping — predecessor failed
2026-10-02 04:36:39,237 - inference_perf.datagen.replay.replay_graph_session_datagen - INFO - Event wekatrace132_76ef82400a03738d4f138b163f1890a881c9:event_017_sa_subagent_002_26e227cd_s0_turn_3 skipping — predecessor failed
2026-10-02 04:36:39,237 - inference_perf.datagen.replay.replay_graph_session_datagen - INFO - Event wekatrace132_76ef82400a03738d4f138b163f1890a881c9:event_044_parent_turn_7 skipping — predecessor failed
2026-10-02 04:36:39,237 - inference_perf.datagen.replay.replay_graph_session_datagen - INFO - Event wekatrace132_76ef82400a03738d4f138b163f1890a881c9:event_018_sa_subagent_002_26e227cd_s0_turn_4 skipping — predecessor failed
2026-10-02 04:36:39,237 - inference_perf.datagen.replay.replay_graph_session_datagen - INFO - Event wekatrace132_76ef82400a03738d4f138b163f1890a881c9:event_045_parent_turn_8 skipping — predecessor failed
2026-10-02 04:36:39,237 - inference_perf.datagen.replay.replay_graph_session_datagen - INFO - Event wekatrace132_76ef82400a03738d4f138b163f1890a881c9:event_046_parent_turn_9 skipping — predecessor failed
2026-10-02 04:36:39,237 - inference_perf.datagen.replay.replay_graph_session_datagen - INFO - Event wekatrace132_76ef82400a03738d4f138b163f1890a881c9:event_019_sa_subagent_002_26e227cd_s0_turn_5 skipping — predecessor failed
2026-10-02 04:36:39,237 - inference_perf.datagen.replay.replay_graph_session_datagen - INFO - Event wekatrace132_76ef82400a03738d4f138b163f1890a881c9:event_047_parent_turn_10 skipping — predecessor failed
2026-10-02 04:36:39,237 - inference_perf.datagen.replay.replay_graph_session_datagen - INFO - Event wekatrace132_76ef82400a03738d4f138b163f1890a881c9:event_020_sa_subagent_002_26e227cd_s0_turn_6 skipping — predecessor failed
2026-10-02 04:36:39,237 - inference_perf.datagen.replay.replay_graph_session_datagen - INFO - Event wekatrace132_76ef82400a03738d4f138b163f1890a881c9:event_048_parent_turn_11 skipping — predecessor failed
2026-10-02 04:36:39,238 - inference_perf.datagen.replay.replay_graph_session_datagen - INFO - Event wekatrace132_76ef82400a03738d4f138b163f1890a881c9:event_021_sa_subagent_002_26e227cd_s0_turn_7 skipping — predecessor failed
2026-10-02 04:36:39,238 - inference_perf.datagen.replay.replay_graph_session_datagen - INFO - Event wekatrace132_76ef82400a03738d4f138b163f1890a881c9:event_049_parent_turn_12 skipping — predecessor failed
2026-10-02 04:36:39,238 - inference_perf.datagen.replay.replay_graph_session_datagen - INFO - Event wekatrace132_76ef82400a03738d4f138b163f1890a881c9:event_022_sa_subagent_002_26e227cd_s0_turn_8 skipping — predecessor failed
2026-10-02 04:36:39,238 - inference_perf.datagen.replay.replay_graph_session_datagen - INFO - Event wekatrace132_76ef82400a03738d4f138b163f1890a881c9:event_050_parent_turn_13 skipping — predecessor failed
2026-10-02 04:36:39,238 - inference_perf.datagen.replay.replay_graph_session_datagen - INFO - Event wekatrace132_76ef82400a03738d4f138b163f1890a881c9:event_023_sa_subagent_002_26e227cd_s0_turn_9 skipping — predecessor failed
2026-10-02 04:36:39,238 - inference_perf.datagen.replay.replay_graph_session_datagen - INFO - Event wekatrace132_76ef82400a03738d4f138b163f1890a881c9:event_051_parent_turn_14 skipping — predecessor failed
2026-10-02 04:36:39,238 - inference_perf.datagen.replay.replay_graph_session_datagen - INFO - Event wekatrace132_76ef82400a03738d4f138b163f1890a881c9:event_024_sa_subagent_002_26e227cd_s0_turn_10 skipping — predecessor failed
2026-10-02 04:36:39,238 - inference_perf.datagen.replay.replay_graph_session_datagen - INFO - Event wekatrace132_76ef82400a03738d4f138b163f1890a881c9:event_052_parent_turn_15 skipping — predecessor failed
2026-10-02 04:36:39,239 - inference_perf.datagen.replay.replay_graph_session_datagen - INFO - Event wekatrace132_76ef82400a03738d4f138b163f1890a881c9:event_025_sa_subagent_002_26e227cd_s0_turn_11 skipping — predecessor failed
2026-10-02 04:36:39,239 - inference_perf.datagen.replay.replay_graph_session_datagen - INFO - Event wekatrace132_76ef82400a03738d4f138b163f1890a881c9:event_053_parent_turn_16 skipping — predecessor failed
2026-10-02 04:36:39,239 - inference_perf.datagen.replay.replay_graph_session_datagen - INFO - Event wekatrace132_76ef82400a03738d4f138b163f1890a881c9:event_026_sa_subagent_002_26e227cd_s0_turn_12 skipping — predecessor failed
2026-10-02 04:36:39,239 - inference_perf.datagen.replay.replay_graph_session_datagen - INFO - Event wekatrace132_76ef82400a03738d4f138b163f1890a881c9:event_054_parent_turn_17 skipping — predecessor failed
2026-10-02 04:36:39,239 - inference_perf.datagen.replay.replay_graph_session_datagen - INFO - Event wekatrace132_76ef82400a03738d4f138b163f1890a881c9:event_027_sa_subagent_002_26e227cd_s0_turn_13 skipping — predecessor failed
2026-10-02 04:36:39,239 - inference_perf.datagen.replay.replay_graph_session_datagen - INFO - Event wekatrace132_76ef82400a03738d4f138b163f1890a881c9:event_055_parent_turn_18 skipping — predecessor failed
2026-10-02 04:36:39,239 - inference_perf.datagen.replay.replay_graph_session_datagen - INFO - Event wekatrace132_76ef82400a03738d4f138b163f1890a881c9:event_028_sa_subagent_002_26e227cd_s0_turn_14 skipping — predecessor failed
2026-10-02 04:36:39,239 - inference_perf.datagen.replay.replay_graph_session_datagen - INFO - Event wekatrace132_76ef82400a03738d4f138b163f1890a881c9:event_056_parent_turn_19 skipping — predecessor failed
2026-10-02 04:36:39,239 - inference_perf.datagen.replay.replay_graph_session_datagen - INFO - Event wekatrace132_76ef82400a03738d4f138b163f1890a881c9:event_029_sa_subagent_002_26e227cd_s0_turn_15 skipping — predecessor failed
2026-10-02 04:36:39,239 - inference_perf.datagen.replay.replay_graph_session_datagen - INFO - Event wekatrace132_76ef82400a03738d4f138b163f1890a881c9:event_057_parent_turn_20 skipping — predecessor failed
2026-10-02 04:36:39,239 - inference_perf.datagen.replay.replay_graph_session_datagen - INFO - Event wekatrace132_76ef82400a03738d4f138b163f1890a881c9:event_058_parent_turn_21 skipping — predecessor failed
2026-10-02 04:36:39,240 - inference_perf.datagen.replay.replay_graph_session_datagen - INFO - Event wekatrace132_76ef82400a03738d4f138b163f1890a881c9:event_030_sa_subagent_002_26e227cd_s0_turn_16 skipping — predecessor failed
2026-10-02 04:36:39,240 - inference_perf.datagen.replay.replay_graph_session_datagen - INFO - Event wekatrace132_76ef82400a03738d4f138b163f1890a881c9:event_059_parent_turn_22 skipping — predecessor failed
2026-10-02 04:36:39,240 - inference_perf.datagen.replay.replay_graph_session_datagen - INFO - Event wekatrace132_76ef82400a03738d4f138b163f1890a881c9:event_031_sa_subagent_002_26e227cd_s0_turn_17 skipping — predecessor failed
2026-10-02 04:36:39,240 - inference_perf.datagen.replay.replay_graph_session_datagen - INFO - Event wekatrace132_76ef82400a03738d4f138b163f1890a881c9:event_060_parent_turn_23 skipping — predecessor failed
2026-10-02 04:36:39,240 - inference_perf.datagen.replay.replay_graph_session_datagen - INFO - Event wekatrace132_76ef82400a03738d4f138b163f1890a881c9:event_032_sa_subagent_002_26e227cd_s0_turn_18 skipping — predecessor failed
2026-10-02 04:36:39,240 - inference_perf.datagen.replay.replay_graph_session_datagen - INFO - Event wekatrace132_76ef82400a03738d4f138b163f1890a881c9:event_061_parent_turn_24 skipping — predecessor failed
2026-10-02 04:36:39,240 - inference_perf.datagen.replay.replay_graph_session_datagen - INFO - Event wekatrace132_76ef82400a03738d4f138b163f1890a881c9:event_033_sa_subagent_002_26e227cd_s0_turn_19 skipping — predecessor failed
2026-10-02 04:36:39,240 - inference_perf.datagen.replay.replay_graph_session_datagen - INFO - Event wekatrace132_76ef82400a03738d4f138b163f1890a881c9:event_062_parent_turn_25 skipping — predecessor failed
2026-10-02 04:36:39,241 - inference_perf.datagen.replay.replay_graph_session_datagen - INFO - Event wekatrace132_76ef82400a03738d4f138b163f1890a881c9:event_034_sa_subagent_002_26e227cd_s0_turn_20 skipping — predecessor failed
2026-10-02 04:36:39,241 - inference_perf.datagen.replay.replay_graph_session_datagen - INFO - Event wekatrace132_76ef82400a03738d4f138b163f1890a881c9:event_063_parent_turn_26 skipping — predecessor failed
2026-10-02 04:36:39,241 - inference_perf.datagen.replay.replay_graph_session_datagen - INFO - Event wekatrace132_76ef82400a03738d4f138b163f1890a881c9:event_035_sa_subagent_002_26e227cd_s0_turn_21 skipping — predecessor failed
2026-10-02 04:36:39,241 - inference_perf.datagen.replay.replay_graph_session_datagen - INFO - Event wekatrace132_76ef82400a03738d4f138b163f1890a881c9:event_064_parent_turn_27 skipping — predecessor failed
2026-10-02 04:36:39,241 - inference_perf.datagen.replay.replay_graph_session_datagen - INFO - Event wekatrace132_76ef82400a03738d4f138b163f1890a881c9:event_036_sa_subagent_002_26e227cd_s0_turn_22 skipping — predecessor failed
2026-10-02 04:36:39,241 - inference_perf.datagen.replay.replay_graph_session_datagen - INFO - Event wekatrace132_76ef82400a03738d4f138b163f1890a881c9:event_065_parent_turn_28 skipping — predecessor failed
2026-10-02 04:36:39,241 - inference_perf.datagen.replay.replay_graph_session_datagen - INFO - Event wekatrace132_76ef82400a03738d4f138b163f1890a881c9:event_066_parent_turn_29 skipping — predecessor failed
2026-10-02 04:36:39,241 - inference_perf.datagen.replay.replay_graph_session_datagen - INFO - Event wekatrace132_76ef82400a03738d4f138b163f1890a881c9:event_037_sa_subagent_002_26e227cd_s0_turn_23 skipping — predecessor failed
2026-10-02 04:36:39,241 - inference_perf.datagen.replay.replay_graph_session_datagen - INFO - Event wekatrace132_76ef82400a03738d4f138b163f1890a881c9:event_067_parent_turn_30 skipping — predecessor failed
2026-10-02 04:36:39,242 - inference_perf.datagen.replay.replay_graph_session_datagen - INFO - Event wekatrace132_76ef82400a03738d4f138b163f1890a881c9:event_038_sa_subagent_002_26e227cd_s0_turn_24 skipping — predecessor failed
2026-10-02 04:36:39,242 - inference_perf.datagen.replay.replay_graph_session_datagen - INFO - Event wekatrace132_76ef82400a03738d4f138b163f1890a881c9:event_068_parent_turn_31 skipping — predecessor failed
2026-10-02 04:36:39,242 - inference_perf.datagen.replay.replay_graph_session_datagen - INFO - Event wekatrace132_76ef82400a03738d4f138b163f1890a881c9:event_039_sa_subagent_002_26e227cd_s0_turn_25 skipping — predecessor failed
2026-10-02 04:36:39,242 - inference_perf.datagen.replay.replay_graph_session_datagen - INFO - Event wekatrace132_76ef82400a03738d4f138b163f1890a881c9:event_069_parent_turn_32 skipping — predecessor failed
2026-10-02 04:36:39,242 - inference_perf.datagen.replay.replay_graph_session_datagen - INFO - Event wekatrace132_76ef82400a03738d4f138b163f1890a881c9:event_070_parent_turn_33 skipping — predecessor failed
2026-10-02 04:36:39,242 - inference_perf.datagen.replay.replay_graph_session_datagen - INFO - Event wekatrace132_76ef82400a03738d4f138b163f1890a881c9:event_071_parent_turn_34 skipping — predecessor failed
2026-10-02 04:36:39,242 - inference_perf.datagen.replay.replay_graph_session_datagen - INFO - Event wekatrace132_76ef82400a03738d4f138b163f1890a881c9:event_072_parent_turn_35 skipping — predecessor failed
2026-10-02 04:36:39,242 - inference_perf.datagen.replay.replay_graph_session_datagen - INFO - Event wekatrace132_76ef82400a03738d4f138b163f1890a881c9:event_073_parent_turn_36 skipping — predecessor failed
2026-10-02 04:36:39,242 - inference_perf.datagen.replay.replay_graph_session_datagen - INFO - Event wekatrace132_76ef82400a03738d4f138b163f1890a881c9:event_074_parent_turn_37 skipping — predecessor failed
2026-10-02 04:36:39,243 - inference_perf.datagen.replay.replay_graph_session_datagen - INFO - Event wekatrace132_76ef82400a03738d4f138b163f1890a881c9:event_075_parent_turn_38 skipping — predecessor failed
2026-10-02 04:36:39,243 - inference_perf.datagen.replay.replay_graph_session_datagen - INFO - Event wekatrace132_76ef82400a03738d4f138b163f1890a881c9:event_076_parent_turn_39 skipping — predecessor failed
2026-10-02 04:36:39,243 - inference_perf.datagen.replay.replay_graph_session_datagen - INFO - Event wekatrace132_76ef82400a03738d4f138b163f1890a881c9:event_077_sa_subagent_003_69ba25af_s0_turn_0 skipping — predecessor failed
2026-10-02 04:36:39,243 - inference_perf.datagen.replay.replay_graph_session_datagen - INFO - Event wekatrace132_76ef82400a03738d4f138b163f1890a881c9:event_101_parent_turn_40 skipping — predecessor failed
2026-10-02 04:36:39,243 - inference_perf.datagen.replay.replay_graph_session_datagen - INFO - Event wekatrace132_76ef82400a03738d4f138b163f1890a881c9:event_078_sa_subagent_003_69ba25af_s0_turn_1 skipping — predecessor failed
2026-10-02 04:36:39,243 - inference_perf.datagen.replay.replay_graph_session_datagen - INFO - Event wekatrace132_76ef82400a03738d4f138b163f1890a881c9:event_102_parent_turn_41 skipping — predecessor failed
2026-10-02 04:36:39,243 - inference_perf.datagen.replay.replay_graph_session_datagen - INFO - Event wekatrace132_76ef82400a03738d4f138b163f1890a881c9:event_103_parent_turn_42 skipping — predecessor failed
2026-10-02 04:36:39,243 - inference_perf.datagen.replay.replay_graph_session_datagen - INFO - Event wekatrace132_76ef82400a03738d4f138b163f1890a881c9:event_079_sa_subagent_003_69ba25af_s0_turn_2 skipping — predecessor failed
2026-10-02 04:36:39,243 - inference_perf.datagen.replay.replay_graph_session_datagen - INFO - Event wekatrace132_76ef82400a03738d4f138b163f1890a881c9:event_104_parent_turn_43 skipping — predecessor failed
2026-10-02 04:36:39,243 - inference_perf.datagen.replay.replay_graph_session_datagen - INFO - Event wekatrace132_76ef82400a03738d4f138b163f1890a881c9:event_080_sa_subagent_003_69ba25af_s0_turn_3 skipping — predecessor failed
2026-10-02 04:36:39,244 - inference_perf.datagen.replay.replay_graph_session_datagen - INFO - Event wekatrace132_76ef82400a03738d4f138b163f1890a881c9:event_105_parent_turn_44 skipping — predecessor failed
2026-10-02 04:36:39,244 - inference_perf.datagen.replay.replay_graph_session_datagen - INFO - Event wekatrace132_76ef82400a03738d4f138b163f1890a881c9:event_081_sa_subagent_003_69ba25af_s0_turn_4 skipping — predecessor failed
2026-10-02 04:36:39,244 - inference_perf.datagen.replay.replay_graph_session_datagen - INFO - Event wekatrace132_76ef82400a03738d4f138b163f1890a881c9:event_106_parent_turn_45 skipping — predecessor failed
2026-10-02 04:36:39,244 - inference_perf.datagen.replay.replay_graph_session_datagen - INFO - Event wekatrace132_76ef82400a03738d4f138b163f1890a881c9:event_082_sa_subagent_003_69ba25af_s0_turn_5 skipping — predecessor failed
2026-10-02 04:36:39,244 - inference_perf.datagen.replay.replay_graph_session_datagen - INFO - Event wekatrace132_76ef82400a03738d4f138b163f1890a881c9:event_107_parent_turn_46 skipping — predecessor failed
2026-10-02 04:36:39,244 - inference_perf.datagen.replay.replay_graph_session_datagen - INFO - Event wekatrace132_76ef82400a03738d4f138b163f1890a881c9:event_108_sa_subagent_004_69936f99_s0_turn_0 skipping — predecessor failed
2026-10-02 04:36:39,244 - inference_perf.datagen.replay.replay_graph_session_datagen - INFO - Event wekatrace132_76ef82400a03738d4f138b163f1890a881c9:event_083_sa_subagent_003_69ba25af_s0_turn_6 skipping — predecessor failed
2026-10-02 04:36:39,245 - inference_perf.datagen.replay.replay_graph_session_datagen - INFO - Event wekatrace132_76ef82400a03738d4f138b163f1890a881c9:event_135_parent_turn_47 skipping — predecessor failed
2026-10-02 04:36:39,245 - inference_perf.datagen.replay.replay_graph_session_datagen - INFO - Event wekatrace132_76ef82400a03738d4f138b163f1890a881c9:event_109_sa_subagent_004_69936f99_s0_turn_1 skipping — predecessor failed
2026-10-02 04:36:39,245 - inference_perf.datagen.replay.replay_graph_session_datagen - INFO - Event wekatrace132_76ef82400a03738d4f138b163f1890a881c9:event_084_sa_subagent_003_69ba25af_s0_turn_7 skipping — predecessor failed
2026-10-02 04:36:39,245 - inference_perf.datagen.replay.replay_graph_session_datagen - INFO - Event wekatrace132_76ef82400a03738d4f138b163f1890a881c9:event_136_parent_turn_48 skipping — predecessor failed
2026-10-02 04:36:39,245 - inference_perf.datagen.replay.replay_graph_session_datagen - INFO - Event wekatrace132_76ef82400a03738d4f138b163f1890a881c9:event_110_sa_subagent_004_69936f99_s0_turn_2 skipping — predecessor failed
2026-10-02 04:36:39,245 - inference_perf.datagen.replay.replay_graph_session_datagen - INFO - Event wekatrace132_76ef82400a03738d4f138b163f1890a881c9:event_085_sa_subagent_003_69ba25af_s0_turn_8 skipping — predecessor failed
2026-10-02 04:36:39,245 - inference_perf.datagen.replay.replay_graph_session_datagen - INFO - Event wekatrace132_76ef82400a03738d4f138b163f1890a881c9:event_137_parent_turn_49 skipping — predecessor failed
2026-10-02 04:36:39,245 - inference_perf.datagen.replay.replay_graph_session_datagen - INFO - Event wekatrace132_76ef82400a03738d4f138b163f1890a881c9:event_111_sa_subagent_004_69936f99_s0_turn_3 skipping — predecessor failed
2026-10-02 04:36:39,245 - inference_perf.datagen.replay.replay_graph_session_datagen - INFO - Event wekatrace132_76ef82400a03738d4f138b163f1890a881c9:event_086_sa_subagent_003_69ba25af_s0_turn_9 skipping — predecessor failed
2026-10-02 04:36:39,246 - inference_perf.datagen.replay.replay_graph_session_datagen - INFO - Event wekatrace132_76ef82400a03738d4f138b163f1890a881c9:event_138_parent_turn_50 skipping — predecessor failed
2026-10-02 04:36:39,246 - inference_perf.datagen.replay.replay_graph_session_datagen - INFO - Event wekatrace132_76ef82400a03738d4f138b163f1890a881c9:event_139_parent_turn_51 skipping — predecessor failed
2026-10-02 04:36:39,246 - inference_perf.datagen.replay.replay_graph_session_datagen - INFO - Event wekatrace132_76ef82400a03738d4f138b163f1890a881c9:event_112_sa_subagent_004_69936f99_s0_turn_4 skipping — predecessor failed
2026-10-02 04:36:39,246 - inference_perf.datagen.replay.replay_graph_session_datagen - INFO - Event wekatrace132_76ef82400a03738d4f138b163f1890a881c9:event_087_sa_subagent_003_69ba25af_s0_turn_10 skipping — predecessor failed
2026-10-02 04:36:39,246 - inference_perf.datagen.replay.replay_graph_session_datagen - INFO - Event wekatrace132_76ef82400a03738d4f138b163f1890a881c9:event_140_parent_turn_52 skipping — predecessor failed
2026-10-02 04:36:39,246 - inference_perf.datagen.replay.replay_graph_session_datagen - INFO - Event wekatrace132_76ef82400a03738d4f138b163f1890a881c9:event_141_parent_turn_53 skipping — predecessor failed
2026-10-02 04:36:39,246 - inference_perf.datagen.replay.replay_graph_session_datagen - INFO - Event wekatrace132_76ef82400a03738d4f138b163f1890a881c9:event_113_sa_subagent_004_69936f99_s0_turn_5 skipping — predecessor failed
2026-10-02 04:36:39,246 - inference_perf.datagen.replay.replay_graph_session_datagen - INFO - Event wekatrace132_76ef82400a03738d4f138b163f1890a881c9:event_088_sa_subagent_003_69ba25af_s0_turn_11 skipping — predecessor failed
2026-10-02 04:36:39,246 - inference_perf.datagen.replay.replay_graph_session_datagen - INFO - Event wekatrace132_76ef82400a03738d4f138b163f1890a881c9:event_142_parent_turn_54 skipping — predecessor failed
2026-10-02 04:36:39,246 - inference_perf.datagen.replay.replay_graph_session_datagen - INFO - Event wekatrace132_76ef82400a03738d4f138b163f1890a881c9:event_114_sa_subagent_004_69936f99_s0_turn_6 skipping — predecessor failed
2026-10-02 04:36:39,247 - inference_perf.datagen.replay.replay_graph_session_datagen - INFO - Event wekatrace132_76ef82400a03738d4f138b163f1890a881c9:event_089_sa_subagent_003_69ba25af_s0_turn_12 skipping — predecessor failed
2026-10-02 04:36:39,247 - inference_perf.datagen.replay.replay_graph_session_datagen - INFO - Event wekatrace132_76ef82400a03738d4f138b163f1890a881c9:event_143_parent_turn_55 skipping — predecessor failed
2026-10-02 04:36:39,247 - inference_perf.datagen.replay.replay_graph_session_datagen - INFO - Event wekatrace132_76ef82400a03738d4f138b163f1890a881c9:event_144_parent_turn_56 skipping — predecessor failed
2026-10-02 04:36:39,247 - inference_perf.datagen.replay.replay_graph_session_datagen - INFO - Event wekatrace132_76ef82400a03738d4f138b163f1890a881c9:event_115_sa_subagent_004_69936f99_s0_turn_7 skipping — predecessor failed
2026-10-02 04:36:39,247 - inference_perf.datagen.replay.replay_graph_session_datagen - INFO - Event wekatrace132_76ef82400a03738d4f138b163f1890a881c9:event_090_sa_subagent_003_69ba25af_s0_turn_13 skipping — predecessor failed
2026-10-02 04:36:39,247 - inference_perf.datagen.replay.replay_graph_session_datagen - INFO - Event wekatrace132_76ef82400a03738d4f138b163f1890a881c9:event_145_parent_turn_57 skipping — predecessor failed
2026-10-02 04:36:39,247 - inference_perf.datagen.replay.replay_graph_session_datagen - INFO - Event wekatrace132_76ef82400a03738d4f138b163f1890a881c9:event_146_parent_turn_58 skipping — predecessor failed
2026-10-02 04:36:39,247 - inference_perf.datagen.replay.replay_graph_session_datagen - INFO - Event wekatrace132_76ef82400a03738d4f138b163f1890a881c9:event_116_sa_subagent_004_69936f99_s0_turn_8 skipping — predecessor failed
2026-10-02 04:36:39,247 - inference_perf.datagen.replay.replay_graph_session_datagen - INFO - Event wekatrace132_76ef82400a03738d4f138b163f1890a881c9:event_091_sa_subagent_003_69ba25af_s0_turn_14 skipping — predecessor failed
2026-10-02 04:36:39,247 - inference_perf.datagen.replay.replay_graph_session_datagen - INFO - Event wekatrace132_76ef82400a03738d4f138b163f1890a881c9:event_147_parent_turn_59 skipping — predecessor failed
2026-10-02 04:36:39,248 - inference_perf.datagen.replay.replay_graph_session_datagen - INFO - Event wekatrace132_76ef82400a03738d4f138b163f1890a881c9:event_148_parent_turn_60 skipping — predecessor failed
2026-10-02 04:36:39,248 - inference_perf.datagen.replay.replay_graph_session_datagen - INFO - Event wekatrace132_76ef82400a03738d4f138b163f1890a881c9:event_117_sa_subagent_004_69936f99_s0_turn_9 skipping — predecessor failed
2026-10-02 04:36:39,248 - inference_perf.datagen.replay.replay_graph_session_datagen - INFO - Event wekatrace132_76ef82400a03738d4f138b163f1890a881c9:event_092_sa_subagent_003_69ba25af_s0_turn_15 skipping — predecessor failed
2026-10-02 04:36:39,248 - inference_perf.datagen.replay.replay_graph_session_datagen - INFO - Event wekatrace132_76ef82400a03738d4f138b163f1890a881c9:event_149_parent_turn_61 skipping — predecessor failed
2026-10-02 04:36:39,248 - inference_perf.datagen.replay.replay_graph_session_datagen - INFO - Event wekatrace132_76ef82400a03738d4f138b163f1890a881c9:event_150_parent_turn_62 skipping — predecessor failed
2026-10-02 04:36:39,248 - inference_perf.datagen.replay.replay_graph_session_datagen - INFO - Event wekatrace132_76ef82400a03738d4f138b163f1890a881c9:event_118_sa_subagent_004_69936f99_s0_turn_10 skipping — predecessor failed
2026-10-02 04:36:39,248 - inference_perf.datagen.replay.replay_graph_session_datagen - INFO - Event wekatrace132_76ef82400a03738d4f138b163f1890a881c9:event_093_sa_subagent_003_69ba25af_s0_turn_16 skipping — predecessor failed
2026-10-02 04:36:39,248 - inference_perf.datagen.replay.replay_graph_session_datagen - INFO - Event wekatrace132_76ef82400a03738d4f138b163f1890a881c9:event_151_parent_turn_63 skipping — predecessor failed
2026-10-02 04:36:39,248 - inference_perf.datagen.replay.replay_graph_session_datagen - INFO - Event wekatrace132_76ef82400a03738d4f138b163f1890a881c9:event_152_parent_turn_64 skipping — predecessor failed
2026-10-02 04:36:39,248 - inference_perf.datagen.replay.replay_graph_session_datagen - INFO - Event wekatrace132_76ef82400a03738d4f138b163f1890a881c9:event_153_parent_turn_65 skipping — predecessor failed
2026-10-02 04:36:39,248 - inference_perf.datagen.replay.replay_graph_session_datagen - INFO - Event wekatrace132_76ef82400a03738d4f138b163f1890a881c9:event_119_sa_subagent_004_69936f99_s0_turn_11 skipping — predecessor failed
2026-10-02 04:36:39,249 - inference_perf.datagen.replay.replay_graph_session_datagen - INFO - Event wekatrace132_76ef82400a03738d4f138b163f1890a881c9:event_094_sa_subagent_003_69ba25af_s0_turn_17 skipping — predecessor failed
2026-10-02 04:36:39,249 - inference_perf.datagen.replay.replay_graph_session_datagen - INFO - Event wekatrace132_76ef82400a03738d4f138b163f1890a881c9:event_154_parent_turn_66 skipping — predecessor failed
2026-10-02 04:36:39,249 - inference_perf.datagen.replay.replay_graph_session_datagen - INFO - Event wekatrace132_76ef82400a03738d4f138b163f1890a881c9:event_155_parent_turn_67 skipping — predecessor failed
2026-10-02 04:36:39,249 - inference_perf.datagen.replay.replay_graph_session_datagen - INFO - Event wekatrace132_76ef82400a03738d4f138b163f1890a881c9:event_120_sa_subagent_004_69936f99_s0_turn_12 skipping — predecessor failed
2026-10-02 04:36:39,249 - inference_perf.datagen.replay.replay_graph_session_datagen - INFO - Event wekatrace132_76ef82400a03738d4f138b163f1890a881c9:event_095_sa_subagent_003_69ba25af_s0_turn_18 skipping — predecessor failed
2026-10-02 04:36:39,249 - inference_perf.datagen.replay.replay_graph_session_datagen - INFO - Event wekatrace132_76ef82400a03738d4f138b163f1890a881c9:event_156_parent_turn_68 skipping — predecessor failed
2026-10-02 04:36:39,249 - inference_perf.datagen.replay.replay_graph_session_datagen - INFO - Event wekatrace132_76ef82400a03738d4f138b163f1890a881c9:event_157_parent_turn_69 skipping — predecessor failed
2026-10-02 04:36:39,249 - inference_perf.datagen.replay.replay_graph_session_datagen - INFO - Event wekatrace132_76ef82400a03738d4f138b163f1890a881c9:event_121_sa_subagent_004_69936f99_s0_turn_13 skipping — predecessor failed
2026-10-02 04:36:39,250 - inference_perf.datagen.replay.replay_graph_session_datagen - INFO - Event wekatrace132_76ef82400a03738d4f138b163f1890a881c9:event_096_sa_subagent_003_69ba25af_s0_turn_19 skipping — predecessor failed
2026-10-02 04:36:39,250 - inference_perf.datagen.replay.replay_graph_session_datagen - INFO - Event wekatrace132_76ef82400a03738d4f138b163f1890a881c9:event_158_parent_turn_70 skipping — predecessor failed
2026-10-02 04:36:39,250 - inference_perf.datagen.replay.replay_graph_session_datagen - INFO - Event wekatrace132_76ef82400a03738d4f138b163f1890a881c9:event_122_sa_subagent_004_69936f99_s0_turn_14 skipping — predecessor failed
2026-10-02 04:36:39,250 - inference_perf.datagen.replay.replay_graph_session_datagen - INFO - Event wekatrace132_76ef82400a03738d4f138b163f1890a881c9:event_097_sa_subagent_003_69ba25af_s0_turn_20 skipping — predecessor failed
2026-10-02 04:36:39,250 - inference_perf.datagen.replay.replay_graph_session_datagen - INFO - Event wekatrace132_76ef82400a03738d4f138b163f1890a881c9:event_159_parent_turn_71 skipping — predecessor failed
2026-10-02 04:36:39,250 - inference_perf.datagen.replay.replay_graph_session_datagen - INFO - Event wekatrace132_76ef82400a03738d4f138b163f1890a881c9:event_123_sa_subagent_004_69936f99_s0_turn_15 skipping — predecessor failed
2026-10-02 04:36:39,250 - inference_perf.datagen.replay.replay_graph_session_datagen - INFO - Event wekatrace132_76ef82400a03738d4f138b163f1890a881c9:event_098_sa_subagent_003_69ba25af_s0_turn_21 skipping — predecessor failed
2026-10-02 04:36:39,250 - inference_perf.datagen.replay.replay_graph_session_datagen - INFO - Event wekatrace132_76ef82400a03738d4f138b163f1890a881c9:event_160_parent_turn_72 skipping — predecessor failed
2026-10-02 04:36:39,250 - inference_perf.datagen.replay.replay_graph_session_datagen - INFO - Event wekatrace132_76ef82400a03738d4f138b163f1890a881c9:event_124_sa_subagent_004_69936f99_s0_turn_16 skipping — predecessor failed
2026-10-02 04:36:39,251 - inference_perf.datagen.replay.replay_graph_session_datagen - INFO - Event wekatrace132_76ef82400a03738d4f138b163f1890a881c9:event_099_sa_subagent_003_69ba25af_s0_turn_22 skipping — predecessor failed
2026-10-02 04:36:39,251 - inference_perf.datagen.replay.replay_graph_session_datagen - INFO - Event wekatrace132_76ef82400a03738d4f138b163f1890a881c9:event_161_parent_turn_73 skipping — predecessor failed
2026-10-02 04:36:39,251 - inference_perf.datagen.replay.replay_graph_session_datagen - INFO - Event wekatrace132_76ef82400a03738d4f138b163f1890a881c9:event_125_sa_subagent_004_69936f99_s0_turn_17 skipping — predecessor failed
2026-10-02 04:36:39,251 - inference_perf.datagen.replay.replay_graph_session_datagen - INFO - Event wekatrace132_76ef82400a03738d4f138b163f1890a881c9:event_100_sa_subagent_003_69ba25af_s0_turn_23 skipping — predecessor failed
2026-10-02 04:36:39,251 - inference_perf.datagen.replay.replay_graph_session_datagen - INFO - Event wekatrace132_76ef82400a03738d4f138b163f1890a881c9:event_162_parent_turn_74 skipping — predecessor failed
2026-10-02 04:36:39,251 - inference_perf.datagen.replay.replay_graph_session_datagen - INFO - Event wekatrace132_76ef82400a03738d4f138b163f1890a881c9:event_126_sa_subagent_004_69936f99_s0_turn_18 skipping — predecessor failed
2026-10-02 04:36:39,251 - inference_perf.datagen.replay.replay_graph_session_datagen - INFO - Event wekatrace132_76ef82400a03738d4f138b163f1890a881c9:event_163_parent_turn_75 skipping — predecessor failed
2026-10-02 04:36:39,251 - inference_perf.datagen.replay.replay_graph_session_datagen - INFO - Event wekatrace132_76ef82400a03738d4f138b163f1890a881c9:event_164_parent_turn_76 skipping — predecessor failed
2026-10-02 04:36:39,251 - inference_perf.datagen.replay.replay_graph_session_datagen - INFO - Event wekatrace132_76ef82400a03738d4f138b163f1890a881c9:event_127_sa_subagent_004_69936f99_s0_turn_19 skipping — predecessor failed
2026-10-02 04:36:39,252 - inference_perf.datagen.replay.replay_graph_session_datagen - INFO - Event wekatrace132_76ef82400a03738d4f138b163f1890a881c9:event_165_parent_turn_77 skipping — predecessor failed
2026-10-02 04:36:39,252 - inference_perf.datagen.replay.replay_graph_session_datagen - INFO - Event wekatrace132_76ef82400a03738d4f138b163f1890a881c9:event_128_sa_subagent_004_69936f99_s0_turn_20 skipping — predecessor failed
2026-10-02 04:36:39,252 - inference_perf.datagen.replay.replay_graph_session_datagen - INFO - Event wekatrace132_76ef82400a03738d4f138b163f1890a881c9:event_166_parent_turn_78 skipping — predecessor failed
2026-10-02 04:36:39,252 - inference_perf.datagen.replay.replay_graph_session_datagen - INFO - Event wekatrace132_76ef82400a03738d4f138b163f1890a881c9:event_129_sa_subagent_004_69936f99_s0_turn_21 skipping — predecessor failed
2026-10-02 04:36:39,252 - inference_perf.datagen.replay.replay_graph_session_datagen - INFO - Event wekatrace132_76ef82400a03738d4f138b163f1890a881c9:event_167_parent_turn_79 skipping — predecessor failed
2026-10-02 04:36:39,252 - inference_perf.datagen.replay.replay_graph_session_datagen - INFO - Event wekatrace132_76ef82400a03738d4f138b163f1890a881c9:event_130_sa_subagent_004_69936f99_s0_turn_22 skipping — predecessor failed
2026-10-02 04:36:39,252 - inference_perf.datagen.replay.replay_graph_session_datagen - INFO - Event wekatrace132_76ef82400a03738d4f138b163f1890a881c9:event_168_parent_turn_80 skipping — predecessor failed
2026-10-02 04:36:39,253 - inference_perf.datagen.replay.replay_graph_session_datagen - INFO - Event wekatrace132_76ef82400a03738d4f138b163f1890a881c9:event_169_parent_turn_81 skipping — predecessor failed
2026-10-02 04:36:39,253 - inference_perf.datagen.replay.replay_graph_session_datagen - INFO - Event wekatrace132_76ef82400a03738d4f138b163f1890a881c9:event_131_sa_subagent_004_69936f99_s0_turn_23 skipping — predecessor failed
2026-10-02 04:36:39,253 - inference_perf.datagen.replay.replay_graph_session_datagen - INFO - Event wekatrace132_76ef82400a03738d4f138b163f1890a881c9:event_170_parent_turn_82 skipping — predecessor failed
2026-10-02 04:36:39,253 - inference_perf.datagen.replay.replay_graph_session_datagen - INFO - Event wekatrace132_76ef82400a03738d4f138b163f1890a881c9:event_171_parent_turn_83 skipping — predecessor failed
2026-10-02 04:36:39,253 - inference_perf.datagen.replay.replay_graph_session_datagen - INFO - Event wekatrace132_76ef82400a03738d4f138b163f1890a881c9:event_172_parent_turn_84 skipping — predecessor failed
2026-10-02 04:36:39,253 - inference_perf.datagen.replay.replay_graph_session_datagen - INFO - Event wekatrace132_76ef82400a03738d4f138b163f1890a881c9:event_132_sa_subagent_004_69936f99_s0_turn_24 skipping — predecessor failed
2026-10-02 04:36:39,253 - inference_perf.datagen.replay.replay_graph_session_datagen - INFO - Event wekatrace132_76ef82400a03738d4f138b163f1890a881c9:event_173_parent_turn_85 skipping — predecessor failed
2026-10-02 04:36:39,253 - inference_perf.datagen.replay.replay_graph_session_datagen - INFO - Event wekatrace132_76ef82400a03738d4f138b163f1890a881c9:event_133_sa_subagent_004_69936f99_s0_turn_25 skipping — predecessor failed
2026-10-02 04:36:39,253 - inference_perf.datagen.replay.replay_graph_session_datagen - INFO - Event wekatrace132_76ef82400a03738d4f138b163f1890a881c9:event_174_parent_turn_86 skipping — predecessor failed
2026-10-02 04:36:39,253 - inference_perf.datagen.replay.replay_graph_session_datagen - INFO - Event wekatrace132_76ef82400a03738d4f138b163f1890a881c9:event_134_sa_subagent_004_69936f99_s0_turn_26 skipping — predecessor failed
2026-10-02 04:36:39,254 - inference_perf.datagen.replay.replay_graph_session_datagen - INFO - Event wekatrace132_76ef82400a03738d4f138b163f1890a881c9:event_175_parent_turn_87 skipping — predecessor failed
2026-10-02 04:36:39,254 - inference_perf.datagen.replay.replay_graph_session_datagen - INFO - Event wekatrace132_76ef82400a03738d4f138b163f1890a881c9:event_176_parent_turn_88 skipping — predecessor failed
2026-10-02 04:36:39,254 - inference_perf.datagen.replay.replay_graph_session_datagen - INFO - Event wekatrace132_76ef82400a03738d4f138b163f1890a881c9:event_177_parent_turn_89 skipping — predecessor failed
2026-10-02 04:36:39,254 - inference_perf.datagen.replay.replay_graph_session_datagen - INFO - Event wekatrace132_76ef82400a03738d4f138b163f1890a881c9:event_178_parent_turn_90 skipping — predecessor failed
2026-10-02 04:36:39,254 - inference_perf.datagen.replay.replay_graph_session_datagen - INFO - Event wekatrace132_76ef82400a03738d4f138b163f1890a881c9:event_179_parent_turn_91 skipping — predecessor failed
2026-10-02 04:36:39,254 - inference_perf.datagen.replay.replay_graph_session_datagen - INFO - Event wekatrace132_76ef82400a03738d4f138b163f1890a881c9:event_180_parent_turn_92 skipping — predecessor failed
2026-10-02 04:36:39,254 - inference_perf.datagen.replay.replay_graph_session_datagen - INFO - Event wekatrace132_76ef82400a03738d4f138b163f1890a881c9:event_181_parent_turn_93 skipping — predecessor failed
2026-10-02 04:36:39,255 - inference_perf.datagen.replay.replay_graph_session_datagen - INFO - Event wekatrace132_76ef82400a03738d4f138b163f1890a881c9:event_182_parent_turn_94 skipping — predecessor failed
2026-10-02 04:36:39,255 - inference_perf.datagen.replay.replay_graph_session_datagen - INFO - Event wekatrace132_76ef82400a03738d4f138b163f1890a881c9:event_183_parent_turn_95 skipping — predecessor failed
2026-10-02 04:36:39,255 - inference_perf.datagen.replay.replay_graph_session_datagen - INFO - Event wekatrace132_76ef82400a03738d4f138b163f1890a881c9:event_184_parent_turn_96 skipping — predecessor failed
2026-10-02 04:36:39,255 - inference_perf.datagen.replay.replay_graph_session_datagen - INFO - Event wekatrace132_76ef82400a03738d4f138b163f1890a881c9:event_185_parent_turn_97 skipping — predecessor failed
2026-10-02 04:36:39,255 - inference_perf.datagen.replay.replay_graph_session_datagen - INFO - Event wekatrace132_76ef82400a03738d4f138b163f1890a881c9:event_186_parent_turn_98 skipping — predecessor failed
2026-10-02 04:36:39,255 - inference_perf.datagen.replay.replay_graph_session_datagen - INFO - Event wekatrace132_76ef82400a03738d4f138b163f1890a881c9:event_187_parent_turn_99 skipping — predecessor failed
2026-10-02 04:36:39,255 - inference_perf.datagen.replay.replay_graph_session_datagen - INFO - Event wekatrace132_76ef82400a03738d4f138b163f1890a881c9:event_188_parent_turn_100 skipping — predecessor failed
2026-10-02 04:36:39,255 - inference_perf.datagen.replay.replay_graph_session_datagen - INFO - Event wekatrace132_76ef82400a03738d4f138b163f1890a881c9:event_189_parent_turn_101 skipping — predecessor failed
2026-10-02 04:36:39,255 - inference_perf.datagen.replay.replay_graph_session_datagen - INFO - Event wekatrace132_76ef82400a03738d4f138b163f1890a881c9:event_190_parent_turn_102 skipping — predecessor failed
2026-10-02 04:36:39,256 - inference_perf.datagen.replay.replay_graph_session_datagen - INFO - Event wekatrace132_76ef82400a03738d4f138b163f1890a881c9:event_191_parent_turn_103 skipping — predecessor failed
2026-10-02 04:36:39,256 - inference_perf.datagen.replay.replay_graph_session_datagen - INFO - Event wekatrace132_76ef82400a03738d4f138b163f1890a881c9:event_192_parent_turn_104 skipping — predecessor failed
2026-10-02 04:36:39,256 - inference_perf.datagen.replay.replay_graph_session_datagen - INFO - Event wekatrace132_76ef82400a03738d4f138b163f1890a881c9:event_193_parent_turn_105 skipping — predecessor failed
2026-10-02 04:36:39,256 - inference_perf.datagen.replay.replay_graph_session_datagen - INFO - Event wekatrace132_76ef82400a03738d4f138b163f1890a881c9:event_194_parent_turn_106 skipping — predecessor failed
2026-10-02 04:36:39,256 - inference_perf.datagen.replay.replay_graph_session_datagen - INFO - Event wekatrace132_76ef82400a03738d4f138b163f1890a881c9:event_195_parent_turn_107 skipping — predecessor failed
2026-10-02 04:36:39,256 - inference_perf.datagen.replay.replay_graph_session_datagen - INFO - Event wekatrace132_76ef82400a03738d4f138b163f1890a881c9:event_196_parent_turn_108 skipping — predecessor failed
2026-10-02 04:36:39,256 - inference_perf.datagen.replay.replay_graph_session_datagen - INFO - Event wekatrace132_76ef82400a03738d4f138b163f1890a881c9:event_197_parent_turn_109 skipping — predecessor failed
2026-10-02 04:36:39,256 - inference_perf.datagen.replay.replay_graph_session_datagen - INFO - Event wekatrace132_76ef82400a03738d4f138b163f1890a881c9:event_198_parent_turn_110 skipping — predecessor failed
2026-10-02 04:36:39,257 - inference_perf.datagen.replay.replay_graph_session_datagen - INFO - Event wekatrace132_76ef82400a03738d4f138b163f1890a881c9:event_199_parent_turn_111 skipping — predecessor failed
2026-10-02 04:36:39,257 - inference_perf.datagen.replay.replay_graph_session_datagen - INFO - Event wekatrace132_76ef82400a03738d4f138b163f1890a881c9:event_200_parent_turn_112 skipping — predecessor failed
2026-10-02 04:36:39,257 - inference_perf.datagen.replay.replay_graph_session_datagen - INFO - Event wekatrace132_76ef82400a03738d4f138b163f1890a881c9:event_201_parent_turn_113 skipping — predecessor failed
2026-10-02 04:36:39,257 - inference_perf.datagen.replay.replay_graph_session_datagen - INFO - Event wekatrace132_76ef82400a03738d4f138b163f1890a881c9:event_202_parent_turn_114 skipping — predecessor failed
2026-10-02 04:36:39,257 - inference_perf.datagen.replay.replay_graph_session_datagen - INFO - Event wekatrace132_76ef82400a03738d4f138b163f1890a881c9:event_203_parent_turn_115 skipping — predecessor failed
2026-10-02 04:36:39,257 - inference_perf.datagen.replay.replay_graph_session_datagen - INFO - Event wekatrace132_76ef82400a03738d4f138b163f1890a881c9:event_204_parent_turn_116 skipping — predecessor failed
2026-10-02 04:36:39,258 - inference_perf.datagen.replay.replay_graph_session_datagen - INFO - Event wekatrace132_76ef82400a03738d4f138b163f1890a881c9:event_205_parent_turn_117 skipping — predecessor failed
2026-10-02 04:36:39,258 - inference_perf.datagen.replay.replay_graph_session_datagen - INFO - Event wekatrace132_76ef82400a03738d4f138b163f1890a881c9:event_206_parent_turn_118 skipping — predecessor failed
2026-10-02 04:36:39,258 - inference_perf.datagen.replay.replay_graph_session_datagen - INFO - Event wekatrace132_76ef82400a03738d4f138b163f1890a881c9:event_207_parent_turn_119 skipping — predecessor failed
2026-10-02 04:36:39,258 - inference_perf.datagen.replay.replay_graph_session_datagen - INFO - Event wekatrace132_76ef82400a03738d4f138b163f1890a881c9:event_208_parent_turn_120 skipping — predecessor failed
2026-10-02 04:36:39,258 - inference_perf.datagen.replay.replay_graph_session_datagen - INFO - Event wekatrace132_76ef82400a03738d4f138b163f1890a881c9:event_209_parent_turn_121 skipping — predecessor failed
2026-10-02 04:36:39,258 - inference_perf.datagen.replay.replay_graph_session_datagen - INFO - Event wekatrace132_76ef82400a03738d4f138b163f1890a881c9:event_210_parent_turn_122 skipping — predecessor failed
2026-10-02 04:36:39,259 - inference_perf.datagen.replay.replay_graph_session_datagen - INFO - Event wekatrace132_76ef82400a03738d4f138b163f1890a881c9:event_211_parent_turn_123 skipping — predecessor failed
2026-10-02 04:36:39,259 - inference_perf.datagen.replay.replay_graph_session_datagen - INFO - Event wekatrace132_76ef82400a03738d4f138b163f1890a881c9:event_212_parent_turn_124 skipping — predecessor failed
2026-10-02 04:36:39,259 - inference_perf.datagen.replay.replay_graph_session_datagen - INFO - Event wekatrace132_76ef82400a03738d4f138b163f1890a881c9:event_213_parent_turn_125 skipping — predecessor failed
2026-10-02 04:36:39,259 - inference_perf.datagen.replay.replay_graph_session_datagen - INFO - Event wekatrace132_76ef82400a03738d4f138b163f1890a881c9:event_214_parent_turn_126 skipping — predecessor failed
2026-10-02 04:36:39,259 - inference_perf.datagen.replay.replay_graph_session_datagen - INFO - Event wekatrace132_76ef82400a03738d4f138b163f1890a881c9:event_215_parent_turn_127 skipping — predecessor failed
2026-10-02 04:36:39,259 - inference_perf.datagen.replay.replay_graph_session_datagen - INFO - Event wekatrace132_76ef82400a03738d4f138b163f1890a881c9:event_216_parent_turn_128 skipping — predecessor failed
2026-10-02 04:36:39,259 - inference_perf.datagen.replay.replay_graph_session_datagen - INFO - Event wekatrace132_76ef82400a03738d4f138b163f1890a881c9:event_217_parent_turn_129 skipping — predecessor failed
2026-10-02 04:36:39,260 - inference_perf.datagen.replay.replay_graph_session_datagen - INFO - Event wekatrace132_76ef82400a03738d4f138b163f1890a881c9:event_218_parent_turn_130 skipping — predecessor failed
2026-10-02 04:36:39,260 - inference_perf.datagen.replay.replay_graph_session_datagen - INFO - Event wekatrace132_76ef82400a03738d4f138b163f1890a881c9:event_219_parent_turn_131 skipping — predecessor failed
2026-10-02 04:36:39,260 - inference_perf.datagen.replay.replay_graph_session_datagen - INFO - Event wekatrace132_76ef82400a03738d4f138b163f1890a881c9:event_220_parent_turn_132 skipping — predecessor failed
2026-10-02 04:36:39,260 - inference_perf.datagen.replay.replay_graph_session_datagen - INFO - Event wekatrace132_76ef82400a03738d4f138b163f1890a881c9:event_221_parent_turn_133 skipping — predecessor failed
2026-10-02 04:36:39,260 - inference_perf.datagen.replay.replay_graph_session_datagen - INFO - Event wekatrace132_76ef82400a03738d4f138b163f1890a881c9:event_222_parent_turn_134 skipping — predecessor failed
2026-10-02 04:36:39,260 - inference_perf.datagen.replay.replay_graph_session_datagen - INFO - Event wekatrace132_76ef82400a03738d4f138b163f1890a881c9:event_223_parent_turn_135 skipping — predecessor failed
2026-10-02 04:36:39,260 - inference_perf.datagen.replay.replay_graph_session_datagen - INFO - Event wekatrace132_76ef82400a03738d4f138b163f1890a881c9:event_224_parent_turn_136 skipping — predecessor failed
2026-10-02 04:36:39,261 - inference_perf.datagen.replay.replay_graph_session_datagen - INFO - Event wekatrace132_76ef82400a03738d4f138b163f1890a881c9:event_225_parent_turn_137 skipping — predecessor failed
2026-10-02 04:36:39,261 - inference_perf.datagen.replay.replay_graph_session_datagen - INFO - Event wekatrace132_76ef82400a03738d4f138b163f1890a881c9:event_226_parent_turn_138 skipping — predecessor failed
2026-10-02 04:36:39,261 - inference_perf.datagen.replay.replay_graph_session_datagen - INFO - Event wekatrace132_76ef82400a03738d4f138b163f1890a881c9:event_227_parent_turn_139 skipping — predecessor failed
2026-10-02 04:36:39,261 - inference_perf.datagen.replay.replay_graph_session_datagen - INFO - Event wekatrace132_76ef82400a03738d4f138b163f1890a881c9:event_228_parent_turn_140 skipping — predecessor failed
2026-10-02 04:36:39,261 - inference_perf.datagen.replay.replay_graph_session_datagen - INFO - Event wekatrace132_76ef82400a03738d4f138b163f1890a881c9:event_229_parent_turn_141 skipping — predecessor failed
2026-10-02 04:36:39,261 - inference_perf.datagen.replay.replay_graph_session_datagen - INFO - Event wekatrace132_76ef82400a03738d4f138b163f1890a881c9:event_230_parent_turn_142 skipping — predecessor failed
2026-10-02 04:36:39,261 - inference_perf.datagen.replay.replay_graph_session_datagen - INFO - Event wekatrace132_76ef82400a03738d4f138b163f1890a881c9:event_231_parent_turn_143 skipping — predecessor failed
2026-10-02 04:36:39,262 - inference_perf.datagen.replay.replay_graph_session_datagen - INFO - Event wekatrace132_76ef82400a03738d4f138b163f1890a881c9:event_232_parent_turn_144 skipping — predecessor failed
2026-10-02 04:36:39,262 - inference_perf.datagen.replay.replay_graph_session_datagen - INFO - Event wekatrace132_76ef82400a03738d4f138b163f1890a881c9:event_233_parent_turn_145 skipping — predecessor failed
2026-10-02 04:36:39,262 - inference_perf.datagen.replay.replay_graph_session_datagen - INFO - Event wekatrace132_76ef82400a03738d4f138b163f1890a881c9:event_234_parent_turn_146 skipping — predecessor failed
2026-10-02 04:36:39,262 - inference_perf.datagen.replay.replay_graph_session_datagen - INFO - Event wekatrace132_76ef82400a03738d4f138b163f1890a881c9:event_235_parent_turn_147 skipping — predecessor failed
2026-10-02 04:36:39,262 - inference_perf.datagen.replay.replay_graph_session_datagen - INFO - Event wekatrace132_76ef82400a03738d4f138b163f1890a881c9:event_236_parent_turn_148 skipping — predecessor failed
2026-10-02 04:36:39,262 - inference_perf.datagen.replay.replay_graph_session_datagen - INFO - Event wekatrace132_76ef82400a03738d4f138b163f1890a881c9:event_237_parent_turn_149 skipping — predecessor failed
2026-10-02 04:36:39,262 - inference_perf.datagen.replay.replay_graph_session_datagen - INFO - Event wekatrace132_76ef82400a03738d4f138b163f1890a881c9:event_238_parent_turn_150 skipping — predecessor failed
2026-10-02 04:36:39,262 - inference_perf.datagen.replay.replay_graph_session_datagen - INFO - Event wekatrace132_76ef82400a03738d4f138b163f1890a881c9:event_239_parent_turn_151 skipping — predecessor failed
2026-10-02 04:36:39,263 - inference_perf.datagen.replay.replay_graph_session_datagen - INFO - Event wekatrace132_76ef82400a03738d4f138b163f1890a881c9:event_240_parent_turn_152 skipping — predecessor failed
2026-10-02 04:36:39,263 - inference_perf.datagen.replay.replay_graph_session_datagen - INFO - Event wekatrace132_76ef82400a03738d4f138b163f1890a881c9:event_241_parent_turn_153 skipping — predecessor failed
2026-10-02 04:36:39,263 - inference_perf.datagen.replay.replay_graph_session_datagen - INFO - Event wekatrace132_76ef82400a03738d4f138b163f1890a881c9:event_242_parent_turn_154 skipping — predecessor failed
2026-10-02 04:36:39,263 - inference_perf.datagen.replay.replay_graph_session_datagen - INFO - Event wekatrace132_76ef82400a03738d4f138b163f1890a881c9:event_243_parent_turn_155 skipping — predecessor failed
2026-10-02 04:36:39,263 - inference_perf.datagen.replay.replay_graph_session_datagen - INFO - Event wekatrace132_76ef82400a03738d4f138b163f1890a881c9:event_244_parent_turn_156 skipping — predecessor failed
2026-10-02 04:36:39,263 - inference_perf.datagen.replay.replay_graph_session_datagen - INFO - Event wekatrace132_76ef82400a03738d4f138b163f1890a881c9:event_245_parent_turn_157 skipping — predecessor failed
2026-10-02 04:36:39,263 - inference_perf.datagen.replay.replay_graph_session_datagen - INFO - Event wekatrace132_76ef82400a03738d4f138b163f1890a881c9:event_246_parent_turn_158 skipping — predecessor failed
2026-10-02 04:36:39,263 - inference_perf.datagen.replay.replay_graph_session_datagen - INFO - Event wekatrace132_76ef82400a03738d4f138b163f1890a881c9:event_247_parent_turn_159 skipping — predecessor failed
2026-10-02 04:36:39,263 - inference_perf.datagen.replay.replay_graph_session_datagen - INFO - Event wekatrace132_76ef82400a03738d4f138b163f1890a881c9:event_248_parent_turn_160 skipping — predecessor failed
2026-10-02 04:36:39,263 - inference_perf.datagen.replay.replay_graph_session_datagen - INFO - Event wekatrace132_76ef82400a03738d4f138b163f1890a881c9:event_249_parent_turn_161 skipping — predecessor failed
2026-10-02 04:36:39,264 - inference_perf.datagen.replay.replay_graph_session_datagen - INFO - Event wekatrace132_76ef82400a03738d4f138b163f1890a881c9:event_250_parent_turn_162 skipping — predecessor failed
2026-10-02 04:36:39,264 - inference_perf.datagen.replay.replay_graph_session_datagen - INFO - Event wekatrace132_76ef82400a03738d4f138b163f1890a881c9:event_251_parent_turn_163 skipping — predecessor failed
2026-10-02 04:36:39,264 - inference_perf.datagen.replay.replay_graph_session_datagen - INFO - Event wekatrace132_76ef82400a03738d4f138b163f1890a881c9:event_252_parent_turn_164 skipping — predecessor failed
2026-10-02 04:36:39,264 - inference_perf.datagen.replay.replay_graph_session_datagen - INFO - Event wekatrace132_76ef82400a03738d4f138b163f1890a881c9:event_253_parent_turn_165 skipping — predecessor failed
2026-10-02 04:36:39,264 - inference_perf.datagen.replay.replay_graph_session_datagen - INFO - Event wekatrace132_76ef82400a03738d4f138b163f1890a881c9:event_254_parent_turn_166 skipping — predecessor failed
2026-10-02 04:36:39,264 - inference_perf.datagen.replay.replay_graph_session_datagen - INFO - Event wekatrace132_76ef82400a03738d4f138b163f1890a881c9:event_255_parent_turn_167 skipping — predecessor failed
2026-10-02 04:36:39,264 - inference_perf.datagen.replay.replay_graph_session_datagen - INFO - Event wekatrace132_76ef82400a03738d4f138b163f1890a881c9:event_256_parent_turn_168 skipping — predecessor failed
2026-10-02 04:36:39,264 - inference_perf.datagen.replay.replay_graph_session_datagen - INFO - Event wekatrace132_76ef82400a03738d4f138b163f1890a881c9:event_257_parent_turn_169 skipping — predecessor failed
2026-10-02 04:36:39,264 - inference_perf.datagen.replay.replay_graph_session_datagen - INFO - Event wekatrace132_76ef82400a03738d4f138b163f1890a881c9:event_258_parent_turn_170 skipping — predecessor failed
2026-10-02 04:36:39,264 - inference_perf.datagen.replay.replay_graph_session_datagen - INFO - Event wekatrace132_76ef82400a03738d4f138b163f1890a881c9:event_259_parent_turn_171 skipping — predecessor failed
2026-10-02 04:36:39,264 - inference_perf.datagen.replay.replay_graph_session_datagen - INFO - Event wekatrace132_76ef82400a03738d4f138b163f1890a881c9:event_260_parent_turn_172 skipping — predecessor failed
2026-10-02 04:36:39,265 - inference_perf.datagen.replay.replay_graph_session_datagen - INFO - Event wekatrace132_76ef82400a03738d4f138b163f1890a881c9:event_261_parent_turn_173 skipping — predecessor failed
2026-10-02 04:36:39,265 - inference_perf.datagen.replay.replay_graph_session_datagen - INFO - Event wekatrace132_76ef82400a03738d4f138b163f1890a881c9:event_262_parent_turn_174 skipping — predecessor failed
2026-10-02 04:36:39,265 - inference_perf.datagen.replay.replay_graph_session_datagen - INFO - Event wekatrace132_76ef82400a03738d4f138b163f1890a881c9:event_263_parent_turn_175 skipping — predecessor failed
2026-10-02 04:36:39,265 - inference_perf.datagen.replay.replay_graph_session_datagen - INFO - Event wekatrace132_76ef82400a03738d4f138b163f1890a881c9:event_264_parent_turn_176 skipping — predecessor failed
2026-10-02 04:36:39,265 - inference_perf.datagen.replay.replay_graph_session_datagen - INFO - Event wekatrace132_76ef82400a03738d4f138b163f1890a881c9:event_265_parent_turn_177 skipping — predecessor failed
2026-10-02 04:36:56,233 - inference_perf.datagen.replay.replay_graph_session_datagen - ERROR - Request failed for event wekatrace135_7914626c2fc4027b8c3006f4a05e63c8d395:event_004_parent_turn_4: TimeoutError: 
2026-10-02 04:36:56,235 - inference_perf.datagen.replay.replay_graph_session_datagen - INFO - Session wekatrace135_7914626c2fc4027b8c3006f4a05e63c8d395 failure notification sent to main process (cancelled_events=28)
2026-10-02 04:36:56,235 - inference_perf.client.modelserver.openai_client - ERROR - 
Traceback (most recent call last):
  File "/workspace/.venv/lib/python3.12/site-packages/aiohttp/streams.py", line 365, in _wait
    await waiter
asyncio.exceptions.CancelledError

The above exception was the direct cause of the following exception:

Traceback (most recent call last):
  File "/workspace/inference_perf/apis/streaming_parser.py", line 84, in parse_sse_stream
    async for chunk in response.content.iter_any():
  File "/workspace/.venv/lib/python3.12/site-packages/aiohttp/streams.py", line 46, in __anext__
    rv = await self.read_func()
         ^^^^^^^^^^^^^^^^^^^^^^
  File "/workspace/.venv/lib/python3.12/site-packages/aiohttp/streams.py", line 460, in readany
    await self._wait("readany")
  File "/workspace/.venv/lib/python3.12/site-packages/aiohttp/streams.py", line 364, in _wait
    with self._timer:
         ^^^^^^^^^^^
  File "/workspace/.venv/lib/python3.12/site-packages/aiohttp/helpers.py", line 759, in __exit__
    raise asyncio.TimeoutError from exc_val
TimeoutError

The above exception was the direct cause of the following exception:

Traceback (most recent call last):
  File "/workspace/inference_perf/client/modelserver/openai_client.py", line 557, in process_request
    info = await data.process_response(
           ^^^^^^^^^^^^^^^^^^^^^^^^^^^^
  File "/workspace/inference_perf/datagen/replay/replay_graph_session_datagen.py", line 1039, in process_response
    text_content, chunk_times, raw_content, response_chunks, server_usage = await parse_sse_stream(
                                                                            ^^^^^^^^^^^^^^^^^^^^^^^
  File "/workspace/inference_perf/apis/streaming_parser.py", line 119, in parse_sse_stream
    raise StreamInterruptedError(e, raw_content.decode("utf-8", errors="ignore")) from e
inference_perf.apis.streaming_parser.StreamInterruptedError
2026-10-02 04:36:56,240 - inference_perf.datagen.replay.replay_graph_session_datagen - INFO - Event wekatrace135_7914626c2fc4027b8c3006f4a05e63c8d395:event_005_parent_turn_5 skipping — predecessor failed
2026-10-02 04:36:56,241 - inference_perf.datagen.replay.replay_graph_session_datagen - INFO - Dispatching session wekatrace0_00e7d11db2db59f44a87b4110175b11d1af3: 32 events
2026-10-02 04:36:56,242 - inference_perf.datagen.replay.replay_graph_session_datagen - INFO - Event wekatrace135_7914626c2fc4027b8c3006f4a05e63c8d395:event_006_parent_turn_6 skipping — predecessor failed
2026-10-02 04:36:56,242 - inference_perf.datagen.replay.replay_graph_session_datagen - INFO - Event wekatrace135_7914626c2fc4027b8c3006f4a05e63c8d395:event_007_parent_turn_7 skipping — predecessor failed
2026-10-02 04:36:56,242 - inference_perf.datagen.replay.replay_graph_session_datagen - INFO - Event wekatrace135_7914626c2fc4027b8c3006f4a05e63c8d395:event_008_parent_turn_8 skipping — predecessor failed
2026-10-02 04:36:56,242 - inference_perf.datagen.replay.replay_graph_session_datagen - INFO - Event wekatrace135_7914626c2fc4027b8c3006f4a05e63c8d395:event_009_parent_turn_9 skipping — predecessor failed
2026-10-02 04:36:56,242 - inference_perf.datagen.replay.replay_graph_session_datagen - INFO - Event wekatrace135_7914626c2fc4027b8c3006f4a05e63c8d395:event_010_parent_turn_10 skipping — predecessor failed
2026-10-02 04:36:56,243 - inference_perf.datagen.replay.replay_graph_session_datagen - INFO - Event wekatrace135_7914626c2fc4027b8c3006f4a05e63c8d395:event_011_parent_turn_11 skipping — predecessor failed
2026-10-02 04:36:56,243 - inference_perf.datagen.replay.replay_graph_session_datagen - INFO - Event wekatrace135_7914626c2fc4027b8c3006f4a05e63c8d395:event_012_parent_turn_12 skipping — predecessor failed
2026-10-02 04:36:56,243 - inference_perf.datagen.replay.replay_graph_session_datagen - INFO - Event wekatrace135_7914626c2fc4027b8c3006f4a05e63c8d395:event_013_parent_turn_13 skipping — predecessor failed
2026-10-02 04:36:56,243 - inference_perf.datagen.replay.replay_graph_session_datagen - INFO - Event wekatrace135_7914626c2fc4027b8c3006f4a05e63c8d395:event_014_parent_turn_14 skipping — predecessor failed
2026-10-02 04:36:56,243 - inference_perf.datagen.replay.replay_graph_session_datagen - INFO - Event wekatrace135_7914626c2fc4027b8c3006f4a05e63c8d395:event_015_parent_turn_15 skipping — predecessor failed
2026-10-02 04:36:56,243 - inference_perf.datagen.replay.replay_graph_session_datagen - INFO - Event wekatrace135_7914626c2fc4027b8c3006f4a05e63c8d395:event_016_parent_turn_16 skipping — predecessor failed
2026-10-02 04:36:56,243 - inference_perf.datagen.replay.replay_graph_session_datagen - INFO - Event wekatrace135_7914626c2fc4027b8c3006f4a05e63c8d395:event_017_parent_turn_17 skipping — predecessor failed
2026-10-02 04:36:56,243 - inference_perf.datagen.replay.replay_graph_session_datagen - INFO - Event wekatrace135_7914626c2fc4027b8c3006f4a05e63c8d395:event_018_parent_turn_18 skipping — predecessor failed
2026-10-02 04:36:56,243 - inference_perf.datagen.replay.replay_graph_session_datagen - INFO - Event wekatrace135_7914626c2fc4027b8c3006f4a05e63c8d395:event_019_parent_turn_19 skipping — predecessor failed
2026-10-02 04:36:56,244 - inference_perf.datagen.replay.replay_graph_session_datagen - INFO - Event wekatrace135_7914626c2fc4027b8c3006f4a05e63c8d395:event_020_parent_turn_20 skipping — predecessor failed
2026-10-02 04:36:56,244 - inference_perf.datagen.replay.replay_graph_session_datagen - INFO - Event wekatrace135_7914626c2fc4027b8c3006f4a05e63c8d395:event_021_parent_turn_21 skipping — predecessor failed
2026-10-02 04:36:56,244 - inference_perf.datagen.replay.replay_graph_session_datagen - INFO - Event wekatrace135_7914626c2fc4027b8c3006f4a05e63c8d395:event_022_parent_turn_22 skipping — predecessor failed
2026-10-02 04:36:56,244 - inference_perf.datagen.replay.replay_graph_session_datagen - INFO - Event wekatrace135_7914626c2fc4027b8c3006f4a05e63c8d395:event_023_parent_turn_23 skipping — predecessor failed
2026-10-02 04:36:56,244 - inference_perf.datagen.replay.replay_graph_session_datagen - INFO - Event wekatrace135_7914626c2fc4027b8c3006f4a05e63c8d395:event_024_parent_turn_24 skipping — predecessor failed
2026-10-02 04:36:56,244 - inference_perf.datagen.replay.replay_graph_session_datagen - INFO - Event wekatrace135_7914626c2fc4027b8c3006f4a05e63c8d395:event_025_parent_turn_25 skipping — predecessor failed
2026-10-02 04:36:56,244 - inference_perf.datagen.replay.replay_graph_session_datagen - INFO - Event wekatrace135_7914626c2fc4027b8c3006f4a05e63c8d395:event_026_parent_turn_26 skipping — predecessor failed
2026-10-02 04:36:56,244 - inference_perf.datagen.replay.replay_graph_session_datagen - INFO - Event wekatrace135_7914626c2fc4027b8c3006f4a05e63c8d395:event_027_parent_turn_27 skipping — predecessor failed
2026-10-02 04:36:56,245 - inference_perf.datagen.replay.replay_graph_session_datagen - INFO - Event wekatrace135_7914626c2fc4027b8c3006f4a05e63c8d395:event_028_parent_turn_28 skipping — predecessor failed
2026-10-02 04:36:56,245 - inference_perf.datagen.replay.replay_graph_session_datagen - INFO - Event wekatrace135_7914626c2fc4027b8c3006f4a05e63c8d395:event_029_parent_turn_29 skipping — predecessor failed
2026-10-02 04:36:56,245 - inference_perf.datagen.replay.replay_graph_session_datagen - INFO - Event wekatrace135_7914626c2fc4027b8c3006f4a05e63c8d395:event_030_parent_turn_30 skipping — predecessor failed
2026-10-02 04:36:56,245 - inference_perf.datagen.replay.replay_graph_session_datagen - INFO - Event wekatrace135_7914626c2fc4027b8c3006f4a05e63c8d395:event_031_parent_turn_31 skipping — predecessor failed
2026-10-02 04:36:56,245 - inference_perf.datagen.replay.replay_graph_session_datagen - INFO - Event wekatrace135_7914626c2fc4027b8c3006f4a05e63c8d395:event_032_parent_turn_32 skipping — predecessor failed
2026-10-02 04:37:08,233 - inference_perf.datagen.replay.replay_graph_session_datagen - ERROR - Request failed for event wekatrace181_999eea8a292a67475f955dd8f074dd4e413e:event_003_parent_turn_3: TimeoutError: 
2026-10-02 04:37:08,234 - inference_perf.datagen.replay.replay_graph_session_datagen - INFO - Session wekatrace181_999eea8a292a67475f955dd8f074dd4e413e failure notification sent to main process (cancelled_events=77)
2026-10-02 04:37:08,234 - inference_perf.client.modelserver.openai_client - ERROR - 
Traceback (most recent call last):
  File "/workspace/.venv/lib/python3.12/site-packages/aiohttp/streams.py", line 365, in _wait
    await waiter
asyncio.exceptions.CancelledError

The above exception was the direct cause of the following exception:

Traceback (most recent call last):
  File "/workspace/inference_perf/apis/streaming_parser.py", line 84, in parse_sse_stream
    async for chunk in response.content.iter_any():
  File "/workspace/.venv/lib/python3.12/site-packages/aiohttp/streams.py", line 46, in __anext__
    rv = await self.read_func()
         ^^^^^^^^^^^^^^^^^^^^^^
  File "/workspace/.venv/lib/python3.12/site-packages/aiohttp/streams.py", line 460, in readany
    await self._wait("readany")
  File "/workspace/.venv/lib/python3.12/site-packages/aiohttp/streams.py", line 364, in _wait
    with self._timer:
         ^^^^^^^^^^^
  File "/workspace/.venv/lib/python3.12/site-packages/aiohttp/helpers.py", line 759, in __exit__
    raise asyncio.TimeoutError from exc_val
TimeoutError

The above exception was the direct cause of the following exception:

Traceback (most recent call last):
  File "/workspace/inference_perf/client/modelserver/openai_client.py", line 557, in process_request
    info = await data.process_response(
           ^^^^^^^^^^^^^^^^^^^^^^^^^^^^
  File "/workspace/inference_perf/datagen/replay/replay_graph_session_datagen.py", line 1039, in process_response
    text_content, chunk_times, raw_content, response_chunks, server_usage = await parse_sse_stream(
                                                                            ^^^^^^^^^^^^^^^^^^^^^^^
  File "/workspace/inference_perf/apis/streaming_parser.py", line 119, in parse_sse_stream
    raise StreamInterruptedError(e, raw_content.decode("utf-8", errors="ignore")) from e
inference_perf.apis.streaming_parser.StreamInterruptedError
2026-10-02 04:37:08,235 - inference_perf.datagen.replay.replay_graph_session_datagen - INFO - Event wekatrace181_999eea8a292a67475f955dd8f074dd4e413e:event_004_parent_turn_4 skipping — predecessor failed
2026-10-02 04:37:08,236 - inference_perf.datagen.replay.replay_graph_session_datagen - INFO - Event wekatrace181_999eea8a292a67475f955dd8f074dd4e413e:event_005_parent_turn_5 skipping — predecessor failed
2026-10-02 04:37:08,236 - inference_perf.datagen.replay.replay_graph_session_datagen - INFO - Event wekatrace181_999eea8a292a67475f955dd8f074dd4e413e:event_006_parent_turn_6 skipping — predecessor failed
2026-10-02 04:37:08,236 - inference_perf.datagen.replay.replay_graph_session_datagen - INFO - Event wekatrace181_999eea8a292a67475f955dd8f074dd4e413e:event_007_parent_turn_7 skipping — predecessor failed
2026-10-02 04:37:08,236 - inference_perf.datagen.replay.replay_graph_session_datagen - INFO - Event wekatrace181_999eea8a292a67475f955dd8f074dd4e413e:event_008_parent_turn_8 skipping — predecessor failed
2026-10-02 04:37:08,236 - inference_perf.datagen.replay.replay_graph_session_datagen - INFO - Event wekatrace181_999eea8a292a67475f955dd8f074dd4e413e:event_009_parent_turn_9 skipping — predecessor failed
2026-10-02 04:37:08,237 - inference_perf.datagen.replay.replay_graph_session_datagen - INFO - Event wekatrace181_999eea8a292a67475f955dd8f074dd4e413e:event_010_parent_turn_10 skipping — predecessor failed
2026-10-02 04:37:08,237 - inference_perf.datagen.replay.replay_graph_session_datagen - INFO - Event wekatrace181_999eea8a292a67475f955dd8f074dd4e413e:event_011_parent_turn_11 skipping — predecessor failed
2026-10-02 04:37:08,237 - inference_perf.datagen.replay.replay_graph_session_datagen - INFO - Event wekatrace181_999eea8a292a67475f955dd8f074dd4e413e:event_012_sa_subagent_001_e71e0e9e_s0_turn_0 skipping — predecessor failed
2026-10-02 04:37:08,237 - inference_perf.datagen.replay.replay_graph_session_datagen - INFO - Event wekatrace181_999eea8a292a67475f955dd8f074dd4e413e:event_020_parent_turn_12 skipping — predecessor failed
2026-10-02 04:37:08,237 - inference_perf.datagen.replay.replay_graph_session_datagen - INFO - Event wekatrace181_999eea8a292a67475f955dd8f074dd4e413e:event_013_sa_subagent_001_e71e0e9e_s0_turn_1 skipping — predecessor failed
2026-10-02 04:37:08,237 - inference_perf.datagen.replay.replay_graph_session_datagen - INFO - Event wekatrace181_999eea8a292a67475f955dd8f074dd4e413e:event_021_parent_turn_13 skipping — predecessor failed
2026-10-02 04:37:08,238 - inference_perf.datagen.replay.replay_graph_session_datagen - INFO - Event wekatrace181_999eea8a292a67475f955dd8f074dd4e413e:event_014_sa_subagent_001_e71e0e9e_s0_turn_2 skipping — predecessor failed
2026-10-02 04:37:08,238 - inference_perf.datagen.replay.replay_graph_session_datagen - INFO - Event wekatrace181_999eea8a292a67475f955dd8f074dd4e413e:event_022_parent_turn_14 skipping — predecessor failed
2026-10-02 04:37:08,238 - inference_perf.datagen.replay.replay_graph_session_datagen - INFO - Event wekatrace181_999eea8a292a67475f955dd8f074dd4e413e:event_023_parent_turn_15 skipping — predecessor failed
2026-10-02 04:37:08,238 - inference_perf.datagen.replay.replay_graph_session_datagen - INFO - Event wekatrace181_999eea8a292a67475f955dd8f074dd4e413e:event_024_parent_turn_16 skipping — predecessor failed
2026-10-02 04:37:08,239 - inference_perf.datagen.replay.replay_graph_session_datagen - INFO - Event wekatrace181_999eea8a292a67475f955dd8f074dd4e413e:event_025_parent_turn_17 skipping — predecessor failed
2026-10-02 04:37:08,240 - inference_perf.datagen.replay.replay_graph_session_datagen - INFO - Event wekatrace181_999eea8a292a67475f955dd8f074dd4e413e:event_015_sa_subagent_001_e71e0e9e_s0_turn_3 skipping — predecessor failed
2026-10-02 04:37:08,240 - inference_perf.datagen.replay.replay_graph_session_datagen - INFO - Event wekatrace181_999eea8a292a67475f955dd8f074dd4e413e:event_026_parent_turn_18 skipping — predecessor failed
2026-10-02 04:37:08,240 - inference_perf.datagen.replay.replay_graph_session_datagen - INFO - Event wekatrace181_999eea8a292a67475f955dd8f074dd4e413e:event_027_parent_turn_19 skipping — predecessor failed
2026-10-02 04:37:08,240 - inference_perf.datagen.replay.replay_graph_session_datagen - INFO - Event wekatrace181_999eea8a292a67475f955dd8f074dd4e413e:event_028_parent_turn_20 skipping — predecessor failed
2026-10-02 04:37:08,240 - inference_perf.datagen.replay.replay_graph_session_datagen - INFO - Event wekatrace181_999eea8a292a67475f955dd8f074dd4e413e:event_016_sa_subagent_002_b01d6154_s0_turn_0 skipping — predecessor failed
2026-10-02 04:37:08,241 - inference_perf.datagen.replay.replay_graph_session_datagen - INFO - Event wekatrace181_999eea8a292a67475f955dd8f074dd4e413e:event_029_parent_turn_21 skipping — predecessor failed
2026-10-02 04:37:08,241 - inference_perf.datagen.replay.replay_graph_session_datagen - INFO - Event wekatrace181_999eea8a292a67475f955dd8f074dd4e413e:event_030_parent_turn_22 skipping — predecessor failed
2026-10-02 04:37:08,241 - inference_perf.datagen.replay.replay_graph_session_datagen - INFO - Event wekatrace181_999eea8a292a67475f955dd8f074dd4e413e:event_017_sa_subagent_002_b01d6154_s0_turn_1 skipping — predecessor failed
2026-10-02 04:37:08,241 - inference_perf.datagen.replay.replay_graph_session_datagen - INFO - Event wekatrace181_999eea8a292a67475f955dd8f074dd4e413e:event_031_parent_turn_23 skipping — predecessor failed
2026-10-02 04:37:08,241 - inference_perf.datagen.replay.replay_graph_session_datagen - INFO - Event wekatrace181_999eea8a292a67475f955dd8f074dd4e413e:event_032_parent_turn_24 skipping — predecessor failed
2026-10-02 04:37:08,241 - inference_perf.datagen.replay.replay_graph_session_datagen - INFO - Event wekatrace181_999eea8a292a67475f955dd8f074dd4e413e:event_033_parent_turn_25 skipping — predecessor failed
2026-10-02 04:37:08,241 - inference_perf.datagen.replay.replay_graph_session_datagen - INFO - Event wekatrace181_999eea8a292a67475f955dd8f074dd4e413e:event_034_parent_turn_26 skipping — predecessor failed
2026-10-02 04:37:08,241 - inference_perf.datagen.replay.replay_graph_session_datagen - INFO - Event wekatrace181_999eea8a292a67475f955dd8f074dd4e413e:event_018_sa_subagent_002_b01d6154_s0_turn_2 skipping — predecessor failed
2026-10-02 04:37:08,242 - inference_perf.datagen.replay.replay_graph_session_datagen - INFO - Event wekatrace181_999eea8a292a67475f955dd8f074dd4e413e:event_035_parent_turn_27 skipping — predecessor failed
2026-10-02 04:37:08,242 - inference_perf.datagen.replay.replay_graph_session_datagen - INFO - Event wekatrace181_999eea8a292a67475f955dd8f074dd4e413e:event_036_parent_turn_28 skipping — predecessor failed
2026-10-02 04:37:08,242 - inference_perf.datagen.replay.replay_graph_session_datagen - INFO - Event wekatrace181_999eea8a292a67475f955dd8f074dd4e413e:event_019_sa_subagent_002_b01d6154_s0_turn_3 skipping — predecessor failed
2026-10-02 04:37:08,242 - inference_perf.datagen.replay.replay_graph_session_datagen - INFO - Event wekatrace181_999eea8a292a67475f955dd8f074dd4e413e:event_037_parent_turn_29 skipping — predecessor failed
2026-10-02 04:37:08,242 - inference_perf.datagen.replay.replay_graph_session_datagen - INFO - Event wekatrace181_999eea8a292a67475f955dd8f074dd4e413e:event_038_parent_turn_30 skipping — predecessor failed
2026-10-02 04:37:08,242 - inference_perf.datagen.replay.replay_graph_session_datagen - INFO - Event wekatrace181_999eea8a292a67475f955dd8f074dd4e413e:event_039_parent_turn_31 skipping — predecessor failed
2026-10-02 04:37:08,242 - inference_perf.datagen.replay.replay_graph_session_datagen - INFO - Event wekatrace181_999eea8a292a67475f955dd8f074dd4e413e:event_040_parent_turn_32 skipping — predecessor failed
2026-10-02 04:37:08,243 - inference_perf.datagen.replay.replay_graph_session_datagen - INFO - Event wekatrace181_999eea8a292a67475f955dd8f074dd4e413e:event_041_parent_turn_33 skipping — predecessor failed
2026-10-02 04:37:08,243 - inference_perf.datagen.replay.replay_graph_session_datagen - INFO - Event wekatrace181_999eea8a292a67475f955dd8f074dd4e413e:event_042_parent_turn_34 skipping — predecessor failed
2026-10-02 04:37:08,243 - inference_perf.datagen.replay.replay_graph_session_datagen - INFO - Event wekatrace181_999eea8a292a67475f955dd8f074dd4e413e:event_043_parent_turn_35 skipping — predecessor failed
2026-10-02 04:37:08,243 - inference_perf.datagen.replay.replay_graph_session_datagen - INFO - Event wekatrace181_999eea8a292a67475f955dd8f074dd4e413e:event_044_parent_turn_36 skipping — predecessor failed
2026-10-02 04:37:08,243 - inference_perf.datagen.replay.replay_graph_session_datagen - INFO - Event wekatrace181_999eea8a292a67475f955dd8f074dd4e413e:event_045_parent_turn_37 skipping — predecessor failed
2026-10-02 04:37:08,243 - inference_perf.datagen.replay.replay_graph_session_datagen - INFO - Event wekatrace181_999eea8a292a67475f955dd8f074dd4e413e:event_046_parent_turn_38 skipping — predecessor failed
2026-10-02 04:37:08,243 - inference_perf.datagen.replay.replay_graph_session_datagen - INFO - Event wekatrace181_999eea8a292a67475f955dd8f074dd4e413e:event_047_parent_turn_39 skipping — predecessor failed
2026-10-02 04:37:08,243 - inference_perf.datagen.replay.replay_graph_session_datagen - INFO - Event wekatrace181_999eea8a292a67475f955dd8f074dd4e413e:event_048_parent_turn_40 skipping — predecessor failed
2026-10-02 04:37:08,244 - inference_perf.datagen.replay.replay_graph_session_datagen - INFO - Event wekatrace181_999eea8a292a67475f955dd8f074dd4e413e:event_049_parent_turn_41 skipping — predecessor failed
2026-10-02 04:37:08,244 - inference_perf.datagen.replay.replay_graph_session_datagen - INFO - Event wekatrace181_999eea8a292a67475f955dd8f074dd4e413e:event_050_parent_turn_42 skipping — predecessor failed
2026-10-02 04:37:08,244 - inference_perf.datagen.replay.replay_graph_session_datagen - INFO - Event wekatrace181_999eea8a292a67475f955dd8f074dd4e413e:event_051_parent_turn_43 skipping — predecessor failed
2026-10-02 04:37:08,244 - inference_perf.datagen.replay.replay_graph_session_datagen - INFO - Event wekatrace181_999eea8a292a67475f955dd8f074dd4e413e:event_052_parent_turn_44 skipping — predecessor failed
2026-10-02 04:37:08,244 - inference_perf.datagen.replay.replay_graph_session_datagen - INFO - Event wekatrace181_999eea8a292a67475f955dd8f074dd4e413e:event_053_parent_turn_45 skipping — predecessor failed
2026-10-02 04:37:08,244 - inference_perf.datagen.replay.replay_graph_session_datagen - INFO - Event wekatrace181_999eea8a292a67475f955dd8f074dd4e413e:event_054_parent_turn_46 skipping — predecessor failed
2026-10-02 04:37:08,244 - inference_perf.datagen.replay.replay_graph_session_datagen - INFO - Event wekatrace181_999eea8a292a67475f955dd8f074dd4e413e:event_055_parent_turn_47 skipping — predecessor failed
2026-10-02 04:37:08,244 - inference_perf.datagen.replay.replay_graph_session_datagen - INFO - Event wekatrace181_999eea8a292a67475f955dd8f074dd4e413e:event_056_parent_turn_48 skipping — predecessor failed
2026-10-02 04:37:08,245 - inference_perf.datagen.replay.replay_graph_session_datagen - INFO - Event wekatrace181_999eea8a292a67475f955dd8f074dd4e413e:event_057_parent_turn_49 skipping — predecessor failed
2026-10-02 04:37:08,245 - inference_perf.datagen.replay.replay_graph_session_datagen - INFO - Event wekatrace181_999eea8a292a67475f955dd8f074dd4e413e:event_058_parent_turn_50 skipping — predecessor failed
2026-10-02 04:37:08,245 - inference_perf.datagen.replay.replay_graph_session_datagen - INFO - Event wekatrace181_999eea8a292a67475f955dd8f074dd4e413e:event_059_parent_turn_51 skipping — predecessor failed
2026-10-02 04:37:08,245 - inference_perf.datagen.replay.replay_graph_session_datagen - INFO - Event wekatrace181_999eea8a292a67475f955dd8f074dd4e413e:event_060_parent_turn_52 skipping — predecessor failed
2026-10-02 04:37:08,245 - inference_perf.datagen.replay.replay_graph_session_datagen - INFO - Event wekatrace181_999eea8a292a67475f955dd8f074dd4e413e:event_061_parent_turn_53 skipping — predecessor failed
2026-10-02 04:37:08,245 - inference_perf.datagen.replay.replay_graph_session_datagen - INFO - Event wekatrace181_999eea8a292a67475f955dd8f074dd4e413e:event_062_parent_turn_54 skipping — predecessor failed
2026-10-02 04:37:08,245 - inference_perf.datagen.replay.replay_graph_session_datagen - INFO - Event wekatrace181_999eea8a292a67475f955dd8f074dd4e413e:event_063_parent_turn_55 skipping — predecessor failed
2026-10-02 04:37:08,245 - inference_perf.datagen.replay.replay_graph_session_datagen - INFO - Event wekatrace181_999eea8a292a67475f955dd8f074dd4e413e:event_064_parent_turn_56 skipping — predecessor failed
2026-10-02 04:37:08,246 - inference_perf.datagen.replay.replay_graph_session_datagen - INFO - Event wekatrace181_999eea8a292a67475f955dd8f074dd4e413e:event_065_parent_turn_57 skipping — predecessor failed
2026-10-02 04:37:08,246 - inference_perf.datagen.replay.replay_graph_session_datagen - INFO - Event wekatrace181_999eea8a292a67475f955dd8f074dd4e413e:event_066_parent_turn_58 skipping — predecessor failed
2026-10-02 04:37:08,246 - inference_perf.datagen.replay.replay_graph_session_datagen - INFO - Event wekatrace181_999eea8a292a67475f955dd8f074dd4e413e:event_067_parent_turn_59 skipping — predecessor failed
2026-10-02 04:37:08,246 - inference_perf.datagen.replay.replay_graph_session_datagen - INFO - Event wekatrace181_999eea8a292a67475f955dd8f074dd4e413e:event_068_parent_turn_60 skipping — predecessor failed
2026-10-02 04:37:08,246 - inference_perf.datagen.replay.replay_graph_session_datagen - INFO - Event wekatrace181_999eea8a292a67475f955dd8f074dd4e413e:event_069_parent_turn_61 skipping — predecessor failed
2026-10-02 04:37:08,246 - inference_perf.datagen.replay.replay_graph_session_datagen - INFO - Event wekatrace181_999eea8a292a67475f955dd8f074dd4e413e:event_070_parent_turn_62 skipping — predecessor failed
2026-10-02 04:37:08,246 - inference_perf.datagen.replay.replay_graph_session_datagen - INFO - Event wekatrace181_999eea8a292a67475f955dd8f074dd4e413e:event_071_parent_turn_63 skipping — predecessor failed
2026-10-02 04:37:08,247 - inference_perf.datagen.replay.replay_graph_session_datagen - INFO - Event wekatrace181_999eea8a292a67475f955dd8f074dd4e413e:event_072_parent_turn_64 skipping — predecessor failed
2026-10-02 04:37:08,247 - inference_perf.datagen.replay.replay_graph_session_datagen - INFO - Event wekatrace181_999eea8a292a67475f955dd8f074dd4e413e:event_073_parent_turn_65 skipping — predecessor failed
2026-10-02 04:37:08,247 - inference_perf.datagen.replay.replay_graph_session_datagen - INFO - Event wekatrace181_999eea8a292a67475f955dd8f074dd4e413e:event_074_parent_turn_66 skipping — predecessor failed
2026-10-02 04:37:08,247 - inference_perf.datagen.replay.replay_graph_session_datagen - INFO - Event wekatrace181_999eea8a292a67475f955dd8f074dd4e413e:event_075_parent_turn_67 skipping — predecessor failed
2026-10-02 04:37:08,247 - inference_perf.datagen.replay.replay_graph_session_datagen - INFO - Event wekatrace181_999eea8a292a67475f955dd8f074dd4e413e:event_076_parent_turn_68 skipping — predecessor failed
2026-10-02 04:37:08,248 - inference_perf.datagen.replay.replay_graph_session_datagen - INFO - Event wekatrace181_999eea8a292a67475f955dd8f074dd4e413e:event_077_parent_turn_69 skipping — predecessor failed
2026-10-02 04:37:08,248 - inference_perf.datagen.replay.replay_graph_session_datagen - INFO - Event wekatrace181_999eea8a292a67475f955dd8f074dd4e413e:event_078_parent_turn_70 skipping — predecessor failed
2026-10-02 04:37:08,248 - inference_perf.datagen.replay.replay_graph_session_datagen - INFO - Event wekatrace181_999eea8a292a67475f955dd8f074dd4e413e:event_079_parent_turn_71 skipping — predecessor failed
2026-10-02 04:37:08,248 - inference_perf.datagen.replay.replay_graph_session_datagen - INFO - Event wekatrace181_999eea8a292a67475f955dd8f074dd4e413e:event_080_parent_turn_72 skipping — predecessor failed
2026-10-02 04:37:08,255 - inference_perf.datagen.replay.replay_graph_session_datagen - INFO - Dispatching session wekatrace77_426c4b7df9d42462caa3e7b5c230b162bf1c: 61 events
2026-10-02 04:37:29,233 - inference_perf.datagen.replay.replay_graph_session_datagen - ERROR - Request failed for event wekatrace335_fe5ce39a5dc42b851ce91a792d3d628d92c1:event_006_parent_turn_6: TimeoutError: 
2026-10-02 04:37:29,233 - inference_perf.datagen.replay.replay_graph_session_datagen - INFO - Session wekatrace335_fe5ce39a5dc42b851ce91a792d3d628d92c1 failure notification sent to main process (cancelled_events=17)
2026-10-02 04:37:29,234 - inference_perf.client.modelserver.openai_client - ERROR - 
Traceback (most recent call last):
  File "/workspace/.venv/lib/python3.12/site-packages/aiohttp/streams.py", line 365, in _wait
    await waiter
asyncio.exceptions.CancelledError

The above exception was the direct cause of the following exception:

Traceback (most recent call last):
  File "/workspace/inference_perf/apis/streaming_parser.py", line 84, in parse_sse_stream
    async for chunk in response.content.iter_any():
  File "/workspace/.venv/lib/python3.12/site-packages/aiohttp/streams.py", line 46, in __anext__
    rv = await self.read_func()
         ^^^^^^^^^^^^^^^^^^^^^^
  File "/workspace/.venv/lib/python3.12/site-packages/aiohttp/streams.py", line 460, in readany
    await self._wait("readany")
  File "/workspace/.venv/lib/python3.12/site-packages/aiohttp/streams.py", line 364, in _wait
    with self._timer:
         ^^^^^^^^^^^
  File "/workspace/.venv/lib/python3.12/site-packages/aiohttp/helpers.py", line 759, in __exit__
    raise asyncio.TimeoutError from exc_val
TimeoutError

The above exception was the direct cause of the following exception:

Traceback (most recent call last):
  File "/workspace/inference_perf/client/modelserver/openai_client.py", line 557, in process_request
    info = await data.process_response(
           ^^^^^^^^^^^^^^^^^^^^^^^^^^^^
  File "/workspace/inference_perf/datagen/replay/replay_graph_session_datagen.py", line 1039, in process_response
    text_content, chunk_times, raw_content, response_chunks, server_usage = await parse_sse_stream(
                                                                            ^^^^^^^^^^^^^^^^^^^^^^^
  File "/workspace/inference_perf/apis/streaming_parser.py", line 119, in parse_sse_stream
    raise StreamInterruptedError(e, raw_content.decode("utf-8", errors="ignore")) from e
inference_perf.apis.streaming_parser.StreamInterruptedError
2026-10-02 04:37:29,235 - inference_perf.datagen.replay.replay_graph_session_datagen - INFO - Event wekatrace335_fe5ce39a5dc42b851ce91a792d3d628d92c1:event_007_parent_turn_7 skipping — predecessor failed
2026-10-02 04:37:29,236 - inference_perf.datagen.replay.replay_graph_session_datagen - INFO - Event wekatrace335_fe5ce39a5dc42b851ce91a792d3d628d92c1:event_008_parent_turn_8 skipping — predecessor failed
2026-10-02 04:37:29,237 - inference_perf.datagen.replay.replay_graph_session_datagen - INFO - Event wekatrace335_fe5ce39a5dc42b851ce91a792d3d628d92c1:event_009_parent_turn_9 skipping — predecessor failed
2026-10-02 04:37:29,237 - inference_perf.datagen.replay.replay_graph_session_datagen - INFO - Event wekatrace335_fe5ce39a5dc42b851ce91a792d3d628d92c1:event_010_parent_turn_10 skipping — predecessor failed
2026-10-02 04:37:29,237 - inference_perf.datagen.replay.replay_graph_session_datagen - INFO - Event wekatrace335_fe5ce39a5dc42b851ce91a792d3d628d92c1:event_011_parent_turn_11 skipping — predecessor failed
2026-10-02 04:37:29,237 - inference_perf.datagen.replay.replay_graph_session_datagen - INFO - Event wekatrace335_fe5ce39a5dc42b851ce91a792d3d628d92c1:event_012_parent_turn_12 skipping — predecessor failed
2026-10-02 04:37:29,237 - inference_perf.datagen.replay.replay_graph_session_datagen - INFO - Event wekatrace335_fe5ce39a5dc42b851ce91a792d3d628d92c1:event_013_parent_turn_13 skipping — predecessor failed
2026-10-02 04:37:29,237 - inference_perf.datagen.replay.replay_graph_session_datagen - INFO - Event wekatrace335_fe5ce39a5dc42b851ce91a792d3d628d92c1:event_014_parent_turn_14 skipping — predecessor failed
2026-10-02 04:37:29,238 - inference_perf.datagen.replay.replay_graph_session_datagen - INFO - Event wekatrace335_fe5ce39a5dc42b851ce91a792d3d628d92c1:event_015_parent_turn_15 skipping — predecessor failed
2026-10-02 04:37:29,238 - inference_perf.datagen.replay.replay_graph_session_datagen - INFO - Event wekatrace335_fe5ce39a5dc42b851ce91a792d3d628d92c1:event_016_parent_turn_16 skipping — predecessor failed
2026-10-02 04:37:29,238 - inference_perf.datagen.replay.replay_graph_session_datagen - INFO - Event wekatrace335_fe5ce39a5dc42b851ce91a792d3d628d92c1:event_017_parent_turn_17 skipping — predecessor failed
2026-10-02 04:37:29,238 - inference_perf.datagen.replay.replay_graph_session_datagen - INFO - Event wekatrace335_fe5ce39a5dc42b851ce91a792d3d628d92c1:event_018_parent_turn_18 skipping — predecessor failed
2026-10-02 04:37:29,238 - inference_perf.datagen.replay.replay_graph_session_datagen - INFO - Event wekatrace335_fe5ce39a5dc42b851ce91a792d3d628d92c1:event_019_parent_turn_19 skipping — predecessor failed
2026-10-02 04:37:29,238 - inference_perf.datagen.replay.replay_graph_session_datagen - INFO - Event wekatrace335_fe5ce39a5dc42b851ce91a792d3d628d92c1:event_020_parent_turn_20 skipping — predecessor failed
2026-10-02 04:37:29,238 - inference_perf.datagen.replay.replay_graph_session_datagen - INFO - Event wekatrace335_fe5ce39a5dc42b851ce91a792d3d628d92c1:event_021_parent_turn_21 skipping — predecessor failed
2026-10-02 04:37:29,238 - inference_perf.datagen.replay.replay_graph_session_datagen - INFO - Event wekatrace335_fe5ce39a5dc42b851ce91a792d3d628d92c1:event_022_parent_turn_22 skipping — predecessor failed
2026-10-02 04:37:29,239 - inference_perf.datagen.replay.replay_graph_session_datagen - INFO - Event wekatrace335_fe5ce39a5dc42b851ce91a792d3d628d92c1:event_023_parent_turn_23 skipping — predecessor failed
2026-10-02 04:37:29,257 - inference_perf.datagen.replay.replay_graph_session_datagen - INFO - Dispatching session wekatrace35_1ff2c5c397d1c8f4a2e069449ec8e10b882a: 31 events
2026-10-02 04:38:52,233 - inference_perf.datagen.replay.replay_graph_session_datagen - ERROR - Request failed for event wekatrace94_4e7e9da6007f4fdebede92e497cafdc8362b:event_011_parent_turn_11: TimeoutError: 
2026-10-02 04:38:52,234 - inference_perf.datagen.replay.replay_graph_session_datagen - INFO - Session wekatrace94_4e7e9da6007f4fdebede92e497cafdc8362b failure notification sent to main process (cancelled_events=11)
2026-10-02 04:38:52,234 - inference_perf.client.modelserver.openai_client - ERROR - 
Traceback (most recent call last):
  File "/workspace/.venv/lib/python3.12/site-packages/aiohttp/streams.py", line 365, in _wait
    await waiter
asyncio.exceptions.CancelledError

The above exception was the direct cause of the following exception:

Traceback (most recent call last):
  File "/workspace/inference_perf/apis/streaming_parser.py", line 84, in parse_sse_stream
    async for chunk in response.content.iter_any():
  File "/workspace/.venv/lib/python3.12/site-packages/aiohttp/streams.py", line 46, in __anext__
    rv = await self.read_func()
         ^^^^^^^^^^^^^^^^^^^^^^
  File "/workspace/.venv/lib/python3.12/site-packages/aiohttp/streams.py", line 460, in readany
    await self._wait("readany")
  File "/workspace/.venv/lib/python3.12/site-packages/aiohttp/streams.py", line 364, in _wait
    with self._timer:
         ^^^^^^^^^^^
  File "/workspace/.venv/lib/python3.12/site-packages/aiohttp/helpers.py", line 759, in __exit__
    raise asyncio.TimeoutError from exc_val
TimeoutError

The above exception was the direct cause of the following exception:

Traceback (most recent call last):
  File "/workspace/inference_perf/client/modelserver/openai_client.py", line 557, in process_request
    info = await data.process_response(
           ^^^^^^^^^^^^^^^^^^^^^^^^^^^^
  File "/workspace/inference_perf/datagen/replay/replay_graph_session_datagen.py", line 1039, in process_response
    text_content, chunk_times, raw_content, response_chunks, server_usage = await parse_sse_stream(
                                                                            ^^^^^^^^^^^^^^^^^^^^^^^
  File "/workspace/inference_perf/apis/streaming_parser.py", line 119, in parse_sse_stream
    raise StreamInterruptedError(e, raw_content.decode("utf-8", errors="ignore")) from e
inference_perf.apis.streaming_parser.StreamInterruptedError
2026-10-02 04:38:52,236 - inference_perf.datagen.replay.replay_graph_session_datagen - INFO - Event wekatrace94_4e7e9da6007f4fdebede92e497cafdc8362b:event_012_parent_turn_12 skipping — predecessor failed
2026-10-02 04:38:52,236 - inference_perf.datagen.replay.replay_graph_session_datagen - INFO - Event wekatrace94_4e7e9da6007f4fdebede92e497cafdc8362b:event_013_parent_turn_13 skipping — predecessor failed
2026-10-02 04:38:52,237 - inference_perf.datagen.replay.replay_graph_session_datagen - INFO - Event wekatrace94_4e7e9da6007f4fdebede92e497cafdc8362b:event_014_parent_turn_14 skipping — predecessor failed
2026-10-02 04:38:52,237 - inference_perf.datagen.replay.replay_graph_session_datagen - INFO - Event wekatrace94_4e7e9da6007f4fdebede92e497cafdc8362b:event_015_parent_turn_15 skipping — predecessor failed
2026-10-02 04:38:52,237 - inference_perf.datagen.replay.replay_graph_session_datagen - INFO - Event wekatrace94_4e7e9da6007f4fdebede92e497cafdc8362b:event_016_parent_turn_16 skipping — predecessor failed
2026-10-02 04:38:52,237 - inference_perf.datagen.replay.replay_graph_session_datagen - INFO - Event wekatrace94_4e7e9da6007f4fdebede92e497cafdc8362b:event_017_parent_turn_17 skipping — predecessor failed
2026-10-02 04:38:52,237 - inference_perf.datagen.replay.replay_graph_session_datagen - INFO - Event wekatrace94_4e7e9da6007f4fdebede92e497cafdc8362b:event_018_parent_turn_18 skipping — predecessor failed
2026-10-02 04:38:52,237 - inference_perf.datagen.replay.replay_graph_session_datagen - INFO - Event wekatrace94_4e7e9da6007f4fdebede92e497cafdc8362b:event_019_parent_turn_19 skipping — predecessor failed
2026-10-02 04:38:52,237 - inference_perf.datagen.replay.replay_graph_session_datagen - INFO - Event wekatrace94_4e7e9da6007f4fdebede92e497cafdc8362b:event_020_parent_turn_20 skipping — predecessor failed
2026-10-02 04:38:52,238 - inference_perf.datagen.replay.replay_graph_session_datagen - INFO - Event wekatrace94_4e7e9da6007f4fdebede92e497cafdc8362b:event_021_parent_turn_21 skipping — predecessor failed
2026-10-02 04:38:52,238 - inference_perf.datagen.replay.replay_graph_session_datagen - INFO - Event wekatrace94_4e7e9da6007f4fdebede92e497cafdc8362b:event_022_parent_turn_22 skipping — predecessor failed
2026-10-02 04:38:52,241 - inference_perf.datagen.replay.replay_graph_session_datagen - INFO - Dispatching session wekatrace276_d38b308207257050502cacab981ef01a39f3: 82 events
2026-10-02 04:40:31,232 - inference_perf.datagen.replay.replay_graph_session_datagen - ERROR - Request failed for event wekatrace193_a1bfbc403e0ae7ae35051047b2230c978e1f:event_008_parent_turn_8: TimeoutError: 
2026-10-02 04:40:31,233 - inference_perf.datagen.replay.replay_graph_session_datagen - INFO - Session wekatrace193_a1bfbc403e0ae7ae35051047b2230c978e1f failure notification sent to main process (cancelled_events=343)
2026-10-02 04:40:31,233 - inference_perf.client.modelserver.openai_client - ERROR - 
Traceback (most recent call last):
  File "/workspace/.venv/lib/python3.12/site-packages/aiohttp/streams.py", line 365, in _wait
    await waiter
asyncio.exceptions.CancelledError

The above exception was the direct cause of the following exception:

Traceback (most recent call last):
  File "/workspace/inference_perf/apis/streaming_parser.py", line 84, in parse_sse_stream
    async for chunk in response.content.iter_any():
  File "/workspace/.venv/lib/python3.12/site-packages/aiohttp/streams.py", line 46, in __anext__
    rv = await self.read_func()
         ^^^^^^^^^^^^^^^^^^^^^^
  File "/workspace/.venv/lib/python3.12/site-packages/aiohttp/streams.py", line 460, in readany
    await self._wait("readany")
  File "/workspace/.venv/lib/python3.12/site-packages/aiohttp/streams.py", line 364, in _wait
    with self._timer:
         ^^^^^^^^^^^
  File "/workspace/.venv/lib/python3.12/site-packages/aiohttp/helpers.py", line 759, in __exit__
    raise asyncio.TimeoutError from exc_val
TimeoutError

The above exception was the direct cause of the following exception:

Traceback (most recent call last):
  File "/workspace/inference_perf/client/modelserver/openai_client.py", line 557, in process_request
    info = await data.process_response(
           ^^^^^^^^^^^^^^^^^^^^^^^^^^^^
  File "/workspace/inference_perf/datagen/replay/replay_graph_session_datagen.py", line 1039, in process_response
    text_content, chunk_times, raw_content, response_chunks, server_usage = await parse_sse_stream(
                                                                            ^^^^^^^^^^^^^^^^^^^^^^^
  File "/workspace/inference_perf/apis/streaming_parser.py", line 119, in parse_sse_stream
    raise StreamInterruptedError(e, raw_content.decode("utf-8", errors="ignore")) from e
inference_perf.apis.streaming_parser.StreamInterruptedError
2026-10-02 04:40:31,235 - inference_perf.datagen.replay.replay_graph_session_datagen - INFO - Event wekatrace193_a1bfbc403e0ae7ae35051047b2230c978e1f:event_009_parent_turn_9 skipping — predecessor failed
2026-10-02 04:40:31,236 - inference_perf.datagen.replay.replay_graph_session_datagen - INFO - Event wekatrace193_a1bfbc403e0ae7ae35051047b2230c978e1f:event_010_parent_turn_10 skipping — predecessor failed
2026-10-02 04:40:31,236 - inference_perf.datagen.replay.replay_graph_session_datagen - INFO - Event wekatrace193_a1bfbc403e0ae7ae35051047b2230c978e1f:event_011_parent_turn_11 skipping — predecessor failed
2026-10-02 04:40:31,236 - inference_perf.datagen.replay.replay_graph_session_datagen - INFO - Event wekatrace193_a1bfbc403e0ae7ae35051047b2230c978e1f:event_012_parent_turn_12 skipping — predecessor failed
2026-10-02 04:40:31,236 - inference_perf.datagen.replay.replay_graph_session_datagen - INFO - Event wekatrace193_a1bfbc403e0ae7ae35051047b2230c978e1f:event_013_parent_turn_13 skipping — predecessor failed
2026-10-02 04:40:31,236 - inference_perf.datagen.replay.replay_graph_session_datagen - INFO - Event wekatrace193_a1bfbc403e0ae7ae35051047b2230c978e1f:event_014_parent_turn_14 skipping — predecessor failed
2026-10-02 04:40:31,237 - inference_perf.datagen.replay.replay_graph_session_datagen - INFO - Event wekatrace193_a1bfbc403e0ae7ae35051047b2230c978e1f:event_015_parent_turn_15 skipping — predecessor failed
2026-10-02 04:40:31,237 - inference_perf.datagen.replay.replay_graph_session_datagen - INFO - Event wekatrace193_a1bfbc403e0ae7ae35051047b2230c978e1f:event_016_parent_turn_16 skipping — predecessor failed
2026-10-02 04:40:31,237 - inference_perf.datagen.replay.replay_graph_session_datagen - INFO - Event wekatrace193_a1bfbc403e0ae7ae35051047b2230c978e1f:event_017_parent_turn_17 skipping — predecessor failed
2026-10-02 04:40:31,237 - inference_perf.datagen.replay.replay_graph_session_datagen - INFO - Event wekatrace193_a1bfbc403e0ae7ae35051047b2230c978e1f:event_018_parent_turn_18 skipping — predecessor failed
2026-10-02 04:40:31,237 - inference_perf.datagen.replay.replay_graph_session_datagen - INFO - Event wekatrace193_a1bfbc403e0ae7ae35051047b2230c978e1f:event_019_parent_turn_19 skipping — predecessor failed
2026-10-02 04:40:31,237 - inference_perf.datagen.replay.replay_graph_session_datagen - INFO - Event wekatrace193_a1bfbc403e0ae7ae35051047b2230c978e1f:event_020_parent_turn_20 skipping — predecessor failed
2026-10-02 04:40:31,237 - inference_perf.datagen.replay.replay_graph_session_datagen - INFO - Event wekatrace193_a1bfbc403e0ae7ae35051047b2230c978e1f:event_021_parent_turn_21 skipping — predecessor failed
2026-10-02 04:40:31,237 - inference_perf.datagen.replay.replay_graph_session_datagen - INFO - Event wekatrace193_a1bfbc403e0ae7ae35051047b2230c978e1f:event_022_parent_turn_22 skipping — predecessor failed
2026-10-02 04:40:31,238 - inference_perf.datagen.replay.replay_graph_session_datagen - INFO - Event wekatrace193_a1bfbc403e0ae7ae35051047b2230c978e1f:event_023_parent_turn_23 skipping — predecessor failed
2026-10-02 04:40:31,238 - inference_perf.datagen.replay.replay_graph_session_datagen - INFO - Event wekatrace193_a1bfbc403e0ae7ae35051047b2230c978e1f:event_024_parent_turn_24 skipping — predecessor failed
2026-10-02 04:40:31,238 - inference_perf.datagen.replay.replay_graph_session_datagen - INFO - Event wekatrace193_a1bfbc403e0ae7ae35051047b2230c978e1f:event_025_parent_turn_25 skipping — predecessor failed
2026-10-02 04:40:31,238 - inference_perf.datagen.replay.replay_graph_session_datagen - INFO - Event wekatrace193_a1bfbc403e0ae7ae35051047b2230c978e1f:event_026_parent_turn_26 skipping — predecessor failed
2026-10-02 04:40:31,238 - inference_perf.datagen.replay.replay_graph_session_datagen - INFO - Event wekatrace193_a1bfbc403e0ae7ae35051047b2230c978e1f:event_027_parent_turn_27 skipping — predecessor failed
2026-10-02 04:40:31,238 - inference_perf.datagen.replay.replay_graph_session_datagen - INFO - Event wekatrace193_a1bfbc403e0ae7ae35051047b2230c978e1f:event_028_parent_turn_28 skipping — predecessor failed
2026-10-02 04:40:31,238 - inference_perf.datagen.replay.replay_graph_session_datagen - INFO - Event wekatrace193_a1bfbc403e0ae7ae35051047b2230c978e1f:event_029_parent_turn_29 skipping — predecessor failed
2026-10-02 04:40:31,238 - inference_perf.datagen.replay.replay_graph_session_datagen - INFO - Event wekatrace193_a1bfbc403e0ae7ae35051047b2230c978e1f:event_030_parent_turn_30 skipping — predecessor failed
2026-10-02 04:40:31,238 - inference_perf.datagen.replay.replay_graph_session_datagen - INFO - Event wekatrace193_a1bfbc403e0ae7ae35051047b2230c978e1f:event_031_parent_turn_31 skipping — predecessor failed
2026-10-02 04:40:31,239 - inference_perf.datagen.replay.replay_graph_session_datagen - INFO - Event wekatrace193_a1bfbc403e0ae7ae35051047b2230c978e1f:event_032_parent_turn_32 skipping — predecessor failed
2026-10-02 04:40:31,239 - inference_perf.datagen.replay.replay_graph_session_datagen - INFO - Event wekatrace193_a1bfbc403e0ae7ae35051047b2230c978e1f:event_033_parent_turn_33 skipping — predecessor failed
2026-10-02 04:40:31,239 - inference_perf.datagen.replay.replay_graph_session_datagen - INFO - Event wekatrace193_a1bfbc403e0ae7ae35051047b2230c978e1f:event_034_parent_turn_34 skipping — predecessor failed
2026-10-02 04:40:31,239 - inference_perf.datagen.replay.replay_graph_session_datagen - INFO - Event wekatrace193_a1bfbc403e0ae7ae35051047b2230c978e1f:event_035_parent_turn_35 skipping — predecessor failed
2026-10-02 04:40:31,239 - inference_perf.datagen.replay.replay_graph_session_datagen - INFO - Event wekatrace193_a1bfbc403e0ae7ae35051047b2230c978e1f:event_036_parent_turn_36 skipping — predecessor failed
2026-10-02 04:40:31,239 - inference_perf.datagen.replay.replay_graph_session_datagen - INFO - Event wekatrace193_a1bfbc403e0ae7ae35051047b2230c978e1f:event_037_parent_turn_37 skipping — predecessor failed
2026-10-02 04:40:31,239 - inference_perf.datagen.replay.replay_graph_session_datagen - INFO - Event wekatrace193_a1bfbc403e0ae7ae35051047b2230c978e1f:event_038_parent_turn_38 skipping — predecessor failed
2026-10-02 04:40:31,239 - inference_perf.datagen.replay.replay_graph_session_datagen - INFO - Event wekatrace193_a1bfbc403e0ae7ae35051047b2230c978e1f:event_039_parent_turn_39 skipping — predecessor failed
2026-10-02 04:40:31,239 - inference_perf.datagen.replay.replay_graph_session_datagen - INFO - Event wekatrace193_a1bfbc403e0ae7ae35051047b2230c978e1f:event_040_parent_turn_40 skipping — predecessor failed
2026-10-02 04:40:31,240 - inference_perf.datagen.replay.replay_graph_session_datagen - INFO - Event wekatrace193_a1bfbc403e0ae7ae35051047b2230c978e1f:event_041_parent_turn_41 skipping — predecessor failed
2026-10-02 04:40:31,240 - inference_perf.datagen.replay.replay_graph_session_datagen - INFO - Event wekatrace193_a1bfbc403e0ae7ae35051047b2230c978e1f:event_042_parent_turn_42 skipping — predecessor failed
2026-10-02 04:40:31,240 - inference_perf.datagen.replay.replay_graph_session_datagen - INFO - Event wekatrace193_a1bfbc403e0ae7ae35051047b2230c978e1f:event_043_parent_turn_43 skipping — predecessor failed
2026-10-02 04:40:31,240 - inference_perf.datagen.replay.replay_graph_session_datagen - INFO - Event wekatrace193_a1bfbc403e0ae7ae35051047b2230c978e1f:event_044_parent_turn_44 skipping — predecessor failed
2026-10-02 04:40:31,240 - inference_perf.datagen.replay.replay_graph_session_datagen - INFO - Event wekatrace193_a1bfbc403e0ae7ae35051047b2230c978e1f:event_045_parent_turn_45 skipping — predecessor failed
2026-10-02 04:40:31,240 - inference_perf.datagen.replay.replay_graph_session_datagen - INFO - Event wekatrace193_a1bfbc403e0ae7ae35051047b2230c978e1f:event_046_parent_turn_46 skipping — predecessor failed
2026-10-02 04:40:31,240 - inference_perf.datagen.replay.replay_graph_session_datagen - INFO - Event wekatrace193_a1bfbc403e0ae7ae35051047b2230c978e1f:event_047_parent_turn_47 skipping — predecessor failed
2026-10-02 04:40:31,240 - inference_perf.datagen.replay.replay_graph_session_datagen - INFO - Event wekatrace193_a1bfbc403e0ae7ae35051047b2230c978e1f:event_048_parent_turn_48 skipping — predecessor failed
2026-10-02 04:40:31,240 - inference_perf.datagen.replay.replay_graph_session_datagen - INFO - Event wekatrace193_a1bfbc403e0ae7ae35051047b2230c978e1f:event_049_parent_turn_49 skipping — predecessor failed
2026-10-02 04:40:31,240 - inference_perf.datagen.replay.replay_graph_session_datagen - INFO - Event wekatrace193_a1bfbc403e0ae7ae35051047b2230c978e1f:event_050_parent_turn_50 skipping — predecessor failed
2026-10-02 04:40:31,241 - inference_perf.datagen.replay.replay_graph_session_datagen - INFO - Event wekatrace193_a1bfbc403e0ae7ae35051047b2230c978e1f:event_051_parent_turn_51 skipping — predecessor failed
2026-10-02 04:40:31,241 - inference_perf.datagen.replay.replay_graph_session_datagen - INFO - Event wekatrace193_a1bfbc403e0ae7ae35051047b2230c978e1f:event_052_parent_turn_52 skipping — predecessor failed
2026-10-02 04:40:31,241 - inference_perf.datagen.replay.replay_graph_session_datagen - INFO - Event wekatrace193_a1bfbc403e0ae7ae35051047b2230c978e1f:event_053_parent_turn_53 skipping — predecessor failed
2026-10-02 04:40:31,241 - inference_perf.datagen.replay.replay_graph_session_datagen - INFO - Event wekatrace193_a1bfbc403e0ae7ae35051047b2230c978e1f:event_054_parent_turn_54 skipping — predecessor failed
2026-10-02 04:40:31,241 - inference_perf.datagen.replay.replay_graph_session_datagen - INFO - Event wekatrace193_a1bfbc403e0ae7ae35051047b2230c978e1f:event_055_parent_turn_55 skipping — predecessor failed
2026-10-02 04:40:31,241 - inference_perf.datagen.replay.replay_graph_session_datagen - INFO - Event wekatrace193_a1bfbc403e0ae7ae35051047b2230c978e1f:event_056_parent_turn_56 skipping — predecessor failed
2026-10-02 04:40:31,241 - inference_perf.datagen.replay.replay_graph_session_datagen - INFO - Event wekatrace193_a1bfbc403e0ae7ae35051047b2230c978e1f:event_057_parent_turn_57 skipping — predecessor failed
2026-10-02 04:40:31,241 - inference_perf.datagen.replay.replay_graph_session_datagen - INFO - Event wekatrace193_a1bfbc403e0ae7ae35051047b2230c978e1f:event_058_parent_turn_58 skipping — predecessor failed
2026-10-02 04:40:31,241 - inference_perf.datagen.replay.replay_graph_session_datagen - INFO - Event wekatrace193_a1bfbc403e0ae7ae35051047b2230c978e1f:event_059_parent_turn_59 skipping — predecessor failed
2026-10-02 04:40:31,241 - inference_perf.datagen.replay.replay_graph_session_datagen - INFO - Event wekatrace193_a1bfbc403e0ae7ae35051047b2230c978e1f:event_060_parent_turn_60 skipping — predecessor failed
2026-10-02 04:40:31,241 - inference_perf.datagen.replay.replay_graph_session_datagen - INFO - Event wekatrace193_a1bfbc403e0ae7ae35051047b2230c978e1f:event_061_parent_turn_61 skipping — predecessor failed
2026-10-02 04:40:31,242 - inference_perf.datagen.replay.replay_graph_session_datagen - INFO - Event wekatrace193_a1bfbc403e0ae7ae35051047b2230c978e1f:event_062_parent_turn_62 skipping — predecessor failed
2026-10-02 04:40:31,242 - inference_perf.datagen.replay.replay_graph_session_datagen - INFO - Event wekatrace193_a1bfbc403e0ae7ae35051047b2230c978e1f:event_063_parent_turn_63 skipping — predecessor failed
2026-10-02 04:40:31,242 - inference_perf.datagen.replay.replay_graph_session_datagen - INFO - Event wekatrace193_a1bfbc403e0ae7ae35051047b2230c978e1f:event_064_parent_turn_64 skipping — predecessor failed
2026-10-02 04:40:31,242 - inference_perf.datagen.replay.replay_graph_session_datagen - INFO - Event wekatrace193_a1bfbc403e0ae7ae35051047b2230c978e1f:event_065_parent_turn_65 skipping — predecessor failed
2026-10-02 04:40:31,242 - inference_perf.datagen.replay.replay_graph_session_datagen - INFO - Event wekatrace193_a1bfbc403e0ae7ae35051047b2230c978e1f:event_066_parent_turn_66 skipping — predecessor failed
2026-10-02 04:40:31,242 - inference_perf.datagen.replay.replay_graph_session_datagen - INFO - Event wekatrace193_a1bfbc403e0ae7ae35051047b2230c978e1f:event_067_parent_turn_67 skipping — predecessor failed
2026-10-02 04:40:31,242 - inference_perf.datagen.replay.replay_graph_session_datagen - INFO - Event wekatrace193_a1bfbc403e0ae7ae35051047b2230c978e1f:event_068_parent_turn_68 skipping — predecessor failed
2026-10-02 04:40:31,243 - inference_perf.datagen.replay.replay_graph_session_datagen - INFO - Event wekatrace193_a1bfbc403e0ae7ae35051047b2230c978e1f:event_069_parent_turn_69 skipping — predecessor failed
2026-10-02 04:40:31,243 - inference_perf.datagen.replay.replay_graph_session_datagen - INFO - Event wekatrace193_a1bfbc403e0ae7ae35051047b2230c978e1f:event_070_parent_turn_70 skipping — predecessor failed
2026-10-02 04:40:31,243 - inference_perf.datagen.replay.replay_graph_session_datagen - INFO - Event wekatrace193_a1bfbc403e0ae7ae35051047b2230c978e1f:event_071_parent_turn_71 skipping — predecessor failed
2026-10-02 04:40:31,243 - inference_perf.datagen.replay.replay_graph_session_datagen - INFO - Event wekatrace193_a1bfbc403e0ae7ae35051047b2230c978e1f:event_072_parent_turn_72 skipping — predecessor failed
2026-10-02 04:40:31,243 - inference_perf.datagen.replay.replay_graph_session_datagen - INFO - Event wekatrace193_a1bfbc403e0ae7ae35051047b2230c978e1f:event_073_parent_turn_73 skipping — predecessor failed
2026-10-02 04:40:31,243 - inference_perf.datagen.replay.replay_graph_session_datagen - INFO - Event wekatrace193_a1bfbc403e0ae7ae35051047b2230c978e1f:event_074_parent_turn_74 skipping — predecessor failed
2026-10-02 04:40:31,243 - inference_perf.datagen.replay.replay_graph_session_datagen - INFO - Event wekatrace193_a1bfbc403e0ae7ae35051047b2230c978e1f:event_075_parent_turn_75 skipping — predecessor failed
2026-10-02 04:40:31,243 - inference_perf.datagen.replay.replay_graph_session_datagen - INFO - Event wekatrace193_a1bfbc403e0ae7ae35051047b2230c978e1f:event_076_parent_turn_76 skipping — predecessor failed
2026-10-02 04:40:31,244 - inference_perf.datagen.replay.replay_graph_session_datagen - INFO - Event wekatrace193_a1bfbc403e0ae7ae35051047b2230c978e1f:event_077_parent_turn_77 skipping — predecessor failed
2026-10-02 04:40:31,244 - inference_perf.datagen.replay.replay_graph_session_datagen - INFO - Event wekatrace193_a1bfbc403e0ae7ae35051047b2230c978e1f:event_078_parent_turn_78 skipping — predecessor failed
2026-10-02 04:40:31,244 - inference_perf.datagen.replay.replay_graph_session_datagen - INFO - Event wekatrace193_a1bfbc403e0ae7ae35051047b2230c978e1f:event_079_parent_turn_79 skipping — predecessor failed
2026-10-02 04:40:31,244 - inference_perf.datagen.replay.replay_graph_session_datagen - INFO - Event wekatrace193_a1bfbc403e0ae7ae35051047b2230c978e1f:event_080_parent_turn_80 skipping — predecessor failed
2026-10-02 04:40:31,244 - inference_perf.datagen.replay.replay_graph_session_datagen - INFO - Event wekatrace193_a1bfbc403e0ae7ae35051047b2230c978e1f:event_081_parent_turn_81 skipping — predecessor failed
2026-10-02 04:40:31,244 - inference_perf.datagen.replay.replay_graph_session_datagen - INFO - Event wekatrace193_a1bfbc403e0ae7ae35051047b2230c978e1f:event_082_parent_turn_82 skipping — predecessor failed
2026-10-02 04:40:31,244 - inference_perf.datagen.replay.replay_graph_session_datagen - INFO - Event wekatrace193_a1bfbc403e0ae7ae35051047b2230c978e1f:event_083_parent_turn_83 skipping — predecessor failed
2026-10-02 04:40:31,244 - inference_perf.datagen.replay.replay_graph_session_datagen - INFO - Event wekatrace193_a1bfbc403e0ae7ae35051047b2230c978e1f:event_084_parent_turn_84 skipping — predecessor failed
2026-10-02 04:40:31,244 - inference_perf.datagen.replay.replay_graph_session_datagen - INFO - Event wekatrace193_a1bfbc403e0ae7ae35051047b2230c978e1f:event_085_parent_turn_85 skipping — predecessor failed
2026-10-02 04:40:31,244 - inference_perf.datagen.replay.replay_graph_session_datagen - INFO - Event wekatrace193_a1bfbc403e0ae7ae35051047b2230c978e1f:event_086_parent_turn_86 skipping — predecessor failed
2026-10-02 04:40:31,245 - inference_perf.datagen.replay.replay_graph_session_datagen - INFO - Event wekatrace193_a1bfbc403e0ae7ae35051047b2230c978e1f:event_087_parent_turn_87 skipping — predecessor failed
2026-10-02 04:40:31,245 - inference_perf.datagen.replay.replay_graph_session_datagen - INFO - Event wekatrace193_a1bfbc403e0ae7ae35051047b2230c978e1f:event_088_parent_turn_88 skipping — predecessor failed
2026-10-02 04:40:31,245 - inference_perf.datagen.replay.replay_graph_session_datagen - INFO - Event wekatrace193_a1bfbc403e0ae7ae35051047b2230c978e1f:event_089_parent_turn_89 skipping — predecessor failed
2026-10-02 04:40:31,245 - inference_perf.datagen.replay.replay_graph_session_datagen - INFO - Event wekatrace193_a1bfbc403e0ae7ae35051047b2230c978e1f:event_090_parent_turn_90 skipping — predecessor failed
2026-10-02 04:40:31,245 - inference_perf.datagen.replay.replay_graph_session_datagen - INFO - Event wekatrace193_a1bfbc403e0ae7ae35051047b2230c978e1f:event_091_parent_turn_91 skipping — predecessor failed
2026-10-02 04:40:31,245 - inference_perf.datagen.replay.replay_graph_session_datagen - INFO - Event wekatrace193_a1bfbc403e0ae7ae35051047b2230c978e1f:event_092_parent_turn_92 skipping — predecessor failed
2026-10-02 04:40:31,245 - inference_perf.datagen.replay.replay_graph_session_datagen - INFO - Event wekatrace193_a1bfbc403e0ae7ae35051047b2230c978e1f:event_093_parent_turn_93 skipping — predecessor failed
2026-10-02 04:40:31,245 - inference_perf.datagen.replay.replay_graph_session_datagen - INFO - Event wekatrace193_a1bfbc403e0ae7ae35051047b2230c978e1f:event_094_parent_turn_94 skipping — predecessor failed
2026-10-02 04:40:31,245 - inference_perf.datagen.replay.replay_graph_session_datagen - INFO - Event wekatrace193_a1bfbc403e0ae7ae35051047b2230c978e1f:event_095_parent_turn_95 skipping — predecessor failed
2026-10-02 04:40:31,246 - inference_perf.datagen.replay.replay_graph_session_datagen - INFO - Event wekatrace193_a1bfbc403e0ae7ae35051047b2230c978e1f:event_096_parent_turn_96 skipping — predecessor failed
2026-10-02 04:40:31,246 - inference_perf.datagen.replay.replay_graph_session_datagen - INFO - Event wekatrace193_a1bfbc403e0ae7ae35051047b2230c978e1f:event_097_parent_turn_97 skipping — predecessor failed
2026-10-02 04:40:31,246 - inference_perf.datagen.replay.replay_graph_session_datagen - INFO - Event wekatrace193_a1bfbc403e0ae7ae35051047b2230c978e1f:event_098_parent_turn_98 skipping — predecessor failed
2026-10-02 04:40:31,246 - inference_perf.datagen.replay.replay_graph_session_datagen - INFO - Event wekatrace193_a1bfbc403e0ae7ae35051047b2230c978e1f:event_099_parent_turn_99 skipping — predecessor failed
2026-10-02 04:40:31,246 - inference_perf.datagen.replay.replay_graph_session_datagen - INFO - Event wekatrace193_a1bfbc403e0ae7ae35051047b2230c978e1f:event_100_parent_turn_100 skipping — predecessor failed
2026-10-02 04:40:31,246 - inference_perf.datagen.replay.replay_graph_session_datagen - INFO - Event wekatrace193_a1bfbc403e0ae7ae35051047b2230c978e1f:event_101_parent_turn_101 skipping — predecessor failed
2026-10-02 04:40:31,246 - inference_perf.datagen.replay.replay_graph_session_datagen - INFO - Event wekatrace193_a1bfbc403e0ae7ae35051047b2230c978e1f:event_102_parent_turn_102 skipping — predecessor failed
2026-10-02 04:40:31,246 - inference_perf.datagen.replay.replay_graph_session_datagen - INFO - Event wekatrace193_a1bfbc403e0ae7ae35051047b2230c978e1f:event_103_parent_turn_103 skipping — predecessor failed
2026-10-02 04:40:31,246 - inference_perf.datagen.replay.replay_graph_session_datagen - INFO - Event wekatrace193_a1bfbc403e0ae7ae35051047b2230c978e1f:event_104_parent_turn_104 skipping — predecessor failed
2026-10-02 04:40:31,246 - inference_perf.datagen.replay.replay_graph_session_datagen - INFO - Event wekatrace193_a1bfbc403e0ae7ae35051047b2230c978e1f:event_105_parent_turn_105 skipping — predecessor failed
2026-10-02 04:40:31,247 - inference_perf.datagen.replay.replay_graph_session_datagen - INFO - Event wekatrace193_a1bfbc403e0ae7ae35051047b2230c978e1f:event_106_parent_turn_106 skipping — predecessor failed
2026-10-02 04:40:31,247 - inference_perf.datagen.replay.replay_graph_session_datagen - INFO - Event wekatrace193_a1bfbc403e0ae7ae35051047b2230c978e1f:event_107_parent_turn_107 skipping — predecessor failed
2026-10-02 04:40:31,247 - inference_perf.datagen.replay.replay_graph_session_datagen - INFO - Event wekatrace193_a1bfbc403e0ae7ae35051047b2230c978e1f:event_108_parent_turn_108 skipping — predecessor failed
2026-10-02 04:40:31,247 - inference_perf.datagen.replay.replay_graph_session_datagen - INFO - Event wekatrace193_a1bfbc403e0ae7ae35051047b2230c978e1f:event_109_parent_turn_109 skipping — predecessor failed
2026-10-02 04:40:31,247 - inference_perf.datagen.replay.replay_graph_session_datagen - INFO - Event wekatrace193_a1bfbc403e0ae7ae35051047b2230c978e1f:event_110_parent_turn_110 skipping — predecessor failed
2026-10-02 04:40:31,247 - inference_perf.datagen.replay.replay_graph_session_datagen - INFO - Event wekatrace193_a1bfbc403e0ae7ae35051047b2230c978e1f:event_111_parent_turn_111 skipping — predecessor failed
2026-10-02 04:40:31,247 - inference_perf.datagen.replay.replay_graph_session_datagen - INFO - Event wekatrace193_a1bfbc403e0ae7ae35051047b2230c978e1f:event_112_parent_turn_112 skipping — predecessor failed
2026-10-02 04:40:31,247 - inference_perf.datagen.replay.replay_graph_session_datagen - INFO - Event wekatrace193_a1bfbc403e0ae7ae35051047b2230c978e1f:event_113_parent_turn_113 skipping — predecessor failed
2026-10-02 04:40:31,247 - inference_perf.datagen.replay.replay_graph_session_datagen - INFO - Event wekatrace193_a1bfbc403e0ae7ae35051047b2230c978e1f:event_114_parent_turn_114 skipping — predecessor failed
2026-10-02 04:40:31,247 - inference_perf.datagen.replay.replay_graph_session_datagen - INFO - Event wekatrace193_a1bfbc403e0ae7ae35051047b2230c978e1f:event_115_parent_turn_115 skipping — predecessor failed
2026-10-02 04:40:31,248 - inference_perf.datagen.replay.replay_graph_session_datagen - INFO - Event wekatrace193_a1bfbc403e0ae7ae35051047b2230c978e1f:event_116_parent_turn_116 skipping — predecessor failed
2026-10-02 04:40:31,248 - inference_perf.datagen.replay.replay_graph_session_datagen - INFO - Event wekatrace193_a1bfbc403e0ae7ae35051047b2230c978e1f:event_117_parent_turn_117 skipping — predecessor failed
2026-10-02 04:40:31,248 - inference_perf.datagen.replay.replay_graph_session_datagen - INFO - Event wekatrace193_a1bfbc403e0ae7ae35051047b2230c978e1f:event_118_parent_turn_118 skipping — predecessor failed
2026-10-02 04:40:31,248 - inference_perf.datagen.replay.replay_graph_session_datagen - INFO - Event wekatrace193_a1bfbc403e0ae7ae35051047b2230c978e1f:event_119_parent_turn_119 skipping — predecessor failed
2026-10-02 04:40:31,248 - inference_perf.datagen.replay.replay_graph_session_datagen - INFO - Event wekatrace193_a1bfbc403e0ae7ae35051047b2230c978e1f:event_120_parent_turn_120 skipping — predecessor failed
2026-10-02 04:40:31,248 - inference_perf.datagen.replay.replay_graph_session_datagen - INFO - Event wekatrace193_a1bfbc403e0ae7ae35051047b2230c978e1f:event_121_parent_turn_121 skipping — predecessor failed
2026-10-02 04:40:31,248 - inference_perf.datagen.replay.replay_graph_session_datagen - INFO - Event wekatrace193_a1bfbc403e0ae7ae35051047b2230c978e1f:event_122_parent_turn_122 skipping — predecessor failed
2026-10-02 04:40:31,248 - inference_perf.datagen.replay.replay_graph_session_datagen - INFO - Event wekatrace193_a1bfbc403e0ae7ae35051047b2230c978e1f:event_123_parent_turn_123 skipping — predecessor failed
2026-10-02 04:40:31,248 - inference_perf.datagen.replay.replay_graph_session_datagen - INFO - Event wekatrace193_a1bfbc403e0ae7ae35051047b2230c978e1f:event_124_parent_turn_124 skipping — predecessor failed
2026-10-02 04:40:31,248 - inference_perf.datagen.replay.replay_graph_session_datagen - INFO - Event wekatrace193_a1bfbc403e0ae7ae35051047b2230c978e1f:event_125_parent_turn_125 skipping — predecessor failed
2026-10-02 04:40:31,248 - inference_perf.datagen.replay.replay_graph_session_datagen - INFO - Event wekatrace193_a1bfbc403e0ae7ae35051047b2230c978e1f:event_126_parent_turn_126 skipping — predecessor failed
2026-10-02 04:40:31,248 - inference_perf.datagen.replay.replay_graph_session_datagen - INFO - Event wekatrace193_a1bfbc403e0ae7ae35051047b2230c978e1f:event_127_parent_turn_127 skipping — predecessor failed
2026-10-02 04:40:31,249 - inference_perf.datagen.replay.replay_graph_session_datagen - INFO - Event wekatrace193_a1bfbc403e0ae7ae35051047b2230c978e1f:event_128_parent_turn_128 skipping — predecessor failed
2026-10-02 04:40:31,249 - inference_perf.datagen.replay.replay_graph_session_datagen - INFO - Event wekatrace193_a1bfbc403e0ae7ae35051047b2230c978e1f:event_129_parent_turn_129 skipping — predecessor failed
2026-10-02 04:40:31,249 - inference_perf.datagen.replay.replay_graph_session_datagen - INFO - Event wekatrace193_a1bfbc403e0ae7ae35051047b2230c978e1f:event_130_parent_turn_130 skipping — predecessor failed
2026-10-02 04:40:31,249 - inference_perf.datagen.replay.replay_graph_session_datagen - INFO - Event wekatrace193_a1bfbc403e0ae7ae35051047b2230c978e1f:event_131_parent_turn_131 skipping — predecessor failed
2026-10-02 04:40:31,249 - inference_perf.datagen.replay.replay_graph_session_datagen - INFO - Event wekatrace193_a1bfbc403e0ae7ae35051047b2230c978e1f:event_132_parent_turn_132 skipping — predecessor failed
2026-10-02 04:40:31,249 - inference_perf.datagen.replay.replay_graph_session_datagen - INFO - Event wekatrace193_a1bfbc403e0ae7ae35051047b2230c978e1f:event_133_parent_turn_133 skipping — predecessor failed
2026-10-02 04:40:31,249 - inference_perf.datagen.replay.replay_graph_session_datagen - INFO - Event wekatrace193_a1bfbc403e0ae7ae35051047b2230c978e1f:event_134_parent_turn_134 skipping — predecessor failed
2026-10-02 04:40:31,249 - inference_perf.datagen.replay.replay_graph_session_datagen - INFO - Event wekatrace193_a1bfbc403e0ae7ae35051047b2230c978e1f:event_135_parent_turn_135 skipping — predecessor failed
2026-10-02 04:40:31,249 - inference_perf.datagen.replay.replay_graph_session_datagen - INFO - Event wekatrace193_a1bfbc403e0ae7ae35051047b2230c978e1f:event_136_parent_turn_136 skipping — predecessor failed
2026-10-02 04:40:31,249 - inference_perf.datagen.replay.replay_graph_session_datagen - INFO - Event wekatrace193_a1bfbc403e0ae7ae35051047b2230c978e1f:event_137_parent_turn_137 skipping — predecessor failed
2026-10-02 04:40:31,249 - inference_perf.datagen.replay.replay_graph_session_datagen - INFO - Event wekatrace193_a1bfbc403e0ae7ae35051047b2230c978e1f:event_138_parent_turn_138 skipping — predecessor failed
2026-10-02 04:40:31,250 - inference_perf.datagen.replay.replay_graph_session_datagen - INFO - Event wekatrace193_a1bfbc403e0ae7ae35051047b2230c978e1f:event_139_parent_turn_139 skipping — predecessor failed
2026-10-02 04:40:31,250 - inference_perf.datagen.replay.replay_graph_session_datagen - INFO - Event wekatrace193_a1bfbc403e0ae7ae35051047b2230c978e1f:event_140_parent_turn_140 skipping — predecessor failed
2026-10-02 04:40:31,250 - inference_perf.datagen.replay.replay_graph_session_datagen - INFO - Event wekatrace193_a1bfbc403e0ae7ae35051047b2230c978e1f:event_141_parent_turn_141 skipping — predecessor failed
2026-10-02 04:40:31,250 - inference_perf.datagen.replay.replay_graph_session_datagen - INFO - Event wekatrace193_a1bfbc403e0ae7ae35051047b2230c978e1f:event_142_parent_turn_142 skipping — predecessor failed
2026-10-02 04:40:31,250 - inference_perf.datagen.replay.replay_graph_session_datagen - INFO - Event wekatrace193_a1bfbc403e0ae7ae35051047b2230c978e1f:event_143_parent_turn_143 skipping — predecessor failed
2026-10-02 04:40:31,250 - inference_perf.datagen.replay.replay_graph_session_datagen - INFO - Event wekatrace193_a1bfbc403e0ae7ae35051047b2230c978e1f:event_144_parent_turn_144 skipping — predecessor failed
2026-10-02 04:40:31,250 - inference_perf.datagen.replay.replay_graph_session_datagen - INFO - Event wekatrace193_a1bfbc403e0ae7ae35051047b2230c978e1f:event_145_parent_turn_145 skipping — predecessor failed
2026-10-02 04:40:31,250 - inference_perf.datagen.replay.replay_graph_session_datagen - INFO - Event wekatrace193_a1bfbc403e0ae7ae35051047b2230c978e1f:event_146_parent_turn_146 skipping — predecessor failed
2026-10-02 04:40:31,250 - inference_perf.datagen.replay.replay_graph_session_datagen - INFO - Event wekatrace193_a1bfbc403e0ae7ae35051047b2230c978e1f:event_147_parent_turn_147 skipping — predecessor failed
2026-10-02 04:40:31,250 - inference_perf.datagen.replay.replay_graph_session_datagen - INFO - Event wekatrace193_a1bfbc403e0ae7ae35051047b2230c978e1f:event_148_parent_turn_148 skipping — predecessor failed
2026-10-02 04:40:31,250 - inference_perf.datagen.replay.replay_graph_session_datagen - INFO - Event wekatrace193_a1bfbc403e0ae7ae35051047b2230c978e1f:event_149_parent_turn_149 skipping — predecessor failed
2026-10-02 04:40:31,251 - inference_perf.datagen.replay.replay_graph_session_datagen - INFO - Event wekatrace193_a1bfbc403e0ae7ae35051047b2230c978e1f:event_150_parent_turn_150 skipping — predecessor failed
2026-10-02 04:40:31,251 - inference_perf.datagen.replay.replay_graph_session_datagen - INFO - Event wekatrace193_a1bfbc403e0ae7ae35051047b2230c978e1f:event_151_parent_turn_151 skipping — predecessor failed
2026-10-02 04:40:31,251 - inference_perf.datagen.replay.replay_graph_session_datagen - INFO - Event wekatrace193_a1bfbc403e0ae7ae35051047b2230c978e1f:event_152_parent_turn_152 skipping — predecessor failed
2026-10-02 04:40:31,251 - inference_perf.datagen.replay.replay_graph_session_datagen - INFO - Event wekatrace193_a1bfbc403e0ae7ae35051047b2230c978e1f:event_153_parent_turn_153 skipping — predecessor failed
2026-10-02 04:40:31,251 - inference_perf.datagen.replay.replay_graph_session_datagen - INFO - Event wekatrace193_a1bfbc403e0ae7ae35051047b2230c978e1f:event_154_parent_turn_154 skipping — predecessor failed
2026-10-02 04:40:31,251 - inference_perf.datagen.replay.replay_graph_session_datagen - INFO - Event wekatrace193_a1bfbc403e0ae7ae35051047b2230c978e1f:event_155_parent_turn_155 skipping — predecessor failed
2026-10-02 04:40:31,251 - inference_perf.datagen.replay.replay_graph_session_datagen - INFO - Event wekatrace193_a1bfbc403e0ae7ae35051047b2230c978e1f:event_156_parent_turn_156 skipping — predecessor failed
2026-10-02 04:40:31,251 - inference_perf.datagen.replay.replay_graph_session_datagen - INFO - Event wekatrace193_a1bfbc403e0ae7ae35051047b2230c978e1f:event_157_parent_turn_157 skipping — predecessor failed
2026-10-02 04:40:31,251 - inference_perf.datagen.replay.replay_graph_session_datagen - INFO - Event wekatrace193_a1bfbc403e0ae7ae35051047b2230c978e1f:event_158_parent_turn_158 skipping — predecessor failed
2026-10-02 04:40:31,251 - inference_perf.datagen.replay.replay_graph_session_datagen - INFO - Event wekatrace193_a1bfbc403e0ae7ae35051047b2230c978e1f:event_159_parent_turn_159 skipping — predecessor failed
2026-10-02 04:40:31,251 - inference_perf.datagen.replay.replay_graph_session_datagen - INFO - Event wekatrace193_a1bfbc403e0ae7ae35051047b2230c978e1f:event_160_parent_turn_160 skipping — predecessor failed
2026-10-02 04:40:31,252 - inference_perf.datagen.replay.replay_graph_session_datagen - INFO - Event wekatrace193_a1bfbc403e0ae7ae35051047b2230c978e1f:event_161_parent_turn_161 skipping — predecessor failed
2026-10-02 04:40:31,252 - inference_perf.datagen.replay.replay_graph_session_datagen - INFO - Event wekatrace193_a1bfbc403e0ae7ae35051047b2230c978e1f:event_162_parent_turn_162 skipping — predecessor failed
2026-10-02 04:40:31,252 - inference_perf.datagen.replay.replay_graph_session_datagen - INFO - Event wekatrace193_a1bfbc403e0ae7ae35051047b2230c978e1f:event_163_parent_turn_163 skipping — predecessor failed
2026-10-02 04:40:31,252 - inference_perf.datagen.replay.replay_graph_session_datagen - INFO - Event wekatrace193_a1bfbc403e0ae7ae35051047b2230c978e1f:event_164_parent_turn_164 skipping — predecessor failed
2026-10-02 04:40:31,252 - inference_perf.datagen.replay.replay_graph_session_datagen - INFO - Event wekatrace193_a1bfbc403e0ae7ae35051047b2230c978e1f:event_165_parent_turn_165 skipping — predecessor failed
2026-10-02 04:40:31,252 - inference_perf.datagen.replay.replay_graph_session_datagen - INFO - Event wekatrace193_a1bfbc403e0ae7ae35051047b2230c978e1f:event_166_parent_turn_166 skipping — predecessor failed
2026-10-02 04:40:31,252 - inference_perf.datagen.replay.replay_graph_session_datagen - INFO - Event wekatrace193_a1bfbc403e0ae7ae35051047b2230c978e1f:event_167_parent_turn_167 skipping — predecessor failed
2026-10-02 04:40:31,252 - inference_perf.datagen.replay.replay_graph_session_datagen - INFO - Event wekatrace193_a1bfbc403e0ae7ae35051047b2230c978e1f:event_168_parent_turn_168 skipping — predecessor failed
2026-10-02 04:40:31,252 - inference_perf.datagen.replay.replay_graph_session_datagen - INFO - Event wekatrace193_a1bfbc403e0ae7ae35051047b2230c978e1f:event_169_parent_turn_169 skipping — predecessor failed
2026-10-02 04:40:31,252 - inference_perf.datagen.replay.replay_graph_session_datagen - INFO - Event wekatrace193_a1bfbc403e0ae7ae35051047b2230c978e1f:event_170_parent_turn_170 skipping — predecessor failed
2026-10-02 04:40:31,252 - inference_perf.datagen.replay.replay_graph_session_datagen - INFO - Event wekatrace193_a1bfbc403e0ae7ae35051047b2230c978e1f:event_171_parent_turn_171 skipping — predecessor failed
2026-10-02 04:40:31,253 - inference_perf.datagen.replay.replay_graph_session_datagen - INFO - Event wekatrace193_a1bfbc403e0ae7ae35051047b2230c978e1f:event_172_parent_turn_172 skipping — predecessor failed
2026-10-02 04:40:31,253 - inference_perf.datagen.replay.replay_graph_session_datagen - INFO - Event wekatrace193_a1bfbc403e0ae7ae35051047b2230c978e1f:event_173_parent_turn_173 skipping — predecessor failed
2026-10-02 04:40:31,253 - inference_perf.datagen.replay.replay_graph_session_datagen - INFO - Event wekatrace193_a1bfbc403e0ae7ae35051047b2230c978e1f:event_174_parent_turn_174 skipping — predecessor failed
2026-10-02 04:40:31,253 - inference_perf.datagen.replay.replay_graph_session_datagen - INFO - Event wekatrace193_a1bfbc403e0ae7ae35051047b2230c978e1f:event_175_parent_turn_175 skipping — predecessor failed
2026-10-02 04:40:31,253 - inference_perf.datagen.replay.replay_graph_session_datagen - INFO - Event wekatrace193_a1bfbc403e0ae7ae35051047b2230c978e1f:event_176_parent_turn_176 skipping — predecessor failed
2026-10-02 04:40:31,253 - inference_perf.datagen.replay.replay_graph_session_datagen - INFO - Event wekatrace193_a1bfbc403e0ae7ae35051047b2230c978e1f:event_177_parent_turn_177 skipping — predecessor failed
2026-10-02 04:40:31,253 - inference_perf.datagen.replay.replay_graph_session_datagen - INFO - Event wekatrace193_a1bfbc403e0ae7ae35051047b2230c978e1f:event_178_parent_turn_178 skipping — predecessor failed
2026-10-02 04:40:31,253 - inference_perf.datagen.replay.replay_graph_session_datagen - INFO - Event wekatrace193_a1bfbc403e0ae7ae35051047b2230c978e1f:event_179_parent_turn_179 skipping — predecessor failed
2026-10-02 04:40:31,253 - inference_perf.datagen.replay.replay_graph_session_datagen - INFO - Event wekatrace193_a1bfbc403e0ae7ae35051047b2230c978e1f:event_180_parent_turn_180 skipping — predecessor failed
2026-10-02 04:40:31,253 - inference_perf.datagen.replay.replay_graph_session_datagen - INFO - Event wekatrace193_a1bfbc403e0ae7ae35051047b2230c978e1f:event_181_parent_turn_181 skipping — predecessor failed
2026-10-02 04:40:31,253 - inference_perf.datagen.replay.replay_graph_session_datagen - INFO - Event wekatrace193_a1bfbc403e0ae7ae35051047b2230c978e1f:event_182_parent_turn_182 skipping — predecessor failed
2026-10-02 04:40:31,254 - inference_perf.datagen.replay.replay_graph_session_datagen - INFO - Event wekatrace193_a1bfbc403e0ae7ae35051047b2230c978e1f:event_183_parent_turn_183 skipping — predecessor failed
2026-10-02 04:40:31,253 - inference_perf.datagen.replay.replay_graph_session_datagen - INFO - Dispatching session wekatrace260_ccaa0716bff1761ac56299ebcb5bd53ca201: 392 events
2026-10-02 04:40:31,254 - inference_perf.datagen.replay.replay_graph_session_datagen - INFO - Event wekatrace193_a1bfbc403e0ae7ae35051047b2230c978e1f:event_184_parent_turn_184 skipping — predecessor failed
2026-10-02 04:40:31,254 - inference_perf.datagen.replay.replay_graph_session_datagen - INFO - Event wekatrace193_a1bfbc403e0ae7ae35051047b2230c978e1f:event_185_parent_turn_185 skipping — predecessor failed
2026-10-02 04:40:31,254 - inference_perf.datagen.replay.replay_graph_session_datagen - INFO - Event wekatrace193_a1bfbc403e0ae7ae35051047b2230c978e1f:event_186_parent_turn_186 skipping — predecessor failed
2026-10-02 04:40:31,254 - inference_perf.datagen.replay.replay_graph_session_datagen - INFO - Event wekatrace193_a1bfbc403e0ae7ae35051047b2230c978e1f:event_187_parent_turn_187 skipping — predecessor failed
2026-10-02 04:40:31,254 - inference_perf.datagen.replay.replay_graph_session_datagen - INFO - Event wekatrace193_a1bfbc403e0ae7ae35051047b2230c978e1f:event_188_parent_turn_188 skipping — predecessor failed
2026-10-02 04:40:31,254 - inference_perf.datagen.replay.replay_graph_session_datagen - INFO - Event wekatrace193_a1bfbc403e0ae7ae35051047b2230c978e1f:event_189_parent_turn_189 skipping — predecessor failed
2026-10-02 04:40:31,254 - inference_perf.datagen.replay.replay_graph_session_datagen - INFO - Event wekatrace193_a1bfbc403e0ae7ae35051047b2230c978e1f:event_190_parent_turn_190 skipping — predecessor failed
2026-10-02 04:40:31,255 - inference_perf.datagen.replay.replay_graph_session_datagen - INFO - Event wekatrace193_a1bfbc403e0ae7ae35051047b2230c978e1f:event_191_parent_turn_191 skipping — predecessor failed
2026-10-02 04:40:31,255 - inference_perf.datagen.replay.replay_graph_session_datagen - INFO - Event wekatrace193_a1bfbc403e0ae7ae35051047b2230c978e1f:event_192_parent_turn_192 skipping — predecessor failed
2026-10-02 04:40:31,255 - inference_perf.datagen.replay.replay_graph_session_datagen - INFO - Event wekatrace193_a1bfbc403e0ae7ae35051047b2230c978e1f:event_193_parent_turn_193 skipping — predecessor failed
2026-10-02 04:40:31,255 - inference_perf.datagen.replay.replay_graph_session_datagen - INFO - Event wekatrace193_a1bfbc403e0ae7ae35051047b2230c978e1f:event_194_parent_turn_194 skipping — predecessor failed
2026-10-02 04:40:31,255 - inference_perf.datagen.replay.replay_graph_session_datagen - INFO - Event wekatrace193_a1bfbc403e0ae7ae35051047b2230c978e1f:event_195_parent_turn_195 skipping — predecessor failed
2026-10-02 04:40:31,255 - inference_perf.datagen.replay.replay_graph_session_datagen - INFO - Event wekatrace193_a1bfbc403e0ae7ae35051047b2230c978e1f:event_196_parent_turn_196 skipping — predecessor failed
2026-10-02 04:40:31,255 - inference_perf.datagen.replay.replay_graph_session_datagen - INFO - Event wekatrace193_a1bfbc403e0ae7ae35051047b2230c978e1f:event_197_parent_turn_197 skipping — predecessor failed
2026-10-02 04:40:31,255 - inference_perf.datagen.replay.replay_graph_session_datagen - INFO - Event wekatrace193_a1bfbc403e0ae7ae35051047b2230c978e1f:event_198_parent_turn_198 skipping — predecessor failed
2026-10-02 04:40:31,255 - inference_perf.datagen.replay.replay_graph_session_datagen - INFO - Event wekatrace193_a1bfbc403e0ae7ae35051047b2230c978e1f:event_199_parent_turn_199 skipping — predecessor failed
2026-10-02 04:40:31,256 - inference_perf.datagen.replay.replay_graph_session_datagen - INFO - Event wekatrace193_a1bfbc403e0ae7ae35051047b2230c978e1f:event_200_parent_turn_200 skipping — predecessor failed
2026-10-02 04:40:31,256 - inference_perf.datagen.replay.replay_graph_session_datagen - INFO - Event wekatrace193_a1bfbc403e0ae7ae35051047b2230c978e1f:event_201_parent_turn_201 skipping — predecessor failed
2026-10-02 04:40:31,256 - inference_perf.datagen.replay.replay_graph_session_datagen - INFO - Event wekatrace193_a1bfbc403e0ae7ae35051047b2230c978e1f:event_202_parent_turn_202 skipping — predecessor failed
2026-10-02 04:40:31,256 - inference_perf.datagen.replay.replay_graph_session_datagen - INFO - Event wekatrace193_a1bfbc403e0ae7ae35051047b2230c978e1f:event_203_parent_turn_203 skipping — predecessor failed
2026-10-02 04:40:31,256 - inference_perf.datagen.replay.replay_graph_session_datagen - INFO - Event wekatrace193_a1bfbc403e0ae7ae35051047b2230c978e1f:event_204_parent_turn_204 skipping — predecessor failed
2026-10-02 04:40:31,256 - inference_perf.datagen.replay.replay_graph_session_datagen - INFO - Event wekatrace193_a1bfbc403e0ae7ae35051047b2230c978e1f:event_205_parent_turn_205 skipping — predecessor failed
2026-10-02 04:40:31,256 - inference_perf.datagen.replay.replay_graph_session_datagen - INFO - Event wekatrace193_a1bfbc403e0ae7ae35051047b2230c978e1f:event_206_parent_turn_206 skipping — predecessor failed
2026-10-02 04:40:31,256 - inference_perf.datagen.replay.replay_graph_session_datagen - INFO - Event wekatrace193_a1bfbc403e0ae7ae35051047b2230c978e1f:event_207_parent_turn_207 skipping — predecessor failed
2026-10-02 04:40:31,256 - inference_perf.datagen.replay.replay_graph_session_datagen - INFO - Event wekatrace193_a1bfbc403e0ae7ae35051047b2230c978e1f:event_208_parent_turn_208 skipping — predecessor failed
2026-10-02 04:40:31,256 - inference_perf.datagen.replay.replay_graph_session_datagen - INFO - Event wekatrace193_a1bfbc403e0ae7ae35051047b2230c978e1f:event_209_parent_turn_209 skipping — predecessor failed
2026-10-02 04:40:31,257 - inference_perf.datagen.replay.replay_graph_session_datagen - INFO - Event wekatrace193_a1bfbc403e0ae7ae35051047b2230c978e1f:event_210_parent_turn_210 skipping — predecessor failed
2026-10-02 04:40:31,257 - inference_perf.datagen.replay.replay_graph_session_datagen - INFO - Event wekatrace193_a1bfbc403e0ae7ae35051047b2230c978e1f:event_211_parent_turn_211 skipping — predecessor failed
2026-10-02 04:40:31,257 - inference_perf.datagen.replay.replay_graph_session_datagen - INFO - Event wekatrace193_a1bfbc403e0ae7ae35051047b2230c978e1f:event_212_parent_turn_212 skipping — predecessor failed
2026-10-02 04:40:31,257 - inference_perf.datagen.replay.replay_graph_session_datagen - INFO - Event wekatrace193_a1bfbc403e0ae7ae35051047b2230c978e1f:event_213_parent_turn_213 skipping — predecessor failed
2026-10-02 04:40:31,257 - inference_perf.datagen.replay.replay_graph_session_datagen - INFO - Event wekatrace193_a1bfbc403e0ae7ae35051047b2230c978e1f:event_214_parent_turn_214 skipping — predecessor failed
2026-10-02 04:40:31,257 - inference_perf.datagen.replay.replay_graph_session_datagen - INFO - Event wekatrace193_a1bfbc403e0ae7ae35051047b2230c978e1f:event_215_parent_turn_215 skipping — predecessor failed
2026-10-02 04:40:31,257 - inference_perf.datagen.replay.replay_graph_session_datagen - INFO - Event wekatrace193_a1bfbc403e0ae7ae35051047b2230c978e1f:event_216_parent_turn_216 skipping — predecessor failed
2026-10-02 04:40:31,257 - inference_perf.datagen.replay.replay_graph_session_datagen - INFO - Event wekatrace193_a1bfbc403e0ae7ae35051047b2230c978e1f:event_217_parent_turn_217 skipping — predecessor failed
2026-10-02 04:40:31,257 - inference_perf.datagen.replay.replay_graph_session_datagen - INFO - Event wekatrace193_a1bfbc403e0ae7ae35051047b2230c978e1f:event_218_parent_turn_218 skipping — predecessor failed
2026-10-02 04:40:31,257 - inference_perf.datagen.replay.replay_graph_session_datagen - INFO - Event wekatrace193_a1bfbc403e0ae7ae35051047b2230c978e1f:event_219_parent_turn_219 skipping — predecessor failed
2026-10-02 04:40:31,258 - inference_perf.datagen.replay.replay_graph_session_datagen - INFO - Event wekatrace193_a1bfbc403e0ae7ae35051047b2230c978e1f:event_220_parent_turn_220 skipping — predecessor failed
2026-10-02 04:40:31,258 - inference_perf.datagen.replay.replay_graph_session_datagen - INFO - Event wekatrace193_a1bfbc403e0ae7ae35051047b2230c978e1f:event_221_parent_turn_221 skipping — predecessor failed
2026-10-02 04:40:31,258 - inference_perf.datagen.replay.replay_graph_session_datagen - INFO - Event wekatrace193_a1bfbc403e0ae7ae35051047b2230c978e1f:event_222_parent_turn_222 skipping — predecessor failed
2026-10-02 04:40:31,258 - inference_perf.datagen.replay.replay_graph_session_datagen - INFO - Event wekatrace193_a1bfbc403e0ae7ae35051047b2230c978e1f:event_223_parent_turn_223 skipping — predecessor failed
2026-10-02 04:40:31,258 - inference_perf.datagen.replay.replay_graph_session_datagen - INFO - Event wekatrace193_a1bfbc403e0ae7ae35051047b2230c978e1f:event_224_parent_turn_224 skipping — predecessor failed
2026-10-02 04:40:31,258 - inference_perf.datagen.replay.replay_graph_session_datagen - INFO - Event wekatrace193_a1bfbc403e0ae7ae35051047b2230c978e1f:event_225_parent_turn_225 skipping — predecessor failed
2026-10-02 04:40:31,258 - inference_perf.datagen.replay.replay_graph_session_datagen - INFO - Event wekatrace193_a1bfbc403e0ae7ae35051047b2230c978e1f:event_226_parent_turn_226 skipping — predecessor failed
2026-10-02 04:40:31,258 - inference_perf.datagen.replay.replay_graph_session_datagen - INFO - Event wekatrace193_a1bfbc403e0ae7ae35051047b2230c978e1f:event_227_parent_turn_227 skipping — predecessor failed
2026-10-02 04:40:31,258 - inference_perf.datagen.replay.replay_graph_session_datagen - INFO - Event wekatrace193_a1bfbc403e0ae7ae35051047b2230c978e1f:event_228_parent_turn_228 skipping — predecessor failed
2026-10-02 04:40:31,258 - inference_perf.datagen.replay.replay_graph_session_datagen - INFO - Event wekatrace193_a1bfbc403e0ae7ae35051047b2230c978e1f:event_229_parent_turn_229 skipping — predecessor failed
2026-10-02 04:40:31,258 - inference_perf.datagen.replay.replay_graph_session_datagen - INFO - Event wekatrace193_a1bfbc403e0ae7ae35051047b2230c978e1f:event_230_parent_turn_230 skipping — predecessor failed
2026-10-02 04:40:31,259 - inference_perf.datagen.replay.replay_graph_session_datagen - INFO - Event wekatrace193_a1bfbc403e0ae7ae35051047b2230c978e1f:event_231_parent_turn_231 skipping — predecessor failed
2026-10-02 04:40:31,259 - inference_perf.datagen.replay.replay_graph_session_datagen - INFO - Event wekatrace193_a1bfbc403e0ae7ae35051047b2230c978e1f:event_232_parent_turn_232 skipping — predecessor failed
2026-10-02 04:40:31,259 - inference_perf.datagen.replay.replay_graph_session_datagen - INFO - Event wekatrace193_a1bfbc403e0ae7ae35051047b2230c978e1f:event_233_parent_turn_233 skipping — predecessor failed
2026-10-02 04:40:31,259 - inference_perf.datagen.replay.replay_graph_session_datagen - INFO - Event wekatrace193_a1bfbc403e0ae7ae35051047b2230c978e1f:event_234_parent_turn_234 skipping — predecessor failed
2026-10-02 04:40:31,259 - inference_perf.datagen.replay.replay_graph_session_datagen - INFO - Event wekatrace193_a1bfbc403e0ae7ae35051047b2230c978e1f:event_235_parent_turn_235 skipping — predecessor failed
2026-10-02 04:40:31,259 - inference_perf.datagen.replay.replay_graph_session_datagen - INFO - Event wekatrace193_a1bfbc403e0ae7ae35051047b2230c978e1f:event_236_parent_turn_236 skipping — predecessor failed
2026-10-02 04:40:31,259 - inference_perf.datagen.replay.replay_graph_session_datagen - INFO - Event wekatrace193_a1bfbc403e0ae7ae35051047b2230c978e1f:event_237_parent_turn_237 skipping — predecessor failed
2026-10-02 04:40:31,259 - inference_perf.datagen.replay.replay_graph_session_datagen - INFO - Event wekatrace193_a1bfbc403e0ae7ae35051047b2230c978e1f:event_238_parent_turn_238 skipping — predecessor failed
2026-10-02 04:40:31,259 - inference_perf.datagen.replay.replay_graph_session_datagen - INFO - Event wekatrace193_a1bfbc403e0ae7ae35051047b2230c978e1f:event_239_parent_turn_239 skipping — predecessor failed
2026-10-02 04:40:31,259 - inference_perf.datagen.replay.replay_graph_session_datagen - INFO - Event wekatrace193_a1bfbc403e0ae7ae35051047b2230c978e1f:event_240_parent_turn_240 skipping — predecessor failed
2026-10-02 04:40:31,259 - inference_perf.datagen.replay.replay_graph_session_datagen - INFO - Event wekatrace193_a1bfbc403e0ae7ae35051047b2230c978e1f:event_241_parent_turn_241 skipping — predecessor failed
2026-10-02 04:40:31,260 - inference_perf.datagen.replay.replay_graph_session_datagen - INFO - Event wekatrace193_a1bfbc403e0ae7ae35051047b2230c978e1f:event_242_parent_turn_242 skipping — predecessor failed
2026-10-02 04:40:31,260 - inference_perf.datagen.replay.replay_graph_session_datagen - INFO - Event wekatrace193_a1bfbc403e0ae7ae35051047b2230c978e1f:event_243_parent_turn_243 skipping — predecessor failed
2026-10-02 04:40:31,260 - inference_perf.datagen.replay.replay_graph_session_datagen - INFO - Event wekatrace193_a1bfbc403e0ae7ae35051047b2230c978e1f:event_244_parent_turn_244 skipping — predecessor failed
2026-10-02 04:40:31,260 - inference_perf.datagen.replay.replay_graph_session_datagen - INFO - Event wekatrace193_a1bfbc403e0ae7ae35051047b2230c978e1f:event_245_parent_turn_245 skipping — predecessor failed
2026-10-02 04:40:31,260 - inference_perf.datagen.replay.replay_graph_session_datagen - INFO - Event wekatrace193_a1bfbc403e0ae7ae35051047b2230c978e1f:event_246_parent_turn_246 skipping — predecessor failed
2026-10-02 04:40:31,260 - inference_perf.datagen.replay.replay_graph_session_datagen - INFO - Event wekatrace193_a1bfbc403e0ae7ae35051047b2230c978e1f:event_247_parent_turn_247 skipping — predecessor failed
2026-10-02 04:40:31,260 - inference_perf.datagen.replay.replay_graph_session_datagen - INFO - Event wekatrace193_a1bfbc403e0ae7ae35051047b2230c978e1f:event_248_parent_turn_248 skipping — predecessor failed
2026-10-02 04:40:31,260 - inference_perf.datagen.replay.replay_graph_session_datagen - INFO - Event wekatrace193_a1bfbc403e0ae7ae35051047b2230c978e1f:event_249_parent_turn_249 skipping — predecessor failed
2026-10-02 04:40:31,260 - inference_perf.datagen.replay.replay_graph_session_datagen - INFO - Event wekatrace193_a1bfbc403e0ae7ae35051047b2230c978e1f:event_250_parent_turn_250 skipping — predecessor failed
2026-10-02 04:40:31,260 - inference_perf.datagen.replay.replay_graph_session_datagen - INFO - Event wekatrace193_a1bfbc403e0ae7ae35051047b2230c978e1f:event_251_parent_turn_251 skipping — predecessor failed
2026-10-02 04:40:31,260 - inference_perf.datagen.replay.replay_graph_session_datagen - INFO - Event wekatrace193_a1bfbc403e0ae7ae35051047b2230c978e1f:event_252_parent_turn_252 skipping — predecessor failed
2026-10-02 04:40:31,261 - inference_perf.datagen.replay.replay_graph_session_datagen - INFO - Event wekatrace193_a1bfbc403e0ae7ae35051047b2230c978e1f:event_253_parent_turn_253 skipping — predecessor failed
2026-10-02 04:40:31,261 - inference_perf.datagen.replay.replay_graph_session_datagen - INFO - Event wekatrace193_a1bfbc403e0ae7ae35051047b2230c978e1f:event_254_parent_turn_254 skipping — predecessor failed
2026-10-02 04:40:31,261 - inference_perf.datagen.replay.replay_graph_session_datagen - INFO - Event wekatrace193_a1bfbc403e0ae7ae35051047b2230c978e1f:event_255_parent_turn_255 skipping — predecessor failed
2026-10-02 04:40:31,261 - inference_perf.datagen.replay.replay_graph_session_datagen - INFO - Event wekatrace193_a1bfbc403e0ae7ae35051047b2230c978e1f:event_256_parent_turn_256 skipping — predecessor failed
2026-10-02 04:40:31,261 - inference_perf.datagen.replay.replay_graph_session_datagen - INFO - Event wekatrace193_a1bfbc403e0ae7ae35051047b2230c978e1f:event_257_parent_turn_257 skipping — predecessor failed
2026-10-02 04:40:31,261 - inference_perf.datagen.replay.replay_graph_session_datagen - INFO - Event wekatrace193_a1bfbc403e0ae7ae35051047b2230c978e1f:event_258_parent_turn_258 skipping — predecessor failed
2026-10-02 04:40:31,261 - inference_perf.datagen.replay.replay_graph_session_datagen - INFO - Event wekatrace193_a1bfbc403e0ae7ae35051047b2230c978e1f:event_259_parent_turn_259 skipping — predecessor failed
2026-10-02 04:40:31,261 - inference_perf.datagen.replay.replay_graph_session_datagen - INFO - Event wekatrace193_a1bfbc403e0ae7ae35051047b2230c978e1f:event_260_parent_turn_260 skipping — predecessor failed
2026-10-02 04:40:31,261 - inference_perf.datagen.replay.replay_graph_session_datagen - INFO - Event wekatrace193_a1bfbc403e0ae7ae35051047b2230c978e1f:event_261_parent_turn_261 skipping — predecessor failed
2026-10-02 04:40:31,261 - inference_perf.datagen.replay.replay_graph_session_datagen - INFO - Event wekatrace193_a1bfbc403e0ae7ae35051047b2230c978e1f:event_262_parent_turn_262 skipping — predecessor failed
2026-10-02 04:40:31,262 - inference_perf.datagen.replay.replay_graph_session_datagen - INFO - Event wekatrace193_a1bfbc403e0ae7ae35051047b2230c978e1f:event_263_parent_turn_263 skipping — predecessor failed
2026-10-02 04:40:31,262 - inference_perf.datagen.replay.replay_graph_session_datagen - INFO - Event wekatrace193_a1bfbc403e0ae7ae35051047b2230c978e1f:event_264_parent_turn_264 skipping — predecessor failed
2026-10-02 04:40:31,262 - inference_perf.datagen.replay.replay_graph_session_datagen - INFO - Event wekatrace193_a1bfbc403e0ae7ae35051047b2230c978e1f:event_265_parent_turn_265 skipping — predecessor failed
2026-10-02 04:40:31,262 - inference_perf.datagen.replay.replay_graph_session_datagen - INFO - Event wekatrace193_a1bfbc403e0ae7ae35051047b2230c978e1f:event_266_parent_turn_266 skipping — predecessor failed
2026-10-02 04:40:31,262 - inference_perf.datagen.replay.replay_graph_session_datagen - INFO - Event wekatrace193_a1bfbc403e0ae7ae35051047b2230c978e1f:event_267_parent_turn_267 skipping — predecessor failed
2026-10-02 04:40:31,262 - inference_perf.datagen.replay.replay_graph_session_datagen - INFO - Event wekatrace193_a1bfbc403e0ae7ae35051047b2230c978e1f:event_268_parent_turn_268 skipping — predecessor failed
2026-10-02 04:40:31,262 - inference_perf.datagen.replay.replay_graph_session_datagen - INFO - Event wekatrace193_a1bfbc403e0ae7ae35051047b2230c978e1f:event_269_parent_turn_269 skipping — predecessor failed
2026-10-02 04:40:31,262 - inference_perf.datagen.replay.replay_graph_session_datagen - INFO - Event wekatrace193_a1bfbc403e0ae7ae35051047b2230c978e1f:event_270_parent_turn_270 skipping — predecessor failed
2026-10-02 04:40:31,262 - inference_perf.datagen.replay.replay_graph_session_datagen - INFO - Event wekatrace193_a1bfbc403e0ae7ae35051047b2230c978e1f:event_271_parent_turn_271 skipping — predecessor failed
2026-10-02 04:40:31,262 - inference_perf.datagen.replay.replay_graph_session_datagen - INFO - Event wekatrace193_a1bfbc403e0ae7ae35051047b2230c978e1f:event_272_parent_turn_272 skipping — predecessor failed
2026-10-02 04:40:31,262 - inference_perf.datagen.replay.replay_graph_session_datagen - INFO - Event wekatrace193_a1bfbc403e0ae7ae35051047b2230c978e1f:event_273_parent_turn_273 skipping — predecessor failed
2026-10-02 04:40:31,262 - inference_perf.datagen.replay.replay_graph_session_datagen - INFO - Event wekatrace193_a1bfbc403e0ae7ae35051047b2230c978e1f:event_274_parent_turn_274 skipping — predecessor failed
2026-10-02 04:40:31,263 - inference_perf.datagen.replay.replay_graph_session_datagen - INFO - Event wekatrace193_a1bfbc403e0ae7ae35051047b2230c978e1f:event_275_parent_turn_275 skipping — predecessor failed
2026-10-02 04:40:31,263 - inference_perf.datagen.replay.replay_graph_session_datagen - INFO - Event wekatrace193_a1bfbc403e0ae7ae35051047b2230c978e1f:event_276_parent_turn_276 skipping — predecessor failed
2026-10-02 04:40:31,263 - inference_perf.datagen.replay.replay_graph_session_datagen - INFO - Event wekatrace193_a1bfbc403e0ae7ae35051047b2230c978e1f:event_277_parent_turn_277 skipping — predecessor failed
2026-10-02 04:40:31,263 - inference_perf.datagen.replay.replay_graph_session_datagen - INFO - Event wekatrace193_a1bfbc403e0ae7ae35051047b2230c978e1f:event_278_parent_turn_278 skipping — predecessor failed
2026-10-02 04:40:31,263 - inference_perf.datagen.replay.replay_graph_session_datagen - INFO - Event wekatrace193_a1bfbc403e0ae7ae35051047b2230c978e1f:event_279_parent_turn_279 skipping — predecessor failed
2026-10-02 04:40:31,263 - inference_perf.datagen.replay.replay_graph_session_datagen - INFO - Event wekatrace193_a1bfbc403e0ae7ae35051047b2230c978e1f:event_280_parent_turn_280 skipping — predecessor failed
2026-10-02 04:40:31,263 - inference_perf.datagen.replay.replay_graph_session_datagen - INFO - Event wekatrace193_a1bfbc403e0ae7ae35051047b2230c978e1f:event_281_parent_turn_281 skipping — predecessor failed
2026-10-02 04:40:31,264 - inference_perf.datagen.replay.replay_graph_session_datagen - INFO - Event wekatrace193_a1bfbc403e0ae7ae35051047b2230c978e1f:event_282_parent_turn_282 skipping — predecessor failed
2026-10-02 04:40:31,264 - inference_perf.datagen.replay.replay_graph_session_datagen - INFO - Event wekatrace193_a1bfbc403e0ae7ae35051047b2230c978e1f:event_283_parent_turn_283 skipping — predecessor failed
2026-10-02 04:40:31,264 - inference_perf.datagen.replay.replay_graph_session_datagen - INFO - Event wekatrace193_a1bfbc403e0ae7ae35051047b2230c978e1f:event_284_parent_turn_284 skipping — predecessor failed
2026-10-02 04:40:31,264 - inference_perf.datagen.replay.replay_graph_session_datagen - INFO - Event wekatrace193_a1bfbc403e0ae7ae35051047b2230c978e1f:event_285_parent_turn_285 skipping — predecessor failed
2026-10-02 04:40:31,264 - inference_perf.datagen.replay.replay_graph_session_datagen - INFO - Event wekatrace193_a1bfbc403e0ae7ae35051047b2230c978e1f:event_286_parent_turn_286 skipping — predecessor failed
2026-10-02 04:40:31,264 - inference_perf.datagen.replay.replay_graph_session_datagen - INFO - Event wekatrace193_a1bfbc403e0ae7ae35051047b2230c978e1f:event_287_parent_turn_287 skipping — predecessor failed
2026-10-02 04:40:31,264 - inference_perf.datagen.replay.replay_graph_session_datagen - INFO - Event wekatrace193_a1bfbc403e0ae7ae35051047b2230c978e1f:event_288_parent_turn_288 skipping — predecessor failed
2026-10-02 04:40:31,264 - inference_perf.datagen.replay.replay_graph_session_datagen - INFO - Event wekatrace193_a1bfbc403e0ae7ae35051047b2230c978e1f:event_289_parent_turn_289 skipping — predecessor failed
2026-10-02 04:40:31,264 - inference_perf.datagen.replay.replay_graph_session_datagen - INFO - Event wekatrace193_a1bfbc403e0ae7ae35051047b2230c978e1f:event_290_parent_turn_290 skipping — predecessor failed
2026-10-02 04:40:31,264 - inference_perf.datagen.replay.replay_graph_session_datagen - INFO - Event wekatrace193_a1bfbc403e0ae7ae35051047b2230c978e1f:event_291_parent_turn_291 skipping — predecessor failed
2026-10-02 04:40:31,264 - inference_perf.datagen.replay.replay_graph_session_datagen - INFO - Event wekatrace193_a1bfbc403e0ae7ae35051047b2230c978e1f:event_292_parent_turn_292 skipping — predecessor failed
2026-10-02 04:40:31,265 - inference_perf.datagen.replay.replay_graph_session_datagen - INFO - Event wekatrace193_a1bfbc403e0ae7ae35051047b2230c978e1f:event_293_parent_turn_293 skipping — predecessor failed
2026-10-02 04:40:31,265 - inference_perf.datagen.replay.replay_graph_session_datagen - INFO - Event wekatrace193_a1bfbc403e0ae7ae35051047b2230c978e1f:event_294_parent_turn_294 skipping — predecessor failed
2026-10-02 04:40:31,265 - inference_perf.datagen.replay.replay_graph_session_datagen - INFO - Event wekatrace193_a1bfbc403e0ae7ae35051047b2230c978e1f:event_295_parent_turn_295 skipping — predecessor failed
2026-10-02 04:40:31,265 - inference_perf.datagen.replay.replay_graph_session_datagen - INFO - Event wekatrace193_a1bfbc403e0ae7ae35051047b2230c978e1f:event_296_parent_turn_296 skipping — predecessor failed
2026-10-02 04:40:31,265 - inference_perf.datagen.replay.replay_graph_session_datagen - INFO - Event wekatrace193_a1bfbc403e0ae7ae35051047b2230c978e1f:event_297_parent_turn_297 skipping — predecessor failed
2026-10-02 04:40:31,265 - inference_perf.datagen.replay.replay_graph_session_datagen - INFO - Event wekatrace193_a1bfbc403e0ae7ae35051047b2230c978e1f:event_298_parent_turn_298 skipping — predecessor failed
2026-10-02 04:40:31,265 - inference_perf.datagen.replay.replay_graph_session_datagen - INFO - Event wekatrace193_a1bfbc403e0ae7ae35051047b2230c978e1f:event_299_parent_turn_299 skipping — predecessor failed
2026-10-02 04:40:31,265 - inference_perf.datagen.replay.replay_graph_session_datagen - INFO - Event wekatrace193_a1bfbc403e0ae7ae35051047b2230c978e1f:event_300_parent_turn_300 skipping — predecessor failed
2026-10-02 04:40:31,265 - inference_perf.datagen.replay.replay_graph_session_datagen - INFO - Event wekatrace193_a1bfbc403e0ae7ae35051047b2230c978e1f:event_301_parent_turn_301 skipping — predecessor failed
2026-10-02 04:40:31,265 - inference_perf.datagen.replay.replay_graph_session_datagen - INFO - Event wekatrace193_a1bfbc403e0ae7ae35051047b2230c978e1f:event_302_parent_turn_302 skipping — predecessor failed
2026-10-02 04:40:31,265 - inference_perf.datagen.replay.replay_graph_session_datagen - INFO - Event wekatrace193_a1bfbc403e0ae7ae35051047b2230c978e1f:event_303_parent_turn_303 skipping — predecessor failed
2026-10-02 04:40:31,266 - inference_perf.datagen.replay.replay_graph_session_datagen - INFO - Event wekatrace193_a1bfbc403e0ae7ae35051047b2230c978e1f:event_304_parent_turn_304 skipping — predecessor failed
2026-10-02 04:40:31,266 - inference_perf.datagen.replay.replay_graph_session_datagen - INFO - Event wekatrace193_a1bfbc403e0ae7ae35051047b2230c978e1f:event_305_parent_turn_305 skipping — predecessor failed
2026-10-02 04:40:31,266 - inference_perf.datagen.replay.replay_graph_session_datagen - INFO - Event wekatrace193_a1bfbc403e0ae7ae35051047b2230c978e1f:event_306_parent_turn_306 skipping — predecessor failed
2026-10-02 04:40:31,266 - inference_perf.datagen.replay.replay_graph_session_datagen - INFO - Event wekatrace193_a1bfbc403e0ae7ae35051047b2230c978e1f:event_307_parent_turn_307 skipping — predecessor failed
2026-10-02 04:40:31,266 - inference_perf.datagen.replay.replay_graph_session_datagen - INFO - Event wekatrace193_a1bfbc403e0ae7ae35051047b2230c978e1f:event_308_parent_turn_308 skipping — predecessor failed
2026-10-02 04:40:31,266 - inference_perf.datagen.replay.replay_graph_session_datagen - INFO - Event wekatrace193_a1bfbc403e0ae7ae35051047b2230c978e1f:event_309_parent_turn_309 skipping — predecessor failed
2026-10-02 04:40:31,266 - inference_perf.datagen.replay.replay_graph_session_datagen - INFO - Event wekatrace193_a1bfbc403e0ae7ae35051047b2230c978e1f:event_310_parent_turn_310 skipping — predecessor failed
2026-10-02 04:40:31,266 - inference_perf.datagen.replay.replay_graph_session_datagen - INFO - Event wekatrace193_a1bfbc403e0ae7ae35051047b2230c978e1f:event_311_parent_turn_311 skipping — predecessor failed
2026-10-02 04:40:31,266 - inference_perf.datagen.replay.replay_graph_session_datagen - INFO - Event wekatrace193_a1bfbc403e0ae7ae35051047b2230c978e1f:event_312_parent_turn_312 skipping — predecessor failed
2026-10-02 04:40:31,266 - inference_perf.datagen.replay.replay_graph_session_datagen - INFO - Event wekatrace193_a1bfbc403e0ae7ae35051047b2230c978e1f:event_313_parent_turn_313 skipping — predecessor failed
2026-10-02 04:40:31,267 - inference_perf.datagen.replay.replay_graph_session_datagen - INFO - Event wekatrace193_a1bfbc403e0ae7ae35051047b2230c978e1f:event_314_parent_turn_314 skipping — predecessor failed
2026-10-02 04:40:31,267 - inference_perf.datagen.replay.replay_graph_session_datagen - INFO - Event wekatrace193_a1bfbc403e0ae7ae35051047b2230c978e1f:event_315_parent_turn_315 skipping — predecessor failed
2026-10-02 04:40:31,267 - inference_perf.datagen.replay.replay_graph_session_datagen - INFO - Event wekatrace193_a1bfbc403e0ae7ae35051047b2230c978e1f:event_316_parent_turn_316 skipping — predecessor failed
2026-10-02 04:40:31,267 - inference_perf.datagen.replay.replay_graph_session_datagen - INFO - Event wekatrace193_a1bfbc403e0ae7ae35051047b2230c978e1f:event_317_parent_turn_317 skipping — predecessor failed
2026-10-02 04:40:31,267 - inference_perf.datagen.replay.replay_graph_session_datagen - INFO - Event wekatrace193_a1bfbc403e0ae7ae35051047b2230c978e1f:event_318_parent_turn_318 skipping — predecessor failed
2026-10-02 04:40:31,267 - inference_perf.datagen.replay.replay_graph_session_datagen - INFO - Event wekatrace193_a1bfbc403e0ae7ae35051047b2230c978e1f:event_319_parent_turn_319 skipping — predecessor failed
2026-10-02 04:40:31,267 - inference_perf.datagen.replay.replay_graph_session_datagen - INFO - Event wekatrace193_a1bfbc403e0ae7ae35051047b2230c978e1f:event_320_parent_turn_320 skipping — predecessor failed
2026-10-02 04:40:31,267 - inference_perf.datagen.replay.replay_graph_session_datagen - INFO - Event wekatrace193_a1bfbc403e0ae7ae35051047b2230c978e1f:event_321_parent_turn_321 skipping — predecessor failed
2026-10-02 04:40:31,267 - inference_perf.datagen.replay.replay_graph_session_datagen - INFO - Event wekatrace193_a1bfbc403e0ae7ae35051047b2230c978e1f:event_322_parent_turn_322 skipping — predecessor failed
2026-10-02 04:40:31,267 - inference_perf.datagen.replay.replay_graph_session_datagen - INFO - Event wekatrace193_a1bfbc403e0ae7ae35051047b2230c978e1f:event_323_parent_turn_323 skipping — predecessor failed
2026-10-02 04:40:31,267 - inference_perf.datagen.replay.replay_graph_session_datagen - INFO - Event wekatrace193_a1bfbc403e0ae7ae35051047b2230c978e1f:event_324_parent_turn_324 skipping — predecessor failed
2026-10-02 04:40:31,267 - inference_perf.datagen.replay.replay_graph_session_datagen - INFO - Event wekatrace193_a1bfbc403e0ae7ae35051047b2230c978e1f:event_325_parent_turn_325 skipping — predecessor failed
2026-10-02 04:40:31,268 - inference_perf.datagen.replay.replay_graph_session_datagen - INFO - Event wekatrace193_a1bfbc403e0ae7ae35051047b2230c978e1f:event_326_parent_turn_326 skipping — predecessor failed
2026-10-02 04:40:31,268 - inference_perf.datagen.replay.replay_graph_session_datagen - INFO - Event wekatrace193_a1bfbc403e0ae7ae35051047b2230c978e1f:event_327_parent_turn_327 skipping — predecessor failed
2026-10-02 04:40:31,268 - inference_perf.datagen.replay.replay_graph_session_datagen - INFO - Event wekatrace193_a1bfbc403e0ae7ae35051047b2230c978e1f:event_328_parent_turn_328 skipping — predecessor failed
2026-10-02 04:40:31,268 - inference_perf.datagen.replay.replay_graph_session_datagen - INFO - Event wekatrace193_a1bfbc403e0ae7ae35051047b2230c978e1f:event_329_parent_turn_329 skipping — predecessor failed
2026-10-02 04:40:31,268 - inference_perf.datagen.replay.replay_graph_session_datagen - INFO - Event wekatrace193_a1bfbc403e0ae7ae35051047b2230c978e1f:event_330_parent_turn_330 skipping — predecessor failed
2026-10-02 04:40:31,268 - inference_perf.datagen.replay.replay_graph_session_datagen - INFO - Event wekatrace193_a1bfbc403e0ae7ae35051047b2230c978e1f:event_331_parent_turn_331 skipping — predecessor failed
2026-10-02 04:40:31,268 - inference_perf.datagen.replay.replay_graph_session_datagen - INFO - Event wekatrace193_a1bfbc403e0ae7ae35051047b2230c978e1f:event_332_parent_turn_332 skipping — predecessor failed
2026-10-02 04:40:31,268 - inference_perf.datagen.replay.replay_graph_session_datagen - INFO - Event wekatrace193_a1bfbc403e0ae7ae35051047b2230c978e1f:event_333_parent_turn_333 skipping — predecessor failed
2026-10-02 04:40:31,268 - inference_perf.datagen.replay.replay_graph_session_datagen - INFO - Event wekatrace193_a1bfbc403e0ae7ae35051047b2230c978e1f:event_334_parent_turn_334 skipping — predecessor failed
2026-10-02 04:40:31,268 - inference_perf.datagen.replay.replay_graph_session_datagen - INFO - Event wekatrace193_a1bfbc403e0ae7ae35051047b2230c978e1f:event_335_parent_turn_335 skipping — predecessor failed
2026-10-02 04:40:31,269 - inference_perf.datagen.replay.replay_graph_session_datagen - INFO - Event wekatrace193_a1bfbc403e0ae7ae35051047b2230c978e1f:event_336_parent_turn_336 skipping — predecessor failed
2026-10-02 04:40:31,269 - inference_perf.datagen.replay.replay_graph_session_datagen - INFO - Event wekatrace193_a1bfbc403e0ae7ae35051047b2230c978e1f:event_337_parent_turn_337 skipping — predecessor failed
2026-10-02 04:40:31,269 - inference_perf.datagen.replay.replay_graph_session_datagen - INFO - Event wekatrace193_a1bfbc403e0ae7ae35051047b2230c978e1f:event_338_parent_turn_338 skipping — predecessor failed
2026-10-02 04:40:31,269 - inference_perf.datagen.replay.replay_graph_session_datagen - INFO - Event wekatrace193_a1bfbc403e0ae7ae35051047b2230c978e1f:event_339_parent_turn_339 skipping — predecessor failed
2026-10-02 04:40:31,269 - inference_perf.datagen.replay.replay_graph_session_datagen - INFO - Event wekatrace193_a1bfbc403e0ae7ae35051047b2230c978e1f:event_340_parent_turn_340 skipping — predecessor failed
2026-10-02 04:40:31,269 - inference_perf.datagen.replay.replay_graph_session_datagen - INFO - Event wekatrace193_a1bfbc403e0ae7ae35051047b2230c978e1f:event_341_parent_turn_341 skipping — predecessor failed
2026-10-02 04:40:31,269 - inference_perf.datagen.replay.replay_graph_session_datagen - INFO - Event wekatrace193_a1bfbc403e0ae7ae35051047b2230c978e1f:event_342_parent_turn_342 skipping — predecessor failed
2026-10-02 04:40:31,269 - inference_perf.datagen.replay.replay_graph_session_datagen - INFO - Event wekatrace193_a1bfbc403e0ae7ae35051047b2230c978e1f:event_343_parent_turn_343 skipping — predecessor failed
2026-10-02 04:40:31,269 - inference_perf.datagen.replay.replay_graph_session_datagen - INFO - Event wekatrace193_a1bfbc403e0ae7ae35051047b2230c978e1f:event_344_parent_turn_344 skipping — predecessor failed
2026-10-02 04:40:31,269 - inference_perf.datagen.replay.replay_graph_session_datagen - INFO - Event wekatrace193_a1bfbc403e0ae7ae35051047b2230c978e1f:event_345_parent_turn_345 skipping — predecessor failed
2026-10-02 04:40:31,269 - inference_perf.datagen.replay.replay_graph_session_datagen - INFO - Event wekatrace193_a1bfbc403e0ae7ae35051047b2230c978e1f:event_346_parent_turn_346 skipping — predecessor failed
2026-10-02 04:40:31,270 - inference_perf.datagen.replay.replay_graph_session_datagen - INFO - Event wekatrace193_a1bfbc403e0ae7ae35051047b2230c978e1f:event_347_parent_turn_347 skipping — predecessor failed
2026-10-02 04:40:31,270 - inference_perf.datagen.replay.replay_graph_session_datagen - INFO - Event wekatrace193_a1bfbc403e0ae7ae35051047b2230c978e1f:event_348_parent_turn_348 skipping — predecessor failed
2026-10-02 04:40:31,270 - inference_perf.datagen.replay.replay_graph_session_datagen - INFO - Event wekatrace193_a1bfbc403e0ae7ae35051047b2230c978e1f:event_349_parent_turn_349 skipping — predecessor failed
2026-10-02 04:40:31,270 - inference_perf.datagen.replay.replay_graph_session_datagen - INFO - Event wekatrace193_a1bfbc403e0ae7ae35051047b2230c978e1f:event_350_parent_turn_350 skipping — predecessor failed
2026-10-02 04:40:31,270 - inference_perf.datagen.replay.replay_graph_session_datagen - INFO - Event wekatrace193_a1bfbc403e0ae7ae35051047b2230c978e1f:event_351_parent_turn_351 skipping — predecessor failed
2026-10-02 04:40:36,233 - inference_perf.datagen.replay.replay_graph_session_datagen - ERROR - Request failed for event wekatrace316_f02519b0a1c78d3e61c31d06b41c518d827e:event_007_parent_turn_7: TimeoutError: 
2026-10-02 04:40:36,237 - inference_perf.datagen.replay.replay_graph_session_datagen - INFO - Session wekatrace316_f02519b0a1c78d3e61c31d06b41c518d827e failure notification sent to main process (cancelled_events=108)
2026-10-02 04:40:36,237 - inference_perf.client.modelserver.openai_client - ERROR - 
Traceback (most recent call last):
  File "/workspace/.venv/lib/python3.12/site-packages/aiohttp/streams.py", line 365, in _wait
    await waiter
asyncio.exceptions.CancelledError

The above exception was the direct cause of the following exception:

Traceback (most recent call last):
  File "/workspace/inference_perf/apis/streaming_parser.py", line 84, in parse_sse_stream
    async for chunk in response.content.iter_any():
  File "/workspace/.venv/lib/python3.12/site-packages/aiohttp/streams.py", line 46, in __anext__
    rv = await self.read_func()
         ^^^^^^^^^^^^^^^^^^^^^^
  File "/workspace/.venv/lib/python3.12/site-packages/aiohttp/streams.py", line 460, in readany
    await self._wait("readany")
  File "/workspace/.venv/lib/python3.12/site-packages/aiohttp/streams.py", line 364, in _wait
    with self._timer:
         ^^^^^^^^^^^
  File "/workspace/.venv/lib/python3.12/site-packages/aiohttp/helpers.py", line 759, in __exit__
    raise asyncio.TimeoutError from exc_val
TimeoutError

The above exception was the direct cause of the following exception:

Traceback (most recent call last):
  File "/workspace/inference_perf/client/modelserver/openai_client.py", line 557, in process_request
    info = await data.process_response(
           ^^^^^^^^^^^^^^^^^^^^^^^^^^^^
  File "/workspace/inference_perf/datagen/replay/replay_graph_session_datagen.py", line 1039, in process_response
    text_content, chunk_times, raw_content, response_chunks, server_usage = await parse_sse_stream(
                                                                            ^^^^^^^^^^^^^^^^^^^^^^^
  File "/workspace/inference_perf/apis/streaming_parser.py", line 119, in parse_sse_stream
    raise StreamInterruptedError(e, raw_content.decode("utf-8", errors="ignore")) from e
inference_perf.apis.streaming_parser.StreamInterruptedError
2026-10-02 04:40:36,243 - inference_perf.datagen.replay.replay_graph_session_datagen - INFO - Event wekatrace316_f02519b0a1c78d3e61c31d06b41c518d827e:event_008_parent_turn_8 skipping — predecessor failed
2026-10-02 04:40:36,243 - inference_perf.datagen.replay.replay_graph_session_datagen - INFO - Event wekatrace316_f02519b0a1c78d3e61c31d06b41c518d827e:event_009_parent_turn_9 skipping — predecessor failed
2026-10-02 04:40:36,243 - inference_perf.datagen.replay.replay_graph_session_datagen - INFO - Event wekatrace316_f02519b0a1c78d3e61c31d06b41c518d827e:event_010_parent_turn_10 skipping — predecessor failed
2026-10-02 04:40:36,243 - inference_perf.datagen.replay.replay_graph_session_datagen - INFO - Event wekatrace316_f02519b0a1c78d3e61c31d06b41c518d827e:event_011_parent_turn_11 skipping — predecessor failed
2026-10-02 04:40:36,243 - inference_perf.datagen.replay.replay_graph_session_datagen - INFO - Event wekatrace316_f02519b0a1c78d3e61c31d06b41c518d827e:event_012_sa_subagent_001_e8a8d1a5_s0_turn_0 skipping — predecessor failed
2026-10-02 04:40:36,243 - inference_perf.datagen.replay.replay_graph_session_datagen - INFO - Event wekatrace316_f02519b0a1c78d3e61c31d06b41c518d827e:event_027_parent_turn_12 skipping — predecessor failed
2026-10-02 04:40:36,243 - inference_perf.datagen.replay.replay_graph_session_datagen - INFO - Event wekatrace316_f02519b0a1c78d3e61c31d06b41c518d827e:event_013_sa_subagent_001_e8a8d1a5_s0_turn_1 skipping — predecessor failed
2026-10-02 04:40:36,244 - inference_perf.datagen.replay.replay_graph_session_datagen - INFO - Event wekatrace316_f02519b0a1c78d3e61c31d06b41c518d827e:event_043_parent_turn_13 skipping — predecessor failed
2026-10-02 04:40:36,244 - inference_perf.datagen.replay.replay_graph_session_datagen - INFO - Event wekatrace316_f02519b0a1c78d3e61c31d06b41c518d827e:event_014_sa_subagent_001_e8a8d1a5_s0_turn_2 skipping — predecessor failed
2026-10-02 04:40:36,244 - inference_perf.datagen.replay.replay_graph_session_datagen - INFO - Event wekatrace316_f02519b0a1c78d3e61c31d06b41c518d827e:event_044_parent_turn_14 skipping — predecessor failed
2026-10-02 04:40:36,244 - inference_perf.datagen.replay.replay_graph_session_datagen - INFO - Event wekatrace316_f02519b0a1c78d3e61c31d06b41c518d827e:event_015_sa_subagent_002_6bd6e3ad_s0_turn_0 skipping — predecessor failed
2026-10-02 04:40:36,244 - inference_perf.datagen.replay.replay_graph_session_datagen - INFO - Event wekatrace316_f02519b0a1c78d3e61c31d06b41c518d827e:event_045_parent_turn_15 skipping — predecessor failed
2026-10-02 04:40:36,244 - inference_perf.datagen.replay.replay_graph_session_datagen - INFO - Event wekatrace316_f02519b0a1c78d3e61c31d06b41c518d827e:event_046_parent_turn_16 skipping — predecessor failed
2026-10-02 04:40:36,244 - inference_perf.datagen.replay.replay_graph_session_datagen - INFO - Event wekatrace316_f02519b0a1c78d3e61c31d06b41c518d827e:event_047_parent_turn_17 skipping — predecessor failed
2026-10-02 04:40:36,244 - inference_perf.datagen.replay.replay_graph_session_datagen - INFO - Event wekatrace316_f02519b0a1c78d3e61c31d06b41c518d827e:event_016_sa_subagent_002_6bd6e3ad_s0_turn_1 skipping — predecessor failed
2026-10-02 04:40:36,244 - inference_perf.datagen.replay.replay_graph_session_datagen - INFO - Event wekatrace316_f02519b0a1c78d3e61c31d06b41c518d827e:event_048_parent_turn_18 skipping — predecessor failed
2026-10-02 04:40:36,244 - inference_perf.datagen.replay.replay_graph_session_datagen - INFO - Event wekatrace316_f02519b0a1c78d3e61c31d06b41c518d827e:event_049_parent_turn_19 skipping — predecessor failed
2026-10-02 04:40:36,244 - inference_perf.datagen.replay.replay_graph_session_datagen - INFO - Event wekatrace316_f02519b0a1c78d3e61c31d06b41c518d827e:event_017_sa_subagent_002_6bd6e3ad_s0_turn_2 skipping — predecessor failed
2026-10-02 04:40:36,245 - inference_perf.datagen.replay.replay_graph_session_datagen - INFO - Event wekatrace316_f02519b0a1c78d3e61c31d06b41c518d827e:event_018_sa_subagent_002_6bd6e3ad_s0_turn_3 skipping — predecessor failed
2026-10-02 04:40:36,245 - inference_perf.datagen.replay.replay_graph_session_datagen - INFO - Event wekatrace316_f02519b0a1c78d3e61c31d06b41c518d827e:event_050_parent_turn_20 skipping — predecessor failed
2026-10-02 04:40:36,245 - inference_perf.datagen.replay.replay_graph_session_datagen - INFO - Event wekatrace316_f02519b0a1c78d3e61c31d06b41c518d827e:event_019_sa_subagent_003_4015b5e5_s0_turn_0 skipping — predecessor failed
2026-10-02 04:40:36,245 - inference_perf.datagen.replay.replay_graph_session_datagen - INFO - Event wekatrace316_f02519b0a1c78d3e61c31d06b41c518d827e:event_051_parent_turn_21 skipping — predecessor failed
2026-10-02 04:40:36,245 - inference_perf.datagen.replay.replay_graph_session_datagen - INFO - Event wekatrace316_f02519b0a1c78d3e61c31d06b41c518d827e:event_020_sa_subagent_003_4015b5e5_s0_turn_1 skipping — predecessor failed
2026-10-02 04:40:36,245 - inference_perf.datagen.replay.replay_graph_session_datagen - INFO - Event wekatrace316_f02519b0a1c78d3e61c31d06b41c518d827e:event_052_parent_turn_22 skipping — predecessor failed
2026-10-02 04:40:36,245 - inference_perf.datagen.replay.replay_graph_session_datagen - INFO - Event wekatrace316_f02519b0a1c78d3e61c31d06b41c518d827e:event_021_sa_subagent_003_4015b5e5_s0_turn_2 skipping — predecessor failed
2026-10-02 04:40:36,245 - inference_perf.datagen.replay.replay_graph_session_datagen - INFO - Event wekatrace316_f02519b0a1c78d3e61c31d06b41c518d827e:event_022_sa_subagent_003_4015b5e5_s0_turn_3 skipping — predecessor failed
2026-10-02 04:40:36,245 - inference_perf.datagen.replay.replay_graph_session_datagen - INFO - Event wekatrace316_f02519b0a1c78d3e61c31d06b41c518d827e:event_053_parent_turn_23 skipping — predecessor failed
2026-10-02 04:40:36,245 - inference_perf.datagen.replay.replay_graph_session_datagen - INFO - Event wekatrace316_f02519b0a1c78d3e61c31d06b41c518d827e:event_023_sa_subagent_004_b58d0933_s0_turn_0 skipping — predecessor failed
2026-10-02 04:40:36,245 - inference_perf.datagen.replay.replay_graph_session_datagen - INFO - Event wekatrace316_f02519b0a1c78d3e61c31d06b41c518d827e:event_054_parent_turn_24 skipping — predecessor failed
2026-10-02 04:40:36,246 - inference_perf.datagen.replay.replay_graph_session_datagen - INFO - Event wekatrace316_f02519b0a1c78d3e61c31d06b41c518d827e:event_024_sa_subagent_004_b58d0933_s0_turn_1 skipping — predecessor failed
2026-10-02 04:40:36,246 - inference_perf.datagen.replay.replay_graph_session_datagen - INFO - Event wekatrace316_f02519b0a1c78d3e61c31d06b41c518d827e:event_055_parent_turn_25 skipping — predecessor failed
2026-10-02 04:40:36,246 - inference_perf.datagen.replay.replay_graph_session_datagen - INFO - Event wekatrace316_f02519b0a1c78d3e61c31d06b41c518d827e:event_025_sa_subagent_004_b58d0933_s0_turn_2 skipping — predecessor failed
2026-10-02 04:40:36,246 - inference_perf.datagen.replay.replay_graph_session_datagen - INFO - Event wekatrace316_f02519b0a1c78d3e61c31d06b41c518d827e:event_026_sa_subagent_004_b58d0933_s0_turn_3 skipping — predecessor failed
2026-10-02 04:40:36,246 - inference_perf.datagen.replay.replay_graph_session_datagen - INFO - Event wekatrace316_f02519b0a1c78d3e61c31d06b41c518d827e:event_056_parent_turn_26 skipping — predecessor failed
2026-10-02 04:40:36,246 - inference_perf.datagen.replay.replay_graph_session_datagen - INFO - Event wekatrace316_f02519b0a1c78d3e61c31d06b41c518d827e:event_028_sa_subagent_005_603a4f32_s0_turn_0 skipping — predecessor failed
2026-10-02 04:40:36,246 - inference_perf.datagen.replay.replay_graph_session_datagen - INFO - Event wekatrace316_f02519b0a1c78d3e61c31d06b41c518d827e:event_057_parent_turn_27 skipping — predecessor failed
2026-10-02 04:40:36,246 - inference_perf.datagen.replay.replay_graph_session_datagen - INFO - Event wekatrace316_f02519b0a1c78d3e61c31d06b41c518d827e:event_058_parent_turn_28 skipping — predecessor failed
2026-10-02 04:40:36,246 - inference_perf.datagen.replay.replay_graph_session_datagen - INFO - Event wekatrace316_f02519b0a1c78d3e61c31d06b41c518d827e:event_029_sa_subagent_005_603a4f32_s0_turn_1 skipping — predecessor failed
2026-10-02 04:40:36,246 - inference_perf.datagen.replay.replay_graph_session_datagen - INFO - Event wekatrace316_f02519b0a1c78d3e61c31d06b41c518d827e:event_059_parent_turn_29 skipping — predecessor failed
2026-10-02 04:40:36,246 - inference_perf.datagen.replay.replay_graph_session_datagen - INFO - Event wekatrace316_f02519b0a1c78d3e61c31d06b41c518d827e:event_060_parent_turn_30 skipping — predecessor failed
2026-10-02 04:40:36,247 - inference_perf.datagen.replay.replay_graph_session_datagen - INFO - Event wekatrace316_f02519b0a1c78d3e61c31d06b41c518d827e:event_030_sa_subagent_005_603a4f32_s0_turn_2 skipping — predecessor failed
2026-10-02 04:40:36,247 - inference_perf.datagen.replay.replay_graph_session_datagen - INFO - Event wekatrace316_f02519b0a1c78d3e61c31d06b41c518d827e:event_031_sa_subagent_005_603a4f32_s0_turn_3 skipping — predecessor failed
2026-10-02 04:40:36,247 - inference_perf.datagen.replay.replay_graph_session_datagen - INFO - Event wekatrace316_f02519b0a1c78d3e61c31d06b41c518d827e:event_061_parent_turn_31 skipping — predecessor failed
2026-10-02 04:40:36,247 - inference_perf.datagen.replay.replay_graph_session_datagen - INFO - Event wekatrace316_f02519b0a1c78d3e61c31d06b41c518d827e:event_032_sa_subagent_006_5487f37f_s0_turn_0 skipping — predecessor failed
2026-10-02 04:40:36,247 - inference_perf.datagen.replay.replay_graph_session_datagen - INFO - Event wekatrace316_f02519b0a1c78d3e61c31d06b41c518d827e:event_062_parent_turn_32 skipping — predecessor failed
2026-10-02 04:40:36,247 - inference_perf.datagen.replay.replay_graph_session_datagen - INFO - Event wekatrace316_f02519b0a1c78d3e61c31d06b41c518d827e:event_033_sa_subagent_006_5487f37f_s0_turn_1 skipping — predecessor failed
2026-10-02 04:40:36,247 - inference_perf.datagen.replay.replay_graph_session_datagen - INFO - Event wekatrace316_f02519b0a1c78d3e61c31d06b41c518d827e:event_063_parent_turn_33 skipping — predecessor failed
2026-10-02 04:40:36,247 - inference_perf.datagen.replay.replay_graph_session_datagen - INFO - Event wekatrace316_f02519b0a1c78d3e61c31d06b41c518d827e:event_064_parent_turn_34 skipping — predecessor failed
2026-10-02 04:40:36,247 - inference_perf.datagen.replay.replay_graph_session_datagen - INFO - Event wekatrace316_f02519b0a1c78d3e61c31d06b41c518d827e:event_034_sa_subagent_006_5487f37f_s0_turn_2 skipping — predecessor failed
2026-10-02 04:40:36,247 - inference_perf.datagen.replay.replay_graph_session_datagen - INFO - Event wekatrace316_f02519b0a1c78d3e61c31d06b41c518d827e:event_035_sa_subagent_006_5487f37f_s0_turn_3 skipping — predecessor failed
2026-10-02 04:40:36,248 - inference_perf.datagen.replay.replay_graph_session_datagen - INFO - Event wekatrace316_f02519b0a1c78d3e61c31d06b41c518d827e:event_065_parent_turn_35 skipping — predecessor failed
2026-10-02 04:40:36,248 - inference_perf.datagen.replay.replay_graph_session_datagen - INFO - Event wekatrace316_f02519b0a1c78d3e61c31d06b41c518d827e:event_036_sa_subagent_007_c1173b54_s0_turn_0 skipping — predecessor failed
2026-10-02 04:40:36,248 - inference_perf.datagen.replay.replay_graph_session_datagen - INFO - Event wekatrace316_f02519b0a1c78d3e61c31d06b41c518d827e:event_066_parent_turn_36 skipping — predecessor failed
2026-10-02 04:40:36,248 - inference_perf.datagen.replay.replay_graph_session_datagen - INFO - Event wekatrace316_f02519b0a1c78d3e61c31d06b41c518d827e:event_067_parent_turn_37 skipping — predecessor failed
2026-10-02 04:40:36,248 - inference_perf.datagen.replay.replay_graph_session_datagen - INFO - Event wekatrace316_f02519b0a1c78d3e61c31d06b41c518d827e:event_037_sa_subagent_007_c1173b54_s0_turn_1 skipping — predecessor failed
2026-10-02 04:40:36,248 - inference_perf.datagen.replay.replay_graph_session_datagen - INFO - Event wekatrace316_f02519b0a1c78d3e61c31d06b41c518d827e:event_068_parent_turn_38 skipping — predecessor failed
2026-10-02 04:40:36,248 - inference_perf.datagen.replay.replay_graph_session_datagen - INFO - Event wekatrace316_f02519b0a1c78d3e61c31d06b41c518d827e:event_038_sa_subagent_007_c1173b54_s0_turn_2 skipping — predecessor failed
2026-10-02 04:40:36,248 - inference_perf.datagen.replay.replay_graph_session_datagen - INFO - Event wekatrace316_f02519b0a1c78d3e61c31d06b41c518d827e:event_039_sa_subagent_007_c1173b54_s0_turn_3 skipping — predecessor failed
2026-10-02 04:40:36,248 - inference_perf.datagen.replay.replay_graph_session_datagen - INFO - Event wekatrace316_f02519b0a1c78d3e61c31d06b41c518d827e:event_069_parent_turn_39 skipping — predecessor failed
2026-10-02 04:40:36,249 - inference_perf.datagen.replay.replay_graph_session_datagen - INFO - Event wekatrace316_f02519b0a1c78d3e61c31d06b41c518d827e:event_040_sa_subagent_008_25949ec4_s0_turn_0 skipping — predecessor failed
2026-10-02 04:40:36,249 - inference_perf.datagen.replay.replay_graph_session_datagen - INFO - Event wekatrace316_f02519b0a1c78d3e61c31d06b41c518d827e:event_070_parent_turn_40 skipping — predecessor failed
2026-10-02 04:40:36,249 - inference_perf.datagen.replay.replay_graph_session_datagen - INFO - Event wekatrace316_f02519b0a1c78d3e61c31d06b41c518d827e:event_041_sa_subagent_008_25949ec4_s0_turn_1 skipping — predecessor failed
2026-10-02 04:40:36,249 - inference_perf.datagen.replay.replay_graph_session_datagen - INFO - Event wekatrace316_f02519b0a1c78d3e61c31d06b41c518d827e:event_071_parent_turn_41 skipping — predecessor failed
2026-10-02 04:40:36,250 - inference_perf.datagen.replay.replay_graph_session_datagen - INFO - Event wekatrace316_f02519b0a1c78d3e61c31d06b41c518d827e:event_072_parent_turn_42 skipping — predecessor failed
2026-10-02 04:40:36,250 - inference_perf.datagen.replay.replay_graph_session_datagen - INFO - Event wekatrace316_f02519b0a1c78d3e61c31d06b41c518d827e:event_073_parent_turn_43 skipping — predecessor failed
2026-10-02 04:40:36,250 - inference_perf.datagen.replay.replay_graph_session_datagen - INFO - Event wekatrace316_f02519b0a1c78d3e61c31d06b41c518d827e:event_074_parent_turn_44 skipping — predecessor failed
2026-10-02 04:40:36,250 - inference_perf.datagen.replay.replay_graph_session_datagen - INFO - Event wekatrace316_f02519b0a1c78d3e61c31d06b41c518d827e:event_042_sa_subagent_008_25949ec4_s0_turn_2 skipping — predecessor failed
2026-10-02 04:40:36,250 - inference_perf.datagen.replay.replay_graph_session_datagen - INFO - Event wekatrace316_f02519b0a1c78d3e61c31d06b41c518d827e:event_075_parent_turn_45 skipping — predecessor failed
2026-10-02 04:40:36,251 - inference_perf.datagen.replay.replay_graph_session_datagen - INFO - Event wekatrace316_f02519b0a1c78d3e61c31d06b41c518d827e:event_076_parent_turn_46 skipping — predecessor failed
2026-10-02 04:40:36,251 - inference_perf.datagen.replay.replay_graph_session_datagen - INFO - Event wekatrace316_f02519b0a1c78d3e61c31d06b41c518d827e:event_077_parent_turn_47 skipping — predecessor failed
2026-10-02 04:40:36,251 - inference_perf.datagen.replay.replay_graph_session_datagen - INFO - Event wekatrace316_f02519b0a1c78d3e61c31d06b41c518d827e:event_078_sa_subagent_009_3c671431_s0_turn_0 skipping — predecessor failed
2026-10-02 04:40:36,251 - inference_perf.datagen.replay.replay_graph_session_datagen - INFO - Event wekatrace316_f02519b0a1c78d3e61c31d06b41c518d827e:event_079_sa_subagent_009_3c671431_s0_turn_1 skipping — predecessor failed
2026-10-02 04:40:36,252 - inference_perf.datagen.replay.replay_graph_session_datagen - INFO - Event wekatrace316_f02519b0a1c78d3e61c31d06b41c518d827e:event_080_sa_subagent_009_3c671431_s0_turn_2 skipping — predecessor failed
2026-10-02 04:40:36,252 - inference_perf.datagen.replay.replay_graph_session_datagen - INFO - Event wekatrace316_f02519b0a1c78d3e61c31d06b41c518d827e:event_081_sa_subagent_009_3c671431_s0_turn_3 skipping — predecessor failed
2026-10-02 04:40:36,252 - inference_perf.datagen.replay.replay_graph_session_datagen - INFO - Event wekatrace316_f02519b0a1c78d3e61c31d06b41c518d827e:event_082_sa_subagent_009_3c671431_s0_turn_4 skipping — predecessor failed
2026-10-02 04:40:36,252 - inference_perf.datagen.replay.replay_graph_session_datagen - INFO - Event wekatrace316_f02519b0a1c78d3e61c31d06b41c518d827e:event_083_sa_subagent_010_b504127c_s0_turn_0 skipping — predecessor failed
2026-10-02 04:40:36,252 - inference_perf.datagen.replay.replay_graph_session_datagen - INFO - Event wekatrace316_f02519b0a1c78d3e61c31d06b41c518d827e:event_084_sa_subagent_010_b504127c_s0_turn_1 skipping — predecessor failed
2026-10-02 04:40:36,252 - inference_perf.datagen.replay.replay_graph_session_datagen - INFO - Event wekatrace316_f02519b0a1c78d3e61c31d06b41c518d827e:event_085_sa_subagent_010_b504127c_s0_turn_2 skipping — predecessor failed
2026-10-02 04:40:36,252 - inference_perf.datagen.replay.replay_graph_session_datagen - INFO - Event wekatrace316_f02519b0a1c78d3e61c31d06b41c518d827e:event_086_sa_subagent_010_b504127c_s0_turn_3 skipping — predecessor failed
2026-10-02 04:40:36,253 - inference_perf.datagen.replay.replay_graph_session_datagen - INFO - Event wekatrace316_f02519b0a1c78d3e61c31d06b41c518d827e:event_087_sa_subagent_010_b504127c_s0_turn_4 skipping — predecessor failed
2026-10-02 04:40:36,253 - inference_perf.datagen.replay.replay_graph_session_datagen - INFO - Event wekatrace316_f02519b0a1c78d3e61c31d06b41c518d827e:event_088_sa_subagent_011_abc9014e_s0_turn_0 skipping — predecessor failed
2026-10-02 04:40:36,253 - inference_perf.datagen.replay.replay_graph_session_datagen - INFO - Event wekatrace316_f02519b0a1c78d3e61c31d06b41c518d827e:event_089_sa_subagent_011_abc9014e_s0_turn_1 skipping — predecessor failed
2026-10-02 04:40:36,253 - inference_perf.datagen.replay.replay_graph_session_datagen - INFO - Event wekatrace316_f02519b0a1c78d3e61c31d06b41c518d827e:event_090_sa_subagent_011_abc9014e_s0_turn_2 skipping — predecessor failed
2026-10-02 04:40:36,253 - inference_perf.datagen.replay.replay_graph_session_datagen - INFO - Event wekatrace316_f02519b0a1c78d3e61c31d06b41c518d827e:event_091_sa_subagent_011_abc9014e_s0_turn_3 skipping — predecessor failed
2026-10-02 04:40:36,253 - inference_perf.datagen.replay.replay_graph_session_datagen - INFO - Event wekatrace316_f02519b0a1c78d3e61c31d06b41c518d827e:event_092_sa_subagent_011_abc9014e_s0_turn_4 skipping — predecessor failed
2026-10-02 04:40:36,254 - inference_perf.datagen.replay.replay_graph_session_datagen - INFO - Event wekatrace316_f02519b0a1c78d3e61c31d06b41c518d827e:event_093_sa_subagent_012_787e7ffc_s0_turn_0 skipping — predecessor failed
2026-10-02 04:40:36,254 - inference_perf.datagen.replay.replay_graph_session_datagen - INFO - Event wekatrace316_f02519b0a1c78d3e61c31d06b41c518d827e:event_094_sa_subagent_012_787e7ffc_s0_turn_1 skipping — predecessor failed
2026-10-02 04:40:36,254 - inference_perf.datagen.replay.replay_graph_session_datagen - INFO - Event wekatrace316_f02519b0a1c78d3e61c31d06b41c518d827e:event_095_sa_subagent_012_787e7ffc_s0_turn_2 skipping — predecessor failed
2026-10-02 04:40:36,254 - inference_perf.datagen.replay.replay_graph_session_datagen - INFO - Event wekatrace316_f02519b0a1c78d3e61c31d06b41c518d827e:event_096_sa_subagent_013_ca0e5440_s0_turn_0 skipping — predecessor failed
2026-10-02 04:40:36,254 - inference_perf.datagen.replay.replay_graph_session_datagen - INFO - Event wekatrace316_f02519b0a1c78d3e61c31d06b41c518d827e:event_097_sa_subagent_013_ca0e5440_s0_turn_1 skipping — predecessor failed
2026-10-02 04:40:36,254 - inference_perf.datagen.replay.replay_graph_session_datagen - INFO - Event wekatrace316_f02519b0a1c78d3e61c31d06b41c518d827e:event_098_sa_subagent_013_ca0e5440_s0_turn_2 skipping — predecessor failed
2026-10-02 04:40:36,255 - inference_perf.datagen.replay.replay_graph_session_datagen - INFO - Event wekatrace316_f02519b0a1c78d3e61c31d06b41c518d827e:event_099_sa_subagent_013_ca0e5440_s0_turn_3 skipping — predecessor failed
2026-10-02 04:40:36,255 - inference_perf.datagen.replay.replay_graph_session_datagen - INFO - Event wekatrace316_f02519b0a1c78d3e61c31d06b41c518d827e:event_100_sa_subagent_014_c3e2c4c4_s0_turn_0 skipping — predecessor failed
2026-10-02 04:40:36,255 - inference_perf.datagen.replay.replay_graph_session_datagen - INFO - Event wekatrace316_f02519b0a1c78d3e61c31d06b41c518d827e:event_101_sa_subagent_014_c3e2c4c4_s0_turn_1 skipping — predecessor failed
2026-10-02 04:40:36,255 - inference_perf.datagen.replay.replay_graph_session_datagen - INFO - Event wekatrace316_f02519b0a1c78d3e61c31d06b41c518d827e:event_102_sa_subagent_014_c3e2c4c4_s0_turn_2 skipping — predecessor failed
2026-10-02 04:40:36,255 - inference_perf.datagen.replay.replay_graph_session_datagen - INFO - Event wekatrace316_f02519b0a1c78d3e61c31d06b41c518d827e:event_103_sa_subagent_014_c3e2c4c4_s0_turn_3 skipping — predecessor failed
2026-10-02 04:40:36,255 - inference_perf.datagen.replay.replay_graph_session_datagen - INFO - Event wekatrace316_f02519b0a1c78d3e61c31d06b41c518d827e:event_104_sa_subagent_015_740d5ee4_s0_turn_0 skipping — predecessor failed
2026-10-02 04:40:36,256 - inference_perf.datagen.replay.replay_graph_session_datagen - INFO - Event wekatrace316_f02519b0a1c78d3e61c31d06b41c518d827e:event_105_sa_subagent_015_740d5ee4_s0_turn_1 skipping — predecessor failed
2026-10-02 04:40:36,256 - inference_perf.datagen.replay.replay_graph_session_datagen - INFO - Event wekatrace316_f02519b0a1c78d3e61c31d06b41c518d827e:event_106_sa_subagent_015_740d5ee4_s0_turn_2 skipping — predecessor failed
2026-10-02 04:40:36,256 - inference_perf.datagen.replay.replay_graph_session_datagen - INFO - Event wekatrace316_f02519b0a1c78d3e61c31d06b41c518d827e:event_107_sa_subagent_015_740d5ee4_s0_turn_3 skipping — predecessor failed
2026-10-02 04:40:36,256 - inference_perf.datagen.replay.replay_graph_session_datagen - INFO - Event wekatrace316_f02519b0a1c78d3e61c31d06b41c518d827e:event_108_sa_subagent_016_2db0c568_s0_turn_0 skipping — predecessor failed
2026-10-02 04:40:36,256 - inference_perf.datagen.replay.replay_graph_session_datagen - INFO - Event wekatrace316_f02519b0a1c78d3e61c31d06b41c518d827e:event_109_sa_subagent_016_2db0c568_s0_turn_1 skipping — predecessor failed
2026-10-02 04:40:36,256 - inference_perf.datagen.replay.replay_graph_session_datagen - INFO - Dispatching session wekatrace127_73cd34b22328e6f975b7fbaef20a45b31912: 40 events
2026-10-02 04:40:36,256 - inference_perf.datagen.replay.replay_graph_session_datagen - INFO - Event wekatrace316_f02519b0a1c78d3e61c31d06b41c518d827e:event_110_sa_subagent_016_2db0c568_s0_turn_2 skipping — predecessor failed
2026-10-02 04:40:36,256 - inference_perf.datagen.replay.replay_graph_session_datagen - INFO - Event wekatrace316_f02519b0a1c78d3e61c31d06b41c518d827e:event_111_sa_subagent_017_5413e519_s0_turn_0 skipping — predecessor failed
2026-10-02 04:40:36,257 - inference_perf.datagen.replay.replay_graph_session_datagen - INFO - Event wekatrace316_f02519b0a1c78d3e61c31d06b41c518d827e:event_112_sa_subagent_017_5413e519_s0_turn_1 skipping — predecessor failed
2026-10-02 04:40:36,257 - inference_perf.datagen.replay.replay_graph_session_datagen - INFO - Event wekatrace316_f02519b0a1c78d3e61c31d06b41c518d827e:event_113_sa_subagent_017_5413e519_s0_turn_2 skipping — predecessor failed
2026-10-02 04:40:36,257 - inference_perf.datagen.replay.replay_graph_session_datagen - INFO - Event wekatrace316_f02519b0a1c78d3e61c31d06b41c518d827e:event_114_sa_subagent_017_5413e519_s0_turn_3 skipping — predecessor failed
2026-10-02 04:40:36,257 - inference_perf.datagen.replay.replay_graph_session_datagen - INFO - Event wekatrace316_f02519b0a1c78d3e61c31d06b41c518d827e:event_115_sa_subagent_017_5413e519_s0_turn_4 skipping — predecessor failed
2026-10-02 04:40:59,931 - inference_perf.datagen.replay.replay_graph_session_datagen - INFO - Dispatching session wekatrace143_7da6e67a2c4e4ec4f07622c9d6f73adb1b5f: 33 events
2026-10-02 04:41:49,233 - inference_perf.datagen.replay.replay_graph_session_datagen - ERROR - Request failed for event wekatrace333_fabd95c42f988d51e6c96ae9472bc7f69860:event_004_parent_turn_4: TimeoutError: 
2026-10-02 04:41:49,234 - inference_perf.datagen.replay.replay_graph_session_datagen - INFO - Session wekatrace333_fabd95c42f988d51e6c96ae9472bc7f69860 failure notification sent to main process (cancelled_events=165)
2026-10-02 04:41:49,235 - inference_perf.client.modelserver.openai_client - ERROR - 
Traceback (most recent call last):
  File "/workspace/.venv/lib/python3.12/site-packages/aiohttp/streams.py", line 365, in _wait
    await waiter
asyncio.exceptions.CancelledError

The above exception was the direct cause of the following exception:

Traceback (most recent call last):
  File "/workspace/inference_perf/apis/streaming_parser.py", line 84, in parse_sse_stream
    async for chunk in response.content.iter_any():
  File "/workspace/.venv/lib/python3.12/site-packages/aiohttp/streams.py", line 46, in __anext__
    rv = await self.read_func()
         ^^^^^^^^^^^^^^^^^^^^^^
  File "/workspace/.venv/lib/python3.12/site-packages/aiohttp/streams.py", line 460, in readany
    await self._wait("readany")
  File "/workspace/.venv/lib/python3.12/site-packages/aiohttp/streams.py", line 364, in _wait
    with self._timer:
         ^^^^^^^^^^^
  File "/workspace/.venv/lib/python3.12/site-packages/aiohttp/helpers.py", line 759, in __exit__
    raise asyncio.TimeoutError from exc_val
TimeoutError

The above exception was the direct cause of the following exception:

Traceback (most recent call last):
  File "/workspace/inference_perf/client/modelserver/openai_client.py", line 557, in process_request
    info = await data.process_response(
           ^^^^^^^^^^^^^^^^^^^^^^^^^^^^
  File "/workspace/inference_perf/datagen/replay/replay_graph_session_datagen.py", line 1039, in process_response
    text_content, chunk_times, raw_content, response_chunks, server_usage = await parse_sse_stream(
                                                                            ^^^^^^^^^^^^^^^^^^^^^^^
  File "/workspace/inference_perf/apis/streaming_parser.py", line 119, in parse_sse_stream
    raise StreamInterruptedError(e, raw_content.decode("utf-8", errors="ignore")) from e
inference_perf.apis.streaming_parser.StreamInterruptedError
2026-10-02 04:41:49,240 - inference_perf.datagen.replay.replay_graph_session_datagen - INFO - Event wekatrace333_fabd95c42f988d51e6c96ae9472bc7f69860:event_005_parent_turn_5 skipping — predecessor failed
2026-10-02 04:41:49,241 - inference_perf.datagen.replay.replay_graph_session_datagen - INFO - Event wekatrace333_fabd95c42f988d51e6c96ae9472bc7f69860:event_006_parent_turn_6 skipping — predecessor failed
2026-10-02 04:41:49,241 - inference_perf.datagen.replay.replay_graph_session_datagen - INFO - Event wekatrace333_fabd95c42f988d51e6c96ae9472bc7f69860:event_007_parent_turn_7 skipping — predecessor failed
2026-10-02 04:41:49,241 - inference_perf.datagen.replay.replay_graph_session_datagen - INFO - Event wekatrace333_fabd95c42f988d51e6c96ae9472bc7f69860:event_008_parent_turn_8 skipping — predecessor failed
2026-10-02 04:41:49,241 - inference_perf.datagen.replay.replay_graph_session_datagen - INFO - Event wekatrace333_fabd95c42f988d51e6c96ae9472bc7f69860:event_009_parent_turn_9 skipping — predecessor failed
2026-10-02 04:41:49,241 - inference_perf.datagen.replay.replay_graph_session_datagen - INFO - Event wekatrace333_fabd95c42f988d51e6c96ae9472bc7f69860:event_010_parent_turn_10 skipping — predecessor failed
2026-10-02 04:41:49,241 - inference_perf.datagen.replay.replay_graph_session_datagen - INFO - Event wekatrace333_fabd95c42f988d51e6c96ae9472bc7f69860:event_011_parent_turn_11 skipping — predecessor failed
2026-10-02 04:41:49,242 - inference_perf.datagen.replay.replay_graph_session_datagen - INFO - Event wekatrace333_fabd95c42f988d51e6c96ae9472bc7f69860:event_012_parent_turn_12 skipping — predecessor failed
2026-10-02 04:41:49,242 - inference_perf.datagen.replay.replay_graph_session_datagen - INFO - Event wekatrace333_fabd95c42f988d51e6c96ae9472bc7f69860:event_013_parent_turn_13 skipping — predecessor failed
2026-10-02 04:41:49,242 - inference_perf.datagen.replay.replay_graph_session_datagen - INFO - Event wekatrace333_fabd95c42f988d51e6c96ae9472bc7f69860:event_014_parent_turn_14 skipping — predecessor failed
2026-10-02 04:41:49,242 - inference_perf.datagen.replay.replay_graph_session_datagen - INFO - Event wekatrace333_fabd95c42f988d51e6c96ae9472bc7f69860:event_015_parent_turn_15 skipping — predecessor failed
2026-10-02 04:41:49,242 - inference_perf.datagen.replay.replay_graph_session_datagen - INFO - Event wekatrace333_fabd95c42f988d51e6c96ae9472bc7f69860:event_016_parent_turn_16 skipping — predecessor failed
2026-10-02 04:41:49,242 - inference_perf.datagen.replay.replay_graph_session_datagen - INFO - Event wekatrace333_fabd95c42f988d51e6c96ae9472bc7f69860:event_017_parent_turn_17 skipping — predecessor failed
2026-10-02 04:41:49,242 - inference_perf.datagen.replay.replay_graph_session_datagen - INFO - Event wekatrace333_fabd95c42f988d51e6c96ae9472bc7f69860:event_018_parent_turn_18 skipping — predecessor failed
2026-10-02 04:41:49,242 - inference_perf.datagen.replay.replay_graph_session_datagen - INFO - Event wekatrace333_fabd95c42f988d51e6c96ae9472bc7f69860:event_019_parent_turn_19 skipping — predecessor failed
2026-10-02 04:41:49,242 - inference_perf.datagen.replay.replay_graph_session_datagen - INFO - Event wekatrace333_fabd95c42f988d51e6c96ae9472bc7f69860:event_020_parent_turn_20 skipping — predecessor failed
2026-10-02 04:41:49,242 - inference_perf.datagen.replay.replay_graph_session_datagen - INFO - Event wekatrace333_fabd95c42f988d51e6c96ae9472bc7f69860:event_021_parent_turn_21 skipping — predecessor failed
2026-10-02 04:41:49,243 - inference_perf.datagen.replay.replay_graph_session_datagen - INFO - Event wekatrace333_fabd95c42f988d51e6c96ae9472bc7f69860:event_022_parent_turn_22 skipping — predecessor failed
2026-10-02 04:41:49,243 - inference_perf.datagen.replay.replay_graph_session_datagen - INFO - Event wekatrace333_fabd95c42f988d51e6c96ae9472bc7f69860:event_023_parent_turn_23 skipping — predecessor failed
2026-10-02 04:41:49,243 - inference_perf.datagen.replay.replay_graph_session_datagen - INFO - Event wekatrace333_fabd95c42f988d51e6c96ae9472bc7f69860:event_024_parent_turn_24 skipping — predecessor failed
2026-10-02 04:41:49,243 - inference_perf.datagen.replay.replay_graph_session_datagen - INFO - Event wekatrace333_fabd95c42f988d51e6c96ae9472bc7f69860:event_025_parent_turn_25 skipping — predecessor failed
2026-10-02 04:41:49,243 - inference_perf.datagen.replay.replay_graph_session_datagen - INFO - Event wekatrace333_fabd95c42f988d51e6c96ae9472bc7f69860:event_026_parent_turn_26 skipping — predecessor failed
2026-10-02 04:41:49,243 - inference_perf.datagen.replay.replay_graph_session_datagen - INFO - Event wekatrace333_fabd95c42f988d51e6c96ae9472bc7f69860:event_027_parent_turn_27 skipping — predecessor failed
2026-10-02 04:41:49,243 - inference_perf.datagen.replay.replay_graph_session_datagen - INFO - Event wekatrace333_fabd95c42f988d51e6c96ae9472bc7f69860:event_028_parent_turn_28 skipping — predecessor failed
2026-10-02 04:41:49,244 - inference_perf.datagen.replay.replay_graph_session_datagen - INFO - Event wekatrace333_fabd95c42f988d51e6c96ae9472bc7f69860:event_029_parent_turn_29 skipping — predecessor failed
2026-10-02 04:41:49,244 - inference_perf.datagen.replay.replay_graph_session_datagen - INFO - Event wekatrace333_fabd95c42f988d51e6c96ae9472bc7f69860:event_030_parent_turn_30 skipping — predecessor failed
2026-10-02 04:41:49,244 - inference_perf.datagen.replay.replay_graph_session_datagen - INFO - Event wekatrace333_fabd95c42f988d51e6c96ae9472bc7f69860:event_031_parent_turn_31 skipping — predecessor failed
2026-10-02 04:41:49,244 - inference_perf.datagen.replay.replay_graph_session_datagen - INFO - Event wekatrace333_fabd95c42f988d51e6c96ae9472bc7f69860:event_032_parent_turn_32 skipping — predecessor failed
2026-10-02 04:41:49,244 - inference_perf.datagen.replay.replay_graph_session_datagen - INFO - Event wekatrace333_fabd95c42f988d51e6c96ae9472bc7f69860:event_033_parent_turn_33 skipping — predecessor failed
2026-10-02 04:41:49,244 - inference_perf.datagen.replay.replay_graph_session_datagen - INFO - Event wekatrace333_fabd95c42f988d51e6c96ae9472bc7f69860:event_034_parent_turn_34 skipping — predecessor failed
2026-10-02 04:41:49,244 - inference_perf.datagen.replay.replay_graph_session_datagen - INFO - Event wekatrace333_fabd95c42f988d51e6c96ae9472bc7f69860:event_035_parent_turn_35 skipping — predecessor failed
2026-10-02 04:41:49,244 - inference_perf.datagen.replay.replay_graph_session_datagen - INFO - Event wekatrace333_fabd95c42f988d51e6c96ae9472bc7f69860:event_036_parent_turn_36 skipping — predecessor failed
2026-10-02 04:41:49,244 - inference_perf.datagen.replay.replay_graph_session_datagen - INFO - Event wekatrace333_fabd95c42f988d51e6c96ae9472bc7f69860:event_037_parent_turn_37 skipping — predecessor failed
2026-10-02 04:41:49,245 - inference_perf.datagen.replay.replay_graph_session_datagen - INFO - Event wekatrace333_fabd95c42f988d51e6c96ae9472bc7f69860:event_038_parent_turn_38 skipping — predecessor failed
2026-10-02 04:41:49,245 - inference_perf.datagen.replay.replay_graph_session_datagen - INFO - Event wekatrace333_fabd95c42f988d51e6c96ae9472bc7f69860:event_039_parent_turn_39 skipping — predecessor failed
2026-10-02 04:41:49,245 - inference_perf.datagen.replay.replay_graph_session_datagen - INFO - Event wekatrace333_fabd95c42f988d51e6c96ae9472bc7f69860:event_040_parent_turn_40 skipping — predecessor failed
2026-10-02 04:41:49,245 - inference_perf.datagen.replay.replay_graph_session_datagen - INFO - Event wekatrace333_fabd95c42f988d51e6c96ae9472bc7f69860:event_041_parent_turn_41 skipping — predecessor failed
2026-10-02 04:41:49,245 - inference_perf.datagen.replay.replay_graph_session_datagen - INFO - Event wekatrace333_fabd95c42f988d51e6c96ae9472bc7f69860:event_042_parent_turn_42 skipping — predecessor failed
2026-10-02 04:41:49,245 - inference_perf.datagen.replay.replay_graph_session_datagen - INFO - Event wekatrace333_fabd95c42f988d51e6c96ae9472bc7f69860:event_043_parent_turn_43 skipping — predecessor failed
2026-10-02 04:41:49,245 - inference_perf.datagen.replay.replay_graph_session_datagen - INFO - Event wekatrace333_fabd95c42f988d51e6c96ae9472bc7f69860:event_044_parent_turn_44 skipping — predecessor failed
2026-10-02 04:41:49,245 - inference_perf.datagen.replay.replay_graph_session_datagen - INFO - Event wekatrace333_fabd95c42f988d51e6c96ae9472bc7f69860:event_045_parent_turn_45 skipping — predecessor failed
2026-10-02 04:41:49,246 - inference_perf.datagen.replay.replay_graph_session_datagen - INFO - Event wekatrace333_fabd95c42f988d51e6c96ae9472bc7f69860:event_046_parent_turn_46 skipping — predecessor failed
2026-10-02 04:41:49,246 - inference_perf.datagen.replay.replay_graph_session_datagen - INFO - Event wekatrace333_fabd95c42f988d51e6c96ae9472bc7f69860:event_047_parent_turn_47 skipping — predecessor failed
2026-10-02 04:41:49,246 - inference_perf.datagen.replay.replay_graph_session_datagen - INFO - Event wekatrace333_fabd95c42f988d51e6c96ae9472bc7f69860:event_048_parent_turn_48 skipping — predecessor failed
2026-10-02 04:41:49,246 - inference_perf.datagen.replay.replay_graph_session_datagen - INFO - Event wekatrace333_fabd95c42f988d51e6c96ae9472bc7f69860:event_049_parent_turn_49 skipping — predecessor failed
2026-10-02 04:41:49,246 - inference_perf.datagen.replay.replay_graph_session_datagen - INFO - Event wekatrace333_fabd95c42f988d51e6c96ae9472bc7f69860:event_050_parent_turn_50 skipping — predecessor failed
2026-10-02 04:41:49,246 - inference_perf.datagen.replay.replay_graph_session_datagen - INFO - Event wekatrace333_fabd95c42f988d51e6c96ae9472bc7f69860:event_051_parent_turn_51 skipping — predecessor failed
2026-10-02 04:41:49,246 - inference_perf.datagen.replay.replay_graph_session_datagen - INFO - Event wekatrace333_fabd95c42f988d51e6c96ae9472bc7f69860:event_052_parent_turn_52 skipping — predecessor failed
2026-10-02 04:41:49,247 - inference_perf.datagen.replay.replay_graph_session_datagen - INFO - Event wekatrace333_fabd95c42f988d51e6c96ae9472bc7f69860:event_053_parent_turn_53 skipping — predecessor failed
2026-10-02 04:41:49,247 - inference_perf.datagen.replay.replay_graph_session_datagen - INFO - Event wekatrace333_fabd95c42f988d51e6c96ae9472bc7f69860:event_054_parent_turn_54 skipping — predecessor failed
2026-10-02 04:41:49,247 - inference_perf.datagen.replay.replay_graph_session_datagen - INFO - Event wekatrace333_fabd95c42f988d51e6c96ae9472bc7f69860:event_055_parent_turn_55 skipping — predecessor failed
2026-10-02 04:41:49,247 - inference_perf.datagen.replay.replay_graph_session_datagen - INFO - Event wekatrace333_fabd95c42f988d51e6c96ae9472bc7f69860:event_056_parent_turn_56 skipping — predecessor failed
2026-10-02 04:41:49,247 - inference_perf.datagen.replay.replay_graph_session_datagen - INFO - Event wekatrace333_fabd95c42f988d51e6c96ae9472bc7f69860:event_057_parent_turn_57 skipping — predecessor failed
2026-10-02 04:41:49,247 - inference_perf.datagen.replay.replay_graph_session_datagen - INFO - Event wekatrace333_fabd95c42f988d51e6c96ae9472bc7f69860:event_058_parent_turn_58 skipping — predecessor failed
2026-10-02 04:41:49,247 - inference_perf.datagen.replay.replay_graph_session_datagen - INFO - Event wekatrace333_fabd95c42f988d51e6c96ae9472bc7f69860:event_059_parent_turn_59 skipping — predecessor failed
2026-10-02 04:41:49,247 - inference_perf.datagen.replay.replay_graph_session_datagen - INFO - Event wekatrace333_fabd95c42f988d51e6c96ae9472bc7f69860:event_060_parent_turn_60 skipping — predecessor failed
2026-10-02 04:41:49,248 - inference_perf.datagen.replay.replay_graph_session_datagen - INFO - Event wekatrace333_fabd95c42f988d51e6c96ae9472bc7f69860:event_061_parent_turn_61 skipping — predecessor failed
2026-10-02 04:41:49,248 - inference_perf.datagen.replay.replay_graph_session_datagen - INFO - Event wekatrace333_fabd95c42f988d51e6c96ae9472bc7f69860:event_062_parent_turn_62 skipping — predecessor failed
2026-10-02 04:41:49,248 - inference_perf.datagen.replay.replay_graph_session_datagen - INFO - Event wekatrace333_fabd95c42f988d51e6c96ae9472bc7f69860:event_063_parent_turn_63 skipping — predecessor failed
2026-10-02 04:41:49,248 - inference_perf.datagen.replay.replay_graph_session_datagen - INFO - Event wekatrace333_fabd95c42f988d51e6c96ae9472bc7f69860:event_064_parent_turn_64 skipping — predecessor failed
2026-10-02 04:41:49,248 - inference_perf.datagen.replay.replay_graph_session_datagen - INFO - Event wekatrace333_fabd95c42f988d51e6c96ae9472bc7f69860:event_065_parent_turn_65 skipping — predecessor failed
2026-10-02 04:41:49,248 - inference_perf.datagen.replay.replay_graph_session_datagen - INFO - Event wekatrace333_fabd95c42f988d51e6c96ae9472bc7f69860:event_066_parent_turn_66 skipping — predecessor failed
2026-10-02 04:41:49,248 - inference_perf.datagen.replay.replay_graph_session_datagen - INFO - Event wekatrace333_fabd95c42f988d51e6c96ae9472bc7f69860:event_067_parent_turn_67 skipping — predecessor failed
2026-10-02 04:41:49,248 - inference_perf.datagen.replay.replay_graph_session_datagen - INFO - Event wekatrace333_fabd95c42f988d51e6c96ae9472bc7f69860:event_068_parent_turn_68 skipping — predecessor failed
2026-10-02 04:41:49,249 - inference_perf.datagen.replay.replay_graph_session_datagen - INFO - Event wekatrace333_fabd95c42f988d51e6c96ae9472bc7f69860:event_069_parent_turn_69 skipping — predecessor failed
2026-10-02 04:41:49,249 - inference_perf.datagen.replay.replay_graph_session_datagen - INFO - Event wekatrace333_fabd95c42f988d51e6c96ae9472bc7f69860:event_070_parent_turn_70 skipping — predecessor failed
2026-10-02 04:41:49,249 - inference_perf.datagen.replay.replay_graph_session_datagen - INFO - Event wekatrace333_fabd95c42f988d51e6c96ae9472bc7f69860:event_071_parent_turn_71 skipping — predecessor failed
2026-10-02 04:41:49,249 - inference_perf.datagen.replay.replay_graph_session_datagen - INFO - Event wekatrace333_fabd95c42f988d51e6c96ae9472bc7f69860:event_072_parent_turn_72 skipping — predecessor failed
2026-10-02 04:41:49,249 - inference_perf.datagen.replay.replay_graph_session_datagen - INFO - Event wekatrace333_fabd95c42f988d51e6c96ae9472bc7f69860:event_073_parent_turn_73 skipping — predecessor failed
2026-10-02 04:41:49,250 - inference_perf.datagen.replay.replay_graph_session_datagen - INFO - Event wekatrace333_fabd95c42f988d51e6c96ae9472bc7f69860:event_074_parent_turn_74 skipping — predecessor failed
2026-10-02 04:41:49,250 - inference_perf.datagen.replay.replay_graph_session_datagen - INFO - Event wekatrace333_fabd95c42f988d51e6c96ae9472bc7f69860:event_075_parent_turn_75 skipping — predecessor failed
2026-10-02 04:41:49,250 - inference_perf.datagen.replay.replay_graph_session_datagen - INFO - Event wekatrace333_fabd95c42f988d51e6c96ae9472bc7f69860:event_076_parent_turn_76 skipping — predecessor failed
2026-10-02 04:41:49,250 - inference_perf.datagen.replay.replay_graph_session_datagen - INFO - Event wekatrace333_fabd95c42f988d51e6c96ae9472bc7f69860:event_077_parent_turn_77 skipping — predecessor failed
2026-10-02 04:41:49,250 - inference_perf.datagen.replay.replay_graph_session_datagen - INFO - Event wekatrace333_fabd95c42f988d51e6c96ae9472bc7f69860:event_078_parent_turn_78 skipping — predecessor failed
2026-10-02 04:41:49,250 - inference_perf.datagen.replay.replay_graph_session_datagen - INFO - Event wekatrace333_fabd95c42f988d51e6c96ae9472bc7f69860:event_079_parent_turn_79 skipping — predecessor failed
2026-10-02 04:41:49,250 - inference_perf.datagen.replay.replay_graph_session_datagen - INFO - Event wekatrace333_fabd95c42f988d51e6c96ae9472bc7f69860:event_080_parent_turn_80 skipping — predecessor failed
2026-10-02 04:41:49,250 - inference_perf.datagen.replay.replay_graph_session_datagen - INFO - Event wekatrace333_fabd95c42f988d51e6c96ae9472bc7f69860:event_081_parent_turn_81 skipping — predecessor failed
2026-10-02 04:41:49,251 - inference_perf.datagen.replay.replay_graph_session_datagen - INFO - Event wekatrace333_fabd95c42f988d51e6c96ae9472bc7f69860:event_082_parent_turn_82 skipping — predecessor failed
2026-10-02 04:41:49,251 - inference_perf.datagen.replay.replay_graph_session_datagen - INFO - Event wekatrace333_fabd95c42f988d51e6c96ae9472bc7f69860:event_083_parent_turn_83 skipping — predecessor failed
2026-10-02 04:41:49,251 - inference_perf.datagen.replay.replay_graph_session_datagen - INFO - Event wekatrace333_fabd95c42f988d51e6c96ae9472bc7f69860:event_084_parent_turn_84 skipping — predecessor failed
2026-10-02 04:41:49,251 - inference_perf.datagen.replay.replay_graph_session_datagen - INFO - Event wekatrace333_fabd95c42f988d51e6c96ae9472bc7f69860:event_085_parent_turn_85 skipping — predecessor failed
2026-10-02 04:41:49,251 - inference_perf.datagen.replay.replay_graph_session_datagen - INFO - Event wekatrace333_fabd95c42f988d51e6c96ae9472bc7f69860:event_086_parent_turn_86 skipping — predecessor failed
2026-10-02 04:41:49,251 - inference_perf.datagen.replay.replay_graph_session_datagen - INFO - Event wekatrace333_fabd95c42f988d51e6c96ae9472bc7f69860:event_087_parent_turn_87 skipping — predecessor failed
2026-10-02 04:41:49,252 - inference_perf.datagen.replay.replay_graph_session_datagen - INFO - Event wekatrace333_fabd95c42f988d51e6c96ae9472bc7f69860:event_088_parent_turn_88 skipping — predecessor failed
2026-10-02 04:41:49,252 - inference_perf.datagen.replay.replay_graph_session_datagen - INFO - Dispatching session wekatrace327_f6cd960450f6420dace6885d14cd96f9ddb5: 94 events
2026-10-02 04:41:49,252 - inference_perf.datagen.replay.replay_graph_session_datagen - INFO - Event wekatrace333_fabd95c42f988d51e6c96ae9472bc7f69860:event_089_parent_turn_89 skipping — predecessor failed
2026-10-02 04:41:49,252 - inference_perf.datagen.replay.replay_graph_session_datagen - INFO - Event wekatrace333_fabd95c42f988d51e6c96ae9472bc7f69860:event_090_parent_turn_90 skipping — predecessor failed
2026-10-02 04:41:49,252 - inference_perf.datagen.replay.replay_graph_session_datagen - INFO - Event wekatrace333_fabd95c42f988d51e6c96ae9472bc7f69860:event_091_parent_turn_91 skipping — predecessor failed
2026-10-02 04:41:49,252 - inference_perf.datagen.replay.replay_graph_session_datagen - INFO - Event wekatrace333_fabd95c42f988d51e6c96ae9472bc7f69860:event_092_parent_turn_92 skipping — predecessor failed
2026-10-02 04:41:49,252 - inference_perf.datagen.replay.replay_graph_session_datagen - INFO - Event wekatrace333_fabd95c42f988d51e6c96ae9472bc7f69860:event_093_parent_turn_93 skipping — predecessor failed
2026-10-02 04:41:49,253 - inference_perf.datagen.replay.replay_graph_session_datagen - INFO - Event wekatrace333_fabd95c42f988d51e6c96ae9472bc7f69860:event_094_parent_turn_94 skipping — predecessor failed
2026-10-02 04:41:49,253 - inference_perf.datagen.replay.replay_graph_session_datagen - INFO - Event wekatrace333_fabd95c42f988d51e6c96ae9472bc7f69860:event_095_parent_turn_95 skipping — predecessor failed
2026-10-02 04:41:49,253 - inference_perf.datagen.replay.replay_graph_session_datagen - INFO - Event wekatrace333_fabd95c42f988d51e6c96ae9472bc7f69860:event_096_parent_turn_96 skipping — predecessor failed
2026-10-02 04:41:49,253 - inference_perf.datagen.replay.replay_graph_session_datagen - INFO - Event wekatrace333_fabd95c42f988d51e6c96ae9472bc7f69860:event_097_parent_turn_97 skipping — predecessor failed
2026-10-02 04:41:49,253 - inference_perf.datagen.replay.replay_graph_session_datagen - INFO - Event wekatrace333_fabd95c42f988d51e6c96ae9472bc7f69860:event_098_parent_turn_98 skipping — predecessor failed
2026-10-02 04:41:49,253 - inference_perf.datagen.replay.replay_graph_session_datagen - INFO - Event wekatrace333_fabd95c42f988d51e6c96ae9472bc7f69860:event_099_parent_turn_99 skipping — predecessor failed
2026-10-02 04:41:49,253 - inference_perf.datagen.replay.replay_graph_session_datagen - INFO - Event wekatrace333_fabd95c42f988d51e6c96ae9472bc7f69860:event_100_parent_turn_100 skipping — predecessor failed
2026-10-02 04:41:49,254 - inference_perf.datagen.replay.replay_graph_session_datagen - INFO - Event wekatrace333_fabd95c42f988d51e6c96ae9472bc7f69860:event_101_parent_turn_101 skipping — predecessor failed
2026-10-02 04:41:49,254 - inference_perf.datagen.replay.replay_graph_session_datagen - INFO - Event wekatrace333_fabd95c42f988d51e6c96ae9472bc7f69860:event_102_parent_turn_102 skipping — predecessor failed
2026-10-02 04:41:49,254 - inference_perf.datagen.replay.replay_graph_session_datagen - INFO - Event wekatrace333_fabd95c42f988d51e6c96ae9472bc7f69860:event_103_parent_turn_103 skipping — predecessor failed
2026-10-02 04:41:49,254 - inference_perf.datagen.replay.replay_graph_session_datagen - INFO - Event wekatrace333_fabd95c42f988d51e6c96ae9472bc7f69860:event_104_parent_turn_104 skipping — predecessor failed
2026-10-02 04:41:49,254 - inference_perf.datagen.replay.replay_graph_session_datagen - INFO - Event wekatrace333_fabd95c42f988d51e6c96ae9472bc7f69860:event_105_parent_turn_105 skipping — predecessor failed
2026-10-02 04:41:49,254 - inference_perf.datagen.replay.replay_graph_session_datagen - INFO - Event wekatrace333_fabd95c42f988d51e6c96ae9472bc7f69860:event_106_parent_turn_106 skipping — predecessor failed
2026-10-02 04:41:49,255 - inference_perf.datagen.replay.replay_graph_session_datagen - INFO - Event wekatrace333_fabd95c42f988d51e6c96ae9472bc7f69860:event_107_parent_turn_107 skipping — predecessor failed
2026-10-02 04:41:49,255 - inference_perf.datagen.replay.replay_graph_session_datagen - INFO - Event wekatrace333_fabd95c42f988d51e6c96ae9472bc7f69860:event_108_parent_turn_108 skipping — predecessor failed
2026-10-02 04:41:49,255 - inference_perf.datagen.replay.replay_graph_session_datagen - INFO - Event wekatrace333_fabd95c42f988d51e6c96ae9472bc7f69860:event_109_parent_turn_109 skipping — predecessor failed
2026-10-02 04:41:49,255 - inference_perf.datagen.replay.replay_graph_session_datagen - INFO - Event wekatrace333_fabd95c42f988d51e6c96ae9472bc7f69860:event_110_parent_turn_110 skipping — predecessor failed
2026-10-02 04:41:49,255 - inference_perf.datagen.replay.replay_graph_session_datagen - INFO - Event wekatrace333_fabd95c42f988d51e6c96ae9472bc7f69860:event_111_parent_turn_111 skipping — predecessor failed
2026-10-02 04:41:49,255 - inference_perf.datagen.replay.replay_graph_session_datagen - INFO - Event wekatrace333_fabd95c42f988d51e6c96ae9472bc7f69860:event_112_parent_turn_112 skipping — predecessor failed
2026-10-02 04:41:49,255 - inference_perf.datagen.replay.replay_graph_session_datagen - INFO - Event wekatrace333_fabd95c42f988d51e6c96ae9472bc7f69860:event_113_parent_turn_113 skipping — predecessor failed
2026-10-02 04:41:49,256 - inference_perf.datagen.replay.replay_graph_session_datagen - INFO - Event wekatrace333_fabd95c42f988d51e6c96ae9472bc7f69860:event_114_parent_turn_114 skipping — predecessor failed
2026-10-02 04:41:49,256 - inference_perf.datagen.replay.replay_graph_session_datagen - INFO - Event wekatrace333_fabd95c42f988d51e6c96ae9472bc7f69860:event_115_parent_turn_115 skipping — predecessor failed
2026-10-02 04:41:49,256 - inference_perf.datagen.replay.replay_graph_session_datagen - INFO - Event wekatrace333_fabd95c42f988d51e6c96ae9472bc7f69860:event_116_parent_turn_116 skipping — predecessor failed
2026-10-02 04:41:49,256 - inference_perf.datagen.replay.replay_graph_session_datagen - INFO - Event wekatrace333_fabd95c42f988d51e6c96ae9472bc7f69860:event_117_parent_turn_117 skipping — predecessor failed
2026-10-02 04:41:49,256 - inference_perf.datagen.replay.replay_graph_session_datagen - INFO - Event wekatrace333_fabd95c42f988d51e6c96ae9472bc7f69860:event_118_parent_turn_118 skipping — predecessor failed
2026-10-02 04:41:49,256 - inference_perf.datagen.replay.replay_graph_session_datagen - INFO - Event wekatrace333_fabd95c42f988d51e6c96ae9472bc7f69860:event_119_parent_turn_119 skipping — predecessor failed
2026-10-02 04:41:49,257 - inference_perf.datagen.replay.replay_graph_session_datagen - INFO - Event wekatrace333_fabd95c42f988d51e6c96ae9472bc7f69860:event_120_parent_turn_120 skipping — predecessor failed
2026-10-02 04:41:49,257 - inference_perf.datagen.replay.replay_graph_session_datagen - INFO - Event wekatrace333_fabd95c42f988d51e6c96ae9472bc7f69860:event_121_parent_turn_121 skipping — predecessor failed
2026-10-02 04:41:49,257 - inference_perf.datagen.replay.replay_graph_session_datagen - INFO - Event wekatrace333_fabd95c42f988d51e6c96ae9472bc7f69860:event_122_parent_turn_122 skipping — predecessor failed
2026-10-02 04:41:49,257 - inference_perf.datagen.replay.replay_graph_session_datagen - INFO - Event wekatrace333_fabd95c42f988d51e6c96ae9472bc7f69860:event_123_parent_turn_123 skipping — predecessor failed
2026-10-02 04:41:49,257 - inference_perf.datagen.replay.replay_graph_session_datagen - INFO - Event wekatrace333_fabd95c42f988d51e6c96ae9472bc7f69860:event_124_parent_turn_124 skipping — predecessor failed
2026-10-02 04:41:49,257 - inference_perf.datagen.replay.replay_graph_session_datagen - INFO - Event wekatrace333_fabd95c42f988d51e6c96ae9472bc7f69860:event_125_parent_turn_125 skipping — predecessor failed
2026-10-02 04:41:49,258 - inference_perf.datagen.replay.replay_graph_session_datagen - INFO - Event wekatrace333_fabd95c42f988d51e6c96ae9472bc7f69860:event_126_parent_turn_126 skipping — predecessor failed
2026-10-02 04:41:49,258 - inference_perf.datagen.replay.replay_graph_session_datagen - INFO - Event wekatrace333_fabd95c42f988d51e6c96ae9472bc7f69860:event_127_parent_turn_127 skipping — predecessor failed
2026-10-02 04:41:49,258 - inference_perf.datagen.replay.replay_graph_session_datagen - INFO - Event wekatrace333_fabd95c42f988d51e6c96ae9472bc7f69860:event_128_parent_turn_128 skipping — predecessor failed
2026-10-02 04:41:49,258 - inference_perf.datagen.replay.replay_graph_session_datagen - INFO - Event wekatrace333_fabd95c42f988d51e6c96ae9472bc7f69860:event_129_parent_turn_129 skipping — predecessor failed
2026-10-02 04:41:49,258 - inference_perf.datagen.replay.replay_graph_session_datagen - INFO - Event wekatrace333_fabd95c42f988d51e6c96ae9472bc7f69860:event_130_parent_turn_130 skipping — predecessor failed
2026-10-02 04:41:49,258 - inference_perf.datagen.replay.replay_graph_session_datagen - INFO - Event wekatrace333_fabd95c42f988d51e6c96ae9472bc7f69860:event_131_parent_turn_131 skipping — predecessor failed
2026-10-02 04:41:49,259 - inference_perf.datagen.replay.replay_graph_session_datagen - INFO - Event wekatrace333_fabd95c42f988d51e6c96ae9472bc7f69860:event_132_parent_turn_132 skipping — predecessor failed
2026-10-02 04:41:49,259 - inference_perf.datagen.replay.replay_graph_session_datagen - INFO - Event wekatrace333_fabd95c42f988d51e6c96ae9472bc7f69860:event_133_parent_turn_133 skipping — predecessor failed
2026-10-02 04:41:49,259 - inference_perf.datagen.replay.replay_graph_session_datagen - INFO - Event wekatrace333_fabd95c42f988d51e6c96ae9472bc7f69860:event_134_parent_turn_134 skipping — predecessor failed
2026-10-02 04:41:49,259 - inference_perf.datagen.replay.replay_graph_session_datagen - INFO - Event wekatrace333_fabd95c42f988d51e6c96ae9472bc7f69860:event_135_parent_turn_135 skipping — predecessor failed
2026-10-02 04:41:49,259 - inference_perf.datagen.replay.replay_graph_session_datagen - INFO - Event wekatrace333_fabd95c42f988d51e6c96ae9472bc7f69860:event_136_parent_turn_136 skipping — predecessor failed
2026-10-02 04:41:49,259 - inference_perf.datagen.replay.replay_graph_session_datagen - INFO - Event wekatrace333_fabd95c42f988d51e6c96ae9472bc7f69860:event_137_parent_turn_137 skipping — predecessor failed
2026-10-02 04:41:49,260 - inference_perf.datagen.replay.replay_graph_session_datagen - INFO - Event wekatrace333_fabd95c42f988d51e6c96ae9472bc7f69860:event_138_parent_turn_138 skipping — predecessor failed
2026-10-02 04:41:49,260 - inference_perf.datagen.replay.replay_graph_session_datagen - INFO - Event wekatrace333_fabd95c42f988d51e6c96ae9472bc7f69860:event_139_parent_turn_139 skipping — predecessor failed
2026-10-02 04:41:49,260 - inference_perf.datagen.replay.replay_graph_session_datagen - INFO - Event wekatrace333_fabd95c42f988d51e6c96ae9472bc7f69860:event_140_parent_turn_140 skipping — predecessor failed
2026-10-02 04:41:49,261 - inference_perf.datagen.replay.replay_graph_session_datagen - INFO - Event wekatrace333_fabd95c42f988d51e6c96ae9472bc7f69860:event_141_parent_turn_141 skipping — predecessor failed
2026-10-02 04:41:49,261 - inference_perf.datagen.replay.replay_graph_session_datagen - INFO - Event wekatrace333_fabd95c42f988d51e6c96ae9472bc7f69860:event_142_parent_turn_142 skipping — predecessor failed
2026-10-02 04:41:49,261 - inference_perf.datagen.replay.replay_graph_session_datagen - INFO - Event wekatrace333_fabd95c42f988d51e6c96ae9472bc7f69860:event_143_parent_turn_143 skipping — predecessor failed
2026-10-02 04:41:49,262 - inference_perf.datagen.replay.replay_graph_session_datagen - INFO - Event wekatrace333_fabd95c42f988d51e6c96ae9472bc7f69860:event_144_parent_turn_144 skipping — predecessor failed
2026-10-02 04:41:49,262 - inference_perf.datagen.replay.replay_graph_session_datagen - INFO - Event wekatrace333_fabd95c42f988d51e6c96ae9472bc7f69860:event_145_parent_turn_145 skipping — predecessor failed
2026-10-02 04:41:49,262 - inference_perf.datagen.replay.replay_graph_session_datagen - INFO - Event wekatrace333_fabd95c42f988d51e6c96ae9472bc7f69860:event_146_parent_turn_146 skipping — predecessor failed
2026-10-02 04:41:49,262 - inference_perf.datagen.replay.replay_graph_session_datagen - INFO - Event wekatrace333_fabd95c42f988d51e6c96ae9472bc7f69860:event_147_parent_turn_147 skipping — predecessor failed
2026-10-02 04:41:49,262 - inference_perf.datagen.replay.replay_graph_session_datagen - INFO - Event wekatrace333_fabd95c42f988d51e6c96ae9472bc7f69860:event_148_parent_turn_148 skipping — predecessor failed
2026-10-02 04:41:49,262 - inference_perf.datagen.replay.replay_graph_session_datagen - INFO - Event wekatrace333_fabd95c42f988d51e6c96ae9472bc7f69860:event_149_sa_subagent_001_d59fb697_s0_turn_0 skipping — predecessor failed
2026-10-02 04:41:49,263 - inference_perf.datagen.replay.replay_graph_session_datagen - INFO - Event wekatrace333_fabd95c42f988d51e6c96ae9472bc7f69860:event_150_sa_subagent_001_d59fb697_s0_turn_1 skipping — predecessor failed
2026-10-02 04:41:49,263 - inference_perf.datagen.replay.replay_graph_session_datagen - INFO - Event wekatrace333_fabd95c42f988d51e6c96ae9472bc7f69860:event_151_sa_subagent_001_d59fb697_s0_turn_2 skipping — predecessor failed
2026-10-02 04:41:49,263 - inference_perf.datagen.replay.replay_graph_session_datagen - INFO - Event wekatrace333_fabd95c42f988d51e6c96ae9472bc7f69860:event_152_sa_subagent_001_d59fb697_s0_turn_3 skipping — predecessor failed
2026-10-02 04:41:49,263 - inference_perf.datagen.replay.replay_graph_session_datagen - INFO - Event wekatrace333_fabd95c42f988d51e6c96ae9472bc7f69860:event_153_sa_subagent_001_d59fb697_s0_turn_4 skipping — predecessor failed
2026-10-02 04:41:49,263 - inference_perf.datagen.replay.replay_graph_session_datagen - INFO - Event wekatrace333_fabd95c42f988d51e6c96ae9472bc7f69860:event_154_sa_subagent_001_d59fb697_s0_turn_5 skipping — predecessor failed
2026-10-02 04:41:49,263 - inference_perf.datagen.replay.replay_graph_session_datagen - INFO - Event wekatrace333_fabd95c42f988d51e6c96ae9472bc7f69860:event_155_sa_subagent_001_d59fb697_s0_turn_6 skipping — predecessor failed
2026-10-02 04:41:49,263 - inference_perf.datagen.replay.replay_graph_session_datagen - INFO - Event wekatrace333_fabd95c42f988d51e6c96ae9472bc7f69860:event_156_sa_subagent_001_d59fb697_s0_turn_7 skipping — predecessor failed
2026-10-02 04:41:49,263 - inference_perf.datagen.replay.replay_graph_session_datagen - INFO - Event wekatrace333_fabd95c42f988d51e6c96ae9472bc7f69860:event_157_sa_subagent_001_d59fb697_s0_turn_8 skipping — predecessor failed
2026-10-02 04:41:49,263 - inference_perf.datagen.replay.replay_graph_session_datagen - INFO - Event wekatrace333_fabd95c42f988d51e6c96ae9472bc7f69860:event_158_sa_subagent_001_d59fb697_s0_turn_9 skipping — predecessor failed
2026-10-02 04:41:49,263 - inference_perf.datagen.replay.replay_graph_session_datagen - INFO - Event wekatrace333_fabd95c42f988d51e6c96ae9472bc7f69860:event_159_sa_subagent_001_d59fb697_s0_turn_10 skipping — predecessor failed
2026-10-02 04:41:49,264 - inference_perf.datagen.replay.replay_graph_session_datagen - INFO - Event wekatrace333_fabd95c42f988d51e6c96ae9472bc7f69860:event_160_sa_subagent_001_d59fb697_s0_turn_11 skipping — predecessor failed
2026-10-02 04:41:49,264 - inference_perf.datagen.replay.replay_graph_session_datagen - INFO - Event wekatrace333_fabd95c42f988d51e6c96ae9472bc7f69860:event_161_sa_subagent_001_d59fb697_s0_turn_12 skipping — predecessor failed
2026-10-02 04:41:49,264 - inference_perf.datagen.replay.replay_graph_session_datagen - INFO - Event wekatrace333_fabd95c42f988d51e6c96ae9472bc7f69860:event_162_sa_subagent_001_d59fb697_s0_turn_13 skipping — predecessor failed
2026-10-02 04:41:49,264 - inference_perf.datagen.replay.replay_graph_session_datagen - INFO - Event wekatrace333_fabd95c42f988d51e6c96ae9472bc7f69860:event_163_sa_subagent_001_d59fb697_s0_turn_14 skipping — predecessor failed
2026-10-02 04:41:49,264 - inference_perf.datagen.replay.replay_graph_session_datagen - INFO - Event wekatrace333_fabd95c42f988d51e6c96ae9472bc7f69860:event_164_sa_subagent_001_d59fb697_s0_turn_15 skipping — predecessor failed
2026-10-02 04:41:49,264 - inference_perf.datagen.replay.replay_graph_session_datagen - INFO - Event wekatrace333_fabd95c42f988d51e6c96ae9472bc7f69860:event_165_sa_subagent_001_d59fb697_s0_turn_16 skipping — predecessor failed
2026-10-02 04:41:49,264 - inference_perf.datagen.replay.replay_graph_session_datagen - INFO - Event wekatrace333_fabd95c42f988d51e6c96ae9472bc7f69860:event_166_sa_subagent_001_d59fb697_s0_turn_17 skipping — predecessor failed
2026-10-02 04:41:49,264 - inference_perf.datagen.replay.replay_graph_session_datagen - INFO - Event wekatrace333_fabd95c42f988d51e6c96ae9472bc7f69860:event_167_sa_subagent_001_d59fb697_s0_turn_18 skipping — predecessor failed
2026-10-02 04:41:49,264 - inference_perf.datagen.replay.replay_graph_session_datagen - INFO - Event wekatrace333_fabd95c42f988d51e6c96ae9472bc7f69860:event_168_sa_subagent_001_d59fb697_s0_turn_19 skipping — predecessor failed
2026-10-02 04:41:49,265 - inference_perf.datagen.replay.replay_graph_session_datagen - INFO - Event wekatrace333_fabd95c42f988d51e6c96ae9472bc7f69860:event_169_sa_subagent_001_d59fb697_s0_turn_20 skipping — predecessor failed
2026-10-02 04:43:43,233 - inference_perf.datagen.replay.replay_graph_session_datagen - ERROR - Request failed for event wekatrace225_b283484d4fbd0c43f195bf6fe0a6c8dd28a6:event_007_parent_turn_7: TimeoutError: 
2026-10-02 04:43:43,235 - inference_perf.datagen.replay.replay_graph_session_datagen - INFO - Session wekatrace225_b283484d4fbd0c43f195bf6fe0a6c8dd28a6 failure notification sent to main process (cancelled_events=80)
2026-10-02 04:43:43,235 - inference_perf.client.modelserver.openai_client - ERROR - 
Traceback (most recent call last):
  File "/workspace/.venv/lib/python3.12/site-packages/aiohttp/streams.py", line 365, in _wait
    await waiter
asyncio.exceptions.CancelledError

The above exception was the direct cause of the following exception:

Traceback (most recent call last):
  File "/workspace/inference_perf/apis/streaming_parser.py", line 84, in parse_sse_stream
    async for chunk in response.content.iter_any():
  File "/workspace/.venv/lib/python3.12/site-packages/aiohttp/streams.py", line 46, in __anext__
    rv = await self.read_func()
         ^^^^^^^^^^^^^^^^^^^^^^
  File "/workspace/.venv/lib/python3.12/site-packages/aiohttp/streams.py", line 460, in readany
    await self._wait("readany")
  File "/workspace/.venv/lib/python3.12/site-packages/aiohttp/streams.py", line 364, in _wait
    with self._timer:
         ^^^^^^^^^^^
  File "/workspace/.venv/lib/python3.12/site-packages/aiohttp/helpers.py", line 759, in __exit__
    raise asyncio.TimeoutError from exc_val
TimeoutError

The above exception was the direct cause of the following exception:

Traceback (most recent call last):
  File "/workspace/inference_perf/client/modelserver/openai_client.py", line 557, in process_request
    info = await data.process_response(
           ^^^^^^^^^^^^^^^^^^^^^^^^^^^^
  File "/workspace/inference_perf/datagen/replay/replay_graph_session_datagen.py", line 1039, in process_response
    text_content, chunk_times, raw_content, response_chunks, server_usage = await parse_sse_stream(
                                                                            ^^^^^^^^^^^^^^^^^^^^^^^
  File "/workspace/inference_perf/apis/streaming_parser.py", line 119, in parse_sse_stream
    raise StreamInterruptedError(e, raw_content.decode("utf-8", errors="ignore")) from e
inference_perf.apis.streaming_parser.StreamInterruptedError
2026-10-02 04:43:43,240 - inference_perf.datagen.replay.replay_graph_session_datagen - INFO - Event wekatrace225_b283484d4fbd0c43f195bf6fe0a6c8dd28a6:event_008_parent_turn_8 skipping — predecessor failed
2026-10-02 04:43:43,241 - inference_perf.datagen.replay.replay_graph_session_datagen - INFO - Event wekatrace225_b283484d4fbd0c43f195bf6fe0a6c8dd28a6:event_009_parent_turn_9 skipping — predecessor failed
2026-10-02 04:43:43,241 - inference_perf.datagen.replay.replay_graph_session_datagen - INFO - Event wekatrace225_b283484d4fbd0c43f195bf6fe0a6c8dd28a6:event_010_parent_turn_10 skipping — predecessor failed
2026-10-02 04:43:43,241 - inference_perf.datagen.replay.replay_graph_session_datagen - INFO - Event wekatrace225_b283484d4fbd0c43f195bf6fe0a6c8dd28a6:event_011_parent_turn_11 skipping — predecessor failed
2026-10-02 04:43:43,241 - inference_perf.datagen.replay.replay_graph_session_datagen - INFO - Event wekatrace225_b283484d4fbd0c43f195bf6fe0a6c8dd28a6:event_012_parent_turn_12 skipping — predecessor failed
2026-10-02 04:43:43,241 - inference_perf.datagen.replay.replay_graph_session_datagen - INFO - Event wekatrace225_b283484d4fbd0c43f195bf6fe0a6c8dd28a6:event_013_parent_turn_13 skipping — predecessor failed
2026-10-02 04:43:43,242 - inference_perf.datagen.replay.replay_graph_session_datagen - INFO - Event wekatrace225_b283484d4fbd0c43f195bf6fe0a6c8dd28a6:event_014_parent_turn_14 skipping — predecessor failed
2026-10-02 04:43:43,242 - inference_perf.datagen.replay.replay_graph_session_datagen - INFO - Event wekatrace225_b283484d4fbd0c43f195bf6fe0a6c8dd28a6:event_015_parent_turn_15 skipping — predecessor failed
2026-10-02 04:43:43,242 - inference_perf.datagen.replay.replay_graph_session_datagen - INFO - Event wekatrace225_b283484d4fbd0c43f195bf6fe0a6c8dd28a6:event_016_parent_turn_16 skipping — predecessor failed
2026-10-02 04:43:43,242 - inference_perf.datagen.replay.replay_graph_session_datagen - INFO - Event wekatrace225_b283484d4fbd0c43f195bf6fe0a6c8dd28a6:event_017_parent_turn_17 skipping — predecessor failed
2026-10-02 04:43:43,242 - inference_perf.datagen.replay.replay_graph_session_datagen - INFO - Event wekatrace225_b283484d4fbd0c43f195bf6fe0a6c8dd28a6:event_018_parent_turn_18 skipping — predecessor failed
2026-10-02 04:43:43,243 - inference_perf.datagen.replay.replay_graph_session_datagen - INFO - Event wekatrace225_b283484d4fbd0c43f195bf6fe0a6c8dd28a6:event_019_parent_turn_19 skipping — predecessor failed
2026-10-02 04:43:43,243 - inference_perf.datagen.replay.replay_graph_session_datagen - INFO - Event wekatrace225_b283484d4fbd0c43f195bf6fe0a6c8dd28a6:event_020_parent_turn_20 skipping — predecessor failed
2026-10-02 04:43:43,243 - inference_perf.datagen.replay.replay_graph_session_datagen - INFO - Event wekatrace225_b283484d4fbd0c43f195bf6fe0a6c8dd28a6:event_021_parent_turn_21 skipping — predecessor failed
2026-10-02 04:43:43,243 - inference_perf.datagen.replay.replay_graph_session_datagen - INFO - Event wekatrace225_b283484d4fbd0c43f195bf6fe0a6c8dd28a6:event_022_parent_turn_22 skipping — predecessor failed
2026-10-02 04:43:43,243 - inference_perf.datagen.replay.replay_graph_session_datagen - INFO - Event wekatrace225_b283484d4fbd0c43f195bf6fe0a6c8dd28a6:event_023_parent_turn_23 skipping — predecessor failed
2026-10-02 04:43:43,243 - inference_perf.datagen.replay.replay_graph_session_datagen - INFO - Event wekatrace225_b283484d4fbd0c43f195bf6fe0a6c8dd28a6:event_024_parent_turn_24 skipping — predecessor failed
2026-10-02 04:43:43,243 - inference_perf.datagen.replay.replay_graph_session_datagen - INFO - Event wekatrace225_b283484d4fbd0c43f195bf6fe0a6c8dd28a6:event_025_parent_turn_25 skipping — predecessor failed
2026-10-02 04:43:43,243 - inference_perf.datagen.replay.replay_graph_session_datagen - INFO - Event wekatrace225_b283484d4fbd0c43f195bf6fe0a6c8dd28a6:event_026_parent_turn_26 skipping — predecessor failed
2026-10-02 04:43:43,243 - inference_perf.datagen.replay.replay_graph_session_datagen - INFO - Event wekatrace225_b283484d4fbd0c43f195bf6fe0a6c8dd28a6:event_027_parent_turn_27 skipping — predecessor failed
2026-10-02 04:43:43,244 - inference_perf.datagen.replay.replay_graph_session_datagen - INFO - Event wekatrace225_b283484d4fbd0c43f195bf6fe0a6c8dd28a6:event_028_parent_turn_28 skipping — predecessor failed
2026-10-02 04:43:43,244 - inference_perf.datagen.replay.replay_graph_session_datagen - INFO - Event wekatrace225_b283484d4fbd0c43f195bf6fe0a6c8dd28a6:event_029_parent_turn_29 skipping — predecessor failed
2026-10-02 04:43:43,244 - inference_perf.datagen.replay.replay_graph_session_datagen - INFO - Event wekatrace225_b283484d4fbd0c43f195bf6fe0a6c8dd28a6:event_030_parent_turn_30 skipping — predecessor failed
2026-10-02 04:43:43,244 - inference_perf.datagen.replay.replay_graph_session_datagen - INFO - Event wekatrace225_b283484d4fbd0c43f195bf6fe0a6c8dd28a6:event_031_parent_turn_31 skipping — predecessor failed
2026-10-02 04:43:43,244 - inference_perf.datagen.replay.replay_graph_session_datagen - INFO - Event wekatrace225_b283484d4fbd0c43f195bf6fe0a6c8dd28a6:event_032_parent_turn_32 skipping — predecessor failed
2026-10-02 04:43:43,244 - inference_perf.datagen.replay.replay_graph_session_datagen - INFO - Event wekatrace225_b283484d4fbd0c43f195bf6fe0a6c8dd28a6:event_033_parent_turn_33 skipping — predecessor failed
2026-10-02 04:43:43,244 - inference_perf.datagen.replay.replay_graph_session_datagen - INFO - Event wekatrace225_b283484d4fbd0c43f195bf6fe0a6c8dd28a6:event_034_parent_turn_34 skipping — predecessor failed
2026-10-02 04:43:43,244 - inference_perf.datagen.replay.replay_graph_session_datagen - INFO - Event wekatrace225_b283484d4fbd0c43f195bf6fe0a6c8dd28a6:event_035_parent_turn_35 skipping — predecessor failed
2026-10-02 04:43:43,244 - inference_perf.datagen.replay.replay_graph_session_datagen - INFO - Event wekatrace225_b283484d4fbd0c43f195bf6fe0a6c8dd28a6:event_036_parent_turn_36 skipping — predecessor failed
2026-10-02 04:43:43,245 - inference_perf.datagen.replay.replay_graph_session_datagen - INFO - Event wekatrace225_b283484d4fbd0c43f195bf6fe0a6c8dd28a6:event_037_parent_turn_37 skipping — predecessor failed
2026-10-02 04:43:43,245 - inference_perf.datagen.replay.replay_graph_session_datagen - INFO - Event wekatrace225_b283484d4fbd0c43f195bf6fe0a6c8dd28a6:event_038_parent_turn_38 skipping — predecessor failed
2026-10-02 04:43:43,245 - inference_perf.datagen.replay.replay_graph_session_datagen - INFO - Event wekatrace225_b283484d4fbd0c43f195bf6fe0a6c8dd28a6:event_039_parent_turn_39 skipping — predecessor failed
2026-10-02 04:43:43,245 - inference_perf.datagen.replay.replay_graph_session_datagen - INFO - Event wekatrace225_b283484d4fbd0c43f195bf6fe0a6c8dd28a6:event_040_parent_turn_40 skipping — predecessor failed
2026-10-02 04:43:43,245 - inference_perf.datagen.replay.replay_graph_session_datagen - INFO - Event wekatrace225_b283484d4fbd0c43f195bf6fe0a6c8dd28a6:event_041_parent_turn_41 skipping — predecessor failed
2026-10-02 04:43:43,245 - inference_perf.datagen.replay.replay_graph_session_datagen - INFO - Event wekatrace225_b283484d4fbd0c43f195bf6fe0a6c8dd28a6:event_042_parent_turn_42 skipping — predecessor failed
2026-10-02 04:43:43,245 - inference_perf.datagen.replay.replay_graph_session_datagen - INFO - Event wekatrace225_b283484d4fbd0c43f195bf6fe0a6c8dd28a6:event_043_parent_turn_43 skipping — predecessor failed
2026-10-02 04:43:43,245 - inference_perf.datagen.replay.replay_graph_session_datagen - INFO - Event wekatrace225_b283484d4fbd0c43f195bf6fe0a6c8dd28a6:event_044_parent_turn_44 skipping — predecessor failed
2026-10-02 04:43:43,245 - inference_perf.datagen.replay.replay_graph_session_datagen - INFO - Event wekatrace225_b283484d4fbd0c43f195bf6fe0a6c8dd28a6:event_045_parent_turn_45 skipping — predecessor failed
2026-10-02 04:43:43,245 - inference_perf.datagen.replay.replay_graph_session_datagen - INFO - Event wekatrace225_b283484d4fbd0c43f195bf6fe0a6c8dd28a6:event_046_parent_turn_46 skipping — predecessor failed
2026-10-02 04:43:43,246 - inference_perf.datagen.replay.replay_graph_session_datagen - INFO - Event wekatrace225_b283484d4fbd0c43f195bf6fe0a6c8dd28a6:event_047_parent_turn_47 skipping — predecessor failed
2026-10-02 04:43:43,246 - inference_perf.datagen.replay.replay_graph_session_datagen - INFO - Event wekatrace225_b283484d4fbd0c43f195bf6fe0a6c8dd28a6:event_048_parent_turn_48 skipping — predecessor failed
2026-10-02 04:43:43,246 - inference_perf.datagen.replay.replay_graph_session_datagen - INFO - Event wekatrace225_b283484d4fbd0c43f195bf6fe0a6c8dd28a6:event_049_parent_turn_49 skipping — predecessor failed
2026-10-02 04:43:43,246 - inference_perf.datagen.replay.replay_graph_session_datagen - INFO - Event wekatrace225_b283484d4fbd0c43f195bf6fe0a6c8dd28a6:event_050_parent_turn_50 skipping — predecessor failed
2026-10-02 04:43:43,246 - inference_perf.datagen.replay.replay_graph_session_datagen - INFO - Dispatching session wekatrace298_e404ff7c8cb4bf3e2bb1537b040ffc4febbd: 143 events
2026-10-02 04:43:43,246 - inference_perf.datagen.replay.replay_graph_session_datagen - INFO - Event wekatrace225_b283484d4fbd0c43f195bf6fe0a6c8dd28a6:event_051_parent_turn_51 skipping — predecessor failed
2026-10-02 04:43:43,246 - inference_perf.datagen.replay.replay_graph_session_datagen - INFO - Event wekatrace225_b283484d4fbd0c43f195bf6fe0a6c8dd28a6:event_052_parent_turn_52 skipping — predecessor failed
2026-10-02 04:43:43,246 - inference_perf.datagen.replay.replay_graph_session_datagen - INFO - Event wekatrace225_b283484d4fbd0c43f195bf6fe0a6c8dd28a6:event_053_parent_turn_53 skipping — predecessor failed
2026-10-02 04:43:43,247 - inference_perf.datagen.replay.replay_graph_session_datagen - INFO - Event wekatrace225_b283484d4fbd0c43f195bf6fe0a6c8dd28a6:event_054_parent_turn_54 skipping — predecessor failed
2026-10-02 04:43:43,247 - inference_perf.datagen.replay.replay_graph_session_datagen - INFO - Event wekatrace225_b283484d4fbd0c43f195bf6fe0a6c8dd28a6:event_055_parent_turn_55 skipping — predecessor failed
2026-10-02 04:43:43,247 - inference_perf.datagen.replay.replay_graph_session_datagen - INFO - Event wekatrace225_b283484d4fbd0c43f195bf6fe0a6c8dd28a6:event_056_parent_turn_56 skipping — predecessor failed
2026-10-02 04:43:43,247 - inference_perf.datagen.replay.replay_graph_session_datagen - INFO - Event wekatrace225_b283484d4fbd0c43f195bf6fe0a6c8dd28a6:event_057_parent_turn_57 skipping — predecessor failed
2026-10-02 04:43:43,247 - inference_perf.datagen.replay.replay_graph_session_datagen - INFO - Event wekatrace225_b283484d4fbd0c43f195bf6fe0a6c8dd28a6:event_058_parent_turn_58 skipping — predecessor failed
2026-10-02 04:43:43,247 - inference_perf.datagen.replay.replay_graph_session_datagen - INFO - Event wekatrace225_b283484d4fbd0c43f195bf6fe0a6c8dd28a6:event_059_parent_turn_59 skipping — predecessor failed
2026-10-02 04:43:43,247 - inference_perf.datagen.replay.replay_graph_session_datagen - INFO - Event wekatrace225_b283484d4fbd0c43f195bf6fe0a6c8dd28a6:event_060_parent_turn_60 skipping — predecessor failed
2026-10-02 04:43:43,247 - inference_perf.datagen.replay.replay_graph_session_datagen - INFO - Event wekatrace225_b283484d4fbd0c43f195bf6fe0a6c8dd28a6:event_061_parent_turn_61 skipping — predecessor failed
2026-10-02 04:43:43,248 - inference_perf.datagen.replay.replay_graph_session_datagen - INFO - Event wekatrace225_b283484d4fbd0c43f195bf6fe0a6c8dd28a6:event_062_parent_turn_62 skipping — predecessor failed
2026-10-02 04:43:43,248 - inference_perf.datagen.replay.replay_graph_session_datagen - INFO - Event wekatrace225_b283484d4fbd0c43f195bf6fe0a6c8dd28a6:event_063_parent_turn_63 skipping — predecessor failed
2026-10-02 04:43:43,248 - inference_perf.datagen.replay.replay_graph_session_datagen - INFO - Event wekatrace225_b283484d4fbd0c43f195bf6fe0a6c8dd28a6:event_064_parent_turn_64 skipping — predecessor failed
2026-10-02 04:43:43,248 - inference_perf.datagen.replay.replay_graph_session_datagen - INFO - Event wekatrace225_b283484d4fbd0c43f195bf6fe0a6c8dd28a6:event_065_parent_turn_65 skipping — predecessor failed
2026-10-02 04:43:43,248 - inference_perf.datagen.replay.replay_graph_session_datagen - INFO - Event wekatrace225_b283484d4fbd0c43f195bf6fe0a6c8dd28a6:event_066_parent_turn_66 skipping — predecessor failed
2026-10-02 04:43:43,248 - inference_perf.datagen.replay.replay_graph_session_datagen - INFO - Event wekatrace225_b283484d4fbd0c43f195bf6fe0a6c8dd28a6:event_067_parent_turn_67 skipping — predecessor failed
2026-10-02 04:43:43,248 - inference_perf.datagen.replay.replay_graph_session_datagen - INFO - Event wekatrace225_b283484d4fbd0c43f195bf6fe0a6c8dd28a6:event_068_parent_turn_68 skipping — predecessor failed
2026-10-02 04:43:43,248 - inference_perf.datagen.replay.replay_graph_session_datagen - INFO - Event wekatrace225_b283484d4fbd0c43f195bf6fe0a6c8dd28a6:event_069_parent_turn_69 skipping — predecessor failed
2026-10-02 04:43:43,249 - inference_perf.datagen.replay.replay_graph_session_datagen - INFO - Event wekatrace225_b283484d4fbd0c43f195bf6fe0a6c8dd28a6:event_070_parent_turn_70 skipping — predecessor failed
2026-10-02 04:43:43,249 - inference_perf.datagen.replay.replay_graph_session_datagen - INFO - Event wekatrace225_b283484d4fbd0c43f195bf6fe0a6c8dd28a6:event_071_parent_turn_71 skipping — predecessor failed
2026-10-02 04:43:43,249 - inference_perf.datagen.replay.replay_graph_session_datagen - INFO - Event wekatrace225_b283484d4fbd0c43f195bf6fe0a6c8dd28a6:event_072_parent_turn_72 skipping — predecessor failed
2026-10-02 04:43:43,249 - inference_perf.datagen.replay.replay_graph_session_datagen - INFO - Event wekatrace225_b283484d4fbd0c43f195bf6fe0a6c8dd28a6:event_073_parent_turn_73 skipping — predecessor failed
2026-10-02 04:43:43,249 - inference_perf.datagen.replay.replay_graph_session_datagen - INFO - Event wekatrace225_b283484d4fbd0c43f195bf6fe0a6c8dd28a6:event_074_parent_turn_74 skipping — predecessor failed
2026-10-02 04:43:43,249 - inference_perf.datagen.replay.replay_graph_session_datagen - INFO - Event wekatrace225_b283484d4fbd0c43f195bf6fe0a6c8dd28a6:event_075_parent_turn_75 skipping — predecessor failed
2026-10-02 04:43:43,250 - inference_perf.datagen.replay.replay_graph_session_datagen - INFO - Event wekatrace225_b283484d4fbd0c43f195bf6fe0a6c8dd28a6:event_076_parent_turn_76 skipping — predecessor failed
2026-10-02 04:43:43,250 - inference_perf.datagen.replay.replay_graph_session_datagen - INFO - Event wekatrace225_b283484d4fbd0c43f195bf6fe0a6c8dd28a6:event_077_parent_turn_77 skipping — predecessor failed
2026-10-02 04:43:43,250 - inference_perf.datagen.replay.replay_graph_session_datagen - INFO - Event wekatrace225_b283484d4fbd0c43f195bf6fe0a6c8dd28a6:event_078_parent_turn_78 skipping — predecessor failed
2026-10-02 04:43:43,250 - inference_perf.datagen.replay.replay_graph_session_datagen - INFO - Event wekatrace225_b283484d4fbd0c43f195bf6fe0a6c8dd28a6:event_079_parent_turn_79 skipping — predecessor failed
2026-10-02 04:43:43,250 - inference_perf.datagen.replay.replay_graph_session_datagen - INFO - Event wekatrace225_b283484d4fbd0c43f195bf6fe0a6c8dd28a6:event_080_parent_turn_80 skipping — predecessor failed
2026-10-02 04:43:43,250 - inference_perf.datagen.replay.replay_graph_session_datagen - INFO - Event wekatrace225_b283484d4fbd0c43f195bf6fe0a6c8dd28a6:event_081_parent_turn_81 skipping — predecessor failed
2026-10-02 04:43:43,250 - inference_perf.datagen.replay.replay_graph_session_datagen - INFO - Event wekatrace225_b283484d4fbd0c43f195bf6fe0a6c8dd28a6:event_082_parent_turn_82 skipping — predecessor failed
2026-10-02 04:43:43,250 - inference_perf.datagen.replay.replay_graph_session_datagen - INFO - Event wekatrace225_b283484d4fbd0c43f195bf6fe0a6c8dd28a6:event_083_parent_turn_83 skipping — predecessor failed
2026-10-02 04:43:43,251 - inference_perf.datagen.replay.replay_graph_session_datagen - INFO - Event wekatrace225_b283484d4fbd0c43f195bf6fe0a6c8dd28a6:event_084_parent_turn_84 skipping — predecessor failed
2026-10-02 04:43:43,251 - inference_perf.datagen.replay.replay_graph_session_datagen - INFO - Event wekatrace225_b283484d4fbd0c43f195bf6fe0a6c8dd28a6:event_085_parent_turn_85 skipping — predecessor failed
2026-10-02 04:43:43,251 - inference_perf.datagen.replay.replay_graph_session_datagen - INFO - Event wekatrace225_b283484d4fbd0c43f195bf6fe0a6c8dd28a6:event_086_parent_turn_86 skipping — predecessor failed
2026-10-02 04:43:43,251 - inference_perf.datagen.replay.replay_graph_session_datagen - INFO - Event wekatrace225_b283484d4fbd0c43f195bf6fe0a6c8dd28a6:event_087_parent_turn_87 skipping — predecessor failed
2026-10-02 04:43:51,324 - inference_perf.loadgen.load_generator - WARNING - Stage 0: timeout after 2700.0s
2026-10-02 04:45:51,345 - inference_perf.loadgen.load_generator - WARNING - [Worker 18] cancelling 1027 tasks still running at stage teardown
2026-10-02 04:45:51,354 - inference_perf.loadgen.load_generator - WARNING - [Worker 7] cancelling 1275 tasks still running at stage teardown
2026-10-02 04:45:51,361 - inference_perf.loadgen.load_generator - WARNING - [Worker 1] cancelling 645 tasks still running at stage teardown
2026-10-02 04:45:51,361 - inference_perf.loadgen.load_generator - WARNING - [Worker 22] cancelling 1195 tasks still running at stage teardown
2026-10-02 04:45:51,367 - inference_perf.loadgen.load_generator - WARNING - [Worker 9] cancelling 893 tasks still running at stage teardown
2026-10-02 04:45:51,384 - inference_perf.loadgen.load_generator - WARNING - [Worker 0] cancelling 652 tasks still running at stage teardown
2026-10-02 04:45:51,414 - inference_perf.loadgen.load_generator - WARNING - [Worker 10] cancelling 1787 tasks still running at stage teardown
2026-10-02 04:45:51,436 - inference_perf.loadgen.load_generator - WARNING - [Worker 15] cancelling 593 tasks still running at stage teardown
2026-10-02 04:45:51,506 - inference_perf.loadgen.load_generator - WARNING - [Worker 8] cancelling 268 tasks still running at stage teardown
2026-10-02 04:45:51,518 - inference_perf.loadgen.load_generator - WARNING - [Worker 4] cancelling 850 tasks still running at stage teardown
2026-10-02 04:45:51,529 - inference_perf.loadgen.load_generator - WARNING - [Worker 11] cancelling 753 tasks still running at stage teardown
2026-10-02 04:45:51,530 - inference_perf.loadgen.load_generator - WARNING - [Worker 23] cancelling 484 tasks still running at stage teardown
2026-10-02 04:45:51,530 - inference_perf.loadgen.load_generator - WARNING - [Worker 21] cancelling 249 tasks still running at stage teardown
2026-10-02 04:45:51,541 - inference_perf.loadgen.load_generator - WARNING - [Worker 2] cancelling 574 tasks still running at stage teardown
2026-10-02 04:45:51,543 - inference_perf.loadgen.load_generator - WARNING - [Worker 3] cancelling 510 tasks still running at stage teardown
2026-10-02 04:45:51,544 - inference_perf.loadgen.load_generator - WARNING - [Worker 20] cancelling 581 tasks still running at stage teardown
2026-10-02 04:45:51,548 - inference_perf.loadgen.load_generator - WARNING - [Worker 5] cancelling 516 tasks still running at stage teardown
2026-10-02 04:45:51,548 - inference_perf.loadgen.load_generator - WARNING - [Worker 14] cancelling 601 tasks still running at stage teardown
2026-10-02 04:45:51,549 - inference_perf.loadgen.load_generator - WARNING - [Worker 17] cancelling 481 tasks still running at stage teardown
2026-10-02 04:45:51,556 - inference_perf.loadgen.load_generator - WARNING - [Worker 19] cancelling 680 tasks still running at stage teardown
2026-10-02 04:45:51,564 - inference_perf.loadgen.load_generator - WARNING - [Worker 12] cancelling 662 tasks still running at stage teardown
2026-10-02 04:45:51,566 - inference_perf.loadgen.load_generator - WARNING - [Worker 6] cancelling 566 tasks still running at stage teardown
2026-10-02 04:45:51,569 - inference_perf.loadgen.load_generator - WARNING - [Worker 13] cancelling 522 tasks still running at stage teardown
2026-10-02 04:45:51,572 - inference_perf.loadgen.load_generator - WARNING - [Worker 16] cancelling 673 tasks still running at stage teardown
2026-10-02 04:45:51,623 - inference_perf.loadgen.load_generator - INFO - Stage 0 - session-based run failed
Overall Progress ━━━━━━━━━━━━━━━━━━━━━━━━━━━━━━━━━━━━━━ 100% 1/1 0:00:00 0:47:00
2026-10-02 04:45:52,631 - inference_perf.reportgen.base - INFO - Generating Reports...
2026-10-02 04:45:52,631 - inference_perf.utils.custom_tokenizer - INFO - Loading tokenizer 'Qwen/Qwen3-Coder-30B-A3B-Instruct-FP8'
2026-10-02 04:45:52,797 - httpx - INFO - HTTP Request: HEAD https://huggingface.co/Qwen/Qwen3-Coder-30B-A3B-Instruct-FP8/resolve/main/config.json "HTTP/1.1 307 Temporary Redirect"
2026-10-02 04:45:52,815 - httpx - INFO - HTTP Request: HEAD https://huggingface.co/api/resolve-cache/models/Qwen/Qwen3-Coder-30B-A3B-Instruct-FP8/dcaee4d4dfc5ee71ad501f01f530e5652438fde0/config.json "HTTP/1.1 200 OK"
2026-10-02 04:45:52,871 - httpx - INFO - HTTP Request: HEAD https://huggingface.co/Qwen/Qwen3-Coder-30B-A3B-Instruct-FP8/resolve/main/tokenizer_config.json "HTTP/1.1 307 Temporary Redirect"
2026-10-02 04:45:52,888 - httpx - INFO - HTTP Request: HEAD https://huggingface.co/api/resolve-cache/models/Qwen/Qwen3-Coder-30B-A3B-Instruct-FP8/dcaee4d4dfc5ee71ad501f01f530e5652438fde0/tokenizer_config.json "HTTP/1.1 200 OK"
2026-10-02 04:45:52,940 - httpx - INFO - HTTP Request: GET https://huggingface.co/api/models/Qwen/Qwen3-Coder-30B-A3B-Instruct-FP8/tree/main/additional_chat_templates?recursive=false&expand=false "HTTP/1.1 404 Not Found"
2026-10-02 04:45:52,991 - httpx - INFO - HTTP Request: GET https://huggingface.co/api/models/Qwen/Qwen3-Coder-30B-A3B-Instruct-FP8/tree/main?recursive=true&expand=false "HTTP/1.1 200 OK"
2026-10-02 04:45:54,109 - httpx - INFO - HTTP Request: GET https://huggingface.co/api/models/Qwen/Qwen3-Coder-30B-A3B-Instruct-FP8 "HTTP/1.1 200 OK"
2026-10-02 04:50:11,478 - inference_perf.reportgen.base - WARNING - Prometheus Metrics Client is not configured or not of type PrometheusMetricsClient
2026-10-02 04:50:12,588 - inference_perf.reportgen.validation - WARNING - Validation [summary.token_mismatches] summary_lifecycle_metrics.json: 819 request(s) where the client-side token count disagrees with the server-reported completion_tokens
2026-10-02 04:50:12,588 - inference_perf.reportgen.validation - WARNING - Validation [per_stage.token_mismatches] stage_0_lifecycle_metrics.json: 819 request(s) where the client-side token count disagrees with the server-reported completion_tokens
2026-10-02 04:50:12,588 - inference_perf.reportgen.validation - WARNING - Report validation finished: 0 error(s), 2 warning(s). See validation.json.
2026-10-02 04:50:12,648 - inference_perf.client.filestorage.local - INFO - Report saved to: /results/report/summary_lifecycle_metrics.json
2026-10-02 04:50:12,649 - inference_perf.client.filestorage.local - INFO - Report saved to: /results/report/stage_0_lifecycle_metrics.json
2026-10-02 04:50:20,196 - inference_perf.client.filestorage.local - INFO - Report saved to: /results/report/per_request_lifecycle_metrics.json
2026-10-02 04:50:20,204 - inference_perf.client.filestorage.local - INFO - Report saved to: /results/report/inference-perf.partial.stage_0.yaml
2026-10-02 04:50:20,205 - inference_perf.client.filestorage.local - INFO - Report saved to: /results/report/summary_session_lifecycle_metrics.json
2026-10-02 04:50:20,205 - inference_perf.client.filestorage.local - INFO - Report saved to: /results/report/stage_0_session_lifecycle_metrics.json
2026-10-02 04:50:20,212 - inference_perf.client.filestorage.local - INFO - Report saved to: /results/report/config.yaml
2026-10-02 04:50:20,212 - inference_perf.client.filestorage.local - INFO - Report saved to: /results/report/validation.json
=== START_SUMMARY ===
{
  "benchmark_time_seconds": 2817.5398569359677,
  "load_summary": {
    "count": 2229,
    "schedule_delay": {
      "mean": 842.6690576721535,
      "min": 0.0021857499377802014,
      "max": 2698.0715356660075,
      "p0.1": 0.003366969571914524,
      "p1": 0.013504386828280986,
      "p5": 2.570649076253176,
      "p10": 9.121460336167365,
      "p25": 221.47199558501597,
      "median": 560.5662325209705,
      "p75": 1435.1954356280621,
      "p90": 2022.6489920239896,
      "p95": 2374.8898745550073,
      "p99": 2628.267160024162,
      "p99.9": 2686.030211857406
    }
  },
  "successes": {
    "count": 2187,
    "latency": {
      "request_latency": {
        "mean": 167.40160752603853,
        "min": 0.41342741705011576,
        "max": 1899.9383420450613,
        "p0.1": 0.9378011040617712,
        "p1": 3.662912515033968,
        "p5": 5.891033816279378,
        "p10": 7.956830570590682,
        "p25": 16.18475979543291,
        "median": 41.14631008100696,
        "p75": 111.25010248500621,
        "p90": 317.2219342663888,
        "p95": 1021.0023020992858,
        "p99": 1876.9458936181034,
        "p99.9": 1897.7808767234112
      },
      "normalized_time_per_output_token": {
        "mean": 0.9688763678886526,
        "min": 0.0399207037638539,
        "max": 41.94490247937696,
        "p0.1": 0.04099451365565777,
        "p1": 0.04252983407457768,
        "p5": 0.04579810708243035,
        "p10": 0.04876766971643865,
        "p25": 0.0546074842521166,
        "median": 0.07792427793290656,
        "p75": 0.30431183982067955,
        "p90": 2.0153323041463023,
        "p95": 5.756727179191015,
        "p99": 14.781908512063149,
        "p99.9": 27.251155212332655
      },
      "time_per_output_token": {
        "mean": 0.07831707359494143,
        "min": 0.03115397278452292,
        "max": 0.3827519343019678,
        "p0.1": 0.03425764188085062,
        "p1": 0.03911981078053453,
        "p5": 0.04210190222416736,
        "p10": 0.044478320532603706,
        "p25": 0.0499224423016177,
        "median": 0.05963923468029705,
        "p75": 0.08372122509634153,
        "p90": 0.141877559256329,
        "p95": 0.20640021567638608,
        "p99": 0.25291772358050724,
        "p99.9": 0.2829995151788023
      },
      "time_to_first_token": {
        "mean": 125.00497146169413,
        "min": 0.12909343396313488,
        "max": 1874.434184237034,
        "p0.1": 0.13954161533340811,
        "p1": 0.21698569811414928,
        "p5": 0.2627629055059515,
        "p10": 0.31038230638951064,
        "p25": 0.49842884053941816,
        "median": 2.7244744800264016,
        "p75": 33.58820996998111,
        "p90": 253.4994197838474,
        "p95": 980.4850470567422,
        "p99": 1836.8567802035434,
        "p99.9": 1869.0863123740621
      },
      "inter_token_latency": {
        "mean": 0.06899203393370709,
        "min": 0.0,
        "max": 3.378211577073671,
        "p0.1": 3.7252221372909846e-05,
        "p1": 0.01314459895598702,
        "p5": 0.031079011963447555,
        "p10": 0.035017165064346045,
        "p25": 0.03778101352509111,
        "median": 0.04003267455846071,
        "p75": 0.0432646369736176,
        "p90": 0.1521675376570784,
        "p95": 0.25030913695809426,
        "p99": 0.4946977724821772,
        "p99.9": 1.0010593749758563
      }
    },
    "throughput": {
      "input_tokens_per_sec": 36244.44983399602,
      "output_tokens_per_sec": 512.6603609330332,
      "total_tokens_per_sec": 36757.11019492905,
      "requests_per_sec": 0.7762090728250886,
      "images_per_sec": 0.0,
      "videos_per_sec": 0.0,
      "audios_per_sec": 0.0
    },
    "request_size_bytes": {
      "mean": 186104.67169638776,
      "min": 982.0,
      "max": 988084.0,
      "p0.1": 1199.488,
      "p1": 1647.86,
      "p5": 1824.3000000000002,
      "p10": 9793.0,
      "p25": 128094.0,
      "median": 165292.0,
      "p75": 220146.0,
      "p90": 307299.60000000003,
      "p95": 403932.49999999977,
      "p99": 883759.5599999992,
      "p99.9": 972579.9740000009
    },
    "image": {
      "count": {
        "mean": 0.0,
        "min": 0.0,
        "max": 0.0,
        "p0.1": 0.0,
        "p1": 0.0,
        "p5": 0.0,
        "p10": 0.0,
        "p25": 0.0,
        "median": 0.0,
        "p75": 0.0,
        "p90": 0.0,
        "p95": 0.0,
        "p99": 0.0,
        "p99.9": 0.0
      },
      "pixels": null,
      "bytes": null,
      "aspect_ratio": null
    },
    "video": {
      "count": {
        "mean": 0.0,
        "min": 0.0,
        "max": 0.0,
        "p0.1": 0.0,
        "p1": 0.0,
        "p5": 0.0,
        "p10": 0.0,
        "p25": 0.0,
        "median": 0.0,
        "p75": 0.0,
        "p90": 0.0,
        "p95": 0.0,
        "p99": 0.0,
        "p99.9": 0.0
      },
      "frames": null,
      "pixels": null,
      "bytes": null,
      "aspect_ratio": null
    },
    "audio": {
      "count": {
        "mean": 0.0,
        "min": 0.0,
        "max": 0.0,
        "p0.1": 0.0,
        "p1": 0.0,
        "p5": 0.0,
        "p10": 0.0,
        "p25": 0.0,
        "median": 0.0,
        "p75": 0.0,
        "p90": 0.0,
        "p95": 0.0,
        "p99": 0.0,
        "p99.9": 0.0
      },
      "seconds": null,
      "bytes": null
    },
    "prompt_tokens": {
      "total": 102120182.0,
      "cached": 74293840.0,
      "uncached": 27826342.0,
      "mean": 46694.18472793781,
      "min": 174.0,
      "max": 248687.0,
      "p0.1": 264.0,
      "p1": 391.0,
      "p5": 392.0,
      "p10": 2354.6,
      "p25": 32259.0,
      "median": 41467.0,
      "p75": 55229.0,
      "p90": 77243.60000000002,
      "p95": 101507.79999999973,
      "p99": 222196.6799999998,
      "p99.9": 244535.27600000013
    },
    "output_len": {
      "mean": 660.466849565615,
      "min": 4.0,
      "max": 14554.0,
      "p0.1": 9.0,
      "p1": 14.0,
      "p5": 19.0,
      "p10": 37.20000000000016,
      "p25": 139.0,
      "median": 325.0,
      "p75": 700.5,
      "p90": 1476.4,
      "p95": 2544.599999999995,
      "p99": 5084.42,
      "p99.9": 10684.522000000068
    },
    "output_tokens": {
      "total": 1444441.0,
      "mean": 660.466849565615,
      "min": 4.0,
      "max": 14554.0,
      "p0.1": 9.0,
      "p1": 14.0,
      "p5": 19.0,
      "p10": 37.20000000000016,
      "p25": 139.0,
      "median": 325.0,
      "p75": 700.5,
      "p90": 1476.4,
      "p95": 2544.599999999995,
      "p99": 5084.42,
      "p99.9": 10684.522000000068
    },
    "token_count_mismatches": 819,
    "client_fallback_requests": {
      "prompt": 0,
      "output": 0
    }
  },
  "failures": {
    "count": 42,
    "request_latency": {
      "mean": 1900.457364090857,
      "min": 1900.0384694040986,
      "max": 1900.9206526409835,
      "p0.1": 1900.038676022733,
      "p1": 1900.0405355904413,
      "p5": 1900.0512760002923,
      "p10": 1900.0772897759803,
      "p25": 1900.2395444537397,
      "median": 1900.4470537854359,
      "p75": 1900.6843710222747,
      "p90": 1900.842522507964,
      "p95": 1900.909254401998,
      "p99": 1900.9193779194168,
      "p99.9": 1900.9205251688268
    },
    "prompt_tokens": {
      "total": 0.0,
      "cached": 0.0,
      "uncached": 0.0,
      "mean": 0.0,
      "min": 0.0,
      "max": 0.0,
      "p0.1": 0.0,
      "p1": 0.0,
      "p5": 0.0,
      "p10": 0.0,
      "p25": 0.0,
      "median": 0.0,
      "p75": 0.0,
      "p90": 0.0,
      "p95": 0.0,
      "p99": 0.0,
      "p99.9": 0.0
    },
    "by_label": {
      "timeouterror": {
        "count": 42,
        "messages": [
          {
            "message": "",
            "session_ids": [
              "wekatrace97_5205240fa8f546d231b220f7b82e394dcd79",
              "wekatrace12_09c188c8b9201ec2046cc2df702623fef33e",
              "wekatrace124_7053adfcfbb77d730e5790ff46de93c461eb",
              "wekatrace242_be8cbe86fa39534cb8534bf53f4d79fec596",
              "wekatrace321_f25cdaf2290264e23187558d177f96ca00dd",
              "wekatrace187_9e74ad6f4f9be07727dd4586eb936301298a",
              "wekatrace329_f778fed7b3253560bde80305144b6e81a7ee",
              "wekatrace178_98487e95da7b7251318a1bf4ed04f9c83922",
              "wekatrace16_0d75185d4e958ad360c16451eaa95d508edf",
              "wekatrace54_2de8538029066d95b4ff113d5750eb403cb7",
              "wekatrace220_af60ae862f19d091b7d8a3e5fa8b570abe2a",
              "wekatrace319_f17d741a05b67f9d50934ca8468d18aa7922",
              "wekatrace266_d0ba3f3cf4f0f42e6087d3a6d3569fd4a3ba",
              "wekatrace221_afd3f3a1ccdb67fcb1022499a9a507842fad",
              "wekatrace205_a8579208ea25d6f401207257139b163ec48d",
              "wekatrace331_f81ed47b5437c65860a614f86695c35ba363",
              "wekatrace176_965b5be429f249d627b6c01870beab5eb252",
              "wekatrace36_20821cf092022b08be8c97d438b5f8003ee7",
              "wekatrace324_f3852e8ca1ac3887151243be3467e483d725",
              "wekatrace138_792a769fe13dd05abd68d240f774472e5340",
              "wekatrace214_acbce458d2237f6e569c5e7bd386d226f466",
              "wekatrace243_bea7dc50de14489cd502c85c419f46aa7c88",
              "wekatrace163_8e1a61685e99ae7d274a5b2b23ee761076d7",
              "wekatrace1_01fece675b92efe07620225cd69c3884f774",
              "wekatrace303_e5fbd6dfd130daf14f0059747c5481e7503e",
              "wekatrace215_ad2d0707607579ecd99018884c833228434a",
              "wekatrace23_13762df76dba635a268bf3acbb30bfffed63",
              "wekatrace245_c03e35003893d05b83ddec10c77f479d5f04",
              "wekatrace113_60f80e6bffe54ed25eb7eea307649a8fdf06",
              "wekatrace113_60f80e6bffe54ed25eb7eea307649a8fdf06",
              "wekatrace45_27cf2ada39b896fea5580c895bfbd4119490",
              "wekatrace88_4b5b583d4736a4399d3e5222be38f78d80c8",
              "wekatrace132_76ef82400a03738d4f138b163f1890a881c9",
              "wekatrace132_76ef82400a03738d4f138b163f1890a881c9",
              "wekatrace135_7914626c2fc4027b8c3006f4a05e63c8d395",
              "wekatrace181_999eea8a292a67475f955dd8f074dd4e413e",
              "wekatrace335_fe5ce39a5dc42b851ce91a792d3d628d92c1",
              "wekatrace94_4e7e9da6007f4fdebede92e497cafdc8362b",
              "wekatrace193_a1bfbc403e0ae7ae35051047b2230c978e1f",
              "wekatrace316_f02519b0a1c78d3e61c31d06b41c518d827e",
              "wekatrace333_fabd95c42f988d51e6c96ae9472bc7f69860",
              "wekatrace225_b283484d4fbd0c43f195bf6fe0a6c8dd28a6"
            ]
          }
        ]
      }
    }
  }
}
=== END_SUMMARY ===
=== START_STAGE_0 ===
{
  "benchmark_time_seconds": 2817.5398569359677,
  "load_summary": {
    "count": 2229,
    "schedule_delay": {
      "mean": 842.6690576721535,
      "min": 0.0021857499377802014,
      "max": 2698.0715356660075,
      "p0.1": 0.003366969571914524,
      "p1": 0.013504386828280986,
      "p5": 2.570649076253176,
      "p10": 9.121460336167365,
      "p25": 221.47199558501597,
      "median": 560.5662325209705,
      "p75": 1435.1954356280621,
      "p90": 2022.6489920239896,
      "p95": 2374.8898745550073,
      "p99": 2628.267160024162,
      "p99.9": 2686.030211857406
    },
    "send_duration": 2698.297960383934,
    "requested_rate": 0.0,
    "achieved_rate": 0.8260763017005139,
    "concurrency": 192
  },
  "successes": {
    "count": 2187,
    "latency": {
      "request_latency": {
        "mean": 167.40160752603853,
        "min": 0.41342741705011576,
        "max": 1899.9383420450613,
        "p0.1": 0.9378011040617712,
        "p1": 3.662912515033968,
        "p5": 5.891033816279378,
        "p10": 7.956830570590682,
        "p25": 16.18475979543291,
        "median": 41.14631008100696,
        "p75": 111.25010248500621,
        "p90": 317.2219342663888,
        "p95": 1021.0023020992858,
        "p99": 1876.9458936181034,
        "p99.9": 1897.7808767234112
      },
      "normalized_time_per_output_token": {
        "mean": 0.9688763678886526,
        "min": 0.0399207037638539,
        "max": 41.94490247937696,
        "p0.1": 0.04099451365565777,
        "p1": 0.04252983407457768,
        "p5": 0.04579810708243035,
        "p10": 0.04876766971643865,
        "p25": 0.0546074842521166,
        "median": 0.07792427793290656,
        "p75": 0.30431183982067955,
        "p90": 2.0153323041463023,
        "p95": 5.756727179191015,
        "p99": 14.781908512063149,
        "p99.9": 27.251155212332655
      },
      "time_per_output_token": {
        "mean": 0.07831707359494143,
        "min": 0.03115397278452292,
        "max": 0.3827519343019678,
        "p0.1": 0.03425764188085062,
        "p1": 0.03911981078053453,
        "p5": 0.04210190222416736,
        "p10": 0.044478320532603706,
        "p25": 0.0499224423016177,
        "median": 0.05963923468029705,
        "p75": 0.08372122509634153,
        "p90": 0.141877559256329,
        "p95": 0.20640021567638608,
        "p99": 0.25291772358050724,
        "p99.9": 0.2829995151788023
      },
      "time_to_first_token": {
        "mean": 125.00497146169413,
        "min": 0.12909343396313488,
        "max": 1874.434184237034,
        "p0.1": 0.13954161533340811,
        "p1": 0.21698569811414928,
        "p5": 0.2627629055059515,
        "p10": 0.31038230638951064,
        "p25": 0.49842884053941816,
        "median": 2.7244744800264016,
        "p75": 33.58820996998111,
        "p90": 253.4994197838474,
        "p95": 980.4850470567422,
        "p99": 1836.8567802035434,
        "p99.9": 1869.0863123740621
      },
      "inter_token_latency": {
        "mean": 0.06899203393370709,
        "min": 0.0,
        "max": 3.378211577073671,
        "p0.1": 3.7252221372909846e-05,
        "p1": 0.01314459895598702,
        "p5": 0.031079011963447555,
        "p10": 0.035017165064346045,
        "p25": 0.03778101352509111,
        "median": 0.04003267455846071,
        "p75": 0.0432646369736176,
        "p90": 0.1521675376570784,
        "p95": 0.25030913695809426,
        "p99": 0.4946977724821772,
        "p99.9": 1.0010593749758563
      }
    },
    "throughput": {
      "input_tokens_per_sec": 36244.44983399602,
      "output_tokens_per_sec": 512.6603609330332,
      "total_tokens_per_sec": 36757.11019492905,
      "requests_per_sec": 0.7762090728250886,
      "images_per_sec": 0.0,
      "videos_per_sec": 0.0,
      "audios_per_sec": 0.0
    },
    "request_size_bytes": {
      "mean": 186104.67169638776,
      "min": 982.0,
      "max": 988084.0,
      "p0.1": 1199.488,
      "p1": 1647.86,
      "p5": 1824.3000000000002,
      "p10": 9793.0,
      "p25": 128094.0,
      "median": 165292.0,
      "p75": 220146.0,
      "p90": 307299.60000000003,
      "p95": 403932.49999999977,
      "p99": 883759.5599999992,
      "p99.9": 972579.9740000009
    },
    "image": {
      "count": {
        "mean": 0.0,
        "min": 0.0,
        "max": 0.0,
        "p0.1": 0.0,
        "p1": 0.0,
        "p5": 0.0,
        "p10": 0.0,
        "p25": 0.0,
        "median": 0.0,
        "p75": 0.0,
        "p90": 0.0,
        "p95": 0.0,
        "p99": 0.0,
        "p99.9": 0.0
      },
      "pixels": null,
      "bytes": null,
      "aspect_ratio": null
    },
    "video": {
      "count": {
        "mean": 0.0,
        "min": 0.0,
        "max": 0.0,
        "p0.1": 0.0,
        "p1": 0.0,
        "p5": 0.0,
        "p10": 0.0,
        "p25": 0.0,
        "median": 0.0,
        "p75": 0.0,
        "p90": 0.0,
        "p95": 0.0,
        "p99": 0.0,
        "p99.9": 0.0
      },
      "frames": null,
      "pixels": null,
      "bytes": null,
      "aspect_ratio": null
    },
    "audio": {
      "count": {
        "mean": 0.0,
        "min": 0.0,
        "max": 0.0,
        "p0.1": 0.0,
        "p1": 0.0,
        "p5": 0.0,
        "p10": 0.0,
        "p25": 0.0,
        "median": 0.0,
        "p75": 0.0,
        "p90": 0.0,
        "p95": 0.0,
        "p99": 0.0,
        "p99.9": 0.0
      },
      "seconds": null,
      "bytes": null
    },
    "prompt_tokens": {
      "total": 102120182.0,
      "cached": 74293840.0,
      "uncached": 27826342.0,
      "mean": 46694.18472793781,
      "min": 174.0,
      "max": 248687.0,
      "p0.1": 264.0,
      "p1": 391.0,
      "p5": 392.0,
      "p10": 2354.6,
      "p25": 32259.0,
      "median": 41467.0,
      "p75": 55229.0,
      "p90": 77243.60000000002,
      "p95": 101507.79999999973,
      "p99": 222196.6799999998,
      "p99.9": 244535.27600000013
    },
    "output_len": {
      "mean": 660.466849565615,
      "min": 4.0,
      "max": 14554.0,
      "p0.1": 9.0,
      "p1": 14.0,
      "p5": 19.0,
      "p10": 37.20000000000016,
      "p25": 139.0,
      "median": 325.0,
      "p75": 700.5,
      "p90": 1476.4,
      "p95": 2544.599999999995,
      "p99": 5084.42,
      "p99.9": 10684.522000000068
    },
    "output_tokens": {
      "total": 1444441.0,
      "mean": 660.466849565615,
      "min": 4.0,
      "max": 14554.0,
      "p0.1": 9.0,
      "p1": 14.0,
      "p5": 19.0,
      "p10": 37.20000000000016,
      "p25": 139.0,
      "median": 325.0,
      "p75": 700.5,
      "p90": 1476.4,
      "p95": 2544.599999999995,
      "p99": 5084.42,
      "p99.9": 10684.522000000068
    },
    "token_count_mismatches": 819,
    "client_fallback_requests": {
      "prompt": 0,
      "output": 0
    }
  },
  "failures": {
    "count": 42,
    "request_latency": {
      "mean": 1900.457364090857,
      "min": 1900.0384694040986,
      "max": 1900.9206526409835,
      "p0.1": 1900.038676022733,
      "p1": 1900.0405355904413,
      "p5": 1900.0512760002923,
      "p10": 1900.0772897759803,
      "p25": 1900.2395444537397,
      "median": 1900.4470537854359,
      "p75": 1900.6843710222747,
      "p90": 1900.842522507964,
      "p95": 1900.909254401998,
      "p99": 1900.9193779194168,
      "p99.9": 1900.9205251688268
    },
    "prompt_tokens": {
      "total": 0.0,
      "cached": 0.0,
      "uncached": 0.0,
      "mean": 0.0,
      "min": 0.0,
      "max": 0.0,
      "p0.1": 0.0,
      "p1": 0.0,
      "p5": 0.0,
      "p10": 0.0,
      "p25": 0.0,
      "median": 0.0,
      "p75": 0.0,
      "p90": 0.0,
      "p95": 0.0,
      "p99": 0.0,
      "p99.9": 0.0
    },
    "by_label": {
      "timeouterror": {
        "count": 42,
        "messages": [
          {
            "message": "",
            "session_ids": [
              "wekatrace97_5205240fa8f546d231b220f7b82e394dcd79",
              "wekatrace12_09c188c8b9201ec2046cc2df702623fef33e",
              "wekatrace124_7053adfcfbb77d730e5790ff46de93c461eb",
              "wekatrace242_be8cbe86fa39534cb8534bf53f4d79fec596",
              "wekatrace321_f25cdaf2290264e23187558d177f96ca00dd",
              "wekatrace187_9e74ad6f4f9be07727dd4586eb936301298a",
              "wekatrace329_f778fed7b3253560bde80305144b6e81a7ee",
              "wekatrace178_98487e95da7b7251318a1bf4ed04f9c83922",
              "wekatrace16_0d75185d4e958ad360c16451eaa95d508edf",
              "wekatrace54_2de8538029066d95b4ff113d5750eb403cb7",
              "wekatrace220_af60ae862f19d091b7d8a3e5fa8b570abe2a",
              "wekatrace319_f17d741a05b67f9d50934ca8468d18aa7922",
              "wekatrace266_d0ba3f3cf4f0f42e6087d3a6d3569fd4a3ba",
              "wekatrace221_afd3f3a1ccdb67fcb1022499a9a507842fad",
              "wekatrace205_a8579208ea25d6f401207257139b163ec48d",
              "wekatrace331_f81ed47b5437c65860a614f86695c35ba363",
              "wekatrace176_965b5be429f249d627b6c01870beab5eb252",
              "wekatrace36_20821cf092022b08be8c97d438b5f8003ee7",
              "wekatrace324_f3852e8ca1ac3887151243be3467e483d725",
              "wekatrace138_792a769fe13dd05abd68d240f774472e5340",
              "wekatrace214_acbce458d2237f6e569c5e7bd386d226f466",
              "wekatrace243_bea7dc50de14489cd502c85c419f46aa7c88",
              "wekatrace163_8e1a61685e99ae7d274a5b2b23ee761076d7",
              "wekatrace1_01fece675b92efe07620225cd69c3884f774",
              "wekatrace303_e5fbd6dfd130daf14f0059747c5481e7503e",
              "wekatrace215_ad2d0707607579ecd99018884c833228434a",
              "wekatrace23_13762df76dba635a268bf3acbb30bfffed63",
              "wekatrace245_c03e35003893d05b83ddec10c77f479d5f04",
              "wekatrace113_60f80e6bffe54ed25eb7eea307649a8fdf06",
              "wekatrace113_60f80e6bffe54ed25eb7eea307649a8fdf06",
              "wekatrace45_27cf2ada39b896fea5580c895bfbd4119490",
              "wekatrace88_4b5b583d4736a4399d3e5222be38f78d80c8",
              "wekatrace132_76ef82400a03738d4f138b163f1890a881c9",
              "wekatrace132_76ef82400a03738d4f138b163f1890a881c9",
              "wekatrace135_7914626c2fc4027b8c3006f4a05e63c8d395",
              "wekatrace181_999eea8a292a67475f955dd8f074dd4e413e",
              "wekatrace335_fe5ce39a5dc42b851ce91a792d3d628d92c1",
              "wekatrace94_4e7e9da6007f4fdebede92e497cafdc8362b",
              "wekatrace193_a1bfbc403e0ae7ae35051047b2230c978e1f",
              "wekatrace316_f02519b0a1c78d3e61c31d06b41c518d827e",
              "wekatrace333_fabd95c42f988d51e6c96ae9472bc7f69860",
              "wekatrace225_b283484d4fbd0c43f195bf6fe0a6c8dd28a6"
            ]
          }
        ]
      }
    }
  }
}
=== END_STAGE_0 ===
=== START_PARTIAL_BR_V0_2_STAGE_0 ===
version: 0.2.1
run:
  uid: inference-perf-stage-0-9a0bec6e
  eid: inference-perf-experiment-2b4c8dde
  time:
    start: '2026-10-02T03:58:51.317206Z'
    end: '2026-10-02T04:43:51.324712Z'
    duration: PT2700.008S
results:
  request_performance:
    aggregate:
      requests:
        total: 2229
        failures: 42
        input_length:
          units: count
          mean: 46694.18472793781
          stddev: 37279.45497033651
          min: 174.0
          p0p1: 264.0
          p1: 391.0
          p5: 392.0
          p10: 2354.6
          p25: 32259.0
          p50: 41467.0
          p75: 55229.0
          p90: 77243.60000000002
          p95: 101507.79999999973
          p99: 222196.6799999998
          p99p9: 244535.27600000013
          max: 248687.0
        output_length:
          units: count
          mean: 660.466849565615
          stddev: 1085.4884136758094
          min: 4.0
          p0p1: 9.0
          p1: 14.0
          p5: 19.0
          p10: 37.20000000000016
          p25: 139.0
          p50: 325.0
          p75: 700.5
          p90: 1476.4
          p95: 2544.599999999995
          p99: 5084.42
          p99p9: 10684.522000000068
          max: 14554.0
      latency:
        time_to_first_token:
          units: s
          mean: 125.00497146169413
          stddev: 379.84005110148615
          min: 0.12909343396313488
          p0p1: 0.13954161533340811
          p1: 0.21698569811414928
          p5: 0.2627629055059515
          p10: 0.31038230638951064
          p25: 0.49842884053941816
          p50: 2.7244744800264016
          p75: 33.58820996998111
          p90: 253.4994197838474
          p95: 980.4850470567422
          p99: 1836.8567802035434
          p99p9: 1869.0863123740621
          max: 1874.434184237034
        normalized_time_per_output_token:
          units: s/token
          mean: 0.9688763678886526
          stddev: 2.971485759231668
          min: 0.0399207037638539
          p0p1: 0.04099451365565777
          p1: 0.04252983407457768
          p5: 0.04579810708243035
          p10: 0.04876766971643865
          p25: 0.0546074842521166
          p50: 0.07792427793290656
          p75: 0.30431183982067955
          p90: 2.0153323041463023
          p95: 5.756727179191015
          p99: 14.781908512063149
          p99p9: 27.251155212332655
          max: 41.94490247937696
        time_per_output_token:
          units: s/token
          mean: 0.07831707359494143
          stddev: 0.04855843998641582
          min: 0.03115397278452292
          p0p1: 0.03425764188085062
          p1: 0.03911981078053453
          p5: 0.04210190222416736
          p10: 0.044478320532603706
          p25: 0.0499224423016177
          p50: 0.05963923468029705
          p75: 0.08372122509634153
          p90: 0.141877559256329
          p95: 0.20640021567638608
          p99: 0.25291772358050724
          p99p9: 0.2829995151788023
          max: 0.3827519343019678
        inter_token_latency:
          units: s/token
          mean: 0.06899203393370709
          stddev: 0.09834795521115312
          min: 0.0
          p0p1: 3.7252221372909846e-05
          p1: 0.01314459895598702
          p5: 0.031079011963447555
          p10: 0.035017165064346045
          p25: 0.03778101352509111
          p50: 0.04003267455846071
          p75: 0.0432646369736176
          p90: 0.1521675376570784
          p95: 0.25030913695809426
          p99: 0.4946977724821772
          p99p9: 1.0010593749758563
          max: 3.378211577073671
        request_latency:
          units: s
          mean: 167.40160752603853
          stddev: 381.5892588786357
          min: 0.41342741705011576
          p0p1: 0.9378011040617712
          p1: 3.662912515033968
          p5: 5.891033816279378
          p10: 7.956830570590682
          p25: 16.18475979543291
          p50: 41.14631008100696
          p75: 111.25010248500621
          p90: 317.2219342663888
          p95: 1021.0023020992858
          p99: 1876.9458936181034
          p99p9: 1897.7808767234112
          max: 1899.9383420450613
      throughput:
        input_token_rate:
          units: tokens/s
          mean: 36244.44983399602
        output_token_rate:
          units: tokens/s
          mean: 512.6603609330332
        total_token_rate:
          units: tokens/s
          mean: 36757.11019492905
        request_rate:
          units: queries/s
          mean: 0.7762090728250886

=== END_PARTIAL_BR_V0_2_STAGE_0 ===
=== START_STAGE_0 ===
{
  "stage_metadata": {
    "stage_id": 0,
    "status": "TIMED_OUT",
    "timeout_configured": 2700.0,
    "actual_duration": 2700.0075063705444,
    "teardown_duration": 120.29900725500192,
    "dropped_requests": 0,
    "concurrent_sessions": 192,
    "session_rate": null
  },
  "num_sessions": 45,
  "num_sessions_succeeded": 5,
  "num_sessions_failed": 40,
  "failures": {
    "count": 40,
    "by_label": {
      "request_failed": {
        "count": 40,
        "messages": [
          {
            "message": "TimeoutError: ",
            "session_ids": [
              "wekatrace97_5205240fa8f546d231b220f7b82e394dcd79",
              "wekatrace12_09c188c8b9201ec2046cc2df702623fef33e",
              "wekatrace124_7053adfcfbb77d730e5790ff46de93c461eb",
              "wekatrace242_be8cbe86fa39534cb8534bf53f4d79fec596",
              "wekatrace321_f25cdaf2290264e23187558d177f96ca00dd",
              "wekatrace187_9e74ad6f4f9be07727dd4586eb936301298a",
              "wekatrace329_f778fed7b3253560bde80305144b6e81a7ee",
              "wekatrace178_98487e95da7b7251318a1bf4ed04f9c83922",
              "wekatrace54_2de8538029066d95b4ff113d5750eb403cb7",
              "wekatrace16_0d75185d4e958ad360c16451eaa95d508edf",
              "wekatrace220_af60ae862f19d091b7d8a3e5fa8b570abe2a",
              "wekatrace319_f17d741a05b67f9d50934ca8468d18aa7922",
              "wekatrace266_d0ba3f3cf4f0f42e6087d3a6d3569fd4a3ba",
              "wekatrace221_afd3f3a1ccdb67fcb1022499a9a507842fad",
              "wekatrace205_a8579208ea25d6f401207257139b163ec48d",
              "wekatrace331_f81ed47b5437c65860a614f86695c35ba363",
              "wekatrace176_965b5be429f249d627b6c01870beab5eb252",
              "wekatrace36_20821cf092022b08be8c97d438b5f8003ee7",
              "wekatrace324_f3852e8ca1ac3887151243be3467e483d725",
              "wekatrace138_792a769fe13dd05abd68d240f774472e5340",
              "wekatrace163_8e1a61685e99ae7d274a5b2b23ee761076d7",
              "wekatrace1_01fece675b92efe07620225cd69c3884f774",
              "wekatrace243_bea7dc50de14489cd502c85c419f46aa7c88",
              "wekatrace214_acbce458d2237f6e569c5e7bd386d226f466",
              "wekatrace303_e5fbd6dfd130daf14f0059747c5481e7503e",
              "wekatrace215_ad2d0707607579ecd99018884c833228434a",
              "wekatrace23_13762df76dba635a268bf3acbb30bfffed63",
              "wekatrace245_c03e35003893d05b83ddec10c77f479d5f04",
              "wekatrace113_60f80e6bffe54ed25eb7eea307649a8fdf06",
              "wekatrace45_27cf2ada39b896fea5580c895bfbd4119490",
              "wekatrace88_4b5b583d4736a4399d3e5222be38f78d80c8",
              "wekatrace132_76ef82400a03738d4f138b163f1890a881c9",
              "wekatrace135_7914626c2fc4027b8c3006f4a05e63c8d395",
              "wekatrace181_999eea8a292a67475f955dd8f074dd4e413e",
              "wekatrace335_fe5ce39a5dc42b851ce91a792d3d628d92c1",
              "wekatrace94_4e7e9da6007f4fdebede92e497cafdc8362b",
              "wekatrace193_a1bfbc403e0ae7ae35051047b2230c978e1f",
              "wekatrace316_f02519b0a1c78d3e61c31d06b41c518d827e",
              "wekatrace333_fabd95c42f988d51e6c96ae9472bc7f69860",
              "wekatrace225_b283484d4fbd0c43f195bf6fe0a6c8dd28a6"
            ]
          }
        ]
      }
    }
  },
  "total_events": 3740,
  "total_events_completed": 254,
  "total_events_cancelled": 3446,
  "sessions_with_recorded_substitution": 0,
  "total_recorded_substitutions": {
    "count": 0,
    "messages": []
  },
  "sessions_per_second": 0.01671692563204269,
  "session_duration_sec": {
    "mean": 2111.7919063568115,
    "min": 1162.1920981407166,
    "max": 2691.324631690979,
    "p0.1": 1166.275770102501,
    "p1": 1203.02881775856,
    "p5": 1883.8197793960571,
    "p10": 1915.9866478443146,
    "p25": 1936.5085668563843,
    "median": 2145.5701241493225,
    "p75": 2204.292932510376,
    "p90": 2459.9556831836703,
    "p95": 2523.5031891822814,
    "p99": 2641.3692511653903,
    "p99.9": 2686.3290936384205
  },
  "num_events": {
    "mean": 83.11111111111111,
    "min": 18.0,
    "max": 352.0,
    "p0.1": 18.132,
    "p1": 19.32,
    "p5": 21.4,
    "p10": 23.4,
    "p25": 28.0,
    "median": 53.0,
    "p75": 100.0,
    "p90": 173.8,
    "p95": 218.79999999999995,
    "p99": 314.1600000000002,
    "p99.9": 348.21600000000024
  },
  "num_events_cancelled": {
    "mean": 76.57777777777778,
    "min": 0.0,
    "max": 343.0,
    "p0.1": 0.0,
    "p1": 0.0,
    "p5": 0.0,
    "p10": 4.400000000000004,
    "p25": 24.0,
    "median": 51.0,
    "p75": 97.0,
    "p90": 171.2,
    "p95": 216.79999999999995,
    "p99": 303.4000000000002,
    "p99.9": 339.0400000000003
  },
  "total_input_tokens": {
    "mean": 424746.77777777775,
    "min": 391.0,
    "max": 6088132.0,
    "p0.1": 391.0,
    "p1": 391.0,
    "p5": 391.2,
    "p10": 392.0,
    "p25": 456.0,
    "median": 77116.0,
    "p75": 211672.0,
    "p90": 524518.0000000001,
    "p95": 2472300.1999999955,
    "p99": 5283789.120000004,
    "p99.9": 6007697.712000006
  },
  "total_output_tokens": {
    "mean": 3991.9555555555557,
    "min": 15.0,
    "max": 35593.0,
    "p0.1": 15.088,
    "p1": 15.88,
    "p5": 17.2,
    "p10": 18.4,
    "p25": 23.0,
    "median": 761.0,
    "p75": 3108.0,
    "p90": 13056.600000000013,
    "p95": 24768.99999999998,
    "p99": 32454.040000000015,
    "p99.9": 35279.10400000002
  },
  "total_cached_tokens": {
    "mean": 352947.9111111111,
    "min": 0.0,
    "max": 5772720.0,
    "p0.1": 0.0,
    "p1": 0.0,
    "p5": 0.0,
    "p10": 0.0,
    "p25": 0.0,
    "median": 25360.0,
    "p75": 137200.0,
    "p90": 428825.6000000002,
    "p95": 2160809.5999999954,
    "p99": 4911404.160000005,
    "p99.9": 5686588.416000006
  },
  "total_cacheable_input_tokens": {
    "mean": 424746.77777777775,
    "min": 391.0,
    "max": 6088132.0,
    "p0.1": 391.0,
    "p1": 391.0,
    "p5": 391.2,
    "p10": 392.0,
    "p25": 456.0,
    "median": 77116.0,
    "p75": 211672.0,
    "p90": 524518.0000000001,
    "p95": 2472300.1999999955,
    "p99": 5283789.120000004,
    "p99.9": 6007697.712000006
  },
  "sessions_with_cache_info": 45,
  "kv_cache_hit_percent": 83.09607737525182,
  "kv_cache_hit_per_session_percent": {
    "mean": 34.034298013838075,
    "min": 0.0,
    "max": 94.81923190890079,
    "p0.1": 0.0,
    "p1": 0.0,
    "p5": 0.0,
    "p10": 0.0,
    "p25": 0.0,
    "median": 37.52087745932876,
    "p75": 64.81726444688007,
    "p90": 82.0061679639942,
    "p95": 88.12684351353386,
    "p99": 92.50368620858372,
    "p99.9": 94.5876773388691
  },
  "tfut_sec": {
    "mean": 65.97567474705995,
    "min": 0.2260236949659884,
    "max": 266.6541305700084,
    "p0.1": 0.22667649459093808,
    "p1": 0.23255169121548533,
    "p5": 2.5755890513537456,
    "p10": 5.4516186928376555,
    "p25": 11.530509204021655,
    "median": 25.990572624956258,
    "p75": 46.75725231098477,
    "p90": 266.2946649575606,
    "p95": 266.40144779523837,
    "p99": 266.54913138470147,
    "p99.9": 266.64363065147774
  },
  "sessions_with_tfut": 45,
  "tfut_none_reasons": null,
  "num_user_facing_events": {
    "mean": 83.11111111111111,
    "min": 18.0,
    "max": 352.0,
    "p0.1": 18.132,
    "p1": 19.32,
    "p5": 21.4,
    "p10": 23.4,
    "p25": 28.0,
    "median": 53.0,
    "p75": 100.0,
    "p90": 173.8,
    "p95": 218.79999999999995,
    "p99": 314.1600000000002,
    "p99.9": 348.21600000000024
  },
  "num_structured_output_excluded": {
    "mean": 0.0,
    "min": 0.0,
    "max": 0.0,
    "p0.1": 0.0,
    "p1": 0.0,
    "p5": 0.0,
    "p10": 0.0,
    "p25": 0.0,
    "median": 0.0,
    "p75": 0.0,
    "p90": 0.0,
    "p95": 0.0,
    "p99": 0.0,
    "p99.9": 0.0
  }
}
=== END_STAGE_0 ===
                         Throughput and Goodput Summary                         
┏━━━━━━━┳━━━━━━━━━━┳━━━━━━━━━┳━━━━━━━━━━┳━━━━━━━┳━━━━━━━━━┳━━━━━━━━━━┳━━━━━━━━━┓
┃       ┃          ┃ Achiev… ┃    Error ┃       ┃      In ┃      Out ┃     Tot ┃
┃ Stage ┃ Req Rate ┃    Rate ┃     Rate ┃ Req/s ┃ Tokens… ┃ Tokens/s ┃ Tokens… ┃
┡━━━━━━━╇━━━━━━━━━━╇━━━━━━━━━╇━━━━━━━━━━╇━━━━━━━╇━━━━━━━━━╇━━━━━━━━━━╇━━━━━━━━━┩
│     0 │      0.0 │     0.8 │     1.9% │   0.8 │ 36244.4 │    512.7 │ 36757.1 │
└───────┴──────────┴─────────┴──────────┴───────┴─────────┴──────────┴─────────┘
                          Request & Token Latency (ms)                          
┏━━━━━━━┳━━━━━━━┳━━━━━━━┳━━━━━━━┳━━━━━━━┳━━━━━━━┳━━━━━━━┳━━━━━━━┳━━━━━━━┳━━━━━━┓
┃       ┃   Req ┃   Req ┃   Req ┃       ┃       ┃       ┃       ┃       ┃      ┃
┃       ┃   Lat ┃   Lat ┃   Lat ┃  TTFT ┃  TTFT ┃  TTFT ┃   ITL ┃   ITL ┃  ITL ┃
┃ Stage ┃  Mean ┃   Med ┃   P90 ┃  Mean ┃   Med ┃   P90 ┃  Mean ┃   Med ┃  P90 ┃
┡━━━━━━━╇━━━━━━━╇━━━━━━━╇━━━━━━━╇━━━━━━━╇━━━━━━━╇━━━━━━━╇━━━━━━━╇━━━━━━━╇━━━━━━┩
│     0 │ 1674… │ 4114… │ 3172… │ 1250… │ 2724… │ 2534… │  69.0 │  40.0 │ 152… │
└───────┴───────┴───────┴───────┴───────┴───────┴───────┴───────┴───────┴──────┘
                          Token Generation Speed (ms)                           
┏━━━━━━━┳━━━━━━━━━━━┳━━━━━━━━━━┳━━━━━━━━━━┳━━━━━━━━━━━┳━━━━━━━━━━━┳━━━━━━━━━━━━┓
┃       ┃           ┃          ┃          ┃ Norm TPOT ┃ Norm TPOT ┃  Norm TPOT ┃
┃ Stage ┃ TPOT Mean ┃ TPOT Med ┃ TPOT P90 ┃      Mean ┃       Med ┃        P90 ┃
┡━━━━━━━╇━━━━━━━━━━━╇━━━━━━━━━━╇━━━━━━━━━━╇━━━━━━━━━━━╇━━━━━━━━━━━╇━━━━━━━━━━━━┩
│     0 │      78.3 │     59.6 │    141.9 │     968.9 │      77.9 │     2015.3 │
└───────┴───────────┴──────────┴──────────┴───────────┴───────────┴────────────┘
                            Token Length Aggregates                             
┏━━━━━━━┳━━━━━━━┳━━━━━━━┳━━━━━━━┳━━━━━━━┳━━━━━━━┳━━━━━━━┳━━━━━━━┳━━━━━━━┳━━━━━━┓
┃       ┃       ┃       ┃       ┃   Out ┃   Out ┃   Out ┃   Out ┃   Out ┃  Out ┃
┃       ┃ Prom… ┃ Prom… ┃ Prom… ┃  Mean ┃   Med ┃   P90 ┃  Mean ┃   Med ┃  P90 ┃
┃ Stage ┃  Mean ┃   Med ┃   P90 ┃ (cli… ┃ (cli… ┃ (cli… ┃ (ser… ┃ (ser… ┃ (se… ┃
┡━━━━━━━╇━━━━━━━╇━━━━━━━╇━━━━━━━╇━━━━━━━╇━━━━━━━╇━━━━━━━╇━━━━━━━╇━━━━━━━╇━━━━━━┩
│     0 │ 4669… │ 4146… │ 7724… │ 660.5 │ 325.0 │ 1476… │ 660.5 │ 325.0 │ 147… │
└───────┴───────┴───────┴───────┴───────┴───────┴───────┴───────┴───────┴──────┘
 Prompt: server-reported usage where available, client tokenization otherwise.  
    Out (client): response text re-tokenized by the client (output_len). Out    
  (server): the count reported in the server's usage (output_tokens), with the  
     client count substituted for any request the server did not count. See     
                                docs/metrics.md.                                
                                Session Summary                                 
┏━━━━━━━┳━━━━━━━┳━━━━━━━┳━━━━━━━┳━━━━━━━┳━━━━━━━┳━━━━━━━┳━━━━━━━┳━━━━━━━┳━━━━━━┓
┃       ┃       ┃       ┃       ┃       ┃       ┃       ┃       ┃       ┃  Bad ┃
┃       ┃       ┃       ┃       ┃       ┃       ┃       ┃       ┃       ┃ Tool ┃
┃       ┃       ┃ Total ┃       ┃       ┃ Error ┃ Total ┃ Even… ┃ Even… ┃ Cal… ┃
┃ Stage ┃ Sess… ┃ Sess… ┃ Succ… ┃ Fail… ┃     % ┃ Even… ┃ Comp… ┃ Canc… ┃ Sub… ┃
┡━━━━━━━╇━━━━━━━╇━━━━━━━╇━━━━━━━╇━━━━━━━╇━━━━━━━╇━━━━━━━╇━━━━━━━╇━━━━━━━╇━━━━━━┩
│     0 │  0.02 │    45 │     5 │    40 │ 88.9% │  3740 │   254 │  3446 │    0 │
└───────┴───────┴───────┴───────┴───────┴───────┴───────┴───────┴───────┴──────┘
                           Session Duration & Events                            
┏━━━━━━━┳━━━━━━━━━━━┳━━━━━━━━━━━┳━━━━━━━━━━━┳━━━━━━━━━━━┳━━━━━━━━━━┳━━━━━━━━━━━┓
┃       ┃  Duration ┃  Duration ┃  Duration ┃    Events ┃   Events ┃    Events ┃
┃ Stage ┃  Mean (s) ┃   Med (s) ┃   P90 (s) ┃      Mean ┃      Med ┃       P90 ┃
┡━━━━━━━╇━━━━━━━━━━━╇━━━━━━━━━━━╇━━━━━━━━━━━╇━━━━━━━━━━━╇━━━━━━━━━━╇━━━━━━━━━━━┩
│     0 │   2111.79 │   2145.57 │   2459.96 │      83.1 │     53.0 │     173.8 │
└───────┴───────────┴───────────┴───────────┴───────────┴──────────┴───────────┘
                       Session Token Totals (per session)                       
┏━━━━━━━┳━━━━━━━━━━━┳━━━━━━━━━━━┳━━━━━━━━━━━┳━━━━━━━━━━━┳━━━━━━━━━━━┳━━━━━━━━━━┓
┃       ┃        In ┃        In ┃        In ┃       Out ┃       Out ┃      Out ┃
┃       ┃  Tok/Sess ┃  Tok/Sess ┃  Tok/Sess ┃  Tok/Sess ┃  Tok/Sess ┃ Tok/Sess ┃
┃ Stage ┃      Mean ┃       Med ┃       P90 ┃      Mean ┃       Med ┃      P90 ┃
┡━━━━━━━╇━━━━━━━━━━━╇━━━━━━━━━━━╇━━━━━━━━━━━╇━━━━━━━━━━━╇━━━━━━━━━━━╇━━━━━━━━━━┩
│     0 │  424746.8 │   77116.0 │  524518.0 │    3992.0 │     761.0 │  13056.6 │
└───────┴───────────┴───────────┴───────────┴───────────┴───────────┴──────────┘
                           Session KV Cache Hit Rate                            
┏━━━━━━━┳━━━━━━━━━━━━━┳━━━━━━━━━━━━━┳━━━━━━━━━━━━━┳━━━━━━━━━━━━━━┳━━━━━━━━━━━━━┓
┃       ┃       Hit % ┃  Hit %/Sess ┃  Hit %/Sess ┃   Hit %/Sess ┃ Sessions w/ ┃
┃ Stage ┃    (pooled) ┃        Mean ┃         Med ┃          P90 ┃        Info ┃
┡━━━━━━━╇━━━━━━━━━━━━━╇━━━━━━━━━━━━━╇━━━━━━━━━━━━━╇━━━━━━━━━━━━━━╇━━━━━━━━━━━━━┩
│     0 │        83.1 │        34.0 │        37.5 │         82.0 │          45 │
└───────┴─────────────┴─────────────┴─────────────┴──────────────┴─────────────┘
                    Session TFUT (Time to First User Token)                     
┏━━━━━━━┳━━━━━━━━━━━━━┳━━━━━━━━━━━━━┳━━━━━━━━━━━━━┳━━━━━━━━━━━━━━┳━━━━━━━━━━━━━┓
┃       ┃   TFUT Mean ┃    TFUT Med ┃    TFUT P90 ┃  Sessions w/ ┃   TFUT None ┃
┃ Stage ┃         (s) ┃         (s) ┃         (s) ┃         TFUT ┃     Reasons ┃
┡━━━━━━━╇━━━━━━━━━━━━━╇━━━━━━━━━━━━━╇━━━━━━━━━━━━━╇━━━━━━━━━━━━━━╇━━━━━━━━━━━━━┩
│     0 │      65.976 │      25.991 │     266.295 │           45 │           - │
└───────┴─────────────┴─────────────┴─────────────┴──────────────┴─────────────┘
       Request Error Summary        
┏━━━━━━━┳━━━━━━━━━━━┳━━━━━━━━━━━━━━┓
┃ Stage ┃ Successes ┃ timeouterror ┃
┡━━━━━━━╇━━━━━━━━━━━╇━━━━━━━━━━━━━━┩
│     0 │      2187 │           42 │
└───────┴───────────┴──────────────┘
             Session Error Summary             
┏━━━━━━━┳━━━━━━━━━━━━━━━━━━━━┳━━━━━━━━━━━━━━━━┓
┃ Stage ┃ Sessions Succeeded ┃ request_failed ┃
┡━━━━━━━╇━━━━━━━━━━━━━━━━━━━━╇━━━━━━━━━━━━━━━━┩
│     0 │                  5 │             40 │
└───────┴────────────────────┴────────────────┘
EXIT=0
REPORTS_COMPLETE=yes
