2026-10-09 18:50:24.885 - aiperf.cli_runner._single_run - INFO - Starting AIPerf System
2026-10-09 18:50:24.919 - aiperf.common.scenario.validator - INFO - Scenario 'agentx': setting profiling-phase timing_mode=agentic_replay.
2026-10-09 18:50:24.919 - aiperf.common.scenario.validator - INFO - Scenario 'agentx': injecting extra_inputs.ignore_eos=true (was absent).
2026-10-09 18:50:24.919 - aiperf.common.scenario.validator - INFO - Scenario 'agentx': auto-set --cache-bust=first_turn_prefix (was at default none).
2026-10-09 18:50:24.919 - aiperf.common.scenario.validator - INFO - Scenario 'agentx': auto-set --system-idle-gap-cap-seconds=10.0 (was unset).
2026-10-09 18:50:25.840 - system_controller - INFO - GPU telemetry disabled via --no-gpu-telemetry
2026-10-09 18:50:25.878 - system_controller - INFO - Registered Worker Manager (id: 'worker_manager')
2026-10-09 18:50:25.980 - server_metrics_manager - INFO - Server Metrics: Discovered 1 endpoints: ['http://agentx-epp-b-epp:80/metrics']
2026-10-09 18:50:26.165 - system_controller - INFO - Registered Server Metrics Manager (id: 'server_metrics_manager')
2026-10-09 18:50:26.217 - system_controller - INFO - Registered Record Processor (id: 'record_processor_78ed5a1a')
2026-10-09 18:50:26.222 - system_controller - INFO - Registered Record Processor (id: 'record_processor_e2cee35f')
2026-10-09 18:50:26.223 - OTelMetricsResultsProcessor_5c41928f - INFO - Telemetry streaming is disabled (set --otel-url and/or --mlflow-tracking-uri to enable)
2026-10-09 18:50:26.225 - system_controller - INFO - Registered Record Processor (id: 'record_processor_199d340a')
2026-10-09 18:50:26.229 - RecordExportJSONLWriter_0c52ab0e - INFO - Record metrics export enabled: /data/results/offload-thunder-60m/c32/aiperf_artifacts/profile_export.jsonl
2026-10-09 18:50:26.246 - system_controller - INFO - Registered Record Processor (id: 'record_processor_545e9588')
2026-10-09 18:50:26.248 - system_controller - INFO - Registered Dataset Manager (id: 'dataset_manager')
2026-10-09 18:50:26.262 - system_controller - INFO - Registered Records Manager (id: 'records_manager')
2026-10-09 18:50:26.319 - system_controller - INFO - Registered Record Processor (id: 'record_processor_925940ab')
2026-10-09 18:50:26.526 - system_controller - INFO - Registered Timing Manager (id: 'timing_manager')
2026-10-09 18:50:26.594 - system_controller - INFO - Registered Worker (id: 'worker_c1990502')
2026-10-09 18:50:26.596 - system_controller - INFO - Registered Worker (id: 'worker_56a9c637')
2026-10-09 18:50:26.622 - system_controller - INFO - Registered Worker (id: 'worker_f381cfe9')
2026-10-09 18:50:26.625 - system_controller - INFO - Registered Worker (id: 'worker_34e57934')
2026-10-09 18:50:26.634 - system_controller - INFO - Registered Worker (id: 'worker_7e4d1735')
2026-10-09 18:50:26.635 - system_controller - INFO - Registered Worker (id: 'worker_06ce1bc3')
2026-10-09 18:50:26.643 - system_controller - INFO - Registered Worker (id: 'worker_3b921940')
2026-10-09 18:50:26.644 - system_controller - INFO - Registered Worker (id: 'worker_a7655ac0')
2026-10-09 18:50:26.646 - system_controller - INFO - Registered Worker (id: 'worker_731a910f')
2026-10-09 18:50:26.649 - system_controller - INFO - Registered Worker (id: 'worker_6b406649')
2026-10-09 18:50:26.663 - system_controller - INFO - Registered Worker (id: 'worker_639899b3')
2026-10-09 18:50:26.664 - system_controller - INFO - Registered Worker (id: 'worker_5752b40c')
2026-10-09 18:50:26.667 - system_controller - INFO - Registered Worker (id: 'worker_d4894f12')
2026-10-09 18:50:26.694 - system_controller - INFO - Registered Worker (id: 'worker_7d7e3ae6')
2026-10-09 18:50:26.698 - system_controller - INFO - Registered Worker (id: 'worker_b281f7e1')
2026-10-09 18:50:26.706 - system_controller - INFO - Registered Worker (id: 'worker_618d390f')
2026-10-09 18:50:26.707 - system_controller - INFO - Registered Worker (id: 'worker_1238a270')
2026-10-09 18:50:26.722 - system_controller - INFO - Registered Worker (id: 'worker_76bb4ca9')
2026-10-09 18:50:26.737 - system_controller - INFO - Registered Worker (id: 'worker_6e74c01b')
2026-10-09 18:50:26.749 - system_controller - INFO - Registered Worker (id: 'worker_11bb1c8b')
2026-10-09 18:50:26.759 - system_controller - INFO - Registered Worker (id: 'worker_153c2f47')
2026-10-09 18:50:26.760 - system_controller - INFO - Registered Worker (id: 'worker_27e093d7')
2026-10-09 18:50:26.780 - system_controller - INFO - Registered Worker (id: 'worker_aff4870e')
2026-10-09 18:50:26.853 - system_controller - INFO - AIPerf System is CONFIGURING
2026-10-09 18:50:26.853 - system_controller - INFO - Configuring all services to start profiling
2026-10-09 18:50:26.855 - InferenceResultParser_34106499 - INFO - Tokenization is disabled for this endpoint, skipping tokenizer configuration
2026-10-09 18:50:26.855 - InferenceResultParser_9284a4f7 - INFO - Tokenization is disabled for this endpoint, skipping tokenizer configuration
2026-10-09 18:50:26.855 - InferenceResultParser_e953dfca - INFO - Tokenization is disabled for this endpoint, skipping tokenizer configuration
2026-10-09 18:50:26.855 - timing_manager - INFO - Waiting for dataset to be configured before configuring timing
2026-10-09 18:50:26.855 - InferenceResultParser_735e9a68 - INFO - Tokenization is disabled for this endpoint, skipping tokenizer configuration
2026-10-09 18:50:26.855 - InferenceResultParser_60714bc9 - INFO - Tokenization is disabled for this endpoint, skipping tokenizer configuration
2026-10-09 18:50:26.895 - server_metrics_manager - INFO - Server Metrics: Capturing baseline metrics...
2026-10-09 18:50:26.926 - http://agentx-epp-b-epp:80/metrics - INFO - Skipping unsupported summary metric: http_request_size_bytes
2026-10-09 18:50:26.926 - http://agentx-epp-b-epp:80/metrics - INFO - Skipping unsupported summary metric: http_response_size_bytes
2026-10-09 18:50:26.951 - http://10.100.9.15:8000/metrics - INFO - Skipping unsupported summary metric: http_request_size_bytes
2026-10-09 18:50:26.951 - http://10.100.9.15:8000/metrics - INFO - Skipping unsupported summary metric: http_response_size_bytes
2026-10-09 18:50:26.953 - system_controller - INFO - Server metrics enabled - 2/2 endpoint(s) reachable.
2026-10-09 18:50:26.954 - system_controller - INFO - Waiting for result domains: profile, server_metrics
2026-10-09 18:50:27.259 - dataset_manager - INFO - Memory-mapped dataset cache HIT (key=42113ff9400ba23b2007a3f65002eb0d); skipping tokenizer + composer.
2026-10-09 18:50:46.202 - aiperf.dataset.mmap_cache - INFO - Restored mmap cache file dataset.dat via copy in 18.942s (2.26 GiB)
2026-10-09 18:50:46.214 - aiperf.dataset.mmap_cache - INFO - Restored mmap cache file index.dat via copy in 0.012s (0.00 GiB)
2026-10-09 18:50:46.214 - aiperf.dataset.mmap_cache - INFO - Restored mmap cache files in 18.955s via dataset=copy index=copy (dataset=2.26 GiB, index=0.00 GiB)
2026-10-09 18:50:48.660 - dataset_manager - INFO - sampling strategy: sequential, unique conversations: 9602, unique turn count: 68266
2026-10-09 18:50:50.213 - dataset_manager - INFO - Dataset client initialized and freed 0 conversations from memory
2026-10-09 18:50:52.209 - aiperf.timing.trajectory_source - INFO - TrajectorySource: built 32 trajectories from 393 traces
2026-10-09 18:50:52.210 - aiperf.timing.trajectory_source - INFO -   range cfg=[0.25, 0.75]  observed sample pct: min= 31% median= 55% max= 75%
2026-10-09 18:50:52.211 - aiperf.timing.trajectory_source - INFO -     lane=00  sample_time= 53%  root_next= 45/61  ( 74% turns)  live=1 ready=1  trace_id=002001296e8a8c38ad9d7cc436d691afc602
2026-10-09 18:50:52.212 - aiperf.timing.trajectory_source - INFO -     lane=01  sample_time= 49%  root_next=  5/33  ( 15% turns)  live=1 ready=1  trace_id=006c98de37d819e95b0840e25426bb7ca99d
2026-10-09 18:50:52.212 - aiperf.timing.trajectory_source - INFO -     lane=02  sample_time= 67%  root_next= 24/29  ( 83% turns)  live=1 ready=1  trace_id=00ca01c4aaeccee751ae6285beb54dea262f
2026-10-09 18:50:52.212 - aiperf.timing.trajectory_source - INFO -     lane=03  sample_time= 56%  root_next=  0/16  (  0% turns)  live=1 ready=1  trace_id=0196085d85d2075a50b74cd8795ffbdcea9a
2026-10-09 18:50:52.213 - aiperf.timing.trajectory_source - INFO -     lane=04  sample_time= 47%  root_next=  0/13  (  0% turns)  live=2 ready=2  trace_id=02bc0afb13f7a2d9efa86c28511261d85c0e
2026-10-09 18:50:52.213 - aiperf.timing.trajectory_source - INFO -     lane=05  sample_time= 47%  root_next= 17/28  ( 61% turns)  live=1 ready=1  trace_id=03e110ac6921c2fe9ac7772a9654314a2beb
2026-10-09 18:50:52.214 - aiperf.timing.trajectory_source - INFO -     lane=06  sample_time= 74%  root_next=  0/54  (  0% turns)  live=13 ready=13  trace_id=0470d446a4514dfe0c6ad0be92853bd13287
2026-10-09 18:50:52.214 - aiperf.timing.trajectory_source - INFO -     lane=07  sample_time= 35%  root_next=  3/7   ( 43% turns)  live=1 ready=1  trace_id=04dba6fe621301a1d01fd63b8d02c9645c48
2026-10-09 18:50:52.214 - aiperf.timing.trajectory_source - INFO -     lane=08  sample_time= 75%  root_next= 32/34  ( 94% turns)  live=1 ready=1  trace_id=05c249572509162371b7b82339674db64b5d
2026-10-09 18:50:52.215 - aiperf.timing.trajectory_source - INFO -     lane=09  sample_time= 42%  root_next= 49/52  ( 94% turns)  live=1 ready=1  trace_id=05f72f78a037cfa5cd4e4541960a574701d9
2026-10-09 18:50:52.215 - aiperf.timing.trajectory_source - INFO -     lane=10  sample_time= 66%  root_next=  0/1   (  0% turns)  live=1 ready=1  trace_id=063179eb93f4337a662e859c5a2c5638e03f
2026-10-09 18:50:52.215 - aiperf.timing.trajectory_source - INFO -     lane=11  sample_time= 49%  root_next= 27/39  ( 69% turns)  live=1 ready=1  trace_id=069d7bf5f1efb4e76e3c84510367e6af78a5
2026-10-09 18:50:52.216 - aiperf.timing.trajectory_source - INFO -     lane=12  sample_time= 43%  root_next= 25/34  ( 74% turns)  live=1 ready=1  trace_id=077ea9e6554f45bbad9c24a8462bae9a8512
2026-10-09 18:50:52.216 - aiperf.timing.trajectory_source - INFO -     lane=13  sample_time= 68%  root_next=  8/9   ( 89% turns)  live=3 ready=2  trace_id=07dd40536557a1d6440a923557c3129dc929
2026-10-09 18:50:52.217 - aiperf.timing.trajectory_source - INFO -     lane=14  sample_time= 62%  root_next=  6/19  ( 32% turns)  live=2 ready=2  trace_id=085411a4cc4b15108dd9b50007261a2efb65
2026-10-09 18:50:52.217 - aiperf.timing.trajectory_source - INFO -     lane=15  sample_time= 59%  root_next=  0/49  (  0% turns)  live=4 ready=4  trace_id=085aacf44ac5428ad3c6b4f6cd431e083832
2026-10-09 18:50:52.217 - aiperf.timing.trajectory_source - INFO -     lane=16  sample_time= 34%  root_next= 13/33  ( 39% turns)  live=1 ready=1  trace_id=0a279af1bec84c6ab033bb03f5d8bfd6b08d
2026-10-09 18:50:52.217 - aiperf.timing.trajectory_source - INFO -     lane=17  sample_time= 68%  root_next= 21/31  ( 68% turns)  live=1 ready=1  trace_id=0a688303b1ae62a97607af8021f2130c2caf
2026-10-09 18:50:52.218 - aiperf.timing.trajectory_source - INFO -     lane=18  sample_time= 69%  root_next=  0/138 (  0% turns)  live=1 ready=1  trace_id=0b7f3ca692f15ae2651a310d9411d70794aa
2026-10-09 18:50:52.218 - aiperf.timing.trajectory_source - INFO -     lane=19  sample_time= 42%  root_next=  7/16  ( 44% turns)  live=1 ready=1  trace_id=0bc9c4f798d321286bf39f2543c0c4e4c059
2026-10-09 18:50:52.218 - aiperf.timing.trajectory_source - INFO -     lane=20  sample_time= 50%  root_next= 19/24  ( 79% turns)  live=1 ready=1  trace_id=0bcd99353218b9a386b1c4aec13d77abecdb
2026-10-09 18:50:52.218 - aiperf.timing.trajectory_source - INFO -     lane=21  sample_time= 67%  root_next= 25/46  ( 54% turns)  live=1 ready=1  trace_id=0bed163ac9566086e14ffd85c7481096d49d
2026-10-09 18:50:52.218 - aiperf.timing.trajectory_source - INFO -     lane=22  sample_time= 70%  root_next=  6/32  ( 19% turns)  live=1 ready=1  trace_id=0d41be2aa98333f3662682210647e5971c7b
2026-10-09 18:50:52.218 - aiperf.timing.trajectory_source - INFO -     lane=23  sample_time= 48%  root_next= 16/28  ( 57% turns)  live=1 ready=1  trace_id=0d8a816e4819b765d81ff748da94d463f3b2
2026-10-09 18:50:52.218 - aiperf.timing.trajectory_source - INFO -     lane=24  sample_time= 67%  root_next=  4/49  (  8% turns)  live=1 ready=1  trace_id=0db32e2f852a2ea24ed616b31975a84da5e4
2026-10-09 18:50:52.218 - aiperf.timing.trajectory_source - INFO -     lane=25  sample_time= 72%  root_next= 42/43  ( 98% turns)  live=1 ready=1  trace_id=0dedb07b5e4362b028db9d8ab90fff7fd4ad
2026-10-09 18:50:52.218 - aiperf.timing.trajectory_source - INFO -     lane=26  sample_time= 34%  root_next=  9/26  ( 35% turns)  live=1 ready=1  trace_id=0e4206535a79f980e2b1091181202ea987fe
2026-10-09 18:50:52.218 - aiperf.timing.trajectory_source - INFO -     lane=27  sample_time= 56%  root_next=  4/19  ( 21% turns)  live=1 ready=1  trace_id=0ede42538334da8586bc60008762abfc0ab7
2026-10-09 18:50:52.218 - aiperf.timing.trajectory_source - INFO -     lane=28  sample_time= 62%  root_next=  0/2   (  0% turns)  live=1 ready=1  trace_id=0f909e7d63c0d5e1f060d727ada25d910d89
2026-10-09 18:50:52.218 - aiperf.timing.trajectory_source - INFO -     lane=29  sample_time= 37%  root_next= 66/84  ( 79% turns)  live=1 ready=1  trace_id=1007f04d2c64580308858bb42f292992929d
2026-10-09 18:50:52.218 - aiperf.timing.trajectory_source - INFO -     lane=30  sample_time= 35%  root_next=  0/55  (  0% turns)  live=13 ready=13  trace_id=11310dce936f02050cadaeae295bcdd1ce7f
2026-10-09 18:50:52.218 - aiperf.timing.trajectory_source - INFO -     lane=31  sample_time= 31%  root_next= 15/23  ( 65% turns)  live=1 ready=1  trace_id=117ebe75819d050f308a0a81647893abd02d
2026-10-09 18:50:52.219 - PhaseOrchestrator_9f3edb9e - INFO - Initialized 2 phase(s): ['Warmup', 'Profiling']
2026-10-09 18:50:52.833 - worker_manager - WARNING - CPU usage for worker_7e4d1735 is 97%. AIPerf results may be inaccurate.
2026-10-09 18:50:53.043 - worker_manager - WARNING - CPU usage for worker_3b921940 is 96%. AIPerf results may be inaccurate.
2026-10-09 18:50:53.068 - system_controller - INFO - All services configured in 26.21 seconds
2026-10-09 18:50:53.068 - system_controller - INFO - AIPerf System is CONFIGURED
2026-10-09 18:50:53.070 - server_metrics_manager - INFO - Server Metrics: Started 2 collector(s) successfully
2026-10-09 18:50:53.260 - PhaseRunner - NOTICE - Phase warmup (warmup) started | target: 351 requests
2026-10-09 18:50:53.261 - AgenticReplayTiming - INFO - WARMUP execute: dispatching 31 trajectory credits
2026-10-09 18:50:53.264 - AgenticReplayTiming - INFO - WARMUP count budget: 10 additional requests per lane after 31 mandatory snapshot primers
2026-10-09 18:50:53.264 - AgenticReplayTiming - INFO - WARMUP spread: 8.8s ramp aligning 31 request(s) on t* (earliest fires at 0, last at 8.8s)
2026-10-09 18:50:54.311 - records_manager - INFO - Credit phase start: warmup
2026-10-09 18:50:54.312 - system_controller - INFO - All services started profiling successfully
2026-10-09 18:50:54.312 - system_controller - INFO - AIPerf System is PROFILING
2026-10-09 18:51:23.271 - PhaseRunner - INFO - Phase warmup progress | returned=11/351 | sent=31 | in_flight=20 | errors=0 | elapsed=30.0s
2026-10-09 18:51:53.284 - PhaseRunner - INFO - Phase warmup progress | returned=17/351 | sent=31 | in_flight=14 | errors=0 | elapsed=60.0s
2026-10-09 18:52:23.295 - PhaseRunner - INFO - Phase warmup progress | returned=20/351 | sent=31 | in_flight=11 | errors=0 | elapsed=90.0s
2026-10-09 18:52:53.302 - PhaseRunner - INFO - Phase warmup progress | returned=22/351 | sent=31 | in_flight=9 | errors=0 | elapsed=120.0s
2026-10-09 18:53:23.311 - PhaseRunner - INFO - Phase warmup progress | returned=26/351 | sent=31 | in_flight=5 | errors=0 | elapsed=150.1s
2026-10-09 18:53:53.323 - PhaseRunner - INFO - Phase warmup progress | returned=28/351 | sent=31 | in_flight=3 | errors=0 | elapsed=180.1s
2026-10-09 18:54:23.332 - PhaseRunner - INFO - Phase warmup progress | returned=30/351 | sent=31 | in_flight=1 | errors=0 | elapsed=210.1s
2026-10-09 18:54:31.040 - aiperf.timing.replay_dependencies - INFO - Replay interval barriers active: 68266 requests, 34015 gated turns, join-widths={1: 26371, 2: 5215, 3: 1416, 4: 473, 5: 151, 6: 80, 7: 62, 8: 91, 9: 72, 10: 51, 11: 20, 12: 9, 13: 2, 14: 2}
2026-10-09 18:54:31.040 - AgenticReplayTiming - INFO - WARMUP cache pressure: replaying live trajectories until each lane reaches 10 additional requests with zero idle delay and max_tokens=1
2026-10-09 18:54:53.342 - PhaseRunner - INFO - Phase warmup progress | returned=67/351 | sent=103 | in_flight=36 | errors=0 | elapsed=240.1s
2026-10-09 18:55:23.355 - PhaseRunner - INFO - Phase warmup progress | returned=190/351 | sent=213 | in_flight=23 | errors=0 | elapsed=270.1s
2026-10-09 18:55:53.363 - PhaseRunner - INFO - Phase warmup progress | returned=240/351 | sent=256 | in_flight=16 | errors=0 | elapsed=300.1s
2026-10-09 18:56:23.375 - PhaseRunner - INFO - Phase warmup progress | returned=303/351 | sent=312 | in_flight=9 | errors=0 | elapsed=330.1s
2026-10-09 18:56:50.564 - AgenticReplayTiming - INFO - WARMUP cache pressure request budget reached: 10 additional requests on each of 32 lanes; draining requests
2026-10-09 18:56:50.565 - PhaseRunner - NOTICE - Phase warmup (warmup) sending complete | sent=351, completed=350, in_flight=1 | sessions: sent=32, completed=9
2026-10-09 18:56:51.969 - PhaseRunner - INFO - All accelerated-warmup wire requests returned; preserving paused DAG work for profiling handoff.
2026-10-09 18:56:51.969 - PhaseRunner - NOTICE - Phase warmup (warmup) complete | completed=351, cancelled=0, errors=0 | sessions: completed=9, cancelled=0 | elapsed=358.71s
2026-10-09 18:56:51.970 - AgenticReplayTiming - INFO - Global system-idle cap summary: limit=10s, jumps=0, skipped=0.000s
2026-10-09 18:56:51.971 - server_metrics_manager - INFO - Server Metrics: Warmup complete, capturing final warmup metrics...
2026-10-09 18:56:51.975 - AgenticReplayTiming - INFO - WARMUP cache pressure handoff: persisted 75 live streams
2026-10-09 18:56:51.976 - aiperf.timing.branch_orchestrator - INFO - BranchOrchestrator stats: spawned=59 completed=10 errored=0 suspended=8 resumed=1 parents_failed_due_to_child_error=0 joins_suppressed=0 delayed=0
2026-10-09 18:56:51.976 - PhaseRunner - INFO - Session-tree slots for phase warmup: peak_open=32 (target concurrency 32); released 29 still-open at teardown; late_events=0
2026-10-09 18:56:52.169 - aiperf.timing.replay_dependencies - INFO - Replay interval barriers active: 68266 requests, 34015 gated turns, join-widths={1: 26371, 2: 5215, 3: 1416, 4: 473, 5: 151, 6: 80, 7: 62, 8: 91, 9: 72, 10: 51, 11: 20, 12: 9, 13: 2, 14: 2}
2026-10-09 18:56:52.169 - AgenticReplayTiming - INFO - PROFILING setup: 32 trajectory lanes; recycle draws roots from the dataset sampler
2026-10-09 18:56:52.169 - AgenticReplayTiming - INFO - PROFILING: 6 rootless + 7 gated-parent lanes of 32 dispatch no root credit at start and hold a lane credit instead (so they still count toward concurrency); rootless lanes recycle into a fresh root once their background subagents drain
2026-10-09 18:56:52.170 - PhaseRunner - NOTICE - Phase profiling (profiling) started | phase_index=0 | profiling_index=0 | target: 3600.0s duration
2026-10-09 18:56:52.171 - records_manager - INFO - Credit phase start: profiling
2026-10-09 18:56:52.175 - PhaseRunner - INFO - Waiting for event 'profiling phase sending' with timeout of 3599.99498376s
2026-10-09 18:56:52.175 - AgenticReplayTiming - INFO - PROFILING execute: resuming 32 trajectory sessions (spread; first-request spread 52667.2s)
2026-10-09 18:56:56.370 - records_manager - INFO - [realtime 00:04 profiling]
2026-10-09 18:56:56.371 - records_manager - INFO -   rps=2.0 (avg 2.0)  tput_in=808/s  tput_out=42/s  done=4 ok=4 err=0
2026-10-09 18:56:56.371 - records_manager - INFO -   ttft    p50=  854ms  p75=1,642ms  p95=1,713ms  p99=1,727ms
2026-10-09 18:56:56.371 - records_manager - INFO -   itl     p50=   44ms  p75=   79ms  p95=   85ms  p99=   86ms
2026-10-09 18:56:56.371 - records_manager - INFO -   e2e     p50=1,795ms  p75=1,831ms  p95=1,857ms  p99=1,862ms
2026-10-09 18:56:56.371 - records_manager - INFO -   intvty  p50=     50  p75=    113  p95=    175  p99=    187  (1/tpot tok/s)
2026-10-09 18:56:56.371 - records_manager - INFO -   isl     p50=    408  p75=    423  p90=    451  p99=    467  (tokens)
2026-10-09 18:56:56.371 - records_manager - INFO -   osl     p50=     22  p75=     23  p90=     23  p99=     23  (tokens)
2026-10-09 18:56:56.371 - records_manager - INFO -   tot     in=1,628  out=85
2026-10-09 18:56:56.371 - records_manager - INFO -   trace  theoretical_prefix_cache_hit=95.2%
2026-10-09 18:56:56.371 - records_manager - INFO -   srv    prefix_cache_hit=0.3% unique_in_srv=297,986 ext_cache_hit=0.0% kv_usage=5.4% queue=3r/0w tput_in_srv=60,849/s tput_out_srv=71/s
2026-10-09 18:57:26.508 - records_manager - INFO - [realtime 00:34 profiling]
2026-10-09 18:57:26.508 - records_manager - INFO -   rps=1.1 (avg 1.1)  tput_in=33,654/s  tput_out=304/s  done=38 ok=38 err=0
2026-10-09 18:57:26.508 - records_manager - INFO -   ttft    p50=  169ms  p75=  532ms  p95=1,876ms  p99= 2,404ms
2026-10-09 18:57:26.508 - records_manager - INFO -   itl     p50=    8ms  p75=    9ms  p95=   30ms  p99=    83ms
2026-10-09 18:57:26.508 - records_manager - INFO -   e2e     p50=1,311ms  p75=2,443ms  p95=9,901ms  p99=17,029ms
2026-10-09 18:57:26.508 - records_manager - INFO -   intvty  p50=    126  p75=    139  p95=    191  p99=     197  (1/tpot tok/s)
2026-10-09 18:57:26.508 - records_manager - INFO -   isl     p50= 28,922  p75= 39,480  p90= 51,863  p99=  87,566  (tokens)
2026-10-09 18:57:26.508 - records_manager - INFO -   osl     p50=    132  p75=    146  p90=    681  p99=   1,701  (tokens)
2026-10-09 18:57:26.508 - records_manager - INFO -   tot     in=1,138,968  out=10,290
2026-10-09 18:57:26.508 - records_manager - INFO -   trace  theoretical_prefix_cache_hit=94.7%
2026-10-09 18:57:26.508 - records_manager - INFO -   srv    prefix_cache_hit=75.9% unique_in_srv=549,680 ext_cache_hit=8.0% kv_usage=1.4% queue=1r/0w tput_in_srv=68,436/s tput_out_srv=612/s
2026-10-09 18:57:56.741 - records_manager - INFO - [realtime 01:04 profiling]
2026-10-09 18:57:56.742 - records_manager - INFO -   rps=1.1 (avg 1.1)  tput_in=53,065/s  tput_out=292/s  done=71 ok=71 err=0
2026-10-09 18:57:56.742 - records_manager - INFO -   ttft    p50=  268ms  p75=  397ms  p95=1,739ms  p99= 2,325ms
2026-10-09 18:57:56.742 - records_manager - INFO -   itl     p50=    8ms  p75=    9ms  p95=   16ms  p99=    79ms
2026-10-09 18:57:56.742 - records_manager - INFO -   e2e     p50=1,370ms  p75=2,639ms  p95=8,252ms  p99=15,763ms
2026-10-09 18:57:56.742 - records_manager - INFO -   intvty  p50=    125  p75=    135  p95=    190  p99=     195  (1/tpot tok/s)
2026-10-09 18:57:56.742 - records_manager - INFO -   isl     p50= 44,079  p75= 61,014  p90= 96,108  p99= 108,757  (tokens)
2026-10-09 18:57:56.742 - records_manager - INFO -   osl     p50=    132  p75=    221  p90=    543  p99=   1,839  (tokens)
2026-10-09 18:57:56.742 - records_manager - INFO -   tot     in=3,373,111  out=18,567
2026-10-09 18:57:56.742 - records_manager - INFO -   trace  theoretical_prefix_cache_hit=94.9%
2026-10-09 18:57:56.742 - records_manager - INFO -   srv    prefix_cache_hit=85.1% unique_in_srv=1,025,895 ext_cache_hit=40.6% kv_usage=9.2% queue=2r/0w tput_in_srv=107,050/s tput_out_srv=578/s
2026-10-09 18:58:27.396 - records_manager - INFO - [realtime 01:35 profiling]
2026-10-09 18:58:27.397 - records_manager - INFO -   rps=0.6 (avg 1.0)  tput_in=50,619/s  tput_out=297/s  done=89 ok=89 err=0
2026-10-09 18:58:27.397 - records_manager - INFO -   ttft    p50=  271ms  p75=  396ms  p95= 1,683ms  p99= 2,282ms
2026-10-09 18:58:27.397 - records_manager - INFO -   itl     p50=    8ms  p75=   10ms  p95=    14ms  p99=    77ms
2026-10-09 18:58:27.397 - records_manager - INFO -   e2e     p50=1,742ms  p75=3,127ms  p95=10,962ms  p99=21,089ms
2026-10-09 18:58:27.397 - records_manager - INFO -   intvty  p50=    120  p75=    131  p95=     180  p99=     193  (1/tpot tok/s)
2026-10-09 18:58:27.397 - records_manager - INFO -   isl     p50= 47,296  p75= 68,589  p90= 107,470  p99= 111,518  (tokens)
2026-10-09 18:58:27.397 - records_manager - INFO -   osl     p50=    138  p75=    293  p90=     592  p99=   2,092  (tokens)
2026-10-09 18:58:27.398 - records_manager - INFO -   tot     in=4,739,063  out=27,847
2026-10-09 18:58:27.398 - records_manager - INFO -   trace  theoretical_prefix_cache_hit=95.0%
2026-10-09 18:58:27.398 - records_manager - INFO -   srv    prefix_cache_hit=88.6% unique_in_srv=1,153,284 ext_cache_hit=42.4% kv_usage=14.2% queue=3r/0w tput_in_srv=107,110/s tput_out_srv=634/s
2026-10-09 18:58:57.813 - records_manager - INFO - [realtime 02:05 profiling]
2026-10-09 18:58:57.813 - records_manager - INFO -   rps=0.4 (avg 0.8)  tput_in=47,314/s  tput_out=310/s  done=101 ok=101 err=0
2026-10-09 18:58:57.813 - records_manager - INFO -   ttft    p50=  303ms  p75=  406ms  p95= 1,612ms  p99= 2,253ms
2026-10-09 18:58:57.813 - records_manager - INFO -   itl     p50=    8ms  p75=   10ms  p95=    13ms  p99=    76ms
2026-10-09 18:58:57.814 - records_manager - INFO -   e2e     p50=1,802ms  p75=4,506ms  p95=16,328ms  p99=26,694ms
2026-10-09 18:58:57.814 - records_manager - INFO -   intvty  p50=    118  p75=    130  p95=     168  p99=     193  (1/tpot tok/s)
2026-10-09 18:58:57.814 - records_manager - INFO -   isl     p50= 52,513  p75= 80,498  p90= 108,600  p99= 125,177  (tokens)
2026-10-09 18:58:57.814 - records_manager - INFO -   osl     p50=    141  p75=    400  p90=     797  p99=   2,712  (tokens)
2026-10-09 18:58:57.814 - records_manager - INFO -   tot     in=5,867,645  out=38,503
2026-10-09 18:58:57.814 - records_manager - INFO -   trace  theoretical_prefix_cache_hit=95.1%
2026-10-09 18:58:57.814 - records_manager - INFO -   srv    prefix_cache_hit=89.2% unique_in_srv=1,328,232 ext_cache_hit=46.7% kv_usage=11.9% queue=3r/0w tput_in_srv=98,587/s tput_out_srv=670/s
2026-10-09 18:59:28.323 - records_manager - INFO - [realtime 02:36 profiling]
2026-10-09 18:59:28.323 - records_manager - INFO -   rps=1.0 (avg 0.9)  tput_in=47,420/s  tput_out=318/s  done=131 ok=131 err=0
2026-10-09 18:59:28.323 - records_manager - INFO -   ttft    p50=  314ms  p75=  414ms  p95= 1,337ms  p99= 2,120ms
2026-10-09 18:59:28.323 - records_manager - INFO -   itl     p50=    9ms  p75=   11ms  p95=    17ms  p99=    60ms
2026-10-09 18:59:28.323 - records_manager - INFO -   e2e     p50=1,863ms  p75=3,932ms  p95=16,964ms  p99=29,690ms
2026-10-09 18:59:28.323 - records_manager - INFO -   intvty  p50=    109  p75=    127  p95=     160  p99=     192  (1/tpot tok/s)
2026-10-09 18:59:28.323 - records_manager - INFO -   isl     p50= 46,935  p75= 78,957  p90= 107,430  p99= 128,769  (tokens)
2026-10-09 18:59:28.323 - records_manager - INFO -   osl     p50=    140  p75=    395  p90=     797  p99=   2,757  (tokens)
2026-10-09 18:59:28.323 - records_manager - INFO -   tot     in=7,291,124  out=48,823
2026-10-09 18:59:28.323 - records_manager - INFO -   trace  theoretical_prefix_cache_hit=95.0%
2026-10-09 18:59:28.323 - records_manager - INFO -   srv    prefix_cache_hit=86.3% unique_in_srv=2,241,572 ext_cache_hit=55.1% kv_usage=38.5% queue=10r/0w tput_in_srv=104,646/s tput_out_srv=683/s
2026-10-09 18:59:58.995 - records_manager - INFO - [realtime 03:06 profiling]
2026-10-09 18:59:58.995 - records_manager - INFO -   rps=1.3 (avg 0.9)  tput_in=56,436/s  tput_out=327/s  done=170 ok=170 err=0
2026-10-09 18:59:58.995 - records_manager - INFO -   ttft    p50=  322ms  p75=  479ms  p95= 1,295ms  p99= 1,977ms
2026-10-09 18:59:58.995 - records_manager - INFO -   itl     p50=   10ms  p75=   14ms  p95=    21ms  p99=    79ms
2026-10-09 18:59:58.995 - records_manager - INFO -   e2e     p50=2,109ms  p75=4,665ms  p95=17,933ms  p99=32,046ms
2026-10-09 18:59:58.995 - records_manager - INFO -   intvty  p50=     99  p75=    122  p95=     150  p99=     192  (1/tpot tok/s)
2026-10-09 18:59:58.995 - records_manager - INFO -   isl     p50= 53,568  p75= 83,011  p90= 109,472  p99= 176,496  (tokens)
2026-10-09 18:59:58.995 - records_manager - INFO -   osl     p50=    140  p75=    395  p90=     811  p99=   2,732  (tokens)
2026-10-09 18:59:58.996 - records_manager - INFO -   tot     in=10,460,622  out=60,665
2026-10-09 18:59:58.996 - records_manager - INFO -   trace  theoretical_prefix_cache_hit=95.0%
2026-10-09 18:59:58.996 - records_manager - INFO -   srv    prefix_cache_hit=88.7% unique_in_srv=2,445,196 ext_cache_hit=50.5% kv_usage=17.5% queue=5r/0w tput_in_srv=117,166/s tput_out_srv=722/s
2026-10-09 19:00:29.769 - records_manager - INFO - [realtime 03:37 profiling]
2026-10-09 19:00:29.769 - records_manager - INFO -   rps=0.8 (avg 0.9)  tput_in=58,838/s  tput_out=342/s  done=196 ok=196 err=0
2026-10-09 19:00:29.769 - records_manager - INFO -   ttft    p50=  333ms  p75=  521ms  p95= 1,661ms  p99= 4,247ms
2026-10-09 19:00:29.769 - records_manager - INFO -   itl     p50=   11ms  p75=   13ms  p95=    21ms  p99=    77ms
2026-10-09 19:00:29.769 - records_manager - INFO -   e2e     p50=2,182ms  p75=5,053ms  p95=18,881ms  p99=35,406ms
2026-10-09 19:00:29.769 - records_manager - INFO -   intvty  p50=     94  p75=    119  p95=     145  p99=     191  (1/tpot tok/s)
2026-10-09 19:00:29.769 - records_manager - INFO -   isl     p50= 57,221  p75= 83,511  p90= 111,111  p99= 176,598  (tokens)
2026-10-09 19:00:29.769 - records_manager - INFO -   osl     p50=    140  p75=    395  p90=     952  p99=   2,803  (tokens)
2026-10-09 19:00:29.769 - records_manager - INFO -   tot     in=12,715,474  out=73,963
2026-10-09 19:00:29.769 - records_manager - INFO -   trace  theoretical_prefix_cache_hit=95.0%
2026-10-09 19:00:29.769 - records_manager - INFO -   srv    prefix_cache_hit=89.9% unique_in_srv=2,676,516 ext_cache_hit=46.1% kv_usage=23.9% queue=5r/0w tput_in_srv=122,576/s tput_out_srv=703/s
2026-10-09 19:01:00.563 - records_manager - INFO - [realtime 04:08 profiling]
2026-10-09 19:01:00.564 - records_manager - INFO -   rps=0.4 (avg 0.8)  tput_in=56,222/s  tput_out=324/s  done=208 ok=208 err=0
2026-10-09 19:01:00.564 - records_manager - INFO -   ttft    p50=  341ms  p75=  536ms  p95= 1,629ms  p99= 4,123ms
2026-10-09 19:01:00.564 - records_manager - INFO -   itl     p50=   11ms  p75=   14ms  p95=    21ms  p99=    75ms
2026-10-09 19:01:00.564 - records_manager - INFO -   e2e     p50=2,384ms  p75=5,177ms  p95=19,234ms  p99=35,075ms
2026-10-09 19:01:00.564 - records_manager - INFO -   intvty  p50=     93  p75=    118  p95=     144  p99=     191  (1/tpot tok/s)
2026-10-09 19:01:00.564 - records_manager - INFO -   isl     p50= 57,526  p75= 85,250  p90= 111,577  p99= 176,857  (tokens)
2026-10-09 19:01:00.564 - records_manager - INFO -   osl     p50=    142  p75=    401  p90=     946  p99=   2,772  (tokens)
2026-10-09 19:01:00.564 - records_manager - INFO -   tot     in=13,802,058  out=79,612
2026-10-09 19:01:00.564 - records_manager - INFO -   trace  theoretical_prefix_cache_hit=95.0%
2026-10-09 19:01:00.564 - records_manager - INFO -   srv    prefix_cache_hit=90.1% unique_in_srv=2,813,456 ext_cache_hit=43.9% kv_usage=16.8% queue=4r/0w tput_in_srv=114,642/s tput_out_srv=712/s
2026-10-09 19:01:31.419 - records_manager - INFO - [realtime 04:39 profiling]
2026-10-09 19:01:31.419 - records_manager - INFO -   rps=0.2 (avg 0.8)  tput_in=52,130/s  tput_out=309/s  done=214 ok=214 err=0
2026-10-09 19:01:31.420 - records_manager - INFO -   ttft    p50=  344ms  p75=  536ms  p95= 1,670ms  p99= 4,018ms
2026-10-09 19:01:31.420 - records_manager - INFO -   itl     p50=   11ms  p75=   14ms  p95=    20ms  p99=    74ms
2026-10-09 19:01:31.420 - records_manager - INFO -   e2e     p50=2,448ms  p75=5,837ms  p95=19,817ms  p99=39,492ms
2026-10-09 19:01:31.420 - records_manager - INFO -   intvty  p50=     92  p75=    117  p95=     144  p99=     191  (1/tpot tok/s)
2026-10-09 19:01:31.420 - records_manager - INFO -   isl     p50= 58,218  p75= 85,465  p90= 111,949  p99= 176,849  (tokens)
2026-10-09 19:01:31.421 - records_manager - INFO -   osl     p50=    144  p75=    432  p90=     957  p99=   2,991  (tokens)
2026-10-09 19:01:31.421 - records_manager - INFO -   tot     in=14,381,139  out=85,318
2026-10-09 19:01:31.421 - records_manager - INFO -   trace  theoretical_prefix_cache_hit=95.0%
2026-10-09 19:01:31.421 - records_manager - INFO -   srv    prefix_cache_hit=89.5% unique_in_srv=3,160,248 ext_cache_hit=44.9% kv_usage=27.5% queue=7r/0w tput_in_srv=107,968/s tput_out_srv=722/s
2026-10-09 19:01:52.176 - aiperf.timing.replay_dependencies - INFO - Per-trace idle cap advanced replay root dbb59fdc-eeab-4569-974b-2010f58668f1 by 36315.924s
2026-10-09 19:01:52.177 - aiperf.timing.replay_dependencies - INFO - Per-trace idle cap advanced replay root ad691f9b-5a37-4c91-b77f-cb2df5886ab0 by 1366.815s
2026-10-09 19:01:52.177 - aiperf.timing.replay_dependencies - INFO - Per-trace idle cap advanced replay root 035fbed9-b118-470e-ab6f-f05f80e1e74a by 52367.234s
2026-10-09 19:01:52.177 - aiperf.timing.replay_dependencies - INFO - Per-trace idle cap advanced replay root fe47f324-6a2b-4e4d-96a1-a1abee2a921b by 544.430s
2026-10-09 19:01:52.177 - aiperf.timing.replay_dependencies - INFO - Per-trace idle cap advanced replay root 29c69f8c-8800-403d-b6ed-3f47acffc40b by 4828.101s
2026-10-09 19:01:52.178 - aiperf.timing.replay_dependencies - INFO - Per-trace idle cap advanced replay root 64e76d90-f150-4b70-9fc0-3923e329d505 by 904.387s
2026-10-09 19:01:52.178 - aiperf.timing.replay_dependencies - INFO - Per-trace idle cap advanced replay root 9e8c5beb-570a-41cf-bc83-37a8ffae7b76 by 1956.565s
2026-10-09 19:01:52.178 - aiperf.timing.replay_dependencies - INFO - Per-trace idle cap advanced replay root 732ceba0-e57e-4104-8d88-cdc31229de3c by 1484.145s
2026-10-09 19:01:52.178 - aiperf.timing.replay_dependencies - INFO - Per-trace idle cap advanced replay root a77e2b79-6d97-4471-ad6a-8e5a0d6c7219 by 15423.418s
2026-10-09 19:01:52.178 - aiperf.timing.replay_dependencies - INFO - Per-trace idle cap advanced replay root 15d15fa4-c210-4f2a-9186-511befe89e4c by 2080.291s
2026-10-09 19:01:52.178 - aiperf.timing.replay_dependencies - INFO - Per-trace idle cap advanced replay root 4a4799f5-ca42-40cb-855d-11e5a43ccd23 by 260.857s
2026-10-09 19:01:52.178 - aiperf.timing.replay_dependencies - INFO - Per-trace idle cap advanced replay root 4a7595ad-ba14-450a-b290-a149de859b23 by 22615.905s
2026-10-09 19:01:52.178 - aiperf.timing.replay_dependencies - INFO - Per-trace idle cap advanced replay root a90ff1a5-b663-4dfa-8203-4703ad22ff61 by 3993.793s
2026-10-09 19:01:52.178 - aiperf.timing.replay_dependencies - INFO - Per-trace idle cap advanced replay root 93695359-88b1-4d7a-b151-ca5935802493 by 821.955s
2026-10-09 19:01:52.178 - aiperf.timing.replay_dependencies - INFO - Per-trace idle cap advanced replay root 8a4dfaf6-e111-4269-a688-459b333e626f by 230.649s
2026-10-09 19:01:52.178 - aiperf.timing.replay_dependencies - INFO - Per-trace idle cap advanced replay root e4a0bdd3-414d-47d0-9c90-504bcb121d57 by 1563.826s
2026-10-09 19:01:52.178 - aiperf.timing.replay_dependencies - INFO - Per-trace idle cap advanced replay root 3b891e97-be61-406a-ac92-14c7865b931a by 1364.597s
2026-10-09 19:01:52.178 - aiperf.timing.replay_dependencies - INFO - Per-trace idle cap advanced replay root 77b75145-09fa-4695-a95c-060c586b4d6f by 33715.064s
2026-10-09 19:01:52.179 - aiperf.timing.replay_dependencies - INFO - Per-trace idle cap advanced replay root dcb9c381-8b72-4d17-8442-00de78adc6d9 by 17.082s
2026-10-09 19:02:02.353 - records_manager - INFO - [realtime 05:10 profiling]
2026-10-09 19:02:02.353 - records_manager - INFO -   rps=0.4 (avg 0.7)  tput_in=49,638/s  tput_out=293/s  done=227 ok=227 err=0
2026-10-09 19:02:02.353 - records_manager - INFO -   ttft    p50=  354ms  p75=  591ms  p95= 1,790ms  p99= 3,860ms
2026-10-09 19:02:02.353 - records_manager - INFO -   itl     p50=   11ms  p75=   15ms  p95=    22ms  p99=    80ms
2026-10-09 19:02:02.353 - records_manager - INFO -   e2e     p50=2,563ms  p75=6,807ms  p95=20,090ms  p99=38,839ms
2026-10-09 19:02:02.353 - records_manager - INFO -   intvty  p50=     89  p75=    115  p95=     144  p99=     191  (1/tpot tok/s)
2026-10-09 19:02:02.353 - records_manager - INFO -   isl     p50= 57,561  p75= 86,408  p90= 124,866  p99= 176,831  (tokens)
2026-10-09 19:02:02.353 - records_manager - INFO -   osl     p50=    148  p75=    434  p90=     963  p99=   2,959  (tokens)
2026-10-09 19:02:02.353 - records_manager - INFO -   tot     in=15,318,102  out=90,543
2026-10-09 19:02:02.353 - records_manager - INFO -   trace  theoretical_prefix_cache_hit=94.8%
2026-10-09 19:02:02.354 - records_manager - INFO -   srv    prefix_cache_hit=82.3% unique_in_srv=6,141,654 ext_cache_hit=66.4% kv_usage=92.9% queue=21r/0w tput_in_srv=112,564/s tput_out_srv=715/s
2026-10-09 19:02:23.655 - aiperf.timing.replay_dependencies - INFO - Per-trace idle cap advanced replay root 2de68f4f-e51b-405c-823b-4184da0e606e by 41.061s
2026-10-09 19:02:33.464 - records_manager - INFO - [realtime 05:41 profiling]
2026-10-09 19:02:33.465 - records_manager - INFO -   rps=0.6 (avg 0.7)  tput_in=49,025/s  tput_out=284/s  done=246 ok=246 err=0
2026-10-09 19:02:33.465 - records_manager - INFO -   ttft    p50=  354ms  p75=  617ms  p95= 1,809ms  p99= 3,741ms
2026-10-09 19:02:33.465 - records_manager - INFO -   itl     p50=   12ms  p75=   16ms  p95=    53ms  p99=    79ms
2026-10-09 19:02:33.465 - records_manager - INFO -   e2e     p50=2,734ms  p75=7,593ms  p95=23,301ms  p99=37,885ms
2026-10-09 19:02:33.465 - records_manager - INFO -   intvty  p50=     84  p75=    112  p95=     143  p99=     191  (1/tpot tok/s)
2026-10-09 19:02:33.465 - records_manager - INFO -   isl     p50= 57,394  p75= 88,921  p90= 130,588  p99= 176,805  (tokens)
2026-10-09 19:02:33.465 - records_manager - INFO -   osl     p50=    155  p75=    435  p90=     898  p99=   2,912  (tokens)
2026-10-09 19:02:33.465 - records_manager - INFO -   tot     in=16,597,377  out=96,265
2026-10-09 19:02:33.465 - records_manager - INFO -   trace  theoretical_prefix_cache_hit=94.8%
2026-10-09 19:02:33.465 - records_manager - INFO -   srv    prefix_cache_hit=82.3% unique_in_srv=6,657,718 ext_cache_hit=65.8% kv_usage=96.3% queue=22r/0w tput_in_srv=110,573/s tput_out_srv=731/s
2026-10-09 19:03:04.525 - records_manager - INFO - [realtime 06:12 profiling]
2026-10-09 19:03:04.525 - records_manager - INFO -   rps=0.7 (avg 0.7)  tput_in=49,741/s  tput_out=286/s  done=268 ok=268 err=0
2026-10-09 19:03:04.525 - records_manager - INFO -   ttft    p50=  374ms  p75=  669ms  p95= 2,471ms  p99= 4,388ms
2026-10-09 19:03:04.525 - records_manager - INFO -   itl     p50=   12ms  p75=   18ms  p95=    54ms  p99=    78ms
2026-10-09 19:03:04.525 - records_manager - INFO -   e2e     p50=3,170ms  p75=8,886ms  p95=26,665ms  p99=46,935ms
2026-10-09 19:03:04.525 - records_manager - INFO -   intvty  p50=     80  p75=    110  p95=     140  p99=     191  (1/tpot tok/s)
2026-10-09 19:03:04.525 - records_manager - INFO -   isl     p50= 57,844  p75= 95,525  p90= 133,548  p99= 176,775  (tokens)
2026-10-09 19:03:04.525 - records_manager - INFO -   osl     p50=    166  p75=    470  p90=     883  p99=   2,858  (tokens)
2026-10-09 19:03:04.525 - records_manager - INFO -   tot     in=18,412,800  out=106,006
2026-10-09 19:03:04.525 - records_manager - INFO -   trace  theoretical_prefix_cache_hit=94.8%
2026-10-09 19:03:04.525 - records_manager - INFO -   srv    prefix_cache_hit=78.2% unique_in_srv=8,932,150 ext_cache_hit=72.4% kv_usage=96.0% queue=20r/2w tput_in_srv=110,779/s tput_out_srv=740/s
2026-10-09 19:03:35.659 - records_manager - INFO - [realtime 06:43 profiling]
2026-10-09 19:03:35.659 - records_manager - INFO -   rps=0.4 (avg 0.7)  tput_in=48,405/s  tput_out=278/s  done=281 ok=281 err=0
2026-10-09 19:03:35.659 - records_manager - INFO -   ttft    p50=  395ms  p75=   765ms  p95= 3,121ms  p99= 5,758ms
2026-10-09 19:03:35.659 - records_manager - INFO -   itl     p50=   13ms  p75=    20ms  p95=    54ms  p99=    77ms
2026-10-09 19:03:35.659 - records_manager - INFO -   e2e     p50=3,674ms  p75=10,992ms  p95=27,312ms  p99=53,323ms
2026-10-09 19:03:35.659 - records_manager - INFO -   intvty  p50=     79  p75=     106  p95=     140  p99=     191  (1/tpot tok/s)
2026-10-09 19:03:35.659 - records_manager - INFO -   isl     p50= 57,940  p75=  96,108  p90= 134,224  p99= 176,757  (tokens)
2026-10-09 19:03:35.659 - records_manager - INFO -   osl     p50=    176  p75=     469  p90=     859  p99=   2,826  (tokens)
2026-10-09 19:03:35.659 - records_manager - INFO -   tot     in=19,429,027  out=111,506
2026-10-09 19:03:35.659 - records_manager - INFO -   trace  theoretical_prefix_cache_hit=94.8%
2026-10-09 19:03:35.659 - records_manager - INFO -   srv    prefix_cache_hit=74.7% unique_in_srv=10,953,016 ext_cache_hit=76.1% kv_usage=98.4% queue=21r/2w tput_in_srv=107,546/s tput_out_srv=749/s
2026-10-09 19:04:06.911 - records_manager - INFO - [realtime 07:14 profiling]
2026-10-09 19:04:06.911 - records_manager - INFO -   rps=0.6 (avg 0.7)  tput_in=48,908/s  tput_out=305/s  done=301 ok=301 err=0
2026-10-09 19:04:06.911 - records_manager - INFO -   ttft    p50=  406ms  p75=   963ms  p95= 4,573ms  p99= 7,420ms
2026-10-09 19:04:06.911 - records_manager - INFO -   itl     p50=   13ms  p75=    42ms  p95=    54ms  p99=    76ms
2026-10-09 19:04:06.911 - records_manager - INFO -   e2e     p50=4,506ms  p75=13,054ms  p95=34,434ms  p99=78,191ms
2026-10-09 19:04:06.911 - records_manager - INFO -   intvty  p50=     76  p75=     104  p95=     140  p99=     191  (1/tpot tok/s)
2026-10-09 19:04:06.911 - records_manager - INFO -   isl     p50= 60,059  p75= 100,349  p90= 134,224  p99= 176,729  (tokens)
2026-10-09 19:04:06.912 - records_manager - INFO -   osl     p50=    184  p75=     473  p90=     965  p99=   3,023  (tokens)
2026-10-09 19:04:06.912 - records_manager - INFO -   tot     in=21,159,928  out=131,924
2026-10-09 19:04:06.912 - records_manager - INFO -   trace  theoretical_prefix_cache_hit=94.7%
2026-10-09 19:04:06.912 - records_manager - INFO -   srv    prefix_cache_hit=70.4% unique_in_srv=13,820,128 ext_cache_hit=80.1% kv_usage=97.9% queue=19r/1w tput_in_srv=107,725/s tput_out_srv=755/s
2026-10-09 19:04:38.265 - records_manager - INFO - [realtime 07:46 profiling]
2026-10-09 19:04:38.265 - records_manager - INFO -   rps=0.4 (avg 0.7)  tput_in=48,215/s  tput_out=299/s  done=314 ok=314 err=0
2026-10-09 19:04:38.265 - records_manager - INFO -   ttft    p50=  418ms  p75= 1,065ms  p95= 4,705ms  p99= 7,852ms
2026-10-09 19:04:38.265 - records_manager - INFO -   itl     p50=   14ms  p75=    43ms  p95=    53ms  p99=    76ms
2026-10-09 19:04:38.266 - records_manager - INFO -   e2e     p50=4,748ms  p75=14,208ms  p95=36,881ms  p99=98,548ms
2026-10-09 19:04:38.266 - records_manager - INFO -   intvty  p50=     73  p75=     103  p95=     140  p99=     190  (1/tpot tok/s)
2026-10-09 19:04:38.266 - records_manager - INFO -   isl     p50= 62,172  p75= 102,926  p90= 133,934  p99= 176,711  (tokens)
2026-10-09 19:04:38.266 - records_manager - INFO -   osl     p50=    196  p75=     473  p90=     996  p99=   2,991  (tokens)
2026-10-09 19:04:38.266 - records_manager - INFO -   tot     in=22,342,000  out=138,750
2026-10-09 19:04:38.266 - records_manager - INFO -   trace  theoretical_prefix_cache_hit=94.8%
2026-10-09 19:04:38.266 - records_manager - INFO -   srv    prefix_cache_hit=68.9% unique_in_srv=15,224,230 ext_cache_hit=81.4% kv_usage=95.2% queue=19r/1w tput_in_srv=105,593/s tput_out_srv=762/s
2026-10-09 19:05:09.827 - records_manager - INFO - [realtime 08:17 profiling]
2026-10-09 19:05:09.827 - records_manager - INFO -   rps=0.4 (avg 0.7)  tput_in=47,596/s  tput_out=312/s  done=327 ok=327 err=0
2026-10-09 19:05:09.827 - records_manager - INFO -   ttft    p50=  438ms  p75= 1,181ms  p95= 5,109ms  p99=  7,940ms
2026-10-09 19:05:09.827 - records_manager - INFO -   itl     p50=   14ms  p75=    43ms  p95=    53ms  p99=     76ms
2026-10-09 19:05:09.827 - records_manager - INFO -   e2e     p50=5,150ms  p75=15,261ms  p95=41,198ms  p99=111,627ms
2026-10-09 19:05:09.827 - records_manager - INFO -   intvty  p50=     71  p75=     102  p95=     139  p99=      190  (1/tpot tok/s)
2026-10-09 19:05:09.827 - records_manager - INFO -   isl     p50= 62,500  p75= 103,537  p90= 134,334  p99=  176,831  (tokens)
2026-10-09 19:05:09.827 - records_manager - INFO -   osl     p50=    210  p75=     480  p90=   1,024  p99=    3,363  (tokens)
2026-10-09 19:05:09.827 - records_manager - INFO -   tot     in=23,548,955  out=154,557
2026-10-09 19:05:09.827 - records_manager - INFO -   trace  theoretical_prefix_cache_hit=94.8%
2026-10-09 19:05:09.827 - records_manager - INFO -   srv    prefix_cache_hit=68.0% unique_in_srv=16,472,658 ext_cache_hit=82.6% kv_usage=96.5% queue=19r/0w tput_in_srv=103,759/s tput_out_srv=774/s
2026-10-09 19:05:41.367 - records_manager - INFO - [realtime 08:49 profiling]
2026-10-09 19:05:41.367 - records_manager - INFO -   rps=0.6 (avg 0.7)  tput_in=48,450/s  tput_out=333/s  done=347 ok=347 err=0
2026-10-09 19:05:41.367 - records_manager - INFO -   ttft    p50=  477ms  p75= 1,181ms  p95= 5,312ms  p99=  7,934ms
2026-10-09 19:05:41.367 - records_manager - INFO -   itl     p50=   15ms  p75=    44ms  p95=    53ms  p99=     75ms
2026-10-09 19:05:41.367 - records_manager - INFO -   e2e     p50=5,833ms  p75=16,298ms  p95=49,668ms  p99=179,979ms
2026-10-09 19:05:41.367 - records_manager - INFO -   intvty  p50=     67  p75=     100  p95=     138  p99=      190  (1/tpot tok/s)
2026-10-09 19:05:41.367 - records_manager - INFO -   isl     p50= 63,352  p75= 107,007  p90= 135,524  p99=  176,804  (tokens)
2026-10-09 19:05:41.367 - records_manager - INFO -   osl     p50=    212  p75=     497  p90=   1,138  p99=    3,817  (tokens)
2026-10-09 19:05:41.367 - records_manager - INFO -   tot     in=25,539,693  out=175,511
2026-10-09 19:05:41.367 - records_manager - INFO -   trace  theoretical_prefix_cache_hit=94.9%
2026-10-09 19:05:41.367 - records_manager - INFO -   srv    prefix_cache_hit=69.4% unique_in_srv=16,687,902 ext_cache_hit=82.3% kv_usage=79.9% queue=16r/0w tput_in_srv=103,589/s tput_out_srv=775/s
2026-10-09 19:06:13.040 - records_manager - INFO - [realtime 09:20 profiling]
2026-10-09 19:06:13.040 - records_manager - INFO -   rps=0.9 (avg 0.7)  tput_in=49,794/s  tput_out=353/s  done=375 ok=375 err=0
2026-10-09 19:06:13.040 - records_manager - INFO -   ttft    p50=  495ms  p75= 1,170ms  p95= 5,557ms  p99= 41,965ms
2026-10-09 19:06:13.040 - records_manager - INFO -   itl     p50=   16ms  p75=    45ms  p95=    54ms  p99=     75ms
2026-10-09 19:06:13.040 - records_manager - INFO -   e2e     p50=6,268ms  p75=16,490ms  p95=64,443ms  p99=221,258ms
2026-10-09 19:06:13.040 - records_manager - INFO -   intvty  p50=     63  p75=      97  p95=     136  p99=      190  (1/tpot tok/s)
2026-10-09 19:06:13.040 - records_manager - INFO -   isl     p50= 64,097  p75= 107,468  p90= 138,650  p99=  176,765  (tokens)
2026-10-09 19:06:13.041 - records_manager - INFO -   osl     p50=    209  p75=     492  p90=   1,139  p99=    4,239  (tokens)
2026-10-09 19:06:13.041 - records_manager - INFO -   tot     in=27,832,522  out=197,293
2026-10-09 19:06:13.041 - records_manager - INFO -   trace  theoretical_prefix_cache_hit=95.0%
2026-10-09 19:06:13.041 - records_manager - INFO -   srv    prefix_cache_hit=71.7% unique_in_srv=17,031,942 ext_cache_hit=81.3% kv_usage=99.3% queue=22r/0w tput_in_srv=107,667/s tput_out_srv=777/s
2026-10-09 19:06:44.868 - records_manager - INFO - [realtime 09:52 profiling]
2026-10-09 19:06:44.868 - records_manager - INFO -   rps=0.8 (avg 0.7)  tput_in=50,564/s  tput_out=344/s  done=401 ok=401 err=0
2026-10-09 19:06:44.868 - records_manager - INFO -   ttft    p50=  505ms  p75= 1,169ms  p95= 5,363ms  p99=  9,758ms
2026-10-09 19:06:44.868 - records_manager - INFO -   itl     p50=   17ms  p75=    45ms  p95=    54ms  p99=     74ms
2026-10-09 19:06:44.868 - records_manager - INFO -   e2e     p50=6,509ms  p75=16,328ms  p95=61,706ms  p99=220,758ms
2026-10-09 19:06:44.868 - records_manager - INFO -   intvty  p50=     57  p75=      94  p95=     135  p99=      190  (1/tpot tok/s)
2026-10-09 19:06:44.868 - records_manager - INFO -   isl     p50= 64,162  p75= 107,430  p90= 139,020  p99=  176,729  (tokens)
2026-10-09 19:06:44.868 - records_manager - INFO -   osl     p50=    202  p75=     476  p90=   1,116  p99=    4,045  (tokens)
2026-10-09 19:06:44.868 - records_manager - INFO -   tot     in=29,867,268  out=203,477
2026-10-09 19:06:44.868 - records_manager - INFO -   trace  theoretical_prefix_cache_hit=95.0%
2026-10-09 19:06:44.868 - records_manager - INFO -   srv    prefix_cache_hit=72.2% unique_in_srv=17,759,276 ext_cache_hit=80.9% kv_usage=89.9% queue=19r/0w tput_in_srv=108,118/s tput_out_srv=779/s
2026-10-09 19:07:16.989 - records_manager - INFO - [realtime 10:24 profiling]
2026-10-09 19:07:16.989 - records_manager - INFO -   rps=0.6 (avg 0.7)  tput_in=50,366/s  tput_out=347/s  done=419 ok=419 err=0
2026-10-09 19:07:16.989 - records_manager - INFO -   ttft    p50=  512ms  p75= 1,194ms  p95= 5,519ms  p99= 36,397ms
2026-10-09 19:07:16.989 - records_manager - INFO -   itl     p50=   20ms  p75=    46ms  p95=    54ms  p99=     76ms
2026-10-09 19:07:16.989 - records_manager - INFO -   e2e     p50=6,596ms  p75=16,490ms  p95=66,083ms  p99=222,335ms
2026-10-09 19:07:16.989 - records_manager - INFO -   intvty  p50=     51  p75=      93  p95=     135  p99=      186  (1/tpot tok/s)
2026-10-09 19:07:16.989 - records_manager - INFO -   isl     p50= 64,443  p75= 107,428  p90= 139,085  p99=  176,842  (tokens)
2026-10-09 19:07:16.989 - records_manager - INFO -   osl     p50=    197  p75=     476  p90=   1,132  p99=    4,658  (tokens)
2026-10-09 19:07:16.989 - records_manager - INFO -   tot     in=31,232,983  out=215,126
2026-10-09 19:07:16.990 - records_manager - INFO -   trace  theoretical_prefix_cache_hit=95.0%
2026-10-09 19:07:16.990 - records_manager - INFO -   srv    prefix_cache_hit=72.9% unique_in_srv=18,079,216 ext_cache_hit=79.5% kv_usage=90.8% queue=20r/0w tput_in_srv=107,198/s tput_out_srv=776/s
2026-10-09 19:07:49.104 - records_manager - INFO - [realtime 10:56 profiling]
2026-10-09 19:07:49.104 - records_manager - INFO -   rps=0.8 (avg 0.7)  tput_in=51,215/s  tput_out=349/s  done=444 ok=444 err=0
2026-10-09 19:07:49.105 - records_manager - INFO -   ttft    p50=  516ms  p75= 1,185ms  p95= 5,479ms  p99= 92,410ms
2026-10-09 19:07:49.105 - records_manager - INFO -   itl     p50=   33ms  p75=    46ms  p95=    54ms  p99=     75ms
2026-10-09 19:07:49.105 - records_manager - INFO -   e2e     p50=6,697ms  p75=17,550ms  p95=79,869ms  p99=223,989ms
2026-10-09 19:07:49.105 - records_manager - INFO -   intvty  p50=     30  p75=      90  p95=     133  p99=      181  (1/tpot tok/s)
2026-10-09 19:07:49.105 - records_manager - INFO -   isl     p50= 65,476  p75= 107,449  p90= 140,219  p99=  177,866  (tokens)
2026-10-09 19:07:49.105 - records_manager - INFO -   osl     p50=    200  p75=     474  p90=   1,135  p99=    4,471  (tokens)
2026-10-09 19:07:49.105 - records_manager - INFO -   tot     in=33,448,534  out=227,937
2026-10-09 19:07:49.105 - records_manager - INFO -   trace  theoretical_prefix_cache_hit=94.9%
2026-10-09 19:07:49.105 - records_manager - INFO -   srv    prefix_cache_hit=74.4% unique_in_srv=18,168,066 ext_cache_hit=79.1% kv_usage=90.0% queue=17r/0w tput_in_srv=108,203/s tput_out_srv=780/s
2026-10-09 19:08:21.269 - records_manager - INFO - [realtime 11:29 profiling]
2026-10-09 19:08:21.269 - records_manager - INFO -   rps=0.7 (avg 0.7)  tput_in=51,969/s  tput_out=342/s  done=466 ok=466 err=0
2026-10-09 19:08:21.270 - records_manager - INFO -   ttft    p50=  516ms  p75= 1,130ms  p95= 5,465ms  p99= 78,828ms
2026-10-09 19:08:21.270 - records_manager - INFO -   itl     p50=   39ms  p75=    46ms  p95=    55ms  p99=     75ms
2026-10-09 19:08:21.270 - records_manager - INFO -   e2e     p50=6,800ms  p75=17,653ms  p95=76,174ms  p99=223,484ms
2026-10-09 19:08:21.270 - records_manager - INFO -   intvty  p50=     26  p75=      88  p95=     131  p99=      176  (1/tpot tok/s)
2026-10-09 19:08:21.270 - records_manager - INFO -   isl     p50= 67,602  p75= 107,833  p90= 141,770  p99=  178,018  (tokens)
2026-10-09 19:08:21.270 - records_manager - INFO -   osl     p50=    194  p75=     473  p90=   1,114  p99=    4,307  (tokens)
2026-10-09 19:08:21.270 - records_manager - INFO -   tot     in=35,595,674  out=234,156
2026-10-09 19:08:21.270 - records_manager - INFO -   trace  theoretical_prefix_cache_hit=95.0%
2026-10-09 19:08:21.270 - records_manager - INFO -   srv    prefix_cache_hit=75.5% unique_in_srv=18,330,210 ext_cache_hit=78.4% kv_usage=76.7% queue=16r/0w tput_in_srv=108,966/s tput_out_srv=780/s
2026-10-09 19:08:53.656 - records_manager - INFO - [realtime 12:01 profiling]
2026-10-09 19:08:53.656 - records_manager - INFO -   rps=0.6 (avg 0.7)  tput_in=52,117/s  tput_out=347/s  done=487 ok=487 err=0
2026-10-09 19:08:53.656 - records_manager - INFO -   ttft    p50=  519ms  p75= 1,128ms  p95= 5,458ms  p99=136,332ms
2026-10-09 19:08:53.656 - records_manager - INFO -   itl     p50=   39ms  p75=    46ms  p95=    54ms  p99=     75ms
2026-10-09 19:08:53.656 - records_manager - INFO -   e2e     p50=6,823ms  p75=17,766ms  p95=85,461ms  p99=256,350ms
2026-10-09 19:08:53.656 - records_manager - INFO -   intvty  p50=     26  p75=      85  p95=     131  p99=      171  (1/tpot tok/s)
2026-10-09 19:08:53.656 - records_manager - INFO -   isl     p50= 68,589  p75= 108,594  p90= 143,290  p99=  179,377  (tokens)
2026-10-09 19:08:53.656 - records_manager - INFO -   osl     p50=    191  p75=     473  p90=   1,113  p99=    4,963  (tokens)
2026-10-09 19:08:53.656 - records_manager - INFO -   tot     in=37,449,136  out=249,671
2026-10-09 19:08:53.656 - records_manager - INFO -   trace  theoretical_prefix_cache_hit=95.1%
2026-10-09 19:08:53.656 - records_manager - INFO -   srv    prefix_cache_hit=76.4% unique_in_srv=18,511,022 ext_cache_hit=78.3% kv_usage=79.0% queue=18r/0w tput_in_srv=109,112/s tput_out_srv=784/s
2026-10-09 19:09:26.130 - records_manager - INFO - [realtime 12:33 profiling]
2026-10-09 19:09:26.130 - records_manager - INFO -   rps=0.8 (avg 0.7)  tput_in=51,810/s  tput_out=341/s  done=514 ok=514 err=0
2026-10-09 19:09:26.130 - records_manager - INFO -   ttft    p50=  518ms  p75= 1,130ms  p95=  5,986ms  p99=216,490ms
2026-10-09 19:09:26.130 - records_manager - INFO -   itl     p50=   41ms  p75=    46ms  p95=     57ms  p99=     74ms
2026-10-09 19:09:26.130 - records_manager - INFO -   e2e     p50=6,902ms  p75=17,990ms  p95=102,524ms  p99=315,327ms
2026-10-09 19:09:26.132 - records_manager - INFO -   intvty  p50=     25  p75=      82  p95=      130  p99=      168  (1/tpot tok/s)
2026-10-09 19:09:26.132 - records_manager - INFO -   isl     p50= 65,662  p75= 108,292  p90=  141,839  p99=  179,405  (tokens)
2026-10-09 19:09:26.132 - records_manager - INFO -   osl     p50=    182  p75=     469  p90=    1,034  p99=    4,696  (tokens)
2026-10-09 19:09:26.132 - records_manager - INFO -   tot     in=38,927,732  out=256,505
2026-10-09 19:09:26.132 - records_manager - INFO -   trace  theoretical_prefix_cache_hit=95.1%
2026-10-09 19:09:26.132 - records_manager - INFO -   srv    prefix_cache_hit=76.9% unique_in_srv=18,990,824 ext_cache_hit=77.2% kv_usage=96.0% queue=23r/0w tput_in_srv=109,563/s tput_out_srv=787/s
2026-10-09 19:09:32.294 - EventLoopMonitor - WARNING - Event loop for worker_06ce1bc3 is taking too long to run. Overhead: 37.35ms
2026-10-09 19:09:58.691 - records_manager - INFO - [realtime 13:06 profiling]
2026-10-09 19:09:58.692 - records_manager - INFO -   rps=1.0 (avg 0.7)  tput_in=52,733/s  tput_out=361/s  done=547 ok=547 err=0
2026-10-09 19:09:58.692 - records_manager - INFO -   ttft    p50=  519ms  p75= 1,116ms  p95=  5,895ms  p99=210,529ms
2026-10-09 19:09:58.692 - records_manager - INFO -   itl     p50=   41ms  p75=    47ms  p95=     57ms  p99=     73ms
2026-10-09 19:09:58.692 - records_manager - INFO -   e2e     p50=7,019ms  p75=17,932ms  p95=107,700ms  p99=325,697ms
2026-10-09 19:09:58.692 - records_manager - INFO -   intvty  p50=     24  p75=      80  p95=      130  p99=      166  (1/tpot tok/s)
2026-10-09 19:09:58.692 - records_manager - INFO -   isl     p50= 64,358  p75= 107,766  p90=  143,290  p99=  179,947  (tokens)
2026-10-09 19:09:58.692 - records_manager - INFO -   osl     p50=    180  p75=     466  p90=    1,066  p99=    5,786  (tokens)
2026-10-09 19:09:58.692 - records_manager - INFO -   tot     in=41,334,450  out=282,695
2026-10-09 19:09:58.692 - records_manager - INFO -   trace  theoretical_prefix_cache_hit=95.0%
2026-10-09 19:09:58.692 - records_manager - INFO -   srv    prefix_cache_hit=77.6% unique_in_srv=19,216,064 ext_cache_hit=76.3% kv_usage=78.1% queue=17r/0w tput_in_srv=109,581/s tput_out_srv=790/s
2026-10-09 19:10:31.565 - records_manager - INFO - [realtime 13:39 profiling]
2026-10-09 19:10:31.565 - records_manager - INFO -   rps=0.8 (avg 0.7)  tput_in=53,832/s  tput_out=365/s  done=574 ok=574 err=0
2026-10-09 19:10:31.565 - records_manager - INFO -   ttft    p50=  519ms  p75= 1,076ms  p95=  5,841ms  p99=205,652ms
2026-10-09 19:10:31.565 - records_manager - INFO -   itl     p50=   41ms  p75=    46ms  p95=     57ms  p99=     72ms
2026-10-09 19:10:31.566 - records_manager - INFO -   e2e     p50=7,177ms  p75=17,777ms  p95=109,993ms  p99=322,162ms
2026-10-09 19:10:31.566 - records_manager - INFO -   intvty  p50=     24  p75=      78  p95=      129  p99=      165  (1/tpot tok/s)
2026-10-09 19:10:31.566 - records_manager - INFO -   isl     p50= 64,121  p75= 108,715  p90=  144,000  p99=  183,693  (tokens)
2026-10-09 19:10:31.566 - records_manager - INFO -   osl     p50=    184  p75=     451  p90=    1,035  p99=    5,659  (tokens)
2026-10-09 19:10:31.566 - records_manager - INFO -   tot     in=43,792,652  out=297,261
2026-10-09 19:10:31.566 - records_manager - INFO -   trace  theoretical_prefix_cache_hit=95.1%
2026-10-09 19:10:31.566 - records_manager - INFO -   srv    prefix_cache_hit=78.8% unique_in_srv=19,453,614 ext_cache_hit=75.3% kv_usage=92.1% queue=21r/0w tput_in_srv=112,028/s tput_out_srv=790/s
2026-10-09 19:11:04.473 - records_manager - INFO - [realtime 14:12 profiling]
2026-10-09 19:11:04.473 - records_manager - INFO -   rps=1.1 (avg 0.7)  tput_in=54,766/s  tput_out=367/s  done=609 ok=609 err=0
2026-10-09 19:11:04.473 - records_manager - INFO -   ttft    p50=  517ms  p75= 1,049ms  p95=  5,772ms  p99=196,947ms
2026-10-09 19:11:04.473 - records_manager - INFO -   itl     p50=   42ms  p75=    47ms  p95=     58ms  p99=     71ms
2026-10-09 19:11:04.473 - records_manager - INFO -   e2e     p50=7,233ms  p75=17,746ms  p95=111,476ms  p99=316,596ms
2026-10-09 19:11:04.473 - records_manager - INFO -   intvty  p50=     24  p75=      76  p95=      129  p99=      164  (1/tpot tok/s)
2026-10-09 19:11:04.473 - records_manager - INFO -   isl     p50= 64,097  p75= 108,753  p90=  143,818  p99=  183,135  (tokens)
2026-10-09 19:11:04.473 - records_manager - INFO -   osl     p50=    180  p75=     439  p90=    1,032  p99=    5,487  (tokens)
2026-10-09 19:11:04.473 - records_manager - INFO -   tot     in=46,431,708  out=311,347
2026-10-09 19:11:04.473 - records_manager - INFO -   trace  theoretical_prefix_cache_hit=95.1%
2026-10-09 19:11:04.473 - records_manager - INFO -   srv    prefix_cache_hit=79.6% unique_in_srv=19,768,756 ext_cache_hit=74.6% kv_usage=86.2% queue=21r/0w tput_in_srv=114,160/s tput_out_srv=793/s
2026-10-09 19:11:05.877 - EventLoopMonitor - WARNING - Event loop for worker_d4894f12 is taking too long to run. Overhead: 53.37ms
2026-10-09 19:11:37.688 - records_manager - INFO - [realtime 14:45 profiling]
2026-10-09 19:11:37.689 - records_manager - INFO -   rps=1.4 (avg 0.7)  tput_in=57,080/s  tput_out=381/s  done=655 ok=655 err=0
2026-10-09 19:11:37.689 - records_manager - INFO -   ttft    p50=  515ms  p75= 1,006ms  p95=  5,709ms  p99=174,937ms
2026-10-09 19:11:37.689 - records_manager - INFO -   itl     p50=   42ms  p75=    47ms  p95=     58ms  p99=     71ms
2026-10-09 19:11:37.689 - records_manager - INFO -   e2e     p50=7,147ms  p75=17,567ms  p95=112,272ms  p99=324,649ms
2026-10-09 19:11:37.689 - records_manager - INFO -   intvty  p50=     24  p75=      71  p95=      127  p99=      159  (1/tpot tok/s)
2026-10-09 19:11:37.689 - records_manager - INFO -   isl     p50= 64,404  p75= 109,255  p90=  144,856  p99=  183,962  (tokens)
2026-10-09 19:11:37.689 - records_manager - INFO -   osl     p50=    176  p75=     434  p90=    1,027  p99=    5,749  (tokens)
2026-10-09 19:11:37.689 - records_manager - INFO -   tot     in=50,346,400  out=336,023
2026-10-09 19:11:37.689 - records_manager - INFO -   trace  theoretical_prefix_cache_hit=95.2%
2026-10-09 19:11:37.689 - records_manager - INFO -   srv    prefix_cache_hit=80.9% unique_in_srv=19,884,746 ext_cache_hit=74.2% kv_usage=72.2% queue=16r/0w tput_in_srv=117,995/s tput_out_srv=796/s
2026-10-09 19:12:10.936 - records_manager - INFO - [realtime 15:18 profiling]
2026-10-09 19:12:10.936 - records_manager - INFO -   rps=0.8 (avg 0.7)  tput_in=57,206/s  tput_out=378/s  done=683 ok=683 err=0
2026-10-09 19:12:10.936 - records_manager - INFO -   ttft    p50=  515ms  p75= 1,004ms  p95=  6,582ms  p99=204,026ms
2026-10-09 19:12:10.936 - records_manager - INFO -   itl     p50=   42ms  p75=    47ms  p95=     58ms  p99=     72ms
2026-10-09 19:12:10.937 - records_manager - INFO -   e2e     p50=7,219ms  p75=17,801ms  p95=118,107ms  p99=320,983ms
2026-10-09 19:12:10.937 - records_manager - INFO -   intvty  p50=     24  p75=      68  p95=      127  p99=      156  (1/tpot tok/s)
2026-10-09 19:12:10.937 - records_manager - INFO -   isl     p50= 64,145  p75= 108,676  p90=  145,062  p99=  184,822  (tokens)
2026-10-09 19:12:10.937 - records_manager - INFO -   osl     p50=    172  p75=     428  p90=    1,005  p99=    5,616  (tokens)
2026-10-09 19:12:10.937 - records_manager - INFO -   tot     in=52,314,206  out=345,947
2026-10-09 19:12:10.937 - records_manager - INFO -   trace  theoretical_prefix_cache_hit=95.2%
2026-10-09 19:12:10.937 - records_manager - INFO -   srv    prefix_cache_hit=81.0% unique_in_srv=20,507,638 ext_cache_hit=73.5% kv_usage=71.0% queue=19r/0w tput_in_srv=117,944/s tput_out_srv=799/s
2026-10-09 19:12:44.465 - records_manager - INFO - [realtime 15:52 profiling]
2026-10-09 19:12:44.465 - records_manager - INFO -   rps=1.0 (avg 0.8)  tput_in=57,980/s  tput_out=376/s  done=715 ok=715 err=0
2026-10-09 19:12:44.467 - records_manager - INFO -   ttft    p50=  518ms  p75= 1,009ms  p95=  6,929ms  p99=225,793ms
2026-10-09 19:12:44.467 - records_manager - INFO -   itl     p50=   42ms  p75=    47ms  p95=     58ms  p99=     71ms
2026-10-09 19:12:44.467 - records_manager - INFO -   e2e     p50=7,317ms  p75=17,766ms  p95=136,222ms  p99=336,145ms
2026-10-09 19:12:44.467 - records_manager - INFO -   intvty  p50=     24  p75=      65  p95=      126  p99=      154  (1/tpot tok/s)
2026-10-09 19:12:44.467 - records_manager - INFO -   isl     p50= 64,145  p75= 108,504  p90=  145,415  p99=  187,297  (tokens)
2026-10-09 19:12:44.467 - records_manager - INFO -   osl     p50=    172  p75=     414  p90=      969  p99=    5,453  (tokens)
2026-10-09 19:12:44.467 - records_manager - INFO -   tot     in=54,960,782  out=356,106
2026-10-09 19:12:44.467 - records_manager - INFO -   trace  theoretical_prefix_cache_hit=95.2%
2026-10-09 19:12:44.467 - records_manager - INFO -   srv    prefix_cache_hit=81.8% unique_in_srv=20,750,840 ext_cache_hit=72.6% kv_usage=81.5% queue=21r/0w tput_in_srv=120,140/s tput_out_srv=800/s
2026-10-09 19:13:17.913 - records_manager - INFO - [realtime 16:25 profiling]
2026-10-09 19:13:17.913 - records_manager - INFO -   rps=0.7 (avg 0.8)  tput_in=58,108/s  tput_out=373/s  done=737 ok=737 err=0
2026-10-09 19:13:17.913 - records_manager - INFO -   ttft    p50=  520ms  p75= 1,013ms  p95=  6,687ms  p99=224,537ms
2026-10-09 19:13:17.913 - records_manager - INFO -   itl     p50=   43ms  p75=    47ms  p95=     59ms  p99=     71ms
2026-10-09 19:13:17.913 - records_manager - INFO -   e2e     p50=7,670ms  p75=17,746ms  p95=120,730ms  p99=335,013ms
2026-10-09 19:13:17.913 - records_manager - INFO -   intvty  p50=     23  p75=      64  p95=      126  p99=      154  (1/tpot tok/s)
2026-10-09 19:13:17.913 - records_manager - INFO -   isl     p50= 64,162  p75= 107,900  p90=  146,023  p99=  186,773  (tokens)
2026-10-09 19:13:17.913 - records_manager - INFO -   osl     p50=    178  p75=     405  p90=      967  p99=    5,331  (tokens)
2026-10-09 19:13:17.914 - records_manager - INFO -   tot     in=56,861,684  out=364,669
2026-10-09 19:13:17.914 - records_manager - INFO -   trace  theoretical_prefix_cache_hit=95.1%
2026-10-09 19:13:17.914 - records_manager - INFO -   srv    prefix_cache_hit=82.3% unique_in_srv=20,982,960 ext_cache_hit=71.8% kv_usage=91.8% queue=23r/0w tput_in_srv=120,517/s tput_out_srv=801/s
2026-10-09 19:13:51.613 - records_manager - INFO - [realtime 16:59 profiling]
2026-10-09 19:13:51.613 - records_manager - INFO -   rps=0.5 (avg 0.7)  tput_in=57,496/s  tput_out=368/s  done=753 ok=753 err=0
2026-10-09 19:13:51.613 - records_manager - INFO -   ttft    p50=  525ms  p75= 1,013ms  p95=  6,297ms  p99=223,624ms
2026-10-09 19:13:51.613 - records_manager - INFO -   itl     p50=   43ms  p75=    48ms  p95=     58ms  p99=     71ms
2026-10-09 19:13:51.613 - records_manager - INFO -   e2e     p50=7,814ms  p75=17,815ms  p95=118,070ms  p99=334,190ms
2026-10-09 19:13:51.613 - records_manager - INFO -   intvty  p50=     23  p75=      63  p95=      125  p99=      154  (1/tpot tok/s)
2026-10-09 19:13:51.613 - records_manager - INFO -   isl     p50= 64,443  p75= 107,632  p90=  146,232  p99=  186,392  (tokens)
2026-10-09 19:13:51.613 - records_manager - INFO -   osl     p50=    181  p75=     407  p90=      984  p99=    5,242  (tokens)
2026-10-09 19:13:51.613 - records_manager - INFO -   tot     in=58,230,013  out=372,214
2026-10-09 19:13:51.613 - records_manager - INFO -   trace  theoretical_prefix_cache_hit=95.1%
2026-10-09 19:13:51.614 - records_manager - INFO -   srv    prefix_cache_hit=82.6% unique_in_srv=21,072,168 ext_cache_hit=71.5% kv_usage=92.2% queue=22r/0w tput_in_srv=119,104/s tput_out_srv=806/s
2026-10-09 19:14:25.362 - records_manager - INFO - [realtime 17:33 profiling]
2026-10-09 19:14:25.362 - records_manager - INFO -   rps=0.6 (avg 0.7)  tput_in=57,350/s  tput_out=367/s  done=774 ok=774 err=0
2026-10-09 19:14:25.362 - records_manager - INFO -   ttft    p50=  519ms  p75=   997ms  p95=  5,986ms  p99=222,425ms
2026-10-09 19:14:25.362 - records_manager - INFO -   itl     p50=   43ms  p75=    48ms  p95=     58ms  p99=     70ms
2026-10-09 19:14:25.362 - records_manager - INFO -   e2e     p50=7,962ms  p75=17,990ms  p95=118,067ms  p99=333,109ms
2026-10-09 19:14:25.362 - records_manager - INFO -   intvty  p50=     23  p75=      61  p95=      124  p99=      153  (1/tpot tok/s)
2026-10-09 19:14:25.362 - records_manager - INFO -   isl     p50= 64,866  p75= 107,487  p90=  146,388  p99=  188,202  (tokens)
2026-10-09 19:14:25.362 - records_manager - INFO -   osl     p50=    188  p75=     406  p90=      982  p99=    5,451  (tokens)
2026-10-09 19:14:25.362 - records_manager - INFO -   tot     in=60,184,297  out=385,074
2026-10-09 19:14:25.362 - records_manager - INFO -   trace  theoretical_prefix_cache_hit=95.2%
2026-10-09 19:14:25.362 - records_manager - INFO -   srv    prefix_cache_hit=83.0% unique_in_srv=21,122,860 ext_cache_hit=71.4% kv_usage=94.4% queue=19r/0w tput_in_srv=118,724/s tput_out_srv=809/s
2026-10-09 19:14:59.307 - records_manager - INFO - [realtime 18:07 profiling]
2026-10-09 19:14:59.307 - records_manager - INFO -   rps=0.4 (avg 0.7)  tput_in=56,955/s  tput_out=378/s  done=789 ok=789 err=0
2026-10-09 19:14:59.307 - records_manager - INFO -   ttft    p50=  523ms  p75=   997ms  p95=  5,879ms  p99=221,569ms
2026-10-09 19:14:59.307 - records_manager - INFO -   itl     p50=   43ms  p75=    48ms  p95=     58ms  p99=     70ms
2026-10-09 19:14:59.307 - records_manager - INFO -   e2e     p50=8,042ms  p75=18,205ms  p95=152,951ms  p99=338,535ms
2026-10-09 19:14:59.307 - records_manager - INFO -   intvty  p50=     23  p75=      58  p95=      124  p99=      153  (1/tpot tok/s)
2026-10-09 19:14:59.307 - records_manager - INFO -   isl     p50= 65,409  p75= 107,506  p90=  146,359  p99=  187,884  (tokens)
2026-10-09 19:14:59.308 - records_manager - INFO -   osl     p50=    191  p75=     421  p90=    1,032  p99=    5,588  (tokens)
2026-10-09 19:14:59.308 - records_manager - INFO -   tot     in=61,557,489  out=408,729
2026-10-09 19:14:59.308 - records_manager - INFO -   trace  theoretical_prefix_cache_hit=95.2%
2026-10-09 19:14:59.308 - records_manager - INFO -   srv    prefix_cache_hit=83.3% unique_in_srv=21,182,800 ext_cache_hit=71.2% kv_usage=85.6% queue=18r/0w tput_in_srv=117,533/s tput_out_srv=811/s
2026-10-09 19:15:33.114 - records_manager - INFO - [realtime 18:40 profiling]
2026-10-09 19:15:33.114 - records_manager - INFO -   rps=0.5 (avg 0.7)  tput_in=56,617/s  tput_out=374/s  done=806 ok=806 err=0
2026-10-09 19:15:33.114 - records_manager - INFO -   ttft    p50=  522ms  p75= 1,002ms  p95=  6,037ms  p99=226,307ms
2026-10-09 19:15:33.114 - records_manager - INFO -   itl     p50=   43ms  p75=    47ms  p95=     58ms  p99=     70ms
2026-10-09 19:15:33.114 - records_manager - INFO -   e2e     p50=8,158ms  p75=18,319ms  p95=154,197ms  p99=350,087ms
2026-10-09 19:15:33.114 - records_manager - INFO -   intvty  p50=     23  p75=      56  p95=      124  p99=      152  (1/tpot tok/s)
2026-10-09 19:15:33.114 - records_manager - INFO -   isl     p50= 65,539  p75= 107,429  p90=  146,749  p99=  189,644  (tokens)
2026-10-09 19:15:33.114 - records_manager - INFO -   osl     p50=    194  p75=     420  p90=    1,060  p99=    5,526  (tokens)
2026-10-09 19:15:33.114 - records_manager - INFO -   tot     in=63,012,440  out=416,246
2026-10-09 19:15:33.114 - records_manager - INFO -   trace  theoretical_prefix_cache_hit=95.2%
2026-10-09 19:15:33.114 - records_manager - INFO -   srv    prefix_cache_hit=83.4% unique_in_srv=21,536,666 ext_cache_hit=71.0% kv_usage=86.6% queue=18r/0w tput_in_srv=116,523/s tput_out_srv=812/s
2026-10-09 19:16:07.240 - records_manager - INFO - [realtime 19:15 profiling]
2026-10-09 19:16:07.241 - records_manager - INFO -   rps=0.6 (avg 0.7)  tput_in=56,465/s  tput_out=390/s  done=827 ok=827 err=0
2026-10-09 19:16:07.241 - records_manager - INFO -   ttft    p50=  519ms  p75=   997ms  p95=  6,468ms  p99=225,108ms
2026-10-09 19:16:07.241 - records_manager - INFO -   itl     p50=   43ms  p75=    47ms  p95=     58ms  p99=     70ms
2026-10-09 19:16:07.241 - records_manager - INFO -   e2e     p50=8,195ms  p75=18,820ms  p95=169,209ms  p99=347,164ms
2026-10-09 19:16:07.241 - records_manager - INFO -   intvty  p50=     23  p75=      53  p95=      123  p99=      151  (1/tpot tok/s)
2026-10-09 19:16:07.241 - records_manager - INFO -   isl     p50= 66,107  p75= 107,468  p90=  146,680  p99=  190,941  (tokens)
2026-10-09 19:16:07.241 - records_manager - INFO -   osl     p50=    198  p75=     436  p90=    1,128  p99=    6,204  (tokens)
2026-10-09 19:16:07.241 - records_manager - INFO -   tot     in=64,961,946  out=449,184
2026-10-09 19:16:07.241 - records_manager - INFO -   trace  theoretical_prefix_cache_hit=95.2%
2026-10-09 19:16:07.241 - records_manager - INFO -   srv    prefix_cache_hit=83.7% unique_in_srv=21,732,866 ext_cache_hit=71.0% kv_usage=64.6% queue=15r/0w tput_in_srv=115,624/s tput_out_srv=815/s
2026-10-09 19:16:11.744 - aiperf.timing.replay_dependencies - INFO - Per-trace idle cap advanced replay root 77b75145-09fa-4695-a95c-060c586b4d6f by 346.487s
2026-10-09 19:16:41.506 - records_manager - INFO - [realtime 19:49 profiling]
2026-10-09 19:16:41.506 - records_manager - INFO -   rps=0.4 (avg 0.7)  tput_in=56,058/s  tput_out=394/s  done=842 ok=842 err=0
2026-10-09 19:16:41.506 - records_manager - INFO -   ttft    p50=  519ms  p75=   997ms  p95=  7,402ms  p99=276,068ms
2026-10-09 19:16:41.506 - records_manager - INFO -   itl     p50=   43ms  p75=    47ms  p95=     58ms  p99=     70ms
2026-10-09 19:16:41.506 - records_manager - INFO -   e2e     p50=8,302ms  p75=19,514ms  p95=172,187ms  p99=372,456ms
2026-10-09 19:16:41.506 - records_manager - INFO -   intvty  p50=     23  p75=      50  p95=      123  p99=      150  (1/tpot tok/s)
2026-10-09 19:16:41.507 - records_manager - INFO -   isl     p50= 66,536  p75= 106,946  p90=  146,346  p99=  190,699  (tokens)
2026-10-09 19:16:41.507 - records_manager - INFO -   osl     p50=    200  p75=     439  p90=    1,136  p99=    6,199  (tokens)
2026-10-09 19:16:41.507 - records_manager - INFO -   tot     in=66,077,705  out=464,909
2026-10-09 19:16:41.507 - records_manager - INFO -   trace  theoretical_prefix_cache_hit=95.3%
2026-10-09 19:16:41.507 - records_manager - INFO -   srv    prefix_cache_hit=83.4% unique_in_srv=22,597,148 ext_cache_hit=70.4% kv_usage=86.7% queue=19r/0w tput_in_srv=115,025/s tput_out_srv=811/s
2026-10-09 19:17:15.811 - records_manager - INFO - [realtime 20:23 profiling]
2026-10-09 19:17:15.812 - records_manager - INFO -   rps=0.5 (avg 0.7)  tput_in=55,316/s  tput_out=388/s  done=858 ok=858 err=0
2026-10-09 19:17:15.812 - records_manager - INFO -   ttft    p50=  519ms  p75= 1,002ms  p95=  7,446ms  p99=262,651ms
2026-10-09 19:17:15.812 - records_manager - INFO -   itl     p50=   43ms  p75=    47ms  p95=     58ms  p99=     71ms
2026-10-09 19:17:15.812 - records_manager - INFO -   e2e     p50=8,462ms  p75=19,738ms  p95=171,126ms  p99=366,579ms
2026-10-09 19:17:15.812 - records_manager - INFO -   intvty  p50=     23  p75=      46  p95=      122  p99=      149  (1/tpot tok/s)
2026-10-09 19:17:15.812 - records_manager - INFO -   isl     p50= 67,124  p75= 105,990  p90=  146,340  p99=  192,105  (tokens)
2026-10-09 19:17:15.812 - records_manager - INFO -   osl     p50=    202  p75=     440  p90=    1,138  p99=    6,170  (tokens)
2026-10-09 19:17:15.812 - records_manager - INFO -   tot     in=67,346,619  out=471,931
2026-10-09 19:17:15.812 - records_manager - INFO -   trace  theoretical_prefix_cache_hit=95.2%
2026-10-09 19:17:15.812 - records_manager - INFO -   srv    prefix_cache_hit=83.5% unique_in_srv=22,967,346 ext_cache_hit=69.6% kv_usage=89.9% queue=20r/0w tput_in_srv=114,005/s tput_out_srv=809/s
2026-10-09 19:17:50.272 - records_manager - INFO - [realtime 20:58 profiling]
2026-10-09 19:17:50.272 - records_manager - INFO -   rps=0.8 (avg 0.7)  tput_in=55,299/s  tput_out=387/s  done=886 ok=886 err=0
2026-10-09 19:17:50.272 - records_manager - INFO -   ttft    p50=  519ms  p75= 1,002ms  p95=  7,721ms  p99=328,589ms
2026-10-09 19:17:50.272 - records_manager - INFO -   itl     p50=   43ms  p75=    47ms  p95=     58ms  p99=     70ms
2026-10-09 19:17:50.272 - records_manager - INFO -   e2e     p50=8,452ms  p75=20,132ms  p95=171,922ms  p99=406,454ms
2026-10-09 19:17:50.272 - records_manager - INFO -   intvty  p50=     23  p75=      35  p95=      122  p99=      147  (1/tpot tok/s)
2026-10-09 19:17:50.273 - records_manager - INFO -   isl     p50= 66,876  p75= 103,146  p90=  145,676  p99=  194,190  (tokens)
2026-10-09 19:17:50.273 - records_manager - INFO -   osl     p50=    200  p75=     439  p90=    1,138  p99=    6,119  (tokens)
2026-10-09 19:17:50.273 - records_manager - INFO -   tot     in=69,227,692  out=483,922
2026-10-09 19:17:50.273 - records_manager - INFO -   trace  theoretical_prefix_cache_hit=95.3%
2026-10-09 19:17:50.273 - records_manager - INFO -   srv    prefix_cache_hit=83.8% unique_in_srv=23,047,684 ext_cache_hit=69.4% kv_usage=76.0% queue=18r/0w tput_in_srv=113,410/s tput_out_srv=813/s
2026-10-09 19:18:25.211 - records_manager - INFO - [realtime 21:33 profiling]
2026-10-09 19:18:25.211 - records_manager - INFO -   rps=0.9 (avg 0.7)  tput_in=55,864/s  tput_out=387/s  done=918 ok=918 err=0
2026-10-09 19:18:25.211 - records_manager - INFO -   ttft    p50=  516ms  p75=   989ms  p95=  7,619ms  p99=321,082ms
2026-10-09 19:18:25.211 - records_manager - INFO -   itl     p50=   43ms  p75=    47ms  p95=     58ms  p99=     70ms
2026-10-09 19:18:25.211 - records_manager - INFO -   e2e     p50=8,452ms  p75=20,374ms  p95=166,059ms  p99=402,378ms
2026-10-09 19:18:25.211 - records_manager - INFO -   intvty  p50=     23  p75=      29  p95=      121  p99=      146  (1/tpot tok/s)
2026-10-09 19:18:25.211 - records_manager - INFO -   isl     p50= 67,124  p75= 103,058  p90=  145,971  p99=  204,020  (tokens)
2026-10-09 19:18:25.211 - records_manager - INFO -   osl     p50=    200  p75=     440  p90=    1,138  p99=    6,077  (tokens)
2026-10-09 19:18:25.211 - records_manager - INFO -   tot     in=71,903,027  out=498,045
2026-10-09 19:18:25.211 - records_manager - INFO -   trace  theoretical_prefix_cache_hit=95.3%
2026-10-09 19:18:25.211 - records_manager - INFO -   srv    prefix_cache_hit=84.3% unique_in_srv=23,149,470 ext_cache_hit=69.1% kv_usage=88.1% queue=19r/0w tput_in_srv=114,702/s tput_out_srv=815/s
2026-10-09 19:19:00.020 - records_manager - INFO - [realtime 22:07 profiling]
2026-10-09 19:19:00.020 - records_manager - INFO -   rps=0.8 (avg 0.7)  tput_in=56,245/s  tput_out=384/s  done=945 ok=945 err=0
2026-10-09 19:19:00.020 - records_manager - INFO -   ttft    p50=  515ms  p75=   984ms  p95=  7,346ms  p99=317,623ms
2026-10-09 19:19:00.020 - records_manager - INFO -   itl     p50=   43ms  p75=    47ms  p95=     58ms  p99=     70ms
2026-10-09 19:19:00.020 - records_manager - INFO -   e2e     p50=8,398ms  p75=20,241ms  p95=160,273ms  p99=397,544ms
2026-10-09 19:19:00.020 - records_manager - INFO -   intvty  p50=     23  p75=      28  p95=      120  p99=      145  (1/tpot tok/s)
2026-10-09 19:19:00.020 - records_manager - INFO -   isl     p50= 67,193  p75= 103,132  p90=  146,343  p99=  208,203  (tokens)
2026-10-09 19:19:00.020 - records_manager - INFO -   osl     p50=    197  p75=     446  p90=    1,122  p99=    6,053  (tokens)
2026-10-09 19:19:00.020 - records_manager - INFO -   tot     in=74,216,879  out=506,491
2026-10-09 19:19:00.020 - records_manager - INFO -   trace  theoretical_prefix_cache_hit=95.4%
2026-10-09 19:19:00.020 - records_manager - INFO -   srv    prefix_cache_hit=84.8% unique_in_srv=23,219,754 ext_cache_hit=68.9% kv_usage=93.3% queue=19r/0w tput_in_srv=115,464/s tput_out_srv=817/s
2026-10-09 19:19:35.015 - records_manager - INFO - [realtime 22:42 profiling]
2026-10-09 19:19:35.015 - records_manager - INFO -   rps=0.5 (avg 0.7)  tput_in=56,475/s  tput_out=387/s  done=964 ok=964 err=0
2026-10-09 19:19:35.016 - records_manager - INFO -   ttft    p50=  516ms  p75=   975ms  p95=  7,025ms  p99=315,189ms
2026-10-09 19:19:35.016 - records_manager - INFO -   itl     p50=   43ms  p75=    47ms  p95=     58ms  p99=     69ms
2026-10-09 19:19:35.016 - records_manager - INFO -   e2e     p50=8,471ms  p75=20,623ms  p95=164,476ms  p99=394,142ms
2026-10-09 19:19:35.016 - records_manager - INFO -   intvty  p50=     23  p75=      28  p95=      119  p99=      145  (1/tpot tok/s)
2026-10-09 19:19:35.016 - records_manager - INFO -   isl     p50= 68,079  p75= 105,195  p90=  148,592  p99=  213,931  (tokens)
2026-10-09 19:19:35.016 - records_manager - INFO -   osl     p50=    200  p75=     460  p90=    1,139  p99=    6,037  (tokens)
2026-10-09 19:19:35.016 - records_manager - INFO -   tot     in=76,521,178  out=524,707
2026-10-09 19:19:35.016 - records_manager - INFO -   trace  theoretical_prefix_cache_hit=95.4%
2026-10-09 19:19:35.016 - records_manager - INFO -   srv    prefix_cache_hit=85.2% unique_in_srv=23,299,208 ext_cache_hit=68.6% kv_usage=93.3% queue=18r/0w tput_in_srv=115,833/s tput_out_srv=817/s
2026-10-09 19:20:10.413 - records_manager - INFO - [realtime 23:18 profiling]
2026-10-09 19:20:10.413 - records_manager - INFO -   rps=0.5 (avg 0.7)  tput_in=56,469/s  tput_out=386/s  done=983 ok=983 err=0
2026-10-09 19:20:10.413 - records_manager - INFO -   ttft    p50=  516ms  p75=   971ms  p95=  7,034ms  p99=312,755ms
2026-10-09 19:20:10.413 - records_manager - INFO -   itl     p50=   43ms  p75=    47ms  p95=     58ms  p99=     69ms
2026-10-09 19:20:10.413 - records_manager - INFO -   e2e     p50=8,594ms  p75=21,454ms  p95=160,323ms  p99=390,740ms
2026-10-09 19:20:10.413 - records_manager - INFO -   intvty  p50=     23  p75=      28  p95=      119  p99=      144  (1/tpot tok/s)
2026-10-09 19:20:10.413 - records_manager - INFO -   isl     p50= 69,223  p75= 105,496  p90=  148,806  p99=  213,552  (tokens)
2026-10-09 19:20:10.413 - records_manager - INFO -   osl     p50=    206  p75=     470  p90=    1,144  p99=    6,020  (tokens)
2026-10-09 19:20:10.413 - records_manager - INFO -   tot     in=78,457,072  out=535,965
2026-10-09 19:20:10.413 - records_manager - INFO -   trace  theoretical_prefix_cache_hit=95.5%
2026-10-09 19:20:10.413 - records_manager - INFO -   srv    prefix_cache_hit=85.4% unique_in_srv=23,574,766 ext_cache_hit=68.6% kv_usage=92.9% queue=18r/0w tput_in_srv=115,683/s tput_out_srv=817/s
2026-10-09 19:20:45.508 - records_manager - INFO - [realtime 23:53 profiling]
2026-10-09 19:20:45.508 - records_manager - INFO -   rps=0.6 (avg 0.7)  tput_in=56,372/s  tput_out=381/s  done=1,004 ok=1,004 err=0
2026-10-09 19:20:45.508 - records_manager - INFO -   ttft    p50=  518ms  p75=   970ms  p95=  7,365ms  p99=307,933ms
2026-10-09 19:20:45.508 - records_manager - INFO -   itl     p50=   43ms  p75=    47ms  p95=     57ms  p99=     69ms
2026-10-09 19:20:45.508 - records_manager - INFO -   e2e     p50=8,751ms  p75=21,505ms  p95=160,298ms  p99=386,415ms
2026-10-09 19:20:45.508 - records_manager - INFO -   intvty  p50=     23  p75=      27  p95=      118  p99=      144  (1/tpot tok/s)
2026-10-09 19:20:45.508 - records_manager - INFO -   isl     p50= 69,460  p75= 106,319  p90=  149,468  p99=  213,135  (tokens)
2026-10-09 19:20:45.508 - records_manager - INFO -   osl     p50=    207  p75=     469  p90=    1,135  p99=    5,990  (tokens)
2026-10-09 19:20:45.508 - records_manager - INFO -   tot     in=80,386,374  out=542,850
2026-10-09 19:20:45.509 - records_manager - INFO -   trace  theoretical_prefix_cache_hit=95.5%
2026-10-09 19:20:45.509 - records_manager - INFO -   srv    prefix_cache_hit=85.7% unique_in_srv=23,677,276 ext_cache_hit=68.3% kv_usage=99.3% queue=20r/0w tput_in_srv=115,785/s tput_out_srv=817/s
2026-10-09 19:21:20.921 - records_manager - INFO - [realtime 24:28 profiling]
2026-10-09 19:21:20.921 - records_manager - INFO -   rps=0.4 (avg 0.7)  tput_in=56,137/s  tput_out=379/s  done=1,019 ok=1,019 err=0
2026-10-09 19:21:20.921 - records_manager - INFO -   ttft    p50=  518ms  p75=   961ms  p95=  7,088ms  p99=295,354ms
2026-10-09 19:21:20.921 - records_manager - INFO -   itl     p50=   43ms  p75=    47ms  p95=     57ms  p99=     69ms
2026-10-09 19:21:20.921 - records_manager - INFO -   e2e     p50=8,918ms  p75=21,639ms  p95=159,918ms  p99=380,905ms
2026-10-09 19:21:20.921 - records_manager - INFO -   intvty  p50=     23  p75=      27  p95=      118  p99=      144  (1/tpot tok/s)
2026-10-09 19:21:20.921 - records_manager - INFO -   isl     p50= 69,575  p75= 106,832  p90=  150,501  p99=  214,829  (tokens)
2026-10-09 19:21:20.921 - records_manager - INFO -   osl     p50=    209  p75=     473  p90=    1,141  p99=    5,919  (tokens)
2026-10-09 19:21:20.921 - records_manager - INFO -   tot     in=82,038,633  out=553,269
2026-10-09 19:21:20.921 - records_manager - INFO -   trace  theoretical_prefix_cache_hit=95.5%
2026-10-09 19:21:20.921 - records_manager - INFO -   srv    prefix_cache_hit=85.9% unique_in_srv=23,728,148 ext_cache_hit=68.1% kv_usage=95.3% queue=17r/0w tput_in_srv=115,049/s tput_out_srv=818/s
2026-10-09 19:21:27.830 - aiperf.timing.replay_dependencies - INFO - Per-trace idle cap advanced replay root 71c6910d-f79b-4c59-ab74-da487e19f1d2 by 914.897s
2026-10-09 19:21:32.158 - EventLoopMonitor - WARNING - Event loop for worker_7d7e3ae6 is taking too long to run. Overhead: 26.93ms
2026-10-09 19:21:56.471 - records_manager - INFO - [realtime 25:04 profiling]
2026-10-09 19:21:56.471 - records_manager - INFO -   rps=0.5 (avg 0.7)  tput_in=56,288/s  tput_out=383/s  done=1,035 ok=1,035 err=0
2026-10-09 19:21:56.472 - records_manager - INFO -   ttft    p50=  519ms  p75=   955ms  p95=  6,929ms  p99=281,937ms
2026-10-09 19:21:56.472 - records_manager - INFO -   itl     p50=   43ms  p75=    47ms  p95=     57ms  p99=     69ms
2026-10-09 19:21:56.472 - records_manager - INFO -   e2e     p50=9,055ms  p75=21,639ms  p95=161,555ms  p99=399,334ms
2026-10-09 19:21:56.472 - records_manager - INFO -   intvty  p50=     23  p75=      27  p95=      118  p99=      144  (1/tpot tok/s)
2026-10-09 19:21:56.472 - records_manager - INFO -   isl     p50= 69,937  p75= 107,230  p90=  153,751  p99=  217,634  (tokens)
2026-10-09 19:21:56.473 - records_manager - INFO -   osl     p50=    210  p75=     473  p90=    1,147  p99=    6,062  (tokens)
2026-10-09 19:21:56.473 - records_manager - INFO -   tot     in=84,039,948  out=572,477
2026-10-09 19:21:56.473 - records_manager - INFO -   trace  theoretical_prefix_cache_hit=95.6%
2026-10-09 19:21:56.473 - records_manager - INFO -   srv    prefix_cache_hit=86.2% unique_in_srv=23,827,222 ext_cache_hit=67.8% kv_usage=92.0% queue=16r/0w tput_in_srv=114,940/s tput_out_srv=816/s
2026-10-09 19:22:32.010 - records_manager - INFO - [realtime 25:39 profiling]
2026-10-09 19:22:32.010 - records_manager - INFO -   rps=0.3 (avg 0.7)  tput_in=55,532/s  tput_out=376/s  done=1,045 ok=1,045 err=0
2026-10-09 19:22:32.010 - records_manager - INFO -   ttft    p50=  520ms  p75=   950ms  p95=  7,016ms  p99=273,552ms
2026-10-09 19:22:32.010 - records_manager - INFO -   itl     p50=   43ms  p75=    47ms  p95=     57ms  p99=     69ms
2026-10-09 19:22:32.010 - records_manager - INFO -   e2e     p50=9,068ms  p75=21,643ms  p95=160,273ms  p99=397,544ms
2026-10-09 19:22:32.010 - records_manager - INFO -   intvty  p50=     23  p75=      27  p95=      118  p99=      144  (1/tpot tok/s)
2026-10-09 19:22:32.011 - records_manager - INFO -   isl     p50= 69,938  p75= 107,425  p90=  154,874  p99=  217,594  (tokens)
2026-10-09 19:22:32.011 - records_manager - INFO -   osl     p50=    212  p75=     473  p90=    1,147  p99=    6,053  (tokens)
2026-10-09 19:22:32.011 - records_manager - INFO -   tot     in=85,159,089  out=576,250
2026-10-09 19:22:32.011 - records_manager - INFO -   trace  theoretical_prefix_cache_hit=95.6%
2026-10-09 19:22:32.011 - records_manager - INFO -   srv    prefix_cache_hit=86.1% unique_in_srv=24,261,150 ext_cache_hit=68.3% kv_usage=96.5% queue=17r/0w tput_in_srv=113,570/s tput_out_srv=815/s
2026-10-09 19:23:07.622 - records_manager - INFO - [realtime 26:15 profiling]
2026-10-09 19:23:07.622 - records_manager - INFO -   rps=0.3 (avg 0.7)  tput_in=55,063/s  tput_out=373/s  done=1,054 ok=1,054 err=0
2026-10-09 19:23:07.623 - records_manager - INFO -   ttft    p50=  524ms  p75=   972ms  p95=  6,938ms  p99=266,005ms
2026-10-09 19:23:07.623 - records_manager - INFO -   itl     p50=   43ms  p75=    47ms  p95=     57ms  p99=     69ms
2026-10-09 19:23:07.623 - records_manager - INFO -   e2e     p50=9,150ms  p75=21,742ms  p95=161,752ms  p99=395,932ms
2026-10-09 19:23:07.623 - records_manager - INFO -   intvty  p50=     23  p75=      27  p95=      118  p99=      144  (1/tpot tok/s)
2026-10-09 19:23:07.623 - records_manager - INFO -   isl     p50= 70,332  p75= 107,610  p90=  155,863  p99=  218,074  (tokens)
2026-10-09 19:23:07.623 - records_manager - INFO -   osl     p50=    214  p75=     476  p90=    1,171  p99=    6,045  (tokens)
2026-10-09 19:23:07.623 - records_manager - INFO -   tot     in=86,388,599  out=585,749
2026-10-09 19:23:07.623 - records_manager - INFO -   trace  theoretical_prefix_cache_hit=95.6%
2026-10-09 19:23:07.623 - records_manager - INFO -   srv    prefix_cache_hit=86.1% unique_in_srv=24,617,768 ext_cache_hit=68.7% kv_usage=89.9% queue=15r/0w tput_in_srv=112,648/s tput_out_srv=815/s
2026-10-09 19:23:11.363 - EventLoopMonitor - WARNING - Event loop for worker_7d7e3ae6 is taking too long to run. Overhead: 90.43ms
2026-10-09 19:23:43.364 - records_manager - INFO - [realtime 26:51 profiling]
2026-10-09 19:23:43.364 - records_manager - INFO -   rps=0.4 (avg 0.7)  tput_in=55,178/s  tput_out=382/s  done=1,068 ok=1,068 err=0
2026-10-09 19:23:43.365 - records_manager - INFO -   ttft    p50=  530ms  p75=   972ms  p95=  6,990ms  p99=254,265ms
2026-10-09 19:23:43.365 - records_manager - INFO -   itl     p50=   43ms  p75=    47ms  p95=     57ms  p99=     68ms
2026-10-09 19:23:43.365 - records_manager - INFO -   e2e     p50=9,254ms  p75=21,950ms  p95=164,888ms  p99=407,692ms
2026-10-09 19:23:43.365 - records_manager - INFO -   intvty  p50=     23  p75=      27  p95=      117  p99=      144  (1/tpot tok/s)
2026-10-09 19:23:43.365 - records_manager - INFO -   isl     p50= 71,196  p75= 108,482  p90=  157,227  p99=  219,428  (tokens)
2026-10-09 19:23:43.365 - records_manager - INFO -   osl     p50=    218  p75=     483  p90=    1,180  p99=    6,152  (tokens)
2026-10-09 19:23:43.365 - records_manager - INFO -   tot     in=88,380,036  out=611,776
2026-10-09 19:23:43.365 - records_manager - INFO -   trace  theoretical_prefix_cache_hit=95.7%
2026-10-09 19:23:43.365 - records_manager - INFO -   srv    prefix_cache_hit=86.2% unique_in_srv=24,866,188 ext_cache_hit=68.8% kv_usage=78.9% queue=14r/0w tput_in_srv=112,277/s tput_out_srv=814/s
2026-10-09 19:24:20.543 - records_manager - INFO - [realtime 27:28 profiling]
2026-10-09 19:24:20.543 - records_manager - INFO -   rps=0.3 (avg 0.7)  tput_in=54,941/s  tput_out=379/s  done=1,080 ok=1,080 err=0
2026-10-09 19:24:20.544 - records_manager - INFO -   ttft    p50=  532ms  p75=   972ms  p95=  7,429ms  p99=244,202ms
2026-10-09 19:24:20.544 - records_manager - INFO -   itl     p50=   43ms  p75=    47ms  p95=     57ms  p99=     68ms
2026-10-09 19:24:20.544 - records_manager - INFO -   e2e     p50=9,311ms  p75=22,392ms  p95=165,486ms  p99=406,866ms
2026-10-09 19:24:20.544 - records_manager - INFO -   intvty  p50=     24  p75=      26  p95=      117  p99=      144  (1/tpot tok/s)
2026-10-09 19:24:20.544 - records_manager - INFO -   isl     p50= 71,552  p75= 109,094  p90=  159,649  p99=  220,732  (tokens)
2026-10-09 19:24:20.544 - records_manager - INFO -   osl     p50=    220  p75=     494  p90=    1,193  p99=    6,130  (tokens)
2026-10-09 19:24:20.544 - records_manager - INFO -   tot     in=90,078,682  out=621,105
2026-10-09 19:24:20.544 - records_manager - INFO -   trace  theoretical_prefix_cache_hit=95.7%
2026-10-09 19:24:20.544 - records_manager - INFO -   srv    prefix_cache_hit=86.0% unique_in_srv=25,672,814 ext_cache_hit=69.4% kv_usage=82.6% queue=15r/0w tput_in_srv=111,978/s tput_out_srv=812/s
2026-10-09 19:24:56.766 - records_manager - INFO - [realtime 28:04 profiling]
2026-10-09 19:24:56.766 - records_manager - INFO -   rps=0.4 (avg 0.7)  tput_in=54,991/s  tput_out=392/s  done=1,096 ok=1,096 err=0
2026-10-09 19:24:56.766 - records_manager - INFO -   ttft    p50=  536ms  p75=   985ms  p95=  7,802ms  p99=310,957ms
2026-10-09 19:24:56.766 - records_manager - INFO -   itl     p50=   43ms  p75=    46ms  p95=     57ms  p99=     68ms
2026-10-09 19:24:56.766 - records_manager - INFO -   e2e     p50=9,658ms  p75=23,239ms  p95=173,470ms  p99=412,888ms
2026-10-09 19:24:56.766 - records_manager - INFO -   intvty  p50=     23  p75=      26  p95=      117  p99=      144  (1/tpot tok/s)
2026-10-09 19:24:56.766 - records_manager - INFO -   isl     p50= 72,466  p75= 109,395  p90=  160,673  p99=  227,184  (tokens)
2026-10-09 19:24:56.766 - records_manager - INFO -   osl     p50=    223  p75=     500  p90=    1,222  p99=    6,455  (tokens)
2026-10-09 19:24:56.766 - records_manager - INFO -   tot     in=92,095,818  out=656,639
2026-10-09 19:24:56.766 - records_manager - INFO -   trace  theoretical_prefix_cache_hit=95.7%
2026-10-09 19:24:56.766 - records_manager - INFO -   srv    prefix_cache_hit=86.1% unique_in_srv=26,079,942 ext_cache_hit=69.0% kv_usage=84.0% queue=15r/0w tput_in_srv=111,974/s tput_out_srv=809/s
2026-10-09 19:25:32.783 - records_manager - INFO - [realtime 28:40 profiling]
2026-10-09 19:25:32.784 - records_manager - INFO -   rps=0.4 (avg 0.6)  tput_in=54,534/s  tput_out=386/s  done=1,109 ok=1,109 err=0
2026-10-09 19:25:32.784 - records_manager - INFO -   ttft    p50=  540ms  p75=   984ms  p95=  7,855ms  p99=319,807ms
2026-10-09 19:25:32.784 - records_manager - INFO -   itl     p50=   43ms  p75=    46ms  p95=     57ms  p99=     68ms
2026-10-09 19:25:32.784 - records_manager - INFO -   e2e     p50=9,737ms  p75=23,256ms  p95=174,391ms  p99=423,102ms
2026-10-09 19:25:32.784 - records_manager - INFO -   intvty  p50=     24  p75=      26  p95=      116  p99=      144  (1/tpot tok/s)
2026-10-09 19:25:32.784 - records_manager - INFO -   isl     p50= 72,894  p75= 109,706  p90=  160,913  p99=  226,599  (tokens)
2026-10-09 19:25:32.784 - records_manager - INFO -   osl     p50=    224  p75=     501  p90=    1,221  p99=    6,429  (tokens)
2026-10-09 19:25:32.784 - records_manager - INFO -   tot     in=93,501,205  out=662,516
2026-10-09 19:25:32.784 - records_manager - INFO -   trace  theoretical_prefix_cache_hit=95.7%
2026-10-09 19:25:32.784 - records_manager - INFO -   srv    prefix_cache_hit=86.0% unique_in_srv=26,706,092 ext_cache_hit=69.1% kv_usage=89.2% queue=17r/0w tput_in_srv=111,194/s tput_out_srv=808/s
2026-10-09 19:26:09.027 - records_manager - INFO - [realtime 29:16 profiling]
2026-10-09 19:26:09.027 - records_manager - INFO -   rps=0.3 (avg 0.6)  tput_in=54,137/s  tput_out=383/s  done=1,121 ok=1,121 err=0
2026-10-09 19:26:09.027 - records_manager - INFO -   ttft    p50=  543ms  p75=   986ms  p95=  9,288ms  p99=384,045ms
2026-10-09 19:26:09.027 - records_manager - INFO -   itl     p50=   43ms  p75=    46ms  p95=     57ms  p99=     69ms
2026-10-09 19:26:09.027 - records_manager - INFO -   e2e     p50=9,760ms  p75=23,819ms  p95=177,260ms  p99=428,178ms
2026-10-09 19:26:09.028 - records_manager - INFO -   intvty  p50=     24  p75=      26  p95=      116  p99=      144  (1/tpot tok/s)
2026-10-09 19:26:09.028 - records_manager - INFO -   isl     p50= 73,496  p75= 110,589  p90=  160,874  p99=  225,861  (tokens)
2026-10-09 19:26:09.028 - records_manager - INFO -   osl     p50=    224  p75=     505  p90=    1,221  p99=    6,409  (tokens)
2026-10-09 19:26:09.028 - records_manager - INFO -   tot     in=94,738,724  out=670,101
2026-10-09 19:26:09.028 - records_manager - INFO -   trace  theoretical_prefix_cache_hit=95.7%
2026-10-09 19:26:09.028 - records_manager - INFO -   srv    prefix_cache_hit=85.7% unique_in_srv=27,609,702 ext_cache_hit=68.7% kv_usage=86.5% queue=15r/0w tput_in_srv=110,434/s tput_out_srv=803/s
2026-10-09 19:26:45.531 - records_manager - INFO - [realtime 29:53 profiling]
2026-10-09 19:26:45.531 - records_manager - INFO -   rps=0.6 (avg 0.6)  tput_in=54,504/s  tput_out=390/s  done=1,143 ok=1,143 err=0
2026-10-09 19:26:45.532 - records_manager - INFO -   ttft    p50=  549ms  p75=   988ms  p95= 10,274ms  p99=400,733ms
2026-10-09 19:26:45.532 - records_manager - INFO -   itl     p50=   43ms  p75=    46ms  p95=     57ms  p99=     69ms
2026-10-09 19:26:45.532 - records_manager - INFO -   e2e     p50=9,810ms  p75=24,167ms  p95=177,768ms  p99=462,867ms
2026-10-09 19:26:45.532 - records_manager - INFO -   intvty  p50=     23  p75=      26  p95=      115  p99=      144  (1/tpot tok/s)
2026-10-09 19:26:45.532 - records_manager - INFO -   isl     p50= 74,028  p75= 111,628  p90=  162,298  p99=  224,508  (tokens)
2026-10-09 19:26:45.532 - records_manager - INFO -   osl     p50=    225  p75=     507  p90=    1,238  p99=    6,582  (tokens)
2026-10-09 19:26:45.532 - records_manager - INFO -   tot     in=97,301,792  out=697,064
2026-10-09 19:26:45.532 - records_manager - INFO -   trace  theoretical_prefix_cache_hit=95.6%
2026-10-09 19:26:45.532 - records_manager - INFO -   srv    prefix_cache_hit=85.8% unique_in_srv=28,171,054 ext_cache_hit=68.9% kv_usage=83.4% queue=14r/0w tput_in_srv=111,014/s tput_out_srv=802/s
2026-10-09 19:27:22.249 - records_manager - INFO - [realtime 30:30 profiling]
2026-10-09 19:27:22.249 - records_manager - INFO -   rps=0.5 (avg 0.6)  tput_in=54,615/s  tput_out=389/s  done=1,163 ok=1,163 err=0
2026-10-09 19:27:22.249 - records_manager - INFO -   ttft    p50=  555ms  p75=   987ms  p95= 10,115ms  p99=397,156ms
2026-10-09 19:27:22.250 - records_manager - INFO -   itl     p50=   43ms  p75=    46ms  p95=     57ms  p99=     69ms
2026-10-09 19:27:22.250 - records_manager - INFO -   e2e     p50=9,868ms  p75=24,305ms  p95=177,209ms  p99=456,069ms
2026-10-09 19:27:22.250 - records_manager - INFO -   intvty  p50=     23  p75=      26  p95=      115  p99=      144  (1/tpot tok/s)
2026-10-09 19:27:22.250 - records_manager - INFO -   isl     p50= 74,800  p75= 112,048  p90=  163,754  p99=  223,279  (tokens)
2026-10-09 19:27:22.250 - records_manager - INFO -   osl     p50=    227  p75=     510  p90=    1,241  p99=    6,534  (tokens)
2026-10-09 19:27:22.250 - records_manager - INFO -   tot     in=99,530,652  out=708,306
2026-10-09 19:27:22.250 - records_manager - INFO -   trace  theoretical_prefix_cache_hit=95.6%
2026-10-09 19:27:22.250 - records_manager - INFO -   srv    prefix_cache_hit=85.9% unique_in_srv=28,609,416 ext_cache_hit=68.4% kv_usage=90.9% queue=18r/0w tput_in_srv=111,385/s tput_out_srv=800/s
2026-10-09 19:27:59.104 - records_manager - INFO - [realtime 31:06 profiling]
2026-10-09 19:27:59.104 - records_manager - INFO -   rps=0.4 (avg 0.6)  tput_in=54,408/s  tput_out=384/s  done=1,179 ok=1,179 err=0
2026-10-09 19:27:59.105 - records_manager - INFO -   ttft    p50=  557ms  p75=   987ms  p95= 10,172ms  p99=394,295ms
2026-10-09 19:27:59.105 - records_manager - INFO -   itl     p50=   43ms  p75=    46ms  p95=     57ms  p99=     69ms
2026-10-09 19:27:59.105 - records_manager - INFO -   e2e     p50=9,923ms  p75=24,176ms  p95=176,801ms  p99=450,630ms
2026-10-09 19:27:59.105 - records_manager - INFO -   intvty  p50=     23  p75=      26  p95=      114  p99=      144  (1/tpot tok/s)
2026-10-09 19:27:59.105 - records_manager - INFO -   isl     p50= 74,800  p75= 112,240  p90=  164,312  p99=  222,295  (tokens)
2026-10-09 19:27:59.106 - records_manager - INFO -   osl     p50=    229  p75=     508  p90=    1,231  p99=    6,496  (tokens)
2026-10-09 19:27:59.106 - records_manager - INFO -   tot     in=101,198,481  out=713,833
2026-10-09 19:27:59.106 - records_manager - INFO -   trace  theoretical_prefix_cache_hit=95.6%
2026-10-09 19:27:59.106 - records_manager - INFO -   srv    prefix_cache_hit=85.8% unique_in_srv=29,302,346 ext_cache_hit=68.9% kv_usage=90.0% queue=17r/0w tput_in_srv=110,965/s tput_out_srv=801/s
2026-10-09 19:28:36.072 - records_manager - INFO - [realtime 31:43 profiling]
2026-10-09 19:28:36.072 - records_manager - INFO -   rps=0.5 (avg 0.6)  tput_in=54,666/s  tput_out=390/s  done=1,197 ok=1,197 err=0
2026-10-09 19:28:36.072 - records_manager - INFO -   ttft    p50=   561ms  p75=   989ms  p95=  9,939ms  p99=391,076ms
2026-10-09 19:28:36.072 - records_manager - INFO -   itl     p50=    42ms  p75=    46ms  p95=     57ms  p99=     69ms
2026-10-09 19:28:36.073 - records_manager - INFO -   e2e     p50=10,279ms  p75=24,411ms  p95=176,852ms  p99=444,512ms
2026-10-09 19:28:36.073 - records_manager - INFO -   intvty  p50=      24  p75=      26  p95=      113  p99=      143  (1/tpot tok/s)
2026-10-09 19:28:36.073 - records_manager - INFO -   isl     p50=  75,593  p75= 113,407  p90=  165,311  p99=  221,188  (tokens)
2026-10-09 19:28:36.073 - records_manager - INFO -   osl     p50=     232  p75=     516  p90=    1,249  p99=    6,703  (tokens)
2026-10-09 19:28:36.073 - records_manager - INFO -   tot     in=103,456,053  out=737,359
2026-10-09 19:28:36.073 - records_manager - INFO -   trace  theoretical_prefix_cache_hit=95.6%
2026-10-09 19:28:36.073 - records_manager - INFO -   srv    prefix_cache_hit=85.7% unique_in_srv=30,171,500 ext_cache_hit=69.0% kv_usage=97.9% queue=16r/0w tput_in_srv=111,402/s tput_out_srv=797/s
2026-10-09 19:29:13.092 - records_manager - INFO - [realtime 32:20 profiling]
2026-10-09 19:29:13.092 - records_manager - INFO -   rps=0.4 (avg 0.6)  tput_in=54,505/s  tput_out=385/s  done=1,213 ok=1,213 err=0
2026-10-09 19:29:13.092 - records_manager - INFO -   ttft    p50=   563ms  p75=   990ms  p95= 10,225ms  p99=406,098ms
2026-10-09 19:29:13.092 - records_manager - INFO -   itl     p50=    43ms  p75=    46ms  p95=     57ms  p99=     69ms
2026-10-09 19:29:13.092 - records_manager - INFO -   e2e     p50=10,302ms  p75=24,548ms  p95=176,954ms  p99=473,064ms
2026-10-09 19:29:13.093 - records_manager - INFO -   intvty  p50=      24  p75=      26  p95=      113  p99=      143  (1/tpot tok/s)
2026-10-09 19:29:13.093 - records_manager - INFO -   isl     p50=  76,125  p75= 113,905  p90=  166,051  p99=  220,910  (tokens)
2026-10-09 19:29:13.093 - records_manager - INFO -   osl     p50=     232  p75=     516  p90=    1,243  p99=    6,653  (tokens)
2026-10-09 19:29:13.093 - records_manager - INFO -   tot     in=105,297,158  out=743,404
2026-10-09 19:29:13.093 - records_manager - INFO -   trace  theoretical_prefix_cache_hit=95.6%
2026-10-09 19:29:13.093 - records_manager - INFO -   srv    prefix_cache_hit=85.8% unique_in_srv=30,448,388 ext_cache_hit=68.8% kv_usage=86.9% queue=16r/0w tput_in_srv=110,908/s tput_out_srv=796/s
2026-10-09 19:29:50.205 - records_manager - INFO - [realtime 32:58 profiling]
2026-10-09 19:29:50.205 - records_manager - INFO -   rps=0.4 (avg 0.6)  tput_in=54,232/s  tput_out=381/s  done=1,228 ok=1,228 err=0
2026-10-09 19:29:50.205 - records_manager - INFO -   ttft    p50=   565ms  p75=   999ms  p95= 10,060ms  p99=403,415ms
2026-10-09 19:29:50.205 - records_manager - INFO -   itl     p50=    43ms  p75=    47ms  p95=     57ms  p99=     69ms
2026-10-09 19:29:50.205 - records_manager - INFO -   e2e     p50=10,318ms  p75=24,539ms  p95=176,741ms  p99=467,965ms
2026-10-09 19:29:50.205 - records_manager - INFO -   intvty  p50=      23  p75=      26  p95=      112  p99=      143  (1/tpot tok/s)
2026-10-09 19:29:50.205 - records_manager - INFO -   isl     p50=  76,234  p75= 113,930  p90=  165,308  p99=  220,870  (tokens)
2026-10-09 19:29:50.205 - records_manager - INFO -   osl     p50=     232  p75=     514  p90=    1,242  p99=    6,617  (tokens)
2026-10-09 19:29:50.205 - records_manager - INFO -   tot     in=106,662,357  out=748,910
2026-10-09 19:29:50.205 - records_manager - INFO -   trace  theoretical_prefix_cache_hit=95.6%
2026-10-09 19:29:50.205 - records_manager - INFO -   srv    prefix_cache_hit=85.6% unique_in_srv=31,352,908 ext_cache_hit=69.2% kv_usage=98.7% queue=16r/2w tput_in_srv=110,470/s tput_out_srv=794/s
2026-10-09 19:30:27.371 - records_manager - INFO - [realtime 33:35 profiling]
2026-10-09 19:30:27.371 - records_manager - INFO -   rps=0.2 (avg 0.6)  tput_in=53,872/s  tput_out=380/s  done=1,237 ok=1,237 err=0
2026-10-09 19:30:27.371 - records_manager - INFO -   ttft    p50=   565ms  p75= 1,003ms  p95=  9,939ms  p99=401,806ms
2026-10-09 19:30:27.371 - records_manager - INFO -   itl     p50=    43ms  p75=    47ms  p95=     57ms  p99=     69ms
2026-10-09 19:30:27.371 - records_manager - INFO -   e2e     p50=10,333ms  p75=24,548ms  p95=176,852ms  p99=464,906ms
2026-10-09 19:30:27.371 - records_manager - INFO -   intvty  p50=      23  p75=      26  p95=      112  p99=      142  (1/tpot tok/s)
2026-10-09 19:30:27.371 - records_manager - INFO -   isl     p50=  76,263  p75= 114,121  p90=  165,690  p99=  220,846  (tokens)
2026-10-09 19:30:27.371 - records_manager - INFO -   osl     p50=     232  p75=     516  p90=    1,249  p99=    6,756  (tokens)
2026-10-09 19:30:27.371 - records_manager - INFO -   tot     in=107,602,865  out=758,940
2026-10-09 19:30:27.371 - records_manager - INFO -   trace  theoretical_prefix_cache_hit=95.6%
2026-10-09 19:30:27.371 - records_manager - INFO -   srv    prefix_cache_hit=85.5% unique_in_srv=31,899,368 ext_cache_hit=69.6% kv_usage=96.7% queue=15r/3w tput_in_srv=109,320/s tput_out_srv=794/s
2026-10-09 19:30:37.766 - aiperf.timing.replay_dependencies - INFO - Per-trace idle cap advanced replay root ad691f9b-5a37-4c91-b77f-cb2df5886ab0 by 421.824s
2026-10-09 19:31:04.743 - records_manager - INFO - [realtime 34:12 profiling]
2026-10-09 19:31:04.744 - records_manager - INFO -   rps=0.4 (avg 0.6)  tput_in=53,499/s  tput_out=380/s  done=1,252 ok=1,252 err=0
2026-10-09 19:31:04.744 - records_manager - INFO -   ttft    p50=   572ms  p75= 1,014ms  p95= 11,353ms  p99=399,123ms
2026-10-09 19:31:04.744 - records_manager - INFO -   itl     p50=    43ms  p75=    46ms  p95=     57ms  p99=     69ms
2026-10-09 19:31:04.744 - records_manager - INFO -   e2e     p50=10,637ms  p75=25,419ms  p95=176,980ms  p99=459,807ms
2026-10-09 19:31:04.744 - records_manager - INFO -   intvty  p50=      23  p75=      26  p95=      112  p99=      142  (1/tpot tok/s)
2026-10-09 19:31:04.744 - records_manager - INFO -   isl     p50=  76,544  p75= 114,334  p90=  166,534  p99=  220,806  (tokens)
2026-10-09 19:31:04.744 - records_manager - INFO -   osl     p50=     234  p75=     534  p90=    1,270  p99=    6,738  (tokens)
2026-10-09 19:31:04.744 - records_manager - INFO -   tot     in=109,314,369  out=777,166
2026-10-09 19:31:04.744 - records_manager - INFO -   trace  theoretical_prefix_cache_hit=95.6%
2026-10-09 19:31:04.744 - records_manager - INFO -   srv    prefix_cache_hit=84.8% unique_in_srv=33,886,174 ext_cache_hit=71.2% kv_usage=87.2% queue=14r/0w tput_in_srv=108,809/s tput_out_srv=793/s
2026-10-09 19:31:42.183 - records_manager - INFO - [realtime 34:50 profiling]
2026-10-09 19:31:42.183 - records_manager - INFO -   rps=0.3 (avg 0.6)  tput_in=53,055/s  tput_out=378/s  done=1,262 ok=1,262 err=0
2026-10-09 19:31:42.183 - records_manager - INFO -   ttft    p50=   571ms  p75= 1,012ms  p95= 11,092ms  p99=397,335ms
2026-10-09 19:31:42.183 - records_manager - INFO -   itl     p50=    43ms  p75=    46ms  p95=     57ms  p99=     69ms
2026-10-09 19:31:42.184 - records_manager - INFO -   e2e     p50=10,472ms  p75=25,446ms  p95=177,235ms  p99=456,408ms
2026-10-09 19:31:42.184 - records_manager - INFO -   intvty  p50=      23  p75=      26  p95=      112  p99=      142  (1/tpot tok/s)
2026-10-09 19:31:42.184 - records_manager - INFO -   isl     p50=  76,429  p75= 114,365  p90=  167,353  p99=  220,780  (tokens)
2026-10-09 19:31:42.184 - records_manager - INFO -   osl     p50=     233  p75=     535  p90=    1,270  p99=    6,727  (tokens)
2026-10-09 19:31:42.184 - records_manager - INFO -   tot     in=110,243,250  out=786,318
2026-10-09 19:31:42.184 - records_manager - INFO -   trace  theoretical_prefix_cache_hit=95.7%
2026-10-09 19:31:42.184 - records_manager - INFO -   srv    prefix_cache_hit=84.8% unique_in_srv=34,090,308 ext_cache_hit=71.2% kv_usage=97.2% queue=15r/2w tput_in_srv=107,976/s tput_out_srv=792/s
2026-10-09 19:32:14.598 - aiperf.timing.replay_dependencies - INFO - Per-trace idle cap advanced replay root a0774008-93be-4ec3-bc0a-32ff01002bf1 by 1077.567s
2026-10-09 19:32:19.801 - records_manager - INFO - [realtime 35:27 profiling]
2026-10-09 19:32:19.801 - records_manager - INFO -   rps=0.3 (avg 0.6)  tput_in=52,725/s  tput_out=376/s  done=1,273 ok=1,273 err=0
2026-10-09 19:32:19.801 - records_manager - INFO -   ttft    p50=   576ms  p75= 1,017ms  p95= 11,329ms  p99=408,902ms
2026-10-09 19:32:19.802 - records_manager - INFO -   itl     p50=    43ms  p75=    46ms  p95=     57ms  p99=     69ms
2026-10-09 19:32:19.802 - records_manager - INFO -   e2e     p50=10,715ms  p75=25,899ms  p95=178,386ms  p99=480,824ms
2026-10-09 19:32:19.802 - records_manager - INFO -   intvty  p50=      24  p75=      26  p95=      112  p99=      141  (1/tpot tok/s)
2026-10-09 19:32:19.802 - records_manager - INFO -   isl     p50=  76,701  p75= 115,068  p90=  167,635  p99=  220,750  (tokens)
2026-10-09 19:32:19.802 - records_manager - INFO -   osl     p50=     234  p75=     539  p90=    1,290  p99=    6,714  (tokens)
2026-10-09 19:32:19.802 - records_manager - INFO -   tot     in=111,722,506  out=797,576
2026-10-09 19:32:19.802 - records_manager - INFO -   trace  theoretical_prefix_cache_hit=95.7%
2026-10-09 19:32:19.802 - records_manager - INFO -   srv    prefix_cache_hit=84.3% unique_in_srv=35,697,344 ext_cache_hit=71.4% kv_usage=96.6% queue=15r/2w tput_in_srv=107,194/s tput_out_srv=788/s
2026-10-09 19:32:45.401 - aiperf.timing.replay_dependencies - INFO - Per-trace idle cap advanced replay root 5e2feba2-1474-4d13-baf0-8046d5259c3f by 643.011s
2026-10-09 19:32:57.620 - records_manager - INFO - [realtime 36:05 profiling]
2026-10-09 19:32:57.620 - records_manager - INFO -   rps=0.3 (avg 0.6)  tput_in=52,537/s  tput_out=376/s  done=1,283 ok=1,283 err=0
2026-10-09 19:32:57.620 - records_manager - INFO -   ttft    p50=   579ms  p75= 1,031ms  p95= 12,049ms  p99=421,467ms
2026-10-09 19:32:57.620 - records_manager - INFO -   itl     p50=    43ms  p75=    46ms  p95=     57ms  p99=     69ms
2026-10-09 19:32:57.620 - records_manager - INFO -   e2e     p50=10,900ms  p75=26,531ms  p95=180,578ms  p99=543,215ms
2026-10-09 19:32:57.620 - records_manager - INFO -   intvty  p50=      23  p75=      26  p95=      112  p99=      141  (1/tpot tok/s)
2026-10-09 19:32:57.621 - records_manager - INFO -   isl     p50=  76,977  p75= 116,168  p90=  168,054  p99=  222,049  (tokens)
2026-10-09 19:32:57.621 - records_manager - INFO -   osl     p50=     236  p75=     544  p90=    1,296  p99=    6,703  (tokens)
2026-10-09 19:32:57.621 - records_manager - INFO -   tot     in=113,159,597  out=810,898
2026-10-09 19:32:57.621 - records_manager - INFO -   trace  theoretical_prefix_cache_hit=95.7%
2026-10-09 19:32:57.621 - records_manager - INFO -   srv    prefix_cache_hit=83.3% unique_in_srv=38,364,472 ext_cache_hit=73.2% kv_usage=92.2% queue=14r/0w tput_in_srv=106,819/s tput_out_srv=786/s
2026-10-09 19:33:19.420 - aiperf.timing.replay_dependencies - INFO - Per-trace idle cap advanced replay root 5aa32b03-2d8a-407f-b3b5-535515bb8499 by 241505.220s
2026-10-09 19:33:35.409 - records_manager - INFO - [realtime 36:43 profiling]
2026-10-09 19:33:35.410 - records_manager - INFO -   rps=0.4 (avg 0.6)  tput_in=52,719/s  tput_out=385/s  done=1,298 ok=1,298 err=0
2026-10-09 19:33:35.410 - records_manager - INFO -   ttft    p50=   583ms  p75= 1,044ms  p95= 14,239ms  p99=466,368ms
2026-10-09 19:33:35.410 - records_manager - INFO -   itl     p50=    43ms  p75=    46ms  p95=     57ms  p99=     69ms
2026-10-09 19:33:35.410 - records_manager - INFO -   e2e     p50=10,994ms  p75=26,738ms  p95=183,980ms  p99=578,361ms
2026-10-09 19:33:35.410 - records_manager - INFO -   intvty  p50=      24  p75=      26  p95=      111  p99=      141  (1/tpot tok/s)
2026-10-09 19:33:35.410 - records_manager - INFO -   isl     p50=  77,961  p75= 116,537  p90=  168,777  p99=  228,971  (tokens)
2026-10-09 19:33:35.410 - records_manager - INFO -   osl     p50=     240  p75=     551  p90=    1,331  p99=    7,202  (tokens)
2026-10-09 19:33:35.410 - records_manager - INFO -   tot     in=115,432,648  out=844,077
2026-10-09 19:33:35.410 - records_manager - INFO -   trace  theoretical_prefix_cache_hit=95.7%
2026-10-09 19:33:35.410 - records_manager - INFO -   srv    prefix_cache_hit=83.2% unique_in_srv=39,321,778 ext_cache_hit=73.7% kv_usage=83.4% queue=12r/0w tput_in_srv=106,876/s tput_out_srv=786/s
2026-10-09 19:34:13.428 - records_manager - INFO - [realtime 37:21 profiling]
2026-10-09 19:34:13.428 - records_manager - INFO -   rps=0.5 (avg 0.6)  tput_in=52,527/s  tput_out=383/s  done=1,317 ok=1,317 err=0
2026-10-09 19:34:13.428 - records_manager - INFO -   ttft    p50=   585ms  p75= 1,052ms  p95= 19,660ms  p99=457,092ms
2026-10-09 19:34:13.428 - records_manager - INFO -   itl     p50=    42ms  p75=    46ms  p95=     57ms  p99=     69ms
2026-10-09 19:34:13.428 - records_manager - INFO -   e2e     p50=10,997ms  p75=26,867ms  p95=183,308ms  p99=571,064ms
2026-10-09 19:34:13.428 - records_manager - INFO -   intvty  p50=      24  p75=      26  p95=      111  p99=      140  (1/tpot tok/s)
2026-10-09 19:34:13.429 - records_manager - INFO -   isl     p50=  78,007  p75= 117,032  p90=  168,452  p99=  228,660  (tokens)
2026-10-09 19:34:13.429 - records_manager - INFO -   osl     p50=     240  p75=     551  p90=    1,332  p99=    7,136  (tokens)
2026-10-09 19:34:13.429 - records_manager - INFO -   tot     in=117,172,762  out=854,596
2026-10-09 19:34:13.429 - records_manager - INFO -   trace  theoretical_prefix_cache_hit=95.7%
2026-10-09 19:34:13.429 - records_manager - INFO -   srv    prefix_cache_hit=83.2% unique_in_srv=40,165,168 ext_cache_hit=73.7% kv_usage=91.1% queue=17r/0w tput_in_srv=106,715/s tput_out_srv=787/s
2026-10-09 19:34:51.617 - records_manager - INFO - [realtime 37:59 profiling]
2026-10-09 19:34:51.617 - records_manager - INFO -   rps=0.4 (avg 0.6)  tput_in=52,340/s  tput_out=381/s  done=1,332 ok=1,332 err=0
2026-10-09 19:34:51.619 - records_manager - INFO -   ttft    p50=   582ms  p75= 1,046ms  p95= 20,456ms  p99=448,996ms
2026-10-09 19:34:51.619 - records_manager - INFO -   itl     p50=    42ms  p75=    46ms  p95=     57ms  p99=     69ms
2026-10-09 19:34:51.619 - records_manager - INFO -   e2e     p50=10,994ms  p75=27,034ms  p95=183,376ms  p99=564,735ms
2026-10-09 19:34:51.619 - records_manager - INFO -   intvty  p50=      24  p75=      26  p95=      110  p99=      140  (1/tpot tok/s)
2026-10-09 19:34:51.619 - records_manager - INFO -   isl     p50=  78,100  p75= 117,456  p90=  168,150  p99=  228,380  (tokens)
2026-10-09 19:34:51.619 - records_manager - INFO -   osl     p50=     240  p75=     552  p90=    1,334  p99=    7,075  (tokens)
2026-10-09 19:34:51.619 - records_manager - INFO -   tot     in=118,611,962  out=862,282
2026-10-09 19:34:51.619 - records_manager - INFO -   trace  theoretical_prefix_cache_hit=95.7%
2026-10-09 19:34:51.619 - records_manager - INFO -   srv    prefix_cache_hit=83.1% unique_in_srv=40,707,526 ext_cache_hit=73.7% kv_usage=95.2% queue=18r/0w tput_in_srv=106,369/s tput_out_srv=788/s
2026-10-09 19:35:30.075 - records_manager - INFO - [realtime 38:37 profiling]
2026-10-09 19:35:30.075 - records_manager - INFO -   rps=0.4 (avg 0.6)  tput_in=52,320/s  tput_out=383/s  done=1,348 ok=1,348 err=0
2026-10-09 19:35:30.075 - records_manager - INFO -   ttft    p50=   584ms  p75= 1,050ms  p95= 22,906ms  p99=440,359ms
2026-10-09 19:35:30.075 - records_manager - INFO -   itl     p50=    42ms  p75=    46ms  p95=     57ms  p99=     69ms
2026-10-09 19:35:30.075 - records_manager - INFO -   e2e     p50=11,066ms  p75=27,404ms  p95=183,430ms  p99=557,984ms
2026-10-09 19:35:30.075 - records_manager - INFO -   intvty  p50=      24  p75=      26  p95=      109  p99=      140  (1/tpot tok/s)
2026-10-09 19:35:30.075 - records_manager - INFO -   isl     p50=  78,308  p75= 118,161  p90=  168,432  p99=  228,081  (tokens)
2026-10-09 19:35:30.075 - records_manager - INFO -   osl     p50=     240  p75=     562  p90=    1,356  p99=    7,240  (tokens)
2026-10-09 19:35:30.075 - records_manager - INFO -   tot     in=120,713,422  out=884,049
2026-10-09 19:35:30.075 - records_manager - INFO -   trace  theoretical_prefix_cache_hit=95.7%
2026-10-09 19:35:30.075 - records_manager - INFO -   srv    prefix_cache_hit=83.3% unique_in_srv=41,002,484 ext_cache_hit=73.6% kv_usage=80.6% queue=16r/0w tput_in_srv=106,094/s tput_out_srv=789/s
2026-10-09 19:36:08.736 - records_manager - INFO - [realtime 39:16 profiling]
2026-10-09 19:36:08.736 - records_manager - INFO -   rps=0.5 (avg 0.6)  tput_in=52,179/s  tput_out=386/s  done=1,368 ok=1,368 err=0
2026-10-09 19:36:08.737 - records_manager - INFO -   ttft    p50=   583ms  p75= 1,050ms  p95= 21,093ms  p99=429,564ms
2026-10-09 19:36:08.737 - records_manager - INFO -   itl     p50=    42ms  p75=    46ms  p95=     57ms  p99=     69ms
2026-10-09 19:36:08.737 - records_manager - INFO -   e2e     p50=11,109ms  p75=27,449ms  p95=183,126ms  p99=549,545ms
2026-10-09 19:36:08.737 - records_manager - INFO -   intvty  p50=      24  p75=      27  p95=      107  p99=      140  (1/tpot tok/s)
2026-10-09 19:36:08.737 - records_manager - INFO -   isl     p50=  78,266  p75= 119,034  p90=  168,432  p99=  227,707  (tokens)
2026-10-09 19:36:08.737 - records_manager - INFO -   osl     p50=     244  p75=     567  p90=    1,384  p99=    7,225  (tokens)
2026-10-09 19:36:08.737 - records_manager - INFO -   tot     in=122,500,217  out=905,885
2026-10-09 19:36:08.737 - records_manager - INFO -   trace  theoretical_prefix_cache_hit=95.7%
2026-10-09 19:36:08.737 - records_manager - INFO -   srv    prefix_cache_hit=83.3% unique_in_srv=41,571,056 ext_cache_hit=73.5% kv_usage=81.7% queue=16r/0w tput_in_srv=105,914/s tput_out_srv=790/s
2026-10-09 19:36:47.302 - records_manager - INFO - [realtime 39:55 profiling]
2026-10-09 19:36:47.303 - records_manager - INFO -   rps=0.3 (avg 0.6)  tput_in=51,711/s  tput_out=383/s  done=1,379 ok=1,379 err=0
2026-10-09 19:36:47.303 - records_manager - INFO -   ttft    p50=   583ms  p75= 1,051ms  p95= 22,296ms  p99=423,626ms
2026-10-09 19:36:47.303 - records_manager - INFO -   itl     p50=    42ms  p75=    46ms  p95=     57ms  p99=     69ms
2026-10-09 19:36:47.303 - records_manager - INFO -   e2e     p50=11,239ms  p75=27,481ms  p95=182,924ms  p99=544,903ms
2026-10-09 19:36:47.303 - records_manager - INFO -   intvty  p50=      24  p75=      27  p95=      106  p99=      140  (1/tpot tok/s)
2026-10-09 19:36:47.303 - records_manager - INFO -   isl     p50=  78,212  p75= 118,680  p90=  168,199  p99=  227,502  (tokens)
2026-10-09 19:36:47.303 - records_manager - INFO -   osl     p50=     247  p75=     567  p90=    1,383  p99=    7,217  (tokens)
2026-10-09 19:36:47.303 - records_manager - INFO -   tot     in=123,307,915  out=912,576
2026-10-09 19:36:47.303 - records_manager - INFO -   trace  theoretical_prefix_cache_hit=95.7%
2026-10-09 19:36:47.303 - records_manager - INFO -   srv    prefix_cache_hit=83.1% unique_in_srv=42,470,486 ext_cache_hit=73.8% kv_usage=95.3% queue=18r/0w tput_in_srv=105,174/s tput_out_srv=791/s
2026-10-09 19:37:26.068 - records_manager - INFO - [realtime 40:33 profiling]
2026-10-09 19:37:26.068 - records_manager - INFO -   rps=0.3 (avg 0.6)  tput_in=51,267/s  tput_out=380/s  done=1,391 ok=1,391 err=0
2026-10-09 19:37:26.070 - records_manager - INFO -   ttft    p50=   583ms  p75= 1,059ms  p95= 22,649ms  p99=417,149ms
2026-10-09 19:37:26.070 - records_manager - INFO -   itl     p50=    42ms  p75=    46ms  p95=     57ms  p99=     69ms
2026-10-09 19:37:26.070 - records_manager - INFO -   e2e     p50=11,305ms  p75=27,657ms  p95=182,808ms  p99=539,840ms
2026-10-09 19:37:26.070 - records_manager - INFO -   intvty  p50=      24  p75=      27  p95=      106  p99=      140  (1/tpot tok/s)
2026-10-09 19:37:26.070 - records_manager - INFO -   isl     p50=  78,156  p75= 118,680  p90=  168,102  p99=  227,278  (tokens)
2026-10-09 19:37:26.070 - records_manager - INFO -   osl     p50=     247  p75=     571  p90=    1,425  p99=    7,207  (tokens)
2026-10-09 19:37:26.070 - records_manager - INFO -   tot     in=124,209,371  out=920,935
2026-10-09 19:37:26.070 - records_manager - INFO -   trace  theoretical_prefix_cache_hit=95.7%
2026-10-09 19:37:26.070 - records_manager - INFO -   srv    prefix_cache_hit=83.1% unique_in_srv=42,823,844 ext_cache_hit=73.7% kv_usage=96.8% queue=18r/0w tput_in_srv=104,222/s tput_out_srv=791/s
2026-10-09 19:38:04.846 - records_manager - INFO - [realtime 41:12 profiling]
2026-10-09 19:38:04.846 - records_manager - INFO -   rps=0.4 (avg 0.6)  tput_in=51,153/s  tput_out=381/s  done=1,405 ok=1,405 err=0
2026-10-09 19:38:04.847 - records_manager - INFO -   ttft    p50=   583ms  p75= 1,059ms  p95= 22,914ms  p99=411,705ms
2026-10-09 19:38:04.847 - records_manager - INFO -   itl     p50=    42ms  p75=    46ms  p95=     57ms  p99=     69ms
2026-10-09 19:38:04.847 - records_manager - INFO -   e2e     p50=11,334ms  p75=27,689ms  p95=182,304ms  p99=533,855ms
2026-10-09 19:38:04.847 - records_manager - INFO -   intvty  p50=      24  p75=      27  p95=      106  p99=      140  (1/tpot tok/s)
2026-10-09 19:38:04.847 - records_manager - INFO -   isl     p50=  78,152  p75= 118,386  p90=  167,856  p99=  226,997  (tokens)
2026-10-09 19:38:04.847 - records_manager - INFO -   osl     p50=     247  p75=     571  p90=    1,427  p99=    7,184  (tokens)
2026-10-09 19:38:04.847 - records_manager - INFO -   tot     in=125,203,651  out=932,092
2026-10-09 19:38:04.847 - records_manager - INFO -   trace  theoretical_prefix_cache_hit=95.7%
2026-10-09 19:38:04.847 - records_manager - INFO -   srv    prefix_cache_hit=82.9% unique_in_srv=43,596,986 ext_cache_hit=72.8% kv_usage=91.5% queue=15r/3w tput_in_srv=103,134/s tput_out_srv=786/s
2026-10-09 19:38:43.850 - records_manager - INFO - [realtime 41:51 profiling]
2026-10-09 19:38:43.851 - records_manager - INFO -   rps=0.6 (avg 0.6)  tput_in=51,029/s  tput_out=383/s  done=1,427 ok=1,427 err=0
2026-10-09 19:38:43.851 - records_manager - INFO -   ttft    p50=   588ms  p75= 1,069ms  p95= 22,007ms  p99=411,450ms
2026-10-09 19:38:43.851 - records_manager - INFO -   itl     p50=    42ms  p75=    46ms  p95=     57ms  p99=     71ms
2026-10-09 19:38:43.851 - records_manager - INFO -   e2e     p50=11,349ms  p75=28,079ms  p95=182,840ms  p99=524,148ms
2026-10-09 19:38:43.851 - records_manager - INFO -   intvty  p50=      24  p75=      27  p95=      106  p99=      140  (1/tpot tok/s)
2026-10-09 19:38:43.851 - records_manager - INFO -   isl     p50=  78,156  p75= 119,793  p90=  168,123  p99=  226,482  (tokens)
2026-10-09 19:38:43.851 - records_manager - INFO -   osl     p50=     247  p75=     574  p90=    1,481  p99=    7,095  (tokens)
2026-10-09 19:38:43.851 - records_manager - INFO -   tot     in=127,575,996  out=957,562
2026-10-09 19:38:43.851 - records_manager - INFO -   trace  theoretical_prefix_cache_hit=95.7%
2026-10-09 19:38:43.851 - records_manager - INFO -   srv    prefix_cache_hit=82.3% unique_in_srv=45,939,016 ext_cache_hit=74.0% kv_usage=85.4% queue=15r/0w tput_in_srv=103,456/s tput_out_srv=784/s
2026-10-09 19:39:23.116 - records_manager - INFO - [realtime 42:30 profiling]
2026-10-09 19:39:23.117 - records_manager - INFO -   rps=0.4 (avg 0.6)  tput_in=50,795/s  tput_out=382/s  done=1,442 ok=1,442 err=0
2026-10-09 19:39:23.117 - records_manager - INFO -   ttft    p50=   590ms  p75= 1,085ms  p95= 22,174ms  p99=443,598ms
2026-10-09 19:39:23.117 - records_manager - INFO -   itl     p50=    42ms  p75=    46ms  p95=     57ms  p99=     71ms
2026-10-09 19:39:23.117 - records_manager - INFO -   e2e     p50=11,338ms  p75=28,051ms  p95=182,879ms  p99=560,515ms
2026-10-09 19:39:23.117 - records_manager - INFO -   intvty  p50=      24  p75=      27  p95=      106  p99=      140  (1/tpot tok/s)
2026-10-09 19:39:23.117 - records_manager - INFO -   isl     p50=  78,100  p75= 119,874  p90=  168,078  p99=  226,130  (tokens)
2026-10-09 19:39:23.117 - records_manager - INFO -   osl     p50=     246  p75=     574  p90=    1,488  p99=    7,035  (tokens)
2026-10-09 19:39:23.117 - records_manager - INFO -   tot     in=128,860,471  out=967,844
2026-10-09 19:39:23.117 - records_manager - INFO -   trace  theoretical_prefix_cache_hit=95.7%
2026-10-09 19:39:23.117 - records_manager - INFO -   srv    prefix_cache_hit=82.3% unique_in_srv=46,183,244 ext_cache_hit=74.0% kv_usage=86.0% queue=14r/0w tput_in_srv=102,912/s tput_out_srv=785/s
2026-10-09 19:40:02.438 - records_manager - INFO - [realtime 43:10 profiling]
2026-10-09 19:40:02.439 - records_manager - INFO -   rps=0.4 (avg 0.6)  tput_in=50,465/s  tput_out=379/s  done=1,457 ok=1,457 err=0
2026-10-09 19:40:02.439 - records_manager - INFO -   ttft    p50=   590ms  p75= 1,088ms  p95= 21,674ms  p99=435,501ms
2026-10-09 19:40:02.439 - records_manager - INFO -   itl     p50=    42ms  p75=    46ms  p95=     57ms  p99=     71ms
2026-10-09 19:40:02.439 - records_manager - INFO -   e2e     p50=11,325ms  p75=27,989ms  p95=182,960ms  p99=554,186ms
2026-10-09 19:40:02.439 - records_manager - INFO -   intvty  p50=      24  p75=      27  p95=      105  p99=      140  (1/tpot tok/s)
2026-10-09 19:40:02.439 - records_manager - INFO -   isl     p50=  78,007  p75= 120,132  p90=  167,957  p99=  225,779  (tokens)
2026-10-09 19:40:02.439 - records_manager - INFO -   osl     p50=     245  p75=     575  p90=    1,491  p99=    6,974  (tokens)
2026-10-09 19:40:02.439 - records_manager - INFO -   tot     in=130,232,732  out=978,722
2026-10-09 19:40:02.439 - records_manager - INFO -   trace  theoretical_prefix_cache_hit=95.7%
2026-10-09 19:40:02.439 - records_manager - INFO -   srv    prefix_cache_hit=82.3% unique_in_srv=46,892,712 ext_cache_hit=74.3% kv_usage=97.1% queue=16r/0w tput_in_srv=102,575/s tput_out_srv=785/s
2026-10-09 19:40:38.208 - aiperf.timing.replay_dependencies - INFO - Per-trace idle cap advanced replay root 5aa32b03-2d8a-407f-b3b5-535515bb8499 by 109209.565s
2026-10-09 19:40:42.412 - records_manager - INFO - [realtime 43:50 profiling]
2026-10-09 19:40:42.412 - records_manager - INFO -   rps=0.3 (avg 0.6)  tput_in=50,252/s  tput_out=376/s  done=1,470 ok=1,470 err=0
2026-10-09 19:40:42.412 - records_manager - INFO -   ttft    p50=   590ms  p75= 1,090ms  p95= 20,408ms  p99=428,484ms
2026-10-09 19:40:42.412 - records_manager - INFO -   itl     p50=    42ms  p75=    46ms  p95=     57ms  p99=     71ms
2026-10-09 19:40:42.412 - records_manager - INFO -   e2e     p50=11,315ms  p75=28,051ms  p95=182,816ms  p99=548,701ms
2026-10-09 19:40:42.412 - records_manager - INFO -   intvty  p50=      24  p75=      27  p95=      105  p99=      140  (1/tpot tok/s)
2026-10-09 19:40:42.412 - records_manager - INFO -   isl     p50=  77,992  p75= 120,507  p90=  168,107  p99=  225,474  (tokens)
2026-10-09 19:40:42.412 - records_manager - INFO -   osl     p50=     244  p75=     575  p90=    1,490  p99=    6,922  (tokens)
2026-10-09 19:40:42.412 - records_manager - INFO -   tot     in=131,642,696  out=985,015
2026-10-09 19:40:42.412 - records_manager - INFO -   trace  theoretical_prefix_cache_hit=95.7%
2026-10-09 19:40:42.412 - records_manager - INFO -   srv    prefix_cache_hit=82.3% unique_in_srv=47,305,004 ext_cache_hit=74.3% kv_usage=92.1% queue=14r/1w tput_in_srv=101,966/s tput_out_srv=785/s
2026-10-09 19:41:23.138 - records_manager - INFO - [realtime 44:30 profiling]
2026-10-09 19:41:23.139 - records_manager - INFO -   rps=0.3 (avg 0.6)  tput_in=50,034/s  tput_out=378/s  done=1,481 ok=1,481 err=0
2026-10-09 19:41:23.139 - records_manager - INFO -   ttft    p50=   594ms  p75= 1,092ms  p95= 21,540ms  p99=422,546ms
2026-10-09 19:41:23.139 - records_manager - INFO -   itl     p50=    42ms  p75=    46ms  p95=     57ms  p99=     71ms
2026-10-09 19:41:23.139 - records_manager - INFO -   e2e     p50=11,334ms  p75=28,417ms  p95=183,254ms  p99=544,059ms
2026-10-09 19:41:23.139 - records_manager - INFO -   intvty  p50=      24  p75=      27  p95=      105  p99=      140  (1/tpot tok/s)
2026-10-09 19:41:23.139 - records_manager - INFO -   isl     p50=  78,083  p75= 121,064  p90=  168,155  p99=  225,217  (tokens)
2026-10-09 19:41:23.139 - records_manager - INFO -   osl     p50=     247  p75=     581  p90=    1,497  p99=    6,878  (tokens)
2026-10-09 19:41:23.139 - records_manager - INFO -   tot     in=132,996,142  out=1,006,020
2026-10-09 19:41:23.139 - records_manager - INFO -   trace  theoretical_prefix_cache_hit=95.7%
2026-10-09 19:41:23.139 - records_manager - INFO -   srv    prefix_cache_hit=82.3% unique_in_srv=47,726,832 ext_cache_hit=74.5% kv_usage=72.4% queue=12r/0w tput_in_srv=101,178/s tput_out_srv=785/s
2026-10-09 19:42:02.711 - records_manager - INFO - [realtime 45:10 profiling]
2026-10-09 19:42:02.711 - records_manager - INFO -   rps=0.3 (avg 0.6)  tput_in=49,726/s  tput_out=379/s  done=1,491 ok=1,491 err=0
2026-10-09 19:42:02.712 - records_manager - INFO -   ttft    p50=   595ms  p75= 1,100ms  p95= 22,649ms  p99=467,858ms
2026-10-09 19:42:02.712 - records_manager - INFO -   itl     p50=    42ms  p75=    46ms  p95=     57ms  p99=     71ms
2026-10-09 19:42:02.712 - records_manager - INFO -   e2e     p50=11,349ms  p75=28,621ms  p95=185,041ms  p99=579,633ms
2026-10-09 19:42:02.712 - records_manager - INFO -   intvty  p50=      24  p75=      27  p95=      105  p99=      140  (1/tpot tok/s)
2026-10-09 19:42:02.712 - records_manager - INFO -   isl     p50=  78,083  p75= 121,492  p90=  169,257  p99=  225,390  (tokens)
2026-10-09 19:42:02.712 - records_manager - INFO -   osl     p50=     247  p75=     584  p90=    1,514  p99=    6,837  (tokens)
2026-10-09 19:42:02.712 - records_manager - INFO -   tot     in=134,207,906  out=1,021,638
2026-10-09 19:42:02.712 - records_manager - INFO -   trace  theoretical_prefix_cache_hit=95.7%
2026-10-09 19:42:02.712 - records_manager - INFO -   srv    prefix_cache_hit=82.2% unique_in_srv=48,456,644 ext_cache_hit=74.7% kv_usage=70.7% queue=11r/1w tput_in_srv=100,478/s tput_out_srv=784/s
2026-10-09 19:42:42.406 - records_manager - INFO - [realtime 45:50 profiling]
2026-10-09 19:42:42.406 - records_manager - INFO -   rps=0.2 (avg 0.5)  tput_in=49,204/s  tput_out=377/s  done=1,497 ok=1,497 err=0
2026-10-09 19:42:42.406 - records_manager - INFO -   ttft    p50=   595ms  p75= 1,101ms  p95= 23,737ms  p99=489,381ms
2026-10-09 19:42:42.406 - records_manager - INFO -   itl     p50=    42ms  p75=    46ms  p95=     57ms  p99=     71ms
2026-10-09 19:42:42.406 - records_manager - INFO -   e2e     p50=11,351ms  p75=28,735ms  p95=187,180ms  p99=604,923ms
2026-10-09 19:42:42.406 - records_manager - INFO -   intvty  p50=      24  p75=      27  p95=      105  p99=      140  (1/tpot tok/s)
2026-10-09 19:42:42.406 - records_manager - INFO -   isl     p50=  78,118  p75= 121,589  p90=  169,379  p99=  227,166  (tokens)
2026-10-09 19:42:42.406 - records_manager - INFO -   osl     p50=     247  p75=     585  p90=    1,516  p99=    7,182  (tokens)
2026-10-09 19:42:42.406 - records_manager - INFO -   tot     in=134,835,588  out=1,032,437
2026-10-09 19:42:42.406 - records_manager - INFO -   trace  theoretical_prefix_cache_hit=95.8%
2026-10-09 19:42:42.406 - records_manager - INFO -   srv    prefix_cache_hit=82.1% unique_in_srv=48,917,750 ext_cache_hit=74.9% kv_usage=81.7% queue=15r/0w tput_in_srv=99,712/s tput_out_srv=783/s
2026-10-09 19:43:22.176 - records_manager - INFO - [realtime 46:30 profiling]
2026-10-09 19:43:22.177 - records_manager - INFO -   rps=0.3 (avg 0.5)  tput_in=48,904/s  tput_out=375/s  done=1,507 ok=1,507 err=0
2026-10-09 19:43:22.177 - records_manager - INFO -   ttft    p50=   597ms  p75= 1,113ms  p95= 26,901ms  p99=485,743ms
2026-10-09 19:43:22.177 - records_manager - INFO -   itl     p50=    42ms  p75=    46ms  p95=     56ms  p99=     71ms
2026-10-09 19:43:22.177 - records_manager - INFO -   e2e     p50=11,407ms  p75=28,860ms  p95=188,738ms  p99=594,899ms
2026-10-09 19:43:22.177 - records_manager - INFO -   intvty  p50=      24  p75=      27  p95=      104  p99=      140  (1/tpot tok/s)
2026-10-09 19:43:22.177 - records_manager - INFO -   isl     p50=  78,156  p75= 121,806  p90=  169,379  p99=  226,978  (tokens)
2026-10-09 19:43:22.177 - records_manager - INFO -   osl     p50=     247  p75=     588  p90=    1,516  p99=    7,158  (tokens)
2026-10-09 19:43:22.177 - records_manager - INFO -   tot     in=135,856,856  out=1,041,844
2026-10-09 19:43:22.177 - records_manager - INFO -   trace  theoretical_prefix_cache_hit=95.7%
2026-10-09 19:43:22.177 - records_manager - INFO -   srv    prefix_cache_hit=82.0% unique_in_srv=49,589,438 ext_cache_hit=74.7% kv_usage=74.6% queue=13r/0w tput_in_srv=98,928/s tput_out_srv=784/s
2026-10-09 19:44:01.570 - EventLoopMonitor - WARNING - Event loop for worker_618d390f is taking too long to run. Overhead: 33.22ms
2026-10-09 19:44:02.133 - records_manager - INFO - [realtime 47:09 profiling]
2026-10-09 19:44:02.133 - records_manager - INFO -   rps=0.3 (avg 0.5)  tput_in=48,560/s  tput_out=375/s  done=1,517 ok=1,517 err=0
2026-10-09 19:44:02.133 - records_manager - INFO -   ttft    p50=   596ms  p75= 1,111ms  p95= 27,388ms  p99=485,989ms
2026-10-09 19:44:02.133 - records_manager - INFO -   itl     p50=    42ms  p75=    46ms  p95=     57ms  p99=     71ms
2026-10-09 19:44:02.133 - records_manager - INFO -   e2e     p50=11,537ms  p75=29,169ms  p95=191,959ms  p99=593,081ms
2026-10-09 19:44:02.133 - records_manager - INFO -   intvty  p50=      24  p75=      27  p95=      104  p99=      140  (1/tpot tok/s)
2026-10-09 19:44:02.133 - records_manager - INFO -   isl     p50=  78,212  p75= 122,465  p90=  169,379  p99=  226,789  (tokens)
2026-10-09 19:44:02.133 - records_manager - INFO -   osl     p50=     247  p75=     592  p90=    1,579  p99=    7,120  (tokens)
2026-10-09 19:44:02.133 - records_manager - INFO -   tot     in=136,794,130  out=1,055,576
2026-10-09 19:44:02.133 - records_manager - INFO -   trace  theoretical_prefix_cache_hit=95.7%
2026-10-09 19:44:02.133 - records_manager - INFO -   srv    prefix_cache_hit=81.7% unique_in_srv=50,736,560 ext_cache_hit=74.3% kv_usage=83.9% queue=15r/0w tput_in_srv=98,362/s tput_out_srv=780/s
2026-10-09 19:44:42.256 - records_manager - INFO - [realtime 47:50 profiling]
2026-10-09 19:44:42.256 - records_manager - INFO -   rps=0.4 (avg 0.5)  tput_in=48,355/s  tput_out=377/s  done=1,535 ok=1,535 err=0
2026-10-09 19:44:42.256 - records_manager - INFO -   ttft    p50=   596ms  p75= 1,113ms  p95= 27,783ms  p99=484,829ms
2026-10-09 19:44:42.256 - records_manager - INFO -   itl     p50=    42ms  p75=    46ms  p95=     56ms  p99=     71ms
2026-10-09 19:44:42.256 - records_manager - INFO -   e2e     p50=11,567ms  p75=29,639ms  p95=192,896ms  p99=589,810ms
2026-10-09 19:44:42.256 - records_manager - INFO -   intvty  p50=      24  p75=      27  p95=      104  p99=      140  (1/tpot tok/s)
2026-10-09 19:44:42.256 - records_manager - INFO -   isl     p50=  78,118  p75= 122,498  p90=  169,439  p99=  226,448  (tokens)
2026-10-09 19:44:42.257 - records_manager - INFO -   osl     p50=     247  p75=     600  p90=    1,584  p99=    7,194  (tokens)
2026-10-09 19:44:42.257 - records_manager - INFO -   tot     in=138,284,659  out=1,077,258
2026-10-09 19:44:42.257 - records_manager - INFO -   trace  theoretical_prefix_cache_hit=95.7%
2026-10-09 19:44:42.257 - records_manager - INFO -   srv    prefix_cache_hit=81.6% unique_in_srv=51,514,782 ext_cache_hit=74.2% kv_usage=71.4% queue=15r/0w tput_in_srv=97,817/s tput_out_srv=781/s
2026-10-09 19:45:22.815 - records_manager - INFO - [realtime 48:30 profiling]
2026-10-09 19:45:22.815 - records_manager - INFO -   rps=0.5 (avg 0.5)  tput_in=48,291/s  tput_out=375/s  done=1,554 ok=1,554 err=0
2026-10-09 19:45:22.815 - records_manager - INFO -   ttft    p50=   596ms  p75= 1,110ms  p95= 27,441ms  p99=483,604ms
2026-10-09 19:45:22.815 - records_manager - INFO -   itl     p50=    42ms  p75=    46ms  p95=     57ms  p99=     74ms
2026-10-09 19:45:22.815 - records_manager - INFO -   e2e     p50=11,603ms  p75=29,707ms  p95=192,130ms  p99=586,357ms
2026-10-09 19:45:22.815 - records_manager - INFO -   intvty  p50=      24  p75=      27  p95=      103  p99=      140  (1/tpot tok/s)
2026-10-09 19:45:22.815 - records_manager - INFO -   isl     p50=  78,100  p75= 122,611  p90=  169,859  p99=  226,089  (tokens)
2026-10-09 19:45:22.815 - records_manager - INFO -   osl     p50=     247  p75=     601  p90=    1,579  p99=    7,190  (tokens)
2026-10-09 19:45:22.815 - records_manager - INFO -   tot     in=140,025,896  out=1,088,208
2026-10-09 19:45:22.815 - records_manager - INFO -   trace  theoretical_prefix_cache_hit=95.6%
2026-10-09 19:45:22.815 - records_manager - INFO -   srv    prefix_cache_hit=81.5% unique_in_srv=52,395,210 ext_cache_hit=74.1% kv_usage=89.1% queue=17r/0w tput_in_srv=97,890/s tput_out_srv=779/s
2026-10-09 19:46:03.266 - records_manager - INFO - [realtime 49:11 profiling]
2026-10-09 19:46:03.267 - records_manager - INFO -   rps=0.4 (avg 0.5)  tput_in=48,165/s  tput_out=373/s  done=1,572 ok=1,572 err=0
2026-10-09 19:46:03.267 - records_manager - INFO -   ttft    p50=   593ms  p75= 1,102ms  p95= 27,477ms  p99=482,444ms
2026-10-09 19:46:03.267 - records_manager - INFO -   itl     p50=    42ms  p75=    46ms  p95=     57ms  p99=     74ms
2026-10-09 19:46:03.267 - records_manager - INFO -   e2e     p50=11,621ms  p75=29,397ms  p95=190,599ms  p99=583,086ms
2026-10-09 19:46:03.267 - records_manager - INFO -   intvty  p50=      24  p75=      27  p95=      102  p99=      140  (1/tpot tok/s)
2026-10-09 19:46:03.267 - records_manager - INFO -   isl     p50=  77,961  p75= 122,725  p90=  169,861  p99=  225,749  (tokens)
2026-10-09 19:46:03.267 - records_manager - INFO -   osl     p50=     248  p75=     602  p90=    1,537  p99=    7,187  (tokens)
2026-10-09 19:46:03.267 - records_manager - INFO -   tot     in=141,524,665  out=1,095,084
2026-10-09 19:46:03.267 - records_manager - INFO -   trace  theoretical_prefix_cache_hit=95.6%
2026-10-09 19:46:03.267 - records_manager - INFO -   srv    prefix_cache_hit=81.7% unique_in_srv=52,464,666 ext_cache_hit=74.0% kv_usage=94.8% queue=16r/2w tput_in_srv=97,689/s tput_out_srv=779/s
2026-10-09 19:46:43.746 - records_manager - INFO - [realtime 49:51 profiling]
2026-10-09 19:46:43.747 - records_manager - INFO -   rps=0.1 (avg 0.5)  tput_in=47,873/s  tput_out=370/s  done=1,575 ok=1,575 err=0
2026-10-09 19:46:43.747 - records_manager - INFO -   ttft    p50=   595ms  p75= 1,103ms  p95= 27,423ms  p99=482,250ms
2026-10-09 19:46:43.747 - records_manager - INFO -   itl     p50=    42ms  p75=    46ms  p95=     57ms  p99=     74ms
2026-10-09 19:46:43.747 - records_manager - INFO -   e2e     p50=11,636ms  p75=29,418ms  p95=190,291ms  p99=582,540ms
2026-10-09 19:46:43.747 - records_manager - INFO -   intvty  p50=      24  p75=      27  p95=      102  p99=      140  (1/tpot tok/s)
2026-10-09 19:46:43.747 - records_manager - INFO -   isl     p50=  77,977  p75= 122,996  p90=  170,627  p99=  225,692  (tokens)
2026-10-09 19:46:43.747 - records_manager - INFO -   osl     p50=     248  p75=     603  p90=    1,530  p99=    7,186  (tokens)
2026-10-09 19:46:43.747 - records_manager - INFO -   tot     in=141,959,287  out=1,096,458
2026-10-09 19:46:43.747 - records_manager - INFO -   trace  theoretical_prefix_cache_hit=95.6%
2026-10-09 19:46:43.747 - records_manager - INFO -   srv    prefix_cache_hit=81.5% unique_in_srv=53,317,798 ext_cache_hit=73.5% kv_usage=96.9% queue=16r/3w tput_in_srv=96,695/s tput_out_srv=774/s
2026-10-09 19:46:49.664 - EventLoopMonitor - WARNING - Event loop for worker_a7655ac0 is taking too long to run. Overhead: 31.49ms
2026-10-09 19:47:24.547 - records_manager - INFO - [realtime 50:32 profiling]
2026-10-09 19:47:24.547 - records_manager - INFO -   rps=0.2 (avg 0.5)  tput_in=47,388/s  tput_out=369/s  done=1,585 ok=1,585 err=0
2026-10-09 19:47:24.547 - records_manager - INFO -   ttft    p50=   598ms  p75= 1,117ms  p95= 29,499ms  p99=496,462ms
2026-10-09 19:47:24.547 - records_manager - INFO -   itl     p50=    42ms  p75=    46ms  p95=     57ms  p99=     74ms
2026-10-09 19:47:24.547 - records_manager - INFO -   e2e     p50=11,853ms  p75=29,980ms  p95=192,939ms  p99=631,725ms
2026-10-09 19:47:24.547 - records_manager - INFO -   intvty  p50=      24  p75=      27  p95=      102  p99=      140  (1/tpot tok/s)
2026-10-09 19:47:24.547 - records_manager - INFO -   isl     p50=  78,083  p75= 123,003  p90=  170,977  p99=  225,503  (tokens)
2026-10-09 19:47:24.548 - records_manager - INFO -   osl     p50=     250  p75=     620  p90=    1,579  p99=    7,184  (tokens)
2026-10-09 19:47:24.548 - records_manager - INFO -   tot     in=143,122,303  out=1,115,540
2026-10-09 19:47:24.548 - records_manager - INFO -   trace  theoretical_prefix_cache_hit=95.6%
2026-10-09 19:47:24.548 - records_manager - INFO -   srv    prefix_cache_hit=80.8% unique_in_srv=55,745,272 ext_cache_hit=74.3% kv_usage=98.9% queue=16r/0w tput_in_srv=96,091/s tput_out_srv=773/s
2026-10-09 19:48:05.385 - records_manager - INFO - [realtime 51:13 profiling]
2026-10-09 19:48:05.386 - records_manager - INFO -   rps=0.3 (avg 0.5)  tput_in=47,263/s  tput_out=374/s  done=1,598 ok=1,598 err=0
2026-10-09 19:48:05.386 - records_manager - INFO -   ttft    p50=   604ms  p75= 1,144ms  p95= 30,181ms  p99=706,834ms
2026-10-09 19:48:05.386 - records_manager - INFO -   itl     p50=    42ms  p75=    46ms  p95=     57ms  p99=     74ms
2026-10-09 19:48:05.386 - records_manager - INFO -   e2e     p50=11,880ms  p75=30,010ms  p95=194,991ms  p99=847,781ms
2026-10-09 19:48:05.386 - records_manager - INFO -   intvty  p50=      24  p75=      27  p95=      102  p99=      140  (1/tpot tok/s)
2026-10-09 19:48:05.386 - records_manager - INFO -   isl     p50=  78,135  p75= 123,232  p90=  170,929  p99=  225,258  (tokens)
2026-10-09 19:48:05.386 - records_manager - INFO -   osl     p50=     250  p75=     622  p90=    1,592  p99=    7,202  (tokens)
2026-10-09 19:48:05.386 - records_manager - INFO -   tot     in=144,656,022  out=1,145,852
2026-10-09 19:48:05.386 - records_manager - INFO -   trace  theoretical_prefix_cache_hit=95.6%
2026-10-09 19:48:05.386 - records_manager - INFO -   srv    prefix_cache_hit=80.1% unique_in_srv=58,335,814 ext_cache_hit=75.3% kv_usage=99.2% queue=16r/0w tput_in_srv=95,943/s tput_out_srv=772/s
2026-10-09 19:48:10.243 - aiperf.timing.replay_dependencies - INFO - Per-trace idle cap advanced replay root cb91fb49-8ff1-4e10-89a5-ac6fb638ec07 by 16.542s
2026-10-09 19:48:46.901 - records_manager - INFO - [realtime 51:54 profiling]
2026-10-09 19:48:46.902 - records_manager - INFO -   rps=0.3 (avg 0.5)  tput_in=47,093/s  tput_out=374/s  done=1,609 ok=1,609 err=0
2026-10-09 19:48:46.902 - records_manager - INFO -   ttft    p50=   611ms  p75= 1,176ms  p95= 30,039ms  p99=690,941ms
2026-10-09 19:48:46.902 - records_manager - INFO -   itl     p50=    42ms  p75=    46ms  p95=     57ms  p99=     74ms
2026-10-09 19:48:46.902 - records_manager - INFO -   e2e     p50=11,967ms  p75=30,515ms  p95=194,193ms  p99=843,786ms
2026-10-09 19:48:46.902 - records_manager - INFO -   intvty  p50=      24  p75=      27  p95=      102  p99=      140  (1/tpot tok/s)
2026-10-09 19:48:46.902 - records_manager - INFO -   isl     p50=  78,152  p75= 123,434  p90=  171,539  p99=  225,165  (tokens)
2026-10-09 19:48:46.902 - records_manager - INFO -   osl     p50=     251  p75=     629  p90=    1,604  p99=    7,198  (tokens)
2026-10-09 19:48:46.902 - records_manager - INFO -   tot     in=146,008,008  out=1,158,933
2026-10-09 19:48:46.902 - records_manager - INFO -   trace  theoretical_prefix_cache_hit=95.6%
2026-10-09 19:48:46.902 - records_manager - INFO -   srv    prefix_cache_hit=79.7% unique_in_srv=60,236,004 ext_cache_hit=76.0% kv_usage=92.4% queue=15r/0w tput_in_srv=95,446/s tput_out_srv=772/s
2026-10-09 19:49:21.503 - aiperf.timing.replay_dependencies - INFO - Per-trace idle cap advanced replay root 23ed3751-1d49-4f23-b117-bc9fd63fccdd by 178.782s
2026-10-09 19:49:28.165 - records_manager - INFO - [realtime 52:35 profiling]
2026-10-09 19:49:28.165 - records_manager - INFO -   rps=0.5 (avg 0.5)  tput_in=47,235/s  tput_out=375/s  done=1,631 ok=1,631 err=0
2026-10-09 19:49:28.165 - records_manager - INFO -   ttft    p50=   611ms  p75= 1,187ms  p95= 30,242ms  p99=780,344ms
2026-10-09 19:49:28.165 - records_manager - INFO -   itl     p50=    42ms  p75=    46ms  p95=     57ms  p99=     74ms
2026-10-09 19:49:28.165 - records_manager - INFO -   e2e     p50=11,967ms  p75=30,832ms  p95=195,542ms  p99=889,982ms
2026-10-09 19:49:28.165 - records_manager - INFO -   intvty  p50=      24  p75=      27  p95=      102  p99=      139  (1/tpot tok/s)
2026-10-09 19:49:28.165 - records_manager - INFO -   isl     p50=  78,118  p75= 123,869  p90=  171,564  p99=  225,065  (tokens)
2026-10-09 19:49:28.165 - records_manager - INFO -   osl     p50=     251  p75=     630  p90=    1,616  p99=    7,194  (tokens)
2026-10-09 19:49:28.165 - records_manager - INFO -   tot     in=148,460,706  out=1,179,741
2026-10-09 19:49:28.165 - records_manager - INFO -   trace  theoretical_prefix_cache_hit=95.6%
2026-10-09 19:49:28.165 - records_manager - INFO -   srv    prefix_cache_hit=79.7% unique_in_srv=60,921,562 ext_cache_hit=76.2% kv_usage=70.9% queue=11r/0w tput_in_srv=95,457/s tput_out_srv=772/s
2026-10-09 19:49:32.239 - EventLoopMonitor - WARNING - Event loop for worker_153c2f47 is taking too long to run. Overhead: 26.82ms
2026-10-09 19:50:09.514 - records_manager - INFO - [realtime 53:17 profiling]
2026-10-09 19:50:09.514 - records_manager - INFO -   rps=0.3 (avg 0.5)  tput_in=47,075/s  tput_out=375/s  done=1,645 ok=1,645 err=0
2026-10-09 19:50:09.514 - records_manager - INFO -   ttft    p50=   611ms  p75= 1,182ms  p95= 30,351ms  p99=764,984ms
2026-10-09 19:50:09.514 - records_manager - INFO -   itl     p50=    42ms  p75=    46ms  p95=     56ms  p99=     74ms
2026-10-09 19:50:09.514 - records_manager - INFO -   e2e     p50=11,938ms  p75=30,841ms  p95=199,866ms  p99=886,550ms
2026-10-09 19:50:09.514 - records_manager - INFO -   intvty  p50=      24  p75=      27  p95=      102  p99=      139  (1/tpot tok/s)
2026-10-09 19:50:09.514 - records_manager - INFO -   isl     p50=  78,156  p75= 123,941  p90=  171,659  p99=  225,002  (tokens)
2026-10-09 19:50:09.514 - records_manager - INFO -   osl     p50=     250  p75=     630  p90=    1,617  p99=    7,242  (tokens)
2026-10-09 19:50:09.514 - records_manager - INFO -   tot     in=149,936,936  out=1,194,224
2026-10-09 19:50:09.514 - records_manager - INFO -   trace  theoretical_prefix_cache_hit=95.7%
2026-10-09 19:50:09.514 - records_manager - INFO -   srv    prefix_cache_hit=79.7% unique_in_srv=61,532,264 ext_cache_hit=76.1% kv_usage=76.0% queue=13r/0w tput_in_srv=95,173/s tput_out_srv=772/s
2026-10-09 19:50:50.904 - records_manager - INFO - [realtime 53:58 profiling]
2026-10-09 19:50:50.904 - records_manager - INFO -   rps=0.4 (avg 0.5)  tput_in=47,099/s  tput_out=375/s  done=1,663 ok=1,663 err=0
2026-10-09 19:50:50.904 - records_manager - INFO -   ttft    p50=   611ms  p75= 1,187ms  p95= 32,107ms  p99=745,235ms
2026-10-09 19:50:50.904 - records_manager - INFO -   itl     p50=    42ms  p75=    46ms  p95=     56ms  p99=     74ms
2026-10-09 19:50:50.904 - records_manager - INFO -   e2e     p50=12,038ms  p75=31,232ms  p95=200,308ms  p99=877,416ms
2026-10-09 19:50:50.904 - records_manager - INFO -   intvty  p50=      24  p75=      27  p95=      102  p99=      139  (1/tpot tok/s)
2026-10-09 19:50:50.904 - records_manager - INFO -   isl     p50=  78,241  p75= 124,398  p90=  172,026  p99=  224,920  (tokens)
2026-10-09 19:50:50.904 - records_manager - INFO -   osl     p50=     251  p75=     634  p90=    1,649  p99=    7,228  (tokens)
2026-10-09 19:50:50.904 - records_manager - INFO -   tot     in=151,837,068  out=1,210,006
2026-10-09 19:50:50.904 - records_manager - INFO -   trace  theoretical_prefix_cache_hit=95.7%
2026-10-09 19:50:50.904 - records_manager - INFO -   srv    prefix_cache_hit=79.6% unique_in_srv=62,717,106 ext_cache_hit=76.4% kv_usage=96.2% queue=17r/0w tput_in_srv=95,420/s tput_out_srv=772/s
2026-10-09 19:51:32.653 - records_manager - INFO - [realtime 54:40 profiling]
2026-10-09 19:51:32.653 - records_manager - INFO -   rps=0.2 (avg 0.5)  tput_in=46,734/s  tput_out=371/s  done=1,671 ok=1,671 err=0
2026-10-09 19:51:32.653 - records_manager - INFO -   ttft    p50=   613ms  p75= 1,192ms  p95= 33,473ms  p99=736,457ms
2026-10-09 19:51:32.653 - records_manager - INFO -   itl     p50=    42ms  p75=    45ms  p95=     56ms  p99=     74ms
2026-10-09 19:51:32.653 - records_manager - INFO -   e2e     p50=12,038ms  p75=31,232ms  p95=202,200ms  p99=873,356ms
2026-10-09 19:51:32.653 - records_manager - INFO -   intvty  p50=      24  p75=      27  p95=      101  p99=      139  (1/tpot tok/s)
2026-10-09 19:51:32.653 - records_manager - INFO -   isl     p50=  78,325  p75= 124,398  p90=  172,102  p99=  224,884  (tokens)
2026-10-09 19:51:32.653 - records_manager - INFO -   osl     p50=     251  p75=     634  p90=    1,635  p99=    7,222  (tokens)
2026-10-09 19:51:32.653 - records_manager - INFO -   tot     in=152,736,178  out=1,213,467
2026-10-09 19:51:32.653 - records_manager - INFO -   trace  theoretical_prefix_cache_hit=95.7%
2026-10-09 19:51:32.653 - records_manager - INFO -   srv    prefix_cache_hit=79.7% unique_in_srv=62,889,010 ext_cache_hit=76.4% kv_usage=95.1% queue=17r/1w tput_in_srv=94,695/s tput_out_srv=773/s
2026-10-09 19:52:14.640 - records_manager - INFO - [realtime 55:22 profiling]
2026-10-09 19:52:14.640 - records_manager - INFO -   rps=0.5 (avg 0.5)  tput_in=46,725/s  tput_out=372/s  done=1,690 ok=1,690 err=0
2026-10-09 19:52:14.640 - records_manager - INFO -   ttft    p50=   615ms  p75= 1,198ms  p95= 32,739ms  p99=715,611ms
2026-10-09 19:52:14.640 - records_manager - INFO -   itl     p50=    42ms  p75=    45ms  p95=     56ms  p99=     74ms
2026-10-09 19:52:14.640 - records_manager - INFO -   e2e     p50=12,197ms  p75=31,548ms  p95=201,242ms  p99=863,714ms
2026-10-09 19:52:14.640 - records_manager - INFO -   intvty  p50=      24  p75=      27  p95=      101  p99=      138  (1/tpot tok/s)
2026-10-09 19:52:14.640 - records_manager - INFO -   isl     p50=  78,445  p75= 124,176  p90=  172,105  p99=  224,798  (tokens)
2026-10-09 19:52:14.640 - records_manager - INFO -   osl     p50=     251  p75=     642  p90=    1,654  p99=    7,208  (tokens)
2026-10-09 19:52:14.641 - records_manager - INFO -   tot     in=154,682,638  out=1,232,783
2026-10-09 19:52:14.641 - records_manager - INFO -   trace  theoretical_prefix_cache_hit=95.7%
2026-10-09 19:52:14.641 - records_manager - INFO -   srv    prefix_cache_hit=79.7% unique_in_srv=63,645,552 ext_cache_hit=76.6% kv_usage=94.6% queue=17r/1w tput_in_srv=94,672/s tput_out_srv=773/s
2026-10-09 19:52:56.831 - records_manager - INFO - [realtime 56:04 profiling]
2026-10-09 19:52:56.831 - records_manager - INFO -   rps=0.3 (avg 0.5)  tput_in=46,674/s  tput_out=374/s  done=1,704 ok=1,704 err=0
2026-10-09 19:52:56.831 - records_manager - INFO -   ttft    p50=   615ms  p75= 1,197ms  p95= 32,063ms  p99=698,817ms
2026-10-09 19:52:56.831 - records_manager - INFO -   itl     p50=    42ms  p75=    45ms  p95=     56ms  p99=     73ms
2026-10-09 19:52:56.831 - records_manager - INFO -   e2e     p50=12,223ms  p75=31,813ms  p95=201,510ms  p99=857,765ms
2026-10-09 19:52:56.831 - records_manager - INFO -   intvty  p50=      24  p75=      27  p95=      100  p99=      138  (1/tpot tok/s)
2026-10-09 19:52:56.831 - records_manager - INFO -   isl     p50=  78,816  p75= 124,541  p90=  172,124  p99=  224,638  (tokens)
2026-10-09 19:52:56.831 - records_manager - INFO -   osl     p50=     252  p75=     643  p90=    1,670  p99=    7,273  (tokens)
2026-10-09 19:52:56.831 - records_manager - INFO -   tot     in=156,389,642  out=1,251,654
2026-10-09 19:52:56.831 - records_manager - INFO -   trace  theoretical_prefix_cache_hit=95.7%
2026-10-09 19:52:56.831 - records_manager - INFO -   srv    prefix_cache_hit=79.8% unique_in_srv=64,089,544 ext_cache_hit=76.6% kv_usage=89.8% queue=20r/0w tput_in_srv=94,519/s tput_out_srv=773/s
2026-10-09 19:53:39.355 - records_manager - INFO - [realtime 56:47 profiling]
2026-10-09 19:53:39.355 - records_manager - INFO -   rps=0.3 (avg 0.5)  tput_in=46,483/s  tput_out=374/s  done=1,718 ok=1,718 err=0
2026-10-09 19:53:39.355 - records_manager - INFO -   ttft    p50=   616ms  p75= 1,201ms  p95= 31,450ms  p99=676,765ms
2026-10-09 19:53:39.355 - records_manager - INFO -   itl     p50=    42ms  p75=    45ms  p95=     56ms  p99=     74ms
2026-10-09 19:53:39.355 - records_manager - INFO -   e2e     p50=12,272ms  p75=32,064ms  p95=200,884ms  p99=856,051ms
2026-10-09 19:53:39.355 - records_manager - INFO -   intvty  p50=      24  p75=      27  p95=      100  p99=      138  (1/tpot tok/s)
2026-10-09 19:53:39.355 - records_manager - INFO -   isl     p50=  78,816  p75= 124,614  p90=  172,111  p99=  224,127  (tokens)
2026-10-09 19:53:39.355 - records_manager - INFO -   osl     p50=     252  p75=     646  p90=    1,717  p99=    7,262  (tokens)
2026-10-09 19:53:39.355 - records_manager - INFO -   tot     in=157,629,412  out=1,268,110
2026-10-09 19:53:39.355 - records_manager - INFO -   trace  theoretical_prefix_cache_hit=95.7%
2026-10-09 19:53:39.355 - records_manager - INFO -   srv    prefix_cache_hit=79.9% unique_in_srv=64,176,196 ext_cache_hit=76.5% kv_usage=77.6% queue=15r/0w tput_in_srv=93,881/s tput_out_srv=775/s
2026-10-09 19:53:54.725 - aiperf.timing.replay_dependencies - INFO - Per-trace idle cap advanced replay root dbb59fdc-eeab-4569-974b-2010f58668f1 by 413.886s
2026-10-09 19:54:21.781 - records_manager - INFO - [realtime 57:29 profiling]
2026-10-09 19:54:21.781 - records_manager - INFO -   rps=0.4 (avg 0.5)  tput_in=46,377/s  tput_out=374/s  done=1,736 ok=1,736 err=0
2026-10-09 19:54:21.781 - records_manager - INFO -   ttft    p50=   617ms  p75= 1,202ms  p95= 30,597ms  p99=648,412ms
2026-10-09 19:54:21.781 - records_manager - INFO -   itl     p50=    42ms  p75=    45ms  p95=     56ms  p99=     74ms
2026-10-09 19:54:21.781 - records_manager - INFO -   e2e     p50=12,327ms  p75=32,470ms  p95=200,974ms  p99=853,848ms
2026-10-09 19:54:21.781 - records_manager - INFO -   intvty  p50=      24  p75=      27  p95=      100  p99=      138  (1/tpot tok/s)
2026-10-09 19:54:21.781 - records_manager - INFO -   isl     p50=  78,878  p75= 125,022  p90=  172,118  p99=  223,470  (tokens)
2026-10-09 19:54:21.781 - records_manager - INFO -   osl     p50=     254  p75=     652  p90=    1,718  p99=    7,249  (tokens)
2026-10-09 19:54:21.781 - records_manager - INFO -   tot     in=159,337,715  out=1,286,185
2026-10-09 19:54:21.781 - records_manager - INFO -   trace  theoretical_prefix_cache_hit=95.7%
2026-10-09 19:54:21.781 - records_manager - INFO -   srv    prefix_cache_hit=80.0% unique_in_srv=64,695,294 ext_cache_hit=76.6% kv_usage=95.3% queue=18r/0w tput_in_srv=93,928/s tput_out_srv=776/s
2026-10-09 19:55:04.336 - records_manager - INFO - [realtime 58:12 profiling]
2026-10-09 19:55:04.336 - records_manager - INFO -   rps=0.6 (avg 0.5)  tput_in=46,659/s  tput_out=379/s  done=1,761 ok=1,761 err=0
2026-10-09 19:55:04.336 - records_manager - INFO -   ttft    p50=   616ms  p75= 1,199ms  p95= 30,328ms  p99=609,033ms
2026-10-09 19:55:04.336 - records_manager - INFO -   itl     p50=    41ms  p75=    45ms  p95=     56ms  p99=     74ms
2026-10-09 19:55:04.336 - records_manager - INFO -   e2e     p50=12,309ms  p75=32,487ms  p95=200,750ms  p99=850,788ms
2026-10-09 19:55:04.336 - records_manager - INFO -   intvty  p50=      24  p75=      27  p95=       99  p99=      137  (1/tpot tok/s)
2026-10-09 19:55:04.336 - records_manager - INFO -   isl     p50=  79,195  p75= 125,767  p90=  172,102  p99=  222,557  (tokens)
2026-10-09 19:55:04.337 - records_manager - INFO -   osl     p50=     254  p75=     654  p90=    1,732  p99=    7,319  (tokens)
2026-10-09 19:55:04.337 - records_manager - INFO -   tot     in=162,144,372  out=1,316,895
2026-10-09 19:55:04.337 - records_manager - INFO -   trace  theoretical_prefix_cache_hit=95.8%
2026-10-09 19:55:04.337 - records_manager - INFO -   srv    prefix_cache_hit=80.2% unique_in_srv=65,037,660 ext_cache_hit=76.3% kv_usage=77.7% queue=17r/0w tput_in_srv=94,043/s tput_out_srv=777/s
2026-10-09 19:55:05.215 - aiperf.timing.replay_dependencies - INFO - Per-trace idle cap advanced replay root d26cb401-409a-4399-aeca-dee1446032f9 by 9226.498s
2026-10-09 19:55:24.518 - aiperf.timing.replay_dependencies - INFO - Per-trace idle cap advanced replay root cb91fb49-8ff1-4e10-89a5-ac6fb638ec07 by 748.587s
2026-10-09 19:55:47.468 - records_manager - INFO - [realtime 58:55 profiling]
2026-10-09 19:55:47.468 - records_manager - INFO -   rps=0.3 (avg 0.5)  tput_in=46,443/s  tput_out=377/s  done=1,776 ok=1,776 err=0
2026-10-09 19:55:47.468 - records_manager - INFO -   ttft    p50=   617ms  p75= 1,202ms  p95= 30,597ms  p99=627,380ms
2026-10-09 19:55:47.469 - records_manager - INFO -   itl     p50=    41ms  p75=    45ms  p95=     56ms  p99=     74ms
2026-10-09 19:55:47.469 - records_manager - INFO -   e2e     p50=12,507ms  p75=32,989ms  p95=200,974ms  p99=848,951ms
2026-10-09 19:55:47.469 - records_manager - INFO -   intvty  p50=      24  p75=      27  p95=       99  p99=      137  (1/tpot tok/s)
2026-10-09 19:55:47.469 - records_manager - INFO -   isl     p50=  79,172  p75= 125,794  p90=  171,912  p99=  222,009  (tokens)
2026-10-09 19:55:47.469 - records_manager - INFO -   osl     p50=     257  p75=     668  p90=    1,725  p99=    7,303  (tokens)
2026-10-09 19:55:47.469 - records_manager - INFO -   tot     in=163,320,366  out=1,326,596
2026-10-09 19:55:47.469 - records_manager - INFO -   trace  theoretical_prefix_cache_hit=95.7%
2026-10-09 19:55:47.469 - records_manager - INFO -   srv    prefix_cache_hit=80.2% unique_in_srv=65,479,190 ext_cache_hit=76.4% kv_usage=84.2% queue=12r/0w tput_in_srv=93,810/s tput_out_srv=777/s
2026-10-09 19:56:30.723 - records_manager - INFO - [realtime 59:38 profiling]
2026-10-09 19:56:30.723 - records_manager - INFO -   rps=0.4 (avg 0.5)  tput_in=46,371/s  tput_out=378/s  done=1,795 ok=1,795 err=0
2026-10-09 19:56:30.723 - records_manager - INFO -   ttft    p50=   620ms  p75= 1,216ms  p95= 32,157ms  p99=608,085ms
2026-10-09 19:56:30.724 - records_manager - INFO -   itl     p50=    41ms  p75=    45ms  p95=     56ms  p99=     73ms
2026-10-09 19:56:30.724 - records_manager - INFO -   e2e     p50=12,744ms  p75=33,441ms  p95=197,656ms  p99=846,626ms
2026-10-09 19:56:30.724 - records_manager - INFO -   intvty  p50=      24  p75=      27  p95=       99  p99=      137  (1/tpot tok/s)
2026-10-09 19:56:30.724 - records_manager - INFO -   isl     p50=  79,221  p75= 126,384  p90=  171,950  p99=  221,315  (tokens)
2026-10-09 19:56:30.724 - records_manager - INFO -   osl     p50=     259  p75=     670  p90=    1,730  p99=    7,282  (tokens)
2026-10-09 19:56:30.724 - records_manager - INFO -   tot     in=165,180,511  out=1,348,163
2026-10-09 19:56:30.724 - records_manager - INFO -   trace  theoretical_prefix_cache_hit=95.7%
2026-10-09 19:56:30.724 - records_manager - INFO -   srv    prefix_cache_hit=80.2% unique_in_srv=66,078,844 ext_cache_hit=76.2% kv_usage=83.9% queue=15r/0w tput_in_srv=93,693/s tput_out_srv=777/s
2026-10-09 19:56:52.172 - PhaseRunner - INFO - Timeout of 3599.99498376s elapsed for event 'profiling phase sending'
2026-10-09 19:56:52.175 - PhaseRunner - NOTICE - Phase profiling (profiling) sending complete | sent=1,839, completed=1,808, in_flight=31 | sessions: sent=45, completed=18 | timeout_triggered=True
2026-10-09 19:56:52.176 - PhaseRunner - INFO - Waiting for event 'profiling phase credits returned' with timeout of 29.993481560999953s
2026-10-09 19:56:52.176 - records_manager - INFO - Sent 1,839 requests. Waiting for all to complete...
2026-10-09 19:57:13.857 - records_manager - INFO - [realtime 1:00:21 profiling]
2026-10-09 19:57:13.857 - records_manager - INFO -   rps=0.4 (avg 0.5)  tput_in=46,207/s  tput_out=377/s  done=1,812 ok=1,812 err=0
2026-10-09 19:57:13.857 - records_manager - INFO -   ttft    p50=   620ms  p75= 1,216ms  p95= 31,689ms  p99=595,836ms
2026-10-09 19:57:13.857 - records_manager - INFO -   itl     p50=    41ms  p75=    45ms  p95=     56ms  p99=     73ms
2026-10-09 19:57:13.857 - records_manager - INFO -   e2e     p50=12,984ms  p75=33,675ms  p95=195,464ms  p99=842,996ms
2026-10-09 19:57:13.857 - records_manager - INFO -   intvty  p50=      24  p75=      27  p95=       99  p99=      137  (1/tpot tok/s)
2026-10-09 19:57:13.857 - records_manager - INFO -   isl     p50=  79,336  p75= 126,642  p90=  171,707  p99=  221,079  (tokens)
2026-10-09 19:57:13.858 - records_manager - INFO -   osl     p50=     263  p75=     672  p90=    1,727  p99=    7,267  (tokens)
2026-10-09 19:57:13.858 - records_manager - INFO -   tot     in=166,644,619  out=1,360,088
2026-10-09 19:57:13.858 - records_manager - INFO -   trace  theoretical_prefix_cache_hit=95.7%
2026-10-09 19:57:13.858 - records_manager - INFO -   srv    prefix_cache_hit=80.3% unique_in_srv=66,399,766 ext_cache_hit=76.2% kv_usage=71.1% queue=13r/0w tput_in_srv=93,225/s tput_out_srv=779/s
2026-10-09 19:57:22.170 - PhaseRunner - INFO - Timeout of 29.993481560999953s elapsed for event 'profiling phase credits returned'
2026-10-09 19:57:22.171 - PhaseRunner - WARNING - Phase profiling timed out, cancelling all credits. Stats: sent=1839, completed=1818, cancelled=0, in_flight=21
2026-10-09 19:57:22.172 - StickyCreditRouter_fd6834e1 - INFO - Sent cancellation requests for 21 in-flight credits across 15 workers
2026-10-09 19:57:22.173 - PhaseRunner - INFO - Waiting for all cancelled credits to be returned for phase profiling. Need 21 more credits.
2026-10-09 19:57:32.174 - PhaseRunner - ERROR - Timeout waiting 10.0s for cancelled credits to return. Some credits may be stuck. Forcing phase completion.
2026-10-09 19:57:32.175 - PhaseRunner - WARNING - Released stuck slots for phase profiling: session=31, prefill=0
2026-10-09 19:57:32.176 - PhaseRunner - NOTICE - Phase profiling (profiling) complete | completed=1,818, cancelled=21, errors=0 | sessions: completed=18, cancelled=0 | elapsed=3640.01s | grace_period_timeout=True
2026-10-09 19:57:32.178 - AgenticReplayTiming - INFO - Global system-idle cap summary: limit=10s, jumps=0, skipped=0.000s
2026-10-09 19:57:32.178 - aiperf.timing.branch_orchestrator - INFO - BranchOrchestrator stats: spawned=132 completed=80 errored=0 suspended=25 resumed=23 parents_failed_due_to_child_error=0 joins_suppressed=0 delayed=68
2026-10-09 19:57:32.179 - aiperf.timing.branch_orchestrator - WARNING - BranchOrchestrator leaked state at cleanup: 2 active_joins, 0 future_joins, 34 tracked children, 7 parents with descendants
2026-10-09 19:57:32.179 - aiperf.timing.branch_orchestrator - WARNING - Abandoned pending join for parent d26cb401-409a-4399-aeca-dee1446032f9 (outstanding=1, gated_turn_index=13, age_ms=824823)
2026-10-09 19:57:32.179 - aiperf.timing.branch_orchestrator - WARNING - Abandoned pending join for parent 1ffafaf3-3908-4f65-a6de-1e7b5d309601 (outstanding=8, gated_turn_index=14, age_ms=325322)
2026-10-09 19:57:32.179 - records_manager - INFO - Received CREDIT_PHASE_COMPLETE message, Phase complete: PhaseRecordsStats(phase=CreditPhase.PROFILING, phase_index=0, profiling_index=0, phase_name='profiling', phase_kind='profiling', start_ns=1791572212169902865, sent_end_ns=1791575812172844574, requests_end_ns=1791575852175719796, baseline_start_ns=1791572212169855175, baseline_end_ns=1791575852175802487, total_expected_requests=None, expected_duration_sec=None, expected_num_sessions=None, expected_grace_period_sec=None, final_requests_sent=None, final_requests_completed=1818, final_requests_cancelled=21, final_request_errors=0, final_sent_sessions=None, final_completed_sessions=None, final_cancelled_sessions=None, timeout_triggered=True, grace_period_timeout_triggered=True, was_cancelled=False, records_end_ns=None, success_records=1818, error_records=0)
2026-10-09 19:57:32.179 - PhaseRunner - INFO - Session-tree slots for phase profiling: peak_open=32 (target concurrency 32); released 31 still-open at teardown; late_events=0
2026-10-09 19:57:32.179 - records_manager - NOTICE - All requests have completed, please wait for the results to be processed (currently 1,818 of 1,818 records processed)...
2026-10-09 19:57:32.179 - PhaseOrchestrator_9f3edb9e - NOTICE - All credits completed
2026-10-09 19:57:32.180 - records_manager - INFO - Processed 1818 valid requests and 0 errors (1818 total).
2026-10-09 19:57:32.180 - records_manager - INFO - Received all records, processing now...
2026-10-09 19:57:32.181 - records_manager - INFO - All credits complete, please wait for the results to be processed...
2026-10-09 19:57:32.182 - server_metrics_manager - INFO - Server Metrics: Profiling complete, capturing final metrics...
2026-10-09 19:57:32.185 - records_manager - INFO - Waiting 2.0s for server metrics flush period...
2026-10-09 19:57:32.183 - system_controller - INFO - Received credits complete from 'timing_manager'
2026-10-09 19:57:34.176 - records_manager - INFO - Processing records results...
2026-10-09 19:58:01.902 - records_manager - INFO - [realtime 1:00:40 profiling]
2026-10-09 19:58:01.902 - records_manager - INFO -   rps=0.3 (avg 0.5)  tput_in=46,087/s  tput_out=377/s  done=1,818 ok=1,818 err=0
2026-10-09 19:58:01.904 - records_manager - INFO -   ttft    p50=   620ms  p75= 1,214ms  p95= 31,442ms  p99=592,478ms
2026-10-09 19:58:01.904 - records_manager - INFO -   itl     p50=    41ms  p75=    45ms  p95=     56ms  p99=     73ms
2026-10-09 19:58:01.904 - records_manager - INFO -   e2e     p50=13,051ms  p75=34,276ms  p95=194,991ms  p99=841,417ms
2026-10-09 19:58:01.904 - records_manager - INFO -   intvty  p50=      24  p75=      27  p95=       99  p99=      137  (1/tpot tok/s)
2026-10-09 19:58:01.904 - records_manager - INFO -   isl     p50=  79,336  p75= 126,785  p90=  171,612  p99=  221,070  (tokens)
2026-10-09 19:58:01.904 - records_manager - INFO -   osl     p50=     264  p75=     679  p90=    1,734  p99=    7,262  (tokens)
2026-10-09 19:58:01.904 - records_manager - INFO -   tot     in=167,156,778  out=1,368,988
2026-10-09 19:58:01.904 - records_manager - INFO -   trace  theoretical_prefix_cache_hit=95.7%
2026-10-09 19:58:01.904 - records_manager - INFO -   srv    prefix_cache_hit=80.1% unique_in_srv=66,914,236 ext_cache_hit=76.0% kv_usage=0.0% queue=0r/0w tput_in_srv=92,482/s tput_out_srv=777/s
2026-10-09 19:58:01.994 - records_manager - INFO - Profiling metric coverage passed for 'profiling': TTFT=99.9%, inter-token latency=100.0% (required=95.0%).
2026-10-09 19:58:04.539 - system_controller - INFO - Waiting for result domains: server_metrics
2026-10-09 19:59:05.972 - ServerMetricsParquetExporter - INFO - Parquet export complete: /data/results/offload-thunder-60m/c32/aiperf_artifacts/server_metrics_export.parquet, 3,282,378 rows.
2026-10-09 19:59:05.982 - ServerMetricsAccumulator_e7828085 - INFO - Exported server metrics to Parquet: /data/results/offload-thunder-60m/c32/aiperf_artifacts/server_metrics_export.parquet
2026-10-09 19:59:10.476 - records_manager - INFO - _finalize_and_process_results completed
2026-10-09 19:59:17.148 - system_controller - INFO - All results received, initiating shutdown
2026-10-09 19:59:18.129 - MultiProcessServiceManager_202add6e - WARNING - Service worker process (pid: 59) still alive after bus shutdown grace; killing (SIGKILL / TerminateProcess — children ignore SIGTERM)
2026-10-09 19:59:18.555 - ExporterManager - INFO - Exporting all records
2026-10-09 19:59:34.365 - ExporterManager - INFO - Exporting console data
