ts,kv_cache_usage_perc,num_requests_running,num_requests_waiting,num_preemptions_total,cum_prefix_cache_queries,cum_prefix_cache_hits,interval_queries,interval_hits,interval_hit_rate
1789580225.1,0.0,0.0,0.0,0.0,28755688,25334672,0,0,
1789580227.1,0.0,0.0,0.0,0.0,28755688,25334672,0,0,
1789580229.1,0.0,0.0,0.0,0.0,28755688,25334672,0,0,
1789580231.1,0.0,0.0,0.0,0.0,28755688,25334672,0,0,
1789580233.2,0.0,0.0,0.0,0.0,28755688,25334672,0,0,
1789580235.2,0.0,0.0,0.0,0.0,28755688,25334672,0,0,
1789580237.2,0.0,0.0,0.0,0.0,28755688,25334672,0,0,
1789580239.2,0.0,0.0,0.0,0.0,28755688,25334672,0,0,
1789580241.2,0.0,0.0,0.0,0.0,28755688,25334672,0,0,
1789580243.2,0.0,0.0,0.0,0.0,28755688,25334672,0,0,
1789580245.3,0.0,0.0,0.0,0.0,28755688,25334672,0,0,
1789580247.3,0.0,0.0,0.0,0.0,28755688,25334672,0,0,
1789580249.3,0.0,0.0,0.0,0.0,28755688,25334672,0,0,
1789580251.3,0.0,0.0,0.0,0.0,28755688,25334672,0,0,
1789580253.3,0.0,0.0,0.0,0.0,28755688,25334672,0,0,
1789580255.3,0.0,0.0,0.0,0.0,28755688,25334672,0,0,
1789580257.4,0.0,0.0,0.0,0.0,28755688,25334672,0,0,
1789580259.4,0.0,0.0,0.0,0.0,28755688,25334672,0,0,
1789580261.4,0.0,0.0,0.0,0.0,28755688,25334672,0,0,
1789580263.4,0.0,0.0,0.0,0.0,28755688,25334672,0,0,
1789580265.4,0.0,0.0,0.0,0.0,28755688,25334672,0,0,
1789580267.4,0.0,0.0,0.0,0.0,28755688,25334672,0,0,
1789580269.5,0.0,0.0,0.0,0.0,28755688,25334672,0,0,
1789580271.5,0.0,0.0,0.0,0.0,28755688,25334672,0,0,
1789580273.5,0.0,0.0,0.0,0.0,28755688,25334672,0,0,
1789580275.5,0.0,0.0,0.0,0.0,28755688,25334672,0,0,
1789580277.5,0.0,0.0,0.0,0.0,28755688,25334672,0,0,
1789580279.5,0.0,0.0,0.0,0.0,28755688,25334672,0,0,
1789580281.6,0.0,0.0,0.0,0.0,28755688,25334672,0,0,
1789580283.6,0.0,0.0,0.0,0.0,28755688,25334672,0,0,
1789580285.6,0.0,0.0,0.0,0.0,28755688,25334672,0,0,
1789580287.6,0.0,0.0,0.0,0.0,28755688,25334672,0,0,
1789580289.6,0.0,0.0,0.0,0.0,28755688,25334672,0,0,
1789580291.6,0.0,0.0,0.0,0.0,28755688,25334672,0,0,
1789580293.7,0.0,0.0,0.0,0.0,28755688,25334672,0,0,
1789580295.7,0.038865921867624165,15.0,23.0,0.0,28863745,25334672,108057,0,0.0
1789580297.7,0.07058663653139174,11.0,23.0,0.0,28941125,25334672,77380,0,0.0
1789580299.7,0.09361008196604059,7.0,27.0,0.0,29005820,25334672,64695,0,0.0
1789580301.8,0.11895089189923758,9.0,29.0,0.0,29042898,25334672,37078,0,0.0
1789580303.8,0.16277339894431175,24.0,14.0,0.0,29143956,25334672,101058,0,0.0
1789580305.8,0.19482312214799657,22.0,17.0,0.0,29231356,25334672,87400,0,0.0
1789580307.8,0.22599310512538084,14.0,20.0,0.0,29290004,25334672,58648,0,0.0
1789580309.8,0.2583003132733489,13.0,26.0,0.0,29360839,25334672,70835,0,0.0
1789580311.9,0.3022658675096914,16.0,23.0,0.0,29501904,25334688,141065,16,0.0001
1789580313.9,0.3242307637289542,16.0,23.0,0.0,29501904,25334688,0,0,
1789580315.9,0.34987912512337815,17.0,22.0,0.0,29558894,25334688,56990,0,0.0
1789580317.9,0.38648490136896163,19.0,20.0,0.0,29639071,25334688,80177,0,0.0
1789580319.9,0.4157952708598567,20.0,19.0,0.0,29799832,25334688,160761,0,0.0
1789580322.0,0.43045045560530415,20.0,19.0,0.0,29799832,25334688,0,0,
1789580324.0,0.44142932753515385,20.0,19.0,0.0,29799832,25334688,0,0,
1789580326.0,0.4524368089032572,20.0,19.0,0.0,29799832,25334688,0,0,
1789580328.0,0.4597465203770724,20.0,19.0,0.0,29799832,25334688,0,0,
1789580330.0,0.4927045932453116,23.0,16.0,0.0,29879004,25334688,79172,0,0.0
1789580332.1,0.5258486274621998,26.0,13.0,0.0,29952534,25335072,73530,384,0.0052
1789580334.1,0.5584204729140143,26.0,13.0,0.0,30032964,25335072,80430,0,0.0
1789580336.1,0.5877022329666557,27.0,12.0,0.0,30088723,25335072,55759,0,0.0
1789580338.1,0.6243580757291831,29.0,10.0,0.0,30187982,25335072,99259,0,0.0
1789580340.1,0.64997067532579,31.0,8.0,0.0,30257539,25335088,69557,16,0.0002
1789580342.1,0.6829573576322829,32.0,7.0,0.0,30313309,25335088,55770,0,0.0
1789580344.2,0.6740169081780079,32.0,6.0,0.0,30360049,25335088,46740,0,0.0
1789580346.2,0.7070035904845009,34.0,4.0,0.0,30444774,25335088,84725,0,0.0
1789580348.2,0.7362781981775788,35.0,3.0,0.0,30502588,25335104,57814,16,0.0003
1789580350.2,0.7692648804840717,37.0,2.0,0.0,30579744,25335104,77156,0,0.0
1789580352.2,0.7892414207447037,38.0,0.0,0.0,30694954,25412208,115210,77104,0.6692
1789580354.3,0.8277282675554666,39.0,0.0,0.0,30778824,25496064,83870,83856,0.9998
1789580356.3,0.7694794512709743,36.0,0.0,0.0,30926724,25589296,147900,93232,0.6304
1789580358.3,0.7862302773685039,36.0,0.0,0.0,31008410,25667376,81686,78080,0.9559
1789580360.3,0.7603530404680504,34.0,0.0,0.0,31138524,25766656,130114,99280,0.763
1789580362.3,0.7407198134664625,33.0,0.0,0.0,31222513,25838992,83989,72336,0.8613
1789580364.4,0.7595877379947644,34.0,0.0,0.0,31346314,25935456,123801,96464,0.7792
1789580366.4,0.7834980760152774,35.0,0.0,0.0,31419482,26001552,73168,66096,0.9033
1789580368.4,0.7601456220407112,33.0,2.0,0.0,31504972,26050848,85490,49296,0.5766
1789580370.4,0.8328278999241849,38.0,0.0,0.0,31753871,26286624,248899,235776,0.9473
1789580372.4,0.7636145164289699,35.0,0.0,0.0,31812805,26342752,58934,56128,0.9524
1789580374.5,0.7650449883416539,36.0,0.0,0.0,32009730,26534400,196925,191648,0.9732
1789580376.5,0.7822607178108058,36.0,0.0,0.0,32165461,26656976,155731,122576,0.7871
1789580378.5,0.7266582745647789,35.0,0.0,0.0,32309211,26793040,143750,136064,0.9465
1789580380.5,0.7980674324459639,37.0,0.0,0.0,32502695,26944896,193484,151856,0.7849
1789580382.5,0.789706324116326,36.0,0.0,0.0,32725915,27152240,223220,207344,0.9289
1789580384.6,0.8073941093166636,37.0,0.0,0.0,32763447,27188288,37532,36048,0.9605
1789580386.6,0.7633355744059965,35.0,2.0,0.0,32942521,27325104,179074,136816,0.764
1789580388.6,0.7726479465575693,37.0,0.0,0.0,33145287,27491088,202766,165984,0.8186
1789580390.6,0.8475116941078862,39.0,0.0,0.0,33417927,27708272,272640,217184,0.7966
1789580392.6,0.8323415394738725,37.0,0.0,0.0,33479661,27761152,61734,52880,0.8566
1789580394.7,0.8319910738552648,37.0,0.0,0.0,33560703,27838384,81042,77232,0.953
1789580396.7,0.8641838442502181,39.0,0.0,0.0,33828129,28099392,267426,261008,0.976
1789580398.7,0.7566838800120159,35.0,0.0,0.0,33959855,28226976,131726,127584,0.9686
1789580400.7,0.8441786945513325,38.0,0.0,0.0,34214911,28461184,255056,234208,0.9183
1789580402.8,0.855343527829831,37.0,0.0,0.0,34349881,28542544,134970,81360,0.6028
1789580404.8,0.893472756662423,38.0,0.0,0.0,34410091,28590640,60210,48096,0.7988
1789580406.8,0.890783469466577,38.0,0.0,0.0,34459766,28590640,49675,0,0.0
1789580408.8,0.9185203198535197,39.0,0.0,0.0,34540387,28667520,80621,76880,0.9536
1789580410.9,0.848205472985538,36.0,0.0,0.0,34672061,28796208,131674,128688,0.9773
1789580412.9,0.9448481554064686,40.0,0.0,0.0,34929504,29039024,257443,242816,0.9432
1789580414.9,0.8382064743158768,34.0,0.0,0.0,34971914,29081424,42410,42400,0.9998
1789580416.9,0.9061896519661836,38.0,0.0,0.0,35363802,29452528,391888,371104,0.947
1789580419.0,0.9115539216387486,38.0,0.0,0.0,35474167,29561776,110365,109248,0.9899
1789580421.0,0.8852904573218705,37.0,0.0,0.0,35519370,29605552,45203,43776,0.9684
1789580423.1,0.9246069778419901,38.0,0.0,0.0,35758071,29834704,238701,229152,0.96
1789580425.1,0.9117398829873975,37.0,0.0,0.0,36136425,30195696,378354,360992,0.9541
1789580427.1,0.9521936286781009,39.0,0.0,0.0,36301314,30358640,164889,162944,0.9882
1789580429.2,0.8748337076401504,36.0,0.0,0.0,36379860,30436624,78546,77984,0.9928
1789580431.2,0.8095898837026335,34.0,0.0,0.0,36635502,30673280,255642,236656,0.9257
1789580433.2,0.8353884446478893,35.0,0.0,0.0,36763163,30792896,127661,119616,0.937
1789580435.2,0.8624315161571803,35.0,0.0,0.0,36861594,30885040,98431,92144,0.9361
1789580437.2,0.9464431315891112,38.0,0.0,0.0,37195979,31214320,334385,329280,0.9847
1789580439.2,0.8654712689716337,36.0,0.0,0.0,37417606,31389424,221627,175104,0.7901
1789580441.3,0.9588810848698985,39.0,0.0,0.0,37589556,31542304,171950,152880,0.8891
1789580443.3,0.9102378874790793,37.0,0.0,0.0,37589556,31542304,0,0,
1789580445.3,0.9103594775916575,37.0,0.0,0.0,37748361,31699456,158805,157152,0.9896
1789580447.3,0.8610725678401304,35.0,2.0,0.0,37793348,31699488,44987,32,0.0007
1789580449.3,0.9162172600740984,38.0,2.0,0.0,37976209,31789072,182861,89584,0.4899
1789580451.4,0.9649391334201153,41.0,0.0,0.0,38072556,31848848,96347,59776,0.6204
1789580453.4,0.9619494471226058,40.0,0.0,0.0,38112496,31888768,39940,39920,0.9995
1789580455.4,0.9647603244310298,40.0,1.0,0.0,38199164,31888768,86668,0,0.0
1789580457.4,0.9817114165963351,40.0,2.0,0.0,38199164,31888768,0,0,
1789580459.5,0.9806242579426953,40.0,2.0,0.0,38258719,31888768,59555,0,0.0
1789580461.5,0.9821620152488306,40.0,1.0,0.0,38302385,31888768,43666,0,0.0
1789580463.5,0.9892643082953066,40.0,1.0,0.0,38356709,31888768,54324,0,0.0
1789580465.5,0.9923398229075772,40.0,1.0,0.0,38356709,31888768,0,0,
1789580467.5,0.9771696682735634,40.0,0.0,0.0,38444246,31908816,87537,20048,0.229
1789580469.6,0.9954439469581015,40.0,0.0,0.0,38515494,31949424,71248,40608,0.57
1789580471.6,0.995572689430243,41.0,0.0,0.0,38575946,31949424,60452,0,0.0
1789580473.6,0.9758965482712747,40.0,1.0,0.0,38625010,31994640,49064,45216,0.9216
1789580475.6,0.97908650063656,40.0,1.0,0.0,38686286,31998528,61276,3888,0.0635
1789580477.7,0.9528802551961892,39.0,0.0,0.0,38820912,32123696,134626,125168,0.9297
1789580479.7,0.9475660520405682,39.0,0.0,0.0,38937863,32216432,116951,92736,0.7929
1789580481.7,0.9817757878324059,40.0,0.0,0.0,39121513,32370368,183650,153936,0.8382
1789580483.7,0.9861315748065287,40.0,0.0,0.0,39161485,32406032,39972,35664,0.8922
1789580485.7,0.8821005049565852,35.0,0.0,0.0,39218736,32461408,57251,55376,0.9672
1789580487.8,0.9295492583003133,37.0,1.0,0.0,39336388,32525744,117652,64336,0.5468
1789580489.8,0.9515213068791394,38.0,1.0,0.0,39376886,32525744,40498,0,0.0
1789580491.8,0.9503340151916118,38.0,0.0,0.0,39438413,32534288,61527,8544,0.1389
1789580493.8,0.9802809446836511,39.0,0.0,0.0,39575694,32618336,137281,84048,0.6122
1789580495.9,0.9770123163631682,39.0,1.0,0.0,39616758,32618336,41064,0,0.0
1789580497.9,0.9911882930178666,39.0,0.0,0.0,39677942,32660720,61184,42384,0.6927
1789580499.9,0.9815826741241935,39.0,0.0,0.0,39746066,32660720,68124,0,0.0
1789580501.9,0.9701603559014119,38.0,0.0,0.0,39814203,32722320,68137,61600,0.9041
1789580503.9,0.9847297123320984,40.0,0.0,0.0,39901102,32766320,86899,44000,0.5063
1789580506.0,0.9351567081980345,39.0,0.0,0.0,40015191,32800736,114089,34416,0.3017
1789580508.0,0.9001459081350938,37.0,1.0,0.0,40015191,32800736,0,0,
1789580510.0,0.9932195631338778,40.0,1.0,0.0,40208813,32985296,193622,184560,0.9532
1789580512.0,0.9824338049122405,40.0,0.0,0.0,40293710,32999280,84897,13984,0.1647
1789580514.0,0.9459424664196718,39.0,0.0,0.0,40406662,33109632,112952,110352,0.977
1789580516.1,0.9495472556396355,39.0,0.0,0.0,40512237,33214704,105575,105072,0.9952
1789580518.1,0.9530376071065845,39.0,0.0,0.0,40738322,33433920,226085,219216,0.9696
1789580520.1,0.956964252506902,39.0,0.0,0.0,40925051,33534112,186729,100192,0.5366
1789580522.1,0.9789148440070379,39.0,1.0,0.0,40925051,33534112,0,0,
1789580524.2,0.9957300413406382,40.0,0.0,0.0,40941107,33534112,16056,0,0.0
1789580526.2,0.9696525383724091,39.0,0.0,0.0,41087609,33678304,146502,144192,0.9842
1789580528.2,0.9508918992375585,39.0,1.0,0.0,41151228,33678320,63619,16,0.0003
1789580530.2,0.9801808116497632,40.0,0.0,0.0,41219692,33678320,68464,0,0.0
1789580532.2,0.9638734318451657,39.0,2.0,0.0,41281791,33678320,62099,0,0.0
1789580534.3,0.9942065887536298,40.0,1.0,0.0,41340549,33697040,58758,18720,0.3186
1789580536.3,0.9819832062597451,39.0,2.0,1.0,41340549,33697040,0,0,
1789580538.3,0.9334544466219405,39.0,0.0,1.0,41424052,33697040,83503,0,0.0
1789580540.3,0.9351209464002175,37.0,0.0,1.0,41530332,33783040,106280,86000,0.8092
1789580542.3,0.9539745662093925,37.0,4.0,1.0,41629480,33783040,99148,0,0.0
1789580544.4,0.9722989114108744,37.0,5.0,1.0,41629480,33783040,0,0,
1789580546.4,0.9801164404136925,37.0,4.0,1.0,41700485,33823920,71005,40880,0.5757
1789580548.4,0.9902799433533123,37.0,5.0,1.0,41700485,33823920,0,0,
1789580550.4,0.98293447008168,37.0,4.0,1.0,41779918,33823920,79433,0,0.0
1789580552.4,0.9771267541161829,36.0,5.0,1.0,41779918,33823920,0,0,
1789580554.5,0.967335173873861,36.0,6.0,1.0,41831465,33823920,51547,0,0.0
1789580556.5,0.9907448467249346,37.0,5.0,1.0,41872641,33823920,41176,0,0.0
1789580558.5,0.951106470024461,37.0,4.0,1.0,41958697,33823920,86056,0,0.0
1789580560.5,0.9716051325332227,37.0,5.0,1.0,41958697,33823920,0,0,
1789580562.5,0.9222109373882443,36.0,6.0,1.0,42026097,33823920,67400,0,0.0
1789580564.6,0.9441829859670705,37.0,5.0,1.0,42069956,33823920,43859,0,0.0
1789580566.6,0.973500507817529,38.0,4.0,1.0,42134625,33823920,64669,0,0.0
1789580568.6,0.9797874318737751,38.0,4.0,1.0,42134625,33823920,0,0,
1789580570.6,0.9832062597450899,38.0,3.0,1.0,42196402,33823920,61777,0,0.0
1789580572.6,0.9579226686884003,37.0,4.0,1.0,42265111,33823920,68709,0,0.0
1789580574.7,0.9626217689215673,37.0,4.0,1.0,42339550,33823920,74439,0,0.0
1789580576.7,0.9481740026034589,36.0,5.0,1.0,42339550,33823920,0,0,
1789580578.7,0.973808059278756,37.0,5.0,1.0,42427413,33823920,87863,0,0.0
1789580580.7,0.9667415280300972,36.0,5.0,1.0,42427413,33823920,0,0,
1789580582.7,0.9895790121160971,37.0,5.0,1.0,42477980,33823920,50567,0,0.0
1789580584.8,0.9333900753858698,35.0,5.0,1.0,42545167,33823920,67187,0,0.0
1789580586.8,0.959059893858984,37.0,5.0,1.0,42589645,33823920,44478,0,0.0
1789580588.8,0.9883130444733718,38.0,4.0,1.0,42662959,33823920,73314,0,0.0
1789580590.8,0.9783927217589082,38.0,3.0,1.0,42710138,33823920,47179,0,0.0
1789580592.8,0.9802165734475804,38.0,3.0,1.0,42778056,33823920,67918,0,0.0
1789580594.9,0.9961448781953166,38.0,4.0,1.0,42778056,33823920,0,0,
1789580596.9,0.9421445634914959,37.0,4.0,1.0,42858075,33823920,80019,0,0.0
1789580598.9,0.9677786201667931,37.0,5.0,1.0,42858075,33823920,0,0,
1789580600.9,0.9933554579655829,38.0,4.0,1.0,42900229,33823920,42154,0,0.0
1789580602.9,0.9732430228732459,38.0,3.0,1.0,42969230,33823920,69001,0,0.0
1789580605.0,0.9756104538887379,37.0,4.0,1.0,42969230,33823920,0,0,
1789580607.0,0.9531019783426552,38.0,3.0,1.0,43076953,33823920,107723,0,0.0
1789580609.0,0.9780494084998641,38.0,3.0,1.0,43076953,33823920,0,0,
1789580611.0,0.950305405753358,38.0,4.0,1.0,43145895,33823920,68942,0,0.0
1789580613.0,0.9611483828515027,37.0,5.0,1.0,43145895,33823920,0,0,
1789580615.1,0.9590026749824767,38.0,3.0,1.0,43252500,33823920,106605,0,0.0
1789580617.1,0.979887564907663,38.0,4.0,1.0,43252500,33823920,0,0,
1789580619.1,0.9538243666585606,37.0,4.0,1.0,43359345,33823920,106845,0,0.0
1789580621.1,0.9757892628778234,37.0,5.0,1.0,43359345,33823920,0,0,
1789580623.2,0.9904301429041441,37.0,5.0,1.0,43359345,33823920,0,0,
1789580625.2,0.9636159469008826,36.0,6.0,1.0,43359345,33823920,0,0,
1789580627.2,0.9611197734132491,36.0,6.0,1.0,43447551,33823920,88206,0,0.0
1789580629.2,0.9489750668745619,35.0,6.0,1.0,43447551,33823920,0,0,
1789580631.2,0.9707611541047392,36.0,6.0,1.0,43489518,33823920,41967,0,0.0
1789580633.3,0.9637518417325875,35.0,7.0,1.0,43565322,33823920,75804,0,0.0
1789580635.3,0.9345058434777633,34.0,7.0,1.0,43608741,33823920,43419,0,0.0
1789580637.3,0.9601184430743702,36.0,6.0,1.0,43659858,33823936,51117,16,0.0003
1789580639.3,0.9856380619966527,37.0,5.0,1.0,43709240,33823936,49382,0,0.0
1789580641.3,0.9440184816971119,36.0,4.0,1.0,43777935,33823936,68695,0,0.0
1789580643.4,0.9659762255568112,37.0,5.0,1.0,43840186,33823936,62251,0,0.0
1789580645.4,0.9729068619737652,37.0,4.0,1.0,43909489,33823936,69303,0,0.0
1789580647.4,0.957271803968129,36.0,6.0,1.0,43909489,33823936,0,0,
1789580649.4,0.9800663738967486,37.0,5.0,1.0,43955959,33823936,46470,0,0.0
1789580651.5,0.982526785586565,36.0,6.0,1.0,44025282,33823936,69323,0,0.0
1789580653.5,0.9728281860185676,35.0,7.0,1.0,44025282,33823936,0,0,
1789580655.5,0.973686469166178,35.0,7.0,1.0,44025282,33823936,0,0,
1789580657.5,0.9521721715994107,34.0,8.0,1.0,44105664,33823936,80382,0,0.0
1789580659.5,0.9668345087044216,35.0,7.0,1.0,44168699,33823936,63035,0,0.0
1789580661.6,0.9946142732487447,35.0,7.0,1.0,44168699,33823936,0,0,
1789580663.6,0.9645314489250003,35.0,6.0,1.0,44287856,33823936,119157,0,0.0
1789580665.6,0.9901655056002976,35.0,6.0,1.0,44287856,33823936,0,0,
1789580667.6,0.9037292402763671,33.0,5.0,1.0,44340935,33823936,53079,0,0.0
1789580669.6,0.9330253050481354,35.0,5.0,1.0,44425080,33823936,84145,0,0.0
1789580671.6,0.9659833779163746,36.0,5.0,1.0,44477298,33823936,52218,0,0.0
1789580673.7,0.9951006336990573,37.0,4.0,1.0,44524025,33823936,46727,0,0.0
1789580675.7,0.9847011028938447,37.0,3.0,1.0,44569097,33823936,45072,0,0.0
1789580677.7,0.9869254867180683,37.0,4.0,1.0,44616671,33823936,47574,0,0.0
1789580679.7,0.9479522794569929,35.0,4.0,1.0,44723942,33823936,107271,0,0.0
1789580681.8,0.9662480152202212,35.0,7.0,1.0,44723942,33823936,0,0,
1789580683.8,0.9436036448424335,34.0,7.0,1.0,44723942,33823936,0,0,
1789580685.8,0.9692377015177307,35.0,6.0,1.0,44804241,33823936,80299,0,0.0
1789580687.8,0.9804382965940464,35.0,8.0,1.0,44804241,33823936,0,0,
1789580689.8,0.9750096556854106,35.0,8.0,1.0,44880187,33823936,75946,0,0.0
1789580691.9,0.974709256583747,34.0,9.0,1.0,44880187,33823936,0,0,
1789580693.9,0.9966884575221365,35.0,8.0,1.0,44926436,33823936,46249,0,0.0
1789580695.9,0.9735720314131632,35.0,7.0,1.0,44967078,33823952,40642,16,0.0004
1789580697.9,0.9718840745561961,36.0,7.0,1.0,45009681,33823952,42603,0,0.0
1789580699.9,0.969788433204114,35.0,7.0,1.0,45080733,33823952,71052,0,0.0
1789580702.0,0.983463744689373,35.0,8.0,1.0,45080733,33823952,0,0,
1789580704.0,0.9707039352282318,34.0,8.0,1.0,45159357,33823952,78624,0,0.0
1789580706.0,0.9685081608422619,34.0,7.0,1.0,45207300,33823952,47943,0,0.0
1789580708.0,0.9998140386513511,35.0,7.0,1.0,45245441,33823968,38141,16,0.0004
1789580710.0,0.9569141859899581,34.0,7.0,1.0,45295230,33823968,49789,0,0.0
1789580712.1,0.9462214084426452,34.0,7.0,1.0,45365011,33823968,69781,0,0.0
1789580714.1,0.9718554651179424,34.0,8.0,1.0,45365011,33823968,0,0,
1789580716.1,0.9670705365700144,34.0,8.0,1.0,45444184,33823968,79173,0,0.0
1789580718.1,0.9628577967871601,34.0,8.0,1.0,45531933,33823968,87749,0,0.0
1789580720.1,0.9884847011028939,34.0,8.0,1.0,45531933,33823968,0,0,
1789580722.2,0.9719985123092109,33.0,9.0,1.0,45531933,33823968,0,0,
1789580724.2,0.9774128484987197,33.0,9.0,1.0,45596810,33823968,64877,0,0.0
1789580726.2,0.9748022372580715,32.0,9.0,1.0,45641677,33823968,44867,0,0.0
1789580728.2,0.9869755532350122,33.0,9.0,1.0,45727540,33823968,85863,0,0.0
1789580730.2,0.9984550903343012,33.0,10.0,1.0,45727540,33823968,0,0,
1789580732.3,0.9381034803381636,31.0,9.0,1.0,45769853,33823968,42313,0,0.0
1789580734.3,0.9491181140658304,31.0,12.0,1.0,45834754,33823968,64901,0,0.0
1789580736.3,0.9747521707411275,32.0,11.0,1.0,45899613,33823968,64859,0,0.0
1789580738.3,0.9489178479980546,32.0,10.0,1.0,45973928,33823968,74315,0,0.0
1789580740.3,0.9708827442173172,32.0,10.0,1.0,45973928,33823968,0,0,
1789580742.3,0.9965239532521779,33.0,9.0,1.0,46036233,33823968,62305,0,0.0
1789580744.4,0.9998283433704779,33.0,9.0,1.0,46036233,33823968,0,0,
1789580746.4,0.9974680647145493,33.0,9.0,2.0,46081682,33823968,45449,0,0.0
1789580748.4,0.9507846138441072,31.0,11.0,3.0,46081682,33823968,0,0,
1789580750.4,0.9962307065100777,34.0,9.0,3.0,46137300,33823968,55618,0,0.0
1789580752.4,0.9931909536956242,35.0,8.0,3.0,46201578,33823968,64278,0,0.0
1789580754.5,0.9575006794741585,34.0,9.0,3.0,46271626,33823968,70048,0,0.0
1789580756.5,0.9831132790707654,35.0,8.0,3.0,46310161,33823968,38535,0,0.0
1789580758.5,0.9838142103079806,35.0,8.0,3.0,46351085,33823968,40924,0,0.0
1789580760.5,0.9836497060380219,35.0,8.0,3.0,46403983,33823968,52898,0,0.0
1789580762.6,0.9378102335960633,33.0,8.0,3.0,46511830,33823968,107847,0,0.0
1789580764.6,0.9561345787975453,33.0,10.0,3.0,46511830,33823968,0,0,
1789580766.6,0.9671349078060852,33.0,10.0,3.0,46511830,33823968,0,0,
1789580768.6,0.9890711945870942,34.0,9.0,3.0,46560005,33823968,48175,0,0.0
1789580770.6,0.9942709599897006,35.0,9.0,3.0,46579587,33842576,19582,18608,0.9503
1789580772.7,0.9795585563677457,35.0,9.0,3.0,46651058,33842576,71471,0,0.0
1789580774.7,0.9607192412776975,35.0,8.0,3.0,46701765,33842576,50707,0,0.0
1789580776.7,0.9764615846767849,35.0,9.0,3.0,46701765,33842576,0,0,
1789580778.7,0.9539244996924485,35.0,8.0,3.0,46783565,33842576,81800,0,0.0
1789580780.7,0.9759251577095284,36.0,8.0,3.0,46826478,33842576,42913,0,0.0
1789580782.8,0.9664697383666871,36.0,8.0,3.0,46880295,33842576,53817,0,0.0
1789580784.8,0.9912741213326276,36.0,7.0,3.0,46923669,33842576,43374,0,0.0
1789580786.8,0.9920680332441673,36.0,8.0,3.0,46923669,33842576,0,0,
1789580788.8,0.9859170040196261,37.0,6.0,3.0,47004792,33866368,81123,23792,0.2933
1789580790.8,0.9848513024446764,37.0,6.0,3.0,47052574,33866368,47782,0,0.0
1789580792.9,0.9830346031155678,37.0,5.0,3.0,47134515,33866368,81941,0,0.0
1789580794.9,0.9978614444905374,37.0,5.0,3.0,47134515,33866368,0,0,
1789580796.9,0.9571716709342412,36.0,7.0,3.0,47223911,33866368,89396,0,0.0
1789580798.9,0.9716551990501666,36.0,8.0,3.0,47223911,33866368,0,0,
1789580800.9,0.9757177392821892,36.0,7.0,3.0,47331874,33866368,107963,0,0.0
1789580802.9,0.9611054686941222,35.0,8.0,3.0,47331874,33866368,0,0,
1789580805.0,0.9602185761082581,35.0,8.0,3.0,47354494,33866368,22620,0,0.0
1789580807.0,0.9688014075843621,37.0,6.0,3.0,47499556,33884976,145062,18608,0.1283
1789580809.0,0.9944283119000958,37.0,6.0,3.0,47499556,33884976,0,0,
1789580811.0,0.9156021571516443,35.0,8.0,3.0,47575969,33884976,76413,0,0.0
1789580813.0,0.9338692834766189,35.0,8.0,3.0,47575969,33884976,0,0,
1789580815.1,0.9595247972306064,36.0,7.0,3.0,47651148,33884976,75179,0,0.0
1789580817.1,0.9814968458094325,37.0,6.0,3.0,47704336,33884976,53188,0,0.0
1789580819.1,0.8862631782224956,36.0,5.0,3.0,47753500,33884976,49164,0,0.0
1789580821.1,0.9155520906347003,37.0,6.0,3.0,47818983,33884976,65483,0,0.0
1789580823.1,0.9206445706438554,38.0,4.0,3.0,47866403,33884976,47420,0,0.0
1789580825.2,0.9397842848355673,38.0,4.0,3.0,47910134,33884976,43731,0,0.0
1789580827.2,0.9690875019668989,39.0,4.0,3.0,47982431,33884976,72297,0,0.0
1789580829.2,0.9443117284392121,38.0,5.0,3.0,47982431,33884976,0,0,
1789580831.2,0.9257871171699543,38.0,4.0,3.0,48143637,33884976,161206,0,0.0
1789580833.3,0.9514211738452516,38.0,5.0,3.0,48143637,33884976,0,0,
1789580835.3,0.966090663309826,38.0,6.0,3.0,48143637,33884976,0,0,
1789580837.3,0.9770695352396755,38.0,6.0,3.0,48143637,33884976,0,0,
1789580839.3,0.988026950090835,38.0,6.0,3.0,48143637,33884976,0,0,
1789580841.3,0.9945069878552935,38.0,6.0,3.0,48143637,33884976,0,0,
1789580843.4,0.9887779478449941,36.0,8.0,3.0,48143637,33884976,0,0,
1789580845.4,0.9895647073969702,36.0,8.0,3.0,48143637,33884976,0,0,
1789580847.4,0.9688228646630523,35.0,8.0,3.0,48143637,33884976,0,0,
1789580849.4,0.9745519046733517,35.0,8.0,3.0,48251668,33884976,108031,0,0.0
1789580851.4,0.9891927846996724,35.0,9.0,3.0,48251668,33884976,0,0,
1789580853.5,0.9975968071866909,35.0,9.0,3.0,48251668,33884976,0,0,
1789580855.5,0.9376457293261047,33.0,8.0,3.0,48341676,33884976,90008,0,0.0
1789580857.5,0.9596535397027479,33.0,9.0,3.0,48341676,33884976,0,0,
1789580859.5,0.951342497890054,33.0,9.0,3.0,48422656,33884976,80980,0,0.0
1789580861.5,0.9769694022057877,33.0,10.0,3.0,48422656,33884976,0,0,
1789580863.6,0.9619065329652252,33.0,10.0,3.0,48468649,33884976,45993,0,0.0
1789580865.6,0.9361437338177865,32.0,11.0,3.0,48520116,33884976,51467,0,0.0
1789580867.6,0.9250933382923027,32.0,12.0,3.0,48585915,33884976,65799,0,0.0
1789580869.6,0.9459424664196718,34.0,9.0,3.0,48704720,33927376,118805,42400,0.3569
1789580871.6,0.9752456835510035,35.0,9.0,3.0,48749497,33927376,44777,0,0.0
1789580873.7,0.9557054372237401,35.0,8.0,3.0,48813434,33927376,63937,0,0.0
1789580875.7,0.9813466462586007,36.0,8.0,3.0,48862914,33927376,49480,0,0.0
1789580877.7,0.9727352053442431,37.0,6.0,3.0,48926070,33927376,63156,0,0.0
1789580879.7,0.9799948503011143,36.0,7.0,3.0,49010492,33927376,84422,0,0.0
1789580881.8,0.9749023702919594,35.0,7.0,3.0,49010492,33927376,0,0,
1789580883.8,0.9954725563963551,36.0,8.0,3.0,49052951,33927376,42459,0,0.0
1789580885.8,0.9634728997096142,35.0,8.0,3.0,49126146,33927376,73195,0,0.0
1789580887.8,0.9494185131674939,34.0,8.0,3.0,49126146,33927376,0,0,
1789580889.8,0.9787360350179524,35.0,7.0,3.0,49206521,33927376,80375,0,0.0
1789580891.9,0.9706753257899781,35.0,6.0,3.0,49253514,33927376,46993,0,0.0
1789580893.9,0.953574034073841,34.0,9.0,3.0,49253514,33927376,0,0,
1789580895.9,0.9543607936258172,34.0,9.0,3.0,49253514,33927376,0,0,
1789580897.9,0.9084855593860415,33.0,8.0,3.0,49361867,33927376,108353,0,0.0
1789580899.9,0.9267741427897063,33.0,8.0,3.0,49361867,33927376,0,0,
1789580902.0,0.9414436322542807,33.0,8.0,3.0,49361867,33927376,0,0,
1789580904.0,0.9670848412891413,35.0,6.0,3.0,49442948,33927376,81081,0,0.0
1789580906.0,0.9789076916474745,35.0,5.0,3.0,49487891,33927376,44943,0,0.0
1789580908.0,0.9799090219863533,35.0,4.0,3.0,49578436,33927376,90545,0,0.0
1789580910.0,0.994549902012674,35.0,4.0,3.0,49578436,33927376,0,0,
1789580912.1,0.9669060323000558,34.0,3.0,3.0,49650084,33927376,71648,0,0.0
1789580914.1,0.9880984736864692,34.0,3.0,3.0,49650084,33927376,0,0,
1789580916.1,0.9645314489250003,33.0,2.0,3.0,49719028,33927376,68944,0,0.0
1789580918.1,0.9840359334544466,33.0,1.0,3.0,49761068,33927376,42040,0,0.0
1789580920.1,0.9737651451213756,33.0,0.0,3.0,49763124,33927376,2056,0,0.0
1789580922.2,0.8994592816170055,31.0,0.0,3.0,49763124,33927376,0,0,
1789580924.2,0.8220707511408014,29.0,0.0,3.0,49763124,33927376,0,0,
1789580926.2,0.7663467177821963,27.0,0.0,3.0,49763124,33927376,0,0,
1789580928.2,0.711674081279414,25.0,0.0,3.0,49763124,33927376,0,0,
1789580930.2,0.6723504083997311,24.0,0.0,3.0,49763124,33927376,0,0,
1789580932.3,0.5973221565794555,21.0,0.0,3.0,49763124,33927376,0,0,
1789580934.3,0.47164804669060323,15.0,0.0,3.0,49763124,33927376,0,0,
1789580936.3,0.420723246599053,13.0,0.0,3.0,49763124,33927376,0,0,
1789580938.3,0.4214241778362682,13.0,0.0,3.0,49763124,33927376,0,0,
1789580940.4,0.36968400875448815,11.0,0.0,3.0,49763124,33927376,0,0,
1789580942.4,0.37032056875563246,11.0,0.0,3.0,49763124,33927376,0,0,
1789580944.4,0.3202039852947487,9.0,0.0,3.0,49763124,33927376,0,0,
1789580946.4,0.3207690217002589,9.0,0.0,3.0,49763124,33927376,0,0,
1789580948.4,0.29743802480438297,8.0,0.0,3.0,49763124,33927376,0,0,
1789580950.5,0.2979887564907663,8.0,0.0,3.0,49763124,33927376,0,0,
1789580952.5,0.18631896662709024,5.0,0.0,3.0,49763124,33927376,0,0,
1789580954.5,0.1867481082008955,5.0,0.0,3.0,49763124,33927376,0,0,
1789580956.5,0.18715579269601046,5.0,0.0,3.0,49763124,33927376,0,0,
1789580958.5,0.1875849342698156,5.0,0.0,3.0,49763124,33927376,0,0,
1789580960.6,0.16588467535439944,4.0,0.0,3.0,49763124,33927376,0,0,
1789580962.6,0.16626375041126062,4.0,0.0,3.0,49763124,33927376,0,0,
1789580964.6,0.16663567310855854,4.0,0.0,3.0,49763124,33927376,0,0,
1789580966.6,0.16702190052498322,4.0,0.0,3.0,49763124,33927376,0,0,
1789580968.6,0.12889267169239127,3.0,0.0,3.0,49763124,33927376,0,0,
1789580970.6,0.11026792738924573,2.0,0.0,3.0,49763124,33927376,0,0,
1789580972.7,0.11049680289527519,2.0,0.0,3.0,49763124,33927376,0,0,
1789580974.7,0.07416996867266512,1.0,0.0,3.0,49763124,33927376,0,0,
1789580976.7,0.0,0.0,0.0,3.0,49763124,33927376,0,0,
1789580978.7,0.0,0.0,0.0,3.0,49763124,33927376,0,0,
1789580980.7,0.0,0.0,0.0,3.0,49763124,33927376,0,0,
1789580982.8,0.0,0.0,0.0,3.0,49763124,33927376,0,0,
1789580984.8,0.0,0.0,0.0,3.0,49763124,33927376,0,0,
1789580986.8,0.0,0.0,0.0,3.0,49763124,33927376,0,0,
1789580988.8,0.0,0.0,0.0,3.0,49763124,33927376,0,0,
1789580990.8,0.0,0.0,0.0,3.0,49763124,33927376,0,0,
1789580992.9,0.0,0.0,0.0,3.0,49763124,33927376,0,0,
1789580994.9,0.0,0.0,0.0,3.0,49763124,33927376,0,0,
1789580996.9,0.0,0.0,0.0,3.0,49763124,33927376,0,0,
1789580998.9,0.0,0.0,0.0,3.0,49763124,33927376,0,0,
1789581000.9,0.0,0.0,0.0,3.0,49763124,33927376,0,0,
1789581003.0,0.0,0.0,0.0,3.0,49763124,33927376,0,0,
1789581005.0,0.0,0.0,0.0,3.0,49763124,33927376,0,0,
1789581007.0,0.0,0.0,0.0,3.0,49763124,33927376,0,0,
1789581009.0,0.0,0.0,0.0,3.0,49763124,33927376,0,0,
1789581011.0,0.0,0.0,0.0,3.0,49763124,33927376,0,0,
1789581013.0,0.0,0.0,0.0,3.0,49763124,33927376,0,0,
1789581015.1,0.0,0.0,0.0,3.0,49763124,33927376,0,0,
1789581017.1,0.0,0.0,0.0,3.0,49763124,33927376,0,0,
1789581019.1,0.0,0.0,0.0,3.0,49763124,33927376,0,0,
1789581021.1,0.0,0.0,0.0,3.0,49763124,33927376,0,0,
1789581023.1,0.0,0.0,0.0,3.0,49763124,33927376,0,0,
1789581025.2,0.0,0.0,0.0,3.0,49763124,33927376,0,0,
1789581027.2,0.0,0.0,0.0,3.0,49763124,33927376,0,0,
1789581029.2,0.0,0.0,0.0,3.0,49763124,33927376,0,0,
1789581031.2,0.0,0.0,0.0,3.0,49763124,33927376,0,0,
1789581033.2,0.0,0.0,0.0,3.0,49763124,33927376,0,0,
1789581035.3,0.0,0.0,0.0,3.0,49763124,33927376,0,0,
1789581037.3,0.0,0.0,0.0,3.0,49763124,33927376,0,0,
1789581039.3,0.0,0.0,0.0,3.0,49763124,33927376,0,0,
1789581041.3,0.0,0.0,0.0,3.0,49763124,33927376,0,0,
1789581043.3,0.0,0.0,0.0,3.0,49763124,33927376,0,0,
1789581045.4,0.0,0.0,0.0,3.0,49763124,33927376,0,0,
1789581047.4,0.0,0.0,0.0,3.0,49763124,33927376,0,0,
1789581049.4,0.0,0.0,0.0,3.0,49763124,33927376,0,0,
1789581051.4,0.0,0.0,0.0,3.0,49763124,33927376,0,0,
1789581053.4,0.0,0.0,0.0,3.0,49763124,33927376,0,0,
1789581055.5,0.0,0.0,0.0,3.0,49763124,33927376,0,0,
1789581057.5,0.0,0.0,0.0,3.0,49763124,33927376,0,0,
1789581059.5,0.0,0.0,0.0,3.0,49763124,33927376,0,0,
1789581061.5,0.0,0.0,0.0,3.0,49763124,33927376,0,0,
1789581063.5,0.0,0.0,0.0,3.0,49763124,33927376,0,0,
1789581065.6,0.0,0.0,0.0,3.0,49763124,33927376,0,0,
1789581067.6,0.0,0.0,0.0,3.0,49763124,33927376,0,0,
1789581069.6,0.0,0.0,0.0,3.0,49763124,33927376,0,0,
1789581071.6,0.0,0.0,0.0,3.0,49763124,33927376,0,0,
1789581073.6,0.0,0.0,0.0,3.0,49763124,33927376,0,0,
1789581075.7,0.0,0.0,0.0,3.0,49763124,33927376,0,0,
1789581077.7,0.0,0.0,0.0,3.0,49763124,33927376,0,0,
1789581079.7,0.0,0.0,0.0,3.0,49763124,33927376,0,0,
1789581081.7,0.0,0.0,0.0,3.0,49763124,33927376,0,0,
1789581083.7,0.0,0.0,0.0,3.0,49763124,33927376,0,0,
1789581085.8,0.0,0.0,0.0,3.0,49763124,33927376,0,0,
1789581087.8,0.0,0.0,0.0,3.0,49763124,33927376,0,0,
1789581089.8,0.0,0.0,0.0,3.0,49763124,33927376,0,0,
1789581091.8,0.0,0.0,0.0,3.0,49763124,33927376,0,0,
1789581093.8,0.0,0.0,0.0,3.0,49763124,33927376,0,0,
1789581095.8,0.0,0.0,0.0,3.0,49763124,33927376,0,0,
1789581097.9,0.0,0.0,0.0,3.0,49763124,33927376,0,0,
1789581099.9,0.0,0.0,0.0,3.0,49763124,33927376,0,0,
1789581101.9,0.0,0.0,0.0,3.0,49763124,33927376,0,0,
1789581103.9,0.0,0.0,0.0,3.0,49763124,33927376,0,0,
1789581105.9,0.0,0.0,0.0,3.0,49763124,33927376,0,0,
1789581108.0,0.0,0.0,0.0,3.0,49763124,33927376,0,0,
1789581110.0,0.0,0.0,0.0,3.0,49763124,33927376,0,0,
1789581112.0,0.0,0.0,0.0,3.0,49763124,33927376,0,0,
1789581114.0,0.0,0.0,0.0,3.0,49763124,33927376,0,0,
1789581116.0,0.0,0.0,0.0,3.0,49763124,33927376,0,0,
1789581118.1,0.0,0.0,0.0,3.0,49763124,33927376,0,0,
1789581120.1,0.0,0.0,0.0,3.0,49763124,33927376,0,0,
1789581122.1,0.0,0.0,0.0,3.0,49763124,33927376,0,0,
1789581124.1,0.0,0.0,0.0,3.0,49763124,33927376,0,0,
1789581126.1,0.0,0.0,0.0,3.0,49763124,33927376,0,0,
1789581128.2,0.0,0.0,0.0,3.0,49763124,33927376,0,0,
1789581130.2,0.0,0.0,0.0,3.0,49763124,33927376,0,0,
1789581132.2,0.0,0.0,0.0,3.0,49763124,33927376,0,0,
1789581134.2,0.0,0.0,0.0,3.0,49763124,33927376,0,0,
1789581136.2,0.0,0.0,0.0,3.0,49763124,33927376,0,0,
1789581138.3,0.0,0.0,0.0,3.0,49763124,33927376,0,0,
1789581140.3,0.0,0.0,0.0,3.0,49763124,33927376,0,0,
1789581142.3,0.0,0.0,0.0,3.0,49763124,33927376,0,0,
1789581144.3,0.0,0.0,0.0,3.0,49763124,33927376,0,0,
1789581146.3,0.0,0.0,0.0,3.0,49763124,33927376,0,0,
1789581148.4,0.0,0.0,0.0,3.0,49763124,33927376,0,0,
1789581150.4,0.0,0.0,0.0,3.0,49763124,33927376,0,0,
1789581152.4,0.0,0.0,0.0,3.0,49763124,33927376,0,0,
1789581154.4,0.0,0.0,0.0,3.0,49763124,33927376,0,0,
1789581156.4,0.0,0.0,0.0,3.0,49763124,33927376,0,0,
1789581158.4,0.0,0.0,0.0,3.0,49763124,33927376,0,0,
1789581160.5,0.0,0.0,0.0,3.0,49763124,33927376,0,0,
1789581162.5,0.0,0.0,0.0,3.0,49763124,33927376,0,0,
1789581164.5,0.0,0.0,0.0,3.0,49763124,33927376,0,0,
1789581166.5,0.0,0.0,0.0,3.0,49763124,33927376,0,0,
1789581168.5,0.0,0.0,0.0,3.0,49763124,33927376,0,0,
1789581170.6,0.0,0.0,0.0,3.0,49763124,33927376,0,0,
1789581172.6,0.0,0.0,0.0,3.0,49763124,33927376,0,0,
1789581174.6,0.0,0.0,0.0,3.0,49763124,33927376,0,0,
1789581176.6,0.0,0.0,0.0,3.0,49763124,33927376,0,0,
1789581178.6,0.0,0.0,0.0,3.0,49763124,33927376,0,0,
1789581180.7,0.0,0.0,0.0,3.0,49763124,33927376,0,0,
1789581182.7,0.0,0.0,0.0,3.0,49763124,33927376,0,0,
1789581184.7,0.0,0.0,0.0,3.0,49763124,33927376,0,0,
1789581186.7,0.0,0.0,0.0,3.0,49763124,33927376,0,0,
1789581188.7,0.0,0.0,0.0,3.0,49763124,33927376,0,0,
1789581190.8,0.0,0.0,0.0,3.0,49763124,33927376,0,0,
1789581192.8,0.0,0.0,0.0,3.0,49763124,33927376,0,0,
1789581194.8,0.0,0.0,0.0,3.0,49763124,33927376,0,0,
1789581196.8,0.0,0.0,0.0,3.0,49763124,33927376,0,0,
1789581198.8,0.0,0.0,0.0,3.0,49763124,33927376,0,0,
1789581200.9,0.0,0.0,0.0,3.0,49763124,33927376,0,0,
1789581202.9,0.0,0.0,0.0,3.0,49763124,33927376,0,0,
1789581204.9,0.0,0.0,0.0,3.0,49763124,33927376,0,0,
1789581206.9,0.0,0.0,0.0,3.0,49763124,33927376,0,0,
1789581208.9,0.0,0.0,0.0,3.0,49763124,33927376,0,0,
1789581211.0,0.0,0.0,0.0,3.0,49763124,33927376,0,0,
1789581213.0,0.0,0.0,0.0,3.0,49763124,33927376,0,0,
1789581215.0,0.0,0.0,0.0,3.0,49763124,33927376,0,0,
1789581217.0,0.0,0.0,0.0,3.0,49763124,33927376,0,0,
1789581219.0,0.0,0.0,0.0,3.0,49763124,33927376,0,0,
1789581221.0,0.0,0.0,0.0,3.0,49763124,33927376,0,0,
1789581223.1,0.0,0.0,0.0,3.0,49763124,33927376,0,0,
1789581225.1,0.0,0.0,0.0,3.0,49763124,33927376,0,0,
1789581227.1,0.0,0.0,0.0,3.0,49763124,33927376,0,0,
1789581229.1,0.0,0.0,0.0,3.0,49763124,33927376,0,0,
1789581231.2,0.0,0.0,0.0,3.0,49763124,33927376,0,0,
1789581233.2,0.0,0.0,0.0,3.0,49763124,33927376,0,0,
1789581235.2,0.0,0.0,0.0,3.0,49763124,33927376,0,0,
1789581237.2,0.0,0.0,0.0,3.0,49763124,33927376,0,0,
1789581239.2,0.0,0.0,0.0,3.0,49763124,33927376,0,0,
1789581241.3,0.0,0.0,0.0,3.0,49763124,33927376,0,0,
1789581243.3,0.0,0.0,0.0,3.0,49763124,33927376,0,0,
1789581245.3,0.0,0.0,0.0,3.0,49763124,33927376,0,0,
1789581247.3,0.0,0.0,0.0,3.0,49763124,33927376,0,0,
1789581249.3,0.0,0.0,0.0,3.0,49763124,33927376,0,0,
1789581251.3,0.0,0.0,0.0,3.0,49763124,33927376,0,0,
1789581253.4,0.0,0.0,0.0,3.0,49763124,33927376,0,0,
1789581255.4,0.0,0.0,0.0,3.0,49763124,33927376,0,0,
1789581257.4,0.0,0.0,0.0,3.0,49763124,33927376,0,0,
1789581259.4,0.0,0.0,0.0,3.0,49763124,33927376,0,0,
1789581261.4,0.0,0.0,0.0,3.0,49763124,33927376,0,0,
1789581263.5,0.0,0.0,0.0,3.0,49763124,33927376,0,0,
1789581265.5,0.0,0.0,0.0,3.0,49763124,33927376,0,0,
1789581267.5,0.0,0.0,0.0,3.0,49763124,33927376,0,0,
1789581269.5,0.0,0.0,0.0,3.0,49763124,33927376,0,0,
1789581271.5,0.0,0.0,0.0,3.0,49763124,33927376,0,0,
1789581273.6,0.0,0.0,0.0,3.0,49763124,33927376,0,0,
1789581275.6,0.0,0.0,0.0,3.0,49763124,33927376,0,0,
1789581277.6,0.0,0.0,0.0,3.0,49763124,33927376,0,0,
1789581279.6,0.0,0.0,0.0,3.0,49763124,33927376,0,0,
1789581281.6,0.0,0.0,0.0,3.0,49763124,33927376,0,0,
1789581283.7,0.0,0.0,0.0,3.0,49763124,33927376,0,0,
1789581285.7,0.0,0.0,0.0,3.0,49763124,33927376,0,0,
1789581287.7,0.0,0.0,0.0,3.0,49763124,33927376,0,0,
1789581289.7,0.0,0.0,0.0,3.0,49763124,33927376,0,0,
1789581291.7,0.0,0.0,0.0,3.0,49763124,33927376,0,0,
1789581293.8,0.0,0.0,0.0,3.0,49763124,33927376,0,0,
1789581295.8,0.0,0.0,0.0,3.0,49763124,33927376,0,0,
1789581297.8,0.0,0.0,0.0,3.0,49763124,33927376,0,0,
1789581299.8,0.0,0.0,0.0,3.0,49763124,33927376,0,0,
1789581301.8,0.0,0.0,0.0,3.0,49763124,33927376,0,0,
1789581303.9,0.0,0.0,0.0,3.0,49763124,33927376,0,0,
1789581305.9,0.0,0.0,0.0,3.0,49763124,33927376,0,0,
1789581307.9,0.0,0.0,0.0,3.0,49763124,33927376,0,0,
1789581309.9,0.0,0.0,0.0,3.0,49763124,33927376,0,0,
1789581311.9,0.0,0.0,0.0,3.0,49763124,33927376,0,0,
1789581313.9,0.0,0.0,0.0,3.0,49763124,33927376,0,0,
1789581316.0,0.0,0.0,0.0,3.0,49763124,33927376,0,0,
1789581318.0,0.0,0.0,0.0,3.0,49763124,33927376,0,0,
1789581320.0,0.0,0.0,0.0,3.0,49763124,33927376,0,0,
1789581322.0,0.0,0.0,0.0,3.0,49763124,33927376,0,0,
1789581324.0,0.0,0.0,0.0,3.0,49763124,33927376,0,0,
1789581326.1,0.0,0.0,0.0,3.0,49763124,33927376,0,0,
1789581328.1,0.0,0.0,0.0,3.0,49763124,33927376,0,0,
1789581330.1,0.0,0.0,0.0,3.0,49763124,33927376,0,0,
1789581332.1,0.0,0.0,0.0,3.0,49763124,33927376,0,0,
1789581334.1,0.0,0.0,0.0,3.0,49763124,33927376,0,0,
1789581336.1,0.0,0.0,0.0,3.0,49763124,33927376,0,0,
1789581338.2,0.0,0.0,0.0,3.0,49763124,33927376,0,0,
1789581340.2,0.0,0.0,0.0,3.0,49763124,33927376,0,0,
1789581342.2,0.0,0.0,0.0,3.0,49763124,33927376,0,0,
1789581344.2,0.0,0.0,0.0,3.0,49763124,33927376,0,0,
1789581346.3,0.0,0.0,0.0,3.0,49763124,33927376,0,0,
1789581348.3,0.0,0.0,0.0,3.0,49763124,33927376,0,0,
1789581350.3,0.0,0.0,0.0,3.0,49763124,33927376,0,0,
1789581352.3,0.0,0.0,0.0,3.0,49763124,33927376,0,0,
1789581354.3,0.0,0.0,0.0,3.0,49763124,33927376,0,0,
1789581356.3,0.0,0.0,0.0,3.0,49763124,33927376,0,0,
1789581358.4,0.0,0.0,0.0,3.0,49763124,33927376,0,0,
1789581360.4,0.0,0.0,0.0,3.0,49763124,33927376,0,0,
1789581362.4,0.0,0.0,0.0,3.0,49763124,33927376,0,0,
1789581364.4,0.0,0.0,0.0,3.0,49763124,33927376,0,0,
1789581366.4,0.0,0.0,0.0,3.0,49763124,33927376,0,0,
1789581368.5,0.0,0.0,0.0,3.0,49763124,33927376,0,0,
1789581370.5,0.0,0.0,0.0,3.0,49763124,33927376,0,0,
1789581372.5,0.0,0.0,0.0,3.0,49763124,33927376,0,0,
1789581374.5,0.0,0.0,0.0,3.0,49763124,33927376,0,0,
1789581376.5,0.0,0.0,0.0,3.0,49763124,33927376,0,0,
1789581378.6,0.0,0.0,0.0,3.0,49763124,33927376,0,0,
1789581380.6,0.0,0.0,0.0,3.0,49763124,33927376,0,0,
1789581382.6,0.0,0.0,0.0,3.0,49763124,33927376,0,0,
1789581384.6,0.0,0.0,0.0,3.0,49763124,33927376,0,0,
1789581386.6,0.0,0.0,0.0,3.0,49763124,33927376,0,0,
1789581388.6,0.0,0.0,0.0,3.0,49763124,33927376,0,0,
1789581390.7,0.0,0.0,0.0,3.0,49763124,33927376,0,0,
1789581392.7,0.0,0.0,0.0,3.0,49763124,33927376,0,0,
1789581394.7,0.0,0.0,0.0,3.0,49763124,33927376,0,0,
1789581396.7,0.0,0.0,0.0,3.0,49763124,33927376,0,0,
1789581398.7,0.0,0.0,0.0,3.0,49763124,33927376,0,0,
1789581400.8,0.0,0.0,0.0,3.0,49763124,33927376,0,0,
1789581402.8,0.0,0.0,0.0,3.0,49763124,33927376,0,0,
1789581404.8,0.0,0.0,0.0,3.0,49763124,33927376,0,0,
1789581406.8,0.0,0.0,0.0,3.0,49763124,33927376,0,0,
1789581408.8,0.0,0.0,0.0,3.0,49763124,33927376,0,0,
1789581410.9,0.0,0.0,0.0,3.0,49763124,33927376,0,0,
1789581412.9,0.0,0.0,0.0,3.0,49763124,33927376,0,0,
1789581414.9,0.0,0.0,0.0,3.0,49763124,33927376,0,0,
1789581416.9,0.0,0.0,0.0,3.0,49763124,33927376,0,0,
1789581418.9,0.0,0.0,0.0,3.0,49763124,33927376,0,0,
1789581421.0,0.0,0.0,0.0,3.0,49763124,33927376,0,0,
1789581423.0,0.0,0.0,0.0,3.0,49763124,33927376,0,0,
1789581425.0,0.0,0.0,0.0,3.0,49763124,33927376,0,0,
1789581427.0,0.0,0.0,0.0,3.0,49763124,33927376,0,0,
1789581429.0,0.0,0.0,0.0,3.0,49763124,33927376,0,0,
1789581431.1,0.0,0.0,0.0,3.0,49763124,33927376,0,0,
1789581433.1,0.0,0.0,0.0,3.0,49763124,33927376,0,0,
1789581435.1,0.0,0.0,0.0,3.0,49763124,33927376,0,0,
1789581437.1,0.0,0.0,0.0,3.0,49763124,33927376,0,0,
1789581439.1,0.0,0.0,0.0,3.0,49763124,33927376,0,0,
1789581441.1,0.0,0.0,0.0,3.0,49763124,33927376,0,0,
1789581443.2,0.0,0.0,0.0,3.0,49763124,33927376,0,0,
1789581445.2,0.0,0.0,0.0,3.0,49763124,33927376,0,0,
1789581447.2,0.0,0.0,0.0,3.0,49763124,33927376,0,0,
1789581449.2,0.0,0.0,0.0,3.0,49763124,33927376,0,0,
1789581451.3,0.0,0.0,0.0,3.0,49763124,33927376,0,0,
1789581453.3,0.0,0.0,0.0,3.0,49763124,33927376,0,0,
1789581455.3,0.0,0.0,0.0,3.0,49763124,33927376,0,0,
1789581457.3,0.0,0.0,0.0,3.0,49763124,33927376,0,0,
1789581459.3,0.0,0.0,0.0,3.0,49763124,33927376,0,0,
1789581461.4,0.0,0.0,0.0,3.0,49763124,33927376,0,0,
1789581463.4,0.0,0.0,0.0,3.0,49763124,33927376,0,0,
1789581465.4,0.0,0.0,0.0,3.0,49763124,33927376,0,0,
1789581467.4,0.0,0.0,0.0,3.0,49763124,33927376,0,0,
1789581469.4,0.0,0.0,0.0,3.0,49763124,33927376,0,0,
1789581471.4,0.0,0.0,0.0,3.0,49763124,33927376,0,0,
1789581473.5,0.0,0.0,0.0,3.0,49763124,33927376,0,0,
1789581475.5,0.0,0.0,0.0,3.0,49763124,33927376,0,0,
1789581477.5,0.0,0.0,0.0,3.0,49763124,33927376,0,0,
1789581479.5,0.0,0.0,0.0,3.0,49763124,33927376,0,0,
1789581481.5,0.0,0.0,0.0,3.0,49763124,33927376,0,0,
1789581483.6,0.0,0.0,0.0,3.0,49763124,33927376,0,0,
1789581485.6,0.0,0.0,0.0,3.0,49763124,33927376,0,0,
1789581487.6,0.0,0.0,0.0,3.0,49763124,33927376,0,0,
1789581489.6,0.0,0.0,0.0,3.0,49763124,33927376,0,0,
1789581491.6,0.0,0.0,0.0,3.0,49763124,33927376,0,0,
1789581493.7,0.0,0.0,0.0,3.0,49763124,33927376,0,0,
1789581495.7,0.0,0.0,0.0,3.0,49763124,33927376,0,0,
1789581497.7,0.0,0.0,0.0,3.0,49763124,33927376,0,0,
1789581499.7,0.0,0.0,0.0,3.0,49763124,33927376,0,0,
1789581501.7,0.0,0.0,0.0,3.0,49763124,33927376,0,0,
1789581503.8,0.0,0.0,0.0,3.0,49763124,33927376,0,0,
1789581505.8,0.0,0.0,0.0,3.0,49763124,33927376,0,0,
1789581507.8,0.0,0.0,0.0,3.0,49763124,33927376,0,0,
1789581509.8,0.0,0.0,0.0,3.0,49763124,33927376,0,0,
1789581511.8,0.0,0.0,0.0,3.0,49763124,33927376,0,0,
1789581513.9,0.0,0.0,0.0,3.0,49763124,33927376,0,0,
1789581515.9,0.0,0.0,0.0,3.0,49763124,33927376,0,0,
1789581517.9,0.0,0.0,0.0,3.0,49763124,33927376,0,0,
1789581519.9,0.0,0.0,0.0,3.0,49763124,33927376,0,0,
1789581521.9,0.0,0.0,0.0,3.0,49763124,33927376,0,0,
1789581524.0,0.0,0.0,0.0,3.0,49763124,33927376,0,0,
1789581526.0,0.0,0.0,0.0,3.0,49763124,33927376,0,0,
1789581528.0,0.0,0.0,0.0,3.0,49763124,33927376,0,0,
1789581530.0,0.0,0.0,0.0,3.0,49763124,33927376,0,0,
1789581532.0,0.0,0.0,0.0,3.0,49763124,33927376,0,0,
1789581534.0,0.0,0.0,0.0,3.0,49763124,33927376,0,0,
1789581536.1,0.0,0.0,0.0,3.0,49763124,33927376,0,0,
1789581538.1,0.0,0.0,0.0,3.0,49763124,33927376,0,0,
1789581540.1,0.0,0.0,0.0,3.0,49763124,33927376,0,0,
1789581542.1,0.0,0.0,0.0,3.0,49763124,33927376,0,0,
1789581544.1,0.0,0.0,0.0,3.0,49763124,33927376,0,0,
1789581546.2,0.0,0.0,0.0,3.0,49763124,33927376,0,0,
1789581548.2,0.0,0.0,0.0,3.0,49763124,33927376,0,0,
1789581550.2,0.0,0.0,0.0,3.0,49763124,33927376,0,0,
1789581552.2,0.0,0.0,0.0,3.0,49763124,33927376,0,0,
1789581554.2,0.0,0.0,0.0,3.0,49763124,33927376,0,0,
1789581556.3,0.0,0.0,0.0,3.0,49763124,33927376,0,0,
1789581558.3,0.0,0.0,0.0,3.0,49763124,33927376,0,0,
1789581560.3,0.0,0.0,0.0,3.0,49763124,33927376,0,0,
1789581562.3,0.0,0.0,0.0,3.0,49763124,33927376,0,0,
1789581564.3,0.0,0.0,0.0,3.0,49763124,33927376,0,0,
1789581566.4,0.0,0.0,0.0,3.0,49763124,33927376,0,0,
1789581568.4,0.0,0.0,0.0,3.0,49763124,33927376,0,0,
1789581570.4,0.0,0.0,0.0,3.0,49763124,33927376,0,0,
1789581572.4,0.0,0.0,0.0,3.0,49763124,33927376,0,0,
1789581574.4,0.0,0.0,0.0,3.0,49763124,33927376,0,0,
1789581576.5,0.0,0.0,0.0,3.0,49763124,33927376,0,0,
1789581578.5,0.0,0.0,0.0,3.0,49763124,33927376,0,0,
1789581580.5,0.0,0.0,0.0,3.0,49763124,33927376,0,0,
1789581582.5,0.0,0.0,0.0,3.0,49763124,33927376,0,0,
1789581584.5,0.0,0.0,0.0,3.0,49763124,33927376,0,0,
1789581586.6,0.0,0.0,0.0,3.0,49763124,33927376,0,0,
1789581588.6,0.0,0.0,0.0,3.0,49763124,33927376,0,0,
1789581590.6,0.0,0.0,0.0,3.0,49763124,33927376,0,0,
1789581592.6,0.0,0.0,0.0,3.0,49763124,33927376,0,0,
1789581594.6,0.0,0.0,0.0,3.0,49763124,33927376,0,0,
1789581596.6,0.0,0.0,0.0,3.0,49763124,33927376,0,0,
1789581598.7,0.0,0.0,0.0,3.0,49763124,33927376,0,0,
1789581600.7,0.0,0.0,0.0,3.0,49763124,33927376,0,0,
1789581602.7,0.0,0.0,0.0,3.0,49763124,33927376,0,0,
1789581604.7,0.0,0.0,0.0,3.0,49763124,33927376,0,0,
1789581606.7,0.0,0.0,0.0,3.0,49763124,33927376,0,0,
1789581608.8,0.0,0.0,0.0,3.0,49763124,33927376,0,0,
1789581610.8,0.0,0.0,0.0,3.0,49763124,33927376,0,0,
1789581612.8,0.0,0.0,0.0,3.0,49763124,33927376,0,0,
1789581614.8,0.0,0.0,0.0,3.0,49763124,33927376,0,0,
1789581616.8,0.0,0.0,0.0,3.0,49763124,33927376,0,0,
1789581618.9,0.0,0.0,0.0,3.0,49763124,33927376,0,0,
1789581620.9,0.0,0.0,0.0,3.0,49763124,33927376,0,0,
1789581622.9,0.0,0.0,0.0,3.0,49763124,33927376,0,0,
1789581624.9,0.0,0.0,0.0,3.0,49763124,33927376,0,0,
1789581626.9,0.0,0.0,0.0,3.0,49763124,33927376,0,0,
1789581629.0,0.0,0.0,0.0,3.0,49763124,33927376,0,0,
1789581631.0,0.0,0.0,0.0,3.0,49763124,33927376,0,0,
1789581633.0,0.0,0.0,0.0,3.0,49763124,33927376,0,0,
1789581635.0,0.0,0.0,0.0,3.0,49763124,33927376,0,0,
1789581637.0,0.0,0.0,0.0,3.0,49763124,33927376,0,0,
1789581639.1,0.0,0.0,0.0,3.0,49763124,33927376,0,0,
1789581641.1,0.0,0.0,0.0,3.0,49763124,33927376,0,0,
1789581643.1,0.0,0.0,0.0,3.0,49763124,33927376,0,0,
1789581645.1,0.0,0.0,0.0,3.0,49763124,33927376,0,0,
1789581647.1,0.0,0.0,0.0,3.0,49763124,33927376,0,0,
1789581649.2,0.0,0.0,0.0,3.0,49763124,33927376,0,0,
1789581651.2,0.0,0.0,0.0,3.0,49763124,33927376,0,0,
1789581653.2,0.0,0.0,0.0,3.0,49763124,33927376,0,0,
1789581655.2,0.0,0.0,0.0,3.0,49763124,33927376,0,0,
1789581657.2,0.0,0.0,0.0,3.0,49763124,33927376,0,0,
1789581659.2,0.0,0.0,0.0,3.0,49763124,33927376,0,0,
1789581661.3,0.0,0.0,0.0,3.0,49763124,33927376,0,0,
1789581663.3,0.0,0.0,0.0,3.0,49763124,33927376,0,0,
1789581665.3,0.0,0.0,0.0,3.0,49763124,33927376,0,0,
1789581667.3,0.0,0.0,0.0,3.0,49763124,33927376,0,0,
1789581669.4,0.0,0.0,0.0,3.0,49763124,33927376,0,0,
1789581671.4,0.0,0.0,0.0,3.0,49763124,33927376,0,0,
1789581673.4,0.0,0.0,0.0,3.0,49763124,33927376,0,0,
1789581675.4,0.0,0.0,0.0,3.0,49763124,33927376,0,0,
1789581677.4,0.0,0.0,0.0,3.0,49763124,33927376,0,0,
1789581679.4,0.0,0.0,0.0,3.0,49763124,33927376,0,0,
1789581681.5,0.0,0.0,0.0,3.0,49763124,33927376,0,0,
1789581683.5,0.0,0.0,0.0,3.0,49763124,33927376,0,0,
1789581685.5,0.0,0.0,0.0,3.0,49763124,33927376,0,0,
1789581687.5,0.0,0.0,0.0,3.0,49763124,33927376,0,0,
1789581689.5,0.0,0.0,0.0,3.0,49763124,33927376,0,0,
1789581691.6,0.0,0.0,0.0,3.0,49763124,33927376,0,0,
1789581693.6,0.0,0.0,0.0,3.0,49763124,33927376,0,0,
1789581695.6,0.0,0.0,0.0,3.0,49763124,33927376,0,0,
1789581697.6,0.0,0.0,0.0,3.0,49763124,33927376,0,0,
1789581699.6,0.0,0.0,0.0,3.0,49763124,33927376,0,0,
1789581701.7,0.0,0.0,0.0,3.0,49763124,33927376,0,0,
1789581703.7,0.0,0.0,0.0,3.0,49763124,33927376,0,0,
1789581705.7,0.0,0.0,0.0,3.0,49763124,33927376,0,0,
1789581707.7,0.0,0.0,0.0,3.0,49763124,33927376,0,0,
1789581709.7,0.0,0.0,0.0,3.0,49763124,33927376,0,0,
1789581711.8,0.0,0.0,0.0,3.0,49763124,33927376,0,0,
1789581713.8,0.0,0.0,0.0,3.0,49763124,33927376,0,0,
1789581715.8,0.0,0.0,0.0,3.0,49763124,33927376,0,0,
1789581717.8,0.0,0.0,0.0,3.0,49763124,33927376,0,0,
1789581719.8,0.0,0.0,0.0,3.0,49763124,33927376,0,0,
1789581721.9,0.0,0.0,0.0,3.0,49763124,33927376,0,0,
1789581723.9,0.0,0.0,0.0,3.0,49763124,33927376,0,0,
1789581725.9,0.0,0.0,0.0,3.0,49763124,33927376,0,0,
1789581727.9,0.0,0.0,0.0,3.0,49763124,33927376,0,0,
1789581730.1,0.0,0.0,0.0,3.0,49763124,33927376,0,0,
1789581732.1,0.0,0.0,0.0,3.0,49763124,33927376,0,0,
1789581734.1,0.0,0.0,0.0,3.0,49763124,33927376,0,0,
1789581736.1,0.0,0.0,0.0,3.0,49763124,33927376,0,0,
1789581738.2,0.0,0.0,0.0,3.0,49763124,33927376,0,0,
1789581740.2,0.0,0.0,0.0,3.0,49763124,33927376,0,0,
1789581742.2,0.0,0.0,0.0,3.0,49763124,33927376,0,0,
1789581744.2,0.0,0.0,0.0,3.0,49763124,33927376,0,0,
1789581746.2,0.0,0.0,0.0,3.0,49763124,33927376,0,0,
1789581748.3,0.0,0.0,0.0,3.0,49763124,33927376,0,0,
1789581750.3,0.0,0.0,0.0,3.0,49763124,33927376,0,0,
1789581752.3,0.0,0.0,0.0,3.0,49763124,33927376,0,0,
1789581754.3,0.0,0.0,0.0,3.0,49763124,33927376,0,0,
1789581756.3,0.0,0.0,0.0,3.0,49763124,33927376,0,0,
1789581758.4,0.0,0.0,0.0,3.0,49763124,33927376,0,0,
1789581760.4,0.0,0.0,0.0,3.0,49763124,33927376,0,0,
1789581762.4,0.0,0.0,0.0,3.0,49763124,33927376,0,0,
1789581764.4,0.0,0.0,0.0,3.0,49763124,33927376,0,0,
1789581766.4,0.0,0.0,0.0,3.0,49763124,33927376,0,0,
1789581768.5,0.0,0.0,0.0,3.0,49763124,33927376,0,0,
1789581770.5,0.0,0.0,0.0,3.0,49763124,33927376,0,0,
1789581772.5,0.0,0.0,0.0,3.0,49763124,33927376,0,0,
1789581774.5,0.0,0.0,0.0,3.0,49763124,33927376,0,0,
1789581776.5,0.0,0.0,0.0,3.0,49763124,33927376,0,0,
1789581778.6,0.0,0.0,0.0,3.0,49763124,33927376,0,0,
1789581780.6,0.0,0.0,0.0,3.0,49763124,33927376,0,0,
1789581782.6,0.0,0.0,0.0,3.0,49763124,33927376,0,0,
1789581784.6,0.0,0.0,0.0,3.0,49763124,33927376,0,0,
1789581786.6,0.0,0.0,0.0,3.0,49763124,33927376,0,0,
1789581788.7,0.0,0.0,0.0,3.0,49763124,33927376,0,0,
1789581790.7,0.0,0.0,0.0,3.0,49763124,33927376,0,0,
1789581792.7,0.0,0.0,0.0,3.0,49763124,33927376,0,0,
1789581794.7,0.0,0.0,0.0,3.0,49763124,33927376,0,0,
1789581796.7,0.0,0.0,0.0,3.0,49763124,33927376,0,0,
1789581798.8,0.0,0.0,0.0,3.0,49763124,33927376,0,0,
1789581800.8,0.0,0.0,0.0,3.0,49763124,33927376,0,0,
1789581802.8,0.0,0.0,0.0,3.0,49763124,33927376,0,0,
1789581804.8,0.0,0.0,0.0,3.0,49763124,33927376,0,0,
1789581806.8,0.0,0.0,0.0,3.0,49763124,33927376,0,0,
1789581808.9,0.0,0.0,0.0,3.0,49763124,33927376,0,0,
1789581810.9,0.0,0.0,0.0,3.0,49763124,33927376,0,0,
1789581812.9,0.0,0.0,0.0,3.0,49763124,33927376,0,0,
1789581814.9,0.0,0.0,0.0,3.0,49763124,33927376,0,0,
1789581816.9,0.0,0.0,0.0,3.0,49763124,33927376,0,0,
1789581819.0,0.0,0.0,0.0,3.0,49763124,33927376,0,0,
1789581821.0,0.0,0.0,0.0,3.0,49763124,33927376,0,0,
1789581823.0,0.0,0.0,0.0,3.0,49763124,33927376,0,0,
1789581825.0,0.0,0.0,0.0,3.0,49763124,33927376,0,0,
1789581827.0,0.0,0.0,0.0,3.0,49763124,33927376,0,0,
1789581829.0,0.0,0.0,0.0,3.0,49763124,33927376,0,0,
1789581831.1,0.0,0.0,0.0,3.0,49763124,33927376,0,0,
1789581833.1,0.0,0.0,0.0,3.0,49763124,33927376,0,0,
1789581835.1,0.0,0.0,0.0,3.0,49763124,33927376,0,0,
1789581837.1,0.0,0.0,0.0,3.0,49763124,33927376,0,0,
1789581839.1,0.0,0.0,0.0,3.0,49763124,33927376,0,0,
1789581841.2,0.0,0.0,0.0,3.0,49763124,33927376,0,0,
1789581843.2,0.0,0.0,0.0,3.0,49763124,33927376,0,0,
1789581845.2,0.0,0.0,0.0,3.0,49763124,33927376,0,0,
1789581847.2,0.0,0.0,0.0,3.0,49763124,33927376,0,0,
1789581849.2,0.0,0.0,0.0,3.0,49763124,33927376,0,0,
1789581851.3,0.0,0.0,0.0,3.0,49763124,33927376,0,0,
1789581853.3,0.0,0.0,0.0,3.0,49763124,33927376,0,0,
1789581855.3,0.0,0.0,0.0,3.0,49763124,33927376,0,0,
1789581857.3,0.0,0.0,0.0,3.0,49763124,33927376,0,0,
1789581859.3,0.0,0.0,0.0,3.0,49763124,33927376,0,0,
1789581861.4,0.0,0.0,0.0,3.0,49763124,33927376,0,0,
1789581863.4,0.0,0.0,0.0,3.0,49763124,33927376,0,0,
1789581865.4,0.0,0.0,0.0,3.0,49763124,33927376,0,0,
1789581867.4,0.0,0.0,0.0,3.0,49763124,33927376,0,0,
1789581869.4,0.0,0.0,0.0,3.0,49763124,33927376,0,0,
1789581871.5,0.0,0.0,0.0,3.0,49763124,33927376,0,0,
1789581873.5,0.0,0.0,0.0,3.0,49763124,33927376,0,0,
1789581875.5,0.0,0.0,0.0,3.0,49763124,33927376,0,0,
1789581877.5,0.0,0.0,0.0,3.0,49763124,33927376,0,0,
1789581879.5,0.0,0.0,0.0,3.0,49763124,33927376,0,0,
1789581881.6,0.0,0.0,0.0,3.0,49763124,33927376,0,0,
1789581883.6,0.0,0.0,0.0,3.0,49763124,33927376,0,0,
1789581885.6,0.0,0.0,0.0,3.0,49763124,33927376,0,0,
1789581887.6,0.0,0.0,0.0,3.0,49763124,33927376,0,0,
1789581889.6,0.0,0.0,0.0,3.0,49763124,33927376,0,0,
1789581891.7,0.0,0.0,0.0,3.0,49763124,33927376,0,0,
1789581893.7,0.0,0.0,0.0,3.0,49763124,33927376,0,0,
1789581895.7,0.0,0.0,0.0,3.0,49763124,33927376,0,0,
1789581897.7,0.0,0.0,0.0,3.0,49763124,33927376,0,0,
1789581899.7,0.0,0.0,0.0,3.0,49763124,33927376,0,0,
1789581901.7,0.0,0.0,0.0,3.0,49763124,33927376,0,0,
1789581903.8,0.0,0.0,0.0,3.0,49763124,33927376,0,0,
1789581905.8,0.0,0.0,0.0,3.0,49763124,33927376,0,0,
1789581907.8,0.0,0.0,0.0,3.0,49763124,33927376,0,0,
1789581909.8,0.0,0.0,0.0,3.0,49763124,33927376,0,0,
1789581911.8,0.0,0.0,0.0,3.0,49763124,33927376,0,0,
1789581913.9,0.0,0.0,0.0,3.0,49763124,33927376,0,0,
1789581915.9,0.0,0.0,0.0,3.0,49763124,33927376,0,0,
1789581917.9,0.0,0.0,0.0,3.0,49763124,33927376,0,0,
1789581919.9,0.0,0.0,0.0,3.0,49763124,33927376,0,0,
1789581921.9,0.0,0.0,0.0,3.0,49763124,33927376,0,0,
1789581924.0,0.0,0.0,0.0,3.0,49763124,33927376,0,0,
1789581926.0,0.0,0.0,0.0,3.0,49763124,33927376,0,0,
1789581928.0,0.0,0.0,0.0,3.0,49763124,33927376,0,0,
1789581930.0,0.0,0.0,0.0,3.0,49763124,33927376,0,0,
1789581932.0,0.0,0.0,0.0,3.0,49763124,33927376,0,0,
1789581934.1,0.0,0.0,0.0,3.0,49763124,33927376,0,0,
1789581936.1,0.0,0.0,0.0,3.0,49763124,33927376,0,0,
1789581938.1,0.0,0.0,0.0,3.0,49763124,33927376,0,0,
1789581940.1,0.0,0.0,0.0,3.0,49763124,33927376,0,0,
1789581942.1,0.0,0.0,0.0,3.0,49763124,33927376,0,0,
1789581944.2,0.0,0.0,0.0,3.0,49763124,33927376,0,0,
1789581946.2,0.0,0.0,0.0,3.0,49763124,33927376,0,0,
1789581948.2,0.0,0.0,0.0,3.0,49763124,33927376,0,0,
1789581950.2,0.0,0.0,0.0,3.0,49763124,33927376,0,0,
1789581952.2,0.0,0.0,0.0,3.0,49763124,33927376,0,0,
1789581954.3,0.0,0.0,0.0,3.0,49763124,33927376,0,0,
1789581956.3,0.0,0.0,0.0,3.0,49763124,33927376,0,0,
1789581958.3,0.0,0.0,0.0,3.0,49763124,33927376,0,0,
1789581960.3,0.0,0.0,0.0,3.0,49763124,33927376,0,0,
1789581962.3,0.0,0.0,0.0,3.0,49763124,33927376,0,0,
1789581964.4,0.0,0.0,0.0,3.0,49763124,33927376,0,0,
1789581966.4,0.0,0.0,0.0,3.0,49763124,33927376,0,0,
1789581968.4,0.0,0.0,0.0,3.0,49763124,33927376,0,0,
1789581970.4,0.0,0.0,0.0,3.0,49763124,33927376,0,0,
1789581972.4,0.0,0.0,0.0,3.0,49763124,33927376,0,0,
1789581974.5,0.0,0.0,0.0,3.0,49763124,33927376,0,0,
1789581976.5,0.0,0.0,0.0,3.0,49763124,33927376,0,0,
1789581978.5,0.0,0.0,0.0,3.0,49763124,33927376,0,0,
1789581980.5,0.0,0.0,0.0,3.0,49763124,33927376,0,0,
1789581982.5,0.0,0.0,0.0,3.0,49763124,33927376,0,0,
1789581984.5,0.0,0.0,0.0,3.0,49763124,33927376,0,0,
1789581986.6,0.0,0.0,0.0,3.0,49763124,33927376,0,0,
1789581988.6,0.0,0.0,0.0,3.0,49763124,33927376,0,0,
1789581990.6,0.0,0.0,0.0,3.0,49763124,33927376,0,0,
1789581992.6,0.0,0.0,0.0,3.0,49763124,33927376,0,0,
1789581994.6,0.0,0.0,0.0,3.0,49763124,33927376,0,0,
1789581996.7,0.0,0.0,0.0,3.0,49763124,33927376,0,0,
1789581998.7,0.0,0.0,0.0,3.0,49763124,33927376,0,0,
1789582000.7,0.0,0.0,0.0,3.0,49763124,33927376,0,0,
1789582002.7,0.0,0.0,0.0,3.0,49763124,33927376,0,0,
1789582004.7,0.0,0.0,0.0,3.0,49763124,33927376,0,0,
1789582006.8,0.0,0.0,0.0,3.0,49763124,33927376,0,0,
1789582008.8,0.0,0.0,0.0,3.0,49763124,33927376,0,0,
1789582010.8,0.0,0.0,0.0,3.0,49763124,33927376,0,0,
1789582012.8,0.0,0.0,0.0,3.0,49763124,33927376,0,0,
1789582014.8,0.0,0.0,0.0,3.0,49763124,33927376,0,0,
1789582016.9,0.0,0.0,0.0,3.0,49763124,33927376,0,0,
1789582018.9,0.0,0.0,0.0,3.0,49763124,33927376,0,0,
1789582020.9,0.0,0.0,0.0,3.0,49763124,33927376,0,0,
1789582022.9,0.0,0.0,0.0,3.0,49763124,33927376,0,0,
1789582024.9,0.0,0.0,0.0,3.0,49763124,33927376,0,0,
1789582027.0,0.0,0.0,0.0,3.0,49763124,33927376,0,0,
1789582029.0,0.0,0.0,0.0,3.0,49763124,33927376,0,0,
1789582031.0,0.0,0.0,0.0,3.0,49763124,33927376,0,0,
1789582033.0,0.0,0.0,0.0,3.0,49763124,33927376,0,0,
1789582035.0,0.0,0.0,0.0,3.0,49763124,33927376,0,0,
1789582037.1,0.0,0.0,0.0,3.0,49763124,33927376,0,0,
1789582039.1,0.0,0.0,0.0,3.0,49763124,33927376,0,0,
1789582041.1,0.0,0.0,0.0,3.0,49763124,33927376,0,0,
1789582043.1,0.0,0.0,0.0,3.0,49763124,33927376,0,0,
1789582045.1,0.0,0.0,0.0,3.0,49763124,33927376,0,0,
1789582047.1,0.0,0.0,0.0,3.0,49763124,33927376,0,0,
1789582049.2,0.0,0.0,0.0,3.0,49763124,33927376,0,0,
1789582051.2,0.0,0.0,0.0,3.0,49763124,33927376,0,0,
1789582053.2,0.0,0.0,0.0,3.0,49763124,33927376,0,0,
1789582055.2,0.0,0.0,0.0,3.0,49763124,33927376,0,0,
1789582057.2,0.0,0.0,0.0,3.0,49763124,33927376,0,0,
1789582059.3,0.0,0.0,0.0,3.0,49763124,33927376,0,0,
1789582061.3,0.0,0.0,0.0,3.0,49763124,33927376,0,0,
1789582063.3,0.0,0.0,0.0,3.0,49763124,33927376,0,0,
1789582065.3,0.0,0.0,0.0,3.0,49763124,33927376,0,0,
1789582067.3,0.0,0.0,0.0,3.0,49763124,33927376,0,0,
1789582069.4,0.0,0.0,0.0,3.0,49763124,33927376,0,0,
1789582071.4,0.0,0.0,0.0,3.0,49763124,33927376,0,0,
1789582073.4,0.0,0.0,0.0,3.0,49763124,33927376,0,0,
1789582075.4,0.0,0.0,0.0,3.0,49763124,33927376,0,0,
1789582077.4,0.0,0.0,0.0,3.0,49763124,33927376,0,0,
1789582079.5,0.0,0.0,0.0,3.0,49763124,33927376,0,0,
1789582081.5,0.0,0.0,0.0,3.0,49763124,33927376,0,0,
1789582083.5,0.0,0.0,0.0,3.0,49763124,33927376,0,0,
1789582085.5,0.0,0.0,0.0,3.0,49763124,33927376,0,0,
1789582087.5,0.0,0.0,0.0,3.0,49763124,33927376,0,0,
1789582089.5,0.0,0.0,0.0,3.0,49763124,33927376,0,0,
1789582091.6,0.0,0.0,0.0,3.0,49763124,33927376,0,0,
1789582093.6,0.0,0.0,0.0,3.0,49763124,33927376,0,0,
1789582095.6,0.0,0.0,0.0,3.0,49763124,33927376,0,0,
1789582097.6,0.0,0.0,0.0,3.0,49763124,33927376,0,0,
1789582099.6,0.0,0.0,0.0,3.0,49763124,33927376,0,0,
1789582101.7,0.0,0.0,0.0,3.0,49763124,33927376,0,0,
1789582103.7,0.0,0.0,0.0,3.0,49763124,33927376,0,0,
1789582105.7,0.0,0.0,0.0,3.0,49763124,33927376,0,0,
1789582107.7,0.0,0.0,0.0,3.0,49763124,33927376,0,0,
1789582109.7,0.0,0.0,0.0,3.0,49763124,33927376,0,0,
1789582111.8,0.0,0.0,0.0,3.0,49763124,33927376,0,0,
1789582113.8,0.0,0.0,0.0,3.0,49763124,33927376,0,0,
1789582115.8,0.0,0.0,0.0,3.0,49763124,33927376,0,0,
1789582117.8,0.0,0.0,0.0,3.0,49763124,33927376,0,0,
1789582119.8,0.0,0.0,0.0,3.0,49763124,33927376,0,0,
1789582121.9,0.0,0.0,0.0,3.0,49763124,33927376,0,0,
1789582123.9,0.0,0.0,0.0,3.0,49763124,33927376,0,0,
1789582125.9,0.0,0.0,0.0,3.0,49763124,33927376,0,0,
1789582127.9,0.0,0.0,0.0,3.0,49763124,33927376,0,0,
1789582129.9,0.0,0.0,0.0,3.0,49763124,33927376,0,0,
1789582132.0,0.0,0.0,0.0,3.0,49763124,33927376,0,0,
1789582134.0,0.0,0.0,0.0,3.0,49763124,33927376,0,0,
1789582136.0,0.0,0.0,0.0,3.0,49763124,33927376,0,0,
1789582138.0,0.0,0.0,0.0,3.0,49763124,33927376,0,0,
1789582140.0,0.0,0.0,0.0,3.0,49763124,33927376,0,0,
1789582142.0,0.0,0.0,0.0,3.0,49763124,33927376,0,0,
1789582144.1,0.0,0.0,0.0,3.0,49763124,33927376,0,0,
1789582146.1,0.0,0.0,0.0,3.0,49763124,33927376,0,0,
1789582148.1,0.0,0.0,0.0,3.0,49763124,33927376,0,0,
1789582150.1,0.0,0.0,0.0,3.0,49763124,33927376,0,0,
1789582152.2,0.0,0.0,0.0,3.0,49763124,33927376,0,0,
1789582154.2,0.0,0.0,0.0,3.0,49763124,33927376,0,0,
1789582156.2,0.0,0.0,0.0,3.0,49763124,33927376,0,0,
1789582158.2,0.0,0.0,0.0,3.0,49763124,33927376,0,0,
1789582160.2,0.0,0.0,0.0,3.0,49763124,33927376,0,0,
1789582162.3,0.0,0.0,0.0,3.0,49763124,33927376,0,0,
1789582164.3,0.0,0.0,0.0,3.0,49763124,33927376,0,0,
1789582166.3,0.0,0.0,0.0,3.0,49763124,33927376,0,0,
1789582168.3,0.0,0.0,0.0,3.0,49763124,33927376,0,0,
1789582170.3,0.0,0.0,0.0,3.0,49763124,33927376,0,0,
1789582172.3,0.0,0.0,0.0,3.0,49763124,33927376,0,0,
1789582174.4,0.0,0.0,0.0,3.0,49763124,33927376,0,0,
1789582176.4,0.0,0.0,0.0,3.0,49763124,33927376,0,0,
1789582178.4,0.0,0.0,0.0,3.0,49763124,33927376,0,0,
1789582180.4,0.0,0.0,0.0,3.0,49763124,33927376,0,0,
1789582182.4,0.0,0.0,0.0,3.0,49763124,33927376,0,0,
1789582184.5,0.0,0.0,0.0,3.0,49763124,33927376,0,0,
1789582186.5,0.0,0.0,0.0,3.0,49763124,33927376,0,0,
1789582188.5,0.0,0.0,0.0,3.0,49763124,33927376,0,0,
1789582190.5,0.0,0.0,0.0,3.0,49763124,33927376,0,0,
1789582192.5,0.0,0.0,0.0,3.0,49763124,33927376,0,0,
1789582194.6,0.0,0.0,0.0,3.0,49763124,33927376,0,0,
1789582196.6,0.0,0.0,0.0,3.0,49763124,33927376,0,0,
1789582198.6,0.0,0.0,0.0,3.0,49763124,33927376,0,0,
1789582200.6,0.0,0.0,0.0,3.0,49763124,33927376,0,0,
1789582202.6,0.0,0.0,0.0,3.0,49763124,33927376,0,0,
1789582204.7,0.0,0.0,0.0,3.0,49763124,33927376,0,0,
1789582206.7,0.0,0.0,0.0,3.0,49763124,33927376,0,0,
1789582208.7,0.0,0.0,0.0,3.0,49763124,33927376,0,0,
1789582210.7,0.0,0.0,0.0,3.0,49763124,33927376,0,0,
1789582212.7,0.0,0.0,0.0,3.0,49763124,33927376,0,0,
1789582214.7,0.0,0.0,0.0,3.0,49763124,33927376,0,0,
1789582216.8,0.0,0.0,0.0,3.0,49763124,33927376,0,0,
1789582218.8,0.0,0.0,0.0,3.0,49763124,33927376,0,0,
1789582220.8,0.0,0.0,0.0,3.0,49763124,33927376,0,0,
1789582222.8,0.0,0.0,0.0,3.0,49763124,33927376,0,0,
1789582224.9,0.0,0.0,0.0,3.0,49763124,33927376,0,0,
1789582226.9,0.0,0.0,0.0,3.0,49763124,33927376,0,0,
1789582228.9,0.0,0.0,0.0,3.0,49763124,33927376,0,0,
1789582230.9,0.0,0.0,0.0,3.0,49763124,33927376,0,0,
1789582232.9,0.0,0.0,0.0,3.0,49763124,33927376,0,0,
1789582234.9,0.0,0.0,0.0,3.0,49763124,33927376,0,0,
1789582237.0,0.0,0.0,0.0,3.0,49763124,33927376,0,0,
1789582239.0,0.0,0.0,0.0,3.0,49763124,33927376,0,0,
1789582241.0,0.0,0.0,0.0,3.0,49763124,33927376,0,0,
1789582243.0,0.0,0.0,0.0,3.0,49763124,33927376,0,0,
1789582245.1,0.0,0.0,0.0,3.0,49763124,33927376,0,0,
1789582247.1,0.0,0.0,0.0,3.0,49763124,33927376,0,0,
1789582249.1,0.0,0.0,0.0,3.0,49763124,33927376,0,0,
1789582251.1,0.0,0.0,0.0,3.0,49763124,33927376,0,0,
1789582253.1,0.0,0.0,0.0,3.0,49763124,33927376,0,0,
1789582255.1,0.0,0.0,0.0,3.0,49763124,33927376,0,0,
1789582257.2,0.0,0.0,0.0,3.0,49763124,33927376,0,0,
1789582259.2,0.0,0.0,0.0,3.0,49763124,33927376,0,0,
1789582261.2,0.0,0.0,0.0,3.0,49763124,33927376,0,0,
1789582263.2,0.0,0.0,0.0,3.0,49763124,33927376,0,0,
1789582265.2,0.0,0.0,0.0,3.0,49763124,33927376,0,0,
1789582267.3,0.0,0.0,0.0,3.0,49763124,33927376,0,0,
1789582269.3,0.0,0.0,0.0,3.0,49763124,33927376,0,0,
1789582271.3,0.0,0.0,0.0,3.0,49763124,33927376,0,0,
1789582273.3,0.0,0.0,0.0,3.0,49763124,33927376,0,0,
1789582275.3,0.0,0.0,0.0,3.0,49763124,33927376,0,0,
1789582277.4,0.0,0.0,0.0,3.0,49763124,33927376,0,0,
1789582279.4,0.0,0.0,0.0,3.0,49763124,33927376,0,0,
1789582281.4,0.0,0.0,0.0,3.0,49763124,33927376,0,0,
1789582283.4,0.0,0.0,0.0,3.0,49763124,33927376,0,0,
1789582285.4,0.0,0.0,0.0,3.0,49763124,33927376,0,0,
1789582287.5,0.0,0.0,0.0,3.0,49763124,33927376,0,0,
1789582289.5,0.0,0.0,0.0,3.0,49763124,33927376,0,0,
1789582291.5,0.0,0.0,0.0,3.0,49763124,33927376,0,0,
1789582293.5,0.0,0.0,0.0,3.0,49763124,33927376,0,0,
1789582295.5,0.0,0.0,0.0,3.0,49763124,33927376,0,0,
1789582297.5,0.0,0.0,0.0,3.0,49763124,33927376,0,0,
1789582299.6,0.0,0.0,0.0,3.0,49763124,33927376,0,0,
1789582301.6,0.0,0.0,0.0,3.0,49763124,33927376,0,0,
1789582303.6,0.0,0.0,0.0,3.0,49763124,33927376,0,0,
1789582305.6,0.0,0.0,0.0,3.0,49763124,33927376,0,0,
1789582307.6,0.0,0.0,0.0,3.0,49763124,33927376,0,0,
1789582309.7,0.0,0.0,0.0,3.0,49763124,33927376,0,0,
1789582311.7,0.0,0.0,0.0,3.0,49763124,33927376,0,0,
1789582313.7,0.0,0.0,0.0,3.0,49763124,33927376,0,0,
1789582315.7,0.0,0.0,0.0,3.0,49763124,33927376,0,0,
1789582317.7,0.0,0.0,0.0,3.0,49763124,33927376,0,0,
1789582319.8,0.0,0.0,0.0,3.0,49763124,33927376,0,0,
1789582321.8,0.0,0.0,0.0,3.0,49763124,33927376,0,0,
1789582323.8,0.0,0.0,0.0,3.0,49763124,33927376,0,0,
1789582325.8,0.0,0.0,0.0,3.0,49763124,33927376,0,0,
1789582327.8,0.0,0.0,0.0,3.0,49763124,33927376,0,0,
1789582329.9,0.0,0.0,0.0,3.0,49763124,33927376,0,0,
1789582331.9,0.0,0.0,0.0,3.0,49763124,33927376,0,0,
1789582333.9,0.0,0.0,0.0,3.0,49763124,33927376,0,0,
1789582335.9,0.0,0.0,0.0,3.0,49763124,33927376,0,0,
1789582337.9,0.0,0.0,0.0,3.0,49763124,33927376,0,0,
1789582339.9,0.0,0.0,0.0,3.0,49763124,33927376,0,0,
1789582342.0,0.0,0.0,0.0,3.0,49763124,33927376,0,0,
1789582344.0,0.0,0.0,0.0,3.0,49763124,33927376,0,0,
1789582346.0,0.0,0.0,0.0,3.0,49763124,33927376,0,0,
1789582348.0,0.0,0.0,0.0,3.0,49763124,33927376,0,0,
1789582350.0,0.0,0.0,0.0,3.0,49763124,33927376,0,0,
1789582352.1,0.0,0.0,0.0,3.0,49763124,33927376,0,0,
1789582354.1,0.0,0.0,0.0,3.0,49763124,33927376,0,0,
1789582356.1,0.0,0.0,0.0,3.0,49763124,33927376,0,0,
1789582358.1,0.0,0.0,0.0,3.0,49763124,33927376,0,0,
1789582360.1,0.0,0.0,0.0,3.0,49763124,33927376,0,0,
1789582362.2,0.0,0.0,0.0,3.0,49763124,33927376,0,0,
1789582364.2,0.0,0.0,0.0,3.0,49763124,33927376,0,0,
1789582366.2,0.0,0.0,0.0,3.0,49763124,33927376,0,0,
1789582368.2,0.0,0.0,0.0,3.0,49763124,33927376,0,0,
1789582370.2,0.0,0.0,0.0,3.0,49763124,33927376,0,0,
1789582372.3,0.0,0.0,0.0,3.0,49763124,33927376,0,0,
1789582374.3,0.0,0.0,0.0,3.0,49763124,33927376,0,0,
1789582376.3,0.0,0.0,0.0,3.0,49763124,33927376,0,0,
1789582378.3,0.0,0.0,0.0,3.0,49763124,33927376,0,0,
1789582380.3,0.0,0.0,0.0,3.0,49763124,33927376,0,0,
1789582382.4,0.0,0.0,0.0,3.0,49763124,33927376,0,0,
1789582384.4,0.0,0.0,0.0,3.0,49763124,33927376,0,0,
1789582386.4,0.0,0.0,0.0,3.0,49763124,33927376,0,0,
1789582388.4,0.0,0.0,0.0,3.0,49763124,33927376,0,0,
1789582390.4,0.0,0.0,0.0,3.0,49763124,33927376,0,0,
1789582392.5,0.0,0.0,0.0,3.0,49763124,33927376,0,0,
1789582394.5,0.0,0.0,0.0,3.0,49763124,33927376,0,0,
1789582396.5,0.0,0.0,0.0,3.0,49763124,33927376,0,0,
1789582398.5,0.0,0.0,0.0,3.0,49763124,33927376,0,0,
1789582400.5,0.0,0.0,0.0,3.0,49763124,33927376,0,0,
1789582402.6,0.0,0.0,0.0,3.0,49763124,33927376,0,0,
1789582404.6,0.0,0.0,0.0,3.0,49763124,33927376,0,0,
1789582406.6,0.0,0.0,0.0,3.0,49763124,33927376,0,0,
1789582408.6,0.0,0.0,0.0,3.0,49763124,33927376,0,0,
1789582410.6,0.0,0.0,0.0,3.0,49763124,33927376,0,0,
1789582412.7,0.0,0.0,0.0,3.0,49763124,33927376,0,0,
1789582414.7,0.0,0.0,0.0,3.0,49763124,33927376,0,0,
1789582416.7,0.0,0.0,0.0,3.0,49763124,33927376,0,0,
1789582418.7,0.0,0.0,0.0,3.0,49763124,33927376,0,0,
1789582420.7,0.0,0.0,0.0,3.0,49763124,33927376,0,0,
1789582422.8,0.0,0.0,0.0,3.0,49763124,33927376,0,0,
1789582424.8,0.0,0.0,0.0,3.0,49763124,33927376,0,0,
1789582426.8,0.0,0.0,0.0,3.0,49763124,33927376,0,0,
1789582428.8,0.0,0.0,0.0,3.0,49763124,33927376,0,0,
1789582430.8,0.0,0.0,0.0,3.0,49763124,33927376,0,0,
1789582432.8,0.0,0.0,0.0,3.0,49763124,33927376,0,0,
1789582434.9,0.0,0.0,0.0,3.0,49763124,33927376,0,0,
1789582436.9,0.0,0.0,0.0,3.0,49763124,33927376,0,0,
1789582438.9,0.0,0.0,0.0,3.0,49763124,33927376,0,0,
1789582440.9,0.0,0.0,0.0,3.0,49763124,33927376,0,0,
1789582442.9,0.0,0.0,0.0,3.0,49763124,33927376,0,0,
1789582445.0,0.0,0.0,0.0,3.0,49763124,33927376,0,0,
1789582447.0,0.0,0.0,0.0,3.0,49763124,33927376,0,0,
1789582449.0,0.0,0.0,0.0,3.0,49763124,33927376,0,0,
1789582451.0,0.0,0.0,0.0,3.0,49763124,33927376,0,0,
1789582453.0,0.0,0.0,0.0,3.0,49763124,33927376,0,0,
1789582455.1,0.0,0.0,0.0,3.0,49763124,33927376,0,0,
1789582457.1,0.0,0.0,0.0,3.0,49763124,33927376,0,0,
1789582459.1,0.0,0.0,0.0,3.0,49763124,33927376,0,0,
1789582461.1,0.0,0.0,0.0,3.0,49763124,33927376,0,0,
1789582463.1,0.0,0.0,0.0,3.0,49763124,33927376,0,0,
1789582465.2,0.0,0.0,0.0,3.0,49763124,33927376,0,0,
1789582467.2,0.0,0.0,0.0,3.0,49763124,33927376,0,0,
1789582469.2,0.0,0.0,0.0,3.0,49763124,33927376,0,0,
1789582471.2,0.0,0.0,0.0,3.0,49763124,33927376,0,0,
1789582473.2,0.0,0.0,0.0,3.0,49763124,33927376,0,0,
1789582475.3,0.0,0.0,0.0,3.0,49763124,33927376,0,0,
1789582477.3,0.0,0.0,0.0,3.0,49763124,33927376,0,0,
1789582479.3,0.0,0.0,0.0,3.0,49763124,33927376,0,0,
1789582481.3,0.0,0.0,0.0,3.0,49763124,33927376,0,0,
1789582483.3,0.0,0.0,0.0,3.0,49763124,33927376,0,0,
1789582485.4,0.0,0.0,0.0,3.0,49763124,33927376,0,0,
1789582487.4,0.0,0.0,0.0,3.0,49763124,33927376,0,0,
1789582489.4,0.0,0.0,0.0,3.0,49763124,33927376,0,0,
1789582491.4,0.0,0.0,0.0,3.0,49763124,33927376,0,0,
1789582493.4,0.0,0.0,0.0,3.0,49763124,33927376,0,0,
1789582495.5,0.0,0.0,0.0,3.0,49763124,33927376,0,0,
1789582497.5,0.0,0.0,0.0,3.0,49763124,33927376,0,0,
1789582499.5,0.0,0.0,0.0,3.0,49763124,33927376,0,0,
1789582501.5,0.0,0.0,0.0,3.0,49763124,33927376,0,0,
1789582503.5,0.0,0.0,0.0,3.0,49763124,33927376,0,0,
1789582505.5,0.0,0.0,0.0,3.0,49763124,33927376,0,0,
1789582507.6,0.0,0.0,0.0,3.0,49763124,33927376,0,0,
1789582509.6,0.0,0.0,0.0,3.0,49763124,33927376,0,0,
1789582511.6,0.0,0.0,0.0,3.0,49763124,33927376,0,0,
1789582513.6,0.0,0.0,0.0,3.0,49763124,33927376,0,0,
1789582515.6,0.0,0.0,0.0,3.0,49763124,33927376,0,0,
1789582517.7,0.0,0.0,0.0,3.0,49763124,33927376,0,0,
1789582519.7,0.0,0.0,0.0,3.0,49763124,33927376,0,0,
1789582521.7,0.0,0.0,0.0,3.0,49763124,33927376,0,0,
1789582523.7,0.0,0.0,0.0,3.0,49763124,33927376,0,0,
1789582525.7,0.0,0.0,0.0,3.0,49763124,33927376,0,0,
1789582527.8,0.0,0.0,0.0,3.0,49763124,33927376,0,0,
1789582529.8,0.0,0.0,0.0,3.0,49763124,33927376,0,0,
1789582531.8,0.0,0.0,0.0,3.0,49763124,33927376,0,0,
1789582533.8,0.0,0.0,0.0,3.0,49763124,33927376,0,0,
1789582535.8,0.0,0.0,0.0,3.0,49763124,33927376,0,0,
1789582537.9,0.0,0.0,0.0,3.0,49763124,33927376,0,0,
1789582539.9,0.0,0.0,0.0,3.0,49763124,33927376,0,0,
1789582541.9,0.0,0.0,0.0,3.0,49763124,33927376,0,0,
1789582543.9,0.0,0.0,0.0,3.0,49763124,33927376,0,0,
1789582545.9,0.0,0.0,0.0,3.0,49763124,33927376,0,0,
1789582547.9,0.0,0.0,0.0,3.0,49763124,33927376,0,0,
1789582550.0,0.0,0.0,0.0,3.0,49763124,33927376,0,0,
1789582552.0,0.0,0.0,0.0,3.0,49763124,33927376,0,0,
1789582554.0,0.0,0.0,0.0,3.0,49763124,33927376,0,0,
1789582556.0,0.0,0.0,0.0,3.0,49763124,33927376,0,0,
1789582558.0,0.0,0.0,0.0,3.0,49763124,33927376,0,0,
1789582560.1,0.0,0.0,0.0,3.0,49763124,33927376,0,0,
1789582562.1,0.0,0.0,0.0,3.0,49763124,33927376,0,0,
1789582564.1,0.0,0.0,0.0,3.0,49763124,33927376,0,0,
1789582566.1,0.0,0.0,0.0,3.0,49763124,33927376,0,0,
1789582568.1,0.0,0.0,0.0,3.0,49763124,33927376,0,0,
1789582570.2,0.0,0.0,0.0,3.0,49763124,33927376,0,0,
1789582572.2,0.0,0.0,0.0,3.0,49763124,33927376,0,0,
1789582574.2,0.0,0.0,0.0,3.0,49763124,33927376,0,0,
1789582576.2,0.0,0.0,0.0,3.0,49763124,33927376,0,0,
1789582578.2,0.0,0.0,0.0,3.0,49763124,33927376,0,0,
1789582580.3,0.0,0.0,0.0,3.0,49763124,33927376,0,0,
1789582582.3,0.0,0.0,0.0,3.0,49763124,33927376,0,0,
1789582584.3,0.0,0.0,0.0,3.0,49763124,33927376,0,0,
1789582586.3,0.0,0.0,0.0,3.0,49763124,33927376,0,0,
1789582588.3,0.0,0.0,0.0,3.0,49763124,33927376,0,0,
1789582590.4,0.0,0.0,0.0,3.0,49763124,33927376,0,0,
1789582592.4,0.0,0.0,0.0,3.0,49763124,33927376,0,0,
1789582594.4,0.0,0.0,0.0,3.0,49763124,33927376,0,0,
1789582596.4,0.0,0.0,0.0,3.0,49763124,33927376,0,0,
1789582598.4,0.0,0.0,0.0,3.0,49763124,33927376,0,0,
1789582600.4,0.0,0.0,0.0,3.0,49763124,33927376,0,0,
1789582602.5,0.0,0.0,0.0,3.0,49763124,33927376,0,0,
1789582604.5,0.0,0.0,0.0,3.0,49763124,33927376,0,0,
1789582606.5,0.0,0.0,0.0,3.0,49763124,33927376,0,0,
1789582608.5,0.0,0.0,0.0,3.0,49763124,33927376,0,0,
1789582610.5,0.0,0.0,0.0,3.0,49763124,33927376,0,0,
1789582612.6,0.0,0.0,0.0,3.0,49763124,33927376,0,0,
1789582614.6,0.0,0.0,0.0,3.0,49763124,33927376,0,0,
1789582616.6,0.0,0.0,0.0,3.0,49763124,33927376,0,0,
1789582618.6,0.0,0.0,0.0,3.0,49763124,33927376,0,0,
1789582620.6,0.0,0.0,0.0,3.0,49763124,33927376,0,0,
1789582622.7,0.0,0.0,0.0,3.0,49763124,33927376,0,0,
1789582624.7,0.0,0.0,0.0,3.0,49763124,33927376,0,0,
1789582626.7,0.0,0.0,0.0,3.0,49763124,33927376,0,0,
1789582628.7,0.0,0.0,0.0,3.0,49763124,33927376,0,0,
1789582630.7,0.0,0.0,0.0,3.0,49763124,33927376,0,0,
1789582632.8,0.0,0.0,0.0,3.0,49763124,33927376,0,0,
1789582634.8,0.0,0.0,0.0,3.0,49763124,33927376,0,0,
1789582636.8,0.0,0.0,0.0,3.0,49763124,33927376,0,0,
1789582638.8,0.0,0.0,0.0,3.0,49763124,33927376,0,0,
1789582640.8,0.0,0.0,0.0,3.0,49763124,33927376,0,0,
1789582642.9,0.0,0.0,0.0,3.0,49763124,33927376,0,0,
1789582644.9,0.0,0.0,0.0,3.0,49763124,33927376,0,0,
1789582646.9,0.0,0.0,0.0,3.0,49763124,33927376,0,0,
1789582648.9,0.0,0.0,0.0,3.0,49763124,33927376,0,0,
1789582650.9,0.0,0.0,0.0,3.0,49763124,33927376,0,0,
1789582653.0,0.0,0.0,0.0,3.0,49763124,33927376,0,0,
1789582655.0,0.0,0.0,0.0,3.0,49763124,33927376,0,0,
1789582657.0,0.0,0.0,0.0,3.0,49763124,33927376,0,0,
1789582659.0,0.0,0.0,0.0,3.0,49763124,33927376,0,0,
1789582661.0,0.0,0.0,0.0,3.0,49763124,33927376,0,0,
1789582663.0,0.0,0.0,0.0,3.0,49763124,33927376,0,0,
1789582665.1,0.0,0.0,0.0,3.0,49763124,33927376,0,0,
1789582667.1,0.0,0.0,0.0,3.0,49763124,33927376,0,0,
1789582669.1,0.0,0.0,0.0,3.0,49763124,33927376,0,0,
1789582671.1,0.0,0.0,0.0,3.0,49763124,33927376,0,0,
1789582673.2,0.0,0.0,0.0,3.0,49763124,33927376,0,0,
1789582675.2,0.0,0.0,0.0,3.0,49763124,33927376,0,0,
1789582677.2,0.0,0.0,0.0,3.0,49763124,33927376,0,0,
1789582679.2,0.0,0.0,0.0,3.0,49763124,33927376,0,0,
1789582681.2,0.0,0.0,0.0,3.0,49763124,33927376,0,0,
1789582683.2,0.0,0.0,0.0,3.0,49763124,33927376,0,0,
1789582685.3,0.0,0.0,0.0,3.0,49763124,33927376,0,0,
1789582687.3,0.0,0.0,0.0,3.0,49763124,33927376,0,0,
1789582689.3,0.0,0.0,0.0,3.0,49763124,33927376,0,0,
1789582691.3,0.0,0.0,0.0,3.0,49763124,33927376,0,0,
1789582693.3,0.0,0.0,0.0,3.0,49763124,33927376,0,0,
1789582695.4,0.0,0.0,0.0,3.0,49763124,33927376,0,0,
1789582697.4,0.0,0.0,0.0,3.0,49763124,33927376,0,0,
1789582699.4,0.0,0.0,0.0,3.0,49763124,33927376,0,0,
1789582701.4,0.0,0.0,0.0,3.0,49763124,33927376,0,0,
1789582703.4,0.0,0.0,0.0,3.0,49763124,33927376,0,0,
1789582705.5,0.0,0.0,0.0,3.0,49763124,33927376,0,0,
1789582707.5,0.0,0.0,0.0,3.0,49763124,33927376,0,0,
1789582709.5,0.0,0.0,0.0,3.0,49763124,33927376,0,0,
1789582711.5,0.0,0.0,0.0,3.0,49763124,33927376,0,0,
1789582713.5,0.0,0.0,0.0,3.0,49763124,33927376,0,0,
1789582715.6,0.0,0.0,0.0,3.0,49763124,33927376,0,0,
1789582717.6,0.0,0.0,0.0,3.0,49763124,33927376,0,0,
1789582719.6,0.0,0.0,0.0,3.0,49763124,33927376,0,0,
1789582721.6,0.0,0.0,0.0,3.0,49763124,33927376,0,0,
1789582723.6,0.0,0.0,0.0,3.0,49763124,33927376,0,0,
1789582725.7,0.0,0.0,0.0,3.0,49763124,33927376,0,0,
1789582727.7,0.0,0.0,0.0,3.0,49763124,33927376,0,0,
1789582729.7,0.0,0.0,0.0,3.0,49763124,33927376,0,0,
1789582731.7,0.0,0.0,0.0,3.0,49763124,33927376,0,0,
1789582733.7,0.0,0.0,0.0,3.0,49763124,33927376,0,0,
1789582735.8,0.0,0.0,0.0,3.0,49763124,33927376,0,0,
1789582737.8,0.0,0.0,0.0,3.0,49763124,33927376,0,0,
1789582739.8,0.0,0.0,0.0,3.0,49763124,33927376,0,0,
1789582741.8,0.0,0.0,0.0,3.0,49763124,33927376,0,0,
1789582743.8,0.0,0.0,0.0,3.0,49763124,33927376,0,0,
1789582745.9,0.0,0.0,0.0,3.0,49763124,33927376,0,0,
1789582747.9,0.0,0.0,0.0,3.0,49763124,33927376,0,0,
1789582749.9,0.0,0.0,0.0,3.0,49763124,33927376,0,0,
1789582751.9,0.0,0.0,0.0,3.0,49763124,33927376,0,0,
1789582753.9,0.0,0.0,0.0,3.0,49763124,33927376,0,0,
1789582755.9,0.0,0.0,0.0,3.0,49763124,33927376,0,0,
1789582758.0,0.0,0.0,0.0,3.0,49763124,33927376,0,0,
1789582760.0,0.0,0.0,0.0,3.0,49763124,33927376,0,0,
1789582762.0,0.0,0.0,0.0,3.0,49763124,33927376,0,0,
1789582764.0,0.0,0.0,0.0,3.0,49763124,33927376,0,0,
1789582766.0,0.0,0.0,0.0,3.0,49763124,33927376,0,0,
1789582768.1,0.0,0.0,0.0,3.0,49763124,33927376,0,0,
1789582770.1,0.0,0.0,0.0,3.0,49763124,33927376,0,0,
1789582772.1,0.0,0.0,0.0,3.0,49763124,33927376,0,0,
1789582774.1,0.0,0.0,0.0,3.0,49763124,33927376,0,0,
1789582776.1,0.0,0.0,0.0,3.0,49763124,33927376,0,0,
1789582778.2,0.0,0.0,0.0,3.0,49763124,33927376,0,0,
1789582780.2,0.0,0.0,0.0,3.0,49763124,33927376,0,0,
1789582782.2,0.0,0.0,0.0,3.0,49763124,33927376,0,0,
1789582784.2,0.0,0.0,0.0,3.0,49763124,33927376,0,0,
1789582786.2,0.0,0.0,0.0,3.0,49763124,33927376,0,0,
1789582788.3,0.0,0.0,0.0,3.0,49763124,33927376,0,0,
1789582790.3,0.0,0.0,0.0,3.0,49763124,33927376,0,0,
1789582792.3,0.0,0.0,0.0,3.0,49763124,33927376,0,0,
1789582794.3,0.0,0.0,0.0,3.0,49763124,33927376,0,0,
1789582796.3,0.0,0.0,0.0,3.0,49763124,33927376,0,0,
1789582798.4,0.0,0.0,0.0,3.0,49763124,33927376,0,0,
1789582800.4,0.0,0.0,0.0,3.0,49763124,33927376,0,0,
1789582802.4,0.0,0.0,0.0,3.0,49763124,33927376,0,0,
1789582804.4,0.0,0.0,0.0,3.0,49763124,33927376,0,0,
1789582806.4,0.0,0.0,0.0,3.0,49763124,33927376,0,0,
1789582808.5,0.0,0.0,0.0,3.0,49763124,33927376,0,0,
1789582810.5,0.0,0.0,0.0,3.0,49763124,33927376,0,0,
1789582812.5,0.0,0.0,0.0,3.0,49763124,33927376,0,0,
1789582814.5,0.0,0.0,0.0,3.0,49763124,33927376,0,0,
1789582816.7,0.0,0.0,0.0,3.0,49763124,33927376,0,0,
1789582818.7,0.0,0.0,0.0,3.0,49763124,33927376,0,0,
1789582820.7,0.0,0.0,0.0,3.0,49763124,33927376,0,0,
1789582822.7,0.0,0.0,0.0,3.0,49763124,33927376,0,0,
1789582824.8,0.0,0.0,0.0,3.0,49763124,33927376,0,0,
1789582826.8,0.0,0.0,0.0,3.0,49763124,33927376,0,0,
1789582828.8,0.0,0.0,0.0,3.0,49763124,33927376,0,0,
1789582830.8,0.0,0.0,0.0,3.0,49763124,33927376,0,0,
1789582832.8,0.0,0.0,0.0,3.0,49763124,33927376,0,0,
1789582834.8,0.0,0.0,0.0,3.0,49763124,33927376,0,0,
1789582836.9,0.0,0.0,0.0,3.0,49763124,33927376,0,0,
1789582838.9,0.0,0.0,0.0,3.0,49763124,33927376,0,0,
1789582840.9,0.0,0.0,0.0,3.0,49763124,33927376,0,0,
1789582842.9,0.0,0.0,0.0,3.0,49763124,33927376,0,0,
1789582844.9,0.0,0.0,0.0,3.0,49763124,33927376,0,0,
1789582847.0,0.0,0.0,0.0,3.0,49763124,33927376,0,0,
1789582849.0,0.0,0.0,0.0,3.0,49763124,33927376,0,0,
1789582851.0,0.0,0.0,0.0,3.0,49763124,33927376,0,0,
1789582853.0,0.0,0.0,0.0,3.0,49763124,33927376,0,0,
1789582855.0,0.0,0.0,0.0,3.0,49763124,33927376,0,0,
1789582857.1,0.0,0.0,0.0,3.0,49763124,33927376,0,0,
1789582859.1,0.0,0.0,0.0,3.0,49763124,33927376,0,0,
1789582861.1,0.0,0.0,0.0,3.0,49763124,33927376,0,0,
1789582863.1,0.0,0.0,0.0,3.0,49763124,33927376,0,0,
1789582865.1,0.0,0.0,0.0,3.0,49763124,33927376,0,0,
1789582867.2,0.0,0.0,0.0,3.0,49763124,33927376,0,0,
1789582869.2,0.0,0.0,0.0,3.0,49763124,33927376,0,0,
1789582871.2,0.0,0.0,0.0,3.0,49763124,33927376,0,0,
1789582873.2,0.0,0.0,0.0,3.0,49763124,33927376,0,0,
1789582875.2,0.0,0.0,0.0,3.0,49763124,33927376,0,0,
1789582877.3,0.0,0.0,0.0,3.0,49763124,33927376,0,0,
1789582879.3,0.0,0.0,0.0,3.0,49763124,33927376,0,0,
1789582881.3,0.0,0.0,0.0,3.0,49763124,33927376,0,0,
1789582883.3,0.0,0.0,0.0,3.0,49763124,33927376,0,0,
1789582885.3,0.0,0.0,0.0,3.0,49763124,33927376,0,0,
1789582887.3,0.0,0.0,0.0,3.0,49763124,33927376,0,0,
1789582889.4,0.0,0.0,0.0,3.0,49763124,33927376,0,0,
1789582891.4,0.0,0.0,0.0,3.0,49763124,33927376,0,0,
1789582893.4,0.0,0.0,0.0,3.0,49763124,33927376,0,0,
1789582895.4,0.0,0.0,0.0,3.0,49763124,33927376,0,0,
1789582897.4,0.0,0.0,0.0,3.0,49763124,33927376,0,0,
1789582899.5,0.0,0.0,0.0,3.0,49763124,33927376,0,0,
1789582901.5,0.0,0.0,0.0,3.0,49763124,33927376,0,0,
1789582903.5,0.0,0.0,0.0,3.0,49763124,33927376,0,0,
1789582905.5,0.0,0.0,0.0,3.0,49763124,33927376,0,0,
1789582907.5,0.0,0.0,0.0,3.0,49763124,33927376,0,0,
1789582909.6,0.0,0.0,0.0,3.0,49763124,33927376,0,0,
1789582911.6,0.0,0.0,0.0,3.0,49763124,33927376,0,0,
1789582913.6,0.0,0.0,0.0,3.0,49763124,33927376,0,0,
1789582915.6,0.0,0.0,0.0,3.0,49763124,33927376,0,0,
1789582917.6,0.0,0.0,0.0,3.0,49763124,33927376,0,0,
1789582919.7,0.0,0.0,0.0,3.0,49763124,33927376,0,0,
1789582921.7,0.0,0.0,0.0,3.0,49763124,33927376,0,0,
1789582923.7,0.0,0.0,0.0,3.0,49763124,33927376,0,0,
1789582925.7,0.0,0.0,0.0,3.0,49763124,33927376,0,0,
1789582927.7,0.0,0.0,0.0,3.0,49763124,33927376,0,0,
1789582929.7,0.0,0.0,0.0,3.0,49763124,33927376,0,0,
1789582931.8,0.0,0.0,0.0,3.0,49763124,33927376,0,0,
1789582933.8,0.0,0.0,0.0,3.0,49763124,33927376,0,0,
1789582935.8,0.0,0.0,0.0,3.0,49763124,33927376,0,0,
1789582937.8,0.0,0.0,0.0,3.0,49763124,33927376,0,0,
1789582939.8,0.0,0.0,0.0,3.0,49763124,33927376,0,0,
1789582941.9,0.0,0.0,0.0,3.0,49763124,33927376,0,0,
1789582943.9,0.0,0.0,0.0,3.0,49763124,33927376,0,0,
1789582945.9,0.0,0.0,0.0,3.0,49763124,33927376,0,0,
1789582947.9,0.0,0.0,0.0,3.0,49763124,33927376,0,0,
1789582949.9,0.0,0.0,0.0,3.0,49763124,33927376,0,0,
1789582952.0,0.0,0.0,0.0,3.0,49763124,33927376,0,0,
1789582954.0,0.0,0.0,0.0,3.0,49763124,33927376,0,0,
1789582956.0,0.0,0.0,0.0,3.0,49763124,33927376,0,0,
1789582958.0,0.0,0.0,0.0,3.0,49763124,33927376,0,0,
1789582960.0,0.0,0.0,0.0,3.0,49763124,33927376,0,0,
1789582962.1,0.0,0.0,0.0,3.0,49763124,33927376,0,0,
1789582964.1,0.0,0.0,0.0,3.0,49763124,33927376,0,0,
1789582966.1,0.0,0.0,0.0,3.0,49763124,33927376,0,0,
1789582968.1,0.0,0.0,0.0,3.0,49763124,33927376,0,0,
1789582970.1,0.0,0.0,0.0,3.0,49763124,33927376,0,0,
1789582972.2,0.0,0.0,0.0,3.0,49763124,33927376,0,0,
1789582974.2,0.0,0.0,0.0,3.0,49763124,33927376,0,0,
1789582976.2,0.0,0.0,0.0,3.0,49763124,33927376,0,0,
1789582978.2,0.0,0.0,0.0,3.0,49763124,33927376,0,0,
1789582980.2,0.0,0.0,0.0,3.0,49763124,33927376,0,0,
1789582982.3,0.0,0.0,0.0,3.0,49763124,33927376,0,0,
1789582984.3,0.0,0.0,0.0,3.0,49763124,33927376,0,0,
1789582986.3,0.0,0.0,0.0,3.0,49763124,33927376,0,0,
1789582988.3,0.0,0.0,0.0,3.0,49763124,33927376,0,0,
1789582990.3,0.0,0.0,0.0,3.0,49763124,33927376,0,0,
1789582992.4,0.0,0.0,0.0,3.0,49763124,33927376,0,0,
1789582994.4,0.0,0.0,0.0,3.0,49763124,33927376,0,0,
1789582996.4,0.0,0.0,0.0,3.0,49763124,33927376,0,0,
1789582998.4,0.0,0.0,0.0,3.0,49763124,33927376,0,0,
1789583000.4,0.0,0.0,0.0,3.0,49763124,33927376,0,0,
1789583002.4,0.0,0.0,0.0,3.0,49763124,33927376,0,0,
1789583004.5,0.0,0.0,0.0,3.0,49763124,33927376,0,0,
1789583006.5,0.0,0.0,0.0,3.0,49763124,33927376,0,0,
1789583008.5,0.0,0.0,0.0,3.0,49763124,33927376,0,0,
1789583010.5,0.0,0.0,0.0,3.0,49763124,33927376,0,0,
1789583012.5,0.0,0.0,0.0,3.0,49763124,33927376,0,0,
1789583014.6,0.0,0.0,0.0,3.0,49763124,33927376,0,0,
1789583016.6,0.0,0.0,0.0,3.0,49763124,33927376,0,0,
1789583018.6,0.0,0.0,0.0,3.0,49763124,33927376,0,0,
1789583020.6,0.0,0.0,0.0,3.0,49763124,33927376,0,0,
1789583022.6,0.0,0.0,0.0,3.0,49763124,33927376,0,0,
1789583024.7,0.0,0.0,0.0,3.0,49763124,33927376,0,0,
1789583026.7,0.0,0.0,0.0,3.0,49763124,33927376,0,0,
1789583028.7,0.0,0.0,0.0,3.0,49763124,33927376,0,0,
1789583030.7,0.0,0.0,0.0,3.0,49763124,33927376,0,0,
1789583032.7,0.0,0.0,0.0,3.0,49763124,33927376,0,0,
1789583034.8,0.0,0.0,0.0,3.0,49763124,33927376,0,0,
1789583036.8,0.0,0.0,0.0,3.0,49763124,33927376,0,0,
1789583038.8,0.0,0.0,0.0,3.0,49763124,33927376,0,0,
1789583040.8,0.0,0.0,0.0,3.0,49763124,33927376,0,0,
1789583042.8,0.0,0.0,0.0,3.0,49763124,33927376,0,0,
1789583044.8,0.0,0.0,0.0,3.0,49763124,33927376,0,0,
1789583046.9,0.0,0.0,0.0,3.0,49763124,33927376,0,0,
1789583048.9,0.0,0.0,0.0,3.0,49763124,33927376,0,0,
1789583050.9,0.0,0.0,0.0,3.0,49763124,33927376,0,0,
1789583052.9,0.0,0.0,0.0,3.0,49763124,33927376,0,0,
1789583054.9,0.0,0.0,0.0,3.0,49763124,33927376,0,0,
1789583057.0,0.0,0.0,0.0,3.0,49763124,33927376,0,0,
1789583059.0,0.0,0.0,0.0,3.0,49763124,33927376,0,0,
1789583061.0,0.0,0.0,0.0,3.0,49763124,33927376,0,0,
1789583063.0,0.0,0.0,0.0,3.0,49763124,33927376,0,0,
1789583065.0,0.0,0.0,0.0,3.0,49763124,33927376,0,0,
1789583067.1,0.0,0.0,0.0,3.0,49763124,33927376,0,0,
1789583069.1,0.0,0.0,0.0,3.0,49763124,33927376,0,0,
1789583071.1,0.0,0.0,0.0,3.0,49763124,33927376,0,0,
1789583073.1,0.0,0.0,0.0,3.0,49763124,33927376,0,0,
1789583075.1,0.0,0.0,0.0,3.0,49763124,33927376,0,0,
1789583077.2,0.0,0.0,0.0,3.0,49763124,33927376,0,0,
1789583079.2,0.0,0.0,0.0,3.0,49763124,33927376,0,0,
1789583081.2,0.0,0.0,0.0,3.0,49763124,33927376,0,0,
1789583083.2,0.0,0.0,0.0,3.0,49763124,33927376,0,0,
1789583085.2,0.0,0.0,0.0,3.0,49763124,33927376,0,0,
1789583087.3,0.0,0.0,0.0,3.0,49763124,33927376,0,0,
1789583089.3,0.0,0.0,0.0,3.0,49763124,33927376,0,0,
1789583091.3,0.0,0.0,0.0,3.0,49763124,33927376,0,0,
1789583093.3,0.0,0.0,0.0,3.0,49763124,33927376,0,0,
1789583095.3,0.0,0.0,0.0,3.0,49763124,33927376,0,0,
1789583097.4,0.0,0.0,0.0,3.0,49763124,33927376,0,0,
1789583099.4,0.0,0.0,0.0,3.0,49763124,33927376,0,0,
1789583101.4,0.0,0.0,0.0,3.0,49763124,33927376,0,0,
1789583103.4,0.0,0.0,0.0,3.0,49763124,33927376,0,0,
1789583105.4,0.0,0.0,0.0,3.0,49763124,33927376,0,0,
1789583107.5,0.0,0.0,0.0,3.0,49763124,33927376,0,0,
1789583109.5,0.0,0.0,0.0,3.0,49763124,33927376,0,0,
1789583111.5,0.0,0.0,0.0,3.0,49763124,33927376,0,0,
1789583113.5,0.0,0.0,0.0,3.0,49763124,33927376,0,0,
1789583115.5,0.0,0.0,0.0,3.0,49763124,33927376,0,0,
1789583117.6,0.0,0.0,0.0,3.0,49763124,33927376,0,0,
1789583119.6,0.0,0.0,0.0,3.0,49763124,33927376,0,0,
1789583121.6,0.0,0.0,0.0,3.0,49763124,33927376,0,0,
1789583123.6,0.0,0.0,0.0,3.0,49763124,33927376,0,0,
1789583125.6,0.0,0.0,0.0,3.0,49763124,33927376,0,0,
1789583127.6,0.0,0.0,0.0,3.0,49763124,33927376,0,0,
1789583129.7,0.0,0.0,0.0,3.0,49763124,33927376,0,0,
1789583131.7,0.0,0.0,0.0,3.0,49763124,33927376,0,0,
1789583133.7,0.0,0.0,0.0,3.0,49763124,33927376,0,0,
1789583135.7,0.0,0.0,0.0,3.0,49763124,33927376,0,0,
1789583137.7,0.0,0.0,0.0,3.0,49763124,33927376,0,0,
1789583139.8,0.0,0.0,0.0,3.0,49763124,33927376,0,0,
1789583141.8,0.0,0.0,0.0,3.0,49763124,33927376,0,0,
1789583143.8,0.0,0.0,0.0,3.0,49763124,33927376,0,0,
1789583145.8,0.0,0.0,0.0,3.0,49763124,33927376,0,0,
1789583147.8,0.0,0.0,0.0,3.0,49763124,33927376,0,0,
1789583149.9,0.0,0.0,0.0,3.0,49763124,33927376,0,0,
1789583151.9,0.0,0.0,0.0,3.0,49763124,33927376,0,0,
1789583153.9,0.0,0.0,0.0,3.0,49763124,33927376,0,0,
1789583155.9,0.0,0.0,0.0,3.0,49763124,33927376,0,0,
1789583157.9,0.0,0.0,0.0,3.0,49763124,33927376,0,0,
1789583159.9,0.0,0.0,0.0,3.0,49763124,33927376,0,0,
1789583162.0,0.0,0.0,0.0,3.0,49763124,33927376,0,0,
1789583164.0,0.0,0.0,0.0,3.0,49763124,33927376,0,0,
1789583166.0,0.0,0.0,0.0,3.0,49763124,33927376,0,0,
1789583168.0,0.0,0.0,0.0,3.0,49763124,33927376,0,0,
1789583170.1,0.0,0.0,0.0,3.0,49763124,33927376,0,0,
1789583172.1,0.0,0.0,0.0,3.0,49763124,33927376,0,0,
1789583174.1,0.0,0.0,0.0,3.0,49763124,33927376,0,0,
1789583176.1,0.0,0.0,0.0,3.0,49763124,33927376,0,0,
1789583178.1,0.0,0.0,0.0,3.0,49763124,33927376,0,0,
1789583180.1,0.0,0.0,0.0,3.0,49763124,33927376,0,0,
1789583182.2,0.0,0.0,0.0,3.0,49763124,33927376,0,0,
1789583184.2,0.0,0.0,0.0,3.0,49763124,33927376,0,0,
1789583186.2,0.0,0.0,0.0,3.0,49763124,33927376,0,0,
1789583188.2,0.0,0.0,0.0,3.0,49763124,33927376,0,0,
1789583190.2,0.0,0.0,0.0,3.0,49763124,33927376,0,0,
1789583192.3,0.0,0.0,0.0,3.0,49763124,33927376,0,0,
1789583194.3,0.0,0.0,0.0,3.0,49763124,33927376,0,0,
1789583196.3,0.0,0.0,0.0,3.0,49763124,33927376,0,0,
1789583198.3,0.0,0.0,0.0,3.0,49763124,33927376,0,0,
1789583200.3,0.0,0.0,0.0,3.0,49763124,33927376,0,0,
1789583202.4,0.0,0.0,0.0,3.0,49763124,33927376,0,0,
1789583204.4,0.0,0.0,0.0,3.0,49763124,33927376,0,0,
1789583206.4,0.0,0.0,0.0,3.0,49763124,33927376,0,0,
1789583208.4,0.0,0.0,0.0,3.0,49763124,33927376,0,0,
1789583210.4,0.0,0.0,0.0,3.0,49763124,33927376,0,0,
1789583212.5,0.0,0.0,0.0,3.0,49763124,33927376,0,0,
1789583214.5,0.0,0.0,0.0,3.0,49763124,33927376,0,0,
1789583216.5,0.0,0.0,0.0,3.0,49763124,33927376,0,0,
1789583218.5,0.0,0.0,0.0,3.0,49763124,33927376,0,0,
1789583220.5,0.0,0.0,0.0,3.0,49763124,33927376,0,0,
1789583222.6,0.0,0.0,0.0,3.0,49763124,33927376,0,0,
1789583224.6,0.0,0.0,0.0,3.0,49763124,33927376,0,0,
1789583226.6,0.0,0.0,0.0,3.0,49763124,33927376,0,0,
1789583228.6,0.0,0.0,0.0,3.0,49763124,33927376,0,0,
1789583230.6,0.0,0.0,0.0,3.0,49763124,33927376,0,0,
1789583232.7,0.0,0.0,0.0,3.0,49763124,33927376,0,0,
1789583234.7,0.0,0.0,0.0,3.0,49763124,33927376,0,0,
1789583236.7,0.0,0.0,0.0,3.0,49763124,33927376,0,0,
1789583238.7,0.0,0.0,0.0,3.0,49763124,33927376,0,0,
1789583240.7,0.0,0.0,0.0,3.0,49763124,33927376,0,0,
1789583242.8,0.0,0.0,0.0,3.0,49763124,33927376,0,0,
1789583244.8,0.0,0.0,0.0,3.0,49763124,33927376,0,0,
1789583246.8,0.0,0.0,0.0,3.0,49763124,33927376,0,0,
1789583248.8,0.0,0.0,0.0,3.0,49763124,33927376,0,0,
1789583250.8,0.0,0.0,0.0,3.0,49763124,33927376,0,0,
1789583252.9,0.0,0.0,0.0,3.0,49763124,33927376,0,0,
1789583254.9,0.0,0.0,0.0,3.0,49763124,33927376,0,0,
1789583256.9,0.0,0.0,0.0,3.0,49763124,33927376,0,0,
1789583258.9,0.0,0.0,0.0,3.0,49763124,33927376,0,0,
1789583260.9,0.0,0.0,0.0,3.0,49763124,33927376,0,0,
1789583263.0,0.0,0.0,0.0,3.0,49763124,33927376,0,0,
1789583265.0,0.0,0.0,0.0,3.0,49763124,33927376,0,0,
1789583267.0,0.0,0.0,0.0,3.0,49763124,33927376,0,0,
1789583269.0,0.0,0.0,0.0,3.0,49763124,33927376,0,0,
1789583271.0,0.0,0.0,0.0,3.0,49763124,33927376,0,0,
1789583273.1,0.0,0.0,0.0,3.0,49763124,33927376,0,0,
1789583275.1,0.0,0.0,0.0,3.0,49763124,33927376,0,0,
1789583277.1,0.0,0.0,0.0,3.0,49763124,33927376,0,0,
1789583279.1,0.0,0.0,0.0,3.0,49763124,33927376,0,0,
1789583281.1,0.0,0.0,0.0,3.0,49763124,33927376,0,0,
1789583283.2,0.0,0.0,0.0,3.0,49763124,33927376,0,0,
1789583285.2,0.0,0.0,0.0,3.0,49763124,33927376,0,0,
1789583287.2,0.0,0.0,0.0,3.0,49763124,33927376,0,0,
1789583289.2,0.0,0.0,0.0,3.0,49763124,33927376,0,0,
1789583291.2,0.0,0.0,0.0,3.0,49763124,33927376,0,0,
1789583293.2,0.0,0.0,0.0,3.0,49763124,33927376,0,0,
1789583295.3,0.0,0.0,0.0,3.0,49763124,33927376,0,0,
1789583297.3,0.0,0.0,0.0,3.0,49763124,33927376,0,0,
1789583299.3,0.0,0.0,0.0,3.0,49763124,33927376,0,0,
1789583301.3,0.0,0.0,0.0,3.0,49763124,33927376,0,0,
1789583303.3,0.0,0.0,0.0,3.0,49763124,33927376,0,0,
1789583305.4,0.0,0.0,0.0,3.0,49763124,33927376,0,0,
1789583307.4,0.0,0.0,0.0,3.0,49763124,33927376,0,0,
1789583309.4,0.0,0.0,0.0,3.0,49763124,33927376,0,0,
1789583311.4,0.0,0.0,0.0,3.0,49763124,33927376,0,0,
1789583313.4,0.0,0.0,0.0,3.0,49763124,33927376,0,0,
1789583315.5,0.0,0.0,0.0,3.0,49763124,33927376,0,0,
1789583317.5,0.0,0.0,0.0,3.0,49763124,33927376,0,0,
1789583319.5,0.0,0.0,0.0,3.0,49763124,33927376,0,0,
1789583321.5,0.0,0.0,0.0,3.0,49763124,33927376,0,0,
1789583323.5,0.0,0.0,0.0,3.0,49763124,33927376,0,0,
1789583325.6,0.0,0.0,0.0,3.0,49763124,33927376,0,0,
1789583327.6,0.0,0.0,0.0,3.0,49763124,33927376,0,0,
1789583329.6,0.0,0.0,0.0,3.0,49763124,33927376,0,0,
1789583331.6,0.0,0.0,0.0,3.0,49763124,33927376,0,0,
1789583333.6,0.0,0.0,0.0,3.0,49763124,33927376,0,0,
1789583335.7,0.0,0.0,0.0,3.0,49763124,33927376,0,0,
1789583337.7,0.0,0.0,0.0,3.0,49763124,33927376,0,0,
1789583339.7,0.0,0.0,0.0,3.0,49763124,33927376,0,0,
1789583341.7,0.0,0.0,0.0,3.0,49763124,33927376,0,0,
1789583343.7,0.0,0.0,0.0,3.0,49763124,33927376,0,0,
1789583345.8,0.0,0.0,0.0,3.0,49763124,33927376,0,0,
1789583347.8,0.0,0.0,0.0,3.0,49763124,33927376,0,0,
1789583349.8,0.0,0.0,0.0,3.0,49763124,33927376,0,0,
1789583351.8,0.0,0.0,0.0,3.0,49763124,33927376,0,0,
1789583353.8,0.0,0.0,0.0,3.0,49763124,33927376,0,0,
1789583355.9,0.0,0.0,0.0,3.0,49763124,33927376,0,0,
1789583357.9,0.0,0.0,0.0,3.0,49763124,33927376,0,0,
1789583359.9,0.0,0.0,0.0,3.0,49763124,33927376,0,0,
1789583361.9,0.0,0.0,0.0,3.0,49763124,33927376,0,0,
1789583363.9,0.0,0.0,0.0,3.0,49763124,33927376,0,0,
1789583366.0,0.0,0.0,0.0,3.0,49763124,33927376,0,0,
1789583368.0,0.0,0.0,0.0,3.0,49763124,33927376,0,0,
1789583370.0,0.0,0.0,0.0,3.0,49763124,33927376,0,0,
1789583372.0,0.0,0.0,0.0,3.0,49763124,33927376,0,0,
1789583374.0,0.0,0.0,0.0,3.0,49763124,33927376,0,0,
1789583376.0,0.0,0.0,0.0,3.0,49763124,33927376,0,0,
1789583378.1,0.0,0.0,0.0,3.0,49763124,33927376,0,0,
1789583380.1,0.0,0.0,0.0,3.0,49763124,33927376,0,0,
1789583382.1,0.0,0.0,0.0,3.0,49763124,33927376,0,0,
1789583384.1,0.0,0.0,0.0,3.0,49763124,33927376,0,0,
1789583386.1,0.0,0.0,0.0,3.0,49763124,33927376,0,0,
1789583388.2,0.0,0.0,0.0,3.0,49763124,33927376,0,0,
1789583390.2,0.0,0.0,0.0,3.0,49763124,33927376,0,0,
1789583392.2,0.0,0.0,0.0,3.0,49763124,33927376,0,0,
1789583394.2,0.0,0.0,0.0,3.0,49763124,33927376,0,0,
1789583396.2,0.0,0.0,0.0,3.0,49763124,33927376,0,0,
1789583398.3,0.0,0.0,0.0,3.0,49763124,33927376,0,0,
1789583400.3,0.0,0.0,0.0,3.0,49763124,33927376,0,0,
1789583402.3,0.0,0.0,0.0,3.0,49763124,33927376,0,0,
1789583404.3,0.0,0.0,0.0,3.0,49763124,33927376,0,0,
1789583406.3,0.0,0.0,0.0,3.0,49763124,33927376,0,0,
1789583408.4,0.0,0.0,0.0,3.0,49763124,33927376,0,0,
1789583410.4,0.0,0.0,0.0,3.0,49763124,33927376,0,0,
1789583412.4,0.0,0.0,0.0,3.0,49763124,33927376,0,0,
1789583414.4,0.0,0.0,0.0,3.0,49763124,33927376,0,0,
1789583416.4,0.0,0.0,0.0,3.0,49763124,33927376,0,0,
1789583418.5,0.0,0.0,0.0,3.0,49763124,33927376,0,0,
1789583420.5,0.0,0.0,0.0,3.0,49763124,33927376,0,0,
1789583422.5,0.0,0.0,0.0,3.0,49763124,33927376,0,0,
1789583424.5,0.0,0.0,0.0,3.0,49763124,33927376,0,0,
1789583426.5,0.0,0.0,0.0,3.0,49763124,33927376,0,0,
1789583428.6,0.0,0.0,0.0,3.0,49763124,33927376,0,0,
1789583430.6,0.0,0.0,0.0,3.0,49763124,33927376,0,0,
1789583432.6,0.0,0.0,0.0,3.0,49763124,33927376,0,0,
1789583434.6,0.0,0.0,0.0,3.0,49763124,33927376,0,0,
1789583436.6,0.0,0.0,0.0,3.0,49763124,33927376,0,0,
1789583438.7,0.0,0.0,0.0,3.0,49763124,33927376,0,0,
1789583440.7,0.0,0.0,0.0,3.0,49763124,33927376,0,0,
1789583442.7,0.0,0.0,0.0,3.0,49763124,33927376,0,0,
1789583444.7,0.0,0.0,0.0,3.0,49763124,33927376,0,0,
1789583446.8,0.0,0.0,0.0,3.0,49763124,33927376,0,0,
1789583448.8,0.0,0.0,0.0,3.0,49763124,33927376,0,0,
1789583450.8,0.0,0.0,0.0,3.0,49763124,33927376,0,0,
1789583452.8,0.0,0.0,0.0,3.0,49763124,33927376,0,0,
1789583454.9,0.0,0.0,0.0,3.0,49763124,33927376,0,0,
1789583456.9,0.0,0.0,0.0,3.0,49763124,33927376,0,0,
1789583458.9,0.0,0.0,0.0,3.0,49763124,33927376,0,0,
1789583460.9,0.0,0.0,0.0,3.0,49763124,33927376,0,0,
1789583462.9,0.0,0.0,0.0,3.0,49763124,33927376,0,0,
1789583465.0,0.0,0.0,0.0,3.0,49763124,33927376,0,0,
1789583467.0,0.0,0.0,0.0,3.0,49763124,33927376,0,0,
1789583469.0,0.0,0.0,0.0,3.0,49763124,33927376,0,0,
1789583471.0,0.0,0.0,0.0,3.0,49763124,33927376,0,0,
1789583473.0,0.0,0.0,0.0,3.0,49763124,33927376,0,0,
1789583475.1,0.0,0.0,0.0,3.0,49763124,33927376,0,0,
1789583477.1,0.0,0.0,0.0,3.0,49763124,33927376,0,0,
1789583479.1,0.0,0.0,0.0,3.0,49763124,33927376,0,0,
1789583481.1,0.0,0.0,0.0,3.0,49763124,33927376,0,0,
1789583483.1,0.0,0.0,0.0,3.0,49763124,33927376,0,0,
1789583485.2,0.0,0.0,0.0,3.0,49763124,33927376,0,0,
1789583487.2,0.0,0.0,0.0,3.0,49763124,33927376,0,0,
1789583489.2,0.0,0.0,0.0,3.0,49763124,33927376,0,0,
1789583491.2,0.0,0.0,0.0,3.0,49763124,33927376,0,0,
1789583493.2,0.0,0.0,0.0,3.0,49763124,33927376,0,0,
1789583495.3,0.0,0.0,0.0,3.0,49763124,33927376,0,0,
1789583497.3,0.0,0.0,0.0,3.0,49763124,33927376,0,0,
1789583499.3,0.0,0.0,0.0,3.0,49763124,33927376,0,0,
1789583501.3,0.0,0.0,0.0,3.0,49763124,33927376,0,0,
1789583503.3,0.0,0.0,0.0,3.0,49763124,33927376,0,0,
1789583505.3,0.0,0.0,0.0,3.0,49763124,33927376,0,0,
1789583507.4,0.0,0.0,0.0,3.0,49763124,33927376,0,0,
1789583509.4,0.0,0.0,0.0,3.0,49763124,33927376,0,0,
1789583511.4,0.0,0.0,0.0,3.0,49763124,33927376,0,0,
1789583513.4,0.0,0.0,0.0,3.0,49763124,33927376,0,0,
1789583515.4,0.0,0.0,0.0,3.0,49763124,33927376,0,0,
1789583517.5,0.0,0.0,0.0,3.0,49763124,33927376,0,0,
1789583519.5,0.0,0.0,0.0,3.0,49763124,33927376,0,0,
1789583521.5,0.0,0.0,0.0,3.0,49763124,33927376,0,0,
1789583523.5,0.0,0.0,0.0,3.0,49763124,33927376,0,0,
1789583525.5,0.0,0.0,0.0,3.0,49763124,33927376,0,0,
1789583527.6,0.0,0.0,0.0,3.0,49763124,33927376,0,0,
1789583529.6,0.0,0.0,0.0,3.0,49763124,33927376,0,0,
1789583531.6,0.0,0.0,0.0,3.0,49763124,33927376,0,0,
1789583533.6,0.0,0.0,0.0,3.0,49763124,33927376,0,0,
1789583535.6,0.0,0.0,0.0,3.0,49763124,33927376,0,0,
1789583537.7,0.0,0.0,0.0,3.0,49763124,33927376,0,0,
1789583539.7,0.0,0.0,0.0,3.0,49763124,33927376,0,0,
1789583541.7,0.0,0.0,0.0,3.0,49763124,33927376,0,0,
1789583543.7,0.0,0.0,0.0,3.0,49763124,33927376,0,0,
1789583545.7,0.0,0.0,0.0,3.0,49763124,33927376,0,0,
1789583547.8,0.0,0.0,0.0,3.0,49763124,33927376,0,0,
1789583549.8,0.0,0.0,0.0,3.0,49763124,33927376,0,0,
1789583551.8,0.0,0.0,0.0,3.0,49763124,33927376,0,0,
1789583553.8,0.0,0.0,0.0,3.0,49763124,33927376,0,0,
1789583555.8,0.0,0.0,0.0,3.0,49763124,33927376,0,0,
1789583557.9,0.0,0.0,0.0,3.0,49763124,33927376,0,0,
1789583559.9,0.0,0.0,0.0,3.0,49763124,33927376,0,0,
1789583561.9,0.0,0.0,0.0,3.0,49763124,33927376,0,0,
1789583563.9,0.0,0.0,0.0,3.0,49763124,33927376,0,0,
1789583565.9,0.0,0.0,0.0,3.0,49763124,33927376,0,0,
1789583567.9,0.0,0.0,0.0,3.0,49763124,33927376,0,0,
1789583570.0,0.0,0.0,0.0,3.0,49763124,33927376,0,0,
1789583572.0,0.0,0.0,0.0,3.0,49763124,33927376,0,0,
1789583574.0,0.0,0.0,0.0,3.0,49763124,33927376,0,0,
1789583576.0,0.0,0.0,0.0,3.0,49763124,33927376,0,0,
1789583578.0,0.0,0.0,0.0,3.0,49763124,33927376,0,0,
1789583580.1,0.0,0.0,0.0,3.0,49763124,33927376,0,0,
1789583582.1,0.0,0.0,0.0,3.0,49763124,33927376,0,0,
1789583584.1,0.0,0.0,0.0,3.0,49763124,33927376,0,0,
1789583586.1,0.0,0.0,0.0,3.0,49763124,33927376,0,0,
1789583588.1,0.0,0.0,0.0,3.0,49763124,33927376,0,0,
1789583590.2,0.0,0.0,0.0,3.0,49763124,33927376,0,0,
1789583592.2,0.0,0.0,0.0,3.0,49763124,33927376,0,0,
1789583594.2,0.0,0.0,0.0,3.0,49763124,33927376,0,0,
1789583596.2,0.0,0.0,0.0,3.0,49763124,33927376,0,0,
1789583598.2,0.0,0.0,0.0,3.0,49763124,33927376,0,0,
1789583600.3,0.0,0.0,0.0,3.0,49763124,33927376,0,0,
1789583602.3,0.0,0.0,0.0,3.0,49763124,33927376,0,0,
1789583604.3,0.0,0.0,0.0,3.0,49763124,33927376,0,0,
1789583606.3,0.0,0.0,0.0,3.0,49763124,33927376,0,0,
1789583608.3,0.0,0.0,0.0,3.0,49763124,33927376,0,0,
1789583610.4,0.0,0.0,0.0,3.0,49763124,33927376,0,0,
1789583612.4,0.0,0.0,0.0,3.0,49763124,33927376,0,0,
1789583614.4,0.0,0.0,0.0,3.0,49763124,33927376,0,0,
1789583616.4,0.0,0.0,0.0,3.0,49763124,33927376,0,0,
1789583618.4,0.0,0.0,0.0,3.0,49763124,33927376,0,0,
1789583620.5,0.0,0.0,0.0,3.0,49763124,33927376,0,0,
1789583622.5,0.0,0.0,0.0,3.0,49763124,33927376,0,0,
1789583624.5,0.0,0.0,0.0,3.0,49763124,33927376,0,0,
1789583626.5,0.0,0.0,0.0,3.0,49763124,33927376,0,0,
1789583628.5,0.0,0.0,0.0,3.0,49763124,33927376,0,0,
1789583630.6,0.0,0.0,0.0,3.0,49763124,33927376,0,0,
1789583632.6,0.0,0.0,0.0,3.0,49763124,33927376,0,0,
1789583634.6,0.0,0.0,0.0,3.0,49763124,33927376,0,0,
1789583636.6,0.0,0.0,0.0,3.0,49763124,33927376,0,0,
1789583638.6,0.0,0.0,0.0,3.0,49763124,33927376,0,0,
1789583640.7,0.0,0.0,0.0,3.0,49763124,33927376,0,0,
1789583642.7,0.0,0.0,0.0,3.0,49763124,33927376,0,0,
1789583644.7,0.0,0.0,0.0,3.0,49763124,33927376,0,0,
1789583646.7,0.0,0.0,0.0,3.0,49763124,33927376,0,0,
1789583648.7,0.0,0.0,0.0,3.0,49763124,33927376,0,0,
1789583650.7,0.0,0.0,0.0,3.0,49763124,33927376,0,0,
1789583652.8,0.0,0.0,0.0,3.0,49763124,33927376,0,0,
1789583654.8,0.0,0.0,0.0,3.0,49763124,33927376,0,0,
1789583656.8,0.0,0.0,0.0,3.0,49763124,33927376,0,0,
1789583658.8,0.0,0.0,0.0,3.0,49763124,33927376,0,0,
1789583660.8,0.0,0.0,0.0,3.0,49763124,33927376,0,0,
1789583662.9,0.0,0.0,0.0,3.0,49763124,33927376,0,0,
1789583664.9,0.0,0.0,0.0,3.0,49763124,33927376,0,0,
1789583666.9,0.0,0.0,0.0,3.0,49763124,33927376,0,0,
1789583668.9,0.0,0.0,0.0,3.0,49763124,33927376,0,0,
1789583670.9,0.0,0.0,0.0,3.0,49763124,33927376,0,0,
1789583673.0,0.0,0.0,0.0,3.0,49763124,33927376,0,0,
1789583675.0,0.0,0.0,0.0,3.0,49763124,33927376,0,0,
1789583677.0,0.0,0.0,0.0,3.0,49763124,33927376,0,0,
1789583679.0,0.0,0.0,0.0,3.0,49763124,33927376,0,0,
1789583681.0,0.0,0.0,0.0,3.0,49763124,33927376,0,0,
1789583683.0,0.0,0.0,0.0,3.0,49763124,33927376,0,0,
1789583685.1,0.0,0.0,0.0,3.0,49763124,33927376,0,0,
1789583687.1,0.0,0.0,0.0,3.0,49763124,33927376,0,0,
1789583689.1,0.0,0.0,0.0,3.0,49763124,33927376,0,0,
1789583691.1,0.0,0.0,0.0,3.0,49763124,33927376,0,0,
1789583693.1,0.0,0.0,0.0,3.0,49763124,33927376,0,0,
1789583695.2,0.0,0.0,0.0,3.0,49763124,33927376,0,0,
1789583697.2,0.0,0.0,0.0,3.0,49763124,33927376,0,0,
1789583699.2,0.0,0.0,0.0,3.0,49763124,33927376,0,0,
1789583701.2,0.0,0.0,0.0,3.0,49763124,33927376,0,0,
1789583703.2,0.0,0.0,0.0,3.0,49763124,33927376,0,0,
1789583705.3,0.0,0.0,0.0,3.0,49763124,33927376,0,0,
1789583707.3,0.0,0.0,0.0,3.0,49763124,33927376,0,0,
1789583709.3,0.0,0.0,0.0,3.0,49763124,33927376,0,0,
1789583711.3,0.0,0.0,0.0,3.0,49763124,33927376,0,0,
1789583713.3,0.0,0.0,0.0,3.0,49763124,33927376,0,0,
1789583715.4,0.0,0.0,0.0,3.0,49763124,33927376,0,0,
1789583717.4,0.0,0.0,0.0,3.0,49763124,33927376,0,0,
1789583719.4,0.0,0.0,0.0,3.0,49763124,33927376,0,0,
1789583721.4,0.0,0.0,0.0,3.0,49763124,33927376,0,0,
1789583723.4,0.0,0.0,0.0,3.0,49763124,33927376,0,0,
1789583725.4,0.0,0.0,0.0,3.0,49763124,33927376,0,0,
1789583727.5,0.0,0.0,0.0,3.0,49763124,33927376,0,0,
1789583729.5,0.0,0.0,0.0,3.0,49763124,33927376,0,0,
1789583731.5,0.0,0.0,0.0,3.0,49763124,33927376,0,0,
1789583733.5,0.0,0.0,0.0,3.0,49763124,33927376,0,0,
1789583735.5,0.0,0.0,0.0,3.0,49763124,33927376,0,0,
1789583737.6,0.0,0.0,0.0,3.0,49763124,33927376,0,0,
1789583739.6,0.0,0.0,0.0,3.0,49763124,33927376,0,0,
1789583741.6,0.0,0.0,0.0,3.0,49763124,33927376,0,0,
1789583743.6,0.0,0.0,0.0,3.0,49763124,33927376,0,0,
1789583745.6,0.0,0.0,0.0,3.0,49763124,33927376,0,0,
1789583747.7,0.0,0.0,0.0,3.0,49763124,33927376,0,0,
1789583749.7,0.0,0.0,0.0,3.0,49763124,33927376,0,0,
1789583751.7,0.0,0.0,0.0,3.0,49763124,33927376,0,0,
1789583753.7,0.0,0.0,0.0,3.0,49763124,33927376,0,0,
1789583755.7,0.0,0.0,0.0,3.0,49763124,33927376,0,0,
1789583757.7,0.0,0.0,0.0,3.0,49763124,33927376,0,0,
1789583759.8,0.0,0.0,0.0,3.0,49763124,33927376,0,0,
1789583761.8,0.0,0.0,0.0,3.0,49763124,33927376,0,0,
1789583763.8,0.0,0.0,0.0,3.0,49763124,33927376,0,0,
1789583765.8,0.0,0.0,0.0,3.0,49763124,33927376,0,0,
1789583767.8,0.0,0.0,0.0,3.0,49763124,33927376,0,0,
1789583769.9,0.0,0.0,0.0,3.0,49763124,33927376,0,0,
1789583771.9,0.0,0.0,0.0,3.0,49763124,33927376,0,0,
1789583773.9,0.0,0.0,0.0,3.0,49763124,33927376,0,0,
1789583775.9,0.0,0.0,0.0,3.0,49763124,33927376,0,0,
1789583777.9,0.0,0.0,0.0,3.0,49763124,33927376,0,0,
1789583780.0,0.0,0.0,0.0,3.0,49763124,33927376,0,0,
1789583782.0,0.0,0.0,0.0,3.0,49763124,33927376,0,0,
1789583784.0,0.0,0.0,0.0,3.0,49763124,33927376,0,0,
1789583786.0,0.0,0.0,0.0,3.0,49763124,33927376,0,0,
1789583788.0,0.0,0.0,0.0,3.0,49763124,33927376,0,0,
1789583790.1,0.0,0.0,0.0,3.0,49763124,33927376,0,0,
1789583792.1,0.0,0.0,0.0,3.0,49763124,33927376,0,0,
1789583794.1,0.0,0.0,0.0,3.0,49763124,33927376,0,0,
1789583796.1,0.0,0.0,0.0,3.0,49763124,33927376,0,0,
1789583798.1,0.0,0.0,0.0,3.0,49763124,33927376,0,0,
1789583800.1,0.0,0.0,0.0,3.0,49763124,33927376,0,0,
1789583802.2,0.0,0.0,0.0,3.0,49763124,33927376,0,0,
1789583804.2,0.0,0.0,0.0,3.0,49763124,33927376,0,0,
1789583806.2,0.0,0.0,0.0,3.0,49763124,33927376,0,0,
1789583808.2,0.0,0.0,0.0,3.0,49763124,33927376,0,0,
1789583810.2,0.0,0.0,0.0,3.0,49763124,33927376,0,0,
1789583812.3,0.0,0.0,0.0,3.0,49763124,33927376,0,0,
1789583814.3,0.0,0.0,0.0,3.0,49763124,33927376,0,0,
1789583816.3,0.0,0.0,0.0,3.0,49763124,33927376,0,0,
1789583818.3,0.0,0.0,0.0,3.0,49763124,33927376,0,0,
1789583820.3,0.0,0.0,0.0,3.0,49763124,33927376,0,0,
1789583822.4,0.0,0.0,0.0,3.0,49763124,33927376,0,0,
1789583824.4,0.0,0.0,0.0,3.0,49763124,33927376,0,0,
1789583826.4,0.0,0.0,0.0,3.0,49763124,33927376,0,0,
1789583828.4,0.0,0.0,0.0,3.0,49763124,33927376,0,0,
1789583830.4,0.0,0.0,0.0,3.0,49763124,33927376,0,0,
1789583832.5,0.0,0.0,0.0,3.0,49763124,33927376,0,0,
1789583834.5,0.0,0.0,0.0,3.0,49763124,33927376,0,0,
1789583836.5,0.0,0.0,0.0,3.0,49763124,33927376,0,0,
1789583838.5,0.0,0.0,0.0,3.0,49763124,33927376,0,0,
1789583840.5,0.0,0.0,0.0,3.0,49763124,33927376,0,0,
1789583842.6,0.0,0.0,0.0,3.0,49763124,33927376,0,0,
1789583844.6,0.0,0.0,0.0,3.0,49763124,33927376,0,0,
1789583846.6,0.0,0.0,0.0,3.0,49763124,33927376,0,0,
1789583848.6,0.0,0.0,0.0,3.0,49763124,33927376,0,0,
1789583850.6,0.0,0.0,0.0,3.0,49763124,33927376,0,0,
1789583852.6,0.0,0.0,0.0,3.0,49763124,33927376,0,0,
1789583854.7,0.0,0.0,0.0,3.0,49763124,33927376,0,0,
1789583856.7,0.0,0.0,0.0,3.0,49763124,33927376,0,0,
1789583858.7,0.0,0.0,0.0,3.0,49763124,33927376,0,0,
1789583860.7,0.0,0.0,0.0,3.0,49763124,33927376,0,0,
1789583862.7,0.0,0.0,0.0,3.0,49763124,33927376,0,0,
1789583864.8,0.0,0.0,0.0,3.0,49763124,33927376,0,0,
1789583866.8,0.0,0.0,0.0,3.0,49763124,33927376,0,0,
1789583868.8,0.0,0.0,0.0,3.0,49763124,33927376,0,0,
1789583870.8,0.0,0.0,0.0,3.0,49763124,33927376,0,0,
1789583872.8,0.0,0.0,0.0,3.0,49763124,33927376,0,0,
1789583874.9,0.0,0.0,0.0,3.0,49763124,33927376,0,0,
1789583876.9,0.0,0.0,0.0,3.0,49763124,33927376,0,0,
1789583878.9,0.0,0.0,0.0,3.0,49763124,33927376,0,0,
1789583880.9,0.0,0.0,0.0,3.0,49763124,33927376,0,0,
1789583882.9,0.0,0.0,0.0,3.0,49763124,33927376,0,0,
1789583884.9,0.0,0.0,0.0,3.0,49763124,33927376,0,0,
1789583887.0,0.0,0.0,0.0,3.0,49763124,33927376,0,0,
1789583889.0,0.0,0.0,0.0,3.0,49763124,33927376,0,0,
1789583891.0,0.0,0.0,0.0,3.0,49763124,33927376,0,0,
1789583893.0,0.0,0.0,0.0,3.0,49763124,33927376,0,0,
1789583895.0,0.0,0.0,0.0,3.0,49763124,33927376,0,0,
1789583897.1,0.0,0.0,0.0,3.0,49763124,33927376,0,0,
1789583899.1,0.0,0.0,0.0,3.0,49763124,33927376,0,0,
1789583901.1,0.0,0.0,0.0,3.0,49763124,33927376,0,0,
1789583903.1,0.0,0.0,0.0,3.0,49763124,33927376,0,0,
1789583905.1,0.0,0.0,0.0,3.0,49763124,33927376,0,0,
1789583907.2,0.0,0.0,0.0,3.0,49763124,33927376,0,0,
1789583909.2,0.0,0.0,0.0,3.0,49763124,33927376,0,0,
1789583911.2,0.0,0.0,0.0,3.0,49763124,33927376,0,0,
1789583913.2,0.0,0.0,0.0,3.0,49763124,33927376,0,0,
1789583915.2,0.0,0.0,0.0,3.0,49763124,33927376,0,0,
1789583917.3,0.0,0.0,0.0,3.0,49763124,33927376,0,0,
1789583919.3,0.0,0.0,0.0,3.0,49763124,33927376,0,0,
1789583921.3,0.0,0.0,0.0,3.0,49763124,33927376,0,0,
1789583923.3,0.0,0.0,0.0,3.0,49763124,33927376,0,0,
1789583925.3,0.0,0.0,0.0,3.0,49763124,33927376,0,0,
1789583927.4,0.0,0.0,0.0,3.0,49763124,33927376,0,0,
1789583929.4,0.0,0.0,0.0,3.0,49763124,33927376,0,0,
1789583931.4,0.0,0.0,0.0,3.0,49763124,33927376,0,0,
1789583933.4,0.0,0.0,0.0,3.0,49763124,33927376,0,0,
1789583935.4,0.0,0.0,0.0,3.0,49763124,33927376,0,0,
1789583937.4,0.0,0.0,0.0,3.0,49763124,33927376,0,0,
1789583939.5,0.0,0.0,0.0,3.0,49763124,33927376,0,0,
1789583941.5,0.0,0.0,0.0,3.0,49763124,33927376,0,0,
1789583943.5,0.0,0.0,0.0,3.0,49763124,33927376,0,0,
1789583945.5,0.0,0.0,0.0,3.0,49763124,33927376,0,0,
1789583947.5,0.0,0.0,0.0,3.0,49763124,33927376,0,0,
1789583949.6,0.0,0.0,0.0,3.0,49763124,33927376,0,0,
1789583951.6,0.0,0.0,0.0,3.0,49763124,33927376,0,0,
1789583953.6,0.0,0.0,0.0,3.0,49763124,33927376,0,0,
1789583955.6,0.0,0.0,0.0,3.0,49763124,33927376,0,0,
1789583957.6,0.0,0.0,0.0,3.0,49763124,33927376,0,0,
1789583959.7,0.0,0.0,0.0,3.0,49763124,33927376,0,0,
1789583961.7,0.0,0.0,0.0,3.0,49763124,33927376,0,0,
1789583963.7,0.0,0.0,0.0,3.0,49763124,33927376,0,0,
1789583965.7,0.0,0.0,0.0,3.0,49763124,33927376,0,0,
1789583967.7,0.0,0.0,0.0,3.0,49763124,33927376,0,0,
1789583969.8,0.0,0.0,0.0,3.0,49763124,33927376,0,0,
1789583971.8,0.0,0.0,0.0,3.0,49763124,33927376,0,0,
1789583973.8,0.0,0.0,0.0,3.0,49763124,33927376,0,0,
1789583975.8,0.0,0.0,0.0,3.0,49763124,33927376,0,0,
1789583977.8,0.0,0.0,0.0,3.0,49763124,33927376,0,0,
1789583979.9,0.0,0.0,0.0,3.0,49763124,33927376,0,0,
1789583981.9,0.0,0.0,0.0,3.0,49763124,33927376,0,0,
1789583983.9,0.0,0.0,0.0,3.0,49763124,33927376,0,0,
1789583985.9,0.0,0.0,0.0,3.0,49763124,33927376,0,0,
1789583987.9,0.0,0.0,0.0,3.0,49763124,33927376,0,0,
1789583990.0,0.0,0.0,0.0,3.0,49763124,33927376,0,0,
1789583992.0,0.0,0.0,0.0,3.0,49763124,33927376,0,0,
1789583994.0,0.0,0.0,0.0,3.0,49763124,33927376,0,0,
1789583996.0,0.0,0.0,0.0,3.0,49763124,33927376,0,0,
1789583998.0,0.0,0.0,0.0,3.0,49763124,33927376,0,0,
1789584000.1,0.0,0.0,0.0,3.0,49763124,33927376,0,0,
1789584002.1,0.0,0.0,0.0,3.0,49763124,33927376,0,0,
1789584004.1,0.0,0.0,0.0,3.0,49763124,33927376,0,0,
1789584006.1,0.0,0.0,0.0,3.0,49763124,33927376,0,0,
1789584008.1,0.0,0.0,0.0,3.0,49763124,33927376,0,0,
1789584010.2,0.0,0.0,0.0,3.0,49763124,33927376,0,0,
1789584012.2,0.0,0.0,0.0,3.0,49763124,33927376,0,0,
1789584014.2,0.0,0.0,0.0,3.0,49763124,33927376,0,0,
1789584016.2,0.0,0.0,0.0,3.0,49763124,33927376,0,0,
1789584018.2,0.0,0.0,0.0,3.0,49763124,33927376,0,0,
1789584020.2,0.0,0.0,0.0,3.0,49763124,33927376,0,0,
1789584022.3,0.0,0.0,0.0,3.0,49763124,33927376,0,0,
1789584024.3,0.0,0.0,0.0,3.0,49763124,33927376,0,0,
1789584026.3,0.0,0.0,0.0,3.0,49763124,33927376,0,0,
1789584028.3,0.0,0.0,0.0,3.0,49763124,33927376,0,0,
1789584030.3,0.0,0.0,0.0,3.0,49763124,33927376,0,0,
1789584032.4,0.0,0.0,0.0,3.0,49763124,33927376,0,0,
1789584034.4,0.0,0.0,0.0,3.0,49763124,33927376,0,0,
1789584036.4,0.0,0.0,0.0,3.0,49763124,33927376,0,0,
1789584038.4,0.0,0.0,0.0,3.0,49763124,33927376,0,0,
1789584040.4,0.0,0.0,0.0,3.0,49763124,33927376,0,0,
1789584042.5,0.0,0.0,0.0,3.0,49763124,33927376,0,0,
1789584044.5,0.0,0.0,0.0,3.0,49763124,33927376,0,0,
1789584046.5,0.0,0.0,0.0,3.0,49763124,33927376,0,0,
1789584048.5,0.0,0.0,0.0,3.0,49763124,33927376,0,0,
1789584050.5,0.0,0.0,0.0,3.0,49763124,33927376,0,0,
1789584052.6,0.0,0.0,0.0,3.0,49763124,33927376,0,0,
1789584054.6,0.0,0.0,0.0,3.0,49763124,33927376,0,0,
1789584056.6,0.0,0.0,0.0,3.0,49763124,33927376,0,0,
1789584058.6,0.0,0.0,0.0,3.0,49763124,33927376,0,0,
1789584060.6,0.0,0.0,0.0,3.0,49763124,33927376,0,0,
1789584062.7,0.0,0.0,0.0,3.0,49763124,33927376,0,0,
1789584064.7,0.0,0.0,0.0,3.0,49763124,33927376,0,0,
1789584066.7,0.0,0.0,0.0,3.0,49763124,33927376,0,0,
1789584068.7,0.0,0.0,0.0,3.0,49763124,33927376,0,0,
1789584070.7,0.0,0.0,0.0,3.0,49763124,33927376,0,0,
1789584072.7,0.0,0.0,0.0,3.0,49763124,33927376,0,0,
1789584074.8,0.0,0.0,0.0,3.0,49763124,33927376,0,0,
1789584076.8,0.0,0.0,0.0,3.0,49763124,33927376,0,0,
1789584078.8,0.0,0.0,0.0,3.0,49763124,33927376,0,0,
1789584080.8,0.0,0.0,0.0,3.0,49763124,33927376,0,0,
1789584082.8,0.0,0.0,0.0,3.0,49763124,33927376,0,0,
1789584084.9,0.0,0.0,0.0,3.0,49763124,33927376,0,0,
1789584086.9,0.0,0.0,0.0,3.0,49763124,33927376,0,0,
1789584088.9,0.0,0.0,0.0,3.0,49763124,33927376,0,0,
1789584090.9,0.0,0.0,0.0,3.0,49763124,33927376,0,0,
1789584092.9,0.0,0.0,0.0,3.0,49763124,33927376,0,0,
1789584095.0,0.0,0.0,0.0,3.0,49763124,33927376,0,0,
1789584097.0,0.0,0.0,0.0,3.0,49763124,33927376,0,0,
1789584099.0,0.0,0.0,0.0,3.0,49763124,33927376,0,0,
1789584101.0,0.0,0.0,0.0,3.0,49763124,33927376,0,0,
1789584103.0,0.0,0.0,0.0,3.0,49763124,33927376,0,0,
1789584105.1,0.0,0.0,0.0,3.0,49763124,33927376,0,0,
1789584107.1,0.0,0.0,0.0,3.0,49763124,33927376,0,0,
1789584109.1,0.0,0.0,0.0,3.0,49763124,33927376,0,0,
1789584111.1,0.0,0.0,0.0,3.0,49763124,33927376,0,0,
1789584113.1,0.0,0.0,0.0,3.0,49763124,33927376,0,0,
1789584115.1,0.0,0.0,0.0,3.0,49763124,33927376,0,0,
1789584117.2,0.0,0.0,0.0,3.0,49763124,33927376,0,0,
1789584119.2,0.0,0.0,0.0,3.0,49763124,33927376,0,0,
1789584121.2,0.0,0.0,0.0,3.0,49763124,33927376,0,0,
1789584123.2,0.0,0.0,0.0,3.0,49763124,33927376,0,0,
1789584125.2,0.0,0.0,0.0,3.0,49763124,33927376,0,0,
1789584127.3,0.0,0.0,0.0,3.0,49763124,33927376,0,0,
1789584129.3,0.0,0.0,0.0,3.0,49763124,33927376,0,0,
1789584131.3,0.0,0.0,0.0,3.0,49763124,33927376,0,0,
1789584133.3,0.0,0.0,0.0,3.0,49763124,33927376,0,0,
1789584135.3,0.0,0.0,0.0,3.0,49763124,33927376,0,0,
1789584137.4,0.0,0.0,0.0,3.0,49763124,33927376,0,0,
1789584139.4,0.0,0.0,0.0,3.0,49763124,33927376,0,0,
1789584141.4,0.0,0.0,0.0,3.0,49763124,33927376,0,0,
1789584143.4,0.0,0.0,0.0,3.0,49763124,33927376,0,0,
1789584145.4,0.0,0.0,0.0,3.0,49763124,33927376,0,0,
1789584147.5,0.0,0.0,0.0,3.0,49763124,33927376,0,0,
1789584149.5,0.0,0.0,0.0,3.0,49763124,33927376,0,0,
1789584151.5,0.0,0.0,0.0,3.0,49763124,33927376,0,0,
1789584153.5,0.0,0.0,0.0,3.0,49763124,33927376,0,0,
1789584155.5,0.0,0.0,0.0,3.0,49763124,33927376,0,0,
1789584157.6,0.0,0.0,0.0,3.0,49763124,33927376,0,0,
1789584159.6,0.0,0.0,0.0,3.0,49763124,33927376,0,0,
1789584161.6,0.0,0.0,0.0,3.0,49763124,33927376,0,0,
1789584163.6,0.0,0.0,0.0,3.0,49763124,33927376,0,0,
1789584165.6,0.0,0.0,0.0,3.0,49763124,33927376,0,0,
1789584167.7,0.0,0.0,0.0,3.0,49763124,33927376,0,0,
1789584169.7,0.0,0.0,0.0,3.0,49763124,33927376,0,0,
1789584171.7,0.0,0.0,0.0,3.0,49763124,33927376,0,0,
1789584173.7,0.0,0.0,0.0,3.0,49763124,33927376,0,0,
1789584175.7,0.0,0.0,0.0,3.0,49763124,33927376,0,0,
1789584177.7,0.0,0.0,0.0,3.0,49763124,33927376,0,0,
1789584179.8,0.0,0.0,0.0,3.0,49763124,33927376,0,0,
1789584181.8,0.0,0.0,0.0,3.0,49763124,33927376,0,0,
1789584183.8,0.0,0.0,0.0,3.0,49763124,33927376,0,0,
1789584185.8,0.0,0.0,0.0,3.0,49763124,33927376,0,0,
1789584187.8,0.0,0.0,0.0,3.0,49763124,33927376,0,0,
1789584189.9,0.0,0.0,0.0,3.0,49763124,33927376,0,0,
1789584191.9,0.0,0.0,0.0,3.0,49763124,33927376,0,0,
1789584193.9,0.0,0.0,0.0,3.0,49763124,33927376,0,0,
1789584195.9,0.0,0.0,0.0,3.0,49763124,33927376,0,0,
1789584197.9,0.0,0.0,0.0,3.0,49763124,33927376,0,0,
1789584200.0,0.0,0.0,0.0,3.0,49763124,33927376,0,0,
1789584202.0,0.0,0.0,0.0,3.0,49763124,33927376,0,0,
1789584204.0,0.0,0.0,0.0,3.0,49763124,33927376,0,0,
1789584206.0,0.0,0.0,0.0,3.0,49763124,33927376,0,0,
1789584208.0,0.0,0.0,0.0,3.0,49763124,33927376,0,0,
1789584210.1,0.0,0.0,0.0,3.0,49763124,33927376,0,0,
1789584212.1,0.0,0.0,0.0,3.0,49763124,33927376,0,0,
1789584214.1,0.0,0.0,0.0,3.0,49763124,33927376,0,0,
1789584216.1,0.0,0.0,0.0,3.0,49763124,33927376,0,0,
1789584218.1,0.0,0.0,0.0,3.0,49763124,33927376,0,0,
1789584220.1,0.0,0.0,0.0,3.0,49763124,33927376,0,0,
1789584222.2,0.0,0.0,0.0,3.0,49763124,33927376,0,0,
1789584224.2,0.0,0.0,0.0,3.0,49763124,33927376,0,0,
1789584226.2,0.0,0.0,0.0,3.0,49763124,33927376,0,0,
1789584228.2,0.0,0.0,0.0,3.0,49763124,33927376,0,0,
1789584230.2,0.0,0.0,0.0,3.0,49763124,33927376,0,0,
1789584232.3,0.0,0.0,0.0,3.0,49763124,33927376,0,0,
1789584234.3,0.0,0.0,0.0,3.0,49763124,33927376,0,0,
1789584236.3,0.0,0.0,0.0,3.0,49763124,33927376,0,0,
1789584238.3,0.0,0.0,0.0,3.0,49763124,33927376,0,0,
1789584240.3,0.0,0.0,0.0,3.0,49763124,33927376,0,0,
1789584242.4,0.0,0.0,0.0,3.0,49763124,33927376,0,0,
1789584244.4,0.0,0.0,0.0,3.0,49763124,33927376,0,0,
1789584246.4,0.0,0.0,0.0,3.0,49763124,33927376,0,0,
1789584248.4,0.0,0.0,0.0,3.0,49763124,33927376,0,0,
1789584250.4,0.0,0.0,0.0,3.0,49763124,33927376,0,0,
1789584252.5,0.0,0.0,0.0,3.0,49763124,33927376,0,0,
1789584254.5,0.0,0.0,0.0,3.0,49763124,33927376,0,0,
1789584256.5,0.0,0.0,0.0,3.0,49763124,33927376,0,0,
1789584258.5,0.0,0.0,0.0,3.0,49763124,33927376,0,0,
1789584260.5,0.0,0.0,0.0,3.0,49763124,33927376,0,0,
1789584262.6,0.0,0.0,0.0,3.0,49763124,33927376,0,0,
1789584264.6,0.0,0.0,0.0,3.0,49763124,33927376,0,0,
1789584266.6,0.0,0.0,0.0,3.0,49763124,33927376,0,0,
1789584268.6,0.0,0.0,0.0,3.0,49763124,33927376,0,0,
1789584270.6,0.0,0.0,0.0,3.0,49763124,33927376,0,0,
1789584272.6,0.0,0.0,0.0,3.0,49763124,33927376,0,0,
1789584274.7,0.0,0.0,0.0,3.0,49763124,33927376,0,0,
1789584276.7,0.0,0.0,0.0,3.0,49763124,33927376,0,0,
1789584278.7,0.0,0.0,0.0,3.0,49763124,33927376,0,0,
1789584280.7,0.0,0.0,0.0,3.0,49763124,33927376,0,0,
1789584282.7,0.0,0.0,0.0,3.0,49763124,33927376,0,0,
1789584284.8,0.0,0.0,0.0,3.0,49763124,33927376,0,0,
1789584286.8,0.0,0.0,0.0,3.0,49763124,33927376,0,0,
1789584288.8,0.0,0.0,0.0,3.0,49763124,33927376,0,0,
1789584290.8,0.0,0.0,0.0,3.0,49763124,33927376,0,0,
1789584292.8,0.0,0.0,0.0,3.0,49763124,33927376,0,0,
1789584294.9,0.0,0.0,0.0,3.0,49763124,33927376,0,0,
1789584296.9,0.0,0.0,0.0,3.0,49763124,33927376,0,0,
1789584298.9,0.0,0.0,0.0,3.0,49763124,33927376,0,0,
1789584300.9,0.0,0.0,0.0,3.0,49763124,33927376,0,0,
1789584302.9,0.0,0.0,0.0,3.0,49763124,33927376,0,0,
1789584304.9,0.0,0.0,0.0,3.0,49763124,33927376,0,0,
1789584307.0,0.0,0.0,0.0,3.0,49763124,33927376,0,0,
1789584309.0,0.0,0.0,0.0,3.0,49763124,33927376,0,0,
1789584311.0,0.0,0.0,0.0,3.0,49763124,33927376,0,0,
1789584313.0,0.0,0.0,0.0,3.0,49763124,33927376,0,0,
1789584315.0,0.0,0.0,0.0,3.0,49763124,33927376,0,0,
1789584317.1,0.0,0.0,0.0,3.0,49763124,33927376,0,0,
1789584319.1,0.0,0.0,0.0,3.0,49763124,33927376,0,0,
1789584321.1,0.0,0.0,0.0,3.0,49763124,33927376,0,0,
1789584323.1,0.0,0.0,0.0,3.0,49763124,33927376,0,0,
1789584325.1,0.0,0.0,0.0,3.0,49763124,33927376,0,0,
1789584327.2,0.0,0.0,0.0,3.0,49763124,33927376,0,0,
1789584329.2,0.0,0.0,0.0,3.0,49763124,33927376,0,0,
1789584331.2,0.0,0.0,0.0,3.0,49763124,33927376,0,0,
1789584333.2,0.0,0.0,0.0,3.0,49763124,33927376,0,0,
1789584335.2,0.0,0.0,0.0,3.0,49763124,33927376,0,0,
1789584337.3,0.0,0.0,0.0,3.0,49763124,33927376,0,0,
1789584339.3,0.0,0.0,0.0,3.0,49763124,33927376,0,0,
1789584341.3,0.0,0.0,0.0,3.0,49763124,33927376,0,0,
1789584343.3,0.0,0.0,0.0,3.0,49763124,33927376,0,0,
1789584345.3,0.0,0.0,0.0,3.0,49763124,33927376,0,0,
1789584347.4,0.0,0.0,0.0,3.0,49763124,33927376,0,0,
1789584349.4,0.0,0.0,0.0,3.0,49763124,33927376,0,0,
1789584351.4,0.0,0.0,0.0,3.0,49763124,33927376,0,0,
1789584353.4,0.0,0.0,0.0,3.0,49763124,33927376,0,0,
1789584355.4,0.0,0.0,0.0,3.0,49763124,33927376,0,0,
1789584357.4,0.0,0.0,0.0,3.0,49763124,33927376,0,0,
1789584359.5,0.0,0.0,0.0,3.0,49763124,33927376,0,0,
1789584361.5,0.0,0.0,0.0,3.0,49763124,33927376,0,0,
1789584363.5,0.0,0.0,0.0,3.0,49763124,33927376,0,0,
1789584365.5,0.0,0.0,0.0,3.0,49763124,33927376,0,0,
1789584367.5,0.0,0.0,0.0,3.0,49763124,33927376,0,0,
1789584369.6,0.0,0.0,0.0,3.0,49763124,33927376,0,0,
1789584371.6,0.0,0.0,0.0,3.0,49763124,33927376,0,0,
1789584373.6,0.0,0.0,0.0,3.0,49763124,33927376,0,0,
1789584375.6,0.0,0.0,0.0,3.0,49763124,33927376,0,0,
1789584377.6,0.0,0.0,0.0,3.0,49763124,33927376,0,0,
1789584379.7,0.0,0.0,0.0,3.0,49763124,33927376,0,0,
1789584381.7,0.0,0.0,0.0,3.0,49763124,33927376,0,0,
1789584383.7,0.0,0.0,0.0,3.0,49763124,33927376,0,0,
1789584385.7,0.0,0.0,0.0,3.0,49763124,33927376,0,0,
1789584387.7,0.0,0.0,0.0,3.0,49763124,33927376,0,0,
1789584389.8,0.0,0.0,0.0,3.0,49763124,33927376,0,0,
1789584391.8,0.0,0.0,0.0,3.0,49763124,33927376,0,0,
1789584393.8,0.0,0.0,0.0,3.0,49763124,33927376,0,0,
1789584395.8,0.0,0.0,0.0,3.0,49763124,33927376,0,0,
1789584397.8,0.0,0.0,0.0,3.0,49763124,33927376,0,0,
1789584399.9,0.0,0.0,0.0,3.0,49763124,33927376,0,0,
1789584401.9,0.0,0.0,0.0,3.0,49763124,33927376,0,0,
1789584403.9,0.0,0.0,0.0,3.0,49763124,33927376,0,0,
1789584405.9,0.0,0.0,0.0,3.0,49763124,33927376,0,0,
1789584407.9,0.0,0.0,0.0,3.0,49763124,33927376,0,0,
1789584409.9,0.0,0.0,0.0,3.0,49763124,33927376,0,0,
1789584412.0,0.0,0.0,0.0,3.0,49763124,33927376,0,0,
1789584414.0,0.0,0.0,0.0,3.0,49763124,33927376,0,0,
1789584416.0,0.0,0.0,0.0,3.0,49763124,33927376,0,0,
1789584418.0,0.0,0.0,0.0,3.0,49763124,33927376,0,0,
1789584420.0,0.0,0.0,0.0,3.0,49763124,33927376,0,0,
1789584422.1,0.0,0.0,0.0,3.0,49763124,33927376,0,0,
1789584424.1,0.0,0.0,0.0,3.0,49763124,33927376,0,0,
1789584426.1,0.0,0.0,0.0,3.0,49763124,33927376,0,0,
1789584428.1,0.0,0.0,0.0,3.0,49763124,33927376,0,0,
1789584430.1,0.0,0.0,0.0,3.0,49763124,33927376,0,0,
1789584432.2,0.0,0.0,0.0,3.0,49763124,33927376,0,0,
1789584434.2,0.0,0.0,0.0,3.0,49763124,33927376,0,0,
1789584436.2,0.0,0.0,0.0,3.0,49763124,33927376,0,0,
1789584438.2,0.0,0.0,0.0,3.0,49763124,33927376,0,0,
1789584440.2,0.0,0.0,0.0,3.0,49763124,33927376,0,0,
1789584442.3,0.0,0.0,0.0,3.0,49763124,33927376,0,0,
1789584444.3,0.0,0.0,0.0,3.0,49763124,33927376,0,0,
1789584446.3,0.0,0.0,0.0,3.0,49763124,33927376,0,0,
1789584448.3,0.0,0.0,0.0,3.0,49763124,33927376,0,0,
1789584450.3,0.0,0.0,0.0,3.0,49763124,33927376,0,0,
1789584452.3,0.0,0.0,0.0,3.0,49763124,33927376,0,0,
1789584454.4,0.0,0.0,0.0,3.0,49763124,33927376,0,0,
1789584456.4,0.0,0.0,0.0,3.0,49763124,33927376,0,0,
1789584458.4,0.0,0.0,0.0,3.0,49763124,33927376,0,0,
1789584460.4,0.0,0.0,0.0,3.0,49763124,33927376,0,0,
1789584462.4,0.0,0.0,0.0,3.0,49763124,33927376,0,0,
1789584464.5,0.0,0.0,0.0,3.0,49763124,33927376,0,0,
1789584466.5,0.0,0.0,0.0,3.0,49763124,33927376,0,0,
1789584468.5,0.0,0.0,0.0,3.0,49763124,33927376,0,0,
1789584470.5,0.0,0.0,0.0,3.0,49763124,33927376,0,0,
1789584472.5,0.0,0.0,0.0,3.0,49763124,33927376,0,0,
1789584474.6,0.0,0.0,0.0,3.0,49763124,33927376,0,0,
1789584476.6,0.0,0.0,0.0,3.0,49763124,33927376,0,0,
1789584478.6,0.0,0.0,0.0,3.0,49763124,33927376,0,0,
1789584480.6,0.0,0.0,0.0,3.0,49763124,33927376,0,0,
1789584482.6,0.0,0.0,0.0,3.0,49763124,33927376,0,0,
1789584484.7,0.0,0.0,0.0,3.0,49763124,33927376,0,0,
1789584486.7,0.0,0.0,0.0,3.0,49763124,33927376,0,0,
1789584488.7,0.0,0.0,0.0,3.0,49763124,33927376,0,0,
1789584490.7,0.0,0.0,0.0,3.0,49763124,33927376,0,0,
1789584492.7,0.0,0.0,0.0,3.0,49763124,33927376,0,0,
1789584494.7,0.0,0.0,0.0,3.0,49763124,33927376,0,0,
1789584496.8,0.0,0.0,0.0,3.0,49763124,33927376,0,0,
1789584498.8,0.0,0.0,0.0,3.0,49763124,33927376,0,0,
1789584500.8,0.0,0.0,0.0,3.0,49763124,33927376,0,0,
1789584502.8,0.0,0.0,0.0,3.0,49763124,33927376,0,0,
1789584504.8,0.0,0.0,0.0,3.0,49763124,33927376,0,0,
1789584506.9,0.0,0.0,0.0,3.0,49763124,33927376,0,0,
1789584508.9,0.0,0.0,0.0,3.0,49763124,33927376,0,0,
1789584510.9,0.0,0.0,0.0,3.0,49763124,33927376,0,0,
1789584512.9,0.0,0.0,0.0,3.0,49763124,33927376,0,0,
1789584514.9,0.0,0.0,0.0,3.0,49763124,33927376,0,0,
1789584517.0,0.0,0.0,0.0,3.0,49763124,33927376,0,0,
1789584519.0,0.0,0.0,0.0,3.0,49763124,33927376,0,0,
1789584521.0,0.0,0.0,0.0,3.0,49763124,33927376,0,0,
1789584523.0,0.0,0.0,0.0,3.0,49763124,33927376,0,0,
1789584525.0,0.0,0.0,0.0,3.0,49763124,33927376,0,0,
1789584527.1,0.0,0.0,0.0,3.0,49763124,33927376,0,0,
1789584529.1,0.0,0.0,0.0,3.0,49763124,33927376,0,0,
1789584531.1,0.0,0.0,0.0,3.0,49763124,33927376,0,0,
1789584533.1,0.0,0.0,0.0,3.0,49763124,33927376,0,0,
1789584535.1,0.0,0.0,0.0,3.0,49763124,33927376,0,0,
1789584537.1,0.0,0.0,0.0,3.0,49763124,33927376,0,0,
1789584539.2,0.0,0.0,0.0,3.0,49763124,33927376,0,0,
1789584541.2,0.0,0.0,0.0,3.0,49763124,33927376,0,0,
1789584543.2,0.0,0.0,0.0,3.0,49763124,33927376,0,0,
1789584545.2,0.0,0.0,0.0,3.0,49763124,33927376,0,0,
1789584547.2,0.0,0.0,0.0,3.0,49763124,33927376,0,0,
1789584549.3,0.0,0.0,0.0,3.0,49763124,33927376,0,0,
1789584551.3,0.0,0.0,0.0,3.0,49763124,33927376,0,0,
1789584553.3,0.0,0.0,0.0,3.0,49763124,33927376,0,0,
1789584555.3,0.0,0.0,0.0,3.0,49763124,33927376,0,0,
1789584557.3,0.0,0.0,0.0,3.0,49763124,33927376,0,0,
1789584559.4,0.0,0.0,0.0,3.0,49763124,33927376,0,0,
1789584561.4,0.0,0.0,0.0,3.0,49763124,33927376,0,0,
1789584563.4,0.0,0.0,0.0,3.0,49763124,33927376,0,0,
1789584565.4,0.0,0.0,0.0,3.0,49763124,33927376,0,0,
1789584567.4,0.0,0.0,0.0,3.0,49763124,33927376,0,0,
1789584569.5,0.0,0.0,0.0,3.0,49763124,33927376,0,0,
1789584571.5,0.0,0.0,0.0,3.0,49763124,33927376,0,0,
1789584573.5,0.0,0.0,0.0,3.0,49763124,33927376,0,0,
1789584575.5,0.0,0.0,0.0,3.0,49763124,33927376,0,0,
1789584577.5,0.0,0.0,0.0,3.0,49763124,33927376,0,0,
1789584579.6,0.0,0.0,0.0,3.0,49763124,33927376,0,0,
1789584581.6,0.0,0.0,0.0,3.0,49763124,33927376,0,0,
1789584583.6,0.0,0.0,0.0,3.0,49763124,33927376,0,0,
1789584585.6,0.0,0.0,0.0,3.0,49763124,33927376,0,0,
1789584587.6,0.0,0.0,0.0,3.0,49763124,33927376,0,0,
1789584589.6,0.0,0.0,0.0,3.0,49763124,33927376,0,0,
1789584591.7,0.0,0.0,0.0,3.0,49763124,33927376,0,0,
1789584593.7,0.0,0.0,0.0,3.0,49763124,33927376,0,0,
1789584595.7,0.0,0.0,0.0,3.0,49763124,33927376,0,0,
1789584597.7,0.0,0.0,0.0,3.0,49763124,33927376,0,0,
1789584599.7,0.0,0.0,0.0,3.0,49763124,33927376,0,0,
1789584601.8,0.0,0.0,0.0,3.0,49763124,33927376,0,0,
1789584603.8,0.0,0.0,0.0,3.0,49763124,33927376,0,0,
1789584605.8,0.0,0.0,0.0,3.0,49763124,33927376,0,0,
1789584607.8,0.0,0.0,0.0,3.0,49763124,33927376,0,0,
1789584609.8,0.0,0.0,0.0,3.0,49763124,33927376,0,0,
1789584611.9,0.0,0.0,0.0,3.0,49763124,33927376,0,0,
1789584613.9,0.0,0.0,0.0,3.0,49763124,33927376,0,0,
1789584615.9,0.0,0.0,0.0,3.0,49763124,33927376,0,0,
1789584617.9,0.0,0.0,0.0,3.0,49763124,33927376,0,0,
1789584619.9,0.0,0.0,0.0,3.0,49763124,33927376,0,0,
1789584622.0,0.0,0.0,0.0,3.0,49763124,33927376,0,0,
1789584624.0,0.0,0.0,0.0,3.0,49763124,33927376,0,0,
1789584626.0,0.0,0.0,0.0,3.0,49763124,33927376,0,0,
1789584628.0,0.0,0.0,0.0,3.0,49763124,33927376,0,0,
1789584630.0,0.0,0.0,0.0,3.0,49763124,33927376,0,0,
1789584632.1,0.0,0.0,0.0,3.0,49763124,33927376,0,0,
1789584634.1,0.0,0.0,0.0,3.0,49763124,33927376,0,0,
1789584636.1,0.0,0.0,0.0,3.0,49763124,33927376,0,0,
1789584638.1,0.0,0.0,0.0,3.0,49763124,33927376,0,0,
1789584640.1,0.0,0.0,0.0,3.0,49763124,33927376,0,0,
1789584642.1,0.0,0.0,0.0,3.0,49763124,33927376,0,0,
1789584644.2,0.0,0.0,0.0,3.0,49763124,33927376,0,0,
1789584646.2,0.0,0.0,0.0,3.0,49763124,33927376,0,0,
1789584648.2,0.0,0.0,0.0,3.0,49763124,33927376,0,0,
1789584650.2,0.0,0.0,0.0,3.0,49763124,33927376,0,0,
1789584652.2,0.0,0.0,0.0,3.0,49763124,33927376,0,0,
1789584654.3,0.0,0.0,0.0,3.0,49763124,33927376,0,0,
1789584656.3,0.0,0.0,0.0,3.0,49763124,33927376,0,0,
1789584658.3,0.0,0.0,0.0,3.0,49763124,33927376,0,0,
1789584660.3,0.0,0.0,0.0,3.0,49763124,33927376,0,0,
1789584662.3,0.0,0.0,0.0,3.0,49763124,33927376,0,0,
1789584664.4,0.0,0.0,0.0,3.0,49763124,33927376,0,0,
1789584666.4,0.0,0.0,0.0,3.0,49763124,33927376,0,0,
1789584668.4,0.0,0.0,0.0,3.0,49763124,33927376,0,0,
1789584670.4,0.0,0.0,0.0,3.0,49763124,33927376,0,0,
1789584672.4,0.0,0.0,0.0,3.0,49763124,33927376,0,0,
1789584674.5,0.0,0.0,0.0,3.0,49763124,33927376,0,0,
1789584676.5,0.0,0.0,0.0,3.0,49763124,33927376,0,0,
1789584678.5,0.0,0.0,0.0,3.0,49763124,33927376,0,0,
1789584680.5,0.0,0.0,0.0,3.0,49763124,33927376,0,0,
1789584682.5,0.0,0.0,0.0,3.0,49763124,33927376,0,0,
1789584684.6,0.0,0.0,0.0,3.0,49763124,33927376,0,0,
1789584686.6,0.0,0.0,0.0,3.0,49763124,33927376,0,0,
1789584688.6,0.0,0.0,0.0,3.0,49763124,33927376,0,0,
1789584690.6,0.0,0.0,0.0,3.0,49763124,33927376,0,0,
1789584692.6,0.0,0.0,0.0,3.0,49763124,33927376,0,0,
1789584694.6,0.0,0.0,0.0,3.0,49763124,33927376,0,0,
1789584696.7,0.0,0.0,0.0,3.0,49763124,33927376,0,0,
1789584698.7,0.0,0.0,0.0,3.0,49763124,33927376,0,0,
1789584700.7,0.0,0.0,0.0,3.0,49763124,33927376,0,0,
1789584702.7,0.0,0.0,0.0,3.0,49763124,33927376,0,0,
1789584704.7,0.0,0.0,0.0,3.0,49763124,33927376,0,0,
1789584706.8,0.0,0.0,0.0,3.0,49763124,33927376,0,0,
1789584708.8,0.0,0.0,0.0,3.0,49763124,33927376,0,0,
1789584710.8,0.0,0.0,0.0,3.0,49763124,33927376,0,0,
1789584712.8,0.0,0.0,0.0,3.0,49763124,33927376,0,0,
1789584714.8,0.0,0.0,0.0,3.0,49763124,33927376,0,0,
1789584716.9,0.0,0.0,0.0,3.0,49763124,33927376,0,0,
1789584718.9,0.0,0.0,0.0,3.0,49763124,33927376,0,0,
1789584720.9,0.0,0.0,0.0,3.0,49763124,33927376,0,0,
1789584722.9,0.0,0.0,0.0,3.0,49763124,33927376,0,0,
1789584724.9,0.0,0.0,0.0,3.0,49763124,33927376,0,0,
1789584727.0,0.0,0.0,0.0,3.0,49763124,33927376,0,0,
1789584729.0,0.0,0.0,0.0,3.0,49763124,33927376,0,0,
1789584731.0,0.0,0.0,0.0,3.0,49763124,33927376,0,0,
1789584733.0,0.0,0.0,0.0,3.0,49763124,33927376,0,0,
1789584735.0,0.0,0.0,0.0,3.0,49763124,33927376,0,0,
1789584737.0,0.0,0.0,0.0,3.0,49763124,33927376,0,0,
1789584739.1,0.0,0.0,0.0,3.0,49763124,33927376,0,0,
1789584741.1,0.0,0.0,0.0,3.0,49763124,33927376,0,0,
1789584743.1,0.0,0.0,0.0,3.0,49763124,33927376,0,0,
1789584745.1,0.0,0.0,0.0,3.0,49763124,33927376,0,0,
1789584747.1,0.0,0.0,0.0,3.0,49763124,33927376,0,0,
1789584749.2,0.0,0.0,0.0,3.0,49763124,33927376,0,0,
1789584751.2,0.0,0.0,0.0,3.0,49763124,33927376,0,0,
1789584753.2,0.0,0.0,0.0,3.0,49763124,33927376,0,0,
1789584755.2,0.0,0.0,0.0,3.0,49763124,33927376,0,0,
1789584757.2,0.0,0.0,0.0,3.0,49763124,33927376,0,0,
1789584759.3,0.0,0.0,0.0,3.0,49763124,33927376,0,0,
1789584761.3,0.0,0.0,0.0,3.0,49763124,33927376,0,0,
1789584763.3,0.0,0.0,0.0,3.0,49763124,33927376,0,0,
1789584765.3,0.0,0.0,0.0,3.0,49763124,33927376,0,0,
1789584767.3,0.0,0.0,0.0,3.0,49763124,33927376,0,0,
1789584769.4,0.0,0.0,0.0,3.0,49763124,33927376,0,0,
1789584771.4,0.0,0.0,0.0,3.0,49763124,33927376,0,0,
1789584773.4,0.0,0.0,0.0,3.0,49763124,33927376,0,0,
1789584775.4,0.0,0.0,0.0,3.0,49763124,33927376,0,0,
1789584777.4,0.0,0.0,0.0,3.0,49763124,33927376,0,0,
1789584779.4,0.0,0.0,0.0,3.0,49763124,33927376,0,0,
1789584781.5,0.0,0.0,0.0,3.0,49763124,33927376,0,0,
1789584783.5,0.0,0.0,0.0,3.0,49763124,33927376,0,0,
1789584785.5,0.0,0.0,0.0,3.0,49763124,33927376,0,0,
1789584787.5,0.0,0.0,0.0,3.0,49763124,33927376,0,0,
1789584789.5,0.0,0.0,0.0,3.0,49763124,33927376,0,0,
1789584791.6,0.0,0.0,0.0,3.0,49763124,33927376,0,0,
1789584793.6,0.0,0.0,0.0,3.0,49763124,33927376,0,0,
1789584795.6,0.0,0.0,0.0,3.0,49763124,33927376,0,0,
1789584797.6,0.0,0.0,0.0,3.0,49763124,33927376,0,0,
1789584799.6,0.0,0.0,0.0,3.0,49763124,33927376,0,0,
1789584801.7,0.0,0.0,0.0,3.0,49763124,33927376,0,0,
1789584803.7,0.0,0.0,0.0,3.0,49763124,33927376,0,0,
1789584805.7,0.0,0.0,0.0,3.0,49763124,33927376,0,0,
1789584807.7,0.0,0.0,0.0,3.0,49763124,33927376,0,0,
1789584809.7,0.0,0.0,0.0,3.0,49763124,33927376,0,0,
1789584811.8,0.0,0.0,0.0,3.0,49763124,33927376,0,0,
1789584813.8,0.0,0.0,0.0,3.0,49763124,33927376,0,0,
1789584815.8,0.0,0.0,0.0,3.0,49763124,33927376,0,0,
1789584817.8,0.0,0.0,0.0,3.0,49763124,33927376,0,0,
1789584819.8,0.0,0.0,0.0,3.0,49763124,33927376,0,0,
1789584821.8,0.0,0.0,0.0,3.0,49763124,33927376,0,0,
1789584823.9,0.0,0.0,0.0,3.0,49763124,33927376,0,0,
1789584825.9,0.0,0.0,0.0,3.0,49763124,33927376,0,0,
1789584827.9,0.0,0.0,0.0,3.0,49763124,33927376,0,0,
1789584829.9,0.0,0.0,0.0,3.0,49763124,33927376,0,0,
1789584831.9,0.0,0.0,0.0,3.0,49763124,33927376,0,0,
1789584834.0,0.0,0.0,0.0,3.0,49763124,33927376,0,0,
1789584836.0,0.0,0.0,0.0,3.0,49763124,33927376,0,0,
1789584838.0,0.0,0.0,0.0,3.0,49763124,33927376,0,0,
1789584840.0,0.0,0.0,0.0,3.0,49763124,33927376,0,0,
1789584842.0,0.0,0.0,0.0,3.0,49763124,33927376,0,0,
1789584844.1,0.0,0.0,0.0,3.0,49763124,33927376,0,0,
1789584846.1,0.0,0.0,0.0,3.0,49763124,33927376,0,0,
1789584848.1,0.0,0.0,0.0,3.0,49763124,33927376,0,0,
1789584850.1,0.0,0.0,0.0,3.0,49763124,33927376,0,0,
1789584852.1,0.0,0.0,0.0,3.0,49763124,33927376,0,0,
1789584854.1,0.0,0.0,0.0,3.0,49763124,33927376,0,0,
1789584856.2,0.0,0.0,0.0,3.0,49763124,33927376,0,0,
1789584858.2,0.0,0.0,0.0,3.0,49763124,33927376,0,0,
1789584860.2,0.0,0.0,0.0,3.0,49763124,33927376,0,0,
1789584862.2,0.0,0.0,0.0,3.0,49763124,33927376,0,0,
1789584864.2,0.0,0.0,0.0,3.0,49763124,33927376,0,0,
1789584866.3,0.0,0.0,0.0,3.0,49763124,33927376,0,0,
1789584868.3,0.0,0.0,0.0,3.0,49763124,33927376,0,0,
1789584870.3,0.0,0.0,0.0,3.0,49763124,33927376,0,0,
1789584872.3,0.0,0.0,0.0,3.0,49763124,33927376,0,0,
1789584874.3,0.0,0.0,0.0,3.0,49763124,33927376,0,0,
1789584876.4,0.0,0.0,0.0,3.0,49763124,33927376,0,0,
1789584878.4,0.0,0.0,0.0,3.0,49763124,33927376,0,0,
1789584880.4,0.0,0.0,0.0,3.0,49763124,33927376,0,0,
1789584882.4,0.0,0.0,0.0,3.0,49763124,33927376,0,0,
1789584884.4,0.0,0.0,0.0,3.0,49763124,33927376,0,0,
1789584886.4,0.0,0.0,0.0,3.0,49763124,33927376,0,0,
1789584888.5,0.0,0.0,0.0,3.0,49763124,33927376,0,0,
1789584890.5,0.0,0.0,0.0,3.0,49763124,33927376,0,0,
1789584892.5,0.0,0.0,0.0,3.0,49763124,33927376,0,0,
1789584894.5,0.0,0.0,0.0,3.0,49763124,33927376,0,0,
1789584896.5,0.0,0.0,0.0,3.0,49763124,33927376,0,0,
1789584898.6,0.0,0.0,0.0,3.0,49763124,33927376,0,0,
1789584900.6,0.0,0.0,0.0,3.0,49763124,33927376,0,0,
1789584902.6,0.0,0.0,0.0,3.0,49763124,33927376,0,0,
1789584904.6,0.0,0.0,0.0,3.0,49763124,33927376,0,0,
1789584906.6,0.0,0.0,0.0,3.0,49763124,33927376,0,0,
1789584908.7,0.0,0.0,0.0,3.0,49763124,33927376,0,0,
1789584910.7,0.0,0.0,0.0,3.0,49763124,33927376,0,0,
1789584912.7,0.0,0.0,0.0,3.0,49763124,33927376,0,0,
1789584914.7,0.0,0.0,0.0,3.0,49763124,33927376,0,0,
1789584916.7,0.0,0.0,0.0,3.0,49763124,33927376,0,0,
1789584918.8,0.0,0.0,0.0,3.0,49763124,33927376,0,0,
1789584920.8,0.0,0.0,0.0,3.0,49763124,33927376,0,0,
1789584922.8,0.0,0.0,0.0,3.0,49763124,33927376,0,0,
1789584924.8,0.0,0.0,0.0,3.0,49763124,33927376,0,0,
1789584926.8,0.0,0.0,0.0,3.0,49763124,33927376,0,0,
1789584928.9,0.0,0.0,0.0,3.0,49763124,33927376,0,0,
1789584930.9,0.0,0.0,0.0,3.0,49763124,33927376,0,0,
1789584932.9,0.0,0.0,0.0,3.0,49763124,33927376,0,0,
1789584934.9,0.0,0.0,0.0,3.0,49763124,33927376,0,0,
1789584936.9,0.0,0.0,0.0,3.0,49763124,33927376,0,0,
1789584939.0,0.0,0.0,0.0,3.0,49763124,33927376,0,0,
1789584941.0,0.0,0.0,0.0,3.0,49763124,33927376,0,0,
1789584943.0,0.0,0.0,0.0,3.0,49763124,33927376,0,0,
1789584945.0,0.0,0.0,0.0,3.0,49763124,33927376,0,0,
1789584947.0,0.0,0.0,0.0,3.0,49763124,33927376,0,0,
1789584949.0,0.0,0.0,0.0,3.0,49763124,33927376,0,0,
1789584951.1,0.0,0.0,0.0,3.0,49763124,33927376,0,0,
1789584953.1,0.0,0.0,0.0,3.0,49763124,33927376,0,0,
1789584955.1,0.0,0.0,0.0,3.0,49763124,33927376,0,0,
1789584957.1,0.0,0.0,0.0,3.0,49763124,33927376,0,0,
1789584959.1,0.0,0.0,0.0,3.0,49763124,33927376,0,0,
1789584961.2,0.0,0.0,0.0,3.0,49763124,33927376,0,0,
1789584963.2,0.0,0.0,0.0,3.0,49763124,33927376,0,0,
1789584965.2,0.0,0.0,0.0,3.0,49763124,33927376,0,0,
1789584967.2,0.0,0.0,0.0,3.0,49763124,33927376,0,0,
1789584969.2,0.0,0.0,0.0,3.0,49763124,33927376,0,0,
1789584971.2,0.0,0.0,0.0,3.0,49763124,33927376,0,0,
1789584973.3,0.0,0.0,0.0,3.0,49763124,33927376,0,0,
1789584975.3,0.0,0.0,0.0,3.0,49763124,33927376,0,0,
1789584977.3,0.0,0.0,0.0,3.0,49763124,33927376,0,0,
1789584979.3,0.0,0.0,0.0,3.0,49763124,33927376,0,0,
1789584981.3,0.0,0.0,0.0,3.0,49763124,33927376,0,0,
1789584983.4,0.0,0.0,0.0,3.0,49763124,33927376,0,0,
1789584985.4,0.0,0.0,0.0,3.0,49763124,33927376,0,0,
1789584987.4,0.0,0.0,0.0,3.0,49763124,33927376,0,0,
1789584989.4,0.0,0.0,0.0,3.0,49763124,33927376,0,0,
1789584991.4,0.0,0.0,0.0,3.0,49763124,33927376,0,0,
1789584993.5,0.0,0.0,0.0,3.0,49763124,33927376,0,0,
1789584995.5,0.0,0.0,0.0,3.0,49763124,33927376,0,0,
1789584997.5,0.0,0.0,0.0,3.0,49763124,33927376,0,0,
1789584999.5,0.0,0.0,0.0,3.0,49763124,33927376,0,0,
1789585001.5,0.0,0.0,0.0,3.0,49763124,33927376,0,0,
1789585003.5,0.0,0.0,0.0,3.0,49763124,33927376,0,0,
1789585005.6,0.0,0.0,0.0,3.0,49763124,33927376,0,0,
1789585007.6,0.0,0.0,0.0,3.0,49763124,33927376,0,0,
1789585009.6,0.0,0.0,0.0,3.0,49763124,33927376,0,0,
1789585011.6,0.0,0.0,0.0,3.0,49763124,33927376,0,0,
1789585013.6,0.0,0.0,0.0,3.0,49763124,33927376,0,0,
1789585015.7,0.0,0.0,0.0,3.0,49763124,33927376,0,0,
1789585017.7,0.0,0.0,0.0,3.0,49763124,33927376,0,0,
1789585019.7,0.0,0.0,0.0,3.0,49763124,33927376,0,0,
1789585021.7,0.0,0.0,0.0,3.0,49763124,33927376,0,0,
1789585023.7,0.0,0.0,0.0,3.0,49763124,33927376,0,0,
1789585025.8,0.0,0.0,0.0,3.0,49763124,33927376,0,0,
1789585027.8,0.0,0.0,0.0,3.0,49763124,33927376,0,0,
1789585029.8,0.0,0.0,0.0,3.0,49763124,33927376,0,0,
1789585031.8,0.0,0.0,0.0,3.0,49763124,33927376,0,0,
1789585033.8,0.0,0.0,0.0,3.0,49763124,33927376,0,0,
1789585035.9,0.0,0.0,0.0,3.0,49763124,33927376,0,0,
1789585037.9,0.0,0.0,0.0,3.0,49763124,33927376,0,0,
1789585039.9,0.0,0.0,0.0,3.0,49763124,33927376,0,0,
1789585041.9,0.0,0.0,0.0,3.0,49763124,33927376,0,0,
1789585043.9,0.0,0.0,0.0,3.0,49763124,33927376,0,0,
1789585046.0,0.0,0.0,0.0,3.0,49763124,33927376,0,0,
1789585048.0,0.0,0.0,0.0,3.0,49763124,33927376,0,0,
1789585050.0,0.0,0.0,0.0,3.0,49763124,33927376,0,0,
1789585052.0,0.0,0.0,0.0,3.0,49763124,33927376,0,0,
1789585054.0,0.0,0.0,0.0,3.0,49763124,33927376,0,0,
1789585056.1,0.0,0.0,0.0,3.0,49763124,33927376,0,0,
1789585058.1,0.0,0.0,0.0,3.0,49763124,33927376,0,0,
1789585060.1,0.0,0.0,0.0,3.0,49763124,33927376,0,0,
1789585062.1,0.0,0.0,0.0,3.0,49763124,33927376,0,0,
1789585064.1,0.0,0.0,0.0,3.0,49763124,33927376,0,0,
1789585066.2,0.0,0.0,0.0,3.0,49763124,33927376,0,0,
1789585068.2,0.0,0.0,0.0,3.0,49763124,33927376,0,0,
1789585070.2,0.0,0.0,0.0,3.0,49763124,33927376,0,0,
1789585072.2,0.0,0.0,0.0,3.0,49763124,33927376,0,0,
1789585074.2,0.0,0.0,0.0,3.0,49763124,33927376,0,0,
1789585076.3,0.0,0.0,0.0,3.0,49763124,33927376,0,0,
1789585078.3,0.0,0.0,0.0,3.0,49763124,33927376,0,0,
1789585080.3,0.0,0.0,0.0,3.0,49763124,33927376,0,0,
1789585082.3,0.0,0.0,0.0,3.0,49763124,33927376,0,0,
1789585084.3,0.0,0.0,0.0,3.0,49763124,33927376,0,0,
1789585086.4,0.0,0.0,0.0,3.0,49763124,33927376,0,0,
1789585088.4,0.0,0.0,0.0,3.0,49763124,33927376,0,0,
1789585090.4,0.0,0.0,0.0,3.0,49763124,33927376,0,0,
1789585092.4,0.0,0.0,0.0,3.0,49763124,33927376,0,0,
1789585094.4,0.0,0.0,0.0,3.0,49763124,33927376,0,0,
1789585096.5,0.0,0.0,0.0,3.0,49763124,33927376,0,0,
1789585098.5,0.0,0.0,0.0,3.0,49763124,33927376,0,0,
1789585100.5,0.0,0.0,0.0,3.0,49763124,33927376,0,0,
1789585102.5,0.0,0.0,0.0,3.0,49763124,33927376,0,0,
1789585104.5,0.0,0.0,0.0,3.0,49763124,33927376,0,0,
1789585106.5,0.0,0.0,0.0,3.0,49763124,33927376,0,0,
1789585108.6,0.0,0.0,0.0,3.0,49763124,33927376,0,0,
1789585110.6,0.0,0.0,0.0,3.0,49763124,33927376,0,0,
1789585112.6,0.0,0.0,0.0,3.0,49763124,33927376,0,0,
1789585114.6,0.0,0.0,0.0,3.0,49763124,33927376,0,0,
1789585116.6,0.0,0.0,0.0,3.0,49763124,33927376,0,0,
1789585118.7,0.0,0.0,0.0,3.0,49763124,33927376,0,0,
1789585120.7,0.0,0.0,0.0,3.0,49763124,33927376,0,0,
1789585122.7,0.0,0.0,0.0,3.0,49763124,33927376,0,0,
1789585124.7,0.0,0.0,0.0,3.0,49763124,33927376,0,0,
1789585126.7,0.0,0.0,0.0,3.0,49763124,33927376,0,0,
1789585128.8,0.0,0.0,0.0,3.0,49763124,33927376,0,0,
1789585130.8,0.0,0.0,0.0,3.0,49763124,33927376,0,0,
1789585132.8,0.0,0.0,0.0,3.0,49763124,33927376,0,0,
1789585134.8,0.0,0.0,0.0,3.0,49763124,33927376,0,0,
1789585136.8,0.0,0.0,0.0,3.0,49763124,33927376,0,0,
1789585138.9,0.0,0.0,0.0,3.0,49763124,33927376,0,0,
1789585140.9,0.0,0.0,0.0,3.0,49763124,33927376,0,0,
1789585142.9,0.0,0.0,0.0,3.0,49763124,33927376,0,0,
1789585144.9,0.0,0.0,0.0,3.0,49763124,33927376,0,0,
1789585146.9,0.0,0.0,0.0,3.0,49763124,33927376,0,0,
1789585148.9,0.0,0.0,0.0,3.0,49763124,33927376,0,0,
1789585151.0,0.0,0.0,0.0,3.0,49763124,33927376,0,0,
1789585153.0,0.0,0.0,0.0,3.0,49763124,33927376,0,0,
1789585155.0,0.0,0.0,0.0,3.0,49763124,33927376,0,0,
1789585157.0,0.0,0.0,0.0,3.0,49763124,33927376,0,0,
1789585159.0,0.0,0.0,0.0,3.0,49763124,33927376,0,0,
1789585161.1,0.0,0.0,0.0,3.0,49763124,33927376,0,0,
1789585163.1,0.0,0.0,0.0,3.0,49763124,33927376,0,0,
1789585165.1,0.0,0.0,0.0,3.0,49763124,33927376,0,0,
1789585167.1,0.0,0.0,0.0,3.0,49763124,33927376,0,0,
1789585169.1,0.0,0.0,0.0,3.0,49763124,33927376,0,0,
1789585171.2,0.0,0.0,0.0,3.0,49763124,33927376,0,0,
1789585173.2,0.0,0.0,0.0,3.0,49763124,33927376,0,0,
1789585175.2,0.0,0.0,0.0,3.0,49763124,33927376,0,0,
1789585177.2,0.0,0.0,0.0,3.0,49763124,33927376,0,0,
1789585179.2,0.0,0.0,0.0,3.0,49763124,33927376,0,0,
1789585181.2,0.0,0.0,0.0,3.0,49763124,33927376,0,0,
1789585183.3,0.0,0.0,0.0,3.0,49763124,33927376,0,0,
1789585185.3,0.0,0.0,0.0,3.0,49763124,33927376,0,0,
1789585187.3,0.0,0.0,0.0,3.0,49763124,33927376,0,0,
1789585189.3,0.0,0.0,0.0,3.0,49763124,33927376,0,0,
1789585191.3,0.0,0.0,0.0,3.0,49763124,33927376,0,0,
1789585193.4,0.0,0.0,0.0,3.0,49763124,33927376,0,0,
1789585195.4,0.0,0.0,0.0,3.0,49763124,33927376,0,0,
1789585197.4,0.0,0.0,0.0,3.0,49763124,33927376,0,0,
1789585199.4,0.0,0.0,0.0,3.0,49763124,33927376,0,0,
1789585201.4,0.0,0.0,0.0,3.0,49763124,33927376,0,0,
1789585203.5,0.0,0.0,0.0,3.0,49763124,33927376,0,0,
1789585205.5,0.0,0.0,0.0,3.0,49763124,33927376,0,0,
1789585207.5,0.0,0.0,0.0,3.0,49763124,33927376,0,0,
1789585209.5,0.0,0.0,0.0,3.0,49763124,33927376,0,0,
1789585211.5,0.0,0.0,0.0,3.0,49763124,33927376,0,0,
1789585213.5,0.0,0.0,0.0,3.0,49763124,33927376,0,0,
1789585215.6,0.0,0.0,0.0,3.0,49763124,33927376,0,0,
1789585217.6,0.0,0.0,0.0,3.0,49763124,33927376,0,0,
1789585219.6,0.0,0.0,0.0,3.0,49763124,33927376,0,0,
1789585221.6,0.0,0.0,0.0,3.0,49763124,33927376,0,0,
1789585223.6,0.0,0.0,0.0,3.0,49763124,33927376,0,0,
1789585225.7,0.0,0.0,0.0,3.0,49763124,33927376,0,0,
1789585227.7,0.0,0.0,0.0,3.0,49763124,33927376,0,0,
1789585229.7,0.0,0.0,0.0,3.0,49763124,33927376,0,0,
1789585231.7,0.0,0.0,0.0,3.0,49763124,33927376,0,0,
1789585233.7,0.0,0.0,0.0,3.0,49763124,33927376,0,0,
1789585235.8,0.0,0.0,0.0,3.0,49763124,33927376,0,0,
1789585237.8,0.0,0.0,0.0,3.0,49763124,33927376,0,0,
1789585239.8,0.0,0.0,0.0,3.0,49763124,33927376,0,0,
1789585241.8,0.0,0.0,0.0,3.0,49763124,33927376,0,0,
1789585243.8,0.0,0.0,0.0,3.0,49763124,33927376,0,0,
1789585245.9,0.0,0.0,0.0,3.0,49763124,33927376,0,0,
1789585247.9,0.0,0.0,0.0,3.0,49763124,33927376,0,0,
1789585249.9,0.0,0.0,0.0,3.0,49763124,33927376,0,0,
1789585251.9,0.0,0.0,0.0,3.0,49763124,33927376,0,0,
1789585253.9,0.0,0.0,0.0,3.0,49763124,33927376,0,0,
1789585256.0,0.0,0.0,0.0,3.0,49763124,33927376,0,0,
1789585258.0,0.0,0.0,0.0,3.0,49763124,33927376,0,0,
1789585260.0,0.0,0.0,0.0,3.0,49763124,33927376,0,0,
1789585262.0,0.0,0.0,0.0,3.0,49763124,33927376,0,0,
1789585264.0,0.0,0.0,0.0,3.0,49763124,33927376,0,0,
1789585266.0,0.0,0.0,0.0,3.0,49763124,33927376,0,0,
1789585268.1,0.0,0.0,0.0,3.0,49763124,33927376,0,0,
1789585270.1,0.0,0.0,0.0,3.0,49763124,33927376,0,0,
1789585272.1,0.0,0.0,0.0,3.0,49763124,33927376,0,0,
1789585274.1,0.0,0.0,0.0,3.0,49763124,33927376,0,0,
1789585276.1,0.0,0.0,0.0,3.0,49763124,33927376,0,0,
1789585278.2,0.0,0.0,0.0,3.0,49763124,33927376,0,0,
1789585280.2,0.0,0.0,0.0,3.0,49763124,33927376,0,0,
1789585282.2,0.0,0.0,0.0,3.0,49763124,33927376,0,0,
1789585284.2,0.0,0.0,0.0,3.0,49763124,33927376,0,0,
1789585286.2,0.0,0.0,0.0,3.0,49763124,33927376,0,0,
1789585288.3,0.0,0.0,0.0,3.0,49763124,33927376,0,0,
1789585290.3,0.0,0.0,0.0,3.0,49763124,33927376,0,0,
1789585292.3,0.0,0.0,0.0,3.0,49763124,33927376,0,0,
1789585294.3,0.0,0.0,0.0,3.0,49763124,33927376,0,0,
1789585296.3,0.0,0.0,0.0,3.0,49763124,33927376,0,0,
1789585298.4,0.0,0.0,0.0,3.0,49763124,33927376,0,0,
1789585300.4,0.0,0.0,0.0,3.0,49763124,33927376,0,0,
1789585302.4,0.0,0.0,0.0,3.0,49763124,33927376,0,0,
1789585304.4,0.0,0.0,0.0,3.0,49763124,33927376,0,0,
1789585306.4,0.0,0.0,0.0,3.0,49763124,33927376,0,0,
1789585308.5,0.0,0.0,0.0,3.0,49763124,33927376,0,0,
1789585310.5,0.0,0.0,0.0,3.0,49763124,33927376,0,0,
1789585312.5,0.0,0.0,0.0,3.0,49763124,33927376,0,0,
1789585314.5,0.0,0.0,0.0,3.0,49763124,33927376,0,0,
1789585316.5,0.0,0.0,0.0,3.0,49763124,33927376,0,0,
1789585318.6,0.0,0.0,0.0,3.0,49763124,33927376,0,0,
1789585320.6,0.0,0.0,0.0,3.0,49763124,33927376,0,0,
1789585322.6,0.0,0.0,0.0,3.0,49763124,33927376,0,0,
1789585324.6,0.0,0.0,0.0,3.0,49763124,33927376,0,0,
1789585326.6,0.0,0.0,0.0,3.0,49763124,33927376,0,0,
1789585328.6,0.0,0.0,0.0,3.0,49763124,33927376,0,0,
1789585330.7,0.0,0.0,0.0,3.0,49763124,33927376,0,0,
1789585332.7,0.0,0.0,0.0,3.0,49763124,33927376,0,0,
1789585334.7,0.0,0.0,0.0,3.0,49763124,33927376,0,0,
1789585336.7,0.0,0.0,0.0,3.0,49763124,33927376,0,0,
1789585338.7,0.0,0.0,0.0,3.0,49763124,33927376,0,0,
1789585340.8,0.0,0.0,0.0,3.0,49763124,33927376,0,0,
1789585342.8,0.0,0.0,0.0,3.0,49763124,33927376,0,0,
1789585344.8,0.0,0.0,0.0,3.0,49763124,33927376,0,0,
1789585346.8,0.0,0.0,0.0,3.0,49763124,33927376,0,0,
1789585348.8,0.0,0.0,0.0,3.0,49763124,33927376,0,0,
1789585350.9,0.0,0.0,0.0,3.0,49763124,33927376,0,0,
1789585352.9,0.0,0.0,0.0,3.0,49763124,33927376,0,0,
1789585354.9,0.0,0.0,0.0,3.0,49763124,33927376,0,0,
1789585356.9,0.0,0.0,0.0,3.0,49763124,33927376,0,0,
1789585358.9,0.0,0.0,0.0,3.0,49763124,33927376,0,0,
1789585361.0,0.0,0.0,0.0,3.0,49763124,33927376,0,0,
1789585363.0,0.0,0.0,0.0,3.0,49763124,33927376,0,0,
1789585365.0,0.0,0.0,0.0,3.0,49763124,33927376,0,0,
1789585367.0,0.0,0.0,0.0,3.0,49763124,33927376,0,0,
1789585369.0,0.0,0.0,0.0,3.0,49763124,33927376,0,0,
1789585371.0,0.0,0.0,0.0,3.0,49763124,33927376,0,0,
1789585373.1,0.0,0.0,0.0,3.0,49763124,33927376,0,0,
1789585375.1,0.0,0.0,0.0,3.0,49763124,33927376,0,0,
1789585377.1,0.0,0.0,0.0,3.0,49763124,33927376,0,0,
1789585379.1,0.0,0.0,0.0,3.0,49763124,33927376,0,0,
1789585381.1,0.0,0.0,0.0,3.0,49763124,33927376,0,0,
1789585383.2,0.0,0.0,0.0,3.0,49763124,33927376,0,0,
1789585385.2,0.0,0.0,0.0,3.0,49763124,33927376,0,0,
1789585387.2,0.0,0.0,0.0,3.0,49763124,33927376,0,0,
1789585389.2,0.0,0.0,0.0,3.0,49763124,33927376,0,0,
1789585391.2,0.0,0.0,0.0,3.0,49763124,33927376,0,0,
1789585393.3,0.0,0.0,0.0,3.0,49763124,33927376,0,0,
1789585395.3,0.0,0.0,0.0,3.0,49763124,33927376,0,0,
1789585397.3,0.0,0.0,0.0,3.0,49763124,33927376,0,0,
1789585399.3,0.0,0.0,0.0,3.0,49763124,33927376,0,0,
1789585401.3,0.0,0.0,0.0,3.0,49763124,33927376,0,0,
1789585403.4,0.0,0.0,0.0,3.0,49763124,33927376,0,0,
1789585405.4,0.0,0.0,0.0,3.0,49763124,33927376,0,0,
1789585407.4,0.0,0.0,0.0,3.0,49763124,33927376,0,0,
1789585409.4,0.0,0.0,0.0,3.0,49763124,33927376,0,0,
1789585411.4,0.0,0.0,0.0,3.0,49763124,33927376,0,0,
1789585413.5,0.0,0.0,0.0,3.0,49763124,33927376,0,0,
1789585415.5,0.0,0.0,0.0,3.0,49763124,33927376,0,0,
1789585417.5,0.0,0.0,0.0,3.0,49763124,33927376,0,0,
1789585419.5,0.0,0.0,0.0,3.0,49763124,33927376,0,0,
1789585421.5,0.0,0.0,0.0,3.0,49763124,33927376,0,0,
1789585423.6,0.0,0.0,0.0,3.0,49763124,33927376,0,0,
1789585425.6,0.0,0.0,0.0,3.0,49763124,33927376,0,0,
1789585427.6,0.0,0.0,0.0,3.0,49763124,33927376,0,0,
1789585429.6,0.0,0.0,0.0,3.0,49763124,33927376,0,0,
1789585431.6,0.0,0.0,0.0,3.0,49763124,33927376,0,0,
1789585433.6,0.0,0.0,0.0,3.0,49763124,33927376,0,0,
1789585435.7,0.0,0.0,0.0,3.0,49763124,33927376,0,0,
1789585437.7,0.0,0.0,0.0,3.0,49763124,33927376,0,0,
1789585439.7,0.0,0.0,0.0,3.0,49763124,33927376,0,0,
1789585441.7,0.0,0.0,0.0,3.0,49763124,33927376,0,0,
1789585443.8,0.0,0.0,0.0,3.0,49763124,33927376,0,0,
1789585445.8,0.0,0.0,0.0,3.0,49763124,33927376,0,0,
1789585447.8,0.0,0.0,0.0,3.0,49763124,33927376,0,0,
1789585449.8,0.0,0.0,0.0,3.0,49763124,33927376,0,0,
1789585451.8,0.0,0.0,0.0,3.0,49763124,33927376,0,0,
1789585453.8,0.0,0.0,0.0,3.0,49763124,33927376,0,0,
1789585455.9,0.0,0.0,0.0,3.0,49763124,33927376,0,0,
1789585457.9,0.0,0.0,0.0,3.0,49763124,33927376,0,0,
1789585459.9,0.0,0.0,0.0,3.0,49763124,33927376,0,0,
1789585461.9,0.0,0.0,0.0,3.0,49763124,33927376,0,0,
1789585463.9,0.0,0.0,0.0,3.0,49763124,33927376,0,0,
1789585466.0,0.0,0.0,0.0,3.0,49763124,33927376,0,0,
1789585468.0,0.0,0.0,0.0,3.0,49763124,33927376,0,0,
1789585470.0,0.0,0.0,0.0,3.0,49763124,33927376,0,0,
1789585472.0,0.0,0.0,0.0,3.0,49763124,33927376,0,0,
1789585474.0,0.0,0.0,0.0,3.0,49763124,33927376,0,0,
1789585476.1,0.0,0.0,0.0,3.0,49763124,33927376,0,0,
1789585478.1,0.0,0.0,0.0,3.0,49763124,33927376,0,0,
1789585480.1,0.0,0.0,0.0,3.0,49763124,33927376,0,0,
1789585482.1,0.0,0.0,0.0,3.0,49763124,33927376,0,0,
1789585484.1,0.0,0.0,0.0,3.0,49763124,33927376,0,0,
1789585486.2,0.0,0.0,0.0,3.0,49763124,33927376,0,0,
1789585488.2,0.0,0.0,0.0,3.0,49763124,33927376,0,0,
1789585490.2,0.0,0.0,0.0,3.0,49763124,33927376,0,0,
1789585492.2,0.0,0.0,0.0,3.0,49763124,33927376,0,0,
1789585494.2,0.0,0.0,0.0,3.0,49763124,33927376,0,0,
1789585496.3,0.0,0.0,0.0,3.0,49763124,33927376,0,0,
1789585498.3,0.0,0.0,0.0,3.0,49763124,33927376,0,0,
1789585500.3,0.0,0.0,0.0,3.0,49763124,33927376,0,0,
1789585502.3,0.0,0.0,0.0,3.0,49763124,33927376,0,0,
1789585504.3,0.0,0.0,0.0,3.0,49763124,33927376,0,0,
1789585506.4,0.0,0.0,0.0,3.0,49763124,33927376,0,0,
1789585508.4,0.0,0.0,0.0,3.0,49763124,33927376,0,0,
1789585510.4,0.0,0.0,0.0,3.0,49763124,33927376,0,0,
1789585512.4,0.0,0.0,0.0,3.0,49763124,33927376,0,0,
1789585514.4,0.0,0.0,0.0,3.0,49763124,33927376,0,0,
1789585516.4,0.0,0.0,0.0,3.0,49763124,33927376,0,0,
1789585518.5,0.0,0.0,0.0,3.0,49763124,33927376,0,0,
1789585520.5,0.0,0.0,0.0,3.0,49763124,33927376,0,0,
1789585522.5,0.0,0.0,0.0,3.0,49763124,33927376,0,0,
1789585524.5,0.0,0.0,0.0,3.0,49763124,33927376,0,0,
1789585526.5,0.0,0.0,0.0,3.0,49763124,33927376,0,0,
1789585528.6,0.0,0.0,0.0,3.0,49763124,33927376,0,0,
1789585530.6,0.0,0.0,0.0,3.0,49763124,33927376,0,0,
1789585532.6,0.0,0.0,0.0,3.0,49763124,33927376,0,0,
1789585534.6,0.0,0.0,0.0,3.0,49763124,33927376,0,0,
1789585536.6,0.0,0.0,0.0,3.0,49763124,33927376,0,0,
1789585538.7,0.0,0.0,0.0,3.0,49763124,33927376,0,0,
1789585540.7,0.0,0.0,0.0,3.0,49763124,33927376,0,0,
1789585542.7,0.0,0.0,0.0,3.0,49763124,33927376,0,0,
1789585544.7,0.0,0.0,0.0,3.0,49763124,33927376,0,0,
1789585546.7,0.0,0.0,0.0,3.0,49763124,33927376,0,0,
1789585548.8,0.0,0.0,0.0,3.0,49763124,33927376,0,0,
1789585550.8,0.0,0.0,0.0,3.0,49763124,33927376,0,0,
1789585552.8,0.0,0.0,0.0,3.0,49763124,33927376,0,0,
1789585554.8,0.0,0.0,0.0,3.0,49763124,33927376,0,0,
1789585556.8,0.0,0.0,0.0,3.0,49763124,33927376,0,0,
1789585558.9,0.0,0.0,0.0,3.0,49763124,33927376,0,0,
1789585560.9,0.0,0.0,0.0,3.0,49763124,33927376,0,0,
1789585562.9,0.0,0.0,0.0,3.0,49763124,33927376,0,0,
1789585564.9,0.0,0.0,0.0,3.0,49763124,33927376,0,0,
1789585566.9,0.0,0.0,0.0,3.0,49763124,33927376,0,0,
1789585568.9,0.0,0.0,0.0,3.0,49763124,33927376,0,0,
1789585571.0,0.0,0.0,0.0,3.0,49763124,33927376,0,0,
1789585573.0,0.0,0.0,0.0,3.0,49763124,33927376,0,0,
1789585575.0,0.0,0.0,0.0,3.0,49763124,33927376,0,0,
1789585577.0,0.0,0.0,0.0,3.0,49763124,33927376,0,0,
1789585579.0,0.0,0.0,0.0,3.0,49763124,33927376,0,0,
1789585581.1,0.0,0.0,0.0,3.0,49763124,33927376,0,0,
1789585583.1,0.0,0.0,0.0,3.0,49763124,33927376,0,0,
1789585585.1,0.0,0.0,0.0,3.0,49763124,33927376,0,0,
1789585587.1,0.0,0.0,0.0,3.0,49763124,33927376,0,0,
1789585589.1,0.0,0.0,0.0,3.0,49763124,33927376,0,0,
1789585591.2,0.0,0.0,0.0,3.0,49763124,33927376,0,0,
1789585593.2,0.0,0.0,0.0,3.0,49763124,33927376,0,0,
1789585595.2,0.0,0.0,0.0,3.0,49763124,33927376,0,0,
1789585597.2,0.0,0.0,0.0,3.0,49763124,33927376,0,0,
1789585599.2,0.0,0.0,0.0,3.0,49763124,33927376,0,0,
1789585601.3,0.0,0.0,0.0,3.0,49763124,33927376,0,0,
1789585603.3,0.0,0.0,0.0,3.0,49763124,33927376,0,0,
1789585605.3,0.0,0.0,0.0,3.0,49763124,33927376,0,0,
1789585607.3,0.0,0.0,0.0,3.0,49763124,33927376,0,0,
1789585609.3,0.0,0.0,0.0,3.0,49763124,33927376,0,0,
1789585611.4,0.0,0.0,0.0,3.0,49763124,33927376,0,0,
1789585613.4,0.0,0.0,0.0,3.0,49763124,33927376,0,0,
1789585615.4,0.0,0.0,0.0,3.0,49763124,33927376,0,0,
1789585617.4,0.0,0.0,0.0,3.0,49763124,33927376,0,0,
1789585619.4,0.0,0.0,0.0,3.0,49763124,33927376,0,0,
1789585621.4,0.0,0.0,0.0,3.0,49763124,33927376,0,0,
1789585623.5,0.0,0.0,0.0,3.0,49763124,33927376,0,0,
1789585625.5,0.0,0.0,0.0,3.0,49763124,33927376,0,0,
1789585627.5,0.0,0.0,0.0,3.0,49763124,33927376,0,0,
1789585629.5,0.0,0.0,0.0,3.0,49763124,33927376,0,0,
1789585631.5,0.0,0.0,0.0,3.0,49763124,33927376,0,0,
1789585633.6,0.0,0.0,0.0,3.0,49763124,33927376,0,0,
1789585635.6,0.0,0.0,0.0,3.0,49763124,33927376,0,0,
1789585637.6,0.0,0.0,0.0,3.0,49763124,33927376,0,0,
1789585639.6,0.0,0.0,0.0,3.0,49763124,33927376,0,0,
1789585641.6,0.0,0.0,0.0,3.0,49763124,33927376,0,0,
1789585643.7,0.0,0.0,0.0,3.0,49763124,33927376,0,0,
1789585645.7,0.0,0.0,0.0,3.0,49763124,33927376,0,0,
1789585647.7,0.0,0.0,0.0,3.0,49763124,33927376,0,0,
1789585649.7,0.0,0.0,0.0,3.0,49763124,33927376,0,0,
1789585651.7,0.0,0.0,0.0,3.0,49763124,33927376,0,0,
1789585653.8,0.0,0.0,0.0,3.0,49763124,33927376,0,0,
1789585655.8,0.0,0.0,0.0,3.0,49763124,33927376,0,0,
1789585657.8,0.0,0.0,0.0,3.0,49763124,33927376,0,0,
1789585659.8,0.0,0.0,0.0,3.0,49763124,33927376,0,0,
1789585661.8,0.0,0.0,0.0,3.0,49763124,33927376,0,0,
1789585663.8,0.0,0.0,0.0,3.0,49763124,33927376,0,0,
1789585665.9,0.0,0.0,0.0,3.0,49763124,33927376,0,0,
1789585667.9,0.0,0.0,0.0,3.0,49763124,33927376,0,0,
1789585669.9,0.0,0.0,0.0,3.0,49763124,33927376,0,0,
1789585671.9,0.0,0.0,0.0,3.0,49763124,33927376,0,0,
1789585673.9,0.0,0.0,0.0,3.0,49763124,33927376,0,0,
1789585676.0,0.0,0.0,0.0,3.0,49763124,33927376,0,0,
1789585678.0,0.0,0.0,0.0,3.0,49763124,33927376,0,0,
1789585680.0,0.0,0.0,0.0,3.0,49763124,33927376,0,0,
1789585682.0,0.0,0.0,0.0,3.0,49763124,33927376,0,0,
1789585684.0,0.0,0.0,0.0,3.0,49763124,33927376,0,0,
1789585686.1,0.0,0.0,0.0,3.0,49763124,33927376,0,0,
1789585688.1,0.0,0.0,0.0,3.0,49763124,33927376,0,0,
1789585690.1,0.0,0.0,0.0,3.0,49763124,33927376,0,0,
1789585692.1,0.0,0.0,0.0,3.0,49763124,33927376,0,0,
1789585694.1,0.0,0.0,0.0,3.0,49763124,33927376,0,0,
1789585696.1,0.0,0.0,0.0,3.0,49763124,33927376,0,0,
1789585698.2,0.0,0.0,0.0,3.0,49763124,33927376,0,0,
1789585700.2,0.0,0.0,0.0,3.0,49763124,33927376,0,0,
1789585702.2,0.0,0.0,0.0,3.0,49763124,33927376,0,0,
1789585704.2,0.0,0.0,0.0,3.0,49763124,33927376,0,0,
1789585706.2,0.0,0.0,0.0,3.0,49763124,33927376,0,0,
1789585708.3,0.0,0.0,0.0,3.0,49763124,33927376,0,0,
1789585710.3,0.0,0.0,0.0,3.0,49763124,33927376,0,0,
1789585712.3,0.0,0.0,0.0,3.0,49763124,33927376,0,0,
1789585714.3,0.0,0.0,0.0,3.0,49763124,33927376,0,0,
1789585716.3,0.0,0.0,0.0,3.0,49763124,33927376,0,0,
1789585718.4,0.0,0.0,0.0,3.0,49763124,33927376,0,0,
1789585720.4,0.0,0.0,0.0,3.0,49763124,33927376,0,0,
1789585722.4,0.0,0.0,0.0,3.0,49763124,33927376,0,0,
1789585724.4,0.0,0.0,0.0,3.0,49763124,33927376,0,0,
1789585726.4,0.0,0.0,0.0,3.0,49763124,33927376,0,0,
1789585728.5,0.0,0.0,0.0,3.0,49763124,33927376,0,0,
1789585730.5,0.0,0.0,0.0,3.0,49763124,33927376,0,0,
1789585732.5,0.0,0.0,0.0,3.0,49763124,33927376,0,0,
1789585734.5,0.0,0.0,0.0,3.0,49763124,33927376,0,0,
1789585736.5,0.0,0.0,0.0,3.0,49763124,33927376,0,0,
1789585738.5,0.0,0.0,0.0,3.0,49763124,33927376,0,0,
1789585740.6,0.0,0.0,0.0,3.0,49763124,33927376,0,0,
1789585742.6,0.0,0.0,0.0,3.0,49763124,33927376,0,0,
1789585744.6,0.0,0.0,0.0,3.0,49763124,33927376,0,0,
1789585746.6,0.0,0.0,0.0,3.0,49763124,33927376,0,0,
1789585748.6,0.0,0.0,0.0,3.0,49763124,33927376,0,0,
1789585750.7,0.0,0.0,0.0,3.0,49763124,33927376,0,0,
1789585752.7,0.0,0.0,0.0,3.0,49763124,33927376,0,0,
1789585754.7,0.0,0.0,0.0,3.0,49763124,33927376,0,0,
1789585756.7,0.0,0.0,0.0,3.0,49763124,33927376,0,0,
1789585758.7,0.0,0.0,0.0,3.0,49763124,33927376,0,0,
1789585760.8,0.0,0.0,0.0,3.0,49763124,33927376,0,0,
1789585762.8,0.0,0.0,0.0,3.0,49763124,33927376,0,0,
1789585764.8,0.0,0.0,0.0,3.0,49763124,33927376,0,0,
1789585766.8,0.0,0.0,0.0,3.0,49763124,33927376,0,0,
1789585768.8,0.0,0.0,0.0,3.0,49763124,33927376,0,0,
1789585770.9,0.0,0.0,0.0,3.0,49763124,33927376,0,0,
1789585772.9,0.0,0.0,0.0,3.0,49763124,33927376,0,0,
1789585774.9,0.0,0.0,0.0,3.0,49763124,33927376,0,0,
1789585776.9,0.0,0.0,0.0,3.0,49763124,33927376,0,0,
1789585778.9,0.0,0.0,0.0,3.0,49763124,33927376,0,0,
1789585781.0,0.0,0.0,0.0,3.0,49763124,33927376,0,0,
1789585783.0,0.0,0.0,0.0,3.0,49763124,33927376,0,0,
1789585785.0,0.0,0.0,0.0,3.0,49763124,33927376,0,0,
1789585787.0,0.0,0.0,0.0,3.0,49763124,33927376,0,0,
1789585789.0,0.0,0.0,0.0,3.0,49763124,33927376,0,0,
1789585791.1,0.0,0.0,0.0,3.0,49763124,33927376,0,0,
1789585793.1,0.0,0.0,0.0,3.0,49763124,33927376,0,0,
1789585795.1,0.0,0.0,0.0,3.0,49763124,33927376,0,0,
1789585797.1,0.0,0.0,0.0,3.0,49763124,33927376,0,0,
1789585799.1,0.0,0.0,0.0,3.0,49763124,33927376,0,0,
1789585801.2,0.0,0.0,0.0,3.0,49763124,33927376,0,0,
1789585803.2,0.0,0.0,0.0,3.0,49763124,33927376,0,0,
1789585805.2,0.0,0.0,0.0,3.0,49763124,33927376,0,0,
1789585807.2,0.0,0.0,0.0,3.0,49763124,33927376,0,0,
1789585809.2,0.0,0.0,0.0,3.0,49763124,33927376,0,0,
1789585811.3,0.0,0.0,0.0,3.0,49763124,33927376,0,0,
1789585813.3,0.0,0.0,0.0,3.0,49763124,33927376,0,0,
1789585815.3,0.0,0.0,0.0,3.0,49763124,33927376,0,0,
1789585817.3,0.0,0.0,0.0,3.0,49763124,33927376,0,0,
1789585819.3,0.0,0.0,0.0,3.0,49763124,33927376,0,0,
1789585821.4,0.0,0.0,0.0,3.0,49763124,33927376,0,0,
1789585823.4,0.0,0.0,0.0,3.0,49763124,33927376,0,0,
1789585825.4,0.0,0.0,0.0,3.0,49763124,33927376,0,0,
1789585827.4,0.0,0.0,0.0,3.0,49763124,33927376,0,0,
1789585829.4,0.0,0.0,0.0,3.0,49763124,33927376,0,0,
1789585831.5,0.0,0.0,0.0,3.0,49763124,33927376,0,0,
1789585833.5,0.0,0.0,0.0,3.0,49763124,33927376,0,0,
1789585835.5,0.0,0.0,0.0,3.0,49763124,33927376,0,0,
1789585837.5,0.0,0.0,0.0,3.0,49763124,33927376,0,0,
1789585839.5,0.0,0.0,0.0,3.0,49763124,33927376,0,0,
1789585841.6,0.0,0.0,0.0,3.0,49763124,33927376,0,0,
1789585843.6,0.0,0.0,0.0,3.0,49763124,33927376,0,0,
1789585845.6,0.0,0.0,0.0,3.0,49763124,33927376,0,0,
1789585847.6,0.0,0.0,0.0,3.0,49763124,33927376,0,0,
1789585849.6,0.0,0.0,0.0,3.0,49763124,33927376,0,0,
1789585851.7,0.0,0.0,0.0,3.0,49763124,33927376,0,0,
1789585853.7,0.0,0.0,0.0,3.0,49763124,33927376,0,0,
1789585855.7,0.0,0.0,0.0,3.0,49763124,33927376,0,0,
1789585857.7,0.0,0.0,0.0,3.0,49763124,33927376,0,0,
1789585859.7,0.0,0.0,0.0,3.0,49763124,33927376,0,0,
1789585861.8,0.0,0.0,0.0,3.0,49763124,33927376,0,0,
1789585863.8,0.0,0.0,0.0,3.0,49763124,33927376,0,0,
1789585865.8,0.0,0.0,0.0,3.0,49763124,33927376,0,0,
1789585867.8,0.0,0.0,0.0,3.0,49763124,33927376,0,0,
1789585869.8,0.0,0.0,0.0,3.0,49763124,33927376,0,0,
1789585871.9,0.0,0.0,0.0,3.0,49763124,33927376,0,0,
1789585873.9,0.0,0.0,0.0,3.0,49763124,33927376,0,0,
1789585875.9,0.0,0.0,0.0,3.0,49763124,33927376,0,0,
1789585877.9,0.0,0.0,0.0,3.0,49763124,33927376,0,0,
1789585879.9,0.0,0.0,0.0,3.0,49763124,33927376,0,0,
1789585881.9,0.0,0.0,0.0,3.0,49763124,33927376,0,0,
1789585884.0,0.0,0.0,0.0,3.0,49763124,33927376,0,0,
1789585886.0,0.0,0.0,0.0,3.0,49763124,33927376,0,0,
1789585888.0,0.0,0.0,0.0,3.0,49763124,33927376,0,0,
1789585890.0,0.0,0.0,0.0,3.0,49763124,33927376,0,0,
1789585892.1,0.0,0.0,0.0,3.0,49763124,33927376,0,0,
1789585894.1,0.0,0.0,0.0,3.0,49763124,33927376,0,0,
1789585896.1,0.0,0.0,0.0,3.0,49763124,33927376,0,0,
1789585898.1,0.0,0.0,0.0,3.0,49763124,33927376,0,0,
1789585900.1,0.0,0.0,0.0,3.0,49763124,33927376,0,0,
1789585902.1,0.0,0.0,0.0,3.0,49763124,33927376,0,0,
1789585904.2,0.0,0.0,0.0,3.0,49763124,33927376,0,0,
1789585906.2,0.0,0.0,0.0,3.0,49763124,33927376,0,0,
1789585908.2,0.0,0.0,0.0,3.0,49763124,33927376,0,0,
1789585910.2,0.0,0.0,0.0,3.0,49763124,33927376,0,0,
1789585912.2,0.0,0.0,0.0,3.0,49763124,33927376,0,0,
1789585914.3,0.0,0.0,0.0,3.0,49763124,33927376,0,0,
1789585916.3,0.0,0.0,0.0,3.0,49763124,33927376,0,0,
1789585918.3,0.0,0.0,0.0,3.0,49763124,33927376,0,0,
1789585920.3,0.0,0.0,0.0,3.0,49763124,33927376,0,0,
1789585922.3,0.0,0.0,0.0,3.0,49763124,33927376,0,0,
1789585924.4,0.0,0.0,0.0,3.0,49763124,33927376,0,0,
1789585926.4,0.0,0.0,0.0,3.0,49763124,33927376,0,0,
1789585928.4,0.0,0.0,0.0,3.0,49763124,33927376,0,0,
1789585930.4,0.0,0.0,0.0,3.0,49763124,33927376,0,0,
1789585932.4,0.0,0.0,0.0,3.0,49763124,33927376,0,0,
1789585934.5,0.0,0.0,0.0,3.0,49763124,33927376,0,0,
1789585936.5,0.0,0.0,0.0,3.0,49763124,33927376,0,0,
1789585938.5,0.0,0.0,0.0,3.0,49763124,33927376,0,0,
1789585940.5,0.0,0.0,0.0,3.0,49763124,33927376,0,0,
1789585942.5,0.0,0.0,0.0,3.0,49763124,33927376,0,0,
1789585944.6,0.0,0.0,0.0,3.0,49763124,33927376,0,0,
1789585946.6,0.0,0.0,0.0,3.0,49763124,33927376,0,0,
1789585948.6,0.0,0.0,0.0,3.0,49763124,33927376,0,0,
1789585950.6,0.0,0.0,0.0,3.0,49763124,33927376,0,0,
1789585952.6,0.0,0.0,0.0,3.0,49763124,33927376,0,0,
1789585954.7,0.0,0.0,0.0,3.0,49763124,33927376,0,0,
1789585956.7,0.0,0.0,0.0,3.0,49763124,33927376,0,0,
1789585958.7,0.0,0.0,0.0,3.0,49763124,33927376,0,0,
1789585960.7,0.0,0.0,0.0,3.0,49763124,33927376,0,0,
1789585962.7,0.0,0.0,0.0,3.0,49763124,33927376,0,0,
1789585964.8,0.0,0.0,0.0,3.0,49763124,33927376,0,0,
1789585966.8,0.0,0.0,0.0,3.0,49763124,33927376,0,0,
1789585968.8,0.0,0.0,0.0,3.0,49763124,33927376,0,0,
1789585970.8,0.0,0.0,0.0,3.0,49763124,33927376,0,0,
1789585972.8,0.0,0.0,0.0,3.0,49763124,33927376,0,0,
1789585974.9,0.0,0.0,0.0,3.0,49763124,33927376,0,0,
1789585976.9,0.0,0.0,0.0,3.0,49763124,33927376,0,0,
1789585978.9,0.0,0.0,0.0,3.0,49763124,33927376,0,0,
1789585980.9,0.0,0.0,0.0,3.0,49763124,33927376,0,0,
1789585982.9,0.0,0.0,0.0,3.0,49763124,33927376,0,0,
1789585985.0,0.0,0.0,0.0,3.0,49763124,33927376,0,0,
1789585987.0,0.0,0.0,0.0,3.0,49763124,33927376,0,0,
1789585989.0,0.0,0.0,0.0,3.0,49763124,33927376,0,0,
1789585991.0,0.0,0.0,0.0,3.0,49763124,33927376,0,0,
1789585993.0,0.0,0.0,0.0,3.0,49763124,33927376,0,0,
1789585995.1,0.0,0.0,0.0,3.0,49763124,33927376,0,0,
1789585997.1,0.0,0.0,0.0,3.0,49763124,33927376,0,0,
1789585999.1,0.0,0.0,0.0,3.0,49763124,33927376,0,0,
1789586001.1,0.0,0.0,0.0,3.0,49763124,33927376,0,0,
1789586003.1,0.0,0.0,0.0,3.0,49763124,33927376,0,0,
1789586005.2,0.0,0.0,0.0,3.0,49763124,33927376,0,0,
1789586007.2,0.0,0.0,0.0,3.0,49763124,33927376,0,0,
1789586009.2,0.0,0.0,0.0,3.0,49763124,33927376,0,0,
1789586011.2,0.0,0.0,0.0,3.0,49763124,33927376,0,0,
1789586013.2,0.0,0.0,0.0,3.0,49763124,33927376,0,0,
1789586015.3,0.0,0.0,0.0,3.0,49763124,33927376,0,0,
1789586017.3,0.0,0.0,0.0,3.0,49763124,33927376,0,0,
1789586019.3,0.0,0.0,0.0,3.0,49763124,33927376,0,0,
1789586021.3,0.0,0.0,0.0,3.0,49763124,33927376,0,0,
1789586023.3,0.0,0.0,0.0,3.0,49763124,33927376,0,0,
1789586025.4,0.0,0.0,0.0,3.0,49763124,33927376,0,0,
1789586027.4,0.0,0.0,0.0,3.0,49763124,33927376,0,0,
1789586029.4,0.0,0.0,0.0,3.0,49763124,33927376,0,0,
1789586031.4,0.0,0.0,0.0,3.0,49763124,33927376,0,0,
1789586033.4,0.0,0.0,0.0,3.0,49763124,33927376,0,0,
1789586035.5,0.0,0.0,0.0,3.0,49763124,33927376,0,0,
1789586037.5,0.0,0.0,0.0,3.0,49763124,33927376,0,0,
1789586039.5,0.0,0.0,0.0,3.0,49763124,33927376,0,0,
1789586041.5,0.0,0.0,0.0,3.0,49763124,33927376,0,0,
1789586043.5,0.0,0.0,0.0,3.0,49763124,33927376,0,0,
1789586045.6,0.0,0.0,0.0,3.0,49763124,33927376,0,0,
1789586047.6,0.0,0.0,0.0,3.0,49763124,33927376,0,0,
1789586049.6,0.0,0.0,0.0,3.0,49763124,33927376,0,0,
1789586051.6,0.0,0.0,0.0,3.0,49763124,33927376,0,0,
1789586053.6,0.0,0.0,0.0,3.0,49763124,33927376,0,0,
1789586055.7,0.0,0.0,0.0,3.0,49763124,33927376,0,0,
1789586057.7,0.0,0.0,0.0,3.0,49763124,33927376,0,0,
1789586059.7,0.0,0.0,0.0,3.0,49763124,33927376,0,0,
1789586061.7,0.0,0.0,0.0,3.0,49763124,33927376,0,0,
1789586063.7,0.0,0.0,0.0,3.0,49763124,33927376,0,0,
1789586065.8,0.0,0.0,0.0,3.0,49763124,33927376,0,0,
1789586067.8,0.0,0.0,0.0,3.0,49763124,33927376,0,0,
1789586069.8,0.0,0.0,0.0,3.0,49763124,33927376,0,0,
1789586071.8,0.0,0.0,0.0,3.0,49763124,33927376,0,0,
1789586073.8,0.0,0.0,0.0,3.0,49763124,33927376,0,0,
1789586075.9,0.0,0.0,0.0,3.0,49763124,33927376,0,0,
1789586077.9,0.0,0.0,0.0,3.0,49763124,33927376,0,0,
1789586079.9,0.0,0.0,0.0,3.0,49763124,33927376,0,0,
1789586081.9,0.0,0.0,0.0,3.0,49763124,33927376,0,0,
1789586083.9,0.0,0.0,0.0,3.0,49763124,33927376,0,0,
1789586086.0,0.0,0.0,0.0,3.0,49763124,33927376,0,0,
1789586088.0,0.0,0.0,0.0,3.0,49763124,33927376,0,0,
1789586090.0,0.0,0.0,0.0,3.0,49763124,33927376,0,0,
1789586092.0,0.0,0.0,0.0,3.0,49763124,33927376,0,0,
1789586094.0,0.0,0.0,0.0,3.0,49763124,33927376,0,0,
1789586096.1,0.0,0.0,0.0,3.0,49763124,33927376,0,0,
1789586098.1,0.0,0.0,0.0,3.0,49763124,33927376,0,0,
1789586100.1,0.0,0.0,0.0,3.0,49763124,33927376,0,0,
1789586102.1,0.0,0.0,0.0,3.0,49763124,33927376,0,0,
1789586104.1,0.0,0.0,0.0,3.0,49763124,33927376,0,0,
1789586106.2,0.0,0.0,0.0,3.0,49763124,33927376,0,0,
1789586108.2,0.0,0.0,0.0,3.0,49763124,33927376,0,0,
1789586110.2,0.0,0.0,0.0,3.0,49763124,33927376,0,0,
1789586112.2,0.0,0.0,0.0,3.0,49763124,33927376,0,0,
1789586114.2,0.0,0.0,0.0,3.0,49763124,33927376,0,0,
1789586116.3,0.0,0.0,0.0,3.0,49763124,33927376,0,0,
1789586118.3,0.0,0.0,0.0,3.0,49763124,33927376,0,0,
1789586120.3,0.0,0.0,0.0,3.0,49763124,33927376,0,0,
1789586122.3,0.0,0.0,0.0,3.0,49763124,33927376,0,0,
1789586124.3,0.0,0.0,0.0,3.0,49763124,33927376,0,0,
1789586126.4,0.0,0.0,0.0,3.0,49763124,33927376,0,0,
1789586128.4,0.0,0.0,0.0,3.0,49763124,33927376,0,0,
1789586130.4,0.0,0.0,0.0,3.0,49763124,33927376,0,0,
1789586132.4,0.0,0.0,0.0,3.0,49763124,33927376,0,0,
1789586134.4,0.0,0.0,0.0,3.0,49763124,33927376,0,0,
1789586136.4,0.0,0.0,0.0,3.0,49763124,33927376,0,0,
1789586138.5,0.0,0.0,0.0,3.0,49763124,33927376,0,0,
1789586140.5,0.0,0.0,0.0,3.0,49763124,33927376,0,0,
1789586142.5,0.0,0.0,0.0,3.0,49763124,33927376,0,0,
1789586144.5,0.0,0.0,0.0,3.0,49763124,33927376,0,0,
1789586146.6,0.0,0.0,0.0,3.0,49763124,33927376,0,0,
1789586148.6,0.0,0.0,0.0,3.0,49763124,33927376,0,0,
1789586150.6,0.0,0.0,0.0,3.0,49763124,33927376,0,0,
1789586152.6,0.0,0.0,0.0,3.0,49763124,33927376,0,0,
1789586154.6,0.0,0.0,0.0,3.0,49763124,33927376,0,0,
1789586156.7,0.0,0.0,0.0,3.0,49763124,33927376,0,0,
1789586158.7,0.0,0.0,0.0,3.0,49763124,33927376,0,0,
1789586160.7,0.0,0.0,0.0,3.0,49763124,33927376,0,0,
1789586162.7,0.0,0.0,0.0,3.0,49763124,33927376,0,0,
1789586164.7,0.0,0.0,0.0,3.0,49763124,33927376,0,0,
1789586166.7,0.0,0.0,0.0,3.0,49763124,33927376,0,0,
1789586168.8,0.0,0.0,0.0,3.0,49763124,33927376,0,0,
1789586170.8,0.0,0.0,0.0,3.0,49763124,33927376,0,0,
1789586172.8,0.0,0.0,0.0,3.0,49763124,33927376,0,0,
1789586174.8,0.0,0.0,0.0,3.0,49763124,33927376,0,0,
1789586176.8,0.0,0.0,0.0,3.0,49763124,33927376,0,0,
1789586178.9,0.0,0.0,0.0,3.0,49763124,33927376,0,0,
1789586180.9,0.0,0.0,0.0,3.0,49763124,33927376,0,0,
1789586182.9,0.0,0.0,0.0,3.0,49763124,33927376,0,0,
1789586184.9,0.0,0.0,0.0,3.0,49763124,33927376,0,0,
1789586186.9,0.0,0.0,0.0,3.0,49763124,33927376,0,0,
1789586189.0,0.0,0.0,0.0,3.0,49763124,33927376,0,0,
1789586191.0,0.0,0.0,0.0,3.0,49763124,33927376,0,0,
1789586193.0,0.0,0.0,0.0,3.0,49763124,33927376,0,0,
1789586195.0,0.0,0.0,0.0,3.0,49763124,33927376,0,0,
1789586197.0,0.0,0.0,0.0,3.0,49763124,33927376,0,0,
1789586199.1,0.0,0.0,0.0,3.0,49763124,33927376,0,0,
1789586201.1,0.0,0.0,0.0,3.0,49763124,33927376,0,0,
1789586203.1,0.0,0.0,0.0,3.0,49763124,33927376,0,0,
1789586205.1,0.0,0.0,0.0,3.0,49763124,33927376,0,0,
1789586207.1,0.0,0.0,0.0,3.0,49763124,33927376,0,0,
1789586209.2,0.0,0.0,0.0,3.0,49763124,33927376,0,0,
1789586211.2,0.0,0.0,0.0,3.0,49763124,33927376,0,0,
1789586213.2,0.0,0.0,0.0,3.0,49763124,33927376,0,0,
1789586215.2,0.0,0.0,0.0,3.0,49763124,33927376,0,0,
1789586217.2,0.0,0.0,0.0,3.0,49763124,33927376,0,0,
1789586219.3,0.0,0.0,0.0,3.0,49763124,33927376,0,0,
1789586221.3,0.0,0.0,0.0,3.0,49763124,33927376,0,0,
1789586223.3,0.0,0.0,0.0,3.0,49763124,33927376,0,0,
1789586225.3,0.0,0.0,0.0,3.0,49763124,33927376,0,0,
1789586227.3,0.0,0.0,0.0,3.0,49763124,33927376,0,0,
1789586229.4,0.0,0.0,0.0,3.0,49763124,33927376,0,0,
1789586231.4,0.0,0.0,0.0,3.0,49763124,33927376,0,0,
1789586233.4,0.0,0.0,0.0,3.0,49763124,33927376,0,0,
1789586235.4,0.0,0.0,0.0,3.0,49763124,33927376,0,0,
1789586237.4,0.0,0.0,0.0,3.0,49763124,33927376,0,0,
1789586239.4,0.0,0.0,0.0,3.0,49763124,33927376,0,0,
1789586241.5,0.0,0.0,0.0,3.0,49763124,33927376,0,0,
1789586243.5,0.0,0.0,0.0,3.0,49763124,33927376,0,0,
1789586245.5,0.0,0.0,0.0,3.0,49763124,33927376,0,0,
1789586247.5,0.0,0.0,0.0,3.0,49763124,33927376,0,0,
1789586249.5,0.0,0.0,0.0,3.0,49763124,33927376,0,0,
1789586251.6,0.0,0.0,0.0,3.0,49763124,33927376,0,0,
1789586253.6,0.0,0.0,0.0,3.0,49763124,33927376,0,0,
1789586255.6,0.0,0.0,0.0,3.0,49763124,33927376,0,0,
1789586257.6,0.0,0.0,0.0,3.0,49763124,33927376,0,0,
1789586259.6,0.0,0.0,0.0,3.0,49763124,33927376,0,0,
1789586261.7,0.0,0.0,0.0,3.0,49763124,33927376,0,0,
1789586263.7,0.0,0.0,0.0,3.0,49763124,33927376,0,0,
1789586265.7,0.0,0.0,0.0,3.0,49763124,33927376,0,0,
1789586267.7,0.0,0.0,0.0,3.0,49763124,33927376,0,0,
1789586269.7,0.0,0.0,0.0,3.0,49763124,33927376,0,0,
1789586271.8,0.0,0.0,0.0,3.0,49763124,33927376,0,0,
1789586273.8,0.0,0.0,0.0,3.0,49763124,33927376,0,0,
1789586275.8,0.0,0.0,0.0,3.0,49763124,33927376,0,0,
1789586277.8,0.0,0.0,0.0,3.0,49763124,33927376,0,0,
1789586279.8,0.0,0.0,0.0,3.0,49763124,33927376,0,0,
1789586281.9,0.0,0.0,0.0,3.0,49763124,33927376,0,0,
1789586283.9,0.0,0.0,0.0,3.0,49763124,33927376,0,0,
1789586285.9,0.0,0.0,0.0,3.0,49763124,33927376,0,0,
1789586287.9,0.0,0.0,0.0,3.0,49763124,33927376,0,0,
1789586289.9,0.0,0.0,0.0,3.0,49763124,33927376,0,0,
1789586292.0,0.0,0.0,0.0,3.0,49763124,33927376,0,0,
1789586294.0,0.0,0.0,0.0,3.0,49763124,33927376,0,0,
1789586296.0,0.0,0.0,0.0,3.0,49763124,33927376,0,0,
1789586298.0,0.0,0.0,0.0,3.0,49763124,33927376,0,0,
1789586300.0,0.0,0.0,0.0,3.0,49763124,33927376,0,0,
1789586302.1,0.0,0.0,0.0,3.0,49763124,33927376,0,0,
1789586304.1,0.0,0.0,0.0,3.0,49763124,33927376,0,0,
1789586306.1,0.0,0.0,0.0,3.0,49763124,33927376,0,0,
1789586308.1,0.0,0.0,0.0,3.0,49763124,33927376,0,0,
1789586310.1,0.0,0.0,0.0,3.0,49763124,33927376,0,0,
1789586312.2,0.0,0.0,0.0,3.0,49763124,33927376,0,0,
1789586314.2,0.0,0.0,0.0,3.0,49763124,33927376,0,0,
1789586316.2,0.0,0.0,0.0,3.0,49763124,33927376,0,0,
1789586318.2,0.0,0.0,0.0,3.0,49763124,33927376,0,0,
1789586320.2,0.0,0.0,0.0,3.0,49763124,33927376,0,0,
1789586322.3,0.0,0.0,0.0,3.0,49763124,33927376,0,0,
1789586324.3,0.0,0.0,0.0,3.0,49763124,33927376,0,0,
1789586326.3,0.0,0.0,0.0,3.0,49763124,33927376,0,0,
1789586328.3,0.0,0.0,0.0,3.0,49763124,33927376,0,0,
1789586330.3,0.0,0.0,0.0,3.0,49763124,33927376,0,0,
1789586332.4,0.0,0.0,0.0,3.0,49763124,33927376,0,0,
1789586334.4,0.0,0.0,0.0,3.0,49763124,33927376,0,0,
1789586336.4,0.0,0.0,0.0,3.0,49763124,33927376,0,0,
1789586338.4,0.0,0.0,0.0,3.0,49763124,33927376,0,0,
1789586340.4,0.0,0.0,0.0,3.0,49763124,33927376,0,0,
1789586342.5,0.0,0.0,0.0,3.0,49763124,33927376,0,0,
1789586344.5,0.0,0.0,0.0,3.0,49763124,33927376,0,0,
1789586346.5,0.0,0.0,0.0,3.0,49763124,33927376,0,0,
1789586348.5,0.0,0.0,0.0,3.0,49763124,33927376,0,0,
1789586350.5,0.0,0.0,0.0,3.0,49763124,33927376,0,0,
1789586352.6,0.0,0.0,0.0,3.0,49763124,33927376,0,0,
1789586354.6,0.0,0.0,0.0,3.0,49763124,33927376,0,0,
1789586356.6,0.0,0.0,0.0,3.0,49763124,33927376,0,0,
1789586358.6,0.0,0.0,0.0,3.0,49763124,33927376,0,0,
1789586360.6,0.0,0.0,0.0,3.0,49763124,33927376,0,0,
1789586362.6,0.0,0.0,0.0,3.0,49763124,33927376,0,0,
1789586364.7,0.0,0.0,0.0,3.0,49763124,33927376,0,0,
1789586366.7,0.0,0.0,0.0,3.0,49763124,33927376,0,0,
1789586368.7,0.0,0.0,0.0,3.0,49763124,33927376,0,0,
1789586370.7,0.0,0.0,0.0,3.0,49763124,33927376,0,0,
1789586372.7,0.0,0.0,0.0,3.0,49763124,33927376,0,0,
1789586374.8,0.0,0.0,0.0,3.0,49763124,33927376,0,0,
1789586376.8,0.0,0.0,0.0,3.0,49763124,33927376,0,0,
1789586378.8,0.0,0.0,0.0,3.0,49763124,33927376,0,0,
1789586380.8,0.0,0.0,0.0,3.0,49763124,33927376,0,0,
1789586382.8,0.0,0.0,0.0,3.0,49763124,33927376,0,0,
1789586384.9,0.0,0.0,0.0,3.0,49763124,33927376,0,0,
1789586386.9,0.0,0.0,0.0,3.0,49763124,33927376,0,0,
1789586388.9,0.0,0.0,0.0,3.0,49763124,33927376,0,0,
1789586390.9,0.0,0.0,0.0,3.0,49763124,33927376,0,0,
1789586392.9,0.0,0.0,0.0,3.0,49763124,33927376,0,0,
1789586395.0,0.0,0.0,0.0,3.0,49763124,33927376,0,0,
1789586397.0,0.0,0.0,0.0,3.0,49763124,33927376,0,0,
1789586399.0,0.0,0.0,0.0,3.0,49763124,33927376,0,0,
1789586401.0,0.0,0.0,0.0,3.0,49763124,33927376,0,0,
1789586403.0,0.0,0.0,0.0,3.0,49763124,33927376,0,0,
1789586405.1,0.0,0.0,0.0,3.0,49763124,33927376,0,0,
1789586407.1,0.0,0.0,0.0,3.0,49763124,33927376,0,0,
1789586409.1,0.0,0.0,0.0,3.0,49763124,33927376,0,0,
1789586411.1,0.0,0.0,0.0,3.0,49763124,33927376,0,0,
1789586413.1,0.0,0.0,0.0,3.0,49763124,33927376,0,0,
1789586415.2,0.0,0.0,0.0,3.0,49763124,33927376,0,0,
1789586417.2,0.0,0.0,0.0,3.0,49763124,33927376,0,0,
1789586419.2,0.0,0.0,0.0,3.0,49763124,33927376,0,0,
1789586421.2,0.0,0.0,0.0,3.0,49763124,33927376,0,0,
1789586423.2,0.0,0.0,0.0,3.0,49763124,33927376,0,0,
1789586425.3,0.0,0.0,0.0,3.0,49763124,33927376,0,0,
1789586427.3,0.0,0.0,0.0,3.0,49763124,33927376,0,0,
1789586429.3,0.0,0.0,0.0,3.0,49763124,33927376,0,0,
1789586431.3,0.0,0.0,0.0,3.0,49763124,33927376,0,0,
1789586433.3,0.0,0.0,0.0,3.0,49763124,33927376,0,0,
1789586435.4,0.0,0.0,0.0,3.0,49763124,33927376,0,0,
1789586437.4,0.0,0.0,0.0,3.0,49763124,33927376,0,0,
1789586439.4,0.0,0.0,0.0,3.0,49763124,33927376,0,0,
1789586441.4,0.0,0.0,0.0,3.0,49763124,33927376,0,0,
1789586443.4,0.0,0.0,0.0,3.0,49763124,33927376,0,0,
1789586445.5,0.0,0.0,0.0,3.0,49763124,33927376,0,0,
1789586447.5,0.0,0.0,0.0,3.0,49763124,33927376,0,0,
1789586449.5,0.0,0.0,0.0,3.0,49763124,33927376,0,0,
1789586451.5,0.0,0.0,0.0,3.0,49763124,33927376,0,0,
1789586453.5,0.0,0.0,0.0,3.0,49763124,33927376,0,0,
1789586455.6,0.0,0.0,0.0,3.0,49763124,33927376,0,0,
1789586457.6,0.0,0.0,0.0,3.0,49763124,33927376,0,0,
1789586459.6,0.0,0.0,0.0,3.0,49763124,33927376,0,0,
1789586461.6,0.0,0.0,0.0,3.0,49763124,33927376,0,0,
1789586463.6,0.0,0.0,0.0,3.0,49763124,33927376,0,0,
1789586465.7,0.0,0.0,0.0,3.0,49763124,33927376,0,0,
1789586467.7,0.0,0.0,0.0,3.0,49763124,33927376,0,0,
1789586469.7,0.0,0.0,0.0,3.0,49763124,33927376,0,0,
1789586471.7,0.0,0.0,0.0,3.0,49763124,33927376,0,0,
1789586473.7,0.0,0.0,0.0,3.0,49763124,33927376,0,0,
1789586475.8,0.0,0.0,0.0,3.0,49763124,33927376,0,0,
1789586477.8,0.0,0.0,0.0,3.0,49763124,33927376,0,0,
1789586479.8,0.0,0.0,0.0,3.0,49763124,33927376,0,0,
1789586481.8,0.0,0.0,0.0,3.0,49763124,33927376,0,0,
1789586483.8,0.0,0.0,0.0,3.0,49763124,33927376,0,0,
1789586485.9,0.0,0.0,0.0,3.0,49763124,33927376,0,0,
1789586487.9,0.0,0.0,0.0,3.0,49763124,33927376,0,0,
1789586489.9,0.0,0.0,0.0,3.0,49763124,33927376,0,0,
1789586491.9,0.0,0.0,0.0,3.0,49763124,33927376,0,0,
1789586493.9,0.0,0.0,0.0,3.0,49763124,33927376,0,0,
1789586495.9,0.0,0.0,0.0,3.0,49763124,33927376,0,0,
1789586498.0,0.0,0.0,0.0,3.0,49763124,33927376,0,0,
1789586500.0,0.0,0.0,0.0,3.0,49763124,33927376,0,0,
1789586502.0,0.0,0.0,0.0,3.0,49763124,33927376,0,0,
1789586504.0,0.0,0.0,0.0,3.0,49763124,33927376,0,0,
1789586506.0,0.0,0.0,0.0,3.0,49763124,33927376,0,0,
1789586508.1,0.0,0.0,0.0,3.0,49763124,33927376,0,0,
1789586510.1,0.0,0.0,0.0,3.0,49763124,33927376,0,0,
1789586512.1,0.0,0.0,0.0,3.0,49763124,33927376,0,0,
1789586514.1,0.0,0.0,0.0,3.0,49763124,33927376,0,0,
1789586516.1,0.0,0.0,0.0,3.0,49763124,33927376,0,0,
1789586518.2,0.0,0.0,0.0,3.0,49763124,33927376,0,0,
1789586520.2,0.0,0.0,0.0,3.0,49763124,33927376,0,0,
1789586522.2,0.0,0.0,0.0,3.0,49763124,33927376,0,0,
1789586524.2,0.0,0.0,0.0,3.0,49763124,33927376,0,0,
1789586526.2,0.0,0.0,0.0,3.0,49763124,33927376,0,0,
1789586528.3,0.0,0.0,0.0,3.0,49763124,33927376,0,0,
1789586530.3,0.0,0.0,0.0,3.0,49763124,33927376,0,0,
1789586532.3,0.0,0.0,0.0,3.0,49763124,33927376,0,0,
1789586534.3,0.0,0.0,0.0,3.0,49763124,33927376,0,0,
1789586536.3,0.0,0.0,0.0,3.0,49763124,33927376,0,0,
1789586538.3,0.0,0.0,0.0,3.0,49763124,33927376,0,0,
1789586540.4,0.0,0.0,0.0,3.0,49763124,33927376,0,0,
1789586542.4,0.0,0.0,0.0,3.0,49763124,33927376,0,0,
1789586544.4,0.0,0.0,0.0,3.0,49763124,33927376,0,0,
1789586546.4,0.0,0.0,0.0,3.0,49763124,33927376,0,0,
1789586548.4,0.0,0.0,0.0,3.0,49763124,33927376,0,0,
1789586550.5,0.0,0.0,0.0,3.0,49763124,33927376,0,0,
1789586552.5,0.0,0.0,0.0,3.0,49763124,33927376,0,0,
1789586554.5,0.0,0.0,0.0,3.0,49763124,33927376,0,0,
1789586556.5,0.0,0.0,0.0,3.0,49763124,33927376,0,0,
1789586558.6,0.0,0.0,0.0,3.0,49763124,33927376,0,0,
1789586560.6,0.0,0.0,0.0,3.0,49763124,33927376,0,0,
1789586562.6,0.0,0.0,0.0,3.0,49763124,33927376,0,0,
1789586564.6,0.0,0.0,0.0,3.0,49763124,33927376,0,0,
1789586566.6,0.0,0.0,0.0,3.0,49763124,33927376,0,0,
1789586568.6,0.0,0.0,0.0,3.0,49763124,33927376,0,0,
1789586570.7,0.0,0.0,0.0,3.0,49763124,33927376,0,0,
1789586572.7,0.0,0.0,0.0,3.0,49763124,33927376,0,0,
1789586574.7,0.0,0.0,0.0,3.0,49763124,33927376,0,0,
1789586576.7,0.0,0.0,0.0,3.0,49763124,33927376,0,0,
1789586578.7,0.0,0.0,0.0,3.0,49763124,33927376,0,0,
1789586580.8,0.0,0.0,0.0,3.0,49763124,33927376,0,0,
1789586582.8,0.0,0.0,0.0,3.0,49763124,33927376,0,0,
1789586584.8,0.0,0.0,0.0,3.0,49763124,33927376,0,0,
1789586586.8,0.0,0.0,0.0,3.0,49763124,33927376,0,0,
1789586588.8,0.0,0.0,0.0,3.0,49763124,33927376,0,0,
1789586590.9,0.0,0.0,0.0,3.0,49763124,33927376,0,0,
1789586592.9,0.0,0.0,0.0,3.0,49763124,33927376,0,0,
1789586594.9,0.0,0.0,0.0,3.0,49763124,33927376,0,0,
1789586596.9,0.0,0.0,0.0,3.0,49763124,33927376,0,0,
1789586598.9,0.0,0.0,0.0,3.0,49763124,33927376,0,0,
1789586601.0,0.0,0.0,0.0,3.0,49763124,33927376,0,0,
1789586603.0,0.0,0.0,0.0,3.0,49763124,33927376,0,0,
1789586605.0,0.0,0.0,0.0,3.0,49763124,33927376,0,0,
1789586607.0,0.0,0.0,0.0,3.0,49763124,33927376,0,0,
1789586609.0,0.0,0.0,0.0,3.0,49763124,33927376,0,0,
1789586611.1,0.0,0.0,0.0,3.0,49763124,33927376,0,0,
1789586613.1,0.0,0.0,0.0,3.0,49763124,33927376,0,0,
1789586615.1,0.0,0.0,0.0,3.0,49763124,33927376,0,0,
1789586617.1,0.0,0.0,0.0,3.0,49763124,33927376,0,0,
1789586619.1,0.0,0.0,0.0,3.0,49763124,33927376,0,0,
1789586621.1,0.0,0.0,0.0,3.0,49763124,33927376,0,0,
1789586623.2,0.0,0.0,0.0,3.0,49763124,33927376,0,0,
1789586625.2,0.0,0.0,0.0,3.0,49763124,33927376,0,0,
1789586627.2,0.0,0.0,0.0,3.0,49763124,33927376,0,0,
1789586629.2,0.0,0.0,0.0,3.0,49763124,33927376,0,0,
1789586631.2,0.0,0.0,0.0,3.0,49763124,33927376,0,0,
1789586633.3,0.0,0.0,0.0,3.0,49763124,33927376,0,0,
1789586635.3,0.0,0.0,0.0,3.0,49763124,33927376,0,0,
1789586637.3,0.0,0.0,0.0,3.0,49763124,33927376,0,0,
1789586639.3,0.0,0.0,0.0,3.0,49763124,33927376,0,0,
1789586641.3,0.0,0.0,0.0,3.0,49763124,33927376,0,0,
1789586643.4,0.0,0.0,0.0,3.0,49763124,33927376,0,0,
1789586645.4,0.0,0.0,0.0,3.0,49763124,33927376,0,0,
1789586647.4,0.0,0.0,0.0,3.0,49763124,33927376,0,0,
1789586649.4,0.0,0.0,0.0,3.0,49763124,33927376,0,0,
1789586651.4,0.0,0.0,0.0,3.0,49763124,33927376,0,0,
1789586653.5,0.0,0.0,0.0,3.0,49763124,33927376,0,0,
1789586655.5,0.0,0.0,0.0,3.0,49763124,33927376,0,0,
1789586657.5,0.0,0.0,0.0,3.0,49763124,33927376,0,0,
1789586659.5,0.0,0.0,0.0,3.0,49763124,33927376,0,0,
1789586661.5,0.0,0.0,0.0,3.0,49763124,33927376,0,0,
1789586663.6,0.0,0.0,0.0,3.0,49763124,33927376,0,0,
1789586665.6,0.0,0.0,0.0,3.0,49763124,33927376,0,0,
1789586667.6,0.0,0.0,0.0,3.0,49763124,33927376,0,0,
1789586669.6,0.0,0.0,0.0,3.0,49763124,33927376,0,0,
1789586671.6,0.0,0.0,0.0,3.0,49763124,33927376,0,0,
1789586673.7,0.0,0.0,0.0,3.0,49763124,33927376,0,0,
1789586675.7,0.0,0.0,0.0,3.0,49763124,33927376,0,0,
1789586677.7,0.0,0.0,0.0,3.0,49763124,33927376,0,0,
1789586679.7,0.0,0.0,0.0,3.0,49763124,33927376,0,0,
1789586681.7,0.0,0.0,0.0,3.0,49763124,33927376,0,0,
1789586683.7,0.0,0.0,0.0,3.0,49763124,33927376,0,0,
1789586685.8,0.0,0.0,0.0,3.0,49763124,33927376,0,0,
1789586687.8,0.0,0.0,0.0,3.0,49763124,33927376,0,0,
1789586689.8,0.0,0.0,0.0,3.0,49763124,33927376,0,0,
1789586691.8,0.0,0.0,0.0,3.0,49763124,33927376,0,0,
1789586693.8,0.0,0.0,0.0,3.0,49763124,33927376,0,0,
1789586695.9,0.0,0.0,0.0,3.0,49763124,33927376,0,0,
1789586697.9,0.0,0.0,0.0,3.0,49763124,33927376,0,0,
1789586699.9,0.0,0.0,0.0,3.0,49763124,33927376,0,0,
1789586701.9,0.0,0.0,0.0,3.0,49763124,33927376,0,0,
1789586703.9,0.0,0.0,0.0,3.0,49763124,33927376,0,0,
1789586706.0,0.0,0.0,0.0,3.0,49763124,33927376,0,0,
1789586708.0,0.0,0.0,0.0,3.0,49763124,33927376,0,0,
1789586710.0,0.0,0.0,0.0,3.0,49763124,33927376,0,0,
1789586712.0,0.0,0.0,0.0,3.0,49763124,33927376,0,0,
1789586714.0,0.0,0.0,0.0,3.0,49763124,33927376,0,0,
1789586716.1,0.0,0.0,0.0,3.0,49763124,33927376,0,0,
1789586718.1,0.0,0.0,0.0,3.0,49763124,33927376,0,0,
1789586720.1,0.0,0.0,0.0,3.0,49763124,33927376,0,0,
1789586722.1,0.0,0.0,0.0,3.0,49763124,33927376,0,0,
1789586724.1,0.0,0.0,0.0,3.0,49763124,33927376,0,0,
1789586726.2,0.0,0.0,0.0,3.0,49763124,33927376,0,0,
1789586728.2,0.0,0.0,0.0,3.0,49763124,33927376,0,0,
1789586730.2,0.0,0.0,0.0,3.0,49763124,33927376,0,0,
1789586732.2,0.0,0.0,0.0,3.0,49763124,33927376,0,0,
1789586734.2,0.0,0.0,0.0,3.0,49763124,33927376,0,0,
1789586736.3,0.0,0.0,0.0,3.0,49763124,33927376,0,0,
1789586738.3,0.0,0.0,0.0,3.0,49763124,33927376,0,0,
1789586740.3,0.0,0.0,0.0,3.0,49763124,33927376,0,0,
1789586742.3,0.0,0.0,0.0,3.0,49763124,33927376,0,0,
1789586744.3,0.0,0.0,0.0,3.0,49763124,33927376,0,0,
1789586746.4,0.0,0.0,0.0,3.0,49763124,33927376,0,0,
1789586748.4,0.0,0.0,0.0,3.0,49763124,33927376,0,0,
1789586750.4,0.0,0.0,0.0,3.0,49763124,33927376,0,0,
1789586752.4,0.0,0.0,0.0,3.0,49763124,33927376,0,0,
1789586754.4,0.0,0.0,0.0,3.0,49763124,33927376,0,0,
1789586756.4,0.0,0.0,0.0,3.0,49763124,33927376,0,0,
1789586758.5,0.0,0.0,0.0,3.0,49763124,33927376,0,0,
1789586760.5,0.0,0.0,0.0,3.0,49763124,33927376,0,0,
1789586762.5,0.0,0.0,0.0,3.0,49763124,33927376,0,0,
1789586764.5,0.0,0.0,0.0,3.0,49763124,33927376,0,0,
1789586766.6,0.0,0.0,0.0,3.0,49763124,33927376,0,0,
1789586768.6,0.0,0.0,0.0,3.0,49763124,33927376,0,0,
1789586770.6,0.0,0.0,0.0,3.0,49763124,33927376,0,0,
1789586772.6,0.0,0.0,0.0,3.0,49763124,33927376,0,0,
1789586774.6,0.0,0.0,0.0,3.0,49763124,33927376,0,0,
1789586776.6,0.0,0.0,0.0,3.0,49763124,33927376,0,0,
1789586778.7,0.0,0.0,0.0,3.0,49763124,33927376,0,0,
1789586780.7,0.0,0.0,0.0,3.0,49763124,33927376,0,0,
1789586782.7,0.0,0.0,0.0,3.0,49763124,33927376,0,0,
1789586784.7,0.0,0.0,0.0,3.0,49763124,33927376,0,0,
1789586786.7,0.0,0.0,0.0,3.0,49763124,33927376,0,0,
1789586788.8,0.0,0.0,0.0,3.0,49763124,33927376,0,0,
1789586790.8,0.0,0.0,0.0,3.0,49763124,33927376,0,0,
1789586792.8,0.0,0.0,0.0,3.0,49763124,33927376,0,0,
1789586794.8,0.0,0.0,0.0,3.0,49763124,33927376,0,0,
1789586796.8,0.0,0.0,0.0,3.0,49763124,33927376,0,0,
1789586798.9,0.0,0.0,0.0,3.0,49763124,33927376,0,0,
1789586800.9,0.0,0.0,0.0,3.0,49763124,33927376,0,0,
1789586802.9,0.0,0.0,0.0,3.0,49763124,33927376,0,0,
1789586804.9,0.0,0.0,0.0,3.0,49763124,33927376,0,0,
1789586806.9,0.0,0.0,0.0,3.0,49763124,33927376,0,0,
1789586809.0,0.0,0.0,0.0,3.0,49763124,33927376,0,0,
1789586811.0,0.0,0.0,0.0,3.0,49763124,33927376,0,0,
1789586813.0,0.0,0.0,0.0,3.0,49763124,33927376,0,0,
1789586815.0,0.0,0.0,0.0,3.0,49763124,33927376,0,0,
1789586817.0,0.0,0.0,0.0,3.0,49763124,33927376,0,0,
1789586819.1,0.0,0.0,0.0,3.0,49763124,33927376,0,0,
1789586821.1,0.0,0.0,0.0,3.0,49763124,33927376,0,0,
1789586823.1,0.0,0.0,0.0,3.0,49763124,33927376,0,0,
1789586825.1,0.0,0.0,0.0,3.0,49763124,33927376,0,0,
1789586827.1,0.0,0.0,0.0,3.0,49763124,33927376,0,0,
1789586829.1,0.0,0.0,0.0,3.0,49763124,33927376,0,0,
1789586831.2,0.0,0.0,0.0,3.0,49763124,33927376,0,0,
1789586833.2,0.0,0.0,0.0,3.0,49763124,33927376,0,0,
1789586835.2,0.0,0.0,0.0,3.0,49763124,33927376,0,0,
1789586837.2,0.0,0.0,0.0,3.0,49763124,33927376,0,0,
1789586839.2,0.0,0.0,0.0,3.0,49763124,33927376,0,0,
1789586841.3,0.0,0.0,0.0,3.0,49763124,33927376,0,0,
1789586843.3,0.0,0.0,0.0,3.0,49763124,33927376,0,0,
1789586845.3,0.0,0.0,0.0,3.0,49763124,33927376,0,0,
1789586847.3,0.0,0.0,0.0,3.0,49763124,33927376,0,0,
1789586849.3,0.0,0.0,0.0,3.0,49763124,33927376,0,0,
1789586851.4,0.0,0.0,0.0,3.0,49763124,33927376,0,0,
1789586853.4,0.0,0.0,0.0,3.0,49763124,33927376,0,0,
1789586855.4,0.0,0.0,0.0,3.0,49763124,33927376,0,0,
1789586857.4,0.0,0.0,0.0,3.0,49763124,33927376,0,0,
1789586859.4,0.0,0.0,0.0,3.0,49763124,33927376,0,0,
1789586861.5,0.0,0.0,0.0,3.0,49763124,33927376,0,0,
1789586863.5,0.0,0.0,0.0,3.0,49763124,33927376,0,0,
1789586865.5,0.0,0.0,0.0,3.0,49763124,33927376,0,0,
1789586867.5,0.0,0.0,0.0,3.0,49763124,33927376,0,0,
1789586869.5,0.0,0.0,0.0,3.0,49763124,33927376,0,0,
1789586871.6,0.0,0.0,0.0,3.0,49763124,33927376,0,0,
1789586873.6,0.0,0.0,0.0,3.0,49763124,33927376,0,0,
1789586875.6,0.0,0.0,0.0,3.0,49763124,33927376,0,0,
1789586877.6,0.0,0.0,0.0,3.0,49763124,33927376,0,0,
1789586879.6,0.0,0.0,0.0,3.0,49763124,33927376,0,0,
1789586881.7,0.0,0.0,0.0,3.0,49763124,33927376,0,0,
1789586883.7,0.0,0.0,0.0,3.0,49763124,33927376,0,0,
1789586885.7,0.0,0.0,0.0,3.0,49763124,33927376,0,0,
1789586887.7,0.0,0.0,0.0,3.0,49763124,33927376,0,0,
1789586889.7,0.0,0.0,0.0,3.0,49763124,33927376,0,0,
1789586891.8,0.0,0.0,0.0,3.0,49763124,33927376,0,0,
1789586893.8,0.0,0.0,0.0,3.0,49763124,33927376,0,0,
1789586895.8,0.0,0.0,0.0,3.0,49763124,33927376,0,0,
1789586897.8,0.0,0.0,0.0,3.0,49763124,33927376,0,0,
1789586899.8,0.0,0.0,0.0,3.0,49763124,33927376,0,0,
1789586901.9,0.0,0.0,0.0,3.0,49763124,33927376,0,0,
1789586903.9,0.0,0.0,0.0,3.0,49763124,33927376,0,0,
1789586905.9,0.0,0.0,0.0,3.0,49763124,33927376,0,0,
1789586907.9,0.0,0.0,0.0,3.0,49763124,33927376,0,0,
1789586909.9,0.0,0.0,0.0,3.0,49763124,33927376,0,0,
1789586911.9,0.0,0.0,0.0,3.0,49763124,33927376,0,0,
1789586914.0,0.0,0.0,0.0,3.0,49763124,33927376,0,0,
1789586916.0,0.0,0.0,0.0,3.0,49763124,33927376,0,0,
1789586918.0,0.0,0.0,0.0,3.0,49763124,33927376,0,0,
1789586920.0,0.0,0.0,0.0,3.0,49763124,33927376,0,0,
1789586922.0,0.0,0.0,0.0,3.0,49763124,33927376,0,0,
1789586924.1,0.0,0.0,0.0,3.0,49763124,33927376,0,0,
1789586926.1,0.0,0.0,0.0,3.0,49763124,33927376,0,0,
1789586928.1,0.0,0.0,0.0,3.0,49763124,33927376,0,0,
1789586930.1,0.0,0.0,0.0,3.0,49763124,33927376,0,0,
1789586932.1,0.0,0.0,0.0,3.0,49763124,33927376,0,0,
1789586934.2,0.0,0.0,0.0,3.0,49763124,33927376,0,0,
1789586936.2,0.0,0.0,0.0,3.0,49763124,33927376,0,0,
1789586938.2,0.0,0.0,0.0,3.0,49763124,33927376,0,0,
1789586940.2,0.0,0.0,0.0,3.0,49763124,33927376,0,0,
1789586942.2,0.0,0.0,0.0,3.0,49763124,33927376,0,0,
1789586944.3,0.0,0.0,0.0,3.0,49763124,33927376,0,0,
1789586946.3,0.0,0.0,0.0,3.0,49763124,33927376,0,0,
1789586948.3,0.0,0.0,0.0,3.0,49763124,33927376,0,0,
1789586950.3,0.0,0.0,0.0,3.0,49763124,33927376,0,0,
1789586952.3,0.0,0.0,0.0,3.0,49763124,33927376,0,0,
1789586954.4,0.0,0.0,0.0,3.0,49763124,33927376,0,0,
1789586956.4,0.0,0.0,0.0,3.0,49763124,33927376,0,0,
1789586958.4,0.0,0.0,0.0,3.0,49763124,33927376,0,0,
1789586960.4,0.0,0.0,0.0,3.0,49763124,33927376,0,0,
1789586962.4,0.0,0.0,0.0,3.0,49763124,33927376,0,0,
1789586964.4,0.0,0.0,0.0,3.0,49763124,33927376,0,0,
1789586966.5,0.0,0.0,0.0,3.0,49763124,33927376,0,0,
1789586968.5,0.0,0.0,0.0,3.0,49763124,33927376,0,0,
1789586970.5,0.0,0.0,0.0,3.0,49763124,33927376,0,0,
1789586972.5,0.0,0.0,0.0,3.0,49763124,33927376,0,0,
1789586974.5,0.0,0.0,0.0,3.0,49763124,33927376,0,0,
1789586976.6,0.0,0.0,0.0,3.0,49763124,33927376,0,0,
1789586978.6,0.0,0.0,0.0,3.0,49763124,33927376,0,0,
1789586980.6,0.0,0.0,0.0,3.0,49763124,33927376,0,0,
1789586982.6,0.0,0.0,0.0,3.0,49763124,33927376,0,0,
1789586984.6,0.0,0.0,0.0,3.0,49763124,33927376,0,0,
1789586986.7,0.0,0.0,0.0,3.0,49763124,33927376,0,0,
1789586988.7,0.0,0.0,0.0,3.0,49763124,33927376,0,0,
1789586990.7,0.0,0.0,0.0,3.0,49763124,33927376,0,0,
1789586992.7,0.0,0.0,0.0,3.0,49763124,33927376,0,0,
1789586994.7,0.0,0.0,0.0,3.0,49763124,33927376,0,0,
1789586996.8,0.0,0.0,0.0,3.0,49763124,33927376,0,0,
1789586998.8,0.0,0.0,0.0,3.0,49763124,33927376,0,0,
1789587000.8,0.0,0.0,0.0,3.0,49763124,33927376,0,0,
1789587002.8,0.0,0.0,0.0,3.0,49763124,33927376,0,0,
1789587004.8,0.0,0.0,0.0,3.0,49763124,33927376,0,0,
1789587006.9,0.0,0.0,0.0,3.0,49763124,33927376,0,0,
1789587008.9,0.0,0.0,0.0,3.0,49763124,33927376,0,0,
1789587010.9,0.0,0.0,0.0,3.0,49763124,33927376,0,0,
1789587012.9,0.0,0.0,0.0,3.0,49763124,33927376,0,0,
1789587014.9,0.0,0.0,0.0,3.0,49763124,33927376,0,0,
1789587016.9,0.0,0.0,0.0,3.0,49763124,33927376,0,0,
1789587019.0,0.0,0.0,0.0,3.0,49763124,33927376,0,0,
1789587021.0,0.0,0.0,0.0,3.0,49763124,33927376,0,0,
1789587023.0,0.0,0.0,0.0,3.0,49763124,33927376,0,0,
1789587025.0,0.0,0.0,0.0,3.0,49763124,33927376,0,0,
1789587027.0,0.0,0.0,0.0,3.0,49763124,33927376,0,0,
1789587029.1,0.0,0.0,0.0,3.0,49763124,33927376,0,0,
1789587031.1,0.0,0.0,0.0,3.0,49763124,33927376,0,0,
1789587033.1,0.0,0.0,0.0,3.0,49763124,33927376,0,0,
1789587035.1,0.0,0.0,0.0,3.0,49763124,33927376,0,0,
1789587037.1,0.0,0.0,0.0,3.0,49763124,33927376,0,0,
1789587039.2,0.0,0.0,0.0,3.0,49763124,33927376,0,0,
1789587041.2,0.0,0.0,0.0,3.0,49763124,33927376,0,0,
1789587043.2,0.0,0.0,0.0,3.0,49763124,33927376,0,0,
1789587045.2,0.0,0.0,0.0,3.0,49763124,33927376,0,0,
1789587047.2,0.0,0.0,0.0,3.0,49763124,33927376,0,0,
1789587049.3,0.0,0.0,0.0,3.0,49763124,33927376,0,0,
1789587051.3,0.0,0.0,0.0,3.0,49763124,33927376,0,0,
1789587053.3,0.0,0.0,0.0,3.0,49763124,33927376,0,0,
1789587055.3,0.0,0.0,0.0,3.0,49763124,33927376,0,0,
1789587057.3,0.0,0.0,0.0,3.0,49763124,33927376,0,0,
1789587059.4,0.0,0.0,0.0,3.0,49763124,33927376,0,0,
1789587061.4,0.0,0.0,0.0,3.0,49763124,33927376,0,0,
1789587063.4,0.0,0.0,0.0,3.0,49763124,33927376,0,0,
1789587065.4,0.0,0.0,0.0,3.0,49763124,33927376,0,0,
1789587067.4,0.0,0.0,0.0,3.0,49763124,33927376,0,0,
1789587069.4,0.0,0.0,0.0,3.0,49763124,33927376,0,0,
1789587071.5,0.0,0.0,0.0,3.0,49763124,33927376,0,0,
1789587073.5,0.0,0.0,0.0,3.0,49763124,33927376,0,0,
1789587075.5,0.0,0.0,0.0,3.0,49763124,33927376,0,0,
1789587077.5,0.0,0.0,0.0,3.0,49763124,33927376,0,0,
1789587079.5,0.0,0.0,0.0,3.0,49763124,33927376,0,0,
1789587081.6,0.0,0.0,0.0,3.0,49763124,33927376,0,0,
1789587083.6,0.0,0.0,0.0,3.0,49763124,33927376,0,0,
1789587085.6,0.0,0.0,0.0,3.0,49763124,33927376,0,0,
1789587087.6,0.0,0.0,0.0,3.0,49763124,33927376,0,0,
1789587089.6,0.0,0.0,0.0,3.0,49763124,33927376,0,0,
1789587091.7,0.0,0.0,0.0,3.0,49763124,33927376,0,0,
1789587093.7,0.0,0.0,0.0,3.0,49763124,33927376,0,0,
1789587095.7,0.0,0.0,0.0,3.0,49763124,33927376,0,0,
1789587097.7,0.0,0.0,0.0,3.0,49763124,33927376,0,0,
1789587099.7,0.0,0.0,0.0,3.0,49763124,33927376,0,0,
1789587101.8,0.0,0.0,0.0,3.0,49763124,33927376,0,0,
1789587103.8,0.0,0.0,0.0,3.0,49763124,33927376,0,0,
1789587105.8,0.0,0.0,0.0,3.0,49763124,33927376,0,0,
1789587107.8,0.0,0.0,0.0,3.0,49763124,33927376,0,0,
1789587109.8,0.0,0.0,0.0,3.0,49763124,33927376,0,0,
1789587111.9,0.0,0.0,0.0,3.0,49763124,33927376,0,0,
1789587113.9,0.0,0.0,0.0,3.0,49763124,33927376,0,0,
1789587115.9,0.0,0.0,0.0,3.0,49763124,33927376,0,0,
1789587117.9,0.0,0.0,0.0,3.0,49763124,33927376,0,0,
1789587119.9,0.0,0.0,0.0,3.0,49763124,33927376,0,0,
1789587122.0,0.0,0.0,0.0,3.0,49763124,33927376,0,0,
1789587124.0,0.0,0.0,0.0,3.0,49763124,33927376,0,0,
1789587126.0,0.0,0.0,0.0,3.0,49763124,33927376,0,0,
1789587128.0,0.0,0.0,0.0,3.0,49763124,33927376,0,0,
1789587130.0,0.0,0.0,0.0,3.0,49763124,33927376,0,0,
1789587132.1,0.0,0.0,0.0,3.0,49763124,33927376,0,0,
1789587134.1,0.0,0.0,0.0,3.0,49763124,33927376,0,0,
1789587136.1,0.0,0.0,0.0,3.0,49763124,33927376,0,0,
1789587138.1,0.0,0.0,0.0,3.0,49763124,33927376,0,0,
1789587140.1,0.0,0.0,0.0,3.0,49763124,33927376,0,0,
1789587142.2,0.0,0.0,0.0,3.0,49763124,33927376,0,0,
1789587144.2,0.0,0.0,0.0,3.0,49763124,33927376,0,0,
1789587146.2,0.0,0.0,0.0,3.0,49763124,33927376,0,0,
1789587148.2,0.0,0.0,0.0,3.0,49763124,33927376,0,0,
1789587150.2,0.0,0.0,0.0,3.0,49763124,33927376,0,0,
1789587152.3,0.0,0.0,0.0,3.0,49763124,33927376,0,0,
1789587154.3,0.0,0.0,0.0,3.0,49763124,33927376,0,0,
1789587156.3,0.0,0.0,0.0,3.0,49763124,33927376,0,0,
1789587158.3,0.0,0.0,0.0,3.0,49763124,33927376,0,0,
1789587160.3,0.0,0.0,0.0,3.0,49763124,33927376,0,0,
1789587162.4,0.0,0.0,0.0,3.0,49763124,33927376,0,0,
1789587164.4,0.0,0.0,0.0,3.0,49763124,33927376,0,0,
1789587166.4,0.0,0.0,0.0,3.0,49763124,33927376,0,0,
1789587168.4,0.0,0.0,0.0,3.0,49763124,33927376,0,0,
1789587170.4,0.0,0.0,0.0,3.0,49763124,33927376,0,0,
1789587172.5,0.0,0.0,0.0,3.0,49763124,33927376,0,0,
1789587174.5,0.0,0.0,0.0,3.0,49763124,33927376,0,0,
1789587176.5,0.0,0.0,0.0,3.0,49763124,33927376,0,0,
1789587178.5,0.0,0.0,0.0,3.0,49763124,33927376,0,0,
1789587180.5,0.0,0.0,0.0,3.0,49763124,33927376,0,0,
1789587182.6,0.0,0.0,0.0,3.0,49763124,33927376,0,0,
1789587184.6,0.0,0.0,0.0,3.0,49763124,33927376,0,0,
1789587186.6,0.0,0.0,0.0,3.0,49763124,33927376,0,0,
1789587188.6,0.0,0.0,0.0,3.0,49763124,33927376,0,0,
1789587190.6,0.0,0.0,0.0,3.0,49763124,33927376,0,0,
1789587192.7,0.0,0.0,0.0,3.0,49763124,33927376,0,0,
1789587194.7,0.0,0.0,0.0,3.0,49763124,33927376,0,0,
1789587196.7,0.0,0.0,0.0,3.0,49763124,33927376,0,0,
1789587198.7,0.0,0.0,0.0,3.0,49763124,33927376,0,0,
1789587200.7,0.0,0.0,0.0,3.0,49763124,33927376,0,0,
1789587202.7,0.0,0.0,0.0,3.0,49763124,33927376,0,0,
1789587204.8,0.0,0.0,0.0,3.0,49763124,33927376,0,0,
1789587206.8,0.0,0.0,0.0,3.0,49763124,33927376,0,0,
1789587208.8,0.0,0.0,0.0,3.0,49763124,33927376,0,0,
1789587210.8,0.0,0.0,0.0,3.0,49763124,33927376,0,0,
1789587212.8,0.0,0.0,0.0,3.0,49763124,33927376,0,0,
1789587214.9,0.0,0.0,0.0,3.0,49763124,33927376,0,0,
1789587216.9,0.0,0.0,0.0,3.0,49763124,33927376,0,0,
1789587218.9,0.0,0.0,0.0,3.0,49763124,33927376,0,0,
1789587220.9,0.0,0.0,0.0,3.0,49763124,33927376,0,0,
1789587222.9,0.0,0.0,0.0,3.0,49763124,33927376,0,0,
1789587225.0,0.0,0.0,0.0,3.0,49763124,33927376,0,0,
1789587227.0,0.0,0.0,0.0,3.0,49763124,33927376,0,0,
1789587229.0,0.0,0.0,0.0,3.0,49763124,33927376,0,0,
1789587231.0,0.0,0.0,0.0,3.0,49763124,33927376,0,0,
1789587233.0,0.0,0.0,0.0,3.0,49763124,33927376,0,0,
1789587235.1,0.0,0.0,0.0,3.0,49763124,33927376,0,0,
1789587237.1,0.0,0.0,0.0,3.0,49763124,33927376,0,0,
1789587239.1,0.0,0.0,0.0,3.0,49763124,33927376,0,0,
1789587241.1,0.0,0.0,0.0,3.0,49763124,33927376,0,0,
1789587243.1,0.0,0.0,0.0,3.0,49763124,33927376,0,0,
1789587245.2,0.0,0.0,0.0,3.0,49763124,33927376,0,0,
1789587247.2,0.0,0.0,0.0,3.0,49763124,33927376,0,0,
1789587249.2,0.0,0.0,0.0,3.0,49763124,33927376,0,0,
1789587251.2,0.0,0.0,0.0,3.0,49763124,33927376,0,0,
1789587253.2,0.0,0.0,0.0,3.0,49763124,33927376,0,0,
1789587255.3,0.0,0.0,0.0,3.0,49763124,33927376,0,0,
1789587257.3,0.0,0.0,0.0,3.0,49763124,33927376,0,0,
1789587259.3,0.0,0.0,0.0,3.0,49763124,33927376,0,0,
1789587261.3,0.0,0.0,0.0,3.0,49763124,33927376,0,0,
1789587263.3,0.0,0.0,0.0,3.0,49763124,33927376,0,0,
1789587265.3,0.0,0.0,0.0,3.0,49763124,33927376,0,0,
1789587267.4,0.0,0.0,0.0,3.0,49763124,33927376,0,0,
1789587269.4,0.0,0.0,0.0,3.0,49763124,33927376,0,0,
1789587271.4,0.0,0.0,0.0,3.0,49763124,33927376,0,0,
1789587273.4,0.0,0.0,0.0,3.0,49763124,33927376,0,0,
1789587275.4,0.0,0.0,0.0,3.0,49763124,33927376,0,0,
1789587277.5,0.0,0.0,0.0,3.0,49763124,33927376,0,0,
1789587279.5,0.0,0.0,0.0,3.0,49763124,33927376,0,0,
1789587281.5,0.0,0.0,0.0,3.0,49763124,33927376,0,0,
1789587283.5,0.0,0.0,0.0,3.0,49763124,33927376,0,0,
1789587285.5,0.0,0.0,0.0,3.0,49763124,33927376,0,0,
1789587287.6,0.0,0.0,0.0,3.0,49763124,33927376,0,0,
1789587289.6,0.0,0.0,0.0,3.0,49763124,33927376,0,0,
1789587291.6,0.0,0.0,0.0,3.0,49763124,33927376,0,0,
1789587293.6,0.0,0.0,0.0,3.0,49763124,33927376,0,0,
1789587295.6,0.0,0.0,0.0,3.0,49763124,33927376,0,0,
1789587297.7,0.0,0.0,0.0,3.0,49763124,33927376,0,0,
1789587299.7,0.0,0.0,0.0,3.0,49763124,33927376,0,0,
1789587301.7,0.0,0.0,0.0,3.0,49763124,33927376,0,0,
1789587303.7,0.0,0.0,0.0,3.0,49763124,33927376,0,0,
1789587305.7,0.0,0.0,0.0,3.0,49763124,33927376,0,0,
1789587307.8,0.0,0.0,0.0,3.0,49763124,33927376,0,0,
1789587309.8,0.0,0.0,0.0,3.0,49763124,33927376,0,0,
1789587311.8,0.0,0.0,0.0,3.0,49763124,33927376,0,0,
1789587313.8,0.0,0.0,0.0,3.0,49763124,33927376,0,0,
1789587315.8,0.0,0.0,0.0,3.0,49763124,33927376,0,0,
1789587317.9,0.0,0.0,0.0,3.0,49763124,33927376,0,0,
1789587319.9,0.0,0.0,0.0,3.0,49763124,33927376,0,0,
1789587321.9,0.0,0.0,0.0,3.0,49763124,33927376,0,0,
1789587323.9,0.0,0.0,0.0,3.0,49763124,33927376,0,0,
1789587325.9,0.0,0.0,0.0,3.0,49763124,33927376,0,0,
1789587327.9,0.0,0.0,0.0,3.0,49763124,33927376,0,0,
1789587330.0,0.0,0.0,0.0,3.0,49763124,33927376,0,0,
1789587332.0,0.0,0.0,0.0,3.0,49763124,33927376,0,0,
1789587334.0,0.0,0.0,0.0,3.0,49763124,33927376,0,0,
1789587336.0,0.0,0.0,0.0,3.0,49763124,33927376,0,0,
1789587338.0,0.0,0.0,0.0,3.0,49763124,33927376,0,0,
1789587340.1,0.0,0.0,0.0,3.0,49763124,33927376,0,0,
1789587342.1,0.0,0.0,0.0,3.0,49763124,33927376,0,0,
1789587344.1,0.0,0.0,0.0,3.0,49763124,33927376,0,0,
1789587346.1,0.0,0.0,0.0,3.0,49763124,33927376,0,0,
1789587348.1,0.0,0.0,0.0,3.0,49763124,33927376,0,0,
1789587350.2,0.0,0.0,0.0,3.0,49763124,33927376,0,0,
1789587352.2,0.0,0.0,0.0,3.0,49763124,33927376,0,0,
1789587354.2,0.0,0.0,0.0,3.0,49763124,33927376,0,0,
1789587356.2,0.0,0.0,0.0,3.0,49763124,33927376,0,0,
1789587358.2,0.0,0.0,0.0,3.0,49763124,33927376,0,0,
1789587360.3,0.0,0.0,0.0,3.0,49763124,33927376,0,0,
1789587362.3,0.0,0.0,0.0,3.0,49763124,33927376,0,0,
1789587364.3,0.0,0.0,0.0,3.0,49763124,33927376,0,0,
1789587366.3,0.0,0.0,0.0,3.0,49763124,33927376,0,0,
1789587368.3,0.0,0.0,0.0,3.0,49763124,33927376,0,0,
1789587370.4,0.0,0.0,0.0,3.0,49763124,33927376,0,0,
1789587372.4,0.0,0.0,0.0,3.0,49763124,33927376,0,0,
1789587374.4,0.0,0.0,0.0,3.0,49763124,33927376,0,0,
1789587376.4,0.0,0.0,0.0,3.0,49763124,33927376,0,0,
1789587378.4,0.0,0.0,0.0,3.0,49763124,33927376,0,0,
1789587380.5,0.0,0.0,0.0,3.0,49763124,33927376,0,0,
1789587382.5,0.0,0.0,0.0,3.0,49763124,33927376,0,0,
1789587384.5,0.0,0.0,0.0,3.0,49763124,33927376,0,0,
1789587386.5,0.0,0.0,0.0,3.0,49763124,33927376,0,0,
1789587388.5,0.0,0.0,0.0,3.0,49763124,33927376,0,0,
1789587390.6,0.0,0.0,0.0,3.0,49763124,33927376,0,0,
1789587392.6,0.0,0.0,0.0,3.0,49763124,33927376,0,0,
1789587394.6,0.0,0.0,0.0,3.0,49763124,33927376,0,0,
1789587396.6,0.0,0.0,0.0,3.0,49763124,33927376,0,0,
1789587398.6,0.0,0.0,0.0,3.0,49763124,33927376,0,0,
1789587400.6,0.0,0.0,0.0,3.0,49763124,33927376,0,0,
1789587402.7,0.0,0.0,0.0,3.0,49763124,33927376,0,0,
1789587404.7,0.0,0.0,0.0,3.0,49763124,33927376,0,0,
1789587406.7,0.0,0.0,0.0,3.0,49763124,33927376,0,0,
1789587408.7,0.0,0.0,0.0,3.0,49763124,33927376,0,0,
1789587410.8,0.0,0.0,0.0,3.0,49763124,33927376,0,0,
1789587412.8,0.0,0.0,0.0,3.0,49763124,33927376,0,0,
1789587414.8,0.0,0.0,0.0,3.0,49763124,33927376,0,0,
1789587416.8,0.0,0.0,0.0,3.0,49763124,33927376,0,0,
1789587418.8,0.0,0.0,0.0,3.0,49763124,33927376,0,0,
1789587420.9,0.0,0.0,0.0,3.0,49763124,33927376,0,0,
1789587422.9,0.0,0.0,0.0,3.0,49763124,33927376,0,0,
1789587424.9,0.0,0.0,0.0,3.0,49763124,33927376,0,0,
1789587426.9,0.0,0.0,0.0,3.0,49763124,33927376,0,0,
1789587428.9,0.0,0.0,0.0,3.0,49763124,33927376,0,0,
1789587430.9,0.0,0.0,0.0,3.0,49763124,33927376,0,0,
1789587433.0,0.0,0.0,0.0,3.0,49763124,33927376,0,0,
1789587435.0,0.0,0.0,0.0,3.0,49763124,33927376,0,0,
1789587437.0,0.0,0.0,0.0,3.0,49763124,33927376,0,0,
1789587439.0,0.0,0.0,0.0,3.0,49763124,33927376,0,0,
1789587441.0,0.0,0.0,0.0,3.0,49763124,33927376,0,0,
1789587443.1,0.0,0.0,0.0,3.0,49763124,33927376,0,0,
1789587445.1,0.0,0.0,0.0,3.0,49763124,33927376,0,0,
1789587447.1,0.0,0.0,0.0,3.0,49763124,33927376,0,0,
1789587449.1,0.0,0.0,0.0,3.0,49763124,33927376,0,0,
1789587451.1,0.0,0.0,0.0,3.0,49763124,33927376,0,0,
1789587453.2,0.0,0.0,0.0,3.0,49763124,33927376,0,0,
1789587455.2,0.0,0.0,0.0,3.0,49763124,33927376,0,0,
1789587457.2,0.0,0.0,0.0,3.0,49763124,33927376,0,0,
1789587459.2,0.0,0.0,0.0,3.0,49763124,33927376,0,0,
1789587461.2,0.0,0.0,0.0,3.0,49763124,33927376,0,0,
1789587463.3,0.0,0.0,0.0,3.0,49763124,33927376,0,0,
1789587465.3,0.0,0.0,0.0,3.0,49763124,33927376,0,0,
1789587467.3,0.0,0.0,0.0,3.0,49763124,33927376,0,0,
1789587469.3,0.0,0.0,0.0,3.0,49763124,33927376,0,0,
1789587471.3,0.0,0.0,0.0,3.0,49763124,33927376,0,0,
1789587473.4,0.0,0.0,0.0,3.0,49763124,33927376,0,0,
1789587475.4,0.0,0.0,0.0,3.0,49763124,33927376,0,0,
1789587477.4,0.0,0.0,0.0,3.0,49763124,33927376,0,0,
1789587479.4,0.0,0.0,0.0,3.0,49763124,33927376,0,0,
1789587481.4,0.0,0.0,0.0,3.0,49763124,33927376,0,0,
1789587483.5,0.0,0.0,0.0,3.0,49763124,33927376,0,0,
1789587485.5,0.0,0.0,0.0,3.0,49763124,33927376,0,0,
1789587487.5,0.0,0.0,0.0,3.0,49763124,33927376,0,0,
1789587489.5,0.0,0.0,0.0,3.0,49763124,33927376,0,0,
1789587491.5,0.0,0.0,0.0,3.0,49763124,33927376,0,0,
1789587493.6,0.0,0.0,0.0,3.0,49763124,33927376,0,0,
1789587495.6,0.0,0.0,0.0,3.0,49763124,33927376,0,0,
1789587497.6,0.0,0.0,0.0,3.0,49763124,33927376,0,0,
1789587499.6,0.0,0.0,0.0,3.0,49763124,33927376,0,0,
1789587501.6,0.0,0.0,0.0,3.0,49763124,33927376,0,0,
1789587503.7,0.0,0.0,0.0,3.0,49763124,33927376,0,0,
1789587505.7,0.0,0.0,0.0,3.0,49763124,33927376,0,0,
1789587507.7,0.0,0.0,0.0,3.0,49763124,33927376,0,0,
1789587509.7,0.0,0.0,0.0,3.0,49763124,33927376,0,0,
1789587511.7,0.0,0.0,0.0,3.0,49763124,33927376,0,0,
1789587513.8,0.0,0.0,0.0,3.0,49763124,33927376,0,0,
1789587515.8,0.0,0.0,0.0,3.0,49763124,33927376,0,0,
1789587517.8,0.0,0.0,0.0,3.0,49763124,33927376,0,0,
1789587519.8,0.0,0.0,0.0,3.0,49763124,33927376,0,0,
1789587521.8,0.0,0.0,0.0,3.0,49763124,33927376,0,0,
1789587523.8,0.0,0.0,0.0,3.0,49763124,33927376,0,0,
1789587525.9,0.0,0.0,0.0,3.0,49763124,33927376,0,0,
1789587527.9,0.0,0.0,0.0,3.0,49763124,33927376,0,0,
1789587529.9,0.0,0.0,0.0,3.0,49763124,33927376,0,0,
1789587531.9,0.0,0.0,0.0,3.0,49763124,33927376,0,0,
1789587533.9,0.0,0.0,0.0,3.0,49763124,33927376,0,0,
1789587536.0,0.0,0.0,0.0,3.0,49763124,33927376,0,0,
1789587538.0,0.0,0.0,0.0,3.0,49763124,33927376,0,0,
1789587540.0,0.0,0.0,0.0,3.0,49763124,33927376,0,0,
1789587542.0,0.0,0.0,0.0,3.0,49763124,33927376,0,0,
