ts,programs_running,programs_idle,programs_marked,programs_paused,holds_reasoning,holds_paused,holds_new,releases_reasoning,releases_paused,releases_new,pauses_total,resumes_total,rebinds_total,starvation_promotions_total,origin_waits_total,pod_utilization,fc_queue_size,fc_queue_wait_sum,fc_queue_wait_count
1789866379.7,0.0,0.0,0.0,0.0,,,,,,,0.0,0.0,0.0,0.0,0.0,0.0,,,
1789866381.8,0.0,0.0,0.0,0.0,,,,,,,0.0,0.0,0.0,0.0,0.0,0.0,,,
1789866383.9,0.0,0.0,0.0,0.0,,,,,,,0.0,0.0,0.0,0.0,0.0,0.0,,,
1789866386.0,0.0,0.0,0.0,0.0,,,,,,,0.0,0.0,0.0,0.0,0.0,0.0,,,
1789866388.0,0.0,0.0,0.0,0.0,,,,,,,0.0,0.0,0.0,0.0,0.0,0.0,,,
1789866390.1,0.0,0.0,0.0,0.0,,,,,,,0.0,0.0,0.0,0.0,0.0,0.0,,,
1789866392.1,0.0,0.0,0.0,0.0,,,,,,,0.0,0.0,0.0,0.0,0.0,0.0,,,
1789866394.2,0.0,0.0,0.0,0.0,,,,,,,0.0,0.0,0.0,0.0,0.0,0.0,,,
1789866396.3,0.0,0.0,0.0,0.0,,,,,,,0.0,0.0,0.0,0.0,0.0,0.0,,,
1789866398.3,0.0,0.0,0.0,0.0,,,,,,,0.0,0.0,0.0,0.0,0.0,0.0,,,
1789866400.4,0.0,0.0,0.0,0.0,,,,,,,0.0,0.0,0.0,0.0,0.0,0.0,,,
1789866402.5,0.0,0.0,0.0,0.0,,,,,,,0.0,0.0,0.0,0.0,0.0,0.0,,,
1789866404.5,0.0,0.0,0.0,0.0,,,,,,,0.0,0.0,0.0,0.0,0.0,0.0,,,
1789866406.6,0.0,0.0,0.0,0.0,,,,,,,0.0,0.0,0.0,0.0,0.0,0.0,,,
1789866408.7,0.0,0.0,0.0,0.0,,,,,,,0.0,0.0,0.0,0.0,0.0,0.0,,,
1789866410.7,0.0,0.0,0.0,0.0,,,,,,,0.0,0.0,0.0,0.0,0.0,0.0,,,
1789866412.8,0.0,0.0,0.0,0.0,,,,,,,0.0,0.0,0.0,0.0,0.0,0.0,,,
1789866414.9,0.0,0.0,0.0,0.0,,,,,,,0.0,0.0,0.0,0.0,0.0,0.0,,,
1789866416.9,0.0,0.0,0.0,0.0,,,,,,,0.0,0.0,0.0,0.0,0.0,0.0,,,
1789866419.0,0.0,0.0,0.0,0.0,,,,,,,0.0,0.0,0.0,0.0,0.0,0.0,,,
1789866421.1,0.0,0.0,0.0,0.0,,,,,,,0.0,0.0,0.0,0.0,0.0,0.0,,,
1789866423.1,0.0,0.0,0.0,0.0,,,,,,,0.0,0.0,0.0,0.0,0.0,0.0,,,
1789866425.2,10.0,0.0,0.0,0.0,,,,10.0,,10.0,0.0,0.0,0.0,0.0,0.0,0.04701122912419983,,0.006097796,40.0
1789866427.6,8.0,2.0,0.0,0.0,,,,11.0,,10.0,0.0,0.0,0.0,0.0,0.0,0.047172156063369455,,0.006374776,42.0
1789866429.9,7.0,3.0,0.0,0.0,,,,14.0,,10.0,0.0,0.0,0.0,0.0,0.0,0.04968976862282302,,0.007124734,48.0
1789866432.2,8.0,2.0,0.0,0.0,,,,20.0,,10.0,0.0,0.0,0.0,0.0,0.0,0.05126193541465508,,0.008530654,60.0
1789866434.4,6.0,4.0,0.0,0.0,,,,23.0,,10.0,0.0,0.0,0.0,0.0,0.0,0.05126193541465508,,0.009148734,66.0
1789866436.8,5.0,5.0,0.0,0.0,,,,28.0,,10.0,0.0,0.0,0.0,0.0,0.0,0.05138128956120588,,0.010469614,76.0
1789866439.1,6.0,4.0,0.0,0.0,,,,34.0,,10.0,0.0,0.0,0.0,0.0,0.0,0.05208981511282767,,0.014003896,88.0
1789866441.4,6.0,4.0,0.0,0.0,,,,41.0,,10.0,0.0,0.0,0.0,0.0,0.0,0.05251850659800451,,0.015476156,102.0
1789866443.7,9.0,1.0,0.0,0.0,,,,45.0,,10.0,0.0,0.0,0.0,0.0,0.0,0.05481171548117155,,0.016491556,110.0
1789866446.0,9.0,1.0,0.0,0.0,,,,48.0,,10.0,0.0,0.0,0.0,0.0,0.0,0.055151450130529626,,0.017212956,116.0
1789866448.3,8.0,2.0,0.0,0.0,,,,49.0,,10.0,0.0,0.0,0.0,0.0,0.0,0.05549118477988771,,0.017485758,118.0
1789866450.6,9.0,1.0,0.0,0.0,,,,51.0,,10.0,0.0,0.0,0.0,0.0,0.0,0.05581303865822694,,0.0179153,122.0
1789866452.9,7.0,3.0,0.0,0.0,,,,53.0,,10.0,0.0,0.0,0.0,0.0,0.0,0.055910935879555125,,0.01833108,126.0
1789866455.2,9.0,1.0,0.0,0.0,,,,57.0,,10.0,0.0,0.0,0.0,0.0,0.0,0.05835613131638236,,0.0192686,134.0
1789866457.5,9.0,1.0,0.0,0.0,,,,62.0,,10.0,0.0,0.0,0.0,0.0,0.0,0.06013973822551229,,0.020636662,144.0
1789866459.8,7.0,3.0,0.0,0.0,,,,63.0,,10.0,0.0,0.0,0.0,0.0,0.0,0.06046159210385152,,0.021053922,146.0
1789866462.0,8.0,2.0,0.0,0.0,,,,65.0,,10.0,0.0,0.0,0.0,0.0,0.0,0.06078344598219075,,0.021519141999999998,150.0
1789866464.3,8.0,2.0,0.0,0.0,,,,65.0,,10.0,0.0,0.0,0.0,0.0,0.0,0.06110529986052999,,0.021519141999999998,150.0
1789866466.6,8.0,2.0,0.0,0.0,,,,68.0,,10.0,0.0,0.0,0.0,0.0,0.0,0.06138423988842399,,0.022286280000000002,156.0
1789866468.9,9.0,1.0,0.0,0.0,,,,75.0,,10.0,0.0,0.0,0.0,0.0,0.0,0.06185048099274041,,0.02407328,170.0
1789866471.2,9.0,1.0,0.0,0.0,,,,78.0,,10.0,0.0,0.0,0.0,0.0,0.0,0.06217233487107964,,0.024718178,176.0
1789866473.5,8.0,2.0,0.0,0.0,,,,80.0,,10.0,0.0,0.0,0.0,0.0,0.0,0.06249418874941887,,0.025201278,180.0
1789866475.8,9.0,1.0,0.0,0.0,,,,85.0,,10.0,0.0,0.0,0.0,0.0,0.0,0.06289158888531274,,0.026275836,190.0
1789866478.1,8.0,2.0,0.0,0.0,,,,88.0,,10.0,0.0,0.0,0.0,0.0,0.0,0.06307933698101062,,0.026975078,196.0
1789866480.4,8.0,2.0,0.0,0.0,,,,91.0,,10.0,0.0,0.0,0.0,0.0,0.0,0.0633184922933877,,0.027639458,202.0
1789866482.7,8.0,2.0,0.0,0.0,,,,94.0,,10.0,0.0,0.0,0.0,0.0,0.0,0.06425723277187713,,0.028236438,208.0
1789866485.0,8.0,2.0,0.0,0.0,,,,97.0,,10.0,0.0,0.0,0.0,0.0,0.0,0.06458266280442013,,0.028837998,214.0
1789866487.3,8.0,2.0,0.0,0.0,,,,99.0,,10.0,0.0,0.0,0.0,0.0,0.0,0.06641991202660659,,0.029375938,218.0
1789866489.6,8.0,2.0,0.0,0.0,,,,102.0,,10.0,0.0,0.0,0.0,0.0,0.0,0.06677037513857598,,0.030021477999999997,224.0
1789866491.9,9.0,1.0,0.0,0.0,,,,106.0,,10.0,0.0,0.0,0.0,0.0,0.0,0.06750572184672603,,0.030919620000000002,232.0
1789866494.2,10.0,0.0,0.0,0.0,,,,110.0,,10.0,0.0,0.0,0.0,0.0,0.0,0.07212119586596574,,0.031896462,240.0
1789866496.5,9.0,1.0,0.0,0.0,,,,113.0,,10.0,0.0,0.0,0.0,0.0,0.0,0.07295980402674963,,0.032596922,246.0
1789866498.8,9.0,1.0,0.0,0.0,,,,117.0,,10.0,0.0,0.0,0.0,0.0,0.0,0.07327271751957945,,0.033589802,254.0
1789866501.3,7.0,3.0,0.0,0.0,,,,120.0,,10.0,0.0,0.0,0.0,0.0,0.0,0.07369068054214498,,0.034398582000000004,260.0
1789866503.6,7.0,3.0,0.0,0.0,,,,123.0,,10.0,0.0,0.0,0.0,0.0,0.0,0.07398034903265029,,0.035222102000000005,266.0
1789866505.9,5.0,5.0,0.0,0.0,,,,125.0,,10.0,0.0,0.0,0.0,0.0,0.0,0.07428432213997067,,0.035577302000000005,270.0
1789866508.2,9.0,1.0,0.0,0.0,,,,130.0,,10.0,0.0,0.0,0.0,0.0,0.0,0.07671074276722813,,0.03661682,280.0
1789866510.5,8.0,2.0,0.0,0.0,,,,132.0,,10.0,0.0,0.0,0.0,0.0,0.0,0.0772797983049029,,0.037148520000000004,284.0
1789866512.8,8.0,2.0,0.0,0.0,,,,133.0,,10.0,0.0,0.0,0.0,0.0,0.0,0.07757483102671388,,0.0373286,286.0
1789866515.1,8.0,2.0,0.0,0.0,,,,135.0,,10.0,0.0,0.0,0.0,0.0,0.0,0.0768412723956657,,0.038049160000000005,290.0
1789866517.4,9.0,1.0,0.0,0.0,,,,137.0,,10.0,0.0,0.0,0.0,0.0,0.0,0.07798385366376998,,0.038483500000000004,294.0
1789866519.7,8.0,2.0,0.0,0.0,,,,138.0,,10.0,0.0,0.0,0.0,0.0,0.0,0.07828782677109036,,0.03875402,296.0
1789866522.0,7.0,3.0,0.0,0.0,,,,140.0,,10.0,0.0,0.0,0.0,0.0,0.0,0.07800128741551336,,0.03931292,300.0
1789866524.3,8.0,2.0,0.0,0.0,,,,145.0,,10.0,0.0,0.0,0.0,0.0,0.0,0.07800128741551336,,0.04054708,310.0
1789866526.6,7.0,3.0,0.0,0.0,,,,146.0,,10.0,0.0,0.0,0.0,0.0,0.0,0.07835532668168652,,0.04080234,312.0
1789866528.9,9.0,1.0,0.0,0.0,,,,149.0,,10.0,0.0,0.0,0.0,0.0,0.0,0.07969236133462075,,0.041660262,318.0
1789866531.2,8.0,2.0,0.0,0.0,,,,151.0,,10.0,0.0,0.0,0.0,0.0,0.0,0.07999633444194114,,0.042075984000000004,322.0
1789866533.5,9.0,1.0,0.0,0.0,,,,153.0,,10.0,0.0,0.0,0.0,0.0,0.0,0.08079515788720809,,0.042491984000000003,326.0
1789866535.8,10.0,0.0,0.0,0.0,,,,155.0,,10.0,0.0,0.0,0.0,0.0,0.0,0.08098245896363052,,0.042909984000000005,330.0
1789866538.1,9.0,1.0,0.0,0.0,,,,157.0,,10.0,0.0,0.0,0.0,0.0,0.0,0.08173970961627866,,0.043289902000000005,334.0
1789866540.4,9.0,1.0,0.0,0.0,,,,160.0,,10.0,0.0,0.0,0.0,0.0,0.0,0.0819976397382255,,0.044012482000000006,340.0
1789866542.7,10.0,0.0,0.0,0.0,,,,163.0,,10.0,0.0,0.0,0.0,0.0,0.0,0.08217689446768944,,0.044722344000000004,346.0
1789866545.1,9.0,1.0,0.0,0.0,,,,165.0,,10.0,0.0,0.0,0.0,0.0,0.0,0.08247192718950042,,0.045142084,350.0
1789866547.4,9.0,1.0,0.0,0.0,,,,166.0,,10.0,0.0,0.0,0.0,0.0,0.0,0.08276695991131137,,0.045298144,352.0
1789866549.7,9.0,1.0,0.0,0.0,,,,173.0,,10.0,0.0,0.0,0.0,0.0,0.0,0.08399313378392877,,0.046931404,366.0
1789866552.0,9.0,1.0,0.0,0.0,,,,174.0,,10.0,0.0,0.0,0.0,0.0,0.0,0.08426134534921145,,0.047302304,368.0
1789866554.3,9.0,1.0,0.0,0.0,,,,178.0,,10.0,0.0,0.0,0.0,0.0,0.0,0.0857083467439116,,0.048499404,376.0
1789866556.7,8.0,2.0,0.0,0.0,,,,179.0,,10.0,0.0,0.0,0.0,0.0,0.0,0.08585139291206237,,0.048689584,378.0
1789866559.0,9.0,1.0,0.0,0.0,,,,182.0,,10.0,0.0,0.0,0.0,0.0,0.0,0.08663591174051426,,0.049683342,384.0
1789866561.2,9.0,1.0,0.0,0.0,,,,187.0,,10.0,0.0,0.0,0.0,0.0,0.0,0.08678789829417445,,0.050597524,394.0
1789866563.5,8.0,2.0,0.0,0.0,,,,191.0,,10.0,0.0,0.0,0.0,0.0,0.0,0.08693094446232522,,0.051519982,402.0
1789866565.9,8.0,2.0,0.0,0.0,,,,191.0,,10.0,0.0,0.0,0.0,0.0,0.0,0.08707399063047598,,0.051519982,402.0
1789866568.1,8.0,2.0,0.0,0.0,,,,191.0,,10.0,0.0,0.0,0.0,0.0,0.0,0.08721703679862676,,0.051519982,402.0
1789866570.4,8.0,2.0,0.0,0.0,,,,194.0,,10.0,0.0,0.0,0.0,0.0,0.0,0.0874566391302793,,0.052384778,408.0
1789866572.7,8.0,2.0,0.0,0.0,,,,196.0,,10.0,0.0,0.0,0.0,0.0,0.0,0.08774273146658083,,0.05299706,412.0
1789866575.0,8.0,2.0,0.0,0.0,,,,198.0,,10.0,0.0,0.0,0.0,0.0,0.0,0.08802882380288238,,0.05355146,416.0
1789866577.3,7.0,3.0,0.0,0.0,,,,201.0,,10.0,0.0,0.0,0.0,0.0,0.0,0.0891910739191074,,0.05465014,422.0
1789866579.6,7.0,3.0,0.0,0.0,,,,203.0,,10.0,0.0,0.0,0.0,0.0,0.0,0.08936988162929585,,0.05521206,426.0
1789866581.9,5.0,5.0,0.0,0.0,,,,204.0,,10.0,0.0,0.0,0.0,0.0,0.0,0.08954868933948432,,0.05541394,428.0
1789866584.2,6.0,4.0,0.0,0.0,,,,206.0,,10.0,0.0,0.0,0.0,0.0,0.0,0.08971855666416335,,0.055811782,432.0
1789866586.5,6.0,4.0,0.0,0.0,,,,208.0,,10.0,0.0,0.0,0.0,0.0,0.0,0.08989736437435182,,0.056158522,436.0
1789866588.8,7.0,3.0,0.0,0.0,,,,211.0,,10.0,0.0,0.0,0.0,0.0,0.0,0.09007617208454029,,0.05684642,442.0
1789866591.1,8.0,2.0,0.0,0.0,,,,213.0,,10.0,0.0,0.0,0.0,0.0,0.0,0.09025497979472875,,0.05715222,446.0
1789866593.4,5.0,5.0,0.0,0.0,,,,214.0,,10.0,0.0,0.0,0.0,0.0,0.0,0.0904337875049172,,0.05735212,448.0
1789866595.7,6.0,4.0,0.0,0.0,,,,216.0,,10.0,0.0,0.0,0.0,0.0,0.0,0.09060365482959626,,0.05787564,452.0
1789866598.0,5.0,5.0,0.0,0.0,,,,217.0,,10.0,0.0,0.0,0.0,0.0,0.0,0.09078246253978471,,0.058127102,454.0
1789866600.3,7.0,3.0,0.0,0.0,,,,219.0,,10.0,0.0,0.0,0.0,0.0,0.0,0.09096127024997318,,0.058587182,458.0
1789866602.6,7.0,3.0,0.0,0.0,,,,222.0,,10.0,0.0,0.0,0.0,0.0,0.0,0.09113113757465222,,0.059222382,464.0
1789866604.9,6.0,4.0,0.0,0.0,,,,222.0,,10.0,0.0,0.0,0.0,0.0,0.0,0.09130994528484068,,0.059222382,464.0
1789866607.2,5.0,5.0,0.0,0.0,,,,224.0,,10.0,0.0,0.0,0.0,0.0,0.0,0.09148875299502915,,0.059680661999999995,468.0
1789866609.6,6.0,4.0,0.0,0.0,,,,226.0,,10.0,0.0,0.0,0.0,0.0,0.0,0.09166756070521762,,0.060138701999999995,472.0
1789866611.9,6.0,4.0,0.0,0.0,,,,228.0,,10.0,0.0,0.0,0.0,0.0,0.0,0.0938499088080678,,0.060543061999999995,476.0
1789866614.2,6.0,4.0,0.0,0.0,,,,231.0,,10.0,0.0,0.0,0.0,0.0,0.0,0.09372921360369059,,0.061214224,482.0
1789866616.5,6.0,4.0,0.0,0.0,,,,232.0,,10.0,0.0,0.0,0.0,0.0,0.0,0.09390802131387906,,0.06148366599999999,484.0
1789866618.9,6.0,4.0,0.0,0.0,,,,235.0,,10.0,0.0,0.0,0.0,0.0,0.0,0.09408682902406752,,0.062087725999999996,490.0
1789866621.2,6.0,4.0,0.0,0.0,,,,239.0,,10.0,0.0,0.0,0.0,0.0,0.0,0.09393707756678468,,0.063146706,498.0
1789866623.5,6.0,4.0,0.0,0.0,,,,242.0,,10.0,0.0,0.0,0.0,0.0,0.0,0.09560043629081286,,0.063810226,504.0
1789866625.8,5.0,5.0,0.0,0.0,,,,243.0,,10.0,0.0,0.0,0.0,0.0,0.0,0.09345295569144942,,0.064071466,506.0
1789866628.1,5.0,5.0,0.0,0.0,,,,245.0,,10.0,0.0,0.0,0.0,0.0,0.0,0.09345295569144942,,0.064454186,510.0
1789866630.4,6.0,4.0,0.0,0.0,,,,248.0,,10.0,0.0,0.0,0.0,0.0,0.0,0.09678771948646425,,0.065060146,516.0
1789866632.7,6.0,4.0,0.0,0.0,,,,249.0,,10.0,0.0,0.0,0.0,0.0,0.0,0.09693076565461503,,0.065282966,518.0
1789866635.0,4.0,6.0,0.0,0.0,,,,250.0,,10.0,0.0,0.0,0.0,0.0,0.0,0.09392500804634696,,0.065549726,520.0
1789866637.3,4.0,6.0,0.0,0.0,,,,254.0,,10.0,0.0,0.0,0.0,0.0,0.0,0.09392500804634696,,0.066468166,528.0
1789866639.6,4.0,6.0,0.0,0.0,,,,258.0,,10.0,0.0,0.0,0.0,0.0,0.0,0.09779843006830455,,0.067404986,536.0
1789866641.9,6.0,4.0,0.0,0.0,,,,261.0,,10.0,0.0,0.0,0.0,0.0,0.0,0.09796829739298359,,0.06803374599999999,542.0
1789866644.2,5.0,5.0,0.0,0.0,,,,263.0,,10.0,0.0,0.0,0.0,0.0,0.0,0.09461028859564424,,0.068500306,546.0
1789866646.5,6.0,4.0,0.0,0.0,,,,268.0,,10.0,0.0,0.0,0.0,0.0,0.0,0.09796695633515717,,0.069668686,556.0
1789866648.8,5.0,5.0,0.0,0.0,,,,269.0,,10.0,0.0,0.0,0.0,0.0,0.0,0.09813682365983621,,0.06998840599999999,558.0
1789866651.1,6.0,4.0,0.0,0.0,,,,273.0,,10.0,0.0,0.0,0.0,0.0,0.0,0.09830669098451525,,0.070850424,566.0
1789866653.4,5.0,5.0,0.0,0.0,,,,274.0,,10.0,0.0,0.0,0.0,0.0,0.0,0.09847655830919429,,0.071092904,568.0
1789866655.7,5.0,5.0,0.0,0.0,,,,277.0,,10.0,0.0,0.0,0.0,0.0,0.0,0.09864642563387334,,0.071829306,574.0
1789866658.0,5.0,5.0,0.0,0.0,,,,279.0,,10.0,0.0,0.0,0.0,0.0,0.0,0.09881629295855238,,0.07259054799999999,578.0
1789866660.3,6.0,4.0,0.0,0.0,,,,281.0,,10.0,0.0,0.0,0.0,0.0,0.0,0.09898616028323141,,0.07314546799999999,582.0
1789866662.6,6.0,4.0,0.0,0.0,,,,286.0,,10.0,0.0,0.0,0.0,0.0,0.0,0.09847834638629618,,0.07411744799999999,592.0
1789866664.9,6.0,4.0,0.0,0.0,,,,289.0,,10.0,0.0,0.0,0.0,0.0,0.0,0.09616993884776312,,0.074871228,598.0
1789866667.2,5.0,5.0,0.0,0.0,,,,294.0,,10.0,0.0,0.0,0.0,0.0,0.0,0.09616993884776312,,0.07586644999999999,608.0
1789866669.5,5.0,5.0,0.0,0.0,,,,296.0,,10.0,0.0,0.0,0.0,0.0,0.0,0.09616993884776312,,0.07635618999999999,612.0
1789866671.8,5.0,5.0,0.0,0.0,,,,299.0,,10.0,0.0,0.0,0.0,0.0,0.0,0.10004157279261881,,0.07701807,618.0
1789866674.1,6.0,4.0,0.0,0.0,,,,304.0,,10.0,0.0,0.0,0.0,0.0,0.0,0.11125594535636377,,0.078382892,628.0
1789866676.4,6.0,4.0,0.0,0.0,,,,305.0,,10.0,0.0,0.0,0.0,0.0,0.0,0.11129170689840145,,0.078562992,630.0
1789866678.7,5.0,5.0,0.0,0.0,,,,307.0,,10.0,0.0,0.0,0.0,0.0,0.0,0.11145263383757108,,0.07917481199999998,634.0
1789866680.9,6.0,4.0,0.0,0.0,,,,311.0,,10.0,0.0,0.0,0.0,0.0,0.0,0.11160462039123127,,0.08000100799999998,642.0
1789866683.2,5.0,5.0,0.0,0.0,,,,314.0,,10.0,0.0,0.0,0.0,0.0,0.0,0.11176554733040088,,0.08067738799999999,648.0
1789866685.6,6.0,4.0,0.0,0.0,,,,319.0,,10.0,0.0,0.0,0.0,0.0,0.0,0.11191753388406107,,0.08176980799999999,658.0
1789866687.9,6.0,4.0,0.0,0.0,,,,321.0,,10.0,0.0,0.0,0.0,0.0,0.0,0.1120784608232307,,0.08225074599999999,662.0
1789866690.1,4.0,6.0,0.0,0.0,,,,322.0,,10.0,0.0,0.0,0.0,0.0,0.0,0.11223938776240032,,0.08245662599999999,664.0
1789866692.4,4.0,6.0,0.0,0.0,,,,326.0,,10.0,0.0,0.0,0.0,0.0,0.0,0.11214238457962307,,0.08354036599999999,672.0
1789866694.8,6.0,4.0,0.0,0.0,,,,329.0,,10.0,0.0,0.0,0.0,0.0,0.0,0.11228543074777385,,0.08427178599999999,678.0
1789866697.0,4.0,6.0,0.0,0.0,,,,333.0,,10.0,0.0,0.0,0.0,0.0,0.0,0.11243741730143404,,0.085478666,686.0
1789866699.3,4.0,6.0,0.0,0.0,,,,336.0,,10.0,0.0,0.0,0.0,0.0,0.0,0.11246155634230948,,0.08604664599999999,692.0
1789866701.6,4.0,6.0,0.0,0.0,,,,338.0,,10.0,0.0,0.0,0.0,0.0,0.0,0.11261354289596967,,0.08646094599999998,696.0
1789866704.0,6.0,4.0,0.0,0.0,,,,342.0,,10.0,0.0,0.0,0.0,0.0,0.0,0.1127744698351393,,0.08740464599999999,704.0
1789866706.3,7.0,3.0,0.0,0.0,,,,346.0,,10.0,0.0,0.0,0.0,0.0,0.0,0.1129353967743089,,0.08844836399999999,712.0
1789866708.6,6.0,4.0,0.0,0.0,,,,348.0,,10.0,0.0,0.0,0.0,0.0,0.0,0.1130873833279691,,0.088855302,716.0
1789866710.9,6.0,4.0,0.0,0.0,,,,350.0,,10.0,0.0,0.0,0.0,0.0,0.0,0.11324831026713872,,0.089316524,720.0
1789866713.2,5.0,5.0,0.0,0.0,,,,350.0,,10.0,0.0,0.0,0.0,0.0,0.0,0.11340029682079891,,0.089316524,720.0
1789866715.5,5.0,5.0,0.0,0.0,,,,352.0,,10.0,0.0,0.0,0.0,0.0,0.0,0.11356122375996854,,0.089667024,724.0
1789866717.8,5.0,5.0,0.0,0.0,,,,354.0,,10.0,0.0,0.0,0.0,0.0,0.0,0.11372215069913814,,0.090120202,728.0
1789866720.1,4.0,6.0,0.0,0.0,,,,356.0,,10.0,0.0,0.0,0.0,0.0,0.0,0.11387413725279834,,0.09055728199999999,732.0
1789866722.4,4.0,6.0,0.0,0.0,,,,358.0,,10.0,0.0,0.0,0.0,0.0,0.0,0.1146559739655974,,0.09099714199999999,736.0
1789866724.8,5.0,5.0,0.0,0.0,,,,361.0,,10.0,0.0,0.0,0.0,0.0,0.0,0.11445705038801274,,0.09166656,742.0
1789866727.1,6.0,4.0,0.0,0.0,,,,362.0,,10.0,0.0,0.0,0.0,0.0,0.0,0.11461797732718235,,0.09191748,744.0
1789866729.4,5.0,5.0,0.0,0.0,,,,364.0,,10.0,0.0,0.0,0.0,0.0,0.0,0.1146421163680578,,0.09262329999999999,748.0
1789866731.7,4.0,6.0,0.0,0.0,,,,365.0,,10.0,0.0,0.0,0.0,0.0,0.0,0.11161534885384258,,0.09287184,750.0
1789866734.0,5.0,5.0,0.0,0.0,,,,368.0,,10.0,0.0,0.0,0.0,0.0,0.0,0.11161534885384258,,0.09352129999999999,756.0
1789866736.3,5.0,5.0,0.0,0.0,,,,370.0,,10.0,0.0,0.0,0.0,0.0,0.0,0.11161534885384258,,0.094175922,760.0
1789866738.7,6.0,4.0,0.0,0.0,,,,372.0,,10.0,0.0,0.0,0.0,0.0,0.0,0.11562287665844151,,0.09466228199999999,764.0
1789866740.9,6.0,4.0,0.0,0.0,,,,374.0,,10.0,0.0,0.0,0.0,0.0,0.0,0.1150976290097629,,0.095143522,768.0
1789866743.2,6.0,4.0,0.0,0.0,,,,375.0,,10.0,0.0,0.0,0.0,0.0,0.0,0.11524067517791367,,0.09543226199999999,770.0
1789866745.6,4.0,6.0,0.0,0.0,,,,376.0,,10.0,0.0,0.0,0.0,0.0,0.0,0.11201051389335909,,0.095700182,772.0
1789866747.8,5.0,5.0,0.0,0.0,,,,378.0,,10.0,0.0,0.0,0.0,0.0,0.0,0.11201051389335909,,0.096279882,776.0
1789866750.2,4.0,6.0,0.0,0.0,,,,379.0,,10.0,0.0,0.0,0.0,0.0,0.0,0.11201051389335909,,0.09650292399999999,778.0
1789866752.5,5.0,5.0,0.0,0.0,,,,383.0,,10.0,0.0,0.0,0.0,0.0,0.0,0.11211601044237028,,0.097430644,786.0
1789866754.8,4.0,6.0,0.0,0.0,,,,384.0,,10.0,0.0,0.0,0.0,0.0,0.0,0.11211601044237028,,0.097677404,788.0
1789866757.1,5.0,5.0,0.0,0.0,,,,385.0,,10.0,0.0,0.0,0.0,0.0,0.0,0.11211601044237028,,0.097922704,790.0
1789866759.4,5.0,5.0,0.0,0.0,,,,387.0,,10.0,0.0,0.0,0.0,0.0,0.0,0.11211601044237028,,0.09896324399999999,794.0
1789866761.7,5.0,5.0,0.0,0.0,,,,387.0,,10.0,0.0,0.0,0.0,0.0,0.0,0.11211601044237028,,0.09896324399999999,794.0
1789866764.0,4.0,6.0,0.0,0.0,,,,389.0,,10.0,0.0,0.0,0.0,0.0,0.0,0.11211601044237028,,0.099416124,798.0
1789866766.3,5.0,5.0,0.0,0.0,,,,391.0,,10.0,0.0,0.0,0.0,0.0,0.0,0.11211601044237028,,0.099804304,802.0
1789866768.7,5.0,5.0,0.0,0.0,,,,392.0,,10.0,0.0,0.0,0.0,0.0,0.0,0.11211601044237028,,0.09994688399999999,804.0
1789866770.9,5.0,5.0,0.0,0.0,,,,392.0,,10.0,0.0,0.0,0.0,0.0,0.0,0.11211601044237028,,0.09994688399999999,804.0
1789866773.2,5.0,5.0,0.0,0.0,,,,393.0,,10.0,0.0,0.0,0.0,0.0,0.0,0.11211601044237028,,0.10028634399999999,806.0
1789866775.5,5.0,5.0,0.0,0.0,,,,393.0,,10.0,0.0,0.0,0.0,0.0,0.0,0.11211601044237028,,0.10028634399999999,806.0
1789866777.8,5.0,5.0,0.0,0.0,,,,395.0,,10.0,0.0,0.0,0.0,0.0,0.0,0.11211601044237028,,0.10078876399999999,810.0
1789866780.1,4.0,6.0,0.0,0.0,,,,396.0,,10.0,0.0,0.0,0.0,0.0,0.0,0.11211601044237028,,0.10098234399999999,812.0
1789866782.4,4.0,6.0,0.0,0.0,,,,397.0,,10.0,0.0,0.0,0.0,0.0,0.0,0.11211601044237028,,0.10116300399999999,814.0
1789866784.7,4.0,6.0,0.0,0.0,,,,400.0,,10.0,0.0,0.0,0.0,0.0,0.0,0.11211601044237028,,0.10171172399999999,820.0
1789866787.0,4.0,6.0,0.0,0.0,,,,402.0,,10.0,0.0,0.0,0.0,0.0,0.0,0.11211601044237028,,0.102187144,824.0
1789866789.3,4.0,6.0,0.0,0.0,,,,404.0,,10.0,0.0,0.0,0.0,0.0,0.0,0.11211601044237028,,0.102623202,828.0
1789866791.6,5.0,5.0,0.0,0.0,,,,405.0,,10.0,0.0,0.0,0.0,0.0,0.0,0.11211601044237028,,0.102844542,830.0
1789866793.9,4.0,6.0,0.0,0.0,,,,408.0,,10.0,0.0,0.0,0.0,0.0,0.0,0.11211601044237028,,0.10345876199999998,836.0
1789866796.2,4.0,6.0,0.0,0.0,,,,410.0,,10.0,0.0,0.0,0.0,0.0,0.0,0.11211601044237028,,0.10435104199999999,840.0
1789866798.5,4.0,6.0,0.0,0.0,,,,412.0,,10.0,0.0,0.0,0.0,0.0,0.0,0.11211601044237028,,0.10478965999999999,844.0
1789866800.8,4.0,6.0,0.0,0.0,,,,413.0,,10.0,0.0,0.0,0.0,0.0,0.0,0.11211601044237028,,0.10498993999999999,846.0
1789866803.1,5.0,5.0,0.0,0.0,,,,416.0,,10.0,0.0,0.0,0.0,0.0,0.0,0.11211601044237028,,0.10595684,852.0
1789866805.5,5.0,5.0,0.0,0.0,,,,418.0,,10.0,0.0,0.0,0.0,0.0,0.0,0.11211601044237028,,0.10634817799999999,856.0
1789866807.8,4.0,6.0,0.0,0.0,,,,419.0,,10.0,0.0,0.0,0.0,0.0,0.0,0.11211601044237028,,0.10666013799999999,858.0
1789866810.1,3.0,7.0,0.0,0.0,,,,420.0,,10.0,0.0,0.0,0.0,0.0,0.0,0.11211601044237028,,0.106875798,860.0
1789866812.4,3.0,7.0,0.0,0.0,,,,421.0,,10.0,0.0,0.0,0.0,0.0,0.0,0.11211601044237028,,0.107086198,862.0
1789866814.8,5.0,5.0,0.0,0.0,,,,424.0,,10.0,0.0,0.0,0.0,0.0,0.0,0.11211601044237028,,0.10811473999999999,868.0
1789866817.2,4.0,6.0,0.0,0.0,,,,424.0,,10.0,0.0,0.0,0.0,0.0,0.0,0.11211601044237028,,0.10811473999999999,868.0
1789866819.5,5.0,5.0,0.0,0.0,,,,426.0,,10.0,0.0,0.0,0.0,0.0,0.0,0.11211601044237028,,0.10863698,872.0
1789866821.7,5.0,5.0,0.0,0.0,,,,428.0,,10.0,0.0,0.0,0.0,0.0,0.0,0.11211601044237028,,0.10915641999999999,876.0
1789866824.1,5.0,5.0,0.0,0.0,,,,430.0,,10.0,0.0,0.0,0.0,0.0,0.0,0.11211601044237028,,0.109609822,880.0
1789866826.4,5.0,5.0,0.0,0.0,,,,433.0,,10.0,0.0,0.0,0.0,0.0,0.0,0.11211601044237028,,0.11019462199999999,886.0
1789866828.7,5.0,5.0,0.0,0.0,,,,434.0,,10.0,0.0,0.0,0.0,0.0,0.0,0.11211601044237028,,0.11045484199999998,888.0
1789866831.0,4.0,6.0,0.0,0.0,,,,436.0,,10.0,0.0,0.0,0.0,0.0,0.0,0.11211601044237028,,0.11084528399999999,892.0
1789866833.3,4.0,6.0,0.0,0.0,,,,438.0,,10.0,0.0,0.0,0.0,0.0,0.0,0.11211601044237028,,0.11131236399999998,896.0
1789866835.6,4.0,6.0,0.0,0.0,,,,439.0,,10.0,0.0,0.0,0.0,0.0,0.0,0.11211601044237028,,0.11153962399999999,898.0
1789866837.9,5.0,5.0,0.0,0.0,,,,442.0,,10.0,0.0,0.0,0.0,0.0,0.0,0.11211601044237028,,0.11227886399999999,904.0
1789866840.2,5.0,5.0,0.0,0.0,,,,444.0,,10.0,0.0,0.0,0.0,0.0,0.0,0.11211601044237028,,0.11275872399999999,908.0
1789866842.5,5.0,5.0,0.0,0.0,,,,446.0,,10.0,0.0,0.0,0.0,0.0,0.0,0.11211601044237028,,0.113312584,912.0
1789866844.8,5.0,5.0,0.0,0.0,,,,446.0,,10.0,0.0,0.0,0.0,0.0,0.0,0.11211601044237028,,0.113312584,912.0
1789866847.1,5.0,5.0,0.0,0.0,,,,447.0,,10.0,0.0,0.0,0.0,0.0,0.0,0.11211601044237028,,0.11356048399999999,914.0
1789866849.4,5.0,5.0,0.0,0.0,,,,447.0,,10.0,0.0,0.0,0.0,0.0,0.0,0.11211601044237028,,0.11356048399999999,914.0
1789866851.8,5.0,5.0,0.0,0.0,,,,447.0,,10.0,0.0,0.0,0.0,0.0,0.0,0.11211601044237028,,0.11356048399999999,914.0
1789866854.2,4.0,6.0,0.0,0.0,,,,449.0,,10.0,0.0,0.0,0.0,0.0,0.0,0.11211601044237028,,0.114010404,918.0
1789866856.5,4.0,6.0,0.0,0.0,,,,451.0,,10.0,0.0,0.0,0.0,0.0,0.0,0.11211601044237028,,0.11451082399999998,922.0
1789866858.8,4.0,6.0,0.0,0.0,,,,453.0,,10.0,0.0,0.0,0.0,0.0,0.0,0.11211601044237028,,0.11502418399999999,926.0
1789866861.1,4.0,6.0,0.0,0.0,,,,456.0,,10.0,0.0,0.0,0.0,0.0,0.0,0.11211601044237028,,0.11577042399999998,932.0
1789866863.4,5.0,5.0,0.0,0.0,,,,458.0,,10.0,0.0,0.0,0.0,0.0,0.0,0.11211601044237028,,0.11615958399999998,936.0
1789866865.8,5.0,5.0,0.0,0.0,,,,461.0,,10.0,0.0,0.0,0.0,0.0,0.0,0.11211601044237028,,0.11686198399999999,942.0
1789866868.1,5.0,5.0,0.0,0.0,,,,463.0,,10.0,0.0,0.0,0.0,0.0,0.0,0.11211601044237028,,0.11735378399999999,946.0
1789866870.4,5.0,5.0,0.0,0.0,,,,463.0,,10.0,0.0,0.0,0.0,0.0,0.0,0.11211601044237028,,0.11735378399999999,946.0
1789866872.7,5.0,5.0,0.0,0.0,,,,465.0,,10.0,0.0,0.0,0.0,0.0,0.0,0.11211601044237028,,0.11772744599999999,950.0
1789866875.0,3.0,7.0,0.0,0.0,,,,465.0,,10.0,0.0,0.0,0.0,0.0,0.0,0.11211601044237028,,0.11772744599999999,950.0
1789866877.3,5.0,5.0,0.0,0.0,,,,468.0,,10.0,0.0,0.0,0.0,0.0,0.0,0.11211601044237028,,0.11846230599999999,956.0
1789866879.6,5.0,5.0,0.0,0.0,,,,470.0,,10.0,0.0,0.0,0.0,0.0,0.0,0.11211601044237028,,0.11887880399999999,960.0
1789866881.9,4.0,6.0,0.0,0.0,,,,470.0,,10.0,0.0,0.0,0.0,0.0,0.0,0.11211601044237028,,0.11887880399999999,960.0
1789866884.2,5.0,5.0,0.0,0.0,,,,471.0,,10.0,0.0,0.0,0.0,0.0,0.0,0.11211601044237028,,0.11905702399999998,962.0
1789866886.5,5.0,5.0,0.0,0.0,,,,472.0,,10.0,0.0,0.0,0.0,0.0,0.0,0.11211601044237028,,0.11923836399999999,964.0
1789866888.8,5.0,5.0,0.0,0.0,,,,472.0,,10.0,0.0,0.0,0.0,0.0,0.0,0.11211601044237028,,0.11923836399999999,964.0
1789866891.1,5.0,5.0,0.0,0.0,,,,473.0,,10.0,0.0,0.0,0.0,0.0,0.0,0.11211601044237028,,0.11944662399999999,966.0
1789866893.4,5.0,5.0,0.0,0.0,,,,474.0,,10.0,0.0,0.0,0.0,0.0,0.0,0.11211601044237028,,0.11973664399999999,968.0
1789866895.8,4.0,6.0,0.0,0.0,,,,474.0,,10.0,0.0,0.0,0.0,0.0,0.0,0.11211601044237028,,0.11973664399999999,968.0
1789866898.1,5.0,5.0,0.0,0.0,,,,476.0,,10.0,0.0,0.0,0.0,0.0,0.0,0.11211601044237028,,0.12014376399999999,972.0
1789866900.4,5.0,5.0,0.0,0.0,,,,478.0,,10.0,0.0,0.0,0.0,0.0,0.0,0.11211601044237028,,0.12052120399999998,976.0
1789866902.7,4.0,6.0,0.0,0.0,,,,480.0,,10.0,0.0,0.0,0.0,0.0,0.0,0.11211601044237028,,0.12110046399999998,980.0
1789866905.0,5.0,5.0,0.0,0.0,,,,482.0,,10.0,0.0,0.0,0.0,0.0,0.0,0.11211601044237028,,0.12154066399999998,984.0
1789866907.3,4.0,6.0,0.0,0.0,,,,482.0,,10.0,0.0,0.0,0.0,0.0,0.0,0.11211601044237028,,0.12154066399999998,984.0
1789866909.6,5.0,5.0,0.0,0.0,,,,483.0,,10.0,0.0,0.0,0.0,0.0,0.0,0.11211601044237028,,0.12182856199999999,986.0
1789866912.0,5.0,5.0,0.0,0.0,,,,484.0,,10.0,0.0,0.0,0.0,0.0,0.0,0.11211601044237028,,0.12207818199999998,988.0
1789866914.3,5.0,5.0,0.0,0.0,,,,484.0,,10.0,0.0,0.0,0.0,0.0,0.0,0.11211601044237028,,0.12207818199999998,988.0
1789866916.6,5.0,5.0,0.0,0.0,,,,485.0,,10.0,0.0,0.0,0.0,0.0,0.0,0.11211601044237028,,0.12240040199999999,990.0
1789866918.9,5.0,5.0,0.0,0.0,,,,486.0,,10.0,0.0,0.0,0.0,0.0,0.0,0.11211601044237028,,0.12262454199999999,992.0
1789866921.2,5.0,5.0,0.0,0.0,,,,488.0,,10.0,0.0,0.0,0.0,0.0,0.0,0.11211601044237028,,0.12322332199999998,996.0
1789866923.5,4.0,6.0,0.0,0.0,,,,488.0,,10.0,0.0,0.0,0.0,0.0,0.0,0.11211601044237028,,0.12322332199999998,996.0
1789866925.8,4.0,6.0,0.0,0.0,,,,489.0,,10.0,0.0,0.0,0.0,0.0,0.0,0.11211601044237028,,0.12344716199999999,998.0
1789866928.1,4.0,6.0,0.0,0.0,,,,491.0,,10.0,0.0,0.0,0.0,0.0,0.0,0.11211601044237028,,0.12387320199999999,1002.0
1789866930.4,4.0,6.0,0.0,0.0,,,,491.0,,10.0,0.0,0.0,0.0,0.0,0.0,0.11211601044237028,,0.12387320199999999,1002.0
1789866932.7,5.0,5.0,0.0,0.0,,,,493.0,,10.0,0.0,0.0,0.0,0.0,0.0,0.11211601044237028,,0.12495768199999999,1006.0
1789866935.0,5.0,5.0,0.0,0.0,,,,495.0,,10.0,0.0,0.0,0.0,0.0,0.0,0.11211601044237028,,0.125481562,1010.0
1789866937.4,4.0,6.0,0.0,0.0,,,,495.0,,10.0,0.0,0.0,0.0,0.0,0.0,0.11211601044237028,,0.125481562,1010.0
1789866939.7,4.0,6.0,0.0,0.0,,,,498.0,,10.0,0.0,0.0,0.0,0.0,0.0,0.11211601044237028,,0.12654682199999998,1016.0
1789866942.0,4.0,6.0,0.0,0.0,,,,500.0,,10.0,0.0,0.0,0.0,0.0,0.0,0.11211601044237028,,0.127109382,1020.0
1789866944.3,4.0,6.0,0.0,0.0,,,,502.0,,10.0,0.0,0.0,0.0,0.0,0.0,0.11211601044237028,,0.127674562,1024.0
1789866946.7,4.0,6.0,0.0,0.0,,,,503.0,,10.0,0.0,0.0,0.0,0.0,0.0,0.11211601044237028,,0.12792148199999998,1026.0
1789866949.1,4.0,6.0,0.0,0.0,,,,505.0,,10.0,0.0,0.0,0.0,0.0,0.0,0.11211601044237028,,0.12841888199999998,1030.0
1789866951.3,4.0,6.0,0.0,0.0,,,,505.0,,10.0,0.0,0.0,0.0,0.0,0.0,0.11211601044237028,,0.12841888199999998,1030.0
1789866953.6,4.0,6.0,0.0,0.0,,,,505.0,,10.0,0.0,0.0,0.0,0.0,0.0,0.11211601044237028,,0.12841888199999998,1030.0
1789866956.0,4.0,6.0,0.0,0.0,,,,505.0,,10.0,0.0,0.0,0.0,0.0,0.0,0.11211601044237028,,0.12841888199999998,1030.0
1789866958.3,4.0,6.0,0.0,0.0,,,,505.0,,10.0,0.0,0.0,0.0,0.0,0.0,0.11211601044237028,,0.12841888199999998,1030.0
1789866960.6,4.0,6.0,0.0,0.0,,,,507.0,,10.0,0.0,0.0,0.0,0.0,0.0,0.11211601044237028,,0.129005562,1034.0
1789866962.9,4.0,6.0,0.0,0.0,,,,507.0,,10.0,0.0,0.0,0.0,0.0,0.0,0.11211601044237028,,0.129005562,1034.0
1789866965.2,4.0,6.0,0.0,0.0,,,,509.0,,10.0,0.0,0.0,0.0,0.0,0.0,0.11211601044237028,,0.12952020199999997,1038.0
1789866967.5,4.0,6.0,0.0,0.0,,,,509.0,,10.0,0.0,0.0,0.0,0.0,0.0,0.11211601044237028,,0.12952020199999997,1038.0
1789866969.8,4.0,6.0,0.0,0.0,,,,510.0,,10.0,0.0,0.0,0.0,0.0,0.0,0.11211601044237028,,0.12970113999999996,1040.0
1789866972.1,4.0,6.0,0.0,0.0,,,,511.0,,10.0,0.0,0.0,0.0,0.0,0.0,0.11211601044237028,,0.13021381999999998,1042.0
1789866974.4,4.0,6.0,0.0,0.0,,,,513.0,,10.0,0.0,0.0,0.0,0.0,0.0,0.11211601044237028,,0.13068519999999997,1046.0
1789866976.7,4.0,6.0,0.0,0.0,,,,514.0,,10.0,0.0,0.0,0.0,0.0,0.0,0.11211601044237028,,0.13087577999999997,1048.0
1789866979.0,4.0,6.0,0.0,0.0,,,,515.0,,10.0,0.0,0.0,0.0,0.0,0.0,0.11211601044237028,,0.13109874,1050.0
1789866981.3,4.0,6.0,0.0,0.0,,,,515.0,,10.0,0.0,0.0,0.0,0.0,0.0,0.11211601044237028,,0.13109874,1050.0
1789866983.6,4.0,6.0,0.0,0.0,,,,517.0,,10.0,0.0,0.0,0.0,0.0,0.0,0.11211601044237028,,0.13151964,1054.0
1789866985.9,4.0,6.0,0.0,0.0,,,,517.0,,10.0,0.0,0.0,0.0,0.0,0.0,0.11211601044237028,,0.13151964,1054.0
1789866988.3,4.0,6.0,0.0,0.0,,,,518.0,,10.0,0.0,0.0,0.0,0.0,0.0,0.11211601044237028,,0.13168032,1056.0
1789866990.6,4.0,6.0,0.0,0.0,,,,519.0,,10.0,0.0,0.0,0.0,0.0,0.0,0.11211601044237028,,0.13190258,1058.0
1789866992.9,4.0,6.0,0.0,0.0,,,,519.0,,10.0,0.0,0.0,0.0,0.0,0.0,0.11211601044237028,,0.13190258,1058.0
1789866995.2,4.0,6.0,0.0,0.0,,,,520.0,,10.0,0.0,0.0,0.0,0.0,0.0,0.11211601044237028,,0.13211567999999999,1060.0
1789866997.5,4.0,6.0,0.0,0.0,,,,520.0,,10.0,0.0,0.0,0.0,0.0,0.0,0.11211601044237028,,0.13211567999999999,1060.0
1789866999.8,4.0,6.0,0.0,0.0,,,,520.0,,10.0,0.0,0.0,0.0,0.0,0.0,0.11211601044237028,,0.13211567999999999,1060.0
1789867002.1,4.0,6.0,0.0,0.0,,,,520.0,,10.0,0.0,0.0,0.0,0.0,0.0,0.11211601044237028,,0.13211567999999999,1060.0
1789867004.4,4.0,6.0,0.0,0.0,,,,520.0,,10.0,0.0,0.0,0.0,0.0,0.0,0.11211601044237028,,0.13211567999999999,1060.0
1789867006.7,4.0,6.0,0.0,0.0,,,,521.0,,10.0,0.0,0.0,0.0,0.0,0.0,0.11211601044237028,,0.13250336,1062.0
1789867008.9,4.0,6.0,0.0,0.0,,,,522.0,,10.0,0.0,0.0,0.0,0.0,0.0,0.11211601044237028,,0.13264124,1064.0
1789867011.2,4.0,6.0,0.0,0.0,,,,524.0,,10.0,0.0,0.0,0.0,0.0,0.0,0.11211601044237028,,0.13311707799999997,1068.0
1789867013.5,4.0,6.0,0.0,0.0,,,,524.0,,10.0,0.0,0.0,0.0,0.0,0.0,0.11211601044237028,,0.13311707799999997,1068.0
1789867015.9,4.0,6.0,0.0,0.0,,,,525.0,,10.0,0.0,0.0,0.0,0.0,0.0,0.11211601044237028,,0.13336845799999997,1070.0
1789867018.2,4.0,6.0,0.0,0.0,,,,526.0,,10.0,0.0,0.0,0.0,0.0,0.0,0.11211601044237028,,0.13363489799999997,1072.0
1789867020.5,4.0,6.0,0.0,0.0,,,,528.0,,10.0,0.0,0.0,0.0,0.0,0.0,0.11211601044237028,,0.13414027999999997,1076.0
1789867022.8,3.0,7.0,0.0,0.0,,,,529.0,,10.0,0.0,0.0,0.0,0.0,0.0,0.11211601044237028,,0.13435847999999997,1078.0
1789867025.1,4.0,6.0,0.0,0.0,,,,531.0,,10.0,0.0,0.0,0.0,0.0,0.0,0.11211601044237028,,0.13489832,1082.0
1789867027.4,3.0,7.0,0.0,0.0,,,,531.0,,10.0,0.0,0.0,0.0,0.0,0.0,0.11211601044237028,,0.13489832,1082.0
1789867029.7,4.0,6.0,0.0,0.0,,,,532.0,,10.0,0.0,0.0,0.0,0.0,0.0,0.11211601044237028,,0.13527059999999996,1084.0
1789867032.0,4.0,6.0,0.0,0.0,,,,533.0,,10.0,0.0,0.0,0.0,0.0,0.0,0.11211601044237028,,0.13553117999999997,1086.0
1789867034.3,4.0,6.0,0.0,0.0,,,,534.0,,10.0,0.0,0.0,0.0,0.0,0.0,0.11211601044237028,,0.13578463999999998,1088.0
1789867036.6,4.0,6.0,0.0,0.0,,,,536.0,,10.0,0.0,0.0,0.0,0.0,0.0,0.11211601044237028,,0.13639987999999997,1092.0
1789867038.9,4.0,6.0,0.0,0.0,,,,538.0,,10.0,0.0,0.0,0.0,0.0,0.0,0.11211601044237028,,0.13709387999999997,1096.0
1789867041.2,4.0,6.0,0.0,0.0,,,,538.0,,10.0,0.0,0.0,0.0,0.0,0.0,0.11211601044237028,,0.13709387999999997,1096.0
1789867043.5,4.0,6.0,0.0,0.0,,,,538.0,,10.0,0.0,0.0,0.0,0.0,0.0,0.11211601044237028,,0.13709387999999997,1096.0
1789867045.8,4.0,6.0,0.0,0.0,,,,538.0,,10.0,0.0,0.0,0.0,0.0,0.0,0.11211601044237028,,0.13709387999999997,1096.0
1789867048.1,4.0,6.0,0.0,0.0,,,,539.0,,10.0,0.0,0.0,0.0,0.0,0.0,0.11211601044237028,,0.13725755999999997,1098.0
1789867050.4,4.0,6.0,0.0,0.0,,,,539.0,,10.0,0.0,0.0,0.0,0.0,0.0,0.11211601044237028,,0.13725755999999997,1098.0
1789867052.7,4.0,6.0,0.0,0.0,,,,539.0,,10.0,0.0,0.0,0.0,0.0,0.0,0.11211601044237028,,0.13725755999999997,1098.0
1789867055.0,4.0,6.0,0.0,0.0,,,,540.0,,10.0,0.0,0.0,0.0,0.0,0.0,0.11211601044237028,,0.13751831999999997,1100.0
1789867057.3,4.0,6.0,0.0,0.0,,,,540.0,,10.0,0.0,0.0,0.0,0.0,0.0,0.11211601044237028,,0.13751831999999997,1100.0
1789867059.6,4.0,6.0,0.0,0.0,,,,541.0,,10.0,0.0,0.0,0.0,0.0,0.0,0.11211601044237028,,0.13779949999999996,1102.0
1789867061.9,4.0,6.0,0.0,0.0,,,,542.0,,10.0,0.0,0.0,0.0,0.0,0.0,0.11211601044237028,,0.13801511999999996,1104.0
1789867064.2,4.0,6.0,0.0,0.0,,,,543.0,,10.0,0.0,0.0,0.0,0.0,0.0,0.11211601044237028,,0.13833489999999998,1106.0
1789867066.5,4.0,6.0,0.0,0.0,,,,544.0,,10.0,0.0,0.0,0.0,0.0,0.0,0.11211601044237028,,0.13851603799999998,1108.0
1789867068.8,4.0,6.0,0.0,0.0,,,,545.0,,10.0,0.0,0.0,0.0,0.0,0.0,0.11211601044237028,,0.13867381599999998,1110.0
1789867071.1,4.0,6.0,0.0,0.0,,,,546.0,,10.0,0.0,0.0,0.0,0.0,0.0,0.11211601044237028,,0.13892119599999997,1112.0
1789867073.5,4.0,6.0,0.0,0.0,,,,547.0,,10.0,0.0,0.0,0.0,0.0,0.0,0.11211601044237028,,0.13915837599999997,1114.0
1789867075.8,4.0,6.0,0.0,0.0,,,,548.0,,10.0,0.0,0.0,0.0,0.0,0.0,0.11211601044237028,,0.13994649599999998,1116.0
1789867078.1,4.0,6.0,0.0,0.0,,,,548.0,,10.0,0.0,0.0,0.0,0.0,0.0,0.11211601044237028,,0.13994649599999998,1116.0
1789867080.4,4.0,6.0,0.0,0.0,,,,550.0,,10.0,0.0,0.0,0.0,0.0,0.0,0.11211601044237028,,0.14038373599999998,1120.0
1789867082.6,4.0,6.0,0.0,0.0,,,,552.0,,10.0,0.0,0.0,0.0,0.0,0.0,0.11211601044237028,,0.14081057599999997,1124.0
1789867084.9,4.0,6.0,0.0,0.0,,,,553.0,,10.0,0.0,0.0,0.0,0.0,0.0,0.11211601044237028,,0.14127703599999997,1126.0
1789867087.2,3.0,7.0,0.0,0.0,,,,553.0,,10.0,0.0,0.0,0.0,0.0,0.0,0.11211601044237028,,0.14127703599999997,1126.0
1789867089.5,4.0,6.0,0.0,0.0,,,,555.0,,10.0,0.0,0.0,0.0,0.0,0.0,0.11211601044237028,,0.14170795599999997,1130.0
1789867091.8,4.0,6.0,0.0,0.0,,,,555.0,,10.0,0.0,0.0,0.0,0.0,0.0,0.11211601044237028,,0.14170795599999997,1130.0
1789867094.1,4.0,6.0,0.0,0.0,,,,555.0,,10.0,0.0,0.0,0.0,0.0,0.0,0.11211601044237028,,0.14170795599999997,1130.0
1789867096.4,3.0,7.0,0.0,0.0,,,,555.0,,10.0,0.0,0.0,0.0,0.0,0.0,0.11211601044237028,,0.14170795599999997,1130.0
1789867098.7,4.0,6.0,0.0,0.0,,,,556.0,,10.0,0.0,0.0,0.0,0.0,0.0,0.11211601044237028,,0.14205009599999996,1132.0
1789867101.0,4.0,6.0,0.0,0.0,,,,557.0,,10.0,0.0,0.0,0.0,0.0,0.0,0.11211601044237028,,0.14226941599999995,1134.0
1789867103.3,3.0,7.0,0.0,0.0,,,,557.0,,10.0,0.0,0.0,0.0,0.0,0.0,0.11211601044237028,,0.14226941599999995,1134.0
1789867105.6,4.0,6.0,0.0,0.0,,,,559.0,,10.0,0.0,0.0,0.0,0.0,0.0,0.11211601044237028,,0.14276413599999996,1138.0
1789867107.8,4.0,6.0,0.0,0.0,,,,560.0,,10.0,0.0,0.0,0.0,0.0,0.0,0.11211601044237028,,0.14295467599999995,1140.0
1789867110.2,4.0,6.0,0.0,0.0,,,,561.0,,10.0,0.0,0.0,0.0,0.0,0.0,0.11211601044237028,,0.14312729599999996,1142.0
1789867112.5,3.0,7.0,0.0,0.0,,,,563.0,,10.0,0.0,0.0,0.0,0.0,0.0,0.11211601044237028,,0.14348681599999996,1146.0
1789867114.8,4.0,6.0,0.0,0.0,,,,564.0,,10.0,0.0,0.0,0.0,0.0,0.0,0.11211601044237028,,0.14373683599999995,1148.0
1789867117.1,4.0,6.0,0.0,0.0,,,,565.0,,10.0,0.0,0.0,0.0,0.0,0.0,0.11211601044237028,,0.14394941599999994,1150.0
1789867119.4,4.0,6.0,0.0,0.0,,,,565.0,,10.0,0.0,0.0,0.0,0.0,0.0,0.11211601044237028,,0.14394941599999994,1150.0
1789867121.7,4.0,6.0,0.0,0.0,,,,567.0,,10.0,0.0,0.0,0.0,0.0,0.0,0.11211601044237028,,0.11083519799999995,892.0
1789867124.0,4.0,6.0,0.0,0.0,,,,568.0,,10.0,0.0,0.0,0.0,0.0,0.0,0.11211601044237028,,0.11114271799999996,894.0
1789867126.3,4.0,6.0,0.0,0.0,,,,569.0,,10.0,0.0,0.0,0.0,0.0,0.0,0.11211601044237028,,0.11133461799999995,896.0
1789867128.6,4.0,6.0,0.0,0.0,,,,569.0,,10.0,0.0,0.0,0.0,0.0,0.0,0.11211601044237028,,0.11133461799999995,896.0
1789867130.9,4.0,6.0,0.0,0.0,,,,571.0,,10.0,0.0,0.0,0.0,0.0,0.0,0.11211601044237028,,0.11169199999999996,900.0
1789867133.1,4.0,6.0,0.0,0.0,,,,573.0,,10.0,0.0,0.0,0.0,0.0,0.0,0.11211601044237028,,0.11203725999999994,904.0
1789867135.4,4.0,6.0,0.0,0.0,,,,574.0,,10.0,0.0,0.0,0.0,0.0,0.0,0.11211601044237028,,0.11221011999999994,906.0
1789867137.7,3.0,7.0,0.0,0.0,,,,574.0,,10.0,0.0,0.0,0.0,0.0,0.0,0.11211601044237028,,0.11221011999999994,906.0
1789867140.0,4.0,6.0,0.0,0.0,,,,576.0,,10.0,0.0,0.0,0.0,0.0,0.0,0.11211601044237028,,0.11255351799999994,910.0
1789867142.2,4.0,6.0,0.0,0.0,,,,577.0,,10.0,0.0,0.0,0.0,0.0,0.0,0.11211601044237028,,0.11276507799999994,912.0
1789867144.5,4.0,6.0,0.0,0.0,,,,577.0,,10.0,0.0,0.0,0.0,0.0,0.0,0.11211601044237028,,0.11276507799999994,912.0
1789867146.8,4.0,6.0,0.0,0.0,,,,578.0,,10.0,0.0,0.0,0.0,0.0,0.0,0.11211601044237028,,0.11306497799999994,914.0
1789867149.1,4.0,6.0,0.0,0.0,,,,580.0,,10.0,0.0,0.0,0.0,0.0,0.0,0.11211601044237028,,0.11360303799999993,918.0
1789867151.3,4.0,6.0,0.0,0.0,,,,580.0,,10.0,0.0,0.0,0.0,0.0,0.0,0.11211601044237028,,0.11360303799999993,918.0
1789867153.6,4.0,6.0,0.0,0.0,,,,582.0,,10.0,0.0,0.0,0.0,0.0,0.0,0.11211601044237028,,0.11414375799999994,922.0
1789867155.9,4.0,6.0,0.0,0.0,,,,583.0,,10.0,0.0,0.0,0.0,0.0,0.0,0.11211601044237028,,0.11439847799999994,924.0
1789867158.1,4.0,6.0,0.0,0.0,,,,584.0,,10.0,0.0,0.0,0.0,0.0,0.0,0.11211601044237028,,0.11468695799999994,926.0
1789867160.4,4.0,6.0,0.0,0.0,,,,584.0,,10.0,0.0,0.0,0.0,0.0,0.0,0.11211601044237028,,0.11468695799999994,926.0
1789867162.7,4.0,6.0,0.0,0.0,,,,584.0,,10.0,0.0,0.0,0.0,0.0,0.0,0.11211601044237028,,0.11468695799999994,926.0
1789867165.0,4.0,6.0,0.0,0.0,,,,585.0,,10.0,0.0,0.0,0.0,0.0,0.0,0.11211601044237028,,0.11491319799999994,928.0
1789867167.3,4.0,6.0,0.0,0.0,,,,586.0,,10.0,0.0,0.0,0.0,0.0,0.0,0.11211601044237028,,0.11513111799999995,930.0
1789867169.5,4.0,6.0,0.0,0.0,,,,587.0,,10.0,0.0,0.0,0.0,0.0,0.0,0.11211601044237028,,0.11535563799999994,932.0
1789867171.8,4.0,6.0,0.0,0.0,,,,587.0,,10.0,0.0,0.0,0.0,0.0,0.0,0.11211601044237028,,0.11535563799999994,932.0
1789867174.1,4.0,6.0,0.0,0.0,,,,589.0,,10.0,0.0,0.0,0.0,0.0,0.0,0.11211601044237028,,0.11578539799999994,936.0
1789867176.4,4.0,6.0,0.0,0.0,,,,590.0,,10.0,0.0,0.0,0.0,0.0,0.0,0.11211601044237028,,0.11597267799999994,938.0
1789867178.8,4.0,6.0,0.0,0.0,,,,590.0,,10.0,0.0,0.0,0.0,0.0,0.0,0.11211601044237028,,0.11597267799999994,938.0
1789867181.1,4.0,6.0,0.0,0.0,,,,591.0,,10.0,0.0,0.0,0.0,0.0,0.0,0.11211601044237028,,0.11610089799999994,940.0
1789867183.4,3.0,7.0,0.0,0.0,,,,591.0,,10.0,0.0,0.0,0.0,0.0,0.0,0.11211601044237028,,0.11610089799999994,940.0
1789867185.6,4.0,6.0,0.0,0.0,,,,593.0,,10.0,0.0,0.0,0.0,0.0,0.0,0.11211601044237028,,0.11655667799999994,944.0
1789867188.0,4.0,6.0,0.0,0.0,,,,593.0,,10.0,0.0,0.0,0.0,0.0,0.0,0.11211601044237028,,0.11655667799999994,944.0
1789867190.3,4.0,6.0,0.0,0.0,,,,595.0,,10.0,0.0,0.0,0.0,0.0,0.0,0.11211601044237028,,0.11709967599999994,948.0
1789867192.6,4.0,6.0,0.0,0.0,,,,595.0,,10.0,0.0,0.0,0.0,0.0,0.0,0.11211601044237028,,0.11709967599999994,948.0
1789867194.8,4.0,6.0,0.0,0.0,,,,595.0,,10.0,0.0,0.0,0.0,0.0,0.0,0.11211601044237028,,0.11709967599999994,948.0
1789867197.2,4.0,6.0,0.0,0.0,,,,597.0,,10.0,0.0,0.0,0.0,0.0,0.0,0.11211601044237028,,0.11745475599999994,952.0
1789867199.4,4.0,6.0,0.0,0.0,,,,599.0,,10.0,0.0,0.0,0.0,0.0,0.0,0.11211601044237028,,0.11788425599999994,956.0
1789867201.7,4.0,6.0,0.0,0.0,,,,599.0,,10.0,0.0,0.0,0.0,0.0,0.0,0.11211601044237028,,0.11788425599999994,956.0
1789867204.0,4.0,6.0,0.0,0.0,,,,599.0,,10.0,0.0,0.0,0.0,0.0,0.0,0.11211601044237028,,0.11788425599999994,956.0
1789867206.3,4.0,6.0,0.0,0.0,,,,600.0,,10.0,0.0,0.0,0.0,0.0,0.0,0.11211601044237028,,0.11813759599999994,958.0
1789867208.5,4.0,6.0,0.0,0.0,,,,600.0,,10.0,0.0,0.0,0.0,0.0,0.0,0.11211601044237028,,0.11813759599999994,958.0
1789867210.8,4.0,6.0,0.0,0.0,,,,600.0,,10.0,0.0,0.0,0.0,0.0,0.0,0.11211601044237028,,0.11813759599999994,958.0
1789867213.1,4.0,6.0,0.0,0.0,,,,601.0,,10.0,0.0,0.0,0.0,0.0,0.0,0.11211601044237028,,0.11830893399999994,960.0
1789867215.4,4.0,6.0,0.0,0.0,,,,602.0,,10.0,0.0,0.0,0.0,0.0,0.0,0.11211601044237028,,0.11852231399999993,962.0
1789867217.7,4.0,6.0,0.0,0.0,,,,602.0,,10.0,0.0,0.0,0.0,0.0,0.0,0.11211601044237028,,0.11852231399999993,962.0
1789867219.9,4.0,6.0,0.0,0.0,,,,604.0,,10.0,0.0,0.0,0.0,0.0,0.0,0.11211601044237028,,0.11897579399999994,966.0
1789867222.2,4.0,6.0,0.0,0.0,,,,604.0,,10.0,0.0,0.0,0.0,0.0,0.0,0.11211601044237028,,0.11897579399999994,966.0
1789867224.5,4.0,6.0,0.0,0.0,,,,605.0,,10.0,0.0,0.0,0.0,0.0,0.0,0.11211601044237028,,0.11913951399999993,968.0
1789867226.8,4.0,6.0,0.0,0.0,,,,606.0,,10.0,0.0,0.0,0.0,0.0,0.0,0.11211601044237028,,0.11940443399999993,970.0
1789867229.0,4.0,6.0,0.0,0.0,,,,607.0,,10.0,0.0,0.0,0.0,0.0,0.0,0.11211601044237028,,0.11962415399999994,972.0
1789867231.3,4.0,6.0,0.0,0.0,,,,608.0,,10.0,0.0,0.0,0.0,0.0,0.0,0.11211601044237028,,0.11987985399999994,974.0
1789867233.6,4.0,6.0,0.0,0.0,,,,609.0,,10.0,0.0,0.0,0.0,0.0,0.0,0.11211601044237028,,0.12013523399999994,976.0
1789867235.9,4.0,6.0,0.0,0.0,,,,609.0,,10.0,0.0,0.0,0.0,0.0,0.0,0.11211601044237028,,0.12013523399999994,976.0
1789867238.1,4.0,6.0,0.0,0.0,,,,609.0,,10.0,0.0,0.0,0.0,0.0,0.0,0.11211601044237028,,0.12013523399999994,976.0
1789867240.4,4.0,6.0,0.0,0.0,,,,610.0,,10.0,0.0,0.0,0.0,0.0,0.0,0.11211601044237028,,0.12033307399999993,978.0
1789867242.7,4.0,6.0,0.0,0.0,,,,611.0,,10.0,0.0,0.0,0.0,0.0,0.0,0.11211601044237028,,0.12074245199999993,980.0
1789867245.0,4.0,6.0,0.0,0.0,,,,611.0,,10.0,0.0,0.0,0.0,0.0,0.0,0.11211601044237028,,0.12074245199999993,980.0
1789867247.3,4.0,6.0,0.0,0.0,,,,611.0,,10.0,0.0,0.0,0.0,0.0,0.0,0.11211601044237028,,0.12074245199999993,980.0
1789867249.5,4.0,6.0,0.0,0.0,,,,611.0,,10.0,0.0,0.0,0.0,0.0,0.0,0.11211601044237028,,0.12074245199999993,980.0
1789867251.8,4.0,6.0,0.0,0.0,,,,611.0,,10.0,0.0,0.0,0.0,0.0,0.0,0.11211601044237028,,0.12074245199999993,980.0
1789867254.1,4.0,6.0,0.0,0.0,,,,612.0,,10.0,0.0,0.0,0.0,0.0,0.0,0.11211601044237028,,0.12107849199999994,982.0
1789867256.4,4.0,6.0,0.0,0.0,,,,612.0,,10.0,0.0,0.0,0.0,0.0,0.0,0.11211601044237028,,0.12107849199999994,982.0
1789867258.6,4.0,6.0,0.0,0.0,,,,613.0,,10.0,0.0,0.0,0.0,0.0,0.0,0.11211601044237028,,0.12129324999999994,984.0
1789867260.9,4.0,6.0,0.0,0.0,,,,614.0,,10.0,0.0,0.0,0.0,0.0,0.0,0.11211601044237028,,0.12155256999999994,986.0
1789867263.2,4.0,6.0,0.0,0.0,,,,615.0,,10.0,0.0,0.0,0.0,0.0,0.0,0.11211601044237028,,0.12181434999999993,988.0
1789867265.7,3.0,7.0,0.0,0.0,,,,615.0,,10.0,0.0,0.0,0.0,0.0,0.0,0.11211601044237028,,0.12181434999999993,988.0
1789867267.9,4.0,6.0,0.0,0.0,,,,616.0,,10.0,0.0,0.0,0.0,0.0,0.0,0.11211601044237028,,0.12205174799999993,990.0
1789867270.2,4.0,6.0,0.0,0.0,,,,617.0,,10.0,0.0,0.0,0.0,0.0,0.0,0.11211601044237028,,0.12220150799999993,992.0
1789867272.5,3.0,7.0,0.0,0.0,,,,617.0,,10.0,0.0,0.0,0.0,0.0,0.0,0.11211601044237028,,0.12220150799999993,992.0
1789867274.7,4.0,6.0,0.0,0.0,,,,618.0,,10.0,0.0,0.0,0.0,0.0,0.0,0.11211601044237028,,0.12271578799999994,994.0
1789867277.0,3.0,7.0,0.0,0.0,,,,619.0,,10.0,0.0,0.0,0.0,0.0,0.0,0.11211601044237028,,0.12290682799999994,996.0
1789867279.3,4.0,6.0,0.0,0.0,,,,620.0,,10.0,0.0,0.0,0.0,0.0,0.0,0.11211601044237028,,0.12306106799999994,998.0
1789867281.5,4.0,6.0,0.0,0.0,,,,621.0,,10.0,0.0,0.0,0.0,0.0,0.0,0.11211601044237028,,0.12329558799999994,1000.0
1789867283.8,4.0,6.0,0.0,0.0,,,,621.0,,10.0,0.0,0.0,0.0,0.0,0.0,0.11211601044237028,,0.12329558799999994,1000.0
1789867286.1,4.0,6.0,0.0,0.0,,,,622.0,,10.0,0.0,0.0,0.0,0.0,0.0,0.11211601044237028,,0.12361672799999994,1002.0
1789867288.3,4.0,6.0,0.0,0.0,,,,623.0,,10.0,0.0,0.0,0.0,0.0,0.0,0.11211601044237028,,0.12389376799999993,1004.0
1789867290.6,4.0,6.0,0.0,0.0,,,,623.0,,10.0,0.0,0.0,0.0,0.0,0.0,0.11211601044237028,,0.12389376799999993,1004.0
1789867292.9,4.0,6.0,0.0,0.0,,,,624.0,,10.0,0.0,0.0,0.0,0.0,0.0,0.11211601044237028,,0.12412472599999994,1006.0
1789867295.1,4.0,6.0,0.0,0.0,,,,624.0,,10.0,0.0,0.0,0.0,0.0,0.0,0.11211601044237028,,0.12412472599999994,1006.0
1789867297.4,4.0,6.0,0.0,0.0,,,,626.0,,10.0,0.0,0.0,0.0,0.0,0.0,0.11211601044237028,,0.12449938599999993,1010.0
1789867299.7,4.0,6.0,0.0,0.0,,,,628.0,,10.0,0.0,0.0,0.0,0.0,0.0,0.11211601044237028,,0.12504232599999993,1014.0
1789867302.0,4.0,6.0,0.0,0.0,,,,629.0,,10.0,0.0,0.0,0.0,0.0,0.0,0.11211601044237028,,0.12529288599999994,1016.0
1789867304.3,4.0,6.0,0.0,0.0,,,,630.0,,10.0,0.0,0.0,0.0,0.0,0.0,0.11211601044237028,,0.12551428599999995,1018.0
1789867306.6,4.0,6.0,0.0,0.0,,,,630.0,,10.0,0.0,0.0,0.0,0.0,0.0,0.11211601044237028,,0.12551428599999995,1018.0
1789867308.8,4.0,6.0,0.0,0.0,,,,631.0,,10.0,0.0,0.0,0.0,0.0,0.0,0.11211601044237028,,0.12578826599999993,1020.0
1789867311.1,4.0,6.0,0.0,0.0,,,,632.0,,10.0,0.0,0.0,0.0,0.0,0.0,0.11211601044237028,,0.12593584599999993,1022.0
1789867313.4,4.0,6.0,0.0,0.0,,,,632.0,,10.0,0.0,0.0,0.0,0.0,0.0,0.11211601044237028,,0.12593584599999993,1022.0
1789867315.6,4.0,6.0,0.0,0.0,,,,634.0,,10.0,0.0,0.0,0.0,0.0,0.0,0.11211601044237028,,0.12645332599999992,1026.0
1789867317.9,4.0,6.0,0.0,0.0,,,,634.0,,10.0,0.0,0.0,0.0,0.0,0.0,0.11211601044237028,,0.12645332599999992,1026.0
1789867320.2,4.0,6.0,0.0,0.0,,,,634.0,,10.0,0.0,0.0,0.0,0.0,0.0,0.11211601044237028,,0.12645332599999992,1026.0
1789867322.4,3.0,7.0,0.0,0.0,,,,634.0,,10.0,0.0,0.0,0.0,0.0,0.0,0.11211601044237028,,0.12645332599999992,1026.0
1789867324.7,4.0,6.0,0.0,0.0,,,,636.0,,10.0,0.0,0.0,0.0,0.0,0.0,0.11211601044237028,,0.12703594599999993,1030.0
1789867327.0,4.0,6.0,0.0,0.0,,,,636.0,,10.0,0.0,0.0,0.0,0.0,0.0,0.11211601044237028,,0.12703594599999993,1030.0
1789867329.2,3.0,7.0,0.0,0.0,,,,637.0,,10.0,0.0,0.0,0.0,0.0,0.0,0.11211601044237028,,0.12725148599999994,1032.0
1789867331.5,4.0,6.0,0.0,0.0,,,,638.0,,10.0,0.0,0.0,0.0,0.0,0.0,0.11211601044237028,,0.12753992599999994,1034.0
1789867333.8,4.0,6.0,0.0,0.0,,,,639.0,,10.0,0.0,0.0,0.0,0.0,0.0,0.11211601044237028,,0.12775086599999994,1036.0
1789867336.1,4.0,6.0,0.0,0.0,,,,639.0,,10.0,0.0,0.0,0.0,0.0,0.0,0.11211601044237028,,0.12775086599999994,1036.0
1789867338.3,4.0,6.0,0.0,0.0,,,,642.0,,10.0,0.0,0.0,0.0,0.0,0.0,0.11211601044237028,,0.12855656599999993,1042.0
1789867340.6,3.0,7.0,0.0,0.0,,,,642.0,,10.0,0.0,0.0,0.0,0.0,0.0,0.11211601044237028,,0.12855656599999993,1042.0
1789867342.9,3.0,7.0,0.0,0.0,,,,643.0,,10.0,0.0,0.0,0.0,0.0,0.0,0.11211601044237028,,0.12873832599999993,1044.0
1789867345.1,4.0,6.0,0.0,0.0,,,,645.0,,10.0,0.0,0.0,0.0,0.0,0.0,0.11211601044237028,,0.12918744599999993,1048.0
1789867347.4,4.0,6.0,0.0,0.0,,,,645.0,,10.0,0.0,0.0,0.0,0.0,0.0,0.11211601044237028,,0.12918744599999993,1048.0
1789867349.7,4.0,6.0,0.0,0.0,,,,645.0,,10.0,0.0,0.0,0.0,0.0,0.0,0.11211601044237028,,0.12918744599999993,1048.0
1789867351.9,4.0,6.0,0.0,0.0,,,,645.0,,10.0,0.0,0.0,0.0,0.0,0.0,0.11211601044237028,,0.12918744599999993,1048.0
1789867354.3,4.0,6.0,0.0,0.0,,,,646.0,,10.0,0.0,0.0,0.0,0.0,0.0,0.11211601044237028,,0.12956010799999992,1050.0
1789867356.7,4.0,6.0,0.0,0.0,,,,646.0,,10.0,0.0,0.0,0.0,0.0,0.0,0.11211601044237028,,0.12956010799999992,1050.0
1789867359.0,4.0,6.0,0.0,0.0,,,,647.0,,10.0,0.0,0.0,0.0,0.0,0.0,0.11211601044237028,,0.12979244799999992,1052.0
1789867361.2,4.0,6.0,0.0,0.0,,,,648.0,,10.0,0.0,0.0,0.0,0.0,0.0,0.11211601044237028,,0.13002924799999993,1054.0
1789867363.6,4.0,6.0,0.0,0.0,,,,649.0,,10.0,0.0,0.0,0.0,0.0,0.0,0.11211601044237028,,0.13034582799999994,1056.0
1789867365.9,4.0,6.0,0.0,0.0,,,,651.0,,10.0,0.0,0.0,0.0,0.0,0.0,0.11211601044237028,,0.13079520799999994,1060.0
1789867368.1,4.0,6.0,0.0,0.0,,,,651.0,,10.0,0.0,0.0,0.0,0.0,0.0,0.11211601044237028,,0.13079520799999994,1060.0
1789867370.4,3.0,7.0,0.0,0.0,,,,651.0,,10.0,0.0,0.0,0.0,0.0,0.0,0.11211601044237028,,0.13079520799999994,1060.0
1789867372.7,4.0,6.0,0.0,0.0,,,,654.0,,10.0,0.0,0.0,0.0,0.0,0.0,0.11211601044237028,,0.13150914799999994,1066.0
1789867375.0,4.0,6.0,0.0,0.0,,,,654.0,,10.0,0.0,0.0,0.0,0.0,0.0,0.11211601044237028,,0.13150914799999994,1066.0
1789867377.3,4.0,6.0,0.0,0.0,,,,655.0,,10.0,0.0,0.0,0.0,0.0,0.0,0.11211601044237028,,0.13179792799999993,1068.0
1789867379.6,4.0,6.0,0.0,0.0,,,,655.0,,10.0,0.0,0.0,0.0,0.0,0.0,0.11211601044237028,,0.13179792799999993,1068.0
1789867381.9,4.0,6.0,0.0,0.0,,,,655.0,,10.0,0.0,0.0,0.0,0.0,0.0,0.11211601044237028,,0.13179792799999993,1068.0
1789867384.1,4.0,6.0,0.0,0.0,,,,655.0,,10.0,0.0,0.0,0.0,0.0,0.0,0.11211601044237028,,0.13179792799999993,1068.0
1789867386.4,4.0,6.0,0.0,0.0,,,,656.0,,10.0,0.0,0.0,0.0,0.0,0.0,0.11211601044237028,,0.13204546799999992,1070.0
1789867388.8,4.0,6.0,0.0,0.0,,,,657.0,,10.0,0.0,0.0,0.0,0.0,0.0,0.11211601044237028,,0.13227678999999992,1072.0
1789867391.1,4.0,6.0,0.0,0.0,,,,657.0,,10.0,0.0,0.0,0.0,0.0,0.0,0.11211601044237028,,0.13227678999999992,1072.0
1789867393.3,4.0,6.0,0.0,0.0,,,,658.0,,10.0,0.0,0.0,0.0,0.0,0.0,0.11211601044237028,,0.13251498999999992,1074.0
1789867395.6,2.0,8.0,0.0,0.0,,,,658.0,,10.0,0.0,0.0,0.0,0.0,0.0,0.11211601044237028,,0.13251498999999992,1074.0
1789867397.9,4.0,6.0,0.0,0.0,,,,661.0,,10.0,0.0,0.0,0.0,0.0,0.0,0.11211601044237028,,0.13324162999999992,1080.0
1789867400.2,4.0,6.0,0.0,0.0,,,,661.0,,10.0,0.0,0.0,0.0,0.0,0.0,0.11211601044237028,,0.13324162999999992,1080.0
1789867402.5,4.0,6.0,0.0,0.0,,,,661.0,,10.0,0.0,0.0,0.0,0.0,0.0,0.11211601044237028,,0.13324162999999992,1080.0
1789867404.8,3.0,7.0,0.0,0.0,,,,662.0,,10.0,0.0,0.0,0.0,0.0,0.0,0.11211601044237028,,0.13354964999999994,1082.0
1789867407.1,3.0,7.0,0.0,0.0,,,,662.0,,10.0,0.0,0.0,0.0,0.0,0.0,0.11211601044237028,,0.13354964999999994,1082.0
1789867409.4,3.0,7.0,0.0,0.0,,,,662.0,,10.0,0.0,0.0,0.0,0.0,0.0,0.11211601044237028,,0.13354964999999994,1082.0
1789867411.7,4.0,6.0,0.0,0.0,,,,664.0,,10.0,0.0,0.0,0.0,0.0,0.0,0.11211601044237028,,0.1341359719999999,1086.0
1789867414.0,4.0,6.0,0.0,0.0,,,,665.0,,10.0,0.0,0.0,0.0,0.0,0.0,0.11211601044237028,,0.13433655199999991,1088.0
1789867416.3,4.0,6.0,0.0,0.0,,,,665.0,,10.0,0.0,0.0,0.0,0.0,0.0,0.11211601044237028,,0.13433655199999991,1088.0
1789867418.6,3.0,7.0,0.0,0.0,,,,665.0,,10.0,0.0,0.0,0.0,0.0,0.0,0.11211601044237028,,0.13433655199999991,1088.0
1789867420.8,4.0,6.0,0.0,0.0,,,,666.0,,10.0,0.0,0.0,0.0,0.0,0.0,0.11211601044237028,,0.11604183399999991,954.0
1789867423.1,4.0,6.0,0.0,0.0,,,,667.0,,10.0,0.0,0.0,0.0,0.0,0.0,0.11211601044237028,,0.11620639399999992,956.0
1789867425.4,4.0,6.0,0.0,0.0,,,,668.0,,10.0,0.0,0.0,0.0,0.0,0.0,0.11211601044237028,,0.11646759399999992,958.0
1789867427.7,4.0,6.0,0.0,0.0,,,,669.0,,10.0,0.0,0.0,0.0,0.0,0.0,0.11211601044237028,,0.11667965399999991,960.0
1789867429.9,4.0,6.0,0.0,0.0,,,,671.0,,10.0,0.0,0.0,0.0,0.0,0.0,0.11211601044237028,,0.11713301199999993,964.0
1789867432.2,4.0,6.0,0.0,0.0,,,,671.0,,10.0,0.0,0.0,0.0,0.0,0.0,0.11211601044237028,,0.11713301199999993,964.0
1789867434.5,4.0,6.0,0.0,0.0,,,,671.0,,10.0,0.0,0.0,0.0,0.0,0.0,0.11211601044237028,,0.11713301199999993,964.0
1789867436.8,4.0,6.0,0.0,0.0,,,,672.0,,10.0,0.0,0.0,0.0,0.0,0.0,0.11211601044237028,,0.11739287199999993,966.0
1789867439.0,4.0,6.0,0.0,0.0,,,,672.0,,10.0,0.0,0.0,0.0,0.0,0.0,0.11211601044237028,,0.11739287199999993,966.0
1789867441.3,3.0,7.0,0.0,0.0,,,,672.0,,10.0,0.0,0.0,0.0,0.0,0.0,0.11211601044237028,,0.11739287199999993,966.0
1789867443.6,3.0,7.0,0.0,0.0,,,,672.0,,10.0,0.0,0.0,0.0,0.0,0.0,0.11211601044237028,,0.11739287199999993,966.0
1789867445.8,4.0,6.0,0.0,0.0,,,,673.0,,10.0,0.0,0.0,0.0,0.0,0.0,0.11211601044237028,,0.11763907199999993,968.0
1789867448.1,4.0,6.0,0.0,0.0,,,,673.0,,10.0,0.0,0.0,0.0,0.0,0.0,0.11211601044237028,,0.11763907199999993,968.0
1789867450.4,4.0,6.0,0.0,0.0,,,,674.0,,10.0,0.0,0.0,0.0,0.0,0.0,0.11211601044237028,,0.11790283199999993,970.0
1789867452.6,4.0,6.0,0.0,0.0,,,,675.0,,10.0,0.0,0.0,0.0,0.0,0.0,0.11211601044237028,,0.11813747199999992,972.0
1789867455.0,4.0,6.0,0.0,0.0,,,,676.0,,10.0,0.0,0.0,0.0,0.0,0.0,0.11211601044237028,,0.11840961199999991,974.0
1789867457.3,4.0,6.0,0.0,0.0,,,,676.0,,10.0,0.0,0.0,0.0,0.0,0.0,0.11211601044237028,,0.11840961199999991,974.0
1789867459.6,4.0,6.0,0.0,0.0,,,,678.0,,10.0,0.0,0.0,0.0,0.0,0.0,0.11211601044237028,,0.11897807399999992,978.0
1789867461.9,4.0,6.0,0.0,0.0,,,,678.0,,10.0,0.0,0.0,0.0,0.0,0.0,0.11211601044237028,,0.11897807399999992,978.0
1789867464.1,3.0,7.0,0.0,0.0,,,,679.0,,10.0,0.0,0.0,0.0,0.0,0.0,0.11211601044237028,,0.11916773399999993,980.0
1789867466.4,4.0,6.0,0.0,0.0,,,,680.0,,10.0,0.0,0.0,0.0,0.0,0.0,0.11211601044237028,,0.11936891399999992,982.0
1789867468.6,3.0,7.0,0.0,0.0,,,,681.0,,10.0,0.0,0.0,0.0,0.0,0.0,0.11211601044237028,,0.11951659599999992,984.0
1789867470.9,4.0,6.0,0.0,0.0,,,,682.0,,10.0,0.0,0.0,0.0,0.0,0.0,0.11211601044237028,,0.11973213599999993,986.0
1789867473.2,4.0,6.0,0.0,0.0,,,,683.0,,10.0,0.0,0.0,0.0,0.0,0.0,0.11211601044237028,,0.11994077399999992,988.0
1789867475.4,4.0,6.0,0.0,0.0,,,,683.0,,10.0,0.0,0.0,0.0,0.0,0.0,0.11211601044237028,,0.11994077399999992,988.0
1789867477.7,4.0,6.0,0.0,0.0,,,,684.0,,10.0,0.0,0.0,0.0,0.0,0.0,0.11211601044237028,,0.12012331399999993,990.0
1789867480.1,4.0,6.0,0.0,0.0,,,,684.0,,10.0,0.0,0.0,0.0,0.0,0.0,0.11211601044237028,,0.12012331399999993,990.0
1789867482.4,3.0,7.0,0.0,0.0,,,,684.0,,10.0,0.0,0.0,0.0,0.0,0.0,0.11211601044237028,,0.12012331399999993,990.0
1789867484.7,3.0,7.0,0.0,0.0,,,,685.0,,10.0,0.0,0.0,0.0,0.0,0.0,0.11211601044237028,,0.12035351199999993,992.0
1789867486.9,3.0,7.0,0.0,0.0,,,,686.0,,10.0,0.0,0.0,0.0,0.0,0.0,0.11211601044237028,,0.12054889199999994,994.0
1789867489.2,4.0,6.0,0.0,0.0,,,,688.0,,10.0,0.0,0.0,0.0,0.0,0.0,0.11211601044237028,,0.12235633399999993,998.0
1789867491.5,4.0,6.0,0.0,0.0,,,,688.0,,10.0,0.0,0.0,0.0,0.0,0.0,0.11211601044237028,,0.12235633399999993,998.0
1789867493.7,3.0,7.0,0.0,0.0,,,,688.0,,10.0,0.0,0.0,0.0,0.0,0.0,0.11211601044237028,,0.12235633399999993,998.0
1789867496.0,4.0,6.0,0.0,0.0,,,,690.0,,10.0,0.0,0.0,0.0,0.0,0.0,0.11211601044237028,,0.12282189199999992,1002.0
1789867498.3,4.0,6.0,0.0,0.0,,,,691.0,,10.0,0.0,0.0,0.0,0.0,0.0,0.11211601044237028,,0.12298583199999992,1004.0
1789867500.5,4.0,6.0,0.0,0.0,,,,691.0,,10.0,0.0,0.0,0.0,0.0,0.0,0.11211601044237028,,0.12298583199999992,1004.0
1789867502.8,4.0,6.0,0.0,0.0,,,,691.0,,10.0,0.0,0.0,0.0,0.0,0.0,0.11211601044237028,,0.12298583199999992,1004.0
1789867505.1,4.0,6.0,0.0,0.0,,,,691.0,,10.0,0.0,0.0,0.0,0.0,0.0,0.11211601044237028,,0.12298583199999992,1004.0
1789867507.3,4.0,6.0,0.0,0.0,,,,691.0,,10.0,0.0,0.0,0.0,0.0,0.0,0.11211601044237028,,0.12298583199999992,1004.0
1789867509.6,4.0,6.0,0.0,0.0,,,,692.0,,10.0,0.0,0.0,0.0,0.0,0.0,0.11211601044237028,,0.12321311199999993,1006.0
1789867511.9,4.0,6.0,0.0,0.0,,,,692.0,,10.0,0.0,0.0,0.0,0.0,0.0,0.11211601044237028,,0.12321311199999993,1006.0
1789867514.1,4.0,6.0,0.0,0.0,,,,693.0,,10.0,0.0,0.0,0.0,0.0,0.0,0.11211601044237028,,0.12343367199999992,1008.0
1789867516.4,3.0,7.0,0.0,0.0,,,,694.0,,10.0,0.0,0.0,0.0,0.0,0.0,0.11211601044237028,,0.12373147199999993,1010.0
1789867518.7,4.0,6.0,0.0,0.0,,,,696.0,,10.0,0.0,0.0,0.0,0.0,0.0,0.11211601044237028,,0.12425311199999993,1014.0
1789867520.9,4.0,6.0,0.0,0.0,,,,698.0,,10.0,0.0,0.0,0.0,0.0,0.0,0.11211601044237028,,0.12471853399999992,1018.0
1789867523.2,4.0,6.0,0.0,0.0,,,,698.0,,10.0,0.0,0.0,0.0,0.0,0.0,0.11211601044237028,,0.12471853399999992,1018.0
1789867525.5,4.0,6.0,0.0,0.0,,,,698.0,,10.0,0.0,0.0,0.0,0.0,0.0,0.11211601044237028,,0.12471853399999992,1018.0
1789867527.7,4.0,6.0,0.0,0.0,,,,699.0,,10.0,0.0,0.0,0.0,0.0,0.0,0.11211601044237028,,0.12573597399999992,1020.0
1789867530.0,4.0,6.0,0.0,0.0,,,,699.0,,10.0,0.0,0.0,0.0,0.0,0.0,0.11211601044237028,,0.12573597399999992,1020.0
1789867532.2,4.0,6.0,0.0,0.0,,,,700.0,,10.0,0.0,0.0,0.0,0.0,0.0,0.11211601044237028,,0.12635513399999992,1022.0
1789867534.5,4.0,6.0,0.0,0.0,,,,700.0,,10.0,0.0,0.0,0.0,0.0,0.0,0.11211601044237028,,0.12635513399999992,1022.0
1789867536.8,4.0,6.0,0.0,0.0,,,,701.0,,10.0,0.0,0.0,0.0,0.0,0.0,0.11211601044237028,,0.1265721539999999,1024.0
1789867539.2,4.0,6.0,0.0,0.0,,,,702.0,,10.0,0.0,0.0,0.0,0.0,0.0,0.11211601044237028,,0.1267805519999999,1026.0
1789867541.5,3.0,7.0,0.0,0.0,,,,702.0,,10.0,0.0,0.0,0.0,0.0,0.0,0.11211601044237028,,0.1267805519999999,1026.0
1789867543.7,4.0,6.0,0.0,0.0,,,,704.0,,10.0,0.0,0.0,0.0,0.0,0.0,0.11211601044237028,,0.12719641199999993,1030.0
1789867546.0,3.0,7.0,0.0,0.0,,,,704.0,,10.0,0.0,0.0,0.0,0.0,0.0,0.11211601044237028,,0.12719641199999993,1030.0
1789867548.3,4.0,6.0,0.0,0.0,,,,705.0,,10.0,0.0,0.0,0.0,0.0,0.0,0.11211601044237028,,0.12746755199999993,1032.0
1789867550.5,3.0,7.0,0.0,0.0,,,,706.0,,10.0,0.0,0.0,0.0,0.0,0.0,0.11211601044237028,,0.12767279199999992,1034.0
1789867552.8,3.0,7.0,0.0,0.0,,,,707.0,,10.0,0.0,0.0,0.0,0.0,0.0,0.11211601044237028,,0.12789993199999994,1036.0
1789867555.1,3.0,7.0,0.0,0.0,,,,708.0,,10.0,0.0,0.0,0.0,0.0,0.0,0.11211601044237028,,0.12817299199999993,1038.0
1789867557.3,3.0,7.0,0.0,0.0,,,,709.0,,10.0,0.0,0.0,0.0,0.0,0.0,0.11211601044237028,,0.12840499199999994,1040.0
1789867559.6,4.0,6.0,0.0,0.0,,,,710.0,,10.0,0.0,0.0,0.0,0.0,0.0,0.11211601044237028,,0.12867927199999993,1042.0
1789867561.9,4.0,6.0,0.0,0.0,,,,710.0,,10.0,0.0,0.0,0.0,0.0,0.0,0.11211601044237028,,0.12867927199999993,1042.0
1789867564.2,4.0,6.0,0.0,0.0,,,,711.0,,10.0,0.0,0.0,0.0,0.0,0.0,0.11211601044237028,,0.12890169199999993,1044.0
1789867566.4,4.0,6.0,0.0,0.0,,,,711.0,,10.0,0.0,0.0,0.0,0.0,0.0,0.11211601044237028,,0.12890169199999993,1044.0
1789867568.7,4.0,6.0,0.0,0.0,,,,711.0,,10.0,0.0,0.0,0.0,0.0,0.0,0.11211601044237028,,0.12890169199999993,1044.0
1789867571.0,4.0,6.0,0.0,0.0,,,,712.0,,10.0,0.0,0.0,0.0,0.0,0.0,0.11211601044237028,,0.12909929199999992,1046.0
1789867573.2,3.0,7.0,0.0,0.0,,,,713.0,,10.0,0.0,0.0,0.0,0.0,0.0,0.11211601044237028,,0.12924625199999992,1048.0
1789867575.5,3.0,7.0,0.0,0.0,,,,713.0,,10.0,0.0,0.0,0.0,0.0,0.0,0.11211601044237028,,0.12924625199999992,1048.0
1789867577.8,4.0,6.0,0.0,0.0,,,,714.0,,10.0,0.0,0.0,0.0,0.0,0.0,0.11211601044237028,,0.12955605199999992,1050.0
1789867580.1,3.0,7.0,0.0,0.0,,,,714.0,,10.0,0.0,0.0,0.0,0.0,0.0,0.11211601044237028,,0.12955605199999992,1050.0
1789867582.3,4.0,6.0,0.0,0.0,,,,715.0,,10.0,0.0,0.0,0.0,0.0,0.0,0.11211601044237028,,0.12979043199999993,1052.0
1789867584.6,4.0,6.0,0.0,0.0,,,,715.0,,10.0,0.0,0.0,0.0,0.0,0.0,0.11211601044237028,,0.12979043199999993,1052.0
1789867586.9,4.0,6.0,0.0,0.0,,,,715.0,,10.0,0.0,0.0,0.0,0.0,0.0,0.11211601044237028,,0.12979043199999993,1052.0
1789867589.2,4.0,6.0,0.0,0.0,,,,715.0,,10.0,0.0,0.0,0.0,0.0,0.0,0.11211601044237028,,0.12979043199999993,1052.0
1789867591.5,4.0,6.0,0.0,0.0,,,,715.0,,10.0,0.0,0.0,0.0,0.0,0.0,0.11211601044237028,,0.12979043199999993,1052.0
1789867593.8,4.0,6.0,0.0,0.0,,,,715.0,,10.0,0.0,0.0,0.0,0.0,0.0,0.11211601044237028,,0.12979043199999993,1052.0
1789867596.1,4.0,6.0,0.0,0.0,,,,715.0,,10.0,0.0,0.0,0.0,0.0,0.0,0.11211601044237028,,0.12979043199999993,1052.0
1789867598.4,4.0,6.0,0.0,0.0,,,,715.0,,10.0,0.0,0.0,0.0,0.0,0.0,0.11211601044237028,,0.12979043199999993,1052.0
1789867600.7,4.0,6.0,0.0,0.0,,,,715.0,,10.0,0.0,0.0,0.0,0.0,0.0,0.11211601044237028,,0.12979043199999993,1052.0
1789867603.0,4.0,6.0,0.0,0.0,,,,716.0,,10.0,0.0,0.0,0.0,0.0,0.0,0.11211601044237028,,0.13005033199999994,1054.0
1789867605.3,4.0,6.0,0.0,0.0,,,,718.0,,10.0,0.0,0.0,0.0,0.0,0.0,0.11211601044237028,,0.13038555399999993,1058.0
1789867607.6,4.0,6.0,0.0,0.0,,,,718.0,,10.0,0.0,0.0,0.0,0.0,0.0,0.11211601044237028,,0.13038555399999993,1058.0
1789867609.9,4.0,6.0,0.0,0.0,,,,718.0,,10.0,0.0,0.0,0.0,0.0,0.0,0.11211601044237028,,0.13038555399999993,1058.0
1789867612.2,4.0,6.0,0.0,0.0,,,,719.0,,10.0,0.0,0.0,0.0,0.0,0.0,0.11211601044237028,,0.13053515399999993,1060.0
1789867614.4,4.0,6.0,0.0,0.0,,,,719.0,,10.0,0.0,0.0,0.0,0.0,0.0,0.11211601044237028,,0.13053515399999993,1060.0
1789867616.7,3.0,7.0,0.0,0.0,,,,719.0,,10.0,0.0,0.0,0.0,0.0,0.0,0.11211601044237028,,0.13053515399999993,1060.0
1789867619.0,4.0,6.0,0.0,0.0,,,,720.0,,10.0,0.0,0.0,0.0,0.0,0.0,0.11211601044237028,,0.13078029399999994,1062.0
1789867621.2,3.0,7.0,0.0,0.0,,,,720.0,,10.0,0.0,0.0,0.0,0.0,0.0,0.11211601044237028,,0.13078029399999994,1062.0
1789867623.5,4.0,6.0,0.0,0.0,,,,721.0,,10.0,0.0,0.0,0.0,0.0,0.0,0.11211601044237028,,0.13106009199999993,1064.0
1789867625.8,4.0,6.0,0.0,0.0,,,,721.0,,10.0,0.0,0.0,0.0,0.0,0.0,0.11211601044237028,,0.13106009199999993,1064.0
1789867628.0,3.0,7.0,0.0,0.0,,,,721.0,,10.0,0.0,0.0,0.0,0.0,0.0,0.11211601044237028,,0.13106009199999993,1064.0
1789867630.3,4.0,6.0,0.0,0.0,,,,722.0,,10.0,0.0,0.0,0.0,0.0,0.0,0.11211601044237028,,0.13138003199999992,1066.0
1789867632.6,4.0,6.0,0.0,0.0,,,,722.0,,10.0,0.0,0.0,0.0,0.0,0.0,0.11211601044237028,,0.13138003199999992,1066.0
1789867634.8,4.0,6.0,0.0,0.0,,,,722.0,,10.0,0.0,0.0,0.0,0.0,0.0,0.11211601044237028,,0.13138003199999992,1066.0
1789867637.1,4.0,6.0,0.0,0.0,,,,722.0,,10.0,0.0,0.0,0.0,0.0,0.0,0.11211601044237028,,0.13138003199999992,1066.0
1789867639.4,4.0,6.0,0.0,0.0,,,,722.0,,10.0,0.0,0.0,0.0,0.0,0.0,0.11211601044237028,,0.13138003199999992,1066.0
1789867641.7,4.0,6.0,0.0,0.0,,,,722.0,,10.0,0.0,0.0,0.0,0.0,0.0,0.11211601044237028,,0.13138003199999992,1066.0
1789867644.0,4.0,6.0,0.0,0.0,,,,722.0,,10.0,0.0,0.0,0.0,0.0,0.0,0.11211601044237028,,0.13138003199999992,1066.0
1789867646.3,4.0,6.0,0.0,0.0,,,,722.0,,10.0,0.0,0.0,0.0,0.0,0.0,0.11211601044237028,,0.13138003199999992,1066.0
1789867648.6,4.0,6.0,0.0,0.0,,,,722.0,,10.0,0.0,0.0,0.0,0.0,0.0,0.11211601044237028,,0.13138003199999992,1066.0
1789867650.9,4.0,6.0,0.0,0.0,,,,722.0,,10.0,0.0,0.0,0.0,0.0,0.0,0.11211601044237028,,0.13138003199999992,1066.0
1789867653.2,4.0,6.0,0.0,0.0,,,,722.0,,10.0,0.0,0.0,0.0,0.0,0.0,0.11211601044237028,,0.13138003199999992,1066.0
1789867655.4,4.0,6.0,0.0,0.0,,,,723.0,,10.0,0.0,0.0,0.0,0.0,0.0,0.11211601044237028,,0.13160477199999993,1068.0
1789867657.7,4.0,6.0,0.0,0.0,,,,723.0,,10.0,0.0,0.0,0.0,0.0,0.0,0.11211601044237028,,0.13160477199999993,1068.0
1789867660.0,4.0,6.0,0.0,0.0,,,,723.0,,10.0,0.0,0.0,0.0,0.0,0.0,0.11211601044237028,,0.13160477199999993,1068.0
1789867662.3,4.0,6.0,0.0,0.0,,,,723.0,,10.0,0.0,0.0,0.0,0.0,0.0,0.11211601044237028,,0.13160477199999993,1068.0
1789867664.5,4.0,6.0,0.0,0.0,,,,723.0,,10.0,0.0,0.0,0.0,0.0,0.0,0.11211601044237028,,0.13160477199999993,1068.0
1789867666.8,4.0,6.0,0.0,0.0,,,,724.0,,10.0,0.0,0.0,0.0,0.0,0.0,0.11211601044237028,,0.13187255199999992,1070.0
1789867669.1,4.0,6.0,0.0,0.0,,,,725.0,,10.0,0.0,0.0,0.0,0.0,0.0,0.11211601044237028,,0.13325911199999993,1072.0
1789867671.3,4.0,6.0,0.0,0.0,,,,726.0,,10.0,0.0,0.0,0.0,0.0,0.0,0.11211601044237028,,0.13453867199999994,1074.0
1789867673.6,4.0,6.0,0.0,0.0,,,,726.0,,10.0,0.0,0.0,0.0,0.0,0.0,0.11211601044237028,,0.13453867199999994,1074.0
1789867675.9,4.0,6.0,0.0,0.0,,,,726.0,,10.0,0.0,0.0,0.0,0.0,0.0,0.11211601044237028,,0.13453867199999994,1074.0
1789867678.1,4.0,6.0,0.0,0.0,,,,726.0,,10.0,0.0,0.0,0.0,0.0,0.0,0.11211601044237028,,0.13453867199999994,1074.0
1789867680.4,4.0,6.0,0.0,0.0,,,,726.0,,10.0,0.0,0.0,0.0,0.0,0.0,0.11211601044237028,,0.13453867199999994,1074.0
1789867682.7,4.0,6.0,0.0,0.0,,,,726.0,,10.0,0.0,0.0,0.0,0.0,0.0,0.11211601044237028,,0.13453867199999994,1074.0
1789867685.0,4.0,6.0,0.0,0.0,,,,727.0,,10.0,0.0,0.0,0.0,0.0,0.0,0.11211601044237028,,0.13477505199999992,1076.0
1789867687.3,4.0,6.0,0.0,0.0,,,,729.0,,10.0,0.0,0.0,0.0,0.0,0.0,0.11211601044237028,,0.13523695199999994,1080.0
1789867689.6,4.0,6.0,0.0,0.0,,,,729.0,,10.0,0.0,0.0,0.0,0.0,0.0,0.11211601044237028,,0.13523695199999994,1080.0
1789867691.8,4.0,6.0,0.0,0.0,,,,729.0,,10.0,0.0,0.0,0.0,0.0,0.0,0.11211601044237028,,0.13523695199999994,1080.0
1789867694.1,4.0,6.0,0.0,0.0,,,,730.0,,10.0,0.0,0.0,0.0,0.0,0.0,0.11211601044237028,,0.13565453199999994,1082.0
1789867696.4,4.0,6.0,0.0,0.0,,,,731.0,,10.0,0.0,0.0,0.0,0.0,0.0,0.11211601044237028,,0.13593037199999994,1084.0
1789867698.7,4.0,6.0,0.0,0.0,,,,731.0,,10.0,0.0,0.0,0.0,0.0,0.0,0.11211601044237028,,0.13593037199999994,1084.0
1789867701.0,4.0,6.0,0.0,0.0,,,,731.0,,10.0,0.0,0.0,0.0,0.0,0.0,0.11211601044237028,,0.13593037199999994,1084.0
1789867703.2,4.0,6.0,0.0,0.0,,,,731.0,,10.0,0.0,0.0,0.0,0.0,0.0,0.11211601044237028,,0.13593037199999994,1084.0
1789867705.5,4.0,6.0,0.0,0.0,,,,731.0,,10.0,0.0,0.0,0.0,0.0,0.0,0.11211601044237028,,0.13593037199999994,1084.0
1789867707.8,4.0,6.0,0.0,0.0,,,,731.0,,10.0,0.0,0.0,0.0,0.0,0.0,0.11211601044237028,,0.13593037199999994,1084.0
1789867710.0,4.0,6.0,0.0,0.0,,,,731.0,,10.0,0.0,0.0,0.0,0.0,0.0,0.11211601044237028,,0.13593037199999994,1084.0
1789867712.3,4.0,6.0,0.0,0.0,,,,731.0,,10.0,0.0,0.0,0.0,0.0,0.0,0.11211601044237028,,0.13593037199999994,1084.0
1789867714.6,4.0,6.0,0.0,0.0,,,,732.0,,10.0,0.0,0.0,0.0,0.0,0.0,0.11211601044237028,,0.13622259199999992,1086.0
1789867716.9,4.0,6.0,0.0,0.0,,,,732.0,,10.0,0.0,0.0,0.0,0.0,0.0,0.11211601044237028,,0.13622259199999992,1086.0
1789867719.1,3.0,7.0,0.0,0.0,,,,733.0,,10.0,0.0,0.0,0.0,0.0,0.0,0.11211601044237028,,0.13638086999999993,1088.0
1789867721.4,3.0,7.0,0.0,0.0,,,,734.0,,10.0,0.0,0.0,0.0,0.0,0.0,0.11211601044237028,,0.13661676999999994,1090.0
1789867723.7,3.0,7.0,0.0,0.0,,,,734.0,,10.0,0.0,0.0,0.0,0.0,0.0,0.11211601044237028,,0.13661676999999994,1090.0
1789867726.0,3.0,7.0,0.0,0.0,,,,734.0,,10.0,0.0,0.0,0.0,0.0,0.0,0.11211601044237028,,0.13661676999999994,1090.0
1789867728.3,4.0,6.0,0.0,0.0,,,,736.0,,10.0,0.0,0.0,0.0,0.0,0.0,0.11211601044237028,,0.13708310999999992,1094.0
1789867730.5,3.0,7.0,0.0,0.0,,,,736.0,,10.0,0.0,0.0,0.0,0.0,0.0,0.11211601044237028,,0.13708310999999992,1094.0
1789867732.8,2.0,8.0,0.0,0.0,,,,736.0,,10.0,0.0,0.0,0.0,0.0,0.0,0.11211601044237028,,0.13708310999999992,1094.0
1789867735.1,3.0,7.0,0.0,0.0,,,,737.0,,10.0,0.0,0.0,0.0,0.0,0.0,0.11211601044237028,,0.13732300999999994,1096.0
1789867737.3,4.0,6.0,0.0,0.0,,,,739.0,,10.0,0.0,0.0,0.0,0.0,0.0,0.11211601044237028,,0.13785130999999995,1100.0
1789867739.6,3.0,7.0,0.0,0.0,,,,740.0,,10.0,0.0,0.0,0.0,0.0,0.0,0.11211601044237028,,0.13821078999999994,1102.0
1789867741.9,4.0,6.0,0.0,0.0,,,,742.0,,10.0,0.0,0.0,0.0,0.0,0.0,0.11211601044237028,,0.13871145199999993,1106.0
1789867744.1,4.0,6.0,0.0,0.0,,,,742.0,,10.0,0.0,0.0,0.0,0.0,0.0,0.11211601044237028,,0.13871145199999993,1106.0
1789867746.4,4.0,6.0,0.0,0.0,,,,742.0,,10.0,0.0,0.0,0.0,0.0,0.0,0.11211601044237028,,0.13871145199999993,1106.0
1789867748.7,4.0,6.0,0.0,0.0,,,,743.0,,10.0,0.0,0.0,0.0,0.0,0.0,0.11211601044237028,,0.13890169199999994,1108.0
1789867751.0,4.0,6.0,0.0,0.0,,,,744.0,,10.0,0.0,0.0,0.0,0.0,0.0,0.11211601044237028,,0.13923057199999994,1110.0
1789867753.3,3.0,7.0,0.0,0.0,,,,744.0,,10.0,0.0,0.0,0.0,0.0,0.0,0.11211601044237028,,0.13923057199999994,1110.0
1789867755.5,4.0,6.0,0.0,0.0,,,,745.0,,10.0,0.0,0.0,0.0,0.0,0.0,0.11211601044237028,,0.13937439199999993,1112.0
1789867757.8,4.0,6.0,0.0,0.0,,,,745.0,,10.0,0.0,0.0,0.0,0.0,0.0,0.11211601044237028,,0.13937439199999993,1112.0
1789867760.1,4.0,6.0,0.0,0.0,,,,745.0,,10.0,0.0,0.0,0.0,0.0,0.0,0.11211601044237028,,0.13937439199999993,1112.0
1789867762.3,4.0,6.0,0.0,0.0,,,,745.0,,10.0,0.0,0.0,0.0,0.0,0.0,0.11211601044237028,,0.13937439199999993,1112.0
1789867764.6,4.0,6.0,0.0,0.0,,,,745.0,,10.0,0.0,0.0,0.0,0.0,0.0,0.11211601044237028,,0.13937439199999993,1112.0
1789867766.9,4.0,6.0,0.0,0.0,,,,745.0,,10.0,0.0,0.0,0.0,0.0,0.0,0.11211601044237028,,0.13937439199999993,1112.0
1789867769.2,4.0,6.0,0.0,0.0,,,,746.0,,10.0,0.0,0.0,0.0,0.0,0.0,0.11211601044237028,,0.13952142999999995,1114.0
1789867771.4,4.0,6.0,0.0,0.0,,,,746.0,,10.0,0.0,0.0,0.0,0.0,0.0,0.11211601044237028,,0.13952142999999995,1114.0
1789867773.7,4.0,6.0,0.0,0.0,,,,746.0,,10.0,0.0,0.0,0.0,0.0,0.0,0.11211601044237028,,0.13952142999999995,1114.0
1789867776.0,4.0,6.0,0.0,0.0,,,,747.0,,10.0,0.0,0.0,0.0,0.0,0.0,0.11211601044237028,,0.13977624999999994,1116.0
1789867778.3,3.0,7.0,0.0,0.0,,,,747.0,,10.0,0.0,0.0,0.0,0.0,0.0,0.11211601044237028,,0.13977624999999994,1116.0
1789867780.5,4.0,6.0,0.0,0.0,,,,748.0,,10.0,0.0,0.0,0.0,0.0,0.0,0.11211601044237028,,0.14002066999999993,1118.0
1789867782.8,4.0,6.0,0.0,0.0,,,,748.0,,10.0,0.0,0.0,0.0,0.0,0.0,0.11211601044237028,,0.14002066999999993,1118.0
1789867785.1,4.0,6.0,0.0,0.0,,,,748.0,,10.0,0.0,0.0,0.0,0.0,0.0,0.11211601044237028,,0.14002066999999993,1118.0
1789867787.4,4.0,6.0,0.0,0.0,,,,749.0,,10.0,0.0,0.0,0.0,0.0,0.0,0.11211601044237028,,0.14026264999999993,1120.0
1789867789.7,4.0,6.0,0.0,0.0,,,,750.0,,10.0,0.0,0.0,0.0,0.0,0.0,0.11211601044237028,,0.14051958999999994,1122.0
1789867791.9,4.0,6.0,0.0,0.0,,,,750.0,,10.0,0.0,0.0,0.0,0.0,0.0,0.11211601044237028,,0.14051958999999994,1122.0
1789867794.2,4.0,6.0,0.0,0.0,,,,751.0,,10.0,0.0,0.0,0.0,0.0,0.0,0.11211601044237028,,0.14081272999999994,1124.0
1789867796.5,3.0,7.0,0.0,0.0,,,,752.0,,10.0,0.0,0.0,0.0,0.0,0.0,0.11211601044237028,,0.14099742999999992,1126.0
1789867798.8,4.0,6.0,0.0,0.0,,,,753.0,,10.0,0.0,0.0,0.0,0.0,0.0,0.11211601044237028,,0.14122408999999994,1128.0
1789867801.0,3.0,7.0,0.0,0.0,,,,753.0,,10.0,0.0,0.0,0.0,0.0,0.0,0.11211601044237028,,0.14122408999999994,1128.0
1789867803.3,4.0,6.0,0.0,0.0,,,,754.0,,10.0,0.0,0.0,0.0,0.0,0.0,0.11211601044237028,,0.14162280999999993,1130.0
1789867805.5,4.0,6.0,0.0,0.0,,,,754.0,,10.0,0.0,0.0,0.0,0.0,0.0,0.11211601044237028,,0.14162280999999993,1130.0
1789867807.8,2.0,8.0,0.0,0.0,,,,754.0,,10.0,0.0,0.0,0.0,0.0,0.0,0.11211601044237028,,0.14162280999999993,1130.0
1789867810.1,4.0,6.0,0.0,0.0,,,,756.0,,10.0,0.0,0.0,0.0,0.0,0.0,0.11211601044237028,,0.14207284999999992,1134.0
1789867812.4,3.0,7.0,0.0,0.0,,,,756.0,,10.0,0.0,0.0,0.0,0.0,0.0,0.11211601044237028,,0.14207284999999992,1134.0
1789867814.7,4.0,6.0,0.0,0.0,,,,759.0,,10.0,0.0,0.0,0.0,0.0,0.0,0.11211601044237028,,0.14265946999999993,1140.0
1789867817.0,3.0,7.0,0.0,0.0,,,,759.0,,10.0,0.0,0.0,0.0,0.0,0.0,0.11211601044237028,,0.14265946999999993,1140.0
1789867819.2,4.0,6.0,0.0,0.0,,,,761.0,,10.0,0.0,0.0,0.0,0.0,0.0,0.11211601044237028,,0.14305338799999992,1144.0
1789867821.5,4.0,6.0,0.0,0.0,,,,761.0,,10.0,0.0,0.0,0.0,0.0,0.0,0.11211601044237028,,0.14305338799999992,1144.0
1789867823.8,4.0,6.0,0.0,0.0,,,,761.0,,10.0,0.0,0.0,0.0,0.0,0.0,0.11211601044237028,,0.14305338799999992,1144.0
1789867826.1,4.0,6.0,0.0,0.0,,,,761.0,,10.0,0.0,0.0,0.0,0.0,0.0,0.11211601044237028,,0.14305338799999992,1144.0
1789867828.3,4.0,6.0,0.0,0.0,,,,761.0,,10.0,0.0,0.0,0.0,0.0,0.0,0.11211601044237028,,0.14305338799999992,1144.0
1789867830.6,4.0,6.0,0.0,0.0,,,,761.0,,10.0,0.0,0.0,0.0,0.0,0.0,0.11211601044237028,,0.14305338799999992,1144.0
1789867832.9,4.0,6.0,0.0,0.0,,,,761.0,,10.0,0.0,0.0,0.0,0.0,0.0,0.11211601044237028,,0.14305338799999992,1144.0
1789867835.1,4.0,6.0,0.0,0.0,,,,761.0,,10.0,0.0,0.0,0.0,0.0,0.0,0.11211601044237028,,0.14305338799999992,1144.0
1789867837.4,4.0,6.0,0.0,0.0,,,,761.0,,10.0,0.0,0.0,0.0,0.0,0.0,0.11211601044237028,,0.14305338799999992,1144.0
1789867839.7,4.0,6.0,0.0,0.0,,,,761.0,,10.0,0.0,0.0,0.0,0.0,0.0,0.11211601044237028,,0.14305338799999992,1144.0
1789867842.0,4.0,6.0,0.0,0.0,,,,762.0,,10.0,0.0,0.0,0.0,0.0,0.0,0.11211601044237028,,0.14330730799999994,1146.0
1789867844.3,4.0,6.0,0.0,0.0,,,,763.0,,10.0,0.0,0.0,0.0,0.0,0.0,0.11211601044237028,,0.14396084799999992,1148.0
1789867846.6,4.0,6.0,0.0,0.0,,,,763.0,,10.0,0.0,0.0,0.0,0.0,0.0,0.11211601044237028,,0.14396084799999992,1148.0
1789867848.8,4.0,6.0,0.0,0.0,,,,763.0,,10.0,0.0,0.0,0.0,0.0,0.0,0.11211601044237028,,0.14396084799999992,1148.0
1789867851.1,4.0,6.0,0.0,0.0,,,,763.0,,10.0,0.0,0.0,0.0,0.0,0.0,0.11211601044237028,,0.14396084799999992,1148.0
1789867853.4,4.0,6.0,0.0,0.0,,,,764.0,,10.0,0.0,0.0,0.0,0.0,0.0,0.11211601044237028,,0.14416758799999993,1150.0
1789867855.7,4.0,6.0,0.0,0.0,,,,765.0,,10.0,0.0,0.0,0.0,0.0,0.0,0.11211601044237028,,0.14439998799999992,1152.0
1789867857.9,4.0,6.0,0.0,0.0,,,,765.0,,10.0,0.0,0.0,0.0,0.0,0.0,0.11211601044237028,,0.14439998799999992,1152.0
1789867860.2,4.0,6.0,0.0,0.0,,,,765.0,,10.0,0.0,0.0,0.0,0.0,0.0,0.11211601044237028,,0.14439998799999992,1152.0
1789867862.5,4.0,6.0,0.0,0.0,,,,766.0,,10.0,0.0,0.0,0.0,0.0,0.0,0.11211601044237028,,0.14467320799999991,1154.0
1789867864.7,4.0,6.0,0.0,0.0,,,,766.0,,10.0,0.0,0.0,0.0,0.0,0.0,0.11211601044237028,,0.14467320799999991,1154.0
1789867867.0,4.0,6.0,0.0,0.0,,,,766.0,,10.0,0.0,0.0,0.0,0.0,0.0,0.11211601044237028,,0.14467320799999991,1154.0
1789867869.4,4.0,6.0,0.0,0.0,,,,767.0,,10.0,0.0,0.0,0.0,0.0,0.0,0.11211601044237028,,0.14488478799999993,1156.0
1789867871.7,4.0,6.0,0.0,0.0,,,,767.0,,10.0,0.0,0.0,0.0,0.0,0.0,0.11211601044237028,,0.14488478799999993,1156.0
1789867873.9,4.0,6.0,0.0,0.0,,,,767.0,,10.0,0.0,0.0,0.0,0.0,0.0,0.11211601044237028,,0.14488478799999993,1156.0
1789867876.2,4.0,6.0,0.0,0.0,,,,768.0,,10.0,0.0,0.0,0.0,0.0,0.0,0.11211601044237028,,0.14507418799999994,1158.0
1789867878.6,4.0,6.0,0.0,0.0,,,,768.0,,10.0,0.0,0.0,0.0,0.0,0.0,0.11211601044237028,,0.14507418799999994,1158.0
1789867880.9,4.0,6.0,0.0,0.0,,,,769.0,,10.0,0.0,0.0,0.0,0.0,0.0,0.11211601044237028,,0.14533666799999992,1160.0
1789867883.1,4.0,6.0,0.0,0.0,,,,769.0,,10.0,0.0,0.0,0.0,0.0,0.0,0.11211601044237028,,0.14533666799999992,1160.0
1789867885.4,4.0,6.0,0.0,0.0,,,,770.0,,10.0,0.0,0.0,0.0,0.0,0.0,0.11211601044237028,,0.14567848999999994,1162.0
1789867887.8,4.0,6.0,0.0,0.0,,,,771.0,,10.0,0.0,0.0,0.0,0.0,0.0,0.11211601044237028,,0.14595244999999993,1164.0
1789867890.1,4.0,6.0,0.0,0.0,,,,771.0,,10.0,0.0,0.0,0.0,0.0,0.0,0.11211601044237028,,0.14595244999999993,1164.0
1789867892.3,4.0,6.0,0.0,0.0,,,,771.0,,10.0,0.0,0.0,0.0,0.0,0.0,0.11211601044237028,,0.14595244999999993,1164.0
1789867894.6,4.0,6.0,0.0,0.0,,,,771.0,,10.0,0.0,0.0,0.0,0.0,0.0,0.11211601044237028,,0.14595244999999993,1164.0
1789867896.9,4.0,6.0,0.0,0.0,,,,772.0,,10.0,0.0,0.0,0.0,0.0,0.0,0.11211601044237028,,0.14725516999999994,1166.0
1789867899.2,4.0,6.0,0.0,0.0,,,,772.0,,10.0,0.0,0.0,0.0,0.0,0.0,0.11211601044237028,,0.14725516999999994,1166.0
1789867901.4,4.0,6.0,0.0,0.0,,,,772.0,,10.0,0.0,0.0,0.0,0.0,0.0,0.11211601044237028,,0.14725516999999994,1166.0
1789867903.7,4.0,6.0,0.0,0.0,,,,772.0,,10.0,0.0,0.0,0.0,0.0,0.0,0.11211601044237028,,0.14725516999999994,1166.0
1789867906.0,4.0,6.0,0.0,0.0,,,,773.0,,10.0,0.0,0.0,0.0,0.0,0.0,0.11211601044237028,,0.14750534999999992,1168.0
1789867908.3,4.0,6.0,0.0,0.0,,,,774.0,,10.0,0.0,0.0,0.0,0.0,0.0,0.11211601044237028,,0.1477492099999999,1170.0
1789867910.6,4.0,6.0,0.0,0.0,,,,774.0,,10.0,0.0,0.0,0.0,0.0,0.0,0.11211601044237028,,0.1477492099999999,1170.0
1789867912.8,4.0,6.0,0.0,0.0,,,,774.0,,10.0,0.0,0.0,0.0,0.0,0.0,0.11211601044237028,,0.1477492099999999,1170.0
1789867915.1,4.0,6.0,0.0,0.0,,,,775.0,,10.0,0.0,0.0,0.0,0.0,0.0,0.11211601044237028,,0.1479121499999999,1172.0
1789867917.4,4.0,6.0,0.0,0.0,,,,775.0,,10.0,0.0,0.0,0.0,0.0,0.0,0.11211601044237028,,0.1479121499999999,1172.0
1789867919.6,4.0,6.0,0.0,0.0,,,,777.0,,10.0,0.0,0.0,0.0,0.0,0.0,0.11211601044237028,,0.14834773199999993,1176.0
1789867921.9,3.0,7.0,0.0,0.0,,,,777.0,,10.0,0.0,0.0,0.0,0.0,0.0,0.11211601044237028,,0.14834773199999993,1176.0
1789867924.1,4.0,6.0,0.0,0.0,,,,778.0,,10.0,0.0,0.0,0.0,0.0,0.0,0.11211601044237028,,0.14857041199999993,1178.0
1789867926.4,4.0,6.0,0.0,0.0,,,,779.0,,10.0,0.0,0.0,0.0,0.0,0.0,0.11211601044237028,,0.14884053199999994,1180.0
1789867928.7,4.0,6.0,0.0,0.0,,,,779.0,,10.0,0.0,0.0,0.0,0.0,0.0,0.11211601044237028,,0.14884053199999994,1180.0
1789867930.9,4.0,6.0,0.0,0.0,,,,779.0,,10.0,0.0,0.0,0.0,0.0,0.0,0.11211601044237028,,0.14884053199999994,1180.0
1789867933.2,4.0,6.0,0.0,0.0,,,,780.0,,10.0,0.0,0.0,0.0,0.0,0.0,0.11211601044237028,,0.14914599199999992,1182.0
1789867935.5,4.0,6.0,0.0,0.0,,,,781.0,,10.0,0.0,0.0,0.0,0.0,0.0,0.11211601044237028,,0.14952957199999994,1184.0
1789867937.8,4.0,6.0,0.0,0.0,,,,782.0,,10.0,0.0,0.0,0.0,0.0,0.0,0.11211601044237028,,0.14976375199999994,1186.0
1789867940.0,2.0,8.0,0.0,0.0,,,,782.0,,10.0,0.0,0.0,0.0,0.0,0.0,0.11211601044237028,,0.14976375199999994,1186.0
1789867942.3,3.0,7.0,0.0,0.0,,,,784.0,,10.0,0.0,0.0,0.0,0.0,0.0,0.11211601044237028,,0.15066747199999994,1190.0
1789867944.6,4.0,6.0,0.0,0.0,,,,785.0,,10.0,0.0,0.0,0.0,0.0,0.0,0.11211601044237028,,0.15090609199999994,1192.0
1789867946.9,4.0,6.0,0.0,0.0,,,,785.0,,10.0,0.0,0.0,0.0,0.0,0.0,0.11211601044237028,,0.15090609199999994,1192.0
1789867949.2,3.0,7.0,0.0,0.0,,,,786.0,,10.0,0.0,0.0,0.0,0.0,0.0,0.11211601044237028,,0.15190235199999993,1194.0
1789867951.4,3.0,7.0,0.0,0.0,,,,788.0,,10.0,0.0,0.0,0.0,0.0,0.0,0.11211601044237028,,0.15236839199999994,1198.0
1789867953.7,3.0,7.0,0.0,0.0,,,,789.0,,10.0,0.0,0.0,0.0,0.0,0.0,0.11211601044237028,,0.15261199199999992,1200.0
1789867956.0,3.0,7.0,0.0,0.0,,,,789.0,,10.0,0.0,0.0,0.0,0.0,0.0,0.11211601044237028,,0.15261199199999992,1200.0
1789867958.2,2.0,8.0,0.0,0.0,,,,789.0,,10.0,0.0,0.0,0.0,0.0,0.0,0.11211601044237028,,0.15261199199999992,1200.0
1789867960.5,2.0,8.0,0.0,0.0,,,,789.0,,10.0,0.0,0.0,0.0,0.0,0.0,0.11211601044237028,,0.15261199199999992,1200.0
1789867962.8,3.0,7.0,0.0,0.0,,,,791.0,,10.0,0.0,0.0,0.0,0.0,0.0,0.11211601044237028,,0.15309029199999993,1204.0
1789867965.0,3.0,7.0,0.0,0.0,,,,791.0,,10.0,0.0,0.0,0.0,0.0,0.0,0.11211601044237028,,0.15309029199999993,1204.0
1789867967.3,3.0,7.0,0.0,0.0,,,,792.0,,10.0,0.0,0.0,0.0,0.0,0.0,0.11211601044237028,,0.15331589199999993,1206.0
1789867969.6,2.0,8.0,0.0,0.0,,,,793.0,,10.0,0.0,0.0,0.0,0.0,0.0,0.11211601044237028,,0.15347663199999992,1208.0
1789867972.0,2.0,8.0,0.0,0.0,,,,793.0,,10.0,0.0,0.0,0.0,0.0,0.0,0.11211601044237028,,0.15347663199999992,1208.0
1789867974.3,3.0,7.0,0.0,0.0,,,,795.0,,10.0,0.0,0.0,0.0,0.0,0.0,0.11211601044237028,,0.1539671119999999,1212.0
1789867976.6,1.0,9.0,0.0,0.0,,,,795.0,,10.0,0.0,0.0,0.0,0.0,0.0,0.11211601044237028,,0.1539671119999999,1212.0
1789867978.9,2.0,8.0,0.0,0.0,,,,796.0,,10.0,0.0,0.0,0.0,0.0,0.0,0.11211601044237028,,0.15424451199999992,1214.0
1789867981.2,3.0,7.0,0.0,0.0,,,,797.0,,10.0,0.0,0.0,0.0,0.0,0.0,0.11211601044237028,,0.1544354319999999,1216.0
1789867983.4,3.0,7.0,0.0,0.0,,,,797.0,,10.0,0.0,0.0,0.0,0.0,0.0,0.11211601044237028,,0.1544354319999999,1216.0
1789867985.7,2.0,8.0,0.0,0.0,,,,797.0,,10.0,0.0,0.0,0.0,0.0,0.0,0.11211601044237028,,0.1544354319999999,1216.0
1789867988.0,3.0,7.0,0.0,0.0,,,,798.0,,10.0,0.0,0.0,0.0,0.0,0.0,0.11211601044237028,,0.1547335719999999,1218.0
1789867990.2,3.0,7.0,0.0,0.0,,,,799.0,,10.0,0.0,0.0,0.0,0.0,0.0,0.11211601044237028,,0.1549566319999999,1220.0
1789867992.5,2.0,8.0,0.0,0.0,,,,800.0,,10.0,0.0,0.0,0.0,0.0,0.0,0.11211601044237028,,0.1551536719999999,1222.0
1789867994.8,2.0,8.0,0.0,0.0,,,,801.0,,10.0,0.0,0.0,0.0,0.0,0.0,0.11211601044237028,,0.15535746999999991,1224.0
1789867997.0,1.0,9.0,0.0,0.0,,,,801.0,,10.0,0.0,0.0,0.0,0.0,0.0,0.11211601044237028,,0.15535746999999991,1224.0
1789867999.3,2.0,8.0,0.0,0.0,,,,802.0,,10.0,0.0,0.0,0.0,0.0,0.0,0.11211601044237028,,0.1556144319999999,1226.0
1789868001.6,1.0,9.0,0.0,0.0,,,,802.0,,10.0,0.0,0.0,0.0,0.0,0.0,0.11211601044237028,,0.1556144319999999,1226.0
1789868003.8,2.0,8.0,0.0,0.0,,,,803.0,,10.0,0.0,0.0,0.0,0.0,0.0,0.11211601044237028,,0.15588635399999992,1228.0
1789868006.1,2.0,8.0,0.0,0.0,,,,803.0,,10.0,0.0,0.0,0.0,0.0,0.0,0.11211601044237028,,0.15588635399999992,1228.0
1789868008.4,2.0,8.0,0.0,0.0,,,,803.0,,10.0,0.0,0.0,0.0,0.0,0.0,0.11211601044237028,,0.15588635399999992,1228.0
1789868010.7,2.0,8.0,0.0,0.0,,,,804.0,,10.0,0.0,0.0,0.0,0.0,0.0,0.11211601044237028,,0.15614083399999992,1230.0
1789868012.9,1.0,9.0,0.0,0.0,,,,804.0,,10.0,0.0,0.0,0.0,0.0,0.0,0.11211601044237028,,0.15614083399999992,1230.0
1789868015.2,2.0,8.0,0.0,0.0,,,,805.0,,10.0,0.0,0.0,0.0,0.0,0.0,0.11211601044237028,,0.1564178139999999,1232.0
1789868017.4,2.0,8.0,0.0,0.0,,,,806.0,,10.0,0.0,0.0,0.0,0.0,0.0,0.11211601044237028,,0.1566896339999999,1234.0
1789868019.7,2.0,8.0,0.0,0.0,,,,806.0,,10.0,0.0,0.0,0.0,0.0,0.0,0.11211601044237028,,0.1566896339999999,1234.0
1789868022.0,1.0,9.0,0.0,0.0,,,,806.0,,10.0,0.0,0.0,0.0,0.0,0.0,0.11211601044237028,,0.1566896339999999,1234.0
1789868024.3,1.0,9.0,0.0,0.0,,,,807.0,,10.0,0.0,0.0,0.0,0.0,0.0,0.11211601044237028,,0.15696549399999993,1236.0
1789868026.5,2.0,8.0,0.0,0.0,,,,808.0,,10.0,0.0,0.0,0.0,0.0,0.0,0.11211601044237028,,0.15720641399999993,1238.0
1789868028.8,2.0,8.0,0.0,0.0,,,,808.0,,10.0,0.0,0.0,0.0,0.0,0.0,0.11211601044237028,,0.15720641399999993,1238.0
1789868031.1,2.0,8.0,0.0,0.0,,,,808.0,,10.0,0.0,0.0,0.0,0.0,0.0,0.11211601044237028,,0.15720641399999993,1238.0
1789868033.3,2.0,8.0,0.0,0.0,,,,808.0,,10.0,0.0,0.0,0.0,0.0,0.0,0.11211601044237028,,0.15720641399999993,1238.0
1789868035.6,2.0,8.0,0.0,0.0,,,,808.0,,10.0,0.0,0.0,0.0,0.0,0.0,0.11211601044237028,,0.15720641399999993,1238.0
1789868037.9,2.0,8.0,0.0,0.0,,,,809.0,,10.0,0.0,0.0,0.0,0.0,0.0,0.11211601044237028,,0.15742633399999992,1240.0
1789868040.2,2.0,8.0,0.0,0.0,,,,809.0,,10.0,0.0,0.0,0.0,0.0,0.0,0.11211601044237028,,0.15742633399999992,1240.0
1789868042.4,2.0,8.0,0.0,0.0,,,,809.0,,10.0,0.0,0.0,0.0,0.0,0.0,0.11211601044237028,,0.15742633399999992,1240.0
1789868044.7,2.0,8.0,0.0,0.0,,,,809.0,,10.0,0.0,0.0,0.0,0.0,0.0,0.11211601044237028,,0.15742633399999992,1240.0
1789868047.0,2.0,8.0,0.0,0.0,,,,810.0,,10.0,0.0,0.0,0.0,0.0,0.0,0.11211601044237028,,0.1583267939999999,1242.0
1789868049.2,2.0,8.0,0.0,0.0,,,,810.0,,10.0,0.0,0.0,0.0,0.0,0.0,0.11211601044237028,,0.1583267939999999,1242.0
1789868051.5,2.0,8.0,0.0,0.0,,,,810.0,,10.0,0.0,0.0,0.0,0.0,0.0,0.11211601044237028,,0.1583267939999999,1242.0
1789868053.8,2.0,8.0,0.0,0.0,,,,811.0,,10.0,0.0,0.0,0.0,0.0,0.0,0.11211601044237028,,0.1586776159999999,1244.0
1789868056.0,2.0,8.0,0.0,0.0,,,,811.0,,10.0,0.0,0.0,0.0,0.0,0.0,0.11211601044237028,,0.1586776159999999,1244.0
1789868058.3,1.0,9.0,0.0,0.0,,,,811.0,,10.0,0.0,0.0,0.0,0.0,0.0,0.11211601044237028,,0.1586776159999999,1244.0
1789868060.6,1.0,9.0,0.0,0.0,,,,811.0,,10.0,0.0,0.0,0.0,0.0,0.0,0.11211601044237028,,0.1586776159999999,1244.0
1789868062.8,2.0,8.0,0.0,0.0,,,,812.0,,10.0,0.0,0.0,0.0,0.0,0.0,0.11211601044237028,,0.1589754559999999,1246.0
1789868065.1,2.0,8.0,0.0,0.0,,,,812.0,,10.0,0.0,0.0,0.0,0.0,0.0,0.11211601044237028,,0.1589754559999999,1246.0
1789868067.4,2.0,8.0,0.0,0.0,,,,812.0,,10.0,0.0,0.0,0.0,0.0,0.0,0.11211601044237028,,0.1589754559999999,1246.0
1789868069.6,2.0,8.0,0.0,0.0,,,,813.0,,10.0,0.0,0.0,0.0,0.0,0.0,0.11211601044237028,,0.1591815159999999,1248.0
1789868071.9,2.0,8.0,0.0,0.0,,,,813.0,,10.0,0.0,0.0,0.0,0.0,0.0,0.11211601044237028,,0.1591815159999999,1248.0
1789868074.2,2.0,8.0,0.0,0.0,,,,814.0,,10.0,0.0,0.0,0.0,0.0,0.0,0.11211601044237028,,0.15944019599999992,1250.0
1789868076.4,1.0,9.0,0.0,0.0,,,,814.0,,10.0,0.0,0.0,0.0,0.0,0.0,0.11211601044237028,,0.15944019599999992,1250.0
1789868078.7,2.0,8.0,0.0,0.0,,,,815.0,,10.0,0.0,0.0,0.0,0.0,0.0,0.11211601044237028,,0.15964911599999992,1252.0
1789868081.0,2.0,8.0,0.0,0.0,,,,816.0,,10.0,0.0,0.0,0.0,0.0,0.0,0.11211601044237028,,0.1598685579999999,1254.0
1789868083.4,1.0,9.0,0.0,0.0,,,,816.0,,10.0,0.0,0.0,0.0,0.0,0.0,0.11211601044237028,,0.1598685579999999,1254.0
1789868085.7,0.0,10.0,0.0,0.0,,,,816.0,,10.0,0.0,0.0,0.0,0.0,0.0,0.11211601044237028,,0.1598685579999999,1254.0
1789868087.9,1.0,9.0,0.0,0.0,,,,817.0,,10.0,0.0,0.0,0.0,0.0,0.0,0.11211601044237028,,0.1601355599999999,1256.0
1789868090.2,2.0,8.0,0.0,0.0,,,,818.0,,10.0,0.0,0.0,0.0,0.0,0.0,0.11211601044237028,,0.16033905999999992,1258.0
1789868092.5,2.0,8.0,0.0,0.0,,,,819.0,,10.0,0.0,0.0,0.0,0.0,0.0,0.11211601044237028,,0.16056995999999993,1260.0
1789868094.7,1.0,9.0,0.0,0.0,,,,819.0,,10.0,0.0,0.0,0.0,0.0,0.0,0.11211601044237028,,0.16056995999999993,1260.0
1789868097.0,2.0,8.0,0.0,0.0,,,,820.0,,10.0,0.0,0.0,0.0,0.0,0.0,0.11211601044237028,,0.16081989999999993,1262.0
1789868099.3,2.0,8.0,0.0,0.0,,,,821.0,,10.0,0.0,0.0,0.0,0.0,0.0,0.11211601044237028,,0.16104921999999994,1264.0
1789868101.5,1.0,9.0,0.0,0.0,,,,821.0,,10.0,0.0,0.0,0.0,0.0,0.0,0.11211601044237028,,0.16104921999999994,1264.0
1789868103.8,2.0,8.0,0.0,0.0,,,,822.0,,10.0,0.0,0.0,0.0,0.0,0.0,0.11211601044237028,,0.16135865999999993,1266.0
1789868106.0,0.0,10.0,0.0,0.0,,,,822.0,,10.0,0.0,0.0,0.0,0.0,0.0,0.11211601044237028,,0.16135865999999993,1266.0
1789868108.3,2.0,8.0,0.0,0.0,,,,824.0,,10.0,0.0,0.0,0.0,0.0,0.0,0.11211601044237028,,0.16186381999999994,1270.0
1789868110.6,2.0,8.0,0.0,0.0,,,,824.0,,10.0,0.0,0.0,0.0,0.0,0.0,0.11211601044237028,,0.16186381999999994,1270.0
1789868112.8,1.0,9.0,0.0,0.0,,,,824.0,,10.0,0.0,0.0,0.0,0.0,0.0,0.11211601044237028,,0.16186381999999994,1270.0
1789868115.1,2.0,8.0,0.0,0.0,,,,825.0,,10.0,0.0,0.0,0.0,0.0,0.0,0.11211601044237028,,0.1625813399999999,1272.0
1789868117.4,2.0,8.0,0.0,0.0,,,,825.0,,10.0,0.0,0.0,0.0,0.0,0.0,0.11211601044237028,,0.1625813399999999,1272.0
1789868119.7,1.0,9.0,0.0,0.0,,,,825.0,,10.0,0.0,0.0,0.0,0.0,0.0,0.11211601044237028,,0.1625813399999999,1272.0
1789868121.9,2.0,8.0,0.0,0.0,,,,826.0,,10.0,0.0,0.0,0.0,0.0,0.0,0.11211601044237028,,0.16279227999999993,1274.0
1789868124.2,2.0,8.0,0.0,0.0,,,,827.0,,10.0,0.0,0.0,0.0,0.0,0.0,0.11211601044237028,,0.16299267999999992,1276.0
1789868126.4,2.0,8.0,0.0,0.0,,,,827.0,,10.0,0.0,0.0,0.0,0.0,0.0,0.11211601044237028,,0.16299267999999992,1276.0
1789868128.7,1.0,9.0,0.0,0.0,,,,827.0,,10.0,0.0,0.0,0.0,0.0,0.0,0.11211601044237028,,0.16299267999999992,1276.0
1789868131.0,1.0,9.0,0.0,0.0,,,,827.0,,10.0,0.0,0.0,0.0,0.0,0.0,0.11211601044237028,,0.16299267999999992,1276.0
1789868133.2,2.0,8.0,0.0,0.0,,,,829.0,,10.0,0.0,0.0,0.0,0.0,0.0,0.11211601044237028,,0.16335959999999994,1280.0
1789868135.5,2.0,8.0,0.0,0.0,,,,829.0,,10.0,0.0,0.0,0.0,0.0,0.0,0.11211601044237028,,0.16335959999999994,1280.0
1789868137.8,2.0,8.0,0.0,0.0,,,,829.0,,10.0,0.0,0.0,0.0,0.0,0.0,0.11211601044237028,,0.16335959999999994,1280.0
1789868140.0,1.0,9.0,0.0,0.0,,,,829.0,,10.0,0.0,0.0,0.0,0.0,0.0,0.11211601044237028,,0.16335959999999994,1280.0
1789868142.3,1.0,9.0,0.0,0.0,,,,829.0,,10.0,0.0,0.0,0.0,0.0,0.0,0.11211601044237028,,0.16335959999999994,1280.0
1789868144.6,2.0,8.0,0.0,0.0,,,,830.0,,10.0,0.0,0.0,0.0,0.0,0.0,0.11211601044237028,,0.16359989999999994,1282.0
1789868146.8,2.0,8.0,0.0,0.0,,,,830.0,,10.0,0.0,0.0,0.0,0.0,0.0,0.11211601044237028,,0.16359989999999994,1282.0
1789868149.1,2.0,8.0,0.0,0.0,,,,832.0,,10.0,0.0,0.0,0.0,0.0,0.0,0.11211601044237028,,0.16407470199999993,1286.0
1789868151.4,1.0,9.0,0.0,0.0,,,,832.0,,10.0,0.0,0.0,0.0,0.0,0.0,0.11211601044237028,,0.16407470199999993,1286.0
1789868153.6,2.0,8.0,0.0,0.0,,,,833.0,,10.0,0.0,0.0,0.0,0.0,0.0,0.11211601044237028,,0.16430488199999993,1288.0
1789868155.9,2.0,8.0,0.0,0.0,,,,833.0,,10.0,0.0,0.0,0.0,0.0,0.0,0.11211601044237028,,0.16430488199999993,1288.0
1789868158.2,2.0,8.0,0.0,0.0,,,,833.0,,10.0,0.0,0.0,0.0,0.0,0.0,0.11211601044237028,,0.16430488199999993,1288.0
1789868160.5,2.0,8.0,0.0,0.0,,,,833.0,,10.0,0.0,0.0,0.0,0.0,0.0,0.11211601044237028,,0.16430488199999993,1288.0
1789868162.8,2.0,8.0,0.0,0.0,,,,833.0,,10.0,0.0,0.0,0.0,0.0,0.0,0.11211601044237028,,0.16430488199999993,1288.0
1789868165.1,2.0,8.0,0.0,0.0,,,,833.0,,10.0,0.0,0.0,0.0,0.0,0.0,0.11211601044237028,,0.16430488199999993,1288.0
1789868167.3,2.0,8.0,0.0,0.0,,,,833.0,,10.0,0.0,0.0,0.0,0.0,0.0,0.11211601044237028,,0.16430488199999993,1288.0
1789868169.6,2.0,8.0,0.0,0.0,,,,833.0,,10.0,0.0,0.0,0.0,0.0,0.0,0.11211601044237028,,0.16430488199999993,1288.0
1789868171.9,2.0,8.0,0.0,0.0,,,,833.0,,10.0,0.0,0.0,0.0,0.0,0.0,0.11211601044237028,,0.16430488199999993,1288.0
1789868174.2,2.0,8.0,0.0,0.0,,,,833.0,,10.0,0.0,0.0,0.0,0.0,0.0,0.11211601044237028,,0.16430488199999993,1288.0
1789868176.4,2.0,8.0,0.0,0.0,,,,833.0,,10.0,0.0,0.0,0.0,0.0,0.0,0.11211601044237028,,0.16430488199999993,1288.0
1789868178.7,2.0,8.0,0.0,0.0,,,,833.0,,10.0,0.0,0.0,0.0,0.0,0.0,0.11211601044237028,,0.16430488199999993,1288.0
1789868180.9,2.0,8.0,0.0,0.0,,,,834.0,,10.0,0.0,0.0,0.0,0.0,0.0,0.11211601044237028,,0.16459866199999992,1290.0
1789868183.2,2.0,8.0,0.0,0.0,,,,834.0,,10.0,0.0,0.0,0.0,0.0,0.0,0.11211601044237028,,0.16459866199999992,1290.0
1789868185.5,1.0,9.0,0.0,0.0,,,,834.0,,10.0,0.0,0.0,0.0,0.0,0.0,0.11211601044237028,,0.16459866199999992,1290.0
1789868187.7,1.0,9.0,0.0,0.0,,,,834.0,,10.0,0.0,0.0,0.0,0.0,0.0,0.11211601044237028,,0.16459866199999992,1290.0
1789868190.0,2.0,8.0,0.0,0.0,,,,835.0,,10.0,0.0,0.0,0.0,0.0,0.0,0.11211601044237028,,0.16485114199999992,1292.0
1789868192.3,2.0,8.0,0.0,0.0,,,,835.0,,10.0,0.0,0.0,0.0,0.0,0.0,0.11211601044237028,,0.16485114199999992,1292.0
1789868194.5,2.0,8.0,0.0,0.0,,,,835.0,,10.0,0.0,0.0,0.0,0.0,0.0,0.11211601044237028,,0.16485114199999992,1292.0
1789868196.8,2.0,8.0,0.0,0.0,,,,836.0,,10.0,0.0,0.0,0.0,0.0,0.0,0.11211601044237028,,0.16518580199999994,1294.0
1789868199.1,2.0,8.0,0.0,0.0,,,,836.0,,10.0,0.0,0.0,0.0,0.0,0.0,0.11211601044237028,,0.16518580199999994,1294.0
1789868201.3,2.0,8.0,0.0,0.0,,,,836.0,,10.0,0.0,0.0,0.0,0.0,0.0,0.11211601044237028,,0.16518580199999994,1294.0
1789868203.6,2.0,8.0,0.0,0.0,,,,838.0,,10.0,0.0,0.0,0.0,0.0,0.0,0.11211601044237028,,0.16550850199999992,1298.0
1789868205.9,2.0,8.0,0.0,0.0,,,,838.0,,10.0,0.0,0.0,0.0,0.0,0.0,0.11211601044237028,,0.16550850199999992,1298.0
1789868208.2,1.0,9.0,0.0,0.0,,,,838.0,,10.0,0.0,0.0,0.0,0.0,0.0,0.11211601044237028,,0.16550850199999992,1298.0
1789868210.4,1.0,9.0,0.0,0.0,,,,839.0,,10.0,0.0,0.0,0.0,0.0,0.0,0.11211601044237028,,0.16573876199999993,1300.0
1789868212.7,2.0,8.0,0.0,0.0,,,,840.0,,10.0,0.0,0.0,0.0,0.0,0.0,0.11211601044237028,,0.16591546199999993,1302.0
1789868215.0,1.0,9.0,0.0,0.0,,,,840.0,,10.0,0.0,0.0,0.0,0.0,0.0,0.11211601044237028,,0.16591546199999993,1302.0
1789868217.3,2.0,8.0,0.0,0.0,,,,841.0,,10.0,0.0,0.0,0.0,0.0,0.0,0.11211601044237028,,0.16613482199999993,1304.0
1789868219.5,2.0,8.0,0.0,0.0,,,,841.0,,10.0,0.0,0.0,0.0,0.0,0.0,0.11211601044237028,,0.16613482199999993,1304.0
1789868221.8,1.0,9.0,0.0,0.0,,,,841.0,,10.0,0.0,0.0,0.0,0.0,0.0,0.11211601044237028,,0.16613482199999993,1304.0
1789868224.1,2.0,8.0,0.0,0.0,,,,842.0,,10.0,0.0,0.0,0.0,0.0,0.0,0.11211601044237028,,0.16638345999999993,1306.0
1789868226.3,2.0,8.0,0.0,0.0,,,,842.0,,10.0,0.0,0.0,0.0,0.0,0.0,0.11211601044237028,,0.16638345999999993,1306.0
1789868228.6,2.0,8.0,0.0,0.0,,,,842.0,,10.0,0.0,0.0,0.0,0.0,0.0,0.11211601044237028,,0.16638345999999993,1306.0
1789868230.8,1.0,9.0,0.0,0.0,,,,842.0,,10.0,0.0,0.0,0.0,0.0,0.0,0.11211601044237028,,0.16638345999999993,1306.0
1789868233.1,1.0,9.0,0.0,0.0,,,,842.0,,10.0,0.0,0.0,0.0,0.0,0.0,0.11211601044237028,,0.16638345999999993,1306.0
1789868235.4,1.0,9.0,0.0,0.0,,,,842.0,,10.0,0.0,0.0,0.0,0.0,0.0,0.11211601044237028,,0.16638345999999993,1306.0
1789868237.6,1.0,9.0,0.0,0.0,,,,842.0,,10.0,0.0,0.0,0.0,0.0,0.0,0.11211601044237028,,0.16638345999999993,1306.0
1789868239.9,1.0,9.0,0.0,0.0,,,,842.0,,10.0,0.0,0.0,0.0,0.0,0.0,0.11211601044237028,,0.16638345999999993,1306.0
1789868242.1,1.0,9.0,0.0,0.0,,,,842.0,,10.0,0.0,0.0,0.0,0.0,0.0,0.11211601044237028,,0.16638345999999993,1306.0
1789868244.4,1.0,9.0,0.0,0.0,,,,842.0,,10.0,0.0,0.0,0.0,0.0,0.0,0.11211601044237028,,0.16638345999999993,1306.0
1789868246.7,0.0,10.0,0.0,0.0,,,,842.0,,10.0,0.0,0.0,0.0,0.0,0.0,0.11211601044237028,,0.16638345999999993,1306.0
1789868248.9,0.0,10.0,0.0,0.0,,,,842.0,,10.0,0.0,0.0,0.0,0.0,0.0,0.11211601044237028,,0.16638345999999993,1306.0
1789868251.2,0.0,10.0,0.0,0.0,,,,842.0,,10.0,0.0,0.0,0.0,0.0,0.0,0.11211601044237028,,0.16638345999999993,1306.0
1789868253.5,0.0,10.0,0.0,0.0,,,,842.0,,10.0,0.0,0.0,0.0,0.0,0.0,0.11211601044237028,,0.16638345999999993,1306.0
1789868255.7,0.0,10.0,0.0,0.0,,,,842.0,,10.0,0.0,0.0,0.0,0.0,0.0,0.11211601044237028,,0.16638345999999993,1306.0
1789868258.0,0.0,10.0,0.0,0.0,,,,842.0,,10.0,0.0,0.0,0.0,0.0,0.0,0.11211601044237028,,0.16638345999999993,1306.0
1789868260.2,0.0,10.0,0.0,0.0,,,,842.0,,10.0,0.0,0.0,0.0,0.0,0.0,0.11211601044237028,,0.16638345999999993,1306.0
1789868262.5,0.0,10.0,0.0,0.0,,,,842.0,,10.0,0.0,0.0,0.0,0.0,0.0,0.11211601044237028,,0.16638345999999993,1306.0
1789868264.7,0.0,10.0,0.0,0.0,,,,842.0,,10.0,0.0,0.0,0.0,0.0,0.0,0.11211601044237028,,0.16638345999999993,1306.0
1789868267.0,0.0,10.0,0.0,0.0,,,,842.0,,10.0,0.0,0.0,0.0,0.0,0.0,0.11211601044237028,,0.16638345999999993,1306.0
1789868269.3,0.0,10.0,0.0,0.0,,,,842.0,,10.0,0.0,0.0,0.0,0.0,0.0,0.11211601044237028,,0.16638345999999993,1306.0
1789868271.5,0.0,10.0,0.0,0.0,,,,842.0,,10.0,0.0,0.0,0.0,0.0,0.0,0.11211601044237028,,0.16638345999999993,1306.0
1789868273.8,0.0,10.0,0.0,0.0,,,,842.0,,10.0,0.0,0.0,0.0,0.0,0.0,0.11211601044237028,,0.16638345999999993,1306.0
1789868276.0,0.0,10.0,0.0,0.0,,,,842.0,,10.0,0.0,0.0,0.0,0.0,0.0,0.11211601044237028,,0.16638345999999993,1306.0
1789868278.3,0.0,10.0,0.0,0.0,,,,842.0,,10.0,0.0,0.0,0.0,0.0,0.0,0.11211601044237028,,0.16638345999999993,1306.0
1789868280.5,0.0,10.0,0.0,0.0,,,,842.0,,10.0,0.0,0.0,0.0,0.0,0.0,0.11211601044237028,,0.16638345999999993,1306.0
1789868282.8,0.0,10.0,0.0,0.0,,,,842.0,,10.0,0.0,0.0,0.0,0.0,0.0,0.11211601044237028,,0.16638345999999993,1306.0
1789868285.1,0.0,10.0,0.0,0.0,,,,842.0,,10.0,0.0,0.0,0.0,0.0,0.0,0.11211601044237028,,0.16638345999999993,1306.0
1789868287.3,0.0,10.0,0.0,0.0,,,,842.0,,10.0,0.0,0.0,0.0,0.0,0.0,0.11211601044237028,,0.16638345999999993,1306.0
1789868289.6,0.0,10.0,0.0,0.0,,,,842.0,,10.0,0.0,0.0,0.0,0.0,0.0,0.11211601044237028,,0.16638345999999993,1306.0
1789868291.8,0.0,10.0,0.0,0.0,,,,842.0,,10.0,0.0,0.0,0.0,0.0,0.0,0.11211601044237028,,0.16638345999999993,1306.0
1789868294.1,0.0,10.0,0.0,0.0,,,,842.0,,10.0,0.0,0.0,0.0,0.0,0.0,0.11211601044237028,,0.16638345999999993,1306.0
1789868296.4,0.0,10.0,0.0,0.0,,,,842.0,,10.0,0.0,0.0,0.0,0.0,0.0,0.11211601044237028,,0.16638345999999993,1306.0
1789868298.6,0.0,10.0,0.0,0.0,,,,842.0,,10.0,0.0,0.0,0.0,0.0,0.0,0.11211601044237028,,0.16638345999999993,1306.0
1789868300.9,0.0,10.0,0.0,0.0,,,,842.0,,10.0,0.0,0.0,0.0,0.0,0.0,0.11211601044237028,,0.16638345999999993,1306.0
1789868303.1,0.0,10.0,0.0,0.0,,,,842.0,,10.0,0.0,0.0,0.0,0.0,0.0,0.11211601044237028,,0.16638345999999993,1306.0
1789868305.4,0.0,10.0,0.0,0.0,,,,842.0,,10.0,0.0,0.0,0.0,0.0,0.0,0.11211601044237028,,0.16638345999999993,1306.0
1789868307.7,0.0,10.0,0.0,0.0,,,,842.0,,10.0,0.0,0.0,0.0,0.0,0.0,0.11211601044237028,,0.16638345999999993,1306.0
1789868309.9,0.0,10.0,0.0,0.0,,,,842.0,,10.0,0.0,0.0,0.0,0.0,0.0,0.11211601044237028,,0.16638345999999993,1306.0
1789868312.2,0.0,10.0,0.0,0.0,,,,842.0,,10.0,0.0,0.0,0.0,0.0,0.0,0.11211601044237028,,0.16638345999999993,1306.0
1789868314.4,0.0,10.0,0.0,0.0,,,,842.0,,10.0,0.0,0.0,0.0,0.0,0.0,0.11211601044237028,,0.16638345999999993,1306.0
1789868316.7,0.0,10.0,0.0,0.0,,,,842.0,,10.0,0.0,0.0,0.0,0.0,0.0,0.11211601044237028,,0.16638345999999993,1306.0
1789868319.0,0.0,10.0,0.0,0.0,,,,842.0,,10.0,0.0,0.0,0.0,0.0,0.0,0.11211601044237028,,0.16638345999999993,1306.0
1789868321.2,0.0,10.0,0.0,0.0,,,,842.0,,10.0,0.0,0.0,0.0,0.0,0.0,0.11211601044237028,,0.10097181599999998,794.0
1789868323.5,0.0,10.0,0.0,0.0,,,,842.0,,10.0,0.0,0.0,0.0,0.0,0.0,0.11211601044237028,,0.10097181599999998,794.0
1789868325.7,0.0,10.0,0.0,0.0,,,,842.0,,10.0,0.0,0.0,0.0,0.0,0.0,0.11211601044237028,,0.10097181599999998,794.0
1789868328.0,0.0,10.0,0.0,0.0,,,,842.0,,10.0,0.0,0.0,0.0,0.0,0.0,0.11211601044237028,,0.10097181599999998,794.0
1789868330.2,0.0,10.0,0.0,0.0,,,,842.0,,10.0,0.0,0.0,0.0,0.0,0.0,0.11211601044237028,,0.10097181599999998,794.0
1789868332.5,0.0,10.0,0.0,0.0,,,,842.0,,10.0,0.0,0.0,0.0,0.0,0.0,0.11211601044237028,,0.10097181599999998,794.0
1789868334.7,0.0,10.0,0.0,0.0,,,,842.0,,10.0,0.0,0.0,0.0,0.0,0.0,0.11211601044237028,,0.10097181599999998,794.0
1789868337.0,0.0,10.0,0.0,0.0,,,,842.0,,10.0,0.0,0.0,0.0,0.0,0.0,0.11211601044237028,,0.10097181599999998,794.0
1789868339.3,0.0,10.0,0.0,0.0,,,,842.0,,10.0,0.0,0.0,0.0,0.0,0.0,0.11211601044237028,,0.10097181599999998,794.0
1789868341.5,0.0,10.0,0.0,0.0,,,,842.0,,10.0,0.0,0.0,0.0,0.0,0.0,0.11211601044237028,,0.10097181599999998,794.0
1789868343.7,0.0,10.0,0.0,0.0,,,,842.0,,10.0,0.0,0.0,0.0,0.0,0.0,0.11211601044237028,,0.10097181599999998,794.0
1789868346.0,0.0,10.0,0.0,0.0,,,,842.0,,10.0,0.0,0.0,0.0,0.0,0.0,0.11211601044237028,,0.10097181599999998,794.0
1789868348.3,0.0,10.0,0.0,0.0,,,,842.0,,10.0,0.0,0.0,0.0,0.0,0.0,0.11211601044237028,,0.10097181599999998,794.0
1789868350.5,0.0,10.0,0.0,0.0,,,,842.0,,10.0,0.0,0.0,0.0,0.0,0.0,0.11211601044237028,,0.10097181599999998,794.0
1789868352.8,0.0,10.0,0.0,0.0,,,,842.0,,10.0,0.0,0.0,0.0,0.0,0.0,0.11211601044237028,,0.10097181599999998,794.0
1789868355.0,0.0,10.0,0.0,0.0,,,,842.0,,10.0,0.0,0.0,0.0,0.0,0.0,0.11211601044237028,,0.10097181599999998,794.0
1789868357.3,0.0,10.0,0.0,0.0,,,,842.0,,10.0,0.0,0.0,0.0,0.0,0.0,0.11211601044237028,,0.10097181599999998,794.0
1789868359.5,0.0,10.0,0.0,0.0,,,,842.0,,10.0,0.0,0.0,0.0,0.0,0.0,0.11211601044237028,,0.10097181599999998,794.0
1789868361.8,0.0,10.0,0.0,0.0,,,,842.0,,10.0,0.0,0.0,0.0,0.0,0.0,0.11211601044237028,,0.10097181599999998,794.0
1789868364.0,0.0,10.0,0.0,0.0,,,,842.0,,10.0,0.0,0.0,0.0,0.0,0.0,0.11211601044237028,,0.10097181599999998,794.0
1789868366.3,0.0,10.0,0.0,0.0,,,,842.0,,10.0,0.0,0.0,0.0,0.0,0.0,0.11211601044237028,,0.10097181599999998,794.0
1789868368.5,0.0,10.0,0.0,0.0,,,,842.0,,10.0,0.0,0.0,0.0,0.0,0.0,0.11211601044237028,,0.10097181599999998,794.0
1789868370.7,0.0,10.0,0.0,0.0,,,,842.0,,10.0,0.0,0.0,0.0,0.0,0.0,0.11211601044237028,,0.10097181599999998,794.0
1789868373.0,0.0,10.0,0.0,0.0,,,,842.0,,10.0,0.0,0.0,0.0,0.0,0.0,0.11211601044237028,,0.10097181599999998,794.0
1789868375.2,0.0,10.0,0.0,0.0,,,,842.0,,10.0,0.0,0.0,0.0,0.0,0.0,0.11211601044237028,,0.10097181599999998,794.0
1789868377.5,0.0,10.0,0.0,0.0,,,,842.0,,10.0,0.0,0.0,0.0,0.0,0.0,0.11211601044237028,,0.10097181599999998,794.0
1789868379.7,0.0,10.0,0.0,0.0,,,,842.0,,10.0,0.0,0.0,0.0,0.0,0.0,0.11211601044237028,,0.10097181599999998,794.0
1789868382.0,0.0,10.0,0.0,0.0,,,,842.0,,10.0,0.0,0.0,0.0,0.0,0.0,0.11211601044237028,,0.10097181599999998,794.0
1789868384.2,0.0,10.0,0.0,0.0,,,,842.0,,10.0,0.0,0.0,0.0,0.0,0.0,0.11211601044237028,,0.10097181599999998,794.0
1789868386.5,0.0,10.0,0.0,0.0,,,,842.0,,10.0,0.0,0.0,0.0,0.0,0.0,0.11211601044237028,,0.10097181599999998,794.0
1789868388.7,0.0,10.0,0.0,0.0,,,,842.0,,10.0,0.0,0.0,0.0,0.0,0.0,0.11211601044237028,,0.10097181599999998,794.0
1789868391.0,0.0,10.0,0.0,0.0,,,,842.0,,10.0,0.0,0.0,0.0,0.0,0.0,0.11211601044237028,,0.10097181599999998,794.0
1789868393.2,0.0,10.0,0.0,0.0,,,,842.0,,10.0,0.0,0.0,0.0,0.0,0.0,0.11211601044237028,,0.10097181599999998,794.0
1789868395.5,0.0,10.0,0.0,0.0,,,,842.0,,10.0,0.0,0.0,0.0,0.0,0.0,0.11211601044237028,,0.10097181599999998,794.0
1789868397.7,0.0,10.0,0.0,0.0,,,,842.0,,10.0,0.0,0.0,0.0,0.0,0.0,0.11211601044237028,,0.10097181599999998,794.0
1789868399.9,0.0,10.0,0.0,0.0,,,,842.0,,10.0,0.0,0.0,0.0,0.0,0.0,0.11211601044237028,,0.10097181599999998,794.0
1789868402.2,0.0,10.0,0.0,0.0,,,,842.0,,10.0,0.0,0.0,0.0,0.0,0.0,0.11211601044237028,,0.10097181599999998,794.0
1789868404.4,0.0,10.0,0.0,0.0,,,,842.0,,10.0,0.0,0.0,0.0,0.0,0.0,0.11211601044237028,,0.10097181599999998,794.0
1789868406.7,0.0,10.0,0.0,0.0,,,,842.0,,10.0,0.0,0.0,0.0,0.0,0.0,0.11211601044237028,,0.10097181599999998,794.0
1789868408.9,0.0,10.0,0.0,0.0,,,,842.0,,10.0,0.0,0.0,0.0,0.0,0.0,0.11211601044237028,,0.10097181599999998,794.0
1789868411.2,0.0,10.0,0.0,0.0,,,,842.0,,10.0,0.0,0.0,0.0,0.0,0.0,0.11211601044237028,,0.10097181599999998,794.0
1789868413.4,0.0,10.0,0.0,0.0,,,,842.0,,10.0,0.0,0.0,0.0,0.0,0.0,0.11211601044237028,,0.10097181599999998,794.0
1789868415.7,0.0,10.0,0.0,0.0,,,,842.0,,10.0,0.0,0.0,0.0,0.0,0.0,0.11211601044237028,,0.10097181599999998,794.0
1789868417.9,0.0,10.0,0.0,0.0,,,,842.0,,10.0,0.0,0.0,0.0,0.0,0.0,0.11211601044237028,,0.10097181599999998,794.0
1789868420.2,0.0,10.0,0.0,0.0,,,,842.0,,10.0,0.0,0.0,0.0,0.0,0.0,0.11211601044237028,,0.10097181599999998,794.0
1789868422.4,0.0,10.0,0.0,0.0,,,,842.0,,10.0,0.0,0.0,0.0,0.0,0.0,0.11211601044237028,,0.10097181599999998,794.0
1789868424.7,0.0,10.0,0.0,0.0,,,,842.0,,10.0,0.0,0.0,0.0,0.0,0.0,0.11211601044237028,,0.10097181599999998,794.0
1789868426.9,0.0,10.0,0.0,0.0,,,,842.0,,10.0,0.0,0.0,0.0,0.0,0.0,0.11211601044237028,,0.10097181599999998,794.0
1789868429.2,0.0,10.0,0.0,0.0,,,,842.0,,10.0,0.0,0.0,0.0,0.0,0.0,0.11211601044237028,,0.10097181599999998,794.0
1789868431.4,0.0,10.0,0.0,0.0,,,,842.0,,10.0,0.0,0.0,0.0,0.0,0.0,0.11211601044237028,,0.10097181599999998,794.0
1789868433.7,0.0,10.0,0.0,0.0,,,,842.0,,10.0,0.0,0.0,0.0,0.0,0.0,0.11211601044237028,,0.10097181599999998,794.0
1789868435.9,0.0,10.0,0.0,0.0,,,,842.0,,10.0,0.0,0.0,0.0,0.0,0.0,0.11211601044237028,,0.10097181599999998,794.0
1789868438.1,0.0,10.0,0.0,0.0,,,,842.0,,10.0,0.0,0.0,0.0,0.0,0.0,0.11211601044237028,,0.10097181599999998,794.0
1789868440.4,0.0,10.0,0.0,0.0,,,,842.0,,10.0,0.0,0.0,0.0,0.0,0.0,0.11211601044237028,,0.10097181599999998,794.0
1789868442.6,0.0,10.0,0.0,0.0,,,,842.0,,10.0,0.0,0.0,0.0,0.0,0.0,0.11211601044237028,,0.10097181599999998,794.0
1789868444.9,0.0,10.0,0.0,0.0,,,,842.0,,10.0,0.0,0.0,0.0,0.0,0.0,0.11211601044237028,,0.10097181599999998,794.0
1789868447.1,0.0,10.0,0.0,0.0,,,,842.0,,10.0,0.0,0.0,0.0,0.0,0.0,0.11211601044237028,,0.10097181599999998,794.0
1789868449.4,0.0,10.0,0.0,0.0,,,,842.0,,10.0,0.0,0.0,0.0,0.0,0.0,0.11211601044237028,,0.10097181599999998,794.0
1789868451.6,0.0,10.0,0.0,0.0,,,,842.0,,10.0,0.0,0.0,0.0,0.0,0.0,0.11211601044237028,,0.10097181599999998,794.0
1789868453.9,0.0,10.0,0.0,0.0,,,,842.0,,10.0,0.0,0.0,0.0,0.0,0.0,0.11211601044237028,,0.10097181599999998,794.0
1789868456.1,0.0,10.0,0.0,0.0,,,,842.0,,10.0,0.0,0.0,0.0,0.0,0.0,0.11211601044237028,,0.10097181599999998,794.0
1789868458.4,0.0,10.0,0.0,0.0,,,,842.0,,10.0,0.0,0.0,0.0,0.0,0.0,0.11211601044237028,,0.10097181599999998,794.0
1789868460.7,0.0,10.0,0.0,0.0,,,,842.0,,10.0,0.0,0.0,0.0,0.0,0.0,0.11211601044237028,,0.10097181599999998,794.0
1789868462.9,0.0,10.0,0.0,0.0,,,,842.0,,10.0,0.0,0.0,0.0,0.0,0.0,0.11211601044237028,,0.10097181599999998,794.0
1789868465.2,0.0,10.0,0.0,0.0,,,,842.0,,10.0,0.0,0.0,0.0,0.0,0.0,0.11211601044237028,,0.10097181599999998,794.0
1789868467.4,0.0,10.0,0.0,0.0,,,,842.0,,10.0,0.0,0.0,0.0,0.0,0.0,0.11211601044237028,,0.10097181599999998,794.0
1789868469.7,0.0,10.0,0.0,0.0,,,,842.0,,10.0,0.0,0.0,0.0,0.0,0.0,0.11211601044237028,,0.10097181599999998,794.0
1789868471.9,0.0,10.0,0.0,0.0,,,,842.0,,10.0,0.0,0.0,0.0,0.0,0.0,0.11211601044237028,,0.10097181599999998,794.0
1789868474.2,0.0,10.0,0.0,0.0,,,,842.0,,10.0,0.0,0.0,0.0,0.0,0.0,0.11211601044237028,,0.10097181599999998,794.0
1789868476.4,0.0,10.0,0.0,0.0,,,,842.0,,10.0,0.0,0.0,0.0,0.0,0.0,0.11211601044237028,,0.10097181599999998,794.0
1789868478.7,0.0,10.0,0.0,0.0,,,,842.0,,10.0,0.0,0.0,0.0,0.0,0.0,0.11211601044237028,,0.10097181599999998,794.0
1789868480.9,0.0,10.0,0.0,0.0,,,,842.0,,10.0,0.0,0.0,0.0,0.0,0.0,0.11211601044237028,,0.10097181599999998,794.0
1789868483.1,0.0,10.0,0.0,0.0,,,,842.0,,10.0,0.0,0.0,0.0,0.0,0.0,0.11211601044237028,,0.10097181599999998,794.0
1789868485.4,0.0,10.0,0.0,0.0,,,,842.0,,10.0,0.0,0.0,0.0,0.0,0.0,0.11211601044237028,,0.10097181599999998,794.0
1789868487.6,0.0,10.0,0.0,0.0,,,,842.0,,10.0,0.0,0.0,0.0,0.0,0.0,0.11211601044237028,,0.10097181599999998,794.0
1789868489.9,0.0,10.0,0.0,0.0,,,,842.0,,10.0,0.0,0.0,0.0,0.0,0.0,0.11211601044237028,,0.10097181599999998,794.0
1789868492.1,0.0,10.0,0.0,0.0,,,,842.0,,10.0,0.0,0.0,0.0,0.0,0.0,0.11211601044237028,,0.10097181599999998,794.0
1789868494.4,0.0,10.0,0.0,0.0,,,,842.0,,10.0,0.0,0.0,0.0,0.0,0.0,0.11211601044237028,,0.10097181599999998,794.0
1789868496.6,0.0,10.0,0.0,0.0,,,,842.0,,10.0,0.0,0.0,0.0,0.0,0.0,0.11211601044237028,,0.10097181599999998,794.0
1789868498.9,0.0,10.0,0.0,0.0,,,,842.0,,10.0,0.0,0.0,0.0,0.0,0.0,0.11211601044237028,,0.10097181599999998,794.0
1789868501.1,0.0,10.0,0.0,0.0,,,,842.0,,10.0,0.0,0.0,0.0,0.0,0.0,0.11211601044237028,,0.10097181599999998,794.0
1789868503.4,0.0,10.0,0.0,0.0,,,,842.0,,10.0,0.0,0.0,0.0,0.0,0.0,0.11211601044237028,,0.10097181599999998,794.0
1789868505.6,0.0,10.0,0.0,0.0,,,,842.0,,10.0,0.0,0.0,0.0,0.0,0.0,0.11211601044237028,,0.10097181599999998,794.0
1789868507.8,0.0,10.0,0.0,0.0,,,,842.0,,10.0,0.0,0.0,0.0,0.0,0.0,0.11211601044237028,,0.10097181599999998,794.0
1789868510.1,0.0,10.0,0.0,0.0,,,,842.0,,10.0,0.0,0.0,0.0,0.0,0.0,0.11211601044237028,,0.10097181599999998,794.0
1789868512.3,0.0,10.0,0.0,0.0,,,,842.0,,10.0,0.0,0.0,0.0,0.0,0.0,0.11211601044237028,,0.10097181599999998,794.0
1789868514.6,0.0,10.0,0.0,0.0,,,,842.0,,10.0,0.0,0.0,0.0,0.0,0.0,0.11211601044237028,,0.10097181599999998,794.0
1789868516.8,0.0,10.0,0.0,0.0,,,,842.0,,10.0,0.0,0.0,0.0,0.0,0.0,0.11211601044237028,,0.10097181599999998,794.0
1789868519.1,0.0,10.0,0.0,0.0,,,,842.0,,10.0,0.0,0.0,0.0,0.0,0.0,0.11211601044237028,,0.10097181599999998,794.0
1789868521.3,0.0,10.0,0.0,0.0,,,,842.0,,10.0,0.0,0.0,0.0,0.0,0.0,0.11211601044237028,,0.10097181599999998,794.0
1789868523.6,0.0,10.0,0.0,0.0,,,,842.0,,10.0,0.0,0.0,0.0,0.0,0.0,0.11211601044237028,,0.10097181599999998,794.0
1789868525.8,0.0,10.0,0.0,0.0,,,,842.0,,10.0,0.0,0.0,0.0,0.0,0.0,0.11211601044237028,,0.10097181599999998,794.0
1789868528.1,0.0,10.0,0.0,0.0,,,,842.0,,10.0,0.0,0.0,0.0,0.0,0.0,0.11211601044237028,,0.10097181599999998,794.0
1789868530.3,0.0,10.0,0.0,0.0,,,,842.0,,10.0,0.0,0.0,0.0,0.0,0.0,0.11211601044237028,,0.10097181599999998,794.0
1789868532.6,0.0,10.0,0.0,0.0,,,,842.0,,10.0,0.0,0.0,0.0,0.0,0.0,0.11211601044237028,,0.10097181599999998,794.0
1789868534.8,0.0,10.0,0.0,0.0,,,,842.0,,10.0,0.0,0.0,0.0,0.0,0.0,0.11211601044237028,,0.10097181599999998,794.0
1789868535.0,0.0,10.0,0.0,0.0,,,,842.0,,10.0,0.0,0.0,0.0,0.0,0.0,0.11211601044237028,,0.10097181599999998,794.0
