2026-10-09 10:19:23.042 - aiperf.cli_runner._single_run - INFO - Starting AIPerf System
2026-10-09 10:19:23.069 - aiperf.common.scenario.validator - INFO - Scenario 'agentx': setting profiling-phase timing_mode=agentic_replay.
2026-10-09 10:19:23.069 - aiperf.common.scenario.validator - INFO - Scenario 'agentx': injecting extra_inputs.ignore_eos=true (was absent).
2026-10-09 10:19:23.070 - aiperf.common.scenario.validator - INFO - Scenario 'agentx': auto-set --cache-bust=first_turn_prefix (was at default none).
2026-10-09 10:19:23.070 - aiperf.common.scenario.validator - INFO - Scenario 'agentx': auto-set --system-idle-gap-cap-seconds=10.0 (was unset).
2026-10-09 10:19:23.800 - system_controller - INFO - GPU telemetry disabled via --no-gpu-telemetry
2026-10-09 10:19:23.814 - system_controller - INFO - Registered Worker Manager (id: 'worker_manager')
2026-10-09 10:19:23.895 - server_metrics_manager - INFO - Server Metrics: Discovered 1 endpoints: ['http://agentx-lane-d:8000/metrics']
2026-10-09 10:19:23.953 - system_controller - INFO - Registered Record Processor (id: 'record_processor_14153306')
2026-10-09 10:19:23.957 - system_controller - INFO - Registered Record Processor (id: 'record_processor_220a1205')
2026-10-09 10:19:23.971 - system_controller - INFO - Registered Dataset Manager (id: 'dataset_manager')
2026-10-09 10:19:23.986 - OTelMetricsResultsProcessor_05cbfc78 - INFO - Telemetry streaming is disabled (set --otel-url and/or --mlflow-tracking-uri to enable)
2026-10-09 10:19:23.988 - RecordExportJSONLWriter_471f9ee3 - INFO - Record metrics export enabled: /data/results/baseline-60m/c16/aiperf_artifacts/profile_export.jsonl
2026-10-09 10:19:24.002 - system_controller - INFO - Registered Server Metrics Manager (id: 'server_metrics_manager')
2026-10-09 10:19:24.055 - system_controller - INFO - Registered Record Processor (id: 'record_processor_8d1441e6')
2026-10-09 10:19:24.055 - system_controller - INFO - Registered Record Processor (id: 'record_processor_97a57672')
2026-10-09 10:19:24.100 - system_controller - INFO - Registered Records Manager (id: 'records_manager')
2026-10-09 10:19:24.150 - system_controller - INFO - Registered Worker (id: 'worker_11a18201')
2026-10-09 10:19:24.161 - system_controller - INFO - Registered Worker (id: 'worker_639bc42a')
2026-10-09 10:19:24.243 - system_controller - INFO - Registered Worker (id: 'worker_8167c724')
2026-10-09 10:19:24.247 - system_controller - INFO - Registered Worker (id: 'worker_ef81d4cc')
2026-10-09 10:19:24.265 - system_controller - INFO - Registered Worker (id: 'worker_226460bf')
2026-10-09 10:19:24.279 - system_controller - INFO - Registered Worker (id: 'worker_7d14c631')
2026-10-09 10:19:24.282 - system_controller - INFO - Registered Timing Manager (id: 'timing_manager')
2026-10-09 10:19:24.284 - system_controller - INFO - Registered Worker (id: 'worker_87ee75d4')
2026-10-09 10:19:24.284 - system_controller - INFO - Registered Worker (id: 'worker_0e3ee020')
2026-10-09 10:19:24.289 - system_controller - INFO - Registered Worker (id: 'worker_48410976')
2026-10-09 10:19:24.296 - system_controller - INFO - Registered Worker (id: 'worker_67a9561c')
2026-10-09 10:19:24.304 - system_controller - INFO - AIPerf System is CONFIGURING
2026-10-09 10:19:24.304 - system_controller - INFO - Configuring all services to start profiling
2026-10-09 10:19:24.306 - InferenceResultParser_ac51c97e - INFO - Tokenization is disabled for this endpoint, skipping tokenizer configuration
2026-10-09 10:19:24.306 - InferenceResultParser_a628daba - INFO - Tokenization is disabled for this endpoint, skipping tokenizer configuration
2026-10-09 10:19:24.306 - InferenceResultParser_5fd76df0 - INFO - Tokenization is disabled for this endpoint, skipping tokenizer configuration
2026-10-09 10:19:24.306 - InferenceResultParser_7d5885d7 - INFO - Tokenization is disabled for this endpoint, skipping tokenizer configuration
2026-10-09 10:19:24.306 - timing_manager - INFO - Waiting for dataset to be configured before configuring timing
2026-10-09 10:19:24.307 - system_controller - INFO - Registered Worker (id: 'worker_c38df2af')
2026-10-09 10:19:24.321 - system_controller - INFO - Registered Worker (id: 'worker_9d20da29')
2026-10-09 10:19:24.322 - system_controller - INFO - Registered Worker (id: 'worker_de9eff39')
2026-10-09 10:19:24.330 - system_controller - INFO - Registered Worker (id: 'worker_b1094341')
2026-10-09 10:19:24.331 - system_controller - INFO - Registered Worker (id: 'worker_424812b8')
2026-10-09 10:19:24.333 - system_controller - INFO - Registered Worker (id: 'worker_1d802b55')
2026-10-09 10:19:24.335 - server_metrics_manager - INFO - Server Metrics: Capturing baseline metrics...
2026-10-09 10:19:24.358 - http://agentx-lane-d:8000/metrics - INFO - Skipping unsupported summary metric: http_request_size_bytes
2026-10-09 10:19:24.358 - http://agentx-lane-d:8000/metrics - INFO - Skipping unsupported summary metric: http_response_size_bytes
2026-10-09 10:19:24.384 - http://10.100.9.11:8000/metrics - INFO - Skipping unsupported summary metric: http_request_size_bytes
2026-10-09 10:19:24.384 - http://10.100.9.11:8000/metrics - INFO - Skipping unsupported summary metric: http_response_size_bytes
2026-10-09 10:19:24.386 - system_controller - INFO - Server metrics enabled - 2/2 endpoint(s) reachable.
2026-10-09 10:19:24.386 - system_controller - INFO - Waiting for result domains: profile, server_metrics
2026-10-09 10:19:24.673 - dataset_manager - INFO - Memory-mapped dataset cache HIT (key=42113ff9400ba23b2007a3f65002eb0d); skipping tokenizer + composer.
2026-10-09 10:19:36.927 - aiperf.dataset.mmap_cache - INFO - Restored mmap cache file dataset.dat via copy in 12.254s (2.26 GiB)
2026-10-09 10:19:36.935 - aiperf.dataset.mmap_cache - INFO - Restored mmap cache file index.dat via copy in 0.007s (0.00 GiB)
2026-10-09 10:19:36.935 - aiperf.dataset.mmap_cache - INFO - Restored mmap cache files in 12.262s via dataset=copy index=copy (dataset=2.26 GiB, index=0.00 GiB)
2026-10-09 10:19:37.961 - dataset_manager - INFO - sampling strategy: sequential, unique conversations: 9602, unique turn count: 68266
2026-10-09 10:19:39.198 - dataset_manager - INFO - Dataset client initialized and freed 0 conversations from memory
2026-10-09 10:19:39.263 - system_controller - WARNING - Received command response for service we were not expecting: worker_b1094341. Ignoring.
2026-10-09 10:19:39.296 - system_controller - WARNING - Received command response for service we were not expecting: worker_9d20da29. Ignoring.
2026-10-09 10:19:39.456 - aiperf.timing.trajectory_source - INFO - TrajectorySource: built 16 trajectories from 393 traces
2026-10-09 10:19:39.456 - aiperf.timing.trajectory_source - INFO -   range cfg=[0.25, 0.75]  observed sample pct: min= 35% median= 55% max= 75%
2026-10-09 10:19:39.456 - aiperf.timing.trajectory_source - INFO -     lane=00  sample_time= 53%  root_next= 45/61  ( 74% turns)  live=1 ready=1  trace_id=002001296e8a8c38ad9d7cc436d691afc602
2026-10-09 10:19:39.456 - aiperf.timing.trajectory_source - INFO -     lane=01  sample_time= 49%  root_next=  5/33  ( 15% turns)  live=1 ready=1  trace_id=006c98de37d819e95b0840e25426bb7ca99d
2026-10-09 10:19:39.456 - aiperf.timing.trajectory_source - INFO -     lane=02  sample_time= 67%  root_next= 24/29  ( 83% turns)  live=1 ready=1  trace_id=00ca01c4aaeccee751ae6285beb54dea262f
2026-10-09 10:19:39.456 - aiperf.timing.trajectory_source - INFO -     lane=03  sample_time= 56%  root_next=  0/16  (  0% turns)  live=1 ready=1  trace_id=0196085d85d2075a50b74cd8795ffbdcea9a
2026-10-09 10:19:39.456 - aiperf.timing.trajectory_source - INFO -     lane=04  sample_time= 47%  root_next=  0/13  (  0% turns)  live=2 ready=2  trace_id=02bc0afb13f7a2d9efa86c28511261d85c0e
2026-10-09 10:19:39.456 - aiperf.timing.trajectory_source - INFO -     lane=05  sample_time= 47%  root_next= 17/28  ( 61% turns)  live=1 ready=1  trace_id=03e110ac6921c2fe9ac7772a9654314a2beb
2026-10-09 10:19:39.456 - aiperf.timing.trajectory_source - INFO -     lane=06  sample_time= 74%  root_next=  0/54  (  0% turns)  live=13 ready=13  trace_id=0470d446a4514dfe0c6ad0be92853bd13287
2026-10-09 10:19:39.456 - aiperf.timing.trajectory_source - INFO -     lane=07  sample_time= 35%  root_next=  3/7   ( 43% turns)  live=1 ready=1  trace_id=04dba6fe621301a1d01fd63b8d02c9645c48
2026-10-09 10:19:39.456 - aiperf.timing.trajectory_source - INFO -     lane=08  sample_time= 75%  root_next= 32/34  ( 94% turns)  live=1 ready=1  trace_id=05c249572509162371b7b82339674db64b5d
2026-10-09 10:19:39.457 - aiperf.timing.trajectory_source - INFO -     lane=09  sample_time= 42%  root_next= 49/52  ( 94% turns)  live=1 ready=1  trace_id=05f72f78a037cfa5cd4e4541960a574701d9
2026-10-09 10:19:39.457 - aiperf.timing.trajectory_source - INFO -     lane=10  sample_time= 66%  root_next=  0/1   (  0% turns)  live=1 ready=1  trace_id=063179eb93f4337a662e859c5a2c5638e03f
2026-10-09 10:19:39.457 - aiperf.timing.trajectory_source - INFO -     lane=11  sample_time= 49%  root_next= 27/39  ( 69% turns)  live=1 ready=1  trace_id=069d7bf5f1efb4e76e3c84510367e6af78a5
2026-10-09 10:19:39.457 - aiperf.timing.trajectory_source - INFO -     lane=12  sample_time= 43%  root_next= 25/34  ( 74% turns)  live=1 ready=1  trace_id=077ea9e6554f45bbad9c24a8462bae9a8512
2026-10-09 10:19:39.457 - aiperf.timing.trajectory_source - INFO -     lane=13  sample_time= 68%  root_next=  8/9   ( 89% turns)  live=3 ready=2  trace_id=07dd40536557a1d6440a923557c3129dc929
2026-10-09 10:19:39.457 - aiperf.timing.trajectory_source - INFO -     lane=14  sample_time= 62%  root_next=  6/19  ( 32% turns)  live=2 ready=2  trace_id=085411a4cc4b15108dd9b50007261a2efb65
2026-10-09 10:19:39.457 - aiperf.timing.trajectory_source - INFO -     lane=15  sample_time= 59%  root_next=  0/49  (  0% turns)  live=4 ready=4  trace_id=085aacf44ac5428ad3c6b4f6cd431e083832
2026-10-09 10:19:39.457 - PhaseOrchestrator_7a373303 - INFO - Initialized 2 phase(s): ['Warmup', 'Profiling']
2026-10-09 10:19:39.526 - system_controller - WARNING - Received command response for service we were not expecting: worker_de9eff39. Ignoring.
2026-10-09 10:19:39.543 - system_controller - WARNING - Received command response for service we were not expecting: worker_424812b8. Ignoring.
2026-10-09 10:19:39.560 - system_controller - WARNING - Received command response for service we were not expecting: worker_1d802b55. Ignoring.
2026-10-09 10:19:39.568 - system_controller - WARNING - Received command response for service we were not expecting: worker_c38df2af. Ignoring.
2026-10-09 10:19:39.644 - system_controller - INFO - All services configured in 15.34 seconds
2026-10-09 10:19:39.644 - system_controller - INFO - AIPerf System is CONFIGURED
2026-10-09 10:19:39.646 - server_metrics_manager - INFO - Server Metrics: Started 2 collector(s) successfully
2026-10-09 10:19:39.827 - PhaseRunner - NOTICE - Phase warmup (warmup) started | target: 176 requests
2026-10-09 10:19:39.828 - AgenticReplayTiming - INFO - WARMUP execute: dispatching 16 trajectory credits
2026-10-09 10:19:39.830 - AgenticReplayTiming - INFO - WARMUP count budget: 10 additional requests per lane after 16 mandatory snapshot primers
2026-10-09 10:19:39.830 - AgenticReplayTiming - INFO - WARMUP spread: 8.8s ramp aligning 16 request(s) on t* (earliest fires at 0, last at 8.8s)
2026-10-09 10:19:40.611 - records_manager - INFO - Credit phase start: warmup
2026-10-09 10:19:40.611 - system_controller - INFO - All services started profiling successfully
2026-10-09 10:19:40.612 - system_controller - INFO - AIPerf System is PROFILING
2026-10-09 10:20:09.838 - PhaseRunner - INFO - Phase warmup progress | returned=7/176 | sent=16 | in_flight=9 | errors=0 | elapsed=30.0s
2026-10-09 10:20:39.847 - PhaseRunner - INFO - Phase warmup progress | returned=10/176 | sent=16 | in_flight=6 | errors=0 | elapsed=60.0s
2026-10-09 10:21:09.861 - PhaseRunner - INFO - Phase warmup progress | returned=14/176 | sent=16 | in_flight=2 | errors=0 | elapsed=90.0s
2026-10-09 10:21:19.201 - aiperf.timing.replay_dependencies - INFO - Replay interval barriers active: 68266 requests, 34015 gated turns, join-widths={1: 26371, 2: 5215, 3: 1416, 4: 473, 5: 151, 6: 80, 7: 62, 8: 91, 9: 72, 10: 51, 11: 20, 12: 9, 13: 2, 14: 2}
2026-10-09 10:21:19.202 - AgenticReplayTiming - INFO - WARMUP cache pressure: replaying live trajectories until each lane reaches 10 additional requests with zero idle delay and max_tokens=1
2026-10-09 10:21:39.869 - PhaseRunner - INFO - Phase warmup progress | returned=62/176 | sent=83 | in_flight=21 | errors=0 | elapsed=120.0s
2026-10-09 10:22:09.876 - PhaseRunner - INFO - Phase warmup progress | returned=136/176 | sent=150 | in_flight=14 | errors=0 | elapsed=150.0s
2026-10-09 10:22:26.118 - AgenticReplayTiming - INFO - WARMUP cache pressure request budget reached: 10 additional requests on each of 16 lanes; draining requests
2026-10-09 10:22:26.119 - PhaseRunner - NOTICE - Phase warmup (warmup) sending complete | sent=176, completed=172, in_flight=4 | sessions: sent=17, completed=5
2026-10-09 10:22:27.023 - PhaseRunner - INFO - All accelerated-warmup wire requests returned; preserving paused DAG work for profiling handoff.
2026-10-09 10:22:27.024 - PhaseRunner - NOTICE - Phase warmup (warmup) complete | completed=176, cancelled=0, errors=0 | sessions: completed=5, cancelled=0 | elapsed=167.20s
2026-10-09 10:22:27.024 - AgenticReplayTiming - INFO - Global system-idle cap summary: limit=10s, jumps=0, skipped=0.000s
2026-10-09 10:22:27.025 - server_metrics_manager - INFO - Server Metrics: Warmup complete, capturing final warmup metrics...
2026-10-09 10:22:27.028 - AgenticReplayTiming - INFO - WARMUP cache pressure handoff: persisted 38 live streams
2026-10-09 10:22:27.028 - aiperf.timing.branch_orchestrator - INFO - BranchOrchestrator stats: spawned=34 completed=8 errored=0 suspended=5 resumed=1 parents_failed_due_to_child_error=0 joins_suppressed=0 delayed=0
2026-10-09 10:22:27.028 - PhaseRunner - INFO - Session-tree slots for phase warmup: peak_open=16 (target concurrency 16); released 16 still-open at teardown; late_events=0
2026-10-09 10:22:27.195 - aiperf.timing.replay_dependencies - INFO - Replay interval barriers active: 68266 requests, 34015 gated turns, join-widths={1: 26371, 2: 5215, 3: 1416, 4: 473, 5: 151, 6: 80, 7: 62, 8: 91, 9: 72, 10: 51, 11: 20, 12: 9, 13: 2, 14: 2}
2026-10-09 10:22:27.195 - AgenticReplayTiming - INFO - PROFILING setup: 16 trajectory lanes; recycle draws roots from the dataset sampler
2026-10-09 10:22:27.195 - AgenticReplayTiming - INFO - PROFILING: 4 rootless + 4 gated-parent lanes of 16 dispatch no root credit at start and hold a lane credit instead (so they still count toward concurrency); rootless lanes recycle into a fresh root once their background subagents drain
2026-10-09 10:22:27.195 - PhaseRunner - NOTICE - Phase profiling (profiling) started | phase_index=0 | profiling_index=0 | target: 3600.0s duration
2026-10-09 10:22:27.197 - records_manager - INFO - Credit phase start: profiling
2026-10-09 10:22:27.199 - PhaseRunner - INFO - Waiting for event 'profiling phase sending' with timeout of 3599.9958682s
2026-10-09 10:22:27.200 - AgenticReplayTiming - INFO - PROFILING execute: resuming 16 trajectory sessions (spread; first-request spread 52667.1s)
2026-10-09 10:22:27.200 - EventLoopMonitor - WARNING - Event loop for timing_manager is taking too long to run. Overhead: 25.21ms
2026-10-09 10:22:54.086 - records_manager - INFO - [realtime 00:26 profiling]
2026-10-09 10:22:54.086 - records_manager - INFO -   rps=0.2 (avg 0.2)  tput_in=10,413/s  tput_out=122/s  done=6 ok=6 err=0
2026-10-09 10:22:54.086 - records_manager - INFO -   ttft    p50=  240ms  p75=  558ms  p95=1,091ms  p99=1,211ms
2026-10-09 10:22:54.086 - records_manager - INFO -   itl     p50=    5ms  p75=    5ms  p95=    6ms  p99=    6ms
2026-10-09 10:22:54.086 - records_manager - INFO -   e2e     p50=3,150ms  p75=3,982ms  p95=5,489ms  p99=5,833ms
2026-10-09 10:22:54.086 - records_manager - INFO -   intvty  p50=    189  p75=    192  p95=    199  p99=    201  (1/tpot tok/s)
2026-10-09 10:22:54.086 - records_manager - INFO -   isl     p50= 45,064  p75= 47,845  p90= 48,925  p99= 49,102  (tokens)
2026-10-09 10:22:54.086 - records_manager - INFO -   osl     p50=    550  p75=    586  p90=    827  p99=  1,036  (tokens)
2026-10-09 10:22:54.086 - records_manager - INFO -   tot     in=260,437  out=3,050
2026-10-09 10:22:54.086 - records_manager - INFO -   trace  theoretical_prefix_cache_hit=92.5%
2026-10-09 10:22:54.086 - records_manager - INFO -   srv    prefix_cache_hit=73.8% unique_in_srv=185,092 kv_usage=4.2% queue=2r/0w tput_in_srv=26,446/s tput_out_srv=281/s
2026-10-09 10:23:24.153 - records_manager - INFO - [realtime 00:56 profiling]
2026-10-09 10:23:24.154 - records_manager - INFO -   rps=0.3 (avg 0.2)  tput_in=14,540/s  tput_out=140/s  done=14 ok=14 err=0
2026-10-09 10:23:24.154 - records_manager - INFO -   ttft    p50=  453ms  p75=  661ms  p95=1,043ms  p99= 1,201ms
2026-10-09 10:23:24.154 - records_manager - INFO -   itl     p50=    6ms  p75=    7ms  p95=    9ms  p99=    10ms
2026-10-09 10:23:24.154 - records_manager - INFO -   e2e     p50=3,535ms  p75=5,044ms  p95=7,954ms  p99=10,009ms
2026-10-09 10:23:24.154 - records_manager - INFO -   intvty  p50=    169  p75=    188  p95=    196  p99=     200  (1/tpot tok/s)
2026-10-09 10:23:24.154 - records_manager - INFO -   isl     p50= 48,925  p75= 67,704  p90= 97,807  p99= 107,378  (tokens)
2026-10-09 10:23:24.154 - records_manager - INFO -   osl     p50=    487  p75=    792  p90=  1,007  p99=   1,490  (tokens)
2026-10-09 10:23:24.154 - records_manager - INFO -   tot     in=816,895  out=7,841
2026-10-09 10:23:24.154 - records_manager - INFO -   trace  theoretical_prefix_cache_hit=92.4%
2026-10-09 10:23:24.154 - records_manager - INFO -   srv    prefix_cache_hit=87.3% unique_in_srv=291,212 kv_usage=14.9% queue=3r/0w tput_in_srv=40,503/s tput_out_srv=342/s
2026-10-09 10:23:54.283 - records_manager - INFO - [realtime 01:27 profiling]
2026-10-09 10:23:54.284 - records_manager - INFO -   rps=0.5 (avg 0.3)  tput_in=26,859/s  tput_out=173/s  done=30 ok=30 err=0
2026-10-09 10:23:54.284 - records_manager - INFO -   ttft    p50=  451ms  p75=  670ms  p95= 1,104ms  p99= 1,449ms
2026-10-09 10:23:54.284 - records_manager - INFO -   itl     p50=    9ms  p75=   11ms  p95=    13ms  p99=    15ms
2026-10-09 10:23:54.284 - records_manager - INFO -   e2e     p50=3,740ms  p75=5,514ms  p95=11,461ms  p99=18,852ms
2026-10-09 10:23:54.284 - records_manager - INFO -   intvty  p50=    107  p75=    166  p95=     191  p99=     199  (1/tpot tok/s)
2026-10-09 10:23:54.284 - records_manager - INFO -   isl     p50= 81,504  p75=107,330  p90= 109,471  p99= 111,179  (tokens)
2026-10-09 10:23:54.284 - records_manager - INFO -   osl     p50=    366  p75=    576  p90=   1,083  p99=   1,788  (tokens)
2026-10-09 10:23:54.284 - records_manager - INFO -   tot     in=2,330,779  out=15,038
2026-10-09 10:23:54.284 - records_manager - INFO -   trace  theoretical_prefix_cache_hit=92.6%
2026-10-09 10:23:54.284 - records_manager - INFO -   srv    prefix_cache_hit=92.0% unique_in_srv=428,738 kv_usage=20.4% queue=4r/0w tput_in_srv=61,566/s tput_out_srv=441/s
2026-10-09 10:24:24.449 - records_manager - INFO - [realtime 01:57 profiling]
2026-10-09 10:24:24.449 - records_manager - INFO -   rps=0.2 (avg 0.3)  tput_in=25,841/s  tput_out=183/s  done=37 ok=37 err=0
2026-10-09 10:24:24.449 - records_manager - INFO -   ttft    p50=  406ms  p75=  654ms  p95=   997ms  p99= 1,429ms
2026-10-09 10:24:24.449 - records_manager - INFO -   itl     p50=   10ms  p75=   11ms  p95=    14ms  p99=    15ms
2026-10-09 10:24:24.449 - records_manager - INFO -   e2e     p50=3,740ms  p75=5,919ms  p95=18,334ms  p99=27,305ms
2026-10-09 10:24:24.449 - records_manager - INFO -   intvty  p50=     98  p75=    154  p95=     190  p99=     198  (1/tpot tok/s)
2026-10-09 10:24:24.449 - records_manager - INFO -   isl     p50= 82,629  p75=107,631  p90= 111,077  p99= 111,936  (tokens)
2026-10-09 10:24:24.449 - records_manager - INFO -   osl     p50=    341  p75=    595  p90=   1,383  p99=   2,328  (tokens)
2026-10-09 10:24:24.449 - records_manager - INFO -   tot     in=2,952,033  out=20,873
2026-10-09 10:24:24.449 - records_manager - INFO -   trace  theoretical_prefix_cache_hit=92.8%
2026-10-09 10:24:24.450 - records_manager - INFO -   srv    prefix_cache_hit=93.0% unique_in_srv=456,626 kv_usage=15.3% queue=3r/0w tput_in_srv=56,239/s tput_out_srv=526/s
2026-10-09 10:24:54.636 - records_manager - INFO - [realtime 02:27 profiling]
2026-10-09 10:24:54.636 - records_manager - INFO -   rps=0.2 (avg 0.3)  tput_in=26,050/s  tput_out=204/s  done=42 ok=42 err=0
2026-10-09 10:24:54.636 - records_manager - INFO -   ttft    p50=  402ms  p75=  651ms  p95= 1,226ms  p99= 1,439ms
2026-10-09 10:24:54.636 - records_manager - INFO -   itl     p50=   10ms  p75=   11ms  p95=    14ms  p99=    15ms
2026-10-09 10:24:54.636 - records_manager - INFO -   e2e     p50=3,740ms  p75=6,322ms  p95=21,356ms  p99=36,546ms
2026-10-09 10:24:54.636 - records_manager - INFO -   intvty  p50=    101  p75=    149  p95=     189  p99=     198  (1/tpot tok/s)
2026-10-09 10:24:54.636 - records_manager - INFO -   isl     p50= 82,794  p75=107,580  p90= 111,242  p99= 112,167  (tokens)
2026-10-09 10:24:54.636 - records_manager - INFO -   osl     p50=    366  p75=    792  p90=   1,487  p99=   3,197  (tokens)
2026-10-09 10:24:54.636 - records_manager - INFO -   tot     in=3,388,782  out=26,529
2026-10-09 10:24:54.636 - records_manager - INFO -   trace  theoretical_prefix_cache_hit=92.9%
2026-10-09 10:24:54.636 - records_manager - INFO -   srv    prefix_cache_hit=93.2% unique_in_srv=497,724 kv_usage=13.8% queue=3r/0w tput_in_srv=50,198/s tput_out_srv=524/s
2026-10-09 10:25:24.865 - records_manager - INFO - [realtime 02:57 profiling]
2026-10-09 10:25:24.865 - records_manager - INFO -   rps=0.3 (avg 0.3)  tput_in=22,599/s  tput_out=231/s  done=51 ok=51 err=0
2026-10-09 10:25:24.865 - records_manager - INFO -   ttft    p50=  406ms  p75=  669ms  p95= 1,272ms  p99= 2,128ms
2026-10-09 10:25:24.865 - records_manager - INFO -   itl     p50=    9ms  p75=   11ms  p95=    13ms  p99=    15ms
2026-10-09 10:25:24.865 - records_manager - INFO -   e2e     p50=3,740ms  p75=6,188ms  p95=26,048ms  p99=74,492ms
2026-10-09 10:25:24.865 - records_manager - INFO -   intvty  p50=    107  p75=    139  p95=     191  p99=     430  (1/tpot tok/s)
2026-10-09 10:25:24.865 - records_manager - INFO -   isl     p50= 80,378  p75=107,530  p90= 111,477  p99= 145,780  (tokens)
2026-10-09 10:25:24.865 - records_manager - INFO -   osl     p50=    341  p75=    726  p90=   1,554  p99=   7,010  (tokens)
2026-10-09 10:25:24.865 - records_manager - INFO -   tot     in=4,000,725  out=40,856
2026-10-09 10:25:24.865 - records_manager - INFO -   trace  theoretical_prefix_cache_hit=92.7%
2026-10-09 10:25:24.865 - records_manager - INFO -   srv    prefix_cache_hit=91.0% unique_in_srv=764,080 kv_usage=12.3% queue=3r/0w tput_in_srv=47,243/s tput_out_srv=518/s
2026-10-09 10:25:55.128 - records_manager - INFO - [realtime 03:27 profiling]
2026-10-09 10:25:55.128 - records_manager - INFO -   rps=0.1 (avg 0.3)  tput_in=20,737/s  tput_out=236/s  done=54 ok=54 err=0
2026-10-09 10:25:55.128 - records_manager - INFO -   ttft    p50=  409ms  p75=  697ms  p95= 1,365ms  p99= 2,092ms
2026-10-09 10:25:55.129 - records_manager - INFO -   itl     p50=    9ms  p75=   11ms  p95=    13ms  p99=    15ms
2026-10-09 10:25:55.129 - records_manager - INFO -   e2e     p50=3,756ms  p75=7,156ms  p95=34,103ms  p99=72,679ms
2026-10-09 10:25:55.129 - records_manager - INFO -   intvty  p50=    107  p75=    138  p95=     190  p99=     416  (1/tpot tok/s)
2026-10-09 10:25:55.129 - records_manager - INFO -   isl     p50= 79,428  p75=107,580  p90= 111,708  p99= 152,271  (tokens)
2026-10-09 10:25:55.129 - records_manager - INFO -   osl     p50=    392  p75=  1,002  p90=   1,882  p99=   7,203  (tokens)
2026-10-09 10:25:55.129 - records_manager - INFO -   tot     in=4,229,848  out=48,148
2026-10-09 10:25:55.129 - records_manager - INFO -   trace  theoretical_prefix_cache_hit=92.7%
2026-10-09 10:25:55.129 - records_manager - INFO -   srv    prefix_cache_hit=91.4% unique_in_srv=774,152 kv_usage=13.4% queue=3r/0w tput_in_srv=43,737/s tput_out_srv=507/s
2026-10-09 10:26:25.437 - records_manager - INFO - [realtime 03:58 profiling]
2026-10-09 10:26:25.437 - records_manager - INFO -   rps=0.4 (avg 0.3)  tput_in=22,317/s  tput_out=236/s  done=65 ok=65 err=0
2026-10-09 10:26:25.437 - records_manager - INFO -   ttft    p50=  387ms  p75=  667ms  p95= 1,290ms  p99= 1,962ms
2026-10-09 10:26:25.437 - records_manager - INFO -   itl     p50=    9ms  p75=   11ms  p95=    13ms  p99=    15ms
2026-10-09 10:26:25.437 - records_manager - INFO -   e2e     p50=3,370ms  p75=6,457ms  p95=38,685ms  p99=70,055ms
2026-10-09 10:26:25.437 - records_manager - INFO -   intvty  p50=    112  p75=    135  p95=     189  p99=     366  (1/tpot tok/s)
2026-10-09 10:26:25.437 - records_manager - INFO -   isl     p50= 84,686  p75=107,035  p90= 111,675  p99= 158,733  (tokens)
2026-10-09 10:26:25.437 - records_manager - INFO -   osl     p50=    314  p75=    858  p90=   1,881  p99=   7,373  (tokens)
2026-10-09 10:26:25.437 - records_manager - INFO -   tot     in=5,297,435  out=56,011
2026-10-09 10:26:25.437 - records_manager - INFO -   trace  theoretical_prefix_cache_hit=93.0%
2026-10-09 10:26:25.437 - records_manager - INFO -   srv    prefix_cache_hit=92.7% unique_in_srv=782,918 kv_usage=6.4% queue=2r/0w tput_in_srv=45,104/s tput_out_srv=516/s
2026-10-09 10:26:55.765 - records_manager - INFO - [realtime 04:28 profiling]
2026-10-09 10:26:55.765 - records_manager - INFO -   rps=0.2 (avg 0.3)  tput_in=22,325/s  tput_out=218/s  done=72 ok=72 err=0
2026-10-09 10:26:55.765 - records_manager - INFO -   ttft    p50=  372ms  p75=  646ms  p95= 1,269ms  p99= 1,879ms
2026-10-09 10:26:55.765 - records_manager - INFO -   itl     p50=    9ms  p75=   10ms  p95=    13ms  p99=    15ms
2026-10-09 10:26:55.765 - records_manager - INFO -   e2e     p50=3,358ms  p75=5,662ms  p95=35,121ms  p99=65,876ms
2026-10-09 10:26:55.765 - records_manager - INFO -   intvty  p50=    113  p75=    133  p95=     189  p99=     334  (1/tpot tok/s)
2026-10-09 10:26:55.766 - records_manager - INFO -   isl     p50= 88,784  p75= 97,708  p90= 111,457  p99= 158,513  (tokens)
2026-10-09 10:26:55.766 - records_manager - INFO -   osl     p50=    308  p75=    585  p90=   1,845  p99=   7,043  (tokens)
2026-10-09 10:26:55.766 - records_manager - INFO -   tot     in=5,960,139  out=58,067
2026-10-09 10:26:55.766 - records_manager - INFO -   trace  theoretical_prefix_cache_hit=93.2%
2026-10-09 10:26:55.766 - records_manager - INFO -   srv    prefix_cache_hit=93.4% unique_in_srv=799,420 kv_usage=5.7% queue=2r/0w tput_in_srv=45,343/s tput_out_srv=533/s
2026-10-09 10:27:26.143 - records_manager - INFO - [realtime 04:58 profiling]
2026-10-09 10:27:26.143 - records_manager - INFO -   rps=0.3 (avg 0.3)  tput_in=22,916/s  tput_out=221/s  done=80 ok=80 err=0
2026-10-09 10:27:26.143 - records_manager - INFO -   ttft    p50=  381ms  p75=  618ms  p95= 1,244ms  p99= 1,784ms
2026-10-09 10:27:26.143 - records_manager - INFO -   itl     p50=    9ms  p75=   10ms  p95=    13ms  p99=    15ms
2026-10-09 10:27:26.143 - records_manager - INFO -   e2e     p50=3,226ms  p75=5,662ms  p95=34,620ms  p99=61,100ms
2026-10-09 10:27:26.143 - records_manager - INFO -   intvty  p50=    114  p75=    139  p95=     188  p99=     297  (1/tpot tok/s)
2026-10-09 10:27:26.143 - records_manager - INFO -   isl     p50= 90,210  p75=101,130  p90= 111,295  p99= 158,261  (tokens)
2026-10-09 10:27:26.143 - records_manager - INFO -   osl     p50=    293  p75=    585  p90=   1,878  p99=   6,665  (tokens)
2026-10-09 10:27:26.143 - records_manager - INFO -   tot     in=6,719,698  out=64,811
2026-10-09 10:27:26.143 - records_manager - INFO -   trace  theoretical_prefix_cache_hit=93.4%
2026-10-09 10:27:26.143 - records_manager - INFO -   srv    prefix_cache_hit=93.1% unique_in_srv=941,124 kv_usage=4.8% queue=2r/0w tput_in_srv=45,406/s tput_out_srv=530/s
2026-10-09 10:27:27.201 - aiperf.timing.replay_dependencies - INFO - Per-trace idle cap advanced replay root 6b9802d4-581a-4e03-9a9d-675b5d1fb08a by 36318.802s
2026-10-09 10:27:27.201 - aiperf.timing.replay_dependencies - INFO - Per-trace idle cap advanced replay root 03d9aabc-56c9-42c1-99d9-2cc753351f0a by 1366.670s
2026-10-09 10:27:27.202 - aiperf.timing.replay_dependencies - INFO - Per-trace idle cap advanced replay root f83f03cd-fdea-4a8d-acdb-60ae6d5b8a6e by 414.599s
2026-10-09 10:27:27.202 - aiperf.timing.replay_dependencies - INFO - Per-trace idle cap advanced replay root 63931746-cdd0-46c9-958b-8c12ffb9d03d by 52367.088s
2026-10-09 10:27:27.202 - aiperf.timing.replay_dependencies - INFO - Per-trace idle cap advanced replay root 0b4a799d-709f-40a0-8070-d363c051773b by 544.284s
2026-10-09 10:27:27.202 - aiperf.timing.replay_dependencies - INFO - Per-trace idle cap advanced replay root 448476b1-fc31-4e73-9990-5b295b73182a by 4827.955s
2026-10-09 10:27:27.202 - aiperf.timing.replay_dependencies - INFO - Per-trace idle cap advanced replay root ab21bc1a-fe1d-432e-979a-594b60cb8703 by 148.302s
2026-10-09 10:27:27.202 - aiperf.timing.replay_dependencies - INFO - Per-trace idle cap advanced replay root ca1129b2-f12a-402d-9c28-bd053a195c17 by 904.241s
2026-10-09 10:27:27.202 - aiperf.timing.replay_dependencies - INFO - Per-trace idle cap advanced replay root ece90cb4-96fe-48ce-aea8-931842b7c5c6 by 1956.419s
2026-10-09 10:27:27.202 - aiperf.timing.replay_dependencies - INFO - Per-trace idle cap advanced replay root 46478ab8-f464-4ef4-9487-d3521f6ff4b1 by 1491.768s
2026-10-09 10:27:27.202 - aiperf.timing.replay_dependencies - INFO - Per-trace idle cap advanced replay root 51d72c53-acb7-4031-9317-16467579ef30 by 15423.273s
2026-10-09 10:27:56.556 - records_manager - INFO - [realtime 05:29 profiling]
2026-10-09 10:27:56.556 - records_manager - INFO -   rps=0.4 (avg 0.3)  tput_in=21,735/s  tput_out=204/s  done=91 ok=91 err=0
2026-10-09 10:27:56.557 - records_manager - INFO -   ttft    p50=  398ms  p75=  710ms  p95= 5,591ms  p99=15,315ms
2026-10-09 10:27:56.557 - records_manager - INFO -   itl     p50=    9ms  p75=   11ms  p95=    75ms  p99=    96ms
2026-10-09 10:27:56.557 - records_manager - INFO -   e2e     p50=3,741ms  p75=9,827ms  p95=32,419ms  p99=54,533ms
2026-10-09 10:27:56.557 - records_manager - INFO -   intvty  p50=    113  p75=    135  p95=     188  p99=     247  (1/tpot tok/s)
2026-10-09 10:27:56.557 - records_manager - INFO -   isl     p50= 85,550  p75= 99,670  p90= 110,945  p99= 157,915  (tokens)
2026-10-09 10:27:56.557 - records_manager - INFO -   osl     p50=    280  p75=    550  p90=   1,554  p99=   6,146  (tokens)
2026-10-09 10:27:56.557 - records_manager - INFO -   tot     in=7,129,323  out=66,778
2026-10-09 10:27:56.557 - records_manager - INFO -   trace  theoretical_prefix_cache_hit=93.1%
2026-10-09 10:27:56.557 - records_manager - INFO -   srv    prefix_cache_hit=89.5% unique_in_srv=1,744,242 kv_usage=53.6% queue=10r/0w tput_in_srv=50,668/s tput_out_srv=510/s
2026-10-09 10:28:27.033 - records_manager - INFO - [realtime 05:59 profiling]
2026-10-09 10:28:27.033 - records_manager - INFO -   rps=1.0 (avg 0.3)  tput_in=24,836/s  tput_out=210/s  done=120 ok=120 err=0
2026-10-09 10:28:27.033 - records_manager - INFO -   ttft    p50=  415ms  p75=   894ms  p95= 8,065ms  p99=15,872ms
2026-10-09 10:28:27.033 - records_manager - INFO -   itl     p50=   10ms  p75=    37ms  p95=    72ms  p99=    92ms
2026-10-09 10:28:27.033 - records_manager - INFO -   e2e     p50=4,497ms  p75=14,473ms  p95=40,741ms  p99=55,678ms
2026-10-09 10:28:27.033 - records_manager - INFO -   intvty  p50=     97  p75=     126  p95=     179  p99=     200  (1/tpot tok/s)
2026-10-09 10:28:27.034 - records_manager - INFO -   isl     p50= 81,386  p75=  97,406  p90= 110,978  p99= 235,375  (tokens)
2026-10-09 10:28:27.034 - records_manager - INFO -   osl     p50=    270  p75=     475  p90=   1,119  p99=   5,463  (tokens)
2026-10-09 10:28:27.034 - records_manager - INFO -   tot     in=8,924,289  out=75,393
2026-10-09 10:28:27.034 - records_manager - INFO -   trace  theoretical_prefix_cache_hit=93.1%
2026-10-09 10:28:27.034 - records_manager - INFO -   srv    prefix_cache_hit=89.1% unique_in_srv=2,209,364 kv_usage=52.3% queue=15r/0w tput_in_srv=56,421/s tput_out_srv=528/s
2026-10-09 10:28:57.630 - records_manager - INFO - [realtime 06:30 profiling]
2026-10-09 10:28:57.630 - records_manager - INFO -   rps=1.3 (avg 0.4)  tput_in=29,172/s  tput_out=223/s  done=160 ok=160 err=0
2026-10-09 10:28:57.630 - records_manager - INFO -   ttft    p50=  424ms  p75=   970ms  p95= 6,047ms  p99=15,872ms
2026-10-09 10:28:57.630 - records_manager - INFO -   itl     p50=   21ms  p75=    38ms  p95=    67ms  p99=    91ms
2026-10-09 10:28:57.630 - records_manager - INFO -   e2e     p50=5,467ms  p75=14,473ms  p95=35,016ms  p99=58,701ms
2026-10-09 10:28:57.630 - records_manager - INFO -   intvty  p50=     53  p75=     114  p95=     169  p99=     196  (1/tpot tok/s)
2026-10-09 10:28:57.630 - records_manager - INFO -   isl     p50= 66,644  p75=  96,308  p90= 110,978  p99= 249,356  (tokens)
2026-10-09 10:28:57.630 - records_manager - INFO -   osl     p50=    260  p75=     472  p90=   1,042  p99=   5,017  (tokens)
2026-10-09 10:28:57.630 - records_manager - INFO -   tot     in=11,363,603  out=86,711
2026-10-09 10:28:57.631 - records_manager - INFO -   trace  theoretical_prefix_cache_hit=92.8%
2026-10-09 10:28:57.631 - records_manager - INFO -   srv    prefix_cache_hit=89.8% unique_in_srv=2,566,712 kv_usage=52.5% queue=17r/0w tput_in_srv=64,600/s tput_out_srv=565/s
2026-10-09 10:29:28.299 - records_manager - INFO - [realtime 07:01 profiling]
2026-10-09 10:29:28.299 - records_manager - INFO -   rps=0.7 (avg 0.4)  tput_in=30,780/s  tput_out=223/s  done=183 ok=183 err=0
2026-10-09 10:29:28.299 - records_manager - INFO -   ttft    p50=  477ms  p75=   990ms  p95= 5,817ms  p99=15,872ms
2026-10-09 10:29:28.299 - records_manager - INFO -   itl     p50=   33ms  p75=    40ms  p95=    65ms  p99=    90ms
2026-10-09 10:29:28.299 - records_manager - INFO -   e2e     p50=5,975ms  p75=14,557ms  p95=34,674ms  p99=57,339ms
2026-10-09 10:29:28.299 - records_manager - INFO -   intvty  p50=     30  p75=     113  p95=     157  p99=     194  (1/tpot tok/s)
2026-10-09 10:29:28.299 - records_manager - INFO -   isl     p50= 63,189  p75=  96,550  p90= 110,062  p99= 247,982  (tokens)
2026-10-09 10:29:28.299 - records_manager - INFO -   osl     p50=    263  p75=     456  p90=     970  p99=   4,761  (tokens)
2026-10-09 10:29:28.300 - records_manager - INFO -   tot     in=12,904,981  out=93,362
2026-10-09 10:29:28.300 - records_manager - INFO -   trace  theoretical_prefix_cache_hit=92.8%
2026-10-09 10:29:28.300 - records_manager - INFO -   srv    prefix_cache_hit=89.1% unique_in_srv=3,159,480 kv_usage=61.5% queue=19r/2w tput_in_srv=68,208/s tput_out_srv=589/s
2026-10-09 10:29:59.074 - records_manager - INFO - [realtime 07:31 profiling]
2026-10-09 10:29:59.074 - records_manager - INFO -   rps=0.7 (avg 0.5)  tput_in=32,260/s  tput_out=222/s  done=204 ok=204 err=0
2026-10-09 10:29:59.074 - records_manager - INFO -   ttft    p50=  514ms  p75=   995ms  p95= 7,591ms  p99=15,859ms
2026-10-09 10:29:59.074 - records_manager - INFO -   itl     p50=   35ms  p75=    42ms  p95=    69ms  p99=   106ms
2026-10-09 10:29:59.074 - records_manager - INFO -   e2e     p50=7,318ms  p75=16,705ms  p95=41,037ms  p99=56,227ms
2026-10-09 10:29:59.074 - records_manager - INFO -   intvty  p50=     29  p75=     110  p95=     155  p99=     192  (1/tpot tok/s)
2026-10-09 10:29:59.074 - records_manager - INFO -   isl     p50= 63,163  p75=  98,791  p90= 110,898  p99= 244,436  (tokens)
2026-10-09 10:29:59.074 - records_manager - INFO -   osl     p50=    266  p75=     447  p90=     921  p99=   4,555  (tokens)
2026-10-09 10:29:59.074 - records_manager - INFO -   tot     in=14,520,979  out=100,145
2026-10-09 10:29:59.074 - records_manager - INFO -   trace  theoretical_prefix_cache_hit=92.9%
2026-10-09 10:29:59.074 - records_manager - INFO -   srv    prefix_cache_hit=89.2% unique_in_srv=3,439,182 kv_usage=55.3% queue=18r/0w tput_in_srv=70,718/s tput_out_srv=593/s
2026-10-09 10:30:30.029 - records_manager - INFO - [realtime 08:02 profiling]
2026-10-09 10:30:30.029 - records_manager - INFO -   rps=1.1 (avg 0.5)  tput_in=35,897/s  tput_out=235/s  done=238 ok=238 err=0
2026-10-09 10:30:30.029 - records_manager - INFO -   ttft    p50=  467ms  p75=   905ms  p95= 6,153ms  p99=15,715ms
2026-10-09 10:30:30.029 - records_manager - INFO -   itl     p50=   36ms  p75=    41ms  p95=    67ms  p99=   102ms
2026-10-09 10:30:30.029 - records_manager - INFO -   e2e     p50=6,615ms  p75=16,537ms  p95=41,097ms  p99=89,605ms
2026-10-09 10:30:30.029 - records_manager - INFO -   intvty  p50=     28  p75=      97  p95=     153  p99=     191  (1/tpot tok/s)
2026-10-09 10:30:30.029 - records_manager - INFO -   isl     p50= 66,011  p75= 100,572  p90= 111,903  p99= 216,427  (tokens)
2026-10-09 10:30:30.029 - records_manager - INFO -   osl     p50=    247  p75=     441  p90=     867  p99=   4,492  (tokens)
2026-10-09 10:30:30.029 - records_manager - INFO -   tot     in=17,279,204  out=113,145
2026-10-09 10:30:30.029 - records_manager - INFO -   trace  theoretical_prefix_cache_hit=93.3%
2026-10-09 10:30:30.030 - records_manager - INFO -   srv    prefix_cache_hit=90.6% unique_in_srv=3,566,252 kv_usage=69.5% queue=21r/0w tput_in_srv=78,813/s tput_out_srv=622/s
2026-10-09 10:31:01.025 - records_manager - INFO - [realtime 08:33 profiling]
2026-10-09 10:31:01.026 - records_manager - INFO -   rps=1.1 (avg 0.5)  tput_in=38,976/s  tput_out=255/s  done=272 ok=272 err=0
2026-10-09 10:31:01.026 - records_manager - INFO -   ttft    p50=  484ms  p75=   884ms  p95= 5,562ms  p99= 15,571ms
2026-10-09 10:31:01.026 - records_manager - INFO -   itl     p50=   36ms  p75=    41ms  p95=    66ms  p99=     97ms
2026-10-09 10:31:01.026 - records_manager - INFO -   e2e     p50=7,265ms  p75=16,914ms  p95=41,823ms  p99=108,524ms
2026-10-09 10:31:01.026 - records_manager - INFO -   intvty  p50=     28  p75=      87  p95=     151  p99=      190  (1/tpot tok/s)
2026-10-09 10:31:01.026 - records_manager - INFO -   isl     p50= 66,266  p75= 101,130  p90= 112,268  p99=  188,419  (tokens)
2026-10-09 10:31:01.026 - records_manager - INFO -   osl     p50=    244  p75=     447  p90=     930  p99=    4,428  (tokens)
2026-10-09 10:31:01.026 - records_manager - INFO -   tot     in=19,947,098  out=130,520
2026-10-09 10:31:01.026 - records_manager - INFO -   trace  theoretical_prefix_cache_hit=93.6%
2026-10-09 10:31:01.026 - records_manager - INFO -   srv    prefix_cache_hit=91.3% unique_in_srv=3,794,796 kv_usage=73.7% queue=20r/0w tput_in_srv=84,571/s tput_out_srv=641/s
2026-10-09 10:31:32.132 - records_manager - INFO - [realtime 09:04 profiling]
2026-10-09 10:31:32.133 - records_manager - INFO -   rps=1.1 (avg 0.6)  tput_in=42,191/s  tput_out=257/s  done=305 ok=305 err=0
2026-10-09 10:31:32.133 - records_manager - INFO -   ttft    p50=  495ms  p75=   853ms  p95= 4,963ms  p99= 15,443ms
2026-10-09 10:31:32.134 - records_manager - INFO -   itl     p50=   37ms  p75=    43ms  p95=    60ms  p99=     93ms
2026-10-09 10:31:32.134 - records_manager - INFO -   e2e     p50=7,581ms  p75=17,071ms  p95=41,193ms  p99=108,161ms
2026-10-09 10:31:32.134 - records_manager - INFO -   intvty  p50=     27  p75=      79  p95=     150  p99=      189  (1/tpot tok/s)
2026-10-09 10:31:32.134 - records_manager - INFO -   isl     p50= 70,218  p75= 102,405  p90= 115,005  p99=  164,378  (tokens)
2026-10-09 10:31:32.134 - records_manager - INFO -   osl     p50=    239  p75=     441  p90=     852  p99=    4,344  (tokens)
2026-10-09 10:31:32.134 - records_manager - INFO -   tot     in=22,905,652  out=139,364
2026-10-09 10:31:32.134 - records_manager - INFO -   trace  theoretical_prefix_cache_hit=93.8%
2026-10-09 10:31:32.134 - records_manager - INFO -   srv    prefix_cache_hit=91.8% unique_in_srv=4,027,074 kv_usage=68.7% queue=18r/0w tput_in_srv=90,579/s tput_out_srv=649/s
2026-10-09 10:32:03.342 - records_manager - INFO - [realtime 09:36 profiling]
2026-10-09 10:32:03.342 - records_manager - INFO -   rps=0.7 (avg 0.6)  tput_in=43,638/s  tput_out=262/s  done=326 ok=326 err=0
2026-10-09 10:32:03.342 - records_manager - INFO -   ttft    p50=  497ms  p75=   890ms  p95= 4,707ms  p99= 15,416ms
2026-10-09 10:32:03.342 - records_manager - INFO -   itl     p50=   37ms  p75=    44ms  p95=    61ms  p99=     96ms
2026-10-09 10:32:03.342 - records_manager - INFO -   e2e     p50=7,765ms  p75=17,121ms  p95=41,879ms  p99=108,939ms
2026-10-09 10:32:03.342 - records_manager - INFO -   intvty  p50=     27  p75=      36  p95=     149  p99=      189  (1/tpot tok/s)
2026-10-09 10:32:03.342 - records_manager - INFO -   isl     p50= 72,310  p75= 105,284  p90= 116,166  p99=  172,522  (tokens)
2026-10-09 10:32:03.342 - records_manager - INFO -   osl     p50=    238  p75=     441  p90=     850  p99=    4,292  (tokens)
2026-10-09 10:32:03.343 - records_manager - INFO -   tot     in=24,841,951  out=148,994
2026-10-09 10:32:03.343 - records_manager - INFO -   trace  theoretical_prefix_cache_hit=93.8%
2026-10-09 10:32:03.343 - records_manager - INFO -   srv    prefix_cache_hit=91.8% unique_in_srv=4,438,460 kv_usage=83.7% queue=21r/0w tput_in_srv=93,693/s tput_out_srv=649/s
2026-10-09 10:32:20.431 - aiperf.timing.replay_dependencies - INFO - Per-trace idle cap advanced replay root 8281f033-75d6-4c96-b38a-0a3d13994b45 by 233.986s
2026-10-09 10:32:34.577 - records_manager - INFO - [realtime 10:07 profiling]
2026-10-09 10:32:34.577 - records_manager - INFO -   rps=0.6 (avg 0.6)  tput_in=44,147/s  tput_out=259/s  done=345 ok=345 err=0
2026-10-09 10:32:34.577 - records_manager - INFO -   ttft    p50=  513ms  p75=   919ms  p95= 4,707ms  p99= 15,391ms
2026-10-09 10:32:34.577 - records_manager - INFO -   itl     p50=   38ms  p75=    45ms  p95=    67ms  p99=     95ms
2026-10-09 10:32:34.577 - records_manager - INFO -   e2e     p50=7,948ms  p75=17,528ms  p95=43,025ms  p99=108,767ms
2026-10-09 10:32:34.577 - records_manager - INFO -   intvty  p50=     26  p75=      33  p95=     147  p99=      189  (1/tpot tok/s)
2026-10-09 10:32:34.577 - records_manager - INFO -   isl     p50= 73,553  p75= 106,155  p90= 116,683  p99=  179,097  (tokens)
2026-10-09 10:32:34.577 - records_manager - INFO -   osl     p50=    239  p75=     445  p90=     852  p99=    4,229  (tokens)
2026-10-09 10:32:34.577 - records_manager - INFO -   tot     in=26,685,399  out=156,563
2026-10-09 10:32:34.577 - records_manager - INFO -   trace  theoretical_prefix_cache_hit=93.7%
2026-10-09 10:32:34.577 - records_manager - INFO -   srv    prefix_cache_hit=91.8% unique_in_srv=4,717,130 kv_usage=84.8% queue=20r/0w tput_in_srv=94,612/s tput_out_srv=655/s
2026-10-09 10:33:05.952 - records_manager - INFO - [realtime 10:38 profiling]
2026-10-09 10:33:05.952 - records_manager - INFO -   rps=0.5 (avg 0.6)  tput_in=44,498/s  tput_out=262/s  done=361 ok=361 err=0
2026-10-09 10:33:05.952 - records_manager - INFO -   ttft    p50=  522ms  p75=   919ms  p95= 4,707ms  p99= 15,369ms
2026-10-09 10:33:05.952 - records_manager - INFO -   itl     p50=   38ms  p75=    45ms  p95=    67ms  p99=     94ms
2026-10-09 10:33:05.952 - records_manager - INFO -   e2e     p50=8,186ms  p75=17,998ms  p95=43,138ms  p99=112,111ms
2026-10-09 10:33:05.952 - records_manager - INFO -   intvty  p50=     26  p75=      31  p95=     142  p99=      189  (1/tpot tok/s)
2026-10-09 10:33:05.952 - records_manager - INFO -   isl     p50= 75,145  p75= 106,848  p90= 119,373  p99=  182,712  (tokens)
2026-10-09 10:33:05.952 - records_manager - INFO -   osl     p50=    245  p75=     447  p90=     842  p99=    4,449  (tokens)
2026-10-09 10:33:05.952 - records_manager - INFO -   tot     in=28,341,613  out=166,627
2026-10-09 10:33:05.952 - records_manager - INFO -   trace  theoretical_prefix_cache_hit=93.8%
2026-10-09 10:33:05.952 - records_manager - INFO -   srv    prefix_cache_hit=91.8% unique_in_srv=4,976,292 kv_usage=81.6% queue=18r/0w tput_in_srv=94,814/s tput_out_srv=659/s
2026-10-09 10:33:37.346 - records_manager - INFO - [realtime 11:10 profiling]
2026-10-09 10:33:37.347 - records_manager - INFO -   rps=0.6 (avg 0.6)  tput_in=45,204/s  tput_out=267/s  done=379 ok=379 err=0
2026-10-09 10:33:37.347 - records_manager - INFO -   ttft    p50=  523ms  p75=   905ms  p95= 4,707ms  p99= 15,346ms
2026-10-09 10:33:37.347 - records_manager - INFO -   itl     p50=   39ms  p75=    46ms  p95=    67ms  p99=     94ms
2026-10-09 10:33:37.347 - records_manager - INFO -   e2e     p50=8,806ms  p75=18,657ms  p95=47,174ms  p99=117,679ms
2026-10-09 10:33:37.347 - records_manager - INFO -   intvty  p50=     26  p75=      30  p95=     140  p99=      189  (1/tpot tok/s)
2026-10-09 10:33:37.347 - records_manager - INFO -   isl     p50= 76,124  p75= 107,468  p90= 122,073  p99=  182,468  (tokens)
2026-10-09 10:33:37.347 - records_manager - INFO -   osl     p50=    248  p75=     457  p90=     868  p99=    4,415  (tokens)
2026-10-09 10:33:37.347 - records_manager - INFO -   tot     in=30,153,194  out=178,076
2026-10-09 10:33:37.347 - records_manager - INFO -   trace  theoretical_prefix_cache_hit=93.9%
2026-10-09 10:33:37.347 - records_manager - INFO -   srv    prefix_cache_hit=92.1% unique_in_srv=5,050,888 kv_usage=85.0% queue=17r/0w tput_in_srv=95,690/s tput_out_srv=668/s
2026-10-09 10:34:08.807 - records_manager - INFO - [realtime 11:41 profiling]
2026-10-09 10:34:08.807 - records_manager - INFO -   rps=0.5 (avg 0.6)  tput_in=45,570/s  tput_out=271/s  done=394 ok=394 err=0
2026-10-09 10:34:08.807 - records_manager - INFO -   ttft    p50=  529ms  p75=   917ms  p95= 4,707ms  p99= 15,326ms
2026-10-09 10:34:08.807 - records_manager - INFO -   itl     p50=   39ms  p75=    46ms  p95=    66ms  p99=     93ms
2026-10-09 10:34:08.807 - records_manager - INFO -   e2e     p50=9,046ms  p75=18,790ms  p95=53,585ms  p99=128,945ms
2026-10-09 10:34:08.807 - records_manager - INFO -   intvty  p50=     25  p75=      30  p95=     139  p99=      188  (1/tpot tok/s)
2026-10-09 10:34:08.807 - records_manager - INFO -   isl     p50= 78,116  p75= 108,110  p90= 124,040  p99=  182,265  (tokens)
2026-10-09 10:34:08.808 - records_manager - INFO -   osl     p50=    248  p75=     461  p90=     884  p99=    4,387  (tokens)
2026-10-09 10:34:08.808 - records_manager - INFO -   tot     in=31,837,535  out=189,347
2026-10-09 10:34:08.808 - records_manager - INFO -   trace  theoretical_prefix_cache_hit=93.8%
2026-10-09 10:34:08.808 - records_manager - INFO -   srv    prefix_cache_hit=92.1% unique_in_srv=5,302,734 kv_usage=77.1% queue=16r/0w tput_in_srv=96,048/s tput_out_srv=672/s
2026-10-09 10:34:19.205 - aiperf.timing.replay_dependencies - INFO - Per-trace idle cap advanced replay root ab21bc1a-fe1d-432e-979a-594b60cb8703 by 10.345s
2026-10-09 10:34:40.366 - records_manager - INFO - [realtime 12:13 profiling]
2026-10-09 10:34:40.366 - records_manager - INFO -   rps=0.4 (avg 0.6)  tput_in=45,613/s  tput_out=266/s  done=407 ok=407 err=0
2026-10-09 10:34:40.366 - records_manager - INFO -   ttft    p50=  533ms  p75=   929ms  p95= 4,549ms  p99= 15,313ms
2026-10-09 10:34:40.366 - records_manager - INFO -   itl     p50=   39ms  p75=    45ms  p95=    65ms  p99=     92ms
2026-10-09 10:34:40.366 - records_manager - INFO -   e2e     p50=9,403ms  p75=18,907ms  p95=51,766ms  p99=127,925ms
2026-10-09 10:34:40.366 - records_manager - INFO -   intvty  p50=     26  p75=      30  p95=     138  p99=      188  (1/tpot tok/s)
2026-10-09 10:34:40.366 - records_manager - INFO -   isl     p50= 79,449  p75= 108,756  p90= 130,600  p99=  181,751  (tokens)
2026-10-09 10:34:40.366 - records_manager - INFO -   osl     p50=    253  p75=     462  p90=     871  p99=    4,354  (tokens)
2026-10-09 10:34:40.366 - records_manager - INFO -   tot     in=33,343,404  out=194,671
2026-10-09 10:34:40.366 - records_manager - INFO -   trace  theoretical_prefix_cache_hit=93.9%
2026-10-09 10:34:40.367 - records_manager - INFO -   srv    prefix_cache_hit=92.2% unique_in_srv=5,485,286 kv_usage=79.2% queue=16r/0w tput_in_srv=96,065/s tput_out_srv=681/s
2026-10-09 10:34:40.975 - aiperf.timing.replay_dependencies - INFO - Per-trace idle cap advanced replay root 018d7de0-fd97-48d6-ad4f-ad394db95e17 by 1309.996s
2026-10-09 10:35:12.011 - records_manager - INFO - [realtime 12:44 profiling]
2026-10-09 10:35:12.012 - records_manager - INFO -   rps=0.1 (avg 0.5)  tput_in=44,881/s  tput_out=265/s  done=410 ok=410 err=0
2026-10-09 10:35:12.012 - records_manager - INFO -   ttft    p50=  540ms  p75=   942ms  p95= 4,470ms  p99= 15,311ms
2026-10-09 10:35:12.012 - records_manager - INFO -   itl     p50=   39ms  p75=    45ms  p95=    64ms  p99=     92ms
2026-10-09 10:35:12.012 - records_manager - INFO -   e2e     p50=9,643ms  p75=18,959ms  p95=53,839ms  p99=136,447ms
2026-10-09 10:35:12.012 - records_manager - INFO -   intvty  p50=     26  p75=      30  p95=     138  p99=      188  (1/tpot tok/s)
2026-10-09 10:35:12.012 - records_manager - INFO -   isl     p50= 80,041  p75= 108,801  p90= 131,478  p99=  181,542  (tokens)
2026-10-09 10:35:12.012 - records_manager - INFO -   osl     p50=    255  p75=     462  p90=     879  p99=    4,344  (tokens)
2026-10-09 10:35:12.012 - records_manager - INFO -   tot     in=33,715,396  out=199,088
2026-10-09 10:35:12.012 - records_manager - INFO -   trace  theoretical_prefix_cache_hit=93.9%
2026-10-09 10:35:12.012 - records_manager - INFO -   srv    prefix_cache_hit=91.3% unique_in_srv=6,261,576 kv_usage=94.8% queue=18r/0w tput_in_srv=93,660/s tput_out_srv=665/s
2026-10-09 10:35:43.613 - records_manager - INFO - [realtime 13:16 profiling]
2026-10-09 10:35:43.613 - records_manager - INFO -   rps=0.2 (avg 0.5)  tput_in=43,840/s  tput_out=268/s  done=417 ok=417 err=0
2026-10-09 10:35:43.613 - records_manager - INFO -   ttft    p50=  542ms  p75=   956ms  p95= 4,825ms  p99= 15,317ms
2026-10-09 10:35:43.613 - records_manager - INFO -   itl     p50=   39ms  p75=    46ms  p95=    67ms  p99=    105ms
2026-10-09 10:35:43.613 - records_manager - INFO -   e2e     p50=9,940ms  p75=19,201ms  p95=55,613ms  p99=165,146ms
2026-10-09 10:35:43.613 - records_manager - INFO -   intvty  p50=     25  p75=      30  p95=     136  p99=      188  (1/tpot tok/s)
2026-10-09 10:35:43.613 - records_manager - INFO -   isl     p50= 80,378  p75= 109,387  p90= 135,877  p99=  181,053  (tokens)
2026-10-09 10:35:43.613 - records_manager - INFO -   osl     p50=    257  p75=     465  p90=     892  p99=    4,531  (tokens)
2026-10-09 10:35:43.613 - records_manager - INFO -   tot     in=34,625,185  out=211,779
2026-10-09 10:35:43.613 - records_manager - INFO -   trace  theoretical_prefix_cache_hit=93.8%
2026-10-09 10:35:43.613 - records_manager - INFO -   srv    prefix_cache_hit=91.3% unique_in_srv=6,324,790 kv_usage=82.9% queue=15r/0w tput_in_srv=91,876/s tput_out_srv=663/s
2026-10-09 10:36:15.271 - records_manager - INFO - [realtime 13:48 profiling]
2026-10-09 10:36:15.271 - records_manager - INFO -   rps=0.1 (avg 0.5)  tput_in=42,952/s  tput_out=262/s  done=421 ok=421 err=0
2026-10-09 10:36:15.271 - records_manager - INFO -   ttft    p50=  542ms  p75=   956ms  p95= 4,775ms  p99= 15,317ms
2026-10-09 10:36:15.271 - records_manager - INFO -   itl     p50=   39ms  p75=    46ms  p95=    67ms  p99=    105ms
2026-10-09 10:36:15.271 - records_manager - INFO -   e2e     p50=9,950ms  p75=19,542ms  p95=56,273ms  p99=163,818ms
2026-10-09 10:36:15.271 - records_manager - INFO -   intvty  p50=     25  p75=      30  p95=     136  p99=      188  (1/tpot tok/s)
2026-10-09 10:36:15.271 - records_manager - INFO -   isl     p50= 82,452  p75= 109,415  p90= 138,095  p99=  180,773  (tokens)
2026-10-09 10:36:15.272 - records_manager - INFO -   osl     p50=    263  p75=     469  p90=     900  p99=    4,524  (tokens)
2026-10-09 10:36:15.272 - records_manager - INFO -   tot     in=35,163,661  out=214,212
2026-10-09 10:36:15.272 - records_manager - INFO -   trace  theoretical_prefix_cache_hit=93.8%
2026-10-09 10:36:15.272 - records_manager - INFO -   srv    prefix_cache_hit=91.5% unique_in_srv=6,351,446 kv_usage=90.1% queue=16r/0w tput_in_srv=90,160/s tput_out_srv=667/s
2026-10-09 10:36:47.005 - records_manager - INFO - [realtime 14:19 profiling]
2026-10-09 10:36:47.005 - records_manager - INFO -   rps=0.3 (avg 0.5)  tput_in=42,692/s  tput_out=266/s  done=431 ok=431 err=0
2026-10-09 10:36:47.005 - records_manager - INFO -   ttft    p50=   548ms  p75=   954ms  p95= 4,741ms  p99= 15,317ms
2026-10-09 10:36:47.005 - records_manager - INFO -   itl     p50=    39ms  p75=    46ms  p95=    67ms  p99=    104ms
2026-10-09 10:36:47.005 - records_manager - INFO -   e2e     p50=10,156ms  p75=19,706ms  p95=62,738ms  p99=176,021ms
2026-10-09 10:36:47.005 - records_manager - INFO -   intvty  p50=      25  p75=      29  p95=     135  p99=      188  (1/tpot tok/s)
2026-10-09 10:36:47.005 - records_manager - INFO -   isl     p50=  83,294  p75= 110,830  p90= 139,697  p99=  180,075  (tokens)
2026-10-09 10:36:47.006 - records_manager - INFO -   osl     p50=     265  p75=     472  p90=     945  p99=    5,164  (tokens)
2026-10-09 10:36:47.006 - records_manager - INFO -   tot     in=36,486,133  out=226,959
2026-10-09 10:36:47.006 - records_manager - INFO -   trace  theoretical_prefix_cache_hit=93.9%
2026-10-09 10:36:47.006 - records_manager - INFO -   srv    prefix_cache_hit=91.7% unique_in_srv=6,371,366 kv_usage=90.6% queue=16r/0w tput_in_srv=89,899/s tput_out_srv=673/s
2026-10-09 10:37:18.816 - records_manager - INFO - [realtime 14:51 profiling]
2026-10-09 10:37:18.816 - records_manager - INFO -   rps=0.2 (avg 0.5)  tput_in=41,791/s  tput_out=263/s  done=436 ok=436 err=0
2026-10-09 10:37:18.818 - records_manager - INFO -   ttft    p50=   547ms  p75=   952ms  p95= 4,825ms  p99= 15,317ms
2026-10-09 10:37:18.818 - records_manager - INFO -   itl     p50=    39ms  p75=    46ms  p95=    67ms  p99=    103ms
2026-10-09 10:37:18.818 - records_manager - INFO -   e2e     p50=10,338ms  p75=19,810ms  p95=63,653ms  p99=178,455ms
2026-10-09 10:37:18.818 - records_manager - INFO -   intvty  p50=      25  p75=      29  p95=     135  p99=      188  (1/tpot tok/s)
2026-10-09 10:37:18.818 - records_manager - INFO -   isl     p50=  83,747  p75= 110,945  p90= 139,764  p99=  179,656  (tokens)
2026-10-09 10:37:18.818 - records_manager - INFO -   osl     p50=     265  p75=     472  p90=     954  p99=    5,506  (tokens)
2026-10-09 10:37:18.818 - records_manager - INFO -   tot     in=37,185,784  out=233,792
2026-10-09 10:37:18.818 - records_manager - INFO -   trace  theoretical_prefix_cache_hit=94.0%
2026-10-09 10:37:18.818 - records_manager - INFO -   srv    prefix_cache_hit=91.6% unique_in_srv=6,581,450 kv_usage=91.1% queue=16r/0w tput_in_srv=88,011/s tput_out_srv=674/s
2026-10-09 10:37:50.620 - records_manager - INFO - [realtime 15:23 profiling]
2026-10-09 10:37:50.621 - records_manager - INFO -   rps=0.3 (avg 0.5)  tput_in=41,771/s  tput_out=268/s  done=446 ok=446 err=0
2026-10-09 10:37:50.621 - records_manager - INFO -   ttft    p50=   548ms  p75=   942ms  p95= 4,963ms  p99= 15,317ms
2026-10-09 10:37:50.621 - records_manager - INFO -   itl     p50=    39ms  p75=    46ms  p95=    67ms  p99=    102ms
2026-10-09 10:37:50.621 - records_manager - INFO -   e2e     p50=10,443ms  p75=20,661ms  p95=65,318ms  p99=214,113ms
2026-10-09 10:37:50.621 - records_manager - INFO -   intvty  p50=      25  p75=      29  p95=     135  p99=      188  (1/tpot tok/s)
2026-10-09 10:37:50.621 - records_manager - INFO -   isl     p50=  84,836  p75= 111,652  p90= 139,780  p99=  179,028  (tokens)
2026-10-09 10:37:50.621 - records_manager - INFO -   osl     p50=     265  p75=     473  p90=     974  p99=    5,494  (tokens)
2026-10-09 10:37:50.621 - records_manager - INFO -   tot     in=38,230,265  out=245,322
2026-10-09 10:37:50.621 - records_manager - INFO -   trace  theoretical_prefix_cache_hit=94.1%
2026-10-09 10:37:50.621 - records_manager - INFO -   srv    prefix_cache_hit=91.8% unique_in_srv=6,624,810 kv_usage=87.5% queue=16r/0w tput_in_srv=87,366/s tput_out_srv=679/s
2026-10-09 10:38:22.454 - records_manager - INFO - [realtime 15:55 profiling]
2026-10-09 10:38:22.455 - records_manager - INFO -   rps=0.3 (avg 0.5)  tput_in=41,393/s  tput_out=273/s  done=455 ok=455 err=0
2026-10-09 10:38:22.455 - records_manager - INFO -   ttft    p50=   547ms  p75=   940ms  p95= 5,072ms  p99= 15,378ms
2026-10-09 10:38:22.455 - records_manager - INFO -   itl     p50=    39ms  p75=    45ms  p95=    67ms  p99=    101ms
2026-10-09 10:38:22.455 - records_manager - INFO -   e2e     p50=10,442ms  p75=20,855ms  p95=74,110ms  p99=245,748ms
2026-10-09 10:38:22.455 - records_manager - INFO -   intvty  p50=      25  p75=      29  p95=     135  p99=      188  (1/tpot tok/s)
2026-10-09 10:38:22.455 - records_manager - INFO -   isl     p50=  85,388  p75= 112,003  p90= 139,797  p99=  182,793  (tokens)
2026-10-09 10:38:22.455 - records_manager - INFO -   osl     p50=     266  p75=     473  p90=   1,008  p99=    5,609  (tokens)
2026-10-09 10:38:22.455 - records_manager - INFO -   tot     in=39,327,652  out=259,387
2026-10-09 10:38:22.455 - records_manager - INFO -   trace  theoretical_prefix_cache_hit=94.0%
2026-10-09 10:38:22.455 - records_manager - INFO -   srv    prefix_cache_hit=91.9% unique_in_srv=6,650,482 kv_usage=68.9% queue=13r/0w tput_in_srv=85,860/s tput_out_srv=683/s
2026-10-09 10:38:54.418 - records_manager - INFO - [realtime 16:27 profiling]
2026-10-09 10:38:54.418 - records_manager - INFO -   rps=0.3 (avg 0.5)  tput_in=40,988/s  tput_out=273/s  done=464 ok=464 err=0
2026-10-09 10:38:54.418 - records_manager - INFO -   ttft    p50=   542ms  p75=   931ms  p95= 5,026ms  p99= 15,366ms
2026-10-09 10:38:54.418 - records_manager - INFO -   itl     p50=    39ms  p75=    45ms  p95=    67ms  p99=    100ms
2026-10-09 10:38:54.419 - records_manager - INFO -   e2e     p50=10,402ms  p75=20,902ms  p95=76,327ms  p99=248,746ms
2026-10-09 10:38:54.419 - records_manager - INFO -   intvty  p50=      25  p75=      29  p95=     135  p99=      188  (1/tpot tok/s)
2026-10-09 10:38:54.419 - records_manager - INFO -   isl     p50=  87,024  p75= 112,312  p90= 139,348  p99=  182,671  (tokens)
2026-10-09 10:38:54.419 - records_manager - INFO -   osl     p50=     266  p75=     474  p90=   1,027  p99=    5,675  (tokens)
2026-10-09 10:38:54.419 - records_manager - INFO -   tot     in=40,362,064  out=268,526
2026-10-09 10:38:54.419 - records_manager - INFO -   trace  theoretical_prefix_cache_hit=94.1%
2026-10-09 10:38:54.419 - records_manager - INFO -   srv    prefix_cache_hit=92.0% unique_in_srv=6,724,488 kv_usage=71.1% queue=13r/0w tput_in_srv=85,158/s tput_out_srv=686/s
2026-10-09 10:38:59.534 - aiperf.timing.replay_dependencies - INFO - Per-trace idle cap advanced replay root 5c6d1687-3ab2-43bb-a4f3-0056fb188ff5 by 286.828s
2026-10-09 10:39:05.853 - aiperf.timing.replay_dependencies - INFO - Per-trace idle cap advanced replay root e3240ffc-c23e-4fa7-87d8-8a51521fae9b by 372.053s
2026-10-09 10:39:26.392 - records_manager - INFO - [realtime 16:59 profiling]
2026-10-09 10:39:26.392 - records_manager - INFO -   rps=0.1 (avg 0.5)  tput_in=40,228/s  tput_out=274/s  done=468 ok=468 err=0
2026-10-09 10:39:26.392 - records_manager - INFO -   ttft    p50=   542ms  p75=   931ms  p95= 5,026ms  p99= 15,361ms
2026-10-09 10:39:26.392 - records_manager - INFO -   itl     p50=    39ms  p75=    46ms  p95=    67ms  p99=    100ms
2026-10-09 10:39:26.392 - records_manager - INFO -   e2e     p50=10,463ms  p75=21,194ms  p95=82,832ms  p99=251,357ms
2026-10-09 10:39:26.393 - records_manager - INFO -   intvty  p50=      25  p75=      29  p95=     135  p99=      188  (1/tpot tok/s)
2026-10-09 10:39:26.393 - records_manager - INFO -   isl     p50=  87,536  p75= 112,668  p90= 138,884  p99=  182,617  (tokens)
2026-10-09 10:39:26.393 - records_manager - INFO -   osl     p50=     267  p75=     477  p90=   1,035  p99=    5,800  (tokens)
2026-10-09 10:39:26.393 - records_manager - INFO -   tot     in=40,796,070  out=277,860
2026-10-09 10:39:26.393 - records_manager - INFO -   trace  theoretical_prefix_cache_hit=94.1%
2026-10-09 10:39:26.393 - records_manager - INFO -   srv    prefix_cache_hit=91.5% unique_in_srv=7,232,994 kv_usage=81.8% queue=16r/0w tput_in_srv=83,799/s tput_out_srv=683/s
2026-10-09 10:39:58.437 - records_manager - INFO - [realtime 17:31 profiling]
2026-10-09 10:39:58.437 - records_manager - INFO -   rps=0.3 (avg 0.5)  tput_in=39,967/s  tput_out=275/s  done=479 ok=479 err=0
2026-10-09 10:39:58.437 - records_manager - INFO -   ttft    p50=   540ms  p75=   926ms  p95= 5,042ms  p99= 15,346ms
2026-10-09 10:39:58.437 - records_manager - INFO -   itl     p50=    39ms  p75=    45ms  p95=    67ms  p99=     99ms
2026-10-09 10:39:58.438 - records_manager - INFO -   e2e     p50=10,522ms  p75=21,685ms  p95=87,234ms  p99=250,534ms
2026-10-09 10:39:58.438 - records_manager - INFO -   intvty  p50=      25  p75=      29  p95=     135  p99=      188  (1/tpot tok/s)
2026-10-09 10:39:58.438 - records_manager - INFO -   isl     p50=  88,608  p75= 113,945  p90= 138,211  p99=  182,468  (tokens)
2026-10-09 10:39:58.438 - records_manager - INFO -   osl     p50=     269  p75=     484  p90=   1,057  p99=    5,759  (tokens)
2026-10-09 10:39:58.438 - records_manager - INFO -   tot     in=41,908,831  out=287,960
2026-10-09 10:39:58.438 - records_manager - INFO -   trace  theoretical_prefix_cache_hit=94.1%
2026-10-09 10:39:58.438 - records_manager - INFO -   srv    prefix_cache_hit=91.6% unique_in_srv=7,317,708 kv_usage=71.0% queue=13r/0w tput_in_srv=82,897/s tput_out_srv=687/s
2026-10-09 10:40:30.717 - records_manager - INFO - [realtime 18:03 profiling]
2026-10-09 10:40:30.717 - records_manager - INFO -   rps=0.4 (avg 0.5)  tput_in=40,271/s  tput_out=295/s  done=492 ok=492 err=0
2026-10-09 10:40:30.717 - records_manager - INFO -   ttft    p50=   542ms  p75=   924ms  p95=  5,026ms  p99= 15,329ms
2026-10-09 10:40:30.717 - records_manager - INFO -   itl     p50=    39ms  p75=    45ms  p95=     67ms  p99=     98ms
2026-10-09 10:40:30.717 - records_manager - INFO -   e2e     p50=10,619ms  p75=22,317ms  p95=108,668ms  p99=288,269ms
2026-10-09 10:40:30.717 - records_manager - INFO -   intvty  p50=      25  p75=      29  p95=      133  p99=      188  (1/tpot tok/s)
2026-10-09 10:40:30.717 - records_manager - INFO -   isl     p50=  89,615  p75= 114,400  p90=  138,494  p99=  183,692  (tokens)
2026-10-09 10:40:30.717 - records_manager - INFO -   osl     p50=     272  p75=     499  p90=    1,103  p99=    7,217  (tokens)
2026-10-09 10:40:30.717 - records_manager - INFO -   tot     in=43,466,252  out=318,022
2026-10-09 10:40:30.717 - records_manager - INFO -   trace  theoretical_prefix_cache_hit=94.2%
2026-10-09 10:40:30.718 - records_manager - INFO -   srv    prefix_cache_hit=91.7% unique_in_srv=7,444,194 kv_usage=71.0% queue=14r/0w tput_in_srv=83,354/s tput_out_srv=691/s
2026-10-09 10:41:03.074 - records_manager - INFO - [realtime 18:35 profiling]
2026-10-09 10:41:03.074 - records_manager - INFO -   rps=0.4 (avg 0.5)  tput_in=40,356/s  tput_out=326/s  done=504 ok=504 err=0
2026-10-09 10:41:03.074 - records_manager - INFO -   ttft    p50=   541ms  p75=   920ms  p95=  4,988ms  p99= 15,317ms
2026-10-09 10:41:03.074 - records_manager - INFO -   itl     p50=    39ms  p75=    45ms  p95=     67ms  p99=     96ms
2026-10-09 10:41:03.074 - records_manager - INFO -   e2e     p50=10,790ms  p75=22,480ms  p95=109,558ms  p99=293,926ms
2026-10-09 10:41:03.074 - records_manager - INFO -   intvty  p50=      26  p75=      29  p95=      132  p99=      188  (1/tpot tok/s)
2026-10-09 10:41:03.074 - records_manager - INFO -   isl     p50=  90,444  p75= 116,209  p90=  138,414  p99=  183,483  (tokens)
2026-10-09 10:41:03.074 - records_manager - INFO -   osl     p50=     277  p75=     509  p90=    1,171  p99=    7,380  (tokens)
2026-10-09 10:41:03.075 - records_manager - INFO -   tot     in=44,882,598  out=362,744
2026-10-09 10:41:03.075 - records_manager - INFO -   trace  theoretical_prefix_cache_hit=94.3%
2026-10-09 10:41:03.075 - records_manager - INFO -   srv    prefix_cache_hit=91.9% unique_in_srv=7,483,282 kv_usage=60.2% queue=11r/0w tput_in_srv=83,071/s tput_out_srv=698/s
2026-10-09 10:41:35.439 - records_manager - INFO - [realtime 19:08 profiling]
2026-10-09 10:41:35.440 - records_manager - INFO -   rps=0.2 (avg 0.4)  tput_in=39,997/s  tput_out=325/s  done=510 ok=510 err=0
2026-10-09 10:41:35.440 - records_manager - INFO -   ttft    p50=   541ms  p75=   917ms  p95=  4,913ms  p99= 15,317ms
2026-10-09 10:41:35.440 - records_manager - INFO -   itl     p50=    39ms  p75=    45ms  p95=     66ms  p99=     96ms
2026-10-09 10:41:35.440 - records_manager - INFO -   e2e     p50=10,932ms  p75=22,711ms  p95=109,419ms  p99=293,540ms
2026-10-09 10:41:35.440 - records_manager - INFO -   intvty  p50=      26  p75=      30  p95=      131  p99=      187  (1/tpot tok/s)
2026-10-09 10:41:35.440 - records_manager - INFO -   isl     p50=  90,730  p75= 116,442  p90=  138,170  p99=  183,402  (tokens)
2026-10-09 10:41:35.440 - records_manager - INFO -   osl     p50=     280  p75=     517  p90=    1,193  p99=    7,369  (tokens)
2026-10-09 10:41:35.440 - records_manager - INFO -   tot     in=45,513,533  out=369,946
2026-10-09 10:41:35.440 - records_manager - INFO -   trace  theoretical_prefix_cache_hit=94.3%
2026-10-09 10:41:35.440 - records_manager - INFO -   srv    prefix_cache_hit=92.0% unique_in_srv=7,530,026 kv_usage=73.7% queue=13r/0w tput_in_srv=82,409/s tput_out_srv=704/s
2026-10-09 10:42:07.877 - records_manager - INFO - [realtime 19:40 profiling]
2026-10-09 10:42:07.877 - records_manager - INFO -   rps=0.2 (avg 0.4)  tput_in=39,103/s  tput_out=321/s  done=515 ok=515 err=0
2026-10-09 10:42:07.877 - records_manager - INFO -   ttft    p50=   540ms  p75=   920ms  p95=  4,850ms  p99= 15,317ms
2026-10-09 10:42:07.877 - records_manager - INFO -   itl     p50=    39ms  p75=    45ms  p95=     66ms  p99=     96ms
2026-10-09 10:42:07.877 - records_manager - INFO -   e2e     p50=11,056ms  p75=23,602ms  p95=111,699ms  p99=293,219ms
2026-10-09 10:42:07.877 - records_manager - INFO -   intvty  p50=      26  p75=      30  p95=      131  p99=      187  (1/tpot tok/s)
2026-10-09 10:42:07.877 - records_manager - INFO -   isl     p50=  90,843  p75= 116,660  p90=  138,116  p99=  183,334  (tokens)
2026-10-09 10:42:07.877 - records_manager - INFO -   osl     p50=     281  p75=     534  p90=    1,248  p99=    7,360  (tokens)
2026-10-09 10:42:07.877 - records_manager - INFO -   tot     in=46,059,917  out=378,521
2026-10-09 10:42:07.877 - records_manager - INFO -   trace  theoretical_prefix_cache_hit=94.3%
2026-10-09 10:42:07.877 - records_manager - INFO -   srv    prefix_cache_hit=92.1% unique_in_srv=7,534,450 kv_usage=61.3% queue=10r/0w tput_in_srv=80,542/s tput_out_srv=712/s
2026-10-09 10:42:35.242 - aiperf.timing.replay_dependencies - INFO - Per-trace idle cap advanced replay root 018d7de0-fd97-48d6-ad4f-ad394db95e17 by 288.691s
2026-10-09 10:42:40.218 - records_manager - INFO - [realtime 20:13 profiling]
2026-10-09 10:42:40.218 - records_manager - INFO -   rps=0.2 (avg 0.4)  tput_in=39,007/s  tput_out=326/s  done=522 ok=522 err=0
2026-10-09 10:42:40.218 - records_manager - INFO -   ttft    p50=   542ms  p75=   917ms  p95=  4,771ms  p99= 15,317ms
2026-10-09 10:42:40.218 - records_manager - INFO -   itl     p50=    39ms  p75=    45ms  p95=     66ms  p99=     96ms
2026-10-09 10:42:40.218 - records_manager - INFO -   e2e     p50=11,196ms  p75=23,744ms  p95=109,604ms  p99=292,769ms
2026-10-09 10:42:40.218 - records_manager - INFO -   intvty  p50=      26  p75=      30  p95=      130  p99=      186  (1/tpot tok/s)
2026-10-09 10:42:40.218 - records_manager - INFO -   isl     p50=  91,614  p75= 117,412  p90=  138,526  p99=  183,240  (tokens)
2026-10-09 10:42:40.218 - records_manager - INFO -   osl     p50=     286  p75=     552  p90=    1,387  p99=    7,347  (tokens)
2026-10-09 10:42:40.218 - records_manager - INFO -   tot     in=46,964,102  out=392,301
2026-10-09 10:42:40.218 - records_manager - INFO -   trace  theoretical_prefix_cache_hit=94.4%
2026-10-09 10:42:40.218 - records_manager - INFO -   srv    prefix_cache_hit=91.9% unique_in_srv=7,881,514 kv_usage=58.9% queue=10r/0w tput_in_srv=79,722/s tput_out_srv=715/s
2026-10-09 10:42:50.309 - aiperf.timing.replay_dependencies - INFO - Per-trace idle cap advanced replay root 6b9802d4-581a-4e03-9a9d-675b5d1fb08a by 413.885s
2026-10-09 10:43:12.690 - records_manager - INFO - [realtime 20:45 profiling]
2026-10-09 10:43:12.690 - records_manager - INFO -   rps=0.0 (avg 0.4)  tput_in=37,877/s  tput_out=321/s  done=523 ok=523 err=0
2026-10-09 10:43:12.690 - records_manager - INFO -   ttft    p50=   542ms  p75=   920ms  p95=  4,768ms  p99= 15,317ms
2026-10-09 10:43:12.690 - records_manager - INFO -   itl     p50=    39ms  p75=    45ms  p95=     65ms  p99=     96ms
2026-10-09 10:43:12.690 - records_manager - INFO -   e2e     p50=11,292ms  p75=23,872ms  p95=115,842ms  p99=292,705ms
2026-10-09 10:43:12.690 - records_manager - INFO -   intvty  p50=      26  p75=      30  p95=      130  p99=      186  (1/tpot tok/s)
2026-10-09 10:43:12.690 - records_manager - INFO -   isl     p50=  91,408  p75= 117,388  p90=  138,517  p99=  183,226  (tokens)
2026-10-09 10:43:12.690 - records_manager - INFO -   osl     p50=     286  p75=     552  p90=    1,396  p99=    7,345  (tokens)
2026-10-09 10:43:12.691 - records_manager - INFO -   tot     in=47,030,148  out=398,105
2026-10-09 10:43:12.691 - records_manager - INFO -   trace  theoretical_prefix_cache_hit=94.4%
2026-10-09 10:43:12.691 - records_manager - INFO -   srv    prefix_cache_hit=91.5% unique_in_srv=8,325,896 kv_usage=73.9% queue=11r/0w tput_in_srv=78,409/s tput_out_srv=701/s
2026-10-09 10:43:45.215 - records_manager - INFO - [realtime 21:18 profiling]
2026-10-09 10:43:45.215 - records_manager - INFO -   rps=0.3 (avg 0.4)  tput_in=37,885/s  tput_out=325/s  done=532 ok=532 err=0
2026-10-09 10:43:45.215 - records_manager - INFO -   ttft    p50=   549ms  p75=   920ms  p95=  4,888ms  p99= 15,408ms
2026-10-09 10:43:45.215 - records_manager - INFO -   itl     p50=    39ms  p75=    45ms  p95=     63ms  p99=     95ms
2026-10-09 10:43:45.215 - records_manager - INFO -   e2e     p50=11,298ms  p75=24,154ms  p95=118,878ms  p99=308,953ms
2026-10-09 10:43:45.216 - records_manager - INFO -   intvty  p50=      26  p75=      30  p95=      129  p99=      185  (1/tpot tok/s)
2026-10-09 10:43:45.216 - records_manager - INFO -   isl     p50=  92,138  p75= 118,489  p90=  140,459  p99=  184,812  (tokens)
2026-10-09 10:43:45.216 - records_manager - INFO -   osl     p50=     286  p75=     556  p90=    1,397  p99=    7,709  (tokens)
2026-10-09 10:43:45.216 - records_manager - INFO -   tot     in=48,303,210  out=414,850
2026-10-09 10:43:45.216 - records_manager - INFO -   trace  theoretical_prefix_cache_hit=94.5%
2026-10-09 10:43:45.216 - records_manager - INFO -   srv    prefix_cache_hit=91.6% unique_in_srv=8,355,754 kv_usage=67.4% queue=10r/0w tput_in_srv=78,111/s tput_out_srv=703/s
2026-10-09 10:44:17.823 - records_manager - INFO - [realtime 21:50 profiling]
2026-10-09 10:44:17.823 - records_manager - INFO -   rps=0.4 (avg 0.4)  tput_in=38,141/s  tput_out=334/s  done=544 ok=544 err=0
2026-10-09 10:44:17.823 - records_manager - INFO -   ttft    p50=   550ms  p75=   924ms  p95=  5,007ms  p99= 15,392ms
2026-10-09 10:44:17.823 - records_manager - INFO -   itl     p50=    39ms  p75=    45ms  p95=     61ms  p99=     95ms
2026-10-09 10:44:17.823 - records_manager - INFO -   e2e     p50=11,086ms  p75=24,154ms  p95=120,963ms  p99=337,141ms
2026-10-09 10:44:17.824 - records_manager - INFO -   intvty  p50=      26  p75=      30  p95=      127  p99=      184  (1/tpot tok/s)
2026-10-09 10:44:17.824 - records_manager - INFO -   isl     p50=  92,601  p75= 120,554  p90=  142,998  p99=  184,588  (tokens)
2026-10-09 10:44:17.824 - records_manager - INFO -   osl     p50=     286  p75=     556  p90=    1,445  p99=    8,881  (tokens)
2026-10-09 10:44:17.824 - records_manager - INFO -   tot     in=49,835,361  out=436,183
2026-10-09 10:44:17.824 - records_manager - INFO -   trace  theoretical_prefix_cache_hit=94.6%
2026-10-09 10:44:17.824 - records_manager - INFO -   srv    prefix_cache_hit=91.3% unique_in_srv=8,842,480 kv_usage=50.4% queue=8r/0w tput_in_srv=77,942/s tput_out_srv=699/s
2026-10-09 10:44:50.619 - records_manager - INFO - [realtime 22:23 profiling]
2026-10-09 10:44:50.620 - records_manager - INFO -   rps=0.5 (avg 0.4)  tput_in=38,816/s  tput_out=342/s  done=559 ok=559 err=0
2026-10-09 10:44:50.620 - records_manager - INFO -   ttft    p50=   550ms  p75=   920ms  p95=  5,042ms  p99= 15,372ms
2026-10-09 10:44:50.620 - records_manager - INFO -   itl     p50=    38ms  p75=    45ms  p95=     62ms  p99=     99ms
2026-10-09 10:44:50.620 - records_manager - INFO -   e2e     p50=11,074ms  p75=24,054ms  p95=129,213ms  p99=331,477ms
2026-10-09 10:44:50.620 - records_manager - INFO -   intvty  p50=      26  p75=      32  p95=      127  p99=      183  (1/tpot tok/s)
2026-10-09 10:44:50.620 - records_manager - INFO -   isl     p50=  94,379  p75= 122,996  p90=  144,015  p99=  194,287  (tokens)
2026-10-09 10:44:50.620 - records_manager - INFO -   osl     p50=     286  p75=     554  p90=    1,510  p99=    9,315  (tokens)
2026-10-09 10:44:50.620 - records_manager - INFO -   tot     in=51,947,068  out=457,038
2026-10-09 10:44:50.620 - records_manager - INFO -   trace  theoretical_prefix_cache_hit=94.7%
2026-10-09 10:44:50.620 - records_manager - INFO -   srv    prefix_cache_hit=91.3% unique_in_srv=9,204,706 kv_usage=43.4% queue=7r/0w tput_in_srv=78,954/s tput_out_srv=695/s
2026-10-09 10:45:23.485 - records_manager - INFO - [realtime 22:56 profiling]
2026-10-09 10:45:23.485 - records_manager - INFO -   rps=0.5 (avg 0.4)  tput_in=39,373/s  tput_out=342/s  done=574 ok=574 err=0
2026-10-09 10:45:23.485 - records_manager - INFO -   ttft    p50=   549ms  p75=   917ms  p95=  5,223ms  p99= 15,353ms
2026-10-09 10:45:23.485 - records_manager - INFO -   itl     p50=    38ms  p75=    45ms  p95=     61ms  p99=     98ms
2026-10-09 10:45:23.485 - records_manager - INFO -   e2e     p50=10,932ms  p75=24,084ms  p95=131,446ms  p99=325,813ms
2026-10-09 10:45:23.485 - records_manager - INFO -   intvty  p50=      26  p75=      34  p95=      127  p99=      181  (1/tpot tok/s)
2026-10-09 10:45:23.485 - records_manager - INFO -   isl     p50=  95,494  p75= 123,806  p90=  145,470  p99=  191,110  (tokens)
2026-10-09 10:45:23.485 - records_manager - INFO -   osl     p50=     286  p75=     554  p90=    1,534  p99=    9,226  (tokens)
2026-10-09 10:45:23.485 - records_manager - INFO -   tot     in=53,808,068  out=467,961
2026-10-09 10:45:23.485 - records_manager - INFO -   trace  theoretical_prefix_cache_hit=94.8%
2026-10-09 10:45:23.485 - records_manager - INFO -   srv    prefix_cache_hit=91.3% unique_in_srv=9,547,262 kv_usage=58.3% queue=9r/1w tput_in_srv=80,109/s tput_out_srv=693/s
2026-10-09 10:45:49.708 - aiperf.timing.replay_dependencies - INFO - Per-trace idle cap advanced replay root 3b10d709-b815-4861-869a-2ee267223fd3 by 77030.514s
2026-10-09 10:45:56.410 - records_manager - INFO - [realtime 23:29 profiling]
2026-10-09 10:45:56.410 - records_manager - INFO -   rps=0.3 (avg 0.4)  tput_in=39,294/s  tput_out=336/s  done=584 ok=584 err=0
2026-10-09 10:45:56.410 - records_manager - INFO -   ttft    p50=   551ms  p75=   931ms  p95=  5,861ms  p99= 15,339ms
2026-10-09 10:45:56.410 - records_manager - INFO -   itl     p50=    38ms  p75=    45ms  p95=     67ms  p99=     98ms
2026-10-09 10:45:56.410 - records_manager - INFO -   e2e     p50=11,065ms  p75=23,984ms  p95=127,334ms  p99=322,037ms
2026-10-09 10:45:56.410 - records_manager - INFO -   intvty  p50=      26  p75=      34  p95=      127  p99=      180  (1/tpot tok/s)
2026-10-09 10:45:56.410 - records_manager - INFO -   isl     p50=  96,472  p75= 124,185  p90=  146,085  p99=  188,991  (tokens)
2026-10-09 10:45:56.410 - records_manager - INFO -   osl     p50=     284  p75=     550  p90=    1,514  p99=    9,168  (tokens)
2026-10-09 10:45:56.410 - records_manager - INFO -   tot     in=55,118,299  out=470,702
2026-10-09 10:45:56.410 - records_manager - INFO -   trace  theoretical_prefix_cache_hit=94.9%
2026-10-09 10:45:56.411 - records_manager - INFO -   srv    prefix_cache_hit=91.0% unique_in_srv=10,130,578 kv_usage=59.4% queue=10r/0w tput_in_srv=80,225/s tput_out_srv=687/s
2026-10-09 10:46:29.440 - records_manager - INFO - [realtime 24:02 profiling]
2026-10-09 10:46:29.440 - records_manager - INFO -   rps=0.5 (avg 0.4)  tput_in=39,601/s  tput_out=332/s  done=601 ok=601 err=0
2026-10-09 10:46:29.440 - records_manager - INFO -   ttft    p50=   550ms  p75=   929ms  p95=  5,787ms  p99= 15,317ms
2026-10-09 10:46:29.440 - records_manager - INFO -   itl     p50=    38ms  p75=    44ms  p95=     67ms  p99=     97ms
2026-10-09 10:46:29.440 - records_manager - INFO -   e2e     p50=10,815ms  p75=23,686ms  p95=121,745ms  p99=315,618ms
2026-10-09 10:46:29.440 - records_manager - INFO -   intvty  p50=      27  p75=      36  p95=      126  p99=      179  (1/tpot tok/s)
2026-10-09 10:46:29.440 - records_manager - INFO -   isl     p50=  96,065  p75= 124,625  p90=  147,093  p99=  185,390  (tokens)
2026-10-09 10:46:29.440 - records_manager - INFO -   osl     p50=     284  p75=     550  p90=    1,508  p99=    9,068  (tokens)
2026-10-09 10:46:29.441 - records_manager - INFO -   tot     in=56,961,803  out=478,085
2026-10-09 10:46:29.441 - records_manager - INFO -   trace  theoretical_prefix_cache_hit=94.9%
2026-10-09 10:46:29.441 - records_manager - INFO -   srv    prefix_cache_hit=91.2% unique_in_srv=10,323,944 kv_usage=71.9% queue=12r/0w tput_in_srv=81,306/s tput_out_srv=689/s
2026-10-09 10:47:02.468 - records_manager - INFO - [realtime 24:35 profiling]
2026-10-09 10:47:02.468 - records_manager - INFO -   rps=0.5 (avg 0.4)  tput_in=40,195/s  tput_out=332/s  done=619 ok=619 err=0
2026-10-09 10:47:02.468 - records_manager - INFO -   ttft    p50=   551ms  p75=   915ms  p95=  5,566ms  p99= 15,317ms
2026-10-09 10:47:02.468 - records_manager - INFO -   itl     p50=    37ms  p75=    44ms  p95=     66ms  p99=     96ms
2026-10-09 10:47:02.468 - records_manager - INFO -   e2e     p50=10,851ms  p75=23,658ms  p95=117,053ms  p99=311,748ms
2026-10-09 10:47:02.468 - records_manager - INFO -   intvty  p50=      27  p75=      37  p95=      126  p99=      177  (1/tpot tok/s)
2026-10-09 10:47:02.468 - records_manager - INFO -   isl     p50=  96,249  p75= 125,848  p90=  148,701  p99=  185,054  (tokens)
2026-10-09 10:47:02.468 - records_manager - INFO -   osl     p50=     285  p75=     562  p90=    1,474  p99=    8,849  (tokens)
2026-10-09 10:47:02.468 - records_manager - INFO -   tot     in=59,144,365  out=488,571
2026-10-09 10:47:02.468 - records_manager - INFO -   trace  theoretical_prefix_cache_hit=95.0%
2026-10-09 10:47:02.468 - records_manager - INFO -   srv    prefix_cache_hit=91.4% unique_in_srv=10,360,456 kv_usage=61.9% queue=9r/0w tput_in_srv=82,136/s tput_out_srv=690/s
2026-10-09 10:47:35.650 - records_manager - INFO - [realtime 25:08 profiling]
2026-10-09 10:47:35.650 - records_manager - INFO -   rps=0.3 (avg 0.4)  tput_in=40,465/s  tput_out=335/s  done=628 ok=628 err=0
2026-10-09 10:47:35.650 - records_manager - INFO -   ttft    p50=   552ms  p75=   914ms  p95=  5,460ms  p99= 15,317ms
2026-10-09 10:47:35.650 - records_manager - INFO -   itl     p50=    37ms  p75=    44ms  p95=     65ms  p99=     96ms
2026-10-09 10:47:35.650 - records_manager - INFO -   e2e     p50=10,833ms  p75=23,616ms  p95=119,920ms  p99=309,813ms
2026-10-09 10:47:35.650 - records_manager - INFO -   intvty  p50=      27  p75=      38  p95=      126  p99=      176  (1/tpot tok/s)
2026-10-09 10:47:35.650 - records_manager - INFO -   isl     p50=  96,866  p75= 126,872  p90=  149,666  p99=  214,498  (tokens)
2026-10-09 10:47:35.650 - records_manager - INFO -   osl     p50=     284  p75=     568  p90=    1,478  p99=    8,823  (tokens)
2026-10-09 10:47:35.650 - records_manager - INFO -   tot     in=60,451,796  out=499,824
2026-10-09 10:47:35.650 - records_manager - INFO -   trace  theoretical_prefix_cache_hit=95.1%
2026-10-09 10:47:35.650 - records_manager - INFO -   srv    prefix_cache_hit=91.6% unique_in_srv=10,377,358 kv_usage=45.5% queue=7r/0w tput_in_srv=81,690/s tput_out_srv=692/s
2026-10-09 10:48:08.871 - records_manager - INFO - [realtime 25:41 profiling]
2026-10-09 10:48:08.871 - records_manager - INFO -   rps=0.4 (avg 0.4)  tput_in=40,349/s  tput_out=335/s  done=642 ok=642 err=0
2026-10-09 10:48:08.871 - records_manager - INFO -   ttft    p50=   550ms  p75=   907ms  p95=  5,301ms  p99= 15,317ms
2026-10-09 10:48:08.873 - records_manager - INFO -   itl     p50=    37ms  p75=    44ms  p95=     62ms  p99=     95ms
2026-10-09 10:48:08.873 - records_manager - INFO -   e2e     p50=10,833ms  p75=23,626ms  p95=116,187ms  p99=306,803ms
2026-10-09 10:48:08.873 - records_manager - INFO -   intvty  p50=      27  p75=      41  p95=      126  p99=      185  (1/tpot tok/s)
2026-10-09 10:48:08.873 - records_manager - INFO -   isl     p50=  96,472  p75= 127,288  p90=  150,688  p99=  212,978  (tokens)
2026-10-09 10:48:08.873 - records_manager - INFO -   osl     p50=     287  p75=     581  p90=    1,516  p99=    8,696  (tokens)
2026-10-09 10:48:08.873 - records_manager - INFO -   tot     in=62,060,551  out=514,571
2026-10-09 10:48:08.873 - records_manager - INFO -   trace  theoretical_prefix_cache_hit=95.1%
2026-10-09 10:48:08.873 - records_manager - INFO -   srv    prefix_cache_hit=91.6% unique_in_srv=10,506,986 kv_usage=33.8% queue=4r/0w tput_in_srv=81,574/s tput_out_srv=692/s
2026-10-09 10:48:42.188 - records_manager - INFO - [realtime 26:14 profiling]
2026-10-09 10:48:42.188 - records_manager - INFO -   rps=0.4 (avg 0.4)  tput_in=40,814/s  tput_out=332/s  done=655 ok=655 err=0
2026-10-09 10:48:42.188 - records_manager - INFO -   ttft    p50=   552ms  p75=   915ms  p95=  5,216ms  p99= 15,317ms
2026-10-09 10:48:42.188 - records_manager - INFO -   itl     p50=    37ms  p75=    44ms  p95=     62ms  p99=     95ms
2026-10-09 10:48:42.188 - records_manager - INFO -   e2e     p50=10,765ms  p75=23,210ms  p95=111,699ms  p99=304,008ms
2026-10-09 10:48:42.189 - records_manager - INFO -   intvty  p50=      27  p75=      42  p95=      125  p99=      183  (1/tpot tok/s)
2026-10-09 10:48:42.189 - records_manager - INFO -   isl     p50=  97,758  p75= 128,282  p90=  152,567  p99=  211,567  (tokens)
2026-10-09 10:48:42.189 - records_manager - INFO -   osl     p50=     289  p75=     582  p90=    1,491  p99=    8,578  (tokens)
2026-10-09 10:48:42.189 - records_manager - INFO -   tot     in=63,994,299  out=520,459
2026-10-09 10:48:42.189 - records_manager - INFO -   trace  theoretical_prefix_cache_hit=95.1%
2026-10-09 10:48:42.189 - records_manager - INFO -   srv    prefix_cache_hit=91.8% unique_in_srv=10,645,788 kv_usage=42.9% queue=6r/0w tput_in_srv=82,637/s tput_out_srv=690/s
2026-10-09 10:48:54.844 - aiperf.timing.replay_dependencies - INFO - Per-trace idle cap advanced replay root d66fa28d-a92f-4927-b489-4a016b584b25 by 1022.774s
2026-10-09 10:49:13.445 - aiperf.timing.replay_dependencies - INFO - Per-trace idle cap advanced replay root 03d9aabc-56c9-42c1-99d9-2cc753351f0a by 421.823s
2026-10-09 10:49:15.520 - records_manager - INFO - [realtime 26:48 profiling]
2026-10-09 10:49:15.520 - records_manager - INFO -   rps=0.2 (avg 0.4)  tput_in=40,428/s  tput_out=333/s  done=660 ok=660 err=0
2026-10-09 10:49:15.520 - records_manager - INFO -   ttft    p50=   552ms  p75=   914ms  p95=  5,183ms  p99= 15,317ms
2026-10-09 10:49:15.520 - records_manager - INFO -   itl     p50=    37ms  p75=    44ms  p95=     61ms  p99=     94ms
2026-10-09 10:49:15.520 - records_manager - INFO -   e2e     p50=10,729ms  p75=23,324ms  p95=116,793ms  p99=302,933ms
2026-10-09 10:49:15.520 - records_manager - INFO -   intvty  p50=      27  p75=      43  p95=      125  p99=      183  (1/tpot tok/s)
2026-10-09 10:49:15.520 - records_manager - INFO -   isl     p50=  97,916  p75= 128,492  p90=  154,239  p99=  218,324  (tokens)
2026-10-09 10:49:15.520 - records_manager - INFO -   osl     p50=     290  p75=     583  p90=    1,509  p99=    9,309  (tokens)
2026-10-09 10:49:15.520 - records_manager - INFO -   tot     in=64,761,296  out=533,435
2026-10-09 10:49:15.520 - records_manager - INFO -   trace  theoretical_prefix_cache_hit=95.2%
2026-10-09 10:49:15.520 - records_manager - INFO -   srv    prefix_cache_hit=91.4% unique_in_srv=11,303,506 kv_usage=50.3% queue=7r/0w tput_in_srv=82,107/s tput_out_srv=682/s
2026-10-09 10:49:48.988 - records_manager - INFO - [realtime 27:21 profiling]
2026-10-09 10:49:48.988 - records_manager - INFO -   rps=0.2 (avg 0.4)  tput_in=40,314/s  tput_out=329/s  done=666 ok=666 err=0
2026-10-09 10:49:48.988 - records_manager - INFO -   ttft    p50=   556ms  p75=   934ms  p95=  5,275ms  p99= 15,317ms
2026-10-09 10:49:48.988 - records_manager - INFO -   itl     p50=    37ms  p75=    44ms  p95=     61ms  p99=     94ms
2026-10-09 10:49:48.988 - records_manager - INFO -   e2e     p50=10,729ms  p75=23,504ms  p95=114,806ms  p99=301,644ms
2026-10-09 10:49:48.988 - records_manager - INFO -   intvty  p50=      27  p75=      43  p95=      125  p99=      182  (1/tpot tok/s)
2026-10-09 10:49:48.988 - records_manager - INFO -   isl     p50=  98,110  p75= 129,296  p90=  154,427  p99=  218,193  (tokens)
2026-10-09 10:49:48.988 - records_manager - INFO -   osl     p50=     290  p75=     582  p90=    1,486  p99=    9,273  (tokens)
2026-10-09 10:49:48.988 - records_manager - INFO -   tot     in=65,551,550  out=535,293
2026-10-09 10:49:48.988 - records_manager - INFO -   trace  theoretical_prefix_cache_hit=95.2%
2026-10-09 10:49:48.988 - records_manager - INFO -   srv    prefix_cache_hit=91.2% unique_in_srv=11,711,546 kv_usage=54.3% queue=8r/0w tput_in_srv=81,517/s tput_out_srv=680/s
2026-10-09 10:50:22.376 - records_manager - INFO - [realtime 27:55 profiling]
2026-10-09 10:50:22.376 - records_manager - INFO -   rps=0.2 (avg 0.4)  tput_in=39,581/s  tput_out=324/s  done=674 ok=674 err=0
2026-10-09 10:50:22.376 - records_manager - INFO -   ttft    p50=   553ms  p75=   934ms  p95=  5,223ms  p99= 15,317ms
2026-10-09 10:50:22.376 - records_manager - INFO -   itl     p50=    37ms  p75=    44ms  p95=     61ms  p99=     94ms
2026-10-09 10:50:22.376 - records_manager - INFO -   e2e     p50=10,619ms  p75=23,504ms  p95=112,044ms  p99=299,924ms
2026-10-09 10:50:22.377 - records_manager - INFO -   intvty  p50=      27  p75=      44  p95=      124  p99=      181  (1/tpot tok/s)
2026-10-09 10:50:22.377 - records_manager - INFO -   isl     p50=  97,916  p75= 129,296  p90=  154,569  p99=  218,019  (tokens)
2026-10-09 10:50:22.377 - records_manager - INFO -   osl     p50=     290  p75=     582  p90=    1,514  p99=    9,226  (tokens)
2026-10-09 10:50:22.377 - records_manager - INFO -   tot     in=66,038,998  out=541,038
2026-10-09 10:50:22.377 - records_manager - INFO -   trace  theoretical_prefix_cache_hit=95.1%
2026-10-09 10:50:22.377 - records_manager - INFO -   srv    prefix_cache_hit=91.3% unique_in_srv=11,776,120 kv_usage=56.1% queue=11r/0w tput_in_srv=80,524/s tput_out_srv=683/s
2026-10-09 10:50:31.340 - aiperf.timing.replay_dependencies - INFO - Per-trace idle cap advanced replay root 8ea26854-15fb-48b1-8ef8-680f05b640f4 by 5642.739s
2026-10-09 10:50:37.357 - aiperf.timing.replay_dependencies - INFO - Per-trace idle cap advanced replay root 5c6d1687-3ab2-43bb-a4f3-0056fb188ff5 by 3122.293s
2026-10-09 10:50:55.934 - records_manager - INFO - [realtime 28:28 profiling]
2026-10-09 10:50:55.934 - records_manager - INFO -   rps=0.4 (avg 0.4)  tput_in=39,260/s  tput_out=319/s  done=687 ok=687 err=0
2026-10-09 10:50:55.934 - records_manager - INFO -   ttft    p50=   554ms  p75=   944ms  p95=  5,132ms  p99= 15,317ms
2026-10-09 10:50:55.934 - records_manager - INFO -   itl     p50=    37ms  p75=    44ms  p95=     62ms  p99=     93ms
2026-10-09 10:50:55.934 - records_manager - INFO -   e2e     p50=10,519ms  p75=23,210ms  p95=109,488ms  p99=297,129ms
2026-10-09 10:50:55.934 - records_manager - INFO -   intvty  p50=      27  p75=      44  p95=      124  p99=      180  (1/tpot tok/s)
2026-10-09 10:50:55.934 - records_manager - INFO -   isl     p50=  97,168  p75= 129,163  p90=  154,911  p99=  217,735  (tokens)
2026-10-09 10:50:55.934 - records_manager - INFO -   osl     p50=     287  p75=     572  p90=    1,482  p99=    9,150  (tokens)
2026-10-09 10:50:55.934 - records_manager - INFO -   tot     in=66,924,938  out=544,234
2026-10-09 10:50:55.934 - records_manager - INFO -   trace  theoretical_prefix_cache_hit=95.1%
2026-10-09 10:50:55.934 - records_manager - INFO -   srv    prefix_cache_hit=90.9% unique_in_srv=12,490,242 kv_usage=75.9% queue=14r/0w tput_in_srv=80,319/s tput_out_srv=679/s
2026-10-09 10:51:29.559 - records_manager - INFO - [realtime 29:02 profiling]
2026-10-09 10:51:29.559 - records_manager - INFO -   rps=0.7 (avg 0.4)  tput_in=39,624/s  tput_out=322/s  done=710 ok=710 err=0
2026-10-09 10:51:29.559 - records_manager - INFO -   ttft    p50=   556ms  p75=   950ms  p95=  5,249ms  p99= 15,311ms
2026-10-09 10:51:29.559 - records_manager - INFO -   itl     p50=    36ms  p75=    43ms  p95=     62ms  p99=     92ms
2026-10-09 10:51:29.559 - records_manager - INFO -   e2e     p50=10,420ms  p75=22,883ms  p95=109,419ms  p99=293,540ms
2026-10-09 10:51:29.559 - records_manager - INFO -   intvty  p50=      28  p75=      44  p95=      121  p99=      178  (1/tpot tok/s)
2026-10-09 10:51:29.559 - records_manager - INFO -   isl     p50=  94,856  p75= 128,561  p90=  155,056  p99=  216,452  (tokens)
2026-10-09 10:51:29.559 - records_manager - INFO -   osl     p50=     281  p75=     569  p90=    1,469  p99=    8,986  (tokens)
2026-10-09 10:51:29.559 - records_manager - INFO -   tot     in=68,776,929  out=558,182
2026-10-09 10:51:29.560 - records_manager - INFO -   trace  theoretical_prefix_cache_hit=95.1%
2026-10-09 10:51:29.560 - records_manager - INFO -   srv    prefix_cache_hit=90.9% unique_in_srv=12,742,842 kv_usage=67.7% queue=12r/0w tput_in_srv=80,861/s tput_out_srv=680/s
2026-10-09 10:51:39.535 - aiperf.timing.replay_dependencies - INFO - Per-trace idle cap advanced replay root 3b10d709-b815-4861-869a-2ee267223fd3 by 628.194s
2026-10-09 10:51:44.396 - aiperf.timing.replay_dependencies - INFO - Per-trace idle cap advanced replay root 018d7de0-fd97-48d6-ad4f-ad394db95e17 by 242.759s
2026-10-09 10:52:03.372 - records_manager - INFO - [realtime 29:36 profiling]
2026-10-09 10:52:03.372 - records_manager - INFO -   rps=0.4 (avg 0.4)  tput_in=39,743/s  tput_out=322/s  done=722 ok=722 err=0
2026-10-09 10:52:03.372 - records_manager - INFO -   ttft    p50=   553ms  p75=   950ms  p95=  5,301ms  p99= 15,303ms
2026-10-09 10:52:03.372 - records_manager - INFO -   itl     p50=    36ms  p75=    43ms  p95=     61ms  p99=     92ms
2026-10-09 10:52:03.373 - records_manager - INFO -   e2e     p50=10,357ms  p75=22,829ms  p95=109,604ms  p99=292,769ms
2026-10-09 10:52:03.373 - records_manager - INFO -   intvty  p50=      28  p75=      44  p95=      119  p99=      177  (1/tpot tok/s)
2026-10-09 10:52:03.373 - records_manager - INFO -   isl     p50=  94,389  p75= 128,426  p90=  155,013  p99=  215,149  (tokens)
2026-10-09 10:52:03.373 - records_manager - INFO -   osl     p50=     280  p75=     566  p90=    1,459  p99=    8,877  (tokens)
2026-10-09 10:52:03.373 - records_manager - INFO -   tot     in=69,848,084  out=566,509
2026-10-09 10:52:03.373 - records_manager - INFO -   trace  theoretical_prefix_cache_hit=95.1%
2026-10-09 10:52:03.373 - records_manager - INFO -   srv    prefix_cache_hit=90.7% unique_in_srv=13,317,918 kv_usage=80.5% queue=14r/0w tput_in_srv=80,886/s tput_out_srv=676/s
2026-10-09 10:52:15.290 - aiperf.timing.replay_dependencies - INFO - Per-trace idle cap advanced replay root 6b9802d4-581a-4e03-9a9d-675b5d1fb08a by 237.544s
2026-10-09 10:52:37.105 - records_manager - INFO - [realtime 30:09 profiling]
2026-10-09 10:52:37.105 - records_manager - INFO -   rps=0.4 (avg 0.4)  tput_in=39,834/s  tput_out=320/s  done=735 ok=735 err=0
2026-10-09 10:52:37.105 - records_manager - INFO -   ttft    p50=   558ms  p75=   948ms  p95=  5,615ms  p99= 15,295ms
2026-10-09 10:52:37.105 - records_manager - INFO -   itl     p50=    36ms  p75=    43ms  p95=     62ms  p99=     92ms
2026-10-09 10:52:37.105 - records_manager - INFO -   e2e     p50=10,363ms  p75=22,871ms  p95=109,303ms  p99=291,933ms
2026-10-09 10:52:37.105 - records_manager - INFO -   intvty  p50=      28  p75=      43  p95=      118  p99=      176  (1/tpot tok/s)
2026-10-09 10:52:37.105 - records_manager - INFO -   isl     p50=  94,399  p75= 128,746  p90=  155,298  p99=  213,738  (tokens)
2026-10-09 10:52:37.105 - records_manager - INFO -   osl     p50=     276  p75=     568  p90=    1,440  p99=    8,759  (tokens)
2026-10-09 10:52:37.105 - records_manager - INFO -   tot     in=71,361,001  out=573,086
2026-10-09 10:52:37.105 - records_manager - INFO -   trace  theoretical_prefix_cache_hit=95.1%
2026-10-09 10:52:37.106 - records_manager - INFO -   srv    prefix_cache_hit=90.6% unique_in_srv=13,817,918 kv_usage=85.1% queue=14r/0w tput_in_srv=80,915/s tput_out_srv=671/s
2026-10-09 10:53:11.108 - records_manager - INFO - [realtime 30:43 profiling]
2026-10-09 10:53:11.108 - records_manager - INFO -   rps=0.2 (avg 0.4)  tput_in=39,208/s  tput_out=314/s  done=742 ok=742 err=0
2026-10-09 10:53:11.108 - records_manager - INFO -   ttft    p50=   558ms  p75=   945ms  p95=  5,775ms  p99= 15,290ms
2026-10-09 10:53:11.108 - records_manager - INFO -   itl     p50=    36ms  p75=    43ms  p95=     66ms  p99=    100ms
2026-10-09 10:53:11.108 - records_manager - INFO -   e2e     p50=10,397ms  p75=23,427ms  p95=109,119ms  p99=291,483ms
2026-10-09 10:53:11.108 - records_manager - INFO -   intvty  p50=      28  p75=      43  p95=      118  p99=      175  (1/tpot tok/s)
2026-10-09 10:53:11.108 - records_manager - INFO -   isl     p50=  94,128  p75= 128,561  p90=  155,316  p99=  212,978  (tokens)
2026-10-09 10:53:11.108 - records_manager - INFO -   osl     p50=     274  p75=     569  p90=    1,402  p99=    8,696  (tokens)
2026-10-09 10:53:11.109 - records_manager - INFO -   tot     in=72,007,358  out=576,725
2026-10-09 10:53:11.109 - records_manager - INFO -   trace  theoretical_prefix_cache_hit=95.1%
2026-10-09 10:53:11.109 - records_manager - INFO -   srv    prefix_cache_hit=90.5% unique_in_srv=14,026,098 kv_usage=84.2% queue=13r/1w tput_in_srv=80,212/s tput_out_srv=671/s
2026-10-09 10:53:45.124 - records_manager - INFO - [realtime 31:17 profiling]
2026-10-09 10:53:45.124 - records_manager - INFO -   rps=0.4 (avg 0.4)  tput_in=39,235/s  tput_out=314/s  done=755 ok=755 err=0
2026-10-09 10:53:45.124 - records_manager - INFO -   ttft    p50=   561ms  p75=   954ms  p95=  5,813ms  p99= 15,282ms
2026-10-09 10:53:45.124 - records_manager - INFO -   itl     p50=    36ms  p75=    43ms  p95=     66ms  p99=    100ms
2026-10-09 10:53:45.124 - records_manager - INFO -   e2e     p50=10,363ms  p75=23,362ms  p95=109,303ms  p99=290,648ms
2026-10-09 10:53:45.124 - records_manager - INFO -   intvty  p50=      28  p75=      43  p95=      116  p99=      174  (1/tpot tok/s)
2026-10-09 10:53:45.124 - records_manager - INFO -   isl     p50=  94,113  p75= 129,448  p90=  156,851  p99=  211,567  (tokens)
2026-10-09 10:53:45.124 - records_manager - INFO -   osl     p50=     272  p75=     568  p90=    1,440  p99=    8,578  (tokens)
2026-10-09 10:53:45.124 - records_manager - INFO -   tot     in=73,496,334  out=588,106
2026-10-09 10:53:45.125 - records_manager - INFO -   trace  theoretical_prefix_cache_hit=95.1%
2026-10-09 10:53:45.125 - records_manager - INFO -   srv    prefix_cache_hit=90.6% unique_in_srv=14,112,252 kv_usage=82.3% queue=13r/0w tput_in_srv=80,382/s tput_out_srv=674/s
2026-10-09 10:54:19.102 - records_manager - INFO - [realtime 31:51 profiling]
2026-10-09 10:54:19.102 - records_manager - INFO -   rps=0.3 (avg 0.4)  tput_in=39,254/s  tput_out=315/s  done=766 ok=766 err=0
2026-10-09 10:54:19.103 - records_manager - INFO -   ttft    p50=   563ms  p75=   950ms  p95=  5,852ms  p99= 15,317ms
2026-10-09 10:54:19.103 - records_manager - INFO -   itl     p50=    36ms  p75=    43ms  p95=     65ms  p99=     99ms
2026-10-09 10:54:19.103 - records_manager - INFO -   e2e     p50=10,378ms  p75=23,607ms  p95=109,512ms  p99=289,941ms
2026-10-09 10:54:19.103 - records_manager - INFO -   intvty  p50=      28  p75=      42  p95=      115  p99=      173  (1/tpot tok/s)
2026-10-09 10:54:19.103 - records_manager - INFO -   isl     p50=  94,128  p75= 129,457  p90=  157,496  p99=  218,193  (tokens)
2026-10-09 10:54:19.103 - records_manager - INFO -   osl     p50=     272  p75=     577  p90=    1,512  p99=    8,478  (tokens)
2026-10-09 10:54:19.103 - records_manager - INFO -   tot     in=74,702,214  out=599,167
2026-10-09 10:54:19.103 - records_manager - INFO -   trace  theoretical_prefix_cache_hit=95.2%
2026-10-09 10:54:19.103 - records_manager - INFO -   srv    prefix_cache_hit=90.7% unique_in_srv=14,215,964 kv_usage=80.1% queue=14r/0w tput_in_srv=80,067/s tput_out_srv=678/s
2026-10-09 10:54:53.270 - records_manager - INFO - [realtime 32:26 profiling]
2026-10-09 10:54:53.271 - records_manager - INFO -   rps=0.4 (avg 0.4)  tput_in=39,088/s  tput_out=314/s  done=778 ok=778 err=0
2026-10-09 10:54:53.271 - records_manager - INFO -   ttft    p50=   562ms  p75=   945ms  p95=  5,800ms  p99= 15,317ms
2026-10-09 10:54:53.271 - records_manager - INFO -   itl     p50=    36ms  p75=    43ms  p95=     63ms  p99=     98ms
2026-10-09 10:54:53.271 - records_manager - INFO -   e2e     p50=10,357ms  p75=23,607ms  p95=110,056ms  p99=289,169ms
2026-10-09 10:54:53.271 - records_manager - INFO -   intvty  p50=      28  p75=      42  p95=      115  p99=      171  (1/tpot tok/s)
2026-10-09 10:54:53.271 - records_manager - INFO -   isl     p50=  94,076  p75= 129,999  p90=  159,833  p99=  217,931  (tokens)
2026-10-09 10:54:53.271 - records_manager - INFO -   osl     p50=     272  p75=     577  p90=    1,511  p99=    8,369  (tokens)
2026-10-09 10:54:53.271 - records_manager - INFO -   tot     in=75,783,274  out=608,571
2026-10-09 10:54:53.271 - records_manager - INFO -   trace  theoretical_prefix_cache_hit=95.2%
2026-10-09 10:54:53.271 - records_manager - INFO -   srv    prefix_cache_hit=90.8% unique_in_srv=14,269,466 kv_usage=79.0% queue=13r/0w tput_in_srv=79,877/s tput_out_srv=680/s
2026-10-09 10:55:27.424 - records_manager - INFO - [realtime 33:00 profiling]
2026-10-09 10:55:27.424 - records_manager - INFO -   rps=0.4 (avg 0.4)  tput_in=39,242/s  tput_out=318/s  done=793 ok=793 err=0
2026-10-09 10:55:27.424 - records_manager - INFO -   ttft    p50=   564ms  p75=   943ms  p95=  5,822ms  p99= 15,317ms
2026-10-09 10:55:27.424 - records_manager - INFO -   itl     p50=    36ms  p75=    43ms  p95=     62ms  p99=     97ms
2026-10-09 10:55:27.425 - records_manager - INFO -   e2e     p50=10,352ms  p75=23,686ms  p95=114,102ms  p99=288,205ms
2026-10-09 10:55:27.425 - records_manager - INFO -   intvty  p50=      28  p75=      42  p95=      114  p99=      170  (1/tpot tok/s)
2026-10-09 10:55:27.425 - records_manager - INFO -   isl     p50=  94,113  p75= 130,222  p90=  161,210  p99=  219,844  (tokens)
2026-10-09 10:55:27.425 - records_manager - INFO -   osl     p50=     271  p75=     582  p90=    1,551  p99=    8,233  (tokens)
2026-10-09 10:55:27.425 - records_manager - INFO -   tot     in=77,358,806  out=626,672
2026-10-09 10:55:27.425 - records_manager - INFO -   trace  theoretical_prefix_cache_hit=95.2%
2026-10-09 10:55:27.425 - records_manager - INFO -   srv    prefix_cache_hit=91.0% unique_in_srv=14,317,336 kv_usage=87.7% queue=14r/0w tput_in_srv=80,255/s tput_out_srv=683/s
2026-10-09 10:55:54.284 - aiperf.timing.replay_dependencies - INFO - Per-trace idle cap advanced replay root 8281f033-75d6-4c96-b38a-0a3d13994b45 by 332.984s
2026-10-09 10:56:01.722 - records_manager - INFO - [realtime 33:34 profiling]
2026-10-09 10:56:01.723 - records_manager - INFO -   rps=0.5 (avg 0.4)  tput_in=39,574/s  tput_out=319/s  done=810 ok=810 err=0
2026-10-09 10:56:01.723 - records_manager - INFO -   ttft    p50=   565ms  p75=   927ms  p95=  5,677ms  p99= 15,311ms
2026-10-09 10:56:01.723 - records_manager - INFO -   itl     p50=    35ms  p75=    43ms  p95=     61ms  p99=     96ms
2026-10-09 10:56:01.723 - records_manager - INFO -   e2e     p50=10,345ms  p75=23,744ms  p95=114,709ms  p99=286,107ms
2026-10-09 10:56:01.723 - records_manager - INFO -   intvty  p50=      28  p75=      41  p95=      114  p99=      169  (1/tpot tok/s)
2026-10-09 10:56:01.723 - records_manager - INFO -   isl     p50=  94,389  p75= 130,961  p90=  164,530  p99=  224,546  (tokens)
2026-10-09 10:56:01.723 - records_manager - INFO -   osl     p50=     270  p75=     584  p90=    1,558  p99=    8,132  (tokens)
2026-10-09 10:56:01.723 - records_manager - INFO -   tot     in=79,393,652  out=639,990
2026-10-09 10:56:01.723 - records_manager - INFO -   trace  theoretical_prefix_cache_hit=95.3%
2026-10-09 10:56:01.723 - records_manager - INFO -   srv    prefix_cache_hit=91.0% unique_in_srv=14,563,906 kv_usage=61.0% queue=10r/0w tput_in_srv=80,235/s tput_out_srv=684/s
2026-10-09 10:56:10.378 - aiperf.timing.replay_dependencies - INFO - Per-trace idle cap advanced replay root e3240ffc-c23e-4fa7-87d8-8a51521fae9b by 44355.988s
2026-10-09 10:56:36.158 - records_manager - INFO - [realtime 34:08 profiling]
2026-10-09 10:56:36.159 - records_manager - INFO -   rps=0.1 (avg 0.4)  tput_in=39,046/s  tput_out=317/s  done=814 ok=814 err=0
2026-10-09 10:56:36.159 - records_manager - INFO -   ttft    p50=   565ms  p75=   934ms  p95=  5,817ms  p99= 15,308ms
2026-10-09 10:56:36.159 - records_manager - INFO -   itl     p50=    35ms  p75=    43ms  p95=     61ms  p99=     96ms
2026-10-09 10:56:36.159 - records_manager - INFO -   e2e     p50=10,378ms  p75=23,990ms  p95=117,526ms  p99=285,403ms
2026-10-09 10:56:36.159 - records_manager - INFO -   intvty  p50=      28  p75=      41  p95=      114  p99=      169  (1/tpot tok/s)
2026-10-09 10:56:36.159 - records_manager - INFO -   isl     p50=  94,389  p75= 130,961  p90=  164,532  p99=  224,456  (tokens)
2026-10-09 10:56:36.159 - records_manager - INFO -   osl     p50=     272  p75=     591  p90=    1,584  p99=    8,120  (tokens)
2026-10-09 10:56:36.159 - records_manager - INFO -   tot     in=79,825,775  out=647,203
2026-10-09 10:56:36.159 - records_manager - INFO -   trace  theoretical_prefix_cache_hit=95.3%
2026-10-09 10:56:36.159 - records_manager - INFO -   srv    prefix_cache_hit=90.6% unique_in_srv=15,232,242 kv_usage=76.4% queue=12r/0w tput_in_srv=79,618/s tput_out_srv=680/s
2026-10-09 10:56:42.583 - EventLoopMonitor - WARNING - Event loop for worker_b1094341 is taking too long to run. Overhead: 77.25ms
2026-10-09 10:57:10.695 - records_manager - INFO - [realtime 34:43 profiling]
2026-10-09 10:57:10.695 - records_manager - INFO -   rps=0.5 (avg 0.4)  tput_in=39,680/s  tput_out=337/s  done=831 ok=831 err=0
2026-10-09 10:57:10.696 - records_manager - INFO -   ttft    p50=   571ms  p75=   944ms  p95=  6,466ms  p99= 15,297ms
2026-10-09 10:57:10.696 - records_manager - INFO -   itl     p50=    35ms  p75=    43ms  p95=     61ms  p99=     95ms
2026-10-09 10:57:10.697 - records_manager - INFO -   e2e     p50=10,402ms  p75=24,228ms  p95=125,032ms  p99=309,168ms
2026-10-09 10:57:10.697 - records_manager - INFO -   intvty  p50=      28  p75=      41  p95=      114  p99=      169  (1/tpot tok/s)
2026-10-09 10:57:10.697 - records_manager - INFO -   isl     p50=  96,065  p75= 131,436  p90=  166,569  p99=  224,075  (tokens)
2026-10-09 10:57:10.697 - records_manager - INFO -   osl     p50=     278  p75=     603  p90=    1,875  p99=    9,479  (tokens)
2026-10-09 10:57:10.697 - records_manager - INFO -   tot     in=82,436,187  out=699,644
2026-10-09 10:57:10.697 - records_manager - INFO -   trace  theoretical_prefix_cache_hit=95.3%
2026-10-09 10:57:10.697 - records_manager - INFO -   srv    prefix_cache_hit=90.8% unique_in_srv=15,277,182 kv_usage=35.2% queue=6r/0w tput_in_srv=80,088/s tput_out_srv=682/s
2026-10-09 10:57:45.345 - records_manager - INFO - [realtime 35:18 profiling]
2026-10-09 10:57:45.345 - records_manager - INFO -   rps=0.1 (avg 0.4)  tput_in=39,417/s  tput_out=333/s  done=836 ok=836 err=0
2026-10-09 10:57:45.345 - records_manager - INFO -   ttft    p50=   572ms  p75=   944ms  p95=  6,662ms  p99= 15,294ms
2026-10-09 10:57:45.345 - records_manager - INFO -   itl     p50=    35ms  p75=    43ms  p95=     61ms  p99=     95ms
2026-10-09 10:57:45.345 - records_manager - INFO -   e2e     p50=10,440ms  p75=24,312ms  p95=123,388ms  p99=308,093ms
2026-10-09 10:57:45.346 - records_manager - INFO -   intvty  p50=      28  p75=      42  p95=      114  p99=      169  (1/tpot tok/s)
2026-10-09 10:57:45.346 - records_manager - INFO -   isl     p50=  96,450  p75= 131,640  p90=  167,294  p99=  223,962  (tokens)
2026-10-09 10:57:45.346 - records_manager - INFO -   osl     p50=     278  p75=     605  p90=    1,840  p99=    9,450  (tokens)
2026-10-09 10:57:45.346 - records_manager - INFO -   tot     in=83,117,647  out=702,038
2026-10-09 10:57:45.346 - records_manager - INFO -   trace  theoretical_prefix_cache_hit=95.3%
2026-10-09 10:57:45.346 - records_manager - INFO -   srv    prefix_cache_hit=90.3% unique_in_srv=16,291,758 kv_usage=49.5% queue=8r/2w tput_in_srv=79,618/s tput_out_srv=677/s
2026-10-09 10:58:19.945 - records_manager - INFO - [realtime 35:52 profiling]
2026-10-09 10:58:19.945 - records_manager - INFO -   rps=0.2 (avg 0.4)  tput_in=39,043/s  tput_out=328/s  done=844 ok=844 err=0
2026-10-09 10:58:19.945 - records_manager - INFO -   ttft    p50=   572ms  p75=   944ms  p95=  6,731ms  p99= 15,392ms
2026-10-09 10:58:19.945 - records_manager - INFO -   itl     p50=    35ms  p75=    43ms  p95=     61ms  p99=     95ms
2026-10-09 10:58:19.945 - records_manager - INFO -   e2e     p50=10,420ms  p75=24,428ms  p95=121,389ms  p99=306,373ms
2026-10-09 10:58:19.945 - records_manager - INFO -   intvty  p50=      28  p75=      42  p95=      113  p99=      169  (1/tpot tok/s)
2026-10-09 10:58:19.945 - records_manager - INFO -   isl     p50=  96,157  p75= 131,845  p90=  167,646  p99=  223,783  (tokens)
2026-10-09 10:58:19.945 - records_manager - INFO -   osl     p50=     274  p75=     605  p90=    1,748  p99=    9,403  (tokens)
2026-10-09 10:58:19.945 - records_manager - INFO -   tot     in=83,862,409  out=704,195
2026-10-09 10:58:19.945 - records_manager - INFO -   trace  theoretical_prefix_cache_hit=95.4%
2026-10-09 10:58:19.945 - records_manager - INFO -   srv    prefix_cache_hit=90.4% unique_in_srv=16,375,338 kv_usage=65.4% queue=11r/0w tput_in_srv=79,236/s tput_out_srv=673/s
2026-10-09 10:58:54.700 - records_manager - INFO - [realtime 36:27 profiling]
2026-10-09 10:58:54.700 - records_manager - INFO -   rps=0.2 (avg 0.4)  tput_in=38,787/s  tput_out=330/s  done=852 ok=852 err=0
2026-10-09 10:58:54.700 - records_manager - INFO -   ttft    p50=   575ms  p75=   953ms  p95=  6,800ms  p99= 15,656ms
2026-10-09 10:58:54.700 - records_manager - INFO -   itl     p50=    35ms  p75=    43ms  p95=     61ms  p99=     95ms
2026-10-09 10:58:54.700 - records_manager - INFO -   e2e     p50=10,440ms  p75=24,582ms  p95=128,414ms  p99=304,653ms
2026-10-09 10:58:54.700 - records_manager - INFO -   intvty  p50=      28  p75=      42  p95=      113  p99=      169  (1/tpot tok/s)
2026-10-09 10:58:54.700 - records_manager - INFO -   isl     p50=  96,157  p75= 131,845  p90=  167,411  p99=  223,603  (tokens)
2026-10-09 10:58:54.700 - records_manager - INFO -   osl     p50=     280  p75=     618  p90=    1,868  p99=    9,356  (tokens)
2026-10-09 10:58:54.700 - records_manager - INFO -   tot     in=84,527,948  out=719,033
2026-10-09 10:58:54.700 - records_manager - INFO -   trace  theoretical_prefix_cache_hit=95.3%
2026-10-09 10:58:54.700 - records_manager - INFO -   srv    prefix_cache_hit=90.4% unique_in_srv=16,418,898 kv_usage=63.3% queue=10r/0w tput_in_srv=78,750/s tput_out_srv=676/s
2026-10-09 10:59:29.719 - records_manager - INFO - [realtime 37:02 profiling]
2026-10-09 10:59:29.719 - records_manager - INFO -   rps=0.3 (avg 0.4)  tput_in=38,727/s  tput_out=332/s  done=864 ok=864 err=0
2026-10-09 10:59:29.719 - records_manager - INFO -   ttft    p50=   572ms  p75=   953ms  p95=  6,731ms  p99= 15,605ms
2026-10-09 10:59:29.719 - records_manager - INFO -   itl     p50=    35ms  p75=    43ms  p95=     61ms  p99=     94ms
2026-10-09 10:59:29.719 - records_manager - INFO -   e2e     p50=10,463ms  p75=24,646ms  p95=127,990ms  p99=302,073ms
2026-10-09 10:59:29.720 - records_manager - INFO -   intvty  p50=      29  p75=      43  p95=      113  p99=      169  (1/tpot tok/s)
2026-10-09 10:59:29.720 - records_manager - INFO -   isl     p50=  96,157  p75= 131,845  p90=  167,750  p99=  224,916  (tokens)
2026-10-09 10:59:29.720 - records_manager - INFO -   osl     p50=     281  p75=     632  p90=    1,882  p99=    9,285  (tokens)
2026-10-09 10:59:29.720 - records_manager - INFO -   tot     in=85,861,750  out=735,763
2026-10-09 10:59:29.720 - records_manager - INFO -   trace  theoretical_prefix_cache_hit=95.4%
2026-10-09 10:59:29.720 - records_manager - INFO -   srv    prefix_cache_hit=90.5% unique_in_srv=16,438,606 kv_usage=32.7% queue=5r/0w tput_in_srv=78,093/s tput_out_srv=679/s
2026-10-09 11:00:04.637 - records_manager - INFO - [realtime 37:37 profiling]
2026-10-09 11:00:04.637 - records_manager - INFO -   rps=0.2 (avg 0.4)  tput_in=38,469/s  tput_out=329/s  done=872 ok=872 err=0
2026-10-09 11:00:04.637 - records_manager - INFO -   ttft    p50=   571ms  p75=   956ms  p95=  6,886ms  p99= 15,571ms
2026-10-09 11:00:04.637 - records_manager - INFO -   itl     p50=    35ms  p75=    42ms  p95=     61ms  p99=     94ms
2026-10-09 11:00:04.637 - records_manager - INFO -   e2e     p50=10,443ms  p75=24,582ms  p95=127,109ms  p99=300,354ms
2026-10-09 11:00:04.637 - records_manager - INFO -   intvty  p50=      29  p75=      43  p95=      113  p99=      169  (1/tpot tok/s)
2026-10-09 11:00:04.638 - records_manager - INFO -   isl     p50=  95,572  p75= 131,845  p90=  167,851  p99=  224,880  (tokens)
2026-10-09 11:00:04.638 - records_manager - INFO -   osl     p50=     281  p75=     627  p90=    1,883  p99=    9,238  (tokens)
2026-10-09 11:00:04.638 - records_manager - INFO -   tot     in=86,601,980  out=741,629
2026-10-09 11:00:04.638 - records_manager - INFO -   trace  theoretical_prefix_cache_hit=95.4%
2026-10-09 11:00:04.638 - records_manager - INFO -   srv    prefix_cache_hit=90.5% unique_in_srv=16,708,078 kv_usage=50.9% queue=8r/0w tput_in_srv=77,892/s tput_out_srv=677/s
2026-10-09 11:00:39.826 - records_manager - INFO - [realtime 38:12 profiling]
2026-10-09 11:00:39.826 - records_manager - INFO -   rps=0.2 (avg 0.4)  tput_in=38,385/s  tput_out=329/s  done=880 ok=880 err=0
2026-10-09 11:00:39.826 - records_manager - INFO -   ttft    p50=   575ms  p75=   966ms  p95=  8,227ms  p99= 15,872ms
2026-10-09 11:00:39.826 - records_manager - INFO -   itl     p50=    34ms  p75=    42ms  p95=     61ms  p99=     94ms
2026-10-09 11:00:39.826 - records_manager - INFO -   e2e     p50=10,493ms  p75=24,646ms  p95=128,330ms  p99=298,634ms
2026-10-09 11:00:39.826 - records_manager - INFO -   intvty  p50=      29  p75=      43  p95=      113  p99=      169  (1/tpot tok/s)
2026-10-09 11:00:39.826 - records_manager - INFO -   isl     p50=  95,988  p75= 132,443  p90=  168,650  p99=  225,981  (tokens)
2026-10-09 11:00:39.826 - records_manager - INFO -   osl     p50=     282  p75=     632  p90=    1,885  p99=    9,191  (tokens)
2026-10-09 11:00:39.826 - records_manager - INFO -   tot     in=87,644,560  out=752,152
2026-10-09 11:00:39.826 - records_manager - INFO -   trace  theoretical_prefix_cache_hit=95.4%
2026-10-09 11:00:39.826 - records_manager - INFO -   srv    prefix_cache_hit=90.4% unique_in_srv=17,010,418 kv_usage=56.0% queue=8r/0w tput_in_srv=77,711/s tput_out_srv=676/s
2026-10-09 11:00:41.911 - EventLoopMonitor - WARNING - Event loop for worker_1d802b55 is taking too long to run. Overhead: 38.84ms
2026-10-09 11:01:15.045 - records_manager - INFO - [realtime 38:47 profiling]
2026-10-09 11:01:15.045 - records_manager - INFO -   rps=0.3 (avg 0.4)  tput_in=38,389/s  tput_out=333/s  done=889 ok=889 err=0
2026-10-09 11:01:15.045 - records_manager - INFO -   ttft    p50=   577ms  p75=   988ms  p95=  8,342ms  p99= 15,872ms
2026-10-09 11:01:15.045 - records_manager - INFO -   itl     p50=    34ms  p75=    42ms  p95=     60ms  p99=     93ms
2026-10-09 11:01:15.045 - records_manager - INFO -   e2e     p50=10,516ms  p75=24,780ms  p95=128,446ms  p99=296,699ms
2026-10-09 11:01:15.045 - records_manager - INFO -   intvty  p50=      29  p75=      43  p95=      113  p99=      169  (1/tpot tok/s)
2026-10-09 11:01:15.045 - records_manager - INFO -   isl     p50=  96,696  p75= 132,977  p90=  169,886  p99=  229,762  (tokens)
2026-10-09 11:01:15.045 - records_manager - INFO -   osl     p50=     285  p75=     646  p90=    1,971  p99=    9,736  (tokens)
2026-10-09 11:01:15.045 - records_manager - INFO -   tot     in=89,160,863  out=773,555
2026-10-09 11:01:15.045 - records_manager - INFO -   trace  theoretical_prefix_cache_hit=95.5%
2026-10-09 11:01:15.045 - records_manager - INFO -   srv    prefix_cache_hit=90.5% unique_in_srv=17,065,298 kv_usage=53.4% queue=8r/0w tput_in_srv=77,593/s tput_out_srv=677/s
2026-10-09 11:01:39.429 - aiperf.timing.replay_dependencies - INFO - Per-trace idle cap advanced replay root f83f03cd-fdea-4a8d-acdb-60ae6d5b8a6e by 694.409s
2026-10-09 11:01:50.254 - records_manager - INFO - [realtime 39:23 profiling]
2026-10-09 11:01:50.254 - records_manager - INFO -   rps=0.3 (avg 0.4)  tput_in=38,444/s  tput_out=333/s  done=898 ok=898 err=0
2026-10-09 11:01:50.254 - records_manager - INFO -   ttft    p50=   578ms  p75=   990ms  p95=  8,248ms  p99= 15,872ms
2026-10-09 11:01:50.254 - records_manager - INFO -   itl     p50=    34ms  p75=    42ms  p95=     60ms  p99=     93ms
2026-10-09 11:01:50.254 - records_manager - INFO -   e2e     p50=10,510ms  p75=24,901ms  p95=128,351ms  p99=294,764ms
2026-10-09 11:01:50.254 - records_manager - INFO -   intvty  p50=      29  p75=      44  p95=      113  p99=      169  (1/tpot tok/s)
2026-10-09 11:01:50.254 - records_manager - INFO -   isl     p50=  96,739  p75= 133,021  p90=  170,228  p99=  235,341  (tokens)
2026-10-09 11:01:50.254 - records_manager - INFO -   osl     p50=     286  p75=     649  p90=    1,972  p99=    9,675  (tokens)
2026-10-09 11:01:50.254 - records_manager - INFO -   tot     in=90,267,427  out=781,396
2026-10-09 11:01:50.254 - records_manager - INFO -   trace  theoretical_prefix_cache_hit=95.5%
2026-10-09 11:01:50.254 - records_manager - INFO -   srv    prefix_cache_hit=90.4% unique_in_srv=17,605,512 kv_usage=55.5% queue=9r/0w tput_in_srv=77,530/s tput_out_srv=676/s
2026-10-09 11:02:25.503 - records_manager - INFO - [realtime 39:58 profiling]
2026-10-09 11:02:25.503 - records_manager - INFO -   rps=0.3 (avg 0.4)  tput_in=38,330/s  tput_out=330/s  done=909 ok=909 err=0
2026-10-09 11:02:25.503 - records_manager - INFO -   ttft    p50=   579ms  p75=   995ms  p95=  8,190ms  p99= 15,838ms
2026-10-09 11:02:25.503 - records_manager - INFO -   itl     p50=    34ms  p75=    42ms  p95=     60ms  p99=     93ms
2026-10-09 11:02:25.504 - records_manager - INFO -   e2e     p50=10,504ms  p75=24,942ms  p95=127,439ms  p99=293,605ms
2026-10-09 11:02:25.504 - records_manager - INFO -   intvty  p50=      29  p75=      44  p95=      113  p99=      168  (1/tpot tok/s)
2026-10-09 11:02:25.504 - records_manager - INFO -   isl     p50=  96,782  p75= 133,544  p90=  170,570  p99=  235,402  (tokens)
2026-10-09 11:02:25.504 - records_manager - INFO -   osl     p50=     286  p75=     649  p90=    1,972  p99=    9,608  (tokens)
2026-10-09 11:02:25.504 - records_manager - INFO -   tot     in=91,566,189  out=788,601
2026-10-09 11:02:25.504 - records_manager - INFO -   trace  theoretical_prefix_cache_hit=95.4%
2026-10-09 11:02:25.504 - records_manager - INFO -   srv    prefix_cache_hit=90.4% unique_in_srv=17,678,394 kv_usage=43.5% queue=8r/0w tput_in_srv=77,342/s tput_out_srv=675/s
2026-10-09 11:03:01.016 - records_manager - INFO - [realtime 40:33 profiling]
2026-10-09 11:03:01.016 - records_manager - INFO -   rps=0.3 (avg 0.4)  tput_in=38,246/s  tput_out=332/s  done=921 ok=921 err=0
2026-10-09 11:03:01.016 - records_manager - INFO -   ttft    p50=   577ms  p75=   995ms  p95=  8,149ms  p99= 15,787ms
2026-10-09 11:03:01.017 - records_manager - INFO -   itl     p50=    34ms  p75=    42ms  p95=     60ms  p99=     92ms
2026-10-09 11:03:01.017 - records_manager - INFO -   e2e     p50=10,483ms  p75=24,780ms  p95=128,320ms  p99=292,833ms
2026-10-09 11:03:01.017 - records_manager - INFO -   intvty  p50=      29  p75=      45  p95=      113  p99=      167  (1/tpot tok/s)
2026-10-09 11:03:01.017 - records_manager - INFO -   isl     p50=  96,651  p75= 133,651  p90=  170,245  p99=  235,394  (tokens)
2026-10-09 11:03:01.017 - records_manager - INFO -   osl     p50=     287  p75=     649  p90=    1,971  p99=    9,616  (tokens)
2026-10-09 11:03:01.017 - records_manager - INFO -   tot     in=92,655,705  out=803,173
2026-10-09 11:03:01.017 - records_manager - INFO -   trace  theoretical_prefix_cache_hit=95.5%
2026-10-09 11:03:01.017 - records_manager - INFO -   srv    prefix_cache_hit=90.4% unique_in_srv=18,074,576 kv_usage=58.9% queue=9r/1w tput_in_srv=77,317/s tput_out_srv=676/s
2026-10-09 11:03:36.606 - records_manager - INFO - [realtime 41:09 profiling]
2026-10-09 11:03:36.607 - records_manager - INFO -   rps=0.2 (avg 0.4)  tput_in=38,051/s  tput_out=333/s  done=929 ok=929 err=0
2026-10-09 11:03:36.607 - records_manager - INFO -   ttft    p50=   577ms  p75=   995ms  p95=  7,964ms  p99= 15,753ms
2026-10-09 11:03:36.607 - records_manager - INFO -   itl     p50=    34ms  p75=    42ms  p95=     60ms  p99=     92ms
2026-10-09 11:03:36.607 - records_manager - INFO -   e2e     p50=10,504ms  p75=25,119ms  p95=128,446ms  p99=292,319ms
2026-10-09 11:03:36.607 - records_manager - INFO -   intvty  p50=      30  p75=      45  p95=      113  p99=      166  (1/tpot tok/s)
2026-10-09 11:03:36.607 - records_manager - INFO -   isl     p50=  96,249  p75= 133,544  p90=  170,306  p99=  235,389  (tokens)
2026-10-09 11:03:36.607 - records_manager - INFO -   osl     p50=     287  p75=     651  p90=    1,978  p99=    9,601  (tokens)
2026-10-09 11:03:36.607 - records_manager - INFO -   tot     in=93,369,767  out=817,815
2026-10-09 11:03:36.607 - records_manager - INFO -   trace  theoretical_prefix_cache_hit=95.5%
2026-10-09 11:03:36.607 - records_manager - INFO -   srv    prefix_cache_hit=90.3% unique_in_srv=18,287,632 kv_usage=52.5% queue=9r/0w tput_in_srv=76,741/s tput_out_srv=677/s
2026-10-09 11:04:12.250 - records_manager - INFO - [realtime 41:45 profiling]
2026-10-09 11:04:12.251 - records_manager - INFO -   rps=0.3 (avg 0.4)  tput_in=37,797/s  tput_out=331/s  done=939 ok=939 err=0
2026-10-09 11:04:12.251 - records_manager - INFO -   ttft    p50=   576ms  p75= 1,009ms  p95=  8,156ms  p99= 15,711ms
2026-10-09 11:04:12.251 - records_manager - INFO -   itl     p50=    34ms  p75=    41ms  p95=     60ms  p99=     92ms
2026-10-09 11:04:12.251 - records_manager - INFO -   e2e     p50=10,519ms  p75=25,334ms  p95=128,341ms  p99=291,676ms
2026-10-09 11:04:12.251 - records_manager - INFO -   intvty  p50=      30  p75=      45  p95=      113  p99=      164  (1/tpot tok/s)
2026-10-09 11:04:12.251 - records_manager - INFO -   isl     p50=  95,912  p75= 133,290  p90=  170,570  p99=  235,768  (tokens)
2026-10-09 11:04:12.251 - records_manager - INFO -   osl     p50=     287  p75=     658  p90=    1,999  p99=    9,581  (tokens)
2026-10-09 11:04:12.251 - records_manager - INFO -   tot     in=94,432,697  out=827,508
2026-10-09 11:04:12.251 - records_manager - INFO -   trace  theoretical_prefix_cache_hit=95.4%
2026-10-09 11:04:12.251 - records_manager - INFO -   srv    prefix_cache_hit=90.2% unique_in_srv=18,663,166 kv_usage=40.6% queue=7r/0w tput_in_srv=76,303/s tput_out_srv=676/s
2026-10-09 11:04:47.971 - records_manager - INFO - [realtime 42:20 profiling]
2026-10-09 11:04:47.971 - records_manager - INFO -   rps=0.2 (avg 0.4)  tput_in=37,704/s  tput_out=328/s  done=947 ok=947 err=0
2026-10-09 11:04:47.971 - records_manager - INFO -   ttft    p50=   575ms  p75= 1,009ms  p95=  8,010ms  p99= 15,677ms
2026-10-09 11:04:47.971 - records_manager - INFO -   itl     p50=    34ms  p75=    41ms  p95=     60ms  p99=     92ms
2026-10-09 11:04:47.971 - records_manager - INFO -   e2e     p50=10,516ms  p75=25,031ms  p95=127,659ms  p99=291,162ms
2026-10-09 11:04:47.971 - records_manager - INFO -   intvty  p50=      30  p75=      46  p95=      113  p99=      164  (1/tpot tok/s)
2026-10-09 11:04:47.972 - records_manager - INFO -   isl     p50=  95,231  p75= 133,290  p90=  170,646  p99=  237,014  (tokens)
2026-10-09 11:04:47.972 - records_manager - INFO -   osl     p50=     289  p75=     654  p90=    1,981  p99=    9,566  (tokens)
2026-10-09 11:04:47.972 - records_manager - INFO -   tot     in=95,389,340  out=830,778
2026-10-09 11:04:47.972 - records_manager - INFO -   trace  theoretical_prefix_cache_hit=95.5%
2026-10-09 11:04:47.972 - records_manager - INFO -   srv    prefix_cache_hit=90.2% unique_in_srv=18,901,700 kv_usage=60.2% queue=10r/0w tput_in_srv=76,338/s tput_out_srv=676/s
2026-10-09 11:04:55.491 - aiperf.timing.replay_dependencies - INFO - Per-trace idle cap advanced replay root 018d7de0-fd97-48d6-ad4f-ad394db95e17 by 639.907s
2026-10-09 11:05:20.580 - EventLoopMonitor - WARNING - Event loop for worker_7d14c631 is taking too long to run. Overhead: 28.30ms
2026-10-09 11:05:23.810 - records_manager - INFO - [realtime 42:56 profiling]
2026-10-09 11:05:23.810 - records_manager - INFO -   rps=0.2 (avg 0.4)  tput_in=37,523/s  tput_out=329/s  done=955 ok=955 err=0
2026-10-09 11:05:23.810 - records_manager - INFO -   ttft    p50=   576ms  p75= 1,011ms  p95=  8,169ms  p99= 15,643ms
2026-10-09 11:05:23.810 - records_manager - INFO -   itl     p50=    34ms  p75=    41ms  p95=     59ms  p99=     92ms
2026-10-09 11:05:23.810 - records_manager - INFO -   e2e     p50=10,519ms  p75=25,334ms  p95=129,749ms  p99=290,648ms
2026-10-09 11:05:23.810 - records_manager - INFO -   intvty  p50=      30  p75=      46  p95=      112  p99=      163  (1/tpot tok/s)
2026-10-09 11:05:23.810 - records_manager - INFO -   isl     p50=  95,231  p75= 133,668  p90=  171,388  p99=  238,605  (tokens)
2026-10-09 11:05:23.810 - records_manager - INFO -   osl     p50=     289  p75=     667  p90=    2,017  p99=    9,550  (tokens)
2026-10-09 11:05:23.810 - records_manager - INFO -   tot     in=96,417,076  out=845,904
2026-10-09 11:05:23.810 - records_manager - INFO -   trace  theoretical_prefix_cache_hit=95.5%
2026-10-09 11:05:23.810 - records_manager - INFO -   srv    prefix_cache_hit=90.1% unique_in_srv=19,359,342 kv_usage=66.4% queue=12r/0w tput_in_srv=76,178/s tput_out_srv=675/s
2026-10-09 11:05:59.833 - records_manager - INFO - [realtime 43:32 profiling]
2026-10-09 11:05:59.833 - records_manager - INFO -   rps=0.5 (avg 0.4)  tput_in=37,570/s  tput_out=330/s  done=974 ok=974 err=0
2026-10-09 11:05:59.833 - records_manager - INFO -   ttft    p50=   573ms  p75= 1,005ms  p95=  8,289ms  p99= 15,563ms
2026-10-09 11:05:59.833 - records_manager - INFO -   itl     p50=    33ms  p75=    41ms  p95=     58ms  p99=     92ms
2026-10-09 11:05:59.833 - records_manager - INFO -   e2e     p50=10,463ms  p75=25,245ms  p95=129,953ms  p99=289,426ms
2026-10-09 11:05:59.833 - records_manager - INFO -   intvty  p50=      30  p75=      45  p95=      112  p99=      160  (1/tpot tok/s)
2026-10-09 11:05:59.833 - records_manager - INFO -   isl     p50=  94,128  p75= 133,417  p90=  171,425  p99=  238,215  (tokens)
2026-10-09 11:05:59.833 - records_manager - INFO -   osl     p50=     288  p75=     658  p90=    1,986  p99=    9,513  (tokens)
2026-10-09 11:05:59.833 - records_manager - INFO -   tot     in=97,760,555  out=859,818
2026-10-09 11:05:59.833 - records_manager - INFO -   trace  theoretical_prefix_cache_hit=95.5%
2026-10-09 11:05:59.833 - records_manager - INFO -   srv    prefix_cache_hit=90.2% unique_in_srv=19,438,194 kv_usage=72.0% queue=13r/0w tput_in_srv=76,305/s tput_out_srv=678/s
2026-10-09 11:06:27.269 - aiperf.timing.replay_dependencies - INFO - Per-trace idle cap advanced replay root 6b9802d4-581a-4e03-9a9d-675b5d1fb08a by 352.588s
2026-10-09 11:06:35.609 - records_manager - INFO - [realtime 44:08 profiling]
2026-10-09 11:06:35.609 - records_manager - INFO -   rps=0.4 (avg 0.4)  tput_in=37,409/s  tput_out=331/s  done=988 ok=988 err=0
2026-10-09 11:06:35.609 - records_manager - INFO -   ttft    p50=   570ms  p75=   998ms  p95=  8,193ms  p99= 15,504ms
2026-10-09 11:06:35.609 - records_manager - INFO -   itl     p50=    33ms  p75=    41ms  p95=     58ms  p99=     91ms
2026-10-09 11:06:35.609 - records_manager - INFO -   e2e     p50=10,463ms  p75=25,310ms  p95=131,172ms  p99=288,526ms
2026-10-09 11:06:35.609 - records_manager - INFO -   intvty  p50=      31  p75=      45  p95=      112  p99=      159  (1/tpot tok/s)
2026-10-09 11:06:35.610 - records_manager - INFO -   isl     p50=  93,738  p75= 132,992  p90=  171,543  p99=  237,927  (tokens)
2026-10-09 11:06:35.610 - records_manager - INFO -   osl     p50=     288  p75=     676  p90=    1,980  p99=    9,486  (tokens)
2026-10-09 11:06:35.610 - records_manager - INFO -   tot     in=98,753,908  out=872,638
2026-10-09 11:06:35.610 - records_manager - INFO -   trace  theoretical_prefix_cache_hit=95.5%
2026-10-09 11:06:35.610 - records_manager - INFO -   srv    prefix_cache_hit=90.0% unique_in_srv=19,982,418 kv_usage=62.3% queue=12r/0w tput_in_srv=75,819/s tput_out_srv=681/s
2026-10-09 11:07:11.752 - records_manager - INFO - [realtime 44:44 profiling]
2026-10-09 11:07:11.752 - records_manager - INFO -   rps=0.2 (avg 0.4)  tput_in=37,169/s  tput_out=328/s  done=994 ok=994 err=0
2026-10-09 11:07:11.752 - records_manager - INFO -   ttft    p50=   568ms  p75=   991ms  p95=  8,173ms  p99= 15,478ms
2026-10-09 11:07:11.752 - records_manager - INFO -   itl     p50=    33ms  p75=    41ms  p95=     61ms  p99=     91ms
2026-10-09 11:07:11.752 - records_manager - INFO -   e2e     p50=10,510ms  p75=25,655ms  p95=133,535ms  p99=288,141ms
2026-10-09 11:07:11.752 - records_manager - INFO -   intvty  p50=      31  p75=      45  p95=      112  p99=      158  (1/tpot tok/s)
2026-10-09 11:07:11.752 - records_manager - INFO -   isl     p50=  93,353  p75= 133,021  p90=  171,565  p99=  239,786  (tokens)
2026-10-09 11:07:11.752 - records_manager - INFO -   osl     p50=     290  p75=     671  p90=    1,986  p99=    9,475  (tokens)
2026-10-09 11:07:11.752 - records_manager - INFO -   tot     in=99,472,025  out=878,506
2026-10-09 11:07:11.752 - records_manager - INFO -   trace  theoretical_prefix_cache_hit=95.5%
2026-10-09 11:07:11.752 - records_manager - INFO -   srv    prefix_cache_hit=90.1% unique_in_srv=19,989,360 kv_usage=56.5% queue=11r/0w tput_in_srv=75,268/s tput_out_srv=677/s
2026-10-09 11:07:28.045 - aiperf.timing.replay_dependencies - INFO - Per-trace idle cap advanced replay root 8ea26854-15fb-48b1-8ef8-680f05b640f4 by 659.099s
2026-10-09 11:07:36.852 - aiperf.timing.replay_dependencies - INFO - Per-trace idle cap advanced replay root d2fc5158-81ce-4c2f-9550-bb49b946cd9f by 343.756s
2026-10-09 11:07:47.839 - records_manager - INFO - [realtime 45:20 profiling]
2026-10-09 11:07:47.839 - records_manager - INFO -   rps=0.2 (avg 0.4)  tput_in=37,242/s  tput_out=330/s  done=1,000 ok=1,000 err=0
2026-10-09 11:07:47.839 - records_manager - INFO -   ttft    p50=   568ms  p75=   998ms  p95=  8,429ms  p99= 15,872ms
2026-10-09 11:07:47.839 - records_manager - INFO -   itl     p50=    33ms  p75=    41ms  p95=     61ms  p99=     91ms
2026-10-09 11:07:47.839 - records_manager - INFO -   e2e     p50=10,547ms  p75=25,874ms  p95=137,264ms  p99=287,755ms
2026-10-09 11:07:47.839 - records_manager - INFO -   intvty  p50=      31  p75=      45  p95=      112  p99=      157  (1/tpot tok/s)
2026-10-09 11:07:47.839 - records_manager - INFO -   isl     p50=  93,738  p75= 133,163  p90=  171,650  p99=  240,756  (tokens)
2026-10-09 11:07:47.839 - records_manager - INFO -   osl     p50=     291  p75=     676  p90=    2,038  p99=    9,463  (tokens)
2026-10-09 11:07:47.839 - records_manager - INFO -   tot     in=100,248,510  out=887,825
2026-10-09 11:07:47.839 - records_manager - INFO -   trace  theoretical_prefix_cache_hit=95.5%
2026-10-09 11:07:47.839 - records_manager - INFO -   srv    prefix_cache_hit=89.9% unique_in_srv=20,736,704 kv_usage=86.7% queue=15r/3w tput_in_srv=75,289/s tput_out_srv=673/s
2026-10-09 11:08:24.026 - records_manager - INFO - [realtime 45:56 profiling]
2026-10-09 11:08:24.026 - records_manager - INFO -   rps=0.1 (avg 0.4)  tput_in=36,681/s  tput_out=327/s  done=1,005 ok=1,005 err=0
2026-10-09 11:08:24.026 - records_manager - INFO -   ttft    p50=   569ms  p75= 1,009ms  p95=  8,598ms  p99= 15,872ms
2026-10-09 11:08:24.026 - records_manager - INFO -   itl     p50=    33ms  p75=    41ms  p95=     61ms  p99=     93ms
2026-10-09 11:08:24.026 - records_manager - INFO -   e2e     p50=10,666ms  p75=26,366ms  p95=137,472ms  p99=287,687ms
2026-10-09 11:08:24.026 - records_manager - INFO -   intvty  p50=      30  p75=      45  p95=      111  p99=      157  (1/tpot tok/s)
2026-10-09 11:08:24.026 - records_manager - INFO -   isl     p50=  93,820  p75= 133,544  p90=  171,818  p99=  240,703  (tokens)
2026-10-09 11:08:24.027 - records_manager - INFO -   osl     p50=     295  p75=     684  p90=    2,054  p99=    9,445  (tokens)
2026-10-09 11:08:24.027 - records_manager - INFO -   tot     in=100,759,870  out=897,232
2026-10-09 11:08:24.027 - records_manager - INFO -   trace  theoretical_prefix_cache_hit=95.5%
2026-10-09 11:08:24.027 - records_manager - INFO -   srv    prefix_cache_hit=89.5% unique_in_srv=21,561,058 kv_usage=91.3% queue=14r/2w tput_in_srv=74,669/s tput_out_srv=667/s
2026-10-09 11:09:00.127 - records_manager - INFO - [realtime 46:32 profiling]
2026-10-09 11:09:00.127 - records_manager - INFO -   rps=0.1 (avg 0.4)  tput_in=36,396/s  tput_out=324/s  done=1,007 ok=1,007 err=0
2026-10-09 11:09:00.127 - records_manager - INFO -   ttft    p50=   569ms  p75= 1,009ms  p95=  8,635ms  p99= 15,875ms
2026-10-09 11:09:00.127 - records_manager - INFO -   itl     p50=    33ms  p75=    41ms  p95=     63ms  p99=     93ms
2026-10-09 11:09:00.128 - records_manager - INFO -   e2e     p50=10,692ms  p75=26,476ms  p95=137,444ms  p99=287,685ms
2026-10-09 11:09:00.128 - records_manager - INFO -   intvty  p50=      30  p75=      45  p95=      111  p99=      157  (1/tpot tok/s)
2026-10-09 11:09:00.128 - records_manager - INFO -   isl     p50=  93,876  p75= 133,598  p90=  172,103  p99=  240,682  (tokens)
2026-10-09 11:09:00.128 - records_manager - INFO -   osl     p50=     295  p75=     687  p90=    2,047  p99=    9,437  (tokens)
2026-10-09 11:09:00.128 - records_manager - INFO -   tot     in=101,031,094  out=898,516
2026-10-09 11:09:00.128 - records_manager - INFO -   trace  theoretical_prefix_cache_hit=95.6%
2026-10-09 11:09:00.128 - records_manager - INFO -   srv    prefix_cache_hit=89.2% unique_in_srv=22,317,450 kv_usage=98.5% queue=16r/3w tput_in_srv=74,025/s tput_out_srv=662/s
2026-10-09 11:09:36.216 - records_manager - INFO - [realtime 47:09 profiling]
2026-10-09 11:09:36.216 - records_manager - INFO -   rps=0.1 (avg 0.4)  tput_in=36,013/s  tput_out=321/s  done=1,012 ok=1,012 err=0
2026-10-09 11:09:36.216 - records_manager - INFO -   ttft    p50=   571ms  p75= 1,015ms  p95=  9,174ms  p99= 17,996ms
2026-10-09 11:09:36.216 - records_manager - INFO -   itl     p50=    33ms  p75=    41ms  p95=     67ms  p99=     99ms
2026-10-09 11:09:36.216 - records_manager - INFO -   e2e     p50=10,741ms  p75=26,687ms  p95=139,541ms  p99=287,679ms
2026-10-09 11:09:36.217 - records_manager - INFO -   intvty  p50=      30  p75=      45  p95=      111  p99=      157  (1/tpot tok/s)
2026-10-09 11:09:36.217 - records_manager - INFO -   isl     p50=  94,052  p75= 133,660  p90=  171,919  p99=  240,631  (tokens)
2026-10-09 11:09:36.217 - records_manager - INFO -   osl     p50=     296  p75=     691  p90=    2,063  p99=    9,418  (tokens)
2026-10-09 11:09:36.217 - records_manager - INFO -   tot     in=101,583,814  out=906,066
2026-10-09 11:09:36.217 - records_manager - INFO -   trace  theoretical_prefix_cache_hit=95.6%
2026-10-09 11:09:36.217 - records_manager - INFO -   srv    prefix_cache_hit=88.8% unique_in_srv=23,201,742 kv_usage=89.8% queue=15r/3w tput_in_srv=73,323/s tput_out_srv=658/s
2026-10-09 11:10:12.423 - records_manager - INFO - [realtime 47:45 profiling]
2026-10-09 11:10:12.423 - records_manager - INFO -   rps=0.1 (avg 0.4)  tput_in=35,664/s  tput_out=320/s  done=1,014 ok=1,014 err=0
2026-10-09 11:10:12.423 - records_manager - INFO -   ttft    p50=   572ms  p75= 1,018ms  p95=  9,300ms  p99= 18,189ms
2026-10-09 11:10:12.423 - records_manager - INFO -   itl     p50=    33ms  p75=    41ms  p95=     67ms  p99=     99ms
2026-10-09 11:10:12.423 - records_manager - INFO -   e2e     p50=10,773ms  p75=26,734ms  p95=140,132ms  p99=293,283ms
2026-10-09 11:10:12.423 - records_manager - INFO -   intvty  p50=      30  p75=      45  p95=      111  p99=      157  (1/tpot tok/s)
2026-10-09 11:10:12.423 - records_manager - INFO -   isl     p50=  94,052  p75= 133,677  p90=  172,215  p99=  240,610  (tokens)
2026-10-09 11:10:12.423 - records_manager - INFO -   osl     p50=     296  p75=     691  p90=    2,092  p99=    9,410  (tokens)
2026-10-09 11:10:12.423 - records_manager - INFO -   tot     in=101,832,827  out=913,754
2026-10-09 11:10:12.423 - records_manager - INFO -   trace  theoretical_prefix_cache_hit=95.6%
2026-10-09 11:10:12.423 - records_manager - INFO -   srv    prefix_cache_hit=88.6% unique_in_srv=23,767,430 kv_usage=96.9% queue=16r/3w tput_in_srv=72,781/s tput_out_srv=654/s
2026-10-09 11:10:48.711 - records_manager - INFO - [realtime 48:21 profiling]
2026-10-09 11:10:48.711 - records_manager - INFO -   rps=0.2 (avg 0.4)  tput_in=35,544/s  tput_out=318/s  done=1,020 ok=1,020 err=0
2026-10-09 11:10:48.711 - records_manager - INFO -   ttft    p50=   575ms  p75= 1,047ms  p95= 10,219ms  p99= 20,255ms
2026-10-09 11:10:48.711 - records_manager - INFO -   itl     p50=    33ms  p75=    42ms  p95=     69ms  p99=    106ms
2026-10-09 11:10:48.711 - records_manager - INFO -   e2e     p50=10,829ms  p75=27,322ms  p95=143,531ms  p99=292,897ms
2026-10-09 11:10:48.711 - records_manager - INFO -   intvty  p50=      30  p75=      45  p95=      111  p99=      157  (1/tpot tok/s)
2026-10-09 11:10:48.711 - records_manager - INFO -   isl     p50=  94,089  p75= 134,534  p90=  172,612  p99=  241,680  (tokens)
2026-10-09 11:10:48.712 - records_manager - INFO -   osl     p50=     298  p75=     694  p90=    2,070  p99=    9,386  (tokens)
2026-10-09 11:10:48.712 - records_manager - INFO -   tot     in=102,615,691  out=919,136
2026-10-09 11:10:48.712 - records_manager - INFO -   trace  theoretical_prefix_cache_hit=95.6%
2026-10-09 11:10:48.712 - records_manager - INFO -   srv    prefix_cache_hit=88.1% unique_in_srv=25,002,096 kv_usage=88.3% queue=14r/2w tput_in_srv=72,169/s tput_out_srv=648/s
2026-10-09 11:11:25.116 - records_manager - INFO - [realtime 48:57 profiling]
2026-10-09 11:11:25.116 - records_manager - INFO -   rps=0.1 (avg 0.4)  tput_in=35,285/s  tput_out=316/s  done=1,022 ok=1,022 err=0
2026-10-09 11:11:25.116 - records_manager - INFO -   ttft    p50=   576ms  p75= 1,050ms  p95= 10,389ms  p99= 21,494ms
2026-10-09 11:11:25.116 - records_manager - INFO -   itl     p50=    33ms  p75=    42ms  p95=     69ms  p99=    109ms
2026-10-09 11:11:25.117 - records_manager - INFO -   e2e     p50=10,847ms  p75=27,761ms  p95=143,260ms  p99=292,769ms
2026-10-09 11:11:25.117 - records_manager - INFO -   intvty  p50=      30  p75=      45  p95=      111  p99=      156  (1/tpot tok/s)
2026-10-09 11:11:25.117 - records_manager - INFO -   isl     p50=  94,089  p75= 134,605  p90=  172,816  p99=  241,657  (tokens)
2026-10-09 11:11:25.117 - records_manager - INFO -   osl     p50=     298  p75=     694  p90=    2,063  p99=    9,378  (tokens)
2026-10-09 11:11:25.117 - records_manager - INFO -   tot     in=102,861,703  out=919,910
2026-10-09 11:11:25.117 - records_manager - INFO -   trace  theoretical_prefix_cache_hit=95.6%
2026-10-09 11:11:25.117 - records_manager - INFO -   srv    prefix_cache_hit=87.9% unique_in_srv=25,506,848 kv_usage=93.7% queue=14r/5w tput_in_srv=71,625/s tput_out_srv=642/s
2026-10-09 11:12:01.321 - records_manager - INFO - [realtime 49:34 profiling]
2026-10-09 11:12:01.321 - records_manager - INFO -   rps=0.1 (avg 0.3)  tput_in=34,879/s  tput_out=311/s  done=1,025 ok=1,025 err=0
2026-10-09 11:12:01.322 - records_manager - INFO -   ttft    p50=   577ms  p75= 1,061ms  p95= 10,750ms  p99= 23,962ms
2026-10-09 11:12:01.322 - records_manager - INFO -   itl     p50=    33ms  p75=    42ms  p95=     70ms  p99=    125ms
2026-10-09 11:12:01.322 - records_manager - INFO -   e2e     p50=10,930ms  p75=27,943ms  p95=145,010ms  p99=292,576ms
2026-10-09 11:12:01.322 - records_manager - INFO -   intvty  p50=      30  p75=      45  p95=      110  p99=      156  (1/tpot tok/s)
2026-10-09 11:12:01.322 - records_manager - INFO -   isl     p50=  94,113  p75= 134,640  p90=  172,739  p99=  241,623  (tokens)
2026-10-09 11:12:01.322 - records_manager - INFO -   osl     p50=     300  p75=     694  p90=    2,054  p99=    9,367  (tokens)
2026-10-09 11:12:01.322 - records_manager - INFO -   tot     in=103,202,265  out=921,563
2026-10-09 11:12:01.322 - records_manager - INFO -   trace  theoretical_prefix_cache_hit=95.6%
2026-10-09 11:12:01.322 - records_manager - INFO -   srv    prefix_cache_hit=87.5% unique_in_srv=26,371,532 kv_usage=96.6% queue=14r/5w tput_in_srv=70,926/s tput_out_srv=638/s
2026-10-09 11:12:37.631 - records_manager - INFO - [realtime 50:10 profiling]
2026-10-09 11:12:37.631 - records_manager - INFO -   rps=0.1 (avg 0.3)  tput_in=34,658/s  tput_out=308/s  done=1,029 ok=1,029 err=0
2026-10-09 11:12:37.631 - records_manager - INFO -   ttft    p50=   579ms  p75= 1,075ms  p95= 11,352ms  p99= 35,571ms
2026-10-09 11:12:37.631 - records_manager - INFO -   itl     p50=    34ms  p75=    42ms  p95=     72ms  p99=    125ms
2026-10-09 11:12:37.631 - records_manager - INFO -   e2e     p50=11,056ms  p75=28,307ms  p95=144,601ms  p99=292,319ms
2026-10-09 11:12:37.631 - records_manager - INFO -   intvty  p50=      30  p75=      45  p95=      110  p99=      156  (1/tpot tok/s)
2026-10-09 11:12:37.631 - records_manager - INFO -   isl     p50=  94,142  p75= 134,806  p90=  173,000  p99=  242,687  (tokens)
2026-10-09 11:12:37.631 - records_manager - INFO -   osl     p50=     300  p75=     694  p90=    2,041  p99=    9,351  (tokens)
2026-10-09 11:12:37.631 - records_manager - INFO -   tot     in=103,799,348  out=923,393
2026-10-09 11:12:37.631 - records_manager - INFO -   trace  theoretical_prefix_cache_hit=95.6%
2026-10-09 11:12:37.631 - records_manager - INFO -   srv    prefix_cache_hit=87.2% unique_in_srv=27,153,214 kv_usage=90.1% queue=15r/4w tput_in_srv=70,396/s tput_out_srv=634/s
2026-10-09 11:13:14.081 - records_manager - INFO - [realtime 50:46 profiling]
2026-10-09 11:13:14.081 - records_manager - INFO -   rps=0.1 (avg 0.3)  tput_in=34,353/s  tput_out=306/s  done=1,033 ok=1,033 err=0
2026-10-09 11:13:14.081 - records_manager - INFO -   ttft    p50=   581ms  p75= 1,098ms  p95= 11,777ms  p99= 38,016ms
2026-10-09 11:13:14.081 - records_manager - INFO -   itl     p50=    34ms  p75=    42ms  p95=     75ms  p99=    125ms
2026-10-09 11:13:14.082 - records_manager - INFO -   e2e     p50=11,099ms  p75=28,612ms  p95=147,495ms  p99=308,738ms
2026-10-09 11:13:14.082 - records_manager - INFO -   intvty  p50=      30  p75=      45  p95=      110  p99=      156  (1/tpot tok/s)
2026-10-09 11:13:14.082 - records_manager - INFO -   isl     p50=  94,142  p75= 134,806  p90=  173,058  p99=  242,643  (tokens)
2026-10-09 11:13:14.082 - records_manager - INFO -   osl     p50=     302  p75=     697  p90=    2,080  p99=    9,335  (tokens)
2026-10-09 11:13:14.082 - records_manager - INFO -   tot     in=104,180,040  out=929,493
2026-10-09 11:13:14.082 - records_manager - INFO -   trace  theoretical_prefix_cache_hit=95.6%
2026-10-09 11:13:14.082 - records_manager - INFO -   srv    prefix_cache_hit=86.7% unique_in_srv=28,212,814 kv_usage=93.4% queue=14r/3w tput_in_srv=69,821/s tput_out_srv=630/s
2026-10-09 11:13:50.552 - records_manager - INFO - [realtime 51:23 profiling]
2026-10-09 11:13:50.552 - records_manager - INFO -   rps=0.1 (avg 0.3)  tput_in=34,129/s  tput_out=307/s  done=1,038 ok=1,038 err=0
2026-10-09 11:13:50.552 - records_manager - INFO -   ttft    p50=   586ms  p75= 1,114ms  p95= 12,076ms  p99= 39,180ms
2026-10-09 11:13:50.552 - records_manager - INFO -   itl     p50=    34ms  p75=    43ms  p95=     77ms  p99=    127ms
2026-10-09 11:13:50.552 - records_manager - INFO -   e2e     p50=11,244ms  p75=29,240ms  p95=150,819ms  p99=342,735ms
2026-10-09 11:13:50.552 - records_manager - INFO -   intvty  p50=      30  p75=      45  p95=      110  p99=      156  (1/tpot tok/s)
2026-10-09 11:13:50.552 - records_manager - INFO -   isl     p50=  94,242  p75= 134,990  p90=  173,195  p99=  242,589  (tokens)
2026-10-09 11:13:50.552 - records_manager - INFO -   osl     p50=     304  p75=     699  p90=    2,121  p99=    9,316  (tokens)
2026-10-09 11:13:50.552 - records_manager - INFO -   tot     in=104,777,219  out=941,988
2026-10-09 11:13:50.553 - records_manager - INFO -   trace  theoretical_prefix_cache_hit=95.6%
2026-10-09 11:13:50.553 - records_manager - INFO -   srv    prefix_cache_hit=86.4% unique_in_srv=29,192,724 kv_usage=90.7% queue=15r/3w tput_in_srv=69,407/s tput_out_srv=624/s
2026-10-09 11:14:27.184 - records_manager - INFO - [realtime 51:59 profiling]
2026-10-09 11:14:27.184 - records_manager - INFO -   rps=0.1 (avg 0.3)  tput_in=33,974/s  tput_out=306/s  done=1,041 ok=1,041 err=0
2026-10-09 11:14:27.184 - records_manager - INFO -   ttft    p50=   586ms  p75= 1,127ms  p95= 12,389ms  p99= 39,167ms
2026-10-09 11:14:27.184 - records_manager - INFO -   itl     p50=    34ms  p75=    43ms  p95=     81ms  p99=    130ms
2026-10-09 11:14:27.184 - records_manager - INFO -   e2e     p50=11,304ms  p75=29,372ms  p95=151,048ms  p99=353,479ms
2026-10-09 11:14:27.184 - records_manager - INFO -   intvty  p50=      30  p75=      45  p95=      110  p99=      156  (1/tpot tok/s)
2026-10-09 11:14:27.185 - records_manager - INFO -   isl     p50=  94,331  p75= 135,051  p90=  173,471  p99=  242,556  (tokens)
2026-10-09 11:14:27.185 - records_manager - INFO -   osl     p50=     303  p75=     700  p90=    2,162  p99=    9,304  (tokens)
2026-10-09 11:14:27.185 - records_manager - INFO -   tot     in=105,096,551  out=945,310
2026-10-09 11:14:27.185 - records_manager - INFO -   trace  theoretical_prefix_cache_hit=95.6%
2026-10-09 11:14:27.185 - records_manager - INFO -   srv    prefix_cache_hit=86.1% unique_in_srv=29,938,444 kv_usage=98.7% queue=15r/3w tput_in_srv=68,943/s tput_out_srv=618/s
2026-10-09 11:15:03.930 - records_manager - INFO - [realtime 52:36 profiling]
2026-10-09 11:15:03.931 - records_manager - INFO -   rps=0.1 (avg 0.3)  tput_in=33,618/s  tput_out=302/s  done=1,046 ok=1,046 err=0
2026-10-09 11:15:03.931 - records_manager - INFO -   ttft    p50=   588ms  p75= 1,145ms  p95= 12,805ms  p99= 39,560ms
2026-10-09 11:15:03.931 - records_manager - INFO -   itl     p50=    34ms  p75=    43ms  p95=     84ms  p99=    144ms
2026-10-09 11:15:03.931 - records_manager - INFO -   e2e     p50=11,362ms  p75=29,702ms  p95=153,923ms  p99=353,470ms
2026-10-09 11:15:03.931 - records_manager - INFO -   intvty  p50=      30  p75=      44  p95=      110  p99=      156  (1/tpot tok/s)
2026-10-09 11:15:03.931 - records_manager - INFO -   isl     p50=  94,355  p75= 135,176  p90=  173,805  p99=  242,501  (tokens)
2026-10-09 11:15:03.931 - records_manager - INFO -   osl     p50=     304  p75=     699  p90=    2,132  p99=    9,284  (tokens)
2026-10-09 11:15:03.931 - records_manager - INFO -   tot     in=105,632,905  out=948,367
2026-10-09 11:15:03.931 - records_manager - INFO -   trace  theoretical_prefix_cache_hit=95.7%
2026-10-09 11:15:03.931 - records_manager - INFO -   srv    prefix_cache_hit=85.7% unique_in_srv=30,881,682 kv_usage=96.5% queue=14r/4w tput_in_srv=68,358/s tput_out_srv=614/s
2026-10-09 11:15:40.542 - records_manager - INFO - [realtime 53:13 profiling]
2026-10-09 11:15:40.542 - records_manager - INFO -   rps=0.1 (avg 0.3)  tput_in=33,438/s  tput_out=299/s  done=1,051 ok=1,051 err=0
2026-10-09 11:15:40.542 - records_manager - INFO -   ttft    p50=   590ms  p75= 1,172ms  p95= 14,924ms  p99= 41,845ms
2026-10-09 11:15:40.542 - records_manager - INFO -   itl     p50=    34ms  p75=    43ms  p95=     87ms  p99=    147ms
2026-10-09 11:15:40.542 - records_manager - INFO -   e2e     p50=11,395ms  p75=30,147ms  p95=154,897ms  p99=353,462ms
2026-10-09 11:15:40.542 - records_manager - INFO -   intvty  p50=      30  p75=      44  p95=      109  p99=      156  (1/tpot tok/s)
2026-10-09 11:15:40.542 - records_manager - INFO -   isl     p50=  94,399  p75= 135,620  p90=  174,405  p99=  242,446  (tokens)
2026-10-09 11:15:40.542 - records_manager - INFO -   osl     p50=     303  p75=     698  p90=    2,103  p99=    9,264  (tokens)
2026-10-09 11:15:40.542 - records_manager - INFO -   tot     in=106,334,222  out=950,301
2026-10-09 11:15:40.542 - records_manager - INFO -   trace  theoretical_prefix_cache_hit=95.7%
2026-10-09 11:15:40.543 - records_manager - INFO -   srv    prefix_cache_hit=85.3% unique_in_srv=31,793,400 kv_usage=93.5% queue=15r/3w tput_in_srv=67,973/s tput_out_srv=609/s
2026-10-09 11:16:17.232 - records_manager - INFO - [realtime 53:50 profiling]
2026-10-09 11:16:17.232 - records_manager - INFO -   rps=0.1 (avg 0.3)  tput_in=33,145/s  tput_out=296/s  done=1,055 ok=1,055 err=0
2026-10-09 11:16:17.232 - records_manager - INFO -   ttft    p50=   591ms  p75= 1,192ms  p95= 15,576ms  p99= 42,887ms
2026-10-09 11:16:17.232 - records_manager - INFO -   itl     p50=    34ms  p75=    43ms  p95=     89ms  p99=    148ms
2026-10-09 11:16:17.232 - records_manager - INFO -   e2e     p50=11,452ms  p75=30,431ms  p95=155,372ms  p99=353,455ms
2026-10-09 11:16:17.233 - records_manager - INFO -   intvty  p50=      30  p75=      44  p95=      109  p99=      156  (1/tpot tok/s)
2026-10-09 11:16:17.233 - records_manager - INFO -   isl     p50=  94,481  p75= 135,620  p90=  174,299  p99=  242,403  (tokens)
2026-10-09 11:16:17.233 - records_manager - INFO -   osl     p50=     303  p75=     702  p90=    2,095  p99=    9,249  (tokens)
2026-10-09 11:16:17.233 - records_manager - INFO -   tot     in=106,748,372  out=952,895
2026-10-09 11:16:17.233 - records_manager - INFO -   trace  theoretical_prefix_cache_hit=95.7%
2026-10-09 11:16:17.233 - records_manager - INFO -   srv    prefix_cache_hit=85.0% unique_in_srv=32,634,036 kv_usage=96.0% queue=14r/4w tput_in_srv=67,547/s tput_out_srv=604/s
2026-10-09 11:16:54.068 - records_manager - INFO - [realtime 54:26 profiling]
2026-10-09 11:16:54.068 - records_manager - INFO -   rps=0.2 (avg 0.3)  tput_in=33,014/s  tput_out=294/s  done=1,061 ok=1,061 err=0
2026-10-09 11:16:54.068 - records_manager - INFO -   ttft    p50=   592ms  p75= 1,235ms  p95= 18,018ms  p99= 44,199ms
2026-10-09 11:16:54.068 - records_manager - INFO -   itl     p50=    34ms  p75=    43ms  p95=     92ms  p99=    148ms
2026-10-09 11:16:54.068 - records_manager - INFO -   e2e     p50=11,548ms  p75=31,072ms  p95=158,789ms  p99=353,445ms
2026-10-09 11:16:54.068 - records_manager - INFO -   intvty  p50=      29  p75=      44  p95=      108  p99=      156  (1/tpot tok/s)
2026-10-09 11:16:54.069 - records_manager - INFO -   isl     p50=  94,773  p75= 136,003  p90=  174,521  p99=  243,151  (tokens)
2026-10-09 11:16:54.069 - records_manager - INFO -   osl     p50=     306  p75=     705  p90=    2,084  p99=    9,225  (tokens)
2026-10-09 11:16:54.069 - records_manager - INFO -   tot     in=107,585,520  out=958,653
2026-10-09 11:16:54.069 - records_manager - INFO -   trace  theoretical_prefix_cache_hit=95.7%
2026-10-09 11:16:54.069 - records_manager - INFO -   srv    prefix_cache_hit=84.7% unique_in_srv=33,557,364 kv_usage=78.2% queue=13r/4w tput_in_srv=67,090/s tput_out_srv=601/s
2026-10-09 11:17:30.937 - records_manager - INFO - [realtime 55:03 profiling]
2026-10-09 11:17:30.937 - records_manager - INFO -   rps=0.1 (avg 0.3)  tput_in=32,836/s  tput_out=292/s  done=1,063 ok=1,063 err=0
2026-10-09 11:17:30.937 - records_manager - INFO -   ttft    p50=   593ms  p75= 1,239ms  p95= 18,339ms  p99= 44,186ms
2026-10-09 11:17:30.937 - records_manager - INFO -   itl     p50=    34ms  p75=    43ms  p95=     92ms  p99=    148ms
2026-10-09 11:17:30.937 - records_manager - INFO -   e2e     p50=11,571ms  p75=31,319ms  p95=158,684ms  p99=353,442ms
2026-10-09 11:17:30.937 - records_manager - INFO -   intvty  p50=      29  p75=      44  p95=      108  p99=      156  (1/tpot tok/s)
2026-10-09 11:17:30.937 - records_manager - INFO -   isl     p50=  94,773  p75= 136,174  p90=  174,691  p99=  243,143  (tokens)
2026-10-09 11:17:30.937 - records_manager - INFO -   osl     p50=     307  p75=     704  p90=    2,082  p99=    9,217  (tokens)
2026-10-09 11:17:30.937 - records_manager - INFO -   tot     in=107,847,479  out=959,621
2026-10-09 11:17:30.937 - records_manager - INFO -   trace  theoretical_prefix_cache_hit=95.7%
2026-10-09 11:17:30.937 - records_manager - INFO -   srv    prefix_cache_hit=84.2% unique_in_srv=34,830,942 kv_usage=95.7% queue=16r/2w tput_in_srv=66,648/s tput_out_srv=595/s
2026-10-09 11:18:07.874 - records_manager - INFO - [realtime 55:40 profiling]
2026-10-09 11:18:07.874 - records_manager - INFO -   rps=0.1 (avg 0.3)  tput_in=32,579/s  tput_out=290/s  done=1,067 ok=1,067 err=0
2026-10-09 11:18:07.874 - records_manager - INFO -   ttft    p50=   595ms  p75= 1,261ms  p95= 20,244ms  p99= 44,573ms
2026-10-09 11:18:07.874 - records_manager - INFO -   itl     p50=    34ms  p75=    43ms  p95=     97ms  p99=    151ms
2026-10-09 11:18:07.874 - records_manager - INFO -   e2e     p50=11,760ms  p75=31,727ms  p95=162,544ms  p99=355,867ms
2026-10-09 11:18:07.875 - records_manager - INFO -   intvty  p50=      29  p75=      44  p95=      108  p99=      156  (1/tpot tok/s)
2026-10-09 11:18:07.875 - records_manager - INFO -   isl     p50=  94,773  p75= 136,482  p90=  175,222  p99=  244,078  (tokens)
2026-10-09 11:18:07.875 - records_manager - INFO -   osl     p50=     307  p75=     705  p90=    2,092  p99=    9,202  (tokens)
2026-10-09 11:18:07.875 - records_manager - INFO -   tot     in=108,518,749  out=967,115
2026-10-09 11:18:07.875 - records_manager - INFO -   trace  theoretical_prefix_cache_hit=95.7%
2026-10-09 11:18:07.875 - records_manager - INFO -   srv    prefix_cache_hit=84.0% unique_in_srv=35,392,332 kv_usage=88.9% queue=17r/0w tput_in_srv=66,294/s tput_out_srv=591/s
2026-10-09 11:18:44.964 - records_manager - INFO - [realtime 56:17 profiling]
2026-10-09 11:18:44.964 - records_manager - INFO -   rps=0.5 (avg 0.3)  tput_in=32,750/s  tput_out=292/s  done=1,084 ok=1,084 err=0
2026-10-09 11:18:44.964 - records_manager - INFO -   ttft    p50=   602ms  p75= 1,303ms  p95= 24,546ms  p99= 46,094ms
2026-10-09 11:18:44.965 - records_manager - INFO -   itl     p50=    34ms  p75=    44ms  p95=    100ms  p99=    154ms
2026-10-09 11:18:44.965 - records_manager - INFO -   e2e     p50=11,959ms  p75=32,423ms  p95=162,960ms  p99=366,683ms
2026-10-09 11:18:44.965 - records_manager - INFO -   intvty  p50=      29  p75=      44  p95=      107  p99=      156  (1/tpot tok/s)
2026-10-09 11:18:44.965 - records_manager - INFO -   isl     p50=  94,856  p75= 135,963  p90=  175,249  p99=  243,825  (tokens)
2026-10-09 11:18:44.965 - records_manager - INFO -   osl     p50=     310  p75=     714  p90=    2,081  p99=    9,135  (tokens)
2026-10-09 11:18:44.965 - records_manager - INFO -   tot     in=110,225,944  out=981,565
2026-10-09 11:18:44.965 - records_manager - INFO -   trace  theoretical_prefix_cache_hit=95.7%
2026-10-09 11:18:44.965 - records_manager - INFO -   srv    prefix_cache_hit=84.2% unique_in_srv=35,447,624 kv_usage=73.5% queue=13r/0w tput_in_srv=66,369/s tput_out_srv=593/s
2026-10-09 11:19:22.423 - records_manager - INFO - [realtime 56:55 profiling]
2026-10-09 11:19:22.423 - records_manager - INFO -   rps=0.4 (avg 0.3)  tput_in=32,851/s  tput_out=292/s  done=1,099 ok=1,099 err=0
2026-10-09 11:19:22.424 - records_manager - INFO -   ttft    p50=   594ms  p75= 1,285ms  p95= 24,752ms  p99= 46,989ms
2026-10-09 11:19:22.424 - records_manager - INFO -   itl     p50=    34ms  p75=    43ms  p95=    100ms  p99=    154ms
2026-10-09 11:19:22.424 - records_manager - INFO -   e2e     p50=11,991ms  p75=32,179ms  p95=164,083ms  p99=398,104ms
2026-10-09 11:19:22.424 - records_manager - INFO -   intvty  p50=      29  p75=      43  p95=      107  p99=      155  (1/tpot tok/s)
2026-10-09 11:19:22.424 - records_manager - INFO -   isl     p50=  94,790  p75= 135,254  p90=  175,284  p99=  243,603  (tokens)
2026-10-09 11:19:22.424 - records_manager - INFO -   osl     p50=     311  p75=     720  p90=    2,076  p99=    9,076  (tokens)
2026-10-09 11:19:22.424 - records_manager - INFO -   tot     in=111,681,283  out=993,415
2026-10-09 11:19:22.424 - records_manager - INFO -   trace  theoretical_prefix_cache_hit=95.8%
2026-10-09 11:19:22.424 - records_manager - INFO -   srv    prefix_cache_hit=84.3% unique_in_srv=35,646,010 kv_usage=87.2% queue=14r/0w tput_in_srv=66,680/s tput_out_srv=595/s
2026-10-09 11:19:59.503 - records_manager - INFO - [realtime 57:32 profiling]
2026-10-09 11:19:59.503 - records_manager - INFO -   rps=0.3 (avg 0.3)  tput_in=32,838/s  tput_out=291/s  done=1,110 ok=1,110 err=0
2026-10-09 11:19:59.503 - records_manager - INFO -   ttft    p50=   593ms  p75= 1,285ms  p95= 24,423ms  p99= 46,888ms
2026-10-09 11:19:59.503 - records_manager - INFO -   itl     p50=    34ms  p75=    43ms  p95=     99ms  p99=    154ms
2026-10-09 11:19:59.503 - records_manager - INFO -   e2e     p50=12,087ms  p75=32,453ms  p95=162,129ms  p99=394,150ms
2026-10-09 11:19:59.503 - records_manager - INFO -   intvty  p50=      29  p75=      43  p95=      105  p99=      155  (1/tpot tok/s)
2026-10-09 11:19:59.503 - records_manager - INFO -   isl     p50=  95,106  p75= 135,176  p90=  175,335  p99=  243,556  (tokens)
2026-10-09 11:19:59.503 - records_manager - INFO -   osl     p50=     314  p75=     727  p90=    2,075  p99=    9,008  (tokens)
2026-10-09 11:19:59.503 - records_manager - INFO -   tot     in=112,983,723  out=1,001,804
2026-10-09 11:19:59.503 - records_manager - INFO -   trace  theoretical_prefix_cache_hit=95.7%
2026-10-09 11:19:59.503 - records_manager - INFO -   srv    prefix_cache_hit=84.3% unique_in_srv=36,091,618 kv_usage=86.5% queue=15r/1w tput_in_srv=66,674/s tput_out_srv=596/s
2026-10-09 11:20:36.675 - records_manager - INFO - [realtime 58:09 profiling]
2026-10-09 11:20:36.675 - records_manager - INFO -   rps=0.2 (avg 0.3)  tput_in=32,731/s  tput_out=290/s  done=1,118 ok=1,118 err=0
2026-10-09 11:20:36.675 - records_manager - INFO -   ttft    p50=   593ms  p75= 1,292ms  p95= 24,258ms  p99= 46,802ms
2026-10-09 11:20:36.675 - records_manager - INFO -   itl     p50=    34ms  p75=    43ms  p95=    102ms  p99=    159ms
2026-10-09 11:20:36.675 - records_manager - INFO -   e2e     p50=12,239ms  p75=32,453ms  p95=161,022ms  p99=391,181ms
2026-10-09 11:20:36.675 - records_manager - INFO -   intvty  p50=      29  p75=      43  p95=      104  p99=      155  (1/tpot tok/s)
2026-10-09 11:20:36.675 - records_manager - INFO -   isl     p50=  94,952  p75= 135,176  p90=  175,492  p99=  243,541  (tokens)
2026-10-09 11:20:36.675 - records_manager - INFO -   osl     p50=     314  p75=     727  p90=    2,077  p99=    8,954  (tokens)
2026-10-09 11:20:36.675 - records_manager - INFO -   tot     in=113,834,897  out=1,007,321
2026-10-09 11:20:36.675 - records_manager - INFO -   trace  theoretical_prefix_cache_hit=95.7%
2026-10-09 11:20:36.675 - records_manager - INFO -   srv    prefix_cache_hit=84.4% unique_in_srv=36,261,806 kv_usage=91.5% queue=15r/0w tput_in_srv=66,567/s tput_out_srv=595/s
2026-10-09 11:21:13.929 - records_manager - INFO - [realtime 58:46 profiling]
2026-10-09 11:21:13.930 - records_manager - INFO -   rps=0.3 (avg 0.3)  tput_in=32,773/s  tput_out=289/s  done=1,130 ok=1,130 err=0
2026-10-09 11:21:13.930 - records_manager - INFO -   ttft    p50=   592ms  p75= 1,285ms  p95= 23,840ms  p99= 46,674ms
2026-10-09 11:21:13.930 - records_manager - INFO -   itl     p50=    34ms  p75=    44ms  p95=    101ms  p99=    158ms
2026-10-09 11:21:13.930 - records_manager - INFO -   e2e     p50=12,292ms  p75=32,536ms  p95=159,789ms  p99=386,727ms
2026-10-09 11:21:13.930 - records_manager - INFO -   intvty  p50=      29  p75=      43  p95=      103  p99=      155  (1/tpot tok/s)
2026-10-09 11:21:13.930 - records_manager - INFO -   isl     p50=  95,364  p75= 134,990  p90=  175,529  p99=  243,519  (tokens)
2026-10-09 11:21:13.930 - records_manager - INFO -   osl     p50=     316  p75=     747  p90=    2,067  p99=    8,874  (tokens)
2026-10-09 11:21:13.930 - records_manager - INFO -   tot     in=115,167,057  out=1,015,757
2026-10-09 11:21:13.930 - records_manager - INFO -   trace  theoretical_prefix_cache_hit=95.8%
2026-10-09 11:21:13.930 - records_manager - INFO -   srv    prefix_cache_hit=84.5% unique_in_srv=36,285,782 kv_usage=93.1% queue=15r/0w tput_in_srv=66,641/s tput_out_srv=597/s
2026-10-09 11:21:51.390 - records_manager - INFO - [realtime 59:24 profiling]
2026-10-09 11:21:51.390 - records_manager - INFO -   rps=0.3 (avg 0.3)  tput_in=32,755/s  tput_out=287/s  done=1,140 ok=1,140 err=0
2026-10-09 11:21:51.390 - records_manager - INFO -   ttft    p50=   591ms  p75= 1,269ms  p95= 23,445ms  p99= 46,566ms
2026-10-09 11:21:51.390 - records_manager - INFO -   itl     p50=    34ms  p75=    43ms  p95=    100ms  p99=    158ms
2026-10-09 11:21:51.390 - records_manager - INFO -   e2e     p50=12,372ms  p75=32,423ms  p95=158,880ms  p99=383,015ms
2026-10-09 11:21:51.390 - records_manager - INFO -   intvty  p50=      29  p75=      43  p95=      103  p99=      155  (1/tpot tok/s)
2026-10-09 11:21:51.390 - records_manager - INFO -   isl     p50=  95,974  p75= 135,093  p90=  175,723  p99=  243,500  (tokens)
2026-10-09 11:21:51.390 - records_manager - INFO -   osl     p50=     320  p75=     748  p90=    2,038  p99=    8,807  (tokens)
2026-10-09 11:21:51.390 - records_manager - INFO -   tot     in=116,481,705  out=1,021,624
2026-10-09 11:21:51.390 - records_manager - INFO -   trace  theoretical_prefix_cache_hit=95.8%
2026-10-09 11:21:51.390 - records_manager - INFO -   srv    prefix_cache_hit=84.6% unique_in_srv=36,301,030 kv_usage=85.4% queue=14r/0w tput_in_srv=66,464/s tput_out_srv=599/s
2026-10-09 11:22:27.196 - PhaseRunner - INFO - Timeout of 3599.9958682s elapsed for event 'profiling phase sending'
2026-10-09 11:22:27.196 - PhaseRunner - NOTICE - Phase profiling (profiling) sending complete | sent=1,166, completed=1,150, in_flight=16 | sessions: sent=21, completed=9 | timeout_triggered=True
2026-10-09 11:22:27.197 - PhaseRunner - INFO - Waiting for event 'profiling phase credits returned' with timeout of 29.998763168000096s
2026-10-09 11:22:28.974 - records_manager - INFO - Sent 1,166 requests. Waiting for all to complete...
2026-10-09 11:22:28.975 - records_manager - INFO - [realtime 1:00:01 profiling]
2026-10-09 11:22:28.975 - records_manager - INFO -   rps=0.3 (avg 0.3)  tput_in=32,731/s  tput_out=288/s  done=1,150 ok=1,150 err=0
2026-10-09 11:22:28.975 - records_manager - INFO -   ttft    p50=   589ms  p75= 1,253ms  p95= 23,840ms  p99= 47,091ms
2026-10-09 11:22:28.975 - records_manager - INFO -   itl     p50=    35ms  p75=    44ms  p95=    101ms  p99=    157ms
2026-10-09 11:22:28.975 - records_manager - INFO -   e2e     p50=12,440ms  p75=32,536ms  p95=159,789ms  p99=381,132ms
2026-10-09 11:22:28.975 - records_manager - INFO -   intvty  p50=      29  p75=      43  p95=      101  p99=      155  (1/tpot tok/s)
2026-10-09 11:22:28.975 - records_manager - INFO -   isl     p50=  96,157  p75= 134,764  p90=  175,617  p99=  243,482  (tokens)
2026-10-09 11:22:28.975 - records_manager - INFO -   osl     p50=     322  p75=     756  p90=    2,067  p99=    8,740  (tokens)
2026-10-09 11:22:28.975 - records_manager - INFO -   tot     in=117,569,221  out=1,034,907
2026-10-09 11:22:28.976 - records_manager - INFO -   trace  theoretical_prefix_cache_hit=95.8%
2026-10-09 11:22:28.976 - records_manager - INFO -   srv    prefix_cache_hit=84.7% unique_in_srv=36,583,676 kv_usage=95.9% queue=16r/0w tput_in_srv=66,635/s tput_out_srv=599/s
2026-10-09 11:22:57.196 - PhaseRunner - INFO - Timeout of 29.998763168000096s elapsed for event 'profiling phase credits returned'
2026-10-09 11:22:57.196 - PhaseRunner - WARNING - Phase profiling timed out, cancelling all credits. Stats: sent=1166, completed=1156, cancelled=0, in_flight=10
2026-10-09 11:22:57.196 - StickyCreditRouter_f26a0fdd - INFO - Sent cancellation requests for 10 in-flight credits across 9 workers
2026-10-09 11:22:57.196 - PhaseRunner - INFO - Waiting for all cancelled credits to be returned for phase profiling. Need 10 more credits.
2026-10-09 11:23:06.609 - records_manager - INFO - [realtime 1:00:39 profiling]
2026-10-09 11:23:06.609 - records_manager - INFO -   rps=0.2 (avg 0.3)  tput_in=32,710/s  tput_out=287/s  done=1,156 ok=1,156 err=0
2026-10-09 11:23:06.609 - records_manager - INFO -   ttft    p50=   589ms  p75= 1,244ms  p95= 23,603ms  p99= 47,079ms
2026-10-09 11:23:06.609 - records_manager - INFO -   itl     p50=    35ms  p75=    44ms  p95=    100ms  p99=    157ms
2026-10-09 11:23:06.609 - records_manager - INFO -   e2e     p50=12,471ms  p75=32,738ms  p95=159,243ms  p99=379,129ms
2026-10-09 11:23:06.609 - records_manager - INFO -   intvty  p50=      29  p75=      43  p95=      100  p99=      155  (1/tpot tok/s)
2026-10-09 11:23:06.609 - records_manager - INFO -   isl     p50=  96,450  p75= 134,867  p90=  175,664  p99=  243,471  (tokens)
2026-10-09 11:23:06.609 - records_manager - INFO -   osl     p50=     324  p75=     759  p90=    2,050  p99=    8,700  (tokens)
2026-10-09 11:23:06.609 - records_manager - INFO -   tot     in=118,328,509  out=1,039,373
2026-10-09 11:23:06.609 - records_manager - INFO -   trace  theoretical_prefix_cache_hit=95.9%
2026-10-09 11:23:06.609 - records_manager - INFO -   srv    prefix_cache_hit=84.7% unique_in_srv=36,583,676 kv_usage=0.0% queue=0r/0w tput_in_srv=65,956/s tput_out_srv=601/s
2026-10-09 11:23:07.197 - PhaseRunner - ERROR - Timeout waiting 10.0s for cancelled credits to return. Some credits may be stuck. Forcing phase completion.
2026-10-09 11:23:07.198 - PhaseRunner - WARNING - Released stuck slots for phase profiling: session=14, prefill=0
2026-10-09 11:23:07.198 - PhaseRunner - NOTICE - Phase profiling (profiling) complete | completed=1,156, cancelled=10, errors=0 | sessions: completed=9, cancelled=0 | elapsed=3640.00s | grace_period_timeout=True
2026-10-09 11:23:07.199 - AgenticReplayTiming - INFO - Global system-idle cap summary: limit=10s, jumps=0, skipped=0.000s
2026-10-09 11:23:07.199 - aiperf.timing.branch_orchestrator - INFO - BranchOrchestrator stats: spawned=50 completed=36 errored=0 suspended=11 resumed=10 parents_failed_due_to_child_error=0 joins_suppressed=1 delayed=16
2026-10-09 11:23:07.199 - aiperf.timing.branch_orchestrator - WARNING - BranchOrchestrator leaked state at cleanup: 0 active_joins, 0 future_joins, 11 tracked children, 2 parents with descendants
2026-10-09 11:23:07.199 - PhaseRunner - INFO - Session-tree slots for phase profiling: peak_open=16 (target concurrency 16); released 14 still-open at teardown; late_events=0
2026-10-09 11:23:07.199 - PhaseOrchestrator_7a373303 - NOTICE - All credits completed
2026-10-09 11:23:07.200 - records_manager - INFO - Received CREDIT_PHASE_COMPLETE message, Phase complete: PhaseRecordsStats(phase=CreditPhase.PROFILING, phase_index=0, profiling_index=0, phase_name='profiling', phase_kind='profiling', start_ns=1791541347195739380, sent_end_ns=1791544947196393893, requests_end_ns=1791544987198303683, baseline_start_ns=1791541347195701100, baseline_end_ns=1791544987198322363, total_expected_requests=None, expected_duration_sec=None, expected_num_sessions=None, expected_grace_period_sec=None, final_requests_sent=None, final_requests_completed=1156, final_requests_cancelled=10, final_request_errors=0, final_sent_sessions=None, final_completed_sessions=None, final_cancelled_sessions=None, timeout_triggered=True, grace_period_timeout_triggered=True, was_cancelled=False, records_end_ns=None, success_records=1156, error_records=0)
2026-10-09 11:23:07.200 - records_manager - NOTICE - All requests have completed, please wait for the results to be processed (currently 1,156 of 1,156 records processed)...
2026-10-09 11:23:07.200 - records_manager - INFO - Processed 1156 valid requests and 0 errors (1156 total).
2026-10-09 11:23:07.200 - records_manager - INFO - Received all records, processing now...
2026-10-09 11:23:07.200 - system_controller - INFO - Received credits complete from 'timing_manager'
2026-10-09 11:23:07.201 - records_manager - INFO - All credits complete, please wait for the results to be processed...
2026-10-09 11:23:07.202 - server_metrics_manager - INFO - Server Metrics: Profiling complete, capturing final metrics...
2026-10-09 11:23:07.203 - records_manager - INFO - Waiting 2.0s for server metrics flush period...
2026-10-09 11:23:09.199 - records_manager - INFO - Processing records results...
2026-10-09 11:23:16.969 - records_manager - INFO - Profiling metric coverage passed for 'profiling': TTFT=99.8%, inter-token latency=100.0% (required=95.0%).
2026-10-09 11:23:17.939 - system_controller - INFO - Waiting for result domains: server_metrics
2026-10-09 11:23:58.506 - ServerMetricsParquetExporter - INFO - Parquet export complete: /data/results/baseline-60m/c16/aiperf_artifacts/server_metrics_export.parquet, 2,627,358 rows.
2026-10-09 11:23:58.520 - ServerMetricsAccumulator_d4cadf50 - INFO - Exported server metrics to Parquet: /data/results/baseline-60m/c16/aiperf_artifacts/server_metrics_export.parquet
2026-10-09 11:24:00.962 - records_manager - INFO - _finalize_and_process_results completed
2026-10-09 11:24:05.192 - system_controller - INFO - All results received, initiating shutdown
2026-10-09 11:24:06.067 - MultiProcessServiceManager_cbeebc3d - WARNING - Service records_manager process (pid: 47) still alive after bus shutdown grace; killing (SIGKILL / TerminateProcess — children ignore SIGTERM)
2026-10-09 11:24:06.222 - ExporterManager - INFO - Exporting all records
2026-10-09 11:24:14.779 - ExporterManager - INFO - Exporting console data
