ts,kv_cache_usage_perc,num_requests_running,num_requests_waiting,num_preemptions_total,cum_prefix_cache_queries,cum_prefix_cache_hits,interval_queries,interval_hits,interval_hit_rate
1789743560.2,0.0,0.0,0.0,304.0,4090646319,1044498336,0,0,
1789743562.3,0.0,0.0,0.0,304.0,4090646319,1044498336,0,0,
1789743564.3,0.0,0.0,0.0,304.0,4090646319,1044498336,0,0,
1789743566.4,0.0,0.0,0.0,304.0,4090646319,1044498336,0,0,
1789743568.4,0.0,0.0,0.0,304.0,4090646319,1044498336,0,0,
1789743570.5,0.0,0.0,0.0,304.0,4090646319,1044498336,0,0,
1789743572.5,0.0,0.0,0.0,304.0,4090646319,1044498336,0,0,
1789743574.6,0.0,0.0,0.0,304.0,4090646319,1044498336,0,0,
1789743576.6,0.0,0.0,0.0,304.0,4090646319,1044498336,0,0,
1789743578.7,0.0,0.0,0.0,304.0,4090646319,1044498336,0,0,
1789743580.7,0.0,0.0,0.0,304.0,4090646319,1044498336,0,0,
1789743582.8,0.0,0.0,0.0,304.0,4090646319,1044498336,0,0,
1789743584.8,0.0,0.0,0.0,304.0,4090646319,1044498336,0,0,
1789743586.9,0.0,0.0,0.0,304.0,4090646319,1044498336,0,0,
1789743588.9,0.0,0.0,0.0,304.0,4090646319,1044498336,0,0,
1789743591.0,0.0,0.0,0.0,304.0,4090646319,1044498336,0,0,
1789743593.0,0.0,0.0,0.0,304.0,4090646319,1044498336,0,0,
1789743595.1,0.0,0.0,0.0,304.0,4090646319,1044498336,0,0,
1789743597.1,0.0,0.0,0.0,304.0,4090646319,1044498336,0,0,
1789743599.2,0.0,0.0,0.0,304.0,4090646319,1044498336,0,0,
1789743601.2,0.0,0.0,0.0,304.0,4090646319,1044498336,0,0,
1789743603.3,0.0,0.0,0.0,304.0,4090646319,1044498336,0,0,
1789743605.3,0.0,0.0,0.0,304.0,4090646319,1044498336,0,0,
1789743607.4,0.0,0.0,0.0,304.0,4090646319,1044498336,0,0,
1789743609.4,0.0,0.0,0.0,304.0,4090646319,1044498336,0,0,
1789743611.5,0.0,0.0,0.0,304.0,4090646319,1044498336,0,0,
1789743613.5,0.0,0.0,0.0,304.0,4090646319,1044498336,0,0,
1789743615.5,0.0,0.0,0.0,304.0,4090646319,1044498336,0,0,
1789743617.6,0.0,0.0,0.0,304.0,4090646319,1044498336,0,0,
1789743619.6,0.0,0.0,0.0,304.0,4090646319,1044498336,0,0,
1789743621.7,0.0,0.0,0.0,304.0,4090646319,1044498336,0,0,
1789743623.7,0.0,0.0,0.0,304.0,4090646319,1044498336,0,0,
1789743625.8,0.0,0.0,0.0,304.0,4090646319,1044498336,0,0,
1789743627.9,0.0169,7.0,17.0,304.0,4090864238,1044498336,217919,0,0.0
1789743629.9,0.0553,20.0,65.0,304.0,4091227408,1044498336,363170,0,0.0
1789743632.0,0.0925,35.0,111.0,304.0,4091569146,1044498336,341738,0,0.0
1789743634.1,0.1278,52.0,145.0,304.0,4091875425,1044498336,306279,0,0.0
1789743636.2,0.1622,66.0,178.0,304.0,4092275604,1044498336,400179,0,0.0
1789743638.2,0.1914,76.0,197.0,304.0,4092501630,1044498336,226026,0,0.0
1789743640.3,0.2191,95.0,204.0,304.0,4092720332,1044498336,218702,0,0.0
1789743642.4,0.2474,110.0,203.0,304.0,4093035618,1044498720,315286,384,0.0012
1789743644.5,0.2748,109.0,215.0,304.0,4093270195,1044499200,234577,480,0.002
1789743646.6,0.3045,89.0,237.0,304.0,4093549921,1044499200,279726,0,0.0
1789743648.6,0.3339,98.0,237.0,304.0,4093867101,1044499200,317180,0,0.0
1789743650.7,0.3616,103.0,232.0,304.0,4094114894,1044499200,247793,0,0.0
1789743652.8,0.3843,101.0,235.0,304.0,4094318865,1044499200,203971,0,0.0
1789743654.8,0.4055,96.0,238.0,304.0,4094518164,1044499200,199299,0,0.0
1789743656.9,0.4261,93.0,246.0,304.0,4094693218,1044499200,175054,0,0.0
1789743659.0,0.4542,96.0,245.0,304.0,4095008433,1044499200,315215,0,0.0
1789743661.1,0.4804,98.0,241.0,304.0,4095195860,1044499216,187427,16,0.0001
1789743663.1,0.5085,117.0,223.0,304.0,4095480143,1044499216,284283,0,0.0
1789743665.2,0.5423,139.0,202.0,304.0,4095789212,1044499216,309069,0,0.0
1789743667.3,0.5698,136.0,201.0,304.0,4095975793,1044499600,186581,384,0.0021
1789743669.4,0.5987,125.0,212.0,304.0,4096239636,1044499616,263843,16,0.0001
1789743671.4,0.6141,128.0,210.0,304.0,4096586552,1044499616,346916,0,0.0
1789743673.5,0.6404,132.0,207.0,304.0,4096893680,1044499616,307128,0,0.0
1789743675.6,0.6683,130.0,209.0,304.0,4097146706,1044499632,253026,16,0.0001
1789743677.7,0.6985,137.0,203.0,304.0,4097373998,1044499632,227292,0,0.0
1789743679.7,0.7256,142.0,199.0,304.0,4097702940,1044499632,328942,0,0.0
1789743681.8,0.7521,148.0,193.0,304.0,4097867676,1044499632,164736,0,0.0
1789743683.9,0.7708,156.0,184.0,304.0,4098331152,1044499632,463476,0,0.0
1789743686.0,0.7954,158.0,182.0,304.0,4098523871,1044499632,192719,0,0.0
1789743688.0,0.8147,159.0,181.0,304.0,4098642008,1044499632,118137,0,0.0
1789743690.1,0.8429,164.0,176.0,304.0,4098906091,1044499632,264083,0,0.0
1789743692.2,0.8648,168.0,172.0,304.0,4099110815,1044499648,204724,16,0.0001
1789743694.3,0.883,173.0,167.0,304.0,4099360151,1044499680,249336,32,0.0001
1789743696.4,0.8876,170.0,166.0,304.0,4099637715,1044499712,277564,32,0.0001
1789743698.4,0.8994,170.0,167.0,304.0,4099865800,1044499744,228085,32,0.0001
1789743700.5,0.9092,173.0,164.0,304.0,4100120722,1044500144,254922,400,0.0016
1789743702.6,0.9075,173.0,164.0,304.0,4100352169,1044500144,231447,0,0.0
1789743704.7,0.9058,174.0,163.0,304.0,4100688326,1044500176,336157,32,0.0001
1789743706.7,0.9106,174.0,164.0,304.0,4100919989,1044500192,231663,16,0.0001
1789743708.8,0.9307,174.0,166.0,304.0,4101069251,1044500208,149262,16,0.0001
1789743710.9,0.9303,174.0,165.0,304.0,4101277362,1044500240,208111,32,0.0002
1789743713.0,0.9397,175.0,164.0,304.0,4101401934,1044500240,124572,0,0.0
1789743715.0,0.9363,178.0,159.0,304.0,4101662309,1044500256,260375,16,0.0001
1789743717.1,0.9485,182.0,155.0,304.0,4101936742,1044500288,274433,32,0.0001
1789743719.2,0.9471,178.0,159.0,304.0,4102154346,1044500288,217604,0,0.0
1789743721.3,0.954,183.0,156.0,304.0,4102439110,1044500288,284764,0,0.0
1789743723.4,0.9596,182.0,159.0,304.0,4102684758,1044500304,245648,16,0.0001
1789743725.4,0.9612,182.0,160.0,304.0,4102906255,1044500336,221497,32,0.0001
1789743727.5,0.9508,181.0,155.0,304.0,4103178990,1044500352,272735,16,0.0001
1789743729.6,0.9548,179.0,158.0,304.0,4103332661,1044500368,153671,16,0.0001
1789743731.7,0.9659,182.0,154.0,304.0,4103636601,1044500384,303940,16,0.0001
1789743733.7,0.9733,186.0,152.0,304.0,4103861467,1044500384,224866,0,0.0
1789743735.8,0.9703,185.0,152.0,304.0,4104117980,1044500384,256513,0,0.0
1789743737.9,0.9814,185.0,152.0,304.0,4104290148,1044500400,172168,16,0.0001
1789743739.9,0.9837,184.0,156.0,304.0,4104394469,1044500400,104321,0,0.0
1789743742.0,0.9806,183.0,155.0,304.0,4104637118,1044500400,242649,0,0.0
1789743744.1,0.9641,182.0,156.0,304.0,4104784770,1044500400,147652,0,0.0
1789743746.2,0.9635,183.0,154.0,304.0,4105111552,1044500400,326782,0,0.0
1789743748.2,0.9739,183.0,155.0,304.0,4105237749,1044500416,126197,16,0.0001
1789743750.3,0.9681,183.0,157.0,304.0,4105514129,1044500432,276380,16,0.0001
1789743752.4,0.9762,183.0,157.0,304.0,4105733052,1044500448,218923,16,0.0001
1789743754.5,0.9808,183.0,155.0,304.0,4105863021,1044500464,129969,16,0.0001
1789743756.5,0.9637,181.0,157.0,304.0,4106085916,1044500480,222895,16,0.0001
1789743758.6,0.9583,178.0,159.0,304.0,4106383704,1044500496,297788,16,0.0001
1789743760.7,0.9842,181.0,160.0,304.0,4106559344,1044500496,175640,0,0.0
1789743762.8,0.952,176.0,159.0,305.0,4106823668,1044500528,264324,32,0.0001
1789743764.8,0.9702,179.0,158.0,305.0,4106968535,1044500528,144867,0,0.0
1789743766.9,0.9575,175.0,163.0,305.0,4107197545,1044500544,229010,16,0.0001
1789743769.0,0.9596,175.0,166.0,305.0,4107415316,1044500544,217771,0,0.0
1789743771.1,0.9752,178.0,163.0,305.0,4107658702,1044500560,243386,16,0.0001
1789743773.1,0.969,178.0,163.0,305.0,4107925710,1044500576,267008,16,0.0001
1789743775.2,0.986,181.0,163.0,305.0,4108148349,1044500576,222639,0,0.0
1789743777.3,0.9666,180.0,160.0,305.0,4108381690,1044500576,233341,0,0.0
1789743779.4,0.9733,182.0,155.0,305.0,4108694464,1044500576,312774,0,0.0
1789743781.4,0.9696,179.0,160.0,305.0,4108861984,1044500592,167520,16,0.0001
1789743783.5,0.9819,181.0,161.0,305.0,4109083513,1044500592,221529,0,0.0
1789743785.6,0.9769,179.0,158.0,305.0,4109285946,1044500592,202433,0,0.0
1789743787.7,0.9789,180.0,158.0,305.0,4109568104,1044500608,282158,16,0.0001
1789743789.7,0.9673,177.0,161.0,305.0,4109757545,1044500608,189441,0,0.0
1789743791.8,0.9714,180.0,162.0,305.0,4110068873,1044500640,311328,32,0.0001
1789743793.9,0.9712,180.0,160.0,305.0,4110276790,1044500640,207917,0,0.0
1789743795.9,0.964,179.0,161.0,305.0,4110535058,1044500640,258268,0,0.0
1789743798.0,0.9595,179.0,162.0,305.0,4110949004,1044500656,413946,16,0.0
1789743800.1,0.9671,179.0,162.0,305.0,4111081789,1044500656,132785,0,0.0
1789743802.2,0.978,179.0,163.0,305.0,4111204270,1044500672,122481,16,0.0001
1789743804.2,0.9546,178.0,161.0,305.0,4111422030,1044500672,217760,0,0.0
1789743806.3,0.9474,179.0,159.0,305.0,4111641640,1044500672,219610,0,0.0
1789743808.4,0.967,184.0,159.0,305.0,4111889662,1044500672,248022,0,0.0
1789743810.5,0.9687,185.0,155.0,305.0,4112165221,1044500672,275559,0,0.0
1789743812.6,0.9683,186.0,154.0,305.0,4112544490,1044500672,379269,0,0.0
1789743814.7,0.9625,184.0,154.0,305.0,4112691403,1044500688,146913,16,0.0001
1789743816.7,0.9646,184.0,154.0,306.0,4112890159,1044500688,198756,0,0.0
1789743818.8,0.9561,181.0,153.0,306.0,4113028629,1044500704,138470,16,0.0001
1789743820.9,0.9578,183.0,155.0,306.0,4113266808,1044500720,238179,16,0.0001
1789743822.9,0.967,183.0,160.0,306.0,4113385763,1044500720,118955,0,0.0
1789743825.0,0.9469,179.0,160.0,306.0,4113682008,1044500752,296245,32,0.0001
1789743827.1,0.9678,184.0,157.0,306.0,4113892251,1044500784,210243,32,0.0002
1789743829.2,0.9835,185.0,157.0,306.0,4114013519,1044500784,121268,0,0.0
1789743831.2,0.9758,182.0,157.0,306.0,4114266599,1044500784,253080,0,0.0
1789743833.3,0.9874,183.0,158.0,306.0,4114468711,1044500784,202112,0,0.0
1789743835.4,0.9833,182.0,160.0,306.0,4114653582,1044500800,184871,16,0.0001
1789743837.4,0.9723,181.0,159.0,306.0,4114899035,1044500832,245453,32,0.0001
1789743839.5,0.9635,183.0,157.0,306.0,4115154181,1044500832,255146,0,0.0
1789743841.6,0.9549,178.0,162.0,306.0,4115257520,1044500864,103339,32,0.0003
1789743843.7,0.954,178.0,163.0,306.0,4115669246,1044500864,411726,0,0.0
1789743845.7,0.9584,178.0,164.0,306.0,4115744802,1044500864,75556,0,0.0
1789743847.8,0.9344,175.0,161.0,306.0,4115975638,1044500864,230836,0,0.0
1789743849.9,0.9371,176.0,163.0,306.0,4116166207,1044500880,190569,16,0.0001
1789743852.0,0.9232,176.0,159.0,306.0,4116381085,1044500912,214878,32,0.0001
1789743854.0,0.9426,179.0,160.0,306.0,4116570366,1044500928,189281,16,0.0001
1789743856.1,0.9554,181.0,161.0,306.0,4116764964,1044500944,194598,16,0.0001
1789743858.2,0.9614,182.0,159.0,306.0,4116902295,1044500944,137331,0,0.0
1789743860.2,0.9476,181.0,156.0,306.0,4117162827,1044500944,260532,0,0.0
1789743862.3,0.9578,185.0,154.0,306.0,4117408239,1044500960,245412,16,0.0001
1789743864.4,0.9477,181.0,156.0,306.0,4117653980,1044500960,245741,0,0.0
1789743866.5,0.9444,183.0,157.0,306.0,4117859832,1044500976,205852,16,0.0001
1789743868.5,0.9445,184.0,155.0,306.0,4118114635,1044500976,254803,0,0.0
1789743870.6,0.9478,186.0,155.0,306.0,4118506214,1044500976,391579,0,0.0
1789743872.7,0.9509,185.0,157.0,306.0,4118676613,1044500976,170399,0,0.0
1789743874.7,0.9518,186.0,153.0,306.0,4118898549,1044500976,221936,0,0.0
1789743876.8,0.9523,187.0,154.0,306.0,4119047778,1044500976,149229,0,0.0
1789743878.9,0.9572,186.0,156.0,306.0,4119207227,1044500976,159449,0,0.0
1789743881.0,0.9612,188.0,153.0,306.0,4119510967,1044500992,303740,16,0.0001
1789743883.1,0.9801,190.0,153.0,306.0,4119615688,1044500992,104721,0,0.0
1789743885.2,0.9729,189.0,149.0,306.0,4119886732,1044501008,271044,16,0.0001
1789743887.2,0.9748,193.0,148.0,306.0,4120108908,1044501008,222176,0,0.0
1789743889.3,0.9618,186.0,154.0,306.0,4120273102,1044501008,164194,0,0.0
1789743891.4,0.9798,192.0,149.0,306.0,4120558583,1044501008,285481,0,0.0
1789743893.5,0.9673,189.0,149.0,306.0,4120790792,1044501040,232209,32,0.0001
1789743895.5,0.9553,188.0,151.0,306.0,4121043512,1044501040,252720,0,0.0
1789743897.6,0.9576,189.0,150.0,306.0,4121317439,1044501040,273927,0,0.0
1789743899.7,0.9718,191.0,147.0,306.0,4121499673,1044501056,182234,16,0.0001
1789743901.7,0.967,190.0,149.0,306.0,4121734403,1044501072,234730,16,0.0001
1789743903.8,0.9671,191.0,149.0,306.0,4121946985,1044501104,212582,32,0.0002
1789743905.9,0.9576,190.0,151.0,306.0,4122243634,1044501136,296649,32,0.0001
1789743908.0,0.9371,187.0,154.0,306.0,4122413986,1044501136,170352,0,0.0
1789743910.0,0.9526,188.0,153.0,306.0,4122555766,1044501152,141780,16,0.0001
1789743912.1,0.9343,183.0,154.0,306.0,4122777537,1044501168,221771,16,0.0001
1789743914.2,0.9298,180.0,155.0,306.0,4122874471,1044501168,96934,0,0.0
1789743916.3,0.9366,183.0,158.0,306.0,4123267926,1044501184,393455,16,0.0
1789743918.3,0.9591,183.0,161.0,306.0,4123309772,1044501184,41846,0,0.0
1789743920.4,0.9587,184.0,157.0,306.0,4123599139,1044501184,289367,0,0.0
1789743922.5,0.9658,183.0,159.0,306.0,4123724546,1044501184,125407,0,0.0
1789743924.6,0.9507,180.0,160.0,306.0,4124102980,1044501200,378434,16,0.0
1789743926.6,0.953,176.0,164.0,306.0,4124228623,1044501216,125643,16,0.0001
1789743928.7,0.952,174.0,167.0,306.0,4124306289,1044501216,77666,0,0.0
1789743930.8,0.9397,173.0,166.0,306.0,4124540442,1044501232,234153,16,0.0001
1789743932.8,0.9566,176.0,167.0,306.0,4124720058,1044501248,179616,16,0.0001
1789743934.9,0.9608,176.0,167.0,306.0,4124907142,1044501264,187084,16,0.0001
1789743937.0,0.9782,180.0,163.0,306.0,4125185756,1044501280,278614,16,0.0001
1789743939.1,0.9724,177.0,164.0,306.0,4125319031,1044501280,133275,0,0.0
1789743941.1,0.9668,176.0,162.0,306.0,4125575453,1044501280,256422,0,0.0
1789743943.2,0.9557,173.0,167.0,306.0,4125745269,1044501280,169816,0,0.0
1789743945.3,0.9729,175.0,167.0,306.0,4125945930,1044501280,200661,0,0.0
1789743947.3,0.9581,176.0,164.0,306.0,4126183463,1044501280,237533,0,0.0
1789743949.4,0.9514,176.0,164.0,306.0,4126453162,1044501296,269699,16,0.0001
1789743951.5,0.9621,176.0,166.0,306.0,4126652575,1044501296,199413,0,0.0
1789743953.6,0.9668,179.0,164.0,306.0,4126881034,1044501296,228459,0,0.0
1789743955.6,0.9732,183.0,157.0,306.0,4127113456,1044501312,232422,16,0.0001
1789743957.7,0.9765,184.0,160.0,306.0,4127360779,1044501328,247323,16,0.0001
1789743959.8,0.9605,181.0,158.0,306.0,4127637134,1044501344,276355,16,0.0001
1789743961.9,0.9616,179.0,161.0,306.0,4127814852,1044501344,177718,0,0.0
1789743963.9,0.9632,178.0,163.0,306.0,4128030266,1044501344,215414,0,0.0
1789743966.0,0.9637,178.0,163.0,306.0,4128197783,1044501344,167517,0,0.0
1789743968.1,0.9683,180.0,165.0,306.0,4128485011,1044501360,287228,16,0.0001
1789743970.2,0.9726,178.0,165.0,306.0,4128593454,1044501360,108443,0,0.0
1789743972.2,0.9855,179.0,166.0,306.0,4128803455,1044501360,210001,0,0.0
1789743974.3,0.9795,181.0,164.0,306.0,4129017168,1044501360,213713,0,0.0
1789743976.4,0.9675,178.0,165.0,306.0,4129264070,1044501360,246902,0,0.0
1789743978.5,0.9889,180.0,165.0,306.0,4129414656,1044501360,150586,0,0.0
1789743980.5,0.9745,177.0,166.0,306.0,4129631967,1044501360,217311,0,0.0
1789743982.6,0.9544,174.0,165.0,306.0,4129842812,1044501360,210845,0,0.0
1789743984.7,0.9548,174.0,168.0,306.0,4129990578,1044501360,147766,0,0.0
1789743986.7,0.9441,174.0,170.0,306.0,4130265222,1044501376,274644,16,0.0001
1789743988.8,0.957,178.0,168.0,306.0,4130491172,1044501408,225950,32,0.0001
1789743990.9,0.9529,178.0,166.0,306.0,4130813693,1044501424,322521,16,0.0
1789743993.0,0.9603,177.0,168.0,306.0,4130882516,1044501424,68823,0,0.0
1789743995.1,0.9562,176.0,166.0,306.0,4131189874,1044501424,307358,0,0.0
1789743997.1,0.9544,175.0,166.0,306.0,4131330914,1044501424,141040,0,0.0
1789743999.2,0.9732,178.0,164.0,306.0,4131647386,1044501440,316472,16,0.0001
1789744001.3,0.9766,178.0,162.0,306.0,4131815602,1044501456,168216,16,0.0001
1789744003.3,0.9925,182.0,163.0,306.0,4131987121,1044501456,171519,0,0.0
1789744005.4,0.985,179.0,162.0,307.0,4132170064,1044501472,182943,16,0.0001
1789744007.5,0.9627,176.0,162.0,307.0,4132422601,1044501488,252537,16,0.0001
1789744009.6,0.9573,175.0,167.0,307.0,4132625752,1044501488,203151,0,0.0
1789744011.6,0.9585,176.0,165.0,308.0,4132850559,1044501504,224807,16,0.0001
1789744013.7,0.9566,175.0,164.0,308.0,4133113321,1044501504,262762,0,0.0
1789744015.8,0.955,177.0,163.0,308.0,4133340319,1044501520,226998,16,0.0001
1789744017.8,0.9482,175.0,161.0,308.0,4133539013,1044501520,198694,0,0.0
1789744019.9,0.936,174.0,163.0,308.0,4133995395,1044501520,456382,0,0.0
1789744022.0,0.9553,175.0,168.0,308.0,4134101309,1044501520,105914,0,0.0
1789744024.1,0.9666,174.0,170.0,308.0,4134101309,1044501520,0,0,
1789744026.1,0.954,173.0,169.0,308.0,4134257066,1044501520,155757,0,0.0
1789744028.2,0.9569,172.0,169.0,308.0,4134376507,1044501520,119441,0,0.0
1789744030.3,0.9633,175.0,167.0,308.0,4134658457,1044501536,281950,16,0.0001
1789744032.4,0.9725,175.0,168.0,308.0,4134848564,1044501552,190107,16,0.0001
1789744034.4,0.9692,171.0,171.0,308.0,4134917510,1044501568,68946,16,0.0002
1789744036.5,0.9465,173.0,167.0,308.0,4135318571,1044501584,401061,16,0.0
1789744038.6,0.9512,172.0,168.0,308.0,4135426086,1044501584,107515,0,0.0
1789744040.6,0.9521,175.0,162.0,308.0,4135649553,1044501584,223467,0,0.0
1789744042.7,0.9515,174.0,165.0,308.0,4136056499,1044501584,406946,0,0.0
1789744044.8,0.9668,174.0,168.0,308.0,4136161448,1044501584,104949,0,0.0
1789744046.9,0.9561,170.0,169.0,308.0,4136246349,1044501584,84901,0,0.0
1789744048.9,0.9625,170.0,172.0,308.0,4136400380,1044501584,154031,0,0.0
1789744051.0,0.9701,173.0,169.0,308.0,4136592017,1044501584,191637,0,0.0
1789744053.1,0.9692,172.0,169.0,308.0,4136807227,1044501600,215210,16,0.0001
1789744055.1,0.9621,170.0,169.0,308.0,4136984372,1044501600,177145,0,0.0
1789744057.2,0.9733,173.0,169.0,308.0,4137293815,1044501600,309443,0,0.0
1789744059.3,0.9755,173.0,169.0,308.0,4137477451,1044501616,183636,16,0.0001
1789744061.4,0.9705,171.0,172.0,308.0,4137733348,1044501632,255897,16,0.0001
1789744063.5,0.9899,173.0,171.0,308.0,4137866414,1044501632,133066,0,0.0
1789744065.5,0.9638,169.0,171.0,308.0,4137954309,1044501648,87895,16,0.0002
1789744067.6,0.9685,170.0,170.0,308.0,4138297537,1044501648,343228,0,0.0
1789744069.7,0.9449,166.0,169.0,308.0,4138498309,1044501648,200772,0,0.0
1789744071.8,0.9454,166.0,168.0,308.0,4138661742,1044501648,163433,0,0.0
1789744073.9,0.9617,170.0,171.0,308.0,4138935180,1044501648,273438,0,0.0
1789744075.9,0.9497,168.0,170.0,308.0,4139120144,1044501648,184964,0,0.0
1789744078.0,0.9503,168.0,171.0,308.0,4139417517,1044501648,297373,0,0.0
1789744080.1,0.9674,172.0,168.0,308.0,4139610177,1044501648,192660,0,0.0
1789744082.2,0.9785,175.0,165.0,308.0,4139827470,1044501648,217293,0,0.0
1789744084.2,0.9695,173.0,167.0,308.0,4140007847,1044501664,180377,16,0.0001
1789744086.3,0.9719,173.0,168.0,308.0,4140226973,1044501680,219126,16,0.0001
1789744088.4,0.9728,172.0,168.0,308.0,4140415090,1044501696,188117,16,0.0001
1789744090.5,0.9705,173.0,167.0,308.0,4140677807,1044501712,262717,16,0.0001
1789744092.5,0.9501,171.0,168.0,308.0,4141047235,1044501744,369428,32,0.0001
1789744094.6,0.9469,169.0,171.0,308.0,4141146821,1044501744,99586,0,0.0
1789744096.7,0.9506,170.0,171.0,308.0,4141294032,1044501744,147211,0,0.0
1789744098.7,0.948,170.0,171.0,308.0,4141532160,1044501744,238128,0,0.0
1789744100.8,0.9638,171.0,172.0,308.0,4141626183,1044501744,94023,0,0.0
1789744102.9,0.9654,174.0,168.0,308.0,4141899589,1044501776,273406,32,0.0001
1789744105.0,0.9485,171.0,167.0,308.0,4142112702,1044501776,213113,0,0.0
1789744107.0,0.9713,171.0,169.0,308.0,4142196892,1044501776,84190,0,0.0
1789744109.1,0.9768,174.0,164.0,308.0,4142424523,1044501776,227631,0,0.0
1789744111.2,0.9877,174.0,168.0,308.0,4142597888,1044501776,173365,0,0.0
1789744113.3,0.9719,172.0,167.0,308.0,4142804953,1044501792,207065,16,0.0001
1789744115.3,0.9804,173.0,168.0,308.0,4142914347,1044501792,109394,0,0.0
1789744117.4,0.978,175.0,163.0,308.0,4143255415,1044501808,341068,16,0.0
1789744119.5,0.9854,174.0,165.0,308.0,4143329452,1044501808,74037,0,0.0
1789744121.6,0.9672,170.0,166.0,308.0,4143541881,1044501824,212429,16,0.0001
1789744123.6,0.9628,168.0,171.0,308.0,4143769789,1044501824,227908,0,0.0
1789744125.7,0.9653,167.0,170.0,308.0,4143951293,1044501840,181504,16,0.0001
1789744127.8,0.9811,169.0,172.0,308.0,4144194493,1044501840,243200,0,0.0
1789744129.8,0.981,168.0,171.0,308.0,4144366193,1044501840,171700,0,0.0
1789744131.9,0.9752,168.0,172.0,308.0,4144588024,1044501840,221831,0,0.0
1789744134.0,0.9849,168.0,174.0,308.0,4144634769,1044501840,46745,0,0.0
1789744136.1,0.9681,164.0,175.0,309.0,4144756453,1044501840,121684,0,0.0
1789744138.1,0.9516,160.0,177.0,309.0,4145166099,1044501872,409646,32,0.0001
1789744140.2,0.9526,159.0,176.0,309.0,4145315411,1044501872,149312,0,0.0
1789744142.3,0.9514,159.0,179.0,309.0,4145432074,1044501872,116663,0,0.0
1789744144.3,0.9387,160.0,180.0,309.0,4145608893,1044501872,176819,0,0.0
1789744146.4,0.9492,161.0,180.0,309.0,4145840651,1044501872,231758,0,0.0
1789744148.5,0.9567,162.0,178.0,309.0,4145944243,1044501872,103592,0,0.0
1789744150.6,0.9558,161.0,180.0,309.0,4146083947,1044501872,139704,0,0.0
1789744152.6,0.9586,163.0,176.0,309.0,4146283023,1044501872,199076,0,0.0
1789744154.7,0.9764,164.0,177.0,309.0,4146310410,1044501872,27387,0,0.0
1789744156.8,0.9729,162.0,176.0,309.0,4146605971,1044501888,295561,16,0.0001
1789744158.9,0.9728,160.0,177.0,309.0,4146714514,1044501904,108543,16,0.0001
1789744160.9,0.9817,161.0,177.0,309.0,4146839298,1044501904,124784,0,0.0
1789744163.0,0.9837,162.0,174.0,309.0,4147080327,1044501904,241029,0,0.0
1789744165.1,0.9732,159.0,175.0,309.0,4147326713,1044501904,246386,0,0.0
1789744167.1,0.9725,158.0,177.0,309.0,4147543214,1044501904,216501,0,0.0
1789744169.2,0.9803,157.0,180.0,309.0,4147600778,1044501904,57564,0,0.0
1789744171.3,0.9803,159.0,178.0,309.0,4147843633,1044501904,242855,0,0.0
1789744173.4,0.9572,155.0,181.0,309.0,4148080455,1044501904,236822,0,0.0
1789744175.4,0.9596,156.0,181.0,309.0,4148218838,1044501904,138383,0,0.0
1789744177.5,0.9611,157.0,181.0,309.0,4148408153,1044501904,189315,0,0.0
1789744179.6,0.9342,154.0,180.0,309.0,4148627751,1044501904,219598,0,0.0
1789744181.7,0.9336,155.0,183.0,309.0,4148811121,1044501904,183370,0,0.0
1789744183.7,0.9524,159.0,180.0,309.0,4149140978,1044501904,329857,0,0.0
1789744185.8,0.9603,161.0,179.0,309.0,4149343173,1044501920,202195,16,0.0001
1789744187.9,0.954,160.0,178.0,309.0,4149432670,1044501920,89497,0,0.0
1789744189.9,0.9697,162.0,178.0,309.0,4149628208,1044501920,195538,0,0.0
1789744192.0,0.9688,162.0,179.0,309.0,4149792502,1044501920,164294,0,0.0
1789744194.1,0.9716,163.0,176.0,309.0,4150010550,1044501936,218048,16,0.0001
1789744196.2,0.985,165.0,175.0,309.0,4150218770,1044501936,208220,0,0.0
1789744198.2,0.985,164.0,176.0,309.0,4150378307,1044501936,159537,0,0.0
1789744200.3,0.9752,163.0,176.0,309.0,4150552677,1044501936,174370,0,0.0
1789744202.4,0.975,162.0,177.0,309.0,4150767726,1044501936,215049,0,0.0
1789744204.5,0.965,161.0,178.0,309.0,4151024046,1044501968,256320,32,0.0001
1789744206.6,0.9821,161.0,179.0,309.0,4151157276,1044501968,133230,0,0.0
1789744208.7,0.9822,162.0,177.0,309.0,4151326159,1044501968,168883,0,0.0
1789744210.8,0.9749,161.0,176.0,309.0,4151582236,1044501968,256077,0,0.0
1789744212.8,0.9706,159.0,176.0,309.0,4151799866,1044501968,217630,0,0.0
1789744214.9,0.9618,157.0,178.0,309.0,4151965346,1044501968,165480,0,0.0
1789744217.0,0.9653,159.0,177.0,309.0,4152217570,1044501968,252224,0,0.0
1789744219.1,0.9688,160.0,176.0,309.0,4152490920,1044501968,273350,0,0.0
1789744221.2,0.9721,161.0,175.0,309.0,4152694115,1044502000,203195,32,0.0002
1789744223.3,0.9741,160.0,174.0,309.0,4152897969,1044502000,203854,0,0.0
1789744225.3,0.9657,159.0,178.0,309.0,4153105113,1044502016,207144,16,0.0001
1789744227.4,0.9768,160.0,182.0,309.0,4153296265,1044502016,191152,0,0.0
1789744229.5,0.9823,161.0,180.0,309.0,4153389157,1044502016,92892,0,0.0
1789744231.5,0.9486,160.0,180.0,309.0,4153797440,1044502016,408283,0,0.0
1789744233.6,0.9523,159.0,181.0,309.0,4153932956,1044502016,135516,0,0.0
1789744235.7,0.9438,157.0,182.0,309.0,4154190366,1044502016,257410,0,0.0
1789744237.8,0.9583,160.0,181.0,309.0,4154367098,1044502016,176732,0,0.0
1789744239.8,0.9644,159.0,183.0,309.0,4154455287,1044502016,88189,0,0.0
1789744241.9,0.95,158.0,181.0,309.0,4154597779,1044502016,142492,0,0.0
1789744244.0,0.9594,159.0,180.0,309.0,4154781563,1044502032,183784,16,0.0001
1789744246.1,0.9765,163.0,179.0,309.0,4155050332,1044502048,268769,16,0.0001
1789744248.2,0.9754,163.0,178.0,309.0,4155173248,1044502048,122916,0,0.0
1789744250.2,0.9666,162.0,177.0,309.0,4155405746,1044502048,232498,0,0.0
1789744252.3,0.9715,163.0,176.0,309.0,4155683754,1044502064,278008,16,0.0001
1789744254.4,0.9576,163.0,175.0,309.0,4155900056,1044502064,216302,0,0.0
1789744256.5,0.9672,165.0,174.0,309.0,4156044745,1044502080,144689,16,0.0001
1789744258.5,0.9631,165.0,174.0,309.0,4156306498,1044502080,261753,0,0.0
1789744260.6,0.9666,167.0,173.0,309.0,4156541037,1044502096,234539,16,0.0001
1789744262.7,0.979,168.0,172.0,309.0,4156708988,1044502096,167951,0,0.0
1789744264.8,0.9684,166.0,173.0,309.0,4156884835,1044502096,175847,0,0.0
1789744266.8,0.9707,169.0,170.0,309.0,4157171517,1044502112,286682,16,0.0001
1789744268.9,0.977,167.0,172.0,309.0,4157332541,1044502112,161024,0,0.0
1789744271.0,0.9728,165.0,175.0,309.0,4157393217,1044502112,60676,0,0.0
1789744273.0,0.9547,162.0,174.0,309.0,4157850180,1044502112,456963,0,0.0
1789744275.2,0.971,162.0,179.0,309.0,4157873819,1044502112,23639,0,0.0
1789744277.3,0.9586,159.0,179.0,309.0,4158035140,1044502128,161321,16,0.0001
1789744279.3,0.9702,158.0,183.0,309.0,4158035140,1044502128,0,0,
1789744281.4,0.9619,157.0,182.0,309.0,4158317217,1044502128,282077,0,0.0
1789744283.5,0.9535,156.0,183.0,309.0,4158608172,1044502144,290955,16,0.0001
1789744285.6,0.961,156.0,183.0,309.0,4158696841,1044502144,88669,0,0.0
1789744287.6,0.9696,156.0,184.0,309.0,4158914260,1044502144,217419,0,0.0
1789744289.7,0.9664,155.0,181.0,309.0,4159132429,1044502144,218169,0,0.0
1789744291.8,0.9757,154.0,185.0,309.0,4159177405,1044502144,44976,0,0.0
1789744293.9,0.9867,156.0,186.0,309.0,4159370576,1044502144,193171,0,0.0
1789744295.9,0.9674,153.0,186.0,309.0,4159528515,1044502144,157939,0,0.0
1789744298.0,0.967,153.0,188.0,309.0,4159756101,1044502144,227586,0,0.0
1789744300.1,0.9675,154.0,187.0,309.0,4159898670,1044502160,142569,16,0.0001
1789744302.2,0.9749,158.0,180.0,309.0,4160229150,1044502160,330480,0,0.0
1789744304.2,0.9775,157.0,181.0,309.0,4160468051,1044502160,238901,0,0.0
1789744306.3,0.967,153.0,184.0,310.0,4160576418,1044502176,108367,16,0.0001
1789744308.4,0.9766,153.0,188.0,310.0,4160680940,1044502176,104522,0,0.0
1789744310.5,0.9707,152.0,188.0,310.0,4160803930,1044502176,122990,0,0.0
1789744312.5,0.9807,153.0,186.0,310.0,4160957661,1044502192,153731,16,0.0001
1789744314.6,0.9666,152.0,189.0,310.0,4161133959,1044502192,176298,0,0.0
1789744316.7,0.9675,153.0,187.0,310.0,4161359651,1044502208,225692,16,0.0001
1789744318.8,0.9537,152.0,187.0,310.0,4161567895,1044502240,208244,32,0.0002
1789744320.8,0.9654,156.0,182.0,310.0,4161854559,1044502256,286664,16,0.0001
1789744322.9,0.9708,157.0,180.0,310.0,4162074927,1044502256,220368,0,0.0
1789744325.0,0.9598,156.0,183.0,310.0,4162341431,1044502272,266504,16,0.0001
1789744327.0,0.9654,154.0,186.0,310.0,4162419908,1044502272,78477,0,0.0
1789744329.1,0.9667,154.0,183.0,310.0,4162642124,1044502272,222216,0,0.0
1789744331.2,0.9662,153.0,187.0,310.0,4162732730,1044502272,90606,0,0.0
1789744333.3,0.9602,154.0,186.0,310.0,4163019421,1044502272,286691,0,0.0
1789744335.4,0.9661,155.0,185.0,310.0,4163203333,1044502272,183912,0,0.0
1789744337.4,0.9637,154.0,185.0,310.0,4163319660,1044502272,116327,0,0.0
1789744339.5,0.9548,151.0,190.0,310.0,4163492785,1044502272,173125,0,0.0
1789744341.6,0.9632,153.0,188.0,310.0,4163807063,1044502272,314278,0,0.0
1789744343.6,0.9462,154.0,188.0,310.0,4164029961,1044502272,222898,0,0.0
1789744345.7,0.9539,154.0,188.0,310.0,4164142668,1044502272,112707,0,0.0
1789744347.8,0.9687,156.0,186.0,310.0,4164335539,1044502288,192871,16,0.0001
1789744349.9,0.9656,155.0,185.0,310.0,4164511498,1044502288,175959,0,0.0
1789744352.0,0.9476,151.0,189.0,310.0,4164680046,1044502304,168548,16,0.0001
1789744354.1,0.9466,150.0,190.0,310.0,4164807046,1044502304,127000,0,0.0
1789744356.1,0.9512,149.0,192.0,310.0,4164886950,1044502304,79904,0,0.0
1789744358.2,0.9611,149.0,193.0,310.0,4165092563,1044502320,205613,16,0.0001
1789744360.3,0.977,151.0,191.0,310.0,4165238606,1044502320,146043,0,0.0
1789744362.4,0.9826,152.0,190.0,310.0,4165362638,1044502320,124032,0,0.0
1789744364.5,0.9772,150.0,189.0,310.0,4165573507,1044502320,210869,0,0.0
1789744366.5,0.9733,149.0,188.0,310.0,4165675688,1044502336,102181,16,0.0002
1789744368.6,0.9711,150.0,188.0,310.0,4165887343,1044502336,211655,0,0.0
1789744370.7,0.9674,150.0,188.0,311.0,4166147154,1044502336,259811,0,0.0
1789744372.8,0.9603,150.0,188.0,311.0,4166357414,1044502336,210260,0,0.0
1789744374.8,0.9583,149.0,190.0,311.0,4166490149,1044502336,132735,0,0.0
1789744376.9,0.964,150.0,190.0,311.0,4166826815,1044502336,336666,0,0.0
1789744379.0,0.9627,148.0,192.0,311.0,4166891069,1044502352,64254,16,0.0002
1789744381.0,0.9663,149.0,192.0,311.0,4167101719,1044502368,210650,16,0.0001
1789744383.1,0.9678,150.0,194.0,311.0,4167306879,1044502368,205160,0,0.0
1789744385.2,0.978,151.0,193.0,311.0,4167399164,1044502368,92285,0,0.0
1789744387.3,0.9704,151.0,191.0,311.0,4167636119,1044502384,236955,16,0.0001
1789744389.3,0.9579,148.0,191.0,311.0,4167756263,1044502384,120144,0,0.0
1789744391.4,0.9773,152.0,188.0,311.0,4168063741,1044502400,307478,16,0.0001
1789744393.5,0.9816,153.0,189.0,311.0,4168176427,1044502400,112686,0,0.0
1789744395.6,0.9787,151.0,188.0,311.0,4168338376,1044502400,161949,0,0.0
1789744397.6,0.9905,153.0,192.0,311.0,4168488362,1044502400,149986,0,0.0
1789744399.7,0.9707,152.0,190.0,311.0,4168748176,1044502400,259814,0,0.0
1789744401.8,0.9709,152.0,191.0,311.0,4169003700,1044502400,255524,0,0.0
1789744403.9,0.969,151.0,190.0,311.0,4169163388,1044502400,159688,0,0.0
1789744406.0,0.9648,152.0,189.0,311.0,4169501145,1044502416,337757,16,0.0
1789744408.0,0.9752,152.0,188.0,311.0,4169591637,1044502432,90492,16,0.0002
1789744410.1,0.9782,152.0,190.0,311.0,4169750172,1044502432,158535,0,0.0
1789744412.2,0.9701,153.0,188.0,312.0,4169995506,1044502432,245334,0,0.0
1789744414.2,0.978,153.0,190.0,312.0,4170105386,1044502432,109880,0,0.0
1789744416.3,0.9482,151.0,191.0,312.0,4170439819,1044502432,334433,0,0.0
1789744418.4,0.9606,152.0,190.0,312.0,4170582572,1044502432,142753,0,0.0
1789744420.5,0.9673,152.0,192.0,312.0,4170765810,1044502432,183238,0,0.0
1789744422.6,0.9774,154.0,191.0,312.0,4170915836,1044502432,150026,0,0.0
1789744424.6,0.9497,150.0,190.0,312.0,4171137940,1044502432,222104,0,0.0
1789744426.7,0.9639,151.0,192.0,312.0,4171263483,1044502432,125543,0,0.0
1789744428.8,0.9662,149.0,193.0,312.0,4171405340,1044502448,141857,16,0.0001
1789744430.8,0.9723,150.0,191.0,312.0,4171578354,1044502464,173014,16,0.0001
1789744432.9,0.9745,150.0,191.0,312.0,4171758274,1044502464,179920,0,0.0
1789744435.0,0.9787,152.0,189.0,312.0,4171985785,1044502464,227511,0,0.0
1789744437.0,0.9783,151.0,189.0,312.0,4172145013,1044502464,159228,0,0.0
1789744439.1,0.9717,151.0,189.0,312.0,4172365189,1044502464,220176,0,0.0
1789744441.2,0.9511,152.0,190.0,312.0,4172667859,1044502464,302670,0,0.0
1789744443.3,0.9478,151.0,190.0,312.0,4172998184,1044502464,330325,0,0.0
1789744445.3,0.954,150.0,191.0,312.0,4173131489,1044502496,133305,32,0.0002
1789744447.4,0.9525,147.0,193.0,312.0,4173131489,1044502496,0,0,
1789744449.5,0.9576,147.0,197.0,312.0,4173338656,1044502512,207167,16,0.0001
1789744451.5,0.9531,147.0,196.0,312.0,4173515425,1044502528,176769,16,0.0001
1789744453.6,0.9644,151.0,194.0,312.0,4173872364,1044502528,356939,0,0.0
1789744455.7,0.98,150.0,196.0,312.0,4173931863,1044502528,59499,0,0.0
1789744457.8,0.9676,148.0,194.0,312.0,4174233945,1044502528,302082,0,0.0
1789744459.9,0.9528,147.0,194.0,312.0,4174434110,1044502528,200165,0,0.0
1789744461.9,0.9643,149.0,196.0,312.0,4174619500,1044502528,185390,0,0.0
1789744464.0,0.9745,149.0,195.0,312.0,4174660145,1044502528,40645,0,0.0
1789744466.1,0.978,151.0,194.0,312.0,4174741317,1044502528,81172,0,0.0
1789744468.1,0.9686,150.0,192.0,313.0,4174905342,1044502528,164025,0,0.0
1789744470.2,0.9663,148.0,192.0,313.0,4174977614,1044502528,72272,0,0.0
1789744472.3,0.9679,149.0,194.0,313.0,4175191388,1044502528,213774,0,0.0
1789744474.4,0.9661,148.0,195.0,313.0,4175435342,1044502528,243954,0,0.0
1789744476.4,0.9668,148.0,196.0,313.0,4175612219,1044502544,176877,16,0.0001
1789744478.6,0.9754,150.0,193.0,313.0,4175839878,1044502560,227659,16,0.0001
1789744480.6,0.9561,148.0,196.0,313.0,4175968145,1044502560,128267,0,0.0
1789744482.7,0.943,146.0,194.0,313.0,4176270811,1044502560,302666,0,0.0
1789744484.8,0.9421,143.0,197.0,313.0,4176316921,1044502560,46110,0,0.0
1789744486.9,0.9465,145.0,195.0,313.0,4176542363,1044502560,225442,0,0.0
1789744488.9,0.9583,147.0,196.0,313.0,4176724740,1044502560,182377,0,0.0
1789744491.0,0.9512,148.0,195.0,313.0,4176977806,1044502560,253066,0,0.0
1789744493.1,0.9715,151.0,192.0,313.0,4177185512,1044502560,207706,0,0.0
1789744495.2,0.9885,155.0,191.0,313.0,4177371153,1044522192,185641,19632,0.1058
1789744497.3,0.9829,153.0,192.0,313.0,4177435661,1044522192,64508,0,0.0
1789744499.3,0.9754,151.0,192.0,314.0,4177596598,1044522192,160937,0,0.0
1789744501.4,0.9732,152.0,191.0,314.0,4177853434,1044522224,256836,32,0.0001
1789744503.5,0.9757,151.0,193.0,314.0,4178003486,1044522224,150052,0,0.0
1789744505.6,0.96,149.0,191.0,314.0,4178230691,1044522240,227205,16,0.0001
1789744507.7,0.9674,151.0,191.0,314.0,4178438381,1044522240,207690,0,0.0
1789744509.7,0.9737,152.0,192.0,314.0,4178582655,1044522240,144274,0,0.0
1789744511.8,0.975,151.0,191.0,314.0,4178767460,1044522240,184805,0,0.0
1789744513.9,0.9616,148.0,191.0,314.0,4178934716,1044522240,167256,0,0.0
1789744516.0,0.96,149.0,193.0,314.0,4179247512,1044522256,312796,16,0.0001
1789744518.0,0.9776,150.0,195.0,314.0,4179309686,1044522256,62174,0,0.0
1789744520.1,0.9868,150.0,195.0,314.0,4179486100,1044522256,176414,0,0.0
1789744522.2,0.9383,144.0,200.0,314.0,4179639601,1044522256,153501,0,0.0
1789744524.3,0.9488,147.0,198.0,314.0,4179826790,1044522256,187189,0,0.0
1789744526.3,0.9464,148.0,192.0,315.0,4180080196,1044522256,253406,0,0.0
1789744528.4,0.9677,149.0,197.0,315.0,4180145362,1044522272,65166,16,0.0002
1789744530.5,0.9422,147.0,200.0,315.0,4180388346,1044522272,242984,0,0.0
1789744532.6,0.9396,147.0,197.0,315.0,4180555549,1044522272,167203,0,0.0
1789744534.6,0.9441,149.0,197.0,315.0,4180979433,1044522272,423884,0,0.0
1789744536.7,0.9665,152.0,195.0,315.0,4181087692,1044522272,108259,0,0.0
1789744538.8,0.9714,152.0,194.0,315.0,4181206751,1044522272,119059,0,0.0
1789744540.8,0.9705,152.0,193.0,315.0,4181476458,1044522304,269707,32,0.0001
1789744542.9,0.9616,150.0,194.0,315.0,4181575870,1044522304,99412,0,0.0
1789744545.0,0.9719,153.0,192.0,315.0,4181721195,1044522304,145325,0,0.0
1789744547.1,0.9811,155.0,192.0,315.0,4181902824,1044522304,181629,0,0.0
1789744549.1,0.9806,153.0,192.0,315.0,4181999147,1044522304,96323,0,0.0
1789744551.3,0.9774,156.0,191.0,315.0,4182213939,1044522304,214792,0,0.0
1789744553.3,0.9668,152.0,192.0,317.0,4182386951,1044522320,173012,16,0.0001
1789744555.4,0.9577,153.0,193.0,317.0,4182651976,1044522320,265025,0,0.0
1789744557.5,0.9588,150.0,195.0,317.0,4182695312,1044522320,43336,0,0.0
1789744559.5,0.9429,147.0,197.0,317.0,4182822625,1044522320,127313,0,0.0
1789744561.6,0.9479,147.0,200.0,317.0,4182952267,1044522320,129642,0,0.0
1789744563.7,0.9515,148.0,200.0,317.0,4183141256,1044522336,188989,16,0.0001
1789744565.8,0.9578,148.0,200.0,317.0,4183379040,1044522336,237784,0,0.0
1789744567.8,0.9682,146.0,201.0,317.0,4183493173,1044522352,114133,16,0.0001
1789744569.9,0.972,146.0,202.0,317.0,4183665684,1044522352,172511,0,0.0
1789744572.0,0.9816,148.0,200.0,317.0,4183769241,1044522352,103557,0,0.0
1789744574.0,0.9635,146.0,200.0,317.0,4184036989,1044522368,267748,16,0.0001
1789744576.1,0.9506,146.0,201.0,317.0,4184256008,1044522368,219019,0,0.0
1789744578.2,0.9658,148.0,199.0,317.0,4184462062,1044522384,206054,16,0.0001
1789744580.3,0.9717,148.0,199.0,317.0,4184566404,1044522384,104342,0,0.0
1789744582.4,0.9684,148.0,199.0,317.0,4184691640,1044522384,125236,0,0.0
1789744584.4,0.9619,146.0,201.0,317.0,4184891353,1044522400,199713,16,0.0001
1789744586.5,0.9646,146.0,200.0,317.0,4184982461,1044522400,91108,0,0.0
1789744588.6,0.9526,144.0,200.0,317.0,4185256802,1044522400,274341,0,0.0
1789744590.7,0.9572,144.0,201.0,317.0,4185489928,1044522416,233126,16,0.0001
1789744592.7,0.9525,141.0,201.0,317.0,4185537162,1044522416,47234,0,0.0
1789744594.8,0.9746,145.0,200.0,317.0,4185694214,1044522416,157052,0,0.0
1789744596.9,0.9717,146.0,201.0,317.0,4185824427,1044522432,130213,16,0.0001
1789744598.9,0.964,146.0,200.0,317.0,4186136224,1044522448,311797,16,0.0001
1789744601.0,0.972,145.0,204.0,317.0,4186198031,1044522448,61807,0,0.0
1789744603.1,0.9587,144.0,203.0,317.0,4186430945,1044522448,232914,0,0.0
1789744605.2,0.951,140.0,207.0,317.0,4186614325,1044522448,183380,0,0.0
1789744607.2,0.9613,141.0,206.0,317.0,4186756216,1044522448,141891,0,0.0
1789744609.3,0.965,141.0,207.0,317.0,4186835299,1044522448,79083,0,0.0
1789744611.4,0.9567,140.0,207.0,317.0,4187088079,1044522448,252780,0,0.0
1789744613.4,0.9541,139.0,209.0,317.0,4187230040,1044522464,141961,16,0.0001
1789744615.6,0.9715,140.0,208.0,317.0,4187276168,1044522480,46128,16,0.0003
1789744617.6,0.9782,140.0,208.0,317.0,4187404360,1044522480,128192,0,0.0
1789744619.7,0.9687,139.0,207.0,317.0,4187640988,1044522480,236628,0,0.0
1789744621.8,0.9853,140.0,208.0,317.0,4187732260,1044522480,91272,0,0.0
1789744623.9,0.9807,140.0,205.0,317.0,4187859000,1044522480,126740,0,0.0
1789744626.0,0.9745,141.0,203.0,317.0,4188067253,1044542112,208253,19632,0.0943
1789744628.0,0.96,138.0,207.0,317.0,4188331291,1044542112,264038,0,0.0
1789744630.1,0.9568,137.0,208.0,317.0,4188455466,1044542128,124175,16,0.0001
1789744632.2,0.9679,140.0,206.0,317.0,4188665030,1044542144,209564,16,0.0001
1789744634.2,0.9515,137.0,206.0,317.0,4188861674,1044542144,196644,0,0.0
1789744636.3,0.9549,138.0,209.0,317.0,4189046850,1044542144,185176,0,0.0
1789744638.4,0.9561,137.0,208.0,317.0,4189213722,1044542144,166872,0,0.0
1789744640.5,0.9708,139.0,207.0,317.0,4189344012,1044542144,130290,0,0.0
1789744642.5,0.9731,139.0,206.0,317.0,4189571531,1044542144,227519,0,0.0
1789744644.6,0.9705,137.0,209.0,317.0,4189635820,1044542144,64289,0,0.0
1789744646.7,0.976,138.0,209.0,317.0,4189740615,1044542160,104795,16,0.0002
1789744648.8,0.9552,135.0,206.0,317.0,4189981585,1044542160,240970,0,0.0
1789744650.8,0.9511,134.0,212.0,317.0,4190091004,1044542176,109419,16,0.0001
1789744652.9,0.9484,133.0,210.0,317.0,4190390807,1044542176,299803,0,0.0
1789744655.0,0.9673,135.0,211.0,317.0,4190490039,1044542176,99232,0,0.0
1789744657.1,0.978,136.0,210.0,317.0,4190723264,1044542176,233225,0,0.0
1789744659.2,0.9816,136.0,209.0,317.0,4190794267,1044542176,71003,0,0.0
1789744661.2,0.9773,136.0,209.0,318.0,4191024565,1044542192,230298,16,0.0001
1789744663.3,0.9781,135.0,211.0,318.0,4191157750,1044542192,133185,0,0.0
1789744665.4,0.959,134.0,209.0,318.0,4191310540,1044542192,152790,0,0.0
1789744667.4,0.9589,134.0,210.0,318.0,4191476782,1044542192,166242,0,0.0
1789744669.5,0.9319,133.0,213.0,318.0,4191768408,1044542192,291626,0,0.0
1789744671.6,0.9303,131.0,216.0,318.0,4191828860,1044542192,60452,0,0.0
1789744673.7,0.9387,132.0,215.0,318.0,4192015731,1044542192,186871,0,0.0
1789744675.7,0.9535,134.0,214.0,318.0,4192175080,1044542208,159349,16,0.0001
1789744677.8,0.964,136.0,212.0,318.0,4192315827,1044542208,140747,0,0.0
1789744679.9,0.9605,135.0,209.0,318.0,4192607476,1044542208,291649,0,0.0
1789744682.0,0.9735,135.0,213.0,318.0,4192706624,1044542208,99148,0,0.0
1789744684.1,0.9709,134.0,214.0,318.0,4192899946,1044542208,193322,0,0.0
1789744686.1,0.9774,135.0,212.0,318.0,4193030670,1044542208,130724,0,0.0
1789744688.2,0.9666,134.0,212.0,318.0,4193165951,1044542208,135281,0,0.0
1789744690.3,0.9714,135.0,213.0,318.0,4193363662,1044542208,197711,0,0.0
1789744692.4,0.9764,136.0,213.0,318.0,4193559103,1044542224,195441,16,0.0001
1789744694.4,0.9789,137.0,209.0,318.0,4193742207,1044542240,183104,16,0.0001
1789744696.5,0.9846,137.0,211.0,318.0,4193857003,1044542240,114796,0,0.0
1789744698.6,0.9725,137.0,212.0,318.0,4194053608,1044542240,196605,0,0.0
1789744700.7,0.951,135.0,210.0,318.0,4194332493,1044542240,278885,0,0.0
1789744702.7,0.9546,133.0,213.0,318.0,4194332493,1044542240,0,0,
1789744704.8,0.9623,135.0,209.0,318.0,4194668076,1044542240,335583,0,0.0
1789744706.9,0.9551,134.0,208.0,318.0,4194811954,1044542240,143878,0,0.0
1789744708.9,0.9659,135.0,211.0,318.0,4194890157,1044542240,78203,0,0.0
1789744711.0,0.9605,134.0,212.0,318.0,4194999413,1044542240,109256,0,0.0
1789744713.1,0.9697,136.0,212.0,318.0,4195151472,1044553760,152059,11520,0.0758
1789744715.2,0.9821,137.0,211.0,318.0,4195208413,1044553760,56941,0,0.0
1789744717.2,0.985,138.0,209.0,318.0,4195416654,1044553760,208241,0,0.0
1789744719.3,0.9683,137.0,207.0,318.0,4195610066,1044553760,193412,0,0.0
1789744721.4,0.973,136.0,210.0,318.0,4195743897,1044553776,133831,16,0.0001
1789744723.5,0.9754,135.0,210.0,318.0,4195820174,1044553776,76277,0,0.0
1789744725.5,0.973,134.0,210.0,318.0,4196117672,1044553776,297498,0,0.0
1789744727.6,0.9551,133.0,211.0,318.0,4196279435,1044553776,161763,0,0.0
1789744729.7,0.9771,136.0,209.0,318.0,4196429458,1044553776,150023,0,0.0
1789744731.8,0.9729,135.0,211.0,318.0,4196474696,1044553776,45238,0,0.0
1789744733.8,0.975,136.0,211.0,318.0,4196561864,1044553776,87168,0,0.0
1789744735.9,0.9743,136.0,209.0,318.0,4196765926,1044553792,204062,16,0.0001
1789744738.0,0.9874,138.0,207.0,318.0,4196990000,1044553792,224074,0,0.0
1789744740.1,0.9733,138.0,206.0,319.0,4197227275,1044553792,237275,0,0.0
1789744742.2,0.9812,138.0,206.0,319.0,4197323727,1044553792,96452,0,0.0
1789744744.2,0.9814,139.0,207.0,319.0,4197496130,1044553792,172403,0,0.0
1789744746.3,0.9727,138.0,208.0,319.0,4197710934,1044553808,214804,16,0.0001
1789744748.4,0.9661,135.0,211.0,319.0,4197842689,1044553808,131755,0,0.0
1789744750.5,0.9652,135.0,210.0,319.0,4197966413,1044553808,123724,0,0.0
1789744752.5,0.9569,134.0,210.0,319.0,4198088869,1044553808,122456,0,0.0
1789744754.6,0.9737,138.0,207.0,319.0,4198307892,1044553808,219023,0,0.0
1789744756.7,0.9752,138.0,205.0,319.0,4198494568,1044553824,186676,16,0.0001
1789744758.7,0.973,138.0,208.0,319.0,4198650975,1044553824,156407,0,0.0
1789744760.8,0.9733,135.0,210.0,320.0,4198764029,1044553824,113054,0,0.0
1789744762.9,0.9787,137.0,209.0,320.0,4199007651,1044553824,243622,0,0.0
1789744765.0,0.9836,137.0,208.0,320.0,4199125032,1044553824,117381,0,0.0
1789744767.1,0.9797,134.0,211.0,320.0,4199240953,1044553824,115921,0,0.0
1789744769.1,0.9602,132.0,211.0,320.0,4199479577,1044553824,238624,0,0.0
1789744771.2,0.9722,132.0,210.0,320.0,4199685500,1044553824,205923,0,0.0
1789744773.3,0.9706,131.0,211.0,320.0,4199835189,1044553824,149689,0,0.0
1789744775.3,0.983,132.0,212.0,320.0,4199941929,1044553840,106740,16,0.0001
1789744777.4,0.9629,131.0,214.0,320.0,4200142152,1044553840,200223,0,0.0
1789744779.5,0.9649,131.0,213.0,320.0,4200317634,1044553840,175482,0,0.0
1789744781.6,0.9799,132.0,213.0,320.0,4200511233,1044553856,193599,16,0.0001
1789744783.7,0.9563,131.0,210.0,321.0,4200786686,1044553888,275453,32,0.0001
1789744785.7,0.9605,131.0,214.0,321.0,4201013104,1044553904,226418,16,0.0001
1789744787.8,0.9733,130.0,215.0,321.0,4201013104,1044553904,0,0,
1789744789.9,0.9788,131.0,215.0,321.0,4201177869,1044553904,164765,0,0.0
1789744791.9,0.9751,130.0,215.0,321.0,4201288297,1044553904,110428,0,0.0
1789744794.0,0.9674,131.0,214.0,321.0,4201504150,1044553904,215853,0,0.0
1789744796.1,0.9641,130.0,215.0,321.0,4201637207,1044553904,133057,0,0.0
1789744798.2,0.9609,129.0,214.0,321.0,4201874836,1044553920,237629,16,0.0001
1789744800.2,0.9808,132.0,213.0,321.0,4202020719,1044553936,145883,16,0.0001
1789744802.3,0.9727,131.0,213.0,321.0,4202210381,1044553936,189662,0,0.0
1789744804.4,0.9708,129.0,216.0,321.0,4202338323,1044553936,127942,0,0.0
1789744806.5,0.9691,129.0,214.0,321.0,4202524262,1044553936,185939,0,0.0
1789744808.5,0.964,127.0,216.0,321.0,4202793957,1044553936,269695,0,0.0
1789744810.6,0.9563,127.0,218.0,321.0,4202908297,1044553936,114340,0,0.0
1789744812.7,0.9591,128.0,219.0,321.0,4203052196,1044553952,143899,16,0.0001
1789744814.7,0.9473,128.0,218.0,321.0,4203213128,1044553968,160932,16,0.0001
1789744816.8,0.9533,128.0,217.0,321.0,4203339707,1044553968,126579,0,0.0
1789744818.9,0.956,129.0,214.0,321.0,4203547745,1044553968,208038,0,0.0
1789744821.0,0.9771,131.0,213.0,321.0,4203640640,1044553968,92895,0,0.0
1789744823.0,0.9761,131.0,214.0,321.0,4203723696,1044553968,83056,0,0.0
1789744825.1,0.9689,130.0,215.0,321.0,4203867232,1044553968,143536,0,0.0
1789744827.2,0.979,132.0,213.0,321.0,4204017691,1044553968,150459,0,0.0
1789744829.3,0.9749,131.0,215.0,321.0,4204160865,1044553968,143174,0,0.0
1789744831.3,0.9784,131.0,215.0,321.0,4204278640,1044553968,117775,0,0.0
1789744833.4,0.9712,131.0,215.0,321.0,4204543770,1044553984,265130,16,0.0001
1789744835.5,0.9729,129.0,218.0,321.0,4204622076,1044553984,78306,0,0.0
1789744837.6,0.9683,127.0,217.0,321.0,4204743528,1044553984,121452,0,0.0
1789744839.6,0.9704,128.0,218.0,321.0,4204999459,1044553984,255931,0,0.0
1789744841.7,0.9654,129.0,217.0,321.0,4205132499,1044553984,133040,0,0.0
1789744843.8,0.9574,129.0,217.0,321.0,4205368982,1044553984,236483,0,0.0
1789744845.9,0.9679,130.0,216.0,321.0,4205532136,1044553984,163154,0,0.0
1789744847.9,0.9638,129.0,215.0,321.0,4205646699,1044553984,114563,0,0.0
1789744850.0,0.9668,131.0,212.0,321.0,4205868048,1044553984,221349,0,0.0
1789744852.1,0.957,131.0,213.0,321.0,4206090180,1044553984,222132,0,0.0
1789744854.2,0.9699,133.0,210.0,321.0,4206277030,1044553984,186850,0,0.0
1789744856.3,0.9696,134.0,208.0,321.0,4206443775,1044553984,166745,0,0.0
1789744858.3,0.9755,133.0,210.0,321.0,4206620237,1044553984,176462,0,0.0
1789744860.4,0.9787,133.0,213.0,321.0,4206703829,1044553984,83592,0,0.0
1789744862.5,0.9778,132.0,212.0,321.0,4206823033,1044553984,119204,0,0.0
1789744864.5,0.9839,133.0,213.0,321.0,4207080239,1044553984,257206,0,0.0
1789744866.6,0.9783,133.0,213.0,321.0,4207228821,1044554000,148582,16,0.0001
1789744868.7,0.9729,131.0,214.0,321.0,4207307169,1044554000,78348,0,0.0
1789744870.8,0.9705,130.0,213.0,321.0,4207539721,1044554000,232552,0,0.0
1789744872.9,0.9704,131.0,213.0,321.0,4207772656,1044554000,232935,0,0.0
1789744874.9,0.9848,132.0,210.0,321.0,4207940108,1044554000,167452,0,0.0
1789744877.0,0.9461,128.0,214.0,321.0,4208124525,1044554000,184417,0,0.0
1789744879.1,0.9491,128.0,214.0,321.0,4208358529,1044554032,234004,32,0.0001
1789744881.2,0.9599,131.0,212.0,321.0,4208521694,1044554032,163165,0,0.0
1789744883.2,0.969,130.0,215.0,321.0,4208521694,1044554032,0,0,
1789744885.3,0.9689,131.0,215.0,321.0,4208709510,1044554032,187816,0,0.0
1789744887.4,0.9766,130.0,215.0,321.0,4208845631,1044554032,136121,0,0.0
1789744889.4,0.9597,131.0,213.0,321.0,4209077410,1044554032,231779,0,0.0
1789744891.5,0.9587,130.0,212.0,321.0,4209257974,1044554032,180564,0,0.0
1789744893.6,0.9731,132.0,211.0,321.0,4209438601,1044554032,180627,0,0.0
1789744895.7,0.9752,131.0,212.0,321.0,4209503499,1044554032,64898,0,0.0
1789744897.8,0.9603,131.0,212.0,322.0,4209738729,1044554032,235230,0,0.0
1789744899.9,0.9646,131.0,213.0,322.0,4209823836,1044554032,85107,0,0.0
1789744901.9,0.9728,133.0,211.0,322.0,4210007492,1044554032,183656,0,0.0
1789744904.0,0.9651,135.0,206.0,322.0,4210295475,1044554032,287983,0,0.0
1789744906.1,0.9555,133.0,208.0,322.0,4210403281,1044554032,107806,0,0.0
1789744908.2,0.9329,132.0,208.0,322.0,4210648983,1044554032,245702,0,0.0
1789744910.3,0.9486,132.0,211.0,322.0,4210725577,1044554032,76594,0,0.0
1789744912.3,0.9506,133.0,210.0,322.0,4210919204,1044554032,193627,0,0.0
1789744914.4,0.9484,133.0,210.0,322.0,4211167237,1044554032,248033,0,0.0
1789744916.5,0.9603,132.0,211.0,322.0,4211294408,1044554032,127171,0,0.0
1789744918.6,0.9525,131.0,211.0,322.0,4211487309,1044554032,192901,0,0.0
1789744920.7,0.9531,133.0,210.0,322.0,4211875984,1044554032,388675,0,0.0
1789744922.7,0.956,132.0,209.0,322.0,4211977377,1044554032,101393,0,0.0
1789744924.8,0.9553,132.0,209.0,322.0,4212142598,1044565568,165221,11536,0.0698
1789744926.9,0.9658,133.0,207.0,322.0,4212231439,1044565568,88841,0,0.0
1789744928.9,0.9619,135.0,204.0,322.0,4212394845,1044565568,163406,0,0.0
1789744931.0,0.968,136.0,204.0,322.0,4212569492,1044565568,174647,0,0.0
1789744933.1,0.9785,136.0,204.0,322.0,4212669613,1044565568,100121,0,0.0
1789744935.2,0.9679,137.0,202.0,322.0,4212910337,1044565568,240724,0,0.0
1789744937.3,0.9525,133.0,202.0,322.0,4212997583,1044565568,87246,0,0.0
1789744939.3,0.9554,134.0,205.0,322.0,4213259134,1044565584,261551,16,0.0001
1789744941.4,0.9762,136.0,205.0,322.0,4213375263,1044565584,116129,0,0.0
1789744943.5,0.9755,135.0,204.0,322.0,4213492672,1044565600,117409,16,0.0001
1789744945.5,0.9668,134.0,202.0,322.0,4213653722,1044565616,161050,16,0.0001
1789744947.6,0.9487,135.0,203.0,322.0,4213838293,1044565616,184571,0,0.0
1789744949.7,0.964,136.0,203.0,322.0,4213988777,1044565616,150484,0,0.0
1789744951.8,0.9616,137.0,199.0,322.0,4214300003,1044565616,311226,0,0.0
1789744953.8,0.9612,138.0,197.0,322.0,4214529464,1044565616,229461,0,0.0
1789744955.9,0.9675,138.0,199.0,322.0,4214720689,1044565616,191225,0,0.0
1789744958.0,0.9812,139.0,201.0,322.0,4214882308,1044565632,161619,16,0.0001
1789744960.1,0.9681,138.0,199.0,322.0,4215073104,1044565632,190796,0,0.0
1789744962.2,0.9688,136.0,198.0,322.0,4215146856,1044565632,73752,0,0.0
1789744964.3,0.9597,134.0,202.0,322.0,4215318953,1044565648,172097,16,0.0001
1789744966.3,0.9613,135.0,204.0,322.0,4215497459,1044565648,178506,0,0.0
1789744968.4,0.9618,134.0,206.0,322.0,4215592432,1044565648,94973,0,0.0
1789744970.5,0.9591,132.0,207.0,322.0,4215648551,1044565648,56119,0,0.0
1789744972.6,0.9359,129.0,209.0,322.0,4215838325,1044565648,189774,0,0.0
1789744974.7,0.9402,128.0,210.0,322.0,4215838325,1044565648,0,0,
1789744976.7,0.958,131.0,209.0,322.0,4216153941,1044565648,315616,0,0.0
1789744978.8,0.9702,131.0,209.0,322.0,4216216323,1044565648,62382,0,0.0
1789744980.9,0.9654,131.0,208.0,322.0,4216495605,1044565648,279282,0,0.0
1789744983.0,0.9802,132.0,208.0,322.0,4216595642,1044565648,100037,0,0.0
1789744985.2,0.9795,132.0,210.0,322.0,4216733992,1044565648,138350,0,0.0
1789744987.2,0.9683,132.0,208.0,322.0,4216878396,1044565648,144404,0,0.0
1789744989.3,0.9498,131.0,207.0,322.0,4217014446,1044565664,136050,16,0.0001
1789744991.4,0.9453,131.0,205.0,322.0,4217299029,1044565680,284583,16,0.0001
1789744993.4,0.9572,132.0,206.0,322.0,4217536156,1044565696,237127,16,0.0001
1789744995.5,0.9736,133.0,205.0,322.0,4217666550,1044565712,130394,16,0.0001
1789744997.6,0.9802,133.0,207.0,322.0,4217733468,1044565712,66918,0,0.0
1789744999.7,0.9682,132.0,207.0,322.0,4217910075,1044565712,176607,0,0.0
1789745001.7,0.9719,132.0,207.0,322.0,4218030555,1044565712,120480,0,0.0
1789745003.8,0.9752,133.0,208.0,322.0,4218215756,1044565712,185201,0,0.0
1789745005.9,0.9701,134.0,206.0,322.0,4218440825,1044565712,225069,0,0.0
1789745008.0,0.9759,135.0,205.0,322.0,4218600997,1044565728,160172,16,0.0001
1789745010.0,0.9615,135.0,202.0,322.0,4218843880,1044565728,242883,0,0.0
1789745012.1,0.9669,134.0,205.0,322.0,4218911563,1044565728,67683,0,0.0
1789745014.2,0.9737,136.0,204.0,322.0,4219165156,1044565728,253593,0,0.0
1789745016.3,0.9564,133.0,206.0,322.0,4219302297,1044565744,137141,16,0.0001
1789745018.3,0.9508,133.0,204.0,322.0,4219471384,1044565744,169087,0,0.0
1789745020.4,0.9576,135.0,205.0,322.0,4219735362,1044565744,263978,0,0.0
1789745022.5,0.9443,133.0,206.0,322.0,4219913264,1044565744,177902,0,0.0
1789745024.5,0.9601,134.0,207.0,322.0,4220140333,1044565760,227069,16,0.0001
1789745026.6,0.9759,135.0,207.0,322.0,4220203670,1044565760,63337,0,0.0
1789745028.7,0.9623,134.0,207.0,322.0,4220368027,1044565760,164357,0,0.0
1789745030.7,0.9569,133.0,207.0,322.0,4220645286,1044565776,277259,16,0.0001
1789745032.8,0.9503,132.0,209.0,322.0,4220827477,1044565776,182191,0,0.0
1789745034.9,0.9502,132.0,208.0,322.0,4220982949,1044565776,155472,0,0.0
1789745037.0,0.9487,132.0,206.0,322.0,4221192086,1044565776,209137,0,0.0
1789745039.1,0.9653,133.0,207.0,322.0,4221230545,1044565776,38459,0,0.0
1789745041.1,0.966,133.0,205.0,322.0,4221381157,1044565776,150612,0,0.0
1789745043.2,0.9681,134.0,205.0,322.0,4221517918,1044565776,136761,0,0.0
1789745045.3,0.9652,133.0,206.0,322.0,4221840667,1044565776,322749,0,0.0
1789745047.4,0.9753,134.0,206.0,322.0,4221967142,1044565792,126475,16,0.0001
1789745049.4,0.9685,133.0,205.0,323.0,4222094963,1044565792,127821,0,0.0
1789745051.5,0.982,134.0,208.0,323.0,4222244939,1044565792,149976,0,0.0
1789745053.6,0.9749,134.0,206.0,323.0,4222412798,1044565792,167859,0,0.0
1789745055.6,0.9845,134.0,209.0,323.0,4222493077,1044565792,80279,0,0.0
1789745057.7,0.9668,130.0,210.0,323.0,4222680054,1044565792,186977,0,0.0
1789745059.8,0.9688,130.0,210.0,323.0,4222888208,1044565792,208154,0,0.0
1789745061.9,0.9733,130.0,211.0,323.0,4222980529,1044565792,92321,0,0.0
1789745063.9,0.976,130.0,212.0,323.0,4223112602,1044565792,132073,0,0.0
1789745066.0,0.9738,129.0,212.0,323.0,4223178932,1044565792,66330,0,0.0
1789745068.1,0.9583,128.0,212.0,323.0,4223510715,1044565792,331783,0,0.0
1789745070.2,0.9681,129.0,212.0,323.0,4223609397,1044565792,98682,0,0.0
1789745072.2,0.9856,131.0,211.0,323.0,4223651198,1044565792,41801,0,0.0
1789745074.3,0.9767,129.0,212.0,323.0,4223798641,1044565792,147443,0,0.0
1789745076.4,0.973,127.0,214.0,323.0,4223896425,1044565792,97784,0,0.0
1789745078.5,0.961,126.0,213.0,324.0,4224170456,1044565792,274031,0,0.0
1789745080.6,0.9764,126.0,217.0,324.0,4224248157,1044565792,77701,0,0.0
1789745082.6,0.9679,123.0,218.0,325.0,4224314037,1044565792,65880,0,0.0
1789745084.7,0.9589,122.0,217.0,325.0,4224670381,1044565792,356344,0,0.0
1789745086.8,0.9573,121.0,221.0,325.0,4224758954,1044565792,88573,0,0.0
1789745088.8,0.9563,120.0,222.0,325.0,4224817600,1044565792,58646,0,0.0
1789745090.9,0.963,122.0,220.0,325.0,4225047351,1044565792,229751,0,0.0
1789745093.0,0.9748,122.0,221.0,325.0,4225099186,1044565792,51835,0,0.0
1789745095.1,0.9672,123.0,219.0,325.0,4225296600,1044565792,197414,0,0.0
1789745097.1,0.9831,126.0,216.0,325.0,4225495504,1044565792,198904,0,0.0
1789745099.2,0.9827,127.0,216.0,325.0,4225667780,1044565792,172276,0,0.0
1789745101.3,0.9817,126.0,217.0,325.0,4225794462,1044565792,126682,0,0.0
1789745103.3,0.9722,126.0,215.0,325.0,4226006432,1044565808,211970,16,0.0001
1789745105.4,0.9584,124.0,215.0,326.0,4226174806,1044565808,168374,0,0.0
1789745107.5,0.9642,124.0,215.0,326.0,4226282771,1044565808,107965,0,0.0
1789745109.6,0.9414,120.0,219.0,326.0,4226436172,1044565808,153401,0,0.0
1789745111.7,0.9238,121.0,220.0,326.0,4226661937,1044565808,225765,0,0.0
1789745113.7,0.9374,122.0,219.0,326.0,4226848781,1044565808,186844,0,0.0
1789745115.8,0.9493,124.0,219.0,326.0,4226916323,1044565808,67542,0,0.0
1789745117.9,0.9726,129.0,214.0,326.0,4227208867,1044565824,292544,16,0.0001
1789745120.0,0.965,128.0,213.0,326.0,4227270445,1044565824,61578,0,0.0
1789745122.0,0.9454,126.0,212.0,326.0,4227468902,1044565824,198457,0,0.0
1789745124.1,0.9625,128.0,215.0,326.0,4227784391,1044565824,315489,0,0.0
1789745126.2,0.9446,128.0,212.0,326.0,4228031475,1044565824,247084,0,0.0
1789745128.3,0.9303,124.0,215.0,326.0,4228161732,1044565824,130257,0,0.0
1789745130.3,0.9297,124.0,215.0,326.0,4228265190,1044565824,103458,0,0.0
1789745132.4,0.9257,122.0,219.0,326.0,4228326804,1044565824,61614,0,0.0
1789745134.5,0.9277,123.0,220.0,326.0,4228459349,1044565824,132545,0,0.0
1789745136.6,0.9379,125.0,217.0,326.0,4228692952,1044565824,233603,0,0.0
1789745138.6,0.9379,125.0,217.0,326.0,4228828351,1044565824,135399,0,0.0
1789745140.7,0.9518,125.0,218.0,326.0,4228923615,1044565824,95264,0,0.0
1789745142.8,0.9554,125.0,217.0,326.0,4229020159,1044565824,96544,0,0.0
1789745144.9,0.9662,127.0,215.0,326.0,4229200444,1044565824,180285,0,0.0
1789745146.9,0.9683,128.0,213.0,326.0,4229395949,1044565824,195505,0,0.0
1789745149.0,0.9743,128.0,215.0,326.0,4229572806,1044565824,176857,0,0.0
1789745151.1,0.98,128.0,214.0,326.0,4229725904,1044565824,153098,0,0.0
1789745153.2,0.9789,128.0,211.0,326.0,4229875928,1044565856,150024,32,0.0002
1789745155.2,0.9732,127.0,213.0,326.0,4230061516,1044565856,185588,0,0.0
1789745157.3,0.9685,127.0,213.0,326.0,4230185544,1044565856,124028,0,0.0
1789745159.4,0.9703,127.0,213.0,326.0,4230290886,1044565856,105342,0,0.0
1789745161.5,0.9698,127.0,214.0,326.0,4230423169,1044565856,132283,0,0.0
1789745163.5,0.9727,127.0,216.0,326.0,4230530346,1044565856,107177,0,0.0
1789745165.6,0.9581,127.0,212.0,326.0,4230806084,1044565856,275738,0,0.0
1789745167.7,0.9699,129.0,211.0,326.0,4230980762,1044565856,174678,0,0.0
1789745169.7,0.9816,129.0,212.0,326.0,4231156986,1044565856,176224,0,0.0
1789745171.8,0.9771,128.0,213.0,326.0,4231244043,1044565856,87057,0,0.0
1789745173.9,0.9783,128.0,214.0,326.0,4231385129,1044565856,141086,0,0.0
1789745176.0,0.966,126.0,215.0,326.0,4231602085,1044565872,216956,16,0.0001
1789745178.0,0.9748,127.0,217.0,326.0,4231740967,1044565872,138882,0,0.0
1789745180.1,0.9697,127.0,217.0,326.0,4231897995,1044565872,157028,0,0.0
1789745182.2,0.9767,128.0,216.0,326.0,4231981876,1044565872,83881,0,0.0
1789745184.3,0.9539,129.0,212.0,326.0,4232376419,1044565872,394543,0,0.0
1789745186.3,0.9697,129.0,214.0,326.0,4232442771,1044565872,66352,0,0.0
1789745188.4,0.9687,129.0,215.0,326.0,4232573615,1044565888,130844,16,0.0001
1789745190.5,0.9675,129.0,214.0,326.0,4232726497,1044565904,152882,16,0.0001
1789745192.6,0.9578,129.0,212.0,326.0,4232972896,1044565904,246399,0,0.0
1789745194.6,0.9656,129.0,211.0,326.0,4233091844,1044565904,118948,0,0.0
1789745196.8,0.9518,129.0,212.0,326.0,4233410759,1044565904,318915,0,0.0
1789745198.8,0.9651,129.0,214.0,326.0,4233521673,1044565904,110914,0,0.0
1789745200.9,0.9675,130.0,214.0,326.0,4233801091,1044565904,279418,0,0.0
1789745203.0,0.9699,129.0,214.0,326.0,4233846959,1044565904,45868,0,0.0
1789745205.0,0.9733,128.0,214.0,326.0,4233980513,1044565904,133554,0,0.0
1789745207.1,0.9592,125.0,219.0,326.0,4234055811,1044565904,75298,0,0.0
1789745209.2,0.9561,124.0,217.0,326.0,4234290325,1044565920,234514,16,0.0001
1789745211.3,0.9432,123.0,217.0,326.0,4234476304,1044565920,185979,0,0.0
1789745213.4,0.9529,124.0,217.0,326.0,4234801570,1044565936,325266,16,0.0
1789745215.4,0.9617,124.0,221.0,326.0,4234962055,1044565936,160485,0,0.0
1789745217.5,0.9735,123.0,221.0,326.0,4234962055,1044565936,0,0,
1789745219.6,0.9598,122.0,221.0,326.0,4235180450,1044565968,218395,32,0.0001
1789745221.6,0.9785,124.0,220.0,326.0,4235262511,1044565968,82061,0,0.0
1789745223.7,0.9531,123.0,219.0,327.0,4235552021,1044565968,289510,0,0.0
1789745225.8,0.9682,124.0,219.0,327.0,4235598317,1044565968,46296,0,0.0
1789745227.9,0.9614,124.0,218.0,327.0,4235804386,1044565984,206069,16,0.0001
1789745229.9,0.97,126.0,214.0,327.0,4236064635,1044565984,260249,0,0.0
1789745232.0,0.9704,125.0,215.0,327.0,4236147273,1044565984,82638,0,0.0
1789745234.1,0.9583,125.0,214.0,327.0,4236309539,1044565984,162266,0,0.0
1789745236.1,0.9624,126.0,216.0,327.0,4236423892,1044565984,114353,0,0.0
1789745238.2,0.966,126.0,218.0,327.0,4236464382,1044565984,40490,0,0.0
1789745240.3,0.9673,126.0,217.0,327.0,4236660757,1044565984,196375,0,0.0
1789745242.4,0.9714,127.0,216.0,327.0,4236862304,1044565984,201547,0,0.0
1789745244.4,0.9778,128.0,213.0,327.0,4237049544,1044565984,187240,0,0.0
1789745246.5,0.9638,127.0,212.0,327.0,4237188058,1044565984,138514,0,0.0
1789745248.6,0.9617,125.0,215.0,327.0,4237328857,1044565984,140799,0,0.0
1789745250.6,0.9529,124.0,215.0,327.0,4237507022,1044565984,178165,0,0.0
1789745252.7,0.9532,124.0,216.0,327.0,4237791957,1044565984,284935,0,0.0
1789745254.8,0.966,125.0,216.0,327.0,4237887649,1044565984,95692,0,0.0
1789745256.9,0.9572,123.0,217.0,327.0,4237948364,1044565984,60715,0,0.0
1789745258.9,0.9635,123.0,218.0,327.0,4238139605,1044565984,191241,0,0.0
1789745261.0,0.9634,123.0,219.0,327.0,4238262132,1044565984,122527,0,0.0
1789745263.1,0.9538,123.0,219.0,327.0,4238455333,1044566000,193201,16,0.0001
1789745265.2,0.9477,124.0,217.0,327.0,4238620333,1044566000,165000,0,0.0
1789745267.2,0.9623,126.0,217.0,327.0,4238764584,1044566000,144251,0,0.0
1789745269.3,0.9591,126.0,215.0,327.0,4239021161,1044566000,256577,0,0.0
1789745271.4,0.9575,126.0,216.0,327.0,4239228137,1044566016,206976,16,0.0001
1789745273.4,0.9573,125.0,217.0,327.0,4239303813,1044566016,75676,0,0.0
1789745275.5,0.9707,126.0,218.0,327.0,4239344798,1044566016,40985,0,0.0
1789745277.6,0.9573,129.0,215.0,327.0,4239759686,1044566032,414888,16,0.0
1789745279.7,0.9682,129.0,215.0,327.0,4239814250,1044566032,54564,0,0.0
1789745281.8,0.9745,129.0,215.0,327.0,4239860254,1044566032,46004,0,0.0
1789745283.9,0.9693,129.0,214.0,327.0,4240020171,1044566032,159917,0,0.0
1789745285.9,0.9715,129.0,214.0,327.0,4240137691,1044566048,117520,16,0.0001
1789745288.0,0.9799,131.0,212.0,327.0,4240288562,1044566048,150871,0,0.0
1789745290.1,0.9833,132.0,212.0,327.0,4240499628,1044589840,211066,23792,0.1127
1789745292.2,0.9677,129.0,212.0,327.0,4240714668,1044589840,215040,0,0.0
1789745294.2,0.9379,124.0,215.0,327.0,4240767874,1044589840,53206,0,0.0
1789745296.3,0.9365,123.0,218.0,327.0,4240828284,1044589840,60410,0,0.0
1789745298.4,0.9225,122.0,217.0,327.0,4241170653,1044589856,342369,16,0.0
1789745300.4,0.9235,121.0,219.0,327.0,4241420182,1044589856,249529,0,0.0
1789745302.5,0.9374,122.0,220.0,327.0,4241485733,1044589856,65551,0,0.0
1789745304.6,0.9427,124.0,217.0,327.0,4241622902,1044589856,137169,0,0.0
1789745306.7,0.9551,125.0,217.0,327.0,4241667200,1044589856,44298,0,0.0
1789745308.7,0.954,125.0,216.0,327.0,4241799260,1044589856,132060,0,0.0
1789745310.8,0.9584,124.0,217.0,327.0,4241845120,1044589872,45860,16,0.0003
1789745312.9,0.959,125.0,216.0,327.0,4242067189,1044589872,222069,0,0.0
1789745315.0,0.9713,126.0,215.0,327.0,4242241322,1044589872,174133,0,0.0
1789745317.0,0.9672,124.0,216.0,327.0,4242321706,1044589872,80384,0,0.0
1789745319.1,0.957,123.0,217.0,327.0,4242478918,1044589872,157212,0,0.0
1789745321.2,0.9595,123.0,217.0,327.0,4242596618,1044589872,117700,0,0.0
1789745323.3,0.9573,121.0,216.0,327.0,4242729183,1044589872,132565,0,0.0
1789745325.3,0.9726,123.0,217.0,327.0,4242888296,1044589872,159113,0,0.0
1789745327.4,0.9751,123.0,217.0,327.0,4243010380,1044589872,122084,0,0.0
1789745329.5,0.9629,122.0,216.0,327.0,4243268751,1044589872,258371,0,0.0
1789745331.5,0.9683,121.0,219.0,327.0,4243311650,1044589872,42899,0,0.0
1789745333.6,0.9804,123.0,218.0,327.0,4243438630,1044589872,126980,0,0.0
1789745335.7,0.9685,123.0,219.0,327.0,4243607546,1044589872,168916,0,0.0
1789745337.8,0.9831,125.0,218.0,327.0,4243811901,1044589872,204355,0,0.0
1789745339.8,0.9623,122.0,217.0,327.0,4243998152,1044589872,186251,0,0.0
1789745341.9,0.9639,122.0,216.0,327.0,4244197258,1044589872,199106,0,0.0
1789745344.0,0.9809,122.0,218.0,327.0,4244197258,1044589872,0,0,
1789745346.1,0.9747,122.0,220.0,327.0,4244395856,1044589872,198598,0,0.0
1789745348.1,0.9684,120.0,220.0,327.0,4244634531,1044589872,238675,0,0.0
1789745350.2,0.9783,121.0,222.0,327.0,4244745733,1044589872,111202,0,0.0
1789745352.3,0.9755,120.0,222.0,327.0,4244818951,1044589872,73218,0,0.0
1789745354.3,0.9741,118.0,224.0,327.0,4244873942,1044589872,54991,0,0.0
1789745356.4,0.9557,121.0,220.0,327.0,4245187686,1044589872,313744,0,0.0
1789745358.5,0.9567,121.0,219.0,327.0,4245361301,1044589888,173615,16,0.0001
1789745360.6,0.9532,119.0,218.0,327.0,4245549203,1044589888,187902,0,0.0
1789745362.7,0.9609,119.0,220.0,327.0,4245713792,1044589888,164589,0,0.0
1789745364.8,0.9527,118.0,221.0,327.0,4246009356,1044589888,295564,0,0.0
1789745366.8,0.9682,119.0,223.0,327.0,4246195458,1044589888,186102,0,0.0
1789745368.9,0.9834,119.0,225.0,327.0,4246195458,1044589888,0,0,
1789745371.0,0.9736,118.0,225.0,327.0,4246328754,1044589904,133296,16,0.0001
1789745373.1,0.9522,114.0,228.0,327.0,4246469412,1044589904,140658,0,0.0
1789745375.2,0.9381,113.0,228.0,327.0,4246697099,1044589904,227687,0,0.0
1789745377.3,0.9566,117.0,228.0,327.0,4246873892,1044589904,176793,0,0.0
1789745379.3,0.9676,117.0,226.0,327.0,4247020531,1044589920,146639,16,0.0001
1789745381.4,0.9833,119.0,225.0,327.0,4247099266,1044589920,78735,0,0.0
1789745383.5,0.9646,117.0,222.0,327.0,4247389525,1044589920,290259,0,0.0
1789745385.5,0.9594,116.0,222.0,327.0,4247521688,1044589920,132163,0,0.0
1789745387.6,0.9547,115.0,221.0,327.0,4247664623,1044589920,142935,0,0.0
1789745389.7,0.9596,115.0,225.0,327.0,4247759837,1044589920,95214,0,0.0
1789745391.8,0.9629,115.0,228.0,327.0,4247914771,1044589920,154934,0,0.0
1789745393.9,0.9615,114.0,228.0,327.0,4248045085,1044589936,130314,16,0.0001
1789745395.9,0.9691,115.0,227.0,327.0,4248241918,1044589936,196833,0,0.0
1789745398.0,0.9658,115.0,226.0,327.0,4248350610,1044589936,108692,0,0.0
1789745400.1,0.9824,119.0,225.0,327.0,4248478448,1044589936,127838,0,0.0
1789745402.2,0.9742,120.0,222.0,327.0,4248682503,1044589936,204055,0,0.0
1789745404.3,0.9784,121.0,221.0,327.0,4248841409,1044589936,158906,0,0.0
1789745406.3,0.9771,123.0,219.0,327.0,4249077942,1044589936,236533,0,0.0
1789745408.4,0.9699,120.0,221.0,327.0,4249195019,1044589952,117077,16,0.0001
1789745410.5,0.9639,118.0,221.0,327.0,4249331651,1044589952,136632,0,0.0
1789745412.6,0.9684,118.0,223.0,327.0,4249486916,1044589952,155265,0,0.0
1789745414.6,0.9662,118.0,222.0,327.0,4249679079,1044589952,192163,0,0.0
1789745416.7,0.9812,119.0,221.0,327.0,4249725256,1044589952,46177,0,0.0
1789745418.8,0.9776,118.0,225.0,327.0,4249874452,1044589952,149196,0,0.0
1789745420.9,0.9771,118.0,225.0,327.0,4249962589,1044589952,88137,0,0.0
1789745423.0,0.9552,117.0,226.0,327.0,4250136136,1044589952,173547,0,0.0
1789745425.1,0.949,116.0,227.0,328.0,4250235027,1044589952,98891,0,0.0
1789745427.1,0.9573,118.0,225.0,328.0,4250532051,1044589952,297024,0,0.0
1789745429.2,0.9651,119.0,223.0,328.0,4250642385,1044589952,110334,0,0.0
1789745431.3,0.9669,119.0,223.0,328.0,4250788377,1044589984,145992,32,0.0002
1789745433.4,0.9759,119.0,225.0,328.0,4250852465,1044589984,64088,0,0.0
1789745435.5,0.9767,119.0,224.0,328.0,4250903648,1044589984,51183,0,0.0
1789745437.6,0.9841,122.0,220.0,328.0,4251150213,1044589984,246565,0,0.0
1789745439.7,0.9552,117.0,222.0,329.0,4251275157,1044589984,124944,0,0.0
1789745441.7,0.9684,119.0,222.0,329.0,4251384277,1044589984,109120,0,0.0
1789745443.8,0.973,119.0,224.0,329.0,4251453567,1044589984,69290,0,0.0
1789745445.9,0.9699,118.0,223.0,329.0,4251624230,1044590000,170663,16,0.0001
1789745448.0,0.9681,118.0,224.0,329.0,4251802539,1044590000,178309,0,0.0
1789745450.0,0.9515,116.0,225.0,329.0,4251919600,1044590000,117061,0,0.0
1789745452.1,0.9657,118.0,225.0,329.0,4252011998,1044590000,92398,0,0.0
1789745454.2,0.9653,119.0,223.0,329.0,4252186800,1044590000,174802,0,0.0
1789745456.2,0.9644,118.0,224.0,329.0,4252302683,1044590000,115883,0,0.0
1789745458.3,0.9715,120.0,221.0,329.0,4252555112,1044590000,252429,0,0.0
1789745460.4,0.9836,122.0,220.0,329.0,4252660580,1044590000,105468,0,0.0
1789745462.5,0.9575,119.0,218.0,329.0,4253053698,1044590000,393118,0,0.0
1789745464.6,0.9724,119.0,224.0,329.0,4253053698,1044590000,0,0,
1789745466.7,0.9774,119.0,225.0,329.0,4253107451,1044590000,53753,0,0.0
1789745468.8,0.9771,119.0,222.0,329.0,4253337720,1044590000,230269,0,0.0
1789745470.9,0.9867,119.0,222.0,329.0,4253387577,1044590000,49857,0,0.0
1789745472.9,0.9799,119.0,222.0,329.0,4253522310,1044590000,134733,0,0.0
1789745475.0,0.9565,117.0,225.0,329.0,4253773157,1044590016,250847,16,0.0001
1789745477.1,0.9646,118.0,225.0,329.0,4253922222,1044590016,149065,0,0.0
1789745479.2,0.9653,118.0,226.0,329.0,4254025641,1044590016,103419,0,0.0
1789745481.2,0.9732,118.0,226.0,329.0,4254025641,1044590016,0,0,
1789745483.3,0.971,118.0,226.0,329.0,4254156736,1044590016,131095,0,0.0
1789745485.4,0.9322,115.0,225.0,329.0,4254654016,1044590016,497280,0,0.0
1789745487.4,0.9533,115.0,227.0,329.0,4254654016,1044590016,0,0,
1789745489.5,0.9618,115.0,228.0,329.0,4254654016,1044590016,0,0,
1789745491.6,0.9404,113.0,228.0,330.0,4254797448,1044590016,143432,0,0.0
1789745493.7,0.9511,113.0,229.0,330.0,4254874546,1044590032,77098,16,0.0002
1789745495.7,0.9468,111.0,230.0,330.0,4254953613,1044590032,79067,0,0.0
1789745497.8,0.9448,111.0,229.0,330.0,4255140488,1044590032,186875,0,0.0
1789745499.9,0.9461,110.0,230.0,330.0,4255273651,1044590032,133163,0,0.0
1789745502.0,0.9437,110.0,232.0,330.0,4255322524,1044590032,48873,0,0.0
1789745504.1,0.9481,111.0,231.0,330.0,4255539365,1044590032,216841,0,0.0
1789745506.1,0.9618,113.0,229.0,330.0,4255738893,1044590032,199528,0,0.0
1789745508.2,0.9734,113.0,229.0,330.0,4255831294,1044590032,92401,0,0.0
1789745510.3,0.9719,113.0,230.0,330.0,4255983163,1044590032,151869,0,0.0
1789745512.4,0.977,114.0,229.0,330.0,4256209847,1044680128,226684,90096,0.3975
1789745514.4,0.9818,115.0,227.0,330.0,4256347998,1044680128,138151,0,0.0
1789745516.5,0.9769,115.0,227.0,330.0,4256596674,1044680144,248676,16,0.0001
1789745518.6,0.9644,114.0,226.0,330.0,4256770145,1044680144,173471,0,0.0
1789745520.6,0.9626,113.0,228.0,331.0,4256838549,1044680144,68404,0,0.0
1789745522.7,0.9546,111.0,229.0,331.0,4257057723,1044680144,219174,0,0.0
1789745524.8,0.9699,114.0,229.0,331.0,4257176136,1044680144,118413,0,0.0
1789745526.9,0.9796,116.0,227.0,331.0,4257227917,1044680144,51781,0,0.0
1789745528.9,0.9477,115.0,222.0,331.0,4257468908,1044680144,240991,0,0.0
1789745531.0,0.936,114.0,223.0,331.0,4257754989,1044703936,286081,23792,0.0832
1789745533.1,0.9335,114.0,223.0,331.0,4257982440,1044703936,227451,0,0.0
1789745535.2,0.9483,115.0,224.0,331.0,4258067929,1044703936,85489,0,0.0
1789745537.2,0.9389,117.0,222.0,331.0,4258296106,1044703936,228177,0,0.0
1789745539.3,0.9472,120.0,219.0,331.0,4258636296,1044703936,340190,0,0.0
1789745541.4,0.9712,121.0,219.0,331.0,4258744365,1044703936,108069,0,0.0
1789745543.4,0.9791,120.0,220.0,331.0,4258828423,1044703936,84058,0,0.0
1789745545.5,0.9717,121.0,219.0,331.0,4259016922,1044703936,188499,0,0.0
1789745547.6,0.9755,123.0,216.0,331.0,4259222643,1044703936,205721,0,0.0
1789745549.7,0.9723,123.0,217.0,331.0,4259289333,1044703936,66690,0,0.0
1789745551.8,0.9816,123.0,216.0,331.0,4259378464,1044703936,89131,0,0.0
1789745553.9,0.9645,122.0,216.0,331.0,4259526602,1044703952,148138,16,0.0001
1789745555.9,0.9511,120.0,217.0,331.0,4259796495,1044703952,269893,0,0.0
1789745558.0,0.9708,121.0,220.0,331.0,4259839238,1044703952,42743,0,0.0
1789745560.1,0.9697,124.0,216.0,331.0,4260089995,1044703952,250757,0,0.0
1789745562.1,0.9775,125.0,215.0,331.0,4260225660,1044703952,135665,0,0.0
1789745564.2,0.947,123.0,214.0,331.0,4260556821,1044703952,331161,0,0.0
1789745566.3,0.9508,122.0,219.0,331.0,4260607067,1044703952,50246,0,0.0
1789745568.4,0.9538,124.0,216.0,331.0,4260853364,1044703968,246297,16,0.0001
1789745570.4,0.9627,125.0,215.0,331.0,4261076571,1044703968,223207,0,0.0
1789745572.5,0.9686,125.0,216.0,331.0,4261239189,1044703968,162618,0,0.0
1789745574.6,0.9781,125.0,216.0,331.0,4261294506,1044703968,55317,0,0.0
1789745576.6,0.9827,126.0,213.0,331.0,4261427981,1044703968,133475,0,0.0
1789745578.7,0.9678,124.0,213.0,331.0,4261613098,1044703968,185117,0,0.0
1789745580.8,0.9671,123.0,218.0,331.0,4261768492,1044703968,155394,0,0.0
1789745582.9,0.9677,123.0,217.0,331.0,4262000167,1044703968,231675,0,0.0
1789745584.9,0.968,121.0,221.0,332.0,4262000167,1044703968,0,0,
1789745587.0,0.9692,121.0,221.0,332.0,4262102340,1044703968,102173,0,0.0
1789745589.1,0.9673,121.0,220.0,332.0,4262286281,1044703984,183941,16,0.0001
1789745591.1,0.9752,121.0,222.0,332.0,4262390611,1044703984,104330,0,0.0
1789745593.2,0.9766,122.0,218.0,332.0,4262585119,1044704000,194508,16,0.0001
1789745595.3,0.9701,121.0,220.0,332.0,4262628641,1044704000,43522,0,0.0
1789745597.3,0.959,120.0,221.0,332.0,4262925165,1044704016,296524,16,0.0001
1789745599.4,0.9333,116.0,225.0,332.0,4263026263,1044704016,101098,0,0.0
1789745601.5,0.9368,117.0,225.0,332.0,4263164520,1044704016,138257,0,0.0
1789745603.6,0.9511,120.0,222.0,332.0,4263366123,1044704016,201603,0,0.0
1789745605.6,0.9656,122.0,220.0,332.0,4263550156,1044704032,184033,16,0.0001
1789745607.7,0.9793,123.0,219.0,332.0,4263659750,1044704032,109594,0,0.0
1789745609.8,0.9668,120.0,220.0,332.0,4263832809,1044704032,173059,0,0.0
1789745611.9,0.9437,121.0,216.0,332.0,4264226666,1044704032,393857,0,0.0
1789745613.9,0.9666,123.0,217.0,332.0,4264349775,1044704032,123109,0,0.0
1789745616.0,0.9726,123.0,217.0,332.0,4264435407,1044704032,85632,0,0.0
1789745618.1,0.9822,124.0,219.0,332.0,4264597144,1044704032,161737,0,0.0
1789745620.1,0.9785,124.0,216.0,332.0,4264773050,1044704032,175906,0,0.0
1789745622.2,0.9659,122.0,215.0,332.0,4264999478,1044704048,226428,16,0.0001
1789745624.3,0.9842,124.0,217.0,332.0,4265088778,1044704048,89300,0,0.0
1789745626.3,0.9648,120.0,220.0,332.0,4265227075,1044704048,138297,0,0.0
1789745628.4,0.961,121.0,218.0,332.0,4265578045,1044704048,350970,0,0.0
1789745630.5,0.9771,121.0,222.0,332.0,4265578045,1044704048,0,0,
1789745632.6,0.9599,119.0,222.0,332.0,4265818421,1044704048,240376,0,0.0
1789745634.7,0.9747,121.0,220.0,332.0,4265922299,1044704048,103878,0,0.0
1789745636.7,0.9604,121.0,220.0,332.0,4266201860,1044704064,279561,16,0.0001
1789745638.8,0.9595,121.0,219.0,332.0,4266354268,1044704064,152408,0,0.0
1789745640.9,0.9623,120.0,221.0,332.0,4266440130,1044704064,85862,0,0.0
1789745643.0,0.9648,123.0,219.0,332.0,4266671580,1044704064,231450,0,0.0
1789745645.0,0.9714,124.0,216.0,332.0,4266899981,1044704064,228401,0,0.0
1789745647.1,0.9811,125.0,215.0,332.0,4267080352,1044704064,180371,0,0.0
1789745649.2,0.9803,124.0,214.0,332.0,4267213048,1044704064,132696,0,0.0
1789745651.2,0.9653,123.0,215.0,332.0,4267408551,1044704064,195503,0,0.0
1789745653.3,0.9697,123.0,216.0,332.0,4267597089,1044704080,188538,16,0.0001
1789745655.4,0.969,122.0,218.0,332.0,4267712885,1044704080,115796,0,0.0
1789745657.5,0.9746,122.0,219.0,332.0,4267908873,1044704080,195988,0,0.0
1789745659.5,0.9739,119.0,222.0,332.0,4267908873,1044704080,0,0,
1789745661.6,0.9648,120.0,221.0,333.0,4268037901,1044704080,129028,0,0.0
1789745663.7,0.9693,120.0,221.0,333.0,4268207977,1044704080,170076,0,0.0
1789745665.7,0.9721,119.0,221.0,333.0,4268242989,1044704080,35012,0,0.0
1789745667.8,0.9503,118.0,220.0,333.0,4268432841,1044704096,189852,16,0.0001
1789745669.9,0.9434,118.0,222.0,333.0,4268823061,1044704096,390220,0,0.0
1789745672.0,0.9539,119.0,222.0,333.0,4268969385,1044704096,146324,0,0.0
1789745674.1,0.956,119.0,222.0,333.0,4269112874,1044704096,143489,0,0.0
1789745676.2,0.9706,121.0,221.0,333.0,4269231006,1044704096,118132,0,0.0
1789745678.2,0.9658,121.0,220.0,333.0,4269376475,1044704112,145469,16,0.0001
1789745680.3,0.9705,120.0,221.0,333.0,4269458032,1044704112,81557,0,0.0
1789745682.4,0.978,120.0,221.0,333.0,4269564935,1044704112,106903,0,0.0
1789745684.4,0.9834,121.0,220.0,333.0,4269628098,1044704112,63163,0,0.0
1789745686.5,0.9771,120.0,220.0,333.0,4269741850,1044704112,113752,0,0.0
1789745688.6,0.9518,116.0,224.0,333.0,4269841092,1044704112,99242,0,0.0
1789745690.7,0.9703,118.0,223.0,333.0,4269988125,1044704112,147033,0,0.0
1789745692.7,0.9691,118.0,222.0,333.0,4270134330,1044704128,146205,16,0.0001
1789745694.8,0.9563,117.0,222.0,333.0,4270332104,1044704144,197774,16,0.0001
1789745696.9,0.9555,116.0,224.0,333.0,4270406261,1044704144,74157,0,0.0
1789745699.0,0.9618,118.0,223.0,333.0,4270662798,1044704144,256537,0,0.0
1789745701.0,0.935,115.0,224.0,333.0,4270946790,1044704144,283992,0,0.0
1789745703.1,0.9425,116.0,226.0,333.0,4271104683,1044704176,157893,32,0.0002
1789745705.2,0.9465,117.0,224.0,333.0,4271212133,1044704192,107450,16,0.0001
1789745707.2,0.9347,116.0,226.0,333.0,4271263234,1044704192,51101,0,0.0
1789745709.3,0.9396,117.0,224.0,333.0,4271582014,1044704192,318780,0,0.0
1789745711.4,0.9504,117.0,224.0,333.0,4271738375,1044704192,156361,0,0.0
1789745713.5,0.9479,117.0,223.0,333.0,4271855879,1044704192,117504,0,0.0
1789745715.6,0.9545,117.0,225.0,333.0,4271916657,1044704192,60778,0,0.0
1789745717.6,0.9541,116.0,226.0,333.0,4272007885,1044704192,91228,0,0.0
1789745719.7,0.9625,116.0,226.0,333.0,4272007885,1044704192,0,0,
1789745721.8,0.9621,118.0,223.0,333.0,4272273743,1044704192,265858,0,0.0
1789745724.0,0.9746,119.0,223.0,333.0,4272384239,1044704192,110496,0,0.0
1789745726.0,0.9675,118.0,221.0,333.0,4272539278,1044704192,155039,0,0.0
1789745728.1,0.977,119.0,222.0,333.0,4272676044,1044704192,136766,0,0.0
1789745730.2,0.9717,117.0,224.0,333.0,4272730566,1044704192,54522,0,0.0
1789745732.3,0.9673,117.0,225.0,333.0,4273031811,1044704208,301245,16,0.0001
1789745734.3,0.9623,116.0,226.0,333.0,4273127451,1044704208,95640,0,0.0
1789745736.4,0.9751,119.0,223.0,333.0,4273336368,1044704208,208917,0,0.0
1789745738.5,0.9703,118.0,224.0,333.0,4273435049,1044704208,98681,0,0.0
1789745740.6,0.9731,118.0,224.0,333.0,4273644468,1044704208,209419,0,0.0
1789745742.6,0.968,116.0,226.0,333.0,4273748755,1044704208,104287,0,0.0
1789745744.7,0.9504,112.0,228.0,333.0,4273840260,1044704208,91505,0,0.0
1789745746.8,0.9446,114.0,227.0,333.0,4274111097,1044704208,270837,0,0.0
1789745748.9,0.9579,116.0,227.0,333.0,4274171406,1044704208,60309,0,0.0
1789745750.9,0.9503,116.0,226.0,333.0,4274381964,1044704208,210558,0,0.0
1789745753.0,0.9611,118.0,222.0,333.0,4274592119,1044704208,210155,0,0.0
1789745755.1,0.9612,117.0,221.0,333.0,4274721163,1044704208,129044,0,0.0
1789745757.2,0.9519,116.0,221.0,333.0,4274833215,1044704208,112052,0,0.0
1789745759.2,0.973,118.0,220.0,333.0,4274971342,1044704208,138127,0,0.0
1789745761.3,0.9613,117.0,220.0,333.0,4275107610,1044704208,136268,0,0.0
1789745763.4,0.9629,119.0,219.0,333.0,4275460832,1044728000,353222,23792,0.0674
1789745765.5,0.9676,120.0,219.0,333.0,4275600308,1044728000,139476,0,0.0
1789745767.5,0.9652,119.0,221.0,334.0,4275749550,1044728000,149242,0,0.0
1789745769.6,0.9826,122.0,219.0,334.0,4275942977,1044728000,193427,0,0.0
1789745771.7,0.9846,122.0,218.0,334.0,4276010203,1044728000,67226,0,0.0
1789745773.8,0.9697,124.0,217.0,334.0,4276373089,1044728000,362886,0,0.0
1789745775.9,0.9748,122.0,220.0,334.0,4276373089,1044728000,0,0,
1789745777.9,0.9635,121.0,219.0,334.0,4276624238,1044728000,251149,0,0.0
1789745780.0,0.9542,119.0,221.0,334.0,4276678249,1044728000,54011,0,0.0
1789745782.1,0.9699,121.0,219.0,334.0,4276841324,1044728016,163075,16,0.0001
1789745784.1,0.9529,121.0,216.0,334.0,4277112731,1044728016,271407,0,0.0
1789745786.2,0.9674,122.0,217.0,334.0,4277237041,1044728016,124310,0,0.0
1789745788.3,0.9772,122.0,219.0,334.0,4277281555,1044728016,44514,0,0.0
1789745790.4,0.9743,122.0,218.0,334.0,4277522894,1044728016,241339,0,0.0
1789745792.4,0.9775,121.0,219.0,334.0,4277639150,1044728016,116256,0,0.0
1789745794.5,0.9576,117.0,222.0,334.0,4277663457,1044728016,24307,0,0.0
1789745796.6,0.9477,116.0,221.0,334.0,4277977668,1044728016,314211,0,0.0
1789745798.7,0.9546,116.0,224.0,334.0,4278098293,1044728016,120625,0,0.0
1789745800.7,0.9581,117.0,222.0,334.0,4278281598,1044728016,183305,0,0.0
1789745802.8,0.9684,117.0,224.0,334.0,4278281598,1044728016,0,0,
1789745804.9,0.9571,116.0,224.0,334.0,4278503845,1044728016,222247,0,0.0
1789745806.9,0.966,117.0,223.0,334.0,4278661634,1044728032,157789,16,0.0001
1789745809.0,0.9685,116.0,222.0,334.0,4278809644,1044728032,148010,0,0.0
1789745811.1,0.9684,115.0,225.0,334.0,4278893786,1044728032,84142,0,0.0
1789745813.2,0.9428,114.0,223.0,334.0,4279076557,1044760720,182771,32688,0.1788
1789745815.2,0.9593,117.0,221.0,334.0,4279349586,1044760720,273029,0,0.0
1789745817.3,0.9739,118.0,223.0,334.0,4279403390,1044760720,53804,0,0.0
1789745819.4,0.9841,120.0,220.0,334.0,4279584489,1044760720,181099,0,0.0
1789745821.5,0.9701,118.0,221.0,334.0,4279803685,1044760736,219196,16,0.0001
1789745823.5,0.9599,116.0,224.0,334.0,4279879423,1044760736,75738,0,0.0
1789745825.6,0.9585,115.0,224.0,334.0,4280116501,1044760736,237078,0,0.0
1789745827.7,0.9584,115.0,224.0,334.0,4280246679,1044760736,130178,0,0.0
1789745829.8,0.956,114.0,225.0,334.0,4280310494,1044760736,63815,0,0.0
1789745831.8,0.9691,116.0,226.0,334.0,4280442268,1044760736,131774,0,0.0
1789745833.9,0.9594,115.0,224.0,334.0,4280601315,1044760752,159047,16,0.0001
1789745836.0,0.9518,115.0,223.0,334.0,4280802225,1044760752,200910,0,0.0
1789745838.0,0.9495,115.0,224.0,334.0,4280953655,1044760752,151430,0,0.0
1789745840.1,0.968,116.0,225.0,334.0,4281018629,1044760768,64974,16,0.0002
1789745842.2,0.9598,115.0,224.0,334.0,4281200474,1044760768,181845,0,0.0
1789745844.3,0.9665,115.0,225.0,334.0,4281281068,1044760768,80594,0,0.0
1789745846.3,0.9655,115.0,226.0,334.0,4281474036,1044760768,192968,0,0.0
1789745848.4,0.9594,115.0,224.0,334.0,4281685953,1044760768,211917,0,0.0
1789745850.5,0.9648,118.0,221.0,334.0,4281893830,1044760784,207877,16,0.0001
1789745852.6,0.9806,119.0,220.0,334.0,4281997422,1044760784,103592,0,0.0
1789745854.6,0.9592,119.0,219.0,334.0,4282222077,1044760800,224655,16,0.0001
1789745856.7,0.9698,119.0,221.0,334.0,4282329776,1044760800,107699,0,0.0
1789745858.8,0.9693,120.0,221.0,334.0,4282491575,1044760800,161799,0,0.0
1789745860.9,0.9753,120.0,222.0,334.0,4282592697,1044760800,101122,0,0.0
1789745862.9,0.9422,116.0,223.0,334.0,4282995027,1044760800,402330,0,0.0
1789745865.0,0.9587,117.0,226.0,334.0,4283019228,1044760800,24201,0,0.0
1789745867.1,0.9298,114.0,226.0,334.0,4283102483,1044760800,83255,0,0.0
1789745869.2,0.9409,115.0,226.0,334.0,4283295217,1044760800,192734,0,0.0
1789745871.2,0.9469,114.0,227.0,334.0,4283342290,1044760800,47073,0,0.0
1789745873.3,0.9465,115.0,225.0,334.0,4283627328,1044760816,285038,16,0.0001
1789745875.4,0.9514,114.0,225.0,334.0,4283741083,1044760816,113755,0,0.0
1789745877.5,0.9633,116.0,224.0,334.0,4283915252,1044760816,174169,0,0.0
1789745879.5,0.9669,116.0,225.0,334.0,4283945111,1044760816,29859,0,0.0
1789745881.6,0.9745,118.0,223.0,334.0,4284125022,1044760816,179911,0,0.0
1789745883.7,0.9737,117.0,224.0,334.0,4284217429,1044760816,92407,0,0.0
1789745885.7,0.965,116.0,224.0,334.0,4284393572,1044760816,176143,0,0.0
1789745887.8,0.9701,118.0,223.0,334.0,4284596296,1044760832,202724,16,0.0001
1789745889.9,0.9857,118.0,224.0,334.0,4284666328,1044760832,70032,0,0.0
1789745892.0,0.9772,117.0,223.0,334.0,4284784128,1044760832,117800,0,0.0
1789745894.0,0.9791,116.0,224.0,334.0,4284784128,1044760832,0,0,
1789745896.1,0.9415,114.0,222.0,334.0,4284908499,1044760832,124371,0,0.0
1789745898.2,0.9481,115.0,225.0,334.0,4285007649,1044760832,99150,0,0.0
1789745900.3,0.9589,117.0,223.0,334.0,4285205626,1044760832,197977,0,0.0
1789745902.3,0.9697,119.0,222.0,334.0,4285337132,1044760832,131506,0,0.0
1789745904.4,0.9796,120.0,222.0,334.0,4285482434,1044760832,145302,0,0.0
1789745906.5,0.9748,118.0,223.0,334.0,4285482434,1044760832,0,0,
1789745908.6,0.9545,115.0,223.0,335.0,4285682628,1044760832,200194,0,0.0
1789745910.6,0.9559,115.0,224.0,335.0,4285837197,1044760832,154569,0,0.0
1789745912.7,0.957,115.0,226.0,335.0,4286019543,1044760832,182346,0,0.0
1789745914.8,0.9467,112.0,228.0,335.0,4286092736,1044760832,73193,0,0.0
1789745916.9,0.9566,114.0,227.0,335.0,4286302903,1044760848,210167,16,0.0001
1789745918.9,0.9564,115.0,226.0,335.0,4286506049,1044760848,203146,0,0.0
1789745921.1,0.9653,116.0,224.0,335.0,4286631821,1044760848,125772,0,0.0
1789745923.1,0.9706,116.0,226.0,335.0,4286679602,1044760848,47781,0,0.0
1789745925.2,0.9599,114.0,224.0,335.0,4286927400,1044760864,247798,16,0.0001
1789745927.3,0.9676,114.0,225.0,335.0,4287109225,1044760864,181825,0,0.0
1789745929.4,0.9545,111.0,225.0,335.0,4287164595,1044760864,55370,0,0.0
1789745931.4,0.9457,112.0,227.0,335.0,4287450699,1044760864,286104,0,0.0
1789745933.5,0.9654,112.0,229.0,335.0,4287450699,1044760864,0,0,
1789745935.6,0.9548,111.0,228.0,335.0,4287637343,1044760864,186644,0,0.0
1789745937.7,0.9648,111.0,231.0,335.0,4287880210,1044760864,242867,0,0.0
1789745939.7,0.9484,108.0,233.0,335.0,4288145981,1044760864,265771,0,0.0
1789745941.8,0.9544,110.0,231.0,335.0,4288247317,1044760864,101336,0,0.0
1789745943.9,0.9661,111.0,231.0,335.0,4288274156,1044760864,26839,0,0.0
1789745946.0,0.973,110.0,231.0,335.0,4288334358,1044760864,60202,0,0.0
1789745948.0,0.9735,109.0,233.0,335.0,4288424264,1044760864,89906,0,0.0
1789745950.1,0.981,109.0,233.0,335.0,4288424264,1044760864,0,0,
1789745952.2,0.9785,109.0,232.0,335.0,4288499972,1044760864,75708,0,0.0
1789745954.2,0.9819,110.0,233.0,335.0,4288610116,1044760864,110144,0,0.0
1789745956.3,0.9663,108.0,233.0,335.0,4288674040,1044760864,63924,0,0.0
1789745958.4,0.9775,110.0,231.0,335.0,4288907101,1044760864,233061,0,0.0
1789745960.5,0.9818,109.0,234.0,335.0,4288907101,1044760864,0,0,
1789745962.5,0.9827,109.0,234.0,335.0,4288950777,1044760864,43676,0,0.0
1789745964.6,0.9512,110.0,231.0,335.0,4289321447,1044760880,370670,16,0.0
1789745966.7,0.9672,110.0,231.0,335.0,4289321447,1044760880,0,0,
1789745968.8,0.9741,111.0,231.0,335.0,4289466930,1044760896,145483,16,0.0001
1789745970.8,0.9623,109.0,232.0,335.0,4289556727,1044760896,89797,0,0.0
1789745972.9,0.9602,109.0,231.0,335.0,4289796152,1044760896,239425,0,0.0
1789745975.0,0.9648,110.0,230.0,335.0,4289989545,1044760912,193393,16,0.0001
1789745977.1,0.9702,109.0,233.0,335.0,4290082084,1044760912,92539,0,0.0
1789745979.1,0.9822,110.0,232.0,335.0,4290206982,1044760912,124898,0,0.0
1789745981.2,0.9804,111.0,231.0,335.0,4290375948,1044760912,168966,0,0.0
1789745983.3,0.9405,110.0,230.0,335.0,4290529714,1044760912,153766,0,0.0
1789745985.3,0.9271,109.0,232.0,336.0,4290824615,1044760912,294901,0,0.0
1789745987.4,0.9429,110.0,231.0,336.0,4290929490,1044760912,104875,0,0.0
1789745989.5,0.9581,111.0,230.0,336.0,4290933680,1044760912,4190,0,0.0
1789745991.6,0.9689,113.0,230.0,336.0,4290981475,1044760912,47795,0,0.0
1789745993.6,0.9658,113.0,229.0,336.0,4291159524,1044760912,178049,0,0.0
1789745995.7,0.9715,112.0,230.0,337.0,4291297771,1044760912,138247,0,0.0
1789745997.8,0.9693,112.0,231.0,337.0,4291371615,1044760928,73844,16,0.0002
1789745999.9,0.9628,111.0,231.0,337.0,4291540443,1044760928,168828,0,0.0
1789746001.9,0.9777,111.0,231.0,337.0,4291630176,1044760928,89733,0,0.0
1789746004.0,0.9605,112.0,228.0,337.0,4291920477,1044760944,290301,16,0.0001
1789746006.1,0.9827,114.0,228.0,337.0,4292017471,1044760944,96994,0,0.0
1789746008.1,0.9812,113.0,228.0,337.0,4292094035,1044760944,76564,0,0.0
1789746010.2,0.9624,112.0,228.0,337.0,4292352843,1044760944,258808,0,0.0
1789746012.3,0.9789,113.0,227.0,337.0,4292396336,1044760944,43493,0,0.0
1789746014.4,0.9591,112.0,228.0,337.0,4292597308,1044760944,200972,0,0.0
1789746016.5,0.966,114.0,228.0,337.0,4292778147,1044760944,180839,0,0.0
1789746018.6,0.9699,116.0,226.0,337.0,4292987463,1044760944,209316,0,0.0
1789746020.6,0.9829,116.0,226.0,337.0,4293091087,1044760944,103624,0,0.0
1789746022.7,0.9835,116.0,225.0,337.0,4293266704,1044760944,175617,0,0.0
1789746024.8,0.9823,114.0,228.0,337.0,4293321671,1044760944,54967,0,0.0
1789746026.9,0.9638,115.0,227.0,337.0,4293560153,1044760944,238482,0,0.0
1789746028.9,0.9613,115.0,225.0,337.0,4293721818,1044760944,161665,0,0.0
1789746031.0,0.9495,115.0,225.0,337.0,4293913803,1044760944,191985,0,0.0
1789746033.1,0.9559,117.0,225.0,337.0,4294181758,1044760944,267955,0,0.0
1789746035.2,0.9613,116.0,226.0,337.0,4294181758,1044760944,0,0,
1789746037.2,0.9726,118.0,224.0,337.0,4294504250,1044760944,322492,0,0.0
1789746039.3,0.9692,117.0,226.0,337.0,4294610818,1044760944,106568,0,0.0
1789746041.4,0.9805,117.0,226.0,337.0,4294673894,1044760944,63076,0,0.0
1789746043.5,0.9645,115.0,226.0,337.0,4294808334,1044760944,134440,0,0.0
1789746045.6,0.9741,117.0,225.0,337.0,4295067286,1044760944,258952,0,0.0
1789746047.6,0.9896,117.0,228.0,337.0,4295110556,1044760944,43270,0,0.0
1789746049.7,0.9414,115.0,226.0,337.0,4295451109,1044760944,340553,0,0.0
1789746051.8,0.9543,116.0,226.0,337.0,4295586152,1044760960,135043,16,0.0001
1789746053.8,0.9617,115.0,229.0,337.0,4295632770,1044760960,46618,0,0.0
1789746055.9,0.9794,117.0,228.0,337.0,4295759373,1044760960,126603,0,0.0
1789746058.0,0.9841,119.0,225.0,337.0,4295906990,1044760960,147617,0,0.0
1789746060.1,0.9716,117.0,225.0,337.0,4296058454,1044760960,151464,0,0.0
1789746062.1,0.9781,118.0,224.0,337.0,4296194469,1044760960,136015,0,0.0
1789746064.2,0.9787,119.0,223.0,337.0,4296320718,1044760960,126249,0,0.0
1789746066.3,0.9579,117.0,225.0,337.0,4296545754,1044760960,225036,0,0.0
1789746068.4,0.9473,115.0,228.0,337.0,4296618704,1044760960,72950,0,0.0
1789746070.5,0.9393,114.0,229.0,337.0,4296811824,1044760960,193120,0,0.0
1789746072.5,0.9362,113.0,229.0,337.0,4296915629,1044760960,103805,0,0.0
1789746074.6,0.951,114.0,229.0,337.0,4297069172,1044760960,153543,0,0.0
1789746076.7,0.9519,112.0,232.0,337.0,4297069172,1044760960,0,0,
1789746078.8,0.9478,112.0,232.0,337.0,4297291655,1044760960,222483,0,0.0
1789746080.9,0.9621,114.0,231.0,337.0,4297513726,1044760960,222071,0,0.0
1789746082.9,0.9656,113.0,230.0,337.0,4297680119,1044760976,166393,16,0.0001
1789746085.0,0.9625,111.0,227.0,337.0,4297848984,1044760976,168865,0,0.0
1789746087.1,0.9701,111.0,231.0,337.0,4297975197,1044760976,126213,0,0.0
1789746089.2,0.979,112.0,230.0,337.0,4298066456,1044760992,91259,16,0.0002
1789746091.2,0.964,110.0,231.0,337.0,4298149382,1044760992,82926,0,0.0
1789746093.3,0.9379,107.0,235.0,337.0,4298348239,1044760992,198857,0,0.0
1789746095.4,0.9545,109.0,235.0,337.0,4298629770,1044760992,281531,0,0.0
1789746097.5,0.9563,108.0,236.0,337.0,4298720249,1044760992,90479,0,0.0
1789746099.6,0.9686,108.0,238.0,337.0,4298720249,1044760992,0,0,
1789746101.7,0.9626,108.0,235.0,337.0,4298915432,1044760992,195183,0,0.0
1789746103.7,0.9672,109.0,234.0,337.0,4299108562,1044760992,193130,0,0.0
1789746105.8,0.9692,110.0,232.0,337.0,4299318300,1044760992,209738,0,0.0
1789746107.9,0.971,110.0,235.0,337.0,4299394507,1044760992,76207,0,0.0
1789746110.0,0.9693,109.0,237.0,337.0,4299394507,1044760992,0,0,
1789746112.0,0.966,108.0,237.0,337.0,4299651942,1044760992,257435,0,0.0
1789746114.1,0.9664,109.0,234.0,338.0,4299890924,1044760992,238982,0,0.0
1789746116.2,0.9685,108.0,236.0,338.0,4299947503,1044760992,56579,0,0.0
1789746118.2,0.9557,107.0,237.0,339.0,4300081782,1044760992,134279,0,0.0
1789746120.3,0.9755,109.0,235.0,339.0,4300225021,1044760992,143239,0,0.0
1789746122.4,0.9843,110.0,235.0,339.0,4300381095,1044760992,156074,0,0.0
1789746124.5,0.9778,109.0,233.0,339.0,4300522022,1044760992,140927,0,0.0
1789746126.6,0.9797,109.0,235.0,340.0,4300611894,1044760992,89872,0,0.0
1789746128.6,0.9915,111.0,233.0,340.0,4300793291,1044760992,181397,0,0.0
1789746130.7,0.9698,111.0,231.0,340.0,4300963765,1044760992,170474,0,0.0
1789746132.8,0.9809,113.0,233.0,340.0,4301115611,1044760992,151846,0,0.0
1789746134.9,0.9697,112.0,228.0,340.0,4301427948,1044760992,312337,0,0.0
1789746137.0,0.9651,110.0,231.0,340.0,4301529555,1044760992,101607,0,0.0
1789746139.0,0.9747,111.0,230.0,340.0,4301625712,1044760992,96157,0,0.0
1789746141.1,0.9622,110.0,231.0,340.0,4301847664,1044760992,221952,0,0.0
1789746143.2,0.977,110.0,234.0,340.0,4301847664,1044760992,0,0,
1789746145.2,0.9749,111.0,234.0,340.0,4302135236,1044793680,287572,32688,0.1137
1789746147.3,0.9844,112.0,232.0,340.0,4302186732,1044793696,51496,16,0.0003
1789746149.4,0.9506,109.0,234.0,340.0,4302456627,1044793712,269895,16,0.0001
1789746151.5,0.9523,108.0,235.0,340.0,4302581518,1044793712,124891,0,0.0
1789746153.5,0.9548,107.0,236.0,340.0,4302699562,1044793712,118044,0,0.0
1789746155.6,0.9566,106.0,239.0,340.0,4302699562,1044793712,0,0,
1789746157.7,0.9607,107.0,238.0,340.0,4302846751,1044826400,147189,32688,0.2221
1789746159.8,0.9574,107.0,237.0,340.0,4303128280,1044826400,281529,0,0.0
1789746161.8,0.9722,108.0,237.0,340.0,4303236227,1044826400,107947,0,0.0
1789746163.9,0.9629,106.0,237.0,341.0,4303301443,1044826400,65216,0,0.0
1789746166.0,0.9706,107.0,238.0,341.0,4303458556,1044826400,157113,0,0.0
1789746168.1,0.9688,107.0,237.0,341.0,4303573000,1044826400,114444,0,0.0
1789746170.1,0.9615,106.0,236.0,341.0,4303732672,1044826400,159672,0,0.0
1789746172.2,0.9716,107.0,237.0,341.0,4303784807,1044826400,52135,0,0.0
1789746174.3,0.9578,107.0,237.0,341.0,4303910862,1044826400,126055,0,0.0
1789746176.3,0.9611,108.0,235.0,341.0,4304157964,1044826400,247102,0,0.0
1789746178.4,0.9794,109.0,235.0,341.0,4304201042,1044826400,43078,0,0.0
1789746180.5,0.9729,109.0,235.0,341.0,4304379220,1044826400,178178,0,0.0
1789746182.6,0.965,107.0,233.0,341.0,4304492131,1044826400,112911,0,0.0
1789746184.7,0.9707,107.0,234.0,341.0,4304593915,1044826400,101784,0,0.0
1789746186.7,0.9597,111.0,232.0,341.0,4304911242,1044826400,317327,0,0.0
1789746188.8,0.9651,111.0,231.0,341.0,4305016131,1044826400,104889,0,0.0
1789746190.9,0.975,112.0,230.0,341.0,4305152608,1044826400,136477,0,0.0
1789746193.0,0.9729,111.0,230.0,341.0,4305265940,1044826400,113332,0,0.0
1789746195.0,0.9533,107.0,235.0,341.0,4305354593,1044826400,88653,0,0.0
1789746197.1,0.9602,108.0,235.0,341.0,4305763432,1044826400,408839,0,0.0
1789746199.2,0.9611,107.0,237.0,341.0,4305826075,1044826400,62643,0,0.0
1789746201.3,0.9629,106.0,238.0,341.0,4305900158,1044826416,74083,16,0.0002
1789746203.3,0.97,108.0,236.0,341.0,4306059066,1044826416,158908,0,0.0
1789746205.4,0.9575,106.0,235.0,341.0,4306115088,1044826416,56022,0,0.0
1789746207.5,0.9455,107.0,235.0,341.0,4306193363,1044826416,78275,0,0.0
1789746209.6,0.953,108.0,238.0,341.0,4306308420,1044826416,115057,0,0.0
1789746211.6,0.9616,109.0,237.0,341.0,4306357754,1044826416,49334,0,0.0
1789746213.7,0.9551,108.0,236.0,341.0,4306447672,1044826416,89918,0,0.0
1789746215.8,0.9436,107.0,236.0,342.0,4306491852,1044826416,44180,0,0.0
1789746217.9,0.9496,108.0,236.0,342.0,4306832726,1044826416,340874,0,0.0
1789746220.0,0.9449,106.0,238.0,342.0,4307000221,1044826416,167495,0,0.0
1789746222.0,0.9506,105.0,241.0,342.0,4307089035,1044826416,88814,0,0.0
1789746224.1,0.9406,103.0,241.0,342.0,4307302737,1044826416,213702,0,0.0
1789746226.2,0.9501,105.0,240.0,342.0,4307388169,1044826416,85432,0,0.0
1789746228.2,0.9632,106.0,240.0,342.0,4307463584,1044826416,75415,0,0.0
1789746230.3,0.968,106.0,239.0,342.0,4307559379,1044826416,95795,0,0.0
1789746232.4,0.9682,106.0,239.0,342.0,4307638797,1044826416,79418,0,0.0
1789746234.5,0.939,105.0,239.0,342.0,4307795819,1044826432,157022,16,0.0001
1789746236.5,0.9387,105.0,237.0,342.0,4307958492,1044826432,162673,0,0.0
1789746238.6,0.9513,106.0,238.0,342.0,4308023937,1044826448,65445,16,0.0002
1789746240.7,0.9552,107.0,235.0,342.0,4308159710,1044826448,135773,0,0.0
1789746242.8,0.9584,108.0,235.0,342.0,4308379477,1044826448,219767,0,0.0
1789746244.9,0.9563,108.0,234.0,342.0,4308537016,1044826448,157539,0,0.0
1789746246.9,0.961,107.0,234.0,342.0,4308666637,1044826448,129621,0,0.0
1789746249.0,0.9654,107.0,237.0,342.0,4308747109,1044826448,80472,0,0.0
1789746251.1,0.9618,107.0,236.0,342.0,4308980423,1044826448,233314,0,0.0
1789746253.1,0.9618,106.0,237.0,343.0,4309096541,1044826448,116118,0,0.0
1789746255.2,0.9539,105.0,239.0,343.0,4309274310,1044826448,177769,0,0.0
1789746257.3,0.9524,105.0,239.0,343.0,4309406341,1044826448,132031,0,0.0
1789746259.4,0.9653,105.0,240.0,343.0,4309406341,1044826448,0,0,
1789746261.4,0.9526,103.0,239.0,343.0,4309572725,1044826464,166384,16,0.0001
1789746263.5,0.962,103.0,240.0,343.0,4309667068,1044826464,94343,0,0.0
1789746265.6,0.9566,102.0,242.0,343.0,4309783864,1044826464,116796,0,0.0
1789746267.6,0.953,102.0,240.0,343.0,4309870892,1044826464,87028,0,0.0
1789746269.7,0.9543,103.0,239.0,343.0,4310203311,1044826464,332419,0,0.0
1789746271.8,0.9727,104.0,238.0,343.0,4310259294,1044826464,55983,0,0.0
1789746273.9,0.9687,103.0,241.0,343.0,4310325524,1044826464,66230,0,0.0
1789746276.0,0.9668,102.0,241.0,343.0,4310453360,1044826480,127836,16,0.0001
1789746278.1,0.966,104.0,237.0,343.0,4310671908,1044826480,218548,0,0.0
1789746280.1,0.9781,105.0,238.0,343.0,4310726270,1044826480,54362,0,0.0
1789746282.2,0.9657,105.0,238.0,343.0,4310943502,1044826496,217232,16,0.0001
1789746284.3,0.9581,105.0,238.0,343.0,4311113177,1044826496,169675,0,0.0
1789746286.4,0.9668,105.0,238.0,343.0,4311227570,1044826496,114393,0,0.0
1789746288.4,0.9656,104.0,238.0,343.0,4311302405,1044826496,74835,0,0.0
1789746290.5,0.9751,107.0,237.0,343.0,4311548456,1044826496,246051,0,0.0
1789746292.6,0.9848,106.0,239.0,343.0,4311617059,1044826496,68603,0,0.0
1789746294.6,0.974,105.0,238.0,343.0,4311682139,1044826496,65080,0,0.0
1789746296.7,0.9777,106.0,238.0,343.0,4311773213,1044826496,91074,0,0.0
1789746298.8,0.9577,105.0,237.0,343.0,4312055748,1044826496,282535,0,0.0
1789746300.9,0.9714,106.0,237.0,343.0,4312193837,1044826512,138089,16,0.0001
1789746302.9,0.9583,104.0,238.0,343.0,4312346369,1044826512,152532,0,0.0
1789746305.0,0.9622,104.0,239.0,343.0,4312414965,1044826512,68596,0,0.0
1789746307.1,0.9492,104.0,237.0,343.0,4312762876,1044826512,347911,0,0.0
1789746309.2,0.9689,105.0,239.0,343.0,4312806653,1044826512,43777,0,0.0
1789746311.2,0.9531,102.0,239.0,343.0,4312880323,1044826512,73670,0,0.0
1789746313.3,0.9528,102.0,239.0,343.0,4313058182,1044826512,177859,0,0.0
1789746315.4,0.9596,100.0,243.0,343.0,4313058182,1044826512,0,0,
1789746317.5,0.9545,101.0,241.0,343.0,4313228748,1044826512,170566,0,0.0
1789746319.5,0.9694,102.0,242.0,343.0,4313367024,1044826528,138276,16,0.0001
1789746321.6,0.9707,103.0,241.0,343.0,4313553643,1044826528,186619,0,0.0
1789746323.7,0.9748,103.0,243.0,343.0,4313612047,1044826528,58404,0,0.0
1789746325.7,0.9629,100.0,245.0,343.0,4313722599,1044826528,110552,0,0.0
1789746327.8,0.9596,100.0,245.0,343.0,4313804292,1044826528,81693,0,0.0
1789746329.9,0.9716,101.0,244.0,343.0,4313920438,1044826528,116146,0,0.0
1789746332.0,0.9706,100.0,243.0,343.0,4313982144,1044826528,61706,0,0.0
1789746334.0,0.9776,101.0,241.0,343.0,4314088703,1044826528,106559,0,0.0
1789746336.1,0.959,101.0,238.0,343.0,4314344480,1044826544,255777,16,0.0001
1789746338.2,0.9629,101.0,236.0,343.0,4314484348,1044826544,139868,0,0.0
1789746340.2,0.955,101.0,234.0,343.0,4314634537,1044826544,150189,0,0.0
1789746342.3,0.9658,102.0,233.0,343.0,4314685680,1044826544,51143,0,0.0
1789746344.4,0.9607,101.0,231.0,343.0,4314840317,1044826544,154637,0,0.0
1789746346.5,0.9595,100.0,230.0,343.0,4314891435,1044826544,51118,0,0.0
1789746348.5,0.9683,102.0,227.0,343.0,4315075488,1044826544,184053,0,0.0
1789746350.6,0.9781,103.0,224.0,343.0,4315259591,1044826560,184103,16,0.0001
1789746352.7,0.9734,103.0,222.0,343.0,4315364253,1044826576,104662,16,0.0002
1789746354.7,0.9738,104.0,220.0,343.0,4315519763,1044826592,155510,16,0.0001
1789746356.8,0.9775,104.0,219.0,343.0,4315570186,1044826592,50423,0,0.0
1789746358.9,0.978,106.0,216.0,343.0,4315761028,1044826592,190842,0,0.0
1789746361.0,0.9801,106.0,214.0,343.0,4315906009,1044826592,144981,0,0.0
1789746363.0,0.9655,104.0,211.0,343.0,4316138860,1044826592,232851,0,0.0
1789746365.1,0.9808,104.0,210.0,343.0,4316187668,1044826592,48808,0,0.0
1789746367.2,0.976,105.0,206.0,343.0,4316419368,1044826640,231700,48,0.0002
1789746369.2,0.9625,104.0,203.0,343.0,4316592129,1044826640,172761,0,0.0
1789746371.3,0.9765,106.0,200.0,343.0,4316825277,1044826640,233148,0,0.0
1789746373.4,0.9759,106.0,198.0,344.0,4316917140,1044826640,91863,0,0.0
1789746375.4,0.9795,106.0,197.0,344.0,4316972361,1044826640,55221,0,0.0
1789746377.5,0.9752,107.0,194.0,344.0,4317139529,1044826640,167168,0,0.0
1789746379.6,0.9699,107.0,191.0,344.0,4317285514,1044826640,145985,0,0.0
1789746381.7,0.9654,107.0,189.0,344.0,4317423597,1044826640,138083,0,0.0
1789746383.7,0.9567,105.0,186.0,344.0,4317665851,1044826640,242254,0,0.0
1789746385.8,0.9758,107.0,184.0,344.0,4317819213,1044826640,153362,0,0.0
1789746387.9,0.9512,107.0,181.0,344.0,4317982460,1044826640,163247,0,0.0
1789746390.0,0.9375,107.0,177.0,344.0,4318292192,1044826640,309732,0,0.0
1789746392.1,0.9618,108.0,176.0,344.0,4318407974,1044826640,115782,0,0.0
1789746394.1,0.966,108.0,175.0,344.0,4318465511,1044826640,57537,0,0.0
1789746396.2,0.9661,107.0,173.0,344.0,4318551939,1044826640,86428,0,0.0
1789746398.3,0.9656,107.0,171.0,344.0,4318634366,1044826640,82427,0,0.0
1789746400.3,0.9226,106.0,166.0,344.0,4319020455,1044826640,386089,0,0.0
1789746402.4,0.9224,107.0,164.0,344.0,4319191145,1044826640,170690,0,0.0
1789746404.5,0.9244,105.0,164.0,344.0,4319191145,1044826640,0,0,
1789746406.6,0.9427,109.0,160.0,344.0,4319420354,1044826640,229209,0,0.0
1789746408.7,0.9643,111.0,158.0,344.0,4319617612,1044826640,197258,0,0.0
1789746410.7,0.9669,110.0,157.0,344.0,4319667792,1044826640,50180,0,0.0
1789746412.8,0.9669,110.0,154.0,344.0,4319896635,1044826640,228843,0,0.0
1789746414.9,0.9618,110.0,152.0,344.0,4320042830,1044826640,146195,0,0.0
1789746416.9,0.9672,109.0,152.0,344.0,4320042830,1044826640,0,0,
1789746419.0,0.9597,109.0,150.0,344.0,4320185019,1044826640,142189,0,0.0
1789746421.1,0.9298,108.0,146.0,344.0,4320441635,1044826640,256616,0,0.0
1789746423.2,0.9456,109.0,144.0,344.0,4320605315,1044826640,163680,0,0.0
1789746425.2,0.9581,110.0,142.0,344.0,4320734254,1044826640,128939,0,0.0
1789746427.3,0.9643,110.0,140.0,344.0,4320930493,1044826656,196239,16,0.0001
1789746429.4,0.9642,109.0,139.0,344.0,4320994637,1044826656,64144,0,0.0
1789746431.5,0.9418,108.0,136.0,344.0,4321316071,1044826656,321434,0,0.0
1789746433.5,0.9449,107.0,135.0,344.0,4321358642,1044826656,42571,0,0.0
1789746435.6,0.9488,108.0,133.0,344.0,4321485876,1044826656,127234,0,0.0
1789746437.7,0.9608,108.0,132.0,344.0,4321595826,1044826656,109950,0,0.0
1789746439.7,0.9564,109.0,129.0,344.0,4321803511,1044826656,207685,0,0.0
1789746441.8,0.9605,108.0,129.0,344.0,4321803511,1044826656,0,0,
1789746443.9,0.9574,109.0,126.0,344.0,4321920501,1044826656,116990,0,0.0
1789746445.9,0.9612,110.0,122.0,344.0,4322209532,1044826656,289031,0,0.0
1789746448.0,0.0,0.0,0.0,344.0,4322500006,1044826656,290474,0,0.0
1789746450.1,0.0,0.0,0.0,344.0,4322500006,1044826656,0,0,
1789746452.2,0.0,0.0,0.0,344.0,4322500006,1044826656,0,0,
1789746454.2,0.0,0.0,0.0,344.0,4322500006,1044826656,0,0,
1789746456.3,0.0,0.0,0.0,344.0,4322500006,1044826656,0,0,
1789746458.4,0.0,0.0,0.0,344.0,4322500006,1044826656,0,0,
1789746460.5,0.0,0.0,0.0,344.0,4322500006,1044826656,0,0,
1789746462.5,0.0,0.0,0.0,344.0,4322500006,1044826656,0,0,
1789746464.6,0.0,0.0,0.0,344.0,4322500006,1044826656,0,0,
1789746466.7,0.0,0.0,0.0,344.0,4322500006,1044826656,0,0,
1789746468.7,0.0,0.0,0.0,344.0,4322500006,1044826656,0,0,
1789746470.8,0.0,0.0,0.0,344.0,4322500006,1044826656,0,0,
1789746472.9,0.0,0.0,0.0,344.0,4322500006,1044826656,0,0,
1789746474.9,0.0,0.0,0.0,344.0,4322500006,1044826656,0,0,
1789746477.0,0.0,0.0,0.0,344.0,4322500006,1044826656,0,0,
1789746479.1,0.0,0.0,0.0,344.0,4322500006,1044826656,0,0,
1789746481.1,0.0,0.0,0.0,344.0,4322500006,1044826656,0,0,
1789746483.2,0.0,0.0,0.0,344.0,4322500006,1044826656,0,0,
1789746485.3,0.0,0.0,0.0,344.0,4322500006,1044826656,0,0,
1789746487.3,0.0,0.0,0.0,344.0,4322500006,1044826656,0,0,
1789746489.4,0.0,0.0,0.0,344.0,4322500006,1044826656,0,0,
1789746491.5,0.0,0.0,0.0,344.0,4322500006,1044826656,0,0,
1789746493.6,0.0,0.0,0.0,344.0,4322500006,1044826656,0,0,
1789746495.6,0.0,0.0,0.0,344.0,4322500006,1044826656,0,0,
1789746497.7,0.0,0.0,0.0,344.0,4322500006,1044826656,0,0,
1789746499.8,0.0,0.0,0.0,344.0,4322500006,1044826656,0,0,
1789746501.8,0.0,0.0,0.0,344.0,4322500006,1044826656,0,0,
1789746503.9,0.0,0.0,0.0,344.0,4322500006,1044826656,0,0,
1789746506.0,0.0,0.0,0.0,344.0,4322500006,1044826656,0,0,
1789746508.0,0.0,0.0,0.0,344.0,4322500006,1044826656,0,0,
1789746510.1,0.0,0.0,0.0,344.0,4322500006,1044826656,0,0,
1789746512.2,0.0,0.0,0.0,344.0,4322500006,1044826656,0,0,
1789746514.2,0.0,0.0,0.0,344.0,4322500006,1044826656,0,0,
1789746516.3,0.0,0.0,0.0,344.0,4322500006,1044826656,0,0,
1789746518.4,0.0,0.0,0.0,344.0,4322500006,1044826656,0,0,
1789746520.5,0.0,0.0,0.0,344.0,4322500006,1044826656,0,0,
1789746522.5,0.0,0.0,0.0,344.0,4322500006,1044826656,0,0,
1789746524.6,0.0,0.0,0.0,344.0,4322500006,1044826656,0,0,
1789746526.7,0.0,0.0,0.0,344.0,4322500006,1044826656,0,0,
1789746528.7,0.0,0.0,0.0,344.0,4322500006,1044826656,0,0,
1789746530.8,0.0,0.0,0.0,344.0,4322500006,1044826656,0,0,
1789746532.9,0.0,0.0,0.0,344.0,4322500006,1044826656,0,0,
1789746534.9,0.0,0.0,0.0,344.0,4322500006,1044826656,0,0,
1789746537.0,0.0,0.0,0.0,344.0,4322500006,1044826656,0,0,
1789746539.1,0.0,0.0,0.0,344.0,4322500006,1044826656,0,0,
1789746541.1,0.0,0.0,0.0,344.0,4322500006,1044826656,0,0,
1789746543.2,0.0,0.0,0.0,344.0,4322500006,1044826656,0,0,
1789746545.3,0.0,0.0,0.0,344.0,4322500006,1044826656,0,0,
1789746547.3,0.0,0.0,0.0,344.0,4322500006,1044826656,0,0,
1789746549.4,0.0,0.0,0.0,344.0,4322500006,1044826656,0,0,
1789746551.5,0.0,0.0,0.0,344.0,4322500006,1044826656,0,0,
1789746553.5,0.0,0.0,0.0,344.0,4322500006,1044826656,0,0,
1789746555.6,0.0,0.0,0.0,344.0,4322500006,1044826656,0,0,
1789746557.7,0.0,0.0,0.0,344.0,4322500006,1044826656,0,0,
1789746559.7,0.0,0.0,0.0,344.0,4322500006,1044826656,0,0,
1789746561.8,0.0,0.0,0.0,344.0,4322500006,1044826656,0,0,
1789746563.9,0.0,0.0,0.0,344.0,4322500006,1044826656,0,0,
1789746565.9,0.0,0.0,0.0,344.0,4322500006,1044826656,0,0,
1789746568.0,0.0,0.0,0.0,344.0,4322500006,1044826656,0,0,
1789746570.1,0.0,0.0,0.0,344.0,4322500006,1044826656,0,0,
1789746572.2,0.0,0.0,0.0,344.0,4322500006,1044826656,0,0,
1789746574.2,0.0,0.0,0.0,344.0,4322500006,1044826656,0,0,
1789746576.3,0.0,0.0,0.0,344.0,4322500006,1044826656,0,0,
1789746578.4,0.0,0.0,0.0,344.0,4322500006,1044826656,0,0,
1789746580.4,0.0,0.0,0.0,344.0,4322500006,1044826656,0,0,
1789746582.5,0.0,0.0,0.0,344.0,4322500006,1044826656,0,0,
1789746584.6,0.0,0.0,0.0,344.0,4322500006,1044826656,0,0,
1789746586.6,0.0,0.0,0.0,344.0,4322500006,1044826656,0,0,
1789746588.7,0.0,0.0,0.0,344.0,4322500006,1044826656,0,0,
1789746590.8,0.0,0.0,0.0,344.0,4322500006,1044826656,0,0,
1789746592.8,0.0,0.0,0.0,344.0,4322500006,1044826656,0,0,
1789746594.9,0.0,0.0,0.0,344.0,4322500006,1044826656,0,0,
1789746597.0,0.0,0.0,0.0,344.0,4322500006,1044826656,0,0,
1789746599.0,0.0,0.0,0.0,344.0,4322500006,1044826656,0,0,
1789746601.1,0.0,0.0,0.0,344.0,4322500006,1044826656,0,0,
1789746603.2,0.0,0.0,0.0,344.0,4322500006,1044826656,0,0,
1789746605.2,0.0,0.0,0.0,344.0,4322500006,1044826656,0,0,
1789746607.3,0.0,0.0,0.0,344.0,4322500006,1044826656,0,0,
1789746609.4,0.0,0.0,0.0,344.0,4322500006,1044826656,0,0,
1789746611.4,0.0,0.0,0.0,344.0,4322500006,1044826656,0,0,
1789746613.5,0.0,0.0,0.0,344.0,4322500006,1044826656,0,0,
1789746615.6,0.0,0.0,0.0,344.0,4322500006,1044826656,0,0,
1789746617.6,0.0,0.0,0.0,344.0,4322500006,1044826656,0,0,
1789746619.7,0.0,0.0,0.0,344.0,4322500006,1044826656,0,0,
1789746621.8,0.0,0.0,0.0,344.0,4322500006,1044826656,0,0,
1789746623.8,0.0,0.0,0.0,344.0,4322500006,1044826656,0,0,
1789746625.9,0.0,0.0,0.0,344.0,4322500006,1044826656,0,0,
1789746628.0,0.0,0.0,0.0,344.0,4322500006,1044826656,0,0,
1789746630.0,0.0,0.0,0.0,344.0,4322500006,1044826656,0,0,
1789746632.1,0.0,0.0,0.0,344.0,4322500006,1044826656,0,0,
1789746634.2,0.0,0.0,0.0,344.0,4322500006,1044826656,0,0,
1789746636.2,0.0,0.0,0.0,344.0,4322500006,1044826656,0,0,
1789746638.3,0.0,0.0,0.0,344.0,4322500006,1044826656,0,0,
1789746640.4,0.0,0.0,0.0,344.0,4322500006,1044826656,0,0,
1789746642.4,0.0,0.0,0.0,344.0,4322500006,1044826656,0,0,
1789746644.5,0.0,0.0,0.0,344.0,4322500006,1044826656,0,0,
1789746646.6,0.0,0.0,0.0,344.0,4322500006,1044826656,0,0,
1789746648.6,0.0,0.0,0.0,344.0,4322500006,1044826656,0,0,
1789746650.7,0.0,0.0,0.0,344.0,4322500006,1044826656,0,0,
1789746652.8,0.0,0.0,0.0,344.0,4322500006,1044826656,0,0,
1789746654.8,0.0,0.0,0.0,344.0,4322500006,1044826656,0,0,
1789746656.9,0.0,0.0,0.0,344.0,4322500006,1044826656,0,0,
1789746659.0,0.0,0.0,0.0,344.0,4322500006,1044826656,0,0,
1789746661.0,0.0,0.0,0.0,344.0,4322500006,1044826656,0,0,
1789746663.1,0.0,0.0,0.0,344.0,4322500006,1044826656,0,0,
1789746665.2,0.0,0.0,0.0,344.0,4322500006,1044826656,0,0,
1789746667.2,0.0,0.0,0.0,344.0,4322500006,1044826656,0,0,
1789746669.3,0.0,0.0,0.0,344.0,4322500006,1044826656,0,0,
1789746671.4,0.0,0.0,0.0,344.0,4322500006,1044826656,0,0,
1789746673.4,0.0,0.0,0.0,344.0,4322500006,1044826656,0,0,
1789746675.5,0.0,0.0,0.0,344.0,4322500006,1044826656,0,0,
1789746677.6,0.0,0.0,0.0,344.0,4322500006,1044826656,0,0,
1789746679.6,0.0,0.0,0.0,344.0,4322500006,1044826656,0,0,
1789746681.7,0.0,0.0,0.0,344.0,4322500006,1044826656,0,0,
1789746683.8,0.0,0.0,0.0,344.0,4322500006,1044826656,0,0,
1789746685.8,0.0,0.0,0.0,344.0,4322500006,1044826656,0,0,
1789746687.9,0.0,0.0,0.0,344.0,4322500006,1044826656,0,0,
1789746690.0,0.0,0.0,0.0,344.0,4322500006,1044826656,0,0,
1789746692.0,0.0,0.0,0.0,344.0,4322500006,1044826656,0,0,
1789746694.1,0.0,0.0,0.0,344.0,4322500006,1044826656,0,0,
1789746696.2,0.0,0.0,0.0,344.0,4322500006,1044826656,0,0,
1789746698.2,0.0,0.0,0.0,344.0,4322500006,1044826656,0,0,
1789746700.3,0.0,0.0,0.0,344.0,4322500006,1044826656,0,0,
1789746702.4,0.0,0.0,0.0,344.0,4322500006,1044826656,0,0,
1789746704.4,0.0,0.0,0.0,344.0,4322500006,1044826656,0,0,
1789746706.5,0.0,0.0,0.0,344.0,4322500006,1044826656,0,0,
1789746708.6,0.0,0.0,0.0,344.0,4322500006,1044826656,0,0,
1789746710.6,0.0,0.0,0.0,344.0,4322500006,1044826656,0,0,
1789746712.7,0.0,0.0,0.0,344.0,4322500006,1044826656,0,0,
1789746714.8,0.0,0.0,0.0,344.0,4322500006,1044826656,0,0,
1789746716.8,0.0,0.0,0.0,344.0,4322500006,1044826656,0,0,
1789746716.9,0.0,0.0,0.0,344.0,4322500006,1044826656,0,0,
