ts,kv_cache_usage_perc,num_requests_running,num_requests_waiting,num_preemptions_total,cum_prefix_cache_queries,cum_prefix_cache_hits,interval_queries,interval_hits,interval_hit_rate
1789643164.7,0.0,0.0,0.0,33.0,300495549,98852768,0,0,
1789643166.7,0.0,0.0,0.0,33.0,300495549,98852768,0,0,
1789643168.8,0.0,0.0,0.0,33.0,300495549,98852768,0,0,
1789643170.8,0.0,0.0,0.0,33.0,300495549,98852768,0,0,
1789643172.8,0.0,0.0,0.0,33.0,300495549,98852768,0,0,
1789643174.8,0.0,0.0,0.0,33.0,300495549,98852768,0,0,
1789643176.8,0.0,0.0,0.0,33.0,300495549,98852768,0,0,
1789643178.8,0.0,0.0,0.0,33.0,300495549,98852768,0,0,
1789643180.9,0.0,0.0,0.0,33.0,300495549,98852768,0,0,
1789643182.9,0.0,0.0,0.0,33.0,300495549,98852768,0,0,
1789643184.9,0.0,0.0,0.0,33.0,300495549,98852768,0,0,
1789643186.9,0.0,0.0,0.0,33.0,300495549,98852768,0,0,
1789643188.9,0.0,0.0,0.0,33.0,300495549,98852768,0,0,
1789643190.9,0.0,0.0,0.0,33.0,300495549,98852768,0,0,
1789643192.9,0.0,0.0,0.0,33.0,300495549,98852768,0,0,
1789643194.9,0.0,0.0,0.0,33.0,300495549,98852768,0,0,
1789643197.0,0.0,0.0,0.0,33.0,300495549,98852768,0,0,
1789643199.0,0.0,0.0,0.0,33.0,300495549,98852768,0,0,
1789643201.0,0.0,0.0,0.0,33.0,300495549,98852768,0,0,
1789643203.0,0.0,0.0,0.0,33.0,300495549,98852768,0,0,
1789643205.0,0.0,0.0,0.0,33.0,300495549,98852768,0,0,
1789643207.1,0.0,0.0,0.0,33.0,300495549,98852768,0,0,
1789643209.1,0.0,0.0,0.0,33.0,300495549,98852768,0,0,
1789643211.1,0.0,0.0,0.0,33.0,300495549,98852768,0,0,
1789643213.1,0.0,0.0,0.0,33.0,300495549,98852768,0,0,
1789643215.1,0.0,0.0,0.0,33.0,300495549,98852768,0,0,
1789643217.1,0.0,0.0,0.0,33.0,300495549,98852768,0,0,
1789643219.1,0.0,0.0,0.0,33.0,300495549,98852768,0,0,
1789643221.2,0.0,0.0,0.0,33.0,300495549,98852768,0,0,
1789643223.2,0.0,0.0,0.0,33.0,300495549,98852768,0,0,
1789643225.2,0.0,0.0,0.0,33.0,300495549,98852768,0,0,
1789643227.2,0.0,0.0,0.0,33.0,300495549,98852768,0,0,
1789643229.2,0.0,0.0,0.0,33.0,300495549,98852768,0,0,
1789643231.2,0.0,0.0,0.0,33.0,300495549,98852768,0,0,
1789643233.2,0.0,0.0,0.0,33.0,300495549,98852768,0,0,
1789643235.3,0.012294906089518887,5.0,0.0,33.0,300547416,98852768,51867,0,0.0
1789643237.3,0.05194043514955582,28.0,13.0,33.0,300635540,98852768,88124,0,0.0
1789643239.3,0.08799547970875587,39.0,4.0,33.0,300731418,98852768,95878,0,0.0
1789643241.3,0.11706982133405808,16.0,17.0,33.0,300820665,98852768,89247,0,0.0
1789643243.3,0.1473386070064514,8.0,33.0,33.0,300858515,98852768,37850,0,0.0
1789643245.4,0.17663467177821968,9.0,33.0,33.0,300915505,98852768,56990,0,0.0
1789643247.4,0.20960704936558572,11.0,32.0,33.0,301009113,98852768,93608,0,0.0
1789643249.4,0.24991059550545724,13.0,30.0,33.0,301100046,98852768,90933,0,0.0
1789643251.4,0.2828543636545696,15.0,28.0,33.0,301172801,98852768,72755,0,0.0
1789643253.4,0.3197104724848727,18.0,25.0,33.0,301376689,98853232,203888,464,0.0023
1789643255.4,0.3453230720814797,18.0,25.0,33.0,301376689,98853232,0,0,
1789643257.5,0.3560516114266097,17.0,25.0,33.0,301376689,98853232,0,0,
1789643259.5,0.36706624515427644,17.0,26.0,33.0,301376689,98853232,0,0,
1789643261.5,0.378045117084126,17.0,26.0,33.0,301376689,98853232,0,0,
1789643263.5,0.3963480052069177,18.0,25.0,33.0,301460420,98853232,83731,0,0.0
1789643265.5,0.4183129014261805,18.0,25.0,33.0,301460420,98853232,0,0,
1789643267.5,0.44763042327663893,21.0,22.0,33.0,301573510,98853248,113090,16,0.0001
1789643269.6,0.4769193356888437,22.0,21.0,33.0,301611040,98853248,37530,0,0.0
1789643271.6,0.5098988656357732,24.0,19.0,33.0,301719244,98853248,108204,0,0.0
1789643273.6,0.535525769951507,24.0,19.0,33.0,301719244,98853248,0,0,
1789643275.6,0.5684909951793097,26.0,17.0,33.0,301806777,98853248,87533,0,0.0
1789643277.6,0.5978013646702047,27.0,16.0,33.0,301864591,98853264,57814,16,0.0003
1789643279.7,0.6307451328193171,29.0,14.0,33.0,301929986,98853264,65395,0,0.0
1789643281.7,0.6600841117484658,31.0,12.0,33.0,302030193,98853280,100207,16,0.0002
1789643283.7,0.6930064228188879,33.0,10.0,33.0,302092699,98853280,62506,0,0.0
1789643285.7,0.7259931051253808,35.0,8.0,33.0,302179403,98853296,86704,16,0.0002
1789643287.7,0.7282675554665484,35.0,8.0,33.0,302211106,98853296,31703,0,0.0
1789643289.7,0.7575993820361338,37.0,6.0,33.0,302306843,98853296,95737,0,0.0
1789643291.8,0.7905288454661192,38.0,5.0,33.0,302394592,98853296,87749,0,0.0
1789643293.8,0.8088889524654184,38.0,5.0,33.0,302394592,98853296,0,0,
1789643295.8,0.8381635601584962,40.0,3.0,33.0,302481621,98853296,87029,0,0.0
1789643297.8,0.8711430901054258,42.0,1.0,33.0,302558513,98853296,76892,0,0.0
1789643299.8,0.8309754387972592,41.0,0.0,33.0,302560845,98853296,2332,0,0.0
1789643301.8,0.8237730127168953,40.0,0.0,33.0,302682496,98974928,121651,121632,0.9998
1789643303.9,0.8587194415437653,41.0,0.0,33.0,302759900,99025568,77404,50640,0.6542
1789643305.9,0.7657316148597422,36.0,0.0,33.0,302759900,99025568,0,0,
1789643307.9,0.7610968858626461,36.0,0.0,33.0,302968817,99209744,208917,184176,0.8816
1789643309.9,0.7347762026692606,34.0,0.0,33.0,303029487,99267792,60670,58048,0.9568
1789643311.9,0.798374983907191,38.0,1.0,33.0,303369257,99567136,339770,299344,0.881
1789643313.9,0.8861701975481712,42.0,0.0,33.0,303580873,99774096,211616,206960,0.978
1789643315.9,0.8354385111648333,41.0,0.0,33.0,303656552,99816576,75679,42480,0.5613
1789643318.0,0.7902642081622727,40.0,0.0,33.0,303747112,99904320,90560,87744,0.9689
1789643320.0,0.7110375212782697,37.0,0.0,33.0,303851017,99999840,103905,95520,0.9193
1789643322.0,0.8507517129901154,42.0,0.0,33.0,304204557,100316752,353540,316912,0.8964
1789643324.0,0.7936615789548972,37.0,0.0,33.0,304245118,100354352,40561,37600,0.927
1789643326.0,0.8159554837140772,39.0,0.0,33.0,304419672,100424848,174554,70496,0.4039
1789643328.0,0.8149183915773814,39.0,1.0,33.0,304474909,100451216,55237,26368,0.4774
1789643330.1,0.8360750711659777,39.0,0.0,33.0,304598179,100571184,123270,119968,0.9732
1789643332.1,0.8866708627176105,41.0,0.0,33.0,304838850,100808432,240671,237248,0.9858
1789643334.1,0.8801193013575178,41.0,0.0,33.0,305133582,101080096,294732,271664,0.9217
1789643336.1,0.9009612771253237,41.0,1.0,33.0,305306468,101217872,172886,137776,0.7969
1789643338.1,0.9191926416524812,43.0,0.0,33.0,305343727,101217872,37259,0,0.0
1789643340.1,0.8943024303717797,42.0,0.0,33.0,305343727,101217872,0,0,
1789643342.2,0.8240662594589956,39.0,0.0,33.0,305364024,101237248,20297,19376,0.9546
1789643344.2,0.8147038207904788,39.0,1.0,33.0,305604478,101424208,240454,186960,0.7775
1789643346.2,0.9426166192226816,43.0,0.0,33.0,305932995,101698576,328517,274368,0.8352
1789643348.2,0.9126053184945714,42.0,0.0,33.0,306031294,101770624,98299,72048,0.7329
1789643350.2,0.969209092079477,43.0,0.0,33.0,306190845,101913792,159551,143168,0.8973
1789643352.2,0.9476232709170755,42.0,0.0,33.0,306190845,101913792,0,0,
1789643354.3,0.9803024017623414,43.0,0.0,33.0,306263026,101963952,72181,50160,0.6949
1789643356.3,0.9258657931251519,41.0,0.0,33.0,306349018,102045312,85992,81360,0.9461
1789643358.3,0.9741442201782368,43.0,0.0,33.0,306549306,102208752,200288,163440,0.816
1789643360.3,0.9650964853305105,43.0,0.0,33.0,306657602,102283568,108296,74816,0.6908
1789643362.3,0.9553478192455691,41.0,0.0,33.0,306751531,102352368,93929,68800,0.7325
1789643364.3,0.9924184988627748,43.0,1.0,33.0,306832691,102406768,81160,54400,0.6703
1789643366.4,0.9939848656071638,42.0,2.0,33.0,306882667,102406768,49976,0,0.0
1789643368.4,0.9803596206388487,42.0,1.0,33.0,306948537,102406768,65870,0,0.0
1789643370.4,0.9908306750396956,42.0,0.0,33.0,307010961,102406768,62424,0,0.0
1789643372.4,0.9506987855293462,41.0,2.0,33.0,307065219,102406768,54258,0,0.0
1789643374.4,0.9763328422046433,42.0,1.0,33.0,307107629,102406768,42410,0,0.0
1789643376.4,0.9691018066860257,41.0,0.0,33.0,307145603,102406768,37974,0,0.0
1789643378.5,0.9690231307308281,41.0,1.0,33.0,307192660,102406768,47057,0,0.0
1789643380.5,0.9788933869283477,41.0,0.0,33.0,307278720,102406768,86060,0,0.0
1789643382.5,0.9527944268814281,39.0,1.0,33.0,307278720,102406768,0,0,
1789643384.5,0.9857811091879211,42.0,0.0,33.0,307377500,102406768,98780,0,0.0
1789643386.5,0.9528158839601184,40.0,0.0,33.0,307377500,102406768,0,0,
1789643388.5,0.9158310326576737,38.0,3.0,33.0,307437639,102407200,60139,432,0.0072
1789643390.6,0.9487962578854764,40.0,1.0,33.0,307525754,102407200,88115,0,0.0
1789643392.6,0.9754387972592158,41.0,2.0,33.0,307567610,102407200,41856,0,0.0
1789643394.6,0.9842433518817858,41.0,0.0,33.0,307667257,102461904,99647,54704,0.549
1789643396.6,0.8345087044215886,35.0,0.0,33.0,307714927,102509104,47670,47200,0.9901
1789643398.6,0.8391362810591214,35.0,5.0,33.0,307868013,102581664,153086,72560,0.474
1789643400.7,0.8611083296379476,36.0,5.0,33.0,307909510,102581664,41497,0,0.0
1789643402.7,0.8940807072253136,38.0,5.0,33.0,307992157,102581680,82647,16,0.0002
1789643404.7,0.9270530848126797,40.0,3.0,33.0,308075355,102581680,83198,0,0.0
1789643406.7,0.9806671721000758,42.0,2.0,33.0,308186926,102636112,111571,54432,0.4879
1789643408.7,0.9917747865020671,42.0,1.0,33.0,308229931,102636112,43005,0,0.0
1789643410.7,0.9989915173015578,42.0,2.0,33.0,308277002,102636112,47071,0,0.0
1789643412.8,0.9790578911983063,42.0,1.0,33.0,308357548,102636112,80546,0,0.0
1789643414.8,0.9739368017508976,41.0,0.0,33.0,308416461,102636112,58913,0,0.0
1789643416.8,0.9592315504885062,41.0,0.0,33.0,308456820,102636112,40359,0,0.0
1789643418.8,0.988556224698528,42.0,2.0,33.0,308519621,102636112,62801,0,0.0
1789643420.8,0.9824624143504942,42.0,1.0,33.0,308559573,102636112,39952,0,0.0
1789643422.8,0.9816327406411375,42.0,1.0,33.0,308594544,102636112,34971,0,0.0
1789643424.9,0.9804168395153561,42.0,0.0,33.0,308654955,102636112,60411,0,0.0
1789643426.9,0.9441686812479437,40.0,0.0,33.0,308738612,102691648,83657,55536,0.6639
1789643428.9,0.9615274579083639,41.0,0.0,33.0,308883437,102790720,144825,99072,0.6841
1789643430.9,0.9776703334430028,41.0,0.0,33.0,308883437,102790720,0,0,
1789643432.9,0.9806457150213855,41.0,2.0,33.0,308946227,102790720,62790,0,0.0
1789643434.9,0.9750740269214814,41.0,0.0,33.0,309031458,102819104,85231,28384,0.333
1789643436.9,0.9559843792467135,40.0,1.0,33.0,309072687,102834144,41229,15040,0.3648
1789643439.0,0.9823765860357332,41.0,1.0,33.0,309181305,102874672,108618,40528,0.3731
1789643441.0,0.9660191397141917,41.0,2.0,33.0,309214317,102874672,33012,0,0.0
1789643443.0,0.9756033015291745,41.0,2.0,33.0,309344580,102950336,130263,75664,0.5809
1789643445.0,0.9644527729698027,42.0,0.0,33.0,309450797,102954992,106217,4656,0.0438
1789643447.0,0.9870113150328294,42.0,1.0,33.0,309450797,102954992,0,0,
1789643449.1,0.984400703792181,42.0,0.0,33.0,309525203,102954992,74406,0,0.0
1789643451.1,0.9927045932453116,42.0,0.0,33.0,309525203,102954992,0,0,
1789643453.1,0.9616347433018153,40.0,2.0,33.0,309592099,102970496,66896,15504,0.2318
1789643455.1,0.975066874561918,42.0,0.0,33.0,309686353,103006128,94254,35632,0.378
1789643457.1,0.9859742228961335,42.0,1.0,33.0,309750020,103041488,63667,35360,0.5554
1789643459.2,0.9471869769837069,40.0,1.0,33.0,309843368,103072256,93348,30768,0.3296
1789643461.2,0.9821405581701403,41.0,2.0,33.0,309910557,103076640,67189,4384,0.0652
1789643463.2,0.931859470439298,40.0,2.0,33.0,309997225,103076640,86668,0,0.0
1789643465.2,0.9574649176763415,40.0,2.0,33.0,309997225,103076640,0,0,
1789643467.2,0.9794727280529847,41.0,2.0,33.0,310039149,103076640,41924,0,0.0
1789643469.2,0.9351066416810906,39.0,1.0,33.0,310080598,103076640,41449,0,0.0
1789643471.3,0.9375599010113437,39.0,0.0,33.0,310139855,103076640,59257,0,0.0
1789643473.3,0.9738938875935171,41.0,1.0,33.0,310309049,103192112,169194,115472,0.6825
1789643475.3,0.9771911253522537,41.0,0.0,33.0,310332709,103192112,23660,0,0.0
1789643477.3,0.9015477706095241,38.0,0.0,33.0,310427381,103197856,94672,5744,0.0607
1789643479.3,0.9235698857052942,38.0,3.0,33.0,310427381,103197856,0,0,
1789643481.3,0.9469724061968043,39.0,2.0,33.0,310489767,103209344,62386,11488,0.1841
1789643483.3,0.9503554722703019,39.0,2.0,33.0,310534959,103209344,45192,0,0.0
1789643485.4,0.9524797230606377,39.0,1.0,33.0,310575545,103209344,40586,0,0.0
1789643487.4,0.9626503783598209,40.0,1.0,33.0,310665686,103209344,90141,0,0.0
1789643489.4,0.9899151730155779,40.0,1.0,33.0,310708466,103209344,42780,0,0.0
1789643491.4,0.9508918992375585,38.0,0.0,33.0,310751563,103219344,43097,10000,0.232
1789643493.4,0.9670061653339437,39.0,2.0,33.0,310868054,103273792,116491,54448,0.4674
1789643495.5,0.9473228718154119,39.0,0.0,33.0,310908287,103273792,40233,0,0.0
1789643497.5,0.9336690174088431,39.0,0.0,33.0,311062469,103375728,154182,101936,0.6611
1789643499.5,0.95321641609567,39.0,2.0,33.0,311121207,103421360,58738,45632,0.7769
1789643501.5,0.9714334759037007,40.0,1.0,33.0,311214359,103464224,93152,42864,0.4602
1789643503.5,0.9939061896519662,41.0,1.0,33.0,311263542,103464224,49183,0,0.0
1789643505.6,0.9821620152488306,40.0,0.0,33.0,311323426,103477472,59884,13248,0.2212
1789643507.6,0.8989013975710587,37.0,1.0,33.0,311429768,103477472,106342,0,0.0
1789643509.6,0.9208949032285751,37.0,2.0,33.0,311429768,103477472,0,0,
1789643511.6,0.9355071738166421,37.0,2.0,33.0,311429768,103477472,0,0,
1789643513.6,0.9574935271145951,38.0,3.0,33.0,311501000,103477472,71232,0,0.0
1789643515.6,0.958122934756176,38.0,1.0,33.0,311602685,103532848,101685,55376,0.5446
1789643517.7,0.987447608966198,39.0,1.0,33.0,311646901,103532848,44216,0,0.0
1789643519.7,0.9781781509720057,39.0,0.0,33.0,311693292,103553792,46391,20944,0.4515
1789643521.7,0.9346775001072853,37.0,0.0,33.0,311693292,103553792,0,0,
1789643523.7,0.9604689086929779,38.0,2.0,33.0,311765393,103553808,72101,16,0.0002
1789643525.7,0.9611841446493198,39.0,0.0,33.0,311847485,103567168,82092,13360,0.1627
1789643527.7,0.9771696682735634,39.0,2.0,33.0,311847485,103567168,0,0,
1789643529.8,0.9857238903114137,39.0,1.0,33.0,311908588,103616896,61103,49728,0.8138
1789643531.8,0.9002102793711646,36.0,2.0,33.0,311957929,103616896,49341,0,0.0
1789643533.8,0.9433533122577138,38.0,2.0,33.0,312061207,103656096,103278,39200,0.3796
1789643535.8,0.9525226372180182,38.0,0.0,33.0,312213757,103767168,152550,111072,0.7281
1789643537.8,0.9552977527286252,38.0,1.0,33.0,312288792,103767168,75035,0,0.0
1789643539.9,0.953881585535068,37.0,1.0,33.0,312288792,103767168,0,0,
1789643541.9,0.9795227945699286,38.0,1.0,33.0,312356618,103767168,67826,0,0.0
1789643543.9,0.9917819388616305,40.0,0.0,33.0,312453860,103800496,97242,33328,0.3427
1789643545.9,0.999113107414136,40.0,0.0,33.0,312453860,103800496,0,0,
1789643547.9,0.9671778219634657,40.0,2.0,33.0,312596267,103860400,142407,59904,0.4207
1789643549.9,0.9854664053671306,40.0,2.0,33.0,312596267,103860400,0,0,
1789643552.0,0.9355643926931495,38.0,1.0,33.0,312659604,103860400,63337,0,0.0
1789643554.0,0.9685081608422619,40.0,2.0,33.0,312748636,103860400,89032,0,0.0
1789643556.0,0.9763686040024604,40.0,1.0,33.0,312784482,103894240,35846,33840,0.944
1789643558.0,0.9568140529560702,40.0,4.0,33.0,312863155,103894240,78673,0,0.0
1789643560.0,0.9738867352339536,40.0,4.0,33.0,312863155,103894240,0,0,
1789643562.1,0.9757034345630624,40.0,4.0,33.0,312927029,103894256,63874,16,0.0003
1789643564.1,0.9704607550030755,40.0,3.0,33.0,312968272,103894256,41243,0,0.0
1789643566.1,0.9706252592730342,39.0,4.0,33.0,312968272,103894256,0,0,
1789643568.1,0.9181555495157853,37.0,6.0,33.0,313054470,103894256,86198,0,0.0
1789643570.1,0.9328107342612327,39.0,4.0,33.0,313094561,103894256,40091,0,0.0
1789643572.2,0.9657831118485989,40.0,3.0,33.0,313145931,103894256,51370,0,0.0
1789643574.2,0.9756390633269916,40.0,3.0,33.0,313195786,103894256,49855,0,0.0
1789643576.2,0.971490694780208,40.0,2.0,33.0,313294173,103894256,98387,0,0.0
1789643578.2,0.9607192412776975,39.0,2.0,33.0,313294173,103894256,0,0,
1789643580.2,0.9604116898164704,40.0,0.0,33.0,313418541,103894256,124368,0,0.0
1789643582.2,0.9860314417726408,40.0,1.0,33.0,313418541,103894256,0,0,
1789643584.3,0.9762541662494457,40.0,1.0,33.0,313465522,103903168,46981,8912,0.1897
1789643586.3,0.9855450813223282,40.0,2.0,33.0,313465522,103903168,0,0,
1789643588.3,0.9727638147824967,40.0,1.0,33.0,313527608,103903168,62086,0,0.0
1789643590.3,0.9668130516257313,40.0,1.0,33.0,313600426,103903168,72818,0,0.0
1789643592.3,0.9615918291444348,39.0,3.0,33.0,313600426,103903168,0,0,
1789643594.3,0.9717696368031814,40.0,1.0,33.0,313749203,103952800,148777,49632,0.3336
1789643596.4,0.9743659433247028,39.0,3.0,33.0,313749203,103952800,0,0,
1789643598.4,0.9946285779678716,40.0,3.0,33.0,313804460,103995408,55257,42608,0.7711
1789643600.4,0.994106455719742,38.0,5.0,33.0,313804460,103995408,0,0,
1789643602.4,0.9866751541333486,37.0,5.0,33.0,313872356,103995408,67896,0,0.0
1789643604.4,0.9955798417898064,37.0,5.0,33.0,313872356,103995408,0,0,
1789643606.4,0.985251834580228,37.0,4.0,33.0,313909854,103995408,37498,0,0.0
1789643608.5,0.9754888637761597,38.0,3.0,33.0,314015340,103995408,105486,0,0.0
1789643610.5,0.9667343756705337,38.0,2.0,33.0,314066887,103995408,51547,0,0.0
1789643612.5,0.9864033644699386,38.0,3.0,33.0,314066887,103995408,0,0,
1789643614.5,0.9768120502953924,38.0,2.0,33.0,314114344,103995408,47457,0,0.0
1789643616.5,0.9596249302644942,38.0,1.0,33.0,314163880,103995408,49536,0,0.0
1789643618.5,0.988913842676699,39.0,2.0,33.0,314225577,103995408,61697,0,0.0
1789643620.6,0.9761969473729384,38.0,2.0,33.0,314225577,103995408,0,0,
1789643622.6,0.9791008053556869,38.0,1.0,33.0,314293850,103995408,68273,0,0.0
1789643624.6,0.9821977770466477,38.0,2.0,33.0,314340941,103995408,47091,0,0.0
1789643626.6,0.9750239604045374,39.0,0.0,33.0,314425824,103995408,84883,0,0.0
1789643628.6,0.9684151801679374,38.0,2.0,33.0,314425824,103995408,0,0,
1789643630.6,0.9631081293718797,38.0,1.0,33.0,314512473,103995408,86649,0,0.0
1789643632.7,0.977741857038637,39.0,0.0,33.0,314562652,103995408,50179,0,0.0
1789643634.7,0.999063040897192,39.0,2.0,33.0,314562652,103995408,0,0,
1789643636.7,0.9620066659991131,38.0,2.0,33.0,314641804,103995856,79152,448,0.0057
1789643638.7,0.9876264179552835,38.0,3.0,33.0,314641804,103995856,0,0,
1789643640.7,0.973192956356302,39.0,1.0,33.0,314707724,103995856,65920,0,0.0
1789643642.7,0.9602614902656387,39.0,1.0,33.0,314788587,103995856,80863,0,0.0
1789643644.8,0.9434892070894187,38.0,2.0,33.0,314788587,103995856,0,0,
1789643646.8,0.9458423333857839,38.0,1.0,33.0,314861891,103995856,73304,0,0.0
1789643648.8,0.9678072296050467,39.0,2.0,33.0,314930397,103995856,68506,0,0.0
1789643650.8,0.9452558399015836,37.0,2.0,33.0,314930397,103995856,0,0,
1789643652.8,0.9672064314017195,38.0,2.0,33.0,315010634,103995856,80237,0,0.0
1789643654.8,0.9855379289627648,38.0,3.0,33.0,315010634,103995856,0,0,
1789643656.9,0.970961420172515,37.0,3.0,33.0,315010634,103995856,0,0,
1789643658.9,0.9909808745905274,38.0,3.0,33.0,315054530,103995856,43896,0,0.0
1789643660.9,0.9775558956899881,38.0,2.0,33.0,315099882,103995856,45352,0,0.0
1789643662.9,0.9540460898050267,38.0,2.0,33.0,315162568,103995856,62686,0,0.0
1789643664.9,0.9796443846825068,39.0,1.0,33.0,315199000,103995856,36432,0,0.0
1789643666.9,0.9540746992432804,38.0,1.0,33.0,315276905,103995856,77905,0,0.0
1789643669.0,0.9704607550030755,37.0,3.0,33.0,315276905,103995856,0,0,
1789643671.0,0.9428884088860915,36.0,1.0,33.0,315395066,104050880,118161,55024,0.4657
1789643673.0,0.9685725320783326,37.0,3.0,33.0,315465013,104050896,69947,16,0.0002
1789643675.0,0.9835924871615146,37.0,3.0,33.0,315465013,104050896,0,0,
1789643677.0,0.9638233653282218,37.0,1.0,33.0,315571163,104087472,106150,36576,0.3446
1789643679.0,0.9880841689673423,37.0,3.0,33.0,315571163,104087472,0,0,
1789643681.1,0.957271803968129,37.0,2.0,33.0,315663262,104087472,92099,0,0.0
1789643683.1,0.986632239975968,38.0,2.0,33.0,315710330,104087472,47068,0,0.0
1789643685.1,0.9898364970603802,38.0,1.0,33.0,315792109,104108896,81779,21424,0.262
1789643687.1,0.9988341653911625,38.0,1.0,33.0,315792109,104108896,0,0,
1789643689.1,0.9563706066631381,37.0,1.0,33.0,315847953,104108896,55844,0,0.0
1789643691.1,0.9778491424320883,37.0,3.0,33.0,315847953,104108896,0,0,
1789643693.2,0.97193414107314,37.0,4.0,33.0,315921479,104108896,73526,0,0.0
1789643695.2,0.9902727909937489,37.0,4.0,33.0,315921479,104108896,0,0,
1789643697.2,0.9875405896405224,37.0,3.0,33.0,315963543,104108896,42064,0,0.0
1789643699.2,0.9925543936944798,37.0,4.0,33.0,315998801,104132688,35258,23792,0.6748
1789643701.2,0.9730999756819775,36.0,4.0,33.0,316061822,104132688,63021,0,0.0
1789643703.2,0.975016808044974,36.0,4.0,33.0,316109147,104132688,47325,0,0.0
1789643705.3,0.9503983864276825,35.0,3.0,33.0,316159349,104132688,50202,0,0.0
1789643707.3,0.9796801464803239,37.0,2.0,33.0,316268788,104132688,109439,0,0.0
1789643709.3,0.9750954840001717,36.0,4.0,33.0,316268788,104132688,0,0,
1789643711.3,0.9839429527801221,37.0,2.0,34.0,316306491,104132688,37703,0,0.0
1789643713.3,0.9609695738624172,36.0,3.0,34.0,316357701,104132688,51210,0,0.0
1789643715.4,0.9489536097958716,35.0,3.0,34.0,316398341,104132688,40640,0,0.0
1789643717.4,0.978285436365457,37.0,1.0,34.0,316491043,104132688,92702,0,0.0
1789643719.4,0.9910738552648519,37.0,3.0,34.0,316491043,104132688,0,0,
1789643721.4,0.9297852861659062,35.0,4.0,34.0,316560290,104132688,69247,0,0.0
1789643723.4,0.9517644871042957,36.0,4.0,34.0,316608783,104132688,48493,0,0.0
1789643725.4,0.9543536412662538,36.0,3.0,34.0,316646947,104132688,38164,0,0.0
1789643727.5,0.9873117141344929,37.0,2.0,34.0,316693833,104132688,46886,0,0.0
1789643729.5,0.9683865707296837,36.0,3.0,34.0,316779494,104132688,85661,0,0.0
1789643731.5,0.965411189151301,35.0,3.0,34.0,316779494,104132688,0,0,
1789643733.5,0.9843434849156737,36.0,4.0,34.0,316817163,104132688,37669,0,0.0
1789643735.5,0.9814253222137983,36.0,4.0,34.0,316906475,104132688,89312,0,0.0
1789643737.5,0.9796443846825068,36.0,3.0,34.0,316971950,104132688,65475,0,0.0
1789643739.6,0.998176148311328,36.0,4.0,34.0,316971950,104132688,0,0,
1789643741.6,0.9031141373539131,33.0,4.0,34.0,317042541,104132704,70591,16,0.0002
1789643743.6,0.9214098731171414,34.0,6.0,34.0,317079722,104156496,37181,23792,0.6399
1789643745.6,0.9372881113479337,35.0,4.0,34.0,317172751,104156496,93029,0,0.0
1789643747.6,0.9628864062254138,36.0,4.0,34.0,317237108,104156496,64357,0,0.0
1789643749.6,0.9797945842333385,36.0,4.0,34.0,317237108,104156496,0,0,
1789643751.7,0.9701818129801021,36.0,3.0,34.0,317306622,104156496,69514,0,0.0
1789643753.7,0.9738295163574463,36.0,4.0,34.0,317368901,104156496,62279,0,0.0
1789643755.7,0.9704822120817658,36.0,4.0,34.0,317427033,104156496,58132,0,0.0
1789643757.7,0.9935414193142318,36.0,4.0,34.0,317427033,104156496,0,0,
1789643759.7,0.9906947802079906,37.0,2.0,34.0,317484287,104156496,57254,0,0.0
1789643761.7,0.9589669131846597,36.0,2.0,34.0,317549174,104156496,64887,0,0.0
1789643763.8,0.9809461141230492,37.0,2.0,34.0,317605925,104156496,56751,0,0.0
1789643765.8,0.9781924556911326,36.0,2.0,34.0,317605925,104156496,0,0,
1789643767.8,0.974709256583747,36.0,3.0,34.0,317684600,104156496,78675,0,0.0
1789643769.8,0.9584877050939105,36.0,3.0,34.0,317735219,104156496,50619,0,0.0
1789643771.8,0.9914529303217131,37.0,2.0,34.0,317783390,104156496,48171,0,0.0
1789643773.8,0.996066202240119,37.0,3.0,34.0,317783390,104156496,0,0,
1789643775.9,0.971047248487276,36.0,4.0,34.0,317823489,104156496,40099,0,0.0
1789643777.9,0.9565136538544066,37.0,2.0,34.0,317920323,104175104,96834,18608,0.1922
1789643779.9,0.9605690417268657,36.0,3.0,34.0,317920323,104175104,0,0,
1789643781.9,0.9807601527744003,37.0,2.0,34.0,317961212,104175104,40889,0,0.0
1789643783.9,0.9802523352453975,37.0,3.0,34.0,318017250,104175104,56038,0,0.0
1789643786.0,0.9631581958888237,37.0,2.0,34.0,318076681,104175104,59431,0,0.0
1789643788.0,0.9625001788089891,37.0,2.0,34.0,318150582,104175104,73901,0,0.0
1789643790.0,0.9881413878438496,37.0,3.0,34.0,318150582,104175104,0,0,
1789643792.0,0.983191955025963,36.0,3.0,34.0,318201727,104175104,51145,0,0.0
1789643794.0,0.969566710057648,35.0,4.0,34.0,318280705,104175104,78978,0,0.0
1789643796.1,0.9915316062769107,35.0,4.0,34.0,318280705,104175104,0,0,
1789643798.1,0.9828057276095384,36.0,3.0,34.0,318370698,104198896,89993,23792,0.2644
1789643800.1,0.9848441500851131,36.0,4.0,34.0,318418708,104198896,48010,0,0.0
1789643802.1,0.9898293447008168,37.0,3.0,34.0,318439784,104217504,21076,18608,0.8829
1789643804.1,0.945620610239318,37.0,2.0,34.0,318496805,104217504,57021,0,0.0
1789643806.1,0.9676069635372709,37.0,2.0,34.0,318496805,104217504,0,0,
1789643808.2,0.965682978814711,37.0,3.0,34.0,318573600,104217504,76795,0,0.0
1789643810.2,0.9839858669375027,37.0,3.0,34.0,318573600,104217504,0,0,
1789643812.2,0.9324102021256813,36.0,2.0,34.0,318667681,104217504,94081,0,0.0
1789643814.2,0.9616776574591958,37.0,4.0,34.0,318716615,104217504,48934,0,0.0
1789643816.2,0.9910166363883445,38.0,3.0,34.0,318776349,104217504,59734,0,0.0
1789643818.2,0.9471583675454532,37.0,2.0,34.0,318841148,104217504,64799,0,0.0
1789643820.3,0.9728210336590041,38.0,3.0,34.0,318892839,104217504,51691,0,0.0
1789643822.3,0.9961162687570629,39.0,2.0,34.0,318893231,104217504,392,0,0.0
1789643824.3,0.9662766246584749,37.0,3.0,34.0,318936071,104217504,42840,0,0.0
1789643826.3,0.9655756934212597,36.0,5.0,34.0,319016931,104217504,80860,0,0.0
1789643828.3,0.9305076744818116,36.0,3.0,34.0,319092996,104217504,76065,0,0.0
1789643830.3,0.9229976969402206,35.0,5.0,34.0,319092996,104217504,0,0,
1789643832.3,0.9267097715536355,37.0,2.0,34.0,319215990,104236112,122994,18608,0.1513
1789643834.4,0.9523724376671864,38.0,2.0,34.0,319276524,104236112,60534,0,0.0
1789643836.4,0.9532092637361066,38.0,2.0,34.0,319358054,104236112,81530,0,0.0
1789643838.4,0.9788647774900939,38.0,2.0,34.0,319358054,104236112,0,0,
1789643840.4,0.9159812322085056,38.0,1.0,34.0,319439170,104236112,81116,0,0.0
1789643842.4,0.941600984164676,38.0,1.0,34.0,319439170,104236112,0,0,
1789643844.4,0.9635801851030655,39.0,1.0,34.0,319496442,104236112,57272,0,0.0
1789643846.5,0.9928762498748337,40.0,0.0,34.0,319549627,104236112,53185,0,0.0
1789643848.5,0.9644956871271833,39.0,0.0,34.0,319549627,104236112,0,0,
1789643850.5,0.9439898722588582,38.0,0.0,34.0,319643847,104313008,94220,76896,0.8161
1789643852.5,0.9187348906404222,37.0,0.0,34.0,319694052,104313008,50205,0,0.0
1789643854.5,0.9256083081808688,37.0,1.0,34.0,319769516,104320224,75464,7216,0.0956
1789643856.6,0.9439111963036606,38.0,1.0,34.0,319826057,104320224,56541,0,0.0
1789643858.6,0.9201367531148525,38.0,0.0,34.0,319911176,104369424,85119,49200,0.578
1789643860.6,0.9767119172615045,39.0,0.0,34.0,320014106,104455840,102930,86416,0.8396
1789643862.6,0.982698442216087,39.0,0.0,34.0,320145790,104546800,131684,90960,0.6907
1789643864.6,0.9957729554980188,39.0,0.0,34.0,320145790,104546800,0,0,
1789643866.6,0.9811606849099518,38.0,0.0,34.0,320273381,104665648,127591,118848,0.9315
1789643868.7,0.9504699100233167,37.0,0.0,34.0,320325001,104715648,51620,50000,0.9686
1789643870.7,0.9671706696039023,37.0,0.0,34.0,320469077,104817232,144076,101584,0.7051
1789643872.7,0.9505557383380777,36.0,0.0,34.0,320514188,104858864,45111,41632,0.9229
1789643874.7,0.9059035575836468,35.0,0.0,34.0,320561261,104858864,47073,0,0.0
1789643876.7,0.9328178866207962,35.0,0.0,34.0,320770320,105005440,209059,146576,0.7011
1789643878.7,0.9912169024561203,37.0,0.0,34.0,320892220,105105536,121900,100096,0.8211
1789643880.8,0.9690517401690818,36.0,0.0,34.0,320892220,105105536,0,0,
1789643882.8,0.9556982848641767,36.0,0.0,34.0,321018080,105196224,125860,90688,0.7205
1789643884.8,0.9633227001587824,36.0,0.0,34.0,321083319,105219920,65239,23696,0.3632
1789643886.8,0.968322199493613,36.0,0.0,34.0,321125016,105261088,41697,41168,0.9873
1789643888.9,0.9492110947401547,36.0,1.0,34.0,321226163,105314976,101147,53888,0.5328
1789643890.9,0.9467077688929578,36.0,0.0,34.0,321318753,105363072,92590,48096,0.5195
1789643892.9,0.9312586722359706,37.0,0.0,34.0,321495393,105472752,176640,109680,0.6209
1789643894.9,0.9569141859899581,38.0,0.0,34.0,321545659,105472752,50266,0,0.0
1789643896.9,0.9791151100748137,38.0,1.0,34.0,321545659,105472752,0,0,
1789643898.9,0.9525727037349622,37.0,0.0,34.0,321669255,105592688,123596,119936,0.9704
1789643901.0,0.9154376528816857,36.0,0.0,34.0,321802410,105716064,133155,123376,0.9266
1789643903.0,0.9705322785987097,39.0,0.0,34.0,321982062,105818976,179652,102912,0.5728
1789643905.0,0.9961162687570629,39.0,0.0,34.0,321982062,105818976,0,0,
1789643907.0,0.9983978714577939,39.0,0.0,34.0,322074273,105908272,92211,89296,0.9684
1789643909.0,0.9472942623771582,37.0,0.0,34.0,322184958,106016304,110685,108032,0.976
1789643911.0,0.9584590956556568,37.0,0.0,34.0,322250357,106080528,65399,64224,0.982
1789643913.1,0.9333829230263064,36.0,0.0,34.0,322508590,106334736,258233,254208,0.9844
1789643915.1,0.9611912970088832,37.0,1.0,34.0,322652649,106428096,144059,93360,0.6481
1789643917.1,0.983191955025963,37.0,1.0,34.0,322729526,106497952,76877,69856,0.9087
1789643919.1,0.9361079720199694,35.0,3.0,34.0,322825752,106497952,96226,0,0.0
1789643921.1,0.9690302830903915,36.0,2.0,34.0,322884526,106497952,58774,0,0.0
1789643923.2,0.9971175990959418,37.0,1.0,34.0,322929959,106541952,45433,44000,0.9685
1789643925.2,0.9990988026950091,37.0,1.0,34.0,322985025,106541952,55066,0,0.0
1789643927.2,0.9846152745790836,37.0,0.0,34.0,323020345,106565744,35320,23792,0.6736
1789643929.2,0.9338764358361824,37.0,0.0,34.0,323069616,106565744,49271,0,0.0
1789643931.2,0.8674810820089548,33.0,0.0,34.0,323115788,106565744,46172,0,0.0
1789643933.2,0.9177049508632898,36.0,0.0,34.0,323310365,106689776,194577,124032,0.6374
1789643935.3,0.9433247028194601,36.0,0.0,34.0,323310365,106689776,0,0,
1789643937.3,0.8922926173344586,34.0,0.0,34.0,323310365,106689776,0,0,
1789643939.3,0.8938017652023402,35.0,0.0,34.0,323571052,106943616,260687,253840,0.9737
1789643941.3,0.8217131331626304,32.0,0.0,34.0,323571052,106943616,0,0,
1789643943.3,0.8311113336289642,32.0,1.0,34.0,323710426,106996640,139374,53024,0.3804
1789643945.3,0.821076573161486,31.0,6.0,34.0,323710426,106996640,0,0,
1789643947.4,0.884668202039853,34.0,3.0,34.0,323896112,107113488,185686,116848,0.6293
1789643949.4,0.9737508404022487,38.0,0.0,34.0,324118777,107263552,222665,150064,0.6739
1789643951.4,0.9992203928075872,38.0,0.0,34.0,324185559,107329808,66782,66256,0.9921
1789643953.4,0.9771124493970561,37.0,0.0,34.0,324185559,107329808,0,0,
1789643955.4,0.8661507431301586,33.0,0.0,34.0,324236623,107379776,51064,49968,0.9785
1789643957.4,0.7312000228875506,28.0,0.0,34.0,324236623,107379776,0,0,
1789643959.5,0.7106083797044644,28.0,6.0,34.0,324332629,107379776,96006,0,0.0
1789643961.5,0.7289112678272562,28.0,7.0,34.0,324332629,107379776,0,0,
1789643963.5,0.7545739339408071,29.0,7.0,34.0,324424016,107379776,91387,0,0.0
1789643965.5,0.7692005092480009,29.0,7.0,34.0,324424016,107379776,0,0,
1789643967.5,0.7948560230019883,30.0,6.0,34.0,324495237,107379776,71221,0,0.0
1789643969.5,0.8423190810648433,33.0,3.0,34.0,324628773,107420416,133536,40640,0.3043
1789643971.6,0.8061138369548114,31.0,3.0,34.0,324628773,107420416,0,0,
1789643973.6,0.8281144949718913,32.0,4.0,34.0,324715952,107420416,87179,0,0.0
1789643975.6,0.8255324931694966,31.0,4.0,34.0,324715952,107420416,0,0,
1789643977.6,0.8142532221379833,31.0,3.0,34.0,324785000,107420416,69048,0,0.0
1789643979.6,0.8398944311728439,32.0,4.0,34.0,324850860,107420416,65860,0,0.0
1789643981.6,0.9163674596249303,35.0,1.0,34.0,325025966,107542336,175106,121920,0.6963
1789643983.7,0.9067117742143133,35.0,1.0,34.0,325069809,107542336,43843,0,0.0
1789643985.7,0.9349206803324417,36.0,0.0,34.0,325123185,107542336,53376,0,0.0
1789643987.7,0.9064256798317765,35.0,0.0,34.0,325123185,107542336,0,0,
1789643989.7,0.9322027836983421,36.0,1.0,34.0,325182906,107542336,59721,0,0.0
1789643991.7,0.9546611927274808,37.0,0.0,34.0,325229922,107542336,47016,0,0.0
1789643993.7,0.9025061867910223,35.0,0.0,34.0,325272188,107580048,42266,37712,0.8923
1789643995.8,0.9034860600512109,35.0,0.0,34.0,325316568,107624032,44380,43984,0.9911
1789643997.8,0.8310541147524568,33.0,0.0,34.0,325368767,107675376,52199,51344,0.9836
1789643999.8,0.8580828815426209,34.0,2.0,34.0,325496268,107740768,127501,65392,0.5129
1789644001.8,0.9651823136452715,38.0,0.0,34.0,325801320,107990000,305052,249232,0.817
1789644003.9,0.9239847225599725,36.0,0.0,34.0,325801320,107990000,0,0,
1789644005.9,0.880684337763028,34.0,0.0,34.0,325801320,107990000,0,0,
1789644007.9,0.8596349435678831,33.0,0.0,34.0,325801320,107990000,0,0,
1789644009.9,0.9016264465647217,35.0,0.0,34.0,326029873,108205504,228553,215504,0.9429
1789644011.9,0.8811420887750869,33.0,0.0,34.0,326029873,108205504,0,0,
1789644014.0,0.8570386370463616,32.0,3.0,34.0,326182979,108314064,153106,108560,0.7091
1789644016.0,0.898958616447566,34.0,2.0,34.0,326299149,108358768,116170,44704,0.3848
1789644018.0,0.9209378173859556,35.0,2.0,34.0,326334732,108358768,35583,0,0.0
1789644020.0,0.9539101949733217,36.0,1.0,34.0,326391391,108358768,56659,0,0.0
1789644022.0,0.9470081679946214,36.0,0.0,34.0,326440365,108358768,48974,0,0.0
1789644024.0,0.9189923755847054,36.0,1.0,34.0,326542499,108399360,102134,40592,0.3974
1789644026.1,0.927653883016007,36.0,0.0,34.0,326586110,108399360,43611,0,0.0
1789644028.1,0.8863633112563835,34.0,0.0,34.0,326586110,108399360,0,0,
1789644030.1,0.9193285364841861,37.0,2.0,34.0,326695020,108399360,108910,0,0.0
1789644032.1,0.9520577338463959,39.0,0.0,34.0,326756111,108444688,61091,45328,0.742
1789644034.1,0.8346660563319839,34.0,2.0,34.0,326887736,108498640,131625,53952,0.4099
1789644036.2,0.8656715350394095,35.0,1.0,34.0,326955414,108527040,67678,28400,0.4196
1789644038.2,0.8913055917147067,36.0,0.0,34.0,327007225,108527040,51811,0,0.0
1789644040.2,0.9247714821119487,37.0,1.0,34.0,327056782,108536352,49557,9312,0.1879
1789644042.2,0.9572217374511851,38.0,0.0,34.0,327128380,108567984,71598,31632,0.4418
1789644044.2,0.9596535397027479,38.0,0.0,34.0,327128380,108567984,0,0,
1789644046.2,0.929577867738567,36.0,0.0,34.0,327181799,108567984,53419,0,0.0
1789644048.3,0.942709599897006,36.0,0.0,34.0,327233265,108619040,51466,51056,0.992
1789644050.3,0.8503940950119444,33.0,0.0,34.0,327293013,108672496,59748,53456,0.8947
1789644052.3,0.8010785758221637,31.0,0.0,34.0,327293013,108672496,0,0,
1789644054.3,0.826712632497461,32.0,5.0,34.0,327370691,108696288,77678,23792,0.3063
1789644056.3,0.8292159583446579,32.0,4.0,34.0,327424665,108696288,53974,0,0.0
1789644058.3,0.8481267970303403,33.0,4.0,34.0,327512798,108744912,88133,48624,0.5517
1789644060.4,0.8810991746177064,35.0,2.0,34.0,327600301,108744912,87503,0,0.0
1789644062.4,0.9660549015120088,38.0,0.0,34.0,327774481,108918848,174180,173936,0.9986
1789644064.4,0.8599496473886735,34.0,0.0,34.0,327840367,108978768,65886,59920,0.9094
1789644066.4,0.7594661478821864,30.0,0.0,34.0,327840367,108978768,0,0,
1789644068.4,0.748015220221151,30.0,0.0,34.0,328000081,109056624,159714,77856,0.4875
1789644070.5,0.7528502152860228,29.0,6.0,34.0,328000081,109056624,0,0,
1789644072.5,0.7785128813995738,30.0,7.0,34.0,328078752,109056624,78671,0,0.0
1789644074.5,0.7967871600841118,31.0,7.0,34.0,328131260,109056624,52508,0,0.0
1789644076.5,0.8625030397528144,33.0,5.0,34.0,328251692,109138032,120432,81408,0.676
1789644078.5,0.8917847998054558,34.0,4.0,34.0,328305047,109138032,53355,0,0.0
1789644080.5,0.9392264007896205,37.0,0.0,34.0,328514272,109338160,209225,200128,0.9565
1789644082.6,0.9648461527457909,37.0,0.0,34.0,328573085,109338160,58813,0,0.0
1789644084.6,0.8571745318780666,33.0,0.0,34.0,328573085,109338160,0,0,
1789644086.6,0.8541061696253593,33.0,0.0,34.0,328747432,109507376,174347,169216,0.9706
1789644088.6,0.711945870942824,28.0,0.0,34.0,329020088,109721232,272656,213856,0.7843
1789644090.7,0.7466777289827915,29.0,4.0,34.0,329073233,109733408,53145,12176,0.2291
1789644092.7,0.775980946114123,30.0,3.0,34.0,329136828,109733408,63595,0,0.0
1789644094.7,0.8239375169868539,32.0,4.0,34.0,329340644,109855664,203816,122256,0.5998
1789644096.7,0.8197676913613801,31.0,6.0,34.0,329340644,109855664,0,0,
1789644098.7,0.869204800663739,34.0,3.0,34.0,329483684,109900656,143040,44992,0.3145
1789644100.7,0.9021414164532879,35.0,2.0,34.0,329527598,109900656,43914,0,0.0
1789644102.8,0.9131202883831376,35.0,0.0,34.0,329651501,110023104,123903,122448,0.9883
1789644104.8,0.9123120717524711,35.0,0.0,34.0,329697884,110023104,46383,0,0.0
1789644106.8,0.8657359062754802,33.0,0.0,34.0,329746939,110067088,49055,43984,0.8966
1789644108.8,0.884088860915216,34.0,0.0,34.0,330051302,110362816,304363,295728,0.9716
1789644110.8,0.820940678329781,32.0,0.0,34.0,330219052,110523440,167750,160624,0.9575
1789644112.9,0.8703777876321399,34.0,0.0,34.0,330422970,110723392,203918,199952,0.9806
1789644114.9,0.8961835009369591,35.0,1.0,34.0,330507647,110723392,84677,0,0.0
1789644116.9,0.9096728510735692,35.0,0.0,34.0,330571441,110784480,63794,61088,0.9576
1789644118.9,0.939319381463945,37.0,1.0,34.0,330690538,110784480,119097,0,0.0
1789644120.9,0.9618779235269715,38.0,0.0,34.0,330738178,110785664,47640,1184,0.0249
1789644122.9,0.9601470525126239,37.0,0.0,34.0,330738178,110785664,0,0,
1789644125.0,0.9340480924657044,36.0,0.0,34.0,330999671,111042336,261493,256672,0.9816
1789644127.0,0.9125409472585005,35.0,0.0,34.0,331055972,111096896,56301,54560,0.9691
1789644129.0,0.9328250389803596,36.0,0.0,34.0,331277894,111313552,221922,216656,0.9763
1789644131.0,0.8836382622627205,35.0,0.0,34.0,331397550,111430192,119656,116640,0.9748
1789644133.0,0.850658732315791,33.0,0.0,34.0,331533574,111564608,136024,134416,0.9882
1789644135.1,0.8517101291716137,33.0,2.0,34.0,331619573,111564608,85999,0,0.0
1789644137.1,0.870005864934842,34.0,1.0,34.0,331692448,111588400,72875,23792,0.3265
1789644139.1,0.8640479494185132,34.0,2.0,34.0,331766327,111588400,73879,0,0.0
1789644141.1,0.8933511665498448,34.0,2.0,34.0,331766327,111588400,0,0,
1789644143.1,0.8988298739754245,35.0,1.0,34.0,331873685,111608176,107358,19776,0.1842
1789644145.2,0.9186204528874076,35.0,0.0,34.0,331928215,111662496,54530,54320,0.9961
1789644147.2,0.8291086729512066,32.0,0.0,34.0,332053868,111786752,125653,124256,0.9889
1789644149.2,0.8596564006465733,33.0,1.0,34.0,332199621,111894032,145753,107280,0.736
1789644151.2,0.8467893057919808,33.0,2.0,34.0,332256394,111894032,56773,0,0.0
1789644153.2,0.9480094983335002,36.0,0.0,34.0,332468867,112058784,212473,164752,0.7754
1789644155.2,0.9041083153332284,34.0,0.0,34.0,332579447,112163120,110580,104336,0.9435
1789644157.3,0.9298282003232866,36.0,0.0,34.0,332692031,112273328,112584,110208,0.9789
1789644159.3,0.8886592186762413,34.0,2.0,34.0,332747300,112273328,55269,0,0.0
1789644161.3,0.9609695738624172,37.0,0.0,34.0,332893385,112417328,146085,144000,0.9857
1789644163.3,0.9229047162658961,36.0,0.0,34.0,333054457,112575776,161072,158448,0.9837
1789644165.3,0.9273606362739067,36.0,0.0,34.0,333188847,112709760,134390,133984,0.997
1789644167.4,0.8894531305877809,34.0,2.0,34.0,333326040,112783280,137193,73520,0.5359
1789644169.4,0.9501552062025262,36.0,0.0,34.0,333440033,112896512,113993,113232,0.9933
1789644171.4,0.9323815926874276,35.0,0.0,34.0,333578749,113027632,138716,131120,0.9452
1789644173.4,0.9031999656686741,34.0,0.0,34.0,333624504,113073328,45755,45696,0.9987
1789644175.4,0.8812064600111577,32.0,0.0,34.0,333683153,113073328,58649,0,0.0
1789644177.5,0.8658718011071853,32.0,0.0,34.0,333796907,113170544,113754,97216,0.8546
1789644179.5,0.8718440213426409,33.0,2.0,34.0,333918289,113224208,121382,53664,0.4421
1789644181.5,0.8743759566280916,33.0,3.0,34.0,333983842,113224208,65553,0,0.0
1789644183.5,0.9291272690860715,35.0,1.0,34.0,334075330,113305680,91488,81472,0.8905
1789644185.5,0.9803524682792853,37.0,0.0,34.0,334185166,113356656,109836,50976,0.4641
1789644187.5,0.9730928233224141,36.0,1.0,34.0,334227879,113356656,42713,0,0.0
1789644189.6,0.9751741599553693,36.0,0.0,34.0,334447400,113558640,219521,201984,0.9201
1789644191.6,0.8746262892128113,31.0,0.0,34.0,334447400,113558640,0,0,
1789644193.6,0.9024275108358247,32.0,0.0,34.0,334509472,113610960,62072,52320,0.8429
1789644195.6,0.928762498748337,33.0,4.0,34.0,334566732,113610960,57260,0,0.0
1789644197.6,0.9617563334143934,35.0,2.0,34.0,334646734,113610960,80002,0,0.0
1789644199.7,0.9695881671363383,36.0,0.0,34.0,334719634,113610960,72900,0,0.0
1789644201.7,0.9766403936658704,36.0,0.0,34.0,334719634,113610960,0,0,
1789644203.7,0.9774128484987197,36.0,0.0,34.0,334719634,113610960,0,0,
1789644205.7,0.9022987683636832,33.0,0.0,34.0,334719634,113610960,0,0,
1789644207.7,0.7769965811721287,28.0,0.0,34.0,334719634,113610960,0,0,
1789644209.8,0.7404337190839259,27.0,5.0,34.0,334797496,113610960,77862,0,0.0
1789644211.8,0.8161772068605433,30.0,5.0,34.0,334975681,113739376,178185,128416,0.7207
1789644213.8,0.8487490523123579,31.0,3.0,34.0,335087229,113794736,111548,55360,0.4963
1789644215.8,0.883237730127169,32.0,4.0,34.0,335149476,113814528,62247,19792,0.318
1789644217.8,0.9133205544509133,33.0,3.0,34.0,335202576,113824480,53100,9952,0.1874
1789644219.8,0.9553907334029497,35.0,3.0,34.0,335303091,113853024,100515,28544,0.284
1789644221.9,0.9810390947973736,36.0,2.0,34.0,335356887,113853024,53796,0,0.0
1789644223.9,0.9737079262448682,36.0,0.0,34.0,335389953,113853024,33066,0,0.0
1789644225.9,0.9766904601828144,36.0,0.0,34.0,335451482,113853040,61529,16,0.0003
1789644227.9,0.9465289599038723,35.0,0.0,34.0,335546972,113927904,95490,74864,0.784
1789644229.9,0.9710973150042199,36.0,1.0,34.0,335592408,113945776,45436,17872,0.3933
1789644231.9,0.9906304089719198,36.0,0.0,34.0,335649924,113945776,57516,0,0.0
1789644234.0,0.9392120960704936,35.0,1.0,34.0,335705018,113945776,55094,0,0.0
1789644236.0,0.9390189823622813,35.0,1.0,34.0,335751983,113945776,46965,0,0.0
1789644238.0,0.9539888709285194,36.0,0.0,34.0,335766349,113945776,14366,0,0.0
1789644240.0,0.9536097958716581,36.0,0.0,34.0,335812957,113945776,46608,0,0.0
1789644242.0,0.8746048321341211,34.0,0.0,34.0,335884378,113999872,71421,54096,0.7574
1789644244.0,0.8862202640651151,35.0,2.0,34.0,335953030,113999872,68652,0,0.0
1789644246.1,0.9081923126439413,36.0,1.0,34.0,336016043,113999888,63013,16,0.0003
1789644248.1,0.9045016951092165,35.0,1.0,34.0,336016043,113999888,0,0,
1789644250.1,0.9124050524267956,35.0,0.0,34.0,336146862,114050576,130819,50688,0.3875
1789644252.1,0.933325704149799,35.0,0.0,34.0,336180384,114083120,33522,32544,0.9708
1789644254.1,0.9036863261189867,34.0,1.0,34.0,336242824,114083120,62440,0,0.0
1789644256.1,0.9805741914257513,36.0,0.0,34.0,336427073,114206992,184249,123872,0.6723
1789644258.2,0.9830846696325117,36.0,0.0,34.0,336475135,114207008,48062,16,0.0003
1789644260.2,0.9515213068791394,35.0,0.0,34.0,336530716,114261168,55581,54160,0.9744
1789644262.2,0.909637089275752,33.0,0.0,34.0,336530716,114261168,0,0,
1789644264.2,0.8718082595448238,32.0,2.0,34.0,336585559,114261168,54843,0,0.0
1789644266.2,0.8479479880412548,31.0,1.0,34.0,336629141,114261168,43582,0,0.0
1789644268.3,0.792738924571216,30.0,0.0,34.0,336896025,114522864,266884,261696,0.9806
1789644270.3,0.855701145808002,32.0,4.0,34.0,337053378,114602816,157353,79952,0.5081
1789644272.3,0.8813423548428627,33.0,3.0,34.0,337118999,114602816,65621,0,0.0
1789644274.3,0.8492783269200509,31.0,2.0,34.0,337150723,114602816,31724,0,0.0
1789644276.3,0.8503154190567468,31.0,3.0,34.0,337209720,114602816,58997,0,0.0
1789644278.4,0.8681605561674797,32.0,3.0,34.0,337285964,114602816,76244,0,0.0
1789644280.4,0.8919349993562876,34.0,0.0,34.0,337478193,114751856,192229,149040,0.7753
1789644282.4,0.8669017408843177,34.0,0.0,34.0,337551694,114806336,73501,54480,0.7412
1789644284.4,0.7951635744632154,32.0,3.0,34.0,337749425,114923280,197731,116944,0.5914
1789644286.4,0.7868310755718312,31.0,3.0,34.0,337749425,114923280,0,0,
1789644288.4,0.8161414450627262,32.0,3.0,34.0,337825610,114923280,76185,0,0.0
1789644290.5,0.7587366072067174,31.0,4.0,34.0,337893137,114923280,67527,0,0.0
1789644292.5,0.888687828114495,35.0,1.0,34.0,338245055,115213216,351918,289936,0.8239
1789644294.6,0.934977899208949,36.0,0.0,34.0,338299990,115262832,54935,49616,0.9032
1789644296.6,0.926938647059665,35.0,1.0,34.0,338390095,115262832,90105,0,0.0
1789644298.6,0.9452558399015836,35.0,1.0,34.0,338390095,115262832,0,0,
1789644300.6,0.8939018982362281,32.0,0.0,34.0,338449781,115320960,59686,58128,0.9739
1789644302.6,0.8591271260388802,31.0,0.0,34.0,338449781,115320960,0,0,
1789644304.6,0.7837841703978142,29.0,6.0,34.0,338522249,115320960,72468,0,0.0
1789644306.7,0.8302458981217904,31.0,4.0,34.0,338638786,115383872,116537,62912,0.5398
1789644308.7,0.8631825139113394,32.0,3.0,34.0,338702574,115383872,63788,0,0.0
1789644310.7,0.8218418756347718,32.0,2.0,34.0,338763000,115383872,60426,0,0.0
1789644312.7,0.8547856437838843,33.0,1.0,34.0,338822155,115383872,59155,0,0.0
1789644314.7,0.8841031656343428,34.0,2.0,34.0,338882208,115383872,60053,0,0.0
1789644316.8,0.903028309039152,34.0,0.0,34.0,339008641,115509104,126433,125232,0.9905
1789644318.8,0.8300241749753243,31.0,0.0,34.0,339008641,115509104,0,0,
1789644320.8,0.8593488491853463,32.0,4.0,34.0,339087937,115509104,79296,0,0.0
1789644322.8,0.8849900582202068,33.0,3.0,34.0,339165053,115509104,77116,0,0.0
1789644324.8,0.9032929463429986,34.0,2.0,34.0,339201649,115509104,36596,0,0.0
1789644326.9,0.964424163531549,36.0,0.0,34.0,339308243,115581472,106594,72368,0.6789
1789644328.9,0.9214384825553951,34.0,0.0,34.0,339438906,115705680,130663,124208,0.9506
1789644330.9,0.9222180897478078,34.0,0.0,34.0,339438906,115705680,0,0,
1789644332.9,0.896061910824381,33.0,0.0,34.0,339438906,115705680,0,0,
1789644334.9,0.8417039781423892,31.0,0.0,34.0,339605843,115869776,166937,164096,0.983
1789644336.9,0.7672050009298067,28.0,0.0,34.0,339651965,115895984,46122,26208,0.5682
1789644339.0,0.749531520448596,28.0,0.0,34.0,339879104,116054416,227139,158432,0.6975
1789644341.0,0.7714749595891685,28.0,6.0,34.0,339879104,116054416,0,0,
1789644343.0,0.8509233696196375,31.0,3.0,34.0,340116027,116228128,236923,173712,0.7332
1789644345.0,0.9051668645486146,33.0,2.0,34.0,340219954,116275776,103927,47648,0.4585
1789644347.1,0.9527372080049208,35.0,0.0,34.0,340337371,116324768,117417,48992,0.4172
1789644349.1,0.9382322228103052,34.0,0.0,34.0,340337371,116324768,0,0,
1789644351.1,0.8260403106984995,30.0,0.0,34.0,340337371,116324768,0,0,
1789644353.1,0.7855293461312887,28.0,0.0,34.0,340337371,116324768,0,0,
1789644355.1,0.8895890254194859,33.0,3.0,34.0,340590859,116509552,253488,184784,0.729
1789644357.1,0.9189136996295078,34.0,2.0,34.0,340656072,116526000,65213,16448,0.2522
1789644359.2,0.9482312214799662,36.0,0.0,34.0,340716876,116526000,60804,0,0.0
1789644361.2,0.956334844865321,36.0,0.0,34.0,340716876,116526000,0,0,
1789644363.2,0.9214599396340852,35.0,0.0,34.0,340716876,116526000,0,0,
1789644365.2,0.872730913928505,33.0,0.0,34.0,340852606,116660960,135730,134960,0.9943
1789644367.2,0.8449511493841818,32.0,0.0,34.0,340902227,116707360,49621,46400,0.9351
1789644369.3,0.8167350909064901,32.0,0.0,34.0,341051783,116772736,149556,65376,0.4371
1789644371.3,0.8423906046604774,32.0,3.0,34.0,341051783,116772736,0,0,
1789644373.3,0.8942881256526528,34.0,2.0,34.0,341171985,116839680,120202,66944,0.5569
1789644375.3,0.9458709428240376,36.0,0.0,34.0,341299359,116914096,127374,74416,0.5842
1789644377.3,0.958122934756176,36.0,0.0,34.0,341299359,116914096,0,0,
1789644379.3,0.9423305248401448,35.0,0.0,34.0,341487310,117089120,187951,175024,0.9312
1789644381.4,0.9579298210479638,35.0,0.0,34.0,341556428,117089120,69118,0,0.0
1789644383.4,0.9412648232651952,34.0,0.0,34.0,341556428,117089120,0,0,
1789644385.4,0.9171184573790894,33.0,0.0,34.0,341661054,117193088,104626,103968,0.9937
1789644387.4,0.8611226343570744,31.0,0.0,34.0,341794445,117325248,133391,132160,0.9908
1789644389.4,0.797795642782554,30.0,2.0,34.0,341973605,117380752,179160,55504,0.3098
1789644391.5,0.8197462342826899,30.0,5.0,34.0,341973605,117380752,0,0,
1789644393.5,0.8307251062125395,30.0,5.0,34.0,341973605,117380752,0,0,
1789644395.5,0.8454160527558041,31.0,4.0,34.0,342044648,117380752,71043,0,0.0
1789644397.5,0.8710214999928476,31.0,4.0,34.0,342044648,117380752,0,0,
1789644399.5,0.9003318694837427,33.0,2.0,34.0,342109450,117380752,64802,0,0.0
1789644401.6,0.9011830002717897,33.0,2.0,34.0,342168273,117380752,58823,0,0.0
1789644403.6,0.922561403006852,33.0,0.0,34.0,342303771,117507072,135498,126320,0.9323
1789644405.6,0.9243351881785801,33.0,0.0,34.0,342355350,117551552,51579,44480,0.8624
1789644407.6,0.8574749309797303,31.0,0.0,34.0,342549577,117741056,194227,189504,0.9757
1789644409.6,0.8428268985938461,31.0,2.0,34.0,342609777,117741056,60200,0,0.0
1789644411.7,0.8412676842090205,31.0,4.0,34.0,342683862,117744576,74085,3520,0.0475
1789644413.7,0.8398586693750268,32.0,2.0,34.0,342733906,117744576,50044,0,0.0
1789644415.7,0.8382422361136939,32.0,3.0,34.0,342810188,117748976,76282,4400,0.0577
1789644417.7,0.9055387872459124,36.0,0.0,34.0,343042658,117962128,232470,213152,0.9169
1789644419.7,0.9632297194844579,36.0,0.0,34.0,343200773,118041872,158115,79744,0.5043
1789644421.8,0.9815326076072496,37.0,0.0,34.0,343226142,118041872,25369,0,0.0
1789644423.8,0.9253079090792052,35.0,0.0,34.0,343226142,118041872,0,0,
1789644425.8,0.966212253422404,36.0,0.0,34.0,343376264,118190128,150122,148256,0.9876
1789644427.8,0.9670991460082681,36.0,0.0,34.0,343445282,118258864,69018,68736,0.9959
1789644429.8,0.9598681104896505,37.0,0.0,34.0,343547279,118258864,101997,0,0.0
1789644431.8,0.9854664053671306,37.0,1.0,34.0,343547279,118258864,0,0,
1789644433.9,0.9752099217531863,37.0,0.0,34.0,343597201,118278192,49922,19328,0.3872
1789644435.9,0.9399630938246527,36.0,0.0,34.0,343657042,118278192,59841,0,0.0
1789644437.9,0.9812965797416567,37.0,0.0,34.0,343773800,118376032,116758,97840,0.838
1789644439.9,0.9430529131560502,36.0,2.0,34.0,343920756,118466688,146956,90656,0.6169
1789644441.9,0.9757391963608795,37.0,1.0,34.0,343998258,118507008,77502,40320,0.5202
1789644443.9,0.9822764530018453,37.0,1.0,34.0,344069720,118541168,71462,34160,0.478
1789644446.0,0.976361451642897,37.0,1.0,34.0,344130138,118563904,60418,22736,0.3763
1789644448.0,0.9665269572431945,37.0,0.0,34.0,344193436,118563904,63298,0,0.0
1789644450.0,0.9841074570500808,37.0,1.0,34.0,344193436,118563904,0,0,
1789644452.0,0.9676856394924686,36.0,1.0,34.0,344271249,118563904,77813,0,0.0
1789644454.0,0.9895933168352239,37.0,0.0,34.0,344283111,118563904,11862,0,0.0
1789644456.0,0.9517215729469152,36.0,2.0,34.0,344360165,118563904,77054,0,0.0
1789644458.1,0.973722230963995,36.0,3.0,34.0,344360165,118563904,0,0,
1789644460.1,0.9306221122348263,35.0,3.0,34.0,344420286,118563904,60121,0,0.0
1789644462.1,0.9376743387643584,36.0,1.0,34.0,344478361,118563904,58075,0,0.0
1789644464.1,0.9695381006193944,37.0,0.0,34.0,344566758,118586080,88397,22176,0.2509
1789644466.1,0.9755460826526671,37.0,1.0,34.0,344608534,118626448,41776,40368,0.9663
1789644468.2,0.9763757563620238,37.0,2.0,34.0,344608534,118626448,0,0,
1789644470.2,0.9619208376843521,36.0,1.0,34.0,344696462,118626448,87928,0,0.0
1789644472.2,0.9802666399645243,36.0,1.0,34.0,344696462,118626448,0,0,
1789644474.2,0.9681648475832177,36.0,0.0,34.0,344746586,118626448,50124,0,0.0
1789644476.2,0.9681791523023445,37.0,0.0,34.0,344835611,118626448,89025,0,0.0
1789644478.2,0.9640736979129415,37.0,0.0,34.0,344895696,118657744,60085,31296,0.5209
1789644480.3,0.9760181383838529,37.0,1.0,34.0,344985392,118717376,89696,59632,0.6648
1789644482.3,0.9754960161357231,37.0,0.0,34.0,345027196,118717376,41804,0,0.0
1789644484.3,0.9723275208491281,37.0,2.0,34.0,345083590,118770992,56394,53616,0.9507
1789644486.3,0.979801736592902,37.0,1.0,34.0,345219488,118832608,135898,61616,0.4534
1789644488.3,0.9646101248801979,36.0,1.0,34.0,345275582,118832608,56094,0,0.0
1789644490.4,0.9836711631167122,36.0,1.0,34.0,345325804,118832608,50222,0,0.0
1789644492.4,0.991960747850716,36.0,0.0,34.0,345367471,118866272,41667,33664,0.8079
1789644494.4,0.9321098030240176,35.0,0.0,34.0,345396884,118883984,29413,17712,0.6022
1789644496.4,0.9167107728839744,34.0,0.0,34.0,345512023,118999040,115139,115056,0.9993
1789644498.4,0.9302787989757821,34.0,0.0,34.0,345630728,119055040,118705,56000,0.4718
1789644500.5,0.9854020341310599,36.0,0.0,34.0,345741429,119121056,110701,66016,0.5963
1789644502.5,0.969666843091536,35.0,0.0,34.0,345741429,119121056,0,0,
1789644504.5,0.9588167136338278,35.0,0.0,34.0,345809563,119121056,68134,0,0.0
1789644506.5,0.9820475774958158,35.0,1.0,34.0,345809563,119121056,0,0,
1789644508.6,0.9458280286666572,34.0,1.0,34.0,345873207,119121072,63644,16,0.0003
1789644510.6,0.9742944197290686,35.0,2.0,34.0,346006444,119191232,133237,70160,0.5266
1789644512.6,0.9865821734590241,35.0,2.0,34.0,346056990,119191232,50546,0,0.0
1789644514.6,0.9660048349950648,34.0,2.0,34.0,346126596,119191232,69606,0,0.0
1789644516.6,0.9916317393107986,35.0,2.0,34.0,346172298,119215024,45702,23792,0.5206
1789644518.7,0.9792581572660821,34.0,2.0,34.0,346172298,119215024,0,0,
1789644520.7,0.9681648475832177,34.0,2.0,34.0,346236688,119215024,64390,0,0.0
1789644522.7,0.9581586965539932,34.0,1.0,34.0,346262400,119215024,25712,0,0.0
1789644524.7,0.9869183343585048,35.0,2.0,34.0,346309638,119215024,47238,0,0.0
1789644526.7,0.982169167608394,35.0,2.0,34.0,346370275,119215024,60637,0,0.0
1789644528.7,0.9413434992203928,34.0,2.0,34.0,346416974,119215024,46699,0,0.0
1789644530.8,0.9706538687112879,35.0,2.0,34.0,346485601,119215024,68627,0,0.0
1789644532.8,0.9752170741127498,35.0,2.0,34.0,346485601,119215024,0,0,
1789644534.8,0.9642596592615904,35.0,2.0,34.0,346564605,119215024,79004,0,0.0
1789644536.8,0.9814253222137983,35.0,3.0,34.0,346564605,119215024,0,0,
1789644538.8,0.9682506758979788,35.0,2.0,34.0,346637352,119215024,72747,0,0.0
1789644540.9,0.979172328951321,35.0,2.0,34.0,346637744,119215024,392,0,0.0
1789644542.9,0.9365657230320282,33.0,4.0,34.0,346703982,119215040,66238,16,0.0002
1789644544.9,0.9622140844264523,34.0,3.0,34.0,346768253,119215040,64271,0,0.0
1789644546.9,0.9878481411017495,36.0,1.0,34.0,346859722,119238848,91469,23808,0.2603
1789644548.9,0.9792939190638992,35.0,2.0,34.0,346859722,119238848,0,0,
1789644550.9,0.9445835181026221,34.0,3.0,34.0,346936662,119238848,76940,0,0.0
1789644553.0,0.9324817257213155,34.0,2.0,34.0,346983584,119238848,46922,0,0.0
1789644555.0,0.9617777904930837,35.0,3.0,34.0,347045849,119238848,62265,0,0.0
1789644557.0,0.9576294219463001,35.0,2.0,34.0,347108444,119238848,62595,0,0.0
1789644559.0,0.982083339293633,35.0,4.0,34.0,347108444,119238848,0,0,
1789644561.1,0.9798947172672264,35.0,4.0,34.0,347184632,119238848,76188,0,0.0
1789644563.1,0.9710973150042199,35.0,3.0,34.0,347249516,119238848,64884,0,0.0
1789644565.1,0.9967599811177708,36.0,3.0,34.0,347251869,119238848,2353,0,0.0
1789644567.1,0.9397914371951307,35.0,3.0,34.0,347343385,119238848,91516,0,0.0
1789644569.1,0.9690875019668989,36.0,3.0,34.0,347405435,119238848,62050,0,0.0
1789644571.1,0.9809461141230492,36.0,2.0,34.0,347453482,119238848,48047,0,0.0
1789644573.2,0.9954940134750454,36.0,3.0,34.0,347453482,119238848,0,0,
1789644575.2,0.9833063927789778,36.0,3.0,34.0,347511742,119238848,58260,0,0.0
1789644577.2,0.9588381707125181,35.0,2.0,34.0,347570463,119238848,58721,0,0.0
1789644579.2,0.9808030669317808,36.0,2.0,34.0,347628681,119262640,58218,23792,0.4087
1789644581.2,0.9696811478106627,36.0,2.0,34.0,347700459,119262640,71778,0,0.0
1789644583.3,0.9801879640093267,36.0,3.0,34.0,347700459,119262640,0,0,
1789644585.3,0.9746520377072396,37.0,3.0,34.0,347812255,119262640,111796,0,0.0
1789644587.3,0.9820690345745061,36.0,4.0,34.0,347812255,119262640,0,0,
1789644589.3,0.9196289355858498,34.0,4.0,34.0,347890452,119262640,78197,0,0.0
1789644591.3,0.9415938318051125,35.0,5.0,34.0,347966361,119262640,75909,0,0.0
1789644593.4,0.9420301257384811,36.0,4.0,34.0,347998341,119262640,31980,0,0.0
1789644595.4,0.9713118857911225,37.0,5.0,34.0,348066837,119262640,68496,0,0.0
1789644597.4,0.9868897249202512,37.0,4.0,34.0,348067229,119262640,392,0,0.0
1789644599.4,0.9660763585906991,37.0,3.0,34.0,348180803,119262656,113574,16,0.0001
1789644601.4,0.9880698642482155,38.0,2.0,34.0,348181715,119262656,912,0,0.0
1789644603.4,0.9664411289284335,37.0,1.0,34.0,348301595,119288752,119880,26096,0.2177
1789644605.5,0.9805455819874976,36.0,2.0,34.0,348301595,119288752,0,0,
1789644607.5,0.9302358848184016,34.0,2.0,34.0,348355957,119288752,54362,0,0.0
1789644609.5,0.9631939576866408,36.0,1.0,34.0,348430123,119288752,74166,0,0.0
1789644611.5,0.9925114795370993,37.0,2.0,34.0,348503312,119288752,73189,0,0.0
1789644613.5,0.999234697526714,37.0,2.0,34.0,348503312,119288752,0,0,
1789644615.6,0.9999928476404366,37.0,4.0,34.0,348503312,119288752,0,0,
1789644617.6,0.9998569528087315,37.0,3.0,35.0,348551270,119288752,47958,0,0.0
1789644619.6,0.9847869312086057,37.0,4.0,35.0,348600778,119288752,49508,0,0.0
1789644621.6,0.9371879783140458,36.0,2.0,35.0,348693132,119288752,92354,0,0.0
1789644623.6,0.9663123864562919,37.0,0.0,35.0,348803611,119288752,110479,0,0.0
1789644625.6,0.9882772826755547,37.0,3.0,35.0,348803611,119288752,0,0,
1789644627.7,0.9863962121103752,37.0,2.0,35.0,348862196,119322928,58585,34176,0.5834
1789644629.7,0.9628434920680332,37.0,2.0,35.0,348919124,119322928,56928,0,0.0
1789644631.7,0.9812536655842763,37.0,2.0,35.0,348919124,119322928,0,0,
1789644633.7,0.9808173716509077,38.0,0.0,35.0,349022307,119322928,103183,0,0.0
1789644635.7,0.9980474058391864,38.0,2.0,35.0,349022307,119322928,0,0,
1789644637.7,0.9669704035361266,37.0,1.0,35.0,349088988,119326880,66681,3952,0.0593
1789644639.8,0.9536813194672923,37.0,0.0,35.0,349153017,119326896,64029,16,0.0002
1789644641.8,0.9425093338292303,37.0,2.0,35.0,349225052,119326896,72035,0,0.0
1789644643.8,0.9644813824080565,37.0,2.0,35.0,349225052,119326896,0,0,
1789644645.8,0.9761754902942481,37.0,2.0,35.0,349295427,119326896,70375,0,0.0
1789644647.8,0.997325017523281,38.0,1.0,35.0,349330416,119326896,34989,0,0.0
1789644649.8,0.9521507145207204,37.0,1.0,35.0,349402786,119326896,72370,0,0.0
1789644651.9,0.9526084655327792,36.0,1.0,35.0,349402786,119326896,0,0,
1789644653.9,0.9763686040024604,37.0,0.0,35.0,349448584,119326896,45798,0,0.0
1789644655.9,0.9740583918634758,37.0,2.0,35.0,349569768,119385696,121184,58800,0.4852
1789644657.9,0.9530876736235284,36.0,1.0,35.0,349619718,119385696,49950,0,0.0
1789644659.9,0.9494757320440013,36.0,2.0,35.0,349676646,119385696,56928,0,0.0
1789644662.0,0.9751455505171156,37.0,1.0,35.0,349775146,119385696,98500,0,0.0
1789644664.0,0.9934555909994707,37.0,1.0,35.0,349775146,119385696,0,0,
1789644666.0,0.9865893258185876,37.0,0.0,35.0,349813158,119385696,38012,0,0.0
1789644668.0,0.8634471512151859,31.0,0.0,35.0,349813158,119385696,0,0,
1789644670.0,0.8892385598008783,32.0,0.0,35.0,350002120,119530448,188962,144752,0.766
1789644672.1,0.9148440070379218,33.0,4.0,35.0,350068142,119530448,66022,0,0.0
1789644674.1,0.9069048879225257,33.0,3.0,35.0,350095801,119530448,27659,0,0.0
1789644676.1,0.9398558084312014,34.0,4.0,35.0,350158790,119530448,62989,0,0.0
1789644678.1,0.9728567954568212,37.0,1.0,35.0,350248851,119530448,90061,0,0.0
1789644680.1,0.9995708584261948,38.0,1.0,35.0,350288583,119530448,39732,0,0.0
1789644682.1,0.9767762884975754,38.0,0.0,36.0,350346120,119530448,57537,0,0.0
1789644684.2,0.9596606920623113,37.0,0.0,36.0,350346120,119530448,0,0,
1789644686.2,0.9854592530075672,38.0,0.0,36.0,350404167,119530448,58047,0,0.0
1789644688.2,0.9249431387414708,36.0,0.0,36.0,350457224,119576512,53057,46064,0.8682
1789644690.2,0.954067546883717,37.0,1.0,36.0,350711825,119760432,254601,183920,0.7224
1789644692.2,0.9445835181026221,37.0,0.0,36.0,350712280,119760432,455,0,0.0
1789644694.3,0.9285050138040539,36.0,0.0,36.0,350750765,119760816,38485,384,0.01
1789644696.3,0.9566495486861115,37.0,0.0,36.0,350809195,119760816,58430,0,0.0
1789644698.3,0.8519175475989529,33.0,0.0,36.0,350809195,119760816,0,0,
1789644700.3,0.8778019368589698,34.0,3.0,36.0,350942891,119814880,133696,54064,0.4044
1789644702.3,0.9018910838685682,35.0,2.0,36.0,351012346,119827792,69455,12912,0.1859
1789644704.3,0.9315733760567612,36.0,1.0,36.0,351078060,119836896,65714,9104,0.1385
1789644706.4,0.9535525769951507,36.0,1.0,36.0,351078060,119836896,0,0,
1789644708.4,0.8988298739754245,33.0,0.0,36.0,351140338,119896976,62278,60080,0.9647
1789644710.4,0.9556053041898522,36.0,0.0,36.0,351283274,119950144,142936,53168,0.372
1789644712.4,0.9678644484815541,36.0,0.0,36.0,351347101,120003456,63827,53312,0.8353
1789644714.4,0.9690016736521379,36.0,0.0,36.0,351418927,120074560,71826,71104,0.9899
1789644716.5,0.9178980645715021,34.0,0.0,36.0,351418927,120074560,0,0,
1789644718.5,0.8915559242994264,33.0,0.0,36.0,351486297,120141776,67370,67216,0.9977
1789644720.5,0.8872502038422475,33.0,3.0,36.0,351560428,120179536,74131,37760,0.5094
1789644722.5,0.9370520834823408,36.0,0.0,36.0,351659686,120236352,99258,56816,0.5724
1789644724.5,0.9206088088460384,35.0,0.0,36.0,351758787,120335424,99101,99072,0.9997
1789644726.6,0.9499406354156236,36.0,0.0,36.0,351835286,120335424,76499,0,0.0
1789644728.6,0.9554193428412033,36.0,0.0,36.0,351835286,120335424,0,0,
1789644730.6,0.9707540017451757,37.0,0.0,36.0,351959255,120424880,123969,89456,0.7216
1789644732.6,0.9182127683922926,35.0,0.0,36.0,352091231,120555152,131976,130272,0.9871
1789644734.7,0.9550760295821592,37.0,0.0,36.0,352254549,120714448,163318,159296,0.9754
1789644736.7,0.8489278613014434,34.0,0.0,36.0,352356603,120815648,102054,101200,0.9916
1789644738.7,0.8977498676813481,36.0,0.0,36.0,352631233,121083200,274630,267552,0.9742
1789644740.7,0.9182413778305463,37.0,2.0,36.0,352704175,121087056,72942,3856,0.0529
1789644742.7,0.9402921023645701,39.0,0.0,36.0,352770367,121087056,66192,0,0.0
1789644744.8,0.9607406983563878,39.0,0.0,36.0,352770367,121087056,0,0,
1789644746.8,0.9530519118257113,38.0,1.0,36.0,352901906,121200624,131539,113568,0.8634
1789644748.8,0.9276181212181899,37.0,2.0,36.0,353053896,121200624,151990,0,0.0
1789644750.8,0.9459067046218548,37.0,2.0,36.0,353053896,121200624,0,0,
1789644752.8,0.9569141859899581,37.0,2.0,36.0,353053896,121200624,0,0,
1789644754.9,0.9679431244367517,37.0,2.0,36.0,353053896,121200624,0,0,
1789644756.9,0.9752528359105669,38.0,1.0,36.0,353093607,121200624,39711,0,0.0
1789644758.9,0.9773270201839587,38.0,0.0,36.0,353132412,121218544,38805,17920,0.4618
1789644760.9,0.9073769436537114,35.0,0.0,36.0,353132412,121218544,0,0,
1789644762.9,0.8487919664697383,33.0,0.0,36.0,353132412,121218544,0,0,
1789644764.9,0.8341367817242908,32.0,0.0,36.0,353201029,121284704,68617,66160,0.9642
1789644767.0,0.8264479951936143,33.0,3.0,36.0,353390125,121408112,189096,123408,0.6526
1789644769.0,0.8520820518689116,34.0,2.0,36.0,353458413,121408112,68288,0,0.0
1789644771.0,0.8309396769994422,33.0,3.0,36.0,353559699,121447072,101286,38960,0.3847
1789644773.0,0.8278856194658618,33.0,2.0,36.0,353627523,121447088,67824,16,0.0002
1789644775.0,0.8535339808602858,34.0,1.0,36.0,353687444,121447088,59921,0,0.0
1789644777.1,0.8828085885533637,35.0,3.0,36.0,353723587,121447088,36143,0,0.0
1789644779.1,0.8821648761926559,35.0,2.0,36.0,353800378,121447088,76791,0,0.0
1789644781.1,0.9111605418627605,37.0,2.0,36.0,353913234,121462816,112856,15728,0.1394
1789644783.1,0.9368446650550016,37.0,2.0,36.0,353913234,121462816,0,0,
1789644785.1,0.965239532521779,38.0,1.0,36.0,353977281,121469072,64047,6256,0.0977
1789644787.2,0.9853305105354256,39.0,0.0,36.0,354017228,121469072,39947,0,0.0
1789644789.2,0.9139356573733675,34.0,0.0,36.0,354017228,121469072,0,0,
1789644791.2,0.973006995007653,37.0,1.0,36.0,354161822,121561232,144594,92160,0.6374
1789644793.2,0.9333972277454332,36.0,0.0,36.0,354270237,121665056,108415,103824,0.9577
1789644795.2,0.9508203756419242,37.0,0.0,36.0,354432128,121796608,161891,131552,0.8126
1789644797.3,0.976447279957658,38.0,0.0,36.0,354495142,121796608,63014,0,0.0
1789644799.3,0.9531520448595991,37.0,0.0,36.0,354495142,121796608,0,0,
1789644801.3,0.9567210722817457,37.0,0.0,36.0,354545667,121828048,50525,31440,0.6223
1789644803.3,0.9231478964910524,36.0,0.0,36.0,354735315,122014320,189648,186272,0.9822
1789644805.3,0.9614201725149126,37.0,0.0,36.0,354859372,122137104,124057,122784,0.9897
1789644807.3,0.8724734289842219,33.0,0.0,36.0,354902977,122177344,43605,40240,0.9228
1789644809.4,0.873531978199608,33.0,0.0,36.0,355008153,122281456,105176,104112,0.9899
1789644811.4,0.9324602686426252,36.0,0.0,36.0,355157478,122361136,149325,79680,0.5336
1789644813.4,0.9410287953996024,36.0,0.0,36.0,355157478,122361136,0,0,
1789644815.4,0.8917776474458924,34.0,0.0,36.0,355271443,122472176,113965,111040,0.9743
1789644817.4,0.8825868654068978,34.0,0.0,36.0,355388006,122586640,116563,114464,0.982
1789644819.5,0.881893086529246,34.0,0.0,36.0,355497142,122692544,109136,105904,0.9704
1789644821.5,0.9024132061166978,36.0,0.0,36.0,355621090,122763856,123948,71312,0.5753
1789644823.5,0.8110203556153175,33.0,0.0,36.0,355673590,122814864,52500,51008,0.9716
1789644825.5,0.8546712060308695,35.0,2.0,36.0,355815631,122878288,142041,63424,0.4465
1789644827.5,0.8729669417940978,35.0,2.0,36.0,355815631,122878288,0,0,
1789644829.6,0.9029067189265738,36.0,1.0,36.0,355959148,122934496,143517,56208,0.3916
1789644831.6,0.9399702461842162,37.0,0.0,36.0,356006576,122981072,47428,46576,0.982
1789644833.6,0.9226043171642325,37.0,0.0,36.0,356086000,123024944,79424,43872,0.5524
1789644835.6,0.9676141158968343,38.0,0.0,36.0,356267156,123198752,181156,173808,0.9594
1789644837.6,0.9415866794455491,37.0,0.0,36.0,356335575,123264176,68419,65424,0.9562
1789644839.7,0.8964839000386228,35.0,0.0,36.0,356475224,123401344,139649,137168,0.9822
1789644841.7,0.9000743845394595,35.0,0.0,36.0,356607029,123515760,131805,114416,0.8681
1789644843.7,0.9798088889524654,38.0,0.0,36.0,356783752,123688672,176723,172912,0.9784
1789644845.7,0.9409143576465876,37.0,0.0,36.0,356903394,123738512,119642,49840,0.4166
1789644847.7,0.972019969387901,38.0,0.0,36.0,356945861,123750784,42467,12272,0.289
1789644849.8,0.974165677256927,38.0,0.0,36.0,357014033,123815584,68172,64800,0.9505
1789644851.8,0.9458423333857839,37.0,0.0,36.0,357014033,123815584,0,0,
1789644853.8,0.914507846138441,36.0,0.0,36.0,357096394,123892432,82361,76848,0.9331
1789644855.8,0.9677500107285394,38.0,0.0,36.0,357214305,123969520,117911,77088,0.6538
1789644857.8,0.933239875835038,37.0,0.0,36.0,357293692,124048240,79387,78720,0.9916
1789644859.9,0.9493326848527329,37.0,0.0,36.0,357342059,124048240,48367,0,0.0
1789644861.9,0.9424449625931595,37.0,0.0,36.0,357405060,124048240,63001,0,0.0
1789644863.9,0.9180125023245168,37.0,0.0,36.0,357440650,124072032,35590,23792,0.6685
1789644865.9,0.9347919378603001,38.0,1.0,36.0,357651682,124184336,211032,112304,0.5322
1789644868.0,0.9567711387986897,38.0,1.0,36.0,357651682,124184336,0,0,
1789644870.0,0.9508918992375585,38.0,0.0,36.0,357716528,124184336,64846,0,0.0
1789644872.0,0.9641666785872659,38.0,1.0,36.0,357780027,124198032,63499,13696,0.2157
1789644874.0,0.9366229419085357,39.0,0.0,36.0,357871406,124254816,91379,56784,0.6214
1789644876.0,0.9692806156751113,40.0,0.0,36.0,357933854,124254816,62448,0,0.0
1789644878.1,0.9760682049007968,40.0,0.0,36.0,358008621,124329504,74767,74688,0.9989
1789644880.1,0.9304433032457408,38.0,0.0,36.0,358168567,124486576,159946,157072,0.982
1789644882.1,0.9314803953824367,38.0,0.0,36.0,358245650,124486576,77083,0,0.0
1789644884.2,0.9383037464059393,39.0,0.0,36.0,358247991,124486576,2341,0,0.0
1789644886.2,0.9561059693592916,39.0,1.0,36.0,358365771,124522368,117780,35792,0.3039
1789644888.2,0.9744231622012102,40.0,0.0,36.0,358368677,124522368,2906,0,0.0
1789644890.2,0.8505371422032129,35.0,0.0,36.0,358444106,124597776,75429,75408,0.9997
1789644892.2,0.9040081822993405,37.0,1.0,36.0,358576814,124651856,132708,54080,0.4075
1789644894.3,0.9172400474916675,38.0,0.0,36.0,358654219,124726768,77405,74912,0.9678
1789644896.3,0.9642382021829001,40.0,0.0,36.0,358765365,124798384,111146,71616,0.6443
1789644898.3,0.9494185131674939,39.0,0.0,36.0,358834069,124867056,68704,68672,0.9995
1789644900.3,0.9258800978442788,39.0,0.0,36.0,359033640,125020352,199571,153296,0.7681
1789644902.3,0.9374311585392021,39.0,0.0,36.0,359033640,125020352,0,0,
1789644904.4,0.8453802909579871,36.0,0.0,36.0,359077064,125063456,43424,43104,0.9926
1789644906.4,0.8749696024718554,37.0,3.0,36.0,359207219,125151952,130155,88496,0.6799
1789644908.4,0.9280544151515585,40.0,0.0,36.0,359393164,125288368,185945,136416,0.7336
1789644910.4,0.9741513725378003,42.0,0.0,36.0,359495588,125356944,102424,68576,0.6695
1789644912.5,0.959739368017509,41.0,0.0,36.0,359596383,125421920,100795,64976,0.6446
1789644914.5,0.9297423720085256,40.0,0.0,36.0,359666693,125490768,70310,68848,0.9792
1789644916.5,0.9131345931022644,39.0,0.0,36.0,359801612,125624816,134919,134048,0.9935
1789644918.5,0.8079376886434835,35.0,0.0,36.0,359966778,125786528,165166,161712,0.9791
1789644920.5,0.8144749452844493,36.0,1.0,36.0,360118596,125872960,151818,86432,0.5693
1789644922.5,0.8447437309568426,38.0,0.0,36.0,360240710,125915232,122114,42272,0.3462
1789644924.6,0.8703563305534496,38.0,1.0,36.0,360240710,125915232,0,0,
1789644926.6,0.949196790021028,40.0,0.0,36.0,360405440,126078032,164730,162800,0.9883
1789644928.6,0.8767076258457666,37.0,0.0,36.0,360482610,126126464,77170,48432,0.6276
1789644930.6,0.8970417840845695,38.0,0.0,36.0,360527964,126126464,45354,0,0.0
1789644932.6,0.9069764115181599,38.0,0.0,36.0,360527964,126126464,0,0,
1789644934.7,0.9241420744703678,38.0,0.0,36.0,360581807,126126480,53843,16,0.0003
1789644936.7,0.8865135108072153,37.0,0.0,36.0,360663527,126205408,81720,78928,0.9658
1789644938.7,0.9256726794169396,38.0,0.0,36.0,360884458,126426112,220931,220704,0.999
1789644940.7,0.9468150542864091,38.0,0.0,36.0,361022642,126528496,138184,102384,0.7409
1789644942.8,0.9463072367574062,38.0,0.0,36.0,361065819,126568704,43177,40208,0.9312
1789644944.8,0.8722588581973193,35.0,0.0,36.0,361172429,126670528,106610,101824,0.9551
1789644946.8,0.8800477777618836,37.0,0.0,36.0,361314022,126783856,141593,113328,0.8004
1789644948.9,0.8854978757492097,35.0,2.0,36.0,361368701,126783856,54679,0,0.0
1789644950.9,0.9469867109159311,38.0,0.0,36.0,361574365,126879664,205664,95808,0.4658
1789644952.9,0.9343484915673681,37.0,0.0,36.0,361574365,126879664,0,0,
1789644954.9,0.9377601670791194,36.0,0.0,36.0,361574365,126879664,0,0,
1789644956.9,0.9600183100404823,37.0,0.0,36.0,361640619,126879664,66254,0,0.0
1789644959.0,0.9305791980774457,36.0,0.0,36.0,361640619,126879664,0,0,
1789644961.0,0.9301429041440772,36.0,0.0,36.0,361702600,126879664,61981,0,0.0
1789644963.0,0.943560730685053,36.0,0.0,36.0,361702600,126879664,0,0,
1789644965.0,0.8459953938804412,32.0,0.0,36.0,361702600,126879664,0,0,
1789644967.0,0.8885233238445363,34.0,3.0,36.0,361822299,126940848,119699,61184,0.5111
1789644969.1,0.8823007710243609,34.0,1.0,36.0,361880488,126940848,58189,0,0.0
1789644971.1,0.8863633112563835,35.0,0.0,36.0,362033932,127086496,153444,145648,0.9492
1789644973.1,0.8871929849657402,35.0,0.0,36.0,362033932,127086496,0,0,
1789644975.1,0.8880083539559701,35.0,0.0,36.0,362033932,127086496,0,0,
1789644977.1,0.9173830946829359,36.0,2.0,36.0,362110778,127086496,76846,0,0.0
1789644979.2,0.9264808960476061,37.0,0.0,36.0,362240742,127196512,129964,110016,0.8465
1789644981.2,0.9578654498118929,38.0,0.0,36.0,362402495,127348992,161753,152480,0.9427
1789644983.2,0.9340337877465776,37.0,0.0,36.0,362402495,127348992,0,0,
1789644985.2,0.8847683350737409,35.0,0.0,36.0,362404890,127348992,2395,0,0.0
1789644987.3,0.9374383108987655,37.0,1.0,36.0,362523874,127401280,118984,52288,0.4395
1789644989.3,0.9236056475031112,37.0,0.0,36.0,362566212,127443120,42338,41840,0.9882
1789644991.3,0.9096943081522595,37.0,1.0,36.0,362634950,127443120,68738,0,0.0
1789644993.3,0.9090505957915517,37.0,1.0,36.0,362700107,127443120,65157,0,0.0
1789644995.3,0.9313373481911683,37.0,0.0,36.0,362758834,127501808,58727,58688,0.9993
1789644997.4,0.8878009355286309,35.0,0.0,36.0,362804181,127547136,45347,45328,0.9996
1789644999.4,0.8496788590556025,34.0,0.0,36.0,362993203,127733872,189022,186736,0.9879
1789645001.4,0.8299240419414364,34.0,2.0,36.0,363162385,127832576,169182,98704,0.5834
1789645003.4,0.8555724033358605,35.0,1.0,36.0,363231826,127832576,69441,0,0.0
1789645005.4,0.8775301471955598,36.0,0.0,36.0,363301248,127832576,69422,0,0.0
1789645007.5,0.871743888308753,35.0,1.0,36.0,363301248,127832576,0,0,
1789645009.5,0.846045460397385,34.0,0.0,36.0,363354139,127878912,52891,46336,0.8761
1789645011.5,0.8535625902985395,34.0,1.0,36.0,363463177,127916832,109038,37920,0.3478
1789645013.5,0.8372981246513225,34.0,0.0,36.0,363466078,127916832,2901,0,0.0
1789645015.5,0.8495286595047706,33.0,0.0,36.0,363680516,128126544,214438,209712,0.978
1789645017.6,0.8541061696253593,33.0,1.0,36.0,363754573,128126544,74057,0,0.0
1789645019.6,0.87974737866022,34.0,0.0,36.0,363824237,128126544,69664,0,0.0
1789645021.6,0.8963265481282275,35.0,0.0,36.0,363882360,128181728,58123,55184,0.9494
1789645023.6,0.8375055430786617,33.0,0.0,36.0,363996030,128289280,113670,107552,0.9462
1789645025.6,0.8038536913327707,32.0,0.0,36.0,364207626,128476672,211596,187392,0.8856
1789645027.7,0.8342226100390518,33.0,1.0,36.0,364268573,128503648,60947,26976,0.4426
1789645029.7,0.861523166492626,34.0,0.0,36.0,364324136,128528592,55563,24944,0.4489
1789645031.7,0.8799404923684323,35.0,0.0,36.0,364421449,128600320,97313,71728,0.7371
1789645033.7,0.8349092365571402,33.0,0.0,36.0,364485899,128664368,64450,64048,0.9938
1789645035.7,0.7641867051940435,31.0,0.0,36.0,364634023,128733680,148124,69312,0.4679
1789645037.8,0.7898136095097773,31.0,1.0,36.0,364634023,128733680,0,0,
1789645039.8,0.8234583088961048,32.0,0.0,36.0,364743990,128830768,109967,97088,0.8829
1789645041.8,0.8675812150428426,34.0,0.0,36.0,364885901,128955600,141911,124832,0.8796
1789645043.8,0.8569098945742201,34.0,0.0,36.0,364930704,129000384,44803,44784,0.9996
1789645045.9,0.8781881642753945,35.0,0.0,36.0,365047770,129116096,117066,115712,0.9884
1789645047.9,0.8194744446192799,33.0,0.0,36.0,365113134,129180800,65364,64704,0.9899
1789645049.9,0.8370191826283491,34.0,0.0,36.0,365168558,129180864,55424,64,0.0012
1789645051.9,0.8427482226386485,34.0,1.0,36.0,365248195,129213040,79637,32176,0.404
1789645053.9,0.8605218361537471,34.0,0.0,36.0,365313248,129274896,65053,61856,0.9509
1789645056.0,0.8444862460125595,34.0,0.0,36.0,365479455,129419536,166207,144640,0.8702
1789645058.0,0.8314188850901912,33.0,0.0,36.0,365645309,129557136,165854,137600,0.8296
1789645060.0,0.8573461885075886,34.0,0.0,36.0,365691733,129602192,46424,45056,0.9705
1789645062.0,0.812715464831848,32.0,0.0,36.0,365757871,129653968,66138,51776,0.7828
1789645064.0,0.8341296293647275,33.0,0.0,36.0,365804010,129700096,46139,46128,0.9998
1789645066.1,0.8652566981847312,34.0,0.0,36.0,366011750,129905392,207740,205296,0.9882
1789645068.1,0.8662222667257928,34.0,0.0,36.0,366058767,129952000,47017,46608,0.9913
1789645070.1,0.828264694522723,32.0,0.0,36.0,366199572,130088192,140805,136192,0.9672
1789645072.1,0.8218633327134621,32.0,0.0,36.0,366240636,130088192,41064,0,0.0
1789645074.1,0.7691862045288741,31.0,0.0,36.0,366242994,130088192,2358,0,0.0
1789645076.2,0.7542449254008897,31.0,0.0,36.0,366313621,130088192,70627,0,0.0
1789645078.2,0.8116640679760253,32.0,0.0,36.0,366403960,130171536,90339,83344,0.9226
1789645080.2,0.8105339951650049,31.0,0.0,36.0,366403960,130171536,0,0,
1789645082.2,0.8262262720471484,32.0,0.0,36.0,366508145,130241888,104185,70352,0.6753
1789645084.2,0.8056203241449355,31.0,0.0,36.0,366575193,130308896,67048,67008,0.9994
1789645086.3,0.7691933568884375,29.0,0.0,36.0,366615177,130308896,39984,0,0.0
1789645088.3,0.7824109173616376,30.0,0.0,36.0,366679454,130356336,64277,47440,0.7381
1789645090.3,0.7472570701074284,29.0,0.0,36.0,366679454,130356336,0,0,
1789645092.4,0.8286294648604575,32.0,0.0,36.0,366942906,130538192,263452,181856,0.6903
1789645094.4,0.8542778262548815,32.0,0.0,36.0,366942906,130538192,0,0,
1789645096.4,0.8036748823436852,30.0,0.0,36.0,367070486,130599600,127580,61408,0.4813
1789645098.4,0.8564020770452172,31.0,0.0,36.0,367219193,130742016,148707,142416,0.9577
1789645100.4,0.8383352167880184,30.0,0.0,36.0,367274586,130795296,55393,53280,0.9619
1789645102.4,0.7819531663495787,28.0,0.0,36.0,367274586,130795296,0,0,
1789645104.5,0.6976411518159841,25.0,0.0,36.0,367274586,130795296,0,0,
1789645106.5,0.7840201982634071,29.0,0.0,36.0,367680947,131196128,406361,400832,0.9864
1789645108.5,0.7847497389388759,29.0,0.0,36.0,367680947,131196128,0,0,
1789645110.5,0.6956742529360436,25.0,0.0,36.0,367680947,131196128,0,0,
1789645112.6,0.7248415752356703,27.0,0.0,36.0,367869669,131362928,188722,166800,0.8838
1789645114.6,0.6943796758550647,25.0,0.0,36.0,367869669,131362928,0,0,
1789645116.6,0.7611755618178437,28.0,1.0,36.0,368062651,131481984,192982,119056,0.6169
1789645118.6,0.8133877866308095,29.0,0.0,36.0,368134562,131553280,71911,71296,0.9914
1789645120.7,0.7019754817114165,25.0,0.0,36.0,368134562,131553280,0,0,
1789645122.7,0.8044330324574077,29.0,0.0,36.0,368362947,131735920,228385,182640,0.7997
1789645124.7,0.7789920894903228,28.0,0.0,36.0,368362947,131735920,0,0,
1789645126.7,0.7846353011858612,28.0,0.0,36.0,368545431,131917376,182484,181456,0.9944
1789645128.8,0.7794784499406354,28.0,0.0,36.0,368646436,132015920,101005,98544,0.9756
1789645130.8,0.7183400803925215,27.0,0.0,36.0,368793219,132083632,146783,67712,0.4613
1789645132.8,0.7439741370678187,27.0,2.0,36.0,368793219,132083632,0,0,
1789645134.8,0.8039895861644757,29.0,0.0,36.0,368995344,132279872,202125,196240,0.9709
1789645136.8,0.7327306278341225,27.0,0.0,36.0,369139139,132417648,143795,137776,0.9581
1789645138.9,0.7686998440785615,28.0,0.0,36.0,369260592,132538752,121453,121104,0.9971
1789645140.9,0.6530676470167509,25.0,0.0,36.0,369303258,132581408,42666,42656,0.9998
1789645142.9,0.6542263292660249,25.0,4.0,36.0,369382276,132581408,79018,0,0.0
1789645144.9,0.7921738881657059,29.0,0.0,36.0,369676516,132873008,294240,291600,0.991
1789645146.9,0.8043543565022101,30.0,0.0,36.0,369746033,132915808,69517,42800,0.6157
1789645149.0,0.7697583932939477,29.0,0.0,36.0,369746033,132915808,0,0,
1789645151.0,0.7614974179981976,29.0,0.0,36.0,369854964,133021760,108931,105952,0.9727
1789645153.0,0.7977169668273564,30.0,0.0,36.0,369977206,133143808,122242,122048,0.9984
1789645155.1,0.7986396212110375,30.0,0.0,36.0,370046059,133212112,68853,68304,0.992
1789645157.1,0.7707382665541362,29.0,0.0,36.0,370194290,133355312,148231,143200,0.9661
1789645159.1,0.675518903686326,26.0,0.0,36.0,370272516,133432608,78226,77296,0.9881
1789645161.1,0.740948688972492,28.0,0.0,36.0,370540111,133697936,267595,265328,0.9915
1789645163.2,0.7449254008897535,28.0,0.0,36.0,370624023,133777440,83912,79504,0.9475
1789645165.2,0.7438024804382966,27.0,0.0,36.0,370624023,133777440,0,0,
1789645167.2,0.7948488706424249,29.0,0.0,36.0,370877455,134029392,253432,251952,0.9942
1789645169.2,0.7963580185103065,29.0,0.0,36.0,370995581,134145744,118126,116352,0.985
1789645171.2,0.7673480481210752,28.0,0.0,36.0,371125702,134273616,130121,127872,0.9827
1789645173.3,0.7060880884603831,26.0,0.0,36.0,371195253,134343024,69551,69408,0.9979
1789645175.3,0.706545839472442,26.0,0.0,36.0,371274678,134422288,79425,79264,0.998
1789645177.3,0.716373181512581,26.0,3.0,36.0,371336843,134422288,62165,0,0.0
1789645179.4,0.7353197819960805,27.0,0.0,36.0,371498033,134549728,161190,127440,0.7906
1789645181.4,0.7341610997468064,27.0,0.0,36.0,371637998,134687696,139965,137968,0.9857
1789645183.4,0.7376228417755017,27.0,0.0,36.0,371725744,134739760,87746,52064,0.5933
1789645185.4,0.6911754187706525,25.0,0.0,36.0,371810248,134822320,84504,82560,0.977
1789645187.4,0.7316220121017925,26.0,0.0,36.0,372011327,135021744,201079,199424,0.9918
1789645189.5,0.7090348606005121,25.0,0.0,36.0,372054864,135064800,43537,43056,0.989
1789645191.5,0.7691432903714935,27.0,0.0,36.0,372231924,135240208,177060,175408,0.9907
1789645193.5,0.7392178179581443,26.0,0.0,36.0,372231924,135240208,0,0,
1789645195.5,0.6958673666442559,24.0,0.0,36.0,372454179,135442688,222255,202480,0.911
1789645197.5,0.7599095941751184,27.0,0.0,36.0,372674604,135620592,220425,177904,0.8071
1789645199.6,0.7606605919292775,27.0,0.0,36.0,372674604,135620592,0,0,
1789645201.6,0.7086843949819046,25.0,0.0,36.0,372738011,135683216,63407,62624,0.9877
1789645203.6,0.686519232694866,24.0,0.0,36.0,372903868,135848272,165857,165056,0.9952
1789645205.6,0.5663023731529031,21.0,0.0,36.0,372935831,135879696,31963,31424,0.9831
1789645207.7,0.7166735806142446,26.0,0.0,36.0,373404709,136337120,468878,457424,0.9756
1789645209.7,0.6476819202654955,24.0,0.0,36.0,373407969,136337120,3260,0,0.0
1789645211.7,0.6940578196747107,25.0,0.0,36.0,373719378,136639232,311409,302112,0.9701
1789645213.7,0.730627834122477,26.0,0.0,36.0,373799669,136718656,80291,79424,0.9892
1789645215.7,0.6964324030497662,25.0,0.0,36.0,373885652,136804496,85983,85840,0.9983
1789645217.8,0.7264007896204958,26.0,0.0,36.0,374027040,136945632,141388,141136,0.9982
1789645219.8,0.7302845208634329,26.0,0.0,36.0,374102946,137020880,75906,75248,0.9913
1789645221.8,0.6348434348491567,23.0,0.0,36.0,374102946,137020880,0,0,
1789645223.9,0.6972906861973764,24.0,0.0,36.0,374276761,137183024,173815,162144,0.9329
1789645225.9,0.6670505099632369,23.0,0.0,36.0,374432426,137338032,155665,155008,0.9958
1789645227.9,0.6836010699929906,24.0,0.0,36.0,374512759,137417520,80333,79488,0.9895
1789645229.9,0.7166235140973007,25.0,0.0,36.0,374800185,137701888,287426,284368,0.9894
1789645231.9,0.6918405882100505,24.0,0.0,36.0,374890219,137784608,90034,82720,0.9188
1789645234.0,0.6925272147281388,24.0,0.0,36.0,374890219,137784608,0,0,
1789645236.0,0.6897234897792781,25.0,0.0,36.0,374951713,137842720,61494,58112,0.945
1789645238.0,0.6763843391934999,24.0,0.0,36.0,375040415,137895616,88702,52896,0.5963
1789645240.0,0.6576022429799591,23.0,0.0,36.0,375040415,137895616,0,0,
1789645242.0,0.6281559786573591,23.0,0.0,36.0,375132695,137987600,92280,91984,0.9968
1789645244.1,0.6087373224426738,22.0,0.0,36.0,375188732,138043552,56037,55952,0.9985
1789645246.1,0.5537857439169183,20.0,0.0,36.0,375258463,138112368,69731,68816,0.9869
1789645248.1,0.6671148811993077,25.0,1.0,36.0,375570564,138370080,312101,257712,0.8257
1789645250.1,0.6999084497975883,26.0,0.0,36.0,375648500,138370080,77936,0,0.0
1789645252.1,0.6829359005535927,26.0,0.0,36.0,375682388,138403248,33888,33168,0.9788
1789645254.2,0.6023574177121032,23.0,0.0,36.0,375682388,138403248,0,0,
1789645256.2,0.6400360478921996,25.0,0.0,36.0,375830562,138528096,148174,124848,0.8426
1789645258.2,0.6857467778620167,27.0,0.0,36.0,375978322,138665136,147760,137040,0.9274
1789645260.2,0.6178494285264708,23.0,0.0,36.0,375978322,138665136,0,0,
1789645262.3,0.6375827885619466,23.0,0.0,36.0,376148440,138834480,170118,169344,0.9955
1789645264.3,0.6067847282818601,22.0,0.0,36.0,376193397,138878336,44957,43856,0.9755
1789645266.3,0.6407941980059222,24.0,0.0,36.0,376393678,138995680,200281,117344,0.5859
1789645268.3,0.666421102321656,24.0,2.0,36.0,376393678,138995680,0,0,
1789645270.3,0.7054586808188021,26.0,0.0,36.0,376472423,139074144,78745,78464,0.9964
1789645272.4,0.6772855364984909,25.0,0.0,36.0,376472423,139074144,0,0,
1789645274.4,0.5837612828472113,22.0,0.0,36.0,376474858,139074144,2435,0,0.0
1789645276.4,0.6787589225685553,26.0,0.0,36.0,376736924,139332096,262066,257952,0.9843
1789645278.4,0.6960247185546512,27.0,0.0,36.0,376773915,139368208,36991,36112,0.9762
1789645280.4,0.645765087902499,25.0,0.0,36.0,376825486,139419440,51571,51232,0.9934
1789645282.5,0.7001587823823079,27.0,0.0,36.0,377028636,139574256,203150,154816,0.7621
1789645284.5,0.696124851588539,26.0,1.0,36.0,377130920,139574256,102284,0,0.0
1789645286.5,0.7107800363339866,26.0,1.0,36.0,377130920,139574256,0,0,
1789645288.5,0.7373009855951478,27.0,0.0,36.0,377234655,139676880,103735,102624,0.9893
1789645290.5,0.6170197548171141,23.0,0.0,36.0,377234655,139676880,0,0,
1789645292.6,0.6582531077002303,25.0,0.0,36.0,377441647,139876192,206992,199312,0.9629
1789645294.6,0.6047677628849757,22.0,0.0,36.0,377441647,139876192,0,0,
1789645296.6,0.6618149827628135,26.0,0.0,36.0,377631371,140045216,189724,169024,0.8909
1789645298.6,0.6449854807100863,25.0,0.0,36.0,377758699,140171424,127328,126208,0.9912
1789645300.6,0.5698141816985424,22.0,0.0,36.0,377758699,140171424,0,0,
1789645302.7,0.5956198950033615,23.0,4.0,36.0,377837561,140171424,78862,0,0.0
1789645304.7,0.6926917189980974,26.0,0.0,36.0,378084696,140416848,247135,245424,0.9931
1789645306.7,0.6664282546812194,24.0,0.0,36.0,378144746,140464784,60050,47936,0.7983
1789645308.7,0.6690388659218676,24.0,0.0,36.0,378309404,140628496,164658,163712,0.9943
1789645310.7,0.6998154691232638,25.0,0.0,36.0,378378903,140687744,69499,59248,0.8525
1789645312.8,0.6744388973922497,24.0,0.0,36.0,378378903,140687744,0,0,
1789645314.8,0.6667071967041927,24.0,0.0,36.0,378489059,140797808,110156,110064,0.9992
1789645316.8,0.6874347347189838,24.0,1.0,36.0,378651550,140914624,162491,116816,0.7189
1789645318.8,0.6944798088889524,25.0,0.0,36.0,378653995,140914624,2445,0,0.0
1789645320.8,0.6186290357188837,22.0,0.0,36.0,378653995,140914624,0,0,
1789645322.9,0.6057833979429814,21.0,2.0,36.0,378792462,140914624,138467,0,0.0
1789645324.9,0.6204242779693021,21.0,2.0,36.0,378792462,140914624,0,0,
1789645326.9,0.6314389116969688,21.0,2.0,36.0,378792462,140914624,0,0,
1789645328.9,0.6763056632383023,23.0,2.0,36.0,378869084,140990432,76622,75808,0.9894
1789645330.9,0.6638247958001344,23.0,0.0,36.0,378954922,141074800,85838,84368,0.9829
1789645333.0,0.618822149427096,21.0,0.0,36.0,379014666,141134112,59744,59312,0.9928
1789645335.0,0.6743530690774886,23.0,0.0,36.0,379137330,141256000,122664,121888,0.9937
1789645337.0,0.7153146322971948,25.0,0.0,36.0,379227611,141340608,90281,84608,0.9372
1789645339.0,0.5762226958673666,22.0,0.0,36.0,379230537,141340608,2926,0,0.0
1789645341.0,0.6025648361394425,23.0,0.0,36.0,379396579,141449744,166042,109136,0.6573
1789645343.1,0.707432732058306,26.0,0.0,36.0,379590580,141638704,194001,188960,0.974
1789645345.1,0.7081765774529016,26.0,0.0,36.0,379590580,141638704,0,0,
1789645347.1,0.6068419471583675,23.0,0.0,36.0,379702464,141691456,111884,52752,0.4715
1789645349.1,0.63620953552577,23.0,0.0,36.0,379764830,141753808,62366,62352,0.9998
1789645351.2,0.6249588739325103,23.0,0.0,36.0,379804253,141793120,39423,39312,0.9972
1789645353.2,0.6499778276853534,23.0,0.0,36.0,379940983,141929200,136730,136080,0.9952
1789645355.2,0.5979301071423462,21.0,0.0,36.0,380004997,141993136,64014,63936,0.9988
1789645357.2,0.6424893072224527,24.0,0.0,36.0,380231998,142213424,227001,220288,0.9704
1789645359.2,0.6145092766103537,23.0,0.0,36.0,380231998,142213424,0,0,
1789645361.3,0.6465017809375313,24.0,0.0,36.0,380363537,142343232,131539,129808,0.9868
1789645363.3,0.6340352182184903,24.0,0.0,36.0,380447961,142427376,84424,84144,0.9967
1789645365.3,0.6083582473858126,23.0,0.0,36.0,380447961,142427376,0,0,
1789645367.3,0.6730370349178194,25.0,0.0,36.0,380655918,142633584,207957,206208,0.9916
1789645369.3,0.5513324845866652,21.0,0.0,36.0,380767793,142745312,111875,111728,0.9987
1789645371.4,0.6348791966469738,25.0,0.0,36.0,381014385,142983744,246592,238432,0.9669
1789645373.4,0.7198778376986568,28.0,0.0,36.0,381204277,143123280,189892,139536,0.7348
1789645375.4,0.6926488048407169,27.0,0.0,36.0,381357873,143264560,153596,141280,0.9198
1789645377.4,0.6960890897907219,27.0,0.0,36.0,381428960,143335104,71087,70544,0.9924
1789645379.5,0.6342855508032099,25.0,0.0,36.0,381491624,143397744,62664,62640,0.9996
1789645381.5,0.6460797917232894,26.0,0.0,36.0,381645147,143551072,153523,153328,0.9987
1789645383.5,0.5580771596549702,23.0,0.0,36.0,381645147,143551072,0,0,
1789645385.5,0.5421989214241778,23.0,0.0,36.0,381763979,143604272,118832,53200,0.4477
1789645387.6,0.5963494356788304,24.0,3.0,36.0,381847124,143668080,83145,63808,0.7674
1789645389.6,0.6998583832806442,27.0,0.0,36.0,382163405,143936576,316281,268496,0.8489
1789645391.6,0.7086486331840874,27.0,0.0,36.0,382163405,143936576,0,0,
1789645393.6,0.6808903257184545,26.0,0.0,36.0,382299632,144072416,136227,135840,0.9972
1789645395.6,0.6378259687871028,24.0,0.0,36.0,382366759,144139008,67127,66592,0.992
1789645397.7,0.6695109216530533,26.0,0.0,36.0,382599806,144311904,233047,172896,0.7419
1789645399.7,0.6848527329165892,26.0,0.0,36.0,382599806,144311904,0,0,
1789645401.7,0.6758765216644971,26.0,0.0,36.0,382704268,144414208,104462,102304,0.9793
1789645403.7,0.6522594303860844,25.0,2.0,36.0,382768556,144414208,64288,0,0.0
1789645405.7,0.6907462771968472,26.0,1.0,36.0,382839677,144459328,71121,45120,0.6344
1789645407.7,0.6666571301872488,26.0,0.0,36.0,382914133,144497392,74456,38064,0.5112
1789645409.8,0.6894588524754317,27.0,0.0,36.0,382963476,144546352,49343,48960,0.9922
1789645411.8,0.715743773871,28.0,0.0,36.0,383092338,144674912,128862,128560,0.9977
1789645413.8,0.7194343914057247,28.0,0.0,36.0,383167954,144743792,75616,68880,0.9109
1789645415.8,0.7236542835481425,28.0,0.0,36.0,383247346,144815600,79392,71808,0.9045
1789645417.9,0.7078761783512381,28.0,0.0,36.0,383286012,144854256,38666,38656,0.9997
1789645419.9,0.6872058592129544,27.0,0.0,36.0,383286012,144854256,0,0,
1789645421.9,0.661450212425079,26.0,0.0,36.0,383428206,144995984,142194,141728,0.9967
1789645423.9,0.6071280415409044,23.0,0.0,36.0,383428206,144995984,0,0,
1789645425.9,0.49149584447909367,18.0,0.0,36.0,383428206,144995984,0,0,
1789645428.0,0.47031770781180715,17.0,9.0,36.0,383510825,144995984,82619,0,0.0
1789645430.0,0.6421531463229719,26.0,0.0,36.0,383869683,145341808,358858,345824,0.9637
1789645432.0,0.6603058348949318,25.0,3.0,36.0,383935568,145341808,65885,0,0.0
1789645434.0,0.7033487347475933,28.0,0.0,36.0,384018898,145380784,83330,38976,0.4677
1789645436.0,0.6902742214656615,27.0,0.0,36.0,384018898,145380784,0,0,
1789645438.1,0.6910752857367646,27.0,0.0,36.0,384074465,145435344,55567,54560,0.9819
1789645440.1,0.6720070951406869,26.0,0.0,36.0,384146545,145495632,72080,60288,0.8364
1789645442.1,0.6921266825925874,27.0,0.0,36.0,384189912,145537984,43367,42352,0.9766
1789645444.1,0.6928991374254366,27.0,0.0,36.0,384189912,145537984,0,0,
1789645446.1,0.6668645486145879,26.0,0.0,36.0,384277221,145621152,87309,83168,0.9526
1789645448.2,0.6947229891141087,27.0,0.0,36.0,384404649,145748128,127428,126976,0.9965
1789645450.2,0.7096428111634028,27.0,0.0,36.0,384439855,145748128,35206,0,0.0
1789645452.2,0.7103866565579985,27.0,0.0,36.0,384439855,145748128,0,0,
1789645454.3,0.6277697512409344,24.0,0.0,36.0,384439855,145748128,0,0,
1789645456.3,0.5913284792653096,23.0,0.0,36.0,384439855,145748128,0,0,
1789645458.3,0.6973121432760667,27.0,0.0,36.0,384676081,145960496,236226,212368,0.899
1789645460.3,0.698048836311099,27.0,0.0,36.0,384676081,145960496,0,0,
1789645462.3,0.6829144434749024,26.0,0.0,36.0,384676081,145960496,0,0,
1789645464.4,0.6544623571316177,24.0,0.0,36.0,384676081,145960496,0,0,
1789645466.4,0.6355586708054988,25.0,0.0,36.0,384681381,145960496,5300,0,0.0
1789645468.4,0.6582101935428497,26.0,0.0,36.0,384791653,146069680,110272,109184,0.9901
1789645470.4,0.5662236971977055,23.0,0.0,36.0,384791653,146069680,0,0,
1789645472.4,0.6736521378402736,26.0,0.0,36.0,385288198,146549600,496545,479920,0.9665
1789645474.5,0.6743602214370521,26.0,0.0,36.0,385288198,146549600,0,0,
1789645476.5,0.6995508318194172,27.0,0.0,36.0,385410616,146660192,122418,110592,0.9034
1789645478.5,0.6810834394266669,26.0,0.0,36.0,385410616,146660192,0,0,
1789645480.5,0.6302015534924972,24.0,0.0,36.0,385410616,146660192,0,0,
1789645482.6,0.6348148254109031,24.0,0.0,36.0,385662823,146907840,252207,247648,0.9819
1789645484.6,0.6258243094396841,24.0,0.0,36.0,385717448,146956928,54625,49088,0.8986
1789645486.6,0.6257027193271061,24.0,0.0,36.0,385791195,147028448,73747,71520,0.9698
1789645488.6,0.612299197505257,24.0,0.0,36.0,385887695,147123584,96500,95136,0.9859
1789645490.6,0.5564678787532007,22.0,0.0,36.0,386007743,147243056,120048,119472,0.9952
1789645492.7,0.6441486546411661,24.0,0.0,36.0,386353879,147585168,346136,342112,0.9884
1789645494.7,0.6613214699529375,25.0,0.0,36.0,386391301,147585168,37422,0,0.0
1789645496.7,0.6244295993248172,24.0,0.0,36.0,386519377,147663088,128076,77920,0.6084
1789645498.7,0.683844250218147,26.0,0.0,36.0,386630896,147770976,111519,107888,0.9674
1789645500.7,0.717803653425265,27.0,0.0,36.0,386770075,147908128,139179,137152,0.9854
1789645502.8,0.6631167122033559,25.0,0.0,36.0,386770075,147908128,0,0,
1789645504.8,0.6642324802952494,25.0,0.0,36.0,386814537,147951680,44462,43552,0.9795
1789645506.8,0.6775716308810277,25.0,1.0,36.0,386861590,147951680,47053,0,0.0
1789645508.8,0.70390661879354,26.0,0.0,36.0,386905044,147994912,43454,43232,0.9949
1789645510.8,0.6689172758092895,25.0,0.0,36.0,387018850,148105408,113806,110496,0.9709
1789645512.9,0.7352053442430657,28.0,0.0,36.0,387165856,148224800,147006,119392,0.8122
1789645514.9,0.6568798546640537,25.0,0.0,36.0,387233012,148291872,67156,67072,0.9987
1789645516.9,0.7270230449025133,27.0,0.0,36.0,387436311,148490560,203299,198688,0.9773
1789645518.9,0.7077617405982233,26.0,0.0,36.0,387436311,148490560,0,0,
1789645521.0,0.7195488291587395,27.0,0.0,36.0,387535285,148582896,98974,92336,0.9329
1789645523.0,0.6624801522022115,25.0,0.0,36.0,387612185,148656880,76900,73984,0.9621
1789645525.0,0.6681448209764401,25.0,0.0,36.0,387751798,148794848,139613,137968,0.9882
1789645527.0,0.7178537199422089,26.0,0.0,36.0,387909839,148912688,158041,117840,0.7456
1789645529.0,0.7194630008439784,26.0,0.0,36.0,387939581,148940176,29742,27488,0.9242
1789645531.1,0.7206288354528159,26.0,0.0,36.0,388015350,149014832,75769,74656,0.9853
1789645533.1,0.7089275752070607,26.0,0.0,36.0,388060927,149059552,45577,44720,0.9812
1789645535.1,0.7096428111634028,26.0,0.0,36.0,388060927,149059552,0,0,
1789645537.1,0.6688314474945285,25.0,0.0,36.0,388106137,149104672,45210,45120,0.998
1789645539.1,0.7044645028394867,26.0,0.0,36.0,388321869,149314576,215732,209904,0.973
1789645541.2,0.7373510521120918,27.0,0.0,36.0,388393777,149384416,71908,69840,0.9712
1789645543.2,0.7384167536870414,27.0,0.0,36.0,388469941,149458592,76164,74176,0.9739
1789645545.2,0.6822135122376872,25.0,0.0,36.0,388545987,149534208,76046,75616,0.9943
1789645547.2,0.6753329423376773,25.0,0.0,36.0,388702479,149660448,156492,126240,0.8067
1789645549.3,0.7221236786015707,26.0,0.0,36.0,388842652,149783440,140173,122992,0.8774
1789645551.3,0.7227387815240247,26.0,0.0,36.0,388842652,149783440,0,0,
1789645553.3,0.7440528130230163,27.0,0.0,36.0,388960710,149899904,118058,116464,0.9865
1789645555.3,0.7448109631367388,27.0,0.0,36.0,388960710,149899904,0,0,
1789645557.3,0.7317722116526242,26.0,0.0,36.0,389039451,149978464,78741,78560,0.9977
1789645559.4,0.7091850601513439,25.0,0.0,36.0,389039451,149978464,0,0,
1789645561.4,0.7472427653883016,27.0,0.0,36.0,389123098,150061440,83647,82976,0.992
1789645563.4,0.7097000300399101,26.0,0.0,36.0,389125348,150061440,2250,0,0.0
1789645565.4,0.6466305234096729,24.0,0.0,36.0,389280885,150212672,155537,151232,0.9723
1789645567.4,0.6537542735348392,25.0,0.0,36.0,389359853,150280400,78968,67728,0.8577
1789645569.5,0.6805184030211566,26.0,0.0,36.0,389419455,150280400,59602,0,0.0
1789645571.5,0.6477534438611298,24.0,0.0,36.0,389498809,150359472,79354,79072,0.9964
1789645573.5,0.6119487318866494,23.0,0.0,36.0,389612003,150359472,113194,0,0.0
1789645575.5,0.6664067976025291,24.0,0.0,36.0,389678238,150423920,66235,64448,0.973
1789645577.6,0.6670433576036734,24.0,0.0,36.0,389678238,150423920,0,0,
1789645579.6,0.6677442888408887,24.0,0.0,36.0,389678238,150423920,0,0,
1789645581.6,0.6541405009512637,23.0,0.0,36.0,389726498,150472160,48260,48240,0.9996
1789645583.6,0.6192083768435207,22.0,0.0,36.0,389726498,150472160,0,0,
1789645585.6,0.6199236127998626,22.0,0.0,36.0,389726498,150472160,0,0,
1789645587.7,0.6486617935256842,24.0,0.0,36.0,389830978,150571904,104480,99744,0.9547
1789645589.7,0.6490694780207991,24.0,0.0,36.0,389920853,150661552,89875,89648,0.9975
1789645591.7,0.6798174717839416,25.0,0.0,36.0,389987980,150728672,67127,67120,0.9999
1789645593.7,0.6797244911096171,25.0,0.0,36.0,389997817,150728672,9837,0,0.0
1789645595.7,0.6804468794255225,25.0,0.0,36.0,389997817,150728672,0,0,
1789645597.8,0.6037020613100261,23.0,0.0,36.0,390180893,150909632,183076,180960,0.9884
1789645599.8,0.5535497160513254,22.0,0.0,36.0,390212387,150909632,31494,0,0.0
1789645601.8,0.6178708856051611,23.0,0.0,36.0,390461271,151151344,248884,241712,0.9712
1789645603.8,0.6261318609009112,23.0,0.0,36.0,390535272,151225344,74001,74000,1.0
1789645605.9,0.6591614573647846,24.0,0.0,36.0,390642189,151328688,106917,103344,0.9666
1789645607.9,0.5790764873331712,21.0,0.0,36.0,390642189,151328688,0,0,
1789645609.9,0.5797631138512596,21.0,0.0,36.0,390642189,151328688,0,0,
1789645611.9,0.5773813781166407,21.0,0.0,36.0,390773767,151460048,131578,131360,0.9983
1789645613.9,0.64831848026664,25.0,1.0,36.0,390941018,151575840,167251,115792,0.6923
1789645616.0,0.6126353584047377,24.0,0.0,36.0,390972731,151575840,31713,0,0.0
1789645618.0,0.6088088460383081,23.0,0.0,36.0,391016298,151605712,43567,29872,0.6857
1789645620.0,0.5766303803624816,22.0,0.0,36.0,391049659,151638224,33361,32512,0.9746
1789645622.0,0.6361809260875162,24.0,0.0,36.0,391181551,151762544,131892,124320,0.9426
1789645624.0,0.5353755704006752,19.0,0.0,36.0,391260516,151840912,78965,78368,0.9924
1789645626.1,0.5290457321870485,19.0,0.0,36.0,391294727,151872864,34211,31952,0.934
1789645628.1,0.6096885862646086,22.0,0.0,36.0,391480493,152011472,185766,138608,0.7461
1789645630.1,0.5832749223968987,21.0,0.0,36.0,391480493,152011472,0,0,
1789645632.1,0.5865793125151988,22.0,0.0,36.0,391595512,152095616,115019,84144,0.7316
1789645634.1,0.5951192298339223,22.0,0.0,36.0,391669854,152129088,74342,33472,0.4502
1789645636.2,0.5621897664039366,21.0,1.0,36.0,391703456,152129088,33602,0,0.0
1789645638.2,0.6605704721987784,25.0,0.0,36.0,391914121,152309984,210665,180896,0.8587
1789645640.2,0.609745805141116,23.0,0.0,36.0,391978291,152363632,64170,53648,0.836
1789645642.2,0.6105039552548386,23.0,0.0,36.0,392010958,152396160,32667,32528,0.9957
1789645644.2,0.6327048793396941,24.0,0.0,36.0,392092962,152474288,82004,78128,0.9527
1789645646.3,0.6338778663080951,24.0,0.0,36.0,392126808,152507024,33846,32736,0.9672
1789645648.3,0.6677085270430715,25.0,0.0,36.0,392206490,152540816,79682,33792,0.4241
1789645650.3,0.6191368532478865,23.0,0.0,36.0,392206490,152540816,0,0,
1789645652.3,0.6219977970732544,23.0,0.0,36.0,392387916,152713088,181426,172272,0.9495
1789645654.3,0.555673966841661,20.0,0.0,36.0,392387916,152713088,0,0,
1789645656.4,0.4718840745561961,17.0,0.0,36.0,392387916,152713088,0,0,
1789645658.4,0.6231564793225285,24.0,1.0,36.0,392728946,153021680,341030,308592,0.9049
1789645660.4,0.6172343256040167,24.0,0.0,36.0,392806004,153067616,77058,45936,0.5961
1789645662.4,0.5986095813008712,23.0,0.0,36.0,392839239,153067616,33235,0,0.0
1789645664.5,0.4151229490608952,16.0,0.0,36.0,392839239,153067616,0,0,
1789645666.5,0.45448238373839533,17.0,0.0,36.0,393026282,153244880,187043,177264,0.9477
1789645668.5,0.4802880970432145,18.0,5.0,36.0,393100621,153244880,74339,0,0.0
1789645670.5,0.6084297709814468,23.0,0.0,36.0,393370010,153482544,269389,237664,0.8822
1789645672.5,0.5977942123106412,23.0,0.0,36.0,393404159,153482544,34149,0,0.0
1789645674.6,0.5376714778205329,21.0,0.0,36.0,393404159,153482544,0,0,
1789645676.6,0.48165419771982776,18.0,0.0,36.0,393519886,153569264,115727,86720,0.7493
1789645678.6,0.5826383623957543,22.0,0.0,36.0,393732936,153770464,213050,201200,0.9444
1789645680.7,0.583332141273406,22.0,0.0,36.0,393824432,153861760,91496,91296,0.9978
1789645682.7,0.5536999156021571,21.0,0.0,36.0,393883549,153920608,59117,58848,0.9954
1789645684.7,0.5452386742386313,20.0,0.0,36.0,394073364,154106848,189815,186240,0.9812
1789645686.7,0.5708369691161115,21.0,0.0,36.0,394242678,154271008,169314,164160,0.9696
1789645688.8,0.5690703363039467,22.0,0.0,36.0,394461588,154486624,218910,215616,0.985
1789645690.8,0.6393422690145478,24.0,0.0,36.0,394617337,154639072,155749,152448,0.9788
1789645692.8,0.5985523624243638,23.0,0.0,36.0,394619722,154639072,2385,0,0.0
1789645694.8,0.5993248172572132,23.0,0.0,36.0,394685702,154704144,65980,65072,0.9862
1789645696.9,0.5470911353655571,21.0,0.0,36.0,394878112,154883088,192410,178944,0.93
1789645698.9,0.6353369476590327,25.0,0.0,36.0,395069763,155064032,191651,180944,0.9441
1789645700.9,0.5879740226300656,23.0,0.0,36.0,395069763,155064032,0,0,
1789645702.9,0.5326219119687585,21.0,0.0,36.0,395182078,155175344,112315,111312,0.9911
1789645705.0,0.5699214670919936,21.0,0.0,36.0,395395106,155382656,213028,207312,0.9732
1789645707.0,0.5837183686898308,21.0,0.0,36.0,395442252,155382656,47146,0,0.0
1789645709.0,0.6364455633913628,23.0,0.0,36.0,395571110,155435056,128858,52400,0.4066
1789645711.0,0.6228346231421746,22.0,0.0,36.0,395571110,155435056,0,0,
1789645713.0,0.561975195617034,21.0,0.0,36.0,395710074,155546128,138964,111072,0.7993
1789645715.1,0.6647331454646888,23.0,0.0,36.0,395928856,155756640,218782,210512,0.9622
1789645717.1,0.6661922268156264,23.0,0.0,36.0,395988924,155813792,60068,57152,0.9515
1789645719.1,0.6668430915358977,23.0,0.0,36.0,395988924,155813792,0,0,
1789645721.1,0.569313516529103,21.0,0.0,36.0,395988924,155813792,0,0,
1789645723.1,0.6354942995694279,25.0,0.0,36.0,396303960,156051600,315036,237808,0.7549
1789645725.2,0.6572374726422247,24.0,2.0,36.0,396303960,156051600,0,0,
1789645727.2,0.6902241549487176,26.0,0.0,36.0,396420169,156051600,116209,0,0.0
1789645729.2,0.6911968758493428,25.0,0.0,36.0,396420169,156051600,0,0,
1789645731.2,0.6543622240977298,22.0,0.0,36.0,396420169,156051600,0,0,
1789645733.2,0.6078218204185561,20.0,0.0,36.0,396420169,156051600,0,0,
1789645735.3,0.5695566967542592,19.0,0.0,36.0,396420169,156051600,0,0,
1789645737.3,0.579004963737537,21.0,1.0,36.0,396552497,156133584,132328,81984,0.6196
1789645739.3,0.5987240190538858,22.0,0.0,36.0,396554889,156133584,2392,0,0.0
1789645741.3,0.5676684738295164,20.0,0.0,36.0,396554889,156133584,0,0,
1789645743.4,0.5126096099103095,19.0,0.0,36.0,396588551,156165632,33662,32048,0.9521
1789645745.4,0.5133033887879612,19.0,0.0,36.0,396588551,156165632,0,0,
1789645747.4,0.5735119515928304,22.0,0.0,36.0,396800961,156376512,212410,210880,0.9928
1789645749.4,0.600411975910853,23.0,0.0,36.0,396870054,156376528,69093,16,0.0002
1789645751.4,0.6048678959188636,23.0,0.0,36.0,396870054,156376528,0,0,
1789645753.5,0.5783469466577024,22.0,0.0,36.0,396927718,156434016,57664,57488,0.9969
1789645755.5,0.5297395110647003,21.0,0.0,36.0,396946439,156434016,18721,0,0.0
1789645757.5,0.5047420143905474,20.0,0.0,36.0,396946439,156434016,0,0,
1789645759.5,0.4793654426595334,19.0,0.0,36.0,396946439,156434016,0,0,
1789645761.5,0.45662809160742124,18.0,0.0,36.0,396946439,156434016,0,0,
1789645763.6,0.39192069463716084,16.0,0.0,36.0,396946439,156434016,0,0,
1789645765.6,0.38777232609037726,14.0,0.0,36.0,396946439,156434016,0,0,
1789645767.6,0.43474902370291957,17.0,0.0,36.0,397050134,156519840,103695,85824,0.8277
1789645769.6,0.43544280258057133,17.0,0.0,36.0,397050134,156519840,0,0,
1789645771.6,0.40066087802366,15.0,0.0,36.0,397050134,156519840,0,0,
1789645773.7,0.3964552906003691,16.0,0.0,36.0,397169638,156630208,119504,110368,0.9236
1789645775.7,0.3165491295578411,13.0,0.0,36.0,397169638,156630208,0,0,
1789645777.7,0.3997453759995423,16.0,0.0,36.0,397470465,156912960,300827,282752,0.9399
1789645779.7,0.3582974523295235,15.0,0.0,36.0,397531389,156973024,60924,60064,0.9859
1789645781.8,0.3288440356473601,14.0,0.0,36.0,397570902,157012528,39513,39504,0.9998
1789645783.8,0.3856552276596049,16.0,0.0,36.0,397755841,157150400,184939,137872,0.7455
1789645785.8,0.3995236528530762,16.0,0.0,36.0,397864647,157255216,108806,104816,0.9633
1789645787.8,0.4022630065658661,17.0,1.0,36.0,398058541,157409456,193894,154240,0.7955
1789645789.8,0.38976068204900793,17.0,0.0,36.0,398163489,157478992,104948,69536,0.6626
1789645791.9,0.3904330038479694,17.0,0.0,36.0,398163489,157478992,0,0,
1789645793.9,0.365135108072153,16.0,0.0,36.0,398163489,157478992,0,0,
1789645795.9,0.2923383924356645,14.0,0.0,36.0,398266772,157551712,103283,72720,0.7041
1789645798.0,0.37577066674295845,17.0,1.0,36.0,398464411,157687952,197639,136240,0.6893
1789645800.0,0.4011615431930994,18.0,0.0,36.0,398498173,157687952,33762,0,0.0
1789645802.0,0.40568898679674426,18.0,0.0,36.0,398559916,157749072,61743,61120,0.9899
1789645804.0,0.3891384267669904,17.0,0.0,36.0,398559916,157749072,0,0,
1789645806.0,0.337391105325647,15.0,0.0,36.0,398559916,157749072,0,0,
1789645808.1,0.3754416582030412,16.0,0.0,36.0,398646459,157834128,86543,85056,0.9828
1789645810.1,0.37614974179981975,16.0,0.0,36.0,398646459,157834128,0,0,
1789645812.1,0.2910509677142489,13.0,0.0,36.0,398709913,157834128,63454,0,0.0
1789645814.1,0.3822077903500365,17.0,0.0,36.0,398941066,158056176,231153,222048,0.9606
1789645816.2,0.3829230263063784,17.0,0.0,36.0,398941066,158056176,0,0,
1789645818.2,0.3608079305362839,15.0,0.0,36.0,398941066,158056176,0,0,
1789645820.2,0.3019154018910839,13.0,0.0,36.0,399004091,158119184,63025,63008,0.9997
1789645822.2,0.2795857353340867,13.0,0.0,36.0,399161700,158221920,157609,102736,0.6518
1789645824.2,0.3474044087144349,16.0,0.0,36.0,399266958,158322752,105258,100832,0.958
1789645826.3,0.30572045717882335,14.0,0.0,36.0,399269323,158322752,2365,0,0.0
1789645828.3,0.32033988012645376,15.0,0.0,36.0,399400398,158412336,131075,89584,0.6835
1789645830.3,0.31226486617935256,14.0,0.0,36.0,399463932,158475856,63534,63520,0.9998
1789645832.3,0.3328779664411289,15.0,0.0,36.0,399547808,158558960,83876,83104,0.9908
1789645834.4,0.2897349335545797,12.0,0.0,36.0,399547808,158558960,0,0,
1789645836.4,0.2460197119029568,10.0,0.0,36.0,399547808,158558960,0,0,
1789645838.4,0.3007924814396269,14.0,0.0,36.0,399669490,158635152,121682,76192,0.6262
1789645840.4,0.31594117899495044,15.0,0.0,36.0,399709476,158635168,39986,16,0.0004
1789645842.4,0.3219777704664769,15.0,0.0,36.0,399756035,158676272,46559,41104,0.8828
1789645844.5,0.2505256984279114,12.0,0.0,36.0,399756035,158676272,0,0,
1789645846.5,0.1935714592243981,10.0,0.0,36.0,399837111,158752944,81076,76672,0.9457
1789645848.5,0.28075872230248755,15.0,3.0,36.0,400039649,158904320,202538,151376,0.7474
1789645850.5,0.31395997539588305,15.0,0.0,36.0,400149560,158960032,109911,55712,0.5069
1789645852.6,0.3613872716609209,17.0,1.0,36.0,400256602,159000608,107042,40576,0.3791
1789645854.6,0.36959818043972703,17.0,0.0,36.0,400313200,159000608,56598,0,0.0
1789645856.6,0.3297666900310412,14.0,0.0,36.0,400313200,159000608,0,0,
1789645858.6,0.3271417740712661,14.0,0.0,36.0,400422168,159000624,108968,16,0.0001
1789645860.6,0.3454446621940578,14.0,0.0,36.0,400422168,159000624,0,0,
1789645862.7,0.32814310441014494,13.0,0.0,36.0,400422168,159000624,0,0,
1789645864.7,0.3077374225757077,12.0,0.0,36.0,400422168,159000624,0,0,
1789645866.7,0.20640279228117353,8.0,0.0,36.0,400422168,159000624,0,0,
1789645868.7,0.30122162301343214,14.0,0.0,36.0,400691111,159255808,268943,255184,0.9488
1789645870.7,0.28386284635301184,13.0,0.0,36.0,400738645,159303136,47534,47328,0.9957
1789645872.8,0.26887150070808363,13.0,0.0,36.0,400891305,159452288,152660,149152,0.977
1789645874.8,0.19684008754488103,11.0,0.0,36.0,400983588,159541248,92283,88960,0.964
1789645876.8,0.1625373710787189,10.0,0.0,36.0,401085440,159639408,101852,98160,0.9638
1789645878.8,0.30375355829888284,17.0,0.0,36.0,401449815,159954096,364375,314688,0.8636
1789645880.9,0.29641523738681386,16.0,0.0,36.0,401530186,160029648,80371,75552,0.94
1789645882.9,0.17925958773799477,11.0,0.0,36.0,401707418,160206176,177232,176528,0.996
1789645884.9,0.15132247128327636,10.0,0.0,36.0,401707418,160206176,0,0,
1789645886.9,0.14702390318566094,10.0,0.0,36.0,401777322,160272624,69904,66448,0.9506
1789645889.0,0.2986110117727838,16.0,0.0,36.0,402119267,160586288,341945,313664,0.9173
1789645891.0,0.2659175762083912,14.0,0.0,36.0,402293119,160758656,173852,172368,0.9915
1789645893.0,0.28124508275280014,14.0,0.0,36.0,402396310,160859120,103191,100464,0.9736
1789645895.0,0.22573562018109772,10.0,0.0,36.0,402396310,160859120,0,0,
1789645897.0,0.1836439841503712,7.0,0.0,36.0,402396310,160859120,0,0,
1789645899.1,0.20939247857868315,8.0,4.0,36.0,402500624,160859120,104314,0,0.0
1789645901.1,0.22770251906103822,8.0,4.0,36.0,402500624,160859120,0,0,
1789645903.1,0.2533365757363354,10.0,2.0,36.0,402559211,160859120,58587,0,0.0
1789645905.1,0.28846896591185434,12.0,0.0,36.0,402630344,160891760,71133,32640,0.4589
1789645907.1,0.28929148726164766,12.0,0.0,36.0,402663823,160925088,33479,33328,0.9955
1789645909.2,0.2282890125452387,10.0,0.0,36.0,402663823,160925088,0,0,
1789645911.2,0.1999513639549687,9.0,0.0,36.0,402663823,160925088,0,0,
1789645913.2,0.1910609810176377,8.0,2.0,36.0,402707679,160925088,43856,0,0.0
1789645915.2,0.2316649262591729,10.0,0.0,36.0,402795282,160958720,87603,33632,0.3839
1789645917.3,0.21615145836611493,9.0,0.0,36.0,402795282,160958720,0,0,
1789645919.3,0.23544852446822206,11.0,0.0,36.0,402836844,160994736,41562,36016,0.8666
1789645921.3,0.2376586035733188,11.0,0.0,36.0,402876066,161030512,39222,35776,0.9121
1789645923.3,0.21484972892557253,10.0,0.0,36.0,402876066,161030512,0,0,
1789645925.3,0.19832062597450895,10.0,0.0,36.0,402882061,161030512,5995,0,0.0
1789645927.4,0.1954668345087044,10.0,0.0,36.0,402965426,161111472,83365,80960,0.9712
1789645929.4,0.2535940606806185,12.0,1.0,36.0,403103883,161188160,138457,76688,0.5539
1789645931.4,0.23886735233953682,12.0,0.0,36.0,403109119,161188160,5236,0,0.0
1789645933.5,0.26042456406368464,12.0,0.0,36.0,403161416,161230064,52297,41904,0.8013
1789645935.5,0.2012888551933283,9.0,0.0,36.0,403161416,161230064,0,0,
1789645937.5,0.20553020441443637,10.0,0.0,36.0,403213126,161276032,51710,45968,0.889
1789645939.5,0.17934541605275578,9.0,0.0,36.0,403264369,161326480,51243,50448,0.9845
1789645941.5,0.15667243623671445,7.0,0.0,36.0,403264369,161326480,0,0,
1789645943.6,0.1757620839114824,8.0,0.0,36.0,403371810,161433568,107441,107088,0.9967
1789645945.6,0.15498447937974735,6.0,0.0,36.0,403371810,161433568,0,0,
1789645947.6,0.16212253422404055,6.0,0.0,36.0,403494926,161555696,123116,122128,0.992
1789645949.6,0.1626303517530433,6.0,0.0,36.0,403557578,161618208,62652,62512,0.9978
1789645951.7,0.1370320568755633,5.0,0.0,36.0,403557578,161618208,0,0,
1789645953.7,0.16361022501323186,6.0,0.0,36.0,403690642,161749952,133064,131744,0.9901
1789645955.7,0.13481482541090306,5.0,0.0,36.0,403690642,161749952,0,0,
1789645957.7,0.13530833822077903,5.0,0.0,36.0,403768812,161810128,78170,60176,0.7698
1789645959.7,0.1646044029925472,6.0,1.0,36.0,403840076,161810128,71264,0,0.0
1789645961.8,0.19024561202740786,7.0,0.0,36.0,403911573,161810128,71497,0,0.0
1789645963.8,0.21587966870270503,8.0,0.0,36.0,403975876,161810128,64303,0,0.0
1789645965.8,0.20293389789291483,7.0,0.0,36.0,403975876,161810128,0,0,
1789645967.8,0.1818558942595162,6.0,0.0,36.0,404046063,161880256,70187,70128,0.9992
1789645969.9,0.18237086414808246,6.0,0.0,36.0,404046063,161880256,0,0,
1789645971.9,0.15361122634357072,5.0,0.0,36.0,404046063,161880256,0,0,
1789645973.9,0.20862002374583377,7.0,0.0,36.0,404195259,161952576,149196,72320,0.4847
1789645975.9,0.22067174961019642,7.0,0.0,36.0,404195259,161952576,0,0,
1789645977.9,0.1882501037092137,6.0,0.0,36.0,404195259,161952576,0,0,
1789645980.0,0.13069506630237315,4.0,0.0,36.0,404195259,161952576,0,0,
1789645982.0,0.1311242078761784,4.0,0.0,36.0,404195259,161952576,0,0,
1789645984.0,0.15686554994492685,5.0,1.0,36.0,404268960,161952576,73701,0,0.0
1789645986.0,0.18249960662022402,6.0,0.0,36.0,404343666,161952576,74706,0,0.0
1789645988.0,0.20861287138627038,7.0,0.0,36.0,404419766,161952592,76100,16,0.0002
1789645990.1,0.23058491996509645,7.0,0.0,36.0,404419766,161952592,0,0,
1789645992.1,0.1671363382779979,5.0,0.0,36.0,404419766,161952592,0,0,
1789645994.1,0.16014133062497315,5.0,0.0,36.0,404495524,161952592,75758,0,0.0
1789645996.1,0.13443575035404176,4.0,0.0,36.0,404495524,161952592,0,0,
1789645998.2,0.14936987712246275,5.0,1.0,36.0,404570577,161952592,75053,0,0.0
1789646000.2,0.1713490780608523,6.0,0.0,36.0,404657817,161952592,87240,0,0.0
1789646002.2,0.20064514283262047,6.0,0.0,36.0,404657817,161952592,0,0,
1789646004.2,0.20748279857524998,6.0,0.0,36.0,404657817,161952592,0,0,
1789646006.3,0.20796915902556257,6.0,0.0,36.0,404657817,161952592,0,0,
1789646008.3,0.20845551947587504,6.0,0.0,36.0,404657817,161952592,0,0,
1789646010.3,0.17506115267426725,5.0,0.0,36.0,404657817,161952592,0,0,
1789646012.3,0.1754974466076359,5.0,0.0,36.0,404657817,161952592,0,0,
1789646014.3,0.13653139170612383,4.0,0.0,36.0,404657817,161952592,0,0,
1789646016.4,0.10199264737436875,3.0,0.0,36.0,404657817,161952592,0,0,
1789646018.4,0.08634328464960594,3.0,1.0,36.0,404736479,161952592,78662,0,0.0
1789646020.4,0.1046604774915244,4.0,0.0,36.0,404815009,161952592,78530,0,0.0
1789646022.4,0.1339422375441658,4.0,0.0,36.0,404815009,161952592,0,0,
1789646024.4,0.16325260703506084,5.0,0.0,36.0,404894146,161952592,79137,0,0.0
1789646026.5,0.17382379446979557,5.0,0.0,36.0,404894146,161952592,0,0,
1789646028.5,0.13907047935113792,4.0,0.0,36.0,404894146,161952592,0,0,
1789646030.5,0.1394710114866895,4.0,0.0,36.0,404894146,161952592,0,0,
1789646032.5,0.06947802079906162,2.0,0.0,36.0,404894146,161952592,0,0,
1789646034.6,0.09878123793039328,3.0,0.0,36.0,404973360,161952592,79214,0,0.0
1789646036.6,0.10508961906532965,3.0,0.0,36.0,404973360,161952592,0,0,
1789646038.6,0.1054114752456835,3.0,0.0,36.0,404973360,161952592,0,0,
1789646040.6,0.07171670934241203,2.0,0.0,36.0,404973360,161952592,0,0,
1789646042.7,0.07198849900582205,2.0,0.0,36.0,404973360,161952592,0,0,
1789646044.7,0.03597636860400244,1.0,0.0,36.0,404973360,161952592,0,0,
1789646046.7,0.03613372051439767,1.0,0.0,36.0,404973360,161952592,0,0,
1789646048.7,0.05817729268885807,2.0,0.0,36.0,405053530,161952592,80170,0,0.0
1789646050.7,0.07207432732058305,2.0,0.0,36.0,405053530,161952592,0,0,
1789646052.8,0.03636259602042713,1.0,0.0,36.0,405053530,161952592,0,0,
1789646054.8,0.03651994793082236,1.0,0.0,36.0,405053530,161952592,0,0,
1789646056.8,0.0,0.0,0.0,36.0,405053530,161952592,0,0,
1789646058.8,0.0,0.0,0.0,36.0,405053530,161952592,0,0,
1789646060.8,0.0,0.0,0.0,36.0,405053530,161952592,0,0,
1789646062.9,0.0,0.0,0.0,36.0,405053530,161952592,0,0,
1789646064.9,0.0,0.0,0.0,36.0,405053530,161952592,0,0,
1789646066.9,0.0,0.0,0.0,36.0,405053530,161952592,0,0,
1789646068.9,0.0,0.0,0.0,36.0,405053530,161952592,0,0,
1789646071.0,0.0,0.0,0.0,36.0,405053530,161952592,0,0,
1789646073.0,0.0,0.0,0.0,36.0,405053530,161952592,0,0,
1789646075.0,0.0,0.0,0.0,36.0,405053530,161952592,0,0,
1789646077.0,0.0,0.0,0.0,36.0,405053530,161952592,0,0,
1789646079.0,0.0,0.0,0.0,36.0,405053530,161952592,0,0,
1789646081.1,0.0,0.0,0.0,36.0,405053530,161952592,0,0,
1789646083.1,0.0,0.0,0.0,36.0,405053530,161952592,0,0,
1789646085.1,0.0,0.0,0.0,36.0,405053530,161952592,0,0,
1789646087.1,0.0,0.0,0.0,36.0,405053530,161952592,0,0,
1789646089.2,0.0,0.0,0.0,36.0,405053530,161952592,0,0,
1789646091.2,0.0,0.0,0.0,36.0,405053530,161952592,0,0,
1789646093.2,0.0,0.0,0.0,36.0,405053530,161952592,0,0,
1789646095.2,0.0,0.0,0.0,36.0,405053530,161952592,0,0,
1789646097.2,0.0,0.0,0.0,36.0,405053530,161952592,0,0,
1789646099.3,0.0,0.0,0.0,36.0,405053530,161952592,0,0,
1789646101.3,0.0,0.0,0.0,36.0,405053530,161952592,0,0,
1789646103.3,0.0,0.0,0.0,36.0,405053530,161952592,0,0,
1789646105.3,0.0,0.0,0.0,36.0,405053530,161952592,0,0,
1789646107.4,0.0,0.0,0.0,36.0,405053530,161952592,0,0,
1789646109.4,0.0,0.0,0.0,36.0,405053530,161952592,0,0,
1789646111.4,0.0,0.0,0.0,36.0,405053530,161952592,0,0,
1789646113.4,0.0,0.0,0.0,36.0,405053530,161952592,0,0,
1789646115.4,0.0,0.0,0.0,36.0,405053530,161952592,0,0,
1789646117.5,0.0,0.0,0.0,36.0,405053530,161952592,0,0,
1789646119.5,0.0,0.0,0.0,36.0,405053530,161952592,0,0,
1789646121.5,0.0,0.0,0.0,36.0,405053530,161952592,0,0,
1789646123.5,0.0,0.0,0.0,36.0,405053530,161952592,0,0,
1789646125.5,0.0,0.0,0.0,36.0,405053530,161952592,0,0,
1789646127.6,0.0,0.0,0.0,36.0,405053530,161952592,0,0,
1789646129.6,0.0,0.0,0.0,36.0,405053530,161952592,0,0,
1789646131.6,0.0,0.0,0.0,36.0,405053530,161952592,0,0,
1789646133.6,0.0,0.0,0.0,36.0,405053530,161952592,0,0,
1789646135.7,0.0,0.0,0.0,36.0,405053530,161952592,0,0,
1789646137.7,0.0,0.0,0.0,36.0,405053530,161952592,0,0,
1789646139.7,0.0,0.0,0.0,36.0,405053530,161952592,0,0,
1789646141.7,0.0,0.0,0.0,36.0,405053530,161952592,0,0,
1789646143.7,0.0,0.0,0.0,36.0,405053530,161952592,0,0,
1789646145.8,0.0,0.0,0.0,36.0,405053530,161952592,0,0,
1789646147.8,0.0,0.0,0.0,36.0,405053530,161952592,0,0,
1789646149.8,0.0,0.0,0.0,36.0,405053530,161952592,0,0,
1789646151.8,0.0,0.0,0.0,36.0,405053530,161952592,0,0,
1789646153.9,0.0,0.0,0.0,36.0,405053530,161952592,0,0,
1789646155.9,0.0,0.0,0.0,36.0,405053530,161952592,0,0,
1789646157.9,0.0,0.0,0.0,36.0,405053530,161952592,0,0,
1789646159.9,0.0,0.0,0.0,36.0,405053530,161952592,0,0,
1789646161.9,0.0,0.0,0.0,36.0,405053530,161952592,0,0,
1789646164.0,0.0,0.0,0.0,36.0,405053530,161952592,0,0,
1789646166.0,0.0,0.0,0.0,36.0,405053530,161952592,0,0,
1789646168.0,0.0,0.0,0.0,36.0,405053530,161952592,0,0,
1789646170.0,0.0,0.0,0.0,36.0,405053530,161952592,0,0,
1789646172.1,0.0,0.0,0.0,36.0,405053530,161952592,0,0,
1789646174.1,0.0,0.0,0.0,36.0,405053530,161952592,0,0,
1789646176.1,0.0,0.0,0.0,36.0,405053530,161952592,0,0,
1789646178.1,0.0,0.0,0.0,36.0,405053530,161952592,0,0,
1789646180.1,0.0,0.0,0.0,36.0,405053530,161952592,0,0,
1789646182.2,0.0,0.0,0.0,36.0,405053530,161952592,0,0,
1789646184.2,0.0,0.0,0.0,36.0,405053530,161952592,0,0,
1789646186.2,0.0,0.0,0.0,36.0,405053530,161952592,0,0,
1789646188.2,0.0,0.0,0.0,36.0,405053530,161952592,0,0,
1789646190.3,0.0,0.0,0.0,36.0,405053530,161952592,0,0,
1789646192.3,0.0,0.0,0.0,36.0,405053530,161952592,0,0,
1789646194.3,0.0,0.0,0.0,36.0,405053530,161952592,0,0,
1789646196.3,0.0,0.0,0.0,36.0,405053530,161952592,0,0,
1789646198.3,0.0,0.0,0.0,36.0,405053530,161952592,0,0,
1789646200.4,0.0,0.0,0.0,36.0,405053530,161952592,0,0,
1789646202.4,0.0,0.0,0.0,36.0,405053530,161952592,0,0,
1789646204.4,0.0,0.0,0.0,36.0,405053530,161952592,0,0,
1789646206.4,0.0,0.0,0.0,36.0,405053530,161952592,0,0,
1789646208.4,0.0,0.0,0.0,36.0,405053530,161952592,0,0,
1789646210.5,0.0,0.0,0.0,36.0,405053530,161952592,0,0,
1789646210.5,0.0,0.0,0.0,36.0,405053530,161952592,0,0,
