ts,kv_cache_usage_perc,num_requests_running,num_requests_waiting,num_preemptions_total,cum_prefix_cache_queries,cum_prefix_cache_hits,interval_queries,interval_hits,interval_hit_rate
1789747085.4,0.0,0.0,0.0,86.0,1248168208,341132496,0,0,
1789747087.5,0.0,0.0,0.0,86.0,1248168208,341132496,0,0,
1789747089.5,0.0,0.0,0.0,86.0,1248168208,341132496,0,0,
1789747091.5,0.0,0.0,0.0,86.0,1248168208,341132496,0,0,
1789747093.6,0.0,0.0,0.0,86.0,1248168208,341132496,0,0,
1789747095.6,0.0,0.0,0.0,86.0,1248168208,341132496,0,0,
1789747097.7,0.0,0.0,0.0,86.0,1248168208,341132496,0,0,
1789747099.7,0.0,0.0,0.0,86.0,1248168208,341132496,0,0,
1789747101.8,0.0,0.0,0.0,86.0,1248168208,341132496,0,0,
1789747103.8,0.0,0.0,0.0,86.0,1248168208,341132496,0,0,
1789747105.9,0.0,0.0,0.0,86.0,1248168208,341132496,0,0,
1789747107.9,0.0,0.0,0.0,86.0,1248168208,341132496,0,0,
1789747109.9,0.0,0.0,0.0,86.0,1248168208,341132496,0,0,
1789747112.0,0.0,0.0,0.0,86.0,1248168208,341132496,0,0,
1789747114.0,0.0,0.0,0.0,86.0,1248168208,341132496,0,0,
1789747116.1,0.0,0.0,0.0,86.0,1248168208,341132496,0,0,
1789747118.1,0.0,0.0,0.0,86.0,1248168208,341132496,0,0,
1789747120.2,0.0,0.0,0.0,86.0,1248168208,341132496,0,0,
1789747122.2,0.0,0.0,0.0,86.0,1248168208,341132496,0,0,
1789747124.3,0.0,0.0,0.0,86.0,1248168208,341132496,0,0,
1789747126.3,0.0,0.0,0.0,86.0,1248168208,341132496,0,0,
1789747128.4,0.0,0.0,0.0,86.0,1248168208,341132496,0,0,
1789747130.4,0.0,0.0,0.0,86.0,1248168208,341132496,0,0,
1789747132.5,0.0,0.0,0.0,86.0,1248168208,341132496,0,0,
1789747134.5,0.0,0.0,0.0,86.0,1248168208,341132496,0,0,
1789747136.6,0.0,0.0,0.0,86.0,1248168208,341132496,0,0,
1789747138.6,0.0,0.0,0.0,86.0,1248168208,341132496,0,0,
1789747140.7,0.0,0.0,0.0,86.0,1248168208,341132496,0,0,
1789747142.7,0.0,0.0,0.0,86.0,1248168208,341132496,0,0,
1789747144.8,0.0,0.0,0.0,86.0,1248168208,341132496,0,0,
1789747146.8,0.0,0.0,0.0,86.0,1248168208,341132496,0,0,
1789747148.9,0.0,0.0,0.0,86.0,1248168208,341132496,0,0,
1789747150.9,0.0,0.0,0.0,86.0,1248168208,341132496,0,0,
1789747153.0,0.018317192841918573,3.0,5.0,86.0,1248234725,341132496,66517,0,0.0
1789747155.0,0.05829173044187275,4.0,20.0,86.0,1248309958,341132880,75233,384,0.0051
1789747157.1,0.0949189637661465,6.0,27.0,86.0,1248405814,341132880,95856,0,0.0
1789747159.2,0.12788418899394915,8.0,44.0,86.0,1248458773,341132896,52959,16,0.0003
1789747161.3,0.1676942223239447,18.0,37.0,86.0,1248597010,341132912,138237,16,0.0001
1789747163.4,0.20069520934956442,23.0,52.0,86.0,1248638605,341132912,41595,0,0.0
1789747165.4,0.23984007324016188,21.0,57.0,86.0,1248716386,341132912,77781,0,0.0
1789747167.5,0.26811335059436103,18.0,67.0,86.0,1248777915,341132912,61529,0,0.0
1789747169.6,0.30672178751770207,29.0,53.0,86.0,1248886505,341132912,108590,0,0.0
1789747171.7,0.3460240033186949,29.0,54.0,86.0,1248974075,341132912,87570,0,0.0
1789747173.8,0.37801650764587236,31.0,50.0,86.0,1249031017,341132912,56942,0,0.0
1789747175.8,0.40270645285879814,27.0,55.0,86.0,1249201931,341132912,170914,0,0.0
1789747177.9,0.4204443045760796,24.0,63.0,86.0,1249201931,341132912,0,0,
1789747180.0,0.4312300627977169,23.0,64.0,86.0,1249201931,341132912,0,0,
1789747182.1,0.4420158210193543,22.0,64.0,86.0,1249201931,341132912,0,0,
1789747184.2,0.4491538758636474,21.0,64.0,86.0,1249201931,341132912,0,0,
1789747186.2,0.47114738152116387,23.0,62.0,86.0,1249301015,341132912,99084,0,0.0
1789747188.3,0.48945742200351894,23.0,62.0,86.0,1249301015,341132912,0,0,
1789747190.4,0.5114223182227817,24.0,61.0,86.0,1249350934,341132912,49919,0,0.0
1789747192.5,0.5407398400732402,26.0,59.0,86.0,1249408179,341132912,57245,0,0.0
1789747194.5,0.5697641151815984,31.0,53.0,86.0,1249496078,341132912,87899,0,0.0
1789747196.6,0.6027651022072182,35.0,49.0,86.0,1249566436,341132912,70358,0,0.0
1789747198.7,0.6278627319152588,34.0,48.0,86.0,1249613124,341132912,46688,0,0.0
1789747200.8,0.6599196074785072,35.0,46.0,86.0,1249700515,341132912,87391,0,0.0
1789747202.9,0.6889867967442459,35.0,47.0,86.0,1249758516,341132912,58001,0,0.0
1789747204.9,0.7212010242178895,33.0,45.0,86.0,1249817049,341132928,58533,16,0.0003
1789747207.0,0.7541376400074384,35.0,46.0,86.0,1249970425,341132928,153376,0,0.0
1789747209.1,0.7798003061209893,35.0,46.0,86.0,1249970425,341132928,0,0,
1789747211.2,0.7944054243494929,35.0,46.0,86.0,1249970425,341132928,0,0,
1789747213.2,0.820089547541734,36.0,45.0,86.0,1250054156,341132928,83731,0,0.0
1789747215.3,0.8420472914014333,38.0,43.0,86.0,1250215309,341132928,161153,0,0.0
1789747217.4,0.8640050352611326,38.0,43.0,86.0,1250215309,341132928,0,0,
1789747219.5,0.8786816770852705,38.0,43.0,86.0,1250215309,341132928,0,0,
1789747221.5,0.8748194029210237,37.0,43.0,86.0,1250215309,341132928,0,0,
1789747223.6,0.8857696654126196,37.0,43.0,86.0,1250215309,341132928,0,0,
1789747225.7,0.9002245840902914,39.0,40.0,86.0,1250269340,341132928,54031,0,0.0
1789747227.7,0.9030926802752228,39.0,39.0,86.0,1250318122,341132928,48782,0,0.0
1789747229.8,0.8984507989185633,39.0,36.0,86.0,1250414616,341132944,96494,16,0.0002
1789747231.9,0.9085427782625488,38.0,36.0,86.0,1250502821,341132944,88205,0,0.0
1789747234.0,0.9378030812364999,38.0,40.0,86.0,1250502821,341132944,0,0,
1789747236.0,0.9561345787975453,41.0,38.0,86.0,1250540747,341132944,37926,0,0.0
1789747238.1,0.967199279042156,40.0,39.0,86.0,1250614995,341132944,74248,0,0.0
1789747240.2,0.9854878624458209,42.0,38.0,86.0,1250650296,341132944,35301,0,0.0
1789747242.2,0.9498047405839186,38.0,39.0,86.0,1250752580,341132944,102284,0,0.0
1789747244.3,0.9603044044230191,37.0,39.0,86.0,1250752580,341132944,0,0,
1789747246.4,0.9749166750110861,37.0,40.0,86.0,1250752580,341132944,0,0,
1789747248.5,0.9773627819817758,37.0,39.0,86.0,1250791258,341132944,38678,0,0.0
1789747250.5,0.9203870856995723,36.0,40.0,86.0,1250899146,341132960,107888,16,0.0001
1789747252.6,0.9533093967699944,37.0,41.0,86.0,1250932707,341132960,33561,0,0.0
1789747254.7,0.949861959460426,37.0,39.0,86.0,1251004942,341132960,72235,0,0.0
1789747256.8,0.9361079720199694,38.0,39.0,86.0,1251084639,341132960,79697,0,0.0
1789747258.8,0.9691089590455891,39.0,39.0,86.0,1251142254,341132960,57615,0,0.0
1789747260.9,0.9947072539230692,40.0,39.0,86.0,1251192449,341132960,50195,0,0.0
1789747263.0,0.9521435621611569,38.0,38.0,86.0,1251276946,341132960,84497,0,0.0
1789747265.0,0.9777847711960176,38.0,41.0,86.0,1251276946,341132960,0,0,
1789747267.1,0.9781137797359349,38.0,40.0,86.0,1251310315,341132960,33369,0,0.0
1789747269.2,0.9089790721959174,37.0,40.0,86.0,1251371780,341132960,61465,0,0.0
1789747271.3,0.8614516428969917,34.0,42.0,86.0,1251426587,341132960,54807,0,0.0
1789747273.3,0.8537986181641324,34.0,43.0,86.0,1251484911,341132960,58324,0,0.0
1789747275.4,0.8867853004706252,37.0,41.0,86.0,1251561282,341132960,76371,0,0.0
1789747277.5,0.9160527558041398,38.0,40.0,86.0,1251643537,341132976,82255,16,0.0002
1789747279.5,0.938024804382966,39.0,39.0,86.0,1251664405,341132976,20868,0,0.0
1789747281.6,0.9708112206216831,40.0,39.0,86.0,1251736841,341132976,72436,0,0.0
1789747283.7,0.9796872988398873,40.0,38.0,86.0,1251791001,341132976,54160,0,0.0
1789747285.8,0.9779564278255396,41.0,38.0,86.0,1251900487,341132992,109486,16,0.0001
1789747287.8,0.9828772512051726,40.0,41.0,86.0,1251900487,341132992,0,0,
1789747289.9,0.9963737537013461,40.0,40.0,86.0,1251966683,341132992,66196,0,0.0
1789747292.0,0.9975467406697469,40.0,41.0,86.0,1251966683,341132992,0,0,
1789747294.0,0.9869827055945757,39.0,42.0,86.0,1252022776,341132992,56093,0,0.0
1789747296.1,0.9917962435807572,40.0,40.0,86.0,1252097295,341132992,74519,0,0.0
1789747298.2,0.992046576165477,40.0,38.0,86.0,1252138015,341132992,40720,0,0.0
1789747300.3,0.9855093195245112,40.0,39.0,86.0,1252189254,341132992,51239,0,0.0
1789747302.3,0.9901154390833536,40.0,39.0,86.0,1252222301,341133008,33047,16,0.0005
1789747304.4,0.9685510749996424,39.0,38.0,86.0,1252319061,341133008,96760,0,0.0
1789747306.5,0.9842719613200395,39.0,40.0,86.0,1252319061,341133008,0,0,
1789747308.5,0.9669560988169997,39.0,40.0,86.0,1252395808,341133008,76747,0,0.0
1789747310.6,0.968987368933011,39.0,38.0,86.0,1252467770,341133008,71962,0,0.0
1789747312.7,0.9951220907777476,41.0,38.0,86.0,1252523662,341133008,55892,0,0.0
1789747314.8,0.9774700673752271,40.0,39.0,86.0,1252578495,341133008,54833,0,0.0
1789747316.9,0.9788504727709672,40.0,39.0,86.0,1252662365,341133008,83870,0,0.0
1789747319.0,0.9971748179724491,40.0,40.0,86.0,1252662365,341133008,0,0,
1789747321.0,0.9463573032743502,39.0,41.0,86.0,1252712965,341133008,50600,0,0.0
1789747323.1,0.9562919307079405,41.0,38.0,86.0,1252788183,341133008,75218,0,0.0
1789747325.2,0.9819760539001817,42.0,38.0,86.0,1252844319,341133008,56136,0,0.0
1789747327.2,0.9364512852790136,40.0,40.0,86.0,1252919447,341133024,75128,16,0.0002
1789747329.3,0.9694236628663796,42.0,39.0,86.0,1252993155,341133024,73708,0,0.0
1789747331.4,0.9980402534796229,43.0,38.0,86.0,1253046627,341133024,53472,0,0.0
1789747333.4,0.9668273563448582,41.0,40.0,86.0,1253046627,341133024,0,0,
1789747335.5,0.9463429985552234,41.0,40.0,86.0,1253218151,341133024,171524,0,0.0
1789747337.6,0.9471440628263263,40.0,40.0,86.0,1253218151,341133024,0,0,
1789747339.7,0.9335188178580114,39.0,42.0,86.0,1253218151,341133024,0,0,
1789747341.7,0.9330038479694451,38.0,42.0,86.0,1253218151,341133024,0,0,
1789747343.8,0.9403278641623871,38.0,43.0,86.0,1253218151,341133024,0,0,
1789747345.9,0.9426523810204986,38.0,42.0,86.0,1253287323,341133024,69172,0,0.0
1789747347.9,0.9609981833006709,39.0,42.0,86.0,1253296289,341133024,8966,0,0.0
1789747350.0,0.9975825024675641,41.0,40.0,86.0,1253374625,341133024,78336,0,0.0
1789747352.1,0.9458065715879669,38.0,41.0,86.0,1253451642,341133024,77017,0,0.0
1789747354.2,0.9640951549916318,39.0,41.0,86.0,1253489811,341133024,38169,0,0.0
1789747356.2,0.9808173716509077,39.0,41.0,86.0,1253531194,341133024,41383,0,0.0
1789747358.3,0.9635158138669947,38.0,41.0,86.0,1253601026,341133024,69832,0,0.0
1789747360.4,0.9881413878438496,41.0,38.0,86.0,1253634954,341133024,33928,0,0.0
1789747362.5,0.9830846696325117,41.0,38.0,86.0,1253674403,341133024,39449,0,0.0
1789747364.5,0.9676284206159612,41.0,37.0,86.0,1253735890,341133024,61487,0,0.0
1789747366.6,0.9915316062769107,42.0,38.0,86.0,1253788683,341133024,52793,0,0.0
1789747368.7,0.9882415208777375,42.0,38.0,86.0,1253856822,341133024,68139,0,0.0
1789747370.8,0.9984908521321184,42.0,39.0,86.0,1253913720,341133040,56898,16,0.0003
1789747372.8,0.9752814453488206,41.0,39.0,86.0,1253992420,341133040,78700,0,0.0
1789747374.9,0.9718053986009985,40.0,38.0,86.0,1254035894,341133040,43474,0,0.0
1789747377.0,0.9686154462357132,39.0,40.0,86.0,1254091892,341133040,55998,0,0.0
1789747379.1,0.9949289770695352,40.0,39.0,86.0,1254132496,341133040,40604,0,0.0
1789747381.1,0.9840287810948832,40.0,39.0,86.0,1254201126,341133040,68630,0,0.0
1789747383.2,0.9324173544852447,39.0,37.0,86.0,1254312834,341133040,111708,0,0.0
1789747385.3,0.8848970775458824,39.0,39.0,86.0,1254351587,341133040,38753,0,0.0
1789747387.3,0.9178837598523752,41.0,39.0,86.0,1254490252,341133040,138665,0,0.0
1789747389.4,0.9434892070894187,41.0,39.0,86.0,1254490252,341133040,0,0,
1789747391.5,0.9581873059922469,42.0,38.0,86.0,1254528636,341133040,38384,0,0.0
1789747393.6,0.991109617062669,44.0,36.0,86.0,1254586314,341133040,57678,0,0.0
1789747395.7,0.9793010714234626,43.0,35.0,86.0,1254605577,341133040,19263,0,0.0
1789747397.7,0.9437681491123922,42.0,36.0,86.0,1254666474,341133040,60897,0,0.0
1789747399.8,0.9731142804011044,45.0,35.0,86.0,1254773967,341133040,107493,0,0.0
1789747401.9,0.9636803181369534,44.0,35.0,86.0,1254816045,341133040,42078,0,0.0
1789747404.0,0.9411289284334902,44.0,36.0,86.0,1254883815,341133040,67770,0,0.0
1789747406.1,0.973808059278756,45.0,36.0,86.0,1254952511,341133040,68696,0,0.0
1789747408.2,0.9751312457979887,46.0,36.0,86.0,1255009557,341133040,57046,0,0.0
1789747410.2,0.9775415909708612,46.0,35.0,86.0,1255046872,341133040,37315,0,0.0
1789747412.3,0.9532378731743603,45.0,35.0,86.0,1255103804,341133056,56932,16,0.0003
1789747414.4,0.9825410903056918,46.0,35.0,86.0,1255169383,341133056,65579,0,0.0
1789747416.5,0.9718626174775058,46.0,35.0,86.0,1255260943,341133056,91560,0,0.0
1789747418.5,0.9894788790822092,46.0,36.0,86.0,1255279955,341133056,19012,0,0.0
1789747420.6,0.9929477734704679,47.0,34.0,86.0,1255353486,341133056,73531,0,0.0
1789747422.7,0.9771553635544367,47.0,33.0,86.0,1255393504,341133056,40018,0,0.0
1789747424.7,0.941243366186505,46.0,35.0,86.0,1255445439,341133056,51935,0,0.0
1789747426.8,0.9439827198992947,47.0,33.0,86.0,1255527363,341133056,81924,0,0.0
1789747428.9,0.9574076987998341,48.0,34.0,86.0,1255608025,341133056,80662,0,0.0
1789747431.0,0.9903300098702562,49.0,34.0,86.0,1255667720,341133056,59695,0,0.0
1789747433.0,0.9814324745733618,49.0,35.0,86.0,1255734823,341133056,67103,0,0.0
1789747435.1,0.9823908907548601,48.0,36.0,86.0,1255788839,341133056,54016,0,0.0
1789747437.2,0.9830846696325117,48.0,37.0,86.0,1255830387,341133056,41548,0,0.0
1789747439.2,0.9737937545596292,47.0,38.0,86.0,1255914651,341133056,84264,0,0.0
1789747441.3,0.9781066273763714,46.0,38.0,86.0,1255914651,341133056,0,0,
1789747443.4,0.9599181770065944,45.0,39.0,86.0,1255971484,341133056,56833,0,0.0
1789747445.5,0.928147395825883,43.0,42.0,86.0,1256143338,341133056,171854,0,0.0
1789747447.5,0.9427739711330768,43.0,42.0,86.0,1256143338,341133056,0,0,
1789747449.6,0.9537743001416167,43.0,42.0,86.0,1256143338,341133056,0,0,
1789747451.7,0.96478178150972,43.0,42.0,86.0,1256143338,341133056,0,0,
1789747453.8,0.9757892628778234,43.0,42.0,86.0,1256143338,341133056,0,0,
1789747455.8,0.9798231936715922,43.0,42.0,86.0,1256143338,341133056,0,0,
1789747457.9,0.9842934183987297,43.0,42.0,86.0,1256200710,341133056,57372,0,0.0
1789747460.0,0.9616204385826884,43.0,40.0,86.0,1256236819,341133056,36109,0,0.0
1789747462.1,0.9783998741184717,43.0,40.0,86.0,1256295708,341133056,58889,0,0.0
1789747464.1,0.9793725950190968,44.0,38.0,86.0,1256357019,341133056,61311,0,0.0
1789747466.2,0.9890425851488406,44.0,38.0,86.0,1256414479,341133072,57460,16,0.0003
1789747468.3,0.9842505042413492,43.0,40.0,86.0,1256468332,341133072,53853,0,0.0
1789747470.3,0.9826698327778334,43.0,41.0,86.0,1256520478,341133072,52146,0,0.0
1789747472.4,0.942895561245655,42.0,41.0,86.0,1256572087,341133072,51609,0,0.0
1789747474.5,0.9348133949389904,42.0,41.0,86.0,1256677418,341133072,105331,0,0.0
1789747476.6,0.9567854435178165,42.0,43.0,86.0,1256677418,341133072,0,0,
1789747478.6,0.9860528988513311,43.0,42.0,86.0,1256756016,341133072,78598,0,0.0
1789747480.7,0.8902112807015035,41.0,42.0,86.0,1256798383,341133072,42367,0,0.0
1789747482.8,0.8983578182442388,41.0,43.0,86.0,1256855277,341133072,56894,0,0.0
1789747484.9,0.9287911081865907,42.0,42.0,86.0,1256940815,341133072,85538,0,0.0
1789747487.0,0.961699114537886,43.0,41.0,86.0,1256999967,341133072,59152,0,0.0
1789747489.1,0.9633370048779092,44.0,39.0,86.0,1257079040,341133072,79073,0,0.0
1789747491.1,0.992625917290114,45.0,38.0,86.0,1257111180,341133072,32140,0,0.0
1789747493.2,0.993205258414751,45.0,41.0,86.0,1257166324,341133072,55144,0,0.0
1789747495.3,0.9967385240390805,44.0,43.0,86.0,1257197220,341133072,30896,0,0.0
1789747497.4,0.981675654798518,44.0,43.0,86.0,1257262305,341133072,65085,0,0.0
1789747499.5,0.9705823451156537,43.0,43.0,86.0,1257361752,341133072,99447,0,0.0
1789747501.5,0.9888995379575722,43.0,43.0,86.0,1257361752,341133072,0,0,
1789747503.6,0.9678072296050467,42.0,43.0,86.0,1257411319,341133072,49567,0,0.0
1789747505.7,0.9866680017737852,42.0,44.0,86.0,1257411319,341133072,0,0,
1789747507.8,0.9992418498862775,43.0,43.0,86.0,1257488531,341133072,77212,0,0.0
1789747509.9,0.9892428512166164,42.0,43.0,86.0,1257524048,341133072,35517,0,0.0
1789747511.9,0.9911239217817958,42.0,44.0,86.0,1257589643,341133072,65595,0,0.0
1789747514.0,0.9885776817772183,43.0,43.0,86.0,1257628647,341133072,39004,0,0.0
1789747516.1,0.9852232251419744,42.0,42.0,86.0,1257690054,341133088,61407,16,0.0003
1789747518.2,0.9962020970718239,42.0,42.0,86.0,1257735725,341133088,45671,0,0.0
1789747520.3,0.9503769293489922,41.0,41.0,86.0,1257815253,341133104,79528,16,0.0002
1789747522.3,0.9759823765860357,42.0,41.0,86.0,1257857513,341133104,42260,0,0.0
1789747524.4,0.960726393637261,42.0,41.0,86.0,1257895048,341133104,37535,0,0.0
1789747526.5,0.9845509033430129,43.0,41.0,86.0,1257942897,341133104,47849,0,0.0
1789747528.5,0.98404308581401,43.0,42.0,86.0,1258002818,341133104,59921,0,0.0
1789747530.6,0.9917604817829402,44.0,42.0,86.0,1258094797,341133104,91979,0,0.0
1789747532.7,0.9752385311914401,43.0,43.0,86.0,1258094797,341133104,0,0,
1789747534.8,0.9845008368260689,43.0,43.0,87.0,1258094797,341133104,0,0,
1789747536.8,0.9855307766032014,43.0,43.0,87.0,1258094797,341133104,0,0,
1789747538.9,0.9705465833178366,42.0,42.0,87.0,1258166455,341133104,71658,0,0.0
1789747541.0,0.9962235541505142,43.0,41.0,87.0,1258207344,341133104,40889,0,0.0
1789747543.1,0.9524654183415109,40.0,41.0,87.0,1258256583,341133104,49239,0,0.0
1789747545.1,0.9754387972592158,41.0,43.0,87.0,1258332407,341133104,75824,0,0.0
1789747547.2,0.9522866093524254,41.0,42.0,87.0,1258432160,341133104,99753,0,0.0
1789747549.3,0.9641452215085757,41.0,44.0,87.0,1258481384,341133104,49224,0,0.0
1789747551.3,0.9706324116325976,41.0,45.0,87.0,1258481384,341133104,0,0,
1789747553.4,0.93010714234626,40.0,44.0,87.0,1258566046,341133104,84662,0,0.0
1789747555.5,0.9556982848641767,40.0,45.0,87.0,1258566046,341133104,0,0,
1789747557.6,0.9555409329537814,40.0,44.0,87.0,1258631932,341133104,65886,0,0.0
1789747559.7,0.9601828143104411,40.0,44.0,87.0,1258674084,341133104,42152,0,0.0
1789747561.8,0.984672493455591,41.0,43.0,87.0,1258714934,341133104,40850,0,0.0
1789747563.8,0.9666986138727166,40.0,43.0,87.0,1258714934,341133104,0,0,
1789747565.9,0.9108243809632798,38.0,44.0,87.0,1258893756,341133104,178822,0,0.0
1789747568.0,0.9364941994363941,38.0,46.0,87.0,1258893756,341133104,0,0,
1789747570.0,0.9132275737765889,37.0,46.0,87.0,1258893756,341133104,0,0,
1789747572.1,0.9242064457064385,37.0,47.0,87.0,1258893756,341133104,0,0,
1789747574.2,0.9351638605575979,37.0,47.0,87.0,1258893756,341133104,0,0,
1789747576.3,0.9425164861887937,37.0,47.0,87.0,1258893756,341133104,0,0,
1789747578.3,0.9498548071008626,38.0,46.0,87.0,1258952429,341133104,58673,0,0.0
1789747580.4,0.9523867423863133,38.0,45.0,87.0,1258993292,341133104,40863,0,0.0
1789747582.5,0.9587451900381936,39.0,43.0,87.0,1259076628,341133104,83336,0,0.0
1789747584.6,0.9499048736178065,38.0,42.0,87.0,1259134436,341133104,57808,0,0.0
1789747586.6,0.9693163774729283,39.0,44.0,87.0,1259149288,341133104,14852,0,0.0
1789747588.7,0.9141645328793969,37.0,45.0,87.0,1259289225,341133104,139937,0,0.0
1789747590.8,0.9288340223439713,37.0,45.0,87.0,1259289225,341133104,0,0,
1789747592.9,0.9434534452916017,37.0,45.0,87.0,1259289225,341133104,0,0,
1789747594.9,0.9544323172214514,37.0,45.0,87.0,1259289225,341133104,0,0,
1789747597.0,0.9505485859785143,38.0,44.0,87.0,1259357665,341133104,68440,0,0.0
1789747599.1,0.9834708970489364,40.0,42.0,87.0,1259452739,341133104,95074,0,0.0
1789747601.1,0.9802594876049608,40.0,42.0,87.0,1259494054,341133104,41315,0,0.0
1789747603.2,0.9781209320954983,41.0,40.0,87.0,1259566245,341133104,72191,0,0.0
1789747605.3,0.9643526399359148,40.0,41.0,87.0,1259615834,341133104,49589,0,0.0
1789747607.4,0.9961305734761898,42.0,40.0,87.0,1259678902,341133104,63068,0,0.0
1789747609.4,0.9939848656071638,42.0,39.0,87.0,1259700103,341133104,21201,0,0.0
1789747611.5,0.9779993419829202,41.0,40.0,87.0,1259777787,341133104,77684,0,0.0
1789747613.6,0.9755532350122306,42.0,39.0,87.0,1259829026,341133104,51239,0,0.0
1789747615.7,0.9765974795084899,42.0,41.0,87.0,1259883263,341133104,54237,0,0.0
1789747617.7,0.9818616161471669,42.0,41.0,87.0,1259940765,341133104,57502,0,0.0
1789747619.8,0.9803524682792853,43.0,39.0,87.0,1260001915,341133104,61150,0,0.0
1789747621.9,0.9782282174889496,43.0,39.0,87.0,1260004360,341133104,2445,0,0.0
1789747623.9,0.9227259072768106,39.0,40.0,87.0,1260104481,341133104,100121,0,0.0
1789747626.0,0.9410287953996024,39.0,43.0,87.0,1260104481,341133104,0,0,
1789747628.1,0.9593459882415208,40.0,43.0,87.0,1260164001,341133104,59520,0,0.0
1789747630.2,0.9589955226229133,40.0,43.0,87.0,1260202163,341133104,38162,0,0.0
1789747632.3,0.9882558255968644,41.0,42.0,87.0,1260240596,341133104,38433,0,0.0
1789747634.4,0.9833421545767949,41.0,41.0,87.0,1260280571,341133104,39975,0,0.0
1789747636.4,0.9974609123549859,42.0,41.0,87.0,1260303546,341133104,22975,0,0.0
1789747638.5,0.9778562947916518,41.0,41.0,87.0,1260343401,341133104,39855,0,0.0
1789747640.6,0.9798661078289728,41.0,42.0,87.0,1260403526,341133104,60125,0,0.0
1789747642.7,0.9977327020183959,42.0,41.0,87.0,1260439630,341133104,36104,0,0.0
1789747644.8,0.967471068705566,40.0,42.0,87.0,1260485988,341133104,46358,0,0.0
1789747646.9,0.9255367845852347,39.0,41.0,87.0,1260610210,341133104,124222,0,0.0
1789747648.9,0.9438825868654069,39.0,44.0,87.0,1260610210,341133104,0,0,
1789747651.0,0.9658188736464159,40.0,43.0,87.0,1260649588,341133104,39378,0,0.0
1789747653.1,0.9540389374454633,39.0,43.0,87.0,1260753964,341133104,104376,0,0.0
1789747655.2,0.8958115782396613,38.0,43.0,87.0,1260753964,341133104,0,0,
1789747657.2,0.9105025247829259,39.0,43.0,87.0,1260835799,341133104,81835,0,0.0
1789747659.3,0.9361079720199694,39.0,43.0,87.0,1260835799,341133104,0,0,
1789747661.4,0.9581014776774858,40.0,43.0,87.0,1260878742,341133104,42943,0,0.0
1789747663.4,0.9608622884689659,41.0,41.0,87.0,1260977808,341133104,99066,0,0.0
1789747665.5,0.9865178022229534,42.0,41.0,87.0,1261010000,341133104,32192,0,0.0
1789747667.6,0.9535597293547141,40.0,41.0,87.0,1261094999,341133120,84999,16,0.0002
1789747669.7,0.9718554651179424,40.0,41.0,87.0,1261094999,341133120,0,0,
1789747671.7,0.9703963837670048,40.0,42.0,87.0,1261156787,341133120,61788,0,0.0
1789747673.8,0.9428597994478378,38.0,43.0,87.0,1261214351,341133120,57564,0,0.0
1789747675.9,0.9511279271031513,38.0,44.0,87.0,1261273909,341133120,59558,0,0.0
1789747678.0,0.976769136138012,39.0,44.0,87.0,1261312999,341133120,39090,0,0.0
1789747680.1,0.9654254938704279,39.0,43.0,87.0,1261400111,341133120,87112,0,0.0
1789747682.1,0.9874261518875077,39.0,44.0,87.0,1261400111,341133120,0,0,
1789747684.2,0.9904730570615246,39.0,44.0,87.0,1261400111,341133120,0,0,
1789747686.3,0.9694022057876893,38.0,43.0,87.0,1261515997,341133120,115886,0,0.0
1789747688.4,0.9950505671821134,38.0,44.0,87.0,1261515997,341133120,0,0,
1789747690.4,0.9437609967528288,37.0,43.0,87.0,1261587606,341133120,71609,0,0.0
1789747692.5,0.9657473500507817,38.0,44.0,87.0,1261630016,341133120,42410,0,0.0
1789747694.6,0.9842290471626589,38.0,44.0,87.0,1261630016,341133120,0,0,
1789747696.7,0.9709328107342612,37.0,44.0,87.0,1261692074,341133120,62058,0,0.0
1789747698.7,0.9366730084254795,36.0,44.0,87.0,1261737052,341133120,44978,0,0.0
1789747700.8,0.9070550874733575,36.0,43.0,87.0,1261845625,341133120,108573,0,0.0
1789747702.9,0.9142074470367775,36.0,44.0,87.0,1261903895,341133136,58270,16,0.0003
1789747705.0,0.9434892070894187,38.0,44.0,87.0,1261992927,341133136,89032,0,0.0
1789747707.0,0.9691590255625331,39.0,43.0,87.0,1262035585,341133136,42658,0,0.0
1789747709.1,0.9978829015692277,40.0,42.0,87.0,1262068946,341133136,33361,0,0.0
1789747711.2,0.9908592844779492,40.0,41.0,88.0,1262114292,341133136,45346,0,0.0
1789747713.2,0.9753100547870742,40.0,41.0,88.0,1262171800,341133136,57508,0,0.0
1789747715.3,0.9793296808617162,39.0,42.0,88.0,1262171800,341133136,0,0,
1789747717.4,0.8666299512209078,35.0,42.0,88.0,1262228008,341133136,56208,0,0.0
1789747719.5,0.8769007395539788,36.0,43.0,88.0,1262297522,341133136,69514,0,0.0
1789747721.5,0.9098445077030912,38.0,43.0,88.0,1262400245,341133152,102723,16,0.0002
1789747723.6,0.9120116726508075,38.0,43.0,88.0,1262445470,341133152,45225,0,0.0
1789747725.7,0.9356573733674739,39.0,43.0,88.0,1262539307,341133152,93837,0,0.0
1789747727.7,0.964967742858369,40.0,42.0,88.0,1262573205,341133152,33898,0,0.0
1789747729.8,0.9920680332441673,41.0,42.0,88.0,1262623426,341133152,50221,0,0.0
1789747731.9,0.9967099146008268,42.0,41.0,88.0,1262686605,341133152,63179,0,0.0
1789747734.0,0.9783283505228375,41.0,42.0,88.0,1262766022,341133152,79417,0,0.0
1789747736.0,0.9957514984193285,41.0,42.0,88.0,1262766022,341133152,0,0,
1789747738.2,0.9681147810662738,41.0,41.0,88.0,1262823804,341133152,57782,0,0.0
1789747740.2,0.9662694722989114,41.0,40.0,88.0,1262856043,341133152,32239,0,0.0
1789747742.3,0.9400203127011602,39.0,42.0,88.0,1262856043,341133152,0,0,
1789747744.4,0.9160098416467592,38.0,44.0,88.0,1263034865,341133152,178822,0,0.0
1789747746.4,0.9024561202740784,37.0,45.0,88.0,1263034865,341133152,0,0,
1789747748.5,0.9171399144577796,37.0,46.0,88.0,1263034865,341133152,0,0,
1789747750.6,0.9281044816685025,37.0,46.0,88.0,1263034865,341133152,0,0,
1789747752.7,0.939083353598352,37.0,46.0,88.0,1263034865,341133152,0,0,
1789747754.7,0.9317021185289027,36.0,46.0,88.0,1263034865,341133152,0,0,
1789747756.8,0.9390547441600984,37.0,45.0,88.0,1263074603,341133152,39738,0,0.0
1789747758.9,0.9457779621497132,37.0,46.0,88.0,1263132922,341133152,58319,0,0.0
1789747760.9,0.9732716323114996,38.0,45.0,88.0,1263170075,341133152,37153,0,0.0
1789747763.0,0.9521507145207204,37.0,44.0,88.0,1263230435,341133152,60360,0,0.0
1789747765.1,0.9617706381335203,37.0,44.0,88.0,1263285836,341133152,55401,0,0.0
1789747767.2,0.9834565923298096,38.0,44.0,88.0,1263332228,341133152,46392,0,0.0
1789747769.3,0.9724562633212697,39.0,45.0,88.0,1263390629,341133152,58401,0,0.0
1789747771.3,0.9762827756876994,39.0,45.0,88.0,1263467761,341133152,77132,0,0.0
1789747773.5,0.9679931909536956,39.0,45.0,88.0,1263508729,341133152,40968,0,0.0
1789747775.5,0.9587380376786302,39.0,44.0,88.0,1263603713,341133152,94984,0,0.0
1789747777.6,0.9417583360750712,37.0,45.0,88.0,1263603713,341133152,0,0,
1789747779.7,0.9564135208205187,38.0,46.0,88.0,1263642457,341133152,38744,0,0.0
1789747781.8,0.9821548628892671,38.0,45.0,88.0,1263693297,341133152,50840,0,0.0
1789747783.8,0.9704965168008927,38.0,44.0,88.0,1263751442,341133152,58145,0,0.0
1789747785.9,0.970417840845695,37.0,45.0,88.0,1263751442,341133152,0,0,
1789747788.0,0.9709328107342612,37.0,46.0,88.0,1263852299,341133152,100857,0,0.0
1789747790.1,0.9855951478392722,37.0,46.0,88.0,1263852299,341133152,0,0,
1789747792.1,0.9788147109731501,37.0,46.0,88.0,1263916949,341133152,64650,0,0.0
1789747794.2,0.9823980431144235,37.0,45.0,88.0,1263957218,341133152,40269,0,0.0
1789747796.3,0.9700459181483971,37.0,46.0,88.0,1264051197,341133152,93979,0,0.0
1789747798.3,0.9883559586307523,37.0,46.0,88.0,1264051197,341133152,0,0,
1789747800.4,0.9467506830503383,34.0,46.0,88.0,1264099975,341133152,48778,0,0.0
1789747802.5,0.9253079090792052,34.0,46.0,88.0,1264160228,341133152,60253,0,0.0
1789747804.6,0.9472799576580314,35.0,46.0,88.0,1264201533,341133152,41305,0,0.0
1789747806.6,0.9802380305262706,36.0,45.0,88.0,1264242065,341133152,40532,0,0.0
1789747808.7,0.952315218790679,35.0,45.0,88.0,1264299959,341133152,57894,0,0.0
1789747810.8,0.9816255882815741,36.0,45.0,88.0,1264350382,341133152,50423,0,0.0
1789747812.9,0.9651179424092008,37.0,43.0,88.0,1264431167,341133152,80785,0,0.0
1789747814.9,0.9535597293547141,36.0,44.0,88.0,1264431167,341133152,0,0,
1789747817.0,0.9612771253236443,36.0,44.0,88.0,1264572012,341133152,140845,0,0.0
1789747819.1,0.9759037006308381,36.0,44.0,88.0,1264572012,341133152,0,0,
1789747821.1,0.9868825725606878,36.0,45.0,88.0,1264572012,341133152,0,0,
1789747823.2,0.9951864620138183,36.0,45.0,88.0,1264572012,341133152,0,0,
1789747825.3,0.9766260889467435,35.0,45.0,88.0,1264652396,341133152,80384,0,0.0
1789747827.4,0.9949504341482255,35.0,45.0,88.0,1264652396,341133152,0,0,
1789747829.4,0.9720557311857182,34.0,45.0,88.0,1264694375,341133152,41979,0,0.0
1789747831.5,0.9647960862288469,35.0,43.0,88.0,1264783395,341133152,89020,0,0.0
1789747833.6,0.9956871271832578,36.0,44.0,88.0,1264825390,341133152,41995,0,0.0
1789747835.7,0.9754531019783427,36.0,45.0,88.0,1264908995,341133152,83605,0,0.0
1789747837.7,0.9856166049179624,36.0,46.0,88.0,1264908995,341133152,0,0,
1789747839.8,0.972871100175948,37.0,45.0,88.0,1265007442,341133152,98447,0,0.0
1789747841.9,0.9792796143447723,37.0,46.0,88.0,1265045778,341133152,38336,0,0.0
1789747843.9,0.9616275909422518,36.0,47.0,88.0,1265108163,341133152,62385,0,0.0
1789747846.0,0.9456706767562619,36.0,47.0,88.0,1265164464,341133152,56301,0,0.0
1789747848.1,0.9822836053614087,38.0,46.0,88.0,1265247636,341133152,83172,0,0.0
1789747850.2,0.9675998111777075,37.0,45.0,88.0,1265323486,341133152,75850,0,0.0
1789747852.3,0.9895790121160971,37.0,47.0,88.0,1265323486,341133152,0,0,
1789747854.3,0.977262648947888,36.0,48.0,88.0,1265416897,341133152,93411,0,0.0
1789747856.4,0.9405781967471069,34.0,49.0,88.0,1265416897,341133152,0,0,
1789747858.5,0.9492611612570987,35.0,48.0,88.0,1265508379,341133168,91482,16,0.0002
1789747860.6,0.9675783540990173,36.0,48.0,88.0,1265550526,341133168,42147,0,0.0
1789747862.6,0.9643597922954783,35.0,49.0,88.0,1265597864,341133168,47338,0,0.0
1789747864.7,0.915273148611727,36.0,48.0,88.0,1265710569,341133168,112705,0,0.0
1789747866.8,0.9153875863647417,35.0,49.0,88.0,1265710569,341133168,0,0,
1789747868.8,0.9233910767162087,35.0,49.0,88.0,1265765404,341133168,54835,0,0.0
1789747870.9,0.929256011558213,36.0,48.0,88.0,1265866453,341133184,101049,16,0.0002
1789747873.0,0.9548972205930737,37.0,47.0,88.0,1265926058,341133184,59605,0,0.0
1789747875.1,0.9783498076015278,37.0,48.0,88.0,1265926058,341133184,0,0,
1789747877.2,0.9699886992718898,36.0,47.0,88.0,1265987529,341133184,61471,0,0.0
1789747879.2,0.9809246570443589,37.0,48.0,88.0,1266090135,341133184,102606,0,0.0
1789747881.3,0.9791437195130673,37.0,47.0,88.0,1266146645,341133184,56510,0,0.0
1789747883.4,0.9776989428812566,36.0,49.0,88.0,1266146645,341133184,0,0,
1789747885.4,0.9226329266024862,36.0,48.0,88.0,1266200747,341133184,54102,0,0.0
1789747887.5,0.9171542191769064,36.0,48.0,88.0,1266259980,341133184,59233,0,0.0
1789747889.6,0.9427811234926402,37.0,47.0,88.0,1266300634,341133184,40654,0,0.0
1789747891.7,0.9720986453430986,38.0,46.0,88.0,1266401183,341133184,100549,0,0.0
1789747893.7,0.9903800763872002,38.0,47.0,88.0,1266401183,341133184,0,0,
1789747895.8,0.957457765316778,38.0,46.0,88.0,1266497074,341133184,95891,0,0.0
1789747897.9,0.9858597851431187,38.0,47.0,88.0,1266497074,341133184,0,0,
1789747900.0,0.9599467864448481,37.0,46.0,88.0,1266603069,341133184,105995,0,0.0
1789747902.0,0.9746091235498591,37.0,48.0,88.0,1266603069,341133184,0,0,
1789747904.1,0.9821477105297037,37.0,48.0,88.0,1266603069,341133184,0,0,
1789747906.2,0.9349063756133148,36.0,48.0,88.0,1266661830,341133184,58761,0,0.0
1789747908.2,0.9605332799290486,37.0,47.0,88.0,1266722733,341133184,60903,0,0.0
1789747910.3,0.9885133105411475,38.0,46.0,88.0,1266771359,341133184,48626,0,0.0
1789747912.4,0.9614988484701102,37.0,47.0,88.0,1266887559,341133184,116200,0,0.0
1789747914.5,0.9871615145836612,37.0,47.0,88.0,1266887559,341133184,0,0,
1789747916.5,0.9706610210708513,36.0,48.0,88.0,1266887559,341133184,0,0,
1789747918.6,0.9521364098015935,36.0,47.0,88.0,1267002076,341133184,114517,0,0.0
1789747920.7,0.9777704664768907,36.0,47.0,88.0,1267002076,341133184,0,0,
1789747922.8,0.9887207289684867,36.0,48.0,88.0,1267002076,341133184,0,0,
1789747924.8,0.9864462786273192,36.0,47.0,88.0,1267028014,341133184,25938,0,0.0
1789747926.9,0.957679488463244,35.0,47.0,88.0,1267067623,341133184,39609,0,0.0
1789747929.0,0.9906518660506101,37.0,47.0,88.0,1267145794,341133184,78171,0,0.0
1789747931.1,0.999949933483056,37.0,47.0,88.0,1267145794,341133184,0,0,
1789747933.1,0.9699386327549459,36.0,47.0,89.0,1267195138,341133184,49344,0,0.0
1789747935.2,0.9259873832377301,35.0,47.0,89.0,1267258832,341133184,63694,0,0.0
1789747937.3,0.9516214399130273,36.0,48.0,89.0,1267348119,341133184,89287,0,0.0
1789747939.4,0.9508561374397414,35.0,49.0,89.0,1267348119,341133184,0,0,
1789747941.5,0.9691804826412234,36.0,48.0,89.0,1267382757,341133184,34638,0,0.0
1789747943.5,0.9476089661979487,37.0,46.0,89.0,1267490265,341133184,107508,0,0.0
1789747945.6,0.9658975496016136,37.0,46.0,89.0,1267490265,341133184,0,0,
1789747947.7,0.9804454489536097,38.0,46.0,89.0,1267491414,341133184,1149,0,0.0
1789747949.8,0.9419872115811005,36.0,46.0,89.0,1267587982,341133184,96568,0,0.0
1789747951.8,0.9676284206159612,36.0,47.0,89.0,1267587982,341133184,0,0,
1789747953.9,0.9822979100805356,37.0,46.0,89.0,1267609769,341133184,21787,0,0.0
1789747956.0,0.9945713590913643,37.0,45.0,89.0,1267662212,341133184,52443,0,0.0
1789747958.1,0.9785500736693035,37.0,46.0,89.0,1267722992,341133184,60780,0,0.0
1789747960.1,0.9879339694165105,37.0,47.0,89.0,1267722992,341133184,0,0,
1789747962.2,0.9900796772855365,37.0,47.0,89.0,1267808376,341133184,85384,0,0.0
1789747964.3,0.9903514669489465,37.0,47.0,89.0,1267852414,341133184,44038,0,0.0
1789747966.4,0.8962478721730299,36.0,47.0,89.0,1267910917,341133184,58503,0,0.0
1789747968.4,0.9255224798661078,38.0,46.0,89.0,1267993047,341133184,82130,0,0.0
1789747970.5,0.9370091693249603,38.0,46.0,89.0,1268065592,341133184,72545,0,0.0
1789747972.6,0.9626217689215673,40.0,44.0,89.0,1268122094,341133184,56502,0,0.0
1789747974.7,0.9940993033601785,41.0,43.0,89.0,1268158911,341133184,36817,0,0.0
1789747976.8,0.9844579226686884,40.0,43.0,89.0,1268221731,341133184,62820,0,0.0
1789747978.8,0.9948288440356473,40.0,43.0,89.0,1268221731,341133184,0,0,
1789747980.9,0.9513281931709271,38.0,45.0,89.0,1268221731,341133184,0,0,
1789747983.0,0.9806171055831319,39.0,44.0,89.0,1268287686,341133184,65955,0,0.0
1789747985.1,0.9270030182957357,37.0,45.0,89.0,1268287686,341133184,0,0,
1789747987.2,0.9211738452515484,36.0,48.0,89.0,1268468843,341133184,181157,0,0.0
1789747989.3,0.9394695810147767,36.0,49.0,89.0,1268468843,341133184,0,0,
1789747991.3,0.9306793311113336,35.0,50.0,89.0,1268468843,341133184,0,0,
1789747993.4,0.9416582030411833,35.0,50.0,89.0,1268468843,341133184,0,0,
1789747995.5,0.9490036763128156,35.0,50.0,89.0,1268468843,341133184,0,0,
1789747997.6,0.9563276925057577,35.0,50.0,89.0,1268468843,341133184,0,0,
1789747999.6,0.9856166049179624,37.0,48.0,89.0,1268562040,341133184,93197,0,0.0
1789748001.7,0.9803524682792853,37.0,48.0,89.0,1268601384,341133184,39344,0,0.0
1789748003.8,0.9628363397084698,37.0,47.0,89.0,1268680465,341133184,79081,0,0.0
1789748005.8,0.9957729554980188,38.0,47.0,89.0,1268726984,341133184,46519,0,0.0
1789748007.9,0.9736936215257413,37.0,47.0,89.0,1268726984,341133184,0,0,
1789748010.0,0.9801092880541291,37.0,46.0,89.0,1268791263,341133184,64279,0,0.0
1789748012.1,0.9316305949332685,38.0,47.0,89.0,1268918674,341133184,127411,0,0.0
1789748014.2,0.9030855279156593,36.0,47.0,89.0,1268918674,341133184,0,0,
1789748016.2,0.92872673695052,37.0,47.0,89.0,1269059923,341133184,141249,0,0.0
1789748018.3,0.9470367774328751,37.0,48.0,89.0,1269059923,341133184,0,0,
1789748020.4,0.9580299540818517,37.0,48.0,89.0,1269059923,341133184,0,0,
1789748022.5,0.9689945212925745,37.0,49.0,89.0,1269059923,341133184,0,0,
1789748024.5,0.9909880269500908,38.0,49.0,89.0,1269115054,341133184,55131,0,0.0
1789748026.6,0.9977899208949033,38.0,49.0,89.0,1269115054,341133184,0,0,
1789748028.7,0.9687227316291644,38.0,49.0,89.0,1269179343,341133184,64289,0,0.0
1789748030.7,0.9796229276038165,38.0,50.0,89.0,1269179343,341133184,0,0,
1789748032.8,0.9857739568283577,38.0,49.0,89.0,1269235970,341133184,56627,0,0.0
1789748034.9,0.9828772512051726,38.0,49.0,89.0,1269294881,341133200,58911,16,0.0003
1789748037.0,0.9617777904930837,38.0,49.0,89.0,1269355464,341133216,60583,16,0.0003
1789748039.0,0.9711616862402906,38.0,50.0,89.0,1269355464,341133216,0,0,
1789748041.1,0.9611412304919393,38.0,49.0,89.0,1269451229,341133216,95765,0,0.0
1789748043.2,0.9794512709742944,38.0,51.0,89.0,1269451229,341133216,0,0,
1789748045.3,0.9741227630995466,38.0,50.0,89.0,1269494387,341133216,43158,0,0.0
1789748047.3,0.9610196403793612,38.0,50.0,89.0,1269554452,341133232,60065,16,0.0003
1789748049.4,0.9578010785758222,38.0,51.0,89.0,1269594639,341133232,40187,0,0.0
1789748051.5,0.962328522179467,38.0,51.0,89.0,1269654675,341133232,60036,0,0.0
1789748053.6,0.991638891670362,39.0,50.0,89.0,1269701442,341133232,46767,0,0.0
1789748055.6,0.9571216044172972,37.0,49.0,89.0,1269766629,341133232,65187,0,0.0
1789748057.7,0.9827771181712847,38.0,50.0,89.0,1269808550,341133232,41921,0,0.0
1789748059.8,0.9896004691947874,37.0,51.0,89.0,1269808550,341133232,0,0,
1789748061.9,0.9482884403564736,37.0,51.0,89.0,1269914143,341133232,105593,0,0.0
1789748064.0,0.9739296493913342,38.0,50.0,89.0,1269931859,341133232,17716,0,0.0
1789748066.0,0.9483027450756004,37.0,50.0,89.0,1269931859,341133232,0,0,
1789748068.1,0.944805241249088,37.0,49.0,89.0,1270056000,341133232,124141,0,0.0
1789748070.2,0.9704464502839487,37.0,50.0,89.0,1270056000,341133232,0,0,
1789748072.3,0.9851016350293962,37.0,50.0,89.0,1270056000,341133232,0,0,
1789748074.4,0.9960876593188093,37.0,51.0,89.0,1270056000,341133232,0,0,
1789748076.4,0.980824524010471,36.0,52.0,89.0,1270056000,341133232,0,0,
1789748078.5,0.9711545338807273,36.0,52.0,89.0,1270123190,341133232,67190,0,0.0
1789748080.6,0.9638734318451657,35.0,52.0,89.0,1270123190,341133232,0,0,
1789748082.7,0.9490537428297595,34.0,53.0,89.0,1270224135,341133232,100945,0,0.0
1789748084.7,0.9636731657773899,34.0,54.0,89.0,1270224135,341133232,0,0,
1789748086.8,0.9420730398958617,36.0,51.0,89.0,1270312594,341133232,88459,0,0.0
1789748088.9,0.9341482254995923,36.0,51.0,89.0,1270421278,341133232,108684,0,0.0
1789748090.9,0.9525011801393279,36.0,51.0,89.0,1270421278,341133232,0,0,
1789748093.0,0.9671277554465219,36.0,52.0,89.0,1270421278,341133232,0,0,
1789748095.1,0.9620996466734376,36.0,52.0,89.0,1270479449,341133232,58171,0,0.0
1789748097.2,0.98404308581401,36.0,51.0,89.0,1270515853,341133232,36404,0,0.0
1789748099.2,0.9500050066516944,35.0,51.0,89.0,1270576989,341133232,61136,0,0.0
1789748101.3,0.9756033015291745,36.0,52.0,89.0,1270666544,341133232,89555,0,0.0
1789748103.4,0.9939061896519662,36.0,52.0,89.0,1270666544,341133232,0,0,
1789748105.5,0.985030111433762,35.0,52.0,89.0,1270666544,341133232,0,0,
1789748107.6,0.9434105311342211,33.0,53.0,89.0,1270666544,341133232,0,0,
1789748109.6,0.9308867495386728,33.0,53.0,89.0,1270832312,341133232,165768,0,0.0
1789748111.7,0.949196790021028,33.0,53.0,89.0,1270832312,341133232,0,0,
1789748113.8,0.9638376700473487,33.0,53.0,89.0,1270832312,341133232,0,0,
1789748115.9,0.9748093896176349,33.0,53.0,89.0,1270832312,341133232,0,0,
1789748117.9,0.9858097186261747,33.0,53.0,89.0,1270832312,341133232,0,0,
1789748120.0,0.9906518660506101,33.0,53.0,89.0,1270832312,341133232,0,0,
1789748122.1,0.9844293132304347,32.0,52.0,89.0,1270884834,341133232,52522,0,0.0
1789748124.1,0.9858454804239919,32.0,51.0,89.0,1270907797,341133232,22963,0,0.0
1789748126.2,0.9761611855751212,33.0,51.0,89.0,1271001930,341133232,94133,0,0.0
1789748128.3,0.9858597851431187,33.0,52.0,89.0,1271001930,341133232,0,0,
1789748130.4,0.9753815783827084,33.0,52.0,89.0,1271043358,341133232,41428,0,0.0
1789748132.4,0.9525369419371451,33.0,51.0,89.0,1271120043,341133232,76685,0,0.0
1789748134.5,0.9443117284392121,33.0,51.0,89.0,1271166746,341133232,46703,0,0.0
1789748136.6,0.9489393050767448,34.0,50.0,89.0,1271238707,341133232,71961,0,0.0
1789748138.6,0.9819045303045475,35.0,49.0,89.0,1271284530,341133232,45823,0,0.0
1789748140.7,0.9551833149756105,33.0,48.0,89.0,1271331013,341133232,46483,0,0.0
1789748142.8,0.9844650750282519,34.0,49.0,89.0,1271399964,341133232,68951,0,0.0
1789748144.9,0.9997782768535339,34.0,49.0,89.0,1271399964,341133232,0,0,
1789748146.9,0.9713404952293762,33.0,48.0,90.0,1271444147,341133232,44183,0,0.0
1789748149.0,0.9801522022115096,33.0,50.0,90.0,1271505158,341133232,61011,0,0.0
1789748151.1,0.9691947873603501,33.0,49.0,90.0,1271548373,341133232,43215,0,0.0
1789748153.2,0.9267812951492698,31.0,51.0,90.0,1271548373,341133232,0,0,
1789748155.2,0.9252149284048807,31.0,52.0,90.0,1271731748,341133232,183375,0,0.0
1789748157.3,0.9398844178694551,31.0,52.0,90.0,1271731748,341133232,0,0,
1789748159.4,0.9544966884575221,31.0,52.0,90.0,1271731748,341133232,0,0,
1789748161.4,0.9618421617291545,31.0,52.0,90.0,1271731748,341133232,0,0,
1789748163.5,0.972835338378131,31.0,52.0,90.0,1271731748,341133232,0,0,
1789748165.6,0.9801378974923828,31.0,52.0,90.0,1271731748,341133232,0,0,
1789748167.7,0.9789219963666014,31.0,52.0,90.0,1271784793,341133232,53045,0,0.0
1789748169.7,0.9884489393050767,31.0,52.0,90.0,1271784793,341133232,0,0,
1789748171.8,0.9535168151973336,30.0,52.0,90.0,1271839189,341133232,54396,0,0.0
1789748173.9,0.9791437195130673,31.0,51.0,90.0,1271899566,341133232,60377,0,0.0
1789748175.9,0.9676999442115954,30.0,51.0,90.0,1271906965,341133232,7399,0,0.0
1789748178.0,0.968443789606191,30.0,51.0,90.0,1271906965,341133232,0,0,
1789748180.1,0.9691518732029697,30.0,52.0,90.0,1271906965,341133232,0,0,
1789748182.2,0.967914514998498,30.0,51.0,90.0,1271980138,341133232,73173,0,0.0
1789748184.3,0.9825410903056918,30.0,51.0,90.0,1271980138,341133232,0,0,
1789748186.3,0.961784942852647,29.0,53.0,90.0,1271980138,341133232,0,0,
1789748188.4,0.959517644871043,29.0,52.0,90.0,1272087543,341133232,107405,0,0.0
1789748190.5,0.9481596978843321,28.0,52.0,90.0,1272087543,341133232,0,0,
1789748192.5,0.9664482812879969,30.0,51.0,90.0,1272133551,341133232,46008,0,0.0
1789748194.6,0.9770838399588024,30.0,52.0,90.0,1272133551,341133232,0,0,
1789748196.7,0.9778062282747079,30.0,52.0,90.0,1272133551,341133232,0,0,
1789748198.8,0.9607335459968244,29.0,52.0,90.0,1272133551,341133232,0,0,
1789748200.8,0.9446979558556368,29.0,51.0,90.0,1272224048,341133232,90497,0,0.0
1789748202.9,0.9703320125309339,29.0,51.0,90.0,1272224048,341133232,0,0,
1789748205.0,0.9542248987941122,29.0,50.0,90.0,1272287924,341133232,63876,0,0.0
1789748207.1,0.9769050309697169,30.0,50.0,90.0,1272290906,341133232,2982,0,0.0
1789748209.1,0.9753958831018353,30.0,49.0,90.0,1272355330,341133232,64424,0,0.0
1789748211.2,0.9556911325046132,30.0,49.0,90.0,1272416467,341133232,61137,0,0.0
1789748213.3,0.9794870327721115,30.0,49.0,90.0,1272416467,341133232,0,0,
1789748215.4,0.9706324116325976,30.0,49.0,90.0,1272476171,341133232,59704,0,0.0
1789748217.5,0.9578511450927661,30.0,48.0,90.0,1272542095,341133248,65924,16,0.0002
1789748219.5,0.9834995064871901,30.0,49.0,90.0,1272542095,341133248,0,0,
1789748221.6,0.9788218633327135,30.0,49.0,90.0,1272597746,341133248,55651,0,0.0
1789748223.7,0.9827985752499749,30.0,49.0,90.0,1272642471,341133248,44725,0,0.0
1789748225.7,0.9834852017680633,30.0,49.0,90.0,1272642471,341133248,0,0,
1789748227.8,0.9860242894130774,30.0,48.0,90.0,1272699429,341133248,56958,0,0.0
1789748229.9,0.9943567883044616,31.0,48.0,90.0,1272709171,341133248,9742,0,0.0
1789748231.9,0.9951006336990573,31.0,48.0,90.0,1272709171,341133248,0,0,
1789748234.0,0.9708612871386271,30.0,48.0,90.0,1272709171,341133248,0,0,
1789748236.1,0.9789291487261648,30.0,48.0,90.0,1272806535,341133248,97364,0,0.0
1789748238.2,0.9453202111376543,30.0,47.0,90.0,1272879172,341133248,72637,0,0.0
1789748240.3,0.9709256583746978,30.0,49.0,90.0,1272879172,341133248,0,0,
1789748242.3,0.9862317078404166,31.0,48.0,90.0,1272898021,341133248,18849,0,0.0
1789748244.4,0.9752742929892572,31.0,48.0,90.0,1272966028,341133248,68007,0,0.0
1789748246.5,0.9876621797531006,31.0,49.0,90.0,1272966028,341133248,0,0,
1789748248.6,0.9907591514440613,31.0,48.0,90.0,1273004295,341133248,38267,0,0.0
1789748250.7,0.9446908034960734,30.0,48.0,90.0,1273068323,341133248,64028,0,0.0
1789748252.8,0.9703034030926803,31.0,49.0,90.0,1273111500,341133248,43177,0,0.0
1789748254.8,0.8926001687956857,30.0,48.0,90.0,1273155026,341133248,43526,0,0.0
1789748256.9,0.8931365957629422,30.0,49.0,90.0,1273202228,341133248,47202,0,0.0
1789748259.0,0.9224183558155835,31.0,49.0,90.0,1273307960,341133264,105732,16,0.0002
1789748261.0,0.9370592358419042,31.0,49.0,90.0,1273307960,341133264,0,0,
1789748263.1,0.9590670462185475,32.0,48.0,90.0,1273358825,341133264,50865,0,0.0
1789748265.2,0.9595391019497332,33.0,46.0,90.0,1273430399,341133264,71574,0,0.0
1789748267.3,0.9851803109845938,34.0,46.0,90.0,1273472993,341133264,42594,0,0.0
1789748269.3,0.9869755532350122,34.0,46.0,90.0,1273472993,341133264,0,0,
1789748271.4,0.8651780222295335,32.0,46.0,90.0,1273591776,341133264,118783,0,0.0
1789748273.5,0.8834809103523252,32.0,48.0,90.0,1273591776,341133264,0,0,
1789748275.6,0.9091149670276224,33.0,48.0,90.0,1273656990,341133264,65214,0,0.0
1789748277.6,0.9384181841589541,35.0,46.0,90.0,1273735906,341133264,78916,0,0.0
1789748279.7,0.950527128899824,35.0,46.0,90.0,1273839497,341133264,103591,0,0.0
1789748281.8,0.9688443217417426,35.0,46.0,90.0,1273839497,341133264,0,0,
1789748283.9,0.9834923541276267,36.0,46.0,90.0,1273882849,341133264,43352,0,0.0
1789748286.0,0.9993491352797288,36.0,46.0,90.0,1273882849,341133264,0,0,
1789748288.0,0.9779564278255396,36.0,46.0,90.0,1273948047,341133264,65198,0,0.0
1789748290.1,0.9768764215314633,36.0,45.0,90.0,1274017373,341133264,69326,0,0.0
1789748292.2,0.9970532278598709,36.0,47.0,90.0,1274017373,341133264,0,0,
1789748294.3,0.9638519747664754,34.0,47.0,90.0,1274118683,341133264,101310,0,0.0
1789748296.4,0.9821620152488306,34.0,47.0,90.0,1274118683,341133264,0,0,
1789748298.4,0.9947001015635057,34.0,50.0,90.0,1274118683,341133264,0,0,
1789748300.5,0.9767905932167021,35.0,49.0,90.0,1274198229,341133264,79546,0,0.0
1789748302.6,0.9825553950248187,35.0,50.0,90.0,1274242671,341133264,44442,0,0.0
1789748304.6,0.9725993105125381,35.0,49.0,90.0,1274284016,341133264,41345,0,0.0
1789748306.7,0.969430815225943,35.0,49.0,90.0,1274350035,341133264,66019,0,0.0
1789748308.8,0.9688800835395597,35.0,49.0,90.0,1274427093,341133264,77058,0,0.0
1789748310.9,0.9945069878552935,35.0,51.0,90.0,1274427093,341133264,0,0,
1789748312.9,0.9392907720256913,34.0,51.0,90.0,1274462433,341133264,35340,0,0.0
1789748315.0,0.9722631496130574,35.0,50.0,90.0,1274560246,341133264,97813,0,0.0
1789748317.1,0.9869040296393781,35.0,50.0,90.0,1274560246,341133264,0,0,
1789748319.2,0.9718053986009985,34.0,50.0,90.0,1274560246,341133264,0,0,
1789748321.2,0.9790507388387429,34.0,50.0,90.0,1274627867,341133264,67621,0,0.0
1789748323.3,0.9679288197176248,34.0,49.0,90.0,1274669088,341133264,41221,0,0.0
1789748325.4,0.9680074956728225,34.0,50.0,90.0,1274747291,341133264,78203,0,0.0
1789748327.5,0.9692377015177307,34.0,49.0,90.0,1274789631,341133264,42340,0,0.0
1789748329.5,0.9647603244310298,34.0,49.0,90.0,1274836496,341133264,46865,0,0.0
1789748331.6,0.8941236213826942,33.0,50.0,90.0,1274930077,341133264,93581,0,0.0
1789748333.7,0.9234411432331526,34.0,51.0,90.0,1274996094,341133264,66017,0,0.0
1789748335.8,0.9490680475488864,35.0,50.0,90.0,1275050816,341133264,54722,0,0.0
1789748337.8,0.9783641123206546,36.0,49.0,90.0,1275106041,341133264,55225,0,0.0
1789748339.9,0.9853090534567354,36.0,48.0,90.0,1275166964,341133264,60923,0,0.0
1789748342.0,0.9761397284964309,35.0,48.0,90.0,1275166964,341133264,0,0,
1789748344.1,0.9825911568226358,35.0,48.0,90.0,1275225831,341133264,58867,0,0.0
1789748346.1,0.9807744574935271,35.0,48.0,90.0,1275291394,341133264,65563,0,0.0
1789748348.2,0.9768192026549559,34.0,50.0,90.0,1275291394,341133264,0,0,
1789748350.3,0.9446121275408758,33.0,51.0,90.0,1275350551,341133264,59157,0,0.0
1789748352.4,0.9702533365757363,34.0,50.0,90.0,1275393247,341133264,42696,0,0.0
1789748354.4,0.9963522966226558,35.0,49.0,90.0,1275439105,341133264,45858,0,0.0
1789748356.5,0.9819188350236743,35.0,48.0,90.0,1275543980,341133264,104875,0,0.0
1789748358.6,0.9443904043944097,34.0,48.0,90.0,1275652117,341133264,108137,0,0.0
1789748360.7,0.9700459181483971,34.0,49.0,90.0,1275652117,341133264,0,0,
1789748362.7,0.9846867981747178,34.0,49.0,90.0,1275652117,341133264,0,0,
1789748364.8,0.9860958130087116,34.0,50.0,90.0,1275652117,341133264,0,0,
1789748366.9,0.9868396584033072,34.0,51.0,90.0,1275652117,341133264,0,0,
1789748369.0,0.9598466534109603,33.0,51.0,90.0,1275737626,341133264,85509,0,0.0
1789748371.1,0.9781423891741886,33.0,52.0,90.0,1275737626,341133264,0,0,
1789748373.2,0.9640880026320683,33.0,52.0,90.0,1275805785,341133264,68159,0,0.0
1789748375.2,0.9814753887307422,34.0,51.0,90.0,1275824933,341133264,19148,0,0.0
1789748377.3,0.9774986768134808,34.0,50.0,90.0,1275887761,341133264,62828,0,0.0
1789748379.4,0.969294920394238,34.0,50.0,90.0,1275962087,341133264,74326,0,0.0
1789748381.5,0.98761926559572,34.0,50.0,90.0,1275962087,341133264,0,0,
1789748383.5,0.9447766318108344,33.0,52.0,90.0,1275962087,341133264,0,0,
1789748385.6,0.902942480724391,31.0,53.0,90.0,1276147204,341133264,185117,0,0.0
1789748387.7,0.921266825925873,31.0,55.0,90.0,1276147204,341133264,0,0,
1789748389.7,0.9322385454961591,31.0,55.0,90.0,1276147204,341133264,0,0,
1789748391.8,0.943203112706882,31.0,55.0,90.0,1276147204,341133264,0,0,
1789748393.9,0.9505414336189509,31.0,55.0,90.0,1276147204,341133264,0,0,
1789748396.0,0.9578726021714563,31.0,55.0,90.0,1276147204,341133264,0,0,
1789748398.0,0.9725349392764673,32.0,54.0,90.0,1276202844,341133264,55640,0,0.0
1789748400.1,0.9892213941379261,32.0,54.0,90.0,1276202844,341133264,0,0,
1789748402.2,0.993477048078161,32.0,54.0,90.0,1276259795,341133264,56951,0,0.0
1789748404.2,0.9941994363940664,32.0,54.0,90.0,1276259795,341133264,0,0,
1789748406.3,0.9490394381106327,30.0,54.0,90.0,1276326112,341133264,66317,0,0.0
1789748408.4,0.9641380691490122,30.0,54.0,90.0,1276326112,341133264,0,0,
1789748410.5,0.9648604574649177,30.0,55.0,90.0,1276326112,341133264,0,0,
1789748412.5,0.9655899981403865,30.0,55.0,90.0,1276326112,341133264,0,0,
1789748414.6,0.9408785958487705,29.0,54.0,90.0,1276469740,341133264,143628,0,0.0
1789748416.7,0.9555051711559643,29.0,56.0,90.0,1276469740,341133264,0,0,
1789748418.8,0.9664983478049408,29.0,56.0,90.0,1276469740,341133264,0,0,
1789748420.9,0.9775058291730442,29.0,56.0,90.0,1276469740,341133264,0,0,
1789748423.0,0.9596893015005651,28.0,57.0,90.0,1276469740,341133264,0,0,
1789748425.0,0.9357002875248545,28.0,56.0,90.0,1276561378,341133264,91638,0,0.0
1789748427.1,0.9451342497890054,27.0,58.0,90.0,1276561378,341133264,0,0,
1789748429.2,0.9597679774557627,28.0,57.0,90.0,1276627323,341133264,65945,0,0.0
1789748431.3,0.9367802938189309,27.0,58.0,90.0,1276627323,341133264,0,0,
1789748433.3,0.9697455190467336,29.0,56.0,90.0,1276713955,341133264,86632,0,0.0
1789748435.4,0.977212582430944,29.0,56.0,90.0,1276713955,341133264,0,0,
1789748437.5,0.9362867810090549,28.0,55.0,90.0,1276769870,341133264,55915,0,0.0
1789748439.5,0.9582874390261347,29.0,55.0,90.0,1276811139,341133264,41269,0,0.0
1789748441.6,0.9230120016593474,29.0,54.0,90.0,1276909149,341133264,98010,0,0.0
1789748443.7,0.944991202597737,29.0,55.0,90.0,1276909149,341133264,0,0,
1789748445.8,0.9632726336418385,30.0,54.0,90.0,1276953011,341133264,43862,0,0.0
1789748447.8,0.9409358147252779,32.0,51.0,90.0,1277020119,341133264,67108,0,0.0
1789748449.9,0.9702104224183559,33.0,51.0,90.0,1277080933,341133264,60814,0,0.0
1789748452.0,0.9668631181426752,34.0,49.0,90.0,1277085602,341133264,4669,0,0.0
1789748454.1,0.9284263378488563,33.0,51.0,90.0,1277192039,341133264,106437,0,0.0
1789748456.1,0.9185989958087173,32.0,51.0,90.0,1277192039,341133264,0,0,
1789748458.2,0.9369447980888895,33.0,50.0,90.0,1277322277,341133280,130238,16,0.0001
1789748460.3,0.9589096943081523,33.0,50.0,90.0,1277322277,341133280,0,0,
1789748462.3,0.9735362696153461,33.0,50.0,90.0,1277322277,341133280,0,0,
1789748464.4,0.9845222939047592,33.0,50.0,90.0,1277322277,341133280,0,0,
1789748466.5,0.9850873303102694,33.0,50.0,90.0,1277322277,341133280,0,0,
1789748468.6,0.9983335002217232,33.0,50.0,90.0,1277368645,341133280,46368,0,0.0
1789748470.6,0.9601041383552434,31.0,51.0,90.0,1277439675,341133280,71030,0,0.0
1789748472.7,0.9783855693993448,32.0,50.0,90.0,1277491076,341133280,51401,0,0.0
1789748474.8,0.996953094825983,32.0,51.0,90.0,1277491076,341133280,0,0,
1789748476.8,0.9619136853247886,31.0,52.0,90.0,1277567166,341133280,76090,0,0.0
1789748478.9,0.9544680790192684,31.0,52.0,90.0,1277594947,341133280,27781,0,0.0
1789748481.0,0.9802165734475804,32.0,51.0,90.0,1277637985,341133280,43038,0,0.0
1789748483.1,0.9635944898221923,32.0,50.0,90.0,1277706434,341133280,68449,0,0.0
1789748485.2,0.9891927846996724,32.0,51.0,90.0,1277706434,341133280,0,0,
1789748487.3,0.9701532035418484,32.0,50.0,90.0,1277751992,341133280,45558,0,0.0
1789748489.3,0.9855307766032014,32.0,51.0,90.0,1277797600,341133280,45608,0,0.0
1789748491.4,0.9883058921138084,32.0,51.0,90.0,1277797600,341133280,0,0,
1789748493.5,0.9659547684781209,31.0,51.0,90.0,1277797600,341133280,0,0,
1789748495.6,0.9539459567711388,31.0,51.0,90.0,1277884202,341133280,86602,0,0.0
1789748497.6,0.9722273878152402,31.0,51.0,90.0,1277884202,341133280,0,0,
1789748499.7,0.9685224655613887,31.0,51.0,90.0,1277973569,341133280,89367,0,0.0
1789748501.8,0.9868396584033072,31.0,52.0,90.0,1277973569,341133280,0,0,
1789748503.8,0.9943353312257713,31.0,52.0,90.0,1277973569,341133280,0,0,
1789748505.9,0.9603473185803997,30.0,52.0,90.0,1278039090,341133280,65521,0,0.0
1789748508.0,0.9561560358762355,30.0,53.0,90.0,1278116263,341133296,77173,16,0.0002
1789748510.1,0.9781709986124423,30.0,53.0,90.0,1278116263,341133296,0,0,
1789748512.1,0.9401562075328651,29.0,54.0,90.0,1278246771,341133296,130508,0,0.0
1789748514.2,0.9585020098130373,29.0,54.0,90.0,1278246771,341133296,0,0,
1789748516.3,0.9694951864620138,29.0,54.0,90.0,1278246771,341133296,0,0,
1789748518.4,0.9827985752499749,29.0,53.0,90.0,1278290258,341133296,43487,0,0.0
1789748520.4,0.9745447523137883,29.0,52.0,90.0,1278369434,341133296,79176,0,0.0
1789748522.5,0.9917104152659962,29.0,53.0,90.0,1278369434,341133296,0,0,
1789748524.6,0.9923827370649577,29.0,53.0,90.0,1278369434,341133296,0,0,
1789748526.6,0.9862245554808531,29.0,52.0,90.0,1278416424,341133296,46990,0,0.0
1789748528.7,0.9618850758865349,28.0,53.0,90.0,1278464381,341133296,47957,0,0.0
1789748530.8,0.9677714678072296,27.0,53.0,90.0,1278464381,341133296,0,0,
1789748532.9,0.9462428655213355,27.0,52.0,90.0,1278566494,341133296,102113,0,0.0
1789748534.9,0.9718268556796887,27.0,54.0,90.0,1278566494,341133296,0,0,
1789748537.0,0.9828057276095384,27.0,54.0,90.0,1278566494,341133296,0,0,
1789748539.1,0.9836926201954025,27.0,53.0,90.0,1278612051,341133296,45557,0,0.0
1789748541.1,0.9281402434663195,26.0,53.0,90.0,1278658456,341133296,46405,0,0.0
1789748543.2,0.953795757220307,28.0,52.0,90.0,1278725650,341133296,67194,0,0.0
1789748545.3,0.9830846696325117,29.0,51.0,90.0,1278785805,341133296,60155,0,0.0
1789748547.4,0.9800520691776217,28.0,53.0,90.0,1278853753,341133296,67948,0,0.0
1789748549.4,0.9959374597679774,28.0,53.0,90.0,1278853753,341133296,0,0,
1789748551.5,0.9755031684952866,28.0,53.0,90.0,1278912617,341133296,58864,0,0.0
1789748553.6,0.9771482111948732,28.0,52.0,90.0,1278960435,341133296,47818,0,0.0
1789748555.6,0.9685367702805155,28.0,51.0,90.0,1279041942,341133296,81507,0,0.0
1789748557.7,0.9868038966054902,28.0,52.0,90.0,1279041942,341133296,0,0,
1789748559.8,0.9793868997382237,28.0,51.0,90.0,1279108489,341133296,66547,0,0.0
1789748561.9,0.991145378860486,28.0,53.0,90.0,1279108489,341133296,0,0,
1789748563.9,0.9741227630995466,27.0,53.0,90.0,1279181213,341133296,72724,0,0.0
1789748566.0,0.9725206345573405,27.0,53.0,90.0,1279279549,341133296,98336,0,0.0
1789748568.1,0.9908020656014419,27.0,53.0,90.0,1279279549,341133296,0,0,
1789748570.1,0.9984479379747379,27.0,53.0,90.0,1279279549,341133296,0,0,
1789748572.2,0.9688800835395597,27.0,52.0,90.0,1279361355,341133296,81806,0,0.0
1789748574.3,0.9944783784170398,27.0,53.0,90.0,1279361355,341133296,0,0,
1789748576.4,0.9951721572946916,27.0,53.0,90.0,1279361355,341133296,0,0,
1789748578.5,0.9938275136967686,27.0,53.0,90.0,1279419000,341133296,57645,0,0.0
1789748580.5,0.9697312143276067,27.0,53.0,90.0,1279480565,341133296,61565,0,0.0
1789748582.6,0.994056389202798,28.0,52.0,90.0,1279530274,341133296,49709,0,0.0
1789748584.7,0.9792438525469552,28.0,51.0,90.0,1279596780,341133296,66506,0,0.0
1789748586.7,0.9945713590913643,28.0,52.0,90.0,1279596780,341133296,0,0,
1789748588.8,0.9991202597736993,28.0,51.0,90.0,1279652468,341133296,55688,0,0.0
1789748590.9,0.9763185374855164,28.0,51.0,90.0,1279721020,341133296,68552,0,0.0
1789748593.0,0.9997854292130974,28.0,51.0,90.0,1279721020,341133296,0,0,
1789748595.0,0.9778348377129615,29.0,51.0,90.0,1279813355,341133296,92335,0,0.0
1789748597.1,0.9886563577324159,28.0,52.0,90.0,1279813355,341133296,0,0,
1789748599.2,0.9893358318909409,28.0,52.0,90.0,1279813355,341133296,0,0,
1789748601.2,0.9899652395325218,28.0,52.0,90.0,1279813355,341133296,0,0,
1789748603.3,0.9610410974580514,28.0,52.0,90.0,1279878512,341133296,65157,0,0.0
1789748605.4,0.986682306492912,29.0,51.0,90.0,1279919235,341133296,40723,0,0.0
1789748607.5,0.9470582345115653,28.0,50.0,90.0,1280028692,341133296,109457,0,0.0
1789748609.5,0.9726565293890455,28.0,50.0,90.0,1280028692,341133296,0,0,
1789748611.6,0.9836568583975853,28.0,51.0,90.0,1280028692,341133296,0,0,
1789748613.7,0.9707897635429928,28.0,50.0,90.0,1280096452,341133296,67760,0,0.0
1789748615.7,0.9866680017737852,28.0,51.0,90.0,1280096452,341133296,0,0,
1789748617.8,0.9271389131274408,28.0,51.0,90.0,1280236054,341133296,139602,0,0.0
1789748619.9,0.9490751999084498,28.0,53.0,90.0,1280236054,341133296,0,0,
1789748622.0,0.9674353069077488,29.0,52.0,90.0,1280284611,341133296,48557,0,0.0
1789748624.0,0.970639563992161,29.0,52.0,90.0,1280351552,341133296,66941,0,0.0
1789748626.1,0.9893358318909409,29.0,52.0,90.0,1280351552,341133296,0,0,
1789748628.2,0.9700745275866508,28.0,53.0,90.0,1280351552,341133296,0,0,
1789748630.3,0.972070035904845,28.0,53.0,90.0,1280428274,341133296,76722,0,0.0
1789748632.4,0.9329251720142475,28.0,52.0,90.0,1280476336,341133296,48062,0,0.0
1789748634.4,0.962192627347762,29.0,52.0,90.0,1280522722,341133296,46386,0,0.0
1789748636.5,0.9859241563791895,30.0,51.0,90.0,1280562423,341133296,39701,0,0.0
1789748638.6,0.9716337419714763,30.0,51.0,90.0,1280606528,341133296,44105,0,0.0
1789748640.6,0.9688586264608694,30.0,51.0,90.0,1280693021,341133296,86493,0,0.0
1789748642.7,0.9871686669432246,30.0,51.0,90.0,1280693021,341133296,0,0,
1789748644.8,0.9406354156236142,28.0,50.0,90.0,1280734597,341133296,41576,0,0.0
1789748646.9,0.9699386327549459,30.0,49.0,90.0,1280839537,341133296,104940,0,0.0
1789748648.9,0.9514998498004492,29.0,50.0,90.0,1280911039,341133296,71502,0,0.0
1789748651.0,0.9498762641795528,28.0,52.0,90.0,1280911039,341133296,0,0,
1789748653.1,0.9791937860300113,30.0,51.0,90.0,1281010688,341133296,99649,0,0.0
1789748655.2,0.9972534939276467,30.0,51.0,90.0,1281010688,341133296,0,0,
1789748657.2,0.9117041211895804,30.0,50.0,90.0,1281108486,341133296,97798,0,0.0
1789748659.3,0.9410001859613486,31.0,50.0,90.0,1281161565,341133296,53079,0,0.0
1789748661.4,0.9297423720085256,31.0,49.0,90.0,1281268618,341133296,107053,0,0.0
1789748663.4,0.9444118614731,31.0,50.0,90.0,1281268618,341133296,0,0,
1789748665.5,0.9590455891398573,32.0,50.0,90.0,1281335832,341133296,67214,0,0.0
1789748667.6,0.984672493455591,32.0,50.0,90.0,1281335832,341133296,0,0,
1789748669.7,0.9721201024217889,31.0,49.0,90.0,1281430210,341133296,94378,0,0.0
1789748671.8,0.9867538300885462,31.0,50.0,90.0,1281430210,341133296,0,0,
1789748673.9,0.9779993419829202,31.0,50.0,90.0,1281476087,341133296,45877,0,0.0
1789748675.9,0.8764215314632298,29.0,52.0,90.0,1281591814,341133296,115727,0,0.0
1789748678.0,0.8527615260274365,27.0,56.0,90.0,1281591814,341133296,0,0,
1789748680.1,0.8637761597551032,27.0,56.0,90.0,1281591814,341133296,0,0,
1789748682.2,0.8893816069921467,28.0,55.0,90.0,1281654098,341133296,62284,0,0.0
1789748684.2,0.8393293947673337,27.0,56.0,90.0,1281704156,341133296,50058,0,0.0
1789748686.3,0.8685968501008483,29.0,54.0,90.0,1281815734,341133296,111578,0,0.0
1789748688.4,0.8942452114952723,30.0,53.0,90.0,1281896082,341133296,80348,0,0.0
1789748690.4,0.923534123907477,30.0,53.0,90.0,1281896082,341133296,0,0,
1789748692.5,0.9455276295649935,31.0,52.0,90.0,1281973536,341133312,77454,16,0.0002
1789748694.6,0.9675139828629464,32.0,51.0,90.0,1282021493,341133312,47957,0,0.0
1789748696.7,0.9689730642138842,32.0,52.0,90.0,1282121332,341133312,99839,0,0.0
1789748698.8,0.9667343756705337,31.0,52.0,90.0,1282121332,341133312,0,0,
1789748700.8,0.9352139270745419,31.0,53.0,90.0,1282179486,341133312,58154,0,0.0
1789748702.9,0.9681719999427811,32.0,52.0,90.0,1282261289,341133312,81803,0,0.0
1789748705.0,0.9901512008811707,32.0,52.0,90.0,1282261289,341133312,0,0,
1789748707.0,0.9615775244253079,31.0,52.0,90.0,1282337392,341133312,76103,0,0.0
1789748709.1,0.9774128484987197,31.0,53.0,90.0,1282337392,341133312,0,0,
1789748711.2,0.9685296179209522,31.0,53.0,90.0,1282406529,341133312,69137,0,0.0
1789748713.3,0.9677857725263564,32.0,51.0,90.0,1282490196,341157104,83667,23792,0.2844
1789748715.3,0.9379246713490781,32.0,51.0,90.0,1282552888,341157104,62692,0,0.0
1789748717.4,0.9420515828171714,32.0,51.0,90.0,1282613648,341157104,60760,0,0.0
1789748719.5,0.9677070965711588,33.0,51.0,90.0,1282662387,341157104,48739,0,0.0
1789748721.5,0.9794727280529847,33.0,52.0,90.0,1282662387,341157104,0,0,
1789748723.6,0.9810963136738811,33.0,52.0,90.0,1282723318,341157104,60931,0,0.0
1789748725.7,0.9560129886849672,32.0,53.0,90.0,1282723318,341157104,0,0,
1789748727.8,0.9422590012445106,32.0,54.0,90.0,1282833918,341157104,110600,0,0.0
1789748729.8,0.960540432288612,32.0,54.0,90.0,1282833918,341157104,0,0,
1789748731.9,0.9715336089375886,33.0,53.0,90.0,1282900700,341157104,66782,0,0.0
1789748734.0,0.928319052455405,30.0,53.0,90.0,1282900700,341157104,0,0,
1789748736.1,0.909601327477935,31.0,53.0,90.0,1283016697,341157104,115997,0,0.0
1789748738.2,0.9352425365127955,32.0,53.0,90.0,1283115319,341157104,98622,0,0.0
1789748740.2,0.9608694408285293,32.0,53.0,90.0,1283115319,341157104,0,0,
1789748742.3,0.9573504799233267,31.0,53.0,90.0,1283115319,341157104,0,0,
1789748744.4,0.9701317464631583,32.0,53.0,90.0,1283142894,341157104,27575,0,0.0
1789748746.5,0.9609266597050367,32.0,52.0,90.0,1283246949,341157104,104055,0,0.0
1789748748.5,0.979222395468265,32.0,53.0,90.0,1283246949,341157104,0,0,
1789748750.6,0.9438825868654069,32.0,52.0,90.0,1283302877,341157104,55928,0,0.0
1789748752.7,0.9425522479866107,32.0,53.0,90.0,1283360886,341157104,58009,0,0.0
1789748754.8,0.9718340080392521,33.0,52.0,90.0,1283403820,341157104,42934,0,0.0
1789748756.8,0.961341496559715,33.0,51.0,90.0,1283477381,341157104,73561,0,0.0
1789748758.9,0.9709042012960075,32.0,52.0,90.0,1283477381,341157104,0,0,
1789748761.0,0.9020412834194,29.0,55.0,90.0,1283477381,341157104,0,0,
1789748763.0,0.9026993004992347,29.0,56.0,90.0,1283477381,341157104,0,0,
1789748765.1,0.9125409472585005,29.0,56.0,90.0,1283702545,341157104,225164,0,0.0
1789748767.2,0.9271746749252578,29.0,56.0,90.0,1283702545,341157104,0,0,
1789748769.3,0.9418155549515785,29.0,56.0,90.0,1283702545,341157104,0,0,
1789748771.3,0.9527944268814281,29.0,56.0,90.0,1283702545,341157104,0,0,
1789748773.4,0.9601255954339336,29.0,56.0,90.0,1283702545,341157104,0,0,
1789748775.5,0.9674639163460026,29.0,56.0,90.0,1283702545,341157104,0,0,
1789748777.6,0.9747879325389446,29.0,56.0,90.0,1283702545,341157104,0,0,
1789748779.6,0.9821119487318867,29.0,56.0,90.0,1283702545,341157104,0,0,
1789748781.7,0.9894288125652653,29.0,56.0,90.0,1283702545,341157104,0,0,
1789748783.8,0.9594032071180283,28.0,57.0,90.0,1283702545,341157104,0,0,
1789748785.8,0.9600540718382995,28.0,57.0,90.0,1283702545,341157104,0,0,
1789748787.9,0.9616848098187593,28.0,57.0,90.0,1283844566,341157104,142021,0,0.0
1789748790.0,0.9763399945642067,28.0,57.0,90.0,1283844566,341157104,0,0,
1789748792.1,0.9909951793096543,28.0,57.0,90.0,1283844566,341157104,0,0,
1789748794.2,0.9983191955025963,28.0,57.0,90.0,1283844566,341157104,0,0,
1789748796.2,0.9630509104953724,28.0,56.0,91.0,1283894596,341157104,50030,0,0.0
1789748798.3,0.9886921195302331,29.0,56.0,91.0,1283940838,341157104,46242,0,0.0
1789748800.4,0.9700244610697069,29.0,55.0,91.0,1283986023,341157104,45185,0,0.0
1789748802.5,0.9221179567139199,27.0,57.0,91.0,1283986023,341157104,0,0,
1789748804.6,0.9227759737937545,27.0,58.0,91.0,1283986023,341157104,0,0,
1789748806.6,0.9234697526714063,27.0,58.0,91.0,1283986023,341157104,0,0,
1789748808.7,0.9145507602958216,27.0,58.0,91.0,1284180117,341157104,194094,0,0.0
1789748810.8,0.9328393436994864,27.0,58.0,91.0,1284180117,341157104,0,0,
1789748812.9,0.947494528444934,27.0,58.0,91.0,1284180117,341157104,0,0,
1789748814.9,0.9548113922783126,27.0,58.0,91.0,1284180117,341157104,0,0,
1789748817.0,0.9658331783655428,27.0,58.0,91.0,1284180117,341157104,0,0,
1789748819.1,0.973142889839358,27.0,58.0,91.0,1284180117,341157104,0,0,
1789748821.2,0.9804597536727366,27.0,58.0,91.0,1284180117,341157104,0,0,
1789748823.2,0.9835567253636975,27.0,58.0,91.0,1284180117,341157104,0,0,
1789748825.3,0.969838499721058,27.0,57.0,91.0,1284237835,341157104,57718,0,0.0
1789748827.4,0.9885276152602743,27.0,58.0,91.0,1284237835,341157104,0,0,
1789748829.5,0.9810462471569371,27.0,58.0,91.0,1284305016,341157104,67181,0,0.0
1789748831.5,0.9966383910051926,27.0,58.0,91.0,1284305016,341157104,0,0,
1789748833.6,0.9581944583518103,27.0,57.0,91.0,1284353307,341157104,48291,0,0.0
1789748835.7,0.9874690660448882,28.0,57.0,91.0,1284402593,341157104,49286,0,0.0
1789748837.8,0.9829773842390604,28.0,56.0,91.0,1284468223,341157104,65630,0,0.0
1789748839.8,0.9991274121332627,29.0,56.0,91.0,1284471124,341157104,2901,0,0.0
1789748841.9,0.9913957114452058,29.0,56.0,91.0,1284516927,341157104,45803,0,0.0
1789748844.0,0.9920680332441673,29.0,56.0,91.0,1284516927,341157104,0,0,
1789748846.0,0.9878266840230592,29.0,56.0,91.0,1284554506,341157104,37579,0,0.0
1789748848.1,0.925594003461742,27.0,55.0,91.0,1284718909,341157104,164403,0,0.0
1789748850.2,0.9475588996810047,27.0,57.0,91.0,1284718909,341157104,0,0,
1789748852.3,0.9622140844264523,27.0,57.0,91.0,1284718909,341157104,0,0,
1789748854.4,0.9731858039967385,27.0,57.0,91.0,1284718909,341157104,0,0,
1789748856.5,0.980516972549244,27.0,58.0,91.0,1284718909,341157104,0,0,
1789748858.5,0.9883488062711888,27.0,58.0,91.0,1284718909,341157104,0,0,
1789748860.6,0.963537270945685,27.0,57.0,91.0,1284776394,341157104,57485,0,0.0
1789748862.7,0.9298067432445964,27.0,57.0,91.0,1284866907,341157104,90513,0,0.0
1789748864.7,0.955447952279457,27.0,58.0,91.0,1284866907,341157104,0,0,
1789748866.8,0.9632297194844579,27.0,58.0,91.0,1284866907,341157104,0,0,
1789748868.9,0.971576523094969,27.0,58.0,91.0,1284958781,341157104,91874,0,0.0
1789748871.0,0.9834923541276267,27.0,58.0,91.0,1284958781,341157104,0,0,
1789748873.0,0.9841146094096442,27.0,58.0,91.0,1284958781,341157104,0,0,
1789748875.1,0.9847726264894788,27.0,58.0,91.0,1284958781,341157104,0,0,
1789748877.2,0.9853734246928062,27.0,58.0,91.0,1284958781,341157104,0,0,
1789748879.3,0.9457493527114595,27.0,57.0,91.0,1285070333,341157104,111552,0,0.0
1789748881.3,0.971404866465447,28.0,56.0,91.0,1285110570,341157104,40237,0,0.0
1789748883.4,0.960454603973851,28.0,55.0,91.0,1285144014,341157104,33444,0,0.0
1789748885.5,0.9869469437967585,29.0,55.0,91.0,1285185879,341157104,41865,0,0.0
1789748887.5,0.8289370163216845,27.0,55.0,91.0,1285373390,341157104,187511,0,0.0
1789748889.6,0.8545782253565452,27.0,57.0,91.0,1285373390,341157104,0,0,
1789748891.7,0.8691976483041756,27.0,57.0,91.0,1285373390,341157104,0,0,
1789748893.8,0.830460468908693,25.0,57.0,91.0,1285373390,341157104,0,0,
1789748895.9,0.8414679502767963,25.0,59.0,91.0,1285373390,341157104,0,0,
1789748897.9,0.8488062711888652,25.0,59.0,91.0,1285373390,341157104,0,0,
1789748900.0,0.8597922954782783,26.0,58.0,91.0,1285436872,341157104,63482,0,0.0
1789748902.1,0.8780737265223797,26.0,58.0,91.0,1285436872,341157104,0,0,
1789748904.1,0.907405553091965,27.0,57.0,91.0,1285484072,341157120,47200,16,0.0003
1789748906.2,0.9142646659132848,28.0,55.0,91.0,1285603039,341157120,118967,0,0.0
1789748908.3,0.9249073769436538,27.0,56.0,91.0,1285603039,341157120,0,0,
1789748910.3,0.9505485859785143,28.0,56.0,91.0,1285701104,341157120,98065,0,0.0
1789748912.4,0.9688443217417426,28.0,56.0,91.0,1285701104,341157120,0,0,
1789748914.5,0.990837827399259,29.0,55.0,91.0,1285747339,341157120,46235,0,0.0
1789748916.6,0.9717553320840545,29.0,54.0,91.0,1285816382,341157120,69043,0,0.0
1789748918.6,0.9810891613143176,29.0,55.0,91.0,1285816382,341157120,0,0,
1789748920.7,0.9390762012387887,29.0,54.0,91.0,1285966221,341157120,149839,0,0.0
1789748922.8,0.9683937230892471,29.0,55.0,91.0,1285966221,341157120,0,0,
1789748924.9,0.9830489078346947,29.0,55.0,91.0,1285966221,341157120,0,0,
1789748926.9,0.9847511694107887,29.0,55.0,91.0,1285966221,341157120,0,0,
1789748929.0,0.9711831433189809,29.0,55.0,91.0,1286036272,341157120,70051,0,0.0
1789748931.1,0.984486532106942,29.0,55.0,91.0,1286036272,341157120,0,0,
1789748933.2,0.9131345931022644,27.0,55.0,91.0,1286106697,341157120,70425,0,0.0
1789748935.2,0.9351280987597809,28.0,55.0,91.0,1286190425,341157120,83728,0,0.0
1789748937.3,0.9395554093295378,27.0,55.0,91.0,1286190425,341157120,0,0,
1789748939.4,0.9515570686769566,28.0,55.0,91.0,1286193371,341157120,2946,0,0.0
1789748941.5,0.9410788619165462,28.0,55.0,91.0,1286309375,341157120,116004,0,0.0
1789748943.6,0.9630366057762456,28.0,55.0,91.0,1286309375,341157120,0,0,
1789748945.6,0.9777132476003834,28.0,55.0,91.0,1286309375,341157120,0,0,
1789748947.7,0.9823479765974795,28.0,55.0,91.0,1286309375,341157120,0,0,
1789748949.8,0.9801879640093267,28.0,55.0,91.0,1286368352,341157120,58977,0,0.0
1789748951.9,0.9993491352797288,29.0,54.0,91.0,1286392601,341157120,24249,0,0.0
1789748953.9,0.9993634399988556,29.0,53.0,91.0,1286438681,341157120,46080,0,0.0
1789748956.0,0.9301786659418942,28.0,53.0,91.0,1286567124,341157120,128443,0,0.0
1789748958.1,0.9557912655385011,28.0,55.0,91.0,1286567124,341157120,0,0,
1789748960.2,0.9777776188364542,29.0,54.0,91.0,1286651182,341157120,84058,0,0.0
1789748962.3,0.9960948116783727,29.0,54.0,91.0,1286651182,341157120,0,0,
1789748964.3,0.9246284349206804,28.0,53.0,91.0,1286713234,341157120,62052,0,0.0
1789748966.4,0.9429599324817257,29.0,54.0,91.0,1286758312,341157120,45078,0,0.0
1789748968.5,0.9619351424034789,29.0,54.0,91.0,1286758312,341157120,0,0,
1789748970.6,0.9599181770065944,29.0,54.0,91.0,1286865788,341157136,107476,16,0.0001
1789748972.6,0.9782210651293862,29.0,55.0,91.0,1286865788,341157136,0,0,
1789748974.7,0.9898007352625631,29.0,55.0,91.0,1286865788,341157136,0,0,
1789748976.8,0.9707182399473586,29.0,54.0,91.0,1286919166,341157136,53378,0,0.0
1789748978.8,0.9606906318394438,29.0,54.0,91.0,1286983209,341157136,64043,0,0.0
1789748980.9,0.9821047963723233,29.0,55.0,91.0,1286983209,341157136,0,0,
1789748983.0,0.892743215986954,28.0,55.0,91.0,1287093429,341157136,110220,0,0.0
1789748985.1,0.907405553091965,28.0,56.0,91.0,1287093429,341157136,0,0,
1789748987.2,0.9220464331182857,29.0,55.0,91.0,1287168703,341157136,75274,0,0.0
1789748989.2,0.9476876421531464,29.0,55.0,91.0,1287168703,341157136,0,0,
1789748991.3,0.9586951235212496,29.0,54.0,91.0,1287235809,341157136,67106,0,0.0
1789748993.4,0.9791294147939406,30.0,54.0,91.0,1287272984,341180928,37175,23792,0.64
1789748995.4,0.9798160413120288,30.0,54.0,91.0,1287272984,341180928,0,0,
1789748997.5,0.9718626174775058,30.0,54.0,91.0,1287338622,341180928,65638,0,0.0
1789748999.6,0.9473800906919193,30.0,53.0,91.0,1287436550,341180928,97928,0,0.0
1789749001.7,0.9766833078232509,31.0,53.0,91.0,1287470898,341180928,34348,0,0.0
1789749003.8,0.9854163388501866,31.0,53.0,91.0,1287470898,341180928,0,0,
1789749005.9,0.9853519676141159,31.0,52.0,91.0,1287539470,341180928,68572,0,0.0
1789749007.9,0.9537313859842362,30.0,54.0,91.0,1287593000,341180928,53530,0,0.0
1789749010.0,0.9275465976225556,30.0,54.0,91.0,1287692090,341180928,99090,0,0.0
1789749012.1,0.9531806542978528,30.0,55.0,91.0,1287692090,341180928,0,0,
1789749014.1,0.9678501437624272,31.0,54.0,91.0,1287770738,341180928,78648,0,0.0
1789749016.2,0.993477048078161,31.0,54.0,91.0,1287770738,341180928,0,0,
1789749018.3,0.9580013446435979,30.0,53.0,91.0,1287835618,341180928,64880,0,0.0
1789749020.4,0.9631868053270773,30.0,53.0,91.0,1287909898,341180944,74280,16,0.0002
1789749022.4,0.988792252564121,30.0,54.0,91.0,1287909898,341180944,0,0,
1789749024.5,0.9932267154934413,30.0,54.0,91.0,1287909898,341180944,0,0,
1789749026.6,0.9914958444790937,30.0,53.0,91.0,1287974928,341180944,65030,0,0.0
1789749028.6,0.9931122777404265,30.0,52.0,91.0,1288023162,341180944,48234,0,0.0
1789749030.7,0.9806242579426953,30.0,52.0,91.0,1288074107,341180944,50945,0,0.0
1789749032.8,0.9435035118085456,29.0,54.0,91.0,1288170989,341180944,96882,0,0.0
1789749034.9,0.9654469509491181,29.0,54.0,91.0,1288170989,341180944,0,0,
1789749036.9,0.9796515370420702,29.0,54.0,91.0,1288170989,341180944,0,0,
1789749039.0,0.980295249402778,29.0,54.0,91.0,1288246258,341180944,75269,0,0.0
1789749041.1,0.9021843306106685,28.0,54.0,91.0,1288311187,341180944,64929,0,0.0
1789749043.2,0.9277969302072754,29.0,55.0,91.0,1288357789,341180944,46602,0,0.0
1789749045.2,0.9607764601542048,30.0,54.0,91.0,1288424809,341180944,67020,0,0.0
1789749047.3,0.9786573590627548,30.0,55.0,91.0,1288424809,341180944,0,0,
1789749049.4,0.9425236385483571,29.0,54.0,91.0,1288474627,341180944,49818,0,0.0
1789749051.5,0.9647388673523395,30.0,55.0,91.0,1288523052,341180944,48425,0,0.0
1789749053.5,0.9641452215085757,30.0,55.0,91.0,1288628089,341180944,105037,0,0.0
1789749055.6,0.9788147109731501,30.0,55.0,91.0,1288628089,341180944,0,0,
1789749057.7,0.9893644413291945,30.0,55.0,91.0,1288628089,341180944,0,0,
1789749059.7,0.9883273491924986,29.0,55.0,91.0,1288628089,341180944,0,0,
1789749061.8,0.9802737923240877,29.0,55.0,91.0,1288729162,341180944,101073,0,0.0
1789749063.9,0.9985981375255697,29.0,55.0,91.0,1288729162,341180944,0,0,
1789749066.0,0.9552047720543008,28.0,56.0,92.0,1288729162,341180944,0,0,
1789749068.0,0.9928333357174531,29.0,55.0,92.0,1288777485,341180944,48323,0,0.0
1789749070.1,0.952722903285794,28.0,54.0,92.0,1288846968,341180944,69483,0,0.0
1789749072.2,0.9728997096142017,28.0,56.0,92.0,1288846968,341180944,0,0,
1789749074.3,0.9526728367688501,28.0,55.0,92.0,1288925525,341180944,78557,0,0.0
1789749076.3,0.978285436365457,29.0,55.0,92.0,1288971579,341180944,46054,0,0.0
1789749078.4,0.9797945842333385,29.0,55.0,92.0,1288971579,341180944,0,0,
1789749080.5,0.9804597536727366,29.0,55.0,92.0,1288971579,341180944,0,0,
1789749082.6,0.958087172958359,29.0,54.0,92.0,1289048312,341180944,76733,0,0.0
1789749084.6,0.9706967828686683,29.0,55.0,92.0,1289048312,341180944,0,0,
1789749086.7,0.9713691046676298,29.0,55.0,92.0,1289048312,341180944,0,0,
1789749088.8,0.9697169096084799,29.0,55.0,92.0,1289141121,341180944,92809,0,0.0
1789749090.9,0.9820547298553793,29.0,55.0,92.0,1289141121,341180944,0,0,
1789749092.9,0.9827270516543407,29.0,55.0,92.0,1289141121,341180944,0,0,
1789749095.0,0.9783498076015278,29.0,54.0,92.0,1289193944,341180944,52823,0,0.0
1789749097.1,0.9746949518646202,29.0,54.0,92.0,1289252141,341180944,58197,0,0.0
1789749099.2,0.9907448467249346,30.0,53.0,92.0,1289286145,341180944,34004,0,0.0
1789749101.3,0.9914386256025863,30.0,53.0,92.0,1289286145,341180944,0,0,
1789749103.4,0.9740154777060952,29.0,52.0,92.0,1289328306,341180944,42161,0,0.0
1789749105.4,0.9504842147424435,29.0,52.0,92.0,1289426044,341180944,97738,0,0.0
1789749107.5,0.972427653883016,29.0,55.0,92.0,1289426044,341180944,0,0,
1789749109.6,0.9869898579541391,29.0,55.0,92.0,1289426044,341180944,0,0,
1789749111.7,0.9841074570500808,29.0,55.0,92.0,1289474025,341180944,47981,0,0.0
1789749113.8,0.9689730642138842,28.0,55.0,92.0,1289474025,341180944,0,0,
1789749115.8,0.9696024718554651,28.0,55.0,92.0,1289474025,341180944,0,0,
1789749117.9,0.9702604889352997,28.0,56.0,92.0,1289474025,341180944,0,0,
1789749120.0,0.9740226300656587,28.0,56.0,92.0,1289572506,341180944,98481,0,0.0
1789749122.1,0.9886563577324159,28.0,56.0,92.0,1289572506,341180944,0,0,
1789749124.1,0.9528373410388087,28.0,55.0,92.0,1289648834,341180944,76328,0,0.0
1789749126.2,0.9411003189952365,27.0,56.0,92.0,1289648834,341180944,0,0,
1789749128.3,0.9346488906690317,27.0,57.0,92.0,1289687052,341180944,38218,0,0.0
1789749130.4,0.9602972520634557,28.0,56.0,92.0,1289829597,341180944,142545,0,0.0
1789749132.4,0.9785858354671206,28.0,56.0,92.0,1289829597,341180944,0,0,
1789749134.5,0.9895861644756605,28.0,56.0,92.0,1289829597,341180944,0,0,
1789749136.6,0.9969101806686026,28.0,56.0,92.0,1289829597,341180944,0,0,
1789749138.7,0.9729855379289628,27.0,56.0,92.0,1289829597,341180944,0,0,
1789749140.8,0.9570786902599168,27.0,57.0,92.0,1289894947,341180944,65350,0,0.0
1789749142.8,0.9827270516543407,28.0,56.0,92.0,1289944088,341180944,49141,0,0.0
1789749144.9,0.9707540017451757,28.0,55.0,92.0,1289986061,341180944,41973,0,0.0
1789749147.0,0.9753672736635817,28.0,56.0,92.0,1289986061,341180944,0,0,
1789749149.0,0.9760109860242894,28.0,56.0,92.0,1289986061,341180944,0,0,
1789749151.1,0.9766546983849972,28.0,56.0,92.0,1289986061,341180944,0,0,
1789749153.2,0.9773055631052684,28.0,56.0,92.0,1289986061,341180944,0,0,
1789749155.3,0.9425307909079206,27.0,55.0,92.0,1290078699,341180944,92638,0,0.0
1789749157.3,0.9213884160384511,26.0,56.0,92.0,1290078699,341180944,0,0,
1789749159.4,0.9433461598981504,27.0,55.0,92.0,1290149905,341180944,71206,0,0.0
1789749161.5,0.9653110561174132,28.0,55.0,92.0,1290217639,341180944,67734,0,0.0
1789749163.5,0.9909665698714005,28.0,55.0,92.0,1290217639,341180944,0,0,
1789749165.6,0.9966956098816999,28.0,54.0,92.0,1290269475,341180944,51836,0,0.0
1789749167.7,0.9689229976969402,28.0,53.0,92.0,1290338940,341180944,69465,0,0.0
1789749169.8,0.9611984493684467,27.0,53.0,92.0,1290338940,341180944,0,0,
1789749171.8,0.95844479093653,27.0,55.0,92.0,1290458176,341180944,119236,0,0.0
1789749173.9,0.9730928233224141,27.0,56.0,92.0,1290458176,341180944,0,0,
1789749176.0,0.9840859999713906,27.0,56.0,92.0,1290458176,341180944,0,0,
1789749178.0,0.986768134807673,27.0,56.0,92.0,1290458176,341180944,0,0,
1789749180.1,0.9708326777003734,27.0,55.0,92.0,1290509949,341180944,51773,0,0.0
1789749182.2,0.9689730642138842,26.0,57.0,92.0,1290509949,341180944,0,0,
1789749184.3,0.9636016421817558,26.0,57.0,92.0,1290601192,341180944,91243,0,0.0
1789749186.4,0.978235369848513,26.0,57.0,92.0,1290601192,341180944,0,0,
1789749188.4,0.933239875835038,26.0,56.0,92.0,1290653224,341180944,52032,0,0.0
1789749190.5,0.9662051010628406,27.0,56.0,92.0,1290738216,341180944,84992,0,0.0
1789749192.6,0.9845008368260689,27.0,56.0,92.0,1290738216,341180944,0,0,
1789749194.6,0.9678644484815541,27.0,55.0,92.0,1290823535,341180944,85319,0,0.0
1789749196.7,0.9824981761483114,27.0,55.0,92.0,1290823535,341180944,0,0,
1789749198.8,0.9961019640379362,29.0,54.0,92.0,1290849306,341180944,25771,0,0.0
1789749200.9,0.9863747550316849,29.0,54.0,92.0,1290925106,341180944,75800,0,0.0
1789749202.9,0.9985123092108087,29.0,54.0,92.0,1290925106,341180944,0,0,
1789749205.0,0.9939562561689101,29.0,53.0,92.0,1290998943,341180944,73837,0,0.0
1789749207.1,0.9249574434605976,27.0,54.0,92.0,1291066511,341180944,67568,0,0.0
1789749209.2,0.9469366443989873,28.0,53.0,92.0,1291145934,341180944,79423,0,0.0
1789749211.2,0.9725492439955942,28.0,53.0,92.0,1291145934,341180944,0,0,
1789749213.3,0.9981904530304547,29.0,53.0,92.0,1291188164,341180944,42230,0,0.0
1789749215.4,0.9828915559242994,29.0,52.0,92.0,1291244403,341180944,56239,0,0.0
1789749217.4,0.9848656071638033,29.0,52.0,92.0,1291311622,341180944,67219,0,0.0
1789749219.5,0.963809060609095,28.0,53.0,92.0,1291311622,341180944,0,0,
1789749221.6,0.895875949475732,27.0,53.0,92.0,1291416065,341180944,104443,0,0.0
1789749223.7,0.9141859899580872,27.0,53.0,92.0,1291416065,341180944,0,0,
1789749225.7,0.9288268699844079,28.0,53.0,92.0,1291478490,341180944,62425,0,0.0
1789749227.8,0.925200623685754,27.0,53.0,92.0,1291478490,341180944,0,0,
1789749229.9,0.9508561374397414,28.0,53.0,92.0,1291523942,341180944,45452,0,0.0
1789749231.9,0.9786502067031914,29.0,52.0,92.0,1291577719,341180944,53777,0,0.0
1789749234.0,0.9575292889124122,28.0,53.0,92.0,1291630907,341180944,53188,0,0.0
1789749236.1,0.9812751226629665,29.0,52.0,92.0,1291671255,341180944,40348,0,0.0
1789749238.2,0.9430815225943039,28.0,51.0,92.0,1291715534,341180944,44279,0,0.0
1789749240.2,0.920995036262463,29.0,52.0,92.0,1291872778,341180960,157244,16,0.0001
1789749242.3,0.9466577023760139,29.0,52.0,92.0,1291872778,341180960,0,0,
1789749244.4,0.961305734761898,29.0,52.0,92.0,1291872778,341180960,0,0,
1789749246.5,0.9832706309811606,30.0,51.0,92.0,1291916915,341180960,44137,0,0.0
1789749248.5,0.9435392736063627,29.0,53.0,92.0,1291916915,341180960,0,0,
1789749250.6,0.9029138712861373,27.0,54.0,92.0,1291916915,341180960,0,0,
1789749252.7,0.8804053957400546,27.0,54.0,92.0,1292154670,341180960,237755,0,0.0
1789749254.8,0.8950534281259388,27.0,55.0,92.0,1292154670,341180960,0,0,
1789749256.8,0.9097014605118229,27.0,56.0,92.0,1292154670,341180960,0,0,
1789749258.9,0.9170040196260747,27.0,56.0,92.0,1292154670,341180960,0,0,
1789749261.0,0.9279900439154877,27.0,56.0,92.0,1292154670,341180960,0,0,
1789749263.1,0.9353283648275567,27.0,56.0,92.0,1292154670,341180960,0,0,
1789749265.1,0.942659533380062,27.0,56.0,92.0,1292154670,341180960,0,0,
1789749267.2,0.9499835495730041,27.0,56.0,92.0,1292154670,341180960,0,0,
1789749269.3,0.9536455576694751,27.0,56.0,92.0,1292154670,341180960,0,0,
1789749271.4,0.9609552691432903,27.0,56.0,92.0,1292154670,341180960,0,0,
1789749273.4,0.9550259630652153,28.0,54.0,92.0,1292242407,341180960,87737,0,0.0
1789749275.5,0.9767333743401948,28.0,55.0,92.0,1292242407,341180960,0,0,
1789749277.6,0.9807601527744003,28.0,55.0,92.0,1292308393,341180960,65986,0,0.0
1789749279.6,0.9536813194672923,28.0,54.0,92.0,1292359864,341180960,51471,0,0.0
1789749281.7,0.9696453860128457,28.0,55.0,92.0,1292359864,341180960,0,0,
1789749283.8,0.9466362452973236,27.0,54.0,92.0,1292435437,341180960,75573,0,0.0
1789749285.8,0.9649462857796787,28.0,54.0,92.0,1292501921,341180960,66484,0,0.0
1789749287.9,0.9847511694107887,28.0,54.0,92.0,1292501921,341180960,0,0,
1789749290.0,0.9831490408685826,28.0,54.0,92.0,1292550519,341180960,48598,0,0.0
1789749292.1,0.9785000071523595,28.0,54.0,92.0,1292618420,341180960,67901,0,0.0
1789749294.1,0.9908449797588225,28.0,54.0,92.0,1292618420,341180960,0,0,
1789749296.2,0.9914886921195303,28.0,54.0,92.0,1292618420,341180960,0,0,
1789749298.3,0.9136424106312673,26.0,54.0,92.0,1292729677,341180960,111257,0,0.0
1789749300.4,0.9282904430171514,26.0,55.0,92.0,1292729677,341180960,0,0,
1789749302.4,0.9392979243852547,27.0,54.0,92.0,1292829350,341180960,99673,0,0.0
1789749304.5,0.9649248287009885,27.0,54.0,92.0,1292829350,341180960,0,0,
1789749306.6,0.9795657087273092,27.0,55.0,92.0,1292829350,341180960,0,0,
1789749308.7,0.9713977141058835,27.0,55.0,92.0,1292904304,341180960,74954,0,0.0
1789749310.7,0.9866894588524754,27.0,55.0,92.0,1292904304,341180960,0,0,
1789749312.8,0.9611126210536856,26.0,55.0,92.0,1292973568,341180960,69264,0,0.0
1789749314.9,0.9757606534395697,26.0,55.0,92.0,1292973568,341180960,0,0,
1789749316.9,0.9744160098416468,27.0,54.0,92.0,1293080168,341180960,106600,0,0.0
1789749319.0,0.9955226229132991,27.0,54.0,92.0,1293080168,341180960,0,0,
1789749321.1,0.9965740197691219,27.0,55.0,92.0,1293126603,341180960,46435,0,0.0
1789749323.2,0.9730856709628506,26.0,55.0,92.0,1293126603,341180960,0,0,
1789749325.2,0.958258829587881,26.0,54.0,92.0,1293208628,341180960,82025,0,0.0
1789749327.3,0.983871429184488,26.0,54.0,92.0,1293208628,341180960,0,0,
1789749329.4,0.9795370992890554,26.0,56.0,92.0,1293254843,341180960,46215,0,0.0
1789749331.4,0.9932410202125681,26.0,57.0,92.0,1293254843,341180960,0,0,
1789749333.5,0.9938847325732759,26.0,57.0,92.0,1293254843,341180960,0,0,
1789749335.6,0.9554694093581473,26.0,56.0,92.0,1293297823,341180960,42980,0,0.0
1789749337.7,0.9847440170512252,27.0,55.0,92.0,1293347044,341180960,49221,0,0.0
1789749339.7,0.953659862388602,27.0,56.0,92.0,1293446887,341180960,99843,0,0.0
1789749341.8,0.9719555981518303,27.0,56.0,92.0,1293446887,341180960,0,0,
1789749343.9,0.9838356673866708,27.0,56.0,92.0,1293446887,341180960,0,0,
1789749346.0,0.9621854749881986,27.0,56.0,92.0,1293522262,341180960,75375,0,0.0
1789749348.0,0.966262319939348,26.0,57.0,92.0,1293522262,341180960,0,0,
1789749350.1,0.9882629779564278,27.0,56.0,92.0,1293591597,341180960,69335,0,0.0
1789749352.2,0.9984407856151745,27.0,56.0,92.0,1293591597,341180960,0,0,
1789749354.2,0.9990344314589383,27.0,56.0,92.0,1293591597,341180960,0,0,
1789749356.3,0.9864462786273192,27.0,56.0,92.0,1293651570,341180960,59973,0,0.0
1789749358.4,0.9648604574649177,27.0,56.0,92.0,1293735268,341180960,83698,0,0.0
1789749360.5,0.967506830503383,26.0,57.0,92.0,1293735268,341180960,0,0,
1789749362.6,0.9063684609552691,25.0,57.0,92.0,1293814734,341180960,79466,0,0.0
1789749364.7,0.9283119000958416,25.0,58.0,92.0,1293814734,341180960,0,0,
1789749366.8,0.9154376528816857,25.0,59.0,92.0,1293894598,341180960,79864,0,0.0
1789749368.8,0.9337619980831676,25.0,59.0,92.0,1293894598,341180960,0,0,
1789749370.9,0.9557125895833035,26.0,58.0,92.0,1293948168,341180960,53570,0,0.0
1789749373.0,0.981368103337291,27.0,57.0,92.0,1294015024,341180960,66856,0,0.0
1789749375.1,0.9696883001702261,27.0,57.0,92.0,1294094675,341180960,79651,0,0.0
1789749377.1,0.9916174345916718,27.0,58.0,92.0,1294094675,341180960,0,0,
1789749379.2,0.9790149770409258,27.0,57.0,92.0,1294169967,341180960,75292,0,0.0
1789749381.3,0.9945284449339837,27.0,57.0,92.0,1294169967,341180960,0,0,
1789749383.4,0.9869612485158854,28.0,56.0,92.0,1294241936,341180960,71969,0,0.0
1789749385.4,0.990530275938032,28.0,56.0,92.0,1294289858,341180960,47922,0,0.0
1789749387.5,0.9787646444562061,28.0,57.0,92.0,1294359590,341180960,69732,0,0.0
1789749389.6,0.9410144906804755,27.0,57.0,92.0,1294492237,341180960,132647,0,0.0
1789749391.7,0.9630008439784284,27.0,58.0,92.0,1294492237,341180960,0,0,
1789749393.7,0.9420658875362983,26.0,58.0,92.0,1294492237,341180960,0,0,
1789749395.8,0.9530519118257113,26.0,59.0,92.0,1294492237,341180960,0,0,
1789749397.9,0.9750096556854106,27.0,58.0,92.0,1294585147,341180960,92910,0,0.0
1789749399.9,0.9933340008868926,27.0,59.0,92.0,1294585147,341180960,0,0,
1789749402.0,0.9665555666814483,26.0,59.0,92.0,1294585147,341180960,0,0,
1789749404.1,0.9671420601656486,26.0,59.0,92.0,1294585147,341180960,0,0,
1789749406.2,0.94798804125481,26.0,60.0,92.0,1294661683,341180960,76536,0,0.0
1789749408.2,0.9736578597279243,27.0,59.0,92.0,1294717419,341180960,55736,0,0.0
1789749410.3,0.9819760539001817,27.0,59.0,92.0,1294717419,341180960,0,0,
1789749412.4,0.8518031098459382,26.0,59.0,92.0,1294777062,341180960,59643,0,0.0
1789749414.5,0.8737608537056375,27.0,59.0,92.0,1294852478,341180960,75416,0,0.0
1789749416.5,0.8957400546440271,27.0,59.0,92.0,1294852478,341180960,0,0,
1789749418.6,0.9250432717753587,28.0,58.0,92.0,1294937620,341180960,85142,0,0.0
1789749420.7,0.9396913041612428,29.0,57.0,92.0,1294989825,341180960,52205,0,0.0
1789749422.8,0.9689945212925745,30.0,56.0,92.0,1295062860,341180976,73035,16,0.0002
1789749424.8,0.9909594175118371,30.0,56.0,92.0,1295062860,341180976,0,0,
1789749426.9,0.9301643612227674,28.0,57.0,92.0,1295206197,341180976,143337,0,0.0
1789749429.0,0.9557841131789377,28.0,58.0,92.0,1295206197,341180976,0,0,
1789749431.0,0.9704321455648218,28.0,58.0,92.0,1295206197,341180976,0,0,
1789749433.1,0.9814181698542349,28.0,58.0,92.0,1295206197,341180976,0,0,
1789749435.2,0.9907949132418785,28.0,58.0,92.0,1295206197,341180976,0,0,
1789749437.3,0.9462142560830819,27.0,58.0,92.0,1295287749,341180976,81552,0,0.0
1789749439.3,0.9645242965654369,29.0,56.0,92.0,1295371970,341180976,84221,0,0.0
1789749441.4,0.9901583532407341,29.0,56.0,92.0,1295371970,341180976,0,0,
1789749443.5,0.9715479136567153,29.0,56.0,92.0,1295428454,341180976,56484,0,0.0
1789749445.5,0.9665269572431945,29.0,57.0,92.0,1295491354,341180976,62900,0,0.0
1789749447.6,0.9871186004262806,29.0,57.0,92.0,1295491354,341180976,0,0,
1789749449.7,0.9877837698656787,29.0,57.0,92.0,1295491354,341180976,0,0,
1789749451.8,0.9642310498233367,28.0,58.0,92.0,1295491354,341180976,0,0,
1789749453.9,0.9364798947172672,27.0,59.0,92.0,1295605216,341180976,113862,0,0.0
1789749455.9,0.9511279271031513,27.0,60.0,92.0,1295605216,341180976,0,0,
1789749458.0,0.9619351424034789,27.0,60.0,92.0,1295605216,341180976,0,0,
1789749460.1,0.9389903729240276,27.0,59.0,92.0,1295704163,341180976,98947,0,0.0
1789749462.2,0.9572861086872559,27.0,59.0,92.0,1295704163,341180976,0,0,
1789749464.3,0.9433318551790235,28.0,58.0,92.0,1295745065,341180976,40902,0,0.0
1789749466.3,0.968937302416067,29.0,58.0,92.0,1295824132,341180976,79067,0,0.0
1789749468.4,0.9559700745275866,28.0,59.0,92.0,1295824132,341180976,0,0,
1789749470.5,0.9175046847955141,28.0,58.0,92.0,1295932158,341180976,108026,0,0.0
1789749472.6,0.9321598695409615,28.0,59.0,92.0,1295932158,341180976,0,0,
1789749474.7,0.950491367102007,29.0,58.0,92.0,1295971615,341180976,39457,0,0.0
1789749476.7,0.9797588224355215,30.0,57.0,92.0,1296032431,341180976,60816,0,0.0
1789749478.8,0.949196790021028,30.0,57.0,92.0,1296078463,341180976,46032,0,0.0
1789749480.9,0.9785000071523595,31.0,57.0,92.0,1296172624,341180976,94161,0,0.0
1789749482.9,0.9448266983277783,30.0,57.0,92.0,1296172624,341180976,0,0,
1789749485.0,0.9704893644413292,31.0,57.0,92.0,1296258715,341180992,86091,16,0.0002
1789749487.1,0.9877766175061152,31.0,57.0,92.0,1296258715,341180992,0,0,
1789749489.2,0.971848312758379,31.0,57.0,92.0,1296311851,341180992,53136,0,0.0
1789749491.2,0.9648533051053543,31.0,56.0,92.0,1296363823,341180992,51972,0,0.0
1789749493.3,0.9676641824137783,31.0,56.0,92.0,1296412537,341180992,48714,0,0.0
1789749495.4,0.952722903285794,31.0,56.0,92.0,1296518039,341180992,105502,0,0.0
1789749497.4,0.9671277554465219,30.0,58.0,92.0,1296518039,341180992,0,0,
1789749499.5,0.9818043972706596,30.0,58.0,92.0,1296518039,341180992,0,0,
1789749501.6,0.9854449482884403,30.0,59.0,92.0,1296518039,341180992,0,0,
1789749503.7,0.9619637518417326,30.0,58.0,92.0,1296595163,341180992,77124,0,0.0
1789749505.8,0.9802666399645243,30.0,59.0,92.0,1296595163,341180992,0,0,
1789749507.8,0.9700173087101435,30.0,58.0,92.0,1296662401,341180992,67238,0,0.0
1789749509.9,0.9892285464974895,30.0,59.0,92.0,1296662401,341180992,0,0,
1789749512.0,0.9872044287410416,30.0,58.0,92.0,1296707144,341180992,44743,0,0.0
1789749514.1,0.9894717267226458,30.0,59.0,92.0,1296707144,341180992,0,0,
1789749516.1,0.9708040682621196,30.0,58.0,92.0,1296776083,341180992,68939,0,0.0
1789749518.2,0.9964524296565437,31.0,57.0,92.0,1296822079,341180992,45996,0,0.0
1789749520.3,0.9815397599668131,31.0,58.0,92.0,1296870083,341180992,48004,0,0.0
1789749522.4,0.9823479765974795,31.0,57.0,92.0,1296928377,341180992,58294,0,0.0
1789749524.4,0.9905588853762857,31.0,57.0,92.0,1296928377,341180992,0,0,
1789749526.5,0.9983978714577939,32.0,56.0,92.0,1296990367,341180992,61990,0,0.0
1789749528.6,0.9193499935628764,30.0,56.0,92.0,1297132261,341180992,141894,0,0.0
1789749530.7,0.9449768978786102,30.0,58.0,92.0,1297132261,341180992,0,0,
1789749532.7,0.9596392349836211,30.0,58.0,92.0,1297132261,341180992,0,0,
1789749534.8,0.9466648547355773,30.0,58.0,92.0,1297243929,341180992,111668,0,0.0
1789749536.9,0.9649748952179324,30.0,58.0,92.0,1297243929,341180992,0,0,
1789749539.0,0.9796229276038165,30.0,58.0,92.0,1297243929,341180992,0,0,
1789749541.0,0.9811964467077688,29.0,58.0,92.0,1297243929,341180992,0,0,
1789749543.1,0.9363654569642526,28.0,57.0,92.0,1297317854,341180992,73925,0,0.0
1789749545.2,0.9583518102622055,28.0,59.0,92.0,1297317854,341180992,0,0,
1789749547.3,0.9801307451328193,29.0,58.0,92.0,1297357797,341180992,39943,0,0.0
1789749549.3,0.9547684781209321,29.0,57.0,92.0,1297415637,341180992,57840,0,0.0
1789749551.4,0.9474873760853706,29.0,57.0,92.0,1297516044,341180992,100407,0,0.0
1789749553.6,0.9658045689272892,29.0,57.0,92.0,1297516044,341180992,0,0,
1789749555.7,0.9841146094096442,30.0,56.0,92.0,1297563678,341180992,47634,0,0.0
1789749557.7,0.9859956799748237,30.0,55.0,92.0,1297608604,341180992,44926,0,0.0
1789749559.8,0.9716909608479838,29.0,56.0,92.0,1297608604,341180992,0,0,
1789749561.9,0.9664411289284335,29.0,57.0,92.0,1297712320,341180992,103716,0,0.0
1789749564.0,0.9810820089547542,29.0,57.0,92.0,1297712320,341180992,0,0,
1789749566.0,0.9876049608765932,29.0,57.0,92.0,1297712320,341180992,0,0,
1789749568.1,0.9828414894073555,29.0,57.0,92.0,1297780949,341180992,68629,0,0.0
1789749570.2,0.9764186705194043,29.0,56.0,92.0,1297852982,341180992,72033,0,0.0
1789749572.3,0.9977756161757764,29.0,56.0,92.0,1297852982,341180992,0,0,
1789749574.4,0.9559486174488964,28.0,56.0,92.0,1297852982,341180992,0,0,
1789749576.5,0.9599539388044116,28.0,57.0,92.0,1297928391,341180992,75409,0,0.0
1789749578.6,0.9782425222080764,29.0,57.0,92.0,1297997914,341180992,69523,0,0.0
1789749580.6,0.9993276782010385,29.0,57.0,92.0,1297997914,341180992,0,0,
1789749582.7,0.9759108529904015,28.0,58.0,92.0,1297997914,341180992,0,0,
1789749584.8,0.9765116511937288,28.0,58.0,92.0,1297997914,341180992,0,0,
1789749586.9,0.9014619422947631,27.0,57.0,92.0,1298074147,341180992,76233,0,0.0
1789749589.0,0.9197719827771181,27.0,57.0,92.0,1298074147,341180992,0,0,
1789749591.0,0.9453917347332885,28.0,58.0,92.0,1298121163,341180992,47016,0,0.0
1789749593.1,0.971047248487276,29.0,57.0,92.0,1298206543,341180992,85380,0,0.0
1789749595.2,0.9175905131102751,28.0,57.0,92.0,1298290370,341180992,83827,0,0.0
1789749597.2,0.943203112706882,28.0,58.0,92.0,1298290370,341180992,0,0,
1789749599.3,0.9615274579083639,29.0,57.0,92.0,1298369816,341180992,79446,0,0.0
1789749601.4,0.9835066588467536,29.0,57.0,92.0,1298369816,341180992,0,0,
1789749603.5,0.9911024647031056,29.0,56.0,92.0,1298417658,341180992,47842,0,0.0
1789749605.5,0.9931480395382437,29.0,57.0,92.0,1298417658,341180992,0,0,
1789749607.6,0.8890812078904831,28.0,58.0,92.0,1298499765,341180992,82107,0,0.0
1789749609.7,0.8754845723604217,29.0,56.0,92.0,1298605481,341180992,105716,0,0.0
1789749611.7,0.8974709256583747,29.0,56.0,92.0,1298605481,341180992,0,0,
1789749613.8,0.9084641023073512,29.0,56.0,92.0,1298605481,341180992,0,0,
1789749615.9,0.9377601670791194,30.0,55.0,92.0,1298671176,341180992,65695,0,0.0
1789749618.0,0.8805770523695767,29.0,55.0,92.0,1298862877,341180992,191701,0,0.0
1789749620.0,0.8988942452114953,29.0,57.0,92.0,1298862877,341180992,0,0,
1789749622.1,0.8924642739639808,28.0,57.0,92.0,1298862877,341180992,0,0,
1789749624.2,0.9034431458938303,28.0,57.0,92.0,1298862877,341180992,0,0,
1789749626.3,0.9107385526485188,28.0,57.0,92.0,1298862877,341180992,0,0,
1789749628.3,0.9217460340166221,28.0,58.0,92.0,1298862877,341180992,0,0,
1789749630.4,0.9290700502095641,28.0,60.0,92.0,1298862877,341180992,0,0,
1789749632.5,0.9473872430514827,29.0,59.0,92.0,1299001124,341180992,138247,0,0.0
1789749634.6,0.9205730470482212,28.0,59.0,92.0,1299001124,341180992,0,0,
1789749636.6,0.9315733760567612,28.0,59.0,92.0,1299001124,341180992,0,0,
1789749638.7,0.9425594003461742,28.0,59.0,92.0,1299001124,341180992,0,0,
1789749640.8,0.9608694408285293,30.0,58.0,92.0,1299103011,341180992,101887,0,0.0
1789749642.8,0.9865034975038265,30.0,59.0,92.0,1299103011,341180992,0,0,
1789749644.9,0.9884060251476963,29.0,59.0,92.0,1299103011,341180992,0,0,
1789749647.0,0.9810176377186834,30.0,58.0,92.0,1299206071,341180992,103060,0,0.0
1789749649.1,0.9981403865135108,30.0,58.0,92.0,1299206071,341180992,0,0,
1789749651.1,0.9988413177507259,30.0,58.0,92.0,1299206071,341180992,0,0,
1789749653.2,0.9626646830789477,30.0,57.0,92.0,1299304717,341180992,98646,0,0.0
1789749655.3,0.9809818759208663,30.0,58.0,92.0,1299304717,341180992,0,0,
1789749657.4,0.9655256269043158,30.0,57.0,92.0,1299393115,341180992,88398,0,0.0
1789749659.4,0.983821362667544,30.0,57.0,92.0,1299393115,341180992,0,0,
1789749661.5,0.9739224970317708,30.0,56.0,92.0,1299463723,341180992,70608,0,0.0
1789749663.6,0.9754960161357231,29.0,59.0,92.0,1299463723,341180992,0,0,
1789749665.7,0.9587451900381936,30.0,57.0,92.0,1299544645,341180992,80922,0,0.0
1789749667.7,0.9839143433418684,30.0,57.0,92.0,1299544645,341180992,0,0,
1789749669.8,0.9724920251190868,30.0,56.0,92.0,1299602472,341180992,57827,0,0.0
1789749671.9,0.9768764215314633,30.0,58.0,92.0,1299602472,341180992,0,0,
1789749674.0,0.9781781509720057,30.0,58.0,92.0,1299656532,341180992,54060,0,0.0
1789749676.0,0.9494828844035648,29.0,59.0,92.0,1299757614,341180992,101082,0,0.0
1789749678.1,0.9641666785872659,29.0,59.0,92.0,1299757614,341180992,0,0,
1789749680.2,0.9407927675340094,29.0,58.0,92.0,1299838912,341180992,81298,0,0.0
1789749682.2,0.9627362066745819,29.0,59.0,92.0,1299838912,341180992,0,0,
1789749684.3,0.9666986138727166,29.0,59.0,92.0,1299838912,341180992,0,0,
1789749686.4,0.9673566309525512,29.0,59.0,92.0,1299838912,341180992,0,0,
1789749688.5,0.9391405724748595,28.0,59.0,92.0,1299838912,341180992,0,0,
1789749690.5,0.90561746320111,27.0,59.0,92.0,1299982765,341180992,143853,0,0.0
1789749692.6,0.9202726479465576,27.0,61.0,92.0,1299982765,341180992,0,0,
1789749694.7,0.9312586722359706,27.0,61.0,92.0,1299982765,341180992,0,0,
1789749696.8,0.9422590012445106,27.0,61.0,92.0,1299982765,341180992,0,0,
1789749698.8,0.9642167451042098,28.0,60.0,92.0,1300036062,341180992,53297,0,0.0
1789749700.9,0.9612485158853906,27.0,60.0,92.0,1300036062,341180992,0,0,
1789749703.0,0.9618493140887179,27.0,60.0,92.0,1300036062,341180992,0,0,
1789749705.1,0.9624572646516085,27.0,60.0,92.0,1300036062,341180992,0,0,
1789749707.1,0.9463358461956599,27.0,59.0,92.0,1300181779,341180992,145717,0,0.0
1789749709.2,0.9646387343184517,27.0,60.0,92.0,1300181779,341180992,0,0,
1789749711.3,0.9792939190638992,27.0,60.0,92.0,1300181779,341180992,0,0,
1789749713.3,0.9902727909937489,27.0,60.0,92.0,1300181779,341180992,0,0,
1789749715.4,0.9970746849385612,27.0,60.0,92.0,1300181779,341180992,0,0,
1789749717.5,0.8866565579984838,27.0,59.0,92.0,1300321614,341180992,139835,0,0.0
1789749719.6,0.9122834623142174,27.0,60.0,92.0,1300321614,341180992,0,0,
1789749721.6,0.9232909436823208,27.0,60.0,92.0,1300321614,341180992,0,0,
1789749723.7,0.9489178479980546,28.0,59.0,92.0,1300398758,341180992,77144,0,0.0
1789749725.8,0.9643097257785344,28.0,59.0,92.0,1300398758,341180992,0,0,
1789749727.8,0.9649963522966226,28.0,59.0,92.0,1300398758,341180992,0,0,
1789749729.9,0.9337262362853506,28.0,59.0,92.0,1300506789,341180992,108031,0,0.0
1789749732.0,0.9520577338463959,28.0,59.0,92.0,1300506789,341180992,0,0,
1789749734.1,0.9666986138727166,28.0,59.0,92.0,1300506789,341180992,0,0,
1789749736.1,0.9904587523423978,29.0,58.0,92.0,1300557860,341180992,51071,0,0.0
1789749738.2,0.991109617062669,29.0,58.0,92.0,1300557860,341180992,0,0,
1789749740.3,0.9780422561403007,29.0,57.0,92.0,1300581145,341180992,23285,0,0.0
1789749742.4,0.9482884403564736,29.0,57.0,92.0,1300651577,341180992,70432,0,0.0
1789749744.4,0.9739224970317708,30.0,57.0,92.0,1300704350,341180992,52773,0,0.0
1789749746.5,0.9731285851202311,29.0,57.0,92.0,1300704350,341180992,0,0,
1789749748.7,0.9737651451213756,29.0,58.0,92.0,1300704350,341180992,0,0,
1789749750.7,0.9687584934269815,29.0,58.0,92.0,1300791922,341181008,87572,16,0.0002
1789749752.8,0.9870685339093367,29.0,58.0,92.0,1300791922,341181008,0,0,
1789749754.9,0.9816899595176449,29.0,58.0,92.0,1300844730,341181008,52808,0,0.0
1789749757.0,0.9910810076244153,29.0,58.0,92.0,1300844730,341181008,0,0,
1789749759.0,0.9772769536670147,28.0,60.0,92.0,1300910960,341181008,66230,0,0.0
1789749761.1,0.9650464188135666,28.0,59.0,92.0,1301010266,341181008,99306,0,0.0
1789749763.2,0.9870256197519561,28.0,60.0,92.0,1301010266,341181008,0,0,
1789749765.3,0.9986267469638234,28.0,60.0,92.0,1301010266,341181008,0,0,
1789749767.3,0.999234697526714,28.0,60.0,92.0,1301010266,341181008,0,0,
1789749769.4,0.9718554651179424,28.0,59.0,92.0,1301092798,341181008,82532,0,0.0
1789749771.5,0.9641666785872659,27.0,59.0,92.0,1301092798,341181008,0,0,
1789749773.6,0.9898007352625631,29.0,58.0,92.0,1301162265,341181008,69467,0,0.0
1789749775.7,0.9998998669661121,29.0,58.0,92.0,1301162265,341181008,0,0,
1789749777.8,0.9705537356774,28.0,59.0,93.0,1301162265,341181008,0,0,
1789749779.8,0.9692233967986038,27.0,59.0,93.0,1301162265,341181008,0,0,
1789749781.9,0.970603802194344,27.0,59.0,93.0,1301238207,341181008,75942,0,0.0
1789749784.0,0.9962450112292045,28.0,58.0,93.0,1301287497,341181008,49290,0,0.0
1789749786.1,0.9980044916818058,28.0,58.0,93.0,1301287497,341181008,0,0,
1789749788.1,0.9986768134807673,28.0,58.0,93.0,1301287497,341181008,0,0,
1789749790.2,0.9993276782010385,28.0,58.0,93.0,1301287497,341181008,0,0,
1789749792.3,0.931094167966012,27.0,58.0,93.0,1301358225,341181008,70728,0,0.0
1789749794.4,0.9530662165448381,28.0,58.0,93.0,1301431405,341181008,73180,0,0.0
1789749796.4,0.9750311127641009,28.0,58.0,93.0,1301431405,341181008,0,0,
1789749798.5,0.900339021843306,27.0,58.0,93.0,1301513569,341181008,82164,0,0.0
1789749800.6,0.9186776717639149,27.0,59.0,93.0,1301513569,341181008,0,0,
1789749802.7,0.9479737365356831,29.0,57.0,93.0,1301669704,341181008,156135,0,0.0
1789749804.7,0.9488177149641667,28.0,57.0,93.0,1301669704,341181008,0,0,
1789749806.8,0.9634585949904874,28.0,57.0,93.0,1301669704,341181008,0,0,
1789749808.9,0.9854306435693135,29.0,57.0,93.0,1301715973,341181008,46269,0,0.0
1789749811.0,0.9704321455648218,29.0,57.0,93.0,1301777399,341181008,61426,0,0.0
1789749813.1,0.9799948503011143,29.0,57.0,93.0,1301777399,341181008,0,0,
1789749815.1,0.9393122291043815,28.0,56.0,93.0,1301853061,341181008,75662,0,0.0
1789749817.2,0.9229762398615303,27.0,59.0,93.0,1301853061,341181008,0,0,
1789749819.3,0.9266382479580013,27.0,59.0,93.0,1301921007,341181008,67946,0,0.0
1789749821.3,0.9523009140715522,28.0,58.0,93.0,1302016011,341181008,95004,0,0.0
1789749823.4,0.9705823451156537,28.0,58.0,93.0,1302016011,341181008,0,0,
1789749825.5,0.9962235541505142,29.0,57.0,93.0,1302067123,341181008,51112,0,0.0
1789749827.6,0.9985552233681891,29.0,57.0,93.0,1302067123,341181008,0,0,
1789749829.7,0.999198935728897,29.0,57.0,93.0,1302067123,341181008,0,0,
1789749831.7,0.9938918849328393,29.0,56.0,93.0,1302119791,341181008,52668,0,0.0
1789749833.8,0.9960805069592459,29.0,57.0,93.0,1302119791,341181008,0,0,
1789749835.9,0.9736292502896705,29.0,56.0,93.0,1302173459,341181008,53668,0,0.0
1789749838.0,0.9518932295764373,29.0,56.0,93.0,1302254599,341181008,81140,0,0.0
1789749840.1,0.951464088002632,28.0,58.0,93.0,1302254599,341181008,0,0,
1789749842.1,0.9307293976282776,28.0,57.0,93.0,1302367104,341181008,112505,0,0.0
1789749844.2,0.9526871414879768,28.0,58.0,93.0,1302367104,341181008,0,0,
1789749846.3,0.9673423262334244,28.0,58.0,93.0,1302367104,341181008,0,0,
1789749848.4,0.9740941536612928,28.0,58.0,93.0,1302367104,341181008,0,0,
1789749850.4,0.953881585535068,27.0,58.0,93.0,1302367104,341181008,0,0,
1789749852.5,0.9684723990444448,27.0,58.0,93.0,1302491917,341181008,124813,0,0.0
1789749854.6,0.9830989743516386,27.0,58.0,93.0,1302491917,341181008,0,0,
1789749856.6,0.9940993033601785,27.0,58.0,93.0,1302491917,341181008,0,0,
1789749858.7,0.9760682049007968,26.0,58.0,93.0,1302491917,341181008,0,0,
1789749860.8,0.9766833078232509,26.0,58.0,93.0,1302491917,341181008,0,0,
1789749862.8,0.9644313158911125,26.0,57.0,93.0,1302561726,341181008,69809,0,0.0
1789749864.9,0.9847511694107887,26.0,57.0,93.0,1302561726,341181008,0,0,
1789749867.0,0.940785615174446,26.0,56.0,93.0,1302602399,341181008,40673,0,0.0
1789749869.1,0.9556553707067962,26.0,56.0,93.0,1302602399,341181008,0,0,
1789749871.1,0.886849671706696,24.0,56.0,93.0,1302602399,341181008,0,0,
1789749873.2,0.916124279399774,25.0,55.0,93.0,1302846314,341181024,243915,16,0.0001
1789749875.3,0.9125695566967542,24.0,55.0,93.0,1302846314,341181024,0,0,
1789749877.4,0.9235484286266039,24.0,55.0,93.0,1302846314,341181024,0,0,
1789749879.4,0.934534452916017,24.0,55.0,93.0,1302846314,341181024,0,0,
1789749881.5,0.9418584691089591,24.0,55.0,93.0,1302846314,341181024,0,0,
1789749883.6,0.9127126038880227,23.0,55.0,93.0,1302846314,341181024,0,0,
1789749885.6,0.9200366200809647,23.0,55.0,93.0,1302846314,341181024,0,0,
1789749887.7,0.9273677886334701,23.0,55.0,93.0,1302846314,341181024,0,0,
1789749889.8,0.9346918048264122,23.0,55.0,93.0,1302846314,341181024,0,0,
1789749891.9,0.9420301257384811,24.0,54.0,93.0,1302905173,341181024,58859,0,0.0
1789749893.9,0.9361008196604059,23.0,54.0,93.0,1302905173,341181024,0,0,
1789749896.0,0.9617348763357032,24.0,53.0,93.0,1302989108,341181024,83935,0,0.0
1789749898.1,0.9800520691776217,24.0,53.0,93.0,1302989108,341181024,0,0,
1789749900.1,0.9769837069249145,24.0,52.0,93.0,1303067310,341181024,78202,0,0.0
1789749902.2,0.9901154390833536,24.0,52.0,93.0,1303067310,341181024,0,0,
1789749904.3,0.9906518660506101,24.0,52.0,93.0,1303067310,341181024,0,0,
1789749906.3,0.9519504484529446,24.0,51.0,93.0,1303159334,341181024,92024,0,0.0
1789749908.4,0.9775916574878052,24.0,51.0,93.0,1303159334,341181024,0,0,
1789749910.5,0.9895861644756605,24.0,51.0,93.0,1303159334,341181024,0,0,
1789749912.5,0.9901154390833536,24.0,51.0,93.0,1303159334,341181024,0,0,
1789749914.6,0.9711187720829102,26.0,48.0,93.0,1303237849,341181024,78515,0,0.0
1789749916.7,0.9285550803209979,25.0,48.0,93.0,1303237849,341181024,0,0,
1789749918.8,0.9578511450927661,26.0,47.0,93.0,1303338829,341181024,100980,0,0.0
1789749920.8,0.9725206345573405,26.0,47.0,93.0,1303338829,341181024,0,0,
1789749922.9,0.963093824652753,27.0,45.0,93.0,1303452573,341181024,113744,0,0.0
1789749925.0,0.9850515685124522,27.0,45.0,93.0,1303452573,341181024,0,0,
1789749927.0,0.9901154390833536,27.0,45.0,93.0,1303452573,341181024,0,0,
1789749929.1,0.9485745347390104,26.0,44.0,93.0,1303597034,341181024,144461,0,0.0
1789749931.2,0.9632082624057676,26.0,44.0,93.0,1303597034,341181024,0,0,
1789749933.2,0.977877751870342,26.0,44.0,93.0,1303597034,341181024,0,0,
1789749935.3,0.9888494714406283,26.0,44.0,93.0,1303597034,341181024,0,0,
1789749937.4,0.9678429914028638,26.0,43.0,93.0,1303674129,341181024,77095,0,0.0
1789749939.5,0.9898078876221266,26.0,43.0,93.0,1303674129,341181024,0,0,
1789749941.5,0.9663338435349822,26.0,42.0,93.0,1303722140,341181024,48011,0,0.0
1789749943.6,0.955126096099103,26.0,41.0,93.0,1303770498,341181024,48358,0,0.0
1789749945.7,0.9844293132304347,27.0,40.0,93.0,1303846593,341181024,76095,0,0.0
1789749947.7,0.9599324817257213,27.0,39.0,93.0,1303914643,341181024,68050,0,0.0
1789749949.8,0.9831132790707654,27.0,39.0,93.0,1303914643,341181024,0,0,
1789749951.9,0.9836854678358391,27.0,39.0,93.0,1303914643,341181024,0,0,
1789749953.9,0.9268742758235942,27.0,38.0,93.0,1303966119,341181024,51476,0,0.0
1789749956.0,0.956163188235799,29.0,36.0,93.0,1304087589,341181024,121470,0,0.0
1789749958.1,0.9818043972706596,29.0,36.0,93.0,1304087589,341181024,0,0,
1789749960.1,0.9964452772969803,29.0,36.0,93.0,1304087589,341181024,0,0,
1789749962.2,0.9976540260631982,29.0,36.0,93.0,1304087589,341181024,0,0,
1789749964.3,0.9632869383609652,28.0,35.0,93.0,1304176154,341181024,88565,0,0.0
1789749966.3,0.9889066903171356,28.0,35.0,93.0,1304176154,341181024,0,0,
1789749968.4,0.9994421159540532,28.0,35.0,93.0,1304176154,341181024,0,0,
1789749970.5,0.9662837770180382,27.0,35.0,93.0,1304176154,341181024,0,0,
1789749972.6,0.0,0.0,0.0,93.0,1304261152,341181024,84998,0,0.0
1789749974.6,0.0,0.0,0.0,93.0,1304261152,341181024,0,0,
1789749976.7,0.0,0.0,0.0,93.0,1304261152,341181024,0,0,
1789749978.8,0.0,0.0,0.0,93.0,1304261152,341181024,0,0,
1789749980.9,0.0,0.0,0.0,93.0,1304261152,341181024,0,0,
1789749982.9,0.0,0.0,0.0,93.0,1304261152,341181024,0,0,
1789749985.0,0.0,0.0,0.0,93.0,1304261152,341181024,0,0,
1789749987.1,0.0,0.0,0.0,93.0,1304261152,341181024,0,0,
1789749989.1,0.0,0.0,0.0,93.0,1304261152,341181024,0,0,
1789749991.2,0.0,0.0,0.0,93.0,1304261152,341181024,0,0,
1789749993.3,0.0,0.0,0.0,93.0,1304261152,341181024,0,0,
1789749995.3,0.0,0.0,0.0,93.0,1304261152,341181024,0,0,
1789749997.4,0.0,0.0,0.0,93.0,1304261152,341181024,0,0,
1789749999.4,0.0,0.0,0.0,93.0,1304261152,341181024,0,0,
1789750001.5,0.0,0.0,0.0,93.0,1304261152,341181024,0,0,
1789750003.6,0.0,0.0,0.0,93.0,1304261152,341181024,0,0,
1789750005.6,0.0,0.0,0.0,93.0,1304261152,341181024,0,0,
1789750007.7,0.0,0.0,0.0,93.0,1304261152,341181024,0,0,
1789750009.8,0.0,0.0,0.0,93.0,1304261152,341181024,0,0,
1789750011.9,0.0,0.0,0.0,93.0,1304261152,341181024,0,0,
1789750013.9,0.0,0.0,0.0,93.0,1304261152,341181024,0,0,
1789750016.0,0.0,0.0,0.0,93.0,1304261152,341181024,0,0,
1789750018.1,0.0,0.0,0.0,93.0,1304261152,341181024,0,0,
1789750020.1,0.0,0.0,0.0,93.0,1304261152,341181024,0,0,
1789750022.2,0.0,0.0,0.0,93.0,1304261152,341181024,0,0,
1789750024.3,0.0,0.0,0.0,93.0,1304261152,341181024,0,0,
1789750026.3,0.0,0.0,0.0,93.0,1304261152,341181024,0,0,
1789750028.4,0.0,0.0,0.0,93.0,1304261152,341181024,0,0,
1789750030.5,0.0,0.0,0.0,93.0,1304261152,341181024,0,0,
1789750032.5,0.0,0.0,0.0,93.0,1304261152,341181024,0,0,
1789750034.6,0.0,0.0,0.0,93.0,1304261152,341181024,0,0,
1789750036.7,0.0,0.0,0.0,93.0,1304261152,341181024,0,0,
1789750038.7,0.0,0.0,0.0,93.0,1304261152,341181024,0,0,
1789750040.8,0.0,0.0,0.0,93.0,1304261152,341181024,0,0,
1789750042.9,0.0,0.0,0.0,93.0,1304261152,341181024,0,0,
1789750045.0,0.0,0.0,0.0,93.0,1304261152,341181024,0,0,
1789750047.0,0.0,0.0,0.0,93.0,1304261152,341181024,0,0,
1789750049.1,0.0,0.0,0.0,93.0,1304261152,341181024,0,0,
1789750051.2,0.0,0.0,0.0,93.0,1304261152,341181024,0,0,
1789750053.2,0.0,0.0,0.0,93.0,1304261152,341181024,0,0,
1789750055.3,0.0,0.0,0.0,93.0,1304261152,341181024,0,0,
1789750057.3,0.0,0.0,0.0,93.0,1304261152,341181024,0,0,
1789750059.4,0.0,0.0,0.0,93.0,1304261152,341181024,0,0,
1789750061.5,0.0,0.0,0.0,93.0,1304261152,341181024,0,0,
1789750063.5,0.0,0.0,0.0,93.0,1304261152,341181024,0,0,
1789750065.6,0.0,0.0,0.0,93.0,1304261152,341181024,0,0,
1789750067.7,0.0,0.0,0.0,93.0,1304261152,341181024,0,0,
1789750069.7,0.0,0.0,0.0,93.0,1304261152,341181024,0,0,
1789750071.8,0.0,0.0,0.0,93.0,1304261152,341181024,0,0,
1789750073.9,0.0,0.0,0.0,93.0,1304261152,341181024,0,0,
1789750075.9,0.0,0.0,0.0,93.0,1304261152,341181024,0,0,
1789750078.0,0.0,0.0,0.0,93.0,1304261152,341181024,0,0,
1789750080.1,0.0,0.0,0.0,93.0,1304261152,341181024,0,0,
1789750082.1,0.0,0.0,0.0,93.0,1304261152,341181024,0,0,
1789750084.2,0.0,0.0,0.0,93.0,1304261152,341181024,0,0,
1789750086.3,0.0,0.0,0.0,93.0,1304261152,341181024,0,0,
1789750088.3,0.0,0.0,0.0,93.0,1304261152,341181024,0,0,
1789750090.4,0.0,0.0,0.0,93.0,1304261152,341181024,0,0,
1789750092.5,0.0,0.0,0.0,93.0,1304261152,341181024,0,0,
1789750094.5,0.0,0.0,0.0,93.0,1304261152,341181024,0,0,
1789750096.6,0.0,0.0,0.0,93.0,1304261152,341181024,0,0,
1789750098.7,0.0,0.0,0.0,93.0,1304261152,341181024,0,0,
1789750100.7,0.0,0.0,0.0,93.0,1304261152,341181024,0,0,
1789750102.8,0.0,0.0,0.0,93.0,1304261152,341181024,0,0,
1789750104.9,0.0,0.0,0.0,93.0,1304261152,341181024,0,0,
1789750106.9,0.0,0.0,0.0,93.0,1304261152,341181024,0,0,
1789750109.0,0.0,0.0,0.0,93.0,1304261152,341181024,0,0,
1789750111.1,0.0,0.0,0.0,93.0,1304261152,341181024,0,0,
1789750113.1,0.0,0.0,0.0,93.0,1304261152,341181024,0,0,
1789750115.2,0.0,0.0,0.0,93.0,1304261152,341181024,0,0,
1789750117.3,0.0,0.0,0.0,93.0,1304261152,341181024,0,0,
1789750119.3,0.0,0.0,0.0,93.0,1304261152,341181024,0,0,
1789750121.4,0.0,0.0,0.0,93.0,1304261152,341181024,0,0,
1789750123.5,0.0,0.0,0.0,93.0,1304261152,341181024,0,0,
1789750125.5,0.0,0.0,0.0,93.0,1304261152,341181024,0,0,
1789750127.6,0.0,0.0,0.0,93.0,1304261152,341181024,0,0,
1789750129.7,0.0,0.0,0.0,93.0,1304261152,341181024,0,0,
1789750131.7,0.0,0.0,0.0,93.0,1304261152,341181024,0,0,
1789750133.8,0.0,0.0,0.0,93.0,1304261152,341181024,0,0,
1789750135.9,0.0,0.0,0.0,93.0,1304261152,341181024,0,0,
1789750137.9,0.0,0.0,0.0,93.0,1304261152,341181024,0,0,
1789750140.0,0.0,0.0,0.0,93.0,1304261152,341181024,0,0,
1789750142.1,0.0,0.0,0.0,93.0,1304261152,341181024,0,0,
1789750144.1,0.0,0.0,0.0,93.0,1304261152,341181024,0,0,
1789750146.2,0.0,0.0,0.0,93.0,1304261152,341181024,0,0,
1789750148.3,0.0,0.0,0.0,93.0,1304261152,341181024,0,0,
1789750150.3,0.0,0.0,0.0,93.0,1304261152,341181024,0,0,
1789750152.4,0.0,0.0,0.0,93.0,1304261152,341181024,0,0,
1789750154.5,0.0,0.0,0.0,93.0,1304261152,341181024,0,0,
1789750156.5,0.0,0.0,0.0,93.0,1304261152,341181024,0,0,
1789750158.6,0.0,0.0,0.0,93.0,1304261152,341181024,0,0,
1789750160.7,0.0,0.0,0.0,93.0,1304261152,341181024,0,0,
1789750162.7,0.0,0.0,0.0,93.0,1304261152,341181024,0,0,
1789750164.8,0.0,0.0,0.0,93.0,1304261152,341181024,0,0,
1789750166.9,0.0,0.0,0.0,93.0,1304261152,341181024,0,0,
1789750168.9,0.0,0.0,0.0,93.0,1304261152,341181024,0,0,
1789750171.0,0.0,0.0,0.0,93.0,1304261152,341181024,0,0,
1789750173.1,0.0,0.0,0.0,93.0,1304261152,341181024,0,0,
1789750175.1,0.0,0.0,0.0,93.0,1304261152,341181024,0,0,
1789750177.2,0.0,0.0,0.0,93.0,1304261152,341181024,0,0,
1789750179.3,0.0,0.0,0.0,93.0,1304261152,341181024,0,0,
1789750181.3,0.0,0.0,0.0,93.0,1304261152,341181024,0,0,
1789750183.4,0.0,0.0,0.0,93.0,1304261152,341181024,0,0,
1789750185.5,0.0,0.0,0.0,93.0,1304261152,341181024,0,0,
1789750187.5,0.0,0.0,0.0,93.0,1304261152,341181024,0,0,
1789750189.6,0.0,0.0,0.0,93.0,1304261152,341181024,0,0,
1789750191.7,0.0,0.0,0.0,93.0,1304261152,341181024,0,0,
1789750193.7,0.0,0.0,0.0,93.0,1304261152,341181024,0,0,
1789750195.8,0.0,0.0,0.0,93.0,1304261152,341181024,0,0,
1789750197.9,0.0,0.0,0.0,93.0,1304261152,341181024,0,0,
1789750200.0,0.0,0.0,0.0,93.0,1304261152,341181024,0,0,
1789750202.0,0.0,0.0,0.0,93.0,1304261152,341181024,0,0,
1789750204.1,0.0,0.0,0.0,93.0,1304261152,341181024,0,0,
1789750206.2,0.0,0.0,0.0,93.0,1304261152,341181024,0,0,
1789750208.2,0.0,0.0,0.0,93.0,1304261152,341181024,0,0,
1789750210.3,0.0,0.0,0.0,93.0,1304261152,341181024,0,0,
1789750212.4,0.0,0.0,0.0,93.0,1304261152,341181024,0,0,
1789750214.4,0.0,0.0,0.0,93.0,1304261152,341181024,0,0,
1789750216.5,0.0,0.0,0.0,93.0,1304261152,341181024,0,0,
1789750218.6,0.0,0.0,0.0,93.0,1304261152,341181024,0,0,
1789750220.6,0.0,0.0,0.0,93.0,1304261152,341181024,0,0,
1789750222.7,0.0,0.0,0.0,93.0,1304261152,341181024,0,0,
1789750224.8,0.0,0.0,0.0,93.0,1304261152,341181024,0,0,
1789750226.8,0.0,0.0,0.0,93.0,1304261152,341181024,0,0,
1789750228.9,0.0,0.0,0.0,93.0,1304261152,341181024,0,0,
1789750230.9,0.0,0.0,0.0,93.0,1304261152,341181024,0,0,
1789750233.0,0.0,0.0,0.0,93.0,1304261152,341181024,0,0,
1789750235.1,0.0,0.0,0.0,93.0,1304261152,341181024,0,0,
1789750237.2,0.0,0.0,0.0,93.0,1304261152,341181024,0,0,
1789750239.2,0.0,0.0,0.0,93.0,1304261152,341181024,0,0,
1789750241.3,0.0,0.0,0.0,93.0,1304261152,341181024,0,0,
1789750243.4,0.0,0.0,0.0,93.0,1304261152,341181024,0,0,
1789750245.4,0.0,0.0,0.0,93.0,1304261152,341181024,0,0,
1789750247.5,0.0,0.0,0.0,93.0,1304261152,341181024,0,0,
1789750247.5,0.0,0.0,0.0,93.0,1304261152,341181024,0,0,
