ts,kv_cache_usage_perc,num_requests_running,num_requests_waiting,num_preemptions_total,cum_prefix_cache_queries,cum_prefix_cache_hits,interval_queries,interval_hits,interval_hit_rate
1789958037.0,0.0,0.0,0.0,109.0,3115157667,1611419056,0,0,
1789958039.1,0.0,0.0,0.0,109.0,3115157667,1611419056,0,0,
1789958041.2,0.0,0.0,0.0,109.0,3115157667,1611419056,0,0,
1789958043.2,0.0,0.0,0.0,109.0,3115157667,1611419056,0,0,
1789958045.3,0.0,0.0,0.0,109.0,3115157667,1611419056,0,0,
1789958047.4,0.0,0.0,0.0,109.0,3115157667,1611419056,0,0,
1789958049.4,0.0,0.0,0.0,109.0,3115157667,1611419056,0,0,
1789958051.5,0.0,0.0,0.0,109.0,3115157667,1611419056,0,0,
1789958053.6,0.0,0.0,0.0,109.0,3115157667,1611419056,0,0,
1789958055.6,0.0,0.0,0.0,109.0,3115157667,1611419056,0,0,
1789958057.7,0.0,0.0,0.0,109.0,3115157667,1611419056,0,0,
1789958059.8,0.0,0.0,0.0,109.0,3115157667,1611419056,0,0,
1789958061.8,0.0,0.0,0.0,109.0,3115157667,1611419056,0,0,
1789958063.9,0.0,0.0,0.0,109.0,3115157667,1611419056,0,0,
1789958066.0,0.0,0.0,0.0,109.0,3115157667,1611419056,0,0,
1789958068.0,0.0,0.0,0.0,109.0,3115157667,1611419056,0,0,
1789958070.1,0.0,0.0,0.0,109.0,3115157667,1611419056,0,0,
1789958072.2,0.0,0.0,0.0,109.0,3115157667,1611419056,0,0,
1789958074.2,0.0,0.0,0.0,109.0,3115157667,1611419056,0,0,
1789958076.3,0.0,0.0,0.0,109.0,3115157667,1611419056,0,0,
1789958078.4,0.0,0.0,0.0,109.0,3115157667,1611419056,0,0,
1789958080.4,0.0,0.0,0.0,109.0,3115157667,1611419056,0,0,
1789958082.5,0.0,0.0,0.0,109.0,3115157667,1611419056,0,0,
1789958084.6,0.0,0.0,0.0,109.0,3115157667,1611419056,0,0,
1789958086.6,0.0,0.0,0.0,109.0,3115157667,1611419056,0,0,
1789958088.7,0.0,0.0,0.0,109.0,3115157667,1611419056,0,0,
1789958090.8,0.0,0.0,0.0,109.0,3115157667,1611419056,0,0,
1789958092.9,0.0,0.0,0.0,109.0,3115157667,1611419056,0,0,
1789958095.0,0.0,0.0,0.0,109.0,3115157667,1611419056,0,0,
1789958097.0,0.0,0.0,0.0,109.0,3115157667,1611419056,0,0,
1789958099.1,0.0,0.0,0.0,109.0,3115157667,1611419056,0,0,
1789958101.2,0.0,0.0,0.0,109.0,3115157667,1611419056,0,0,
1789958103.3,0.0,0.0,0.0,109.0,3115157667,1611419056,0,0,
1789958105.3,0.0,0.0,0.0,109.0,3115157667,1611419056,0,0,
1789958107.4,0.0,0.0,0.0,109.0,3115157667,1611419056,0,0,
1789958109.5,0.0,0.0,0.0,109.0,3115157667,1611419056,0,0,
1789958111.6,0.0,0.0,0.0,109.0,3115157667,1611419056,0,0,
1789958113.6,0.0,0.0,0.0,109.0,3115157667,1611419056,0,0,
1789958115.7,0.0,0.0,0.0,109.0,3115157667,1611419056,0,0,
1789958117.8,0.0,0.0,0.0,109.0,3115157667,1611419056,0,0,
1789958119.9,0.0,0.0,0.0,109.0,3115157667,1611419056,0,0,
1789958122.0,0.0,0.0,0.0,109.0,3115157667,1611419056,0,0,
1789958124.1,0.0,0.0,0.0,109.0,3115157667,1611419056,0,0,
1789958126.1,0.0,0.0,0.0,109.0,3115157667,1611419056,0,0,
1789958128.2,0.0,0.0,0.0,109.0,3115157667,1611419056,0,0,
1789958130.3,0.0,0.0,0.0,109.0,3115157667,1611419056,0,0,
1789958132.3,0.0,0.0,0.0,109.0,3115157667,1611419056,0,0,
1789958134.4,0.0,0.0,0.0,109.0,3115157667,1611419056,0,0,
1789958136.5,0.0,0.0,0.0,109.0,3115157667,1611419056,0,0,
1789958138.6,0.0,0.0,0.0,109.0,3115157667,1611419056,0,0,
1789958140.7,0.0,0.0,0.0,109.0,3115157667,1611419056,0,0,
1789958142.8,0.0,0.0,0.0,109.0,3115157667,1611419056,0,0,
1789958144.8,0.0,0.0,0.0,109.0,3115157667,1611419056,0,0,
1789958146.9,0.0,0.0,0.0,109.0,3115157667,1611419056,0,0,
1789958149.0,0.0,0.0,0.0,109.0,3115157667,1611419056,0,0,
1789958151.1,0.0,0.0,0.0,109.0,3115157667,1611419056,0,0,
1789958153.2,0.0,0.0,0.0,109.0,3115157667,1611419056,0,0,
1789958155.2,0.0,0.0,0.0,109.0,3115157667,1611419056,0,0,
1789958157.3,0.0,0.0,0.0,109.0,3115157667,1611419056,0,0,
1789958159.4,0.0,0.0,0.0,109.0,3115157667,1611419056,0,0,
1789958161.4,0.0,0.0,0.0,109.0,3115157667,1611419056,0,0,
1789958163.5,0.0,0.0,0.0,109.0,3115157667,1611419056,0,0,
1789958165.6,0.0,0.0,0.0,109.0,3115157667,1611419056,0,0,
1789958167.7,0.0,0.0,0.0,109.0,3115157667,1611419056,0,0,
1789958169.7,0.0,0.0,0.0,109.0,3115157667,1611419056,0,0,
1789958171.8,0.0,0.0,0.0,109.0,3115157667,1611419056,0,0,
1789958173.9,0.0,0.0,0.0,109.0,3115157667,1611419056,0,0,
1789958176.0,0.0,0.0,0.0,109.0,3115157667,1611419056,0,0,
1789958178.1,0.0,0.0,0.0,109.0,3115157667,1611419056,0,0,
1789958180.2,0.0,0.0,0.0,109.0,3115157667,1611419056,0,0,
1789958182.3,0.0,0.0,0.0,109.0,3115157667,1611419056,0,0,
1789958184.4,0.0,0.0,0.0,109.0,3115157667,1611419056,0,0,
1789958186.4,0.0,0.0,0.0,109.0,3115157667,1611419056,0,0,
1789958188.5,0.0,0.0,0.0,109.0,3115157667,1611419056,0,0,
1789958190.6,0.0,0.0,0.0,109.0,3115157667,1611419056,0,0,
1789958192.7,0.0,0.0,0.0,109.0,3115157667,1611419056,0,0,
1789958194.8,0.0,0.0,0.0,109.0,3115157667,1611419056,0,0,
1789958196.8,0.0,0.0,0.0,109.0,3115157667,1611419056,0,0,
1789958198.9,0.0,0.0,0.0,109.0,3115157667,1611419056,0,0,
1789958201.0,0.0,0.0,0.0,109.0,3115157667,1611419056,0,0,
1789958203.1,0.0,0.0,0.0,109.0,3115157667,1611419056,0,0,
1789958205.2,0.0,0.0,0.0,109.0,3115157667,1611419056,0,0,
1789958207.2,0.0,0.0,0.0,109.0,3115157667,1611419056,0,0,
1789958209.3,0.0,0.0,0.0,109.0,3115157667,1611419056,0,0,
1789958211.3,0.01464803238588408,1.0,0.0,109.0,3115216073,1611419056,58406,0,0.0
1789958214.1,0.05493727380662883,3.0,1.0,109.0,3115293645,1611419056,77572,0,0.0
1789958217.7,0.10028323343871148,4.0,2.0,109.0,3115389589,1611419056,95944,0,0.0
1789958222.4,0.18366544122906148,10.0,1.0,109.0,3115583505,1611419056,193916,0,0.0
1789958227.8,0.2640293532836483,13.0,12.0,109.0,3115770114,1611419072,186609,16,0.0001
1789958233.0,0.3488134235484286,22.0,9.0,109.0,3115985286,1611419072,215172,0,0.0
1789958239.1,0.411918691976483,21.0,12.0,109.0,3116180731,1611419072,195445,0,0.0
1789958244.9,0.5183458022801722,29.0,5.0,109.0,3116436792,1611419456,256061,384,0.0015
1789958249.7,0.591385698141817,31.0,3.0,109.0,3116600707,1611419456,163915,0,0.0
1789958254.6,0.671377687499106,34.0,0.0,109.0,3116749807,1611496560,149100,77104,0.5171
1789958259.5,0.566810190681906,30.0,0.0,109.0,3116947715,1611658496,197908,161936,0.8182
1789958265.1,0.574355930021314,31.0,0.0,109.0,3117466172,1612089936,518457,431440,0.8322
1789958270.6,0.6173702204357218,33.0,0.0,109.0,3117861493,1612441184,395321,351248,0.8885
1789958276.0,0.5741342068748481,30.0,0.0,109.0,3118223346,1612725264,361853,284080,0.7851
1789958281.2,0.5961348648919278,30.0,0.0,109.0,3118549276,1613026096,325930,300832,0.923
1789958286.2,0.6059407498533766,31.0,0.0,109.0,3118956806,1613349200,407530,323104,0.7928
1789958291.0,0.5937817385955626,30.0,0.0,109.0,3119360925,1613735920,404119,386720,0.9569
1789958296.0,0.5661378688829445,30.0,0.0,109.0,3119646432,1614007936,285507,272016,0.9527
1789958301.1,0.6128213197533867,31.0,2.0,109.0,3120050668,1614333248,404236,325312,0.8048
1789958306.2,0.592372723761569,30.0,0.0,109.0,3120453051,1614724240,402383,390992,0.9717
1789958311.2,0.5534352782983106,28.0,0.0,109.0,3121050976,1615303472,597925,579232,0.9687
1789958316.2,0.5135751784513711,26.0,0.0,109.0,3121343148,1615587856,292172,284384,0.9733
1789958321.2,0.6181498276281345,30.0,0.0,109.0,3121983443,1616186512,640295,598656,0.935
1789958326.2,0.6558999814038651,31.0,0.0,109.0,3122365763,1616561264,382320,374752,0.9802
1789958331.4,0.6651837441171843,31.0,0.0,109.0,3122608455,1616787360,242692,226096,0.9316
1789958336.4,0.648540203413106,31.0,0.0,109.0,3123137379,1617285648,528924,498288,0.9421
1789958341.6,0.6924199293346875,33.0,0.0,109.0,3123410766,1617555264,273387,269616,0.9862
1789958346.6,0.6365814582230678,30.0,0.0,109.0,3123650513,1617747184,239747,191920,0.8005
1789958351.6,0.5391520162501608,25.0,0.0,109.0,3124019950,1618097008,369437,349824,0.9469
1789958356.5,0.6453287939691303,29.0,0.0,109.0,3124545904,1618594320,525954,497312,0.9455
1789958361.6,0.6783297809947502,31.0,0.0,109.0,3124912767,1618877632,366863,283312,0.7723
1789958366.7,0.6818988084168967,31.0,0.0,109.0,3125337912,1619295920,425145,418288,0.9839
1789958371.9,0.6515227373510522,29.0,0.0,109.0,3125682857,1619629776,344945,333856,0.9679
1789958377.0,0.6848026663996453,30.0,2.0,109.0,3126057354,1619931296,374497,301520,0.8051
1789958381.9,0.712353555437939,30.0,0.0,109.0,3126371260,1620220912,313906,289616,0.9226
1789958387.0,0.784921395568398,33.0,0.0,109.0,3126657116,1620465392,285856,244480,0.8553
1789958392.0,0.7472999842648089,31.0,0.0,109.0,3126922697,1620687760,265581,222368,0.8373
1789958397.0,0.8332928032958073,35.0,0.0,109.0,3127252540,1620927904,329843,240144,0.7281
1789958402.2,0.7542020112435093,32.0,0.0,109.0,3127545469,1621208512,292929,280608,0.9579
1789958407.6,0.7090491653196389,31.0,0.0,109.0,3128208066,1621857584,662597,649072,0.9796
1789958412.7,0.8155477992189624,33.0,0.0,109.0,3128816226,1622378848,608160,521264,0.8571
1789958417.7,0.8788390289956657,36.0,0.0,109.0,3129123244,1622637248,307018,258400,0.8416
1789958423.2,0.9547041068848613,38.0,0.0,109.0,3129748697,1623243664,625453,606416,0.9696
1789958428.5,0.9331611998798404,36.0,0.0,109.0,3130213437,1623702272,464740,458608,0.9868
1789958433.5,0.9808173716509077,37.0,1.0,109.0,3130322821,1623702272,109384,0,0.0
1789958438.7,0.9527443603644843,36.0,1.0,109.0,3130547549,1623809360,224728,107088,0.4765
1789958443.4,0.8863919206946371,33.0,0.0,109.0,3130773158,1624032064,225609,222704,0.9871
1789958448.4,0.9150442731056976,34.0,0.0,109.0,3131145831,1624378992,372673,346928,0.9309
1789958453.3,0.9377172529217389,35.0,0.0,109.0,3131442551,1624664544,296720,285552,0.9624
1789958458.2,0.8508518460240033,33.0,0.0,109.0,3131894090,1625015232,451539,350688,0.7767
1789958462.9,0.9373167207861873,35.0,0.0,109.0,3132056505,1625174640,162415,159408,0.9815
1789958467.7,0.9004248501580672,34.0,0.0,109.0,3132503206,1625588272,446701,413632,0.926
1789958472.6,0.8231293003561875,30.0,0.0,109.0,3132669533,1625668192,166327,79920,0.4805
1789958477.5,0.9592100934098159,35.0,0.0,109.0,3132974331,1625910656,304798,242464,0.7955
1789958482.5,0.9133134020913499,35.0,1.0,109.0,3133104928,1625956992,130597,46336,0.3548
1789958487.2,0.8353598352096356,32.0,1.0,109.0,3133385015,1626004384,280087,47392,0.1692
1789958492.2,0.8719656114552191,32.0,1.0,109.0,3133385015,1626004384,0,0,
1789958496.9,0.8425837183686898,30.0,2.0,109.0,3133385015,1626004384,0,0,
1789958501.7,0.9241277697512409,33.0,0.0,109.0,3133567673,1626080240,182658,75856,0.4153
1789958506.5,0.8966698613872717,33.0,0.0,109.0,3133723073,1626080240,155400,0,0.0
1789958511.3,0.8949246856537972,32.0,1.0,109.0,3133826454,1626080240,103381,0,0.0
1789958516.1,0.9163674596249303,31.0,0.0,109.0,3133890078,1626141984,63624,61744,0.9705
1789958520.9,0.8798546640536713,30.0,1.0,109.0,3134079176,1626231952,189098,89968,0.4758
1789958525.7,0.9126410802923884,31.0,0.0,109.0,3134321097,1626321600,241921,89648,0.3706
1789958530.7,0.9588095612742644,32.0,0.0,109.0,3134411030,1626321600,89933,0,0.0
1789958535.8,0.9869111819989415,33.0,0.0,109.0,3134534907,1626385360,123877,63760,0.5147
1789958541.0,0.9216387486231707,31.0,1.0,109.0,3134684442,1626471728,149535,86368,0.5776
1789958545.8,0.9503340151916118,32.0,0.0,109.0,3134796358,1626471728,111916,0,0.0
1789958550.6,0.8918491710415266,31.0,0.0,109.0,3134968888,1626598368,172530,126640,0.734
1789958555.4,0.884260517544738,31.0,0.0,109.0,3135121413,1626704976,152525,106608,0.699
1789958560.3,0.9033573175790693,31.0,0.0,109.0,3135206920,1626704992,85507,16,0.0002
1789958565.1,0.9126625373710787,32.0,0.0,109.0,3135386148,1626770720,179228,65728,0.3667
1789958569.9,0.896777146780723,31.0,0.0,109.0,3135589634,1626916496,203486,145776,0.7164
1789958574.8,0.8141316320254052,29.0,2.0,109.0,3135791194,1626984848,201560,68352,0.3391
1789958579.7,0.8654068977355629,30.0,2.0,109.0,3135881523,1626984848,90329,0,0.0
1789958584.4,0.914028638047692,30.0,2.0,109.0,3136148352,1627141776,266829,156928,0.5881
1789958589.4,0.9579870399244711,31.0,1.0,109.0,3136243477,1627141776,95125,0,0.0
1789958594.2,0.9437538443932654,30.0,0.0,109.0,3136292255,1627141776,48778,0,0.0
1789958599.0,0.979615775244253,31.0,0.0,109.0,3136460862,1627294704,168607,152928,0.907
1789958603.9,0.9613558012788419,30.0,0.0,109.0,3136640232,1627421952,179370,127248,0.7094
1789958608.6,0.9850086543550718,31.0,0.0,109.0,3136802353,1627471056,162121,49104,0.3029
1789958613.4,0.8607364069406497,27.0,2.0,109.0,3136902146,1627471056,99793,0,0.0
1789958618.2,0.9083568169138999,28.0,2.0,109.0,3136975825,1627471056,73679,0,0.0
1789958623.0,0.9559700745275866,29.0,1.0,109.0,3137077040,1627471072,101215,16,0.0002
1789958627.8,0.9519790578911983,29.0,0.0,109.0,3137200708,1627516224,123668,45152,0.3651
1789958632.6,0.9567854435178165,30.0,0.0,109.0,3137331579,1627516224,130871,0,0.0
1789958637.3,0.9032500321856181,28.0,0.0,109.0,3137412836,1627516224,81257,0,0.0
1789958642.2,0.9658474830846696,30.0,0.0,109.0,3137551911,1627561792,139075,45568,0.3277
1789958647.0,0.9140930092837627,30.0,2.0,109.0,3137684092,1627561792,132181,0,0.0
1789958651.9,0.9385111648332785,31.0,0.0,109.0,3137855442,1627678224,171350,116432,0.6795
1789958656.7,0.8876721930564894,30.0,1.0,109.0,3138237039,1627940928,381597,262704,0.6884
1789958661.6,0.8970203270058792,30.0,1.0,109.0,3138290227,1627940928,53188,0,0.0
1789958666.7,0.9332327234754746,30.0,0.0,109.0,3138512593,1628161088,222366,220160,0.9901
1789958671.5,0.912362138269415,29.0,1.0,109.0,3138706805,1628236752,194212,75664,0.3896
1789958676.4,0.8967127755446522,28.0,0.0,109.0,3138803182,1628330144,96377,93392,0.969
1789958681.3,0.9633656143161629,30.0,1.0,109.0,3139072818,1628454752,269636,124608,0.4621
1789958686.2,0.9707683064643026,30.0,0.0,109.0,3139153896,1628454768,81078,16,0.0002
1789958691.1,0.9047377229748094,28.0,1.0,109.0,3139272060,1628454768,118164,0,0.0
1789958695.9,0.9450269643955541,29.0,1.0,109.0,3139327417,1628454768,55357,0,0.0
1789958700.7,0.9885061581815842,30.0,0.0,109.0,3139405282,1628454768,77865,0,0.0
1789958705.5,0.9655542363425694,30.0,0.0,109.0,3139521379,1628454768,116097,0,0.0
1789958710.2,0.9802451828858341,30.0,0.0,109.0,3139596725,1628454768,75346,0,0.0
1789958715.1,0.9932410202125681,31.0,0.0,109.0,3139726076,1628454784,129351,16,0.0001
1789958719.9,0.9004105454389403,28.0,2.0,109.0,3139827691,1628454800,101615,16,0.0002
1789958724.7,0.9661693392650236,31.0,0.0,109.0,3140063149,1628618320,235458,163520,0.6945
1789958729.7,0.938332355844193,30.0,0.0,109.0,3140234170,1628715552,171021,97232,0.5685
1789958734.4,0.9688300170226157,31.0,0.0,109.0,3140402395,1628767616,168225,52064,0.3095
1789958739.2,0.9397699801164404,30.0,0.0,109.0,3140471022,1628835904,68627,68288,0.9951
1789958744.0,0.9432817886620797,31.0,1.0,109.0,3140685935,1628914224,214913,78320,0.3644
1789958748.7,0.9035933454446622,30.0,2.0,109.0,3140857933,1628982960,171998,68736,0.3996
1789958753.6,0.9511994506987855,31.0,2.0,109.0,3140955015,1628982960,97082,0,0.0
1789958758.4,0.9835567253636975,32.0,0.0,109.0,3141101219,1629038448,146204,55488,0.3795
1789958763.1,0.982748508733031,32.0,0.0,109.0,3141224309,1629038448,123090,0,0.0
1789958768.0,0.9112678272562118,31.0,0.0,109.0,3141350495,1629090448,126186,52000,0.4121
1789958772.8,0.9300570758293161,32.0,0.0,109.0,3141487706,1629090448,137211,0,0.0
1789958777.6,0.8723732959503341,30.0,0.0,109.0,3141695772,1629187664,208066,97216,0.4672
1789958782.4,0.8981003332999556,30.0,1.0,109.0,3141805170,1629187664,109398,0,0.0
1789958787.2,0.9420515828171714,30.0,1.0,109.0,3141805170,1629187664,0,0,
1789958792.2,0.9434534452916017,31.0,0.0,109.0,3141879174,1629187664,74004,0,0.0
1789958797.0,0.9376314246069778,30.0,0.0,109.0,3142058983,1629265328,179809,77664,0.4319
1789958801.8,0.9214384825553951,30.0,0.0,109.0,3142211915,1629417648,152932,152320,0.996
1789958806.6,0.9282117670619537,30.0,0.0,109.0,3142367637,1629480528,155722,62880,0.4038
1789958811.4,0.9233910767162087,29.0,1.0,109.0,3142466177,1629480528,98540,0,0.0
1789958816.3,0.9431816556281918,30.0,0.0,109.0,3142579060,1629480528,112883,0,0.0
1789958821.0,0.8903471755332084,28.0,0.0,109.0,3142653423,1629551568,74363,71040,0.9553
1789958825.9,0.9433533122577138,31.0,0.0,109.0,3142822941,1629650224,169518,98656,0.582
1789958830.7,0.9598466534109603,31.0,0.0,109.0,3142996580,1629769584,173639,119360,0.6874
1789958835.4,0.8787174388830875,28.0,3.0,109.0,3143250856,1629947072,254276,177488,0.698
1789958840.2,0.8715722316792309,28.0,0.0,109.0,3143510125,1630140688,259269,193616,0.7468
1789958845.2,0.88470396383767,29.0,2.0,109.0,3143659175,1630162480,149050,21792,0.1462
1789958850.0,0.9649391334201153,30.0,0.0,109.0,3143936694,1630409536,277519,247056,0.8902
1789958854.8,0.9347132619051025,29.0,0.0,109.0,3144078215,1630484032,141521,74496,0.5264
1789958859.6,0.8945527629564993,28.0,1.0,109.0,3144200091,1630484032,121876,0,0.0
1789958864.4,0.9421517158510593,29.0,0.0,109.0,3144289244,1630484032,89153,0,0.0
1789958869.2,0.9514068691261247,29.0,0.0,109.0,3144357076,1630484032,67832,0,0.0
1789958874.0,0.9418012502324516,30.0,0.0,109.0,3144510848,1630484032,153772,0,0.0
1789958878.8,0.9035647360064085,29.0,0.0,109.0,3144813093,1630600288,302245,116256,0.3846
1789958883.8,0.9511708412605319,29.0,1.0,109.0,3144813093,1630600288,0,0,
1789958888.5,0.9930049923469753,30.0,0.0,109.0,3144899139,1630600288,86046,0,0.0
1789958893.2,0.9012616762269873,29.0,1.0,109.0,3144991878,1630600288,92739,0,0.0
1789958898.0,0.9525226372180182,30.0,0.0,109.0,3145093695,1630600304,101817,16,0.0002
1789958902.6,0.9666413949962093,30.0,0.0,109.0,3145145656,1630600304,51961,0,0.0
1789958907.6,0.9121833292803296,29.0,1.0,109.0,3145362212,1630730000,216556,129696,0.5989
1789958912.5,0.9147653310827242,29.0,0.0,109.0,3145478997,1630730000,116785,0,0.0
1789958917.4,0.9520934956442131,32.0,0.0,109.0,3145583669,1630730000,104672,0,0.0
1789958922.2,0.9529088646344429,31.0,1.0,109.0,3145707262,1630730000,123593,0,0.0
1789958926.9,0.9774128484987197,33.0,0.0,109.0,3145786349,1630773264,79087,43264,0.547
1789958931.8,0.9384038794398272,32.0,0.0,109.0,3145901632,1630836176,115283,62912,0.5457
1789958936.5,0.9077488663510092,29.0,2.0,109.0,3146010453,1630836176,108821,0,0.0
1789958941.4,0.9692734633155478,32.0,0.0,109.0,3146136045,1630895088,125592,58912,0.4691
1789958946.2,0.8879725921581529,31.0,1.0,109.0,3146362095,1630983936,226050,88848,0.393
1789958951.1,0.8849686011415165,31.0,1.0,109.0,3146590711,1631100880,228616,116944,0.5115
1789958955.9,0.9252721472813881,32.0,1.0,109.0,3146645291,1631100880,54580,0,0.0
1789958960.7,0.9724991774786502,33.0,0.0,109.0,3146786386,1631153296,141095,52416,0.3715
1789958965.5,0.8973064213884161,30.0,0.0,109.0,3146786386,1631153296,0,0,
1789958970.2,0.9444905374282976,30.0,2.0,109.0,3146906829,1631153296,120443,0,0.0
1789958975.0,0.9481740026034589,32.0,0.0,109.0,3147046300,1631153296,139471,0,0.0
1789958979.8,0.9739010399530805,32.0,0.0,109.0,3147222691,1631297744,176391,144448,0.8189
1789958984.6,0.9738295163574463,32.0,0.0,109.0,3147341701,1631297744,119010,0,0.0
1789958989.5,0.9721129500622255,32.0,0.0,109.0,3147394341,1631297744,52640,0,0.0
1789958994.3,0.8893386928347662,30.0,1.0,109.0,3147490084,1631297744,95743,0,0.0
1789958999.2,0.9670204700530705,32.0,0.0,109.0,3147685232,1631465088,195148,167344,0.8575
1789959004.0,0.9298854191997941,31.0,0.0,109.0,3147799696,1631465088,114464,0,0.0
1789959008.7,0.9385898407884761,31.0,0.0,109.0,3147843249,1631465088,43553,0,0.0
1789959013.6,0.9604617563334144,32.0,0.0,109.0,3148122358,1631655088,279109,190000,0.6807
1789959018.4,0.8820504384396413,30.0,1.0,109.0,3148268088,1631709856,145730,54768,0.3758
1789959023.2,0.9242708169425093,31.0,1.0,109.0,3148422996,1631738944,154908,29088,0.1878
1789959028.0,0.9668130516257313,32.0,0.0,109.0,3148480558,1631738944,57562,0,0.0
1789959032.8,0.9434677500107286,31.0,0.0,109.0,3148529850,1631788144,49292,49200,0.9981
1789959037.7,0.9896719927904215,32.0,0.0,109.0,3148632702,1631788160,102852,16,0.0002
1789959042.5,0.9505700430572046,30.0,0.0,109.0,3148686866,1631788720,54164,560,0.0103
1789959047.2,0.9875835037979029,32.0,0.0,109.0,3148768045,1631788720,81179,0,0.0
1789959052.0,0.9527658174431745,31.0,1.0,109.0,3148828218,1631788720,60173,0,0.0
1789959056.8,0.9619136853247886,31.0,0.0,109.0,3148879650,1631803744,51432,15024,0.2921
1789959061.7,0.9986267469638234,32.0,0.0,109.0,3148960168,1631803744,80518,0,0.0
1789959066.6,0.9802380305262706,31.0,0.0,109.0,3149079318,1631911776,119150,108032,0.9067
1789959071.6,0.9575221365528488,30.0,0.0,109.0,3149079318,1631911776,0,0,
1789959076.4,0.9733073941093167,32.0,0.0,109.0,3149264064,1631978304,184746,66528,0.3601
1789959081.3,0.9182771396283634,30.0,0.0,109.0,3149264064,1631978304,0,0,
1789959086.1,0.9403779306793311,31.0,0.0,109.0,3149371594,1632046624,107530,68320,0.6354
1789959091.0,0.9705179738795828,31.0,0.0,109.0,3149441899,1632046624,70305,0,0.0
1789959095.8,0.9336761697684066,31.0,0.0,109.0,3149781328,1632280592,339429,233968,0.6893
1789959100.6,0.9755460826526671,31.0,0.0,109.0,3149781328,1632280592,0,0,
1789959105.5,0.9790793482769966,30.0,0.0,109.0,3149793190,1632280592,11862,0,0.0
1789959110.3,0.9559915316062769,30.0,0.0,109.0,3149896993,1632281104,103803,512,0.0049
1789959115.2,0.9791508718726307,31.0,1.0,109.0,3150031816,1632292704,134823,11600,0.086
1789959120.1,0.9720485788261547,31.0,0.0,109.0,3150121300,1632292720,89484,16,0.0002
1789959125.0,0.9658188736464159,31.0,0.0,109.0,3150256641,1632354336,135341,61616,0.4553
1789959129.8,0.9667200709514069,31.0,0.0,109.0,3150332527,1632354336,75886,0,0.0
1789959134.6,0.9659547684781209,30.0,1.0,109.0,3150531417,1632450336,198890,96000,0.4827
1789959139.4,0.9576508790249904,30.0,0.0,109.0,3150611698,1632489904,80281,39568,0.4929
1789959144.3,0.947408700130173,30.0,2.0,109.0,3150712283,1632489904,100585,0,0.0
1789959149.1,0.8972134407140916,29.0,3.0,109.0,3150837138,1632489904,124855,0,0.0
1789959154.0,0.9294848870642425,31.0,0.0,109.0,3151093381,1632589232,256243,99328,0.3876
1789959158.9,0.9408785958487705,30.0,0.0,109.0,3151093381,1632589232,0,0,
1789959163.7,0.9141001616433262,30.0,1.0,109.0,3151276928,1632589232,183547,0,0.0
1789959168.6,0.9238988942452115,29.0,1.0,109.0,3151329815,1632589248,52887,16,0.0003
1789959173.4,0.9486031441772641,29.0,0.0,109.0,3151416901,1632589248,87086,0,0.0
1789959178.3,0.9575650507102293,30.0,0.0,109.0,3151556022,1632637712,139121,48464,0.3484
1789959183.1,0.9574935271145951,30.0,0.0,109.0,3151644275,1632637712,88253,0,0.0
1789959187.9,0.9370020169653969,29.0,0.0,109.0,3151741499,1632728992,97224,91280,0.9389
1789959192.8,0.951156536541405,29.0,0.0,109.0,3151880496,1632728992,138997,0,0.0
1789959197.6,0.9511350794627147,28.0,2.0,109.0,3151967852,1632728992,87356,0,0.0
1789959202.4,0.8815998397871457,28.0,0.0,109.0,3152161925,1632819808,194073,90816,0.4679
1789959207.2,0.8889167036205244,28.0,2.0,109.0,3152264985,1632819824,103060,16,0.0002
1789959212.1,0.9365156565150843,29.0,1.0,109.0,3152337113,1632819824,72128,0,0.0
1789959216.8,0.9541319181197877,30.0,0.0,109.0,3152485291,1632819840,148178,16,0.0001
1789959221.7,0.9655113221851889,30.0,0.0,109.0,3152485291,1632819840,0,0,
1789959226.5,0.9580514111605418,31.0,0.0,109.0,3152547279,1632819840,61988,0,0.0
1789959231.3,0.8848684681076286,29.0,1.0,109.0,3152747980,1632892160,200701,72320,0.3603
1789959236.2,0.9243781023359606,30.0,0.0,109.0,3152896014,1632992208,148034,100048,0.6758
1789959241.1,0.89900868296451,31.0,0.0,109.0,3153047459,1632992592,151445,384,0.0025
1789959245.8,0.8683322127970017,28.0,2.0,109.0,3153138711,1632992592,91252,0,0.0
1789959250.6,0.9366372466276625,30.0,0.0,109.0,3153384182,1633179888,245471,187296,0.763
1789959255.5,0.9473014147367217,31.0,0.0,109.0,3153547109,1633280432,162927,100544,0.6171
1789959260.5,0.9586092952064886,32.0,0.0,109.0,3153826434,1633483600,279325,203168,0.7274
1789959265.4,0.9217174245783684,30.0,0.0,109.0,3153944235,1633530656,117801,47056,0.3995
1789959270.3,0.8817142775401605,30.0,2.0,109.0,3154184880,1633666496,240645,135840,0.5645
1789959275.1,0.9342125967356631,31.0,0.0,109.0,3154330740,1633812000,145860,145504,0.9976
1789959280.1,0.9404852160727825,31.0,0.0,109.0,3154518395,1633886656,187655,74656,0.3978
1789959285.0,0.9352639935914858,30.0,0.0,109.0,3154582690,1633944464,64295,57808,0.8991
1789959290.0,0.9198935728896963,29.0,1.0,109.0,3154745335,1634001296,162645,56832,0.3494
1789959294.9,0.9116826641108902,29.0,1.0,109.0,3154896280,1634059184,150945,57888,0.3835
1789959299.8,0.9408929005678973,29.0,0.0,109.0,3154958578,1634059184,62298,0,0.0
1789959304.8,0.9428311900095842,29.0,0.0,109.0,3155071968,1634076320,113390,17136,0.1511
1789959309.7,0.9796944511994508,29.0,0.0,109.0,3155150204,1634076320,78236,0,0.0
1789959314.6,0.9510993176648976,29.0,0.0,109.0,3155365826,1634133600,215622,57280,0.2657
1789959319.5,0.9565637203713505,29.0,0.0,109.0,3155407832,1634133600,42006,0,0.0
1789959324.5,0.9534023774443189,29.0,0.0,109.0,3155619661,1634288384,211829,154784,0.7307
1789959329.5,0.9329251720142475,28.0,0.0,109.0,3155758073,1634359616,138412,71232,0.5146
1789959334.4,0.980516972549244,29.0,0.0,109.0,3155870518,1634359616,112445,0,0.0
1789959339.4,0.9575364412719756,30.0,0.0,109.0,3155995741,1634359616,125223,0,0.0
1789959344.5,0.9420229733789177,28.0,0.0,109.0,3156071409,1634435136,75668,75520,0.998
1789959349.5,0.9714477806228274,29.0,0.0,109.0,3156277771,1634597520,206362,162384,0.7869
1789959354.5,0.9690231307308281,29.0,0.0,109.0,3156334102,1634597520,56331,0,0.0
1789959359.6,0.8907977741857038,27.0,0.0,109.0,3156462056,1634654736,127954,57216,0.4472
1789959364.4,0.9370306264036505,28.0,2.0,109.0,3156585039,1634654736,122983,0,0.0
1789959369.4,0.9892571559357431,29.0,1.0,109.0,3156675933,1634718992,90894,64256,0.7069
1789959374.3,0.950047920809075,28.0,0.0,109.0,3156769721,1634718992,93788,0,0.0
1789959379.3,0.9623142174603402,28.0,0.0,109.0,3156883135,1634760208,113414,41216,0.3634
1789959384.2,0.9701746606205387,28.0,0.0,109.0,3156934193,1634810224,51058,50016,0.9796
1789959389.1,0.9622999127412133,29.0,0.0,109.0,3157052608,1634810224,118415,0,0.0
1789959394.0,0.976583174789363,29.0,0.0,109.0,3157219611,1634874768,167003,64544,0.3865
1789959399.1,0.9774700673752271,29.0,0.0,109.0,3157323085,1634874768,103474,0,0.0
1789959404.1,0.9818043972706596,29.0,0.0,109.0,3157434987,1634984368,111902,109600,0.9794
1789959409.0,0.9658331783655428,28.0,0.0,109.0,3157594440,1635058224,159453,73856,0.4632
1789959414.0,0.9273391791952165,27.0,0.0,109.0,3157765736,1635058224,171296,0,0.0
1789959419.0,0.9759466147882186,28.0,0.0,109.0,3157816502,1635103024,50766,44800,0.8825
1789959424.0,0.9726422246699186,28.0,0.0,109.0,3157911941,1635103024,95439,0,0.0
1789959429.0,0.9755675397313573,28.0,0.0,109.0,3158069044,1635103024,157103,0,0.0
1789959434.0,0.9533451585678115,27.0,2.0,109.0,3158140758,1635103024,71714,0,0.0
1789959438.9,0.9736936215257413,28.0,0.0,109.0,3158270435,1635124864,129677,21840,0.1684
1789959444.0,0.943782453831519,26.0,1.0,109.0,3158344621,1635124880,74186,16,0.0002
1789959449.0,0.9685439226400789,27.0,0.0,109.0,3158529109,1635297680,184488,172800,0.9366
1789959453.9,0.976769136138012,27.0,1.0,110.0,3158745832,1635445232,216723,147552,0.6808
1789959459.1,0.971083010285093,27.0,0.0,110.0,3158817509,1635445232,71677,0,0.0
1789959464.1,0.9948789105525913,28.0,0.0,110.0,3158955271,1635445360,137762,128,0.0009
1789959469.1,0.972291759051311,27.0,0.0,110.0,3159021064,1635498016,65793,52656,0.8003
1789959474.1,0.9565422632926602,27.0,0.0,110.0,3159120554,1635498016,99490,0,0.0
1789959479.0,0.9904086858254538,28.0,0.0,110.0,3159235813,1635572944,115259,74928,0.6501
1789959484.0,0.967642725335088,28.0,0.0,110.0,3159345897,1635572944,110084,0,0.0
1789959488.8,0.984450770309125,28.0,0.0,110.0,3159417617,1635572944,71720,0,0.0
1789959493.7,0.9523867423863133,28.0,0.0,110.0,3159490935,1635572944,73318,0,0.0
1789959498.6,0.9877408557082982,29.0,0.0,110.0,3159598234,1635572944,107299,0,0.0
1789959503.6,0.9377101005621755,28.0,2.0,110.0,3159753021,1635644800,154787,71856,0.4642
1789959508.4,0.9642310498233367,30.0,0.0,110.0,3159903145,1635644800,150124,0,0.0
1789959513.5,0.9177621697397972,27.0,0.0,110.0,3159978881,1635720528,75736,75728,0.9999
1789959518.5,0.9894431172843922,29.0,0.0,110.0,3160201655,1635836656,222774,116128,0.5213
1789959523.5,0.9862460125595434,29.0,1.0,110.0,3160310228,1635884000,108573,47344,0.4361
1789959528.4,0.9947501680804497,30.0,0.0,110.0,3160428087,1635884000,117859,0,0.0
1789959533.4,0.9767762884975754,29.0,0.0,110.0,3160536109,1635884000,108022,0,0.0
1789959538.3,0.9825410903056918,29.0,0.0,110.0,3160536109,1635884000,0,0,
1789959543.3,0.9219105382865808,27.0,2.0,110.0,3160654316,1635884000,118207,0,0.0
1789959548.2,0.9214098731171414,27.0,0.0,110.0,3160782827,1635971776,128511,87776,0.683
1789959553.2,0.965547083983006,29.0,0.0,110.0,3160880784,1635971792,97957,16,0.0002
1789959558.2,0.9603544709399631,29.0,0.0,110.0,3161027048,1635971792,146264,0,0.0
1789959563.3,0.9794512709742944,29.0,0.0,110.0,3161091805,1636034192,64757,62400,0.9636
1789959568.3,0.8724019053885876,26.0,3.0,110.0,3161183150,1636034192,91345,0,0.0
1789959573.3,0.8889667701374684,26.0,2.0,110.0,3161277672,1636034192,94522,0,0.0
1789959578.4,0.9606477176820634,28.0,0.0,110.0,3161431445,1636088720,153773,54528,0.3546
1789959583.4,0.9085070164647318,27.0,2.0,110.0,3161556256,1636147280,124811,58560,0.4692
1789959588.4,0.9707897635429928,29.0,0.0,110.0,3161706680,1636147280,150424,0,0.0
1789959593.5,0.9718840745561961,28.0,1.0,110.0,3161823297,1636147280,116617,0,0.0
1789959598.5,0.9085642353412391,26.0,1.0,110.0,3161938017,1636160352,114720,13072,0.1139
1789959603.5,0.9264165248115354,26.0,2.0,110.0,3161998231,1636160352,60214,0,0.0
1789959608.7,0.9901512008811707,28.0,0.0,110.0,3162211782,1636251920,213551,91568,0.4288
1789959614.0,0.8944597822821749,26.0,2.0,110.0,3162343825,1636251920,132043,0,0.0
1789959619.1,0.9140214856881285,26.0,2.0,110.0,3162467490,1636257648,123665,5728,0.0463
1789959624.1,0.9689659118543208,28.0,0.0,110.0,3162624350,1636257648,156860,0,0.0
1789959629.4,0.9946214256083081,28.0,0.0,110.0,3162624350,1636257648,0,0,
1789959634.5,0.9612914300427711,27.0,0.0,110.0,3162730866,1636257648,106516,0,0.0
1789959639.7,0.9803882300771024,27.0,0.0,110.0,3162730866,1636257648,0,0,
1789959644.8,0.925286452000515,26.0,1.0,110.0,3162996605,1636416032,265739,158384,0.596
1789959649.8,0.9729068619737652,27.0,1.0,110.0,3163070479,1636416032,73874,0,0.0
1789959654.9,0.9773341725435221,28.0,0.0,110.0,3163220798,1636467120,150319,51088,0.3399
1789959660.0,0.9903657716680733,28.0,0.0,110.0,3163404983,1636647728,184185,180608,0.9806
1789959665.1,0.9258944025634057,26.0,2.0,110.0,3163512349,1636647728,107366,0,0.0
1789959670.3,0.97935829029997,28.0,0.0,110.0,3163622207,1636650016,109858,2288,0.0208
1789959675.4,0.9804812107514269,28.0,0.0,110.0,3163742599,1636650016,120392,0,0.0
1789959680.5,0.9895289455991532,28.0,0.0,110.0,3163805556,1636650016,62957,0,0.0
1789959685.6,0.9957729554980188,28.0,0.0,110.0,3163919361,1636650016,113805,0,0.0
1789959690.7,0.9671349078060852,27.0,0.0,110.0,3164010186,1636650016,90825,0,0.0
1789959695.7,0.9418227073111419,27.0,0.0,110.0,3164182710,1636650016,172524,0,0.0
1789959700.8,0.9818258543493499,27.0,0.0,110.0,3164182710,1636650016,0,0,
1789959706.0,0.8907119458709428,24.0,3.0,110.0,3164346302,1636702768,163592,52752,0.3225
1789959711.3,0.9739368017508976,27.0,0.0,110.0,3164575829,1636924000,229527,221232,0.9639
1789959716.5,0.8678959188636332,25.0,3.0,110.0,3164738093,1636987056,162264,63056,0.3886
1789959721.6,0.9588095612742644,27.0,1.0,110.0,3165015059,1637184768,276966,197712,0.7138
1789959726.7,0.9436322542806872,27.0,1.0,110.0,3165122404,1637184768,107345,0,0.0
1789959731.8,0.9912455118943739,28.0,0.0,110.0,3165203200,1637184768,80796,0,0.0
1789959736.9,0.9235770380648576,27.0,0.0,110.0,3165321583,1637240752,118383,55984,0.4729
1789959742.0,0.90946543264623,26.0,0.0,110.0,3165513259,1637316432,191676,75680,0.3948
1789959747.2,0.9520791909250862,27.0,0.0,110.0,3165637186,1637374800,123927,58368,0.471
1789959752.3,0.9223897463773298,26.0,2.0,110.0,3165761713,1637374800,124527,0,0.0
1789959757.4,0.8998741184716839,25.0,2.0,110.0,3165825133,1637418512,63420,43712,0.6892
1789959762.5,0.9299855522336818,27.0,0.0,110.0,3166037617,1637469216,212484,50704,0.2386
1789959767.6,0.9203584762613186,26.0,1.0,110.0,3166271205,1637583648,233588,114432,0.4899
1789959772.9,0.9664697383666871,27.0,0.0,110.0,3166288820,1637596720,17615,13072,0.7421
1789959778.1,0.9683436565723031,27.0,0.0,110.0,3166288820,1637596720,0,0,
1789959783.2,0.9672636502782268,28.0,0.0,110.0,3166495872,1637680656,207052,83936,0.4054
1789959788.2,0.9802237258071438,28.0,0.0,110.0,3166704869,1637880112,208997,199456,0.9543
1789959793.5,0.970060222867524,28.0,0.0,110.0,3166795785,1637880112,90916,0,0.0
1789959798.6,0.9119544537743002,27.0,0.0,110.0,3166999924,1637880112,204139,0,0.0
1789959803.7,0.9559057032915159,27.0,0.0,110.0,3166999924,1637880112,0,0,
1789959808.7,0.9523009140715522,27.0,0.0,110.0,3167128397,1637893184,128473,13072,0.1017
1789959813.7,0.9408857482083339,26.0,0.0,110.0,3167128397,1637893184,0,0,
1789959818.8,0.9298067432445964,26.0,0.0,110.0,3167387723,1637974064,259326,80880,0.3119
1789959823.9,0.9666628520748995,26.0,0.0,110.0,3167387723,1637974064,0,0,
1789959829.3,0.8260975295750068,24.0,0.0,110.0,3167483893,1637974064,96170,0,0.0
1789959834.3,0.8810348033816356,25.0,2.0,110.0,3167582194,1637974064,98301,0,0.0
1789959839.5,0.9322886120131031,26.0,1.0,110.0,3167673655,1637974064,91461,0,0.0
1789959844.6,0.926988713576609,26.0,0.0,110.0,3167788816,1637974064,115161,0,0.0
1789959849.8,0.9532092637361066,26.0,0.0,110.0,3167788816,1637974064,0,0,
1789959854.9,0.9311370821233925,25.0,1.0,110.0,3167909984,1637974064,121168,0,0.0
1789959859.9,0.921130931094168,26.0,1.0,110.0,3168013034,1637987136,103050,13072,0.1269
1789959865.0,0.9760682049007968,27.0,0.0,110.0,3168111523,1637987136,98489,0,0.0
1789959870.1,0.9661693392650236,26.0,0.0,110.0,3168111523,1637987136,0,0,
1789959875.2,0.9642310498233367,26.0,0.0,110.0,3168197653,1637987136,86130,0,0.0
1789959880.3,0.9656758264551476,26.0,0.0,110.0,3168197653,1637987136,0,0,
1789959885.4,0.9538744331755046,26.0,0.0,110.0,3168288555,1638000208,90902,13072,0.1438
1789959890.6,0.9606977841990072,26.0,0.0,110.0,3168455705,1638072224,167150,72016,0.4308
1789959895.7,0.9713047334315591,26.0,0.0,110.0,3168455705,1638072224,0,0,
1789959900.9,0.9719198363540131,26.0,0.0,110.0,3168472270,1638085504,16565,13280,0.8017
1789959906.1,0.9398415037120746,25.0,0.0,110.0,3168597574,1638085504,125304,0,0.0
1789959911.4,0.8862560258629322,24.0,1.0,110.0,3168657661,1638085504,60087,0,0.0
1789959916.5,0.9480953266482612,26.0,0.0,110.0,3168779758,1638085504,122097,0,0.0
1789959921.7,0.9105525912998699,25.0,0.0,110.0,3168879383,1638085504,99625,0,0.0
1789959926.8,0.9441043100118729,25.0,0.0,110.0,3169036978,1638224144,157595,138640,0.8797
1789959932.1,0.8992733202683565,25.0,0.0,110.0,3169236695,1638224144,199717,0,0.0
1789959937.1,0.9322313931365958,26.0,0.0,110.0,3169306726,1638224144,70031,0,0.0
1789959942.3,0.9069835638777233,26.0,0.0,110.0,3169404813,1638224144,98087,0,0.0
1789959947.5,0.8360536140872874,24.0,0.0,110.0,3169546426,1638363200,141613,139056,0.9819
1789959952.7,0.8657001444776632,25.0,1.0,110.0,3169716469,1638415536,170043,52336,0.3078
1789959957.8,0.9133062497317865,26.0,0.0,110.0,3169834669,1638415536,118200,0,0.0
1789959962.9,0.9159597751298153,26.0,0.0,110.0,3169909527,1638415536,74858,0,0.0
1789959968.1,0.9499334830560602,27.0,0.0,110.0,3170144884,1638563376,235357,147840,0.6282
1789959973.3,0.9223682892986396,26.0,0.0,110.0,3170245137,1638576528,100253,13152,0.1312
1789959978.4,0.9294205158281718,26.0,1.0,110.0,3170357962,1638576528,112825,0,0.0
1789959983.6,0.9727566624229333,27.0,0.0,110.0,3170423361,1638576528,65399,0,0.0
1789959988.8,0.9185131674939563,26.0,0.0,110.0,3170505237,1638576528,81876,0,0.0
1789959994.3,0.9319953652710029,26.0,0.0,110.0,3170692953,1638701712,187716,125184,0.6669
1789959999.5,0.9181841589540389,27.0,0.0,110.0,3170892672,1638776880,199719,75168,0.3764
1789960004.7,0.9446908034960734,27.0,0.0,110.0,3170892672,1638776880,0,0,
1789960009.9,0.9226901454789935,27.0,0.0,110.0,3171076332,1638831040,183660,54160,0.2949
1789960015.1,0.9024060537571345,26.0,0.0,110.0,3171076332,1638831040,0,0,
1789960020.5,0.971848312758379,27.0,0.0,110.0,3171245468,1638906592,169136,75552,0.4467
1789960025.8,0.907455619608909,26.0,0.0,110.0,3171433172,1639020096,187704,113504,0.6047
1789960031.1,0.983156193228146,27.0,1.0,110.0,3171553680,1639115648,120508,95552,0.7929
1789960036.5,0.9586879711616862,26.0,0.0,110.0,3171670704,1639142832,117024,27184,0.2323
1789960041.6,0.9176334272676556,25.0,1.0,110.0,3171777401,1639142832,106697,0,0.0
1789960046.8,0.9452486875420201,25.0,0.0,110.0,3171925161,1639286976,147760,144144,0.9755
1789960051.9,0.941600984164676,26.0,0.0,110.0,3172087212,1639286976,162051,0,0.0
1789960057.3,0.9563992161013919,26.0,0.0,110.0,3172162354,1639286976,75142,0,0.0
1789960062.6,0.996388058420473,26.0,0.0,110.0,3172327169,1639438816,164815,151840,0.9213
1789960067.7,0.9628077302702162,25.0,0.0,110.0,3172529707,1639511376,202538,72560,0.3583
1789960073.0,0.9939634085284735,26.0,0.0,110.0,3172552329,1639511376,22622,0,0.0
1789960078.5,0.9550688772225957,26.0,0.0,110.0,3172713400,1639524384,161071,13008,0.0808
1789960083.6,0.9891355658231651,26.0,0.0,110.0,3172713400,1639524384,0,0,
1789960088.8,0.920008010642711,25.0,1.0,110.0,3172811187,1639524384,97787,0,0.0
1789960094.0,0.9768478120932096,26.0,1.0,110.0,3172940157,1639577840,128970,53456,0.4145
1789960099.2,0.9690445878095184,26.0,1.0,110.0,3172986568,1639577840,46411,0,0.0
1789960104.4,0.9663553006136725,26.0,0.0,110.0,3173083556,1639658176,96988,80336,0.8283
1789960109.5,0.9542177464345487,26.0,0.0,110.0,3173279964,1639713264,196408,55088,0.2805
1789960114.7,0.9340266353870141,25.0,1.0,110.0,3173398021,1639713264,118057,0,0.0
1789960119.9,0.9453130587780909,25.0,2.0,110.0,3173479142,1639713264,81121,0,0.0
1789960125.0,0.9557054372237401,26.0,0.0,110.0,3173569464,1639786288,90322,73024,0.8085
1789960130.3,0.9668488134235484,27.0,0.0,110.0,3173720461,1639786288,150997,0,0.0
1789960135.5,0.9700244610697069,27.0,0.0,110.0,3173801178,1639786288,80717,0,0.0
1789960140.8,0.9298997239189208,26.0,1.0,110.0,3173913586,1639786288,112408,0,0.0
1789960146.0,0.9755746920909208,27.0,0.0,110.0,3174032823,1639880160,119237,93872,0.7873
1789960151.1,0.9777704664768907,27.0,0.0,110.0,3174160222,1639880160,127399,0,0.0
1789960156.4,0.9282046147023904,26.0,1.0,110.0,3174415084,1640011664,254862,131504,0.516
1789960161.6,0.9648103909479737,26.0,1.0,110.0,3174415084,1640011664,0,0,
1789960166.7,0.9314303288654927,25.0,0.0,110.0,3174488301,1640011664,73217,0,0.0
1789960171.9,0.9777132476003834,26.0,2.0,110.0,3174640840,1640093584,152539,81920,0.537
1789960177.1,0.9308080735834752,26.0,0.0,110.0,3174809714,1640143392,168874,49808,0.2949
1789960182.3,0.9435893401233066,25.0,0.0,110.0,3174809714,1640143392,0,0,
1789960187.5,0.933461598981504,25.0,0.0,110.0,3174958311,1640159696,148597,16304,0.1097
1789960192.8,0.9648747621840446,26.0,0.0,110.0,3175017922,1640159888,59611,192,0.0032
1789960198.0,0.910760009727209,24.0,1.0,110.0,3175110766,1640159888,92844,0,0.0
1789960203.4,0.9507416996867266,25.0,0.0,110.0,3175138849,1640172976,28083,13088,0.466
1789960208.6,0.9477448610296537,25.0,0.0,110.0,3175276781,1640230000,137932,57024,0.4134
1789960213.9,0.951921839014691,25.0,0.0,110.0,3175352462,1640230000,75681,0,0.0
1789960219.3,0.9576866408228074,25.0,0.0,110.0,3175495042,1640371760,142580,141760,0.9942
1789960224.7,0.9325103351595692,25.0,0.0,110.0,3175596494,1640384832,101452,13072,0.1288
1789960230.0,0.9055888537628564,24.0,0.0,110.0,3175643180,1640384832,46686,0,0.0
1789960235.3,0.9374955297752728,25.0,1.0,110.0,3175925251,1640529600,282071,144768,0.5132
1789960240.8,0.9752170741127498,26.0,0.0,110.0,3176072728,1640609520,147477,79920,0.5419
1789960246.1,0.8999027279099375,24.0,1.0,110.0,3176279124,1640685520,206396,76000,0.3682
1789960251.2,0.9365228088746478,25.0,0.0,110.0,3176399591,1640685520,120467,0,0.0
1789960256.5,0.9840859999713906,25.0,0.0,110.0,3176399591,1640685520,0,0,
1789960262.0,0.9902727909937489,25.0,0.0,110.0,3176424556,1640698592,24965,13072,0.5236
1789960267.8,0.9663982147710529,25.0,0.0,110.0,3176575823,1640698592,151267,0,0.0
1789960273.7,0.9012116097100433,24.0,2.0,110.0,3176679004,1640698592,103181,0,0.0
1789960279.2,0.9497475217074113,26.0,0.0,110.0,3176976418,1640817600,297414,119008,0.4001
1789960284.6,0.9900653725664097,26.0,1.0,110.0,3176976418,1640817600,0,0,
1789960290.2,0.9466076358590699,24.0,0.0,110.0,3177160838,1640817600,184420,0,0.0
1789960295.8,0.979615775244253,24.0,0.0,110.0,3177160838,1640817600,0,0,
1789960301.2,1.0,24.0,0.0,110.0,3177160838,1640817600,0,0,
1789960306.6,0.9622355415051426,23.0,0.0,111.0,3177206868,1640853776,46030,36176,0.7859
1789960312.2,0.9524725707010743,24.0,0.0,111.0,3177388331,1640853776,181463,0,0.0
1789960317.5,0.9866179352568413,24.0,0.0,111.0,3177388331,1640853776,0,0,
1789960323.1,0.9896862975095484,24.0,0.0,111.0,3177417698,1640866848,29367,13072,0.4451
1789960328.6,0.9181483971562219,24.0,1.0,111.0,3177665126,1640866848,247428,0,0.0
1789960334.0,0.9694236628663796,25.0,0.0,111.0,3177723843,1640866864,58717,16,0.0003
1789960339.4,0.894989056889868,25.0,1.0,111.0,3177848774,1640866864,124931,0,0.0
1789960345.1,0.9499334830560602,26.0,0.0,111.0,3177935827,1640866864,87053,0,0.0
1789960350.6,0.9912383595348105,27.0,0.0,111.0,3177996401,1640866864,60574,0,0.0
1789960356.4,0.9428812565265281,26.0,0.0,111.0,3178120879,1640866864,124478,0,0.0
1789960361.9,0.98266268041827,27.0,0.0,111.0,3178166342,1640866864,45463,0,0.0
1789960367.4,0.9282403765002074,26.0,1.0,111.0,3178323692,1640913488,157350,46624,0.2963
1789960372.8,0.9392120960704936,26.0,0.0,111.0,3178383267,1640969040,59575,55552,0.9325
1789960378.3,0.970961420172515,27.0,0.0,111.0,3178661925,1641151360,278658,182320,0.6543
1789960383.7,0.918491710415266,26.0,1.0,111.0,3178765389,1641151360,103464,0,0.0
1789960388.9,0.9849228260403107,27.0,0.0,111.0,3178865850,1641209920,100461,58560,0.5829
1789960394.3,0.9589812179037864,25.0,0.0,111.0,3178865850,1641209920,0,0,
1789960399.5,0.9615203055488005,25.0,0.0,111.0,3178948280,1641209920,82430,0,0.0
1789960405.0,0.9571716709342412,25.0,0.0,111.0,3179054579,1641209920,106299,0,0.0
1789960410.5,0.9386256025862932,25.0,0.0,111.0,3179141977,1641209920,87398,0,0.0
1789960415.9,0.8920351323901755,24.0,1.0,111.0,3179208648,1641209920,66671,0,0.0
1789960421.4,0.976804897935829,25.0,0.0,111.0,3179447559,1641344960,238911,135040,0.5652
1789960426.7,0.9942852647088274,25.0,0.0,111.0,3179447559,1641344960,0,0,
1789960432.1,0.9643168781380977,24.0,0.0,111.0,3179573466,1641344960,125907,0,0.0
1789960437.4,0.9951864620138183,24.0,0.0,111.0,3179573466,1641344960,0,0,
1789960443.0,0.9816470453602644,24.0,0.0,111.0,3179714108,1641344960,140642,0,0.0
1789960448.4,0.9493040754144793,23.0,1.0,111.0,3179714108,1641344960,0,0,
1789960453.7,0.9398415037120746,22.0,1.0,111.0,3179887510,1641344960,173402,0,0.0
1789960459.0,0.9655041698256255,22.0,1.0,111.0,3179887510,1641344960,0,0,
1789960464.3,0.9292774686369033,22.0,0.0,111.0,3179947613,1641344960,60103,0,0.0
1789960469.7,0.9878695981804397,23.0,0.0,111.0,3180050986,1641344976,103373,16,0.0002
1789960475.1,0.9726922911868625,23.0,0.0,111.0,3180177606,1641410768,126620,65792,0.5196
1789960480.5,0.9797230606377044,23.0,0.0,111.0,3180284329,1641410768,106723,0,0.0
1789960485.9,0.9864248215486289,23.0,0.0,111.0,3180438980,1641482832,154651,72064,0.466
1789960491.3,0.969702604889353,23.0,0.0,111.0,3180505713,1641507792,66733,24960,0.374
1789960496.7,0.9887350336876135,23.0,0.0,111.0,3180573805,1641507792,68092,0,0.0
1789960502.2,0.9901368961620438,23.0,1.0,111.0,3180573805,1641507792,0,0,
1789960508.1,0.9502839486746678,22.0,0.0,111.0,3180638060,1641507792,64255,0,0.0
1789960513.7,0.962328522179467,23.0,0.0,111.0,3180762211,1641507792,124151,0,0.0
1789960519.1,0.9587594947573205,24.0,0.0,111.0,3180930394,1641553312,168183,45520,0.2707
1789960524.5,0.9620424277969302,25.0,0.0,111.0,3181077621,1641553312,147227,0,0.0
1789960530.4,0.9922826040310698,25.0,0.0,111.0,3181200951,1641674448,123330,121136,0.9822
1789960535.8,0.9727423577038065,25.0,0.0,111.0,3181362215,1641738912,161264,64464,0.3997
1789960541.4,0.9482383738395297,24.0,1.0,111.0,3181478808,1641738912,116593,0,0.0
1789960546.7,0.9632583289227116,24.0,1.0,111.0,3181547436,1641738912,68628,0,0.0
1789960552.5,0.9443904043944097,25.0,1.0,111.0,3181725475,1641907664,178039,168752,0.9478
1789960557.9,0.8926001687956857,24.0,1.0,111.0,3181955781,1642030160,230306,122496,0.5319
1789960563.2,0.8921066559858097,25.0,0.0,111.0,3182058893,1642030160,103112,0,0.0
1789960568.7,0.8867853004706252,25.0,0.0,111.0,3182122251,1642030160,63358,0,0.0
1789960574.3,0.9133920780465475,26.0,0.0,111.0,3182250018,1642100864,127767,70704,0.5534
1789960579.9,0.9197004591814839,26.0,0.0,111.0,3182541021,1642369504,291003,268640,0.9232
1789960585.6,0.9265667243623672,26.0,0.0,111.0,3182700560,1642512480,159539,142976,0.8962
1789960591.2,0.9019626074642024,25.0,1.0,111.0,3182801166,1642512480,100606,0,0.0
1789960596.6,0.9469509491181141,26.0,0.0,111.0,3182874038,1642512480,72872,0,0.0
1789960602.2,0.9486389059750812,26.0,0.0,111.0,3182874038,1642512480,0,0,
1789960607.7,0.9926616790879311,27.0,0.0,111.0,3182980986,1642512496,106948,16,0.0001
1789960613.2,0.979851803109846,26.0,0.0,111.0,3183040298,1642512496,59312,0,0.0
1789960618.6,0.933547427296265,26.0,0.0,111.0,3183435067,1642799424,394769,286928,0.7268
1789960624.2,0.9778562947916518,27.0,0.0,111.0,3183502071,1642799424,67004,0,0.0
1789960629.8,0.9667343756705337,28.0,0.0,111.0,3183658400,1642851552,156329,52128,0.3335
1789960635.4,0.941057404837856,27.0,1.0,111.0,3183740824,1642851552,82424,0,0.0
1789960640.9,0.9699028709571288,28.0,0.0,111.0,3183888198,1642921376,147374,69824,0.4738
1789960646.5,0.9386613643841103,28.0,0.0,111.0,3183973882,1642921376,85684,0,0.0
1789960652.1,0.9469795585563677,28.0,0.0,111.0,3184083900,1642921376,110018,0,0.0
1789960657.5,0.9651107900496374,28.0,0.0,111.0,3184200035,1642921376,116135,0,0.0
1789960663.0,0.9954725563963551,28.0,0.0,111.0,3184200035,1642921376,0,0,
1789960668.6,0.93945527629565,27.0,0.0,111.0,3184439099,1643074496,239064,153120,0.6405
1789960674.2,0.9136352582717038,27.0,0.0,111.0,3184606040,1643133872,166941,59376,0.3557
1789960679.5,0.9685868367974595,28.0,1.0,111.0,3184671388,1643133872,65348,0,0.0
1789960684.9,0.9672636502782268,28.0,0.0,111.0,3184710419,1643133872,39031,0,0.0
1789960690.3,0.9682220664597251,28.0,0.0,111.0,3184860987,1643197200,150568,63328,0.4206
1789960695.7,0.9611769922897564,28.0,0.0,111.0,3184963393,1643197200,102406,0,0.0
1789960701.4,0.9752242264723132,28.0,0.0,111.0,3185071693,1643197200,108300,0,0.0
1789960706.8,0.9636946228560802,27.0,0.0,111.0,3185071693,1643197200,0,0,
1789960712.2,0.9176191225485287,27.0,1.0,111.0,3185163938,1643197200,92245,0,0.0
1789960717.7,0.9860743559300214,28.0,1.0,111.0,3185317204,1643283632,153266,86432,0.5639
1789960723.5,0.9342483585334802,28.0,0.0,111.0,3185576685,1643376592,259481,92960,0.3583
1789960729.0,0.974659190066803,28.0,0.0,111.0,3185576685,1643376592,0,0,
1789960734.4,0.9365228088746478,27.0,1.0,111.0,3185684668,1643376592,107983,0,0.0
1789960740.1,0.9031498991517302,27.0,0.0,111.0,3185851691,1643408064,167023,31472,0.1884
1789960745.5,0.9437967585506458,27.0,0.0,111.0,3186029477,1643488224,177786,80160,0.4509
1789960750.9,0.9918105482998841,28.0,0.0,111.0,3186098122,1643507344,68645,19120,0.2785
1789960756.3,0.9422733059636375,28.0,0.0,111.0,3186324271,1643560736,226149,53392,0.2361
1789960761.7,0.9684509419657545,28.0,0.0,111.0,3186326675,1643561072,2404,336,0.1398
1789960766.9,0.9792367001873918,28.0,0.0,111.0,3186415725,1643561072,89050,0,0.0
1789960772.4,0.9826340709800163,28.0,0.0,111.0,3186515765,1643561072,100040,0,0.0
1789960777.9,0.9589025419485888,29.0,0.0,111.0,3186713947,1643639328,198182,78256,0.3949
1789960783.6,0.9128484987197276,27.0,0.0,111.0,3186713947,1643639328,0,0,
1789960788.8,0.9314660906633099,28.0,1.0,111.0,3186899409,1643676304,185462,36976,0.1994
1789960794.2,0.980910352325232,29.0,0.0,111.0,3187126350,1643858416,226941,182112,0.8025
1789960799.9,0.9942495029110103,29.0,0.0,111.0,3187292761,1643999680,166411,141264,0.8489
1789960805.5,0.9187921095169296,27.0,1.0,111.0,3187393581,1644000016,100820,336,0.0033
1789960811.2,0.9737436880426853,28.0,1.0,111.0,3187491294,1644000016,97713,0,0.0
1789960816.7,0.928862631782225,27.0,0.0,111.0,3187703422,1644066080,212128,66064,0.3114
1789960822.3,0.9758536341138941,28.0,0.0,111.0,3187776454,1644139072,73032,72992,0.9995
1789960827.6,0.9942495029110103,28.0,0.0,111.0,3187850663,1644152208,74209,13136,0.177
1789960833.4,0.9766046318680532,28.0,0.0,111.0,3188001392,1644266448,150729,114240,0.7579
1789960838.9,0.9778849042299055,28.0,0.0,111.0,3188070045,1644333936,68653,67488,0.983
1789960844.5,0.9812179037864591,28.0,0.0,111.0,3188149178,1644333936,79133,0,0.0
1789960850.1,0.9672851073569171,28.0,0.0,111.0,3188338019,1644519040,188841,185104,0.9802
1789960855.8,0.9594461212754087,28.0,0.0,111.0,3188434380,1644519056,96361,16,0.0002
1789960861.3,0.9114967027622413,27.0,0.0,111.0,3188554648,1644519056,120268,0,0.0
1789960866.8,0.9577796214971319,28.0,0.0,111.0,3188608454,1644524288,53806,5232,0.0972
1789960872.4,0.8949532950920509,26.0,0.0,111.0,3188761723,1644543424,153269,19136,0.1249
1789960877.9,0.9702676412948632,28.0,0.0,111.0,3188886212,1644580832,124489,37408,0.3005
1789960883.5,0.8979501337491238,27.0,0.0,111.0,3188988160,1644580832,101948,0,0.0
1789960889.0,0.9663982147710529,28.0,0.0,111.0,3189101093,1644643824,112933,62992,0.5578
1789960895.0,0.9659547684781209,28.0,1.0,111.0,3189209990,1644643824,108897,0,0.0
1789960900.8,0.9743945527629565,27.0,2.0,111.0,3189209990,1644643824,0,0,
1789960906.4,0.9903943811063269,28.0,0.0,111.0,3189353739,1644697936,143749,54112,0.3764
1789960912.2,0.9555766947515986,27.0,0.0,111.0,3189433414,1644765744,79675,67808,0.8511
1789960918.0,0.9532235684552334,27.0,0.0,111.0,3189594418,1644765744,161004,0,0.0
1789960923.5,0.9616562003805055,27.0,0.0,111.0,3189660457,1644768352,66039,2608,0.0395
1789960929.6,0.9508346803610511,26.0,0.0,111.0,3189660457,1644768352,0,0,
1789960935.3,0.9463930650721672,26.0,1.0,111.0,3189757397,1644768352,96940,0,0.0
1789960941.0,0.9478449940635416,26.0,0.0,111.0,3189970646,1644955648,213249,187296,0.8783
1789960946.6,0.9841646759265882,27.0,0.0,111.0,3190040597,1644975104,69951,19456,0.2781
1789960952.5,0.926445134249789,26.0,0.0,111.0,3190241662,1645054416,201065,79312,0.3945
1789960957.9,0.9658617878037965,26.0,0.0,111.0,3190241662,1645054416,0,0,
1789960963.6,0.9844293132304347,26.0,0.0,111.0,3190401615,1645148848,159953,94432,0.5904
1789960969.3,0.9851159397485231,26.0,0.0,111.0,3190641672,1645380848,240057,232000,0.9664
1789960974.9,0.8959546254309296,24.0,0.0,111.0,3190699425,1645436256,57753,55408,0.9594
1789960980.5,0.9048593130873875,24.0,1.0,111.0,3190820710,1645436256,121285,0,0.0
1789960986.0,0.9479594318165563,25.0,0.0,111.0,3191104459,1645614048,283749,177792,0.6266
1789960991.5,0.9655041698256255,26.0,0.0,111.0,3191301453,1645702384,196994,88336,0.4484
1789960997.0,0.9541390704793511,26.0,0.0,111.0,3191492881,1645823520,191428,121136,0.6328
1789961002.5,0.9718626174775058,26.0,0.0,111.0,3191575025,1645823520,82144,0,0.0
1789961007.9,0.8779163746119845,23.0,0.0,111.0,3191718508,1645961120,143483,137600,0.959
1789961013.5,0.8985437795928877,24.0,1.0,111.0,3191915373,1646028208,196865,67088,0.3408
1789961018.9,0.9469223396798604,26.0,0.0,111.0,3192054729,1646029952,139356,1744,0.0125
1789961024.6,0.8798975782110519,23.0,1.0,111.0,3192327869,1646192000,273140,162048,0.5933
1789961030.1,0.9714263235441372,25.0,0.0,111.0,3192455887,1646319152,128018,127152,0.9932
1789961035.4,0.9695023388215772,25.0,0.0,111.0,3192656219,1646451328,200332,132176,0.6598
1789961040.9,0.9502052727194702,25.0,0.0,111.0,3192852232,1646451328,196013,0,0.0
1789961046.3,0.987669332112664,25.0,1.0,111.0,3192924963,1646522704,72731,71376,0.9814
1789961051.8,0.9709900296107686,25.0,0.0,111.0,3193022555,1646522704,97592,0,0.0
1789961057.2,0.8682606892013676,23.0,2.0,111.0,3193118081,1646522704,95526,0,0.0
1789961062.9,0.8867495386728081,23.0,2.0,111.0,3193240171,1646522704,122090,0,0.0
1789961068.4,0.9292703162773399,24.0,0.0,111.0,3193418818,1646608752,178647,86048,0.4817
1789961074.0,0.9742228961334344,25.0,0.0,111.0,3193565923,1646755120,147105,146368,0.995
1789961079.5,0.9608336790307123,25.0,0.0,111.0,3193663959,1646828848,98036,73728,0.7521
1789961085.3,0.9633083954396555,25.0,0.0,111.0,3193764028,1646927088,100069,98240,0.9817
1789961090.7,0.9733932224240777,25.0,0.0,111.0,3193868501,1646927088,104473,0,0.0
1789961096.2,0.933325704149799,24.0,1.0,111.0,3193999317,1646947920,130816,20832,0.1592
1789961101.7,0.9637518417325875,25.0,0.0,111.0,3194336070,1647190256,336753,242336,0.7196
1789961107.3,0.9621997797073254,24.0,0.0,111.0,3194336070,1647190256,0,0,
1789961112.9,0.956742529360436,24.0,0.0,111.0,3194536603,1647270768,200533,80512,0.4015
1789961118.3,0.9884131775072597,24.0,0.0,111.0,3194593563,1647327376,56960,56608,0.9938
1789961123.9,0.9530161500278942,25.0,0.0,111.0,3194838569,1647346096,245006,18720,0.0764
1789961129.4,0.964116612070322,24.0,0.0,111.0,3194838569,1647346096,0,0,
1789961135.2,0.9149655971505,23.0,2.0,111.0,3194924960,1647346096,86391,0,0.0
1789961140.9,0.9374454632583289,24.0,0.0,111.0,3195088341,1647427136,163381,81040,0.496
1789961146.6,0.9597965868940164,24.0,0.0,111.0,3195211688,1647427136,123347,0,0.0
1789961151.9,0.9585592286895447,24.0,0.0,111.0,3195317877,1647427136,106189,0,0.0
1789961157.5,0.9589597608250962,24.0,0.0,111.0,3195344483,1647427136,26606,0,0.0
1789961163.0,0.8938518317192842,22.0,2.0,111.0,3195459417,1647427136,114934,0,0.0
1789961168.5,0.971526456578025,24.0,0.0,111.0,3195675856,1647486176,216439,59040,0.2728
1789961174.0,0.9767119172615045,24.0,1.0,111.0,3195724789,1647486176,48933,0,0.0
1789961179.5,0.9632082624057676,24.0,2.0,111.0,3195811409,1647533504,86620,47328,0.5464
1789961185.0,0.9323100690917934,25.0,0.0,111.0,3196053088,1647533504,241679,0,0.0
1789961190.5,0.9273177221165263,24.0,1.0,111.0,3196053088,1647533504,0,0,
1789961196.1,0.9785715307479937,25.0,0.0,111.0,3196166203,1647533504,113115,0,0.0
1789961201.6,0.9605475846481755,25.0,0.0,111.0,3196286972,1647533504,120769,0,0.0
1789961207.1,0.9822979100805356,25.0,0.0,111.0,3196286972,1647533504,0,0,
1789961212.7,0.9677857725263564,25.0,0.0,111.0,3196393779,1647533504,106807,0,0.0
1789961218.5,0.9815540646859399,25.0,0.0,111.0,3196432549,1647546992,38770,13488,0.3479
1789961223.9,0.941772640794198,24.0,0.0,111.0,3196556877,1647571904,124328,24912,0.2004
1789961230.0,0.9882558255968644,24.0,1.0,111.0,3196640392,1647627088,83515,55184,0.6608
1789961235.5,0.9975681977484372,25.0,0.0,111.0,3196741720,1647627088,101328,0,0.0
1789961241.1,0.9990916503354457,25.0,0.0,111.0,3196741720,1647627088,0,0,
1789961246.5,0.9971748179724491,25.0,0.0,111.0,3196881197,1647685136,139477,58048,0.4162
1789961252.1,0.9695452529789578,25.0,0.0,111.0,3196923772,1647685136,42575,0,0.0
1789961257.6,0.9711545338807273,25.0,0.0,111.0,3196923772,1647685136,0,0,
1789961263.4,0.9491681805827743,25.0,1.0,111.0,3197014663,1647685136,90891,0,0.0
1789961268.8,0.9595605590284235,26.0,0.0,111.0,3197212994,1647769264,198331,84128,0.4242
1789961274.3,0.9636445563391363,26.0,0.0,111.0,3197315384,1647782736,102390,13472,0.1316
1789961279.8,0.987941121776074,26.0,0.0,111.0,3197501905,1647879600,186521,96864,0.5193
1789961285.2,0.9861101177278384,26.0,0.0,111.0,3197657988,1647946768,156083,67168,0.4303
1789961290.8,0.8789677714678072,23.0,2.0,111.0,3197771322,1647946768,113334,0,0.0
1789961296.2,0.9340123306678874,24.0,2.0,111.0,3197827287,1647979744,55965,32976,0.5892
1789961301.6,0.9409143576465876,24.0,1.0,111.0,3197981673,1647979744,154386,0,0.0
1789961307.0,0.9262019540246327,24.0,0.0,111.0,3198205012,1647979744,223339,0,0.0
1789961312.3,0.973808059278756,24.0,0.0,111.0,3198205012,1647979744,0,0,
1789961317.6,0.9939276467306565,24.0,0.0,111.0,3198205012,1647979744,0,0,
1789961323.2,0.9732430228732459,23.0,1.0,111.0,3198352807,1648035776,147795,56032,0.3791
1789961328.6,0.9737079262448682,23.0,1.0,111.0,3198414300,1648083424,61493,47648,0.7749
1789961334.3,0.9771339064757464,23.0,1.0,111.0,3198487121,1648140656,72821,57232,0.7859
1789961339.8,0.9878338363826227,23.0,1.0,112.0,3198583640,1648203984,96519,63328,0.6561
1789961345.2,0.969616776574592,23.0,1.0,112.0,3198583640,1648203984,0,0,
1789961350.7,0.9629293203827943,23.0,0.0,112.0,3198726416,1648334896,142776,130912,0.9169
1789961356.0,0.9891284134636017,23.0,1.0,112.0,3198811182,1648334896,84766,0,0.0
1789961361.5,0.9450984879911883,23.0,0.0,112.0,3198951432,1648347968,140250,13072,0.0932
1789961367.0,0.971490694780208,23.0,1.0,112.0,3199011867,1648347968,60435,0,0.0
1789961372.5,0.9708970489364441,23.0,0.0,112.0,3199085376,1648401984,73509,54016,0.7348
1789961378.0,0.9802308781667072,23.0,0.0,112.0,3199227805,1648447936,142429,45952,0.3226
1789961383.5,0.9635515756648119,23.0,0.0,112.0,3199345177,1648447936,117372,0,0.0
1789961388.9,0.9615560673466177,23.0,2.0,112.0,3199406180,1648447936,61003,0,0.0
1789961394.3,0.9614487819531663,24.0,0.0,112.0,3199555397,1648447936,149217,0,0.0
1789961399.9,0.9781352368146251,24.0,0.0,112.0,3199555397,1648447936,0,0,
1789961405.3,0.9212954353641266,23.0,2.0,112.0,3199671770,1648447936,116373,0,0.0
1789961410.8,0.9844579226686884,26.0,0.0,112.0,3199802494,1648453664,130724,5728,0.0438
1789961416.5,0.9600540718382995,25.0,1.0,112.0,3199931435,1648453664,128941,0,0.0
1789961422.2,0.9950505671821134,25.0,0.0,112.0,3200007081,1648494640,75646,40976,0.5417
1789961427.6,0.9351781652767248,23.0,0.0,112.0,3200083258,1648494640,76177,0,0.0
1789961433.3,0.9864820404251362,24.0,0.0,112.0,3200210051,1648494640,126793,0,0.0
1789961438.7,0.9931122777404265,24.0,0.0,112.0,3200210051,1648494640,0,0,
1789961444.2,0.9954153375198478,24.0,0.0,112.0,3200326600,1648526672,116549,32032,0.2748
1789961449.9,0.996917333028166,24.0,0.0,112.0,3200326600,1648526672,0,0,
1789961455.4,0.9250218146966684,23.0,0.0,112.0,3200529295,1648526672,202695,0,0.0
1789961461.0,0.9726279199507918,23.0,0.0,112.0,3200529295,1648526672,0,0,
1789961466.5,0.9598108916131431,23.0,0.0,112.0,3200653241,1648526672,123946,0,0.0
1789961472.0,0.9792438525469552,23.0,0.0,112.0,3200653241,1648526672,0,0,
1789961477.6,0.8821219620352754,21.0,3.0,112.0,3200729204,1648526672,75963,0,0.0
1789961483.1,0.9200652295192184,23.0,0.0,112.0,3200995103,1648615872,265899,89200,0.3355
1789961488.4,0.9748952179323959,24.0,0.0,112.0,3201083801,1648615872,88698,0,0.0
1789961494.0,0.9662766246584749,24.0,0.0,112.0,3201169144,1648615872,85343,0,0.0
1789961499.5,0.9380963279786001,23.0,0.0,112.0,3201293615,1648615872,124471,0,0.0
1789961504.8,0.9577009455419343,23.0,0.0,112.0,3201293615,1648615872,0,0,
1789961510.2,0.9356001544909666,24.0,0.0,112.0,3201453489,1648632944,159874,17072,0.1068
1789961515.6,0.9586951235212496,24.0,0.0,112.0,3201574654,1648632944,121165,0,0.0
1789961521.0,0.9318880798775516,23.0,0.0,112.0,3201574654,1648632944,0,0,
1789961526.4,0.9515070021600126,23.0,0.0,112.0,3201701028,1648757568,126374,124624,0.9862
1789961531.9,0.9382608322485588,23.0,1.0,112.0,3201819000,1648757568,117972,0,0.0
1789961537.2,0.9657401976912183,23.0,2.0,112.0,3201819000,1648757568,0,0,
1789961542.7,0.9271460654870042,23.0,0.0,112.0,3201995020,1648832656,176020,75088,0.4266
1789961548.2,0.9868754202011244,24.0,0.0,112.0,3202058896,1648832656,63876,0,0.0
1789961553.7,0.9771696682735634,24.0,0.0,112.0,3202211162,1648922432,152266,89776,0.5896
1789961559.1,0.8756061624729998,22.0,0.0,112.0,3202344368,1648922432,133206,0,0.0
1789961564.6,0.8849900582202068,21.0,3.0,112.0,3202344368,1648922432,0,0,
1789961569.9,0.9325890111147668,22.0,2.0,112.0,3202436991,1648922432,92623,0,0.0
1789961575.3,0.9758250246756405,23.0,1.0,112.0,3202527597,1648922432,90606,0,0.0
1789961580.9,0.9772841060265782,23.0,1.0,112.0,3202527597,1648922432,0,0,
1789961586.3,0.9787002732201353,23.0,1.0,112.0,3202527597,1648922432,0,0,
1789961591.6,0.9427596664139499,23.0,0.0,112.0,3202668765,1648922432,141168,0,0.0
1789961597.0,0.990172657959861,24.0,0.0,112.0,3202721579,1648922432,52814,0,0.0
1789961602.3,0.9607192412776975,24.0,0.0,112.0,3202870754,1648922432,149175,0,0.0
1789961607.7,0.9442831190009584,23.0,1.0,112.0,3202956466,1648922432,85712,0,0.0
1789961613.0,0.9622641509433962,23.0,0.0,112.0,3203048256,1648922432,91790,0,0.0
1789961618.3,0.9921037950419843,24.0,0.0,112.0,3203113008,1648922432,64752,0,0.0
1789961623.7,0.9741871343356173,24.0,0.0,112.0,3203249855,1648975072,136847,52640,0.3847
1789961629.1,0.9703105554522437,24.0,1.0,112.0,3203348538,1648975072,98683,0,0.0
1789961634.5,0.9754173401805255,24.0,0.0,112.0,3203440769,1649022176,92231,47104,0.5107
1789961639.8,0.9599324817257213,24.0,0.0,112.0,3203500621,1649077648,59852,55472,0.9268
1789961645.3,0.9929906876278485,24.0,0.0,112.0,3203645126,1649077648,144505,0,0.0
1789961650.7,0.9521793239589741,23.0,0.0,112.0,3203736851,1649168416,91725,90768,0.9896
1789961656.1,0.9510063369905732,24.0,0.0,112.0,3203941100,1649168416,204249,0,0.0
1789961661.5,0.9648390003862274,23.0,0.0,112.0,3203941100,1649168416,0,0,
1789961666.9,0.9211023216559143,22.0,0.0,112.0,3204078858,1649301072,137758,132656,0.963
1789961672.4,0.9684723990444448,24.0,0.0,112.0,3204305259,1649406368,226401,105296,0.4651
1789961677.8,0.9451986210250761,24.0,0.0,112.0,3204483519,1649453360,178260,46992,0.2636
1789961683.2,0.9712403621954883,24.0,0.0,112.0,3204570756,1649501280,87237,47920,0.5493
1789961688.9,0.920365628620882,23.0,0.0,112.0,3204751323,1649562128,180567,60848,0.337
1789961694.3,0.908170855565251,24.0,1.0,112.0,3204831741,1649562128,80418,0,0.0
1789961699.7,0.8786530676470168,24.0,0.0,112.0,3204834066,1649562128,2325,0,0.0
1789961705.3,0.9133849256869842,25.0,0.0,112.0,3205023347,1649661840,189281,99712,0.5268
1789961710.8,0.8775802137125037,24.0,0.0,112.0,3205155178,1649661840,131831,0,0.0
1789961716.2,0.8677028051554208,24.0,0.0,112.0,3205219450,1649661840,64272,0,0.0
1789961721.6,0.9153732816456149,25.0,0.0,112.0,3205351302,1649661840,131852,0,0.0
1789961727.6,0.8672450541433618,23.0,0.0,112.0,3205599235,1649870544,247933,208704,0.8418
1789961733.6,0.8893816069921467,24.0,0.0,112.0,3205935708,1650198256,336473,327712,0.974
1789961739.1,0.8846252878824724,24.0,0.0,112.0,3206056195,1650259008,120487,60752,0.5042
1789961744.6,0.9874404566066345,26.0,0.0,112.0,3206284892,1650421728,228697,162720,0.7115
1789961750.1,0.89708469824195,24.0,1.0,112.0,3206400593,1650421728,115701,0,0.0
1789961755.5,0.9446979558556368,25.0,0.0,112.0,3206533162,1650421728,132569,0,0.0
1789961761.1,0.975596149169611,25.0,0.0,112.0,3206633839,1650522064,100677,100336,0.9966
1789961766.6,0.9027279099374884,24.0,0.0,112.0,3206684528,1650522400,50689,336,0.0066
1789961772.1,0.8431201453359464,24.0,1.0,112.0,3206868180,1650522400,183652,0,0.0
1789961777.6,0.8980574191425752,25.0,1.0,112.0,3206996402,1650522416,128222,16,0.0001
1789961783.0,0.9383395082037564,26.0,0.0,112.0,3207100095,1650522416,103693,0,0.0
1789961788.5,0.9329251720142475,25.0,0.0,112.0,3207100095,1650522416,0,0,
1789961793.9,0.9470939963093825,25.0,0.0,112.0,3207220985,1650522832,120890,416,0.0034
1789961799.3,0.8964052240834252,24.0,1.0,112.0,3207300756,1650550208,79771,27376,0.3432
1789961804.8,0.9476876421531464,25.0,1.0,112.0,3207415986,1650550208,115230,0,0.0
1789961810.3,0.9581658489135566,25.0,0.0,112.0,3207512222,1650646304,96236,96096,0.9985
1789961816.3,0.9387614974179982,26.0,7.0,112.0,3207640025,1650646304,127803,0,0.0
1789961822.1,0.9690445878095184,29.0,1.0,112.0,3207833370,1650646304,193345,0,0.0
1789961828.2,0.9706109545539073,28.0,1.0,112.0,3207833370,1650646304,0,0,
1789961834.6,0.9451127927103151,33.0,1.0,112.0,3207981495,1650646320,148125,16,0.0001
1789961841.5,0.9469509491181141,29.0,7.0,112.0,3208141105,1650646320,159610,0,0.0
1789961848.2,0.9925114795370993,32.0,3.0,112.0,3208238710,1650646352,97605,32,0.0003
1789961855.3,0.9511279271031513,31.0,1.0,112.0,3208389492,1650646368,150782,16,0.0001
1789961862.4,0.9263593059350279,32.0,0.0,112.0,3208591461,1650646384,201969,16,0.0001
1789961869.6,0.9722703019726208,34.0,0.0,112.0,3208749325,1650683760,157864,37376,0.2368
1789961876.9,0.9536813194672923,33.0,0.0,112.0,3208908696,1650797872,159371,114112,0.716
1789961884.1,0.9673923927503684,34.0,0.0,112.0,3209087044,1650837488,178348,39616,0.2221
1789961891.4,0.9223539845795128,33.0,0.0,112.0,3209181377,1650873728,94333,36240,0.3842
1789961898.4,0.937617119887851,32.0,0.0,112.0,3209371831,1650928848,190454,55120,0.2894
1789961905.5,0.8244310297967299,29.0,4.0,112.0,3209586631,1651006992,214800,78144,0.3638
1789961912.7,0.9326319252721473,32.0,1.0,112.0,3209816082,1651068816,229451,61824,0.2694
1789961920.0,0.8556939934484387,30.0,3.0,112.0,3210054876,1651138288,238794,69472,0.2909
1789961927.6,0.8933654712689716,30.0,3.0,112.0,3210171536,1651138288,116660,0,0.0
1789961934.8,0.9081350937674338,31.0,0.0,112.0,3210441359,1651269648,269823,131360,0.4868
1789961942.1,0.9510635558670806,33.0,0.0,112.0,3210869586,1651520912,428227,251264,0.5868
1789961949.5,0.9702032700587924,33.0,0.0,112.0,3210869586,1651520912,0,0,
1789961956.8,0.9624000457751012,31.0,0.0,112.0,3211139550,1651706304,269964,185392,0.6867
1789961964.2,0.9533594632869383,32.0,0.0,112.0,3211336329,1651706304,196779,0,0.0
1789961971.6,0.9628649491467235,33.0,0.0,112.0,3211512486,1651706304,176157,0,0.0
1789961978.8,0.9451414021485688,35.0,0.0,112.0,3211711799,1651706304,199313,0,0.0
1789961986.1,0.8634757606534396,33.0,2.0,112.0,3211856988,1651706304,145189,0,0.0
1789961993.6,0.9087430443303246,35.0,1.0,112.0,3212041734,1651706304,184746,0,0.0
1789962000.9,0.9371164547184117,33.0,0.0,112.0,3212120750,1651785312,79016,79008,0.9999
1789962008.3,0.935421345501881,34.0,0.0,112.0,3212539899,1651985712,419149,200400,0.4781
1789962015.5,0.9437609967528288,33.0,0.0,112.0,3212657028,1652066368,117129,80656,0.6886
1789962023.0,0.9327606677442888,33.0,0.0,112.0,3213022281,1652374704,365253,308336,0.8442
1789962030.3,0.903707783197677,32.0,0.0,112.0,3213329338,1652490112,307057,115408,0.3759
1789962037.5,0.974079848942166,34.0,0.0,112.0,3213537417,1652550592,208079,60480,0.2907
1789962045.0,0.9607979172328951,33.0,0.0,112.0,3213776088,1652753232,238671,202640,0.849
1789962052.2,0.9723275208491281,33.0,0.0,112.0,3213976345,1652753232,200257,0,0.0
1789962059.6,0.93506372752371,31.0,1.0,112.0,3214134809,1652827152,158464,73920,0.4665
1789962066.8,0.9471154533880727,31.0,0.0,112.0,3214338645,1652866048,203836,38896,0.1908
1789962074.0,0.9601542048721874,31.0,0.0,112.0,3214438727,1652866048,100082,0,0.0
1789962081.3,0.9021485688128513,29.0,0.0,112.0,3214660173,1652898960,221446,32912,0.1486
1789962088.7,0.9503340151916118,29.0,0.0,112.0,3214660173,1652898960,0,0,
1789962096.0,0.9078346946657703,29.0,0.0,112.0,3214746480,1652898960,86307,0,0.0
1789962103.4,0.9137425436651552,30.0,0.0,112.0,3215010781,1653039968,264301,141008,0.5335
1789962110.7,0.9182628349092365,29.0,0.0,112.0,3215144865,1653039968,134084,0,0.0
1789962117.8,0.9496616933926503,29.0,0.0,112.0,3215144865,1653039968,0,0,
1789962125.2,0.8657859727924242,27.0,1.0,112.0,3215331221,1653100976,186356,61008,0.3274
1789962132.4,0.9248859198649635,28.0,1.0,112.0,3215520330,1653100992,189109,16,0.0001
1789962139.7,0.9664697383666871,29.0,0.0,112.0,3215638177,1653157504,117847,56512,0.4795
1789962147.0,0.8847683350737409,27.0,0.0,112.0,3215836422,1653157520,198245,16,0.0001
1789962154.2,0.914064399845509,27.0,1.0,112.0,3215836422,1653157520,0,0,
1789962161.6,0.9445692133834952,28.0,0.0,112.0,3215985701,1653157520,149279,0,0.0
1789962168.9,0.9173973994020628,27.0,0.0,112.0,3216118504,1653240896,132803,83376,0.6278
1789962176.3,0.9564492826183358,28.0,0.0,112.0,3216300665,1653288896,182161,48000,0.2635
1789962183.8,0.9528516457579356,29.0,0.0,112.0,3216499516,1653288896,198851,0,0.0
1789962190.8,0.9216387486231707,29.0,0.0,112.0,3216653585,1653390864,154069,101968,0.6618
1789962197.9,0.9380462614616562,31.0,0.0,112.0,3216882259,1653500352,228674,109488,0.4788
1789962204.8,0.9737436880426853,32.0,0.0,112.0,3217176226,1653724448,293967,224096,0.7623
1789962211.9,0.9613844107170956,32.0,0.0,112.0,3217453583,1653802960,277357,78512,0.2831
1789962218.7,0.9626932925172014,31.0,0.0,112.0,3217453583,1653802960,0,0,
1789962225.8,0.9607907648733317,31.0,0.0,112.0,3217614741,1653874000,161158,71040,0.4408
1789962232.7,0.9629007109445407,31.0,0.0,112.0,3217824722,1653874000,209981,0,0.0
1789962239.7,0.9610339450984879,30.0,0.0,112.0,3217877650,1653924096,52928,50096,0.9465
1789962246.7,0.8477906361308596,28.0,4.0,112.0,3218106586,1653985184,228936,61088,0.2668
1789962253.7,0.9018124079133706,30.0,2.0,112.0,3218291034,1653985184,184448,0,0.0
1789962260.6,0.9591814839715622,31.0,0.0,112.0,3218467277,1654062128,176243,76944,0.4366
1789962267.9,0.8501008482698442,28.0,4.0,112.0,3218771159,1654125344,303882,63216,0.208
1789962274.9,0.905038122076473,29.0,3.0,112.0,3218829243,1654125344,58084,0,0.0
1789962281.7,0.9722631496130574,32.0,0.0,112.0,3219042365,1654214208,213122,88864,0.417
1789962288.8,0.9482884403564736,32.0,0.0,112.0,3219217956,1654214208,175591,0,0.0
1789962296.0,0.9573504799233267,32.0,1.0,112.0,3219353828,1654215952,135872,1744,0.0128
1789962303.2,0.95294462643226,32.0,0.0,112.0,3219501180,1654295408,147352,79456,0.5392
1789962310.3,0.9576151172271733,32.0,0.0,112.0,3219667106,1654295408,165926,0,0.0
1789962317.4,0.8639335116654985,30.0,4.0,112.0,3219925827,1654345888,258721,50480,0.1951
1789962324.4,0.8811706982133406,30.0,2.0,112.0,3220053401,1654367104,127574,21216,0.1663
1789962331.6,0.8827156078790392,30.0,1.0,112.0,3220295522,1654581984,242121,214880,0.8875
1789962338.6,0.8913914200294677,31.0,0.0,112.0,3220458441,1654676528,162919,94544,0.5803
1789962345.7,0.8847754874333043,31.0,0.0,112.0,3220695720,1654751664,237279,75136,0.3167
1789962353.0,0.8693764572932611,31.0,0.0,112.0,3220834986,1654811584,139266,59920,0.4303
1789962360.1,0.8515670819803454,30.0,1.0,112.0,3221080653,1654884352,245667,72768,0.2962
1789962367.2,0.9502624915959775,32.0,0.0,112.0,3221356306,1655055760,275653,171408,0.6218
1789962374.4,0.8989943782453832,30.0,0.0,112.0,3221535968,1655142432,179662,86672,0.4824
1789962381.2,0.9224612699729641,30.0,0.0,112.0,3221735737,1655291216,199769,148784,0.7448
1789962388.3,0.9788147109731501,32.0,0.0,112.0,3222148691,1655579248,412954,288032,0.6975
1789962395.5,0.9245426066059192,30.0,1.0,112.0,3222263821,1655579248,115130,0,0.0
1789962402.8,0.9761397284964309,31.0,0.0,112.0,3222422280,1655579248,158459,0,0.0
1789962409.8,0.9245354542463559,30.0,0.0,112.0,3222601501,1655661872,179221,82624,0.461
1789962416.7,0.8803910910209278,30.0,0.0,112.0,3222787287,1655724656,185786,62784,0.3379
1789962423.9,0.9499549401347505,31.0,0.0,112.0,3222904234,1655724656,116947,0,0.0
1789962430.8,0.8902112807015035,30.0,0.0,112.0,3222950944,1655724672,46710,16,0.0003
1789962437.8,0.935557240333586,31.0,0.0,112.0,3223161538,1655839296,210594,114624,0.5443
1789962444.8,0.9105812007381235,29.0,1.0,112.0,3223281553,1655839296,120015,0,0.0
1789962452.1,0.9016049894860314,28.0,1.0,112.0,3223576263,1655994176,294710,154880,0.5255
1789962459.2,0.9360078389860815,29.0,0.0,112.0,3223778523,1655994176,202260,0,0.0
1789962466.2,0.9052813023016293,29.0,0.0,112.0,3223851043,1655994176,72520,0,0.0
1789962473.3,0.9235484286266039,28.0,0.0,112.0,3223948810,1655994176,97767,0,0.0
1789962480.5,0.9174903800763872,29.0,0.0,112.0,3224176985,1656039184,228175,45008,0.1973
1789962487.6,0.8386284635301186,26.0,2.0,112.0,3224518636,1656166992,341651,127808,0.3741
1789962494.6,0.9186776717639149,28.0,0.0,112.0,3224623973,1656206784,105337,39792,0.3778
1789962501.6,0.8369762684709685,25.0,3.0,112.0,3224740702,1656206784,116729,0,0.0
1789962508.5,0.8753772869669704,26.0,0.0,112.0,3224955969,1656365504,215267,158720,0.7373
1789962515.5,0.9339265023531262,27.0,0.0,112.0,3225086341,1656365504,130372,0,0.0
1789962522.5,0.8969774128484987,27.0,0.0,112.0,3225213099,1656365504,126758,0,0.0
1789962529.4,0.9087931108472685,28.0,1.0,112.0,3225480174,1656417360,267075,51856,0.1942
1789962536.5,0.9371593688757921,28.0,0.0,112.0,3225541418,1656417360,61244,0,0.0
1789962543.5,0.939405209778706,28.0,0.0,112.0,3225706937,1656465760,165519,48400,0.2924
1789962550.8,0.8761998083167637,28.0,1.0,112.0,3225899740,1656482768,192803,17008,0.0882
1789962558.3,0.9622856080220865,29.0,0.0,112.0,3226139858,1656601200,240118,118432,0.4932
1789962565.2,0.9130630695066302,29.0,0.0,112.0,3226247059,1656601200,107201,0,0.0
1789962572.2,0.9174760753572604,30.0,0.0,112.0,3226419256,1656601232,172197,32,0.0002
1789962579.2,0.9121261104038222,29.0,0.0,112.0,3226555518,1656601232,136262,0,0.0
1789962586.2,0.937702948202612,30.0,0.0,112.0,3226750826,1656650192,195308,48960,0.2507
1789962593.2,0.8741041669646816,28.0,2.0,112.0,3226859801,1656685296,108975,35104,0.3221
1789962600.4,0.8941164690231307,30.0,0.0,112.0,3227152029,1656848224,292228,162928,0.5575
1789962607.4,0.8808559943925501,29.0,0.0,112.0,3227318277,1656848224,166248,0,0.0
1789962614.4,0.9338621311170555,30.0,0.0,112.0,3227508414,1656957904,190137,109680,0.5768
1789962621.4,0.9430099989986697,29.0,0.0,112.0,3227702291,1657019952,193877,62048,0.32
1789962628.3,0.9371307594375384,28.0,1.0,112.0,3227831433,1657019952,129142,0,0.0
1789962635.3,0.8940234883488063,26.0,1.0,112.0,3228017258,1657019968,185825,16,0.0001
1789962642.4,0.9489464574363082,27.0,1.0,112.0,3228093688,1657019984,76430,16,0.0002
1789962649.7,0.961784942852647,29.0,0.0,112.0,3228343522,1657020000,249834,16,0.0001
1789962656.9,0.8844822406912041,27.0,0.0,112.0,3228377151,1657053488,33629,33488,0.9958
1789962664.6,0.9760753572603602,31.0,0.0,112.0,3228607831,1657053504,230680,16,0.0001
1789962671.9,0.9333042470711088,29.0,2.0,112.0,3228793923,1657087216,186092,33712,0.1812
1789962679.1,0.9864891927846997,31.0,0.0,112.0,3229021960,1657184384,228037,97168,0.4261
1789962686.2,0.9225327935685983,30.0,0.0,112.0,3229229841,1657258864,207881,74480,0.3583
1789962693.2,0.9526942938475403,30.0,0.0,112.0,3229229841,1657258864,0,0,
1789962700.5,0.8763142460697784,29.0,0.0,112.0,3229497397,1657350048,267556,91184,0.3408
1789962707.5,0.9561202740784185,31.0,0.0,112.0,3229694761,1657488832,197364,138784,0.7032
1789962714.9,0.9184344915387587,30.0,0.0,112.0,3229885967,1657594656,191206,105824,0.5535
1789962722.0,0.8858697984465075,30.0,0.0,112.0,3230160042,1657666752,274075,72096,0.2631
1789962729.1,0.9790221294004893,32.0,0.0,112.0,3230311670,1657740432,151628,73680,0.4859
1789962736.6,0.9722703019726208,31.0,0.0,112.0,3230429558,1657800848,117888,60416,0.5125
1789962743.9,0.9843077231178565,31.0,0.0,112.0,3230676139,1657969440,246581,168592,0.6837
1789962751.4,0.9244424735720314,31.0,1.0,112.0,3230999730,1658088752,323591,119312,0.3687
1789962758.9,0.9171184573790894,30.0,0.0,113.0,3231137186,1658223504,137456,134752,0.9803
1789962766.0,0.9640880026320683,32.0,0.0,113.0,3231345329,1658223504,208143,0,0.0
1789962773.1,0.907098001630738,30.0,0.0,113.0,3231486708,1658275152,141379,51648,0.3653
1789962780.2,0.9670061653339437,32.0,0.0,113.0,3231622636,1658291616,135928,16464,0.1211
1789962787.2,0.967149212525212,31.0,0.0,113.0,3231686248,1658291616,63612,0,0.0
1789962794.2,0.9806600197405124,31.0,0.0,113.0,3231776192,1658291616,89944,0,0.0
1789962801.1,0.985216072782411,31.0,0.0,113.0,3231890262,1658308096,114070,16480,0.1445
1789962808.3,0.9891069563849114,31.0,0.0,113.0,3231998614,1658324576,108352,16480,0.1521
1789962815.4,0.9607979172328951,29.0,0.0,113.0,3232084956,1658324576,86342,0,0.0
1789962822.6,0.9765903271489265,30.0,0.0,113.0,3232254437,1658489360,169481,164784,0.9723
1789962829.9,0.9819259873832378,30.0,0.0,113.0,3232347956,1658575952,93519,86592,0.9259
1789962837.1,0.8945670676756262,27.0,2.0,113.0,3232631649,1658723584,283693,147632,0.5204
1789962844.1,0.9714692377015177,29.0,0.0,113.0,3232805160,1658723584,173511,0,0.0
1789962851.3,0.961613286223125,29.0,0.0,113.0,3233016354,1658774064,211194,50480,0.239
1789962858.4,0.9957514984193285,29.0,0.0,113.0,3233333497,1659081744,317143,307680,0.9702
1789962865.5,0.9498261976626089,28.0,0.0,113.0,3233628366,1659293360,294869,211616,0.7177
1789962872.7,0.965718740612528,28.0,0.0,113.0,3233781166,1659331040,152800,37680,0.2466
1789962879.7,0.9930979730212998,28.0,0.0,113.0,3233849054,1659331040,67888,0,0.0
1789962886.8,0.9563992161013919,26.0,1.0,113.0,3234106131,1659468128,257077,137088,0.5333
1789962894.0,0.8790679045016951,25.0,2.0,113.0,3234253654,1659515552,147523,47424,0.3215
1789962901.3,0.95597722688715,27.0,1.0,113.0,3234438002,1659515552,184348,0,0.0
1789962908.5,0.9975181312314932,28.0,0.0,113.0,3234599020,1659635536,161018,119984,0.7452
1789962915.8,0.8118500293246742,23.0,3.0,113.0,3234768087,1659673120,169067,37584,0.2223
1789962923.0,0.8704421588682106,24.0,3.0,113.0,3234857801,1659673136,89714,16,0.0002
1789962930.2,0.8885805427210437,24.0,3.0,113.0,3235096453,1659708720,238652,35584,0.1491
1789962937.3,0.9561059693592916,27.0,0.0,113.0,3235199162,1659708720,102709,0,0.0
1789962944.7,0.9343484915673681,28.0,1.0,113.0,3235364566,1659708752,165404,32,0.0002
1789962951.8,0.9713190381506859,28.0,0.0,113.0,3235463096,1659737392,98530,28640,0.2907
1789962959.2,0.9493040754144793,28.0,0.0,113.0,3235672202,1659863296,209106,125904,0.6021
1789962966.7,0.887257356201811,27.0,1.0,113.0,3235890164,1659863312,217962,16,0.0001
1789962974.2,0.9487533437280959,28.0,0.0,113.0,3236056919,1659863312,166755,0,0.0
1789962981.3,0.9118614730999757,27.0,1.0,113.0,3236146915,1659863312,89996,0,0.0
1789962988.4,0.9733932224240777,28.0,0.0,113.0,3236371608,1659975456,224693,112144,0.4991
1789962995.6,0.9125051854606835,28.0,1.0,113.0,3236527841,1659996528,156233,21072,0.1349
1789963002.8,0.8689544680790193,28.0,0.0,113.0,3236720974,1660023136,193133,26608,0.1378
1789963009.9,0.9499406354156236,30.0,0.0,113.0,3236942926,1660040480,221952,17344,0.0781
1789963017.1,0.9619422947630423,29.0,0.0,113.0,3236991319,1660088400,48393,47920,0.9902
1789963024.4,0.9607049365585707,29.0,0.0,113.0,3237167746,1660088400,176427,0,0.0
1789963031.8,0.9876478750339737,30.0,0.0,113.0,3237386342,1660185520,218596,97120,0.4443
1789963039.0,0.9425594003461742,29.0,0.0,113.0,3237623324,1660185520,236982,0,0.0
1789963046.1,0.957643726665427,29.0,0.0,113.0,3237713357,1660185520,90033,0,0.0
1789963053.2,0.901240219148297,27.0,0.0,113.0,3237744393,1660206608,31036,21088,0.6795
1789963060.4,0.9867895918863633,29.0,0.0,113.0,3238029845,1660387184,285452,180576,0.6326
1789963067.6,0.9598681104896505,28.0,0.0,113.0,3238290377,1660579296,260532,192112,0.7374
1789963074.6,0.9327749724634157,27.0,0.0,113.0,3238528669,1660688256,238292,108960,0.4573
1789963081.8,0.9480524124908808,28.0,0.0,113.0,3238761502,1660797776,232833,109520,0.4704
1789963088.9,0.9322027836983421,27.0,0.0,113.0,3238942753,1660797776,181251,0,0.0
1789963095.9,0.9273677886334701,27.0,0.0,113.0,3239044300,1660797776,101547,0,0.0
1789963103.0,0.9319166893158053,27.0,0.0,113.0,3239165655,1660797776,121355,0,0.0
1789963110.2,0.9403636259602043,28.0,0.0,113.0,3239380528,1660797792,214873,16,0.0001
1789963117.4,0.921710272218805,27.0,0.0,113.0,3239380528,1660797792,0,0,
1789963124.6,0.918577538730027,27.0,0.0,113.0,3239724974,1660937728,344446,139936,0.4063
1789963131.6,0.9771696682735634,28.0,0.0,113.0,3239774064,1660937728,49090,0,0.0
1789963138.7,0.9301643612227674,26.0,1.0,113.0,3239896163,1660937728,122099,0,0.0
1789963145.9,0.9403350165219506,27.0,0.0,113.0,3240074305,1660937728,178142,0,0.0
1789963153.7,0.9684151801679374,27.0,0.0,113.0,3240141702,1660965200,67397,27472,0.4076
1789963160.8,0.9794727280529847,26.0,0.0,113.0,3240256358,1660965200,114656,0,0.0
1789963168.0,0.9370306264036505,26.0,0.0,113.0,3240447152,1661052000,190794,86800,0.4549
1789963175.3,0.9858955469409358,27.0,0.0,113.0,3240554815,1661052000,107663,0,0.0
1789963182.4,0.9580585635201053,26.0,0.0,113.0,3240723166,1661106816,168351,54816,0.3256
1789963189.5,0.9448266983277783,25.0,0.0,113.0,3241073451,1661362240,350285,255424,0.7292
1789963196.8,0.9529088646344429,26.0,0.0,113.0,3241325966,1661420368,252515,58128,0.2302
1789963204.0,0.9268814281831577,26.0,0.0,113.0,3241402101,1661420368,76135,0,0.0
1789963211.4,0.9618922282460984,26.0,1.0,113.0,3241535670,1661420368,133569,0,0.0
1789963218.5,0.9329609338120646,26.0,0.0,113.0,3241721053,1661420368,185383,0,0.0
1789963225.7,0.9833993734533022,27.0,0.0,113.0,3241861030,1661475904,139977,55536,0.3968
1789963232.9,0.9490751999084498,27.0,2.0,113.0,3242087105,1661538560,226075,62656,0.2771
1789963240.1,0.9750740269214814,27.0,0.0,113.0,3242327020,1661699600,239915,161040,0.6712
1789963247.3,0.9759037006308381,27.0,0.0,113.0,3242542941,1661754528,215921,54928,0.2544
1789963254.6,0.9553907334029497,28.0,0.0,113.0,3242756270,1661787680,213329,33152,0.1554
1789963262.1,0.9607907648733317,28.0,0.0,113.0,3242849323,1661787680,93053,0,0.0
1789963269.3,0.8837527000157352,25.0,3.0,113.0,3242965194,1661787696,115871,16,0.0001
1789963276.6,0.9261876493055059,28.0,0.0,113.0,3243275113,1661894432,309919,106736,0.3444
1789963283.9,0.9478378417039781,28.0,0.0,113.0,3243406854,1661964512,131741,70080,0.532
1789963291.5,0.9342912726908608,29.0,1.0,113.0,3243588737,1662004496,181883,39984,0.2198
1789963298.8,0.9825696997439455,30.0,1.0,113.0,3243769331,1662090640,180594,86144,0.477
1789963306.1,0.885469266310956,28.0,1.0,113.0,3244021862,1662217040,252531,126400,0.5005
1789963313.8,0.9337190839257872,29.0,0.0,113.0,3244193129,1662241472,171267,24432,0.1427
1789963321.3,0.8666299512209078,29.0,0.0,113.0,3244406419,1662290848,213290,49376,0.2315
1789963328.7,0.8621525741342069,27.0,1.0,113.0,3244504630,1662290864,98211,16,0.0002
1789963336.3,0.9333543135880527,29.0,0.0,113.0,3244657592,1662290864,152962,0,0.0
1789963343.9,0.9287553463887737,29.0,0.0,113.0,3244877651,1662326048,220059,35184,0.1599
1789963351.3,0.8828586550703077,26.0,1.0,113.0,3245074412,1662424384,196761,98336,0.4998
1789963358.7,0.9351352511193443,28.0,0.0,113.0,3245258363,1662460624,183951,36240,0.197
1789963366.2,0.9400060079820333,28.0,0.0,113.0,3245461083,1662586544,202720,125920,0.6212
1789963373.6,0.88470396383767,27.0,1.0,113.0,3245727903,1662699744,266820,113200,0.4243
1789963381.0,0.8986367602672122,27.0,2.0,113.0,3245875463,1662760672,147560,60928,0.4129
1789963388.5,0.9730713662437238,29.0,0.0,113.0,3246035811,1662850608,160348,89936,0.5609
1789963396.0,0.9313230434720414,28.0,0.0,113.0,3246179046,1662915024,143235,64416,0.4497
1789963403.7,0.9656972835338378,29.0,0.0,113.0,3246365940,1662979552,186894,64528,0.3453
1789963411.3,0.9053814353355172,27.0,1.0,113.0,3246497608,1663021152,131668,41600,0.3159
1789963418.8,0.9006036591471527,28.0,0.0,113.0,3246823317,1663163600,325709,142448,0.4373
1789963426.6,0.9272032843635115,28.0,3.0,113.0,3246985446,1663163600,162129,0,0.0
1789963434.1,0.9829130130029897,31.0,0.0,113.0,3247250383,1663292240,264937,128640,0.4855
1789963442.0,0.9588095612742644,30.0,1.0,113.0,3247355104,1663292240,104721,0,0.0
1789963449.6,0.95652080621397,30.0,0.0,113.0,3247522865,1663311392,167761,19152,0.1142
1789963457.3,0.8965768807129472,30.0,1.0,113.0,3247853726,1663362544,330861,51152,0.1546
1789963464.8,0.9398558084312014,30.0,2.0,113.0,3248016292,1663423856,162566,61312,0.3772
1789963472.3,0.972291759051311,31.0,0.0,113.0,3248102883,1663442992,86591,19136,0.221
1789963479.9,0.9687155792696011,31.0,0.0,113.0,3248334039,1663442992,231156,0,0.0
1789963487.6,0.9074484672493456,29.0,1.0,113.0,3248558104,1663484048,224065,41056,0.1832
1789963495.2,0.9554622569985838,29.0,1.0,113.0,3248658773,1663484048,100669,0,0.0
1789963502.7,0.9560916646401648,29.0,0.0,113.0,3248852709,1663565584,193936,81536,0.4204
1789963510.3,0.9397413706781867,28.0,1.0,113.0,3248978681,1663565584,125972,0,0.0
1789963517.8,0.9655041698256255,30.0,0.0,113.0,3249182814,1663575920,204133,10336,0.0506
1789963525.4,0.9172185904129773,28.0,1.0,113.0,3249265477,1663575920,82663,0,0.0
1789963532.9,0.9526442273305964,29.0,0.0,113.0,3249465968,1663589920,200491,14000,0.0698
1789963540.3,0.9341911396569729,29.0,0.0,113.0,3249570318,1663601440,104350,11520,0.1104
1789963547.6,0.8963766146451715,29.0,1.0,113.0,3249727649,1663601440,157331,0,0.0
1789963555.3,0.9551904673351739,30.0,0.0,113.0,3249905429,1663622880,177780,21440,0.1206
1789963563.0,0.9054744160098417,30.0,0.0,113.0,3250079549,1663674064,174120,51184,0.294
1789963570.7,0.9414436322542807,31.0,0.0,113.0,3250374367,1663791008,294818,116944,0.3967
1789963578.4,0.9743230291673223,31.0,0.0,113.0,3250516087,1663791008,141720,0,0.0
1789963586.0,0.8581615574978185,28.0,0.0,113.0,3250651591,1663820848,135504,29840,0.2202
1789963593.5,0.9314231765059293,29.0,1.0,113.0,3250758580,1663820848,106989,0,0.0
1789963600.9,0.8403950963422833,28.0,2.0,113.0,3250918957,1663832368,160377,11520,0.0718
1789963608.5,0.9403207118028237,31.0,0.0,113.0,3251198008,1664002960,279051,170592,0.6113
1789963616.1,0.8997167665612886,31.0,0.0,113.0,3251440317,1664047360,242309,44400,0.1832
1789963623.5,0.8924285121661636,29.0,0.0,113.0,3251566827,1664047376,126510,16,0.0001
1789963630.7,0.8607221022215229,26.0,0.0,113.0,3251566827,1664047376,0,0,
1789963638.5,0.9002603458881084,27.0,0.0,113.0,3251829311,1664047376,262484,0,0.0
1789963645.9,0.9485530776603202,27.0,0.0,113.0,3251829311,1664047376,0,0,
1789963653.3,0.8507159511922984,25.0,1.0,113.0,3251967991,1664047376,138680,0,0.0
1789963660.6,0.8691904959446122,25.0,1.0,113.0,3252108039,1664047376,140048,0,0.0
1789963668.0,0.9277826254881485,26.0,0.0,113.0,3252268183,1664047376,160144,0,0.0
1789963675.2,0.9314732430228733,25.0,0.0,113.0,3252268183,1664047376,0,0,
1789963682.4,0.8234225470982877,23.0,0.0,113.0,3252470478,1664047376,202295,0,0.0
1789963689.8,0.860042628062998,23.0,0.0,113.0,3252470478,1664047376,0,0,
1789963696.9,0.8780165076458724,23.0,0.0,113.0,3252470478,1664047376,0,0,
1789963704.4,0.6864190996609781,19.0,0.0,113.0,3252470478,1664047376,0,0,
1789963711.8,0.6664711688385998,17.0,0.0,113.0,3252470478,1664047376,0,0,
1789963719.1,0.6239217817958145,16.0,0.0,113.0,3252470478,1664047376,0,0,
1789963726.3,0.618021085155993,15.0,0.0,113.0,3252470478,1664047376,0,0,
1789963733.5,0.0,0.0,0.0,113.0,3252470478,1664047376,0,0,
1789963740.8,0.0,0.0,0.0,113.0,3252470478,1664047376,0,0,
1789963748.2,0.0,0.0,0.0,113.0,3252470478,1664047376,0,0,
1789963755.5,0.0,0.0,0.0,113.0,3252470478,1664047376,0,0,
1789963762.6,0.0,0.0,0.0,113.0,3252470478,1664047376,0,0,
1789963769.6,0.0,0.0,0.0,113.0,3252470478,1664047376,0,0,
1789963776.6,0.0,0.0,0.0,113.0,3252470478,1664047376,0,0,
1789963783.7,0.0,0.0,0.0,113.0,3252470478,1664047376,0,0,
1789963790.8,0.0,0.0,0.0,113.0,3252470478,1664047376,0,0,
1789963797.8,0.0,0.0,0.0,113.0,3252470478,1664047376,0,0,
1789963804.8,0.0,0.0,0.0,113.0,3252470478,1664047376,0,0,
1789963812.0,0.0,0.0,0.0,113.0,3252470478,1664047376,0,0,
1789963819.1,0.0,0.0,0.0,113.0,3252470478,1664047376,0,0,
1789963826.2,0.0,0.0,0.0,113.0,3252470478,1664047376,0,0,
1789963833.3,0.0,0.0,0.0,113.0,3252470478,1664047376,0,0,
1789963840.3,0.0,0.0,0.0,113.0,3252470478,1664047376,0,0,
1789963847.3,0.0,0.0,0.0,113.0,3252470478,1664047376,0,0,
1789963854.4,0.0,0.0,0.0,113.0,3252470478,1664047376,0,0,
1789963861.5,0.0,0.0,0.0,113.0,3252470478,1664047376,0,0,
1789963868.5,0.0,0.0,0.0,113.0,3252470478,1664047376,0,0,
1789963875.5,0.0,0.0,0.0,113.0,3252470478,1664047376,0,0,
1789963882.4,0.0,0.0,0.0,113.0,3252470478,1664047376,0,0,
1789963889.5,0.0,0.0,0.0,113.0,3252470478,1664047376,0,0,
1789963896.6,0.0,0.0,0.0,113.0,3252470478,1664047376,0,0,
1789963903.7,0.0,0.0,0.0,113.0,3252470478,1664047376,0,0,
1789963910.7,0.0,0.0,0.0,113.0,3252470478,1664047376,0,0,
1789963917.8,0.0,0.0,0.0,113.0,3252470478,1664047376,0,0,
1789963924.8,0.0,0.0,0.0,113.0,3252470478,1664047376,0,0,
1789963931.9,0.0,0.0,0.0,113.0,3252470478,1664047376,0,0,
1789963939.0,0.0,0.0,0.0,113.0,3252470478,1664047376,0,0,
1789963946.1,0.0,0.0,0.0,113.0,3252470478,1664047376,0,0,
1789963953.3,0.0,0.0,0.0,113.0,3252470478,1664047376,0,0,
1789963960.7,0.0,0.0,0.0,113.0,3252470478,1664047376,0,0,
1789963968.3,0.0,0.0,0.0,113.0,3252470478,1664047376,0,0,
1789963975.4,0.0,0.0,0.0,113.0,3252470478,1664047376,0,0,
1789963982.5,0.0,0.0,0.0,113.0,3252470478,1664047376,0,0,
1789963989.1,0.0,0.0,0.0,113.0,3252470478,1664047376,0,0,
1789963995.7,0.0,0.0,0.0,113.0,3252470478,1664047376,0,0,
1789964002.3,0.0,0.0,0.0,113.0,3252470478,1664047376,0,0,
1789964008.8,0.0,0.0,0.0,113.0,3252470478,1664047376,0,0,
1789964015.4,0.0,0.0,0.0,113.0,3252470478,1664047376,0,0,
1789964022.0,0.0,0.0,0.0,113.0,3252470478,1664047376,0,0,
1789964028.6,0.0,0.0,0.0,113.0,3252470478,1664047376,0,0,
1789964035.2,0.0,0.0,0.0,113.0,3252470478,1664047376,0,0,
1789964041.7,0.0,0.0,0.0,113.0,3252470478,1664047376,0,0,
1789964048.3,0.0,0.0,0.0,113.0,3252470478,1664047376,0,0,
1789964054.8,0.0,0.0,0.0,113.0,3252470478,1664047376,0,0,
1789964061.3,0.0,0.0,0.0,113.0,3252470478,1664047376,0,0,
1789964067.8,0.0,0.0,0.0,113.0,3252470478,1664047376,0,0,
1789964074.4,0.0,0.0,0.0,113.0,3252470478,1664047376,0,0,
1789964081.0,0.0,0.0,0.0,113.0,3252470478,1664047376,0,0,
1789964087.6,0.0,0.0,0.0,113.0,3252470478,1664047376,0,0,
1789964094.3,0.0,0.0,0.0,113.0,3252470478,1664047376,0,0,
1789964101.0,0.0,0.0,0.0,113.0,3252470478,1664047376,0,0,
1789964107.6,0.0,0.0,0.0,113.0,3252470478,1664047376,0,0,
1789964114.6,0.0,0.0,0.0,113.0,3252470478,1664047376,0,0,
1789964122.1,0.0,0.0,0.0,113.0,3252470478,1664047376,0,0,
1789964129.1,0.0,0.0,0.0,113.0,3252470478,1664047376,0,0,
1789964135.7,0.0,0.0,0.0,113.0,3252470478,1664047376,0,0,
1789964142.3,0.0,0.0,0.0,113.0,3252470478,1664047376,0,0,
1789964148.9,0.0,0.0,0.0,113.0,3252470478,1664047376,0,0,
1789964155.4,0.0,0.0,0.0,113.0,3252470478,1664047376,0,0,
1789964162.0,0.0,0.0,0.0,113.0,3252470478,1664047376,0,0,
1789964168.6,0.0,0.0,0.0,113.0,3252470478,1664047376,0,0,
1789964175.1,0.0,0.0,0.0,113.0,3252470478,1664047376,0,0,
1789964181.7,0.0,0.0,0.0,113.0,3252470478,1664047376,0,0,
1789964188.3,0.0,0.0,0.0,113.0,3252470478,1664047376,0,0,
1789964194.8,0.0,0.0,0.0,113.0,3252470478,1664047376,0,0,
1789964201.4,0.0,0.0,0.0,113.0,3252470478,1664047376,0,0,
1789964207.9,0.0,0.0,0.0,113.0,3252470478,1664047376,0,0,
1789964214.5,0.0,0.0,0.0,113.0,3252470478,1664047376,0,0,
1789964220.9,0.0,0.0,0.0,113.0,3252470478,1664047376,0,0,
1789964227.5,0.0,0.0,0.0,113.0,3252470478,1664047376,0,0,
1789964234.0,0.0,0.0,0.0,113.0,3252470478,1664047376,0,0,
1789964240.6,0.0,0.0,0.0,113.0,3252470478,1664047376,0,0,
1789964247.1,0.0,0.0,0.0,113.0,3252470478,1664047376,0,0,
1789964253.7,0.0,0.0,0.0,113.0,3252470478,1664047376,0,0,
1789964260.3,0.0,0.0,0.0,113.0,3252470478,1664047376,0,0,
1789964266.8,0.0,0.0,0.0,113.0,3252470478,1664047376,0,0,
1789964273.4,0.0,0.0,0.0,113.0,3252470478,1664047376,0,0,
1789964280.1,0.0,0.0,0.0,113.0,3252470478,1664047376,0,0,
1789964286.8,0.0,0.0,0.0,113.0,3252470478,1664047376,0,0,
1789964293.4,0.0,0.0,0.0,113.0,3252470478,1664047376,0,0,
1789964299.9,0.0,0.0,0.0,113.0,3252470478,1664047376,0,0,
1789964306.5,0.0,0.0,0.0,113.0,3252470478,1664047376,0,0,
1789964313.1,0.0,0.0,0.0,113.0,3252470478,1664047376,0,0,
1789964320.0,0.0,0.0,0.0,113.0,3252470478,1664047376,0,0,
1789964326.6,0.0,0.0,0.0,113.0,3252470478,1664047376,0,0,
1789964333.3,0.0,0.0,0.0,113.0,3252470478,1664047376,0,0,
1789964340.1,0.0,0.0,0.0,113.0,3252470478,1664047376,0,0,
1789964346.7,0.0,0.0,0.0,113.0,3252470478,1664047376,0,0,
1789964353.4,0.0,0.0,0.0,113.0,3252470478,1664047376,0,0,
1789964360.0,0.0,0.0,0.0,113.0,3252470478,1664047376,0,0,
1789964367.0,0.0,0.0,0.0,113.0,3252470478,1664047376,0,0,
1789964373.6,0.0,0.0,0.0,113.0,3252470478,1664047376,0,0,
1789964380.2,0.0,0.0,0.0,113.0,3252470478,1664047376,0,0,
1789964386.9,0.0,0.0,0.0,113.0,3252470478,1664047376,0,0,
1789964393.4,0.0,0.0,0.0,113.0,3252470478,1664047376,0,0,
1789964400.0,0.0,0.0,0.0,113.0,3252470478,1664047376,0,0,
1789964406.6,0.0,0.0,0.0,113.0,3252470478,1664047376,0,0,
1789964413.2,0.0,0.0,0.0,113.0,3252470478,1664047376,0,0,
1789964419.8,0.0,0.0,0.0,113.0,3252470478,1664047376,0,0,
1789964426.4,0.0,0.0,0.0,113.0,3252470478,1664047376,0,0,
1789964432.9,0.0,0.0,0.0,113.0,3252470478,1664047376,0,0,
1789964439.5,0.0,0.0,0.0,113.0,3252470478,1664047376,0,0,
1789964446.2,0.0,0.0,0.0,113.0,3252470478,1664047376,0,0,
1789964452.8,0.0,0.0,0.0,113.0,3252470478,1664047376,0,0,
1789964459.4,0.0,0.0,0.0,113.0,3252470478,1664047376,0,0,
1789964466.0,0.0,0.0,0.0,113.0,3252470478,1664047376,0,0,
1789964472.6,0.0,0.0,0.0,113.0,3252470478,1664047376,0,0,
1789964479.1,0.0,0.0,0.0,113.0,3252470478,1664047376,0,0,
1789964485.7,0.0,0.0,0.0,113.0,3252470478,1664047376,0,0,
1789964492.2,0.0,0.0,0.0,113.0,3252470478,1664047376,0,0,
1789964498.8,0.0,0.0,0.0,113.0,3252470478,1664047376,0,0,
1789964505.3,0.0,0.0,0.0,113.0,3252470478,1664047376,0,0,
1789964511.9,0.0,0.0,0.0,113.0,3252470478,1664047376,0,0,
1789964518.5,0.0,0.0,0.0,113.0,3252470478,1664047376,0,0,
1789964525.0,0.0,0.0,0.0,113.0,3252470478,1664047376,0,0,
1789964531.6,0.0,0.0,0.0,113.0,3252470478,1664047376,0,0,
1789964538.2,0.0,0.0,0.0,113.0,3252470478,1664047376,0,0,
1789964544.7,0.0,0.0,0.0,113.0,3252470478,1664047376,0,0,
1789964551.3,0.0,0.0,0.0,113.0,3252470478,1664047376,0,0,
1789964557.9,0.0,0.0,0.0,113.0,3252470478,1664047376,0,0,
1789964564.5,0.0,0.0,0.0,113.0,3252470478,1664047376,0,0,
1789964571.1,0.0,0.0,0.0,113.0,3252470478,1664047376,0,0,
1789964577.7,0.0,0.0,0.0,113.0,3252470478,1664047376,0,0,
1789964584.3,0.0,0.0,0.0,113.0,3252470478,1664047376,0,0,
1789964590.9,0.0,0.0,0.0,113.0,3252470478,1664047376,0,0,
1789964597.4,0.0,0.0,0.0,113.0,3252470478,1664047376,0,0,
1789964604.2,0.0,0.0,0.0,113.0,3252470478,1664047376,0,0,
1789964611.0,0.0,0.0,0.0,113.0,3252470478,1664047376,0,0,
1789964617.5,0.0,0.0,0.0,113.0,3252470478,1664047376,0,0,
1789964624.2,0.0,0.0,0.0,113.0,3252470478,1664047376,0,0,
1789964630.9,0.0,0.0,0.0,113.0,3252470478,1664047376,0,0,
1789964637.7,0.0,0.0,0.0,113.0,3252470478,1664047376,0,0,
1789964644.3,0.0,0.0,0.0,113.0,3252470478,1664047376,0,0,
1789964651.0,0.0,0.0,0.0,113.0,3252470478,1664047376,0,0,
1789964657.7,0.0,0.0,0.0,113.0,3252470478,1664047376,0,0,
1789964664.4,0.0,0.0,0.0,113.0,3252470478,1664047376,0,0,
1789964671.0,0.0,0.0,0.0,113.0,3252470478,1664047376,0,0,
1789964677.6,0.0,0.0,0.0,113.0,3252470478,1664047376,0,0,
1789964684.2,0.0,0.0,0.0,113.0,3252470478,1664047376,0,0,
1789964690.9,0.0,0.0,0.0,113.0,3252470478,1664047376,0,0,
1789964697.5,0.0,0.0,0.0,113.0,3252470478,1664047376,0,0,
1789964704.2,0.0,0.0,0.0,113.0,3252470478,1664047376,0,0,
1789964710.7,0.0,0.0,0.0,113.0,3252470478,1664047376,0,0,
1789964717.3,0.0,0.0,0.0,113.0,3252470478,1664047376,0,0,
1789964723.9,0.0,0.0,0.0,113.0,3252470478,1664047376,0,0,
1789964730.5,0.0,0.0,0.0,113.0,3252470478,1664047376,0,0,
1789964737.0,0.0,0.0,0.0,113.0,3252470478,1664047376,0,0,
1789964743.7,0.0,0.0,0.0,113.0,3252470478,1664047376,0,0,
1789964750.2,0.0,0.0,0.0,113.0,3252470478,1664047376,0,0,
1789964756.8,0.0,0.0,0.0,113.0,3252470478,1664047376,0,0,
1789964763.4,0.0,0.0,0.0,113.0,3252470478,1664047376,0,0,
1789964769.9,0.0,0.0,0.0,113.0,3252470478,1664047376,0,0,
1789964776.8,0.0,0.0,0.0,113.0,3252470478,1664047376,0,0,
1789964783.5,0.0,0.0,0.0,113.0,3252470478,1664047376,0,0,
1789964790.2,0.0,0.0,0.0,113.0,3252470478,1664047376,0,0,
1789964797.1,0.0,0.0,0.0,113.0,3252470478,1664047376,0,0,
1789964804.1,0.0,0.0,0.0,113.0,3252470478,1664047376,0,0,
1789964811.1,0.0,0.0,0.0,113.0,3252470478,1664047376,0,0,
1789964818.0,0.0,0.0,0.0,113.0,3252470478,1664047376,0,0,
1789964824.5,0.0,0.0,0.0,113.0,3252470478,1664047376,0,0,
1789964831.4,0.0,0.0,0.0,113.0,3252470478,1664047376,0,0,
1789964838.4,0.0,0.0,0.0,113.0,3252470478,1664047376,0,0,
1789964845.2,0.0,0.0,0.0,113.0,3252470478,1664047376,0,0,
1789964851.8,0.0,0.0,0.0,113.0,3252470478,1664047376,0,0,
1789964858.5,0.0,0.0,0.0,113.0,3252470478,1664047376,0,0,
1789964865.2,0.0,0.0,0.0,113.0,3252470478,1664047376,0,0,
1789964872.1,0.0,0.0,0.0,113.0,3252470478,1664047376,0,0,
1789964878.9,0.0,0.0,0.0,113.0,3252470478,1664047376,0,0,
1789964885.9,0.0,0.0,0.0,113.0,3252470478,1664047376,0,0,
1789964892.8,0.0,0.0,0.0,113.0,3252470478,1664047376,0,0,
1789964899.4,0.0,0.0,0.0,113.0,3252470478,1664047376,0,0,
1789964906.0,0.0,0.0,0.0,113.0,3252470478,1664047376,0,0,
1789964912.6,0.0,0.0,0.0,113.0,3252470478,1664047376,0,0,
1789964919.1,0.0,0.0,0.0,113.0,3252470478,1664047376,0,0,
1789964925.7,0.0,0.0,0.0,113.0,3252470478,1664047376,0,0,
1789964932.3,0.0,0.0,0.0,113.0,3252470478,1664047376,0,0,
1789964938.9,0.0,0.0,0.0,113.0,3252470478,1664047376,0,0,
1789964945.4,0.0,0.0,0.0,113.0,3252470478,1664047376,0,0,
1789964952.0,0.0,0.0,0.0,113.0,3252470478,1664047376,0,0,
1789964958.6,0.0,0.0,0.0,113.0,3252470478,1664047376,0,0,
1789964965.1,0.0,0.0,0.0,113.0,3252470478,1664047376,0,0,
1789964971.8,0.0,0.0,0.0,113.0,3252470478,1664047376,0,0,
1789964978.3,0.0,0.0,0.0,113.0,3252470478,1664047376,0,0,
1789964984.9,0.0,0.0,0.0,113.0,3252470478,1664047376,0,0,
1789964991.4,0.0,0.0,0.0,113.0,3252470478,1664047376,0,0,
1789964997.9,0.0,0.0,0.0,113.0,3252470478,1664047376,0,0,
1789965004.5,0.0,0.0,0.0,113.0,3252470478,1664047376,0,0,
1789965011.1,0.0,0.0,0.0,113.0,3252470478,1664047376,0,0,
1789965017.7,0.0,0.0,0.0,113.0,3252470478,1664047376,0,0,
1789965024.3,0.0,0.0,0.0,113.0,3252470478,1664047376,0,0,
1789965030.9,0.0,0.0,0.0,113.0,3252470478,1664047376,0,0,
1789965037.4,0.0,0.0,0.0,113.0,3252470478,1664047376,0,0,
1789965044.1,0.0,0.0,0.0,113.0,3252470478,1664047376,0,0,
1789965050.7,0.0,0.0,0.0,113.0,3252470478,1664047376,0,0,
1789965057.3,0.0,0.0,0.0,113.0,3252470478,1664047376,0,0,
1789965064.0,0.0,0.0,0.0,113.0,3252470478,1664047376,0,0,
1789965070.6,0.0,0.0,0.0,113.0,3252470478,1664047376,0,0,
1789965077.3,0.0,0.0,0.0,113.0,3252470478,1664047376,0,0,
1789965084.0,0.0,0.0,0.0,113.0,3252470478,1664047376,0,0,
1789965090.6,0.0,0.0,0.0,113.0,3252470478,1664047376,0,0,
1789965097.1,0.0,0.0,0.0,113.0,3252470478,1664047376,0,0,
1789965103.7,0.0,0.0,0.0,113.0,3252470478,1664047376,0,0,
1789965110.3,0.0,0.0,0.0,113.0,3252470478,1664047376,0,0,
1789965116.9,0.0,0.0,0.0,113.0,3252470478,1664047376,0,0,
1789965123.4,0.0,0.0,0.0,113.0,3252470478,1664047376,0,0,
1789965130.0,0.0,0.0,0.0,113.0,3252470478,1664047376,0,0,
1789965136.7,0.0,0.0,0.0,113.0,3252470478,1664047376,0,0,
1789965143.4,0.0,0.0,0.0,113.0,3252470478,1664047376,0,0,
1789965150.0,0.0,0.0,0.0,113.0,3252470478,1664047376,0,0,
1789965156.6,0.0,0.0,0.0,113.0,3252470478,1664047376,0,0,
1789965163.3,0.0,0.0,0.0,113.0,3252470478,1664047376,0,0,
1789965170.0,0.0,0.0,0.0,113.0,3252470478,1664047376,0,0,
1789965176.6,0.0,0.0,0.0,113.0,3252470478,1664047376,0,0,
1789965183.3,0.0,0.0,0.0,113.0,3252470478,1664047376,0,0,
1789965189.9,0.0,0.0,0.0,113.0,3252470478,1664047376,0,0,
1789965196.5,0.0,0.0,0.0,113.0,3252470478,1664047376,0,0,
1789965203.1,0.0,0.0,0.0,113.0,3252470478,1664047376,0,0,
1789965209.8,0.0,0.0,0.0,113.0,3252470478,1664047376,0,0,
1789965214.4,0.0,0.0,0.0,113.0,3252470478,1664047376,0,0,
