ts,kv_cache_usage_perc,num_requests_running,num_requests_waiting,num_preemptions_total,cum_prefix_cache_queries,cum_prefix_cache_hits,interval_queries,interval_hits,interval_hit_rate
1790916843.3,0.0,0.0,0.0,2099.0,786897851,192270864,0,0,
1790916845.4,0.0,0.0,0.0,2099.0,786897851,192270864,0,0,
1790916847.5,0.0,0.0,0.0,2099.0,786897851,192270864,0,0,
1790916849.5,0.0,0.0,0.0,2099.0,786897851,192270864,0,0,
1790916851.5,0.0,0.0,0.0,2099.0,786897851,192270864,0,0,
1790916853.6,0.0,0.0,0.0,2099.0,786897851,192270864,0,0,
1790916855.6,0.0,0.0,0.0,2099.0,786897851,192270864,0,0,
1790916857.6,0.0,0.0,0.0,2099.0,786897851,192270864,0,0,
1790916859.7,0.0,0.0,0.0,2099.0,786897851,192270864,0,0,
1790916861.7,0.0,0.0,0.0,2099.0,786897851,192270864,0,0,
1790916863.7,0.0,0.0,0.0,2099.0,786897851,192270864,0,0,
1790916865.8,0.0,0.0,0.0,2099.0,786897851,192270864,0,0,
1790916867.8,0.0,0.0,0.0,2099.0,786897851,192270864,0,0,
1790916869.8,0.0,0.0,0.0,2099.0,786897851,192270864,0,0,
1790916871.9,0.0,0.0,0.0,2099.0,786897851,192270864,0,0,
1790916873.9,0.0,0.0,0.0,2099.0,786897851,192270864,0,0,
1790916875.9,0.0,0.0,0.0,2099.0,786897851,192270864,0,0,
1790916878.0,0.0,0.0,0.0,2099.0,786897851,192270864,0,0,
1790916880.0,0.0,0.0,0.0,2099.0,786897851,192270864,0,0,
1790916882.0,0.0,0.0,0.0,2099.0,786897851,192270864,0,0,
1790916884.1,0.0,0.0,0.0,2099.0,786897851,192270864,0,0,
1790916886.1,0.0,0.0,0.0,2099.0,786897851,192270864,0,0,
1790916888.2,0.0,0.0,0.0,2099.0,786897851,192270864,0,0,
1790916890.2,0.0,0.0,0.0,2099.0,786897851,192270864,0,0,
1790916892.2,0.0,0.0,0.0,2099.0,786897851,192270864,0,0,
1790916894.3,0.0,0.0,0.0,2099.0,786897851,192270864,0,0,
1790916896.3,0.0,0.0,0.0,2099.0,786897851,192270864,0,0,
1790916898.3,0.0,0.0,0.0,2099.0,786897851,192270864,0,0,
1790916900.4,0.0,0.0,0.0,2099.0,786897851,192270864,0,0,
1790916902.4,0.0,0.0,0.0,2099.0,786897851,192270864,0,0,
1790916904.5,0.0,0.0,0.0,2099.0,786897851,192270864,0,0,
1790916906.5,0.0,0.0,0.0,2099.0,786897851,192270864,0,0,
1790916908.5,0.0,0.0,0.0,2099.0,786897851,192270864,0,0,
1790916910.6,0.0,0.0,0.0,2099.0,786897851,192270864,0,0,
1790916912.6,0.0,0.0,0.0,2099.0,786897851,192270864,0,0,
1790916914.6,0.0,0.0,0.0,2099.0,786897851,192270864,0,0,
1790916916.7,0.0,0.0,0.0,2099.0,786897851,192270864,0,0,
1790916918.7,0.0,0.0,0.0,2099.0,786897851,192270864,0,0,
1790916920.8,0.0,0.0,0.0,2099.0,786897851,192270864,0,0,
1790916922.8,0.0,0.0,0.0,2099.0,786897851,192270864,0,0,
1790916924.9,0.0,0.0,0.0,2099.0,786897851,192270864,0,0,
1790916927.0,0.0,0.0,0.0,2099.0,786897851,192270864,0,0,
1790916929.0,0.0,0.0,0.0,2099.0,786897851,192270864,0,0,
1790916931.0,0.0,0.0,0.0,2099.0,786897851,192270864,0,0,
1790916933.1,0.0,0.0,0.0,2099.0,786897851,192270864,0,0,
1790916935.1,0.0,0.0,0.0,2099.0,786897851,192270864,0,0,
1790916937.1,0.0,0.0,0.0,2099.0,786897851,192270864,0,0,
1790916939.2,0.0,0.0,0.0,2099.0,786897851,192270864,0,0,
1790916941.2,0.0,0.0,0.0,2099.0,786897851,192270864,0,0,
1790916943.2,0.01666499778276853,9.0,21.0,2099.0,786951349,192270864,53498,0,0.0
1790916945.3,0.04967313716795174,17.0,47.0,2099.0,787008868,192270864,57519,0,0.0
1790916947.4,0.08346088374554761,16.0,81.0,2099.0,787139000,192270864,130132,0,0.0
1790916949.5,0.10347318580399678,13.0,116.0,2099.0,787139976,192270864,976,0,0.0
1790916951.5,0.13896319395768664,18.0,144.0,2099.0,787243517,192270864,103541,0,0.0
1790916953.7,0.16736521378402736,28.0,159.0,2099.0,787287082,192270864,43565,0,0.0
1790916955.7,0.20676756261890794,25.0,186.0,2099.0,787389330,192270864,102248,0,0.0
1790916957.8,0.24398128942738206,31.0,199.0,2099.0,787484248,192270864,94918,0,0.0
1790916959.9,0.2781910252192198,24.0,212.0,2099.0,787574265,192270864,90017,0,0.0
1790916962.0,0.3061209893143748,19.0,230.0,2099.0,787635224,192270864,60959,0,0.0
1790916964.1,0.33769150442731055,27.0,222.0,2099.0,787712597,192270864,77373,0,0.0
1790916966.2,0.3767433876435836,45.0,206.0,2099.0,787804888,192270864,92291,0,0.0
1790916968.2,0.4065043557869741,44.0,206.0,2099.0,787881736,192270864,76848,0,0.0
1790916970.3,0.439491038093467,34.0,216.0,2099.0,787949720,192270864,67984,0,0.0
1790916972.4,0.470725392306922,33.0,220.0,2099.0,788031613,192270864,81893,0,0.0
1790916974.5,0.4996352296622656,34.0,224.0,2099.0,788106144,192270864,74531,0,0.0
1790916976.5,0.5331511865764516,30.0,227.0,2099.0,788163076,192270864,56932,0,0.0
1790916978.6,0.5733188378846181,39.0,219.0,2099.0,788282641,192270864,119565,0,0.0
1790916980.7,0.6021929134421445,38.0,218.0,2099.0,788318610,192270864,35969,0,0.0
1790916982.7,0.6378474258657931,40.0,216.0,2099.0,788405490,192270864,86880,0,0.0
1790916984.8,0.6437981890225586,38.0,217.0,2099.0,788489221,192270864,83731,0,0.0
1790916986.9,0.6648547355772669,37.0,218.0,2099.0,788539024,192270864,49803,0,0.0
1790916988.9,0.6632669117541877,37.0,218.0,2099.0,788584902,192270864,45878,0,0.0
1790916991.0,0.6960318709142146,41.0,213.0,2099.0,788675406,192270880,90504,16,0.0002
1790916993.1,0.7324802952494027,46.0,212.0,2099.0,788758575,192270880,83169,0,0.0
1790916995.2,0.7676627519418656,46.0,211.0,2099.0,788829710,192270880,71135,0,0.0
1790916997.2,0.7990186962678988,53.0,204.0,2099.0,788893847,192270880,64137,0,0.0
1790916999.3,0.8281502567697083,53.0,205.0,2099.0,789064761,192270880,170914,0,0.0
1790917001.4,0.8402735062297052,49.0,206.0,2099.0,789064761,192270880,0,0,
1790917003.5,0.8508375413048765,47.0,210.0,2099.0,789064761,192270880,0,0,
1790917005.5,0.8616161471669503,46.0,211.0,2099.0,789064761,192270880,0,0,
1790917007.6,0.8687184402134264,45.0,212.0,2099.0,789064761,192270880,0,0,
1790917009.7,0.8866351009197935,45.0,213.0,2099.0,789100738,192270880,35977,0,0.0
1790917011.8,0.9232980960418842,55.0,203.0,2099.0,789186970,192270880,86232,0,0.0
1790917013.9,0.9555409329537814,56.0,201.0,2099.0,789300287,192270880,113317,0,0.0
1790917016.0,0.9532235684552334,58.0,198.0,2099.0,789303358,192270880,3071,0,0.0
1790917018.0,0.9560702075614745,57.0,200.0,2099.0,789401858,192270880,98500,0,0.0
1790917020.1,0.9539030426137582,52.0,203.0,2099.0,789401858,192270880,0,0,
1790917022.2,0.9742801150099418,50.0,208.0,2099.0,789439725,192270880,37867,0,0.0
1790917024.3,0.9263235441372109,47.0,209.0,2099.0,789600486,192270880,160761,0,0.0
1790917026.3,0.9443760996752829,46.0,210.0,2099.0,789600486,192270880,0,0,
1790917028.4,0.9373381778648776,45.0,211.0,2099.0,789600486,192270880,0,0,
1790917030.5,0.9483170497947273,45.0,212.0,2099.0,789600486,192270880,0,0,
1790917032.5,0.9556696754259231,45.0,213.0,2099.0,789600486,192270880,0,0,
1790917034.6,0.9737651451213756,47.0,212.0,2099.0,789634542,192270880,34056,0,0.0
1790917036.7,0.9735219648962192,47.0,211.0,2099.0,789703661,192270880,69119,0,0.0
1790917038.8,0.9711545338807273,50.0,205.0,2099.0,789770979,192270880,67318,0,0.0
1790917040.8,0.9862460125595434,49.0,206.0,2099.0,789807162,192270880,36183,0,0.0
1790917042.9,0.9812608179438397,47.0,209.0,2099.0,789882267,192270880,75105,0,0.0
1790917045.0,0.9639521078003633,50.0,205.0,2099.0,789976484,192270880,94217,0,0.0
1790917047.1,0.9850587208720156,49.0,206.0,2099.0,789976484,192270880,0,0,
1790917049.1,0.9758178723160771,45.0,213.0,2099.0,790034298,192270880,57814,0,0.0
1790917051.2,0.9852732916589183,45.0,213.0,2099.0,790087221,192270880,52923,0,0.0
1790917053.3,0.9971319038150686,48.0,210.0,2099.0,790138671,192270880,51450,0,0.0
1790917055.3,0.9860958130087116,47.0,210.0,2099.0,790189402,192270880,50731,0,0.0
1790917057.4,0.9754531019783427,44.0,212.0,2099.0,790248878,192270880,59476,0,0.0
1790917059.5,0.9970603802194344,50.0,207.0,2099.0,790294199,192270880,45321,0,0.0
1790917061.6,0.9654469509491181,44.0,210.0,2099.0,790388635,192270880,94436,0,0.0
1790917063.6,0.9899795442516486,46.0,212.0,2099.0,790389801,192270880,1166,0,0.0
1790917065.7,0.9591814839715622,42.0,214.0,2099.0,790441414,192270880,51613,0,0.0
1790917067.8,0.9194000600798203,40.0,216.0,2099.0,790500315,192270880,58901,0,0.0
1790917069.8,0.9413363468608293,41.0,217.0,2099.0,790602599,192270880,102284,0,0.0
1790917071.9,0.9669847082552534,41.0,217.0,2099.0,790602599,192270880,0,0,
1790917074.0,0.9779993419829202,41.0,218.0,2099.0,790602599,192270880,0,0,
1790917076.1,0.979172328951321,41.0,217.0,2099.0,790652518,192270880,49919,0,0.0
1790917078.2,0.9837641437910367,42.0,216.0,2099.0,790718360,192270880,65842,0,0.0
1790917080.2,0.8784456492196776,48.0,207.0,2099.0,790783716,192270880,65356,0,0.0
1790917082.3,0.915137253780022,52.0,206.0,2099.0,790907929,192270880,124213,0,0.0
1790917084.4,0.9269601041383553,49.0,206.0,2099.0,790966455,192270880,58526,0,0.0
1790917086.5,0.951156536541405,46.0,211.0,2099.0,791007937,192270880,41482,0,0.0
1790917088.5,0.9797516700759581,52.0,207.0,2099.0,791050489,192270880,42552,0,0.0
1790917090.6,0.9731500421989214,45.0,213.0,2099.0,791112271,192270880,61782,0,0.0
1790917092.7,0.9740226300656587,45.0,213.0,2099.0,791178079,192270880,65808,0,0.0
1790917094.8,0.9853519676141159,44.0,214.0,2099.0,791178079,192270880,0,0,
1790917096.9,0.9512638219348563,44.0,214.0,2099.0,791265906,192270880,87827,0,0.0
1790917099.1,0.9509419657545024,46.0,213.0,2099.0,791314515,192270880,48609,0,0.0
1790917101.1,0.987569199078776,47.0,212.0,2099.0,791375655,192270896,61140,16,0.0003
1790917103.2,0.9796372323229433,47.0,210.0,2099.0,791458801,192270896,83146,0,0.0
1790917105.3,0.997274951006337,44.0,214.0,2099.0,791458801,192270896,0,0,
1790917107.4,0.9556911325046132,43.0,214.0,2099.0,791561344,192270896,102543,0,0.0
1790917109.4,0.9812894273820933,43.0,215.0,2099.0,791561344,192270896,0,0,
1790917111.5,0.9923040611097601,43.0,215.0,2099.0,791561344,192270896,0,0,
1790917113.6,0.9761397284964309,42.0,216.0,2099.0,791586639,192270896,25295,0,0.0
1790917115.7,0.9658689401633599,41.0,217.0,2099.0,791644963,192270896,58324,0,0.0
1790917117.8,0.9723275208491281,44.0,213.0,2099.0,791755386,192270896,110423,0,0.0
1790917119.8,0.9648819145436079,43.0,214.0,2099.0,791813001,192270896,57615,0,0.0
1790917121.9,0.9903014004320025,43.0,214.0,2099.0,791864864,192270896,51863,0,0.0
1790917124.0,0.9713691046676298,42.0,216.0,2099.0,791896819,192270896,31955,0,0.0
1790917126.1,0.9813609509777276,44.0,215.0,2099.0,791954666,192270896,57847,0,0.0
1790917128.2,0.9801522022115096,43.0,214.0,2099.0,792054587,192270896,99921,0,0.0
1790917130.3,0.9736507073683608,42.0,214.0,2099.0,792092943,192270912,38356,16,0.0004
1790917132.4,0.9865535640207704,42.0,215.0,2099.0,792118243,192270912,25300,0,0.0
1790917134.4,0.9702390318566095,42.0,215.0,2099.0,792201395,192270912,83152,0,0.0
1790917136.5,0.9379175189895146,42.0,214.0,2099.0,792285659,192270912,84264,0,0.0
1790917138.6,0.9672207361208462,43.0,215.0,2099.0,792317946,192270912,32287,0,0.0
1790917140.7,0.9753243595062011,43.0,214.0,2099.0,792374544,192270912,56598,0,0.0
1790917142.7,0.9608622884689659,45.0,211.0,2099.0,792439382,192270928,64838,16,0.0002
1790917144.8,0.990172657959861,46.0,211.0,2099.0,792513767,192270928,74385,0,0.0
1790917146.9,0.9689659118543208,44.0,212.0,2099.0,792561725,192270928,47958,0,0.0
1790917149.0,0.9552762956499349,43.0,213.0,2099.0,792604305,192270944,42580,16,0.0004
1790917151.1,0.9672064314017195,44.0,213.0,2099.0,792680266,192270944,75961,0,0.0
1790917153.2,0.9402348834880627,43.0,212.0,2099.0,792734426,192270944,54160,0,0.0
1790917155.2,0.9695595576980846,44.0,213.0,2099.0,792788274,192270944,53848,0,0.0
1790917157.4,0.9925186318966627,45.0,213.0,2099.0,792837056,192270944,48782,0,0.0
1790917159.4,0.9949289770695352,46.0,211.0,2099.0,792908148,192270960,71092,16,0.0002
1790917161.5,0.9767262219806314,45.0,212.0,2099.0,792974033,192270960,65885,0,0.0
1790917163.6,0.9700745275866508,44.0,211.0,2099.0,793025295,192270960,51262,0,0.0
1790917165.7,0.9810176377186834,44.0,212.0,2099.0,793081634,192270960,56339,0,0.0
1790917167.7,0.9878552934613128,44.0,212.0,2099.0,793106938,192270960,25304,0,0.0
1790917169.8,0.9806957815383295,44.0,212.0,2099.0,793175668,192270976,68730,16,0.0002
1790917171.9,0.970503669160456,43.0,215.0,2099.0,793314527,192270976,138859,0,0.0
1790917173.9,0.9697312143276067,42.0,215.0,2099.0,793314527,192270976,0,0,
1790917176.0,0.9520791909250862,41.0,215.0,2099.0,793314527,192270976,0,0,
1790917178.1,0.9615417626274908,42.0,214.0,2099.0,793390693,192270976,76166,0,0.0
1790917180.2,0.9698098902828043,43.0,214.0,2099.0,793541978,192270976,151285,0,0.0
1790917182.2,0.9817114165963351,43.0,215.0,2099.0,793541978,192270976,0,0,
1790917184.3,0.9825911568226358,43.0,215.0,2099.0,793541978,192270976,0,0,
1790917186.4,0.9817328736750254,43.0,214.0,2099.0,793630040,192270976,88062,0,0.0
1790917188.4,0.9747664754602543,42.0,215.0,2099.0,793632416,192270976,2376,0,0.0
1790917190.5,0.9791937860300113,42.0,215.0,2099.0,793720165,192270976,87749,0,0.0
1790917192.6,0.9929906876278485,42.0,216.0,2099.0,793720165,192270976,0,0,
1790917194.6,0.9771196017566195,42.0,215.0,2099.0,793796086,192270976,75921,0,0.0
1790917196.7,0.988556224698528,42.0,217.0,2099.0,793829712,192270976,33626,0,0.0
1790917198.8,0.9869755532350122,42.0,216.0,2099.0,793887713,192270992,58001,16,0.0003
1790917200.9,0.9872258858197319,42.0,215.0,2099.0,793920129,192270992,32416,0,0.0
1790917202.9,0.9663696053327993,41.0,214.0,2099.0,793981011,192270992,60882,0,0.0
1790917205.0,0.9703463172500608,42.0,215.0,2099.0,794051022,192270992,70011,0,0.0
1790917207.1,0.9742658102908149,42.0,215.0,2099.0,794103138,192270992,52116,0,0.0
1790917209.2,0.9758965482712747,41.0,215.0,2099.0,794177386,192271008,74248,16,0.0002
1790917211.2,0.9614487819531663,41.0,217.0,2099.0,794217402,192271008,40016,0,0.0
1790917213.3,0.9944640736979129,42.0,217.0,2099.0,794263574,192271008,46172,0,0.0
1790917215.4,0.9716766561288569,42.0,217.0,2099.0,794335487,192271008,71913,0,0.0
1790917217.5,0.9435464259659262,41.0,217.0,2099.0,794424854,192271008,89367,0,0.0
1790917219.5,0.961835009369591,41.0,218.0,2099.0,794424854,192271008,0,0,
1790917221.6,0.9651823136452715,42.0,217.0,2099.0,794561501,192271008,136647,0,0.0
1790917223.7,0.979665841761197,42.0,217.0,2099.0,794561501,192271008,0,0,
1790917225.7,0.980788762212654,42.0,216.0,2099.0,794597302,192271008,35801,0,0.0
1790917227.8,0.9819474444619279,42.0,215.0,2099.0,794653640,192271024,56338,16,0.0003
1790917229.9,0.9820904916531964,42.0,216.0,2110.0,794709915,192271024,56275,0,0.0
1790917231.9,0.9858168709857382,41.0,219.0,2110.0,794709915,192271024,0,0,
1790917234.0,0.9765545653511093,41.0,218.0,2111.0,794804060,192271040,94145,16,0.0002
1790917236.1,0.9782711316463302,41.0,217.0,2111.0,794966615,192271040,162555,0,0.0
1790917238.2,0.9985480710086257,42.0,217.0,2111.0,794966615,192271040,0,0,
1790917240.2,0.9523938947458767,41.0,217.0,2111.0,795062379,192271040,95764,0,0.0
1790917242.3,0.9630723675740627,40.0,219.0,2111.0,795062379,192271040,0,0,
1790917244.4,0.9777561617577639,41.0,218.0,2111.0,795079682,192271040,17303,0,0.0
1790917246.4,0.9811535325503884,41.0,219.0,2111.0,795134044,192271040,54362,0,0.0
1790917248.5,0.9907949132418785,41.0,219.0,2111.0,795170809,192271040,36765,0,0.0
1790917250.6,0.9814753887307422,40.0,220.0,2111.0,795233482,192271040,62673,0,0.0
1790917252.6,0.9876478750339737,40.0,220.0,2111.0,795265829,192271040,32347,0,0.0
1790917254.7,0.9726136152316649,40.0,219.0,2111.0,795302907,192271040,37078,0,0.0
1790917256.8,0.9764687370363483,41.0,218.0,2111.0,795361578,192271040,58671,0,0.0
1790917258.9,0.9588524754316449,40.0,217.0,2111.0,795421107,192271040,59529,0,0.0
1790917260.9,0.9845294462643226,41.0,218.0,2111.0,795481093,192271056,59986,16,0.0003
1790917263.0,0.991910681333772,41.0,218.0,2111.0,795518938,192271056,37845,0,0.0
1790917265.1,0.9755246255739769,41.0,219.0,2111.0,795664542,192271072,145604,16,0.0001
1790917267.2,0.985659519075343,41.0,219.0,2111.0,795664542,192271072,0,0,
1790917269.2,0.9772554965883244,40.0,218.0,2111.0,795722353,192271072,57811,0,0.0
1790917271.3,0.9775630480495515,40.0,218.0,2111.0,795763924,192271072,41571,0,0.0
1790917273.4,0.9857882615474846,41.0,217.0,2111.0,795825805,192271088,61881,16,0.0003
1790917275.4,0.9573004134063827,40.0,218.0,2111.0,795891993,192271104,66188,16,0.0002
1790917277.5,0.9829130130029897,41.0,219.0,2111.0,795924906,192271104,32913,0,0.0
1790917279.6,0.9793868997382237,40.0,219.0,2111.0,795984508,192271104,59602,0,0.0
1790917281.7,0.9757463487204429,39.0,220.0,2111.0,795984508,192271104,0,0,
1790917283.8,0.9670347747721973,40.0,220.0,2111.0,796083676,192271104,99168,0,0.0
1790917285.8,0.9404852160727825,39.0,220.0,2111.0,796181066,192271104,97390,0,0.0
1790917287.9,0.9661407298267699,41.0,219.0,2111.0,796181066,192271104,0,0,
1790917290.0,0.9978900539287912,43.0,217.0,2111.0,796218586,192271104,37520,0,0.0
1790917292.1,0.9729140143333286,40.0,219.0,2111.0,796271009,192271104,52423,0,0.0
1790917294.1,0.9738509734361366,39.0,219.0,2111.0,796348410,192271104,77401,0,0.0
1790917296.2,0.9939634085284735,39.0,221.0,2111.0,796348410,192271104,0,0,
1790917298.3,0.991517301557784,39.0,221.0,2111.0,796380440,192271104,32030,0,0.0
1790917300.4,0.9776631810834394,38.0,220.0,2111.0,796463354,192271104,82914,0,0.0
1790917302.4,0.9862817743573605,39.0,220.0,2111.0,796495692,192271120,32338,16,0.0005
1790917304.5,0.9594461212754087,37.0,222.0,2111.0,796495692,192271120,0,0,
1790917306.6,0.9372380448309897,36.0,221.0,2111.0,796694868,192271120,199176,0,0.0
1790917308.7,0.9408929005678973,36.0,222.0,2111.0,796694868,192271120,0,0,
1790917310.7,0.9592029410502525,36.0,223.0,2111.0,796694868,192271120,0,0,
1790917312.8,0.9738581257957,36.0,223.0,2111.0,796694868,192271120,0,0,
1790917314.9,0.9848369977255497,36.0,224.0,2111.0,796694868,192271120,0,0,
1790917316.9,0.9908306750396956,36.0,224.0,2111.0,796694868,192271120,0,0,
1790917319.0,0.9588810848698985,36.0,224.0,2111.0,796805305,192271152,110437,32,0.0003
1790917321.1,0.9808531334487247,37.0,223.0,2111.0,796845653,192271152,40348,0,0.0
1790917323.2,0.9886277482941622,37.0,222.0,2111.0,796879665,192271152,34012,0,0.0
1790917325.2,0.9871686669432246,36.0,221.0,2111.0,797029494,192271152,149829,0,0.0
1790917327.3,0.9748165419771982,36.0,220.0,2111.0,797073641,192271152,44147,0,0.0
1790917329.4,0.9794369662551676,37.0,221.0,2111.0,797134787,192271152,61146,0,0.0
1790917331.4,0.9788361680518403,37.0,221.0,2111.0,797172497,192271152,37710,0,0.0
1790917333.5,0.9854306435693135,37.0,223.0,2111.0,797230936,192271152,58439,0,0.0
1790917335.6,0.8751341067418141,35.0,221.0,2111.0,797296205,192271152,65269,0,0.0
1790917337.7,0.9044373238731458,36.0,224.0,2111.0,797355874,192271152,59669,0,0.0
1790917339.7,0.9337405410044773,37.0,223.0,2111.0,797410544,192271152,54670,0,0.0
1790917341.8,0.9420730398958617,39.0,220.0,2111.0,797500499,192271152,89955,0,0.0
1790917343.9,0.9896505357117313,40.0,219.0,2111.0,797629988,192271152,129489,0,0.0
1790917346.0,0.9995350966283777,40.0,220.0,2111.0,797629988,192271152,0,0,
1790917348.0,0.9870184673923927,41.0,219.0,2111.0,797683483,192271152,53495,0,0.0
1790917350.1,0.9688800835395597,43.0,217.0,2111.0,797758473,192271168,74990,16,0.0002
1790917352.2,0.9938418184158954,44.0,216.0,2111.0,797862165,192271168,103692,0,0.0
1790917354.2,0.9985409186490624,44.0,216.0,2111.0,797862165,192271168,0,0,
1790917356.3,0.972513482197777,44.0,216.0,2111.0,797996685,192271168,134520,0,0.0
1790917358.4,0.9703248601713705,44.0,216.0,2111.0,797996685,192271168,0,0,
1790917360.4,0.9704607550030755,43.0,216.0,2111.0,797996685,192271168,0,0,
1790917362.5,0.9905731900954124,44.0,215.0,2111.0,798037295,192271168,40610,0,0.0
1790917364.6,0.9831132790707654,44.0,216.0,2111.0,798113826,192271168,76531,0,0.0
1790917366.7,0.9608765931880927,43.0,215.0,2111.0,798149298,192271168,35472,0,0.0
1790917368.7,0.9757463487204429,43.0,216.0,2111.0,798251589,192271168,102291,0,0.0
1790917370.8,0.9940492368432345,43.0,216.0,2111.0,798251589,192271168,0,0,
1790917372.9,0.9988341653911625,43.0,217.0,2111.0,798294435,192271184,42846,16,0.0004
1790917374.9,0.9699815469123264,42.0,218.0,2134.0,798346032,192271184,51597,0,0.0
1790917377.0,0.9649462857796787,42.0,217.0,2134.0,798386390,192271200,40358,16,0.0004
1790917379.1,0.9472656529389045,42.0,218.0,2134.0,798437617,192271200,51227,0,0.0
1790917381.2,0.9578296880140759,42.0,219.0,2134.0,798495361,192271200,57744,0,0.0
1790917383.2,0.9471154533880727,42.0,218.0,2134.0,798591267,192271200,95906,0,0.0
1790917385.3,0.9764186705194043,43.0,218.0,2134.0,798631895,192271200,40628,0,0.0
1790917387.4,0.964695953194959,43.0,216.0,2134.0,798712983,192271200,81088,0,0.0
1790917389.5,0.9655399316234425,43.0,215.0,2134.0,798749412,192271200,36429,0,0.0
1790917391.5,0.9642310498233367,43.0,216.0,2134.0,798834904,192271200,85492,0,0.0
1790917393.6,0.9862102507617263,45.0,215.0,2134.0,798871375,192271200,36471,0,0.0
1790917395.7,0.98431487547742,44.0,216.0,2134.0,798909410,192271200,38035,0,0.0
1790917397.8,0.98404308581401,45.0,215.0,2134.0,798980384,192271200,70974,0,0.0
1790917399.9,0.981453931652052,45.0,214.0,2134.0,799016227,192271200,35843,0,0.0
1790917401.9,0.985216072782411,45.0,215.0,2134.0,799056266,192271200,40039,0,0.0
1790917404.0,0.9795013374912384,44.0,216.0,2134.0,799103210,192271200,46944,0,0.0
1790917406.1,0.977791923555581,44.0,215.0,2134.0,799142315,192271200,39105,0,0.0
1790917408.1,0.9834422876106828,44.0,217.0,2134.0,799304540,192271200,162225,0,0.0
1790917410.2,0.9984479379747379,44.0,217.0,2134.0,799304540,192271200,0,0,
1790917412.3,0.9677214012902857,42.0,217.0,2134.0,799304540,192271200,0,0,
1790917414.4,0.9931051253808632,43.0,218.0,2134.0,799304540,192271200,0,0,
1790917416.5,0.9562132547527429,43.0,217.0,2134.0,799389362,192271200,84822,0,0.0
1790917418.5,0.9333900753858698,40.0,219.0,2134.0,799389362,192271200,0,0,
1790917420.6,0.9232694866036305,39.0,220.0,2134.0,799560894,192271200,171532,0,0.0
1790917422.7,0.9201725149126697,38.0,222.0,2134.0,799560894,192271200,0,0,
1790917424.7,0.9311943009998999,38.0,223.0,2134.0,799560894,192271200,0,0,
1790917426.9,0.9421731729297496,38.0,223.0,2134.0,799560894,192271200,0,0,
1790917429.0,0.953166349578726,38.0,223.0,2134.0,799560894,192271200,0,0,
1790917431.0,0.9641523738681391,39.0,222.0,2134.0,799611089,192271200,50195,0,0.0
1790917433.1,0.9724848727595233,40.0,220.0,2134.0,799727323,192271200,116234,0,0.0
1790917435.2,0.9831275837898923,40.0,219.0,2134.0,799727323,192271200,0,0,
1790917437.3,0.9480166506930636,37.0,221.0,2134.0,799727323,192271200,0,0,
1790917439.3,0.9550116583460884,39.0,221.0,2134.0,799861569,192271200,134246,0,0.0
1790917441.4,0.9823980431144235,40.0,220.0,2134.0,799861569,192271200,0,0,
1790917443.5,0.9685582273592058,40.0,219.0,2134.0,799956783,192271200,95214,0,0.0
1790917445.6,0.9795871658059994,40.0,220.0,2134.0,800011616,192271200,54833,0,0.0
1790917447.6,0.9878982076186934,41.0,218.0,2134.0,800077527,192271216,65911,16,0.0002
1790917449.7,0.9944712260574764,41.0,218.0,2134.0,800102824,192271216,25297,0,0.0
1790917451.8,0.9849156736807473,40.0,220.0,2134.0,800163453,192271232,60629,16,0.0003
1790917453.9,0.940613958544924,39.0,219.0,2134.0,800306581,192271232,143128,0,0.0
1790917455.9,0.9276610353755704,37.0,222.0,2134.0,800306581,192271232,0,0,
1790917458.0,0.9496974551904673,39.0,220.0,2134.0,800358453,192271232,51872,0,0.0
1790917460.1,0.9825983091821993,40.0,220.0,2134.0,800391500,192271232,33047,0,0.0
1790917462.1,0.9413721086586465,39.0,221.0,2134.0,800496137,192271232,104637,0,0.0
1790917464.2,0.9421517158510593,39.0,221.0,2134.0,800496137,192271232,0,0,
1790917466.3,0.9751383981575522,40.0,220.0,2134.0,800565297,192271232,69160,0,0.0
1790917468.4,0.957271803968129,39.0,221.0,2134.0,800565297,192271232,0,0,
1790917470.4,0.9553907334029497,40.0,220.0,2134.0,800641134,192271232,75837,0,0.0
1790917472.5,0.920365628620882,40.0,219.0,2134.0,800710500,192271232,69366,0,0.0
1790917474.6,0.8655714020055216,39.0,219.0,2134.0,800786394,192271232,75894,0,0.0
1790917476.7,0.8703062640365057,39.0,219.0,2134.0,800837225,192271232,50831,0,0.0
1790917478.7,0.8228002918162702,41.0,217.0,2134.0,800937123,192271232,99898,0,0.0
1790917480.8,0.8372695152130688,41.0,219.0,2134.0,800964540,192271232,27417,0,0.0
1790917482.9,0.8702418928004348,43.0,218.0,2134.0,801044234,192271248,79694,16,0.0002
1790917485.0,0.9032142703878009,45.0,216.0,2134.0,801149783,192271248,105549,0,0.0
1790917487.0,0.9325103351595692,46.0,215.0,2134.0,801187799,192271248,38016,0,0.0
1790917489.1,0.9691375684838428,48.0,213.0,2134.0,801283186,192271264,95387,16,0.0002
1790917491.2,0.9698098902828043,47.0,213.0,2134.0,801283186,192271264,0,0,
1790917493.2,0.9948359963952108,48.0,213.0,2134.0,801338458,192271264,55272,0,0.0
1790917495.3,0.9430457607964867,48.0,211.0,2134.0,801382041,192271264,43583,0,0.0
1790917497.4,0.9273892457121604,47.0,213.0,2134.0,801541651,192271264,159610,0,0.0
1790917499.5,0.9456992861945156,47.0,213.0,2134.0,801541651,192271264,0,0,
1790917501.5,0.9603473185803997,47.0,213.0,2134.0,801541651,192271264,0,0,
1790917503.6,0.9713333428698128,47.0,214.0,2134.0,801541651,192271264,0,0,
1790917505.7,0.9823336718783526,47.0,214.0,2134.0,801541651,192271264,0,0,
1790917507.8,0.9822764530018453,48.0,212.0,2134.0,801602202,192271264,60551,0,0.0
1790917509.8,0.9832634786215972,48.0,212.0,2134.0,801629468,192271264,27266,0,0.0
1790917511.9,0.9619923612799862,48.0,211.0,2134.0,801723469,192271264,94001,0,0.0
1790917514.0,0.9376314246069778,45.0,212.0,2134.0,801774381,192271264,50912,0,0.0
1790917516.0,0.9214599396340852,44.0,215.0,2134.0,801873481,192271264,99100,0,0.0
1790917518.1,0.947086843949819,44.0,217.0,2134.0,801873481,192271264,0,0,
1790917520.2,0.9580728682392321,45.0,216.0,2134.0,801907808,192271264,34327,0,0.0
1790917522.3,0.9776417240047491,45.0,215.0,2134.0,801957014,192271264,49206,0,0.0
1790917524.3,0.9795084898508017,46.0,214.0,2134.0,802023732,192271280,66718,16,0.0002
1790917526.4,0.9858025662666113,45.0,216.0,2134.0,802117473,192271280,93741,0,0.0
1790917528.5,0.9953152044859599,45.0,216.0,2134.0,802117473,192271280,0,0,
1790917530.6,0.9575650507102293,44.0,215.0,2134.0,802190040,192271280,72567,0,0.0
1790917532.6,0.9566638534052384,44.0,215.0,2134.0,802209055,192271280,19015,0,0.0
1790917534.7,0.9687227316291644,44.0,217.0,2134.0,802297099,192271280,88044,0,0.0
1790917536.8,0.9789792152431087,44.0,216.0,2134.0,802361673,192271280,64574,0,0.0
1790917538.8,0.9976254166249445,46.0,214.0,2134.0,802370585,192271280,8912,0,0.0
1790917540.9,0.9747736278198178,45.0,215.0,2134.0,802469703,192271296,99118,16,0.0002
1790917543.0,0.9351996223554151,44.0,216.0,2134.0,802469703,192271296,0,0,
1790917545.0,0.9486174488963909,43.0,217.0,2134.0,802469703,192271296,0,0,
1790917547.1,0.9852589869397914,46.0,214.0,2134.0,802571160,192271312,101457,16,0.0002
1790917549.2,0.9779707325446665,45.0,215.0,2134.0,802634117,192271328,62957,16,0.0003
1790917551.3,0.9992704593245312,46.0,215.0,2134.0,802667226,192271328,33109,0,0.0
1790917553.3,0.9885133105411475,46.0,215.0,2134.0,802718861,192271328,51635,0,0.0
1790917555.4,0.9895146408800263,45.0,215.0,2134.0,802753107,192271328,34246,0,0.0
1790917557.5,0.928404880770166,44.0,215.0,2134.0,802829693,192271344,76586,16,0.0002
1790917559.6,0.8917061238502582,43.0,215.0,2134.0,802899777,192271344,70084,0,0.0
1790917561.7,0.9210236457007167,44.0,216.0,2134.0,802957771,192271344,57994,0,0.0
1790917563.7,0.9540031756476461,47.0,214.0,2134.0,803077886,192271344,120115,0,0.0
1790917565.8,0.9791437195130673,47.0,214.0,2134.0,803077886,192271344,0,0,
1790917567.9,0.9759466147882186,47.0,213.0,2134.0,803128328,192271344,50442,0,0.0
1790917570.0,0.9839000386227417,48.0,211.0,2134.0,803179841,192271344,51513,0,0.0
1790917572.0,0.9801307451328193,48.0,212.0,2134.0,803227752,192271344,47911,0,0.0
1790917574.1,0.976497346474602,48.0,211.0,2134.0,803281224,192271344,53472,0,0.0
1790917576.2,0.9855879954797088,48.0,212.0,2134.0,803316420,192271344,35196,0,0.0
1790917578.3,0.9809961806399932,48.0,211.0,2134.0,803383571,192271360,67151,16,0.0002
1790917580.3,0.9836497060380219,48.0,212.0,2134.0,803425537,192271360,41966,0,0.0
1790917582.4,0.977791923555581,47.0,213.0,2134.0,803485731,192271360,60194,0,0.0
1790917584.5,0.9892428512166164,47.0,214.0,2134.0,803539893,192271360,54162,0,0.0
1790917586.5,0.9748236943367617,45.0,215.0,2134.0,803591787,192271360,51894,0,0.0
1790917588.6,0.9752027693936229,44.0,215.0,2134.0,803644850,192271360,53063,0,0.0
1790917590.7,0.9815969788433204,45.0,215.0,2134.0,803700443,192271360,55593,0,0.0
1790917592.8,0.9746448853476762,44.0,216.0,2134.0,803700443,192271360,0,0,
1790917594.8,0.9161886506358448,44.0,215.0,2134.0,803819393,192271376,118950,16,0.0001
1790917596.9,0.9418298596707053,45.0,215.0,2134.0,803866433,192271376,47040,0,0.0
1790917599.0,0.9747879325389446,46.0,215.0,2134.0,803926295,192271376,59862,0,0.0
1790917601.0,0.9774772197347905,46.0,214.0,2134.0,803934860,192271376,8565,0,0.0
1790917603.1,0.9253222137983321,43.0,213.0,2134.0,804137485,192271376,202625,0,0.0
1790917605.2,0.9436179495615603,43.0,215.0,2134.0,804137485,192271376,0,0,
1790917607.2,0.9546254309296637,43.0,217.0,2134.0,804137485,192271376,0,0,
1790917609.3,0.9527801221623013,42.0,217.0,2134.0,804137485,192271376,0,0,
1790917611.4,0.9479236700187392,41.0,219.0,2134.0,804137485,192271376,0,0,
1790917613.5,0.9552476862116812,41.0,219.0,2134.0,804137485,192271376,0,0,
1790917615.5,0.9382608322485588,40.0,220.0,2134.0,804137485,192271376,0,0,
1790917617.6,0.9455920008010643,41.0,219.0,2134.0,804187229,192271376,49744,0,0.0
1790917619.7,0.9749023702919594,42.0,219.0,2134.0,804204595,192271376,17366,0,0.0
1790917621.8,0.9972034274107028,43.0,217.0,2134.0,804272382,192271376,67787,0,0.0
1790917623.9,0.9912312071752472,43.0,218.0,2134.0,804327103,192271392,54721,16,0.0003
1790917625.9,0.9961663352740069,43.0,218.0,2134.0,804359757,192271392,32654,0,0.0
1790917628.0,0.9732001087158654,43.0,217.0,2134.0,804470122,192271392,110365,0,0.0
1790917630.1,0.9918534624572647,43.0,218.0,2134.0,804470122,192271392,0,0,
1790917632.1,0.9808459810891613,42.0,219.0,2134.0,804547139,192271392,77017,0,0.0
1790917634.2,0.9740154777060952,42.0,218.0,2134.0,804593599,192271392,46460,0,0.0
1790917636.3,0.9782496745676399,42.0,218.0,2134.0,804654927,192271392,61328,0,0.0
1790917638.3,0.98789105525913,42.0,218.0,2134.0,804654927,192271392,0,0,
1790917640.4,0.9376314246069778,40.0,218.0,2134.0,804729628,192271392,74701,0,0.0
1790917642.5,0.9431029796729942,39.0,220.0,2134.0,804729628,192271392,0,0,
1790917644.6,0.9412076043886878,39.0,220.0,2134.0,804842212,192271392,112584,0,0.0
1790917646.7,0.974165677256927,41.0,220.0,2134.0,804842212,192271392,0,0,
1790917648.7,0.9683293518531764,41.0,219.0,2134.0,804915268,192271408,73056,16,0.0002
1790917650.8,0.9376385769665413,40.0,217.0,2134.0,805006476,192271408,91208,0,0.0
1790917652.9,0.9633083954396555,41.0,219.0,2134.0,805068859,192271408,62383,0,0.0
1790917655.0,0.9827127469352139,41.0,221.0,2134.0,805068859,192271408,0,0,
1790917657.0,0.9836640107571488,41.0,221.0,2134.0,805068859,192271408,0,0,
1790917659.1,0.990751999084498,41.0,221.0,2134.0,805128248,192271408,59389,0,0.0
1790917661.2,0.9933554579655829,42.0,220.0,2134.0,805229813,192271408,101565,0,0.0
1790917663.3,0.9662051010628406,41.0,218.0,2134.0,805229813,192271408,0,0,
1790917665.3,0.9823265195187892,42.0,219.0,2134.0,805318293,192271408,88480,0,0.0
1790917667.4,0.9685081608422619,41.0,218.0,2134.0,805318293,192271408,0,0,
1790917669.5,0.970110289384468,42.0,219.0,2134.0,805375640,192271408,57347,0,0.0
1790917671.5,0.9451843163059493,41.0,220.0,2134.0,805468337,192271408,92697,0,0.0
1790917673.6,0.9634657473500507,42.0,219.0,2134.0,805505309,192271408,36972,0,0.0
1790917675.7,0.9737651451213756,41.0,220.0,2134.0,805537976,192271408,32667,0,0.0
1790917677.7,0.9697169096084799,41.0,219.0,2134.0,805606444,192271408,68468,0,0.0
1790917679.8,0.9490895046275767,40.0,221.0,2134.0,805606444,192271408,0,0,
1790917681.9,0.9294419729068619,39.0,220.0,2134.0,805746349,192271408,139905,0,0.0
1790917684.0,0.9440828529331826,39.0,221.0,2134.0,805746349,192271408,0,0,
1790917686.0,0.9404494542749653,38.0,221.0,2134.0,805746349,192271408,0,0,
1790917688.1,0.9514354785643784,38.0,222.0,2134.0,805746349,192271408,0,0,
1790917690.2,0.9734075271432046,40.0,221.0,2134.0,805896270,192271408,149921,0,0.0
1790917692.2,0.956656701045675,38.0,221.0,2134.0,805896270,192271408,0,0,
1790917694.3,0.9822693006422819,40.0,220.0,2134.0,805934364,192271408,38094,0,0.0
1790917696.4,0.9673780880312415,40.0,220.0,2134.0,805974640,192271408,40276,0,0.0
1790917698.4,0.980431144234483,41.0,219.0,2134.0,806041499,192271408,66859,0,0.0
1790917700.5,0.9523867423863133,40.0,220.0,2134.0,806139281,192271408,97782,0,0.0
1790917702.6,0.9780064943424835,41.0,220.0,2134.0,806181446,192271408,42165,0,0.0
1790917704.7,0.9972105797702662,41.0,220.0,2134.0,806181446,192271408,0,0,
1790917706.7,0.9647031055545224,39.0,220.0,2134.0,806225304,192271408,43858,0,0.0
1790917708.8,0.990344314589383,41.0,220.0,2134.0,806267193,192271408,41889,0,0.0
1790917710.9,0.9876478750339737,41.0,220.0,2134.0,806321613,192271408,54420,0,0.0
1790917712.9,0.976039595462543,40.0,220.0,2134.0,806420911,192271408,99298,0,0.0
1790917715.0,0.9548113922783126,38.0,221.0,2134.0,806420911,192271408,0,0,
1790917717.1,0.9877837698656787,40.0,221.0,2134.0,806495403,192271408,74492,0,0.0
1790917719.2,0.9732644799519361,40.0,220.0,2134.0,806499588,192271408,4185,0,0.0
1790917721.2,0.9613343442001516,39.0,220.0,2134.0,806577389,192271408,77801,0,0.0
1790917723.3,0.9396984565208062,38.0,221.0,2134.0,806632677,192271408,55288,0,0.0
1790917725.4,0.9653539702747936,39.0,222.0,2134.0,806706858,192271408,74181,0,0.0
1790917727.5,0.9961877923526972,40.0,221.0,2134.0,806706858,192271408,0,0,
1790917729.5,0.988470396383767,40.0,220.0,2134.0,806739795,192271424,32937,16,0.0005
1790917731.6,0.940256340566753,41.0,219.0,2134.0,806838667,192271424,98872,0,0.0
1790917733.7,0.969566710057648,42.0,219.0,2134.0,806991374,192271440,152707,16,0.0001
1790917735.7,0.9850229590741986,42.0,219.0,2134.0,806991374,192271440,0,0,
1790917737.8,0.9842505042413492,41.0,219.0,2134.0,806991374,192271440,0,0,
1790917739.9,0.9875763514383396,41.0,220.0,2134.0,806991374,192271440,0,0,
1790917741.9,0.9794655756934213,41.0,219.0,2134.0,807044298,192271456,52924,16,0.0003
1790917744.0,0.9248859198649635,40.0,218.0,2134.0,807297627,192271472,253329,16,0.0001
1790917746.1,0.8982862946486045,39.0,221.0,2134.0,807297627,192271472,0,0,
1790917748.2,0.9159812322085056,38.0,222.0,2134.0,807297627,192271472,0,0,
1790917750.2,0.9058105769093224,37.0,223.0,2134.0,807297627,192271472,0,0,
1790917752.3,0.9167822964796086,37.0,224.0,2134.0,807297627,192271472,0,0,
1790917754.4,0.9277754731285851,37.0,224.0,2134.0,807297627,192271472,0,0,
1790917756.4,0.9351066416810906,38.0,223.0,2134.0,807297627,192271472,0,0,
1790917758.5,0.9644098588124222,39.0,222.0,2134.0,807337321,192271472,39694,0,0.0
1790917760.6,0.9429742372008526,38.0,222.0,2134.0,807418355,192271472,81034,0,0.0
1790917762.6,0.96862975095484,38.0,223.0,2134.0,807418355,192271472,0,0,
1790917764.7,0.9402420358476261,36.0,223.0,2134.0,807522740,192271472,104385,0,0.0
1790917766.8,0.9585663810491081,36.0,223.0,2134.0,807522740,192271472,0,0,
1790917768.9,0.9695237959002675,36.0,223.0,2134.0,807522740,192271472,0,0,
1790917770.9,0.9951721572946916,38.0,221.0,2134.0,807582929,192271472,60189,0,0.0
1790917773.0,0.9806099532235685,36.0,222.0,2134.0,807616923,192271472,33994,0,0.0
1790917775.1,0.9844579226686884,36.0,222.0,2134.0,807677047,192271472,60124,0,0.0
1790917777.1,0.9835638777232609,36.0,222.0,2134.0,807733598,192271472,56551,0,0.0
1790917779.2,0.9217388816570586,36.0,224.0,2134.0,807786030,192271472,52432,0,0.0
1790917781.3,0.9510850129457709,38.0,222.0,2134.0,807870773,192271472,84743,0,0.0
1790917783.3,0.9840144763757563,39.0,221.0,2134.0,807914733,192271472,43960,0,0.0
1790917785.4,0.95459682149141,38.0,220.0,2134.0,807998556,192271472,83823,0,0.0
1790917787.5,0.9674996781438197,38.0,222.0,2134.0,808036273,192271472,37717,0,0.0
1790917789.6,0.9897149069478021,39.0,221.0,2134.0,808070232,192271472,33959,0,0.0
1790917791.6,0.9738867352339536,39.0,220.0,2134.0,808193473,192271472,123241,0,0.0
1790917793.7,0.9009755818444505,38.0,219.0,2134.0,808193473,192271472,0,0,
1790917795.8,0.9229118686254596,39.0,219.0,2134.0,808235919,192271472,42446,0,0.0
1790917797.8,0.9558985509319524,42.0,217.0,2134.0,808317180,192271472,81261,0,0.0
1790917799.9,0.9786287496245011,43.0,215.0,2134.0,808408118,192271472,90938,0,0.0
1790917802.0,0.9946071208891814,43.0,217.0,2134.0,808408118,192271472,0,0,
1790917804.1,0.9956513653854406,43.0,217.0,2134.0,808408118,192271472,0,0,
1790917806.1,0.9402992547241334,40.0,219.0,2134.0,808475460,192271488,67342,16,0.0002
1790917808.2,0.9424092007953424,41.0,218.0,2134.0,808553480,192271488,78020,0,0.0
1790917810.3,0.9389832205644643,41.0,218.0,2134.0,808606000,192271488,52520,0,0.0
1790917812.4,0.9519933626103252,42.0,217.0,2134.0,808686837,192271488,80837,0,0.0
1790917814.4,0.9707826111834295,42.0,217.0,2134.0,808763605,192271488,76768,0,0.0
1790917816.5,0.9877694651465518,42.0,218.0,2134.0,808763605,192271488,0,0,
1790917818.6,0.9253579755961492,42.0,216.0,2134.0,808838385,192271488,74780,0,0.0
1790917820.7,0.9406425679831777,43.0,216.0,2134.0,808930884,192271488,92499,0,0.0
1790917822.7,0.9187062812021686,42.0,215.0,2134.0,809003030,192271488,72146,0,0.0
1790917824.8,0.9339193499935629,43.0,215.0,2134.0,809046325,192271488,43295,0,0.0
1790917826.9,0.9705823451156537,45.0,214.0,2134.0,809147680,192271488,101355,0,0.0
1790917829.0,0.9633012430800921,45.0,215.0,2134.0,809254036,192271488,106356,0,0.0
1790917831.0,0.981639893000701,45.0,215.0,2134.0,809254036,192271488,0,0,
1790917833.1,0.9962879253865851,45.0,215.0,2134.0,809254036,192271488,0,0,
1790917835.2,0.9491181140658304,44.0,213.0,2134.0,809352202,192271488,98166,0,0.0
1790917837.3,0.9784785500736694,45.0,214.0,2134.0,809404345,192271488,52143,0,0.0
1790917839.3,0.9828057276095384,45.0,213.0,2134.0,809479229,192271488,74884,0,0.0
1790917841.4,0.9821405581701403,45.0,213.0,2134.0,809479229,192271488,0,0,
1790917843.5,0.9596320826240576,45.0,212.0,2134.0,809524111,192271504,44882,16,0.0004
1790917845.6,0.9658331783655428,46.0,211.0,2134.0,809612226,192271520,88115,16,0.0002
1790917847.6,0.9740655442230391,46.0,212.0,2134.0,809612226,192271520,0,0,
1790917849.7,0.9545324502553393,45.0,212.0,2134.0,809677168,192271520,64942,0,0.0
1790917851.8,0.9756962822034989,46.0,213.0,2134.0,809715680,192271520,38512,0,0.0
1790917853.8,0.9751741599553693,46.0,213.0,2134.0,809818806,192271520,103126,0,0.0
1790917855.9,0.9815326076072496,46.0,212.0,2134.0,809818806,192271520,0,0,
1790917858.0,0.9783283505228375,46.0,212.0,2134.0,809876983,192271520,58177,0,0.0
1790917860.1,0.9825124808674381,46.0,212.0,2134.0,809926486,192271520,49503,0,0.0
1790917862.1,0.976447279957658,45.0,213.0,2134.0,810004089,192271520,77603,0,0.0
1790917864.2,0.9932767820103853,46.0,213.0,2134.0,810042192,192271520,38103,0,0.0
1790917866.3,0.9886492053728525,46.0,213.0,2134.0,810085806,192271520,43614,0,0.0
1790917868.4,0.9753672736635817,46.0,212.0,2134.0,810132186,192271520,46380,0,0.0
1790917870.4,0.9651751612857081,46.0,211.0,2134.0,810238135,192271536,105949,16,0.0002
1790917872.5,0.9944712260574764,47.0,211.0,2134.0,810238135,192271536,0,0,
1790917874.6,0.9776488763643126,46.0,210.0,2134.0,810272144,192271536,34009,0,0.0
1790917876.7,0.9630151486975553,46.0,211.0,2134.0,810416846,192271536,144702,0,0.0
1790917878.7,0.9886277482941622,46.0,213.0,2134.0,810416846,192271536,0,0,
1790917880.8,0.9990701932567554,46.0,213.0,2134.0,810416846,192271536,0,0,
1790917882.9,0.9876049608765932,45.0,214.0,2134.0,810467625,192271536,50779,0,0.0
1790917885.0,0.984364941994364,45.0,214.0,2134.0,810523403,192271536,55778,0,0.0
1790917887.0,0.990530275938032,45.0,213.0,2134.0,810601461,192271536,78058,0,0.0
1790917889.1,0.9823980431144235,44.0,213.0,2134.0,810601461,192271536,0,0,
1790917891.2,0.9690231307308281,42.0,214.0,2135.0,810691031,192271536,89570,0,0.0
1790917893.3,0.9643311828572246,41.0,216.0,2135.0,810691031,192271536,0,0,
1790917895.3,0.9257942695295178,40.0,218.0,2135.0,810793828,192271536,102797,0,0.0
1790917897.4,0.9404351495558385,40.0,219.0,2135.0,810793828,192271536,0,0,
1790917899.5,0.9623714363368475,41.0,218.0,2135.0,810837690,192271536,43862,0,0.0
1790917901.5,0.9734003747836412,42.0,217.0,2135.0,810931321,192271536,93631,0,0.0
1790917903.6,0.9937416853820076,42.0,217.0,2135.0,810931321,192271536,0,0,
1790917905.7,0.943067217875177,40.0,219.0,2135.0,811103183,192271536,171862,0,0.0
1790917907.8,0.9414650893329709,39.0,219.0,2135.0,811103183,192271536,0,0,
1790917909.8,0.9561345787975453,39.0,220.0,2135.0,811103183,192271536,0,0,
1790917911.9,0.9671277554465219,39.0,220.0,2135.0,811103183,192271536,0,0,
1790917914.0,0.9516572017108444,38.0,220.0,2135.0,811103183,192271536,0,0,
1790917916.0,0.9589955226229133,38.0,221.0,2135.0,811103183,192271536,0,0,
1790917918.1,0.9689587594947573,39.0,219.0,2135.0,811228673,192271552,125490,16,0.0001
1790917920.2,0.9485816870985738,39.0,218.0,2135.0,811228673,192271552,0,0,
1790917922.3,0.9592172457693793,41.0,218.0,2135.0,811333018,192271568,104345,16,0.0002
1790917924.3,0.9864534309868825,42.0,217.0,2135.0,811352027,192271568,19009,0,0.0
1790917926.4,0.9300999899866966,40.0,218.0,2135.0,811561942,192271568,209915,0,0.0
1790917928.5,0.9028351953309397,39.0,218.0,2135.0,811561942,192271568,0,0,
1790917930.6,0.92845494728711,40.0,219.0,2135.0,811561942,192271568,0,0,
1790917932.7,0.9614344772340395,41.0,218.0,2135.0,811602382,192271568,40440,0,0.0
1790917934.7,0.9684366372466277,43.0,216.0,2135.0,811697905,192271568,95523,0,0.0
1790917936.8,0.9784713977141059,43.0,216.0,2135.0,811753155,192271568,55250,0,0.0
1790917938.9,0.9891927846996724,43.0,216.0,2135.0,811753155,192271568,0,0,
1790917941.0,0.9852232251419744,43.0,216.0,2135.0,811793716,192271584,40561,16,0.0004
1790917943.0,0.9612628206045174,43.0,215.0,2135.0,811892419,192271584,98703,0,0.0
1790917945.1,0.9172758092894846,43.0,215.0,2135.0,811944432,192271584,52013,0,0.0
1790917947.2,0.9466076358590699,46.0,212.0,2135.0,812023454,192271584,79022,0,0.0
1790917949.3,0.9448195459682149,45.0,212.0,2135.0,812080083,192271584,56629,0,0.0
1790917951.3,0.9741227630995466,46.0,213.0,2135.0,812134859,192271584,54776,0,0.0
1790917953.4,0.9794012044573505,48.0,211.0,2135.0,812229254,192271584,94395,0,0.0
1790917955.5,0.9752242264723132,47.0,211.0,2135.0,812229254,192271584,0,0,
1790917957.6,0.9756247586078647,46.0,211.0,2135.0,812294948,192271584,65694,0,0.0
1790917959.7,0.9981904530304547,47.0,212.0,2135.0,812344169,192271584,49221,0,0.0
1790917961.8,0.9775201338921711,46.0,212.0,2135.0,812419797,192271584,75628,0,0.0
1790917963.9,0.9086572160155635,44.0,212.0,2135.0,812519117,192271584,99320,0,0.0
1790917966.0,0.9306221122348263,44.0,213.0,2135.0,812519117,192271584,0,0,
1790917968.1,0.9201224483957258,43.0,214.0,2135.0,812519117,192271584,0,0,
1790917970.1,0.9531019783426552,45.0,214.0,2135.0,812609041,192271584,89924,0,0.0
1790917972.2,0.9362510192112378,45.0,212.0,2135.0,812707540,192271584,98499,0,0.0
1790917974.3,0.9582230677900639,46.0,213.0,2135.0,812743690,192271600,36150,16,0.0004
1790917976.4,0.9744160098416468,46.0,213.0,2135.0,812743690,192271600,0,0,
1790917978.5,0.9642668116211538,47.0,211.0,2135.0,812867290,192271600,123600,0,0.0
1790917980.5,0.990580342454976,47.0,212.0,2135.0,812867290,192271600,0,0,
1790917982.7,0.9909665698714005,47.0,212.0,2135.0,812932893,192271600,65603,0,0.0
1790917984.8,0.9345058434777633,45.0,213.0,2135.0,812968071,192271600,35178,0,0.0
1790917986.9,0.9674424592673123,47.0,212.0,2135.0,813080701,192271600,112630,0,0.0
1790917988.9,0.9434033787746577,46.0,211.0,2135.0,813122286,192271600,41585,0,0.0
1790917991.0,0.9763471469237701,48.0,211.0,2135.0,813201869,192271600,79583,0,0.0
1790917993.1,0.967914514998498,47.0,210.0,2135.0,813269562,192271616,67693,16,0.0002
1790917995.2,0.9935771811120488,47.0,212.0,2135.0,813269562,192271616,0,0,
1790917997.2,0.9210737122176607,45.0,211.0,2135.0,813295699,192271616,26137,0,0.0
1790917999.3,0.9540603945241535,48.0,209.0,2135.0,813373541,192271616,77842,0,0.0
1790918001.4,0.9833421545767949,49.0,208.0,2135.0,813435274,192271616,61733,0,0.0
1790918003.5,0.9523581329480596,48.0,209.0,2135.0,813494050,192271616,58776,0,0.0
1790918005.6,0.9864391262677558,51.0,207.0,2135.0,813567992,192271616,73942,0,0.0
1790918007.6,0.9602686426252021,51.0,205.0,2135.0,813663391,192271616,95399,0,0.0
1790918009.7,0.9817757878324059,52.0,205.0,2135.0,813745422,192271632,82031,16,0.0002
1790918011.8,0.9961591829144435,52.0,205.0,2135.0,813745422,192271632,0,0,
1790918013.9,0.9895217932395898,52.0,204.0,2135.0,813785725,192271632,40303,0,0.0
1790918015.9,0.9239704178408457,48.0,208.0,2135.0,813945639,192271632,159914,0,0.0
1790918018.0,0.9459782282174889,48.0,209.0,2135.0,813945639,192271632,0,0,
1790918020.1,0.9569356430686483,48.0,210.0,2135.0,813945639,192271632,0,0,
1790918022.1,0.9679216673580614,48.0,210.0,2135.0,813945639,192271632,0,0,
1790918024.2,0.9789005392879111,48.0,210.0,2135.0,813945639,192271632,0,0,
1790918026.3,0.9972391892085198,49.0,209.0,2135.0,813984845,192271632,39206,0,0.0
1790918028.4,0.9662265581415309,49.0,207.0,2135.0,814065484,192271632,80639,0,0.0
1790918030.4,0.9583661149813323,48.0,209.0,2135.0,814103840,192271632,38356,0,0.0
1790918032.5,0.9913456449282618,50.0,208.0,2135.0,814175457,192271632,71617,0,0.0
1790918034.6,0.9551189437395396,49.0,207.0,2135.0,814271716,192271632,96259,0,0.0
1790918036.7,0.9607192412776975,48.0,209.0,2135.0,814393691,192271648,121975,16,0.0001
1790918038.7,0.9828987082838628,49.0,209.0,2135.0,814393691,192271648,0,0,
1790918040.8,0.9579226686884003,47.0,211.0,2135.0,814393691,192271648,0,0,
1790918042.9,0.9521364098015935,47.0,210.0,2135.0,814475391,192271648,81700,0,0.0
1790918045.0,0.9777561617577639,47.0,210.0,2135.0,814475391,192271648,0,0,
1790918047.1,0.9806600197405124,47.0,210.0,2135.0,814528105,192271648,52714,0,0.0
1790918049.1,0.9819760539001817,48.0,209.0,2135.0,814589575,192271648,61470,0,0.0
1790918051.2,0.9844722273878153,47.0,210.0,2135.0,814653855,192271648,64280,0,0.0
1790918053.3,0.9677929248859198,46.0,210.0,2135.0,814725680,192271648,71825,0,0.0
1790918055.4,0.9897864305434363,46.0,211.0,2135.0,814725680,192271648,0,0,
1790918057.4,0.9769622498462243,45.0,211.0,2135.0,814787107,192271648,61427,0,0.0
1790918059.5,0.9669918606148168,45.0,212.0,2135.0,814847793,192271664,60686,16,0.0003
1790918061.6,0.9906375613314833,45.0,213.0,2135.0,814847793,192271664,0,0,
1790918063.7,0.990294248072439,46.0,212.0,2135.0,814931829,192271664,84036,0,0.0
1790918065.7,0.9334687513410674,43.0,213.0,2135.0,814987363,192271664,55534,0,0.0
1790918067.8,0.9473657859727924,43.0,214.0,2135.0,815048828,192271664,61465,0,0.0
1790918069.9,0.9803310112005951,46.0,212.0,2135.0,815214634,192271680,165806,16,0.0001
1790918072.0,0.9979472728052985,46.0,212.0,2135.0,815214634,192271680,0,0,
1790918074.0,0.9520291244081422,44.0,211.0,2135.0,815214634,192271680,0,0,
1790918076.1,0.8964338335216788,44.0,212.0,2135.0,815305460,192271680,90826,0,0.0
1790918078.2,0.9257084412147567,45.0,213.0,2135.0,815349366,192271680,43906,0,0.0
1790918080.2,0.9550331154247786,46.0,212.0,2135.0,815409820,192271680,60454,0,0.0
1790918082.3,0.9627290543150185,47.0,210.0,2135.0,815478800,192271680,68980,0,0.0
1790918084.4,0.9430386084369233,47.0,209.0,2135.0,815569616,192271680,90816,0,0.0
1790918086.4,0.9310870156064486,46.0,210.0,2135.0,815628675,192271680,59059,0,0.0
1790918088.5,0.9604116898164704,47.0,210.0,2135.0,815675691,192271680,47016,0,0.0
1790918090.6,0.984486532106942,48.0,210.0,2135.0,815746662,192271680,70971,0,0.0
1790918092.7,0.9705894974752171,47.0,210.0,2135.0,815825260,192271696,78598,16,0.0002
1790918094.7,0.9925686984136066,47.0,212.0,2135.0,815825260,192271696,0,0,
1790918096.8,0.9848727595233667,47.0,212.0,2135.0,815862925,192271712,37665,16,0.0004
1790918098.9,0.9842719613200395,47.0,211.0,2135.0,815904288,192271728,41363,16,0.0004
1790918101.0,0.9657974165677257,47.0,212.0,2135.0,816001047,192271728,96759,0,0.0
1790918103.0,0.9776631810834394,47.0,211.0,2135.0,816034893,192271728,33846,0,0.0
1790918105.2,0.9855021671649478,48.0,210.0,2175.0,816112631,192271744,77738,16,0.0002
1790918107.2,0.9994063541562361,48.0,210.0,2175.0,816112631,192271744,0,0,
1790918109.3,0.9608837455476562,46.0,211.0,2175.0,816173953,192271744,61322,0,0.0
1790918111.4,0.9572503468894388,46.0,210.0,2175.0,816276061,192271744,102108,0,0.0
1790918113.5,0.9792510049065186,46.0,210.0,2175.0,816276061,192271744,0,0,
1790918115.6,0.9922039280758722,46.0,211.0,2175.0,816276061,192271744,0,0,
1790918117.7,0.9962450112292045,47.0,210.0,2175.0,816343816,192271744,67755,0,0.0
1790918119.8,0.9777275523195103,46.0,210.0,2175.0,816401269,192271744,57453,0,0.0
1790918121.9,0.9795585563677457,45.0,210.0,2175.0,816441662,192271744,40393,0,0.0
1790918123.9,0.9553692763242594,45.0,212.0,2175.0,816545780,192271744,104118,0,0.0
1790918126.0,0.9883631109903157,46.0,212.0,2175.0,816608121,192271744,62341,0,0.0
1790918128.1,0.9963594489822193,47.0,211.0,2175.0,816612827,192271744,4706,0,0.0
1790918130.2,0.9800663738967486,46.0,211.0,2175.0,816673258,192271744,60431,0,0.0
1790918132.2,0.9875620467192127,47.0,210.0,2175.0,816711703,192271760,38445,16,0.0004
1790918134.3,0.9660763585906991,46.0,210.0,2175.0,816775458,192271760,63755,0,0.0
1790918136.4,0.9716051325332227,47.0,210.0,2175.0,816903012,192271760,127554,0,0.0
1790918138.5,0.9801879640093267,47.0,210.0,2175.0,816903012,192271760,0,0,
1790918140.5,0.9842218948030955,47.0,210.0,2175.0,816948757,192271760,45745,0,0.0
1790918142.6,0.9312443675168438,46.0,209.0,2175.0,817155158,192271760,206401,0,0.0
1790918144.7,0.9532378731743603,46.0,209.0,2175.0,817155158,192271760,0,0,
1790918146.8,0.9678716008411175,46.0,211.0,2175.0,817155158,192271760,0,0,
1790918148.9,0.9788433204114038,46.0,212.0,2175.0,817155158,192271760,0,0,
1790918150.9,0.9898364970603802,46.0,212.0,2175.0,817155158,192271760,0,0,
1790918153.0,0.9757320440013161,46.0,211.0,2175.0,817197354,192271760,42196,0,0.0
1790918155.1,0.9927975739196361,46.0,211.0,2175.0,817197354,192271760,0,0,
1790918157.1,0.9875262849213956,46.0,211.0,2175.0,817266483,192271760,69129,0,0.0
1790918159.2,0.9612127540875735,44.0,212.0,2175.0,817344571,192271760,78088,0,0.0
1790918161.3,0.9941994363940664,46.0,212.0,2175.0,817379720,192271760,35149,0,0.0
1790918163.4,0.9712332098359249,45.0,211.0,2175.0,817443373,192271760,63653,0,0.0
1790918165.4,0.9489536097958716,44.0,212.0,2175.0,817490520,192271760,47147,0,0.0
1790918167.5,0.9775129815326076,45.0,212.0,2175.0,817599120,192271760,108600,0,0.0
1790918169.6,0.955941465089333,45.0,211.0,2175.0,817599120,192271760,0,0,
1790918171.7,0.9841503712074613,46.0,210.0,2175.0,817662171,192271760,63051,0,0.0
1790918173.7,0.9360221437052083,44.0,211.0,2175.0,817766471,192271760,104300,0,0.0
1790918175.8,0.9543464889066903,44.0,214.0,2175.0,817766471,192271760,0,0,
1790918177.9,0.9689730642138842,44.0,214.0,2175.0,817766471,192271760,0,0,
1790918179.9,0.9909594175118371,45.0,213.0,2175.0,817825931,192271760,59460,0,0.0
1790918182.0,0.9577939262162587,45.0,212.0,2175.0,817844813,192271760,18882,0,0.0
1790918184.1,0.9871186004262806,46.0,212.0,2175.0,817913918,192271776,69105,16,0.0002
1790918186.2,0.9653396655556669,46.0,211.0,2175.0,817969847,192271792,55929,16,0.0003
1790918188.2,0.9758536341138941,48.0,210.0,2175.0,818089403,192271792,119556,0,0.0
1790918190.3,0.9877480080678616,48.0,210.0,2175.0,818089403,192271792,0,0,
1790918192.4,0.9008396870127455,45.0,211.0,2175.0,818293437,192271792,204034,0,0.0
1790918194.5,0.9033215557812523,44.0,213.0,2175.0,818293437,192271792,0,0,
1790918196.5,0.9179695881671364,44.0,214.0,2175.0,818293437,192271792,0,0,
1790918198.6,0.9201868196317965,43.0,214.0,2175.0,818293437,192271792,0,0,
1790918200.7,0.9155163288368833,42.0,216.0,2175.0,818293437,192271792,0,0,
1790918202.8,0.922833192670262,42.0,216.0,2175.0,818293437,192271792,0,0,
1790918204.8,0.9301429041440772,42.0,216.0,2175.0,818293437,192271792,0,0,
1790918206.9,0.9374597679774558,42.0,216.0,2175.0,818293437,192271792,0,0,
1790918209.0,0.9631438911696969,44.0,214.0,2175.0,818368620,192271808,75183,16,0.0002
1790918211.0,0.9924113465032114,45.0,213.0,2175.0,818425214,192271808,56594,0,0.0
1790918213.1,0.9876407226744103,45.0,212.0,2175.0,818472213,192271808,46999,0,0.0
1790918215.2,0.9917747865020671,45.0,212.0,2175.0,818492778,192271808,20565,0,0.0
1790918217.3,0.9044587809518361,42.0,214.0,2175.0,818492778,192271808,0,0,
1790918219.3,0.933769150442731,43.0,215.0,2175.0,818734086,192271808,241308,0,0.0
1790918221.4,0.9234411432331526,42.0,215.0,2175.0,818734086,192271808,0,0,
1790918223.5,0.9417583360750712,42.0,215.0,2175.0,818734086,192271808,0,0,
1790918225.6,0.9563992161013919,42.0,215.0,2175.0,818734086,192271808,0,0,
1790918227.6,0.9352425365127955,40.0,217.0,2175.0,818734086,192271808,0,0,
1790918229.7,0.9425665527057376,40.0,218.0,2175.0,818734086,192271808,0,0,
1790918231.8,0.9572217374511851,41.0,217.0,2175.0,818772424,192271808,38338,0,0.0
1790918233.8,0.975288597708384,41.0,217.0,2175.0,818820988,192271808,48564,0,0.0
1790918235.9,0.9740297824252221,41.0,217.0,2175.0,818882515,192271808,61527,0,0.0
1790918238.0,0.9910953123435421,41.0,217.0,2175.0,818907739,192271808,25224,0,0.0
1790918240.0,0.9961877923526972,41.0,217.0,2175.0,818966508,192271808,58769,0,0.0
1790918242.1,0.9902656386341854,41.0,217.0,2175.0,819019621,192271808,53113,0,0.0
1790918244.2,0.9765974795084899,40.0,217.0,2175.0,819019621,192271808,0,0,
1790918246.3,0.953709928905546,39.0,217.0,2175.0,819105346,192271808,85725,0,0.0
1790918248.3,0.9560702075614745,38.0,218.0,2175.0,819105346,192271808,0,0,
1790918250.4,0.9743945527629565,39.0,218.0,2175.0,819137486,192271808,32140,0,0.0
1790918252.5,0.9599825482426653,38.0,219.0,2175.0,819174437,192271808,36951,0,0.0
1790918254.5,0.927739711330768,37.0,219.0,2175.0,819315250,192271808,140813,0,0.0
1790918256.6,0.949726064628721,37.0,220.0,2175.0,819315250,192271808,0,0,
1790918258.7,0.9360793625817156,36.0,220.0,2175.0,819315250,192271808,0,0,
1790918260.7,0.9470439297924386,36.0,220.0,2175.0,819315250,192271808,0,0,
1790918262.8,0.9369662551675798,36.0,220.0,2175.0,819399028,192271808,83778,0,0.0
1790918264.9,0.9699100233166922,38.0,220.0,2175.0,819547272,192271808,148244,0,0.0
1790918267.0,0.9781209320954983,37.0,221.0,2175.0,819547272,192271808,0,0,
1790918269.1,0.9718125509605618,37.0,221.0,2175.0,819547272,192271808,0,0,
1790918271.1,0.9770766875992389,37.0,220.0,2175.0,819586965,192271808,39693,0,0.0
1790918273.2,0.9677643154476662,36.0,221.0,2175.0,819586965,192271808,0,0,
1790918275.3,0.9686225985952766,36.0,222.0,2175.0,819586965,192271808,0,0,
1790918277.4,0.9590670462185475,36.0,221.0,2175.0,819661750,192271808,74785,0,0.0
1790918279.4,0.9535382722760238,35.0,222.0,2175.0,819661750,192271808,0,0,
1790918281.5,0.864963451442631,34.0,222.0,2175.0,819740733,192271808,78983,0,0.0
1790918283.6,0.788175719169754,34.0,223.0,2175.0,819817581,192271808,76848,0,0.0
1790918285.7,0.7826755546654841,34.0,223.0,2175.0,819817581,192271808,0,0,
1790918287.7,0.7210222152288039,33.0,222.0,2175.0,819909030,192271808,91449,0,0.0
1790918289.8,0.7539874404566066,34.0,223.0,2175.0,820020453,192271808,111423,0,0.0
1790918291.9,0.7667186404794941,34.0,222.0,2175.0,820020453,192271808,0,0,
1790918293.9,0.7944125767090563,35.0,221.0,2175.0,820111130,192271808,90677,0,0.0
1790918296.0,0.8163917776474459,36.0,222.0,2175.0,820158997,192271824,47867,16,0.0003
1790918298.1,0.8493570028752485,37.0,221.0,2175.0,820202610,192271824,43613,0,0.0
1790918300.1,0.8786602200065802,38.0,220.0,2175.0,820266458,192271824,63848,0,0.0
1790918302.2,0.8850901912540947,40.0,217.0,2175.0,820372677,192271824,106219,0,0.0
1790918304.3,0.8564020770452172,39.0,219.0,2175.0,820424223,192271824,51546,0,0.0
1790918306.4,0.8857052941765489,40.0,218.0,2175.0,820486471,192271824,62248,0,0.0
1790918308.4,0.915001358948317,41.0,217.0,2175.0,820565433,192271824,78962,0,0.0
1790918310.5,0.9369662551675798,41.0,217.0,2175.0,820565433,192271824,0,0,
1790918312.6,0.9662766246584749,43.0,215.0,2175.0,820664198,192271824,98765,0,0.0
1790918314.6,0.9648246956671006,43.0,214.0,2175.0,820702777,192271824,38579,0,0.0
1790918316.7,0.9965740197691219,44.0,213.0,2175.0,820742993,192271824,40216,0,0.0
1790918318.8,0.9799304790650436,43.0,214.0,2175.0,820808206,192271824,65213,0,0.0
1790918320.9,0.991331340209135,43.0,215.0,2175.0,820808206,192271824,0,0,
1790918322.9,0.9904659047019612,43.0,215.0,2175.0,820845588,192271824,37382,0,0.0
1790918325.0,0.93891169696883,43.0,213.0,2175.0,820990795,192271824,145207,0,0.0
1790918327.1,0.9682220664597251,44.0,212.0,2175.0,820990795,192271824,0,0,
1790918329.1,0.9764186705194043,45.0,210.0,2175.0,821075522,192271824,84727,0,0.0
1790918331.2,0.9827699658117213,45.0,211.0,2175.0,821118906,192271824,43384,0,0.0
1790918333.3,0.9919535954911526,45.0,213.0,2175.0,821118906,192271824,0,0,
1790918335.4,0.9744374669203371,44.0,214.0,2175.0,821190988,192271824,72082,0,0.0
1790918337.4,0.9702747936544266,44.0,213.0,2175.0,821237342,192271824,46354,0,0.0
1790918339.5,0.9408785958487705,43.0,213.0,2175.0,821343185,192271824,105843,0,0.0
1790918341.6,0.9665198048836311,43.0,215.0,2175.0,821343185,192271824,0,0,
1790918343.7,0.9811749896290787,43.0,215.0,2175.0,821343185,192271824,0,0,
1790918345.7,0.9787861015348963,43.0,215.0,2175.0,821393462,192271824,50277,0,0.0
1790918347.8,0.9576294219463001,42.0,213.0,2175.0,821484583,192271824,91121,0,0.0
1790918349.9,0.9731142804011044,42.0,214.0,2175.0,821484583,192271824,0,0,
1790918351.9,0.9594532736349721,41.0,215.0,2175.0,821563255,192271824,78672,0,0.0
1790918354.0,0.9658689401633599,41.0,214.0,2175.0,821583544,192271824,20289,0,0.0
1790918356.1,0.983191955025963,42.0,215.0,2175.0,821671738,192271824,88194,0,0.0
1790918358.2,0.9529517787918235,41.0,215.0,2175.0,821718816,192271824,47078,0,0.0
1790918360.2,0.9599038722874677,40.0,216.0,2175.0,821827924,192271824,109108,0,0.0
1790918362.3,0.955004505986525,39.0,218.0,2175.0,821827924,192271824,0,0,
1790918364.4,0.9696525383724091,39.0,219.0,2175.0,821827924,192271824,0,0,
1790918366.4,0.9915959775129816,40.0,218.0,2175.0,821878169,192271824,50245,0,0.0
1790918368.5,0.9860528988513311,40.0,217.0,2175.0,821933485,192271824,55316,0,0.0
1790918370.6,0.9966598480838829,40.0,217.0,2175.0,821933485,192271824,0,0,
1790918372.7,0.9386256025862932,38.0,217.0,2175.0,821994581,192271824,61096,0,0.0
1790918374.8,0.9289341553778592,37.0,219.0,2175.0,822054502,192271824,59921,0,0.0
1790918376.8,0.9337405410044773,37.0,220.0,2175.0,822146214,192271824,91712,0,0.0
1790918378.9,0.9364512852790136,36.0,221.0,2175.0,822146214,192271824,0,0,
1790918381.0,0.9547827828400589,37.0,221.0,2175.0,822248695,192271824,102481,0,0.0
1790918383.1,0.9877193986296079,38.0,220.0,2175.0,822248695,192271824,0,0,
1790918385.1,0.9942638076301372,38.0,220.0,2175.0,822248695,192271824,0,0,
1790918387.2,0.9874333042470711,38.0,220.0,2175.0,822345136,192271824,96441,0,0.0
1790918389.3,0.9783355028824009,37.0,220.0,2175.0,822345136,192271824,0,0,
1790918391.4,0.9824409572718039,39.0,219.0,2175.0,822451982,192271840,106846,16,0.0001
1790918393.5,0.9347847855007367,36.0,219.0,2175.0,822451982,192271840,0,0,
1790918395.6,0.9097658317478936,35.0,219.0,2175.0,822630812,192271840,178830,0,0.0
1790918397.6,0.907405553091965,34.0,222.0,2175.0,822630812,192271840,0,0,
1790918399.7,0.9220392807587223,34.0,223.0,2175.0,822630812,192271840,0,0,
1790918401.8,0.9330610668459525,34.0,223.0,2175.0,822630812,192271840,0,0,
1790918403.9,0.9065973364612986,33.0,224.0,2175.0,822630812,192271840,0,0,
1790918405.9,0.9139428097329308,33.0,224.0,2175.0,822630812,192271840,0,0,
1790918408.0,0.9145722173745119,34.0,223.0,2175.0,822823191,192271840,192379,0,0.0
1790918410.1,0.9119759108529903,34.0,223.0,2175.0,822823191,192271840,0,0,
1790918412.2,0.93230291673223,35.0,222.0,2175.0,822823191,192271840,0,0,
1790918414.2,0.9616061338635616,36.0,222.0,2175.0,822885131,192271856,61940,16,0.0003
1790918416.3,0.9767333743401948,36.0,222.0,2175.0,822885131,192271856,0,0,
1790918418.4,0.9744803810777175,37.0,220.0,2175.0,822971272,192271856,86141,0,0.0
1790918420.4,0.9984479379747379,37.0,221.0,2175.0,822971272,192271856,0,0,
1790918422.5,0.9915959775129816,36.0,222.0,2175.0,823005618,192271856,34346,0,0.0
1790918424.6,0.9942566552705737,36.0,222.0,2175.0,823061868,192271856,56250,0,0.0
1790918426.7,0.9781352368146251,36.0,221.0,2175.0,823100306,192271856,38438,0,0.0
1790918428.7,0.984944283119001,36.0,222.0,2175.0,823100306,192271856,0,0,
1790918430.8,0.9803024017623414,36.0,221.0,2175.0,823160277,192271856,59971,0,0.0
1790918432.9,0.9753601213040182,35.0,222.0,2175.0,823160277,192271856,0,0,
1790918435.0,0.9599181770065944,35.0,221.0,2175.0,823253831,192271856,93554,0,0.0
1790918437.1,0.9762470138898822,35.0,222.0,2175.0,823253831,192271856,0,0,
1790918439.1,0.9777776188364542,35.0,222.0,2175.0,823311751,192271856,57920,0,0.0
1790918441.2,0.9734146795027679,36.0,221.0,2175.0,823390158,192271856,78407,0,0.0
1790918443.3,0.9950148053842963,36.0,222.0,2175.0,823390158,192271856,0,0,
1790918445.4,0.9992919164032215,37.0,221.0,2175.0,823462582,192271856,72424,0,0.0
1790918447.4,0.03612656815483428,2.0,256.0,2210.0,823462582,192271856,0,0,
1790918449.5,0.9933912197634,36.0,222.0,2210.0,823517706,192271856,55124,0,0.0
1790918451.6,0.9967671334773341,37.0,221.0,2210.0,823517706,192271856,0,0,
1790918453.6,0.9740369347847855,37.0,220.0,2210.0,823600574,192271856,82868,0,0.0
1790918455.7,0.9673137167951708,37.0,219.0,2210.0,823645746,192271856,45172,0,0.0
1790918457.8,0.9806814768192027,37.0,220.0,2210.0,823645746,192271856,0,0,
1790918459.9,0.9681863046619079,36.0,220.0,2210.0,823739593,192271872,93847,16,0.0002
1790918462.0,0.9865178022229534,36.0,220.0,2210.0,823739593,192271872,0,0,
1790918464.0,0.8751841732587581,35.0,221.0,2210.0,823853155,192271872,113562,0,0.0
1790918466.1,0.9044587809518361,36.0,222.0,2210.0,823853155,192271872,0,0,
1790918468.2,0.9337906075214213,38.0,220.0,2210.0,823917273,192271872,64118,0,0.0
1790918470.2,0.939762827756877,39.0,218.0,2210.0,824055081,192271872,137808,0,0.0
1790918472.3,0.9372380448309897,38.0,219.0,2210.0,824055081,192271872,0,0,
1790918474.4,0.9518932295764373,39.0,219.0,2210.0,824120649,192271888,65568,16,0.0002
1790918476.5,0.9775201338921711,39.0,219.0,2210.0,824120649,192271888,0,0,
1790918478.6,0.9696739954510993,39.0,218.0,2210.0,824177001,192271888,56352,0,0.0
1790918480.6,0.9989700602228675,40.0,217.0,2210.0,824219454,192271888,42453,0,0.0
1790918482.7,0.9456778291158253,38.0,218.0,2210.0,824285452,192271888,65998,0,0.0
1790918484.8,0.9487819531663496,38.0,218.0,2210.0,824323339,192271888,37887,0,0.0
1790918486.9,0.9789863676026721,40.0,217.0,2210.0,824405770,192271888,82431,0,0.0
1790918488.9,0.9899080206560145,40.0,218.0,2210.0,824405770,192271888,0,0,
1790918491.0,0.9660334444333185,39.0,218.0,2210.0,824468064,192271888,62294,0,0.0
1790918493.1,0.9712689716337419,40.0,217.0,2210.0,824563259,192271888,95195,0,0.0
1790918495.1,0.9726922911868625,41.0,216.0,2210.0,824620551,192271888,57292,0,0.0
1790918497.2,0.9724133491638892,40.0,218.0,2210.0,824620551,192271888,0,0,
1790918499.3,0.9842862660391664,40.0,218.0,2210.0,824706936,192271888,86385,0,0.0
1790918501.4,0.9939777132476004,40.0,218.0,2210.0,824706936,192271888,0,0,
1790918503.4,0.9679216673580614,38.0,219.0,2210.0,824746887,192271888,39951,0,0.0
1790918505.5,0.9838785815440514,39.0,219.0,2210.0,824850698,192271888,103811,0,0.0
1790918507.6,0.990258486274622,38.0,219.0,2210.0,824850698,192271888,0,0,
1790918509.7,0.9545682120531563,37.0,219.0,2210.0,824908203,192271888,57505,0,0.0
1790918511.7,0.9802308781667072,39.0,218.0,2210.0,824983342,192271888,75139,0,0.0
1790918513.8,0.9917247199851231,40.0,217.0,2210.0,825024427,192271888,41085,0,0.0
1790918515.9,0.9383037464059393,38.0,216.0,2210.0,825066377,192271888,41950,0,0.0
1790918517.9,0.9712618192741785,39.0,218.0,2210.0,825134248,192271888,67871,0,0.0
1790918520.0,0.9806457150213855,39.0,219.0,2210.0,825134248,192271888,0,0,
1790918522.1,0.9584805527343471,39.0,218.0,2210.0,825179658,192271888,45410,0,0.0
1790918524.2,0.975560387371794,39.0,219.0,2210.0,825179658,192271888,0,0,
1790918526.2,0.9551117913799763,38.0,219.0,2210.0,825242736,192271888,63078,0,0.0
1790918528.3,0.9917461770638134,41.0,217.0,2210.0,825322983,192271888,80247,0,0.0
1790918530.4,0.9946142732487447,41.0,217.0,2210.0,825322983,192271888,0,0,
1790918532.5,0.9786215972649377,40.0,217.0,2210.0,825322983,192271888,0,0,
1790918534.5,0.9746448853476762,40.0,218.0,2210.0,825395336,192271888,72353,0,0.0
1790918536.6,0.9734432889410216,40.0,218.0,2210.0,825447469,192271888,52133,0,0.0
1790918538.7,0.9687942552247987,40.0,217.0,2210.0,825481335,192271888,33866,0,0.0
1790918540.7,0.9489679145149985,40.0,217.0,2210.0,825584995,192271904,103660,16,0.0002
1790918542.8,0.9746091235498591,40.0,218.0,2210.0,825584995,192271904,0,0,
1790918544.9,0.9790793482769966,40.0,217.0,2210.0,825659583,192271904,74588,0,0.0
1790918547.0,0.9944426166192227,40.0,218.0,2210.0,825659583,192271904,0,0,
1790918549.1,0.9953581186433405,40.0,218.0,2210.0,825659583,192271904,0,0,
1790918551.1,0.9638376700473487,38.0,219.0,2210.0,825730546,192271904,70963,0,0.0
1790918553.2,0.9858097186261747,39.0,218.0,2210.0,825769157,192271904,38611,0,0.0
1790918555.3,0.9917819388616305,39.0,218.0,2210.0,825769157,192271904,0,0,
1790918557.3,0.9931981060551877,39.0,218.0,2210.0,825816565,192271904,47408,0,0.0
1790918559.4,0.974573361752042,39.0,218.0,2210.0,825858649,192271904,42084,0,0.0
1790918561.5,0.9824624143504942,39.0,218.0,2210.0,825893104,192271904,34455,0,0.0
1790918563.5,0.9856738237944698,39.0,218.0,2210.0,825990371,192271904,97267,0,0.0
1790918565.6,0.9892500035761798,39.0,218.0,2210.0,825990371,192271904,0,0,
1790918567.7,0.9901512008811707,39.0,219.0,2210.0,825990371,192271904,0,0,
1790918569.8,0.9674281545481854,39.0,218.0,2210.0,826072390,192271904,82019,0,0.0
1790918571.8,0.9803167064814682,39.0,217.0,2210.0,826072390,192271904,0,0,
1790918573.9,0.9518932295764373,38.0,218.0,2210.0,826072390,192271904,0,0,
1790918576.0,0.9353712789849371,37.0,221.0,2210.0,826072390,192271904,0,0,
1790918578.1,0.8984865607163803,35.0,222.0,2210.0,826072390,192271904,0,0,
1790918580.1,0.9278040825668388,36.0,222.0,2210.0,826232654,192271904,160264,0,0.0
1790918582.2,0.9424378102335961,36.0,222.0,2210.0,826232654,192271904,0,0,
1790918584.3,0.9534166821634458,36.0,222.0,2210.0,826232654,192271904,0,0,
1790918586.4,0.9644456206102393,36.0,222.0,2210.0,826232654,192271904,0,0,
1790918588.5,0.9741585248973637,37.0,221.0,2210.0,826286666,192271904,54012,0,0.0
1790918590.6,0.9949289770695352,37.0,221.0,2210.0,826286666,192271904,0,0,
1790918592.7,0.9763972134407141,36.0,221.0,2210.0,826286666,192271904,0,0,
1790918594.8,0.979851803109846,36.0,221.0,2210.0,826370262,192271904,83596,0,0.0
1790918596.9,0.995401032800721,36.0,222.0,2210.0,826370262,192271904,0,0,
1790918599.0,0.9541819846367317,35.0,221.0,2210.0,826419517,192271904,49255,0,0.0
1790918601.1,0.9527085985666671,35.0,220.0,2210.0,826481269,192271904,61752,0,0.0
1790918603.1,0.9721916260174231,38.0,218.0,2210.0,826584379,192271904,103110,0,0.0
1790918605.2,0.9801736592901998,38.0,218.0,2210.0,826626967,192271904,42588,0,0.0
1790918607.3,0.9700888323057777,38.0,218.0,2210.0,826733145,192271904,106178,0,0.0
1790918609.3,0.9868110489650536,38.0,220.0,2210.0,826733145,192271904,0,0,
1790918611.4,0.9969602471855465,38.0,220.0,2210.0,826733145,192271904,0,0,
1790918613.5,0.9447980888895247,39.0,218.0,2210.0,826826621,192271904,93476,0,0.0
1790918615.6,0.9704750597222024,40.0,218.0,2210.0,826866871,192271920,40250,16,0.0004
1790918617.6,0.9764258228789677,40.0,217.0,2210.0,826911166,192271920,44295,0,0.0
1790918619.7,0.9800520691776217,40.0,216.0,2210.0,826976329,192271920,65163,0,0.0
1790918621.8,0.9864820404251362,40.0,218.0,2210.0,827030587,192271920,54258,0,0.0
1790918623.8,0.9759251577095284,39.0,219.0,2221.0,827030587,192271920,0,0,
1790918625.9,0.9977970732544666,39.0,218.0,2221.0,827030587,192271920,0,0,
1790918628.0,0.9755246255739769,38.0,219.0,2221.0,827075525,192271920,44938,0,0.0
1790918630.1,0.9700745275866508,38.0,218.0,2221.0,827134751,192271920,59226,0,0.0
1790918632.2,0.9988770795485431,39.0,218.0,2221.0,827188645,192271920,53894,0,0.0
1790918634.2,0.9713261905102494,39.0,219.0,2221.0,827224158,192271936,35513,16,0.0005
1790918636.3,0.9852661392993548,40.0,218.0,2221.0,827319830,192271936,95672,0,0.0
1790918638.4,0.9972964080850273,39.0,218.0,2221.0,827319830,192271936,0,0,
1790918640.5,0.9930049923469753,39.0,219.0,2221.0,827381843,192271936,62013,0,0.0
1790918642.5,0.9938418184158954,39.0,219.0,2221.0,827381843,192271936,0,0,
1790918644.6,0.9806028008640051,40.0,218.0,2221.0,827458247,192271952,76404,16,0.0002
1790918646.7,0.9665126525240677,40.0,218.0,2221.0,827510595,192271952,52348,0,0.0
1790918648.7,0.9729354714120189,41.0,217.0,2221.0,827600854,192271968,90259,16,0.0002
1790918650.8,0.9685653797187692,41.0,216.0,2221.0,827659270,192271968,58416,0,0.0
1790918652.9,0.9876836368317908,41.0,217.0,2221.0,827659270,192271968,0,0,
1790918655.0,0.9865893258185876,40.0,218.0,2221.0,827659270,192271968,0,0,
1790918657.1,0.9590098273420401,39.0,219.0,2221.0,827762289,192271984,103019,16,0.0002
1790918659.1,0.9846939505342812,40.0,218.0,2221.0,827762289,192271984,0,0,
1790918661.2,0.9911668359391763,40.0,218.0,2221.0,827817821,192271984,55532,0,0.0
1790918663.3,0.9958730885319067,40.0,218.0,2221.0,827856786,192271984,38965,0,0.0
1790918665.4,0.9463429985552234,40.0,216.0,2221.0,828007672,192271984,150886,0,0.0
1790918667.4,0.9518288583403665,39.0,219.0,2221.0,828007672,192271984,0,0,
1790918669.5,0.9293847540303546,38.0,220.0,2221.0,828007672,192271984,0,0,
1790918671.6,0.9586736664425594,40.0,218.0,2221.0,828094435,192271984,86763,0,0.0
1790918673.7,0.9613486489192785,40.0,218.0,2221.0,828134680,192271984,40245,0,0.0
1790918675.7,0.990036763128156,42.0,216.0,2221.0,828197023,192271984,62343,0,0.0
1790918677.8,0.9885276152602743,42.0,216.0,2221.0,828240131,192272000,43108,16,0.0004
1790918679.9,0.9908020656014419,42.0,215.0,2221.0,828311451,192272000,71320,0,0.0
1790918682.0,0.997768463816213,42.0,215.0,2221.0,828311451,192272000,0,0,
1790918684.0,0.9855164718840745,41.0,216.0,2221.0,828311451,192272000,0,0,
1790918686.1,0.9863962121103752,41.0,217.0,2221.0,828311451,192272000,0,0,
1790918688.2,0.9872902570558028,41.0,217.0,2221.0,828311451,192272000,0,0,
1790918690.2,0.9871615145836612,42.0,216.0,2221.0,828396240,192272000,84789,0,0.0
1790918692.3,0.9841718282861516,41.0,217.0,2221.0,828396240,192272000,0,0,
1790918694.4,0.9511922983392221,40.0,217.0,2221.0,828480681,192272000,84441,0,0.0
1790918696.5,0.9768764215314633,40.0,218.0,2221.0,828480681,192272000,0,0,
1790918698.5,0.9541319181197877,40.0,217.0,2221.0,828544202,192272000,63521,0,0.0
1790918700.6,0.9247786344715121,40.0,216.0,2221.0,828585704,192272000,41502,0,0.0
1790918702.7,0.9576937931823709,41.0,217.0,2221.0,828646650,192272000,60946,0,0.0
1790918704.7,0.9671349078060852,41.0,217.0,2221.0,828752207,192272000,105557,0,0.0
1790918706.8,0.981589826483757,40.0,218.0,2221.0,828752207,192272000,0,0,
1790918708.9,0.9742729626503783,40.0,217.0,2221.0,828779558,192272000,27351,0,0.0
1790918711.0,0.9835066588467536,40.0,218.0,2221.0,828779558,192272000,0,0,
1790918713.0,0.991109617062669,40.0,218.0,2221.0,828856606,192272000,77048,0,0.0
1790918715.1,0.9839429527801221,40.0,218.0,2221.0,828906823,192272000,50217,0,0.0
1790918717.2,0.9779492754659762,39.0,216.0,2222.0,828962500,192272000,55677,0,0.0
1790918719.3,0.9811821419886421,39.0,217.0,2222.0,829008781,192272000,46281,0,0.0
1790918721.4,0.9802022687284535,39.0,217.0,2222.0,829075781,192272000,67000,0,0.0
1790918723.4,0.9296279342555109,39.0,218.0,2222.0,829165023,192272000,89242,0,0.0
1790918725.5,0.9515713733960833,39.0,219.0,2222.0,829165023,192272000,0,0,
1790918727.6,0.9357360493226715,39.0,218.0,2222.0,829260072,192272000,95049,0,0.0
1790918729.7,0.954067546883717,39.0,218.0,2222.0,829260072,192272000,0,0,
1790918731.7,0.9515928304747736,40.0,218.0,2222.0,829323571,192272000,63499,0,0.0
1790918733.8,0.9549758965482713,41.0,216.0,2222.0,829380123,192272000,56552,0,0.0
1790918735.9,0.9634085284735434,41.0,216.0,2222.0,829442257,192272000,62134,0,0.0
1790918737.9,0.99146723504084,42.0,216.0,2222.0,829536800,192272000,94543,0,0.0
1790918740.0,0.9844793797473786,42.0,216.0,2222.0,829536800,192272000,0,0,
1790918742.1,0.9604116898164704,40.0,218.0,2222.0,829536800,192272000,0,0,
1790918744.2,0.9659333113994306,40.0,218.0,2222.0,829650928,192272000,114128,0,0.0
1790918746.2,0.9560415981232209,39.0,218.0,2222.0,829650928,192272000,0,0,
1790918748.3,0.9743659433247028,40.0,218.0,2222.0,829683830,192272000,32902,0,0.0
1790918750.4,0.9797159082781409,41.0,216.0,2222.0,829780841,192272000,97011,0,0.0
1790918752.5,0.9596249302644942,40.0,216.0,2222.0,829810181,192272000,29340,0,0.0
1790918754.5,0.9645815154419443,39.0,218.0,2222.0,829905591,192272000,95410,0,0.0
1790918756.7,0.9829201653625531,39.0,218.0,2222.0,829905591,192272000,0,0,
1790918758.7,0.9767405266997582,39.0,217.0,2222.0,829929034,192272000,23443,0,0.0
1790918760.8,0.9804883631109903,39.0,217.0,2222.0,830042779,192272000,113745,0,0.0
1790918762.9,0.9904873617806514,39.0,217.0,2222.0,830042779,192272000,0,0,
1790918765.0,0.985795413907048,40.0,217.0,2222.0,830102437,192272000,59658,0,0.0
1790918767.0,0.9905874948145393,41.0,215.0,2222.0,830177785,192272000,75348,0,0.0
1790918769.1,0.9860242894130774,41.0,214.0,2222.0,830213613,192272016,35828,16,0.0004
1790918771.2,0.998261976626089,41.0,215.0,2222.0,830295246,192272016,81633,0,0.0
1790918773.3,0.9342412061739168,40.0,214.0,2222.0,830339709,192272016,44463,0,0.0
1790918775.3,0.9635158138669947,41.0,215.0,2222.0,830445163,192272016,105454,0,0.0
1790918777.4,0.9642954210594075,42.0,214.0,2222.0,830566532,192272032,121369,16,0.0001
1790918779.5,0.989900868296451,42.0,215.0,2222.0,830566532,192272032,0,0,
1790918781.6,0.9772268871500708,42.0,214.0,2222.0,830566532,192272032,0,0,
1790918783.6,0.9995279442688143,42.0,214.0,2222.0,830592241,192272032,25709,0,0.0
1790918785.7,0.9888709285193186,41.0,215.0,2232.0,830592241,192272032,0,0,
1790918787.8,0.9672851073569171,41.0,214.0,2232.0,830655726,192272032,63485,0,0.0
1790918789.9,0.9957014319023846,42.0,214.0,2232.0,830688108,192272032,32382,0,0.0
1790918791.9,0.9774629150156636,41.0,216.0,2232.0,830741520,192272032,53412,0,0.0
1790918794.0,0.9853662723332427,41.0,216.0,2232.0,830780657,192272032,39137,0,0.0
1790918796.1,0.9761111190581773,41.0,215.0,2232.0,830935144,192272032,154487,0,0.0
1790918798.2,0.989321527171814,41.0,216.0,2232.0,830935144,192272032,0,0,
1790918800.2,0.9543464889066903,40.0,216.0,2232.0,830935144,192272032,0,0,
1790918802.3,0.9668845752213655,40.0,217.0,2232.0,830935144,192272032,0,0,
1790918804.4,0.9112249130988312,38.0,218.0,2232.0,831100536,192272032,165392,0,0.0
1790918806.5,0.9295492583003133,38.0,219.0,2232.0,831100536,192272032,0,0,
1790918808.5,0.9441758336075071,38.0,219.0,2232.0,831100536,192272032,0,0,
1790918810.6,0.951514154519576,38.0,219.0,2232.0,831100536,192272032,0,0,
1790918812.7,0.9624787217302988,38.0,219.0,2232.0,831100536,192272032,0,0,
1790918814.8,0.8970703935228231,36.0,218.0,2232.0,831305838,192272032,205302,0,0.0
1790918817.0,0.9227187549172472,36.0,220.0,2232.0,831305838,192272032,0,0,
1790918819.1,0.9373810920222582,36.0,220.0,2232.0,831305838,192272032,0,0,
1790918821.2,0.9483528115925444,36.0,220.0,2232.0,831305838,192272032,0,0,
1790918823.2,0.9556625230663596,36.0,220.0,2232.0,831305838,192272032,0,0,
1790918825.3,0.9666700044344629,36.0,220.0,2232.0,831305838,192272032,0,0,
1790918827.4,0.9739725635487148,36.0,220.0,2232.0,831305838,192272032,0,0,
1790918829.4,0.9813108844607836,36.0,220.0,2232.0,831305838,192272032,0,0,
1790918831.5,0.9822979100805356,36.0,220.0,2232.0,831305838,192272032,0,0,
1790918833.6,0.9664768907262506,35.0,220.0,2232.0,831305838,192272032,0,0,
1790918835.7,0.9328894102164305,35.0,220.0,2232.0,831391892,192272032,86054,0,0.0
1790918837.8,0.9585234668917276,35.0,221.0,2232.0,831391892,192272032,0,0,
1790918839.8,0.9804812107514269,36.0,220.0,2232.0,831449113,192272032,57221,0,0.0
1790918841.9,0.9770123163631682,36.0,219.0,2232.0,831508628,192272032,59515,0,0.0
1790918844.0,0.996559715049995,36.0,219.0,2232.0,831508628,192272032,0,0,
1790918846.0,0.9650607235326935,36.0,219.0,2232.0,831549243,192272032,40615,0,0.0
1790918848.1,0.9622069320668889,36.0,219.0,2232.0,831627705,192272032,78462,0,0.0
1790918850.2,0.9545539073340295,36.0,219.0,2232.0,831670672,192272032,42967,0,0.0
1790918852.3,0.954732716323115,36.0,218.0,2232.0,831766118,192272032,95446,0,0.0
1790918854.3,0.949504341482255,35.0,219.0,2232.0,831766118,192272032,0,0,
1790918856.4,0.9678143819646101,36.0,220.0,2232.0,831804216,192272032,38098,0,0.0
1790918858.5,0.9703534696096242,36.0,219.0,2232.0,831884748,192272032,80532,0,0.0
1790918860.6,0.9823479765974795,37.0,219.0,2232.0,831938156,192272032,53408,0,0.0
1790918862.6,0.9785858354671206,37.0,218.0,2232.0,831979390,192272032,41234,0,0.0
1790918864.7,0.9894788790822092,37.0,219.0,2232.0,832020064,192272032,40674,0,0.0
1790918866.8,0.9561059693592916,35.0,219.0,2232.0,832020064,192272032,0,0,
1790918868.9,0.9381821562933612,34.0,219.0,2232.0,832161278,192272032,141214,0,0.0
1790918870.9,0.9565065014948432,34.0,219.0,2232.0,832161278,192272032,0,0,
1790918873.0,0.9711688385998541,34.0,220.0,2232.0,832161278,192272032,0,0,
1790918875.1,0.9821405581701403,34.0,222.0,2232.0,832161278,192272032,0,0,
1790918877.1,0.9713261905102494,34.0,221.0,2232.0,832265821,192272032,104543,0,0.0
1790918879.2,0.9873403235727467,34.0,222.0,2232.0,832265821,192272032,0,0,
1790918881.3,0.9585878381277984,34.0,221.0,2232.0,832308241,192272032,42420,0,0.0
1790918883.4,0.9915459109960376,35.0,221.0,2232.0,832350651,192272032,42410,0,0.0
1790918885.4,0.9697669761254237,34.0,222.0,2232.0,832350651,192272032,0,0,
1790918887.5,0.9372881113479337,34.0,221.0,2232.0,832433504,192272032,82853,0,0.0
1790918889.6,0.9361580385369134,33.0,222.0,2232.0,832433504,192272032,0,0,
1790918891.7,0.9581372394753029,34.0,221.0,2232.0,832492509,192272032,59005,0,0.0
1790918893.7,0.9668202039852948,34.0,221.0,2232.0,832531123,192272032,38614,0,0.0
1790918895.8,0.9961305734761898,35.0,221.0,2232.0,832600131,192272032,69008,0,0.0
1790918897.9,0.9106384196146309,35.0,220.0,2232.0,832849331,192272032,249200,0,0.0
1790918900.0,0.9056389202798003,35.0,220.0,2232.0,832849331,192272032,0,0,
1790918902.0,0.9312801293146609,35.0,221.0,2232.0,832849331,192272032,0,0,
1790918904.1,0.9255653940234884,36.0,220.0,2232.0,832849331,192272032,0,0,
1790918906.2,0.9585449239704178,38.0,218.0,2232.0,832930435,192272032,81104,0,0.0
1790918908.2,0.9398558084312014,37.0,218.0,2232.0,833008758,192272032,78323,0,0.0
1790918910.3,0.9545396026149027,38.0,218.0,2232.0,833049312,192272032,40554,0,0.0
1790918912.4,0.987941121776074,39.0,217.0,2232.0,833086387,192272032,37075,0,0.0
1790918914.5,0.9763471469237701,38.0,216.0,2232.0,833148647,192272032,62260,0,0.0
1790918916.6,0.9636374039795729,38.0,217.0,2232.0,833211996,192272032,63349,0,0.0
1790918918.6,0.9539960232880828,38.0,218.0,2232.0,833268129,192272032,56133,0,0.0
1790918920.7,0.9317164232480295,37.0,218.0,2232.0,833326145,192272032,58016,0,0.0
1790918922.8,0.9610339450984879,39.0,217.0,2232.0,833426718,192272032,100573,0,0.0
1790918924.8,0.9866608494142217,39.0,217.0,2232.0,833426718,192272032,0,0,
1790918926.9,0.9488248673237301,38.0,216.0,2232.0,833479479,192272032,52761,0,0.0
1790918929.0,0.9745018381564078,39.0,216.0,2232.0,833519895,192272032,40416,0,0.0
1790918931.1,0.9971962750511394,40.0,215.0,2232.0,833566518,192272032,46623,0,0.0
1790918933.2,0.9706681734304147,39.0,216.0,2232.0,833617754,192272032,51236,0,0.0
1790918935.2,0.9542749653110562,38.0,217.0,2232.0,833673219,192272032,55465,0,0.0
1790918937.3,0.9678215343241735,39.0,217.0,2232.0,833802378,192272032,129159,0,0.0
1790918939.4,0.9897792781838729,39.0,217.0,2232.0,833802378,192272032,0,0,
1790918941.5,0.9829058606434262,38.0,218.0,2232.0,833826066,192272032,23688,0,0.0
1790918943.5,0.9492397041784084,38.0,216.0,2232.0,833922930,192272032,96864,0,0.0
1790918945.6,0.9785214642310498,39.0,215.0,2232.0,833967122,192272032,44192,0,0.0
1790918947.7,0.983821362667544,39.0,215.0,2232.0,834005575,192272032,38453,0,0.0
1790918949.8,0.9089003962407198,38.0,215.0,2232.0,834122302,192272032,116727,0,0.0
1790918951.8,0.9181054829988413,38.0,217.0,2232.0,834122302,192272032,0,0,
1790918953.9,0.9437681491123922,39.0,216.0,2232.0,834201272,192272032,78970,0,0.0
1790918956.0,0.965718740612528,40.0,215.0,2232.0,834304955,192272032,103683,0,0.0
1790918958.0,0.9695881671363383,40.0,215.0,2232.0,834304955,192272032,0,0,
1790918960.1,0.9952007667329452,41.0,214.0,2232.0,834326186,192272032,21231,0,0.0
1790918962.2,0.9780279514211738,41.0,212.0,2232.0,834414288,192272032,88102,0,0.0
1790918964.3,0.9530519118257113,41.0,212.0,2232.0,834470433,192272032,56145,0,0.0
1790918966.3,0.9806600197405124,41.0,214.0,2232.0,834533149,192272048,62716,16,0.0003
1790918968.4,0.9474802237258071,40.0,214.0,2232.0,834593489,192272048,60340,0,0.0
1790918970.5,0.9745519046733517,41.0,215.0,2232.0,834617794,192272048,24305,0,0.0
1790918972.5,0.9302501895375285,40.0,214.0,2232.0,834716218,192272048,98424,0,0.0
1790918974.6,0.9558627891341354,40.0,216.0,2232.0,834716218,192272048,0,0,
1790918976.7,0.9705394309582731,41.0,215.0,2232.0,834754806,192272048,38588,0,0.0
1790918978.8,0.9683150471340495,40.0,216.0,2232.0,834875991,192272048,121185,0,0.0
1790918980.9,0.9799161743459167,40.0,216.0,2232.0,834875991,192272048,0,0,
1790918982.9,0.97412991545911,39.0,216.0,2232.0,834875991,192272048,0,0,
1790918985.0,0.9749452844493398,39.0,217.0,2232.0,834875991,192272048,0,0,
1790918987.1,0.9650535711731301,39.0,217.0,2232.0,835051267,192272048,175276,0,0.0
1790918989.2,0.9638734318451657,39.0,216.0,2232.0,835051267,192272048,0,0,
1790918991.2,0.9829845365986238,39.0,217.0,2232.0,835051267,192272048,0,0,
1790918993.3,0.9510564035075171,39.0,216.0,2232.0,835086362,192272048,35095,0,0.0
1790918995.4,0.9734003747836412,40.0,215.0,2232.0,835180629,192272048,94267,0,0.0
1790918997.5,0.9782711316463302,39.0,217.0,2232.0,835180629,192272048,0,0,
1790918999.5,0.9333328565093625,37.0,217.0,2232.0,835359459,192272048,178830,0,0.0
1790919001.6,0.9516572017108444,37.0,217.0,2232.0,835359459,192272048,0,0,
1790919003.7,0.9662980817371651,37.0,218.0,2232.0,835359459,192272048,0,0,
1790919005.8,0.9772698013074513,37.0,219.0,2232.0,835359459,192272048,0,0,
1790919007.8,0.9846009698599568,37.0,219.0,2232.0,835359459,192272048,0,0,
1790919009.9,0.9919249860528988,37.0,219.0,2232.0,835359459,192272048,0,0,
1790919012.0,0.9365514183129015,36.0,218.0,2232.0,835466711,192272048,107252,0,0.0
1790919014.0,0.962192627347762,36.0,220.0,2232.0,835466711,192272048,0,0,
1790919016.1,0.9525440942967085,35.0,220.0,2232.0,835466711,192272048,0,0,
1790919018.2,0.978199608050696,36.0,220.0,2232.0,835533010,192272048,66299,0,0.0
1790919020.3,0.9686011415165863,35.0,220.0,2232.0,835533010,192272048,0,0,
1790919022.3,0.9786716637818816,35.0,221.0,2232.0,835603730,192272048,70720,0,0.0
1790919024.4,0.9851731586250304,35.0,221.0,2232.0,835603730,192272048,0,0,
1790919026.5,0.9636946228560802,34.0,220.0,2232.0,835702836,192272064,99106,16,0.0002
1790919028.5,0.9827270516543407,34.0,221.0,2232.0,835702836,192272064,0,0,
1790919030.6,0.9806814768192027,34.0,220.0,2232.0,835752915,192272064,50079,0,0.0
1790919032.7,0.9749667415280301,33.0,222.0,2232.0,835839815,192272080,86900,16,0.0002
1790919034.8,0.9932839343699487,33.0,223.0,2232.0,835839815,192272080,0,0,
1790919036.8,0.9772340395096343,33.0,222.0,2232.0,835896976,192272080,57161,0,0.0
1790919038.9,0.9822907577209722,33.0,222.0,2232.0,835940099,192272080,43123,0,0.0
1790919041.0,0.9668130516257313,32.0,222.0,2232.0,835986470,192272080,46371,0,0.0
1790919043.1,0.9805312772683709,32.0,222.0,2232.0,835986470,192272080,0,0,
1790919045.1,0.9883631109903157,32.0,222.0,2232.0,836052287,192272080,65817,0,0.0
1790919047.2,0.9850515685124522,32.0,222.0,2232.0,836114285,192272080,61998,0,0.0
1790919049.3,0.9757177392821892,33.0,221.0,2232.0,836198439,192272080,84154,0,0.0
1790919051.3,0.9989414507846138,33.0,222.0,2232.0,836198439,192272080,0,0,
1790919053.4,0.9928047262791995,33.0,223.0,2232.0,836237488,192272080,39049,0,0.0
1790919055.5,0.9761111190581773,33.0,221.0,2232.0,836298676,192272096,61188,16,0.0003
1790919057.6,0.9749881986067204,34.0,221.0,2232.0,836374037,192272096,75361,0,0.0
1790919059.6,0.9983191955025963,35.0,221.0,2232.0,836391082,192272096,17045,0,0.0
1790919061.7,0.9671635172443389,34.0,221.0,2232.0,836448937,192272096,57855,0,0.0
1790919063.8,0.9854306435693135,34.0,222.0,2232.0,836498275,192272096,49338,0,0.0
1790919065.9,0.9415366129286051,32.0,222.0,2232.0,836540533,192272096,42258,0,0.0
1790919068.0,0.9708326777003734,34.0,221.0,2232.0,836650447,192272096,109914,0,0.0
1790919070.0,0.9951936143733818,34.0,221.0,2232.0,836650447,192272096,0,0,
1790919072.1,0.9768406597336461,33.0,221.0,2232.0,836707987,192272096,57540,0,0.0
1790919074.2,0.9559986839658403,32.0,223.0,2232.0,836787389,192272096,79402,0,0.0
1790919076.2,0.9639592601599267,31.0,225.0,2232.0,836787389,192272096,0,0,
1790919078.3,0.9743230291673223,32.0,224.0,2232.0,836803456,192272096,16067,0,0.0
1790919080.4,0.944769479451271,32.0,223.0,2232.0,836904294,192272096,100838,0,0.0
1790919082.5,0.9630795199336261,32.0,224.0,2232.0,836904294,192272096,0,0,
1790919084.5,0.97551032085485,32.0,224.0,2232.0,836968977,192272096,64683,0,0.0
1790919086.6,0.9936630094268099,32.0,224.0,2232.0,836968977,192272096,0,0,
1790919088.7,0.8940950119444404,32.0,224.0,2232.0,837067391,192272096,98414,0,0.0
1790919090.8,0.8826369319238416,32.0,223.0,2232.0,837130625,192272096,63234,0,0.0
1790919092.9,0.887393251033516,32.0,223.0,2232.0,837173456,192272096,42831,0,0.0
1790919094.9,0.9203370191826283,33.0,222.0,2232.0,837230801,192272096,57345,0,0.0
1790919097.0,0.9533093967699944,35.0,221.0,2232.0,837309970,192272096,79169,0,0.0
1790919099.1,0.986274621997797,37.0,219.0,2232.0,837379210,192272096,69240,0,0.0
1790919101.1,0.9887779478449941,37.0,218.0,2232.0,837418124,192272096,38914,0,0.0
1790919103.2,0.9878839028995665,37.0,217.0,2232.0,837483712,192272096,65588,0,0.0
1790919105.3,0.9666986138727166,37.0,218.0,2232.0,837537501,192272096,53789,0,0.0
1790919107.4,0.9762827756876994,38.0,217.0,2232.0,837620422,192272096,82921,0,0.0
1790919109.5,0.9929406211109045,38.0,218.0,2232.0,837620422,192272096,0,0,
1790919111.6,0.990344314589383,38.0,218.0,2232.0,837663365,192272096,42943,0,0.0
1790919113.7,0.972785271861187,37.0,219.0,2232.0,837771383,192272096,108018,0,0.0
1790919115.8,0.9692663109559844,37.0,218.0,2232.0,837771383,192272096,0,0,
1790919117.9,0.9645171442058735,37.0,217.0,2232.0,837834574,192272096,63191,0,0.0
1790919120.0,0.9564278255396456,38.0,216.0,2232.0,837918457,192272096,83883,0,0.0
1790919122.0,0.9820690345745061,38.0,218.0,2232.0,837918457,192272096,0,0,
1790919124.1,0.9607836125137683,38.0,217.0,2232.0,837961748,192272096,43291,0,0.0
1790919126.2,0.9917747865020671,40.0,215.0,2232.0,838005180,192272096,43432,0,0.0
1790919128.3,0.973994020627405,39.0,216.0,2232.0,838074810,192272096,69630,0,0.0
1790919130.3,0.9711759909594175,38.0,217.0,2232.0,838140349,192272096,65539,0,0.0
1790919132.4,0.9758107199565137,37.0,217.0,2232.0,838140349,192272096,0,0,
1790919134.5,0.9668202039852948,37.0,219.0,2232.0,838196266,192272096,55917,0,0.0
1790919136.6,0.9675497446607636,38.0,217.0,2232.0,838263230,192272096,66964,0,0.0
1790919138.7,0.9724491109617063,39.0,217.0,2232.0,838325593,192272096,62363,0,0.0
1790919140.7,0.9617563334143934,38.0,219.0,2232.0,838325593,192272096,0,0,
1790919142.8,0.9307437023474044,37.0,219.0,2232.0,838486171,192272096,160578,0,0.0
1790919144.9,0.9265595720028037,36.0,219.0,2232.0,838486171,192272096,0,0,
1790919147.0,0.9033215557812523,35.0,219.0,2232.0,838486171,192272096,0,0,
1790919149.0,0.9142861229919751,35.0,220.0,2232.0,838486171,192272096,0,0,
1790919151.1,0.9216172915444805,35.0,222.0,2232.0,838486171,192272096,0,0,
1790919153.2,0.9168323629965526,35.0,221.0,2232.0,838533229,192272096,47058,0,0.0
1790919155.3,0.9461284277683207,36.0,220.0,2232.0,838589103,192272096,55874,0,0.0
1790919157.3,0.9601041383552434,37.0,218.0,2232.0,838689458,192272096,100355,0,0.0
1790919159.4,0.982083339293633,38.0,219.0,2232.0,838715324,192272096,25866,0,0.0
1790919161.5,0.9761540332155578,37.0,219.0,2232.0,838789137,192272096,73813,0,0.0
1790919163.6,0.991059550545725,37.0,220.0,2232.0,838789137,192272096,0,0,
1790919165.6,0.9962378588696411,37.0,220.0,2232.0,838830212,192272096,41075,0,0.0
1790919167.7,0.9365371135937746,36.0,220.0,2232.0,838934151,192272096,103939,0,0.0
1790919169.8,0.9621497131903816,36.0,220.0,2232.0,838934151,192272096,0,0,
1790919171.9,0.976804897935829,37.0,219.0,2232.0,838974885,192272096,40734,0,0.0
1790919174.0,0.9903729240276368,37.0,219.0,2232.0,839009393,192272096,34508,0,0.0
1790919176.0,0.98266268041827,36.0,219.0,2232.0,839080971,192272096,71578,0,0.0
1790919178.1,0.9719412934327034,35.0,221.0,2232.0,839080971,192272096,0,0,
1790919180.2,0.9222967657030055,35.0,220.0,2232.0,839176578,192272096,95607,0,0.0
1790919182.3,0.9406211109044874,35.0,220.0,2232.0,839176578,192272096,0,0,
1790919184.3,0.9662408628606577,36.0,220.0,2232.0,839261479,192272096,84901,0,0.0
1790919186.4,0.9808960476061053,36.0,221.0,2232.0,839261479,192272096,0,0,
1790919188.5,0.9337834551618579,35.0,220.0,2232.0,839321400,192272096,59921,0,0.0
1790919190.6,0.9477591657487805,35.0,221.0,2232.0,839376623,192272096,55223,0,0.0
1790919192.6,0.9666843091535897,35.0,222.0,2232.0,839376623,192272096,0,0,
1790919194.7,0.9069191926416524,35.0,221.0,2232.0,839486164,192272096,109541,0,0.0
1790919196.8,0.9015763800477777,34.0,222.0,2232.0,839486164,192272096,0,0,
1790919198.9,0.9162244124336618,34.0,223.0,2232.0,839486164,192272096,0,0,
1790919200.9,0.9227044501981203,34.0,222.0,2232.0,839528068,192272096,41904,0,0.0
1790919203.0,0.93092251133649,35.0,221.0,2232.0,839636696,192272096,108628,0,0.0
1790919205.1,0.9232265724462501,35.0,221.0,2232.0,839676602,192272112,39906,16,0.0004
1790919207.2,0.956163188235799,36.0,220.0,2232.0,839788599,192272112,111997,0,0.0
1790919209.2,0.9569427954282118,35.0,221.0,2232.0,839788599,192272112,0,0,
1790919211.3,0.9679359720771883,36.0,221.0,2232.0,839834670,192272112,46071,0,0.0
1790919213.4,0.9610339450984879,36.0,220.0,2232.0,839970976,192272112,136306,0,0.0
1790919215.4,0.9866680017737852,36.0,221.0,2232.0,839970976,192272112,0,0,
1790919217.5,0.9775272862517345,36.0,220.0,2232.0,839970976,192272112,0,0,
1790919219.6,0.9842791136796029,36.0,219.0,2232.0,840030559,192272112,59583,0,0.0
1790919221.7,0.9880698642482155,36.0,220.0,2232.0,840107849,192272112,77290,0,0.0
1790919223.7,0.9930979730212998,36.0,219.0,2232.0,840107849,192272112,0,0,
1790919225.8,0.9594103594775917,36.0,219.0,2233.0,840165979,192272112,58130,0,0.0
1790919227.9,0.9819689015406182,36.0,221.0,2233.0,840165979,192272112,0,0,
1790919230.0,0.9812536655842763,37.0,219.0,2233.0,840260761,192272112,94782,0,0.0
1790919232.1,0.955498018796401,37.0,218.0,2233.0,840317633,192272112,56872,0,0.0
1790919234.1,0.934262663252607,36.0,219.0,2233.0,840366685,192272112,49052,0,0.0
1790919236.2,0.9672564979186634,37.0,220.0,2233.0,840426107,192272112,59422,0,0.0
1790919238.3,0.9614559343127298,37.0,219.0,2233.0,840489800,192272112,63693,0,0.0
1790919240.4,0.965547083983006,36.0,221.0,2233.0,840489800,192272112,0,0,
1790919242.4,0.9683794183701203,36.0,221.0,2233.0,840592829,192272112,103029,0,0.0
1790919244.5,0.9818902255854206,35.0,222.0,2233.0,840592829,192272112,0,0,
1790919246.6,0.9915816727938547,35.0,222.0,2233.0,840592829,192272112,0,0,
1790919248.7,0.9875262849213956,35.0,221.0,2233.0,840631844,192272128,39015,16,0.0004
1790919250.8,0.9904015334658904,35.0,221.0,2233.0,840694970,192272144,63126,16,0.0003
1790919252.8,0.9791794813108845,34.0,222.0,2233.0,840694970,192272144,0,0,
1790919254.9,0.9656257599382037,34.0,222.0,2233.0,840800452,192272144,105482,0,0.0
1790919257.0,0.983957257499249,34.0,223.0,2233.0,840800452,192272144,0,0,
1790919259.1,0.9947144062826326,34.0,223.0,2233.0,840800452,192272144,0,0,
1790919261.2,0.9418370120302688,33.0,222.0,2233.0,840882354,192272144,81902,0,0.0
1790919263.2,0.9748093896176349,34.0,222.0,2233.0,841010640,192272144,128286,0,0.0
1790919265.3,0.9487962578854764,34.0,222.0,2233.0,841010640,192272144,0,0,
1790919267.4,0.9714477806228274,34.0,223.0,2233.0,841010640,192272144,0,0,
1790919269.5,0.8907977741857038,32.0,223.0,2233.0,841173207,192272144,162567,0,0.0
1790919271.5,0.9054386542120245,32.0,224.0,2233.0,841173207,192272144,0,0,
1790919273.7,0.9201009913170355,32.0,224.0,2233.0,841173207,192272144,0,0,
1790919275.7,0.9088789391620296,31.0,225.0,2233.0,841173207,192272144,0,0,
1790919277.8,0.9198792681705694,32.0,225.0,2233.0,841202250,192272144,29043,0,0.0
1790919279.9,0.949146723504084,33.0,224.0,2233.0,841265884,192272144,63634,0,0.0
1790919281.9,0.9062969373596349,32.0,224.0,2233.0,841361122,192272160,95238,16,0.0002
1790919284.0,0.895790121160971,31.0,225.0,2233.0,841361122,192272160,0,0,
1790919286.1,0.8874647746291502,31.0,226.0,2233.0,841425102,192272160,63980,0,0.0
1790919288.2,0.8863847683350737,31.0,225.0,2233.0,841472639,192272160,47537,0,0.0
1790919290.2,0.9156951378259688,32.0,224.0,2233.0,841541150,192272160,68511,0,0.0
1790919292.3,0.9412934327034489,33.0,224.0,2233.0,841592972,192272160,51822,0,0.0
1790919294.4,0.9742944197290686,34.0,223.0,2233.0,841631097,192272160,38125,0,0.0
1790919296.5,0.9766117842276167,35.0,222.0,2233.0,841705095,192272160,73998,0,0.0
1790919298.6,0.9569070336303946,35.0,221.0,2233.0,841772124,192272160,67029,0,0.0
1790919300.6,0.9825840044630724,36.0,221.0,2233.0,841813481,192272160,41357,0,0.0
1790919302.7,0.9674353069077488,36.0,220.0,2233.0,841840415,192272160,26934,0,0.0
1790919304.8,0.9961949447122606,38.0,219.0,2233.0,841985843,192272160,145428,0,0.0
1790919306.9,0.958037106441415,37.0,218.0,2233.0,841985843,192272160,0,0,
1790919308.9,0.9873331712131832,38.0,219.0,2233.0,842062538,192272160,76695,0,0.0
1790919311.0,0.9895003361608995,37.0,220.0,2233.0,842062538,192272160,0,0,
1790919313.1,0.9734432889410216,38.0,219.0,2233.0,842159208,192272160,96670,0,0.0
1790919315.2,0.9852661392993548,39.0,218.0,2233.0,842161543,192272160,2335,0,0.0
1790919317.2,0.982305062440099,39.0,218.0,2233.0,842208952,192272160,47409,0,0.0
1790919319.3,0.9896076215543508,39.0,218.0,2233.0,842208952,192272160,0,0,
1790919321.4,0.9730642138841604,39.0,217.0,2233.0,842263367,192272160,54415,0,0.0
1790919323.5,0.9469008826011701,38.0,218.0,2233.0,842377695,192272160,114328,0,0.0
1790919325.5,0.9688943882586866,38.0,219.0,2233.0,842377695,192272160,0,0,
1790919327.6,0.9835066588467536,38.0,219.0,2233.0,842377695,192272160,0,0,
1790919329.7,0.9876264179552835,38.0,219.0,2233.0,842377695,192272160,0,0,
1790919331.8,0.9765116511937288,37.0,220.0,2233.0,842438609,192272160,60914,0,0.0
1790919333.8,0.9815969788433204,37.0,220.0,2233.0,842488577,192272160,49968,0,0.0
1790919335.9,0.9758393293947674,37.0,219.0,2233.0,842599252,192272160,110675,0,0.0
1790919338.0,0.9855593860414551,37.0,220.0,2233.0,842599252,192272160,0,0,
1790919340.0,0.9956799748236943,37.0,220.0,2233.0,842599252,192272160,0,0,
1790919342.1,0.9860385941322042,37.0,219.0,2233.0,842674400,192272160,75148,0,0.0
1790919344.2,0.9866107828972778,37.0,220.0,2233.0,842674400,192272160,0,0,
1790919346.3,0.9832706309811606,37.0,219.0,2233.0,842714232,192272160,39832,0,0.0
1790919348.3,0.9745805141116054,37.0,219.0,2233.0,842756796,192272160,42564,0,0.0
1790919350.4,0.9850229590741986,37.0,219.0,2233.0,842819448,192272160,62652,0,0.0
1790919352.5,0.953624100590785,37.0,218.0,2233.0,842955980,192272160,136532,0,0.0
1790919354.6,0.9829273177221165,37.0,219.0,2233.0,842955980,192272160,0,0,
1790919356.7,0.9965954768478121,37.0,219.0,2233.0,842955980,192272160,0,0,
1790919358.7,0.9840859999713906,36.0,221.0,2233.0,842955980,192272160,0,0,
1790919360.8,0.9597608250961992,35.0,220.0,2233.0,843035147,192272160,79167,0,0.0
1790919362.9,0.9780565608594275,36.0,220.0,2233.0,843068508,192272160,33361,0,0.0
1790919365.0,0.9593531406010843,35.0,220.0,2233.0,843147367,192272160,78859,0,0.0
1790919367.1,0.9776417240047491,36.0,221.0,2233.0,843188673,192272176,41306,16,0.0004
1790919369.1,0.9672564979186634,35.0,221.0,2233.0,843188673,192272176,0,0,
1790919371.2,0.9324102021256813,34.0,220.0,2233.0,843271373,192272176,82700,0,0.0
1790919373.3,0.9507345473271632,35.0,220.0,2233.0,843308539,192272192,37166,16,0.0004
1790919375.4,0.9318308610010443,34.0,220.0,2233.0,843456443,192272192,147904,0,0.0
1790919377.5,0.9574649176763415,35.0,222.0,2233.0,843456443,192272192,0,0,
1790919379.5,0.9757678057991331,35.0,222.0,2233.0,843456443,192272192,0,0,
1790919381.6,0.9653682749939205,34.0,222.0,2233.0,843456443,192272192,0,0,
1790919383.7,0.9684795514040082,34.0,222.0,2233.0,843548423,192272192,91980,0,0.0
1790919385.7,0.9867967442459268,34.0,222.0,2233.0,843548423,192272192,0,0,
1790919387.8,0.9744803810777175,34.0,221.0,2233.0,843613079,192272192,64656,0,0.0
1790919389.9,0.9998283433704779,34.0,222.0,2233.0,843613079,192272192,0,0,
1790919392.0,0.9890711945870942,33.0,224.0,2266.0,843613079,192272192,0,0,
1790919394.0,0.9305648933583189,33.0,223.0,2266.0,843835442,192272192,222363,0,0.0
1790919396.1,0.9598681104896505,34.0,223.0,2266.0,843835442,192272192,0,0,
1790919398.2,0.9421016493341153,33.0,222.0,2266.0,843879929,192272208,44487,16,0.0004
1790919400.2,0.9713834093867567,34.0,222.0,2266.0,843879929,192272208,0,0,
1790919402.3,0.9831275837898923,35.0,221.0,2266.0,844003589,192272208,123660,0,0.0
1790919404.4,0.9812250561460226,34.0,221.0,2266.0,844003589,192272208,0,0,
1790919406.5,0.9800306120989314,34.0,222.0,2266.0,844034413,192272208,30824,0,0.0
1790919408.6,0.9805241249088075,35.0,222.0,2266.0,844123034,192272208,88621,0,0.0
1790919410.6,0.9637518417325875,35.0,221.0,2266.0,844163692,192272208,40658,0,0.0
1790919412.7,0.9870971433475904,36.0,221.0,2266.0,844207201,192272208,43509,0,0.0
1790919414.8,0.987941121776074,36.0,221.0,2266.0,844207201,192272208,0,0,
1790919416.8,0.9720771882644085,35.0,221.0,2266.0,844245118,192272208,37917,0,0.0
1790919418.9,0.9726279199507918,35.0,220.0,2266.0,844342953,192272208,97835,0,0.0
1790919421.0,0.9909308080735835,35.0,221.0,2266.0,844342953,192272208,0,0,
1790919423.1,0.9797945842333385,35.0,221.0,2266.0,844396756,192272208,53803,0,0.0
1790919425.1,0.9932982390890754,35.0,221.0,2266.0,844396756,192272208,0,0,
1790919427.2,0.9771124493970561,34.0,222.0,2266.0,844396756,192272208,0,0,
1790919429.3,0.9492540088975353,33.0,222.0,2266.0,844486910,192272208,90154,0,0.0
1790919431.4,0.9639020412834194,33.0,222.0,2266.0,844486910,192272208,0,0,
1790919433.4,0.9814110174946715,34.0,222.0,2266.0,844524819,192272208,37909,0,0.0
1790919435.5,0.9760753572603602,34.0,222.0,2266.0,844585141,192272208,60322,0,0.0
1790919437.6,0.9525440942967085,32.0,222.0,2266.0,844585141,192272208,0,0,
1790919439.7,0.8869498047405839,31.0,224.0,2266.0,844792805,192272208,207664,0,0.0
1790919441.7,0.855393594346775,30.0,225.0,2266.0,844792805,192272208,0,0,
1790919443.8,0.8700630838113493,30.0,227.0,2266.0,844792805,192272208,0,0,
1790919445.9,0.8810348033816356,30.0,227.0,2266.0,844792805,192272208,0,0,
1790919448.0,0.8750053642696726,29.0,227.0,2266.0,844792805,192272208,0,0,
1790919450.0,0.8823293804626147,29.0,228.0,2266.0,844792805,192272208,0,0,
1790919452.1,0.8896533966555566,29.0,228.0,2266.0,844792805,192272208,0,0,
1790919454.2,0.8969702604889354,29.0,228.0,2266.0,844792805,192272208,0,0,
1790919456.2,0.9189637661464517,30.0,227.0,2266.0,844846262,192272208,53457,0,0.0
1790919458.3,0.9204371522165162,30.0,227.0,2266.0,844993604,192272208,147342,0,0.0
1790919460.4,0.9022343971276124,30.0,227.0,2266.0,844993604,192272208,0,0,
1790919462.5,0.8889882272161587,29.0,227.0,2266.0,844993604,192272208,0,0,
1790919464.5,0.9146151315318923,30.0,226.0,2266.0,845051048,192272224,57444,16,0.0003
1790919466.6,0.91799819760539,31.0,224.0,2266.0,845117265,192272240,66217,16,0.0002
1790919468.7,0.9342555108930436,32.0,222.0,2266.0,845219661,192272240,102396,0,0.0
1790919470.8,0.9599253293661579,33.0,224.0,2266.0,845299045,192272240,79384,0,0.0
1790919472.8,0.981897377944984,33.0,224.0,2266.0,845299045,192272240,0,0,
1790919474.9,0.9853519676141159,33.0,224.0,2266.0,845375862,192272240,76817,0,0.0
1790919477.0,0.9718268556796887,33.0,223.0,2266.0,845414865,192272240,39003,0,0.0
1790919479.1,0.9604474516142876,33.0,223.0,2266.0,845485451,192272240,70586,0,0.0
1790919481.1,0.9860672035704579,34.0,222.0,2266.0,845525107,192272240,39656,0,0.0
1790919483.2,0.9885705294176549,34.0,222.0,2266.0,845525107,192272240,0,0,
1790919485.3,0.9849943496359449,34.0,223.0,2266.0,845582913,192272240,57806,0,0.0
1790919487.4,0.9639878695981804,33.0,223.0,2266.0,845582913,192272240,0,0,
1790919489.4,0.9653682749939205,34.0,222.0,2266.0,845701906,192272240,118993,0,0.0
1790919491.5,0.985795413907048,34.0,222.0,2266.0,845701906,192272240,0,0,
1790919493.6,0.96174918105483,34.0,221.0,2266.0,845785274,192272240,83368,0,0.0
1790919495.7,0.9769336404079706,36.0,221.0,2266.0,845879801,192272240,94527,0,0.0
1790919497.7,0.9759037006308381,35.0,221.0,2266.0,845879801,192272240,0,0,
1790919499.8,0.9681576952236542,35.0,221.0,2266.0,845942602,192272240,62801,0,0.0
1790919501.9,0.9584161814982762,34.0,222.0,2266.0,845942602,192272240,0,0,
1790919504.0,0.9383681176420101,33.0,224.0,2266.0,846154559,192272240,211957,0,0.0
1790919506.1,0.9187205859212955,32.0,223.0,2266.0,846154559,192272240,0,0,
1790919508.2,0.9370234740440871,32.0,224.0,2266.0,846154559,192272240,0,0,
1790919510.2,0.9480166506930636,32.0,224.0,2266.0,846154559,192272240,0,0,
1790919512.3,0.9590026749824767,32.0,224.0,2266.0,846154559,192272240,0,0,
1790919514.4,0.9699815469123264,32.0,225.0,2266.0,846154559,192272240,0,0,
1790919516.4,0.9530948259830918,32.0,224.0,2266.0,846234239,192272256,79680,16,0.0002
1790919518.5,0.975066874561918,32.0,224.0,2266.0,846234239,192272256,0,0,
1790919520.6,0.9508418327206145,31.0,223.0,2266.0,846279244,192272256,45005,0,0.0
1790919522.7,0.9801450498519462,32.0,223.0,2266.0,846344773,192272256,65529,0,0.0
1790919524.7,0.9708183729812465,32.0,223.0,2266.0,846466417,192272256,121644,0,0.0
1790919526.8,0.9922611469523795,32.0,225.0,2266.0,846466417,192272256,0,0,
1790919528.9,0.9322886120131031,30.0,225.0,2266.0,846466417,192272256,0,0,
1790919531.0,0.9615846767848714,31.0,225.0,2266.0,846466417,192272256,0,0,
1790919533.0,0.9640593931938146,33.0,222.0,2266.0,846565073,192272256,98656,0,0.0
1790919535.1,0.9493255324931695,33.0,222.0,2266.0,846627341,192272256,62268,0,0.0
1790919537.2,0.955447952279457,33.0,223.0,2266.0,846674232,192272256,46891,0,0.0
1790919539.2,0.9542892700301829,33.0,224.0,2266.0,846712921,192272256,38689,0,0.0
1790919541.3,0.9872401905388588,34.0,223.0,2266.0,846791624,192272256,78703,0,0.0
1790919543.4,0.9534238345230092,34.0,222.0,2266.0,846839353,192272256,47729,0,0.0
1790919545.5,0.9386256025862932,35.0,222.0,2266.0,846938345,192272256,98992,0,0.0
1790919547.6,0.9524940277797646,36.0,221.0,2266.0,847099233,192272256,160888,0,0.0
1790919549.6,0.9781209320954983,36.0,221.0,2266.0,847099233,192272256,0,0,
1790919551.7,0.99477162515914,36.0,221.0,2266.0,847099233,192272256,0,0,
1790919553.8,0.9909522651522737,36.0,221.0,2266.0,847099233,192272256,0,0,
1790919555.9,0.9956942795428212,36.0,221.0,2266.0,847099233,192272256,0,0,
1790919558.0,0.9875119802022687,36.0,221.0,2266.0,847233230,192272256,133997,0,0.0
1790919560.0,0.9745876664711688,35.0,220.0,2266.0,847233230,192272256,0,0,
1790919562.1,0.9762470138898822,35.0,220.0,2266.0,847273561,192272256,40331,0,0.0
1790919564.2,0.9833922210937388,35.0,221.0,2266.0,847313920,192272256,40359,0,0.0
1790919566.3,0.9561989500336161,34.0,221.0,2266.0,847313920,192272256,0,0,
1790919568.3,0.9593602929606477,35.0,221.0,2266.0,847412018,192272272,98098,16,0.0002
1790919570.4,0.9886635100919794,36.0,221.0,2266.0,847456476,192272272,44458,0,0.0
1790919572.5,0.9617777904930837,35.0,222.0,2266.0,847566185,192272272,109709,0,0.0
1790919574.5,0.9635587280243753,34.0,223.0,2266.0,847566185,192272272,0,0,
1790919576.6,0.9745447523137883,34.0,223.0,2266.0,847566185,192272272,0,0,
1790919578.7,0.9884847011028939,34.0,223.0,2266.0,847626658,192272272,60473,0,0.0
1790919580.8,0.9762470138898822,34.0,222.0,2266.0,847672793,192272272,46135,0,0.0
1790919582.8,0.9864176691890655,34.0,223.0,2266.0,847672793,192272272,0,0,
1790919584.9,0.9588024089147009,35.0,222.0,2266.0,847766220,192272272,93427,0,0.0
1790919587.0,0.9540317850858998,36.0,220.0,2266.0,847831625,192272272,65405,0,0.0
1790919589.1,0.9833135451385412,37.0,220.0,2266.0,847886030,192272272,54405,0,0.0
1790919591.1,0.999420658875363,37.0,220.0,2266.0,847886030,192272272,0,0,
1790919593.2,0.9759394624286553,36.0,221.0,2275.0,847886030,192272272,0,0,
1790919595.3,0.9618063999313373,36.0,220.0,2275.0,847935899,192272272,49869,0,0.0
1790919597.4,0.991109617062669,37.0,219.0,2275.0,848045620,192272272,109721,0,0.0
1790919599.5,0.9810605518760639,36.0,219.0,2275.0,848045620,192272272,0,0,
1790919601.5,0.9847225599725349,36.0,219.0,2275.0,848045620,192272272,0,0,
1790919603.6,0.9136495629908307,37.0,220.0,2275.0,848137404,192272272,91784,0,0.0
1790919605.7,0.9502696439555409,39.0,218.0,2275.0,848223179,192272272,85775,0,0.0
1790919607.7,0.9632082624057676,39.0,218.0,2275.0,848344146,192272272,120967,0,0.0
1790919609.8,0.9610482498176148,38.0,218.0,2275.0,848344146,192272272,0,0,
1790919611.9,0.9684795514040082,37.0,219.0,2275.0,848344146,192272272,0,0,
1790919613.9,0.994106455719742,38.0,219.0,2275.0,848402593,192272272,58447,0,0.0
1790919616.0,0.9504198435063728,38.0,217.0,2275.0,848501940,192272272,99347,0,0.0
1790919618.1,0.972377587366072,39.0,218.0,2275.0,848552907,192272272,50967,0,0.0
1790919620.2,0.9631868053270773,38.0,217.0,2275.0,848630269,192272272,77362,0,0.0
1790919622.2,0.988828014361938,38.0,219.0,2275.0,848630269,192272272,0,0,
1790919624.3,0.9914457779621497,38.0,218.0,2275.0,848669883,192272272,39614,0,0.0
1790919626.4,0.9886563577324159,38.0,219.0,2275.0,848712246,192272272,42363,0,0.0
1790919628.5,0.9923970417840846,37.0,219.0,2275.0,848750659,192272288,38413,16,0.0004
1790919630.5,0.9824838714291845,37.0,219.0,2275.0,848825394,192272288,74735,0,0.0
1790919632.6,0.9671349078060852,36.0,218.0,2275.0,848842944,192272288,17550,0,0.0
1790919634.7,0.9728567954568212,37.0,219.0,2275.0,848946720,192272288,103776,0,0.0
1790919636.7,0.9760753572603602,37.0,219.0,2275.0,848984662,192272288,37942,0,0.0
1790919638.8,0.9792009383895747,37.0,218.0,2275.0,849052204,192272304,67542,16,0.0002
1790919640.9,0.9879911882930179,37.0,220.0,2275.0,849052204,192272304,0,0,
1790919643.0,0.9655613887021328,36.0,221.0,2275.0,849084411,192272304,32207,0,0.0
1790919645.0,0.9497332169882844,35.0,220.0,2275.0,849192392,192272304,107981,0,0.0
1790919647.1,0.968050409830203,35.0,220.0,2275.0,849192392,192272304,0,0,
1790919649.2,0.9834208305319925,36.0,219.0,2275.0,849208410,192272304,16018,0,0.0
1790919651.3,0.957679488463244,35.0,219.0,2275.0,849208410,192272304,0,0,
1790919653.3,0.9245139971676656,33.0,218.0,2275.0,849389569,192272304,181159,0,0.0
1790919655.4,0.946471741027365,33.0,218.0,2275.0,849389569,192272304,0,0,
1790919657.5,0.9574506129572146,33.0,218.0,2275.0,849389569,192272304,0,0,
1790919659.5,0.9392264007896205,32.0,218.0,2275.0,849389569,192272304,0,0,
1790919661.6,0.9502052727194702,32.0,218.0,2275.0,849389569,192272304,0,0,
1790919663.7,0.9575292889124122,32.0,218.0,2275.0,849389569,192272304,0,0,
1790919665.8,0.9492754659762256,32.0,217.0,2275.0,849489991,192272304,100422,0,0.0
1790919667.8,0.9749166750110861,32.0,217.0,2275.0,849489991,192272304,0,0,
1790919669.9,0.9688371693821792,31.0,217.0,2275.0,849489991,192272304,0,0,
1790919672.0,0.9626289212811306,31.0,216.0,2275.0,849528518,192272304,38527,0,0.0
1790919674.0,0.9677500107285394,31.0,215.0,2275.0,849627861,192272304,99343,0,0.0
1790919676.1,0.9823980431144235,31.0,215.0,2275.0,849627861,192272304,0,0,
1790919678.2,0.9835209635658804,31.0,215.0,2275.0,849627861,192272304,0,0,
1790919680.3,0.9282546812193343,31.0,214.0,2275.0,849685731,192272304,57870,0,0.0
1790919682.3,0.9575793554293561,32.0,213.0,2275.0,849784095,192272304,98364,0,0.0
1790919684.4,0.9721987783769865,32.0,213.0,2275.0,849784095,192272304,0,0,
1790919686.5,0.9907305420058077,33.0,212.0,2275.0,849823836,192272304,39741,0,0.0
1790919688.5,0.9330825239246427,33.0,210.0,2275.0,849920473,192272304,96637,0,0.0
1790919690.6,0.9624215028537915,34.0,209.0,2275.0,849959514,192272304,39041,0,0.0
1790919692.7,0.9703892314074413,35.0,207.0,2275.0,850068083,192272304,108569,0,0.0
1790919694.7,0.9960375928018653,35.0,207.0,2275.0,850068083,192272304,0,0,
1790919696.8,0.9996924485387729,35.0,207.0,2275.0,850068083,192272304,0,0,
1790919698.9,0.9699600898336361,33.0,208.0,2298.0,850068083,192272304,0,0,
1790919701.0,0.8962693292517201,33.0,206.0,2298.0,850137976,192272304,69893,0,0.0
1790919703.0,0.9219391477248344,34.0,205.0,2298.0,850214121,192272304,76145,0,0.0
1790919705.1,0.9439111963036606,35.0,204.0,2298.0,850280160,192272304,66039,0,0.0
1790919707.2,0.9695381006193944,35.0,204.0,2298.0,850280160,192272304,0,0,
1790919709.2,0.9891570229018554,36.0,203.0,2298.0,850368612,192272304,88452,0,0.0
1790919711.3,0.9854950148053843,36.0,202.0,2298.0,850368612,192272304,0,0,
1790919713.4,0.9414507846138441,35.0,201.0,2298.0,850456041,192272304,87429,0,0.0
1790919715.4,0.9634156808331068,35.0,201.0,2298.0,850456041,192272304,0,0,
1790919717.5,0.9877837698656787,36.0,200.0,2298.0,850496370,192272304,40329,0,0.0
1790919719.6,0.9508847468779951,35.0,199.0,2298.0,850610883,192272304,114513,0,0.0
1790919721.6,0.9655327792638791,35.0,199.0,2298.0,850610883,192272304,0,0,
1790919723.7,0.9802022687284535,36.0,198.0,2298.0,850653757,192272304,42874,0,0.0
1790919725.8,0.9841646759265882,36.0,197.0,2298.0,850707810,192272304,54053,0,0.0
1790919727.9,0.9942208934727567,36.0,197.0,2298.0,850707810,192272304,0,0,
1790919729.9,0.9684652466848813,35.0,196.0,2298.0,850771741,192272304,63931,0,0.0
1790919732.0,0.9930407541447923,36.0,195.0,2298.0,850811442,192272304,39701,0,0.0
1790919734.1,0.9632297194844579,36.0,194.0,2298.0,850876099,192272304,64657,0,0.0
1790919736.1,0.9702461842161729,36.0,193.0,2298.0,850935552,192272304,59453,0,0.0
1790919738.2,0.9349993562876393,36.0,192.0,2298.0,851059588,192272304,124036,0,0.0
1790919740.3,0.9679574291558786,37.0,191.0,2298.0,851059588,192272304,0,0,
1790919742.4,0.9862889267169239,37.0,191.0,2298.0,851059588,192272304,0,0,
1790919744.4,0.9805741914257513,37.0,190.0,2298.0,851118956,192272304,59368,0,0.0
1790919746.5,0.9859098516600626,37.0,190.0,2298.0,851118956,192272304,0,0,
1790919748.6,0.9797588224355215,38.0,188.0,2298.0,851206106,192272320,87150,16,0.0002
1790919750.7,0.99807601527744,39.0,187.0,2298.0,851232109,192272320,26003,0,0.0
1790919752.7,0.9802523352453975,38.0,186.0,2298.0,851290197,192272336,58088,16,0.0003
1790919754.8,0.9701675082609753,38.0,184.0,2298.0,851386326,192272336,96129,0,0.0
1790919756.9,0.9918320053785744,38.0,184.0,2298.0,851386326,192272336,0,0,
1790919758.9,0.979494185131675,37.0,182.0,2298.0,851499375,192272336,113049,0,0.0
1790919761.0,0.994142217517559,37.0,182.0,2298.0,851499375,192272336,0,0,
1790919763.1,0.478063713218991,16.0,86.0,2298.0,851584698,192272336,85323,0,0.0
1790919765.1,0.0,0.0,0.0,2298.0,851584698,192272336,0,0,
1790919767.2,0.0,0.0,0.0,2298.0,851584698,192272336,0,0,
1790919769.3,0.0,0.0,0.0,2298.0,851584698,192272336,0,0,
1790919771.4,0.0,0.0,0.0,2298.0,851584698,192272336,0,0,
1790919773.4,0.0,0.0,0.0,2298.0,851584698,192272336,0,0,
1790919775.5,0.0,0.0,0.0,2298.0,851584698,192272336,0,0,
1790919777.6,0.0,0.0,0.0,2298.0,851584698,192272336,0,0,
1790919779.7,0.0,0.0,0.0,2298.0,851584698,192272336,0,0,
1790919781.7,0.0,0.0,0.0,2298.0,851584698,192272336,0,0,
1790919783.8,0.0,0.0,0.0,2298.0,851584698,192272336,0,0,
1790919785.9,0.0,0.0,0.0,2298.0,851584698,192272336,0,0,
1790919787.9,0.0,0.0,0.0,2298.0,851584698,192272336,0,0,
1790919790.0,0.0,0.0,0.0,2298.0,851584698,192272336,0,0,
1790919792.1,0.0,0.0,0.0,2298.0,851584698,192272336,0,0,
1790919794.2,0.0,0.0,0.0,2298.0,851584698,192272336,0,0,
1790919796.2,0.0,0.0,0.0,2298.0,851584698,192272336,0,0,
1790919798.3,0.0,0.0,0.0,2298.0,851584698,192272336,0,0,
1790919800.4,0.0,0.0,0.0,2298.0,851584698,192272336,0,0,
1790919802.4,0.0,0.0,0.0,2298.0,851584698,192272336,0,0,
1790919804.5,0.0,0.0,0.0,2298.0,851584698,192272336,0,0,
1790919806.6,0.0,0.0,0.0,2298.0,851584698,192272336,0,0,
1790919808.7,0.0,0.0,0.0,2298.0,851584698,192272336,0,0,
1790919810.7,0.0,0.0,0.0,2298.0,851584698,192272336,0,0,
1790919812.8,0.0,0.0,0.0,2298.0,851584698,192272336,0,0,
1790919814.9,0.0,0.0,0.0,2298.0,851584698,192272336,0,0,
1790919816.9,0.0,0.0,0.0,2298.0,851584698,192272336,0,0,
1790919819.0,0.0,0.0,0.0,2298.0,851584698,192272336,0,0,
1790919821.1,0.0,0.0,0.0,2298.0,851584698,192272336,0,0,
1790919823.2,0.0,0.0,0.0,2298.0,851584698,192272336,0,0,
1790919825.2,0.0,0.0,0.0,2298.0,851584698,192272336,0,0,
1790919827.3,0.0,0.0,0.0,2298.0,851584698,192272336,0,0,
1790919829.4,0.0,0.0,0.0,2298.0,851584698,192272336,0,0,
1790919831.5,0.0,0.0,0.0,2298.0,851584698,192272336,0,0,
1790919833.5,0.0,0.0,0.0,2298.0,851584698,192272336,0,0,
1790919835.6,0.0,0.0,0.0,2298.0,851584698,192272336,0,0,
1790919837.7,0.0,0.0,0.0,2298.0,851584698,192272336,0,0,
1790919839.7,0.0,0.0,0.0,2298.0,851584698,192272336,0,0,
1790919841.8,0.0,0.0,0.0,2298.0,851584698,192272336,0,0,
1790919843.9,0.0,0.0,0.0,2298.0,851584698,192272336,0,0,
1790919846.0,0.0,0.0,0.0,2298.0,851584698,192272336,0,0,
1790919848.0,0.0,0.0,0.0,2298.0,851584698,192272336,0,0,
1790919850.1,0.0,0.0,0.0,2298.0,851584698,192272336,0,0,
1790919852.2,0.0,0.0,0.0,2298.0,851584698,192272336,0,0,
1790919854.2,0.0,0.0,0.0,2298.0,851584698,192272336,0,0,
1790919856.3,0.0,0.0,0.0,2298.0,851584698,192272336,0,0,
1790919858.4,0.0,0.0,0.0,2298.0,851584698,192272336,0,0,
1790919860.5,0.0,0.0,0.0,2298.0,851584698,192272336,0,0,
1790919862.5,0.0,0.0,0.0,2298.0,851584698,192272336,0,0,
1790919864.6,0.0,0.0,0.0,2298.0,851584698,192272336,0,0,
1790919866.7,0.0,0.0,0.0,2298.0,851584698,192272336,0,0,
1790919868.7,0.0,0.0,0.0,2298.0,851584698,192272336,0,0,
1790919870.9,0.0,0.0,0.0,2298.0,851584698,192272336,0,0,
1790919873.0,0.0,0.0,0.0,2298.0,851584698,192272336,0,0,
1790919875.1,0.0,0.0,0.0,2298.0,851584698,192272336,0,0,
1790919877.2,0.0,0.0,0.0,2298.0,851584698,192272336,0,0,
1790919879.2,0.0,0.0,0.0,2298.0,851584698,192272336,0,0,
1790919881.3,0.0,0.0,0.0,2298.0,851584698,192272336,0,0,
1790919883.4,0.0,0.0,0.0,2298.0,851584698,192272336,0,0,
1790919885.4,0.0,0.0,0.0,2298.0,851584698,192272336,0,0,
1790919887.5,0.0,0.0,0.0,2298.0,851584698,192272336,0,0,
1790919889.6,0.0,0.0,0.0,2298.0,851584698,192272336,0,0,
1790919891.6,0.0,0.0,0.0,2298.0,851584698,192272336,0,0,
1790919893.7,0.0,0.0,0.0,2298.0,851584698,192272336,0,0,
1790919895.8,0.0,0.0,0.0,2298.0,851584698,192272336,0,0,
1790919897.9,0.0,0.0,0.0,2298.0,851584698,192272336,0,0,
1790919899.9,0.0,0.0,0.0,2298.0,851584698,192272336,0,0,
1790919902.0,0.0,0.0,0.0,2298.0,851584698,192272336,0,0,
1790919904.1,0.0,0.0,0.0,2298.0,851584698,192272336,0,0,
1790919906.1,0.0,0.0,0.0,2298.0,851584698,192272336,0,0,
1790919908.2,0.0,0.0,0.0,2298.0,851584698,192272336,0,0,
1790919910.3,0.0,0.0,0.0,2298.0,851584698,192272336,0,0,
1790919910.3,0.0,0.0,0.0,2298.0,851584698,192272336,0,0,
